match_id,home,away,home_score,away_score,market,line,side,period,avg_odds,n_bookies
b30Rhi4n,Draper J.,Mannarino A.,1,1,ou,2.50,over,ft,2.42,1
b30Rhi4n,Draper J.,Mannarino A.,1,1,ou,2.50,under,ft,1.61,1
b30Rhi4n,Draper J.,Mannarino A.,1,1,ou,19.50,over,ft,1.363,3
b30Rhi4n,Draper J.,Mannarino A.,1,1,ou,19.50,under,ft,3.057,3
b30Rhi4n,Draper J.,Mannarino A.,1,1,ou,20.00,over,ft,1.38,2
b30Rhi4n,Draper J.,Mannarino A.,1,1,ou,20.00,under,ft,2.8,2
b30Rhi4n,Draper J.,Mannarino A.,1,1,ou,20.50,over,ft,1.52,3
b30Rhi4n,Draper J.,Mannarino A.,1,1,ou,20.50,under,ft,2.533,3
b30Rhi4n,Draper J.,Mannarino A.,1,1,ou,21.00,over,ft,1.55,2
b30Rhi4n,Draper J.,Mannarino A.,1,1,ou,21.00,under,ft,2.35,2
b30Rhi4n,Draper J.,Mannarino A.,1,1,ou,21.50,over,ft,1.71,4
b30Rhi4n,Draper J.,Mannarino A.,1,1,ou,21.50,under,ft,2.185,4
b30Rhi4n,Draper J.,Mannarino A.,1,1,ou,22.00,over,ft,1.793,3
b30Rhi4n,Draper J.,Mannarino A.,1,1,ou,22.00,under,ft,2.033,3
b30Rhi4n,Draper J.,Mannarino A.,1,1,ou,22.50,over,ft,1.96,4
b30Rhi4n,Draper J.,Mannarino A.,1,1,ou,22.50,under,ft,1.902,4
b30Rhi4n,Draper J.,Mannarino A.,1,1,ou,23.00,over,ft,2.05,3
b30Rhi4n,Draper J.,Mannarino A.,1,1,ou,23.00,under,ft,1.783,3
b30Rhi4n,Draper J.,Mannarino A.,1,1,ou,23.50,over,ft,2.192,4
b30Rhi4n,Draper J.,Mannarino A.,1,1,ou,23.50,under,ft,1.708,4
b30Rhi4n,Draper J.,Mannarino A.,1,1,ou,24.00,over,ft,2.13,2
b30Rhi4n,Draper J.,Mannarino A.,1,1,ou,24.00,under,ft,1.67,2
b30Rhi4n,Draper J.,Mannarino A.,1,1,ou,24.50,over,ft,2.223,3
b30Rhi4n,Draper J.,Mannarino A.,1,1,ou,24.50,under,ft,1.66,3
b30Rhi4n,Draper J.,Mannarino A.,1,1,ou,25.00,over,ft,2.25,2
b30Rhi4n,Draper J.,Mannarino A.,1,1,ou,25.00,under,ft,1.57,2
b30Rhi4n,Draper J.,Mannarino A.,1,1,ou,25.50,over,ft,2.427,3
b30Rhi4n,Draper J.,Mannarino A.,1,1,ou,25.50,under,ft,1.543,3
b30Rhi4n,Draper J.,Mannarino A.,1,1,ou,26.50,over,ft,2.955,2
b30Rhi4n,Draper J.,Mannarino A.,1,1,ou,26.50,under,ft,1.405,2
b30Rhi4n,Draper J.,Mannarino A.,1,1,ou,27.50,over,ft,2.77,1
b30Rhi4n,Draper J.,Mannarino A.,1,1,ou,27.50,under,ft,1.41,1
b30Rhi4n,Draper J.,Mannarino A.,1,1,hc,-1.00,home,ft,1.7,2
b30Rhi4n,Draper J.,Mannarino A.,1,1,hc,-1.00,away,ft,1.98,2
b30Rhi4n,Draper J.,Mannarino A.,1,1,hc,1.50,home,ft,1.177,3
b30Rhi4n,Draper J.,Mannarino A.,1,1,hc,1.50,away,ft,4.577,3
b30Rhi4n,Draper J.,Mannarino A.,1,1,hc,-1.50,home,ft,2.257,3
b30Rhi4n,Draper J.,Mannarino A.,1,1,hc,-1.50,away,ft,1.607,3
b30Rhi4n,Draper J.,Mannarino A.,1,1,hc,0,home,ft,1.555,2
b30Rhi4n,Draper J.,Mannarino A.,1,1,hc,0,away,ft,2.225,2
b30Rhi4n,Draper J.,Mannarino A.,1,1,hc,0.50,home,ft,1.403,3
b30Rhi4n,Draper J.,Mannarino A.,1,1,hc,0.50,away,ft,2.9,3
b30Rhi4n,Draper J.,Mannarino A.,1,1,hc,-0.50,home,ft,1.56,4
b30Rhi4n,Draper J.,Mannarino A.,1,1,hc,-0.50,away,ft,2.485,4
b30Rhi4n,Draper J.,Mannarino A.,1,1,hc,1.00,home,ft,1.34,2
b30Rhi4n,Draper J.,Mannarino A.,1,1,hc,1.00,away,ft,2.92,2
b30Rhi4n,Draper J.,Mannarino A.,1,1,hc,-1.00,home,ft,1.583,3
b30Rhi4n,Draper J.,Mannarino A.,1,1,hc,-1.00,away,ft,2.357,3
b30Rhi4n,Draper J.,Mannarino A.,1,1,hc,1.50,home,ft,1.453,3
b30Rhi4n,Draper J.,Mannarino A.,1,1,hc,1.50,away,ft,2.72,3
b30Rhi4n,Draper J.,Mannarino A.,1,1,hc,-1.50,home,ft,1.635,4
b30Rhi4n,Draper J.,Mannarino A.,1,1,hc,-1.50,away,ft,2.32,4
b30Rhi4n,Draper J.,Mannarino A.,1,1,hc,-2.00,home,ft,1.657,3
b30Rhi4n,Draper J.,Mannarino A.,1,1,hc,-2.00,away,ft,2.243,3
b30Rhi4n,Draper J.,Mannarino A.,1,1,hc,2.50,home,ft,1.32,1
b30Rhi4n,Draper J.,Mannarino A.,1,1,hc,2.50,away,ft,3.96,1
b30Rhi4n,Draper J.,Mannarino A.,1,1,hc,-2.50,home,ft,1.758,4
b30Rhi4n,Draper J.,Mannarino A.,1,1,hc,-2.50,away,ft,2.135,4
b30Rhi4n,Draper J.,Mannarino A.,1,1,hc,-3.00,home,ft,1.9,3
b30Rhi4n,Draper J.,Mannarino A.,1,1,hc,-3.00,away,ft,1.923,3
b30Rhi4n,Draper J.,Mannarino A.,1,1,hc,-3.50,home,ft,2.1,4
b30Rhi4n,Draper J.,Mannarino A.,1,1,hc,-3.50,away,ft,1.765,4
b30Rhi4n,Draper J.,Mannarino A.,1,1,hc,-4.00,home,ft,2.34,3
b30Rhi4n,Draper J.,Mannarino A.,1,1,hc,-4.00,away,ft,1.587,3
b30Rhi4n,Draper J.,Mannarino A.,1,1,hc,-4.50,home,ft,2.567,3
b30Rhi4n,Draper J.,Mannarino A.,1,1,hc,-4.50,away,ft,1.51,3
b30Rhi4n,Draper J.,Mannarino A.,1,1,hc,-5.00,home,ft,3.32,2
b30Rhi4n,Draper J.,Mannarino A.,1,1,hc,-5.00,away,ft,1.28,2
b30Rhi4n,Draper J.,Mannarino A.,1,1,hc,-5.50,home,ft,3.72,2
b30Rhi4n,Draper J.,Mannarino A.,1,1,hc,-5.50,away,ft,1.22,2
OSpN76Zl,Kotov P.,Mannarino A.,0,0,ou,2.50,over,ft,2.21,1
OSpN76Zl,Kotov P.,Mannarino A.,0,0,ou,2.50,under,ft,1.73,1
OSpN76Zl,Kotov P.,Mannarino A.,0,0,ou,19.50,over,ft,1.28,2
OSpN76Zl,Kotov P.,Mannarino A.,0,0,ou,19.50,under,ft,3.26,2
OSpN76Zl,Kotov P.,Mannarino A.,0,0,ou,20.00,over,ft,1.33,2
OSpN76Zl,Kotov P.,Mannarino A.,0,0,ou,20.00,under,ft,3.04,2
OSpN76Zl,Kotov P.,Mannarino A.,0,0,ou,20.50,over,ft,1.423,3
OSpN76Zl,Kotov P.,Mannarino A.,0,0,ou,20.50,under,ft,2.713,3
OSpN76Zl,Kotov P.,Mannarino A.,0,0,ou,21.00,over,ft,1.523,3
OSpN76Zl,Kotov P.,Mannarino A.,0,0,ou,21.00,under,ft,2.483,3
OSpN76Zl,Kotov P.,Mannarino A.,0,0,ou,21.50,over,ft,1.593,4
OSpN76Zl,Kotov P.,Mannarino A.,0,0,ou,21.50,under,ft,2.357,4
OSpN76Zl,Kotov P.,Mannarino A.,0,0,ou,22.00,over,ft,1.707,3
OSpN76Zl,Kotov P.,Mannarino A.,0,0,ou,22.00,under,ft,2.163,3
OSpN76Zl,Kotov P.,Mannarino A.,0,0,ou,22.50,over,ft,1.845,4
OSpN76Zl,Kotov P.,Mannarino A.,0,0,ou,22.50,under,ft,1.995,4
OSpN76Zl,Kotov P.,Mannarino A.,0,0,ou,23.00,over,ft,1.953,3
OSpN76Zl,Kotov P.,Mannarino A.,0,0,ou,23.00,under,ft,1.86,3
OSpN76Zl,Kotov P.,Mannarino A.,0,0,ou,23.50,over,ft,2.06,4
OSpN76Zl,Kotov P.,Mannarino A.,0,0,ou,23.50,under,ft,1.77,4
OSpN76Zl,Kotov P.,Mannarino A.,0,0,ou,24.00,over,ft,2.097,3
OSpN76Zl,Kotov P.,Mannarino A.,0,0,ou,24.00,under,ft,1.727,3
OSpN76Zl,Kotov P.,Mannarino A.,0,0,ou,24.50,over,ft,2.117,4
OSpN76Zl,Kotov P.,Mannarino A.,0,0,ou,24.50,under,ft,1.712,4
OSpN76Zl,Kotov P.,Mannarino A.,0,0,ou,25.00,over,ft,2.21,2
OSpN76Zl,Kotov P.,Mannarino A.,0,0,ou,25.00,under,ft,1.59,2
OSpN76Zl,Kotov P.,Mannarino A.,0,0,ou,25.50,over,ft,2.257,3
OSpN76Zl,Kotov P.,Mannarino A.,0,0,ou,25.50,under,ft,1.583,3
OSpN76Zl,Kotov P.,Mannarino A.,0,0,ou,26.50,over,ft,2.45,1
OSpN76Zl,Kotov P.,Mannarino A.,0,0,ou,26.50,under,ft,1.54,1
OSpN76Zl,Kotov P.,Mannarino A.,0,0,ou,27.50,over,ft,2.67,1
OSpN76Zl,Kotov P.,Mannarino A.,0,0,ou,27.50,under,ft,1.45,1
OSpN76Zl,Kotov P.,Mannarino A.,0,0,hc,1.00,home,ft,1.74,2
OSpN76Zl,Kotov P.,Mannarino A.,0,0,hc,1.00,away,ft,1.93,2
OSpN76Zl,Kotov P.,Mannarino A.,0,0,hc,1.50,home,ft,1.48,3
OSpN76Zl,Kotov P.,Mannarino A.,0,0,hc,1.50,away,ft,2.553,3
OSpN76Zl,Kotov P.,Mannarino A.,0,0,hc,-1.50,home,ft,4.127,3
OSpN76Zl,Kotov P.,Mannarino A.,0,0,hc,-1.50,away,ft,1.21,3
OSpN76Zl,Kotov P.,Mannarino A.,0,0,hc,0.50,home,ft,2.167,4
OSpN76Zl,Kotov P.,Mannarino A.,0,0,hc,0.50,away,ft,1.675,4
OSpN76Zl,Kotov P.,Mannarino A.,0,0,hc,-0.50,home,ft,2.34,3
OSpN76Zl,Kotov P.,Mannarino A.,0,0,hc,-0.50,away,ft,1.547,3
OSpN76Zl,Kotov P.,Mannarino A.,0,0,hc,1.00,home,ft,2.11,3
OSpN76Zl,Kotov P.,Mannarino A.,0,0,hc,1.00,away,ft,1.717,3
OSpN76Zl,Kotov P.,Mannarino A.,0,0,hc,-1.00,home,ft,2.45,2
OSpN76Zl,Kotov P.,Mannarino A.,0,0,hc,-1.00,away,ft,1.47,2
OSpN76Zl,Kotov P.,Mannarino A.,0,0,hc,1.50,home,ft,2.005,4
OSpN76Zl,Kotov P.,Mannarino A.,0,0,hc,1.50,away,ft,1.81,4
OSpN76Zl,Kotov P.,Mannarino A.,0,0,hc,-1.50,home,ft,2.59,1
OSpN76Zl,Kotov P.,Mannarino A.,0,0,hc,-1.50,away,ft,1.47,1
OSpN76Zl,Kotov P.,Mannarino A.,0,0,hc,2.00,home,ft,1.913,3
OSpN76Zl,Kotov P.,Mannarino A.,0,0,hc,2.00,away,ft,1.9,3
OSpN76Zl,Kotov P.,Mannarino A.,0,0,hc,2.50,home,ft,1.8,4
OSpN76Zl,Kotov P.,Mannarino A.,0,0,hc,2.50,away,ft,2.042,4
OSpN76Zl,Kotov P.,Mannarino A.,0,0,hc,-2.50,home,ft,2.83,1
OSpN76Zl,Kotov P.,Mannarino A.,0,0,hc,-2.50,away,ft,1.39,1
OSpN76Zl,Kotov P.,Mannarino A.,0,0,hc,3.00,home,ft,1.663,3
OSpN76Zl,Kotov P.,Mannarino A.,0,0,hc,3.00,away,ft,2.23,3
OSpN76Zl,Kotov P.,Mannarino A.,0,0,hc,3.50,home,ft,1.542,4
OSpN76Zl,Kotov P.,Mannarino A.,0,0,hc,3.50,away,ft,2.458,4
OSpN76Zl,Kotov P.,Mannarino A.,0,0,hc,4.00,home,ft,1.41,3
OSpN76Zl,Kotov P.,Mannarino A.,0,0,hc,4.00,away,ft,2.88,3
OSpN76Zl,Kotov P.,Mannarino A.,0,0,hc,4.50,home,ft,1.33,4
OSpN76Zl,Kotov P.,Mannarino A.,0,0,hc,4.50,away,ft,3.223,4
OSpN76Zl,Kotov P.,Mannarino A.,0,0,hc,5.00,home,ft,1.18,2
OSpN76Zl,Kotov P.,Mannarino A.,0,0,hc,5.00,away,ft,4.3,2
OSpN76Zl,Kotov P.,Mannarino A.,0,0,hc,5.50,home,ft,1.15,2
OSpN76Zl,Kotov P.,Mannarino A.,0,0,hc,5.50,away,ft,4.65,2
lbKx9JZg,Draper J.,Struff J-L.,2,2,ou,2.50,over,ft,2.65,1
lbKx9JZg,Draper J.,Struff J-L.,2,2,ou,2.50,under,ft,1.53,1
lbKx9JZg,Draper J.,Struff J-L.,2,2,ou,19.50,over,ft,1.313,3
lbKx9JZg,Draper J.,Struff J-L.,2,2,ou,19.50,under,ft,3.113,3
lbKx9JZg,Draper J.,Struff J-L.,2,2,ou,20.00,over,ft,1.35,2
lbKx9JZg,Draper J.,Struff J-L.,2,2,ou,20.00,under,ft,2.93,2
lbKx9JZg,Draper J.,Struff J-L.,2,2,ou,20.50,over,ft,1.515,4
lbKx9JZg,Draper J.,Struff J-L.,2,2,ou,20.50,under,ft,2.502,4
lbKx9JZg,Draper J.,Struff J-L.,2,2,ou,21.00,over,ft,1.573,3
lbKx9JZg,Draper J.,Struff J-L.,2,2,ou,21.00,under,ft,2.377,3
lbKx9JZg,Draper J.,Struff J-L.,2,2,ou,21.50,over,ft,1.69,4
lbKx9JZg,Draper J.,Struff J-L.,2,2,ou,21.50,under,ft,2.175,4
lbKx9JZg,Draper J.,Struff J-L.,2,2,ou,22.00,over,ft,1.823,3
lbKx9JZg,Draper J.,Struff J-L.,2,2,ou,22.00,under,ft,1.993,3
lbKx9JZg,Draper J.,Struff J-L.,2,2,ou,22.50,over,ft,1.968,4
lbKx9JZg,Draper J.,Struff J-L.,2,2,ou,22.50,under,ft,1.88,4
lbKx9JZg,Draper J.,Struff J-L.,2,2,ou,23.00,over,ft,2.16,3
lbKx9JZg,Draper J.,Struff J-L.,2,2,ou,23.00,under,ft,1.707,3
lbKx9JZg,Draper J.,Struff J-L.,2,2,ou,23.50,over,ft,2.277,4
lbKx9JZg,Draper J.,Struff J-L.,2,2,ou,23.50,under,ft,1.635,4
lbKx9JZg,Draper J.,Struff J-L.,2,2,ou,24.00,over,ft,2.323,3
lbKx9JZg,Draper J.,Struff J-L.,2,2,ou,24.00,under,ft,1.593,3
lbKx9JZg,Draper J.,Struff J-L.,2,2,ou,24.50,over,ft,2.31,3
lbKx9JZg,Draper J.,Struff J-L.,2,2,ou,24.50,under,ft,1.577,3
lbKx9JZg,Draper J.,Struff J-L.,2,2,ou,25.00,over,ft,2.41,2
lbKx9JZg,Draper J.,Struff J-L.,2,2,ou,25.00,under,ft,1.5,2
lbKx9JZg,Draper J.,Struff J-L.,2,2,ou,25.50,over,ft,2.473,3
lbKx9JZg,Draper J.,Struff J-L.,2,2,ou,25.50,under,ft,1.487,3
lbKx9JZg,Draper J.,Struff J-L.,2,2,ou,26.50,over,ft,2.74,1
lbKx9JZg,Draper J.,Struff J-L.,2,2,ou,26.50,under,ft,1.43,1
lbKx9JZg,Draper J.,Struff J-L.,2,2,ou,27.50,over,ft,3.02,1
lbKx9JZg,Draper J.,Struff J-L.,2,2,ou,27.50,under,ft,1.35,1
lbKx9JZg,Draper J.,Struff J-L.,2,2,hc,-1.00,home,ft,1.44,2
lbKx9JZg,Draper J.,Struff J-L.,2,2,hc,-1.00,away,ft,2.5,2
lbKx9JZg,Draper J.,Struff J-L.,2,2,hc,1.50,home,ft,1.13,3
lbKx9JZg,Draper J.,Struff J-L.,2,2,hc,1.50,away,ft,5.333,3
lbKx9JZg,Draper J.,Struff J-L.,2,2,hc,-1.50,home,ft,1.893,3
lbKx9JZg,Draper J.,Struff J-L.,2,2,hc,-1.50,away,ft,1.843,3
lbKx9JZg,Draper J.,Struff J-L.,2,2,hc,0,home,ft,1.33,2
lbKx9JZg,Draper J.,Struff J-L.,2,2,hc,0,away,ft,2.95,2
lbKx9JZg,Draper J.,Struff J-L.,2,2,hc,0.50,home,ft,1.31,1
lbKx9JZg,Draper J.,Struff J-L.,2,2,hc,0.50,away,ft,3.18,1
lbKx9JZg,Draper J.,Struff J-L.,2,2,hc,-0.50,home,ft,1.36,3
lbKx9JZg,Draper J.,Struff J-L.,2,2,hc,-0.50,away,ft,2.893,3
lbKx9JZg,Draper J.,Struff J-L.,2,2,hc,-1.00,home,ft,1.36,2
lbKx9JZg,Draper J.,Struff J-L.,2,2,hc,-1.00,away,ft,2.88,2
lbKx9JZg,Draper J.,Struff J-L.,2,2,hc,1.50,home,ft,1.26,1
lbKx9JZg,Draper J.,Struff J-L.,2,2,hc,1.50,away,ft,3.51,1
lbKx9JZg,Draper J.,Struff J-L.,2,2,hc,-1.50,home,ft,1.475,4
lbKx9JZg,Draper J.,Struff J-L.,2,2,hc,-1.50,away,ft,2.61,4
lbKx9JZg,Draper J.,Struff J-L.,2,2,hc,-2.00,home,ft,1.497,3
lbKx9JZg,Draper J.,Struff J-L.,2,2,hc,-2.00,away,ft,2.57,3
lbKx9JZg,Draper J.,Struff J-L.,2,2,hc,2.50,home,ft,1.23,1
lbKx9JZg,Draper J.,Struff J-L.,2,2,hc,2.50,away,ft,3.87,1
lbKx9JZg,Draper J.,Struff J-L.,2,2,hc,-2.50,home,ft,1.623,4
lbKx9JZg,Draper J.,Struff J-L.,2,2,hc,-2.50,away,ft,2.292,4
lbKx9JZg,Draper J.,Struff J-L.,2,2,hc,-3.00,home,ft,1.747,3
lbKx9JZg,Draper J.,Struff J-L.,2,2,hc,-3.00,away,ft,2.11,3
lbKx9JZg,Draper J.,Struff J-L.,2,2,hc,-3.50,home,ft,1.987,4
lbKx9JZg,Draper J.,Struff J-L.,2,2,hc,-3.50,away,ft,1.857,4
lbKx9JZg,Draper J.,Struff J-L.,2,2,hc,-4.00,home,ft,2.25,3
lbKx9JZg,Draper J.,Struff J-L.,2,2,hc,-4.00,away,ft,1.65,3
lbKx9JZg,Draper J.,Struff J-L.,2,2,hc,-4.50,home,ft,2.583,4
lbKx9JZg,Draper J.,Struff J-L.,2,2,hc,-4.50,away,ft,1.498,4
lbKx9JZg,Draper J.,Struff J-L.,2,2,hc,-5.00,home,ft,3.367,3
lbKx9JZg,Draper J.,Struff J-L.,2,2,hc,-5.00,away,ft,1.317,3
lbKx9JZg,Draper J.,Struff J-L.,2,2,hc,-5.50,home,ft,3.683,3
lbKx9JZg,Draper J.,Struff J-L.,2,2,hc,-5.50,away,ft,1.24,3
lbKx9JZg,Draper J.,Struff J-L.,2,2,hc,-6.00,home,ft,5.65,2
lbKx9JZg,Draper J.,Struff J-L.,2,2,hc,-6.00,away,ft,1.11,2
lbKx9JZg,Draper J.,Struff J-L.,2,2,hc,-6.50,home,ft,6.29,3
lbKx9JZg,Draper J.,Struff J-L.,2,2,hc,-6.50,away,ft,1.09,3
r3h5FxF0,Fucsovics M.,Kotov P.,0,0,ou,2.50,over,ft,2.37,1
r3h5FxF0,Fucsovics M.,Kotov P.,0,0,ou,2.50,under,ft,1.64,1
r3h5FxF0,Fucsovics M.,Kotov P.,0,0,ou,20.00,over,ft,1.36,2
r3h5FxF0,Fucsovics M.,Kotov P.,0,0,ou,20.00,under,ft,2.88,2
r3h5FxF0,Fucsovics M.,Kotov P.,0,0,ou,20.50,over,ft,1.46,3
r3h5FxF0,Fucsovics M.,Kotov P.,0,0,ou,20.50,under,ft,2.593,3
r3h5FxF0,Fucsovics M.,Kotov P.,0,0,ou,21.00,over,ft,1.53,2
r3h5FxF0,Fucsovics M.,Kotov P.,0,0,ou,21.00,under,ft,2.4,2
r3h5FxF0,Fucsovics M.,Kotov P.,0,0,ou,21.50,over,ft,1.637,4
r3h5FxF0,Fucsovics M.,Kotov P.,0,0,ou,21.50,under,ft,2.265,4
r3h5FxF0,Fucsovics M.,Kotov P.,0,0,ou,22.00,over,ft,1.773,3
r3h5FxF0,Fucsovics M.,Kotov P.,0,0,ou,22.00,under,ft,2.067,3
r3h5FxF0,Fucsovics M.,Kotov P.,0,0,ou,22.50,over,ft,1.907,4
r3h5FxF0,Fucsovics M.,Kotov P.,0,0,ou,22.50,under,ft,1.93,4
r3h5FxF0,Fucsovics M.,Kotov P.,0,0,ou,23.00,over,ft,2.04,3
r3h5FxF0,Fucsovics M.,Kotov P.,0,0,ou,23.00,under,ft,1.793,3
r3h5FxF0,Fucsovics M.,Kotov P.,0,0,ou,23.50,over,ft,2.15,4
r3h5FxF0,Fucsovics M.,Kotov P.,0,0,ou,23.50,under,ft,1.71,4
r3h5FxF0,Fucsovics M.,Kotov P.,0,0,ou,24.00,over,ft,2.17,2
r3h5FxF0,Fucsovics M.,Kotov P.,0,0,ou,24.00,under,ft,1.64,2
r3h5FxF0,Fucsovics M.,Kotov P.,0,0,ou,24.50,over,ft,2.173,3
r3h5FxF0,Fucsovics M.,Kotov P.,0,0,ou,24.50,under,ft,1.65,3
r3h5FxF0,Fucsovics M.,Kotov P.,0,0,ou,25.00,over,ft,2.29,2
r3h5FxF0,Fucsovics M.,Kotov P.,0,0,ou,25.00,under,ft,1.55,2
r3h5FxF0,Fucsovics M.,Kotov P.,0,0,ou,25.50,over,ft,2.32,1
r3h5FxF0,Fucsovics M.,Kotov P.,0,0,ou,25.50,under,ft,1.61,1
r3h5FxF0,Fucsovics M.,Kotov P.,0,0,ou,26.50,over,ft,2.57,1
r3h5FxF0,Fucsovics M.,Kotov P.,0,0,ou,26.50,under,ft,1.49,1
r3h5FxF0,Fucsovics M.,Kotov P.,0,0,ou,27.50,over,ft,2.76,1
r3h5FxF0,Fucsovics M.,Kotov P.,0,0,ou,27.50,under,ft,1.42,1
r3h5FxF0,Fucsovics M.,Kotov P.,0,0,hc,0,home,ft,1.52,1
r3h5FxF0,Fucsovics M.,Kotov P.,0,0,hc,0,away,ft,2.47,1
r3h5FxF0,Fucsovics M.,Kotov P.,0,0,hc,-1.00,home,ft,1.66,2
r3h5FxF0,Fucsovics M.,Kotov P.,0,0,hc,-1.00,away,ft,2.03,2
r3h5FxF0,Fucsovics M.,Kotov P.,0,0,hc,1.50,home,ft,1.202,4
r3h5FxF0,Fucsovics M.,Kotov P.,0,0,hc,1.50,away,ft,4.27,4
r3h5FxF0,Fucsovics M.,Kotov P.,0,0,hc,-1.50,home,ft,2.298,4
r3h5FxF0,Fucsovics M.,Kotov P.,0,0,hc,-1.50,away,ft,1.593,4
r3h5FxF0,Fucsovics M.,Kotov P.,0,0,hc,0,home,ft,1.49,2
r3h5FxF0,Fucsovics M.,Kotov P.,0,0,hc,0,away,ft,2.38,2
r3h5FxF0,Fucsovics M.,Kotov P.,0,0,hc,0.50,home,ft,1.423,3
r3h5FxF0,Fucsovics M.,Kotov P.,0,0,hc,0.50,away,ft,2.673,3
r3h5FxF0,Fucsovics M.,Kotov P.,0,0,hc,-0.50,home,ft,1.507,3
r3h5FxF0,Fucsovics M.,Kotov P.,0,0,hc,-0.50,away,ft,2.447,3
r3h5FxF0,Fucsovics M.,Kotov P.,0,0,hc,-1.00,home,ft,1.495,2
r3h5FxF0,Fucsovics M.,Kotov P.,0,0,hc,-1.00,away,ft,2.425,2
r3h5FxF0,Fucsovics M.,Kotov P.,0,0,hc,1.50,home,ft,1.41,1
r3h5FxF0,Fucsovics M.,Kotov P.,0,0,hc,1.50,away,ft,2.81,1
r3h5FxF0,Fucsovics M.,Kotov P.,0,0,hc,-1.50,home,ft,1.64,4
r3h5FxF0,Fucsovics M.,Kotov P.,0,0,hc,-1.50,away,ft,2.235,4
r3h5FxF0,Fucsovics M.,Kotov P.,0,0,hc,-2.00,home,ft,1.683,3
r3h5FxF0,Fucsovics M.,Kotov P.,0,0,hc,-2.00,away,ft,2.153,3
r3h5FxF0,Fucsovics M.,Kotov P.,0,0,hc,2.50,home,ft,1.28,1
r3h5FxF0,Fucsovics M.,Kotov P.,0,0,hc,2.50,away,ft,3.35,1
r3h5FxF0,Fucsovics M.,Kotov P.,0,0,hc,-2.50,home,ft,1.827,4
r3h5FxF0,Fucsovics M.,Kotov P.,0,0,hc,-2.50,away,ft,1.997,4
r3h5FxF0,Fucsovics M.,Kotov P.,0,0,hc,-3.00,home,ft,1.95,3
r3h5FxF0,Fucsovics M.,Kotov P.,0,0,hc,-3.00,away,ft,1.857,3
r3h5FxF0,Fucsovics M.,Kotov P.,0,0,hc,-3.50,home,ft,2.167,4
r3h5FxF0,Fucsovics M.,Kotov P.,0,0,hc,-3.50,away,ft,1.672,4
r3h5FxF0,Fucsovics M.,Kotov P.,0,0,hc,-4.00,home,ft,2.48,3
r3h5FxF0,Fucsovics M.,Kotov P.,0,0,hc,-4.00,away,ft,1.513,3
r3h5FxF0,Fucsovics M.,Kotov P.,0,0,hc,-4.50,home,ft,2.72,3
r3h5FxF0,Fucsovics M.,Kotov P.,0,0,hc,-4.50,away,ft,1.403,3
r3h5FxF0,Fucsovics M.,Kotov P.,0,0,hc,-5.00,home,ft,3.525,2
r3h5FxF0,Fucsovics M.,Kotov P.,0,0,hc,-5.00,away,ft,1.245,2
r3h5FxF0,Fucsovics M.,Kotov P.,0,0,hc,-5.50,home,ft,3.88,2
r3h5FxF0,Fucsovics M.,Kotov P.,0,0,hc,-5.50,away,ft,1.22,2
r3h5FxF0,Fucsovics M.,Kotov P.,0,0,hc,-6.00,home,ft,5.8,2
r3h5FxF0,Fucsovics M.,Kotov P.,0,0,hc,-6.00,away,ft,1.1,2
bsmMwFZT,Ofner S.,Mannarino A.,1,1,ou,2.50,over,ft,2.57,1
bsmMwFZT,Ofner S.,Mannarino A.,1,1,ou,2.50,under,ft,1.56,1
bsmMwFZT,Ofner S.,Mannarino A.,1,1,ou,15.50,over,ft,1.02,1
bsmMwFZT,Ofner S.,Mannarino A.,1,1,ou,15.50,under,ft,35.16,1
bsmMwFZT,Ofner S.,Mannarino A.,1,1,ou,16.50,over,ft,1.06,1
bsmMwFZT,Ofner S.,Mannarino A.,1,1,ou,16.50,under,ft,14.62,1
bsmMwFZT,Ofner S.,Mannarino A.,1,1,ou,17.50,over,ft,1.14,1
bsmMwFZT,Ofner S.,Mannarino A.,1,1,ou,17.50,under,ft,7.74,1
bsmMwFZT,Ofner S.,Mannarino A.,1,1,ou,18.50,over,ft,1.25,1
bsmMwFZT,Ofner S.,Mannarino A.,1,1,ou,18.50,under,ft,4.71,1
bsmMwFZT,Ofner S.,Mannarino A.,1,1,ou,19.50,over,ft,1.39,1
bsmMwFZT,Ofner S.,Mannarino A.,1,1,ou,19.50,under,ft,3.42,1
bsmMwFZT,Ofner S.,Mannarino A.,1,1,ou,20.00,over,ft,1.305,2
bsmMwFZT,Ofner S.,Mannarino A.,1,1,ou,20.00,under,ft,3.49,2
bsmMwFZT,Ofner S.,Mannarino A.,1,1,ou,20.50,over,ft,1.493,3
bsmMwFZT,Ofner S.,Mannarino A.,1,1,ou,20.50,under,ft,2.75,3
bsmMwFZT,Ofner S.,Mannarino A.,1,1,ou,21.00,over,ft,1.573,3
bsmMwFZT,Ofner S.,Mannarino A.,1,1,ou,21.00,under,ft,2.487,3
bsmMwFZT,Ofner S.,Mannarino A.,1,1,ou,21.50,over,ft,1.68,4
bsmMwFZT,Ofner S.,Mannarino A.,1,1,ou,21.50,under,ft,2.29,4
bsmMwFZT,Ofner S.,Mannarino A.,1,1,ou,22.00,over,ft,1.783,3
bsmMwFZT,Ofner S.,Mannarino A.,1,1,ou,22.00,under,ft,2.097,3
bsmMwFZT,Ofner S.,Mannarino A.,1,1,ou,22.50,over,ft,1.985,4
bsmMwFZT,Ofner S.,Mannarino A.,1,1,ou,22.50,under,ft,1.887,4
bsmMwFZT,Ofner S.,Mannarino A.,1,1,ou,23.00,over,ft,2.067,3
bsmMwFZT,Ofner S.,Mannarino A.,1,1,ou,23.00,under,ft,1.797,3
bsmMwFZT,Ofner S.,Mannarino A.,1,1,ou,23.50,over,ft,2.19,3
bsmMwFZT,Ofner S.,Mannarino A.,1,1,ou,23.50,under,ft,1.73,3
bsmMwFZT,Ofner S.,Mannarino A.,1,1,ou,24.00,over,ft,2.145,2
bsmMwFZT,Ofner S.,Mannarino A.,1,1,ou,24.00,under,ft,1.715,2
bsmMwFZT,Ofner S.,Mannarino A.,1,1,ou,24.50,over,ft,2.24,3
bsmMwFZT,Ofner S.,Mannarino A.,1,1,ou,24.50,under,ft,1.697,3
bsmMwFZT,Ofner S.,Mannarino A.,1,1,ou,25.00,over,ft,2.265,2
bsmMwFZT,Ofner S.,Mannarino A.,1,1,ou,25.00,under,ft,1.645,2
bsmMwFZT,Ofner S.,Mannarino A.,1,1,ou,25.50,over,ft,2.577,3
bsmMwFZT,Ofner S.,Mannarino A.,1,1,ou,25.50,under,ft,1.48,3
bsmMwFZT,Ofner S.,Mannarino A.,1,1,ou,26.50,over,ft,2.99,1
bsmMwFZT,Ofner S.,Mannarino A.,1,1,ou,26.50,under,ft,1.48,1
bsmMwFZT,Ofner S.,Mannarino A.,1,1,ou,27.50,over,ft,3.32,1
bsmMwFZT,Ofner S.,Mannarino A.,1,1,ou,27.50,under,ft,1.41,1
bsmMwFZT,Ofner S.,Mannarino A.,1,1,ou,28.50,over,ft,3.79,1
bsmMwFZT,Ofner S.,Mannarino A.,1,1,ou,28.50,under,ft,1.34,1
bsmMwFZT,Ofner S.,Mannarino A.,1,1,ou,29.50,over,ft,4.49,1
bsmMwFZT,Ofner S.,Mannarino A.,1,1,ou,29.50,under,ft,1.27,1
bsmMwFZT,Ofner S.,Mannarino A.,1,1,ou,30.50,over,ft,5.45,1
bsmMwFZT,Ofner S.,Mannarino A.,1,1,ou,30.50,under,ft,1.21,1
bsmMwFZT,Ofner S.,Mannarino A.,1,1,ou,31.50,over,ft,7.12,1
bsmMwFZT,Ofner S.,Mannarino A.,1,1,ou,31.50,under,ft,1.15,1
bsmMwFZT,Ofner S.,Mannarino A.,1,1,ou,32.50,over,ft,9.91,1
bsmMwFZT,Ofner S.,Mannarino A.,1,1,ou,32.50,under,ft,1.1,1
bsmMwFZT,Ofner S.,Mannarino A.,1,1,ou,33.50,over,ft,13.26,1
bsmMwFZT,Ofner S.,Mannarino A.,1,1,ou,33.50,under,ft,1.07,1
bsmMwFZT,Ofner S.,Mannarino A.,1,1,ou,34.50,over,ft,17.36,1
bsmMwFZT,Ofner S.,Mannarino A.,1,1,ou,34.50,under,ft,1.05,1
bsmMwFZT,Ofner S.,Mannarino A.,1,1,ou,35.50,over,ft,33.77,1
bsmMwFZT,Ofner S.,Mannarino A.,1,1,ou,35.50,under,ft,1.02,1
bsmMwFZT,Ofner S.,Mannarino A.,1,1,ou,36.50,over,ft,50.25,1
bsmMwFZT,Ofner S.,Mannarino A.,1,1,hc,1.00,home,ft,2.24,2
bsmMwFZT,Ofner S.,Mannarino A.,1,1,hc,1.00,away,ft,1.55,2
bsmMwFZT,Ofner S.,Mannarino A.,1,1,hc,1.50,home,ft,1.728,4
bsmMwFZT,Ofner S.,Mannarino A.,1,1,hc,1.50,away,ft,2.098,4
bsmMwFZT,Ofner S.,Mannarino A.,1,1,hc,-1.50,home,ft,4.97,4
bsmMwFZT,Ofner S.,Mannarino A.,1,1,hc,-1.50,away,ft,1.17,4
bsmMwFZT,Ofner S.,Mannarino A.,1,1,hc,0.50,home,ft,2.667,3
bsmMwFZT,Ofner S.,Mannarino A.,1,1,hc,0.50,away,ft,1.477,3
bsmMwFZT,Ofner S.,Mannarino A.,1,1,hc,-0.50,home,ft,2.957,3
bsmMwFZT,Ofner S.,Mannarino A.,1,1,hc,-0.50,away,ft,1.393,3
bsmMwFZT,Ofner S.,Mannarino A.,1,1,hc,1.00,home,ft,2.68,2
bsmMwFZT,Ofner S.,Mannarino A.,1,1,hc,1.00,away,ft,1.485,2
bsmMwFZT,Ofner S.,Mannarino A.,1,1,hc,1.50,home,ft,2.577,3
bsmMwFZT,Ofner S.,Mannarino A.,1,1,hc,1.50,away,ft,1.543,3
bsmMwFZT,Ofner S.,Mannarino A.,1,1,hc,-1.50,home,ft,3.22,1
bsmMwFZT,Ofner S.,Mannarino A.,1,1,hc,-1.50,away,ft,1.3,1
bsmMwFZT,Ofner S.,Mannarino A.,1,1,hc,2.00,home,ft,2.32,3
bsmMwFZT,Ofner S.,Mannarino A.,1,1,hc,2.00,away,ft,1.627,3
bsmMwFZT,Ofner S.,Mannarino A.,1,1,hc,2.50,home,ft,2.175,4
bsmMwFZT,Ofner S.,Mannarino A.,1,1,hc,2.50,away,ft,1.742,4
bsmMwFZT,Ofner S.,Mannarino A.,1,1,hc,-2.50,home,ft,4.46,1
bsmMwFZT,Ofner S.,Mannarino A.,1,1,hc,-2.50,away,ft,1.27,1
bsmMwFZT,Ofner S.,Mannarino A.,1,1,hc,3.00,home,ft,1.963,3
bsmMwFZT,Ofner S.,Mannarino A.,1,1,hc,3.00,away,ft,1.873,3
bsmMwFZT,Ofner S.,Mannarino A.,1,1,hc,3.50,home,ft,1.825,4
bsmMwFZT,Ofner S.,Mannarino A.,1,1,hc,3.50,away,ft,2.078,4
bsmMwFZT,Ofner S.,Mannarino A.,1,1,hc,-3.50,home,ft,5.9,1
bsmMwFZT,Ofner S.,Mannarino A.,1,1,hc,-3.50,away,ft,1.19,1
bsmMwFZT,Ofner S.,Mannarino A.,1,1,hc,4.00,home,ft,1.577,3
bsmMwFZT,Ofner S.,Mannarino A.,1,1,hc,4.00,away,ft,2.453,3
bsmMwFZT,Ofner S.,Mannarino A.,1,1,hc,4.50,home,ft,1.485,4
bsmMwFZT,Ofner S.,Mannarino A.,1,1,hc,4.50,away,ft,2.78,4
bsmMwFZT,Ofner S.,Mannarino A.,1,1,hc,-4.50,home,ft,9.4,1
bsmMwFZT,Ofner S.,Mannarino A.,1,1,hc,-4.50,away,ft,1.11,1
bsmMwFZT,Ofner S.,Mannarino A.,1,1,hc,5.00,home,ft,1.255,2
bsmMwFZT,Ofner S.,Mannarino A.,1,1,hc,5.00,away,ft,3.94,2
bsmMwFZT,Ofner S.,Mannarino A.,1,1,hc,5.50,home,ft,1.23,3
bsmMwFZT,Ofner S.,Mannarino A.,1,1,hc,5.50,away,ft,4.143,3
bsmMwFZT,Ofner S.,Mannarino A.,1,1,hc,-5.50,home,ft,16.45,1
bsmMwFZT,Ofner S.,Mannarino A.,1,1,hc,-5.50,away,ft,1.05,1
bsmMwFZT,Ofner S.,Mannarino A.,1,1,hc,6.00,home,ft,1.095,2
bsmMwFZT,Ofner S.,Mannarino A.,1,1,hc,6.00,away,ft,7.47,2
bsmMwFZT,Ofner S.,Mannarino A.,1,1,hc,6.50,home,ft,1.15,1
bsmMwFZT,Ofner S.,Mannarino A.,1,1,hc,6.50,away,ft,7.12,1
bsmMwFZT,Ofner S.,Mannarino A.,1,1,hc,-6.50,home,ft,35.85,1
bsmMwFZT,Ofner S.,Mannarino A.,1,1,hc,-6.50,away,ft,1.02,1
bsmMwFZT,Ofner S.,Mannarino A.,1,1,hc,7.50,home,ft,1.07,1
bsmMwFZT,Ofner S.,Mannarino A.,1,1,hc,7.50,away,ft,13.26,1
bsmMwFZT,Ofner S.,Mannarino A.,1,1,hc,-7.50,home,ft,82.28,1
bsmMwFZT,Ofner S.,Mannarino A.,1,1,hc,8.50,home,ft,1.03,1
bsmMwFZT,Ofner S.,Mannarino A.,1,1,hc,8.50,away,ft,25.56,1
bsmMwFZT,Ofner S.,Mannarino A.,1,1,hc,9.50,away,ft,50.25,1
fBuTTYYH,Draper J.,Ilkel C.,2,2,ou,2.50,over,ft,4.3,1
fBuTTYYH,Draper J.,Ilkel C.,2,2,ou,2.50,under,ft,1.25,1
fBuTTYYH,Draper J.,Ilkel C.,2,2,ou,17.00,over,ft,1.22,2
fBuTTYYH,Draper J.,Ilkel C.,2,2,ou,17.00,under,ft,3.82,2
fBuTTYYH,Draper J.,Ilkel C.,2,2,ou,17.50,over,ft,1.37,3
fBuTTYYH,Draper J.,Ilkel C.,2,2,ou,17.50,under,ft,2.903,3
fBuTTYYH,Draper J.,Ilkel C.,2,2,ou,18.00,over,ft,1.45,2
fBuTTYYH,Draper J.,Ilkel C.,2,2,ou,18.00,under,ft,2.63,2
fBuTTYYH,Draper J.,Ilkel C.,2,2,ou,18.50,over,ft,1.627,4
fBuTTYYH,Draper J.,Ilkel C.,2,2,ou,18.50,under,ft,2.282,4
fBuTTYYH,Draper J.,Ilkel C.,2,2,ou,19.00,over,ft,1.76,3
fBuTTYYH,Draper J.,Ilkel C.,2,2,ou,19.00,under,ft,2.087,3
fBuTTYYH,Draper J.,Ilkel C.,2,2,ou,19.50,over,ft,1.857,4
fBuTTYYH,Draper J.,Ilkel C.,2,2,ou,19.50,under,ft,1.945,4
fBuTTYYH,Draper J.,Ilkel C.,2,2,ou,20.00,over,ft,2.103,3
fBuTTYYH,Draper J.,Ilkel C.,2,2,ou,20.00,under,ft,1.747,3
fBuTTYYH,Draper J.,Ilkel C.,2,2,ou,20.50,over,ft,2.268,4
fBuTTYYH,Draper J.,Ilkel C.,2,2,ou,20.50,under,ft,1.64,4
fBuTTYYH,Draper J.,Ilkel C.,2,2,ou,21.00,over,ft,2.37,3
fBuTTYYH,Draper J.,Ilkel C.,2,2,ou,21.00,under,ft,1.573,3
fBuTTYYH,Draper J.,Ilkel C.,2,2,ou,21.50,over,ft,2.465,4
fBuTTYYH,Draper J.,Ilkel C.,2,2,ou,21.50,under,ft,1.532,4
fBuTTYYH,Draper J.,Ilkel C.,2,2,ou,22.00,over,ft,2.57,3
fBuTTYYH,Draper J.,Ilkel C.,2,2,ou,22.00,under,ft,1.493,3
fBuTTYYH,Draper J.,Ilkel C.,2,2,ou,22.50,over,ft,2.803,3
fBuTTYYH,Draper J.,Ilkel C.,2,2,ou,22.50,under,ft,1.4,3
fBuTTYYH,Draper J.,Ilkel C.,2,2,ou,23.00,over,ft,2.845,2
fBuTTYYH,Draper J.,Ilkel C.,2,2,ou,23.00,under,ft,1.37,2
fBuTTYYH,Draper J.,Ilkel C.,2,2,ou,23.50,over,ft,3.58,1
fBuTTYYH,Draper J.,Ilkel C.,2,2,ou,23.50,under,ft,1.26,1
fBuTTYYH,Draper J.,Ilkel C.,2,2,ou,24.50,over,ft,3.76,1
fBuTTYYH,Draper J.,Ilkel C.,2,2,ou,24.50,under,ft,1.24,1
fBuTTYYH,Draper J.,Ilkel C.,2,2,ou,25.50,over,ft,3.44,1
fBuTTYYH,Draper J.,Ilkel C.,2,2,ou,25.50,under,ft,1.28,1
fBuTTYYH,Draper J.,Ilkel C.,2,2,hc,0,home,ft,1.1,1
fBuTTYYH,Draper J.,Ilkel C.,2,2,hc,0,away,ft,4.84,1
fBuTTYYH,Draper J.,Ilkel C.,2,2,hc,-1.00,home,ft,1.06,2
fBuTTYYH,Draper J.,Ilkel C.,2,2,hc,-1.00,away,ft,6.57,2
fBuTTYYH,Draper J.,Ilkel C.,2,2,hc,1.50,home,ft,1.035,2
fBuTTYYH,Draper J.,Ilkel C.,2,2,hc,1.50,away,ft,11.372,4
fBuTTYYH,Draper J.,Ilkel C.,2,2,hc,-1.50,home,ft,1.39,4
fBuTTYYH,Draper J.,Ilkel C.,2,2,hc,-1.50,away,ft,2.98,4
fBuTTYYH,Draper J.,Ilkel C.,2,2,hc,-0.50,home,ft,1.08,1
fBuTTYYH,Draper J.,Ilkel C.,2,2,hc,-0.50,away,ft,7.8,1
fBuTTYYH,Draper J.,Ilkel C.,2,2,hc,-1.50,home,ft,1.09,1
fBuTTYYH,Draper J.,Ilkel C.,2,2,hc,-1.50,away,ft,7.32,1
fBuTTYYH,Draper J.,Ilkel C.,2,2,hc,-2.00,home,ft,1.16,2
fBuTTYYH,Draper J.,Ilkel C.,2,2,hc,-2.00,away,ft,4.6,2
fBuTTYYH,Draper J.,Ilkel C.,2,2,hc,-2.50,home,ft,1.19,3
fBuTTYYH,Draper J.,Ilkel C.,2,2,hc,-2.50,away,ft,4.533,3
fBuTTYYH,Draper J.,Ilkel C.,2,2,hc,-3.00,home,ft,1.15,2
fBuTTYYH,Draper J.,Ilkel C.,2,2,hc,-3.00,away,ft,4.75,2
fBuTTYYH,Draper J.,Ilkel C.,2,2,hc,-3.50,home,ft,1.285,4
fBuTTYYH,Draper J.,Ilkel C.,2,2,hc,-3.50,away,ft,3.53,4
fBuTTYYH,Draper J.,Ilkel C.,2,2,hc,-4.00,home,ft,1.33,3
fBuTTYYH,Draper J.,Ilkel C.,2,2,hc,-4.00,away,ft,3.287,3
fBuTTYYH,Draper J.,Ilkel C.,2,2,hc,-4.50,home,ft,1.51,4
fBuTTYYH,Draper J.,Ilkel C.,2,2,hc,-4.50,away,ft,2.498,4
fBuTTYYH,Draper J.,Ilkel C.,2,2,hc,-5.00,home,ft,1.617,3
fBuTTYYH,Draper J.,Ilkel C.,2,2,hc,-5.00,away,ft,2.32,3
fBuTTYYH,Draper J.,Ilkel C.,2,2,hc,-5.50,home,ft,1.938,4
fBuTTYYH,Draper J.,Ilkel C.,2,2,hc,-5.50,away,ft,1.903,4
fBuTTYYH,Draper J.,Ilkel C.,2,2,hc,-6.00,home,ft,2.3,3
fBuTTYYH,Draper J.,Ilkel C.,2,2,hc,-6.00,away,ft,1.63,3
fBuTTYYH,Draper J.,Ilkel C.,2,2,hc,-6.50,home,ft,2.717,4
fBuTTYYH,Draper J.,Ilkel C.,2,2,hc,-6.50,away,ft,1.455,4
fBuTTYYH,Draper J.,Ilkel C.,2,2,hc,-7.00,home,ft,3.52,2
fBuTTYYH,Draper J.,Ilkel C.,2,2,hc,-7.00,away,ft,1.27,2
fBuTTYYH,Draper J.,Ilkel C.,2,2,hc,-7.50,home,ft,4.183,3
fBuTTYYH,Draper J.,Ilkel C.,2,2,hc,-7.50,away,ft,1.203,3
fBuTTYYH,Draper J.,Ilkel C.,2,2,hc,-8.00,home,ft,6.35,2
fBuTTYYH,Draper J.,Ilkel C.,2,2,hc,-8.00,away,ft,1.08,2
fBuTTYYH,Draper J.,Ilkel C.,2,2,hc,-8.50,home,ft,8.48,1
fBuTTYYH,Draper J.,Ilkel C.,2,2,hc,-8.50,away,ft,1.07,1
zer2lxuS,Struff J-L.,Marozsan F.,2,2,ou,2.50,over,ft,2.15,1
zer2lxuS,Struff J-L.,Marozsan F.,2,2,ou,2.50,under,ft,1.76,1
zer2lxuS,Struff J-L.,Marozsan F.,2,2,ou,20.00,over,ft,1.31,2
zer2lxuS,Struff J-L.,Marozsan F.,2,2,ou,20.00,under,ft,3.14,2
zer2lxuS,Struff J-L.,Marozsan F.,2,2,ou,20.50,over,ft,1.41,3
zer2lxuS,Struff J-L.,Marozsan F.,2,2,ou,20.50,under,ft,2.75,3
zer2lxuS,Struff J-L.,Marozsan F.,2,2,ou,21.00,over,ft,1.425,2
zer2lxuS,Struff J-L.,Marozsan F.,2,2,ou,21.00,under,ft,2.76,2
zer2lxuS,Struff J-L.,Marozsan F.,2,2,ou,21.50,over,ft,1.463,3
zer2lxuS,Struff J-L.,Marozsan F.,2,2,ou,21.50,under,ft,2.677,3
zer2lxuS,Struff J-L.,Marozsan F.,2,2,ou,22.00,over,ft,1.61,3
zer2lxuS,Struff J-L.,Marozsan F.,2,2,ou,22.00,under,ft,2.327,3
zer2lxuS,Struff J-L.,Marozsan F.,2,2,ou,22.50,over,ft,1.7,4
zer2lxuS,Struff J-L.,Marozsan F.,2,2,ou,22.50,under,ft,2.188,4
zer2lxuS,Struff J-L.,Marozsan F.,2,2,ou,23.00,over,ft,1.847,3
zer2lxuS,Struff J-L.,Marozsan F.,2,2,ou,23.00,under,ft,1.96,3
zer2lxuS,Struff J-L.,Marozsan F.,2,2,ou,23.50,over,ft,1.975,4
zer2lxuS,Struff J-L.,Marozsan F.,2,2,ou,23.50,under,ft,1.88,4
zer2lxuS,Struff J-L.,Marozsan F.,2,2,ou,24.00,over,ft,1.993,3
zer2lxuS,Struff J-L.,Marozsan F.,2,2,ou,24.00,under,ft,1.843,3
zer2lxuS,Struff J-L.,Marozsan F.,2,2,ou,24.50,over,ft,1.982,4
zer2lxuS,Struff J-L.,Marozsan F.,2,2,ou,24.50,under,ft,1.85,4
zer2lxuS,Struff J-L.,Marozsan F.,2,2,ou,25.00,over,ft,2.087,3
zer2lxuS,Struff J-L.,Marozsan F.,2,2,ou,25.00,under,ft,1.753,3
zer2lxuS,Struff J-L.,Marozsan F.,2,2,ou,25.50,over,ft,2.133,3
zer2lxuS,Struff J-L.,Marozsan F.,2,2,ou,25.50,under,ft,1.71,3
zer2lxuS,Struff J-L.,Marozsan F.,2,2,ou,26.00,over,ft,2.345,2
zer2lxuS,Struff J-L.,Marozsan F.,2,2,ou,26.00,under,ft,1.57,2
zer2lxuS,Struff J-L.,Marozsan F.,2,2,ou,26.50,over,ft,2.24,1
zer2lxuS,Struff J-L.,Marozsan F.,2,2,ou,26.50,under,ft,1.65,1
zer2lxuS,Struff J-L.,Marozsan F.,2,2,ou,27.50,over,ft,2.32,1
zer2lxuS,Struff J-L.,Marozsan F.,2,2,ou,27.50,under,ft,1.6,1
zer2lxuS,Struff J-L.,Marozsan F.,2,2,ou,28.50,over,ft,2.5,1
zer2lxuS,Struff J-L.,Marozsan F.,2,2,ou,28.50,under,ft,1.51,1
zer2lxuS,Struff J-L.,Marozsan F.,2,2,hc,1.00,home,ft,1.555,2
zer2lxuS,Struff J-L.,Marozsan F.,2,2,hc,1.00,away,ft,2.23,2
zer2lxuS,Struff J-L.,Marozsan F.,2,2,hc,-1.00,home,ft,2.73,2
zer2lxuS,Struff J-L.,Marozsan F.,2,2,hc,-1.00,away,ft,1.38,2
zer2lxuS,Struff J-L.,Marozsan F.,2,2,hc,1.50,home,ft,1.363,4
zer2lxuS,Struff J-L.,Marozsan F.,2,2,hc,1.50,away,ft,3.04,4
zer2lxuS,Struff J-L.,Marozsan F.,2,2,hc,-1.50,home,ft,3.353,4
zer2lxuS,Struff J-L.,Marozsan F.,2,2,hc,-1.50,away,ft,1.305,4
zer2lxuS,Struff J-L.,Marozsan F.,2,2,hc,0,home,ft,1.947,3
zer2lxuS,Struff J-L.,Marozsan F.,2,2,hc,0,away,ft,1.797,3
zer2lxuS,Struff J-L.,Marozsan F.,2,2,hc,0.50,home,ft,1.9,4
zer2lxuS,Struff J-L.,Marozsan F.,2,2,hc,0.50,away,ft,1.89,4
zer2lxuS,Struff J-L.,Marozsan F.,2,2,hc,-0.50,home,ft,2.115,4
zer2lxuS,Struff J-L.,Marozsan F.,2,2,hc,-0.50,away,ft,1.722,4
zer2lxuS,Struff J-L.,Marozsan F.,2,2,hc,1.00,home,ft,1.837,3
zer2lxuS,Struff J-L.,Marozsan F.,2,2,hc,1.00,away,ft,1.937,3
zer2lxuS,Struff J-L.,Marozsan F.,2,2,hc,-1.00,home,ft,2.16,3
zer2lxuS,Struff J-L.,Marozsan F.,2,2,hc,-1.00,away,ft,1.677,3
zer2lxuS,Struff J-L.,Marozsan F.,2,2,hc,1.50,home,ft,1.82,4
zer2lxuS,Struff J-L.,Marozsan F.,2,2,hc,1.50,away,ft,2.022,4
zer2lxuS,Struff J-L.,Marozsan F.,2,2,hc,-1.50,home,ft,2.275,4
zer2lxuS,Struff J-L.,Marozsan F.,2,2,hc,-1.50,away,ft,1.63,4
zer2lxuS,Struff J-L.,Marozsan F.,2,2,hc,2.00,home,ft,1.69,2
zer2lxuS,Struff J-L.,Marozsan F.,2,2,hc,2.00,away,ft,2.095,2
zer2lxuS,Struff J-L.,Marozsan F.,2,2,hc,-2.00,home,ft,2.45,2
zer2lxuS,Struff J-L.,Marozsan F.,2,2,hc,-2.00,away,ft,1.46,2
zer2lxuS,Struff J-L.,Marozsan F.,2,2,hc,2.50,home,ft,1.587,3
zer2lxuS,Struff J-L.,Marozsan F.,2,2,hc,2.50,away,ft,2.303,3
zer2lxuS,Struff J-L.,Marozsan F.,2,2,hc,-2.50,home,ft,2.63,3
zer2lxuS,Struff J-L.,Marozsan F.,2,2,hc,-2.50,away,ft,1.427,3
zer2lxuS,Struff J-L.,Marozsan F.,2,2,hc,3.00,home,ft,1.48,2
zer2lxuS,Struff J-L.,Marozsan F.,2,2,hc,3.00,away,ft,2.55,2
zer2lxuS,Struff J-L.,Marozsan F.,2,2,hc,-3.00,home,ft,2.68,2
zer2lxuS,Struff J-L.,Marozsan F.,2,2,hc,-3.00,away,ft,1.41,2
zer2lxuS,Struff J-L.,Marozsan F.,2,2,hc,3.50,home,ft,1.395,2
zer2lxuS,Struff J-L.,Marozsan F.,2,2,hc,3.50,away,ft,2.925,2
zer2lxuS,Struff J-L.,Marozsan F.,2,2,hc,-3.50,home,ft,3.63,1
zer2lxuS,Struff J-L.,Marozsan F.,2,2,hc,-3.50,away,ft,1.24,1
zer2lxuS,Struff J-L.,Marozsan F.,2,2,hc,4.00,home,ft,1.29,1
zer2lxuS,Struff J-L.,Marozsan F.,2,2,hc,4.00,away,ft,3.67,1
U9aKugkB,Kotov P.,Baez S.,,,ou,2.50,over,ft,2.34,1
U9aKugkB,Kotov P.,Baez S.,,,ou,2.50,under,ft,1.66,1
U9aKugkB,Kotov P.,Baez S.,,,ou,20.00,over,ft,1.32,2
U9aKugkB,Kotov P.,Baez S.,,,ou,20.00,under,ft,3.05,2
U9aKugkB,Kotov P.,Baez S.,,,ou,20.50,over,ft,1.48,4
U9aKugkB,Kotov P.,Baez S.,,,ou,20.50,under,ft,2.607,4
U9aKugkB,Kotov P.,Baez S.,,,ou,21.00,over,ft,1.52,3
U9aKugkB,Kotov P.,Baez S.,,,ou,21.00,under,ft,2.493,3
U9aKugkB,Kotov P.,Baez S.,,,ou,21.50,over,ft,1.618,4
U9aKugkB,Kotov P.,Baez S.,,,ou,21.50,under,ft,2.3,4
U9aKugkB,Kotov P.,Baez S.,,,ou,22.00,over,ft,1.72,3
U9aKugkB,Kotov P.,Baez S.,,,ou,22.00,under,ft,2.13,3
U9aKugkB,Kotov P.,Baez S.,,,ou,22.50,over,ft,1.873,4
U9aKugkB,Kotov P.,Baez S.,,,ou,22.50,under,ft,1.95,4
U9aKugkB,Kotov P.,Baez S.,,,ou,23.00,over,ft,1.98,3
U9aKugkB,Kotov P.,Baez S.,,,ou,23.00,under,ft,1.833,3
U9aKugkB,Kotov P.,Baez S.,,,ou,23.50,over,ft,2.052,4
U9aKugkB,Kotov P.,Baez S.,,,ou,23.50,under,ft,1.802,4
U9aKugkB,Kotov P.,Baez S.,,,ou,24.00,over,ft,2.117,3
U9aKugkB,Kotov P.,Baez S.,,,ou,24.00,under,ft,1.707,3
U9aKugkB,Kotov P.,Baez S.,,,ou,24.50,over,ft,2.11,3
U9aKugkB,Kotov P.,Baez S.,,,ou,24.50,under,ft,1.687,3
U9aKugkB,Kotov P.,Baez S.,,,ou,25.00,over,ft,2.17,2
U9aKugkB,Kotov P.,Baez S.,,,ou,25.00,under,ft,1.6,2
U9aKugkB,Kotov P.,Baez S.,,,ou,25.50,over,ft,2.39,1
U9aKugkB,Kotov P.,Baez S.,,,ou,25.50,under,ft,1.59,1
U9aKugkB,Kotov P.,Baez S.,,,ou,26.50,over,ft,2.66,1
U9aKugkB,Kotov P.,Baez S.,,,ou,26.50,under,ft,1.48,1
U9aKugkB,Kotov P.,Baez S.,,,ou,27.50,over,ft,2.93,1
U9aKugkB,Kotov P.,Baez S.,,,ou,27.50,under,ft,1.41,1
U9aKugkB,Kotov P.,Baez S.,,,hc,0,home,ft,1.85,1
U9aKugkB,Kotov P.,Baez S.,,,hc,0,away,ft,1.99,1
U9aKugkB,Kotov P.,Baez S.,,,hc,1.00,home,ft,1.39,2
U9aKugkB,Kotov P.,Baez S.,,,hc,1.00,away,ft,2.69,2
U9aKugkB,Kotov P.,Baez S.,,,hc,-1.00,home,ft,2.18,2
U9aKugkB,Kotov P.,Baez S.,,,hc,-1.00,away,ft,1.58,2
U9aKugkB,Kotov P.,Baez S.,,,hc,1.50,home,ft,1.288,4
U9aKugkB,Kotov P.,Baez S.,,,hc,1.50,away,ft,3.395,4
U9aKugkB,Kotov P.,Baez S.,,,hc,-1.50,home,ft,2.678,4
U9aKugkB,Kotov P.,Baez S.,,,hc,-1.50,away,ft,1.435,4
U9aKugkB,Kotov P.,Baez S.,,,hc,0,home,ft,1.68,3
U9aKugkB,Kotov P.,Baez S.,,,hc,0,away,ft,2.103,3
U9aKugkB,Kotov P.,Baez S.,,,hc,0.50,home,ft,1.677,4
U9aKugkB,Kotov P.,Baez S.,,,hc,0.50,away,ft,2.135,4
U9aKugkB,Kotov P.,Baez S.,,,hc,-0.50,home,ft,1.798,4
U9aKugkB,Kotov P.,Baez S.,,,hc,-0.50,away,ft,1.97,4
U9aKugkB,Kotov P.,Baez S.,,,hc,1.00,home,ft,1.63,3
U9aKugkB,Kotov P.,Baez S.,,,hc,1.00,away,ft,2.177,3
U9aKugkB,Kotov P.,Baez S.,,,hc,-1.00,home,ft,1.857,3
U9aKugkB,Kotov P.,Baez S.,,,hc,-1.00,away,ft,1.883,3
U9aKugkB,Kotov P.,Baez S.,,,hc,1.50,home,ft,1.557,3
U9aKugkB,Kotov P.,Baez S.,,,hc,1.50,away,ft,2.303,3
U9aKugkB,Kotov P.,Baez S.,,,hc,-1.50,home,ft,1.97,4
U9aKugkB,Kotov P.,Baez S.,,,hc,-1.50,away,ft,1.87,4
U9aKugkB,Kotov P.,Baez S.,,,hc,2.00,home,ft,1.48,2
U9aKugkB,Kotov P.,Baez S.,,,hc,2.00,away,ft,2.39,2
U9aKugkB,Kotov P.,Baez S.,,,hc,-2.00,home,ft,2.04,3
U9aKugkB,Kotov P.,Baez S.,,,hc,-2.00,away,ft,1.723,3
U9aKugkB,Kotov P.,Baez S.,,,hc,2.50,home,ft,1.447,3
U9aKugkB,Kotov P.,Baez S.,,,hc,2.50,away,ft,2.59,3
U9aKugkB,Kotov P.,Baez S.,,,hc,-2.50,home,ft,2.17,4
U9aKugkB,Kotov P.,Baez S.,,,hc,-2.50,away,ft,1.655,4
U9aKugkB,Kotov P.,Baez S.,,,hc,3.00,home,ft,1.41,2
U9aKugkB,Kotov P.,Baez S.,,,hc,3.00,away,ft,2.6,2
U9aKugkB,Kotov P.,Baez S.,,,hc,-3.00,home,ft,2.393,3
U9aKugkB,Kotov P.,Baez S.,,,hc,-3.00,away,ft,1.527,3
U9aKugkB,Kotov P.,Baez S.,,,hc,3.50,home,ft,1.32,1
U9aKugkB,Kotov P.,Baez S.,,,hc,3.50,away,ft,3.35,1
U9aKugkB,Kotov P.,Baez S.,,,hc,-3.50,home,ft,2.59,4
U9aKugkB,Kotov P.,Baez S.,,,hc,-3.50,away,ft,1.47,4
U9aKugkB,Kotov P.,Baez S.,,,hc,-4.00,home,ft,3.113,3
U9aKugkB,Kotov P.,Baez S.,,,hc,-4.00,away,ft,1.337,3
U9aKugkB,Kotov P.,Baez S.,,,hc,-4.50,home,ft,3.223,3
U9aKugkB,Kotov P.,Baez S.,,,hc,-4.50,away,ft,1.313,3
U9aKugkB,Kotov P.,Baez S.,,,hc,-5.00,home,ft,4.25,2
U9aKugkB,Kotov P.,Baez S.,,,hc,-5.00,away,ft,1.18,2
AHWJxr8J,Musetti L.,Draper J.,0,0,ou,2.50,over,ft,2.6,1
AHWJxr8J,Musetti L.,Draper J.,0,0,ou,2.50,under,ft,1.55,1
AHWJxr8J,Musetti L.,Draper J.,0,0,ou,19.50,over,ft,1.43,1
AHWJxr8J,Musetti L.,Draper J.,0,0,ou,19.50,under,ft,2.84,1
AHWJxr8J,Musetti L.,Draper J.,0,0,ou,20.00,over,ft,1.385,2
AHWJxr8J,Musetti L.,Draper J.,0,0,ou,20.00,under,ft,2.75,2
AHWJxr8J,Musetti L.,Draper J.,0,0,ou,20.50,over,ft,1.565,4
AHWJxr8J,Musetti L.,Draper J.,0,0,ou,20.50,under,ft,2.39,4
AHWJxr8J,Musetti L.,Draper J.,0,0,ou,21.00,over,ft,1.61,3
AHWJxr8J,Musetti L.,Draper J.,0,0,ou,21.00,under,ft,2.287,3
AHWJxr8J,Musetti L.,Draper J.,0,0,ou,21.50,over,ft,1.738,4
AHWJxr8J,Musetti L.,Draper J.,0,0,ou,21.50,under,ft,2.103,4
AHWJxr8J,Musetti L.,Draper J.,0,0,ou,22.00,over,ft,1.853,3
AHWJxr8J,Musetti L.,Draper J.,0,0,ou,22.00,under,ft,1.957,3
AHWJxr8J,Musetti L.,Draper J.,0,0,ou,22.50,over,ft,2.022,4
AHWJxr8J,Musetti L.,Draper J.,0,0,ou,22.50,under,ft,1.812,4
AHWJxr8J,Musetti L.,Draper J.,0,0,ou,23.00,over,ft,2.133,3
AHWJxr8J,Musetti L.,Draper J.,0,0,ou,23.00,under,ft,1.72,3
AHWJxr8J,Musetti L.,Draper J.,0,0,ou,23.50,over,ft,2.268,4
AHWJxr8J,Musetti L.,Draper J.,0,0,ou,23.50,under,ft,1.637,4
AHWJxr8J,Musetti L.,Draper J.,0,0,ou,24.00,over,ft,2.233,3
AHWJxr8J,Musetti L.,Draper J.,0,0,ou,24.00,under,ft,1.637,3
AHWJxr8J,Musetti L.,Draper J.,0,0,ou,24.50,over,ft,2.27,3
AHWJxr8J,Musetti L.,Draper J.,0,0,ou,24.50,under,ft,1.593,3
AHWJxr8J,Musetti L.,Draper J.,0,0,ou,25.00,over,ft,2.315,2
AHWJxr8J,Musetti L.,Draper J.,0,0,ou,25.00,under,ft,1.53,2
AHWJxr8J,Musetti L.,Draper J.,0,0,ou,25.50,over,ft,2.67,1
AHWJxr8J,Musetti L.,Draper J.,0,0,ou,25.50,under,ft,1.48,1
AHWJxr8J,Musetti L.,Draper J.,0,0,ou,26.50,over,ft,3.05,1
AHWJxr8J,Musetti L.,Draper J.,0,0,ou,26.50,under,ft,1.38,1
AHWJxr8J,Musetti L.,Draper J.,0,0,hc,0,home,ft,2.31,1
AHWJxr8J,Musetti L.,Draper J.,0,0,hc,0,away,ft,1.6,1
AHWJxr8J,Musetti L.,Draper J.,0,0,hc,1.00,home,ft,1.98,2
AHWJxr8J,Musetti L.,Draper J.,0,0,hc,1.00,away,ft,1.695,2
AHWJxr8J,Musetti L.,Draper J.,0,0,hc,1.50,home,ft,1.605,4
AHWJxr8J,Musetti L.,Draper J.,0,0,hc,1.50,away,ft,2.283,4
AHWJxr8J,Musetti L.,Draper J.,0,0,hc,-1.50,home,ft,4.213,3
AHWJxr8J,Musetti L.,Draper J.,0,0,hc,-1.50,away,ft,1.2,3
AHWJxr8J,Musetti L.,Draper J.,0,0,hc,0.50,home,ft,2.408,4
AHWJxr8J,Musetti L.,Draper J.,0,0,hc,0.50,away,ft,1.555,4
AHWJxr8J,Musetti L.,Draper J.,0,0,hc,-0.50,home,ft,2.643,3
AHWJxr8J,Musetti L.,Draper J.,0,0,hc,-0.50,away,ft,1.44,3
AHWJxr8J,Musetti L.,Draper J.,0,0,hc,1.00,home,ft,2.373,3
AHWJxr8J,Musetti L.,Draper J.,0,0,hc,1.00,away,ft,1.57,3
AHWJxr8J,Musetti L.,Draper J.,0,0,hc,1.50,home,ft,2.28,4
AHWJxr8J,Musetti L.,Draper J.,0,0,hc,1.50,away,ft,1.627,4
AHWJxr8J,Musetti L.,Draper J.,0,0,hc,-1.50,home,ft,2.85,1
AHWJxr8J,Musetti L.,Draper J.,0,0,hc,-1.50,away,ft,1.43,1
AHWJxr8J,Musetti L.,Draper J.,0,0,hc,2.00,home,ft,2.177,3
AHWJxr8J,Musetti L.,Draper J.,0,0,hc,2.00,away,ft,1.69,3
AHWJxr8J,Musetti L.,Draper J.,0,0,hc,2.50,home,ft,2.072,4
AHWJxr8J,Musetti L.,Draper J.,0,0,hc,2.50,away,ft,1.775,4
AHWJxr8J,Musetti L.,Draper J.,0,0,hc,-2.50,home,ft,3.18,1
AHWJxr8J,Musetti L.,Draper J.,0,0,hc,-2.50,away,ft,1.35,1
AHWJxr8J,Musetti L.,Draper J.,0,0,hc,3.00,home,ft,1.877,3
AHWJxr8J,Musetti L.,Draper J.,0,0,hc,3.00,away,ft,1.93,3
AHWJxr8J,Musetti L.,Draper J.,0,0,hc,3.50,home,ft,1.748,4
AHWJxr8J,Musetti L.,Draper J.,0,0,hc,3.50,away,ft,2.085,4
AHWJxr8J,Musetti L.,Draper J.,0,0,hc,4.00,home,ft,1.533,3
AHWJxr8J,Musetti L.,Draper J.,0,0,hc,4.00,away,ft,2.46,3
AHWJxr8J,Musetti L.,Draper J.,0,0,hc,4.50,home,ft,1.452,4
AHWJxr8J,Musetti L.,Draper J.,0,0,hc,4.50,away,ft,2.7,4
AHWJxr8J,Musetti L.,Draper J.,0,0,hc,5.00,home,ft,1.26,2
AHWJxr8J,Musetti L.,Draper J.,0,0,hc,5.00,away,ft,3.425,2
AHWJxr8J,Musetti L.,Draper J.,0,0,hc,5.50,home,ft,1.16,2
AHWJxr8J,Musetti L.,Draper J.,0,0,hc,5.50,away,ft,4.3,2
YamyEbVI,Fucsovics M.,Rodionov J.,2,2,ou,2.50,over,ft,2.52,1
YamyEbVI,Fucsovics M.,Rodionov J.,2,2,ou,2.50,under,ft,1.58,1
YamyEbVI,Fucsovics M.,Rodionov J.,2,2,ou,19.00,over,ft,1.35,2
YamyEbVI,Fucsovics M.,Rodionov J.,2,2,ou,19.00,under,ft,2.9,2
YamyEbVI,Fucsovics M.,Rodionov J.,2,2,ou,19.50,over,ft,1.44,3
YamyEbVI,Fucsovics M.,Rodionov J.,2,2,ou,19.50,under,ft,2.673,3
YamyEbVI,Fucsovics M.,Rodionov J.,2,2,ou,20.00,over,ft,1.53,2
YamyEbVI,Fucsovics M.,Rodionov J.,2,2,ou,20.00,under,ft,2.38,2
YamyEbVI,Fucsovics M.,Rodionov J.,2,2,ou,20.50,over,ft,1.625,4
YamyEbVI,Fucsovics M.,Rodionov J.,2,2,ou,20.50,under,ft,2.298,4
YamyEbVI,Fucsovics M.,Rodionov J.,2,2,ou,21.00,over,ft,1.73,3
YamyEbVI,Fucsovics M.,Rodionov J.,2,2,ou,21.00,under,ft,2.123,3
YamyEbVI,Fucsovics M.,Rodionov J.,2,2,ou,21.50,over,ft,1.817,4
YamyEbVI,Fucsovics M.,Rodionov J.,2,2,ou,21.50,under,ft,2.022,4
YamyEbVI,Fucsovics M.,Rodionov J.,2,2,ou,22.00,over,ft,1.97,3
YamyEbVI,Fucsovics M.,Rodionov J.,2,2,ou,22.00,under,ft,1.847,3
YamyEbVI,Fucsovics M.,Rodionov J.,2,2,ou,22.50,over,ft,2.09,4
YamyEbVI,Fucsovics M.,Rodionov J.,2,2,ou,22.50,under,ft,1.745,4
YamyEbVI,Fucsovics M.,Rodionov J.,2,2,ou,23.00,over,ft,2.257,3
YamyEbVI,Fucsovics M.,Rodionov J.,2,2,ou,23.00,under,ft,1.627,3
YamyEbVI,Fucsovics M.,Rodionov J.,2,2,ou,23.50,over,ft,2.34,4
YamyEbVI,Fucsovics M.,Rodionov J.,2,2,ou,23.50,under,ft,1.587,4
YamyEbVI,Fucsovics M.,Rodionov J.,2,2,ou,24.00,over,ft,2.41,2
YamyEbVI,Fucsovics M.,Rodionov J.,2,2,ou,24.00,under,ft,1.49,2
YamyEbVI,Fucsovics M.,Rodionov J.,2,2,ou,24.50,over,ft,2.313,3
YamyEbVI,Fucsovics M.,Rodionov J.,2,2,ou,24.50,under,ft,1.57,3
YamyEbVI,Fucsovics M.,Rodionov J.,2,2,ou,25.00,over,ft,2.41,2
YamyEbVI,Fucsovics M.,Rodionov J.,2,2,ou,25.00,under,ft,1.49,2
YamyEbVI,Fucsovics M.,Rodionov J.,2,2,ou,25.50,over,ft,2.56,1
YamyEbVI,Fucsovics M.,Rodionov J.,2,2,ou,25.50,under,ft,1.52,1
YamyEbVI,Fucsovics M.,Rodionov J.,2,2,ou,26.50,over,ft,2.93,1
YamyEbVI,Fucsovics M.,Rodionov J.,2,2,ou,26.50,under,ft,1.41,1
YamyEbVI,Fucsovics M.,Rodionov J.,2,2,hc,0,home,ft,1.35,1
YamyEbVI,Fucsovics M.,Rodionov J.,2,2,hc,0,away,ft,2.96,1
YamyEbVI,Fucsovics M.,Rodionov J.,2,2,hc,-1.00,home,ft,1.38,2
YamyEbVI,Fucsovics M.,Rodionov J.,2,2,hc,-1.00,away,ft,2.73,2
YamyEbVI,Fucsovics M.,Rodionov J.,2,2,hc,1.50,home,ft,1.14,3
YamyEbVI,Fucsovics M.,Rodionov J.,2,2,hc,1.50,away,ft,5.257,3
YamyEbVI,Fucsovics M.,Rodionov J.,2,2,hc,-1.50,home,ft,1.9,4
YamyEbVI,Fucsovics M.,Rodionov J.,2,2,hc,-1.50,away,ft,1.84,4
YamyEbVI,Fucsovics M.,Rodionov J.,2,2,hc,0,home,ft,1.3,2
YamyEbVI,Fucsovics M.,Rodionov J.,2,2,hc,0,away,ft,3.12,2
YamyEbVI,Fucsovics M.,Rodionov J.,2,2,hc,0.50,home,ft,1.3,1
YamyEbVI,Fucsovics M.,Rodionov J.,2,2,hc,0.50,away,ft,3.48,1
YamyEbVI,Fucsovics M.,Rodionov J.,2,2,hc,-0.50,home,ft,1.36,1
YamyEbVI,Fucsovics M.,Rodionov J.,2,2,hc,-0.50,away,ft,3.16,1
YamyEbVI,Fucsovics M.,Rodionov J.,2,2,hc,-1.00,home,ft,1.31,2
YamyEbVI,Fucsovics M.,Rodionov J.,2,2,hc,-1.00,away,ft,3.1,2
YamyEbVI,Fucsovics M.,Rodionov J.,2,2,hc,1.50,home,ft,1.25,1
YamyEbVI,Fucsovics M.,Rodionov J.,2,2,hc,1.50,away,ft,3.89,1
YamyEbVI,Fucsovics M.,Rodionov J.,2,2,hc,-1.50,home,ft,1.383,3
YamyEbVI,Fucsovics M.,Rodionov J.,2,2,hc,-1.50,away,ft,2.88,3
YamyEbVI,Fucsovics M.,Rodionov J.,2,2,hc,-2.00,home,ft,1.413,3
YamyEbVI,Fucsovics M.,Rodionov J.,2,2,hc,-2.00,away,ft,2.79,3
YamyEbVI,Fucsovics M.,Rodionov J.,2,2,hc,-2.50,home,ft,1.52,4
YamyEbVI,Fucsovics M.,Rodionov J.,2,2,hc,-2.50,away,ft,2.502,4
YamyEbVI,Fucsovics M.,Rodionov J.,2,2,hc,-3.00,home,ft,1.59,3
YamyEbVI,Fucsovics M.,Rodionov J.,2,2,hc,-3.00,away,ft,2.337,3
YamyEbVI,Fucsovics M.,Rodionov J.,2,2,hc,-3.50,home,ft,1.782,4
YamyEbVI,Fucsovics M.,Rodionov J.,2,2,hc,-3.50,away,ft,2.062,4
YamyEbVI,Fucsovics M.,Rodionov J.,2,2,hc,-4.00,home,ft,1.967,3
YamyEbVI,Fucsovics M.,Rodionov J.,2,2,hc,-4.00,away,ft,1.86,3
YamyEbVI,Fucsovics M.,Rodionov J.,2,2,hc,-4.50,home,ft,2.277,4
YamyEbVI,Fucsovics M.,Rodionov J.,2,2,hc,-4.50,away,ft,1.657,4
YamyEbVI,Fucsovics M.,Rodionov J.,2,2,hc,-5.00,home,ft,2.71,3
YamyEbVI,Fucsovics M.,Rodionov J.,2,2,hc,-5.00,away,ft,1.477,3
YamyEbVI,Fucsovics M.,Rodionov J.,2,2,hc,-5.50,home,ft,3.02,3
YamyEbVI,Fucsovics M.,Rodionov J.,2,2,hc,-5.50,away,ft,1.373,3
YamyEbVI,Fucsovics M.,Rodionov J.,2,2,hc,-6.00,home,ft,3.74,2
YamyEbVI,Fucsovics M.,Rodionov J.,2,2,hc,-6.00,away,ft,1.24,2
YamyEbVI,Fucsovics M.,Rodionov J.,2,2,hc,-6.50,home,ft,4.2,2
YamyEbVI,Fucsovics M.,Rodionov J.,2,2,hc,-6.50,away,ft,1.19,2
YamyEbVI,Fucsovics M.,Rodionov J.,2,2,hc,-7.00,home,ft,6.45,2
YamyEbVI,Fucsovics M.,Rodionov J.,2,2,hc,-7.00,away,ft,1.08,2
0zueB5dg,Ilkel C.,Purcell M.,2,2,ou,2.50,over,ft,2.74,1
0zueB5dg,Ilkel C.,Purcell M.,2,2,ou,2.50,under,ft,1.5,1
0zueB5dg,Ilkel C.,Purcell M.,2,2,ou,15.50,over,ft,1.03,1
0zueB5dg,Ilkel C.,Purcell M.,2,2,ou,15.50,under,ft,25.56,1
0zueB5dg,Ilkel C.,Purcell M.,2,2,ou,16.50,over,ft,1.06,1
0zueB5dg,Ilkel C.,Purcell M.,2,2,ou,16.50,under,ft,15.01,1
0zueB5dg,Ilkel C.,Purcell M.,2,2,ou,17.50,over,ft,1.14,1
0zueB5dg,Ilkel C.,Purcell M.,2,2,ou,17.50,under,ft,7.53,1
0zueB5dg,Ilkel C.,Purcell M.,2,2,ou,18.50,over,ft,1.25,1
0zueB5dg,Ilkel C.,Purcell M.,2,2,ou,18.50,under,ft,4.76,1
0zueB5dg,Ilkel C.,Purcell M.,2,2,ou,19.00,over,ft,1.335,2
0zueB5dg,Ilkel C.,Purcell M.,2,2,ou,19.00,under,ft,2.985,2
0zueB5dg,Ilkel C.,Purcell M.,2,2,ou,19.50,over,ft,1.427,3
0zueB5dg,Ilkel C.,Purcell M.,2,2,ou,19.50,under,ft,2.72,3
0zueB5dg,Ilkel C.,Purcell M.,2,2,ou,20.00,over,ft,1.523,3
0zueB5dg,Ilkel C.,Purcell M.,2,2,ou,20.00,under,ft,2.49,3
0zueB5dg,Ilkel C.,Purcell M.,2,2,ou,20.50,over,ft,1.67,4
0zueB5dg,Ilkel C.,Purcell M.,2,2,ou,20.50,under,ft,2.21,4
0zueB5dg,Ilkel C.,Purcell M.,2,2,ou,21.00,over,ft,1.753,3
0zueB5dg,Ilkel C.,Purcell M.,2,2,ou,21.00,under,ft,2.083,3
0zueB5dg,Ilkel C.,Purcell M.,2,2,ou,21.50,over,ft,1.828,4
0zueB5dg,Ilkel C.,Purcell M.,2,2,ou,21.50,under,ft,2.027,4
0zueB5dg,Ilkel C.,Purcell M.,2,2,ou,22.00,over,ft,2.01,3
0zueB5dg,Ilkel C.,Purcell M.,2,2,ou,22.00,under,ft,1.81,3
0zueB5dg,Ilkel C.,Purcell M.,2,2,ou,22.50,over,ft,2.17,4
0zueB5dg,Ilkel C.,Purcell M.,2,2,ou,22.50,under,ft,1.695,4
0zueB5dg,Ilkel C.,Purcell M.,2,2,ou,23.00,over,ft,2.337,3
0zueB5dg,Ilkel C.,Purcell M.,2,2,ou,23.00,under,ft,1.587,3
0zueB5dg,Ilkel C.,Purcell M.,2,2,ou,23.50,over,ft,2.458,4
0zueB5dg,Ilkel C.,Purcell M.,2,2,ou,23.50,under,ft,1.535,4
0zueB5dg,Ilkel C.,Purcell M.,2,2,ou,24.00,over,ft,2.475,2
0zueB5dg,Ilkel C.,Purcell M.,2,2,ou,24.00,under,ft,1.47,2
0zueB5dg,Ilkel C.,Purcell M.,2,2,ou,24.50,over,ft,2.53,1
0zueB5dg,Ilkel C.,Purcell M.,2,2,ou,24.50,under,ft,1.53,1
0zueB5dg,Ilkel C.,Purcell M.,2,2,ou,25.50,over,ft,2.74,1
0zueB5dg,Ilkel C.,Purcell M.,2,2,ou,25.50,under,ft,1.46,1
0zueB5dg,Ilkel C.,Purcell M.,2,2,ou,26.50,over,ft,2.8,1
0zueB5dg,Ilkel C.,Purcell M.,2,2,ou,26.50,under,ft,1.53,1
0zueB5dg,Ilkel C.,Purcell M.,2,2,ou,27.50,over,ft,3.12,1
0zueB5dg,Ilkel C.,Purcell M.,2,2,ou,27.50,under,ft,1.45,1
0zueB5dg,Ilkel C.,Purcell M.,2,2,ou,28.50,over,ft,3.6,1
0zueB5dg,Ilkel C.,Purcell M.,2,2,ou,28.50,under,ft,1.37,1
0zueB5dg,Ilkel C.,Purcell M.,2,2,ou,29.50,over,ft,4.3,1
0zueB5dg,Ilkel C.,Purcell M.,2,2,ou,29.50,under,ft,1.29,1
0zueB5dg,Ilkel C.,Purcell M.,2,2,ou,30.50,over,ft,5.34,1
0zueB5dg,Ilkel C.,Purcell M.,2,2,ou,30.50,under,ft,1.22,1
0zueB5dg,Ilkel C.,Purcell M.,2,2,ou,31.50,over,ft,7.14,1
0zueB5dg,Ilkel C.,Purcell M.,2,2,ou,31.50,under,ft,1.15,1
0zueB5dg,Ilkel C.,Purcell M.,2,2,ou,32.50,over,ft,10.29,1
0zueB5dg,Ilkel C.,Purcell M.,2,2,ou,32.50,under,ft,1.1,1
0zueB5dg,Ilkel C.,Purcell M.,2,2,ou,33.50,over,ft,14.34,1
0zueB5dg,Ilkel C.,Purcell M.,2,2,ou,33.50,under,ft,1.06,1
0zueB5dg,Ilkel C.,Purcell M.,2,2,ou,34.50,over,ft,20.26,1
0zueB5dg,Ilkel C.,Purcell M.,2,2,ou,34.50,under,ft,1.04,1
0zueB5dg,Ilkel C.,Purcell M.,2,2,ou,35.50,over,ft,37.53,1
0zueB5dg,Ilkel C.,Purcell M.,2,2,ou,35.50,under,ft,1.02,1
0zueB5dg,Ilkel C.,Purcell M.,2,2,ou,36.50,over,ft,67.63,1
0zueB5dg,Ilkel C.,Purcell M.,2,2,hc,1.00,home,ft,3.265,2
0zueB5dg,Ilkel C.,Purcell M.,2,2,hc,1.00,away,ft,1.275,2
0zueB5dg,Ilkel C.,Purcell M.,2,2,hc,1.50,home,ft,2.053,4
0zueB5dg,Ilkel C.,Purcell M.,2,2,hc,1.50,away,ft,1.732,4
0zueB5dg,Ilkel C.,Purcell M.,2,2,hc,-1.50,home,ft,6.058,4
0zueB5dg,Ilkel C.,Purcell M.,2,2,hc,-1.50,away,ft,1.105,4
0zueB5dg,Ilkel C.,Purcell M.,2,2,hc,0.50,home,ft,4.34,1
0zueB5dg,Ilkel C.,Purcell M.,2,2,hc,0.50,away,ft,1.28,1
0zueB5dg,Ilkel C.,Purcell M.,2,2,hc,-0.50,home,ft,5.1,1
0zueB5dg,Ilkel C.,Purcell M.,2,2,hc,-0.50,away,ft,1.23,1
0zueB5dg,Ilkel C.,Purcell M.,2,2,hc,1.00,home,ft,3.42,2
0zueB5dg,Ilkel C.,Purcell M.,2,2,hc,1.00,away,ft,1.26,2
0zueB5dg,Ilkel C.,Purcell M.,2,2,hc,1.50,home,ft,3.267,3
0zueB5dg,Ilkel C.,Purcell M.,2,2,hc,1.50,away,ft,1.307,3
0zueB5dg,Ilkel C.,Purcell M.,2,2,hc,-1.50,home,ft,5.99,1
0zueB5dg,Ilkel C.,Purcell M.,2,2,hc,-1.50,away,ft,1.19,1
0zueB5dg,Ilkel C.,Purcell M.,2,2,hc,2.00,home,ft,3.097,3
0zueB5dg,Ilkel C.,Purcell M.,2,2,hc,2.00,away,ft,1.357,3
0zueB5dg,Ilkel C.,Purcell M.,2,2,hc,2.50,home,ft,2.72,4
0zueB5dg,Ilkel C.,Purcell M.,2,2,hc,2.50,away,ft,1.455,4
0zueB5dg,Ilkel C.,Purcell M.,2,2,hc,-2.50,home,ft,7.47,1
0zueB5dg,Ilkel C.,Purcell M.,2,2,hc,-2.50,away,ft,1.14,1
0zueB5dg,Ilkel C.,Purcell M.,2,2,hc,3.00,home,ft,2.52,3
0zueB5dg,Ilkel C.,Purcell M.,2,2,hc,3.00,away,ft,1.527,3
0zueB5dg,Ilkel C.,Purcell M.,2,2,hc,3.50,home,ft,2.16,4
0zueB5dg,Ilkel C.,Purcell M.,2,2,hc,3.50,away,ft,1.718,4
0zueB5dg,Ilkel C.,Purcell M.,2,2,hc,-3.50,home,ft,10.48,1
0zueB5dg,Ilkel C.,Purcell M.,2,2,hc,-3.50,away,ft,1.09,1
0zueB5dg,Ilkel C.,Purcell M.,2,2,hc,4.00,home,ft,1.893,3
0zueB5dg,Ilkel C.,Purcell M.,2,2,hc,4.00,away,ft,1.94,3
0zueB5dg,Ilkel C.,Purcell M.,2,2,hc,4.50,home,ft,1.653,4
0zueB5dg,Ilkel C.,Purcell M.,2,2,hc,4.50,away,ft,2.29,4
0zueB5dg,Ilkel C.,Purcell M.,2,2,hc,-4.50,home,ft,17.33,1
0zueB5dg,Ilkel C.,Purcell M.,2,2,hc,-4.50,away,ft,1.05,1
0zueB5dg,Ilkel C.,Purcell M.,2,2,hc,5.00,home,ft,1.477,3
0zueB5dg,Ilkel C.,Purcell M.,2,2,hc,5.00,away,ft,2.69,3
0zueB5dg,Ilkel C.,Purcell M.,2,2,hc,5.50,home,ft,1.407,4
0zueB5dg,Ilkel C.,Purcell M.,2,2,hc,5.50,away,ft,2.925,4
0zueB5dg,Ilkel C.,Purcell M.,2,2,hc,-5.50,home,ft,32.12,1
0zueB5dg,Ilkel C.,Purcell M.,2,2,hc,-5.50,away,ft,1.02,1
0zueB5dg,Ilkel C.,Purcell M.,2,2,hc,6.00,home,ft,1.19,2
0zueB5dg,Ilkel C.,Purcell M.,2,2,hc,6.00,away,ft,4.22,2
0zueB5dg,Ilkel C.,Purcell M.,2,2,hc,6.50,home,ft,1.17,3
0zueB5dg,Ilkel C.,Purcell M.,2,2,hc,6.50,away,ft,5.147,3
0zueB5dg,Ilkel C.,Purcell M.,2,2,hc,-6.50,home,ft,58.75,1
0zueB5dg,Ilkel C.,Purcell M.,2,2,hc,7.00,home,ft,1.09,2
0zueB5dg,Ilkel C.,Purcell M.,2,2,hc,7.00,away,ft,6.05,2
0zueB5dg,Ilkel C.,Purcell M.,2,2,hc,7.50,home,ft,1.07,1
0zueB5dg,Ilkel C.,Purcell M.,2,2,hc,7.50,away,ft,13.26,1
0zueB5dg,Ilkel C.,Purcell M.,2,2,hc,8.50,home,ft,1.03,1
0zueB5dg,Ilkel C.,Purcell M.,2,2,hc,8.50,away,ft,25.56,1
0zueB5dg,Ilkel C.,Purcell M.,2,2,hc,9.50,away,ft,50.25,1
KbnvRUOc,Struff J-L.,Harris B.,2,2,ou,2.50,over,ft,2.5,1
KbnvRUOc,Struff J-L.,Harris B.,2,2,ou,2.50,under,ft,1.58,1
KbnvRUOc,Struff J-L.,Harris B.,2,2,ou,20.00,over,ft,1.305,2
KbnvRUOc,Struff J-L.,Harris B.,2,2,ou,20.00,under,ft,3.13,2
KbnvRUOc,Struff J-L.,Harris B.,2,2,ou,20.50,over,ft,1.42,3
KbnvRUOc,Struff J-L.,Harris B.,2,2,ou,20.50,under,ft,2.733,3
KbnvRUOc,Struff J-L.,Harris B.,2,2,ou,21.00,over,ft,1.487,3
KbnvRUOc,Struff J-L.,Harris B.,2,2,ou,21.00,under,ft,2.58,3
KbnvRUOc,Struff J-L.,Harris B.,2,2,ou,21.50,over,ft,1.585,4
KbnvRUOc,Struff J-L.,Harris B.,2,2,ou,21.50,under,ft,2.367,4
KbnvRUOc,Struff J-L.,Harris B.,2,2,ou,22.00,over,ft,1.693,3
KbnvRUOc,Struff J-L.,Harris B.,2,2,ou,22.00,under,ft,2.173,3
KbnvRUOc,Struff J-L.,Harris B.,2,2,ou,22.50,over,ft,1.863,4
KbnvRUOc,Struff J-L.,Harris B.,2,2,ou,22.50,under,ft,1.975,4
KbnvRUOc,Struff J-L.,Harris B.,2,2,ou,23.00,over,ft,1.983,3
KbnvRUOc,Struff J-L.,Harris B.,2,2,ou,23.00,under,ft,1.823,3
KbnvRUOc,Struff J-L.,Harris B.,2,2,ou,23.50,over,ft,2.13,4
KbnvRUOc,Struff J-L.,Harris B.,2,2,ou,23.50,under,ft,1.718,4
KbnvRUOc,Struff J-L.,Harris B.,2,2,ou,24.00,over,ft,2.15,3
KbnvRUOc,Struff J-L.,Harris B.,2,2,ou,24.00,under,ft,1.687,3
KbnvRUOc,Struff J-L.,Harris B.,2,2,ou,24.50,over,ft,2.167,4
KbnvRUOc,Struff J-L.,Harris B.,2,2,ou,24.50,under,ft,1.675,4
KbnvRUOc,Struff J-L.,Harris B.,2,2,ou,25.00,over,ft,2.2,2
KbnvRUOc,Struff J-L.,Harris B.,2,2,ou,25.00,under,ft,1.585,2
KbnvRUOc,Struff J-L.,Harris B.,2,2,ou,25.50,over,ft,2.39,1
KbnvRUOc,Struff J-L.,Harris B.,2,2,ou,25.50,under,ft,1.59,1
KbnvRUOc,Struff J-L.,Harris B.,2,2,ou,26.50,over,ft,2.67,1
KbnvRUOc,Struff J-L.,Harris B.,2,2,ou,26.50,under,ft,1.48,1
KbnvRUOc,Struff J-L.,Harris B.,2,2,ou,27.50,over,ft,2.84,1
KbnvRUOc,Struff J-L.,Harris B.,2,2,ou,27.50,under,ft,1.43,1
KbnvRUOc,Struff J-L.,Harris B.,2,2,hc,0,home,ft,1.35,1
KbnvRUOc,Struff J-L.,Harris B.,2,2,hc,0,away,ft,2.96,1
KbnvRUOc,Struff J-L.,Harris B.,2,2,hc,-1.00,home,ft,1.53,2
KbnvRUOc,Struff J-L.,Harris B.,2,2,hc,-1.00,away,ft,2.28,2
KbnvRUOc,Struff J-L.,Harris B.,2,2,hc,1.50,home,ft,1.133,3
KbnvRUOc,Struff J-L.,Harris B.,2,2,hc,1.50,away,ft,5.427,3
KbnvRUOc,Struff J-L.,Harris B.,2,2,hc,-1.50,home,ft,2.022,4
KbnvRUOc,Struff J-L.,Harris B.,2,2,hc,-1.50,away,ft,1.74,4
KbnvRUOc,Struff J-L.,Harris B.,2,2,hc,0,home,ft,1.33,2
KbnvRUOc,Struff J-L.,Harris B.,2,2,hc,0,away,ft,2.93,2
KbnvRUOc,Struff J-L.,Harris B.,2,2,hc,0.50,home,ft,1.32,1
KbnvRUOc,Struff J-L.,Harris B.,2,2,hc,0.50,away,ft,3.36,1
KbnvRUOc,Struff J-L.,Harris B.,2,2,hc,-0.50,home,ft,1.4,1
KbnvRUOc,Struff J-L.,Harris B.,2,2,hc,-0.50,away,ft,2.98,1
KbnvRUOc,Struff J-L.,Harris B.,2,2,hc,-1.00,home,ft,1.405,2
KbnvRUOc,Struff J-L.,Harris B.,2,2,hc,-1.00,away,ft,2.675,2
KbnvRUOc,Struff J-L.,Harris B.,2,2,hc,1.50,home,ft,1.27,1
KbnvRUOc,Struff J-L.,Harris B.,2,2,hc,1.50,away,ft,3.73,1
KbnvRUOc,Struff J-L.,Harris B.,2,2,hc,-1.50,home,ft,1.49,4
KbnvRUOc,Struff J-L.,Harris B.,2,2,hc,-1.50,away,ft,2.572,4
KbnvRUOc,Struff J-L.,Harris B.,2,2,hc,-2.00,home,ft,1.543,3
KbnvRUOc,Struff J-L.,Harris B.,2,2,hc,-2.00,away,ft,2.437,3
KbnvRUOc,Struff J-L.,Harris B.,2,2,hc,2.50,home,ft,1.21,1
KbnvRUOc,Struff J-L.,Harris B.,2,2,hc,2.50,away,ft,4.21,1
KbnvRUOc,Struff J-L.,Harris B.,2,2,hc,-2.50,home,ft,1.665,4
KbnvRUOc,Struff J-L.,Harris B.,2,2,hc,-2.50,away,ft,2.215,4
KbnvRUOc,Struff J-L.,Harris B.,2,2,hc,-3.00,home,ft,1.827,3
KbnvRUOc,Struff J-L.,Harris B.,2,2,hc,-3.00,away,ft,1.98,3
KbnvRUOc,Struff J-L.,Harris B.,2,2,hc,-3.50,home,ft,2.058,4
KbnvRUOc,Struff J-L.,Harris B.,2,2,hc,-3.50,away,ft,1.79,4
KbnvRUOc,Struff J-L.,Harris B.,2,2,hc,-4.00,home,ft,2.467,3
KbnvRUOc,Struff J-L.,Harris B.,2,2,hc,-4.00,away,ft,1.55,3
KbnvRUOc,Struff J-L.,Harris B.,2,2,hc,-4.50,home,ft,2.812,4
KbnvRUOc,Struff J-L.,Harris B.,2,2,hc,-4.50,away,ft,1.43,4
KbnvRUOc,Struff J-L.,Harris B.,2,2,hc,-5.00,home,ft,3.77,3
KbnvRUOc,Struff J-L.,Harris B.,2,2,hc,-5.00,away,ft,1.26,3
KbnvRUOc,Struff J-L.,Harris B.,2,2,hc,-5.50,home,ft,4.23,3
KbnvRUOc,Struff J-L.,Harris B.,2,2,hc,-5.50,away,ft,1.197,3
KbnvRUOc,Struff J-L.,Harris B.,2,2,hc,-6.00,home,ft,6.275,2
KbnvRUOc,Struff J-L.,Harris B.,2,2,hc,-6.00,away,ft,1.08,2
jVtM04zC,Marozsan F.,Bautista-Agut R.,2,2,ou,2.50,over,ft,2.37,1
jVtM04zC,Marozsan F.,Bautista-Agut R.,2,2,ou,2.50,under,ft,1.64,1
jVtM04zC,Marozsan F.,Bautista-Agut R.,2,2,ou,20.00,over,ft,1.33,2
jVtM04zC,Marozsan F.,Bautista-Agut R.,2,2,ou,20.00,under,ft,2.98,2
jVtM04zC,Marozsan F.,Bautista-Agut R.,2,2,ou,20.50,over,ft,1.433,3
jVtM04zC,Marozsan F.,Bautista-Agut R.,2,2,ou,20.50,under,ft,2.693,3
jVtM04zC,Marozsan F.,Bautista-Agut R.,2,2,ou,21.00,over,ft,1.513,3
jVtM04zC,Marozsan F.,Bautista-Agut R.,2,2,ou,21.00,under,ft,2.507,3
jVtM04zC,Marozsan F.,Bautista-Agut R.,2,2,ou,21.50,over,ft,1.59,4
jVtM04zC,Marozsan F.,Bautista-Agut R.,2,2,ou,21.50,under,ft,2.36,4
jVtM04zC,Marozsan F.,Bautista-Agut R.,2,2,ou,22.00,over,ft,1.707,3
jVtM04zC,Marozsan F.,Bautista-Agut R.,2,2,ou,22.00,under,ft,2.143,3
jVtM04zC,Marozsan F.,Bautista-Agut R.,2,2,ou,22.50,over,ft,1.84,4
jVtM04zC,Marozsan F.,Bautista-Agut R.,2,2,ou,22.50,under,ft,1.988,4
jVtM04zC,Marozsan F.,Bautista-Agut R.,2,2,ou,23.00,over,ft,1.953,3
jVtM04zC,Marozsan F.,Bautista-Agut R.,2,2,ou,23.00,under,ft,1.853,3
jVtM04zC,Marozsan F.,Bautista-Agut R.,2,2,ou,23.50,over,ft,2.058,4
jVtM04zC,Marozsan F.,Bautista-Agut R.,2,2,ou,23.50,under,ft,1.768,4
jVtM04zC,Marozsan F.,Bautista-Agut R.,2,2,ou,24.00,over,ft,2.09,3
jVtM04zC,Marozsan F.,Bautista-Agut R.,2,2,ou,24.00,under,ft,1.723,3
jVtM04zC,Marozsan F.,Bautista-Agut R.,2,2,ou,24.50,over,ft,2.095,4
jVtM04zC,Marozsan F.,Bautista-Agut R.,2,2,ou,24.50,under,ft,1.72,4
jVtM04zC,Marozsan F.,Bautista-Agut R.,2,2,ou,25.00,over,ft,2.15,2
jVtM04zC,Marozsan F.,Bautista-Agut R.,2,2,ou,25.00,under,ft,1.61,2
jVtM04zC,Marozsan F.,Bautista-Agut R.,2,2,ou,25.50,over,ft,2.25,1
jVtM04zC,Marozsan F.,Bautista-Agut R.,2,2,ou,25.50,under,ft,1.66,1
jVtM04zC,Marozsan F.,Bautista-Agut R.,2,2,ou,26.50,over,ft,2.53,1
jVtM04zC,Marozsan F.,Bautista-Agut R.,2,2,ou,26.50,under,ft,1.53,1
jVtM04zC,Marozsan F.,Bautista-Agut R.,2,2,ou,27.50,over,ft,2.73,1
jVtM04zC,Marozsan F.,Bautista-Agut R.,2,2,ou,27.50,under,ft,1.46,1
jVtM04zC,Marozsan F.,Bautista-Agut R.,2,2,hc,0,home,ft,1.8,1
jVtM04zC,Marozsan F.,Bautista-Agut R.,2,2,hc,0,away,ft,2.04,1
jVtM04zC,Marozsan F.,Bautista-Agut R.,2,2,hc,1.00,home,ft,1.39,2
jVtM04zC,Marozsan F.,Bautista-Agut R.,2,2,hc,1.00,away,ft,2.69,2
jVtM04zC,Marozsan F.,Bautista-Agut R.,2,2,hc,-1.00,home,ft,2.24,2
jVtM04zC,Marozsan F.,Bautista-Agut R.,2,2,hc,-1.00,away,ft,1.55,2
jVtM04zC,Marozsan F.,Bautista-Agut R.,2,2,hc,1.50,home,ft,1.3,3
jVtM04zC,Marozsan F.,Bautista-Agut R.,2,2,hc,1.50,away,ft,3.277,3
jVtM04zC,Marozsan F.,Bautista-Agut R.,2,2,hc,-1.50,home,ft,2.933,4
jVtM04zC,Marozsan F.,Bautista-Agut R.,2,2,hc,-1.50,away,ft,1.37,4
jVtM04zC,Marozsan F.,Bautista-Agut R.,2,2,hc,0,home,ft,1.77,3
jVtM04zC,Marozsan F.,Bautista-Agut R.,2,2,hc,0,away,ft,1.973,3
jVtM04zC,Marozsan F.,Bautista-Agut R.,2,2,hc,0.50,home,ft,1.705,4
jVtM04zC,Marozsan F.,Bautista-Agut R.,2,2,hc,0.50,away,ft,2.085,4
jVtM04zC,Marozsan F.,Bautista-Agut R.,2,2,hc,-0.50,home,ft,1.845,4
jVtM04zC,Marozsan F.,Bautista-Agut R.,2,2,hc,-0.50,away,ft,1.92,4
jVtM04zC,Marozsan F.,Bautista-Agut R.,2,2,hc,1.00,home,ft,1.63,3
jVtM04zC,Marozsan F.,Bautista-Agut R.,2,2,hc,1.00,away,ft,2.183,3
jVtM04zC,Marozsan F.,Bautista-Agut R.,2,2,hc,-1.00,home,ft,1.89,3
jVtM04zC,Marozsan F.,Bautista-Agut R.,2,2,hc,-1.00,away,ft,1.853,3
jVtM04zC,Marozsan F.,Bautista-Agut R.,2,2,hc,1.50,home,ft,1.635,4
jVtM04zC,Marozsan F.,Bautista-Agut R.,2,2,hc,1.50,away,ft,2.197,4
jVtM04zC,Marozsan F.,Bautista-Agut R.,2,2,hc,-1.50,home,ft,1.982,4
jVtM04zC,Marozsan F.,Bautista-Agut R.,2,2,hc,-1.50,away,ft,1.788,4
jVtM04zC,Marozsan F.,Bautista-Agut R.,2,2,hc,2.00,home,ft,1.547,3
jVtM04zC,Marozsan F.,Bautista-Agut R.,2,2,hc,2.00,away,ft,2.35,3
jVtM04zC,Marozsan F.,Bautista-Agut R.,2,2,hc,-2.00,home,ft,2.093,3
jVtM04zC,Marozsan F.,Bautista-Agut R.,2,2,hc,-2.00,away,ft,1.683,3
jVtM04zC,Marozsan F.,Bautista-Agut R.,2,2,hc,2.50,home,ft,1.515,4
jVtM04zC,Marozsan F.,Bautista-Agut R.,2,2,hc,2.50,away,ft,2.48,4
jVtM04zC,Marozsan F.,Bautista-Agut R.,2,2,hc,-2.50,home,ft,2.203,3
jVtM04zC,Marozsan F.,Bautista-Agut R.,2,2,hc,-2.50,away,ft,1.607,3
jVtM04zC,Marozsan F.,Bautista-Agut R.,2,2,hc,3.00,home,ft,1.487,3
jVtM04zC,Marozsan F.,Bautista-Agut R.,2,2,hc,3.00,away,ft,2.51,3
jVtM04zC,Marozsan F.,Bautista-Agut R.,2,2,hc,-3.00,home,ft,2.4,2
jVtM04zC,Marozsan F.,Bautista-Agut R.,2,2,hc,-3.00,away,ft,1.48,2
jVtM04zC,Marozsan F.,Bautista-Agut R.,2,2,hc,3.50,home,ft,1.387,3
jVtM04zC,Marozsan F.,Bautista-Agut R.,2,2,hc,3.50,away,ft,2.807,3
jVtM04zC,Marozsan F.,Bautista-Agut R.,2,2,hc,-3.50,home,ft,2.7,3
jVtM04zC,Marozsan F.,Bautista-Agut R.,2,2,hc,-3.50,away,ft,1.41,3
jVtM04zC,Marozsan F.,Bautista-Agut R.,2,2,hc,4.00,home,ft,1.26,2
jVtM04zC,Marozsan F.,Bautista-Agut R.,2,2,hc,4.00,away,ft,3.33,2
jVtM04zC,Marozsan F.,Bautista-Agut R.,2,2,hc,-4.00,home,ft,3.26,2
jVtM04zC,Marozsan F.,Bautista-Agut R.,2,2,hc,-4.00,away,ft,1.27,2
lxDdMgQM,Ramos A.,Mannarino A.,0,0,ou,2.50,over,ft,2.86,1
lxDdMgQM,Ramos A.,Mannarino A.,0,0,ou,2.50,under,ft,1.47,1
lxDdMgQM,Ramos A.,Mannarino A.,0,0,ou,16.50,over,ft,1.12,1
lxDdMgQM,Ramos A.,Mannarino A.,0,0,ou,16.50,under,ft,7.37,1
lxDdMgQM,Ramos A.,Mannarino A.,0,0,ou,18.00,over,ft,1.3,2
lxDdMgQM,Ramos A.,Mannarino A.,0,0,ou,18.00,under,ft,3.16,2
lxDdMgQM,Ramos A.,Mannarino A.,0,0,ou,18.50,over,ft,1.422,4
lxDdMgQM,Ramos A.,Mannarino A.,0,0,ou,18.50,under,ft,2.822,4
lxDdMgQM,Ramos A.,Mannarino A.,0,0,ou,19.00,over,ft,1.51,2
lxDdMgQM,Ramos A.,Mannarino A.,0,0,ou,19.00,under,ft,2.43,2
lxDdMgQM,Ramos A.,Mannarino A.,0,0,ou,19.50,over,ft,1.623,4
lxDdMgQM,Ramos A.,Mannarino A.,0,0,ou,19.50,under,ft,2.292,4
lxDdMgQM,Ramos A.,Mannarino A.,0,0,ou,20.00,over,ft,1.727,3
lxDdMgQM,Ramos A.,Mannarino A.,0,0,ou,20.00,under,ft,2.123,3
lxDdMgQM,Ramos A.,Mannarino A.,0,0,ou,20.50,over,ft,1.865,4
lxDdMgQM,Ramos A.,Mannarino A.,0,0,ou,20.50,under,ft,1.968,4
lxDdMgQM,Ramos A.,Mannarino A.,0,0,ou,21.00,over,ft,1.97,3
lxDdMgQM,Ramos A.,Mannarino A.,0,0,ou,21.00,under,ft,1.843,3
lxDdMgQM,Ramos A.,Mannarino A.,0,0,ou,21.50,over,ft,1.97,4
lxDdMgQM,Ramos A.,Mannarino A.,0,0,ou,21.50,under,ft,1.857,4
lxDdMgQM,Ramos A.,Mannarino A.,0,0,ou,22.00,over,ft,2.26,3
lxDdMgQM,Ramos A.,Mannarino A.,0,0,ou,22.00,under,ft,1.627,3
lxDdMgQM,Ramos A.,Mannarino A.,0,0,ou,22.50,over,ft,2.397,4
lxDdMgQM,Ramos A.,Mannarino A.,0,0,ou,22.50,under,ft,1.56,4
lxDdMgQM,Ramos A.,Mannarino A.,0,0,ou,23.00,over,ft,2.543,3
lxDdMgQM,Ramos A.,Mannarino A.,0,0,ou,23.00,under,ft,1.483,3
lxDdMgQM,Ramos A.,Mannarino A.,0,0,ou,23.50,over,ft,2.533,3
lxDdMgQM,Ramos A.,Mannarino A.,0,0,ou,23.50,under,ft,1.483,3
lxDdMgQM,Ramos A.,Mannarino A.,0,0,ou,24.00,over,ft,2.56,2
lxDdMgQM,Ramos A.,Mannarino A.,0,0,ou,24.00,under,ft,1.44,2
lxDdMgQM,Ramos A.,Mannarino A.,0,0,ou,24.50,over,ft,2.775,2
lxDdMgQM,Ramos A.,Mannarino A.,0,0,ou,24.50,under,ft,1.47,2
lxDdMgQM,Ramos A.,Mannarino A.,0,0,ou,25.50,over,ft,3.06,1
lxDdMgQM,Ramos A.,Mannarino A.,0,0,ou,25.50,under,ft,1.38,1
lxDdMgQM,Ramos A.,Mannarino A.,0,0,ou,26.50,over,ft,3.5,1
lxDdMgQM,Ramos A.,Mannarino A.,0,0,ou,26.50,under,ft,1.34,1
lxDdMgQM,Ramos A.,Mannarino A.,0,0,hc,1.00,home,ft,3.34,2
lxDdMgQM,Ramos A.,Mannarino A.,0,0,hc,1.00,away,ft,1.26,2
lxDdMgQM,Ramos A.,Mannarino A.,0,0,hc,1.50,home,ft,2.075,4
lxDdMgQM,Ramos A.,Mannarino A.,0,0,hc,1.50,away,ft,1.703,4
lxDdMgQM,Ramos A.,Mannarino A.,0,0,hc,-1.50,home,ft,6.877,4
lxDdMgQM,Ramos A.,Mannarino A.,0,0,hc,-1.50,away,ft,1.083,4
lxDdMgQM,Ramos A.,Mannarino A.,0,0,hc,0.50,home,ft,3.72,1
lxDdMgQM,Ramos A.,Mannarino A.,0,0,hc,0.50,away,ft,1.27,1
lxDdMgQM,Ramos A.,Mannarino A.,0,0,hc,-0.50,home,ft,4.2,1
lxDdMgQM,Ramos A.,Mannarino A.,0,0,hc,-0.50,away,ft,1.21,1
lxDdMgQM,Ramos A.,Mannarino A.,0,0,hc,1.50,home,ft,3.435,2
lxDdMgQM,Ramos A.,Mannarino A.,0,0,hc,1.50,away,ft,1.33,2
lxDdMgQM,Ramos A.,Mannarino A.,0,0,hc,-1.50,home,ft,4.76,1
lxDdMgQM,Ramos A.,Mannarino A.,0,0,hc,-1.50,away,ft,1.22,1
lxDdMgQM,Ramos A.,Mannarino A.,0,0,hc,2.00,home,ft,3.35,2
lxDdMgQM,Ramos A.,Mannarino A.,0,0,hc,2.00,away,ft,1.27,2
lxDdMgQM,Ramos A.,Mannarino A.,0,0,hc,2.50,home,ft,2.967,4
lxDdMgQM,Ramos A.,Mannarino A.,0,0,hc,2.50,away,ft,1.385,4
lxDdMgQM,Ramos A.,Mannarino A.,0,0,hc,3.00,home,ft,2.84,3
lxDdMgQM,Ramos A.,Mannarino A.,0,0,hc,3.00,away,ft,1.417,3
lxDdMgQM,Ramos A.,Mannarino A.,0,0,hc,3.50,home,ft,2.482,4
lxDdMgQM,Ramos A.,Mannarino A.,0,0,hc,3.50,away,ft,1.54,4
lxDdMgQM,Ramos A.,Mannarino A.,0,0,hc,-3.50,home,ft,7.08,1
lxDdMgQM,Ramos A.,Mannarino A.,0,0,hc,-3.50,away,ft,1.12,1
lxDdMgQM,Ramos A.,Mannarino A.,0,0,hc,4.00,home,ft,2.227,3
lxDdMgQM,Ramos A.,Mannarino A.,0,0,hc,4.00,away,ft,1.667,3
lxDdMgQM,Ramos A.,Mannarino A.,0,0,hc,4.50,home,ft,1.828,4
lxDdMgQM,Ramos A.,Mannarino A.,0,0,hc,4.50,away,ft,2.002,4
lxDdMgQM,Ramos A.,Mannarino A.,0,0,hc,5.00,home,ft,1.72,3
lxDdMgQM,Ramos A.,Mannarino A.,0,0,hc,5.00,away,ft,2.143,3
lxDdMgQM,Ramos A.,Mannarino A.,0,0,hc,5.50,home,ft,1.56,4
lxDdMgQM,Ramos A.,Mannarino A.,0,0,hc,5.50,away,ft,2.442,4
lxDdMgQM,Ramos A.,Mannarino A.,0,0,hc,6.00,home,ft,1.357,3
lxDdMgQM,Ramos A.,Mannarino A.,0,0,hc,6.00,away,ft,3.14,3
lxDdMgQM,Ramos A.,Mannarino A.,0,0,hc,6.50,home,ft,1.297,3
lxDdMgQM,Ramos A.,Mannarino A.,0,0,hc,6.50,away,ft,3.33,3
lxDdMgQM,Ramos A.,Mannarino A.,0,0,hc,7.00,home,ft,1.15,2
lxDdMgQM,Ramos A.,Mannarino A.,0,0,hc,7.00,away,ft,4.7,2
lxDdMgQM,Ramos A.,Mannarino A.,0,0,hc,7.50,home,ft,1.12,1
lxDdMgQM,Ramos A.,Mannarino A.,0,0,hc,7.50,away,ft,7.35,1
2czRFo4q,Ofner S.,O'Connell C.,2,2,ou,2.50,over,ft,2.16,1
2czRFo4q,Ofner S.,O'Connell C.,2,2,ou,2.50,under,ft,1.76,1
2czRFo4q,Ofner S.,O'Connell C.,2,2,ou,20.00,over,ft,1.28,2
2czRFo4q,Ofner S.,O'Connell C.,2,2,ou,20.00,under,ft,3.28,2
2czRFo4q,Ofner S.,O'Connell C.,2,2,ou,20.50,over,ft,1.38,2
2czRFo4q,Ofner S.,O'Connell C.,2,2,ou,20.50,under,ft,2.82,2
2czRFo4q,Ofner S.,O'Connell C.,2,2,ou,21.00,over,ft,1.36,2
2czRFo4q,Ofner S.,O'Connell C.,2,2,ou,21.00,under,ft,2.85,2
2czRFo4q,Ofner S.,O'Connell C.,2,2,ou,21.50,over,ft,1.468,4
2czRFo4q,Ofner S.,O'Connell C.,2,2,ou,21.50,under,ft,2.64,4
2czRFo4q,Ofner S.,O'Connell C.,2,2,ou,22.00,over,ft,1.54,3
2czRFo4q,Ofner S.,O'Connell C.,2,2,ou,22.00,under,ft,2.44,3
2czRFo4q,Ofner S.,O'Connell C.,2,2,ou,22.50,over,ft,1.682,4
2czRFo4q,Ofner S.,O'Connell C.,2,2,ou,22.50,under,ft,2.18,4
2czRFo4q,Ofner S.,O'Connell C.,2,2,ou,23.00,over,ft,1.8,3
2czRFo4q,Ofner S.,O'Connell C.,2,2,ou,23.00,under,ft,2.023,3
2czRFo4q,Ofner S.,O'Connell C.,2,2,ou,23.50,over,ft,1.927,4
2czRFo4q,Ofner S.,O'Connell C.,2,2,ou,23.50,under,ft,1.922,4
2czRFo4q,Ofner S.,O'Connell C.,2,2,ou,24.00,over,ft,1.95,3
2czRFo4q,Ofner S.,O'Connell C.,2,2,ou,24.00,under,ft,1.857,3
2czRFo4q,Ofner S.,O'Connell C.,2,2,ou,24.50,over,ft,1.962,4
2czRFo4q,Ofner S.,O'Connell C.,2,2,ou,24.50,under,ft,1.843,4
2czRFo4q,Ofner S.,O'Connell C.,2,2,ou,25.00,over,ft,2.04,3
2czRFo4q,Ofner S.,O'Connell C.,2,2,ou,25.00,under,ft,1.76,3
2czRFo4q,Ofner S.,O'Connell C.,2,2,ou,25.50,over,ft,2.103,4
2czRFo4q,Ofner S.,O'Connell C.,2,2,ou,25.50,under,ft,1.72,4
2czRFo4q,Ofner S.,O'Connell C.,2,2,ou,26.00,over,ft,2.23,2
2czRFo4q,Ofner S.,O'Connell C.,2,2,ou,26.00,under,ft,1.57,2
2czRFo4q,Ofner S.,O'Connell C.,2,2,ou,26.50,over,ft,2.39,1
2czRFo4q,Ofner S.,O'Connell C.,2,2,ou,26.50,under,ft,1.59,1
2czRFo4q,Ofner S.,O'Connell C.,2,2,ou,27.50,over,ft,2.51,1
2czRFo4q,Ofner S.,O'Connell C.,2,2,ou,27.50,under,ft,1.54,1
2czRFo4q,Ofner S.,O'Connell C.,2,2,ou,28.50,over,ft,2.74,1
2czRFo4q,Ofner S.,O'Connell C.,2,2,ou,28.50,under,ft,1.46,1
2czRFo4q,Ofner S.,O'Connell C.,2,2,hc,0,home,ft,2.09,1
2czRFo4q,Ofner S.,O'Connell C.,2,2,hc,0,away,ft,1.75,1
2czRFo4q,Ofner S.,O'Connell C.,2,2,hc,1.00,home,ft,1.52,2
2czRFo4q,Ofner S.,O'Connell C.,2,2,hc,1.00,away,ft,2.3,2
2czRFo4q,Ofner S.,O'Connell C.,2,2,hc,-1.00,home,ft,2.66,2
2czRFo4q,Ofner S.,O'Connell C.,2,2,hc,-1.00,away,ft,1.39,2
2czRFo4q,Ofner S.,O'Connell C.,2,2,hc,1.50,home,ft,1.38,4
2czRFo4q,Ofner S.,O'Connell C.,2,2,hc,1.50,away,ft,2.9,4
2czRFo4q,Ofner S.,O'Connell C.,2,2,hc,-1.50,home,ft,3.52,4
2czRFo4q,Ofner S.,O'Connell C.,2,2,hc,-1.50,away,ft,1.272,4
2czRFo4q,Ofner S.,O'Connell C.,2,2,hc,0,home,ft,2.057,3
2czRFo4q,Ofner S.,O'Connell C.,2,2,hc,0,away,ft,1.707,3
2czRFo4q,Ofner S.,O'Connell C.,2,2,hc,0.50,home,ft,1.948,4
2czRFo4q,Ofner S.,O'Connell C.,2,2,hc,0.50,away,ft,1.82,4
2czRFo4q,Ofner S.,O'Connell C.,2,2,hc,-0.50,home,ft,2.133,4
2czRFo4q,Ofner S.,O'Connell C.,2,2,hc,-0.50,away,ft,1.675,4
2czRFo4q,Ofner S.,O'Connell C.,2,2,hc,1.00,home,ft,1.853,3
2czRFo4q,Ofner S.,O'Connell C.,2,2,hc,1.00,away,ft,1.883,3
2czRFo4q,Ofner S.,O'Connell C.,2,2,hc,-1.00,home,ft,2.183,3
2czRFo4q,Ofner S.,O'Connell C.,2,2,hc,-1.00,away,ft,1.627,3
2czRFo4q,Ofner S.,O'Connell C.,2,2,hc,1.50,home,ft,1.788,4
2czRFo4q,Ofner S.,O'Connell C.,2,2,hc,1.50,away,ft,1.982,4
2czRFo4q,Ofner S.,O'Connell C.,2,2,hc,-1.50,home,ft,2.293,3
2czRFo4q,Ofner S.,O'Connell C.,2,2,hc,-1.50,away,ft,1.56,3
2czRFo4q,Ofner S.,O'Connell C.,2,2,hc,2.00,home,ft,1.663,3
2czRFo4q,Ofner S.,O'Connell C.,2,2,hc,2.00,away,ft,2.127,3
2czRFo4q,Ofner S.,O'Connell C.,2,2,hc,-2.00,home,ft,2.42,2
2czRFo4q,Ofner S.,O'Connell C.,2,2,hc,-2.00,away,ft,1.47,2
2czRFo4q,Ofner S.,O'Connell C.,2,2,hc,2.50,home,ft,1.585,4
2czRFo4q,Ofner S.,O'Connell C.,2,2,hc,2.50,away,ft,2.3,4
2czRFo4q,Ofner S.,O'Connell C.,2,2,hc,-2.50,home,ft,2.69,3
2czRFo4q,Ofner S.,O'Connell C.,2,2,hc,-2.50,away,ft,1.417,3
2czRFo4q,Ofner S.,O'Connell C.,2,2,hc,3.00,home,ft,1.443,3
2czRFo4q,Ofner S.,O'Connell C.,2,2,hc,3.00,away,ft,2.647,3
2czRFo4q,Ofner S.,O'Connell C.,2,2,hc,3.50,home,ft,1.38,3
2czRFo4q,Ofner S.,O'Connell C.,2,2,hc,3.50,away,ft,2.823,3
2czRFo4q,Ofner S.,O'Connell C.,2,2,hc,-3.50,home,ft,3.89,1
2czRFo4q,Ofner S.,O'Connell C.,2,2,hc,-3.50,away,ft,1.25,1
2czRFo4q,Ofner S.,O'Connell C.,2,2,hc,4.00,home,ft,1.25,2
2czRFo4q,Ofner S.,O'Connell C.,2,2,hc,4.00,away,ft,3.4,2
SKZ6CoXn,Draper J.,Marterer M.,2,2,ou,2.50,over,ft,2.67,1
SKZ6CoXn,Draper J.,Marterer M.,2,2,ou,2.50,under,ft,1.51,1
SKZ6CoXn,Draper J.,Marterer M.,2,2,ou,20.00,over,ft,1.32,2
SKZ6CoXn,Draper J.,Marterer M.,2,2,ou,20.00,under,ft,3.05,2
SKZ6CoXn,Draper J.,Marterer M.,2,2,ou,20.50,over,ft,1.447,3
SKZ6CoXn,Draper J.,Marterer M.,2,2,ou,20.50,under,ft,2.647,3
SKZ6CoXn,Draper J.,Marterer M.,2,2,ou,21.00,over,ft,1.48,2
SKZ6CoXn,Draper J.,Marterer M.,2,2,ou,21.00,under,ft,2.51,2
SKZ6CoXn,Draper J.,Marterer M.,2,2,ou,21.50,over,ft,1.625,4
SKZ6CoXn,Draper J.,Marterer M.,2,2,ou,21.50,under,ft,2.28,4
SKZ6CoXn,Draper J.,Marterer M.,2,2,ou,22.00,over,ft,1.74,3
SKZ6CoXn,Draper J.,Marterer M.,2,2,ou,22.00,under,ft,2.087,3
SKZ6CoXn,Draper J.,Marterer M.,2,2,ou,22.50,over,ft,1.905,4
SKZ6CoXn,Draper J.,Marterer M.,2,2,ou,22.50,under,ft,1.915,4
SKZ6CoXn,Draper J.,Marterer M.,2,2,ou,23.00,over,ft,2.03,3
SKZ6CoXn,Draper J.,Marterer M.,2,2,ou,23.00,under,ft,1.787,3
SKZ6CoXn,Draper J.,Marterer M.,2,2,ou,23.50,over,ft,2.177,4
SKZ6CoXn,Draper J.,Marterer M.,2,2,ou,23.50,under,ft,1.685,4
SKZ6CoXn,Draper J.,Marterer M.,2,2,ou,24.00,over,ft,2.1,2
SKZ6CoXn,Draper J.,Marterer M.,2,2,ou,24.00,under,ft,1.68,2
SKZ6CoXn,Draper J.,Marterer M.,2,2,ou,24.50,over,ft,2.153,3
SKZ6CoXn,Draper J.,Marterer M.,2,2,ou,24.50,under,ft,1.657,3
SKZ6CoXn,Draper J.,Marterer M.,2,2,ou,25.00,over,ft,2.19,2
SKZ6CoXn,Draper J.,Marterer M.,2,2,ou,25.00,under,ft,1.59,2
SKZ6CoXn,Draper J.,Marterer M.,2,2,ou,25.50,over,ft,2.263,3
SKZ6CoXn,Draper J.,Marterer M.,2,2,ou,25.50,under,ft,1.597,3
SKZ6CoXn,Draper J.,Marterer M.,2,2,ou,26.00,over,ft,2.36,2
SKZ6CoXn,Draper J.,Marterer M.,2,2,ou,26.00,under,ft,1.51,2
SKZ6CoXn,Draper J.,Marterer M.,2,2,ou,26.50,over,ft,2.74,1
SKZ6CoXn,Draper J.,Marterer M.,2,2,ou,26.50,under,ft,1.46,1
SKZ6CoXn,Draper J.,Marterer M.,2,2,ou,27.50,over,ft,2.96,1
SKZ6CoXn,Draper J.,Marterer M.,2,2,ou,27.50,under,ft,1.4,1
SKZ6CoXn,Draper J.,Marterer M.,2,2,hc,0,home,ft,1.38,1
SKZ6CoXn,Draper J.,Marterer M.,2,2,hc,0,away,ft,2.85,1
SKZ6CoXn,Draper J.,Marterer M.,2,2,hc,-1.00,home,ft,1.52,2
SKZ6CoXn,Draper J.,Marterer M.,2,2,hc,-1.00,away,ft,2.3,2
SKZ6CoXn,Draper J.,Marterer M.,2,2,hc,1.50,home,ft,1.133,3
SKZ6CoXn,Draper J.,Marterer M.,2,2,hc,1.50,away,ft,5.39,3
SKZ6CoXn,Draper J.,Marterer M.,2,2,hc,-1.50,home,ft,2.0,3
SKZ6CoXn,Draper J.,Marterer M.,2,2,hc,-1.50,away,ft,1.767,3
SKZ6CoXn,Draper J.,Marterer M.,2,2,hc,0.50,home,ft,1.333,3
SKZ6CoXn,Draper J.,Marterer M.,2,2,hc,0.50,away,ft,3.083,3
SKZ6CoXn,Draper J.,Marterer M.,2,2,hc,-0.50,home,ft,1.42,3
SKZ6CoXn,Draper J.,Marterer M.,2,2,hc,-0.50,away,ft,2.737,3
SKZ6CoXn,Draper J.,Marterer M.,2,2,hc,-1.00,home,ft,1.4,2
SKZ6CoXn,Draper J.,Marterer M.,2,2,hc,-1.00,away,ft,2.69,2
SKZ6CoXn,Draper J.,Marterer M.,2,2,hc,1.50,home,ft,1.27,1
SKZ6CoXn,Draper J.,Marterer M.,2,2,hc,1.50,away,ft,3.67,1
SKZ6CoXn,Draper J.,Marterer M.,2,2,hc,-1.50,home,ft,1.467,3
SKZ6CoXn,Draper J.,Marterer M.,2,2,hc,-1.50,away,ft,2.577,3
SKZ6CoXn,Draper J.,Marterer M.,2,2,hc,-2.00,home,ft,1.543,3
SKZ6CoXn,Draper J.,Marterer M.,2,2,hc,-2.00,away,ft,2.42,3
SKZ6CoXn,Draper J.,Marterer M.,2,2,hc,2.50,home,ft,1.23,1
SKZ6CoXn,Draper J.,Marterer M.,2,2,hc,2.50,away,ft,4.01,1
SKZ6CoXn,Draper J.,Marterer M.,2,2,hc,-2.50,home,ft,1.637,4
SKZ6CoXn,Draper J.,Marterer M.,2,2,hc,-2.50,away,ft,2.252,4
SKZ6CoXn,Draper J.,Marterer M.,2,2,hc,-3.00,home,ft,1.793,3
SKZ6CoXn,Draper J.,Marterer M.,2,2,hc,-3.00,away,ft,2.017,3
SKZ6CoXn,Draper J.,Marterer M.,2,2,hc,-3.50,home,ft,2.007,4
SKZ6CoXn,Draper J.,Marterer M.,2,2,hc,-3.50,away,ft,1.82,4
SKZ6CoXn,Draper J.,Marterer M.,2,2,hc,-4.00,home,ft,2.397,3
SKZ6CoXn,Draper J.,Marterer M.,2,2,hc,-4.00,away,ft,1.573,3
SKZ6CoXn,Draper J.,Marterer M.,2,2,hc,-4.50,home,ft,2.75,4
SKZ6CoXn,Draper J.,Marterer M.,2,2,hc,-4.50,away,ft,1.445,4
SKZ6CoXn,Draper J.,Marterer M.,2,2,hc,-5.00,home,ft,3.5,2
SKZ6CoXn,Draper J.,Marterer M.,2,2,hc,-5.00,away,ft,1.27,2
SKZ6CoXn,Draper J.,Marterer M.,2,2,hc,-5.50,home,ft,3.98,3
SKZ6CoXn,Draper J.,Marterer M.,2,2,hc,-5.50,away,ft,1.217,3
SKZ6CoXn,Draper J.,Marterer M.,2,2,hc,-6.00,home,ft,5.8,2
SKZ6CoXn,Draper J.,Marterer M.,2,2,hc,-6.00,away,ft,1.1,2
2Trj7vwg,Fucsovics M.,Atmane T.,2,2,ou,2.50,over,ft,2.41,1
2Trj7vwg,Fucsovics M.,Atmane T.,2,2,ou,2.50,under,ft,1.61,1
2Trj7vwg,Fucsovics M.,Atmane T.,2,2,ou,20.00,over,ft,1.3,2
2Trj7vwg,Fucsovics M.,Atmane T.,2,2,ou,20.00,under,ft,3.16,2
2Trj7vwg,Fucsovics M.,Atmane T.,2,2,ou,20.50,over,ft,1.44,3
2Trj7vwg,Fucsovics M.,Atmane T.,2,2,ou,20.50,under,ft,2.663,3
2Trj7vwg,Fucsovics M.,Atmane T.,2,2,ou,21.00,over,ft,1.523,3
2Trj7vwg,Fucsovics M.,Atmane T.,2,2,ou,21.00,under,ft,2.473,3
2Trj7vwg,Fucsovics M.,Atmane T.,2,2,ou,21.50,over,ft,1.61,4
2Trj7vwg,Fucsovics M.,Atmane T.,2,2,ou,21.50,under,ft,2.31,4
2Trj7vwg,Fucsovics M.,Atmane T.,2,2,ou,22.00,over,ft,1.717,3
2Trj7vwg,Fucsovics M.,Atmane T.,2,2,ou,22.00,under,ft,2.127,3
2Trj7vwg,Fucsovics M.,Atmane T.,2,2,ou,22.50,over,ft,1.883,4
2Trj7vwg,Fucsovics M.,Atmane T.,2,2,ou,22.50,under,ft,1.935,4
2Trj7vwg,Fucsovics M.,Atmane T.,2,2,ou,23.00,over,ft,2.007,3
2Trj7vwg,Fucsovics M.,Atmane T.,2,2,ou,23.00,under,ft,1.803,3
2Trj7vwg,Fucsovics M.,Atmane T.,2,2,ou,23.50,over,ft,2.155,4
2Trj7vwg,Fucsovics M.,Atmane T.,2,2,ou,23.50,under,ft,1.698,4
2Trj7vwg,Fucsovics M.,Atmane T.,2,2,ou,24.00,over,ft,2.137,3
2Trj7vwg,Fucsovics M.,Atmane T.,2,2,ou,24.00,under,ft,1.69,3
2Trj7vwg,Fucsovics M.,Atmane T.,2,2,ou,24.50,over,ft,2.167,3
2Trj7vwg,Fucsovics M.,Atmane T.,2,2,ou,24.50,under,ft,1.653,3
2Trj7vwg,Fucsovics M.,Atmane T.,2,2,ou,25.00,over,ft,2.23,2
2Trj7vwg,Fucsovics M.,Atmane T.,2,2,ou,25.00,under,ft,1.57,2
2Trj7vwg,Fucsovics M.,Atmane T.,2,2,ou,25.50,over,ft,2.337,3
2Trj7vwg,Fucsovics M.,Atmane T.,2,2,ou,25.50,under,ft,1.543,3
2Trj7vwg,Fucsovics M.,Atmane T.,2,2,ou,26.50,over,ft,2.74,1
2Trj7vwg,Fucsovics M.,Atmane T.,2,2,ou,26.50,under,ft,1.46,1
2Trj7vwg,Fucsovics M.,Atmane T.,2,2,ou,27.50,over,ft,2.96,1
2Trj7vwg,Fucsovics M.,Atmane T.,2,2,ou,27.50,under,ft,1.4,1
2Trj7vwg,Fucsovics M.,Atmane T.,2,2,hc,0,home,ft,1.35,1
2Trj7vwg,Fucsovics M.,Atmane T.,2,2,hc,0,away,ft,2.92,1
2Trj7vwg,Fucsovics M.,Atmane T.,2,2,hc,-1.00,home,ft,1.47,2
2Trj7vwg,Fucsovics M.,Atmane T.,2,2,hc,-1.00,away,ft,2.42,2
2Trj7vwg,Fucsovics M.,Atmane T.,2,2,hc,1.50,home,ft,1.137,3
2Trj7vwg,Fucsovics M.,Atmane T.,2,2,hc,1.50,away,ft,5.223,3
2Trj7vwg,Fucsovics M.,Atmane T.,2,2,hc,-1.50,home,ft,2.04,4
2Trj7vwg,Fucsovics M.,Atmane T.,2,2,hc,-1.50,away,ft,1.72,4
2Trj7vwg,Fucsovics M.,Atmane T.,2,2,hc,0.50,home,ft,1.343,3
2Trj7vwg,Fucsovics M.,Atmane T.,2,2,hc,0.50,away,ft,3.033,3
2Trj7vwg,Fucsovics M.,Atmane T.,2,2,hc,-0.50,home,ft,1.423,3
2Trj7vwg,Fucsovics M.,Atmane T.,2,2,hc,-0.50,away,ft,2.73,3
2Trj7vwg,Fucsovics M.,Atmane T.,2,2,hc,-1.00,home,ft,1.36,2
2Trj7vwg,Fucsovics M.,Atmane T.,2,2,hc,-1.00,away,ft,2.84,2
2Trj7vwg,Fucsovics M.,Atmane T.,2,2,hc,1.50,home,ft,1.27,1
2Trj7vwg,Fucsovics M.,Atmane T.,2,2,hc,1.50,away,ft,3.72,1
2Trj7vwg,Fucsovics M.,Atmane T.,2,2,hc,-1.50,home,ft,1.49,4
2Trj7vwg,Fucsovics M.,Atmane T.,2,2,hc,-1.50,away,ft,2.575,4
2Trj7vwg,Fucsovics M.,Atmane T.,2,2,hc,-2.00,home,ft,1.523,3
2Trj7vwg,Fucsovics M.,Atmane T.,2,2,hc,-2.00,away,ft,2.473,3
2Trj7vwg,Fucsovics M.,Atmane T.,2,2,hc,2.50,home,ft,1.21,1
2Trj7vwg,Fucsovics M.,Atmane T.,2,2,hc,2.50,away,ft,4.2,1
2Trj7vwg,Fucsovics M.,Atmane T.,2,2,hc,-2.50,home,ft,1.645,4
2Trj7vwg,Fucsovics M.,Atmane T.,2,2,hc,-2.50,away,ft,2.243,4
2Trj7vwg,Fucsovics M.,Atmane T.,2,2,hc,-3.00,home,ft,1.803,3
2Trj7vwg,Fucsovics M.,Atmane T.,2,2,hc,-3.00,away,ft,2.003,3
2Trj7vwg,Fucsovics M.,Atmane T.,2,2,hc,-3.50,home,ft,2.015,4
2Trj7vwg,Fucsovics M.,Atmane T.,2,2,hc,-3.50,away,ft,1.818,4
2Trj7vwg,Fucsovics M.,Atmane T.,2,2,hc,-4.00,home,ft,2.407,3
2Trj7vwg,Fucsovics M.,Atmane T.,2,2,hc,-4.00,away,ft,1.57,3
2Trj7vwg,Fucsovics M.,Atmane T.,2,2,hc,-4.50,home,ft,2.735,4
2Trj7vwg,Fucsovics M.,Atmane T.,2,2,hc,-4.50,away,ft,1.45,4
2Trj7vwg,Fucsovics M.,Atmane T.,2,2,hc,-5.00,home,ft,3.56,2
2Trj7vwg,Fucsovics M.,Atmane T.,2,2,hc,-5.00,away,ft,1.26,2
2Trj7vwg,Fucsovics M.,Atmane T.,2,2,hc,-5.50,home,ft,3.973,3
2Trj7vwg,Fucsovics M.,Atmane T.,2,2,hc,-5.50,away,ft,1.217,3
2Trj7vwg,Fucsovics M.,Atmane T.,2,2,hc,-6.00,home,ft,6.05,2
2Trj7vwg,Fucsovics M.,Atmane T.,2,2,hc,-6.00,away,ft,1.09,2
CO3B9qH5,Ilkel C.,Kuzmanov D.,2,2,ou,2.50,over,ft,2.41,1
CO3B9qH5,Ilkel C.,Kuzmanov D.,2,2,ou,2.50,under,ft,1.61,1
CO3B9qH5,Ilkel C.,Kuzmanov D.,2,2,ou,19.50,over,ft,1.4,1
CO3B9qH5,Ilkel C.,Kuzmanov D.,2,2,ou,19.50,under,ft,2.98,1
CO3B9qH5,Ilkel C.,Kuzmanov D.,2,2,ou,20.00,over,ft,1.35,2
CO3B9qH5,Ilkel C.,Kuzmanov D.,2,2,ou,20.00,under,ft,2.9,2
CO3B9qH5,Ilkel C.,Kuzmanov D.,2,2,ou,20.50,over,ft,1.493,3
CO3B9qH5,Ilkel C.,Kuzmanov D.,2,2,ou,20.50,under,ft,2.507,3
CO3B9qH5,Ilkel C.,Kuzmanov D.,2,2,ou,21.00,over,ft,1.573,3
CO3B9qH5,Ilkel C.,Kuzmanov D.,2,2,ou,21.00,under,ft,2.357,3
CO3B9qH5,Ilkel C.,Kuzmanov D.,2,2,ou,21.50,over,ft,1.688,4
CO3B9qH5,Ilkel C.,Kuzmanov D.,2,2,ou,21.50,under,ft,2.18,4
CO3B9qH5,Ilkel C.,Kuzmanov D.,2,2,ou,22.00,over,ft,1.783,3
CO3B9qH5,Ilkel C.,Kuzmanov D.,2,2,ou,22.00,under,ft,2.04,3
CO3B9qH5,Ilkel C.,Kuzmanov D.,2,2,ou,22.50,over,ft,1.945,4
CO3B9qH5,Ilkel C.,Kuzmanov D.,2,2,ou,22.50,under,ft,1.875,4
CO3B9qH5,Ilkel C.,Kuzmanov D.,2,2,ou,23.00,over,ft,2.03,3
CO3B9qH5,Ilkel C.,Kuzmanov D.,2,2,ou,23.00,under,ft,1.783,3
CO3B9qH5,Ilkel C.,Kuzmanov D.,2,2,ou,23.50,over,ft,2.152,4
CO3B9qH5,Ilkel C.,Kuzmanov D.,2,2,ou,23.50,under,ft,1.695,4
CO3B9qH5,Ilkel C.,Kuzmanov D.,2,2,ou,24.00,over,ft,2.11,2
CO3B9qH5,Ilkel C.,Kuzmanov D.,2,2,ou,24.00,under,ft,1.67,2
CO3B9qH5,Ilkel C.,Kuzmanov D.,2,2,ou,24.50,over,ft,2.197,3
CO3B9qH5,Ilkel C.,Kuzmanov D.,2,2,ou,24.50,under,ft,1.633,3
CO3B9qH5,Ilkel C.,Kuzmanov D.,2,2,ou,25.00,over,ft,2.23,2
CO3B9qH5,Ilkel C.,Kuzmanov D.,2,2,ou,25.00,under,ft,1.57,2
CO3B9qH5,Ilkel C.,Kuzmanov D.,2,2,ou,25.50,over,ft,2.673,3
CO3B9qH5,Ilkel C.,Kuzmanov D.,2,2,ou,25.50,under,ft,1.427,3
CO3B9qH5,Ilkel C.,Kuzmanov D.,2,2,ou,26.50,over,ft,2.92,1
CO3B9qH5,Ilkel C.,Kuzmanov D.,2,2,ou,26.50,under,ft,1.41,1
CO3B9qH5,Ilkel C.,Kuzmanov D.,2,2,ou,27.50,over,ft,2.96,1
CO3B9qH5,Ilkel C.,Kuzmanov D.,2,2,ou,27.50,under,ft,1.4,1
CO3B9qH5,Ilkel C.,Kuzmanov D.,2,2,hc,1.00,home,ft,1.49,2
CO3B9qH5,Ilkel C.,Kuzmanov D.,2,2,hc,1.00,away,ft,2.37,2
CO3B9qH5,Ilkel C.,Kuzmanov D.,2,2,hc,-1.00,home,ft,2.44,2
CO3B9qH5,Ilkel C.,Kuzmanov D.,2,2,hc,-1.00,away,ft,1.46,2
CO3B9qH5,Ilkel C.,Kuzmanov D.,2,2,hc,1.50,home,ft,1.433,3
CO3B9qH5,Ilkel C.,Kuzmanov D.,2,2,hc,1.50,away,ft,2.68,3
CO3B9qH5,Ilkel C.,Kuzmanov D.,2,2,hc,-1.50,home,ft,3.507,3
CO3B9qH5,Ilkel C.,Kuzmanov D.,2,2,hc,-1.50,away,ft,1.27,3
CO3B9qH5,Ilkel C.,Kuzmanov D.,2,2,hc,0,home,ft,2.017,3
CO3B9qH5,Ilkel C.,Kuzmanov D.,2,2,hc,0,away,ft,1.737,3
CO3B9qH5,Ilkel C.,Kuzmanov D.,2,2,hc,0.50,home,ft,1.955,4
CO3B9qH5,Ilkel C.,Kuzmanov D.,2,2,hc,0.50,away,ft,1.873,4
CO3B9qH5,Ilkel C.,Kuzmanov D.,2,2,hc,-0.50,home,ft,2.06,4
CO3B9qH5,Ilkel C.,Kuzmanov D.,2,2,hc,-0.50,away,ft,1.768,4
CO3B9qH5,Ilkel C.,Kuzmanov D.,2,2,hc,1.00,home,ft,1.853,3
CO3B9qH5,Ilkel C.,Kuzmanov D.,2,2,hc,1.00,away,ft,1.953,3
CO3B9qH5,Ilkel C.,Kuzmanov D.,2,2,hc,-1.00,home,ft,2.04,3
CO3B9qH5,Ilkel C.,Kuzmanov D.,2,2,hc,-1.00,away,ft,1.76,3
CO3B9qH5,Ilkel C.,Kuzmanov D.,2,2,hc,1.50,home,ft,1.825,4
CO3B9qH5,Ilkel C.,Kuzmanov D.,2,2,hc,1.50,away,ft,2.01,4
CO3B9qH5,Ilkel C.,Kuzmanov D.,2,2,hc,-1.50,home,ft,2.165,4
CO3B9qH5,Ilkel C.,Kuzmanov D.,2,2,hc,-1.50,away,ft,1.68,4
CO3B9qH5,Ilkel C.,Kuzmanov D.,2,2,hc,2.00,home,ft,1.687,3
CO3B9qH5,Ilkel C.,Kuzmanov D.,2,2,hc,2.00,away,ft,2.147,3
CO3B9qH5,Ilkel C.,Kuzmanov D.,2,2,hc,-2.00,home,ft,2.26,2
CO3B9qH5,Ilkel C.,Kuzmanov D.,2,2,hc,-2.00,away,ft,1.57,2
CO3B9qH5,Ilkel C.,Kuzmanov D.,2,2,hc,2.50,home,ft,1.645,4
CO3B9qH5,Ilkel C.,Kuzmanov D.,2,2,hc,2.50,away,ft,2.22,4
CO3B9qH5,Ilkel C.,Kuzmanov D.,2,2,hc,-2.50,home,ft,2.427,3
CO3B9qH5,Ilkel C.,Kuzmanov D.,2,2,hc,-2.50,away,ft,1.513,3
CO3B9qH5,Ilkel C.,Kuzmanov D.,2,2,hc,3.00,home,ft,1.517,3
CO3B9qH5,Ilkel C.,Kuzmanov D.,2,2,hc,3.00,away,ft,2.47,3
CO3B9qH5,Ilkel C.,Kuzmanov D.,2,2,hc,-3.00,home,ft,2.54,2
CO3B9qH5,Ilkel C.,Kuzmanov D.,2,2,hc,-3.00,away,ft,1.43,2
CO3B9qH5,Ilkel C.,Kuzmanov D.,2,2,hc,3.50,home,ft,1.573,3
CO3B9qH5,Ilkel C.,Kuzmanov D.,2,2,hc,3.50,away,ft,2.363,3
CO3B9qH5,Ilkel C.,Kuzmanov D.,2,2,hc,-3.50,home,ft,3.05,1
CO3B9qH5,Ilkel C.,Kuzmanov D.,2,2,hc,-3.50,away,ft,1.38,1
CO3B9qH5,Ilkel C.,Kuzmanov D.,2,2,hc,4.00,home,ft,1.44,2
CO3B9qH5,Ilkel C.,Kuzmanov D.,2,2,hc,4.00,away,ft,2.63,2
CO3B9qH5,Ilkel C.,Kuzmanov D.,2,2,hc,4.50,home,ft,1.36,3
CO3B9qH5,Ilkel C.,Kuzmanov D.,2,2,hc,4.50,away,ft,2.987,3
CO3B9qH5,Ilkel C.,Kuzmanov D.,2,2,hc,5.00,home,ft,1.23,2
CO3B9qH5,Ilkel C.,Kuzmanov D.,2,2,hc,5.00,away,ft,3.66,2
b9L7XXOf,Rodionov J.,Moreno De Alboran N.,2,2,ou,2.50,over,ft,2.48,1
b9L7XXOf,Rodionov J.,Moreno De Alboran N.,2,2,ou,2.50,under,ft,1.58,1
b9L7XXOf,Rodionov J.,Moreno De Alboran N.,2,2,ou,20.00,over,ft,1.33,2
b9L7XXOf,Rodionov J.,Moreno De Alboran N.,2,2,ou,20.00,under,ft,3.0,2
b9L7XXOf,Rodionov J.,Moreno De Alboran N.,2,2,ou,20.50,over,ft,1.453,3
b9L7XXOf,Rodionov J.,Moreno De Alboran N.,2,2,ou,20.50,under,ft,2.623,3
b9L7XXOf,Rodionov J.,Moreno De Alboran N.,2,2,ou,21.00,over,ft,1.5,2
b9L7XXOf,Rodionov J.,Moreno De Alboran N.,2,2,ou,21.00,under,ft,2.46,2
b9L7XXOf,Rodionov J.,Moreno De Alboran N.,2,2,ou,21.50,over,ft,1.623,4
b9L7XXOf,Rodionov J.,Moreno De Alboran N.,2,2,ou,21.50,under,ft,2.28,4
b9L7XXOf,Rodionov J.,Moreno De Alboran N.,2,2,ou,22.00,over,ft,1.733,3
b9L7XXOf,Rodionov J.,Moreno De Alboran N.,2,2,ou,22.00,under,ft,2.097,3
b9L7XXOf,Rodionov J.,Moreno De Alboran N.,2,2,ou,22.50,over,ft,1.905,4
b9L7XXOf,Rodionov J.,Moreno De Alboran N.,2,2,ou,22.50,under,ft,1.948,4
b9L7XXOf,Rodionov J.,Moreno De Alboran N.,2,2,ou,23.00,over,ft,2.027,3
b9L7XXOf,Rodionov J.,Moreno De Alboran N.,2,2,ou,23.00,under,ft,1.787,3
b9L7XXOf,Rodionov J.,Moreno De Alboran N.,2,2,ou,23.50,over,ft,2.155,4
b9L7XXOf,Rodionov J.,Moreno De Alboran N.,2,2,ou,23.50,under,ft,1.695,4
b9L7XXOf,Rodionov J.,Moreno De Alboran N.,2,2,ou,24.00,over,ft,2.14,2
b9L7XXOf,Rodionov J.,Moreno De Alboran N.,2,2,ou,24.00,under,ft,1.65,2
b9L7XXOf,Rodionov J.,Moreno De Alboran N.,2,2,ou,24.50,over,ft,2.173,3
b9L7XXOf,Rodionov J.,Moreno De Alboran N.,2,2,ou,24.50,under,ft,1.647,3
b9L7XXOf,Rodionov J.,Moreno De Alboran N.,2,2,ou,25.00,over,ft,2.23,2
b9L7XXOf,Rodionov J.,Moreno De Alboran N.,2,2,ou,25.00,under,ft,1.57,2
b9L7XXOf,Rodionov J.,Moreno De Alboran N.,2,2,ou,25.50,over,ft,2.313,3
b9L7XXOf,Rodionov J.,Moreno De Alboran N.,2,2,ou,25.50,under,ft,1.553,3
b9L7XXOf,Rodionov J.,Moreno De Alboran N.,2,2,ou,26.50,over,ft,2.75,1
b9L7XXOf,Rodionov J.,Moreno De Alboran N.,2,2,ou,26.50,under,ft,1.46,1
b9L7XXOf,Rodionov J.,Moreno De Alboran N.,2,2,ou,27.50,over,ft,2.98,1
b9L7XXOf,Rodionov J.,Moreno De Alboran N.,2,2,ou,27.50,under,ft,1.4,1
b9L7XXOf,Rodionov J.,Moreno De Alboran N.,2,2,hc,0,home,ft,1.46,1
b9L7XXOf,Rodionov J.,Moreno De Alboran N.,2,2,hc,0,away,ft,2.61,1
b9L7XXOf,Rodionov J.,Moreno De Alboran N.,2,2,hc,-1.00,home,ft,1.62,2
b9L7XXOf,Rodionov J.,Moreno De Alboran N.,2,2,hc,-1.00,away,ft,2.11,2
b9L7XXOf,Rodionov J.,Moreno De Alboran N.,2,2,hc,1.50,home,ft,1.153,3
b9L7XXOf,Rodionov J.,Moreno De Alboran N.,2,2,hc,1.50,away,ft,4.883,3
b9L7XXOf,Rodionov J.,Moreno De Alboran N.,2,2,hc,-1.50,home,ft,2.123,3
b9L7XXOf,Rodionov J.,Moreno De Alboran N.,2,2,hc,-1.50,away,ft,1.663,3
b9L7XXOf,Rodionov J.,Moreno De Alboran N.,2,2,hc,0,home,ft,1.36,2
b9L7XXOf,Rodionov J.,Moreno De Alboran N.,2,2,hc,0,away,ft,2.78,2
b9L7XXOf,Rodionov J.,Moreno De Alboran N.,2,2,hc,0.50,home,ft,1.37,3
b9L7XXOf,Rodionov J.,Moreno De Alboran N.,2,2,hc,0.50,away,ft,2.86,3
b9L7XXOf,Rodionov J.,Moreno De Alboran N.,2,2,hc,-0.50,home,ft,1.44,3
b9L7XXOf,Rodionov J.,Moreno De Alboran N.,2,2,hc,-0.50,away,ft,2.603,3
b9L7XXOf,Rodionov J.,Moreno De Alboran N.,2,2,hc,-1.00,home,ft,1.45,2
b9L7XXOf,Rodionov J.,Moreno De Alboran N.,2,2,hc,-1.00,away,ft,2.47,2
b9L7XXOf,Rodionov J.,Moreno De Alboran N.,2,2,hc,1.50,home,ft,1.36,1
b9L7XXOf,Rodionov J.,Moreno De Alboran N.,2,2,hc,1.50,away,ft,3.14,1
b9L7XXOf,Rodionov J.,Moreno De Alboran N.,2,2,hc,-1.50,home,ft,1.543,3
b9L7XXOf,Rodionov J.,Moreno De Alboran N.,2,2,hc,-1.50,away,ft,2.337,3
b9L7XXOf,Rodionov J.,Moreno De Alboran N.,2,2,hc,-2.00,home,ft,1.607,3
b9L7XXOf,Rodionov J.,Moreno De Alboran N.,2,2,hc,-2.00,away,ft,2.217,3
b9L7XXOf,Rodionov J.,Moreno De Alboran N.,2,2,hc,2.50,home,ft,1.27,1
b9L7XXOf,Rodionov J.,Moreno De Alboran N.,2,2,hc,2.50,away,ft,3.69,1
b9L7XXOf,Rodionov J.,Moreno De Alboran N.,2,2,hc,-2.50,home,ft,1.765,4
b9L7XXOf,Rodionov J.,Moreno De Alboran N.,2,2,hc,-2.50,away,ft,2.042,4
b9L7XXOf,Rodionov J.,Moreno De Alboran N.,2,2,hc,-3.00,home,ft,1.88,3
b9L7XXOf,Rodionov J.,Moreno De Alboran N.,2,2,hc,-3.00,away,ft,1.853,3
b9L7XXOf,Rodionov J.,Moreno De Alboran N.,2,2,hc,-3.50,home,ft,2.08,4
b9L7XXOf,Rodionov J.,Moreno De Alboran N.,2,2,hc,-3.50,away,ft,1.71,4
b9L7XXOf,Rodionov J.,Moreno De Alboran N.,2,2,hc,-4.00,home,ft,2.49,3
b9L7XXOf,Rodionov J.,Moreno De Alboran N.,2,2,hc,-4.00,away,ft,1.487,3
b9L7XXOf,Rodionov J.,Moreno De Alboran N.,2,2,hc,-4.50,home,ft,2.753,3
b9L7XXOf,Rodionov J.,Moreno De Alboran N.,2,2,hc,-4.50,away,ft,1.397,3
b9L7XXOf,Rodionov J.,Moreno De Alboran N.,2,2,hc,-5.00,home,ft,3.56,2
b9L7XXOf,Rodionov J.,Moreno De Alboran N.,2,2,hc,-5.00,away,ft,1.23,2
Ycz3DRHt,Lazarov A.,Kotov P.,1,1,ou,2.50,over,ft,3.02,1
Ycz3DRHt,Lazarov A.,Kotov P.,1,1,ou,2.50,under,ft,1.39,1
Ycz3DRHt,Lazarov A.,Kotov P.,1,1,ou,18.00,over,ft,1.245,2
Ycz3DRHt,Lazarov A.,Kotov P.,1,1,ou,18.00,under,ft,3.555,2
Ycz3DRHt,Lazarov A.,Kotov P.,1,1,ou,18.50,over,ft,1.44,3
Ycz3DRHt,Lazarov A.,Kotov P.,1,1,ou,18.50,under,ft,2.673,3
Ycz3DRHt,Lazarov A.,Kotov P.,1,1,ou,19.00,over,ft,1.5,2
Ycz3DRHt,Lazarov A.,Kotov P.,1,1,ou,19.00,under,ft,2.55,2
Ycz3DRHt,Lazarov A.,Kotov P.,1,1,ou,19.50,over,ft,1.603,4
Ycz3DRHt,Lazarov A.,Kotov P.,1,1,ou,19.50,under,ft,2.328,4
Ycz3DRHt,Lazarov A.,Kotov P.,1,1,ou,20.00,over,ft,1.733,3
Ycz3DRHt,Lazarov A.,Kotov P.,1,1,ou,20.00,under,ft,2.103,3
Ycz3DRHt,Lazarov A.,Kotov P.,1,1,ou,20.50,over,ft,1.883,4
Ycz3DRHt,Lazarov A.,Kotov P.,1,1,ou,20.50,under,ft,1.965,4
Ycz3DRHt,Lazarov A.,Kotov P.,1,1,ou,21.00,over,ft,1.97,3
Ycz3DRHt,Lazarov A.,Kotov P.,1,1,ou,21.00,under,ft,1.807,3
Ycz3DRHt,Lazarov A.,Kotov P.,1,1,ou,21.50,over,ft,2.08,4
Ycz3DRHt,Lazarov A.,Kotov P.,1,1,ou,21.50,under,ft,1.748,4
Ycz3DRHt,Lazarov A.,Kotov P.,1,1,ou,22.00,over,ft,2.283,3
Ycz3DRHt,Lazarov A.,Kotov P.,1,1,ou,22.00,under,ft,1.603,3
Ycz3DRHt,Lazarov A.,Kotov P.,1,1,ou,22.50,over,ft,2.373,3
Ycz3DRHt,Lazarov A.,Kotov P.,1,1,ou,22.50,under,ft,1.547,3
Ycz3DRHt,Lazarov A.,Kotov P.,1,1,ou,23.00,over,ft,2.59,2
Ycz3DRHt,Lazarov A.,Kotov P.,1,1,ou,23.00,under,ft,1.43,2
Ycz3DRHt,Lazarov A.,Kotov P.,1,1,ou,23.50,over,ft,2.68,1
Ycz3DRHt,Lazarov A.,Kotov P.,1,1,ou,23.50,under,ft,1.48,1
Ycz3DRHt,Lazarov A.,Kotov P.,1,1,ou,24.50,over,ft,2.74,1
Ycz3DRHt,Lazarov A.,Kotov P.,1,1,ou,24.50,under,ft,1.46,1
Ycz3DRHt,Lazarov A.,Kotov P.,1,1,ou,25.50,over,ft,3.14,1
Ycz3DRHt,Lazarov A.,Kotov P.,1,1,ou,25.50,under,ft,1.36,1
Ycz3DRHt,Lazarov A.,Kotov P.,1,1,hc,0,home,ft,3.77,1
Ycz3DRHt,Lazarov A.,Kotov P.,1,1,hc,0,away,ft,1.2,1
Ycz3DRHt,Lazarov A.,Kotov P.,1,1,hc,1.00,home,ft,3.86,2
Ycz3DRHt,Lazarov A.,Kotov P.,1,1,hc,1.00,away,ft,1.25,2
Ycz3DRHt,Lazarov A.,Kotov P.,1,1,hc,1.50,home,ft,2.312,4
Ycz3DRHt,Lazarov A.,Kotov P.,1,1,hc,1.50,away,ft,1.595,4
Ycz3DRHt,Lazarov A.,Kotov P.,1,1,hc,-1.50,home,ft,8.345,2
Ycz3DRHt,Lazarov A.,Kotov P.,1,1,hc,-1.50,away,ft,1.065,2
Ycz3DRHt,Lazarov A.,Kotov P.,1,1,hc,0.50,home,ft,3.99,1
Ycz3DRHt,Lazarov A.,Kotov P.,1,1,hc,0.50,away,ft,1.23,1
Ycz3DRHt,Lazarov A.,Kotov P.,1,1,hc,-0.50,home,ft,4.47,1
Ycz3DRHt,Lazarov A.,Kotov P.,1,1,hc,-0.50,away,ft,1.19,1
Ycz3DRHt,Lazarov A.,Kotov P.,1,1,hc,1.50,home,ft,3.72,1
Ycz3DRHt,Lazarov A.,Kotov P.,1,1,hc,1.50,away,ft,1.27,1
Ycz3DRHt,Lazarov A.,Kotov P.,1,1,hc,2.00,home,ft,3.66,2
Ycz3DRHt,Lazarov A.,Kotov P.,1,1,hc,2.00,away,ft,1.23,2
Ycz3DRHt,Lazarov A.,Kotov P.,1,1,hc,2.50,home,ft,3.2,3
Ycz3DRHt,Lazarov A.,Kotov P.,1,1,hc,2.50,away,ft,1.32,3
Ycz3DRHt,Lazarov A.,Kotov P.,1,1,hc,3.00,home,ft,3.1,2
Ycz3DRHt,Lazarov A.,Kotov P.,1,1,hc,3.00,away,ft,1.33,2
Ycz3DRHt,Lazarov A.,Kotov P.,1,1,hc,3.50,home,ft,2.623,4
Ycz3DRHt,Lazarov A.,Kotov P.,1,1,hc,3.50,away,ft,1.488,4
Ycz3DRHt,Lazarov A.,Kotov P.,1,1,hc,4.00,home,ft,2.29,3
Ycz3DRHt,Lazarov A.,Kotov P.,1,1,hc,4.00,away,ft,1.627,3
Ycz3DRHt,Lazarov A.,Kotov P.,1,1,hc,4.50,home,ft,1.948,4
Ycz3DRHt,Lazarov A.,Kotov P.,1,1,hc,4.50,away,ft,1.902,4
Ycz3DRHt,Lazarov A.,Kotov P.,1,1,hc,5.00,home,ft,1.7,3
Ycz3DRHt,Lazarov A.,Kotov P.,1,1,hc,5.00,away,ft,2.16,3
Ycz3DRHt,Lazarov A.,Kotov P.,1,1,hc,5.50,home,ft,1.56,4
Ycz3DRHt,Lazarov A.,Kotov P.,1,1,hc,5.50,away,ft,2.43,4
Ycz3DRHt,Lazarov A.,Kotov P.,1,1,hc,6.00,home,ft,1.315,2
Ycz3DRHt,Lazarov A.,Kotov P.,1,1,hc,6.00,away,ft,3.195,2
Ycz3DRHt,Lazarov A.,Kotov P.,1,1,hc,6.50,home,ft,1.267,3
Ycz3DRHt,Lazarov A.,Kotov P.,1,1,hc,6.50,away,ft,3.547,3
Ycz3DRHt,Lazarov A.,Kotov P.,1,1,hc,7.00,home,ft,1.14,2
Ycz3DRHt,Lazarov A.,Kotov P.,1,1,hc,7.00,away,ft,5.025,2
Ycz3DRHt,Lazarov A.,Kotov P.,1,1,hc,7.50,home,ft,1.14,2
Ycz3DRHt,Lazarov A.,Kotov P.,1,1,hc,7.50,away,ft,4.9,2
Ycz3DRHt,Lazarov A.,Kotov P.,1,1,hc,8.00,home,ft,1.05,2
Ycz3DRHt,Lazarov A.,Kotov P.,1,1,hc,8.00,away,ft,7.8,2
Oxpn8KNn,Harris B.,Huesler M.,2,2,ou,2.50,over,ft,2.27,1
Oxpn8KNn,Harris B.,Huesler M.,2,2,ou,2.50,under,ft,1.68,1
Oxpn8KNn,Harris B.,Huesler M.,2,2,ou,21.00,over,ft,1.34,2
Oxpn8KNn,Harris B.,Huesler M.,2,2,ou,21.00,under,ft,2.95,2
Oxpn8KNn,Harris B.,Huesler M.,2,2,ou,21.50,over,ft,1.43,3
Oxpn8KNn,Harris B.,Huesler M.,2,2,ou,21.50,under,ft,2.7,3
Oxpn8KNn,Harris B.,Huesler M.,2,2,ou,22.00,over,ft,1.537,3
Oxpn8KNn,Harris B.,Huesler M.,2,2,ou,22.00,under,ft,2.427,3
Oxpn8KNn,Harris B.,Huesler M.,2,2,ou,22.50,over,ft,1.69,4
Oxpn8KNn,Harris B.,Huesler M.,2,2,ou,22.50,under,ft,2.167,4
Oxpn8KNn,Harris B.,Huesler M.,2,2,ou,23.00,over,ft,1.817,3
Oxpn8KNn,Harris B.,Huesler M.,2,2,ou,23.00,under,ft,1.987,3
Oxpn8KNn,Harris B.,Huesler M.,2,2,ou,23.50,over,ft,1.962,4
Oxpn8KNn,Harris B.,Huesler M.,2,2,ou,23.50,under,ft,1.857,4
Oxpn8KNn,Harris B.,Huesler M.,2,2,ou,24.00,over,ft,1.98,3
Oxpn8KNn,Harris B.,Huesler M.,2,2,ou,24.00,under,ft,1.82,3
Oxpn8KNn,Harris B.,Huesler M.,2,2,ou,24.50,over,ft,1.99,4
Oxpn8KNn,Harris B.,Huesler M.,2,2,ou,24.50,under,ft,1.815,4
Oxpn8KNn,Harris B.,Huesler M.,2,2,ou,25.00,over,ft,2.05,2
Oxpn8KNn,Harris B.,Huesler M.,2,2,ou,25.00,under,ft,1.71,2
Oxpn8KNn,Harris B.,Huesler M.,2,2,ou,25.50,over,ft,2.117,3
Oxpn8KNn,Harris B.,Huesler M.,2,2,ou,25.50,under,ft,1.68,3
Oxpn8KNn,Harris B.,Huesler M.,2,2,ou,26.00,over,ft,2.27,2
Oxpn8KNn,Harris B.,Huesler M.,2,2,ou,26.00,under,ft,1.55,2
Oxpn8KNn,Harris B.,Huesler M.,2,2,ou,26.50,over,ft,2.42,3
Oxpn8KNn,Harris B.,Huesler M.,2,2,ou,26.50,under,ft,1.507,3
Oxpn8KNn,Harris B.,Huesler M.,2,2,ou,27.50,over,ft,2.62,1
Oxpn8KNn,Harris B.,Huesler M.,2,2,ou,27.50,under,ft,1.5,1
Oxpn8KNn,Harris B.,Huesler M.,2,2,ou,28.50,over,ft,2.84,1
Oxpn8KNn,Harris B.,Huesler M.,2,2,ou,28.50,under,ft,1.43,1
Oxpn8KNn,Harris B.,Huesler M.,2,2,ou,29.50,over,ft,3.05,1
Oxpn8KNn,Harris B.,Huesler M.,2,2,ou,29.50,under,ft,1.38,1
Oxpn8KNn,Harris B.,Huesler M.,2,2,hc,0,home,ft,2.4,1
Oxpn8KNn,Harris B.,Huesler M.,2,2,hc,0,away,ft,1.55,1
Oxpn8KNn,Harris B.,Huesler M.,2,2,hc,1.00,home,ft,1.86,2
Oxpn8KNn,Harris B.,Huesler M.,2,2,hc,1.00,away,ft,1.8,2
Oxpn8KNn,Harris B.,Huesler M.,2,2,hc,1.50,home,ft,1.525,4
Oxpn8KNn,Harris B.,Huesler M.,2,2,hc,1.50,away,ft,2.428,4
Oxpn8KNn,Harris B.,Huesler M.,2,2,hc,-1.50,home,ft,4.013,3
Oxpn8KNn,Harris B.,Huesler M.,2,2,hc,-1.50,away,ft,1.21,3
Oxpn8KNn,Harris B.,Huesler M.,2,2,hc,0,home,ft,2.09,3
Oxpn8KNn,Harris B.,Huesler M.,2,2,hc,0,away,ft,1.673,3
Oxpn8KNn,Harris B.,Huesler M.,2,2,hc,0.50,home,ft,2.275,4
Oxpn8KNn,Harris B.,Huesler M.,2,2,hc,0.50,away,ft,1.613,4
Oxpn8KNn,Harris B.,Huesler M.,2,2,hc,-0.50,home,ft,2.445,4
Oxpn8KNn,Harris B.,Huesler M.,2,2,hc,-0.50,away,ft,1.538,4
Oxpn8KNn,Harris B.,Huesler M.,2,2,hc,1.00,home,ft,2.19,3
Oxpn8KNn,Harris B.,Huesler M.,2,2,hc,1.00,away,ft,1.657,3
Oxpn8KNn,Harris B.,Huesler M.,2,2,hc,-1.00,home,ft,2.313,3
Oxpn8KNn,Harris B.,Huesler M.,2,2,hc,-1.00,away,ft,1.57,3
Oxpn8KNn,Harris B.,Huesler M.,2,2,hc,1.50,home,ft,2.07,4
Oxpn8KNn,Harris B.,Huesler M.,2,2,hc,1.50,away,ft,1.752,4
Oxpn8KNn,Harris B.,Huesler M.,2,2,hc,-1.50,home,ft,2.62,3
Oxpn8KNn,Harris B.,Huesler M.,2,2,hc,-1.50,away,ft,1.437,3
Oxpn8KNn,Harris B.,Huesler M.,2,2,hc,2.00,home,ft,1.937,3
Oxpn8KNn,Harris B.,Huesler M.,2,2,hc,2.00,away,ft,1.867,3
Oxpn8KNn,Harris B.,Huesler M.,2,2,hc,2.50,home,ft,1.81,4
Oxpn8KNn,Harris B.,Huesler M.,2,2,hc,2.50,away,ft,2.03,4
Oxpn8KNn,Harris B.,Huesler M.,2,2,hc,-2.50,home,ft,3.36,1
Oxpn8KNn,Harris B.,Huesler M.,2,2,hc,-2.50,away,ft,1.32,1
Oxpn8KNn,Harris B.,Huesler M.,2,2,hc,3.00,home,ft,1.61,3
Oxpn8KNn,Harris B.,Huesler M.,2,2,hc,3.00,away,ft,2.32,3
Oxpn8KNn,Harris B.,Huesler M.,2,2,hc,3.50,home,ft,1.5,3
Oxpn8KNn,Harris B.,Huesler M.,2,2,hc,3.50,away,ft,2.53,3
Oxpn8KNn,Harris B.,Huesler M.,2,2,hc,4.00,home,ft,1.32,2
Oxpn8KNn,Harris B.,Huesler M.,2,2,hc,4.00,away,ft,3.16,2
Oxpn8KNn,Harris B.,Huesler M.,2,2,hc,4.50,home,ft,1.257,3
Oxpn8KNn,Harris B.,Huesler M.,2,2,hc,4.50,away,ft,3.617,3
Oxpn8KNn,Harris B.,Huesler M.,2,2,hc,5.00,home,ft,1.12,2
Oxpn8KNn,Harris B.,Huesler M.,2,2,hc,5.00,away,ft,5.15,2
dxqyI79P,Hijikata R.,Purcell M.,0,0,ou,2.50,over,ft,2.54,1
dxqyI79P,Hijikata R.,Purcell M.,0,0,ou,2.50,under,ft,1.56,1
dxqyI79P,Hijikata R.,Purcell M.,0,0,ou,19.00,over,ft,1.3,2
dxqyI79P,Hijikata R.,Purcell M.,0,0,ou,19.00,under,ft,3.16,2
dxqyI79P,Hijikata R.,Purcell M.,0,0,ou,19.50,over,ft,1.417,3
dxqyI79P,Hijikata R.,Purcell M.,0,0,ou,19.50,under,ft,2.747,3
dxqyI79P,Hijikata R.,Purcell M.,0,0,ou,20.00,over,ft,1.47,2
dxqyI79P,Hijikata R.,Purcell M.,0,0,ou,20.00,under,ft,2.54,2
dxqyI79P,Hijikata R.,Purcell M.,0,0,ou,20.50,over,ft,1.6,3
dxqyI79P,Hijikata R.,Purcell M.,0,0,ou,20.50,under,ft,2.293,3
dxqyI79P,Hijikata R.,Purcell M.,0,0,ou,21.00,over,ft,1.697,3
dxqyI79P,Hijikata R.,Purcell M.,0,0,ou,21.00,under,ft,2.167,3
dxqyI79P,Hijikata R.,Purcell M.,0,0,ou,21.50,over,ft,1.8,4
dxqyI79P,Hijikata R.,Purcell M.,0,0,ou,21.50,under,ft,2.03,4
dxqyI79P,Hijikata R.,Purcell M.,0,0,ou,22.00,over,ft,1.923,3
dxqyI79P,Hijikata R.,Purcell M.,0,0,ou,22.00,under,ft,1.877,3
dxqyI79P,Hijikata R.,Purcell M.,0,0,ou,22.50,over,ft,2.062,4
dxqyI79P,Hijikata R.,Purcell M.,0,0,ou,22.50,under,ft,1.76,4
dxqyI79P,Hijikata R.,Purcell M.,0,0,ou,23.00,over,ft,2.177,3
dxqyI79P,Hijikata R.,Purcell M.,0,0,ou,23.00,under,ft,1.663,3
dxqyI79P,Hijikata R.,Purcell M.,0,0,ou,23.50,over,ft,2.25,4
dxqyI79P,Hijikata R.,Purcell M.,0,0,ou,23.50,under,ft,1.623,4
dxqyI79P,Hijikata R.,Purcell M.,0,0,ou,24.00,over,ft,2.26,2
dxqyI79P,Hijikata R.,Purcell M.,0,0,ou,24.00,under,ft,1.555,2
dxqyI79P,Hijikata R.,Purcell M.,0,0,ou,24.50,over,ft,2.317,3
dxqyI79P,Hijikata R.,Purcell M.,0,0,ou,24.50,under,ft,1.57,3
dxqyI79P,Hijikata R.,Purcell M.,0,0,ou,25.00,over,ft,2.41,2
dxqyI79P,Hijikata R.,Purcell M.,0,0,ou,25.00,under,ft,1.49,2
dxqyI79P,Hijikata R.,Purcell M.,0,0,ou,25.50,over,ft,2.583,3
dxqyI79P,Hijikata R.,Purcell M.,0,0,ou,25.50,under,ft,1.447,3
dxqyI79P,Hijikata R.,Purcell M.,0,0,ou,26.50,over,ft,3.05,1
dxqyI79P,Hijikata R.,Purcell M.,0,0,ou,26.50,under,ft,1.38,1
dxqyI79P,Hijikata R.,Purcell M.,0,0,hc,0,home,ft,2.63,1
dxqyI79P,Hijikata R.,Purcell M.,0,0,hc,0,away,ft,1.45,1
dxqyI79P,Hijikata R.,Purcell M.,0,0,hc,1.00,home,ft,2.07,2
dxqyI79P,Hijikata R.,Purcell M.,0,0,hc,1.00,away,ft,1.645,2
dxqyI79P,Hijikata R.,Purcell M.,0,0,hc,1.50,home,ft,1.68,3
dxqyI79P,Hijikata R.,Purcell M.,0,0,hc,1.50,away,ft,2.153,3
dxqyI79P,Hijikata R.,Purcell M.,0,0,hc,-1.50,home,ft,4.903,3
dxqyI79P,Hijikata R.,Purcell M.,0,0,hc,-1.50,away,ft,1.153,3
dxqyI79P,Hijikata R.,Purcell M.,0,0,hc,0.50,home,ft,2.41,4
dxqyI79P,Hijikata R.,Purcell M.,0,0,hc,0.50,away,ft,1.565,4
dxqyI79P,Hijikata R.,Purcell M.,0,0,hc,-0.50,home,ft,2.72,3
dxqyI79P,Hijikata R.,Purcell M.,0,0,hc,-0.50,away,ft,1.417,3
dxqyI79P,Hijikata R.,Purcell M.,0,0,hc,1.00,home,ft,2.457,3
dxqyI79P,Hijikata R.,Purcell M.,0,0,hc,1.00,away,ft,1.517,3
dxqyI79P,Hijikata R.,Purcell M.,0,0,hc,-1.00,home,ft,2.35,2
dxqyI79P,Hijikata R.,Purcell M.,0,0,hc,-1.00,away,ft,1.53,2
dxqyI79P,Hijikata R.,Purcell M.,0,0,hc,1.50,home,ft,2.328,4
dxqyI79P,Hijikata R.,Purcell M.,0,0,hc,1.50,away,ft,1.593,4
dxqyI79P,Hijikata R.,Purcell M.,0,0,hc,-1.50,home,ft,2.64,3
dxqyI79P,Hijikata R.,Purcell M.,0,0,hc,-1.50,away,ft,1.453,3
dxqyI79P,Hijikata R.,Purcell M.,0,0,hc,2.00,home,ft,2.283,3
dxqyI79P,Hijikata R.,Purcell M.,0,0,hc,2.00,away,ft,1.607,3
dxqyI79P,Hijikata R.,Purcell M.,0,0,hc,2.50,home,ft,2.16,4
dxqyI79P,Hijikata R.,Purcell M.,0,0,hc,2.50,away,ft,1.692,4
dxqyI79P,Hijikata R.,Purcell M.,0,0,hc,-2.50,home,ft,3.48,1
dxqyI79P,Hijikata R.,Purcell M.,0,0,hc,-2.50,away,ft,1.3,1
dxqyI79P,Hijikata R.,Purcell M.,0,0,hc,3.00,home,ft,1.98,3
dxqyI79P,Hijikata R.,Purcell M.,0,0,hc,3.00,away,ft,1.83,3
dxqyI79P,Hijikata R.,Purcell M.,0,0,hc,3.50,home,ft,1.843,4
dxqyI79P,Hijikata R.,Purcell M.,0,0,hc,3.50,away,ft,1.98,4
dxqyI79P,Hijikata R.,Purcell M.,0,0,hc,4.00,home,ft,1.63,3
dxqyI79P,Hijikata R.,Purcell M.,0,0,hc,4.00,away,ft,2.28,3
dxqyI79P,Hijikata R.,Purcell M.,0,0,hc,4.50,home,ft,1.525,4
dxqyI79P,Hijikata R.,Purcell M.,0,0,hc,4.50,away,ft,2.515,4
dxqyI79P,Hijikata R.,Purcell M.,0,0,hc,5.00,home,ft,1.345,2
dxqyI79P,Hijikata R.,Purcell M.,0,0,hc,5.00,away,ft,3.02,2
dxqyI79P,Hijikata R.,Purcell M.,0,0,hc,5.50,home,ft,1.297,3
dxqyI79P,Hijikata R.,Purcell M.,0,0,hc,5.50,away,ft,3.337,3
dxqyI79P,Hijikata R.,Purcell M.,0,0,hc,6.00,home,ft,1.15,2
dxqyI79P,Hijikata R.,Purcell M.,0,0,hc,6.00,away,ft,4.65,2
AeFKy25b,Bautista-Agut R.,Kecmanovic M.,2,2,ou,2.50,over,ft,2.33,1
AeFKy25b,Bautista-Agut R.,Kecmanovic M.,2,2,ou,2.50,under,ft,1.65,1
AeFKy25b,Bautista-Agut R.,Kecmanovic M.,2,2,ou,20.00,over,ft,1.32,2
AeFKy25b,Bautista-Agut R.,Kecmanovic M.,2,2,ou,20.00,under,ft,3.05,2
AeFKy25b,Bautista-Agut R.,Kecmanovic M.,2,2,ou,20.50,over,ft,1.43,3
AeFKy25b,Bautista-Agut R.,Kecmanovic M.,2,2,ou,20.50,under,ft,2.693,3
AeFKy25b,Bautista-Agut R.,Kecmanovic M.,2,2,ou,21.00,over,ft,1.48,2
AeFKy25b,Bautista-Agut R.,Kecmanovic M.,2,2,ou,21.00,under,ft,2.51,2
AeFKy25b,Bautista-Agut R.,Kecmanovic M.,2,2,ou,21.50,over,ft,1.61,4
AeFKy25b,Bautista-Agut R.,Kecmanovic M.,2,2,ou,21.50,under,ft,2.31,4
AeFKy25b,Bautista-Agut R.,Kecmanovic M.,2,2,ou,22.00,over,ft,1.707,3
AeFKy25b,Bautista-Agut R.,Kecmanovic M.,2,2,ou,22.00,under,ft,2.137,3
AeFKy25b,Bautista-Agut R.,Kecmanovic M.,2,2,ou,22.50,over,ft,1.863,4
AeFKy25b,Bautista-Agut R.,Kecmanovic M.,2,2,ou,22.50,under,ft,1.958,4
AeFKy25b,Bautista-Agut R.,Kecmanovic M.,2,2,ou,23.00,over,ft,1.967,3
AeFKy25b,Bautista-Agut R.,Kecmanovic M.,2,2,ou,23.00,under,ft,1.833,3
AeFKy25b,Bautista-Agut R.,Kecmanovic M.,2,2,ou,23.50,over,ft,2.09,4
AeFKy25b,Bautista-Agut R.,Kecmanovic M.,2,2,ou,23.50,under,ft,1.742,4
AeFKy25b,Bautista-Agut R.,Kecmanovic M.,2,2,ou,24.00,over,ft,2.06,2
AeFKy25b,Bautista-Agut R.,Kecmanovic M.,2,2,ou,24.00,under,ft,1.7,2
AeFKy25b,Bautista-Agut R.,Kecmanovic M.,2,2,ou,24.50,over,ft,2.113,3
AeFKy25b,Bautista-Agut R.,Kecmanovic M.,2,2,ou,24.50,under,ft,1.687,3
AeFKy25b,Bautista-Agut R.,Kecmanovic M.,2,2,ou,25.00,over,ft,2.17,2
AeFKy25b,Bautista-Agut R.,Kecmanovic M.,2,2,ou,25.00,under,ft,1.6,2
AeFKy25b,Bautista-Agut R.,Kecmanovic M.,2,2,ou,25.50,over,ft,2.403,3
AeFKy25b,Bautista-Agut R.,Kecmanovic M.,2,2,ou,25.50,under,ft,1.517,3
AeFKy25b,Bautista-Agut R.,Kecmanovic M.,2,2,ou,26.50,over,ft,2.64,1
AeFKy25b,Bautista-Agut R.,Kecmanovic M.,2,2,ou,26.50,under,ft,1.49,1
AeFKy25b,Bautista-Agut R.,Kecmanovic M.,2,2,ou,27.50,over,ft,2.92,1
AeFKy25b,Bautista-Agut R.,Kecmanovic M.,2,2,ou,27.50,under,ft,1.41,1
AeFKy25b,Bautista-Agut R.,Kecmanovic M.,2,2,hc,0,home,ft,1.85,1
AeFKy25b,Bautista-Agut R.,Kecmanovic M.,2,2,hc,0,away,ft,1.99,1
AeFKy25b,Bautista-Agut R.,Kecmanovic M.,2,2,hc,1.00,home,ft,1.43,2
AeFKy25b,Bautista-Agut R.,Kecmanovic M.,2,2,hc,1.00,away,ft,2.53,2
AeFKy25b,Bautista-Agut R.,Kecmanovic M.,2,2,hc,-1.00,home,ft,2.3,2
AeFKy25b,Bautista-Agut R.,Kecmanovic M.,2,2,hc,-1.00,away,ft,1.52,2
AeFKy25b,Bautista-Agut R.,Kecmanovic M.,2,2,hc,1.50,home,ft,1.335,4
AeFKy25b,Bautista-Agut R.,Kecmanovic M.,2,2,hc,1.50,away,ft,3.1,4
AeFKy25b,Bautista-Agut R.,Kecmanovic M.,2,2,hc,-1.50,home,ft,2.86,4
AeFKy25b,Bautista-Agut R.,Kecmanovic M.,2,2,hc,-1.50,away,ft,1.403,4
AeFKy25b,Bautista-Agut R.,Kecmanovic M.,2,2,hc,0,home,ft,1.807,3
AeFKy25b,Bautista-Agut R.,Kecmanovic M.,2,2,hc,0,away,ft,1.92,3
AeFKy25b,Bautista-Agut R.,Kecmanovic M.,2,2,hc,0.50,home,ft,1.755,4
AeFKy25b,Bautista-Agut R.,Kecmanovic M.,2,2,hc,0.50,away,ft,2.018,4
AeFKy25b,Bautista-Agut R.,Kecmanovic M.,2,2,hc,-0.50,home,ft,1.88,4
AeFKy25b,Bautista-Agut R.,Kecmanovic M.,2,2,hc,-0.50,away,ft,1.875,4
AeFKy25b,Bautista-Agut R.,Kecmanovic M.,2,2,hc,1.00,home,ft,1.683,3
AeFKy25b,Bautista-Agut R.,Kecmanovic M.,2,2,hc,1.00,away,ft,2.08,3
AeFKy25b,Bautista-Agut R.,Kecmanovic M.,2,2,hc,-1.00,home,ft,1.93,3
AeFKy25b,Bautista-Agut R.,Kecmanovic M.,2,2,hc,-1.00,away,ft,1.807,3
AeFKy25b,Bautista-Agut R.,Kecmanovic M.,2,2,hc,1.50,home,ft,1.64,3
AeFKy25b,Bautista-Agut R.,Kecmanovic M.,2,2,hc,1.50,away,ft,2.14,3
AeFKy25b,Bautista-Agut R.,Kecmanovic M.,2,2,hc,-1.50,home,ft,2.032,4
AeFKy25b,Bautista-Agut R.,Kecmanovic M.,2,2,hc,-1.50,away,ft,1.742,4
AeFKy25b,Bautista-Agut R.,Kecmanovic M.,2,2,hc,2.00,home,ft,1.51,2
AeFKy25b,Bautista-Agut R.,Kecmanovic M.,2,2,hc,2.00,away,ft,2.31,2
AeFKy25b,Bautista-Agut R.,Kecmanovic M.,2,2,hc,-2.00,home,ft,2.137,3
AeFKy25b,Bautista-Agut R.,Kecmanovic M.,2,2,hc,-2.00,away,ft,1.653,3
AeFKy25b,Bautista-Agut R.,Kecmanovic M.,2,2,hc,2.50,home,ft,1.5,3
AeFKy25b,Bautista-Agut R.,Kecmanovic M.,2,2,hc,2.50,away,ft,2.433,3
AeFKy25b,Bautista-Agut R.,Kecmanovic M.,2,2,hc,-2.50,home,ft,2.283,3
AeFKy25b,Bautista-Agut R.,Kecmanovic M.,2,2,hc,-2.50,away,ft,1.563,3
AeFKy25b,Bautista-Agut R.,Kecmanovic M.,2,2,hc,3.00,home,ft,1.4,2
AeFKy25b,Bautista-Agut R.,Kecmanovic M.,2,2,hc,3.00,away,ft,2.64,2
AeFKy25b,Bautista-Agut R.,Kecmanovic M.,2,2,hc,-3.00,home,ft,2.54,2
AeFKy25b,Bautista-Agut R.,Kecmanovic M.,2,2,hc,-3.00,away,ft,1.43,2
AeFKy25b,Bautista-Agut R.,Kecmanovic M.,2,2,hc,3.50,home,ft,1.4,1
AeFKy25b,Bautista-Agut R.,Kecmanovic M.,2,2,hc,3.50,away,ft,2.96,1
AeFKy25b,Bautista-Agut R.,Kecmanovic M.,2,2,hc,-3.50,home,ft,2.69,3
AeFKy25b,Bautista-Agut R.,Kecmanovic M.,2,2,hc,-3.50,away,ft,1.417,3
AeFKy25b,Bautista-Agut R.,Kecmanovic M.,2,2,hc,-4.00,home,ft,3.14,2
AeFKy25b,Bautista-Agut R.,Kecmanovic M.,2,2,hc,-4.00,away,ft,1.29,2
djrf6bha,Ofner S.,Sachko V.,2,2,ou,2.50,over,ft,2.41,1
djrf6bha,Ofner S.,Sachko V.,2,2,ou,2.50,under,ft,1.61,1
djrf6bha,Ofner S.,Sachko V.,2,2,ou,19.00,over,ft,1.3,2
djrf6bha,Ofner S.,Sachko V.,2,2,ou,19.00,under,ft,3.16,2
djrf6bha,Ofner S.,Sachko V.,2,2,ou,19.50,over,ft,1.41,3
djrf6bha,Ofner S.,Sachko V.,2,2,ou,19.50,under,ft,2.777,3
djrf6bha,Ofner S.,Sachko V.,2,2,ou,20.00,over,ft,1.44,2
djrf6bha,Ofner S.,Sachko V.,2,2,ou,20.00,under,ft,2.6,2
djrf6bha,Ofner S.,Sachko V.,2,2,ou,20.50,over,ft,1.55,3
djrf6bha,Ofner S.,Sachko V.,2,2,ou,20.50,under,ft,2.39,3
djrf6bha,Ofner S.,Sachko V.,2,2,ou,21.00,over,ft,1.635,2
djrf6bha,Ofner S.,Sachko V.,2,2,ou,21.00,under,ft,2.2,2
djrf6bha,Ofner S.,Sachko V.,2,2,ou,21.50,over,ft,1.73,4
djrf6bha,Ofner S.,Sachko V.,2,2,ou,21.50,under,ft,2.123,4
djrf6bha,Ofner S.,Sachko V.,2,2,ou,22.00,over,ft,1.867,3
djrf6bha,Ofner S.,Sachko V.,2,2,ou,22.00,under,ft,1.937,3
djrf6bha,Ofner S.,Sachko V.,2,2,ou,22.50,over,ft,1.998,4
djrf6bha,Ofner S.,Sachko V.,2,2,ou,22.50,under,ft,1.82,4
djrf6bha,Ofner S.,Sachko V.,2,2,ou,23.00,over,ft,2.143,3
djrf6bha,Ofner S.,Sachko V.,2,2,ou,23.00,under,ft,1.697,3
djrf6bha,Ofner S.,Sachko V.,2,2,ou,23.50,over,ft,2.24,4
djrf6bha,Ofner S.,Sachko V.,2,2,ou,23.50,under,ft,1.64,4
djrf6bha,Ofner S.,Sachko V.,2,2,ou,24.00,over,ft,2.295,2
djrf6bha,Ofner S.,Sachko V.,2,2,ou,24.00,under,ft,1.555,2
djrf6bha,Ofner S.,Sachko V.,2,2,ou,24.50,over,ft,2.27,3
djrf6bha,Ofner S.,Sachko V.,2,2,ou,24.50,under,ft,1.593,3
djrf6bha,Ofner S.,Sachko V.,2,2,ou,25.00,over,ft,2.36,2
djrf6bha,Ofner S.,Sachko V.,2,2,ou,25.00,under,ft,1.51,2
djrf6bha,Ofner S.,Sachko V.,2,2,ou,25.50,over,ft,2.387,3
djrf6bha,Ofner S.,Sachko V.,2,2,ou,25.50,under,ft,1.52,3
djrf6bha,Ofner S.,Sachko V.,2,2,ou,26.50,over,ft,2.84,1
djrf6bha,Ofner S.,Sachko V.,2,2,ou,26.50,under,ft,1.43,1
djrf6bha,Ofner S.,Sachko V.,2,2,ou,27.50,over,ft,3.05,1
djrf6bha,Ofner S.,Sachko V.,2,2,ou,27.50,under,ft,1.38,1
djrf6bha,Ofner S.,Sachko V.,2,2,hc,0,home,ft,1.44,1
djrf6bha,Ofner S.,Sachko V.,2,2,hc,0,away,ft,2.66,1
djrf6bha,Ofner S.,Sachko V.,2,2,hc,-1.00,home,ft,1.46,2
djrf6bha,Ofner S.,Sachko V.,2,2,hc,-1.00,away,ft,2.455,2
djrf6bha,Ofner S.,Sachko V.,2,2,hc,1.50,home,ft,1.13,3
djrf6bha,Ofner S.,Sachko V.,2,2,hc,1.50,away,ft,5.257,3
djrf6bha,Ofner S.,Sachko V.,2,2,hc,-1.50,home,ft,2.018,4
djrf6bha,Ofner S.,Sachko V.,2,2,hc,-1.50,away,ft,1.748,4
djrf6bha,Ofner S.,Sachko V.,2,2,hc,0.50,home,ft,1.38,1
djrf6bha,Ofner S.,Sachko V.,2,2,hc,0.50,away,ft,3.06,1
djrf6bha,Ofner S.,Sachko V.,2,2,hc,-0.50,home,ft,1.487,3
djrf6bha,Ofner S.,Sachko V.,2,2,hc,-0.50,away,ft,2.517,3
djrf6bha,Ofner S.,Sachko V.,2,2,hc,-1.00,home,ft,1.36,2
djrf6bha,Ofner S.,Sachko V.,2,2,hc,-1.00,away,ft,2.86,2
djrf6bha,Ofner S.,Sachko V.,2,2,hc,1.50,home,ft,1.32,1
djrf6bha,Ofner S.,Sachko V.,2,2,hc,1.50,away,ft,3.36,1
djrf6bha,Ofner S.,Sachko V.,2,2,hc,-1.50,home,ft,1.46,3
djrf6bha,Ofner S.,Sachko V.,2,2,hc,-1.50,away,ft,2.62,3
djrf6bha,Ofner S.,Sachko V.,2,2,hc,-2.00,home,ft,1.52,3
djrf6bha,Ofner S.,Sachko V.,2,2,hc,-2.00,away,ft,2.5,3
djrf6bha,Ofner S.,Sachko V.,2,2,hc,2.50,home,ft,1.25,1
djrf6bha,Ofner S.,Sachko V.,2,2,hc,2.50,away,ft,3.89,1
djrf6bha,Ofner S.,Sachko V.,2,2,hc,-2.50,home,ft,1.643,4
djrf6bha,Ofner S.,Sachko V.,2,2,hc,-2.50,away,ft,2.26,4
djrf6bha,Ofner S.,Sachko V.,2,2,hc,-3.00,home,ft,1.74,3
djrf6bha,Ofner S.,Sachko V.,2,2,hc,-3.00,away,ft,2.11,3
djrf6bha,Ofner S.,Sachko V.,2,2,hc,-3.50,home,ft,1.942,4
djrf6bha,Ofner S.,Sachko V.,2,2,hc,-3.50,away,ft,1.885,4
djrf6bha,Ofner S.,Sachko V.,2,2,hc,-4.00,home,ft,2.193,3
djrf6bha,Ofner S.,Sachko V.,2,2,hc,-4.00,away,ft,1.687,3
djrf6bha,Ofner S.,Sachko V.,2,2,hc,-4.50,home,ft,2.508,4
djrf6bha,Ofner S.,Sachko V.,2,2,hc,-4.50,away,ft,1.53,4
djrf6bha,Ofner S.,Sachko V.,2,2,hc,-5.00,home,ft,2.9,2
djrf6bha,Ofner S.,Sachko V.,2,2,hc,-5.00,away,ft,1.375,2
djrf6bha,Ofner S.,Sachko V.,2,2,hc,-5.50,home,ft,3.44,3
djrf6bha,Ofner S.,Sachko V.,2,2,hc,-5.50,away,ft,1.283,3
djrf6bha,Ofner S.,Sachko V.,2,2,hc,-6.00,home,ft,4.6,2
djrf6bha,Ofner S.,Sachko V.,2,2,hc,-6.00,away,ft,1.155,2
Kl7J7NoI,Carballes Baena R.,Ramos A.,1,1,ou,2.50,over,ft,2.38,1
Kl7J7NoI,Carballes Baena R.,Ramos A.,1,1,ou,2.50,under,ft,1.62,1
Kl7J7NoI,Carballes Baena R.,Ramos A.,1,1,ou,20.00,over,ft,1.33,2
Kl7J7NoI,Carballes Baena R.,Ramos A.,1,1,ou,20.00,under,ft,2.98,2
Kl7J7NoI,Carballes Baena R.,Ramos A.,1,1,ou,20.50,over,ft,1.467,3
Kl7J7NoI,Carballes Baena R.,Ramos A.,1,1,ou,20.50,under,ft,2.577,3
Kl7J7NoI,Carballes Baena R.,Ramos A.,1,1,ou,21.00,over,ft,1.5,2
Kl7J7NoI,Carballes Baena R.,Ramos A.,1,1,ou,21.00,under,ft,2.46,2
Kl7J7NoI,Carballes Baena R.,Ramos A.,1,1,ou,21.50,over,ft,1.66,4
Kl7J7NoI,Carballes Baena R.,Ramos A.,1,1,ou,21.50,under,ft,2.218,4
Kl7J7NoI,Carballes Baena R.,Ramos A.,1,1,ou,22.00,over,ft,1.763,3
Kl7J7NoI,Carballes Baena R.,Ramos A.,1,1,ou,22.00,under,ft,2.06,3
Kl7J7NoI,Carballes Baena R.,Ramos A.,1,1,ou,22.50,over,ft,1.93,4
Kl7J7NoI,Carballes Baena R.,Ramos A.,1,1,ou,22.50,under,ft,1.9,4
Kl7J7NoI,Carballes Baena R.,Ramos A.,1,1,ou,23.00,over,ft,2.023,3
Kl7J7NoI,Carballes Baena R.,Ramos A.,1,1,ou,23.00,under,ft,1.79,3
Kl7J7NoI,Carballes Baena R.,Ramos A.,1,1,ou,23.50,over,ft,2.145,4
Kl7J7NoI,Carballes Baena R.,Ramos A.,1,1,ou,23.50,under,ft,1.702,4
Kl7J7NoI,Carballes Baena R.,Ramos A.,1,1,ou,24.00,over,ft,2.11,2
Kl7J7NoI,Carballes Baena R.,Ramos A.,1,1,ou,24.00,under,ft,1.67,2
Kl7J7NoI,Carballes Baena R.,Ramos A.,1,1,ou,24.50,over,ft,2.153,3
Kl7J7NoI,Carballes Baena R.,Ramos A.,1,1,ou,24.50,under,ft,1.66,3
Kl7J7NoI,Carballes Baena R.,Ramos A.,1,1,ou,25.00,over,ft,2.21,2
Kl7J7NoI,Carballes Baena R.,Ramos A.,1,1,ou,25.00,under,ft,1.58,2
Kl7J7NoI,Carballes Baena R.,Ramos A.,1,1,ou,25.50,over,ft,2.453,3
Kl7J7NoI,Carballes Baena R.,Ramos A.,1,1,ou,25.50,under,ft,1.493,3
Kl7J7NoI,Carballes Baena R.,Ramos A.,1,1,ou,26.50,over,ft,2.74,1
Kl7J7NoI,Carballes Baena R.,Ramos A.,1,1,ou,26.50,under,ft,1.46,1
Kl7J7NoI,Carballes Baena R.,Ramos A.,1,1,ou,27.50,over,ft,3.05,1
Kl7J7NoI,Carballes Baena R.,Ramos A.,1,1,ou,27.50,under,ft,1.38,1
Kl7J7NoI,Carballes Baena R.,Ramos A.,1,1,hc,0,home,ft,1.75,1
Kl7J7NoI,Carballes Baena R.,Ramos A.,1,1,hc,0,away,ft,2.09,1
Kl7J7NoI,Carballes Baena R.,Ramos A.,1,1,hc,-1.00,home,ft,1.98,2
Kl7J7NoI,Carballes Baena R.,Ramos A.,1,1,hc,-1.00,away,ft,1.7,2
Kl7J7NoI,Carballes Baena R.,Ramos A.,1,1,hc,1.50,home,ft,1.283,3
Kl7J7NoI,Carballes Baena R.,Ramos A.,1,1,hc,1.50,away,ft,3.43,3
Kl7J7NoI,Carballes Baena R.,Ramos A.,1,1,hc,-1.50,home,ft,2.597,3
Kl7J7NoI,Carballes Baena R.,Ramos A.,1,1,hc,-1.50,away,ft,1.453,3
Kl7J7NoI,Carballes Baena R.,Ramos A.,1,1,hc,0,home,ft,1.693,3
Kl7J7NoI,Carballes Baena R.,Ramos A.,1,1,hc,0,away,ft,2.063,3
Kl7J7NoI,Carballes Baena R.,Ramos A.,1,1,hc,0.50,home,ft,1.587,3
Kl7J7NoI,Carballes Baena R.,Ramos A.,1,1,hc,0.50,away,ft,2.24,3
Kl7J7NoI,Carballes Baena R.,Ramos A.,1,1,hc,-0.50,home,ft,1.722,4
Kl7J7NoI,Carballes Baena R.,Ramos A.,1,1,hc,-0.50,away,ft,2.062,4
Kl7J7NoI,Carballes Baena R.,Ramos A.,1,1,hc,1.00,home,ft,1.49,2
Kl7J7NoI,Carballes Baena R.,Ramos A.,1,1,hc,1.00,away,ft,2.37,2
Kl7J7NoI,Carballes Baena R.,Ramos A.,1,1,hc,-1.00,home,ft,1.747,3
Kl7J7NoI,Carballes Baena R.,Ramos A.,1,1,hc,-1.00,away,ft,1.993,3
Kl7J7NoI,Carballes Baena R.,Ramos A.,1,1,hc,1.50,home,ft,1.503,3
Kl7J7NoI,Carballes Baena R.,Ramos A.,1,1,hc,1.50,away,ft,2.43,3
Kl7J7NoI,Carballes Baena R.,Ramos A.,1,1,hc,-1.50,home,ft,1.915,4
Kl7J7NoI,Carballes Baena R.,Ramos A.,1,1,hc,-1.50,away,ft,1.912,4
Kl7J7NoI,Carballes Baena R.,Ramos A.,1,1,hc,-2.00,home,ft,1.913,3
Kl7J7NoI,Carballes Baena R.,Ramos A.,1,1,hc,-2.00,away,ft,1.817,3
Kl7J7NoI,Carballes Baena R.,Ramos A.,1,1,hc,2.50,home,ft,1.46,1
Kl7J7NoI,Carballes Baena R.,Ramos A.,1,1,hc,2.50,away,ft,2.75,1
Kl7J7NoI,Carballes Baena R.,Ramos A.,1,1,hc,-2.50,home,ft,2.053,4
Kl7J7NoI,Carballes Baena R.,Ramos A.,1,1,hc,-2.50,away,ft,1.73,4
Kl7J7NoI,Carballes Baena R.,Ramos A.,1,1,hc,-3.00,home,ft,2.17,2
Kl7J7NoI,Carballes Baena R.,Ramos A.,1,1,hc,-3.00,away,ft,1.58,2
Kl7J7NoI,Carballes Baena R.,Ramos A.,1,1,hc,3.50,home,ft,1.32,1
Kl7J7NoI,Carballes Baena R.,Ramos A.,1,1,hc,3.50,away,ft,3.36,1
Kl7J7NoI,Carballes Baena R.,Ramos A.,1,1,hc,-3.50,home,ft,2.433,3
Kl7J7NoI,Carballes Baena R.,Ramos A.,1,1,hc,-3.50,away,ft,1.5,3
Kl7J7NoI,Carballes Baena R.,Ramos A.,1,1,hc,-4.00,home,ft,2.83,2
Kl7J7NoI,Carballes Baena R.,Ramos A.,1,1,hc,-4.00,away,ft,1.35,2
6BYAB5ng,Piros Z.,Marozsan F.,0,0,ou,2.50,over,ft,2.49,1
6BYAB5ng,Piros Z.,Marozsan F.,0,0,ou,2.50,under,ft,1.58,1
6BYAB5ng,Piros Z.,Marozsan F.,0,0,ou,19.50,over,ft,1.4,1
6BYAB5ng,Piros Z.,Marozsan F.,0,0,ou,19.50,under,ft,2.98,1
6BYAB5ng,Piros Z.,Marozsan F.,0,0,ou,20.00,over,ft,1.38,2
6BYAB5ng,Piros Z.,Marozsan F.,0,0,ou,20.00,under,ft,2.77,2
6BYAB5ng,Piros Z.,Marozsan F.,0,0,ou,20.50,over,ft,1.513,3
6BYAB5ng,Piros Z.,Marozsan F.,0,0,ou,20.50,under,ft,2.453,3
6BYAB5ng,Piros Z.,Marozsan F.,0,0,ou,21.00,over,ft,1.593,3
6BYAB5ng,Piros Z.,Marozsan F.,0,0,ou,21.00,under,ft,2.317,3
6BYAB5ng,Piros Z.,Marozsan F.,0,0,ou,21.50,over,ft,1.7,4
6BYAB5ng,Piros Z.,Marozsan F.,0,0,ou,21.50,under,ft,2.147,4
6BYAB5ng,Piros Z.,Marozsan F.,0,0,ou,22.00,over,ft,1.803,3
6BYAB5ng,Piros Z.,Marozsan F.,0,0,ou,22.00,under,ft,2.003,3
6BYAB5ng,Piros Z.,Marozsan F.,0,0,ou,22.50,over,ft,1.932,4
6BYAB5ng,Piros Z.,Marozsan F.,0,0,ou,22.50,under,ft,1.903,4
6BYAB5ng,Piros Z.,Marozsan F.,0,0,ou,23.00,over,ft,2.063,3
6BYAB5ng,Piros Z.,Marozsan F.,0,0,ou,23.00,under,ft,1.76,3
6BYAB5ng,Piros Z.,Marozsan F.,0,0,ou,23.50,over,ft,2.178,4
6BYAB5ng,Piros Z.,Marozsan F.,0,0,ou,23.50,under,ft,1.682,4
6BYAB5ng,Piros Z.,Marozsan F.,0,0,ou,24.00,over,ft,2.14,2
6BYAB5ng,Piros Z.,Marozsan F.,0,0,ou,24.00,under,ft,1.65,2
6BYAB5ng,Piros Z.,Marozsan F.,0,0,ou,24.50,over,ft,2.217,3
6BYAB5ng,Piros Z.,Marozsan F.,0,0,ou,24.50,under,ft,1.62,3
6BYAB5ng,Piros Z.,Marozsan F.,0,0,ou,25.00,over,ft,2.27,2
6BYAB5ng,Piros Z.,Marozsan F.,0,0,ou,25.00,under,ft,1.55,2
6BYAB5ng,Piros Z.,Marozsan F.,0,0,ou,25.50,over,ft,2.52,3
6BYAB5ng,Piros Z.,Marozsan F.,0,0,ou,25.50,under,ft,1.467,3
6BYAB5ng,Piros Z.,Marozsan F.,0,0,ou,26.50,over,ft,2.92,1
6BYAB5ng,Piros Z.,Marozsan F.,0,0,ou,26.50,under,ft,1.41,1
6BYAB5ng,Piros Z.,Marozsan F.,0,0,hc,0,home,ft,2.4,1
6BYAB5ng,Piros Z.,Marozsan F.,0,0,hc,0,away,ft,1.55,1
6BYAB5ng,Piros Z.,Marozsan F.,0,0,hc,1.00,home,ft,1.94,2
6BYAB5ng,Piros Z.,Marozsan F.,0,0,hc,1.00,away,ft,1.73,2
6BYAB5ng,Piros Z.,Marozsan F.,0,0,hc,1.50,home,ft,1.563,3
6BYAB5ng,Piros Z.,Marozsan F.,0,0,hc,1.50,away,ft,2.31,3
6BYAB5ng,Piros Z.,Marozsan F.,0,0,hc,-1.50,home,ft,4.17,3
6BYAB5ng,Piros Z.,Marozsan F.,0,0,hc,-1.50,away,ft,1.2,3
6BYAB5ng,Piros Z.,Marozsan F.,0,0,hc,0.50,home,ft,2.45,3
6BYAB5ng,Piros Z.,Marozsan F.,0,0,hc,0.50,away,ft,1.513,3
6BYAB5ng,Piros Z.,Marozsan F.,0,0,hc,-0.50,home,ft,2.69,3
6BYAB5ng,Piros Z.,Marozsan F.,0,0,hc,-0.50,away,ft,1.427,3
6BYAB5ng,Piros Z.,Marozsan F.,0,0,hc,1.00,home,ft,2.297,3
6BYAB5ng,Piros Z.,Marozsan F.,0,0,hc,1.00,away,ft,1.607,3
6BYAB5ng,Piros Z.,Marozsan F.,0,0,hc,-1.00,home,ft,2.38,2
6BYAB5ng,Piros Z.,Marozsan F.,0,0,hc,-1.00,away,ft,1.52,2
6BYAB5ng,Piros Z.,Marozsan F.,0,0,hc,1.50,home,ft,2.255,4
6BYAB5ng,Piros Z.,Marozsan F.,0,0,hc,1.50,away,ft,1.637,4
6BYAB5ng,Piros Z.,Marozsan F.,0,0,hc,-1.50,home,ft,2.6,3
6BYAB5ng,Piros Z.,Marozsan F.,0,0,hc,-1.50,away,ft,1.46,3
6BYAB5ng,Piros Z.,Marozsan F.,0,0,hc,2.00,home,ft,2.13,3
6BYAB5ng,Piros Z.,Marozsan F.,0,0,hc,2.00,away,ft,1.713,3
6BYAB5ng,Piros Z.,Marozsan F.,0,0,hc,2.50,home,ft,1.943,4
6BYAB5ng,Piros Z.,Marozsan F.,0,0,hc,2.50,away,ft,1.895,4
6BYAB5ng,Piros Z.,Marozsan F.,0,0,hc,-2.50,home,ft,3.35,1
6BYAB5ng,Piros Z.,Marozsan F.,0,0,hc,-2.50,away,ft,1.32,1
6BYAB5ng,Piros Z.,Marozsan F.,0,0,hc,3.00,home,ft,1.84,3
6BYAB5ng,Piros Z.,Marozsan F.,0,0,hc,3.00,away,ft,1.96,3
6BYAB5ng,Piros Z.,Marozsan F.,0,0,hc,3.50,home,ft,1.718,4
6BYAB5ng,Piros Z.,Marozsan F.,0,0,hc,3.50,away,ft,2.123,4
6BYAB5ng,Piros Z.,Marozsan F.,0,0,hc,4.00,home,ft,1.52,2
6BYAB5ng,Piros Z.,Marozsan F.,0,0,hc,4.00,away,ft,2.4,2
6BYAB5ng,Piros Z.,Marozsan F.,0,0,hc,4.50,home,ft,1.433,3
6BYAB5ng,Piros Z.,Marozsan F.,0,0,hc,4.50,away,ft,2.687,3
6BYAB5ng,Piros Z.,Marozsan F.,0,0,hc,5.00,home,ft,1.27,2
6BYAB5ng,Piros Z.,Marozsan F.,0,0,hc,5.00,away,ft,3.35,2
6o3F83WB,Medjedovic H.,O'Connell C.,1,1,ou,2.50,over,ft,2.27,1
6o3F83WB,Medjedovic H.,O'Connell C.,1,1,ou,2.50,under,ft,1.68,1
6o3F83WB,Medjedovic H.,O'Connell C.,1,1,ou,21.00,over,ft,1.38,2
6o3F83WB,Medjedovic H.,O'Connell C.,1,1,ou,21.00,under,ft,2.77,2
6o3F83WB,Medjedovic H.,O'Connell C.,1,1,ou,21.50,over,ft,1.477,3
6o3F83WB,Medjedovic H.,O'Connell C.,1,1,ou,21.50,under,ft,2.547,3
6o3F83WB,Medjedovic H.,O'Connell C.,1,1,ou,22.00,over,ft,1.57,3
6o3F83WB,Medjedovic H.,O'Connell C.,1,1,ou,22.00,under,ft,2.36,3
6o3F83WB,Medjedovic H.,O'Connell C.,1,1,ou,22.50,over,ft,1.73,4
6o3F83WB,Medjedovic H.,O'Connell C.,1,1,ou,22.50,under,ft,2.112,4
6o3F83WB,Medjedovic H.,O'Connell C.,1,1,ou,23.00,over,ft,1.84,3
6o3F83WB,Medjedovic H.,O'Connell C.,1,1,ou,23.00,under,ft,1.96,3
6o3F83WB,Medjedovic H.,O'Connell C.,1,1,ou,23.50,over,ft,1.953,4
6o3F83WB,Medjedovic H.,O'Connell C.,1,1,ou,23.50,under,ft,1.877,4
6o3F83WB,Medjedovic H.,O'Connell C.,1,1,ou,24.00,over,ft,2.007,3
6o3F83WB,Medjedovic H.,O'Connell C.,1,1,ou,24.00,under,ft,1.8,3
6o3F83WB,Medjedovic H.,O'Connell C.,1,1,ou,24.50,over,ft,2.022,4
6o3F83WB,Medjedovic H.,O'Connell C.,1,1,ou,24.50,under,ft,1.79,4
6o3F83WB,Medjedovic H.,O'Connell C.,1,1,ou,25.00,over,ft,2.08,2
6o3F83WB,Medjedovic H.,O'Connell C.,1,1,ou,25.00,under,ft,1.69,2
6o3F83WB,Medjedovic H.,O'Connell C.,1,1,ou,25.50,over,ft,2.173,3
6o3F83WB,Medjedovic H.,O'Connell C.,1,1,ou,25.50,under,ft,1.647,3
6o3F83WB,Medjedovic H.,O'Connell C.,1,1,ou,26.00,over,ft,2.31,2
6o3F83WB,Medjedovic H.,O'Connell C.,1,1,ou,26.00,under,ft,1.53,2
6o3F83WB,Medjedovic H.,O'Connell C.,1,1,ou,26.50,over,ft,2.51,1
6o3F83WB,Medjedovic H.,O'Connell C.,1,1,ou,26.50,under,ft,1.54,1
6o3F83WB,Medjedovic H.,O'Connell C.,1,1,ou,27.50,over,ft,2.75,1
6o3F83WB,Medjedovic H.,O'Connell C.,1,1,ou,27.50,under,ft,1.46,1
6o3F83WB,Medjedovic H.,O'Connell C.,1,1,ou,28.50,over,ft,2.98,1
6o3F83WB,Medjedovic H.,O'Connell C.,1,1,ou,28.50,under,ft,1.4,1
6o3F83WB,Medjedovic H.,O'Connell C.,1,1,hc,0,home,ft,2.05,1
6o3F83WB,Medjedovic H.,O'Connell C.,1,1,hc,0,away,ft,1.79,1
6o3F83WB,Medjedovic H.,O'Connell C.,1,1,hc,1.00,home,ft,1.46,2
6o3F83WB,Medjedovic H.,O'Connell C.,1,1,hc,1.00,away,ft,2.44,2
6o3F83WB,Medjedovic H.,O'Connell C.,1,1,hc,-1.00,home,ft,2.42,2
6o3F83WB,Medjedovic H.,O'Connell C.,1,1,hc,-1.00,away,ft,1.47,2
6o3F83WB,Medjedovic H.,O'Connell C.,1,1,hc,1.50,home,ft,1.367,3
6o3F83WB,Medjedovic H.,O'Connell C.,1,1,hc,1.50,away,ft,2.927,3
6o3F83WB,Medjedovic H.,O'Connell C.,1,1,hc,-1.50,home,ft,3.437,3
6o3F83WB,Medjedovic H.,O'Connell C.,1,1,hc,-1.50,away,ft,1.28,3
6o3F83WB,Medjedovic H.,O'Connell C.,1,1,hc,0,home,ft,1.973,3
6o3F83WB,Medjedovic H.,O'Connell C.,1,1,hc,0,away,ft,1.767,3
6o3F83WB,Medjedovic H.,O'Connell C.,1,1,hc,0.50,home,ft,1.905,4
6o3F83WB,Medjedovic H.,O'Connell C.,1,1,hc,0.50,away,ft,1.922,4
6o3F83WB,Medjedovic H.,O'Connell C.,1,1,hc,-0.50,home,ft,1.96,4
6o3F83WB,Medjedovic H.,O'Connell C.,1,1,hc,-0.50,away,ft,1.802,4
6o3F83WB,Medjedovic H.,O'Connell C.,1,1,hc,1.00,home,ft,1.727,3
6o3F83WB,Medjedovic H.,O'Connell C.,1,1,hc,1.00,away,ft,2.027,3
6o3F83WB,Medjedovic H.,O'Connell C.,1,1,hc,-1.00,home,ft,2.01,3
6o3F83WB,Medjedovic H.,O'Connell C.,1,1,hc,-1.00,away,ft,1.733,3
6o3F83WB,Medjedovic H.,O'Connell C.,1,1,hc,1.50,home,ft,1.688,4
6o3F83WB,Medjedovic H.,O'Connell C.,1,1,hc,1.50,away,ft,2.11,4
6o3F83WB,Medjedovic H.,O'Connell C.,1,1,hc,-1.50,home,ft,2.107,3
6o3F83WB,Medjedovic H.,O'Connell C.,1,1,hc,-1.50,away,ft,1.66,3
6o3F83WB,Medjedovic H.,O'Connell C.,1,1,hc,2.00,home,ft,1.51,2
6o3F83WB,Medjedovic H.,O'Connell C.,1,1,hc,2.00,away,ft,2.32,2
6o3F83WB,Medjedovic H.,O'Connell C.,1,1,hc,-2.00,home,ft,2.19,2
6o3F83WB,Medjedovic H.,O'Connell C.,1,1,hc,-2.00,away,ft,1.57,2
6o3F83WB,Medjedovic H.,O'Connell C.,1,1,hc,2.50,home,ft,1.48,3
6o3F83WB,Medjedovic H.,O'Connell C.,1,1,hc,2.50,away,ft,2.493,3
6o3F83WB,Medjedovic H.,O'Connell C.,1,1,hc,-2.50,home,ft,2.38,3
6o3F83WB,Medjedovic H.,O'Connell C.,1,1,hc,-2.50,away,ft,1.52,3
6o3F83WB,Medjedovic H.,O'Connell C.,1,1,hc,3.00,home,ft,1.39,2
6o3F83WB,Medjedovic H.,O'Connell C.,1,1,hc,3.00,away,ft,2.67,2
6o3F83WB,Medjedovic H.,O'Connell C.,1,1,hc,-3.00,home,ft,2.75,2
6o3F83WB,Medjedovic H.,O'Connell C.,1,1,hc,-3.00,away,ft,1.37,2
6o3F83WB,Medjedovic H.,O'Connell C.,1,1,hc,3.50,home,ft,1.373,3
6o3F83WB,Medjedovic H.,O'Connell C.,1,1,hc,3.50,away,ft,2.843,3
6o3F83WB,Medjedovic H.,O'Connell C.,1,1,hc,-3.50,home,ft,3.35,1
6o3F83WB,Medjedovic H.,O'Connell C.,1,1,hc,-3.50,away,ft,1.32,1
6o3F83WB,Medjedovic H.,O'Connell C.,1,1,hc,4.00,home,ft,1.23,2
6o3F83WB,Medjedovic H.,O'Connell C.,1,1,hc,4.00,away,ft,3.56,2
YX47AP1a,Bautista-Agut R.,Popyrin A.,,,ou,2.50,over,ft,2.29,1
YX47AP1a,Bautista-Agut R.,Popyrin A.,,,ou,2.50,under,ft,1.67,1
YX47AP1a,Bautista-Agut R.,Popyrin A.,,,ou,20.00,over,ft,1.3,2
YX47AP1a,Bautista-Agut R.,Popyrin A.,,,ou,20.00,under,ft,3.16,2
YX47AP1a,Bautista-Agut R.,Popyrin A.,,,ou,20.50,over,ft,1.43,2
YX47AP1a,Bautista-Agut R.,Popyrin A.,,,ou,20.50,under,ft,2.63,2
YX47AP1a,Bautista-Agut R.,Popyrin A.,,,ou,21.00,over,ft,1.48,2
YX47AP1a,Bautista-Agut R.,Popyrin A.,,,ou,21.00,under,ft,2.51,2
YX47AP1a,Bautista-Agut R.,Popyrin A.,,,ou,21.50,over,ft,1.59,3
YX47AP1a,Bautista-Agut R.,Popyrin A.,,,ou,21.50,under,ft,2.317,3
YX47AP1a,Bautista-Agut R.,Popyrin A.,,,ou,22.00,over,ft,1.667,3
YX47AP1a,Bautista-Agut R.,Popyrin A.,,,ou,22.00,under,ft,2.22,3
YX47AP1a,Bautista-Agut R.,Popyrin A.,,,ou,22.50,over,ft,1.85,4
YX47AP1a,Bautista-Agut R.,Popyrin A.,,,ou,22.50,under,ft,1.98,4
YX47AP1a,Bautista-Agut R.,Popyrin A.,,,ou,23.00,over,ft,1.95,3
YX47AP1a,Bautista-Agut R.,Popyrin A.,,,ou,23.00,under,ft,1.86,3
YX47AP1a,Bautista-Agut R.,Popyrin A.,,,ou,23.50,over,ft,2.088,4
YX47AP1a,Bautista-Agut R.,Popyrin A.,,,ou,23.50,under,ft,1.728,4
YX47AP1a,Bautista-Agut R.,Popyrin A.,,,ou,24.00,over,ft,2.1,3
YX47AP1a,Bautista-Agut R.,Popyrin A.,,,ou,24.00,under,ft,1.713,3
YX47AP1a,Bautista-Agut R.,Popyrin A.,,,ou,24.50,over,ft,2.173,3
YX47AP1a,Bautista-Agut R.,Popyrin A.,,,ou,24.50,under,ft,1.647,3
YX47AP1a,Bautista-Agut R.,Popyrin A.,,,ou,25.00,over,ft,2.23,2
YX47AP1a,Bautista-Agut R.,Popyrin A.,,,ou,25.00,under,ft,1.57,2
YX47AP1a,Bautista-Agut R.,Popyrin A.,,,ou,25.50,over,ft,2.183,3
YX47AP1a,Bautista-Agut R.,Popyrin A.,,,ou,25.50,under,ft,1.64,3
YX47AP1a,Bautista-Agut R.,Popyrin A.,,,ou,26.00,over,ft,2.31,2
YX47AP1a,Bautista-Agut R.,Popyrin A.,,,ou,26.00,under,ft,1.53,2
YX47AP1a,Bautista-Agut R.,Popyrin A.,,,hc,1.00,home,ft,2.25,2
YX47AP1a,Bautista-Agut R.,Popyrin A.,,,hc,1.00,away,ft,1.63,2
YX47AP1a,Bautista-Agut R.,Popyrin A.,,,hc,-1.00,home,ft,2.73,2
YX47AP1a,Bautista-Agut R.,Popyrin A.,,,hc,-1.00,away,ft,1.38,2
YX47AP1a,Bautista-Agut R.,Popyrin A.,,,hc,1.50,home,ft,1.597,3
YX47AP1a,Bautista-Agut R.,Popyrin A.,,,hc,1.50,away,ft,2.367,3
YX47AP1a,Bautista-Agut R.,Popyrin A.,,,hc,-1.50,home,ft,3.413,3
YX47AP1a,Bautista-Agut R.,Popyrin A.,,,hc,-1.50,away,ft,1.28,3
YX47AP1a,Bautista-Agut R.,Popyrin A.,,,hc,0,home,ft,1.973,3
YX47AP1a,Bautista-Agut R.,Popyrin A.,,,hc,0,away,ft,1.763,3
YX47AP1a,Bautista-Agut R.,Popyrin A.,,,hc,0.50,home,ft,2.433,4
YX47AP1a,Bautista-Agut R.,Popyrin A.,,,hc,0.50,away,ft,1.547,4
YX47AP1a,Bautista-Agut R.,Popyrin A.,,,hc,-0.50,home,ft,2.513,4
YX47AP1a,Bautista-Agut R.,Popyrin A.,,,hc,-0.50,away,ft,1.522,4
YX47AP1a,Bautista-Agut R.,Popyrin A.,,,hc,1.00,home,ft,2.317,3
YX47AP1a,Bautista-Agut R.,Popyrin A.,,,hc,1.00,away,ft,1.627,3
YX47AP1a,Bautista-Agut R.,Popyrin A.,,,hc,-1.00,home,ft,2.32,3
YX47AP1a,Bautista-Agut R.,Popyrin A.,,,hc,-1.00,away,ft,1.567,3
YX47AP1a,Bautista-Agut R.,Popyrin A.,,,hc,1.50,home,ft,2.268,4
YX47AP1a,Bautista-Agut R.,Popyrin A.,,,hc,1.50,away,ft,1.66,4
YX47AP1a,Bautista-Agut R.,Popyrin A.,,,hc,-1.50,home,ft,2.433,3
YX47AP1a,Bautista-Agut R.,Popyrin A.,,,hc,-1.50,away,ft,1.513,3
YX47AP1a,Bautista-Agut R.,Popyrin A.,,,hc,2.00,home,ft,2.05,3
YX47AP1a,Bautista-Agut R.,Popyrin A.,,,hc,2.00,away,ft,1.817,3
YX47AP1a,Bautista-Agut R.,Popyrin A.,,,hc,-2.00,home,ft,2.45,2
YX47AP1a,Bautista-Agut R.,Popyrin A.,,,hc,-2.00,away,ft,1.46,2
YX47AP1a,Bautista-Agut R.,Popyrin A.,,,hc,2.50,home,ft,2.063,3
YX47AP1a,Bautista-Agut R.,Popyrin A.,,,hc,2.50,away,ft,1.74,3
YX47AP1a,Bautista-Agut R.,Popyrin A.,,,hc,-2.50,home,ft,2.57,2
YX47AP1a,Bautista-Agut R.,Popyrin A.,,,hc,-2.50,away,ft,1.42,2
YX47AP1a,Bautista-Agut R.,Popyrin A.,,,hc,3.00,home,ft,1.89,2
YX47AP1a,Bautista-Agut R.,Popyrin A.,,,hc,3.00,away,ft,1.89,2
YX47AP1a,Bautista-Agut R.,Popyrin A.,,,hc,3.50,home,ft,1.76,3
YX47AP1a,Bautista-Agut R.,Popyrin A.,,,hc,3.50,away,ft,2.067,3
YX47AP1a,Bautista-Agut R.,Popyrin A.,,,hc,4.00,home,ft,1.46,2
YX47AP1a,Bautista-Agut R.,Popyrin A.,,,hc,4.00,away,ft,2.65,2
YX47AP1a,Bautista-Agut R.,Popyrin A.,,,hc,4.50,home,ft,1.33,2
YX47AP1a,Bautista-Agut R.,Popyrin A.,,,hc,4.50,away,ft,3.14,2
YX47AP1a,Bautista-Agut R.,Popyrin A.,,,hc,5.00,home,ft,1.24,2
YX47AP1a,Bautista-Agut R.,Popyrin A.,,,hc,5.00,away,ft,3.74,2
YX47AP1a,Bautista-Agut R.,Popyrin A.,,,hc,5.50,home,ft,1.21,2
YX47AP1a,Bautista-Agut R.,Popyrin A.,,,hc,5.50,away,ft,3.94,2
YX47AP1a,Bautista-Agut R.,Popyrin A.,,,hc,6.00,home,ft,1.05,2
YX47AP1a,Bautista-Agut R.,Popyrin A.,,,hc,6.00,away,ft,7.5,2
0nLmjeGp,Rodionov J.,Kecmanovic M.,,,ou,2.50,over,ft,2.42,1
0nLmjeGp,Rodionov J.,Kecmanovic M.,,,ou,2.50,under,ft,1.6,1
0nLmjeGp,Rodionov J.,Kecmanovic M.,,,ou,20.00,over,ft,1.33,2
0nLmjeGp,Rodionov J.,Kecmanovic M.,,,ou,20.00,under,ft,3.0,2
0nLmjeGp,Rodionov J.,Kecmanovic M.,,,ou,20.50,over,ft,1.44,2
0nLmjeGp,Rodionov J.,Kecmanovic M.,,,ou,20.50,under,ft,2.6,2
0nLmjeGp,Rodionov J.,Kecmanovic M.,,,ou,21.00,over,ft,1.543,3
0nLmjeGp,Rodionov J.,Kecmanovic M.,,,ou,21.00,under,ft,2.43,3
0nLmjeGp,Rodionov J.,Kecmanovic M.,,,ou,21.50,over,ft,1.66,4
0nLmjeGp,Rodionov J.,Kecmanovic M.,,,ou,21.50,under,ft,2.22,4
0nLmjeGp,Rodionov J.,Kecmanovic M.,,,ou,22.00,over,ft,1.76,3
0nLmjeGp,Rodionov J.,Kecmanovic M.,,,ou,22.00,under,ft,2.067,3
0nLmjeGp,Rodionov J.,Kecmanovic M.,,,ou,22.50,over,ft,1.923,4
0nLmjeGp,Rodionov J.,Kecmanovic M.,,,ou,22.50,under,ft,1.895,4
0nLmjeGp,Rodionov J.,Kecmanovic M.,,,ou,23.00,over,ft,2.023,3
0nLmjeGp,Rodionov J.,Kecmanovic M.,,,ou,23.00,under,ft,1.787,3
0nLmjeGp,Rodionov J.,Kecmanovic M.,,,ou,23.50,over,ft,2.155,4
0nLmjeGp,Rodionov J.,Kecmanovic M.,,,ou,23.50,under,ft,1.695,4
0nLmjeGp,Rodionov J.,Kecmanovic M.,,,ou,24.00,over,ft,2.11,2
0nLmjeGp,Rodionov J.,Kecmanovic M.,,,ou,24.00,under,ft,1.67,2
0nLmjeGp,Rodionov J.,Kecmanovic M.,,,ou,24.50,over,ft,2.177,3
0nLmjeGp,Rodionov J.,Kecmanovic M.,,,ou,24.50,under,ft,1.647,3
0nLmjeGp,Rodionov J.,Kecmanovic M.,,,ou,25.00,over,ft,2.21,2
0nLmjeGp,Rodionov J.,Kecmanovic M.,,,ou,25.00,under,ft,1.58,2
0nLmjeGp,Rodionov J.,Kecmanovic M.,,,ou,25.50,over,ft,2.45,2
0nLmjeGp,Rodionov J.,Kecmanovic M.,,,ou,25.50,under,ft,1.46,2
0nLmjeGp,Rodionov J.,Kecmanovic M.,,,hc,1.00,home,ft,1.9,2
0nLmjeGp,Rodionov J.,Kecmanovic M.,,,hc,1.00,away,ft,1.88,2
0nLmjeGp,Rodionov J.,Kecmanovic M.,,,hc,1.50,home,ft,1.57,3
0nLmjeGp,Rodionov J.,Kecmanovic M.,,,hc,1.50,away,ft,2.417,3
0nLmjeGp,Rodionov J.,Kecmanovic M.,,,hc,-1.50,home,ft,3.98,3
0nLmjeGp,Rodionov J.,Kecmanovic M.,,,hc,-1.50,away,ft,1.213,3
0nLmjeGp,Rodionov J.,Kecmanovic M.,,,hc,0.50,home,ft,2.287,3
0nLmjeGp,Rodionov J.,Kecmanovic M.,,,hc,0.50,away,ft,1.583,3
0nLmjeGp,Rodionov J.,Kecmanovic M.,,,hc,-0.50,home,ft,2.47,2
0nLmjeGp,Rodionov J.,Kecmanovic M.,,,hc,-0.50,away,ft,1.47,2
0nLmjeGp,Rodionov J.,Kecmanovic M.,,,hc,1.00,home,ft,2.17,3
0nLmjeGp,Rodionov J.,Kecmanovic M.,,,hc,1.00,away,ft,1.67,3
0nLmjeGp,Rodionov J.,Kecmanovic M.,,,hc,1.50,home,ft,2.14,4
0nLmjeGp,Rodionov J.,Kecmanovic M.,,,hc,1.50,away,ft,1.702,4
0nLmjeGp,Rodionov J.,Kecmanovic M.,,,hc,2.00,home,ft,2.027,3
0nLmjeGp,Rodionov J.,Kecmanovic M.,,,hc,2.00,away,ft,1.79,3
0nLmjeGp,Rodionov J.,Kecmanovic M.,,,hc,2.50,home,ft,1.92,4
0nLmjeGp,Rodionov J.,Kecmanovic M.,,,hc,2.50,away,ft,1.897,4
0nLmjeGp,Rodionov J.,Kecmanovic M.,,,hc,3.00,home,ft,1.747,3
0nLmjeGp,Rodionov J.,Kecmanovic M.,,,hc,3.00,away,ft,2.087,3
0nLmjeGp,Rodionov J.,Kecmanovic M.,,,hc,3.50,home,ft,1.637,4
0nLmjeGp,Rodionov J.,Kecmanovic M.,,,hc,3.50,away,ft,2.257,4
0nLmjeGp,Rodionov J.,Kecmanovic M.,,,hc,4.00,home,ft,1.42,2
0nLmjeGp,Rodionov J.,Kecmanovic M.,,,hc,4.00,away,ft,2.7,2
0nLmjeGp,Rodionov J.,Kecmanovic M.,,,hc,4.50,home,ft,1.34,2
0nLmjeGp,Rodionov J.,Kecmanovic M.,,,hc,4.50,away,ft,3.0,2
0nLmjeGp,Rodionov J.,Kecmanovic M.,,,hc,5.00,home,ft,1.2,2
0nLmjeGp,Rodionov J.,Kecmanovic M.,,,hc,5.00,away,ft,4.05,2
zyrXi259,Moreno De Alboran N.,Harris B.,0,0,ou,2.50,over,ft,2.52,1
zyrXi259,Moreno De Alboran N.,Harris B.,0,0,ou,2.50,under,ft,1.54,1
zyrXi259,Moreno De Alboran N.,Harris B.,0,0,ou,20.50,over,ft,1.41,1
zyrXi259,Moreno De Alboran N.,Harris B.,0,0,ou,20.50,under,ft,2.88,1
zyrXi259,Moreno De Alboran N.,Harris B.,0,0,ou,21.50,over,ft,1.558,4
zyrXi259,Moreno De Alboran N.,Harris B.,0,0,ou,21.50,under,ft,2.355,4
zyrXi259,Moreno De Alboran N.,Harris B.,0,0,ou,22.00,over,ft,1.667,3
zyrXi259,Moreno De Alboran N.,Harris B.,0,0,ou,22.00,under,ft,2.14,3
zyrXi259,Moreno De Alboran N.,Harris B.,0,0,ou,22.50,over,ft,1.825,4
zyrXi259,Moreno De Alboran N.,Harris B.,0,0,ou,22.50,under,ft,1.958,4
zyrXi259,Moreno De Alboran N.,Harris B.,0,0,ou,23.00,over,ft,1.96,3
zyrXi259,Moreno De Alboran N.,Harris B.,0,0,ou,23.00,under,ft,1.797,3
zyrXi259,Moreno De Alboran N.,Harris B.,0,0,ou,23.50,over,ft,2.075,4
zyrXi259,Moreno De Alboran N.,Harris B.,0,0,ou,23.50,under,ft,1.718,4
zyrXi259,Moreno De Alboran N.,Harris B.,0,0,ou,24.00,over,ft,2.04,3
zyrXi259,Moreno De Alboran N.,Harris B.,0,0,ou,24.00,under,ft,1.73,3
zyrXi259,Moreno De Alboran N.,Harris B.,0,0,ou,24.50,over,ft,2.03,3
zyrXi259,Moreno De Alboran N.,Harris B.,0,0,ou,24.50,under,ft,1.727,3
zyrXi259,Moreno De Alboran N.,Harris B.,0,0,ou,25.50,over,ft,2.33,1
zyrXi259,Moreno De Alboran N.,Harris B.,0,0,ou,25.50,under,ft,1.61,1
zyrXi259,Moreno De Alboran N.,Harris B.,0,0,ou,26.50,over,ft,2.56,1
zyrXi259,Moreno De Alboran N.,Harris B.,0,0,ou,26.50,under,ft,1.51,1
zyrXi259,Moreno De Alboran N.,Harris B.,0,0,ou,27.50,over,ft,2.75,1
zyrXi259,Moreno De Alboran N.,Harris B.,0,0,ou,27.50,under,ft,1.45,1
zyrXi259,Moreno De Alboran N.,Harris B.,0,0,hc,1.00,home,ft,1.85,2
zyrXi259,Moreno De Alboran N.,Harris B.,0,0,hc,1.00,away,ft,1.85,2
zyrXi259,Moreno De Alboran N.,Harris B.,0,0,hc,-1.00,home,ft,2.69,2
zyrXi259,Moreno De Alboran N.,Harris B.,0,0,hc,-1.00,away,ft,1.39,2
zyrXi259,Moreno De Alboran N.,Harris B.,0,0,hc,1.50,home,ft,1.533,3
zyrXi259,Moreno De Alboran N.,Harris B.,0,0,hc,1.50,away,ft,2.43,3
zyrXi259,Moreno De Alboran N.,Harris B.,0,0,hc,-1.50,home,ft,3.523,3
zyrXi259,Moreno De Alboran N.,Harris B.,0,0,hc,-1.50,away,ft,1.26,3
zyrXi259,Moreno De Alboran N.,Harris B.,0,0,hc,0,home,ft,1.913,3
zyrXi259,Moreno De Alboran N.,Harris B.,0,0,hc,0,away,ft,1.817,3
zyrXi259,Moreno De Alboran N.,Harris B.,0,0,hc,0.50,home,ft,2.208,4
zyrXi259,Moreno De Alboran N.,Harris B.,0,0,hc,0.50,away,ft,1.623,4
zyrXi259,Moreno De Alboran N.,Harris B.,0,0,hc,-0.50,home,ft,2.245,4
zyrXi259,Moreno De Alboran N.,Harris B.,0,0,hc,-0.50,away,ft,1.605,4
zyrXi259,Moreno De Alboran N.,Harris B.,0,0,hc,1.00,home,ft,2.15,3
zyrXi259,Moreno De Alboran N.,Harris B.,0,0,hc,1.00,away,ft,1.64,3
zyrXi259,Moreno De Alboran N.,Harris B.,0,0,hc,-1.00,home,ft,2.35,2
zyrXi259,Moreno De Alboran N.,Harris B.,0,0,hc,-1.00,away,ft,1.5,2
zyrXi259,Moreno De Alboran N.,Harris B.,0,0,hc,1.50,home,ft,2.05,4
zyrXi259,Moreno De Alboran N.,Harris B.,0,0,hc,1.50,away,ft,1.738,4
zyrXi259,Moreno De Alboran N.,Harris B.,0,0,hc,-1.50,home,ft,2.393,3
zyrXi259,Moreno De Alboran N.,Harris B.,0,0,hc,-1.50,away,ft,1.52,3
zyrXi259,Moreno De Alboran N.,Harris B.,0,0,hc,2.00,home,ft,1.947,3
zyrXi259,Moreno De Alboran N.,Harris B.,0,0,hc,2.00,away,ft,1.81,3
zyrXi259,Moreno De Alboran N.,Harris B.,0,0,hc,-2.00,home,ft,2.42,2
zyrXi259,Moreno De Alboran N.,Harris B.,0,0,hc,-2.00,away,ft,1.47,2
zyrXi259,Moreno De Alboran N.,Harris B.,0,0,hc,2.50,home,ft,1.825,4
zyrXi259,Moreno De Alboran N.,Harris B.,0,0,hc,2.50,away,ft,1.955,4
zyrXi259,Moreno De Alboran N.,Harris B.,0,0,hc,-2.50,home,ft,3.09,1
zyrXi259,Moreno De Alboran N.,Harris B.,0,0,hc,-2.50,away,ft,1.36,1
zyrXi259,Moreno De Alboran N.,Harris B.,0,0,hc,3.00,home,ft,1.657,3
zyrXi259,Moreno De Alboran N.,Harris B.,0,0,hc,3.00,away,ft,2.157,3
zyrXi259,Moreno De Alboran N.,Harris B.,0,0,hc,3.50,home,ft,1.533,3
zyrXi259,Moreno De Alboran N.,Harris B.,0,0,hc,3.50,away,ft,2.377,3
zyrXi259,Moreno De Alboran N.,Harris B.,0,0,hc,4.00,home,ft,1.37,2
zyrXi259,Moreno De Alboran N.,Harris B.,0,0,hc,4.00,away,ft,2.77,2
zyrXi259,Moreno De Alboran N.,Harris B.,0,0,hc,4.50,home,ft,1.293,3
zyrXi259,Moreno De Alboran N.,Harris B.,0,0,hc,4.50,away,ft,3.23,3
