match_id,home,away,home_score,away_score,market,line,side,period,avg_odds,n_bookies
zTrbUJ0C,Cobolli F.,Tiafoe F.,2,2,ou,2.50,over,ft,2.252,4
zTrbUJ0C,Cobolli F.,Tiafoe F.,2,2,ou,2.50,under,ft,1.64,4
zTrbUJ0C,Cobolli F.,Tiafoe F.,2,2,ou,16.50,under,ft,9.94,1
zTrbUJ0C,Cobolli F.,Tiafoe F.,2,2,ou,17.50,over,ft,1.06,1
zTrbUJ0C,Cobolli F.,Tiafoe F.,2,2,ou,17.50,under,ft,6.88,1
zTrbUJ0C,Cobolli F.,Tiafoe F.,2,2,ou,18.50,over,ft,1.132,4
zTrbUJ0C,Cobolli F.,Tiafoe F.,2,2,ou,18.50,under,ft,4.772,4
zTrbUJ0C,Cobolli F.,Tiafoe F.,2,2,ou,19.50,over,ft,1.235,4
zTrbUJ0C,Cobolli F.,Tiafoe F.,2,2,ou,19.50,under,ft,3.43,4
zTrbUJ0C,Cobolli F.,Tiafoe F.,2,2,ou,20.00,over,ft,1.255,4
zTrbUJ0C,Cobolli F.,Tiafoe F.,2,2,ou,20.00,under,ft,3.232,4
zTrbUJ0C,Cobolli F.,Tiafoe F.,2,2,ou,20.50,over,ft,1.371,7
zTrbUJ0C,Cobolli F.,Tiafoe F.,2,2,ou,20.50,under,ft,2.836,7
zTrbUJ0C,Cobolli F.,Tiafoe F.,2,2,ou,21.00,over,ft,1.387,4
zTrbUJ0C,Cobolli F.,Tiafoe F.,2,2,ou,21.00,under,ft,2.623,4
zTrbUJ0C,Cobolli F.,Tiafoe F.,2,2,ou,21.50,over,ft,1.51,7
zTrbUJ0C,Cobolli F.,Tiafoe F.,2,2,ou,21.50,under,ft,2.359,7
zTrbUJ0C,Cobolli F.,Tiafoe F.,2,2,ou,22.00,over,ft,1.594,7
zTrbUJ0C,Cobolli F.,Tiafoe F.,2,2,ou,22.00,under,ft,2.26,7
zTrbUJ0C,Cobolli F.,Tiafoe F.,2,2,ou,22.50,over,ft,1.803,9
zTrbUJ0C,Cobolli F.,Tiafoe F.,2,2,ou,22.50,under,ft,1.981,9
zTrbUJ0C,Cobolli F.,Tiafoe F.,2,2,ou,23.00,over,ft,1.871,7
zTrbUJ0C,Cobolli F.,Tiafoe F.,2,2,ou,23.00,under,ft,1.893,7
zTrbUJ0C,Cobolli F.,Tiafoe F.,2,2,ou,23.50,over,ft,2.004,9
zTrbUJ0C,Cobolli F.,Tiafoe F.,2,2,ou,23.50,under,ft,1.761,9
zTrbUJ0C,Cobolli F.,Tiafoe F.,2,2,ou,24.00,over,ft,2.024,7
zTrbUJ0C,Cobolli F.,Tiafoe F.,2,2,ou,24.00,under,ft,1.753,7
zTrbUJ0C,Cobolli F.,Tiafoe F.,2,2,ou,24.50,over,ft,2.022,8
zTrbUJ0C,Cobolli F.,Tiafoe F.,2,2,ou,24.50,under,ft,1.728,8
zTrbUJ0C,Cobolli F.,Tiafoe F.,2,2,ou,25.00,over,ft,2.078,4
zTrbUJ0C,Cobolli F.,Tiafoe F.,2,2,ou,25.00,under,ft,1.645,4
zTrbUJ0C,Cobolli F.,Tiafoe F.,2,2,ou,25.50,over,ft,2.138,4
zTrbUJ0C,Cobolli F.,Tiafoe F.,2,2,ou,25.50,under,ft,1.605,4
zTrbUJ0C,Cobolli F.,Tiafoe F.,2,2,ou,26.00,over,ft,2.288,4
zTrbUJ0C,Cobolli F.,Tiafoe F.,2,2,ou,26.00,under,ft,1.508,4
zTrbUJ0C,Cobolli F.,Tiafoe F.,2,2,ou,26.50,over,ft,2.426,7
zTrbUJ0C,Cobolli F.,Tiafoe F.,2,2,ou,26.50,under,ft,1.494,7
zTrbUJ0C,Cobolli F.,Tiafoe F.,2,2,ou,27.50,over,ft,2.68,4
zTrbUJ0C,Cobolli F.,Tiafoe F.,2,2,ou,27.50,under,ft,1.397,4
zTrbUJ0C,Cobolli F.,Tiafoe F.,2,2,ou,28.50,over,ft,3.003,6
zTrbUJ0C,Cobolli F.,Tiafoe F.,2,2,ou,28.50,under,ft,1.347,6
zTrbUJ0C,Cobolli F.,Tiafoe F.,2,2,ou,29.50,over,ft,3.17,1
zTrbUJ0C,Cobolli F.,Tiafoe F.,2,2,ou,29.50,under,ft,1.3,1
zTrbUJ0C,Cobolli F.,Tiafoe F.,2,2,ou,30.50,over,ft,3.44,1
zTrbUJ0C,Cobolli F.,Tiafoe F.,2,2,ou,30.50,under,ft,1.25,1
zTrbUJ0C,Cobolli F.,Tiafoe F.,2,2,ou,31.50,over,ft,4.13,1
zTrbUJ0C,Cobolli F.,Tiafoe F.,2,2,ou,31.50,under,ft,1.18,1
zTrbUJ0C,Cobolli F.,Tiafoe F.,2,2,ou,32.50,over,ft,5.2,1
zTrbUJ0C,Cobolli F.,Tiafoe F.,2,2,ou,32.50,under,ft,1.11,1
zTrbUJ0C,Cobolli F.,Tiafoe F.,2,2,ou,33.50,over,ft,6.26,1
zTrbUJ0C,Cobolli F.,Tiafoe F.,2,2,ou,33.50,under,ft,1.07,1
zTrbUJ0C,Cobolli F.,Tiafoe F.,2,2,ou,34.50,over,ft,7.22,1
zTrbUJ0C,Cobolli F.,Tiafoe F.,2,2,ou,34.50,under,ft,1.05,1
zTrbUJ0C,Cobolli F.,Tiafoe F.,2,2,ou,35.50,over,ft,9.23,1
zTrbUJ0C,Cobolli F.,Tiafoe F.,2,2,ou,35.50,under,ft,1.02,1
zTrbUJ0C,Cobolli F.,Tiafoe F.,2,2,hc,1.50,home,ft,1.401,8
zTrbUJ0C,Cobolli F.,Tiafoe F.,2,2,hc,1.50,away,ft,2.853,8
zTrbUJ0C,Cobolli F.,Tiafoe F.,2,2,hc,-1.50,home,ft,3.36,6
zTrbUJ0C,Cobolli F.,Tiafoe F.,2,2,hc,-1.50,away,ft,1.312,6
zTrbUJ0C,Cobolli F.,Tiafoe F.,2,2,hc,0,home,ft,2.012,6
zTrbUJ0C,Cobolli F.,Tiafoe F.,2,2,hc,0,away,ft,1.763,6
zTrbUJ0C,Cobolli F.,Tiafoe F.,2,2,hc,0.50,home,ft,1.961,8
zTrbUJ0C,Cobolli F.,Tiafoe F.,2,2,hc,0.50,away,ft,1.84,8
zTrbUJ0C,Cobolli F.,Tiafoe F.,2,2,hc,-0.50,home,ft,2.087,8
zTrbUJ0C,Cobolli F.,Tiafoe F.,2,2,hc,-0.50,away,ft,1.709,8
zTrbUJ0C,Cobolli F.,Tiafoe F.,2,2,hc,1.00,home,ft,1.852,6
zTrbUJ0C,Cobolli F.,Tiafoe F.,2,2,hc,1.00,away,ft,1.908,6
zTrbUJ0C,Cobolli F.,Tiafoe F.,2,2,hc,-1.00,home,ft,2.2,3
zTrbUJ0C,Cobolli F.,Tiafoe F.,2,2,hc,-1.00,away,ft,1.61,3
zTrbUJ0C,Cobolli F.,Tiafoe F.,2,2,hc,1.50,home,ft,1.759,8
zTrbUJ0C,Cobolli F.,Tiafoe F.,2,2,hc,1.50,away,ft,2.005,8
zTrbUJ0C,Cobolli F.,Tiafoe F.,2,2,hc,-1.50,home,ft,2.292,6
zTrbUJ0C,Cobolli F.,Tiafoe F.,2,2,hc,-1.50,away,ft,1.588,6
zTrbUJ0C,Cobolli F.,Tiafoe F.,2,2,hc,2.00,home,ft,1.68,6
zTrbUJ0C,Cobolli F.,Tiafoe F.,2,2,hc,2.00,away,ft,2.132,6
zTrbUJ0C,Cobolli F.,Tiafoe F.,2,2,hc,-2.00,home,ft,2.5,3
zTrbUJ0C,Cobolli F.,Tiafoe F.,2,2,hc,-2.00,away,ft,1.48,3
zTrbUJ0C,Cobolli F.,Tiafoe F.,2,2,hc,2.50,home,ft,1.617,8
zTrbUJ0C,Cobolli F.,Tiafoe F.,2,2,hc,2.50,away,ft,2.231,8
zTrbUJ0C,Cobolli F.,Tiafoe F.,2,2,hc,-2.50,home,ft,2.62,3
zTrbUJ0C,Cobolli F.,Tiafoe F.,2,2,hc,-2.50,away,ft,1.44,3
zTrbUJ0C,Cobolli F.,Tiafoe F.,2,2,hc,3.00,home,ft,1.526,5
zTrbUJ0C,Cobolli F.,Tiafoe F.,2,2,hc,3.00,away,ft,2.466,5
zTrbUJ0C,Cobolli F.,Tiafoe F.,2,2,hc,3.50,home,ft,1.4,6
zTrbUJ0C,Cobolli F.,Tiafoe F.,2,2,hc,3.50,away,ft,2.843,6
zTrbUJ0C,Cobolli F.,Tiafoe F.,2,2,hc,-3.50,home,ft,3.433,3
zTrbUJ0C,Cobolli F.,Tiafoe F.,2,2,hc,-3.50,away,ft,1.31,3
zTrbUJ0C,Cobolli F.,Tiafoe F.,2,2,hc,4.00,home,ft,1.24,3
zTrbUJ0C,Cobolli F.,Tiafoe F.,2,2,hc,4.00,away,ft,3.53,3
zTrbUJ0C,Cobolli F.,Tiafoe F.,2,2,hc,4.50,home,ft,1.2,3
zTrbUJ0C,Cobolli F.,Tiafoe F.,2,2,hc,4.50,away,ft,3.84,3
zTrbUJ0C,Cobolli F.,Tiafoe F.,2,2,hc,5.50,home,ft,1.115,2
zTrbUJ0C,Cobolli F.,Tiafoe F.,2,2,hc,5.50,away,ft,6.69,2
vq4psa2l,Tiafoe F.,Nakashima B.,2,2,ou,2.50,over,ft,2.265,4
vq4psa2l,Tiafoe F.,Nakashima B.,2,2,ou,2.50,under,ft,1.643,4
vq4psa2l,Tiafoe F.,Nakashima B.,2,2,ou,16.50,under,ft,11.0,1
vq4psa2l,Tiafoe F.,Nakashima B.,2,2,ou,17.50,over,ft,1.04,1
vq4psa2l,Tiafoe F.,Nakashima B.,2,2,ou,17.50,under,ft,7.83,1
vq4psa2l,Tiafoe F.,Nakashima B.,2,2,ou,18.50,over,ft,1.09,1
vq4psa2l,Tiafoe F.,Nakashima B.,2,2,ou,18.50,under,ft,5.59,1
vq4psa2l,Tiafoe F.,Nakashima B.,2,2,ou,19.50,over,ft,1.2,1
vq4psa2l,Tiafoe F.,Nakashima B.,2,2,ou,19.50,under,ft,3.96,1
vq4psa2l,Tiafoe F.,Nakashima B.,2,2,ou,20.00,over,ft,1.18,1
vq4psa2l,Tiafoe F.,Nakashima B.,2,2,ou,20.00,under,ft,3.5,1
vq4psa2l,Tiafoe F.,Nakashima B.,2,2,ou,20.50,over,ft,1.272,4
vq4psa2l,Tiafoe F.,Nakashima B.,2,2,ou,20.50,under,ft,3.17,4
vq4psa2l,Tiafoe F.,Nakashima B.,2,2,ou,21.00,over,ft,1.292,4
vq4psa2l,Tiafoe F.,Nakashima B.,2,2,ou,21.00,under,ft,3.092,4
vq4psa2l,Tiafoe F.,Nakashima B.,2,2,ou,21.50,over,ft,1.398,5
vq4psa2l,Tiafoe F.,Nakashima B.,2,2,ou,21.50,under,ft,2.684,5
vq4psa2l,Tiafoe F.,Nakashima B.,2,2,ou,22.00,over,ft,1.442,4
vq4psa2l,Tiafoe F.,Nakashima B.,2,2,ou,22.00,under,ft,2.507,4
vq4psa2l,Tiafoe F.,Nakashima B.,2,2,ou,22.50,over,ft,1.644,9
vq4psa2l,Tiafoe F.,Nakashima B.,2,2,ou,22.50,under,ft,2.157,9
vq4psa2l,Tiafoe F.,Nakashima B.,2,2,ou,23.00,over,ft,1.764,7
vq4psa2l,Tiafoe F.,Nakashima B.,2,2,ou,23.00,under,ft,2.016,7
vq4psa2l,Tiafoe F.,Nakashima B.,2,2,ou,23.50,over,ft,1.921,9
vq4psa2l,Tiafoe F.,Nakashima B.,2,2,ou,23.50,under,ft,1.841,9
vq4psa2l,Tiafoe F.,Nakashima B.,2,2,ou,24.00,over,ft,1.931,7
vq4psa2l,Tiafoe F.,Nakashima B.,2,2,ou,24.00,under,ft,1.83,7
vq4psa2l,Tiafoe F.,Nakashima B.,2,2,ou,24.50,over,ft,1.938,9
vq4psa2l,Tiafoe F.,Nakashima B.,2,2,ou,24.50,under,ft,1.798,9
vq4psa2l,Tiafoe F.,Nakashima B.,2,2,ou,25.00,over,ft,1.948,4
vq4psa2l,Tiafoe F.,Nakashima B.,2,2,ou,25.00,under,ft,1.732,4
vq4psa2l,Tiafoe F.,Nakashima B.,2,2,ou,25.50,over,ft,2.024,5
vq4psa2l,Tiafoe F.,Nakashima B.,2,2,ou,25.50,under,ft,1.674,5
vq4psa2l,Tiafoe F.,Nakashima B.,2,2,ou,26.00,over,ft,2.15,4
vq4psa2l,Tiafoe F.,Nakashima B.,2,2,ou,26.00,under,ft,1.575,4
vq4psa2l,Tiafoe F.,Nakashima B.,2,2,ou,26.50,over,ft,2.308,5
vq4psa2l,Tiafoe F.,Nakashima B.,2,2,ou,26.50,under,ft,1.506,5
vq4psa2l,Tiafoe F.,Nakashima B.,2,2,ou,27.00,over,ft,2.333,4
vq4psa2l,Tiafoe F.,Nakashima B.,2,2,ou,27.00,under,ft,1.475,4
vq4psa2l,Tiafoe F.,Nakashima B.,2,2,ou,27.50,over,ft,2.43,1
vq4psa2l,Tiafoe F.,Nakashima B.,2,2,ou,27.50,under,ft,1.48,1
vq4psa2l,Tiafoe F.,Nakashima B.,2,2,ou,28.50,over,ft,2.66,2
vq4psa2l,Tiafoe F.,Nakashima B.,2,2,ou,28.50,under,ft,1.41,2
vq4psa2l,Tiafoe F.,Nakashima B.,2,2,ou,29.50,over,ft,2.89,1
vq4psa2l,Tiafoe F.,Nakashima B.,2,2,ou,29.50,under,ft,1.35,1
vq4psa2l,Tiafoe F.,Nakashima B.,2,2,ou,30.50,over,ft,3.21,1
vq4psa2l,Tiafoe F.,Nakashima B.,2,2,ou,30.50,under,ft,1.29,1
vq4psa2l,Tiafoe F.,Nakashima B.,2,2,ou,31.50,over,ft,3.68,1
vq4psa2l,Tiafoe F.,Nakashima B.,2,2,ou,31.50,under,ft,1.21,1
vq4psa2l,Tiafoe F.,Nakashima B.,2,2,ou,32.50,over,ft,4.61,1
vq4psa2l,Tiafoe F.,Nakashima B.,2,2,ou,32.50,under,ft,1.14,1
vq4psa2l,Tiafoe F.,Nakashima B.,2,2,ou,33.50,over,ft,5.47,1
vq4psa2l,Tiafoe F.,Nakashima B.,2,2,ou,33.50,under,ft,1.1,1
vq4psa2l,Tiafoe F.,Nakashima B.,2,2,ou,34.50,over,ft,6.34,1
vq4psa2l,Tiafoe F.,Nakashima B.,2,2,ou,34.50,under,ft,1.07,1
vq4psa2l,Tiafoe F.,Nakashima B.,2,2,ou,35.50,over,ft,8.26,1
vq4psa2l,Tiafoe F.,Nakashima B.,2,2,ou,35.50,under,ft,1.03,1
vq4psa2l,Tiafoe F.,Nakashima B.,2,2,hc,1.50,home,ft,1.349,8
vq4psa2l,Tiafoe F.,Nakashima B.,2,2,hc,1.50,away,ft,3.103,8
vq4psa2l,Tiafoe F.,Nakashima B.,2,2,hc,-1.50,home,ft,3.044,8
vq4psa2l,Tiafoe F.,Nakashima B.,2,2,hc,-1.50,away,ft,1.359,8
vq4psa2l,Tiafoe F.,Nakashima B.,2,2,hc,0,home,ft,1.875,6
vq4psa2l,Tiafoe F.,Nakashima B.,2,2,hc,0,away,ft,1.89,6
vq4psa2l,Tiafoe F.,Nakashima B.,2,2,hc,0.50,home,ft,1.808,8
vq4psa2l,Tiafoe F.,Nakashima B.,2,2,hc,0.50,away,ft,1.946,8
vq4psa2l,Tiafoe F.,Nakashima B.,2,2,hc,-0.50,home,ft,1.948,8
vq4psa2l,Tiafoe F.,Nakashima B.,2,2,hc,-0.50,away,ft,1.821,8
vq4psa2l,Tiafoe F.,Nakashima B.,2,2,hc,1.00,home,ft,1.717,6
vq4psa2l,Tiafoe F.,Nakashima B.,2,2,hc,1.00,away,ft,2.075,6
vq4psa2l,Tiafoe F.,Nakashima B.,2,2,hc,-1.00,home,ft,2.048,6
vq4psa2l,Tiafoe F.,Nakashima B.,2,2,hc,-1.00,away,ft,1.742,6
vq4psa2l,Tiafoe F.,Nakashima B.,2,2,hc,1.50,home,ft,1.673,7
vq4psa2l,Tiafoe F.,Nakashima B.,2,2,hc,1.50,away,ft,2.15,7
vq4psa2l,Tiafoe F.,Nakashima B.,2,2,hc,-1.50,home,ft,2.12,6
vq4psa2l,Tiafoe F.,Nakashima B.,2,2,hc,-1.50,away,ft,1.677,6
vq4psa2l,Tiafoe F.,Nakashima B.,2,2,hc,2.00,home,ft,1.52,3
vq4psa2l,Tiafoe F.,Nakashima B.,2,2,hc,2.00,away,ft,2.39,3
vq4psa2l,Tiafoe F.,Nakashima B.,2,2,hc,-2.00,home,ft,2.32,3
vq4psa2l,Tiafoe F.,Nakashima B.,2,2,hc,-2.00,away,ft,1.55,3
vq4psa2l,Tiafoe F.,Nakashima B.,2,2,hc,2.50,home,ft,1.514,5
vq4psa2l,Tiafoe F.,Nakashima B.,2,2,hc,2.50,away,ft,2.434,5
vq4psa2l,Tiafoe F.,Nakashima B.,2,2,hc,-2.50,home,ft,2.415,4
vq4psa2l,Tiafoe F.,Nakashima B.,2,2,hc,-2.50,away,ft,1.51,4
vq4psa2l,Tiafoe F.,Nakashima B.,2,2,hc,3.00,home,ft,1.38,3
vq4psa2l,Tiafoe F.,Nakashima B.,2,2,hc,3.00,away,ft,2.73,3
vq4psa2l,Tiafoe F.,Nakashima B.,2,2,hc,-3.00,home,ft,2.98,3
vq4psa2l,Tiafoe F.,Nakashima B.,2,2,hc,-3.00,away,ft,1.35,3
vq4psa2l,Tiafoe F.,Nakashima B.,2,2,hc,3.50,home,ft,1.32,4
vq4psa2l,Tiafoe F.,Nakashima B.,2,2,hc,3.50,away,ft,3.155,4
vq4psa2l,Tiafoe F.,Nakashima B.,2,2,hc,-3.50,home,ft,3.245,4
vq4psa2l,Tiafoe F.,Nakashima B.,2,2,hc,-3.50,away,ft,1.305,4
vq4psa2l,Tiafoe F.,Nakashima B.,2,2,hc,-4.00,home,ft,3.02,3
vq4psa2l,Tiafoe F.,Nakashima B.,2,2,hc,-4.00,away,ft,1.31,3
fuhAA6AC,Kecmanovic M.,Cobolli F.,1,1,ou,2.50,over,ft,2.33,3
fuhAA6AC,Kecmanovic M.,Cobolli F.,1,1,ou,2.50,under,ft,1.613,3
fuhAA6AC,Kecmanovic M.,Cobolli F.,1,1,ou,16.50,over,ft,1.02,1
fuhAA6AC,Kecmanovic M.,Cobolli F.,1,1,ou,16.50,under,ft,9.03,1
fuhAA6AC,Kecmanovic M.,Cobolli F.,1,1,ou,17.50,over,ft,1.08,1
fuhAA6AC,Kecmanovic M.,Cobolli F.,1,1,ou,17.50,under,ft,6.15,1
fuhAA6AC,Kecmanovic M.,Cobolli F.,1,1,ou,18.50,over,ft,1.16,1
fuhAA6AC,Kecmanovic M.,Cobolli F.,1,1,ou,18.50,under,ft,4.38,1
fuhAA6AC,Kecmanovic M.,Cobolli F.,1,1,ou,19.50,over,ft,1.242,4
fuhAA6AC,Kecmanovic M.,Cobolli F.,1,1,ou,19.50,under,ft,3.388,4
fuhAA6AC,Kecmanovic M.,Cobolli F.,1,1,ou,20.00,over,ft,1.268,4
fuhAA6AC,Kecmanovic M.,Cobolli F.,1,1,ou,20.00,under,ft,3.19,4
fuhAA6AC,Kecmanovic M.,Cobolli F.,1,1,ou,20.50,over,ft,1.387,4
fuhAA6AC,Kecmanovic M.,Cobolli F.,1,1,ou,20.50,under,ft,2.692,4
fuhAA6AC,Kecmanovic M.,Cobolli F.,1,1,ou,21.00,over,ft,1.417,4
fuhAA6AC,Kecmanovic M.,Cobolli F.,1,1,ou,21.00,under,ft,2.6,4
fuhAA6AC,Kecmanovic M.,Cobolli F.,1,1,ou,21.50,over,ft,1.554,9
fuhAA6AC,Kecmanovic M.,Cobolli F.,1,1,ou,21.50,under,ft,2.35,9
fuhAA6AC,Kecmanovic M.,Cobolli F.,1,1,ou,22.00,over,ft,1.653,7
fuhAA6AC,Kecmanovic M.,Cobolli F.,1,1,ou,22.00,under,ft,2.18,7
fuhAA6AC,Kecmanovic M.,Cobolli F.,1,1,ou,22.50,over,ft,1.81,9
fuhAA6AC,Kecmanovic M.,Cobolli F.,1,1,ou,22.50,under,ft,1.954,9
fuhAA6AC,Kecmanovic M.,Cobolli F.,1,1,ou,23.00,over,ft,1.927,7
fuhAA6AC,Kecmanovic M.,Cobolli F.,1,1,ou,23.00,under,ft,1.834,7
fuhAA6AC,Kecmanovic M.,Cobolli F.,1,1,ou,23.50,over,ft,2.022,9
fuhAA6AC,Kecmanovic M.,Cobolli F.,1,1,ou,23.50,under,ft,1.758,9
fuhAA6AC,Kecmanovic M.,Cobolli F.,1,1,ou,24.00,over,ft,2.059,7
fuhAA6AC,Kecmanovic M.,Cobolli F.,1,1,ou,24.00,under,ft,1.709,7
fuhAA6AC,Kecmanovic M.,Cobolli F.,1,1,ou,24.50,over,ft,2.028,5
fuhAA6AC,Kecmanovic M.,Cobolli F.,1,1,ou,24.50,under,ft,1.68,5
fuhAA6AC,Kecmanovic M.,Cobolli F.,1,1,ou,25.00,over,ft,2.087,4
fuhAA6AC,Kecmanovic M.,Cobolli F.,1,1,ou,25.00,under,ft,1.608,4
fuhAA6AC,Kecmanovic M.,Cobolli F.,1,1,ou,25.50,over,ft,2.16,4
fuhAA6AC,Kecmanovic M.,Cobolli F.,1,1,ou,25.50,under,ft,1.568,4
fuhAA6AC,Kecmanovic M.,Cobolli F.,1,1,ou,26.00,over,ft,2.31,3
fuhAA6AC,Kecmanovic M.,Cobolli F.,1,1,ou,26.00,under,ft,1.5,3
fuhAA6AC,Kecmanovic M.,Cobolli F.,1,1,ou,26.50,over,ft,2.417,4
fuhAA6AC,Kecmanovic M.,Cobolli F.,1,1,ou,26.50,under,ft,1.458,4
fuhAA6AC,Kecmanovic M.,Cobolli F.,1,1,ou,27.50,over,ft,2.62,1
fuhAA6AC,Kecmanovic M.,Cobolli F.,1,1,ou,27.50,under,ft,1.42,1
fuhAA6AC,Kecmanovic M.,Cobolli F.,1,1,ou,28.50,over,ft,2.92,1
fuhAA6AC,Kecmanovic M.,Cobolli F.,1,1,ou,28.50,under,ft,1.34,1
fuhAA6AC,Kecmanovic M.,Cobolli F.,1,1,ou,29.50,over,ft,3.32,1
fuhAA6AC,Kecmanovic M.,Cobolli F.,1,1,ou,29.50,under,ft,1.27,1
fuhAA6AC,Kecmanovic M.,Cobolli F.,1,1,ou,30.50,over,ft,3.73,1
fuhAA6AC,Kecmanovic M.,Cobolli F.,1,1,ou,30.50,under,ft,1.22,1
fuhAA6AC,Kecmanovic M.,Cobolli F.,1,1,ou,31.50,over,ft,4.51,1
fuhAA6AC,Kecmanovic M.,Cobolli F.,1,1,ou,31.50,under,ft,1.15,1
fuhAA6AC,Kecmanovic M.,Cobolli F.,1,1,ou,32.50,over,ft,5.67,1
fuhAA6AC,Kecmanovic M.,Cobolli F.,1,1,ou,32.50,under,ft,1.09,1
fuhAA6AC,Kecmanovic M.,Cobolli F.,1,1,ou,33.50,over,ft,6.8,1
fuhAA6AC,Kecmanovic M.,Cobolli F.,1,1,ou,33.50,under,ft,1.06,1
fuhAA6AC,Kecmanovic M.,Cobolli F.,1,1,ou,34.50,over,ft,7.79,1
fuhAA6AC,Kecmanovic M.,Cobolli F.,1,1,ou,34.50,under,ft,1.04,1
fuhAA6AC,Kecmanovic M.,Cobolli F.,1,1,ou,35.50,over,ft,9.67,1
fuhAA6AC,Kecmanovic M.,Cobolli F.,1,1,ou,35.50,under,ft,1.02,1
fuhAA6AC,Kecmanovic M.,Cobolli F.,1,1,hc,1.50,home,ft,1.24,6
fuhAA6AC,Kecmanovic M.,Cobolli F.,1,1,hc,1.50,away,ft,3.965,6
fuhAA6AC,Kecmanovic M.,Cobolli F.,1,1,hc,-1.50,home,ft,2.499,8
fuhAA6AC,Kecmanovic M.,Cobolli F.,1,1,hc,-1.50,away,ft,1.505,8
fuhAA6AC,Kecmanovic M.,Cobolli F.,1,1,hc,0,home,ft,1.583,4
fuhAA6AC,Kecmanovic M.,Cobolli F.,1,1,hc,0,away,ft,2.185,4
fuhAA6AC,Kecmanovic M.,Cobolli F.,1,1,hc,0.50,home,ft,1.552,4
fuhAA6AC,Kecmanovic M.,Cobolli F.,1,1,hc,0.50,away,ft,2.27,4
fuhAA6AC,Kecmanovic M.,Cobolli F.,1,1,hc,-0.50,home,ft,1.653,8
fuhAA6AC,Kecmanovic M.,Cobolli F.,1,1,hc,-0.50,away,ft,2.15,8
fuhAA6AC,Kecmanovic M.,Cobolli F.,1,1,hc,1.00,home,ft,1.46,3
fuhAA6AC,Kecmanovic M.,Cobolli F.,1,1,hc,1.00,away,ft,2.45,3
fuhAA6AC,Kecmanovic M.,Cobolli F.,1,1,hc,-1.00,home,ft,1.668,6
fuhAA6AC,Kecmanovic M.,Cobolli F.,1,1,hc,-1.00,away,ft,2.113,6
fuhAA6AC,Kecmanovic M.,Cobolli F.,1,1,hc,1.50,home,ft,1.44,3
fuhAA6AC,Kecmanovic M.,Cobolli F.,1,1,hc,1.50,away,ft,2.61,3
fuhAA6AC,Kecmanovic M.,Cobolli F.,1,1,hc,-1.50,home,ft,1.776,7
fuhAA6AC,Kecmanovic M.,Cobolli F.,1,1,hc,-1.50,away,ft,2.019,7
fuhAA6AC,Kecmanovic M.,Cobolli F.,1,1,hc,2.00,home,ft,1.42,3
fuhAA6AC,Kecmanovic M.,Cobolli F.,1,1,hc,2.00,away,ft,2.59,3
fuhAA6AC,Kecmanovic M.,Cobolli F.,1,1,hc,-2.00,home,ft,1.838,6
fuhAA6AC,Kecmanovic M.,Cobolli F.,1,1,hc,-2.00,away,ft,1.897,6
fuhAA6AC,Kecmanovic M.,Cobolli F.,1,1,hc,2.50,home,ft,1.43,3
fuhAA6AC,Kecmanovic M.,Cobolli F.,1,1,hc,2.50,away,ft,2.54,3
fuhAA6AC,Kecmanovic M.,Cobolli F.,1,1,hc,-2.50,home,ft,1.979,8
fuhAA6AC,Kecmanovic M.,Cobolli F.,1,1,hc,-2.50,away,ft,1.759,8
fuhAA6AC,Kecmanovic M.,Cobolli F.,1,1,hc,-3.00,home,ft,2.19,6
fuhAA6AC,Kecmanovic M.,Cobolli F.,1,1,hc,-3.00,away,ft,1.62,6
fuhAA6AC,Kecmanovic M.,Cobolli F.,1,1,hc,-3.50,home,ft,2.411,7
fuhAA6AC,Kecmanovic M.,Cobolli F.,1,1,hc,-3.50,away,ft,1.529,7
fuhAA6AC,Kecmanovic M.,Cobolli F.,1,1,hc,-4.00,home,ft,3.03,3
fuhAA6AC,Kecmanovic M.,Cobolli F.,1,1,hc,-4.00,away,ft,1.31,3
fuhAA6AC,Kecmanovic M.,Cobolli F.,1,1,hc,-4.50,home,ft,3.337,4
fuhAA6AC,Kecmanovic M.,Cobolli F.,1,1,hc,-4.50,away,ft,1.272,4
fuhAA6AC,Kecmanovic M.,Cobolli F.,1,1,hc,-5.00,home,ft,4.87,3
fuhAA6AC,Kecmanovic M.,Cobolli F.,1,1,hc,-5.00,away,ft,1.13,3
fuhAA6AC,Kecmanovic M.,Cobolli F.,1,1,hc,-5.50,home,ft,5.31,3
fuhAA6AC,Kecmanovic M.,Cobolli F.,1,1,hc,-5.50,away,ft,1.11,3
xvlccpp9,Vacherot V.,Nakashima B.,1,1,ou,2.50,over,ft,2.223,3
xvlccpp9,Vacherot V.,Nakashima B.,1,1,ou,2.50,under,ft,1.667,3
xvlccpp9,Vacherot V.,Nakashima B.,1,1,ou,16.50,under,ft,11.29,1
xvlccpp9,Vacherot V.,Nakashima B.,1,1,ou,17.50,over,ft,1.05,1
xvlccpp9,Vacherot V.,Nakashima B.,1,1,ou,17.50,under,ft,7.45,1
xvlccpp9,Vacherot V.,Nakashima B.,1,1,ou,18.50,over,ft,1.11,1
xvlccpp9,Vacherot V.,Nakashima B.,1,1,ou,18.50,under,ft,5.37,1
xvlccpp9,Vacherot V.,Nakashima B.,1,1,ou,19.50,over,ft,1.21,1
xvlccpp9,Vacherot V.,Nakashima B.,1,1,ou,19.50,under,ft,3.87,1
xvlccpp9,Vacherot V.,Nakashima B.,1,1,ou,20.50,over,ft,1.33,1
xvlccpp9,Vacherot V.,Nakashima B.,1,1,ou,20.50,under,ft,3.01,1
xvlccpp9,Vacherot V.,Nakashima B.,1,1,ou,21.00,over,ft,1.32,4
xvlccpp9,Vacherot V.,Nakashima B.,1,1,ou,21.00,under,ft,2.91,4
xvlccpp9,Vacherot V.,Nakashima B.,1,1,ou,21.50,over,ft,1.415,4
xvlccpp9,Vacherot V.,Nakashima B.,1,1,ou,21.50,under,ft,2.598,4
xvlccpp9,Vacherot V.,Nakashima B.,1,1,ou,22.00,over,ft,1.511,7
xvlccpp9,Vacherot V.,Nakashima B.,1,1,ou,22.00,under,ft,2.411,7
xvlccpp9,Vacherot V.,Nakashima B.,1,1,ou,22.50,over,ft,1.651,9
xvlccpp9,Vacherot V.,Nakashima B.,1,1,ou,22.50,under,ft,2.156,9
xvlccpp9,Vacherot V.,Nakashima B.,1,1,ou,23.00,over,ft,1.77,7
xvlccpp9,Vacherot V.,Nakashima B.,1,1,ou,23.00,under,ft,2.007,7
xvlccpp9,Vacherot V.,Nakashima B.,1,1,ou,23.50,over,ft,1.914,9
xvlccpp9,Vacherot V.,Nakashima B.,1,1,ou,23.50,under,ft,1.851,9
xvlccpp9,Vacherot V.,Nakashima B.,1,1,ou,24.00,over,ft,1.933,7
xvlccpp9,Vacherot V.,Nakashima B.,1,1,ou,24.00,under,ft,1.83,7
xvlccpp9,Vacherot V.,Nakashima B.,1,1,ou,24.50,over,ft,1.958,9
xvlccpp9,Vacherot V.,Nakashima B.,1,1,ou,24.50,under,ft,1.792,9
xvlccpp9,Vacherot V.,Nakashima B.,1,1,ou,25.00,over,ft,2.0,6
xvlccpp9,Vacherot V.,Nakashima B.,1,1,ou,25.00,under,ft,1.757,6
xvlccpp9,Vacherot V.,Nakashima B.,1,1,ou,25.50,over,ft,2.067,6
xvlccpp9,Vacherot V.,Nakashima B.,1,1,ou,25.50,under,ft,1.702,6
xvlccpp9,Vacherot V.,Nakashima B.,1,1,ou,26.00,over,ft,2.188,4
xvlccpp9,Vacherot V.,Nakashima B.,1,1,ou,26.00,under,ft,1.552,4
xvlccpp9,Vacherot V.,Nakashima B.,1,1,ou,26.50,over,ft,2.29,1
xvlccpp9,Vacherot V.,Nakashima B.,1,1,ou,26.50,under,ft,1.54,1
xvlccpp9,Vacherot V.,Nakashima B.,1,1,ou,27.50,over,ft,2.42,1
xvlccpp9,Vacherot V.,Nakashima B.,1,1,ou,27.50,under,ft,1.49,1
xvlccpp9,Vacherot V.,Nakashima B.,1,1,ou,28.50,over,ft,2.63,1
xvlccpp9,Vacherot V.,Nakashima B.,1,1,ou,28.50,under,ft,1.41,1
xvlccpp9,Vacherot V.,Nakashima B.,1,1,ou,29.50,over,ft,2.91,1
xvlccpp9,Vacherot V.,Nakashima B.,1,1,ou,29.50,under,ft,1.35,1
xvlccpp9,Vacherot V.,Nakashima B.,1,1,ou,30.50,over,ft,3.27,1
xvlccpp9,Vacherot V.,Nakashima B.,1,1,ou,30.50,under,ft,1.28,1
xvlccpp9,Vacherot V.,Nakashima B.,1,1,ou,31.50,over,ft,3.98,1
xvlccpp9,Vacherot V.,Nakashima B.,1,1,ou,31.50,under,ft,1.19,1
xvlccpp9,Vacherot V.,Nakashima B.,1,1,ou,32.50,over,ft,5.0,1
xvlccpp9,Vacherot V.,Nakashima B.,1,1,ou,32.50,under,ft,1.12,1
xvlccpp9,Vacherot V.,Nakashima B.,1,1,ou,33.50,over,ft,5.96,1
xvlccpp9,Vacherot V.,Nakashima B.,1,1,ou,33.50,under,ft,1.08,1
xvlccpp9,Vacherot V.,Nakashima B.,1,1,ou,34.50,over,ft,6.94,1
xvlccpp9,Vacherot V.,Nakashima B.,1,1,ou,34.50,under,ft,1.05,1
xvlccpp9,Vacherot V.,Nakashima B.,1,1,ou,35.50,over,ft,8.99,1
xvlccpp9,Vacherot V.,Nakashima B.,1,1,ou,35.50,under,ft,1.02,1
xvlccpp9,Vacherot V.,Nakashima B.,1,1,hc,1.50,home,ft,1.394,8
xvlccpp9,Vacherot V.,Nakashima B.,1,1,hc,1.50,away,ft,2.888,8
xvlccpp9,Vacherot V.,Nakashima B.,1,1,hc,-1.50,home,ft,3.28,8
xvlccpp9,Vacherot V.,Nakashima B.,1,1,hc,-1.50,away,ft,1.319,8
xvlccpp9,Vacherot V.,Nakashima B.,1,1,hc,0,home,ft,1.99,6
xvlccpp9,Vacherot V.,Nakashima B.,1,1,hc,0,away,ft,1.757,6
xvlccpp9,Vacherot V.,Nakashima B.,1,1,hc,0.50,home,ft,1.911,8
xvlccpp9,Vacherot V.,Nakashima B.,1,1,hc,0.50,away,ft,1.829,8
xvlccpp9,Vacherot V.,Nakashima B.,1,1,hc,-0.50,home,ft,2.054,8
xvlccpp9,Vacherot V.,Nakashima B.,1,1,hc,-0.50,away,ft,1.714,8
xvlccpp9,Vacherot V.,Nakashima B.,1,1,hc,1.00,home,ft,1.815,6
xvlccpp9,Vacherot V.,Nakashima B.,1,1,hc,1.00,away,ft,1.92,6
xvlccpp9,Vacherot V.,Nakashima B.,1,1,hc,-1.00,home,ft,2.13,4
xvlccpp9,Vacherot V.,Nakashima B.,1,1,hc,-1.00,away,ft,1.615,4
xvlccpp9,Vacherot V.,Nakashima B.,1,1,hc,1.50,home,ft,1.749,7
xvlccpp9,Vacherot V.,Nakashima B.,1,1,hc,1.50,away,ft,2.009,7
xvlccpp9,Vacherot V.,Nakashima B.,1,1,hc,-1.50,home,ft,2.214,5
xvlccpp9,Vacherot V.,Nakashima B.,1,1,hc,-1.50,away,ft,1.588,5
xvlccpp9,Vacherot V.,Nakashima B.,1,1,hc,2.00,home,ft,1.643,6
xvlccpp9,Vacherot V.,Nakashima B.,1,1,hc,2.00,away,ft,2.155,6
xvlccpp9,Vacherot V.,Nakashima B.,1,1,hc,-2.00,home,ft,2.49,3
xvlccpp9,Vacherot V.,Nakashima B.,1,1,hc,-2.00,away,ft,1.45,3
xvlccpp9,Vacherot V.,Nakashima B.,1,1,hc,2.50,home,ft,1.6,8
xvlccpp9,Vacherot V.,Nakashima B.,1,1,hc,2.50,away,ft,2.236,8
xvlccpp9,Vacherot V.,Nakashima B.,1,1,hc,-2.50,home,ft,2.445,4
xvlccpp9,Vacherot V.,Nakashima B.,1,1,hc,-2.50,away,ft,1.472,4
xvlccpp9,Vacherot V.,Nakashima B.,1,1,hc,3.00,home,ft,1.4,3
xvlccpp9,Vacherot V.,Nakashima B.,1,1,hc,3.00,away,ft,2.65,3
xvlccpp9,Vacherot V.,Nakashima B.,1,1,hc,-3.00,home,ft,2.99,3
xvlccpp9,Vacherot V.,Nakashima B.,1,1,hc,-3.00,away,ft,1.32,3
xvlccpp9,Vacherot V.,Nakashima B.,1,1,hc,3.50,home,ft,1.35,3
xvlccpp9,Vacherot V.,Nakashima B.,1,1,hc,3.50,away,ft,2.85,3
xvlccpp9,Vacherot V.,Nakashima B.,1,1,hc,4.00,home,ft,1.2,3
xvlccpp9,Vacherot V.,Nakashima B.,1,1,hc,4.00,away,ft,3.84,3
OCkP6iIb,Tiafoe F.,Bellucci M.,2,2,ou,2.50,over,ft,2.465,4
OCkP6iIb,Tiafoe F.,Bellucci M.,2,2,ou,2.50,under,ft,1.552,4
OCkP6iIb,Tiafoe F.,Bellucci M.,2,2,ou,16.50,over,ft,1.03,1
OCkP6iIb,Tiafoe F.,Bellucci M.,2,2,ou,16.50,under,ft,8.29,1
OCkP6iIb,Tiafoe F.,Bellucci M.,2,2,ou,17.50,over,ft,1.1,1
OCkP6iIb,Tiafoe F.,Bellucci M.,2,2,ou,17.50,under,ft,5.52,1
OCkP6iIb,Tiafoe F.,Bellucci M.,2,2,ou,18.50,over,ft,1.18,1
OCkP6iIb,Tiafoe F.,Bellucci M.,2,2,ou,18.50,under,ft,4.14,1
OCkP6iIb,Tiafoe F.,Bellucci M.,2,2,ou,19.50,over,ft,1.3,1
OCkP6iIb,Tiafoe F.,Bellucci M.,2,2,ou,19.50,under,ft,3.16,1
OCkP6iIb,Tiafoe F.,Bellucci M.,2,2,ou,20.00,over,ft,1.325,4
OCkP6iIb,Tiafoe F.,Bellucci M.,2,2,ou,20.00,under,ft,2.89,4
OCkP6iIb,Tiafoe F.,Bellucci M.,2,2,ou,20.50,over,ft,1.46,5
OCkP6iIb,Tiafoe F.,Bellucci M.,2,2,ou,20.50,under,ft,2.48,5
OCkP6iIb,Tiafoe F.,Bellucci M.,2,2,ou,21.00,over,ft,1.502,4
OCkP6iIb,Tiafoe F.,Bellucci M.,2,2,ou,21.00,under,ft,2.353,4
OCkP6iIb,Tiafoe F.,Bellucci M.,2,2,ou,21.50,over,ft,1.602,9
OCkP6iIb,Tiafoe F.,Bellucci M.,2,2,ou,21.50,under,ft,2.248,9
OCkP6iIb,Tiafoe F.,Bellucci M.,2,2,ou,22.00,over,ft,1.736,7
OCkP6iIb,Tiafoe F.,Bellucci M.,2,2,ou,22.00,under,ft,2.05,7
OCkP6iIb,Tiafoe F.,Bellucci M.,2,2,ou,22.50,over,ft,1.881,9
OCkP6iIb,Tiafoe F.,Bellucci M.,2,2,ou,22.50,under,ft,1.9,9
OCkP6iIb,Tiafoe F.,Bellucci M.,2,2,ou,23.00,over,ft,2.034,7
OCkP6iIb,Tiafoe F.,Bellucci M.,2,2,ou,23.00,under,ft,1.749,7
OCkP6iIb,Tiafoe F.,Bellucci M.,2,2,ou,23.50,over,ft,2.133,9
OCkP6iIb,Tiafoe F.,Bellucci M.,2,2,ou,23.50,under,ft,1.662,9
OCkP6iIb,Tiafoe F.,Bellucci M.,2,2,ou,24.00,over,ft,2.142,6
OCkP6iIb,Tiafoe F.,Bellucci M.,2,2,ou,24.00,under,ft,1.648,6
OCkP6iIb,Tiafoe F.,Bellucci M.,2,2,ou,24.50,over,ft,2.153,6
OCkP6iIb,Tiafoe F.,Bellucci M.,2,2,ou,24.50,under,ft,1.607,6
OCkP6iIb,Tiafoe F.,Bellucci M.,2,2,ou,25.00,over,ft,2.23,4
OCkP6iIb,Tiafoe F.,Bellucci M.,2,2,ou,25.00,under,ft,1.53,4
OCkP6iIb,Tiafoe F.,Bellucci M.,2,2,ou,25.50,over,ft,2.29,1
OCkP6iIb,Tiafoe F.,Bellucci M.,2,2,ou,25.50,under,ft,1.54,1
OCkP6iIb,Tiafoe F.,Bellucci M.,2,2,ou,26.50,over,ft,2.605,2
OCkP6iIb,Tiafoe F.,Bellucci M.,2,2,ou,26.50,under,ft,1.43,2
OCkP6iIb,Tiafoe F.,Bellucci M.,2,2,ou,27.50,over,ft,2.73,1
OCkP6iIb,Tiafoe F.,Bellucci M.,2,2,ou,27.50,under,ft,1.39,1
OCkP6iIb,Tiafoe F.,Bellucci M.,2,2,ou,28.50,over,ft,3.05,1
OCkP6iIb,Tiafoe F.,Bellucci M.,2,2,ou,28.50,under,ft,1.32,1
OCkP6iIb,Tiafoe F.,Bellucci M.,2,2,ou,29.50,over,ft,3.44,1
OCkP6iIb,Tiafoe F.,Bellucci M.,2,2,ou,29.50,under,ft,1.25,1
OCkP6iIb,Tiafoe F.,Bellucci M.,2,2,ou,30.50,over,ft,3.87,1
OCkP6iIb,Tiafoe F.,Bellucci M.,2,2,ou,30.50,under,ft,1.2,1
OCkP6iIb,Tiafoe F.,Bellucci M.,2,2,ou,31.50,over,ft,4.69,1
OCkP6iIb,Tiafoe F.,Bellucci M.,2,2,ou,31.50,under,ft,1.14,1
OCkP6iIb,Tiafoe F.,Bellucci M.,2,2,ou,32.50,over,ft,5.86,1
OCkP6iIb,Tiafoe F.,Bellucci M.,2,2,ou,32.50,under,ft,1.08,1
OCkP6iIb,Tiafoe F.,Bellucci M.,2,2,ou,33.50,over,ft,6.92,1
OCkP6iIb,Tiafoe F.,Bellucci M.,2,2,ou,33.50,under,ft,1.05,1
OCkP6iIb,Tiafoe F.,Bellucci M.,2,2,ou,34.50,over,ft,7.99,1
OCkP6iIb,Tiafoe F.,Bellucci M.,2,2,ou,34.50,under,ft,1.03,1
OCkP6iIb,Tiafoe F.,Bellucci M.,2,2,ou,35.50,over,ft,9.69,1
OCkP6iIb,Tiafoe F.,Bellucci M.,2,2,ou,35.50,under,ft,1.02,1
OCkP6iIb,Tiafoe F.,Bellucci M.,2,2,hc,1.50,home,ft,1.153,6
OCkP6iIb,Tiafoe F.,Bellucci M.,2,2,hc,1.50,away,ft,5.127,6
OCkP6iIb,Tiafoe F.,Bellucci M.,2,2,hc,-1.50,home,ft,2.092,8
OCkP6iIb,Tiafoe F.,Bellucci M.,2,2,hc,-1.50,away,ft,1.708,8
OCkP6iIb,Tiafoe F.,Bellucci M.,2,2,hc,0,home,ft,1.38,3
OCkP6iIb,Tiafoe F.,Bellucci M.,2,2,hc,0,away,ft,2.85,3
OCkP6iIb,Tiafoe F.,Bellucci M.,2,2,hc,-0.50,home,ft,1.44,4
OCkP6iIb,Tiafoe F.,Bellucci M.,2,2,hc,-0.50,away,ft,2.633,4
OCkP6iIb,Tiafoe F.,Bellucci M.,2,2,hc,-1.00,home,ft,1.41,3
OCkP6iIb,Tiafoe F.,Bellucci M.,2,2,hc,-1.00,away,ft,2.73,3
OCkP6iIb,Tiafoe F.,Bellucci M.,2,2,hc,1.50,home,ft,1.3,1
OCkP6iIb,Tiafoe F.,Bellucci M.,2,2,hc,1.50,away,ft,3.3,1
OCkP6iIb,Tiafoe F.,Bellucci M.,2,2,hc,-1.50,home,ft,1.515,6
OCkP6iIb,Tiafoe F.,Bellucci M.,2,2,hc,-1.50,away,ft,2.463,6
OCkP6iIb,Tiafoe F.,Bellucci M.,2,2,hc,-2.00,home,ft,1.547,6
OCkP6iIb,Tiafoe F.,Bellucci M.,2,2,hc,-2.00,away,ft,2.392,6
OCkP6iIb,Tiafoe F.,Bellucci M.,2,2,hc,-2.50,home,ft,1.729,7
OCkP6iIb,Tiafoe F.,Bellucci M.,2,2,hc,-2.50,away,ft,2.113,7
OCkP6iIb,Tiafoe F.,Bellucci M.,2,2,hc,-3.00,home,ft,1.793,6
OCkP6iIb,Tiafoe F.,Bellucci M.,2,2,hc,-3.00,away,ft,1.983,6
OCkP6iIb,Tiafoe F.,Bellucci M.,2,2,hc,-3.50,home,ft,2.009,8
OCkP6iIb,Tiafoe F.,Bellucci M.,2,2,hc,-3.50,away,ft,1.77,8
OCkP6iIb,Tiafoe F.,Bellucci M.,2,2,hc,-4.00,home,ft,2.35,6
OCkP6iIb,Tiafoe F.,Bellucci M.,2,2,hc,-4.00,away,ft,1.567,6
OCkP6iIb,Tiafoe F.,Bellucci M.,2,2,hc,-4.50,home,ft,2.632,5
OCkP6iIb,Tiafoe F.,Bellucci M.,2,2,hc,-4.50,away,ft,1.44,5
OCkP6iIb,Tiafoe F.,Bellucci M.,2,2,hc,-5.00,home,ft,3.48,3
OCkP6iIb,Tiafoe F.,Bellucci M.,2,2,hc,-5.00,away,ft,1.27,3
OCkP6iIb,Tiafoe F.,Bellucci M.,2,2,hc,-5.50,home,ft,3.888,4
OCkP6iIb,Tiafoe F.,Bellucci M.,2,2,hc,-5.50,away,ft,1.22,4
OCkP6iIb,Tiafoe F.,Bellucci M.,2,2,hc,-6.00,home,ft,6.05,3
OCkP6iIb,Tiafoe F.,Bellucci M.,2,2,hc,-6.00,away,ft,1.1,3
8SZIjuS0,Kecmanovic M.,Atmane T.,2,2,ou,2.50,over,ft,2.297,3
8SZIjuS0,Kecmanovic M.,Atmane T.,2,2,ou,2.50,under,ft,1.633,3
8SZIjuS0,Kecmanovic M.,Atmane T.,2,2,ou,16.50,under,ft,9.88,1
8SZIjuS0,Kecmanovic M.,Atmane T.,2,2,ou,17.50,over,ft,1.06,1
8SZIjuS0,Kecmanovic M.,Atmane T.,2,2,ou,17.50,under,ft,7.1,1
8SZIjuS0,Kecmanovic M.,Atmane T.,2,2,ou,18.50,over,ft,1.14,1
8SZIjuS0,Kecmanovic M.,Atmane T.,2,2,ou,18.50,under,ft,4.72,1
8SZIjuS0,Kecmanovic M.,Atmane T.,2,2,ou,19.50,over,ft,1.26,1
8SZIjuS0,Kecmanovic M.,Atmane T.,2,2,ou,19.50,under,ft,3.38,1
8SZIjuS0,Kecmanovic M.,Atmane T.,2,2,ou,20.00,over,ft,1.278,4
8SZIjuS0,Kecmanovic M.,Atmane T.,2,2,ou,20.00,under,ft,3.138,4
8SZIjuS0,Kecmanovic M.,Atmane T.,2,2,ou,20.50,over,ft,1.395,4
8SZIjuS0,Kecmanovic M.,Atmane T.,2,2,ou,20.50,under,ft,2.663,4
8SZIjuS0,Kecmanovic M.,Atmane T.,2,2,ou,21.00,over,ft,1.435,4
8SZIjuS0,Kecmanovic M.,Atmane T.,2,2,ou,21.00,under,ft,2.545,4
8SZIjuS0,Kecmanovic M.,Atmane T.,2,2,ou,21.50,over,ft,1.547,9
8SZIjuS0,Kecmanovic M.,Atmane T.,2,2,ou,21.50,under,ft,2.346,9
8SZIjuS0,Kecmanovic M.,Atmane T.,2,2,ou,22.00,over,ft,1.633,7
8SZIjuS0,Kecmanovic M.,Atmane T.,2,2,ou,22.00,under,ft,2.217,7
8SZIjuS0,Kecmanovic M.,Atmane T.,2,2,ou,22.50,over,ft,1.829,9
8SZIjuS0,Kecmanovic M.,Atmane T.,2,2,ou,22.50,under,ft,1.958,9
8SZIjuS0,Kecmanovic M.,Atmane T.,2,2,ou,23.00,over,ft,1.901,7
8SZIjuS0,Kecmanovic M.,Atmane T.,2,2,ou,23.00,under,ft,1.863,7
8SZIjuS0,Kecmanovic M.,Atmane T.,2,2,ou,23.50,over,ft,2.039,9
8SZIjuS0,Kecmanovic M.,Atmane T.,2,2,ou,23.50,under,ft,1.728,9
8SZIjuS0,Kecmanovic M.,Atmane T.,2,2,ou,24.00,over,ft,2.046,7
8SZIjuS0,Kecmanovic M.,Atmane T.,2,2,ou,24.00,under,ft,1.723,7
8SZIjuS0,Kecmanovic M.,Atmane T.,2,2,ou,24.50,over,ft,2.054,5
8SZIjuS0,Kecmanovic M.,Atmane T.,2,2,ou,24.50,under,ft,1.66,5
8SZIjuS0,Kecmanovic M.,Atmane T.,2,2,ou,25.00,over,ft,2.125,4
8SZIjuS0,Kecmanovic M.,Atmane T.,2,2,ou,25.00,under,ft,1.588,4
8SZIjuS0,Kecmanovic M.,Atmane T.,2,2,ou,25.50,over,ft,2.2,1
8SZIjuS0,Kecmanovic M.,Atmane T.,2,2,ou,25.50,under,ft,1.58,1
8SZIjuS0,Kecmanovic M.,Atmane T.,2,2,ou,26.50,over,ft,2.46,1
8SZIjuS0,Kecmanovic M.,Atmane T.,2,2,ou,26.50,under,ft,1.47,1
8SZIjuS0,Kecmanovic M.,Atmane T.,2,2,ou,27.50,over,ft,2.64,1
8SZIjuS0,Kecmanovic M.,Atmane T.,2,2,ou,27.50,under,ft,1.41,1
8SZIjuS0,Kecmanovic M.,Atmane T.,2,2,ou,28.50,over,ft,2.96,1
8SZIjuS0,Kecmanovic M.,Atmane T.,2,2,ou,28.50,under,ft,1.33,1
8SZIjuS0,Kecmanovic M.,Atmane T.,2,2,ou,29.50,over,ft,3.12,1
8SZIjuS0,Kecmanovic M.,Atmane T.,2,2,ou,29.50,under,ft,1.31,1
8SZIjuS0,Kecmanovic M.,Atmane T.,2,2,ou,30.50,over,ft,3.44,1
8SZIjuS0,Kecmanovic M.,Atmane T.,2,2,ou,30.50,under,ft,1.25,1
8SZIjuS0,Kecmanovic M.,Atmane T.,2,2,ou,31.50,over,ft,4.13,1
8SZIjuS0,Kecmanovic M.,Atmane T.,2,2,ou,31.50,under,ft,1.18,1
8SZIjuS0,Kecmanovic M.,Atmane T.,2,2,ou,32.50,over,ft,5.2,1
8SZIjuS0,Kecmanovic M.,Atmane T.,2,2,ou,32.50,under,ft,1.11,1
8SZIjuS0,Kecmanovic M.,Atmane T.,2,2,ou,33.50,over,ft,6.16,1
8SZIjuS0,Kecmanovic M.,Atmane T.,2,2,ou,33.50,under,ft,1.07,1
8SZIjuS0,Kecmanovic M.,Atmane T.,2,2,ou,34.50,over,ft,7.14,1
8SZIjuS0,Kecmanovic M.,Atmane T.,2,2,ou,34.50,under,ft,1.05,1
8SZIjuS0,Kecmanovic M.,Atmane T.,2,2,ou,35.50,over,ft,9.01,1
8SZIjuS0,Kecmanovic M.,Atmane T.,2,2,ou,35.50,under,ft,1.02,1
8SZIjuS0,Kecmanovic M.,Atmane T.,2,2,hc,1.50,home,ft,1.218,6
8SZIjuS0,Kecmanovic M.,Atmane T.,2,2,hc,1.50,away,ft,4.237,6
8SZIjuS0,Kecmanovic M.,Atmane T.,2,2,hc,-1.50,home,ft,2.377,8
8SZIjuS0,Kecmanovic M.,Atmane T.,2,2,hc,-1.50,away,ft,1.552,8
8SZIjuS0,Kecmanovic M.,Atmane T.,2,2,hc,0,home,ft,1.48,3
8SZIjuS0,Kecmanovic M.,Atmane T.,2,2,hc,0,away,ft,2.41,3
8SZIjuS0,Kecmanovic M.,Atmane T.,2,2,hc,-0.50,home,ft,1.548,4
8SZIjuS0,Kecmanovic M.,Atmane T.,2,2,hc,-0.50,away,ft,2.27,4
8SZIjuS0,Kecmanovic M.,Atmane T.,2,2,hc,1.00,home,ft,1.45,3
8SZIjuS0,Kecmanovic M.,Atmane T.,2,2,hc,1.00,away,ft,2.49,3
8SZIjuS0,Kecmanovic M.,Atmane T.,2,2,hc,-1.00,home,ft,1.62,5
8SZIjuS0,Kecmanovic M.,Atmane T.,2,2,hc,-1.00,away,ft,2.218,5
8SZIjuS0,Kecmanovic M.,Atmane T.,2,2,hc,-1.50,home,ft,1.674,8
8SZIjuS0,Kecmanovic M.,Atmane T.,2,2,hc,-1.50,away,ft,2.111,8
8SZIjuS0,Kecmanovic M.,Atmane T.,2,2,hc,-2.00,home,ft,1.777,6
8SZIjuS0,Kecmanovic M.,Atmane T.,2,2,hc,-2.00,away,ft,1.97,6
8SZIjuS0,Kecmanovic M.,Atmane T.,2,2,hc,-2.50,home,ft,1.894,8
8SZIjuS0,Kecmanovic M.,Atmane T.,2,2,hc,-2.50,away,ft,1.899,8
8SZIjuS0,Kecmanovic M.,Atmane T.,2,2,hc,-3.00,home,ft,2.102,6
8SZIjuS0,Kecmanovic M.,Atmane T.,2,2,hc,-3.00,away,ft,1.673,6
8SZIjuS0,Kecmanovic M.,Atmane T.,2,2,hc,-3.50,home,ft,2.275,8
8SZIjuS0,Kecmanovic M.,Atmane T.,2,2,hc,-3.50,away,ft,1.584,8
8SZIjuS0,Kecmanovic M.,Atmane T.,2,2,hc,-4.00,home,ft,2.828,5
8SZIjuS0,Kecmanovic M.,Atmane T.,2,2,hc,-4.00,away,ft,1.392,5
8SZIjuS0,Kecmanovic M.,Atmane T.,2,2,hc,-4.50,home,ft,3.058,6
8SZIjuS0,Kecmanovic M.,Atmane T.,2,2,hc,-4.50,away,ft,1.333,6
8SZIjuS0,Kecmanovic M.,Atmane T.,2,2,hc,-5.00,home,ft,4.48,3
8SZIjuS0,Kecmanovic M.,Atmane T.,2,2,hc,-5.00,away,ft,1.15,3
8SZIjuS0,Kecmanovic M.,Atmane T.,2,2,hc,-5.50,home,ft,4.13,3
8SZIjuS0,Kecmanovic M.,Atmane T.,2,2,hc,-5.50,away,ft,1.18,3
8SZIjuS0,Kecmanovic M.,Atmane T.,2,2,hc,-6.00,home,ft,6.25,3
8SZIjuS0,Kecmanovic M.,Atmane T.,2,2,hc,-6.00,away,ft,1.07,3
raVCCMlK,Wu Y.,Cobolli F.,0,0,ou,2.50,over,ft,2.28,4
raVCCMlK,Wu Y.,Cobolli F.,0,0,ou,2.50,under,ft,1.625,4
raVCCMlK,Wu Y.,Cobolli F.,0,0,ou,16.50,over,ft,1.02,1
raVCCMlK,Wu Y.,Cobolli F.,0,0,ou,16.50,under,ft,9.45,1
raVCCMlK,Wu Y.,Cobolli F.,0,0,ou,17.50,over,ft,1.07,1
raVCCMlK,Wu Y.,Cobolli F.,0,0,ou,17.50,under,ft,6.37,1
raVCCMlK,Wu Y.,Cobolli F.,0,0,ou,18.50,over,ft,1.17,2
raVCCMlK,Wu Y.,Cobolli F.,0,0,ou,18.50,under,ft,4.68,2
raVCCMlK,Wu Y.,Cobolli F.,0,0,ou,19.50,over,ft,1.28,1
raVCCMlK,Wu Y.,Cobolli F.,0,0,ou,19.50,under,ft,3.27,1
raVCCMlK,Wu Y.,Cobolli F.,0,0,ou,20.00,over,ft,1.28,4
raVCCMlK,Wu Y.,Cobolli F.,0,0,ou,20.00,under,ft,3.13,4
raVCCMlK,Wu Y.,Cobolli F.,0,0,ou,20.50,over,ft,1.42,6
raVCCMlK,Wu Y.,Cobolli F.,0,0,ou,20.50,under,ft,2.65,6
raVCCMlK,Wu Y.,Cobolli F.,0,0,ou,21.00,over,ft,1.438,4
raVCCMlK,Wu Y.,Cobolli F.,0,0,ou,21.00,under,ft,2.54,4
raVCCMlK,Wu Y.,Cobolli F.,0,0,ou,21.50,over,ft,1.558,8
raVCCMlK,Wu Y.,Cobolli F.,0,0,ou,21.50,under,ft,2.349,8
raVCCMlK,Wu Y.,Cobolli F.,0,0,ou,22.00,over,ft,1.667,7
raVCCMlK,Wu Y.,Cobolli F.,0,0,ou,22.00,under,ft,2.151,7
raVCCMlK,Wu Y.,Cobolli F.,0,0,ou,22.50,over,ft,1.8,9
raVCCMlK,Wu Y.,Cobolli F.,0,0,ou,22.50,under,ft,1.958,9
raVCCMlK,Wu Y.,Cobolli F.,0,0,ou,23.00,over,ft,1.923,7
raVCCMlK,Wu Y.,Cobolli F.,0,0,ou,23.00,under,ft,1.836,7
raVCCMlK,Wu Y.,Cobolli F.,0,0,ou,23.50,over,ft,2.002,9
raVCCMlK,Wu Y.,Cobolli F.,0,0,ou,23.50,under,ft,1.779,9
raVCCMlK,Wu Y.,Cobolli F.,0,0,ou,24.00,over,ft,2.053,7
raVCCMlK,Wu Y.,Cobolli F.,0,0,ou,24.00,under,ft,1.707,7
raVCCMlK,Wu Y.,Cobolli F.,0,0,ou,24.50,over,ft,2.072,8
raVCCMlK,Wu Y.,Cobolli F.,0,0,ou,24.50,under,ft,1.667,8
raVCCMlK,Wu Y.,Cobolli F.,0,0,ou,25.00,over,ft,2.107,4
raVCCMlK,Wu Y.,Cobolli F.,0,0,ou,25.00,under,ft,1.598,4
raVCCMlK,Wu Y.,Cobolli F.,0,0,ou,25.50,over,ft,2.134,5
raVCCMlK,Wu Y.,Cobolli F.,0,0,ou,25.50,under,ft,1.614,5
raVCCMlK,Wu Y.,Cobolli F.,0,0,ou,26.00,over,ft,2.235,4
raVCCMlK,Wu Y.,Cobolli F.,0,0,ou,26.00,under,ft,1.52,4
raVCCMlK,Wu Y.,Cobolli F.,0,0,ou,26.50,over,ft,2.425,6
raVCCMlK,Wu Y.,Cobolli F.,0,0,ou,26.50,under,ft,1.493,6
raVCCMlK,Wu Y.,Cobolli F.,0,0,ou,27.50,over,ft,2.528,4
raVCCMlK,Wu Y.,Cobolli F.,0,0,ou,27.50,under,ft,1.44,4
raVCCMlK,Wu Y.,Cobolli F.,0,0,ou,28.50,over,ft,2.805,4
raVCCMlK,Wu Y.,Cobolli F.,0,0,ou,28.50,under,ft,1.36,4
raVCCMlK,Wu Y.,Cobolli F.,0,0,ou,29.50,over,ft,3.17,1
raVCCMlK,Wu Y.,Cobolli F.,0,0,ou,29.50,under,ft,1.29,1
raVCCMlK,Wu Y.,Cobolli F.,0,0,ou,30.50,over,ft,3.5,1
raVCCMlK,Wu Y.,Cobolli F.,0,0,ou,30.50,under,ft,1.24,1
raVCCMlK,Wu Y.,Cobolli F.,0,0,ou,31.50,over,ft,4.27,1
raVCCMlK,Wu Y.,Cobolli F.,0,0,ou,31.50,under,ft,1.17,1
raVCCMlK,Wu Y.,Cobolli F.,0,0,ou,32.50,over,ft,5.39,1
raVCCMlK,Wu Y.,Cobolli F.,0,0,ou,32.50,under,ft,1.1,1
raVCCMlK,Wu Y.,Cobolli F.,0,0,ou,33.50,over,ft,6.44,1
raVCCMlK,Wu Y.,Cobolli F.,0,0,ou,33.50,under,ft,1.07,1
raVCCMlK,Wu Y.,Cobolli F.,0,0,ou,34.50,over,ft,7.42,1
raVCCMlK,Wu Y.,Cobolli F.,0,0,ou,34.50,under,ft,1.04,1
raVCCMlK,Wu Y.,Cobolli F.,0,0,ou,35.50,over,ft,9.45,1
raVCCMlK,Wu Y.,Cobolli F.,0,0,ou,35.50,under,ft,1.02,1
raVCCMlK,Wu Y.,Cobolli F.,0,0,hc,1.50,home,ft,1.288,6
raVCCMlK,Wu Y.,Cobolli F.,0,0,hc,1.50,away,ft,3.52,6
raVCCMlK,Wu Y.,Cobolli F.,0,0,hc,-1.50,home,ft,2.666,8
raVCCMlK,Wu Y.,Cobolli F.,0,0,hc,-1.50,away,ft,1.449,8
raVCCMlK,Wu Y.,Cobolli F.,0,0,hc,0,home,ft,1.677,6
raVCCMlK,Wu Y.,Cobolli F.,0,0,hc,0,away,ft,2.102,6
raVCCMlK,Wu Y.,Cobolli F.,0,0,hc,0.50,home,ft,1.616,5
raVCCMlK,Wu Y.,Cobolli F.,0,0,hc,0.50,away,ft,2.148,5
raVCCMlK,Wu Y.,Cobolli F.,0,0,hc,-0.50,home,ft,1.712,8
raVCCMlK,Wu Y.,Cobolli F.,0,0,hc,-0.50,away,ft,2.055,8
raVCCMlK,Wu Y.,Cobolli F.,0,0,hc,1.00,home,ft,1.56,4
raVCCMlK,Wu Y.,Cobolli F.,0,0,hc,1.00,away,ft,2.237,4
raVCCMlK,Wu Y.,Cobolli F.,0,0,hc,-1.00,home,ft,1.783,6
raVCCMlK,Wu Y.,Cobolli F.,0,0,hc,-1.00,away,ft,1.958,6
raVCCMlK,Wu Y.,Cobolli F.,0,0,hc,1.50,home,ft,1.504,5
raVCCMlK,Wu Y.,Cobolli F.,0,0,hc,1.50,away,ft,2.416,5
raVCCMlK,Wu Y.,Cobolli F.,0,0,hc,-1.50,home,ft,1.903,7
raVCCMlK,Wu Y.,Cobolli F.,0,0,hc,-1.50,away,ft,1.89,7
raVCCMlK,Wu Y.,Cobolli F.,0,0,hc,2.00,home,ft,1.43,3
raVCCMlK,Wu Y.,Cobolli F.,0,0,hc,2.00,away,ft,2.53,3
raVCCMlK,Wu Y.,Cobolli F.,0,0,hc,-2.00,home,ft,1.967,6
raVCCMlK,Wu Y.,Cobolli F.,0,0,hc,-2.00,away,ft,1.773,6
raVCCMlK,Wu Y.,Cobolli F.,0,0,hc,2.50,home,ft,1.5,3
raVCCMlK,Wu Y.,Cobolli F.,0,0,hc,2.50,away,ft,2.35,3
raVCCMlK,Wu Y.,Cobolli F.,0,0,hc,-2.50,home,ft,2.075,8
raVCCMlK,Wu Y.,Cobolli F.,0,0,hc,-2.50,away,ft,1.7,8
raVCCMlK,Wu Y.,Cobolli F.,0,0,hc,3.00,home,ft,1.38,3
raVCCMlK,Wu Y.,Cobolli F.,0,0,hc,3.00,away,ft,2.7,3
raVCCMlK,Wu Y.,Cobolli F.,0,0,hc,-3.00,home,ft,2.278,6
raVCCMlK,Wu Y.,Cobolli F.,0,0,hc,-3.00,away,ft,1.575,6
raVCCMlK,Wu Y.,Cobolli F.,0,0,hc,3.50,home,ft,1.305,2
raVCCMlK,Wu Y.,Cobolli F.,0,0,hc,3.50,away,ft,3.405,2
raVCCMlK,Wu Y.,Cobolli F.,0,0,hc,-3.50,home,ft,2.487,6
raVCCMlK,Wu Y.,Cobolli F.,0,0,hc,-3.50,away,ft,1.482,6
raVCCMlK,Wu Y.,Cobolli F.,0,0,hc,-4.00,home,ft,3.15,3
raVCCMlK,Wu Y.,Cobolli F.,0,0,hc,-4.00,away,ft,1.29,3
raVCCMlK,Wu Y.,Cobolli F.,0,0,hc,-5.50,home,ft,5.54,1
raVCCMlK,Wu Y.,Cobolli F.,0,0,hc,-5.50,away,ft,1.15,1
rqg1Kngc,Vacherot V.,Monfils G.,2,2,ou,2.50,over,ft,2.677,3
rqg1Kngc,Vacherot V.,Monfils G.,2,2,ou,2.50,under,ft,1.473,3
rqg1Kngc,Vacherot V.,Monfils G.,2,2,ou,16.50,over,ft,1.03,1
rqg1Kngc,Vacherot V.,Monfils G.,2,2,ou,16.50,under,ft,8.3,1
rqg1Kngc,Vacherot V.,Monfils G.,2,2,ou,17.50,over,ft,1.12,1
rqg1Kngc,Vacherot V.,Monfils G.,2,2,ou,17.50,under,ft,4.99,1
rqg1Kngc,Vacherot V.,Monfils G.,2,2,ou,18.50,over,ft,1.23,1
rqg1Kngc,Vacherot V.,Monfils G.,2,2,ou,18.50,under,ft,3.67,1
rqg1Kngc,Vacherot V.,Monfils G.,2,2,ou,19.50,over,ft,1.302,4
rqg1Kngc,Vacherot V.,Monfils G.,2,2,ou,19.50,under,ft,3.118,4
rqg1Kngc,Vacherot V.,Monfils G.,2,2,ou,20.00,over,ft,1.38,4
rqg1Kngc,Vacherot V.,Monfils G.,2,2,ou,20.00,under,ft,2.665,4
rqg1Kngc,Vacherot V.,Monfils G.,2,2,ou,20.50,over,ft,1.5,4
rqg1Kngc,Vacherot V.,Monfils G.,2,2,ou,20.50,under,ft,2.362,4
rqg1Kngc,Vacherot V.,Monfils G.,2,2,ou,21.00,over,ft,1.607,6
rqg1Kngc,Vacherot V.,Monfils G.,2,2,ou,21.00,under,ft,2.23,6
rqg1Kngc,Vacherot V.,Monfils G.,2,2,ou,21.50,over,ft,1.688,9
rqg1Kngc,Vacherot V.,Monfils G.,2,2,ou,21.50,under,ft,2.093,9
rqg1Kngc,Vacherot V.,Monfils G.,2,2,ou,22.00,over,ft,1.849,7
rqg1Kngc,Vacherot V.,Monfils G.,2,2,ou,22.00,under,ft,1.909,7
rqg1Kngc,Vacherot V.,Monfils G.,2,2,ou,22.50,over,ft,1.983,9
rqg1Kngc,Vacherot V.,Monfils G.,2,2,ou,22.50,under,ft,1.781,9
rqg1Kngc,Vacherot V.,Monfils G.,2,2,ou,23.00,over,ft,2.15,7
rqg1Kngc,Vacherot V.,Monfils G.,2,2,ou,23.00,under,ft,1.661,7
rqg1Kngc,Vacherot V.,Monfils G.,2,2,ou,23.50,over,ft,2.179,9
rqg1Kngc,Vacherot V.,Monfils G.,2,2,ou,23.50,under,ft,1.628,9
rqg1Kngc,Vacherot V.,Monfils G.,2,2,ou,24.00,over,ft,2.147,7
rqg1Kngc,Vacherot V.,Monfils G.,2,2,ou,24.00,under,ft,1.636,7
rqg1Kngc,Vacherot V.,Monfils G.,2,2,ou,24.50,over,ft,2.23,6
rqg1Kngc,Vacherot V.,Monfils G.,2,2,ou,24.50,under,ft,1.563,6
rqg1Kngc,Vacherot V.,Monfils G.,2,2,ou,25.00,over,ft,2.31,4
rqg1Kngc,Vacherot V.,Monfils G.,2,2,ou,25.00,under,ft,1.498,4
rqg1Kngc,Vacherot V.,Monfils G.,2,2,ou,25.50,over,ft,2.305,4
rqg1Kngc,Vacherot V.,Monfils G.,2,2,ou,25.50,under,ft,1.525,4
rqg1Kngc,Vacherot V.,Monfils G.,2,2,ou,26.50,over,ft,2.587,4
rqg1Kngc,Vacherot V.,Monfils G.,2,2,ou,26.50,under,ft,1.42,4
rqg1Kngc,Vacherot V.,Monfils G.,2,2,ou,27.50,over,ft,2.792,4
rqg1Kngc,Vacherot V.,Monfils G.,2,2,ou,27.50,under,ft,1.363,4
rqg1Kngc,Vacherot V.,Monfils G.,2,2,ou,28.50,over,ft,3.25,1
rqg1Kngc,Vacherot V.,Monfils G.,2,2,ou,28.50,under,ft,1.28,1
rqg1Kngc,Vacherot V.,Monfils G.,2,2,ou,29.50,over,ft,3.59,1
rqg1Kngc,Vacherot V.,Monfils G.,2,2,ou,29.50,under,ft,1.23,1
rqg1Kngc,Vacherot V.,Monfils G.,2,2,ou,30.50,over,ft,3.98,1
rqg1Kngc,Vacherot V.,Monfils G.,2,2,ou,30.50,under,ft,1.19,1
rqg1Kngc,Vacherot V.,Monfils G.,2,2,ou,31.50,over,ft,4.76,1
rqg1Kngc,Vacherot V.,Monfils G.,2,2,ou,31.50,under,ft,1.13,1
rqg1Kngc,Vacherot V.,Monfils G.,2,2,ou,32.50,over,ft,5.39,1
rqg1Kngc,Vacherot V.,Monfils G.,2,2,ou,32.50,under,ft,1.04,1
rqg1Kngc,Vacherot V.,Monfils G.,2,2,hc,1.50,home,ft,1.138,6
rqg1Kngc,Vacherot V.,Monfils G.,2,2,hc,1.50,away,ft,5.463,6
rqg1Kngc,Vacherot V.,Monfils G.,2,2,hc,-1.50,home,ft,1.978,8
rqg1Kngc,Vacherot V.,Monfils G.,2,2,hc,-1.50,away,ft,1.792,8
rqg1Kngc,Vacherot V.,Monfils G.,2,2,hc,0,home,ft,1.43,3
rqg1Kngc,Vacherot V.,Monfils G.,2,2,hc,0,away,ft,2.54,3
rqg1Kngc,Vacherot V.,Monfils G.,2,2,hc,-0.50,home,ft,1.49,3
rqg1Kngc,Vacherot V.,Monfils G.,2,2,hc,-0.50,away,ft,2.47,3
rqg1Kngc,Vacherot V.,Monfils G.,2,2,hc,-1.00,home,ft,1.39,3
rqg1Kngc,Vacherot V.,Monfils G.,2,2,hc,-1.00,away,ft,2.81,3
rqg1Kngc,Vacherot V.,Monfils G.,2,2,hc,-1.50,home,ft,1.496,5
rqg1Kngc,Vacherot V.,Monfils G.,2,2,hc,-1.50,away,ft,2.47,5
rqg1Kngc,Vacherot V.,Monfils G.,2,2,hc,-2.00,home,ft,1.542,6
rqg1Kngc,Vacherot V.,Monfils G.,2,2,hc,-2.00,away,ft,2.388,6
rqg1Kngc,Vacherot V.,Monfils G.,2,2,hc,-2.50,home,ft,1.589,8
rqg1Kngc,Vacherot V.,Monfils G.,2,2,hc,-2.50,away,ft,2.296,8
rqg1Kngc,Vacherot V.,Monfils G.,2,2,hc,-3.00,home,ft,1.682,6
rqg1Kngc,Vacherot V.,Monfils G.,2,2,hc,-3.00,away,ft,2.142,6
rqg1Kngc,Vacherot V.,Monfils G.,2,2,hc,-3.50,home,ft,1.9,8
rqg1Kngc,Vacherot V.,Monfils G.,2,2,hc,-3.50,away,ft,1.864,8
rqg1Kngc,Vacherot V.,Monfils G.,2,2,hc,-4.00,home,ft,2.145,6
rqg1Kngc,Vacherot V.,Monfils G.,2,2,hc,-4.00,away,ft,1.68,6
rqg1Kngc,Vacherot V.,Monfils G.,2,2,hc,-4.50,home,ft,2.459,8
rqg1Kngc,Vacherot V.,Monfils G.,2,2,hc,-4.50,away,ft,1.518,8
rqg1Kngc,Vacherot V.,Monfils G.,2,2,hc,-5.00,home,ft,3.234,5
rqg1Kngc,Vacherot V.,Monfils G.,2,2,hc,-5.00,away,ft,1.33,5
rqg1Kngc,Vacherot V.,Monfils G.,2,2,hc,-5.50,home,ft,3.62,3
rqg1Kngc,Vacherot V.,Monfils G.,2,2,hc,-5.50,away,ft,1.25,3
rqg1Kngc,Vacherot V.,Monfils G.,2,2,hc,-6.00,home,ft,5.4,3
rqg1Kngc,Vacherot V.,Monfils G.,2,2,hc,-6.00,away,ft,1.12,3
I7WKXsBN,Bellucci M.,Davidovich Fokina A.,2,2,ou,2.50,over,ft,2.97,3
I7WKXsBN,Bellucci M.,Davidovich Fokina A.,2,2,ou,2.50,under,ft,1.4,3
I7WKXsBN,Bellucci M.,Davidovich Fokina A.,2,2,ou,16.50,over,ft,1.11,1
I7WKXsBN,Bellucci M.,Davidovich Fokina A.,2,2,ou,16.50,under,ft,5.49,1
I7WKXsBN,Bellucci M.,Davidovich Fokina A.,2,2,ou,17.50,over,ft,1.22,1
I7WKXsBN,Bellucci M.,Davidovich Fokina A.,2,2,ou,17.50,under,ft,3.77,1
I7WKXsBN,Bellucci M.,Davidovich Fokina A.,2,2,ou,18.00,over,ft,1.22,4
I7WKXsBN,Bellucci M.,Davidovich Fokina A.,2,2,ou,18.00,under,ft,3.572,4
I7WKXsBN,Bellucci M.,Davidovich Fokina A.,2,2,ou,18.50,over,ft,1.353,4
I7WKXsBN,Bellucci M.,Davidovich Fokina A.,2,2,ou,18.50,under,ft,2.837,4
I7WKXsBN,Bellucci M.,Davidovich Fokina A.,2,2,ou,19.00,over,ft,1.402,4
I7WKXsBN,Bellucci M.,Davidovich Fokina A.,2,2,ou,19.00,under,ft,2.63,4
I7WKXsBN,Bellucci M.,Davidovich Fokina A.,2,2,ou,19.50,over,ft,1.54,6
I7WKXsBN,Bellucci M.,Davidovich Fokina A.,2,2,ou,19.50,under,ft,2.315,6
I7WKXsBN,Bellucci M.,Davidovich Fokina A.,2,2,ou,20.00,over,ft,1.643,7
I7WKXsBN,Bellucci M.,Davidovich Fokina A.,2,2,ou,20.00,under,ft,2.169,7
I7WKXsBN,Bellucci M.,Davidovich Fokina A.,2,2,ou,20.50,over,ft,1.811,9
I7WKXsBN,Bellucci M.,Davidovich Fokina A.,2,2,ou,20.50,under,ft,1.95,9
I7WKXsBN,Bellucci M.,Davidovich Fokina A.,2,2,ou,21.00,over,ft,1.874,7
I7WKXsBN,Bellucci M.,Davidovich Fokina A.,2,2,ou,21.00,under,ft,1.874,7
I7WKXsBN,Bellucci M.,Davidovich Fokina A.,2,2,ou,21.50,over,ft,1.981,9
I7WKXsBN,Bellucci M.,Davidovich Fokina A.,2,2,ou,21.50,under,ft,1.768,9
I7WKXsBN,Bellucci M.,Davidovich Fokina A.,2,2,ou,22.00,over,ft,2.159,7
I7WKXsBN,Bellucci M.,Davidovich Fokina A.,2,2,ou,22.00,under,ft,1.644,7
I7WKXsBN,Bellucci M.,Davidovich Fokina A.,2,2,ou,22.50,over,ft,2.254,8
I7WKXsBN,Bellucci M.,Davidovich Fokina A.,2,2,ou,22.50,under,ft,1.574,8
I7WKXsBN,Bellucci M.,Davidovich Fokina A.,2,2,ou,23.00,over,ft,2.413,4
I7WKXsBN,Bellucci M.,Davidovich Fokina A.,2,2,ou,23.00,under,ft,1.465,4
I7WKXsBN,Bellucci M.,Davidovich Fokina A.,2,2,ou,23.50,over,ft,2.52,4
I7WKXsBN,Bellucci M.,Davidovich Fokina A.,2,2,ou,23.50,under,ft,1.44,4
I7WKXsBN,Bellucci M.,Davidovich Fokina A.,2,2,ou,24.00,over,ft,2.545,4
I7WKXsBN,Bellucci M.,Davidovich Fokina A.,2,2,ou,24.00,under,ft,1.405,4
I7WKXsBN,Bellucci M.,Davidovich Fokina A.,2,2,ou,24.50,over,ft,2.67,1
I7WKXsBN,Bellucci M.,Davidovich Fokina A.,2,2,ou,24.50,under,ft,1.4,1
I7WKXsBN,Bellucci M.,Davidovich Fokina A.,2,2,ou,25.50,over,ft,2.91,1
I7WKXsBN,Bellucci M.,Davidovich Fokina A.,2,2,ou,25.50,under,ft,1.35,1
I7WKXsBN,Bellucci M.,Davidovich Fokina A.,2,2,ou,26.50,over,ft,3.21,1
I7WKXsBN,Bellucci M.,Davidovich Fokina A.,2,2,ou,26.50,under,ft,1.28,1
I7WKXsBN,Bellucci M.,Davidovich Fokina A.,2,2,ou,27.50,over,ft,3.48,1
I7WKXsBN,Bellucci M.,Davidovich Fokina A.,2,2,ou,27.50,under,ft,1.24,1
I7WKXsBN,Bellucci M.,Davidovich Fokina A.,2,2,ou,28.50,over,ft,3.92,1
I7WKXsBN,Bellucci M.,Davidovich Fokina A.,2,2,ou,28.50,under,ft,1.2,1
I7WKXsBN,Bellucci M.,Davidovich Fokina A.,2,2,ou,29.50,over,ft,4.5,1
I7WKXsBN,Bellucci M.,Davidovich Fokina A.,2,2,ou,29.50,under,ft,1.15,1
I7WKXsBN,Bellucci M.,Davidovich Fokina A.,2,2,ou,30.50,over,ft,5.19,1
I7WKXsBN,Bellucci M.,Davidovich Fokina A.,2,2,ou,30.50,under,ft,1.11,1
I7WKXsBN,Bellucci M.,Davidovich Fokina A.,2,2,hc,1.50,home,ft,2.234,8
I7WKXsBN,Bellucci M.,Davidovich Fokina A.,2,2,hc,1.50,away,ft,1.619,8
I7WKXsBN,Bellucci M.,Davidovich Fokina A.,2,2,hc,-1.50,home,ft,7.927,6
I7WKXsBN,Bellucci M.,Davidovich Fokina A.,2,2,hc,-1.50,away,ft,1.072,6
I7WKXsBN,Bellucci M.,Davidovich Fokina A.,2,2,hc,2.00,home,ft,3.54,3
I7WKXsBN,Bellucci M.,Davidovich Fokina A.,2,2,hc,2.00,away,ft,1.26,3
I7WKXsBN,Bellucci M.,Davidovich Fokina A.,2,2,hc,2.50,home,ft,3.127,3
I7WKXsBN,Bellucci M.,Davidovich Fokina A.,2,2,hc,2.50,away,ft,1.323,3
I7WKXsBN,Bellucci M.,Davidovich Fokina A.,2,2,hc,3.00,home,ft,2.877,3
I7WKXsBN,Bellucci M.,Davidovich Fokina A.,2,2,hc,3.00,away,ft,1.373,3
I7WKXsBN,Bellucci M.,Davidovich Fokina A.,2,2,hc,3.50,home,ft,2.504,8
I7WKXsBN,Bellucci M.,Davidovich Fokina A.,2,2,hc,3.50,away,ft,1.5,8
I7WKXsBN,Bellucci M.,Davidovich Fokina A.,2,2,hc,4.00,home,ft,2.243,6
I7WKXsBN,Bellucci M.,Davidovich Fokina A.,2,2,hc,4.00,away,ft,1.615,6
I7WKXsBN,Bellucci M.,Davidovich Fokina A.,2,2,hc,4.50,home,ft,1.996,7
I7WKXsBN,Bellucci M.,Davidovich Fokina A.,2,2,hc,4.50,away,ft,1.797,7
I7WKXsBN,Bellucci M.,Davidovich Fokina A.,2,2,hc,5.00,home,ft,1.667,6
I7WKXsBN,Bellucci M.,Davidovich Fokina A.,2,2,hc,5.00,away,ft,2.147,6
I7WKXsBN,Bellucci M.,Davidovich Fokina A.,2,2,hc,5.50,home,ft,1.526,8
I7WKXsBN,Bellucci M.,Davidovich Fokina A.,2,2,hc,5.50,away,ft,2.424,8
I7WKXsBN,Bellucci M.,Davidovich Fokina A.,2,2,hc,6.00,home,ft,1.297,3
I7WKXsBN,Bellucci M.,Davidovich Fokina A.,2,2,hc,6.00,away,ft,3.28,3
I7WKXsBN,Bellucci M.,Davidovich Fokina A.,2,2,hc,6.50,home,ft,1.237,3
I7WKXsBN,Bellucci M.,Davidovich Fokina A.,2,2,hc,6.50,away,ft,3.747,3
I7WKXsBN,Bellucci M.,Davidovich Fokina A.,2,2,hc,7.00,home,ft,1.107,3
I7WKXsBN,Bellucci M.,Davidovich Fokina A.,2,2,hc,7.00,away,ft,5.883,3
WjYCZ3tB,Tiafoe F.,Kovacevic A.,2,2,ou,2.50,over,ft,2.333,3
WjYCZ3tB,Tiafoe F.,Kovacevic A.,2,2,ou,2.50,under,ft,1.607,3
WjYCZ3tB,Tiafoe F.,Kovacevic A.,2,2,ou,16.50,under,ft,15.66,1
WjYCZ3tB,Tiafoe F.,Kovacevic A.,2,2,ou,17.50,over,ft,1.02,1
WjYCZ3tB,Tiafoe F.,Kovacevic A.,2,2,ou,17.50,under,ft,9.04,1
WjYCZ3tB,Tiafoe F.,Kovacevic A.,2,2,ou,18.50,over,ft,1.13,1
WjYCZ3tB,Tiafoe F.,Kovacevic A.,2,2,ou,18.50,under,ft,4.89,1
WjYCZ3tB,Tiafoe F.,Kovacevic A.,2,2,ou,19.00,over,ft,1.292,4
WjYCZ3tB,Tiafoe F.,Kovacevic A.,2,2,ou,19.00,under,ft,3.078,4
WjYCZ3tB,Tiafoe F.,Kovacevic A.,2,2,ou,19.50,over,ft,1.357,4
WjYCZ3tB,Tiafoe F.,Kovacevic A.,2,2,ou,19.50,under,ft,2.942,4
WjYCZ3tB,Tiafoe F.,Kovacevic A.,2,2,ou,20.00,over,ft,1.238,4
WjYCZ3tB,Tiafoe F.,Kovacevic A.,2,2,ou,20.00,under,ft,3.422,4
WjYCZ3tB,Tiafoe F.,Kovacevic A.,2,2,ou,20.50,over,ft,1.343,4
WjYCZ3tB,Tiafoe F.,Kovacevic A.,2,2,ou,20.50,under,ft,2.882,4
WjYCZ3tB,Tiafoe F.,Kovacevic A.,2,2,ou,21.00,over,ft,1.42,5
WjYCZ3tB,Tiafoe F.,Kovacevic A.,2,2,ou,21.00,under,ft,2.634,5
WjYCZ3tB,Tiafoe F.,Kovacevic A.,2,2,ou,21.50,over,ft,1.49,7
WjYCZ3tB,Tiafoe F.,Kovacevic A.,2,2,ou,21.50,under,ft,2.439,7
WjYCZ3tB,Tiafoe F.,Kovacevic A.,2,2,ou,22.00,over,ft,1.58,7
WjYCZ3tB,Tiafoe F.,Kovacevic A.,2,2,ou,22.00,under,ft,2.294,7
WjYCZ3tB,Tiafoe F.,Kovacevic A.,2,2,ou,22.50,over,ft,1.738,9
WjYCZ3tB,Tiafoe F.,Kovacevic A.,2,2,ou,22.50,under,ft,2.017,9
WjYCZ3tB,Tiafoe F.,Kovacevic A.,2,2,ou,23.00,over,ft,1.87,7
WjYCZ3tB,Tiafoe F.,Kovacevic A.,2,2,ou,23.00,under,ft,1.88,7
WjYCZ3tB,Tiafoe F.,Kovacevic A.,2,2,ou,23.50,over,ft,2.011,9
WjYCZ3tB,Tiafoe F.,Kovacevic A.,2,2,ou,23.50,under,ft,1.751,9
WjYCZ3tB,Tiafoe F.,Kovacevic A.,2,2,ou,24.00,over,ft,2.03,7
WjYCZ3tB,Tiafoe F.,Kovacevic A.,2,2,ou,24.00,under,ft,1.726,7
WjYCZ3tB,Tiafoe F.,Kovacevic A.,2,2,ou,24.50,over,ft,2.025,8
WjYCZ3tB,Tiafoe F.,Kovacevic A.,2,2,ou,24.50,under,ft,1.709,8
WjYCZ3tB,Tiafoe F.,Kovacevic A.,2,2,ou,25.00,over,ft,2.103,4
WjYCZ3tB,Tiafoe F.,Kovacevic A.,2,2,ou,25.00,under,ft,1.6,4
WjYCZ3tB,Tiafoe F.,Kovacevic A.,2,2,ou,25.50,over,ft,2.15,4
WjYCZ3tB,Tiafoe F.,Kovacevic A.,2,2,ou,25.50,under,ft,1.595,4
WjYCZ3tB,Tiafoe F.,Kovacevic A.,2,2,ou,26.00,over,ft,2.31,3
WjYCZ3tB,Tiafoe F.,Kovacevic A.,2,2,ou,26.00,under,ft,1.5,3
WjYCZ3tB,Tiafoe F.,Kovacevic A.,2,2,ou,26.50,over,ft,2.47,1
WjYCZ3tB,Tiafoe F.,Kovacevic A.,2,2,ou,26.50,under,ft,1.47,1
WjYCZ3tB,Tiafoe F.,Kovacevic A.,2,2,ou,27.50,over,ft,2.58,1
WjYCZ3tB,Tiafoe F.,Kovacevic A.,2,2,ou,27.50,under,ft,1.43,1
WjYCZ3tB,Tiafoe F.,Kovacevic A.,2,2,ou,28.50,over,ft,2.84,1
WjYCZ3tB,Tiafoe F.,Kovacevic A.,2,2,ou,28.50,under,ft,1.36,1
WjYCZ3tB,Tiafoe F.,Kovacevic A.,2,2,ou,29.50,over,ft,3.08,1
WjYCZ3tB,Tiafoe F.,Kovacevic A.,2,2,ou,29.50,under,ft,1.31,1
WjYCZ3tB,Tiafoe F.,Kovacevic A.,2,2,ou,30.50,over,ft,3.41,1
WjYCZ3tB,Tiafoe F.,Kovacevic A.,2,2,ou,30.50,under,ft,1.26,1
WjYCZ3tB,Tiafoe F.,Kovacevic A.,2,2,ou,31.50,over,ft,3.91,1
WjYCZ3tB,Tiafoe F.,Kovacevic A.,2,2,ou,31.50,under,ft,1.19,1
WjYCZ3tB,Tiafoe F.,Kovacevic A.,2,2,ou,32.50,over,ft,4.88,1
WjYCZ3tB,Tiafoe F.,Kovacevic A.,2,2,ou,32.50,under,ft,1.12,1
WjYCZ3tB,Tiafoe F.,Kovacevic A.,2,2,hc,1.50,home,ft,1.132,6
WjYCZ3tB,Tiafoe F.,Kovacevic A.,2,2,hc,1.50,away,ft,5.76,6
WjYCZ3tB,Tiafoe F.,Kovacevic A.,2,2,hc,-1.50,home,ft,2.026,8
WjYCZ3tB,Tiafoe F.,Kovacevic A.,2,2,hc,-1.50,away,ft,1.75,8
WjYCZ3tB,Tiafoe F.,Kovacevic A.,2,2,hc,0,home,ft,1.34,3
WjYCZ3tB,Tiafoe F.,Kovacevic A.,2,2,hc,0,away,ft,3.04,3
WjYCZ3tB,Tiafoe F.,Kovacevic A.,2,2,hc,-0.50,home,ft,1.4,3
WjYCZ3tB,Tiafoe F.,Kovacevic A.,2,2,hc,-0.50,away,ft,2.77,3
WjYCZ3tB,Tiafoe F.,Kovacevic A.,2,2,hc,-1.00,home,ft,1.37,3
WjYCZ3tB,Tiafoe F.,Kovacevic A.,2,2,hc,-1.00,away,ft,2.89,3
WjYCZ3tB,Tiafoe F.,Kovacevic A.,2,2,hc,-1.50,home,ft,1.485,6
WjYCZ3tB,Tiafoe F.,Kovacevic A.,2,2,hc,-1.50,away,ft,2.558,6
WjYCZ3tB,Tiafoe F.,Kovacevic A.,2,2,hc,-2.00,home,ft,1.533,6
WjYCZ3tB,Tiafoe F.,Kovacevic A.,2,2,hc,-2.00,away,ft,2.427,6
WjYCZ3tB,Tiafoe F.,Kovacevic A.,2,2,hc,-2.50,home,ft,1.67,8
WjYCZ3tB,Tiafoe F.,Kovacevic A.,2,2,hc,-2.50,away,ft,2.131,8
WjYCZ3tB,Tiafoe F.,Kovacevic A.,2,2,hc,-3.00,home,ft,1.848,6
WjYCZ3tB,Tiafoe F.,Kovacevic A.,2,2,hc,-3.00,away,ft,1.912,6
WjYCZ3tB,Tiafoe F.,Kovacevic A.,2,2,hc,-3.50,home,ft,2.066,7
WjYCZ3tB,Tiafoe F.,Kovacevic A.,2,2,hc,-3.50,away,ft,1.72,7
WjYCZ3tB,Tiafoe F.,Kovacevic A.,2,2,hc,-4.00,home,ft,2.63,6
WjYCZ3tB,Tiafoe F.,Kovacevic A.,2,2,hc,-4.00,away,ft,1.46,6
WjYCZ3tB,Tiafoe F.,Kovacevic A.,2,2,hc,-4.50,home,ft,2.932,6
WjYCZ3tB,Tiafoe F.,Kovacevic A.,2,2,hc,-4.50,away,ft,1.36,6
WjYCZ3tB,Tiafoe F.,Kovacevic A.,2,2,hc,-5.00,home,ft,4.35,3
WjYCZ3tB,Tiafoe F.,Kovacevic A.,2,2,hc,-5.00,away,ft,1.18,3
WjYCZ3tB,Tiafoe F.,Kovacevic A.,2,2,hc,-5.50,home,ft,4.9,3
WjYCZ3tB,Tiafoe F.,Kovacevic A.,2,2,hc,-5.50,away,ft,1.15,3
WjYCZ3tB,Tiafoe F.,Kovacevic A.,2,2,hc,-6.00,home,ft,7.9,3
WjYCZ3tB,Tiafoe F.,Kovacevic A.,2,2,hc,-6.00,away,ft,1.05,3
lMJHCzzi,Wu Y.,Shimabukuro S.,2,2,ou,2.50,over,ft,2.757,3
lMJHCzzi,Wu Y.,Shimabukuro S.,2,2,ou,2.50,under,ft,1.45,3
lMJHCzzi,Wu Y.,Shimabukuro S.,2,2,ou,16.50,over,ft,1.04,1
lMJHCzzi,Wu Y.,Shimabukuro S.,2,2,ou,16.50,under,ft,7.12,1
lMJHCzzi,Wu Y.,Shimabukuro S.,2,2,ou,17.50,over,ft,1.17,1
lMJHCzzi,Wu Y.,Shimabukuro S.,2,2,ou,17.50,under,ft,4.3,1
lMJHCzzi,Wu Y.,Shimabukuro S.,2,2,ou,18.50,over,ft,1.235,4
lMJHCzzi,Wu Y.,Shimabukuro S.,2,2,ou,18.50,under,ft,3.535,4
lMJHCzzi,Wu Y.,Shimabukuro S.,2,2,ou,19.00,over,ft,1.3,4
lMJHCzzi,Wu Y.,Shimabukuro S.,2,2,ou,19.00,under,ft,3.032,4
lMJHCzzi,Wu Y.,Shimabukuro S.,2,2,ou,19.50,over,ft,1.425,4
lMJHCzzi,Wu Y.,Shimabukuro S.,2,2,ou,19.50,under,ft,2.567,4
lMJHCzzi,Wu Y.,Shimabukuro S.,2,2,ou,20.00,over,ft,1.49,4
lMJHCzzi,Wu Y.,Shimabukuro S.,2,2,ou,20.00,under,ft,2.393,4
lMJHCzzi,Wu Y.,Shimabukuro S.,2,2,ou,20.50,over,ft,1.629,9
lMJHCzzi,Wu Y.,Shimabukuro S.,2,2,ou,20.50,under,ft,2.18,9
lMJHCzzi,Wu Y.,Shimabukuro S.,2,2,ou,21.00,over,ft,1.727,7
lMJHCzzi,Wu Y.,Shimabukuro S.,2,2,ou,21.00,under,ft,2.044,7
lMJHCzzi,Wu Y.,Shimabukuro S.,2,2,ou,21.50,over,ft,1.821,9
lMJHCzzi,Wu Y.,Shimabukuro S.,2,2,ou,21.50,under,ft,1.927,9
lMJHCzzi,Wu Y.,Shimabukuro S.,2,2,ou,22.00,over,ft,1.974,7
lMJHCzzi,Wu Y.,Shimabukuro S.,2,2,ou,22.00,under,ft,1.779,7
lMJHCzzi,Wu Y.,Shimabukuro S.,2,2,ou,22.50,over,ft,2.077,9
lMJHCzzi,Wu Y.,Shimabukuro S.,2,2,ou,22.50,under,ft,1.687,9
lMJHCzzi,Wu Y.,Shimabukuro S.,2,2,ou,23.00,over,ft,2.203,7
lMJHCzzi,Wu Y.,Shimabukuro S.,2,2,ou,23.00,under,ft,1.606,7
lMJHCzzi,Wu Y.,Shimabukuro S.,2,2,ou,23.50,over,ft,2.282,4
lMJHCzzi,Wu Y.,Shimabukuro S.,2,2,ou,23.50,under,ft,1.532,4
lMJHCzzi,Wu Y.,Shimabukuro S.,2,2,ou,24.00,over,ft,2.31,4
lMJHCzzi,Wu Y.,Shimabukuro S.,2,2,ou,24.00,under,ft,1.498,4
lMJHCzzi,Wu Y.,Shimabukuro S.,2,2,ou,24.50,over,ft,2.367,4
lMJHCzzi,Wu Y.,Shimabukuro S.,2,2,ou,24.50,under,ft,1.498,4
lMJHCzzi,Wu Y.,Shimabukuro S.,2,2,ou,25.50,over,ft,2.623,4
lMJHCzzi,Wu Y.,Shimabukuro S.,2,2,ou,25.50,under,ft,1.407,4
lMJHCzzi,Wu Y.,Shimabukuro S.,2,2,ou,26.50,over,ft,2.975,4
lMJHCzzi,Wu Y.,Shimabukuro S.,2,2,ou,26.50,under,ft,1.323,4
lMJHCzzi,Wu Y.,Shimabukuro S.,2,2,ou,27.50,over,ft,3.35,4
lMJHCzzi,Wu Y.,Shimabukuro S.,2,2,ou,27.50,under,ft,1.262,4
lMJHCzzi,Wu Y.,Shimabukuro S.,2,2,ou,28.50,over,ft,3.28,1
lMJHCzzi,Wu Y.,Shimabukuro S.,2,2,ou,28.50,under,ft,1.27,1
lMJHCzzi,Wu Y.,Shimabukuro S.,2,2,ou,29.50,over,ft,3.77,1
lMJHCzzi,Wu Y.,Shimabukuro S.,2,2,ou,29.50,under,ft,1.21,1
lMJHCzzi,Wu Y.,Shimabukuro S.,2,2,ou,30.50,over,ft,4.31,1
lMJHCzzi,Wu Y.,Shimabukuro S.,2,2,ou,30.50,under,ft,1.16,1
lMJHCzzi,Wu Y.,Shimabukuro S.,2,2,ou,31.50,over,ft,5.27,1
lMJHCzzi,Wu Y.,Shimabukuro S.,2,2,ou,31.50,under,ft,1.11,1
lMJHCzzi,Wu Y.,Shimabukuro S.,2,2,hc,1.50,home,ft,1.125,6
lMJHCzzi,Wu Y.,Shimabukuro S.,2,2,hc,1.50,away,ft,5.723,6
lMJHCzzi,Wu Y.,Shimabukuro S.,2,2,hc,-1.50,home,ft,1.863,8
lMJHCzzi,Wu Y.,Shimabukuro S.,2,2,hc,-1.50,away,ft,1.891,8
lMJHCzzi,Wu Y.,Shimabukuro S.,2,2,hc,-1.00,home,ft,1.33,3
lMJHCzzi,Wu Y.,Shimabukuro S.,2,2,hc,-1.00,away,ft,3.1,3
lMJHCzzi,Wu Y.,Shimabukuro S.,2,2,hc,-1.50,home,ft,1.38,3
lMJHCzzi,Wu Y.,Shimabukuro S.,2,2,hc,-1.50,away,ft,2.85,3
lMJHCzzi,Wu Y.,Shimabukuro S.,2,2,hc,-2.00,home,ft,1.42,3
lMJHCzzi,Wu Y.,Shimabukuro S.,2,2,hc,-2.00,away,ft,2.69,3
lMJHCzzi,Wu Y.,Shimabukuro S.,2,2,hc,-2.50,home,ft,1.52,7
lMJHCzzi,Wu Y.,Shimabukuro S.,2,2,hc,-2.50,away,ft,2.443,7
lMJHCzzi,Wu Y.,Shimabukuro S.,2,2,hc,-3.00,home,ft,1.575,6
lMJHCzzi,Wu Y.,Shimabukuro S.,2,2,hc,-3.00,away,ft,2.32,6
lMJHCzzi,Wu Y.,Shimabukuro S.,2,2,hc,-3.50,home,ft,1.694,8
lMJHCzzi,Wu Y.,Shimabukuro S.,2,2,hc,-3.50,away,ft,2.112,8
lMJHCzzi,Wu Y.,Shimabukuro S.,2,2,hc,-4.00,home,ft,1.907,6
lMJHCzzi,Wu Y.,Shimabukuro S.,2,2,hc,-4.00,away,ft,1.853,6
lMJHCzzi,Wu Y.,Shimabukuro S.,2,2,hc,-4.50,home,ft,2.161,8
lMJHCzzi,Wu Y.,Shimabukuro S.,2,2,hc,-4.50,away,ft,1.657,8
lMJHCzzi,Wu Y.,Shimabukuro S.,2,2,hc,-5.00,home,ft,2.66,6
lMJHCzzi,Wu Y.,Shimabukuro S.,2,2,hc,-5.00,away,ft,1.45,6
lMJHCzzi,Wu Y.,Shimabukuro S.,2,2,hc,-5.50,home,ft,2.784,5
lMJHCzzi,Wu Y.,Shimabukuro S.,2,2,hc,-5.50,away,ft,1.43,5
lMJHCzzi,Wu Y.,Shimabukuro S.,2,2,hc,-6.00,home,ft,4.25,3
lMJHCzzi,Wu Y.,Shimabukuro S.,2,2,hc,-6.00,away,ft,1.19,3
lMJHCzzi,Wu Y.,Shimabukuro S.,2,2,hc,-6.50,home,ft,4.38,3
lMJHCzzi,Wu Y.,Shimabukuro S.,2,2,hc,-6.50,away,ft,1.16,3
lMJHCzzi,Wu Y.,Shimabukuro S.,2,2,hc,-7.00,home,ft,7.08,3
lMJHCzzi,Wu Y.,Shimabukuro S.,2,2,hc,-7.00,away,ft,1.05,3
Wbp8rmHR,Nakashima B.,Kypson P.,2,2,ou,2.50,over,ft,2.567,3
Wbp8rmHR,Nakashima B.,Kypson P.,2,2,ou,2.50,under,ft,1.51,3
Wbp8rmHR,Nakashima B.,Kypson P.,2,2,ou,16.50,under,ft,11.22,1
Wbp8rmHR,Nakashima B.,Kypson P.,2,2,ou,17.50,over,ft,1.05,1
Wbp8rmHR,Nakashima B.,Kypson P.,2,2,ou,17.50,under,ft,6.64,1
Wbp8rmHR,Nakashima B.,Kypson P.,2,2,ou,18.50,over,ft,1.16,1
Wbp8rmHR,Nakashima B.,Kypson P.,2,2,ou,18.50,under,ft,4.44,1
Wbp8rmHR,Nakashima B.,Kypson P.,2,2,ou,19.50,over,ft,1.28,1
Wbp8rmHR,Nakashima B.,Kypson P.,2,2,ou,19.50,under,ft,3.27,1
Wbp8rmHR,Nakashima B.,Kypson P.,2,2,ou,20.00,over,ft,1.288,4
Wbp8rmHR,Nakashima B.,Kypson P.,2,2,ou,20.00,under,ft,3.117,4
Wbp8rmHR,Nakashima B.,Kypson P.,2,2,ou,20.50,over,ft,1.395,4
Wbp8rmHR,Nakashima B.,Kypson P.,2,2,ou,20.50,under,ft,2.663,4
Wbp8rmHR,Nakashima B.,Kypson P.,2,2,ou,21.00,over,ft,1.44,4
Wbp8rmHR,Nakashima B.,Kypson P.,2,2,ou,21.00,under,ft,2.535,4
Wbp8rmHR,Nakashima B.,Kypson P.,2,2,ou,21.50,over,ft,1.552,9
Wbp8rmHR,Nakashima B.,Kypson P.,2,2,ou,21.50,under,ft,2.342,9
Wbp8rmHR,Nakashima B.,Kypson P.,2,2,ou,22.00,over,ft,1.66,7
Wbp8rmHR,Nakashima B.,Kypson P.,2,2,ou,22.00,under,ft,2.147,7
Wbp8rmHR,Nakashima B.,Kypson P.,2,2,ou,22.50,over,ft,1.829,9
Wbp8rmHR,Nakashima B.,Kypson P.,2,2,ou,22.50,under,ft,1.92,9
Wbp8rmHR,Nakashima B.,Kypson P.,2,2,ou,23.00,over,ft,1.97,7
Wbp8rmHR,Nakashima B.,Kypson P.,2,2,ou,23.00,under,ft,1.784,7
Wbp8rmHR,Nakashima B.,Kypson P.,2,2,ou,23.50,over,ft,2.086,9
Wbp8rmHR,Nakashima B.,Kypson P.,2,2,ou,23.50,under,ft,1.683,9
Wbp8rmHR,Nakashima B.,Kypson P.,2,2,ou,24.00,over,ft,2.105,6
Wbp8rmHR,Nakashima B.,Kypson P.,2,2,ou,24.00,under,ft,1.668,6
Wbp8rmHR,Nakashima B.,Kypson P.,2,2,ou,24.50,over,ft,2.074,5
Wbp8rmHR,Nakashima B.,Kypson P.,2,2,ou,24.50,under,ft,1.636,5
Wbp8rmHR,Nakashima B.,Kypson P.,2,2,ou,25.00,over,ft,2.15,4
Wbp8rmHR,Nakashima B.,Kypson P.,2,2,ou,25.00,under,ft,1.578,4
Wbp8rmHR,Nakashima B.,Kypson P.,2,2,ou,25.50,over,ft,2.21,1
Wbp8rmHR,Nakashima B.,Kypson P.,2,2,ou,25.50,under,ft,1.58,1
Wbp8rmHR,Nakashima B.,Kypson P.,2,2,ou,26.50,over,ft,2.51,1
Wbp8rmHR,Nakashima B.,Kypson P.,2,2,ou,26.50,under,ft,1.45,1
Wbp8rmHR,Nakashima B.,Kypson P.,2,2,ou,27.50,over,ft,2.69,1
Wbp8rmHR,Nakashima B.,Kypson P.,2,2,ou,27.50,under,ft,1.4,1
Wbp8rmHR,Nakashima B.,Kypson P.,2,2,ou,28.50,over,ft,2.94,1
Wbp8rmHR,Nakashima B.,Kypson P.,2,2,ou,28.50,under,ft,1.34,1
Wbp8rmHR,Nakashima B.,Kypson P.,2,2,ou,29.50,over,ft,3.21,1
Wbp8rmHR,Nakashima B.,Kypson P.,2,2,ou,29.50,under,ft,1.29,1
Wbp8rmHR,Nakashima B.,Kypson P.,2,2,ou,30.50,over,ft,3.54,1
Wbp8rmHR,Nakashima B.,Kypson P.,2,2,ou,30.50,under,ft,1.24,1
Wbp8rmHR,Nakashima B.,Kypson P.,2,2,ou,31.50,over,ft,4.27,1
Wbp8rmHR,Nakashima B.,Kypson P.,2,2,ou,31.50,under,ft,1.17,1
Wbp8rmHR,Nakashima B.,Kypson P.,2,2,ou,32.50,over,ft,5.37,1
Wbp8rmHR,Nakashima B.,Kypson P.,2,2,ou,32.50,under,ft,1.1,1
Wbp8rmHR,Nakashima B.,Kypson P.,2,2,hc,1.50,home,ft,1.185,6
Wbp8rmHR,Nakashima B.,Kypson P.,2,2,hc,1.50,away,ft,4.618,6
Wbp8rmHR,Nakashima B.,Kypson P.,2,2,hc,-1.50,home,ft,2.172,8
Wbp8rmHR,Nakashima B.,Kypson P.,2,2,hc,-1.50,away,ft,1.655,8
Wbp8rmHR,Nakashima B.,Kypson P.,2,2,hc,0,home,ft,1.41,3
Wbp8rmHR,Nakashima B.,Kypson P.,2,2,hc,0,away,ft,2.73,3
Wbp8rmHR,Nakashima B.,Kypson P.,2,2,hc,-0.50,home,ft,1.46,3
Wbp8rmHR,Nakashima B.,Kypson P.,2,2,hc,-0.50,away,ft,2.56,3
Wbp8rmHR,Nakashima B.,Kypson P.,2,2,hc,-1.00,home,ft,1.5,3
Wbp8rmHR,Nakashima B.,Kypson P.,2,2,hc,-1.00,away,ft,2.45,3
Wbp8rmHR,Nakashima B.,Kypson P.,2,2,hc,-1.50,home,ft,1.577,7
Wbp8rmHR,Nakashima B.,Kypson P.,2,2,hc,-1.50,away,ft,2.31,7
Wbp8rmHR,Nakashima B.,Kypson P.,2,2,hc,-2.00,home,ft,1.637,6
Wbp8rmHR,Nakashima B.,Kypson P.,2,2,hc,-2.00,away,ft,2.202,6
Wbp8rmHR,Nakashima B.,Kypson P.,2,2,hc,-2.50,home,ft,1.751,8
Wbp8rmHR,Nakashima B.,Kypson P.,2,2,hc,-2.50,away,ft,2.016,8
Wbp8rmHR,Nakashima B.,Kypson P.,2,2,hc,-3.00,home,ft,1.932,6
Wbp8rmHR,Nakashima B.,Kypson P.,2,2,hc,-3.00,away,ft,1.83,6
Wbp8rmHR,Nakashima B.,Kypson P.,2,2,hc,-3.50,home,ft,2.146,8
Wbp8rmHR,Nakashima B.,Kypson P.,2,2,hc,-3.50,away,ft,1.651,8
Wbp8rmHR,Nakashima B.,Kypson P.,2,2,hc,-4.00,home,ft,2.58,6
Wbp8rmHR,Nakashima B.,Kypson P.,2,2,hc,-4.00,away,ft,1.473,6
Wbp8rmHR,Nakashima B.,Kypson P.,2,2,hc,-4.50,home,ft,2.878,5
Wbp8rmHR,Nakashima B.,Kypson P.,2,2,hc,-4.50,away,ft,1.376,5
Wbp8rmHR,Nakashima B.,Kypson P.,2,2,hc,-5.00,home,ft,4.2,3
Wbp8rmHR,Nakashima B.,Kypson P.,2,2,hc,-5.00,away,ft,1.2,3
Wbp8rmHR,Nakashima B.,Kypson P.,2,2,hc,-5.50,home,ft,4.33,3
Wbp8rmHR,Nakashima B.,Kypson P.,2,2,hc,-5.50,away,ft,1.16,3
Wbp8rmHR,Nakashima B.,Kypson P.,2,2,hc,-6.00,home,ft,6.69,3
Wbp8rmHR,Nakashima B.,Kypson P.,2,2,hc,-6.00,away,ft,1.06,3
jDWdwnsn,Zverev A.,Kecmanovic M.,1,1,ou,2.50,over,ft,2.993,3
jDWdwnsn,Zverev A.,Kecmanovic M.,1,1,ou,2.50,under,ft,1.393,3
jDWdwnsn,Zverev A.,Kecmanovic M.,1,1,ou,16.50,over,ft,1.06,1
jDWdwnsn,Zverev A.,Kecmanovic M.,1,1,ou,16.50,under,ft,6.58,1
jDWdwnsn,Zverev A.,Kecmanovic M.,1,1,ou,17.50,over,ft,1.16,1
jDWdwnsn,Zverev A.,Kecmanovic M.,1,1,ou,17.50,under,ft,4.36,1
jDWdwnsn,Zverev A.,Kecmanovic M.,1,1,ou,18.00,over,ft,1.22,4
jDWdwnsn,Zverev A.,Kecmanovic M.,1,1,ou,18.00,under,ft,3.583,4
jDWdwnsn,Zverev A.,Kecmanovic M.,1,1,ou,18.50,over,ft,1.335,4
jDWdwnsn,Zverev A.,Kecmanovic M.,1,1,ou,18.50,under,ft,2.938,4
jDWdwnsn,Zverev A.,Kecmanovic M.,1,1,ou,19.00,over,ft,1.28,4
jDWdwnsn,Zverev A.,Kecmanovic M.,1,1,ou,19.00,under,ft,3.133,4
jDWdwnsn,Zverev A.,Kecmanovic M.,1,1,ou,19.50,over,ft,1.46,6
jDWdwnsn,Zverev A.,Kecmanovic M.,1,1,ou,19.50,under,ft,2.508,6
jDWdwnsn,Zverev A.,Kecmanovic M.,1,1,ou,20.00,over,ft,1.494,5
jDWdwnsn,Zverev A.,Kecmanovic M.,1,1,ou,20.00,under,ft,2.388,5
jDWdwnsn,Zverev A.,Kecmanovic M.,1,1,ou,20.50,over,ft,1.648,9
jDWdwnsn,Zverev A.,Kecmanovic M.,1,1,ou,20.50,under,ft,2.144,9
jDWdwnsn,Zverev A.,Kecmanovic M.,1,1,ou,21.00,over,ft,1.731,7
jDWdwnsn,Zverev A.,Kecmanovic M.,1,1,ou,21.00,under,ft,2.034,7
jDWdwnsn,Zverev A.,Kecmanovic M.,1,1,ou,21.50,over,ft,1.904,9
jDWdwnsn,Zverev A.,Kecmanovic M.,1,1,ou,21.50,under,ft,1.874,9
jDWdwnsn,Zverev A.,Kecmanovic M.,1,1,ou,22.00,over,ft,2.004,7
jDWdwnsn,Zverev A.,Kecmanovic M.,1,1,ou,22.00,under,ft,1.759,7
jDWdwnsn,Zverev A.,Kecmanovic M.,1,1,ou,22.50,over,ft,2.168,9
jDWdwnsn,Zverev A.,Kecmanovic M.,1,1,ou,22.50,under,ft,1.64,9
jDWdwnsn,Zverev A.,Kecmanovic M.,1,1,ou,23.00,over,ft,2.248,4
jDWdwnsn,Zverev A.,Kecmanovic M.,1,1,ou,23.00,under,ft,1.552,4
jDWdwnsn,Zverev A.,Kecmanovic M.,1,1,ou,23.50,over,ft,2.388,4
jDWdwnsn,Zverev A.,Kecmanovic M.,1,1,ou,23.50,under,ft,1.49,4
jDWdwnsn,Zverev A.,Kecmanovic M.,1,1,ou,24.00,over,ft,2.39,4
jDWdwnsn,Zverev A.,Kecmanovic M.,1,1,ou,24.00,under,ft,1.468,4
jDWdwnsn,Zverev A.,Kecmanovic M.,1,1,ou,24.50,over,ft,2.52,1
jDWdwnsn,Zverev A.,Kecmanovic M.,1,1,ou,24.50,under,ft,1.45,1
jDWdwnsn,Zverev A.,Kecmanovic M.,1,1,ou,25.50,over,ft,2.73,1
jDWdwnsn,Zverev A.,Kecmanovic M.,1,1,ou,25.50,under,ft,1.39,1
jDWdwnsn,Zverev A.,Kecmanovic M.,1,1,ou,26.50,over,ft,3.07,1
jDWdwnsn,Zverev A.,Kecmanovic M.,1,1,ou,26.50,under,ft,1.31,1
jDWdwnsn,Zverev A.,Kecmanovic M.,1,1,ou,27.50,over,ft,3.33,1
jDWdwnsn,Zverev A.,Kecmanovic M.,1,1,ou,27.50,under,ft,1.27,1
jDWdwnsn,Zverev A.,Kecmanovic M.,1,1,ou,28.50,over,ft,3.59,1
jDWdwnsn,Zverev A.,Kecmanovic M.,1,1,ou,28.50,under,ft,1.23,1
jDWdwnsn,Zverev A.,Kecmanovic M.,1,1,ou,29.50,over,ft,4.05,1
jDWdwnsn,Zverev A.,Kecmanovic M.,1,1,ou,29.50,under,ft,1.18,1
jDWdwnsn,Zverev A.,Kecmanovic M.,1,1,ou,30.50,over,ft,4.72,1
jDWdwnsn,Zverev A.,Kecmanovic M.,1,1,ou,30.50,under,ft,1.14,1
jDWdwnsn,Zverev A.,Kecmanovic M.,1,1,ou,31.50,over,ft,5.63,1
jDWdwnsn,Zverev A.,Kecmanovic M.,1,1,ou,31.50,under,ft,1.09,1
jDWdwnsn,Zverev A.,Kecmanovic M.,1,1,hc,1.50,home,ft,1.078,6
jDWdwnsn,Zverev A.,Kecmanovic M.,1,1,hc,1.50,away,ft,7.783,6
jDWdwnsn,Zverev A.,Kecmanovic M.,1,1,hc,-1.50,home,ft,1.657,8
jDWdwnsn,Zverev A.,Kecmanovic M.,1,1,hc,-1.50,away,ft,2.167,8
jDWdwnsn,Zverev A.,Kecmanovic M.,1,1,hc,-2.00,home,ft,1.29,3
jDWdwnsn,Zverev A.,Kecmanovic M.,1,1,hc,-2.00,away,ft,3.347,3
jDWdwnsn,Zverev A.,Kecmanovic M.,1,1,hc,-2.50,home,ft,1.37,3
jDWdwnsn,Zverev A.,Kecmanovic M.,1,1,hc,-2.50,away,ft,2.89,3
jDWdwnsn,Zverev A.,Kecmanovic M.,1,1,hc,-3.00,home,ft,1.438,6
jDWdwnsn,Zverev A.,Kecmanovic M.,1,1,hc,-3.00,away,ft,2.697,6
jDWdwnsn,Zverev A.,Kecmanovic M.,1,1,hc,-3.50,home,ft,1.596,8
jDWdwnsn,Zverev A.,Kecmanovic M.,1,1,hc,-3.50,away,ft,2.266,8
jDWdwnsn,Zverev A.,Kecmanovic M.,1,1,hc,-4.00,home,ft,1.79,6
jDWdwnsn,Zverev A.,Kecmanovic M.,1,1,hc,-4.00,away,ft,1.983,6
jDWdwnsn,Zverev A.,Kecmanovic M.,1,1,hc,-4.50,home,ft,2.05,7
jDWdwnsn,Zverev A.,Kecmanovic M.,1,1,hc,-4.50,away,ft,1.769,7
jDWdwnsn,Zverev A.,Kecmanovic M.,1,1,hc,-5.00,home,ft,2.578,6
jDWdwnsn,Zverev A.,Kecmanovic M.,1,1,hc,-5.00,away,ft,1.475,6
jDWdwnsn,Zverev A.,Kecmanovic M.,1,1,hc,-5.50,home,ft,2.907,8
jDWdwnsn,Zverev A.,Kecmanovic M.,1,1,hc,-5.50,away,ft,1.379,8
jDWdwnsn,Zverev A.,Kecmanovic M.,1,1,hc,-6.00,home,ft,4.217,3
jDWdwnsn,Zverev A.,Kecmanovic M.,1,1,hc,-6.00,away,ft,1.19,3
jDWdwnsn,Zverev A.,Kecmanovic M.,1,1,hc,-6.50,home,ft,4.75,3
jDWdwnsn,Zverev A.,Kecmanovic M.,1,1,hc,-6.50,away,ft,1.16,3
jDWdwnsn,Zverev A.,Kecmanovic M.,1,1,hc,-7.00,home,ft,8.033,3
jDWdwnsn,Zverev A.,Kecmanovic M.,1,1,hc,-7.00,away,ft,1.05,3
8IUrxrpJ,Atmane T.,Jodar R.,2,2,ou,2.50,over,ft,2.54,3
8IUrxrpJ,Atmane T.,Jodar R.,2,2,ou,2.50,under,ft,1.52,3
8IUrxrpJ,Atmane T.,Jodar R.,2,2,ou,16.50,over,ft,1.02,1
8IUrxrpJ,Atmane T.,Jodar R.,2,2,ou,16.50,under,ft,8.34,1
8IUrxrpJ,Atmane T.,Jodar R.,2,2,ou,17.50,over,ft,1.14,1
8IUrxrpJ,Atmane T.,Jodar R.,2,2,ou,17.50,under,ft,4.62,1
8IUrxrpJ,Atmane T.,Jodar R.,2,2,ou,18.50,over,ft,1.24,1
8IUrxrpJ,Atmane T.,Jodar R.,2,2,ou,18.50,under,ft,3.54,1
8IUrxrpJ,Atmane T.,Jodar R.,2,2,ou,19.00,over,ft,1.265,4
8IUrxrpJ,Atmane T.,Jodar R.,2,2,ou,19.00,under,ft,3.252,4
8IUrxrpJ,Atmane T.,Jodar R.,2,2,ou,19.50,over,ft,1.38,4
8IUrxrpJ,Atmane T.,Jodar R.,2,2,ou,19.50,under,ft,2.728,4
8IUrxrpJ,Atmane T.,Jodar R.,2,2,ou,20.00,over,ft,1.39,4
8IUrxrpJ,Atmane T.,Jodar R.,2,2,ou,20.00,under,ft,2.623,4
8IUrxrpJ,Atmane T.,Jodar R.,2,2,ou,20.50,over,ft,1.532,5
8IUrxrpJ,Atmane T.,Jodar R.,2,2,ou,20.50,under,ft,2.3,5
8IUrxrpJ,Atmane T.,Jodar R.,2,2,ou,21.00,over,ft,1.607,7
8IUrxrpJ,Atmane T.,Jodar R.,2,2,ou,21.00,under,ft,2.216,7
8IUrxrpJ,Atmane T.,Jodar R.,2,2,ou,21.50,over,ft,1.701,9
8IUrxrpJ,Atmane T.,Jodar R.,2,2,ou,21.50,under,ft,2.069,9
8IUrxrpJ,Atmane T.,Jodar R.,2,2,ou,22.00,over,ft,1.839,7
8IUrxrpJ,Atmane T.,Jodar R.,2,2,ou,22.00,under,ft,1.911,7
8IUrxrpJ,Atmane T.,Jodar R.,2,2,ou,22.50,over,ft,1.998,9
8IUrxrpJ,Atmane T.,Jodar R.,2,2,ou,22.50,under,ft,1.793,9
8IUrxrpJ,Atmane T.,Jodar R.,2,2,ou,23.00,over,ft,2.116,7
8IUrxrpJ,Atmane T.,Jodar R.,2,2,ou,23.00,under,ft,1.679,7
8IUrxrpJ,Atmane T.,Jodar R.,2,2,ou,23.50,over,ft,2.191,9
8IUrxrpJ,Atmane T.,Jodar R.,2,2,ou,23.50,under,ft,1.619,9
8IUrxrpJ,Atmane T.,Jodar R.,2,2,ou,24.00,over,ft,2.198,4
8IUrxrpJ,Atmane T.,Jodar R.,2,2,ou,24.00,under,ft,1.578,4
8IUrxrpJ,Atmane T.,Jodar R.,2,2,ou,24.50,over,ft,2.22,4
8IUrxrpJ,Atmane T.,Jodar R.,2,2,ou,24.50,under,ft,1.56,4
8IUrxrpJ,Atmane T.,Jodar R.,2,2,ou,25.00,over,ft,2.315,4
8IUrxrpJ,Atmane T.,Jodar R.,2,2,ou,25.00,under,ft,1.495,4
8IUrxrpJ,Atmane T.,Jodar R.,2,2,ou,25.50,over,ft,2.45,1
8IUrxrpJ,Atmane T.,Jodar R.,2,2,ou,25.50,under,ft,1.47,1
8IUrxrpJ,Atmane T.,Jodar R.,2,2,ou,26.50,over,ft,2.75,1
8IUrxrpJ,Atmane T.,Jodar R.,2,2,ou,26.50,under,ft,1.38,1
8IUrxrpJ,Atmane T.,Jodar R.,2,2,ou,27.50,over,ft,2.98,1
8IUrxrpJ,Atmane T.,Jodar R.,2,2,ou,27.50,under,ft,1.33,1
8IUrxrpJ,Atmane T.,Jodar R.,2,2,ou,28.50,over,ft,3.3,1
8IUrxrpJ,Atmane T.,Jodar R.,2,2,ou,28.50,under,ft,1.27,1
8IUrxrpJ,Atmane T.,Jodar R.,2,2,ou,29.50,over,ft,3.73,1
8IUrxrpJ,Atmane T.,Jodar R.,2,2,ou,29.50,under,ft,1.21,1
8IUrxrpJ,Atmane T.,Jodar R.,2,2,ou,30.50,over,ft,4.41,1
8IUrxrpJ,Atmane T.,Jodar R.,2,2,ou,30.50,under,ft,1.16,1
8IUrxrpJ,Atmane T.,Jodar R.,2,2,ou,31.50,over,ft,5.38,1
8IUrxrpJ,Atmane T.,Jodar R.,2,2,ou,31.50,under,ft,1.1,1
8IUrxrpJ,Atmane T.,Jodar R.,2,2,hc,1.50,home,ft,1.729,8
8IUrxrpJ,Atmane T.,Jodar R.,2,2,hc,1.50,away,ft,2.054,8
8IUrxrpJ,Atmane T.,Jodar R.,2,2,hc,-1.50,home,ft,5.032,6
8IUrxrpJ,Atmane T.,Jodar R.,2,2,hc,-1.50,away,ft,1.162,6
8IUrxrpJ,Atmane T.,Jodar R.,2,2,hc,1.00,home,ft,2.647,3
8IUrxrpJ,Atmane T.,Jodar R.,2,2,hc,1.00,away,ft,1.433,3
8IUrxrpJ,Atmane T.,Jodar R.,2,2,hc,1.50,home,ft,2.47,3
8IUrxrpJ,Atmane T.,Jodar R.,2,2,hc,1.50,away,ft,1.49,3
8IUrxrpJ,Atmane T.,Jodar R.,2,2,hc,2.00,home,ft,2.352,6
8IUrxrpJ,Atmane T.,Jodar R.,2,2,hc,2.00,away,ft,1.555,6
8IUrxrpJ,Atmane T.,Jodar R.,2,2,hc,2.50,home,ft,2.208,8
8IUrxrpJ,Atmane T.,Jodar R.,2,2,hc,2.50,away,ft,1.626,8
8IUrxrpJ,Atmane T.,Jodar R.,2,2,hc,3.00,home,ft,2.012,6
8IUrxrpJ,Atmane T.,Jodar R.,2,2,hc,3.00,away,ft,1.762,6
8IUrxrpJ,Atmane T.,Jodar R.,2,2,hc,3.50,home,ft,1.86,7
8IUrxrpJ,Atmane T.,Jodar R.,2,2,hc,3.50,away,ft,1.934,7
8IUrxrpJ,Atmane T.,Jodar R.,2,2,hc,4.00,home,ft,1.617,6
8IUrxrpJ,Atmane T.,Jodar R.,2,2,hc,4.00,away,ft,2.238,6
8IUrxrpJ,Atmane T.,Jodar R.,2,2,hc,4.50,home,ft,1.514,8
8IUrxrpJ,Atmane T.,Jodar R.,2,2,hc,4.50,away,ft,2.467,8
8IUrxrpJ,Atmane T.,Jodar R.,2,2,hc,5.00,home,ft,1.3,3
8IUrxrpJ,Atmane T.,Jodar R.,2,2,hc,5.00,away,ft,3.26,3
8IUrxrpJ,Atmane T.,Jodar R.,2,2,hc,5.50,home,ft,1.25,3
8IUrxrpJ,Atmane T.,Jodar R.,2,2,hc,5.50,away,ft,3.62,3
8IUrxrpJ,Atmane T.,Jodar R.,2,2,hc,6.00,home,ft,1.127,3
8IUrxrpJ,Atmane T.,Jodar R.,2,2,hc,6.00,away,ft,5.367,3
CnPFjsaC,Svrcina D.,Cobolli F.,0,0,ou,2.50,over,ft,2.287,3
CnPFjsaC,Svrcina D.,Cobolli F.,0,0,ou,2.50,under,ft,1.627,3
CnPFjsaC,Svrcina D.,Cobolli F.,0,0,ou,16.50,over,ft,1.03,1
CnPFjsaC,Svrcina D.,Cobolli F.,0,0,ou,16.50,under,ft,7.57,1
CnPFjsaC,Svrcina D.,Cobolli F.,0,0,ou,17.50,over,ft,1.12,1
CnPFjsaC,Svrcina D.,Cobolli F.,0,0,ou,17.50,under,ft,4.87,1
CnPFjsaC,Svrcina D.,Cobolli F.,0,0,ou,18.50,over,ft,1.22,1
CnPFjsaC,Svrcina D.,Cobolli F.,0,0,ou,18.50,under,ft,3.74,1
CnPFjsaC,Svrcina D.,Cobolli F.,0,0,ou,19.00,over,ft,1.27,4
CnPFjsaC,Svrcina D.,Cobolli F.,0,0,ou,19.00,under,ft,3.175,4
CnPFjsaC,Svrcina D.,Cobolli F.,0,0,ou,19.50,over,ft,1.387,4
CnPFjsaC,Svrcina D.,Cobolli F.,0,0,ou,19.50,under,ft,2.7,4
CnPFjsaC,Svrcina D.,Cobolli F.,0,0,ou,20.00,over,ft,1.415,4
CnPFjsaC,Svrcina D.,Cobolli F.,0,0,ou,20.00,under,ft,2.537,4
CnPFjsaC,Svrcina D.,Cobolli F.,0,0,ou,20.50,over,ft,1.568,6
CnPFjsaC,Svrcina D.,Cobolli F.,0,0,ou,20.50,under,ft,2.258,6
CnPFjsaC,Svrcina D.,Cobolli F.,0,0,ou,21.00,over,ft,1.631,7
CnPFjsaC,Svrcina D.,Cobolli F.,0,0,ou,21.00,under,ft,2.17,7
CnPFjsaC,Svrcina D.,Cobolli F.,0,0,ou,21.50,over,ft,1.708,9
CnPFjsaC,Svrcina D.,Cobolli F.,0,0,ou,21.50,under,ft,2.057,9
CnPFjsaC,Svrcina D.,Cobolli F.,0,0,ou,22.00,over,ft,1.839,7
CnPFjsaC,Svrcina D.,Cobolli F.,0,0,ou,22.00,under,ft,1.911,7
CnPFjsaC,Svrcina D.,Cobolli F.,0,0,ou,22.50,over,ft,1.973,9
CnPFjsaC,Svrcina D.,Cobolli F.,0,0,ou,22.50,under,ft,1.812,9
CnPFjsaC,Svrcina D.,Cobolli F.,0,0,ou,23.00,over,ft,2.071,7
CnPFjsaC,Svrcina D.,Cobolli F.,0,0,ou,23.00,under,ft,1.707,7
CnPFjsaC,Svrcina D.,Cobolli F.,0,0,ou,23.50,over,ft,2.166,7
CnPFjsaC,Svrcina D.,Cobolli F.,0,0,ou,23.50,under,ft,1.616,7
CnPFjsaC,Svrcina D.,Cobolli F.,0,0,ou,24.00,over,ft,2.19,4
CnPFjsaC,Svrcina D.,Cobolli F.,0,0,ou,24.00,under,ft,1.58,4
CnPFjsaC,Svrcina D.,Cobolli F.,0,0,ou,24.50,over,ft,2.2,4
CnPFjsaC,Svrcina D.,Cobolli F.,0,0,ou,24.50,under,ft,1.57,4
CnPFjsaC,Svrcina D.,Cobolli F.,0,0,ou,25.00,over,ft,2.335,4
CnPFjsaC,Svrcina D.,Cobolli F.,0,0,ou,25.00,under,ft,1.49,4
CnPFjsaC,Svrcina D.,Cobolli F.,0,0,ou,25.50,over,ft,2.36,1
CnPFjsaC,Svrcina D.,Cobolli F.,0,0,ou,25.50,under,ft,1.51,1
CnPFjsaC,Svrcina D.,Cobolli F.,0,0,ou,26.50,over,ft,2.64,1
CnPFjsaC,Svrcina D.,Cobolli F.,0,0,ou,26.50,under,ft,1.41,1
CnPFjsaC,Svrcina D.,Cobolli F.,0,0,ou,27.50,over,ft,2.9,1
CnPFjsaC,Svrcina D.,Cobolli F.,0,0,ou,27.50,under,ft,1.35,1
CnPFjsaC,Svrcina D.,Cobolli F.,0,0,ou,28.50,over,ft,3.16,1
CnPFjsaC,Svrcina D.,Cobolli F.,0,0,ou,28.50,under,ft,1.29,1
CnPFjsaC,Svrcina D.,Cobolli F.,0,0,ou,29.50,over,ft,3.53,1
CnPFjsaC,Svrcina D.,Cobolli F.,0,0,ou,29.50,under,ft,1.24,1
CnPFjsaC,Svrcina D.,Cobolli F.,0,0,ou,30.50,over,ft,4.16,1
CnPFjsaC,Svrcina D.,Cobolli F.,0,0,ou,30.50,under,ft,1.17,1
CnPFjsaC,Svrcina D.,Cobolli F.,0,0,ou,31.50,over,ft,5.12,1
CnPFjsaC,Svrcina D.,Cobolli F.,0,0,ou,31.50,under,ft,1.11,1
CnPFjsaC,Svrcina D.,Cobolli F.,0,0,hc,1.50,home,ft,1.508,8
CnPFjsaC,Svrcina D.,Cobolli F.,0,0,hc,1.50,away,ft,2.49,8
CnPFjsaC,Svrcina D.,Cobolli F.,0,0,hc,-1.50,home,ft,3.85,6
CnPFjsaC,Svrcina D.,Cobolli F.,0,0,hc,-1.50,away,ft,1.248,6
CnPFjsaC,Svrcina D.,Cobolli F.,0,0,hc,0,home,ft,2.35,3
CnPFjsaC,Svrcina D.,Cobolli F.,0,0,hc,0,away,ft,1.54,3
CnPFjsaC,Svrcina D.,Cobolli F.,0,0,hc,0.50,home,ft,2.194,5
CnPFjsaC,Svrcina D.,Cobolli F.,0,0,hc,0.50,away,ft,1.652,5
CnPFjsaC,Svrcina D.,Cobolli F.,0,0,hc,1.00,home,ft,2.135,6
CnPFjsaC,Svrcina D.,Cobolli F.,0,0,hc,1.00,away,ft,1.677,6
CnPFjsaC,Svrcina D.,Cobolli F.,0,0,hc,-1.00,home,ft,2.3,3
CnPFjsaC,Svrcina D.,Cobolli F.,0,0,hc,-1.00,away,ft,1.52,3
CnPFjsaC,Svrcina D.,Cobolli F.,0,0,hc,1.50,home,ft,2.041,8
CnPFjsaC,Svrcina D.,Cobolli F.,0,0,hc,1.50,away,ft,1.73,8
CnPFjsaC,Svrcina D.,Cobolli F.,0,0,hc,-1.50,home,ft,2.28,3
CnPFjsaC,Svrcina D.,Cobolli F.,0,0,hc,-1.50,away,ft,1.53,3
CnPFjsaC,Svrcina D.,Cobolli F.,0,0,hc,2.00,home,ft,1.947,6
CnPFjsaC,Svrcina D.,Cobolli F.,0,0,hc,2.00,away,ft,1.818,6
CnPFjsaC,Svrcina D.,Cobolli F.,0,0,hc,-2.00,home,ft,1.9,1
CnPFjsaC,Svrcina D.,Cobolli F.,0,0,hc,-2.00,away,ft,1.93,1
CnPFjsaC,Svrcina D.,Cobolli F.,0,0,hc,2.50,home,ft,1.903,7
CnPFjsaC,Svrcina D.,Cobolli F.,0,0,hc,2.50,away,ft,1.891,7
CnPFjsaC,Svrcina D.,Cobolli F.,0,0,hc,3.00,home,ft,1.723,6
CnPFjsaC,Svrcina D.,Cobolli F.,0,0,hc,3.00,away,ft,2.063,6
CnPFjsaC,Svrcina D.,Cobolli F.,0,0,hc,3.50,home,ft,1.64,8
CnPFjsaC,Svrcina D.,Cobolli F.,0,0,hc,3.50,away,ft,2.189,8
CnPFjsaC,Svrcina D.,Cobolli F.,0,0,hc,4.00,home,ft,1.47,3
CnPFjsaC,Svrcina D.,Cobolli F.,0,0,hc,4.00,away,ft,2.53,3
CnPFjsaC,Svrcina D.,Cobolli F.,0,0,hc,4.50,home,ft,1.422,4
CnPFjsaC,Svrcina D.,Cobolli F.,0,0,hc,4.50,away,ft,2.705,4
CnPFjsaC,Svrcina D.,Cobolli F.,0,0,hc,5.00,home,ft,1.257,3
CnPFjsaC,Svrcina D.,Cobolli F.,0,0,hc,5.00,away,ft,3.567,3
0SLND6EL,Mannarino A.,Shimabukuro S.,0,0,ou,2.50,over,ft,2.327,3
0SLND6EL,Mannarino A.,Shimabukuro S.,0,0,ou,2.50,under,ft,1.57,3
0SLND6EL,Mannarino A.,Shimabukuro S.,0,0,ou,16.50,over,ft,1.02,1
0SLND6EL,Mannarino A.,Shimabukuro S.,0,0,ou,16.50,under,ft,8.89,1
0SLND6EL,Mannarino A.,Shimabukuro S.,0,0,ou,17.50,over,ft,1.12,1
0SLND6EL,Mannarino A.,Shimabukuro S.,0,0,ou,17.50,under,ft,4.87,1
0SLND6EL,Mannarino A.,Shimabukuro S.,0,0,ou,18.50,over,ft,1.22,1
0SLND6EL,Mannarino A.,Shimabukuro S.,0,0,ou,18.50,under,ft,3.78,1
0SLND6EL,Mannarino A.,Shimabukuro S.,0,0,ou,19.00,over,ft,1.228,4
0SLND6EL,Mannarino A.,Shimabukuro S.,0,0,ou,19.00,under,ft,3.445,4
0SLND6EL,Mannarino A.,Shimabukuro S.,0,0,ou,19.50,over,ft,1.333,4
0SLND6EL,Mannarino A.,Shimabukuro S.,0,0,ou,19.50,under,ft,2.942,4
0SLND6EL,Mannarino A.,Shimabukuro S.,0,0,ou,20.00,over,ft,1.382,4
0SLND6EL,Mannarino A.,Shimabukuro S.,0,0,ou,20.00,under,ft,2.93,4
0SLND6EL,Mannarino A.,Shimabukuro S.,0,0,ou,20.50,over,ft,1.526,7
0SLND6EL,Mannarino A.,Shimabukuro S.,0,0,ou,20.50,under,ft,2.426,7
0SLND6EL,Mannarino A.,Shimabukuro S.,0,0,ou,21.00,over,ft,1.567,6
0SLND6EL,Mannarino A.,Shimabukuro S.,0,0,ou,21.00,under,ft,2.335,6
0SLND6EL,Mannarino A.,Shimabukuro S.,0,0,ou,21.50,over,ft,1.647,8
0SLND6EL,Mannarino A.,Shimabukuro S.,0,0,ou,21.50,under,ft,2.165,8
0SLND6EL,Mannarino A.,Shimabukuro S.,0,0,ou,22.00,over,ft,1.782,6
0SLND6EL,Mannarino A.,Shimabukuro S.,0,0,ou,22.00,under,ft,2.008,6
0SLND6EL,Mannarino A.,Shimabukuro S.,0,0,ou,22.50,over,ft,1.907,8
0SLND6EL,Mannarino A.,Shimabukuro S.,0,0,ou,22.50,under,ft,1.853,8
0SLND6EL,Mannarino A.,Shimabukuro S.,0,0,ou,23.00,over,ft,2.048,6
0SLND6EL,Mannarino A.,Shimabukuro S.,0,0,ou,23.00,under,ft,1.748,6
0SLND6EL,Mannarino A.,Shimabukuro S.,0,0,ou,23.50,over,ft,2.139,8
0SLND6EL,Mannarino A.,Shimabukuro S.,0,0,ou,23.50,under,ft,1.671,8
0SLND6EL,Mannarino A.,Shimabukuro S.,0,0,ou,24.00,over,ft,2.183,4
0SLND6EL,Mannarino A.,Shimabukuro S.,0,0,ou,24.00,under,ft,1.657,4
0SLND6EL,Mannarino A.,Shimabukuro S.,0,0,ou,24.50,over,ft,2.172,6
0SLND6EL,Mannarino A.,Shimabukuro S.,0,0,ou,24.50,under,ft,1.64,6
0SLND6EL,Mannarino A.,Shimabukuro S.,0,0,ou,25.00,over,ft,2.337,4
0SLND6EL,Mannarino A.,Shimabukuro S.,0,0,ou,25.00,under,ft,1.568,4
0SLND6EL,Mannarino A.,Shimabukuro S.,0,0,ou,25.50,over,ft,2.487,4
0SLND6EL,Mannarino A.,Shimabukuro S.,0,0,ou,25.50,under,ft,1.452,4
0SLND6EL,Mannarino A.,Shimabukuro S.,0,0,ou,26.50,over,ft,2.798,5
0SLND6EL,Mannarino A.,Shimabukuro S.,0,0,ou,26.50,under,ft,1.372,5
0SLND6EL,Mannarino A.,Shimabukuro S.,0,0,ou,27.50,over,ft,3.215,4
0SLND6EL,Mannarino A.,Shimabukuro S.,0,0,ou,27.50,under,ft,1.282,4
0SLND6EL,Mannarino A.,Shimabukuro S.,0,0,ou,28.50,over,ft,3.29,1
0SLND6EL,Mannarino A.,Shimabukuro S.,0,0,ou,28.50,under,ft,1.28,1
0SLND6EL,Mannarino A.,Shimabukuro S.,0,0,ou,29.50,over,ft,3.73,1
0SLND6EL,Mannarino A.,Shimabukuro S.,0,0,ou,29.50,under,ft,1.21,1
0SLND6EL,Mannarino A.,Shimabukuro S.,0,0,ou,30.50,over,ft,4.5,1
0SLND6EL,Mannarino A.,Shimabukuro S.,0,0,ou,30.50,under,ft,1.15,1
0SLND6EL,Mannarino A.,Shimabukuro S.,0,0,ou,31.50,over,ft,5.47,1
0SLND6EL,Mannarino A.,Shimabukuro S.,0,0,ou,31.50,under,ft,1.1,1
0SLND6EL,Mannarino A.,Shimabukuro S.,0,0,hc,1.50,home,ft,1.305,4
0SLND6EL,Mannarino A.,Shimabukuro S.,0,0,hc,1.50,away,ft,3.328,4
0SLND6EL,Mannarino A.,Shimabukuro S.,0,0,hc,-1.50,home,ft,2.593,6
0SLND6EL,Mannarino A.,Shimabukuro S.,0,0,hc,-1.50,away,ft,1.455,6
0SLND6EL,Mannarino A.,Shimabukuro S.,0,0,hc,0,home,ft,1.73,3
0SLND6EL,Mannarino A.,Shimabukuro S.,0,0,hc,0,away,ft,2.11,3
0SLND6EL,Mannarino A.,Shimabukuro S.,0,0,hc,0.50,home,ft,1.68,3
0SLND6EL,Mannarino A.,Shimabukuro S.,0,0,hc,0.50,away,ft,2.19,3
0SLND6EL,Mannarino A.,Shimabukuro S.,0,0,hc,-0.50,home,ft,1.776,5
0SLND6EL,Mannarino A.,Shimabukuro S.,0,0,hc,-0.50,away,ft,2.008,5
0SLND6EL,Mannarino A.,Shimabukuro S.,0,0,hc,1.00,home,ft,1.62,3
0SLND6EL,Mannarino A.,Shimabukuro S.,0,0,hc,1.00,away,ft,2.3,3
0SLND6EL,Mannarino A.,Shimabukuro S.,0,0,hc,-1.00,home,ft,1.812,4
0SLND6EL,Mannarino A.,Shimabukuro S.,0,0,hc,-1.00,away,ft,1.998,4
0SLND6EL,Mannarino A.,Shimabukuro S.,0,0,hc,1.50,home,ft,1.54,3
0SLND6EL,Mannarino A.,Shimabukuro S.,0,0,hc,1.50,away,ft,2.25,3
0SLND6EL,Mannarino A.,Shimabukuro S.,0,0,hc,-1.50,home,ft,1.81,6
0SLND6EL,Mannarino A.,Shimabukuro S.,0,0,hc,-1.50,away,ft,1.983,6
0SLND6EL,Mannarino A.,Shimabukuro S.,0,0,hc,2.00,home,ft,1.47,3
0SLND6EL,Mannarino A.,Shimabukuro S.,0,0,hc,2.00,away,ft,2.43,3
0SLND6EL,Mannarino A.,Shimabukuro S.,0,0,hc,-2.00,home,ft,1.985,4
0SLND6EL,Mannarino A.,Shimabukuro S.,0,0,hc,-2.00,away,ft,1.833,4
0SLND6EL,Mannarino A.,Shimabukuro S.,0,0,hc,-2.50,home,ft,2.072,6
0SLND6EL,Mannarino A.,Shimabukuro S.,0,0,hc,-2.50,away,ft,1.737,6
0SLND6EL,Mannarino A.,Shimabukuro S.,0,0,hc,-3.00,home,ft,2.308,4
0SLND6EL,Mannarino A.,Shimabukuro S.,0,0,hc,-3.00,away,ft,1.613,4
0SLND6EL,Mannarino A.,Shimabukuro S.,0,0,hc,-3.50,home,ft,2.395,6
0SLND6EL,Mannarino A.,Shimabukuro S.,0,0,hc,-3.50,away,ft,1.558,6
0SLND6EL,Mannarino A.,Shimabukuro S.,0,0,hc,-4.00,home,ft,2.998,4
0SLND6EL,Mannarino A.,Shimabukuro S.,0,0,hc,-4.00,away,ft,1.4,4
0SLND6EL,Mannarino A.,Shimabukuro S.,0,0,hc,-4.50,home,ft,2.763,6
0SLND6EL,Mannarino A.,Shimabukuro S.,0,0,hc,-4.50,away,ft,1.413,6
0SLND6EL,Mannarino A.,Shimabukuro S.,0,0,hc,-5.00,home,ft,4.38,3
0SLND6EL,Mannarino A.,Shimabukuro S.,0,0,hc,-5.00,away,ft,1.16,3
0SLND6EL,Mannarino A.,Shimabukuro S.,0,0,hc,-5.50,home,ft,3.024,5
0SLND6EL,Mannarino A.,Shimabukuro S.,0,0,hc,-5.50,away,ft,1.378,5
0SLND6EL,Mannarino A.,Shimabukuro S.,0,0,hc,-6.00,home,ft,5.8,3
0SLND6EL,Mannarino A.,Shimabukuro S.,0,0,hc,-6.00,away,ft,1.11,3
0SLND6EL,Mannarino A.,Shimabukuro S.,0,0,hc,-6.50,home,ft,4.25,3
0SLND6EL,Mannarino A.,Shimabukuro S.,0,0,hc,-6.50,away,ft,1.19,3
0SLND6EL,Mannarino A.,Shimabukuro S.,0,0,hc,-7.00,home,ft,6.7,3
0SLND6EL,Mannarino A.,Shimabukuro S.,0,0,hc,-7.00,away,ft,1.08,3
IkRQRuaU,Dzumhur D.,Monfils G.,0,0,ou,2.50,over,ft,2.343,3
IkRQRuaU,Dzumhur D.,Monfils G.,0,0,ou,2.50,under,ft,1.54,3
IkRQRuaU,Dzumhur D.,Monfils G.,0,0,ou,16.50,over,ft,1.05,1
IkRQRuaU,Dzumhur D.,Monfils G.,0,0,ou,16.50,under,ft,6.67,1
IkRQRuaU,Dzumhur D.,Monfils G.,0,0,ou,17.50,over,ft,1.14,1
IkRQRuaU,Dzumhur D.,Monfils G.,0,0,ou,17.50,under,ft,4.52,1
IkRQRuaU,Dzumhur D.,Monfils G.,0,0,ou,18.50,over,ft,1.245,4
IkRQRuaU,Dzumhur D.,Monfils G.,0,0,ou,18.50,under,ft,3.48,4
IkRQRuaU,Dzumhur D.,Monfils G.,0,0,ou,19.00,over,ft,1.318,4
IkRQRuaU,Dzumhur D.,Monfils G.,0,0,ou,19.00,under,ft,2.915,4
IkRQRuaU,Dzumhur D.,Monfils G.,0,0,ou,19.50,over,ft,1.425,4
IkRQRuaU,Dzumhur D.,Monfils G.,0,0,ou,19.50,under,ft,2.562,4
IkRQRuaU,Dzumhur D.,Monfils G.,0,0,ou,20.00,over,ft,1.48,4
IkRQRuaU,Dzumhur D.,Monfils G.,0,0,ou,20.00,under,ft,2.485,4
IkRQRuaU,Dzumhur D.,Monfils G.,0,0,ou,20.50,over,ft,1.59,7
IkRQRuaU,Dzumhur D.,Monfils G.,0,0,ou,20.50,under,ft,2.251,7
IkRQRuaU,Dzumhur D.,Monfils G.,0,0,ou,21.00,over,ft,1.677,6
IkRQRuaU,Dzumhur D.,Monfils G.,0,0,ou,21.00,under,ft,2.12,6
IkRQRuaU,Dzumhur D.,Monfils G.,0,0,ou,21.50,over,ft,1.777,7
IkRQRuaU,Dzumhur D.,Monfils G.,0,0,ou,21.50,under,ft,1.991,7
IkRQRuaU,Dzumhur D.,Monfils G.,0,0,ou,22.00,over,ft,1.898,6
IkRQRuaU,Dzumhur D.,Monfils G.,0,0,ou,22.00,under,ft,1.848,6
IkRQRuaU,Dzumhur D.,Monfils G.,0,0,ou,22.50,over,ft,1.959,7
IkRQRuaU,Dzumhur D.,Monfils G.,0,0,ou,22.50,under,ft,1.766,7
IkRQRuaU,Dzumhur D.,Monfils G.,0,0,ou,23.00,over,ft,2.112,5
IkRQRuaU,Dzumhur D.,Monfils G.,0,0,ou,23.00,under,ft,1.658,5
IkRQRuaU,Dzumhur D.,Monfils G.,0,0,ou,23.50,over,ft,2.177,6
IkRQRuaU,Dzumhur D.,Monfils G.,0,0,ou,23.50,under,ft,1.613,6
IkRQRuaU,Dzumhur D.,Monfils G.,0,0,ou,24.00,over,ft,2.24,4
IkRQRuaU,Dzumhur D.,Monfils G.,0,0,ou,24.00,under,ft,1.558,4
IkRQRuaU,Dzumhur D.,Monfils G.,0,0,ou,24.50,over,ft,2.238,5
IkRQRuaU,Dzumhur D.,Monfils G.,0,0,ou,24.50,under,ft,1.556,5
IkRQRuaU,Dzumhur D.,Monfils G.,0,0,ou,25.00,over,ft,2.38,4
IkRQRuaU,Dzumhur D.,Monfils G.,0,0,ou,25.00,under,ft,1.462,4
IkRQRuaU,Dzumhur D.,Monfils G.,0,0,ou,25.50,over,ft,2.708,4
IkRQRuaU,Dzumhur D.,Monfils G.,0,0,ou,25.50,under,ft,1.388,4
IkRQRuaU,Dzumhur D.,Monfils G.,0,0,ou,26.50,over,ft,2.992,5
IkRQRuaU,Dzumhur D.,Monfils G.,0,0,ou,26.50,under,ft,1.33,5
IkRQRuaU,Dzumhur D.,Monfils G.,0,0,ou,27.50,over,ft,3.09,1
IkRQRuaU,Dzumhur D.,Monfils G.,0,0,ou,27.50,under,ft,1.31,1
IkRQRuaU,Dzumhur D.,Monfils G.,0,0,ou,28.50,over,ft,3.15,1
IkRQRuaU,Dzumhur D.,Monfils G.,0,0,ou,28.50,under,ft,1.28,1
IkRQRuaU,Dzumhur D.,Monfils G.,0,0,ou,29.50,over,ft,3.68,1
IkRQRuaU,Dzumhur D.,Monfils G.,0,0,ou,29.50,under,ft,1.22,1
IkRQRuaU,Dzumhur D.,Monfils G.,0,0,ou,30.50,over,ft,4.36,1
IkRQRuaU,Dzumhur D.,Monfils G.,0,0,ou,30.50,under,ft,1.16,1
IkRQRuaU,Dzumhur D.,Monfils G.,0,0,ou,31.50,over,ft,5.38,1
IkRQRuaU,Dzumhur D.,Monfils G.,0,0,ou,31.50,under,ft,1.1,1
IkRQRuaU,Dzumhur D.,Monfils G.,0,0,hc,1.50,home,ft,1.524,5
IkRQRuaU,Dzumhur D.,Monfils G.,0,0,hc,1.50,away,ft,2.38,5
IkRQRuaU,Dzumhur D.,Monfils G.,0,0,hc,-1.50,home,ft,3.8,4
IkRQRuaU,Dzumhur D.,Monfils G.,0,0,hc,-1.50,away,ft,1.228,4
IkRQRuaU,Dzumhur D.,Monfils G.,0,0,hc,0,home,ft,2.397,3
IkRQRuaU,Dzumhur D.,Monfils G.,0,0,hc,0,away,ft,1.533,3
IkRQRuaU,Dzumhur D.,Monfils G.,0,0,hc,0.50,home,ft,2.277,3
IkRQRuaU,Dzumhur D.,Monfils G.,0,0,hc,0.50,away,ft,1.593,3
IkRQRuaU,Dzumhur D.,Monfils G.,0,0,hc,1.00,home,ft,2.2,3
IkRQRuaU,Dzumhur D.,Monfils G.,0,0,hc,1.00,away,ft,1.633,3
IkRQRuaU,Dzumhur D.,Monfils G.,0,0,hc,1.50,home,ft,2.102,5
IkRQRuaU,Dzumhur D.,Monfils G.,0,0,hc,1.50,away,ft,1.69,5
IkRQRuaU,Dzumhur D.,Monfils G.,0,0,hc,2.00,home,ft,2.013,4
IkRQRuaU,Dzumhur D.,Monfils G.,0,0,hc,2.00,away,ft,1.765,4
IkRQRuaU,Dzumhur D.,Monfils G.,0,0,hc,2.50,home,ft,1.93,5
IkRQRuaU,Dzumhur D.,Monfils G.,0,0,hc,2.50,away,ft,1.81,5
IkRQRuaU,Dzumhur D.,Monfils G.,0,0,hc,2.75,home,ft,2.25,3
IkRQRuaU,Dzumhur D.,Monfils G.,0,0,hc,2.75,away,ft,1.57,3
IkRQRuaU,Dzumhur D.,Monfils G.,0,0,hc,3.00,home,ft,1.78,4
IkRQRuaU,Dzumhur D.,Monfils G.,0,0,hc,3.00,away,ft,1.995,4
IkRQRuaU,Dzumhur D.,Monfils G.,0,0,hc,3.25,home,ft,2.08,3
IkRQRuaU,Dzumhur D.,Monfils G.,0,0,hc,3.25,away,ft,1.71,3
IkRQRuaU,Dzumhur D.,Monfils G.,0,0,hc,3.50,home,ft,1.66,5
IkRQRuaU,Dzumhur D.,Monfils G.,0,0,hc,3.50,away,ft,2.15,5
IkRQRuaU,Dzumhur D.,Monfils G.,0,0,hc,3.75,home,ft,1.85,3
IkRQRuaU,Dzumhur D.,Monfils G.,0,0,hc,3.75,away,ft,1.85,3
IkRQRuaU,Dzumhur D.,Monfils G.,0,0,hc,4.00,home,ft,1.513,3
IkRQRuaU,Dzumhur D.,Monfils G.,0,0,hc,4.00,away,ft,2.463,3
IkRQRuaU,Dzumhur D.,Monfils G.,0,0,hc,4.25,home,ft,1.67,3
IkRQRuaU,Dzumhur D.,Monfils G.,0,0,hc,4.25,away,ft,2.13,3
IkRQRuaU,Dzumhur D.,Monfils G.,0,0,hc,4.50,home,ft,1.448,4
IkRQRuaU,Dzumhur D.,Monfils G.,0,0,hc,4.50,away,ft,2.647,4
IkRQRuaU,Dzumhur D.,Monfils G.,0,0,hc,5.00,home,ft,1.283,3
IkRQRuaU,Dzumhur D.,Monfils G.,0,0,hc,5.00,away,ft,3.493,3
IkRQRuaU,Dzumhur D.,Monfils G.,0,0,hc,5.50,home,ft,1.28,3
IkRQRuaU,Dzumhur D.,Monfils G.,0,0,hc,5.50,away,ft,3.4,3
IkRQRuaU,Dzumhur D.,Monfils G.,0,0,hc,6.00,home,ft,1.15,3
IkRQRuaU,Dzumhur D.,Monfils G.,0,0,hc,6.00,away,ft,4.8,3
EiXLgoNk,Ruud C.,Wu Y.,0,0,ou,2.50,over,ft,2.387,3
EiXLgoNk,Ruud C.,Wu Y.,0,0,ou,2.50,under,ft,1.547,3
EiXLgoNk,Ruud C.,Wu Y.,0,0,ou,16.50,over,ft,1.02,1
EiXLgoNk,Ruud C.,Wu Y.,0,0,ou,16.50,under,ft,8.39,1
EiXLgoNk,Ruud C.,Wu Y.,0,0,ou,17.50,over,ft,1.1,1
EiXLgoNk,Ruud C.,Wu Y.,0,0,ou,17.50,under,ft,5.47,1
EiXLgoNk,Ruud C.,Wu Y.,0,0,ou,18.50,over,ft,1.19,1
EiXLgoNk,Ruud C.,Wu Y.,0,0,ou,18.50,under,ft,3.99,1
EiXLgoNk,Ruud C.,Wu Y.,0,0,ou,19.50,over,ft,1.333,4
EiXLgoNk,Ruud C.,Wu Y.,0,0,ou,19.50,under,ft,2.933,4
EiXLgoNk,Ruud C.,Wu Y.,0,0,ou,20.00,over,ft,1.41,4
EiXLgoNk,Ruud C.,Wu Y.,0,0,ou,20.00,under,ft,2.848,4
EiXLgoNk,Ruud C.,Wu Y.,0,0,ou,20.50,over,ft,1.53,5
EiXLgoNk,Ruud C.,Wu Y.,0,0,ou,20.50,under,ft,2.434,5
EiXLgoNk,Ruud C.,Wu Y.,0,0,ou,21.00,over,ft,1.6,5
EiXLgoNk,Ruud C.,Wu Y.,0,0,ou,21.00,under,ft,2.3,5
EiXLgoNk,Ruud C.,Wu Y.,0,0,ou,21.50,over,ft,1.671,8
EiXLgoNk,Ruud C.,Wu Y.,0,0,ou,21.50,under,ft,2.123,8
EiXLgoNk,Ruud C.,Wu Y.,0,0,ou,22.00,over,ft,1.813,6
EiXLgoNk,Ruud C.,Wu Y.,0,0,ou,22.00,under,ft,1.965,6
EiXLgoNk,Ruud C.,Wu Y.,0,0,ou,22.50,over,ft,1.916,8
EiXLgoNk,Ruud C.,Wu Y.,0,0,ou,22.50,under,ft,1.844,8
EiXLgoNk,Ruud C.,Wu Y.,0,0,ou,23.00,over,ft,2.09,6
EiXLgoNk,Ruud C.,Wu Y.,0,0,ou,23.00,under,ft,1.715,6
EiXLgoNk,Ruud C.,Wu Y.,0,0,ou,23.50,over,ft,2.171,8
EiXLgoNk,Ruud C.,Wu Y.,0,0,ou,23.50,under,ft,1.652,8
EiXLgoNk,Ruud C.,Wu Y.,0,0,ou,24.00,over,ft,2.252,4
EiXLgoNk,Ruud C.,Wu Y.,0,0,ou,24.00,under,ft,1.617,4
EiXLgoNk,Ruud C.,Wu Y.,0,0,ou,24.50,over,ft,2.237,6
EiXLgoNk,Ruud C.,Wu Y.,0,0,ou,24.50,under,ft,1.61,6
EiXLgoNk,Ruud C.,Wu Y.,0,0,ou,25.00,over,ft,2.39,4
EiXLgoNk,Ruud C.,Wu Y.,0,0,ou,25.00,under,ft,1.558,4
EiXLgoNk,Ruud C.,Wu Y.,0,0,ou,25.50,over,ft,2.468,4
EiXLgoNk,Ruud C.,Wu Y.,0,0,ou,25.50,under,ft,1.455,4
EiXLgoNk,Ruud C.,Wu Y.,0,0,ou,26.50,over,ft,2.762,5
EiXLgoNk,Ruud C.,Wu Y.,0,0,ou,26.50,under,ft,1.376,5
EiXLgoNk,Ruud C.,Wu Y.,0,0,ou,27.50,over,ft,3.07,4
EiXLgoNk,Ruud C.,Wu Y.,0,0,ou,27.50,under,ft,1.308,4
EiXLgoNk,Ruud C.,Wu Y.,0,0,ou,28.50,over,ft,3.16,1
EiXLgoNk,Ruud C.,Wu Y.,0,0,ou,28.50,under,ft,1.3,1
EiXLgoNk,Ruud C.,Wu Y.,0,0,ou,29.50,over,ft,3.29,1
EiXLgoNk,Ruud C.,Wu Y.,0,0,ou,29.50,under,ft,1.27,1
EiXLgoNk,Ruud C.,Wu Y.,0,0,ou,30.50,over,ft,3.73,1
EiXLgoNk,Ruud C.,Wu Y.,0,0,ou,30.50,under,ft,1.21,1
EiXLgoNk,Ruud C.,Wu Y.,0,0,ou,31.50,over,ft,4.55,1
EiXLgoNk,Ruud C.,Wu Y.,0,0,ou,31.50,under,ft,1.15,1
EiXLgoNk,Ruud C.,Wu Y.,0,0,ou,32.50,over,ft,5.29,1
EiXLgoNk,Ruud C.,Wu Y.,0,0,ou,32.50,under,ft,1.04,1
EiXLgoNk,Ruud C.,Wu Y.,0,0,hc,1.50,home,ft,1.16,4
EiXLgoNk,Ruud C.,Wu Y.,0,0,hc,1.50,away,ft,4.873,4
EiXLgoNk,Ruud C.,Wu Y.,0,0,hc,-1.50,home,ft,2.083,6
EiXLgoNk,Ruud C.,Wu Y.,0,0,hc,-1.50,away,ft,1.685,6
EiXLgoNk,Ruud C.,Wu Y.,0,0,hc,0,home,ft,1.41,3
EiXLgoNk,Ruud C.,Wu Y.,0,0,hc,0,away,ft,2.73,3
EiXLgoNk,Ruud C.,Wu Y.,0,0,hc,-0.50,home,ft,1.46,3
EiXLgoNk,Ruud C.,Wu Y.,0,0,hc,-0.50,away,ft,2.56,3
EiXLgoNk,Ruud C.,Wu Y.,0,0,hc,-1.00,home,ft,1.46,3
EiXLgoNk,Ruud C.,Wu Y.,0,0,hc,-1.00,away,ft,2.74,3
EiXLgoNk,Ruud C.,Wu Y.,0,0,hc,-1.50,home,ft,1.51,3
EiXLgoNk,Ruud C.,Wu Y.,0,0,hc,-1.50,away,ft,2.55,3
EiXLgoNk,Ruud C.,Wu Y.,0,0,hc,-2.00,home,ft,1.59,4
EiXLgoNk,Ruud C.,Wu Y.,0,0,hc,-2.00,away,ft,2.365,4
EiXLgoNk,Ruud C.,Wu Y.,0,0,hc,-2.50,home,ft,1.672,6
EiXLgoNk,Ruud C.,Wu Y.,0,0,hc,-2.50,away,ft,2.165,6
EiXLgoNk,Ruud C.,Wu Y.,0,0,hc,-3.00,home,ft,1.815,4
EiXLgoNk,Ruud C.,Wu Y.,0,0,hc,-3.00,away,ft,2.002,4
EiXLgoNk,Ruud C.,Wu Y.,0,0,hc,-3.50,home,ft,2.03,5
EiXLgoNk,Ruud C.,Wu Y.,0,0,hc,-3.50,away,ft,1.766,5
EiXLgoNk,Ruud C.,Wu Y.,0,0,hc,-4.00,home,ft,2.32,4
EiXLgoNk,Ruud C.,Wu Y.,0,0,hc,-4.00,away,ft,1.613,4
EiXLgoNk,Ruud C.,Wu Y.,0,0,hc,-4.50,home,ft,2.545,6
EiXLgoNk,Ruud C.,Wu Y.,0,0,hc,-4.50,away,ft,1.502,6
EiXLgoNk,Ruud C.,Wu Y.,0,0,hc,-5.00,home,ft,3.387,3
EiXLgoNk,Ruud C.,Wu Y.,0,0,hc,-5.00,away,ft,1.32,3
EiXLgoNk,Ruud C.,Wu Y.,0,0,hc,-5.50,home,ft,3.923,3
EiXLgoNk,Ruud C.,Wu Y.,0,0,hc,-5.50,away,ft,1.26,3
EiXLgoNk,Ruud C.,Wu Y.,0,0,hc,-6.00,home,ft,6.44,3
EiXLgoNk,Ruud C.,Wu Y.,0,0,hc,-6.00,away,ft,1.11,3
nP7jr1qB,Tiafoe F.,Borges N.,2,2,ou,2.50,over,ft,2.377,3
nP7jr1qB,Tiafoe F.,Borges N.,2,2,ou,2.50,under,ft,1.557,3
nP7jr1qB,Tiafoe F.,Borges N.,2,2,ou,16.50,under,ft,10.73,1
nP7jr1qB,Tiafoe F.,Borges N.,2,2,ou,17.50,over,ft,1.05,1
nP7jr1qB,Tiafoe F.,Borges N.,2,2,ou,17.50,under,ft,6.58,1
nP7jr1qB,Tiafoe F.,Borges N.,2,2,ou,18.50,over,ft,1.17,1
nP7jr1qB,Tiafoe F.,Borges N.,2,2,ou,18.50,under,ft,4.27,1
nP7jr1qB,Tiafoe F.,Borges N.,2,2,ou,19.50,over,ft,1.282,4
nP7jr1qB,Tiafoe F.,Borges N.,2,2,ou,19.50,under,ft,3.22,4
nP7jr1qB,Tiafoe F.,Borges N.,2,2,ou,20.00,over,ft,1.36,4
nP7jr1qB,Tiafoe F.,Borges N.,2,2,ou,20.00,under,ft,3.055,4
nP7jr1qB,Tiafoe F.,Borges N.,2,2,ou,20.50,over,ft,1.492,4
nP7jr1qB,Tiafoe F.,Borges N.,2,2,ou,20.50,under,ft,2.565,4
nP7jr1qB,Tiafoe F.,Borges N.,2,2,ou,21.00,over,ft,1.535,4
nP7jr1qB,Tiafoe F.,Borges N.,2,2,ou,21.00,under,ft,2.433,4
nP7jr1qB,Tiafoe F.,Borges N.,2,2,ou,21.50,over,ft,1.616,8
nP7jr1qB,Tiafoe F.,Borges N.,2,2,ou,21.50,under,ft,2.236,8
nP7jr1qB,Tiafoe F.,Borges N.,2,2,ou,22.00,over,ft,1.723,6
nP7jr1qB,Tiafoe F.,Borges N.,2,2,ou,22.00,under,ft,2.085,6
nP7jr1qB,Tiafoe F.,Borges N.,2,2,ou,22.50,over,ft,1.877,8
nP7jr1qB,Tiafoe F.,Borges N.,2,2,ou,22.50,under,ft,1.879,8
nP7jr1qB,Tiafoe F.,Borges N.,2,2,ou,23.00,over,ft,2.007,6
nP7jr1qB,Tiafoe F.,Borges N.,2,2,ou,23.00,under,ft,1.78,6
nP7jr1qB,Tiafoe F.,Borges N.,2,2,ou,23.50,over,ft,2.126,8
nP7jr1qB,Tiafoe F.,Borges N.,2,2,ou,23.50,under,ft,1.672,8
nP7jr1qB,Tiafoe F.,Borges N.,2,2,ou,24.00,over,ft,2.155,4
nP7jr1qB,Tiafoe F.,Borges N.,2,2,ou,24.00,under,ft,1.672,4
nP7jr1qB,Tiafoe F.,Borges N.,2,2,ou,24.50,over,ft,2.182,6
nP7jr1qB,Tiafoe F.,Borges N.,2,2,ou,24.50,under,ft,1.642,6
nP7jr1qB,Tiafoe F.,Borges N.,2,2,ou,25.00,over,ft,2.29,4
nP7jr1qB,Tiafoe F.,Borges N.,2,2,ou,25.00,under,ft,1.593,4
nP7jr1qB,Tiafoe F.,Borges N.,2,2,ou,25.50,over,ft,2.245,4
nP7jr1qB,Tiafoe F.,Borges N.,2,2,ou,25.50,under,ft,1.55,4
nP7jr1qB,Tiafoe F.,Borges N.,2,2,ou,26.50,over,ft,2.495,4
nP7jr1qB,Tiafoe F.,Borges N.,2,2,ou,26.50,under,ft,1.45,4
nP7jr1qB,Tiafoe F.,Borges N.,2,2,ou,27.50,over,ft,2.725,4
nP7jr1qB,Tiafoe F.,Borges N.,2,2,ou,27.50,under,ft,1.382,4
nP7jr1qB,Tiafoe F.,Borges N.,2,2,ou,28.50,over,ft,3.04,1
nP7jr1qB,Tiafoe F.,Borges N.,2,2,ou,28.50,under,ft,1.32,1
nP7jr1qB,Tiafoe F.,Borges N.,2,2,ou,29.50,over,ft,3.25,1
nP7jr1qB,Tiafoe F.,Borges N.,2,2,ou,29.50,under,ft,1.27,1
nP7jr1qB,Tiafoe F.,Borges N.,2,2,ou,30.50,over,ft,3.78,1
nP7jr1qB,Tiafoe F.,Borges N.,2,2,ou,30.50,under,ft,1.21,1
nP7jr1qB,Tiafoe F.,Borges N.,2,2,ou,31.50,over,ft,4.6,1
nP7jr1qB,Tiafoe F.,Borges N.,2,2,ou,31.50,under,ft,1.14,1
nP7jr1qB,Tiafoe F.,Borges N.,2,2,ou,32.50,over,ft,5.76,1
nP7jr1qB,Tiafoe F.,Borges N.,2,2,ou,32.50,under,ft,1.09,1
nP7jr1qB,Tiafoe F.,Borges N.,2,2,hc,1.50,home,ft,1.21,4
nP7jr1qB,Tiafoe F.,Borges N.,2,2,hc,1.50,away,ft,4.12,4
nP7jr1qB,Tiafoe F.,Borges N.,2,2,hc,-1.50,home,ft,2.343,6
nP7jr1qB,Tiafoe F.,Borges N.,2,2,hc,-1.50,away,ft,1.547,6
nP7jr1qB,Tiafoe F.,Borges N.,2,2,hc,0,home,ft,1.5,3
nP7jr1qB,Tiafoe F.,Borges N.,2,2,hc,0,away,ft,2.61,3
nP7jr1qB,Tiafoe F.,Borges N.,2,2,hc,0.50,home,ft,1.54,3
nP7jr1qB,Tiafoe F.,Borges N.,2,2,hc,0.50,away,ft,2.35,3
nP7jr1qB,Tiafoe F.,Borges N.,2,2,hc,-0.50,home,ft,1.586,5
nP7jr1qB,Tiafoe F.,Borges N.,2,2,hc,-0.50,away,ft,2.332,5
nP7jr1qB,Tiafoe F.,Borges N.,2,2,hc,1.00,home,ft,1.4,3
nP7jr1qB,Tiafoe F.,Borges N.,2,2,hc,1.00,away,ft,2.64,3
nP7jr1qB,Tiafoe F.,Borges N.,2,2,hc,-1.00,home,ft,1.605,4
nP7jr1qB,Tiafoe F.,Borges N.,2,2,hc,-1.00,away,ft,2.32,4
nP7jr1qB,Tiafoe F.,Borges N.,2,2,hc,1.50,home,ft,1.48,3
nP7jr1qB,Tiafoe F.,Borges N.,2,2,hc,1.50,away,ft,2.41,3
nP7jr1qB,Tiafoe F.,Borges N.,2,2,hc,-1.50,home,ft,1.665,6
nP7jr1qB,Tiafoe F.,Borges N.,2,2,hc,-1.50,away,ft,2.173,6
nP7jr1qB,Tiafoe F.,Borges N.,2,2,hc,-2.00,home,ft,1.76,4
nP7jr1qB,Tiafoe F.,Borges N.,2,2,hc,-2.00,away,ft,2.072,4
nP7jr1qB,Tiafoe F.,Borges N.,2,2,hc,-2.50,home,ft,1.953,6
nP7jr1qB,Tiafoe F.,Borges N.,2,2,hc,-2.50,away,ft,1.825,6
nP7jr1qB,Tiafoe F.,Borges N.,2,2,hc,-3.00,home,ft,2.053,4
nP7jr1qB,Tiafoe F.,Borges N.,2,2,hc,-3.00,away,ft,1.772,4
nP7jr1qB,Tiafoe F.,Borges N.,2,2,hc,-3.50,home,ft,2.204,5
nP7jr1qB,Tiafoe F.,Borges N.,2,2,hc,-3.50,away,ft,1.648,5
nP7jr1qB,Tiafoe F.,Borges N.,2,2,hc,-4.00,home,ft,2.643,3
nP7jr1qB,Tiafoe F.,Borges N.,2,2,hc,-4.00,away,ft,1.49,3
nP7jr1qB,Tiafoe F.,Borges N.,2,2,hc,-4.50,home,ft,3.03,3
nP7jr1qB,Tiafoe F.,Borges N.,2,2,hc,-4.50,away,ft,1.38,3
nP7jr1qB,Tiafoe F.,Borges N.,2,2,hc,-5.00,home,ft,4.23,3
nP7jr1qB,Tiafoe F.,Borges N.,2,2,hc,-5.00,away,ft,1.23,3
jumOd0b4,Zverev A.,Moutet C.,2,2,ou,2.50,over,ft,2.757,3
jumOd0b4,Zverev A.,Moutet C.,2,2,ou,2.50,under,ft,1.42,3
jumOd0b4,Zverev A.,Moutet C.,2,2,ou,16.50,over,ft,1.1,1
jumOd0b4,Zverev A.,Moutet C.,2,2,ou,16.50,under,ft,5.42,1
jumOd0b4,Zverev A.,Moutet C.,2,2,ou,17.50,over,ft,1.15,4
jumOd0b4,Zverev A.,Moutet C.,2,2,ou,17.50,under,ft,4.567,4
jumOd0b4,Zverev A.,Moutet C.,2,2,ou,18.00,over,ft,1.205,4
jumOd0b4,Zverev A.,Moutet C.,2,2,ou,18.00,under,ft,3.645,4
jumOd0b4,Zverev A.,Moutet C.,2,2,ou,18.50,over,ft,1.29,4
jumOd0b4,Zverev A.,Moutet C.,2,2,ou,18.50,under,ft,3.195,4
jumOd0b4,Zverev A.,Moutet C.,2,2,ou,19.00,over,ft,1.292,4
jumOd0b4,Zverev A.,Moutet C.,2,2,ou,19.00,under,ft,3.087,4
jumOd0b4,Zverev A.,Moutet C.,2,2,ou,19.50,over,ft,1.454,5
jumOd0b4,Zverev A.,Moutet C.,2,2,ou,19.50,under,ft,2.51,5
jumOd0b4,Zverev A.,Moutet C.,2,2,ou,20.00,over,ft,1.502,5
jumOd0b4,Zverev A.,Moutet C.,2,2,ou,20.00,under,ft,2.364,5
jumOd0b4,Zverev A.,Moutet C.,2,2,ou,20.50,over,ft,1.745,8
jumOd0b4,Zverev A.,Moutet C.,2,2,ou,20.50,under,ft,2.036,8
jumOd0b4,Zverev A.,Moutet C.,2,2,ou,21.00,over,ft,1.73,6
jumOd0b4,Zverev A.,Moutet C.,2,2,ou,21.00,under,ft,2.022,6
jumOd0b4,Zverev A.,Moutet C.,2,2,ou,21.50,over,ft,1.861,8
jumOd0b4,Zverev A.,Moutet C.,2,2,ou,21.50,under,ft,1.879,8
jumOd0b4,Zverev A.,Moutet C.,2,2,ou,22.00,over,ft,1.983,6
jumOd0b4,Zverev A.,Moutet C.,2,2,ou,22.00,under,ft,1.758,6
jumOd0b4,Zverev A.,Moutet C.,2,2,ou,22.50,over,ft,2.144,8
jumOd0b4,Zverev A.,Moutet C.,2,2,ou,22.50,under,ft,1.631,8
jumOd0b4,Zverev A.,Moutet C.,2,2,ou,23.00,over,ft,2.268,4
jumOd0b4,Zverev A.,Moutet C.,2,2,ou,23.00,under,ft,1.542,4
jumOd0b4,Zverev A.,Moutet C.,2,2,ou,23.50,over,ft,2.402,4
jumOd0b4,Zverev A.,Moutet C.,2,2,ou,23.50,under,ft,1.485,4
jumOd0b4,Zverev A.,Moutet C.,2,2,ou,24.00,over,ft,2.415,4
jumOd0b4,Zverev A.,Moutet C.,2,2,ou,24.00,under,ft,1.455,4
jumOd0b4,Zverev A.,Moutet C.,2,2,ou,24.50,over,ft,2.488,5
jumOd0b4,Zverev A.,Moutet C.,2,2,ou,24.50,under,ft,1.452,5
jumOd0b4,Zverev A.,Moutet C.,2,2,ou,25.50,over,ft,2.715,4
jumOd0b4,Zverev A.,Moutet C.,2,2,ou,25.50,under,ft,1.385,4
jumOd0b4,Zverev A.,Moutet C.,2,2,ou,26.50,over,ft,3.16,2
jumOd0b4,Zverev A.,Moutet C.,2,2,ou,26.50,under,ft,1.31,2
jumOd0b4,Zverev A.,Moutet C.,2,2,ou,27.50,over,ft,3.4,1
jumOd0b4,Zverev A.,Moutet C.,2,2,ou,27.50,under,ft,1.25,1
jumOd0b4,Zverev A.,Moutet C.,2,2,ou,28.50,over,ft,3.83,1
jumOd0b4,Zverev A.,Moutet C.,2,2,ou,28.50,under,ft,1.2,1
jumOd0b4,Zverev A.,Moutet C.,2,2,ou,29.50,over,ft,4.4,1
jumOd0b4,Zverev A.,Moutet C.,2,2,ou,29.50,under,ft,1.16,1
jumOd0b4,Zverev A.,Moutet C.,2,2,ou,30.50,over,ft,5.16,1
jumOd0b4,Zverev A.,Moutet C.,2,2,ou,30.50,under,ft,1.11,1
jumOd0b4,Zverev A.,Moutet C.,2,2,hc,1.50,home,ft,1.075,4
jumOd0b4,Zverev A.,Moutet C.,2,2,hc,1.50,away,ft,7.548,4
jumOd0b4,Zverev A.,Moutet C.,2,2,hc,-1.50,home,ft,1.67,6
jumOd0b4,Zverev A.,Moutet C.,2,2,hc,-1.50,away,ft,2.11,6
jumOd0b4,Zverev A.,Moutet C.,2,2,hc,-2.00,home,ft,1.29,3
jumOd0b4,Zverev A.,Moutet C.,2,2,hc,-2.00,away,ft,3.32,3
jumOd0b4,Zverev A.,Moutet C.,2,2,hc,-2.50,home,ft,1.36,3
jumOd0b4,Zverev A.,Moutet C.,2,2,hc,-2.50,away,ft,2.92,3
jumOd0b4,Zverev A.,Moutet C.,2,2,hc,-3.00,home,ft,1.43,4
jumOd0b4,Zverev A.,Moutet C.,2,2,hc,-3.00,away,ft,2.7,4
jumOd0b4,Zverev A.,Moutet C.,2,2,hc,-3.50,home,ft,1.583,6
jumOd0b4,Zverev A.,Moutet C.,2,2,hc,-3.50,away,ft,2.275,6
jumOd0b4,Zverev A.,Moutet C.,2,2,hc,-3.75,home,ft,1.48,3
jumOd0b4,Zverev A.,Moutet C.,2,2,hc,-3.75,away,ft,2.45,3
jumOd0b4,Zverev A.,Moutet C.,2,2,hc,-4.00,home,ft,1.78,4
jumOd0b4,Zverev A.,Moutet C.,2,2,hc,-4.00,away,ft,1.975,4
jumOd0b4,Zverev A.,Moutet C.,2,2,hc,-4.25,home,ft,1.65,3
jumOd0b4,Zverev A.,Moutet C.,2,2,hc,-4.25,away,ft,2.1,3
jumOd0b4,Zverev A.,Moutet C.,2,2,hc,-4.50,home,ft,1.964,5
jumOd0b4,Zverev A.,Moutet C.,2,2,hc,-4.50,away,ft,1.83,5
jumOd0b4,Zverev A.,Moutet C.,2,2,hc,-4.75,home,ft,1.88,3
jumOd0b4,Zverev A.,Moutet C.,2,2,hc,-4.75,away,ft,1.88,3
jumOd0b4,Zverev A.,Moutet C.,2,2,hc,-5.00,home,ft,2.52,4
jumOd0b4,Zverev A.,Moutet C.,2,2,hc,-5.00,away,ft,1.485,4
jumOd0b4,Zverev A.,Moutet C.,2,2,hc,-5.25,home,ft,2.2,3
jumOd0b4,Zverev A.,Moutet C.,2,2,hc,-5.25,away,ft,1.6,3
jumOd0b4,Zverev A.,Moutet C.,2,2,hc,-5.50,home,ft,2.797,6
jumOd0b4,Zverev A.,Moutet C.,2,2,hc,-5.50,away,ft,1.402,6
jumOd0b4,Zverev A.,Moutet C.,2,2,hc,-6.00,home,ft,4.15,3
jumOd0b4,Zverev A.,Moutet C.,2,2,hc,-6.00,away,ft,1.2,3
jumOd0b4,Zverev A.,Moutet C.,2,2,hc,-6.50,home,ft,4.65,3
jumOd0b4,Zverev A.,Moutet C.,2,2,hc,-6.50,away,ft,1.16,3
jumOd0b4,Zverev A.,Moutet C.,2,2,hc,-7.00,home,ft,7.8,3
jumOd0b4,Zverev A.,Moutet C.,2,2,hc,-7.00,away,ft,1.06,3
C0bmEp6J,Hijikata R.,Bellucci M.,0,0,ou,2.50,over,ft,2.257,3
C0bmEp6J,Hijikata R.,Bellucci M.,0,0,ou,2.50,under,ft,1.583,3
C0bmEp6J,Hijikata R.,Bellucci M.,0,0,ou,16.50,over,ft,1.02,1
C0bmEp6J,Hijikata R.,Bellucci M.,0,0,ou,16.50,under,ft,8.61,1
C0bmEp6J,Hijikata R.,Bellucci M.,0,0,ou,17.50,over,ft,1.08,1
C0bmEp6J,Hijikata R.,Bellucci M.,0,0,ou,17.50,under,ft,5.37,1
C0bmEp6J,Hijikata R.,Bellucci M.,0,0,ou,18.50,over,ft,1.18,1
C0bmEp6J,Hijikata R.,Bellucci M.,0,0,ou,18.50,under,ft,4.21,1
C0bmEp6J,Hijikata R.,Bellucci M.,0,0,ou,19.50,over,ft,1.32,1
C0bmEp6J,Hijikata R.,Bellucci M.,0,0,ou,19.50,under,ft,3.04,1
C0bmEp6J,Hijikata R.,Bellucci M.,0,0,ou,20.00,over,ft,1.397,4
C0bmEp6J,Hijikata R.,Bellucci M.,0,0,ou,20.00,under,ft,2.873,4
C0bmEp6J,Hijikata R.,Bellucci M.,0,0,ou,20.50,over,ft,1.5,5
C0bmEp6J,Hijikata R.,Bellucci M.,0,0,ou,20.50,under,ft,2.514,5
C0bmEp6J,Hijikata R.,Bellucci M.,0,0,ou,21.00,over,ft,1.56,4
C0bmEp6J,Hijikata R.,Bellucci M.,0,0,ou,21.00,under,ft,2.377,4
C0bmEp6J,Hijikata R.,Bellucci M.,0,0,ou,21.50,over,ft,1.639,7
C0bmEp6J,Hijikata R.,Bellucci M.,0,0,ou,21.50,under,ft,2.194,7
C0bmEp6J,Hijikata R.,Bellucci M.,0,0,ou,22.00,over,ft,1.756,5
C0bmEp6J,Hijikata R.,Bellucci M.,0,0,ou,22.00,under,ft,2.022,5
C0bmEp6J,Hijikata R.,Bellucci M.,0,0,ou,22.50,over,ft,1.854,7
C0bmEp6J,Hijikata R.,Bellucci M.,0,0,ou,22.50,under,ft,1.899,7
C0bmEp6J,Hijikata R.,Bellucci M.,0,0,ou,23.00,over,ft,2.012,5
C0bmEp6J,Hijikata R.,Bellucci M.,0,0,ou,23.00,under,ft,1.766,5
C0bmEp6J,Hijikata R.,Bellucci M.,0,0,ou,23.50,over,ft,2.08,8
C0bmEp6J,Hijikata R.,Bellucci M.,0,0,ou,23.50,under,ft,1.698,8
C0bmEp6J,Hijikata R.,Bellucci M.,0,0,ou,24.00,over,ft,2.128,5
C0bmEp6J,Hijikata R.,Bellucci M.,0,0,ou,24.00,under,ft,1.676,5
C0bmEp6J,Hijikata R.,Bellucci M.,0,0,ou,24.50,over,ft,2.16,6
C0bmEp6J,Hijikata R.,Bellucci M.,0,0,ou,24.50,under,ft,1.653,6
C0bmEp6J,Hijikata R.,Bellucci M.,0,0,ou,25.00,over,ft,2.3,4
C0bmEp6J,Hijikata R.,Bellucci M.,0,0,ou,25.00,under,ft,1.588,4
C0bmEp6J,Hijikata R.,Bellucci M.,0,0,ou,25.50,over,ft,2.205,4
C0bmEp6J,Hijikata R.,Bellucci M.,0,0,ou,25.50,under,ft,1.568,4
C0bmEp6J,Hijikata R.,Bellucci M.,0,0,ou,26.00,over,ft,2.328,4
C0bmEp6J,Hijikata R.,Bellucci M.,0,0,ou,26.00,under,ft,1.482,4
C0bmEp6J,Hijikata R.,Bellucci M.,0,0,ou,26.50,over,ft,2.56,2
C0bmEp6J,Hijikata R.,Bellucci M.,0,0,ou,26.50,under,ft,1.44,2
C0bmEp6J,Hijikata R.,Bellucci M.,0,0,ou,27.50,over,ft,2.8,1
C0bmEp6J,Hijikata R.,Bellucci M.,0,0,ou,27.50,under,ft,1.37,1
C0bmEp6J,Hijikata R.,Bellucci M.,0,0,ou,28.50,over,ft,2.92,1
C0bmEp6J,Hijikata R.,Bellucci M.,0,0,ou,28.50,under,ft,1.34,1
C0bmEp6J,Hijikata R.,Bellucci M.,0,0,ou,29.50,over,ft,3.33,1
C0bmEp6J,Hijikata R.,Bellucci M.,0,0,ou,29.50,under,ft,1.27,1
C0bmEp6J,Hijikata R.,Bellucci M.,0,0,ou,30.50,over,ft,3.61,1
C0bmEp6J,Hijikata R.,Bellucci M.,0,0,ou,30.50,under,ft,1.23,1
C0bmEp6J,Hijikata R.,Bellucci M.,0,0,ou,31.50,over,ft,4.4,1
C0bmEp6J,Hijikata R.,Bellucci M.,0,0,ou,31.50,under,ft,1.16,1
C0bmEp6J,Hijikata R.,Bellucci M.,0,0,ou,32.50,over,ft,5.63,1
C0bmEp6J,Hijikata R.,Bellucci M.,0,0,ou,32.50,under,ft,1.1,1
C0bmEp6J,Hijikata R.,Bellucci M.,0,0,hc,1.50,home,ft,1.324,5
C0bmEp6J,Hijikata R.,Bellucci M.,0,0,hc,1.50,away,ft,3.116,5
C0bmEp6J,Hijikata R.,Bellucci M.,0,0,hc,-1.50,home,ft,2.845,6
C0bmEp6J,Hijikata R.,Bellucci M.,0,0,hc,-1.50,away,ft,1.378,6
C0bmEp6J,Hijikata R.,Bellucci M.,0,0,hc,0,home,ft,1.79,3
C0bmEp6J,Hijikata R.,Bellucci M.,0,0,hc,0,away,ft,2.03,3
C0bmEp6J,Hijikata R.,Bellucci M.,0,0,hc,0.50,home,ft,1.744,5
C0bmEp6J,Hijikata R.,Bellucci M.,0,0,hc,0.50,away,ft,2.054,5
C0bmEp6J,Hijikata R.,Bellucci M.,0,0,hc,-0.50,home,ft,1.877,6
C0bmEp6J,Hijikata R.,Bellucci M.,0,0,hc,-0.50,away,ft,1.875,6
C0bmEp6J,Hijikata R.,Bellucci M.,0,0,hc,1.00,home,ft,1.68,3
C0bmEp6J,Hijikata R.,Bellucci M.,0,0,hc,1.00,away,ft,2.19,3
C0bmEp6J,Hijikata R.,Bellucci M.,0,0,hc,-1.00,home,ft,1.9,3
C0bmEp6J,Hijikata R.,Bellucci M.,0,0,hc,-1.00,away,ft,1.82,3
C0bmEp6J,Hijikata R.,Bellucci M.,0,0,hc,1.50,home,ft,1.64,4
C0bmEp6J,Hijikata R.,Bellucci M.,0,0,hc,1.50,away,ft,2.25,4
C0bmEp6J,Hijikata R.,Bellucci M.,0,0,hc,-1.50,home,ft,1.98,4
C0bmEp6J,Hijikata R.,Bellucci M.,0,0,hc,-1.50,away,ft,1.802,4
C0bmEp6J,Hijikata R.,Bellucci M.,0,0,hc,2.00,home,ft,1.56,3
C0bmEp6J,Hijikata R.,Bellucci M.,0,0,hc,2.00,away,ft,2.44,3
C0bmEp6J,Hijikata R.,Bellucci M.,0,0,hc,-2.00,home,ft,2.11,3
C0bmEp6J,Hijikata R.,Bellucci M.,0,0,hc,-2.00,away,ft,1.73,3
C0bmEp6J,Hijikata R.,Bellucci M.,0,0,hc,2.50,home,ft,1.46,3
C0bmEp6J,Hijikata R.,Bellucci M.,0,0,hc,2.50,away,ft,2.45,3
C0bmEp6J,Hijikata R.,Bellucci M.,0,0,hc,-2.50,home,ft,2.248,4
C0bmEp6J,Hijikata R.,Bellucci M.,0,0,hc,-2.50,away,ft,1.632,4
C0bmEp6J,Hijikata R.,Bellucci M.,0,0,hc,3.00,home,ft,1.44,3
C0bmEp6J,Hijikata R.,Bellucci M.,0,0,hc,3.00,away,ft,2.62,3
C0bmEp6J,Hijikata R.,Bellucci M.,0,0,hc,-3.00,home,ft,2.47,3
C0bmEp6J,Hijikata R.,Bellucci M.,0,0,hc,-3.00,away,ft,1.54,3
Y11znqpn,Atmane T.,Dimitrov G.,2,2,ou,2.50,over,ft,2.443,3
Y11znqpn,Atmane T.,Dimitrov G.,2,2,ou,2.50,under,ft,1.527,3
Y11znqpn,Atmane T.,Dimitrov G.,2,2,ou,16.50,under,ft,10.12,1
Y11znqpn,Atmane T.,Dimitrov G.,2,2,ou,17.50,over,ft,1.1,1
Y11znqpn,Atmane T.,Dimitrov G.,2,2,ou,17.50,under,ft,5.5,1
Y11znqpn,Atmane T.,Dimitrov G.,2,2,ou,18.50,over,ft,1.198,4
Y11znqpn,Atmane T.,Dimitrov G.,2,2,ou,18.50,under,ft,3.882,4
Y11znqpn,Atmane T.,Dimitrov G.,2,2,ou,19.00,over,ft,1.238,4
Y11znqpn,Atmane T.,Dimitrov G.,2,2,ou,19.00,under,ft,3.388,4
Y11znqpn,Atmane T.,Dimitrov G.,2,2,ou,19.50,over,ft,1.312,4
Y11znqpn,Atmane T.,Dimitrov G.,2,2,ou,19.50,under,ft,3.045,4
Y11znqpn,Atmane T.,Dimitrov G.,2,2,ou,20.00,over,ft,1.365,4
Y11znqpn,Atmane T.,Dimitrov G.,2,2,ou,20.00,under,ft,2.72,4
Y11znqpn,Atmane T.,Dimitrov G.,2,2,ou,20.50,over,ft,1.486,5
Y11znqpn,Atmane T.,Dimitrov G.,2,2,ou,20.50,under,ft,2.404,5
Y11znqpn,Atmane T.,Dimitrov G.,2,2,ou,21.00,over,ft,1.55,5
Y11znqpn,Atmane T.,Dimitrov G.,2,2,ou,21.00,under,ft,2.246,5
Y11znqpn,Atmane T.,Dimitrov G.,2,2,ou,21.50,over,ft,1.627,8
Y11znqpn,Atmane T.,Dimitrov G.,2,2,ou,21.50,under,ft,2.165,8
Y11znqpn,Atmane T.,Dimitrov G.,2,2,ou,22.00,over,ft,1.762,6
Y11znqpn,Atmane T.,Dimitrov G.,2,2,ou,22.00,under,ft,1.983,6
Y11znqpn,Atmane T.,Dimitrov G.,2,2,ou,22.50,over,ft,1.88,8
Y11znqpn,Atmane T.,Dimitrov G.,2,2,ou,22.50,under,ft,1.887,8
Y11znqpn,Atmane T.,Dimitrov G.,2,2,ou,23.00,over,ft,2.043,6
Y11znqpn,Atmane T.,Dimitrov G.,2,2,ou,23.00,under,ft,1.712,6
Y11znqpn,Atmane T.,Dimitrov G.,2,2,ou,23.50,over,ft,2.147,8
Y11znqpn,Atmane T.,Dimitrov G.,2,2,ou,23.50,under,ft,1.633,8
Y11znqpn,Atmane T.,Dimitrov G.,2,2,ou,24.00,over,ft,2.173,4
Y11znqpn,Atmane T.,Dimitrov G.,2,2,ou,24.00,under,ft,1.588,4
Y11znqpn,Atmane T.,Dimitrov G.,2,2,ou,24.50,over,ft,2.178,6
Y11znqpn,Atmane T.,Dimitrov G.,2,2,ou,24.50,under,ft,1.595,6
Y11znqpn,Atmane T.,Dimitrov G.,2,2,ou,25.00,over,ft,2.282,4
Y11znqpn,Atmane T.,Dimitrov G.,2,2,ou,25.00,under,ft,1.51,4
Y11znqpn,Atmane T.,Dimitrov G.,2,2,ou,25.50,over,ft,2.385,4
Y11znqpn,Atmane T.,Dimitrov G.,2,2,ou,25.50,under,ft,1.49,4
Y11znqpn,Atmane T.,Dimitrov G.,2,2,ou,26.50,over,ft,2.684,5
Y11znqpn,Atmane T.,Dimitrov G.,2,2,ou,26.50,under,ft,1.396,5
Y11znqpn,Atmane T.,Dimitrov G.,2,2,ou,27.50,over,ft,2.905,4
Y11znqpn,Atmane T.,Dimitrov G.,2,2,ou,27.50,under,ft,1.338,4
Y11znqpn,Atmane T.,Dimitrov G.,2,2,ou,28.50,over,ft,3.15,1
Y11znqpn,Atmane T.,Dimitrov G.,2,2,ou,28.50,under,ft,1.3,1
Y11znqpn,Atmane T.,Dimitrov G.,2,2,ou,29.50,over,ft,3.38,1
Y11znqpn,Atmane T.,Dimitrov G.,2,2,ou,29.50,under,ft,1.25,1
Y11znqpn,Atmane T.,Dimitrov G.,2,2,ou,30.50,over,ft,3.93,1
Y11znqpn,Atmane T.,Dimitrov G.,2,2,ou,30.50,under,ft,1.19,1
Y11znqpn,Atmane T.,Dimitrov G.,2,2,ou,31.50,over,ft,4.75,1
Y11znqpn,Atmane T.,Dimitrov G.,2,2,ou,31.50,under,ft,1.13,1
Y11znqpn,Atmane T.,Dimitrov G.,2,2,hc,1.50,home,ft,1.722,6
Y11znqpn,Atmane T.,Dimitrov G.,2,2,hc,1.50,away,ft,2.042,6
Y11znqpn,Atmane T.,Dimitrov G.,2,2,hc,-1.50,home,ft,5.107,4
Y11znqpn,Atmane T.,Dimitrov G.,2,2,hc,-1.50,away,ft,1.15,4
Y11znqpn,Atmane T.,Dimitrov G.,2,2,hc,0,home,ft,2.77,3
Y11znqpn,Atmane T.,Dimitrov G.,2,2,hc,0,away,ft,1.37,3
Y11znqpn,Atmane T.,Dimitrov G.,2,2,hc,0.50,home,ft,2.58,3
Y11znqpn,Atmane T.,Dimitrov G.,2,2,hc,0.50,away,ft,1.42,3
Y11znqpn,Atmane T.,Dimitrov G.,2,2,hc,1.00,home,ft,2.66,3
Y11znqpn,Atmane T.,Dimitrov G.,2,2,hc,1.00,away,ft,1.43,3
Y11znqpn,Atmane T.,Dimitrov G.,2,2,hc,1.50,home,ft,2.47,3
Y11znqpn,Atmane T.,Dimitrov G.,2,2,hc,1.50,away,ft,1.49,3
Y11znqpn,Atmane T.,Dimitrov G.,2,2,hc,2.00,home,ft,2.35,3
Y11znqpn,Atmane T.,Dimitrov G.,2,2,hc,2.00,away,ft,1.54,3
Y11znqpn,Atmane T.,Dimitrov G.,2,2,hc,2.50,home,ft,2.182,6
Y11znqpn,Atmane T.,Dimitrov G.,2,2,hc,2.50,away,ft,1.63,6
Y11znqpn,Atmane T.,Dimitrov G.,2,2,hc,2.75,home,ft,2.25,3
Y11znqpn,Atmane T.,Dimitrov G.,2,2,hc,2.75,away,ft,1.55,3
Y11znqpn,Atmane T.,Dimitrov G.,2,2,hc,3.00,home,ft,1.992,4
Y11znqpn,Atmane T.,Dimitrov G.,2,2,hc,3.00,away,ft,1.76,4
Y11znqpn,Atmane T.,Dimitrov G.,2,2,hc,3.25,home,ft,2.05,3
Y11znqpn,Atmane T.,Dimitrov G.,2,2,hc,3.25,away,ft,1.73,3
Y11znqpn,Atmane T.,Dimitrov G.,2,2,hc,3.50,home,ft,1.776,5
Y11znqpn,Atmane T.,Dimitrov G.,2,2,hc,3.50,away,ft,2.022,5
Y11znqpn,Atmane T.,Dimitrov G.,2,2,hc,3.75,home,ft,1.78,3
Y11znqpn,Atmane T.,Dimitrov G.,2,2,hc,3.75,away,ft,1.92,3
Y11znqpn,Atmane T.,Dimitrov G.,2,2,hc,4.00,home,ft,1.585,4
Y11znqpn,Atmane T.,Dimitrov G.,2,2,hc,4.00,away,ft,2.275,4
Y11znqpn,Atmane T.,Dimitrov G.,2,2,hc,4.25,home,ft,1.57,3
Y11znqpn,Atmane T.,Dimitrov G.,2,2,hc,4.25,away,ft,2.25,3
Y11znqpn,Atmane T.,Dimitrov G.,2,2,hc,4.50,home,ft,1.465,6
Y11znqpn,Atmane T.,Dimitrov G.,2,2,hc,4.50,away,ft,2.57,6
Y11znqpn,Atmane T.,Dimitrov G.,2,2,hc,5.00,home,ft,1.29,3
Y11znqpn,Atmane T.,Dimitrov G.,2,2,hc,5.00,away,ft,3.32,3
Y11znqpn,Atmane T.,Dimitrov G.,2,2,hc,5.50,home,ft,1.24,3
Y11znqpn,Atmane T.,Dimitrov G.,2,2,hc,5.50,away,ft,3.72,3
Y11znqpn,Atmane T.,Dimitrov G.,2,2,hc,6.00,home,ft,1.12,3
Y11znqpn,Atmane T.,Dimitrov G.,2,2,hc,6.00,away,ft,5.6,3
pMlvgIcT,Pacheco Mendez R.,Cobolli F.,0,0,ou,2.50,over,ft,2.657,3
pMlvgIcT,Pacheco Mendez R.,Cobolli F.,0,0,ou,2.50,under,ft,1.45,3
pMlvgIcT,Pacheco Mendez R.,Cobolli F.,0,0,ou,16.50,over,ft,1.05,1
pMlvgIcT,Pacheco Mendez R.,Cobolli F.,0,0,ou,16.50,under,ft,6.31,1
pMlvgIcT,Pacheco Mendez R.,Cobolli F.,0,0,ou,17.50,over,ft,1.16,1
pMlvgIcT,Pacheco Mendez R.,Cobolli F.,0,0,ou,17.50,under,ft,4.39,1
pMlvgIcT,Pacheco Mendez R.,Cobolli F.,0,0,ou,18.00,over,ft,1.198,4
pMlvgIcT,Pacheco Mendez R.,Cobolli F.,0,0,ou,18.00,under,ft,3.72,4
pMlvgIcT,Pacheco Mendez R.,Cobolli F.,0,0,ou,18.50,over,ft,1.268,4
pMlvgIcT,Pacheco Mendez R.,Cobolli F.,0,0,ou,18.50,under,ft,3.308,4
pMlvgIcT,Pacheco Mendez R.,Cobolli F.,0,0,ou,19.00,over,ft,1.318,4
pMlvgIcT,Pacheco Mendez R.,Cobolli F.,0,0,ou,19.00,under,ft,2.917,4
pMlvgIcT,Pacheco Mendez R.,Cobolli F.,0,0,ou,19.50,over,ft,1.497,7
pMlvgIcT,Pacheco Mendez R.,Cobolli F.,0,0,ou,19.50,under,ft,2.399,7
pMlvgIcT,Pacheco Mendez R.,Cobolli F.,0,0,ou,20.00,over,ft,1.55,5
pMlvgIcT,Pacheco Mendez R.,Cobolli F.,0,0,ou,20.00,under,ft,2.254,5
pMlvgIcT,Pacheco Mendez R.,Cobolli F.,0,0,ou,20.50,over,ft,1.641,8
pMlvgIcT,Pacheco Mendez R.,Cobolli F.,0,0,ou,20.50,under,ft,2.132,8
pMlvgIcT,Pacheco Mendez R.,Cobolli F.,0,0,ou,21.00,over,ft,1.74,6
pMlvgIcT,Pacheco Mendez R.,Cobolli F.,0,0,ou,21.00,under,ft,2.008,6
pMlvgIcT,Pacheco Mendez R.,Cobolli F.,0,0,ou,21.50,over,ft,1.856,8
pMlvgIcT,Pacheco Mendez R.,Cobolli F.,0,0,ou,21.50,under,ft,1.906,8
pMlvgIcT,Pacheco Mendez R.,Cobolli F.,0,0,ou,22.00,over,ft,1.995,6
pMlvgIcT,Pacheco Mendez R.,Cobolli F.,0,0,ou,22.00,under,ft,1.752,6
pMlvgIcT,Pacheco Mendez R.,Cobolli F.,0,0,ou,22.50,over,ft,2.127,8
pMlvgIcT,Pacheco Mendez R.,Cobolli F.,0,0,ou,22.50,under,ft,1.646,8
pMlvgIcT,Pacheco Mendez R.,Cobolli F.,0,0,ou,23.00,over,ft,2.272,4
pMlvgIcT,Pacheco Mendez R.,Cobolli F.,0,0,ou,23.00,under,ft,1.538,4
pMlvgIcT,Pacheco Mendez R.,Cobolli F.,0,0,ou,23.50,over,ft,2.382,5
pMlvgIcT,Pacheco Mendez R.,Cobolli F.,0,0,ou,23.50,under,ft,1.494,5
pMlvgIcT,Pacheco Mendez R.,Cobolli F.,0,0,ou,24.00,over,ft,2.405,4
pMlvgIcT,Pacheco Mendez R.,Cobolli F.,0,0,ou,24.00,under,ft,1.458,4
pMlvgIcT,Pacheco Mendez R.,Cobolli F.,0,0,ou,24.50,over,ft,2.415,4
pMlvgIcT,Pacheco Mendez R.,Cobolli F.,0,0,ou,24.50,under,ft,1.478,4
pMlvgIcT,Pacheco Mendez R.,Cobolli F.,0,0,ou,25.50,over,ft,2.645,4
pMlvgIcT,Pacheco Mendez R.,Cobolli F.,0,0,ou,25.50,under,ft,1.402,4
pMlvgIcT,Pacheco Mendez R.,Cobolli F.,0,0,ou,26.50,over,ft,2.94,4
pMlvgIcT,Pacheco Mendez R.,Cobolli F.,0,0,ou,26.50,under,ft,1.33,4
pMlvgIcT,Pacheco Mendez R.,Cobolli F.,0,0,ou,27.50,over,ft,3.15,1
pMlvgIcT,Pacheco Mendez R.,Cobolli F.,0,0,ou,27.50,under,ft,1.29,1
pMlvgIcT,Pacheco Mendez R.,Cobolli F.,0,0,ou,28.50,over,ft,3.44,1
pMlvgIcT,Pacheco Mendez R.,Cobolli F.,0,0,ou,28.50,under,ft,1.25,1
pMlvgIcT,Pacheco Mendez R.,Cobolli F.,0,0,ou,29.50,over,ft,3.93,1
pMlvgIcT,Pacheco Mendez R.,Cobolli F.,0,0,ou,29.50,under,ft,1.19,1
pMlvgIcT,Pacheco Mendez R.,Cobolli F.,0,0,ou,30.50,over,ft,4.55,1
pMlvgIcT,Pacheco Mendez R.,Cobolli F.,0,0,ou,30.50,under,ft,1.15,1
pMlvgIcT,Pacheco Mendez R.,Cobolli F.,0,0,ou,31.50,over,ft,5.48,1
pMlvgIcT,Pacheco Mendez R.,Cobolli F.,0,0,ou,31.50,under,ft,1.1,1
pMlvgIcT,Pacheco Mendez R.,Cobolli F.,0,0,hc,1.50,home,ft,2.055,6
pMlvgIcT,Pacheco Mendez R.,Cobolli F.,0,0,hc,1.50,away,ft,1.708,6
pMlvgIcT,Pacheco Mendez R.,Cobolli F.,0,0,hc,-1.50,home,ft,6.973,4
pMlvgIcT,Pacheco Mendez R.,Cobolli F.,0,0,hc,-1.50,away,ft,1.083,4
pMlvgIcT,Pacheco Mendez R.,Cobolli F.,0,0,hc,2.00,home,ft,3.14,3
pMlvgIcT,Pacheco Mendez R.,Cobolli F.,0,0,hc,2.00,away,ft,1.32,3
pMlvgIcT,Pacheco Mendez R.,Cobolli F.,0,0,hc,2.50,home,ft,2.81,3
pMlvgIcT,Pacheco Mendez R.,Cobolli F.,0,0,hc,2.50,away,ft,1.39,3
pMlvgIcT,Pacheco Mendez R.,Cobolli F.,0,0,hc,3.00,home,ft,2.607,4
pMlvgIcT,Pacheco Mendez R.,Cobolli F.,0,0,hc,3.00,away,ft,1.455,4
pMlvgIcT,Pacheco Mendez R.,Cobolli F.,0,0,hc,3.50,home,ft,2.235,6
pMlvgIcT,Pacheco Mendez R.,Cobolli F.,0,0,hc,3.50,away,ft,1.592,6
pMlvgIcT,Pacheco Mendez R.,Cobolli F.,0,0,hc,4.00,home,ft,1.968,4
pMlvgIcT,Pacheco Mendez R.,Cobolli F.,0,0,hc,4.00,away,ft,1.785,4
pMlvgIcT,Pacheco Mendez R.,Cobolli F.,0,0,hc,4.50,home,ft,1.722,5
pMlvgIcT,Pacheco Mendez R.,Cobolli F.,0,0,hc,4.50,away,ft,2.094,5
pMlvgIcT,Pacheco Mendez R.,Cobolli F.,0,0,hc,5.00,home,ft,1.512,4
pMlvgIcT,Pacheco Mendez R.,Cobolli F.,0,0,hc,5.00,away,ft,2.447,4
pMlvgIcT,Pacheco Mendez R.,Cobolli F.,0,0,hc,5.50,home,ft,1.463,6
pMlvgIcT,Pacheco Mendez R.,Cobolli F.,0,0,hc,5.50,away,ft,2.593,6
pMlvgIcT,Pacheco Mendez R.,Cobolli F.,0,0,hc,6.00,home,ft,1.23,3
pMlvgIcT,Pacheco Mendez R.,Cobolli F.,0,0,hc,6.00,away,ft,3.8,3
pMlvgIcT,Pacheco Mendez R.,Cobolli F.,0,0,hc,6.50,home,ft,1.225,4
pMlvgIcT,Pacheco Mendez R.,Cobolli F.,0,0,hc,6.50,away,ft,3.998,4
pMlvgIcT,Pacheco Mendez R.,Cobolli F.,0,0,hc,7.00,home,ft,1.07,3
pMlvgIcT,Pacheco Mendez R.,Cobolli F.,0,0,hc,7.00,away,ft,7.1,3
tS4rpNEb,Duckworth J.,Svrcina D.,0,0,ou,2.50,over,ft,2.333,3
tS4rpNEb,Duckworth J.,Svrcina D.,0,0,ou,2.50,under,ft,1.57,3
tS4rpNEb,Duckworth J.,Svrcina D.,0,0,ou,16.50,over,ft,1.04,1
tS4rpNEb,Duckworth J.,Svrcina D.,0,0,ou,16.50,under,ft,7.39,1
tS4rpNEb,Duckworth J.,Svrcina D.,0,0,ou,17.50,over,ft,1.12,1
tS4rpNEb,Duckworth J.,Svrcina D.,0,0,ou,17.50,under,ft,4.98,1
tS4rpNEb,Duckworth J.,Svrcina D.,0,0,ou,18.50,over,ft,1.218,4
tS4rpNEb,Duckworth J.,Svrcina D.,0,0,ou,18.50,under,ft,3.685,4
tS4rpNEb,Duckworth J.,Svrcina D.,0,0,ou,19.00,over,ft,1.29,3
tS4rpNEb,Duckworth J.,Svrcina D.,0,0,ou,19.00,under,ft,3.13,3
tS4rpNEb,Duckworth J.,Svrcina D.,0,0,ou,19.50,over,ft,1.395,4
tS4rpNEb,Duckworth J.,Svrcina D.,0,0,ou,19.50,under,ft,2.667,4
tS4rpNEb,Duckworth J.,Svrcina D.,0,0,ou,20.00,over,ft,1.422,4
tS4rpNEb,Duckworth J.,Svrcina D.,0,0,ou,20.00,under,ft,2.512,4
tS4rpNEb,Duckworth J.,Svrcina D.,0,0,ou,20.50,over,ft,1.538,5
tS4rpNEb,Duckworth J.,Svrcina D.,0,0,ou,20.50,under,ft,2.272,5
tS4rpNEb,Duckworth J.,Svrcina D.,0,0,ou,21.00,over,ft,1.627,6
tS4rpNEb,Duckworth J.,Svrcina D.,0,0,ou,21.00,under,ft,2.158,6
tS4rpNEb,Duckworth J.,Svrcina D.,0,0,ou,21.50,over,ft,1.7,8
tS4rpNEb,Duckworth J.,Svrcina D.,0,0,ou,21.50,under,ft,2.056,8
tS4rpNEb,Duckworth J.,Svrcina D.,0,0,ou,22.00,over,ft,1.843,6
tS4rpNEb,Duckworth J.,Svrcina D.,0,0,ou,22.00,under,ft,1.887,6
tS4rpNEb,Duckworth J.,Svrcina D.,0,0,ou,22.50,over,ft,1.916,8
tS4rpNEb,Duckworth J.,Svrcina D.,0,0,ou,22.50,under,ft,1.856,8
tS4rpNEb,Duckworth J.,Svrcina D.,0,0,ou,23.00,over,ft,2.087,6
tS4rpNEb,Duckworth J.,Svrcina D.,0,0,ou,23.00,under,ft,1.683,6
tS4rpNEb,Duckworth J.,Svrcina D.,0,0,ou,23.50,over,ft,2.136,7
tS4rpNEb,Duckworth J.,Svrcina D.,0,0,ou,23.50,under,ft,1.631,7
tS4rpNEb,Duckworth J.,Svrcina D.,0,0,ou,24.00,over,ft,2.166,5
tS4rpNEb,Duckworth J.,Svrcina D.,0,0,ou,24.00,under,ft,1.594,5
tS4rpNEb,Duckworth J.,Svrcina D.,0,0,ou,24.50,over,ft,2.215,6
tS4rpNEb,Duckworth J.,Svrcina D.,0,0,ou,24.50,under,ft,1.572,6
tS4rpNEb,Duckworth J.,Svrcina D.,0,0,ou,25.00,over,ft,2.34,4
tS4rpNEb,Duckworth J.,Svrcina D.,0,0,ou,25.00,under,ft,1.485,4
tS4rpNEb,Duckworth J.,Svrcina D.,0,0,ou,25.50,over,ft,2.63,4
tS4rpNEb,Duckworth J.,Svrcina D.,0,0,ou,25.50,under,ft,1.405,4
tS4rpNEb,Duckworth J.,Svrcina D.,0,0,ou,26.50,over,ft,2.972,5
tS4rpNEb,Duckworth J.,Svrcina D.,0,0,ou,26.50,under,ft,1.332,5
tS4rpNEb,Duckworth J.,Svrcina D.,0,0,ou,27.50,over,ft,2.85,4
tS4rpNEb,Duckworth J.,Svrcina D.,0,0,ou,27.50,under,ft,1.35,4
tS4rpNEb,Duckworth J.,Svrcina D.,0,0,ou,28.50,over,ft,3.15,1
tS4rpNEb,Duckworth J.,Svrcina D.,0,0,ou,28.50,under,ft,1.28,1
tS4rpNEb,Duckworth J.,Svrcina D.,0,0,ou,29.50,over,ft,3.64,1
tS4rpNEb,Duckworth J.,Svrcina D.,0,0,ou,29.50,under,ft,1.22,1
tS4rpNEb,Duckworth J.,Svrcina D.,0,0,ou,30.50,over,ft,4.36,1
tS4rpNEb,Duckworth J.,Svrcina D.,0,0,ou,30.50,under,ft,1.16,1
tS4rpNEb,Duckworth J.,Svrcina D.,0,0,ou,31.50,over,ft,5.28,1
tS4rpNEb,Duckworth J.,Svrcina D.,0,0,ou,31.50,under,ft,1.11,1
tS4rpNEb,Duckworth J.,Svrcina D.,0,0,hc,1.50,home,ft,1.49,6
tS4rpNEb,Duckworth J.,Svrcina D.,0,0,hc,1.50,away,ft,2.487,6
tS4rpNEb,Duckworth J.,Svrcina D.,0,0,hc,-1.50,home,ft,3.34,6
tS4rpNEb,Duckworth J.,Svrcina D.,0,0,hc,-1.50,away,ft,1.302,6
tS4rpNEb,Duckworth J.,Svrcina D.,0,0,hc,0,home,ft,2.17,3
tS4rpNEb,Duckworth J.,Svrcina D.,0,0,hc,0,away,ft,1.59,3
tS4rpNEb,Duckworth J.,Svrcina D.,0,0,hc,0.50,home,ft,2.06,6
tS4rpNEb,Duckworth J.,Svrcina D.,0,0,hc,0.50,away,ft,1.682,6
tS4rpNEb,Duckworth J.,Svrcina D.,0,0,hc,-0.50,home,ft,2.06,6
tS4rpNEb,Duckworth J.,Svrcina D.,0,0,hc,-0.50,away,ft,1.693,6
tS4rpNEb,Duckworth J.,Svrcina D.,0,0,hc,-0.75,home,ft,1.77,3
tS4rpNEb,Duckworth J.,Svrcina D.,0,0,hc,-0.75,away,ft,1.93,3
tS4rpNEb,Duckworth J.,Svrcina D.,0,0,hc,1.00,home,ft,2.04,4
tS4rpNEb,Duckworth J.,Svrcina D.,0,0,hc,1.00,away,ft,1.685,4
tS4rpNEb,Duckworth J.,Svrcina D.,0,0,hc,-1.00,home,ft,2.22,3
tS4rpNEb,Duckworth J.,Svrcina D.,0,0,hc,-1.00,away,ft,1.56,3
tS4rpNEb,Duckworth J.,Svrcina D.,0,0,hc,-1.25,home,ft,1.85,3
tS4rpNEb,Duckworth J.,Svrcina D.,0,0,hc,-1.25,away,ft,1.85,3
tS4rpNEb,Duckworth J.,Svrcina D.,0,0,hc,1.50,home,ft,1.973,6
tS4rpNEb,Duckworth J.,Svrcina D.,0,0,hc,1.50,away,ft,1.81,6
tS4rpNEb,Duckworth J.,Svrcina D.,0,0,hc,-1.50,home,ft,2.168,5
tS4rpNEb,Duckworth J.,Svrcina D.,0,0,hc,-1.50,away,ft,1.616,5
tS4rpNEb,Duckworth J.,Svrcina D.,0,0,hc,-1.75,home,ft,1.95,3
tS4rpNEb,Duckworth J.,Svrcina D.,0,0,hc,-1.75,away,ft,1.81,3
tS4rpNEb,Duckworth J.,Svrcina D.,0,0,hc,2.00,home,ft,1.857,4
tS4rpNEb,Duckworth J.,Svrcina D.,0,0,hc,2.00,away,ft,1.84,4
tS4rpNEb,Duckworth J.,Svrcina D.,0,0,hc,-2.00,home,ft,2.32,3
tS4rpNEb,Duckworth J.,Svrcina D.,0,0,hc,-2.00,away,ft,1.55,3
tS4rpNEb,Duckworth J.,Svrcina D.,0,0,hc,2.50,home,ft,1.757,6
tS4rpNEb,Duckworth J.,Svrcina D.,0,0,hc,2.50,away,ft,1.962,6
tS4rpNEb,Duckworth J.,Svrcina D.,0,0,hc,-2.50,home,ft,2.262,5
tS4rpNEb,Duckworth J.,Svrcina D.,0,0,hc,-2.50,away,ft,1.56,5
tS4rpNEb,Duckworth J.,Svrcina D.,0,0,hc,3.00,home,ft,1.655,4
tS4rpNEb,Duckworth J.,Svrcina D.,0,0,hc,3.00,away,ft,2.093,4
tS4rpNEb,Duckworth J.,Svrcina D.,0,0,hc,-3.00,home,ft,2.52,3
tS4rpNEb,Duckworth J.,Svrcina D.,0,0,hc,-3.00,away,ft,1.44,3
tS4rpNEb,Duckworth J.,Svrcina D.,0,0,hc,3.50,home,ft,1.592,6
tS4rpNEb,Duckworth J.,Svrcina D.,0,0,hc,3.50,away,ft,2.213,6
tS4rpNEb,Duckworth J.,Svrcina D.,0,0,hc,-3.50,home,ft,2.52,3
tS4rpNEb,Duckworth J.,Svrcina D.,0,0,hc,-3.50,away,ft,1.44,3
tS4rpNEb,Duckworth J.,Svrcina D.,0,0,hc,4.00,home,ft,1.41,3
tS4rpNEb,Duckworth J.,Svrcina D.,0,0,hc,4.00,away,ft,2.62,3
tS4rpNEb,Duckworth J.,Svrcina D.,0,0,hc,-4.00,home,ft,3.09,3
tS4rpNEb,Duckworth J.,Svrcina D.,0,0,hc,-4.00,away,ft,1.3,3
tS4rpNEb,Duckworth J.,Svrcina D.,0,0,hc,4.50,home,ft,1.34,3
tS4rpNEb,Duckworth J.,Svrcina D.,0,0,hc,4.50,away,ft,2.88,3
tS4rpNEb,Duckworth J.,Svrcina D.,0,0,hc,5.00,home,ft,1.22,3
tS4rpNEb,Duckworth J.,Svrcina D.,0,0,hc,5.00,away,ft,3.66,3
IRlGbMTi,Korda S.,Bellucci M.,,,ou,2.50,over,ft,2.55,2
IRlGbMTi,Korda S.,Bellucci M.,,,ou,2.50,under,ft,1.435,2
IRlGbMTi,Korda S.,Bellucci M.,,,ou,16.50,over,ft,1.07,1
IRlGbMTi,Korda S.,Bellucci M.,,,ou,16.50,under,ft,4.38,1
IRlGbMTi,Korda S.,Bellucci M.,,,ou,17.50,over,ft,1.14,1
IRlGbMTi,Korda S.,Bellucci M.,,,ou,17.50,under,ft,3.56,1
IRlGbMTi,Korda S.,Bellucci M.,,,ou,18.00,over,ft,1.198,4
IRlGbMTi,Korda S.,Bellucci M.,,,ou,18.00,under,ft,3.61,4
IRlGbMTi,Korda S.,Bellucci M.,,,ou,18.50,over,ft,1.315,4
IRlGbMTi,Korda S.,Bellucci M.,,,ou,18.50,under,ft,2.992,4
IRlGbMTi,Korda S.,Bellucci M.,,,ou,19.00,over,ft,1.288,4
IRlGbMTi,Korda S.,Bellucci M.,,,ou,19.00,under,ft,2.987,4
IRlGbMTi,Korda S.,Bellucci M.,,,ou,19.50,over,ft,1.475,6
IRlGbMTi,Korda S.,Bellucci M.,,,ou,19.50,under,ft,2.453,6
IRlGbMTi,Korda S.,Bellucci M.,,,ou,20.00,over,ft,1.494,5
IRlGbMTi,Korda S.,Bellucci M.,,,ou,20.00,under,ft,2.326,5
IRlGbMTi,Korda S.,Bellucci M.,,,ou,20.50,over,ft,1.644,8
IRlGbMTi,Korda S.,Bellucci M.,,,ou,20.50,under,ft,2.112,8
IRlGbMTi,Korda S.,Bellucci M.,,,ou,21.00,over,ft,1.682,5
IRlGbMTi,Korda S.,Bellucci M.,,,ou,21.00,under,ft,1.998,5
IRlGbMTi,Korda S.,Bellucci M.,,,ou,21.50,over,ft,1.812,8
IRlGbMTi,Korda S.,Bellucci M.,,,ou,21.50,under,ft,1.892,8
IRlGbMTi,Korda S.,Bellucci M.,,,ou,22.00,over,ft,1.914,5
IRlGbMTi,Korda S.,Bellucci M.,,,ou,22.00,under,ft,1.752,5
IRlGbMTi,Korda S.,Bellucci M.,,,ou,22.50,over,ft,2.089,7
IRlGbMTi,Korda S.,Bellucci M.,,,ou,22.50,under,ft,1.656,7
IRlGbMTi,Korda S.,Bellucci M.,,,ou,23.00,over,ft,2.173,4
IRlGbMTi,Korda S.,Bellucci M.,,,ou,23.00,under,ft,1.558,4
IRlGbMTi,Korda S.,Bellucci M.,,,ou,23.50,over,ft,2.295,4
IRlGbMTi,Korda S.,Bellucci M.,,,ou,23.50,under,ft,1.512,4
IRlGbMTi,Korda S.,Bellucci M.,,,ou,24.00,over,ft,2.312,4
IRlGbMTi,Korda S.,Bellucci M.,,,ou,24.00,under,ft,1.472,4
IRlGbMTi,Korda S.,Bellucci M.,,,ou,24.50,over,ft,2.38,1
IRlGbMTi,Korda S.,Bellucci M.,,,ou,24.50,under,ft,1.45,1
IRlGbMTi,Korda S.,Bellucci M.,,,ou,25.50,over,ft,2.41,1
IRlGbMTi,Korda S.,Bellucci M.,,,ou,25.50,under,ft,1.35,1
IRlGbMTi,Korda S.,Bellucci M.,,,ou,26.50,over,ft,2.64,1
IRlGbMTi,Korda S.,Bellucci M.,,,ou,26.50,under,ft,1.29,1
IRlGbMTi,Korda S.,Bellucci M.,,,ou,27.50,over,ft,2.88,1
IRlGbMTi,Korda S.,Bellucci M.,,,ou,27.50,under,ft,1.24,1
IRlGbMTi,Korda S.,Bellucci M.,,,ou,28.50,over,ft,3.04,1
IRlGbMTi,Korda S.,Bellucci M.,,,ou,28.50,under,ft,1.21,1
IRlGbMTi,Korda S.,Bellucci M.,,,ou,29.50,over,ft,3.5,1
IRlGbMTi,Korda S.,Bellucci M.,,,ou,29.50,under,ft,1.15,1
IRlGbMTi,Korda S.,Bellucci M.,,,ou,30.50,over,ft,3.93,1
IRlGbMTi,Korda S.,Bellucci M.,,,ou,30.50,under,ft,1.11,1
IRlGbMTi,Korda S.,Bellucci M.,,,ou,31.50,over,ft,4.79,1
IRlGbMTi,Korda S.,Bellucci M.,,,ou,31.50,under,ft,1.06,1
IRlGbMTi,Korda S.,Bellucci M.,,,hc,1.50,home,ft,1.108,4
IRlGbMTi,Korda S.,Bellucci M.,,,hc,1.50,away,ft,5.85,4
IRlGbMTi,Korda S.,Bellucci M.,,,hc,-1.50,home,ft,1.81,6
IRlGbMTi,Korda S.,Bellucci M.,,,hc,-1.50,away,ft,1.907,6
IRlGbMTi,Korda S.,Bellucci M.,,,hc,-1.00,home,ft,1.32,3
IRlGbMTi,Korda S.,Bellucci M.,,,hc,-1.00,away,ft,3.14,3
IRlGbMTi,Korda S.,Bellucci M.,,,hc,-1.50,home,ft,1.36,3
IRlGbMTi,Korda S.,Bellucci M.,,,hc,-1.50,away,ft,2.94,3
IRlGbMTi,Korda S.,Bellucci M.,,,hc,-2.00,home,ft,1.4,3
IRlGbMTi,Korda S.,Bellucci M.,,,hc,-2.00,away,ft,2.77,3
IRlGbMTi,Korda S.,Bellucci M.,,,hc,-2.50,home,ft,1.47,3
IRlGbMTi,Korda S.,Bellucci M.,,,hc,-2.50,away,ft,2.53,3
IRlGbMTi,Korda S.,Bellucci M.,,,hc,-3.00,home,ft,1.55,3
IRlGbMTi,Korda S.,Bellucci M.,,,hc,-3.00,away,ft,2.32,3
IRlGbMTi,Korda S.,Bellucci M.,,,hc,-3.50,home,ft,1.65,5
IRlGbMTi,Korda S.,Bellucci M.,,,hc,-3.50,away,ft,2.156,5
IRlGbMTi,Korda S.,Bellucci M.,,,hc,-4.00,home,ft,1.89,3
IRlGbMTi,Korda S.,Bellucci M.,,,hc,-4.00,away,ft,1.83,3
IRlGbMTi,Korda S.,Bellucci M.,,,hc,-4.50,home,ft,2.03,5
IRlGbMTi,Korda S.,Bellucci M.,,,hc,-4.50,away,ft,1.716,5
IRlGbMTi,Korda S.,Bellucci M.,,,hc,-5.00,home,ft,2.62,3
IRlGbMTi,Korda S.,Bellucci M.,,,hc,-5.00,away,ft,1.44,3
IRlGbMTi,Korda S.,Bellucci M.,,,hc,-5.50,home,ft,2.668,6
IRlGbMTi,Korda S.,Bellucci M.,,,hc,-5.50,away,ft,1.46,6
IRlGbMTi,Korda S.,Bellucci M.,,,hc,-6.00,home,ft,4.2,3
IRlGbMTi,Korda S.,Bellucci M.,,,hc,-6.00,away,ft,1.2,3
IRlGbMTi,Korda S.,Bellucci M.,,,hc,-6.50,home,ft,4.088,4
IRlGbMTi,Korda S.,Bellucci M.,,,hc,-6.50,away,ft,1.225,4
IRlGbMTi,Korda S.,Bellucci M.,,,hc,-7.00,home,ft,7.2,3
IRlGbMTi,Korda S.,Bellucci M.,,,hc,-7.00,away,ft,1.07,3
IRlGbMTi,Korda S.,Bellucci M.,,,hc,-7.50,home,ft,5.0,3
IRlGbMTi,Korda S.,Bellucci M.,,,hc,-7.50,away,ft,1.14,3
IRlGbMTi,Korda S.,Bellucci M.,,,hc,-8.00,home,ft,8.2,3
IRlGbMTi,Korda S.,Bellucci M.,,,hc,-8.00,away,ft,1.05,3
thzAmdLj,Mannarino A.,Spizzirri E.,,,ou,2.50,over,ft,2.235,2
thzAmdLj,Mannarino A.,Spizzirri E.,,,ou,2.50,under,ft,1.5,2
thzAmdLj,Mannarino A.,Spizzirri E.,,,ou,17.50,over,ft,1.07,1
thzAmdLj,Mannarino A.,Spizzirri E.,,,ou,17.50,under,ft,4.5,1
thzAmdLj,Mannarino A.,Spizzirri E.,,,ou,18.50,over,ft,1.12,1
thzAmdLj,Mannarino A.,Spizzirri E.,,,ou,18.50,under,ft,3.85,1
thzAmdLj,Mannarino A.,Spizzirri E.,,,ou,19.50,over,ft,1.292,4
thzAmdLj,Mannarino A.,Spizzirri E.,,,ou,19.50,under,ft,2.985,4
thzAmdLj,Mannarino A.,Spizzirri E.,,,ou,20.00,over,ft,1.335,4
thzAmdLj,Mannarino A.,Spizzirri E.,,,ou,20.00,under,ft,2.755,4
thzAmdLj,Mannarino A.,Spizzirri E.,,,ou,20.50,over,ft,1.445,4
thzAmdLj,Mannarino A.,Spizzirri E.,,,ou,20.50,under,ft,2.402,4
thzAmdLj,Mannarino A.,Spizzirri E.,,,ou,21.00,over,ft,1.498,4
thzAmdLj,Mannarino A.,Spizzirri E.,,,ou,21.00,under,ft,2.3,4
thzAmdLj,Mannarino A.,Spizzirri E.,,,ou,21.50,over,ft,1.599,7
thzAmdLj,Mannarino A.,Spizzirri E.,,,ou,21.50,under,ft,2.156,7
thzAmdLj,Mannarino A.,Spizzirri E.,,,ou,22.00,over,ft,1.694,5
thzAmdLj,Mannarino A.,Spizzirri E.,,,ou,22.00,under,ft,1.984,5
thzAmdLj,Mannarino A.,Spizzirri E.,,,ou,22.50,over,ft,1.855,8
thzAmdLj,Mannarino A.,Spizzirri E.,,,ou,22.50,under,ft,1.821,8
thzAmdLj,Mannarino A.,Spizzirri E.,,,ou,23.00,over,ft,1.948,5
thzAmdLj,Mannarino A.,Spizzirri E.,,,ou,23.00,under,ft,1.726,5
thzAmdLj,Mannarino A.,Spizzirri E.,,,ou,23.50,over,ft,2.109,7
thzAmdLj,Mannarino A.,Spizzirri E.,,,ou,23.50,under,ft,1.621,7
thzAmdLj,Mannarino A.,Spizzirri E.,,,ou,24.00,over,ft,2.077,4
thzAmdLj,Mannarino A.,Spizzirri E.,,,ou,24.00,under,ft,1.61,4
thzAmdLj,Mannarino A.,Spizzirri E.,,,ou,24.50,over,ft,2.165,4
thzAmdLj,Mannarino A.,Spizzirri E.,,,ou,24.50,under,ft,1.555,4
thzAmdLj,Mannarino A.,Spizzirri E.,,,ou,25.00,over,ft,2.192,4
thzAmdLj,Mannarino A.,Spizzirri E.,,,ou,25.00,under,ft,1.525,4
thzAmdLj,Mannarino A.,Spizzirri E.,,,ou,25.50,over,ft,2.375,4
thzAmdLj,Mannarino A.,Spizzirri E.,,,ou,25.50,under,ft,1.46,4
thzAmdLj,Mannarino A.,Spizzirri E.,,,ou,26.50,over,ft,2.67,4
thzAmdLj,Mannarino A.,Spizzirri E.,,,ou,26.50,under,ft,1.365,4
thzAmdLj,Mannarino A.,Spizzirri E.,,,ou,27.50,over,ft,2.982,4
thzAmdLj,Mannarino A.,Spizzirri E.,,,ou,27.50,under,ft,1.298,4
thzAmdLj,Mannarino A.,Spizzirri E.,,,ou,28.50,over,ft,2.94,1
thzAmdLj,Mannarino A.,Spizzirri E.,,,ou,28.50,under,ft,1.23,1
thzAmdLj,Mannarino A.,Spizzirri E.,,,ou,29.50,over,ft,3.33,1
thzAmdLj,Mannarino A.,Spizzirri E.,,,ou,29.50,under,ft,1.17,1
thzAmdLj,Mannarino A.,Spizzirri E.,,,ou,30.50,over,ft,3.93,1
thzAmdLj,Mannarino A.,Spizzirri E.,,,ou,30.50,under,ft,1.11,1
thzAmdLj,Mannarino A.,Spizzirri E.,,,ou,31.50,over,ft,4.69,1
thzAmdLj,Mannarino A.,Spizzirri E.,,,ou,31.50,under,ft,1.06,1
thzAmdLj,Mannarino A.,Spizzirri E.,,,hc,1.50,home,ft,1.538,6
thzAmdLj,Mannarino A.,Spizzirri E.,,,hc,1.50,away,ft,2.29,6
thzAmdLj,Mannarino A.,Spizzirri E.,,,hc,-1.50,home,ft,4.055,4
thzAmdLj,Mannarino A.,Spizzirri E.,,,hc,-1.50,away,ft,1.19,4
thzAmdLj,Mannarino A.,Spizzirri E.,,,hc,0,home,ft,2.32,3
thzAmdLj,Mannarino A.,Spizzirri E.,,,hc,0,away,ft,1.55,3
thzAmdLj,Mannarino A.,Spizzirri E.,,,hc,0.50,home,ft,2.22,3
thzAmdLj,Mannarino A.,Spizzirri E.,,,hc,0.50,away,ft,1.6,3
thzAmdLj,Mannarino A.,Spizzirri E.,,,hc,1.00,home,ft,2.25,3
thzAmdLj,Mannarino A.,Spizzirri E.,,,hc,1.00,away,ft,1.54,3
thzAmdLj,Mannarino A.,Spizzirri E.,,,hc,1.50,home,ft,2.096,5
thzAmdLj,Mannarino A.,Spizzirri E.,,,hc,1.50,away,ft,1.648,5
thzAmdLj,Mannarino A.,Spizzirri E.,,,hc,2.00,home,ft,2.02,3
thzAmdLj,Mannarino A.,Spizzirri E.,,,hc,2.00,away,ft,1.67,3
thzAmdLj,Mannarino A.,Spizzirri E.,,,hc,2.50,home,ft,1.892,5
thzAmdLj,Mannarino A.,Spizzirri E.,,,hc,2.50,away,ft,1.794,5
thzAmdLj,Mannarino A.,Spizzirri E.,,,hc,3.00,home,ft,1.72,3
thzAmdLj,Mannarino A.,Spizzirri E.,,,hc,3.00,away,ft,1.96,3
thzAmdLj,Mannarino A.,Spizzirri E.,,,hc,3.50,home,ft,1.632,6
thzAmdLj,Mannarino A.,Spizzirri E.,,,hc,3.50,away,ft,2.122,6
thzAmdLj,Mannarino A.,Spizzirri E.,,,hc,4.00,home,ft,1.43,3
thzAmdLj,Mannarino A.,Spizzirri E.,,,hc,4.00,away,ft,2.56,3
thzAmdLj,Mannarino A.,Spizzirri E.,,,hc,4.50,home,ft,1.36,4
thzAmdLj,Mannarino A.,Spizzirri E.,,,hc,4.50,away,ft,2.84,4
thzAmdLj,Mannarino A.,Spizzirri E.,,,hc,5.00,home,ft,1.2,3
thzAmdLj,Mannarino A.,Spizzirri E.,,,hc,5.00,away,ft,3.89,3
thzAmdLj,Mannarino A.,Spizzirri E.,,,hc,5.50,home,ft,1.25,3
thzAmdLj,Mannarino A.,Spizzirri E.,,,hc,5.50,away,ft,3.62,3
thzAmdLj,Mannarino A.,Spizzirri E.,,,hc,6.00,home,ft,1.13,3
thzAmdLj,Mannarino A.,Spizzirri E.,,,hc,6.00,away,ft,5.25,3
jLdUzJyo,Jodar R.,Norrie C.,2,2,ou,2.50,over,ft,2.28,3
jLdUzJyo,Jodar R.,Norrie C.,2,2,ou,2.50,under,ft,1.597,3
jLdUzJyo,Jodar R.,Norrie C.,2,2,ou,16.50,over,ft,1.02,1
jLdUzJyo,Jodar R.,Norrie C.,2,2,ou,16.50,under,ft,8.49,1
jLdUzJyo,Jodar R.,Norrie C.,2,2,ou,17.50,over,ft,1.08,1
jLdUzJyo,Jodar R.,Norrie C.,2,2,ou,17.50,under,ft,5.43,1
jLdUzJyo,Jodar R.,Norrie C.,2,2,ou,18.50,over,ft,1.17,1
jLdUzJyo,Jodar R.,Norrie C.,2,2,ou,18.50,under,ft,4.34,1
jLdUzJyo,Jodar R.,Norrie C.,2,2,ou,19.50,over,ft,1.26,4
jLdUzJyo,Jodar R.,Norrie C.,2,2,ou,19.50,under,ft,3.38,4
jLdUzJyo,Jodar R.,Norrie C.,2,2,ou,20.00,over,ft,1.37,4
jLdUzJyo,Jodar R.,Norrie C.,2,2,ou,20.00,under,ft,2.708,4
jLdUzJyo,Jodar R.,Norrie C.,2,2,ou,20.50,over,ft,1.474,5
jLdUzJyo,Jodar R.,Norrie C.,2,2,ou,20.50,under,ft,2.45,5
jLdUzJyo,Jodar R.,Norrie C.,2,2,ou,21.00,over,ft,1.538,4
jLdUzJyo,Jodar R.,Norrie C.,2,2,ou,21.00,under,ft,2.277,4
jLdUzJyo,Jodar R.,Norrie C.,2,2,ou,21.50,over,ft,1.636,8
jLdUzJyo,Jodar R.,Norrie C.,2,2,ou,21.50,under,ft,2.167,8
jLdUzJyo,Jodar R.,Norrie C.,2,2,ou,22.00,over,ft,1.763,6
jLdUzJyo,Jodar R.,Norrie C.,2,2,ou,22.00,under,ft,1.988,6
jLdUzJyo,Jodar R.,Norrie C.,2,2,ou,22.50,over,ft,1.877,8
jLdUzJyo,Jodar R.,Norrie C.,2,2,ou,22.50,under,ft,1.866,8
jLdUzJyo,Jodar R.,Norrie C.,2,2,ou,23.00,over,ft,2.02,6
jLdUzJyo,Jodar R.,Norrie C.,2,2,ou,23.00,under,ft,1.742,6
jLdUzJyo,Jodar R.,Norrie C.,2,2,ou,23.50,over,ft,2.04,8
jLdUzJyo,Jodar R.,Norrie C.,2,2,ou,23.50,under,ft,1.751,8
jLdUzJyo,Jodar R.,Norrie C.,2,2,ou,24.00,over,ft,2.12,5
jLdUzJyo,Jodar R.,Norrie C.,2,2,ou,24.00,under,ft,1.634,5
jLdUzJyo,Jodar R.,Norrie C.,2,2,ou,24.50,over,ft,2.118,6
jLdUzJyo,Jodar R.,Norrie C.,2,2,ou,24.50,under,ft,1.62,6
jLdUzJyo,Jodar R.,Norrie C.,2,2,ou,25.00,over,ft,2.25,4
jLdUzJyo,Jodar R.,Norrie C.,2,2,ou,25.00,under,ft,1.528,4
jLdUzJyo,Jodar R.,Norrie C.,2,2,ou,25.50,over,ft,2.105,4
jLdUzJyo,Jodar R.,Norrie C.,2,2,ou,25.50,under,ft,1.625,4
jLdUzJyo,Jodar R.,Norrie C.,2,2,ou,26.00,over,ft,2.253,4
jLdUzJyo,Jodar R.,Norrie C.,2,2,ou,26.00,under,ft,1.515,4
jLdUzJyo,Jodar R.,Norrie C.,2,2,ou,26.50,over,ft,2.376,5
jLdUzJyo,Jodar R.,Norrie C.,2,2,ou,26.50,under,ft,1.498,5
jLdUzJyo,Jodar R.,Norrie C.,2,2,ou,27.50,over,ft,2.543,4
jLdUzJyo,Jodar R.,Norrie C.,2,2,ou,27.50,under,ft,1.438,4
jLdUzJyo,Jodar R.,Norrie C.,2,2,ou,28.50,over,ft,3.04,1
jLdUzJyo,Jodar R.,Norrie C.,2,2,ou,28.50,under,ft,1.32,1
jLdUzJyo,Jodar R.,Norrie C.,2,2,ou,29.50,over,ft,3.2,1
jLdUzJyo,Jodar R.,Norrie C.,2,2,ou,29.50,under,ft,1.28,1
jLdUzJyo,Jodar R.,Norrie C.,2,2,ou,30.50,over,ft,3.68,1
jLdUzJyo,Jodar R.,Norrie C.,2,2,ou,30.50,under,ft,1.22,1
jLdUzJyo,Jodar R.,Norrie C.,2,2,ou,31.50,over,ft,4.46,1
jLdUzJyo,Jodar R.,Norrie C.,2,2,ou,31.50,under,ft,1.15,1
jLdUzJyo,Jodar R.,Norrie C.,2,2,ou,32.50,over,ft,5.67,1
jLdUzJyo,Jodar R.,Norrie C.,2,2,ou,32.50,under,ft,1.09,1
jLdUzJyo,Jodar R.,Norrie C.,2,2,hc,1.50,home,ft,1.465,6
jLdUzJyo,Jodar R.,Norrie C.,2,2,hc,1.50,away,ft,2.582,6
jLdUzJyo,Jodar R.,Norrie C.,2,2,hc,-1.50,home,ft,3.585,4
jLdUzJyo,Jodar R.,Norrie C.,2,2,hc,-1.50,away,ft,1.27,4
jLdUzJyo,Jodar R.,Norrie C.,2,2,hc,0,home,ft,2.208,4
jLdUzJyo,Jodar R.,Norrie C.,2,2,hc,0,away,ft,1.633,4
jLdUzJyo,Jodar R.,Norrie C.,2,2,hc,0.50,home,ft,2.148,6
jLdUzJyo,Jodar R.,Norrie C.,2,2,hc,0.50,away,ft,1.662,6
jLdUzJyo,Jodar R.,Norrie C.,2,2,hc,-0.50,home,ft,2.16,5
jLdUzJyo,Jodar R.,Norrie C.,2,2,hc,-0.50,away,ft,1.652,5
jLdUzJyo,Jodar R.,Norrie C.,2,2,hc,0.75,home,ft,2.0,3
jLdUzJyo,Jodar R.,Norrie C.,2,2,hc,0.75,away,ft,1.73,3
jLdUzJyo,Jodar R.,Norrie C.,2,2,hc,1.00,home,ft,2.045,4
jLdUzJyo,Jodar R.,Norrie C.,2,2,hc,1.00,away,ft,1.742,4
jLdUzJyo,Jodar R.,Norrie C.,2,2,hc,-1.00,home,ft,2.26,4
jLdUzJyo,Jodar R.,Norrie C.,2,2,hc,-1.00,away,ft,1.598,4
jLdUzJyo,Jodar R.,Norrie C.,2,2,hc,1.25,home,ft,1.93,3
jLdUzJyo,Jodar R.,Norrie C.,2,2,hc,1.25,away,ft,1.83,3
jLdUzJyo,Jodar R.,Norrie C.,2,2,hc,1.50,home,ft,1.886,5
jLdUzJyo,Jodar R.,Norrie C.,2,2,hc,1.50,away,ft,1.902,5
jLdUzJyo,Jodar R.,Norrie C.,2,2,hc,-1.50,home,ft,2.2,3
jLdUzJyo,Jodar R.,Norrie C.,2,2,hc,-1.50,away,ft,1.56,3
jLdUzJyo,Jodar R.,Norrie C.,2,2,hc,1.75,home,ft,1.8,3
jLdUzJyo,Jodar R.,Norrie C.,2,2,hc,1.75,away,ft,1.9,3
jLdUzJyo,Jodar R.,Norrie C.,2,2,hc,2.00,home,ft,1.855,4
jLdUzJyo,Jodar R.,Norrie C.,2,2,hc,2.00,away,ft,1.9,4
jLdUzJyo,Jodar R.,Norrie C.,2,2,hc,-2.00,home,ft,2.38,3
jLdUzJyo,Jodar R.,Norrie C.,2,2,hc,-2.00,away,ft,1.49,3
jLdUzJyo,Jodar R.,Norrie C.,2,2,hc,2.25,home,ft,1.68,3
jLdUzJyo,Jodar R.,Norrie C.,2,2,hc,2.25,away,ft,2.05,3
jLdUzJyo,Jodar R.,Norrie C.,2,2,hc,2.50,home,ft,1.748,6
jLdUzJyo,Jodar R.,Norrie C.,2,2,hc,2.50,away,ft,2.025,6
jLdUzJyo,Jodar R.,Norrie C.,2,2,hc,3.00,home,ft,1.65,4
jLdUzJyo,Jodar R.,Norrie C.,2,2,hc,3.00,away,ft,2.152,4
jLdUzJyo,Jodar R.,Norrie C.,2,2,hc,3.50,home,ft,1.57,3
jLdUzJyo,Jodar R.,Norrie C.,2,2,hc,3.50,away,ft,2.28,3
jLdUzJyo,Jodar R.,Norrie C.,2,2,hc,4.00,home,ft,1.41,3
jLdUzJyo,Jodar R.,Norrie C.,2,2,hc,4.00,away,ft,2.73,3
jLdUzJyo,Jodar R.,Norrie C.,2,2,hc,4.50,home,ft,1.35,3
jLdUzJyo,Jodar R.,Norrie C.,2,2,hc,4.50,away,ft,2.98,3
jLdUzJyo,Jodar R.,Norrie C.,2,2,hc,5.00,home,ft,1.22,3
jLdUzJyo,Jodar R.,Norrie C.,2,2,hc,5.00,away,ft,3.9,3
Kx6btuEN,Walton A.,Kovacevic A.,0,0,ou,2.50,over,ft,2.233,3
Kx6btuEN,Walton A.,Kovacevic A.,0,0,ou,2.50,under,ft,1.637,3
Kx6btuEN,Walton A.,Kovacevic A.,0,0,ou,16.50,under,ft,16.05,1
Kx6btuEN,Walton A.,Kovacevic A.,0,0,ou,17.50,over,ft,1.02,1
Kx6btuEN,Walton A.,Kovacevic A.,0,0,ou,17.50,under,ft,8.56,1
Kx6btuEN,Walton A.,Kovacevic A.,0,0,ou,18.50,over,ft,1.11,1
Kx6btuEN,Walton A.,Kovacevic A.,0,0,ou,18.50,under,ft,5.21,1
Kx6btuEN,Walton A.,Kovacevic A.,0,0,ou,19.50,over,ft,1.235,4
Kx6btuEN,Walton A.,Kovacevic A.,0,0,ou,19.50,under,ft,3.58,4
Kx6btuEN,Walton A.,Kovacevic A.,0,0,ou,20.00,over,ft,1.238,4
Kx6btuEN,Walton A.,Kovacevic A.,0,0,ou,20.00,under,ft,3.375,4
Kx6btuEN,Walton A.,Kovacevic A.,0,0,ou,20.50,over,ft,1.353,4
Kx6btuEN,Walton A.,Kovacevic A.,0,0,ou,20.50,under,ft,2.837,4
Kx6btuEN,Walton A.,Kovacevic A.,0,0,ou,21.00,over,ft,1.365,4
Kx6btuEN,Walton A.,Kovacevic A.,0,0,ou,21.00,under,ft,3.038,4
Kx6btuEN,Walton A.,Kovacevic A.,0,0,ou,21.50,over,ft,1.474,5
Kx6btuEN,Walton A.,Kovacevic A.,0,0,ou,21.50,under,ft,2.596,5
Kx6btuEN,Walton A.,Kovacevic A.,0,0,ou,22.00,over,ft,1.542,5
Kx6btuEN,Walton A.,Kovacevic A.,0,0,ou,22.00,under,ft,2.382,5
Kx6btuEN,Walton A.,Kovacevic A.,0,0,ou,22.50,over,ft,1.672,8
Kx6btuEN,Walton A.,Kovacevic A.,0,0,ou,22.50,under,ft,2.147,8
Kx6btuEN,Walton A.,Kovacevic A.,0,0,ou,23.00,over,ft,1.798,6
Kx6btuEN,Walton A.,Kovacevic A.,0,0,ou,23.00,under,ft,1.992,6
Kx6btuEN,Walton A.,Kovacevic A.,0,0,ou,23.50,over,ft,1.92,8
Kx6btuEN,Walton A.,Kovacevic A.,0,0,ou,23.50,under,ft,1.859,8
Kx6btuEN,Walton A.,Kovacevic A.,0,0,ou,24.00,over,ft,1.96,6
Kx6btuEN,Walton A.,Kovacevic A.,0,0,ou,24.00,under,ft,1.822,6
Kx6btuEN,Walton A.,Kovacevic A.,0,0,ou,24.50,over,ft,2.002,8
Kx6btuEN,Walton A.,Kovacevic A.,0,0,ou,24.50,under,ft,1.776,8
Kx6btuEN,Walton A.,Kovacevic A.,0,0,ou,25.00,over,ft,2.07,4
Kx6btuEN,Walton A.,Kovacevic A.,0,0,ou,25.00,under,ft,1.73,4
Kx6btuEN,Walton A.,Kovacevic A.,0,0,ou,25.50,over,ft,2.145,4
Kx6btuEN,Walton A.,Kovacevic A.,0,0,ou,25.50,under,ft,1.682,4
Kx6btuEN,Walton A.,Kovacevic A.,0,0,ou,26.00,over,ft,2.3,4
Kx6btuEN,Walton A.,Kovacevic A.,0,0,ou,26.00,under,ft,1.588,4
Kx6btuEN,Walton A.,Kovacevic A.,0,0,ou,26.50,over,ft,2.382,4
Kx6btuEN,Walton A.,Kovacevic A.,0,0,ou,26.50,under,ft,1.49,4
Kx6btuEN,Walton A.,Kovacevic A.,0,0,ou,27.50,over,ft,2.567,4
Kx6btuEN,Walton A.,Kovacevic A.,0,0,ou,27.50,under,ft,1.43,4
Kx6btuEN,Walton A.,Kovacevic A.,0,0,ou,28.50,over,ft,2.71,1
Kx6btuEN,Walton A.,Kovacevic A.,0,0,ou,28.50,under,ft,1.39,1
Kx6btuEN,Walton A.,Kovacevic A.,0,0,ou,29.50,over,ft,3.05,1
Kx6btuEN,Walton A.,Kovacevic A.,0,0,ou,29.50,under,ft,1.32,1
Kx6btuEN,Walton A.,Kovacevic A.,0,0,ou,30.50,over,ft,3.36,1
Kx6btuEN,Walton A.,Kovacevic A.,0,0,ou,30.50,under,ft,1.26,1
Kx6btuEN,Walton A.,Kovacevic A.,0,0,ou,31.50,over,ft,4.02,1
Kx6btuEN,Walton A.,Kovacevic A.,0,0,ou,31.50,under,ft,1.19,1
Kx6btuEN,Walton A.,Kovacevic A.,0,0,ou,32.50,over,ft,5.08,1
Kx6btuEN,Walton A.,Kovacevic A.,0,0,ou,32.50,under,ft,1.12,1
Kx6btuEN,Walton A.,Kovacevic A.,0,0,hc,1.50,home,ft,1.448,6
Kx6btuEN,Walton A.,Kovacevic A.,0,0,hc,1.50,away,ft,2.638,6
Kx6btuEN,Walton A.,Kovacevic A.,0,0,hc,-1.50,home,ft,3.685,4
Kx6btuEN,Walton A.,Kovacevic A.,0,0,hc,-1.50,away,ft,1.258,4
Kx6btuEN,Walton A.,Kovacevic A.,0,0,hc,0,home,ft,2.23,3
Kx6btuEN,Walton A.,Kovacevic A.,0,0,hc,0,away,ft,1.66,3
Kx6btuEN,Walton A.,Kovacevic A.,0,0,hc,0.50,home,ft,2.102,6
Kx6btuEN,Walton A.,Kovacevic A.,0,0,hc,0.50,away,ft,1.718,6
Kx6btuEN,Walton A.,Kovacevic A.,0,0,hc,-0.50,home,ft,2.24,4
Kx6btuEN,Walton A.,Kovacevic A.,0,0,hc,-0.50,away,ft,1.643,4
Kx6btuEN,Walton A.,Kovacevic A.,0,0,hc,0.75,home,ft,1.87,3
Kx6btuEN,Walton A.,Kovacevic A.,0,0,hc,0.75,away,ft,1.83,3
Kx6btuEN,Walton A.,Kovacevic A.,0,0,hc,1.00,home,ft,2.01,4
Kx6btuEN,Walton A.,Kovacevic A.,0,0,hc,1.00,away,ft,1.808,4
Kx6btuEN,Walton A.,Kovacevic A.,0,0,hc,-1.00,home,ft,2.47,3
Kx6btuEN,Walton A.,Kovacevic A.,0,0,hc,-1.00,away,ft,1.54,3
Kx6btuEN,Walton A.,Kovacevic A.,0,0,hc,1.25,home,ft,1.83,3
Kx6btuEN,Walton A.,Kovacevic A.,0,0,hc,1.25,away,ft,1.94,3
Kx6btuEN,Walton A.,Kovacevic A.,0,0,hc,1.50,home,ft,1.906,5
Kx6btuEN,Walton A.,Kovacevic A.,0,0,hc,1.50,away,ft,1.886,5
Kx6btuEN,Walton A.,Kovacevic A.,0,0,hc,-1.50,home,ft,2.41,3
Kx6btuEN,Walton A.,Kovacevic A.,0,0,hc,-1.50,away,ft,1.48,3
Kx6btuEN,Walton A.,Kovacevic A.,0,0,hc,1.75,home,ft,1.7,3
Kx6btuEN,Walton A.,Kovacevic A.,0,0,hc,1.75,away,ft,2.02,3
Kx6btuEN,Walton A.,Kovacevic A.,0,0,hc,2.00,home,ft,1.795,4
Kx6btuEN,Walton A.,Kovacevic A.,0,0,hc,2.00,away,ft,2.025,4
Kx6btuEN,Walton A.,Kovacevic A.,0,0,hc,-2.00,home,ft,2.46,3
Kx6btuEN,Walton A.,Kovacevic A.,0,0,hc,-2.00,away,ft,1.46,3
Kx6btuEN,Walton A.,Kovacevic A.,0,0,hc,2.50,home,ft,1.68,6
Kx6btuEN,Walton A.,Kovacevic A.,0,0,hc,2.50,away,ft,2.155,6
Kx6btuEN,Walton A.,Kovacevic A.,0,0,hc,3.00,home,ft,1.532,4
Kx6btuEN,Walton A.,Kovacevic A.,0,0,hc,3.00,away,ft,2.52,4
Kx6btuEN,Walton A.,Kovacevic A.,0,0,hc,3.50,home,ft,1.43,3
Kx6btuEN,Walton A.,Kovacevic A.,0,0,hc,3.50,away,ft,2.83,3
Kx6btuEN,Walton A.,Kovacevic A.,0,0,hc,4.00,home,ft,1.26,3
Kx6btuEN,Walton A.,Kovacevic A.,0,0,hc,4.00,away,ft,3.863,3
n5VTiPi2,Vacherot V.,Wong C.,2,2,ou,2.50,over,ft,2.5,2
n5VTiPi2,Vacherot V.,Wong C.,2,2,ou,2.50,under,ft,1.515,2
n5VTiPi2,Vacherot V.,Wong C.,2,2,ou,16.50,under,ft,10.19,1
n5VTiPi2,Vacherot V.,Wong C.,2,2,ou,17.50,over,ft,1.09,1
n5VTiPi2,Vacherot V.,Wong C.,2,2,ou,17.50,under,ft,5.69,1
n5VTiPi2,Vacherot V.,Wong C.,2,2,ou,18.50,over,ft,1.18,1
n5VTiPi2,Vacherot V.,Wong C.,2,2,ou,18.50,under,ft,4.17,1
n5VTiPi2,Vacherot V.,Wong C.,2,2,ou,19.50,over,ft,1.31,1
n5VTiPi2,Vacherot V.,Wong C.,2,2,ou,19.50,under,ft,3.08,1
n5VTiPi2,Vacherot V.,Wong C.,2,2,ou,20.00,over,ft,1.338,4
n5VTiPi2,Vacherot V.,Wong C.,2,2,ou,20.00,under,ft,2.83,4
n5VTiPi2,Vacherot V.,Wong C.,2,2,ou,20.50,over,ft,1.452,4
n5VTiPi2,Vacherot V.,Wong C.,2,2,ou,20.50,under,ft,2.482,4
n5VTiPi2,Vacherot V.,Wong C.,2,2,ou,21.00,over,ft,1.505,4
n5VTiPi2,Vacherot V.,Wong C.,2,2,ou,21.00,under,ft,2.348,4
n5VTiPi2,Vacherot V.,Wong C.,2,2,ou,21.50,over,ft,1.614,8
n5VTiPi2,Vacherot V.,Wong C.,2,2,ou,21.50,under,ft,2.203,8
n5VTiPi2,Vacherot V.,Wong C.,2,2,ou,22.00,over,ft,1.745,6
n5VTiPi2,Vacherot V.,Wong C.,2,2,ou,22.00,under,ft,2.015,6
n5VTiPi2,Vacherot V.,Wong C.,2,2,ou,22.50,over,ft,1.894,8
n5VTiPi2,Vacherot V.,Wong C.,2,2,ou,22.50,under,ft,1.859,8
n5VTiPi2,Vacherot V.,Wong C.,2,2,ou,23.00,over,ft,2.03,6
n5VTiPi2,Vacherot V.,Wong C.,2,2,ou,23.00,under,ft,1.732,6
n5VTiPi2,Vacherot V.,Wong C.,2,2,ou,23.50,over,ft,2.069,8
n5VTiPi2,Vacherot V.,Wong C.,2,2,ou,23.50,under,ft,1.738,8
n5VTiPi2,Vacherot V.,Wong C.,2,2,ou,24.00,over,ft,2.092,6
n5VTiPi2,Vacherot V.,Wong C.,2,2,ou,24.00,under,ft,1.655,6
n5VTiPi2,Vacherot V.,Wong C.,2,2,ou,24.50,over,ft,2.108,6
n5VTiPi2,Vacherot V.,Wong C.,2,2,ou,24.50,under,ft,1.637,6
n5VTiPi2,Vacherot V.,Wong C.,2,2,ou,25.00,over,ft,2.235,4
n5VTiPi2,Vacherot V.,Wong C.,2,2,ou,25.00,under,ft,1.53,4
n5VTiPi2,Vacherot V.,Wong C.,2,2,ou,25.50,over,ft,2.183,4
n5VTiPi2,Vacherot V.,Wong C.,2,2,ou,25.50,under,ft,1.583,4
n5VTiPi2,Vacherot V.,Wong C.,2,2,ou,26.00,over,ft,2.29,4
n5VTiPi2,Vacherot V.,Wong C.,2,2,ou,26.00,under,ft,1.512,4
n5VTiPi2,Vacherot V.,Wong C.,2,2,ou,26.50,over,ft,2.57,1
n5VTiPi2,Vacherot V.,Wong C.,2,2,ou,26.50,under,ft,1.43,1
n5VTiPi2,Vacherot V.,Wong C.,2,2,ou,27.50,over,ft,2.77,1
n5VTiPi2,Vacherot V.,Wong C.,2,2,ou,27.50,under,ft,1.38,1
n5VTiPi2,Vacherot V.,Wong C.,2,2,ou,28.50,over,ft,3.07,1
n5VTiPi2,Vacherot V.,Wong C.,2,2,ou,28.50,under,ft,1.31,1
n5VTiPi2,Vacherot V.,Wong C.,2,2,ou,29.50,over,ft,3.36,1
n5VTiPi2,Vacherot V.,Wong C.,2,2,ou,29.50,under,ft,1.26,1
n5VTiPi2,Vacherot V.,Wong C.,2,2,ou,30.50,over,ft,3.75,1
n5VTiPi2,Vacherot V.,Wong C.,2,2,ou,30.50,under,ft,1.21,1
n5VTiPi2,Vacherot V.,Wong C.,2,2,ou,31.50,over,ft,4.52,1
n5VTiPi2,Vacherot V.,Wong C.,2,2,ou,31.50,under,ft,1.14,1
n5VTiPi2,Vacherot V.,Wong C.,2,2,ou,32.50,over,ft,5.48,1
n5VTiPi2,Vacherot V.,Wong C.,2,2,ou,32.50,under,ft,1.1,1
n5VTiPi2,Vacherot V.,Wong C.,2,2,hc,1.50,home,ft,1.177,4
n5VTiPi2,Vacherot V.,Wong C.,2,2,hc,1.50,away,ft,4.667,4
n5VTiPi2,Vacherot V.,Wong C.,2,2,hc,-1.50,home,ft,2.137,6
n5VTiPi2,Vacherot V.,Wong C.,2,2,hc,-1.50,away,ft,1.66,6
n5VTiPi2,Vacherot V.,Wong C.,2,2,hc,0,home,ft,1.41,3
n5VTiPi2,Vacherot V.,Wong C.,2,2,hc,0,away,ft,2.73,3
n5VTiPi2,Vacherot V.,Wong C.,2,2,hc,-0.50,home,ft,1.46,3
n5VTiPi2,Vacherot V.,Wong C.,2,2,hc,-0.50,away,ft,2.56,3
n5VTiPi2,Vacherot V.,Wong C.,2,2,hc,-1.00,home,ft,1.49,3
n5VTiPi2,Vacherot V.,Wong C.,2,2,hc,-1.00,away,ft,2.47,3
n5VTiPi2,Vacherot V.,Wong C.,2,2,hc,-1.50,home,ft,1.545,6
n5VTiPi2,Vacherot V.,Wong C.,2,2,hc,-1.50,away,ft,2.357,6
n5VTiPi2,Vacherot V.,Wong C.,2,2,hc,-2.00,home,ft,1.618,4
n5VTiPi2,Vacherot V.,Wong C.,2,2,hc,-2.00,away,ft,2.237,4
n5VTiPi2,Vacherot V.,Wong C.,2,2,hc,-2.50,home,ft,1.753,6
n5VTiPi2,Vacherot V.,Wong C.,2,2,hc,-2.50,away,ft,2.07,6
n5VTiPi2,Vacherot V.,Wong C.,2,2,hc,-3.00,home,ft,1.873,4
n5VTiPi2,Vacherot V.,Wong C.,2,2,hc,-3.00,away,ft,1.885,4
n5VTiPi2,Vacherot V.,Wong C.,2,2,hc,-3.50,home,ft,2.057,6
n5VTiPi2,Vacherot V.,Wong C.,2,2,hc,-3.50,away,ft,1.713,6
n5VTiPi2,Vacherot V.,Wong C.,2,2,hc,-4.00,home,ft,2.43,4
n5VTiPi2,Vacherot V.,Wong C.,2,2,hc,-4.00,away,ft,1.528,4
n5VTiPi2,Vacherot V.,Wong C.,2,2,hc,-4.50,home,ft,2.622,5
n5VTiPi2,Vacherot V.,Wong C.,2,2,hc,-4.50,away,ft,1.452,5
n5VTiPi2,Vacherot V.,Wong C.,2,2,hc,-5.00,home,ft,3.62,3
n5VTiPi2,Vacherot V.,Wong C.,2,2,hc,-5.00,away,ft,1.25,3
n5VTiPi2,Vacherot V.,Wong C.,2,2,hc,-5.50,home,ft,4.15,3
n5VTiPi2,Vacherot V.,Wong C.,2,2,hc,-5.50,away,ft,1.2,3
n5VTiPi2,Vacherot V.,Wong C.,2,2,hc,-6.00,home,ft,6.3,3
n5VTiPi2,Vacherot V.,Wong C.,2,2,hc,-6.00,away,ft,1.09,3
r9tja7aS,Kypson P.,De Minaur A.,2,2,ou,2.50,over,ft,4.217,3
r9tja7aS,Kypson P.,De Minaur A.,2,2,ou,2.50,under,ft,1.217,3
r9tja7aS,Kypson P.,De Minaur A.,2,2,ou,15.50,over,ft,1.09,1
r9tja7aS,Kypson P.,De Minaur A.,2,2,ou,15.50,under,ft,5.79,1
r9tja7aS,Kypson P.,De Minaur A.,2,2,ou,16.50,over,ft,1.215,2
r9tja7aS,Kypson P.,De Minaur A.,2,2,ou,16.50,under,ft,4.095,2
r9tja7aS,Kypson P.,De Minaur A.,2,2,ou,17.00,over,ft,1.22,4
r9tja7aS,Kypson P.,De Minaur A.,2,2,ou,17.00,under,ft,3.565,4
r9tja7aS,Kypson P.,De Minaur A.,2,2,ou,17.50,over,ft,1.39,4
r9tja7aS,Kypson P.,De Minaur A.,2,2,ou,17.50,under,ft,2.68,4
r9tja7aS,Kypson P.,De Minaur A.,2,2,ou,18.00,over,ft,1.487,6
r9tja7aS,Kypson P.,De Minaur A.,2,2,ou,18.00,under,ft,2.48,6
r9tja7aS,Kypson P.,De Minaur A.,2,2,ou,18.50,over,ft,1.679,8
r9tja7aS,Kypson P.,De Minaur A.,2,2,ou,18.50,under,ft,2.079,8
r9tja7aS,Kypson P.,De Minaur A.,2,2,ou,19.00,over,ft,1.817,6
r9tja7aS,Kypson P.,De Minaur A.,2,2,ou,19.00,under,ft,1.928,6
r9tja7aS,Kypson P.,De Minaur A.,2,2,ou,19.50,over,ft,1.975,8
r9tja7aS,Kypson P.,De Minaur A.,2,2,ou,19.50,under,ft,1.774,8
r9tja7aS,Kypson P.,De Minaur A.,2,2,ou,20.00,over,ft,2.188,6
r9tja7aS,Kypson P.,De Minaur A.,2,2,ou,20.00,under,ft,1.632,6
r9tja7aS,Kypson P.,De Minaur A.,2,2,ou,20.50,over,ft,2.317,8
r9tja7aS,Kypson P.,De Minaur A.,2,2,ou,20.50,under,ft,1.548,8
r9tja7aS,Kypson P.,De Minaur A.,2,2,ou,21.00,over,ft,2.462,4
r9tja7aS,Kypson P.,De Minaur A.,2,2,ou,21.00,under,ft,1.465,4
r9tja7aS,Kypson P.,De Minaur A.,2,2,ou,21.50,over,ft,2.628,5
r9tja7aS,Kypson P.,De Minaur A.,2,2,ou,21.50,under,ft,1.412,5
r9tja7aS,Kypson P.,De Minaur A.,2,2,ou,22.00,over,ft,2.882,4
r9tja7aS,Kypson P.,De Minaur A.,2,2,ou,22.00,under,ft,1.328,4
r9tja7aS,Kypson P.,De Minaur A.,2,2,ou,22.50,over,ft,3.313,3
r9tja7aS,Kypson P.,De Minaur A.,2,2,ou,22.50,under,ft,1.293,3
r9tja7aS,Kypson P.,De Minaur A.,2,2,ou,23.50,over,ft,3.56,1
r9tja7aS,Kypson P.,De Minaur A.,2,2,ou,23.50,under,ft,1.24,1
r9tja7aS,Kypson P.,De Minaur A.,2,2,ou,24.50,over,ft,3.645,2
r9tja7aS,Kypson P.,De Minaur A.,2,2,ou,24.50,under,ft,1.23,2
r9tja7aS,Kypson P.,De Minaur A.,2,2,ou,25.50,over,ft,3.78,1
r9tja7aS,Kypson P.,De Minaur A.,2,2,ou,25.50,under,ft,1.21,1
r9tja7aS,Kypson P.,De Minaur A.,2,2,ou,26.50,over,ft,4.21,1
r9tja7aS,Kypson P.,De Minaur A.,2,2,ou,26.50,under,ft,1.17,1
r9tja7aS,Kypson P.,De Minaur A.,2,2,ou,27.50,over,ft,4.55,1
r9tja7aS,Kypson P.,De Minaur A.,2,2,ou,27.50,under,ft,1.15,1
r9tja7aS,Kypson P.,De Minaur A.,2,2,ou,28.50,over,ft,5.19,1
r9tja7aS,Kypson P.,De Minaur A.,2,2,ou,28.50,under,ft,1.11,1
r9tja7aS,Kypson P.,De Minaur A.,2,2,ou,29.50,over,ft,5.76,1
r9tja7aS,Kypson P.,De Minaur A.,2,2,ou,29.50,under,ft,1.09,1
r9tja7aS,Kypson P.,De Minaur A.,2,2,ou,30.50,over,ft,5.86,1
r9tja7aS,Kypson P.,De Minaur A.,2,2,ou,30.50,under,ft,1.02,1
r9tja7aS,Kypson P.,De Minaur A.,2,2,hc,1.50,home,ft,3.285,6
r9tja7aS,Kypson P.,De Minaur A.,2,2,hc,1.50,away,ft,1.293,6
r9tja7aS,Kypson P.,De Minaur A.,2,2,hc,-1.50,home,ft,11.613,4
r9tja7aS,Kypson P.,De Minaur A.,2,2,hc,-1.50,away,ft,1.04,1
r9tja7aS,Kypson P.,De Minaur A.,2,2,hc,1.50,home,ft,7.59,1
r9tja7aS,Kypson P.,De Minaur A.,2,2,hc,1.50,away,ft,1.09,1
r9tja7aS,Kypson P.,De Minaur A.,2,2,hc,3.00,home,ft,5.35,3
r9tja7aS,Kypson P.,De Minaur A.,2,2,hc,3.00,away,ft,1.13,3
r9tja7aS,Kypson P.,De Minaur A.,2,2,hc,3.50,home,ft,4.122,4
r9tja7aS,Kypson P.,De Minaur A.,2,2,hc,3.50,away,ft,1.21,4
r9tja7aS,Kypson P.,De Minaur A.,2,2,hc,4.00,home,ft,3.62,3
r9tja7aS,Kypson P.,De Minaur A.,2,2,hc,4.00,away,ft,1.25,3
r9tja7aS,Kypson P.,De Minaur A.,2,2,hc,4.50,home,ft,2.74,6
r9tja7aS,Kypson P.,De Minaur A.,2,2,hc,4.50,away,ft,1.418,6
r9tja7aS,Kypson P.,De Minaur A.,2,2,hc,5.00,home,ft,2.405,4
r9tja7aS,Kypson P.,De Minaur A.,2,2,hc,5.00,away,ft,1.535,4
r9tja7aS,Kypson P.,De Minaur A.,2,2,hc,5.50,home,ft,2.008,5
r9tja7aS,Kypson P.,De Minaur A.,2,2,hc,5.50,away,ft,1.756,5
r9tja7aS,Kypson P.,De Minaur A.,2,2,hc,6.00,home,ft,1.68,4
r9tja7aS,Kypson P.,De Minaur A.,2,2,hc,6.00,away,ft,2.123,4
r9tja7aS,Kypson P.,De Minaur A.,2,2,hc,6.50,home,ft,1.492,6
r9tja7aS,Kypson P.,De Minaur A.,2,2,hc,6.50,away,ft,2.507,6
r9tja7aS,Kypson P.,De Minaur A.,2,2,hc,7.00,home,ft,1.28,3
r9tja7aS,Kypson P.,De Minaur A.,2,2,hc,7.00,away,ft,3.4,3
r9tja7aS,Kypson P.,De Minaur A.,2,2,hc,7.50,home,ft,1.218,4
r9tja7aS,Kypson P.,De Minaur A.,2,2,hc,7.50,away,ft,4.013,4
r9tja7aS,Kypson P.,De Minaur A.,2,2,hc,8.00,home,ft,1.09,3
r9tja7aS,Kypson P.,De Minaur A.,2,2,hc,8.00,away,ft,6.3,3
