match_id,home,away,home_score,away_score,market,line,side,period,avg_odds,n_bookies
U7xPgcOE,Tien L.,Blockx A.,3,3,ou,3.50,over,ft,1.465,2
U7xPgcOE,Tien L.,Blockx A.,3,3,ou,3.50,under,ft,2.685,2
U7xPgcOE,Tien L.,Blockx A.,3,3,ou,4.50,over,ft,3.11,2
U7xPgcOE,Tien L.,Blockx A.,3,3,ou,4.50,under,ft,1.385,2
U7xPgcOE,Tien L.,Blockx A.,3,3,ou,21.50,over,ft,1.415,2
U7xPgcOE,Tien L.,Blockx A.,3,3,ou,21.50,under,ft,2.505,2
U7xPgcOE,Tien L.,Blockx A.,3,3,ou,22.00,over,ft,1.455,2
U7xPgcOE,Tien L.,Blockx A.,3,3,ou,22.00,under,ft,2.43,2
U7xPgcOE,Tien L.,Blockx A.,3,3,ou,22.50,over,ft,1.573,3
U7xPgcOE,Tien L.,Blockx A.,3,3,ou,22.50,under,ft,2.277,3
U7xPgcOE,Tien L.,Blockx A.,3,3,ou,23.00,over,ft,1.607,3
U7xPgcOE,Tien L.,Blockx A.,3,3,ou,23.00,under,ft,2.23,3
U7xPgcOE,Tien L.,Blockx A.,3,3,ou,23.50,over,ft,1.707,3
U7xPgcOE,Tien L.,Blockx A.,3,3,ou,23.50,under,ft,2.073,3
U7xPgcOE,Tien L.,Blockx A.,3,3,ou,24.00,over,ft,1.817,3
U7xPgcOE,Tien L.,Blockx A.,3,3,ou,24.00,under,ft,1.947,3
U7xPgcOE,Tien L.,Blockx A.,3,3,ou,24.50,over,ft,1.984,5
U7xPgcOE,Tien L.,Blockx A.,3,3,ou,24.50,under,ft,1.822,5
U7xPgcOE,Tien L.,Blockx A.,3,3,ou,25.00,over,ft,2.127,3
U7xPgcOE,Tien L.,Blockx A.,3,3,ou,25.00,under,ft,1.683,3
U7xPgcOE,Tien L.,Blockx A.,3,3,ou,25.50,over,ft,2.273,3
U7xPgcOE,Tien L.,Blockx A.,3,3,ou,25.50,under,ft,1.593,3
U7xPgcOE,Tien L.,Blockx A.,3,3,ou,26.00,over,ft,2.43,2
U7xPgcOE,Tien L.,Blockx A.,3,3,ou,26.00,under,ft,1.48,2
U7xPgcOE,Tien L.,Blockx A.,3,3,ou,26.50,over,ft,2.555,2
U7xPgcOE,Tien L.,Blockx A.,3,3,ou,26.50,under,ft,1.425,2
U7xPgcOE,Tien L.,Blockx A.,3,3,ou,27.00,over,ft,2.77,2
U7xPgcOE,Tien L.,Blockx A.,3,3,ou,27.00,under,ft,1.355,2
U7xPgcOE,Tien L.,Blockx A.,3,3,ou,27.50,over,ft,2.88,2
U7xPgcOE,Tien L.,Blockx A.,3,3,ou,27.50,under,ft,1.32,2
U7xPgcOE,Tien L.,Blockx A.,3,3,ou,36.50,over,ft,1.65,1
U7xPgcOE,Tien L.,Blockx A.,3,3,ou,36.50,under,ft,2.15,1
U7xPgcOE,Tien L.,Blockx A.,3,3,ou,38.50,over,ft,1.8,2
U7xPgcOE,Tien L.,Blockx A.,3,3,ou,38.50,under,ft,1.875,2
U7xPgcOE,Tien L.,Blockx A.,3,3,ou,39.50,over,ft,1.9,1
U7xPgcOE,Tien L.,Blockx A.,3,3,ou,39.50,under,ft,1.75,1
U7xPgcOE,Tien L.,Blockx A.,3,3,ou,40.50,over,ft,2.075,2
U7xPgcOE,Tien L.,Blockx A.,3,3,ou,40.50,under,ft,1.65,2
U7xPgcOE,Tien L.,Blockx A.,3,3,ou,42.50,over,ft,2.45,1
U7xPgcOE,Tien L.,Blockx A.,3,3,ou,42.50,under,ft,1.5,1
U7xPgcOE,Tien L.,Blockx A.,3,3,hc,1.50,home,ft,1.25,3
U7xPgcOE,Tien L.,Blockx A.,3,3,hc,1.50,away,ft,3.797,3
U7xPgcOE,Tien L.,Blockx A.,3,3,hc,-1.50,home,ft,2.024,5
U7xPgcOE,Tien L.,Blockx A.,3,3,hc,-1.50,away,ft,1.742,5
U7xPgcOE,Tien L.,Blockx A.,3,3,hc,2.50,home,ft,1.073,3
U7xPgcOE,Tien L.,Blockx A.,3,3,hc,2.50,away,ft,7.893,3
U7xPgcOE,Tien L.,Blockx A.,3,3,hc,-2.50,home,ft,4.05,3
U7xPgcOE,Tien L.,Blockx A.,3,3,hc,-2.50,away,ft,1.227,3
U7xPgcOE,Tien L.,Blockx A.,3,3,hc,0,home,ft,1.547,3
U7xPgcOE,Tien L.,Blockx A.,3,3,hc,0,away,ft,2.363,3
U7xPgcOE,Tien L.,Blockx A.,3,3,hc,0.50,home,ft,1.42,2
U7xPgcOE,Tien L.,Blockx A.,3,3,hc,0.50,away,ft,2.58,2
U7xPgcOE,Tien L.,Blockx A.,3,3,hc,-0.50,home,ft,1.587,3
U7xPgcOE,Tien L.,Blockx A.,3,3,hc,-0.50,away,ft,2.253,3
U7xPgcOE,Tien L.,Blockx A.,3,3,hc,1.00,home,ft,1.36,2
U7xPgcOE,Tien L.,Blockx A.,3,3,hc,1.00,away,ft,2.79,2
U7xPgcOE,Tien L.,Blockx A.,3,3,hc,-1.00,home,ft,1.613,3
U7xPgcOE,Tien L.,Blockx A.,3,3,hc,-1.00,away,ft,2.2,3
U7xPgcOE,Tien L.,Blockx A.,3,3,hc,1.50,home,ft,1.39,2
U7xPgcOE,Tien L.,Blockx A.,3,3,hc,1.50,away,ft,2.69,2
U7xPgcOE,Tien L.,Blockx A.,3,3,hc,-1.50,home,ft,1.697,3
U7xPgcOE,Tien L.,Blockx A.,3,3,hc,-1.50,away,ft,2.053,3
U7xPgcOE,Tien L.,Blockx A.,3,3,hc,-2.00,home,ft,1.807,3
U7xPgcOE,Tien L.,Blockx A.,3,3,hc,-2.00,away,ft,1.927,3
U7xPgcOE,Tien L.,Blockx A.,3,3,hc,-2.50,home,ft,1.94,3
U7xPgcOE,Tien L.,Blockx A.,3,3,hc,-2.50,away,ft,1.88,3
U7xPgcOE,Tien L.,Blockx A.,3,3,hc,-3.00,home,ft,2.127,3
U7xPgcOE,Tien L.,Blockx A.,3,3,hc,-3.00,away,ft,1.653,3
U7xPgcOE,Tien L.,Blockx A.,3,3,hc,-3.50,home,ft,2.16,4
U7xPgcOE,Tien L.,Blockx A.,3,3,hc,-3.50,away,ft,1.655,4
U7xPgcOE,Tien L.,Blockx A.,3,3,hc,-4.00,home,ft,2.635,2
U7xPgcOE,Tien L.,Blockx A.,3,3,hc,-4.00,away,ft,1.405,2
U7xPgcOE,Tien L.,Blockx A.,3,3,hc,-4.50,home,ft,2.915,2
U7xPgcOE,Tien L.,Blockx A.,3,3,hc,-4.50,away,ft,1.335,2
U7xPgcOE,Tien L.,Blockx A.,3,3,hc,-5.00,home,ft,3.86,2
U7xPgcOE,Tien L.,Blockx A.,3,3,hc,-5.00,away,ft,1.2,2
U7xPgcOE,Tien L.,Blockx A.,3,3,hc,-5.50,home,ft,4.23,2
U7xPgcOE,Tien L.,Blockx A.,3,3,hc,-5.50,away,ft,1.17,2
KA6ixyx2,Tien L.,Basavareddy N.,3,3,ou,3.50,over,ft,1.627,3
KA6ixyx2,Tien L.,Basavareddy N.,3,3,ou,3.50,under,ft,2.303,3
KA6ixyx2,Tien L.,Basavareddy N.,3,3,ou,4.50,over,ft,3.78,3
KA6ixyx2,Tien L.,Basavareddy N.,3,3,ou,4.50,under,ft,1.277,3
KA6ixyx2,Tien L.,Basavareddy N.,3,3,ou,18.50,over,ft,1.35,1
KA6ixyx2,Tien L.,Basavareddy N.,3,3,ou,18.50,under,ft,3.05,1
KA6ixyx2,Tien L.,Basavareddy N.,3,3,ou,19.50,over,ft,1.41,2
KA6ixyx2,Tien L.,Basavareddy N.,3,3,ou,19.50,under,ft,2.52,2
KA6ixyx2,Tien L.,Basavareddy N.,3,3,ou,20.00,over,ft,1.46,2
KA6ixyx2,Tien L.,Basavareddy N.,3,3,ou,20.00,under,ft,2.41,2
KA6ixyx2,Tien L.,Basavareddy N.,3,3,ou,20.50,over,ft,1.595,4
KA6ixyx2,Tien L.,Basavareddy N.,3,3,ou,20.50,under,ft,2.175,4
KA6ixyx2,Tien L.,Basavareddy N.,3,3,ou,21.00,over,ft,1.59,2
KA6ixyx2,Tien L.,Basavareddy N.,3,3,ou,21.00,under,ft,2.18,2
KA6ixyx2,Tien L.,Basavareddy N.,3,3,ou,21.50,over,ft,1.724,5
KA6ixyx2,Tien L.,Basavareddy N.,3,3,ou,21.50,under,ft,2.056,5
KA6ixyx2,Tien L.,Basavareddy N.,3,3,ou,22.00,over,ft,1.758,4
KA6ixyx2,Tien L.,Basavareddy N.,3,3,ou,22.00,under,ft,2.052,4
KA6ixyx2,Tien L.,Basavareddy N.,3,3,ou,22.50,over,ft,1.868,6
KA6ixyx2,Tien L.,Basavareddy N.,3,3,ou,22.50,under,ft,1.925,6
KA6ixyx2,Tien L.,Basavareddy N.,3,3,ou,23.00,over,ft,1.94,4
KA6ixyx2,Tien L.,Basavareddy N.,3,3,ou,23.00,under,ft,1.85,4
KA6ixyx2,Tien L.,Basavareddy N.,3,3,ou,23.50,over,ft,2.053,4
KA6ixyx2,Tien L.,Basavareddy N.,3,3,ou,23.50,under,ft,1.748,4
KA6ixyx2,Tien L.,Basavareddy N.,3,3,ou,24.00,over,ft,2.195,4
KA6ixyx2,Tien L.,Basavareddy N.,3,3,ou,24.00,under,ft,1.645,4
KA6ixyx2,Tien L.,Basavareddy N.,3,3,ou,24.50,over,ft,2.3,3
KA6ixyx2,Tien L.,Basavareddy N.,3,3,ou,24.50,under,ft,1.533,3
KA6ixyx2,Tien L.,Basavareddy N.,3,3,ou,25.00,over,ft,2.47,2
KA6ixyx2,Tien L.,Basavareddy N.,3,3,ou,25.00,under,ft,1.44,2
KA6ixyx2,Tien L.,Basavareddy N.,3,3,ou,25.50,over,ft,2.63,2
KA6ixyx2,Tien L.,Basavareddy N.,3,3,ou,25.50,under,ft,1.38,2
KA6ixyx2,Tien L.,Basavareddy N.,3,3,ou,26.00,over,ft,2.88,2
KA6ixyx2,Tien L.,Basavareddy N.,3,3,ou,26.00,under,ft,1.33,2
KA6ixyx2,Tien L.,Basavareddy N.,3,3,ou,26.50,over,ft,2.97,2
KA6ixyx2,Tien L.,Basavareddy N.,3,3,ou,26.50,under,ft,1.3,2
KA6ixyx2,Tien L.,Basavareddy N.,3,3,hc,1.50,home,ft,1.127,4
KA6ixyx2,Tien L.,Basavareddy N.,3,3,hc,1.50,away,ft,5.92,4
KA6ixyx2,Tien L.,Basavareddy N.,3,3,hc,-1.50,home,ft,1.565,6
KA6ixyx2,Tien L.,Basavareddy N.,3,3,hc,-1.50,away,ft,2.363,6
KA6ixyx2,Tien L.,Basavareddy N.,3,3,hc,2.50,home,ft,1.06,2
KA6ixyx2,Tien L.,Basavareddy N.,3,3,hc,2.50,away,ft,11.605,4
KA6ixyx2,Tien L.,Basavareddy N.,3,3,hc,-2.50,home,ft,2.672,5
KA6ixyx2,Tien L.,Basavareddy N.,3,3,hc,-2.50,away,ft,1.464,5
KA6ixyx2,Tien L.,Basavareddy N.,3,3,hc,12.00,home,ft,1.28,1
KA6ixyx2,Tien L.,Basavareddy N.,3,3,hc,12.00,away,ft,2.34,1
KA6ixyx2,Tien L.,Basavareddy N.,3,3,hc,-0.50,home,ft,1.28,2
KA6ixyx2,Tien L.,Basavareddy N.,3,3,hc,-0.50,away,ft,3.4,2
KA6ixyx2,Tien L.,Basavareddy N.,3,3,hc,-1.00,home,ft,1.3,2
KA6ixyx2,Tien L.,Basavareddy N.,3,3,hc,-1.00,away,ft,3.26,2
KA6ixyx2,Tien L.,Basavareddy N.,3,3,hc,-1.50,home,ft,1.32,2
KA6ixyx2,Tien L.,Basavareddy N.,3,3,hc,-1.50,away,ft,3.14,2
KA6ixyx2,Tien L.,Basavareddy N.,3,3,hc,-2.00,home,ft,1.35,2
KA6ixyx2,Tien L.,Basavareddy N.,3,3,hc,-2.00,away,ft,2.98,2
KA6ixyx2,Tien L.,Basavareddy N.,3,3,hc,-2.50,home,ft,1.515,4
KA6ixyx2,Tien L.,Basavareddy N.,3,3,hc,-2.50,away,ft,2.52,4
KA6ixyx2,Tien L.,Basavareddy N.,3,3,hc,-3.00,home,ft,1.567,4
KA6ixyx2,Tien L.,Basavareddy N.,3,3,hc,-3.00,away,ft,2.39,4
KA6ixyx2,Tien L.,Basavareddy N.,3,3,hc,-3.50,home,ft,1.698,5
KA6ixyx2,Tien L.,Basavareddy N.,3,3,hc,-3.50,away,ft,2.13,5
KA6ixyx2,Tien L.,Basavareddy N.,3,3,hc,-4.00,home,ft,1.888,4
KA6ixyx2,Tien L.,Basavareddy N.,3,3,hc,-4.00,away,ft,1.905,4
KA6ixyx2,Tien L.,Basavareddy N.,3,3,hc,-4.50,home,ft,2.004,5
KA6ixyx2,Tien L.,Basavareddy N.,3,3,hc,-4.50,away,ft,1.822,5
KA6ixyx2,Tien L.,Basavareddy N.,3,3,hc,-5.00,home,ft,2.467,3
KA6ixyx2,Tien L.,Basavareddy N.,3,3,hc,-5.00,away,ft,1.52,3
KA6ixyx2,Tien L.,Basavareddy N.,3,3,hc,-5.50,home,ft,2.827,3
KA6ixyx2,Tien L.,Basavareddy N.,3,3,hc,-5.50,away,ft,1.41,3
KA6ixyx2,Tien L.,Basavareddy N.,3,3,hc,-6.00,home,ft,3.8,2
KA6ixyx2,Tien L.,Basavareddy N.,3,3,hc,-6.00,away,ft,1.23,2
KA6ixyx2,Tien L.,Basavareddy N.,3,3,hc,-6.50,home,ft,4.35,2
KA6ixyx2,Tien L.,Basavareddy N.,3,3,hc,-6.50,away,ft,1.18,2
KA6ixyx2,Tien L.,Basavareddy N.,3,3,hc,-7.00,home,ft,7.0,2
KA6ixyx2,Tien L.,Basavareddy N.,3,3,hc,-7.00,away,ft,1.07,2
KA6ixyx2,Tien L.,Basavareddy N.,3,3,hc,-7.50,home,ft,7.6,2
KA6ixyx2,Tien L.,Basavareddy N.,3,3,hc,-7.50,away,ft,1.06,2
zJlv0vU8,Blockx A.,Budkov Kjaer N.,3,3,ou,3.50,over,ft,1.54,3
zJlv0vU8,Blockx A.,Budkov Kjaer N.,3,3,ou,3.50,under,ft,2.507,3
zJlv0vU8,Blockx A.,Budkov Kjaer N.,3,3,ou,4.50,over,ft,3.48,2
zJlv0vU8,Blockx A.,Budkov Kjaer N.,3,3,ou,4.50,under,ft,1.335,2
zJlv0vU8,Blockx A.,Budkov Kjaer N.,3,3,ou,20.50,over,ft,1.49,2
zJlv0vU8,Blockx A.,Budkov Kjaer N.,3,3,ou,20.50,under,ft,2.3,2
zJlv0vU8,Blockx A.,Budkov Kjaer N.,3,3,ou,21.00,over,ft,1.53,2
zJlv0vU8,Blockx A.,Budkov Kjaer N.,3,3,ou,21.00,under,ft,2.24,2
zJlv0vU8,Blockx A.,Budkov Kjaer N.,3,3,ou,21.50,over,ft,1.6,2
zJlv0vU8,Blockx A.,Budkov Kjaer N.,3,3,ou,21.50,under,ft,2.14,2
zJlv0vU8,Blockx A.,Budkov Kjaer N.,3,3,ou,22.00,over,ft,1.672,4
zJlv0vU8,Blockx A.,Budkov Kjaer N.,3,3,ou,22.00,under,ft,2.147,4
zJlv0vU8,Blockx A.,Budkov Kjaer N.,3,3,ou,22.50,over,ft,1.708,4
zJlv0vU8,Blockx A.,Budkov Kjaer N.,3,3,ou,22.50,under,ft,2.11,4
zJlv0vU8,Blockx A.,Budkov Kjaer N.,3,3,ou,23.00,over,ft,1.795,4
zJlv0vU8,Blockx A.,Budkov Kjaer N.,3,3,ou,23.00,under,ft,2.007,4
zJlv0vU8,Blockx A.,Budkov Kjaer N.,3,3,ou,23.50,over,ft,1.858,6
zJlv0vU8,Blockx A.,Budkov Kjaer N.,3,3,ou,23.50,under,ft,1.955,6
zJlv0vU8,Blockx A.,Budkov Kjaer N.,3,3,ou,24.00,over,ft,2.055,4
zJlv0vU8,Blockx A.,Budkov Kjaer N.,3,3,ou,24.00,under,ft,1.762,4
zJlv0vU8,Blockx A.,Budkov Kjaer N.,3,3,ou,24.50,over,ft,2.183,4
zJlv0vU8,Blockx A.,Budkov Kjaer N.,3,3,ou,24.50,under,ft,1.662,4
zJlv0vU8,Blockx A.,Budkov Kjaer N.,3,3,ou,25.00,over,ft,2.343,3
zJlv0vU8,Blockx A.,Budkov Kjaer N.,3,3,ou,25.00,under,ft,1.55,3
zJlv0vU8,Blockx A.,Budkov Kjaer N.,3,3,ou,25.50,over,ft,2.48,2
zJlv0vU8,Blockx A.,Budkov Kjaer N.,3,3,ou,25.50,under,ft,1.45,2
zJlv0vU8,Blockx A.,Budkov Kjaer N.,3,3,ou,26.00,over,ft,2.73,2
zJlv0vU8,Blockx A.,Budkov Kjaer N.,3,3,ou,26.00,under,ft,1.36,2
zJlv0vU8,Blockx A.,Budkov Kjaer N.,3,3,ou,26.50,over,ft,2.83,2
zJlv0vU8,Blockx A.,Budkov Kjaer N.,3,3,ou,26.50,under,ft,1.33,2
zJlv0vU8,Blockx A.,Budkov Kjaer N.,3,3,ou,27.00,over,ft,2.88,2
zJlv0vU8,Blockx A.,Budkov Kjaer N.,3,3,ou,27.00,under,ft,1.33,2
zJlv0vU8,Blockx A.,Budkov Kjaer N.,3,3,ou,27.50,over,ft,2.97,2
zJlv0vU8,Blockx A.,Budkov Kjaer N.,3,3,ou,27.50,under,ft,1.3,2
zJlv0vU8,Blockx A.,Budkov Kjaer N.,3,3,hc,1.50,home,ft,1.172,4
zJlv0vU8,Blockx A.,Budkov Kjaer N.,3,3,hc,1.50,away,ft,4.975,4
zJlv0vU8,Blockx A.,Budkov Kjaer N.,3,3,hc,-1.50,home,ft,1.705,6
zJlv0vU8,Blockx A.,Budkov Kjaer N.,3,3,hc,-1.50,away,ft,2.095,6
zJlv0vU8,Blockx A.,Budkov Kjaer N.,3,3,hc,2.50,home,ft,1.055,4
zJlv0vU8,Blockx A.,Budkov Kjaer N.,3,3,hc,2.50,away,ft,9.707,4
zJlv0vU8,Blockx A.,Budkov Kjaer N.,3,3,hc,-2.50,home,ft,3.073,4
zJlv0vU8,Blockx A.,Budkov Kjaer N.,3,3,hc,-2.50,away,ft,1.373,4
zJlv0vU8,Blockx A.,Budkov Kjaer N.,3,3,hc,0,home,ft,1.4,2
zJlv0vU8,Blockx A.,Budkov Kjaer N.,3,3,hc,0,away,ft,2.77,2
zJlv0vU8,Blockx A.,Budkov Kjaer N.,3,3,hc,12.00,home,ft,1.26,1
zJlv0vU8,Blockx A.,Budkov Kjaer N.,3,3,hc,12.00,away,ft,2.33,1
zJlv0vU8,Blockx A.,Budkov Kjaer N.,3,3,hc,0.50,home,ft,1.38,2
zJlv0vU8,Blockx A.,Budkov Kjaer N.,3,3,hc,0.50,away,ft,2.85,2
zJlv0vU8,Blockx A.,Budkov Kjaer N.,3,3,hc,-0.50,home,ft,1.36,2
zJlv0vU8,Blockx A.,Budkov Kjaer N.,3,3,hc,-0.50,away,ft,2.94,2
zJlv0vU8,Blockx A.,Budkov Kjaer N.,3,3,hc,1.00,home,ft,1.43,2
zJlv0vU8,Blockx A.,Budkov Kjaer N.,3,3,hc,1.00,away,ft,2.66,2
zJlv0vU8,Blockx A.,Budkov Kjaer N.,3,3,hc,-1.00,home,ft,1.38,2
zJlv0vU8,Blockx A.,Budkov Kjaer N.,3,3,hc,-1.00,away,ft,2.85,2
zJlv0vU8,Blockx A.,Budkov Kjaer N.,3,3,hc,1.50,home,ft,1.4,2
zJlv0vU8,Blockx A.,Budkov Kjaer N.,3,3,hc,1.50,away,ft,2.77,2
zJlv0vU8,Blockx A.,Budkov Kjaer N.,3,3,hc,-1.50,home,ft,1.45,2
zJlv0vU8,Blockx A.,Budkov Kjaer N.,3,3,hc,-1.50,away,ft,2.59,2
zJlv0vU8,Blockx A.,Budkov Kjaer N.,3,3,hc,-2.00,home,ft,1.545,4
zJlv0vU8,Blockx A.,Budkov Kjaer N.,3,3,hc,-2.00,away,ft,2.438,4
zJlv0vU8,Blockx A.,Budkov Kjaer N.,3,3,hc,-2.50,home,ft,1.63,4
zJlv0vU8,Blockx A.,Budkov Kjaer N.,3,3,hc,-2.50,away,ft,2.25,4
zJlv0vU8,Blockx A.,Budkov Kjaer N.,3,3,hc,-3.00,home,ft,1.762,4
zJlv0vU8,Blockx A.,Budkov Kjaer N.,3,3,hc,-3.00,away,ft,2.05,4
zJlv0vU8,Blockx A.,Budkov Kjaer N.,3,3,hc,-3.50,home,ft,1.95,4
zJlv0vU8,Blockx A.,Budkov Kjaer N.,3,3,hc,-3.50,away,ft,1.88,4
zJlv0vU8,Blockx A.,Budkov Kjaer N.,3,3,hc,-4.00,home,ft,2.208,4
zJlv0vU8,Blockx A.,Budkov Kjaer N.,3,3,hc,-4.00,away,ft,1.657,4
zJlv0vU8,Blockx A.,Budkov Kjaer N.,3,3,hc,-4.50,home,ft,2.465,4
zJlv0vU8,Blockx A.,Budkov Kjaer N.,3,3,hc,-4.50,away,ft,1.535,4
zJlv0vU8,Blockx A.,Budkov Kjaer N.,3,3,hc,-5.00,home,ft,2.98,2
zJlv0vU8,Blockx A.,Budkov Kjaer N.,3,3,hc,-5.00,away,ft,1.35,2
zJlv0vU8,Blockx A.,Budkov Kjaer N.,3,3,hc,-5.50,home,ft,3.36,2
zJlv0vU8,Blockx A.,Budkov Kjaer N.,3,3,hc,-5.50,away,ft,1.29,2
zJlv0vU8,Blockx A.,Budkov Kjaer N.,3,3,hc,-6.00,home,ft,4.95,2
zJlv0vU8,Blockx A.,Budkov Kjaer N.,3,3,hc,-6.00,away,ft,1.15,2
zJlv0vU8,Blockx A.,Budkov Kjaer N.,3,3,hc,-6.50,home,ft,5.45,2
zJlv0vU8,Blockx A.,Budkov Kjaer N.,3,3,hc,-6.50,away,ft,1.12,2
dpkUnIa5,Tien L.,Budkov Kjaer N.,3,3,ou,3.50,over,ft,1.603,3
dpkUnIa5,Tien L.,Budkov Kjaer N.,3,3,ou,3.50,under,ft,2.403,3
dpkUnIa5,Tien L.,Budkov Kjaer N.,3,3,ou,4.50,over,ft,3.547,3
dpkUnIa5,Tien L.,Budkov Kjaer N.,3,3,ou,4.50,under,ft,1.313,3
dpkUnIa5,Tien L.,Budkov Kjaer N.,3,3,ou,20.00,over,ft,1.43,2
dpkUnIa5,Tien L.,Budkov Kjaer N.,3,3,ou,20.00,under,ft,2.5,2
dpkUnIa5,Tien L.,Budkov Kjaer N.,3,3,ou,20.50,over,ft,1.538,4
dpkUnIa5,Tien L.,Budkov Kjaer N.,3,3,ou,20.50,under,ft,2.27,4
dpkUnIa5,Tien L.,Budkov Kjaer N.,3,3,ou,21.00,over,ft,1.62,3
dpkUnIa5,Tien L.,Budkov Kjaer N.,3,3,ou,21.00,under,ft,2.203,3
dpkUnIa5,Tien L.,Budkov Kjaer N.,3,3,ou,21.50,over,ft,1.68,5
dpkUnIa5,Tien L.,Budkov Kjaer N.,3,3,ou,21.50,under,ft,2.132,5
dpkUnIa5,Tien L.,Budkov Kjaer N.,3,3,ou,22.00,over,ft,1.708,4
dpkUnIa5,Tien L.,Budkov Kjaer N.,3,3,ou,22.00,under,ft,2.12,4
dpkUnIa5,Tien L.,Budkov Kjaer N.,3,3,ou,22.50,over,ft,1.8,6
dpkUnIa5,Tien L.,Budkov Kjaer N.,3,3,ou,22.50,under,ft,1.957,6
dpkUnIa5,Tien L.,Budkov Kjaer N.,3,3,ou,23.00,over,ft,1.89,4
dpkUnIa5,Tien L.,Budkov Kjaer N.,3,3,ou,23.00,under,ft,1.903,4
dpkUnIa5,Tien L.,Budkov Kjaer N.,3,3,ou,23.50,over,ft,2.002,6
dpkUnIa5,Tien L.,Budkov Kjaer N.,3,3,ou,23.50,under,ft,1.757,6
dpkUnIa5,Tien L.,Budkov Kjaer N.,3,3,ou,24.00,over,ft,2.175,4
dpkUnIa5,Tien L.,Budkov Kjaer N.,3,3,ou,24.00,under,ft,1.657,4
dpkUnIa5,Tien L.,Budkov Kjaer N.,3,3,ou,24.50,over,ft,2.276,5
dpkUnIa5,Tien L.,Budkov Kjaer N.,3,3,ou,24.50,under,ft,1.582,5
dpkUnIa5,Tien L.,Budkov Kjaer N.,3,3,ou,25.00,over,ft,2.47,2
dpkUnIa5,Tien L.,Budkov Kjaer N.,3,3,ou,25.00,under,ft,1.44,2
dpkUnIa5,Tien L.,Budkov Kjaer N.,3,3,ou,25.50,over,ft,2.6,2
dpkUnIa5,Tien L.,Budkov Kjaer N.,3,3,ou,25.50,under,ft,1.41,2
dpkUnIa5,Tien L.,Budkov Kjaer N.,3,3,ou,26.00,over,ft,2.83,2
dpkUnIa5,Tien L.,Budkov Kjaer N.,3,3,ou,26.00,under,ft,1.34,2
dpkUnIa5,Tien L.,Budkov Kjaer N.,3,3,ou,26.50,over,ft,3.15,1
dpkUnIa5,Tien L.,Budkov Kjaer N.,3,3,ou,26.50,under,ft,1.32,1
dpkUnIa5,Tien L.,Budkov Kjaer N.,3,3,hc,1.50,home,ft,1.177,4
dpkUnIa5,Tien L.,Budkov Kjaer N.,3,3,hc,1.50,away,ft,4.855,4
dpkUnIa5,Tien L.,Budkov Kjaer N.,3,3,hc,-1.50,home,ft,1.728,6
dpkUnIa5,Tien L.,Budkov Kjaer N.,3,3,hc,-1.50,away,ft,2.068,6
dpkUnIa5,Tien L.,Budkov Kjaer N.,3,3,hc,2.50,home,ft,1.052,4
dpkUnIa5,Tien L.,Budkov Kjaer N.,3,3,hc,2.50,away,ft,9.742,4
dpkUnIa5,Tien L.,Budkov Kjaer N.,3,3,hc,-2.50,home,ft,3.053,4
dpkUnIa5,Tien L.,Budkov Kjaer N.,3,3,hc,-2.50,away,ft,1.373,4
dpkUnIa5,Tien L.,Budkov Kjaer N.,3,3,hc,0,home,ft,1.29,2
dpkUnIa5,Tien L.,Budkov Kjaer N.,3,3,hc,0,away,ft,3.15,2
dpkUnIa5,Tien L.,Budkov Kjaer N.,3,3,hc,12.00,home,ft,1.29,1
dpkUnIa5,Tien L.,Budkov Kjaer N.,3,3,hc,12.00,away,ft,2.27,1
dpkUnIa5,Tien L.,Budkov Kjaer N.,3,3,hc,-1.00,home,ft,1.38,2
dpkUnIa5,Tien L.,Budkov Kjaer N.,3,3,hc,-1.00,away,ft,2.85,2
dpkUnIa5,Tien L.,Budkov Kjaer N.,3,3,hc,1.50,home,ft,1.21,2
dpkUnIa5,Tien L.,Budkov Kjaer N.,3,3,hc,1.50,away,ft,3.72,2
dpkUnIa5,Tien L.,Budkov Kjaer N.,3,3,hc,-1.50,home,ft,1.44,2
dpkUnIa5,Tien L.,Budkov Kjaer N.,3,3,hc,-1.50,away,ft,2.62,2
dpkUnIa5,Tien L.,Budkov Kjaer N.,3,3,hc,-2.00,home,ft,1.54,4
dpkUnIa5,Tien L.,Budkov Kjaer N.,3,3,hc,-2.00,away,ft,2.417,4
dpkUnIa5,Tien L.,Budkov Kjaer N.,3,3,hc,2.50,home,ft,1.19,2
dpkUnIa5,Tien L.,Budkov Kjaer N.,3,3,hc,2.50,away,ft,4.02,2
dpkUnIa5,Tien L.,Budkov Kjaer N.,3,3,hc,-2.50,home,ft,1.615,4
dpkUnIa5,Tien L.,Budkov Kjaer N.,3,3,hc,-2.50,away,ft,2.265,4
dpkUnIa5,Tien L.,Budkov Kjaer N.,3,3,hc,-3.00,home,ft,1.718,4
dpkUnIa5,Tien L.,Budkov Kjaer N.,3,3,hc,-3.00,away,ft,2.098,4
dpkUnIa5,Tien L.,Budkov Kjaer N.,3,3,hc,-3.50,home,ft,1.848,5
dpkUnIa5,Tien L.,Budkov Kjaer N.,3,3,hc,-3.50,away,ft,1.928,5
dpkUnIa5,Tien L.,Budkov Kjaer N.,3,3,hc,-4.00,home,ft,2.07,4
dpkUnIa5,Tien L.,Budkov Kjaer N.,3,3,hc,-4.00,away,ft,1.735,4
dpkUnIa5,Tien L.,Budkov Kjaer N.,3,3,hc,-4.50,home,ft,2.285,4
dpkUnIa5,Tien L.,Budkov Kjaer N.,3,3,hc,-4.50,away,ft,1.608,4
dpkUnIa5,Tien L.,Budkov Kjaer N.,3,3,hc,-5.00,home,ft,2.638,4
dpkUnIa5,Tien L.,Budkov Kjaer N.,3,3,hc,-5.00,away,ft,1.46,4
dpkUnIa5,Tien L.,Budkov Kjaer N.,3,3,hc,-5.50,home,ft,2.89,2
dpkUnIa5,Tien L.,Budkov Kjaer N.,3,3,hc,-5.50,away,ft,1.37,2
dpkUnIa5,Tien L.,Budkov Kjaer N.,3,3,hc,-6.00,home,ft,3.9,2
dpkUnIa5,Tien L.,Budkov Kjaer N.,3,3,hc,-6.00,away,ft,1.22,2
dpkUnIa5,Tien L.,Budkov Kjaer N.,3,3,hc,-6.50,home,ft,4.4,2
dpkUnIa5,Tien L.,Budkov Kjaer N.,3,3,hc,-6.50,away,ft,1.16,2
dpkUnIa5,Tien L.,Budkov Kjaer N.,3,3,hc,-7.00,home,ft,5.55,2
dpkUnIa5,Tien L.,Budkov Kjaer N.,3,3,hc,-7.00,away,ft,1.12,2
dpkUnIa5,Tien L.,Budkov Kjaer N.,3,3,hc,-7.50,home,ft,7.15,2
dpkUnIa5,Tien L.,Budkov Kjaer N.,3,3,hc,-7.50,away,ft,1.05,2
hCrwodUH,Landaluce M.,Jodar R.,0,0,ou,3.50,over,ft,1.537,3
hCrwodUH,Landaluce M.,Jodar R.,0,0,ou,3.50,under,ft,2.547,3
hCrwodUH,Landaluce M.,Jodar R.,0,0,ou,4.50,over,ft,3.313,3
hCrwodUH,Landaluce M.,Jodar R.,0,0,ou,4.50,under,ft,1.35,3
hCrwodUH,Landaluce M.,Jodar R.,0,0,ou,21.00,over,ft,1.46,2
hCrwodUH,Landaluce M.,Jodar R.,0,0,ou,21.00,under,ft,2.41,2
hCrwodUH,Landaluce M.,Jodar R.,0,0,ou,21.50,over,ft,1.57,3
hCrwodUH,Landaluce M.,Jodar R.,0,0,ou,21.50,under,ft,2.237,3
hCrwodUH,Landaluce M.,Jodar R.,0,0,ou,22.00,over,ft,1.645,4
hCrwodUH,Landaluce M.,Jodar R.,0,0,ou,22.00,under,ft,2.183,4
hCrwodUH,Landaluce M.,Jodar R.,0,0,ou,22.50,over,ft,1.7,6
hCrwodUH,Landaluce M.,Jodar R.,0,0,ou,22.50,under,ft,2.085,6
hCrwodUH,Landaluce M.,Jodar R.,0,0,ou,23.00,over,ft,1.77,4
hCrwodUH,Landaluce M.,Jodar R.,0,0,ou,23.00,under,ft,2.027,4
hCrwodUH,Landaluce M.,Jodar R.,0,0,ou,23.50,over,ft,1.91,6
hCrwodUH,Landaluce M.,Jodar R.,0,0,ou,23.50,under,ft,1.88,6
hCrwodUH,Landaluce M.,Jodar R.,0,0,ou,24.00,over,ft,2.025,4
hCrwodUH,Landaluce M.,Jodar R.,0,0,ou,24.00,under,ft,1.772,4
hCrwodUH,Landaluce M.,Jodar R.,0,0,ou,24.50,over,ft,2.167,6
hCrwodUH,Landaluce M.,Jodar R.,0,0,ou,24.50,under,ft,1.65,6
hCrwodUH,Landaluce M.,Jodar R.,0,0,ou,25.00,over,ft,2.33,2
hCrwodUH,Landaluce M.,Jodar R.,0,0,ou,25.00,under,ft,1.52,2
hCrwodUH,Landaluce M.,Jodar R.,0,0,ou,25.50,over,ft,2.45,2
hCrwodUH,Landaluce M.,Jodar R.,0,0,ou,25.50,under,ft,1.46,2
hCrwodUH,Landaluce M.,Jodar R.,0,0,ou,26.00,over,ft,2.67,2
hCrwodUH,Landaluce M.,Jodar R.,0,0,ou,26.00,under,ft,1.38,2
hCrwodUH,Landaluce M.,Jodar R.,0,0,hc,1.50,home,ft,1.745,6
hCrwodUH,Landaluce M.,Jodar R.,0,0,hc,1.50,away,ft,2.04,6
hCrwodUH,Landaluce M.,Jodar R.,0,0,hc,-1.50,home,ft,3.667,4
hCrwodUH,Landaluce M.,Jodar R.,0,0,hc,-1.50,away,ft,1.278,4
hCrwodUH,Landaluce M.,Jodar R.,0,0,hc,2.50,home,ft,1.268,4
hCrwodUH,Landaluce M.,Jodar R.,0,0,hc,2.50,away,ft,3.745,4
hCrwodUH,Landaluce M.,Jodar R.,0,0,hc,-2.50,home,ft,7.282,4
hCrwodUH,Landaluce M.,Jodar R.,0,0,hc,-2.50,away,ft,1.09,4
hCrwodUH,Landaluce M.,Jodar R.,0,0,hc,0,home,ft,2.5,2
hCrwodUH,Landaluce M.,Jodar R.,0,0,hc,0,away,ft,1.48,2
hCrwodUH,Landaluce M.,Jodar R.,0,0,hc,12.00,home,ft,2.0,1
hCrwodUH,Landaluce M.,Jodar R.,0,0,hc,12.00,away,ft,1.43,1
hCrwodUH,Landaluce M.,Jodar R.,0,0,hc,12.50,home,ft,1.58,1
hCrwodUH,Landaluce M.,Jodar R.,0,0,hc,12.50,away,ft,1.85,1
hCrwodUH,Landaluce M.,Jodar R.,0,0,hc,0.50,home,ft,2.35,2
hCrwodUH,Landaluce M.,Jodar R.,0,0,hc,0.50,away,ft,1.54,2
hCrwodUH,Landaluce M.,Jodar R.,0,0,hc,1.00,home,ft,2.213,4
hCrwodUH,Landaluce M.,Jodar R.,0,0,hc,1.00,away,ft,1.635,4
hCrwodUH,Landaluce M.,Jodar R.,0,0,hc,1.50,home,ft,2.105,4
hCrwodUH,Landaluce M.,Jodar R.,0,0,hc,1.50,away,ft,1.715,4
hCrwodUH,Landaluce M.,Jodar R.,0,0,hc,-1.50,home,ft,2.92,2
hCrwodUH,Landaluce M.,Jodar R.,0,0,hc,-1.50,away,ft,1.33,2
hCrwodUH,Landaluce M.,Jodar R.,0,0,hc,2.00,home,ft,1.99,4
hCrwodUH,Landaluce M.,Jodar R.,0,0,hc,2.00,away,ft,1.795,4
hCrwodUH,Landaluce M.,Jodar R.,0,0,hc,2.50,home,ft,1.927,4
hCrwodUH,Landaluce M.,Jodar R.,0,0,hc,2.50,away,ft,1.9,4
hCrwodUH,Landaluce M.,Jodar R.,0,0,hc,-2.50,home,ft,3.35,2
hCrwodUH,Landaluce M.,Jodar R.,0,0,hc,-2.50,away,ft,1.26,2
hCrwodUH,Landaluce M.,Jodar R.,0,0,hc,3.00,home,ft,1.735,4
hCrwodUH,Landaluce M.,Jodar R.,0,0,hc,3.00,away,ft,2.07,4
hCrwodUH,Landaluce M.,Jodar R.,0,0,hc,3.50,home,ft,1.666,5
hCrwodUH,Landaluce M.,Jodar R.,0,0,hc,3.50,away,ft,2.18,5
hCrwodUH,Landaluce M.,Jodar R.,0,0,hc,4.00,home,ft,1.5,2
hCrwodUH,Landaluce M.,Jodar R.,0,0,hc,4.00,away,ft,2.45,2
hCrwodUH,Landaluce M.,Jodar R.,0,0,hc,4.50,home,ft,1.43,2
hCrwodUH,Landaluce M.,Jodar R.,0,0,hc,4.50,away,ft,2.66,2
hCrwodUH,Landaluce M.,Jodar R.,0,0,hc,5.00,home,ft,1.29,2
hCrwodUH,Landaluce M.,Jodar R.,0,0,hc,5.00,away,ft,3.32,2
hCrwodUH,Landaluce M.,Jodar R.,0,0,hc,5.50,home,ft,1.24,2
hCrwodUH,Landaluce M.,Jodar R.,0,0,hc,5.50,away,ft,3.53,2
hCrwodUH,Landaluce M.,Jodar R.,0,0,hc,6.50,home,ft,1.11,2
hCrwodUH,Landaluce M.,Jodar R.,0,0,hc,6.50,away,ft,5.2,2
S4cDj00t,Blockx A.,Prizmic D.,3,3,ou,3.50,over,ft,1.5,3
S4cDj00t,Blockx A.,Prizmic D.,3,3,ou,3.50,under,ft,2.673,3
S4cDj00t,Blockx A.,Prizmic D.,3,3,ou,4.50,over,ft,3.26,3
S4cDj00t,Blockx A.,Prizmic D.,3,3,ou,4.50,under,ft,1.36,3
S4cDj00t,Blockx A.,Prizmic D.,3,3,ou,20.50,over,ft,1.42,1
S4cDj00t,Blockx A.,Prizmic D.,3,3,ou,20.50,under,ft,2.65,1
S4cDj00t,Blockx A.,Prizmic D.,3,3,ou,21.00,over,ft,1.41,2
S4cDj00t,Blockx A.,Prizmic D.,3,3,ou,21.00,under,ft,2.56,2
S4cDj00t,Blockx A.,Prizmic D.,3,3,ou,21.50,over,ft,1.52,3
S4cDj00t,Blockx A.,Prizmic D.,3,3,ou,21.50,under,ft,2.333,3
S4cDj00t,Blockx A.,Prizmic D.,3,3,ou,22.00,over,ft,1.625,4
S4cDj00t,Blockx A.,Prizmic D.,3,3,ou,22.00,under,ft,2.23,4
S4cDj00t,Blockx A.,Prizmic D.,3,3,ou,22.50,over,ft,1.657,6
S4cDj00t,Blockx A.,Prizmic D.,3,3,ou,22.50,under,ft,2.145,6
S4cDj00t,Blockx A.,Prizmic D.,3,3,ou,23.00,over,ft,1.692,4
S4cDj00t,Blockx A.,Prizmic D.,3,3,ou,23.00,under,ft,2.14,4
S4cDj00t,Blockx A.,Prizmic D.,3,3,ou,23.50,over,ft,1.835,6
S4cDj00t,Blockx A.,Prizmic D.,3,3,ou,23.50,under,ft,1.932,6
S4cDj00t,Blockx A.,Prizmic D.,3,3,ou,24.00,over,ft,1.932,4
S4cDj00t,Blockx A.,Prizmic D.,3,3,ou,24.00,under,ft,1.857,4
S4cDj00t,Blockx A.,Prizmic D.,3,3,ou,24.50,over,ft,2.045,6
S4cDj00t,Blockx A.,Prizmic D.,3,3,ou,24.50,under,ft,1.762,6
S4cDj00t,Blockx A.,Prizmic D.,3,3,ou,25.00,over,ft,2.263,4
S4cDj00t,Blockx A.,Prizmic D.,3,3,ou,25.00,under,ft,1.61,4
S4cDj00t,Blockx A.,Prizmic D.,3,3,ou,25.50,over,ft,2.3,2
S4cDj00t,Blockx A.,Prizmic D.,3,3,ou,25.50,under,ft,1.52,2
S4cDj00t,Blockx A.,Prizmic D.,3,3,ou,26.00,over,ft,2.5,2
S4cDj00t,Blockx A.,Prizmic D.,3,3,ou,26.00,under,ft,1.43,2
S4cDj00t,Blockx A.,Prizmic D.,3,3,ou,26.50,over,ft,2.597,3
S4cDj00t,Blockx A.,Prizmic D.,3,3,ou,26.50,under,ft,1.42,3
S4cDj00t,Blockx A.,Prizmic D.,3,3,ou,27.00,over,ft,2.79,2
S4cDj00t,Blockx A.,Prizmic D.,3,3,ou,27.00,under,ft,1.35,2
S4cDj00t,Blockx A.,Prizmic D.,3,3,hc,1.50,home,ft,1.384,5
S4cDj00t,Blockx A.,Prizmic D.,3,3,hc,1.50,away,ft,2.982,5
S4cDj00t,Blockx A.,Prizmic D.,3,3,hc,-1.50,home,ft,2.324,5
S4cDj00t,Blockx A.,Prizmic D.,3,3,hc,-1.50,away,ft,1.588,5
S4cDj00t,Blockx A.,Prizmic D.,3,3,hc,2.50,home,ft,1.123,4
S4cDj00t,Blockx A.,Prizmic D.,3,3,hc,2.50,away,ft,6.133,4
S4cDj00t,Blockx A.,Prizmic D.,3,3,hc,-2.50,home,ft,4.532,4
S4cDj00t,Blockx A.,Prizmic D.,3,3,hc,-2.50,away,ft,1.2,4
S4cDj00t,Blockx A.,Prizmic D.,3,3,hc,0,home,ft,1.67,4
S4cDj00t,Blockx A.,Prizmic D.,3,3,hc,0,away,ft,2.127,4
S4cDj00t,Blockx A.,Prizmic D.,3,3,hc,12.00,home,ft,1.54,1
S4cDj00t,Blockx A.,Prizmic D.,3,3,hc,12.00,away,ft,1.81,1
S4cDj00t,Blockx A.,Prizmic D.,3,3,hc,12.50,home,ft,1.83,1
S4cDj00t,Blockx A.,Prizmic D.,3,3,hc,12.50,away,ft,1.66,1
S4cDj00t,Blockx A.,Prizmic D.,3,3,hc,0.50,home,ft,1.64,4
S4cDj00t,Blockx A.,Prizmic D.,3,3,hc,0.50,away,ft,2.173,4
S4cDj00t,Blockx A.,Prizmic D.,3,3,hc,-0.50,home,ft,1.715,4
S4cDj00t,Blockx A.,Prizmic D.,3,3,hc,-0.50,away,ft,2.058,4
S4cDj00t,Blockx A.,Prizmic D.,3,3,hc,1.00,home,ft,1.49,2
S4cDj00t,Blockx A.,Prizmic D.,3,3,hc,1.00,away,ft,2.38,2
S4cDj00t,Blockx A.,Prizmic D.,3,3,hc,-1.00,home,ft,1.795,4
S4cDj00t,Blockx A.,Prizmic D.,3,3,hc,-1.00,away,ft,1.958,4
S4cDj00t,Blockx A.,Prizmic D.,3,3,hc,1.50,home,ft,1.45,2
S4cDj00t,Blockx A.,Prizmic D.,3,3,hc,1.50,away,ft,2.49,2
S4cDj00t,Blockx A.,Prizmic D.,3,3,hc,-1.50,home,ft,1.912,5
S4cDj00t,Blockx A.,Prizmic D.,3,3,hc,-1.50,away,ft,1.89,5
S4cDj00t,Blockx A.,Prizmic D.,3,3,hc,2.00,home,ft,1.38,2
S4cDj00t,Blockx A.,Prizmic D.,3,3,hc,2.00,away,ft,2.73,2
S4cDj00t,Blockx A.,Prizmic D.,3,3,hc,-2.00,home,ft,2.013,4
S4cDj00t,Blockx A.,Prizmic D.,3,3,hc,-2.00,away,ft,1.75,4
S4cDj00t,Blockx A.,Prizmic D.,3,3,hc,2.50,home,ft,1.35,2
S4cDj00t,Blockx A.,Prizmic D.,3,3,hc,2.50,away,ft,2.85,2
S4cDj00t,Blockx A.,Prizmic D.,3,3,hc,-2.50,home,ft,2.147,4
S4cDj00t,Blockx A.,Prizmic D.,3,3,hc,-2.50,away,ft,1.66,4
S4cDj00t,Blockx A.,Prizmic D.,3,3,hc,-3.00,home,ft,2.272,4
S4cDj00t,Blockx A.,Prizmic D.,3,3,hc,-3.00,away,ft,1.585,4
S4cDj00t,Blockx A.,Prizmic D.,3,3,hc,3.50,home,ft,1.25,2
S4cDj00t,Blockx A.,Prizmic D.,3,3,hc,3.50,away,ft,3.42,2
S4cDj00t,Blockx A.,Prizmic D.,3,3,hc,-3.50,home,ft,2.43,2
S4cDj00t,Blockx A.,Prizmic D.,3,3,hc,-3.50,away,ft,1.47,2
S4cDj00t,Blockx A.,Prizmic D.,3,3,hc,-4.00,home,ft,2.89,2
S4cDj00t,Blockx A.,Prizmic D.,3,3,hc,-4.00,away,ft,1.34,2
S4cDj00t,Blockx A.,Prizmic D.,3,3,hc,4.50,home,ft,1.18,2
S4cDj00t,Blockx A.,Prizmic D.,3,3,hc,4.50,away,ft,4.12,2
S4cDj00t,Blockx A.,Prizmic D.,3,3,hc,-4.50,home,ft,3.03,2
S4cDj00t,Blockx A.,Prizmic D.,3,3,hc,-4.50,away,ft,1.31,2
S4cDj00t,Blockx A.,Prizmic D.,3,3,hc,-5.50,home,ft,4.19,2
S4cDj00t,Blockx A.,Prizmic D.,3,3,hc,-5.50,away,ft,1.17,2
OWjMlvVh,Basavareddy N.,Engel J.,3,3,ou,3.50,over,ft,1.55,3
OWjMlvVh,Basavareddy N.,Engel J.,3,3,ou,3.50,under,ft,2.477,3
OWjMlvVh,Basavareddy N.,Engel J.,3,3,ou,4.50,over,ft,3.507,3
OWjMlvVh,Basavareddy N.,Engel J.,3,3,ou,4.50,under,ft,1.32,3
OWjMlvVh,Basavareddy N.,Engel J.,3,3,ou,20.50,over,ft,1.37,1
OWjMlvVh,Basavareddy N.,Engel J.,3,3,ou,20.50,under,ft,2.85,1
OWjMlvVh,Basavareddy N.,Engel J.,3,3,ou,21.00,over,ft,1.46,2
OWjMlvVh,Basavareddy N.,Engel J.,3,3,ou,21.00,under,ft,2.41,2
OWjMlvVh,Basavareddy N.,Engel J.,3,3,ou,21.50,over,ft,1.53,2
OWjMlvVh,Basavareddy N.,Engel J.,3,3,ou,21.50,under,ft,2.28,2
OWjMlvVh,Basavareddy N.,Engel J.,3,3,ou,22.00,over,ft,1.63,3
OWjMlvVh,Basavareddy N.,Engel J.,3,3,ou,22.00,under,ft,2.18,3
OWjMlvVh,Basavareddy N.,Engel J.,3,3,ou,22.50,over,ft,1.642,5
OWjMlvVh,Basavareddy N.,Engel J.,3,3,ou,22.50,under,ft,2.19,5
OWjMlvVh,Basavareddy N.,Engel J.,3,3,ou,23.00,over,ft,1.72,4
OWjMlvVh,Basavareddy N.,Engel J.,3,3,ou,23.00,under,ft,2.098,4
OWjMlvVh,Basavareddy N.,Engel J.,3,3,ou,23.50,over,ft,1.828,6
OWjMlvVh,Basavareddy N.,Engel J.,3,3,ou,23.50,under,ft,1.98,6
OWjMlvVh,Basavareddy N.,Engel J.,3,3,ou,24.00,over,ft,1.945,4
OWjMlvVh,Basavareddy N.,Engel J.,3,3,ou,24.00,under,ft,1.85,4
OWjMlvVh,Basavareddy N.,Engel J.,3,3,ou,24.50,over,ft,1.948,6
OWjMlvVh,Basavareddy N.,Engel J.,3,3,ou,24.50,under,ft,1.828,6
OWjMlvVh,Basavareddy N.,Engel J.,3,3,ou,25.00,over,ft,2.263,4
OWjMlvVh,Basavareddy N.,Engel J.,3,3,ou,25.00,under,ft,1.61,4
OWjMlvVh,Basavareddy N.,Engel J.,3,3,ou,25.50,over,ft,2.38,2
OWjMlvVh,Basavareddy N.,Engel J.,3,3,ou,25.50,under,ft,1.49,2
OWjMlvVh,Basavareddy N.,Engel J.,3,3,ou,26.00,over,ft,2.6,2
OWjMlvVh,Basavareddy N.,Engel J.,3,3,ou,26.00,under,ft,1.4,2
OWjMlvVh,Basavareddy N.,Engel J.,3,3,ou,26.50,over,ft,2.25,2
OWjMlvVh,Basavareddy N.,Engel J.,3,3,ou,26.50,under,ft,1.56,2
OWjMlvVh,Basavareddy N.,Engel J.,3,3,hc,1.50,home,ft,1.185,4
OWjMlvVh,Basavareddy N.,Engel J.,3,3,hc,1.50,away,ft,4.75,4
OWjMlvVh,Basavareddy N.,Engel J.,3,3,hc,-1.50,home,ft,1.747,6
OWjMlvVh,Basavareddy N.,Engel J.,3,3,hc,-1.50,away,ft,2.042,6
OWjMlvVh,Basavareddy N.,Engel J.,3,3,hc,2.50,home,ft,1.06,4
OWjMlvVh,Basavareddy N.,Engel J.,3,3,hc,2.50,away,ft,9.325,4
OWjMlvVh,Basavareddy N.,Engel J.,3,3,hc,-2.50,home,ft,3.212,4
OWjMlvVh,Basavareddy N.,Engel J.,3,3,hc,-2.50,away,ft,1.345,4
OWjMlvVh,Basavareddy N.,Engel J.,3,3,hc,0,home,ft,1.35,2
OWjMlvVh,Basavareddy N.,Engel J.,3,3,hc,0,away,ft,2.85,2
OWjMlvVh,Basavareddy N.,Engel J.,3,3,hc,12.00,home,ft,1.27,1
OWjMlvVh,Basavareddy N.,Engel J.,3,3,hc,12.00,away,ft,2.23,1
OWjMlvVh,Basavareddy N.,Engel J.,3,3,hc,12.50,home,ft,2.0,1
OWjMlvVh,Basavareddy N.,Engel J.,3,3,hc,12.50,away,ft,1.56,1
OWjMlvVh,Basavareddy N.,Engel J.,3,3,hc,-0.50,home,ft,1.41,2
OWjMlvVh,Basavareddy N.,Engel J.,3,3,hc,-0.50,away,ft,2.62,2
OWjMlvVh,Basavareddy N.,Engel J.,3,3,hc,-1.00,home,ft,1.41,2
OWjMlvVh,Basavareddy N.,Engel J.,3,3,hc,-1.00,away,ft,2.73,2
OWjMlvVh,Basavareddy N.,Engel J.,3,3,hc,1.50,home,ft,1.21,2
OWjMlvVh,Basavareddy N.,Engel J.,3,3,hc,1.50,away,ft,3.72,2
OWjMlvVh,Basavareddy N.,Engel J.,3,3,hc,-1.50,home,ft,1.54,4
OWjMlvVh,Basavareddy N.,Engel J.,3,3,hc,-1.50,away,ft,2.422,4
OWjMlvVh,Basavareddy N.,Engel J.,3,3,hc,-2.00,home,ft,1.57,4
OWjMlvVh,Basavareddy N.,Engel J.,3,3,hc,-2.00,away,ft,2.365,4
OWjMlvVh,Basavareddy N.,Engel J.,3,3,hc,2.50,home,ft,1.16,2
OWjMlvVh,Basavareddy N.,Engel J.,3,3,hc,2.50,away,ft,4.4,2
OWjMlvVh,Basavareddy N.,Engel J.,3,3,hc,-2.50,home,ft,1.695,4
OWjMlvVh,Basavareddy N.,Engel J.,3,3,hc,-2.50,away,ft,2.127,4
OWjMlvVh,Basavareddy N.,Engel J.,3,3,hc,-3.00,home,ft,1.835,4
OWjMlvVh,Basavareddy N.,Engel J.,3,3,hc,-3.00,away,ft,1.95,4
OWjMlvVh,Basavareddy N.,Engel J.,3,3,hc,-3.50,home,ft,1.946,5
OWjMlvVh,Basavareddy N.,Engel J.,3,3,hc,-3.50,away,ft,1.852,5
OWjMlvVh,Basavareddy N.,Engel J.,3,3,hc,-4.00,home,ft,2.36,4
OWjMlvVh,Basavareddy N.,Engel J.,3,3,hc,-4.00,away,ft,1.575,4
OWjMlvVh,Basavareddy N.,Engel J.,3,3,hc,-4.50,home,ft,2.45,2
OWjMlvVh,Basavareddy N.,Engel J.,3,3,hc,-4.50,away,ft,1.5,2
OWjMlvVh,Basavareddy N.,Engel J.,3,3,hc,-5.00,home,ft,3.1,2
OWjMlvVh,Basavareddy N.,Engel J.,3,3,hc,-5.00,away,ft,1.33,2
OWjMlvVh,Basavareddy N.,Engel J.,3,3,hc,-5.50,home,ft,3.48,2
OWjMlvVh,Basavareddy N.,Engel J.,3,3,hc,-5.50,away,ft,1.27,2
OWjMlvVh,Basavareddy N.,Engel J.,3,3,hc,-6.00,home,ft,5.15,2
OWjMlvVh,Basavareddy N.,Engel J.,3,3,hc,-6.00,away,ft,1.14,2
OWjMlvVh,Basavareddy N.,Engel J.,3,3,hc,-6.50,home,ft,5.57,2
OWjMlvVh,Basavareddy N.,Engel J.,3,3,hc,-6.50,away,ft,1.1,2
jPJeYIpC,Tien L.,Landaluce M.,3,3,ou,3.50,over,ft,1.713,3
jPJeYIpC,Tien L.,Landaluce M.,3,3,ou,3.50,under,ft,2.143,3
jPJeYIpC,Tien L.,Landaluce M.,3,3,ou,4.50,over,ft,4.063,3
jPJeYIpC,Tien L.,Landaluce M.,3,3,ou,4.50,under,ft,1.253,3
jPJeYIpC,Tien L.,Landaluce M.,3,3,ou,18.50,over,ft,1.35,1
jPJeYIpC,Tien L.,Landaluce M.,3,3,ou,18.50,under,ft,3.05,1
jPJeYIpC,Tien L.,Landaluce M.,3,3,ou,19.00,over,ft,1.4,2
jPJeYIpC,Tien L.,Landaluce M.,3,3,ou,19.00,under,ft,2.6,2
jPJeYIpC,Tien L.,Landaluce M.,3,3,ou,19.50,over,ft,1.49,2
jPJeYIpC,Tien L.,Landaluce M.,3,3,ou,19.50,under,ft,2.38,2
jPJeYIpC,Tien L.,Landaluce M.,3,3,ou,20.00,over,ft,1.53,2
jPJeYIpC,Tien L.,Landaluce M.,3,3,ou,20.00,under,ft,2.24,2
jPJeYIpC,Tien L.,Landaluce M.,3,3,ou,20.50,over,ft,1.692,6
jPJeYIpC,Tien L.,Landaluce M.,3,3,ou,20.50,under,ft,2.073,6
jPJeYIpC,Tien L.,Landaluce M.,3,3,ou,21.00,over,ft,1.725,4
jPJeYIpC,Tien L.,Landaluce M.,3,3,ou,21.00,under,ft,2.072,4
jPJeYIpC,Tien L.,Landaluce M.,3,3,ou,21.50,over,ft,1.834,5
jPJeYIpC,Tien L.,Landaluce M.,3,3,ou,21.50,under,ft,1.928,5
jPJeYIpC,Tien L.,Landaluce M.,3,3,ou,22.00,over,ft,1.89,4
jPJeYIpC,Tien L.,Landaluce M.,3,3,ou,22.00,under,ft,1.897,4
jPJeYIpC,Tien L.,Landaluce M.,3,3,ou,22.50,over,ft,1.942,6
jPJeYIpC,Tien L.,Landaluce M.,3,3,ou,22.50,under,ft,1.825,6
jPJeYIpC,Tien L.,Landaluce M.,3,3,ou,23.00,over,ft,2.125,4
jPJeYIpC,Tien L.,Landaluce M.,3,3,ou,23.00,under,ft,1.702,4
jPJeYIpC,Tien L.,Landaluce M.,3,3,ou,23.50,over,ft,2.223,4
jPJeYIpC,Tien L.,Landaluce M.,3,3,ou,23.50,under,ft,1.635,4
jPJeYIpC,Tien L.,Landaluce M.,3,3,ou,24.00,over,ft,2.4,2
jPJeYIpC,Tien L.,Landaluce M.,3,3,ou,24.00,under,ft,1.49,2
jPJeYIpC,Tien L.,Landaluce M.,3,3,ou,24.50,over,ft,2.493,3
jPJeYIpC,Tien L.,Landaluce M.,3,3,ou,24.50,under,ft,1.46,3
jPJeYIpC,Tien L.,Landaluce M.,3,3,ou,25.00,over,ft,2.79,2
jPJeYIpC,Tien L.,Landaluce M.,3,3,ou,25.00,under,ft,1.35,2
jPJeYIpC,Tien L.,Landaluce M.,3,3,hc,1.50,home,ft,1.125,4
jPJeYIpC,Tien L.,Landaluce M.,3,3,hc,1.50,away,ft,6.037,4
jPJeYIpC,Tien L.,Landaluce M.,3,3,hc,-1.50,home,ft,1.544,5
jPJeYIpC,Tien L.,Landaluce M.,3,3,hc,-1.50,away,ft,2.428,5
jPJeYIpC,Tien L.,Landaluce M.,3,3,hc,2.50,home,ft,1.035,4
jPJeYIpC,Tien L.,Landaluce M.,3,3,hc,2.50,away,ft,12.252,4
jPJeYIpC,Tien L.,Landaluce M.,3,3,hc,-2.50,home,ft,2.522,5
jPJeYIpC,Tien L.,Landaluce M.,3,3,hc,-2.50,away,ft,1.51,5
jPJeYIpC,Tien L.,Landaluce M.,3,3,hc,0,home,ft,1.22,2
jPJeYIpC,Tien L.,Landaluce M.,3,3,hc,0,away,ft,3.62,2
jPJeYIpC,Tien L.,Landaluce M.,3,3,hc,1.50,home,ft,1.17,2
jPJeYIpC,Tien L.,Landaluce M.,3,3,hc,1.50,away,ft,4.22,2
jPJeYIpC,Tien L.,Landaluce M.,3,3,hc,-1.50,home,ft,1.33,2
jPJeYIpC,Tien L.,Landaluce M.,3,3,hc,-1.50,away,ft,2.93,2
jPJeYIpC,Tien L.,Landaluce M.,3,3,hc,-2.00,home,ft,1.34,2
jPJeYIpC,Tien L.,Landaluce M.,3,3,hc,-2.00,away,ft,2.89,2
jPJeYIpC,Tien L.,Landaluce M.,3,3,hc,-2.50,home,ft,1.42,2
jPJeYIpC,Tien L.,Landaluce M.,3,3,hc,-2.50,away,ft,2.58,2
jPJeYIpC,Tien L.,Landaluce M.,3,3,hc,-3.00,home,ft,1.51,4
jPJeYIpC,Tien L.,Landaluce M.,3,3,hc,-3.00,away,ft,2.453,4
jPJeYIpC,Tien L.,Landaluce M.,3,3,hc,-3.50,home,ft,1.595,4
jPJeYIpC,Tien L.,Landaluce M.,3,3,hc,-3.50,away,ft,2.255,4
jPJeYIpC,Tien L.,Landaluce M.,3,3,hc,-4.00,home,ft,1.708,4
jPJeYIpC,Tien L.,Landaluce M.,3,3,hc,-4.00,away,ft,2.07,4
jPJeYIpC,Tien L.,Landaluce M.,3,3,hc,-4.50,home,ft,1.838,5
jPJeYIpC,Tien L.,Landaluce M.,3,3,hc,-4.50,away,ft,1.908,5
jPJeYIpC,Tien L.,Landaluce M.,3,3,hc,-5.00,home,ft,2.178,4
jPJeYIpC,Tien L.,Landaluce M.,3,3,hc,-5.00,away,ft,1.64,4
jPJeYIpC,Tien L.,Landaluce M.,3,3,hc,-5.50,home,ft,2.428,5
jPJeYIpC,Tien L.,Landaluce M.,3,3,hc,-5.50,away,ft,1.52,5
jPJeYIpC,Tien L.,Landaluce M.,3,3,hc,-6.00,home,ft,2.94,2
jPJeYIpC,Tien L.,Landaluce M.,3,3,hc,-6.00,away,ft,1.33,2
jPJeYIpC,Tien L.,Landaluce M.,3,3,hc,-6.50,home,ft,3.31,2
jPJeYIpC,Tien L.,Landaluce M.,3,3,hc,-6.50,away,ft,1.27,2
jPJeYIpC,Tien L.,Landaluce M.,3,3,hc,-7.00,home,ft,4.72,2
jPJeYIpC,Tien L.,Landaluce M.,3,3,hc,-7.00,away,ft,1.14,2
jPJeYIpC,Tien L.,Landaluce M.,3,3,hc,-7.50,home,ft,6.15,2
jPJeYIpC,Tien L.,Landaluce M.,3,3,hc,-7.50,away,ft,1.08,2
jPJeYIpC,Tien L.,Landaluce M.,3,3,hc,-8.50,home,ft,8.3,2
jPJeYIpC,Tien L.,Landaluce M.,3,3,hc,-8.50,away,ft,1.03,2
Cv84WdFO,Budkov Kjaer N.,Jodar R.,3,3,ou,3.50,over,ft,1.487,3
Cv84WdFO,Budkov Kjaer N.,Jodar R.,3,3,ou,3.50,under,ft,2.657,3
Cv84WdFO,Budkov Kjaer N.,Jodar R.,3,3,ou,4.50,over,ft,3.233,3
Cv84WdFO,Budkov Kjaer N.,Jodar R.,3,3,ou,4.50,under,ft,1.363,3
Cv84WdFO,Budkov Kjaer N.,Jodar R.,3,3,ou,16.50,over,ft,1.04,1
Cv84WdFO,Budkov Kjaer N.,Jodar R.,3,3,ou,16.50,under,ft,10.5,1
Cv84WdFO,Budkov Kjaer N.,Jodar R.,3,3,ou,18.50,over,ft,1.22,1
Cv84WdFO,Budkov Kjaer N.,Jodar R.,3,3,ou,18.50,under,ft,4.1,1
Cv84WdFO,Budkov Kjaer N.,Jodar R.,3,3,ou,20.50,over,ft,1.46,2
Cv84WdFO,Budkov Kjaer N.,Jodar R.,3,3,ou,20.50,under,ft,2.575,2
Cv84WdFO,Budkov Kjaer N.,Jodar R.,3,3,ou,21.00,over,ft,1.42,2
Cv84WdFO,Budkov Kjaer N.,Jodar R.,3,3,ou,21.00,under,ft,2.53,2
Cv84WdFO,Budkov Kjaer N.,Jodar R.,3,3,ou,21.50,over,ft,1.48,2
Cv84WdFO,Budkov Kjaer N.,Jodar R.,3,3,ou,21.50,under,ft,2.4,2
Cv84WdFO,Budkov Kjaer N.,Jodar R.,3,3,ou,22.00,over,ft,1.62,4
Cv84WdFO,Budkov Kjaer N.,Jodar R.,3,3,ou,22.00,under,ft,2.24,4
Cv84WdFO,Budkov Kjaer N.,Jodar R.,3,3,ou,22.50,over,ft,1.635,6
Cv84WdFO,Budkov Kjaer N.,Jodar R.,3,3,ou,22.50,under,ft,2.185,6
Cv84WdFO,Budkov Kjaer N.,Jodar R.,3,3,ou,23.00,over,ft,1.738,4
Cv84WdFO,Budkov Kjaer N.,Jodar R.,3,3,ou,23.00,under,ft,2.083,4
Cv84WdFO,Budkov Kjaer N.,Jodar R.,3,3,ou,23.50,over,ft,1.863,6
Cv84WdFO,Budkov Kjaer N.,Jodar R.,3,3,ou,23.50,under,ft,1.925,6
Cv84WdFO,Budkov Kjaer N.,Jodar R.,3,3,ou,24.00,over,ft,1.972,4
Cv84WdFO,Budkov Kjaer N.,Jodar R.,3,3,ou,24.00,under,ft,1.82,4
Cv84WdFO,Budkov Kjaer N.,Jodar R.,3,3,ou,24.50,over,ft,2.078,6
Cv84WdFO,Budkov Kjaer N.,Jodar R.,3,3,ou,24.50,under,ft,1.73,6
Cv84WdFO,Budkov Kjaer N.,Jodar R.,3,3,ou,25.00,over,ft,2.2,2
Cv84WdFO,Budkov Kjaer N.,Jodar R.,3,3,ou,25.00,under,ft,1.58,2
Cv84WdFO,Budkov Kjaer N.,Jodar R.,3,3,ou,25.50,over,ft,2.32,2
Cv84WdFO,Budkov Kjaer N.,Jodar R.,3,3,ou,25.50,under,ft,1.51,2
Cv84WdFO,Budkov Kjaer N.,Jodar R.,3,3,ou,26.00,over,ft,2.53,2
Cv84WdFO,Budkov Kjaer N.,Jodar R.,3,3,ou,26.00,under,ft,1.42,2
Cv84WdFO,Budkov Kjaer N.,Jodar R.,3,3,ou,26.50,over,ft,2.7,4
Cv84WdFO,Budkov Kjaer N.,Jodar R.,3,3,ou,26.50,under,ft,1.41,4
Cv84WdFO,Budkov Kjaer N.,Jodar R.,3,3,ou,27.00,over,ft,2.86,2
Cv84WdFO,Budkov Kjaer N.,Jodar R.,3,3,ou,27.00,under,ft,1.33,2
Cv84WdFO,Budkov Kjaer N.,Jodar R.,3,3,ou,28.50,over,ft,3.7,1
Cv84WdFO,Budkov Kjaer N.,Jodar R.,3,3,ou,28.50,under,ft,1.27,1
Cv84WdFO,Budkov Kjaer N.,Jodar R.,3,3,ou,30.50,over,ft,5.5,1
Cv84WdFO,Budkov Kjaer N.,Jodar R.,3,3,ou,30.50,under,ft,1.14,1
Cv84WdFO,Budkov Kjaer N.,Jodar R.,3,3,ou,32.50,over,ft,11.5,1
Cv84WdFO,Budkov Kjaer N.,Jodar R.,3,3,ou,32.50,under,ft,1.03,1
Cv84WdFO,Budkov Kjaer N.,Jodar R.,3,3,hc,1.50,home,ft,1.567,6
Cv84WdFO,Budkov Kjaer N.,Jodar R.,3,3,hc,1.50,away,ft,2.352,6
Cv84WdFO,Budkov Kjaer N.,Jodar R.,3,3,hc,-1.50,home,ft,3.038,4
Cv84WdFO,Budkov Kjaer N.,Jodar R.,3,3,hc,-1.50,away,ft,1.377,4
Cv84WdFO,Budkov Kjaer N.,Jodar R.,3,3,hc,2.50,home,ft,1.208,4
Cv84WdFO,Budkov Kjaer N.,Jodar R.,3,3,hc,2.50,away,ft,4.453,4
Cv84WdFO,Budkov Kjaer N.,Jodar R.,3,3,hc,-2.50,home,ft,6.04,4
Cv84WdFO,Budkov Kjaer N.,Jodar R.,3,3,hc,-2.50,away,ft,1.125,4
Cv84WdFO,Budkov Kjaer N.,Jodar R.,3,3,hc,0,home,ft,2.095,4
Cv84WdFO,Budkov Kjaer N.,Jodar R.,3,3,hc,0,away,ft,1.698,4
Cv84WdFO,Budkov Kjaer N.,Jodar R.,3,3,hc,12.00,home,ft,1.81,1
Cv84WdFO,Budkov Kjaer N.,Jodar R.,3,3,hc,12.00,away,ft,1.58,1
Cv84WdFO,Budkov Kjaer N.,Jodar R.,3,3,hc,12.50,home,ft,1.68,1
Cv84WdFO,Budkov Kjaer N.,Jodar R.,3,3,hc,12.50,away,ft,1.76,1
Cv84WdFO,Budkov Kjaer N.,Jodar R.,3,3,hc,0.50,home,ft,1.992,4
Cv84WdFO,Budkov Kjaer N.,Jodar R.,3,3,hc,0.50,away,ft,1.775,4
Cv84WdFO,Budkov Kjaer N.,Jodar R.,3,3,hc,-0.50,home,ft,2.11,4
Cv84WdFO,Budkov Kjaer N.,Jodar R.,3,3,hc,-0.50,away,ft,1.68,4
Cv84WdFO,Budkov Kjaer N.,Jodar R.,3,3,hc,1.00,home,ft,1.895,4
Cv84WdFO,Budkov Kjaer N.,Jodar R.,3,3,hc,1.00,away,ft,1.855,4
Cv84WdFO,Budkov Kjaer N.,Jodar R.,3,3,hc,-1.00,home,ft,2.28,2
Cv84WdFO,Budkov Kjaer N.,Jodar R.,3,3,hc,-1.00,away,ft,1.53,2
Cv84WdFO,Budkov Kjaer N.,Jodar R.,3,3,hc,1.50,home,ft,1.85,5
Cv84WdFO,Budkov Kjaer N.,Jodar R.,3,3,hc,1.50,away,ft,1.956,5
Cv84WdFO,Budkov Kjaer N.,Jodar R.,3,3,hc,-1.50,home,ft,2.333,3
Cv84WdFO,Budkov Kjaer N.,Jodar R.,3,3,hc,-1.50,away,ft,1.517,3
Cv84WdFO,Budkov Kjaer N.,Jodar R.,3,3,hc,2.00,home,ft,1.715,4
Cv84WdFO,Budkov Kjaer N.,Jodar R.,3,3,hc,2.00,away,ft,2.07,4
Cv84WdFO,Budkov Kjaer N.,Jodar R.,3,3,hc,-2.00,home,ft,2.49,2
Cv84WdFO,Budkov Kjaer N.,Jodar R.,3,3,hc,-2.00,away,ft,1.45,2
Cv84WdFO,Budkov Kjaer N.,Jodar R.,3,3,hc,2.50,home,ft,1.653,4
Cv84WdFO,Budkov Kjaer N.,Jodar R.,3,3,hc,2.50,away,ft,2.152,4
Cv84WdFO,Budkov Kjaer N.,Jodar R.,3,3,hc,-2.50,home,ft,2.69,2
Cv84WdFO,Budkov Kjaer N.,Jodar R.,3,3,hc,-2.50,away,ft,1.39,2
Cv84WdFO,Budkov Kjaer N.,Jodar R.,3,3,hc,3.00,home,ft,1.57,4
Cv84WdFO,Budkov Kjaer N.,Jodar R.,3,3,hc,3.00,away,ft,2.302,4
Cv84WdFO,Budkov Kjaer N.,Jodar R.,3,3,hc,3.50,home,ft,1.45,3
Cv84WdFO,Budkov Kjaer N.,Jodar R.,3,3,hc,3.50,away,ft,2.513,3
Cv84WdFO,Budkov Kjaer N.,Jodar R.,3,3,hc,-3.50,home,ft,3.193,3
Cv84WdFO,Budkov Kjaer N.,Jodar R.,3,3,hc,-3.50,away,ft,1.293,3
Cv84WdFO,Budkov Kjaer N.,Jodar R.,3,3,hc,4.00,home,ft,1.33,2
Cv84WdFO,Budkov Kjaer N.,Jodar R.,3,3,hc,4.00,away,ft,2.94,2
Cv84WdFO,Budkov Kjaer N.,Jodar R.,3,3,hc,4.50,home,ft,1.29,2
Cv84WdFO,Budkov Kjaer N.,Jodar R.,3,3,hc,4.50,away,ft,3.13,2
Cv84WdFO,Budkov Kjaer N.,Jodar R.,3,3,hc,5.50,home,ft,1.16,3
Cv84WdFO,Budkov Kjaer N.,Jodar R.,3,3,hc,5.50,away,ft,4.44,3
Cv84WdFO,Budkov Kjaer N.,Jodar R.,3,3,hc,-5.50,home,ft,5.4,1
Cv84WdFO,Budkov Kjaer N.,Jodar R.,3,3,hc,-5.50,away,ft,1.12,1
Cv84WdFO,Budkov Kjaer N.,Jodar R.,3,3,hc,6.50,home,ft,1.06,2
Cv84WdFO,Budkov Kjaer N.,Jodar R.,3,3,hc,6.50,away,ft,6.53,2
p4j5lVzA,Blockx A.,Basavareddy N.,3,3,ou,3.50,over,ft,1.45,3
p4j5lVzA,Blockx A.,Basavareddy N.,3,3,ou,3.50,under,ft,2.77,3
p4j5lVzA,Blockx A.,Basavareddy N.,3,3,ou,4.50,over,ft,3.187,3
p4j5lVzA,Blockx A.,Basavareddy N.,3,3,ou,4.50,under,ft,1.367,3
p4j5lVzA,Blockx A.,Basavareddy N.,3,3,ou,20.50,over,ft,1.42,1
p4j5lVzA,Blockx A.,Basavareddy N.,3,3,ou,20.50,under,ft,2.65,1
p4j5lVzA,Blockx A.,Basavareddy N.,3,3,ou,21.00,over,ft,1.4,2
p4j5lVzA,Blockx A.,Basavareddy N.,3,3,ou,21.00,under,ft,2.6,2
p4j5lVzA,Blockx A.,Basavareddy N.,3,3,ou,21.50,over,ft,1.46,2
p4j5lVzA,Blockx A.,Basavareddy N.,3,3,ou,21.50,under,ft,2.45,2
p4j5lVzA,Blockx A.,Basavareddy N.,3,3,ou,22.00,over,ft,1.56,2
p4j5lVzA,Blockx A.,Basavareddy N.,3,3,ou,22.00,under,ft,2.44,2
p4j5lVzA,Blockx A.,Basavareddy N.,3,3,ou,22.50,over,ft,1.617,6
p4j5lVzA,Blockx A.,Basavareddy N.,3,3,ou,22.50,under,ft,2.253,6
p4j5lVzA,Blockx A.,Basavareddy N.,3,3,ou,23.00,over,ft,1.677,4
p4j5lVzA,Blockx A.,Basavareddy N.,3,3,ou,23.00,under,ft,2.225,4
p4j5lVzA,Blockx A.,Basavareddy N.,3,3,ou,23.50,over,ft,1.803,6
p4j5lVzA,Blockx A.,Basavareddy N.,3,3,ou,23.50,under,ft,2.012,6
p4j5lVzA,Blockx A.,Basavareddy N.,3,3,ou,24.00,over,ft,1.902,4
p4j5lVzA,Blockx A.,Basavareddy N.,3,3,ou,24.00,under,ft,1.927,4
p4j5lVzA,Blockx A.,Basavareddy N.,3,3,ou,24.50,over,ft,1.995,6
p4j5lVzA,Blockx A.,Basavareddy N.,3,3,ou,24.50,under,ft,1.788,6
p4j5lVzA,Blockx A.,Basavareddy N.,3,3,ou,25.00,over,ft,2.235,4
p4j5lVzA,Blockx A.,Basavareddy N.,3,3,ou,25.00,under,ft,1.67,4
p4j5lVzA,Blockx A.,Basavareddy N.,3,3,ou,25.50,over,ft,2.38,2
p4j5lVzA,Blockx A.,Basavareddy N.,3,3,ou,25.50,under,ft,1.58,2
p4j5lVzA,Blockx A.,Basavareddy N.,3,3,ou,26.00,over,ft,2.62,2
p4j5lVzA,Blockx A.,Basavareddy N.,3,3,ou,26.00,under,ft,1.49,2
p4j5lVzA,Blockx A.,Basavareddy N.,3,3,ou,26.50,over,ft,2.597,3
p4j5lVzA,Blockx A.,Basavareddy N.,3,3,ou,26.50,under,ft,1.42,3
p4j5lVzA,Blockx A.,Basavareddy N.,3,3,ou,27.00,over,ft,2.79,2
p4j5lVzA,Blockx A.,Basavareddy N.,3,3,ou,27.00,under,ft,1.35,2
p4j5lVzA,Blockx A.,Basavareddy N.,3,3,hc,1.50,home,ft,1.402,5
p4j5lVzA,Blockx A.,Basavareddy N.,3,3,hc,1.50,away,ft,2.914,5
p4j5lVzA,Blockx A.,Basavareddy N.,3,3,hc,-1.50,home,ft,2.415,6
p4j5lVzA,Blockx A.,Basavareddy N.,3,3,hc,-1.50,away,ft,1.538,6
p4j5lVzA,Blockx A.,Basavareddy N.,3,3,hc,2.50,home,ft,1.13,4
p4j5lVzA,Blockx A.,Basavareddy N.,3,3,hc,2.50,away,ft,5.86,4
p4j5lVzA,Blockx A.,Basavareddy N.,3,3,hc,-2.50,home,ft,4.812,4
p4j5lVzA,Blockx A.,Basavareddy N.,3,3,hc,-2.50,away,ft,1.18,4
p4j5lVzA,Blockx A.,Basavareddy N.,3,3,hc,0,home,ft,1.745,4
p4j5lVzA,Blockx A.,Basavareddy N.,3,3,hc,0,away,ft,2.105,4
p4j5lVzA,Blockx A.,Basavareddy N.,3,3,hc,12.00,home,ft,1.55,1
p4j5lVzA,Blockx A.,Basavareddy N.,3,3,hc,12.00,away,ft,1.7,1
p4j5lVzA,Blockx A.,Basavareddy N.,3,3,hc,12.50,home,ft,1.86,1
p4j5lVzA,Blockx A.,Basavareddy N.,3,3,hc,12.50,away,ft,1.7,1
p4j5lVzA,Blockx A.,Basavareddy N.,3,3,hc,13.00,home,ft,1.7,1
p4j5lVzA,Blockx A.,Basavareddy N.,3,3,hc,13.00,away,ft,1.57,1
p4j5lVzA,Blockx A.,Basavareddy N.,3,3,hc,0.50,home,ft,1.7,4
p4j5lVzA,Blockx A.,Basavareddy N.,3,3,hc,0.50,away,ft,2.175,4
p4j5lVzA,Blockx A.,Basavareddy N.,3,3,hc,-0.50,home,ft,1.818,4
p4j5lVzA,Blockx A.,Basavareddy N.,3,3,hc,-0.50,away,ft,2.01,4
p4j5lVzA,Blockx A.,Basavareddy N.,3,3,hc,1.00,home,ft,1.665,4
p4j5lVzA,Blockx A.,Basavareddy N.,3,3,hc,1.00,away,ft,2.228,4
p4j5lVzA,Blockx A.,Basavareddy N.,3,3,hc,-1.00,home,ft,1.922,4
p4j5lVzA,Blockx A.,Basavareddy N.,3,3,hc,-1.00,away,ft,1.9,4
p4j5lVzA,Blockx A.,Basavareddy N.,3,3,hc,1.50,home,ft,1.53,2
p4j5lVzA,Blockx A.,Basavareddy N.,3,3,hc,1.50,away,ft,2.27,2
p4j5lVzA,Blockx A.,Basavareddy N.,3,3,hc,-1.50,home,ft,1.992,5
p4j5lVzA,Blockx A.,Basavareddy N.,3,3,hc,-1.50,away,ft,1.81,5
p4j5lVzA,Blockx A.,Basavareddy N.,3,3,hc,2.00,home,ft,1.43,2
p4j5lVzA,Blockx A.,Basavareddy N.,3,3,hc,2.00,away,ft,2.55,2
p4j5lVzA,Blockx A.,Basavareddy N.,3,3,hc,-2.00,home,ft,2.157,4
p4j5lVzA,Blockx A.,Basavareddy N.,3,3,hc,-2.00,away,ft,1.715,4
p4j5lVzA,Blockx A.,Basavareddy N.,3,3,hc,2.50,home,ft,1.42,2
p4j5lVzA,Blockx A.,Basavareddy N.,3,3,hc,2.50,away,ft,2.59,2
p4j5lVzA,Blockx A.,Basavareddy N.,3,3,hc,-2.50,home,ft,2.25,2
p4j5lVzA,Blockx A.,Basavareddy N.,3,3,hc,-2.50,away,ft,1.65,2
p4j5lVzA,Blockx A.,Basavareddy N.,3,3,hc,3.00,home,ft,1.4,2
p4j5lVzA,Blockx A.,Basavareddy N.,3,3,hc,3.00,away,ft,2.77,2
p4j5lVzA,Blockx A.,Basavareddy N.,3,3,hc,-3.00,home,ft,2.5,2
p4j5lVzA,Blockx A.,Basavareddy N.,3,3,hc,-3.00,away,ft,1.53,2
p4j5lVzA,Blockx A.,Basavareddy N.,3,3,hc,3.50,home,ft,1.31,2
p4j5lVzA,Blockx A.,Basavareddy N.,3,3,hc,3.50,away,ft,3.05,2
p4j5lVzA,Blockx A.,Basavareddy N.,3,3,hc,-3.50,home,ft,2.69,2
p4j5lVzA,Blockx A.,Basavareddy N.,3,3,hc,-3.50,away,ft,1.47,2
p4j5lVzA,Blockx A.,Basavareddy N.,3,3,hc,4.00,home,ft,1.31,2
p4j5lVzA,Blockx A.,Basavareddy N.,3,3,hc,4.00,away,ft,3.2,2
p4j5lVzA,Blockx A.,Basavareddy N.,3,3,hc,-4.00,home,ft,3.26,2
p4j5lVzA,Blockx A.,Basavareddy N.,3,3,hc,-4.00,away,ft,1.34,2
p4j5lVzA,Blockx A.,Basavareddy N.,3,3,hc,4.50,home,ft,1.19,2
p4j5lVzA,Blockx A.,Basavareddy N.,3,3,hc,4.50,away,ft,3.92,2
p4j5lVzA,Blockx A.,Basavareddy N.,3,3,hc,-4.50,home,ft,3.31,2
p4j5lVzA,Blockx A.,Basavareddy N.,3,3,hc,-4.50,away,ft,1.27,2
tWqEn95M,Prizmic D.,Engel J.,3,3,ou,3.50,over,ft,1.537,3
tWqEn95M,Prizmic D.,Engel J.,3,3,ou,3.50,under,ft,2.553,3
tWqEn95M,Prizmic D.,Engel J.,3,3,ou,4.50,over,ft,3.37,3
tWqEn95M,Prizmic D.,Engel J.,3,3,ou,4.50,under,ft,1.343,3
tWqEn95M,Prizmic D.,Engel J.,3,3,ou,20.00,over,ft,1.42,2
tWqEn95M,Prizmic D.,Engel J.,3,3,ou,20.00,under,ft,2.53,2
tWqEn95M,Prizmic D.,Engel J.,3,3,ou,20.50,over,ft,1.49,3
tWqEn95M,Prizmic D.,Engel J.,3,3,ou,20.50,under,ft,2.393,3
tWqEn95M,Prizmic D.,Engel J.,3,3,ou,21.00,over,ft,1.44,2
tWqEn95M,Prizmic D.,Engel J.,3,3,ou,21.00,under,ft,2.47,2
tWqEn95M,Prizmic D.,Engel J.,3,3,ou,21.50,over,ft,1.628,5
tWqEn95M,Prizmic D.,Engel J.,3,3,ou,21.50,under,ft,2.21,5
tWqEn95M,Prizmic D.,Engel J.,3,3,ou,22.00,over,ft,1.635,4
tWqEn95M,Prizmic D.,Engel J.,3,3,ou,22.00,under,ft,2.203,4
tWqEn95M,Prizmic D.,Engel J.,3,3,ou,22.50,over,ft,1.673,6
tWqEn95M,Prizmic D.,Engel J.,3,3,ou,22.50,under,ft,2.133,6
tWqEn95M,Prizmic D.,Engel J.,3,3,ou,23.00,over,ft,1.745,4
tWqEn95M,Prizmic D.,Engel J.,3,3,ou,23.00,under,ft,2.062,4
tWqEn95M,Prizmic D.,Engel J.,3,3,ou,23.50,over,ft,1.848,6
tWqEn95M,Prizmic D.,Engel J.,3,3,ou,23.50,under,ft,1.94,6
tWqEn95M,Prizmic D.,Engel J.,3,3,ou,24.00,over,ft,1.99,4
tWqEn95M,Prizmic D.,Engel J.,3,3,ou,24.00,under,ft,1.805,4
tWqEn95M,Prizmic D.,Engel J.,3,3,ou,24.50,over,ft,2.107,6
tWqEn95M,Prizmic D.,Engel J.,3,3,ou,24.50,under,ft,1.68,6
tWqEn95M,Prizmic D.,Engel J.,3,3,ou,25.00,over,ft,2.26,2
tWqEn95M,Prizmic D.,Engel J.,3,3,ou,25.00,under,ft,1.55,2
tWqEn95M,Prizmic D.,Engel J.,3,3,ou,25.50,over,ft,2.4,2
tWqEn95M,Prizmic D.,Engel J.,3,3,ou,25.50,under,ft,1.48,2
tWqEn95M,Prizmic D.,Engel J.,3,3,ou,26.00,over,ft,2.6,2
tWqEn95M,Prizmic D.,Engel J.,3,3,ou,26.00,under,ft,1.4,2
tWqEn95M,Prizmic D.,Engel J.,3,3,ou,26.50,over,ft,2.8,1
tWqEn95M,Prizmic D.,Engel J.,3,3,ou,26.50,under,ft,1.4,1
tWqEn95M,Prizmic D.,Engel J.,3,3,hc,1.50,home,ft,1.305,4
tWqEn95M,Prizmic D.,Engel J.,3,3,hc,1.50,away,ft,3.458,4
tWqEn95M,Prizmic D.,Engel J.,3,3,hc,-1.50,home,ft,2.082,6
tWqEn95M,Prizmic D.,Engel J.,3,3,hc,-1.50,away,ft,1.72,6
tWqEn95M,Prizmic D.,Engel J.,3,3,hc,2.50,home,ft,1.095,4
tWqEn95M,Prizmic D.,Engel J.,3,3,hc,2.50,away,ft,7.11,4
tWqEn95M,Prizmic D.,Engel J.,3,3,hc,-2.50,home,ft,3.817,4
tWqEn95M,Prizmic D.,Engel J.,3,3,hc,-2.50,away,ft,1.26,4
tWqEn95M,Prizmic D.,Engel J.,3,3,hc,0,home,ft,1.52,2
tWqEn95M,Prizmic D.,Engel J.,3,3,hc,0,away,ft,2.31,2
tWqEn95M,Prizmic D.,Engel J.,3,3,hc,12.00,home,ft,1.42,1
tWqEn95M,Prizmic D.,Engel J.,3,3,hc,12.00,away,ft,2.0,1
tWqEn95M,Prizmic D.,Engel J.,3,3,hc,12.50,home,ft,1.85,1
tWqEn95M,Prizmic D.,Engel J.,3,3,hc,12.50,away,ft,1.6,1
tWqEn95M,Prizmic D.,Engel J.,3,3,hc,-0.50,home,ft,1.59,2
tWqEn95M,Prizmic D.,Engel J.,3,3,hc,-0.50,away,ft,2.17,2
tWqEn95M,Prizmic D.,Engel J.,3,3,hc,-1.00,home,ft,1.675,4
tWqEn95M,Prizmic D.,Engel J.,3,3,hc,-1.00,away,ft,2.12,4
tWqEn95M,Prizmic D.,Engel J.,3,3,hc,1.50,home,ft,1.35,2
tWqEn95M,Prizmic D.,Engel J.,3,3,hc,1.50,away,ft,2.84,2
tWqEn95M,Prizmic D.,Engel J.,3,3,hc,-1.50,home,ft,1.788,5
tWqEn95M,Prizmic D.,Engel J.,3,3,hc,-1.50,away,ft,2.026,5
tWqEn95M,Prizmic D.,Engel J.,3,3,hc,-2.00,home,ft,1.84,4
tWqEn95M,Prizmic D.,Engel J.,3,3,hc,-2.00,away,ft,1.91,4
tWqEn95M,Prizmic D.,Engel J.,3,3,hc,2.50,home,ft,1.27,2
tWqEn95M,Prizmic D.,Engel J.,3,3,hc,2.50,away,ft,3.31,2
tWqEn95M,Prizmic D.,Engel J.,3,3,hc,-2.50,home,ft,1.922,5
tWqEn95M,Prizmic D.,Engel J.,3,3,hc,-2.50,away,ft,1.822,5
tWqEn95M,Prizmic D.,Engel J.,3,3,hc,-3.00,home,ft,2.115,4
tWqEn95M,Prizmic D.,Engel J.,3,3,hc,-3.00,away,ft,1.68,4
tWqEn95M,Prizmic D.,Engel J.,3,3,hc,3.50,home,ft,1.19,2
tWqEn95M,Prizmic D.,Engel J.,3,3,hc,3.50,away,ft,4.02,2
tWqEn95M,Prizmic D.,Engel J.,3,3,hc,-3.50,home,ft,2.272,4
tWqEn95M,Prizmic D.,Engel J.,3,3,hc,-3.50,away,ft,1.595,4
tWqEn95M,Prizmic D.,Engel J.,3,3,hc,-4.00,home,ft,2.508,4
tWqEn95M,Prizmic D.,Engel J.,3,3,hc,-4.00,away,ft,1.49,4
tWqEn95M,Prizmic D.,Engel J.,3,3,hc,-4.50,home,ft,2.643,4
tWqEn95M,Prizmic D.,Engel J.,3,3,hc,-4.50,away,ft,1.455,4
tWqEn95M,Prizmic D.,Engel J.,3,3,hc,-5.00,home,ft,3.57,2
tWqEn95M,Prizmic D.,Engel J.,3,3,hc,-5.00,away,ft,1.23,2
tWqEn95M,Prizmic D.,Engel J.,3,3,hc,-5.50,home,ft,3.53,2
tWqEn95M,Prizmic D.,Engel J.,3,3,hc,-5.50,away,ft,1.24,2
tWqEn95M,Prizmic D.,Engel J.,3,3,hc,-6.00,home,ft,3.9,2
tWqEn95M,Prizmic D.,Engel J.,3,3,hc,-6.00,away,ft,1.22,2
tWqEn95M,Prizmic D.,Engel J.,3,3,hc,-6.50,home,ft,5.36,2
tWqEn95M,Prizmic D.,Engel J.,3,3,hc,-6.50,away,ft,1.1,2
xvmcji6c,Landaluce M.,Budkov Kjaer N.,1,1,ou,3.50,over,ft,1.447,3
xvmcji6c,Landaluce M.,Budkov Kjaer N.,1,1,ou,3.50,under,ft,2.85,3
xvmcji6c,Landaluce M.,Budkov Kjaer N.,1,1,ou,4.50,over,ft,3.023,3
xvmcji6c,Landaluce M.,Budkov Kjaer N.,1,1,ou,4.50,under,ft,1.41,3
xvmcji6c,Landaluce M.,Budkov Kjaer N.,1,1,ou,20.50,over,ft,1.395,2
xvmcji6c,Landaluce M.,Budkov Kjaer N.,1,1,ou,20.50,under,ft,2.855,2
xvmcji6c,Landaluce M.,Budkov Kjaer N.,1,1,ou,21.00,over,ft,1.4,2
xvmcji6c,Landaluce M.,Budkov Kjaer N.,1,1,ou,21.00,under,ft,2.6,2
xvmcji6c,Landaluce M.,Budkov Kjaer N.,1,1,ou,21.50,over,ft,1.503,3
xvmcji6c,Landaluce M.,Budkov Kjaer N.,1,1,ou,21.50,under,ft,2.363,3
xvmcji6c,Landaluce M.,Budkov Kjaer N.,1,1,ou,22.00,over,ft,1.54,3
xvmcji6c,Landaluce M.,Budkov Kjaer N.,1,1,ou,22.00,under,ft,2.31,3
xvmcji6c,Landaluce M.,Budkov Kjaer N.,1,1,ou,22.50,over,ft,1.568,6
xvmcji6c,Landaluce M.,Budkov Kjaer N.,1,1,ou,22.50,under,ft,2.272,6
xvmcji6c,Landaluce M.,Budkov Kjaer N.,1,1,ou,23.00,over,ft,1.605,4
xvmcji6c,Landaluce M.,Budkov Kjaer N.,1,1,ou,23.00,under,ft,2.245,4
xvmcji6c,Landaluce M.,Budkov Kjaer N.,1,1,ou,23.50,over,ft,1.723,6
xvmcji6c,Landaluce M.,Budkov Kjaer N.,1,1,ou,23.50,under,ft,2.055,6
xvmcji6c,Landaluce M.,Budkov Kjaer N.,1,1,ou,24.00,over,ft,1.792,4
xvmcji6c,Landaluce M.,Budkov Kjaer N.,1,1,ou,24.00,under,ft,2.002,4
xvmcji6c,Landaluce M.,Budkov Kjaer N.,1,1,ou,24.50,over,ft,1.968,6
xvmcji6c,Landaluce M.,Budkov Kjaer N.,1,1,ou,24.50,under,ft,1.805,6
xvmcji6c,Landaluce M.,Budkov Kjaer N.,1,1,ou,25.00,over,ft,2.085,4
xvmcji6c,Landaluce M.,Budkov Kjaer N.,1,1,ou,25.00,under,ft,1.73,4
xvmcji6c,Landaluce M.,Budkov Kjaer N.,1,1,ou,25.50,over,ft,2.237,4
xvmcji6c,Landaluce M.,Budkov Kjaer N.,1,1,ou,25.50,under,ft,1.63,4
xvmcji6c,Landaluce M.,Budkov Kjaer N.,1,1,ou,26.00,over,ft,2.38,2
xvmcji6c,Landaluce M.,Budkov Kjaer N.,1,1,ou,26.00,under,ft,1.5,2
xvmcji6c,Landaluce M.,Budkov Kjaer N.,1,1,ou,26.50,over,ft,2.58,4
xvmcji6c,Landaluce M.,Budkov Kjaer N.,1,1,ou,26.50,under,ft,1.452,4
xvmcji6c,Landaluce M.,Budkov Kjaer N.,1,1,ou,27.00,over,ft,2.74,2
xvmcji6c,Landaluce M.,Budkov Kjaer N.,1,1,ou,27.00,under,ft,1.36,2
xvmcji6c,Landaluce M.,Budkov Kjaer N.,1,1,ou,28.50,over,ft,3.51,1
xvmcji6c,Landaluce M.,Budkov Kjaer N.,1,1,ou,28.50,under,ft,1.3,1
xvmcji6c,Landaluce M.,Budkov Kjaer N.,1,1,hc,1.50,home,ft,1.343,6
xvmcji6c,Landaluce M.,Budkov Kjaer N.,1,1,hc,1.50,away,ft,3.288,6
xvmcji6c,Landaluce M.,Budkov Kjaer N.,1,1,hc,-1.50,home,ft,2.233,6
xvmcji6c,Landaluce M.,Budkov Kjaer N.,1,1,hc,-1.50,away,ft,1.63,6
xvmcji6c,Landaluce M.,Budkov Kjaer N.,1,1,hc,2.50,home,ft,1.09,4
xvmcji6c,Landaluce M.,Budkov Kjaer N.,1,1,hc,2.50,away,ft,7.487,4
xvmcji6c,Landaluce M.,Budkov Kjaer N.,1,1,hc,-2.50,home,ft,4.282,4
xvmcji6c,Landaluce M.,Budkov Kjaer N.,1,1,hc,-2.50,away,ft,1.22,4
xvmcji6c,Landaluce M.,Budkov Kjaer N.,1,1,hc,0,home,ft,1.597,4
xvmcji6c,Landaluce M.,Budkov Kjaer N.,1,1,hc,0,away,ft,2.312,4
xvmcji6c,Landaluce M.,Budkov Kjaer N.,1,1,hc,12.00,home,ft,1.42,1
xvmcji6c,Landaluce M.,Budkov Kjaer N.,1,1,hc,12.00,away,ft,1.84,1
xvmcji6c,Landaluce M.,Budkov Kjaer N.,1,1,hc,12.50,home,ft,2.08,1
xvmcji6c,Landaluce M.,Budkov Kjaer N.,1,1,hc,12.50,away,ft,1.68,1
xvmcji6c,Landaluce M.,Budkov Kjaer N.,1,1,hc,13.00,home,ft,1.9,1
xvmcji6c,Landaluce M.,Budkov Kjaer N.,1,1,hc,13.00,away,ft,1.6,1
xvmcji6c,Landaluce M.,Budkov Kjaer N.,1,1,hc,0.50,home,ft,1.646,5
xvmcji6c,Landaluce M.,Budkov Kjaer N.,1,1,hc,0.50,away,ft,2.198,5
xvmcji6c,Landaluce M.,Budkov Kjaer N.,1,1,hc,-0.50,home,ft,1.668,5
xvmcji6c,Landaluce M.,Budkov Kjaer N.,1,1,hc,-0.50,away,ft,2.166,5
xvmcji6c,Landaluce M.,Budkov Kjaer N.,1,1,hc,1.00,home,ft,1.547,4
xvmcji6c,Landaluce M.,Budkov Kjaer N.,1,1,hc,1.00,away,ft,2.39,4
xvmcji6c,Landaluce M.,Budkov Kjaer N.,1,1,hc,-1.00,home,ft,1.643,4
xvmcji6c,Landaluce M.,Budkov Kjaer N.,1,1,hc,-1.00,away,ft,2.192,4
xvmcji6c,Landaluce M.,Budkov Kjaer N.,1,1,hc,1.50,home,ft,1.558,4
xvmcji6c,Landaluce M.,Budkov Kjaer N.,1,1,hc,1.50,away,ft,2.413,4
xvmcji6c,Landaluce M.,Budkov Kjaer N.,1,1,hc,-1.50,home,ft,1.724,5
xvmcji6c,Landaluce M.,Budkov Kjaer N.,1,1,hc,-1.50,away,ft,2.044,5
xvmcji6c,Landaluce M.,Budkov Kjaer N.,1,1,hc,2.00,home,ft,1.4,2
xvmcji6c,Landaluce M.,Budkov Kjaer N.,1,1,hc,2.00,away,ft,2.64,2
xvmcji6c,Landaluce M.,Budkov Kjaer N.,1,1,hc,-2.00,home,ft,1.86,4
xvmcji6c,Landaluce M.,Budkov Kjaer N.,1,1,hc,-2.00,away,ft,1.905,4
xvmcji6c,Landaluce M.,Budkov Kjaer N.,1,1,hc,2.50,home,ft,1.43,2
xvmcji6c,Landaluce M.,Budkov Kjaer N.,1,1,hc,2.50,away,ft,2.54,2
xvmcji6c,Landaluce M.,Budkov Kjaer N.,1,1,hc,-2.50,home,ft,1.964,5
xvmcji6c,Landaluce M.,Budkov Kjaer N.,1,1,hc,-2.50,away,ft,1.798,5
xvmcji6c,Landaluce M.,Budkov Kjaer N.,1,1,hc,3.00,home,ft,1.4,2
xvmcji6c,Landaluce M.,Budkov Kjaer N.,1,1,hc,3.00,away,ft,2.64,2
xvmcji6c,Landaluce M.,Budkov Kjaer N.,1,1,hc,-3.00,home,ft,2.228,4
xvmcji6c,Landaluce M.,Budkov Kjaer N.,1,1,hc,-3.00,away,ft,1.627,4
xvmcji6c,Landaluce M.,Budkov Kjaer N.,1,1,hc,3.50,home,ft,1.22,1
xvmcji6c,Landaluce M.,Budkov Kjaer N.,1,1,hc,3.50,away,ft,4.1,1
xvmcji6c,Landaluce M.,Budkov Kjaer N.,1,1,hc,-3.50,home,ft,2.4,3
xvmcji6c,Landaluce M.,Budkov Kjaer N.,1,1,hc,-3.50,away,ft,1.517,3
xvmcji6c,Landaluce M.,Budkov Kjaer N.,1,1,hc,-4.00,home,ft,2.79,2
xvmcji6c,Landaluce M.,Budkov Kjaer N.,1,1,hc,-4.00,away,ft,1.38,2
xvmcji6c,Landaluce M.,Budkov Kjaer N.,1,1,hc,-4.50,home,ft,3.075,2
xvmcji6c,Landaluce M.,Budkov Kjaer N.,1,1,hc,-4.50,away,ft,1.32,2
xvmcji6c,Landaluce M.,Budkov Kjaer N.,1,1,hc,-5.00,home,ft,4.215,2
xvmcji6c,Landaluce M.,Budkov Kjaer N.,1,1,hc,-5.00,away,ft,1.18,2
xvmcji6c,Landaluce M.,Budkov Kjaer N.,1,1,hc,-5.50,home,ft,4.93,1
xvmcji6c,Landaluce M.,Budkov Kjaer N.,1,1,hc,-5.50,away,ft,1.17,1
drAASmEj,Tien L.,Jodar R.,2,2,ou,3.50,over,ft,1.67,3
drAASmEj,Tien L.,Jodar R.,2,2,ou,3.50,under,ft,2.28,3
drAASmEj,Tien L.,Jodar R.,2,2,ou,4.50,over,ft,4.147,3
drAASmEj,Tien L.,Jodar R.,2,2,ou,4.50,under,ft,1.243,3
drAASmEj,Tien L.,Jodar R.,2,2,ou,19.00,over,ft,1.39,2
drAASmEj,Tien L.,Jodar R.,2,2,ou,19.00,under,ft,2.63,2
drAASmEj,Tien L.,Jodar R.,2,2,ou,19.50,over,ft,1.51,2
drAASmEj,Tien L.,Jodar R.,2,2,ou,19.50,under,ft,2.32,2
drAASmEj,Tien L.,Jodar R.,2,2,ou,20.00,over,ft,1.475,2
drAASmEj,Tien L.,Jodar R.,2,2,ou,20.00,under,ft,2.375,2
drAASmEj,Tien L.,Jodar R.,2,2,ou,20.50,over,ft,1.652,5
drAASmEj,Tien L.,Jodar R.,2,2,ou,20.50,under,ft,2.13,5
drAASmEj,Tien L.,Jodar R.,2,2,ou,21.00,over,ft,1.657,4
drAASmEj,Tien L.,Jodar R.,2,2,ou,21.00,under,ft,2.135,4
drAASmEj,Tien L.,Jodar R.,2,2,ou,21.50,over,ft,1.753,6
drAASmEj,Tien L.,Jodar R.,2,2,ou,21.50,under,ft,2.012,6
drAASmEj,Tien L.,Jodar R.,2,2,ou,22.00,over,ft,1.758,4
drAASmEj,Tien L.,Jodar R.,2,2,ou,22.00,under,ft,2.035,4
drAASmEj,Tien L.,Jodar R.,2,2,ou,22.50,over,ft,1.872,6
drAASmEj,Tien L.,Jodar R.,2,2,ou,22.50,under,ft,1.913,6
drAASmEj,Tien L.,Jodar R.,2,2,ou,23.00,over,ft,1.955,4
drAASmEj,Tien L.,Jodar R.,2,2,ou,23.00,under,ft,1.835,4
drAASmEj,Tien L.,Jodar R.,2,2,ou,23.50,over,ft,2.02,6
drAASmEj,Tien L.,Jodar R.,2,2,ou,23.50,under,ft,1.762,6
drAASmEj,Tien L.,Jodar R.,2,2,ou,24.00,over,ft,2.275,4
drAASmEj,Tien L.,Jodar R.,2,2,ou,24.00,under,ft,1.595,4
drAASmEj,Tien L.,Jodar R.,2,2,ou,24.50,over,ft,2.32,2
drAASmEj,Tien L.,Jodar R.,2,2,ou,24.50,under,ft,1.51,2
drAASmEj,Tien L.,Jodar R.,2,2,ou,25.00,over,ft,2.545,2
drAASmEj,Tien L.,Jodar R.,2,2,ou,25.00,under,ft,1.415,2
drAASmEj,Tien L.,Jodar R.,2,2,ou,25.50,over,ft,2.57,2
drAASmEj,Tien L.,Jodar R.,2,2,ou,25.50,under,ft,1.42,2
drAASmEj,Tien L.,Jodar R.,2,2,ou,26.00,over,ft,2.83,2
drAASmEj,Tien L.,Jodar R.,2,2,ou,26.00,under,ft,1.34,2
drAASmEj,Tien L.,Jodar R.,2,2,hc,1.50,home,ft,1.107,4
drAASmEj,Tien L.,Jodar R.,2,2,hc,1.50,away,ft,6.553,4
drAASmEj,Tien L.,Jodar R.,2,2,hc,-1.50,home,ft,1.535,6
drAASmEj,Tien L.,Jodar R.,2,2,hc,-1.50,away,ft,2.447,6
drAASmEj,Tien L.,Jodar R.,2,2,hc,2.50,home,ft,1.035,2
drAASmEj,Tien L.,Jodar R.,2,2,hc,2.50,away,ft,13.627,4
drAASmEj,Tien L.,Jodar R.,2,2,hc,-2.50,home,ft,2.596,5
drAASmEj,Tien L.,Jodar R.,2,2,hc,-2.50,away,ft,1.486,5
drAASmEj,Tien L.,Jodar R.,2,2,hc,12.00,home,ft,1.2,1
drAASmEj,Tien L.,Jodar R.,2,2,hc,12.00,away,ft,2.36,1
drAASmEj,Tien L.,Jodar R.,2,2,hc,-1.00,home,ft,1.3,2
drAASmEj,Tien L.,Jodar R.,2,2,hc,-1.00,away,ft,3.26,2
drAASmEj,Tien L.,Jodar R.,2,2,hc,-1.50,home,ft,1.36,2
drAASmEj,Tien L.,Jodar R.,2,2,hc,-1.50,away,ft,2.94,2
drAASmEj,Tien L.,Jodar R.,2,2,hc,-2.00,home,ft,1.49,4
drAASmEj,Tien L.,Jodar R.,2,2,hc,-2.00,away,ft,2.627,4
drAASmEj,Tien L.,Jodar R.,2,2,hc,-2.50,home,ft,1.512,4
drAASmEj,Tien L.,Jodar R.,2,2,hc,-2.50,away,ft,2.493,4
drAASmEj,Tien L.,Jodar R.,2,2,hc,-3.00,home,ft,1.51,4
drAASmEj,Tien L.,Jodar R.,2,2,hc,-3.00,away,ft,2.515,4
drAASmEj,Tien L.,Jodar R.,2,2,hc,-3.50,home,ft,1.634,5
drAASmEj,Tien L.,Jodar R.,2,2,hc,-3.50,away,ft,2.216,5
drAASmEj,Tien L.,Jodar R.,2,2,hc,-4.00,home,ft,1.828,4
drAASmEj,Tien L.,Jodar R.,2,2,hc,-4.00,away,ft,1.965,4
drAASmEj,Tien L.,Jodar R.,2,2,hc,-4.50,home,ft,2.004,5
drAASmEj,Tien L.,Jodar R.,2,2,hc,-4.50,away,ft,1.802,5
drAASmEj,Tien L.,Jodar R.,2,2,hc,-5.00,home,ft,2.425,4
drAASmEj,Tien L.,Jodar R.,2,2,hc,-5.00,away,ft,1.545,4
drAASmEj,Tien L.,Jodar R.,2,2,hc,-5.50,home,ft,2.663,4
drAASmEj,Tien L.,Jodar R.,2,2,hc,-5.50,away,ft,1.45,4
drAASmEj,Tien L.,Jodar R.,2,2,hc,-6.00,home,ft,3.58,2
drAASmEj,Tien L.,Jodar R.,2,2,hc,-6.00,away,ft,1.255,2
drAASmEj,Tien L.,Jodar R.,2,2,hc,-6.50,home,ft,4.1,2
drAASmEj,Tien L.,Jodar R.,2,2,hc,-6.50,away,ft,1.205,2
drAASmEj,Tien L.,Jodar R.,2,2,hc,-7.00,home,ft,6.4,2
drAASmEj,Tien L.,Jodar R.,2,2,hc,-7.00,away,ft,1.09,2
x2VqsmTq,Blockx A.,Engel J.,3,3,ou,3.50,over,ft,1.477,3
x2VqsmTq,Blockx A.,Engel J.,3,3,ou,3.50,under,ft,2.72,3
x2VqsmTq,Blockx A.,Engel J.,3,3,ou,4.50,over,ft,3.233,3
x2VqsmTq,Blockx A.,Engel J.,3,3,ou,4.50,under,ft,1.347,3
x2VqsmTq,Blockx A.,Engel J.,3,3,ou,21.00,over,ft,1.42,2
x2VqsmTq,Blockx A.,Engel J.,3,3,ou,21.00,under,ft,2.53,2
x2VqsmTq,Blockx A.,Engel J.,3,3,ou,21.50,over,ft,1.51,3
x2VqsmTq,Blockx A.,Engel J.,3,3,ou,21.50,under,ft,2.35,3
x2VqsmTq,Blockx A.,Engel J.,3,3,ou,22.00,over,ft,1.603,4
x2VqsmTq,Blockx A.,Engel J.,3,3,ou,22.00,under,ft,2.218,4
x2VqsmTq,Blockx A.,Engel J.,3,3,ou,22.50,over,ft,1.613,6
x2VqsmTq,Blockx A.,Engel J.,3,3,ou,22.50,under,ft,2.192,6
x2VqsmTq,Blockx A.,Engel J.,3,3,ou,23.00,over,ft,1.64,4
x2VqsmTq,Blockx A.,Engel J.,3,3,ou,23.00,under,ft,2.165,4
x2VqsmTq,Blockx A.,Engel J.,3,3,ou,23.50,over,ft,1.718,6
x2VqsmTq,Blockx A.,Engel J.,3,3,ou,23.50,under,ft,2.072,6
x2VqsmTq,Blockx A.,Engel J.,3,3,ou,24.00,over,ft,1.785,4
x2VqsmTq,Blockx A.,Engel J.,3,3,ou,24.00,under,ft,1.998,4
x2VqsmTq,Blockx A.,Engel J.,3,3,ou,24.50,over,ft,1.915,6
x2VqsmTq,Blockx A.,Engel J.,3,3,ou,24.50,under,ft,1.853,6
x2VqsmTq,Blockx A.,Engel J.,3,3,ou,25.00,over,ft,2.077,4
x2VqsmTq,Blockx A.,Engel J.,3,3,ou,25.00,under,ft,1.725,4
x2VqsmTq,Blockx A.,Engel J.,3,3,ou,25.50,over,ft,2.248,4
x2VqsmTq,Blockx A.,Engel J.,3,3,ou,25.50,under,ft,1.61,4
x2VqsmTq,Blockx A.,Engel J.,3,3,ou,26.00,over,ft,2.463,4
x2VqsmTq,Blockx A.,Engel J.,3,3,ou,26.00,under,ft,1.51,4
x2VqsmTq,Blockx A.,Engel J.,3,3,ou,26.50,over,ft,2.6,2
x2VqsmTq,Blockx A.,Engel J.,3,3,ou,26.50,under,ft,1.41,2
x2VqsmTq,Blockx A.,Engel J.,3,3,ou,27.00,over,ft,2.83,2
x2VqsmTq,Blockx A.,Engel J.,3,3,ou,27.00,under,ft,1.34,2
x2VqsmTq,Blockx A.,Engel J.,3,3,hc,1.50,home,ft,1.23,4
x2VqsmTq,Blockx A.,Engel J.,3,3,hc,1.50,away,ft,4.067,4
x2VqsmTq,Blockx A.,Engel J.,3,3,hc,-1.50,home,ft,1.957,6
x2VqsmTq,Blockx A.,Engel J.,3,3,hc,-1.50,away,ft,1.803,6
x2VqsmTq,Blockx A.,Engel J.,3,3,hc,2.50,home,ft,1.07,4
x2VqsmTq,Blockx A.,Engel J.,3,3,hc,2.50,away,ft,8.328,4
x2VqsmTq,Blockx A.,Engel J.,3,3,hc,-2.50,home,ft,3.718,4
x2VqsmTq,Blockx A.,Engel J.,3,3,hc,-2.50,away,ft,1.265,4
x2VqsmTq,Blockx A.,Engel J.,3,3,hc,0,home,ft,1.4,2
x2VqsmTq,Blockx A.,Engel J.,3,3,hc,0,away,ft,2.65,2
x2VqsmTq,Blockx A.,Engel J.,3,3,hc,12.00,home,ft,1.35,1
x2VqsmTq,Blockx A.,Engel J.,3,3,hc,12.00,away,ft,1.98,1
x2VqsmTq,Blockx A.,Engel J.,3,3,hc,12.50,home,ft,2.08,1
x2VqsmTq,Blockx A.,Engel J.,3,3,hc,12.50,away,ft,1.62,1
x2VqsmTq,Blockx A.,Engel J.,3,3,hc,0.50,home,ft,1.46,2
x2VqsmTq,Blockx A.,Engel J.,3,3,hc,0.50,away,ft,2.46,2
x2VqsmTq,Blockx A.,Engel J.,3,3,hc,-0.50,home,ft,1.47,2
x2VqsmTq,Blockx A.,Engel J.,3,3,hc,-0.50,away,ft,2.43,2
x2VqsmTq,Blockx A.,Engel J.,3,3,hc,1.00,home,ft,1.39,2
x2VqsmTq,Blockx A.,Engel J.,3,3,hc,1.00,away,ft,2.69,2
x2VqsmTq,Blockx A.,Engel J.,3,3,hc,-1.00,home,ft,1.577,4
x2VqsmTq,Blockx A.,Engel J.,3,3,hc,-1.00,away,ft,2.292,4
x2VqsmTq,Blockx A.,Engel J.,3,3,hc,1.50,home,ft,1.25,2
x2VqsmTq,Blockx A.,Engel J.,3,3,hc,1.50,away,ft,3.42,2
x2VqsmTq,Blockx A.,Engel J.,3,3,hc,-1.50,home,ft,1.628,5
x2VqsmTq,Blockx A.,Engel J.,3,3,hc,-1.50,away,ft,2.19,5
x2VqsmTq,Blockx A.,Engel J.,3,3,hc,-2.00,home,ft,1.69,4
x2VqsmTq,Blockx A.,Engel J.,3,3,hc,-2.00,away,ft,2.087,4
x2VqsmTq,Blockx A.,Engel J.,3,3,hc,2.50,home,ft,1.18,2
x2VqsmTq,Blockx A.,Engel J.,3,3,hc,2.50,away,ft,4.12,2
x2VqsmTq,Blockx A.,Engel J.,3,3,hc,-2.50,home,ft,1.84,5
x2VqsmTq,Blockx A.,Engel J.,3,3,hc,-2.50,away,ft,1.912,5
x2VqsmTq,Blockx A.,Engel J.,3,3,hc,-3.00,home,ft,2.002,4
x2VqsmTq,Blockx A.,Engel J.,3,3,hc,-3.00,away,ft,1.75,4
x2VqsmTq,Blockx A.,Engel J.,3,3,hc,3.50,home,ft,1.14,2
x2VqsmTq,Blockx A.,Engel J.,3,3,hc,3.50,away,ft,4.7,2
x2VqsmTq,Blockx A.,Engel J.,3,3,hc,-3.50,home,ft,2.178,5
x2VqsmTq,Blockx A.,Engel J.,3,3,hc,-3.50,away,ft,1.636,5
x2VqsmTq,Blockx A.,Engel J.,3,3,hc,-4.00,home,ft,2.535,4
x2VqsmTq,Blockx A.,Engel J.,3,3,hc,-4.00,away,ft,1.472,4
x2VqsmTq,Blockx A.,Engel J.,3,3,hc,-4.50,home,ft,2.705,4
x2VqsmTq,Blockx A.,Engel J.,3,3,hc,-4.50,away,ft,1.423,4
x2VqsmTq,Blockx A.,Engel J.,3,3,hc,-5.00,home,ft,3.66,2
x2VqsmTq,Blockx A.,Engel J.,3,3,hc,-5.00,away,ft,1.22,2
x2VqsmTq,Blockx A.,Engel J.,3,3,hc,-5.50,home,ft,4.22,2
x2VqsmTq,Blockx A.,Engel J.,3,3,hc,-5.50,away,ft,1.17,2
x2VqsmTq,Blockx A.,Engel J.,3,3,hc,-6.00,home,ft,5.15,2
x2VqsmTq,Blockx A.,Engel J.,3,3,hc,-6.00,away,ft,1.14,2
x2VqsmTq,Blockx A.,Engel J.,3,3,hc,-6.50,home,ft,7.15,2
x2VqsmTq,Blockx A.,Engel J.,3,3,hc,-6.50,away,ft,1.05,2
d4oouRcd,Prizmic D.,Basavareddy N.,1,1,ou,3.50,over,ft,1.517,3
d4oouRcd,Prizmic D.,Basavareddy N.,1,1,ou,3.50,under,ft,2.53,3
d4oouRcd,Prizmic D.,Basavareddy N.,1,1,ou,4.50,over,ft,3.345,2
d4oouRcd,Prizmic D.,Basavareddy N.,1,1,ou,4.50,under,ft,1.34,2
d4oouRcd,Prizmic D.,Basavareddy N.,1,1,ou,21.00,over,ft,1.425,2
d4oouRcd,Prizmic D.,Basavareddy N.,1,1,ou,21.00,under,ft,2.515,2
d4oouRcd,Prizmic D.,Basavareddy N.,1,1,ou,21.50,over,ft,1.49,2
d4oouRcd,Prizmic D.,Basavareddy N.,1,1,ou,21.50,under,ft,2.38,2
d4oouRcd,Prizmic D.,Basavareddy N.,1,1,ou,22.00,over,ft,1.613,4
d4oouRcd,Prizmic D.,Basavareddy N.,1,1,ou,22.00,under,ft,2.225,4
d4oouRcd,Prizmic D.,Basavareddy N.,1,1,ou,22.50,over,ft,1.65,4
d4oouRcd,Prizmic D.,Basavareddy N.,1,1,ou,22.50,under,ft,2.175,4
d4oouRcd,Prizmic D.,Basavareddy N.,1,1,ou,23.00,over,ft,1.738,4
d4oouRcd,Prizmic D.,Basavareddy N.,1,1,ou,23.00,under,ft,2.06,4
d4oouRcd,Prizmic D.,Basavareddy N.,1,1,ou,23.50,over,ft,1.862,6
d4oouRcd,Prizmic D.,Basavareddy N.,1,1,ou,23.50,under,ft,1.935,6
d4oouRcd,Prizmic D.,Basavareddy N.,1,1,ou,24.00,over,ft,1.975,4
d4oouRcd,Prizmic D.,Basavareddy N.,1,1,ou,24.00,under,ft,1.802,4
d4oouRcd,Prizmic D.,Basavareddy N.,1,1,ou,24.50,over,ft,2.073,6
d4oouRcd,Prizmic D.,Basavareddy N.,1,1,ou,24.50,under,ft,1.715,6
d4oouRcd,Prizmic D.,Basavareddy N.,1,1,ou,25.00,over,ft,2.268,4
d4oouRcd,Prizmic D.,Basavareddy N.,1,1,ou,25.00,under,ft,1.595,4
d4oouRcd,Prizmic D.,Basavareddy N.,1,1,ou,25.50,over,ft,2.32,2
d4oouRcd,Prizmic D.,Basavareddy N.,1,1,ou,25.50,under,ft,1.51,2
d4oouRcd,Prizmic D.,Basavareddy N.,1,1,ou,26.00,over,ft,2.53,2
d4oouRcd,Prizmic D.,Basavareddy N.,1,1,ou,26.00,under,ft,1.42,2
d4oouRcd,Prizmic D.,Basavareddy N.,1,1,ou,26.50,over,ft,2.6,2
d4oouRcd,Prizmic D.,Basavareddy N.,1,1,ou,26.50,under,ft,1.41,2
d4oouRcd,Prizmic D.,Basavareddy N.,1,1,ou,27.00,over,ft,2.86,2
d4oouRcd,Prizmic D.,Basavareddy N.,1,1,ou,27.00,under,ft,1.33,2
d4oouRcd,Prizmic D.,Basavareddy N.,1,1,hc,1.50,home,ft,1.275,4
d4oouRcd,Prizmic D.,Basavareddy N.,1,1,hc,1.50,away,ft,3.603,4
d4oouRcd,Prizmic D.,Basavareddy N.,1,1,hc,-1.50,home,ft,2.038,6
d4oouRcd,Prizmic D.,Basavareddy N.,1,1,hc,-1.50,away,ft,1.74,6
d4oouRcd,Prizmic D.,Basavareddy N.,1,1,hc,2.50,home,ft,1.09,4
d4oouRcd,Prizmic D.,Basavareddy N.,1,1,hc,2.50,away,ft,7.145,4
d4oouRcd,Prizmic D.,Basavareddy N.,1,1,hc,-2.50,home,ft,3.743,4
d4oouRcd,Prizmic D.,Basavareddy N.,1,1,hc,-2.50,away,ft,1.26,4
d4oouRcd,Prizmic D.,Basavareddy N.,1,1,hc,0,home,ft,1.63,4
d4oouRcd,Prizmic D.,Basavareddy N.,1,1,hc,0,away,ft,2.272,4
d4oouRcd,Prizmic D.,Basavareddy N.,1,1,hc,12.00,home,ft,1.43,1
d4oouRcd,Prizmic D.,Basavareddy N.,1,1,hc,12.00,away,ft,2.06,1
d4oouRcd,Prizmic D.,Basavareddy N.,1,1,hc,12.50,home,ft,1.84,1
d4oouRcd,Prizmic D.,Basavareddy N.,1,1,hc,12.50,away,ft,1.55,1
d4oouRcd,Prizmic D.,Basavareddy N.,1,1,hc,13.00,home,ft,1.69,1
d4oouRcd,Prizmic D.,Basavareddy N.,1,1,hc,13.00,away,ft,1.56,1
d4oouRcd,Prizmic D.,Basavareddy N.,1,1,hc,0.50,home,ft,1.637,4
d4oouRcd,Prizmic D.,Basavareddy N.,1,1,hc,0.50,away,ft,2.25,4
d4oouRcd,Prizmic D.,Basavareddy N.,1,1,hc,-0.50,home,ft,1.684,5
d4oouRcd,Prizmic D.,Basavareddy N.,1,1,hc,-0.50,away,ft,2.148,5
d4oouRcd,Prizmic D.,Basavareddy N.,1,1,hc,1.00,home,ft,1.36,2
d4oouRcd,Prizmic D.,Basavareddy N.,1,1,hc,1.00,away,ft,2.78,2
d4oouRcd,Prizmic D.,Basavareddy N.,1,1,hc,-1.00,home,ft,1.65,4
d4oouRcd,Prizmic D.,Basavareddy N.,1,1,hc,-1.00,away,ft,2.188,4
d4oouRcd,Prizmic D.,Basavareddy N.,1,1,hc,1.50,home,ft,1.43,2
d4oouRcd,Prizmic D.,Basavareddy N.,1,1,hc,1.50,away,ft,2.56,2
d4oouRcd,Prizmic D.,Basavareddy N.,1,1,hc,-1.50,home,ft,1.716,5
d4oouRcd,Prizmic D.,Basavareddy N.,1,1,hc,-1.50,away,ft,2.08,5
d4oouRcd,Prizmic D.,Basavareddy N.,1,1,hc,2.00,home,ft,1.46,2
d4oouRcd,Prizmic D.,Basavareddy N.,1,1,hc,2.00,away,ft,2.56,2
d4oouRcd,Prizmic D.,Basavareddy N.,1,1,hc,-2.00,home,ft,1.78,4
d4oouRcd,Prizmic D.,Basavareddy N.,1,1,hc,-2.00,away,ft,2.002,4
d4oouRcd,Prizmic D.,Basavareddy N.,1,1,hc,2.50,home,ft,1.22,2
d4oouRcd,Prizmic D.,Basavareddy N.,1,1,hc,2.50,away,ft,3.62,2
d4oouRcd,Prizmic D.,Basavareddy N.,1,1,hc,-2.50,home,ft,1.872,5
d4oouRcd,Prizmic D.,Basavareddy N.,1,1,hc,-2.50,away,ft,1.93,5
d4oouRcd,Prizmic D.,Basavareddy N.,1,1,hc,-3.00,home,ft,2.058,4
d4oouRcd,Prizmic D.,Basavareddy N.,1,1,hc,-3.00,away,ft,1.738,4
d4oouRcd,Prizmic D.,Basavareddy N.,1,1,hc,-3.50,home,ft,2.235,4
d4oouRcd,Prizmic D.,Basavareddy N.,1,1,hc,-3.50,away,ft,1.625,4
d4oouRcd,Prizmic D.,Basavareddy N.,1,1,hc,-4.00,home,ft,2.53,4
d4oouRcd,Prizmic D.,Basavareddy N.,1,1,hc,-4.00,away,ft,1.492,4
d4oouRcd,Prizmic D.,Basavareddy N.,1,1,hc,-4.50,home,ft,2.85,2
d4oouRcd,Prizmic D.,Basavareddy N.,1,1,hc,-4.50,away,ft,1.38,2
d4oouRcd,Prizmic D.,Basavareddy N.,1,1,hc,-5.00,home,ft,3.62,2
d4oouRcd,Prizmic D.,Basavareddy N.,1,1,hc,-5.00,away,ft,1.25,2
d4oouRcd,Prizmic D.,Basavareddy N.,1,1,hc,-5.50,home,ft,3.22,2
d4oouRcd,Prizmic D.,Basavareddy N.,1,1,hc,-5.50,away,ft,1.28,2
d4oouRcd,Prizmic D.,Basavareddy N.,1,1,hc,-6.50,home,ft,4.7,2
d4oouRcd,Prizmic D.,Basavareddy N.,1,1,hc,-6.50,away,ft,1.14,2
U7xPgcOE,Tien L.,Blockx A.,3,3,ou,3.50,over,ft,1.465,2
U7xPgcOE,Tien L.,Blockx A.,3,3,ou,3.50,under,ft,2.685,2
U7xPgcOE,Tien L.,Blockx A.,3,3,ou,4.50,over,ft,3.11,2
U7xPgcOE,Tien L.,Blockx A.,3,3,ou,4.50,under,ft,1.385,2
U7xPgcOE,Tien L.,Blockx A.,3,3,ou,21.50,over,ft,1.415,2
U7xPgcOE,Tien L.,Blockx A.,3,3,ou,21.50,under,ft,2.505,2
U7xPgcOE,Tien L.,Blockx A.,3,3,ou,22.00,over,ft,1.455,2
U7xPgcOE,Tien L.,Blockx A.,3,3,ou,22.00,under,ft,2.43,2
U7xPgcOE,Tien L.,Blockx A.,3,3,ou,22.50,over,ft,1.573,3
U7xPgcOE,Tien L.,Blockx A.,3,3,ou,22.50,under,ft,2.277,3
U7xPgcOE,Tien L.,Blockx A.,3,3,ou,23.00,over,ft,1.607,3
U7xPgcOE,Tien L.,Blockx A.,3,3,ou,23.00,under,ft,2.23,3
U7xPgcOE,Tien L.,Blockx A.,3,3,ou,23.50,over,ft,1.707,3
U7xPgcOE,Tien L.,Blockx A.,3,3,ou,23.50,under,ft,2.073,3
U7xPgcOE,Tien L.,Blockx A.,3,3,ou,24.00,over,ft,1.817,3
U7xPgcOE,Tien L.,Blockx A.,3,3,ou,24.00,under,ft,1.947,3
U7xPgcOE,Tien L.,Blockx A.,3,3,ou,24.50,over,ft,1.984,5
U7xPgcOE,Tien L.,Blockx A.,3,3,ou,24.50,under,ft,1.822,5
U7xPgcOE,Tien L.,Blockx A.,3,3,ou,25.00,over,ft,2.127,3
U7xPgcOE,Tien L.,Blockx A.,3,3,ou,25.00,under,ft,1.683,3
U7xPgcOE,Tien L.,Blockx A.,3,3,ou,25.50,over,ft,2.273,3
U7xPgcOE,Tien L.,Blockx A.,3,3,ou,25.50,under,ft,1.593,3
U7xPgcOE,Tien L.,Blockx A.,3,3,ou,26.00,over,ft,2.43,2
U7xPgcOE,Tien L.,Blockx A.,3,3,ou,26.00,under,ft,1.48,2
U7xPgcOE,Tien L.,Blockx A.,3,3,ou,26.50,over,ft,2.555,2
U7xPgcOE,Tien L.,Blockx A.,3,3,ou,26.50,under,ft,1.425,2
U7xPgcOE,Tien L.,Blockx A.,3,3,ou,27.00,over,ft,2.77,2
U7xPgcOE,Tien L.,Blockx A.,3,3,ou,27.00,under,ft,1.355,2
U7xPgcOE,Tien L.,Blockx A.,3,3,ou,27.50,over,ft,2.88,2
U7xPgcOE,Tien L.,Blockx A.,3,3,ou,27.50,under,ft,1.32,2
U7xPgcOE,Tien L.,Blockx A.,3,3,ou,36.50,over,ft,1.65,1
U7xPgcOE,Tien L.,Blockx A.,3,3,ou,36.50,under,ft,2.15,1
U7xPgcOE,Tien L.,Blockx A.,3,3,ou,38.50,over,ft,1.8,2
U7xPgcOE,Tien L.,Blockx A.,3,3,ou,38.50,under,ft,1.875,2
U7xPgcOE,Tien L.,Blockx A.,3,3,ou,39.50,over,ft,1.9,1
U7xPgcOE,Tien L.,Blockx A.,3,3,ou,39.50,under,ft,1.75,1
U7xPgcOE,Tien L.,Blockx A.,3,3,ou,40.50,over,ft,2.075,2
U7xPgcOE,Tien L.,Blockx A.,3,3,ou,40.50,under,ft,1.65,2
U7xPgcOE,Tien L.,Blockx A.,3,3,ou,42.50,over,ft,2.45,1
U7xPgcOE,Tien L.,Blockx A.,3,3,ou,42.50,under,ft,1.5,1
U7xPgcOE,Tien L.,Blockx A.,3,3,hc,1.50,home,ft,1.25,3
U7xPgcOE,Tien L.,Blockx A.,3,3,hc,1.50,away,ft,3.797,3
U7xPgcOE,Tien L.,Blockx A.,3,3,hc,-1.50,home,ft,2.024,5
U7xPgcOE,Tien L.,Blockx A.,3,3,hc,-1.50,away,ft,1.742,5
U7xPgcOE,Tien L.,Blockx A.,3,3,hc,2.50,home,ft,1.073,3
U7xPgcOE,Tien L.,Blockx A.,3,3,hc,2.50,away,ft,7.893,3
U7xPgcOE,Tien L.,Blockx A.,3,3,hc,-2.50,home,ft,4.05,3
U7xPgcOE,Tien L.,Blockx A.,3,3,hc,-2.50,away,ft,1.227,3
U7xPgcOE,Tien L.,Blockx A.,3,3,hc,0,home,ft,1.547,3
U7xPgcOE,Tien L.,Blockx A.,3,3,hc,0,away,ft,2.363,3
U7xPgcOE,Tien L.,Blockx A.,3,3,hc,0.50,home,ft,1.42,2
U7xPgcOE,Tien L.,Blockx A.,3,3,hc,0.50,away,ft,2.58,2
U7xPgcOE,Tien L.,Blockx A.,3,3,hc,-0.50,home,ft,1.587,3
U7xPgcOE,Tien L.,Blockx A.,3,3,hc,-0.50,away,ft,2.253,3
U7xPgcOE,Tien L.,Blockx A.,3,3,hc,1.00,home,ft,1.36,2
U7xPgcOE,Tien L.,Blockx A.,3,3,hc,1.00,away,ft,2.79,2
U7xPgcOE,Tien L.,Blockx A.,3,3,hc,-1.00,home,ft,1.613,3
U7xPgcOE,Tien L.,Blockx A.,3,3,hc,-1.00,away,ft,2.2,3
U7xPgcOE,Tien L.,Blockx A.,3,3,hc,1.50,home,ft,1.39,2
U7xPgcOE,Tien L.,Blockx A.,3,3,hc,1.50,away,ft,2.69,2
U7xPgcOE,Tien L.,Blockx A.,3,3,hc,-1.50,home,ft,1.697,3
U7xPgcOE,Tien L.,Blockx A.,3,3,hc,-1.50,away,ft,2.053,3
U7xPgcOE,Tien L.,Blockx A.,3,3,hc,-2.00,home,ft,1.807,3
U7xPgcOE,Tien L.,Blockx A.,3,3,hc,-2.00,away,ft,1.927,3
U7xPgcOE,Tien L.,Blockx A.,3,3,hc,-2.50,home,ft,1.94,3
U7xPgcOE,Tien L.,Blockx A.,3,3,hc,-2.50,away,ft,1.88,3
U7xPgcOE,Tien L.,Blockx A.,3,3,hc,-3.00,home,ft,2.127,3
U7xPgcOE,Tien L.,Blockx A.,3,3,hc,-3.00,away,ft,1.653,3
U7xPgcOE,Tien L.,Blockx A.,3,3,hc,-3.50,home,ft,2.16,4
U7xPgcOE,Tien L.,Blockx A.,3,3,hc,-3.50,away,ft,1.655,4
U7xPgcOE,Tien L.,Blockx A.,3,3,hc,-4.00,home,ft,2.635,2
U7xPgcOE,Tien L.,Blockx A.,3,3,hc,-4.00,away,ft,1.405,2
U7xPgcOE,Tien L.,Blockx A.,3,3,hc,-4.50,home,ft,2.915,2
U7xPgcOE,Tien L.,Blockx A.,3,3,hc,-4.50,away,ft,1.335,2
U7xPgcOE,Tien L.,Blockx A.,3,3,hc,-5.00,home,ft,3.86,2
U7xPgcOE,Tien L.,Blockx A.,3,3,hc,-5.00,away,ft,1.2,2
U7xPgcOE,Tien L.,Blockx A.,3,3,hc,-5.50,home,ft,4.23,2
U7xPgcOE,Tien L.,Blockx A.,3,3,hc,-5.50,away,ft,1.17,2
KA6ixyx2,Tien L.,Basavareddy N.,3,3,ou,3.50,over,ft,1.627,3
KA6ixyx2,Tien L.,Basavareddy N.,3,3,ou,3.50,under,ft,2.303,3
KA6ixyx2,Tien L.,Basavareddy N.,3,3,ou,4.50,over,ft,3.78,3
KA6ixyx2,Tien L.,Basavareddy N.,3,3,ou,4.50,under,ft,1.277,3
KA6ixyx2,Tien L.,Basavareddy N.,3,3,ou,18.50,over,ft,1.35,1
KA6ixyx2,Tien L.,Basavareddy N.,3,3,ou,18.50,under,ft,3.05,1
KA6ixyx2,Tien L.,Basavareddy N.,3,3,ou,19.50,over,ft,1.41,2
KA6ixyx2,Tien L.,Basavareddy N.,3,3,ou,19.50,under,ft,2.52,2
KA6ixyx2,Tien L.,Basavareddy N.,3,3,ou,20.00,over,ft,1.46,2
KA6ixyx2,Tien L.,Basavareddy N.,3,3,ou,20.00,under,ft,2.41,2
KA6ixyx2,Tien L.,Basavareddy N.,3,3,ou,20.50,over,ft,1.595,4
KA6ixyx2,Tien L.,Basavareddy N.,3,3,ou,20.50,under,ft,2.175,4
KA6ixyx2,Tien L.,Basavareddy N.,3,3,ou,21.00,over,ft,1.59,2
KA6ixyx2,Tien L.,Basavareddy N.,3,3,ou,21.00,under,ft,2.18,2
KA6ixyx2,Tien L.,Basavareddy N.,3,3,ou,21.50,over,ft,1.724,5
KA6ixyx2,Tien L.,Basavareddy N.,3,3,ou,21.50,under,ft,2.056,5
KA6ixyx2,Tien L.,Basavareddy N.,3,3,ou,22.00,over,ft,1.758,4
KA6ixyx2,Tien L.,Basavareddy N.,3,3,ou,22.00,under,ft,2.052,4
KA6ixyx2,Tien L.,Basavareddy N.,3,3,ou,22.50,over,ft,1.868,6
KA6ixyx2,Tien L.,Basavareddy N.,3,3,ou,22.50,under,ft,1.925,6
KA6ixyx2,Tien L.,Basavareddy N.,3,3,ou,23.00,over,ft,1.94,4
KA6ixyx2,Tien L.,Basavareddy N.,3,3,ou,23.00,under,ft,1.85,4
KA6ixyx2,Tien L.,Basavareddy N.,3,3,ou,23.50,over,ft,2.053,4
KA6ixyx2,Tien L.,Basavareddy N.,3,3,ou,23.50,under,ft,1.748,4
KA6ixyx2,Tien L.,Basavareddy N.,3,3,ou,24.00,over,ft,2.195,4
KA6ixyx2,Tien L.,Basavareddy N.,3,3,ou,24.00,under,ft,1.645,4
KA6ixyx2,Tien L.,Basavareddy N.,3,3,ou,24.50,over,ft,2.3,3
KA6ixyx2,Tien L.,Basavareddy N.,3,3,ou,24.50,under,ft,1.533,3
KA6ixyx2,Tien L.,Basavareddy N.,3,3,ou,25.00,over,ft,2.47,2
KA6ixyx2,Tien L.,Basavareddy N.,3,3,ou,25.00,under,ft,1.44,2
KA6ixyx2,Tien L.,Basavareddy N.,3,3,ou,25.50,over,ft,2.63,2
KA6ixyx2,Tien L.,Basavareddy N.,3,3,ou,25.50,under,ft,1.38,2
KA6ixyx2,Tien L.,Basavareddy N.,3,3,ou,26.00,over,ft,2.88,2
KA6ixyx2,Tien L.,Basavareddy N.,3,3,ou,26.00,under,ft,1.33,2
KA6ixyx2,Tien L.,Basavareddy N.,3,3,ou,26.50,over,ft,2.97,2
KA6ixyx2,Tien L.,Basavareddy N.,3,3,ou,26.50,under,ft,1.3,2
KA6ixyx2,Tien L.,Basavareddy N.,3,3,hc,1.50,home,ft,1.127,4
KA6ixyx2,Tien L.,Basavareddy N.,3,3,hc,1.50,away,ft,5.92,4
KA6ixyx2,Tien L.,Basavareddy N.,3,3,hc,-1.50,home,ft,1.565,6
KA6ixyx2,Tien L.,Basavareddy N.,3,3,hc,-1.50,away,ft,2.363,6
KA6ixyx2,Tien L.,Basavareddy N.,3,3,hc,2.50,home,ft,1.06,2
KA6ixyx2,Tien L.,Basavareddy N.,3,3,hc,2.50,away,ft,11.605,4
KA6ixyx2,Tien L.,Basavareddy N.,3,3,hc,-2.50,home,ft,2.672,5
KA6ixyx2,Tien L.,Basavareddy N.,3,3,hc,-2.50,away,ft,1.464,5
KA6ixyx2,Tien L.,Basavareddy N.,3,3,hc,12.00,home,ft,1.28,1
KA6ixyx2,Tien L.,Basavareddy N.,3,3,hc,12.00,away,ft,2.34,1
KA6ixyx2,Tien L.,Basavareddy N.,3,3,hc,-0.50,home,ft,1.28,2
KA6ixyx2,Tien L.,Basavareddy N.,3,3,hc,-0.50,away,ft,3.4,2
KA6ixyx2,Tien L.,Basavareddy N.,3,3,hc,-1.00,home,ft,1.3,2
KA6ixyx2,Tien L.,Basavareddy N.,3,3,hc,-1.00,away,ft,3.26,2
KA6ixyx2,Tien L.,Basavareddy N.,3,3,hc,-1.50,home,ft,1.32,2
KA6ixyx2,Tien L.,Basavareddy N.,3,3,hc,-1.50,away,ft,3.14,2
KA6ixyx2,Tien L.,Basavareddy N.,3,3,hc,-2.00,home,ft,1.35,2
KA6ixyx2,Tien L.,Basavareddy N.,3,3,hc,-2.00,away,ft,2.98,2
KA6ixyx2,Tien L.,Basavareddy N.,3,3,hc,-2.50,home,ft,1.515,4
KA6ixyx2,Tien L.,Basavareddy N.,3,3,hc,-2.50,away,ft,2.52,4
KA6ixyx2,Tien L.,Basavareddy N.,3,3,hc,-3.00,home,ft,1.567,4
KA6ixyx2,Tien L.,Basavareddy N.,3,3,hc,-3.00,away,ft,2.39,4
KA6ixyx2,Tien L.,Basavareddy N.,3,3,hc,-3.50,home,ft,1.698,5
KA6ixyx2,Tien L.,Basavareddy N.,3,3,hc,-3.50,away,ft,2.13,5
KA6ixyx2,Tien L.,Basavareddy N.,3,3,hc,-4.00,home,ft,1.888,4
KA6ixyx2,Tien L.,Basavareddy N.,3,3,hc,-4.00,away,ft,1.905,4
KA6ixyx2,Tien L.,Basavareddy N.,3,3,hc,-4.50,home,ft,2.004,5
KA6ixyx2,Tien L.,Basavareddy N.,3,3,hc,-4.50,away,ft,1.822,5
KA6ixyx2,Tien L.,Basavareddy N.,3,3,hc,-5.00,home,ft,2.467,3
KA6ixyx2,Tien L.,Basavareddy N.,3,3,hc,-5.00,away,ft,1.52,3
KA6ixyx2,Tien L.,Basavareddy N.,3,3,hc,-5.50,home,ft,2.827,3
KA6ixyx2,Tien L.,Basavareddy N.,3,3,hc,-5.50,away,ft,1.41,3
KA6ixyx2,Tien L.,Basavareddy N.,3,3,hc,-6.00,home,ft,3.8,2
KA6ixyx2,Tien L.,Basavareddy N.,3,3,hc,-6.00,away,ft,1.23,2
KA6ixyx2,Tien L.,Basavareddy N.,3,3,hc,-6.50,home,ft,4.35,2
KA6ixyx2,Tien L.,Basavareddy N.,3,3,hc,-6.50,away,ft,1.18,2
KA6ixyx2,Tien L.,Basavareddy N.,3,3,hc,-7.00,home,ft,7.0,2
KA6ixyx2,Tien L.,Basavareddy N.,3,3,hc,-7.00,away,ft,1.07,2
KA6ixyx2,Tien L.,Basavareddy N.,3,3,hc,-7.50,home,ft,7.6,2
KA6ixyx2,Tien L.,Basavareddy N.,3,3,hc,-7.50,away,ft,1.06,2
zJlv0vU8,Blockx A.,Budkov Kjaer N.,3,3,ou,3.50,over,ft,1.54,3
zJlv0vU8,Blockx A.,Budkov Kjaer N.,3,3,ou,3.50,under,ft,2.507,3
zJlv0vU8,Blockx A.,Budkov Kjaer N.,3,3,ou,4.50,over,ft,3.48,2
zJlv0vU8,Blockx A.,Budkov Kjaer N.,3,3,ou,4.50,under,ft,1.335,2
zJlv0vU8,Blockx A.,Budkov Kjaer N.,3,3,ou,20.50,over,ft,1.49,2
zJlv0vU8,Blockx A.,Budkov Kjaer N.,3,3,ou,20.50,under,ft,2.3,2
zJlv0vU8,Blockx A.,Budkov Kjaer N.,3,3,ou,21.00,over,ft,1.53,2
zJlv0vU8,Blockx A.,Budkov Kjaer N.,3,3,ou,21.00,under,ft,2.24,2
zJlv0vU8,Blockx A.,Budkov Kjaer N.,3,3,ou,21.50,over,ft,1.6,2
zJlv0vU8,Blockx A.,Budkov Kjaer N.,3,3,ou,21.50,under,ft,2.14,2
zJlv0vU8,Blockx A.,Budkov Kjaer N.,3,3,ou,22.00,over,ft,1.672,4
zJlv0vU8,Blockx A.,Budkov Kjaer N.,3,3,ou,22.00,under,ft,2.147,4
zJlv0vU8,Blockx A.,Budkov Kjaer N.,3,3,ou,22.50,over,ft,1.708,4
zJlv0vU8,Blockx A.,Budkov Kjaer N.,3,3,ou,22.50,under,ft,2.11,4
zJlv0vU8,Blockx A.,Budkov Kjaer N.,3,3,ou,23.00,over,ft,1.795,4
zJlv0vU8,Blockx A.,Budkov Kjaer N.,3,3,ou,23.00,under,ft,2.007,4
zJlv0vU8,Blockx A.,Budkov Kjaer N.,3,3,ou,23.50,over,ft,1.858,6
zJlv0vU8,Blockx A.,Budkov Kjaer N.,3,3,ou,23.50,under,ft,1.955,6
zJlv0vU8,Blockx A.,Budkov Kjaer N.,3,3,ou,24.00,over,ft,2.055,4
zJlv0vU8,Blockx A.,Budkov Kjaer N.,3,3,ou,24.00,under,ft,1.762,4
zJlv0vU8,Blockx A.,Budkov Kjaer N.,3,3,ou,24.50,over,ft,2.183,4
zJlv0vU8,Blockx A.,Budkov Kjaer N.,3,3,ou,24.50,under,ft,1.662,4
zJlv0vU8,Blockx A.,Budkov Kjaer N.,3,3,ou,25.00,over,ft,2.343,3
zJlv0vU8,Blockx A.,Budkov Kjaer N.,3,3,ou,25.00,under,ft,1.55,3
zJlv0vU8,Blockx A.,Budkov Kjaer N.,3,3,ou,25.50,over,ft,2.48,2
zJlv0vU8,Blockx A.,Budkov Kjaer N.,3,3,ou,25.50,under,ft,1.45,2
zJlv0vU8,Blockx A.,Budkov Kjaer N.,3,3,ou,26.00,over,ft,2.73,2
zJlv0vU8,Blockx A.,Budkov Kjaer N.,3,3,ou,26.00,under,ft,1.36,2
zJlv0vU8,Blockx A.,Budkov Kjaer N.,3,3,ou,26.50,over,ft,2.83,2
zJlv0vU8,Blockx A.,Budkov Kjaer N.,3,3,ou,26.50,under,ft,1.33,2
zJlv0vU8,Blockx A.,Budkov Kjaer N.,3,3,ou,27.00,over,ft,2.88,2
zJlv0vU8,Blockx A.,Budkov Kjaer N.,3,3,ou,27.00,under,ft,1.33,2
zJlv0vU8,Blockx A.,Budkov Kjaer N.,3,3,ou,27.50,over,ft,2.97,2
zJlv0vU8,Blockx A.,Budkov Kjaer N.,3,3,ou,27.50,under,ft,1.3,2
zJlv0vU8,Blockx A.,Budkov Kjaer N.,3,3,hc,1.50,home,ft,1.172,4
zJlv0vU8,Blockx A.,Budkov Kjaer N.,3,3,hc,1.50,away,ft,4.975,4
zJlv0vU8,Blockx A.,Budkov Kjaer N.,3,3,hc,-1.50,home,ft,1.705,6
zJlv0vU8,Blockx A.,Budkov Kjaer N.,3,3,hc,-1.50,away,ft,2.095,6
zJlv0vU8,Blockx A.,Budkov Kjaer N.,3,3,hc,2.50,home,ft,1.055,4
zJlv0vU8,Blockx A.,Budkov Kjaer N.,3,3,hc,2.50,away,ft,9.707,4
zJlv0vU8,Blockx A.,Budkov Kjaer N.,3,3,hc,-2.50,home,ft,3.073,4
zJlv0vU8,Blockx A.,Budkov Kjaer N.,3,3,hc,-2.50,away,ft,1.373,4
zJlv0vU8,Blockx A.,Budkov Kjaer N.,3,3,hc,0,home,ft,1.4,2
zJlv0vU8,Blockx A.,Budkov Kjaer N.,3,3,hc,0,away,ft,2.77,2
zJlv0vU8,Blockx A.,Budkov Kjaer N.,3,3,hc,12.00,home,ft,1.26,1
zJlv0vU8,Blockx A.,Budkov Kjaer N.,3,3,hc,12.00,away,ft,2.33,1
zJlv0vU8,Blockx A.,Budkov Kjaer N.,3,3,hc,0.50,home,ft,1.38,2
zJlv0vU8,Blockx A.,Budkov Kjaer N.,3,3,hc,0.50,away,ft,2.85,2
zJlv0vU8,Blockx A.,Budkov Kjaer N.,3,3,hc,-0.50,home,ft,1.36,2
zJlv0vU8,Blockx A.,Budkov Kjaer N.,3,3,hc,-0.50,away,ft,2.94,2
zJlv0vU8,Blockx A.,Budkov Kjaer N.,3,3,hc,1.00,home,ft,1.43,2
zJlv0vU8,Blockx A.,Budkov Kjaer N.,3,3,hc,1.00,away,ft,2.66,2
zJlv0vU8,Blockx A.,Budkov Kjaer N.,3,3,hc,-1.00,home,ft,1.38,2
zJlv0vU8,Blockx A.,Budkov Kjaer N.,3,3,hc,-1.00,away,ft,2.85,2
zJlv0vU8,Blockx A.,Budkov Kjaer N.,3,3,hc,1.50,home,ft,1.4,2
zJlv0vU8,Blockx A.,Budkov Kjaer N.,3,3,hc,1.50,away,ft,2.77,2
zJlv0vU8,Blockx A.,Budkov Kjaer N.,3,3,hc,-1.50,home,ft,1.45,2
zJlv0vU8,Blockx A.,Budkov Kjaer N.,3,3,hc,-1.50,away,ft,2.59,2
zJlv0vU8,Blockx A.,Budkov Kjaer N.,3,3,hc,-2.00,home,ft,1.545,4
zJlv0vU8,Blockx A.,Budkov Kjaer N.,3,3,hc,-2.00,away,ft,2.438,4
zJlv0vU8,Blockx A.,Budkov Kjaer N.,3,3,hc,-2.50,home,ft,1.63,4
zJlv0vU8,Blockx A.,Budkov Kjaer N.,3,3,hc,-2.50,away,ft,2.25,4
zJlv0vU8,Blockx A.,Budkov Kjaer N.,3,3,hc,-3.00,home,ft,1.762,4
zJlv0vU8,Blockx A.,Budkov Kjaer N.,3,3,hc,-3.00,away,ft,2.05,4
zJlv0vU8,Blockx A.,Budkov Kjaer N.,3,3,hc,-3.50,home,ft,1.95,4
zJlv0vU8,Blockx A.,Budkov Kjaer N.,3,3,hc,-3.50,away,ft,1.88,4
zJlv0vU8,Blockx A.,Budkov Kjaer N.,3,3,hc,-4.00,home,ft,2.208,4
zJlv0vU8,Blockx A.,Budkov Kjaer N.,3,3,hc,-4.00,away,ft,1.657,4
zJlv0vU8,Blockx A.,Budkov Kjaer N.,3,3,hc,-4.50,home,ft,2.465,4
zJlv0vU8,Blockx A.,Budkov Kjaer N.,3,3,hc,-4.50,away,ft,1.535,4
zJlv0vU8,Blockx A.,Budkov Kjaer N.,3,3,hc,-5.00,home,ft,2.98,2
zJlv0vU8,Blockx A.,Budkov Kjaer N.,3,3,hc,-5.00,away,ft,1.35,2
zJlv0vU8,Blockx A.,Budkov Kjaer N.,3,3,hc,-5.50,home,ft,3.36,2
zJlv0vU8,Blockx A.,Budkov Kjaer N.,3,3,hc,-5.50,away,ft,1.29,2
zJlv0vU8,Blockx A.,Budkov Kjaer N.,3,3,hc,-6.00,home,ft,4.95,2
zJlv0vU8,Blockx A.,Budkov Kjaer N.,3,3,hc,-6.00,away,ft,1.15,2
zJlv0vU8,Blockx A.,Budkov Kjaer N.,3,3,hc,-6.50,home,ft,5.45,2
zJlv0vU8,Blockx A.,Budkov Kjaer N.,3,3,hc,-6.50,away,ft,1.12,2
dpkUnIa5,Tien L.,Budkov Kjaer N.,3,3,ou,3.50,over,ft,1.603,3
dpkUnIa5,Tien L.,Budkov Kjaer N.,3,3,ou,3.50,under,ft,2.403,3
dpkUnIa5,Tien L.,Budkov Kjaer N.,3,3,ou,4.50,over,ft,3.547,3
dpkUnIa5,Tien L.,Budkov Kjaer N.,3,3,ou,4.50,under,ft,1.313,3
dpkUnIa5,Tien L.,Budkov Kjaer N.,3,3,ou,20.00,over,ft,1.43,2
dpkUnIa5,Tien L.,Budkov Kjaer N.,3,3,ou,20.00,under,ft,2.5,2
dpkUnIa5,Tien L.,Budkov Kjaer N.,3,3,ou,20.50,over,ft,1.538,4
dpkUnIa5,Tien L.,Budkov Kjaer N.,3,3,ou,20.50,under,ft,2.27,4
dpkUnIa5,Tien L.,Budkov Kjaer N.,3,3,ou,21.00,over,ft,1.62,3
dpkUnIa5,Tien L.,Budkov Kjaer N.,3,3,ou,21.00,under,ft,2.203,3
dpkUnIa5,Tien L.,Budkov Kjaer N.,3,3,ou,21.50,over,ft,1.68,5
dpkUnIa5,Tien L.,Budkov Kjaer N.,3,3,ou,21.50,under,ft,2.132,5
dpkUnIa5,Tien L.,Budkov Kjaer N.,3,3,ou,22.00,over,ft,1.708,4
dpkUnIa5,Tien L.,Budkov Kjaer N.,3,3,ou,22.00,under,ft,2.12,4
dpkUnIa5,Tien L.,Budkov Kjaer N.,3,3,ou,22.50,over,ft,1.8,6
dpkUnIa5,Tien L.,Budkov Kjaer N.,3,3,ou,22.50,under,ft,1.957,6
dpkUnIa5,Tien L.,Budkov Kjaer N.,3,3,ou,23.00,over,ft,1.89,4
dpkUnIa5,Tien L.,Budkov Kjaer N.,3,3,ou,23.00,under,ft,1.903,4
dpkUnIa5,Tien L.,Budkov Kjaer N.,3,3,ou,23.50,over,ft,2.002,6
dpkUnIa5,Tien L.,Budkov Kjaer N.,3,3,ou,23.50,under,ft,1.757,6
dpkUnIa5,Tien L.,Budkov Kjaer N.,3,3,ou,24.00,over,ft,2.175,4
dpkUnIa5,Tien L.,Budkov Kjaer N.,3,3,ou,24.00,under,ft,1.657,4
dpkUnIa5,Tien L.,Budkov Kjaer N.,3,3,ou,24.50,over,ft,2.276,5
dpkUnIa5,Tien L.,Budkov Kjaer N.,3,3,ou,24.50,under,ft,1.582,5
dpkUnIa5,Tien L.,Budkov Kjaer N.,3,3,ou,25.00,over,ft,2.47,2
dpkUnIa5,Tien L.,Budkov Kjaer N.,3,3,ou,25.00,under,ft,1.44,2
dpkUnIa5,Tien L.,Budkov Kjaer N.,3,3,ou,25.50,over,ft,2.6,2
dpkUnIa5,Tien L.,Budkov Kjaer N.,3,3,ou,25.50,under,ft,1.41,2
dpkUnIa5,Tien L.,Budkov Kjaer N.,3,3,ou,26.00,over,ft,2.83,2
dpkUnIa5,Tien L.,Budkov Kjaer N.,3,3,ou,26.00,under,ft,1.34,2
dpkUnIa5,Tien L.,Budkov Kjaer N.,3,3,ou,26.50,over,ft,3.15,1
dpkUnIa5,Tien L.,Budkov Kjaer N.,3,3,ou,26.50,under,ft,1.32,1
dpkUnIa5,Tien L.,Budkov Kjaer N.,3,3,hc,1.50,home,ft,1.177,4
dpkUnIa5,Tien L.,Budkov Kjaer N.,3,3,hc,1.50,away,ft,4.855,4
dpkUnIa5,Tien L.,Budkov Kjaer N.,3,3,hc,-1.50,home,ft,1.728,6
dpkUnIa5,Tien L.,Budkov Kjaer N.,3,3,hc,-1.50,away,ft,2.068,6
dpkUnIa5,Tien L.,Budkov Kjaer N.,3,3,hc,2.50,home,ft,1.052,4
dpkUnIa5,Tien L.,Budkov Kjaer N.,3,3,hc,2.50,away,ft,9.742,4
dpkUnIa5,Tien L.,Budkov Kjaer N.,3,3,hc,-2.50,home,ft,3.053,4
dpkUnIa5,Tien L.,Budkov Kjaer N.,3,3,hc,-2.50,away,ft,1.373,4
dpkUnIa5,Tien L.,Budkov Kjaer N.,3,3,hc,0,home,ft,1.29,2
dpkUnIa5,Tien L.,Budkov Kjaer N.,3,3,hc,0,away,ft,3.15,2
dpkUnIa5,Tien L.,Budkov Kjaer N.,3,3,hc,12.00,home,ft,1.29,1
dpkUnIa5,Tien L.,Budkov Kjaer N.,3,3,hc,12.00,away,ft,2.27,1
dpkUnIa5,Tien L.,Budkov Kjaer N.,3,3,hc,-1.00,home,ft,1.38,2
dpkUnIa5,Tien L.,Budkov Kjaer N.,3,3,hc,-1.00,away,ft,2.85,2
dpkUnIa5,Tien L.,Budkov Kjaer N.,3,3,hc,1.50,home,ft,1.21,2
dpkUnIa5,Tien L.,Budkov Kjaer N.,3,3,hc,1.50,away,ft,3.72,2
dpkUnIa5,Tien L.,Budkov Kjaer N.,3,3,hc,-1.50,home,ft,1.44,2
dpkUnIa5,Tien L.,Budkov Kjaer N.,3,3,hc,-1.50,away,ft,2.62,2
dpkUnIa5,Tien L.,Budkov Kjaer N.,3,3,hc,-2.00,home,ft,1.54,4
dpkUnIa5,Tien L.,Budkov Kjaer N.,3,3,hc,-2.00,away,ft,2.417,4
dpkUnIa5,Tien L.,Budkov Kjaer N.,3,3,hc,2.50,home,ft,1.19,2
dpkUnIa5,Tien L.,Budkov Kjaer N.,3,3,hc,2.50,away,ft,4.02,2
dpkUnIa5,Tien L.,Budkov Kjaer N.,3,3,hc,-2.50,home,ft,1.615,4
dpkUnIa5,Tien L.,Budkov Kjaer N.,3,3,hc,-2.50,away,ft,2.265,4
dpkUnIa5,Tien L.,Budkov Kjaer N.,3,3,hc,-3.00,home,ft,1.718,4
dpkUnIa5,Tien L.,Budkov Kjaer N.,3,3,hc,-3.00,away,ft,2.098,4
dpkUnIa5,Tien L.,Budkov Kjaer N.,3,3,hc,-3.50,home,ft,1.848,5
dpkUnIa5,Tien L.,Budkov Kjaer N.,3,3,hc,-3.50,away,ft,1.928,5
dpkUnIa5,Tien L.,Budkov Kjaer N.,3,3,hc,-4.00,home,ft,2.07,4
dpkUnIa5,Tien L.,Budkov Kjaer N.,3,3,hc,-4.00,away,ft,1.735,4
dpkUnIa5,Tien L.,Budkov Kjaer N.,3,3,hc,-4.50,home,ft,2.285,4
dpkUnIa5,Tien L.,Budkov Kjaer N.,3,3,hc,-4.50,away,ft,1.608,4
dpkUnIa5,Tien L.,Budkov Kjaer N.,3,3,hc,-5.00,home,ft,2.638,4
dpkUnIa5,Tien L.,Budkov Kjaer N.,3,3,hc,-5.00,away,ft,1.46,4
dpkUnIa5,Tien L.,Budkov Kjaer N.,3,3,hc,-5.50,home,ft,2.89,2
dpkUnIa5,Tien L.,Budkov Kjaer N.,3,3,hc,-5.50,away,ft,1.37,2
dpkUnIa5,Tien L.,Budkov Kjaer N.,3,3,hc,-6.00,home,ft,3.9,2
dpkUnIa5,Tien L.,Budkov Kjaer N.,3,3,hc,-6.00,away,ft,1.22,2
dpkUnIa5,Tien L.,Budkov Kjaer N.,3,3,hc,-6.50,home,ft,4.4,2
dpkUnIa5,Tien L.,Budkov Kjaer N.,3,3,hc,-6.50,away,ft,1.16,2
dpkUnIa5,Tien L.,Budkov Kjaer N.,3,3,hc,-7.00,home,ft,5.55,2
dpkUnIa5,Tien L.,Budkov Kjaer N.,3,3,hc,-7.00,away,ft,1.12,2
dpkUnIa5,Tien L.,Budkov Kjaer N.,3,3,hc,-7.50,home,ft,7.15,2
dpkUnIa5,Tien L.,Budkov Kjaer N.,3,3,hc,-7.50,away,ft,1.05,2
hCrwodUH,Landaluce M.,Jodar R.,0,0,ou,3.50,over,ft,1.537,3
hCrwodUH,Landaluce M.,Jodar R.,0,0,ou,3.50,under,ft,2.547,3
hCrwodUH,Landaluce M.,Jodar R.,0,0,ou,4.50,over,ft,3.313,3
hCrwodUH,Landaluce M.,Jodar R.,0,0,ou,4.50,under,ft,1.35,3
hCrwodUH,Landaluce M.,Jodar R.,0,0,ou,21.00,over,ft,1.46,2
hCrwodUH,Landaluce M.,Jodar R.,0,0,ou,21.00,under,ft,2.41,2
hCrwodUH,Landaluce M.,Jodar R.,0,0,ou,21.50,over,ft,1.57,3
hCrwodUH,Landaluce M.,Jodar R.,0,0,ou,21.50,under,ft,2.237,3
hCrwodUH,Landaluce M.,Jodar R.,0,0,ou,22.00,over,ft,1.645,4
hCrwodUH,Landaluce M.,Jodar R.,0,0,ou,22.00,under,ft,2.183,4
hCrwodUH,Landaluce M.,Jodar R.,0,0,ou,22.50,over,ft,1.7,6
hCrwodUH,Landaluce M.,Jodar R.,0,0,ou,22.50,under,ft,2.085,6
hCrwodUH,Landaluce M.,Jodar R.,0,0,ou,23.00,over,ft,1.77,4
hCrwodUH,Landaluce M.,Jodar R.,0,0,ou,23.00,under,ft,2.027,4
hCrwodUH,Landaluce M.,Jodar R.,0,0,ou,23.50,over,ft,1.91,6
hCrwodUH,Landaluce M.,Jodar R.,0,0,ou,23.50,under,ft,1.88,6
hCrwodUH,Landaluce M.,Jodar R.,0,0,ou,24.00,over,ft,2.025,4
hCrwodUH,Landaluce M.,Jodar R.,0,0,ou,24.00,under,ft,1.772,4
hCrwodUH,Landaluce M.,Jodar R.,0,0,ou,24.50,over,ft,2.167,6
hCrwodUH,Landaluce M.,Jodar R.,0,0,ou,24.50,under,ft,1.65,6
hCrwodUH,Landaluce M.,Jodar R.,0,0,ou,25.00,over,ft,2.33,2
hCrwodUH,Landaluce M.,Jodar R.,0,0,ou,25.00,under,ft,1.52,2
hCrwodUH,Landaluce M.,Jodar R.,0,0,ou,25.50,over,ft,2.45,2
hCrwodUH,Landaluce M.,Jodar R.,0,0,ou,25.50,under,ft,1.46,2
hCrwodUH,Landaluce M.,Jodar R.,0,0,ou,26.00,over,ft,2.67,2
hCrwodUH,Landaluce M.,Jodar R.,0,0,ou,26.00,under,ft,1.38,2
hCrwodUH,Landaluce M.,Jodar R.,0,0,hc,1.50,home,ft,1.745,6
hCrwodUH,Landaluce M.,Jodar R.,0,0,hc,1.50,away,ft,2.04,6
hCrwodUH,Landaluce M.,Jodar R.,0,0,hc,-1.50,home,ft,3.667,4
hCrwodUH,Landaluce M.,Jodar R.,0,0,hc,-1.50,away,ft,1.278,4
hCrwodUH,Landaluce M.,Jodar R.,0,0,hc,2.50,home,ft,1.268,4
hCrwodUH,Landaluce M.,Jodar R.,0,0,hc,2.50,away,ft,3.745,4
hCrwodUH,Landaluce M.,Jodar R.,0,0,hc,-2.50,home,ft,7.282,4
hCrwodUH,Landaluce M.,Jodar R.,0,0,hc,-2.50,away,ft,1.09,4
hCrwodUH,Landaluce M.,Jodar R.,0,0,hc,0,home,ft,2.5,2
hCrwodUH,Landaluce M.,Jodar R.,0,0,hc,0,away,ft,1.48,2
hCrwodUH,Landaluce M.,Jodar R.,0,0,hc,12.00,home,ft,2.0,1
hCrwodUH,Landaluce M.,Jodar R.,0,0,hc,12.00,away,ft,1.43,1
hCrwodUH,Landaluce M.,Jodar R.,0,0,hc,12.50,home,ft,1.58,1
hCrwodUH,Landaluce M.,Jodar R.,0,0,hc,12.50,away,ft,1.85,1
hCrwodUH,Landaluce M.,Jodar R.,0,0,hc,0.50,home,ft,2.35,2
hCrwodUH,Landaluce M.,Jodar R.,0,0,hc,0.50,away,ft,1.54,2
hCrwodUH,Landaluce M.,Jodar R.,0,0,hc,1.00,home,ft,2.213,4
hCrwodUH,Landaluce M.,Jodar R.,0,0,hc,1.00,away,ft,1.635,4
hCrwodUH,Landaluce M.,Jodar R.,0,0,hc,1.50,home,ft,2.105,4
hCrwodUH,Landaluce M.,Jodar R.,0,0,hc,1.50,away,ft,1.715,4
hCrwodUH,Landaluce M.,Jodar R.,0,0,hc,-1.50,home,ft,2.92,2
hCrwodUH,Landaluce M.,Jodar R.,0,0,hc,-1.50,away,ft,1.33,2
hCrwodUH,Landaluce M.,Jodar R.,0,0,hc,2.00,home,ft,1.99,4
hCrwodUH,Landaluce M.,Jodar R.,0,0,hc,2.00,away,ft,1.795,4
hCrwodUH,Landaluce M.,Jodar R.,0,0,hc,2.50,home,ft,1.927,4
hCrwodUH,Landaluce M.,Jodar R.,0,0,hc,2.50,away,ft,1.9,4
hCrwodUH,Landaluce M.,Jodar R.,0,0,hc,-2.50,home,ft,3.35,2
hCrwodUH,Landaluce M.,Jodar R.,0,0,hc,-2.50,away,ft,1.26,2
hCrwodUH,Landaluce M.,Jodar R.,0,0,hc,3.00,home,ft,1.735,4
hCrwodUH,Landaluce M.,Jodar R.,0,0,hc,3.00,away,ft,2.07,4
hCrwodUH,Landaluce M.,Jodar R.,0,0,hc,3.50,home,ft,1.666,5
hCrwodUH,Landaluce M.,Jodar R.,0,0,hc,3.50,away,ft,2.18,5
hCrwodUH,Landaluce M.,Jodar R.,0,0,hc,4.00,home,ft,1.5,2
hCrwodUH,Landaluce M.,Jodar R.,0,0,hc,4.00,away,ft,2.45,2
hCrwodUH,Landaluce M.,Jodar R.,0,0,hc,4.50,home,ft,1.43,2
hCrwodUH,Landaluce M.,Jodar R.,0,0,hc,4.50,away,ft,2.66,2
hCrwodUH,Landaluce M.,Jodar R.,0,0,hc,5.00,home,ft,1.29,2
hCrwodUH,Landaluce M.,Jodar R.,0,0,hc,5.00,away,ft,3.32,2
hCrwodUH,Landaluce M.,Jodar R.,0,0,hc,5.50,home,ft,1.24,2
hCrwodUH,Landaluce M.,Jodar R.,0,0,hc,5.50,away,ft,3.53,2
hCrwodUH,Landaluce M.,Jodar R.,0,0,hc,6.50,home,ft,1.11,2
hCrwodUH,Landaluce M.,Jodar R.,0,0,hc,6.50,away,ft,5.2,2
S4cDj00t,Blockx A.,Prizmic D.,3,3,ou,3.50,over,ft,1.5,3
S4cDj00t,Blockx A.,Prizmic D.,3,3,ou,3.50,under,ft,2.673,3
S4cDj00t,Blockx A.,Prizmic D.,3,3,ou,4.50,over,ft,3.26,3
S4cDj00t,Blockx A.,Prizmic D.,3,3,ou,4.50,under,ft,1.36,3
S4cDj00t,Blockx A.,Prizmic D.,3,3,ou,20.50,over,ft,1.42,1
S4cDj00t,Blockx A.,Prizmic D.,3,3,ou,20.50,under,ft,2.65,1
S4cDj00t,Blockx A.,Prizmic D.,3,3,ou,21.00,over,ft,1.41,2
S4cDj00t,Blockx A.,Prizmic D.,3,3,ou,21.00,under,ft,2.56,2
S4cDj00t,Blockx A.,Prizmic D.,3,3,ou,21.50,over,ft,1.52,3
S4cDj00t,Blockx A.,Prizmic D.,3,3,ou,21.50,under,ft,2.333,3
S4cDj00t,Blockx A.,Prizmic D.,3,3,ou,22.00,over,ft,1.625,4
S4cDj00t,Blockx A.,Prizmic D.,3,3,ou,22.00,under,ft,2.23,4
S4cDj00t,Blockx A.,Prizmic D.,3,3,ou,22.50,over,ft,1.657,6
S4cDj00t,Blockx A.,Prizmic D.,3,3,ou,22.50,under,ft,2.145,6
S4cDj00t,Blockx A.,Prizmic D.,3,3,ou,23.00,over,ft,1.692,4
S4cDj00t,Blockx A.,Prizmic D.,3,3,ou,23.00,under,ft,2.14,4
S4cDj00t,Blockx A.,Prizmic D.,3,3,ou,23.50,over,ft,1.835,6
S4cDj00t,Blockx A.,Prizmic D.,3,3,ou,23.50,under,ft,1.932,6
S4cDj00t,Blockx A.,Prizmic D.,3,3,ou,24.00,over,ft,1.932,4
S4cDj00t,Blockx A.,Prizmic D.,3,3,ou,24.00,under,ft,1.857,4
S4cDj00t,Blockx A.,Prizmic D.,3,3,ou,24.50,over,ft,2.045,6
S4cDj00t,Blockx A.,Prizmic D.,3,3,ou,24.50,under,ft,1.762,6
S4cDj00t,Blockx A.,Prizmic D.,3,3,ou,25.00,over,ft,2.263,4
S4cDj00t,Blockx A.,Prizmic D.,3,3,ou,25.00,under,ft,1.61,4
S4cDj00t,Blockx A.,Prizmic D.,3,3,ou,25.50,over,ft,2.3,2
S4cDj00t,Blockx A.,Prizmic D.,3,3,ou,25.50,under,ft,1.52,2
S4cDj00t,Blockx A.,Prizmic D.,3,3,ou,26.00,over,ft,2.5,2
S4cDj00t,Blockx A.,Prizmic D.,3,3,ou,26.00,under,ft,1.43,2
S4cDj00t,Blockx A.,Prizmic D.,3,3,ou,26.50,over,ft,2.597,3
S4cDj00t,Blockx A.,Prizmic D.,3,3,ou,26.50,under,ft,1.42,3
S4cDj00t,Blockx A.,Prizmic D.,3,3,ou,27.00,over,ft,2.79,2
S4cDj00t,Blockx A.,Prizmic D.,3,3,ou,27.00,under,ft,1.35,2
S4cDj00t,Blockx A.,Prizmic D.,3,3,hc,1.50,home,ft,1.384,5
S4cDj00t,Blockx A.,Prizmic D.,3,3,hc,1.50,away,ft,2.982,5
S4cDj00t,Blockx A.,Prizmic D.,3,3,hc,-1.50,home,ft,2.324,5
S4cDj00t,Blockx A.,Prizmic D.,3,3,hc,-1.50,away,ft,1.588,5
S4cDj00t,Blockx A.,Prizmic D.,3,3,hc,2.50,home,ft,1.123,4
S4cDj00t,Blockx A.,Prizmic D.,3,3,hc,2.50,away,ft,6.133,4
S4cDj00t,Blockx A.,Prizmic D.,3,3,hc,-2.50,home,ft,4.532,4
S4cDj00t,Blockx A.,Prizmic D.,3,3,hc,-2.50,away,ft,1.2,4
S4cDj00t,Blockx A.,Prizmic D.,3,3,hc,0,home,ft,1.67,4
S4cDj00t,Blockx A.,Prizmic D.,3,3,hc,0,away,ft,2.127,4
S4cDj00t,Blockx A.,Prizmic D.,3,3,hc,12.00,home,ft,1.54,1
S4cDj00t,Blockx A.,Prizmic D.,3,3,hc,12.00,away,ft,1.81,1
S4cDj00t,Blockx A.,Prizmic D.,3,3,hc,12.50,home,ft,1.83,1
S4cDj00t,Blockx A.,Prizmic D.,3,3,hc,12.50,away,ft,1.66,1
S4cDj00t,Blockx A.,Prizmic D.,3,3,hc,0.50,home,ft,1.64,4
S4cDj00t,Blockx A.,Prizmic D.,3,3,hc,0.50,away,ft,2.173,4
S4cDj00t,Blockx A.,Prizmic D.,3,3,hc,-0.50,home,ft,1.715,4
S4cDj00t,Blockx A.,Prizmic D.,3,3,hc,-0.50,away,ft,2.058,4
S4cDj00t,Blockx A.,Prizmic D.,3,3,hc,1.00,home,ft,1.49,2
S4cDj00t,Blockx A.,Prizmic D.,3,3,hc,1.00,away,ft,2.38,2
S4cDj00t,Blockx A.,Prizmic D.,3,3,hc,-1.00,home,ft,1.795,4
S4cDj00t,Blockx A.,Prizmic D.,3,3,hc,-1.00,away,ft,1.958,4
S4cDj00t,Blockx A.,Prizmic D.,3,3,hc,1.50,home,ft,1.45,2
S4cDj00t,Blockx A.,Prizmic D.,3,3,hc,1.50,away,ft,2.49,2
S4cDj00t,Blockx A.,Prizmic D.,3,3,hc,-1.50,home,ft,1.912,5
S4cDj00t,Blockx A.,Prizmic D.,3,3,hc,-1.50,away,ft,1.89,5
S4cDj00t,Blockx A.,Prizmic D.,3,3,hc,2.00,home,ft,1.38,2
S4cDj00t,Blockx A.,Prizmic D.,3,3,hc,2.00,away,ft,2.73,2
S4cDj00t,Blockx A.,Prizmic D.,3,3,hc,-2.00,home,ft,2.013,4
S4cDj00t,Blockx A.,Prizmic D.,3,3,hc,-2.00,away,ft,1.75,4
S4cDj00t,Blockx A.,Prizmic D.,3,3,hc,2.50,home,ft,1.35,2
S4cDj00t,Blockx A.,Prizmic D.,3,3,hc,2.50,away,ft,2.85,2
S4cDj00t,Blockx A.,Prizmic D.,3,3,hc,-2.50,home,ft,2.147,4
S4cDj00t,Blockx A.,Prizmic D.,3,3,hc,-2.50,away,ft,1.66,4
S4cDj00t,Blockx A.,Prizmic D.,3,3,hc,-3.00,home,ft,2.272,4
S4cDj00t,Blockx A.,Prizmic D.,3,3,hc,-3.00,away,ft,1.585,4
S4cDj00t,Blockx A.,Prizmic D.,3,3,hc,3.50,home,ft,1.25,2
S4cDj00t,Blockx A.,Prizmic D.,3,3,hc,3.50,away,ft,3.42,2
S4cDj00t,Blockx A.,Prizmic D.,3,3,hc,-3.50,home,ft,2.43,2
S4cDj00t,Blockx A.,Prizmic D.,3,3,hc,-3.50,away,ft,1.47,2
S4cDj00t,Blockx A.,Prizmic D.,3,3,hc,-4.00,home,ft,2.89,2
S4cDj00t,Blockx A.,Prizmic D.,3,3,hc,-4.00,away,ft,1.34,2
S4cDj00t,Blockx A.,Prizmic D.,3,3,hc,4.50,home,ft,1.18,2
S4cDj00t,Blockx A.,Prizmic D.,3,3,hc,4.50,away,ft,4.12,2
S4cDj00t,Blockx A.,Prizmic D.,3,3,hc,-4.50,home,ft,3.03,2
S4cDj00t,Blockx A.,Prizmic D.,3,3,hc,-4.50,away,ft,1.31,2
S4cDj00t,Blockx A.,Prizmic D.,3,3,hc,-5.50,home,ft,4.19,2
S4cDj00t,Blockx A.,Prizmic D.,3,3,hc,-5.50,away,ft,1.17,2
OWjMlvVh,Basavareddy N.,Engel J.,3,3,ou,3.50,over,ft,1.55,3
OWjMlvVh,Basavareddy N.,Engel J.,3,3,ou,3.50,under,ft,2.477,3
OWjMlvVh,Basavareddy N.,Engel J.,3,3,ou,4.50,over,ft,3.507,3
OWjMlvVh,Basavareddy N.,Engel J.,3,3,ou,4.50,under,ft,1.32,3
OWjMlvVh,Basavareddy N.,Engel J.,3,3,ou,20.50,over,ft,1.37,1
OWjMlvVh,Basavareddy N.,Engel J.,3,3,ou,20.50,under,ft,2.85,1
OWjMlvVh,Basavareddy N.,Engel J.,3,3,ou,21.00,over,ft,1.46,2
OWjMlvVh,Basavareddy N.,Engel J.,3,3,ou,21.00,under,ft,2.41,2
OWjMlvVh,Basavareddy N.,Engel J.,3,3,ou,21.50,over,ft,1.53,2
OWjMlvVh,Basavareddy N.,Engel J.,3,3,ou,21.50,under,ft,2.28,2
OWjMlvVh,Basavareddy N.,Engel J.,3,3,ou,22.00,over,ft,1.63,3
OWjMlvVh,Basavareddy N.,Engel J.,3,3,ou,22.00,under,ft,2.18,3
OWjMlvVh,Basavareddy N.,Engel J.,3,3,ou,22.50,over,ft,1.642,5
OWjMlvVh,Basavareddy N.,Engel J.,3,3,ou,22.50,under,ft,2.19,5
OWjMlvVh,Basavareddy N.,Engel J.,3,3,ou,23.00,over,ft,1.72,4
OWjMlvVh,Basavareddy N.,Engel J.,3,3,ou,23.00,under,ft,2.098,4
OWjMlvVh,Basavareddy N.,Engel J.,3,3,ou,23.50,over,ft,1.828,6
OWjMlvVh,Basavareddy N.,Engel J.,3,3,ou,23.50,under,ft,1.98,6
OWjMlvVh,Basavareddy N.,Engel J.,3,3,ou,24.00,over,ft,1.945,4
OWjMlvVh,Basavareddy N.,Engel J.,3,3,ou,24.00,under,ft,1.85,4
OWjMlvVh,Basavareddy N.,Engel J.,3,3,ou,24.50,over,ft,1.948,6
OWjMlvVh,Basavareddy N.,Engel J.,3,3,ou,24.50,under,ft,1.828,6
OWjMlvVh,Basavareddy N.,Engel J.,3,3,ou,25.00,over,ft,2.263,4
OWjMlvVh,Basavareddy N.,Engel J.,3,3,ou,25.00,under,ft,1.61,4
OWjMlvVh,Basavareddy N.,Engel J.,3,3,ou,25.50,over,ft,2.38,2
OWjMlvVh,Basavareddy N.,Engel J.,3,3,ou,25.50,under,ft,1.49,2
OWjMlvVh,Basavareddy N.,Engel J.,3,3,ou,26.00,over,ft,2.6,2
OWjMlvVh,Basavareddy N.,Engel J.,3,3,ou,26.00,under,ft,1.4,2
OWjMlvVh,Basavareddy N.,Engel J.,3,3,ou,26.50,over,ft,2.25,2
OWjMlvVh,Basavareddy N.,Engel J.,3,3,ou,26.50,under,ft,1.56,2
OWjMlvVh,Basavareddy N.,Engel J.,3,3,hc,1.50,home,ft,1.185,4
OWjMlvVh,Basavareddy N.,Engel J.,3,3,hc,1.50,away,ft,4.75,4
OWjMlvVh,Basavareddy N.,Engel J.,3,3,hc,-1.50,home,ft,1.747,6
OWjMlvVh,Basavareddy N.,Engel J.,3,3,hc,-1.50,away,ft,2.042,6
OWjMlvVh,Basavareddy N.,Engel J.,3,3,hc,2.50,home,ft,1.06,4
OWjMlvVh,Basavareddy N.,Engel J.,3,3,hc,2.50,away,ft,9.325,4
OWjMlvVh,Basavareddy N.,Engel J.,3,3,hc,-2.50,home,ft,3.212,4
OWjMlvVh,Basavareddy N.,Engel J.,3,3,hc,-2.50,away,ft,1.345,4
OWjMlvVh,Basavareddy N.,Engel J.,3,3,hc,0,home,ft,1.35,2
OWjMlvVh,Basavareddy N.,Engel J.,3,3,hc,0,away,ft,2.85,2
OWjMlvVh,Basavareddy N.,Engel J.,3,3,hc,12.00,home,ft,1.27,1
OWjMlvVh,Basavareddy N.,Engel J.,3,3,hc,12.00,away,ft,2.23,1
OWjMlvVh,Basavareddy N.,Engel J.,3,3,hc,12.50,home,ft,2.0,1
OWjMlvVh,Basavareddy N.,Engel J.,3,3,hc,12.50,away,ft,1.56,1
OWjMlvVh,Basavareddy N.,Engel J.,3,3,hc,-0.50,home,ft,1.41,2
OWjMlvVh,Basavareddy N.,Engel J.,3,3,hc,-0.50,away,ft,2.62,2
OWjMlvVh,Basavareddy N.,Engel J.,3,3,hc,-1.00,home,ft,1.41,2
OWjMlvVh,Basavareddy N.,Engel J.,3,3,hc,-1.00,away,ft,2.73,2
OWjMlvVh,Basavareddy N.,Engel J.,3,3,hc,1.50,home,ft,1.21,2
OWjMlvVh,Basavareddy N.,Engel J.,3,3,hc,1.50,away,ft,3.72,2
OWjMlvVh,Basavareddy N.,Engel J.,3,3,hc,-1.50,home,ft,1.54,4
OWjMlvVh,Basavareddy N.,Engel J.,3,3,hc,-1.50,away,ft,2.422,4
OWjMlvVh,Basavareddy N.,Engel J.,3,3,hc,-2.00,home,ft,1.57,4
OWjMlvVh,Basavareddy N.,Engel J.,3,3,hc,-2.00,away,ft,2.365,4
OWjMlvVh,Basavareddy N.,Engel J.,3,3,hc,2.50,home,ft,1.16,2
OWjMlvVh,Basavareddy N.,Engel J.,3,3,hc,2.50,away,ft,4.4,2
OWjMlvVh,Basavareddy N.,Engel J.,3,3,hc,-2.50,home,ft,1.695,4
OWjMlvVh,Basavareddy N.,Engel J.,3,3,hc,-2.50,away,ft,2.127,4
OWjMlvVh,Basavareddy N.,Engel J.,3,3,hc,-3.00,home,ft,1.835,4
OWjMlvVh,Basavareddy N.,Engel J.,3,3,hc,-3.00,away,ft,1.95,4
OWjMlvVh,Basavareddy N.,Engel J.,3,3,hc,-3.50,home,ft,1.946,5
OWjMlvVh,Basavareddy N.,Engel J.,3,3,hc,-3.50,away,ft,1.852,5
OWjMlvVh,Basavareddy N.,Engel J.,3,3,hc,-4.00,home,ft,2.36,4
OWjMlvVh,Basavareddy N.,Engel J.,3,3,hc,-4.00,away,ft,1.575,4
OWjMlvVh,Basavareddy N.,Engel J.,3,3,hc,-4.50,home,ft,2.45,2
OWjMlvVh,Basavareddy N.,Engel J.,3,3,hc,-4.50,away,ft,1.5,2
OWjMlvVh,Basavareddy N.,Engel J.,3,3,hc,-5.00,home,ft,3.1,2
OWjMlvVh,Basavareddy N.,Engel J.,3,3,hc,-5.00,away,ft,1.33,2
OWjMlvVh,Basavareddy N.,Engel J.,3,3,hc,-5.50,home,ft,3.48,2
OWjMlvVh,Basavareddy N.,Engel J.,3,3,hc,-5.50,away,ft,1.27,2
OWjMlvVh,Basavareddy N.,Engel J.,3,3,hc,-6.00,home,ft,5.15,2
OWjMlvVh,Basavareddy N.,Engel J.,3,3,hc,-6.00,away,ft,1.14,2
OWjMlvVh,Basavareddy N.,Engel J.,3,3,hc,-6.50,home,ft,5.57,2
OWjMlvVh,Basavareddy N.,Engel J.,3,3,hc,-6.50,away,ft,1.1,2
jPJeYIpC,Tien L.,Landaluce M.,3,3,ou,3.50,over,ft,1.713,3
jPJeYIpC,Tien L.,Landaluce M.,3,3,ou,3.50,under,ft,2.143,3
jPJeYIpC,Tien L.,Landaluce M.,3,3,ou,4.50,over,ft,4.063,3
jPJeYIpC,Tien L.,Landaluce M.,3,3,ou,4.50,under,ft,1.253,3
jPJeYIpC,Tien L.,Landaluce M.,3,3,ou,18.50,over,ft,1.35,1
jPJeYIpC,Tien L.,Landaluce M.,3,3,ou,18.50,under,ft,3.05,1
jPJeYIpC,Tien L.,Landaluce M.,3,3,ou,19.00,over,ft,1.4,2
jPJeYIpC,Tien L.,Landaluce M.,3,3,ou,19.00,under,ft,2.6,2
jPJeYIpC,Tien L.,Landaluce M.,3,3,ou,19.50,over,ft,1.49,2
jPJeYIpC,Tien L.,Landaluce M.,3,3,ou,19.50,under,ft,2.38,2
jPJeYIpC,Tien L.,Landaluce M.,3,3,ou,20.00,over,ft,1.53,2
jPJeYIpC,Tien L.,Landaluce M.,3,3,ou,20.00,under,ft,2.24,2
jPJeYIpC,Tien L.,Landaluce M.,3,3,ou,20.50,over,ft,1.692,6
jPJeYIpC,Tien L.,Landaluce M.,3,3,ou,20.50,under,ft,2.073,6
jPJeYIpC,Tien L.,Landaluce M.,3,3,ou,21.00,over,ft,1.725,4
jPJeYIpC,Tien L.,Landaluce M.,3,3,ou,21.00,under,ft,2.072,4
jPJeYIpC,Tien L.,Landaluce M.,3,3,ou,21.50,over,ft,1.834,5
jPJeYIpC,Tien L.,Landaluce M.,3,3,ou,21.50,under,ft,1.928,5
jPJeYIpC,Tien L.,Landaluce M.,3,3,ou,22.00,over,ft,1.89,4
jPJeYIpC,Tien L.,Landaluce M.,3,3,ou,22.00,under,ft,1.897,4
jPJeYIpC,Tien L.,Landaluce M.,3,3,ou,22.50,over,ft,1.942,6
jPJeYIpC,Tien L.,Landaluce M.,3,3,ou,22.50,under,ft,1.825,6
jPJeYIpC,Tien L.,Landaluce M.,3,3,ou,23.00,over,ft,2.125,4
jPJeYIpC,Tien L.,Landaluce M.,3,3,ou,23.00,under,ft,1.702,4
jPJeYIpC,Tien L.,Landaluce M.,3,3,ou,23.50,over,ft,2.223,4
jPJeYIpC,Tien L.,Landaluce M.,3,3,ou,23.50,under,ft,1.635,4
jPJeYIpC,Tien L.,Landaluce M.,3,3,ou,24.00,over,ft,2.4,2
jPJeYIpC,Tien L.,Landaluce M.,3,3,ou,24.00,under,ft,1.49,2
jPJeYIpC,Tien L.,Landaluce M.,3,3,ou,24.50,over,ft,2.493,3
jPJeYIpC,Tien L.,Landaluce M.,3,3,ou,24.50,under,ft,1.46,3
jPJeYIpC,Tien L.,Landaluce M.,3,3,ou,25.00,over,ft,2.79,2
jPJeYIpC,Tien L.,Landaluce M.,3,3,ou,25.00,under,ft,1.35,2
jPJeYIpC,Tien L.,Landaluce M.,3,3,hc,1.50,home,ft,1.125,4
jPJeYIpC,Tien L.,Landaluce M.,3,3,hc,1.50,away,ft,6.037,4
jPJeYIpC,Tien L.,Landaluce M.,3,3,hc,-1.50,home,ft,1.544,5
jPJeYIpC,Tien L.,Landaluce M.,3,3,hc,-1.50,away,ft,2.428,5
jPJeYIpC,Tien L.,Landaluce M.,3,3,hc,2.50,home,ft,1.035,4
jPJeYIpC,Tien L.,Landaluce M.,3,3,hc,2.50,away,ft,12.252,4
jPJeYIpC,Tien L.,Landaluce M.,3,3,hc,-2.50,home,ft,2.522,5
jPJeYIpC,Tien L.,Landaluce M.,3,3,hc,-2.50,away,ft,1.51,5
jPJeYIpC,Tien L.,Landaluce M.,3,3,hc,0,home,ft,1.22,2
jPJeYIpC,Tien L.,Landaluce M.,3,3,hc,0,away,ft,3.62,2
jPJeYIpC,Tien L.,Landaluce M.,3,3,hc,1.50,home,ft,1.17,2
jPJeYIpC,Tien L.,Landaluce M.,3,3,hc,1.50,away,ft,4.22,2
jPJeYIpC,Tien L.,Landaluce M.,3,3,hc,-1.50,home,ft,1.33,2
jPJeYIpC,Tien L.,Landaluce M.,3,3,hc,-1.50,away,ft,2.93,2
jPJeYIpC,Tien L.,Landaluce M.,3,3,hc,-2.00,home,ft,1.34,2
jPJeYIpC,Tien L.,Landaluce M.,3,3,hc,-2.00,away,ft,2.89,2
jPJeYIpC,Tien L.,Landaluce M.,3,3,hc,-2.50,home,ft,1.42,2
jPJeYIpC,Tien L.,Landaluce M.,3,3,hc,-2.50,away,ft,2.58,2
jPJeYIpC,Tien L.,Landaluce M.,3,3,hc,-3.00,home,ft,1.51,4
jPJeYIpC,Tien L.,Landaluce M.,3,3,hc,-3.00,away,ft,2.453,4
jPJeYIpC,Tien L.,Landaluce M.,3,3,hc,-3.50,home,ft,1.595,4
jPJeYIpC,Tien L.,Landaluce M.,3,3,hc,-3.50,away,ft,2.255,4
jPJeYIpC,Tien L.,Landaluce M.,3,3,hc,-4.00,home,ft,1.708,4
jPJeYIpC,Tien L.,Landaluce M.,3,3,hc,-4.00,away,ft,2.07,4
jPJeYIpC,Tien L.,Landaluce M.,3,3,hc,-4.50,home,ft,1.838,5
jPJeYIpC,Tien L.,Landaluce M.,3,3,hc,-4.50,away,ft,1.908,5
jPJeYIpC,Tien L.,Landaluce M.,3,3,hc,-5.00,home,ft,2.178,4
jPJeYIpC,Tien L.,Landaluce M.,3,3,hc,-5.00,away,ft,1.64,4
jPJeYIpC,Tien L.,Landaluce M.,3,3,hc,-5.50,home,ft,2.428,5
jPJeYIpC,Tien L.,Landaluce M.,3,3,hc,-5.50,away,ft,1.52,5
jPJeYIpC,Tien L.,Landaluce M.,3,3,hc,-6.00,home,ft,2.94,2
jPJeYIpC,Tien L.,Landaluce M.,3,3,hc,-6.00,away,ft,1.33,2
jPJeYIpC,Tien L.,Landaluce M.,3,3,hc,-6.50,home,ft,3.31,2
jPJeYIpC,Tien L.,Landaluce M.,3,3,hc,-6.50,away,ft,1.27,2
jPJeYIpC,Tien L.,Landaluce M.,3,3,hc,-7.00,home,ft,4.72,2
jPJeYIpC,Tien L.,Landaluce M.,3,3,hc,-7.00,away,ft,1.14,2
jPJeYIpC,Tien L.,Landaluce M.,3,3,hc,-7.50,home,ft,6.15,2
jPJeYIpC,Tien L.,Landaluce M.,3,3,hc,-7.50,away,ft,1.08,2
jPJeYIpC,Tien L.,Landaluce M.,3,3,hc,-8.50,home,ft,8.3,2
jPJeYIpC,Tien L.,Landaluce M.,3,3,hc,-8.50,away,ft,1.03,2
Cv84WdFO,Budkov Kjaer N.,Jodar R.,3,3,ou,3.50,over,ft,1.487,3
Cv84WdFO,Budkov Kjaer N.,Jodar R.,3,3,ou,3.50,under,ft,2.657,3
Cv84WdFO,Budkov Kjaer N.,Jodar R.,3,3,ou,4.50,over,ft,3.233,3
Cv84WdFO,Budkov Kjaer N.,Jodar R.,3,3,ou,4.50,under,ft,1.363,3
Cv84WdFO,Budkov Kjaer N.,Jodar R.,3,3,ou,16.50,over,ft,1.04,1
Cv84WdFO,Budkov Kjaer N.,Jodar R.,3,3,ou,16.50,under,ft,10.5,1
Cv84WdFO,Budkov Kjaer N.,Jodar R.,3,3,ou,18.50,over,ft,1.22,1
Cv84WdFO,Budkov Kjaer N.,Jodar R.,3,3,ou,18.50,under,ft,4.1,1
Cv84WdFO,Budkov Kjaer N.,Jodar R.,3,3,ou,20.50,over,ft,1.46,2
Cv84WdFO,Budkov Kjaer N.,Jodar R.,3,3,ou,20.50,under,ft,2.575,2
Cv84WdFO,Budkov Kjaer N.,Jodar R.,3,3,ou,21.00,over,ft,1.42,2
Cv84WdFO,Budkov Kjaer N.,Jodar R.,3,3,ou,21.00,under,ft,2.53,2
Cv84WdFO,Budkov Kjaer N.,Jodar R.,3,3,ou,21.50,over,ft,1.48,2
Cv84WdFO,Budkov Kjaer N.,Jodar R.,3,3,ou,21.50,under,ft,2.4,2
Cv84WdFO,Budkov Kjaer N.,Jodar R.,3,3,ou,22.00,over,ft,1.62,4
Cv84WdFO,Budkov Kjaer N.,Jodar R.,3,3,ou,22.00,under,ft,2.24,4
Cv84WdFO,Budkov Kjaer N.,Jodar R.,3,3,ou,22.50,over,ft,1.635,6
Cv84WdFO,Budkov Kjaer N.,Jodar R.,3,3,ou,22.50,under,ft,2.185,6
Cv84WdFO,Budkov Kjaer N.,Jodar R.,3,3,ou,23.00,over,ft,1.738,4
Cv84WdFO,Budkov Kjaer N.,Jodar R.,3,3,ou,23.00,under,ft,2.083,4
Cv84WdFO,Budkov Kjaer N.,Jodar R.,3,3,ou,23.50,over,ft,1.863,6
Cv84WdFO,Budkov Kjaer N.,Jodar R.,3,3,ou,23.50,under,ft,1.925,6
Cv84WdFO,Budkov Kjaer N.,Jodar R.,3,3,ou,24.00,over,ft,1.972,4
Cv84WdFO,Budkov Kjaer N.,Jodar R.,3,3,ou,24.00,under,ft,1.82,4
Cv84WdFO,Budkov Kjaer N.,Jodar R.,3,3,ou,24.50,over,ft,2.078,6
Cv84WdFO,Budkov Kjaer N.,Jodar R.,3,3,ou,24.50,under,ft,1.73,6
Cv84WdFO,Budkov Kjaer N.,Jodar R.,3,3,ou,25.00,over,ft,2.2,2
Cv84WdFO,Budkov Kjaer N.,Jodar R.,3,3,ou,25.00,under,ft,1.58,2
Cv84WdFO,Budkov Kjaer N.,Jodar R.,3,3,ou,25.50,over,ft,2.32,2
Cv84WdFO,Budkov Kjaer N.,Jodar R.,3,3,ou,25.50,under,ft,1.51,2
Cv84WdFO,Budkov Kjaer N.,Jodar R.,3,3,ou,26.00,over,ft,2.53,2
Cv84WdFO,Budkov Kjaer N.,Jodar R.,3,3,ou,26.00,under,ft,1.42,2
Cv84WdFO,Budkov Kjaer N.,Jodar R.,3,3,ou,26.50,over,ft,2.7,4
Cv84WdFO,Budkov Kjaer N.,Jodar R.,3,3,ou,26.50,under,ft,1.41,4
Cv84WdFO,Budkov Kjaer N.,Jodar R.,3,3,ou,27.00,over,ft,2.86,2
Cv84WdFO,Budkov Kjaer N.,Jodar R.,3,3,ou,27.00,under,ft,1.33,2
Cv84WdFO,Budkov Kjaer N.,Jodar R.,3,3,ou,28.50,over,ft,3.7,1
Cv84WdFO,Budkov Kjaer N.,Jodar R.,3,3,ou,28.50,under,ft,1.27,1
Cv84WdFO,Budkov Kjaer N.,Jodar R.,3,3,ou,30.50,over,ft,5.5,1
Cv84WdFO,Budkov Kjaer N.,Jodar R.,3,3,ou,30.50,under,ft,1.14,1
Cv84WdFO,Budkov Kjaer N.,Jodar R.,3,3,ou,32.50,over,ft,11.5,1
Cv84WdFO,Budkov Kjaer N.,Jodar R.,3,3,ou,32.50,under,ft,1.03,1
Cv84WdFO,Budkov Kjaer N.,Jodar R.,3,3,hc,1.50,home,ft,1.567,6
Cv84WdFO,Budkov Kjaer N.,Jodar R.,3,3,hc,1.50,away,ft,2.352,6
Cv84WdFO,Budkov Kjaer N.,Jodar R.,3,3,hc,-1.50,home,ft,3.038,4
Cv84WdFO,Budkov Kjaer N.,Jodar R.,3,3,hc,-1.50,away,ft,1.377,4
Cv84WdFO,Budkov Kjaer N.,Jodar R.,3,3,hc,2.50,home,ft,1.208,4
Cv84WdFO,Budkov Kjaer N.,Jodar R.,3,3,hc,2.50,away,ft,4.453,4
Cv84WdFO,Budkov Kjaer N.,Jodar R.,3,3,hc,-2.50,home,ft,6.04,4
Cv84WdFO,Budkov Kjaer N.,Jodar R.,3,3,hc,-2.50,away,ft,1.125,4
Cv84WdFO,Budkov Kjaer N.,Jodar R.,3,3,hc,0,home,ft,2.095,4
Cv84WdFO,Budkov Kjaer N.,Jodar R.,3,3,hc,0,away,ft,1.698,4
Cv84WdFO,Budkov Kjaer N.,Jodar R.,3,3,hc,12.00,home,ft,1.81,1
Cv84WdFO,Budkov Kjaer N.,Jodar R.,3,3,hc,12.00,away,ft,1.58,1
Cv84WdFO,Budkov Kjaer N.,Jodar R.,3,3,hc,12.50,home,ft,1.68,1
Cv84WdFO,Budkov Kjaer N.,Jodar R.,3,3,hc,12.50,away,ft,1.76,1
Cv84WdFO,Budkov Kjaer N.,Jodar R.,3,3,hc,0.50,home,ft,1.992,4
Cv84WdFO,Budkov Kjaer N.,Jodar R.,3,3,hc,0.50,away,ft,1.775,4
Cv84WdFO,Budkov Kjaer N.,Jodar R.,3,3,hc,-0.50,home,ft,2.11,4
Cv84WdFO,Budkov Kjaer N.,Jodar R.,3,3,hc,-0.50,away,ft,1.68,4
Cv84WdFO,Budkov Kjaer N.,Jodar R.,3,3,hc,1.00,home,ft,1.895,4
Cv84WdFO,Budkov Kjaer N.,Jodar R.,3,3,hc,1.00,away,ft,1.855,4
Cv84WdFO,Budkov Kjaer N.,Jodar R.,3,3,hc,-1.00,home,ft,2.28,2
Cv84WdFO,Budkov Kjaer N.,Jodar R.,3,3,hc,-1.00,away,ft,1.53,2
Cv84WdFO,Budkov Kjaer N.,Jodar R.,3,3,hc,1.50,home,ft,1.85,5
Cv84WdFO,Budkov Kjaer N.,Jodar R.,3,3,hc,1.50,away,ft,1.956,5
Cv84WdFO,Budkov Kjaer N.,Jodar R.,3,3,hc,-1.50,home,ft,2.333,3
Cv84WdFO,Budkov Kjaer N.,Jodar R.,3,3,hc,-1.50,away,ft,1.517,3
Cv84WdFO,Budkov Kjaer N.,Jodar R.,3,3,hc,2.00,home,ft,1.715,4
Cv84WdFO,Budkov Kjaer N.,Jodar R.,3,3,hc,2.00,away,ft,2.07,4
Cv84WdFO,Budkov Kjaer N.,Jodar R.,3,3,hc,-2.00,home,ft,2.49,2
Cv84WdFO,Budkov Kjaer N.,Jodar R.,3,3,hc,-2.00,away,ft,1.45,2
Cv84WdFO,Budkov Kjaer N.,Jodar R.,3,3,hc,2.50,home,ft,1.653,4
Cv84WdFO,Budkov Kjaer N.,Jodar R.,3,3,hc,2.50,away,ft,2.152,4
Cv84WdFO,Budkov Kjaer N.,Jodar R.,3,3,hc,-2.50,home,ft,2.69,2
Cv84WdFO,Budkov Kjaer N.,Jodar R.,3,3,hc,-2.50,away,ft,1.39,2
Cv84WdFO,Budkov Kjaer N.,Jodar R.,3,3,hc,3.00,home,ft,1.57,4
Cv84WdFO,Budkov Kjaer N.,Jodar R.,3,3,hc,3.00,away,ft,2.302,4
Cv84WdFO,Budkov Kjaer N.,Jodar R.,3,3,hc,3.50,home,ft,1.45,3
Cv84WdFO,Budkov Kjaer N.,Jodar R.,3,3,hc,3.50,away,ft,2.513,3
Cv84WdFO,Budkov Kjaer N.,Jodar R.,3,3,hc,-3.50,home,ft,3.193,3
Cv84WdFO,Budkov Kjaer N.,Jodar R.,3,3,hc,-3.50,away,ft,1.293,3
Cv84WdFO,Budkov Kjaer N.,Jodar R.,3,3,hc,4.00,home,ft,1.33,2
Cv84WdFO,Budkov Kjaer N.,Jodar R.,3,3,hc,4.00,away,ft,2.94,2
Cv84WdFO,Budkov Kjaer N.,Jodar R.,3,3,hc,4.50,home,ft,1.29,2
Cv84WdFO,Budkov Kjaer N.,Jodar R.,3,3,hc,4.50,away,ft,3.13,2
Cv84WdFO,Budkov Kjaer N.,Jodar R.,3,3,hc,5.50,home,ft,1.16,3
Cv84WdFO,Budkov Kjaer N.,Jodar R.,3,3,hc,5.50,away,ft,4.44,3
Cv84WdFO,Budkov Kjaer N.,Jodar R.,3,3,hc,-5.50,home,ft,5.4,1
Cv84WdFO,Budkov Kjaer N.,Jodar R.,3,3,hc,-5.50,away,ft,1.12,1
Cv84WdFO,Budkov Kjaer N.,Jodar R.,3,3,hc,6.50,home,ft,1.06,2
Cv84WdFO,Budkov Kjaer N.,Jodar R.,3,3,hc,6.50,away,ft,6.53,2
p4j5lVzA,Blockx A.,Basavareddy N.,3,3,ou,3.50,over,ft,1.45,3
p4j5lVzA,Blockx A.,Basavareddy N.,3,3,ou,3.50,under,ft,2.77,3
p4j5lVzA,Blockx A.,Basavareddy N.,3,3,ou,4.50,over,ft,3.187,3
p4j5lVzA,Blockx A.,Basavareddy N.,3,3,ou,4.50,under,ft,1.367,3
p4j5lVzA,Blockx A.,Basavareddy N.,3,3,ou,20.50,over,ft,1.42,1
p4j5lVzA,Blockx A.,Basavareddy N.,3,3,ou,20.50,under,ft,2.65,1
p4j5lVzA,Blockx A.,Basavareddy N.,3,3,ou,21.00,over,ft,1.4,2
p4j5lVzA,Blockx A.,Basavareddy N.,3,3,ou,21.00,under,ft,2.6,2
p4j5lVzA,Blockx A.,Basavareddy N.,3,3,ou,21.50,over,ft,1.46,2
p4j5lVzA,Blockx A.,Basavareddy N.,3,3,ou,21.50,under,ft,2.45,2
p4j5lVzA,Blockx A.,Basavareddy N.,3,3,ou,22.00,over,ft,1.56,2
p4j5lVzA,Blockx A.,Basavareddy N.,3,3,ou,22.00,under,ft,2.44,2
p4j5lVzA,Blockx A.,Basavareddy N.,3,3,ou,22.50,over,ft,1.617,6
p4j5lVzA,Blockx A.,Basavareddy N.,3,3,ou,22.50,under,ft,2.253,6
p4j5lVzA,Blockx A.,Basavareddy N.,3,3,ou,23.00,over,ft,1.677,4
p4j5lVzA,Blockx A.,Basavareddy N.,3,3,ou,23.00,under,ft,2.225,4
p4j5lVzA,Blockx A.,Basavareddy N.,3,3,ou,23.50,over,ft,1.803,6
p4j5lVzA,Blockx A.,Basavareddy N.,3,3,ou,23.50,under,ft,2.012,6
p4j5lVzA,Blockx A.,Basavareddy N.,3,3,ou,24.00,over,ft,1.902,4
p4j5lVzA,Blockx A.,Basavareddy N.,3,3,ou,24.00,under,ft,1.927,4
p4j5lVzA,Blockx A.,Basavareddy N.,3,3,ou,24.50,over,ft,1.995,6
p4j5lVzA,Blockx A.,Basavareddy N.,3,3,ou,24.50,under,ft,1.788,6
p4j5lVzA,Blockx A.,Basavareddy N.,3,3,ou,25.00,over,ft,2.235,4
p4j5lVzA,Blockx A.,Basavareddy N.,3,3,ou,25.00,under,ft,1.67,4
p4j5lVzA,Blockx A.,Basavareddy N.,3,3,ou,25.50,over,ft,2.38,2
p4j5lVzA,Blockx A.,Basavareddy N.,3,3,ou,25.50,under,ft,1.58,2
p4j5lVzA,Blockx A.,Basavareddy N.,3,3,ou,26.00,over,ft,2.62,2
p4j5lVzA,Blockx A.,Basavareddy N.,3,3,ou,26.00,under,ft,1.49,2
p4j5lVzA,Blockx A.,Basavareddy N.,3,3,ou,26.50,over,ft,2.597,3
p4j5lVzA,Blockx A.,Basavareddy N.,3,3,ou,26.50,under,ft,1.42,3
p4j5lVzA,Blockx A.,Basavareddy N.,3,3,ou,27.00,over,ft,2.79,2
p4j5lVzA,Blockx A.,Basavareddy N.,3,3,ou,27.00,under,ft,1.35,2
p4j5lVzA,Blockx A.,Basavareddy N.,3,3,hc,1.50,home,ft,1.402,5
p4j5lVzA,Blockx A.,Basavareddy N.,3,3,hc,1.50,away,ft,2.914,5
p4j5lVzA,Blockx A.,Basavareddy N.,3,3,hc,-1.50,home,ft,2.415,6
p4j5lVzA,Blockx A.,Basavareddy N.,3,3,hc,-1.50,away,ft,1.538,6
p4j5lVzA,Blockx A.,Basavareddy N.,3,3,hc,2.50,home,ft,1.13,4
p4j5lVzA,Blockx A.,Basavareddy N.,3,3,hc,2.50,away,ft,5.86,4
p4j5lVzA,Blockx A.,Basavareddy N.,3,3,hc,-2.50,home,ft,4.812,4
p4j5lVzA,Blockx A.,Basavareddy N.,3,3,hc,-2.50,away,ft,1.18,4
p4j5lVzA,Blockx A.,Basavareddy N.,3,3,hc,0,home,ft,1.745,4
p4j5lVzA,Blockx A.,Basavareddy N.,3,3,hc,0,away,ft,2.105,4
p4j5lVzA,Blockx A.,Basavareddy N.,3,3,hc,12.00,home,ft,1.55,1
p4j5lVzA,Blockx A.,Basavareddy N.,3,3,hc,12.00,away,ft,1.7,1
p4j5lVzA,Blockx A.,Basavareddy N.,3,3,hc,12.50,home,ft,1.86,1
p4j5lVzA,Blockx A.,Basavareddy N.,3,3,hc,12.50,away,ft,1.7,1
p4j5lVzA,Blockx A.,Basavareddy N.,3,3,hc,13.00,home,ft,1.7,1
p4j5lVzA,Blockx A.,Basavareddy N.,3,3,hc,13.00,away,ft,1.57,1
p4j5lVzA,Blockx A.,Basavareddy N.,3,3,hc,0.50,home,ft,1.7,4
p4j5lVzA,Blockx A.,Basavareddy N.,3,3,hc,0.50,away,ft,2.175,4
p4j5lVzA,Blockx A.,Basavareddy N.,3,3,hc,-0.50,home,ft,1.818,4
p4j5lVzA,Blockx A.,Basavareddy N.,3,3,hc,-0.50,away,ft,2.01,4
p4j5lVzA,Blockx A.,Basavareddy N.,3,3,hc,1.00,home,ft,1.665,4
p4j5lVzA,Blockx A.,Basavareddy N.,3,3,hc,1.00,away,ft,2.228,4
p4j5lVzA,Blockx A.,Basavareddy N.,3,3,hc,-1.00,home,ft,1.922,4
p4j5lVzA,Blockx A.,Basavareddy N.,3,3,hc,-1.00,away,ft,1.9,4
p4j5lVzA,Blockx A.,Basavareddy N.,3,3,hc,1.50,home,ft,1.53,2
p4j5lVzA,Blockx A.,Basavareddy N.,3,3,hc,1.50,away,ft,2.27,2
p4j5lVzA,Blockx A.,Basavareddy N.,3,3,hc,-1.50,home,ft,1.992,5
p4j5lVzA,Blockx A.,Basavareddy N.,3,3,hc,-1.50,away,ft,1.81,5
p4j5lVzA,Blockx A.,Basavareddy N.,3,3,hc,2.00,home,ft,1.43,2
p4j5lVzA,Blockx A.,Basavareddy N.,3,3,hc,2.00,away,ft,2.55,2
p4j5lVzA,Blockx A.,Basavareddy N.,3,3,hc,-2.00,home,ft,2.157,4
p4j5lVzA,Blockx A.,Basavareddy N.,3,3,hc,-2.00,away,ft,1.715,4
p4j5lVzA,Blockx A.,Basavareddy N.,3,3,hc,2.50,home,ft,1.42,2
p4j5lVzA,Blockx A.,Basavareddy N.,3,3,hc,2.50,away,ft,2.59,2
p4j5lVzA,Blockx A.,Basavareddy N.,3,3,hc,-2.50,home,ft,2.25,2
p4j5lVzA,Blockx A.,Basavareddy N.,3,3,hc,-2.50,away,ft,1.65,2
p4j5lVzA,Blockx A.,Basavareddy N.,3,3,hc,3.00,home,ft,1.4,2
p4j5lVzA,Blockx A.,Basavareddy N.,3,3,hc,3.00,away,ft,2.77,2
p4j5lVzA,Blockx A.,Basavareddy N.,3,3,hc,-3.00,home,ft,2.5,2
p4j5lVzA,Blockx A.,Basavareddy N.,3,3,hc,-3.00,away,ft,1.53,2
p4j5lVzA,Blockx A.,Basavareddy N.,3,3,hc,3.50,home,ft,1.31,2
p4j5lVzA,Blockx A.,Basavareddy N.,3,3,hc,3.50,away,ft,3.05,2
p4j5lVzA,Blockx A.,Basavareddy N.,3,3,hc,-3.50,home,ft,2.69,2
p4j5lVzA,Blockx A.,Basavareddy N.,3,3,hc,-3.50,away,ft,1.47,2
p4j5lVzA,Blockx A.,Basavareddy N.,3,3,hc,4.00,home,ft,1.31,2
p4j5lVzA,Blockx A.,Basavareddy N.,3,3,hc,4.00,away,ft,3.2,2
p4j5lVzA,Blockx A.,Basavareddy N.,3,3,hc,-4.00,home,ft,3.26,2
p4j5lVzA,Blockx A.,Basavareddy N.,3,3,hc,-4.00,away,ft,1.34,2
p4j5lVzA,Blockx A.,Basavareddy N.,3,3,hc,4.50,home,ft,1.19,2
p4j5lVzA,Blockx A.,Basavareddy N.,3,3,hc,4.50,away,ft,3.92,2
p4j5lVzA,Blockx A.,Basavareddy N.,3,3,hc,-4.50,home,ft,3.31,2
p4j5lVzA,Blockx A.,Basavareddy N.,3,3,hc,-4.50,away,ft,1.27,2
tWqEn95M,Prizmic D.,Engel J.,3,3,ou,3.50,over,ft,1.537,3
tWqEn95M,Prizmic D.,Engel J.,3,3,ou,3.50,under,ft,2.553,3
tWqEn95M,Prizmic D.,Engel J.,3,3,ou,4.50,over,ft,3.37,3
tWqEn95M,Prizmic D.,Engel J.,3,3,ou,4.50,under,ft,1.343,3
tWqEn95M,Prizmic D.,Engel J.,3,3,ou,20.00,over,ft,1.42,2
tWqEn95M,Prizmic D.,Engel J.,3,3,ou,20.00,under,ft,2.53,2
tWqEn95M,Prizmic D.,Engel J.,3,3,ou,20.50,over,ft,1.49,3
tWqEn95M,Prizmic D.,Engel J.,3,3,ou,20.50,under,ft,2.393,3
tWqEn95M,Prizmic D.,Engel J.,3,3,ou,21.00,over,ft,1.44,2
tWqEn95M,Prizmic D.,Engel J.,3,3,ou,21.00,under,ft,2.47,2
tWqEn95M,Prizmic D.,Engel J.,3,3,ou,21.50,over,ft,1.628,5
tWqEn95M,Prizmic D.,Engel J.,3,3,ou,21.50,under,ft,2.21,5
tWqEn95M,Prizmic D.,Engel J.,3,3,ou,22.00,over,ft,1.635,4
tWqEn95M,Prizmic D.,Engel J.,3,3,ou,22.00,under,ft,2.203,4
tWqEn95M,Prizmic D.,Engel J.,3,3,ou,22.50,over,ft,1.673,6
tWqEn95M,Prizmic D.,Engel J.,3,3,ou,22.50,under,ft,2.133,6
tWqEn95M,Prizmic D.,Engel J.,3,3,ou,23.00,over,ft,1.745,4
tWqEn95M,Prizmic D.,Engel J.,3,3,ou,23.00,under,ft,2.062,4
tWqEn95M,Prizmic D.,Engel J.,3,3,ou,23.50,over,ft,1.848,6
tWqEn95M,Prizmic D.,Engel J.,3,3,ou,23.50,under,ft,1.94,6
tWqEn95M,Prizmic D.,Engel J.,3,3,ou,24.00,over,ft,1.99,4
tWqEn95M,Prizmic D.,Engel J.,3,3,ou,24.00,under,ft,1.805,4
tWqEn95M,Prizmic D.,Engel J.,3,3,ou,24.50,over,ft,2.107,6
tWqEn95M,Prizmic D.,Engel J.,3,3,ou,24.50,under,ft,1.68,6
tWqEn95M,Prizmic D.,Engel J.,3,3,ou,25.00,over,ft,2.26,2
tWqEn95M,Prizmic D.,Engel J.,3,3,ou,25.00,under,ft,1.55,2
tWqEn95M,Prizmic D.,Engel J.,3,3,ou,25.50,over,ft,2.4,2
tWqEn95M,Prizmic D.,Engel J.,3,3,ou,25.50,under,ft,1.48,2
tWqEn95M,Prizmic D.,Engel J.,3,3,ou,26.00,over,ft,2.6,2
tWqEn95M,Prizmic D.,Engel J.,3,3,ou,26.00,under,ft,1.4,2
tWqEn95M,Prizmic D.,Engel J.,3,3,ou,26.50,over,ft,2.8,1
tWqEn95M,Prizmic D.,Engel J.,3,3,ou,26.50,under,ft,1.4,1
tWqEn95M,Prizmic D.,Engel J.,3,3,hc,1.50,home,ft,1.305,4
tWqEn95M,Prizmic D.,Engel J.,3,3,hc,1.50,away,ft,3.458,4
tWqEn95M,Prizmic D.,Engel J.,3,3,hc,-1.50,home,ft,2.082,6
tWqEn95M,Prizmic D.,Engel J.,3,3,hc,-1.50,away,ft,1.72,6
tWqEn95M,Prizmic D.,Engel J.,3,3,hc,2.50,home,ft,1.095,4
tWqEn95M,Prizmic D.,Engel J.,3,3,hc,2.50,away,ft,7.11,4
tWqEn95M,Prizmic D.,Engel J.,3,3,hc,-2.50,home,ft,3.817,4
tWqEn95M,Prizmic D.,Engel J.,3,3,hc,-2.50,away,ft,1.26,4
tWqEn95M,Prizmic D.,Engel J.,3,3,hc,0,home,ft,1.52,2
tWqEn95M,Prizmic D.,Engel J.,3,3,hc,0,away,ft,2.31,2
tWqEn95M,Prizmic D.,Engel J.,3,3,hc,12.00,home,ft,1.42,1
tWqEn95M,Prizmic D.,Engel J.,3,3,hc,12.00,away,ft,2.0,1
tWqEn95M,Prizmic D.,Engel J.,3,3,hc,12.50,home,ft,1.85,1
tWqEn95M,Prizmic D.,Engel J.,3,3,hc,12.50,away,ft,1.6,1
tWqEn95M,Prizmic D.,Engel J.,3,3,hc,-0.50,home,ft,1.59,2
tWqEn95M,Prizmic D.,Engel J.,3,3,hc,-0.50,away,ft,2.17,2
tWqEn95M,Prizmic D.,Engel J.,3,3,hc,-1.00,home,ft,1.675,4
tWqEn95M,Prizmic D.,Engel J.,3,3,hc,-1.00,away,ft,2.12,4
tWqEn95M,Prizmic D.,Engel J.,3,3,hc,1.50,home,ft,1.35,2
tWqEn95M,Prizmic D.,Engel J.,3,3,hc,1.50,away,ft,2.84,2
tWqEn95M,Prizmic D.,Engel J.,3,3,hc,-1.50,home,ft,1.788,5
tWqEn95M,Prizmic D.,Engel J.,3,3,hc,-1.50,away,ft,2.026,5
tWqEn95M,Prizmic D.,Engel J.,3,3,hc,-2.00,home,ft,1.84,4
tWqEn95M,Prizmic D.,Engel J.,3,3,hc,-2.00,away,ft,1.91,4
tWqEn95M,Prizmic D.,Engel J.,3,3,hc,2.50,home,ft,1.27,2
tWqEn95M,Prizmic D.,Engel J.,3,3,hc,2.50,away,ft,3.31,2
tWqEn95M,Prizmic D.,Engel J.,3,3,hc,-2.50,home,ft,1.922,5
tWqEn95M,Prizmic D.,Engel J.,3,3,hc,-2.50,away,ft,1.822,5
tWqEn95M,Prizmic D.,Engel J.,3,3,hc,-3.00,home,ft,2.115,4
tWqEn95M,Prizmic D.,Engel J.,3,3,hc,-3.00,away,ft,1.68,4
tWqEn95M,Prizmic D.,Engel J.,3,3,hc,3.50,home,ft,1.19,2
tWqEn95M,Prizmic D.,Engel J.,3,3,hc,3.50,away,ft,4.02,2
tWqEn95M,Prizmic D.,Engel J.,3,3,hc,-3.50,home,ft,2.272,4
tWqEn95M,Prizmic D.,Engel J.,3,3,hc,-3.50,away,ft,1.595,4
tWqEn95M,Prizmic D.,Engel J.,3,3,hc,-4.00,home,ft,2.508,4
tWqEn95M,Prizmic D.,Engel J.,3,3,hc,-4.00,away,ft,1.49,4
tWqEn95M,Prizmic D.,Engel J.,3,3,hc,-4.50,home,ft,2.643,4
tWqEn95M,Prizmic D.,Engel J.,3,3,hc,-4.50,away,ft,1.455,4
tWqEn95M,Prizmic D.,Engel J.,3,3,hc,-5.00,home,ft,3.57,2
tWqEn95M,Prizmic D.,Engel J.,3,3,hc,-5.00,away,ft,1.23,2
tWqEn95M,Prizmic D.,Engel J.,3,3,hc,-5.50,home,ft,3.53,2
tWqEn95M,Prizmic D.,Engel J.,3,3,hc,-5.50,away,ft,1.24,2
tWqEn95M,Prizmic D.,Engel J.,3,3,hc,-6.00,home,ft,3.9,2
tWqEn95M,Prizmic D.,Engel J.,3,3,hc,-6.00,away,ft,1.22,2
tWqEn95M,Prizmic D.,Engel J.,3,3,hc,-6.50,home,ft,5.36,2
tWqEn95M,Prizmic D.,Engel J.,3,3,hc,-6.50,away,ft,1.1,2
xvmcji6c,Landaluce M.,Budkov Kjaer N.,1,1,ou,3.50,over,ft,1.447,3
xvmcji6c,Landaluce M.,Budkov Kjaer N.,1,1,ou,3.50,under,ft,2.85,3
xvmcji6c,Landaluce M.,Budkov Kjaer N.,1,1,ou,4.50,over,ft,3.023,3
xvmcji6c,Landaluce M.,Budkov Kjaer N.,1,1,ou,4.50,under,ft,1.41,3
xvmcji6c,Landaluce M.,Budkov Kjaer N.,1,1,ou,20.50,over,ft,1.395,2
xvmcji6c,Landaluce M.,Budkov Kjaer N.,1,1,ou,20.50,under,ft,2.855,2
xvmcji6c,Landaluce M.,Budkov Kjaer N.,1,1,ou,21.00,over,ft,1.4,2
xvmcji6c,Landaluce M.,Budkov Kjaer N.,1,1,ou,21.00,under,ft,2.6,2
xvmcji6c,Landaluce M.,Budkov Kjaer N.,1,1,ou,21.50,over,ft,1.503,3
xvmcji6c,Landaluce M.,Budkov Kjaer N.,1,1,ou,21.50,under,ft,2.363,3
xvmcji6c,Landaluce M.,Budkov Kjaer N.,1,1,ou,22.00,over,ft,1.54,3
xvmcji6c,Landaluce M.,Budkov Kjaer N.,1,1,ou,22.00,under,ft,2.31,3
xvmcji6c,Landaluce M.,Budkov Kjaer N.,1,1,ou,22.50,over,ft,1.568,6
xvmcji6c,Landaluce M.,Budkov Kjaer N.,1,1,ou,22.50,under,ft,2.272,6
xvmcji6c,Landaluce M.,Budkov Kjaer N.,1,1,ou,23.00,over,ft,1.605,4
xvmcji6c,Landaluce M.,Budkov Kjaer N.,1,1,ou,23.00,under,ft,2.245,4
xvmcji6c,Landaluce M.,Budkov Kjaer N.,1,1,ou,23.50,over,ft,1.723,6
xvmcji6c,Landaluce M.,Budkov Kjaer N.,1,1,ou,23.50,under,ft,2.055,6
xvmcji6c,Landaluce M.,Budkov Kjaer N.,1,1,ou,24.00,over,ft,1.792,4
xvmcji6c,Landaluce M.,Budkov Kjaer N.,1,1,ou,24.00,under,ft,2.002,4
xvmcji6c,Landaluce M.,Budkov Kjaer N.,1,1,ou,24.50,over,ft,1.968,6
xvmcji6c,Landaluce M.,Budkov Kjaer N.,1,1,ou,24.50,under,ft,1.805,6
xvmcji6c,Landaluce M.,Budkov Kjaer N.,1,1,ou,25.00,over,ft,2.085,4
xvmcji6c,Landaluce M.,Budkov Kjaer N.,1,1,ou,25.00,under,ft,1.73,4
xvmcji6c,Landaluce M.,Budkov Kjaer N.,1,1,ou,25.50,over,ft,2.237,4
xvmcji6c,Landaluce M.,Budkov Kjaer N.,1,1,ou,25.50,under,ft,1.63,4
xvmcji6c,Landaluce M.,Budkov Kjaer N.,1,1,ou,26.00,over,ft,2.38,2
xvmcji6c,Landaluce M.,Budkov Kjaer N.,1,1,ou,26.00,under,ft,1.5,2
xvmcji6c,Landaluce M.,Budkov Kjaer N.,1,1,ou,26.50,over,ft,2.58,4
xvmcji6c,Landaluce M.,Budkov Kjaer N.,1,1,ou,26.50,under,ft,1.452,4
xvmcji6c,Landaluce M.,Budkov Kjaer N.,1,1,ou,27.00,over,ft,2.74,2
xvmcji6c,Landaluce M.,Budkov Kjaer N.,1,1,ou,27.00,under,ft,1.36,2
xvmcji6c,Landaluce M.,Budkov Kjaer N.,1,1,ou,28.50,over,ft,3.51,1
xvmcji6c,Landaluce M.,Budkov Kjaer N.,1,1,ou,28.50,under,ft,1.3,1
xvmcji6c,Landaluce M.,Budkov Kjaer N.,1,1,hc,1.50,home,ft,1.343,6
xvmcji6c,Landaluce M.,Budkov Kjaer N.,1,1,hc,1.50,away,ft,3.288,6
xvmcji6c,Landaluce M.,Budkov Kjaer N.,1,1,hc,-1.50,home,ft,2.233,6
xvmcji6c,Landaluce M.,Budkov Kjaer N.,1,1,hc,-1.50,away,ft,1.63,6
xvmcji6c,Landaluce M.,Budkov Kjaer N.,1,1,hc,2.50,home,ft,1.09,4
xvmcji6c,Landaluce M.,Budkov Kjaer N.,1,1,hc,2.50,away,ft,7.487,4
xvmcji6c,Landaluce M.,Budkov Kjaer N.,1,1,hc,-2.50,home,ft,4.282,4
xvmcji6c,Landaluce M.,Budkov Kjaer N.,1,1,hc,-2.50,away,ft,1.22,4
xvmcji6c,Landaluce M.,Budkov Kjaer N.,1,1,hc,0,home,ft,1.597,4
xvmcji6c,Landaluce M.,Budkov Kjaer N.,1,1,hc,0,away,ft,2.312,4
xvmcji6c,Landaluce M.,Budkov Kjaer N.,1,1,hc,12.00,home,ft,1.42,1
xvmcji6c,Landaluce M.,Budkov Kjaer N.,1,1,hc,12.00,away,ft,1.84,1
xvmcji6c,Landaluce M.,Budkov Kjaer N.,1,1,hc,12.50,home,ft,2.08,1
xvmcji6c,Landaluce M.,Budkov Kjaer N.,1,1,hc,12.50,away,ft,1.68,1
xvmcji6c,Landaluce M.,Budkov Kjaer N.,1,1,hc,13.00,home,ft,1.9,1
xvmcji6c,Landaluce M.,Budkov Kjaer N.,1,1,hc,13.00,away,ft,1.6,1
xvmcji6c,Landaluce M.,Budkov Kjaer N.,1,1,hc,0.50,home,ft,1.646,5
xvmcji6c,Landaluce M.,Budkov Kjaer N.,1,1,hc,0.50,away,ft,2.198,5
xvmcji6c,Landaluce M.,Budkov Kjaer N.,1,1,hc,-0.50,home,ft,1.668,5
xvmcji6c,Landaluce M.,Budkov Kjaer N.,1,1,hc,-0.50,away,ft,2.166,5
xvmcji6c,Landaluce M.,Budkov Kjaer N.,1,1,hc,1.00,home,ft,1.547,4
xvmcji6c,Landaluce M.,Budkov Kjaer N.,1,1,hc,1.00,away,ft,2.39,4
xvmcji6c,Landaluce M.,Budkov Kjaer N.,1,1,hc,-1.00,home,ft,1.643,4
xvmcji6c,Landaluce M.,Budkov Kjaer N.,1,1,hc,-1.00,away,ft,2.192,4
xvmcji6c,Landaluce M.,Budkov Kjaer N.,1,1,hc,1.50,home,ft,1.558,4
xvmcji6c,Landaluce M.,Budkov Kjaer N.,1,1,hc,1.50,away,ft,2.413,4
xvmcji6c,Landaluce M.,Budkov Kjaer N.,1,1,hc,-1.50,home,ft,1.724,5
xvmcji6c,Landaluce M.,Budkov Kjaer N.,1,1,hc,-1.50,away,ft,2.044,5
xvmcji6c,Landaluce M.,Budkov Kjaer N.,1,1,hc,2.00,home,ft,1.4,2
xvmcji6c,Landaluce M.,Budkov Kjaer N.,1,1,hc,2.00,away,ft,2.64,2
xvmcji6c,Landaluce M.,Budkov Kjaer N.,1,1,hc,-2.00,home,ft,1.86,4
xvmcji6c,Landaluce M.,Budkov Kjaer N.,1,1,hc,-2.00,away,ft,1.905,4
xvmcji6c,Landaluce M.,Budkov Kjaer N.,1,1,hc,2.50,home,ft,1.43,2
xvmcji6c,Landaluce M.,Budkov Kjaer N.,1,1,hc,2.50,away,ft,2.54,2
xvmcji6c,Landaluce M.,Budkov Kjaer N.,1,1,hc,-2.50,home,ft,1.964,5
xvmcji6c,Landaluce M.,Budkov Kjaer N.,1,1,hc,-2.50,away,ft,1.798,5
xvmcji6c,Landaluce M.,Budkov Kjaer N.,1,1,hc,3.00,home,ft,1.4,2
xvmcji6c,Landaluce M.,Budkov Kjaer N.,1,1,hc,3.00,away,ft,2.64,2
xvmcji6c,Landaluce M.,Budkov Kjaer N.,1,1,hc,-3.00,home,ft,2.228,4
xvmcji6c,Landaluce M.,Budkov Kjaer N.,1,1,hc,-3.00,away,ft,1.627,4
xvmcji6c,Landaluce M.,Budkov Kjaer N.,1,1,hc,3.50,home,ft,1.22,1
xvmcji6c,Landaluce M.,Budkov Kjaer N.,1,1,hc,3.50,away,ft,4.1,1
xvmcji6c,Landaluce M.,Budkov Kjaer N.,1,1,hc,-3.50,home,ft,2.4,3
xvmcji6c,Landaluce M.,Budkov Kjaer N.,1,1,hc,-3.50,away,ft,1.517,3
xvmcji6c,Landaluce M.,Budkov Kjaer N.,1,1,hc,-4.00,home,ft,2.79,2
xvmcji6c,Landaluce M.,Budkov Kjaer N.,1,1,hc,-4.00,away,ft,1.38,2
xvmcji6c,Landaluce M.,Budkov Kjaer N.,1,1,hc,-4.50,home,ft,3.075,2
xvmcji6c,Landaluce M.,Budkov Kjaer N.,1,1,hc,-4.50,away,ft,1.32,2
xvmcji6c,Landaluce M.,Budkov Kjaer N.,1,1,hc,-5.00,home,ft,4.215,2
xvmcji6c,Landaluce M.,Budkov Kjaer N.,1,1,hc,-5.00,away,ft,1.18,2
xvmcji6c,Landaluce M.,Budkov Kjaer N.,1,1,hc,-5.50,home,ft,4.93,1
xvmcji6c,Landaluce M.,Budkov Kjaer N.,1,1,hc,-5.50,away,ft,1.17,1
drAASmEj,Tien L.,Jodar R.,2,2,ou,3.50,over,ft,1.67,3
drAASmEj,Tien L.,Jodar R.,2,2,ou,3.50,under,ft,2.28,3
drAASmEj,Tien L.,Jodar R.,2,2,ou,4.50,over,ft,4.147,3
drAASmEj,Tien L.,Jodar R.,2,2,ou,4.50,under,ft,1.243,3
drAASmEj,Tien L.,Jodar R.,2,2,ou,19.00,over,ft,1.39,2
drAASmEj,Tien L.,Jodar R.,2,2,ou,19.00,under,ft,2.63,2
drAASmEj,Tien L.,Jodar R.,2,2,ou,19.50,over,ft,1.51,2
drAASmEj,Tien L.,Jodar R.,2,2,ou,19.50,under,ft,2.32,2
drAASmEj,Tien L.,Jodar R.,2,2,ou,20.00,over,ft,1.475,2
drAASmEj,Tien L.,Jodar R.,2,2,ou,20.00,under,ft,2.375,2
drAASmEj,Tien L.,Jodar R.,2,2,ou,20.50,over,ft,1.652,5
drAASmEj,Tien L.,Jodar R.,2,2,ou,20.50,under,ft,2.13,5
drAASmEj,Tien L.,Jodar R.,2,2,ou,21.00,over,ft,1.657,4
drAASmEj,Tien L.,Jodar R.,2,2,ou,21.00,under,ft,2.135,4
drAASmEj,Tien L.,Jodar R.,2,2,ou,21.50,over,ft,1.753,6
drAASmEj,Tien L.,Jodar R.,2,2,ou,21.50,under,ft,2.012,6
drAASmEj,Tien L.,Jodar R.,2,2,ou,22.00,over,ft,1.758,4
drAASmEj,Tien L.,Jodar R.,2,2,ou,22.00,under,ft,2.035,4
drAASmEj,Tien L.,Jodar R.,2,2,ou,22.50,over,ft,1.872,6
drAASmEj,Tien L.,Jodar R.,2,2,ou,22.50,under,ft,1.913,6
drAASmEj,Tien L.,Jodar R.,2,2,ou,23.00,over,ft,1.955,4
drAASmEj,Tien L.,Jodar R.,2,2,ou,23.00,under,ft,1.835,4
drAASmEj,Tien L.,Jodar R.,2,2,ou,23.50,over,ft,2.02,6
drAASmEj,Tien L.,Jodar R.,2,2,ou,23.50,under,ft,1.762,6
drAASmEj,Tien L.,Jodar R.,2,2,ou,24.00,over,ft,2.275,4
drAASmEj,Tien L.,Jodar R.,2,2,ou,24.00,under,ft,1.595,4
drAASmEj,Tien L.,Jodar R.,2,2,ou,24.50,over,ft,2.32,2
drAASmEj,Tien L.,Jodar R.,2,2,ou,24.50,under,ft,1.51,2
drAASmEj,Tien L.,Jodar R.,2,2,ou,25.00,over,ft,2.545,2
drAASmEj,Tien L.,Jodar R.,2,2,ou,25.00,under,ft,1.415,2
drAASmEj,Tien L.,Jodar R.,2,2,ou,25.50,over,ft,2.57,2
drAASmEj,Tien L.,Jodar R.,2,2,ou,25.50,under,ft,1.42,2
drAASmEj,Tien L.,Jodar R.,2,2,ou,26.00,over,ft,2.83,2
drAASmEj,Tien L.,Jodar R.,2,2,ou,26.00,under,ft,1.34,2
drAASmEj,Tien L.,Jodar R.,2,2,hc,1.50,home,ft,1.107,4
drAASmEj,Tien L.,Jodar R.,2,2,hc,1.50,away,ft,6.553,4
drAASmEj,Tien L.,Jodar R.,2,2,hc,-1.50,home,ft,1.535,6
drAASmEj,Tien L.,Jodar R.,2,2,hc,-1.50,away,ft,2.447,6
drAASmEj,Tien L.,Jodar R.,2,2,hc,2.50,home,ft,1.035,2
drAASmEj,Tien L.,Jodar R.,2,2,hc,2.50,away,ft,13.627,4
drAASmEj,Tien L.,Jodar R.,2,2,hc,-2.50,home,ft,2.596,5
drAASmEj,Tien L.,Jodar R.,2,2,hc,-2.50,away,ft,1.486,5
drAASmEj,Tien L.,Jodar R.,2,2,hc,12.00,home,ft,1.2,1
drAASmEj,Tien L.,Jodar R.,2,2,hc,12.00,away,ft,2.36,1
drAASmEj,Tien L.,Jodar R.,2,2,hc,-1.00,home,ft,1.3,2
drAASmEj,Tien L.,Jodar R.,2,2,hc,-1.00,away,ft,3.26,2
drAASmEj,Tien L.,Jodar R.,2,2,hc,-1.50,home,ft,1.36,2
drAASmEj,Tien L.,Jodar R.,2,2,hc,-1.50,away,ft,2.94,2
drAASmEj,Tien L.,Jodar R.,2,2,hc,-2.00,home,ft,1.49,4
drAASmEj,Tien L.,Jodar R.,2,2,hc,-2.00,away,ft,2.627,4
drAASmEj,Tien L.,Jodar R.,2,2,hc,-2.50,home,ft,1.512,4
drAASmEj,Tien L.,Jodar R.,2,2,hc,-2.50,away,ft,2.493,4
drAASmEj,Tien L.,Jodar R.,2,2,hc,-3.00,home,ft,1.51,4
drAASmEj,Tien L.,Jodar R.,2,2,hc,-3.00,away,ft,2.515,4
drAASmEj,Tien L.,Jodar R.,2,2,hc,-3.50,home,ft,1.634,5
drAASmEj,Tien L.,Jodar R.,2,2,hc,-3.50,away,ft,2.216,5
drAASmEj,Tien L.,Jodar R.,2,2,hc,-4.00,home,ft,1.828,4
drAASmEj,Tien L.,Jodar R.,2,2,hc,-4.00,away,ft,1.965,4
drAASmEj,Tien L.,Jodar R.,2,2,hc,-4.50,home,ft,2.004,5
drAASmEj,Tien L.,Jodar R.,2,2,hc,-4.50,away,ft,1.802,5
drAASmEj,Tien L.,Jodar R.,2,2,hc,-5.00,home,ft,2.425,4
drAASmEj,Tien L.,Jodar R.,2,2,hc,-5.00,away,ft,1.545,4
drAASmEj,Tien L.,Jodar R.,2,2,hc,-5.50,home,ft,2.663,4
drAASmEj,Tien L.,Jodar R.,2,2,hc,-5.50,away,ft,1.45,4
drAASmEj,Tien L.,Jodar R.,2,2,hc,-6.00,home,ft,3.58,2
drAASmEj,Tien L.,Jodar R.,2,2,hc,-6.00,away,ft,1.255,2
drAASmEj,Tien L.,Jodar R.,2,2,hc,-6.50,home,ft,4.1,2
drAASmEj,Tien L.,Jodar R.,2,2,hc,-6.50,away,ft,1.205,2
drAASmEj,Tien L.,Jodar R.,2,2,hc,-7.00,home,ft,6.4,2
drAASmEj,Tien L.,Jodar R.,2,2,hc,-7.00,away,ft,1.09,2
x2VqsmTq,Blockx A.,Engel J.,3,3,ou,3.50,over,ft,1.477,3
x2VqsmTq,Blockx A.,Engel J.,3,3,ou,3.50,under,ft,2.72,3
x2VqsmTq,Blockx A.,Engel J.,3,3,ou,4.50,over,ft,3.233,3
x2VqsmTq,Blockx A.,Engel J.,3,3,ou,4.50,under,ft,1.347,3
x2VqsmTq,Blockx A.,Engel J.,3,3,ou,21.00,over,ft,1.42,2
x2VqsmTq,Blockx A.,Engel J.,3,3,ou,21.00,under,ft,2.53,2
x2VqsmTq,Blockx A.,Engel J.,3,3,ou,21.50,over,ft,1.51,3
x2VqsmTq,Blockx A.,Engel J.,3,3,ou,21.50,under,ft,2.35,3
x2VqsmTq,Blockx A.,Engel J.,3,3,ou,22.00,over,ft,1.603,4
x2VqsmTq,Blockx A.,Engel J.,3,3,ou,22.00,under,ft,2.218,4
x2VqsmTq,Blockx A.,Engel J.,3,3,ou,22.50,over,ft,1.613,6
x2VqsmTq,Blockx A.,Engel J.,3,3,ou,22.50,under,ft,2.192,6
x2VqsmTq,Blockx A.,Engel J.,3,3,ou,23.00,over,ft,1.64,4
x2VqsmTq,Blockx A.,Engel J.,3,3,ou,23.00,under,ft,2.165,4
x2VqsmTq,Blockx A.,Engel J.,3,3,ou,23.50,over,ft,1.718,6
x2VqsmTq,Blockx A.,Engel J.,3,3,ou,23.50,under,ft,2.072,6
x2VqsmTq,Blockx A.,Engel J.,3,3,ou,24.00,over,ft,1.785,4
x2VqsmTq,Blockx A.,Engel J.,3,3,ou,24.00,under,ft,1.998,4
x2VqsmTq,Blockx A.,Engel J.,3,3,ou,24.50,over,ft,1.915,6
x2VqsmTq,Blockx A.,Engel J.,3,3,ou,24.50,under,ft,1.853,6
x2VqsmTq,Blockx A.,Engel J.,3,3,ou,25.00,over,ft,2.077,4
x2VqsmTq,Blockx A.,Engel J.,3,3,ou,25.00,under,ft,1.725,4
x2VqsmTq,Blockx A.,Engel J.,3,3,ou,25.50,over,ft,2.248,4
x2VqsmTq,Blockx A.,Engel J.,3,3,ou,25.50,under,ft,1.61,4
x2VqsmTq,Blockx A.,Engel J.,3,3,ou,26.00,over,ft,2.463,4
x2VqsmTq,Blockx A.,Engel J.,3,3,ou,26.00,under,ft,1.51,4
x2VqsmTq,Blockx A.,Engel J.,3,3,ou,26.50,over,ft,2.6,2
x2VqsmTq,Blockx A.,Engel J.,3,3,ou,26.50,under,ft,1.41,2
x2VqsmTq,Blockx A.,Engel J.,3,3,ou,27.00,over,ft,2.83,2
x2VqsmTq,Blockx A.,Engel J.,3,3,ou,27.00,under,ft,1.34,2
x2VqsmTq,Blockx A.,Engel J.,3,3,hc,1.50,home,ft,1.23,4
x2VqsmTq,Blockx A.,Engel J.,3,3,hc,1.50,away,ft,4.067,4
x2VqsmTq,Blockx A.,Engel J.,3,3,hc,-1.50,home,ft,1.957,6
x2VqsmTq,Blockx A.,Engel J.,3,3,hc,-1.50,away,ft,1.803,6
x2VqsmTq,Blockx A.,Engel J.,3,3,hc,2.50,home,ft,1.07,4
x2VqsmTq,Blockx A.,Engel J.,3,3,hc,2.50,away,ft,8.328,4
x2VqsmTq,Blockx A.,Engel J.,3,3,hc,-2.50,home,ft,3.718,4
x2VqsmTq,Blockx A.,Engel J.,3,3,hc,-2.50,away,ft,1.265,4
x2VqsmTq,Blockx A.,Engel J.,3,3,hc,0,home,ft,1.4,2
x2VqsmTq,Blockx A.,Engel J.,3,3,hc,0,away,ft,2.65,2
x2VqsmTq,Blockx A.,Engel J.,3,3,hc,12.00,home,ft,1.35,1
x2VqsmTq,Blockx A.,Engel J.,3,3,hc,12.00,away,ft,1.98,1
x2VqsmTq,Blockx A.,Engel J.,3,3,hc,12.50,home,ft,2.08,1
x2VqsmTq,Blockx A.,Engel J.,3,3,hc,12.50,away,ft,1.62,1
x2VqsmTq,Blockx A.,Engel J.,3,3,hc,0.50,home,ft,1.46,2
x2VqsmTq,Blockx A.,Engel J.,3,3,hc,0.50,away,ft,2.46,2
x2VqsmTq,Blockx A.,Engel J.,3,3,hc,-0.50,home,ft,1.47,2
x2VqsmTq,Blockx A.,Engel J.,3,3,hc,-0.50,away,ft,2.43,2
x2VqsmTq,Blockx A.,Engel J.,3,3,hc,1.00,home,ft,1.39,2
x2VqsmTq,Blockx A.,Engel J.,3,3,hc,1.00,away,ft,2.69,2
x2VqsmTq,Blockx A.,Engel J.,3,3,hc,-1.00,home,ft,1.577,4
x2VqsmTq,Blockx A.,Engel J.,3,3,hc,-1.00,away,ft,2.292,4
x2VqsmTq,Blockx A.,Engel J.,3,3,hc,1.50,home,ft,1.25,2
x2VqsmTq,Blockx A.,Engel J.,3,3,hc,1.50,away,ft,3.42,2
x2VqsmTq,Blockx A.,Engel J.,3,3,hc,-1.50,home,ft,1.628,5
x2VqsmTq,Blockx A.,Engel J.,3,3,hc,-1.50,away,ft,2.19,5
x2VqsmTq,Blockx A.,Engel J.,3,3,hc,-2.00,home,ft,1.69,4
x2VqsmTq,Blockx A.,Engel J.,3,3,hc,-2.00,away,ft,2.087,4
x2VqsmTq,Blockx A.,Engel J.,3,3,hc,2.50,home,ft,1.18,2
x2VqsmTq,Blockx A.,Engel J.,3,3,hc,2.50,away,ft,4.12,2
x2VqsmTq,Blockx A.,Engel J.,3,3,hc,-2.50,home,ft,1.84,5
x2VqsmTq,Blockx A.,Engel J.,3,3,hc,-2.50,away,ft,1.912,5
x2VqsmTq,Blockx A.,Engel J.,3,3,hc,-3.00,home,ft,2.002,4
x2VqsmTq,Blockx A.,Engel J.,3,3,hc,-3.00,away,ft,1.75,4
x2VqsmTq,Blockx A.,Engel J.,3,3,hc,3.50,home,ft,1.14,2
x2VqsmTq,Blockx A.,Engel J.,3,3,hc,3.50,away,ft,4.7,2
x2VqsmTq,Blockx A.,Engel J.,3,3,hc,-3.50,home,ft,2.178,5
x2VqsmTq,Blockx A.,Engel J.,3,3,hc,-3.50,away,ft,1.636,5
x2VqsmTq,Blockx A.,Engel J.,3,3,hc,-4.00,home,ft,2.535,4
x2VqsmTq,Blockx A.,Engel J.,3,3,hc,-4.00,away,ft,1.472,4
x2VqsmTq,Blockx A.,Engel J.,3,3,hc,-4.50,home,ft,2.705,4
x2VqsmTq,Blockx A.,Engel J.,3,3,hc,-4.50,away,ft,1.423,4
x2VqsmTq,Blockx A.,Engel J.,3,3,hc,-5.00,home,ft,3.66,2
x2VqsmTq,Blockx A.,Engel J.,3,3,hc,-5.00,away,ft,1.22,2
x2VqsmTq,Blockx A.,Engel J.,3,3,hc,-5.50,home,ft,4.22,2
x2VqsmTq,Blockx A.,Engel J.,3,3,hc,-5.50,away,ft,1.17,2
x2VqsmTq,Blockx A.,Engel J.,3,3,hc,-6.00,home,ft,5.15,2
x2VqsmTq,Blockx A.,Engel J.,3,3,hc,-6.00,away,ft,1.14,2
x2VqsmTq,Blockx A.,Engel J.,3,3,hc,-6.50,home,ft,7.15,2
x2VqsmTq,Blockx A.,Engel J.,3,3,hc,-6.50,away,ft,1.05,2
d4oouRcd,Prizmic D.,Basavareddy N.,1,1,ou,3.50,over,ft,1.517,3
d4oouRcd,Prizmic D.,Basavareddy N.,1,1,ou,3.50,under,ft,2.53,3
d4oouRcd,Prizmic D.,Basavareddy N.,1,1,ou,4.50,over,ft,3.345,2
d4oouRcd,Prizmic D.,Basavareddy N.,1,1,ou,4.50,under,ft,1.34,2
d4oouRcd,Prizmic D.,Basavareddy N.,1,1,ou,21.00,over,ft,1.425,2
d4oouRcd,Prizmic D.,Basavareddy N.,1,1,ou,21.00,under,ft,2.515,2
d4oouRcd,Prizmic D.,Basavareddy N.,1,1,ou,21.50,over,ft,1.49,2
d4oouRcd,Prizmic D.,Basavareddy N.,1,1,ou,21.50,under,ft,2.38,2
d4oouRcd,Prizmic D.,Basavareddy N.,1,1,ou,22.00,over,ft,1.613,4
d4oouRcd,Prizmic D.,Basavareddy N.,1,1,ou,22.00,under,ft,2.225,4
d4oouRcd,Prizmic D.,Basavareddy N.,1,1,ou,22.50,over,ft,1.65,4
d4oouRcd,Prizmic D.,Basavareddy N.,1,1,ou,22.50,under,ft,2.175,4
d4oouRcd,Prizmic D.,Basavareddy N.,1,1,ou,23.00,over,ft,1.738,4
d4oouRcd,Prizmic D.,Basavareddy N.,1,1,ou,23.00,under,ft,2.06,4
d4oouRcd,Prizmic D.,Basavareddy N.,1,1,ou,23.50,over,ft,1.862,6
d4oouRcd,Prizmic D.,Basavareddy N.,1,1,ou,23.50,under,ft,1.935,6
d4oouRcd,Prizmic D.,Basavareddy N.,1,1,ou,24.00,over,ft,1.975,4
d4oouRcd,Prizmic D.,Basavareddy N.,1,1,ou,24.00,under,ft,1.802,4
d4oouRcd,Prizmic D.,Basavareddy N.,1,1,ou,24.50,over,ft,2.073,6
d4oouRcd,Prizmic D.,Basavareddy N.,1,1,ou,24.50,under,ft,1.715,6
d4oouRcd,Prizmic D.,Basavareddy N.,1,1,ou,25.00,over,ft,2.268,4
d4oouRcd,Prizmic D.,Basavareddy N.,1,1,ou,25.00,under,ft,1.595,4
d4oouRcd,Prizmic D.,Basavareddy N.,1,1,ou,25.50,over,ft,2.32,2
d4oouRcd,Prizmic D.,Basavareddy N.,1,1,ou,25.50,under,ft,1.51,2
d4oouRcd,Prizmic D.,Basavareddy N.,1,1,ou,26.00,over,ft,2.53,2
d4oouRcd,Prizmic D.,Basavareddy N.,1,1,ou,26.00,under,ft,1.42,2
d4oouRcd,Prizmic D.,Basavareddy N.,1,1,ou,26.50,over,ft,2.6,2
d4oouRcd,Prizmic D.,Basavareddy N.,1,1,ou,26.50,under,ft,1.41,2
d4oouRcd,Prizmic D.,Basavareddy N.,1,1,ou,27.00,over,ft,2.86,2
d4oouRcd,Prizmic D.,Basavareddy N.,1,1,ou,27.00,under,ft,1.33,2
d4oouRcd,Prizmic D.,Basavareddy N.,1,1,hc,1.50,home,ft,1.275,4
d4oouRcd,Prizmic D.,Basavareddy N.,1,1,hc,1.50,away,ft,3.603,4
d4oouRcd,Prizmic D.,Basavareddy N.,1,1,hc,-1.50,home,ft,2.038,6
d4oouRcd,Prizmic D.,Basavareddy N.,1,1,hc,-1.50,away,ft,1.74,6
d4oouRcd,Prizmic D.,Basavareddy N.,1,1,hc,2.50,home,ft,1.09,4
d4oouRcd,Prizmic D.,Basavareddy N.,1,1,hc,2.50,away,ft,7.145,4
d4oouRcd,Prizmic D.,Basavareddy N.,1,1,hc,-2.50,home,ft,3.743,4
d4oouRcd,Prizmic D.,Basavareddy N.,1,1,hc,-2.50,away,ft,1.26,4
d4oouRcd,Prizmic D.,Basavareddy N.,1,1,hc,0,home,ft,1.63,4
d4oouRcd,Prizmic D.,Basavareddy N.,1,1,hc,0,away,ft,2.272,4
d4oouRcd,Prizmic D.,Basavareddy N.,1,1,hc,12.00,home,ft,1.43,1
d4oouRcd,Prizmic D.,Basavareddy N.,1,1,hc,12.00,away,ft,2.06,1
d4oouRcd,Prizmic D.,Basavareddy N.,1,1,hc,12.50,home,ft,1.84,1
d4oouRcd,Prizmic D.,Basavareddy N.,1,1,hc,12.50,away,ft,1.55,1
d4oouRcd,Prizmic D.,Basavareddy N.,1,1,hc,13.00,home,ft,1.69,1
d4oouRcd,Prizmic D.,Basavareddy N.,1,1,hc,13.00,away,ft,1.56,1
d4oouRcd,Prizmic D.,Basavareddy N.,1,1,hc,0.50,home,ft,1.637,4
d4oouRcd,Prizmic D.,Basavareddy N.,1,1,hc,0.50,away,ft,2.25,4
d4oouRcd,Prizmic D.,Basavareddy N.,1,1,hc,-0.50,home,ft,1.684,5
d4oouRcd,Prizmic D.,Basavareddy N.,1,1,hc,-0.50,away,ft,2.148,5
d4oouRcd,Prizmic D.,Basavareddy N.,1,1,hc,1.00,home,ft,1.36,2
d4oouRcd,Prizmic D.,Basavareddy N.,1,1,hc,1.00,away,ft,2.78,2
d4oouRcd,Prizmic D.,Basavareddy N.,1,1,hc,-1.00,home,ft,1.65,4
d4oouRcd,Prizmic D.,Basavareddy N.,1,1,hc,-1.00,away,ft,2.188,4
d4oouRcd,Prizmic D.,Basavareddy N.,1,1,hc,1.50,home,ft,1.43,2
d4oouRcd,Prizmic D.,Basavareddy N.,1,1,hc,1.50,away,ft,2.56,2
d4oouRcd,Prizmic D.,Basavareddy N.,1,1,hc,-1.50,home,ft,1.716,5
d4oouRcd,Prizmic D.,Basavareddy N.,1,1,hc,-1.50,away,ft,2.08,5
d4oouRcd,Prizmic D.,Basavareddy N.,1,1,hc,2.00,home,ft,1.46,2
d4oouRcd,Prizmic D.,Basavareddy N.,1,1,hc,2.00,away,ft,2.56,2
d4oouRcd,Prizmic D.,Basavareddy N.,1,1,hc,-2.00,home,ft,1.78,4
d4oouRcd,Prizmic D.,Basavareddy N.,1,1,hc,-2.00,away,ft,2.002,4
d4oouRcd,Prizmic D.,Basavareddy N.,1,1,hc,2.50,home,ft,1.22,2
d4oouRcd,Prizmic D.,Basavareddy N.,1,1,hc,2.50,away,ft,3.62,2
d4oouRcd,Prizmic D.,Basavareddy N.,1,1,hc,-2.50,home,ft,1.872,5
d4oouRcd,Prizmic D.,Basavareddy N.,1,1,hc,-2.50,away,ft,1.93,5
d4oouRcd,Prizmic D.,Basavareddy N.,1,1,hc,-3.00,home,ft,2.058,4
d4oouRcd,Prizmic D.,Basavareddy N.,1,1,hc,-3.00,away,ft,1.738,4
d4oouRcd,Prizmic D.,Basavareddy N.,1,1,hc,-3.50,home,ft,2.235,4
d4oouRcd,Prizmic D.,Basavareddy N.,1,1,hc,-3.50,away,ft,1.625,4
d4oouRcd,Prizmic D.,Basavareddy N.,1,1,hc,-4.00,home,ft,2.53,4
d4oouRcd,Prizmic D.,Basavareddy N.,1,1,hc,-4.00,away,ft,1.492,4
d4oouRcd,Prizmic D.,Basavareddy N.,1,1,hc,-4.50,home,ft,2.85,2
d4oouRcd,Prizmic D.,Basavareddy N.,1,1,hc,-4.50,away,ft,1.38,2
d4oouRcd,Prizmic D.,Basavareddy N.,1,1,hc,-5.00,home,ft,3.62,2
d4oouRcd,Prizmic D.,Basavareddy N.,1,1,hc,-5.00,away,ft,1.25,2
d4oouRcd,Prizmic D.,Basavareddy N.,1,1,hc,-5.50,home,ft,3.22,2
d4oouRcd,Prizmic D.,Basavareddy N.,1,1,hc,-5.50,away,ft,1.28,2
d4oouRcd,Prizmic D.,Basavareddy N.,1,1,hc,-6.50,home,ft,4.7,2
d4oouRcd,Prizmic D.,Basavareddy N.,1,1,hc,-6.50,away,ft,1.14,2
