match_id,home,away,home_score,away_score,market,line,side,period,avg_odds,n_bookies
Wtrua27e,Medjedovic H.,Humbert U.,0,0,ou,2.50,over,ft,2.415,2
Wtrua27e,Medjedovic H.,Humbert U.,0,0,ou,2.50,under,ft,1.62,2
Wtrua27e,Medjedovic H.,Humbert U.,0,0,ou,18.50,over,ft,1.16,2
Wtrua27e,Medjedovic H.,Humbert U.,0,0,ou,18.50,under,ft,4.32,2
Wtrua27e,Medjedovic H.,Humbert U.,0,0,ou,19.50,over,ft,1.26,2
Wtrua27e,Medjedovic H.,Humbert U.,0,0,ou,19.50,under,ft,3.82,2
Wtrua27e,Medjedovic H.,Humbert U.,0,0,ou,20.00,over,ft,1.3,2
Wtrua27e,Medjedovic H.,Humbert U.,0,0,ou,20.00,under,ft,3.505,2
Wtrua27e,Medjedovic H.,Humbert U.,0,0,ou,20.50,over,ft,1.42,2
Wtrua27e,Medjedovic H.,Humbert U.,0,0,ou,20.50,under,ft,2.895,2
Wtrua27e,Medjedovic H.,Humbert U.,0,0,ou,21.00,over,ft,1.46,2
Wtrua27e,Medjedovic H.,Humbert U.,0,0,ou,21.00,under,ft,2.73,2
Wtrua27e,Medjedovic H.,Humbert U.,0,0,ou,21.50,over,ft,1.55,2
Wtrua27e,Medjedovic H.,Humbert U.,0,0,ou,21.50,under,ft,2.46,2
Wtrua27e,Medjedovic H.,Humbert U.,0,0,ou,22.00,over,ft,1.646,5
Wtrua27e,Medjedovic H.,Humbert U.,0,0,ou,22.00,under,ft,2.276,5
Wtrua27e,Medjedovic H.,Humbert U.,0,0,ou,22.50,over,ft,1.81,5
Wtrua27e,Medjedovic H.,Humbert U.,0,0,ou,22.50,under,ft,2.022,5
Wtrua27e,Medjedovic H.,Humbert U.,0,0,ou,23.00,over,ft,1.944,5
Wtrua27e,Medjedovic H.,Humbert U.,0,0,ou,23.00,under,ft,1.876,5
Wtrua27e,Medjedovic H.,Humbert U.,0,0,ou,23.50,over,ft,2.074,5
Wtrua27e,Medjedovic H.,Humbert U.,0,0,ou,23.50,under,ft,1.77,5
Wtrua27e,Medjedovic H.,Humbert U.,0,0,ou,24.00,over,ft,2.106,5
Wtrua27e,Medjedovic H.,Humbert U.,0,0,ou,24.00,under,ft,1.732,5
Wtrua27e,Medjedovic H.,Humbert U.,0,0,ou,24.50,over,ft,2.105,2
Wtrua27e,Medjedovic H.,Humbert U.,0,0,ou,24.50,under,ft,1.7,2
Wtrua27e,Medjedovic H.,Humbert U.,0,0,ou,25.00,over,ft,2.26,2
Wtrua27e,Medjedovic H.,Humbert U.,0,0,ou,25.00,under,ft,1.64,2
Wtrua27e,Medjedovic H.,Humbert U.,0,0,ou,25.50,over,ft,2.35,2
Wtrua27e,Medjedovic H.,Humbert U.,0,0,ou,25.50,under,ft,1.6,2
Wtrua27e,Medjedovic H.,Humbert U.,0,0,ou,26.00,over,ft,2.38,2
Wtrua27e,Medjedovic H.,Humbert U.,0,0,ou,26.00,under,ft,1.49,2
Wtrua27e,Medjedovic H.,Humbert U.,0,0,ou,26.50,over,ft,2.48,2
Wtrua27e,Medjedovic H.,Humbert U.,0,0,ou,26.50,under,ft,1.44,2
Wtrua27e,Medjedovic H.,Humbert U.,0,0,ou,27.50,over,ft,2.69,2
Wtrua27e,Medjedovic H.,Humbert U.,0,0,ou,27.50,under,ft,1.39,2
Wtrua27e,Medjedovic H.,Humbert U.,0,0,ou,28.50,over,ft,2.99,2
Wtrua27e,Medjedovic H.,Humbert U.,0,0,ou,28.50,under,ft,1.32,2
Wtrua27e,Medjedovic H.,Humbert U.,0,0,hc,1.00,home,ft,2.19,2
Wtrua27e,Medjedovic H.,Humbert U.,0,0,hc,1.00,away,ft,1.57,2
Wtrua27e,Medjedovic H.,Humbert U.,0,0,hc,1.50,home,ft,1.692,5
Wtrua27e,Medjedovic H.,Humbert U.,0,0,hc,1.50,away,ft,2.108,5
Wtrua27e,Medjedovic H.,Humbert U.,0,0,hc,-1.50,home,ft,5.2,5
Wtrua27e,Medjedovic H.,Humbert U.,0,0,hc,-1.50,away,ft,1.152,5
Wtrua27e,Medjedovic H.,Humbert U.,0,0,hc,0,home,ft,2.93,2
Wtrua27e,Medjedovic H.,Humbert U.,0,0,hc,0,away,ft,1.33,2
Wtrua27e,Medjedovic H.,Humbert U.,0,0,hc,0.50,home,ft,2.87,2
Wtrua27e,Medjedovic H.,Humbert U.,0,0,hc,0.50,away,ft,1.42,2
Wtrua27e,Medjedovic H.,Humbert U.,0,0,hc,-0.50,home,ft,3.03,2
Wtrua27e,Medjedovic H.,Humbert U.,0,0,hc,-0.50,away,ft,1.31,2
Wtrua27e,Medjedovic H.,Humbert U.,0,0,hc,1.00,home,ft,2.75,2
Wtrua27e,Medjedovic H.,Humbert U.,0,0,hc,1.00,away,ft,1.45,2
Wtrua27e,Medjedovic H.,Humbert U.,0,0,hc,-1.00,home,ft,2.61,2
Wtrua27e,Medjedovic H.,Humbert U.,0,0,hc,-1.00,away,ft,1.41,2
Wtrua27e,Medjedovic H.,Humbert U.,0,0,hc,1.50,home,ft,2.472,5
Wtrua27e,Medjedovic H.,Humbert U.,0,0,hc,1.50,away,ft,1.552,5
Wtrua27e,Medjedovic H.,Humbert U.,0,0,hc,2.00,home,ft,2.358,5
Wtrua27e,Medjedovic H.,Humbert U.,0,0,hc,2.00,away,ft,1.59,5
Wtrua27e,Medjedovic H.,Humbert U.,0,0,hc,2.50,home,ft,2.114,5
Wtrua27e,Medjedovic H.,Humbert U.,0,0,hc,2.50,away,ft,1.74,5
Wtrua27e,Medjedovic H.,Humbert U.,0,0,hc,3.00,home,ft,1.908,5
Wtrua27e,Medjedovic H.,Humbert U.,0,0,hc,3.00,away,ft,1.898,5
Wtrua27e,Medjedovic H.,Humbert U.,0,0,hc,3.50,home,ft,1.732,5
Wtrua27e,Medjedovic H.,Humbert U.,0,0,hc,3.50,away,ft,2.134,5
Wtrua27e,Medjedovic H.,Humbert U.,0,0,hc,4.00,home,ft,1.494,5
Wtrua27e,Medjedovic H.,Humbert U.,0,0,hc,4.00,away,ft,2.62,5
Wtrua27e,Medjedovic H.,Humbert U.,0,0,hc,4.50,home,ft,1.393,3
Wtrua27e,Medjedovic H.,Humbert U.,0,0,hc,4.50,away,ft,2.94,3
Wtrua27e,Medjedovic H.,Humbert U.,0,0,hc,5.00,home,ft,1.22,2
Wtrua27e,Medjedovic H.,Humbert U.,0,0,hc,5.00,away,ft,4.29,2
Wtrua27e,Medjedovic H.,Humbert U.,0,0,hc,5.50,home,ft,1.187,3
Wtrua27e,Medjedovic H.,Humbert U.,0,0,hc,5.50,away,ft,4.68,3
Wtrua27e,Medjedovic H.,Humbert U.,0,0,hc,6.00,home,ft,1.06,2
Wtrua27e,Medjedovic H.,Humbert U.,0,0,hc,6.00,away,ft,8.93,2
Wtrua27e,Medjedovic H.,Humbert U.,0,0,hc,6.50,home,ft,1.07,2
Wtrua27e,Medjedovic H.,Humbert U.,0,0,hc,6.50,away,ft,7.7,2
UiEoM7mm,Medvedev D.,Medjedovic H.,0,0,ou,2.50,over,ft,2.567,3
UiEoM7mm,Medvedev D.,Medjedovic H.,0,0,ou,2.50,under,ft,1.537,3
UiEoM7mm,Medvedev D.,Medjedovic H.,0,0,ou,18.50,over,ft,1.19,2
UiEoM7mm,Medvedev D.,Medjedovic H.,0,0,ou,18.50,under,ft,3.92,2
UiEoM7mm,Medvedev D.,Medjedovic H.,0,0,ou,19.00,over,ft,1.26,2
UiEoM7mm,Medvedev D.,Medjedovic H.,0,0,ou,19.00,under,ft,3.35,2
UiEoM7mm,Medvedev D.,Medjedovic H.,0,0,ou,19.50,over,ft,1.33,2
UiEoM7mm,Medvedev D.,Medjedovic H.,0,0,ou,19.50,under,ft,2.89,2
UiEoM7mm,Medvedev D.,Medjedovic H.,0,0,ou,20.00,over,ft,1.38,2
UiEoM7mm,Medvedev D.,Medjedovic H.,0,0,ou,20.00,under,ft,2.72,2
UiEoM7mm,Medvedev D.,Medjedovic H.,0,0,ou,20.50,over,ft,1.513,3
UiEoM7mm,Medvedev D.,Medjedovic H.,0,0,ou,20.50,under,ft,2.353,3
UiEoM7mm,Medvedev D.,Medjedovic H.,0,0,ou,21.00,over,ft,1.628,5
UiEoM7mm,Medvedev D.,Medjedovic H.,0,0,ou,21.00,under,ft,2.25,5
UiEoM7mm,Medvedev D.,Medjedovic H.,0,0,ou,21.50,over,ft,1.734,5
UiEoM7mm,Medvedev D.,Medjedovic H.,0,0,ou,21.50,under,ft,2.088,5
UiEoM7mm,Medvedev D.,Medjedovic H.,0,0,ou,22.00,over,ft,1.866,5
UiEoM7mm,Medvedev D.,Medjedovic H.,0,0,ou,22.00,under,ft,1.936,5
UiEoM7mm,Medvedev D.,Medjedovic H.,0,0,ou,22.50,over,ft,2.01,5
UiEoM7mm,Medvedev D.,Medjedovic H.,0,0,ou,22.50,under,ft,1.822,5
UiEoM7mm,Medvedev D.,Medjedovic H.,0,0,ou,23.00,over,ft,2.174,5
UiEoM7mm,Medvedev D.,Medjedovic H.,0,0,ou,23.00,under,ft,1.686,5
UiEoM7mm,Medvedev D.,Medjedovic H.,0,0,ou,23.50,over,ft,2.254,5
UiEoM7mm,Medvedev D.,Medjedovic H.,0,0,ou,23.50,under,ft,1.628,5
UiEoM7mm,Medvedev D.,Medjedovic H.,0,0,ou,24.00,over,ft,2.28,2
UiEoM7mm,Medvedev D.,Medjedovic H.,0,0,ou,24.00,under,ft,1.56,2
UiEoM7mm,Medvedev D.,Medjedovic H.,0,0,ou,24.50,over,ft,2.293,3
UiEoM7mm,Medvedev D.,Medjedovic H.,0,0,ou,24.50,under,ft,1.543,3
UiEoM7mm,Medvedev D.,Medjedovic H.,0,0,ou,25.00,over,ft,2.4,2
UiEoM7mm,Medvedev D.,Medjedovic H.,0,0,ou,25.00,under,ft,1.48,2
UiEoM7mm,Medvedev D.,Medjedovic H.,0,0,ou,25.50,over,ft,2.48,2
UiEoM7mm,Medvedev D.,Medjedovic H.,0,0,ou,25.50,under,ft,1.44,2
UiEoM7mm,Medvedev D.,Medjedovic H.,0,0,ou,26.50,over,ft,2.793,3
UiEoM7mm,Medvedev D.,Medjedovic H.,0,0,ou,26.50,under,ft,1.363,3
UiEoM7mm,Medvedev D.,Medjedovic H.,0,0,hc,-1.00,home,ft,1.41,2
UiEoM7mm,Medvedev D.,Medjedovic H.,0,0,hc,-1.00,away,ft,2.59,2
UiEoM7mm,Medvedev D.,Medjedovic H.,0,0,hc,1.50,home,ft,1.112,5
UiEoM7mm,Medvedev D.,Medjedovic H.,0,0,hc,1.50,away,ft,6.188,5
UiEoM7mm,Medvedev D.,Medjedovic H.,0,0,hc,-1.50,home,ft,1.89,5
UiEoM7mm,Medvedev D.,Medjedovic H.,0,0,hc,-1.50,away,ft,1.874,5
UiEoM7mm,Medvedev D.,Medjedovic H.,0,0,hc,-0.50,home,ft,1.31,2
UiEoM7mm,Medvedev D.,Medjedovic H.,0,0,hc,-0.50,away,ft,3.28,2
UiEoM7mm,Medvedev D.,Medjedovic H.,0,0,hc,-1.00,home,ft,1.33,2
UiEoM7mm,Medvedev D.,Medjedovic H.,0,0,hc,-1.00,away,ft,3.15,2
UiEoM7mm,Medvedev D.,Medjedovic H.,0,0,hc,1.50,home,ft,1.22,1
UiEoM7mm,Medvedev D.,Medjedovic H.,0,0,hc,1.50,away,ft,4.05,1
UiEoM7mm,Medvedev D.,Medjedovic H.,0,0,hc,-1.50,home,ft,1.377,3
UiEoM7mm,Medvedev D.,Medjedovic H.,0,0,hc,-1.50,away,ft,2.917,3
UiEoM7mm,Medvedev D.,Medjedovic H.,0,0,hc,-2.00,home,ft,1.43,2
UiEoM7mm,Medvedev D.,Medjedovic H.,0,0,hc,-2.00,away,ft,2.71,2
UiEoM7mm,Medvedev D.,Medjedovic H.,0,0,hc,-2.50,home,ft,1.528,5
UiEoM7mm,Medvedev D.,Medjedovic H.,0,0,hc,-2.50,away,ft,2.504,5
UiEoM7mm,Medvedev D.,Medjedovic H.,0,0,hc,-3.00,home,ft,1.616,5
UiEoM7mm,Medvedev D.,Medjedovic H.,0,0,hc,-3.00,away,ft,2.282,5
UiEoM7mm,Medvedev D.,Medjedovic H.,0,0,hc,-3.50,home,ft,1.786,5
UiEoM7mm,Medvedev D.,Medjedovic H.,0,0,hc,-3.50,away,ft,2.052,5
UiEoM7mm,Medvedev D.,Medjedovic H.,0,0,hc,-4.00,home,ft,2.06,5
UiEoM7mm,Medvedev D.,Medjedovic H.,0,0,hc,-4.00,away,ft,1.746,5
UiEoM7mm,Medvedev D.,Medjedovic H.,0,0,hc,-4.50,home,ft,2.384,5
UiEoM7mm,Medvedev D.,Medjedovic H.,0,0,hc,-4.50,away,ft,1.576,5
UiEoM7mm,Medvedev D.,Medjedovic H.,0,0,hc,-5.00,home,ft,3.01,3
UiEoM7mm,Medvedev D.,Medjedovic H.,0,0,hc,-5.00,away,ft,1.383,3
UiEoM7mm,Medvedev D.,Medjedovic H.,0,0,hc,-5.50,home,ft,3.427,3
UiEoM7mm,Medvedev D.,Medjedovic H.,0,0,hc,-5.50,away,ft,1.29,3
UiEoM7mm,Medvedev D.,Medjedovic H.,0,0,hc,-6.00,home,ft,5.1,2
UiEoM7mm,Medvedev D.,Medjedovic H.,0,0,hc,-6.00,away,ft,1.15,2
UiEoM7mm,Medvedev D.,Medjedovic H.,0,0,hc,-6.50,home,ft,5.7,2
UiEoM7mm,Medvedev D.,Medjedovic H.,0,0,hc,-6.50,away,ft,1.12,2
IFa1glw3,Bergs Z.,Humbert U.,0,0,ou,2.50,over,ft,2.41,3
IFa1glw3,Bergs Z.,Humbert U.,0,0,ou,2.50,under,ft,1.597,3
IFa1glw3,Bergs Z.,Humbert U.,0,0,ou,19.50,over,ft,1.31,2
IFa1glw3,Bergs Z.,Humbert U.,0,0,ou,19.50,under,ft,3.05,2
IFa1glw3,Bergs Z.,Humbert U.,0,0,ou,20.00,over,ft,1.32,2
IFa1glw3,Bergs Z.,Humbert U.,0,0,ou,20.00,under,ft,2.99,2
IFa1glw3,Bergs Z.,Humbert U.,0,0,ou,20.50,over,ft,1.473,3
IFa1glw3,Bergs Z.,Humbert U.,0,0,ou,20.50,under,ft,2.52,3
IFa1glw3,Bergs Z.,Humbert U.,0,0,ou,21.00,over,ft,1.49,2
IFa1glw3,Bergs Z.,Humbert U.,0,0,ou,21.00,under,ft,2.44,2
IFa1glw3,Bergs Z.,Humbert U.,0,0,ou,21.50,over,ft,1.626,5
IFa1glw3,Bergs Z.,Humbert U.,0,0,ou,21.50,under,ft,2.276,5
IFa1glw3,Bergs Z.,Humbert U.,0,0,ou,22.00,over,ft,1.72,5
IFa1glw3,Bergs Z.,Humbert U.,0,0,ou,22.00,under,ft,2.118,5
IFa1glw3,Bergs Z.,Humbert U.,0,0,ou,22.50,over,ft,1.87,5
IFa1glw3,Bergs Z.,Humbert U.,0,0,ou,22.50,under,ft,1.948,5
IFa1glw3,Bergs Z.,Humbert U.,0,0,ou,23.00,over,ft,2.008,5
IFa1glw3,Bergs Z.,Humbert U.,0,0,ou,23.00,under,ft,1.802,5
IFa1glw3,Bergs Z.,Humbert U.,0,0,ou,23.50,over,ft,2.146,5
IFa1glw3,Bergs Z.,Humbert U.,0,0,ou,23.50,under,ft,1.698,5
IFa1glw3,Bergs Z.,Humbert U.,0,0,ou,24.00,over,ft,2.145,4
IFa1glw3,Bergs Z.,Humbert U.,0,0,ou,24.00,under,ft,1.695,4
IFa1glw3,Bergs Z.,Humbert U.,0,0,ou,24.50,over,ft,2.183,3
IFa1glw3,Bergs Z.,Humbert U.,0,0,ou,24.50,under,ft,1.63,3
IFa1glw3,Bergs Z.,Humbert U.,0,0,ou,25.00,over,ft,2.24,2
IFa1glw3,Bergs Z.,Humbert U.,0,0,ou,25.00,under,ft,1.55,2
IFa1glw3,Bergs Z.,Humbert U.,0,0,ou,25.50,over,ft,2.26,2
IFa1glw3,Bergs Z.,Humbert U.,0,0,ou,25.50,under,ft,1.54,2
IFa1glw3,Bergs Z.,Humbert U.,0,0,ou,26.50,over,ft,2.553,3
IFa1glw3,Bergs Z.,Humbert U.,0,0,ou,26.50,under,ft,1.437,3
IFa1glw3,Bergs Z.,Humbert U.,0,0,ou,27.50,over,ft,2.73,2
IFa1glw3,Bergs Z.,Humbert U.,0,0,ou,27.50,under,ft,1.38,2
IFa1glw3,Bergs Z.,Humbert U.,0,0,hc,1.00,home,ft,2.29,2
IFa1glw3,Bergs Z.,Humbert U.,0,0,hc,1.00,away,ft,1.52,2
IFa1glw3,Bergs Z.,Humbert U.,0,0,hc,1.50,home,ft,1.754,5
IFa1glw3,Bergs Z.,Humbert U.,0,0,hc,1.50,away,ft,2.014,5
IFa1glw3,Bergs Z.,Humbert U.,0,0,hc,-1.50,home,ft,5.876,5
IFa1glw3,Bergs Z.,Humbert U.,0,0,hc,-1.50,away,ft,1.122,5
IFa1glw3,Bergs Z.,Humbert U.,0,0,hc,0.50,home,ft,2.86,2
IFa1glw3,Bergs Z.,Humbert U.,0,0,hc,0.50,away,ft,1.39,2
IFa1glw3,Bergs Z.,Humbert U.,0,0,hc,1.00,home,ft,2.78,2
IFa1glw3,Bergs Z.,Humbert U.,0,0,hc,1.00,away,ft,1.41,2
IFa1glw3,Bergs Z.,Humbert U.,0,0,hc,1.50,home,ft,2.667,3
IFa1glw3,Bergs Z.,Humbert U.,0,0,hc,1.50,away,ft,1.457,3
IFa1glw3,Bergs Z.,Humbert U.,0,0,hc,-1.50,home,ft,3.55,1
IFa1glw3,Bergs Z.,Humbert U.,0,0,hc,-1.50,away,ft,1.27,1
IFa1glw3,Bergs Z.,Humbert U.,0,0,hc,2.00,home,ft,2.508,4
IFa1glw3,Bergs Z.,Humbert U.,0,0,hc,2.00,away,ft,1.542,4
IFa1glw3,Bergs Z.,Humbert U.,0,0,hc,2.50,home,ft,2.318,5
IFa1glw3,Bergs Z.,Humbert U.,0,0,hc,2.50,away,ft,1.614,5
IFa1glw3,Bergs Z.,Humbert U.,0,0,hc,3.00,home,ft,2.084,5
IFa1glw3,Bergs Z.,Humbert U.,0,0,hc,3.00,away,ft,1.746,5
IFa1glw3,Bergs Z.,Humbert U.,0,0,hc,3.50,home,ft,1.822,5
IFa1glw3,Bergs Z.,Humbert U.,0,0,hc,3.50,away,ft,2.008,5
IFa1glw3,Bergs Z.,Humbert U.,0,0,hc,4.00,home,ft,1.642,5
IFa1glw3,Bergs Z.,Humbert U.,0,0,hc,4.00,away,ft,2.254,5
IFa1glw3,Bergs Z.,Humbert U.,0,0,hc,4.50,home,ft,1.512,5
IFa1glw3,Bergs Z.,Humbert U.,0,0,hc,4.50,away,ft,2.564,5
IFa1glw3,Bergs Z.,Humbert U.,0,0,hc,5.00,home,ft,1.315,2
IFa1glw3,Bergs Z.,Humbert U.,0,0,hc,5.00,away,ft,3.345,2
IFa1glw3,Bergs Z.,Humbert U.,0,0,hc,5.50,home,ft,1.24,3
IFa1glw3,Bergs Z.,Humbert U.,0,0,hc,5.50,away,ft,3.88,3
IFa1glw3,Bergs Z.,Humbert U.,0,0,hc,6.00,home,ft,1.11,2
IFa1glw3,Bergs Z.,Humbert U.,0,0,hc,6.00,away,ft,6.1,2
IFa1glw3,Bergs Z.,Humbert U.,0,0,hc,6.50,home,ft,1.09,2
IFa1glw3,Bergs Z.,Humbert U.,0,0,hc,6.50,away,ft,6.65,2
jm0bfo8b,Medjedovic H.,Altmaier D.,2,2,ou,2.50,over,ft,2.395,2
jm0bfo8b,Medjedovic H.,Altmaier D.,2,2,ou,2.50,under,ft,1.625,2
jm0bfo8b,Medjedovic H.,Altmaier D.,2,2,ou,18.50,over,ft,1.16,1
jm0bfo8b,Medjedovic H.,Altmaier D.,2,2,ou,18.50,under,ft,5.38,1
jm0bfo8b,Medjedovic H.,Altmaier D.,2,2,ou,20.00,over,ft,1.28,2
jm0bfo8b,Medjedovic H.,Altmaier D.,2,2,ou,20.00,under,ft,3.215,2
jm0bfo8b,Medjedovic H.,Altmaier D.,2,2,ou,20.50,over,ft,1.403,3
jm0bfo8b,Medjedovic H.,Altmaier D.,2,2,ou,20.50,under,ft,2.78,3
jm0bfo8b,Medjedovic H.,Altmaier D.,2,2,ou,21.00,over,ft,1.44,2
jm0bfo8b,Medjedovic H.,Altmaier D.,2,2,ou,21.00,under,ft,2.59,2
jm0bfo8b,Medjedovic H.,Altmaier D.,2,2,ou,21.50,over,ft,1.56,5
jm0bfo8b,Medjedovic H.,Altmaier D.,2,2,ou,21.50,under,ft,2.37,5
jm0bfo8b,Medjedovic H.,Altmaier D.,2,2,ou,22.00,over,ft,1.648,5
jm0bfo8b,Medjedovic H.,Altmaier D.,2,2,ou,22.00,under,ft,2.24,5
jm0bfo8b,Medjedovic H.,Altmaier D.,2,2,ou,22.50,over,ft,1.812,5
jm0bfo8b,Medjedovic H.,Altmaier D.,2,2,ou,22.50,under,ft,2.01,5
jm0bfo8b,Medjedovic H.,Altmaier D.,2,2,ou,23.00,over,ft,1.938,5
jm0bfo8b,Medjedovic H.,Altmaier D.,2,2,ou,23.00,under,ft,1.862,5
jm0bfo8b,Medjedovic H.,Altmaier D.,2,2,ou,23.50,over,ft,2.076,5
jm0bfo8b,Medjedovic H.,Altmaier D.,2,2,ou,23.50,under,ft,1.74,5
jm0bfo8b,Medjedovic H.,Altmaier D.,2,2,ou,24.00,over,ft,2.094,5
jm0bfo8b,Medjedovic H.,Altmaier D.,2,2,ou,24.00,under,ft,1.72,5
jm0bfo8b,Medjedovic H.,Altmaier D.,2,2,ou,24.50,over,ft,2.12,3
jm0bfo8b,Medjedovic H.,Altmaier D.,2,2,ou,24.50,under,ft,1.667,3
jm0bfo8b,Medjedovic H.,Altmaier D.,2,2,ou,25.00,over,ft,2.16,2
jm0bfo8b,Medjedovic H.,Altmaier D.,2,2,ou,25.00,under,ft,1.59,2
jm0bfo8b,Medjedovic H.,Altmaier D.,2,2,ou,26.50,over,ft,2.67,1
jm0bfo8b,Medjedovic H.,Altmaier D.,2,2,ou,26.50,under,ft,1.49,1
jm0bfo8b,Medjedovic H.,Altmaier D.,2,2,hc,-1.00,home,ft,1.62,2
jm0bfo8b,Medjedovic H.,Altmaier D.,2,2,hc,-1.00,away,ft,2.105,2
jm0bfo8b,Medjedovic H.,Altmaier D.,2,2,hc,1.50,home,ft,1.172,5
jm0bfo8b,Medjedovic H.,Altmaier D.,2,2,hc,1.50,away,ft,4.802,5
jm0bfo8b,Medjedovic H.,Altmaier D.,2,2,hc,-1.50,home,ft,2.172,5
jm0bfo8b,Medjedovic H.,Altmaier D.,2,2,hc,-1.50,away,ft,1.66,5
jm0bfo8b,Medjedovic H.,Altmaier D.,2,2,hc,0,home,ft,1.395,2
jm0bfo8b,Medjedovic H.,Altmaier D.,2,2,hc,0,away,ft,2.84,2
jm0bfo8b,Medjedovic H.,Altmaier D.,2,2,hc,-0.50,home,ft,1.453,3
jm0bfo8b,Medjedovic H.,Altmaier D.,2,2,hc,-0.50,away,ft,2.627,3
jm0bfo8b,Medjedovic H.,Altmaier D.,2,2,hc,-1.00,home,ft,1.485,2
jm0bfo8b,Medjedovic H.,Altmaier D.,2,2,hc,-1.00,away,ft,2.53,2
jm0bfo8b,Medjedovic H.,Altmaier D.,2,2,hc,1.50,home,ft,1.31,1
jm0bfo8b,Medjedovic H.,Altmaier D.,2,2,hc,1.50,away,ft,3.51,1
jm0bfo8b,Medjedovic H.,Altmaier D.,2,2,hc,-1.50,home,ft,1.55,4
jm0bfo8b,Medjedovic H.,Altmaier D.,2,2,hc,-1.50,away,ft,2.395,4
jm0bfo8b,Medjedovic H.,Altmaier D.,2,2,hc,-2.00,home,ft,1.638,5
jm0bfo8b,Medjedovic H.,Altmaier D.,2,2,hc,-2.00,away,ft,2.24,5
jm0bfo8b,Medjedovic H.,Altmaier D.,2,2,hc,-2.50,home,ft,1.786,5
jm0bfo8b,Medjedovic H.,Altmaier D.,2,2,hc,-2.50,away,ft,2.088,5
jm0bfo8b,Medjedovic H.,Altmaier D.,2,2,hc,-3.00,home,ft,1.944,5
jm0bfo8b,Medjedovic H.,Altmaier D.,2,2,hc,-3.00,away,ft,1.844,5
jm0bfo8b,Medjedovic H.,Altmaier D.,2,2,hc,-3.50,home,ft,2.166,5
jm0bfo8b,Medjedovic H.,Altmaier D.,2,2,hc,-3.50,away,ft,1.69,5
jm0bfo8b,Medjedovic H.,Altmaier D.,2,2,hc,-4.00,home,ft,2.628,5
jm0bfo8b,Medjedovic H.,Altmaier D.,2,2,hc,-4.00,away,ft,1.476,5
jm0bfo8b,Medjedovic H.,Altmaier D.,2,2,hc,-4.50,home,ft,2.93,3
jm0bfo8b,Medjedovic H.,Altmaier D.,2,2,hc,-4.50,away,ft,1.373,3
jm0bfo8b,Medjedovic H.,Altmaier D.,2,2,hc,-5.00,home,ft,4.075,2
jm0bfo8b,Medjedovic H.,Altmaier D.,2,2,hc,-5.00,away,ft,1.215,2
jm0bfo8b,Medjedovic H.,Altmaier D.,2,2,hc,-5.50,home,ft,4.267,3
jm0bfo8b,Medjedovic H.,Altmaier D.,2,2,hc,-5.50,away,ft,1.213,3
jm0bfo8b,Medjedovic H.,Altmaier D.,2,2,hc,-6.00,home,ft,6.3,2
jm0bfo8b,Medjedovic H.,Altmaier D.,2,2,hc,-6.00,away,ft,1.1,2
xAaZb0pp,Medvedev D.,Struff J-L.,2,2,ou,2.50,over,ft,2.905,2
xAaZb0pp,Medvedev D.,Struff J-L.,2,2,ou,2.50,under,ft,1.45,2
xAaZb0pp,Medvedev D.,Struff J-L.,2,2,ou,18.00,over,ft,1.25,2
xAaZb0pp,Medvedev D.,Struff J-L.,2,2,ou,18.00,under,ft,3.42,2
xAaZb0pp,Medvedev D.,Struff J-L.,2,2,ou,18.50,over,ft,1.38,2
xAaZb0pp,Medvedev D.,Struff J-L.,2,2,ou,18.50,under,ft,2.77,2
xAaZb0pp,Medvedev D.,Struff J-L.,2,2,ou,19.00,over,ft,1.325,2
xAaZb0pp,Medvedev D.,Struff J-L.,2,2,ou,19.00,under,ft,2.965,2
xAaZb0pp,Medvedev D.,Struff J-L.,2,2,ou,19.50,over,ft,1.44,2
xAaZb0pp,Medvedev D.,Struff J-L.,2,2,ou,19.50,under,ft,2.55,2
xAaZb0pp,Medvedev D.,Struff J-L.,2,2,ou,20.00,over,ft,1.515,2
xAaZb0pp,Medvedev D.,Struff J-L.,2,2,ou,20.00,under,ft,2.385,2
xAaZb0pp,Medvedev D.,Struff J-L.,2,2,ou,20.50,over,ft,1.69,5
xAaZb0pp,Medvedev D.,Struff J-L.,2,2,ou,20.50,under,ft,2.154,5
xAaZb0pp,Medvedev D.,Struff J-L.,2,2,ou,21.00,over,ft,1.778,5
xAaZb0pp,Medvedev D.,Struff J-L.,2,2,ou,21.00,under,ft,2.042,5
xAaZb0pp,Medvedev D.,Struff J-L.,2,2,ou,21.50,over,ft,1.882,5
xAaZb0pp,Medvedev D.,Struff J-L.,2,2,ou,21.50,under,ft,1.942,5
xAaZb0pp,Medvedev D.,Struff J-L.,2,2,ou,22.00,over,ft,2.042,5
xAaZb0pp,Medvedev D.,Struff J-L.,2,2,ou,22.00,under,ft,1.778,5
xAaZb0pp,Medvedev D.,Struff J-L.,2,2,ou,22.50,over,ft,2.2,5
xAaZb0pp,Medvedev D.,Struff J-L.,2,2,ou,22.50,under,ft,1.66,5
xAaZb0pp,Medvedev D.,Struff J-L.,2,2,ou,23.00,over,ft,2.3,2
xAaZb0pp,Medvedev D.,Struff J-L.,2,2,ou,23.00,under,ft,1.55,2
xAaZb0pp,Medvedev D.,Struff J-L.,2,2,ou,23.50,over,ft,2.38,2
xAaZb0pp,Medvedev D.,Struff J-L.,2,2,ou,23.50,under,ft,1.5,2
xAaZb0pp,Medvedev D.,Struff J-L.,2,2,ou,24.00,over,ft,2.43,2
xAaZb0pp,Medvedev D.,Struff J-L.,2,2,ou,24.00,under,ft,1.47,2
xAaZb0pp,Medvedev D.,Struff J-L.,2,2,ou,24.50,over,ft,2.27,2
xAaZb0pp,Medvedev D.,Struff J-L.,2,2,ou,24.50,under,ft,1.55,2
xAaZb0pp,Medvedev D.,Struff J-L.,2,2,ou,25.00,over,ft,2.38,2
xAaZb0pp,Medvedev D.,Struff J-L.,2,2,ou,25.00,under,ft,1.49,2
xAaZb0pp,Medvedev D.,Struff J-L.,2,2,hc,-1.00,home,ft,1.32,2
xAaZb0pp,Medvedev D.,Struff J-L.,2,2,hc,-1.00,away,ft,3.01,2
xAaZb0pp,Medvedev D.,Struff J-L.,2,2,hc,1.50,home,ft,1.076,5
xAaZb0pp,Medvedev D.,Struff J-L.,2,2,hc,1.50,away,ft,7.628,5
xAaZb0pp,Medvedev D.,Struff J-L.,2,2,hc,-1.50,home,ft,1.704,5
xAaZb0pp,Medvedev D.,Struff J-L.,2,2,hc,-1.50,away,ft,2.092,5
xAaZb0pp,Medvedev D.,Struff J-L.,2,2,hc,-1.00,home,ft,1.22,2
xAaZb0pp,Medvedev D.,Struff J-L.,2,2,hc,-1.00,away,ft,4.0,2
xAaZb0pp,Medvedev D.,Struff J-L.,2,2,hc,-1.50,home,ft,1.27,2
xAaZb0pp,Medvedev D.,Struff J-L.,2,2,hc,-1.50,away,ft,3.55,2
xAaZb0pp,Medvedev D.,Struff J-L.,2,2,hc,-2.00,home,ft,1.33,2
xAaZb0pp,Medvedev D.,Struff J-L.,2,2,hc,-2.00,away,ft,3.15,2
xAaZb0pp,Medvedev D.,Struff J-L.,2,2,hc,-2.50,home,ft,1.403,3
xAaZb0pp,Medvedev D.,Struff J-L.,2,2,hc,-2.50,away,ft,2.803,3
xAaZb0pp,Medvedev D.,Struff J-L.,2,2,hc,-3.00,home,ft,1.468,5
xAaZb0pp,Medvedev D.,Struff J-L.,2,2,hc,-3.00,away,ft,2.66,5
xAaZb0pp,Medvedev D.,Struff J-L.,2,2,hc,-3.25,home,ft,1.46,2
xAaZb0pp,Medvedev D.,Struff J-L.,2,2,hc,-3.25,away,ft,2.52,2
xAaZb0pp,Medvedev D.,Struff J-L.,2,2,hc,-3.50,home,ft,1.622,5
xAaZb0pp,Medvedev D.,Struff J-L.,2,2,hc,-3.50,away,ft,2.288,5
xAaZb0pp,Medvedev D.,Struff J-L.,2,2,hc,-3.75,home,ft,1.65,2
xAaZb0pp,Medvedev D.,Struff J-L.,2,2,hc,-3.75,away,ft,2.1,2
xAaZb0pp,Medvedev D.,Struff J-L.,2,2,hc,-4.00,home,ft,1.806,5
xAaZb0pp,Medvedev D.,Struff J-L.,2,2,hc,-4.00,away,ft,1.984,5
xAaZb0pp,Medvedev D.,Struff J-L.,2,2,hc,-4.25,home,ft,1.93,2
xAaZb0pp,Medvedev D.,Struff J-L.,2,2,hc,-4.25,away,ft,1.77,2
xAaZb0pp,Medvedev D.,Struff J-L.,2,2,hc,-4.50,home,ft,2.126,5
xAaZb0pp,Medvedev D.,Struff J-L.,2,2,hc,-4.50,away,ft,1.734,5
xAaZb0pp,Medvedev D.,Struff J-L.,2,2,hc,-4.75,home,ft,2.42,2
xAaZb0pp,Medvedev D.,Struff J-L.,2,2,hc,-4.75,away,ft,1.57,2
xAaZb0pp,Medvedev D.,Struff J-L.,2,2,hc,-5.00,home,ft,2.51,5
xAaZb0pp,Medvedev D.,Struff J-L.,2,2,hc,-5.00,away,ft,1.516,5
xAaZb0pp,Medvedev D.,Struff J-L.,2,2,hc,-5.50,home,ft,2.872,5
xAaZb0pp,Medvedev D.,Struff J-L.,2,2,hc,-5.50,away,ft,1.41,5
xAaZb0pp,Medvedev D.,Struff J-L.,2,2,hc,-6.00,home,ft,3.82,2
xAaZb0pp,Medvedev D.,Struff J-L.,2,2,hc,-6.00,away,ft,1.24,2
xAaZb0pp,Medvedev D.,Struff J-L.,2,2,hc,-6.50,home,ft,4.353,3
xAaZb0pp,Medvedev D.,Struff J-L.,2,2,hc,-6.50,away,ft,1.19,3
xAaZb0pp,Medvedev D.,Struff J-L.,2,2,hc,-7.00,home,ft,7.0,2
xAaZb0pp,Medvedev D.,Struff J-L.,2,2,hc,-7.00,away,ft,1.08,2
O8plZegm,Sonego L.,Humbert U.,0,0,ou,2.50,over,ft,2.523,3
O8plZegm,Sonego L.,Humbert U.,0,0,ou,2.50,under,ft,1.557,3
O8plZegm,Sonego L.,Humbert U.,0,0,ou,18.50,over,ft,1.145,2
O8plZegm,Sonego L.,Humbert U.,0,0,ou,18.50,under,ft,5.835,2
O8plZegm,Sonego L.,Humbert U.,0,0,ou,20.00,over,ft,1.28,2
O8plZegm,Sonego L.,Humbert U.,0,0,ou,20.00,under,ft,3.22,2
O8plZegm,Sonego L.,Humbert U.,0,0,ou,20.50,over,ft,1.41,4
O8plZegm,Sonego L.,Humbert U.,0,0,ou,20.50,under,ft,2.812,4
O8plZegm,Sonego L.,Humbert U.,0,0,ou,21.00,over,ft,1.44,2
O8plZegm,Sonego L.,Humbert U.,0,0,ou,21.00,under,ft,2.59,2
O8plZegm,Sonego L.,Humbert U.,0,0,ou,21.50,over,ft,1.566,5
O8plZegm,Sonego L.,Humbert U.,0,0,ou,21.50,under,ft,2.394,5
O8plZegm,Sonego L.,Humbert U.,0,0,ou,22.00,over,ft,1.678,5
O8plZegm,Sonego L.,Humbert U.,0,0,ou,22.00,under,ft,2.182,5
O8plZegm,Sonego L.,Humbert U.,0,0,ou,22.50,over,ft,1.784,5
O8plZegm,Sonego L.,Humbert U.,0,0,ou,22.50,under,ft,2.016,5
O8plZegm,Sonego L.,Humbert U.,0,0,ou,23.00,over,ft,1.996,5
O8plZegm,Sonego L.,Humbert U.,0,0,ou,23.00,under,ft,1.814,5
O8plZegm,Sonego L.,Humbert U.,0,0,ou,23.50,over,ft,2.148,5
O8plZegm,Sonego L.,Humbert U.,0,0,ou,23.50,under,ft,1.692,5
O8plZegm,Sonego L.,Humbert U.,0,0,ou,24.00,over,ft,2.13,5
O8plZegm,Sonego L.,Humbert U.,0,0,ou,24.00,under,ft,1.684,5
O8plZegm,Sonego L.,Humbert U.,0,0,ou,24.50,over,ft,2.14,5
O8plZegm,Sonego L.,Humbert U.,0,0,ou,24.50,under,ft,1.672,5
O8plZegm,Sonego L.,Humbert U.,0,0,ou,25.00,over,ft,2.18,2
O8plZegm,Sonego L.,Humbert U.,0,0,ou,25.00,under,ft,1.58,2
O8plZegm,Sonego L.,Humbert U.,0,0,ou,26.50,over,ft,2.643,3
O8plZegm,Sonego L.,Humbert U.,0,0,ou,26.50,under,ft,1.47,3
O8plZegm,Sonego L.,Humbert U.,0,0,ou,28.50,over,ft,2.85,1
O8plZegm,Sonego L.,Humbert U.,0,0,ou,28.50,under,ft,1.37,1
O8plZegm,Sonego L.,Humbert U.,0,0,hc,1.00,home,ft,2.27,2
O8plZegm,Sonego L.,Humbert U.,0,0,hc,1.00,away,ft,1.53,2
O8plZegm,Sonego L.,Humbert U.,0,0,hc,1.50,home,ft,1.746,5
O8plZegm,Sonego L.,Humbert U.,0,0,hc,1.50,away,ft,2.034,5
O8plZegm,Sonego L.,Humbert U.,0,0,hc,-1.50,home,ft,5.17,5
O8plZegm,Sonego L.,Humbert U.,0,0,hc,-1.50,away,ft,1.154,5
O8plZegm,Sonego L.,Humbert U.,0,0,hc,0,home,ft,2.92,2
O8plZegm,Sonego L.,Humbert U.,0,0,hc,0,away,ft,1.33,2
O8plZegm,Sonego L.,Humbert U.,0,0,hc,0.50,home,ft,2.68,2
O8plZegm,Sonego L.,Humbert U.,0,0,hc,0.50,away,ft,1.39,2
O8plZegm,Sonego L.,Humbert U.,0,0,hc,1.00,home,ft,2.74,2
O8plZegm,Sonego L.,Humbert U.,0,0,hc,1.00,away,ft,1.42,2
O8plZegm,Sonego L.,Humbert U.,0,0,hc,1.50,home,ft,2.55,5
O8plZegm,Sonego L.,Humbert U.,0,0,hc,1.50,away,ft,1.494,5
O8plZegm,Sonego L.,Humbert U.,0,0,hc,-1.50,home,ft,3.677,3
O8plZegm,Sonego L.,Humbert U.,0,0,hc,-1.50,away,ft,1.277,3
O8plZegm,Sonego L.,Humbert U.,0,0,hc,2.00,home,ft,2.4,5
O8plZegm,Sonego L.,Humbert U.,0,0,hc,2.00,away,ft,1.558,5
O8plZegm,Sonego L.,Humbert U.,0,0,hc,2.50,home,ft,2.184,5
O8plZegm,Sonego L.,Humbert U.,0,0,hc,2.50,away,ft,1.68,5
O8plZegm,Sonego L.,Humbert U.,0,0,hc,3.00,home,ft,1.94,5
O8plZegm,Sonego L.,Humbert U.,0,0,hc,3.00,away,ft,1.848,5
O8plZegm,Sonego L.,Humbert U.,0,0,hc,3.50,home,ft,1.72,5
O8plZegm,Sonego L.,Humbert U.,0,0,hc,3.50,away,ft,2.126,5
O8plZegm,Sonego L.,Humbert U.,0,0,hc,4.00,home,ft,1.508,5
O8plZegm,Sonego L.,Humbert U.,0,0,hc,4.00,away,ft,2.54,5
O8plZegm,Sonego L.,Humbert U.,0,0,hc,4.50,home,ft,1.412,5
O8plZegm,Sonego L.,Humbert U.,0,0,hc,4.50,away,ft,2.892,5
O8plZegm,Sonego L.,Humbert U.,0,0,hc,5.00,home,ft,1.24,2
O8plZegm,Sonego L.,Humbert U.,0,0,hc,5.00,away,ft,3.82,2
O8plZegm,Sonego L.,Humbert U.,0,0,hc,5.50,home,ft,1.176,5
O8plZegm,Sonego L.,Humbert U.,0,0,hc,5.50,away,ft,4.756,5
O8plZegm,Sonego L.,Humbert U.,0,0,hc,6.00,home,ft,1.09,2
O8plZegm,Sonego L.,Humbert U.,0,0,hc,6.00,away,ft,6.75,2
YkWeSbMc,Bergs Z.,Zhang Z.,,,ou,2.50,over,ft,2.235,2
YkWeSbMc,Bergs Z.,Zhang Z.,,,ou,2.50,under,ft,1.71,2
YkWeSbMc,Bergs Z.,Zhang Z.,,,ou,20.00,over,ft,1.27,2
YkWeSbMc,Bergs Z.,Zhang Z.,,,ou,20.00,under,ft,3.28,2
YkWeSbMc,Bergs Z.,Zhang Z.,,,ou,20.50,over,ft,1.37,2
YkWeSbMc,Bergs Z.,Zhang Z.,,,ou,20.50,under,ft,2.81,2
YkWeSbMc,Bergs Z.,Zhang Z.,,,ou,21.00,over,ft,1.375,2
YkWeSbMc,Bergs Z.,Zhang Z.,,,ou,21.00,under,ft,2.74,2
YkWeSbMc,Bergs Z.,Zhang Z.,,,ou,21.50,over,ft,1.47,2
YkWeSbMc,Bergs Z.,Zhang Z.,,,ou,21.50,under,ft,2.46,2
YkWeSbMc,Bergs Z.,Zhang Z.,,,ou,22.00,over,ft,1.574,5
YkWeSbMc,Bergs Z.,Zhang Z.,,,ou,22.00,under,ft,2.342,5
YkWeSbMc,Bergs Z.,Zhang Z.,,,ou,22.50,over,ft,1.726,5
YkWeSbMc,Bergs Z.,Zhang Z.,,,ou,22.50,under,ft,2.098,5
YkWeSbMc,Bergs Z.,Zhang Z.,,,ou,23.00,over,ft,1.848,5
YkWeSbMc,Bergs Z.,Zhang Z.,,,ou,23.00,under,ft,1.954,5
YkWeSbMc,Bergs Z.,Zhang Z.,,,ou,23.50,over,ft,1.984,5
YkWeSbMc,Bergs Z.,Zhang Z.,,,ou,23.50,under,ft,1.834,5
YkWeSbMc,Bergs Z.,Zhang Z.,,,ou,24.00,over,ft,2.008,5
YkWeSbMc,Bergs Z.,Zhang Z.,,,ou,24.00,under,ft,1.8,5
YkWeSbMc,Bergs Z.,Zhang Z.,,,ou,24.50,over,ft,2.04,4
YkWeSbMc,Bergs Z.,Zhang Z.,,,ou,24.50,under,ft,1.785,4
YkWeSbMc,Bergs Z.,Zhang Z.,,,ou,25.00,over,ft,2.09,2
YkWeSbMc,Bergs Z.,Zhang Z.,,,ou,25.00,under,ft,1.66,2
YkWeSbMc,Bergs Z.,Zhang Z.,,,ou,25.50,over,ft,2.16,2
YkWeSbMc,Bergs Z.,Zhang Z.,,,ou,25.50,under,ft,1.605,2
YkWeSbMc,Bergs Z.,Zhang Z.,,,ou,26.00,over,ft,2.33,2
YkWeSbMc,Bergs Z.,Zhang Z.,,,ou,26.00,under,ft,1.51,2
YkWeSbMc,Bergs Z.,Zhang Z.,,,hc,1.00,home,ft,1.39,2
YkWeSbMc,Bergs Z.,Zhang Z.,,,hc,1.00,away,ft,2.76,2
YkWeSbMc,Bergs Z.,Zhang Z.,,,hc,-1.00,home,ft,2.055,2
YkWeSbMc,Bergs Z.,Zhang Z.,,,hc,-1.00,away,ft,1.65,2
YkWeSbMc,Bergs Z.,Zhang Z.,,,hc,1.50,home,ft,1.244,5
YkWeSbMc,Bergs Z.,Zhang Z.,,,hc,1.50,away,ft,3.852,5
YkWeSbMc,Bergs Z.,Zhang Z.,,,hc,-1.50,home,ft,2.726,5
YkWeSbMc,Bergs Z.,Zhang Z.,,,hc,-1.50,away,ft,1.436,5
YkWeSbMc,Bergs Z.,Zhang Z.,,,hc,0,home,ft,1.692,5
YkWeSbMc,Bergs Z.,Zhang Z.,,,hc,0,away,ft,2.092,5
YkWeSbMc,Bergs Z.,Zhang Z.,,,hc,0.50,home,ft,1.593,3
YkWeSbMc,Bergs Z.,Zhang Z.,,,hc,0.50,away,ft,2.19,3
YkWeSbMc,Bergs Z.,Zhang Z.,,,hc,-0.50,home,ft,1.728,5
YkWeSbMc,Bergs Z.,Zhang Z.,,,hc,-0.50,away,ft,2.066,5
YkWeSbMc,Bergs Z.,Zhang Z.,,,hc,1.00,home,ft,1.51,2
YkWeSbMc,Bergs Z.,Zhang Z.,,,hc,1.00,away,ft,2.335,2
YkWeSbMc,Bergs Z.,Zhang Z.,,,hc,-1.00,home,ft,1.782,5
YkWeSbMc,Bergs Z.,Zhang Z.,,,hc,-1.00,away,ft,1.982,5
YkWeSbMc,Bergs Z.,Zhang Z.,,,hc,1.50,home,ft,1.45,2
YkWeSbMc,Bergs Z.,Zhang Z.,,,hc,1.50,away,ft,2.49,2
YkWeSbMc,Bergs Z.,Zhang Z.,,,hc,-1.50,home,ft,1.88,5
YkWeSbMc,Bergs Z.,Zhang Z.,,,hc,-1.50,away,ft,1.918,5
YkWeSbMc,Bergs Z.,Zhang Z.,,,hc,2.00,home,ft,1.43,2
YkWeSbMc,Bergs Z.,Zhang Z.,,,hc,2.00,away,ft,2.54,2
YkWeSbMc,Bergs Z.,Zhang Z.,,,hc,-2.00,home,ft,1.992,5
YkWeSbMc,Bergs Z.,Zhang Z.,,,hc,-2.00,away,ft,1.772,5
YkWeSbMc,Bergs Z.,Zhang Z.,,,hc,2.50,home,ft,1.57,2
YkWeSbMc,Bergs Z.,Zhang Z.,,,hc,2.50,away,ft,2.3,2
YkWeSbMc,Bergs Z.,Zhang Z.,,,hc,-2.50,home,ft,2.134,5
YkWeSbMc,Bergs Z.,Zhang Z.,,,hc,-2.50,away,ft,1.68,5
YkWeSbMc,Bergs Z.,Zhang Z.,,,hc,3.00,home,ft,1.38,2
YkWeSbMc,Bergs Z.,Zhang Z.,,,hc,3.00,away,ft,2.9,2
YkWeSbMc,Bergs Z.,Zhang Z.,,,hc,-3.00,home,ft,2.405,2
YkWeSbMc,Bergs Z.,Zhang Z.,,,hc,-3.00,away,ft,1.48,2
YkWeSbMc,Bergs Z.,Zhang Z.,,,hc,-3.50,home,ft,2.67,3
YkWeSbMc,Bergs Z.,Zhang Z.,,,hc,-3.50,away,ft,1.407,3
YkWeSbMc,Bergs Z.,Zhang Z.,,,hc,-4.00,home,ft,3.415,2
YkWeSbMc,Bergs Z.,Zhang Z.,,,hc,-4.00,away,ft,1.25,2
OzLOEMXP,Struff J-L.,Grenier H.,2,2,ou,2.50,over,ft,2.31,2
OzLOEMXP,Struff J-L.,Grenier H.,2,2,ou,2.50,under,ft,1.67,2
OzLOEMXP,Struff J-L.,Grenier H.,2,2,ou,20.00,over,ft,1.275,2
OzLOEMXP,Struff J-L.,Grenier H.,2,2,ou,20.00,under,ft,3.25,2
OzLOEMXP,Struff J-L.,Grenier H.,2,2,ou,20.50,over,ft,1.385,2
OzLOEMXP,Struff J-L.,Grenier H.,2,2,ou,20.50,under,ft,2.75,2
OzLOEMXP,Struff J-L.,Grenier H.,2,2,ou,21.00,over,ft,1.435,2
OzLOEMXP,Struff J-L.,Grenier H.,2,2,ou,21.00,under,ft,2.605,2
OzLOEMXP,Struff J-L.,Grenier H.,2,2,ou,21.50,over,ft,1.57,5
OzLOEMXP,Struff J-L.,Grenier H.,2,2,ou,21.50,under,ft,2.344,5
OzLOEMXP,Struff J-L.,Grenier H.,2,2,ou,22.00,over,ft,1.66,5
OzLOEMXP,Struff J-L.,Grenier H.,2,2,ou,22.00,under,ft,2.214,5
OzLOEMXP,Struff J-L.,Grenier H.,2,2,ou,22.50,over,ft,1.824,5
OzLOEMXP,Struff J-L.,Grenier H.,2,2,ou,22.50,under,ft,1.994,5
OzLOEMXP,Struff J-L.,Grenier H.,2,2,ou,23.00,over,ft,1.944,5
OzLOEMXP,Struff J-L.,Grenier H.,2,2,ou,23.00,under,ft,1.856,5
OzLOEMXP,Struff J-L.,Grenier H.,2,2,ou,23.50,over,ft,2.08,5
OzLOEMXP,Struff J-L.,Grenier H.,2,2,ou,23.50,under,ft,1.738,5
OzLOEMXP,Struff J-L.,Grenier H.,2,2,ou,24.00,over,ft,2.1,5
OzLOEMXP,Struff J-L.,Grenier H.,2,2,ou,24.00,under,ft,1.72,5
OzLOEMXP,Struff J-L.,Grenier H.,2,2,ou,24.50,over,ft,2.105,2
OzLOEMXP,Struff J-L.,Grenier H.,2,2,ou,24.50,under,ft,1.64,2
OzLOEMXP,Struff J-L.,Grenier H.,2,2,ou,25.00,over,ft,2.19,2
OzLOEMXP,Struff J-L.,Grenier H.,2,2,ou,25.00,under,ft,1.575,2
OzLOEMXP,Struff J-L.,Grenier H.,2,2,hc,-1.00,home,ft,1.5,2
OzLOEMXP,Struff J-L.,Grenier H.,2,2,hc,-1.00,away,ft,2.34,2
OzLOEMXP,Struff J-L.,Grenier H.,2,2,hc,1.50,home,ft,1.124,5
OzLOEMXP,Struff J-L.,Grenier H.,2,2,hc,1.50,away,ft,5.784,5
OzLOEMXP,Struff J-L.,Grenier H.,2,2,hc,-1.50,home,ft,2.05,5
OzLOEMXP,Struff J-L.,Grenier H.,2,2,hc,-1.50,away,ft,1.74,5
OzLOEMXP,Struff J-L.,Grenier H.,2,2,hc,0,home,ft,1.34,2
OzLOEMXP,Struff J-L.,Grenier H.,2,2,hc,0,away,ft,3.1,2
OzLOEMXP,Struff J-L.,Grenier H.,2,2,hc,-0.50,home,ft,1.4,2
OzLOEMXP,Struff J-L.,Grenier H.,2,2,hc,-0.50,away,ft,2.82,2
OzLOEMXP,Struff J-L.,Grenier H.,2,2,hc,-1.00,home,ft,1.4,2
OzLOEMXP,Struff J-L.,Grenier H.,2,2,hc,-1.00,away,ft,2.82,2
OzLOEMXP,Struff J-L.,Grenier H.,2,2,hc,-1.50,home,ft,1.453,3
OzLOEMXP,Struff J-L.,Grenier H.,2,2,hc,-1.50,away,ft,2.623,3
OzLOEMXP,Struff J-L.,Grenier H.,2,2,hc,-2.00,home,ft,1.534,5
OzLOEMXP,Struff J-L.,Grenier H.,2,2,hc,-2.00,away,ft,2.46,5
OzLOEMXP,Struff J-L.,Grenier H.,2,2,hc,-2.50,home,ft,1.648,5
OzLOEMXP,Struff J-L.,Grenier H.,2,2,hc,-2.50,away,ft,2.244,5
OzLOEMXP,Struff J-L.,Grenier H.,2,2,hc,-3.00,home,ft,1.798,5
OzLOEMXP,Struff J-L.,Grenier H.,2,2,hc,-3.00,away,ft,2.0,5
OzLOEMXP,Struff J-L.,Grenier H.,2,2,hc,-3.50,home,ft,2.044,5
OzLOEMXP,Struff J-L.,Grenier H.,2,2,hc,-3.50,away,ft,1.82,5
OzLOEMXP,Struff J-L.,Grenier H.,2,2,hc,-4.00,home,ft,2.418,5
OzLOEMXP,Struff J-L.,Grenier H.,2,2,hc,-4.00,away,ft,1.552,5
OzLOEMXP,Struff J-L.,Grenier H.,2,2,hc,-4.50,home,ft,2.782,5
OzLOEMXP,Struff J-L.,Grenier H.,2,2,hc,-4.50,away,ft,1.44,5
OzLOEMXP,Struff J-L.,Grenier H.,2,2,hc,-5.00,home,ft,3.82,2
OzLOEMXP,Struff J-L.,Grenier H.,2,2,hc,-5.00,away,ft,1.24,2
OzLOEMXP,Struff J-L.,Grenier H.,2,2,hc,-5.50,home,ft,4.233,3
OzLOEMXP,Struff J-L.,Grenier H.,2,2,hc,-5.50,away,ft,1.203,3
OzLOEMXP,Struff J-L.,Grenier H.,2,2,hc,-6.00,home,ft,6.875,2
OzLOEMXP,Struff J-L.,Grenier H.,2,2,hc,-6.00,away,ft,1.085,2
bwc0j8Wq,Medvedev D.,Herbert P.,2,2,ou,2.50,over,ft,3.295,2
bwc0j8Wq,Medvedev D.,Herbert P.,2,2,ou,2.50,under,ft,1.375,2
bwc0j8Wq,Medvedev D.,Herbert P.,2,2,ou,17.50,over,ft,1.14,2
bwc0j8Wq,Medvedev D.,Herbert P.,2,2,ou,17.50,under,ft,4.59,2
bwc0j8Wq,Medvedev D.,Herbert P.,2,2,ou,18.00,over,ft,1.21,2
bwc0j8Wq,Medvedev D.,Herbert P.,2,2,ou,18.00,under,ft,3.76,2
bwc0j8Wq,Medvedev D.,Herbert P.,2,2,ou,18.50,over,ft,1.38,2
bwc0j8Wq,Medvedev D.,Herbert P.,2,2,ou,18.50,under,ft,2.77,2
bwc0j8Wq,Medvedev D.,Herbert P.,2,2,ou,19.00,over,ft,1.43,2
bwc0j8Wq,Medvedev D.,Herbert P.,2,2,ou,19.00,under,ft,2.62,2
bwc0j8Wq,Medvedev D.,Herbert P.,2,2,ou,19.50,over,ft,1.574,5
bwc0j8Wq,Medvedev D.,Herbert P.,2,2,ou,19.50,under,ft,2.378,5
bwc0j8Wq,Medvedev D.,Herbert P.,2,2,ou,20.00,over,ft,1.702,5
bwc0j8Wq,Medvedev D.,Herbert P.,2,2,ou,20.00,under,ft,2.146,5
bwc0j8Wq,Medvedev D.,Herbert P.,2,2,ou,20.50,over,ft,1.894,5
bwc0j8Wq,Medvedev D.,Herbert P.,2,2,ou,20.50,under,ft,1.928,5
bwc0j8Wq,Medvedev D.,Herbert P.,2,2,ou,21.00,over,ft,2.002,5
bwc0j8Wq,Medvedev D.,Herbert P.,2,2,ou,21.00,under,ft,1.804,5
bwc0j8Wq,Medvedev D.,Herbert P.,2,2,ou,21.50,over,ft,2.116,5
bwc0j8Wq,Medvedev D.,Herbert P.,2,2,ou,21.50,under,ft,1.714,5
bwc0j8Wq,Medvedev D.,Herbert P.,2,2,ou,22.00,over,ft,2.254,5
bwc0j8Wq,Medvedev D.,Herbert P.,2,2,ou,22.00,under,ft,1.608,5
bwc0j8Wq,Medvedev D.,Herbert P.,2,2,ou,22.50,over,ft,2.332,5
bwc0j8Wq,Medvedev D.,Herbert P.,2,2,ou,22.50,under,ft,1.568,5
bwc0j8Wq,Medvedev D.,Herbert P.,2,2,ou,23.00,over,ft,2.497,3
bwc0j8Wq,Medvedev D.,Herbert P.,2,2,ou,23.00,under,ft,1.5,3
bwc0j8Wq,Medvedev D.,Herbert P.,2,2,ou,23.50,over,ft,2.62,2
bwc0j8Wq,Medvedev D.,Herbert P.,2,2,ou,23.50,under,ft,1.42,2
bwc0j8Wq,Medvedev D.,Herbert P.,2,2,ou,24.00,over,ft,2.68,2
bwc0j8Wq,Medvedev D.,Herbert P.,2,2,ou,24.00,under,ft,1.39,2
bwc0j8Wq,Medvedev D.,Herbert P.,2,2,ou,24.50,over,ft,1.94,2
bwc0j8Wq,Medvedev D.,Herbert P.,2,2,ou,24.50,under,ft,1.73,2
bwc0j8Wq,Medvedev D.,Herbert P.,2,2,ou,25.00,over,ft,2.35,2
bwc0j8Wq,Medvedev D.,Herbert P.,2,2,ou,25.00,under,ft,1.5,2
bwc0j8Wq,Medvedev D.,Herbert P.,2,2,ou,25.50,over,ft,2.09,2
bwc0j8Wq,Medvedev D.,Herbert P.,2,2,ou,25.50,under,ft,1.63,2
bwc0j8Wq,Medvedev D.,Herbert P.,2,2,ou,26.50,over,ft,2.29,2
bwc0j8Wq,Medvedev D.,Herbert P.,2,2,ou,26.50,under,ft,1.53,2
bwc0j8Wq,Medvedev D.,Herbert P.,2,2,ou,27.50,over,ft,2.45,2
bwc0j8Wq,Medvedev D.,Herbert P.,2,2,ou,27.50,under,ft,1.46,2
bwc0j8Wq,Medvedev D.,Herbert P.,2,2,hc,-1.00,home,ft,1.15,2
bwc0j8Wq,Medvedev D.,Herbert P.,2,2,hc,-1.00,away,ft,4.5,2
bwc0j8Wq,Medvedev D.,Herbert P.,2,2,hc,1.50,home,ft,1.057,3
bwc0j8Wq,Medvedev D.,Herbert P.,2,2,hc,1.50,away,ft,10.318,5
bwc0j8Wq,Medvedev D.,Herbert P.,2,2,hc,-1.50,home,ft,1.496,5
bwc0j8Wq,Medvedev D.,Herbert P.,2,2,hc,-1.50,away,ft,2.526,5
bwc0j8Wq,Medvedev D.,Herbert P.,2,2,hc,-1.00,home,ft,1.28,2
bwc0j8Wq,Medvedev D.,Herbert P.,2,2,hc,-1.00,away,ft,3.48,2
bwc0j8Wq,Medvedev D.,Herbert P.,2,2,hc,-1.50,home,ft,1.27,2
bwc0j8Wq,Medvedev D.,Herbert P.,2,2,hc,-1.50,away,ft,3.31,2
bwc0j8Wq,Medvedev D.,Herbert P.,2,2,hc,-2.00,home,ft,1.18,2
bwc0j8Wq,Medvedev D.,Herbert P.,2,2,hc,-2.00,away,ft,4.5,2
bwc0j8Wq,Medvedev D.,Herbert P.,2,2,hc,-2.50,home,ft,1.267,3
bwc0j8Wq,Medvedev D.,Herbert P.,2,2,hc,-2.50,away,ft,3.593,3
bwc0j8Wq,Medvedev D.,Herbert P.,2,2,hc,-3.00,home,ft,1.364,5
bwc0j8Wq,Medvedev D.,Herbert P.,2,2,hc,-3.00,away,ft,3.082,5
bwc0j8Wq,Medvedev D.,Herbert P.,2,2,hc,-3.50,home,ft,1.42,5
bwc0j8Wq,Medvedev D.,Herbert P.,2,2,hc,-3.50,away,ft,2.868,5
bwc0j8Wq,Medvedev D.,Herbert P.,2,2,hc,-4.00,home,ft,1.554,5
bwc0j8Wq,Medvedev D.,Herbert P.,2,2,hc,-4.00,away,ft,2.424,5
bwc0j8Wq,Medvedev D.,Herbert P.,2,2,hc,-4.50,home,ft,1.942,5
bwc0j8Wq,Medvedev D.,Herbert P.,2,2,hc,-4.50,away,ft,1.896,5
bwc0j8Wq,Medvedev D.,Herbert P.,2,2,hc,-5.00,home,ft,2.11,5
bwc0j8Wq,Medvedev D.,Herbert P.,2,2,hc,-5.00,away,ft,1.716,5
bwc0j8Wq,Medvedev D.,Herbert P.,2,2,hc,-5.50,home,ft,2.412,5
bwc0j8Wq,Medvedev D.,Herbert P.,2,2,hc,-5.50,away,ft,1.57,5
bwc0j8Wq,Medvedev D.,Herbert P.,2,2,hc,-6.00,home,ft,3.34,2
bwc0j8Wq,Medvedev D.,Herbert P.,2,2,hc,-6.00,away,ft,1.3,2
bwc0j8Wq,Medvedev D.,Herbert P.,2,2,hc,-6.50,home,ft,4.167,3
bwc0j8Wq,Medvedev D.,Herbert P.,2,2,hc,-6.50,away,ft,1.207,3
bwc0j8Wq,Medvedev D.,Herbert P.,2,2,hc,-7.00,home,ft,5.7,2
bwc0j8Wq,Medvedev D.,Herbert P.,2,2,hc,-7.00,away,ft,1.12,2
KOsXeTbk,Zhang Z.,Hurkacz H.,2,2,ou,2.50,over,ft,2.58,2
KOsXeTbk,Zhang Z.,Hurkacz H.,2,2,ou,2.50,under,ft,1.555,2
KOsXeTbk,Zhang Z.,Hurkacz H.,2,2,ou,18.50,over,ft,1.18,2
KOsXeTbk,Zhang Z.,Hurkacz H.,2,2,ou,18.50,under,ft,4.12,2
KOsXeTbk,Zhang Z.,Hurkacz H.,2,2,ou,19.50,over,ft,1.3,2
KOsXeTbk,Zhang Z.,Hurkacz H.,2,2,ou,19.50,under,ft,3.12,2
KOsXeTbk,Zhang Z.,Hurkacz H.,2,2,ou,20.00,over,ft,1.25,2
KOsXeTbk,Zhang Z.,Hurkacz H.,2,2,ou,20.00,under,ft,3.42,2
KOsXeTbk,Zhang Z.,Hurkacz H.,2,2,ou,20.50,over,ft,1.32,2
KOsXeTbk,Zhang Z.,Hurkacz H.,2,2,ou,20.50,under,ft,3.04,2
KOsXeTbk,Zhang Z.,Hurkacz H.,2,2,ou,21.00,over,ft,1.37,2
KOsXeTbk,Zhang Z.,Hurkacz H.,2,2,ou,21.00,under,ft,2.85,2
KOsXeTbk,Zhang Z.,Hurkacz H.,2,2,ou,21.50,over,ft,1.506,5
KOsXeTbk,Zhang Z.,Hurkacz H.,2,2,ou,21.50,under,ft,2.51,5
KOsXeTbk,Zhang Z.,Hurkacz H.,2,2,ou,22.00,over,ft,1.588,5
KOsXeTbk,Zhang Z.,Hurkacz H.,2,2,ou,22.00,under,ft,2.364,5
KOsXeTbk,Zhang Z.,Hurkacz H.,2,2,ou,22.50,over,ft,1.762,5
KOsXeTbk,Zhang Z.,Hurkacz H.,2,2,ou,22.50,under,ft,2.064,5
KOsXeTbk,Zhang Z.,Hurkacz H.,2,2,ou,23.00,over,ft,1.914,5
KOsXeTbk,Zhang Z.,Hurkacz H.,2,2,ou,23.00,under,ft,1.886,5
KOsXeTbk,Zhang Z.,Hurkacz H.,2,2,ou,23.50,over,ft,2.092,5
KOsXeTbk,Zhang Z.,Hurkacz H.,2,2,ou,23.50,under,ft,1.73,5
KOsXeTbk,Zhang Z.,Hurkacz H.,2,2,ou,24.00,over,ft,2.106,5
KOsXeTbk,Zhang Z.,Hurkacz H.,2,2,ou,24.00,under,ft,1.714,5
KOsXeTbk,Zhang Z.,Hurkacz H.,2,2,ou,24.50,over,ft,2.08,2
KOsXeTbk,Zhang Z.,Hurkacz H.,2,2,ou,24.50,under,ft,1.65,2
KOsXeTbk,Zhang Z.,Hurkacz H.,2,2,ou,25.00,over,ft,2.14,2
KOsXeTbk,Zhang Z.,Hurkacz H.,2,2,ou,25.00,under,ft,1.6,2
KOsXeTbk,Zhang Z.,Hurkacz H.,2,2,ou,25.50,over,ft,2.15,2
KOsXeTbk,Zhang Z.,Hurkacz H.,2,2,ou,25.50,under,ft,1.59,2
KOsXeTbk,Zhang Z.,Hurkacz H.,2,2,ou,26.50,over,ft,2.35,2
KOsXeTbk,Zhang Z.,Hurkacz H.,2,2,ou,26.50,under,ft,1.5,2
KOsXeTbk,Zhang Z.,Hurkacz H.,2,2,hc,1.00,home,ft,2.88,2
KOsXeTbk,Zhang Z.,Hurkacz H.,2,2,hc,1.00,away,ft,1.345,2
KOsXeTbk,Zhang Z.,Hurkacz H.,2,2,hc,1.50,home,ft,1.954,5
KOsXeTbk,Zhang Z.,Hurkacz H.,2,2,hc,1.50,away,ft,1.816,5
KOsXeTbk,Zhang Z.,Hurkacz H.,2,2,hc,-1.50,home,ft,7.832,5
KOsXeTbk,Zhang Z.,Hurkacz H.,2,2,hc,-1.50,away,ft,1.074,5
KOsXeTbk,Zhang Z.,Hurkacz H.,2,2,hc,1.00,home,ft,3.55,2
KOsXeTbk,Zhang Z.,Hurkacz H.,2,2,hc,1.00,away,ft,1.27,2
KOsXeTbk,Zhang Z.,Hurkacz H.,2,2,hc,1.50,home,ft,3.08,3
KOsXeTbk,Zhang Z.,Hurkacz H.,2,2,hc,1.50,away,ft,1.34,3
KOsXeTbk,Zhang Z.,Hurkacz H.,2,2,hc,2.00,home,ft,2.91,2
KOsXeTbk,Zhang Z.,Hurkacz H.,2,2,hc,2.00,away,ft,1.38,2
KOsXeTbk,Zhang Z.,Hurkacz H.,2,2,hc,2.50,home,ft,2.522,5
KOsXeTbk,Zhang Z.,Hurkacz H.,2,2,hc,2.50,away,ft,1.522,5
KOsXeTbk,Zhang Z.,Hurkacz H.,2,2,hc,3.00,home,ft,2.142,5
KOsXeTbk,Zhang Z.,Hurkacz H.,2,2,hc,3.00,away,ft,1.692,5
KOsXeTbk,Zhang Z.,Hurkacz H.,2,2,hc,3.50,home,ft,1.828,5
KOsXeTbk,Zhang Z.,Hurkacz H.,2,2,hc,3.50,away,ft,2.02,5
KOsXeTbk,Zhang Z.,Hurkacz H.,2,2,hc,4.00,home,ft,1.592,5
KOsXeTbk,Zhang Z.,Hurkacz H.,2,2,hc,4.00,away,ft,2.33,5
KOsXeTbk,Zhang Z.,Hurkacz H.,2,2,hc,4.50,home,ft,1.476,5
KOsXeTbk,Zhang Z.,Hurkacz H.,2,2,hc,4.50,away,ft,2.664,5
KOsXeTbk,Zhang Z.,Hurkacz H.,2,2,hc,5.00,home,ft,1.225,2
KOsXeTbk,Zhang Z.,Hurkacz H.,2,2,hc,5.00,away,ft,3.95,2
KOsXeTbk,Zhang Z.,Hurkacz H.,2,2,hc,5.50,home,ft,1.157,3
KOsXeTbk,Zhang Z.,Hurkacz H.,2,2,hc,5.50,away,ft,4.883,3
KOsXeTbk,Zhang Z.,Hurkacz H.,2,2,hc,6.00,home,ft,1.1,2
KOsXeTbk,Zhang Z.,Hurkacz H.,2,2,hc,6.00,away,ft,6.375,2
OnwdIb6L,Borges N.,Bergs Z.,1,1,ou,2.50,over,ft,2.205,2
OnwdIb6L,Borges N.,Bergs Z.,1,1,ou,2.50,under,ft,1.73,2
OnwdIb6L,Borges N.,Bergs Z.,1,1,ou,19.50,over,ft,1.21,2
OnwdIb6L,Borges N.,Bergs Z.,1,1,ou,19.50,under,ft,3.72,2
OnwdIb6L,Borges N.,Bergs Z.,1,1,ou,20.00,over,ft,1.26,2
OnwdIb6L,Borges N.,Bergs Z.,1,1,ou,20.00,under,ft,3.35,2
OnwdIb6L,Borges N.,Bergs Z.,1,1,ou,20.50,over,ft,1.36,2
OnwdIb6L,Borges N.,Bergs Z.,1,1,ou,20.50,under,ft,2.85,2
OnwdIb6L,Borges N.,Bergs Z.,1,1,ou,21.00,over,ft,1.41,2
OnwdIb6L,Borges N.,Bergs Z.,1,1,ou,21.00,under,ft,2.69,2
OnwdIb6L,Borges N.,Bergs Z.,1,1,ou,21.50,over,ft,1.51,2
OnwdIb6L,Borges N.,Bergs Z.,1,1,ou,21.50,under,ft,2.43,2
OnwdIb6L,Borges N.,Bergs Z.,1,1,ou,22.00,over,ft,1.618,5
OnwdIb6L,Borges N.,Bergs Z.,1,1,ou,22.00,under,ft,2.298,5
OnwdIb6L,Borges N.,Bergs Z.,1,1,ou,22.50,over,ft,1.77,5
OnwdIb6L,Borges N.,Bergs Z.,1,1,ou,22.50,under,ft,2.06,5
OnwdIb6L,Borges N.,Bergs Z.,1,1,ou,23.00,over,ft,1.876,5
OnwdIb6L,Borges N.,Bergs Z.,1,1,ou,23.00,under,ft,1.93,5
OnwdIb6L,Borges N.,Bergs Z.,1,1,ou,23.50,over,ft,1.988,5
OnwdIb6L,Borges N.,Bergs Z.,1,1,ou,23.50,under,ft,1.838,5
OnwdIb6L,Borges N.,Bergs Z.,1,1,ou,24.00,over,ft,2.022,5
OnwdIb6L,Borges N.,Bergs Z.,1,1,ou,24.00,under,ft,1.776,5
OnwdIb6L,Borges N.,Bergs Z.,1,1,ou,24.50,over,ft,2.02,2
OnwdIb6L,Borges N.,Bergs Z.,1,1,ou,24.50,under,ft,1.69,2
OnwdIb6L,Borges N.,Bergs Z.,1,1,ou,25.00,over,ft,2.11,2
OnwdIb6L,Borges N.,Bergs Z.,1,1,ou,25.00,under,ft,1.62,2
OnwdIb6L,Borges N.,Bergs Z.,1,1,ou,25.50,over,ft,2.19,2
OnwdIb6L,Borges N.,Bergs Z.,1,1,ou,25.50,under,ft,1.59,2
OnwdIb6L,Borges N.,Bergs Z.,1,1,ou,26.00,over,ft,2.35,2
OnwdIb6L,Borges N.,Bergs Z.,1,1,ou,26.00,under,ft,1.5,2
OnwdIb6L,Borges N.,Bergs Z.,1,1,ou,26.50,over,ft,2.32,2
OnwdIb6L,Borges N.,Bergs Z.,1,1,ou,26.50,under,ft,1.51,2
OnwdIb6L,Borges N.,Bergs Z.,1,1,ou,27.50,over,ft,2.5,2
OnwdIb6L,Borges N.,Bergs Z.,1,1,ou,27.50,under,ft,1.44,2
OnwdIb6L,Borges N.,Bergs Z.,1,1,hc,1.00,home,ft,1.63,2
OnwdIb6L,Borges N.,Bergs Z.,1,1,hc,1.00,away,ft,2.09,2
OnwdIb6L,Borges N.,Bergs Z.,1,1,hc,-1.00,home,ft,2.66,2
OnwdIb6L,Borges N.,Bergs Z.,1,1,hc,-1.00,away,ft,1.4,2
OnwdIb6L,Borges N.,Bergs Z.,1,1,hc,1.50,home,ft,1.422,5
OnwdIb6L,Borges N.,Bergs Z.,1,1,hc,1.50,away,ft,2.734,5
OnwdIb6L,Borges N.,Bergs Z.,1,1,hc,-1.50,home,ft,3.708,5
OnwdIb6L,Borges N.,Bergs Z.,1,1,hc,-1.50,away,ft,1.26,5
OnwdIb6L,Borges N.,Bergs Z.,1,1,hc,0,home,ft,2.09,5
OnwdIb6L,Borges N.,Bergs Z.,1,1,hc,0,away,ft,1.698,5
OnwdIb6L,Borges N.,Bergs Z.,1,1,hc,0.50,home,ft,2.026,5
OnwdIb6L,Borges N.,Bergs Z.,1,1,hc,0.50,away,ft,1.756,5
OnwdIb6L,Borges N.,Bergs Z.,1,1,hc,-0.50,home,ft,2.148,5
OnwdIb6L,Borges N.,Bergs Z.,1,1,hc,-0.50,away,ft,1.666,5
OnwdIb6L,Borges N.,Bergs Z.,1,1,hc,1.00,home,ft,1.944,5
OnwdIb6L,Borges N.,Bergs Z.,1,1,hc,1.00,away,ft,1.816,5
OnwdIb6L,Borges N.,Bergs Z.,1,1,hc,-1.00,home,ft,2.29,2
OnwdIb6L,Borges N.,Bergs Z.,1,1,hc,-1.00,away,ft,1.53,2
OnwdIb6L,Borges N.,Bergs Z.,1,1,hc,1.50,home,ft,1.894,5
OnwdIb6L,Borges N.,Bergs Z.,1,1,hc,1.50,away,ft,1.926,5
OnwdIb6L,Borges N.,Bergs Z.,1,1,hc,-1.50,home,ft,2.4,2
OnwdIb6L,Borges N.,Bergs Z.,1,1,hc,-1.50,away,ft,1.48,2
OnwdIb6L,Borges N.,Bergs Z.,1,1,hc,2.00,home,ft,1.752,5
OnwdIb6L,Borges N.,Bergs Z.,1,1,hc,2.00,away,ft,2.018,5
OnwdIb6L,Borges N.,Bergs Z.,1,1,hc,-2.00,home,ft,2.43,2
OnwdIb6L,Borges N.,Bergs Z.,1,1,hc,-2.00,away,ft,1.47,2
OnwdIb6L,Borges N.,Bergs Z.,1,1,hc,2.50,home,ft,1.662,5
OnwdIb6L,Borges N.,Bergs Z.,1,1,hc,2.50,away,ft,2.162,5
OnwdIb6L,Borges N.,Bergs Z.,1,1,hc,-2.50,home,ft,2.33,2
OnwdIb6L,Borges N.,Bergs Z.,1,1,hc,-2.50,away,ft,1.51,2
OnwdIb6L,Borges N.,Bergs Z.,1,1,hc,3.00,home,ft,1.48,2
OnwdIb6L,Borges N.,Bergs Z.,1,1,hc,3.00,away,ft,2.41,2
OnwdIb6L,Borges N.,Bergs Z.,1,1,hc,3.50,home,ft,1.423,3
OnwdIb6L,Borges N.,Bergs Z.,1,1,hc,3.50,away,ft,2.623,3
OnwdIb6L,Borges N.,Bergs Z.,1,1,hc,4.00,home,ft,1.26,2
OnwdIb6L,Borges N.,Bergs Z.,1,1,hc,4.00,away,ft,3.36,2
KpJNNgw1,Bublik A.,Humbert U.,0,0,ou,2.50,over,ft,2.605,2
KpJNNgw1,Bublik A.,Humbert U.,0,0,ou,2.50,under,ft,1.51,2
KpJNNgw1,Bublik A.,Humbert U.,0,0,ou,16.50,over,ft,1.04,1
KpJNNgw1,Bublik A.,Humbert U.,0,0,ou,16.50,under,ft,9.75,1
KpJNNgw1,Bublik A.,Humbert U.,0,0,ou,18.50,over,ft,1.21,4
KpJNNgw1,Bublik A.,Humbert U.,0,0,ou,18.50,under,ft,4.035,4
KpJNNgw1,Bublik A.,Humbert U.,0,0,ou,19.00,over,ft,1.27,2
KpJNNgw1,Bublik A.,Humbert U.,0,0,ou,19.00,under,ft,3.28,2
KpJNNgw1,Bublik A.,Humbert U.,0,0,ou,19.50,over,ft,1.4,2
KpJNNgw1,Bublik A.,Humbert U.,0,0,ou,19.50,under,ft,2.98,2
KpJNNgw1,Bublik A.,Humbert U.,0,0,ou,20.00,over,ft,1.38,2
KpJNNgw1,Bublik A.,Humbert U.,0,0,ou,20.00,under,ft,2.72,2
KpJNNgw1,Bublik A.,Humbert U.,0,0,ou,20.50,over,ft,1.568,4
KpJNNgw1,Bublik A.,Humbert U.,0,0,ou,20.50,under,ft,2.42,4
KpJNNgw1,Bublik A.,Humbert U.,0,0,ou,21.00,over,ft,1.602,5
KpJNNgw1,Bublik A.,Humbert U.,0,0,ou,21.00,under,ft,2.308,5
KpJNNgw1,Bublik A.,Humbert U.,0,0,ou,21.50,over,ft,1.736,5
KpJNNgw1,Bublik A.,Humbert U.,0,0,ou,21.50,under,ft,2.128,5
KpJNNgw1,Bublik A.,Humbert U.,0,0,ou,22.00,over,ft,1.834,5
KpJNNgw1,Bublik A.,Humbert U.,0,0,ou,22.00,under,ft,1.972,5
KpJNNgw1,Bublik A.,Humbert U.,0,0,ou,22.50,over,ft,1.956,5
KpJNNgw1,Bublik A.,Humbert U.,0,0,ou,22.50,under,ft,1.84,5
KpJNNgw1,Bublik A.,Humbert U.,0,0,ou,23.00,over,ft,2.156,5
KpJNNgw1,Bublik A.,Humbert U.,0,0,ou,23.00,under,ft,1.696,5
KpJNNgw1,Bublik A.,Humbert U.,0,0,ou,23.50,over,ft,2.318,5
KpJNNgw1,Bublik A.,Humbert U.,0,0,ou,23.50,under,ft,1.614,5
KpJNNgw1,Bublik A.,Humbert U.,0,0,ou,24.00,over,ft,2.28,2
KpJNNgw1,Bublik A.,Humbert U.,0,0,ou,24.00,under,ft,1.56,2
KpJNNgw1,Bublik A.,Humbert U.,0,0,ou,24.50,over,ft,2.325,4
KpJNNgw1,Bublik A.,Humbert U.,0,0,ou,24.50,under,ft,1.558,4
KpJNNgw1,Bublik A.,Humbert U.,0,0,ou,25.00,over,ft,2.4,2
KpJNNgw1,Bublik A.,Humbert U.,0,0,ou,25.00,under,ft,1.48,2
KpJNNgw1,Bublik A.,Humbert U.,0,0,ou,25.50,over,ft,2.53,2
KpJNNgw1,Bublik A.,Humbert U.,0,0,ou,25.50,under,ft,1.43,2
KpJNNgw1,Bublik A.,Humbert U.,0,0,ou,26.50,over,ft,2.862,4
KpJNNgw1,Bublik A.,Humbert U.,0,0,ou,26.50,under,ft,1.385,4
KpJNNgw1,Bublik A.,Humbert U.,0,0,ou,28.50,over,ft,3.45,1
KpJNNgw1,Bublik A.,Humbert U.,0,0,ou,28.50,under,ft,1.3,1
KpJNNgw1,Bublik A.,Humbert U.,0,0,ou,30.50,over,ft,4.65,1
KpJNNgw1,Bublik A.,Humbert U.,0,0,ou,30.50,under,ft,1.18,1
KpJNNgw1,Bublik A.,Humbert U.,0,0,ou,32.50,over,ft,7.5,1
KpJNNgw1,Bublik A.,Humbert U.,0,0,ou,32.50,under,ft,1.08,1
KpJNNgw1,Bublik A.,Humbert U.,0,0,hc,1.00,home,ft,2.66,2
KpJNNgw1,Bublik A.,Humbert U.,0,0,hc,1.00,away,ft,1.4,2
KpJNNgw1,Bublik A.,Humbert U.,0,0,hc,1.50,home,ft,1.918,5
KpJNNgw1,Bublik A.,Humbert U.,0,0,hc,1.50,away,ft,1.814,5
KpJNNgw1,Bublik A.,Humbert U.,0,0,hc,-1.50,home,ft,6.39,5
KpJNNgw1,Bublik A.,Humbert U.,0,0,hc,-1.50,away,ft,1.094,5
KpJNNgw1,Bublik A.,Humbert U.,0,0,hc,1.00,home,ft,3.22,2
KpJNNgw1,Bublik A.,Humbert U.,0,0,hc,1.00,away,ft,1.32,2
KpJNNgw1,Bublik A.,Humbert U.,0,0,hc,1.50,home,ft,2.994,5
KpJNNgw1,Bublik A.,Humbert U.,0,0,hc,1.50,away,ft,1.368,5
KpJNNgw1,Bublik A.,Humbert U.,0,0,hc,-1.50,home,ft,4.36,2
KpJNNgw1,Bublik A.,Humbert U.,0,0,hc,-1.50,away,ft,1.195,2
KpJNNgw1,Bublik A.,Humbert U.,0,0,hc,2.00,home,ft,3.245,2
KpJNNgw1,Bublik A.,Humbert U.,0,0,hc,2.00,away,ft,1.34,2
KpJNNgw1,Bublik A.,Humbert U.,0,0,hc,2.50,home,ft,2.666,5
KpJNNgw1,Bublik A.,Humbert U.,0,0,hc,2.50,away,ft,1.49,5
KpJNNgw1,Bublik A.,Humbert U.,0,0,hc,3.00,home,ft,2.37,5
KpJNNgw1,Bublik A.,Humbert U.,0,0,hc,3.00,away,ft,1.59,5
KpJNNgw1,Bublik A.,Humbert U.,0,0,hc,3.50,home,ft,1.946,5
KpJNNgw1,Bublik A.,Humbert U.,0,0,hc,3.50,away,ft,1.834,5
KpJNNgw1,Bublik A.,Humbert U.,0,0,hc,-3.50,home,ft,6.5,1
KpJNNgw1,Bublik A.,Humbert U.,0,0,hc,-3.50,away,ft,1.08,1
KpJNNgw1,Bublik A.,Humbert U.,0,0,hc,4.00,home,ft,1.798,5
KpJNNgw1,Bublik A.,Humbert U.,0,0,hc,4.00,away,ft,2.026,5
KpJNNgw1,Bublik A.,Humbert U.,0,0,hc,4.50,home,ft,1.618,5
KpJNNgw1,Bublik A.,Humbert U.,0,0,hc,4.50,away,ft,2.336,5
KpJNNgw1,Bublik A.,Humbert U.,0,0,hc,5.00,home,ft,1.42,4
KpJNNgw1,Bublik A.,Humbert U.,0,0,hc,5.00,away,ft,2.973,4
KpJNNgw1,Bublik A.,Humbert U.,0,0,hc,5.50,home,ft,1.3,5
KpJNNgw1,Bublik A.,Humbert U.,0,0,hc,5.50,away,ft,3.462,5
KpJNNgw1,Bublik A.,Humbert U.,0,0,hc,6.00,home,ft,1.17,2
KpJNNgw1,Bublik A.,Humbert U.,0,0,hc,6.00,away,ft,5.15,2
KpJNNgw1,Bublik A.,Humbert U.,0,0,hc,7.50,home,ft,1.03,1
KpJNNgw1,Bublik A.,Humbert U.,0,0,hc,7.50,away,ft,9.25,1
UyEUWPTq,Khachanov K.,Medjedovic H.,0,0,ou,2.50,over,ft,2.38,2
UyEUWPTq,Khachanov K.,Medjedovic H.,0,0,ou,2.50,under,ft,1.63,2
UyEUWPTq,Khachanov K.,Medjedovic H.,0,0,ou,19.50,over,ft,1.22,2
UyEUWPTq,Khachanov K.,Medjedovic H.,0,0,ou,19.50,under,ft,3.62,2
UyEUWPTq,Khachanov K.,Medjedovic H.,0,0,ou,20.00,over,ft,1.25,2
UyEUWPTq,Khachanov K.,Medjedovic H.,0,0,ou,20.00,under,ft,3.42,2
UyEUWPTq,Khachanov K.,Medjedovic H.,0,0,ou,20.50,over,ft,1.35,2
UyEUWPTq,Khachanov K.,Medjedovic H.,0,0,ou,20.50,under,ft,2.85,2
UyEUWPTq,Khachanov K.,Medjedovic H.,0,0,ou,21.00,over,ft,1.37,2
UyEUWPTq,Khachanov K.,Medjedovic H.,0,0,ou,21.00,under,ft,2.76,2
UyEUWPTq,Khachanov K.,Medjedovic H.,0,0,ou,21.50,over,ft,1.47,2
UyEUWPTq,Khachanov K.,Medjedovic H.,0,0,ou,21.50,under,ft,2.46,2
UyEUWPTq,Khachanov K.,Medjedovic H.,0,0,ou,22.00,over,ft,1.594,5
UyEUWPTq,Khachanov K.,Medjedovic H.,0,0,ou,22.00,under,ft,2.32,5
UyEUWPTq,Khachanov K.,Medjedovic H.,0,0,ou,22.50,over,ft,1.752,5
UyEUWPTq,Khachanov K.,Medjedovic H.,0,0,ou,22.50,under,ft,2.068,5
UyEUWPTq,Khachanov K.,Medjedovic H.,0,0,ou,23.00,over,ft,1.882,5
UyEUWPTq,Khachanov K.,Medjedovic H.,0,0,ou,23.00,under,ft,1.918,5
UyEUWPTq,Khachanov K.,Medjedovic H.,0,0,ou,23.50,over,ft,2.04,5
UyEUWPTq,Khachanov K.,Medjedovic H.,0,0,ou,23.50,under,ft,1.788,5
UyEUWPTq,Khachanov K.,Medjedovic H.,0,0,ou,24.00,over,ft,2.056,5
UyEUWPTq,Khachanov K.,Medjedovic H.,0,0,ou,24.00,under,ft,1.764,5
UyEUWPTq,Khachanov K.,Medjedovic H.,0,0,ou,24.50,over,ft,2.03,2
UyEUWPTq,Khachanov K.,Medjedovic H.,0,0,ou,24.50,under,ft,1.72,2
UyEUWPTq,Khachanov K.,Medjedovic H.,0,0,ou,25.00,over,ft,2.11,2
UyEUWPTq,Khachanov K.,Medjedovic H.,0,0,ou,25.00,under,ft,1.65,2
UyEUWPTq,Khachanov K.,Medjedovic H.,0,0,ou,25.50,over,ft,2.17,2
UyEUWPTq,Khachanov K.,Medjedovic H.,0,0,ou,25.50,under,ft,1.6,2
UyEUWPTq,Khachanov K.,Medjedovic H.,0,0,ou,26.00,over,ft,2.35,2
UyEUWPTq,Khachanov K.,Medjedovic H.,0,0,ou,26.00,under,ft,1.5,2
UyEUWPTq,Khachanov K.,Medjedovic H.,0,0,ou,26.50,over,ft,2.38,2
UyEUWPTq,Khachanov K.,Medjedovic H.,0,0,ou,26.50,under,ft,1.49,2
UyEUWPTq,Khachanov K.,Medjedovic H.,0,0,ou,27.50,over,ft,2.54,2
UyEUWPTq,Khachanov K.,Medjedovic H.,0,0,ou,27.50,under,ft,1.43,2
UyEUWPTq,Khachanov K.,Medjedovic H.,0,0,hc,-1.00,home,ft,1.91,2
UyEUWPTq,Khachanov K.,Medjedovic H.,0,0,hc,-1.00,away,ft,1.76,2
UyEUWPTq,Khachanov K.,Medjedovic H.,0,0,hc,1.50,home,ft,1.246,5
UyEUWPTq,Khachanov K.,Medjedovic H.,0,0,hc,1.50,away,ft,3.816,5
UyEUWPTq,Khachanov K.,Medjedovic H.,0,0,hc,-1.50,home,ft,2.552,5
UyEUWPTq,Khachanov K.,Medjedovic H.,0,0,hc,-1.50,away,ft,1.49,5
UyEUWPTq,Khachanov K.,Medjedovic H.,0,0,hc,0,home,ft,1.53,2
UyEUWPTq,Khachanov K.,Medjedovic H.,0,0,hc,0,away,ft,2.29,2
UyEUWPTq,Khachanov K.,Medjedovic H.,0,0,hc,0.50,home,ft,1.51,3
UyEUWPTq,Khachanov K.,Medjedovic H.,0,0,hc,0.50,away,ft,2.37,3
UyEUWPTq,Khachanov K.,Medjedovic H.,0,0,hc,-0.50,home,ft,1.664,5
UyEUWPTq,Khachanov K.,Medjedovic H.,0,0,hc,-0.50,away,ft,2.162,5
UyEUWPTq,Khachanov K.,Medjedovic H.,0,0,hc,1.00,home,ft,1.43,2
UyEUWPTq,Khachanov K.,Medjedovic H.,0,0,hc,1.00,away,ft,2.55,2
UyEUWPTq,Khachanov K.,Medjedovic H.,0,0,hc,-1.00,home,ft,1.716,5
UyEUWPTq,Khachanov K.,Medjedovic H.,0,0,hc,-1.00,away,ft,2.066,5
UyEUWPTq,Khachanov K.,Medjedovic H.,0,0,hc,1.50,home,ft,1.42,2
UyEUWPTq,Khachanov K.,Medjedovic H.,0,0,hc,1.50,away,ft,2.59,2
UyEUWPTq,Khachanov K.,Medjedovic H.,0,0,hc,-1.50,home,ft,1.8,5
UyEUWPTq,Khachanov K.,Medjedovic H.,0,0,hc,-1.50,away,ft,1.974,5
UyEUWPTq,Khachanov K.,Medjedovic H.,0,0,hc,2.00,home,ft,1.41,2
UyEUWPTq,Khachanov K.,Medjedovic H.,0,0,hc,2.00,away,ft,2.6,2
UyEUWPTq,Khachanov K.,Medjedovic H.,0,0,hc,-2.00,home,ft,1.916,5
UyEUWPTq,Khachanov K.,Medjedovic H.,0,0,hc,-2.00,away,ft,1.834,5
UyEUWPTq,Khachanov K.,Medjedovic H.,0,0,hc,-2.50,home,ft,2.06,5
UyEUWPTq,Khachanov K.,Medjedovic H.,0,0,hc,-2.50,away,ft,1.732,5
UyEUWPTq,Khachanov K.,Medjedovic H.,0,0,hc,-3.00,home,ft,2.338,5
UyEUWPTq,Khachanov K.,Medjedovic H.,0,0,hc,-3.00,away,ft,1.566,5
UyEUWPTq,Khachanov K.,Medjedovic H.,0,0,hc,-3.50,home,ft,2.516,5
UyEUWPTq,Khachanov K.,Medjedovic H.,0,0,hc,-3.50,away,ft,1.494,5
UyEUWPTq,Khachanov K.,Medjedovic H.,0,0,hc,-4.00,home,ft,3.15,2
UyEUWPTq,Khachanov K.,Medjedovic H.,0,0,hc,-4.00,away,ft,1.29,2
UyEUWPTq,Khachanov K.,Medjedovic H.,0,0,hc,-4.50,home,ft,3.47,2
UyEUWPTq,Khachanov K.,Medjedovic H.,0,0,hc,-4.50,away,ft,1.24,2
UyEUWPTq,Khachanov K.,Medjedovic H.,0,0,hc,-5.00,home,ft,5.13,2
UyEUWPTq,Khachanov K.,Medjedovic H.,0,0,hc,-5.00,away,ft,1.11,2
fLQvVXj4,Altmaier D.,Virtanen O.,2,2,ou,2.50,over,ft,2.225,2
fLQvVXj4,Altmaier D.,Virtanen O.,2,2,ou,2.50,under,ft,1.72,2
fLQvVXj4,Altmaier D.,Virtanen O.,2,2,ou,20.50,over,ft,1.36,2
fLQvVXj4,Altmaier D.,Virtanen O.,2,2,ou,20.50,under,ft,3.225,2
fLQvVXj4,Altmaier D.,Virtanen O.,2,2,ou,21.00,over,ft,1.31,2
fLQvVXj4,Altmaier D.,Virtanen O.,2,2,ou,21.00,under,ft,3.045,2
fLQvVXj4,Altmaier D.,Virtanen O.,2,2,ou,21.50,over,ft,1.395,2
fLQvVXj4,Altmaier D.,Virtanen O.,2,2,ou,21.50,under,ft,2.71,2
fLQvVXj4,Altmaier D.,Virtanen O.,2,2,ou,22.00,over,ft,1.46,2
fLQvVXj4,Altmaier D.,Virtanen O.,2,2,ou,22.00,under,ft,2.53,2
fLQvVXj4,Altmaier D.,Virtanen O.,2,2,ou,22.50,over,ft,1.662,5
fLQvVXj4,Altmaier D.,Virtanen O.,2,2,ou,22.50,under,ft,2.188,5
fLQvVXj4,Altmaier D.,Virtanen O.,2,2,ou,23.00,over,ft,1.78,5
fLQvVXj4,Altmaier D.,Virtanen O.,2,2,ou,23.00,under,ft,2.034,5
fLQvVXj4,Altmaier D.,Virtanen O.,2,2,ou,23.50,over,ft,1.934,5
fLQvVXj4,Altmaier D.,Virtanen O.,2,2,ou,23.50,under,ft,1.882,5
fLQvVXj4,Altmaier D.,Virtanen O.,2,2,ou,24.00,over,ft,1.95,5
fLQvVXj4,Altmaier D.,Virtanen O.,2,2,ou,24.00,under,ft,1.856,5
fLQvVXj4,Altmaier D.,Virtanen O.,2,2,ou,24.50,over,ft,1.958,5
fLQvVXj4,Altmaier D.,Virtanen O.,2,2,ou,24.50,under,ft,1.826,5
fLQvVXj4,Altmaier D.,Virtanen O.,2,2,ou,25.00,over,ft,2.018,4
fLQvVXj4,Altmaier D.,Virtanen O.,2,2,ou,25.00,under,ft,1.775,4
fLQvVXj4,Altmaier D.,Virtanen O.,2,2,ou,25.50,over,ft,2.065,2
fLQvVXj4,Altmaier D.,Virtanen O.,2,2,ou,25.50,under,ft,1.66,2
fLQvVXj4,Altmaier D.,Virtanen O.,2,2,ou,26.00,over,ft,2.21,2
fLQvVXj4,Altmaier D.,Virtanen O.,2,2,ou,26.00,under,ft,1.565,2
fLQvVXj4,Altmaier D.,Virtanen O.,2,2,ou,26.50,over,ft,2.395,2
fLQvVXj4,Altmaier D.,Virtanen O.,2,2,ou,26.50,under,ft,1.59,2
fLQvVXj4,Altmaier D.,Virtanen O.,2,2,ou,28.50,over,ft,2.835,2
fLQvVXj4,Altmaier D.,Virtanen O.,2,2,ou,28.50,under,ft,1.44,2
fLQvVXj4,Altmaier D.,Virtanen O.,2,2,hc,1.00,home,ft,1.615,2
fLQvVXj4,Altmaier D.,Virtanen O.,2,2,hc,1.00,away,ft,2.11,2
fLQvVXj4,Altmaier D.,Virtanen O.,2,2,hc,-1.00,home,ft,2.69,2
fLQvVXj4,Altmaier D.,Virtanen O.,2,2,hc,-1.00,away,ft,1.41,2
fLQvVXj4,Altmaier D.,Virtanen O.,2,2,hc,1.50,home,ft,1.418,5
fLQvVXj4,Altmaier D.,Virtanen O.,2,2,hc,1.50,away,ft,2.796,5
fLQvVXj4,Altmaier D.,Virtanen O.,2,2,hc,-1.50,home,ft,3.646,5
fLQvVXj4,Altmaier D.,Virtanen O.,2,2,hc,-1.50,away,ft,1.268,5
fLQvVXj4,Altmaier D.,Virtanen O.,2,2,hc,0,home,ft,2.112,5
fLQvVXj4,Altmaier D.,Virtanen O.,2,2,hc,0,away,ft,1.686,5
fLQvVXj4,Altmaier D.,Virtanen O.,2,2,hc,0.50,home,ft,2.034,5
fLQvVXj4,Altmaier D.,Virtanen O.,2,2,hc,0.50,away,ft,1.75,5
fLQvVXj4,Altmaier D.,Virtanen O.,2,2,hc,-0.50,home,ft,2.193,3
fLQvVXj4,Altmaier D.,Virtanen O.,2,2,hc,-0.50,away,ft,1.587,3
fLQvVXj4,Altmaier D.,Virtanen O.,2,2,hc,1.00,home,ft,1.944,5
fLQvVXj4,Altmaier D.,Virtanen O.,2,2,hc,1.00,away,ft,1.816,5
fLQvVXj4,Altmaier D.,Virtanen O.,2,2,hc,-1.00,home,ft,2.3,2
fLQvVXj4,Altmaier D.,Virtanen O.,2,2,hc,-1.00,away,ft,1.535,2
fLQvVXj4,Altmaier D.,Virtanen O.,2,2,hc,1.50,home,ft,1.872,5
fLQvVXj4,Altmaier D.,Virtanen O.,2,2,hc,1.50,away,ft,1.946,5
fLQvVXj4,Altmaier D.,Virtanen O.,2,2,hc,-1.50,home,ft,2.41,4
fLQvVXj4,Altmaier D.,Virtanen O.,2,2,hc,-1.50,away,ft,1.53,4
fLQvVXj4,Altmaier D.,Virtanen O.,2,2,hc,2.00,home,ft,1.728,5
fLQvVXj4,Altmaier D.,Virtanen O.,2,2,hc,2.00,away,ft,2.05,5
fLQvVXj4,Altmaier D.,Virtanen O.,2,2,hc,-2.00,home,ft,2.54,2
fLQvVXj4,Altmaier D.,Virtanen O.,2,2,hc,-2.00,away,ft,1.48,2
fLQvVXj4,Altmaier D.,Virtanen O.,2,2,hc,2.50,home,ft,1.64,5
fLQvVXj4,Altmaier D.,Virtanen O.,2,2,hc,2.50,away,ft,2.206,5
fLQvVXj4,Altmaier D.,Virtanen O.,2,2,hc,3.00,home,ft,1.502,5
fLQvVXj4,Altmaier D.,Virtanen O.,2,2,hc,3.00,away,ft,2.492,5
fLQvVXj4,Altmaier D.,Virtanen O.,2,2,hc,3.50,home,ft,1.396,5
fLQvVXj4,Altmaier D.,Virtanen O.,2,2,hc,3.50,away,ft,2.852,5
fLQvVXj4,Altmaier D.,Virtanen O.,2,2,hc,-3.50,home,ft,4.005,2
fLQvVXj4,Altmaier D.,Virtanen O.,2,2,hc,-3.50,away,ft,1.255,2
fLQvVXj4,Altmaier D.,Virtanen O.,2,2,hc,4.00,home,ft,1.19,2
fLQvVXj4,Altmaier D.,Virtanen O.,2,2,hc,4.00,away,ft,3.935,2
UJd0s3Oi,Sonego L.,van Assche L.,,,ou,2.50,over,ft,2.42,2
UJd0s3Oi,Sonego L.,van Assche L.,,,ou,2.50,under,ft,1.62,2
UJd0s3Oi,Sonego L.,van Assche L.,,,ou,20.00,over,ft,1.33,2
UJd0s3Oi,Sonego L.,van Assche L.,,,ou,20.00,under,ft,2.94,2
UJd0s3Oi,Sonego L.,van Assche L.,,,ou,20.50,over,ft,1.44,2
UJd0s3Oi,Sonego L.,van Assche L.,,,ou,20.50,under,ft,2.55,2
UJd0s3Oi,Sonego L.,van Assche L.,,,ou,21.00,over,ft,1.5,2
UJd0s3Oi,Sonego L.,van Assche L.,,,ou,21.00,under,ft,2.42,2
UJd0s3Oi,Sonego L.,van Assche L.,,,ou,21.50,over,ft,1.604,5
UJd0s3Oi,Sonego L.,van Assche L.,,,ou,21.50,under,ft,2.292,5
UJd0s3Oi,Sonego L.,van Assche L.,,,ou,22.00,over,ft,1.702,5
UJd0s3Oi,Sonego L.,van Assche L.,,,ou,22.00,under,ft,2.128,5
UJd0s3Oi,Sonego L.,van Assche L.,,,ou,22.50,over,ft,1.874,5
UJd0s3Oi,Sonego L.,van Assche L.,,,ou,22.50,under,ft,1.91,5
UJd0s3Oi,Sonego L.,van Assche L.,,,ou,23.00,over,ft,1.982,5
UJd0s3Oi,Sonego L.,van Assche L.,,,ou,23.00,under,ft,1.81,5
UJd0s3Oi,Sonego L.,van Assche L.,,,ou,23.50,over,ft,2.114,5
UJd0s3Oi,Sonego L.,van Assche L.,,,ou,23.50,under,ft,1.704,5
UJd0s3Oi,Sonego L.,van Assche L.,,,ou,24.00,over,ft,2.134,5
UJd0s3Oi,Sonego L.,van Assche L.,,,ou,24.00,under,ft,1.686,5
UJd0s3Oi,Sonego L.,van Assche L.,,,ou,24.50,over,ft,2.14,2
UJd0s3Oi,Sonego L.,van Assche L.,,,ou,24.50,under,ft,1.62,2
UJd0s3Oi,Sonego L.,van Assche L.,,,ou,25.00,over,ft,2.22,2
UJd0s3Oi,Sonego L.,van Assche L.,,,ou,25.00,under,ft,1.56,2
UJd0s3Oi,Sonego L.,van Assche L.,,,hc,-1.00,home,ft,1.65,2
UJd0s3Oi,Sonego L.,van Assche L.,,,hc,-1.00,away,ft,2.06,2
UJd0s3Oi,Sonego L.,van Assche L.,,,hc,1.50,home,ft,1.17,5
UJd0s3Oi,Sonego L.,van Assche L.,,,hc,1.50,away,ft,4.734,5
UJd0s3Oi,Sonego L.,van Assche L.,,,hc,-1.50,home,ft,2.17,5
UJd0s3Oi,Sonego L.,van Assche L.,,,hc,-1.50,away,ft,1.64,5
UJd0s3Oi,Sonego L.,van Assche L.,,,hc,0,home,ft,1.42,2
UJd0s3Oi,Sonego L.,van Assche L.,,,hc,0,away,ft,2.74,2
UJd0s3Oi,Sonego L.,van Assche L.,,,hc,-0.50,home,ft,1.47,2
UJd0s3Oi,Sonego L.,van Assche L.,,,hc,-0.50,away,ft,2.57,2
UJd0s3Oi,Sonego L.,van Assche L.,,,hc,-1.00,home,ft,1.5,2
UJd0s3Oi,Sonego L.,van Assche L.,,,hc,-1.00,away,ft,2.49,2
UJd0s3Oi,Sonego L.,van Assche L.,,,hc,-1.50,home,ft,1.557,3
UJd0s3Oi,Sonego L.,van Assche L.,,,hc,-1.50,away,ft,2.343,3
UJd0s3Oi,Sonego L.,van Assche L.,,,hc,-2.00,home,ft,1.638,5
UJd0s3Oi,Sonego L.,van Assche L.,,,hc,-2.00,away,ft,2.236,5
UJd0s3Oi,Sonego L.,van Assche L.,,,hc,-2.50,home,ft,1.768,5
UJd0s3Oi,Sonego L.,van Assche L.,,,hc,-2.50,away,ft,2.096,5
UJd0s3Oi,Sonego L.,van Assche L.,,,hc,-3.00,home,ft,1.908,5
UJd0s3Oi,Sonego L.,van Assche L.,,,hc,-3.00,away,ft,1.878,5
UJd0s3Oi,Sonego L.,van Assche L.,,,hc,-3.50,home,ft,2.074,5
UJd0s3Oi,Sonego L.,van Assche L.,,,hc,-3.50,away,ft,1.736,5
UJd0s3Oi,Sonego L.,van Assche L.,,,hc,-4.00,home,ft,2.474,5
UJd0s3Oi,Sonego L.,van Assche L.,,,hc,-4.00,away,ft,1.532,5
UJd0s3Oi,Sonego L.,van Assche L.,,,hc,-4.50,home,ft,2.687,3
UJd0s3Oi,Sonego L.,van Assche L.,,,hc,-4.50,away,ft,1.433,3
UJd0s3Oi,Sonego L.,van Assche L.,,,hc,-5.00,home,ft,3.64,2
UJd0s3Oi,Sonego L.,van Assche L.,,,hc,-5.00,away,ft,1.26,2
UJd0s3Oi,Sonego L.,van Assche L.,,,hc,-5.50,home,ft,3.983,3
UJd0s3Oi,Sonego L.,van Assche L.,,,hc,-5.50,away,ft,1.2,3
UJd0s3Oi,Sonego L.,van Assche L.,,,hc,-6.00,home,ft,6.16,2
UJd0s3Oi,Sonego L.,van Assche L.,,,hc,-6.00,away,ft,1.07,2
YeXeIdvA,Herbert P.,Mayot H.,2,2,ou,2.50,over,ft,2.225,2
YeXeIdvA,Herbert P.,Mayot H.,2,2,ou,2.50,under,ft,1.7,2
YeXeIdvA,Herbert P.,Mayot H.,2,2,ou,21.00,over,ft,1.34,2
YeXeIdvA,Herbert P.,Mayot H.,2,2,ou,21.00,under,ft,2.89,2
YeXeIdvA,Herbert P.,Mayot H.,2,2,ou,21.50,over,ft,1.43,2
YeXeIdvA,Herbert P.,Mayot H.,2,2,ou,21.50,under,ft,2.59,2
YeXeIdvA,Herbert P.,Mayot H.,2,2,ou,22.00,over,ft,1.568,5
YeXeIdvA,Herbert P.,Mayot H.,2,2,ou,22.00,under,ft,2.372,5
YeXeIdvA,Herbert P.,Mayot H.,2,2,ou,22.50,over,ft,1.718,5
YeXeIdvA,Herbert P.,Mayot H.,2,2,ou,22.50,under,ft,2.104,5
YeXeIdvA,Herbert P.,Mayot H.,2,2,ou,23.00,over,ft,1.836,5
YeXeIdvA,Herbert P.,Mayot H.,2,2,ou,23.00,under,ft,1.956,5
YeXeIdvA,Herbert P.,Mayot H.,2,2,ou,23.50,over,ft,1.976,5
YeXeIdvA,Herbert P.,Mayot H.,2,2,ou,23.50,under,ft,1.832,5
YeXeIdvA,Herbert P.,Mayot H.,2,2,ou,24.00,over,ft,1.994,5
YeXeIdvA,Herbert P.,Mayot H.,2,2,ou,24.00,under,ft,1.806,5
YeXeIdvA,Herbert P.,Mayot H.,2,2,ou,24.50,over,ft,1.9,2
YeXeIdvA,Herbert P.,Mayot H.,2,2,ou,24.50,under,ft,1.9,2
YeXeIdvA,Herbert P.,Mayot H.,2,2,ou,25.00,over,ft,2.05,2
YeXeIdvA,Herbert P.,Mayot H.,2,2,ou,25.00,under,ft,1.69,2
YeXeIdvA,Herbert P.,Mayot H.,2,2,ou,25.50,over,ft,2.11,2
YeXeIdvA,Herbert P.,Mayot H.,2,2,ou,25.50,under,ft,1.635,2
YeXeIdvA,Herbert P.,Mayot H.,2,2,ou,26.00,over,ft,2.28,2
YeXeIdvA,Herbert P.,Mayot H.,2,2,ou,26.00,under,ft,1.53,2
YeXeIdvA,Herbert P.,Mayot H.,2,2,ou,26.50,over,ft,2.25,2
YeXeIdvA,Herbert P.,Mayot H.,2,2,ou,26.50,under,ft,1.6,2
YeXeIdvA,Herbert P.,Mayot H.,2,2,ou,27.00,over,ft,2.31,2
YeXeIdvA,Herbert P.,Mayot H.,2,2,ou,27.00,under,ft,1.53,2
YeXeIdvA,Herbert P.,Mayot H.,2,2,ou,27.50,over,ft,2.35,2
YeXeIdvA,Herbert P.,Mayot H.,2,2,ou,27.50,under,ft,1.5,2
YeXeIdvA,Herbert P.,Mayot H.,2,2,hc,1.00,home,ft,1.47,2
YeXeIdvA,Herbert P.,Mayot H.,2,2,hc,1.00,away,ft,2.44,2
YeXeIdvA,Herbert P.,Mayot H.,2,2,hc,-1.00,home,ft,2.41,2
YeXeIdvA,Herbert P.,Mayot H.,2,2,hc,-1.00,away,ft,1.47,2
YeXeIdvA,Herbert P.,Mayot H.,2,2,hc,1.50,home,ft,1.33,5
YeXeIdvA,Herbert P.,Mayot H.,2,2,hc,1.50,away,ft,3.178,5
YeXeIdvA,Herbert P.,Mayot H.,2,2,hc,-1.50,home,ft,3.198,5
YeXeIdvA,Herbert P.,Mayot H.,2,2,hc,-1.50,away,ft,1.328,5
YeXeIdvA,Herbert P.,Mayot H.,2,2,hc,0,home,ft,1.86,5
YeXeIdvA,Herbert P.,Mayot H.,2,2,hc,0,away,ft,1.888,5
YeXeIdvA,Herbert P.,Mayot H.,2,2,hc,0.50,home,ft,1.832,5
YeXeIdvA,Herbert P.,Mayot H.,2,2,hc,0.50,away,ft,1.988,5
YeXeIdvA,Herbert P.,Mayot H.,2,2,hc,-0.50,home,ft,1.944,5
YeXeIdvA,Herbert P.,Mayot H.,2,2,hc,-0.50,away,ft,1.822,5
YeXeIdvA,Herbert P.,Mayot H.,2,2,hc,1.00,home,ft,1.714,5
YeXeIdvA,Herbert P.,Mayot H.,2,2,hc,1.00,away,ft,2.058,5
YeXeIdvA,Herbert P.,Mayot H.,2,2,hc,-1.00,home,ft,2.032,5
YeXeIdvA,Herbert P.,Mayot H.,2,2,hc,-1.00,away,ft,1.736,5
YeXeIdvA,Herbert P.,Mayot H.,2,2,hc,1.50,home,ft,1.676,5
YeXeIdvA,Herbert P.,Mayot H.,2,2,hc,1.50,away,ft,2.118,5
YeXeIdvA,Herbert P.,Mayot H.,2,2,hc,-1.50,home,ft,2.112,4
YeXeIdvA,Herbert P.,Mayot H.,2,2,hc,-1.50,away,ft,1.67,4
YeXeIdvA,Herbert P.,Mayot H.,2,2,hc,2.00,home,ft,1.525,2
YeXeIdvA,Herbert P.,Mayot H.,2,2,hc,2.00,away,ft,2.3,2
YeXeIdvA,Herbert P.,Mayot H.,2,2,hc,-2.00,home,ft,2.29,2
YeXeIdvA,Herbert P.,Mayot H.,2,2,hc,-2.00,away,ft,1.53,2
YeXeIdvA,Herbert P.,Mayot H.,2,2,hc,2.50,home,ft,1.49,2
YeXeIdvA,Herbert P.,Mayot H.,2,2,hc,2.50,away,ft,2.36,2
YeXeIdvA,Herbert P.,Mayot H.,2,2,hc,-2.50,home,ft,2.433,3
YeXeIdvA,Herbert P.,Mayot H.,2,2,hc,-2.50,away,ft,1.487,3
YeXeIdvA,Herbert P.,Mayot H.,2,2,hc,3.00,home,ft,1.35,2
YeXeIdvA,Herbert P.,Mayot H.,2,2,hc,3.00,away,ft,2.84,2
YeXeIdvA,Herbert P.,Mayot H.,2,2,hc,-3.00,home,ft,2.89,2
YeXeIdvA,Herbert P.,Mayot H.,2,2,hc,-3.00,away,ft,1.34,2
vcCzBEWq,Grenier H.,Gea A.,2,2,ou,2.50,over,ft,2.265,2
vcCzBEWq,Grenier H.,Gea A.,2,2,ou,2.50,under,ft,1.68,2
vcCzBEWq,Grenier H.,Gea A.,2,2,ou,18.50,over,ft,1.235,2
vcCzBEWq,Grenier H.,Gea A.,2,2,ou,18.50,under,ft,4.145,2
vcCzBEWq,Grenier H.,Gea A.,2,2,ou,20.00,over,ft,1.31,2
vcCzBEWq,Grenier H.,Gea A.,2,2,ou,20.00,under,ft,3.04,2
vcCzBEWq,Grenier H.,Gea A.,2,2,ou,20.50,over,ft,1.47,4
vcCzBEWq,Grenier H.,Gea A.,2,2,ou,20.50,under,ft,2.58,4
vcCzBEWq,Grenier H.,Gea A.,2,2,ou,21.00,over,ft,1.48,2
vcCzBEWq,Grenier H.,Gea A.,2,2,ou,21.00,under,ft,2.47,2
vcCzBEWq,Grenier H.,Gea A.,2,2,ou,21.50,over,ft,1.618,5
vcCzBEWq,Grenier H.,Gea A.,2,2,ou,21.50,under,ft,2.256,5
vcCzBEWq,Grenier H.,Gea A.,2,2,ou,22.00,over,ft,1.722,5
vcCzBEWq,Grenier H.,Gea A.,2,2,ou,22.00,under,ft,2.112,5
vcCzBEWq,Grenier H.,Gea A.,2,2,ou,22.50,over,ft,1.858,5
vcCzBEWq,Grenier H.,Gea A.,2,2,ou,22.50,under,ft,1.934,5
vcCzBEWq,Grenier H.,Gea A.,2,2,ou,23.00,over,ft,1.968,5
vcCzBEWq,Grenier H.,Gea A.,2,2,ou,23.00,under,ft,1.828,5
vcCzBEWq,Grenier H.,Gea A.,2,2,ou,23.50,over,ft,2.044,5
vcCzBEWq,Grenier H.,Gea A.,2,2,ou,23.50,under,ft,1.788,5
vcCzBEWq,Grenier H.,Gea A.,2,2,ou,24.00,over,ft,2.077,3
vcCzBEWq,Grenier H.,Gea A.,2,2,ou,24.00,under,ft,1.68,3
vcCzBEWq,Grenier H.,Gea A.,2,2,ou,24.50,over,ft,2.138,4
vcCzBEWq,Grenier H.,Gea A.,2,2,ou,24.50,under,ft,1.67,4
vcCzBEWq,Grenier H.,Gea A.,2,2,ou,25.00,over,ft,2.18,2
vcCzBEWq,Grenier H.,Gea A.,2,2,ou,25.00,under,ft,1.58,2
vcCzBEWq,Grenier H.,Gea A.,2,2,ou,25.50,over,ft,2.08,2
vcCzBEWq,Grenier H.,Gea A.,2,2,ou,25.50,under,ft,1.65,2
vcCzBEWq,Grenier H.,Gea A.,2,2,ou,26.00,over,ft,2.24,2
vcCzBEWq,Grenier H.,Gea A.,2,2,ou,26.00,under,ft,1.55,2
vcCzBEWq,Grenier H.,Gea A.,2,2,ou,26.50,over,ft,2.67,2
vcCzBEWq,Grenier H.,Gea A.,2,2,ou,26.50,under,ft,1.48,2
vcCzBEWq,Grenier H.,Gea A.,2,2,hc,1.00,home,ft,1.62,2
vcCzBEWq,Grenier H.,Gea A.,2,2,hc,1.00,away,ft,2.1,2
vcCzBEWq,Grenier H.,Gea A.,2,2,hc,-1.00,home,ft,2.72,2
vcCzBEWq,Grenier H.,Gea A.,2,2,hc,-1.00,away,ft,1.4,2
vcCzBEWq,Grenier H.,Gea A.,2,2,hc,1.50,home,ft,1.426,5
vcCzBEWq,Grenier H.,Gea A.,2,2,hc,1.50,away,ft,2.748,5
vcCzBEWq,Grenier H.,Gea A.,2,2,hc,-1.50,home,ft,3.452,5
vcCzBEWq,Grenier H.,Gea A.,2,2,hc,-1.50,away,ft,1.29,5
vcCzBEWq,Grenier H.,Gea A.,2,2,hc,0,home,ft,2.05,5
vcCzBEWq,Grenier H.,Gea A.,2,2,hc,0,away,ft,1.71,5
vcCzBEWq,Grenier H.,Gea A.,2,2,hc,0.50,home,ft,2.016,5
vcCzBEWq,Grenier H.,Gea A.,2,2,hc,0.50,away,ft,1.758,5
vcCzBEWq,Grenier H.,Gea A.,2,2,hc,-0.50,home,ft,2.056,5
vcCzBEWq,Grenier H.,Gea A.,2,2,hc,-0.50,away,ft,1.726,5
vcCzBEWq,Grenier H.,Gea A.,2,2,hc,1.00,home,ft,1.934,5
vcCzBEWq,Grenier H.,Gea A.,2,2,hc,1.00,away,ft,1.816,5
vcCzBEWq,Grenier H.,Gea A.,2,2,hc,-1.00,home,ft,2.112,5
vcCzBEWq,Grenier H.,Gea A.,2,2,hc,-1.00,away,ft,1.678,5
vcCzBEWq,Grenier H.,Gea A.,2,2,hc,1.50,home,ft,1.894,5
vcCzBEWq,Grenier H.,Gea A.,2,2,hc,1.50,away,ft,1.908,5
vcCzBEWq,Grenier H.,Gea A.,2,2,hc,-1.50,home,ft,2.382,4
vcCzBEWq,Grenier H.,Gea A.,2,2,hc,-1.50,away,ft,1.535,4
vcCzBEWq,Grenier H.,Gea A.,2,2,hc,2.00,home,ft,1.762,5
vcCzBEWq,Grenier H.,Gea A.,2,2,hc,2.00,away,ft,1.994,5
vcCzBEWq,Grenier H.,Gea A.,2,2,hc,-2.00,home,ft,2.46,2
vcCzBEWq,Grenier H.,Gea A.,2,2,hc,-2.00,away,ft,1.51,2
vcCzBEWq,Grenier H.,Gea A.,2,2,hc,2.50,home,ft,1.69,5
vcCzBEWq,Grenier H.,Gea A.,2,2,hc,2.50,away,ft,2.108,5
vcCzBEWq,Grenier H.,Gea A.,2,2,hc,-2.50,home,ft,2.36,2
vcCzBEWq,Grenier H.,Gea A.,2,2,hc,-2.50,away,ft,1.55,2
vcCzBEWq,Grenier H.,Gea A.,2,2,hc,3.00,home,ft,1.5,2
vcCzBEWq,Grenier H.,Gea A.,2,2,hc,3.00,away,ft,2.34,2
vcCzBEWq,Grenier H.,Gea A.,2,2,hc,-3.00,home,ft,2.67,2
vcCzBEWq,Grenier H.,Gea A.,2,2,hc,-3.00,away,ft,1.44,2
vcCzBEWq,Grenier H.,Gea A.,2,2,hc,3.50,home,ft,1.486,5
vcCzBEWq,Grenier H.,Gea A.,2,2,hc,3.50,away,ft,2.522,5
vcCzBEWq,Grenier H.,Gea A.,2,2,hc,-3.50,home,ft,3.475,2
vcCzBEWq,Grenier H.,Gea A.,2,2,hc,-3.50,away,ft,1.31,2
vcCzBEWq,Grenier H.,Gea A.,2,2,hc,4.00,home,ft,1.29,2
vcCzBEWq,Grenier H.,Gea A.,2,2,hc,4.00,away,ft,3.15,2
vcCzBEWq,Grenier H.,Gea A.,2,2,hc,5.50,home,ft,1.2,2
vcCzBEWq,Grenier H.,Gea A.,2,2,hc,5.50,away,ft,4.655,2
rTTv6V0U,Zhang Z.,Halys Q.,2,2,ou,2.50,over,ft,2.39,3
rTTv6V0U,Zhang Z.,Halys Q.,2,2,ou,2.50,under,ft,1.603,3
rTTv6V0U,Zhang Z.,Halys Q.,2,2,ou,18.50,over,ft,1.12,1
rTTv6V0U,Zhang Z.,Halys Q.,2,2,ou,18.50,under,ft,6.25,1
rTTv6V0U,Zhang Z.,Halys Q.,2,2,ou,20.00,over,ft,1.27,2
rTTv6V0U,Zhang Z.,Halys Q.,2,2,ou,20.00,under,ft,3.28,2
rTTv6V0U,Zhang Z.,Halys Q.,2,2,ou,20.50,over,ft,1.363,3
rTTv6V0U,Zhang Z.,Halys Q.,2,2,ou,20.50,under,ft,2.923,3
rTTv6V0U,Zhang Z.,Halys Q.,2,2,ou,21.00,over,ft,1.34,2
rTTv6V0U,Zhang Z.,Halys Q.,2,2,ou,21.00,under,ft,2.885,2
rTTv6V0U,Zhang Z.,Halys Q.,2,2,ou,21.50,over,ft,1.43,2
rTTv6V0U,Zhang Z.,Halys Q.,2,2,ou,21.50,under,ft,2.585,2
rTTv6V0U,Zhang Z.,Halys Q.,2,2,ou,22.00,over,ft,1.522,5
rTTv6V0U,Zhang Z.,Halys Q.,2,2,ou,22.00,under,ft,2.464,5
rTTv6V0U,Zhang Z.,Halys Q.,2,2,ou,22.50,over,ft,1.68,5
rTTv6V0U,Zhang Z.,Halys Q.,2,2,ou,22.50,under,ft,2.15,5
rTTv6V0U,Zhang Z.,Halys Q.,2,2,ou,23.00,over,ft,1.82,5
rTTv6V0U,Zhang Z.,Halys Q.,2,2,ou,23.00,under,ft,1.978,5
rTTv6V0U,Zhang Z.,Halys Q.,2,2,ou,23.50,over,ft,1.992,5
rTTv6V0U,Zhang Z.,Halys Q.,2,2,ou,23.50,under,ft,1.818,5
rTTv6V0U,Zhang Z.,Halys Q.,2,2,ou,24.00,over,ft,2.006,5
rTTv6V0U,Zhang Z.,Halys Q.,2,2,ou,24.00,under,ft,1.796,5
rTTv6V0U,Zhang Z.,Halys Q.,2,2,ou,24.50,over,ft,1.96,4
rTTv6V0U,Zhang Z.,Halys Q.,2,2,ou,24.50,under,ft,1.782,4
rTTv6V0U,Zhang Z.,Halys Q.,2,2,ou,25.00,over,ft,2.04,2
rTTv6V0U,Zhang Z.,Halys Q.,2,2,ou,25.00,under,ft,1.695,2
rTTv6V0U,Zhang Z.,Halys Q.,2,2,ou,25.50,over,ft,2.11,2
rTTv6V0U,Zhang Z.,Halys Q.,2,2,ou,25.50,under,ft,1.635,2
rTTv6V0U,Zhang Z.,Halys Q.,2,2,ou,26.00,over,ft,2.27,2
rTTv6V0U,Zhang Z.,Halys Q.,2,2,ou,26.00,under,ft,1.535,2
rTTv6V0U,Zhang Z.,Halys Q.,2,2,ou,26.50,over,ft,2.375,2
rTTv6V0U,Zhang Z.,Halys Q.,2,2,ou,26.50,under,ft,1.535,2
rTTv6V0U,Zhang Z.,Halys Q.,2,2,ou,27.00,over,ft,2.38,2
rTTv6V0U,Zhang Z.,Halys Q.,2,2,ou,27.00,under,ft,1.5,2
rTTv6V0U,Zhang Z.,Halys Q.,2,2,ou,27.50,over,ft,2.4,2
rTTv6V0U,Zhang Z.,Halys Q.,2,2,ou,27.50,under,ft,1.48,2
rTTv6V0U,Zhang Z.,Halys Q.,2,2,ou,28.50,over,ft,2.775,2
rTTv6V0U,Zhang Z.,Halys Q.,2,2,ou,28.50,under,ft,1.41,2
rTTv6V0U,Zhang Z.,Halys Q.,2,2,ou,30.50,over,ft,3.6,1
rTTv6V0U,Zhang Z.,Halys Q.,2,2,ou,30.50,under,ft,1.27,1
rTTv6V0U,Zhang Z.,Halys Q.,2,2,ou,32.50,over,ft,5.7,1
rTTv6V0U,Zhang Z.,Halys Q.,2,2,ou,32.50,under,ft,1.14,1
rTTv6V0U,Zhang Z.,Halys Q.,2,2,ou,34.50,over,ft,8.5,1
rTTv6V0U,Zhang Z.,Halys Q.,2,2,ou,34.50,under,ft,1.06,1
rTTv6V0U,Zhang Z.,Halys Q.,2,2,hc,1.00,home,ft,1.38,2
rTTv6V0U,Zhang Z.,Halys Q.,2,2,hc,1.00,away,ft,2.73,2
rTTv6V0U,Zhang Z.,Halys Q.,2,2,hc,-1.00,home,ft,2.14,2
rTTv6V0U,Zhang Z.,Halys Q.,2,2,hc,-1.00,away,ft,1.6,2
rTTv6V0U,Zhang Z.,Halys Q.,2,2,hc,1.50,home,ft,1.296,5
rTTv6V0U,Zhang Z.,Halys Q.,2,2,hc,1.50,away,ft,3.384,5
rTTv6V0U,Zhang Z.,Halys Q.,2,2,hc,-1.50,home,ft,2.744,5
rTTv6V0U,Zhang Z.,Halys Q.,2,2,hc,-1.50,away,ft,1.426,5
rTTv6V0U,Zhang Z.,Halys Q.,2,2,hc,0,home,ft,1.746,5
rTTv6V0U,Zhang Z.,Halys Q.,2,2,hc,0,away,ft,2.034,5
rTTv6V0U,Zhang Z.,Halys Q.,2,2,hc,0.50,home,ft,1.704,5
rTTv6V0U,Zhang Z.,Halys Q.,2,2,hc,0.50,away,ft,2.094,5
rTTv6V0U,Zhang Z.,Halys Q.,2,2,hc,-0.50,home,ft,1.846,5
rTTv6V0U,Zhang Z.,Halys Q.,2,2,hc,-0.50,away,ft,1.974,5
rTTv6V0U,Zhang Z.,Halys Q.,2,2,hc,1.00,home,ft,1.666,5
rTTv6V0U,Zhang Z.,Halys Q.,2,2,hc,1.00,away,ft,2.152,5
rTTv6V0U,Zhang Z.,Halys Q.,2,2,hc,-1.00,home,ft,1.896,5
rTTv6V0U,Zhang Z.,Halys Q.,2,2,hc,-1.00,away,ft,1.866,5
rTTv6V0U,Zhang Z.,Halys Q.,2,2,hc,1.50,home,ft,1.565,4
rTTv6V0U,Zhang Z.,Halys Q.,2,2,hc,1.50,away,ft,2.277,4
rTTv6V0U,Zhang Z.,Halys Q.,2,2,hc,-1.50,home,ft,1.976,5
rTTv6V0U,Zhang Z.,Halys Q.,2,2,hc,-1.50,away,ft,1.798,5
rTTv6V0U,Zhang Z.,Halys Q.,2,2,hc,2.00,home,ft,1.475,2
rTTv6V0U,Zhang Z.,Halys Q.,2,2,hc,2.00,away,ft,2.48,2
rTTv6V0U,Zhang Z.,Halys Q.,2,2,hc,-2.00,home,ft,2.163,4
rTTv6V0U,Zhang Z.,Halys Q.,2,2,hc,-2.00,away,ft,1.675,4
rTTv6V0U,Zhang Z.,Halys Q.,2,2,hc,2.50,home,ft,1.46,2
rTTv6V0U,Zhang Z.,Halys Q.,2,2,hc,2.50,away,ft,2.45,2
rTTv6V0U,Zhang Z.,Halys Q.,2,2,hc,-2.50,home,ft,2.333,3
rTTv6V0U,Zhang Z.,Halys Q.,2,2,hc,-2.50,away,ft,1.54,3
rTTv6V0U,Zhang Z.,Halys Q.,2,2,hc,3.00,home,ft,1.33,2
rTTv6V0U,Zhang Z.,Halys Q.,2,2,hc,3.00,away,ft,2.93,2
rTTv6V0U,Zhang Z.,Halys Q.,2,2,hc,-3.00,home,ft,2.61,2
rTTv6V0U,Zhang Z.,Halys Q.,2,2,hc,-3.00,away,ft,1.435,2
rTTv6V0U,Zhang Z.,Halys Q.,2,2,hc,3.50,home,ft,1.26,2
rTTv6V0U,Zhang Z.,Halys Q.,2,2,hc,3.50,away,ft,3.55,2
rTTv6V0U,Zhang Z.,Halys Q.,2,2,hc,-3.50,home,ft,2.93,4
rTTv6V0U,Zhang Z.,Halys Q.,2,2,hc,-3.50,away,ft,1.353,4
rTTv6V0U,Zhang Z.,Halys Q.,2,2,hc,-4.00,home,ft,4.2,2
rTTv6V0U,Zhang Z.,Halys Q.,2,2,hc,-4.00,away,ft,1.17,2
rTTv6V0U,Zhang Z.,Halys Q.,2,2,hc,5.50,home,ft,1.05,1
rTTv6V0U,Zhang Z.,Halys Q.,2,2,hc,5.50,away,ft,7.5,1
rTTv6V0U,Zhang Z.,Halys Q.,2,2,hc,-5.50,home,ft,6.75,1
rTTv6V0U,Zhang Z.,Halys Q.,2,2,hc,-5.50,away,ft,1.07,1
KCV3Gz9M,Chidekh C.,Bergs Z.,0,0,ou,2.50,over,ft,2.48,2
KCV3Gz9M,Chidekh C.,Bergs Z.,0,0,ou,2.50,under,ft,1.58,2
KCV3Gz9M,Chidekh C.,Bergs Z.,0,0,ou,18.50,over,ft,1.3,2
KCV3Gz9M,Chidekh C.,Bergs Z.,0,0,ou,18.50,under,ft,3.535,2
KCV3Gz9M,Chidekh C.,Bergs Z.,0,0,ou,19.00,over,ft,1.29,2
KCV3Gz9M,Chidekh C.,Bergs Z.,0,0,ou,19.00,under,ft,3.15,2
KCV3Gz9M,Chidekh C.,Bergs Z.,0,0,ou,19.50,over,ft,1.4,2
KCV3Gz9M,Chidekh C.,Bergs Z.,0,0,ou,19.50,under,ft,2.69,2
KCV3Gz9M,Chidekh C.,Bergs Z.,0,0,ou,20.00,over,ft,1.46,2
KCV3Gz9M,Chidekh C.,Bergs Z.,0,0,ou,20.00,under,ft,2.53,2
KCV3Gz9M,Chidekh C.,Bergs Z.,0,0,ou,20.50,over,ft,1.615,4
KCV3Gz9M,Chidekh C.,Bergs Z.,0,0,ou,20.50,under,ft,2.26,4
KCV3Gz9M,Chidekh C.,Bergs Z.,0,0,ou,21.00,over,ft,1.686,5
KCV3Gz9M,Chidekh C.,Bergs Z.,0,0,ou,21.00,under,ft,2.164,5
KCV3Gz9M,Chidekh C.,Bergs Z.,0,0,ou,21.50,over,ft,1.79,5
KCV3Gz9M,Chidekh C.,Bergs Z.,0,0,ou,21.50,under,ft,2.03,5
KCV3Gz9M,Chidekh C.,Bergs Z.,0,0,ou,22.00,over,ft,1.91,5
KCV3Gz9M,Chidekh C.,Bergs Z.,0,0,ou,22.00,under,ft,1.884,5
KCV3Gz9M,Chidekh C.,Bergs Z.,0,0,ou,22.50,over,ft,1.99,5
KCV3Gz9M,Chidekh C.,Bergs Z.,0,0,ou,22.50,under,ft,1.824,5
KCV3Gz9M,Chidekh C.,Bergs Z.,0,0,ou,23.00,over,ft,2.17,5
KCV3Gz9M,Chidekh C.,Bergs Z.,0,0,ou,23.00,under,ft,1.67,5
KCV3Gz9M,Chidekh C.,Bergs Z.,0,0,ou,23.50,over,ft,2.197,4
KCV3Gz9M,Chidekh C.,Bergs Z.,0,0,ou,23.50,under,ft,1.615,4
KCV3Gz9M,Chidekh C.,Bergs Z.,0,0,ou,24.00,over,ft,2.26,2
KCV3Gz9M,Chidekh C.,Bergs Z.,0,0,ou,24.00,under,ft,1.54,2
KCV3Gz9M,Chidekh C.,Bergs Z.,0,0,ou,24.50,over,ft,2.35,4
KCV3Gz9M,Chidekh C.,Bergs Z.,0,0,ou,24.50,under,ft,1.558,4
KCV3Gz9M,Chidekh C.,Bergs Z.,0,0,ou,25.00,over,ft,2.4,2
KCV3Gz9M,Chidekh C.,Bergs Z.,0,0,ou,25.00,under,ft,1.48,2
KCV3Gz9M,Chidekh C.,Bergs Z.,0,0,ou,26.50,over,ft,2.995,2
KCV3Gz9M,Chidekh C.,Bergs Z.,0,0,ou,26.50,under,ft,1.39,2
KCV3Gz9M,Chidekh C.,Bergs Z.,0,0,hc,1.00,home,ft,2.17,2
KCV3Gz9M,Chidekh C.,Bergs Z.,0,0,hc,1.00,away,ft,1.58,2
KCV3Gz9M,Chidekh C.,Bergs Z.,0,0,hc,1.50,home,ft,1.732,5
KCV3Gz9M,Chidekh C.,Bergs Z.,0,0,hc,1.50,away,ft,2.05,5
KCV3Gz9M,Chidekh C.,Bergs Z.,0,0,hc,-1.50,home,ft,5.174,5
KCV3Gz9M,Chidekh C.,Bergs Z.,0,0,hc,-1.50,away,ft,1.148,5
KCV3Gz9M,Chidekh C.,Bergs Z.,0,0,hc,0,home,ft,2.78,2
KCV3Gz9M,Chidekh C.,Bergs Z.,0,0,hc,0,away,ft,1.41,2
KCV3Gz9M,Chidekh C.,Bergs Z.,0,0,hc,0.50,home,ft,2.57,2
KCV3Gz9M,Chidekh C.,Bergs Z.,0,0,hc,0.50,away,ft,1.47,2
KCV3Gz9M,Chidekh C.,Bergs Z.,0,0,hc,1.00,home,ft,2.64,2
KCV3Gz9M,Chidekh C.,Bergs Z.,0,0,hc,1.00,away,ft,1.45,2
KCV3Gz9M,Chidekh C.,Bergs Z.,0,0,hc,1.50,home,ft,2.552,5
KCV3Gz9M,Chidekh C.,Bergs Z.,0,0,hc,1.50,away,ft,1.496,5
KCV3Gz9M,Chidekh C.,Bergs Z.,0,0,hc,-1.50,home,ft,3.555,2
KCV3Gz9M,Chidekh C.,Bergs Z.,0,0,hc,-1.50,away,ft,1.3,2
KCV3Gz9M,Chidekh C.,Bergs Z.,0,0,hc,2.00,home,ft,2.327,4
KCV3Gz9M,Chidekh C.,Bergs Z.,0,0,hc,2.00,away,ft,1.57,4
KCV3Gz9M,Chidekh C.,Bergs Z.,0,0,hc,2.50,home,ft,2.254,5
KCV3Gz9M,Chidekh C.,Bergs Z.,0,0,hc,2.50,away,ft,1.636,5
KCV3Gz9M,Chidekh C.,Bergs Z.,0,0,hc,3.00,home,ft,2.056,5
KCV3Gz9M,Chidekh C.,Bergs Z.,0,0,hc,3.00,away,ft,1.746,5
KCV3Gz9M,Chidekh C.,Bergs Z.,0,0,hc,3.50,home,ft,1.846,5
KCV3Gz9M,Chidekh C.,Bergs Z.,0,0,hc,3.50,away,ft,1.962,5
KCV3Gz9M,Chidekh C.,Bergs Z.,0,0,hc,4.00,home,ft,1.662,5
KCV3Gz9M,Chidekh C.,Bergs Z.,0,0,hc,4.00,away,ft,2.182,5
KCV3Gz9M,Chidekh C.,Bergs Z.,0,0,hc,4.50,home,ft,1.544,5
KCV3Gz9M,Chidekh C.,Bergs Z.,0,0,hc,4.50,away,ft,2.452,5
KCV3Gz9M,Chidekh C.,Bergs Z.,0,0,hc,5.00,home,ft,1.37,2
KCV3Gz9M,Chidekh C.,Bergs Z.,0,0,hc,5.00,away,ft,2.95,2
KCV3Gz9M,Chidekh C.,Bergs Z.,0,0,hc,5.50,home,ft,1.314,5
KCV3Gz9M,Chidekh C.,Bergs Z.,0,0,hc,5.50,away,ft,3.324,5
KCV3Gz9M,Chidekh C.,Bergs Z.,0,0,hc,6.00,home,ft,1.17,2
KCV3Gz9M,Chidekh C.,Bergs Z.,0,0,hc,6.00,away,ft,4.65,2
z3QW7iWH,Borges N.,Wawrinka S.,2,2,ou,2.50,over,ft,2.37,2
z3QW7iWH,Borges N.,Wawrinka S.,2,2,ou,2.50,under,ft,1.59,2
z3QW7iWH,Borges N.,Wawrinka S.,2,2,ou,18.50,over,ft,1.135,2
z3QW7iWH,Borges N.,Wawrinka S.,2,2,ou,18.50,under,ft,5.82,2
z3QW7iWH,Borges N.,Wawrinka S.,2,2,ou,20.50,over,ft,1.36,4
z3QW7iWH,Borges N.,Wawrinka S.,2,2,ou,20.50,under,ft,2.978,4
z3QW7iWH,Borges N.,Wawrinka S.,2,2,ou,21.00,over,ft,1.4,2
z3QW7iWH,Borges N.,Wawrinka S.,2,2,ou,21.00,under,ft,2.98,2
z3QW7iWH,Borges N.,Wawrinka S.,2,2,ou,21.50,over,ft,1.5,2
z3QW7iWH,Borges N.,Wawrinka S.,2,2,ou,21.50,under,ft,2.595,2
z3QW7iWH,Borges N.,Wawrinka S.,2,2,ou,22.00,over,ft,1.59,5
z3QW7iWH,Borges N.,Wawrinka S.,2,2,ou,22.00,under,ft,2.374,5
z3QW7iWH,Borges N.,Wawrinka S.,2,2,ou,22.50,over,ft,1.744,5
z3QW7iWH,Borges N.,Wawrinka S.,2,2,ou,22.50,under,ft,2.07,5
z3QW7iWH,Borges N.,Wawrinka S.,2,2,ou,23.00,over,ft,1.886,5
z3QW7iWH,Borges N.,Wawrinka S.,2,2,ou,23.00,under,ft,1.926,5
z3QW7iWH,Borges N.,Wawrinka S.,2,2,ou,23.50,over,ft,1.986,5
z3QW7iWH,Borges N.,Wawrinka S.,2,2,ou,23.50,under,ft,1.828,5
z3QW7iWH,Borges N.,Wawrinka S.,2,2,ou,24.00,over,ft,2.07,5
z3QW7iWH,Borges N.,Wawrinka S.,2,2,ou,24.00,under,ft,1.768,5
z3QW7iWH,Borges N.,Wawrinka S.,2,2,ou,24.50,over,ft,2.075,4
z3QW7iWH,Borges N.,Wawrinka S.,2,2,ou,24.50,under,ft,1.752,4
z3QW7iWH,Borges N.,Wawrinka S.,2,2,ou,25.00,over,ft,2.15,2
z3QW7iWH,Borges N.,Wawrinka S.,2,2,ou,25.00,under,ft,1.7,2
z3QW7iWH,Borges N.,Wawrinka S.,2,2,ou,25.50,over,ft,2.22,2
z3QW7iWH,Borges N.,Wawrinka S.,2,2,ou,25.50,under,ft,1.66,2
z3QW7iWH,Borges N.,Wawrinka S.,2,2,ou,26.00,over,ft,2.42,2
z3QW7iWH,Borges N.,Wawrinka S.,2,2,ou,26.00,under,ft,1.57,2
z3QW7iWH,Borges N.,Wawrinka S.,2,2,ou,26.50,over,ft,2.5,4
z3QW7iWH,Borges N.,Wawrinka S.,2,2,ou,26.50,under,ft,1.485,4
z3QW7iWH,Borges N.,Wawrinka S.,2,2,ou,27.50,over,ft,2.64,2
z3QW7iWH,Borges N.,Wawrinka S.,2,2,ou,27.50,under,ft,1.4,2
z3QW7iWH,Borges N.,Wawrinka S.,2,2,ou,28.50,over,ft,2.937,3
z3QW7iWH,Borges N.,Wawrinka S.,2,2,ou,28.50,under,ft,1.353,3
z3QW7iWH,Borges N.,Wawrinka S.,2,2,ou,30.50,over,ft,3.8,1
z3QW7iWH,Borges N.,Wawrinka S.,2,2,ou,30.50,under,ft,1.25,1
z3QW7iWH,Borges N.,Wawrinka S.,2,2,ou,32.50,over,ft,6.0,1
z3QW7iWH,Borges N.,Wawrinka S.,2,2,ou,32.50,under,ft,1.12,1
z3QW7iWH,Borges N.,Wawrinka S.,2,2,ou,34.50,over,ft,9.25,1
z3QW7iWH,Borges N.,Wawrinka S.,2,2,ou,34.50,under,ft,1.05,1
z3QW7iWH,Borges N.,Wawrinka S.,2,2,hc,1.00,home,ft,1.39,2
z3QW7iWH,Borges N.,Wawrinka S.,2,2,hc,1.00,away,ft,2.69,2
z3QW7iWH,Borges N.,Wawrinka S.,2,2,hc,-1.00,home,ft,1.88,2
z3QW7iWH,Borges N.,Wawrinka S.,2,2,hc,-1.00,away,ft,1.78,2
z3QW7iWH,Borges N.,Wawrinka S.,2,2,hc,1.50,home,ft,1.228,5
z3QW7iWH,Borges N.,Wawrinka S.,2,2,hc,1.50,away,ft,3.868,5
z3QW7iWH,Borges N.,Wawrinka S.,2,2,hc,-1.50,home,ft,2.45,5
z3QW7iWH,Borges N.,Wawrinka S.,2,2,hc,-1.50,away,ft,1.504,5
z3QW7iWH,Borges N.,Wawrinka S.,2,2,hc,0,home,ft,1.623,4
z3QW7iWH,Borges N.,Wawrinka S.,2,2,hc,0,away,ft,2.29,4
z3QW7iWH,Borges N.,Wawrinka S.,2,2,hc,0.50,home,ft,1.575,4
z3QW7iWH,Borges N.,Wawrinka S.,2,2,hc,0.50,away,ft,2.305,4
z3QW7iWH,Borges N.,Wawrinka S.,2,2,hc,-0.50,home,ft,1.653,4
z3QW7iWH,Borges N.,Wawrinka S.,2,2,hc,-0.50,away,ft,2.248,4
z3QW7iWH,Borges N.,Wawrinka S.,2,2,hc,1.00,home,ft,1.45,2
z3QW7iWH,Borges N.,Wawrinka S.,2,2,hc,1.00,away,ft,2.49,2
z3QW7iWH,Borges N.,Wawrinka S.,2,2,hc,-1.00,home,ft,1.69,5
z3QW7iWH,Borges N.,Wawrinka S.,2,2,hc,-1.00,away,ft,2.174,5
z3QW7iWH,Borges N.,Wawrinka S.,2,2,hc,1.50,home,ft,1.435,4
z3QW7iWH,Borges N.,Wawrinka S.,2,2,hc,1.50,away,ft,2.64,4
z3QW7iWH,Borges N.,Wawrinka S.,2,2,hc,-1.50,home,ft,1.754,5
z3QW7iWH,Borges N.,Wawrinka S.,2,2,hc,-1.50,away,ft,2.044,5
z3QW7iWH,Borges N.,Wawrinka S.,2,2,hc,2.00,home,ft,1.4,2
z3QW7iWH,Borges N.,Wawrinka S.,2,2,hc,2.00,away,ft,2.64,2
z3QW7iWH,Borges N.,Wawrinka S.,2,2,hc,-2.00,home,ft,1.886,5
z3QW7iWH,Borges N.,Wawrinka S.,2,2,hc,-2.00,away,ft,1.916,5
z3QW7iWH,Borges N.,Wawrinka S.,2,2,hc,2.50,home,ft,1.45,2
z3QW7iWH,Borges N.,Wawrinka S.,2,2,hc,2.50,away,ft,2.49,2
z3QW7iWH,Borges N.,Wawrinka S.,2,2,hc,-2.50,home,ft,2.028,5
z3QW7iWH,Borges N.,Wawrinka S.,2,2,hc,-2.50,away,ft,1.798,5
z3QW7iWH,Borges N.,Wawrinka S.,2,2,hc,-3.00,home,ft,2.334,5
z3QW7iWH,Borges N.,Wawrinka S.,2,2,hc,-3.00,away,ft,1.6,5
z3QW7iWH,Borges N.,Wawrinka S.,2,2,hc,3.50,home,ft,1.195,2
z3QW7iWH,Borges N.,Wawrinka S.,2,2,hc,3.50,away,ft,4.335,2
z3QW7iWH,Borges N.,Wawrinka S.,2,2,hc,-3.50,home,ft,2.532,5
z3QW7iWH,Borges N.,Wawrinka S.,2,2,hc,-3.50,away,ft,1.506,5
z3QW7iWH,Borges N.,Wawrinka S.,2,2,hc,-4.00,home,ft,3.165,2
z3QW7iWH,Borges N.,Wawrinka S.,2,2,hc,-4.00,away,ft,1.36,2
z3QW7iWH,Borges N.,Wawrinka S.,2,2,hc,-4.50,home,ft,3.55,2
z3QW7iWH,Borges N.,Wawrinka S.,2,2,hc,-4.50,away,ft,1.3,2
z3QW7iWH,Borges N.,Wawrinka S.,2,2,hc,-5.00,home,ft,5.475,2
z3QW7iWH,Borges N.,Wawrinka S.,2,2,hc,-5.00,away,ft,1.15,2
z3QW7iWH,Borges N.,Wawrinka S.,2,2,hc,5.50,home,ft,1.03,1
z3QW7iWH,Borges N.,Wawrinka S.,2,2,hc,5.50,away,ft,9.0,1
z3QW7iWH,Borges N.,Wawrinka S.,2,2,hc,-5.50,home,ft,5.4,1
z3QW7iWH,Borges N.,Wawrinka S.,2,2,hc,-5.50,away,ft,1.12,1
CAAr9h1d,Struff J-L.,Guinard M.,2,2,ou,2.50,over,ft,2.695,2
CAAr9h1d,Struff J-L.,Guinard M.,2,2,ou,2.50,under,ft,1.5,2
CAAr9h1d,Struff J-L.,Guinard M.,2,2,ou,19.00,over,ft,1.26,2
CAAr9h1d,Struff J-L.,Guinard M.,2,2,ou,19.00,under,ft,3.35,2
CAAr9h1d,Struff J-L.,Guinard M.,2,2,ou,19.50,over,ft,1.37,2
CAAr9h1d,Struff J-L.,Guinard M.,2,2,ou,19.50,under,ft,2.81,2
CAAr9h1d,Struff J-L.,Guinard M.,2,2,ou,20.00,over,ft,1.43,2
CAAr9h1d,Struff J-L.,Guinard M.,2,2,ou,20.00,under,ft,2.62,2
CAAr9h1d,Struff J-L.,Guinard M.,2,2,ou,20.50,over,ft,1.573,3
CAAr9h1d,Struff J-L.,Guinard M.,2,2,ou,20.50,under,ft,2.257,3
CAAr9h1d,Struff J-L.,Guinard M.,2,2,ou,21.00,over,ft,1.658,5
CAAr9h1d,Struff J-L.,Guinard M.,2,2,ou,21.00,under,ft,2.204,5
CAAr9h1d,Struff J-L.,Guinard M.,2,2,ou,21.50,over,ft,1.8,5
CAAr9h1d,Struff J-L.,Guinard M.,2,2,ou,21.50,under,ft,2.028,5
CAAr9h1d,Struff J-L.,Guinard M.,2,2,ou,22.00,over,ft,1.906,5
CAAr9h1d,Struff J-L.,Guinard M.,2,2,ou,22.00,under,ft,1.886,5
CAAr9h1d,Struff J-L.,Guinard M.,2,2,ou,22.50,over,ft,2.068,5
CAAr9h1d,Struff J-L.,Guinard M.,2,2,ou,22.50,under,ft,1.738,5
CAAr9h1d,Struff J-L.,Guinard M.,2,2,ou,23.00,over,ft,2.238,5
CAAr9h1d,Struff J-L.,Guinard M.,2,2,ou,23.00,under,ft,1.63,5
CAAr9h1d,Struff J-L.,Guinard M.,2,2,ou,23.50,over,ft,2.283,3
CAAr9h1d,Struff J-L.,Guinard M.,2,2,ou,23.50,under,ft,1.54,3
CAAr9h1d,Struff J-L.,Guinard M.,2,2,ou,24.00,over,ft,2.33,2
CAAr9h1d,Struff J-L.,Guinard M.,2,2,ou,24.00,under,ft,1.51,2
CAAr9h1d,Struff J-L.,Guinard M.,2,2,ou,24.50,over,ft,2.35,2
CAAr9h1d,Struff J-L.,Guinard M.,2,2,ou,24.50,under,ft,1.52,2
CAAr9h1d,Struff J-L.,Guinard M.,2,2,ou,25.00,over,ft,2.46,2
CAAr9h1d,Struff J-L.,Guinard M.,2,2,ou,25.00,under,ft,1.46,2
CAAr9h1d,Struff J-L.,Guinard M.,2,2,hc,-1.00,home,ft,1.3,2
CAAr9h1d,Struff J-L.,Guinard M.,2,2,hc,-1.00,away,ft,3.11,2
CAAr9h1d,Struff J-L.,Guinard M.,2,2,hc,1.50,home,ft,1.062,5
CAAr9h1d,Struff J-L.,Guinard M.,2,2,hc,1.50,away,ft,8.566,5
CAAr9h1d,Struff J-L.,Guinard M.,2,2,hc,-1.50,home,ft,1.69,5
CAAr9h1d,Struff J-L.,Guinard M.,2,2,hc,-1.50,away,ft,2.112,5
CAAr9h1d,Struff J-L.,Guinard M.,2,2,hc,-1.00,home,ft,1.25,2
CAAr9h1d,Struff J-L.,Guinard M.,2,2,hc,-1.00,away,ft,3.72,2
CAAr9h1d,Struff J-L.,Guinard M.,2,2,hc,-1.50,home,ft,1.29,2
CAAr9h1d,Struff J-L.,Guinard M.,2,2,hc,-1.50,away,ft,3.4,2
CAAr9h1d,Struff J-L.,Guinard M.,2,2,hc,-2.00,home,ft,1.32,2
CAAr9h1d,Struff J-L.,Guinard M.,2,2,hc,-2.00,away,ft,3.22,2
CAAr9h1d,Struff J-L.,Guinard M.,2,2,hc,-2.50,home,ft,1.403,3
CAAr9h1d,Struff J-L.,Guinard M.,2,2,hc,-2.50,away,ft,2.803,3
CAAr9h1d,Struff J-L.,Guinard M.,2,2,hc,-3.00,home,ft,1.482,5
CAAr9h1d,Struff J-L.,Guinard M.,2,2,hc,-3.00,away,ft,2.61,5
CAAr9h1d,Struff J-L.,Guinard M.,2,2,hc,-3.50,home,ft,1.652,5
CAAr9h1d,Struff J-L.,Guinard M.,2,2,hc,-3.50,away,ft,2.222,5
CAAr9h1d,Struff J-L.,Guinard M.,2,2,hc,-4.00,home,ft,1.866,5
CAAr9h1d,Struff J-L.,Guinard M.,2,2,hc,-4.00,away,ft,1.912,5
CAAr9h1d,Struff J-L.,Guinard M.,2,2,hc,-4.50,home,ft,2.174,5
CAAr9h1d,Struff J-L.,Guinard M.,2,2,hc,-4.50,away,ft,1.696,5
CAAr9h1d,Struff J-L.,Guinard M.,2,2,hc,-5.00,home,ft,2.718,5
CAAr9h1d,Struff J-L.,Guinard M.,2,2,hc,-5.00,away,ft,1.448,5
CAAr9h1d,Struff J-L.,Guinard M.,2,2,hc,-5.50,home,ft,3.083,3
CAAr9h1d,Struff J-L.,Guinard M.,2,2,hc,-5.50,away,ft,1.343,3
CAAr9h1d,Struff J-L.,Guinard M.,2,2,hc,-6.00,home,ft,4.45,2
CAAr9h1d,Struff J-L.,Guinard M.,2,2,hc,-6.00,away,ft,1.19,2
CAAr9h1d,Struff J-L.,Guinard M.,2,2,hc,-6.50,home,ft,4.967,3
CAAr9h1d,Struff J-L.,Guinard M.,2,2,hc,-6.50,away,ft,1.15,3
CAAr9h1d,Struff J-L.,Guinard M.,2,2,hc,-7.00,home,ft,8.3,2
CAAr9h1d,Struff J-L.,Guinard M.,2,2,hc,-7.00,away,ft,1.05,2
CtqmKI9c,van Assche L.,Bonzi B.,2,2,ou,2.50,over,ft,2.39,2
CtqmKI9c,van Assche L.,Bonzi B.,2,2,ou,2.50,under,ft,1.62,2
CtqmKI9c,van Assche L.,Bonzi B.,2,2,ou,18.50,over,ft,1.24,1
CtqmKI9c,van Assche L.,Bonzi B.,2,2,ou,18.50,under,ft,4.12,1
CtqmKI9c,van Assche L.,Bonzi B.,2,2,ou,20.00,over,ft,1.365,2
CtqmKI9c,van Assche L.,Bonzi B.,2,2,ou,20.00,under,ft,2.785,2
CtqmKI9c,van Assche L.,Bonzi B.,2,2,ou,20.50,over,ft,1.513,3
CtqmKI9c,van Assche L.,Bonzi B.,2,2,ou,20.50,under,ft,2.42,3
CtqmKI9c,van Assche L.,Bonzi B.,2,2,ou,21.00,over,ft,1.55,2
CtqmKI9c,van Assche L.,Bonzi B.,2,2,ou,21.00,under,ft,2.3,2
CtqmKI9c,van Assche L.,Bonzi B.,2,2,ou,21.50,over,ft,1.666,5
CtqmKI9c,van Assche L.,Bonzi B.,2,2,ou,21.50,under,ft,2.188,5
CtqmKI9c,van Assche L.,Bonzi B.,2,2,ou,22.00,over,ft,1.776,5
CtqmKI9c,van Assche L.,Bonzi B.,2,2,ou,22.00,under,ft,2.028,5
CtqmKI9c,van Assche L.,Bonzi B.,2,2,ou,22.50,over,ft,1.906,5
CtqmKI9c,van Assche L.,Bonzi B.,2,2,ou,22.50,under,ft,1.902,5
CtqmKI9c,van Assche L.,Bonzi B.,2,2,ou,23.00,over,ft,2.052,5
CtqmKI9c,van Assche L.,Bonzi B.,2,2,ou,23.00,under,ft,1.764,5
CtqmKI9c,van Assche L.,Bonzi B.,2,2,ou,23.50,over,ft,2.166,5
CtqmKI9c,van Assche L.,Bonzi B.,2,2,ou,23.50,under,ft,1.678,5
CtqmKI9c,van Assche L.,Bonzi B.,2,2,ou,24.00,over,ft,2.195,2
CtqmKI9c,van Assche L.,Bonzi B.,2,2,ou,24.00,under,ft,1.605,2
CtqmKI9c,van Assche L.,Bonzi B.,2,2,ou,24.50,over,ft,2.223,3
CtqmKI9c,van Assche L.,Bonzi B.,2,2,ou,24.50,under,ft,1.603,3
CtqmKI9c,van Assche L.,Bonzi B.,2,2,ou,25.00,over,ft,2.35,2
CtqmKI9c,van Assche L.,Bonzi B.,2,2,ou,25.00,under,ft,1.5,2
CtqmKI9c,van Assche L.,Bonzi B.,2,2,ou,26.50,over,ft,2.76,1
CtqmKI9c,van Assche L.,Bonzi B.,2,2,ou,26.50,under,ft,1.45,1
CtqmKI9c,van Assche L.,Bonzi B.,2,2,hc,1.00,home,ft,2.04,2
CtqmKI9c,van Assche L.,Bonzi B.,2,2,hc,1.00,away,ft,1.66,2
CtqmKI9c,van Assche L.,Bonzi B.,2,2,hc,1.50,home,ft,1.638,5
CtqmKI9c,van Assche L.,Bonzi B.,2,2,hc,1.50,away,ft,2.202,5
CtqmKI9c,van Assche L.,Bonzi B.,2,2,hc,-1.50,home,ft,4.972,5
CtqmKI9c,van Assche L.,Bonzi B.,2,2,hc,-1.50,away,ft,1.16,5
CtqmKI9c,van Assche L.,Bonzi B.,2,2,hc,0,home,ft,2.65,2
CtqmKI9c,van Assche L.,Bonzi B.,2,2,hc,0,away,ft,1.4,2
CtqmKI9c,van Assche L.,Bonzi B.,2,2,hc,0.50,home,ft,2.493,3
CtqmKI9c,van Assche L.,Bonzi B.,2,2,hc,0.50,away,ft,1.463,3
CtqmKI9c,van Assche L.,Bonzi B.,2,2,hc,1.00,home,ft,2.46,2
CtqmKI9c,van Assche L.,Bonzi B.,2,2,hc,1.00,away,ft,1.51,2
CtqmKI9c,van Assche L.,Bonzi B.,2,2,hc,1.50,home,ft,2.345,4
CtqmKI9c,van Assche L.,Bonzi B.,2,2,hc,1.50,away,ft,1.568,4
CtqmKI9c,van Assche L.,Bonzi B.,2,2,hc,-1.50,home,ft,3.29,1
CtqmKI9c,van Assche L.,Bonzi B.,2,2,hc,-1.50,away,ft,1.34,1
CtqmKI9c,van Assche L.,Bonzi B.,2,2,hc,2.00,home,ft,2.23,5
CtqmKI9c,van Assche L.,Bonzi B.,2,2,hc,2.00,away,ft,1.64,5
CtqmKI9c,van Assche L.,Bonzi B.,2,2,hc,2.50,home,ft,2.048,5
CtqmKI9c,van Assche L.,Bonzi B.,2,2,hc,2.50,away,ft,1.786,5
CtqmKI9c,van Assche L.,Bonzi B.,2,2,hc,3.00,home,ft,1.9,5
CtqmKI9c,van Assche L.,Bonzi B.,2,2,hc,3.00,away,ft,1.88,5
CtqmKI9c,van Assche L.,Bonzi B.,2,2,hc,3.50,home,ft,1.78,5
CtqmKI9c,van Assche L.,Bonzi B.,2,2,hc,3.50,away,ft,2.088,5
CtqmKI9c,van Assche L.,Bonzi B.,2,2,hc,4.00,home,ft,1.564,5
CtqmKI9c,van Assche L.,Bonzi B.,2,2,hc,4.00,away,ft,2.376,5
CtqmKI9c,van Assche L.,Bonzi B.,2,2,hc,4.50,home,ft,1.44,3
CtqmKI9c,van Assche L.,Bonzi B.,2,2,hc,4.50,away,ft,2.657,3
CtqmKI9c,van Assche L.,Bonzi B.,2,2,hc,5.00,home,ft,1.26,2
CtqmKI9c,van Assche L.,Bonzi B.,2,2,hc,5.00,away,ft,3.5,2
CtqmKI9c,van Assche L.,Bonzi B.,2,2,hc,5.50,home,ft,1.223,3
CtqmKI9c,van Assche L.,Bonzi B.,2,2,hc,5.50,away,ft,3.82,3
CtqmKI9c,van Assche L.,Bonzi B.,2,2,hc,6.00,home,ft,1.12,2
CtqmKI9c,van Assche L.,Bonzi B.,2,2,hc,6.00,away,ft,5.75,2
MZG6KUFN,Bublik A.,Gasquet R.,2,2,ou,2.50,over,ft,2.38,2
MZG6KUFN,Bublik A.,Gasquet R.,2,2,ou,2.50,under,ft,1.62,2
MZG6KUFN,Bublik A.,Gasquet R.,2,2,ou,20.00,over,ft,1.26,2
MZG6KUFN,Bublik A.,Gasquet R.,2,2,ou,20.00,under,ft,3.35,2
MZG6KUFN,Bublik A.,Gasquet R.,2,2,ou,20.50,over,ft,1.36,2
MZG6KUFN,Bublik A.,Gasquet R.,2,2,ou,20.50,under,ft,2.85,2
MZG6KUFN,Bublik A.,Gasquet R.,2,2,ou,21.00,over,ft,1.47,2
MZG6KUFN,Bublik A.,Gasquet R.,2,2,ou,21.00,under,ft,2.7,2
MZG6KUFN,Bublik A.,Gasquet R.,2,2,ou,21.50,over,ft,1.585,4
MZG6KUFN,Bublik A.,Gasquet R.,2,2,ou,21.50,under,ft,2.417,4
MZG6KUFN,Bublik A.,Gasquet R.,2,2,ou,22.00,over,ft,1.678,5
MZG6KUFN,Bublik A.,Gasquet R.,2,2,ou,22.00,under,ft,2.206,5
MZG6KUFN,Bublik A.,Gasquet R.,2,2,ou,22.50,over,ft,1.818,5
MZG6KUFN,Bublik A.,Gasquet R.,2,2,ou,22.50,under,ft,2.002,5
MZG6KUFN,Bublik A.,Gasquet R.,2,2,ou,23.00,over,ft,1.952,5
MZG6KUFN,Bublik A.,Gasquet R.,2,2,ou,23.00,under,ft,1.862,5
MZG6KUFN,Bublik A.,Gasquet R.,2,2,ou,23.50,over,ft,2.052,5
MZG6KUFN,Bublik A.,Gasquet R.,2,2,ou,23.50,under,ft,1.786,5
MZG6KUFN,Bublik A.,Gasquet R.,2,2,ou,24.00,over,ft,2.102,5
MZG6KUFN,Bublik A.,Gasquet R.,2,2,ou,24.00,under,ft,1.742,5
MZG6KUFN,Bublik A.,Gasquet R.,2,2,ou,24.50,over,ft,2.09,2
MZG6KUFN,Bublik A.,Gasquet R.,2,2,ou,24.50,under,ft,1.74,2
MZG6KUFN,Bublik A.,Gasquet R.,2,2,ou,25.00,over,ft,2.21,2
MZG6KUFN,Bublik A.,Gasquet R.,2,2,ou,25.00,under,ft,1.67,2
MZG6KUFN,Bublik A.,Gasquet R.,2,2,ou,25.50,over,ft,2.17,2
MZG6KUFN,Bublik A.,Gasquet R.,2,2,ou,25.50,under,ft,1.6,2
MZG6KUFN,Bublik A.,Gasquet R.,2,2,ou,26.00,over,ft,2.35,2
MZG6KUFN,Bublik A.,Gasquet R.,2,2,ou,26.00,under,ft,1.5,2
MZG6KUFN,Bublik A.,Gasquet R.,2,2,hc,-1.00,home,ft,1.97,2
MZG6KUFN,Bublik A.,Gasquet R.,2,2,hc,-1.00,away,ft,1.71,2
MZG6KUFN,Bublik A.,Gasquet R.,2,2,hc,1.50,home,ft,1.274,5
MZG6KUFN,Bublik A.,Gasquet R.,2,2,hc,1.50,away,ft,3.58,5
MZG6KUFN,Bublik A.,Gasquet R.,2,2,hc,-1.50,home,ft,2.624,5
MZG6KUFN,Bublik A.,Gasquet R.,2,2,hc,-1.50,away,ft,1.462,5
MZG6KUFN,Bublik A.,Gasquet R.,2,2,hc,0,home,ft,1.66,2
MZG6KUFN,Bublik A.,Gasquet R.,2,2,hc,0,away,ft,2.22,2
MZG6KUFN,Bublik A.,Gasquet R.,2,2,hc,0.50,home,ft,1.61,3
MZG6KUFN,Bublik A.,Gasquet R.,2,2,hc,0.50,away,ft,2.3,3
MZG6KUFN,Bublik A.,Gasquet R.,2,2,hc,-0.50,home,ft,1.744,5
MZG6KUFN,Bublik A.,Gasquet R.,2,2,hc,-0.50,away,ft,2.1,5
MZG6KUFN,Bublik A.,Gasquet R.,2,2,hc,1.00,home,ft,1.56,2
MZG6KUFN,Bublik A.,Gasquet R.,2,2,hc,1.00,away,ft,2.43,2
MZG6KUFN,Bublik A.,Gasquet R.,2,2,hc,-1.00,home,ft,1.802,5
MZG6KUFN,Bublik A.,Gasquet R.,2,2,hc,-1.00,away,ft,2.01,5
MZG6KUFN,Bublik A.,Gasquet R.,2,2,hc,1.50,home,ft,1.48,2
MZG6KUFN,Bublik A.,Gasquet R.,2,2,hc,1.50,away,ft,2.41,2
MZG6KUFN,Bublik A.,Gasquet R.,2,2,hc,-1.50,home,ft,1.878,5
MZG6KUFN,Bublik A.,Gasquet R.,2,2,hc,-1.50,away,ft,1.94,5
MZG6KUFN,Bublik A.,Gasquet R.,2,2,hc,2.00,home,ft,1.42,2
MZG6KUFN,Bublik A.,Gasquet R.,2,2,hc,2.00,away,ft,2.59,2
MZG6KUFN,Bublik A.,Gasquet R.,2,2,hc,-2.00,home,ft,1.992,5
MZG6KUFN,Bublik A.,Gasquet R.,2,2,hc,-2.00,away,ft,1.816,5
MZG6KUFN,Bublik A.,Gasquet R.,2,2,hc,-2.50,home,ft,2.114,5
MZG6KUFN,Bublik A.,Gasquet R.,2,2,hc,-2.50,away,ft,1.736,5
MZG6KUFN,Bublik A.,Gasquet R.,2,2,hc,-3.00,home,ft,2.342,5
MZG6KUFN,Bublik A.,Gasquet R.,2,2,hc,-3.00,away,ft,1.598,5
MZG6KUFN,Bublik A.,Gasquet R.,2,2,hc,-3.50,home,ft,2.57,3
MZG6KUFN,Bublik A.,Gasquet R.,2,2,hc,-3.50,away,ft,1.493,3
MZG6KUFN,Bublik A.,Gasquet R.,2,2,hc,-4.00,home,ft,3.265,2
MZG6KUFN,Bublik A.,Gasquet R.,2,2,hc,-4.00,away,ft,1.34,2
E9DbMjoB,Nardi L.,Altmaier D.,0,0,ou,2.50,over,ft,2.295,2
E9DbMjoB,Nardi L.,Altmaier D.,0,0,ou,2.50,under,ft,1.66,2
E9DbMjoB,Nardi L.,Altmaier D.,0,0,ou,20.00,over,ft,1.26,2
E9DbMjoB,Nardi L.,Altmaier D.,0,0,ou,20.00,under,ft,3.35,2
E9DbMjoB,Nardi L.,Altmaier D.,0,0,ou,20.50,over,ft,1.36,2
E9DbMjoB,Nardi L.,Altmaier D.,0,0,ou,20.50,under,ft,2.85,2
E9DbMjoB,Nardi L.,Altmaier D.,0,0,ou,21.00,over,ft,1.52,2
E9DbMjoB,Nardi L.,Altmaier D.,0,0,ou,21.00,under,ft,2.54,2
E9DbMjoB,Nardi L.,Altmaier D.,0,0,ou,21.50,over,ft,1.62,2
E9DbMjoB,Nardi L.,Altmaier D.,0,0,ou,21.50,under,ft,2.31,2
E9DbMjoB,Nardi L.,Altmaier D.,0,0,ou,22.00,over,ft,1.674,5
E9DbMjoB,Nardi L.,Altmaier D.,0,0,ou,22.00,under,ft,2.22,5
E9DbMjoB,Nardi L.,Altmaier D.,0,0,ou,22.50,over,ft,1.824,5
E9DbMjoB,Nardi L.,Altmaier D.,0,0,ou,22.50,under,ft,2.0,5
E9DbMjoB,Nardi L.,Altmaier D.,0,0,ou,23.00,over,ft,1.886,5
E9DbMjoB,Nardi L.,Altmaier D.,0,0,ou,23.00,under,ft,1.906,5
E9DbMjoB,Nardi L.,Altmaier D.,0,0,ou,23.50,over,ft,2.016,5
E9DbMjoB,Nardi L.,Altmaier D.,0,0,ou,23.50,under,ft,1.812,5
E9DbMjoB,Nardi L.,Altmaier D.,0,0,ou,24.00,over,ft,2.106,5
E9DbMjoB,Nardi L.,Altmaier D.,0,0,ou,24.00,under,ft,1.742,5
E9DbMjoB,Nardi L.,Altmaier D.,0,0,ou,24.50,over,ft,2.18,2
E9DbMjoB,Nardi L.,Altmaier D.,0,0,ou,24.50,under,ft,1.69,2
E9DbMjoB,Nardi L.,Altmaier D.,0,0,ou,25.00,over,ft,2.3,2
E9DbMjoB,Nardi L.,Altmaier D.,0,0,ou,25.00,under,ft,1.62,2
E9DbMjoB,Nardi L.,Altmaier D.,0,0,ou,25.50,over,ft,2.17,2
E9DbMjoB,Nardi L.,Altmaier D.,0,0,ou,25.50,under,ft,1.6,2
E9DbMjoB,Nardi L.,Altmaier D.,0,0,ou,26.00,over,ft,2.33,2
E9DbMjoB,Nardi L.,Altmaier D.,0,0,ou,26.00,under,ft,1.51,2
E9DbMjoB,Nardi L.,Altmaier D.,0,0,hc,1.00,home,ft,1.41,2
E9DbMjoB,Nardi L.,Altmaier D.,0,0,hc,1.00,away,ft,2.62,2
E9DbMjoB,Nardi L.,Altmaier D.,0,0,hc,-1.00,home,ft,2.27,2
E9DbMjoB,Nardi L.,Altmaier D.,0,0,hc,-1.00,away,ft,1.53,2
E9DbMjoB,Nardi L.,Altmaier D.,0,0,hc,1.50,home,ft,1.3,5
E9DbMjoB,Nardi L.,Altmaier D.,0,0,hc,1.50,away,ft,3.396,5
E9DbMjoB,Nardi L.,Altmaier D.,0,0,hc,-1.50,home,ft,2.936,5
E9DbMjoB,Nardi L.,Altmaier D.,0,0,hc,-1.50,away,ft,1.37,5
E9DbMjoB,Nardi L.,Altmaier D.,0,0,hc,0,home,ft,1.794,5
E9DbMjoB,Nardi L.,Altmaier D.,0,0,hc,0,away,ft,2.018,5
E9DbMjoB,Nardi L.,Altmaier D.,0,0,hc,0.50,home,ft,1.744,5
E9DbMjoB,Nardi L.,Altmaier D.,0,0,hc,0.50,away,ft,2.1,5
E9DbMjoB,Nardi L.,Altmaier D.,0,0,hc,-0.50,home,ft,1.886,5
E9DbMjoB,Nardi L.,Altmaier D.,0,0,hc,-0.50,away,ft,1.926,5
E9DbMjoB,Nardi L.,Altmaier D.,0,0,hc,1.00,home,ft,1.703,3
E9DbMjoB,Nardi L.,Altmaier D.,0,0,hc,1.00,away,ft,2.173,3
E9DbMjoB,Nardi L.,Altmaier D.,0,0,hc,-1.00,home,ft,1.934,5
E9DbMjoB,Nardi L.,Altmaier D.,0,0,hc,-1.00,away,ft,1.868,5
E9DbMjoB,Nardi L.,Altmaier D.,0,0,hc,1.50,home,ft,1.66,4
E9DbMjoB,Nardi L.,Altmaier D.,0,0,hc,1.50,away,ft,2.23,4
E9DbMjoB,Nardi L.,Altmaier D.,0,0,hc,-1.50,home,ft,2.026,5
E9DbMjoB,Nardi L.,Altmaier D.,0,0,hc,-1.50,away,ft,1.802,5
E9DbMjoB,Nardi L.,Altmaier D.,0,0,hc,2.00,home,ft,1.67,4
E9DbMjoB,Nardi L.,Altmaier D.,0,0,hc,2.00,away,ft,2.208,4
E9DbMjoB,Nardi L.,Altmaier D.,0,0,hc,-2.00,home,ft,2.118,5
E9DbMjoB,Nardi L.,Altmaier D.,0,0,hc,-2.00,away,ft,1.718,5
E9DbMjoB,Nardi L.,Altmaier D.,0,0,hc,2.50,home,ft,1.577,4
E9DbMjoB,Nardi L.,Altmaier D.,0,0,hc,2.50,away,ft,2.283,4
E9DbMjoB,Nardi L.,Altmaier D.,0,0,hc,-2.50,home,ft,2.243,3
E9DbMjoB,Nardi L.,Altmaier D.,0,0,hc,-2.50,away,ft,1.63,3
E9DbMjoB,Nardi L.,Altmaier D.,0,0,hc,3.00,home,ft,1.35,2
E9DbMjoB,Nardi L.,Altmaier D.,0,0,hc,3.00,away,ft,2.84,2
E9DbMjoB,Nardi L.,Altmaier D.,0,0,hc,-3.00,home,ft,2.58,2
E9DbMjoB,Nardi L.,Altmaier D.,0,0,hc,-3.00,away,ft,1.5,2
E9DbMjoB,Nardi L.,Altmaier D.,0,0,hc,3.50,home,ft,1.41,2
E9DbMjoB,Nardi L.,Altmaier D.,0,0,hc,3.50,away,ft,2.65,2
E9DbMjoB,Nardi L.,Altmaier D.,0,0,hc,-3.50,home,ft,2.7,3
E9DbMjoB,Nardi L.,Altmaier D.,0,0,hc,-3.50,away,ft,1.4,3
E9DbMjoB,Nardi L.,Altmaier D.,0,0,hc,4.00,home,ft,1.27,2
E9DbMjoB,Nardi L.,Altmaier D.,0,0,hc,4.00,away,ft,3.28,2
E9DbMjoB,Nardi L.,Altmaier D.,0,0,hc,-4.00,home,ft,3.5,2
E9DbMjoB,Nardi L.,Altmaier D.,0,0,hc,-4.00,away,ft,1.24,2
YDpPxCVi,Pouille L.,Bonzi B.,,,ou,2.50,over,ft,2.47,1
YDpPxCVi,Pouille L.,Bonzi B.,,,ou,2.50,under,ft,1.58,1
YDpPxCVi,Pouille L.,Bonzi B.,,,ou,19.50,over,ft,1.29,2
YDpPxCVi,Pouille L.,Bonzi B.,,,ou,19.50,under,ft,3.13,2
YDpPxCVi,Pouille L.,Bonzi B.,,,ou,20.00,over,ft,1.33,2
YDpPxCVi,Pouille L.,Bonzi B.,,,ou,20.00,under,ft,2.92,2
YDpPxCVi,Pouille L.,Bonzi B.,,,ou,20.50,over,ft,1.43,2
YDpPxCVi,Pouille L.,Bonzi B.,,,ou,20.50,under,ft,2.54,2
YDpPxCVi,Pouille L.,Bonzi B.,,,ou,21.00,over,ft,1.51,2
YDpPxCVi,Pouille L.,Bonzi B.,,,ou,21.00,under,ft,2.39,2
YDpPxCVi,Pouille L.,Bonzi B.,,,ou,21.50,over,ft,1.58,3
YDpPxCVi,Pouille L.,Bonzi B.,,,ou,21.50,under,ft,2.273,3
YDpPxCVi,Pouille L.,Bonzi B.,,,ou,22.00,over,ft,1.72,4
YDpPxCVi,Pouille L.,Bonzi B.,,,ou,22.00,under,ft,2.058,4
YDpPxCVi,Pouille L.,Bonzi B.,,,ou,22.50,over,ft,1.817,4
YDpPxCVi,Pouille L.,Bonzi B.,,,ou,22.50,under,ft,1.89,4
YDpPxCVi,Pouille L.,Bonzi B.,,,ou,23.00,over,ft,1.995,4
YDpPxCVi,Pouille L.,Bonzi B.,,,ou,23.00,under,ft,1.768,4
YDpPxCVi,Pouille L.,Bonzi B.,,,ou,23.50,over,ft,2.067,3
YDpPxCVi,Pouille L.,Bonzi B.,,,ou,23.50,under,ft,1.703,3
YDpPxCVi,Pouille L.,Bonzi B.,,,ou,24.00,over,ft,2.15,3
YDpPxCVi,Pouille L.,Bonzi B.,,,ou,24.00,under,ft,1.663,3
YDpPxCVi,Pouille L.,Bonzi B.,,,ou,24.50,over,ft,2.05,2
YDpPxCVi,Pouille L.,Bonzi B.,,,ou,24.50,under,ft,1.65,2
YDpPxCVi,Pouille L.,Bonzi B.,,,ou,25.00,over,ft,2.26,2
YDpPxCVi,Pouille L.,Bonzi B.,,,ou,25.00,under,ft,1.54,2
YDpPxCVi,Pouille L.,Bonzi B.,,,ou,25.50,over,ft,2.25,2
YDpPxCVi,Pouille L.,Bonzi B.,,,ou,25.50,under,ft,1.54,2
YDpPxCVi,Pouille L.,Bonzi B.,,,ou,26.00,over,ft,2.33,2
YDpPxCVi,Pouille L.,Bonzi B.,,,ou,26.00,under,ft,1.51,2
YDpPxCVi,Pouille L.,Bonzi B.,,,ou,26.50,over,ft,2.5,2
YDpPxCVi,Pouille L.,Bonzi B.,,,ou,26.50,under,ft,1.44,2
YDpPxCVi,Pouille L.,Bonzi B.,,,ou,27.50,over,ft,2.75,2
YDpPxCVi,Pouille L.,Bonzi B.,,,ou,27.50,under,ft,1.37,2
YDpPxCVi,Pouille L.,Bonzi B.,,,hc,1.00,home,ft,1.92,2
YDpPxCVi,Pouille L.,Bonzi B.,,,hc,1.00,away,ft,1.75,2
YDpPxCVi,Pouille L.,Bonzi B.,,,hc,1.50,home,ft,1.56,4
YDpPxCVi,Pouille L.,Bonzi B.,,,hc,1.50,away,ft,2.3,4
YDpPxCVi,Pouille L.,Bonzi B.,,,hc,-1.50,home,ft,4.203,4
YDpPxCVi,Pouille L.,Bonzi B.,,,hc,-1.50,away,ft,1.192,4
YDpPxCVi,Pouille L.,Bonzi B.,,,hc,0,home,ft,2.52,2
YDpPxCVi,Pouille L.,Bonzi B.,,,hc,0,away,ft,1.44,2
YDpPxCVi,Pouille L.,Bonzi B.,,,hc,0.50,home,ft,2.36,2
YDpPxCVi,Pouille L.,Bonzi B.,,,hc,0.50,away,ft,1.51,2
YDpPxCVi,Pouille L.,Bonzi B.,,,hc,-0.50,home,ft,2.44,2
YDpPxCVi,Pouille L.,Bonzi B.,,,hc,-0.50,away,ft,1.48,2
YDpPxCVi,Pouille L.,Bonzi B.,,,hc,1.00,home,ft,2.207,3
YDpPxCVi,Pouille L.,Bonzi B.,,,hc,1.00,away,ft,1.613,3
YDpPxCVi,Pouille L.,Bonzi B.,,,hc,-1.00,home,ft,2.61,2
YDpPxCVi,Pouille L.,Bonzi B.,,,hc,-1.00,away,ft,1.41,2
YDpPxCVi,Pouille L.,Bonzi B.,,,hc,1.50,home,ft,2.183,3
YDpPxCVi,Pouille L.,Bonzi B.,,,hc,1.50,away,ft,1.623,3
YDpPxCVi,Pouille L.,Bonzi B.,,,hc,2.00,home,ft,2.055,4
YDpPxCVi,Pouille L.,Bonzi B.,,,hc,2.00,away,ft,1.688,4
YDpPxCVi,Pouille L.,Bonzi B.,,,hc,2.50,home,ft,1.933,4
YDpPxCVi,Pouille L.,Bonzi B.,,,hc,2.50,away,ft,1.78,4
YDpPxCVi,Pouille L.,Bonzi B.,,,hc,3.00,home,ft,1.76,4
YDpPxCVi,Pouille L.,Bonzi B.,,,hc,3.00,away,ft,1.955,4
YDpPxCVi,Pouille L.,Bonzi B.,,,hc,3.50,home,ft,1.647,3
YDpPxCVi,Pouille L.,Bonzi B.,,,hc,3.50,away,ft,2.15,3
YDpPxCVi,Pouille L.,Bonzi B.,,,hc,4.00,home,ft,1.45,3
YDpPxCVi,Pouille L.,Bonzi B.,,,hc,4.00,away,ft,2.613,3
YDpPxCVi,Pouille L.,Bonzi B.,,,hc,4.50,home,ft,1.36,2
YDpPxCVi,Pouille L.,Bonzi B.,,,hc,4.50,away,ft,2.79,2
YDpPxCVi,Pouille L.,Bonzi B.,,,hc,5.00,home,ft,1.22,2
YDpPxCVi,Pouille L.,Bonzi B.,,,hc,5.00,away,ft,3.62,2
f7ccOCGb,Sonego L.,Van De Zandschulp B.,2,2,ou,2.50,over,ft,2.25,2
f7ccOCGb,Sonego L.,Van De Zandschulp B.,2,2,ou,2.50,under,ft,1.69,2
f7ccOCGb,Sonego L.,Van De Zandschulp B.,2,2,ou,20.00,over,ft,1.26,2
f7ccOCGb,Sonego L.,Van De Zandschulp B.,2,2,ou,20.00,under,ft,3.35,2
f7ccOCGb,Sonego L.,Van De Zandschulp B.,2,2,ou,20.50,over,ft,1.38,3
f7ccOCGb,Sonego L.,Van De Zandschulp B.,2,2,ou,20.50,under,ft,2.857,3
f7ccOCGb,Sonego L.,Van De Zandschulp B.,2,2,ou,21.00,over,ft,1.36,2
f7ccOCGb,Sonego L.,Van De Zandschulp B.,2,2,ou,21.00,under,ft,2.79,2
f7ccOCGb,Sonego L.,Van De Zandschulp B.,2,2,ou,21.50,over,ft,1.46,2
f7ccOCGb,Sonego L.,Van De Zandschulp B.,2,2,ou,21.50,under,ft,2.49,2
f7ccOCGb,Sonego L.,Van De Zandschulp B.,2,2,ou,22.00,over,ft,1.578,5
f7ccOCGb,Sonego L.,Van De Zandschulp B.,2,2,ou,22.00,under,ft,2.344,5
f7ccOCGb,Sonego L.,Van De Zandschulp B.,2,2,ou,22.50,over,ft,1.726,5
f7ccOCGb,Sonego L.,Van De Zandschulp B.,2,2,ou,22.50,under,ft,2.076,5
f7ccOCGb,Sonego L.,Van De Zandschulp B.,2,2,ou,23.00,over,ft,1.85,5
f7ccOCGb,Sonego L.,Van De Zandschulp B.,2,2,ou,23.00,under,ft,1.946,5
f7ccOCGb,Sonego L.,Van De Zandschulp B.,2,2,ou,23.50,over,ft,1.996,5
f7ccOCGb,Sonego L.,Van De Zandschulp B.,2,2,ou,23.50,under,ft,1.82,5
f7ccOCGb,Sonego L.,Van De Zandschulp B.,2,2,ou,24.00,over,ft,2.014,5
f7ccOCGb,Sonego L.,Van De Zandschulp B.,2,2,ou,24.00,under,ft,1.788,5
f7ccOCGb,Sonego L.,Van De Zandschulp B.,2,2,ou,24.50,over,ft,2.02,3
f7ccOCGb,Sonego L.,Van De Zandschulp B.,2,2,ou,24.50,under,ft,1.753,3
f7ccOCGb,Sonego L.,Van De Zandschulp B.,2,2,ou,25.00,over,ft,2.08,2
f7ccOCGb,Sonego L.,Van De Zandschulp B.,2,2,ou,25.00,under,ft,1.67,2
f7ccOCGb,Sonego L.,Van De Zandschulp B.,2,2,ou,25.50,over,ft,2.14,2
f7ccOCGb,Sonego L.,Van De Zandschulp B.,2,2,ou,25.50,under,ft,1.62,2
f7ccOCGb,Sonego L.,Van De Zandschulp B.,2,2,ou,26.00,over,ft,2.3,2
f7ccOCGb,Sonego L.,Van De Zandschulp B.,2,2,ou,26.00,under,ft,1.52,2
f7ccOCGb,Sonego L.,Van De Zandschulp B.,2,2,ou,26.50,over,ft,2.447,3
f7ccOCGb,Sonego L.,Van De Zandschulp B.,2,2,ou,26.50,under,ft,1.493,3
f7ccOCGb,Sonego L.,Van De Zandschulp B.,2,2,ou,27.50,over,ft,2.63,2
f7ccOCGb,Sonego L.,Van De Zandschulp B.,2,2,ou,27.50,under,ft,1.4,2
f7ccOCGb,Sonego L.,Van De Zandschulp B.,2,2,ou,28.50,over,ft,2.963,3
f7ccOCGb,Sonego L.,Van De Zandschulp B.,2,2,ou,28.50,under,ft,1.35,3
f7ccOCGb,Sonego L.,Van De Zandschulp B.,2,2,hc,1.00,home,ft,1.41,2
f7ccOCGb,Sonego L.,Van De Zandschulp B.,2,2,hc,1.00,away,ft,2.62,2
f7ccOCGb,Sonego L.,Van De Zandschulp B.,2,2,hc,-1.00,home,ft,2.25,2
f7ccOCGb,Sonego L.,Van De Zandschulp B.,2,2,hc,-1.00,away,ft,1.54,2
f7ccOCGb,Sonego L.,Van De Zandschulp B.,2,2,hc,1.50,home,ft,1.288,5
f7ccOCGb,Sonego L.,Van De Zandschulp B.,2,2,hc,1.50,away,ft,3.482,5
f7ccOCGb,Sonego L.,Van De Zandschulp B.,2,2,hc,-1.50,home,ft,3.006,5
f7ccOCGb,Sonego L.,Van De Zandschulp B.,2,2,hc,-1.50,away,ft,1.362,5
f7ccOCGb,Sonego L.,Van De Zandschulp B.,2,2,hc,0,home,ft,1.774,5
f7ccOCGb,Sonego L.,Van De Zandschulp B.,2,2,hc,0,away,ft,2.02,5
f7ccOCGb,Sonego L.,Van De Zandschulp B.,2,2,hc,0.50,home,ft,1.732,5
f7ccOCGb,Sonego L.,Van De Zandschulp B.,2,2,hc,0.50,away,ft,2.084,5
f7ccOCGb,Sonego L.,Van De Zandschulp B.,2,2,hc,-0.50,home,ft,1.88,5
f7ccOCGb,Sonego L.,Van De Zandschulp B.,2,2,hc,-0.50,away,ft,1.964,5
f7ccOCGb,Sonego L.,Van De Zandschulp B.,2,2,hc,1.00,home,ft,1.667,3
f7ccOCGb,Sonego L.,Van De Zandschulp B.,2,2,hc,1.00,away,ft,2.147,3
f7ccOCGb,Sonego L.,Van De Zandschulp B.,2,2,hc,-1.00,home,ft,1.918,5
f7ccOCGb,Sonego L.,Van De Zandschulp B.,2,2,hc,-1.00,away,ft,1.86,5
f7ccOCGb,Sonego L.,Van De Zandschulp B.,2,2,hc,1.50,home,ft,1.585,4
f7ccOCGb,Sonego L.,Van De Zandschulp B.,2,2,hc,1.50,away,ft,2.263,4
f7ccOCGb,Sonego L.,Van De Zandschulp B.,2,2,hc,-1.50,home,ft,2.006,5
f7ccOCGb,Sonego L.,Van De Zandschulp B.,2,2,hc,-1.50,away,ft,1.782,5
f7ccOCGb,Sonego L.,Van De Zandschulp B.,2,2,hc,2.00,home,ft,1.47,2
f7ccOCGb,Sonego L.,Van De Zandschulp B.,2,2,hc,2.00,away,ft,2.43,2
f7ccOCGb,Sonego L.,Van De Zandschulp B.,2,2,hc,-2.00,home,ft,2.138,5
f7ccOCGb,Sonego L.,Van De Zandschulp B.,2,2,hc,-2.00,away,ft,1.676,5
f7ccOCGb,Sonego L.,Van De Zandschulp B.,2,2,hc,2.50,home,ft,1.43,2
f7ccOCGb,Sonego L.,Van De Zandschulp B.,2,2,hc,2.50,away,ft,2.56,2
f7ccOCGb,Sonego L.,Van De Zandschulp B.,2,2,hc,-2.50,home,ft,2.255,4
f7ccOCGb,Sonego L.,Van De Zandschulp B.,2,2,hc,-2.50,away,ft,1.598,4
f7ccOCGb,Sonego L.,Van De Zandschulp B.,2,2,hc,-3.00,home,ft,2.53,3
f7ccOCGb,Sonego L.,Van De Zandschulp B.,2,2,hc,-3.00,away,ft,1.48,3
f7ccOCGb,Sonego L.,Van De Zandschulp B.,2,2,hc,3.50,home,ft,1.29,1
f7ccOCGb,Sonego L.,Van De Zandschulp B.,2,2,hc,3.50,away,ft,3.64,1
f7ccOCGb,Sonego L.,Van De Zandschulp B.,2,2,hc,-3.50,home,ft,2.767,3
f7ccOCGb,Sonego L.,Van De Zandschulp B.,2,2,hc,-3.50,away,ft,1.393,3
f7ccOCGb,Sonego L.,Van De Zandschulp B.,2,2,hc,-4.00,home,ft,3.65,2
f7ccOCGb,Sonego L.,Van De Zandschulp B.,2,2,hc,-4.00,away,ft,1.22,2
f7ccOCGb,Sonego L.,Van De Zandschulp B.,2,2,hc,-5.50,home,ft,6.04,1
f7ccOCGb,Sonego L.,Van De Zandschulp B.,2,2,hc,-5.50,away,ft,1.13,1
67hwF8wo,Virtanen O.,Korda S.,2,2,ou,2.50,over,ft,2.497,3
67hwF8wo,Virtanen O.,Korda S.,2,2,ou,2.50,under,ft,1.557,3
67hwF8wo,Virtanen O.,Korda S.,2,2,ou,18.50,over,ft,1.185,2
67hwF8wo,Virtanen O.,Korda S.,2,2,ou,18.50,under,ft,4.84,2
67hwF8wo,Virtanen O.,Korda S.,2,2,ou,19.50,over,ft,1.25,2
67hwF8wo,Virtanen O.,Korda S.,2,2,ou,19.50,under,ft,3.42,2
67hwF8wo,Virtanen O.,Korda S.,2,2,ou,20.00,over,ft,1.32,2
67hwF8wo,Virtanen O.,Korda S.,2,2,ou,20.00,under,ft,2.99,2
67hwF8wo,Virtanen O.,Korda S.,2,2,ou,20.50,over,ft,1.454,5
67hwF8wo,Virtanen O.,Korda S.,2,2,ou,20.50,under,ft,2.612,5
67hwF8wo,Virtanen O.,Korda S.,2,2,ou,21.00,over,ft,1.49,2
67hwF8wo,Virtanen O.,Korda S.,2,2,ou,21.00,under,ft,2.44,2
67hwF8wo,Virtanen O.,Korda S.,2,2,ou,21.50,over,ft,1.608,5
67hwF8wo,Virtanen O.,Korda S.,2,2,ou,21.50,under,ft,2.292,5
67hwF8wo,Virtanen O.,Korda S.,2,2,ou,22.00,over,ft,1.722,5
67hwF8wo,Virtanen O.,Korda S.,2,2,ou,22.00,under,ft,2.106,5
67hwF8wo,Virtanen O.,Korda S.,2,2,ou,22.50,over,ft,1.862,5
67hwF8wo,Virtanen O.,Korda S.,2,2,ou,22.50,under,ft,1.934,5
67hwF8wo,Virtanen O.,Korda S.,2,2,ou,23.00,over,ft,2.026,5
67hwF8wo,Virtanen O.,Korda S.,2,2,ou,23.00,under,ft,1.778,5
67hwF8wo,Virtanen O.,Korda S.,2,2,ou,23.50,over,ft,2.17,5
67hwF8wo,Virtanen O.,Korda S.,2,2,ou,23.50,under,ft,1.672,5
67hwF8wo,Virtanen O.,Korda S.,2,2,ou,24.00,over,ft,2.127,4
67hwF8wo,Virtanen O.,Korda S.,2,2,ou,24.00,under,ft,1.657,4
67hwF8wo,Virtanen O.,Korda S.,2,2,ou,24.50,over,ft,2.19,5
67hwF8wo,Virtanen O.,Korda S.,2,2,ou,24.50,under,ft,1.624,5
67hwF8wo,Virtanen O.,Korda S.,2,2,ou,25.00,over,ft,2.24,2
67hwF8wo,Virtanen O.,Korda S.,2,2,ou,25.00,under,ft,1.55,2
67hwF8wo,Virtanen O.,Korda S.,2,2,ou,25.50,over,ft,2.22,2
67hwF8wo,Virtanen O.,Korda S.,2,2,ou,25.50,under,ft,1.56,2
67hwF8wo,Virtanen O.,Korda S.,2,2,ou,26.50,over,ft,2.624,5
67hwF8wo,Virtanen O.,Korda S.,2,2,ou,26.50,under,ft,1.448,5
67hwF8wo,Virtanen O.,Korda S.,2,2,ou,27.50,over,ft,2.69,2
67hwF8wo,Virtanen O.,Korda S.,2,2,ou,27.50,under,ft,1.39,2
67hwF8wo,Virtanen O.,Korda S.,2,2,hc,1.00,home,ft,2.36,2
67hwF8wo,Virtanen O.,Korda S.,2,2,hc,1.00,away,ft,1.49,2
67hwF8wo,Virtanen O.,Korda S.,2,2,hc,1.50,home,ft,1.806,5
67hwF8wo,Virtanen O.,Korda S.,2,2,hc,1.50,away,ft,1.96,5
67hwF8wo,Virtanen O.,Korda S.,2,2,hc,-1.50,home,ft,6.072,5
67hwF8wo,Virtanen O.,Korda S.,2,2,hc,-1.50,away,ft,1.112,5
67hwF8wo,Virtanen O.,Korda S.,2,2,hc,1.00,home,ft,2.79,2
67hwF8wo,Virtanen O.,Korda S.,2,2,hc,1.00,away,ft,1.36,2
67hwF8wo,Virtanen O.,Korda S.,2,2,hc,1.50,home,ft,2.634,5
67hwF8wo,Virtanen O.,Korda S.,2,2,hc,1.50,away,ft,1.452,5
67hwF8wo,Virtanen O.,Korda S.,2,2,hc,-1.50,home,ft,3.753,3
67hwF8wo,Virtanen O.,Korda S.,2,2,hc,-1.50,away,ft,1.263,3
67hwF8wo,Virtanen O.,Korda S.,2,2,hc,2.00,home,ft,2.47,5
67hwF8wo,Virtanen O.,Korda S.,2,2,hc,2.00,away,ft,1.516,5
67hwF8wo,Virtanen O.,Korda S.,2,2,hc,2.50,home,ft,2.26,5
67hwF8wo,Virtanen O.,Korda S.,2,2,hc,2.50,away,ft,1.626,5
67hwF8wo,Virtanen O.,Korda S.,2,2,hc,3.00,home,ft,2.016,5
67hwF8wo,Virtanen O.,Korda S.,2,2,hc,3.00,away,ft,1.77,5
67hwF8wo,Virtanen O.,Korda S.,2,2,hc,3.50,home,ft,1.822,5
67hwF8wo,Virtanen O.,Korda S.,2,2,hc,3.50,away,ft,1.98,5
67hwF8wo,Virtanen O.,Korda S.,2,2,hc,4.00,home,ft,1.56,5
67hwF8wo,Virtanen O.,Korda S.,2,2,hc,4.00,away,ft,2.392,5
67hwF8wo,Virtanen O.,Korda S.,2,2,hc,4.50,home,ft,1.442,5
67hwF8wo,Virtanen O.,Korda S.,2,2,hc,4.50,away,ft,2.752,5
67hwF8wo,Virtanen O.,Korda S.,2,2,hc,5.00,home,ft,1.27,2
67hwF8wo,Virtanen O.,Korda S.,2,2,hc,5.00,away,ft,3.42,2
67hwF8wo,Virtanen O.,Korda S.,2,2,hc,5.50,home,ft,1.218,5
67hwF8wo,Virtanen O.,Korda S.,2,2,hc,5.50,away,ft,4.058,5
67hwF8wo,Virtanen O.,Korda S.,2,2,hc,6.00,home,ft,1.09,2
67hwF8wo,Virtanen O.,Korda S.,2,2,hc,6.00,away,ft,5.65,2
MgakQYon,Collignon R.,Medjedovic H.,0,0,ou,2.50,over,ft,2.835,2
MgakQYon,Collignon R.,Medjedovic H.,0,0,ou,2.50,under,ft,1.46,2
MgakQYon,Collignon R.,Medjedovic H.,0,0,ou,18.50,over,ft,1.237,3
MgakQYon,Collignon R.,Medjedovic H.,0,0,ou,18.50,under,ft,3.67,3
MgakQYon,Collignon R.,Medjedovic H.,0,0,ou,19.00,over,ft,1.28,2
MgakQYon,Collignon R.,Medjedovic H.,0,0,ou,19.00,under,ft,3.22,2
MgakQYon,Collignon R.,Medjedovic H.,0,0,ou,19.50,over,ft,1.39,2
MgakQYon,Collignon R.,Medjedovic H.,0,0,ou,19.50,under,ft,2.73,2
MgakQYon,Collignon R.,Medjedovic H.,0,0,ou,20.00,over,ft,1.43,2
MgakQYon,Collignon R.,Medjedovic H.,0,0,ou,20.00,under,ft,2.55,2
MgakQYon,Collignon R.,Medjedovic H.,0,0,ou,20.50,over,ft,1.615,4
MgakQYon,Collignon R.,Medjedovic H.,0,0,ou,20.50,under,ft,2.255,4
MgakQYon,Collignon R.,Medjedovic H.,0,0,ou,21.00,over,ft,1.69,5
MgakQYon,Collignon R.,Medjedovic H.,0,0,ou,21.00,under,ft,2.142,5
MgakQYon,Collignon R.,Medjedovic H.,0,0,ou,21.50,over,ft,1.822,5
MgakQYon,Collignon R.,Medjedovic H.,0,0,ou,21.50,under,ft,1.994,5
MgakQYon,Collignon R.,Medjedovic H.,0,0,ou,22.00,over,ft,1.956,5
MgakQYon,Collignon R.,Medjedovic H.,0,0,ou,22.00,under,ft,1.842,5
MgakQYon,Collignon R.,Medjedovic H.,0,0,ou,22.50,over,ft,2.104,5
MgakQYon,Collignon R.,Medjedovic H.,0,0,ou,22.50,under,ft,1.716,5
MgakQYon,Collignon R.,Medjedovic H.,0,0,ou,23.00,over,ft,2.224,5
MgakQYon,Collignon R.,Medjedovic H.,0,0,ou,23.00,under,ft,1.628,5
MgakQYon,Collignon R.,Medjedovic H.,0,0,ou,23.50,over,ft,2.25,2
MgakQYon,Collignon R.,Medjedovic H.,0,0,ou,23.50,under,ft,1.56,2
MgakQYon,Collignon R.,Medjedovic H.,0,0,ou,24.00,over,ft,2.28,2
MgakQYon,Collignon R.,Medjedovic H.,0,0,ou,24.00,under,ft,1.53,2
MgakQYon,Collignon R.,Medjedovic H.,0,0,ou,24.50,over,ft,2.403,3
MgakQYon,Collignon R.,Medjedovic H.,0,0,ou,24.50,under,ft,1.523,3
MgakQYon,Collignon R.,Medjedovic H.,0,0,ou,25.00,over,ft,2.43,2
MgakQYon,Collignon R.,Medjedovic H.,0,0,ou,25.00,under,ft,1.47,2
MgakQYon,Collignon R.,Medjedovic H.,0,0,ou,25.50,over,ft,2.92,2
MgakQYon,Collignon R.,Medjedovic H.,0,0,ou,25.50,under,ft,1.33,2
MgakQYon,Collignon R.,Medjedovic H.,0,0,ou,26.50,over,ft,3.33,3
MgakQYon,Collignon R.,Medjedovic H.,0,0,ou,26.50,under,ft,1.287,3
MgakQYon,Collignon R.,Medjedovic H.,0,0,hc,1.00,home,ft,2.44,2
MgakQYon,Collignon R.,Medjedovic H.,0,0,hc,1.00,away,ft,1.46,2
MgakQYon,Collignon R.,Medjedovic H.,0,0,hc,1.50,home,ft,1.888,5
MgakQYon,Collignon R.,Medjedovic H.,0,0,hc,1.50,away,ft,1.876,5
MgakQYon,Collignon R.,Medjedovic H.,0,0,hc,-1.50,home,ft,6.066,5
MgakQYon,Collignon R.,Medjedovic H.,0,0,hc,-1.50,away,ft,1.112,5
MgakQYon,Collignon R.,Medjedovic H.,0,0,hc,1.00,home,ft,2.89,2
MgakQYon,Collignon R.,Medjedovic H.,0,0,hc,1.00,away,ft,1.34,2
MgakQYon,Collignon R.,Medjedovic H.,0,0,hc,1.50,home,ft,2.763,4
MgakQYon,Collignon R.,Medjedovic H.,0,0,hc,1.50,away,ft,1.405,4
MgakQYon,Collignon R.,Medjedovic H.,0,0,hc,-1.50,home,ft,4.0,1
MgakQYon,Collignon R.,Medjedovic H.,0,0,hc,-1.50,away,ft,1.25,1
MgakQYon,Collignon R.,Medjedovic H.,0,0,hc,2.00,home,ft,2.58,2
MgakQYon,Collignon R.,Medjedovic H.,0,0,hc,2.00,away,ft,1.44,2
MgakQYon,Collignon R.,Medjedovic H.,0,0,hc,2.50,home,ft,2.41,5
MgakQYon,Collignon R.,Medjedovic H.,0,0,hc,2.50,away,ft,1.55,5
MgakQYon,Collignon R.,Medjedovic H.,0,0,hc,3.00,home,ft,2.248,5
MgakQYon,Collignon R.,Medjedovic H.,0,0,hc,3.00,away,ft,1.628,5
MgakQYon,Collignon R.,Medjedovic H.,0,0,hc,3.50,home,ft,2.038,5
MgakQYon,Collignon R.,Medjedovic H.,0,0,hc,3.50,away,ft,1.826,5
MgakQYon,Collignon R.,Medjedovic H.,0,0,hc,4.00,home,ft,1.78,5
MgakQYon,Collignon R.,Medjedovic H.,0,0,hc,4.00,away,ft,2.014,5
MgakQYon,Collignon R.,Medjedovic H.,0,0,hc,4.50,home,ft,1.618,5
MgakQYon,Collignon R.,Medjedovic H.,0,0,hc,4.50,away,ft,2.272,5
MgakQYon,Collignon R.,Medjedovic H.,0,0,hc,5.00,home,ft,1.41,4
MgakQYon,Collignon R.,Medjedovic H.,0,0,hc,5.00,away,ft,2.877,4
MgakQYon,Collignon R.,Medjedovic H.,0,0,hc,5.50,home,ft,1.31,4
MgakQYon,Collignon R.,Medjedovic H.,0,0,hc,5.50,away,ft,3.22,4
MgakQYon,Collignon R.,Medjedovic H.,0,0,hc,6.00,home,ft,1.16,2
MgakQYon,Collignon R.,Medjedovic H.,0,0,hc,6.00,away,ft,4.45,2
M9Ls1EWg,Guinard M.,Herbert P.,1,1,ou,2.50,over,ft,2.4,3
M9Ls1EWg,Guinard M.,Herbert P.,1,1,ou,2.50,under,ft,1.567,3
M9Ls1EWg,Guinard M.,Herbert P.,1,1,ou,20.50,over,ft,1.45,1
M9Ls1EWg,Guinard M.,Herbert P.,1,1,ou,20.50,under,ft,2.45,1
M9Ls1EWg,Guinard M.,Herbert P.,1,1,ou,21.50,over,ft,1.628,5
M9Ls1EWg,Guinard M.,Herbert P.,1,1,ou,21.50,under,ft,2.2,5
M9Ls1EWg,Guinard M.,Herbert P.,1,1,ou,22.00,over,ft,1.744,5
M9Ls1EWg,Guinard M.,Herbert P.,1,1,ou,22.00,under,ft,2.048,5
M9Ls1EWg,Guinard M.,Herbert P.,1,1,ou,22.50,over,ft,1.886,5
M9Ls1EWg,Guinard M.,Herbert P.,1,1,ou,22.50,under,ft,1.874,5
M9Ls1EWg,Guinard M.,Herbert P.,1,1,ou,23.00,over,ft,2.02,5
M9Ls1EWg,Guinard M.,Herbert P.,1,1,ou,23.00,under,ft,1.762,5
M9Ls1EWg,Guinard M.,Herbert P.,1,1,ou,23.50,over,ft,2.138,5
M9Ls1EWg,Guinard M.,Herbert P.,1,1,ou,23.50,under,ft,1.666,5
M9Ls1EWg,Guinard M.,Herbert P.,1,1,ou,24.00,over,ft,2.11,2
M9Ls1EWg,Guinard M.,Herbert P.,1,1,ou,24.00,under,ft,1.72,2
M9Ls1EWg,Guinard M.,Herbert P.,1,1,ou,24.50,over,ft,2.1,3
M9Ls1EWg,Guinard M.,Herbert P.,1,1,ou,24.50,under,ft,1.63,3
M9Ls1EWg,Guinard M.,Herbert P.,1,1,ou,25.50,over,ft,2.28,2
M9Ls1EWg,Guinard M.,Herbert P.,1,1,ou,25.50,under,ft,1.53,2
M9Ls1EWg,Guinard M.,Herbert P.,1,1,hc,1.00,home,ft,1.68,2
M9Ls1EWg,Guinard M.,Herbert P.,1,1,hc,1.00,away,ft,2.01,2
M9Ls1EWg,Guinard M.,Herbert P.,1,1,hc,1.50,home,ft,1.472,5
M9Ls1EWg,Guinard M.,Herbert P.,1,1,hc,1.50,away,ft,2.57,5
M9Ls1EWg,Guinard M.,Herbert P.,1,1,hc,-1.50,home,ft,3.376,5
M9Ls1EWg,Guinard M.,Herbert P.,1,1,hc,-1.50,away,ft,1.294,5
M9Ls1EWg,Guinard M.,Herbert P.,1,1,hc,0,home,ft,2.13,2
M9Ls1EWg,Guinard M.,Herbert P.,1,1,hc,0,away,ft,1.62,2
M9Ls1EWg,Guinard M.,Herbert P.,1,1,hc,0.50,home,ft,2.078,5
M9Ls1EWg,Guinard M.,Herbert P.,1,1,hc,0.50,away,ft,1.712,5
M9Ls1EWg,Guinard M.,Herbert P.,1,1,hc,-0.50,home,ft,2.2,2
M9Ls1EWg,Guinard M.,Herbert P.,1,1,hc,-0.50,away,ft,1.57,2
M9Ls1EWg,Guinard M.,Herbert P.,1,1,hc,1.00,home,ft,2.015,4
M9Ls1EWg,Guinard M.,Herbert P.,1,1,hc,1.00,away,ft,1.775,4
M9Ls1EWg,Guinard M.,Herbert P.,1,1,hc,1.50,home,ft,1.926,5
M9Ls1EWg,Guinard M.,Herbert P.,1,1,hc,1.50,away,ft,1.832,5
M9Ls1EWg,Guinard M.,Herbert P.,1,1,hc,-1.50,home,ft,2.45,1
M9Ls1EWg,Guinard M.,Herbert P.,1,1,hc,-1.50,away,ft,1.5,1
M9Ls1EWg,Guinard M.,Herbert P.,1,1,hc,2.00,home,ft,1.84,4
M9Ls1EWg,Guinard M.,Herbert P.,1,1,hc,2.00,away,ft,1.94,4
M9Ls1EWg,Guinard M.,Herbert P.,1,1,hc,2.50,home,ft,1.74,5
M9Ls1EWg,Guinard M.,Herbert P.,1,1,hc,2.50,away,ft,2.036,5
M9Ls1EWg,Guinard M.,Herbert P.,1,1,hc,3.00,home,ft,1.615,4
M9Ls1EWg,Guinard M.,Herbert P.,1,1,hc,3.00,away,ft,2.24,4
M9Ls1EWg,Guinard M.,Herbert P.,1,1,hc,3.50,home,ft,1.552,4
M9Ls1EWg,Guinard M.,Herbert P.,1,1,hc,3.50,away,ft,2.303,4
M9Ls1EWg,Guinard M.,Herbert P.,1,1,hc,4.00,home,ft,1.433,3
M9Ls1EWg,Guinard M.,Herbert P.,1,1,hc,4.00,away,ft,2.68,3
M9Ls1EWg,Guinard M.,Herbert P.,1,1,hc,4.50,home,ft,1.31,2
M9Ls1EWg,Guinard M.,Herbert P.,1,1,hc,4.50,away,ft,3.04,2
OYHbcWVI,Chidekh C.,van Assche L.,2,2,ou,2.50,over,ft,2.39,3
OYHbcWVI,Chidekh C.,van Assche L.,2,2,ou,2.50,under,ft,1.563,3
OYHbcWVI,Chidekh C.,van Assche L.,2,2,ou,20.50,over,ft,1.636,5
OYHbcWVI,Chidekh C.,van Assche L.,2,2,ou,20.50,under,ft,2.18,5
OYHbcWVI,Chidekh C.,van Assche L.,2,2,ou,21.00,over,ft,1.7,4
OYHbcWVI,Chidekh C.,van Assche L.,2,2,ou,21.00,under,ft,2.123,4
OYHbcWVI,Chidekh C.,van Assche L.,2,2,ou,21.50,over,ft,1.778,5
OYHbcWVI,Chidekh C.,van Assche L.,2,2,ou,21.50,under,ft,1.992,5
OYHbcWVI,Chidekh C.,van Assche L.,2,2,ou,22.00,over,ft,1.9,5
OYHbcWVI,Chidekh C.,van Assche L.,2,2,ou,22.00,under,ft,1.866,5
OYHbcWVI,Chidekh C.,van Assche L.,2,2,ou,22.50,over,ft,1.962,5
OYHbcWVI,Chidekh C.,van Assche L.,2,2,ou,22.50,under,ft,1.844,5
OYHbcWVI,Chidekh C.,van Assche L.,2,2,ou,23.00,over,ft,2.167,4
OYHbcWVI,Chidekh C.,van Assche L.,2,2,ou,23.00,under,ft,1.67,4
OYHbcWVI,Chidekh C.,van Assche L.,2,2,ou,23.50,over,ft,2.187,3
OYHbcWVI,Chidekh C.,van Assche L.,2,2,ou,23.50,under,ft,1.597,3
OYHbcWVI,Chidekh C.,van Assche L.,2,2,ou,24.50,over,ft,2.2,1
OYHbcWVI,Chidekh C.,van Assche L.,2,2,ou,24.50,under,ft,1.57,1
OYHbcWVI,Chidekh C.,van Assche L.,2,2,hc,1.00,home,ft,1.75,2
OYHbcWVI,Chidekh C.,van Assche L.,2,2,hc,1.00,away,ft,1.92,2
OYHbcWVI,Chidekh C.,van Assche L.,2,2,hc,1.50,home,ft,1.488,5
OYHbcWVI,Chidekh C.,van Assche L.,2,2,hc,1.50,away,ft,2.524,5
OYHbcWVI,Chidekh C.,van Assche L.,2,2,hc,-1.50,home,ft,3.708,5
OYHbcWVI,Chidekh C.,van Assche L.,2,2,hc,-1.50,away,ft,1.252,5
OYHbcWVI,Chidekh C.,van Assche L.,2,2,hc,0.50,home,ft,2.13,2
OYHbcWVI,Chidekh C.,van Assche L.,2,2,hc,0.50,away,ft,1.61,2
OYHbcWVI,Chidekh C.,van Assche L.,2,2,hc,1.00,home,ft,2.065,4
OYHbcWVI,Chidekh C.,van Assche L.,2,2,hc,1.00,away,ft,1.725,4
OYHbcWVI,Chidekh C.,van Assche L.,2,2,hc,1.50,home,ft,1.99,5
OYHbcWVI,Chidekh C.,van Assche L.,2,2,hc,1.50,away,ft,1.782,5
OYHbcWVI,Chidekh C.,van Assche L.,2,2,hc,-1.50,home,ft,2.5,1
OYHbcWVI,Chidekh C.,van Assche L.,2,2,hc,-1.50,away,ft,1.47,1
OYHbcWVI,Chidekh C.,van Assche L.,2,2,hc,2.00,home,ft,1.9,4
OYHbcWVI,Chidekh C.,van Assche L.,2,2,hc,2.00,away,ft,1.875,4
OYHbcWVI,Chidekh C.,van Assche L.,2,2,hc,2.50,home,ft,1.794,5
OYHbcWVI,Chidekh C.,van Assche L.,2,2,hc,2.50,away,ft,2.014,5
OYHbcWVI,Chidekh C.,van Assche L.,2,2,hc,3.00,home,ft,1.695,4
OYHbcWVI,Chidekh C.,van Assche L.,2,2,hc,3.00,away,ft,2.133,4
OYHbcWVI,Chidekh C.,van Assche L.,2,2,hc,3.50,home,ft,1.622,5
OYHbcWVI,Chidekh C.,van Assche L.,2,2,hc,3.50,away,ft,2.222,5
OYHbcWVI,Chidekh C.,van Assche L.,2,2,hc,4.00,home,ft,1.46,2
OYHbcWVI,Chidekh C.,van Assche L.,2,2,hc,4.00,away,ft,2.49,2
OYHbcWVI,Chidekh C.,van Assche L.,2,2,hc,4.50,home,ft,1.39,2
OYHbcWVI,Chidekh C.,van Assche L.,2,2,hc,4.50,away,ft,2.68,2
