match_id,home,away,home_score,away_score,market,line,side,period,avg_odds,n_bookies
QL19pvcR,Tabilo A.,Etcheverry T. M.,1,1,ou,2.50,over,ft,2.293,3
QL19pvcR,Tabilo A.,Etcheverry T. M.,1,1,ou,2.50,under,ft,1.61,3
QL19pvcR,Tabilo A.,Etcheverry T. M.,1,1,ou,19.50,over,ft,1.216,5
QL19pvcR,Tabilo A.,Etcheverry T. M.,1,1,ou,19.50,under,ft,3.67,5
QL19pvcR,Tabilo A.,Etcheverry T. M.,1,1,ou,20.00,over,ft,1.24,5
QL19pvcR,Tabilo A.,Etcheverry T. M.,1,1,ou,20.00,under,ft,3.5,5
QL19pvcR,Tabilo A.,Etcheverry T. M.,1,1,ou,20.50,over,ft,1.355,6
QL19pvcR,Tabilo A.,Etcheverry T. M.,1,1,ou,20.50,under,ft,2.877,6
QL19pvcR,Tabilo A.,Etcheverry T. M.,1,1,ou,21.00,over,ft,1.384,5
QL19pvcR,Tabilo A.,Etcheverry T. M.,1,1,ou,21.00,under,ft,2.762,5
QL19pvcR,Tabilo A.,Etcheverry T. M.,1,1,ou,21.50,over,ft,1.466,5
QL19pvcR,Tabilo A.,Etcheverry T. M.,1,1,ou,21.50,under,ft,2.51,5
QL19pvcR,Tabilo A.,Etcheverry T. M.,1,1,ou,22.00,over,ft,1.583,6
QL19pvcR,Tabilo A.,Etcheverry T. M.,1,1,ou,22.00,under,ft,2.275,6
QL19pvcR,Tabilo A.,Etcheverry T. M.,1,1,ou,22.50,over,ft,1.743,7
QL19pvcR,Tabilo A.,Etcheverry T. M.,1,1,ou,22.50,under,ft,2.001,7
QL19pvcR,Tabilo A.,Etcheverry T. M.,1,1,ou,23.00,over,ft,1.86,6
QL19pvcR,Tabilo A.,Etcheverry T. M.,1,1,ou,23.00,under,ft,1.882,6
QL19pvcR,Tabilo A.,Etcheverry T. M.,1,1,ou,23.50,over,ft,1.993,7
QL19pvcR,Tabilo A.,Etcheverry T. M.,1,1,ou,23.50,under,ft,1.754,7
QL19pvcR,Tabilo A.,Etcheverry T. M.,1,1,ou,24.00,over,ft,2.008,6
QL19pvcR,Tabilo A.,Etcheverry T. M.,1,1,ou,24.00,under,ft,1.733,6
QL19pvcR,Tabilo A.,Etcheverry T. M.,1,1,ou,24.50,over,ft,2.02,7
QL19pvcR,Tabilo A.,Etcheverry T. M.,1,1,ou,24.50,under,ft,1.704,7
QL19pvcR,Tabilo A.,Etcheverry T. M.,1,1,ou,25.00,over,ft,2.054,5
QL19pvcR,Tabilo A.,Etcheverry T. M.,1,1,ou,25.00,under,ft,1.68,5
QL19pvcR,Tabilo A.,Etcheverry T. M.,1,1,ou,25.50,over,ft,2.124,5
QL19pvcR,Tabilo A.,Etcheverry T. M.,1,1,ou,25.50,under,ft,1.622,5
QL19pvcR,Tabilo A.,Etcheverry T. M.,1,1,ou,26.00,over,ft,2.294,5
QL19pvcR,Tabilo A.,Etcheverry T. M.,1,1,ou,26.00,under,ft,1.524,5
QL19pvcR,Tabilo A.,Etcheverry T. M.,1,1,ou,26.50,over,ft,2.418,6
QL19pvcR,Tabilo A.,Etcheverry T. M.,1,1,ou,26.50,under,ft,1.472,6
QL19pvcR,Tabilo A.,Etcheverry T. M.,1,1,ou,27.00,over,ft,2.46,5
QL19pvcR,Tabilo A.,Etcheverry T. M.,1,1,ou,27.00,under,ft,1.446,5
QL19pvcR,Tabilo A.,Etcheverry T. M.,1,1,ou,27.50,over,ft,2.52,2
QL19pvcR,Tabilo A.,Etcheverry T. M.,1,1,ou,27.50,under,ft,1.465,2
QL19pvcR,Tabilo A.,Etcheverry T. M.,1,1,ou,28.50,over,ft,2.71,1
QL19pvcR,Tabilo A.,Etcheverry T. M.,1,1,ou,28.50,under,ft,1.39,1
QL19pvcR,Tabilo A.,Etcheverry T. M.,1,1,ou,29.50,over,ft,3.0,1
QL19pvcR,Tabilo A.,Etcheverry T. M.,1,1,ou,29.50,under,ft,1.33,1
QL19pvcR,Tabilo A.,Etcheverry T. M.,1,1,ou,30.50,over,ft,3.3,1
QL19pvcR,Tabilo A.,Etcheverry T. M.,1,1,ou,30.50,under,ft,1.27,1
QL19pvcR,Tabilo A.,Etcheverry T. M.,1,1,hc,1.50,home,ft,1.222,5
QL19pvcR,Tabilo A.,Etcheverry T. M.,1,1,hc,1.50,away,ft,4.258,5
QL19pvcR,Tabilo A.,Etcheverry T. M.,1,1,hc,-1.50,home,ft,2.258,5
QL19pvcR,Tabilo A.,Etcheverry T. M.,1,1,hc,-1.50,away,ft,1.598,5
QL19pvcR,Tabilo A.,Etcheverry T. M.,1,1,hc,0,home,ft,1.41,3
QL19pvcR,Tabilo A.,Etcheverry T. M.,1,1,hc,0,away,ft,2.62,3
QL19pvcR,Tabilo A.,Etcheverry T. M.,1,1,hc,0.50,home,ft,1.552,5
QL19pvcR,Tabilo A.,Etcheverry T. M.,1,1,hc,0.50,away,ft,2.418,5
QL19pvcR,Tabilo A.,Etcheverry T. M.,1,1,hc,-0.50,home,ft,1.554,5
QL19pvcR,Tabilo A.,Etcheverry T. M.,1,1,hc,-0.50,away,ft,2.326,5
QL19pvcR,Tabilo A.,Etcheverry T. M.,1,1,hc,1.00,home,ft,1.35,3
QL19pvcR,Tabilo A.,Etcheverry T. M.,1,1,hc,1.00,away,ft,2.85,3
QL19pvcR,Tabilo A.,Etcheverry T. M.,1,1,hc,-1.00,home,ft,1.55,4
QL19pvcR,Tabilo A.,Etcheverry T. M.,1,1,hc,-1.00,away,ft,2.305,4
QL19pvcR,Tabilo A.,Etcheverry T. M.,1,1,hc,1.50,home,ft,1.564,5
QL19pvcR,Tabilo A.,Etcheverry T. M.,1,1,hc,1.50,away,ft,2.35,5
QL19pvcR,Tabilo A.,Etcheverry T. M.,1,1,hc,-1.50,home,ft,1.592,5
QL19pvcR,Tabilo A.,Etcheverry T. M.,1,1,hc,-1.50,away,ft,2.21,5
QL19pvcR,Tabilo A.,Etcheverry T. M.,1,1,hc,-2.00,home,ft,1.672,4
QL19pvcR,Tabilo A.,Etcheverry T. M.,1,1,hc,-2.00,away,ft,2.078,4
QL19pvcR,Tabilo A.,Etcheverry T. M.,1,1,hc,2.50,home,ft,1.6,1
QL19pvcR,Tabilo A.,Etcheverry T. M.,1,1,hc,2.50,away,ft,2.24,1
QL19pvcR,Tabilo A.,Etcheverry T. M.,1,1,hc,-2.50,home,ft,1.782,5
QL19pvcR,Tabilo A.,Etcheverry T. M.,1,1,hc,-2.50,away,ft,1.942,5
QL19pvcR,Tabilo A.,Etcheverry T. M.,1,1,hc,-3.00,home,ft,2.02,4
QL19pvcR,Tabilo A.,Etcheverry T. M.,1,1,hc,-3.00,away,ft,1.712,4
QL19pvcR,Tabilo A.,Etcheverry T. M.,1,1,hc,-3.50,home,ft,2.238,5
QL19pvcR,Tabilo A.,Etcheverry T. M.,1,1,hc,-3.50,away,ft,1.578,5
QL19pvcR,Tabilo A.,Etcheverry T. M.,1,1,hc,-4.00,home,ft,2.81,3
QL19pvcR,Tabilo A.,Etcheverry T. M.,1,1,hc,-4.00,away,ft,1.36,3
QL19pvcR,Tabilo A.,Etcheverry T. M.,1,1,hc,-4.50,home,ft,3.21,3
QL19pvcR,Tabilo A.,Etcheverry T. M.,1,1,hc,-4.50,away,ft,1.28,3
QL19pvcR,Tabilo A.,Etcheverry T. M.,1,1,hc,-5.00,home,ft,4.68,3
QL19pvcR,Tabilo A.,Etcheverry T. M.,1,1,hc,-5.00,away,ft,1.14,3
QL19pvcR,Tabilo A.,Etcheverry T. M.,1,1,hc,-5.50,home,ft,5.16,3
QL19pvcR,Tabilo A.,Etcheverry T. M.,1,1,hc,-5.50,away,ft,1.11,3
xY6iuuMO,Tabilo A.,Buse I.,2,2,ou,2.50,over,ft,2.215,2
xY6iuuMO,Tabilo A.,Buse I.,2,2,ou,2.50,under,ft,1.645,2
xY6iuuMO,Tabilo A.,Buse I.,2,2,ou,15.50,over,ft,1.02,1
xY6iuuMO,Tabilo A.,Buse I.,2,2,ou,15.50,under,ft,9.48,1
xY6iuuMO,Tabilo A.,Buse I.,2,2,ou,16.50,over,ft,1.03,1
xY6iuuMO,Tabilo A.,Buse I.,2,2,ou,16.50,under,ft,8.89,1
xY6iuuMO,Tabilo A.,Buse I.,2,2,ou,17.50,over,ft,1.08,1
xY6iuuMO,Tabilo A.,Buse I.,2,2,ou,17.50,under,ft,5.62,1
xY6iuuMO,Tabilo A.,Buse I.,2,2,ou,18.50,over,ft,1.224,5
xY6iuuMO,Tabilo A.,Buse I.,2,2,ou,18.50,under,ft,3.614,5
xY6iuuMO,Tabilo A.,Buse I.,2,2,ou,19.00,over,ft,1.27,4
xY6iuuMO,Tabilo A.,Buse I.,2,2,ou,19.00,under,ft,3.292,4
xY6iuuMO,Tabilo A.,Buse I.,2,2,ou,19.50,over,ft,1.316,5
xY6iuuMO,Tabilo A.,Buse I.,2,2,ou,19.50,under,ft,2.984,5
xY6iuuMO,Tabilo A.,Buse I.,2,2,ou,20.00,over,ft,1.35,5
xY6iuuMO,Tabilo A.,Buse I.,2,2,ou,20.00,under,ft,2.822,5
xY6iuuMO,Tabilo A.,Buse I.,2,2,ou,20.50,over,ft,1.493,6
xY6iuuMO,Tabilo A.,Buse I.,2,2,ou,20.50,under,ft,2.427,6
xY6iuuMO,Tabilo A.,Buse I.,2,2,ou,21.00,over,ft,1.538,6
xY6iuuMO,Tabilo A.,Buse I.,2,2,ou,21.00,under,ft,2.293,6
xY6iuuMO,Tabilo A.,Buse I.,2,2,ou,21.50,over,ft,1.606,8
xY6iuuMO,Tabilo A.,Buse I.,2,2,ou,21.50,under,ft,2.201,8
xY6iuuMO,Tabilo A.,Buse I.,2,2,ou,22.00,over,ft,1.712,6
xY6iuuMO,Tabilo A.,Buse I.,2,2,ou,22.00,under,ft,2.065,6
xY6iuuMO,Tabilo A.,Buse I.,2,2,ou,22.50,over,ft,1.89,8
xY6iuuMO,Tabilo A.,Buse I.,2,2,ou,22.50,under,ft,1.893,8
xY6iuuMO,Tabilo A.,Buse I.,2,2,ou,23.00,over,ft,1.958,6
xY6iuuMO,Tabilo A.,Buse I.,2,2,ou,23.00,under,ft,1.792,6
xY6iuuMO,Tabilo A.,Buse I.,2,2,ou,23.50,over,ft,2.056,8
xY6iuuMO,Tabilo A.,Buse I.,2,2,ou,23.50,under,ft,1.706,8
xY6iuuMO,Tabilo A.,Buse I.,2,2,ou,24.00,over,ft,2.088,5
xY6iuuMO,Tabilo A.,Buse I.,2,2,ou,24.00,under,ft,1.676,5
xY6iuuMO,Tabilo A.,Buse I.,2,2,ou,24.50,over,ft,2.128,5
xY6iuuMO,Tabilo A.,Buse I.,2,2,ou,24.50,under,ft,1.622,5
xY6iuuMO,Tabilo A.,Buse I.,2,2,ou,25.00,over,ft,2.214,5
xY6iuuMO,Tabilo A.,Buse I.,2,2,ou,25.00,under,ft,1.554,5
xY6iuuMO,Tabilo A.,Buse I.,2,2,ou,25.50,over,ft,2.298,5
xY6iuuMO,Tabilo A.,Buse I.,2,2,ou,25.50,under,ft,1.516,5
xY6iuuMO,Tabilo A.,Buse I.,2,2,ou,26.00,over,ft,2.55,1
xY6iuuMO,Tabilo A.,Buse I.,2,2,ou,26.00,under,ft,1.47,1
xY6iuuMO,Tabilo A.,Buse I.,2,2,ou,26.50,over,ft,2.6,2
xY6iuuMO,Tabilo A.,Buse I.,2,2,ou,26.50,under,ft,1.44,2
xY6iuuMO,Tabilo A.,Buse I.,2,2,ou,27.50,over,ft,2.74,1
xY6iuuMO,Tabilo A.,Buse I.,2,2,ou,27.50,under,ft,1.39,1
xY6iuuMO,Tabilo A.,Buse I.,2,2,ou,28.50,over,ft,3.16,1
xY6iuuMO,Tabilo A.,Buse I.,2,2,ou,28.50,under,ft,1.3,1
xY6iuuMO,Tabilo A.,Buse I.,2,2,ou,29.50,over,ft,3.6,1
xY6iuuMO,Tabilo A.,Buse I.,2,2,ou,29.50,under,ft,1.23,1
xY6iuuMO,Tabilo A.,Buse I.,2,2,ou,30.50,over,ft,4.24,1
xY6iuuMO,Tabilo A.,Buse I.,2,2,ou,30.50,under,ft,1.17,1
xY6iuuMO,Tabilo A.,Buse I.,2,2,ou,31.50,over,ft,5.22,1
xY6iuuMO,Tabilo A.,Buse I.,2,2,ou,31.50,under,ft,1.11,1
xY6iuuMO,Tabilo A.,Buse I.,2,2,ou,32.50,over,ft,6.57,1
xY6iuuMO,Tabilo A.,Buse I.,2,2,ou,32.50,under,ft,1.07,1
xY6iuuMO,Tabilo A.,Buse I.,2,2,ou,33.50,over,ft,7.73,1
xY6iuuMO,Tabilo A.,Buse I.,2,2,ou,33.50,under,ft,1.04,1
xY6iuuMO,Tabilo A.,Buse I.,2,2,ou,34.50,over,ft,8.97,1
xY6iuuMO,Tabilo A.,Buse I.,2,2,ou,34.50,under,ft,1.03,1
xY6iuuMO,Tabilo A.,Buse I.,2,2,hc,1.50,home,ft,1.255,4
xY6iuuMO,Tabilo A.,Buse I.,2,2,hc,1.50,away,ft,3.732,4
xY6iuuMO,Tabilo A.,Buse I.,2,2,hc,-1.50,home,ft,2.578,6
xY6iuuMO,Tabilo A.,Buse I.,2,2,hc,-1.50,away,ft,1.467,6
xY6iuuMO,Tabilo A.,Buse I.,2,2,hc,0,home,ft,1.61,3
xY6iuuMO,Tabilo A.,Buse I.,2,2,hc,0,away,ft,2.2,3
xY6iuuMO,Tabilo A.,Buse I.,2,2,hc,0.50,home,ft,1.57,3
xY6iuuMO,Tabilo A.,Buse I.,2,2,hc,0.50,away,ft,2.28,3
xY6iuuMO,Tabilo A.,Buse I.,2,2,hc,-0.50,home,ft,1.687,6
xY6iuuMO,Tabilo A.,Buse I.,2,2,hc,-0.50,away,ft,2.107,6
xY6iuuMO,Tabilo A.,Buse I.,2,2,hc,1.00,home,ft,1.51,3
xY6iuuMO,Tabilo A.,Buse I.,2,2,hc,1.00,away,ft,2.42,3
xY6iuuMO,Tabilo A.,Buse I.,2,2,hc,-1.00,home,ft,1.732,4
xY6iuuMO,Tabilo A.,Buse I.,2,2,hc,-1.00,away,ft,2.05,4
xY6iuuMO,Tabilo A.,Buse I.,2,2,hc,1.50,home,ft,1.48,3
xY6iuuMO,Tabilo A.,Buse I.,2,2,hc,1.50,away,ft,2.5,3
xY6iuuMO,Tabilo A.,Buse I.,2,2,hc,-1.50,home,ft,1.84,5
xY6iuuMO,Tabilo A.,Buse I.,2,2,hc,-1.50,away,ft,1.994,5
xY6iuuMO,Tabilo A.,Buse I.,2,2,hc,2.00,home,ft,1.42,3
xY6iuuMO,Tabilo A.,Buse I.,2,2,hc,2.00,away,ft,2.59,3
xY6iuuMO,Tabilo A.,Buse I.,2,2,hc,-2.00,home,ft,1.89,4
xY6iuuMO,Tabilo A.,Buse I.,2,2,hc,-2.00,away,ft,1.87,4
xY6iuuMO,Tabilo A.,Buse I.,2,2,hc,-2.50,home,ft,1.957,6
xY6iuuMO,Tabilo A.,Buse I.,2,2,hc,-2.50,away,ft,1.837,6
xY6iuuMO,Tabilo A.,Buse I.,2,2,hc,-3.00,home,ft,2.223,4
xY6iuuMO,Tabilo A.,Buse I.,2,2,hc,-3.00,away,ft,1.627,4
xY6iuuMO,Tabilo A.,Buse I.,2,2,hc,-3.50,home,ft,2.364,5
xY6iuuMO,Tabilo A.,Buse I.,2,2,hc,-3.50,away,ft,1.554,5
xY6iuuMO,Tabilo A.,Buse I.,2,2,hc,-4.00,home,ft,2.89,3
xY6iuuMO,Tabilo A.,Buse I.,2,2,hc,-4.00,away,ft,1.37,3
xY6iuuMO,Tabilo A.,Buse I.,2,2,hc,-4.50,home,ft,3.2,3
xY6iuuMO,Tabilo A.,Buse I.,2,2,hc,-4.50,away,ft,1.31,3
xY6iuuMO,Tabilo A.,Buse I.,2,2,hc,-5.00,home,ft,4.05,3
xY6iuuMO,Tabilo A.,Buse I.,2,2,hc,-5.00,away,ft,1.21,3
xY6iuuMO,Tabilo A.,Buse I.,2,2,hc,-5.50,home,ft,4.5,3
xY6iuuMO,Tabilo A.,Buse I.,2,2,hc,-5.50,away,ft,1.17,3
zDYWUuTa,Etcheverry T. M.,Kopriva V.,2,2,ou,2.50,over,ft,2.053,3
zDYWUuTa,Etcheverry T. M.,Kopriva V.,2,2,ou,2.50,under,ft,1.723,3
zDYWUuTa,Etcheverry T. M.,Kopriva V.,2,2,ou,15.50,over,ft,1.02,1
zDYWUuTa,Etcheverry T. M.,Kopriva V.,2,2,ou,15.50,under,ft,9.23,1
zDYWUuTa,Etcheverry T. M.,Kopriva V.,2,2,ou,16.50,over,ft,1.06,1
zDYWUuTa,Etcheverry T. M.,Kopriva V.,2,2,ou,16.50,under,ft,7.17,1
zDYWUuTa,Etcheverry T. M.,Kopriva V.,2,2,ou,17.50,over,ft,1.14,1
zDYWUuTa,Etcheverry T. M.,Kopriva V.,2,2,ou,17.50,under,ft,4.7,1
zDYWUuTa,Etcheverry T. M.,Kopriva V.,2,2,ou,18.50,over,ft,1.22,1
zDYWUuTa,Etcheverry T. M.,Kopriva V.,2,2,ou,18.50,under,ft,3.72,1
zDYWUuTa,Etcheverry T. M.,Kopriva V.,2,2,ou,19.50,over,ft,1.32,4
zDYWUuTa,Etcheverry T. M.,Kopriva V.,2,2,ou,19.50,under,ft,2.91,4
zDYWUuTa,Etcheverry T. M.,Kopriva V.,2,2,ou,20.00,over,ft,1.36,4
zDYWUuTa,Etcheverry T. M.,Kopriva V.,2,2,ou,20.00,under,ft,2.745,4
zDYWUuTa,Etcheverry T. M.,Kopriva V.,2,2,ou,20.50,over,ft,1.414,7
zDYWUuTa,Etcheverry T. M.,Kopriva V.,2,2,ou,20.50,under,ft,2.696,7
zDYWUuTa,Etcheverry T. M.,Kopriva V.,2,2,ou,21.00,over,ft,1.378,5
zDYWUuTa,Etcheverry T. M.,Kopriva V.,2,2,ou,21.00,under,ft,2.71,5
zDYWUuTa,Etcheverry T. M.,Kopriva V.,2,2,ou,21.50,over,ft,1.476,8
zDYWUuTa,Etcheverry T. M.,Kopriva V.,2,2,ou,21.50,under,ft,2.518,8
zDYWUuTa,Etcheverry T. M.,Kopriva V.,2,2,ou,22.00,over,ft,1.513,6
zDYWUuTa,Etcheverry T. M.,Kopriva V.,2,2,ou,22.00,under,ft,2.433,6
zDYWUuTa,Etcheverry T. M.,Kopriva V.,2,2,ou,22.50,over,ft,1.651,8
zDYWUuTa,Etcheverry T. M.,Kopriva V.,2,2,ou,22.50,under,ft,2.17,8
zDYWUuTa,Etcheverry T. M.,Kopriva V.,2,2,ou,23.00,over,ft,1.742,6
zDYWUuTa,Etcheverry T. M.,Kopriva V.,2,2,ou,23.00,under,ft,2.028,6
zDYWUuTa,Etcheverry T. M.,Kopriva V.,2,2,ou,23.50,over,ft,1.934,8
zDYWUuTa,Etcheverry T. M.,Kopriva V.,2,2,ou,23.50,under,ft,1.794,8
zDYWUuTa,Etcheverry T. M.,Kopriva V.,2,2,ou,24.00,over,ft,1.835,4
zDYWUuTa,Etcheverry T. M.,Kopriva V.,2,2,ou,24.00,under,ft,1.873,4
zDYWUuTa,Etcheverry T. M.,Kopriva V.,2,2,ou,24.50,over,ft,1.95,7
zDYWUuTa,Etcheverry T. M.,Kopriva V.,2,2,ou,24.50,under,ft,1.793,7
zDYWUuTa,Etcheverry T. M.,Kopriva V.,2,2,ou,25.00,over,ft,1.885,4
zDYWUuTa,Etcheverry T. M.,Kopriva V.,2,2,ou,25.00,under,ft,1.823,4
zDYWUuTa,Etcheverry T. M.,Kopriva V.,2,2,ou,25.50,over,ft,1.938,5
zDYWUuTa,Etcheverry T. M.,Kopriva V.,2,2,ou,25.50,under,ft,1.786,5
zDYWUuTa,Etcheverry T. M.,Kopriva V.,2,2,ou,26.00,over,ft,1.975,4
zDYWUuTa,Etcheverry T. M.,Kopriva V.,2,2,ou,26.00,under,ft,1.715,4
zDYWUuTa,Etcheverry T. M.,Kopriva V.,2,2,ou,26.50,over,ft,2.29,3
zDYWUuTa,Etcheverry T. M.,Kopriva V.,2,2,ou,26.50,under,ft,1.59,3
zDYWUuTa,Etcheverry T. M.,Kopriva V.,2,2,ou,27.00,over,ft,2.143,4
zDYWUuTa,Etcheverry T. M.,Kopriva V.,2,2,ou,27.00,under,ft,1.588,4
zDYWUuTa,Etcheverry T. M.,Kopriva V.,2,2,ou,27.50,over,ft,2.256,5
zDYWUuTa,Etcheverry T. M.,Kopriva V.,2,2,ou,27.50,under,ft,1.544,5
zDYWUuTa,Etcheverry T. M.,Kopriva V.,2,2,ou,28.00,over,ft,2.343,4
zDYWUuTa,Etcheverry T. M.,Kopriva V.,2,2,ou,28.00,under,ft,1.468,4
zDYWUuTa,Etcheverry T. M.,Kopriva V.,2,2,ou,28.50,over,ft,2.63,2
zDYWUuTa,Etcheverry T. M.,Kopriva V.,2,2,ou,28.50,under,ft,1.44,2
zDYWUuTa,Etcheverry T. M.,Kopriva V.,2,2,ou,29.50,over,ft,3.79,1
zDYWUuTa,Etcheverry T. M.,Kopriva V.,2,2,ou,29.50,under,ft,1.21,1
zDYWUuTa,Etcheverry T. M.,Kopriva V.,2,2,ou,30.50,over,ft,4.42,1
zDYWUuTa,Etcheverry T. M.,Kopriva V.,2,2,ou,30.50,under,ft,1.16,1
zDYWUuTa,Etcheverry T. M.,Kopriva V.,2,2,ou,31.50,over,ft,5.3,1
zDYWUuTa,Etcheverry T. M.,Kopriva V.,2,2,ou,31.50,under,ft,1.11,1
zDYWUuTa,Etcheverry T. M.,Kopriva V.,2,2,ou,32.50,over,ft,6.65,1
zDYWUuTa,Etcheverry T. M.,Kopriva V.,2,2,ou,32.50,under,ft,1.06,1
zDYWUuTa,Etcheverry T. M.,Kopriva V.,2,2,ou,33.50,over,ft,7.79,1
zDYWUuTa,Etcheverry T. M.,Kopriva V.,2,2,ou,33.50,under,ft,1.04,1
zDYWUuTa,Etcheverry T. M.,Kopriva V.,2,2,ou,34.50,over,ft,8.77,1
zDYWUuTa,Etcheverry T. M.,Kopriva V.,2,2,ou,34.50,under,ft,1.02,1
zDYWUuTa,Etcheverry T. M.,Kopriva V.,2,2,hc,1.50,home,ft,1.75,4
zDYWUuTa,Etcheverry T. M.,Kopriva V.,2,2,hc,1.50,away,ft,2.005,4
zDYWUuTa,Etcheverry T. M.,Kopriva V.,2,2,hc,-1.50,home,ft,6.403,6
zDYWUuTa,Etcheverry T. M.,Kopriva V.,2,2,hc,-1.50,away,ft,1.305,6
zDYWUuTa,Etcheverry T. M.,Kopriva V.,2,2,hc,0,home,ft,2.42,3
zDYWUuTa,Etcheverry T. M.,Kopriva V.,2,2,hc,0,away,ft,1.51,3
zDYWUuTa,Etcheverry T. M.,Kopriva V.,2,2,hc,0.50,home,ft,2.285,4
zDYWUuTa,Etcheverry T. M.,Kopriva V.,2,2,hc,0.50,away,ft,1.565,4
zDYWUuTa,Etcheverry T. M.,Kopriva V.,2,2,hc,-0.50,home,ft,2.535,4
zDYWUuTa,Etcheverry T. M.,Kopriva V.,2,2,hc,-0.50,away,ft,1.465,4
zDYWUuTa,Etcheverry T. M.,Kopriva V.,2,2,hc,1.00,home,ft,2.22,3
zDYWUuTa,Etcheverry T. M.,Kopriva V.,2,2,hc,1.00,away,ft,1.6,3
zDYWUuTa,Etcheverry T. M.,Kopriva V.,2,2,hc,-1.00,home,ft,1.58,3
zDYWUuTa,Etcheverry T. M.,Kopriva V.,2,2,hc,-1.00,away,ft,2.26,3
zDYWUuTa,Etcheverry T. M.,Kopriva V.,2,2,hc,1.50,home,ft,2.15,4
zDYWUuTa,Etcheverry T. M.,Kopriva V.,2,2,hc,1.50,away,ft,1.63,4
zDYWUuTa,Etcheverry T. M.,Kopriva V.,2,2,hc,-1.50,home,ft,1.648,6
zDYWUuTa,Etcheverry T. M.,Kopriva V.,2,2,hc,-1.50,away,ft,2.167,6
zDYWUuTa,Etcheverry T. M.,Kopriva V.,2,2,hc,2.00,home,ft,2.02,3
zDYWUuTa,Etcheverry T. M.,Kopriva V.,2,2,hc,2.00,away,ft,1.73,3
zDYWUuTa,Etcheverry T. M.,Kopriva V.,2,2,hc,-2.00,home,ft,1.725,4
zDYWUuTa,Etcheverry T. M.,Kopriva V.,2,2,hc,-2.00,away,ft,2.062,4
zDYWUuTa,Etcheverry T. M.,Kopriva V.,2,2,hc,2.50,home,ft,1.94,4
zDYWUuTa,Etcheverry T. M.,Kopriva V.,2,2,hc,2.50,away,ft,1.875,4
zDYWUuTa,Etcheverry T. M.,Kopriva V.,2,2,hc,-2.50,home,ft,1.825,6
zDYWUuTa,Etcheverry T. M.,Kopriva V.,2,2,hc,-2.50,away,ft,1.963,6
zDYWUuTa,Etcheverry T. M.,Kopriva V.,2,2,hc,3.00,home,ft,1.66,3
zDYWUuTa,Etcheverry T. M.,Kopriva V.,2,2,hc,3.00,away,ft,2.11,3
zDYWUuTa,Etcheverry T. M.,Kopriva V.,2,2,hc,-3.00,home,ft,1.982,4
zDYWUuTa,Etcheverry T. M.,Kopriva V.,2,2,hc,-3.00,away,ft,1.785,4
zDYWUuTa,Etcheverry T. M.,Kopriva V.,2,2,hc,3.50,home,ft,1.528,4
zDYWUuTa,Etcheverry T. M.,Kopriva V.,2,2,hc,3.50,away,ft,2.368,4
zDYWUuTa,Etcheverry T. M.,Kopriva V.,2,2,hc,-3.50,home,ft,2.128,6
zDYWUuTa,Etcheverry T. M.,Kopriva V.,2,2,hc,-3.50,away,ft,1.667,6
zDYWUuTa,Etcheverry T. M.,Kopriva V.,2,2,hc,4.00,home,ft,1.15,3
zDYWUuTa,Etcheverry T. M.,Kopriva V.,2,2,hc,4.00,away,ft,4.95,3
zDYWUuTa,Etcheverry T. M.,Kopriva V.,2,2,hc,-4.00,home,ft,2.558,4
zDYWUuTa,Etcheverry T. M.,Kopriva V.,2,2,hc,-4.00,away,ft,1.482,4
zDYWUuTa,Etcheverry T. M.,Kopriva V.,2,2,hc,4.50,home,ft,1.09,3
zDYWUuTa,Etcheverry T. M.,Kopriva V.,2,2,hc,4.50,away,ft,6.3,3
zDYWUuTa,Etcheverry T. M.,Kopriva V.,2,2,hc,-4.50,home,ft,2.74,5
zDYWUuTa,Etcheverry T. M.,Kopriva V.,2,2,hc,-4.50,away,ft,1.41,5
zDYWUuTa,Etcheverry T. M.,Kopriva V.,2,2,hc,5.00,home,ft,1.04,3
zDYWUuTa,Etcheverry T. M.,Kopriva V.,2,2,hc,5.00,away,ft,8.5,3
zDYWUuTa,Etcheverry T. M.,Kopriva V.,2,2,hc,-5.00,home,ft,3.8,3
zDYWUuTa,Etcheverry T. M.,Kopriva V.,2,2,hc,-5.00,away,ft,1.23,3
zDYWUuTa,Etcheverry T. M.,Kopriva V.,2,2,hc,5.50,home,ft,1.04,3
zDYWUuTa,Etcheverry T. M.,Kopriva V.,2,2,hc,5.50,away,ft,8.8,3
zDYWUuTa,Etcheverry T. M.,Kopriva V.,2,2,hc,-5.50,home,ft,4.2,3
zDYWUuTa,Etcheverry T. M.,Kopriva V.,2,2,hc,-5.50,away,ft,1.19,3
zDYWUuTa,Etcheverry T. M.,Kopriva V.,2,2,hc,-6.00,home,ft,5.46,3
zDYWUuTa,Etcheverry T. M.,Kopriva V.,2,2,hc,-6.00,away,ft,1.1,3
zDYWUuTa,Etcheverry T. M.,Kopriva V.,2,2,hc,-6.50,home,ft,5.95,3
zDYWUuTa,Etcheverry T. M.,Kopriva V.,2,2,hc,-6.50,away,ft,1.08,3
h2pukEwq,Tirante T. A.,Tabilo A.,1,1,ou,2.50,over,ft,2.333,4
h2pukEwq,Tirante T. A.,Tabilo A.,1,1,ou,2.50,under,ft,1.603,4
h2pukEwq,Tirante T. A.,Tabilo A.,1,1,ou,15.50,over,ft,1.02,1
h2pukEwq,Tirante T. A.,Tabilo A.,1,1,ou,15.50,under,ft,9.17,1
h2pukEwq,Tirante T. A.,Tabilo A.,1,1,ou,16.50,over,ft,1.03,1
h2pukEwq,Tirante T. A.,Tabilo A.,1,1,ou,16.50,under,ft,8.14,1
h2pukEwq,Tirante T. A.,Tabilo A.,1,1,ou,17.50,over,ft,1.11,1
h2pukEwq,Tirante T. A.,Tabilo A.,1,1,ou,17.50,under,ft,5.14,1
h2pukEwq,Tirante T. A.,Tabilo A.,1,1,ou,18.50,over,ft,1.2,1
h2pukEwq,Tirante T. A.,Tabilo A.,1,1,ou,18.50,under,ft,3.93,1
h2pukEwq,Tirante T. A.,Tabilo A.,1,1,ou,19.50,over,ft,1.328,4
h2pukEwq,Tirante T. A.,Tabilo A.,1,1,ou,19.50,under,ft,2.973,4
h2pukEwq,Tirante T. A.,Tabilo A.,1,1,ou,20.00,over,ft,1.31,4
h2pukEwq,Tirante T. A.,Tabilo A.,1,1,ou,20.00,under,ft,2.96,4
h2pukEwq,Tirante T. A.,Tabilo A.,1,1,ou,20.50,over,ft,1.43,4
h2pukEwq,Tirante T. A.,Tabilo A.,1,1,ou,20.50,under,ft,2.552,4
h2pukEwq,Tirante T. A.,Tabilo A.,1,1,ou,21.00,over,ft,1.468,4
h2pukEwq,Tirante T. A.,Tabilo A.,1,1,ou,21.00,under,ft,2.453,4
h2pukEwq,Tirante T. A.,Tabilo A.,1,1,ou,21.50,over,ft,1.61,9
h2pukEwq,Tirante T. A.,Tabilo A.,1,1,ou,21.50,under,ft,2.234,9
h2pukEwq,Tirante T. A.,Tabilo A.,1,1,ou,22.00,over,ft,1.703,7
h2pukEwq,Tirante T. A.,Tabilo A.,1,1,ou,22.00,under,ft,2.094,7
h2pukEwq,Tirante T. A.,Tabilo A.,1,1,ou,22.50,over,ft,1.851,9
h2pukEwq,Tirante T. A.,Tabilo A.,1,1,ou,22.50,under,ft,1.898,9
h2pukEwq,Tirante T. A.,Tabilo A.,1,1,ou,23.00,over,ft,1.967,7
h2pukEwq,Tirante T. A.,Tabilo A.,1,1,ou,23.00,under,ft,1.799,7
h2pukEwq,Tirante T. A.,Tabilo A.,1,1,ou,23.50,over,ft,2.08,9
h2pukEwq,Tirante T. A.,Tabilo A.,1,1,ou,23.50,under,ft,1.689,9
h2pukEwq,Tirante T. A.,Tabilo A.,1,1,ou,24.00,over,ft,2.076,5
h2pukEwq,Tirante T. A.,Tabilo A.,1,1,ou,24.00,under,ft,1.674,5
h2pukEwq,Tirante T. A.,Tabilo A.,1,1,ou,24.50,over,ft,2.098,5
h2pukEwq,Tirante T. A.,Tabilo A.,1,1,ou,24.50,under,ft,1.63,5
h2pukEwq,Tirante T. A.,Tabilo A.,1,1,ou,25.00,over,ft,2.158,4
h2pukEwq,Tirante T. A.,Tabilo A.,1,1,ou,25.00,under,ft,1.568,4
h2pukEwq,Tirante T. A.,Tabilo A.,1,1,ou,25.50,over,ft,2.292,4
h2pukEwq,Tirante T. A.,Tabilo A.,1,1,ou,25.50,under,ft,1.528,4
h2pukEwq,Tirante T. A.,Tabilo A.,1,1,ou,26.50,over,ft,2.593,4
h2pukEwq,Tirante T. A.,Tabilo A.,1,1,ou,26.50,under,ft,1.415,4
h2pukEwq,Tirante T. A.,Tabilo A.,1,1,ou,27.50,over,ft,2.888,4
h2pukEwq,Tirante T. A.,Tabilo A.,1,1,ou,27.50,under,ft,1.34,4
h2pukEwq,Tirante T. A.,Tabilo A.,1,1,ou,28.50,over,ft,3.15,1
h2pukEwq,Tirante T. A.,Tabilo A.,1,1,ou,28.50,under,ft,1.3,1
h2pukEwq,Tirante T. A.,Tabilo A.,1,1,ou,29.50,over,ft,3.58,1
h2pukEwq,Tirante T. A.,Tabilo A.,1,1,ou,29.50,under,ft,1.22,1
h2pukEwq,Tirante T. A.,Tabilo A.,1,1,ou,30.50,over,ft,4.3,1
h2pukEwq,Tirante T. A.,Tabilo A.,1,1,ou,30.50,under,ft,1.15,1
h2pukEwq,Tirante T. A.,Tabilo A.,1,1,ou,31.50,over,ft,5.28,1
h2pukEwq,Tirante T. A.,Tabilo A.,1,1,ou,31.50,under,ft,1.1,1
h2pukEwq,Tirante T. A.,Tabilo A.,1,1,ou,32.50,over,ft,6.63,1
h2pukEwq,Tirante T. A.,Tabilo A.,1,1,ou,32.50,under,ft,1.05,1
h2pukEwq,Tirante T. A.,Tabilo A.,1,1,ou,33.50,over,ft,7.75,1
h2pukEwq,Tirante T. A.,Tabilo A.,1,1,ou,33.50,under,ft,1.03,1
h2pukEwq,Tirante T. A.,Tabilo A.,1,1,ou,34.50,over,ft,8.95,1
h2pukEwq,Tirante T. A.,Tabilo A.,1,1,ou,34.50,under,ft,1.02,1
h2pukEwq,Tirante T. A.,Tabilo A.,1,1,hc,1.50,home,ft,1.537,7
h2pukEwq,Tirante T. A.,Tabilo A.,1,1,hc,1.50,away,ft,2.42,7
h2pukEwq,Tirante T. A.,Tabilo A.,1,1,hc,-1.50,home,ft,4.058,5
h2pukEwq,Tirante T. A.,Tabilo A.,1,1,hc,-1.50,away,ft,1.232,5
h2pukEwq,Tirante T. A.,Tabilo A.,1,1,hc,0,home,ft,2.39,3
h2pukEwq,Tirante T. A.,Tabilo A.,1,1,hc,0,away,ft,1.52,3
h2pukEwq,Tirante T. A.,Tabilo A.,1,1,hc,12.50,home,ft,1.76,1
h2pukEwq,Tirante T. A.,Tabilo A.,1,1,hc,12.50,away,ft,2.13,1
h2pukEwq,Tirante T. A.,Tabilo A.,1,1,hc,13.00,home,ft,1.53,1
h2pukEwq,Tirante T. A.,Tabilo A.,1,1,hc,13.00,away,ft,1.73,1
h2pukEwq,Tirante T. A.,Tabilo A.,1,1,hc,0.50,home,ft,2.26,3
h2pukEwq,Tirante T. A.,Tabilo A.,1,1,hc,0.50,away,ft,1.58,3
h2pukEwq,Tirante T. A.,Tabilo A.,1,1,hc,1.00,home,ft,2.18,3
h2pukEwq,Tirante T. A.,Tabilo A.,1,1,hc,1.00,away,ft,1.62,3
h2pukEwq,Tirante T. A.,Tabilo A.,1,1,hc,1.50,home,ft,2.094,7
h2pukEwq,Tirante T. A.,Tabilo A.,1,1,hc,1.50,away,ft,1.706,7
h2pukEwq,Tirante T. A.,Tabilo A.,1,1,hc,2.00,home,ft,1.998,5
h2pukEwq,Tirante T. A.,Tabilo A.,1,1,hc,2.00,away,ft,1.794,5
h2pukEwq,Tirante T. A.,Tabilo A.,1,1,hc,2.50,home,ft,1.917,6
h2pukEwq,Tirante T. A.,Tabilo A.,1,1,hc,2.50,away,ft,1.93,6
h2pukEwq,Tirante T. A.,Tabilo A.,1,1,hc,3.00,home,ft,1.706,5
h2pukEwq,Tirante T. A.,Tabilo A.,1,1,hc,3.00,away,ft,2.108,5
h2pukEwq,Tirante T. A.,Tabilo A.,1,1,hc,3.50,home,ft,1.597,7
h2pukEwq,Tirante T. A.,Tabilo A.,1,1,hc,3.50,away,ft,2.286,7
h2pukEwq,Tirante T. A.,Tabilo A.,1,1,hc,4.00,home,ft,1.4,3
h2pukEwq,Tirante T. A.,Tabilo A.,1,1,hc,4.00,away,ft,2.77,3
h2pukEwq,Tirante T. A.,Tabilo A.,1,1,hc,4.50,home,ft,1.33,3
h2pukEwq,Tirante T. A.,Tabilo A.,1,1,hc,4.50,away,ft,3.1,3
h2pukEwq,Tirante T. A.,Tabilo A.,1,1,hc,5.00,home,ft,1.18,3
h2pukEwq,Tirante T. A.,Tabilo A.,1,1,hc,5.00,away,ft,4.33,3
GUSFx10k,Buse I.,Berrettini M.,2,2,ou,2.50,over,ft,2.388,4
GUSFx10k,Buse I.,Berrettini M.,2,2,ou,2.50,under,ft,1.578,4
GUSFx10k,Buse I.,Berrettini M.,2,2,ou,16.50,over,ft,1.04,1
GUSFx10k,Buse I.,Berrettini M.,2,2,ou,16.50,under,ft,8.13,1
GUSFx10k,Buse I.,Berrettini M.,2,2,ou,17.50,over,ft,1.1,1
GUSFx10k,Buse I.,Berrettini M.,2,2,ou,17.50,under,ft,5.49,1
GUSFx10k,Buse I.,Berrettini M.,2,2,ou,18.50,over,ft,1.19,1
GUSFx10k,Buse I.,Berrettini M.,2,2,ou,18.50,under,ft,4.02,1
GUSFx10k,Buse I.,Berrettini M.,2,2,ou,19.50,over,ft,1.328,4
GUSFx10k,Buse I.,Berrettini M.,2,2,ou,19.50,under,ft,2.958,4
GUSFx10k,Buse I.,Berrettini M.,2,2,ou,20.00,over,ft,1.455,4
GUSFx10k,Buse I.,Berrettini M.,2,2,ou,20.00,under,ft,2.66,4
GUSFx10k,Buse I.,Berrettini M.,2,2,ou,20.50,over,ft,1.583,6
GUSFx10k,Buse I.,Berrettini M.,2,2,ou,20.50,under,ft,2.328,6
GUSFx10k,Buse I.,Berrettini M.,2,2,ou,21.00,over,ft,1.632,5
GUSFx10k,Buse I.,Berrettini M.,2,2,ou,21.00,under,ft,2.21,5
GUSFx10k,Buse I.,Berrettini M.,2,2,ou,21.50,over,ft,1.692,9
GUSFx10k,Buse I.,Berrettini M.,2,2,ou,21.50,under,ft,2.144,9
GUSFx10k,Buse I.,Berrettini M.,2,2,ou,22.00,over,ft,1.794,7
GUSFx10k,Buse I.,Berrettini M.,2,2,ou,22.00,under,ft,2.02,7
GUSFx10k,Buse I.,Berrettini M.,2,2,ou,22.50,over,ft,1.911,9
GUSFx10k,Buse I.,Berrettini M.,2,2,ou,22.50,under,ft,1.871,9
GUSFx10k,Buse I.,Berrettini M.,2,2,ou,23.00,over,ft,2.093,7
GUSFx10k,Buse I.,Berrettini M.,2,2,ou,23.00,under,ft,1.739,7
GUSFx10k,Buse I.,Berrettini M.,2,2,ou,23.50,over,ft,2.186,9
GUSFx10k,Buse I.,Berrettini M.,2,2,ou,23.50,under,ft,1.659,9
GUSFx10k,Buse I.,Berrettini M.,2,2,ou,24.00,over,ft,2.292,4
GUSFx10k,Buse I.,Berrettini M.,2,2,ou,24.00,under,ft,1.598,4
GUSFx10k,Buse I.,Berrettini M.,2,2,ou,24.50,over,ft,2.132,6
GUSFx10k,Buse I.,Berrettini M.,2,2,ou,24.50,under,ft,1.615,6
GUSFx10k,Buse I.,Berrettini M.,2,2,ou,25.00,over,ft,2.195,4
GUSFx10k,Buse I.,Berrettini M.,2,2,ou,25.00,under,ft,1.548,4
GUSFx10k,Buse I.,Berrettini M.,2,2,ou,25.50,over,ft,2.465,4
GUSFx10k,Buse I.,Berrettini M.,2,2,ou,25.50,under,ft,1.46,4
GUSFx10k,Buse I.,Berrettini M.,2,2,ou,26.50,over,ft,2.74,5
GUSFx10k,Buse I.,Berrettini M.,2,2,ou,26.50,under,ft,1.384,5
GUSFx10k,Buse I.,Berrettini M.,2,2,ou,27.50,over,ft,3.042,4
GUSFx10k,Buse I.,Berrettini M.,2,2,ou,27.50,under,ft,1.315,4
GUSFx10k,Buse I.,Berrettini M.,2,2,ou,28.50,over,ft,3.04,1
GUSFx10k,Buse I.,Berrettini M.,2,2,ou,28.50,under,ft,1.32,1
GUSFx10k,Buse I.,Berrettini M.,2,2,ou,29.50,over,ft,3.38,1
GUSFx10k,Buse I.,Berrettini M.,2,2,ou,29.50,under,ft,1.26,1
GUSFx10k,Buse I.,Berrettini M.,2,2,ou,30.50,over,ft,3.97,1
GUSFx10k,Buse I.,Berrettini M.,2,2,ou,30.50,under,ft,1.19,1
GUSFx10k,Buse I.,Berrettini M.,2,2,ou,31.50,over,ft,4.8,1
GUSFx10k,Buse I.,Berrettini M.,2,2,ou,31.50,under,ft,1.13,1
GUSFx10k,Buse I.,Berrettini M.,2,2,ou,32.50,over,ft,6.05,1
GUSFx10k,Buse I.,Berrettini M.,2,2,ou,32.50,under,ft,1.08,1
GUSFx10k,Buse I.,Berrettini M.,2,2,ou,33.50,over,ft,7.13,1
GUSFx10k,Buse I.,Berrettini M.,2,2,ou,33.50,under,ft,1.05,1
GUSFx10k,Buse I.,Berrettini M.,2,2,ou,34.50,over,ft,8.27,1
GUSFx10k,Buse I.,Berrettini M.,2,2,ou,34.50,under,ft,1.03,1
GUSFx10k,Buse I.,Berrettini M.,2,2,ou,35.50,over,ft,9.92,1
GUSFx10k,Buse I.,Berrettini M.,2,2,hc,1.50,home,ft,1.617,7
GUSFx10k,Buse I.,Berrettini M.,2,2,hc,1.50,away,ft,2.247,7
GUSFx10k,Buse I.,Berrettini M.,2,2,hc,-1.50,home,ft,4.598,5
GUSFx10k,Buse I.,Berrettini M.,2,2,hc,-1.50,away,ft,1.192,5
GUSFx10k,Buse I.,Berrettini M.,2,2,hc,0,home,ft,2.73,3
GUSFx10k,Buse I.,Berrettini M.,2,2,hc,0,away,ft,1.41,3
GUSFx10k,Buse I.,Berrettini M.,2,2,hc,12.00,home,ft,2.04,1
GUSFx10k,Buse I.,Berrettini M.,2,2,hc,12.00,away,ft,1.29,1
GUSFx10k,Buse I.,Berrettini M.,2,2,hc,12.50,home,ft,2.1,1
GUSFx10k,Buse I.,Berrettini M.,2,2,hc,12.50,away,ft,1.71,1
GUSFx10k,Buse I.,Berrettini M.,2,2,hc,0.50,home,ft,2.56,3
GUSFx10k,Buse I.,Berrettini M.,2,2,hc,0.50,away,ft,1.46,3
GUSFx10k,Buse I.,Berrettini M.,2,2,hc,1.00,home,ft,2.853,3
GUSFx10k,Buse I.,Berrettini M.,2,2,hc,1.00,away,ft,1.43,3
GUSFx10k,Buse I.,Berrettini M.,2,2,hc,1.50,home,ft,2.485,6
GUSFx10k,Buse I.,Berrettini M.,2,2,hc,1.50,away,ft,1.555,6
GUSFx10k,Buse I.,Berrettini M.,2,2,hc,2.00,home,ft,2.386,5
GUSFx10k,Buse I.,Berrettini M.,2,2,hc,2.00,away,ft,1.606,5
GUSFx10k,Buse I.,Berrettini M.,2,2,hc,2.50,home,ft,2.156,7
GUSFx10k,Buse I.,Berrettini M.,2,2,hc,2.50,away,ft,1.711,7
GUSFx10k,Buse I.,Berrettini M.,2,2,hc,3.00,home,ft,2.012,5
GUSFx10k,Buse I.,Berrettini M.,2,2,hc,3.00,away,ft,1.842,5
GUSFx10k,Buse I.,Berrettini M.,2,2,hc,3.50,home,ft,1.765,6
GUSFx10k,Buse I.,Berrettini M.,2,2,hc,3.50,away,ft,2.078,6
GUSFx10k,Buse I.,Berrettini M.,2,2,hc,4.00,home,ft,1.628,5
GUSFx10k,Buse I.,Berrettini M.,2,2,hc,4.00,away,ft,2.372,5
GUSFx10k,Buse I.,Berrettini M.,2,2,hc,4.50,home,ft,1.536,5
GUSFx10k,Buse I.,Berrettini M.,2,2,hc,4.50,away,ft,2.442,5
GUSFx10k,Buse I.,Berrettini M.,2,2,hc,5.00,home,ft,1.39,3
GUSFx10k,Buse I.,Berrettini M.,2,2,hc,5.00,away,ft,2.98,3
GUSFx10k,Buse I.,Berrettini M.,2,2,hc,5.50,home,ft,1.2,3
GUSFx10k,Buse I.,Berrettini M.,2,2,hc,5.50,away,ft,4.15,3
GUSFx10k,Buse I.,Berrettini M.,2,2,hc,6.00,home,ft,1.09,3
GUSFx10k,Buse I.,Berrettini M.,2,2,hc,6.00,away,ft,6.2,3
zaoGWbbB,Etcheverry T. M.,Faria J.,2,2,ou,2.50,over,ft,2.575,4
zaoGWbbB,Etcheverry T. M.,Faria J.,2,2,ou,2.50,under,ft,1.508,4
zaoGWbbB,Etcheverry T. M.,Faria J.,2,2,ou,15.50,over,ft,1.02,1
zaoGWbbB,Etcheverry T. M.,Faria J.,2,2,ou,15.50,under,ft,8.99,1
zaoGWbbB,Etcheverry T. M.,Faria J.,2,2,ou,16.50,over,ft,1.07,1
zaoGWbbB,Etcheverry T. M.,Faria J.,2,2,ou,16.50,under,ft,6.59,1
zaoGWbbB,Etcheverry T. M.,Faria J.,2,2,ou,17.50,over,ft,1.14,1
zaoGWbbB,Etcheverry T. M.,Faria J.,2,2,ou,17.50,under,ft,4.81,1
zaoGWbbB,Etcheverry T. M.,Faria J.,2,2,ou,18.50,over,ft,1.25,5
zaoGWbbB,Etcheverry T. M.,Faria J.,2,2,ou,18.50,under,ft,3.57,5
zaoGWbbB,Etcheverry T. M.,Faria J.,2,2,ou,19.00,over,ft,1.258,4
zaoGWbbB,Etcheverry T. M.,Faria J.,2,2,ou,19.00,under,ft,3.275,4
zaoGWbbB,Etcheverry T. M.,Faria J.,2,2,ou,19.50,over,ft,1.382,4
zaoGWbbB,Etcheverry T. M.,Faria J.,2,2,ou,19.50,under,ft,2.715,4
zaoGWbbB,Etcheverry T. M.,Faria J.,2,2,ou,20.00,over,ft,1.407,4
zaoGWbbB,Etcheverry T. M.,Faria J.,2,2,ou,20.00,under,ft,2.58,4
zaoGWbbB,Etcheverry T. M.,Faria J.,2,2,ou,20.50,over,ft,1.566,8
zaoGWbbB,Etcheverry T. M.,Faria J.,2,2,ou,20.50,under,ft,2.245,8
zaoGWbbB,Etcheverry T. M.,Faria J.,2,2,ou,21.00,over,ft,1.626,7
zaoGWbbB,Etcheverry T. M.,Faria J.,2,2,ou,21.00,under,ft,2.197,7
zaoGWbbB,Etcheverry T. M.,Faria J.,2,2,ou,21.50,over,ft,1.751,9
zaoGWbbB,Etcheverry T. M.,Faria J.,2,2,ou,21.50,under,ft,2.013,9
zaoGWbbB,Etcheverry T. M.,Faria J.,2,2,ou,22.00,over,ft,1.864,7
zaoGWbbB,Etcheverry T. M.,Faria J.,2,2,ou,22.00,under,ft,1.9,7
zaoGWbbB,Etcheverry T. M.,Faria J.,2,2,ou,22.50,over,ft,2.022,9
zaoGWbbB,Etcheverry T. M.,Faria J.,2,2,ou,22.50,under,ft,1.738,9
zaoGWbbB,Etcheverry T. M.,Faria J.,2,2,ou,23.00,over,ft,2.156,7
zaoGWbbB,Etcheverry T. M.,Faria J.,2,2,ou,23.00,under,ft,1.664,7
zaoGWbbB,Etcheverry T. M.,Faria J.,2,2,ou,23.50,over,ft,2.254,7
zaoGWbbB,Etcheverry T. M.,Faria J.,2,2,ou,23.50,under,ft,1.586,7
zaoGWbbB,Etcheverry T. M.,Faria J.,2,2,ou,24.00,over,ft,2.257,4
zaoGWbbB,Etcheverry T. M.,Faria J.,2,2,ou,24.00,under,ft,1.54,4
zaoGWbbB,Etcheverry T. M.,Faria J.,2,2,ou,24.50,over,ft,2.302,6
zaoGWbbB,Etcheverry T. M.,Faria J.,2,2,ou,24.50,under,ft,1.543,6
zaoGWbbB,Etcheverry T. M.,Faria J.,2,2,ou,25.00,over,ft,2.377,4
zaoGWbbB,Etcheverry T. M.,Faria J.,2,2,ou,25.00,under,ft,1.462,4
zaoGWbbB,Etcheverry T. M.,Faria J.,2,2,ou,25.50,over,ft,2.488,4
zaoGWbbB,Etcheverry T. M.,Faria J.,2,2,ou,25.50,under,ft,1.452,4
zaoGWbbB,Etcheverry T. M.,Faria J.,2,2,ou,26.50,over,ft,2.805,6
zaoGWbbB,Etcheverry T. M.,Faria J.,2,2,ou,26.50,under,ft,1.373,6
zaoGWbbB,Etcheverry T. M.,Faria J.,2,2,ou,27.50,over,ft,3.03,1
zaoGWbbB,Etcheverry T. M.,Faria J.,2,2,ou,27.50,under,ft,1.32,1
zaoGWbbB,Etcheverry T. M.,Faria J.,2,2,ou,28.50,over,ft,3.38,1
zaoGWbbB,Etcheverry T. M.,Faria J.,2,2,ou,28.50,under,ft,1.26,1
zaoGWbbB,Etcheverry T. M.,Faria J.,2,2,ou,29.50,over,ft,3.88,1
zaoGWbbB,Etcheverry T. M.,Faria J.,2,2,ou,29.50,under,ft,1.2,1
zaoGWbbB,Etcheverry T. M.,Faria J.,2,2,ou,30.50,over,ft,4.58,1
zaoGWbbB,Etcheverry T. M.,Faria J.,2,2,ou,30.50,under,ft,1.14,1
zaoGWbbB,Etcheverry T. M.,Faria J.,2,2,ou,31.50,over,ft,5.58,1
zaoGWbbB,Etcheverry T. M.,Faria J.,2,2,ou,31.50,under,ft,1.1,1
zaoGWbbB,Etcheverry T. M.,Faria J.,2,2,ou,32.50,over,ft,6.92,1
zaoGWbbB,Etcheverry T. M.,Faria J.,2,2,ou,32.50,under,ft,1.06,1
zaoGWbbB,Etcheverry T. M.,Faria J.,2,2,ou,33.50,over,ft,8.04,1
zaoGWbbB,Etcheverry T. M.,Faria J.,2,2,ou,33.50,under,ft,1.03,1
zaoGWbbB,Etcheverry T. M.,Faria J.,2,2,ou,34.50,over,ft,9.21,1
zaoGWbbB,Etcheverry T. M.,Faria J.,2,2,ou,34.50,under,ft,1.02,1
zaoGWbbB,Etcheverry T. M.,Faria J.,2,2,hc,1.50,home,ft,1.122,5
zaoGWbbB,Etcheverry T. M.,Faria J.,2,2,hc,1.50,away,ft,6.068,5
zaoGWbbB,Etcheverry T. M.,Faria J.,2,2,hc,-1.50,home,ft,1.893,7
zaoGWbbB,Etcheverry T. M.,Faria J.,2,2,hc,-1.50,away,ft,1.869,7
zaoGWbbB,Etcheverry T. M.,Faria J.,2,2,hc,-1.00,home,ft,1.33,3
zaoGWbbB,Etcheverry T. M.,Faria J.,2,2,hc,-1.00,away,ft,3.1,3
zaoGWbbB,Etcheverry T. M.,Faria J.,2,2,hc,1.50,home,ft,1.24,1
zaoGWbbB,Etcheverry T. M.,Faria J.,2,2,hc,1.50,away,ft,4.09,1
zaoGWbbB,Etcheverry T. M.,Faria J.,2,2,hc,-1.50,home,ft,1.387,4
zaoGWbbB,Etcheverry T. M.,Faria J.,2,2,hc,-1.50,away,ft,2.865,4
zaoGWbbB,Etcheverry T. M.,Faria J.,2,2,hc,-2.00,home,ft,1.42,3
zaoGWbbB,Etcheverry T. M.,Faria J.,2,2,hc,-2.00,away,ft,2.69,3
zaoGWbbB,Etcheverry T. M.,Faria J.,2,2,hc,-2.50,home,ft,1.539,7
zaoGWbbB,Etcheverry T. M.,Faria J.,2,2,hc,-2.50,away,ft,2.417,7
zaoGWbbB,Etcheverry T. M.,Faria J.,2,2,hc,-3.00,home,ft,1.638,5
zaoGWbbB,Etcheverry T. M.,Faria J.,2,2,hc,-3.00,away,ft,2.226,5
zaoGWbbB,Etcheverry T. M.,Faria J.,2,2,hc,-3.50,home,ft,1.808,6
zaoGWbbB,Etcheverry T. M.,Faria J.,2,2,hc,-3.50,away,ft,2.038,6
zaoGWbbB,Etcheverry T. M.,Faria J.,2,2,hc,-4.00,home,ft,2.094,5
zaoGWbbB,Etcheverry T. M.,Faria J.,2,2,hc,-4.00,away,ft,1.72,5
zaoGWbbB,Etcheverry T. M.,Faria J.,2,2,hc,-4.50,home,ft,2.326,7
zaoGWbbB,Etcheverry T. M.,Faria J.,2,2,hc,-4.50,away,ft,1.583,7
zaoGWbbB,Etcheverry T. M.,Faria J.,2,2,hc,-5.00,home,ft,2.97,5
zaoGWbbB,Etcheverry T. M.,Faria J.,2,2,hc,-5.00,away,ft,1.38,5
zaoGWbbB,Etcheverry T. M.,Faria J.,2,2,hc,-5.50,home,ft,3.397,4
zaoGWbbB,Etcheverry T. M.,Faria J.,2,2,hc,-5.50,away,ft,1.295,4
zaoGWbbB,Etcheverry T. M.,Faria J.,2,2,hc,-6.00,home,ft,4.9,3
zaoGWbbB,Etcheverry T. M.,Faria J.,2,2,hc,-6.00,away,ft,1.15,3
zaoGWbbB,Etcheverry T. M.,Faria J.,2,2,hc,-7.50,home,ft,11.82,1
zaoGWbbB,Etcheverry T. M.,Faria J.,2,2,hc,-7.50,away,ft,1.05,1
2JYub03U,Kopriva V.,Cerundolo J. M.,2,2,ou,2.50,over,ft,2.283,4
2JYub03U,Kopriva V.,Cerundolo J. M.,2,2,ou,2.50,under,ft,1.625,4
2JYub03U,Kopriva V.,Cerundolo J. M.,2,2,ou,15.50,under,ft,9.88,1
2JYub03U,Kopriva V.,Cerundolo J. M.,2,2,ou,16.50,over,ft,1.05,1
2JYub03U,Kopriva V.,Cerundolo J. M.,2,2,ou,16.50,under,ft,7.49,1
2JYub03U,Kopriva V.,Cerundolo J. M.,2,2,ou,17.50,over,ft,1.12,1
2JYub03U,Kopriva V.,Cerundolo J. M.,2,2,ou,17.50,under,ft,5.11,1
2JYub03U,Kopriva V.,Cerundolo J. M.,2,2,ou,18.50,over,ft,1.255,2
2JYub03U,Kopriva V.,Cerundolo J. M.,2,2,ou,18.50,under,ft,3.715,2
2JYub03U,Kopriva V.,Cerundolo J. M.,2,2,ou,19.00,over,ft,1.29,3
2JYub03U,Kopriva V.,Cerundolo J. M.,2,2,ou,19.00,under,ft,3.08,3
2JYub03U,Kopriva V.,Cerundolo J. M.,2,2,ou,19.50,over,ft,1.39,4
2JYub03U,Kopriva V.,Cerundolo J. M.,2,2,ou,19.50,under,ft,2.69,4
2JYub03U,Kopriva V.,Cerundolo J. M.,2,2,ou,20.00,over,ft,1.41,4
2JYub03U,Kopriva V.,Cerundolo J. M.,2,2,ou,20.00,under,ft,2.553,4
2JYub03U,Kopriva V.,Cerundolo J. M.,2,2,ou,20.50,over,ft,1.523,6
2JYub03U,Kopriva V.,Cerundolo J. M.,2,2,ou,20.50,under,ft,2.35,6
2JYub03U,Kopriva V.,Cerundolo J. M.,2,2,ou,21.00,over,ft,1.622,6
2JYub03U,Kopriva V.,Cerundolo J. M.,2,2,ou,21.00,under,ft,2.207,6
2JYub03U,Kopriva V.,Cerundolo J. M.,2,2,ou,21.50,over,ft,1.699,9
2JYub03U,Kopriva V.,Cerundolo J. M.,2,2,ou,21.50,under,ft,2.074,9
2JYub03U,Kopriva V.,Cerundolo J. M.,2,2,ou,22.00,over,ft,1.829,7
2JYub03U,Kopriva V.,Cerundolo J. M.,2,2,ou,22.00,under,ft,1.939,7
2JYub03U,Kopriva V.,Cerundolo J. M.,2,2,ou,22.50,over,ft,1.957,9
2JYub03U,Kopriva V.,Cerundolo J. M.,2,2,ou,22.50,under,ft,1.803,9
2JYub03U,Kopriva V.,Cerundolo J. M.,2,2,ou,23.00,over,ft,2.059,7
2JYub03U,Kopriva V.,Cerundolo J. M.,2,2,ou,23.00,under,ft,1.726,7
2JYub03U,Kopriva V.,Cerundolo J. M.,2,2,ou,23.50,over,ft,2.13,7
2JYub03U,Kopriva V.,Cerundolo J. M.,2,2,ou,23.50,under,ft,1.641,7
2JYub03U,Kopriva V.,Cerundolo J. M.,2,2,ou,24.00,over,ft,2.158,4
2JYub03U,Kopriva V.,Cerundolo J. M.,2,2,ou,24.00,under,ft,1.595,4
2JYub03U,Kopriva V.,Cerundolo J. M.,2,2,ou,24.50,over,ft,2.17,7
2JYub03U,Kopriva V.,Cerundolo J. M.,2,2,ou,24.50,under,ft,1.601,7
2JYub03U,Kopriva V.,Cerundolo J. M.,2,2,ou,25.00,over,ft,2.312,4
2JYub03U,Kopriva V.,Cerundolo J. M.,2,2,ou,25.00,under,ft,1.495,4
2JYub03U,Kopriva V.,Cerundolo J. M.,2,2,ou,25.50,over,ft,2.345,4
2JYub03U,Kopriva V.,Cerundolo J. M.,2,2,ou,25.50,under,ft,1.505,4
2JYub03U,Kopriva V.,Cerundolo J. M.,2,2,ou,26.50,over,ft,2.678,6
2JYub03U,Kopriva V.,Cerundolo J. M.,2,2,ou,26.50,under,ft,1.412,6
2JYub03U,Kopriva V.,Cerundolo J. M.,2,2,ou,27.50,over,ft,2.93,4
2JYub03U,Kopriva V.,Cerundolo J. M.,2,2,ou,27.50,under,ft,1.335,4
2JYub03U,Kopriva V.,Cerundolo J. M.,2,2,ou,28.50,over,ft,3.24,1
2JYub03U,Kopriva V.,Cerundolo J. M.,2,2,ou,28.50,under,ft,1.28,1
2JYub03U,Kopriva V.,Cerundolo J. M.,2,2,ou,29.50,over,ft,3.54,1
2JYub03U,Kopriva V.,Cerundolo J. M.,2,2,ou,29.50,under,ft,1.24,1
2JYub03U,Kopriva V.,Cerundolo J. M.,2,2,ou,30.50,over,ft,4.18,1
2JYub03U,Kopriva V.,Cerundolo J. M.,2,2,ou,30.50,under,ft,1.17,1
2JYub03U,Kopriva V.,Cerundolo J. M.,2,2,ou,31.50,over,ft,5.11,1
2JYub03U,Kopriva V.,Cerundolo J. M.,2,2,ou,31.50,under,ft,1.12,1
2JYub03U,Kopriva V.,Cerundolo J. M.,2,2,ou,32.50,over,ft,6.45,1
2JYub03U,Kopriva V.,Cerundolo J. M.,2,2,ou,32.50,under,ft,1.07,1
2JYub03U,Kopriva V.,Cerundolo J. M.,2,2,ou,33.50,over,ft,7.61,1
2JYub03U,Kopriva V.,Cerundolo J. M.,2,2,ou,33.50,under,ft,1.04,1
2JYub03U,Kopriva V.,Cerundolo J. M.,2,2,ou,34.50,over,ft,8.76,1
2JYub03U,Kopriva V.,Cerundolo J. M.,2,2,ou,34.50,under,ft,1.02,1
2JYub03U,Kopriva V.,Cerundolo J. M.,2,2,hc,1.50,home,ft,1.302,5
2JYub03U,Kopriva V.,Cerundolo J. M.,2,2,hc,1.50,away,ft,3.452,5
2JYub03U,Kopriva V.,Cerundolo J. M.,2,2,hc,-1.50,home,ft,2.75,7
2JYub03U,Kopriva V.,Cerundolo J. M.,2,2,hc,-1.50,away,ft,1.427,7
2JYub03U,Kopriva V.,Cerundolo J. M.,2,2,hc,0,home,ft,1.71,5
2JYub03U,Kopriva V.,Cerundolo J. M.,2,2,hc,0,away,ft,2.058,5
2JYub03U,Kopriva V.,Cerundolo J. M.,2,2,hc,12.00,home,ft,1.56,1
2JYub03U,Kopriva V.,Cerundolo J. M.,2,2,hc,12.00,away,ft,1.79,1
2JYub03U,Kopriva V.,Cerundolo J. M.,2,2,hc,12.50,home,ft,1.84,1
2JYub03U,Kopriva V.,Cerundolo J. M.,2,2,hc,12.50,away,ft,1.71,1
2JYub03U,Kopriva V.,Cerundolo J. M.,2,2,hc,0.50,home,ft,1.668,5
2JYub03U,Kopriva V.,Cerundolo J. M.,2,2,hc,0.50,away,ft,2.094,5
2JYub03U,Kopriva V.,Cerundolo J. M.,2,2,hc,-0.50,home,ft,1.76,7
2JYub03U,Kopriva V.,Cerundolo J. M.,2,2,hc,-0.50,away,ft,1.984,7
2JYub03U,Kopriva V.,Cerundolo J. M.,2,2,hc,1.00,home,ft,1.57,3
2JYub03U,Kopriva V.,Cerundolo J. M.,2,2,hc,1.00,away,ft,2.18,3
2JYub03U,Kopriva V.,Cerundolo J. M.,2,2,hc,-1.00,home,ft,1.826,5
2JYub03U,Kopriva V.,Cerundolo J. M.,2,2,hc,-1.00,away,ft,1.918,5
2JYub03U,Kopriva V.,Cerundolo J. M.,2,2,hc,1.50,home,ft,1.55,4
2JYub03U,Kopriva V.,Cerundolo J. M.,2,2,hc,1.50,away,ft,2.29,4
2JYub03U,Kopriva V.,Cerundolo J. M.,2,2,hc,-1.50,home,ft,1.872,6
2JYub03U,Kopriva V.,Cerundolo J. M.,2,2,hc,-1.50,away,ft,1.865,6
2JYub03U,Kopriva V.,Cerundolo J. M.,2,2,hc,2.00,home,ft,1.47,3
2JYub03U,Kopriva V.,Cerundolo J. M.,2,2,hc,2.00,away,ft,2.42,3
2JYub03U,Kopriva V.,Cerundolo J. M.,2,2,hc,-2.00,home,ft,1.988,5
2JYub03U,Kopriva V.,Cerundolo J. M.,2,2,hc,-2.00,away,ft,1.762,5
2JYub03U,Kopriva V.,Cerundolo J. M.,2,2,hc,2.50,home,ft,1.47,3
2JYub03U,Kopriva V.,Cerundolo J. M.,2,2,hc,2.50,away,ft,2.42,3
2JYub03U,Kopriva V.,Cerundolo J. M.,2,2,hc,-2.50,home,ft,2.121,7
2JYub03U,Kopriva V.,Cerundolo J. M.,2,2,hc,-2.50,away,ft,1.673,7
2JYub03U,Kopriva V.,Cerundolo J. M.,2,2,hc,-3.00,home,ft,2.22,3
2JYub03U,Kopriva V.,Cerundolo J. M.,2,2,hc,-3.00,away,ft,1.56,3
2JYub03U,Kopriva V.,Cerundolo J. M.,2,2,hc,3.50,home,ft,1.37,1
2JYub03U,Kopriva V.,Cerundolo J. M.,2,2,hc,3.50,away,ft,3.12,1
2JYub03U,Kopriva V.,Cerundolo J. M.,2,2,hc,-3.50,home,ft,2.405,4
2JYub03U,Kopriva V.,Cerundolo J. M.,2,2,hc,-3.50,away,ft,1.502,4
2JYub03U,Kopriva V.,Cerundolo J. M.,2,2,hc,-4.00,home,ft,2.85,3
2JYub03U,Kopriva V.,Cerundolo J. M.,2,2,hc,-4.00,away,ft,1.35,3
2JYub03U,Kopriva V.,Cerundolo J. M.,2,2,hc,-5.50,home,ft,4.57,1
2JYub03U,Kopriva V.,Cerundolo J. M.,2,2,hc,-5.50,away,ft,1.2,1
rJD6lL0d,Berrettini M.,Lajovic D.,2,2,ou,2.50,over,ft,2.51,3
rJD6lL0d,Berrettini M.,Lajovic D.,2,2,ou,2.50,under,ft,1.537,3
rJD6lL0d,Berrettini M.,Lajovic D.,2,2,ou,16.50,over,ft,1.05,1
rJD6lL0d,Berrettini M.,Lajovic D.,2,2,ou,16.50,under,ft,6.84,1
rJD6lL0d,Berrettini M.,Lajovic D.,2,2,ou,17.50,over,ft,1.15,1
rJD6lL0d,Berrettini M.,Lajovic D.,2,2,ou,17.50,under,ft,4.55,1
rJD6lL0d,Berrettini M.,Lajovic D.,2,2,ou,18.00,over,ft,1.22,4
rJD6lL0d,Berrettini M.,Lajovic D.,2,2,ou,18.00,under,ft,3.505,4
rJD6lL0d,Berrettini M.,Lajovic D.,2,2,ou,18.50,over,ft,1.328,5
rJD6lL0d,Berrettini M.,Lajovic D.,2,2,ou,18.50,under,ft,3.152,5
rJD6lL0d,Berrettini M.,Lajovic D.,2,2,ou,19.00,over,ft,1.225,4
rJD6lL0d,Berrettini M.,Lajovic D.,2,2,ou,19.00,under,ft,3.447,4
rJD6lL0d,Berrettini M.,Lajovic D.,2,2,ou,19.50,over,ft,1.402,5
rJD6lL0d,Berrettini M.,Lajovic D.,2,2,ou,19.50,under,ft,2.71,5
rJD6lL0d,Berrettini M.,Lajovic D.,2,2,ou,20.00,over,ft,1.488,5
rJD6lL0d,Berrettini M.,Lajovic D.,2,2,ou,20.00,under,ft,2.544,5
rJD6lL0d,Berrettini M.,Lajovic D.,2,2,ou,20.50,over,ft,1.601,9
rJD6lL0d,Berrettini M.,Lajovic D.,2,2,ou,20.50,under,ft,2.26,9
rJD6lL0d,Berrettini M.,Lajovic D.,2,2,ou,21.00,over,ft,1.63,7
rJD6lL0d,Berrettini M.,Lajovic D.,2,2,ou,21.00,under,ft,2.264,7
rJD6lL0d,Berrettini M.,Lajovic D.,2,2,ou,21.50,over,ft,1.732,9
rJD6lL0d,Berrettini M.,Lajovic D.,2,2,ou,21.50,under,ft,2.081,9
rJD6lL0d,Berrettini M.,Lajovic D.,2,2,ou,22.00,over,ft,1.85,7
rJD6lL0d,Berrettini M.,Lajovic D.,2,2,ou,22.00,under,ft,1.947,7
rJD6lL0d,Berrettini M.,Lajovic D.,2,2,ou,22.50,over,ft,1.964,9
rJD6lL0d,Berrettini M.,Lajovic D.,2,2,ou,22.50,under,ft,1.811,9
rJD6lL0d,Berrettini M.,Lajovic D.,2,2,ou,23.00,over,ft,2.146,7
rJD6lL0d,Berrettini M.,Lajovic D.,2,2,ou,23.00,under,ft,1.701,7
rJD6lL0d,Berrettini M.,Lajovic D.,2,2,ou,23.50,over,ft,2.261,7
rJD6lL0d,Berrettini M.,Lajovic D.,2,2,ou,23.50,under,ft,1.636,7
rJD6lL0d,Berrettini M.,Lajovic D.,2,2,ou,24.00,over,ft,2.317,4
rJD6lL0d,Berrettini M.,Lajovic D.,2,2,ou,24.00,under,ft,1.588,4
rJD6lL0d,Berrettini M.,Lajovic D.,2,2,ou,24.50,over,ft,2.326,5
rJD6lL0d,Berrettini M.,Lajovic D.,2,2,ou,24.50,under,ft,1.59,5
rJD6lL0d,Berrettini M.,Lajovic D.,2,2,ou,25.00,over,ft,2.46,4
rJD6lL0d,Berrettini M.,Lajovic D.,2,2,ou,25.00,under,ft,1.518,4
rJD6lL0d,Berrettini M.,Lajovic D.,2,2,ou,25.50,over,ft,2.45,1
rJD6lL0d,Berrettini M.,Lajovic D.,2,2,ou,25.50,under,ft,1.47,1
rJD6lL0d,Berrettini M.,Lajovic D.,2,2,ou,26.50,over,ft,2.79,2
rJD6lL0d,Berrettini M.,Lajovic D.,2,2,ou,26.50,under,ft,1.41,2
rJD6lL0d,Berrettini M.,Lajovic D.,2,2,ou,27.50,over,ft,3.02,1
rJD6lL0d,Berrettini M.,Lajovic D.,2,2,ou,27.50,under,ft,1.32,1
rJD6lL0d,Berrettini M.,Lajovic D.,2,2,ou,28.50,over,ft,3.35,1
rJD6lL0d,Berrettini M.,Lajovic D.,2,2,ou,28.50,under,ft,1.26,1
rJD6lL0d,Berrettini M.,Lajovic D.,2,2,ou,29.50,over,ft,3.84,1
rJD6lL0d,Berrettini M.,Lajovic D.,2,2,ou,29.50,under,ft,1.2,1
rJD6lL0d,Berrettini M.,Lajovic D.,2,2,ou,30.50,over,ft,4.52,1
rJD6lL0d,Berrettini M.,Lajovic D.,2,2,ou,30.50,under,ft,1.15,1
rJD6lL0d,Berrettini M.,Lajovic D.,2,2,ou,31.50,over,ft,5.58,1
rJD6lL0d,Berrettini M.,Lajovic D.,2,2,ou,31.50,under,ft,1.1,1
rJD6lL0d,Berrettini M.,Lajovic D.,2,2,hc,1.50,home,ft,1.144,5
rJD6lL0d,Berrettini M.,Lajovic D.,2,2,hc,1.50,away,ft,5.484,5
rJD6lL0d,Berrettini M.,Lajovic D.,2,2,hc,-1.50,home,ft,1.954,7
rJD6lL0d,Berrettini M.,Lajovic D.,2,2,hc,-1.50,away,ft,1.813,7
rJD6lL0d,Berrettini M.,Lajovic D.,2,2,hc,12.00,home,ft,1.24,1
rJD6lL0d,Berrettini M.,Lajovic D.,2,2,hc,12.00,away,ft,2.21,1
rJD6lL0d,Berrettini M.,Lajovic D.,2,2,hc,-1.00,home,ft,1.38,3
rJD6lL0d,Berrettini M.,Lajovic D.,2,2,hc,-1.00,away,ft,3.06,3
rJD6lL0d,Berrettini M.,Lajovic D.,2,2,hc,1.50,home,ft,1.26,1
rJD6lL0d,Berrettini M.,Lajovic D.,2,2,hc,1.50,away,ft,3.92,1
rJD6lL0d,Berrettini M.,Lajovic D.,2,2,hc,-1.50,home,ft,1.432,4
rJD6lL0d,Berrettini M.,Lajovic D.,2,2,hc,-1.50,away,ft,2.825,4
rJD6lL0d,Berrettini M.,Lajovic D.,2,2,hc,-2.00,home,ft,1.49,3
rJD6lL0d,Berrettini M.,Lajovic D.,2,2,hc,-2.00,away,ft,2.643,3
rJD6lL0d,Berrettini M.,Lajovic D.,2,2,hc,-2.50,home,ft,1.579,7
rJD6lL0d,Berrettini M.,Lajovic D.,2,2,hc,-2.50,away,ft,2.377,7
rJD6lL0d,Berrettini M.,Lajovic D.,2,2,hc,-3.00,home,ft,1.702,5
rJD6lL0d,Berrettini M.,Lajovic D.,2,2,hc,-3.00,away,ft,2.182,5
rJD6lL0d,Berrettini M.,Lajovic D.,2,2,hc,-3.50,home,ft,1.847,7
rJD6lL0d,Berrettini M.,Lajovic D.,2,2,hc,-3.50,away,ft,1.947,7
rJD6lL0d,Berrettini M.,Lajovic D.,2,2,hc,-4.00,home,ft,2.172,5
rJD6lL0d,Berrettini M.,Lajovic D.,2,2,hc,-4.00,away,ft,1.712,5
rJD6lL0d,Berrettini M.,Lajovic D.,2,2,hc,-4.50,home,ft,2.444,7
rJD6lL0d,Berrettini M.,Lajovic D.,2,2,hc,-4.50,away,ft,1.553,7
rJD6lL0d,Berrettini M.,Lajovic D.,2,2,hc,-5.00,home,ft,3.205,4
rJD6lL0d,Berrettini M.,Lajovic D.,2,2,hc,-5.00,away,ft,1.355,4
rJD6lL0d,Berrettini M.,Lajovic D.,2,2,hc,-5.50,home,ft,3.358,6
rJD6lL0d,Berrettini M.,Lajovic D.,2,2,hc,-5.50,away,ft,1.325,6
rJD6lL0d,Berrettini M.,Lajovic D.,2,2,hc,-6.00,home,ft,5.91,3
rJD6lL0d,Berrettini M.,Lajovic D.,2,2,hc,-6.00,away,ft,1.13,3
rJD6lL0d,Berrettini M.,Lajovic D.,2,2,hc,-6.50,home,ft,4.5,3
rJD6lL0d,Berrettini M.,Lajovic D.,2,2,hc,-6.50,away,ft,1.17,3
rJD6lL0d,Berrettini M.,Lajovic D.,2,2,hc,-7.00,home,ft,7.2,3
rJD6lL0d,Berrettini M.,Lajovic D.,2,2,hc,-7.00,away,ft,1.07,3
rJD6lL0d,Berrettini M.,Lajovic D.,2,2,hc,-7.50,home,ft,12.63,1
rJD6lL0d,Berrettini M.,Lajovic D.,2,2,hc,-7.50,away,ft,1.04,1
4OtHqZVQ,Fonseca J.,Buse I.,1,1,ou,2.50,over,ft,2.853,4
4OtHqZVQ,Fonseca J.,Buse I.,1,1,ou,2.50,under,ft,1.425,4
4OtHqZVQ,Fonseca J.,Buse I.,1,1,ou,16.50,over,ft,1.09,1
4OtHqZVQ,Fonseca J.,Buse I.,1,1,ou,16.50,under,ft,5.48,1
4OtHqZVQ,Fonseca J.,Buse I.,1,1,ou,17.50,over,ft,1.18,1
4OtHqZVQ,Fonseca J.,Buse I.,1,1,ou,17.50,under,ft,4.19,1
4OtHqZVQ,Fonseca J.,Buse I.,1,1,ou,18.00,over,ft,1.208,4
4OtHqZVQ,Fonseca J.,Buse I.,1,1,ou,18.00,under,ft,3.57,4
4OtHqZVQ,Fonseca J.,Buse I.,1,1,ou,18.50,over,ft,1.346,5
4OtHqZVQ,Fonseca J.,Buse I.,1,1,ou,18.50,under,ft,2.952,5
4OtHqZVQ,Fonseca J.,Buse I.,1,1,ou,19.00,over,ft,1.32,4
4OtHqZVQ,Fonseca J.,Buse I.,1,1,ou,19.00,under,ft,2.91,4
4OtHqZVQ,Fonseca J.,Buse I.,1,1,ou,19.50,over,ft,1.5,6
4OtHqZVQ,Fonseca J.,Buse I.,1,1,ou,19.50,under,ft,2.397,6
4OtHqZVQ,Fonseca J.,Buse I.,1,1,ou,20.00,over,ft,1.576,7
4OtHqZVQ,Fonseca J.,Buse I.,1,1,ou,20.00,under,ft,2.297,7
4OtHqZVQ,Fonseca J.,Buse I.,1,1,ou,20.50,over,ft,1.766,9
4OtHqZVQ,Fonseca J.,Buse I.,1,1,ou,20.50,under,ft,2.021,9
4OtHqZVQ,Fonseca J.,Buse I.,1,1,ou,21.00,over,ft,1.827,7
4OtHqZVQ,Fonseca J.,Buse I.,1,1,ou,21.00,under,ft,1.941,7
4OtHqZVQ,Fonseca J.,Buse I.,1,1,ou,21.50,over,ft,1.929,9
4OtHqZVQ,Fonseca J.,Buse I.,1,1,ou,21.50,under,ft,1.832,9
4OtHqZVQ,Fonseca J.,Buse I.,1,1,ou,22.00,over,ft,2.124,7
4OtHqZVQ,Fonseca J.,Buse I.,1,1,ou,22.00,under,ft,1.684,7
4OtHqZVQ,Fonseca J.,Buse I.,1,1,ou,22.50,over,ft,2.248,9
4OtHqZVQ,Fonseca J.,Buse I.,1,1,ou,22.50,under,ft,1.59,9
4OtHqZVQ,Fonseca J.,Buse I.,1,1,ou,23.00,over,ft,2.453,4
4OtHqZVQ,Fonseca J.,Buse I.,1,1,ou,23.00,under,ft,1.468,4
4OtHqZVQ,Fonseca J.,Buse I.,1,1,ou,23.50,over,ft,2.518,5
4OtHqZVQ,Fonseca J.,Buse I.,1,1,ou,23.50,under,ft,1.448,5
4OtHqZVQ,Fonseca J.,Buse I.,1,1,ou,24.00,over,ft,2.595,4
4OtHqZVQ,Fonseca J.,Buse I.,1,1,ou,24.00,under,ft,1.397,4
4OtHqZVQ,Fonseca J.,Buse I.,1,1,ou,24.50,over,ft,2.65,2
4OtHqZVQ,Fonseca J.,Buse I.,1,1,ou,24.50,under,ft,1.45,2
4OtHqZVQ,Fonseca J.,Buse I.,1,1,ou,25.50,over,ft,2.74,1
4OtHqZVQ,Fonseca J.,Buse I.,1,1,ou,25.50,under,ft,1.39,1
4OtHqZVQ,Fonseca J.,Buse I.,1,1,ou,26.50,over,ft,3.04,1
4OtHqZVQ,Fonseca J.,Buse I.,1,1,ou,26.50,under,ft,1.32,1
4OtHqZVQ,Fonseca J.,Buse I.,1,1,ou,27.50,over,ft,3.15,1
4OtHqZVQ,Fonseca J.,Buse I.,1,1,ou,27.50,under,ft,1.29,1
4OtHqZVQ,Fonseca J.,Buse I.,1,1,ou,28.50,over,ft,3.39,1
4OtHqZVQ,Fonseca J.,Buse I.,1,1,ou,28.50,under,ft,1.26,1
4OtHqZVQ,Fonseca J.,Buse I.,1,1,ou,29.50,over,ft,3.83,1
4OtHqZVQ,Fonseca J.,Buse I.,1,1,ou,29.50,under,ft,1.2,1
4OtHqZVQ,Fonseca J.,Buse I.,1,1,ou,30.50,over,ft,4.42,1
4OtHqZVQ,Fonseca J.,Buse I.,1,1,ou,30.50,under,ft,1.15,1
4OtHqZVQ,Fonseca J.,Buse I.,1,1,ou,31.50,over,ft,5.3,1
4OtHqZVQ,Fonseca J.,Buse I.,1,1,ou,31.50,under,ft,1.11,1
4OtHqZVQ,Fonseca J.,Buse I.,1,1,hc,1.50,home,ft,1.094,5
4OtHqZVQ,Fonseca J.,Buse I.,1,1,hc,1.50,away,ft,7.032,5
4OtHqZVQ,Fonseca J.,Buse I.,1,1,hc,-1.50,home,ft,1.669,7
4OtHqZVQ,Fonseca J.,Buse I.,1,1,hc,-1.50,away,ft,2.159,7
4OtHqZVQ,Fonseca J.,Buse I.,1,1,hc,1.50,home,ft,1.16,1
4OtHqZVQ,Fonseca J.,Buse I.,1,1,hc,1.50,away,ft,5.31,1
4OtHqZVQ,Fonseca J.,Buse I.,1,1,hc,-1.50,home,ft,1.333,4
4OtHqZVQ,Fonseca J.,Buse I.,1,1,hc,-1.50,away,ft,3.075,4
4OtHqZVQ,Fonseca J.,Buse I.,1,1,hc,-2.00,home,ft,1.3,3
4OtHqZVQ,Fonseca J.,Buse I.,1,1,hc,-2.00,away,ft,3.26,3
4OtHqZVQ,Fonseca J.,Buse I.,1,1,hc,-2.50,home,ft,1.4,4
4OtHqZVQ,Fonseca J.,Buse I.,1,1,hc,-2.50,away,ft,2.788,4
4OtHqZVQ,Fonseca J.,Buse I.,1,1,hc,-3.00,home,ft,1.456,5
4OtHqZVQ,Fonseca J.,Buse I.,1,1,hc,-3.00,away,ft,2.682,5
4OtHqZVQ,Fonseca J.,Buse I.,1,1,hc,-3.50,home,ft,1.58,7
4OtHqZVQ,Fonseca J.,Buse I.,1,1,hc,-3.50,away,ft,2.313,7
4OtHqZVQ,Fonseca J.,Buse I.,1,1,hc,-4.00,home,ft,1.774,5
4OtHqZVQ,Fonseca J.,Buse I.,1,1,hc,-4.00,away,ft,2.02,5
4OtHqZVQ,Fonseca J.,Buse I.,1,1,hc,-4.50,home,ft,1.99,6
4OtHqZVQ,Fonseca J.,Buse I.,1,1,hc,-4.50,away,ft,1.838,6
4OtHqZVQ,Fonseca J.,Buse I.,1,1,hc,-5.00,home,ft,2.492,5
4OtHqZVQ,Fonseca J.,Buse I.,1,1,hc,-5.00,away,ft,1.516,5
4OtHqZVQ,Fonseca J.,Buse I.,1,1,hc,-5.50,home,ft,2.78,7
4OtHqZVQ,Fonseca J.,Buse I.,1,1,hc,-5.50,away,ft,1.42,7
4OtHqZVQ,Fonseca J.,Buse I.,1,1,hc,-6.00,home,ft,4.05,3
4OtHqZVQ,Fonseca J.,Buse I.,1,1,hc,-6.00,away,ft,1.21,3
4OtHqZVQ,Fonseca J.,Buse I.,1,1,hc,-6.50,home,ft,4.55,3
4OtHqZVQ,Fonseca J.,Buse I.,1,1,hc,-6.50,away,ft,1.17,3
4OtHqZVQ,Fonseca J.,Buse I.,1,1,hc,-7.00,home,ft,7.6,3
4OtHqZVQ,Fonseca J.,Buse I.,1,1,hc,-7.00,away,ft,1.06,3
4OtHqZVQ,Fonseca J.,Buse I.,1,1,hc,-7.50,home,ft,8.33,1
4OtHqZVQ,Fonseca J.,Buse I.,1,1,hc,-7.50,away,ft,1.08,1
pIjmG665,Etcheverry T. M.,Gaubas V.,2,2,ou,2.50,over,ft,2.822,4
pIjmG665,Etcheverry T. M.,Gaubas V.,2,2,ou,2.50,under,ft,1.438,4
pIjmG665,Etcheverry T. M.,Gaubas V.,2,2,ou,16.50,over,ft,1.12,1
pIjmG665,Etcheverry T. M.,Gaubas V.,2,2,ou,16.50,under,ft,5.14,1
pIjmG665,Etcheverry T. M.,Gaubas V.,2,2,ou,17.50,over,ft,1.2,1
pIjmG665,Etcheverry T. M.,Gaubas V.,2,2,ou,17.50,under,ft,3.89,1
pIjmG665,Etcheverry T. M.,Gaubas V.,2,2,ou,18.00,over,ft,1.26,4
pIjmG665,Etcheverry T. M.,Gaubas V.,2,2,ou,18.00,under,ft,3.257,4
pIjmG665,Etcheverry T. M.,Gaubas V.,2,2,ou,18.50,over,ft,1.405,4
pIjmG665,Etcheverry T. M.,Gaubas V.,2,2,ou,18.50,under,ft,2.637,4
pIjmG665,Etcheverry T. M.,Gaubas V.,2,2,ou,19.00,over,ft,1.375,4
pIjmG665,Etcheverry T. M.,Gaubas V.,2,2,ou,19.00,under,ft,2.672,4
pIjmG665,Etcheverry T. M.,Gaubas V.,2,2,ou,19.50,over,ft,1.534,7
pIjmG665,Etcheverry T. M.,Gaubas V.,2,2,ou,19.50,under,ft,2.307,7
pIjmG665,Etcheverry T. M.,Gaubas V.,2,2,ou,20.00,over,ft,1.619,7
pIjmG665,Etcheverry T. M.,Gaubas V.,2,2,ou,20.00,under,ft,2.216,7
pIjmG665,Etcheverry T. M.,Gaubas V.,2,2,ou,20.50,over,ft,1.823,9
pIjmG665,Etcheverry T. M.,Gaubas V.,2,2,ou,20.50,under,ft,1.956,9
pIjmG665,Etcheverry T. M.,Gaubas V.,2,2,ou,21.00,over,ft,1.854,7
pIjmG665,Etcheverry T. M.,Gaubas V.,2,2,ou,21.00,under,ft,1.91,7
pIjmG665,Etcheverry T. M.,Gaubas V.,2,2,ou,21.50,over,ft,1.969,9
pIjmG665,Etcheverry T. M.,Gaubas V.,2,2,ou,21.50,under,ft,1.788,9
pIjmG665,Etcheverry T. M.,Gaubas V.,2,2,ou,22.00,over,ft,2.12,7
pIjmG665,Etcheverry T. M.,Gaubas V.,2,2,ou,22.00,under,ft,1.686,7
pIjmG665,Etcheverry T. M.,Gaubas V.,2,2,ou,22.50,over,ft,2.253,9
pIjmG665,Etcheverry T. M.,Gaubas V.,2,2,ou,22.50,under,ft,1.588,9
pIjmG665,Etcheverry T. M.,Gaubas V.,2,2,ou,23.00,over,ft,2.346,5
pIjmG665,Etcheverry T. M.,Gaubas V.,2,2,ou,23.00,under,ft,1.53,5
pIjmG665,Etcheverry T. M.,Gaubas V.,2,2,ou,23.50,over,ft,2.425,4
pIjmG665,Etcheverry T. M.,Gaubas V.,2,2,ou,23.50,under,ft,1.472,4
pIjmG665,Etcheverry T. M.,Gaubas V.,2,2,ou,24.00,over,ft,2.468,4
pIjmG665,Etcheverry T. M.,Gaubas V.,2,2,ou,24.00,under,ft,1.438,4
pIjmG665,Etcheverry T. M.,Gaubas V.,2,2,ou,24.50,over,ft,2.6,1
pIjmG665,Etcheverry T. M.,Gaubas V.,2,2,ou,24.50,under,ft,1.42,1
pIjmG665,Etcheverry T. M.,Gaubas V.,2,2,ou,25.00,over,ft,8.9,3
pIjmG665,Etcheverry T. M.,Gaubas V.,2,2,ou,25.00,under,ft,1.03,3
pIjmG665,Etcheverry T. M.,Gaubas V.,2,2,ou,25.50,over,ft,7.457,4
pIjmG665,Etcheverry T. M.,Gaubas V.,2,2,ou,25.50,under,ft,1.105,4
pIjmG665,Etcheverry T. M.,Gaubas V.,2,2,ou,26.50,over,ft,3.2,1
pIjmG665,Etcheverry T. M.,Gaubas V.,2,2,ou,26.50,under,ft,1.29,1
pIjmG665,Etcheverry T. M.,Gaubas V.,2,2,ou,27.50,over,ft,3.43,1
pIjmG665,Etcheverry T. M.,Gaubas V.,2,2,ou,27.50,under,ft,1.25,1
pIjmG665,Etcheverry T. M.,Gaubas V.,2,2,ou,28.50,over,ft,3.83,1
pIjmG665,Etcheverry T. M.,Gaubas V.,2,2,ou,28.50,under,ft,1.2,1
pIjmG665,Etcheverry T. M.,Gaubas V.,2,2,ou,29.50,over,ft,4.37,1
pIjmG665,Etcheverry T. M.,Gaubas V.,2,2,ou,29.50,under,ft,1.16,1
pIjmG665,Etcheverry T. M.,Gaubas V.,2,2,ou,30.50,over,ft,5.19,1
pIjmG665,Etcheverry T. M.,Gaubas V.,2,2,ou,30.50,under,ft,1.11,1
pIjmG665,Etcheverry T. M.,Gaubas V.,2,2,hc,1.50,home,ft,1.09,5
pIjmG665,Etcheverry T. M.,Gaubas V.,2,2,hc,1.50,away,ft,7.106,5
pIjmG665,Etcheverry T. M.,Gaubas V.,2,2,hc,-1.50,home,ft,1.717,7
pIjmG665,Etcheverry T. M.,Gaubas V.,2,2,hc,-1.50,away,ft,2.083,7
pIjmG665,Etcheverry T. M.,Gaubas V.,2,2,hc,-1.50,home,ft,1.31,3
pIjmG665,Etcheverry T. M.,Gaubas V.,2,2,hc,-1.50,away,ft,3.03,3
pIjmG665,Etcheverry T. M.,Gaubas V.,2,2,hc,-2.00,home,ft,1.32,3
pIjmG665,Etcheverry T. M.,Gaubas V.,2,2,hc,-2.00,away,ft,3.14,3
pIjmG665,Etcheverry T. M.,Gaubas V.,2,2,hc,-2.50,home,ft,1.39,3
pIjmG665,Etcheverry T. M.,Gaubas V.,2,2,hc,-2.50,away,ft,2.81,3
pIjmG665,Etcheverry T. M.,Gaubas V.,2,2,hc,-3.00,home,ft,1.468,5
pIjmG665,Etcheverry T. M.,Gaubas V.,2,2,hc,-3.00,away,ft,2.632,5
pIjmG665,Etcheverry T. M.,Gaubas V.,2,2,hc,-3.50,home,ft,1.574,7
pIjmG665,Etcheverry T. M.,Gaubas V.,2,2,hc,-3.50,away,ft,2.341,7
pIjmG665,Etcheverry T. M.,Gaubas V.,2,2,hc,-4.00,home,ft,1.724,5
pIjmG665,Etcheverry T. M.,Gaubas V.,2,2,hc,-4.00,away,ft,2.092,5
pIjmG665,Etcheverry T. M.,Gaubas V.,2,2,hc,-4.50,home,ft,1.927,6
pIjmG665,Etcheverry T. M.,Gaubas V.,2,2,hc,-4.50,away,ft,1.883,6
pIjmG665,Etcheverry T. M.,Gaubas V.,2,2,hc,-5.00,home,ft,2.298,5
pIjmG665,Etcheverry T. M.,Gaubas V.,2,2,hc,-5.00,away,ft,1.602,5
pIjmG665,Etcheverry T. M.,Gaubas V.,2,2,hc,-5.50,home,ft,2.577,7
pIjmG665,Etcheverry T. M.,Gaubas V.,2,2,hc,-5.50,away,ft,1.479,7
pIjmG665,Etcheverry T. M.,Gaubas V.,2,2,hc,-6.00,home,ft,3.48,3
pIjmG665,Etcheverry T. M.,Gaubas V.,2,2,hc,-6.00,away,ft,1.27,3
pIjmG665,Etcheverry T. M.,Gaubas V.,2,2,hc,-6.50,home,ft,3.9,3
pIjmG665,Etcheverry T. M.,Gaubas V.,2,2,hc,-6.50,away,ft,1.22,3
pIjmG665,Etcheverry T. M.,Gaubas V.,2,2,hc,-7.00,home,ft,6.1,3
pIjmG665,Etcheverry T. M.,Gaubas V.,2,2,hc,-7.00,away,ft,1.1,3
GrANaoMO,Dzumhur D.,Faria J.,0,0,ou,2.50,over,ft,2.347,3
GrANaoMO,Dzumhur D.,Faria J.,0,0,ou,2.50,under,ft,1.6,3
GrANaoMO,Dzumhur D.,Faria J.,0,0,ou,16.50,over,ft,1.03,1
GrANaoMO,Dzumhur D.,Faria J.,0,0,ou,16.50,under,ft,7.68,1
GrANaoMO,Dzumhur D.,Faria J.,0,0,ou,17.50,over,ft,1.15,1
GrANaoMO,Dzumhur D.,Faria J.,0,0,ou,17.50,under,ft,4.62,1
GrANaoMO,Dzumhur D.,Faria J.,0,0,ou,18.50,over,ft,1.26,2
GrANaoMO,Dzumhur D.,Faria J.,0,0,ou,18.50,under,ft,3.685,2
GrANaoMO,Dzumhur D.,Faria J.,0,0,ou,19.50,over,ft,1.39,1
GrANaoMO,Dzumhur D.,Faria J.,0,0,ou,19.50,under,ft,2.71,1
GrANaoMO,Dzumhur D.,Faria J.,0,0,ou,20.00,over,ft,1.42,4
GrANaoMO,Dzumhur D.,Faria J.,0,0,ou,20.00,under,ft,2.52,4
GrANaoMO,Dzumhur D.,Faria J.,0,0,ou,20.50,over,ft,1.544,5
GrANaoMO,Dzumhur D.,Faria J.,0,0,ou,20.50,under,ft,2.29,5
GrANaoMO,Dzumhur D.,Faria J.,0,0,ou,21.00,over,ft,1.634,7
GrANaoMO,Dzumhur D.,Faria J.,0,0,ou,21.00,under,ft,2.19,7
GrANaoMO,Dzumhur D.,Faria J.,0,0,ou,21.50,over,ft,1.726,9
GrANaoMO,Dzumhur D.,Faria J.,0,0,ou,21.50,under,ft,2.046,9
GrANaoMO,Dzumhur D.,Faria J.,0,0,ou,22.00,over,ft,1.853,7
GrANaoMO,Dzumhur D.,Faria J.,0,0,ou,22.00,under,ft,1.914,7
GrANaoMO,Dzumhur D.,Faria J.,0,0,ou,22.50,over,ft,1.957,9
GrANaoMO,Dzumhur D.,Faria J.,0,0,ou,22.50,under,ft,1.83,9
GrANaoMO,Dzumhur D.,Faria J.,0,0,ou,23.00,over,ft,2.094,7
GrANaoMO,Dzumhur D.,Faria J.,0,0,ou,23.00,under,ft,1.701,7
GrANaoMO,Dzumhur D.,Faria J.,0,0,ou,23.50,over,ft,2.16,7
GrANaoMO,Dzumhur D.,Faria J.,0,0,ou,23.50,under,ft,1.637,7
GrANaoMO,Dzumhur D.,Faria J.,0,0,ou,24.00,over,ft,2.198,4
GrANaoMO,Dzumhur D.,Faria J.,0,0,ou,24.00,under,ft,1.575,4
GrANaoMO,Dzumhur D.,Faria J.,0,0,ou,24.50,over,ft,2.24,5
GrANaoMO,Dzumhur D.,Faria J.,0,0,ou,24.50,under,ft,1.57,5
GrANaoMO,Dzumhur D.,Faria J.,0,0,ou,25.00,over,ft,2.34,4
GrANaoMO,Dzumhur D.,Faria J.,0,0,ou,25.00,under,ft,1.488,4
GrANaoMO,Dzumhur D.,Faria J.,0,0,ou,25.50,over,ft,2.43,1
GrANaoMO,Dzumhur D.,Faria J.,0,0,ou,25.50,under,ft,1.48,1
GrANaoMO,Dzumhur D.,Faria J.,0,0,ou,26.50,over,ft,2.785,2
GrANaoMO,Dzumhur D.,Faria J.,0,0,ou,26.50,under,ft,1.41,2
GrANaoMO,Dzumhur D.,Faria J.,0,0,ou,27.50,over,ft,3.02,1
GrANaoMO,Dzumhur D.,Faria J.,0,0,ou,27.50,under,ft,1.32,1
GrANaoMO,Dzumhur D.,Faria J.,0,0,ou,28.50,over,ft,3.28,1
GrANaoMO,Dzumhur D.,Faria J.,0,0,ou,28.50,under,ft,1.27,1
GrANaoMO,Dzumhur D.,Faria J.,0,0,ou,29.50,over,ft,3.78,1
GrANaoMO,Dzumhur D.,Faria J.,0,0,ou,29.50,under,ft,1.21,1
GrANaoMO,Dzumhur D.,Faria J.,0,0,ou,30.50,over,ft,4.46,1
GrANaoMO,Dzumhur D.,Faria J.,0,0,ou,30.50,under,ft,1.15,1
GrANaoMO,Dzumhur D.,Faria J.,0,0,ou,31.50,over,ft,5.48,1
GrANaoMO,Dzumhur D.,Faria J.,0,0,ou,31.50,under,ft,1.1,1
GrANaoMO,Dzumhur D.,Faria J.,0,0,hc,1.50,home,ft,1.533,7
GrANaoMO,Dzumhur D.,Faria J.,0,0,hc,1.50,away,ft,2.436,7
GrANaoMO,Dzumhur D.,Faria J.,0,0,hc,-1.50,home,ft,3.855,6
GrANaoMO,Dzumhur D.,Faria J.,0,0,hc,-1.50,away,ft,1.253,6
GrANaoMO,Dzumhur D.,Faria J.,0,0,hc,0,home,ft,2.38,3
GrANaoMO,Dzumhur D.,Faria J.,0,0,hc,0,away,ft,1.53,3
GrANaoMO,Dzumhur D.,Faria J.,0,0,hc,12.00,home,ft,1.94,1
GrANaoMO,Dzumhur D.,Faria J.,0,0,hc,12.00,away,ft,1.44,1
GrANaoMO,Dzumhur D.,Faria J.,0,0,hc,12.50,home,ft,1.65,1
GrANaoMO,Dzumhur D.,Faria J.,0,0,hc,12.50,away,ft,1.94,1
GrANaoMO,Dzumhur D.,Faria J.,0,0,hc,0.50,home,ft,2.161,7
GrANaoMO,Dzumhur D.,Faria J.,0,0,hc,0.50,away,ft,1.666,7
GrANaoMO,Dzumhur D.,Faria J.,0,0,hc,-0.50,home,ft,2.124,5
GrANaoMO,Dzumhur D.,Faria J.,0,0,hc,-0.50,away,ft,1.64,5
GrANaoMO,Dzumhur D.,Faria J.,0,0,hc,1.00,home,ft,2.16,5
GrANaoMO,Dzumhur D.,Faria J.,0,0,hc,1.00,away,ft,1.678,5
GrANaoMO,Dzumhur D.,Faria J.,0,0,hc,-1.00,home,ft,2.29,3
GrANaoMO,Dzumhur D.,Faria J.,0,0,hc,-1.00,away,ft,1.53,3
GrANaoMO,Dzumhur D.,Faria J.,0,0,hc,1.50,home,ft,2.079,7
GrANaoMO,Dzumhur D.,Faria J.,0,0,hc,1.50,away,ft,1.713,7
GrANaoMO,Dzumhur D.,Faria J.,0,0,hc,-1.50,home,ft,2.286,5
GrANaoMO,Dzumhur D.,Faria J.,0,0,hc,-1.50,away,ft,1.572,5
GrANaoMO,Dzumhur D.,Faria J.,0,0,hc,2.00,home,ft,1.99,5
GrANaoMO,Dzumhur D.,Faria J.,0,0,hc,2.00,away,ft,1.796,5
GrANaoMO,Dzumhur D.,Faria J.,0,0,hc,-2.00,home,ft,2.4,3
GrANaoMO,Dzumhur D.,Faria J.,0,0,hc,-2.00,away,ft,1.48,3
GrANaoMO,Dzumhur D.,Faria J.,0,0,hc,2.50,home,ft,1.874,7
GrANaoMO,Dzumhur D.,Faria J.,0,0,hc,2.50,away,ft,1.933,7
GrANaoMO,Dzumhur D.,Faria J.,0,0,hc,-2.50,home,ft,2.15,1
GrANaoMO,Dzumhur D.,Faria J.,0,0,hc,-2.50,away,ft,1.65,1
GrANaoMO,Dzumhur D.,Faria J.,0,0,hc,3.00,home,ft,1.756,5
GrANaoMO,Dzumhur D.,Faria J.,0,0,hc,3.00,away,ft,2.046,5
GrANaoMO,Dzumhur D.,Faria J.,0,0,hc,3.50,home,ft,1.65,7
GrANaoMO,Dzumhur D.,Faria J.,0,0,hc,3.50,away,ft,2.18,7
GrANaoMO,Dzumhur D.,Faria J.,0,0,hc,-3.50,home,ft,3.67,1
GrANaoMO,Dzumhur D.,Faria J.,0,0,hc,-3.50,away,ft,1.28,1
GrANaoMO,Dzumhur D.,Faria J.,0,0,hc,4.00,home,ft,1.48,3
GrANaoMO,Dzumhur D.,Faria J.,0,0,hc,4.00,away,ft,2.5,3
GrANaoMO,Dzumhur D.,Faria J.,0,0,hc,4.50,home,ft,1.4,3
GrANaoMO,Dzumhur D.,Faria J.,0,0,hc,4.50,away,ft,2.77,3
GrANaoMO,Dzumhur D.,Faria J.,0,0,hc,5.00,home,ft,1.26,3
GrANaoMO,Dzumhur D.,Faria J.,0,0,hc,5.00,away,ft,3.54,3
GrANaoMO,Dzumhur D.,Faria J.,0,0,hc,5.50,home,ft,1.23,1
GrANaoMO,Dzumhur D.,Faria J.,0,0,hc,5.50,away,ft,4.26,1
AiIj03sI,Tabilo A.,Passaro F.,2,2,ou,2.50,over,ft,2.465,4
AiIj03sI,Tabilo A.,Passaro F.,2,2,ou,2.50,under,ft,1.545,4
AiIj03sI,Tabilo A.,Passaro F.,2,2,ou,16.50,over,ft,1.02,1
AiIj03sI,Tabilo A.,Passaro F.,2,2,ou,16.50,under,ft,9.6,1
AiIj03sI,Tabilo A.,Passaro F.,2,2,ou,17.50,over,ft,1.12,1
AiIj03sI,Tabilo A.,Passaro F.,2,2,ou,17.50,under,ft,5.05,1
AiIj03sI,Tabilo A.,Passaro F.,2,2,ou,18.50,over,ft,1.2,2
AiIj03sI,Tabilo A.,Passaro F.,2,2,ou,18.50,under,ft,4.36,2
AiIj03sI,Tabilo A.,Passaro F.,2,2,ou,19.50,over,ft,1.34,1
AiIj03sI,Tabilo A.,Passaro F.,2,2,ou,19.50,under,ft,2.94,1
AiIj03sI,Tabilo A.,Passaro F.,2,2,ou,20.00,over,ft,1.37,4
AiIj03sI,Tabilo A.,Passaro F.,2,2,ou,20.00,under,ft,2.695,4
AiIj03sI,Tabilo A.,Passaro F.,2,2,ou,20.50,over,ft,1.51,6
AiIj03sI,Tabilo A.,Passaro F.,2,2,ou,20.50,under,ft,2.392,6
AiIj03sI,Tabilo A.,Passaro F.,2,2,ou,21.00,over,ft,1.548,4
AiIj03sI,Tabilo A.,Passaro F.,2,2,ou,21.00,under,ft,2.253,4
AiIj03sI,Tabilo A.,Passaro F.,2,2,ou,21.50,over,ft,1.656,9
AiIj03sI,Tabilo A.,Passaro F.,2,2,ou,21.50,under,ft,2.143,9
AiIj03sI,Tabilo A.,Passaro F.,2,2,ou,22.00,over,ft,1.771,7
AiIj03sI,Tabilo A.,Passaro F.,2,2,ou,22.00,under,ft,2.007,7
AiIj03sI,Tabilo A.,Passaro F.,2,2,ou,22.50,over,ft,1.927,9
AiIj03sI,Tabilo A.,Passaro F.,2,2,ou,22.50,under,ft,1.827,9
AiIj03sI,Tabilo A.,Passaro F.,2,2,ou,23.00,over,ft,2.057,7
AiIj03sI,Tabilo A.,Passaro F.,2,2,ou,23.00,under,ft,1.73,7
AiIj03sI,Tabilo A.,Passaro F.,2,2,ou,23.50,over,ft,2.173,9
AiIj03sI,Tabilo A.,Passaro F.,2,2,ou,23.50,under,ft,1.644,9
AiIj03sI,Tabilo A.,Passaro F.,2,2,ou,24.00,over,ft,2.152,6
AiIj03sI,Tabilo A.,Passaro F.,2,2,ou,24.00,under,ft,1.643,6
AiIj03sI,Tabilo A.,Passaro F.,2,2,ou,24.50,over,ft,2.199,7
AiIj03sI,Tabilo A.,Passaro F.,2,2,ou,24.50,under,ft,1.59,7
AiIj03sI,Tabilo A.,Passaro F.,2,2,ou,25.00,over,ft,2.272,4
AiIj03sI,Tabilo A.,Passaro F.,2,2,ou,25.00,under,ft,1.512,4
AiIj03sI,Tabilo A.,Passaro F.,2,2,ou,25.50,over,ft,2.35,1
AiIj03sI,Tabilo A.,Passaro F.,2,2,ou,25.50,under,ft,1.51,1
AiIj03sI,Tabilo A.,Passaro F.,2,2,ou,26.50,over,ft,2.69,3
AiIj03sI,Tabilo A.,Passaro F.,2,2,ou,26.50,under,ft,1.433,3
AiIj03sI,Tabilo A.,Passaro F.,2,2,ou,27.50,over,ft,2.87,1
AiIj03sI,Tabilo A.,Passaro F.,2,2,ou,27.50,under,ft,1.35,1
AiIj03sI,Tabilo A.,Passaro F.,2,2,ou,28.50,over,ft,3.23,1
AiIj03sI,Tabilo A.,Passaro F.,2,2,ou,28.50,under,ft,1.29,1
AiIj03sI,Tabilo A.,Passaro F.,2,2,ou,29.50,over,ft,3.63,1
AiIj03sI,Tabilo A.,Passaro F.,2,2,ou,29.50,under,ft,1.22,1
AiIj03sI,Tabilo A.,Passaro F.,2,2,ou,30.50,over,ft,4.31,1
AiIj03sI,Tabilo A.,Passaro F.,2,2,ou,30.50,under,ft,1.16,1
AiIj03sI,Tabilo A.,Passaro F.,2,2,ou,31.50,over,ft,5.28,1
AiIj03sI,Tabilo A.,Passaro F.,2,2,ou,31.50,under,ft,1.11,1
AiIj03sI,Tabilo A.,Passaro F.,2,2,hc,1.50,home,ft,1.188,5
AiIj03sI,Tabilo A.,Passaro F.,2,2,hc,1.50,away,ft,4.656,5
AiIj03sI,Tabilo A.,Passaro F.,2,2,hc,-1.50,home,ft,2.206,7
AiIj03sI,Tabilo A.,Passaro F.,2,2,hc,-1.50,away,ft,1.64,7
AiIj03sI,Tabilo A.,Passaro F.,2,2,hc,0,home,ft,1.4,3
AiIj03sI,Tabilo A.,Passaro F.,2,2,hc,0,away,ft,2.64,3
AiIj03sI,Tabilo A.,Passaro F.,2,2,hc,12.00,home,ft,1.33,1
AiIj03sI,Tabilo A.,Passaro F.,2,2,hc,12.00,away,ft,2.0,1
AiIj03sI,Tabilo A.,Passaro F.,2,2,hc,12.50,home,ft,1.75,1
AiIj03sI,Tabilo A.,Passaro F.,2,2,hc,12.50,away,ft,2.27,1
AiIj03sI,Tabilo A.,Passaro F.,2,2,hc,13.00,home,ft,1.7,1
AiIj03sI,Tabilo A.,Passaro F.,2,2,hc,13.00,away,ft,1.54,1
AiIj03sI,Tabilo A.,Passaro F.,2,2,hc,-0.50,home,ft,1.46,3
AiIj03sI,Tabilo A.,Passaro F.,2,2,hc,-0.50,away,ft,2.56,3
AiIj03sI,Tabilo A.,Passaro F.,2,2,hc,1.00,home,ft,1.42,3
AiIj03sI,Tabilo A.,Passaro F.,2,2,hc,1.00,away,ft,2.59,3
AiIj03sI,Tabilo A.,Passaro F.,2,2,hc,-1.00,home,ft,1.576,5
AiIj03sI,Tabilo A.,Passaro F.,2,2,hc,-1.00,away,ft,2.316,5
AiIj03sI,Tabilo A.,Passaro F.,2,2,hc,1.50,home,ft,1.44,4
AiIj03sI,Tabilo A.,Passaro F.,2,2,hc,1.50,away,ft,2.628,4
AiIj03sI,Tabilo A.,Passaro F.,2,2,hc,-1.50,home,ft,1.589,7
AiIj03sI,Tabilo A.,Passaro F.,2,2,hc,-1.50,away,ft,2.254,7
AiIj03sI,Tabilo A.,Passaro F.,2,2,hc,-2.00,home,ft,1.624,5
AiIj03sI,Tabilo A.,Passaro F.,2,2,hc,-2.00,away,ft,2.214,5
AiIj03sI,Tabilo A.,Passaro F.,2,2,hc,-2.50,home,ft,1.707,6
AiIj03sI,Tabilo A.,Passaro F.,2,2,hc,-2.50,away,ft,2.052,6
AiIj03sI,Tabilo A.,Passaro F.,2,2,hc,-3.00,home,ft,1.876,5
AiIj03sI,Tabilo A.,Passaro F.,2,2,hc,-3.00,away,ft,1.872,5
AiIj03sI,Tabilo A.,Passaro F.,2,2,hc,-3.50,home,ft,2.087,7
AiIj03sI,Tabilo A.,Passaro F.,2,2,hc,-3.50,away,ft,1.683,7
AiIj03sI,Tabilo A.,Passaro F.,2,2,hc,-4.00,home,ft,2.474,5
AiIj03sI,Tabilo A.,Passaro F.,2,2,hc,-4.00,away,ft,1.512,5
AiIj03sI,Tabilo A.,Passaro F.,2,2,hc,-4.50,home,ft,2.572,4
AiIj03sI,Tabilo A.,Passaro F.,2,2,hc,-4.50,away,ft,1.432,4
AiIj03sI,Tabilo A.,Passaro F.,2,2,hc,-5.00,home,ft,3.35,3
AiIj03sI,Tabilo A.,Passaro F.,2,2,hc,-5.00,away,ft,1.26,3
AiIj03sI,Tabilo A.,Passaro F.,2,2,hc,-5.50,home,ft,3.99,4
AiIj03sI,Tabilo A.,Passaro F.,2,2,hc,-5.50,away,ft,1.205,4
AiIj03sI,Tabilo A.,Passaro F.,2,2,hc,-6.00,home,ft,5.56,3
AiIj03sI,Tabilo A.,Passaro F.,2,2,hc,-6.00,away,ft,1.1,3
zmRnZQBi,Cerundolo F.,Tirante T. A.,,,ou,2.50,over,ft,2.933,4
zmRnZQBi,Cerundolo F.,Tirante T. A.,,,ou,2.50,under,ft,1.41,4
zmRnZQBi,Cerundolo F.,Tirante T. A.,,,ou,15.50,over,ft,1.09,1
zmRnZQBi,Cerundolo F.,Tirante T. A.,,,ou,15.50,under,ft,5.64,1
zmRnZQBi,Cerundolo F.,Tirante T. A.,,,ou,16.50,over,ft,1.14,1
zmRnZQBi,Cerundolo F.,Tirante T. A.,,,ou,16.50,under,ft,4.71,1
zmRnZQBi,Cerundolo F.,Tirante T. A.,,,ou,17.00,over,ft,1.16,4
zmRnZQBi,Cerundolo F.,Tirante T. A.,,,ou,17.00,under,ft,4.19,4
zmRnZQBi,Cerundolo F.,Tirante T. A.,,,ou,17.50,over,ft,1.308,4
zmRnZQBi,Cerundolo F.,Tirante T. A.,,,ou,17.50,under,ft,3.067,4
zmRnZQBi,Cerundolo F.,Tirante T. A.,,,ou,18.00,over,ft,1.278,4
zmRnZQBi,Cerundolo F.,Tirante T. A.,,,ou,18.00,under,ft,3.138,4
zmRnZQBi,Cerundolo F.,Tirante T. A.,,,ou,18.50,over,ft,1.486,8
zmRnZQBi,Cerundolo F.,Tirante T. A.,,,ou,18.50,under,ft,2.471,8
zmRnZQBi,Cerundolo F.,Tirante T. A.,,,ou,19.00,over,ft,1.506,5
zmRnZQBi,Cerundolo F.,Tirante T. A.,,,ou,19.00,under,ft,2.35,5
zmRnZQBi,Cerundolo F.,Tirante T. A.,,,ou,19.50,over,ft,1.698,9
zmRnZQBi,Cerundolo F.,Tirante T. A.,,,ou,19.50,under,ft,2.114,9
zmRnZQBi,Cerundolo F.,Tirante T. A.,,,ou,20.00,over,ft,1.76,7
zmRnZQBi,Cerundolo F.,Tirante T. A.,,,ou,20.00,under,ft,2.016,7
zmRnZQBi,Cerundolo F.,Tirante T. A.,,,ou,20.50,over,ft,1.894,9
zmRnZQBi,Cerundolo F.,Tirante T. A.,,,ou,20.50,under,ft,1.852,9
zmRnZQBi,Cerundolo F.,Tirante T. A.,,,ou,21.00,over,ft,2.019,7
zmRnZQBi,Cerundolo F.,Tirante T. A.,,,ou,21.00,under,ft,1.76,7
zmRnZQBi,Cerundolo F.,Tirante T. A.,,,ou,21.50,over,ft,2.109,9
zmRnZQBi,Cerundolo F.,Tirante T. A.,,,ou,21.50,under,ft,1.668,9
zmRnZQBi,Cerundolo F.,Tirante T. A.,,,ou,22.00,over,ft,2.28,7
zmRnZQBi,Cerundolo F.,Tirante T. A.,,,ou,22.00,under,ft,1.573,7
zmRnZQBi,Cerundolo F.,Tirante T. A.,,,ou,22.50,over,ft,2.42,7
zmRnZQBi,Cerundolo F.,Tirante T. A.,,,ou,22.50,under,ft,1.496,7
zmRnZQBi,Cerundolo F.,Tirante T. A.,,,ou,23.00,over,ft,2.617,4
zmRnZQBi,Cerundolo F.,Tirante T. A.,,,ou,23.00,under,ft,1.39,4
zmRnZQBi,Cerundolo F.,Tirante T. A.,,,ou,23.50,over,ft,2.62,1
zmRnZQBi,Cerundolo F.,Tirante T. A.,,,ou,23.50,under,ft,1.42,1
zmRnZQBi,Cerundolo F.,Tirante T. A.,,,ou,24.50,over,ft,2.793,3
zmRnZQBi,Cerundolo F.,Tirante T. A.,,,ou,24.50,under,ft,1.403,3
zmRnZQBi,Cerundolo F.,Tirante T. A.,,,ou,25.50,over,ft,3.03,1
zmRnZQBi,Cerundolo F.,Tirante T. A.,,,ou,25.50,under,ft,1.32,1
zmRnZQBi,Cerundolo F.,Tirante T. A.,,,ou,26.50,over,ft,3.31,1
zmRnZQBi,Cerundolo F.,Tirante T. A.,,,ou,26.50,under,ft,1.27,1
zmRnZQBi,Cerundolo F.,Tirante T. A.,,,ou,27.50,over,ft,3.7,1
zmRnZQBi,Cerundolo F.,Tirante T. A.,,,ou,27.50,under,ft,1.22,1
zmRnZQBi,Cerundolo F.,Tirante T. A.,,,ou,28.50,over,ft,4.19,1
zmRnZQBi,Cerundolo F.,Tirante T. A.,,,ou,28.50,under,ft,1.17,1
zmRnZQBi,Cerundolo F.,Tirante T. A.,,,ou,29.50,over,ft,4.96,1
zmRnZQBi,Cerundolo F.,Tirante T. A.,,,ou,29.50,under,ft,1.12,1
zmRnZQBi,Cerundolo F.,Tirante T. A.,,,ou,30.50,over,ft,5.79,1
zmRnZQBi,Cerundolo F.,Tirante T. A.,,,ou,30.50,under,ft,1.09,1
zmRnZQBi,Cerundolo F.,Tirante T. A.,,,ou,32.50,over,ft,9.2,1
zmRnZQBi,Cerundolo F.,Tirante T. A.,,,ou,32.50,under,ft,1.02,1
zmRnZQBi,Cerundolo F.,Tirante T. A.,,,hc,1.50,home,ft,1.082,5
zmRnZQBi,Cerundolo F.,Tirante T. A.,,,hc,1.50,away,ft,7.846,5
zmRnZQBi,Cerundolo F.,Tirante T. A.,,,hc,-1.50,home,ft,1.601,7
zmRnZQBi,Cerundolo F.,Tirante T. A.,,,hc,-1.50,away,ft,2.28,7
zmRnZQBi,Cerundolo F.,Tirante T. A.,,,hc,-1.50,home,ft,1.23,1
zmRnZQBi,Cerundolo F.,Tirante T. A.,,,hc,-1.50,away,ft,4.18,1
zmRnZQBi,Cerundolo F.,Tirante T. A.,,,hc,-2.00,home,ft,1.25,3
zmRnZQBi,Cerundolo F.,Tirante T. A.,,,hc,-2.00,away,ft,3.62,3
zmRnZQBi,Cerundolo F.,Tirante T. A.,,,hc,-2.50,home,ft,1.31,3
zmRnZQBi,Cerundolo F.,Tirante T. A.,,,hc,-2.50,away,ft,3.2,3
zmRnZQBi,Cerundolo F.,Tirante T. A.,,,hc,-3.00,home,ft,1.35,3
zmRnZQBi,Cerundolo F.,Tirante T. A.,,,hc,-3.00,away,ft,2.98,3
zmRnZQBi,Cerundolo F.,Tirante T. A.,,,hc,-3.50,home,ft,1.47,7
zmRnZQBi,Cerundolo F.,Tirante T. A.,,,hc,-3.50,away,ft,2.597,7
zmRnZQBi,Cerundolo F.,Tirante T. A.,,,hc,-4.00,home,ft,1.564,5
zmRnZQBi,Cerundolo F.,Tirante T. A.,,,hc,-4.00,away,ft,2.378,5
zmRnZQBi,Cerundolo F.,Tirante T. A.,,,hc,-4.50,home,ft,1.746,7
zmRnZQBi,Cerundolo F.,Tirante T. A.,,,hc,-4.50,away,ft,2.1,7
zmRnZQBi,Cerundolo F.,Tirante T. A.,,,hc,-5.00,home,ft,2.018,5
zmRnZQBi,Cerundolo F.,Tirante T. A.,,,hc,-5.00,away,ft,1.78,5
zmRnZQBi,Cerundolo F.,Tirante T. A.,,,hc,-5.50,home,ft,2.244,7
zmRnZQBi,Cerundolo F.,Tirante T. A.,,,hc,-5.50,away,ft,1.64,7
zmRnZQBi,Cerundolo F.,Tirante T. A.,,,hc,-6.00,home,ft,2.946,5
zmRnZQBi,Cerundolo F.,Tirante T. A.,,,hc,-6.00,away,ft,1.388,5
zmRnZQBi,Cerundolo F.,Tirante T. A.,,,hc,-6.50,home,ft,3.126,5
zmRnZQBi,Cerundolo F.,Tirante T. A.,,,hc,-6.50,away,ft,1.334,5
zmRnZQBi,Cerundolo F.,Tirante T. A.,,,hc,-7.00,home,ft,5.05,3
zmRnZQBi,Cerundolo F.,Tirante T. A.,,,hc,-7.00,away,ft,1.14,3
zmRnZQBi,Cerundolo F.,Tirante T. A.,,,hc,-7.50,home,ft,5.053,4
zmRnZQBi,Cerundolo F.,Tirante T. A.,,,hc,-7.50,away,ft,1.157,4
zmRnZQBi,Cerundolo F.,Tirante T. A.,,,hc,-8.00,home,ft,7.3,3
zmRnZQBi,Cerundolo F.,Tirante T. A.,,,hc,-8.00,away,ft,1.07,3
reoLv5YN,Hanfmann Y.,Cerundolo J. M.,1,1,ou,2.50,over,ft,2.333,4
reoLv5YN,Hanfmann Y.,Cerundolo J. M.,1,1,ou,2.50,under,ft,1.603,4
reoLv5YN,Hanfmann Y.,Cerundolo J. M.,1,1,ou,16.50,over,ft,1.02,1
reoLv5YN,Hanfmann Y.,Cerundolo J. M.,1,1,ou,16.50,under,ft,8.68,1
reoLv5YN,Hanfmann Y.,Cerundolo J. M.,1,1,ou,17.50,over,ft,1.13,1
reoLv5YN,Hanfmann Y.,Cerundolo J. M.,1,1,ou,17.50,under,ft,4.78,1
reoLv5YN,Hanfmann Y.,Cerundolo J. M.,1,1,ou,18.50,over,ft,1.22,1
reoLv5YN,Hanfmann Y.,Cerundolo J. M.,1,1,ou,18.50,under,ft,3.79,1
reoLv5YN,Hanfmann Y.,Cerundolo J. M.,1,1,ou,19.00,over,ft,1.24,3
reoLv5YN,Hanfmann Y.,Cerundolo J. M.,1,1,ou,19.00,under,ft,3.42,3
reoLv5YN,Hanfmann Y.,Cerundolo J. M.,1,1,ou,19.50,over,ft,1.355,4
reoLv5YN,Hanfmann Y.,Cerundolo J. M.,1,1,ou,19.50,under,ft,2.828,4
reoLv5YN,Hanfmann Y.,Cerundolo J. M.,1,1,ou,20.00,over,ft,1.328,4
reoLv5YN,Hanfmann Y.,Cerundolo J. M.,1,1,ou,20.00,under,ft,2.873,4
reoLv5YN,Hanfmann Y.,Cerundolo J. M.,1,1,ou,20.50,over,ft,1.518,6
reoLv5YN,Hanfmann Y.,Cerundolo J. M.,1,1,ou,20.50,under,ft,2.362,6
reoLv5YN,Hanfmann Y.,Cerundolo J. M.,1,1,ou,21.00,over,ft,1.52,5
reoLv5YN,Hanfmann Y.,Cerundolo J. M.,1,1,ou,21.00,under,ft,2.324,5
reoLv5YN,Hanfmann Y.,Cerundolo J. M.,1,1,ou,21.50,over,ft,1.629,9
reoLv5YN,Hanfmann Y.,Cerundolo J. M.,1,1,ou,21.50,under,ft,2.2,9
reoLv5YN,Hanfmann Y.,Cerundolo J. M.,1,1,ou,22.00,over,ft,1.741,7
reoLv5YN,Hanfmann Y.,Cerundolo J. M.,1,1,ou,22.00,under,ft,2.043,7
reoLv5YN,Hanfmann Y.,Cerundolo J. M.,1,1,ou,22.50,over,ft,1.903,9
reoLv5YN,Hanfmann Y.,Cerundolo J. M.,1,1,ou,22.50,under,ft,1.878,9
reoLv5YN,Hanfmann Y.,Cerundolo J. M.,1,1,ou,23.00,over,ft,2.013,7
reoLv5YN,Hanfmann Y.,Cerundolo J. M.,1,1,ou,23.00,under,ft,1.764,7
reoLv5YN,Hanfmann Y.,Cerundolo J. M.,1,1,ou,23.50,over,ft,2.116,9
reoLv5YN,Hanfmann Y.,Cerundolo J. M.,1,1,ou,23.50,under,ft,1.678,9
reoLv5YN,Hanfmann Y.,Cerundolo J. M.,1,1,ou,24.00,over,ft,2.107,4
reoLv5YN,Hanfmann Y.,Cerundolo J. M.,1,1,ou,24.00,under,ft,1.627,4
reoLv5YN,Hanfmann Y.,Cerundolo J. M.,1,1,ou,24.50,over,ft,2.15,6
reoLv5YN,Hanfmann Y.,Cerundolo J. M.,1,1,ou,24.50,under,ft,1.603,6
reoLv5YN,Hanfmann Y.,Cerundolo J. M.,1,1,ou,25.00,over,ft,2.215,4
reoLv5YN,Hanfmann Y.,Cerundolo J. M.,1,1,ou,25.00,under,ft,1.538,4
reoLv5YN,Hanfmann Y.,Cerundolo J. M.,1,1,ou,25.50,over,ft,2.33,1
reoLv5YN,Hanfmann Y.,Cerundolo J. M.,1,1,ou,25.50,under,ft,1.52,1
reoLv5YN,Hanfmann Y.,Cerundolo J. M.,1,1,ou,26.50,over,ft,2.62,2
reoLv5YN,Hanfmann Y.,Cerundolo J. M.,1,1,ou,26.50,under,ft,1.425,2
reoLv5YN,Hanfmann Y.,Cerundolo J. M.,1,1,ou,27.50,over,ft,2.87,1
reoLv5YN,Hanfmann Y.,Cerundolo J. M.,1,1,ou,27.50,under,ft,1.35,1
reoLv5YN,Hanfmann Y.,Cerundolo J. M.,1,1,ou,28.50,over,ft,3.29,1
reoLv5YN,Hanfmann Y.,Cerundolo J. M.,1,1,ou,28.50,under,ft,1.28,1
reoLv5YN,Hanfmann Y.,Cerundolo J. M.,1,1,ou,29.50,over,ft,3.74,1
reoLv5YN,Hanfmann Y.,Cerundolo J. M.,1,1,ou,29.50,under,ft,1.21,1
reoLv5YN,Hanfmann Y.,Cerundolo J. M.,1,1,ou,30.50,over,ft,4.46,1
reoLv5YN,Hanfmann Y.,Cerundolo J. M.,1,1,ou,30.50,under,ft,1.15,1
reoLv5YN,Hanfmann Y.,Cerundolo J. M.,1,1,ou,31.50,over,ft,5.48,1
reoLv5YN,Hanfmann Y.,Cerundolo J. M.,1,1,ou,31.50,under,ft,1.1,1
reoLv5YN,Hanfmann Y.,Cerundolo J. M.,1,1,hc,1.50,home,ft,1.399,7
reoLv5YN,Hanfmann Y.,Cerundolo J. M.,1,1,hc,1.50,away,ft,2.877,7
reoLv5YN,Hanfmann Y.,Cerundolo J. M.,1,1,hc,-1.50,home,ft,3.096,7
reoLv5YN,Hanfmann Y.,Cerundolo J. M.,1,1,hc,-1.50,away,ft,1.353,7
reoLv5YN,Hanfmann Y.,Cerundolo J. M.,1,1,hc,0,home,ft,1.962,5
reoLv5YN,Hanfmann Y.,Cerundolo J. M.,1,1,hc,0,away,ft,1.826,5
reoLv5YN,Hanfmann Y.,Cerundolo J. M.,1,1,hc,12.00,home,ft,1.62,1
reoLv5YN,Hanfmann Y.,Cerundolo J. M.,1,1,hc,12.00,away,ft,1.61,1
reoLv5YN,Hanfmann Y.,Cerundolo J. M.,1,1,hc,12.50,home,ft,1.84,1
reoLv5YN,Hanfmann Y.,Cerundolo J. M.,1,1,hc,12.50,away,ft,1.86,1
reoLv5YN,Hanfmann Y.,Cerundolo J. M.,1,1,hc,13.00,home,ft,1.6,1
reoLv5YN,Hanfmann Y.,Cerundolo J. M.,1,1,hc,13.00,away,ft,1.58,1
reoLv5YN,Hanfmann Y.,Cerundolo J. M.,1,1,hc,0.50,home,ft,1.897,7
reoLv5YN,Hanfmann Y.,Cerundolo J. M.,1,1,hc,0.50,away,ft,1.901,7
reoLv5YN,Hanfmann Y.,Cerundolo J. M.,1,1,hc,-0.50,home,ft,1.991,7
reoLv5YN,Hanfmann Y.,Cerundolo J. M.,1,1,hc,-0.50,away,ft,1.79,7
reoLv5YN,Hanfmann Y.,Cerundolo J. M.,1,1,hc,1.00,home,ft,1.826,5
reoLv5YN,Hanfmann Y.,Cerundolo J. M.,1,1,hc,1.00,away,ft,1.956,5
reoLv5YN,Hanfmann Y.,Cerundolo J. M.,1,1,hc,-1.00,home,ft,2.108,5
reoLv5YN,Hanfmann Y.,Cerundolo J. M.,1,1,hc,-1.00,away,ft,1.708,5
reoLv5YN,Hanfmann Y.,Cerundolo J. M.,1,1,hc,1.50,home,ft,1.773,6
reoLv5YN,Hanfmann Y.,Cerundolo J. M.,1,1,hc,1.50,away,ft,2.002,6
reoLv5YN,Hanfmann Y.,Cerundolo J. M.,1,1,hc,-1.50,home,ft,2.079,7
reoLv5YN,Hanfmann Y.,Cerundolo J. M.,1,1,hc,-1.50,away,ft,1.731,7
reoLv5YN,Hanfmann Y.,Cerundolo J. M.,1,1,hc,2.00,home,ft,1.67,3
reoLv5YN,Hanfmann Y.,Cerundolo J. M.,1,1,hc,2.00,away,ft,2.1,3
reoLv5YN,Hanfmann Y.,Cerundolo J. M.,1,1,hc,-2.00,home,ft,2.38,3
reoLv5YN,Hanfmann Y.,Cerundolo J. M.,1,1,hc,-2.00,away,ft,1.53,3
reoLv5YN,Hanfmann Y.,Cerundolo J. M.,1,1,hc,2.50,home,ft,1.608,4
reoLv5YN,Hanfmann Y.,Cerundolo J. M.,1,1,hc,2.50,away,ft,2.198,4
reoLv5YN,Hanfmann Y.,Cerundolo J. M.,1,1,hc,-2.50,home,ft,2.275,6
reoLv5YN,Hanfmann Y.,Cerundolo J. M.,1,1,hc,-2.50,away,ft,1.572,6
reoLv5YN,Hanfmann Y.,Cerundolo J. M.,1,1,hc,3.00,home,ft,1.48,3
reoLv5YN,Hanfmann Y.,Cerundolo J. M.,1,1,hc,3.00,away,ft,2.5,3
reoLv5YN,Hanfmann Y.,Cerundolo J. M.,1,1,hc,-3.00,home,ft,2.62,3
reoLv5YN,Hanfmann Y.,Cerundolo J. M.,1,1,hc,-3.00,away,ft,1.41,3
reoLv5YN,Hanfmann Y.,Cerundolo J. M.,1,1,hc,3.50,home,ft,1.38,2
reoLv5YN,Hanfmann Y.,Cerundolo J. M.,1,1,hc,3.50,away,ft,2.73,2
reoLv5YN,Hanfmann Y.,Cerundolo J. M.,1,1,hc,-3.50,home,ft,2.335,6
reoLv5YN,Hanfmann Y.,Cerundolo J. M.,1,1,hc,-3.50,away,ft,1.543,6
reoLv5YN,Hanfmann Y.,Cerundolo J. M.,1,1,hc,4.00,home,ft,1.24,2
reoLv5YN,Hanfmann Y.,Cerundolo J. M.,1,1,hc,4.00,away,ft,3.49,2
reoLv5YN,Hanfmann Y.,Cerundolo J. M.,1,1,hc,-4.00,home,ft,3.09,3
reoLv5YN,Hanfmann Y.,Cerundolo J. M.,1,1,hc,-4.00,away,ft,1.3,3
reoLv5YN,Hanfmann Y.,Cerundolo J. M.,1,1,hc,-4.50,home,ft,3.003,4
reoLv5YN,Hanfmann Y.,Cerundolo J. M.,1,1,hc,-4.50,away,ft,1.365,4
reoLv5YN,Hanfmann Y.,Cerundolo J. M.,1,1,hc,-5.00,home,ft,4.5,3
reoLv5YN,Hanfmann Y.,Cerundolo J. M.,1,1,hc,-5.00,away,ft,1.17,3
reoLv5YN,Hanfmann Y.,Cerundolo J. M.,1,1,hc,-5.50,home,ft,3.48,3
reoLv5YN,Hanfmann Y.,Cerundolo J. M.,1,1,hc,-5.50,away,ft,1.27,3
reoLv5YN,Hanfmann Y.,Cerundolo J. M.,1,1,hc,-6.00,home,ft,4.9,3
reoLv5YN,Hanfmann Y.,Cerundolo J. M.,1,1,hc,-6.00,away,ft,1.15,3
jNLz4org,Burruchaga R. A.,Kopriva V.,0,0,ou,2.50,over,ft,2.28,4
jNLz4org,Burruchaga R. A.,Kopriva V.,0,0,ou,2.50,under,ft,1.627,4
jNLz4org,Burruchaga R. A.,Kopriva V.,0,0,ou,16.50,over,ft,1.03,1
jNLz4org,Burruchaga R. A.,Kopriva V.,0,0,ou,16.50,under,ft,7.49,1
jNLz4org,Burruchaga R. A.,Kopriva V.,0,0,ou,17.50,over,ft,1.15,1
jNLz4org,Burruchaga R. A.,Kopriva V.,0,0,ou,17.50,under,ft,4.51,1
jNLz4org,Burruchaga R. A.,Kopriva V.,0,0,ou,18.50,over,ft,1.24,1
jNLz4org,Burruchaga R. A.,Kopriva V.,0,0,ou,18.50,under,ft,3.53,1
jNLz4org,Burruchaga R. A.,Kopriva V.,0,0,ou,19.00,over,ft,1.24,4
jNLz4org,Burruchaga R. A.,Kopriva V.,0,0,ou,19.00,under,ft,3.33,4
jNLz4org,Burruchaga R. A.,Kopriva V.,0,0,ou,19.50,over,ft,1.373,4
jNLz4org,Burruchaga R. A.,Kopriva V.,0,0,ou,19.50,under,ft,2.755,4
jNLz4org,Burruchaga R. A.,Kopriva V.,0,0,ou,20.00,over,ft,1.39,4
jNLz4org,Burruchaga R. A.,Kopriva V.,0,0,ou,20.00,under,ft,2.623,4
jNLz4org,Burruchaga R. A.,Kopriva V.,0,0,ou,20.50,over,ft,1.518,6
jNLz4org,Burruchaga R. A.,Kopriva V.,0,0,ou,20.50,under,ft,2.325,6
jNLz4org,Burruchaga R. A.,Kopriva V.,0,0,ou,21.00,over,ft,1.621,7
jNLz4org,Burruchaga R. A.,Kopriva V.,0,0,ou,21.00,under,ft,2.206,7
jNLz4org,Burruchaga R. A.,Kopriva V.,0,0,ou,21.50,over,ft,1.696,9
jNLz4org,Burruchaga R. A.,Kopriva V.,0,0,ou,21.50,under,ft,2.092,9
jNLz4org,Burruchaga R. A.,Kopriva V.,0,0,ou,22.00,over,ft,1.843,7
jNLz4org,Burruchaga R. A.,Kopriva V.,0,0,ou,22.00,under,ft,1.926,7
jNLz4org,Burruchaga R. A.,Kopriva V.,0,0,ou,22.50,over,ft,1.947,9
jNLz4org,Burruchaga R. A.,Kopriva V.,0,0,ou,22.50,under,ft,1.837,9
jNLz4org,Burruchaga R. A.,Kopriva V.,0,0,ou,23.00,over,ft,2.096,7
jNLz4org,Burruchaga R. A.,Kopriva V.,0,0,ou,23.00,under,ft,1.703,7
jNLz4org,Burruchaga R. A.,Kopriva V.,0,0,ou,23.50,over,ft,2.154,9
jNLz4org,Burruchaga R. A.,Kopriva V.,0,0,ou,23.50,under,ft,1.644,9
jNLz4org,Burruchaga R. A.,Kopriva V.,0,0,ou,24.00,over,ft,2.25,4
jNLz4org,Burruchaga R. A.,Kopriva V.,0,0,ou,24.00,under,ft,1.548,4
jNLz4org,Burruchaga R. A.,Kopriva V.,0,0,ou,24.50,over,ft,2.23,6
jNLz4org,Burruchaga R. A.,Kopriva V.,0,0,ou,24.50,under,ft,1.563,6
jNLz4org,Burruchaga R. A.,Kopriva V.,0,0,ou,25.00,over,ft,2.383,4
jNLz4org,Burruchaga R. A.,Kopriva V.,0,0,ou,25.00,under,ft,1.47,4
jNLz4org,Burruchaga R. A.,Kopriva V.,0,0,ou,25.50,over,ft,2.4,1
jNLz4org,Burruchaga R. A.,Kopriva V.,0,0,ou,25.50,under,ft,1.49,1
jNLz4org,Burruchaga R. A.,Kopriva V.,0,0,ou,26.50,over,ft,2.67,2
jNLz4org,Burruchaga R. A.,Kopriva V.,0,0,ou,26.50,under,ft,1.41,2
jNLz4org,Burruchaga R. A.,Kopriva V.,0,0,ou,27.50,over,ft,3.02,1
jNLz4org,Burruchaga R. A.,Kopriva V.,0,0,ou,27.50,under,ft,1.32,1
jNLz4org,Burruchaga R. A.,Kopriva V.,0,0,ou,28.50,over,ft,3.3,1
jNLz4org,Burruchaga R. A.,Kopriva V.,0,0,ou,28.50,under,ft,1.27,1
jNLz4org,Burruchaga R. A.,Kopriva V.,0,0,ou,29.50,over,ft,3.88,1
jNLz4org,Burruchaga R. A.,Kopriva V.,0,0,ou,29.50,under,ft,1.2,1
jNLz4org,Burruchaga R. A.,Kopriva V.,0,0,ou,30.50,over,ft,4.7,1
jNLz4org,Burruchaga R. A.,Kopriva V.,0,0,ou,30.50,under,ft,1.14,1
jNLz4org,Burruchaga R. A.,Kopriva V.,0,0,ou,31.50,over,ft,5.78,1
jNLz4org,Burruchaga R. A.,Kopriva V.,0,0,ou,31.50,under,ft,1.09,1
jNLz4org,Burruchaga R. A.,Kopriva V.,0,0,hc,1.50,home,ft,1.282,5
jNLz4org,Burruchaga R. A.,Kopriva V.,0,0,hc,1.50,away,ft,3.644,5
jNLz4org,Burruchaga R. A.,Kopriva V.,0,0,hc,-1.50,home,ft,2.564,7
jNLz4org,Burruchaga R. A.,Kopriva V.,0,0,hc,-1.50,away,ft,1.486,7
jNLz4org,Burruchaga R. A.,Kopriva V.,0,0,hc,0,home,ft,1.61,3
jNLz4org,Burruchaga R. A.,Kopriva V.,0,0,hc,0,away,ft,2.11,3
jNLz4org,Burruchaga R. A.,Kopriva V.,0,0,hc,12.00,home,ft,1.5,1
jNLz4org,Burruchaga R. A.,Kopriva V.,0,0,hc,12.00,away,ft,1.91,1
jNLz4org,Burruchaga R. A.,Kopriva V.,0,0,hc,12.50,home,ft,1.86,1
jNLz4org,Burruchaga R. A.,Kopriva V.,0,0,hc,12.50,away,ft,1.65,1
jNLz4org,Burruchaga R. A.,Kopriva V.,0,0,hc,0.50,home,ft,1.61,4
jNLz4org,Burruchaga R. A.,Kopriva V.,0,0,hc,0.50,away,ft,2.145,4
jNLz4org,Burruchaga R. A.,Kopriva V.,0,0,hc,-0.50,home,ft,1.716,7
jNLz4org,Burruchaga R. A.,Kopriva V.,0,0,hc,-0.50,away,ft,2.04,7
jNLz4org,Burruchaga R. A.,Kopriva V.,0,0,hc,1.00,home,ft,1.53,3
jNLz4org,Burruchaga R. A.,Kopriva V.,0,0,hc,1.00,away,ft,2.28,3
jNLz4org,Burruchaga R. A.,Kopriva V.,0,0,hc,-1.00,home,ft,1.736,5
jNLz4org,Burruchaga R. A.,Kopriva V.,0,0,hc,-1.00,away,ft,2.026,5
jNLz4org,Burruchaga R. A.,Kopriva V.,0,0,hc,1.50,home,ft,1.45,3
jNLz4org,Burruchaga R. A.,Kopriva V.,0,0,hc,1.50,away,ft,2.49,3
jNLz4org,Burruchaga R. A.,Kopriva V.,0,0,hc,-1.50,home,ft,1.801,7
jNLz4org,Burruchaga R. A.,Kopriva V.,0,0,hc,-1.50,away,ft,2.004,7
jNLz4org,Burruchaga R. A.,Kopriva V.,0,0,hc,2.00,home,ft,1.44,3
jNLz4org,Burruchaga R. A.,Kopriva V.,0,0,hc,2.00,away,ft,2.5,3
jNLz4org,Burruchaga R. A.,Kopriva V.,0,0,hc,-2.00,home,ft,1.88,5
jNLz4org,Burruchaga R. A.,Kopriva V.,0,0,hc,-2.00,away,ft,1.868,5
jNLz4org,Burruchaga R. A.,Kopriva V.,0,0,hc,2.50,home,ft,1.45,3
jNLz4org,Burruchaga R. A.,Kopriva V.,0,0,hc,2.50,away,ft,2.49,3
jNLz4org,Burruchaga R. A.,Kopriva V.,0,0,hc,-2.50,home,ft,2.023,7
jNLz4org,Burruchaga R. A.,Kopriva V.,0,0,hc,-2.50,away,ft,1.749,7
jNLz4org,Burruchaga R. A.,Kopriva V.,0,0,hc,-3.00,home,ft,2.154,5
jNLz4org,Burruchaga R. A.,Kopriva V.,0,0,hc,-3.00,away,ft,1.654,5
jNLz4org,Burruchaga R. A.,Kopriva V.,0,0,hc,-3.50,home,ft,2.317,7
jNLz4org,Burruchaga R. A.,Kopriva V.,0,0,hc,-3.50,away,ft,1.566,7
jNLz4org,Burruchaga R. A.,Kopriva V.,0,0,hc,-4.00,home,ft,2.81,3
jNLz4org,Burruchaga R. A.,Kopriva V.,0,0,hc,-4.00,away,ft,1.36,3
jNLz4org,Burruchaga R. A.,Kopriva V.,0,0,hc,-4.50,home,ft,2.99,3
jNLz4org,Burruchaga R. A.,Kopriva V.,0,0,hc,-4.50,away,ft,1.32,3
jNLz4org,Burruchaga R. A.,Kopriva V.,0,0,hc,-5.00,home,ft,3.98,3
jNLz4org,Burruchaga R. A.,Kopriva V.,0,0,hc,-5.00,away,ft,1.19,3
l2Tk5DIF,Miguel L. A.,Gaubas V.,1,1,ou,2.50,over,ft,3.768,4
l2Tk5DIF,Miguel L. A.,Gaubas V.,1,1,ou,2.50,under,ft,1.278,4
l2Tk5DIF,Miguel L. A.,Gaubas V.,1,1,ou,15.50,over,ft,1.11,2
l2Tk5DIF,Miguel L. A.,Gaubas V.,1,1,ou,15.50,under,ft,5.67,2
l2Tk5DIF,Miguel L. A.,Gaubas V.,1,1,ou,16.00,over,ft,1.13,1
l2Tk5DIF,Miguel L. A.,Gaubas V.,1,1,ou,16.00,under,ft,5.48,1
l2Tk5DIF,Miguel L. A.,Gaubas V.,1,1,ou,16.50,over,ft,1.214,5
l2Tk5DIF,Miguel L. A.,Gaubas V.,1,1,ou,16.50,under,ft,3.886,5
l2Tk5DIF,Miguel L. A.,Gaubas V.,1,1,ou,17.00,over,ft,1.252,5
l2Tk5DIF,Miguel L. A.,Gaubas V.,1,1,ou,17.00,under,ft,3.382,5
l2Tk5DIF,Miguel L. A.,Gaubas V.,1,1,ou,17.50,over,ft,1.444,5
l2Tk5DIF,Miguel L. A.,Gaubas V.,1,1,ou,17.50,under,ft,2.578,5
l2Tk5DIF,Miguel L. A.,Gaubas V.,1,1,ou,18.00,over,ft,1.511,7
l2Tk5DIF,Miguel L. A.,Gaubas V.,1,1,ou,18.00,under,ft,2.444,7
l2Tk5DIF,Miguel L. A.,Gaubas V.,1,1,ou,18.50,over,ft,1.679,9
l2Tk5DIF,Miguel L. A.,Gaubas V.,1,1,ou,18.50,under,ft,2.091,9
l2Tk5DIF,Miguel L. A.,Gaubas V.,1,1,ou,19.00,over,ft,1.826,7
l2Tk5DIF,Miguel L. A.,Gaubas V.,1,1,ou,19.00,under,ft,1.934,7
l2Tk5DIF,Miguel L. A.,Gaubas V.,1,1,ou,19.50,over,ft,2.043,9
l2Tk5DIF,Miguel L. A.,Gaubas V.,1,1,ou,19.50,under,ft,1.763,9
l2Tk5DIF,Miguel L. A.,Gaubas V.,1,1,ou,20.00,over,ft,2.167,7
l2Tk5DIF,Miguel L. A.,Gaubas V.,1,1,ou,20.00,under,ft,1.654,7
l2Tk5DIF,Miguel L. A.,Gaubas V.,1,1,ou,20.50,over,ft,2.286,9
l2Tk5DIF,Miguel L. A.,Gaubas V.,1,1,ou,20.50,under,ft,1.569,9
l2Tk5DIF,Miguel L. A.,Gaubas V.,1,1,ou,21.00,over,ft,2.46,5
l2Tk5DIF,Miguel L. A.,Gaubas V.,1,1,ou,21.00,under,ft,1.476,5
l2Tk5DIF,Miguel L. A.,Gaubas V.,1,1,ou,21.50,over,ft,2.578,5
l2Tk5DIF,Miguel L. A.,Gaubas V.,1,1,ou,21.50,under,ft,1.434,5
l2Tk5DIF,Miguel L. A.,Gaubas V.,1,1,ou,22.00,over,ft,2.846,5
l2Tk5DIF,Miguel L. A.,Gaubas V.,1,1,ou,22.00,under,ft,1.348,5
l2Tk5DIF,Miguel L. A.,Gaubas V.,1,1,ou,22.50,over,ft,2.885,6
l2Tk5DIF,Miguel L. A.,Gaubas V.,1,1,ou,22.50,under,ft,1.355,6
l2Tk5DIF,Miguel L. A.,Gaubas V.,1,1,ou,23.00,over,ft,3.115,2
l2Tk5DIF,Miguel L. A.,Gaubas V.,1,1,ou,23.00,under,ft,1.3,2
l2Tk5DIF,Miguel L. A.,Gaubas V.,1,1,ou,23.50,over,ft,3.188,5
l2Tk5DIF,Miguel L. A.,Gaubas V.,1,1,ou,23.50,under,ft,1.3,5
l2Tk5DIF,Miguel L. A.,Gaubas V.,1,1,ou,24.50,over,ft,3.38,6
l2Tk5DIF,Miguel L. A.,Gaubas V.,1,1,ou,24.50,under,ft,1.268,6
l2Tk5DIF,Miguel L. A.,Gaubas V.,1,1,ou,25.50,over,ft,3.4,1
l2Tk5DIF,Miguel L. A.,Gaubas V.,1,1,ou,25.50,under,ft,1.25,1
l2Tk5DIF,Miguel L. A.,Gaubas V.,1,1,ou,26.50,over,ft,3.74,1
l2Tk5DIF,Miguel L. A.,Gaubas V.,1,1,ou,26.50,under,ft,1.21,1
l2Tk5DIF,Miguel L. A.,Gaubas V.,1,1,ou,27.50,over,ft,4.17,1
l2Tk5DIF,Miguel L. A.,Gaubas V.,1,1,ou,27.50,under,ft,1.18,1
l2Tk5DIF,Miguel L. A.,Gaubas V.,1,1,ou,28.50,over,ft,4.7,1
l2Tk5DIF,Miguel L. A.,Gaubas V.,1,1,ou,28.50,under,ft,1.14,1
l2Tk5DIF,Miguel L. A.,Gaubas V.,1,1,ou,29.50,over,ft,5.39,1
l2Tk5DIF,Miguel L. A.,Gaubas V.,1,1,ou,29.50,under,ft,1.1,1
l2Tk5DIF,Miguel L. A.,Gaubas V.,1,1,hc,1.50,home,ft,3.004,7
l2Tk5DIF,Miguel L. A.,Gaubas V.,1,1,hc,1.50,away,ft,1.37,7
l2Tk5DIF,Miguel L. A.,Gaubas V.,1,1,hc,-1.50,home,ft,11.188,5
l2Tk5DIF,Miguel L. A.,Gaubas V.,1,1,hc,-1.50,away,ft,1.034,5
l2Tk5DIF,Miguel L. A.,Gaubas V.,1,1,hc,3.00,home,ft,4.5,3
l2Tk5DIF,Miguel L. A.,Gaubas V.,1,1,hc,3.00,away,ft,1.17,3
l2Tk5DIF,Miguel L. A.,Gaubas V.,1,1,hc,3.50,home,ft,3.627,4
l2Tk5DIF,Miguel L. A.,Gaubas V.,1,1,hc,3.50,away,ft,1.25,4
l2Tk5DIF,Miguel L. A.,Gaubas V.,1,1,hc,4.00,home,ft,3.32,3
l2Tk5DIF,Miguel L. A.,Gaubas V.,1,1,hc,4.00,away,ft,1.29,3
l2Tk5DIF,Miguel L. A.,Gaubas V.,1,1,hc,4.50,home,ft,2.763,7
l2Tk5DIF,Miguel L. A.,Gaubas V.,1,1,hc,4.50,away,ft,1.419,7
l2Tk5DIF,Miguel L. A.,Gaubas V.,1,1,hc,5.00,home,ft,2.346,5
l2Tk5DIF,Miguel L. A.,Gaubas V.,1,1,hc,5.00,away,ft,1.572,5
l2Tk5DIF,Miguel L. A.,Gaubas V.,1,1,hc,5.50,home,ft,2.04,6
l2Tk5DIF,Miguel L. A.,Gaubas V.,1,1,hc,5.50,away,ft,1.775,6
l2Tk5DIF,Miguel L. A.,Gaubas V.,1,1,hc,6.00,home,ft,1.7,5
l2Tk5DIF,Miguel L. A.,Gaubas V.,1,1,hc,6.00,away,ft,2.116,5
l2Tk5DIF,Miguel L. A.,Gaubas V.,1,1,hc,6.50,home,ft,1.574,7
l2Tk5DIF,Miguel L. A.,Gaubas V.,1,1,hc,6.50,away,ft,2.34,7
l2Tk5DIF,Miguel L. A.,Gaubas V.,1,1,hc,7.00,home,ft,1.312,4
l2Tk5DIF,Miguel L. A.,Gaubas V.,1,1,hc,7.00,away,ft,3.28,4
l2Tk5DIF,Miguel L. A.,Gaubas V.,1,1,hc,7.50,home,ft,1.252,4
l2Tk5DIF,Miguel L. A.,Gaubas V.,1,1,hc,7.50,away,ft,3.758,4
l2Tk5DIF,Miguel L. A.,Gaubas V.,1,1,hc,8.00,home,ft,1.1,3
l2Tk5DIF,Miguel L. A.,Gaubas V.,1,1,hc,8.00,away,ft,5.9,3
l2Tk5DIF,Miguel L. A.,Gaubas V.,1,1,hc,8.50,home,ft,1.16,1
l2Tk5DIF,Miguel L. A.,Gaubas V.,1,1,hc,8.50,away,ft,4.5,1
KAFwr6ho,Faria J.,Baez S.,2,2,ou,2.50,over,ft,2.98,4
KAFwr6ho,Faria J.,Baez S.,2,2,ou,2.50,under,ft,1.39,4
KAFwr6ho,Faria J.,Baez S.,2,2,ou,15.50,over,ft,1.06,1
KAFwr6ho,Faria J.,Baez S.,2,2,ou,15.50,under,ft,5.02,1
KAFwr6ho,Faria J.,Baez S.,2,2,ou,16.50,over,ft,1.15,2
KAFwr6ho,Faria J.,Baez S.,2,2,ou,16.50,under,ft,4.78,2
KAFwr6ho,Faria J.,Baez S.,2,2,ou,17.00,over,ft,1.147,4
KAFwr6ho,Faria J.,Baez S.,2,2,ou,17.00,under,ft,4.487,4
KAFwr6ho,Faria J.,Baez S.,2,2,ou,17.50,over,ft,1.282,5
KAFwr6ho,Faria J.,Baez S.,2,2,ou,17.50,under,ft,3.258,5
KAFwr6ho,Faria J.,Baez S.,2,2,ou,18.00,over,ft,1.272,5
KAFwr6ho,Faria J.,Baez S.,2,2,ou,18.00,under,ft,3.252,5
KAFwr6ho,Faria J.,Baez S.,2,2,ou,18.50,over,ft,1.443,6
KAFwr6ho,Faria J.,Baez S.,2,2,ou,18.50,under,ft,2.548,6
KAFwr6ho,Faria J.,Baez S.,2,2,ou,19.00,over,ft,1.499,7
KAFwr6ho,Faria J.,Baez S.,2,2,ou,19.00,under,ft,2.429,7
KAFwr6ho,Faria J.,Baez S.,2,2,ou,19.50,over,ft,1.642,9
KAFwr6ho,Faria J.,Baez S.,2,2,ou,19.50,under,ft,2.168,9
KAFwr6ho,Faria J.,Baez S.,2,2,ou,20.00,over,ft,1.766,8
KAFwr6ho,Faria J.,Baez S.,2,2,ou,20.00,under,ft,2.001,8
KAFwr6ho,Faria J.,Baez S.,2,2,ou,20.50,over,ft,1.917,9
KAFwr6ho,Faria J.,Baez S.,2,2,ou,20.50,under,ft,1.849,9
KAFwr6ho,Faria J.,Baez S.,2,2,ou,21.00,over,ft,2.04,8
KAFwr6ho,Faria J.,Baez S.,2,2,ou,21.00,under,ft,1.736,8
KAFwr6ho,Faria J.,Baez S.,2,2,ou,21.50,over,ft,2.123,9
KAFwr6ho,Faria J.,Baez S.,2,2,ou,21.50,under,ft,1.666,9
KAFwr6ho,Faria J.,Baez S.,2,2,ou,22.00,over,ft,2.261,8
KAFwr6ho,Faria J.,Baez S.,2,2,ou,22.00,under,ft,1.583,8
KAFwr6ho,Faria J.,Baez S.,2,2,ou,22.50,over,ft,2.428,6
KAFwr6ho,Faria J.,Baez S.,2,2,ou,22.50,under,ft,1.475,6
KAFwr6ho,Faria J.,Baez S.,2,2,ou,23.00,over,ft,2.644,5
KAFwr6ho,Faria J.,Baez S.,2,2,ou,23.00,under,ft,1.396,5
KAFwr6ho,Faria J.,Baez S.,2,2,ou,23.50,over,ft,2.665,2
KAFwr6ho,Faria J.,Baez S.,2,2,ou,23.50,under,ft,1.415,2
KAFwr6ho,Faria J.,Baez S.,2,2,ou,24.00,over,ft,2.8,1
KAFwr6ho,Faria J.,Baez S.,2,2,ou,24.00,under,ft,1.4,1
KAFwr6ho,Faria J.,Baez S.,2,2,ou,24.50,over,ft,2.8,3
KAFwr6ho,Faria J.,Baez S.,2,2,ou,24.50,under,ft,1.38,3
KAFwr6ho,Faria J.,Baez S.,2,2,ou,25.50,over,ft,2.99,1
KAFwr6ho,Faria J.,Baez S.,2,2,ou,25.50,under,ft,1.33,1
KAFwr6ho,Faria J.,Baez S.,2,2,ou,26.50,over,ft,3.37,1
KAFwr6ho,Faria J.,Baez S.,2,2,ou,26.50,under,ft,1.26,1
KAFwr6ho,Faria J.,Baez S.,2,2,ou,27.50,over,ft,3.68,1
KAFwr6ho,Faria J.,Baez S.,2,2,ou,27.50,under,ft,1.22,1
KAFwr6ho,Faria J.,Baez S.,2,2,ou,28.50,over,ft,4.26,1
KAFwr6ho,Faria J.,Baez S.,2,2,ou,28.50,under,ft,1.17,1
KAFwr6ho,Faria J.,Baez S.,2,2,ou,29.50,over,ft,4.98,1
KAFwr6ho,Faria J.,Baez S.,2,2,ou,29.50,under,ft,1.12,1
KAFwr6ho,Faria J.,Baez S.,2,2,ou,30.50,over,ft,5.95,1
KAFwr6ho,Faria J.,Baez S.,2,2,ou,30.50,under,ft,1.08,1
KAFwr6ho,Faria J.,Baez S.,2,2,hc,1.50,home,ft,2.261,7
KAFwr6ho,Faria J.,Baez S.,2,2,hc,1.50,away,ft,1.621,7
KAFwr6ho,Faria J.,Baez S.,2,2,hc,-1.50,home,ft,7.66,6
KAFwr6ho,Faria J.,Baez S.,2,2,hc,-1.50,away,ft,1.087,6
KAFwr6ho,Faria J.,Baez S.,2,2,hc,1.50,home,ft,3.85,1
KAFwr6ho,Faria J.,Baez S.,2,2,hc,1.50,away,ft,1.23,1
KAFwr6ho,Faria J.,Baez S.,2,2,hc,2.00,home,ft,3.535,4
KAFwr6ho,Faria J.,Baez S.,2,2,hc,2.00,away,ft,1.265,4
KAFwr6ho,Faria J.,Baez S.,2,2,hc,2.50,home,ft,3.18,4
KAFwr6ho,Faria J.,Baez S.,2,2,hc,2.50,away,ft,1.315,4
KAFwr6ho,Faria J.,Baez S.,2,2,hc,3.00,home,ft,2.868,6
KAFwr6ho,Faria J.,Baez S.,2,2,hc,3.00,away,ft,1.403,6
KAFwr6ho,Faria J.,Baez S.,2,2,hc,3.50,home,ft,2.589,7
KAFwr6ho,Faria J.,Baez S.,2,2,hc,3.50,away,ft,1.474,7
KAFwr6ho,Faria J.,Baez S.,2,2,hc,4.00,home,ft,2.323,6
KAFwr6ho,Faria J.,Baez S.,2,2,hc,4.00,away,ft,1.58,6
KAFwr6ho,Faria J.,Baez S.,2,2,hc,4.50,home,ft,1.987,6
KAFwr6ho,Faria J.,Baez S.,2,2,hc,4.50,away,ft,1.858,6
KAFwr6ho,Faria J.,Baez S.,2,2,hc,5.00,home,ft,1.738,6
KAFwr6ho,Faria J.,Baez S.,2,2,hc,5.00,away,ft,2.057,6
KAFwr6ho,Faria J.,Baez S.,2,2,hc,5.50,home,ft,1.57,7
KAFwr6ho,Faria J.,Baez S.,2,2,hc,5.50,away,ft,2.344,7
KAFwr6ho,Faria J.,Baez S.,2,2,hc,6.00,home,ft,1.348,4
KAFwr6ho,Faria J.,Baez S.,2,2,hc,6.00,away,ft,3.025,4
KAFwr6ho,Faria J.,Baez S.,2,2,hc,6.50,home,ft,1.282,4
KAFwr6ho,Faria J.,Baez S.,2,2,hc,6.50,away,ft,3.41,4
KAFwr6ho,Faria J.,Baez S.,2,2,hc,7.00,home,ft,1.135,4
KAFwr6ho,Faria J.,Baez S.,2,2,hc,7.00,away,ft,5.213,4
KAFwr6ho,Faria J.,Baez S.,2,2,hc,7.50,home,ft,1.157,4
KAFwr6ho,Faria J.,Baez S.,2,2,hc,7.50,away,ft,4.738,4
KAFwr6ho,Faria J.,Baez S.,2,2,hc,8.00,home,ft,1.06,3
KAFwr6ho,Faria J.,Baez S.,2,2,hc,8.00,away,ft,7.5,3
t48dmfS6,Dzumhur D.,Martinez P.,2,2,ou,2.50,over,ft,2.357,4
t48dmfS6,Dzumhur D.,Martinez P.,2,2,ou,2.50,under,ft,1.585,4
t48dmfS6,Dzumhur D.,Martinez P.,2,2,ou,16.50,over,ft,1.05,1
t48dmfS6,Dzumhur D.,Martinez P.,2,2,ou,16.50,under,ft,6.69,1
t48dmfS6,Dzumhur D.,Martinez P.,2,2,ou,17.50,over,ft,1.16,1
t48dmfS6,Dzumhur D.,Martinez P.,2,2,ou,17.50,under,ft,4.47,1
t48dmfS6,Dzumhur D.,Martinez P.,2,2,ou,18.50,over,ft,1.255,4
t48dmfS6,Dzumhur D.,Martinez P.,2,2,ou,18.50,under,ft,3.413,4
t48dmfS6,Dzumhur D.,Martinez P.,2,2,ou,19.00,over,ft,1.308,4
t48dmfS6,Dzumhur D.,Martinez P.,2,2,ou,19.00,under,ft,2.975,4
t48dmfS6,Dzumhur D.,Martinez P.,2,2,ou,19.50,over,ft,1.42,4
t48dmfS6,Dzumhur D.,Martinez P.,2,2,ou,19.50,under,ft,2.58,4
t48dmfS6,Dzumhur D.,Martinez P.,2,2,ou,20.00,over,ft,1.485,4
t48dmfS6,Dzumhur D.,Martinez P.,2,2,ou,20.00,under,ft,2.4,4
t48dmfS6,Dzumhur D.,Martinez P.,2,2,ou,20.50,over,ft,1.63,8
t48dmfS6,Dzumhur D.,Martinez P.,2,2,ou,20.50,under,ft,2.185,8
t48dmfS6,Dzumhur D.,Martinez P.,2,2,ou,21.00,over,ft,1.693,7
t48dmfS6,Dzumhur D.,Martinez P.,2,2,ou,21.00,under,ft,2.104,7
t48dmfS6,Dzumhur D.,Martinez P.,2,2,ou,21.50,over,ft,1.808,8
t48dmfS6,Dzumhur D.,Martinez P.,2,2,ou,21.50,under,ft,1.966,8
t48dmfS6,Dzumhur D.,Martinez P.,2,2,ou,22.00,over,ft,1.904,7
t48dmfS6,Dzumhur D.,Martinez P.,2,2,ou,22.00,under,ft,1.847,7
t48dmfS6,Dzumhur D.,Martinez P.,2,2,ou,22.50,over,ft,2.022,8
t48dmfS6,Dzumhur D.,Martinez P.,2,2,ou,22.50,under,ft,1.732,8
t48dmfS6,Dzumhur D.,Martinez P.,2,2,ou,23.00,over,ft,2.137,7
t48dmfS6,Dzumhur D.,Martinez P.,2,2,ou,23.00,under,ft,1.654,7
t48dmfS6,Dzumhur D.,Martinez P.,2,2,ou,23.50,over,ft,2.17,6
t48dmfS6,Dzumhur D.,Martinez P.,2,2,ou,23.50,under,ft,1.595,6
t48dmfS6,Dzumhur D.,Martinez P.,2,2,ou,24.00,over,ft,2.232,4
t48dmfS6,Dzumhur D.,Martinez P.,2,2,ou,24.00,under,ft,1.532,4
t48dmfS6,Dzumhur D.,Martinez P.,2,2,ou,24.50,over,ft,2.218,4
t48dmfS6,Dzumhur D.,Martinez P.,2,2,ou,24.50,under,ft,1.56,4
t48dmfS6,Dzumhur D.,Martinez P.,2,2,ou,25.00,over,ft,2.348,4
t48dmfS6,Dzumhur D.,Martinez P.,2,2,ou,25.00,under,ft,1.482,4
t48dmfS6,Dzumhur D.,Martinez P.,2,2,ou,25.50,over,ft,2.748,4
t48dmfS6,Dzumhur D.,Martinez P.,2,2,ou,25.50,under,ft,1.38,4
t48dmfS6,Dzumhur D.,Martinez P.,2,2,ou,26.00,over,ft,2.67,1
t48dmfS6,Dzumhur D.,Martinez P.,2,2,ou,26.00,under,ft,1.39,1
t48dmfS6,Dzumhur D.,Martinez P.,2,2,ou,26.50,over,ft,3.19,4
t48dmfS6,Dzumhur D.,Martinez P.,2,2,ou,26.50,under,ft,1.29,4
t48dmfS6,Dzumhur D.,Martinez P.,2,2,ou,27.50,over,ft,3.08,1
t48dmfS6,Dzumhur D.,Martinez P.,2,2,ou,27.50,under,ft,1.31,1
t48dmfS6,Dzumhur D.,Martinez P.,2,2,ou,28.50,over,ft,3.3,1
t48dmfS6,Dzumhur D.,Martinez P.,2,2,ou,28.50,under,ft,1.27,1
t48dmfS6,Dzumhur D.,Martinez P.,2,2,ou,29.50,over,ft,3.86,1
t48dmfS6,Dzumhur D.,Martinez P.,2,2,ou,29.50,under,ft,1.2,1
t48dmfS6,Dzumhur D.,Martinez P.,2,2,ou,30.50,over,ft,4.62,1
t48dmfS6,Dzumhur D.,Martinez P.,2,2,ou,30.50,under,ft,1.14,1
t48dmfS6,Dzumhur D.,Martinez P.,2,2,ou,31.50,over,ft,5.68,1
t48dmfS6,Dzumhur D.,Martinez P.,2,2,ou,31.50,under,ft,1.09,1
t48dmfS6,Dzumhur D.,Martinez P.,2,2,hc,1.50,home,ft,1.493,6
t48dmfS6,Dzumhur D.,Martinez P.,2,2,hc,1.50,away,ft,2.517,6
t48dmfS6,Dzumhur D.,Martinez P.,2,2,hc,-1.50,home,ft,3.712,5
t48dmfS6,Dzumhur D.,Martinez P.,2,2,hc,-1.50,away,ft,1.266,5
t48dmfS6,Dzumhur D.,Martinez P.,2,2,hc,0,home,ft,2.16,3
t48dmfS6,Dzumhur D.,Martinez P.,2,2,hc,0,away,ft,1.59,3
t48dmfS6,Dzumhur D.,Martinez P.,2,2,hc,12.00,home,ft,2.0,1
t48dmfS6,Dzumhur D.,Martinez P.,2,2,hc,12.00,away,ft,1.49,1
t48dmfS6,Dzumhur D.,Martinez P.,2,2,hc,12.50,home,ft,1.59,1
t48dmfS6,Dzumhur D.,Martinez P.,2,2,hc,12.50,away,ft,1.83,1
t48dmfS6,Dzumhur D.,Martinez P.,2,2,hc,0.50,home,ft,2.08,5
t48dmfS6,Dzumhur D.,Martinez P.,2,2,hc,0.50,away,ft,1.688,5
t48dmfS6,Dzumhur D.,Martinez P.,2,2,hc,-0.50,home,ft,2.17,4
t48dmfS6,Dzumhur D.,Martinez P.,2,2,hc,-0.50,away,ft,1.635,4
t48dmfS6,Dzumhur D.,Martinez P.,2,2,hc,1.00,home,ft,2.022,5
t48dmfS6,Dzumhur D.,Martinez P.,2,2,hc,1.00,away,ft,1.736,5
t48dmfS6,Dzumhur D.,Martinez P.,2,2,hc,-1.00,home,ft,2.35,3
t48dmfS6,Dzumhur D.,Martinez P.,2,2,hc,-1.00,away,ft,1.5,3
t48dmfS6,Dzumhur D.,Martinez P.,2,2,hc,1.50,home,ft,1.985,6
t48dmfS6,Dzumhur D.,Martinez P.,2,2,hc,1.50,away,ft,1.76,6
t48dmfS6,Dzumhur D.,Martinez P.,2,2,hc,-1.50,home,ft,2.18,3
t48dmfS6,Dzumhur D.,Martinez P.,2,2,hc,-1.50,away,ft,1.62,3
t48dmfS6,Dzumhur D.,Martinez P.,2,2,hc,2.00,home,ft,1.884,5
t48dmfS6,Dzumhur D.,Martinez P.,2,2,hc,2.00,away,ft,1.852,5
t48dmfS6,Dzumhur D.,Martinez P.,2,2,hc,-2.00,home,ft,2.3,3
t48dmfS6,Dzumhur D.,Martinez P.,2,2,hc,-2.00,away,ft,1.56,3
t48dmfS6,Dzumhur D.,Martinez P.,2,2,hc,2.50,home,ft,1.796,5
t48dmfS6,Dzumhur D.,Martinez P.,2,2,hc,2.50,away,ft,1.936,5
t48dmfS6,Dzumhur D.,Martinez P.,2,2,hc,-2.50,home,ft,2.28,2
t48dmfS6,Dzumhur D.,Martinez P.,2,2,hc,-2.50,away,ft,1.57,2
t48dmfS6,Dzumhur D.,Martinez P.,2,2,hc,3.00,home,ft,1.694,5
t48dmfS6,Dzumhur D.,Martinez P.,2,2,hc,3.00,away,ft,2.074,5
t48dmfS6,Dzumhur D.,Martinez P.,2,2,hc,-3.00,home,ft,2.56,2
t48dmfS6,Dzumhur D.,Martinez P.,2,2,hc,-3.00,away,ft,1.46,2
t48dmfS6,Dzumhur D.,Martinez P.,2,2,hc,3.50,home,ft,1.617,6
t48dmfS6,Dzumhur D.,Martinez P.,2,2,hc,3.50,away,ft,2.193,6
t48dmfS6,Dzumhur D.,Martinez P.,2,2,hc,4.00,home,ft,1.504,5
t48dmfS6,Dzumhur D.,Martinez P.,2,2,hc,4.00,away,ft,2.478,5
t48dmfS6,Dzumhur D.,Martinez P.,2,2,hc,4.50,home,ft,1.37,3
t48dmfS6,Dzumhur D.,Martinez P.,2,2,hc,4.50,away,ft,2.77,3
t48dmfS6,Dzumhur D.,Martinez P.,2,2,hc,5.00,home,ft,1.25,3
t48dmfS6,Dzumhur D.,Martinez P.,2,2,hc,5.00,away,ft,3.42,3
lrwdqWed,Fonseca J.,Monteiro T.,2,2,ou,2.50,over,ft,2.603,4
lrwdqWed,Fonseca J.,Monteiro T.,2,2,ou,2.50,under,ft,1.495,4
lrwdqWed,Fonseca J.,Monteiro T.,2,2,ou,16.50,over,ft,1.09,1
lrwdqWed,Fonseca J.,Monteiro T.,2,2,ou,16.50,under,ft,6.04,1
lrwdqWed,Fonseca J.,Monteiro T.,2,2,ou,17.50,over,ft,1.16,1
lrwdqWed,Fonseca J.,Monteiro T.,2,2,ou,17.50,under,ft,4.48,1
lrwdqWed,Fonseca J.,Monteiro T.,2,2,ou,18.50,over,ft,1.27,1
lrwdqWed,Fonseca J.,Monteiro T.,2,2,ou,18.50,under,ft,3.31,1
lrwdqWed,Fonseca J.,Monteiro T.,2,2,ou,19.00,over,ft,1.265,4
lrwdqWed,Fonseca J.,Monteiro T.,2,2,ou,19.00,under,ft,3.21,4
lrwdqWed,Fonseca J.,Monteiro T.,2,2,ou,19.50,over,ft,1.402,4
lrwdqWed,Fonseca J.,Monteiro T.,2,2,ou,19.50,under,ft,2.64,4
lrwdqWed,Fonseca J.,Monteiro T.,2,2,ou,20.00,over,ft,1.46,4
lrwdqWed,Fonseca J.,Monteiro T.,2,2,ou,20.00,under,ft,2.468,4
lrwdqWed,Fonseca J.,Monteiro T.,2,2,ou,20.50,over,ft,1.606,8
lrwdqWed,Fonseca J.,Monteiro T.,2,2,ou,20.50,under,ft,2.195,8
lrwdqWed,Fonseca J.,Monteiro T.,2,2,ou,21.00,over,ft,1.671,7
lrwdqWed,Fonseca J.,Monteiro T.,2,2,ou,21.00,under,ft,2.136,7
lrwdqWed,Fonseca J.,Monteiro T.,2,2,ou,21.50,over,ft,1.809,9
lrwdqWed,Fonseca J.,Monteiro T.,2,2,ou,21.50,under,ft,1.963,9
lrwdqWed,Fonseca J.,Monteiro T.,2,2,ou,22.00,over,ft,1.913,7
lrwdqWed,Fonseca J.,Monteiro T.,2,2,ou,22.00,under,ft,1.846,7
lrwdqWed,Fonseca J.,Monteiro T.,2,2,ou,22.50,over,ft,2.057,9
lrwdqWed,Fonseca J.,Monteiro T.,2,2,ou,22.50,under,ft,1.706,9
lrwdqWed,Fonseca J.,Monteiro T.,2,2,ou,23.00,over,ft,2.213,7
lrwdqWed,Fonseca J.,Monteiro T.,2,2,ou,23.00,under,ft,1.614,7
lrwdqWed,Fonseca J.,Monteiro T.,2,2,ou,23.50,over,ft,2.283,6
lrwdqWed,Fonseca J.,Monteiro T.,2,2,ou,23.50,under,ft,1.54,6
lrwdqWed,Fonseca J.,Monteiro T.,2,2,ou,24.00,over,ft,2.345,4
lrwdqWed,Fonseca J.,Monteiro T.,2,2,ou,24.00,under,ft,1.482,4
lrwdqWed,Fonseca J.,Monteiro T.,2,2,ou,24.50,over,ft,2.426,5
lrwdqWed,Fonseca J.,Monteiro T.,2,2,ou,24.50,under,ft,1.48,5
lrwdqWed,Fonseca J.,Monteiro T.,2,2,ou,25.50,over,ft,2.697,4
lrwdqWed,Fonseca J.,Monteiro T.,2,2,ou,25.50,under,ft,1.388,4
lrwdqWed,Fonseca J.,Monteiro T.,2,2,ou,26.50,over,ft,2.86,2
lrwdqWed,Fonseca J.,Monteiro T.,2,2,ou,26.50,under,ft,1.36,2
lrwdqWed,Fonseca J.,Monteiro T.,2,2,ou,27.50,over,ft,3.18,1
lrwdqWed,Fonseca J.,Monteiro T.,2,2,ou,27.50,under,ft,1.29,1
lrwdqWed,Fonseca J.,Monteiro T.,2,2,ou,28.50,over,ft,3.58,1
lrwdqWed,Fonseca J.,Monteiro T.,2,2,ou,28.50,under,ft,1.23,1
lrwdqWed,Fonseca J.,Monteiro T.,2,2,ou,29.50,over,ft,4.16,1
lrwdqWed,Fonseca J.,Monteiro T.,2,2,ou,29.50,under,ft,1.17,1
lrwdqWed,Fonseca J.,Monteiro T.,2,2,ou,30.50,over,ft,4.97,1
lrwdqWed,Fonseca J.,Monteiro T.,2,2,ou,30.50,under,ft,1.12,1
lrwdqWed,Fonseca J.,Monteiro T.,2,2,ou,34.50,over,ft,9.7,3
lrwdqWed,Fonseca J.,Monteiro T.,2,2,hc,1.50,home,ft,1.12,5
lrwdqWed,Fonseca J.,Monteiro T.,2,2,hc,1.50,away,ft,6.09,5
lrwdqWed,Fonseca J.,Monteiro T.,2,2,hc,-1.50,home,ft,1.839,7
lrwdqWed,Fonseca J.,Monteiro T.,2,2,hc,-1.50,away,ft,1.917,7
lrwdqWed,Fonseca J.,Monteiro T.,2,2,hc,-1.00,home,ft,1.31,3
lrwdqWed,Fonseca J.,Monteiro T.,2,2,hc,-1.00,away,ft,3.2,3
lrwdqWed,Fonseca J.,Monteiro T.,2,2,hc,-1.50,home,ft,1.36,3
lrwdqWed,Fonseca J.,Monteiro T.,2,2,hc,-1.50,away,ft,2.94,3
lrwdqWed,Fonseca J.,Monteiro T.,2,2,hc,-2.00,home,ft,1.39,3
lrwdqWed,Fonseca J.,Monteiro T.,2,2,hc,-2.00,away,ft,2.81,3
lrwdqWed,Fonseca J.,Monteiro T.,2,2,hc,-2.50,home,ft,1.497,7
lrwdqWed,Fonseca J.,Monteiro T.,2,2,hc,-2.50,away,ft,2.521,7
lrwdqWed,Fonseca J.,Monteiro T.,2,2,hc,-3.00,home,ft,1.572,5
lrwdqWed,Fonseca J.,Monteiro T.,2,2,hc,-3.00,away,ft,2.35,5
lrwdqWed,Fonseca J.,Monteiro T.,2,2,hc,-3.50,home,ft,1.74,7
lrwdqWed,Fonseca J.,Monteiro T.,2,2,hc,-3.50,away,ft,2.094,7
lrwdqWed,Fonseca J.,Monteiro T.,2,2,hc,-4.00,home,ft,1.968,5
lrwdqWed,Fonseca J.,Monteiro T.,2,2,hc,-4.00,away,ft,1.82,5
lrwdqWed,Fonseca J.,Monteiro T.,2,2,hc,-4.50,home,ft,2.201,7
lrwdqWed,Fonseca J.,Monteiro T.,2,2,hc,-4.50,away,ft,1.656,7
lrwdqWed,Fonseca J.,Monteiro T.,2,2,hc,-5.00,home,ft,2.89,5
lrwdqWed,Fonseca J.,Monteiro T.,2,2,hc,-5.00,away,ft,1.398,5
lrwdqWed,Fonseca J.,Monteiro T.,2,2,hc,-5.50,home,ft,3.004,5
lrwdqWed,Fonseca J.,Monteiro T.,2,2,hc,-5.50,away,ft,1.348,5
lrwdqWed,Fonseca J.,Monteiro T.,2,2,hc,-6.00,home,ft,4.55,3
lrwdqWed,Fonseca J.,Monteiro T.,2,2,hc,-6.00,away,ft,1.17,3
lrwdqWed,Fonseca J.,Monteiro T.,2,2,hc,-6.50,home,ft,4.43,3
lrwdqWed,Fonseca J.,Monteiro T.,2,2,hc,-6.50,away,ft,1.15,3
lrwdqWed,Fonseca J.,Monteiro T.,2,2,hc,-7.00,home,ft,7.18,3
lrwdqWed,Fonseca J.,Monteiro T.,2,2,hc,-7.00,away,ft,1.05,3
xzEPYfDD,Cerundolo F.,Navone M.,2,2,ou,2.50,over,ft,2.463,3
xzEPYfDD,Cerundolo F.,Navone M.,2,2,ou,2.50,under,ft,1.543,3
xzEPYfDD,Cerundolo F.,Navone M.,2,2,ou,16.50,over,ft,1.11,1
xzEPYfDD,Cerundolo F.,Navone M.,2,2,ou,16.50,under,ft,5.22,1
xzEPYfDD,Cerundolo F.,Navone M.,2,2,ou,17.50,over,ft,1.188,4
xzEPYfDD,Cerundolo F.,Navone M.,2,2,ou,17.50,under,ft,4.053,4
xzEPYfDD,Cerundolo F.,Navone M.,2,2,ou,18.00,over,ft,1.238,4
xzEPYfDD,Cerundolo F.,Navone M.,2,2,ou,18.00,under,ft,3.333,4
xzEPYfDD,Cerundolo F.,Navone M.,2,2,ou,18.50,over,ft,1.368,5
xzEPYfDD,Cerundolo F.,Navone M.,2,2,ou,18.50,under,ft,2.84,5
xzEPYfDD,Cerundolo F.,Navone M.,2,2,ou,19.00,over,ft,1.377,4
xzEPYfDD,Cerundolo F.,Navone M.,2,2,ou,19.00,under,ft,2.663,4
xzEPYfDD,Cerundolo F.,Navone M.,2,2,ou,19.50,over,ft,1.53,6
xzEPYfDD,Cerundolo F.,Navone M.,2,2,ou,19.50,under,ft,2.313,6
xzEPYfDD,Cerundolo F.,Navone M.,2,2,ou,20.00,over,ft,1.609,7
xzEPYfDD,Cerundolo F.,Navone M.,2,2,ou,20.00,under,ft,2.207,7
xzEPYfDD,Cerundolo F.,Navone M.,2,2,ou,20.50,over,ft,1.711,9
xzEPYfDD,Cerundolo F.,Navone M.,2,2,ou,20.50,under,ft,2.05,9
xzEPYfDD,Cerundolo F.,Navone M.,2,2,ou,21.00,over,ft,1.809,7
xzEPYfDD,Cerundolo F.,Navone M.,2,2,ou,21.00,under,ft,1.949,7
xzEPYfDD,Cerundolo F.,Navone M.,2,2,ou,21.50,over,ft,1.91,9
xzEPYfDD,Cerundolo F.,Navone M.,2,2,ou,21.50,under,ft,1.878,9
xzEPYfDD,Cerundolo F.,Navone M.,2,2,ou,22.00,over,ft,2.04,7
xzEPYfDD,Cerundolo F.,Navone M.,2,2,ou,22.00,under,ft,1.736,7
xzEPYfDD,Cerundolo F.,Navone M.,2,2,ou,22.50,over,ft,2.148,9
xzEPYfDD,Cerundolo F.,Navone M.,2,2,ou,22.50,under,ft,1.643,9
xzEPYfDD,Cerundolo F.,Navone M.,2,2,ou,23.00,over,ft,2.25,4
xzEPYfDD,Cerundolo F.,Navone M.,2,2,ou,23.00,under,ft,1.548,4
xzEPYfDD,Cerundolo F.,Navone M.,2,2,ou,23.50,over,ft,2.312,4
xzEPYfDD,Cerundolo F.,Navone M.,2,2,ou,23.50,under,ft,1.518,4
xzEPYfDD,Cerundolo F.,Navone M.,2,2,ou,24.00,over,ft,2.383,4
xzEPYfDD,Cerundolo F.,Navone M.,2,2,ou,24.00,under,ft,1.468,4
xzEPYfDD,Cerundolo F.,Navone M.,2,2,ou,24.50,over,ft,2.664,5
xzEPYfDD,Cerundolo F.,Navone M.,2,2,ou,24.50,under,ft,1.416,5
xzEPYfDD,Cerundolo F.,Navone M.,2,2,ou,25.50,over,ft,3.027,4
xzEPYfDD,Cerundolo F.,Navone M.,2,2,ou,25.50,under,ft,1.32,4
xzEPYfDD,Cerundolo F.,Navone M.,2,2,ou,26.50,over,ft,2.98,1
xzEPYfDD,Cerundolo F.,Navone M.,2,2,ou,26.50,under,ft,1.33,1
xzEPYfDD,Cerundolo F.,Navone M.,2,2,ou,27.50,over,ft,3.25,1
xzEPYfDD,Cerundolo F.,Navone M.,2,2,ou,27.50,under,ft,1.28,1
xzEPYfDD,Cerundolo F.,Navone M.,2,2,ou,28.50,over,ft,3.67,1
xzEPYfDD,Cerundolo F.,Navone M.,2,2,ou,28.50,under,ft,1.22,1
xzEPYfDD,Cerundolo F.,Navone M.,2,2,ou,29.50,over,ft,4.32,1
xzEPYfDD,Cerundolo F.,Navone M.,2,2,ou,29.50,under,ft,1.16,1
xzEPYfDD,Cerundolo F.,Navone M.,2,2,ou,30.50,over,ft,5.19,1
xzEPYfDD,Cerundolo F.,Navone M.,2,2,ou,30.50,under,ft,1.11,1
xzEPYfDD,Cerundolo F.,Navone M.,2,2,hc,1.50,home,ft,1.164,5
xzEPYfDD,Cerundolo F.,Navone M.,2,2,hc,1.50,away,ft,4.99,5
xzEPYfDD,Cerundolo F.,Navone M.,2,2,hc,-1.50,home,ft,2.077,7
xzEPYfDD,Cerundolo F.,Navone M.,2,2,hc,-1.50,away,ft,1.717,7
xzEPYfDD,Cerundolo F.,Navone M.,2,2,hc,12.00,home,ft,1.38,1
xzEPYfDD,Cerundolo F.,Navone M.,2,2,hc,12.00,away,ft,2.31,1
xzEPYfDD,Cerundolo F.,Navone M.,2,2,hc,-1.00,home,ft,1.42,3
xzEPYfDD,Cerundolo F.,Navone M.,2,2,hc,-1.00,away,ft,2.69,3
xzEPYfDD,Cerundolo F.,Navone M.,2,2,hc,1.50,home,ft,1.3,1
xzEPYfDD,Cerundolo F.,Navone M.,2,2,hc,1.50,away,ft,3.5,1
xzEPYfDD,Cerundolo F.,Navone M.,2,2,hc,-1.50,home,ft,1.47,4
xzEPYfDD,Cerundolo F.,Navone M.,2,2,hc,-1.50,away,ft,2.56,4
xzEPYfDD,Cerundolo F.,Navone M.,2,2,hc,-2.00,home,ft,1.51,3
xzEPYfDD,Cerundolo F.,Navone M.,2,2,hc,-2.00,away,ft,2.42,3
xzEPYfDD,Cerundolo F.,Navone M.,2,2,hc,-2.50,home,ft,1.594,7
xzEPYfDD,Cerundolo F.,Navone M.,2,2,hc,-2.50,away,ft,2.28,7
xzEPYfDD,Cerundolo F.,Navone M.,2,2,hc,-3.00,home,ft,1.682,5
xzEPYfDD,Cerundolo F.,Navone M.,2,2,hc,-3.00,away,ft,2.14,5
xzEPYfDD,Cerundolo F.,Navone M.,2,2,hc,-3.50,home,ft,1.799,7
xzEPYfDD,Cerundolo F.,Navone M.,2,2,hc,-3.50,away,ft,2.01,7
xzEPYfDD,Cerundolo F.,Navone M.,2,2,hc,-4.00,home,ft,1.988,5
xzEPYfDD,Cerundolo F.,Navone M.,2,2,hc,-4.00,away,ft,1.798,5
xzEPYfDD,Cerundolo F.,Navone M.,2,2,hc,-4.50,home,ft,2.193,7
xzEPYfDD,Cerundolo F.,Navone M.,2,2,hc,-4.50,away,ft,1.641,7
xzEPYfDD,Cerundolo F.,Navone M.,2,2,hc,-5.00,home,ft,2.594,5
xzEPYfDD,Cerundolo F.,Navone M.,2,2,hc,-5.00,away,ft,1.478,5
xzEPYfDD,Cerundolo F.,Navone M.,2,2,hc,-5.50,home,ft,2.757,7
xzEPYfDD,Cerundolo F.,Navone M.,2,2,hc,-5.50,away,ft,1.426,7
xzEPYfDD,Cerundolo F.,Navone M.,2,2,hc,-6.00,home,ft,3.72,3
xzEPYfDD,Cerundolo F.,Navone M.,2,2,hc,-6.00,away,ft,1.24,3
xzEPYfDD,Cerundolo F.,Navone M.,2,2,hc,-6.50,home,ft,3.66,3
xzEPYfDD,Cerundolo F.,Navone M.,2,2,hc,-6.50,away,ft,1.22,3
xzEPYfDD,Cerundolo F.,Navone M.,2,2,hc,-7.00,home,ft,5.51,3
xzEPYfDD,Cerundolo F.,Navone M.,2,2,hc,-7.00,away,ft,1.1,3
xzEPYfDD,Cerundolo F.,Navone M.,2,2,hc,-7.50,home,ft,7.19,1
xzEPYfDD,Cerundolo F.,Navone M.,2,2,hc,-7.50,away,ft,1.1,1
jHjx0XBC,Cerundolo J. M.,Darderi L.,2,2,ou,2.50,over,ft,2.657,4
jHjx0XBC,Cerundolo J. M.,Darderi L.,2,2,ou,2.50,under,ft,1.475,4
jHjx0XBC,Cerundolo J. M.,Darderi L.,2,2,ou,16.50,over,ft,1.12,1
jHjx0XBC,Cerundolo J. M.,Darderi L.,2,2,ou,16.50,under,ft,4.97,1
jHjx0XBC,Cerundolo J. M.,Darderi L.,2,2,ou,17.50,over,ft,1.23,1
jHjx0XBC,Cerundolo J. M.,Darderi L.,2,2,ou,17.50,under,ft,3.63,1
jHjx0XBC,Cerundolo J. M.,Darderi L.,2,2,ou,18.00,over,ft,1.245,4
jHjx0XBC,Cerundolo J. M.,Darderi L.,2,2,ou,18.00,under,ft,3.3,4
jHjx0XBC,Cerundolo J. M.,Darderi L.,2,2,ou,18.50,over,ft,1.333,6
jHjx0XBC,Cerundolo J. M.,Darderi L.,2,2,ou,18.50,under,ft,3.002,6
jHjx0XBC,Cerundolo J. M.,Darderi L.,2,2,ou,19.00,over,ft,1.407,4
jHjx0XBC,Cerundolo J. M.,Darderi L.,2,2,ou,19.00,under,ft,2.56,4
jHjx0XBC,Cerundolo J. M.,Darderi L.,2,2,ou,19.50,over,ft,1.576,7
jHjx0XBC,Cerundolo J. M.,Darderi L.,2,2,ou,19.50,under,ft,2.21,7
jHjx0XBC,Cerundolo J. M.,Darderi L.,2,2,ou,20.00,over,ft,1.643,7
jHjx0XBC,Cerundolo J. M.,Darderi L.,2,2,ou,20.00,under,ft,2.163,7
jHjx0XBC,Cerundolo J. M.,Darderi L.,2,2,ou,20.50,over,ft,1.734,9
jHjx0XBC,Cerundolo J. M.,Darderi L.,2,2,ou,20.50,under,ft,2.013,9
jHjx0XBC,Cerundolo J. M.,Darderi L.,2,2,ou,21.00,over,ft,1.873,7
jHjx0XBC,Cerundolo J. M.,Darderi L.,2,2,ou,21.00,under,ft,1.886,7
jHjx0XBC,Cerundolo J. M.,Darderi L.,2,2,ou,21.50,over,ft,1.959,9
jHjx0XBC,Cerundolo J. M.,Darderi L.,2,2,ou,21.50,under,ft,1.803,9
jHjx0XBC,Cerundolo J. M.,Darderi L.,2,2,ou,22.00,over,ft,2.12,7
jHjx0XBC,Cerundolo J. M.,Darderi L.,2,2,ou,22.00,under,ft,1.681,7
jHjx0XBC,Cerundolo J. M.,Darderi L.,2,2,ou,22.50,over,ft,2.189,9
jHjx0XBC,Cerundolo J. M.,Darderi L.,2,2,ou,22.50,under,ft,1.611,9
jHjx0XBC,Cerundolo J. M.,Darderi L.,2,2,ou,23.00,over,ft,2.282,5
jHjx0XBC,Cerundolo J. M.,Darderi L.,2,2,ou,23.00,under,ft,1.556,5
jHjx0XBC,Cerundolo J. M.,Darderi L.,2,2,ou,23.50,over,ft,2.382,4
jHjx0XBC,Cerundolo J. M.,Darderi L.,2,2,ou,23.50,under,ft,1.49,4
jHjx0XBC,Cerundolo J. M.,Darderi L.,2,2,ou,24.00,over,ft,2.453,4
jHjx0XBC,Cerundolo J. M.,Darderi L.,2,2,ou,24.00,under,ft,1.442,4
jHjx0XBC,Cerundolo J. M.,Darderi L.,2,2,ou,24.50,over,ft,2.592,6
jHjx0XBC,Cerundolo J. M.,Darderi L.,2,2,ou,24.50,under,ft,1.435,6
jHjx0XBC,Cerundolo J. M.,Darderi L.,2,2,ou,25.50,over,ft,2.89,4
jHjx0XBC,Cerundolo J. M.,Darderi L.,2,2,ou,25.50,under,ft,1.345,4
jHjx0XBC,Cerundolo J. M.,Darderi L.,2,2,ou,26.50,over,ft,3.312,4
jHjx0XBC,Cerundolo J. M.,Darderi L.,2,2,ou,26.50,under,ft,1.27,4
jHjx0XBC,Cerundolo J. M.,Darderi L.,2,2,ou,27.50,over,ft,3.37,1
jHjx0XBC,Cerundolo J. M.,Darderi L.,2,2,ou,27.50,under,ft,1.26,1
jHjx0XBC,Cerundolo J. M.,Darderi L.,2,2,ou,28.50,over,ft,3.74,1
jHjx0XBC,Cerundolo J. M.,Darderi L.,2,2,ou,28.50,under,ft,1.21,1
jHjx0XBC,Cerundolo J. M.,Darderi L.,2,2,ou,29.50,over,ft,4.46,1
jHjx0XBC,Cerundolo J. M.,Darderi L.,2,2,ou,29.50,under,ft,1.15,1
jHjx0XBC,Cerundolo J. M.,Darderi L.,2,2,ou,30.50,over,ft,5.3,1
jHjx0XBC,Cerundolo J. M.,Darderi L.,2,2,ou,30.50,under,ft,1.11,1
jHjx0XBC,Cerundolo J. M.,Darderi L.,2,2,hc,1.50,home,ft,1.85,7
jHjx0XBC,Cerundolo J. M.,Darderi L.,2,2,hc,1.50,away,ft,1.907,7
jHjx0XBC,Cerundolo J. M.,Darderi L.,2,2,hc,-1.50,home,ft,5.554,5
jHjx0XBC,Cerundolo J. M.,Darderi L.,2,2,hc,-1.50,away,ft,1.138,5
jHjx0XBC,Cerundolo J. M.,Darderi L.,2,2,hc,1.00,home,ft,2.88,3
jHjx0XBC,Cerundolo J. M.,Darderi L.,2,2,hc,1.00,away,ft,1.34,3
jHjx0XBC,Cerundolo J. M.,Darderi L.,2,2,hc,1.50,home,ft,2.745,4
jHjx0XBC,Cerundolo J. M.,Darderi L.,2,2,hc,1.50,away,ft,1.392,4
jHjx0XBC,Cerundolo J. M.,Darderi L.,2,2,hc,-1.50,home,ft,3.84,1
jHjx0XBC,Cerundolo J. M.,Darderi L.,2,2,hc,-1.50,away,ft,1.26,1
jHjx0XBC,Cerundolo J. M.,Darderi L.,2,2,hc,2.00,home,ft,2.62,3
jHjx0XBC,Cerundolo J. M.,Darderi L.,2,2,hc,2.00,away,ft,1.44,3
jHjx0XBC,Cerundolo J. M.,Darderi L.,2,2,hc,2.50,home,ft,2.422,5
jHjx0XBC,Cerundolo J. M.,Darderi L.,2,2,hc,2.50,away,ft,1.526,5
jHjx0XBC,Cerundolo J. M.,Darderi L.,2,2,hc,3.00,home,ft,2.328,5
jHjx0XBC,Cerundolo J. M.,Darderi L.,2,2,hc,3.00,away,ft,1.582,5
jHjx0XBC,Cerundolo J. M.,Darderi L.,2,2,hc,3.50,home,ft,2.15,7
jHjx0XBC,Cerundolo J. M.,Darderi L.,2,2,hc,3.50,away,ft,1.663,7
jHjx0XBC,Cerundolo J. M.,Darderi L.,2,2,hc,4.00,home,ft,1.95,5
jHjx0XBC,Cerundolo J. M.,Darderi L.,2,2,hc,4.00,away,ft,1.824,5
jHjx0XBC,Cerundolo J. M.,Darderi L.,2,2,hc,4.50,home,ft,1.802,6
jHjx0XBC,Cerundolo J. M.,Darderi L.,2,2,hc,4.50,away,ft,2.037,6
jHjx0XBC,Cerundolo J. M.,Darderi L.,2,2,hc,5.00,home,ft,1.55,5
jHjx0XBC,Cerundolo J. M.,Darderi L.,2,2,hc,5.00,away,ft,2.392,5
jHjx0XBC,Cerundolo J. M.,Darderi L.,2,2,hc,5.50,home,ft,1.476,7
jHjx0XBC,Cerundolo J. M.,Darderi L.,2,2,hc,5.50,away,ft,2.593,7
jHjx0XBC,Cerundolo J. M.,Darderi L.,2,2,hc,6.00,home,ft,1.28,3
jHjx0XBC,Cerundolo J. M.,Darderi L.,2,2,hc,6.00,away,ft,3.4,3
jHjx0XBC,Cerundolo J. M.,Darderi L.,2,2,hc,6.50,home,ft,1.28,4
jHjx0XBC,Cerundolo J. M.,Darderi L.,2,2,hc,6.50,away,ft,3.525,4
jHjx0XBC,Cerundolo J. M.,Darderi L.,2,2,hc,7.00,home,ft,1.11,3
jHjx0XBC,Cerundolo J. M.,Darderi L.,2,2,hc,7.00,away,ft,5.7,3
jHjx0XBC,Cerundolo J. M.,Darderi L.,2,2,hc,7.50,home,ft,1.09,1
jHjx0XBC,Cerundolo J. M.,Darderi L.,2,2,hc,7.50,away,ft,7.72,1
rg67eLfk,Barrios Vera T.,Berrettini M.,0,0,ou,2.50,over,ft,2.752,4
rg67eLfk,Barrios Vera T.,Berrettini M.,0,0,ou,2.50,under,ft,1.445,4
rg67eLfk,Barrios Vera T.,Berrettini M.,0,0,ou,16.50,over,ft,1.09,1
rg67eLfk,Barrios Vera T.,Berrettini M.,0,0,ou,16.50,under,ft,5.75,1
rg67eLfk,Barrios Vera T.,Berrettini M.,0,0,ou,17.50,over,ft,1.18,1
rg67eLfk,Barrios Vera T.,Berrettini M.,0,0,ou,17.50,under,ft,4.19,1
rg67eLfk,Barrios Vera T.,Berrettini M.,0,0,ou,18.50,over,ft,1.3,1
rg67eLfk,Barrios Vera T.,Berrettini M.,0,0,ou,18.50,under,ft,3.13,1
rg67eLfk,Barrios Vera T.,Berrettini M.,0,0,ou,19.00,over,ft,1.308,4
rg67eLfk,Barrios Vera T.,Berrettini M.,0,0,ou,19.00,under,ft,2.965,4
rg67eLfk,Barrios Vera T.,Berrettini M.,0,0,ou,19.50,over,ft,1.432,4
rg67eLfk,Barrios Vera T.,Berrettini M.,0,0,ou,19.50,under,ft,2.54,4
rg67eLfk,Barrios Vera T.,Berrettini M.,0,0,ou,20.00,over,ft,1.498,4
rg67eLfk,Barrios Vera T.,Berrettini M.,0,0,ou,20.00,under,ft,2.373,4
rg67eLfk,Barrios Vera T.,Berrettini M.,0,0,ou,20.50,over,ft,1.639,9
rg67eLfk,Barrios Vera T.,Berrettini M.,0,0,ou,20.50,under,ft,2.17,9
rg67eLfk,Barrios Vera T.,Berrettini M.,0,0,ou,21.00,over,ft,1.734,7
rg67eLfk,Barrios Vera T.,Berrettini M.,0,0,ou,21.00,under,ft,2.044,7
rg67eLfk,Barrios Vera T.,Berrettini M.,0,0,ou,21.50,over,ft,1.874,9
rg67eLfk,Barrios Vera T.,Berrettini M.,0,0,ou,21.50,under,ft,1.909,9
rg67eLfk,Barrios Vera T.,Berrettini M.,0,0,ou,22.00,over,ft,1.999,7
rg67eLfk,Barrios Vera T.,Berrettini M.,0,0,ou,22.00,under,ft,1.771,7
rg67eLfk,Barrios Vera T.,Berrettini M.,0,0,ou,22.50,over,ft,2.13,9
rg67eLfk,Barrios Vera T.,Berrettini M.,0,0,ou,22.50,under,ft,1.663,9
rg67eLfk,Barrios Vera T.,Berrettini M.,0,0,ou,23.00,over,ft,2.244,5
rg67eLfk,Barrios Vera T.,Berrettini M.,0,0,ou,23.00,under,ft,1.576,5
rg67eLfk,Barrios Vera T.,Berrettini M.,0,0,ou,23.50,over,ft,2.302,4
rg67eLfk,Barrios Vera T.,Berrettini M.,0,0,ou,23.50,under,ft,1.522,4
rg67eLfk,Barrios Vera T.,Berrettini M.,0,0,ou,24.00,over,ft,2.337,4
rg67eLfk,Barrios Vera T.,Berrettini M.,0,0,ou,24.00,under,ft,1.488,4
rg67eLfk,Barrios Vera T.,Berrettini M.,0,0,ou,24.50,over,ft,2.405,2
rg67eLfk,Barrios Vera T.,Berrettini M.,0,0,ou,24.50,under,ft,1.495,2
rg67eLfk,Barrios Vera T.,Berrettini M.,0,0,ou,25.50,over,ft,2.62,1
rg67eLfk,Barrios Vera T.,Berrettini M.,0,0,ou,25.50,under,ft,1.42,1
rg67eLfk,Barrios Vera T.,Berrettini M.,0,0,ou,26.50,over,ft,2.945,2
rg67eLfk,Barrios Vera T.,Berrettini M.,0,0,ou,26.50,under,ft,1.345,2
rg67eLfk,Barrios Vera T.,Berrettini M.,0,0,ou,27.50,over,ft,3.25,1
rg67eLfk,Barrios Vera T.,Berrettini M.,0,0,ou,27.50,under,ft,1.28,1
rg67eLfk,Barrios Vera T.,Berrettini M.,0,0,ou,28.50,over,ft,3.63,1
rg67eLfk,Barrios Vera T.,Berrettini M.,0,0,ou,28.50,under,ft,1.23,1
rg67eLfk,Barrios Vera T.,Berrettini M.,0,0,ou,29.50,over,ft,4.18,1
rg67eLfk,Barrios Vera T.,Berrettini M.,0,0,ou,29.50,under,ft,1.17,1
rg67eLfk,Barrios Vera T.,Berrettini M.,0,0,ou,30.50,over,ft,4.99,1
rg67eLfk,Barrios Vera T.,Berrettini M.,0,0,ou,30.50,under,ft,1.12,1
rg67eLfk,Barrios Vera T.,Berrettini M.,0,0,ou,31.50,over,ft,5.45,1
rg67eLfk,Barrios Vera T.,Berrettini M.,0,0,ou,31.50,under,ft,1.03,1
rg67eLfk,Barrios Vera T.,Berrettini M.,0,0,hc,1.50,home,ft,1.943,7
rg67eLfk,Barrios Vera T.,Berrettini M.,0,0,hc,1.50,away,ft,1.816,7
rg67eLfk,Barrios Vera T.,Berrettini M.,0,0,hc,-1.50,home,ft,6.128,5
rg67eLfk,Barrios Vera T.,Berrettini M.,0,0,hc,-1.50,away,ft,1.114,5
rg67eLfk,Barrios Vera T.,Berrettini M.,0,0,hc,1.00,home,ft,3.2,3
rg67eLfk,Barrios Vera T.,Berrettini M.,0,0,hc,1.00,away,ft,1.31,3
rg67eLfk,Barrios Vera T.,Berrettini M.,0,0,hc,1.50,home,ft,2.94,3
rg67eLfk,Barrios Vera T.,Berrettini M.,0,0,hc,1.50,away,ft,1.36,3
rg67eLfk,Barrios Vera T.,Berrettini M.,0,0,hc,2.00,home,ft,2.81,3
rg67eLfk,Barrios Vera T.,Berrettini M.,0,0,hc,2.00,away,ft,1.39,3
rg67eLfk,Barrios Vera T.,Berrettini M.,0,0,hc,2.50,home,ft,2.486,5
rg67eLfk,Barrios Vera T.,Berrettini M.,0,0,hc,2.50,away,ft,1.486,5
rg67eLfk,Barrios Vera T.,Berrettini M.,0,0,hc,3.00,home,ft,2.41,5
rg67eLfk,Barrios Vera T.,Berrettini M.,0,0,hc,3.00,away,ft,1.548,5
rg67eLfk,Barrios Vera T.,Berrettini M.,0,0,hc,3.50,home,ft,2.154,7
rg67eLfk,Barrios Vera T.,Berrettini M.,0,0,hc,3.50,away,ft,1.704,7
rg67eLfk,Barrios Vera T.,Berrettini M.,0,0,hc,4.00,home,ft,1.878,5
rg67eLfk,Barrios Vera T.,Berrettini M.,0,0,hc,4.00,away,ft,1.898,5
rg67eLfk,Barrios Vera T.,Berrettini M.,0,0,hc,4.50,home,ft,1.707,7
rg67eLfk,Barrios Vera T.,Berrettini M.,0,0,hc,4.50,away,ft,2.129,7
rg67eLfk,Barrios Vera T.,Berrettini M.,0,0,hc,5.00,home,ft,1.45,5
rg67eLfk,Barrios Vera T.,Berrettini M.,0,0,hc,5.00,away,ft,2.7,5
rg67eLfk,Barrios Vera T.,Berrettini M.,0,0,hc,5.50,home,ft,1.378,5
rg67eLfk,Barrios Vera T.,Berrettini M.,0,0,hc,5.50,away,ft,2.874,5
rg67eLfk,Barrios Vera T.,Berrettini M.,0,0,hc,6.00,home,ft,1.21,3
rg67eLfk,Barrios Vera T.,Berrettini M.,0,0,hc,6.00,away,ft,4.05,3
rg67eLfk,Barrios Vera T.,Berrettini M.,0,0,hc,6.50,home,ft,1.18,3
rg67eLfk,Barrios Vera T.,Berrettini M.,0,0,hc,6.50,away,ft,4.45,3
rg67eLfk,Barrios Vera T.,Berrettini M.,0,0,hc,7.00,home,ft,1.07,3
rg67eLfk,Barrios Vera T.,Berrettini M.,0,0,hc,7.00,away,ft,7.2,3
tObj9ykQ,Etcheverry T. M.,Comesana F.,2,2,ou,2.50,over,ft,2.413,3
tObj9ykQ,Etcheverry T. M.,Comesana F.,2,2,ou,2.50,under,ft,1.567,3
tObj9ykQ,Etcheverry T. M.,Comesana F.,2,2,ou,16.50,over,ft,1.02,1
tObj9ykQ,Etcheverry T. M.,Comesana F.,2,2,ou,16.50,under,ft,9.49,1
tObj9ykQ,Etcheverry T. M.,Comesana F.,2,2,ou,17.50,over,ft,1.12,1
tObj9ykQ,Etcheverry T. M.,Comesana F.,2,2,ou,17.50,under,ft,5.07,1
tObj9ykQ,Etcheverry T. M.,Comesana F.,2,2,ou,18.50,over,ft,1.195,2
tObj9ykQ,Etcheverry T. M.,Comesana F.,2,2,ou,18.50,under,ft,4.345,2
tObj9ykQ,Etcheverry T. M.,Comesana F.,2,2,ou,19.50,over,ft,1.318,4
tObj9ykQ,Etcheverry T. M.,Comesana F.,2,2,ou,19.50,under,ft,3.002,4
tObj9ykQ,Etcheverry T. M.,Comesana F.,2,2,ou,20.00,over,ft,1.32,4
tObj9ykQ,Etcheverry T. M.,Comesana F.,2,2,ou,20.00,under,ft,2.905,4
tObj9ykQ,Etcheverry T. M.,Comesana F.,2,2,ou,20.50,over,ft,1.46,5
tObj9ykQ,Etcheverry T. M.,Comesana F.,2,2,ou,20.50,under,ft,2.506,5
tObj9ykQ,Etcheverry T. M.,Comesana F.,2,2,ou,21.00,over,ft,1.5,4
tObj9ykQ,Etcheverry T. M.,Comesana F.,2,2,ou,21.00,under,ft,2.367,4
tObj9ykQ,Etcheverry T. M.,Comesana F.,2,2,ou,21.50,over,ft,1.628,9
tObj9ykQ,Etcheverry T. M.,Comesana F.,2,2,ou,21.50,under,ft,2.196,9
tObj9ykQ,Etcheverry T. M.,Comesana F.,2,2,ou,22.00,over,ft,1.749,7
tObj9ykQ,Etcheverry T. M.,Comesana F.,2,2,ou,22.00,under,ft,2.029,7
tObj9ykQ,Etcheverry T. M.,Comesana F.,2,2,ou,22.50,over,ft,1.911,9
tObj9ykQ,Etcheverry T. M.,Comesana F.,2,2,ou,22.50,under,ft,1.866,9
tObj9ykQ,Etcheverry T. M.,Comesana F.,2,2,ou,23.00,over,ft,2.049,7
tObj9ykQ,Etcheverry T. M.,Comesana F.,2,2,ou,23.00,under,ft,1.729,7
tObj9ykQ,Etcheverry T. M.,Comesana F.,2,2,ou,23.50,over,ft,2.146,9
tObj9ykQ,Etcheverry T. M.,Comesana F.,2,2,ou,23.50,under,ft,1.65,9
tObj9ykQ,Etcheverry T. M.,Comesana F.,2,2,ou,24.00,over,ft,2.175,4
tObj9ykQ,Etcheverry T. M.,Comesana F.,2,2,ou,24.00,under,ft,1.585,4
tObj9ykQ,Etcheverry T. M.,Comesana F.,2,2,ou,24.50,over,ft,2.187,6
tObj9ykQ,Etcheverry T. M.,Comesana F.,2,2,ou,24.50,under,ft,1.593,6
tObj9ykQ,Etcheverry T. M.,Comesana F.,2,2,ou,25.00,over,ft,2.288,4
tObj9ykQ,Etcheverry T. M.,Comesana F.,2,2,ou,25.00,under,ft,1.508,4
tObj9ykQ,Etcheverry T. M.,Comesana F.,2,2,ou,25.50,over,ft,2.41,4
tObj9ykQ,Etcheverry T. M.,Comesana F.,2,2,ou,25.50,under,ft,1.478,4
tObj9ykQ,Etcheverry T. M.,Comesana F.,2,2,ou,26.50,over,ft,2.728,5
tObj9ykQ,Etcheverry T. M.,Comesana F.,2,2,ou,26.50,under,ft,1.394,5
tObj9ykQ,Etcheverry T. M.,Comesana F.,2,2,ou,27.50,over,ft,3.002,4
tObj9ykQ,Etcheverry T. M.,Comesana F.,2,2,ou,27.50,under,ft,1.318,4
tObj9ykQ,Etcheverry T. M.,Comesana F.,2,2,ou,28.50,over,ft,3.26,1
tObj9ykQ,Etcheverry T. M.,Comesana F.,2,2,ou,28.50,under,ft,1.28,1
tObj9ykQ,Etcheverry T. M.,Comesana F.,2,2,ou,29.50,over,ft,3.74,1
tObj9ykQ,Etcheverry T. M.,Comesana F.,2,2,ou,29.50,under,ft,1.21,1
tObj9ykQ,Etcheverry T. M.,Comesana F.,2,2,ou,30.50,over,ft,4.46,1
tObj9ykQ,Etcheverry T. M.,Comesana F.,2,2,ou,30.50,under,ft,1.15,1
tObj9ykQ,Etcheverry T. M.,Comesana F.,2,2,ou,31.50,over,ft,5.48,1
tObj9ykQ,Etcheverry T. M.,Comesana F.,2,2,ou,31.50,under,ft,1.1,1
tObj9ykQ,Etcheverry T. M.,Comesana F.,2,2,hc,1.50,home,ft,1.226,5
tObj9ykQ,Etcheverry T. M.,Comesana F.,2,2,hc,1.50,away,ft,4.086,5
tObj9ykQ,Etcheverry T. M.,Comesana F.,2,2,hc,-1.50,home,ft,2.297,7
tObj9ykQ,Etcheverry T. M.,Comesana F.,2,2,hc,-1.50,away,ft,1.59,7
tObj9ykQ,Etcheverry T. M.,Comesana F.,2,2,hc,0,home,ft,1.47,3
tObj9ykQ,Etcheverry T. M.,Comesana F.,2,2,hc,0,away,ft,2.43,3
tObj9ykQ,Etcheverry T. M.,Comesana F.,2,2,hc,12.50,home,ft,2.09,1
tObj9ykQ,Etcheverry T. M.,Comesana F.,2,2,hc,12.50,away,ft,1.72,1
tObj9ykQ,Etcheverry T. M.,Comesana F.,2,2,hc,-0.50,home,ft,1.53,3
tObj9ykQ,Etcheverry T. M.,Comesana F.,2,2,hc,-0.50,away,ft,2.28,3
tObj9ykQ,Etcheverry T. M.,Comesana F.,2,2,hc,1.00,home,ft,1.4,3
tObj9ykQ,Etcheverry T. M.,Comesana F.,2,2,hc,1.00,away,ft,2.63,3
tObj9ykQ,Etcheverry T. M.,Comesana F.,2,2,hc,-1.00,home,ft,1.612,5
tObj9ykQ,Etcheverry T. M.,Comesana F.,2,2,hc,-1.00,away,ft,2.206,5
tObj9ykQ,Etcheverry T. M.,Comesana F.,2,2,hc,1.50,home,ft,1.41,1
tObj9ykQ,Etcheverry T. M.,Comesana F.,2,2,hc,1.50,away,ft,2.9,1
tObj9ykQ,Etcheverry T. M.,Comesana F.,2,2,hc,-1.50,home,ft,1.646,7
tObj9ykQ,Etcheverry T. M.,Comesana F.,2,2,hc,-1.50,away,ft,2.131,7
tObj9ykQ,Etcheverry T. M.,Comesana F.,2,2,hc,-2.00,home,ft,1.738,5
tObj9ykQ,Etcheverry T. M.,Comesana F.,2,2,hc,-2.00,away,ft,2.018,5
tObj9ykQ,Etcheverry T. M.,Comesana F.,2,2,hc,-2.50,home,ft,1.913,6
tObj9ykQ,Etcheverry T. M.,Comesana F.,2,2,hc,-2.50,away,ft,1.898,6
tObj9ykQ,Etcheverry T. M.,Comesana F.,2,2,hc,-3.00,home,ft,2.04,5
tObj9ykQ,Etcheverry T. M.,Comesana F.,2,2,hc,-3.00,away,ft,1.724,5
tObj9ykQ,Etcheverry T. M.,Comesana F.,2,2,hc,-3.50,home,ft,2.206,7
tObj9ykQ,Etcheverry T. M.,Comesana F.,2,2,hc,-3.50,away,ft,1.61,7
tObj9ykQ,Etcheverry T. M.,Comesana F.,2,2,hc,-4.00,home,ft,2.69,3
tObj9ykQ,Etcheverry T. M.,Comesana F.,2,2,hc,-4.00,away,ft,1.39,3
tObj9ykQ,Etcheverry T. M.,Comesana F.,2,2,hc,-4.50,home,ft,3.03,3
tObj9ykQ,Etcheverry T. M.,Comesana F.,2,2,hc,-4.50,away,ft,1.31,3
tObj9ykQ,Etcheverry T. M.,Comesana F.,2,2,hc,-5.00,home,ft,4.19,3
tObj9ykQ,Etcheverry T. M.,Comesana F.,2,2,hc,-5.00,away,ft,1.17,3
tObj9ykQ,Etcheverry T. M.,Comesana F.,2,2,hc,-5.50,home,ft,4.92,1
tObj9ykQ,Etcheverry T. M.,Comesana F.,2,2,hc,-5.50,away,ft,1.17,1
lSO7mSUN,Prizmic D.,Passaro F.,0,0,ou,2.50,over,ft,2.517,3
lSO7mSUN,Prizmic D.,Passaro F.,0,0,ou,2.50,under,ft,1.527,3
lSO7mSUN,Prizmic D.,Passaro F.,0,0,ou,16.50,over,ft,1.05,1
lSO7mSUN,Prizmic D.,Passaro F.,0,0,ou,16.50,under,ft,6.7,1
lSO7mSUN,Prizmic D.,Passaro F.,0,0,ou,17.50,over,ft,1.16,1
lSO7mSUN,Prizmic D.,Passaro F.,0,0,ou,17.50,under,ft,4.37,1
lSO7mSUN,Prizmic D.,Passaro F.,0,0,ou,18.50,over,ft,1.285,2
lSO7mSUN,Prizmic D.,Passaro F.,0,0,ou,18.50,under,ft,3.44,2
lSO7mSUN,Prizmic D.,Passaro F.,0,0,ou,19.00,over,ft,1.298,4
lSO7mSUN,Prizmic D.,Passaro F.,0,0,ou,19.00,under,ft,3.035,4
lSO7mSUN,Prizmic D.,Passaro F.,0,0,ou,19.50,over,ft,1.42,4
lSO7mSUN,Prizmic D.,Passaro F.,0,0,ou,19.50,under,ft,2.58,4
lSO7mSUN,Prizmic D.,Passaro F.,0,0,ou,20.00,over,ft,1.485,4
lSO7mSUN,Prizmic D.,Passaro F.,0,0,ou,20.00,under,ft,2.395,4
lSO7mSUN,Prizmic D.,Passaro F.,0,0,ou,20.50,over,ft,1.626,9
lSO7mSUN,Prizmic D.,Passaro F.,0,0,ou,20.50,under,ft,2.168,9
lSO7mSUN,Prizmic D.,Passaro F.,0,0,ou,21.00,over,ft,1.706,7
lSO7mSUN,Prizmic D.,Passaro F.,0,0,ou,21.00,under,ft,2.087,7
lSO7mSUN,Prizmic D.,Passaro F.,0,0,ou,21.50,over,ft,1.847,9
lSO7mSUN,Prizmic D.,Passaro F.,0,0,ou,21.50,under,ft,1.941,9
lSO7mSUN,Prizmic D.,Passaro F.,0,0,ou,22.00,over,ft,1.936,7
lSO7mSUN,Prizmic D.,Passaro F.,0,0,ou,22.00,under,ft,1.821,7
lSO7mSUN,Prizmic D.,Passaro F.,0,0,ou,22.50,over,ft,2.051,9
lSO7mSUN,Prizmic D.,Passaro F.,0,0,ou,22.50,under,ft,1.703,9
lSO7mSUN,Prizmic D.,Passaro F.,0,0,ou,23.00,over,ft,2.194,7
lSO7mSUN,Prizmic D.,Passaro F.,0,0,ou,23.00,under,ft,1.627,7
lSO7mSUN,Prizmic D.,Passaro F.,0,0,ou,23.50,over,ft,2.224,5
lSO7mSUN,Prizmic D.,Passaro F.,0,0,ou,23.50,under,ft,1.566,5
lSO7mSUN,Prizmic D.,Passaro F.,0,0,ou,24.00,over,ft,2.268,4
lSO7mSUN,Prizmic D.,Passaro F.,0,0,ou,24.00,under,ft,1.518,4
lSO7mSUN,Prizmic D.,Passaro F.,0,0,ou,24.50,over,ft,2.37,2
lSO7mSUN,Prizmic D.,Passaro F.,0,0,ou,24.50,under,ft,1.54,2
lSO7mSUN,Prizmic D.,Passaro F.,0,0,ou,25.50,over,ft,2.51,1
lSO7mSUN,Prizmic D.,Passaro F.,0,0,ou,25.50,under,ft,1.45,1
lSO7mSUN,Prizmic D.,Passaro F.,0,0,ou,26.50,over,ft,2.935,2
lSO7mSUN,Prizmic D.,Passaro F.,0,0,ou,26.50,under,ft,1.37,2
lSO7mSUN,Prizmic D.,Passaro F.,0,0,ou,27.50,over,ft,3.1,1
lSO7mSUN,Prizmic D.,Passaro F.,0,0,ou,27.50,under,ft,1.31,1
lSO7mSUN,Prizmic D.,Passaro F.,0,0,ou,28.50,over,ft,3.35,1
lSO7mSUN,Prizmic D.,Passaro F.,0,0,ou,28.50,under,ft,1.26,1
lSO7mSUN,Prizmic D.,Passaro F.,0,0,ou,29.50,over,ft,3.93,1
lSO7mSUN,Prizmic D.,Passaro F.,0,0,ou,29.50,under,ft,1.2,1
lSO7mSUN,Prizmic D.,Passaro F.,0,0,ou,30.50,over,ft,4.66,1
lSO7mSUN,Prizmic D.,Passaro F.,0,0,ou,30.50,under,ft,1.14,1
lSO7mSUN,Prizmic D.,Passaro F.,0,0,ou,31.50,over,ft,5.68,1
lSO7mSUN,Prizmic D.,Passaro F.,0,0,ou,31.50,under,ft,1.09,1
lSO7mSUN,Prizmic D.,Passaro F.,0,0,hc,1.50,home,ft,1.172,5
lSO7mSUN,Prizmic D.,Passaro F.,0,0,hc,1.50,away,ft,4.814,5
lSO7mSUN,Prizmic D.,Passaro F.,0,0,hc,-1.50,home,ft,2.106,7
lSO7mSUN,Prizmic D.,Passaro F.,0,0,hc,-1.50,away,ft,1.691,7
lSO7mSUN,Prizmic D.,Passaro F.,0,0,hc,12.00,home,ft,1.36,1
lSO7mSUN,Prizmic D.,Passaro F.,0,0,hc,12.00,away,ft,2.17,1
lSO7mSUN,Prizmic D.,Passaro F.,0,0,hc,12.50,home,ft,1.91,1
lSO7mSUN,Prizmic D.,Passaro F.,0,0,hc,12.50,away,ft,1.59,1
lSO7mSUN,Prizmic D.,Passaro F.,0,0,hc,-1.00,home,ft,1.44,3
lSO7mSUN,Prizmic D.,Passaro F.,0,0,hc,-1.00,away,ft,2.62,3
lSO7mSUN,Prizmic D.,Passaro F.,0,0,hc,1.50,home,ft,1.36,1
lSO7mSUN,Prizmic D.,Passaro F.,0,0,hc,1.50,away,ft,3.13,1
lSO7mSUN,Prizmic D.,Passaro F.,0,0,hc,-1.50,home,ft,1.505,4
lSO7mSUN,Prizmic D.,Passaro F.,0,0,hc,-1.50,away,ft,2.46,4
lSO7mSUN,Prizmic D.,Passaro F.,0,0,hc,-2.00,home,ft,1.578,5
lSO7mSUN,Prizmic D.,Passaro F.,0,0,hc,-2.00,away,ft,2.338,5
lSO7mSUN,Prizmic D.,Passaro F.,0,0,hc,-2.50,home,ft,1.654,7
lSO7mSUN,Prizmic D.,Passaro F.,0,0,hc,-2.50,away,ft,2.174,7
lSO7mSUN,Prizmic D.,Passaro F.,0,0,hc,-3.00,home,ft,1.752,5
lSO7mSUN,Prizmic D.,Passaro F.,0,0,hc,-3.00,away,ft,2.042,5
lSO7mSUN,Prizmic D.,Passaro F.,0,0,hc,-3.50,home,ft,1.908,6
lSO7mSUN,Prizmic D.,Passaro F.,0,0,hc,-3.50,away,ft,1.887,6
lSO7mSUN,Prizmic D.,Passaro F.,0,0,hc,-4.00,home,ft,2.134,5
lSO7mSUN,Prizmic D.,Passaro F.,0,0,hc,-4.00,away,ft,1.688,5
lSO7mSUN,Prizmic D.,Passaro F.,0,0,hc,-4.50,home,ft,2.38,7
lSO7mSUN,Prizmic D.,Passaro F.,0,0,hc,-4.50,away,ft,1.549,7
lSO7mSUN,Prizmic D.,Passaro F.,0,0,hc,-5.00,home,ft,2.85,3
lSO7mSUN,Prizmic D.,Passaro F.,0,0,hc,-5.00,away,ft,1.38,3
lSO7mSUN,Prizmic D.,Passaro F.,0,0,hc,-5.50,home,ft,3.268,4
lSO7mSUN,Prizmic D.,Passaro F.,0,0,hc,-5.50,away,ft,1.308,4
lSO7mSUN,Prizmic D.,Passaro F.,0,0,hc,-6.00,home,ft,4.5,3
lSO7mSUN,Prizmic D.,Passaro F.,0,0,hc,-6.00,away,ft,1.17,3
lSO7mSUN,Prizmic D.,Passaro F.,0,0,hc,-7.50,home,ft,9.9,1
lSO7mSUN,Prizmic D.,Passaro F.,0,0,hc,-7.50,away,ft,1.06,1
ddC9xwEl,Ugo Carabelli C.,Burruchaga R. A.,0,0,ou,2.50,over,ft,2.357,3
ddC9xwEl,Ugo Carabelli C.,Burruchaga R. A.,0,0,ou,2.50,under,ft,1.593,3
ddC9xwEl,Ugo Carabelli C.,Burruchaga R. A.,0,0,ou,16.50,over,ft,1.05,1
ddC9xwEl,Ugo Carabelli C.,Burruchaga R. A.,0,0,ou,16.50,under,ft,6.47,1
ddC9xwEl,Ugo Carabelli C.,Burruchaga R. A.,0,0,ou,17.50,over,ft,1.15,1
ddC9xwEl,Ugo Carabelli C.,Burruchaga R. A.,0,0,ou,17.50,under,ft,4.5,1
ddC9xwEl,Ugo Carabelli C.,Burruchaga R. A.,0,0,ou,18.50,over,ft,1.28,2
ddC9xwEl,Ugo Carabelli C.,Burruchaga R. A.,0,0,ou,18.50,under,ft,3.445,2
ddC9xwEl,Ugo Carabelli C.,Burruchaga R. A.,0,0,ou,19.00,over,ft,1.288,4
ddC9xwEl,Ugo Carabelli C.,Burruchaga R. A.,0,0,ou,19.00,under,ft,3.038,4
ddC9xwEl,Ugo Carabelli C.,Burruchaga R. A.,0,0,ou,19.50,over,ft,1.407,4
ddC9xwEl,Ugo Carabelli C.,Burruchaga R. A.,0,0,ou,19.50,under,ft,2.62,4
ddC9xwEl,Ugo Carabelli C.,Burruchaga R. A.,0,0,ou,20.00,over,ft,1.438,4
ddC9xwEl,Ugo Carabelli C.,Burruchaga R. A.,0,0,ou,20.00,under,ft,2.465,4
ddC9xwEl,Ugo Carabelli C.,Burruchaga R. A.,0,0,ou,20.50,over,ft,1.571,7
ddC9xwEl,Ugo Carabelli C.,Burruchaga R. A.,0,0,ou,20.50,under,ft,2.25,7
ddC9xwEl,Ugo Carabelli C.,Burruchaga R. A.,0,0,ou,21.00,over,ft,1.663,7
ddC9xwEl,Ugo Carabelli C.,Burruchaga R. A.,0,0,ou,21.00,under,ft,2.134,7
ddC9xwEl,Ugo Carabelli C.,Burruchaga R. A.,0,0,ou,21.50,over,ft,1.776,9
ddC9xwEl,Ugo Carabelli C.,Burruchaga R. A.,0,0,ou,21.50,under,ft,1.979,9
ddC9xwEl,Ugo Carabelli C.,Burruchaga R. A.,0,0,ou,22.00,over,ft,1.884,7
ddC9xwEl,Ugo Carabelli C.,Burruchaga R. A.,0,0,ou,22.00,under,ft,1.876,7
ddC9xwEl,Ugo Carabelli C.,Burruchaga R. A.,0,0,ou,22.50,over,ft,1.986,9
ddC9xwEl,Ugo Carabelli C.,Burruchaga R. A.,0,0,ou,22.50,under,ft,1.801,9
ddC9xwEl,Ugo Carabelli C.,Burruchaga R. A.,0,0,ou,23.00,over,ft,2.119,7
ddC9xwEl,Ugo Carabelli C.,Burruchaga R. A.,0,0,ou,23.00,under,ft,1.683,7
ddC9xwEl,Ugo Carabelli C.,Burruchaga R. A.,0,0,ou,23.50,over,ft,2.187,6
ddC9xwEl,Ugo Carabelli C.,Burruchaga R. A.,0,0,ou,23.50,under,ft,1.605,6
ddC9xwEl,Ugo Carabelli C.,Burruchaga R. A.,0,0,ou,24.00,over,ft,2.215,4
ddC9xwEl,Ugo Carabelli C.,Burruchaga R. A.,0,0,ou,24.00,under,ft,1.565,4
ddC9xwEl,Ugo Carabelli C.,Burruchaga R. A.,0,0,ou,24.50,over,ft,2.25,6
ddC9xwEl,Ugo Carabelli C.,Burruchaga R. A.,0,0,ou,24.50,under,ft,1.557,6
ddC9xwEl,Ugo Carabelli C.,Burruchaga R. A.,0,0,ou,25.00,over,ft,2.355,4
ddC9xwEl,Ugo Carabelli C.,Burruchaga R. A.,0,0,ou,25.00,under,ft,1.478,4
ddC9xwEl,Ugo Carabelli C.,Burruchaga R. A.,0,0,ou,25.50,over,ft,2.43,1
ddC9xwEl,Ugo Carabelli C.,Burruchaga R. A.,0,0,ou,25.50,under,ft,1.48,1
ddC9xwEl,Ugo Carabelli C.,Burruchaga R. A.,0,0,ou,26.50,over,ft,2.87,2
ddC9xwEl,Ugo Carabelli C.,Burruchaga R. A.,0,0,ou,26.50,under,ft,1.385,2
ddC9xwEl,Ugo Carabelli C.,Burruchaga R. A.,0,0,ou,27.50,over,ft,3.04,1
ddC9xwEl,Ugo Carabelli C.,Burruchaga R. A.,0,0,ou,27.50,under,ft,1.32,1
ddC9xwEl,Ugo Carabelli C.,Burruchaga R. A.,0,0,ou,28.50,over,ft,3.31,1
ddC9xwEl,Ugo Carabelli C.,Burruchaga R. A.,0,0,ou,28.50,under,ft,1.27,1
ddC9xwEl,Ugo Carabelli C.,Burruchaga R. A.,0,0,ou,29.50,over,ft,3.83,1
ddC9xwEl,Ugo Carabelli C.,Burruchaga R. A.,0,0,ou,29.50,under,ft,1.21,1
ddC9xwEl,Ugo Carabelli C.,Burruchaga R. A.,0,0,ou,30.50,over,ft,4.57,1
ddC9xwEl,Ugo Carabelli C.,Burruchaga R. A.,0,0,ou,30.50,under,ft,1.15,1
ddC9xwEl,Ugo Carabelli C.,Burruchaga R. A.,0,0,ou,31.50,over,ft,5.6,1
ddC9xwEl,Ugo Carabelli C.,Burruchaga R. A.,0,0,ou,31.50,under,ft,1.09,1
ddC9xwEl,Ugo Carabelli C.,Burruchaga R. A.,0,0,hc,1.50,home,ft,1.306,5
ddC9xwEl,Ugo Carabelli C.,Burruchaga R. A.,0,0,hc,1.50,away,ft,3.414,5
ddC9xwEl,Ugo Carabelli C.,Burruchaga R. A.,0,0,hc,-1.50,home,ft,2.684,7
ddC9xwEl,Ugo Carabelli C.,Burruchaga R. A.,0,0,hc,-1.50,away,ft,1.441,7
ddC9xwEl,Ugo Carabelli C.,Burruchaga R. A.,0,0,hc,0,home,ft,1.694,5
ddC9xwEl,Ugo Carabelli C.,Burruchaga R. A.,0,0,hc,0,away,ft,2.072,5
ddC9xwEl,Ugo Carabelli C.,Burruchaga R. A.,0,0,hc,12.00,home,ft,1.59,1
ddC9xwEl,Ugo Carabelli C.,Burruchaga R. A.,0,0,hc,12.00,away,ft,1.84,1
ddC9xwEl,Ugo Carabelli C.,Burruchaga R. A.,0,0,hc,12.50,home,ft,1.78,1
ddC9xwEl,Ugo Carabelli C.,Burruchaga R. A.,0,0,hc,12.50,away,ft,1.65,1
ddC9xwEl,Ugo Carabelli C.,Burruchaga R. A.,0,0,hc,0.50,home,ft,1.68,5
ddC9xwEl,Ugo Carabelli C.,Burruchaga R. A.,0,0,hc,0.50,away,ft,2.102,5
ddC9xwEl,Ugo Carabelli C.,Burruchaga R. A.,0,0,hc,-0.50,home,ft,1.744,7
ddC9xwEl,Ugo Carabelli C.,Burruchaga R. A.,0,0,hc,-0.50,away,ft,2.003,7
ddC9xwEl,Ugo Carabelli C.,Burruchaga R. A.,0,0,hc,1.00,home,ft,1.56,3
ddC9xwEl,Ugo Carabelli C.,Burruchaga R. A.,0,0,hc,1.00,away,ft,2.22,3
ddC9xwEl,Ugo Carabelli C.,Burruchaga R. A.,0,0,hc,-1.00,home,ft,1.8,5
ddC9xwEl,Ugo Carabelli C.,Burruchaga R. A.,0,0,hc,-1.00,away,ft,1.946,5
ddC9xwEl,Ugo Carabelli C.,Burruchaga R. A.,0,0,hc,1.50,home,ft,1.545,4
ddC9xwEl,Ugo Carabelli C.,Burruchaga R. A.,0,0,hc,1.50,away,ft,2.29,4
ddC9xwEl,Ugo Carabelli C.,Burruchaga R. A.,0,0,hc,-1.50,home,ft,1.864,7
ddC9xwEl,Ugo Carabelli C.,Burruchaga R. A.,0,0,hc,-1.50,away,ft,1.917,7
ddC9xwEl,Ugo Carabelli C.,Burruchaga R. A.,0,0,hc,2.00,home,ft,1.46,3
ddC9xwEl,Ugo Carabelli C.,Burruchaga R. A.,0,0,hc,2.00,away,ft,2.44,3
ddC9xwEl,Ugo Carabelli C.,Burruchaga R. A.,0,0,hc,-2.00,home,ft,1.954,5
ddC9xwEl,Ugo Carabelli C.,Burruchaga R. A.,0,0,hc,-2.00,away,ft,1.792,5
ddC9xwEl,Ugo Carabelli C.,Burruchaga R. A.,0,0,hc,2.50,home,ft,1.48,3
ddC9xwEl,Ugo Carabelli C.,Burruchaga R. A.,0,0,hc,2.50,away,ft,2.41,3
ddC9xwEl,Ugo Carabelli C.,Burruchaga R. A.,0,0,hc,-2.50,home,ft,2.049,7
ddC9xwEl,Ugo Carabelli C.,Burruchaga R. A.,0,0,hc,-2.50,away,ft,1.713,7
ddC9xwEl,Ugo Carabelli C.,Burruchaga R. A.,0,0,hc,-3.00,home,ft,2.194,5
ddC9xwEl,Ugo Carabelli C.,Burruchaga R. A.,0,0,hc,-3.00,away,ft,1.622,5
ddC9xwEl,Ugo Carabelli C.,Burruchaga R. A.,0,0,hc,3.50,home,ft,1.37,1
ddC9xwEl,Ugo Carabelli C.,Burruchaga R. A.,0,0,hc,3.50,away,ft,3.04,1
ddC9xwEl,Ugo Carabelli C.,Burruchaga R. A.,0,0,hc,-3.50,home,ft,2.297,6
ddC9xwEl,Ugo Carabelli C.,Burruchaga R. A.,0,0,hc,-3.50,away,ft,1.552,6
ddC9xwEl,Ugo Carabelli C.,Burruchaga R. A.,0,0,hc,-4.00,home,ft,2.73,3
ddC9xwEl,Ugo Carabelli C.,Burruchaga R. A.,0,0,hc,-4.00,away,ft,1.38,3
ddC9xwEl,Ugo Carabelli C.,Burruchaga R. A.,0,0,hc,-4.50,home,ft,2.69,3
ddC9xwEl,Ugo Carabelli C.,Burruchaga R. A.,0,0,hc,-4.50,away,ft,1.39,3
ddC9xwEl,Ugo Carabelli C.,Burruchaga R. A.,0,0,hc,-5.00,home,ft,3.35,3
ddC9xwEl,Ugo Carabelli C.,Burruchaga R. A.,0,0,hc,-5.00,away,ft,1.26,3
ddC9xwEl,Ugo Carabelli C.,Burruchaga R. A.,0,0,hc,-5.50,home,ft,4.2,1
ddC9xwEl,Ugo Carabelli C.,Burruchaga R. A.,0,0,hc,-5.50,away,ft,1.22,1
4t6Bdb5K,Taberner C.,Baez S.,,,ou,2.50,over,ft,3.143,3
4t6Bdb5K,Taberner C.,Baez S.,,,ou,2.50,under,ft,1.317,3
4t6Bdb5K,Taberner C.,Baez S.,,,ou,15.50,over,ft,1.04,1
4t6Bdb5K,Taberner C.,Baez S.,,,ou,15.50,under,ft,5.11,1
4t6Bdb5K,Taberner C.,Baez S.,,,ou,16.00,over,ft,1.137,4
4t6Bdb5K,Taberner C.,Baez S.,,,ou,16.00,under,ft,4.32,4
4t6Bdb5K,Taberner C.,Baez S.,,,ou,16.50,over,ft,1.27,4
4t6Bdb5K,Taberner C.,Baez S.,,,ou,16.50,under,ft,3.118,4
4t6Bdb5K,Taberner C.,Baez S.,,,ou,17.00,over,ft,1.333,4
4t6Bdb5K,Taberner C.,Baez S.,,,ou,17.00,under,ft,2.837,4
4t6Bdb5K,Taberner C.,Baez S.,,,ou,17.50,over,ft,1.482,4
4t6Bdb5K,Taberner C.,Baez S.,,,ou,17.50,under,ft,2.42,4
4t6Bdb5K,Taberner C.,Baez S.,,,ou,18.00,over,ft,1.566,5
4t6Bdb5K,Taberner C.,Baez S.,,,ou,18.00,under,ft,2.314,5
4t6Bdb5K,Taberner C.,Baez S.,,,ou,18.50,over,ft,1.682,9
4t6Bdb5K,Taberner C.,Baez S.,,,ou,18.50,under,ft,2.117,9
4t6Bdb5K,Taberner C.,Baez S.,,,ou,19.00,over,ft,1.831,7
4t6Bdb5K,Taberner C.,Baez S.,,,ou,19.00,under,ft,1.904,7
4t6Bdb5K,Taberner C.,Baez S.,,,ou,19.50,over,ft,1.957,9
4t6Bdb5K,Taberner C.,Baez S.,,,ou,19.50,under,ft,1.778,9
4t6Bdb5K,Taberner C.,Baez S.,,,ou,20.00,over,ft,2.166,7
4t6Bdb5K,Taberner C.,Baez S.,,,ou,20.00,under,ft,1.621,7
4t6Bdb5K,Taberner C.,Baez S.,,,ou,20.50,over,ft,2.238,9
4t6Bdb5K,Taberner C.,Baez S.,,,ou,20.50,under,ft,1.589,9
4t6Bdb5K,Taberner C.,Baez S.,,,ou,21.00,over,ft,2.426,5
4t6Bdb5K,Taberner C.,Baez S.,,,ou,21.00,under,ft,1.446,5
4t6Bdb5K,Taberner C.,Baez S.,,,ou,21.50,over,ft,2.29,5
4t6Bdb5K,Taberner C.,Baez S.,,,ou,21.50,under,ft,1.538,5
4t6Bdb5K,Taberner C.,Baez S.,,,ou,22.00,over,ft,2.575,4
4t6Bdb5K,Taberner C.,Baez S.,,,ou,22.00,under,ft,1.382,4
4t6Bdb5K,Taberner C.,Baez S.,,,ou,22.50,over,ft,3.055,4
4t6Bdb5K,Taberner C.,Baez S.,,,ou,22.50,under,ft,1.292,4
4t6Bdb5K,Taberner C.,Baez S.,,,ou,23.00,over,ft,2.71,4
4t6Bdb5K,Taberner C.,Baez S.,,,ou,23.00,under,ft,1.347,4
4t6Bdb5K,Taberner C.,Baez S.,,,ou,23.50,over,ft,3.537,4
4t6Bdb5K,Taberner C.,Baez S.,,,ou,23.50,under,ft,1.22,4
4t6Bdb5K,Taberner C.,Baez S.,,,ou,24.50,over,ft,3.95,4
4t6Bdb5K,Taberner C.,Baez S.,,,ou,24.50,under,ft,1.188,4
4t6Bdb5K,Taberner C.,Baez S.,,,ou,25.50,over,ft,3.03,1
4t6Bdb5K,Taberner C.,Baez S.,,,ou,25.50,under,ft,1.25,1
4t6Bdb5K,Taberner C.,Baez S.,,,ou,26.50,over,ft,3.12,1
4t6Bdb5K,Taberner C.,Baez S.,,,ou,26.50,under,ft,1.2,1
4t6Bdb5K,Taberner C.,Baez S.,,,ou,27.50,over,ft,3.42,1
4t6Bdb5K,Taberner C.,Baez S.,,,ou,27.50,under,ft,1.16,1
4t6Bdb5K,Taberner C.,Baez S.,,,ou,28.50,over,ft,3.93,1
4t6Bdb5K,Taberner C.,Baez S.,,,ou,28.50,under,ft,1.11,1
4t6Bdb5K,Taberner C.,Baez S.,,,ou,29.50,over,ft,4.57,1
4t6Bdb5K,Taberner C.,Baez S.,,,ou,29.50,under,ft,1.07,1
4t6Bdb5K,Taberner C.,Baez S.,,,ou,30.50,over,ft,5.45,1
4t6Bdb5K,Taberner C.,Baez S.,,,ou,30.50,under,ft,1.03,1
4t6Bdb5K,Taberner C.,Baez S.,,,hc,1.50,home,ft,2.327,7
4t6Bdb5K,Taberner C.,Baez S.,,,hc,1.50,away,ft,1.559,7
4t6Bdb5K,Taberner C.,Baez S.,,,hc,-1.50,home,ft,6.64,5
4t6Bdb5K,Taberner C.,Baez S.,,,hc,-1.50,away,ft,1.098,5
4t6Bdb5K,Taberner C.,Baez S.,,,hc,2.00,home,ft,3.4,3
4t6Bdb5K,Taberner C.,Baez S.,,,hc,2.00,away,ft,1.28,3
4t6Bdb5K,Taberner C.,Baez S.,,,hc,2.50,home,ft,3.1,3
4t6Bdb5K,Taberner C.,Baez S.,,,hc,2.50,away,ft,1.33,3
4t6Bdb5K,Taberner C.,Baez S.,,,hc,3.00,home,ft,3.14,3
4t6Bdb5K,Taberner C.,Baez S.,,,hc,3.00,away,ft,1.32,3
4t6Bdb5K,Taberner C.,Baez S.,,,hc,3.50,home,ft,2.812,4
4t6Bdb5K,Taberner C.,Baez S.,,,hc,3.50,away,ft,1.392,4
4t6Bdb5K,Taberner C.,Baez S.,,,hc,4.00,home,ft,2.678,5
4t6Bdb5K,Taberner C.,Baez S.,,,hc,4.00,away,ft,1.45,5
4t6Bdb5K,Taberner C.,Baez S.,,,hc,4.50,home,ft,2.331,7
4t6Bdb5K,Taberner C.,Baez S.,,,hc,4.50,away,ft,1.57,7
4t6Bdb5K,Taberner C.,Baez S.,,,hc,5.00,home,ft,2.132,5
4t6Bdb5K,Taberner C.,Baez S.,,,hc,5.00,away,ft,1.69,5
4t6Bdb5K,Taberner C.,Baez S.,,,hc,5.50,home,ft,1.902,6
4t6Bdb5K,Taberner C.,Baez S.,,,hc,5.50,away,ft,1.907,6
4t6Bdb5K,Taberner C.,Baez S.,,,hc,6.00,home,ft,1.656,5
4t6Bdb5K,Taberner C.,Baez S.,,,hc,6.00,away,ft,2.198,5
4t6Bdb5K,Taberner C.,Baez S.,,,hc,6.50,home,ft,1.511,7
4t6Bdb5K,Taberner C.,Baez S.,,,hc,6.50,away,ft,2.486,7
4t6Bdb5K,Taberner C.,Baez S.,,,hc,7.00,home,ft,1.36,3
4t6Bdb5K,Taberner C.,Baez S.,,,hc,7.00,away,ft,2.92,3
4t6Bdb5K,Taberner C.,Baez S.,,,hc,7.50,home,ft,1.3,3
4t6Bdb5K,Taberner C.,Baez S.,,,hc,7.50,away,ft,3.26,3
4t6Bdb5K,Taberner C.,Baez S.,,,hc,8.00,home,ft,1.15,3
4t6Bdb5K,Taberner C.,Baez S.,,,hc,8.00,away,ft,4.8,3
EH64oYdJ,Sonego L.,Berrettini M.,,,ou,2.50,over,ft,2.373,3
EH64oYdJ,Sonego L.,Berrettini M.,,,ou,2.50,under,ft,1.52,3
EH64oYdJ,Sonego L.,Berrettini M.,,,ou,16.50,under,ft,6.82,1
EH64oYdJ,Sonego L.,Berrettini M.,,,ou,17.50,under,ft,6.48,1
EH64oYdJ,Sonego L.,Berrettini M.,,,ou,18.50,over,ft,1.11,1
EH64oYdJ,Sonego L.,Berrettini M.,,,ou,18.50,under,ft,3.93,1
EH64oYdJ,Sonego L.,Berrettini M.,,,ou,19.50,over,ft,1.21,1
EH64oYdJ,Sonego L.,Berrettini M.,,,ou,19.50,under,ft,3.05,1
EH64oYdJ,Sonego L.,Berrettini M.,,,ou,20.00,over,ft,1.28,4
EH64oYdJ,Sonego L.,Berrettini M.,,,ou,20.00,under,ft,3.018,4
EH64oYdJ,Sonego L.,Berrettini M.,,,ou,20.50,over,ft,1.39,4
EH64oYdJ,Sonego L.,Berrettini M.,,,ou,20.50,under,ft,2.58,4
EH64oYdJ,Sonego L.,Berrettini M.,,,ou,21.00,over,ft,1.44,4
EH64oYdJ,Sonego L.,Berrettini M.,,,ou,21.00,under,ft,2.447,4
EH64oYdJ,Sonego L.,Berrettini M.,,,ou,21.50,over,ft,1.552,9
EH64oYdJ,Sonego L.,Berrettini M.,,,ou,21.50,under,ft,2.324,9
EH64oYdJ,Sonego L.,Berrettini M.,,,ou,22.00,over,ft,1.64,7
EH64oYdJ,Sonego L.,Berrettini M.,,,ou,22.00,under,ft,2.143,7
EH64oYdJ,Sonego L.,Berrettini M.,,,ou,22.50,over,ft,1.834,9
EH64oYdJ,Sonego L.,Berrettini M.,,,ou,22.50,under,ft,1.891,9
EH64oYdJ,Sonego L.,Berrettini M.,,,ou,23.00,over,ft,1.933,7
EH64oYdJ,Sonego L.,Berrettini M.,,,ou,23.00,under,ft,1.791,7
EH64oYdJ,Sonego L.,Berrettini M.,,,ou,23.50,over,ft,2.067,9
EH64oYdJ,Sonego L.,Berrettini M.,,,ou,23.50,under,ft,1.69,9
EH64oYdJ,Sonego L.,Berrettini M.,,,ou,24.00,over,ft,2.077,6
EH64oYdJ,Sonego L.,Berrettini M.,,,ou,24.00,under,ft,1.658,6
EH64oYdJ,Sonego L.,Berrettini M.,,,ou,24.50,over,ft,2.028,5
EH64oYdJ,Sonego L.,Berrettini M.,,,ou,24.50,under,ft,1.666,5
EH64oYdJ,Sonego L.,Berrettini M.,,,ou,25.00,over,ft,2.132,4
EH64oYdJ,Sonego L.,Berrettini M.,,,ou,25.00,under,ft,1.558,4
EH64oYdJ,Sonego L.,Berrettini M.,,,ou,25.50,over,ft,2.105,4
EH64oYdJ,Sonego L.,Berrettini M.,,,ou,25.50,under,ft,1.585,4
EH64oYdJ,Sonego L.,Berrettini M.,,,ou,26.00,over,ft,2.29,4
EH64oYdJ,Sonego L.,Berrettini M.,,,ou,26.00,under,ft,1.482,4
EH64oYdJ,Sonego L.,Berrettini M.,,,ou,26.50,over,ft,2.43,1
EH64oYdJ,Sonego L.,Berrettini M.,,,ou,26.50,under,ft,1.35,1
EH64oYdJ,Sonego L.,Berrettini M.,,,ou,27.50,over,ft,2.61,1
EH64oYdJ,Sonego L.,Berrettini M.,,,ou,27.50,under,ft,1.3,1
EH64oYdJ,Sonego L.,Berrettini M.,,,ou,28.50,over,ft,2.94,1
EH64oYdJ,Sonego L.,Berrettini M.,,,ou,28.50,under,ft,1.23,1
EH64oYdJ,Sonego L.,Berrettini M.,,,ou,29.50,over,ft,3.05,1
EH64oYdJ,Sonego L.,Berrettini M.,,,ou,29.50,under,ft,1.21,1
EH64oYdJ,Sonego L.,Berrettini M.,,,ou,30.50,over,ft,3.42,1
EH64oYdJ,Sonego L.,Berrettini M.,,,ou,30.50,under,ft,1.16,1
EH64oYdJ,Sonego L.,Berrettini M.,,,ou,31.50,over,ft,4.05,1
EH64oYdJ,Sonego L.,Berrettini M.,,,ou,31.50,under,ft,1.1,1
EH64oYdJ,Sonego L.,Berrettini M.,,,ou,32.50,over,ft,5.11,1
EH64oYdJ,Sonego L.,Berrettini M.,,,ou,32.50,under,ft,1.04,1
EH64oYdJ,Sonego L.,Berrettini M.,,,hc,1.50,home,ft,1.62,7
EH64oYdJ,Sonego L.,Berrettini M.,,,hc,1.50,away,ft,2.197,7
EH64oYdJ,Sonego L.,Berrettini M.,,,hc,-1.50,home,ft,4.506,5
EH64oYdJ,Sonego L.,Berrettini M.,,,hc,-1.50,away,ft,1.178,5
EH64oYdJ,Sonego L.,Berrettini M.,,,hc,0,home,ft,2.66,3
EH64oYdJ,Sonego L.,Berrettini M.,,,hc,0,away,ft,1.43,3
EH64oYdJ,Sonego L.,Berrettini M.,,,hc,12.50,home,ft,1.73,1
EH64oYdJ,Sonego L.,Berrettini M.,,,hc,12.50,away,ft,2.23,1
EH64oYdJ,Sonego L.,Berrettini M.,,,hc,0.50,home,ft,2.5,3
EH64oYdJ,Sonego L.,Berrettini M.,,,hc,0.50,away,ft,1.48,3
EH64oYdJ,Sonego L.,Berrettini M.,,,hc,1.00,home,ft,2.39,3
EH64oYdJ,Sonego L.,Berrettini M.,,,hc,1.00,away,ft,1.52,3
EH64oYdJ,Sonego L.,Berrettini M.,,,hc,1.50,home,ft,2.279,7
EH64oYdJ,Sonego L.,Berrettini M.,,,hc,1.50,away,ft,1.593,7
EH64oYdJ,Sonego L.,Berrettini M.,,,hc,2.00,home,ft,2.136,5
EH64oYdJ,Sonego L.,Berrettini M.,,,hc,2.00,away,ft,1.678,5
EH64oYdJ,Sonego L.,Berrettini M.,,,hc,2.50,home,ft,2.022,6
EH64oYdJ,Sonego L.,Berrettini M.,,,hc,2.50,away,ft,1.818,6
EH64oYdJ,Sonego L.,Berrettini M.,,,hc,3.00,home,ft,1.784,5
EH64oYdJ,Sonego L.,Berrettini M.,,,hc,3.00,away,ft,1.99,5
EH64oYdJ,Sonego L.,Berrettini M.,,,hc,3.50,home,ft,1.667,7
EH64oYdJ,Sonego L.,Berrettini M.,,,hc,3.50,away,ft,2.126,7
EH64oYdJ,Sonego L.,Berrettini M.,,,hc,4.00,home,ft,1.43,5
EH64oYdJ,Sonego L.,Berrettini M.,,,hc,4.00,away,ft,2.754,5
EH64oYdJ,Sonego L.,Berrettini M.,,,hc,4.50,home,ft,1.37,4
EH64oYdJ,Sonego L.,Berrettini M.,,,hc,4.50,away,ft,2.91,4
EH64oYdJ,Sonego L.,Berrettini M.,,,hc,5.00,home,ft,1.19,3
EH64oYdJ,Sonego L.,Berrettini M.,,,hc,5.00,away,ft,4.2,3
EH64oYdJ,Sonego L.,Berrettini M.,,,hc,5.50,home,ft,1.22,3
EH64oYdJ,Sonego L.,Berrettini M.,,,hc,5.50,away,ft,3.9,3
EH64oYdJ,Sonego L.,Berrettini M.,,,hc,6.00,home,ft,1.1,3
EH64oYdJ,Sonego L.,Berrettini M.,,,hc,6.00,away,ft,5.9,3
hbITcVAk,Prizmic D.,Muller A.,,,ou,2.50,over,ft,2.43,3
hbITcVAk,Prizmic D.,Muller A.,,,ou,2.50,under,ft,1.477,3
hbITcVAk,Prizmic D.,Muller A.,,,ou,16.50,over,ft,1.05,1
hbITcVAk,Prizmic D.,Muller A.,,,ou,16.50,under,ft,4.94,1
hbITcVAk,Prizmic D.,Muller A.,,,ou,17.50,over,ft,1.14,1
hbITcVAk,Prizmic D.,Muller A.,,,ou,17.50,under,ft,3.6,1
hbITcVAk,Prizmic D.,Muller A.,,,ou,18.50,over,ft,1.27,1
hbITcVAk,Prizmic D.,Muller A.,,,ou,18.50,under,ft,2.95,1
hbITcVAk,Prizmic D.,Muller A.,,,ou,19.00,over,ft,1.325,4
hbITcVAk,Prizmic D.,Muller A.,,,ou,19.00,under,ft,2.792,4
hbITcVAk,Prizmic D.,Muller A.,,,ou,19.50,over,ft,1.462,4
hbITcVAk,Prizmic D.,Muller A.,,,ou,19.50,under,ft,2.41,4
hbITcVAk,Prizmic D.,Muller A.,,,ou,20.00,over,ft,1.568,5
hbITcVAk,Prizmic D.,Muller A.,,,ou,20.00,under,ft,2.238,5
hbITcVAk,Prizmic D.,Muller A.,,,ou,20.50,over,ft,1.667,8
hbITcVAk,Prizmic D.,Muller A.,,,ou,20.50,under,ft,2.086,8
hbITcVAk,Prizmic D.,Muller A.,,,ou,21.00,over,ft,1.755,6
hbITcVAk,Prizmic D.,Muller A.,,,ou,21.00,under,ft,1.94,6
hbITcVAk,Prizmic D.,Muller A.,,,ou,21.50,over,ft,1.869,9
hbITcVAk,Prizmic D.,Muller A.,,,ou,21.50,under,ft,1.858,9
hbITcVAk,Prizmic D.,Muller A.,,,ou,22.00,over,ft,1.985,6
hbITcVAk,Prizmic D.,Muller A.,,,ou,22.00,under,ft,1.72,6
hbITcVAk,Prizmic D.,Muller A.,,,ou,22.50,over,ft,2.103,9
hbITcVAk,Prizmic D.,Muller A.,,,ou,22.50,under,ft,1.658,9
hbITcVAk,Prizmic D.,Muller A.,,,ou,23.00,over,ft,2.232,4
hbITcVAk,Prizmic D.,Muller A.,,,ou,23.00,under,ft,1.525,4
hbITcVAk,Prizmic D.,Muller A.,,,ou,23.50,over,ft,2.317,4
hbITcVAk,Prizmic D.,Muller A.,,,ou,23.50,under,ft,1.5,4
hbITcVAk,Prizmic D.,Muller A.,,,ou,24.00,over,ft,2.357,4
hbITcVAk,Prizmic D.,Muller A.,,,ou,24.00,under,ft,1.455,4
hbITcVAk,Prizmic D.,Muller A.,,,ou,24.50,over,ft,2.272,4
hbITcVAk,Prizmic D.,Muller A.,,,ou,24.50,under,ft,1.51,4
hbITcVAk,Prizmic D.,Muller A.,,,ou,25.00,over,ft,2.39,3
hbITcVAk,Prizmic D.,Muller A.,,,ou,25.00,under,ft,1.47,3
hbITcVAk,Prizmic D.,Muller A.,,,ou,25.50,over,ft,2.5,1
hbITcVAk,Prizmic D.,Muller A.,,,ou,25.50,under,ft,1.37,1
hbITcVAk,Prizmic D.,Muller A.,,,ou,26.50,over,ft,2.77,1
hbITcVAk,Prizmic D.,Muller A.,,,ou,26.50,under,ft,1.3,1
hbITcVAk,Prizmic D.,Muller A.,,,ou,27.50,over,ft,2.99,1
hbITcVAk,Prizmic D.,Muller A.,,,ou,27.50,under,ft,1.22,1
hbITcVAk,Prizmic D.,Muller A.,,,ou,28.50,over,ft,3.42,1
hbITcVAk,Prizmic D.,Muller A.,,,ou,28.50,under,ft,1.16,1
hbITcVAk,Prizmic D.,Muller A.,,,ou,29.50,over,ft,3.93,1
hbITcVAk,Prizmic D.,Muller A.,,,ou,29.50,under,ft,1.11,1
hbITcVAk,Prizmic D.,Muller A.,,,ou,30.50,over,ft,4.74,1
hbITcVAk,Prizmic D.,Muller A.,,,ou,30.50,under,ft,1.06,1
hbITcVAk,Prizmic D.,Muller A.,,,ou,31.50,over,ft,5.51,1
hbITcVAk,Prizmic D.,Muller A.,,,ou,31.50,under,ft,1.03,1
hbITcVAk,Prizmic D.,Muller A.,,,hc,1.50,home,ft,1.17,5
hbITcVAk,Prizmic D.,Muller A.,,,hc,1.50,away,ft,4.652,5
hbITcVAk,Prizmic D.,Muller A.,,,hc,-1.50,home,ft,2.047,7
hbITcVAk,Prizmic D.,Muller A.,,,hc,-1.50,away,ft,1.714,7
hbITcVAk,Prizmic D.,Muller A.,,,hc,0,home,ft,1.46,3
hbITcVAk,Prizmic D.,Muller A.,,,hc,0,away,ft,2.56,3
hbITcVAk,Prizmic D.,Muller A.,,,hc,12.00,home,ft,1.39,1
hbITcVAk,Prizmic D.,Muller A.,,,hc,12.00,away,ft,2.17,1
hbITcVAk,Prizmic D.,Muller A.,,,hc,0.50,home,ft,1.56,3
hbITcVAk,Prizmic D.,Muller A.,,,hc,0.50,away,ft,2.2,3
hbITcVAk,Prizmic D.,Muller A.,,,hc,-0.50,home,ft,1.6,5
hbITcVAk,Prizmic D.,Muller A.,,,hc,-0.50,away,ft,2.252,5
hbITcVAk,Prizmic D.,Muller A.,,,hc,1.00,home,ft,1.42,3
hbITcVAk,Prizmic D.,Muller A.,,,hc,1.00,away,ft,2.59,3
hbITcVAk,Prizmic D.,Muller A.,,,hc,-1.00,home,ft,1.43,3
hbITcVAk,Prizmic D.,Muller A.,,,hc,-1.00,away,ft,2.66,3
hbITcVAk,Prizmic D.,Muller A.,,,hc,1.50,home,ft,1.47,3
hbITcVAk,Prizmic D.,Muller A.,,,hc,1.50,away,ft,2.43,3
hbITcVAk,Prizmic D.,Muller A.,,,hc,-1.50,home,ft,1.583,6
hbITcVAk,Prizmic D.,Muller A.,,,hc,-1.50,away,ft,2.29,6
hbITcVAk,Prizmic D.,Muller A.,,,hc,-2.00,home,ft,1.52,3
hbITcVAk,Prizmic D.,Muller A.,,,hc,-2.00,away,ft,2.39,3
hbITcVAk,Prizmic D.,Muller A.,,,hc,-2.50,home,ft,1.624,7
hbITcVAk,Prizmic D.,Muller A.,,,hc,-2.50,away,ft,2.2,7
hbITcVAk,Prizmic D.,Muller A.,,,hc,-3.00,home,ft,1.718,4
hbITcVAk,Prizmic D.,Muller A.,,,hc,-3.00,away,ft,2.06,4
hbITcVAk,Prizmic D.,Muller A.,,,hc,-3.50,home,ft,1.904,7
hbITcVAk,Prizmic D.,Muller A.,,,hc,-3.50,away,ft,1.896,7
hbITcVAk,Prizmic D.,Muller A.,,,hc,-4.00,home,ft,2.072,4
hbITcVAk,Prizmic D.,Muller A.,,,hc,-4.00,away,ft,1.715,4
hbITcVAk,Prizmic D.,Muller A.,,,hc,-4.50,home,ft,2.275,6
hbITcVAk,Prizmic D.,Muller A.,,,hc,-4.50,away,ft,1.588,6
hbITcVAk,Prizmic D.,Muller A.,,,hc,-5.00,home,ft,2.7,4
hbITcVAk,Prizmic D.,Muller A.,,,hc,-5.00,away,ft,1.435,4
hbITcVAk,Prizmic D.,Muller A.,,,hc,-5.50,home,ft,3.04,3
hbITcVAk,Prizmic D.,Muller A.,,,hc,-5.50,away,ft,1.34,3
hbITcVAk,Prizmic D.,Muller A.,,,hc,-6.00,home,ft,4.2,3
hbITcVAk,Prizmic D.,Muller A.,,,hc,-6.00,away,ft,1.2,3
AwkM3FCm,Hanfmann Y.,Reis Da Silva J.,2,2,ou,2.50,over,ft,2.697,4
AwkM3FCm,Hanfmann Y.,Reis Da Silva J.,2,2,ou,2.50,under,ft,1.462,4
AwkM3FCm,Hanfmann Y.,Reis Da Silva J.,2,2,ou,15.50,over,ft,1.05,1
AwkM3FCm,Hanfmann Y.,Reis Da Silva J.,2,2,ou,15.50,under,ft,4.9,1
AwkM3FCm,Hanfmann Y.,Reis Da Silva J.,2,2,ou,16.50,over,ft,1.13,1
AwkM3FCm,Hanfmann Y.,Reis Da Silva J.,2,2,ou,16.50,under,ft,4.77,1
AwkM3FCm,Hanfmann Y.,Reis Da Silva J.,2,2,ou,17.00,over,ft,1.175,4
AwkM3FCm,Hanfmann Y.,Reis Da Silva J.,2,2,ou,17.00,under,ft,3.835,4
AwkM3FCm,Hanfmann Y.,Reis Da Silva J.,2,2,ou,17.50,over,ft,1.305,4
AwkM3FCm,Hanfmann Y.,Reis Da Silva J.,2,2,ou,17.50,under,ft,3.11,4
AwkM3FCm,Hanfmann Y.,Reis Da Silva J.,2,2,ou,18.00,over,ft,1.248,4
AwkM3FCm,Hanfmann Y.,Reis Da Silva J.,2,2,ou,18.00,under,ft,3.34,4
AwkM3FCm,Hanfmann Y.,Reis Da Silva J.,2,2,ou,18.50,over,ft,1.412,6
AwkM3FCm,Hanfmann Y.,Reis Da Silva J.,2,2,ou,18.50,under,ft,2.668,6
AwkM3FCm,Hanfmann Y.,Reis Da Silva J.,2,2,ou,19.00,over,ft,1.407,4
AwkM3FCm,Hanfmann Y.,Reis Da Silva J.,2,2,ou,19.00,under,ft,2.558,4
AwkM3FCm,Hanfmann Y.,Reis Da Silva J.,2,2,ou,19.50,over,ft,1.587,8
AwkM3FCm,Hanfmann Y.,Reis Da Silva J.,2,2,ou,19.50,under,ft,2.215,8
AwkM3FCm,Hanfmann Y.,Reis Da Silva J.,2,2,ou,20.00,over,ft,1.63,7
AwkM3FCm,Hanfmann Y.,Reis Da Silva J.,2,2,ou,20.00,under,ft,2.186,7
AwkM3FCm,Hanfmann Y.,Reis Da Silva J.,2,2,ou,20.50,over,ft,1.781,9
AwkM3FCm,Hanfmann Y.,Reis Da Silva J.,2,2,ou,20.50,under,ft,1.987,9
AwkM3FCm,Hanfmann Y.,Reis Da Silva J.,2,2,ou,21.00,over,ft,1.874,7
AwkM3FCm,Hanfmann Y.,Reis Da Silva J.,2,2,ou,21.00,under,ft,1.883,7
AwkM3FCm,Hanfmann Y.,Reis Da Silva J.,2,2,ou,21.50,over,ft,1.972,9
AwkM3FCm,Hanfmann Y.,Reis Da Silva J.,2,2,ou,21.50,under,ft,1.784,9
AwkM3FCm,Hanfmann Y.,Reis Da Silva J.,2,2,ou,22.00,over,ft,2.129,7
AwkM3FCm,Hanfmann Y.,Reis Da Silva J.,2,2,ou,22.00,under,ft,1.676,7
AwkM3FCm,Hanfmann Y.,Reis Da Silva J.,2,2,ou,22.50,over,ft,2.22,8
AwkM3FCm,Hanfmann Y.,Reis Da Silva J.,2,2,ou,22.50,under,ft,1.589,8
AwkM3FCm,Hanfmann Y.,Reis Da Silva J.,2,2,ou,23.00,over,ft,2.332,5
AwkM3FCm,Hanfmann Y.,Reis Da Silva J.,2,2,ou,23.00,under,ft,1.534,5
AwkM3FCm,Hanfmann Y.,Reis Da Silva J.,2,2,ou,23.50,over,ft,2.442,4
AwkM3FCm,Hanfmann Y.,Reis Da Silva J.,2,2,ou,23.50,under,ft,1.465,4
AwkM3FCm,Hanfmann Y.,Reis Da Silva J.,2,2,ou,24.00,over,ft,2.493,4
AwkM3FCm,Hanfmann Y.,Reis Da Silva J.,2,2,ou,24.00,under,ft,1.427,4
AwkM3FCm,Hanfmann Y.,Reis Da Silva J.,2,2,ou,24.50,over,ft,2.67,5
AwkM3FCm,Hanfmann Y.,Reis Da Silva J.,2,2,ou,24.50,under,ft,1.406,5
AwkM3FCm,Hanfmann Y.,Reis Da Silva J.,2,2,ou,25.50,over,ft,3.042,4
AwkM3FCm,Hanfmann Y.,Reis Da Silva J.,2,2,ou,25.50,under,ft,1.318,4
AwkM3FCm,Hanfmann Y.,Reis Da Silva J.,2,2,ou,26.50,over,ft,3.51,4
AwkM3FCm,Hanfmann Y.,Reis Da Silva J.,2,2,ou,26.50,under,ft,1.238,4
AwkM3FCm,Hanfmann Y.,Reis Da Silva J.,2,2,ou,27.50,over,ft,3.48,1
AwkM3FCm,Hanfmann Y.,Reis Da Silva J.,2,2,ou,27.50,under,ft,1.24,1
AwkM3FCm,Hanfmann Y.,Reis Da Silva J.,2,2,ou,28.50,over,ft,3.92,1
AwkM3FCm,Hanfmann Y.,Reis Da Silva J.,2,2,ou,28.50,under,ft,1.19,1
AwkM3FCm,Hanfmann Y.,Reis Da Silva J.,2,2,ou,29.50,over,ft,4.65,1
AwkM3FCm,Hanfmann Y.,Reis Da Silva J.,2,2,ou,29.50,under,ft,1.14,1
AwkM3FCm,Hanfmann Y.,Reis Da Silva J.,2,2,ou,30.50,over,ft,5.57,1
AwkM3FCm,Hanfmann Y.,Reis Da Silva J.,2,2,ou,30.50,under,ft,1.1,1
AwkM3FCm,Hanfmann Y.,Reis Da Silva J.,2,2,hc,1.50,home,ft,1.112,5
AwkM3FCm,Hanfmann Y.,Reis Da Silva J.,2,2,hc,1.50,away,ft,6.292,5
AwkM3FCm,Hanfmann Y.,Reis Da Silva J.,2,2,hc,-1.50,home,ft,1.814,7
AwkM3FCm,Hanfmann Y.,Reis Da Silva J.,2,2,hc,-1.50,away,ft,1.946,7
AwkM3FCm,Hanfmann Y.,Reis Da Silva J.,2,2,hc,-1.00,home,ft,1.37,3
AwkM3FCm,Hanfmann Y.,Reis Da Silva J.,2,2,hc,-1.00,away,ft,2.89,3
AwkM3FCm,Hanfmann Y.,Reis Da Silva J.,2,2,hc,-1.50,home,ft,1.35,3
AwkM3FCm,Hanfmann Y.,Reis Da Silva J.,2,2,hc,-1.50,away,ft,2.84,3
AwkM3FCm,Hanfmann Y.,Reis Da Silva J.,2,2,hc,-2.00,home,ft,1.36,3
AwkM3FCm,Hanfmann Y.,Reis Da Silva J.,2,2,hc,-2.00,away,ft,2.94,3
AwkM3FCm,Hanfmann Y.,Reis Da Silva J.,2,2,hc,-2.50,home,ft,1.455,4
AwkM3FCm,Hanfmann Y.,Reis Da Silva J.,2,2,hc,-2.50,away,ft,2.632,4
AwkM3FCm,Hanfmann Y.,Reis Da Silva J.,2,2,hc,-3.00,home,ft,1.496,5
AwkM3FCm,Hanfmann Y.,Reis Da Silva J.,2,2,hc,-3.00,away,ft,2.542,5
AwkM3FCm,Hanfmann Y.,Reis Da Silva J.,2,2,hc,-3.50,home,ft,1.583,7
AwkM3FCm,Hanfmann Y.,Reis Da Silva J.,2,2,hc,-3.50,away,ft,2.301,7
AwkM3FCm,Hanfmann Y.,Reis Da Silva J.,2,2,hc,-4.00,home,ft,1.774,5
AwkM3FCm,Hanfmann Y.,Reis Da Silva J.,2,2,hc,-4.00,away,ft,2.022,5
AwkM3FCm,Hanfmann Y.,Reis Da Silva J.,2,2,hc,-4.50,home,ft,2.03,6
AwkM3FCm,Hanfmann Y.,Reis Da Silva J.,2,2,hc,-4.50,away,ft,1.792,6
AwkM3FCm,Hanfmann Y.,Reis Da Silva J.,2,2,hc,-5.00,home,ft,2.35,5
AwkM3FCm,Hanfmann Y.,Reis Da Silva J.,2,2,hc,-5.00,away,ft,1.574,5
AwkM3FCm,Hanfmann Y.,Reis Da Silva J.,2,2,hc,-5.50,home,ft,2.375,6
AwkM3FCm,Hanfmann Y.,Reis Da Silva J.,2,2,hc,-5.50,away,ft,1.545,6
AwkM3FCm,Hanfmann Y.,Reis Da Silva J.,2,2,hc,-6.00,home,ft,3.32,3
AwkM3FCm,Hanfmann Y.,Reis Da Silva J.,2,2,hc,-6.00,away,ft,1.29,3
AwkM3FCm,Hanfmann Y.,Reis Da Silva J.,2,2,hc,-6.50,home,ft,3.49,4
AwkM3FCm,Hanfmann Y.,Reis Da Silva J.,2,2,hc,-6.50,away,ft,1.28,4
AwkM3FCm,Hanfmann Y.,Reis Da Silva J.,2,2,hc,-7.00,home,ft,5.65,3
AwkM3FCm,Hanfmann Y.,Reis Da Silva J.,2,2,hc,-7.00,away,ft,1.11,3
AwkM3FCm,Hanfmann Y.,Reis Da Silva J.,2,2,hc,-7.50,home,ft,4.45,3
AwkM3FCm,Hanfmann Y.,Reis Da Silva J.,2,2,hc,-7.50,away,ft,1.18,3
AwkM3FCm,Hanfmann Y.,Reis Da Silva J.,2,2,hc,-8.00,home,ft,6.9,3
AwkM3FCm,Hanfmann Y.,Reis Da Silva J.,2,2,hc,-8.00,away,ft,1.07,3
txQs7Zm3,Marcondes I.,Buse I.,1,1,ou,2.50,over,ft,2.51,4
txQs7Zm3,Marcondes I.,Buse I.,1,1,ou,2.50,under,ft,1.528,4
txQs7Zm3,Marcondes I.,Buse I.,1,1,ou,16.50,over,ft,1.05,1
txQs7Zm3,Marcondes I.,Buse I.,1,1,ou,16.50,under,ft,6.42,1
txQs7Zm3,Marcondes I.,Buse I.,1,1,ou,17.50,over,ft,1.16,1
txQs7Zm3,Marcondes I.,Buse I.,1,1,ou,17.50,under,ft,4.38,1
txQs7Zm3,Marcondes I.,Buse I.,1,1,ou,18.50,over,ft,1.29,1
txQs7Zm3,Marcondes I.,Buse I.,1,1,ou,18.50,under,ft,3.18,1
txQs7Zm3,Marcondes I.,Buse I.,1,1,ou,19.00,over,ft,1.315,4
txQs7Zm3,Marcondes I.,Buse I.,1,1,ou,19.00,under,ft,2.935,4
txQs7Zm3,Marcondes I.,Buse I.,1,1,ou,19.50,over,ft,1.435,4
txQs7Zm3,Marcondes I.,Buse I.,1,1,ou,19.50,under,ft,2.538,4
txQs7Zm3,Marcondes I.,Buse I.,1,1,ou,20.00,over,ft,1.502,4
txQs7Zm3,Marcondes I.,Buse I.,1,1,ou,20.00,under,ft,2.357,4
txQs7Zm3,Marcondes I.,Buse I.,1,1,ou,20.50,over,ft,1.632,9
txQs7Zm3,Marcondes I.,Buse I.,1,1,ou,20.50,under,ft,2.178,9
txQs7Zm3,Marcondes I.,Buse I.,1,1,ou,21.00,over,ft,1.729,7
txQs7Zm3,Marcondes I.,Buse I.,1,1,ou,21.00,under,ft,2.05,7
txQs7Zm3,Marcondes I.,Buse I.,1,1,ou,21.50,over,ft,1.824,9
txQs7Zm3,Marcondes I.,Buse I.,1,1,ou,21.50,under,ft,1.941,9
txQs7Zm3,Marcondes I.,Buse I.,1,1,ou,22.00,over,ft,1.954,7
txQs7Zm3,Marcondes I.,Buse I.,1,1,ou,22.00,under,ft,1.806,7
txQs7Zm3,Marcondes I.,Buse I.,1,1,ou,22.50,over,ft,2.058,9
txQs7Zm3,Marcondes I.,Buse I.,1,1,ou,22.50,under,ft,1.699,9
txQs7Zm3,Marcondes I.,Buse I.,1,1,ou,23.00,over,ft,2.18,7
txQs7Zm3,Marcondes I.,Buse I.,1,1,ou,23.00,under,ft,1.617,7
txQs7Zm3,Marcondes I.,Buse I.,1,1,ou,23.50,over,ft,2.232,4
txQs7Zm3,Marcondes I.,Buse I.,1,1,ou,23.50,under,ft,1.552,4
txQs7Zm3,Marcondes I.,Buse I.,1,1,ou,24.00,over,ft,2.29,4
txQs7Zm3,Marcondes I.,Buse I.,1,1,ou,24.00,under,ft,1.505,4
txQs7Zm3,Marcondes I.,Buse I.,1,1,ou,24.50,over,ft,2.35,2
txQs7Zm3,Marcondes I.,Buse I.,1,1,ou,24.50,under,ft,1.515,2
txQs7Zm3,Marcondes I.,Buse I.,1,1,ou,25.50,over,ft,2.57,1
txQs7Zm3,Marcondes I.,Buse I.,1,1,ou,25.50,under,ft,1.43,1
txQs7Zm3,Marcondes I.,Buse I.,1,1,ou,26.50,over,ft,2.89,2
txQs7Zm3,Marcondes I.,Buse I.,1,1,ou,26.50,under,ft,1.36,2
txQs7Zm3,Marcondes I.,Buse I.,1,1,ou,27.50,over,ft,3.21,1
txQs7Zm3,Marcondes I.,Buse I.,1,1,ou,27.50,under,ft,1.29,1
txQs7Zm3,Marcondes I.,Buse I.,1,1,ou,28.50,over,ft,3.43,1
txQs7Zm3,Marcondes I.,Buse I.,1,1,ou,28.50,under,ft,1.25,1
txQs7Zm3,Marcondes I.,Buse I.,1,1,ou,29.50,over,ft,3.97,1
txQs7Zm3,Marcondes I.,Buse I.,1,1,ou,29.50,under,ft,1.19,1
txQs7Zm3,Marcondes I.,Buse I.,1,1,ou,30.50,over,ft,4.74,1
txQs7Zm3,Marcondes I.,Buse I.,1,1,ou,30.50,under,ft,1.13,1
txQs7Zm3,Marcondes I.,Buse I.,1,1,ou,31.50,over,ft,5.77,1
txQs7Zm3,Marcondes I.,Buse I.,1,1,ou,31.50,under,ft,1.09,1
txQs7Zm3,Marcondes I.,Buse I.,1,1,hc,1.50,home,ft,1.711,7
txQs7Zm3,Marcondes I.,Buse I.,1,1,hc,1.50,away,ft,2.077,7
txQs7Zm3,Marcondes I.,Buse I.,1,1,hc,-1.50,home,ft,4.942,5
txQs7Zm3,Marcondes I.,Buse I.,1,1,hc,-1.50,away,ft,1.166,5
txQs7Zm3,Marcondes I.,Buse I.,1,1,hc,12.00,home,ft,2.25,1
txQs7Zm3,Marcondes I.,Buse I.,1,1,hc,12.00,away,ft,1.34,1
txQs7Zm3,Marcondes I.,Buse I.,1,1,hc,1.00,home,ft,2.62,3
txQs7Zm3,Marcondes I.,Buse I.,1,1,hc,1.00,away,ft,1.44,3
txQs7Zm3,Marcondes I.,Buse I.,1,1,hc,1.50,home,ft,2.47,3
txQs7Zm3,Marcondes I.,Buse I.,1,1,hc,1.50,away,ft,1.49,3
txQs7Zm3,Marcondes I.,Buse I.,1,1,hc,2.00,home,ft,2.328,5
txQs7Zm3,Marcondes I.,Buse I.,1,1,hc,2.00,away,ft,1.582,5
txQs7Zm3,Marcondes I.,Buse I.,1,1,hc,2.50,home,ft,2.219,7
txQs7Zm3,Marcondes I.,Buse I.,1,1,hc,2.50,away,ft,1.629,7
txQs7Zm3,Marcondes I.,Buse I.,1,1,hc,3.00,home,ft,2.09,5
txQs7Zm3,Marcondes I.,Buse I.,1,1,hc,3.00,away,ft,1.714,5
txQs7Zm3,Marcondes I.,Buse I.,1,1,hc,3.50,home,ft,1.968,6
txQs7Zm3,Marcondes I.,Buse I.,1,1,hc,3.50,away,ft,1.868,6
txQs7Zm3,Marcondes I.,Buse I.,1,1,hc,4.00,home,ft,1.714,5
txQs7Zm3,Marcondes I.,Buse I.,1,1,hc,4.00,away,ft,2.094,5
txQs7Zm3,Marcondes I.,Buse I.,1,1,hc,4.50,home,ft,1.56,7
txQs7Zm3,Marcondes I.,Buse I.,1,1,hc,4.50,away,ft,2.36,7
txQs7Zm3,Marcondes I.,Buse I.,1,1,hc,5.00,home,ft,1.412,5
txQs7Zm3,Marcondes I.,Buse I.,1,1,hc,5.00,away,ft,2.824,5
txQs7Zm3,Marcondes I.,Buse I.,1,1,hc,5.50,home,ft,1.32,3
txQs7Zm3,Marcondes I.,Buse I.,1,1,hc,5.50,away,ft,3.14,3
txQs7Zm3,Marcondes I.,Buse I.,1,1,hc,6.00,home,ft,1.18,3
txQs7Zm3,Marcondes I.,Buse I.,1,1,hc,6.00,away,ft,4.4,3
