match_id,home,away,home_score,away_score,market,line,side,period,avg_odds,n_bookies
ED5LUbxK,Royer V.,Bublik A.,0,0,ou,2.50,over,ft,2.847,3
ED5LUbxK,Royer V.,Bublik A.,0,0,ou,2.50,under,ft,1.457,3
ED5LUbxK,Royer V.,Bublik A.,0,0,ou,18.50,over,ft,1.19,2
ED5LUbxK,Royer V.,Bublik A.,0,0,ou,18.50,under,ft,3.92,2
ED5LUbxK,Royer V.,Bublik A.,0,0,ou,19.50,over,ft,1.385,2
ED5LUbxK,Royer V.,Bublik A.,0,0,ou,19.50,under,ft,2.845,2
ED5LUbxK,Royer V.,Bublik A.,0,0,ou,20.00,over,ft,1.435,2
ED5LUbxK,Royer V.,Bublik A.,0,0,ou,20.00,under,ft,2.675,2
ED5LUbxK,Royer V.,Bublik A.,0,0,ou,20.50,over,ft,1.537,3
ED5LUbxK,Royer V.,Bublik A.,0,0,ou,20.50,under,ft,2.363,3
ED5LUbxK,Royer V.,Bublik A.,0,0,ou,21.00,over,ft,1.642,5
ED5LUbxK,Royer V.,Bublik A.,0,0,ou,21.00,under,ft,2.242,5
ED5LUbxK,Royer V.,Bublik A.,0,0,ou,21.50,over,ft,1.723,7
ED5LUbxK,Royer V.,Bublik A.,0,0,ou,21.50,under,ft,2.079,7
ED5LUbxK,Royer V.,Bublik A.,0,0,ou,22.00,over,ft,1.9,5
ED5LUbxK,Royer V.,Bublik A.,0,0,ou,22.00,under,ft,1.91,5
ED5LUbxK,Royer V.,Bublik A.,0,0,ou,22.50,over,ft,2.01,7
ED5LUbxK,Royer V.,Bublik A.,0,0,ou,22.50,under,ft,1.797,7
ED5LUbxK,Royer V.,Bublik A.,0,0,ou,23.00,over,ft,2.278,5
ED5LUbxK,Royer V.,Bublik A.,0,0,ou,23.00,under,ft,1.632,5
ED5LUbxK,Royer V.,Bublik A.,0,0,ou,23.50,over,ft,2.299,7
ED5LUbxK,Royer V.,Bublik A.,0,0,ou,23.50,under,ft,1.584,7
ED5LUbxK,Royer V.,Bublik A.,0,0,ou,24.00,over,ft,2.395,2
ED5LUbxK,Royer V.,Bublik A.,0,0,ou,24.00,under,ft,1.54,2
ED5LUbxK,Royer V.,Bublik A.,0,0,ou,24.50,over,ft,2.333,4
ED5LUbxK,Royer V.,Bublik A.,0,0,ou,24.50,under,ft,1.548,4
ED5LUbxK,Royer V.,Bublik A.,0,0,ou,25.00,over,ft,2.43,2
ED5LUbxK,Royer V.,Bublik A.,0,0,ou,25.00,under,ft,1.47,2
ED5LUbxK,Royer V.,Bublik A.,0,0,ou,25.50,over,ft,2.48,2
ED5LUbxK,Royer V.,Bublik A.,0,0,ou,25.50,under,ft,1.44,2
ED5LUbxK,Royer V.,Bublik A.,0,0,ou,26.50,over,ft,2.627,3
ED5LUbxK,Royer V.,Bublik A.,0,0,ou,26.50,under,ft,1.42,3
ED5LUbxK,Royer V.,Bublik A.,0,0,hc,1.50,home,ft,2.028,5
ED5LUbxK,Royer V.,Bublik A.,0,0,hc,1.50,away,ft,1.768,5
ED5LUbxK,Royer V.,Bublik A.,0,0,hc,-1.50,home,ft,6.97,4
ED5LUbxK,Royer V.,Bublik A.,0,0,hc,-1.50,away,ft,1.095,4
ED5LUbxK,Royer V.,Bublik A.,0,0,hc,0.50,home,ft,3.72,2
ED5LUbxK,Royer V.,Bublik A.,0,0,hc,0.50,away,ft,1.25,2
ED5LUbxK,Royer V.,Bublik A.,0,0,hc,1.00,home,ft,3.55,2
ED5LUbxK,Royer V.,Bublik A.,0,0,hc,1.00,away,ft,1.27,2
ED5LUbxK,Royer V.,Bublik A.,0,0,hc,1.50,home,ft,3.55,2
ED5LUbxK,Royer V.,Bublik A.,0,0,hc,1.50,away,ft,1.285,2
ED5LUbxK,Royer V.,Bublik A.,0,0,hc,2.00,home,ft,3.3,2
ED5LUbxK,Royer V.,Bublik A.,0,0,hc,2.00,away,ft,1.325,2
ED5LUbxK,Royer V.,Bublik A.,0,0,hc,2.50,home,ft,2.705,6
ED5LUbxK,Royer V.,Bublik A.,0,0,hc,2.50,away,ft,1.455,6
ED5LUbxK,Royer V.,Bublik A.,0,0,hc,3.00,home,ft,2.522,4
ED5LUbxK,Royer V.,Bublik A.,0,0,hc,3.00,away,ft,1.538,4
ED5LUbxK,Royer V.,Bublik A.,0,0,hc,3.50,home,ft,2.054,5
ED5LUbxK,Royer V.,Bublik A.,0,0,hc,3.50,away,ft,1.774,5
ED5LUbxK,Royer V.,Bublik A.,0,0,hc,4.00,home,ft,1.837,4
ED5LUbxK,Royer V.,Bublik A.,0,0,hc,4.00,away,ft,2.0,4
ED5LUbxK,Royer V.,Bublik A.,0,0,hc,4.50,home,ft,1.588,6
ED5LUbxK,Royer V.,Bublik A.,0,0,hc,4.50,away,ft,2.337,6
ED5LUbxK,Royer V.,Bublik A.,0,0,hc,5.00,home,ft,1.4,4
ED5LUbxK,Royer V.,Bublik A.,0,0,hc,5.00,away,ft,3.018,4
ED5LUbxK,Royer V.,Bublik A.,0,0,hc,5.50,home,ft,1.335,2
ED5LUbxK,Royer V.,Bublik A.,0,0,hc,5.50,away,ft,3.22,2
ED5LUbxK,Royer V.,Bublik A.,0,0,hc,6.00,home,ft,1.17,2
ED5LUbxK,Royer V.,Bublik A.,0,0,hc,6.00,away,ft,4.825,2
ED5LUbxK,Royer V.,Bublik A.,0,0,hc,6.50,home,ft,1.135,2
ED5LUbxK,Royer V.,Bublik A.,0,0,hc,6.50,away,ft,5.45,2
pxbu4ju1,Bublik A.,Wu Y.,2,2,ou,2.50,over,ft,2.88,2
pxbu4ju1,Bublik A.,Wu Y.,2,2,ou,2.50,under,ft,1.46,2
pxbu4ju1,Bublik A.,Wu Y.,2,2,ou,18.50,over,ft,1.24,3
pxbu4ju1,Bublik A.,Wu Y.,2,2,ou,18.50,under,ft,3.637,3
pxbu4ju1,Bublik A.,Wu Y.,2,2,ou,19.00,over,ft,1.27,2
pxbu4ju1,Bublik A.,Wu Y.,2,2,ou,19.00,under,ft,3.28,2
pxbu4ju1,Bublik A.,Wu Y.,2,2,ou,19.50,over,ft,1.39,2
pxbu4ju1,Bublik A.,Wu Y.,2,2,ou,19.50,under,ft,2.73,2
pxbu4ju1,Bublik A.,Wu Y.,2,2,ou,20.00,over,ft,1.455,2
pxbu4ju1,Bublik A.,Wu Y.,2,2,ou,20.00,under,ft,2.545,2
pxbu4ju1,Bublik A.,Wu Y.,2,2,ou,20.50,over,ft,1.617,6
pxbu4ju1,Bublik A.,Wu Y.,2,2,ou,20.50,under,ft,2.218,6
pxbu4ju1,Bublik A.,Wu Y.,2,2,ou,21.00,over,ft,1.71,5
pxbu4ju1,Bublik A.,Wu Y.,2,2,ou,21.00,under,ft,2.132,5
pxbu4ju1,Bublik A.,Wu Y.,2,2,ou,21.50,over,ft,1.793,7
pxbu4ju1,Bublik A.,Wu Y.,2,2,ou,21.50,under,ft,2.011,7
pxbu4ju1,Bublik A.,Wu Y.,2,2,ou,22.00,over,ft,1.976,5
pxbu4ju1,Bublik A.,Wu Y.,2,2,ou,22.00,under,ft,1.826,5
pxbu4ju1,Bublik A.,Wu Y.,2,2,ou,22.50,over,ft,2.069,7
pxbu4ju1,Bublik A.,Wu Y.,2,2,ou,22.50,under,ft,1.75,7
pxbu4ju1,Bublik A.,Wu Y.,2,2,ou,23.00,over,ft,2.25,5
pxbu4ju1,Bublik A.,Wu Y.,2,2,ou,23.00,under,ft,1.618,5
pxbu4ju1,Bublik A.,Wu Y.,2,2,ou,23.50,over,ft,2.272,5
pxbu4ju1,Bublik A.,Wu Y.,2,2,ou,23.50,under,ft,1.554,5
pxbu4ju1,Bublik A.,Wu Y.,2,2,ou,24.00,over,ft,2.38,2
pxbu4ju1,Bublik A.,Wu Y.,2,2,ou,24.00,under,ft,1.49,2
pxbu4ju1,Bublik A.,Wu Y.,2,2,ou,24.50,over,ft,2.453,3
pxbu4ju1,Bublik A.,Wu Y.,2,2,ou,24.50,under,ft,1.487,3
pxbu4ju1,Bublik A.,Wu Y.,2,2,ou,25.00,over,ft,2.4,2
pxbu4ju1,Bublik A.,Wu Y.,2,2,ou,25.00,under,ft,1.48,2
pxbu4ju1,Bublik A.,Wu Y.,2,2,ou,25.50,over,ft,2.48,2
pxbu4ju1,Bublik A.,Wu Y.,2,2,ou,25.50,under,ft,1.44,2
pxbu4ju1,Bublik A.,Wu Y.,2,2,hc,1.50,home,ft,1.133,4
pxbu4ju1,Bublik A.,Wu Y.,2,2,hc,1.50,away,ft,5.81,4
pxbu4ju1,Bublik A.,Wu Y.,2,2,hc,-1.50,home,ft,1.85,5
pxbu4ju1,Bublik A.,Wu Y.,2,2,hc,-1.50,away,ft,1.926,5
pxbu4ju1,Bublik A.,Wu Y.,2,2,hc,-0.50,home,ft,1.325,2
pxbu4ju1,Bublik A.,Wu Y.,2,2,hc,-0.50,away,ft,3.18,2
pxbu4ju1,Bublik A.,Wu Y.,2,2,hc,-1.00,home,ft,1.345,2
pxbu4ju1,Bublik A.,Wu Y.,2,2,hc,-1.00,away,ft,3.075,2
pxbu4ju1,Bublik A.,Wu Y.,2,2,hc,1.50,home,ft,1.24,1
pxbu4ju1,Bublik A.,Wu Y.,2,2,hc,1.50,away,ft,4.15,1
pxbu4ju1,Bublik A.,Wu Y.,2,2,hc,-1.50,home,ft,1.39,3
pxbu4ju1,Bublik A.,Wu Y.,2,2,hc,-1.50,away,ft,2.907,3
pxbu4ju1,Bublik A.,Wu Y.,2,2,hc,-2.00,home,ft,1.487,3
pxbu4ju1,Bublik A.,Wu Y.,2,2,hc,-2.00,away,ft,2.603,3
pxbu4ju1,Bublik A.,Wu Y.,2,2,hc,-2.50,home,ft,1.533,6
pxbu4ju1,Bublik A.,Wu Y.,2,2,hc,-2.50,away,ft,2.445,6
pxbu4ju1,Bublik A.,Wu Y.,2,2,hc,-3.00,home,ft,1.603,4
pxbu4ju1,Bublik A.,Wu Y.,2,2,hc,-3.00,away,ft,2.335,4
pxbu4ju1,Bublik A.,Wu Y.,2,2,hc,-3.50,home,ft,1.782,5
pxbu4ju1,Bublik A.,Wu Y.,2,2,hc,-3.50,away,ft,2.048,5
pxbu4ju1,Bublik A.,Wu Y.,2,2,hc,-4.00,home,ft,1.997,4
pxbu4ju1,Bublik A.,Wu Y.,2,2,hc,-4.00,away,ft,1.825,4
pxbu4ju1,Bublik A.,Wu Y.,2,2,hc,-4.50,home,ft,2.263,6
pxbu4ju1,Bublik A.,Wu Y.,2,2,hc,-4.50,away,ft,1.613,6
pxbu4ju1,Bublik A.,Wu Y.,2,2,hc,-5.00,home,ft,2.945,4
pxbu4ju1,Bublik A.,Wu Y.,2,2,hc,-5.00,away,ft,1.402,4
pxbu4ju1,Bublik A.,Wu Y.,2,2,hc,-5.50,home,ft,3.19,4
pxbu4ju1,Bublik A.,Wu Y.,2,2,hc,-5.50,away,ft,1.333,4
pxbu4ju1,Bublik A.,Wu Y.,2,2,hc,-6.00,home,ft,4.775,2
pxbu4ju1,Bublik A.,Wu Y.,2,2,hc,-6.00,away,ft,1.165,2
pxbu4ju1,Bublik A.,Wu Y.,2,2,hc,-6.50,home,ft,5.275,2
pxbu4ju1,Bublik A.,Wu Y.,2,2,hc,-6.50,away,ft,1.14,2
pxbu4ju1,Bublik A.,Wu Y.,2,2,hc,-7.00,home,ft,6.65,2
pxbu4ju1,Bublik A.,Wu Y.,2,2,hc,-7.00,away,ft,1.09,2
pxbu4ju1,Bublik A.,Wu Y.,2,2,hc,-7.50,home,ft,7.2,2
pxbu4ju1,Bublik A.,Wu Y.,2,2,hc,-7.50,away,ft,1.08,2
bRzczsig,Royer V.,Moutet C.,2,2,ou,2.50,over,ft,2.397,3
bRzczsig,Royer V.,Moutet C.,2,2,ou,2.50,under,ft,1.603,3
bRzczsig,Royer V.,Moutet C.,2,2,ou,19.50,over,ft,1.29,2
bRzczsig,Royer V.,Moutet C.,2,2,ou,19.50,under,ft,3.13,2
bRzczsig,Royer V.,Moutet C.,2,2,ou,20.00,over,ft,1.33,2
bRzczsig,Royer V.,Moutet C.,2,2,ou,20.00,under,ft,2.94,2
bRzczsig,Royer V.,Moutet C.,2,2,ou,20.50,over,ft,1.46,3
bRzczsig,Royer V.,Moutet C.,2,2,ou,20.50,under,ft,2.517,3
bRzczsig,Royer V.,Moutet C.,2,2,ou,21.00,over,ft,1.49,2
bRzczsig,Royer V.,Moutet C.,2,2,ou,21.00,under,ft,2.44,2
bRzczsig,Royer V.,Moutet C.,2,2,ou,21.50,over,ft,1.594,7
bRzczsig,Royer V.,Moutet C.,2,2,ou,21.50,under,ft,2.276,7
bRzczsig,Royer V.,Moutet C.,2,2,ou,22.00,over,ft,1.716,5
bRzczsig,Royer V.,Moutet C.,2,2,ou,22.00,under,ft,2.102,5
bRzczsig,Royer V.,Moutet C.,2,2,ou,22.50,over,ft,1.866,7
bRzczsig,Royer V.,Moutet C.,2,2,ou,22.50,under,ft,1.927,7
bRzczsig,Royer V.,Moutet C.,2,2,ou,23.00,over,ft,1.992,5
bRzczsig,Royer V.,Moutet C.,2,2,ou,23.00,under,ft,1.802,5
bRzczsig,Royer V.,Moutet C.,2,2,ou,23.50,over,ft,2.089,7
bRzczsig,Royer V.,Moutet C.,2,2,ou,23.50,under,ft,1.693,7
bRzczsig,Royer V.,Moutet C.,2,2,ou,24.00,over,ft,2.102,5
bRzczsig,Royer V.,Moutet C.,2,2,ou,24.00,under,ft,1.692,5
bRzczsig,Royer V.,Moutet C.,2,2,ou,24.50,over,ft,2.12,4
bRzczsig,Royer V.,Moutet C.,2,2,ou,24.50,under,ft,1.625,4
bRzczsig,Royer V.,Moutet C.,2,2,ou,25.00,over,ft,2.18,2
bRzczsig,Royer V.,Moutet C.,2,2,ou,25.00,under,ft,1.58,2
bRzczsig,Royer V.,Moutet C.,2,2,ou,25.50,over,ft,2.25,2
bRzczsig,Royer V.,Moutet C.,2,2,ou,25.50,under,ft,1.53,2
bRzczsig,Royer V.,Moutet C.,2,2,ou,26.00,over,ft,2.28,2
bRzczsig,Royer V.,Moutet C.,2,2,ou,26.00,under,ft,1.53,2
bRzczsig,Royer V.,Moutet C.,2,2,ou,26.50,over,ft,2.477,3
bRzczsig,Royer V.,Moutet C.,2,2,ou,26.50,under,ft,1.453,3
bRzczsig,Royer V.,Moutet C.,2,2,ou,27.50,over,ft,2.84,2
bRzczsig,Royer V.,Moutet C.,2,2,ou,27.50,under,ft,1.35,2
bRzczsig,Royer V.,Moutet C.,2,2,hc,1.50,home,ft,1.5,5
bRzczsig,Royer V.,Moutet C.,2,2,hc,1.50,away,ft,2.528,5
bRzczsig,Royer V.,Moutet C.,2,2,hc,-1.50,home,ft,3.768,4
bRzczsig,Royer V.,Moutet C.,2,2,hc,-1.50,away,ft,1.265,4
bRzczsig,Royer V.,Moutet C.,2,2,hc,0,home,ft,2.192,4
bRzczsig,Royer V.,Moutet C.,2,2,hc,0,away,ft,1.675,4
bRzczsig,Royer V.,Moutet C.,2,2,hc,12.50,home,ft,1.78,1
bRzczsig,Royer V.,Moutet C.,2,2,hc,12.50,away,ft,2.0,1
bRzczsig,Royer V.,Moutet C.,2,2,hc,0.50,home,ft,2.112,5
bRzczsig,Royer V.,Moutet C.,2,2,hc,0.50,away,ft,1.708,5
bRzczsig,Royer V.,Moutet C.,2,2,hc,-0.50,home,ft,2.34,2
bRzczsig,Royer V.,Moutet C.,2,2,hc,-0.50,away,ft,1.56,2
bRzczsig,Royer V.,Moutet C.,2,2,hc,1.00,home,ft,2.083,4
bRzczsig,Royer V.,Moutet C.,2,2,hc,1.00,away,ft,1.748,4
bRzczsig,Royer V.,Moutet C.,2,2,hc,-1.00,home,ft,2.475,2
bRzczsig,Royer V.,Moutet C.,2,2,hc,-1.00,away,ft,1.505,2
bRzczsig,Royer V.,Moutet C.,2,2,hc,1.50,home,ft,2.013,6
bRzczsig,Royer V.,Moutet C.,2,2,hc,1.50,away,ft,1.783,6
bRzczsig,Royer V.,Moutet C.,2,2,hc,-1.50,home,ft,2.555,2
bRzczsig,Royer V.,Moutet C.,2,2,hc,-1.50,away,ft,1.475,2
bRzczsig,Royer V.,Moutet C.,2,2,hc,2.00,home,ft,1.885,4
bRzczsig,Royer V.,Moutet C.,2,2,hc,2.00,away,ft,1.93,4
bRzczsig,Royer V.,Moutet C.,2,2,hc,2.50,home,ft,1.81,5
bRzczsig,Royer V.,Moutet C.,2,2,hc,2.50,away,ft,2.004,5
bRzczsig,Royer V.,Moutet C.,2,2,hc,3.00,home,ft,1.632,4
bRzczsig,Royer V.,Moutet C.,2,2,hc,3.00,away,ft,2.283,4
bRzczsig,Royer V.,Moutet C.,2,2,hc,3.50,home,ft,1.525,4
bRzczsig,Royer V.,Moutet C.,2,2,hc,3.50,away,ft,2.397,4
bRzczsig,Royer V.,Moutet C.,2,2,hc,4.00,home,ft,1.38,2
bRzczsig,Royer V.,Moutet C.,2,2,hc,4.00,away,ft,2.9,2
bRzczsig,Royer V.,Moutet C.,2,2,hc,4.50,home,ft,1.32,2
bRzczsig,Royer V.,Moutet C.,2,2,hc,4.50,away,ft,3.22,2
bRzczsig,Royer V.,Moutet C.,2,2,hc,5.00,home,ft,1.17,2
bRzczsig,Royer V.,Moutet C.,2,2,hc,5.00,away,ft,4.25,2
bRzczsig,Royer V.,Moutet C.,2,2,hc,5.50,home,ft,1.14,2
bRzczsig,Royer V.,Moutet C.,2,2,hc,5.50,away,ft,4.69,2
bZ8QHRgf,Svrcina D.,Bublik A.,0,0,ou,2.50,over,ft,2.63,2
bZ8QHRgf,Svrcina D.,Bublik A.,0,0,ou,2.50,under,ft,1.54,2
bZ8QHRgf,Svrcina D.,Bublik A.,0,0,ou,18.00,over,ft,1.29,2
bZ8QHRgf,Svrcina D.,Bublik A.,0,0,ou,18.00,under,ft,3.15,2
bZ8QHRgf,Svrcina D.,Bublik A.,0,0,ou,18.50,over,ft,1.42,2
bZ8QHRgf,Svrcina D.,Bublik A.,0,0,ou,18.50,under,ft,2.62,2
bZ8QHRgf,Svrcina D.,Bublik A.,0,0,ou,19.00,over,ft,1.46,2
bZ8QHRgf,Svrcina D.,Bublik A.,0,0,ou,19.00,under,ft,2.635,2
bZ8QHRgf,Svrcina D.,Bublik A.,0,0,ou,19.50,over,ft,1.583,3
bZ8QHRgf,Svrcina D.,Bublik A.,0,0,ou,19.50,under,ft,2.297,3
bZ8QHRgf,Svrcina D.,Bublik A.,0,0,ou,20.00,over,ft,1.663,3
bZ8QHRgf,Svrcina D.,Bublik A.,0,0,ou,20.00,under,ft,2.14,3
bZ8QHRgf,Svrcina D.,Bublik A.,0,0,ou,20.50,over,ft,1.729,7
bZ8QHRgf,Svrcina D.,Bublik A.,0,0,ou,20.50,under,ft,2.087,7
bZ8QHRgf,Svrcina D.,Bublik A.,0,0,ou,21.00,over,ft,1.85,5
bZ8QHRgf,Svrcina D.,Bublik A.,0,0,ou,21.00,under,ft,1.952,5
bZ8QHRgf,Svrcina D.,Bublik A.,0,0,ou,21.50,over,ft,1.9,7
bZ8QHRgf,Svrcina D.,Bublik A.,0,0,ou,21.50,under,ft,1.9,7
bZ8QHRgf,Svrcina D.,Bublik A.,0,0,ou,22.00,over,ft,2.096,5
bZ8QHRgf,Svrcina D.,Bublik A.,0,0,ou,22.00,under,ft,1.722,5
bZ8QHRgf,Svrcina D.,Bublik A.,0,0,ou,22.50,over,ft,2.159,7
bZ8QHRgf,Svrcina D.,Bublik A.,0,0,ou,22.50,under,ft,1.671,7
bZ8QHRgf,Svrcina D.,Bublik A.,0,0,ou,23.00,over,ft,2.43,2
bZ8QHRgf,Svrcina D.,Bublik A.,0,0,ou,23.00,under,ft,1.47,2
bZ8QHRgf,Svrcina D.,Bublik A.,0,0,ou,23.50,over,ft,2.44,2
bZ8QHRgf,Svrcina D.,Bublik A.,0,0,ou,23.50,under,ft,1.48,2
bZ8QHRgf,Svrcina D.,Bublik A.,0,0,ou,24.00,over,ft,2.51,2
bZ8QHRgf,Svrcina D.,Bublik A.,0,0,ou,24.00,under,ft,1.44,2
bZ8QHRgf,Svrcina D.,Bublik A.,0,0,hc,1.50,home,ft,1.958,5
bZ8QHRgf,Svrcina D.,Bublik A.,0,0,hc,1.50,away,ft,1.826,5
bZ8QHRgf,Svrcina D.,Bublik A.,0,0,hc,-1.50,home,ft,6.45,4
bZ8QHRgf,Svrcina D.,Bublik A.,0,0,hc,-1.50,away,ft,1.11,4
bZ8QHRgf,Svrcina D.,Bublik A.,0,0,hc,1.00,home,ft,3.1,2
bZ8QHRgf,Svrcina D.,Bublik A.,0,0,hc,1.00,away,ft,1.34,2
bZ8QHRgf,Svrcina D.,Bublik A.,0,0,hc,1.50,home,ft,2.86,2
bZ8QHRgf,Svrcina D.,Bublik A.,0,0,hc,1.50,away,ft,1.39,2
bZ8QHRgf,Svrcina D.,Bublik A.,0,0,hc,2.00,home,ft,3.16,2
bZ8QHRgf,Svrcina D.,Bublik A.,0,0,hc,2.00,away,ft,1.345,2
bZ8QHRgf,Svrcina D.,Bublik A.,0,0,hc,2.50,home,ft,2.765,2
bZ8QHRgf,Svrcina D.,Bublik A.,0,0,hc,2.50,away,ft,1.435,2
bZ8QHRgf,Svrcina D.,Bublik A.,0,0,hc,3.00,home,ft,2.57,4
bZ8QHRgf,Svrcina D.,Bublik A.,0,0,hc,3.00,away,ft,1.518,4
bZ8QHRgf,Svrcina D.,Bublik A.,0,0,hc,3.50,home,ft,2.232,6
bZ8QHRgf,Svrcina D.,Bublik A.,0,0,hc,3.50,away,ft,1.642,6
bZ8QHRgf,Svrcina D.,Bublik A.,0,0,hc,4.00,home,ft,2.09,4
bZ8QHRgf,Svrcina D.,Bublik A.,0,0,hc,4.00,away,ft,1.76,4
bZ8QHRgf,Svrcina D.,Bublik A.,0,0,hc,4.50,home,ft,1.794,5
bZ8QHRgf,Svrcina D.,Bublik A.,0,0,hc,4.50,away,ft,2.028,5
bZ8QHRgf,Svrcina D.,Bublik A.,0,0,hc,5.00,home,ft,1.615,4
bZ8QHRgf,Svrcina D.,Bublik A.,0,0,hc,5.00,away,ft,2.35,4
bZ8QHRgf,Svrcina D.,Bublik A.,0,0,hc,5.50,home,ft,1.493,6
bZ8QHRgf,Svrcina D.,Bublik A.,0,0,hc,5.50,away,ft,2.57,6
bZ8QHRgf,Svrcina D.,Bublik A.,0,0,hc,6.00,home,ft,1.335,2
bZ8QHRgf,Svrcina D.,Bublik A.,0,0,hc,6.00,away,ft,3.25,2
bZ8QHRgf,Svrcina D.,Bublik A.,0,0,hc,6.50,home,ft,1.27,2
bZ8QHRgf,Svrcina D.,Bublik A.,0,0,hc,6.50,away,ft,3.69,2
bZ8QHRgf,Svrcina D.,Bublik A.,0,0,hc,7.00,home,ft,1.125,2
bZ8QHRgf,Svrcina D.,Bublik A.,0,0,hc,7.00,away,ft,5.87,2
2P8Lsd13,Wu Y.,Medvedev D.,2,2,ou,2.50,over,ft,2.663,3
2P8Lsd13,Wu Y.,Medvedev D.,2,2,ou,2.50,under,ft,1.497,3
2P8Lsd13,Wu Y.,Medvedev D.,2,2,ou,17.50,over,ft,1.19,2
2P8Lsd13,Wu Y.,Medvedev D.,2,2,ou,17.50,under,ft,3.97,2
2P8Lsd13,Wu Y.,Medvedev D.,2,2,ou,18.00,over,ft,1.26,2
2P8Lsd13,Wu Y.,Medvedev D.,2,2,ou,18.00,under,ft,3.35,2
2P8Lsd13,Wu Y.,Medvedev D.,2,2,ou,18.50,over,ft,1.25,2
2P8Lsd13,Wu Y.,Medvedev D.,2,2,ou,18.50,under,ft,3.44,2
2P8Lsd13,Wu Y.,Medvedev D.,2,2,ou,19.00,over,ft,1.37,2
2P8Lsd13,Wu Y.,Medvedev D.,2,2,ou,19.00,under,ft,3.11,2
2P8Lsd13,Wu Y.,Medvedev D.,2,2,ou,19.50,over,ft,1.49,2
2P8Lsd13,Wu Y.,Medvedev D.,2,2,ou,19.50,under,ft,2.63,2
2P8Lsd13,Wu Y.,Medvedev D.,2,2,ou,20.00,over,ft,1.573,3
2P8Lsd13,Wu Y.,Medvedev D.,2,2,ou,20.00,under,ft,2.337,3
2P8Lsd13,Wu Y.,Medvedev D.,2,2,ou,20.50,over,ft,1.644,7
2P8Lsd13,Wu Y.,Medvedev D.,2,2,ou,20.50,under,ft,2.226,7
2P8Lsd13,Wu Y.,Medvedev D.,2,2,ou,21.00,over,ft,1.72,5
2P8Lsd13,Wu Y.,Medvedev D.,2,2,ou,21.00,under,ft,2.138,5
2P8Lsd13,Wu Y.,Medvedev D.,2,2,ou,21.50,over,ft,1.826,7
2P8Lsd13,Wu Y.,Medvedev D.,2,2,ou,21.50,under,ft,1.973,7
2P8Lsd13,Wu Y.,Medvedev D.,2,2,ou,22.00,over,ft,1.986,5
2P8Lsd13,Wu Y.,Medvedev D.,2,2,ou,22.00,under,ft,1.838,5
2P8Lsd13,Wu Y.,Medvedev D.,2,2,ou,22.50,over,ft,2.119,7
2P8Lsd13,Wu Y.,Medvedev D.,2,2,ou,22.50,under,ft,1.704,7
2P8Lsd13,Wu Y.,Medvedev D.,2,2,ou,23.00,over,ft,2.31,5
2P8Lsd13,Wu Y.,Medvedev D.,2,2,ou,23.00,under,ft,1.622,5
2P8Lsd13,Wu Y.,Medvedev D.,2,2,ou,23.50,over,ft,2.447,3
2P8Lsd13,Wu Y.,Medvedev D.,2,2,ou,23.50,under,ft,1.533,3
2P8Lsd13,Wu Y.,Medvedev D.,2,2,ou,24.00,over,ft,2.52,2
2P8Lsd13,Wu Y.,Medvedev D.,2,2,ou,24.00,under,ft,1.53,2
2P8Lsd13,Wu Y.,Medvedev D.,2,2,ou,24.50,over,ft,2.477,3
2P8Lsd13,Wu Y.,Medvedev D.,2,2,ou,24.50,under,ft,1.46,3
2P8Lsd13,Wu Y.,Medvedev D.,2,2,ou,25.50,over,ft,2.84,2
2P8Lsd13,Wu Y.,Medvedev D.,2,2,ou,25.50,under,ft,1.35,2
2P8Lsd13,Wu Y.,Medvedev D.,2,2,ou,26.50,over,ft,3.187,3
2P8Lsd13,Wu Y.,Medvedev D.,2,2,ou,26.50,under,ft,1.297,3
2P8Lsd13,Wu Y.,Medvedev D.,2,2,hc,1.50,home,ft,1.974,5
2P8Lsd13,Wu Y.,Medvedev D.,2,2,hc,1.50,away,ft,1.81,5
2P8Lsd13,Wu Y.,Medvedev D.,2,2,hc,-1.50,home,ft,6.18,4
2P8Lsd13,Wu Y.,Medvedev D.,2,2,hc,-1.50,away,ft,1.12,4
2P8Lsd13,Wu Y.,Medvedev D.,2,2,hc,1.00,home,ft,3.34,2
2P8Lsd13,Wu Y.,Medvedev D.,2,2,hc,1.00,away,ft,1.3,2
2P8Lsd13,Wu Y.,Medvedev D.,2,2,hc,1.50,home,ft,3.1,2
2P8Lsd13,Wu Y.,Medvedev D.,2,2,hc,1.50,away,ft,1.34,2
2P8Lsd13,Wu Y.,Medvedev D.,2,2,hc,2.00,home,ft,3.14,2
2P8Lsd13,Wu Y.,Medvedev D.,2,2,hc,2.00,away,ft,1.36,2
2P8Lsd13,Wu Y.,Medvedev D.,2,2,hc,2.50,home,ft,2.598,6
2P8Lsd13,Wu Y.,Medvedev D.,2,2,hc,2.50,away,ft,1.488,6
2P8Lsd13,Wu Y.,Medvedev D.,2,2,hc,3.00,home,ft,2.478,4
2P8Lsd13,Wu Y.,Medvedev D.,2,2,hc,3.00,away,ft,1.565,4
2P8Lsd13,Wu Y.,Medvedev D.,2,2,hc,3.50,home,ft,2.132,6
2P8Lsd13,Wu Y.,Medvedev D.,2,2,hc,3.50,away,ft,1.71,6
2P8Lsd13,Wu Y.,Medvedev D.,2,2,hc,4.00,home,ft,1.89,4
2P8Lsd13,Wu Y.,Medvedev D.,2,2,hc,4.00,away,ft,1.958,4
2P8Lsd13,Wu Y.,Medvedev D.,2,2,hc,4.50,home,ft,1.653,6
2P8Lsd13,Wu Y.,Medvedev D.,2,2,hc,4.50,away,ft,2.232,6
2P8Lsd13,Wu Y.,Medvedev D.,2,2,hc,5.00,home,ft,1.46,4
2P8Lsd13,Wu Y.,Medvedev D.,2,2,hc,5.00,away,ft,2.837,4
2P8Lsd13,Wu Y.,Medvedev D.,2,2,hc,5.50,home,ft,1.405,4
2P8Lsd13,Wu Y.,Medvedev D.,2,2,hc,5.50,away,ft,2.817,4
2P8Lsd13,Wu Y.,Medvedev D.,2,2,hc,6.00,home,ft,1.24,2
2P8Lsd13,Wu Y.,Medvedev D.,2,2,hc,6.00,away,ft,4.04,2
2P8Lsd13,Wu Y.,Medvedev D.,2,2,hc,6.50,home,ft,1.19,2
2P8Lsd13,Wu Y.,Medvedev D.,2,2,hc,6.50,away,ft,4.71,2
2P8Lsd13,Wu Y.,Medvedev D.,2,2,hc,7.00,home,ft,1.07,2
2P8Lsd13,Wu Y.,Medvedev D.,2,2,hc,7.00,away,ft,8.66,2
KYdoW8eL,Royer V.,Tien L.,2,2,ou,2.50,over,ft,2.387,3
KYdoW8eL,Royer V.,Tien L.,2,2,ou,2.50,under,ft,1.603,3
KYdoW8eL,Royer V.,Tien L.,2,2,ou,19.50,over,ft,1.3,2
KYdoW8eL,Royer V.,Tien L.,2,2,ou,19.50,under,ft,3.12,2
KYdoW8eL,Royer V.,Tien L.,2,2,ou,20.00,over,ft,1.41,2
KYdoW8eL,Royer V.,Tien L.,2,2,ou,20.00,under,ft,2.91,2
KYdoW8eL,Royer V.,Tien L.,2,2,ou,20.50,over,ft,1.497,3
KYdoW8eL,Royer V.,Tien L.,2,2,ou,20.50,under,ft,2.543,3
KYdoW8eL,Royer V.,Tien L.,2,2,ou,21.00,over,ft,1.58,2
KYdoW8eL,Royer V.,Tien L.,2,2,ou,21.00,under,ft,2.38,2
KYdoW8eL,Royer V.,Tien L.,2,2,ou,21.50,over,ft,1.643,7
KYdoW8eL,Royer V.,Tien L.,2,2,ou,21.50,under,ft,2.214,7
KYdoW8eL,Royer V.,Tien L.,2,2,ou,22.00,over,ft,1.738,5
KYdoW8eL,Royer V.,Tien L.,2,2,ou,22.00,under,ft,2.112,5
KYdoW8eL,Royer V.,Tien L.,2,2,ou,22.50,over,ft,1.883,7
KYdoW8eL,Royer V.,Tien L.,2,2,ou,22.50,under,ft,1.91,7
KYdoW8eL,Royer V.,Tien L.,2,2,ou,23.00,over,ft,2.016,5
KYdoW8eL,Royer V.,Tien L.,2,2,ou,23.00,under,ft,1.806,5
KYdoW8eL,Royer V.,Tien L.,2,2,ou,23.50,over,ft,2.13,7
KYdoW8eL,Royer V.,Tien L.,2,2,ou,23.50,under,ft,1.69,7
KYdoW8eL,Royer V.,Tien L.,2,2,ou,24.00,over,ft,2.175,4
KYdoW8eL,Royer V.,Tien L.,2,2,ou,24.00,under,ft,1.705,4
KYdoW8eL,Royer V.,Tien L.,2,2,ou,24.50,over,ft,2.185,4
KYdoW8eL,Royer V.,Tien L.,2,2,ou,24.50,under,ft,1.643,4
KYdoW8eL,Royer V.,Tien L.,2,2,ou,25.00,over,ft,2.34,2
KYdoW8eL,Royer V.,Tien L.,2,2,ou,25.00,under,ft,1.6,2
KYdoW8eL,Royer V.,Tien L.,2,2,ou,25.50,over,ft,2.35,2
KYdoW8eL,Royer V.,Tien L.,2,2,ou,25.50,under,ft,1.5,2
KYdoW8eL,Royer V.,Tien L.,2,2,ou,26.50,over,ft,2.61,3
KYdoW8eL,Royer V.,Tien L.,2,2,ou,26.50,under,ft,1.417,3
KYdoW8eL,Royer V.,Tien L.,2,2,ou,27.50,over,ft,2.93,2
KYdoW8eL,Royer V.,Tien L.,2,2,ou,27.50,under,ft,1.33,2
KYdoW8eL,Royer V.,Tien L.,2,2,hc,1.50,home,ft,1.556,5
KYdoW8eL,Royer V.,Tien L.,2,2,hc,1.50,away,ft,2.394,5
KYdoW8eL,Royer V.,Tien L.,2,2,hc,-1.50,home,ft,3.987,4
KYdoW8eL,Royer V.,Tien L.,2,2,hc,-1.50,away,ft,1.24,4
KYdoW8eL,Royer V.,Tien L.,2,2,hc,0,home,ft,2.4,2
KYdoW8eL,Royer V.,Tien L.,2,2,hc,0,away,ft,1.575,2
KYdoW8eL,Royer V.,Tien L.,2,2,hc,12.50,home,ft,1.78,1
KYdoW8eL,Royer V.,Tien L.,2,2,hc,12.50,away,ft,2.04,1
KYdoW8eL,Royer V.,Tien L.,2,2,hc,0.50,home,ft,2.207,3
KYdoW8eL,Royer V.,Tien L.,2,2,hc,0.50,away,ft,1.647,3
KYdoW8eL,Royer V.,Tien L.,2,2,hc,-0.50,home,ft,2.28,2
KYdoW8eL,Royer V.,Tien L.,2,2,hc,-0.50,away,ft,1.59,2
KYdoW8eL,Royer V.,Tien L.,2,2,hc,1.00,home,ft,2.183,4
KYdoW8eL,Royer V.,Tien L.,2,2,hc,1.00,away,ft,1.7,4
KYdoW8eL,Royer V.,Tien L.,2,2,hc,-1.00,home,ft,2.35,2
KYdoW8eL,Royer V.,Tien L.,2,2,hc,-1.00,away,ft,1.5,2
KYdoW8eL,Royer V.,Tien L.,2,2,hc,1.50,home,ft,2.083,6
KYdoW8eL,Royer V.,Tien L.,2,2,hc,1.50,away,ft,1.738,6
KYdoW8eL,Royer V.,Tien L.,2,2,hc,2.00,home,ft,1.998,4
KYdoW8eL,Royer V.,Tien L.,2,2,hc,2.00,away,ft,1.84,4
KYdoW8eL,Royer V.,Tien L.,2,2,hc,2.50,home,ft,1.874,5
KYdoW8eL,Royer V.,Tien L.,2,2,hc,2.50,away,ft,1.942,5
KYdoW8eL,Royer V.,Tien L.,2,2,hc,3.00,home,ft,1.72,4
KYdoW8eL,Royer V.,Tien L.,2,2,hc,3.00,away,ft,2.157,4
KYdoW8eL,Royer V.,Tien L.,2,2,hc,3.50,home,ft,1.605,6
KYdoW8eL,Royer V.,Tien L.,2,2,hc,3.50,away,ft,2.317,6
KYdoW8eL,Royer V.,Tien L.,2,2,hc,4.00,home,ft,1.45,2
KYdoW8eL,Royer V.,Tien L.,2,2,hc,4.00,away,ft,2.75,2
KYdoW8eL,Royer V.,Tien L.,2,2,hc,4.50,home,ft,1.38,2
KYdoW8eL,Royer V.,Tien L.,2,2,hc,4.50,away,ft,3.05,2
KYdoW8eL,Royer V.,Tien L.,2,2,hc,5.00,home,ft,1.24,2
KYdoW8eL,Royer V.,Tien L.,2,2,hc,5.00,away,ft,4.04,2
2FuCL0yn,Moutet C.,Etcheverry T. M.,,,ou,2.50,over,ft,2.28,3
2FuCL0yn,Moutet C.,Etcheverry T. M.,,,ou,2.50,under,ft,1.66,3
2FuCL0yn,Moutet C.,Etcheverry T. M.,,,ou,19.50,over,ft,1.22,2
2FuCL0yn,Moutet C.,Etcheverry T. M.,,,ou,19.50,under,ft,3.62,2
2FuCL0yn,Moutet C.,Etcheverry T. M.,,,ou,20.00,over,ft,1.41,2
2FuCL0yn,Moutet C.,Etcheverry T. M.,,,ou,20.00,under,ft,2.91,2
2FuCL0yn,Moutet C.,Etcheverry T. M.,,,ou,20.50,over,ft,1.48,3
2FuCL0yn,Moutet C.,Etcheverry T. M.,,,ou,20.50,under,ft,2.61,3
2FuCL0yn,Moutet C.,Etcheverry T. M.,,,ou,21.00,over,ft,1.57,2
2FuCL0yn,Moutet C.,Etcheverry T. M.,,,ou,21.00,under,ft,2.41,2
2FuCL0yn,Moutet C.,Etcheverry T. M.,,,ou,21.50,over,ft,1.623,3
2FuCL0yn,Moutet C.,Etcheverry T. M.,,,ou,21.50,under,ft,2.257,3
2FuCL0yn,Moutet C.,Etcheverry T. M.,,,ou,22.00,over,ft,1.692,5
2FuCL0yn,Moutet C.,Etcheverry T. M.,,,ou,22.00,under,ft,2.194,5
2FuCL0yn,Moutet C.,Etcheverry T. M.,,,ou,22.50,over,ft,1.797,7
2FuCL0yn,Moutet C.,Etcheverry T. M.,,,ou,22.50,under,ft,1.999,7
2FuCL0yn,Moutet C.,Etcheverry T. M.,,,ou,23.00,over,ft,1.97,5
2FuCL0yn,Moutet C.,Etcheverry T. M.,,,ou,23.00,under,ft,1.856,5
2FuCL0yn,Moutet C.,Etcheverry T. M.,,,ou,23.50,over,ft,2.08,7
2FuCL0yn,Moutet C.,Etcheverry T. M.,,,ou,23.50,under,ft,1.736,7
2FuCL0yn,Moutet C.,Etcheverry T. M.,,,ou,24.00,over,ft,2.124,5
2FuCL0yn,Moutet C.,Etcheverry T. M.,,,ou,24.00,under,ft,1.734,5
2FuCL0yn,Moutet C.,Etcheverry T. M.,,,ou,24.50,over,ft,2.093,7
2FuCL0yn,Moutet C.,Etcheverry T. M.,,,ou,24.50,under,ft,1.719,7
2FuCL0yn,Moutet C.,Etcheverry T. M.,,,ou,25.00,over,ft,2.34,2
2FuCL0yn,Moutet C.,Etcheverry T. M.,,,ou,25.00,under,ft,1.6,2
2FuCL0yn,Moutet C.,Etcheverry T. M.,,,ou,25.50,over,ft,2.18,2
2FuCL0yn,Moutet C.,Etcheverry T. M.,,,ou,25.50,under,ft,1.58,2
2FuCL0yn,Moutet C.,Etcheverry T. M.,,,ou,26.00,over,ft,2.3,2
2FuCL0yn,Moutet C.,Etcheverry T. M.,,,ou,26.00,under,ft,1.52,2
2FuCL0yn,Moutet C.,Etcheverry T. M.,,,ou,26.50,over,ft,2.45,3
2FuCL0yn,Moutet C.,Etcheverry T. M.,,,ou,26.50,under,ft,1.473,3
2FuCL0yn,Moutet C.,Etcheverry T. M.,,,ou,27.50,over,ft,2.7,2
2FuCL0yn,Moutet C.,Etcheverry T. M.,,,ou,27.50,under,ft,1.38,2
2FuCL0yn,Moutet C.,Etcheverry T. M.,,,ou,28.50,over,ft,3.12,2
2FuCL0yn,Moutet C.,Etcheverry T. M.,,,ou,28.50,under,ft,1.3,2
2FuCL0yn,Moutet C.,Etcheverry T. M.,,,hc,1.50,home,ft,1.444,5
2FuCL0yn,Moutet C.,Etcheverry T. M.,,,hc,1.50,away,ft,2.732,5
2FuCL0yn,Moutet C.,Etcheverry T. M.,,,hc,-1.50,home,ft,3.452,4
2FuCL0yn,Moutet C.,Etcheverry T. M.,,,hc,-1.50,away,ft,1.305,4
2FuCL0yn,Moutet C.,Etcheverry T. M.,,,hc,0,home,ft,2.252,4
2FuCL0yn,Moutet C.,Etcheverry T. M.,,,hc,0,away,ft,1.68,4
2FuCL0yn,Moutet C.,Etcheverry T. M.,,,hc,12.50,home,ft,1.92,1
2FuCL0yn,Moutet C.,Etcheverry T. M.,,,hc,12.50,away,ft,2.06,1
2FuCL0yn,Moutet C.,Etcheverry T. M.,,,hc,0.50,home,ft,2.117,6
2FuCL0yn,Moutet C.,Etcheverry T. M.,,,hc,0.50,away,ft,1.722,6
2FuCL0yn,Moutet C.,Etcheverry T. M.,,,hc,-0.50,home,ft,2.114,5
2FuCL0yn,Moutet C.,Etcheverry T. M.,,,hc,-0.50,away,ft,1.678,5
2FuCL0yn,Moutet C.,Etcheverry T. M.,,,hc,1.00,home,ft,2.062,4
2FuCL0yn,Moutet C.,Etcheverry T. M.,,,hc,1.00,away,ft,1.815,4
2FuCL0yn,Moutet C.,Etcheverry T. M.,,,hc,-1.00,home,ft,2.203,4
2FuCL0yn,Moutet C.,Etcheverry T. M.,,,hc,-1.00,away,ft,1.64,4
2FuCL0yn,Moutet C.,Etcheverry T. M.,,,hc,1.50,home,ft,1.93,5
2FuCL0yn,Moutet C.,Etcheverry T. M.,,,hc,1.50,away,ft,1.89,5
2FuCL0yn,Moutet C.,Etcheverry T. M.,,,hc,-1.50,home,ft,2.2,3
2FuCL0yn,Moutet C.,Etcheverry T. M.,,,hc,-1.50,away,ft,1.58,3
2FuCL0yn,Moutet C.,Etcheverry T. M.,,,hc,2.00,home,ft,1.725,4
2FuCL0yn,Moutet C.,Etcheverry T. M.,,,hc,2.00,away,ft,2.07,4
2FuCL0yn,Moutet C.,Etcheverry T. M.,,,hc,-2.00,home,ft,2.38,2
2FuCL0yn,Moutet C.,Etcheverry T. M.,,,hc,-2.00,away,ft,1.49,2
2FuCL0yn,Moutet C.,Etcheverry T. M.,,,hc,2.50,home,ft,1.777,6
2FuCL0yn,Moutet C.,Etcheverry T. M.,,,hc,2.50,away,ft,2.037,6
2FuCL0yn,Moutet C.,Etcheverry T. M.,,,hc,-2.50,home,ft,2.41,2
2FuCL0yn,Moutet C.,Etcheverry T. M.,,,hc,-2.50,away,ft,1.53,2
2FuCL0yn,Moutet C.,Etcheverry T. M.,,,hc,3.00,home,ft,1.687,3
2FuCL0yn,Moutet C.,Etcheverry T. M.,,,hc,3.00,away,ft,2.21,3
2FuCL0yn,Moutet C.,Etcheverry T. M.,,,hc,-3.00,home,ft,2.78,2
2FuCL0yn,Moutet C.,Etcheverry T. M.,,,hc,-3.00,away,ft,1.41,2
2FuCL0yn,Moutet C.,Etcheverry T. M.,,,hc,3.50,home,ft,1.62,2
2FuCL0yn,Moutet C.,Etcheverry T. M.,,,hc,3.50,away,ft,2.31,2
2FuCL0yn,Moutet C.,Etcheverry T. M.,,,hc,4.00,home,ft,1.45,2
2FuCL0yn,Moutet C.,Etcheverry T. M.,,,hc,4.00,away,ft,2.75,2
2Fk2Zwh4,Svrcina D.,Zhang Z.,2,2,ou,2.50,over,ft,2.323,3
2Fk2Zwh4,Svrcina D.,Zhang Z.,2,2,ou,2.50,under,ft,1.63,3
2Fk2Zwh4,Svrcina D.,Zhang Z.,2,2,ou,19.00,over,ft,1.31,2
2Fk2Zwh4,Svrcina D.,Zhang Z.,2,2,ou,19.00,under,ft,3.04,2
2Fk2Zwh4,Svrcina D.,Zhang Z.,2,2,ou,19.50,over,ft,1.42,2
2Fk2Zwh4,Svrcina D.,Zhang Z.,2,2,ou,19.50,under,ft,2.62,2
2Fk2Zwh4,Svrcina D.,Zhang Z.,2,2,ou,20.00,over,ft,1.41,2
2Fk2Zwh4,Svrcina D.,Zhang Z.,2,2,ou,20.00,under,ft,2.61,2
2Fk2Zwh4,Svrcina D.,Zhang Z.,2,2,ou,20.50,over,ft,1.513,3
2Fk2Zwh4,Svrcina D.,Zhang Z.,2,2,ou,20.50,under,ft,2.377,3
2Fk2Zwh4,Svrcina D.,Zhang Z.,2,2,ou,21.00,over,ft,1.622,5
2Fk2Zwh4,Svrcina D.,Zhang Z.,2,2,ou,21.00,under,ft,2.224,5
2Fk2Zwh4,Svrcina D.,Zhang Z.,2,2,ou,21.50,over,ft,1.673,7
2Fk2Zwh4,Svrcina D.,Zhang Z.,2,2,ou,21.50,under,ft,2.13,7
2Fk2Zwh4,Svrcina D.,Zhang Z.,2,2,ou,22.00,over,ft,1.79,5
2Fk2Zwh4,Svrcina D.,Zhang Z.,2,2,ou,22.00,under,ft,2.008,5
2Fk2Zwh4,Svrcina D.,Zhang Z.,2,2,ou,22.50,over,ft,1.94,7
2Fk2Zwh4,Svrcina D.,Zhang Z.,2,2,ou,22.50,under,ft,1.834,7
2Fk2Zwh4,Svrcina D.,Zhang Z.,2,2,ou,23.00,over,ft,2.05,5
2Fk2Zwh4,Svrcina D.,Zhang Z.,2,2,ou,23.00,under,ft,1.758,5
2Fk2Zwh4,Svrcina D.,Zhang Z.,2,2,ou,23.50,over,ft,2.131,7
2Fk2Zwh4,Svrcina D.,Zhang Z.,2,2,ou,23.50,under,ft,1.667,7
2Fk2Zwh4,Svrcina D.,Zhang Z.,2,2,ou,24.00,over,ft,2.18,2
2Fk2Zwh4,Svrcina D.,Zhang Z.,2,2,ou,24.00,under,ft,1.61,2
2Fk2Zwh4,Svrcina D.,Zhang Z.,2,2,ou,24.50,over,ft,2.17,4
2Fk2Zwh4,Svrcina D.,Zhang Z.,2,2,ou,24.50,under,ft,1.595,4
2Fk2Zwh4,Svrcina D.,Zhang Z.,2,2,ou,25.00,over,ft,2.3,2
2Fk2Zwh4,Svrcina D.,Zhang Z.,2,2,ou,25.00,under,ft,1.52,2
2Fk2Zwh4,Svrcina D.,Zhang Z.,2,2,ou,25.50,over,ft,2.56,2
2Fk2Zwh4,Svrcina D.,Zhang Z.,2,2,ou,25.50,under,ft,1.43,2
2Fk2Zwh4,Svrcina D.,Zhang Z.,2,2,ou,26.50,over,ft,2.837,3
2Fk2Zwh4,Svrcina D.,Zhang Z.,2,2,ou,26.50,under,ft,1.37,3
2Fk2Zwh4,Svrcina D.,Zhang Z.,2,2,ou,27.50,over,ft,3.31,2
2Fk2Zwh4,Svrcina D.,Zhang Z.,2,2,ou,27.50,under,ft,1.27,2
2Fk2Zwh4,Svrcina D.,Zhang Z.,2,2,hc,1.50,home,ft,1.464,5
2Fk2Zwh4,Svrcina D.,Zhang Z.,2,2,hc,1.50,away,ft,2.638,5
2Fk2Zwh4,Svrcina D.,Zhang Z.,2,2,hc,-1.50,home,ft,3.623,4
2Fk2Zwh4,Svrcina D.,Zhang Z.,2,2,hc,-1.50,away,ft,1.278,4
2Fk2Zwh4,Svrcina D.,Zhang Z.,2,2,hc,0,home,ft,2.045,4
2Fk2Zwh4,Svrcina D.,Zhang Z.,2,2,hc,0,away,ft,1.787,4
2Fk2Zwh4,Svrcina D.,Zhang Z.,2,2,hc,12.50,home,ft,1.79,1
2Fk2Zwh4,Svrcina D.,Zhang Z.,2,2,hc,12.50,away,ft,1.87,1
2Fk2Zwh4,Svrcina D.,Zhang Z.,2,2,hc,0.50,home,ft,2.08,5
2Fk2Zwh4,Svrcina D.,Zhang Z.,2,2,hc,0.50,away,ft,1.728,5
2Fk2Zwh4,Svrcina D.,Zhang Z.,2,2,hc,-0.50,home,ft,2.115,4
2Fk2Zwh4,Svrcina D.,Zhang Z.,2,2,hc,-0.50,away,ft,1.73,4
2Fk2Zwh4,Svrcina D.,Zhang Z.,2,2,hc,1.00,home,ft,2.012,4
2Fk2Zwh4,Svrcina D.,Zhang Z.,2,2,hc,1.00,away,ft,1.792,4
2Fk2Zwh4,Svrcina D.,Zhang Z.,2,2,hc,-1.00,home,ft,2.205,4
2Fk2Zwh4,Svrcina D.,Zhang Z.,2,2,hc,-1.00,away,ft,1.67,4
2Fk2Zwh4,Svrcina D.,Zhang Z.,2,2,hc,1.50,home,ft,1.937,6
2Fk2Zwh4,Svrcina D.,Zhang Z.,2,2,hc,1.50,away,ft,1.845,6
2Fk2Zwh4,Svrcina D.,Zhang Z.,2,2,hc,-1.50,home,ft,2.31,2
2Fk2Zwh4,Svrcina D.,Zhang Z.,2,2,hc,-1.50,away,ft,1.52,2
2Fk2Zwh4,Svrcina D.,Zhang Z.,2,2,hc,2.00,home,ft,1.853,4
2Fk2Zwh4,Svrcina D.,Zhang Z.,2,2,hc,2.00,away,ft,1.95,4
2Fk2Zwh4,Svrcina D.,Zhang Z.,2,2,hc,-2.00,home,ft,2.143,3
2Fk2Zwh4,Svrcina D.,Zhang Z.,2,2,hc,-2.00,away,ft,1.65,3
2Fk2Zwh4,Svrcina D.,Zhang Z.,2,2,hc,2.50,home,ft,1.778,5
2Fk2Zwh4,Svrcina D.,Zhang Z.,2,2,hc,2.50,away,ft,2.024,5
2Fk2Zwh4,Svrcina D.,Zhang Z.,2,2,hc,3.00,home,ft,1.662,4
2Fk2Zwh4,Svrcina D.,Zhang Z.,2,2,hc,3.00,away,ft,2.21,4
2Fk2Zwh4,Svrcina D.,Zhang Z.,2,2,hc,3.50,home,ft,1.602,6
2Fk2Zwh4,Svrcina D.,Zhang Z.,2,2,hc,3.50,away,ft,2.283,6
2Fk2Zwh4,Svrcina D.,Zhang Z.,2,2,hc,4.00,home,ft,1.42,2
2Fk2Zwh4,Svrcina D.,Zhang Z.,2,2,hc,4.00,away,ft,2.74,2
2Fk2Zwh4,Svrcina D.,Zhang Z.,2,2,hc,4.50,home,ft,1.33,2
2Fk2Zwh4,Svrcina D.,Zhang Z.,2,2,hc,4.50,away,ft,2.93,2
2Fk2Zwh4,Svrcina D.,Zhang Z.,2,2,hc,5.00,home,ft,1.2,2
2Fk2Zwh4,Svrcina D.,Zhang Z.,2,2,hc,5.00,away,ft,3.82,2
l0oEJ4LO,Vukic A.,Bublik A.,1,1,ou,2.50,over,ft,2.73,2
l0oEJ4LO,Vukic A.,Bublik A.,1,1,ou,2.50,under,ft,1.495,2
l0oEJ4LO,Vukic A.,Bublik A.,1,1,ou,18.50,over,ft,1.2,2
l0oEJ4LO,Vukic A.,Bublik A.,1,1,ou,18.50,under,ft,3.82,2
l0oEJ4LO,Vukic A.,Bublik A.,1,1,ou,19.50,over,ft,1.35,2
l0oEJ4LO,Vukic A.,Bublik A.,1,1,ou,19.50,under,ft,2.85,2
l0oEJ4LO,Vukic A.,Bublik A.,1,1,ou,20.00,over,ft,1.3,2
l0oEJ4LO,Vukic A.,Bublik A.,1,1,ou,20.00,under,ft,3.1,2
l0oEJ4LO,Vukic A.,Bublik A.,1,1,ou,20.50,over,ft,1.41,2
l0oEJ4LO,Vukic A.,Bublik A.,1,1,ou,20.50,under,ft,2.65,2
l0oEJ4LO,Vukic A.,Bublik A.,1,1,ou,21.00,over,ft,1.47,2
l0oEJ4LO,Vukic A.,Bublik A.,1,1,ou,21.00,under,ft,2.5,2
l0oEJ4LO,Vukic A.,Bublik A.,1,1,ou,21.50,over,ft,1.598,6
l0oEJ4LO,Vukic A.,Bublik A.,1,1,ou,21.50,under,ft,2.287,6
l0oEJ4LO,Vukic A.,Bublik A.,1,1,ou,22.00,over,ft,1.726,5
l0oEJ4LO,Vukic A.,Bublik A.,1,1,ou,22.00,under,ft,2.09,5
l0oEJ4LO,Vukic A.,Bublik A.,1,1,ou,22.50,over,ft,1.917,7
l0oEJ4LO,Vukic A.,Bublik A.,1,1,ou,22.50,under,ft,1.867,7
l0oEJ4LO,Vukic A.,Bublik A.,1,1,ou,23.00,over,ft,2.108,5
l0oEJ4LO,Vukic A.,Bublik A.,1,1,ou,23.00,under,ft,1.714,5
l0oEJ4LO,Vukic A.,Bublik A.,1,1,ou,23.50,over,ft,2.28,6
l0oEJ4LO,Vukic A.,Bublik A.,1,1,ou,23.50,under,ft,1.608,6
l0oEJ4LO,Vukic A.,Bublik A.,1,1,ou,24.00,over,ft,2.192,5
l0oEJ4LO,Vukic A.,Bublik A.,1,1,ou,24.00,under,ft,1.642,5
l0oEJ4LO,Vukic A.,Bublik A.,1,1,ou,24.50,over,ft,2.068,5
l0oEJ4LO,Vukic A.,Bublik A.,1,1,ou,24.50,under,ft,1.738,5
l0oEJ4LO,Vukic A.,Bublik A.,1,1,ou,25.00,over,ft,2.11,4
l0oEJ4LO,Vukic A.,Bublik A.,1,1,ou,25.00,under,ft,1.723,4
l0oEJ4LO,Vukic A.,Bublik A.,1,1,ou,25.50,over,ft,2.212,4
l0oEJ4LO,Vukic A.,Bublik A.,1,1,ou,25.50,under,ft,1.663,4
l0oEJ4LO,Vukic A.,Bublik A.,1,1,ou,26.00,over,ft,2.15,2
l0oEJ4LO,Vukic A.,Bublik A.,1,1,ou,26.00,under,ft,1.74,2
l0oEJ4LO,Vukic A.,Bublik A.,1,1,ou,26.50,over,ft,2.478,4
l0oEJ4LO,Vukic A.,Bublik A.,1,1,ou,26.50,under,ft,1.53,4
l0oEJ4LO,Vukic A.,Bublik A.,1,1,hc,1.50,home,ft,1.882,5
l0oEJ4LO,Vukic A.,Bublik A.,1,1,hc,1.50,away,ft,1.888,5
l0oEJ4LO,Vukic A.,Bublik A.,1,1,hc,-1.50,home,ft,5.897,4
l0oEJ4LO,Vukic A.,Bublik A.,1,1,hc,-1.50,away,ft,1.125,4
l0oEJ4LO,Vukic A.,Bublik A.,1,1,hc,0,home,ft,3.0,2
l0oEJ4LO,Vukic A.,Bublik A.,1,1,hc,0,away,ft,1.36,2
l0oEJ4LO,Vukic A.,Bublik A.,1,1,hc,0.50,home,ft,2.78,2
l0oEJ4LO,Vukic A.,Bublik A.,1,1,hc,0.50,away,ft,1.41,2
l0oEJ4LO,Vukic A.,Bublik A.,1,1,hc,1.00,home,ft,2.98,2
l0oEJ4LO,Vukic A.,Bublik A.,1,1,hc,1.00,away,ft,1.36,2
l0oEJ4LO,Vukic A.,Bublik A.,1,1,hc,1.50,home,ft,2.627,4
l0oEJ4LO,Vukic A.,Bublik A.,1,1,hc,1.50,away,ft,1.482,4
l0oEJ4LO,Vukic A.,Bublik A.,1,1,hc,2.00,home,ft,2.612,4
l0oEJ4LO,Vukic A.,Bublik A.,1,1,hc,2.00,away,ft,1.488,4
l0oEJ4LO,Vukic A.,Bublik A.,1,1,hc,2.50,home,ft,2.308,5
l0oEJ4LO,Vukic A.,Bublik A.,1,1,hc,2.50,away,ft,1.596,5
l0oEJ4LO,Vukic A.,Bublik A.,1,1,hc,3.00,home,ft,2.042,4
l0oEJ4LO,Vukic A.,Bublik A.,1,1,hc,3.00,away,ft,1.78,4
l0oEJ4LO,Vukic A.,Bublik A.,1,1,hc,3.50,home,ft,1.812,5
l0oEJ4LO,Vukic A.,Bublik A.,1,1,hc,3.50,away,ft,1.978,5
l0oEJ4LO,Vukic A.,Bublik A.,1,1,hc,4.00,home,ft,1.518,4
l0oEJ4LO,Vukic A.,Bublik A.,1,1,hc,4.00,away,ft,2.545,4
l0oEJ4LO,Vukic A.,Bublik A.,1,1,hc,4.50,home,ft,1.435,4
l0oEJ4LO,Vukic A.,Bublik A.,1,1,hc,4.50,away,ft,2.758,4
l0oEJ4LO,Vukic A.,Bublik A.,1,1,hc,5.00,home,ft,1.25,2
l0oEJ4LO,Vukic A.,Bublik A.,1,1,hc,5.00,away,ft,3.72,2
l0oEJ4LO,Vukic A.,Bublik A.,1,1,hc,5.50,home,ft,1.2,2
l0oEJ4LO,Vukic A.,Bublik A.,1,1,hc,5.50,away,ft,4.3,2
l0oEJ4LO,Vukic A.,Bublik A.,1,1,hc,6.00,home,ft,1.09,2
l0oEJ4LO,Vukic A.,Bublik A.,1,1,hc,6.00,away,ft,6.7,2
AghTgjMc,Rublev A.,Royer V.,0,0,ou,2.50,over,ft,2.78,3
AghTgjMc,Rublev A.,Royer V.,0,0,ou,2.50,under,ft,1.46,3
AghTgjMc,Rublev A.,Royer V.,0,0,ou,18.50,over,ft,1.24,2
AghTgjMc,Rublev A.,Royer V.,0,0,ou,18.50,under,ft,3.51,2
AghTgjMc,Rublev A.,Royer V.,0,0,ou,19.00,over,ft,1.31,2
AghTgjMc,Rublev A.,Royer V.,0,0,ou,19.00,under,ft,3.04,2
AghTgjMc,Rublev A.,Royer V.,0,0,ou,19.50,over,ft,1.43,2
AghTgjMc,Rublev A.,Royer V.,0,0,ou,19.50,under,ft,2.59,2
AghTgjMc,Rublev A.,Royer V.,0,0,ou,20.00,over,ft,1.34,2
AghTgjMc,Rublev A.,Royer V.,0,0,ou,20.00,under,ft,2.89,2
AghTgjMc,Rublev A.,Royer V.,0,0,ou,20.50,over,ft,1.564,5
AghTgjMc,Rublev A.,Royer V.,0,0,ou,20.50,under,ft,2.276,5
AghTgjMc,Rublev A.,Royer V.,0,0,ou,21.00,over,ft,1.527,3
AghTgjMc,Rublev A.,Royer V.,0,0,ou,21.00,under,ft,2.34,3
AghTgjMc,Rublev A.,Royer V.,0,0,ou,21.50,over,ft,1.723,7
AghTgjMc,Rublev A.,Royer V.,0,0,ou,21.50,under,ft,2.073,7
AghTgjMc,Rublev A.,Royer V.,0,0,ou,22.00,over,ft,1.762,5
AghTgjMc,Rublev A.,Royer V.,0,0,ou,22.00,under,ft,2.028,5
AghTgjMc,Rublev A.,Royer V.,0,0,ou,22.50,over,ft,2.023,7
AghTgjMc,Rublev A.,Royer V.,0,0,ou,22.50,under,ft,1.793,7
AghTgjMc,Rublev A.,Royer V.,0,0,ou,23.00,over,ft,2.124,5
AghTgjMc,Rublev A.,Royer V.,0,0,ou,23.00,under,ft,1.686,5
AghTgjMc,Rublev A.,Royer V.,0,0,ou,23.50,over,ft,2.209,7
AghTgjMc,Rublev A.,Royer V.,0,0,ou,23.50,under,ft,1.62,7
AghTgjMc,Rublev A.,Royer V.,0,0,ou,24.00,over,ft,2.203,4
AghTgjMc,Rublev A.,Royer V.,0,0,ou,24.00,under,ft,1.653,4
AghTgjMc,Rublev A.,Royer V.,0,0,ou,24.50,over,ft,2.25,4
AghTgjMc,Rublev A.,Royer V.,0,0,ou,24.50,under,ft,1.605,4
AghTgjMc,Rublev A.,Royer V.,0,0,ou,25.00,over,ft,2.213,3
AghTgjMc,Rublev A.,Royer V.,0,0,ou,25.00,under,ft,1.63,3
AghTgjMc,Rublev A.,Royer V.,0,0,ou,25.50,over,ft,2.333,3
AghTgjMc,Rublev A.,Royer V.,0,0,ou,25.50,under,ft,1.573,3
AghTgjMc,Rublev A.,Royer V.,0,0,ou,26.00,over,ft,2.19,1
AghTgjMc,Rublev A.,Royer V.,0,0,ou,26.00,under,ft,1.71,1
AghTgjMc,Rublev A.,Royer V.,0,0,ou,26.50,over,ft,2.85,3
AghTgjMc,Rublev A.,Royer V.,0,0,ou,26.50,under,ft,1.353,3
AghTgjMc,Rublev A.,Royer V.,0,0,hc,1.50,home,ft,1.07,4
AghTgjMc,Rublev A.,Royer V.,0,0,hc,1.50,away,ft,8.525,4
AghTgjMc,Rublev A.,Royer V.,0,0,hc,-1.50,home,ft,1.7,5
AghTgjMc,Rublev A.,Royer V.,0,0,hc,-1.50,away,ft,2.124,5
AghTgjMc,Rublev A.,Royer V.,0,0,hc,-1.00,home,ft,1.27,2
AghTgjMc,Rublev A.,Royer V.,0,0,hc,-1.00,away,ft,3.55,2
AghTgjMc,Rublev A.,Royer V.,0,0,hc,-1.50,home,ft,1.32,2
AghTgjMc,Rublev A.,Royer V.,0,0,hc,-1.50,away,ft,3.22,2
AghTgjMc,Rublev A.,Royer V.,0,0,hc,-2.00,home,ft,1.373,3
AghTgjMc,Rublev A.,Royer V.,0,0,hc,-2.00,away,ft,3.003,3
AghTgjMc,Rublev A.,Royer V.,0,0,hc,-2.50,home,ft,1.432,6
AghTgjMc,Rublev A.,Royer V.,0,0,hc,-2.50,away,ft,2.745,6
AghTgjMc,Rublev A.,Royer V.,0,0,hc,-3.00,home,ft,1.568,4
AghTgjMc,Rublev A.,Royer V.,0,0,hc,-3.00,away,ft,2.402,4
AghTgjMc,Rublev A.,Royer V.,0,0,hc,-3.50,home,ft,1.74,5
AghTgjMc,Rublev A.,Royer V.,0,0,hc,-3.50,away,ft,2.102,5
AghTgjMc,Rublev A.,Royer V.,0,0,hc,-4.00,home,ft,2.165,4
AghTgjMc,Rublev A.,Royer V.,0,0,hc,-4.00,away,ft,1.688,4
AghTgjMc,Rublev A.,Royer V.,0,0,hc,-4.50,home,ft,2.43,6
AghTgjMc,Rublev A.,Royer V.,0,0,hc,-4.50,away,ft,1.535,6
AghTgjMc,Rublev A.,Royer V.,0,0,hc,-5.00,home,ft,3.15,2
AghTgjMc,Rublev A.,Royer V.,0,0,hc,-5.00,away,ft,1.33,2
AghTgjMc,Rublev A.,Royer V.,0,0,hc,-5.50,home,ft,3.41,3
AghTgjMc,Rublev A.,Royer V.,0,0,hc,-5.50,away,ft,1.29,3
AghTgjMc,Rublev A.,Royer V.,0,0,hc,-6.00,home,ft,5.55,2
AghTgjMc,Rublev A.,Royer V.,0,0,hc,-6.00,away,ft,1.13,2
AghTgjMc,Rublev A.,Royer V.,0,0,hc,-6.50,home,ft,4.5,2
AghTgjMc,Rublev A.,Royer V.,0,0,hc,-6.50,away,ft,1.15,2
AghTgjMc,Rublev A.,Royer V.,0,0,hc,-7.00,home,ft,7.26,2
AghTgjMc,Rublev A.,Royer V.,0,0,hc,-7.00,away,ft,1.05,2
2iB2oWfS,Etcheverry T. M.,Hijikata R.,2,2,ou,2.50,over,ft,2.42,3
2iB2oWfS,Etcheverry T. M.,Hijikata R.,2,2,ou,2.50,under,ft,1.583,3
2iB2oWfS,Etcheverry T. M.,Hijikata R.,2,2,ou,20.00,over,ft,1.37,2
2iB2oWfS,Etcheverry T. M.,Hijikata R.,2,2,ou,20.00,under,ft,2.76,2
2iB2oWfS,Etcheverry T. M.,Hijikata R.,2,2,ou,20.50,over,ft,1.48,2
2iB2oWfS,Etcheverry T. M.,Hijikata R.,2,2,ou,20.50,under,ft,2.44,2
2iB2oWfS,Etcheverry T. M.,Hijikata R.,2,2,ou,21.00,over,ft,1.54,2
2iB2oWfS,Etcheverry T. M.,Hijikata R.,2,2,ou,21.00,under,ft,2.32,2
2iB2oWfS,Etcheverry T. M.,Hijikata R.,2,2,ou,21.50,over,ft,1.641,7
2iB2oWfS,Etcheverry T. M.,Hijikata R.,2,2,ou,21.50,under,ft,2.189,7
2iB2oWfS,Etcheverry T. M.,Hijikata R.,2,2,ou,22.00,over,ft,1.76,5
2iB2oWfS,Etcheverry T. M.,Hijikata R.,2,2,ou,22.00,under,ft,2.044,5
2iB2oWfS,Etcheverry T. M.,Hijikata R.,2,2,ou,22.50,over,ft,1.904,7
2iB2oWfS,Etcheverry T. M.,Hijikata R.,2,2,ou,22.50,under,ft,1.866,7
2iB2oWfS,Etcheverry T. M.,Hijikata R.,2,2,ou,23.00,over,ft,2.042,5
2iB2oWfS,Etcheverry T. M.,Hijikata R.,2,2,ou,23.00,under,ft,1.766,5
2iB2oWfS,Etcheverry T. M.,Hijikata R.,2,2,ou,23.50,over,ft,2.129,7
2iB2oWfS,Etcheverry T. M.,Hijikata R.,2,2,ou,23.50,under,ft,1.671,7
2iB2oWfS,Etcheverry T. M.,Hijikata R.,2,2,ou,24.00,over,ft,2.14,2
2iB2oWfS,Etcheverry T. M.,Hijikata R.,2,2,ou,24.00,under,ft,1.63,2
2iB2oWfS,Etcheverry T. M.,Hijikata R.,2,2,ou,24.50,over,ft,2.147,4
2iB2oWfS,Etcheverry T. M.,Hijikata R.,2,2,ou,24.50,under,ft,1.6,4
2iB2oWfS,Etcheverry T. M.,Hijikata R.,2,2,ou,25.00,over,ft,2.265,2
2iB2oWfS,Etcheverry T. M.,Hijikata R.,2,2,ou,25.00,under,ft,1.535,2
2iB2oWfS,Etcheverry T. M.,Hijikata R.,2,2,hc,1.50,home,ft,1.205,4
2iB2oWfS,Etcheverry T. M.,Hijikata R.,2,2,hc,1.50,away,ft,4.402,4
2iB2oWfS,Etcheverry T. M.,Hijikata R.,2,2,hc,-1.50,home,ft,2.278,5
2iB2oWfS,Etcheverry T. M.,Hijikata R.,2,2,hc,-1.50,away,ft,1.604,5
2iB2oWfS,Etcheverry T. M.,Hijikata R.,2,2,hc,0,home,ft,1.46,2
2iB2oWfS,Etcheverry T. M.,Hijikata R.,2,2,hc,0,away,ft,2.61,2
2iB2oWfS,Etcheverry T. M.,Hijikata R.,2,2,hc,-0.50,home,ft,1.51,2
2iB2oWfS,Etcheverry T. M.,Hijikata R.,2,2,hc,-0.50,away,ft,2.46,2
2iB2oWfS,Etcheverry T. M.,Hijikata R.,2,2,hc,1.00,home,ft,1.43,2
2iB2oWfS,Etcheverry T. M.,Hijikata R.,2,2,hc,1.00,away,ft,2.54,2
2iB2oWfS,Etcheverry T. M.,Hijikata R.,2,2,hc,-1.00,home,ft,1.55,2
2iB2oWfS,Etcheverry T. M.,Hijikata R.,2,2,hc,-1.00,away,ft,2.36,2
2iB2oWfS,Etcheverry T. M.,Hijikata R.,2,2,hc,-1.50,home,ft,1.618,6
2iB2oWfS,Etcheverry T. M.,Hijikata R.,2,2,hc,-1.50,away,ft,2.247,6
2iB2oWfS,Etcheverry T. M.,Hijikata R.,2,2,hc,-2.00,home,ft,1.72,4
2iB2oWfS,Etcheverry T. M.,Hijikata R.,2,2,hc,-2.00,away,ft,2.112,4
2iB2oWfS,Etcheverry T. M.,Hijikata R.,2,2,hc,-2.50,home,ft,1.81,5
2iB2oWfS,Etcheverry T. M.,Hijikata R.,2,2,hc,-2.50,away,ft,1.99,5
2iB2oWfS,Etcheverry T. M.,Hijikata R.,2,2,hc,-3.00,home,ft,1.998,4
2iB2oWfS,Etcheverry T. M.,Hijikata R.,2,2,hc,-3.00,away,ft,1.81,4
2iB2oWfS,Etcheverry T. M.,Hijikata R.,2,2,hc,-3.50,home,ft,2.132,6
2iB2oWfS,Etcheverry T. M.,Hijikata R.,2,2,hc,-3.50,away,ft,1.685,6
2iB2oWfS,Etcheverry T. M.,Hijikata R.,2,2,hc,-4.00,home,ft,2.572,4
2iB2oWfS,Etcheverry T. M.,Hijikata R.,2,2,hc,-4.00,away,ft,1.508,4
2iB2oWfS,Etcheverry T. M.,Hijikata R.,2,2,hc,-4.50,home,ft,2.724,5
2iB2oWfS,Etcheverry T. M.,Hijikata R.,2,2,hc,-4.50,away,ft,1.44,5
2iB2oWfS,Etcheverry T. M.,Hijikata R.,2,2,hc,-5.00,home,ft,3.64,2
2iB2oWfS,Etcheverry T. M.,Hijikata R.,2,2,hc,-5.00,away,ft,1.26,2
2iB2oWfS,Etcheverry T. M.,Hijikata R.,2,2,hc,-5.50,home,ft,3.82,2
2iB2oWfS,Etcheverry T. M.,Hijikata R.,2,2,hc,-5.50,away,ft,1.24,2
2iB2oWfS,Etcheverry T. M.,Hijikata R.,2,2,hc,-6.00,home,ft,5.65,2
2iB2oWfS,Etcheverry T. M.,Hijikata R.,2,2,hc,-6.00,away,ft,1.12,2
r7Mk77Yo,Wu Y.,Korda S.,2,2,ou,2.50,over,ft,2.585,2
r7Mk77Yo,Wu Y.,Korda S.,2,2,ou,2.50,under,ft,1.54,2
r7Mk77Yo,Wu Y.,Korda S.,2,2,ou,20.00,over,ft,1.35,2
r7Mk77Yo,Wu Y.,Korda S.,2,2,ou,20.00,under,ft,2.85,2
r7Mk77Yo,Wu Y.,Korda S.,2,2,ou,20.50,over,ft,1.46,2
r7Mk77Yo,Wu Y.,Korda S.,2,2,ou,20.50,under,ft,2.49,2
r7Mk77Yo,Wu Y.,Korda S.,2,2,ou,21.00,over,ft,1.52,2
r7Mk77Yo,Wu Y.,Korda S.,2,2,ou,21.00,under,ft,2.38,2
r7Mk77Yo,Wu Y.,Korda S.,2,2,ou,21.50,over,ft,1.619,7
r7Mk77Yo,Wu Y.,Korda S.,2,2,ou,21.50,under,ft,2.24,7
r7Mk77Yo,Wu Y.,Korda S.,2,2,ou,22.00,over,ft,1.742,5
r7Mk77Yo,Wu Y.,Korda S.,2,2,ou,22.00,under,ft,2.072,5
r7Mk77Yo,Wu Y.,Korda S.,2,2,ou,22.50,over,ft,1.899,7
r7Mk77Yo,Wu Y.,Korda S.,2,2,ou,22.50,under,ft,1.893,7
r7Mk77Yo,Wu Y.,Korda S.,2,2,ou,23.00,over,ft,2.04,5
r7Mk77Yo,Wu Y.,Korda S.,2,2,ou,23.00,under,ft,1.768,5
r7Mk77Yo,Wu Y.,Korda S.,2,2,ou,23.50,over,ft,2.147,7
r7Mk77Yo,Wu Y.,Korda S.,2,2,ou,23.50,under,ft,1.671,7
r7Mk77Yo,Wu Y.,Korda S.,2,2,ou,24.00,over,ft,2.11,2
r7Mk77Yo,Wu Y.,Korda S.,2,2,ou,24.00,under,ft,1.65,2
r7Mk77Yo,Wu Y.,Korda S.,2,2,ou,24.50,over,ft,2.13,2
r7Mk77Yo,Wu Y.,Korda S.,2,2,ou,24.50,under,ft,1.62,2
r7Mk77Yo,Wu Y.,Korda S.,2,2,ou,25.00,over,ft,2.24,2
r7Mk77Yo,Wu Y.,Korda S.,2,2,ou,25.00,under,ft,1.55,2
0GEI9Aum,Moutet C.,Cazaux A.,2,2,ou,2.50,over,ft,2.405,2
0GEI9Aum,Moutet C.,Cazaux A.,2,2,ou,2.50,under,ft,1.61,2
0GEI9Aum,Moutet C.,Cazaux A.,2,2,ou,19.50,over,ft,1.25,2
0GEI9Aum,Moutet C.,Cazaux A.,2,2,ou,19.50,under,ft,3.44,2
0GEI9Aum,Moutet C.,Cazaux A.,2,2,ou,20.00,over,ft,1.31,2
0GEI9Aum,Moutet C.,Cazaux A.,2,2,ou,20.00,under,ft,3.04,2
0GEI9Aum,Moutet C.,Cazaux A.,2,2,ou,20.50,over,ft,1.41,2
0GEI9Aum,Moutet C.,Cazaux A.,2,2,ou,20.50,under,ft,2.65,2
0GEI9Aum,Moutet C.,Cazaux A.,2,2,ou,21.00,over,ft,1.46,2
0GEI9Aum,Moutet C.,Cazaux A.,2,2,ou,21.00,under,ft,2.53,2
0GEI9Aum,Moutet C.,Cazaux A.,2,2,ou,21.50,over,ft,1.558,6
0GEI9Aum,Moutet C.,Cazaux A.,2,2,ou,21.50,under,ft,2.363,6
0GEI9Aum,Moutet C.,Cazaux A.,2,2,ou,22.00,over,ft,1.676,5
0GEI9Aum,Moutet C.,Cazaux A.,2,2,ou,22.00,under,ft,2.17,5
0GEI9Aum,Moutet C.,Cazaux A.,2,2,ou,22.50,over,ft,1.833,7
0GEI9Aum,Moutet C.,Cazaux A.,2,2,ou,22.50,under,ft,1.95,7
0GEI9Aum,Moutet C.,Cazaux A.,2,2,ou,23.00,over,ft,1.962,5
0GEI9Aum,Moutet C.,Cazaux A.,2,2,ou,23.00,under,ft,1.828,5
0GEI9Aum,Moutet C.,Cazaux A.,2,2,ou,23.50,over,ft,2.06,7
0GEI9Aum,Moutet C.,Cazaux A.,2,2,ou,23.50,under,ft,1.721,7
0GEI9Aum,Moutet C.,Cazaux A.,2,2,ou,24.00,over,ft,2.064,5
0GEI9Aum,Moutet C.,Cazaux A.,2,2,ou,24.00,under,ft,1.726,5
0GEI9Aum,Moutet C.,Cazaux A.,2,2,ou,24.50,over,ft,2.02,5
0GEI9Aum,Moutet C.,Cazaux A.,2,2,ou,24.50,under,ft,1.742,5
0GEI9Aum,Moutet C.,Cazaux A.,2,2,ou,25.00,over,ft,2.06,4
0GEI9Aum,Moutet C.,Cazaux A.,2,2,ou,25.00,under,ft,1.723,4
0GEI9Aum,Moutet C.,Cazaux A.,2,2,ou,25.50,over,ft,2.087,3
0GEI9Aum,Moutet C.,Cazaux A.,2,2,ou,25.50,under,ft,1.69,3
0GEI9Aum,Moutet C.,Cazaux A.,2,2,ou,26.00,over,ft,2.26,2
0GEI9Aum,Moutet C.,Cazaux A.,2,2,ou,26.00,under,ft,1.54,2
0GEI9Aum,Moutet C.,Cazaux A.,2,2,ou,26.50,over,ft,2.34,2
0GEI9Aum,Moutet C.,Cazaux A.,2,2,ou,26.50,under,ft,1.5,2
0GEI9Aum,Moutet C.,Cazaux A.,2,2,ou,27.50,over,ft,2.54,2
0GEI9Aum,Moutet C.,Cazaux A.,2,2,ou,27.50,under,ft,1.43,2
0GEI9Aum,Moutet C.,Cazaux A.,2,2,hc,1.50,home,ft,1.343,4
0GEI9Aum,Moutet C.,Cazaux A.,2,2,hc,1.50,away,ft,3.197,4
0GEI9Aum,Moutet C.,Cazaux A.,2,2,hc,-1.50,home,ft,2.962,5
0GEI9Aum,Moutet C.,Cazaux A.,2,2,hc,-1.50,away,ft,1.38,5
0GEI9Aum,Moutet C.,Cazaux A.,2,2,hc,0,home,ft,1.828,4
0GEI9Aum,Moutet C.,Cazaux A.,2,2,hc,0,away,ft,1.935,4
0GEI9Aum,Moutet C.,Cazaux A.,2,2,hc,12.50,home,ft,1.98,1
0GEI9Aum,Moutet C.,Cazaux A.,2,2,hc,12.50,away,ft,1.9,1
0GEI9Aum,Moutet C.,Cazaux A.,2,2,hc,13.00,home,ft,1.78,1
0GEI9Aum,Moutet C.,Cazaux A.,2,2,hc,13.00,away,ft,1.81,1
0GEI9Aum,Moutet C.,Cazaux A.,2,2,hc,0.50,home,ft,1.78,5
0GEI9Aum,Moutet C.,Cazaux A.,2,2,hc,0.50,away,ft,1.976,5
0GEI9Aum,Moutet C.,Cazaux A.,2,2,hc,-0.50,home,ft,1.882,6
0GEI9Aum,Moutet C.,Cazaux A.,2,2,hc,-0.50,away,ft,1.858,6
0GEI9Aum,Moutet C.,Cazaux A.,2,2,hc,1.00,home,ft,1.705,4
0GEI9Aum,Moutet C.,Cazaux A.,2,2,hc,1.00,away,ft,2.067,4
0GEI9Aum,Moutet C.,Cazaux A.,2,2,hc,-1.00,home,ft,1.98,4
0GEI9Aum,Moutet C.,Cazaux A.,2,2,hc,-1.00,away,ft,1.785,4
0GEI9Aum,Moutet C.,Cazaux A.,2,2,hc,1.50,home,ft,1.633,3
0GEI9Aum,Moutet C.,Cazaux A.,2,2,hc,1.50,away,ft,2.093,3
0GEI9Aum,Moutet C.,Cazaux A.,2,2,hc,-1.50,home,ft,2.042,5
0GEI9Aum,Moutet C.,Cazaux A.,2,2,hc,-1.50,away,ft,1.732,5
0GEI9Aum,Moutet C.,Cazaux A.,2,2,hc,2.00,home,ft,1.53,2
0GEI9Aum,Moutet C.,Cazaux A.,2,2,hc,2.00,away,ft,2.29,2
0GEI9Aum,Moutet C.,Cazaux A.,2,2,hc,-2.00,home,ft,2.16,4
0GEI9Aum,Moutet C.,Cazaux A.,2,2,hc,-2.00,away,ft,1.65,4
0GEI9Aum,Moutet C.,Cazaux A.,2,2,hc,2.50,home,ft,1.48,2
0GEI9Aum,Moutet C.,Cazaux A.,2,2,hc,2.50,away,ft,2.41,2
0GEI9Aum,Moutet C.,Cazaux A.,2,2,hc,-2.50,home,ft,2.28,3
0GEI9Aum,Moutet C.,Cazaux A.,2,2,hc,-2.50,away,ft,1.537,3
0GEI9Aum,Moutet C.,Cazaux A.,2,2,hc,3.00,home,ft,1.41,2
0GEI9Aum,Moutet C.,Cazaux A.,2,2,hc,3.00,away,ft,2.6,2
0GEI9Aum,Moutet C.,Cazaux A.,2,2,hc,-3.00,home,ft,2.58,2
0GEI9Aum,Moutet C.,Cazaux A.,2,2,hc,-3.00,away,ft,1.42,2
0GEI9Aum,Moutet C.,Cazaux A.,2,2,hc,3.50,home,ft,1.39,2
0GEI9Aum,Moutet C.,Cazaux A.,2,2,hc,3.50,away,ft,2.69,2
0GEI9Aum,Moutet C.,Cazaux A.,2,2,hc,4.00,home,ft,1.32,2
0GEI9Aum,Moutet C.,Cazaux A.,2,2,hc,4.00,away,ft,2.98,2
rRU6hEx0,Basavareddy N.,Medvedev D.,0,0,ou,2.50,over,ft,2.61,3
rRU6hEx0,Basavareddy N.,Medvedev D.,0,0,ou,2.50,under,ft,1.52,3
rRU6hEx0,Basavareddy N.,Medvedev D.,0,0,ou,18.50,over,ft,1.21,2
rRU6hEx0,Basavareddy N.,Medvedev D.,0,0,ou,18.50,under,ft,3.72,2
rRU6hEx0,Basavareddy N.,Medvedev D.,0,0,ou,19.00,over,ft,1.29,2
rRU6hEx0,Basavareddy N.,Medvedev D.,0,0,ou,19.00,under,ft,3.15,2
rRU6hEx0,Basavareddy N.,Medvedev D.,0,0,ou,19.50,over,ft,1.41,2
rRU6hEx0,Basavareddy N.,Medvedev D.,0,0,ou,19.50,under,ft,2.65,2
rRU6hEx0,Basavareddy N.,Medvedev D.,0,0,ou,20.00,over,ft,1.42,2
rRU6hEx0,Basavareddy N.,Medvedev D.,0,0,ou,20.00,under,ft,2.58,2
rRU6hEx0,Basavareddy N.,Medvedev D.,0,0,ou,20.50,over,ft,1.527,3
rRU6hEx0,Basavareddy N.,Medvedev D.,0,0,ou,20.50,under,ft,2.34,3
rRU6hEx0,Basavareddy N.,Medvedev D.,0,0,ou,21.00,over,ft,1.612,5
rRU6hEx0,Basavareddy N.,Medvedev D.,0,0,ou,21.00,under,ft,2.244,5
rRU6hEx0,Basavareddy N.,Medvedev D.,0,0,ou,21.50,over,ft,1.691,7
rRU6hEx0,Basavareddy N.,Medvedev D.,0,0,ou,21.50,under,ft,2.109,7
rRU6hEx0,Basavareddy N.,Medvedev D.,0,0,ou,22.00,over,ft,1.84,5
rRU6hEx0,Basavareddy N.,Medvedev D.,0,0,ou,22.00,under,ft,1.954,5
rRU6hEx0,Basavareddy N.,Medvedev D.,0,0,ou,22.50,over,ft,1.983,7
rRU6hEx0,Basavareddy N.,Medvedev D.,0,0,ou,22.50,under,ft,1.816,7
rRU6hEx0,Basavareddy N.,Medvedev D.,0,0,ou,23.00,over,ft,2.132,5
rRU6hEx0,Basavareddy N.,Medvedev D.,0,0,ou,23.00,under,ft,1.7,5
rRU6hEx0,Basavareddy N.,Medvedev D.,0,0,ou,23.50,over,ft,2.213,7
rRU6hEx0,Basavareddy N.,Medvedev D.,0,0,ou,23.50,under,ft,1.631,7
rRU6hEx0,Basavareddy N.,Medvedev D.,0,0,ou,24.00,over,ft,2.24,2
rRU6hEx0,Basavareddy N.,Medvedev D.,0,0,ou,24.00,under,ft,1.58,2
rRU6hEx0,Basavareddy N.,Medvedev D.,0,0,ou,24.50,over,ft,2.225,4
rRU6hEx0,Basavareddy N.,Medvedev D.,0,0,ou,24.50,under,ft,1.58,4
rRU6hEx0,Basavareddy N.,Medvedev D.,0,0,ou,25.00,over,ft,2.365,2
rRU6hEx0,Basavareddy N.,Medvedev D.,0,0,ou,25.00,under,ft,1.495,2
rRU6hEx0,Basavareddy N.,Medvedev D.,0,0,ou,25.50,over,ft,2.64,2
rRU6hEx0,Basavareddy N.,Medvedev D.,0,0,ou,25.50,under,ft,1.4,2
rRU6hEx0,Basavareddy N.,Medvedev D.,0,0,ou,26.50,over,ft,2.92,3
rRU6hEx0,Basavareddy N.,Medvedev D.,0,0,ou,26.50,under,ft,1.34,3
rRU6hEx0,Basavareddy N.,Medvedev D.,0,0,hc,1.50,home,ft,1.73,5
rRU6hEx0,Basavareddy N.,Medvedev D.,0,0,hc,1.50,away,ft,2.062,5
rRU6hEx0,Basavareddy N.,Medvedev D.,0,0,hc,-1.50,home,ft,5.123,4
rRU6hEx0,Basavareddy N.,Medvedev D.,0,0,hc,-1.50,away,ft,1.16,4
rRU6hEx0,Basavareddy N.,Medvedev D.,0,0,hc,1.00,home,ft,2.71,2
rRU6hEx0,Basavareddy N.,Medvedev D.,0,0,hc,1.00,away,ft,1.43,2
rRU6hEx0,Basavareddy N.,Medvedev D.,0,0,hc,1.50,home,ft,2.52,2
rRU6hEx0,Basavareddy N.,Medvedev D.,0,0,hc,1.50,away,ft,1.49,2
rRU6hEx0,Basavareddy N.,Medvedev D.,0,0,hc,2.00,home,ft,2.402,4
rRU6hEx0,Basavareddy N.,Medvedev D.,0,0,hc,2.00,away,ft,1.565,4
rRU6hEx0,Basavareddy N.,Medvedev D.,0,0,hc,2.50,home,ft,2.208,6
rRU6hEx0,Basavareddy N.,Medvedev D.,0,0,hc,2.50,away,ft,1.643,6
rRU6hEx0,Basavareddy N.,Medvedev D.,0,0,hc,3.00,home,ft,2.045,4
rRU6hEx0,Basavareddy N.,Medvedev D.,0,0,hc,3.00,away,ft,1.77,4
rRU6hEx0,Basavareddy N.,Medvedev D.,0,0,hc,3.50,home,ft,1.924,5
rRU6hEx0,Basavareddy N.,Medvedev D.,0,0,hc,3.50,away,ft,1.89,5
rRU6hEx0,Basavareddy N.,Medvedev D.,0,0,hc,4.00,home,ft,1.637,4
rRU6hEx0,Basavareddy N.,Medvedev D.,0,0,hc,4.00,away,ft,2.258,4
rRU6hEx0,Basavareddy N.,Medvedev D.,0,0,hc,4.50,home,ft,1.512,6
rRU6hEx0,Basavareddy N.,Medvedev D.,0,0,hc,4.50,away,ft,2.497,6
rRU6hEx0,Basavareddy N.,Medvedev D.,0,0,hc,5.00,home,ft,1.34,2
rRU6hEx0,Basavareddy N.,Medvedev D.,0,0,hc,5.00,away,ft,3.1,2
rRU6hEx0,Basavareddy N.,Medvedev D.,0,0,hc,5.50,home,ft,1.28,2
rRU6hEx0,Basavareddy N.,Medvedev D.,0,0,hc,5.50,away,ft,3.48,2
rRU6hEx0,Basavareddy N.,Medvedev D.,0,0,hc,6.00,home,ft,1.15,2
rRU6hEx0,Basavareddy N.,Medvedev D.,0,0,hc,6.00,away,ft,5.025,2
boeTGXDl,Zeppieri G.,Tien L.,0,0,ou,2.50,over,ft,2.567,3
boeTGXDl,Zeppieri G.,Tien L.,0,0,ou,2.50,under,ft,1.537,3
boeTGXDl,Zeppieri G.,Tien L.,0,0,ou,20.00,over,ft,1.37,2
boeTGXDl,Zeppieri G.,Tien L.,0,0,ou,20.00,under,ft,2.76,2
boeTGXDl,Zeppieri G.,Tien L.,0,0,ou,20.50,over,ft,1.52,3
boeTGXDl,Zeppieri G.,Tien L.,0,0,ou,20.50,under,ft,2.36,3
boeTGXDl,Zeppieri G.,Tien L.,0,0,ou,21.00,over,ft,1.54,2
boeTGXDl,Zeppieri G.,Tien L.,0,0,ou,21.00,under,ft,2.32,2
boeTGXDl,Zeppieri G.,Tien L.,0,0,ou,21.50,over,ft,1.659,7
boeTGXDl,Zeppieri G.,Tien L.,0,0,ou,21.50,under,ft,2.163,7
boeTGXDl,Zeppieri G.,Tien L.,0,0,ou,22.00,over,ft,1.738,5
boeTGXDl,Zeppieri G.,Tien L.,0,0,ou,22.00,under,ft,2.068,5
boeTGXDl,Zeppieri G.,Tien L.,0,0,ou,22.50,over,ft,1.951,7
boeTGXDl,Zeppieri G.,Tien L.,0,0,ou,22.50,under,ft,1.847,7
boeTGXDl,Zeppieri G.,Tien L.,0,0,ou,23.00,over,ft,2.038,5
boeTGXDl,Zeppieri G.,Tien L.,0,0,ou,23.00,under,ft,1.762,5
boeTGXDl,Zeppieri G.,Tien L.,0,0,ou,23.50,over,ft,2.174,7
boeTGXDl,Zeppieri G.,Tien L.,0,0,ou,23.50,under,ft,1.651,7
boeTGXDl,Zeppieri G.,Tien L.,0,0,ou,24.00,over,ft,2.13,2
boeTGXDl,Zeppieri G.,Tien L.,0,0,ou,24.00,under,ft,1.64,2
boeTGXDl,Zeppieri G.,Tien L.,0,0,ou,24.50,over,ft,2.15,3
boeTGXDl,Zeppieri G.,Tien L.,0,0,ou,24.50,under,ft,1.607,3
boeTGXDl,Zeppieri G.,Tien L.,0,0,ou,25.00,over,ft,2.26,2
boeTGXDl,Zeppieri G.,Tien L.,0,0,ou,25.00,under,ft,1.54,2
boeTGXDl,Zeppieri G.,Tien L.,0,0,hc,1.50,home,ft,1.566,5
boeTGXDl,Zeppieri G.,Tien L.,0,0,hc,1.50,away,ft,2.358,5
boeTGXDl,Zeppieri G.,Tien L.,0,0,hc,-1.50,home,ft,3.882,4
boeTGXDl,Zeppieri G.,Tien L.,0,0,hc,-1.50,away,ft,1.25,4
boeTGXDl,Zeppieri G.,Tien L.,0,0,hc,0,home,ft,2.41,2
boeTGXDl,Zeppieri G.,Tien L.,0,0,hc,0,away,ft,1.53,2
boeTGXDl,Zeppieri G.,Tien L.,0,0,hc,12.50,home,ft,1.78,1
boeTGXDl,Zeppieri G.,Tien L.,0,0,hc,12.50,away,ft,2.0,1
boeTGXDl,Zeppieri G.,Tien L.,0,0,hc,0.50,home,ft,2.205,4
boeTGXDl,Zeppieri G.,Tien L.,0,0,hc,0.50,away,ft,1.67,4
boeTGXDl,Zeppieri G.,Tien L.,0,0,hc,-0.50,home,ft,2.4,2
boeTGXDl,Zeppieri G.,Tien L.,0,0,hc,-0.50,away,ft,1.53,2
boeTGXDl,Zeppieri G.,Tien L.,0,0,hc,1.00,home,ft,2.192,4
boeTGXDl,Zeppieri G.,Tien L.,0,0,hc,1.00,away,ft,1.67,4
boeTGXDl,Zeppieri G.,Tien L.,0,0,hc,-1.00,home,ft,2.35,2
boeTGXDl,Zeppieri G.,Tien L.,0,0,hc,-1.00,away,ft,1.5,2
boeTGXDl,Zeppieri G.,Tien L.,0,0,hc,1.50,home,ft,2.083,6
boeTGXDl,Zeppieri G.,Tien L.,0,0,hc,1.50,away,ft,1.715,6
boeTGXDl,Zeppieri G.,Tien L.,0,0,hc,2.00,home,ft,1.975,4
boeTGXDl,Zeppieri G.,Tien L.,0,0,hc,2.00,away,ft,1.84,4
boeTGXDl,Zeppieri G.,Tien L.,0,0,hc,2.50,home,ft,1.92,5
boeTGXDl,Zeppieri G.,Tien L.,0,0,hc,2.50,away,ft,1.892,5
boeTGXDl,Zeppieri G.,Tien L.,0,0,hc,3.00,home,ft,1.69,4
boeTGXDl,Zeppieri G.,Tien L.,0,0,hc,3.00,away,ft,2.165,4
boeTGXDl,Zeppieri G.,Tien L.,0,0,hc,3.50,home,ft,1.617,6
boeTGXDl,Zeppieri G.,Tien L.,0,0,hc,3.50,away,ft,2.268,6
boeTGXDl,Zeppieri G.,Tien L.,0,0,hc,4.00,home,ft,1.438,4
boeTGXDl,Zeppieri G.,Tien L.,0,0,hc,4.00,away,ft,2.765,4
boeTGXDl,Zeppieri G.,Tien L.,0,0,hc,4.50,home,ft,1.38,2
boeTGXDl,Zeppieri G.,Tien L.,0,0,hc,4.50,away,ft,2.9,2
boeTGXDl,Zeppieri G.,Tien L.,0,0,hc,5.00,home,ft,1.24,2
boeTGXDl,Zeppieri G.,Tien L.,0,0,hc,5.00,away,ft,3.82,2
boeTGXDl,Zeppieri G.,Tien L.,0,0,hc,5.50,home,ft,1.25,2
boeTGXDl,Zeppieri G.,Tien L.,0,0,hc,5.50,away,ft,3.72,2
boeTGXDl,Zeppieri G.,Tien L.,0,0,hc,6.00,home,ft,1.13,2
boeTGXDl,Zeppieri G.,Tien L.,0,0,hc,6.00,away,ft,5.45,2
pr90C1ME,Vukic A.,Goffin D.,2,2,ou,2.50,over,ft,2.46,1
pr90C1ME,Vukic A.,Goffin D.,2,2,ou,2.50,under,ft,1.59,1
pr90C1ME,Vukic A.,Goffin D.,2,2,ou,19.50,over,ft,1.29,2
pr90C1ME,Vukic A.,Goffin D.,2,2,ou,19.50,under,ft,3.13,2
pr90C1ME,Vukic A.,Goffin D.,2,2,ou,20.00,over,ft,1.35,2
pr90C1ME,Vukic A.,Goffin D.,2,2,ou,20.00,under,ft,3.025,2
pr90C1ME,Vukic A.,Goffin D.,2,2,ou,20.50,over,ft,1.46,2
pr90C1ME,Vukic A.,Goffin D.,2,2,ou,20.50,under,ft,2.615,2
pr90C1ME,Vukic A.,Goffin D.,2,2,ou,21.00,over,ft,1.515,2
pr90C1ME,Vukic A.,Goffin D.,2,2,ou,21.00,under,ft,2.465,2
pr90C1ME,Vukic A.,Goffin D.,2,2,ou,21.50,over,ft,1.608,6
pr90C1ME,Vukic A.,Goffin D.,2,2,ou,21.50,under,ft,2.248,6
pr90C1ME,Vukic A.,Goffin D.,2,2,ou,22.00,over,ft,1.732,4
pr90C1ME,Vukic A.,Goffin D.,2,2,ou,22.00,under,ft,2.08,4
pr90C1ME,Vukic A.,Goffin D.,2,2,ou,22.50,over,ft,1.863,6
pr90C1ME,Vukic A.,Goffin D.,2,2,ou,22.50,under,ft,1.923,6
pr90C1ME,Vukic A.,Goffin D.,2,2,ou,23.00,over,ft,2.0,4
pr90C1ME,Vukic A.,Goffin D.,2,2,ou,23.00,under,ft,1.792,4
pr90C1ME,Vukic A.,Goffin D.,2,2,ou,23.50,over,ft,2.093,6
pr90C1ME,Vukic A.,Goffin D.,2,2,ou,23.50,under,ft,1.7,6
pr90C1ME,Vukic A.,Goffin D.,2,2,ou,24.00,over,ft,2.115,4
pr90C1ME,Vukic A.,Goffin D.,2,2,ou,24.00,under,ft,1.695,4
pr90C1ME,Vukic A.,Goffin D.,2,2,ou,24.50,over,ft,2.113,3
pr90C1ME,Vukic A.,Goffin D.,2,2,ou,24.50,under,ft,1.657,3
pr90C1ME,Vukic A.,Goffin D.,2,2,ou,25.00,over,ft,2.25,2
pr90C1ME,Vukic A.,Goffin D.,2,2,ou,25.00,under,ft,1.595,2
pr90C1ME,Vukic A.,Goffin D.,2,2,ou,25.50,over,ft,2.37,2
pr90C1ME,Vukic A.,Goffin D.,2,2,ou,25.50,under,ft,1.49,2
pr90C1ME,Vukic A.,Goffin D.,2,2,ou,26.00,over,ft,2.3,2
pr90C1ME,Vukic A.,Goffin D.,2,2,ou,26.00,under,ft,1.52,2
pr90C1ME,Vukic A.,Goffin D.,2,2,ou,26.50,over,ft,2.69,2
pr90C1ME,Vukic A.,Goffin D.,2,2,ou,26.50,under,ft,1.39,2
pr90C1ME,Vukic A.,Goffin D.,2,2,ou,27.50,over,ft,2.93,2
pr90C1ME,Vukic A.,Goffin D.,2,2,ou,27.50,under,ft,1.33,2
pr90C1ME,Vukic A.,Goffin D.,2,2,hc,-0.50,home,ft,1.76,1
pr90C1ME,Vukic A.,Goffin D.,2,2,hc,-0.50,away,ft,2.13,1
pr90C1ME,Vukic A.,Goffin D.,2,2,hc,1.50,home,ft,1.293,3
pr90C1ME,Vukic A.,Goffin D.,2,2,hc,1.50,away,ft,3.41,3
pr90C1ME,Vukic A.,Goffin D.,2,2,hc,-1.50,home,ft,2.623,4
pr90C1ME,Vukic A.,Goffin D.,2,2,hc,-1.50,away,ft,1.45,4
pr90C1ME,Vukic A.,Goffin D.,2,2,hc,0,home,ft,1.713,3
pr90C1ME,Vukic A.,Goffin D.,2,2,hc,0,away,ft,2.09,3
pr90C1ME,Vukic A.,Goffin D.,2,2,hc,0.50,home,ft,1.725,4
pr90C1ME,Vukic A.,Goffin D.,2,2,hc,0.50,away,ft,2.058,4
pr90C1ME,Vukic A.,Goffin D.,2,2,hc,-0.50,home,ft,1.726,5
pr90C1ME,Vukic A.,Goffin D.,2,2,hc,-0.50,away,ft,2.052,5
pr90C1ME,Vukic A.,Goffin D.,2,2,hc,1.00,home,ft,1.58,2
pr90C1ME,Vukic A.,Goffin D.,2,2,hc,1.00,away,ft,2.28,2
pr90C1ME,Vukic A.,Goffin D.,2,2,hc,-1.00,home,ft,1.833,3
pr90C1ME,Vukic A.,Goffin D.,2,2,hc,-1.00,away,ft,1.943,3
pr90C1ME,Vukic A.,Goffin D.,2,2,hc,1.50,home,ft,1.49,2
pr90C1ME,Vukic A.,Goffin D.,2,2,hc,1.50,away,ft,2.36,2
pr90C1ME,Vukic A.,Goffin D.,2,2,hc,-1.50,home,ft,1.927,4
pr90C1ME,Vukic A.,Goffin D.,2,2,hc,-1.50,away,ft,1.868,4
pr90C1ME,Vukic A.,Goffin D.,2,2,hc,2.00,home,ft,1.44,2
pr90C1ME,Vukic A.,Goffin D.,2,2,hc,2.00,away,ft,2.5,2
pr90C1ME,Vukic A.,Goffin D.,2,2,hc,-2.00,home,ft,2.013,3
pr90C1ME,Vukic A.,Goffin D.,2,2,hc,-2.00,away,ft,1.77,3
pr90C1ME,Vukic A.,Goffin D.,2,2,hc,2.50,home,ft,1.5,2
pr90C1ME,Vukic A.,Goffin D.,2,2,hc,2.50,away,ft,2.35,2
pr90C1ME,Vukic A.,Goffin D.,2,2,hc,-2.50,home,ft,2.086,5
pr90C1ME,Vukic A.,Goffin D.,2,2,hc,-2.50,away,ft,1.698,5
pr90C1ME,Vukic A.,Goffin D.,2,2,hc,-3.00,home,ft,2.353,3
pr90C1ME,Vukic A.,Goffin D.,2,2,hc,-3.00,away,ft,1.573,3
pr90C1ME,Vukic A.,Goffin D.,2,2,hc,-3.50,home,ft,2.435,4
pr90C1ME,Vukic A.,Goffin D.,2,2,hc,-3.50,away,ft,1.525,4
pr90C1ME,Vukic A.,Goffin D.,2,2,hc,-4.00,home,ft,3.18,2
pr90C1ME,Vukic A.,Goffin D.,2,2,hc,-4.00,away,ft,1.32,2
Yw4mVGnR,Kovacevic A.,Royer V.,1,1,ou,2.50,over,ft,2.54,2
Yw4mVGnR,Kovacevic A.,Royer V.,1,1,ou,2.50,under,ft,1.55,2
Yw4mVGnR,Kovacevic A.,Royer V.,1,1,ou,19.50,over,ft,1.24,2
Yw4mVGnR,Kovacevic A.,Royer V.,1,1,ou,19.50,under,ft,3.51,2
Yw4mVGnR,Kovacevic A.,Royer V.,1,1,ou,20.00,over,ft,1.27,2
Yw4mVGnR,Kovacevic A.,Royer V.,1,1,ou,20.00,under,ft,3.28,2
Yw4mVGnR,Kovacevic A.,Royer V.,1,1,ou,20.50,over,ft,1.37,2
Yw4mVGnR,Kovacevic A.,Royer V.,1,1,ou,20.50,under,ft,2.81,2
Yw4mVGnR,Kovacevic A.,Royer V.,1,1,ou,21.00,over,ft,1.4,2
Yw4mVGnR,Kovacevic A.,Royer V.,1,1,ou,21.00,under,ft,2.65,2
Yw4mVGnR,Kovacevic A.,Royer V.,1,1,ou,21.50,over,ft,1.528,5
Yw4mVGnR,Kovacevic A.,Royer V.,1,1,ou,21.50,under,ft,2.35,5
Yw4mVGnR,Kovacevic A.,Royer V.,1,1,ou,22.00,over,ft,1.584,5
Yw4mVGnR,Kovacevic A.,Royer V.,1,1,ou,22.00,under,ft,2.322,5
Yw4mVGnR,Kovacevic A.,Royer V.,1,1,ou,22.50,over,ft,1.75,7
Yw4mVGnR,Kovacevic A.,Royer V.,1,1,ou,22.50,under,ft,2.034,7
Yw4mVGnR,Kovacevic A.,Royer V.,1,1,ou,23.00,over,ft,1.896,5
Yw4mVGnR,Kovacevic A.,Royer V.,1,1,ou,23.00,under,ft,1.896,5
Yw4mVGnR,Kovacevic A.,Royer V.,1,1,ou,23.50,over,ft,2.026,7
Yw4mVGnR,Kovacevic A.,Royer V.,1,1,ou,23.50,under,ft,1.753,7
Yw4mVGnR,Kovacevic A.,Royer V.,1,1,ou,24.00,over,ft,2.07,5
Yw4mVGnR,Kovacevic A.,Royer V.,1,1,ou,24.00,under,ft,1.744,5
Yw4mVGnR,Kovacevic A.,Royer V.,1,1,ou,24.50,over,ft,1.967,6
Yw4mVGnR,Kovacevic A.,Royer V.,1,1,ou,24.50,under,ft,1.79,6
Yw4mVGnR,Kovacevic A.,Royer V.,1,1,ou,25.00,over,ft,2.09,2
Yw4mVGnR,Kovacevic A.,Royer V.,1,1,ou,25.00,under,ft,1.66,2
Yw4mVGnR,Kovacevic A.,Royer V.,1,1,ou,25.50,over,ft,2.17,2
Yw4mVGnR,Kovacevic A.,Royer V.,1,1,ou,25.50,under,ft,1.6,2
Yw4mVGnR,Kovacevic A.,Royer V.,1,1,ou,26.00,over,ft,2.33,2
Yw4mVGnR,Kovacevic A.,Royer V.,1,1,ou,26.00,under,ft,1.51,2
Yw4mVGnR,Kovacevic A.,Royer V.,1,1,ou,26.50,over,ft,2.38,2
Yw4mVGnR,Kovacevic A.,Royer V.,1,1,ou,26.50,under,ft,1.49,2
Yw4mVGnR,Kovacevic A.,Royer V.,1,1,ou,27.50,over,ft,2.56,2
Yw4mVGnR,Kovacevic A.,Royer V.,1,1,ou,27.50,under,ft,1.43,2
Yw4mVGnR,Kovacevic A.,Royer V.,1,1,hc,1.50,home,ft,1.444,5
Yw4mVGnR,Kovacevic A.,Royer V.,1,1,hc,1.50,away,ft,2.698,5
Yw4mVGnR,Kovacevic A.,Royer V.,1,1,hc,-1.50,home,ft,3.428,4
Yw4mVGnR,Kovacevic A.,Royer V.,1,1,hc,-1.50,away,ft,1.305,4
Yw4mVGnR,Kovacevic A.,Royer V.,1,1,hc,0,home,ft,2.09,4
Yw4mVGnR,Kovacevic A.,Royer V.,1,1,hc,0,away,ft,1.695,4
Yw4mVGnR,Kovacevic A.,Royer V.,1,1,hc,12.50,home,ft,1.91,1
Yw4mVGnR,Kovacevic A.,Royer V.,1,1,hc,12.50,away,ft,1.76,1
Yw4mVGnR,Kovacevic A.,Royer V.,1,1,hc,0.50,home,ft,2.007,6
Yw4mVGnR,Kovacevic A.,Royer V.,1,1,hc,0.50,away,ft,1.75,6
Yw4mVGnR,Kovacevic A.,Royer V.,1,1,hc,-0.50,home,ft,2.1,3
Yw4mVGnR,Kovacevic A.,Royer V.,1,1,hc,-0.50,away,ft,1.63,3
Yw4mVGnR,Kovacevic A.,Royer V.,1,1,hc,1.00,home,ft,1.93,4
Yw4mVGnR,Kovacevic A.,Royer V.,1,1,hc,1.00,away,ft,1.83,4
Yw4mVGnR,Kovacevic A.,Royer V.,1,1,hc,-1.00,home,ft,2.27,2
Yw4mVGnR,Kovacevic A.,Royer V.,1,1,hc,-1.00,away,ft,1.53,2
Yw4mVGnR,Kovacevic A.,Royer V.,1,1,hc,1.50,home,ft,1.89,5
Yw4mVGnR,Kovacevic A.,Royer V.,1,1,hc,1.50,away,ft,1.932,5
Yw4mVGnR,Kovacevic A.,Royer V.,1,1,hc,-1.50,home,ft,2.29,2
Yw4mVGnR,Kovacevic A.,Royer V.,1,1,hc,-1.50,away,ft,1.53,2
Yw4mVGnR,Kovacevic A.,Royer V.,1,1,hc,2.00,home,ft,1.73,4
Yw4mVGnR,Kovacevic A.,Royer V.,1,1,hc,2.00,away,ft,2.047,4
Yw4mVGnR,Kovacevic A.,Royer V.,1,1,hc,-2.00,home,ft,2.52,2
Yw4mVGnR,Kovacevic A.,Royer V.,1,1,hc,-2.00,away,ft,1.44,2
Yw4mVGnR,Kovacevic A.,Royer V.,1,1,hc,2.50,home,ft,1.625,6
Yw4mVGnR,Kovacevic A.,Royer V.,1,1,hc,2.50,away,ft,2.195,6
Yw4mVGnR,Kovacevic A.,Royer V.,1,1,hc,3.00,home,ft,1.48,2
Yw4mVGnR,Kovacevic A.,Royer V.,1,1,hc,3.00,away,ft,2.41,2
Yw4mVGnR,Kovacevic A.,Royer V.,1,1,hc,3.50,home,ft,1.41,2
Yw4mVGnR,Kovacevic A.,Royer V.,1,1,hc,3.50,away,ft,2.61,2
Yw4mVGnR,Kovacevic A.,Royer V.,1,1,hc,4.00,home,ft,1.26,2
Yw4mVGnR,Kovacevic A.,Royer V.,1,1,hc,4.00,away,ft,3.36,2
A71n3cq1,Cazaux A.,Arnaldi M.,2,2,ou,2.50,over,ft,2.305,2
A71n3cq1,Cazaux A.,Arnaldi M.,2,2,ou,2.50,under,ft,1.64,2
A71n3cq1,Cazaux A.,Arnaldi M.,2,2,ou,19.50,over,ft,1.24,2
A71n3cq1,Cazaux A.,Arnaldi M.,2,2,ou,19.50,under,ft,3.53,2
A71n3cq1,Cazaux A.,Arnaldi M.,2,2,ou,20.00,over,ft,1.29,2
A71n3cq1,Cazaux A.,Arnaldi M.,2,2,ou,20.00,under,ft,3.18,2
A71n3cq1,Cazaux A.,Arnaldi M.,2,2,ou,20.50,over,ft,1.357,3
A71n3cq1,Cazaux A.,Arnaldi M.,2,2,ou,20.50,under,ft,2.843,3
A71n3cq1,Cazaux A.,Arnaldi M.,2,2,ou,21.00,over,ft,1.37,2
A71n3cq1,Cazaux A.,Arnaldi M.,2,2,ou,21.00,under,ft,2.76,2
A71n3cq1,Cazaux A.,Arnaldi M.,2,2,ou,21.50,over,ft,1.46,2
A71n3cq1,Cazaux A.,Arnaldi M.,2,2,ou,21.50,under,ft,2.45,2
A71n3cq1,Cazaux A.,Arnaldi M.,2,2,ou,22.00,over,ft,1.575,4
A71n3cq1,Cazaux A.,Arnaldi M.,2,2,ou,22.00,under,ft,2.312,4
A71n3cq1,Cazaux A.,Arnaldi M.,2,2,ou,22.50,over,ft,1.713,6
A71n3cq1,Cazaux A.,Arnaldi M.,2,2,ou,22.50,under,ft,2.013,6
A71n3cq1,Cazaux A.,Arnaldi M.,2,2,ou,23.00,over,ft,1.865,4
A71n3cq1,Cazaux A.,Arnaldi M.,2,2,ou,23.00,under,ft,1.91,4
A71n3cq1,Cazaux A.,Arnaldi M.,2,2,ou,23.50,over,ft,1.957,6
A71n3cq1,Cazaux A.,Arnaldi M.,2,2,ou,23.50,under,ft,1.822,6
A71n3cq1,Cazaux A.,Arnaldi M.,2,2,ou,24.00,over,ft,2.022,4
A71n3cq1,Cazaux A.,Arnaldi M.,2,2,ou,24.00,under,ft,1.76,4
A71n3cq1,Cazaux A.,Arnaldi M.,2,2,ou,24.50,over,ft,2.003,6
A71n3cq1,Cazaux A.,Arnaldi M.,2,2,ou,24.50,under,ft,1.727,6
A71n3cq1,Cazaux A.,Arnaldi M.,2,2,ou,25.00,over,ft,2.09,2
A71n3cq1,Cazaux A.,Arnaldi M.,2,2,ou,25.00,under,ft,1.66,2
A71n3cq1,Cazaux A.,Arnaldi M.,2,2,ou,25.50,over,ft,2.18,2
A71n3cq1,Cazaux A.,Arnaldi M.,2,2,ou,25.50,under,ft,1.58,2
A71n3cq1,Cazaux A.,Arnaldi M.,2,2,ou,26.00,over,ft,2.3,2
A71n3cq1,Cazaux A.,Arnaldi M.,2,2,ou,26.00,under,ft,1.52,2
A71n3cq1,Cazaux A.,Arnaldi M.,2,2,ou,26.50,over,ft,2.433,3
A71n3cq1,Cazaux A.,Arnaldi M.,2,2,ou,26.50,under,ft,1.473,3
A71n3cq1,Cazaux A.,Arnaldi M.,2,2,ou,27.50,over,ft,2.66,2
A71n3cq1,Cazaux A.,Arnaldi M.,2,2,ou,27.50,under,ft,1.4,2
A71n3cq1,Cazaux A.,Arnaldi M.,2,2,ou,28.50,over,ft,2.917,3
A71n3cq1,Cazaux A.,Arnaldi M.,2,2,ou,28.50,under,ft,1.343,3
A71n3cq1,Cazaux A.,Arnaldi M.,2,2,hc,0.50,home,ft,1.94,1
A71n3cq1,Cazaux A.,Arnaldi M.,2,2,hc,0.50,away,ft,1.92,1
A71n3cq1,Cazaux A.,Arnaldi M.,2,2,hc,1.00,home,ft,1.58,1
A71n3cq1,Cazaux A.,Arnaldi M.,2,2,hc,1.00,away,ft,2.49,1
A71n3cq1,Cazaux A.,Arnaldi M.,2,2,hc,1.50,home,ft,1.337,4
A71n3cq1,Cazaux A.,Arnaldi M.,2,2,hc,1.50,away,ft,3.052,4
A71n3cq1,Cazaux A.,Arnaldi M.,2,2,hc,-1.50,home,ft,3.053,4
A71n3cq1,Cazaux A.,Arnaldi M.,2,2,hc,-1.50,away,ft,1.337,4
A71n3cq1,Cazaux A.,Arnaldi M.,2,2,hc,0,home,ft,1.867,3
A71n3cq1,Cazaux A.,Arnaldi M.,2,2,hc,0,away,ft,1.86,3
A71n3cq1,Cazaux A.,Arnaldi M.,2,2,hc,0.50,home,ft,1.878,5
A71n3cq1,Cazaux A.,Arnaldi M.,2,2,hc,0.50,away,ft,1.842,5
A71n3cq1,Cazaux A.,Arnaldi M.,2,2,hc,-0.50,home,ft,1.995,4
A71n3cq1,Cazaux A.,Arnaldi M.,2,2,hc,-0.50,away,ft,1.805,4
A71n3cq1,Cazaux A.,Arnaldi M.,2,2,hc,0.75,home,ft,1.75,2
A71n3cq1,Cazaux A.,Arnaldi M.,2,2,hc,0.75,away,ft,1.95,2
A71n3cq1,Cazaux A.,Arnaldi M.,2,2,hc,-0.75,home,ft,2.0,2
A71n3cq1,Cazaux A.,Arnaldi M.,2,2,hc,-0.75,away,ft,1.81,2
A71n3cq1,Cazaux A.,Arnaldi M.,2,2,hc,1.00,home,ft,1.72,3
A71n3cq1,Cazaux A.,Arnaldi M.,2,2,hc,1.00,away,ft,2.02,3
A71n3cq1,Cazaux A.,Arnaldi M.,2,2,hc,-1.00,home,ft,2.01,3
A71n3cq1,Cazaux A.,Arnaldi M.,2,2,hc,-1.00,away,ft,1.733,3
A71n3cq1,Cazaux A.,Arnaldi M.,2,2,hc,1.50,home,ft,1.692,4
A71n3cq1,Cazaux A.,Arnaldi M.,2,2,hc,1.50,away,ft,2.06,4
A71n3cq1,Cazaux A.,Arnaldi M.,2,2,hc,-1.50,home,ft,2.05,2
A71n3cq1,Cazaux A.,Arnaldi M.,2,2,hc,-1.50,away,ft,1.65,2
A71n3cq1,Cazaux A.,Arnaldi M.,2,2,hc,2.00,home,ft,1.597,3
A71n3cq1,Cazaux A.,Arnaldi M.,2,2,hc,2.00,away,ft,2.23,3
A71n3cq1,Cazaux A.,Arnaldi M.,2,2,hc,-2.00,home,ft,2.2,2
A71n3cq1,Cazaux A.,Arnaldi M.,2,2,hc,-2.00,away,ft,1.57,2
A71n3cq1,Cazaux A.,Arnaldi M.,2,2,hc,2.50,home,ft,1.517,3
A71n3cq1,Cazaux A.,Arnaldi M.,2,2,hc,2.50,away,ft,2.333,3
A71n3cq1,Cazaux A.,Arnaldi M.,2,2,hc,-2.50,home,ft,2.32,2
A71n3cq1,Cazaux A.,Arnaldi M.,2,2,hc,-2.50,away,ft,1.51,2
A71n3cq1,Cazaux A.,Arnaldi M.,2,2,hc,3.00,home,ft,1.38,2
A71n3cq1,Cazaux A.,Arnaldi M.,2,2,hc,3.00,away,ft,2.72,2
A71n3cq1,Cazaux A.,Arnaldi M.,2,2,hc,-3.00,home,ft,2.76,2
A71n3cq1,Cazaux A.,Arnaldi M.,2,2,hc,-3.00,away,ft,1.37,2
A71n3cq1,Cazaux A.,Arnaldi M.,2,2,hc,3.50,home,ft,1.33,2
A71n3cq1,Cazaux A.,Arnaldi M.,2,2,hc,3.50,away,ft,3.0,2
A71n3cq1,Cazaux A.,Arnaldi M.,2,2,hc,-3.50,home,ft,3.0,2
A71n3cq1,Cazaux A.,Arnaldi M.,2,2,hc,-3.50,away,ft,1.33,2
A71n3cq1,Cazaux A.,Arnaldi M.,2,2,hc,4.00,home,ft,1.22,2
A71n3cq1,Cazaux A.,Arnaldi M.,2,2,hc,4.00,away,ft,3.64,2
xtlu5JEl,Walton A.,Korda S.,0,0,ou,2.50,over,ft,2.445,2
xtlu5JEl,Walton A.,Korda S.,0,0,ou,2.50,under,ft,1.56,2
xtlu5JEl,Walton A.,Korda S.,0,0,ou,19.50,over,ft,1.22,2
xtlu5JEl,Walton A.,Korda S.,0,0,ou,19.50,under,ft,3.62,2
xtlu5JEl,Walton A.,Korda S.,0,0,ou,20.00,over,ft,1.27,2
xtlu5JEl,Walton A.,Korda S.,0,0,ou,20.00,under,ft,3.28,2
xtlu5JEl,Walton A.,Korda S.,0,0,ou,20.50,over,ft,1.397,3
xtlu5JEl,Walton A.,Korda S.,0,0,ou,20.50,under,ft,2.723,3
xtlu5JEl,Walton A.,Korda S.,0,0,ou,21.00,over,ft,1.4,2
xtlu5JEl,Walton A.,Korda S.,0,0,ou,21.00,under,ft,2.96,2
xtlu5JEl,Walton A.,Korda S.,0,0,ou,21.50,over,ft,1.53,6
xtlu5JEl,Walton A.,Korda S.,0,0,ou,21.50,under,ft,2.452,6
xtlu5JEl,Walton A.,Korda S.,0,0,ou,22.00,over,ft,1.63,4
xtlu5JEl,Walton A.,Korda S.,0,0,ou,22.00,under,ft,2.275,4
xtlu5JEl,Walton A.,Korda S.,0,0,ou,22.50,over,ft,1.765,6
xtlu5JEl,Walton A.,Korda S.,0,0,ou,22.50,under,ft,2.037,6
xtlu5JEl,Walton A.,Korda S.,0,0,ou,23.00,over,ft,1.945,4
xtlu5JEl,Walton A.,Korda S.,0,0,ou,23.00,under,ft,1.857,4
xtlu5JEl,Walton A.,Korda S.,0,0,ou,23.50,over,ft,1.993,6
xtlu5JEl,Walton A.,Korda S.,0,0,ou,23.50,under,ft,1.78,6
xtlu5JEl,Walton A.,Korda S.,0,0,ou,24.00,over,ft,2.087,4
xtlu5JEl,Walton A.,Korda S.,0,0,ou,24.00,under,ft,1.72,4
xtlu5JEl,Walton A.,Korda S.,0,0,ou,24.50,over,ft,2.013,6
xtlu5JEl,Walton A.,Korda S.,0,0,ou,24.50,under,ft,1.755,6
xtlu5JEl,Walton A.,Korda S.,0,0,ou,25.00,over,ft,2.17,2
xtlu5JEl,Walton A.,Korda S.,0,0,ou,25.00,under,ft,1.7,2
xtlu5JEl,Walton A.,Korda S.,0,0,ou,25.50,over,ft,2.217,3
xtlu5JEl,Walton A.,Korda S.,0,0,ou,25.50,under,ft,1.6,3
xtlu5JEl,Walton A.,Korda S.,0,0,ou,26.00,over,ft,2.3,2
xtlu5JEl,Walton A.,Korda S.,0,0,ou,26.00,under,ft,1.52,2
xtlu5JEl,Walton A.,Korda S.,0,0,ou,26.50,over,ft,2.633,3
xtlu5JEl,Walton A.,Korda S.,0,0,ou,26.50,under,ft,1.437,3
xtlu5JEl,Walton A.,Korda S.,0,0,ou,27.50,over,ft,2.85,2
xtlu5JEl,Walton A.,Korda S.,0,0,ou,27.50,under,ft,1.37,2
xtlu5JEl,Walton A.,Korda S.,0,0,hc,0.50,home,ft,2.75,1
xtlu5JEl,Walton A.,Korda S.,0,0,hc,0.50,away,ft,1.49,1
xtlu5JEl,Walton A.,Korda S.,0,0,hc,1.00,home,ft,2.18,1
xtlu5JEl,Walton A.,Korda S.,0,0,hc,1.00,away,ft,1.72,1
xtlu5JEl,Walton A.,Korda S.,0,0,hc,1.50,home,ft,1.65,4
xtlu5JEl,Walton A.,Korda S.,0,0,hc,1.50,away,ft,2.16,4
xtlu5JEl,Walton A.,Korda S.,0,0,hc,-1.50,home,ft,4.373,3
xtlu5JEl,Walton A.,Korda S.,0,0,hc,-1.50,away,ft,1.197,3
xtlu5JEl,Walton A.,Korda S.,0,0,hc,0,home,ft,3.1,2
xtlu5JEl,Walton A.,Korda S.,0,0,hc,0,away,ft,1.37,2
xtlu5JEl,Walton A.,Korda S.,0,0,hc,0.50,home,ft,2.59,3
xtlu5JEl,Walton A.,Korda S.,0,0,hc,0.50,away,ft,1.503,3
xtlu5JEl,Walton A.,Korda S.,0,0,hc,-0.50,home,ft,2.8,2
xtlu5JEl,Walton A.,Korda S.,0,0,hc,-0.50,away,ft,1.38,2
xtlu5JEl,Walton A.,Korda S.,0,0,hc,1.00,home,ft,2.72,2
xtlu5JEl,Walton A.,Korda S.,0,0,hc,1.00,away,ft,1.46,2
xtlu5JEl,Walton A.,Korda S.,0,0,hc,-1.00,home,ft,2.46,2
xtlu5JEl,Walton A.,Korda S.,0,0,hc,-1.00,away,ft,1.46,2
xtlu5JEl,Walton A.,Korda S.,0,0,hc,1.50,home,ft,2.336,5
xtlu5JEl,Walton A.,Korda S.,0,0,hc,1.50,away,ft,1.582,5
xtlu5JEl,Walton A.,Korda S.,0,0,hc,-1.50,home,ft,3.0,2
xtlu5JEl,Walton A.,Korda S.,0,0,hc,-1.50,away,ft,1.33,2
xtlu5JEl,Walton A.,Korda S.,0,0,hc,1.75,home,ft,2.23,2
xtlu5JEl,Walton A.,Korda S.,0,0,hc,1.75,away,ft,1.58,2
xtlu5JEl,Walton A.,Korda S.,0,0,hc,2.00,home,ft,2.273,3
xtlu5JEl,Walton A.,Korda S.,0,0,hc,2.00,away,ft,1.647,3
xtlu5JEl,Walton A.,Korda S.,0,0,hc,2.25,home,ft,2.13,2
xtlu5JEl,Walton A.,Korda S.,0,0,hc,2.25,away,ft,1.72,2
xtlu5JEl,Walton A.,Korda S.,0,0,hc,2.50,home,ft,1.94,5
xtlu5JEl,Walton A.,Korda S.,0,0,hc,2.50,away,ft,1.852,5
xtlu5JEl,Walton A.,Korda S.,0,0,hc,-2.50,home,ft,3.55,2
xtlu5JEl,Walton A.,Korda S.,0,0,hc,-2.50,away,ft,1.25,2
xtlu5JEl,Walton A.,Korda S.,0,0,hc,2.75,home,ft,1.9,2
xtlu5JEl,Walton A.,Korda S.,0,0,hc,2.75,away,ft,1.8,2
xtlu5JEl,Walton A.,Korda S.,0,0,hc,3.00,home,ft,1.847,3
xtlu5JEl,Walton A.,Korda S.,0,0,hc,3.00,away,ft,1.98,3
xtlu5JEl,Walton A.,Korda S.,0,0,hc,3.25,home,ft,1.75,2
xtlu5JEl,Walton A.,Korda S.,0,0,hc,3.25,away,ft,1.95,2
xtlu5JEl,Walton A.,Korda S.,0,0,hc,3.50,home,ft,1.638,5
xtlu5JEl,Walton A.,Korda S.,0,0,hc,3.50,away,ft,2.224,5
xtlu5JEl,Walton A.,Korda S.,0,0,hc,4.00,home,ft,1.443,3
xtlu5JEl,Walton A.,Korda S.,0,0,hc,4.00,away,ft,2.81,3
xtlu5JEl,Walton A.,Korda S.,0,0,hc,4.50,home,ft,1.34,2
xtlu5JEl,Walton A.,Korda S.,0,0,hc,4.50,away,ft,3.265,2
xtlu5JEl,Walton A.,Korda S.,0,0,hc,5.00,home,ft,1.17,2
xtlu5JEl,Walton A.,Korda S.,0,0,hc,5.00,away,ft,5.02,2
nNu6Iw3L,Hijikata R.,Ugo Carabelli C.,2,2,ou,2.50,over,ft,2.533,3
nNu6Iw3L,Hijikata R.,Ugo Carabelli C.,2,2,ou,2.50,under,ft,1.54,3
nNu6Iw3L,Hijikata R.,Ugo Carabelli C.,2,2,ou,18.50,over,ft,1.23,2
nNu6Iw3L,Hijikata R.,Ugo Carabelli C.,2,2,ou,18.50,under,ft,3.6,2
nNu6Iw3L,Hijikata R.,Ugo Carabelli C.,2,2,ou,19.00,over,ft,1.32,2
nNu6Iw3L,Hijikata R.,Ugo Carabelli C.,2,2,ou,19.00,under,ft,2.99,2
nNu6Iw3L,Hijikata R.,Ugo Carabelli C.,2,2,ou,19.50,over,ft,1.4,2
nNu6Iw3L,Hijikata R.,Ugo Carabelli C.,2,2,ou,19.50,under,ft,2.66,2
nNu6Iw3L,Hijikata R.,Ugo Carabelli C.,2,2,ou,20.00,over,ft,1.39,2
nNu6Iw3L,Hijikata R.,Ugo Carabelli C.,2,2,ou,20.00,under,ft,2.68,2
nNu6Iw3L,Hijikata R.,Ugo Carabelli C.,2,2,ou,20.50,over,ft,1.517,3
nNu6Iw3L,Hijikata R.,Ugo Carabelli C.,2,2,ou,20.50,under,ft,2.507,3
nNu6Iw3L,Hijikata R.,Ugo Carabelli C.,2,2,ou,21.00,over,ft,1.638,5
nNu6Iw3L,Hijikata R.,Ugo Carabelli C.,2,2,ou,21.00,under,ft,2.216,5
nNu6Iw3L,Hijikata R.,Ugo Carabelli C.,2,2,ou,21.50,over,ft,1.726,7
nNu6Iw3L,Hijikata R.,Ugo Carabelli C.,2,2,ou,21.50,under,ft,2.086,7
nNu6Iw3L,Hijikata R.,Ugo Carabelli C.,2,2,ou,22.00,over,ft,1.872,5
nNu6Iw3L,Hijikata R.,Ugo Carabelli C.,2,2,ou,22.00,under,ft,1.926,5
nNu6Iw3L,Hijikata R.,Ugo Carabelli C.,2,2,ou,22.50,over,ft,1.99,7
nNu6Iw3L,Hijikata R.,Ugo Carabelli C.,2,2,ou,22.50,under,ft,1.81,7
nNu6Iw3L,Hijikata R.,Ugo Carabelli C.,2,2,ou,23.00,over,ft,2.146,5
nNu6Iw3L,Hijikata R.,Ugo Carabelli C.,2,2,ou,23.00,under,ft,1.696,5
nNu6Iw3L,Hijikata R.,Ugo Carabelli C.,2,2,ou,23.50,over,ft,2.19,6
nNu6Iw3L,Hijikata R.,Ugo Carabelli C.,2,2,ou,23.50,under,ft,1.648,6
nNu6Iw3L,Hijikata R.,Ugo Carabelli C.,2,2,ou,24.00,over,ft,2.17,2
nNu6Iw3L,Hijikata R.,Ugo Carabelli C.,2,2,ou,24.00,under,ft,1.62,2
nNu6Iw3L,Hijikata R.,Ugo Carabelli C.,2,2,ou,24.50,over,ft,2.357,4
nNu6Iw3L,Hijikata R.,Ugo Carabelli C.,2,2,ou,24.50,under,ft,1.512,4
nNu6Iw3L,Hijikata R.,Ugo Carabelli C.,2,2,ou,25.00,over,ft,2.28,2
nNu6Iw3L,Hijikata R.,Ugo Carabelli C.,2,2,ou,25.00,under,ft,1.53,2
nNu6Iw3L,Hijikata R.,Ugo Carabelli C.,2,2,ou,25.50,over,ft,2.79,2
nNu6Iw3L,Hijikata R.,Ugo Carabelli C.,2,2,ou,25.50,under,ft,1.36,2
nNu6Iw3L,Hijikata R.,Ugo Carabelli C.,2,2,ou,26.00,over,ft,2.2,1
nNu6Iw3L,Hijikata R.,Ugo Carabelli C.,2,2,ou,26.00,under,ft,1.57,1
nNu6Iw3L,Hijikata R.,Ugo Carabelli C.,2,2,ou,26.50,over,ft,3.077,3
nNu6Iw3L,Hijikata R.,Ugo Carabelli C.,2,2,ou,26.50,under,ft,1.32,3
nNu6Iw3L,Hijikata R.,Ugo Carabelli C.,2,2,hc,1.50,home,ft,1.17,4
nNu6Iw3L,Hijikata R.,Ugo Carabelli C.,2,2,hc,1.50,away,ft,4.777,4
nNu6Iw3L,Hijikata R.,Ugo Carabelli C.,2,2,hc,-1.50,home,ft,2.146,5
nNu6Iw3L,Hijikata R.,Ugo Carabelli C.,2,2,hc,-1.50,away,ft,1.664,5
nNu6Iw3L,Hijikata R.,Ugo Carabelli C.,2,2,hc,0,home,ft,1.43,2
nNu6Iw3L,Hijikata R.,Ugo Carabelli C.,2,2,hc,0,away,ft,2.53,2
nNu6Iw3L,Hijikata R.,Ugo Carabelli C.,2,2,hc,0.50,home,ft,1.43,2
nNu6Iw3L,Hijikata R.,Ugo Carabelli C.,2,2,hc,0.50,away,ft,2.65,2
nNu6Iw3L,Hijikata R.,Ugo Carabelli C.,2,2,hc,-0.50,home,ft,1.553,3
nNu6Iw3L,Hijikata R.,Ugo Carabelli C.,2,2,hc,-0.50,away,ft,2.297,3
nNu6Iw3L,Hijikata R.,Ugo Carabelli C.,2,2,hc,1.00,home,ft,1.41,2
nNu6Iw3L,Hijikata R.,Ugo Carabelli C.,2,2,hc,1.00,away,ft,2.6,2
nNu6Iw3L,Hijikata R.,Ugo Carabelli C.,2,2,hc,-1.00,home,ft,1.597,3
nNu6Iw3L,Hijikata R.,Ugo Carabelli C.,2,2,hc,-1.00,away,ft,2.407,3
nNu6Iw3L,Hijikata R.,Ugo Carabelli C.,2,2,hc,1.50,home,ft,1.38,2
nNu6Iw3L,Hijikata R.,Ugo Carabelli C.,2,2,hc,1.50,away,ft,2.8,2
nNu6Iw3L,Hijikata R.,Ugo Carabelli C.,2,2,hc,-1.50,home,ft,1.67,5
nNu6Iw3L,Hijikata R.,Ugo Carabelli C.,2,2,hc,-1.50,away,ft,2.164,5
nNu6Iw3L,Hijikata R.,Ugo Carabelli C.,2,2,hc,-2.00,home,ft,1.59,4
nNu6Iw3L,Hijikata R.,Ugo Carabelli C.,2,2,hc,-2.00,away,ft,2.285,4
nNu6Iw3L,Hijikata R.,Ugo Carabelli C.,2,2,hc,-2.25,home,ft,1.68,2
nNu6Iw3L,Hijikata R.,Ugo Carabelli C.,2,2,hc,-2.25,away,ft,2.05,2
nNu6Iw3L,Hijikata R.,Ugo Carabelli C.,2,2,hc,2.50,home,ft,1.3,2
nNu6Iw3L,Hijikata R.,Ugo Carabelli C.,2,2,hc,2.50,away,ft,3.2,2
nNu6Iw3L,Hijikata R.,Ugo Carabelli C.,2,2,hc,-2.50,home,ft,1.707,6
nNu6Iw3L,Hijikata R.,Ugo Carabelli C.,2,2,hc,-2.50,away,ft,2.133,6
nNu6Iw3L,Hijikata R.,Ugo Carabelli C.,2,2,hc,-2.75,home,ft,1.77,2
nNu6Iw3L,Hijikata R.,Ugo Carabelli C.,2,2,hc,-2.75,away,ft,1.93,2
nNu6Iw3L,Hijikata R.,Ugo Carabelli C.,2,2,hc,-3.00,home,ft,1.88,4
nNu6Iw3L,Hijikata R.,Ugo Carabelli C.,2,2,hc,-3.00,away,ft,1.955,4
nNu6Iw3L,Hijikata R.,Ugo Carabelli C.,2,2,hc,-3.25,home,ft,1.9,2
nNu6Iw3L,Hijikata R.,Ugo Carabelli C.,2,2,hc,-3.25,away,ft,1.8,2
nNu6Iw3L,Hijikata R.,Ugo Carabelli C.,2,2,hc,-3.50,home,ft,2.11,6
nNu6Iw3L,Hijikata R.,Ugo Carabelli C.,2,2,hc,-3.50,away,ft,1.723,6
nNu6Iw3L,Hijikata R.,Ugo Carabelli C.,2,2,hc,-3.75,home,ft,2.16,2
nNu6Iw3L,Hijikata R.,Ugo Carabelli C.,2,2,hc,-3.75,away,ft,1.7,2
nNu6Iw3L,Hijikata R.,Ugo Carabelli C.,2,2,hc,-4.00,home,ft,2.393,4
nNu6Iw3L,Hijikata R.,Ugo Carabelli C.,2,2,hc,-4.00,away,ft,1.595,4
nNu6Iw3L,Hijikata R.,Ugo Carabelli C.,2,2,hc,-4.50,home,ft,2.543,6
nNu6Iw3L,Hijikata R.,Ugo Carabelli C.,2,2,hc,-4.50,away,ft,1.515,6
nNu6Iw3L,Hijikata R.,Ugo Carabelli C.,2,2,hc,-5.00,home,ft,3.725,2
nNu6Iw3L,Hijikata R.,Ugo Carabelli C.,2,2,hc,-5.00,away,ft,1.28,2
nNu6Iw3L,Hijikata R.,Ugo Carabelli C.,2,2,hc,-5.50,home,ft,3.55,2
nNu6Iw3L,Hijikata R.,Ugo Carabelli C.,2,2,hc,-5.50,away,ft,1.27,2
nNu6Iw3L,Hijikata R.,Ugo Carabelli C.,2,2,hc,-6.00,home,ft,5.1,2
nNu6Iw3L,Hijikata R.,Ugo Carabelli C.,2,2,hc,-6.00,away,ft,1.15,2
UZQDlbU7,Bu Y.,Zhang Z.,1,1,ou,2.50,over,ft,2.545,2
UZQDlbU7,Bu Y.,Zhang Z.,1,1,ou,2.50,under,ft,1.535,2
UZQDlbU7,Bu Y.,Zhang Z.,1,1,ou,18.50,over,ft,1.15,2
UZQDlbU7,Bu Y.,Zhang Z.,1,1,ou,18.50,under,ft,4.51,2
UZQDlbU7,Bu Y.,Zhang Z.,1,1,ou,19.50,over,ft,1.29,2
UZQDlbU7,Bu Y.,Zhang Z.,1,1,ou,19.50,under,ft,3.13,2
UZQDlbU7,Bu Y.,Zhang Z.,1,1,ou,20.00,over,ft,1.34,2
UZQDlbU7,Bu Y.,Zhang Z.,1,1,ou,20.00,under,ft,3.26,2
UZQDlbU7,Bu Y.,Zhang Z.,1,1,ou,20.50,over,ft,1.457,3
UZQDlbU7,Bu Y.,Zhang Z.,1,1,ou,20.50,under,ft,2.667,3
UZQDlbU7,Bu Y.,Zhang Z.,1,1,ou,21.00,over,ft,1.547,3
UZQDlbU7,Bu Y.,Zhang Z.,1,1,ou,21.00,under,ft,2.49,3
UZQDlbU7,Bu Y.,Zhang Z.,1,1,ou,21.50,over,ft,1.635,6
UZQDlbU7,Bu Y.,Zhang Z.,1,1,ou,21.50,under,ft,2.217,6
UZQDlbU7,Bu Y.,Zhang Z.,1,1,ou,22.00,over,ft,1.758,4
UZQDlbU7,Bu Y.,Zhang Z.,1,1,ou,22.00,under,ft,2.07,4
UZQDlbU7,Bu Y.,Zhang Z.,1,1,ou,22.50,over,ft,1.91,6
UZQDlbU7,Bu Y.,Zhang Z.,1,1,ou,22.50,under,ft,1.867,6
UZQDlbU7,Bu Y.,Zhang Z.,1,1,ou,23.00,over,ft,2.06,4
UZQDlbU7,Bu Y.,Zhang Z.,1,1,ou,23.00,under,ft,1.76,4
UZQDlbU7,Bu Y.,Zhang Z.,1,1,ou,23.50,over,ft,2.192,6
UZQDlbU7,Bu Y.,Zhang Z.,1,1,ou,23.50,under,ft,1.652,6
UZQDlbU7,Bu Y.,Zhang Z.,1,1,ou,24.00,over,ft,2.18,2
UZQDlbU7,Bu Y.,Zhang Z.,1,1,ou,24.00,under,ft,1.68,2
UZQDlbU7,Bu Y.,Zhang Z.,1,1,ou,24.50,over,ft,2.155,4
UZQDlbU7,Bu Y.,Zhang Z.,1,1,ou,24.50,under,ft,1.66,4
UZQDlbU7,Bu Y.,Zhang Z.,1,1,ou,25.00,over,ft,2.3,2
UZQDlbU7,Bu Y.,Zhang Z.,1,1,ou,25.00,under,ft,1.62,2
UZQDlbU7,Bu Y.,Zhang Z.,1,1,ou,25.50,over,ft,2.54,2
UZQDlbU7,Bu Y.,Zhang Z.,1,1,ou,25.50,under,ft,1.43,2
UZQDlbU7,Bu Y.,Zhang Z.,1,1,ou,26.50,over,ft,2.817,3
UZQDlbU7,Bu Y.,Zhang Z.,1,1,ou,26.50,under,ft,1.37,3
UZQDlbU7,Bu Y.,Zhang Z.,1,1,ou,27.50,over,ft,2.85,2
UZQDlbU7,Bu Y.,Zhang Z.,1,1,ou,27.50,under,ft,1.35,2
UZQDlbU7,Bu Y.,Zhang Z.,1,1,hc,-0.50,home,ft,1.38,1
UZQDlbU7,Bu Y.,Zhang Z.,1,1,hc,-0.50,away,ft,3.2,1
UZQDlbU7,Bu Y.,Zhang Z.,1,1,hc,1.50,home,ft,1.14,3
UZQDlbU7,Bu Y.,Zhang Z.,1,1,hc,1.50,away,ft,5.223,3
UZQDlbU7,Bu Y.,Zhang Z.,1,1,hc,-1.50,home,ft,1.968,4
UZQDlbU7,Bu Y.,Zhang Z.,1,1,hc,-1.50,away,ft,1.785,4
UZQDlbU7,Bu Y.,Zhang Z.,1,1,hc,-1.00,home,ft,1.4,2
UZQDlbU7,Bu Y.,Zhang Z.,1,1,hc,-1.00,away,ft,2.95,2
UZQDlbU7,Bu Y.,Zhang Z.,1,1,hc,-1.50,home,ft,1.46,2
UZQDlbU7,Bu Y.,Zhang Z.,1,1,hc,-1.50,away,ft,2.72,2
UZQDlbU7,Bu Y.,Zhang Z.,1,1,hc,-2.00,home,ft,1.543,3
UZQDlbU7,Bu Y.,Zhang Z.,1,1,hc,-2.00,away,ft,2.507,3
UZQDlbU7,Bu Y.,Zhang Z.,1,1,hc,-2.50,home,ft,1.63,5
UZQDlbU7,Bu Y.,Zhang Z.,1,1,hc,-2.50,away,ft,2.236,5
UZQDlbU7,Bu Y.,Zhang Z.,1,1,hc,-3.00,home,ft,1.803,3
UZQDlbU7,Bu Y.,Zhang Z.,1,1,hc,-3.00,away,ft,2.033,3
UZQDlbU7,Bu Y.,Zhang Z.,1,1,hc,-3.50,home,ft,2.01,4
UZQDlbU7,Bu Y.,Zhang Z.,1,1,hc,-3.50,away,ft,1.8,4
UZQDlbU7,Bu Y.,Zhang Z.,1,1,hc,-4.00,home,ft,2.41,3
UZQDlbU7,Bu Y.,Zhang Z.,1,1,hc,-4.00,away,ft,1.573,3
UZQDlbU7,Bu Y.,Zhang Z.,1,1,hc,-4.50,home,ft,2.666,5
UZQDlbU7,Bu Y.,Zhang Z.,1,1,hc,-4.50,away,ft,1.458,5
UZQDlbU7,Bu Y.,Zhang Z.,1,1,hc,-5.00,home,ft,3.725,2
UZQDlbU7,Bu Y.,Zhang Z.,1,1,hc,-5.00,away,ft,1.28,2
UZQDlbU7,Bu Y.,Zhang Z.,1,1,hc,-5.50,home,ft,4.29,2
UZQDlbU7,Bu Y.,Zhang Z.,1,1,hc,-5.50,away,ft,1.22,2
UZQDlbU7,Bu Y.,Zhang Z.,1,1,hc,-6.00,home,ft,7.12,2
UZQDlbU7,Bu Y.,Zhang Z.,1,1,hc,-6.00,away,ft,1.1,2
pINh9ZP7,Zeppieri G.,Sun F.,2,2,ou,2.50,over,ft,3.153,3
pINh9ZP7,Zeppieri G.,Sun F.,2,2,ou,2.50,under,ft,1.37,3
pINh9ZP7,Zeppieri G.,Sun F.,2,2,ou,18.00,over,ft,1.36,2
pINh9ZP7,Zeppieri G.,Sun F.,2,2,ou,18.00,under,ft,2.8,2
pINh9ZP7,Zeppieri G.,Sun F.,2,2,ou,18.50,over,ft,1.46,4
pINh9ZP7,Zeppieri G.,Sun F.,2,2,ou,18.50,under,ft,2.575,4
pINh9ZP7,Zeppieri G.,Sun F.,2,2,ou,19.00,over,ft,1.43,2
pINh9ZP7,Zeppieri G.,Sun F.,2,2,ou,19.00,under,ft,2.83,2
pINh9ZP7,Zeppieri G.,Sun F.,2,2,ou,19.50,over,ft,1.652,6
pINh9ZP7,Zeppieri G.,Sun F.,2,2,ou,19.50,under,ft,2.207,6
pINh9ZP7,Zeppieri G.,Sun F.,2,2,ou,20.00,over,ft,1.716,5
pINh9ZP7,Zeppieri G.,Sun F.,2,2,ou,20.00,under,ft,2.146,5
pINh9ZP7,Zeppieri G.,Sun F.,2,2,ou,20.50,over,ft,1.866,7
pINh9ZP7,Zeppieri G.,Sun F.,2,2,ou,20.50,under,ft,1.926,7
pINh9ZP7,Zeppieri G.,Sun F.,2,2,ou,21.00,over,ft,1.958,5
pINh9ZP7,Zeppieri G.,Sun F.,2,2,ou,21.00,under,ft,1.86,5
pINh9ZP7,Zeppieri G.,Sun F.,2,2,ou,21.50,over,ft,2.057,7
pINh9ZP7,Zeppieri G.,Sun F.,2,2,ou,21.50,under,ft,1.744,7
pINh9ZP7,Zeppieri G.,Sun F.,2,2,ou,22.00,over,ft,2.203,4
pINh9ZP7,Zeppieri G.,Sun F.,2,2,ou,22.00,under,ft,1.665,4
pINh9ZP7,Zeppieri G.,Sun F.,2,2,ou,22.50,over,ft,2.397,7
pINh9ZP7,Zeppieri G.,Sun F.,2,2,ou,22.50,under,ft,1.546,7
pINh9ZP7,Zeppieri G.,Sun F.,2,2,ou,23.00,over,ft,2.408,4
pINh9ZP7,Zeppieri G.,Sun F.,2,2,ou,23.00,under,ft,1.56,4
pINh9ZP7,Zeppieri G.,Sun F.,2,2,ou,23.50,over,ft,2.31,5
pINh9ZP7,Zeppieri G.,Sun F.,2,2,ou,23.50,under,ft,1.54,5
pINh9ZP7,Zeppieri G.,Sun F.,2,2,ou,24.00,over,ft,2.55,2
pINh9ZP7,Zeppieri G.,Sun F.,2,2,ou,24.00,under,ft,1.43,2
pINh9ZP7,Zeppieri G.,Sun F.,2,2,ou,24.50,over,ft,2.6,4
pINh9ZP7,Zeppieri G.,Sun F.,2,2,ou,24.50,under,ft,1.455,4
pINh9ZP7,Zeppieri G.,Sun F.,2,2,ou,25.00,over,ft,2.43,2
pINh9ZP7,Zeppieri G.,Sun F.,2,2,ou,25.00,under,ft,1.47,2
pINh9ZP7,Zeppieri G.,Sun F.,2,2,hc,1.50,home,ft,1.085,4
pINh9ZP7,Zeppieri G.,Sun F.,2,2,hc,1.50,away,ft,7.433,4
pINh9ZP7,Zeppieri G.,Sun F.,2,2,hc,-1.50,home,ft,1.638,5
pINh9ZP7,Zeppieri G.,Sun F.,2,2,hc,-1.50,away,ft,2.232,5
pINh9ZP7,Zeppieri G.,Sun F.,2,2,hc,-1.00,home,ft,1.29,2
pINh9ZP7,Zeppieri G.,Sun F.,2,2,hc,-1.00,away,ft,3.4,2
pINh9ZP7,Zeppieri G.,Sun F.,2,2,hc,-1.50,home,ft,1.307,3
pINh9ZP7,Zeppieri G.,Sun F.,2,2,hc,-1.50,away,ft,3.39,3
pINh9ZP7,Zeppieri G.,Sun F.,2,2,hc,-2.00,home,ft,1.2,2
pINh9ZP7,Zeppieri G.,Sun F.,2,2,hc,-2.00,away,ft,4.56,2
pINh9ZP7,Zeppieri G.,Sun F.,2,2,hc,-2.50,home,ft,1.38,4
pINh9ZP7,Zeppieri G.,Sun F.,2,2,hc,-2.50,away,ft,3.103,4
pINh9ZP7,Zeppieri G.,Sun F.,2,2,hc,-3.00,home,ft,1.383,3
pINh9ZP7,Zeppieri G.,Sun F.,2,2,hc,-3.00,away,ft,3.13,3
pINh9ZP7,Zeppieri G.,Sun F.,2,2,hc,-3.50,home,ft,1.478,6
pINh9ZP7,Zeppieri G.,Sun F.,2,2,hc,-3.50,away,ft,2.615,6
pINh9ZP7,Zeppieri G.,Sun F.,2,2,hc,-4.00,home,ft,1.62,4
pINh9ZP7,Zeppieri G.,Sun F.,2,2,hc,-4.00,away,ft,2.33,4
pINh9ZP7,Zeppieri G.,Sun F.,2,2,hc,-4.50,home,ft,1.853,6
pINh9ZP7,Zeppieri G.,Sun F.,2,2,hc,-4.50,away,ft,1.97,6
pINh9ZP7,Zeppieri G.,Sun F.,2,2,hc,-5.00,home,ft,2.208,4
pINh9ZP7,Zeppieri G.,Sun F.,2,2,hc,-5.00,away,ft,1.692,4
pINh9ZP7,Zeppieri G.,Sun F.,2,2,hc,-5.50,home,ft,2.46,6
pINh9ZP7,Zeppieri G.,Sun F.,2,2,hc,-5.50,away,ft,1.543,6
pINh9ZP7,Zeppieri G.,Sun F.,2,2,hc,-6.00,home,ft,3.47,3
pINh9ZP7,Zeppieri G.,Sun F.,2,2,hc,-6.00,away,ft,1.317,3
pINh9ZP7,Zeppieri G.,Sun F.,2,2,hc,-6.50,home,ft,3.925,2
pINh9ZP7,Zeppieri G.,Sun F.,2,2,hc,-6.50,away,ft,1.26,2
pINh9ZP7,Zeppieri G.,Sun F.,2,2,hc,-7.00,home,ft,5.58,2
pINh9ZP7,Zeppieri G.,Sun F.,2,2,hc,-7.00,away,ft,1.1,2
GxWyDHQr,Basavareddy N.,Cilic M.,2,2,ou,2.50,over,ft,2.47,2
GxWyDHQr,Basavareddy N.,Cilic M.,2,2,ou,2.50,under,ft,1.555,2
GxWyDHQr,Basavareddy N.,Cilic M.,2,2,ou,20.00,over,ft,1.35,2
GxWyDHQr,Basavareddy N.,Cilic M.,2,2,ou,20.00,under,ft,3.2,2
GxWyDHQr,Basavareddy N.,Cilic M.,2,2,ou,20.50,over,ft,1.463,3
GxWyDHQr,Basavareddy N.,Cilic M.,2,2,ou,20.50,under,ft,2.633,3
GxWyDHQr,Basavareddy N.,Cilic M.,2,2,ou,21.00,over,ft,1.51,2
GxWyDHQr,Basavareddy N.,Cilic M.,2,2,ou,21.00,under,ft,2.57,2
GxWyDHQr,Basavareddy N.,Cilic M.,2,2,ou,21.50,over,ft,1.612,6
GxWyDHQr,Basavareddy N.,Cilic M.,2,2,ou,21.50,under,ft,2.268,6
GxWyDHQr,Basavareddy N.,Cilic M.,2,2,ou,22.00,over,ft,1.73,4
GxWyDHQr,Basavareddy N.,Cilic M.,2,2,ou,22.00,under,ft,2.105,4
GxWyDHQr,Basavareddy N.,Cilic M.,2,2,ou,22.50,over,ft,1.88,6
GxWyDHQr,Basavareddy N.,Cilic M.,2,2,ou,22.50,under,ft,1.9,6
GxWyDHQr,Basavareddy N.,Cilic M.,2,2,ou,23.00,over,ft,2.015,4
GxWyDHQr,Basavareddy N.,Cilic M.,2,2,ou,23.00,under,ft,1.792,4
GxWyDHQr,Basavareddy N.,Cilic M.,2,2,ou,23.50,over,ft,2.13,6
GxWyDHQr,Basavareddy N.,Cilic M.,2,2,ou,23.50,under,ft,1.678,6
GxWyDHQr,Basavareddy N.,Cilic M.,2,2,ou,24.00,over,ft,2.1,4
GxWyDHQr,Basavareddy N.,Cilic M.,2,2,ou,24.00,under,ft,1.712,4
GxWyDHQr,Basavareddy N.,Cilic M.,2,2,ou,24.50,over,ft,2.084,5
GxWyDHQr,Basavareddy N.,Cilic M.,2,2,ou,24.50,under,ft,1.706,5
GxWyDHQr,Basavareddy N.,Cilic M.,2,2,ou,25.00,over,ft,2.28,2
GxWyDHQr,Basavareddy N.,Cilic M.,2,2,ou,25.00,under,ft,1.63,2
GxWyDHQr,Basavareddy N.,Cilic M.,2,2,ou,25.50,over,ft,2.15,2
GxWyDHQr,Basavareddy N.,Cilic M.,2,2,ou,25.50,under,ft,1.61,2
GxWyDHQr,Basavareddy N.,Cilic M.,2,2,ou,26.00,over,ft,2.3,2
GxWyDHQr,Basavareddy N.,Cilic M.,2,2,ou,26.00,under,ft,1.52,2
GxWyDHQr,Basavareddy N.,Cilic M.,2,2,ou,26.50,over,ft,2.6,1
GxWyDHQr,Basavareddy N.,Cilic M.,2,2,ou,26.50,under,ft,1.45,1
0Q5uXxIE,Berrettini M.,Svrcina D.,0,0,ou,2.50,over,ft,2.545,2
0Q5uXxIE,Berrettini M.,Svrcina D.,0,0,ou,2.50,under,ft,1.53,2
0Q5uXxIE,Berrettini M.,Svrcina D.,0,0,ou,18.00,over,ft,1.24,2
0Q5uXxIE,Berrettini M.,Svrcina D.,0,0,ou,18.00,under,ft,3.5,2
0Q5uXxIE,Berrettini M.,Svrcina D.,0,0,ou,18.50,over,ft,1.36,2
0Q5uXxIE,Berrettini M.,Svrcina D.,0,0,ou,18.50,under,ft,2.84,2
0Q5uXxIE,Berrettini M.,Svrcina D.,0,0,ou,19.00,over,ft,1.34,2
0Q5uXxIE,Berrettini M.,Svrcina D.,0,0,ou,19.00,under,ft,3.285,2
0Q5uXxIE,Berrettini M.,Svrcina D.,0,0,ou,19.50,over,ft,1.516,5
0Q5uXxIE,Berrettini M.,Svrcina D.,0,0,ou,19.50,under,ft,2.446,5
0Q5uXxIE,Berrettini M.,Svrcina D.,0,0,ou,20.00,over,ft,1.553,3
0Q5uXxIE,Berrettini M.,Svrcina D.,0,0,ou,20.00,under,ft,2.39,3
0Q5uXxIE,Berrettini M.,Svrcina D.,0,0,ou,20.50,over,ft,1.625,6
0Q5uXxIE,Berrettini M.,Svrcina D.,0,0,ou,20.50,under,ft,2.213,6
0Q5uXxIE,Berrettini M.,Svrcina D.,0,0,ou,21.00,over,ft,1.718,4
0Q5uXxIE,Berrettini M.,Svrcina D.,0,0,ou,21.00,under,ft,2.12,4
0Q5uXxIE,Berrettini M.,Svrcina D.,0,0,ou,21.50,over,ft,1.823,6
0Q5uXxIE,Berrettini M.,Svrcina D.,0,0,ou,21.50,under,ft,1.967,6
0Q5uXxIE,Berrettini M.,Svrcina D.,0,0,ou,22.00,over,ft,1.962,4
0Q5uXxIE,Berrettini M.,Svrcina D.,0,0,ou,22.00,under,ft,1.845,4
0Q5uXxIE,Berrettini M.,Svrcina D.,0,0,ou,22.50,over,ft,2.083,6
0Q5uXxIE,Berrettini M.,Svrcina D.,0,0,ou,22.50,under,ft,1.705,6
0Q5uXxIE,Berrettini M.,Svrcina D.,0,0,ou,23.00,over,ft,2.27,4
0Q5uXxIE,Berrettini M.,Svrcina D.,0,0,ou,23.00,under,ft,1.632,4
0Q5uXxIE,Berrettini M.,Svrcina D.,0,0,ou,23.50,over,ft,2.19,3
0Q5uXxIE,Berrettini M.,Svrcina D.,0,0,ou,23.50,under,ft,1.687,3
0Q5uXxIE,Berrettini M.,Svrcina D.,0,0,ou,24.00,over,ft,2.44,2
0Q5uXxIE,Berrettini M.,Svrcina D.,0,0,ou,24.00,under,ft,1.56,2
0Q5uXxIE,Berrettini M.,Svrcina D.,0,0,ou,24.50,over,ft,2.192,4
0Q5uXxIE,Berrettini M.,Svrcina D.,0,0,ou,24.50,under,ft,1.607,4
0Q5uXxIE,Berrettini M.,Svrcina D.,0,0,ou,25.00,over,ft,2.4,2
0Q5uXxIE,Berrettini M.,Svrcina D.,0,0,ou,25.00,under,ft,1.48,2
0Q5uXxIE,Berrettini M.,Svrcina D.,0,0,ou,25.50,over,ft,2.6,2
0Q5uXxIE,Berrettini M.,Svrcina D.,0,0,ou,25.50,under,ft,1.41,2
0Q5uXxIE,Berrettini M.,Svrcina D.,0,0,ou,26.50,over,ft,2.903,3
0Q5uXxIE,Berrettini M.,Svrcina D.,0,0,ou,26.50,under,ft,1.343,3
0Q5uXxIE,Berrettini M.,Svrcina D.,0,0,hc,1.50,home,ft,1.13,3
0Q5uXxIE,Berrettini M.,Svrcina D.,0,0,hc,1.50,away,ft,5.527,3
0Q5uXxIE,Berrettini M.,Svrcina D.,0,0,hc,-1.50,home,ft,1.89,4
0Q5uXxIE,Berrettini M.,Svrcina D.,0,0,hc,-1.50,away,ft,1.86,4
0Q5uXxIE,Berrettini M.,Svrcina D.,0,0,hc,-1.00,home,ft,1.33,2
0Q5uXxIE,Berrettini M.,Svrcina D.,0,0,hc,-1.00,away,ft,3.325,2
0Q5uXxIE,Berrettini M.,Svrcina D.,0,0,hc,-1.50,home,ft,1.38,2
0Q5uXxIE,Berrettini M.,Svrcina D.,0,0,hc,-1.50,away,ft,3.05,2
0Q5uXxIE,Berrettini M.,Svrcina D.,0,0,hc,-2.00,home,ft,1.41,2
0Q5uXxIE,Berrettini M.,Svrcina D.,0,0,hc,-2.00,away,ft,2.91,2
0Q5uXxIE,Berrettini M.,Svrcina D.,0,0,hc,-2.50,home,ft,1.598,4
0Q5uXxIE,Berrettini M.,Svrcina D.,0,0,hc,-2.50,away,ft,2.41,4
0Q5uXxIE,Berrettini M.,Svrcina D.,0,0,hc,-3.00,home,ft,1.603,3
0Q5uXxIE,Berrettini M.,Svrcina D.,0,0,hc,-3.00,away,ft,2.357,3
0Q5uXxIE,Berrettini M.,Svrcina D.,0,0,hc,-3.50,home,ft,1.866,5
0Q5uXxIE,Berrettini M.,Svrcina D.,0,0,hc,-3.50,away,ft,1.978,5
0Q5uXxIE,Berrettini M.,Svrcina D.,0,0,hc,-4.00,home,ft,1.983,3
0Q5uXxIE,Berrettini M.,Svrcina D.,0,0,hc,-4.00,away,ft,1.84,3
0Q5uXxIE,Berrettini M.,Svrcina D.,0,0,hc,-4.50,home,ft,2.232,4
0Q5uXxIE,Berrettini M.,Svrcina D.,0,0,hc,-4.50,away,ft,1.647,4
0Q5uXxIE,Berrettini M.,Svrcina D.,0,0,hc,-5.00,home,ft,2.75,3
0Q5uXxIE,Berrettini M.,Svrcina D.,0,0,hc,-5.00,away,ft,1.46,3
0Q5uXxIE,Berrettini M.,Svrcina D.,0,0,hc,-5.50,home,ft,2.85,4
0Q5uXxIE,Berrettini M.,Svrcina D.,0,0,hc,-5.50,away,ft,1.402,4
0Q5uXxIE,Berrettini M.,Svrcina D.,0,0,hc,-6.00,home,ft,4.45,2
0Q5uXxIE,Berrettini M.,Svrcina D.,0,0,hc,-6.00,away,ft,1.21,2
0Q5uXxIE,Berrettini M.,Svrcina D.,0,0,hc,-6.50,home,ft,4.35,2
0Q5uXxIE,Berrettini M.,Svrcina D.,0,0,hc,-6.50,away,ft,1.16,2
0Q5uXxIE,Berrettini M.,Svrcina D.,0,0,hc,-7.00,home,ft,6.97,2
0Q5uXxIE,Berrettini M.,Svrcina D.,0,0,hc,-7.00,away,ft,1.05,2
2NZdhtVr,Dzumhur D.,Etcheverry T. M.,0,0,ou,2.50,over,ft,2.35,2
2NZdhtVr,Dzumhur D.,Etcheverry T. M.,0,0,ou,2.50,under,ft,1.595,2
2NZdhtVr,Dzumhur D.,Etcheverry T. M.,0,0,ou,18.50,over,ft,1.19,2
2NZdhtVr,Dzumhur D.,Etcheverry T. M.,0,0,ou,18.50,under,ft,3.92,2
2NZdhtVr,Dzumhur D.,Etcheverry T. M.,0,0,ou,19.00,over,ft,1.27,2
2NZdhtVr,Dzumhur D.,Etcheverry T. M.,0,0,ou,19.00,under,ft,3.28,2
2NZdhtVr,Dzumhur D.,Etcheverry T. M.,0,0,ou,19.50,over,ft,1.38,2
2NZdhtVr,Dzumhur D.,Etcheverry T. M.,0,0,ou,19.50,under,ft,2.77,2
2NZdhtVr,Dzumhur D.,Etcheverry T. M.,0,0,ou,20.00,over,ft,1.41,2
2NZdhtVr,Dzumhur D.,Etcheverry T. M.,0,0,ou,20.00,under,ft,2.61,2
2NZdhtVr,Dzumhur D.,Etcheverry T. M.,0,0,ou,20.50,over,ft,1.527,3
2NZdhtVr,Dzumhur D.,Etcheverry T. M.,0,0,ou,20.50,under,ft,2.323,3
2NZdhtVr,Dzumhur D.,Etcheverry T. M.,0,0,ou,21.00,over,ft,1.613,4
2NZdhtVr,Dzumhur D.,Etcheverry T. M.,0,0,ou,21.00,under,ft,2.232,4
2NZdhtVr,Dzumhur D.,Etcheverry T. M.,0,0,ou,21.50,over,ft,1.702,5
2NZdhtVr,Dzumhur D.,Etcheverry T. M.,0,0,ou,21.50,under,ft,2.08,5
2NZdhtVr,Dzumhur D.,Etcheverry T. M.,0,0,ou,22.00,over,ft,1.845,4
2NZdhtVr,Dzumhur D.,Etcheverry T. M.,0,0,ou,22.00,under,ft,1.932,4
2NZdhtVr,Dzumhur D.,Etcheverry T. M.,0,0,ou,22.50,over,ft,1.976,5
2NZdhtVr,Dzumhur D.,Etcheverry T. M.,0,0,ou,22.50,under,ft,1.826,5
2NZdhtVr,Dzumhur D.,Etcheverry T. M.,0,0,ou,23.00,over,ft,2.13,4
2NZdhtVr,Dzumhur D.,Etcheverry T. M.,0,0,ou,23.00,under,ft,1.69,4
2NZdhtVr,Dzumhur D.,Etcheverry T. M.,0,0,ou,23.50,over,ft,2.14,5
2NZdhtVr,Dzumhur D.,Etcheverry T. M.,0,0,ou,23.50,under,ft,1.68,5
2NZdhtVr,Dzumhur D.,Etcheverry T. M.,0,0,ou,24.00,over,ft,2.28,2
2NZdhtVr,Dzumhur D.,Etcheverry T. M.,0,0,ou,24.00,under,ft,1.56,2
2NZdhtVr,Dzumhur D.,Etcheverry T. M.,0,0,ou,24.50,over,ft,2.11,3
2NZdhtVr,Dzumhur D.,Etcheverry T. M.,0,0,ou,24.50,under,ft,1.677,3
2NZdhtVr,Dzumhur D.,Etcheverry T. M.,0,0,ou,25.00,over,ft,2.4,2
2NZdhtVr,Dzumhur D.,Etcheverry T. M.,0,0,ou,25.00,under,ft,1.48,2
2NZdhtVr,Dzumhur D.,Etcheverry T. M.,0,0,ou,25.50,over,ft,2.267,3
2NZdhtVr,Dzumhur D.,Etcheverry T. M.,0,0,ou,25.50,under,ft,1.573,3
2NZdhtVr,Dzumhur D.,Etcheverry T. M.,0,0,ou,26.50,over,ft,2.583,3
2NZdhtVr,Dzumhur D.,Etcheverry T. M.,0,0,ou,26.50,under,ft,1.437,3
2NZdhtVr,Dzumhur D.,Etcheverry T. M.,0,0,ou,27.50,over,ft,2.95,2
2NZdhtVr,Dzumhur D.,Etcheverry T. M.,0,0,ou,27.50,under,ft,1.33,2
2NZdhtVr,Dzumhur D.,Etcheverry T. M.,0,0,hc,0.50,home,ft,3.08,1
2NZdhtVr,Dzumhur D.,Etcheverry T. M.,0,0,hc,0.50,away,ft,1.4,1
2NZdhtVr,Dzumhur D.,Etcheverry T. M.,0,0,hc,1.00,home,ft,2.36,1
2NZdhtVr,Dzumhur D.,Etcheverry T. M.,0,0,hc,1.00,away,ft,1.63,1
2NZdhtVr,Dzumhur D.,Etcheverry T. M.,0,0,hc,1.50,home,ft,1.73,4
2NZdhtVr,Dzumhur D.,Etcheverry T. M.,0,0,hc,1.50,away,ft,2.04,4
2NZdhtVr,Dzumhur D.,Etcheverry T. M.,0,0,hc,-1.50,home,ft,5.14,3
2NZdhtVr,Dzumhur D.,Etcheverry T. M.,0,0,hc,-1.50,away,ft,1.153,3
2NZdhtVr,Dzumhur D.,Etcheverry T. M.,0,0,hc,0,home,ft,2.38,2
2NZdhtVr,Dzumhur D.,Etcheverry T. M.,0,0,hc,0,away,ft,1.49,2
2NZdhtVr,Dzumhur D.,Etcheverry T. M.,0,0,hc,0.50,home,ft,2.49,2
2NZdhtVr,Dzumhur D.,Etcheverry T. M.,0,0,hc,0.50,away,ft,1.5,2
2NZdhtVr,Dzumhur D.,Etcheverry T. M.,0,0,hc,1.00,home,ft,2.71,2
2NZdhtVr,Dzumhur D.,Etcheverry T. M.,0,0,hc,1.00,away,ft,1.43,2
2NZdhtVr,Dzumhur D.,Etcheverry T. M.,0,0,hc,1.50,home,ft,2.52,2
2NZdhtVr,Dzumhur D.,Etcheverry T. M.,0,0,hc,1.50,away,ft,1.49,2
2NZdhtVr,Dzumhur D.,Etcheverry T. M.,0,0,hc,2.00,home,ft,2.377,3
2NZdhtVr,Dzumhur D.,Etcheverry T. M.,0,0,hc,2.00,away,ft,1.567,3
2NZdhtVr,Dzumhur D.,Etcheverry T. M.,0,0,hc,2.50,home,ft,2.218,4
2NZdhtVr,Dzumhur D.,Etcheverry T. M.,0,0,hc,2.50,away,ft,1.63,4
2NZdhtVr,Dzumhur D.,Etcheverry T. M.,0,0,hc,3.00,home,ft,2.033,3
2NZdhtVr,Dzumhur D.,Etcheverry T. M.,0,0,hc,3.00,away,ft,1.76,3
2NZdhtVr,Dzumhur D.,Etcheverry T. M.,0,0,hc,3.50,home,ft,1.9,3
2NZdhtVr,Dzumhur D.,Etcheverry T. M.,0,0,hc,3.50,away,ft,1.92,3
2NZdhtVr,Dzumhur D.,Etcheverry T. M.,0,0,hc,4.00,home,ft,1.647,3
2NZdhtVr,Dzumhur D.,Etcheverry T. M.,0,0,hc,4.00,away,ft,2.213,3
2NZdhtVr,Dzumhur D.,Etcheverry T. M.,0,0,hc,4.50,home,ft,1.525,4
2NZdhtVr,Dzumhur D.,Etcheverry T. M.,0,0,hc,4.50,away,ft,2.453,4
2NZdhtVr,Dzumhur D.,Etcheverry T. M.,0,0,hc,5.00,home,ft,1.33,2
2NZdhtVr,Dzumhur D.,Etcheverry T. M.,0,0,hc,5.00,away,ft,3.15,2
2NZdhtVr,Dzumhur D.,Etcheverry T. M.,0,0,hc,5.50,home,ft,1.27,2
2NZdhtVr,Dzumhur D.,Etcheverry T. M.,0,0,hc,5.50,away,ft,3.55,2
2NZdhtVr,Dzumhur D.,Etcheverry T. M.,0,0,hc,6.00,home,ft,1.14,2
2NZdhtVr,Dzumhur D.,Etcheverry T. M.,0,0,hc,6.00,away,ft,5.2,2
6Zfe1yED,Mannarino A.,Wu Y.,1,1,ou,2.50,over,ft,2.385,2
6Zfe1yED,Mannarino A.,Wu Y.,1,1,ou,2.50,under,ft,1.59,2
6Zfe1yED,Mannarino A.,Wu Y.,1,1,ou,19.50,over,ft,1.31,2
6Zfe1yED,Mannarino A.,Wu Y.,1,1,ou,19.50,under,ft,3.05,2
6Zfe1yED,Mannarino A.,Wu Y.,1,1,ou,20.00,over,ft,1.36,2
6Zfe1yED,Mannarino A.,Wu Y.,1,1,ou,20.00,under,ft,2.8,2
6Zfe1yED,Mannarino A.,Wu Y.,1,1,ou,20.50,over,ft,1.47,3
6Zfe1yED,Mannarino A.,Wu Y.,1,1,ou,20.50,under,ft,2.493,3
6Zfe1yED,Mannarino A.,Wu Y.,1,1,ou,21.00,over,ft,1.573,3
6Zfe1yED,Mannarino A.,Wu Y.,1,1,ou,21.00,under,ft,2.313,3
6Zfe1yED,Mannarino A.,Wu Y.,1,1,ou,21.50,over,ft,1.645,6
6Zfe1yED,Mannarino A.,Wu Y.,1,1,ou,21.50,under,ft,2.162,6
6Zfe1yED,Mannarino A.,Wu Y.,1,1,ou,22.00,over,ft,1.775,4
6Zfe1yED,Mannarino A.,Wu Y.,1,1,ou,22.00,under,ft,2.01,4
6Zfe1yED,Mannarino A.,Wu Y.,1,1,ou,22.50,over,ft,1.893,6
6Zfe1yED,Mannarino A.,Wu Y.,1,1,ou,22.50,under,ft,1.88,6
6Zfe1yED,Mannarino A.,Wu Y.,1,1,ou,23.00,over,ft,2.045,4
6Zfe1yED,Mannarino A.,Wu Y.,1,1,ou,23.00,under,ft,1.748,4
6Zfe1yED,Mannarino A.,Wu Y.,1,1,ou,23.50,over,ft,2.137,6
6Zfe1yED,Mannarino A.,Wu Y.,1,1,ou,23.50,under,ft,1.658,6
6Zfe1yED,Mannarino A.,Wu Y.,1,1,ou,24.00,over,ft,2.16,2
6Zfe1yED,Mannarino A.,Wu Y.,1,1,ou,24.00,under,ft,1.62,2
6Zfe1yED,Mannarino A.,Wu Y.,1,1,ou,24.50,over,ft,2.135,4
6Zfe1yED,Mannarino A.,Wu Y.,1,1,ou,24.50,under,ft,1.625,4
6Zfe1yED,Mannarino A.,Wu Y.,1,1,ou,25.00,over,ft,2.28,2
6Zfe1yED,Mannarino A.,Wu Y.,1,1,ou,25.00,under,ft,1.53,2
6Zfe1yED,Mannarino A.,Wu Y.,1,1,ou,25.50,over,ft,2.59,2
6Zfe1yED,Mannarino A.,Wu Y.,1,1,ou,25.50,under,ft,1.42,2
6Zfe1yED,Mannarino A.,Wu Y.,1,1,ou,26.50,over,ft,2.853,3
6Zfe1yED,Mannarino A.,Wu Y.,1,1,ou,26.50,under,ft,1.363,3
6Zfe1yED,Mannarino A.,Wu Y.,1,1,ou,27.50,over,ft,3.42,2
6Zfe1yED,Mannarino A.,Wu Y.,1,1,ou,27.50,under,ft,1.25,2
6Zfe1yED,Mannarino A.,Wu Y.,1,1,hc,1.50,home,ft,1.427,4
6Zfe1yED,Mannarino A.,Wu Y.,1,1,hc,1.50,away,ft,2.703,4
6Zfe1yED,Mannarino A.,Wu Y.,1,1,hc,-1.50,home,ft,3.185,4
6Zfe1yED,Mannarino A.,Wu Y.,1,1,hc,-1.50,away,ft,1.325,4
6Zfe1yED,Mannarino A.,Wu Y.,1,1,hc,0,home,ft,2.033,3
6Zfe1yED,Mannarino A.,Wu Y.,1,1,hc,0,away,ft,1.717,3
6Zfe1yED,Mannarino A.,Wu Y.,1,1,hc,0.50,home,ft,1.952,5
6Zfe1yED,Mannarino A.,Wu Y.,1,1,hc,0.50,away,ft,1.772,5
6Zfe1yED,Mannarino A.,Wu Y.,1,1,hc,-0.50,home,ft,1.988,5
6Zfe1yED,Mannarino A.,Wu Y.,1,1,hc,-0.50,away,ft,1.756,5
6Zfe1yED,Mannarino A.,Wu Y.,1,1,hc,1.00,home,ft,1.887,3
6Zfe1yED,Mannarino A.,Wu Y.,1,1,hc,1.00,away,ft,1.847,3
6Zfe1yED,Mannarino A.,Wu Y.,1,1,hc,-1.00,home,ft,2.053,3
6Zfe1yED,Mannarino A.,Wu Y.,1,1,hc,-1.00,away,ft,1.727,3
6Zfe1yED,Mannarino A.,Wu Y.,1,1,hc,1.50,home,ft,1.845,4
6Zfe1yED,Mannarino A.,Wu Y.,1,1,hc,1.50,away,ft,1.948,4
6Zfe1yED,Mannarino A.,Wu Y.,1,1,hc,-1.50,home,ft,2.154,5
6Zfe1yED,Mannarino A.,Wu Y.,1,1,hc,-1.50,away,ft,1.64,5
6Zfe1yED,Mannarino A.,Wu Y.,1,1,hc,2.00,home,ft,1.733,3
6Zfe1yED,Mannarino A.,Wu Y.,1,1,hc,2.00,away,ft,2.01,3
6Zfe1yED,Mannarino A.,Wu Y.,1,1,hc,-2.00,home,ft,2.237,3
6Zfe1yED,Mannarino A.,Wu Y.,1,1,hc,-2.00,away,ft,1.613,3
6Zfe1yED,Mannarino A.,Wu Y.,1,1,hc,2.50,home,ft,1.638,4
6Zfe1yED,Mannarino A.,Wu Y.,1,1,hc,2.50,away,ft,2.103,4
6Zfe1yED,Mannarino A.,Wu Y.,1,1,hc,-2.50,home,ft,2.128,5
6Zfe1yED,Mannarino A.,Wu Y.,1,1,hc,-2.50,away,ft,1.658,5
6Zfe1yED,Mannarino A.,Wu Y.,1,1,hc,3.00,home,ft,1.5,2
6Zfe1yED,Mannarino A.,Wu Y.,1,1,hc,3.00,away,ft,2.34,2
6Zfe1yED,Mannarino A.,Wu Y.,1,1,hc,-3.00,home,ft,2.49,3
6Zfe1yED,Mannarino A.,Wu Y.,1,1,hc,-3.00,away,ft,1.487,3
6Zfe1yED,Mannarino A.,Wu Y.,1,1,hc,3.50,home,ft,1.44,2
6Zfe1yED,Mannarino A.,Wu Y.,1,1,hc,3.50,away,ft,2.52,2
6Zfe1yED,Mannarino A.,Wu Y.,1,1,hc,-3.50,home,ft,2.49,2
6Zfe1yED,Mannarino A.,Wu Y.,1,1,hc,-3.50,away,ft,1.45,2
6Zfe1yED,Mannarino A.,Wu Y.,1,1,hc,4.00,home,ft,1.3,2
6Zfe1yED,Mannarino A.,Wu Y.,1,1,hc,4.00,away,ft,3.08,2
6Zfe1yED,Mannarino A.,Wu Y.,1,1,hc,-4.00,home,ft,3.03,2
6Zfe1yED,Mannarino A.,Wu Y.,1,1,hc,-4.00,away,ft,1.31,2
6Zfe1yED,Mannarino A.,Wu Y.,1,1,hc,-4.50,home,ft,3.21,2
6Zfe1yED,Mannarino A.,Wu Y.,1,1,hc,-4.50,away,ft,1.28,2
6Zfe1yED,Mannarino A.,Wu Y.,1,1,hc,-5.00,home,ft,4.45,2
6Zfe1yED,Mannarino A.,Wu Y.,1,1,hc,-5.00,away,ft,1.15,2
dMS5jKae,Navone M.,Tien L.,1,1,ou,2.50,over,ft,2.42,2
dMS5jKae,Navone M.,Tien L.,1,1,ou,2.50,under,ft,1.57,2
dMS5jKae,Navone M.,Tien L.,1,1,ou,19.00,over,ft,1.29,2
dMS5jKae,Navone M.,Tien L.,1,1,ou,19.00,under,ft,3.18,2
dMS5jKae,Navone M.,Tien L.,1,1,ou,19.50,over,ft,1.4,2
dMS5jKae,Navone M.,Tien L.,1,1,ou,19.50,under,ft,2.69,2
dMS5jKae,Navone M.,Tien L.,1,1,ou,20.00,over,ft,1.35,2
dMS5jKae,Navone M.,Tien L.,1,1,ou,20.00,under,ft,2.85,2
dMS5jKae,Navone M.,Tien L.,1,1,ou,20.50,over,ft,1.525,4
dMS5jKae,Navone M.,Tien L.,1,1,ou,20.50,under,ft,2.35,4
dMS5jKae,Navone M.,Tien L.,1,1,ou,21.00,over,ft,1.617,4
dMS5jKae,Navone M.,Tien L.,1,1,ou,21.00,under,ft,2.235,4
dMS5jKae,Navone M.,Tien L.,1,1,ou,21.50,over,ft,1.71,6
dMS5jKae,Navone M.,Tien L.,1,1,ou,21.50,under,ft,2.058,6
dMS5jKae,Navone M.,Tien L.,1,1,ou,22.00,over,ft,1.845,4
dMS5jKae,Navone M.,Tien L.,1,1,ou,22.00,under,ft,1.938,4
dMS5jKae,Navone M.,Tien L.,1,1,ou,22.50,over,ft,2.02,6
dMS5jKae,Navone M.,Tien L.,1,1,ou,22.50,under,ft,1.777,6
dMS5jKae,Navone M.,Tien L.,1,1,ou,23.00,over,ft,2.115,4
dMS5jKae,Navone M.,Tien L.,1,1,ou,23.00,under,ft,1.702,4
dMS5jKae,Navone M.,Tien L.,1,1,ou,23.50,over,ft,2.178,5
dMS5jKae,Navone M.,Tien L.,1,1,ou,23.50,under,ft,1.612,5
dMS5jKae,Navone M.,Tien L.,1,1,ou,24.00,over,ft,2.18,2
dMS5jKae,Navone M.,Tien L.,1,1,ou,24.00,under,ft,1.61,2
dMS5jKae,Navone M.,Tien L.,1,1,ou,24.50,over,ft,2.22,4
dMS5jKae,Navone M.,Tien L.,1,1,ou,24.50,under,ft,1.575,4
dMS5jKae,Navone M.,Tien L.,1,1,ou,25.00,over,ft,2.28,2
dMS5jKae,Navone M.,Tien L.,1,1,ou,25.00,under,ft,1.53,2
dMS5jKae,Navone M.,Tien L.,1,1,ou,25.50,over,ft,2.3,2
dMS5jKae,Navone M.,Tien L.,1,1,ou,25.50,under,ft,1.52,2
dMS5jKae,Navone M.,Tien L.,1,1,ou,26.50,over,ft,2.643,3
dMS5jKae,Navone M.,Tien L.,1,1,ou,26.50,under,ft,1.413,3
dMS5jKae,Navone M.,Tien L.,1,1,ou,27.50,over,ft,2.84,2
dMS5jKae,Navone M.,Tien L.,1,1,ou,27.50,under,ft,1.35,2
dMS5jKae,Navone M.,Tien L.,1,1,hc,1.50,home,ft,1.6,4
dMS5jKae,Navone M.,Tien L.,1,1,hc,1.50,away,ft,2.258,4
dMS5jKae,Navone M.,Tien L.,1,1,hc,-1.50,home,ft,4.263,3
dMS5jKae,Navone M.,Tien L.,1,1,hc,-1.50,away,ft,1.203,3
dMS5jKae,Navone M.,Tien L.,1,1,hc,0,home,ft,2.67,2
dMS5jKae,Navone M.,Tien L.,1,1,hc,0,away,ft,1.44,2
dMS5jKae,Navone M.,Tien L.,1,1,hc,0.50,home,ft,2.52,2
dMS5jKae,Navone M.,Tien L.,1,1,hc,0.50,away,ft,1.49,2
dMS5jKae,Navone M.,Tien L.,1,1,hc,-0.50,home,ft,2.25,2
dMS5jKae,Navone M.,Tien L.,1,1,hc,-0.50,away,ft,1.54,2
dMS5jKae,Navone M.,Tien L.,1,1,hc,1.00,home,ft,2.32,3
dMS5jKae,Navone M.,Tien L.,1,1,hc,1.00,away,ft,1.6,3
dMS5jKae,Navone M.,Tien L.,1,1,hc,-1.00,home,ft,2.35,2
dMS5jKae,Navone M.,Tien L.,1,1,hc,-1.00,away,ft,1.5,2
dMS5jKae,Navone M.,Tien L.,1,1,hc,1.50,home,ft,2.24,5
dMS5jKae,Navone M.,Tien L.,1,1,hc,1.50,away,ft,1.618,5
dMS5jKae,Navone M.,Tien L.,1,1,hc,-1.50,home,ft,2.35,2
dMS5jKae,Navone M.,Tien L.,1,1,hc,-1.50,away,ft,1.5,2
dMS5jKae,Navone M.,Tien L.,1,1,hc,2.00,home,ft,2.14,3
dMS5jKae,Navone M.,Tien L.,1,1,hc,2.00,away,ft,1.69,3
dMS5jKae,Navone M.,Tien L.,1,1,hc,2.50,home,ft,1.976,5
dMS5jKae,Navone M.,Tien L.,1,1,hc,2.50,away,ft,1.784,5
dMS5jKae,Navone M.,Tien L.,1,1,hc,3.00,home,ft,1.847,3
dMS5jKae,Navone M.,Tien L.,1,1,hc,3.00,away,ft,1.943,3
dMS5jKae,Navone M.,Tien L.,1,1,hc,3.50,home,ft,1.738,5
dMS5jKae,Navone M.,Tien L.,1,1,hc,3.50,away,ft,2.066,5
dMS5jKae,Navone M.,Tien L.,1,1,hc,4.00,home,ft,1.523,3
dMS5jKae,Navone M.,Tien L.,1,1,hc,4.00,away,ft,2.483,3
dMS5jKae,Navone M.,Tien L.,1,1,hc,4.50,home,ft,1.445,4
dMS5jKae,Navone M.,Tien L.,1,1,hc,4.50,away,ft,2.632,4
dMS5jKae,Navone M.,Tien L.,1,1,hc,5.00,home,ft,1.25,2
dMS5jKae,Navone M.,Tien L.,1,1,hc,5.00,away,ft,3.72,2
zTJfurgL,Hijikata R.,Holt B.,2,2,ou,2.50,over,ft,2.3,2
zTJfurgL,Hijikata R.,Holt B.,2,2,ou,2.50,under,ft,1.59,2
zTJfurgL,Hijikata R.,Holt B.,2,2,ou,21.50,over,ft,1.62,4
zTJfurgL,Hijikata R.,Holt B.,2,2,ou,21.50,under,ft,2.22,4
zTJfurgL,Hijikata R.,Holt B.,2,2,ou,22.00,over,ft,1.72,4
zTJfurgL,Hijikata R.,Holt B.,2,2,ou,22.00,under,ft,2.06,4
zTJfurgL,Hijikata R.,Holt B.,2,2,ou,22.50,over,ft,1.848,6
zTJfurgL,Hijikata R.,Holt B.,2,2,ou,22.50,under,ft,1.907,6
zTJfurgL,Hijikata R.,Holt B.,2,2,ou,23.00,over,ft,1.925,4
zTJfurgL,Hijikata R.,Holt B.,2,2,ou,23.00,under,ft,1.82,4
zTJfurgL,Hijikata R.,Holt B.,2,2,ou,23.50,over,ft,2.007,4
zTJfurgL,Hijikata R.,Holt B.,2,2,ou,23.50,under,ft,1.765,4
zTJfurgL,Hijikata R.,Holt B.,2,2,ou,24.00,over,ft,2.09,1
zTJfurgL,Hijikata R.,Holt B.,2,2,ou,24.00,under,ft,1.74,1
zTJfurgL,Hijikata R.,Holt B.,2,2,ou,24.50,over,ft,2.05,1
zTJfurgL,Hijikata R.,Holt B.,2,2,ou,24.50,under,ft,1.65,1
zTJfurgL,Hijikata R.,Holt B.,2,2,ou,26.50,over,ft,2.5,1
zTJfurgL,Hijikata R.,Holt B.,2,2,ou,26.50,under,ft,1.45,1
zTJfurgL,Hijikata R.,Holt B.,2,2,hc,1.50,home,ft,1.307,3
zTJfurgL,Hijikata R.,Holt B.,2,2,hc,1.50,away,ft,3.29,3
zTJfurgL,Hijikata R.,Holt B.,2,2,hc,-1.50,home,ft,2.774,5
zTJfurgL,Hijikata R.,Holt B.,2,2,hc,-1.50,away,ft,1.398,5
zTJfurgL,Hijikata R.,Holt B.,2,2,hc,0,home,ft,1.753,3
zTJfurgL,Hijikata R.,Holt B.,2,2,hc,0,away,ft,2.043,3
zTJfurgL,Hijikata R.,Holt B.,2,2,hc,0.50,home,ft,1.7,3
zTJfurgL,Hijikata R.,Holt B.,2,2,hc,0.50,away,ft,2.123,3
zTJfurgL,Hijikata R.,Holt B.,2,2,hc,-0.50,home,ft,1.812,4
zTJfurgL,Hijikata R.,Holt B.,2,2,hc,-0.50,away,ft,1.93,4
zTJfurgL,Hijikata R.,Holt B.,2,2,hc,1.00,home,ft,1.67,2
zTJfurgL,Hijikata R.,Holt B.,2,2,hc,1.00,away,ft,2.03,2
zTJfurgL,Hijikata R.,Holt B.,2,2,hc,-1.00,home,ft,1.893,3
zTJfurgL,Hijikata R.,Holt B.,2,2,hc,-1.00,away,ft,1.877,3
zTJfurgL,Hijikata R.,Holt B.,2,2,hc,1.50,home,ft,1.62,2
zTJfurgL,Hijikata R.,Holt B.,2,2,hc,1.50,away,ft,2.1,2
zTJfurgL,Hijikata R.,Holt B.,2,2,hc,-1.50,home,ft,1.938,4
zTJfurgL,Hijikata R.,Holt B.,2,2,hc,-1.50,away,ft,1.833,4
zTJfurgL,Hijikata R.,Holt B.,2,2,hc,-2.00,home,ft,2.033,3
zTJfurgL,Hijikata R.,Holt B.,2,2,hc,-2.00,away,ft,1.76,3
zTJfurgL,Hijikata R.,Holt B.,2,2,hc,-2.50,home,ft,2.11,2
zTJfurgL,Hijikata R.,Holt B.,2,2,hc,-2.50,away,ft,1.68,2
zTJfurgL,Hijikata R.,Holt B.,2,2,hc,-3.00,home,ft,2.37,2
zTJfurgL,Hijikata R.,Holt B.,2,2,hc,-3.00,away,ft,1.54,2
zTJfurgL,Hijikata R.,Holt B.,2,2,hc,-3.50,home,ft,2.56,2
zTJfurgL,Hijikata R.,Holt B.,2,2,hc,-3.50,away,ft,1.48,2
h8C8AuiR,Kovacevic A.,Nardi L.,,,ou,2.50,over,ft,2.54,1
h8C8AuiR,Kovacevic A.,Nardi L.,,,ou,2.50,under,ft,1.56,1
h8C8AuiR,Kovacevic A.,Nardi L.,,,ou,19.50,over,ft,1.29,2
h8C8AuiR,Kovacevic A.,Nardi L.,,,ou,19.50,under,ft,3.13,2
h8C8AuiR,Kovacevic A.,Nardi L.,,,ou,20.00,over,ft,1.29,2
h8C8AuiR,Kovacevic A.,Nardi L.,,,ou,20.00,under,ft,3.15,2
h8C8AuiR,Kovacevic A.,Nardi L.,,,ou,20.50,over,ft,1.4,2
h8C8AuiR,Kovacevic A.,Nardi L.,,,ou,20.50,under,ft,2.69,2
h8C8AuiR,Kovacevic A.,Nardi L.,,,ou,21.00,over,ft,1.44,2
h8C8AuiR,Kovacevic A.,Nardi L.,,,ou,21.00,under,ft,2.59,2
h8C8AuiR,Kovacevic A.,Nardi L.,,,ou,21.50,over,ft,1.542,5
h8C8AuiR,Kovacevic A.,Nardi L.,,,ou,21.50,under,ft,2.372,5
h8C8AuiR,Kovacevic A.,Nardi L.,,,ou,22.00,over,ft,1.643,4
h8C8AuiR,Kovacevic A.,Nardi L.,,,ou,22.00,under,ft,2.208,4
h8C8AuiR,Kovacevic A.,Nardi L.,,,ou,22.50,over,ft,1.802,6
h8C8AuiR,Kovacevic A.,Nardi L.,,,ou,22.50,under,ft,1.978,6
h8C8AuiR,Kovacevic A.,Nardi L.,,,ou,23.00,over,ft,1.922,4
h8C8AuiR,Kovacevic A.,Nardi L.,,,ou,23.00,under,ft,1.85,4
h8C8AuiR,Kovacevic A.,Nardi L.,,,ou,23.50,over,ft,2.017,6
h8C8AuiR,Kovacevic A.,Nardi L.,,,ou,23.50,under,ft,1.74,6
h8C8AuiR,Kovacevic A.,Nardi L.,,,ou,24.00,over,ft,2.058,4
h8C8AuiR,Kovacevic A.,Nardi L.,,,ou,24.00,under,ft,1.725,4
h8C8AuiR,Kovacevic A.,Nardi L.,,,ou,24.50,over,ft,2.027,4
h8C8AuiR,Kovacevic A.,Nardi L.,,,ou,24.50,under,ft,1.698,4
h8C8AuiR,Kovacevic A.,Nardi L.,,,ou,25.00,over,ft,2.12,2
h8C8AuiR,Kovacevic A.,Nardi L.,,,ou,25.00,under,ft,1.62,2
h8C8AuiR,Kovacevic A.,Nardi L.,,,ou,25.50,over,ft,2.17,2
h8C8AuiR,Kovacevic A.,Nardi L.,,,ou,25.50,under,ft,1.6,2
h8C8AuiR,Kovacevic A.,Nardi L.,,,ou,26.00,over,ft,2.33,2
h8C8AuiR,Kovacevic A.,Nardi L.,,,ou,26.00,under,ft,1.51,2
h8C8AuiR,Kovacevic A.,Nardi L.,,,ou,26.50,over,ft,2.59,2
h8C8AuiR,Kovacevic A.,Nardi L.,,,ou,26.50,under,ft,1.42,2
h8C8AuiR,Kovacevic A.,Nardi L.,,,ou,27.50,over,ft,2.84,2
h8C8AuiR,Kovacevic A.,Nardi L.,,,ou,27.50,under,ft,1.35,2
h8C8AuiR,Kovacevic A.,Nardi L.,,,hc,1.50,home,ft,1.303,3
h8C8AuiR,Kovacevic A.,Nardi L.,,,hc,1.50,away,ft,3.357,3
h8C8AuiR,Kovacevic A.,Nardi L.,,,hc,-1.50,home,ft,2.705,4
h8C8AuiR,Kovacevic A.,Nardi L.,,,hc,-1.50,away,ft,1.427,4
h8C8AuiR,Kovacevic A.,Nardi L.,,,hc,0,home,ft,1.693,3
h8C8AuiR,Kovacevic A.,Nardi L.,,,hc,0,away,ft,2.057,3
h8C8AuiR,Kovacevic A.,Nardi L.,,,hc,0.50,home,ft,1.63,3
h8C8AuiR,Kovacevic A.,Nardi L.,,,hc,0.50,away,ft,2.1,3
h8C8AuiR,Kovacevic A.,Nardi L.,,,hc,-0.50,home,ft,1.766,5
h8C8AuiR,Kovacevic A.,Nardi L.,,,hc,-0.50,away,ft,1.956,5
h8C8AuiR,Kovacevic A.,Nardi L.,,,hc,1.00,home,ft,1.56,2
h8C8AuiR,Kovacevic A.,Nardi L.,,,hc,1.00,away,ft,2.22,2
h8C8AuiR,Kovacevic A.,Nardi L.,,,hc,-1.00,home,ft,1.833,3
h8C8AuiR,Kovacevic A.,Nardi L.,,,hc,-1.00,away,ft,1.893,3
h8C8AuiR,Kovacevic A.,Nardi L.,,,hc,1.50,home,ft,1.53,2
h8C8AuiR,Kovacevic A.,Nardi L.,,,hc,1.50,away,ft,2.28,2
h8C8AuiR,Kovacevic A.,Nardi L.,,,hc,-1.50,home,ft,1.856,5
h8C8AuiR,Kovacevic A.,Nardi L.,,,hc,-1.50,away,ft,1.87,5
h8C8AuiR,Kovacevic A.,Nardi L.,,,hc,2.00,home,ft,1.44,2
h8C8AuiR,Kovacevic A.,Nardi L.,,,hc,2.00,away,ft,2.5,2
h8C8AuiR,Kovacevic A.,Nardi L.,,,hc,-2.00,home,ft,2.037,3
h8C8AuiR,Kovacevic A.,Nardi L.,,,hc,-2.00,away,ft,1.713,3
h8C8AuiR,Kovacevic A.,Nardi L.,,,hc,-2.50,home,ft,2.152,5
h8C8AuiR,Kovacevic A.,Nardi L.,,,hc,-2.50,away,ft,1.63,5
h8C8AuiR,Kovacevic A.,Nardi L.,,,hc,-3.00,home,ft,2.38,2
h8C8AuiR,Kovacevic A.,Nardi L.,,,hc,-3.00,away,ft,1.49,2
h8C8AuiR,Kovacevic A.,Nardi L.,,,hc,-3.50,home,ft,2.49,3
h8C8AuiR,Kovacevic A.,Nardi L.,,,hc,-3.50,away,ft,1.463,3
h8C8AuiR,Kovacevic A.,Nardi L.,,,hc,-4.00,home,ft,3.27,2
h8C8AuiR,Kovacevic A.,Nardi L.,,,hc,-4.00,away,ft,1.27,2
h8C8AuiR,Kovacevic A.,Nardi L.,,,hc,-4.50,home,ft,3.27,2
h8C8AuiR,Kovacevic A.,Nardi L.,,,hc,-4.50,away,ft,1.27,2
h8C8AuiR,Kovacevic A.,Nardi L.,,,hc,-5.00,home,ft,4.69,2
h8C8AuiR,Kovacevic A.,Nardi L.,,,hc,-5.00,away,ft,1.14,2
2grhNJTq,Basavareddy N.,Onclin G.,2,2,ou,2.50,over,ft,2.555,2
2grhNJTq,Basavareddy N.,Onclin G.,2,2,ou,2.50,under,ft,1.49,2
2grhNJTq,Basavareddy N.,Onclin G.,2,2,ou,20.00,over,ft,1.65,1
2grhNJTq,Basavareddy N.,Onclin G.,2,2,ou,20.00,under,ft,2.26,1
2grhNJTq,Basavareddy N.,Onclin G.,2,2,ou,20.50,over,ft,1.688,5
2grhNJTq,Basavareddy N.,Onclin G.,2,2,ou,20.50,under,ft,2.09,5
2grhNJTq,Basavareddy N.,Onclin G.,2,2,ou,21.00,over,ft,1.782,4
2grhNJTq,Basavareddy N.,Onclin G.,2,2,ou,21.00,under,ft,1.978,4
2grhNJTq,Basavareddy N.,Onclin G.,2,2,ou,21.50,over,ft,1.887,6
2grhNJTq,Basavareddy N.,Onclin G.,2,2,ou,21.50,under,ft,1.868,6
2grhNJTq,Basavareddy N.,Onclin G.,2,2,ou,22.00,over,ft,2.027,4
2grhNJTq,Basavareddy N.,Onclin G.,2,2,ou,22.00,under,ft,1.748,4
2grhNJTq,Basavareddy N.,Onclin G.,2,2,ou,22.50,over,ft,2.076,5
2grhNJTq,Basavareddy N.,Onclin G.,2,2,ou,22.50,under,ft,1.712,5
2grhNJTq,Basavareddy N.,Onclin G.,2,2,ou,23.00,over,ft,2.12,2
2grhNJTq,Basavareddy N.,Onclin G.,2,2,ou,23.00,under,ft,1.66,2
2grhNJTq,Basavareddy N.,Onclin G.,2,2,ou,23.50,over,ft,2.22,2
2grhNJTq,Basavareddy N.,Onclin G.,2,2,ou,23.50,under,ft,1.59,2
2grhNJTq,Basavareddy N.,Onclin G.,2,2,ou,24.50,over,ft,2.233,3
2grhNJTq,Basavareddy N.,Onclin G.,2,2,ou,24.50,under,ft,1.55,3
2grhNJTq,Basavareddy N.,Onclin G.,2,2,ou,25.50,over,ft,2.36,2
2grhNJTq,Basavareddy N.,Onclin G.,2,2,ou,25.50,under,ft,1.5,2
2grhNJTq,Basavareddy N.,Onclin G.,2,2,hc,1.50,home,ft,1.133,3
2grhNJTq,Basavareddy N.,Onclin G.,2,2,hc,1.50,away,ft,5.403,3
2grhNJTq,Basavareddy N.,Onclin G.,2,2,hc,-1.50,home,ft,1.93,5
2grhNJTq,Basavareddy N.,Onclin G.,2,2,hc,-1.50,away,ft,1.798,5
2grhNJTq,Basavareddy N.,Onclin G.,2,2,hc,-1.50,home,ft,1.41,2
2grhNJTq,Basavareddy N.,Onclin G.,2,2,hc,-1.50,away,ft,2.74,2
2grhNJTq,Basavareddy N.,Onclin G.,2,2,hc,-2.00,home,ft,1.44,2
2grhNJTq,Basavareddy N.,Onclin G.,2,2,hc,-2.00,away,ft,2.63,2
2grhNJTq,Basavareddy N.,Onclin G.,2,2,hc,-2.50,home,ft,1.5,3
2grhNJTq,Basavareddy N.,Onclin G.,2,2,hc,-2.50,away,ft,2.52,3
2grhNJTq,Basavareddy N.,Onclin G.,2,2,hc,-3.00,home,ft,1.573,3
2grhNJTq,Basavareddy N.,Onclin G.,2,2,hc,-3.00,away,ft,2.35,3
2grhNJTq,Basavareddy N.,Onclin G.,2,2,hc,-3.50,home,ft,1.698,4
2grhNJTq,Basavareddy N.,Onclin G.,2,2,hc,-3.50,away,ft,2.075,4
2grhNJTq,Basavareddy N.,Onclin G.,2,2,hc,-4.00,home,ft,1.9,3
2grhNJTq,Basavareddy N.,Onclin G.,2,2,hc,-4.00,away,ft,1.913,3
2grhNJTq,Basavareddy N.,Onclin G.,2,2,hc,-4.50,home,ft,2.08,4
2grhNJTq,Basavareddy N.,Onclin G.,2,2,hc,-4.50,away,ft,1.698,4
2grhNJTq,Basavareddy N.,Onclin G.,2,2,hc,-5.00,home,ft,2.507,3
2grhNJTq,Basavareddy N.,Onclin G.,2,2,hc,-5.00,away,ft,1.513,3
2grhNJTq,Basavareddy N.,Onclin G.,2,2,hc,-5.50,home,ft,2.703,3
2grhNJTq,Basavareddy N.,Onclin G.,2,2,hc,-5.50,away,ft,1.443,3
2grhNJTq,Basavareddy N.,Onclin G.,2,2,hc,-6.00,home,ft,3.56,2
2grhNJTq,Basavareddy N.,Onclin G.,2,2,hc,-6.00,away,ft,1.26,2
2grhNJTq,Basavareddy N.,Onclin G.,2,2,hc,-6.50,home,ft,4.05,2
2grhNJTq,Basavareddy N.,Onclin G.,2,2,hc,-6.50,away,ft,1.21,2
