match_id,home,away,home_score,away_score,market,line,side,period,avg_odds,n_bookies
OSjE5zPG,Djokovic N.,Korda S.,2,2,ou,2.50,over,ft,3.09,1
OSjE5zPG,Djokovic N.,Korda S.,2,2,ou,2.50,under,ft,1.4,1
OSjE5zPG,Djokovic N.,Korda S.,2,2,ou,17.50,over,ft,1.19,1
OSjE5zPG,Djokovic N.,Korda S.,2,2,ou,17.50,under,ft,4.04,1
OSjE5zPG,Djokovic N.,Korda S.,2,2,ou,18.00,over,ft,1.23,1
OSjE5zPG,Djokovic N.,Korda S.,2,2,ou,18.00,under,ft,3.72,1
OSjE5zPG,Djokovic N.,Korda S.,2,2,ou,18.50,over,ft,1.355,2
OSjE5zPG,Djokovic N.,Korda S.,2,2,ou,18.50,under,ft,2.97,2
OSjE5zPG,Djokovic N.,Korda S.,2,2,ou,19.00,over,ft,1.37,1
OSjE5zPG,Djokovic N.,Korda S.,2,2,ou,19.00,under,ft,2.84,1
OSjE5zPG,Djokovic N.,Korda S.,2,2,ou,19.50,over,ft,1.495,2
OSjE5zPG,Djokovic N.,Korda S.,2,2,ou,19.50,under,ft,2.525,2
OSjE5zPG,Djokovic N.,Korda S.,2,2,ou,20.00,over,ft,1.63,2
OSjE5zPG,Djokovic N.,Korda S.,2,2,ou,20.00,under,ft,2.28,2
OSjE5zPG,Djokovic N.,Korda S.,2,2,ou,20.50,over,ft,1.75,3
OSjE5zPG,Djokovic N.,Korda S.,2,2,ou,20.50,under,ft,2.1,3
OSjE5zPG,Djokovic N.,Korda S.,2,2,ou,21.00,over,ft,1.87,2
OSjE5zPG,Djokovic N.,Korda S.,2,2,ou,21.00,under,ft,1.965,2
OSjE5zPG,Djokovic N.,Korda S.,2,2,ou,21.50,over,ft,1.99,3
OSjE5zPG,Djokovic N.,Korda S.,2,2,ou,21.50,under,ft,1.87,3
OSjE5zPG,Djokovic N.,Korda S.,2,2,ou,22.00,over,ft,2.165,2
OSjE5zPG,Djokovic N.,Korda S.,2,2,ou,22.00,under,ft,1.71,2
OSjE5zPG,Djokovic N.,Korda S.,2,2,ou,22.50,over,ft,2.323,3
OSjE5zPG,Djokovic N.,Korda S.,2,2,ou,22.50,under,ft,1.613,3
OSjE5zPG,Djokovic N.,Korda S.,2,2,ou,23.00,over,ft,2.53,1
OSjE5zPG,Djokovic N.,Korda S.,2,2,ou,23.00,under,ft,1.48,1
OSjE5zPG,Djokovic N.,Korda S.,2,2,ou,23.50,over,ft,2.605,2
OSjE5zPG,Djokovic N.,Korda S.,2,2,ou,23.50,under,ft,1.46,2
OSjE5zPG,Djokovic N.,Korda S.,2,2,ou,24.00,over,ft,2.68,1
OSjE5zPG,Djokovic N.,Korda S.,2,2,ou,24.00,under,ft,1.41,1
OSjE5zPG,Djokovic N.,Korda S.,2,2,ou,24.50,over,ft,2.73,2
OSjE5zPG,Djokovic N.,Korda S.,2,2,ou,24.50,under,ft,1.405,2
OSjE5zPG,Djokovic N.,Korda S.,2,2,ou,25.50,over,ft,2.87,1
OSjE5zPG,Djokovic N.,Korda S.,2,2,ou,25.50,under,ft,1.39,1
OSjE5zPG,Djokovic N.,Korda S.,2,2,hc,1.50,home,ft,1.053,3
OSjE5zPG,Djokovic N.,Korda S.,2,2,hc,1.50,away,ft,10.533,3
OSjE5zPG,Djokovic N.,Korda S.,2,2,hc,-1.50,home,ft,1.55,3
OSjE5zPG,Djokovic N.,Korda S.,2,2,hc,-1.50,away,ft,2.497,3
OSjE5zPG,Djokovic N.,Korda S.,2,2,hc,-1.50,home,ft,1.18,1
OSjE5zPG,Djokovic N.,Korda S.,2,2,hc,-1.50,away,ft,4.2,1
OSjE5zPG,Djokovic N.,Korda S.,2,2,hc,-2.00,home,ft,1.2,1
OSjE5zPG,Djokovic N.,Korda S.,2,2,hc,-2.00,away,ft,4.04,1
OSjE5zPG,Djokovic N.,Korda S.,2,2,hc,-2.50,home,ft,1.28,1
OSjE5zPG,Djokovic N.,Korda S.,2,2,hc,-2.50,away,ft,3.38,1
OSjE5zPG,Djokovic N.,Korda S.,2,2,hc,-3.00,home,ft,1.33,1
OSjE5zPG,Djokovic N.,Korda S.,2,2,hc,-3.00,away,ft,3.14,1
OSjE5zPG,Djokovic N.,Korda S.,2,2,hc,-3.50,home,ft,1.487,3
OSjE5zPG,Djokovic N.,Korda S.,2,2,hc,-3.50,away,ft,2.62,3
OSjE5zPG,Djokovic N.,Korda S.,2,2,hc,-4.00,home,ft,1.64,2
OSjE5zPG,Djokovic N.,Korda S.,2,2,hc,-4.00,away,ft,2.29,2
OSjE5zPG,Djokovic N.,Korda S.,2,2,hc,-4.50,home,ft,1.907,3
OSjE5zPG,Djokovic N.,Korda S.,2,2,hc,-4.50,away,ft,1.937,3
OSjE5zPG,Djokovic N.,Korda S.,2,2,hc,-5.00,home,ft,2.25,2
OSjE5zPG,Djokovic N.,Korda S.,2,2,hc,-5.00,away,ft,1.66,2
OSjE5zPG,Djokovic N.,Korda S.,2,2,hc,-5.50,home,ft,2.63,3
OSjE5zPG,Djokovic N.,Korda S.,2,2,hc,-5.50,away,ft,1.487,3
OSjE5zPG,Djokovic N.,Korda S.,2,2,hc,-6.00,home,ft,3.44,1
OSjE5zPG,Djokovic N.,Korda S.,2,2,hc,-6.00,away,ft,1.28,1
OSjE5zPG,Djokovic N.,Korda S.,2,2,hc,-6.50,home,ft,3.88,1
OSjE5zPG,Djokovic N.,Korda S.,2,2,hc,-6.50,away,ft,1.22,1
OSjE5zPG,Djokovic N.,Korda S.,2,2,hc,-7.00,home,ft,6.2,1
OSjE5zPG,Djokovic N.,Korda S.,2,2,hc,-7.00,away,ft,1.09,1
OSjE5zPG,Djokovic N.,Korda S.,2,2,hc,-7.50,home,ft,6.7,1
OSjE5zPG,Djokovic N.,Korda S.,2,2,hc,-7.50,away,ft,1.06,1
KISYOjeg,Djokovic N.,Medvedev D.,2,2,ou,2.50,over,ft,2.35,1
KISYOjeg,Djokovic N.,Medvedev D.,2,2,ou,2.50,under,ft,1.64,1
KISYOjeg,Djokovic N.,Medvedev D.,2,2,ou,19.50,over,ft,1.3,1
KISYOjeg,Djokovic N.,Medvedev D.,2,2,ou,19.50,under,ft,3.14,1
KISYOjeg,Djokovic N.,Medvedev D.,2,2,ou,20.00,over,ft,1.34,1
KISYOjeg,Djokovic N.,Medvedev D.,2,2,ou,20.00,under,ft,2.98,1
KISYOjeg,Djokovic N.,Medvedev D.,2,2,ou,20.50,over,ft,1.405,2
KISYOjeg,Djokovic N.,Medvedev D.,2,2,ou,20.50,under,ft,2.745,2
KISYOjeg,Djokovic N.,Medvedev D.,2,2,ou,21.00,over,ft,1.44,1
KISYOjeg,Djokovic N.,Medvedev D.,2,2,ou,21.00,under,ft,2.58,1
KISYOjeg,Djokovic N.,Medvedev D.,2,2,ou,21.50,over,ft,1.56,3
KISYOjeg,Djokovic N.,Medvedev D.,2,2,ou,21.50,under,ft,2.41,3
KISYOjeg,Djokovic N.,Medvedev D.,2,2,ou,22.00,over,ft,1.615,2
KISYOjeg,Djokovic N.,Medvedev D.,2,2,ou,22.00,under,ft,2.31,2
KISYOjeg,Djokovic N.,Medvedev D.,2,2,ou,22.50,over,ft,1.79,3
KISYOjeg,Djokovic N.,Medvedev D.,2,2,ou,22.50,under,ft,2.067,3
KISYOjeg,Djokovic N.,Medvedev D.,2,2,ou,23.00,over,ft,1.865,2
KISYOjeg,Djokovic N.,Medvedev D.,2,2,ou,23.00,under,ft,1.955,2
KISYOjeg,Djokovic N.,Medvedev D.,2,2,ou,23.50,over,ft,2.02,3
KISYOjeg,Djokovic N.,Medvedev D.,2,2,ou,23.50,under,ft,1.823,3
KISYOjeg,Djokovic N.,Medvedev D.,2,2,ou,24.00,over,ft,2.015,2
KISYOjeg,Djokovic N.,Medvedev D.,2,2,ou,24.00,under,ft,1.815,2
KISYOjeg,Djokovic N.,Medvedev D.,2,2,ou,24.50,over,ft,2.063,3
KISYOjeg,Djokovic N.,Medvedev D.,2,2,ou,24.50,under,ft,1.777,3
KISYOjeg,Djokovic N.,Medvedev D.,2,2,ou,25.00,over,ft,2.11,1
KISYOjeg,Djokovic N.,Medvedev D.,2,2,ou,25.00,under,ft,1.68,1
KISYOjeg,Djokovic N.,Medvedev D.,2,2,ou,25.50,over,ft,2.23,2
KISYOjeg,Djokovic N.,Medvedev D.,2,2,ou,25.50,under,ft,1.63,2
KISYOjeg,Djokovic N.,Medvedev D.,2,2,ou,26.00,over,ft,2.33,1
KISYOjeg,Djokovic N.,Medvedev D.,2,2,ou,26.00,under,ft,1.53,1
KISYOjeg,Djokovic N.,Medvedev D.,2,2,ou,26.50,over,ft,2.485,2
KISYOjeg,Djokovic N.,Medvedev D.,2,2,ou,26.50,under,ft,1.495,2
KISYOjeg,Djokovic N.,Medvedev D.,2,2,ou,27.50,over,ft,2.73,1
KISYOjeg,Djokovic N.,Medvedev D.,2,2,ou,27.50,under,ft,1.43,1
KISYOjeg,Djokovic N.,Medvedev D.,2,2,hc,0,home,ft,1.48,1
KISYOjeg,Djokovic N.,Medvedev D.,2,2,hc,0,away,ft,2.47,1
KISYOjeg,Djokovic N.,Medvedev D.,2,2,hc,1.50,home,ft,1.203,3
KISYOjeg,Djokovic N.,Medvedev D.,2,2,hc,1.50,away,ft,4.587,3
KISYOjeg,Djokovic N.,Medvedev D.,2,2,hc,-1.50,home,ft,2.46,3
KISYOjeg,Djokovic N.,Medvedev D.,2,2,hc,-1.50,away,ft,1.563,3
KISYOjeg,Djokovic N.,Medvedev D.,2,2,hc,0,home,ft,1.44,1
KISYOjeg,Djokovic N.,Medvedev D.,2,2,hc,0,away,ft,2.5,1
KISYOjeg,Djokovic N.,Medvedev D.,2,2,hc,0.50,home,ft,1.445,2
KISYOjeg,Djokovic N.,Medvedev D.,2,2,hc,0.50,away,ft,2.59,2
KISYOjeg,Djokovic N.,Medvedev D.,2,2,hc,-0.50,home,ft,1.54,2
KISYOjeg,Djokovic N.,Medvedev D.,2,2,hc,-0.50,away,ft,2.36,2
KISYOjeg,Djokovic N.,Medvedev D.,2,2,hc,1.00,home,ft,1.38,1
KISYOjeg,Djokovic N.,Medvedev D.,2,2,hc,1.00,away,ft,2.7,1
KISYOjeg,Djokovic N.,Medvedev D.,2,2,hc,-1.00,home,ft,1.66,2
KISYOjeg,Djokovic N.,Medvedev D.,2,2,hc,-1.00,away,ft,2.175,2
KISYOjeg,Djokovic N.,Medvedev D.,2,2,hc,1.50,home,ft,1.43,1
KISYOjeg,Djokovic N.,Medvedev D.,2,2,hc,1.50,away,ft,2.72,1
KISYOjeg,Djokovic N.,Medvedev D.,2,2,hc,-1.50,home,ft,1.697,3
KISYOjeg,Djokovic N.,Medvedev D.,2,2,hc,-1.50,away,ft,2.137,3
KISYOjeg,Djokovic N.,Medvedev D.,2,2,hc,-2.00,home,ft,1.795,2
KISYOjeg,Djokovic N.,Medvedev D.,2,2,hc,-2.00,away,ft,1.97,2
KISYOjeg,Djokovic N.,Medvedev D.,2,2,hc,-2.50,home,ft,1.903,3
KISYOjeg,Djokovic N.,Medvedev D.,2,2,hc,-2.50,away,ft,1.883,3
KISYOjeg,Djokovic N.,Medvedev D.,2,2,hc,-3.00,home,ft,2.125,2
KISYOjeg,Djokovic N.,Medvedev D.,2,2,hc,-3.00,away,ft,1.69,2
KISYOjeg,Djokovic N.,Medvedev D.,2,2,hc,-3.50,home,ft,2.307,3
KISYOjeg,Djokovic N.,Medvedev D.,2,2,hc,-3.50,away,ft,1.597,3
KISYOjeg,Djokovic N.,Medvedev D.,2,2,hc,-4.00,home,ft,2.685,2
KISYOjeg,Djokovic N.,Medvedev D.,2,2,hc,-4.00,away,ft,1.44,2
KISYOjeg,Djokovic N.,Medvedev D.,2,2,hc,-4.50,home,ft,3.02,1
KISYOjeg,Djokovic N.,Medvedev D.,2,2,hc,-4.50,away,ft,1.31,1
KISYOjeg,Djokovic N.,Medvedev D.,2,2,hc,-5.00,home,ft,4.06,1
KISYOjeg,Djokovic N.,Medvedev D.,2,2,hc,-5.00,away,ft,1.18,1
KISYOjeg,Djokovic N.,Medvedev D.,2,2,hc,-5.50,home,ft,4.42,1
KISYOjeg,Djokovic N.,Medvedev D.,2,2,hc,-5.50,away,ft,1.15,1
n9t93Tr6,Korda S.,Nishioka Y.,,,ou,2.50,over,ft,2.73,1
n9t93Tr6,Korda S.,Nishioka Y.,,,ou,2.50,under,ft,1.49,1
n9t93Tr6,Korda S.,Nishioka Y.,,,ou,18.50,over,ft,1.3,1
n9t93Tr6,Korda S.,Nishioka Y.,,,ou,18.50,under,ft,3.55,1
n9t93Tr6,Korda S.,Nishioka Y.,,,ou,19.00,over,ft,1.34,1
n9t93Tr6,Korda S.,Nishioka Y.,,,ou,19.00,under,ft,2.98,1
n9t93Tr6,Korda S.,Nishioka Y.,,,ou,19.50,over,ft,1.455,2
n9t93Tr6,Korda S.,Nishioka Y.,,,ou,19.50,under,ft,2.71,2
n9t93Tr6,Korda S.,Nishioka Y.,,,ou,20.00,over,ft,1.53,1
n9t93Tr6,Korda S.,Nishioka Y.,,,ou,20.00,under,ft,2.4,1
n9t93Tr6,Korda S.,Nishioka Y.,,,ou,20.50,over,ft,1.657,3
n9t93Tr6,Korda S.,Nishioka Y.,,,ou,20.50,under,ft,2.277,3
n9t93Tr6,Korda S.,Nishioka Y.,,,ou,21.00,over,ft,1.745,2
n9t93Tr6,Korda S.,Nishioka Y.,,,ou,21.00,under,ft,2.115,2
n9t93Tr6,Korda S.,Nishioka Y.,,,ou,21.50,over,ft,1.843,3
n9t93Tr6,Korda S.,Nishioka Y.,,,ou,21.50,under,ft,2.003,3
n9t93Tr6,Korda S.,Nishioka Y.,,,ou,22.00,over,ft,1.99,2
n9t93Tr6,Korda S.,Nishioka Y.,,,ou,22.00,under,ft,1.84,2
n9t93Tr6,Korda S.,Nishioka Y.,,,ou,22.50,over,ft,2.107,3
n9t93Tr6,Korda S.,Nishioka Y.,,,ou,22.50,under,ft,1.777,3
n9t93Tr6,Korda S.,Nishioka Y.,,,ou,23.00,over,ft,2.28,2
n9t93Tr6,Korda S.,Nishioka Y.,,,ou,23.00,under,ft,1.63,2
n9t93Tr6,Korda S.,Nishioka Y.,,,ou,23.50,over,ft,2.3,3
n9t93Tr6,Korda S.,Nishioka Y.,,,ou,23.50,under,ft,1.613,3
n9t93Tr6,Korda S.,Nishioka Y.,,,ou,24.00,over,ft,2.33,1
n9t93Tr6,Korda S.,Nishioka Y.,,,ou,24.00,under,ft,1.53,1
n9t93Tr6,Korda S.,Nishioka Y.,,,ou,24.50,over,ft,2.405,2
n9t93Tr6,Korda S.,Nishioka Y.,,,ou,24.50,under,ft,1.53,2
n9t93Tr6,Korda S.,Nishioka Y.,,,ou,25.00,over,ft,2.43,1
n9t93Tr6,Korda S.,Nishioka Y.,,,ou,25.00,under,ft,1.49,1
n9t93Tr6,Korda S.,Nishioka Y.,,,ou,25.50,over,ft,2.575,2
n9t93Tr6,Korda S.,Nishioka Y.,,,ou,25.50,under,ft,1.46,2
n9t93Tr6,Korda S.,Nishioka Y.,,,ou,26.50,over,ft,2.91,1
n9t93Tr6,Korda S.,Nishioka Y.,,,ou,26.50,under,ft,1.38,1
n9t93Tr6,Korda S.,Nishioka Y.,,,hc,0,home,ft,1.28,1
n9t93Tr6,Korda S.,Nishioka Y.,,,hc,0,away,ft,3.08,1
n9t93Tr6,Korda S.,Nishioka Y.,,,hc,1.50,home,ft,1.12,3
n9t93Tr6,Korda S.,Nishioka Y.,,,hc,1.50,away,ft,6.54,3
n9t93Tr6,Korda S.,Nishioka Y.,,,hc,-1.50,home,ft,1.903,3
n9t93Tr6,Korda S.,Nishioka Y.,,,hc,-1.50,away,ft,1.92,3
n9t93Tr6,Korda S.,Nishioka Y.,,,hc,-0.50,home,ft,1.37,2
n9t93Tr6,Korda S.,Nishioka Y.,,,hc,-0.50,away,ft,3.045,2
n9t93Tr6,Korda S.,Nishioka Y.,,,hc,-1.00,home,ft,1.32,1
n9t93Tr6,Korda S.,Nishioka Y.,,,hc,-1.00,away,ft,3.08,1
n9t93Tr6,Korda S.,Nishioka Y.,,,hc,-1.50,home,ft,1.497,3
n9t93Tr6,Korda S.,Nishioka Y.,,,hc,-1.50,away,ft,2.67,3
n9t93Tr6,Korda S.,Nishioka Y.,,,hc,-2.00,home,ft,1.505,2
n9t93Tr6,Korda S.,Nishioka Y.,,,hc,-2.00,away,ft,2.58,2
n9t93Tr6,Korda S.,Nishioka Y.,,,hc,-2.50,home,ft,1.547,3
n9t93Tr6,Korda S.,Nishioka Y.,,,hc,-2.50,away,ft,2.497,3
n9t93Tr6,Korda S.,Nishioka Y.,,,hc,-3.00,home,ft,1.61,2
n9t93Tr6,Korda S.,Nishioka Y.,,,hc,-3.00,away,ft,2.335,2
n9t93Tr6,Korda S.,Nishioka Y.,,,hc,-3.50,home,ft,1.807,3
n9t93Tr6,Korda S.,Nishioka Y.,,,hc,-3.50,away,ft,2.05,3
n9t93Tr6,Korda S.,Nishioka Y.,,,hc,-4.00,home,ft,1.975,2
n9t93Tr6,Korda S.,Nishioka Y.,,,hc,-4.00,away,ft,1.85,2
n9t93Tr6,Korda S.,Nishioka Y.,,,hc,-4.50,home,ft,2.273,3
n9t93Tr6,Korda S.,Nishioka Y.,,,hc,-4.50,away,ft,1.657,3
n9t93Tr6,Korda S.,Nishioka Y.,,,hc,-5.00,home,ft,2.755,2
n9t93Tr6,Korda S.,Nishioka Y.,,,hc,-5.00,away,ft,1.455,2
n9t93Tr6,Korda S.,Nishioka Y.,,,hc,-5.50,home,ft,3.29,1
n9t93Tr6,Korda S.,Nishioka Y.,,,hc,-5.50,away,ft,1.35,1
n9t93Tr6,Korda S.,Nishioka Y.,,,hc,-6.00,home,ft,3.7,1
n9t93Tr6,Korda S.,Nishioka Y.,,,hc,-6.00,away,ft,1.23,1
n9t93Tr6,Korda S.,Nishioka Y.,,,hc,-6.50,home,ft,4.4,1
n9t93Tr6,Korda S.,Nishioka Y.,,,hc,-6.50,away,ft,1.22,1
n9t93Tr6,Korda S.,Nishioka Y.,,,hc,-7.00,home,ft,6.2,1
n9t93Tr6,Korda S.,Nishioka Y.,,,hc,-7.00,away,ft,1.09,1
n9t93Tr6,Korda S.,Nishioka Y.,,,hc,-7.50,home,ft,6.6,1
n9t93Tr6,Korda S.,Nishioka Y.,,,hc,-7.50,away,ft,1.07,1
WAXCjDur,Djokovic N.,Shapovalov D.,2,2,ou,2.50,over,ft,3.05,1
WAXCjDur,Djokovic N.,Shapovalov D.,2,2,ou,2.50,under,ft,1.41,1
WAXCjDur,Djokovic N.,Shapovalov D.,2,2,ou,17.50,over,ft,1.2,1
WAXCjDur,Djokovic N.,Shapovalov D.,2,2,ou,17.50,under,ft,4.0,1
WAXCjDur,Djokovic N.,Shapovalov D.,2,2,ou,18.00,over,ft,1.24,1
WAXCjDur,Djokovic N.,Shapovalov D.,2,2,ou,18.00,under,ft,3.62,1
WAXCjDur,Djokovic N.,Shapovalov D.,2,2,ou,18.50,over,ft,1.28,1
WAXCjDur,Djokovic N.,Shapovalov D.,2,2,ou,18.50,under,ft,3.26,1
WAXCjDur,Djokovic N.,Shapovalov D.,2,2,ou,19.00,over,ft,1.29,1
WAXCjDur,Djokovic N.,Shapovalov D.,2,2,ou,19.00,under,ft,3.26,1
WAXCjDur,Djokovic N.,Shapovalov D.,2,2,ou,19.50,over,ft,1.5,3
WAXCjDur,Djokovic N.,Shapovalov D.,2,2,ou,19.50,under,ft,2.603,3
WAXCjDur,Djokovic N.,Shapovalov D.,2,2,ou,20.00,over,ft,1.555,2
WAXCjDur,Djokovic N.,Shapovalov D.,2,2,ou,20.00,under,ft,2.44,2
WAXCjDur,Djokovic N.,Shapovalov D.,2,2,ou,20.50,over,ft,1.657,3
WAXCjDur,Djokovic N.,Shapovalov D.,2,2,ou,20.50,under,ft,2.243,3
WAXCjDur,Djokovic N.,Shapovalov D.,2,2,ou,21.00,over,ft,1.735,2
WAXCjDur,Djokovic N.,Shapovalov D.,2,2,ou,21.00,under,ft,2.13,2
WAXCjDur,Djokovic N.,Shapovalov D.,2,2,ou,21.50,over,ft,1.887,3
WAXCjDur,Djokovic N.,Shapovalov D.,2,2,ou,21.50,under,ft,1.957,3
WAXCjDur,Djokovic N.,Shapovalov D.,2,2,ou,22.00,over,ft,2.01,2
WAXCjDur,Djokovic N.,Shapovalov D.,2,2,ou,22.00,under,ft,1.815,2
WAXCjDur,Djokovic N.,Shapovalov D.,2,2,ou,22.50,over,ft,2.24,3
WAXCjDur,Djokovic N.,Shapovalov D.,2,2,ou,22.50,under,ft,1.66,3
WAXCjDur,Djokovic N.,Shapovalov D.,2,2,ou,23.00,over,ft,2.4,1
WAXCjDur,Djokovic N.,Shapovalov D.,2,2,ou,23.00,under,ft,1.53,1
WAXCjDur,Djokovic N.,Shapovalov D.,2,2,ou,23.50,over,ft,2.545,2
WAXCjDur,Djokovic N.,Shapovalov D.,2,2,ou,23.50,under,ft,1.485,2
WAXCjDur,Djokovic N.,Shapovalov D.,2,2,ou,24.00,over,ft,2.57,1
WAXCjDur,Djokovic N.,Shapovalov D.,2,2,ou,24.00,under,ft,1.45,1
WAXCjDur,Djokovic N.,Shapovalov D.,2,2,ou,24.50,over,ft,2.645,2
WAXCjDur,Djokovic N.,Shapovalov D.,2,2,ou,24.50,under,ft,1.435,2
WAXCjDur,Djokovic N.,Shapovalov D.,2,2,ou,25.50,over,ft,2.81,1
WAXCjDur,Djokovic N.,Shapovalov D.,2,2,ou,25.50,under,ft,1.41,1
WAXCjDur,Djokovic N.,Shapovalov D.,2,2,hc,1.50,home,ft,1.05,3
WAXCjDur,Djokovic N.,Shapovalov D.,2,2,hc,1.50,away,ft,11.287,3
WAXCjDur,Djokovic N.,Shapovalov D.,2,2,hc,-1.50,home,ft,1.603,3
WAXCjDur,Djokovic N.,Shapovalov D.,2,2,hc,-1.50,away,ft,2.38,3
WAXCjDur,Djokovic N.,Shapovalov D.,2,2,hc,-1.50,home,ft,1.18,1
WAXCjDur,Djokovic N.,Shapovalov D.,2,2,hc,-1.50,away,ft,4.14,1
WAXCjDur,Djokovic N.,Shapovalov D.,2,2,hc,-2.00,home,ft,1.21,1
WAXCjDur,Djokovic N.,Shapovalov D.,2,2,hc,-2.00,away,ft,3.9,1
WAXCjDur,Djokovic N.,Shapovalov D.,2,2,hc,-2.50,home,ft,1.29,1
WAXCjDur,Djokovic N.,Shapovalov D.,2,2,hc,-2.50,away,ft,3.34,1
WAXCjDur,Djokovic N.,Shapovalov D.,2,2,hc,-3.00,home,ft,1.35,1
WAXCjDur,Djokovic N.,Shapovalov D.,2,2,hc,-3.00,away,ft,3.04,1
WAXCjDur,Djokovic N.,Shapovalov D.,2,2,hc,-3.50,home,ft,1.547,3
WAXCjDur,Djokovic N.,Shapovalov D.,2,2,hc,-3.50,away,ft,2.47,3
WAXCjDur,Djokovic N.,Shapovalov D.,2,2,hc,-4.00,home,ft,1.675,2
WAXCjDur,Djokovic N.,Shapovalov D.,2,2,hc,-4.00,away,ft,2.135,2
WAXCjDur,Djokovic N.,Shapovalov D.,2,2,hc,-4.50,home,ft,1.993,3
WAXCjDur,Djokovic N.,Shapovalov D.,2,2,hc,-4.50,away,ft,1.867,3
WAXCjDur,Djokovic N.,Shapovalov D.,2,2,hc,-5.00,home,ft,2.375,2
WAXCjDur,Djokovic N.,Shapovalov D.,2,2,hc,-5.00,away,ft,1.595,2
WAXCjDur,Djokovic N.,Shapovalov D.,2,2,hc,-5.50,home,ft,2.8,3
WAXCjDur,Djokovic N.,Shapovalov D.,2,2,hc,-5.50,away,ft,1.43,3
WAXCjDur,Djokovic N.,Shapovalov D.,2,2,hc,-6.00,home,ft,3.745,2
WAXCjDur,Djokovic N.,Shapovalov D.,2,2,hc,-6.00,away,ft,1.275,2
WAXCjDur,Djokovic N.,Shapovalov D.,2,2,hc,-6.50,home,ft,4.24,1
WAXCjDur,Djokovic N.,Shapovalov D.,2,2,hc,-6.50,away,ft,1.19,1
WAXCjDur,Djokovic N.,Shapovalov D.,2,2,hc,-7.00,home,ft,7.5,1
WAXCjDur,Djokovic N.,Shapovalov D.,2,2,hc,-7.00,away,ft,1.07,1
WAXCjDur,Djokovic N.,Shapovalov D.,2,2,hc,-7.50,home,ft,7.9,1
WAXCjDur,Djokovic N.,Shapovalov D.,2,2,hc,-7.50,away,ft,1.05,1
MXsM4HNj,Medvedev D.,Khachanov K.,2,2,ou,2.50,over,ft,2.57,1
MXsM4HNj,Medvedev D.,Khachanov K.,2,2,ou,2.50,under,ft,1.55,1
MXsM4HNj,Medvedev D.,Khachanov K.,2,2,ou,18.50,over,ft,1.23,1
MXsM4HNj,Medvedev D.,Khachanov K.,2,2,ou,18.50,under,ft,3.64,1
MXsM4HNj,Medvedev D.,Khachanov K.,2,2,ou,19.00,over,ft,1.27,1
MXsM4HNj,Medvedev D.,Khachanov K.,2,2,ou,19.00,under,ft,3.4,1
MXsM4HNj,Medvedev D.,Khachanov K.,2,2,ou,19.50,over,ft,1.435,2
MXsM4HNj,Medvedev D.,Khachanov K.,2,2,ou,19.50,under,ft,2.71,2
MXsM4HNj,Medvedev D.,Khachanov K.,2,2,ou,20.00,over,ft,1.44,1
MXsM4HNj,Medvedev D.,Khachanov K.,2,2,ou,20.00,under,ft,2.66,1
MXsM4HNj,Medvedev D.,Khachanov K.,2,2,ou,20.50,over,ft,1.57,3
MXsM4HNj,Medvedev D.,Khachanov K.,2,2,ou,20.50,under,ft,2.33,3
MXsM4HNj,Medvedev D.,Khachanov K.,2,2,ou,21.00,over,ft,1.67,2
MXsM4HNj,Medvedev D.,Khachanov K.,2,2,ou,21.00,under,ft,2.23,2
MXsM4HNj,Medvedev D.,Khachanov K.,2,2,ou,21.50,over,ft,1.763,3
MXsM4HNj,Medvedev D.,Khachanov K.,2,2,ou,21.50,under,ft,2.107,3
MXsM4HNj,Medvedev D.,Khachanov K.,2,2,ou,22.00,over,ft,1.895,2
MXsM4HNj,Medvedev D.,Khachanov K.,2,2,ou,22.00,under,ft,1.925,2
MXsM4HNj,Medvedev D.,Khachanov K.,2,2,ou,22.50,over,ft,2.037,3
MXsM4HNj,Medvedev D.,Khachanov K.,2,2,ou,22.50,under,ft,1.797,3
MXsM4HNj,Medvedev D.,Khachanov K.,2,2,ou,23.00,over,ft,2.21,2
MXsM4HNj,Medvedev D.,Khachanov K.,2,2,ou,23.00,under,ft,1.665,2
MXsM4HNj,Medvedev D.,Khachanov K.,2,2,ou,23.50,over,ft,2.315,2
MXsM4HNj,Medvedev D.,Khachanov K.,2,2,ou,23.50,under,ft,1.585,2
MXsM4HNj,Medvedev D.,Khachanov K.,2,2,ou,24.00,over,ft,2.33,1
MXsM4HNj,Medvedev D.,Khachanov K.,2,2,ou,24.00,under,ft,1.53,1
MXsM4HNj,Medvedev D.,Khachanov K.,2,2,ou,24.50,over,ft,2.355,2
MXsM4HNj,Medvedev D.,Khachanov K.,2,2,ou,24.50,under,ft,1.55,2
MXsM4HNj,Medvedev D.,Khachanov K.,2,2,ou,25.50,over,ft,2.54,1
MXsM4HNj,Medvedev D.,Khachanov K.,2,2,ou,25.50,under,ft,1.51,1
MXsM4HNj,Medvedev D.,Khachanov K.,2,2,ou,26.50,over,ft,2.82,1
MXsM4HNj,Medvedev D.,Khachanov K.,2,2,ou,26.50,under,ft,1.41,1
MXsM4HNj,Medvedev D.,Khachanov K.,2,2,hc,0,home,ft,1.15,1
MXsM4HNj,Medvedev D.,Khachanov K.,2,2,hc,0,away,ft,3.77,1
MXsM4HNj,Medvedev D.,Khachanov K.,2,2,hc,1.50,home,ft,1.09,3
MXsM4HNj,Medvedev D.,Khachanov K.,2,2,hc,1.50,away,ft,7.823,3
MXsM4HNj,Medvedev D.,Khachanov K.,2,2,hc,-1.50,home,ft,1.81,3
MXsM4HNj,Medvedev D.,Khachanov K.,2,2,hc,-1.50,away,ft,2.033,3
MXsM4HNj,Medvedev D.,Khachanov K.,2,2,hc,-0.50,home,ft,1.22,1
MXsM4HNj,Medvedev D.,Khachanov K.,2,2,hc,-0.50,away,ft,3.72,1
MXsM4HNj,Medvedev D.,Khachanov K.,2,2,hc,-1.00,home,ft,1.24,1
MXsM4HNj,Medvedev D.,Khachanov K.,2,2,hc,-1.00,away,ft,3.62,1
MXsM4HNj,Medvedev D.,Khachanov K.,2,2,hc,-1.50,home,ft,1.29,1
MXsM4HNj,Medvedev D.,Khachanov K.,2,2,hc,-1.50,away,ft,3.32,1
MXsM4HNj,Medvedev D.,Khachanov K.,2,2,hc,-2.00,home,ft,1.33,1
MXsM4HNj,Medvedev D.,Khachanov K.,2,2,hc,-2.00,away,ft,3.14,1
MXsM4HNj,Medvedev D.,Khachanov K.,2,2,hc,-2.50,home,ft,1.485,2
MXsM4HNj,Medvedev D.,Khachanov K.,2,2,hc,-2.50,away,ft,2.585,2
MXsM4HNj,Medvedev D.,Khachanov K.,2,2,hc,-3.00,home,ft,1.53,2
MXsM4HNj,Medvedev D.,Khachanov K.,2,2,hc,-3.00,away,ft,2.545,2
MXsM4HNj,Medvedev D.,Khachanov K.,2,2,hc,-3.50,home,ft,1.787,3
MXsM4HNj,Medvedev D.,Khachanov K.,2,2,hc,-3.50,away,ft,2.077,3
MXsM4HNj,Medvedev D.,Khachanov K.,2,2,hc,-4.00,home,ft,1.935,2
MXsM4HNj,Medvedev D.,Khachanov K.,2,2,hc,-4.00,away,ft,1.89,2
MXsM4HNj,Medvedev D.,Khachanov K.,2,2,hc,-4.50,home,ft,2.313,3
MXsM4HNj,Medvedev D.,Khachanov K.,2,2,hc,-4.50,away,ft,1.62,3
MXsM4HNj,Medvedev D.,Khachanov K.,2,2,hc,-5.00,home,ft,2.76,2
MXsM4HNj,Medvedev D.,Khachanov K.,2,2,hc,-5.00,away,ft,1.445,2
MXsM4HNj,Medvedev D.,Khachanov K.,2,2,hc,-5.50,home,ft,3.075,2
MXsM4HNj,Medvedev D.,Khachanov K.,2,2,hc,-5.50,away,ft,1.34,2
MXsM4HNj,Medvedev D.,Khachanov K.,2,2,hc,-6.00,home,ft,4.4,1
MXsM4HNj,Medvedev D.,Khachanov K.,2,2,hc,-6.00,away,ft,1.17,1
MXsM4HNj,Medvedev D.,Khachanov K.,2,2,hc,-6.50,home,ft,4.84,1
MXsM4HNj,Medvedev D.,Khachanov K.,2,2,hc,-6.50,away,ft,1.13,1
MXsM4HNj,Medvedev D.,Khachanov K.,2,2,hc,-7.00,home,ft,7.6,1
MXsM4HNj,Medvedev D.,Khachanov K.,2,2,hc,-7.00,away,ft,1.05,1
MXsM4HNj,Medvedev D.,Khachanov K.,2,2,hc,-7.50,home,ft,8.0,1
MXsM4HNj,Medvedev D.,Khachanov K.,2,2,hc,-7.50,away,ft,1.04,1
U5g8v69M,Sinner J.,Korda S.,0,0,ou,2.50,over,ft,2.34,1
U5g8v69M,Sinner J.,Korda S.,0,0,ou,2.50,under,ft,1.64,1
U5g8v69M,Sinner J.,Korda S.,0,0,ou,19.50,over,ft,1.27,1
U5g8v69M,Sinner J.,Korda S.,0,0,ou,19.50,under,ft,3.32,1
U5g8v69M,Sinner J.,Korda S.,0,0,ou,20.00,over,ft,1.31,1
U5g8v69M,Sinner J.,Korda S.,0,0,ou,20.00,under,ft,3.14,1
U5g8v69M,Sinner J.,Korda S.,0,0,ou,20.50,over,ft,1.465,2
U5g8v69M,Sinner J.,Korda S.,0,0,ou,20.50,under,ft,2.61,2
U5g8v69M,Sinner J.,Korda S.,0,0,ou,21.00,over,ft,1.47,1
U5g8v69M,Sinner J.,Korda S.,0,0,ou,21.00,under,ft,2.56,1
U5g8v69M,Sinner J.,Korda S.,0,0,ou,21.50,over,ft,1.627,3
U5g8v69M,Sinner J.,Korda S.,0,0,ou,21.50,under,ft,2.303,3
U5g8v69M,Sinner J.,Korda S.,0,0,ou,22.00,over,ft,1.715,2
U5g8v69M,Sinner J.,Korda S.,0,0,ou,22.00,under,ft,2.16,2
U5g8v69M,Sinner J.,Korda S.,0,0,ou,22.50,over,ft,1.913,3
U5g8v69M,Sinner J.,Korda S.,0,0,ou,22.50,under,ft,1.937,3
U5g8v69M,Sinner J.,Korda S.,0,0,ou,23.00,over,ft,1.98,2
U5g8v69M,Sinner J.,Korda S.,0,0,ou,23.00,under,ft,1.845,2
U5g8v69M,Sinner J.,Korda S.,0,0,ou,23.50,over,ft,2.117,3
U5g8v69M,Sinner J.,Korda S.,0,0,ou,23.50,under,ft,1.737,3
U5g8v69M,Sinner J.,Korda S.,0,0,ou,24.00,over,ft,2.08,1
U5g8v69M,Sinner J.,Korda S.,0,0,ou,24.00,under,ft,1.7,1
U5g8v69M,Sinner J.,Korda S.,0,0,ou,24.50,over,ft,2.155,2
U5g8v69M,Sinner J.,Korda S.,0,0,ou,24.50,under,ft,1.68,2
U5g8v69M,Sinner J.,Korda S.,0,0,ou,25.00,over,ft,2.17,1
U5g8v69M,Sinner J.,Korda S.,0,0,ou,25.00,under,ft,1.61,1
U5g8v69M,Sinner J.,Korda S.,0,0,ou,25.50,over,ft,2.32,2
U5g8v69M,Sinner J.,Korda S.,0,0,ou,25.50,under,ft,1.565,2
U5g8v69M,Sinner J.,Korda S.,0,0,ou,26.50,over,ft,2.67,1
U5g8v69M,Sinner J.,Korda S.,0,0,ou,26.50,under,ft,1.46,1
U5g8v69M,Sinner J.,Korda S.,0,0,hc,1.50,home,ft,1.23,3
U5g8v69M,Sinner J.,Korda S.,0,0,hc,1.50,away,ft,4.28,3
U5g8v69M,Sinner J.,Korda S.,0,0,hc,-1.50,home,ft,2.48,3
U5g8v69M,Sinner J.,Korda S.,0,0,hc,-1.50,away,ft,1.56,3
U5g8v69M,Sinner J.,Korda S.,0,0,hc,0,home,ft,1.46,1
U5g8v69M,Sinner J.,Korda S.,0,0,hc,0,away,ft,2.44,1
U5g8v69M,Sinner J.,Korda S.,0,0,hc,0.50,home,ft,1.5,2
U5g8v69M,Sinner J.,Korda S.,0,0,hc,0.50,away,ft,2.475,2
U5g8v69M,Sinner J.,Korda S.,0,0,hc,-0.50,home,ft,1.6,2
U5g8v69M,Sinner J.,Korda S.,0,0,hc,-0.50,away,ft,2.275,2
U5g8v69M,Sinner J.,Korda S.,0,0,hc,1.00,home,ft,1.42,1
U5g8v69M,Sinner J.,Korda S.,0,0,hc,1.00,away,ft,2.6,1
U5g8v69M,Sinner J.,Korda S.,0,0,hc,-1.00,home,ft,1.67,2
U5g8v69M,Sinner J.,Korda S.,0,0,hc,-1.00,away,ft,2.2,2
U5g8v69M,Sinner J.,Korda S.,0,0,hc,1.50,home,ft,1.43,1
U5g8v69M,Sinner J.,Korda S.,0,0,hc,1.50,away,ft,2.72,1
U5g8v69M,Sinner J.,Korda S.,0,0,hc,-1.50,home,ft,1.743,3
U5g8v69M,Sinner J.,Korda S.,0,0,hc,-1.50,away,ft,2.103,3
U5g8v69M,Sinner J.,Korda S.,0,0,hc,-2.00,home,ft,1.845,2
U5g8v69M,Sinner J.,Korda S.,0,0,hc,-2.00,away,ft,1.98,2
U5g8v69M,Sinner J.,Korda S.,0,0,hc,-2.50,home,ft,1.947,3
U5g8v69M,Sinner J.,Korda S.,0,0,hc,-2.50,away,ft,1.917,3
U5g8v69M,Sinner J.,Korda S.,0,0,hc,-3.00,home,ft,2.175,2
U5g8v69M,Sinner J.,Korda S.,0,0,hc,-3.00,away,ft,1.7,2
U5g8v69M,Sinner J.,Korda S.,0,0,hc,-3.50,home,ft,2.32,3
U5g8v69M,Sinner J.,Korda S.,0,0,hc,-3.50,away,ft,1.61,3
U5g8v69M,Sinner J.,Korda S.,0,0,hc,-4.00,home,ft,2.84,1
U5g8v69M,Sinner J.,Korda S.,0,0,hc,-4.00,away,ft,1.39,1
U5g8v69M,Sinner J.,Korda S.,0,0,hc,-4.50,home,ft,3.14,1
U5g8v69M,Sinner J.,Korda S.,0,0,hc,-4.50,away,ft,1.32,1
U5g8v69M,Sinner J.,Korda S.,0,0,hc,-5.00,home,ft,4.3,1
U5g8v69M,Sinner J.,Korda S.,0,0,hc,-5.00,away,ft,1.18,1
U5g8v69M,Sinner J.,Korda S.,0,0,hc,-5.50,home,ft,4.64,1
U5g8v69M,Sinner J.,Korda S.,0,0,hc,-5.50,away,ft,1.15,1
SlNAmGLl,Nishioka Y.,Popyrin A.,2,2,ou,2.50,over,ft,2.33,1
SlNAmGLl,Nishioka Y.,Popyrin A.,2,2,ou,2.50,under,ft,1.65,1
SlNAmGLl,Nishioka Y.,Popyrin A.,2,2,ou,19.50,over,ft,1.27,1
SlNAmGLl,Nishioka Y.,Popyrin A.,2,2,ou,19.50,under,ft,3.32,1
SlNAmGLl,Nishioka Y.,Popyrin A.,2,2,ou,20.00,over,ft,1.31,1
SlNAmGLl,Nishioka Y.,Popyrin A.,2,2,ou,20.00,under,ft,3.14,1
SlNAmGLl,Nishioka Y.,Popyrin A.,2,2,ou,20.50,over,ft,1.46,2
SlNAmGLl,Nishioka Y.,Popyrin A.,2,2,ou,20.50,under,ft,2.625,2
SlNAmGLl,Nishioka Y.,Popyrin A.,2,2,ou,21.00,over,ft,1.48,1
SlNAmGLl,Nishioka Y.,Popyrin A.,2,2,ou,21.00,under,ft,2.53,1
SlNAmGLl,Nishioka Y.,Popyrin A.,2,2,ou,21.50,over,ft,1.617,3
SlNAmGLl,Nishioka Y.,Popyrin A.,2,2,ou,21.50,under,ft,2.323,3
SlNAmGLl,Nishioka Y.,Popyrin A.,2,2,ou,22.00,over,ft,1.7,2
SlNAmGLl,Nishioka Y.,Popyrin A.,2,2,ou,22.00,under,ft,2.18,2
SlNAmGLl,Nishioka Y.,Popyrin A.,2,2,ou,22.50,over,ft,1.877,3
SlNAmGLl,Nishioka Y.,Popyrin A.,2,2,ou,22.50,under,ft,1.97,3
SlNAmGLl,Nishioka Y.,Popyrin A.,2,2,ou,23.00,over,ft,1.97,2
SlNAmGLl,Nishioka Y.,Popyrin A.,2,2,ou,23.00,under,ft,1.855,2
SlNAmGLl,Nishioka Y.,Popyrin A.,2,2,ou,23.50,over,ft,2.103,3
SlNAmGLl,Nishioka Y.,Popyrin A.,2,2,ou,23.50,under,ft,1.747,3
SlNAmGLl,Nishioka Y.,Popyrin A.,2,2,ou,24.00,over,ft,2.12,2
SlNAmGLl,Nishioka Y.,Popyrin A.,2,2,ou,24.00,under,ft,1.725,2
SlNAmGLl,Nishioka Y.,Popyrin A.,2,2,ou,24.50,over,ft,2.145,2
SlNAmGLl,Nishioka Y.,Popyrin A.,2,2,ou,24.50,under,ft,1.685,2
SlNAmGLl,Nishioka Y.,Popyrin A.,2,2,ou,25.00,over,ft,2.17,1
SlNAmGLl,Nishioka Y.,Popyrin A.,2,2,ou,25.00,under,ft,1.61,1
SlNAmGLl,Nishioka Y.,Popyrin A.,2,2,ou,25.50,over,ft,2.31,2
SlNAmGLl,Nishioka Y.,Popyrin A.,2,2,ou,25.50,under,ft,1.57,2
SlNAmGLl,Nishioka Y.,Popyrin A.,2,2,ou,26.50,over,ft,2.64,1
SlNAmGLl,Nishioka Y.,Popyrin A.,2,2,ou,26.50,under,ft,1.47,1
SlNAmGLl,Nishioka Y.,Popyrin A.,2,2,ou,27.50,over,ft,2.89,1
SlNAmGLl,Nishioka Y.,Popyrin A.,2,2,ou,27.50,under,ft,1.39,1
SlNAmGLl,Nishioka Y.,Popyrin A.,2,2,hc,1.50,home,ft,1.277,3
SlNAmGLl,Nishioka Y.,Popyrin A.,2,2,hc,1.50,away,ft,3.803,3
SlNAmGLl,Nishioka Y.,Popyrin A.,2,2,hc,-1.50,home,ft,2.693,3
SlNAmGLl,Nishioka Y.,Popyrin A.,2,2,hc,-1.50,away,ft,1.483,3
SlNAmGLl,Nishioka Y.,Popyrin A.,2,2,hc,0,home,ft,1.695,2
SlNAmGLl,Nishioka Y.,Popyrin A.,2,2,hc,0,away,ft,2.115,2
SlNAmGLl,Nishioka Y.,Popyrin A.,2,2,hc,0.50,home,ft,1.57,2
SlNAmGLl,Nishioka Y.,Popyrin A.,2,2,hc,0.50,away,ft,2.29,2
SlNAmGLl,Nishioka Y.,Popyrin A.,2,2,hc,-0.50,home,ft,1.73,3
SlNAmGLl,Nishioka Y.,Popyrin A.,2,2,hc,-0.50,away,ft,2.09,3
SlNAmGLl,Nishioka Y.,Popyrin A.,2,2,hc,1.00,home,ft,1.53,1
SlNAmGLl,Nishioka Y.,Popyrin A.,2,2,hc,1.00,away,ft,2.29,1
SlNAmGLl,Nishioka Y.,Popyrin A.,2,2,hc,-1.00,home,ft,1.825,2
SlNAmGLl,Nishioka Y.,Popyrin A.,2,2,hc,-1.00,away,ft,1.945,2
SlNAmGLl,Nishioka Y.,Popyrin A.,2,2,hc,1.50,home,ft,1.485,2
SlNAmGLl,Nishioka Y.,Popyrin A.,2,2,hc,1.50,away,ft,2.485,2
SlNAmGLl,Nishioka Y.,Popyrin A.,2,2,hc,-1.50,home,ft,1.893,3
SlNAmGLl,Nishioka Y.,Popyrin A.,2,2,hc,-1.50,away,ft,1.953,3
SlNAmGLl,Nishioka Y.,Popyrin A.,2,2,hc,2.00,home,ft,1.43,1
SlNAmGLl,Nishioka Y.,Popyrin A.,2,2,hc,2.00,away,ft,2.56,1
SlNAmGLl,Nishioka Y.,Popyrin A.,2,2,hc,-2.00,home,ft,1.99,2
SlNAmGLl,Nishioka Y.,Popyrin A.,2,2,hc,-2.00,away,ft,1.825,2
SlNAmGLl,Nishioka Y.,Popyrin A.,2,2,hc,2.50,home,ft,1.39,1
SlNAmGLl,Nishioka Y.,Popyrin A.,2,2,hc,2.50,away,ft,2.85,1
SlNAmGLl,Nishioka Y.,Popyrin A.,2,2,hc,-2.50,home,ft,2.087,3
SlNAmGLl,Nishioka Y.,Popyrin A.,2,2,hc,-2.50,away,ft,1.76,3
SlNAmGLl,Nishioka Y.,Popyrin A.,2,2,hc,-3.00,home,ft,2.335,2
SlNAmGLl,Nishioka Y.,Popyrin A.,2,2,hc,-3.00,away,ft,1.575,2
SlNAmGLl,Nishioka Y.,Popyrin A.,2,2,hc,-3.50,home,ft,2.42,2
SlNAmGLl,Nishioka Y.,Popyrin A.,2,2,hc,-3.50,away,ft,1.515,2
SlNAmGLl,Nishioka Y.,Popyrin A.,2,2,hc,-4.00,home,ft,3.1,1
SlNAmGLl,Nishioka Y.,Popyrin A.,2,2,hc,-4.00,away,ft,1.3,1
SlNAmGLl,Nishioka Y.,Popyrin A.,2,2,hc,-4.50,home,ft,3.38,1
SlNAmGLl,Nishioka Y.,Popyrin A.,2,2,hc,-4.50,away,ft,1.26,1
SlNAmGLl,Nishioka Y.,Popyrin A.,2,2,hc,-5.00,home,ft,4.32,1
SlNAmGLl,Nishioka Y.,Popyrin A.,2,2,hc,-5.00,away,ft,1.18,1
SlNAmGLl,Nishioka Y.,Popyrin A.,2,2,hc,-5.50,home,ft,4.7,1
SlNAmGLl,Nishioka Y.,Popyrin A.,2,2,hc,-5.50,away,ft,1.14,1
OQDN2D9O,Sinner J.,Kokkinakis T.,2,2,ou,2.50,over,ft,2.46,1
OQDN2D9O,Sinner J.,Kokkinakis T.,2,2,ou,2.50,under,ft,1.58,1
OQDN2D9O,Sinner J.,Kokkinakis T.,2,2,ou,19.50,over,ft,1.27,1
OQDN2D9O,Sinner J.,Kokkinakis T.,2,2,ou,19.50,under,ft,3.3,1
OQDN2D9O,Sinner J.,Kokkinakis T.,2,2,ou,20.00,over,ft,1.31,1
OQDN2D9O,Sinner J.,Kokkinakis T.,2,2,ou,20.00,under,ft,3.1,1
OQDN2D9O,Sinner J.,Kokkinakis T.,2,2,ou,20.50,over,ft,1.505,2
OQDN2D9O,Sinner J.,Kokkinakis T.,2,2,ou,20.50,under,ft,2.52,2
OQDN2D9O,Sinner J.,Kokkinakis T.,2,2,ou,21.00,over,ft,1.56,2
OQDN2D9O,Sinner J.,Kokkinakis T.,2,2,ou,21.00,under,ft,2.42,2
OQDN2D9O,Sinner J.,Kokkinakis T.,2,2,ou,21.50,over,ft,1.677,3
OQDN2D9O,Sinner J.,Kokkinakis T.,2,2,ou,21.50,under,ft,2.213,3
OQDN2D9O,Sinner J.,Kokkinakis T.,2,2,ou,22.00,over,ft,1.77,2
OQDN2D9O,Sinner J.,Kokkinakis T.,2,2,ou,22.00,under,ft,2.065,2
OQDN2D9O,Sinner J.,Kokkinakis T.,2,2,ou,22.50,over,ft,1.98,3
OQDN2D9O,Sinner J.,Kokkinakis T.,2,2,ou,22.50,under,ft,1.857,3
OQDN2D9O,Sinner J.,Kokkinakis T.,2,2,ou,23.00,over,ft,2.095,2
OQDN2D9O,Sinner J.,Kokkinakis T.,2,2,ou,23.00,under,ft,1.75,2
OQDN2D9O,Sinner J.,Kokkinakis T.,2,2,ou,23.50,over,ft,2.283,3
OQDN2D9O,Sinner J.,Kokkinakis T.,2,2,ou,23.50,under,ft,1.637,3
OQDN2D9O,Sinner J.,Kokkinakis T.,2,2,ou,24.00,over,ft,2.21,1
OQDN2D9O,Sinner J.,Kokkinakis T.,2,2,ou,24.00,under,ft,1.61,1
OQDN2D9O,Sinner J.,Kokkinakis T.,2,2,ou,24.50,over,ft,2.22,1
OQDN2D9O,Sinner J.,Kokkinakis T.,2,2,ou,24.50,under,ft,1.59,1
OQDN2D9O,Sinner J.,Kokkinakis T.,2,2,ou,25.00,over,ft,2.32,1
OQDN2D9O,Sinner J.,Kokkinakis T.,2,2,ou,25.00,under,ft,1.53,1
OQDN2D9O,Sinner J.,Kokkinakis T.,2,2,ou,25.50,over,ft,2.505,2
OQDN2D9O,Sinner J.,Kokkinakis T.,2,2,ou,25.50,under,ft,1.49,2
OQDN2D9O,Sinner J.,Kokkinakis T.,2,2,ou,26.50,over,ft,2.81,1
OQDN2D9O,Sinner J.,Kokkinakis T.,2,2,ou,26.50,under,ft,1.44,1
OQDN2D9O,Sinner J.,Kokkinakis T.,2,2,hc,0,home,ft,1.18,1
OQDN2D9O,Sinner J.,Kokkinakis T.,2,2,hc,0,away,ft,3.63,1
OQDN2D9O,Sinner J.,Kokkinakis T.,2,2,hc,1.50,home,ft,1.057,3
OQDN2D9O,Sinner J.,Kokkinakis T.,2,2,hc,1.50,away,ft,9.547,3
OQDN2D9O,Sinner J.,Kokkinakis T.,2,2,hc,-1.50,home,ft,1.73,3
OQDN2D9O,Sinner J.,Kokkinakis T.,2,2,hc,-1.50,away,ft,2.113,3
OQDN2D9O,Sinner J.,Kokkinakis T.,2,2,hc,-0.50,home,ft,1.22,1
OQDN2D9O,Sinner J.,Kokkinakis T.,2,2,hc,-0.50,away,ft,3.68,1
OQDN2D9O,Sinner J.,Kokkinakis T.,2,2,hc,-1.00,home,ft,1.24,1
OQDN2D9O,Sinner J.,Kokkinakis T.,2,2,hc,-1.00,away,ft,3.58,1
OQDN2D9O,Sinner J.,Kokkinakis T.,2,2,hc,-1.50,home,ft,1.355,2
OQDN2D9O,Sinner J.,Kokkinakis T.,2,2,hc,-1.50,away,ft,3.07,2
OQDN2D9O,Sinner J.,Kokkinakis T.,2,2,hc,-2.00,home,ft,1.34,1
OQDN2D9O,Sinner J.,Kokkinakis T.,2,2,hc,-2.00,away,ft,3.05,1
OQDN2D9O,Sinner J.,Kokkinakis T.,2,2,hc,-2.50,home,ft,1.47,3
OQDN2D9O,Sinner J.,Kokkinakis T.,2,2,hc,-2.50,away,ft,2.69,3
OQDN2D9O,Sinner J.,Kokkinakis T.,2,2,hc,-3.00,home,ft,1.605,2
OQDN2D9O,Sinner J.,Kokkinakis T.,2,2,hc,-3.00,away,ft,2.35,2
OQDN2D9O,Sinner J.,Kokkinakis T.,2,2,hc,-3.50,home,ft,1.78,3
OQDN2D9O,Sinner J.,Kokkinakis T.,2,2,hc,-3.50,away,ft,2.067,3
OQDN2D9O,Sinner J.,Kokkinakis T.,2,2,hc,-4.00,home,ft,2.13,2
OQDN2D9O,Sinner J.,Kokkinakis T.,2,2,hc,-4.00,away,ft,1.73,2
OQDN2D9O,Sinner J.,Kokkinakis T.,2,2,hc,-4.50,home,ft,2.417,3
OQDN2D9O,Sinner J.,Kokkinakis T.,2,2,hc,-4.50,away,ft,1.573,3
OQDN2D9O,Sinner J.,Kokkinakis T.,2,2,hc,-5.00,home,ft,3.15,2
OQDN2D9O,Sinner J.,Kokkinakis T.,2,2,hc,-5.00,away,ft,1.355,2
OQDN2D9O,Sinner J.,Kokkinakis T.,2,2,hc,-5.50,home,ft,3.64,1
OQDN2D9O,Sinner J.,Kokkinakis T.,2,2,hc,-5.50,away,ft,1.24,1
OQDN2D9O,Sinner J.,Kokkinakis T.,2,2,hc,-6.00,home,ft,5.65,1
OQDN2D9O,Sinner J.,Kokkinakis T.,2,2,hc,-6.00,away,ft,1.1,1
OQDN2D9O,Sinner J.,Kokkinakis T.,2,2,hc,-6.50,home,ft,6.05,1
OQDN2D9O,Sinner J.,Kokkinakis T.,2,2,hc,-6.50,away,ft,1.08,1
0Kpv7kaJ,Korda S.,Bautista-Agut R.,2,2,ou,2.50,over,ft,2.2,1
0Kpv7kaJ,Korda S.,Bautista-Agut R.,2,2,ou,2.50,under,ft,1.72,1
0Kpv7kaJ,Korda S.,Bautista-Agut R.,2,2,ou,19.50,over,ft,1.26,1
0Kpv7kaJ,Korda S.,Bautista-Agut R.,2,2,ou,19.50,under,ft,3.34,1
0Kpv7kaJ,Korda S.,Bautista-Agut R.,2,2,ou,20.00,over,ft,1.3,1
0Kpv7kaJ,Korda S.,Bautista-Agut R.,2,2,ou,20.00,under,ft,3.16,1
0Kpv7kaJ,Korda S.,Bautista-Agut R.,2,2,ou,20.50,over,ft,1.49,2
0Kpv7kaJ,Korda S.,Bautista-Agut R.,2,2,ou,20.50,under,ft,2.57,2
0Kpv7kaJ,Korda S.,Bautista-Agut R.,2,2,ou,21.00,over,ft,1.46,1
0Kpv7kaJ,Korda S.,Bautista-Agut R.,2,2,ou,21.00,under,ft,2.57,1
0Kpv7kaJ,Korda S.,Bautista-Agut R.,2,2,ou,21.50,over,ft,1.653,3
0Kpv7kaJ,Korda S.,Bautista-Agut R.,2,2,ou,21.50,under,ft,2.257,3
0Kpv7kaJ,Korda S.,Bautista-Agut R.,2,2,ou,22.00,over,ft,1.685,2
0Kpv7kaJ,Korda S.,Bautista-Agut R.,2,2,ou,22.00,under,ft,2.195,2
0Kpv7kaJ,Korda S.,Bautista-Agut R.,2,2,ou,22.50,over,ft,1.903,3
0Kpv7kaJ,Korda S.,Bautista-Agut R.,2,2,ou,22.50,under,ft,1.94,3
0Kpv7kaJ,Korda S.,Bautista-Agut R.,2,2,ou,23.00,over,ft,1.93,2
0Kpv7kaJ,Korda S.,Bautista-Agut R.,2,2,ou,23.00,under,ft,1.885,2
0Kpv7kaJ,Korda S.,Bautista-Agut R.,2,2,ou,23.50,over,ft,2.09,3
0Kpv7kaJ,Korda S.,Bautista-Agut R.,2,2,ou,23.50,under,ft,1.753,3
0Kpv7kaJ,Korda S.,Bautista-Agut R.,2,2,ou,24.00,over,ft,2.075,2
0Kpv7kaJ,Korda S.,Bautista-Agut R.,2,2,ou,24.00,under,ft,1.75,2
0Kpv7kaJ,Korda S.,Bautista-Agut R.,2,2,ou,24.50,over,ft,2.165,2
0Kpv7kaJ,Korda S.,Bautista-Agut R.,2,2,ou,24.50,under,ft,1.67,2
0Kpv7kaJ,Korda S.,Bautista-Agut R.,2,2,ou,25.00,over,ft,2.15,1
0Kpv7kaJ,Korda S.,Bautista-Agut R.,2,2,ou,25.00,under,ft,1.61,1
0Kpv7kaJ,Korda S.,Bautista-Agut R.,2,2,ou,25.50,over,ft,2.355,2
0Kpv7kaJ,Korda S.,Bautista-Agut R.,2,2,ou,25.50,under,ft,1.555,2
0Kpv7kaJ,Korda S.,Bautista-Agut R.,2,2,ou,26.50,over,ft,2.8,1
0Kpv7kaJ,Korda S.,Bautista-Agut R.,2,2,ou,26.50,under,ft,1.44,1
0Kpv7kaJ,Korda S.,Bautista-Agut R.,2,2,hc,1.50,home,ft,1.29,3
0Kpv7kaJ,Korda S.,Bautista-Agut R.,2,2,hc,1.50,away,ft,3.59,3
0Kpv7kaJ,Korda S.,Bautista-Agut R.,2,2,hc,-1.50,home,ft,2.84,3
0Kpv7kaJ,Korda S.,Bautista-Agut R.,2,2,hc,-1.50,away,ft,1.43,3
0Kpv7kaJ,Korda S.,Bautista-Agut R.,2,2,hc,0,home,ft,1.79,2
0Kpv7kaJ,Korda S.,Bautista-Agut R.,2,2,hc,0,away,ft,1.985,2
0Kpv7kaJ,Korda S.,Bautista-Agut R.,2,2,hc,0.50,home,ft,1.68,3
0Kpv7kaJ,Korda S.,Bautista-Agut R.,2,2,hc,0.50,away,ft,2.17,3
0Kpv7kaJ,Korda S.,Bautista-Agut R.,2,2,hc,-0.50,home,ft,1.833,3
0Kpv7kaJ,Korda S.,Bautista-Agut R.,2,2,hc,-0.50,away,ft,2.037,3
0Kpv7kaJ,Korda S.,Bautista-Agut R.,2,2,hc,1.00,home,ft,1.57,1
0Kpv7kaJ,Korda S.,Bautista-Agut R.,2,2,hc,1.00,away,ft,2.19,1
0Kpv7kaJ,Korda S.,Bautista-Agut R.,2,2,hc,-1.00,home,ft,1.91,2
0Kpv7kaJ,Korda S.,Bautista-Agut R.,2,2,hc,-1.00,away,ft,1.855,2
0Kpv7kaJ,Korda S.,Bautista-Agut R.,2,2,hc,1.50,home,ft,1.535,2
0Kpv7kaJ,Korda S.,Bautista-Agut R.,2,2,hc,1.50,away,ft,2.395,2
0Kpv7kaJ,Korda S.,Bautista-Agut R.,2,2,hc,-1.50,home,ft,1.943,3
0Kpv7kaJ,Korda S.,Bautista-Agut R.,2,2,hc,-1.50,away,ft,1.857,3
0Kpv7kaJ,Korda S.,Bautista-Agut R.,2,2,hc,2.00,home,ft,1.46,1
0Kpv7kaJ,Korda S.,Bautista-Agut R.,2,2,hc,2.00,away,ft,2.46,1
0Kpv7kaJ,Korda S.,Bautista-Agut R.,2,2,hc,-2.00,home,ft,2.09,2
0Kpv7kaJ,Korda S.,Bautista-Agut R.,2,2,hc,-2.00,away,ft,1.71,2
0Kpv7kaJ,Korda S.,Bautista-Agut R.,2,2,hc,2.50,home,ft,1.435,2
0Kpv7kaJ,Korda S.,Bautista-Agut R.,2,2,hc,2.50,away,ft,2.685,2
0Kpv7kaJ,Korda S.,Bautista-Agut R.,2,2,hc,-2.50,home,ft,2.123,3
0Kpv7kaJ,Korda S.,Bautista-Agut R.,2,2,hc,-2.50,away,ft,1.71,3
0Kpv7kaJ,Korda S.,Bautista-Agut R.,2,2,hc,3.00,home,ft,1.34,1
0Kpv7kaJ,Korda S.,Bautista-Agut R.,2,2,hc,3.00,away,ft,2.9,1
0Kpv7kaJ,Korda S.,Bautista-Agut R.,2,2,hc,-3.00,home,ft,2.42,1
0Kpv7kaJ,Korda S.,Bautista-Agut R.,2,2,hc,-3.00,away,ft,1.47,1
0Kpv7kaJ,Korda S.,Bautista-Agut R.,2,2,hc,-3.50,home,ft,2.51,2
0Kpv7kaJ,Korda S.,Bautista-Agut R.,2,2,hc,-3.50,away,ft,1.495,2
0Kpv7kaJ,Korda S.,Bautista-Agut R.,2,2,hc,-4.00,home,ft,3.26,1
0Kpv7kaJ,Korda S.,Bautista-Agut R.,2,2,hc,-4.00,away,ft,1.27,1
0Kpv7kaJ,Korda S.,Bautista-Agut R.,2,2,hc,-4.50,home,ft,3.58,1
0Kpv7kaJ,Korda S.,Bautista-Agut R.,2,2,hc,-4.50,away,ft,1.23,1
8zyoTaxR,Djokovic N.,Halys Q.,2,2,ou,2.50,over,ft,5.22,1
8zyoTaxR,Djokovic N.,Halys Q.,2,2,ou,2.50,under,ft,1.18,1
8zyoTaxR,Djokovic N.,Halys Q.,2,2,ou,15.50,over,ft,1.07,1
8zyoTaxR,Djokovic N.,Halys Q.,2,2,ou,15.50,under,ft,6.45,1
8zyoTaxR,Djokovic N.,Halys Q.,2,2,ou,16.00,over,ft,1.09,1
8zyoTaxR,Djokovic N.,Halys Q.,2,2,ou,16.00,under,ft,6.0,1
8zyoTaxR,Djokovic N.,Halys Q.,2,2,ou,16.50,over,ft,1.19,1
8zyoTaxR,Djokovic N.,Halys Q.,2,2,ou,16.50,under,ft,3.98,1
8zyoTaxR,Djokovic N.,Halys Q.,2,2,ou,17.00,over,ft,1.24,1
8zyoTaxR,Djokovic N.,Halys Q.,2,2,ou,17.00,under,ft,3.58,1
8zyoTaxR,Djokovic N.,Halys Q.,2,2,ou,17.50,over,ft,1.503,3
8zyoTaxR,Djokovic N.,Halys Q.,2,2,ou,17.50,under,ft,2.587,3
8zyoTaxR,Djokovic N.,Halys Q.,2,2,ou,18.00,over,ft,1.525,2
8zyoTaxR,Djokovic N.,Halys Q.,2,2,ou,18.00,under,ft,2.51,2
8zyoTaxR,Djokovic N.,Halys Q.,2,2,ou,18.50,over,ft,1.81,3
8zyoTaxR,Djokovic N.,Halys Q.,2,2,ou,18.50,under,ft,2.053,3
8zyoTaxR,Djokovic N.,Halys Q.,2,2,ou,19.00,over,ft,1.86,2
8zyoTaxR,Djokovic N.,Halys Q.,2,2,ou,19.00,under,ft,1.955,2
8zyoTaxR,Djokovic N.,Halys Q.,2,2,ou,19.50,over,ft,2.147,3
8zyoTaxR,Djokovic N.,Halys Q.,2,2,ou,19.50,under,ft,1.73,3
8zyoTaxR,Djokovic N.,Halys Q.,2,2,ou,20.00,over,ft,2.27,2
8zyoTaxR,Djokovic N.,Halys Q.,2,2,ou,20.00,under,ft,1.64,2
8zyoTaxR,Djokovic N.,Halys Q.,2,2,ou,20.50,over,ft,2.665,2
8zyoTaxR,Djokovic N.,Halys Q.,2,2,ou,20.50,under,ft,1.47,2
8zyoTaxR,Djokovic N.,Halys Q.,2,2,ou,21.00,over,ft,2.67,1
8zyoTaxR,Djokovic N.,Halys Q.,2,2,ou,21.00,under,ft,1.43,1
8zyoTaxR,Djokovic N.,Halys Q.,2,2,ou,21.50,over,ft,2.86,1
8zyoTaxR,Djokovic N.,Halys Q.,2,2,ou,21.50,under,ft,1.37,1
8zyoTaxR,Djokovic N.,Halys Q.,2,2,ou,22.00,over,ft,3.28,1
8zyoTaxR,Djokovic N.,Halys Q.,2,2,ou,22.00,under,ft,1.28,1
8zyoTaxR,Djokovic N.,Halys Q.,2,2,ou,22.50,over,ft,3.44,1
8zyoTaxR,Djokovic N.,Halys Q.,2,2,ou,22.50,under,ft,1.25,1
8zyoTaxR,Djokovic N.,Halys Q.,2,2,hc,1.50,away,ft,13.99,1
8zyoTaxR,Djokovic N.,Halys Q.,2,2,hc,-1.50,home,ft,1.19,3
8zyoTaxR,Djokovic N.,Halys Q.,2,2,hc,-1.50,away,ft,4.72,3
8zyoTaxR,Djokovic N.,Halys Q.,2,2,hc,-2.50,home,ft,1.05,1
8zyoTaxR,Djokovic N.,Halys Q.,2,2,hc,-2.50,away,ft,7.4,1
8zyoTaxR,Djokovic N.,Halys Q.,2,2,hc,-3.00,home,ft,1.06,1
8zyoTaxR,Djokovic N.,Halys Q.,2,2,hc,-3.00,away,ft,7.2,1
8zyoTaxR,Djokovic N.,Halys Q.,2,2,hc,-3.50,home,ft,1.14,1
8zyoTaxR,Djokovic N.,Halys Q.,2,2,hc,-3.50,away,ft,4.94,1
8zyoTaxR,Djokovic N.,Halys Q.,2,2,hc,-4.00,home,ft,1.18,1
8zyoTaxR,Djokovic N.,Halys Q.,2,2,hc,-4.00,away,ft,4.5,1
8zyoTaxR,Djokovic N.,Halys Q.,2,2,hc,-4.50,home,ft,1.345,2
8zyoTaxR,Djokovic N.,Halys Q.,2,2,hc,-4.50,away,ft,3.2,2
8zyoTaxR,Djokovic N.,Halys Q.,2,2,hc,-5.00,home,ft,1.455,2
8zyoTaxR,Djokovic N.,Halys Q.,2,2,hc,-5.00,away,ft,2.765,2
8zyoTaxR,Djokovic N.,Halys Q.,2,2,hc,-5.50,home,ft,1.693,3
8zyoTaxR,Djokovic N.,Halys Q.,2,2,hc,-5.50,away,ft,2.22,3
8zyoTaxR,Djokovic N.,Halys Q.,2,2,hc,-6.00,home,ft,2.025,2
8zyoTaxR,Djokovic N.,Halys Q.,2,2,hc,-6.00,away,ft,1.805,2
8zyoTaxR,Djokovic N.,Halys Q.,2,2,hc,-6.50,home,ft,2.337,3
8zyoTaxR,Djokovic N.,Halys Q.,2,2,hc,-6.50,away,ft,1.613,3
8zyoTaxR,Djokovic N.,Halys Q.,2,2,hc,-7.00,home,ft,3.345,2
8zyoTaxR,Djokovic N.,Halys Q.,2,2,hc,-7.00,away,ft,1.325,2
8zyoTaxR,Djokovic N.,Halys Q.,2,2,hc,-7.50,home,ft,3.36,2
8zyoTaxR,Djokovic N.,Halys Q.,2,2,hc,-7.50,away,ft,1.32,2
8zyoTaxR,Djokovic N.,Halys Q.,2,2,hc,-8.00,home,ft,6.1,1
8zyoTaxR,Djokovic N.,Halys Q.,2,2,hc,-8.00,away,ft,1.09,1
8zyoTaxR,Djokovic N.,Halys Q.,2,2,hc,-8.50,home,ft,6.6,1
8zyoTaxR,Djokovic N.,Halys Q.,2,2,hc,-8.50,away,ft,1.06,1
8zyoTaxR,Djokovic N.,Halys Q.,2,2,hc,-9.00,home,ft,11.0,1
8zyoTaxR,Djokovic N.,Halys Q.,2,2,hc,-9.50,home,ft,11.5,1
d8HXwNAc,Safiullin R.,Shapovalov D.,0,0,ou,2.50,over,ft,2.24,1
d8HXwNAc,Safiullin R.,Shapovalov D.,0,0,ou,2.50,under,ft,1.7,1
d8HXwNAc,Safiullin R.,Shapovalov D.,0,0,ou,19.50,over,ft,1.23,1
d8HXwNAc,Safiullin R.,Shapovalov D.,0,0,ou,19.50,under,ft,3.6,1
d8HXwNAc,Safiullin R.,Shapovalov D.,0,0,ou,20.00,over,ft,1.26,1
d8HXwNAc,Safiullin R.,Shapovalov D.,0,0,ou,20.00,under,ft,3.42,1
d8HXwNAc,Safiullin R.,Shapovalov D.,0,0,ou,20.50,over,ft,1.395,2
d8HXwNAc,Safiullin R.,Shapovalov D.,0,0,ou,20.50,under,ft,2.87,2
d8HXwNAc,Safiullin R.,Shapovalov D.,0,0,ou,21.00,over,ft,1.33,1
d8HXwNAc,Safiullin R.,Shapovalov D.,0,0,ou,21.00,under,ft,2.98,1
d8HXwNAc,Safiullin R.,Shapovalov D.,0,0,ou,21.50,over,ft,1.583,3
d8HXwNAc,Safiullin R.,Shapovalov D.,0,0,ou,21.50,under,ft,2.343,3
d8HXwNAc,Safiullin R.,Shapovalov D.,0,0,ou,22.00,over,ft,1.595,2
d8HXwNAc,Safiullin R.,Shapovalov D.,0,0,ou,22.00,under,ft,2.345,2
d8HXwNAc,Safiullin R.,Shapovalov D.,0,0,ou,22.50,over,ft,1.767,3
d8HXwNAc,Safiullin R.,Shapovalov D.,0,0,ou,22.50,under,ft,2.047,3
d8HXwNAc,Safiullin R.,Shapovalov D.,0,0,ou,23.00,over,ft,1.8,2
d8HXwNAc,Safiullin R.,Shapovalov D.,0,0,ou,23.00,under,ft,2.035,2
d8HXwNAc,Safiullin R.,Shapovalov D.,0,0,ou,23.50,over,ft,2.043,3
d8HXwNAc,Safiullin R.,Shapovalov D.,0,0,ou,23.50,under,ft,1.817,3
d8HXwNAc,Safiullin R.,Shapovalov D.,0,0,ou,24.00,over,ft,1.96,2
d8HXwNAc,Safiullin R.,Shapovalov D.,0,0,ou,24.00,under,ft,1.86,2
d8HXwNAc,Safiullin R.,Shapovalov D.,0,0,ou,24.50,over,ft,2.043,3
d8HXwNAc,Safiullin R.,Shapovalov D.,0,0,ou,24.50,under,ft,1.77,3
d8HXwNAc,Safiullin R.,Shapovalov D.,0,0,ou,25.00,over,ft,2.04,2
d8HXwNAc,Safiullin R.,Shapovalov D.,0,0,ou,25.00,under,ft,1.77,2
d8HXwNAc,Safiullin R.,Shapovalov D.,0,0,ou,25.50,over,ft,2.2,3
d8HXwNAc,Safiullin R.,Shapovalov D.,0,0,ou,25.50,under,ft,1.667,3
d8HXwNAc,Safiullin R.,Shapovalov D.,0,0,ou,26.00,over,ft,2.31,1
d8HXwNAc,Safiullin R.,Shapovalov D.,0,0,ou,26.00,under,ft,1.53,1
d8HXwNAc,Safiullin R.,Shapovalov D.,0,0,ou,26.50,over,ft,2.575,2
d8HXwNAc,Safiullin R.,Shapovalov D.,0,0,ou,26.50,under,ft,1.465,2
d8HXwNAc,Safiullin R.,Shapovalov D.,0,0,ou,27.00,over,ft,2.41,1
d8HXwNAc,Safiullin R.,Shapovalov D.,0,0,ou,27.00,under,ft,1.48,1
d8HXwNAc,Safiullin R.,Shapovalov D.,0,0,ou,27.50,over,ft,2.92,1
d8HXwNAc,Safiullin R.,Shapovalov D.,0,0,ou,27.50,under,ft,1.41,1
d8HXwNAc,Safiullin R.,Shapovalov D.,0,0,hc,1.50,home,ft,1.647,3
d8HXwNAc,Safiullin R.,Shapovalov D.,0,0,hc,1.50,away,ft,2.293,3
d8HXwNAc,Safiullin R.,Shapovalov D.,0,0,hc,-1.50,home,ft,4.893,3
d8HXwNAc,Safiullin R.,Shapovalov D.,0,0,hc,-1.50,away,ft,1.177,3
d8HXwNAc,Safiullin R.,Shapovalov D.,0,0,hc,0.50,home,ft,2.65,2
d8HXwNAc,Safiullin R.,Shapovalov D.,0,0,hc,0.50,away,ft,1.455,2
d8HXwNAc,Safiullin R.,Shapovalov D.,0,0,hc,-0.50,home,ft,2.91,2
d8HXwNAc,Safiullin R.,Shapovalov D.,0,0,hc,-0.50,away,ft,1.38,2
d8HXwNAc,Safiullin R.,Shapovalov D.,0,0,hc,1.00,home,ft,2.39,2
d8HXwNAc,Safiullin R.,Shapovalov D.,0,0,hc,1.00,away,ft,1.58,2
d8HXwNAc,Safiullin R.,Shapovalov D.,0,0,hc,-1.00,home,ft,3.16,1
d8HXwNAc,Safiullin R.,Shapovalov D.,0,0,hc,-1.00,away,ft,1.29,1
d8HXwNAc,Safiullin R.,Shapovalov D.,0,0,hc,1.50,home,ft,2.31,3
d8HXwNAc,Safiullin R.,Shapovalov D.,0,0,hc,1.50,away,ft,1.627,3
d8HXwNAc,Safiullin R.,Shapovalov D.,0,0,hc,2.00,home,ft,2.0,2
d8HXwNAc,Safiullin R.,Shapovalov D.,0,0,hc,2.00,away,ft,1.77,2
d8HXwNAc,Safiullin R.,Shapovalov D.,0,0,hc,2.50,home,ft,2.017,3
d8HXwNAc,Safiullin R.,Shapovalov D.,0,0,hc,2.50,away,ft,1.86,3
d8HXwNAc,Safiullin R.,Shapovalov D.,0,0,hc,3.00,home,ft,1.635,2
d8HXwNAc,Safiullin R.,Shapovalov D.,0,0,hc,3.00,away,ft,2.21,2
d8HXwNAc,Safiullin R.,Shapovalov D.,0,0,hc,3.50,home,ft,1.637,3
d8HXwNAc,Safiullin R.,Shapovalov D.,0,0,hc,3.50,away,ft,2.263,3
d8HXwNAc,Safiullin R.,Shapovalov D.,0,0,hc,4.00,home,ft,1.45,2
d8HXwNAc,Safiullin R.,Shapovalov D.,0,0,hc,4.00,away,ft,2.68,2
d8HXwNAc,Safiullin R.,Shapovalov D.,0,0,hc,4.50,home,ft,1.35,2
d8HXwNAc,Safiullin R.,Shapovalov D.,0,0,hc,4.50,away,ft,3.1,2
d8HXwNAc,Safiullin R.,Shapovalov D.,0,0,hc,5.00,home,ft,1.14,1
d8HXwNAc,Safiullin R.,Shapovalov D.,0,0,hc,5.00,away,ft,4.74,1
d8HXwNAc,Safiullin R.,Shapovalov D.,0,0,hc,5.50,home,ft,1.11,1
d8HXwNAc,Safiullin R.,Shapovalov D.,0,0,hc,5.50,away,ft,5.2,1
EswObzIN,Giron M.,Popyrin A.,1,1,ou,2.50,over,ft,2.29,1
EswObzIN,Giron M.,Popyrin A.,1,1,ou,2.50,under,ft,1.67,1
EswObzIN,Giron M.,Popyrin A.,1,1,ou,20.50,over,ft,1.375,2
EswObzIN,Giron M.,Popyrin A.,1,1,ou,20.50,under,ft,2.935,2
EswObzIN,Giron M.,Popyrin A.,1,1,ou,21.00,over,ft,1.34,1
EswObzIN,Giron M.,Popyrin A.,1,1,ou,21.00,under,ft,2.95,1
EswObzIN,Giron M.,Popyrin A.,1,1,ou,21.50,over,ft,1.5,2
EswObzIN,Giron M.,Popyrin A.,1,1,ou,21.50,under,ft,2.535,2
EswObzIN,Giron M.,Popyrin A.,1,1,ou,22.00,over,ft,1.55,2
EswObzIN,Giron M.,Popyrin A.,1,1,ou,22.00,under,ft,2.445,2
EswObzIN,Giron M.,Popyrin A.,1,1,ou,22.50,over,ft,1.74,3
EswObzIN,Giron M.,Popyrin A.,1,1,ou,22.50,under,ft,2.11,3
EswObzIN,Giron M.,Popyrin A.,1,1,ou,23.00,over,ft,1.83,2
EswObzIN,Giron M.,Popyrin A.,1,1,ou,23.00,under,ft,1.99,2
EswObzIN,Giron M.,Popyrin A.,1,1,ou,23.50,over,ft,2.003,3
EswObzIN,Giron M.,Popyrin A.,1,1,ou,23.50,under,ft,1.83,3
EswObzIN,Giron M.,Popyrin A.,1,1,ou,24.00,over,ft,1.995,2
EswObzIN,Giron M.,Popyrin A.,1,1,ou,24.00,under,ft,1.83,2
EswObzIN,Giron M.,Popyrin A.,1,1,ou,24.50,over,ft,2.035,2
EswObzIN,Giron M.,Popyrin A.,1,1,ou,24.50,under,ft,1.77,2
EswObzIN,Giron M.,Popyrin A.,1,1,ou,25.00,over,ft,2.03,1
EswObzIN,Giron M.,Popyrin A.,1,1,ou,25.00,under,ft,1.72,1
EswObzIN,Giron M.,Popyrin A.,1,1,ou,25.50,over,ft,2.185,2
EswObzIN,Giron M.,Popyrin A.,1,1,ou,25.50,under,ft,1.655,2
EswObzIN,Giron M.,Popyrin A.,1,1,ou,26.00,over,ft,2.25,1
EswObzIN,Giron M.,Popyrin A.,1,1,ou,26.00,under,ft,1.56,1
EswObzIN,Giron M.,Popyrin A.,1,1,ou,26.50,over,ft,2.45,2
EswObzIN,Giron M.,Popyrin A.,1,1,ou,26.50,under,ft,1.51,2
EswObzIN,Giron M.,Popyrin A.,1,1,ou,27.50,over,ft,2.78,1
EswObzIN,Giron M.,Popyrin A.,1,1,ou,27.50,under,ft,1.45,1
EswObzIN,Giron M.,Popyrin A.,1,1,hc,1.50,home,ft,1.447,3
EswObzIN,Giron M.,Popyrin A.,1,1,hc,1.50,away,ft,2.77,3
EswObzIN,Giron M.,Popyrin A.,1,1,hc,-1.50,home,ft,3.713,3
EswObzIN,Giron M.,Popyrin A.,1,1,hc,-1.50,away,ft,1.277,3
EswObzIN,Giron M.,Popyrin A.,1,1,hc,0,home,ft,1.99,2
EswObzIN,Giron M.,Popyrin A.,1,1,hc,0,away,ft,1.79,2
EswObzIN,Giron M.,Popyrin A.,1,1,hc,0.50,home,ft,2.077,3
EswObzIN,Giron M.,Popyrin A.,1,1,hc,0.50,away,ft,1.763,3
EswObzIN,Giron M.,Popyrin A.,1,1,hc,-0.50,home,ft,2.223,3
EswObzIN,Giron M.,Popyrin A.,1,1,hc,-0.50,away,ft,1.66,3
EswObzIN,Giron M.,Popyrin A.,1,1,hc,1.00,home,ft,2.005,2
EswObzIN,Giron M.,Popyrin A.,1,1,hc,1.00,away,ft,1.815,2
EswObzIN,Giron M.,Popyrin A.,1,1,hc,-1.00,home,ft,2.38,1
EswObzIN,Giron M.,Popyrin A.,1,1,hc,-1.00,away,ft,1.52,1
EswObzIN,Giron M.,Popyrin A.,1,1,hc,1.50,home,ft,1.913,3
EswObzIN,Giron M.,Popyrin A.,1,1,hc,1.50,away,ft,1.93,3
EswObzIN,Giron M.,Popyrin A.,1,1,hc,-1.50,home,ft,2.455,2
EswObzIN,Giron M.,Popyrin A.,1,1,hc,-1.50,away,ft,1.52,2
EswObzIN,Giron M.,Popyrin A.,1,1,hc,2.00,home,ft,1.79,2
EswObzIN,Giron M.,Popyrin A.,1,1,hc,2.00,away,ft,2.035,2
EswObzIN,Giron M.,Popyrin A.,1,1,hc,-2.00,home,ft,2.73,1
EswObzIN,Giron M.,Popyrin A.,1,1,hc,-2.00,away,ft,1.38,1
EswObzIN,Giron M.,Popyrin A.,1,1,hc,2.50,home,ft,1.687,3
EswObzIN,Giron M.,Popyrin A.,1,1,hc,2.50,away,ft,2.187,3
EswObzIN,Giron M.,Popyrin A.,1,1,hc,-2.50,home,ft,2.7,2
EswObzIN,Giron M.,Popyrin A.,1,1,hc,-2.50,away,ft,1.425,2
EswObzIN,Giron M.,Popyrin A.,1,1,hc,3.00,home,ft,1.49,1
EswObzIN,Giron M.,Popyrin A.,1,1,hc,3.00,away,ft,2.48,1
EswObzIN,Giron M.,Popyrin A.,1,1,hc,-3.00,home,ft,3.1,1
EswObzIN,Giron M.,Popyrin A.,1,1,hc,-3.00,away,ft,1.3,1
EswObzIN,Giron M.,Popyrin A.,1,1,hc,3.50,home,ft,1.435,2
EswObzIN,Giron M.,Popyrin A.,1,1,hc,3.50,away,ft,2.725,2
EswObzIN,Giron M.,Popyrin A.,1,1,hc,-3.50,home,ft,2.94,1
EswObzIN,Giron M.,Popyrin A.,1,1,hc,-3.50,away,ft,1.33,1
EswObzIN,Giron M.,Popyrin A.,1,1,hc,4.00,home,ft,1.25,1
EswObzIN,Giron M.,Popyrin A.,1,1,hc,4.00,away,ft,3.5,1
EswObzIN,Giron M.,Popyrin A.,1,1,hc,4.50,home,ft,1.2,1
EswObzIN,Giron M.,Popyrin A.,1,1,hc,4.50,away,ft,3.92,1
4ScM3OiI,Medvedev D.,Kecmanovic M.,2,2,ou,2.50,over,ft,3.12,1
4ScM3OiI,Medvedev D.,Kecmanovic M.,2,2,ou,2.50,under,ft,1.38,1
4ScM3OiI,Medvedev D.,Kecmanovic M.,2,2,ou,16.50,over,ft,1.14,1
4ScM3OiI,Medvedev D.,Kecmanovic M.,2,2,ou,16.50,under,ft,4.74,1
4ScM3OiI,Medvedev D.,Kecmanovic M.,2,2,ou,17.00,over,ft,1.17,1
4ScM3OiI,Medvedev D.,Kecmanovic M.,2,2,ou,17.00,under,ft,4.34,1
4ScM3OiI,Medvedev D.,Kecmanovic M.,2,2,ou,17.50,over,ft,1.25,1
4ScM3OiI,Medvedev D.,Kecmanovic M.,2,2,ou,17.50,under,ft,3.44,1
4ScM3OiI,Medvedev D.,Kecmanovic M.,2,2,ou,18.00,over,ft,1.3,1
4ScM3OiI,Medvedev D.,Kecmanovic M.,2,2,ou,18.00,under,ft,3.16,1
4ScM3OiI,Medvedev D.,Kecmanovic M.,2,2,ou,18.50,over,ft,1.475,2
4ScM3OiI,Medvedev D.,Kecmanovic M.,2,2,ou,18.50,under,ft,2.595,2
4ScM3OiI,Medvedev D.,Kecmanovic M.,2,2,ou,19.00,over,ft,1.545,2
4ScM3OiI,Medvedev D.,Kecmanovic M.,2,2,ou,19.00,under,ft,2.455,2
4ScM3OiI,Medvedev D.,Kecmanovic M.,2,2,ou,19.50,over,ft,1.713,3
4ScM3OiI,Medvedev D.,Kecmanovic M.,2,2,ou,19.50,under,ft,2.143,3
4ScM3OiI,Medvedev D.,Kecmanovic M.,2,2,ou,20.00,over,ft,1.78,2
4ScM3OiI,Medvedev D.,Kecmanovic M.,2,2,ou,20.00,under,ft,2.055,2
4ScM3OiI,Medvedev D.,Kecmanovic M.,2,2,ou,20.50,over,ft,2.01,3
4ScM3OiI,Medvedev D.,Kecmanovic M.,2,2,ou,20.50,under,ft,1.85,3
4ScM3OiI,Medvedev D.,Kecmanovic M.,2,2,ou,21.00,over,ft,2.04,2
4ScM3OiI,Medvedev D.,Kecmanovic M.,2,2,ou,21.00,under,ft,1.795,2
4ScM3OiI,Medvedev D.,Kecmanovic M.,2,2,ou,21.50,over,ft,2.2,3
4ScM3OiI,Medvedev D.,Kecmanovic M.,2,2,ou,21.50,under,ft,1.677,3
4ScM3OiI,Medvedev D.,Kecmanovic M.,2,2,ou,22.00,over,ft,2.29,1
4ScM3OiI,Medvedev D.,Kecmanovic M.,2,2,ou,22.00,under,ft,1.57,1
4ScM3OiI,Medvedev D.,Kecmanovic M.,2,2,ou,22.50,over,ft,2.535,2
4ScM3OiI,Medvedev D.,Kecmanovic M.,2,2,ou,22.50,under,ft,1.495,2
4ScM3OiI,Medvedev D.,Kecmanovic M.,2,2,ou,23.00,over,ft,2.56,1
4ScM3OiI,Medvedev D.,Kecmanovic M.,2,2,ou,23.00,under,ft,1.44,1
4ScM3OiI,Medvedev D.,Kecmanovic M.,2,2,ou,23.50,over,ft,2.795,2
4ScM3OiI,Medvedev D.,Kecmanovic M.,2,2,ou,23.50,under,ft,1.405,2
4ScM3OiI,Medvedev D.,Kecmanovic M.,2,2,hc,0,home,ft,1.1,1
4ScM3OiI,Medvedev D.,Kecmanovic M.,2,2,hc,0,away,ft,5.16,1
4ScM3OiI,Medvedev D.,Kecmanovic M.,2,2,hc,1.50,home,ft,1.057,3
4ScM3OiI,Medvedev D.,Kecmanovic M.,2,2,hc,1.50,away,ft,9.34,3
4ScM3OiI,Medvedev D.,Kecmanovic M.,2,2,hc,-1.50,home,ft,1.527,3
4ScM3OiI,Medvedev D.,Kecmanovic M.,2,2,hc,-1.50,away,ft,2.413,3
4ScM3OiI,Medvedev D.,Kecmanovic M.,2,2,hc,-1.50,home,ft,1.19,1
4ScM3OiI,Medvedev D.,Kecmanovic M.,2,2,hc,-1.50,away,ft,4.0,1
4ScM3OiI,Medvedev D.,Kecmanovic M.,2,2,hc,-2.00,home,ft,1.21,1
4ScM3OiI,Medvedev D.,Kecmanovic M.,2,2,hc,-2.00,away,ft,3.84,1
4ScM3OiI,Medvedev D.,Kecmanovic M.,2,2,hc,-2.50,home,ft,1.27,1
4ScM3OiI,Medvedev D.,Kecmanovic M.,2,2,hc,-2.50,away,ft,3.42,1
4ScM3OiI,Medvedev D.,Kecmanovic M.,2,2,hc,-3.00,home,ft,1.32,1
4ScM3OiI,Medvedev D.,Kecmanovic M.,2,2,hc,-3.00,away,ft,3.16,1
4ScM3OiI,Medvedev D.,Kecmanovic M.,2,2,hc,-3.50,home,ft,1.417,3
4ScM3OiI,Medvedev D.,Kecmanovic M.,2,2,hc,-3.50,away,ft,2.81,3
4ScM3OiI,Medvedev D.,Kecmanovic M.,2,2,hc,-4.00,home,ft,1.575,2
4ScM3OiI,Medvedev D.,Kecmanovic M.,2,2,hc,-4.00,away,ft,2.425,2
4ScM3OiI,Medvedev D.,Kecmanovic M.,2,2,hc,-4.50,home,ft,1.707,3
4ScM3OiI,Medvedev D.,Kecmanovic M.,2,2,hc,-4.50,away,ft,2.187,3
4ScM3OiI,Medvedev D.,Kecmanovic M.,2,2,hc,-5.00,home,ft,2.035,2
4ScM3OiI,Medvedev D.,Kecmanovic M.,2,2,hc,-5.00,away,ft,1.795,2
4ScM3OiI,Medvedev D.,Kecmanovic M.,2,2,hc,-5.50,home,ft,2.207,3
4ScM3OiI,Medvedev D.,Kecmanovic M.,2,2,hc,-5.50,away,ft,1.677,3
4ScM3OiI,Medvedev D.,Kecmanovic M.,2,2,hc,-6.00,home,ft,2.905,2
4ScM3OiI,Medvedev D.,Kecmanovic M.,2,2,hc,-6.00,away,ft,1.41,2
4ScM3OiI,Medvedev D.,Kecmanovic M.,2,2,hc,-6.50,home,ft,3.16,1
4ScM3OiI,Medvedev D.,Kecmanovic M.,2,2,hc,-6.50,away,ft,1.31,1
4ScM3OiI,Medvedev D.,Kecmanovic M.,2,2,hc,-7.00,home,ft,4.6,1
4ScM3OiI,Medvedev D.,Kecmanovic M.,2,2,hc,-7.00,away,ft,1.15,1
4ScM3OiI,Medvedev D.,Kecmanovic M.,2,2,hc,-7.50,home,ft,5.05,1
4ScM3OiI,Medvedev D.,Kecmanovic M.,2,2,hc,-7.50,away,ft,1.12,1
4ScM3OiI,Medvedev D.,Kecmanovic M.,2,2,hc,-8.00,home,ft,7.8,1
4ScM3OiI,Medvedev D.,Kecmanovic M.,2,2,hc,-8.00,away,ft,1.05,1
4ScM3OiI,Medvedev D.,Kecmanovic M.,2,2,hc,-8.50,home,ft,8.2,1
4ScM3OiI,Medvedev D.,Kecmanovic M.,2,2,hc,-8.50,away,ft,1.03,1
OtvgFtpE,Nishioka Y.,McDonald M.,2,2,ou,2.50,over,ft,2.37,1
OtvgFtpE,Nishioka Y.,McDonald M.,2,2,ou,2.50,under,ft,1.63,1
OtvgFtpE,Nishioka Y.,McDonald M.,2,2,ou,19.50,over,ft,1.36,1
OtvgFtpE,Nishioka Y.,McDonald M.,2,2,ou,19.50,under,ft,2.81,1
OtvgFtpE,Nishioka Y.,McDonald M.,2,2,ou,20.00,over,ft,1.41,1
OtvgFtpE,Nishioka Y.,McDonald M.,2,2,ou,20.00,under,ft,2.66,1
OtvgFtpE,Nishioka Y.,McDonald M.,2,2,ou,20.50,over,ft,1.535,2
OtvgFtpE,Nishioka Y.,McDonald M.,2,2,ou,20.50,under,ft,2.43,2
OtvgFtpE,Nishioka Y.,McDonald M.,2,2,ou,21.00,over,ft,1.64,2
OtvgFtpE,Nishioka Y.,McDonald M.,2,2,ou,21.00,under,ft,2.24,2
OtvgFtpE,Nishioka Y.,McDonald M.,2,2,ou,21.50,over,ft,1.723,3
OtvgFtpE,Nishioka Y.,McDonald M.,2,2,ou,21.50,under,ft,2.137,3
OtvgFtpE,Nishioka Y.,McDonald M.,2,2,ou,22.00,over,ft,1.86,2
OtvgFtpE,Nishioka Y.,McDonald M.,2,2,ou,22.00,under,ft,1.96,2
OtvgFtpE,Nishioka Y.,McDonald M.,2,2,ou,22.50,over,ft,1.963,3
OtvgFtpE,Nishioka Y.,McDonald M.,2,2,ou,22.50,under,ft,1.863,3
OtvgFtpE,Nishioka Y.,McDonald M.,2,2,ou,23.00,over,ft,2.115,2
OtvgFtpE,Nishioka Y.,McDonald M.,2,2,ou,23.00,under,ft,1.735,2
OtvgFtpE,Nishioka Y.,McDonald M.,2,2,ou,23.50,over,ft,2.165,2
OtvgFtpE,Nishioka Y.,McDonald M.,2,2,ou,23.50,under,ft,1.68,2
OtvgFtpE,Nishioka Y.,McDonald M.,2,2,ou,24.00,over,ft,2.21,1
OtvgFtpE,Nishioka Y.,McDonald M.,2,2,ou,24.00,under,ft,1.61,1
OtvgFtpE,Nishioka Y.,McDonald M.,2,2,ou,24.50,over,ft,2.235,2
OtvgFtpE,Nishioka Y.,McDonald M.,2,2,ou,24.50,under,ft,1.625,2
OtvgFtpE,Nishioka Y.,McDonald M.,2,2,ou,25.00,over,ft,2.36,1
OtvgFtpE,Nishioka Y.,McDonald M.,2,2,ou,25.00,under,ft,1.51,1
OtvgFtpE,Nishioka Y.,McDonald M.,2,2,ou,25.50,over,ft,2.435,2
OtvgFtpE,Nishioka Y.,McDonald M.,2,2,ou,25.50,under,ft,1.52,2
OtvgFtpE,Nishioka Y.,McDonald M.,2,2,ou,26.50,over,ft,2.73,1
OtvgFtpE,Nishioka Y.,McDonald M.,2,2,ou,26.50,under,ft,1.46,1
OtvgFtpE,Nishioka Y.,McDonald M.,2,2,hc,0,home,ft,1.58,1
OtvgFtpE,Nishioka Y.,McDonald M.,2,2,hc,0,away,ft,2.28,1
OtvgFtpE,Nishioka Y.,McDonald M.,2,2,hc,1.50,home,ft,1.25,3
OtvgFtpE,Nishioka Y.,McDonald M.,2,2,hc,1.50,away,ft,3.96,3
OtvgFtpE,Nishioka Y.,McDonald M.,2,2,hc,-1.50,home,ft,2.48,3
OtvgFtpE,Nishioka Y.,McDonald M.,2,2,hc,-1.50,away,ft,1.52,3
OtvgFtpE,Nishioka Y.,McDonald M.,2,2,hc,0.50,home,ft,1.54,2
OtvgFtpE,Nishioka Y.,McDonald M.,2,2,hc,0.50,away,ft,2.41,2
OtvgFtpE,Nishioka Y.,McDonald M.,2,2,hc,-0.50,home,ft,1.677,3
OtvgFtpE,Nishioka Y.,McDonald M.,2,2,hc,-0.50,away,ft,2.193,3
OtvgFtpE,Nishioka Y.,McDonald M.,2,2,hc,1.00,home,ft,1.41,1
OtvgFtpE,Nishioka Y.,McDonald M.,2,2,hc,1.00,away,ft,2.62,1
OtvgFtpE,Nishioka Y.,McDonald M.,2,2,hc,-1.00,home,ft,1.695,2
OtvgFtpE,Nishioka Y.,McDonald M.,2,2,hc,-1.00,away,ft,2.165,2
OtvgFtpE,Nishioka Y.,McDonald M.,2,2,hc,1.50,home,ft,1.51,1
OtvgFtpE,Nishioka Y.,McDonald M.,2,2,hc,1.50,away,ft,2.59,1
OtvgFtpE,Nishioka Y.,McDonald M.,2,2,hc,-1.50,home,ft,1.787,3
OtvgFtpE,Nishioka Y.,McDonald M.,2,2,hc,-1.50,away,ft,2.05,3
OtvgFtpE,Nishioka Y.,McDonald M.,2,2,hc,-2.00,home,ft,1.85,2
OtvgFtpE,Nishioka Y.,McDonald M.,2,2,hc,-2.00,away,ft,1.975,2
OtvgFtpE,Nishioka Y.,McDonald M.,2,2,hc,2.50,home,ft,1.42,1
OtvgFtpE,Nishioka Y.,McDonald M.,2,2,hc,2.50,away,ft,2.88,1
OtvgFtpE,Nishioka Y.,McDonald M.,2,2,hc,-2.50,home,ft,2.007,3
OtvgFtpE,Nishioka Y.,McDonald M.,2,2,hc,-2.50,away,ft,1.817,3
OtvgFtpE,Nishioka Y.,McDonald M.,2,2,hc,-3.00,home,ft,2.12,2
OtvgFtpE,Nishioka Y.,McDonald M.,2,2,hc,-3.00,away,ft,1.74,2
OtvgFtpE,Nishioka Y.,McDonald M.,2,2,hc,-3.50,home,ft,2.287,3
OtvgFtpE,Nishioka Y.,McDonald M.,2,2,hc,-3.50,away,ft,1.637,3
OtvgFtpE,Nishioka Y.,McDonald M.,2,2,hc,-4.00,home,ft,2.48,1
OtvgFtpE,Nishioka Y.,McDonald M.,2,2,hc,-4.00,away,ft,1.49,1
OtvgFtpE,Nishioka Y.,McDonald M.,2,2,hc,-4.50,home,ft,2.74,1
OtvgFtpE,Nishioka Y.,McDonald M.,2,2,hc,-4.50,away,ft,1.4,1
OtvgFtpE,Nishioka Y.,McDonald M.,2,2,hc,-5.00,home,ft,3.42,1
OtvgFtpE,Nishioka Y.,McDonald M.,2,2,hc,-5.00,away,ft,1.26,1
OtvgFtpE,Nishioka Y.,McDonald M.,2,2,hc,-5.50,home,ft,3.68,1
OtvgFtpE,Nishioka Y.,McDonald M.,2,2,hc,-5.50,away,ft,1.22,1
WC8GHBXc,Draper J.,Khachanov K.,0,0,ou,2.50,over,ft,2.29,1
WC8GHBXc,Draper J.,Khachanov K.,0,0,ou,2.50,under,ft,1.67,1
WC8GHBXc,Draper J.,Khachanov K.,0,0,ou,19.50,over,ft,1.25,1
WC8GHBXc,Draper J.,Khachanov K.,0,0,ou,19.50,under,ft,3.44,1
WC8GHBXc,Draper J.,Khachanov K.,0,0,ou,20.00,over,ft,1.29,1
WC8GHBXc,Draper J.,Khachanov K.,0,0,ou,20.00,under,ft,3.24,1
WC8GHBXc,Draper J.,Khachanov K.,0,0,ou,20.50,over,ft,1.41,2
WC8GHBXc,Draper J.,Khachanov K.,0,0,ou,20.50,under,ft,2.775,2
WC8GHBXc,Draper J.,Khachanov K.,0,0,ou,21.00,over,ft,1.4,1
WC8GHBXc,Draper J.,Khachanov K.,0,0,ou,21.00,under,ft,2.69,1
WC8GHBXc,Draper J.,Khachanov K.,0,0,ou,21.50,over,ft,1.54,2
WC8GHBXc,Draper J.,Khachanov K.,0,0,ou,21.50,under,ft,2.415,2
WC8GHBXc,Draper J.,Khachanov K.,0,0,ou,22.00,over,ft,1.62,2
WC8GHBXc,Draper J.,Khachanov K.,0,0,ou,22.00,under,ft,2.28,2
WC8GHBXc,Draper J.,Khachanov K.,0,0,ou,22.50,over,ft,1.79,3
WC8GHBXc,Draper J.,Khachanov K.,0,0,ou,22.50,under,ft,2.043,3
WC8GHBXc,Draper J.,Khachanov K.,0,0,ou,23.00,over,ft,1.9,2
WC8GHBXc,Draper J.,Khachanov K.,0,0,ou,23.00,under,ft,1.915,2
WC8GHBXc,Draper J.,Khachanov K.,0,0,ou,23.50,over,ft,2.027,3
WC8GHBXc,Draper J.,Khachanov K.,0,0,ou,23.50,under,ft,1.823,3
WC8GHBXc,Draper J.,Khachanov K.,0,0,ou,24.00,over,ft,2.07,2
WC8GHBXc,Draper J.,Khachanov K.,0,0,ou,24.00,under,ft,1.77,2
WC8GHBXc,Draper J.,Khachanov K.,0,0,ou,24.50,over,ft,2.08,2
WC8GHBXc,Draper J.,Khachanov K.,0,0,ou,24.50,under,ft,1.74,2
WC8GHBXc,Draper J.,Khachanov K.,0,0,ou,25.00,over,ft,2.12,1
WC8GHBXc,Draper J.,Khachanov K.,0,0,ou,25.00,under,ft,1.66,1
WC8GHBXc,Draper J.,Khachanov K.,0,0,ou,25.50,over,ft,2.235,2
WC8GHBXc,Draper J.,Khachanov K.,0,0,ou,25.50,under,ft,1.625,2
WC8GHBXc,Draper J.,Khachanov K.,0,0,ou,26.00,over,ft,2.34,1
WC8GHBXc,Draper J.,Khachanov K.,0,0,ou,26.00,under,ft,1.52,1
WC8GHBXc,Draper J.,Khachanov K.,0,0,ou,26.50,over,ft,2.515,2
WC8GHBXc,Draper J.,Khachanov K.,0,0,ou,26.50,under,ft,1.49,2
WC8GHBXc,Draper J.,Khachanov K.,0,0,ou,27.50,over,ft,2.82,1
WC8GHBXc,Draper J.,Khachanov K.,0,0,ou,27.50,under,ft,1.44,1
WC8GHBXc,Draper J.,Khachanov K.,0,0,hc,0,home,ft,1.65,1
WC8GHBXc,Draper J.,Khachanov K.,0,0,hc,0,away,ft,2.17,1
WC8GHBXc,Draper J.,Khachanov K.,0,0,hc,1.50,home,ft,1.263,3
WC8GHBXc,Draper J.,Khachanov K.,0,0,hc,1.50,away,ft,3.843,3
WC8GHBXc,Draper J.,Khachanov K.,0,0,hc,-1.50,home,ft,2.693,3
WC8GHBXc,Draper J.,Khachanov K.,0,0,hc,-1.50,away,ft,1.47,3
WC8GHBXc,Draper J.,Khachanov K.,0,0,hc,0,home,ft,1.69,2
WC8GHBXc,Draper J.,Khachanov K.,0,0,hc,0,away,ft,2.12,2
WC8GHBXc,Draper J.,Khachanov K.,0,0,hc,0.50,home,ft,1.673,3
WC8GHBXc,Draper J.,Khachanov K.,0,0,hc,0.50,away,ft,2.187,3
WC8GHBXc,Draper J.,Khachanov K.,0,0,hc,-0.50,home,ft,1.753,3
WC8GHBXc,Draper J.,Khachanov K.,0,0,hc,-0.50,away,ft,2.033,3
WC8GHBXc,Draper J.,Khachanov K.,0,0,hc,1.00,home,ft,1.595,2
WC8GHBXc,Draper J.,Khachanov K.,0,0,hc,1.00,away,ft,2.315,2
WC8GHBXc,Draper J.,Khachanov K.,0,0,hc,-1.00,home,ft,1.68,2
WC8GHBXc,Draper J.,Khachanov K.,0,0,hc,-1.00,away,ft,2.13,2
WC8GHBXc,Draper J.,Khachanov K.,0,0,hc,1.50,home,ft,1.603,3
WC8GHBXc,Draper J.,Khachanov K.,0,0,hc,1.50,away,ft,2.33,3
WC8GHBXc,Draper J.,Khachanov K.,0,0,hc,-1.50,home,ft,1.89,3
WC8GHBXc,Draper J.,Khachanov K.,0,0,hc,-1.50,away,ft,1.963,3
WC8GHBXc,Draper J.,Khachanov K.,0,0,hc,2.00,home,ft,1.535,2
WC8GHBXc,Draper J.,Khachanov K.,0,0,hc,2.00,away,ft,2.52,2
WC8GHBXc,Draper J.,Khachanov K.,0,0,hc,-2.00,home,ft,1.865,2
WC8GHBXc,Draper J.,Khachanov K.,0,0,hc,-2.00,away,ft,1.9,2
WC8GHBXc,Draper J.,Khachanov K.,0,0,hc,2.50,home,ft,1.47,2
WC8GHBXc,Draper J.,Khachanov K.,0,0,hc,2.50,away,ft,2.56,2
WC8GHBXc,Draper J.,Khachanov K.,0,0,hc,-2.50,home,ft,2.093,3
WC8GHBXc,Draper J.,Khachanov K.,0,0,hc,-2.50,away,ft,1.733,3
WC8GHBXc,Draper J.,Khachanov K.,0,0,hc,3.00,home,ft,1.34,1
WC8GHBXc,Draper J.,Khachanov K.,0,0,hc,3.00,away,ft,2.9,1
WC8GHBXc,Draper J.,Khachanov K.,0,0,hc,-3.00,home,ft,2.26,2
WC8GHBXc,Draper J.,Khachanov K.,0,0,hc,-3.00,away,ft,1.61,2
WC8GHBXc,Draper J.,Khachanov K.,0,0,hc,3.50,home,ft,1.34,1
WC8GHBXc,Draper J.,Khachanov K.,0,0,hc,3.50,away,ft,2.9,1
WC8GHBXc,Draper J.,Khachanov K.,0,0,hc,-3.50,home,ft,2.62,2
WC8GHBXc,Draper J.,Khachanov K.,0,0,hc,-3.50,away,ft,1.455,2
WC8GHBXc,Draper J.,Khachanov K.,0,0,hc,-4.00,home,ft,3.03,1
WC8GHBXc,Draper J.,Khachanov K.,0,0,hc,-4.00,away,ft,1.31,1
WC8GHBXc,Draper J.,Khachanov K.,0,0,hc,-4.50,home,ft,3.34,1
WC8GHBXc,Draper J.,Khachanov K.,0,0,hc,-4.50,away,ft,1.26,1
WC8GHBXc,Draper J.,Khachanov K.,0,0,hc,-5.00,home,ft,4.76,1
WC8GHBXc,Draper J.,Khachanov K.,0,0,hc,-5.00,away,ft,1.13,1
WC8GHBXc,Draper J.,Khachanov K.,0,0,hc,-5.50,home,ft,5.15,1
WC8GHBXc,Draper J.,Khachanov K.,0,0,hc,-5.50,away,ft,1.11,1
44otA92t,Murray A.,Korda S.,0,0,ou,2.50,over,ft,2.41,1
44otA92t,Murray A.,Korda S.,0,0,ou,2.50,under,ft,1.6,1
44otA92t,Murray A.,Korda S.,0,0,ou,19.50,over,ft,1.39,2
44otA92t,Murray A.,Korda S.,0,0,ou,19.50,under,ft,2.845,2
44otA92t,Murray A.,Korda S.,0,0,ou,20.00,over,ft,1.41,1
44otA92t,Murray A.,Korda S.,0,0,ou,20.00,under,ft,2.66,1
44otA92t,Murray A.,Korda S.,0,0,ou,20.50,over,ft,1.56,2
44otA92t,Murray A.,Korda S.,0,0,ou,20.50,under,ft,2.37,2
44otA92t,Murray A.,Korda S.,0,0,ou,21.00,over,ft,1.625,2
44otA92t,Murray A.,Korda S.,0,0,ou,21.00,under,ft,2.27,2
44otA92t,Murray A.,Korda S.,0,0,ou,21.50,over,ft,1.733,3
44otA92t,Murray A.,Korda S.,0,0,ou,21.50,under,ft,2.11,3
44otA92t,Murray A.,Korda S.,0,0,ou,22.00,over,ft,1.845,2
44otA92t,Murray A.,Korda S.,0,0,ou,22.00,under,ft,1.97,2
44otA92t,Murray A.,Korda S.,0,0,ou,22.50,over,ft,1.953,3
44otA92t,Murray A.,Korda S.,0,0,ou,22.50,under,ft,1.887,3
44otA92t,Murray A.,Korda S.,0,0,ou,23.00,over,ft,2.105,2
44otA92t,Murray A.,Korda S.,0,0,ou,23.00,under,ft,1.735,2
44otA92t,Murray A.,Korda S.,0,0,ou,23.50,over,ft,2.213,3
44otA92t,Murray A.,Korda S.,0,0,ou,23.50,under,ft,1.67,3
44otA92t,Murray A.,Korda S.,0,0,ou,24.00,over,ft,2.21,1
44otA92t,Murray A.,Korda S.,0,0,ou,24.00,under,ft,1.61,1
44otA92t,Murray A.,Korda S.,0,0,ou,24.50,over,ft,2.275,2
44otA92t,Murray A.,Korda S.,0,0,ou,24.50,under,ft,1.605,2
44otA92t,Murray A.,Korda S.,0,0,ou,25.00,over,ft,2.34,1
44otA92t,Murray A.,Korda S.,0,0,ou,25.00,under,ft,1.52,1
44otA92t,Murray A.,Korda S.,0,0,ou,25.50,over,ft,2.48,2
44otA92t,Murray A.,Korda S.,0,0,ou,25.50,under,ft,1.5,2
44otA92t,Murray A.,Korda S.,0,0,ou,26.50,over,ft,2.85,1
44otA92t,Murray A.,Korda S.,0,0,ou,26.50,under,ft,1.43,1
44otA92t,Murray A.,Korda S.,0,0,hc,0,home,ft,2.28,1
44otA92t,Murray A.,Korda S.,0,0,hc,0,away,ft,1.58,1
44otA92t,Murray A.,Korda S.,0,0,hc,1.50,home,ft,1.567,3
44otA92t,Murray A.,Korda S.,0,0,hc,1.50,away,ft,2.4,3
44otA92t,Murray A.,Korda S.,0,0,hc,-1.50,home,ft,4.177,3
44otA92t,Murray A.,Korda S.,0,0,hc,-1.50,away,ft,1.227,3
44otA92t,Murray A.,Korda S.,0,0,hc,0.50,home,ft,2.36,2
44otA92t,Murray A.,Korda S.,0,0,hc,0.50,away,ft,1.565,2
44otA92t,Murray A.,Korda S.,0,0,hc,-0.50,home,ft,2.56,2
44otA92t,Murray A.,Korda S.,0,0,hc,-0.50,away,ft,1.48,2
44otA92t,Murray A.,Korda S.,0,0,hc,1.00,home,ft,2.185,2
44otA92t,Murray A.,Korda S.,0,0,hc,1.00,away,ft,1.67,2
44otA92t,Murray A.,Korda S.,0,0,hc,-1.00,home,ft,2.55,1
44otA92t,Murray A.,Korda S.,0,0,hc,-1.00,away,ft,1.43,1
44otA92t,Murray A.,Korda S.,0,0,hc,1.50,home,ft,2.187,3
44otA92t,Murray A.,Korda S.,0,0,hc,1.50,away,ft,1.683,3
44otA92t,Murray A.,Korda S.,0,0,hc,-1.50,home,ft,2.93,1
44otA92t,Murray A.,Korda S.,0,0,hc,-1.50,away,ft,1.41,1
44otA92t,Murray A.,Korda S.,0,0,hc,2.00,home,ft,2.05,2
44otA92t,Murray A.,Korda S.,0,0,hc,2.00,away,ft,1.775,2
44otA92t,Murray A.,Korda S.,0,0,hc,2.50,home,ft,1.953,3
44otA92t,Murray A.,Korda S.,0,0,hc,2.50,away,ft,1.883,3
44otA92t,Murray A.,Korda S.,0,0,hc,-2.50,home,ft,2.94,1
44otA92t,Murray A.,Korda S.,0,0,hc,-2.50,away,ft,1.41,1
44otA92t,Murray A.,Korda S.,0,0,hc,3.00,home,ft,1.785,2
44otA92t,Murray A.,Korda S.,0,0,hc,3.00,away,ft,2.03,2
44otA92t,Murray A.,Korda S.,0,0,hc,3.50,home,ft,1.697,3
44otA92t,Murray A.,Korda S.,0,0,hc,3.50,away,ft,2.163,3
44otA92t,Murray A.,Korda S.,0,0,hc,4.00,home,ft,1.48,1
44otA92t,Murray A.,Korda S.,0,0,hc,4.00,away,ft,2.51,1
44otA92t,Murray A.,Korda S.,0,0,hc,4.50,home,ft,1.44,2
44otA92t,Murray A.,Korda S.,0,0,hc,4.50,away,ft,2.7,2
44otA92t,Murray A.,Korda S.,0,0,hc,5.00,home,ft,1.26,1
44otA92t,Murray A.,Korda S.,0,0,hc,5.00,away,ft,3.42,1
44otA92t,Murray A.,Korda S.,0,0,hc,5.50,home,ft,1.21,1
44otA92t,Murray A.,Korda S.,0,0,hc,5.50,away,ft,3.78,1
44otA92t,Murray A.,Korda S.,0,0,hc,6.00,home,ft,1.13,1
44otA92t,Murray A.,Korda S.,0,0,hc,6.00,away,ft,5.0,1
44otA92t,Murray A.,Korda S.,0,0,hc,6.50,home,ft,1.1,1
44otA92t,Murray A.,Korda S.,0,0,hc,6.50,away,ft,5.35,1
MPiNglIa,Bautista-Agut R.,Rublev A.,2,2,ou,2.50,over,ft,2.48,1
MPiNglIa,Bautista-Agut R.,Rublev A.,2,2,ou,2.50,under,ft,1.57,1
MPiNglIa,Bautista-Agut R.,Rublev A.,2,2,ou,19.50,over,ft,1.3,1
MPiNglIa,Bautista-Agut R.,Rublev A.,2,2,ou,19.50,under,ft,3.1,1
MPiNglIa,Bautista-Agut R.,Rublev A.,2,2,ou,20.00,over,ft,1.34,1
MPiNglIa,Bautista-Agut R.,Rublev A.,2,2,ou,20.00,under,ft,2.95,1
MPiNglIa,Bautista-Agut R.,Rublev A.,2,2,ou,20.50,over,ft,1.49,2
MPiNglIa,Bautista-Agut R.,Rublev A.,2,2,ou,20.50,under,ft,2.545,2
MPiNglIa,Bautista-Agut R.,Rublev A.,2,2,ou,21.00,over,ft,1.52,1
MPiNglIa,Bautista-Agut R.,Rublev A.,2,2,ou,21.00,under,ft,2.4,1
MPiNglIa,Bautista-Agut R.,Rublev A.,2,2,ou,21.50,over,ft,1.643,3
MPiNglIa,Bautista-Agut R.,Rublev A.,2,2,ou,21.50,under,ft,2.253,3
MPiNglIa,Bautista-Agut R.,Rublev A.,2,2,ou,22.00,over,ft,1.75,2
MPiNglIa,Bautista-Agut R.,Rublev A.,2,2,ou,22.00,under,ft,2.085,2
MPiNglIa,Bautista-Agut R.,Rublev A.,2,2,ou,22.50,over,ft,1.917,3
MPiNglIa,Bautista-Agut R.,Rublev A.,2,2,ou,22.50,under,ft,1.903,3
MPiNglIa,Bautista-Agut R.,Rublev A.,2,2,ou,23.00,over,ft,2.045,2
MPiNglIa,Bautista-Agut R.,Rublev A.,2,2,ou,23.00,under,ft,1.78,2
MPiNglIa,Bautista-Agut R.,Rublev A.,2,2,ou,23.50,over,ft,2.18,3
MPiNglIa,Bautista-Agut R.,Rublev A.,2,2,ou,23.50,under,ft,1.687,3
MPiNglIa,Bautista-Agut R.,Rublev A.,2,2,ou,24.00,over,ft,2.14,1
MPiNglIa,Bautista-Agut R.,Rublev A.,2,2,ou,24.00,under,ft,1.65,1
MPiNglIa,Bautista-Agut R.,Rublev A.,2,2,ou,24.50,over,ft,2.2,2
MPiNglIa,Bautista-Agut R.,Rublev A.,2,2,ou,24.50,under,ft,1.645,2
MPiNglIa,Bautista-Agut R.,Rublev A.,2,2,ou,25.00,over,ft,2.25,1
MPiNglIa,Bautista-Agut R.,Rublev A.,2,2,ou,25.00,under,ft,1.56,1
MPiNglIa,Bautista-Agut R.,Rublev A.,2,2,ou,25.50,over,ft,2.38,2
MPiNglIa,Bautista-Agut R.,Rublev A.,2,2,ou,25.50,under,ft,1.54,2
MPiNglIa,Bautista-Agut R.,Rublev A.,2,2,ou,26.50,over,ft,2.73,1
MPiNglIa,Bautista-Agut R.,Rublev A.,2,2,ou,26.50,under,ft,1.46,1
MPiNglIa,Bautista-Agut R.,Rublev A.,2,2,ou,27.50,over,ft,2.88,1
MPiNglIa,Bautista-Agut R.,Rublev A.,2,2,ou,27.50,under,ft,1.42,1
MPiNglIa,Bautista-Agut R.,Rublev A.,2,2,hc,0,home,ft,2.58,1
MPiNglIa,Bautista-Agut R.,Rublev A.,2,2,hc,0,away,ft,1.43,1
MPiNglIa,Bautista-Agut R.,Rublev A.,2,2,hc,1.50,home,ft,1.64,3
MPiNglIa,Bautista-Agut R.,Rublev A.,2,2,hc,1.50,away,ft,2.19,3
MPiNglIa,Bautista-Agut R.,Rublev A.,2,2,hc,-1.50,home,ft,4.873,3
MPiNglIa,Bautista-Agut R.,Rublev A.,2,2,hc,-1.50,away,ft,1.177,3
MPiNglIa,Bautista-Agut R.,Rublev A.,2,2,hc,0.50,home,ft,2.665,2
MPiNglIa,Bautista-Agut R.,Rublev A.,2,2,hc,0.50,away,ft,1.45,2
MPiNglIa,Bautista-Agut R.,Rublev A.,2,2,hc,-0.50,home,ft,2.795,2
MPiNglIa,Bautista-Agut R.,Rublev A.,2,2,hc,-0.50,away,ft,1.41,2
MPiNglIa,Bautista-Agut R.,Rublev A.,2,2,hc,1.00,home,ft,2.48,1
MPiNglIa,Bautista-Agut R.,Rublev A.,2,2,hc,1.00,away,ft,1.49,1
MPiNglIa,Bautista-Agut R.,Rublev A.,2,2,hc,-1.00,home,ft,2.99,1
MPiNglIa,Bautista-Agut R.,Rublev A.,2,2,hc,-1.00,away,ft,1.32,1
MPiNglIa,Bautista-Agut R.,Rublev A.,2,2,hc,1.50,home,ft,2.383,3
MPiNglIa,Bautista-Agut R.,Rublev A.,2,2,hc,1.50,away,ft,1.583,3
MPiNglIa,Bautista-Agut R.,Rublev A.,2,2,hc,2.00,home,ft,2.24,2
MPiNglIa,Bautista-Agut R.,Rublev A.,2,2,hc,2.00,away,ft,1.65,2
MPiNglIa,Bautista-Agut R.,Rublev A.,2,2,hc,2.50,home,ft,2.117,3
MPiNglIa,Bautista-Agut R.,Rublev A.,2,2,hc,2.50,away,ft,1.737,3
MPiNglIa,Bautista-Agut R.,Rublev A.,2,2,hc,3.00,home,ft,1.885,2
MPiNglIa,Bautista-Agut R.,Rublev A.,2,2,hc,3.00,away,ft,1.925,2
MPiNglIa,Bautista-Agut R.,Rublev A.,2,2,hc,3.50,home,ft,1.75,3
MPiNglIa,Bautista-Agut R.,Rublev A.,2,2,hc,3.50,away,ft,2.093,3
MPiNglIa,Bautista-Agut R.,Rublev A.,2,2,hc,4.00,home,ft,1.515,2
MPiNglIa,Bautista-Agut R.,Rublev A.,2,2,hc,4.00,away,ft,2.53,2
MPiNglIa,Bautista-Agut R.,Rublev A.,2,2,hc,4.50,home,ft,1.44,2
MPiNglIa,Bautista-Agut R.,Rublev A.,2,2,hc,4.50,away,ft,2.7,2
MPiNglIa,Bautista-Agut R.,Rublev A.,2,2,hc,5.00,home,ft,1.25,1
MPiNglIa,Bautista-Agut R.,Rublev A.,2,2,hc,5.00,away,ft,3.5,1
MPiNglIa,Bautista-Agut R.,Rublev A.,2,2,hc,5.50,home,ft,1.2,1
MPiNglIa,Bautista-Agut R.,Rublev A.,2,2,hc,5.50,away,ft,3.92,1
29KEWKm7,Hijikata R.,Shapovalov D.,1,1,ou,2.50,over,ft,2.7,1
29KEWKm7,Hijikata R.,Shapovalov D.,1,1,ou,2.50,under,ft,1.49,1
29KEWKm7,Hijikata R.,Shapovalov D.,1,1,ou,18.50,over,ft,1.28,1
29KEWKm7,Hijikata R.,Shapovalov D.,1,1,ou,18.50,under,ft,3.22,1
29KEWKm7,Hijikata R.,Shapovalov D.,1,1,ou,19.00,over,ft,1.32,1
29KEWKm7,Hijikata R.,Shapovalov D.,1,1,ou,19.00,under,ft,3.05,1
29KEWKm7,Hijikata R.,Shapovalov D.,1,1,ou,19.50,over,ft,1.49,2
29KEWKm7,Hijikata R.,Shapovalov D.,1,1,ou,19.50,under,ft,2.555,2
29KEWKm7,Hijikata R.,Shapovalov D.,1,1,ou,20.00,over,ft,1.58,2
29KEWKm7,Hijikata R.,Shapovalov D.,1,1,ou,20.00,under,ft,2.365,2
29KEWKm7,Hijikata R.,Shapovalov D.,1,1,ou,20.50,over,ft,1.713,3
29KEWKm7,Hijikata R.,Shapovalov D.,1,1,ou,20.50,under,ft,2.143,3
29KEWKm7,Hijikata R.,Shapovalov D.,1,1,ou,21.00,over,ft,1.765,2
29KEWKm7,Hijikata R.,Shapovalov D.,1,1,ou,21.00,under,ft,2.06,2
29KEWKm7,Hijikata R.,Shapovalov D.,1,1,ou,21.50,over,ft,1.907,3
29KEWKm7,Hijikata R.,Shapovalov D.,1,1,ou,21.50,under,ft,1.917,3
29KEWKm7,Hijikata R.,Shapovalov D.,1,1,ou,22.00,over,ft,2.015,2
29KEWKm7,Hijikata R.,Shapovalov D.,1,1,ou,22.00,under,ft,1.8,2
29KEWKm7,Hijikata R.,Shapovalov D.,1,1,ou,22.50,over,ft,2.207,3
29KEWKm7,Hijikata R.,Shapovalov D.,1,1,ou,22.50,under,ft,1.673,3
29KEWKm7,Hijikata R.,Shapovalov D.,1,1,ou,23.00,over,ft,2.25,1
29KEWKm7,Hijikata R.,Shapovalov D.,1,1,ou,23.00,under,ft,1.59,1
29KEWKm7,Hijikata R.,Shapovalov D.,1,1,ou,23.50,over,ft,2.44,2
29KEWKm7,Hijikata R.,Shapovalov D.,1,1,ou,23.50,under,ft,1.53,2
29KEWKm7,Hijikata R.,Shapovalov D.,1,1,ou,24.00,over,ft,2.39,1
29KEWKm7,Hijikata R.,Shapovalov D.,1,1,ou,24.00,under,ft,1.5,1
29KEWKm7,Hijikata R.,Shapovalov D.,1,1,ou,24.50,over,ft,2.52,2
29KEWKm7,Hijikata R.,Shapovalov D.,1,1,ou,24.50,under,ft,1.485,2
29KEWKm7,Hijikata R.,Shapovalov D.,1,1,ou,25.50,over,ft,2.88,1
29KEWKm7,Hijikata R.,Shapovalov D.,1,1,ou,25.50,under,ft,1.42,1
29KEWKm7,Hijikata R.,Shapovalov D.,1,1,hc,0,home,ft,3.32,1
29KEWKm7,Hijikata R.,Shapovalov D.,1,1,hc,0,away,ft,1.23,1
29KEWKm7,Hijikata R.,Shapovalov D.,1,1,hc,1.50,home,ft,2.03,3
29KEWKm7,Hijikata R.,Shapovalov D.,1,1,hc,1.50,away,ft,1.793,3
29KEWKm7,Hijikata R.,Shapovalov D.,1,1,hc,-1.50,home,ft,6.82,3
29KEWKm7,Hijikata R.,Shapovalov D.,1,1,hc,-1.50,away,ft,1.103,3
29KEWKm7,Hijikata R.,Shapovalov D.,1,1,hc,1.50,home,ft,3.05,1
29KEWKm7,Hijikata R.,Shapovalov D.,1,1,hc,1.50,away,ft,1.31,1
29KEWKm7,Hijikata R.,Shapovalov D.,1,1,hc,2.00,home,ft,2.9,1
29KEWKm7,Hijikata R.,Shapovalov D.,1,1,hc,2.00,away,ft,1.35,1
29KEWKm7,Hijikata R.,Shapovalov D.,1,1,hc,2.50,home,ft,2.775,2
29KEWKm7,Hijikata R.,Shapovalov D.,1,1,hc,2.50,away,ft,1.42,2
29KEWKm7,Hijikata R.,Shapovalov D.,1,1,hc,3.00,home,ft,2.445,2
29KEWKm7,Hijikata R.,Shapovalov D.,1,1,hc,3.00,away,ft,1.54,2
29KEWKm7,Hijikata R.,Shapovalov D.,1,1,hc,3.50,home,ft,2.223,3
29KEWKm7,Hijikata R.,Shapovalov D.,1,1,hc,3.50,away,ft,1.67,3
29KEWKm7,Hijikata R.,Shapovalov D.,1,1,hc,4.00,home,ft,1.895,2
29KEWKm7,Hijikata R.,Shapovalov D.,1,1,hc,4.00,away,ft,1.915,2
29KEWKm7,Hijikata R.,Shapovalov D.,1,1,hc,4.50,home,ft,1.743,3
29KEWKm7,Hijikata R.,Shapovalov D.,1,1,hc,4.50,away,ft,2.123,3
29KEWKm7,Hijikata R.,Shapovalov D.,1,1,hc,5.00,home,ft,1.485,2
29KEWKm7,Hijikata R.,Shapovalov D.,1,1,hc,5.00,away,ft,2.655,2
29KEWKm7,Hijikata R.,Shapovalov D.,1,1,hc,5.50,home,ft,1.447,3
29KEWKm7,Hijikata R.,Shapovalov D.,1,1,hc,5.50,away,ft,2.763,3
29KEWKm7,Hijikata R.,Shapovalov D.,1,1,hc,6.00,home,ft,1.22,1
29KEWKm7,Hijikata R.,Shapovalov D.,1,1,hc,6.00,away,ft,3.94,1
29KEWKm7,Hijikata R.,Shapovalov D.,1,1,hc,6.50,home,ft,1.17,1
29KEWKm7,Hijikata R.,Shapovalov D.,1,1,hc,6.50,away,ft,4.4,1
29KEWKm7,Hijikata R.,Shapovalov D.,1,1,hc,7.00,home,ft,1.06,1
29KEWKm7,Hijikata R.,Shapovalov D.,1,1,hc,7.00,away,ft,6.9,1
29KEWKm7,Hijikata R.,Shapovalov D.,1,1,hc,7.50,home,ft,1.05,1
29KEWKm7,Hijikata R.,Shapovalov D.,1,1,hc,7.50,away,ft,7.3,1
QJZl8mXh,Sinner J.,Edmund K.,2,2,ou,2.50,over,ft,3.33,1
QJZl8mXh,Sinner J.,Edmund K.,2,2,ou,2.50,under,ft,1.35,1
QJZl8mXh,Sinner J.,Edmund K.,2,2,ou,17.50,over,ft,1.28,1
QJZl8mXh,Sinner J.,Edmund K.,2,2,ou,17.50,under,ft,3.22,1
QJZl8mXh,Sinner J.,Edmund K.,2,2,ou,18.00,over,ft,1.34,1
QJZl8mXh,Sinner J.,Edmund K.,2,2,ou,18.00,under,ft,2.95,1
QJZl8mXh,Sinner J.,Edmund K.,2,2,ou,18.50,over,ft,1.455,2
QJZl8mXh,Sinner J.,Edmund K.,2,2,ou,18.50,under,ft,2.66,2
QJZl8mXh,Sinner J.,Edmund K.,2,2,ou,19.00,over,ft,1.59,2
QJZl8mXh,Sinner J.,Edmund K.,2,2,ou,19.00,under,ft,2.335,2
QJZl8mXh,Sinner J.,Edmund K.,2,2,ou,19.50,over,ft,1.703,3
QJZl8mXh,Sinner J.,Edmund K.,2,2,ou,19.50,under,ft,2.157,3
QJZl8mXh,Sinner J.,Edmund K.,2,2,ou,20.00,over,ft,1.855,2
QJZl8mXh,Sinner J.,Edmund K.,2,2,ou,20.00,under,ft,1.955,2
QJZl8mXh,Sinner J.,Edmund K.,2,2,ou,20.50,over,ft,1.983,3
QJZl8mXh,Sinner J.,Edmund K.,2,2,ou,20.50,under,ft,1.847,3
QJZl8mXh,Sinner J.,Edmund K.,2,2,ou,21.00,over,ft,2.14,2
QJZl8mXh,Sinner J.,Edmund K.,2,2,ou,21.00,under,ft,1.71,2
QJZl8mXh,Sinner J.,Edmund K.,2,2,ou,21.50,over,ft,2.21,3
QJZl8mXh,Sinner J.,Edmund K.,2,2,ou,21.50,under,ft,1.673,3
QJZl8mXh,Sinner J.,Edmund K.,2,2,ou,22.00,over,ft,2.43,1
QJZl8mXh,Sinner J.,Edmund K.,2,2,ou,22.00,under,ft,1.51,1
QJZl8mXh,Sinner J.,Edmund K.,2,2,ou,22.50,over,ft,2.545,2
QJZl8mXh,Sinner J.,Edmund K.,2,2,ou,22.50,under,ft,1.49,2
QJZl8mXh,Sinner J.,Edmund K.,2,2,ou,23.00,over,ft,2.73,1
QJZl8mXh,Sinner J.,Edmund K.,2,2,ou,23.00,under,ft,1.39,1
QJZl8mXh,Sinner J.,Edmund K.,2,2,ou,23.50,over,ft,2.845,2
QJZl8mXh,Sinner J.,Edmund K.,2,2,ou,23.50,under,ft,1.39,2
QJZl8mXh,Sinner J.,Edmund K.,2,2,hc,0,home,ft,1.08,1
QJZl8mXh,Sinner J.,Edmund K.,2,2,hc,0,away,ft,4.57,1
QJZl8mXh,Sinner J.,Edmund K.,2,2,hc,1.50,home,ft,1.043,3
QJZl8mXh,Sinner J.,Edmund K.,2,2,hc,1.50,away,ft,11.23,3
QJZl8mXh,Sinner J.,Edmund K.,2,2,hc,-1.50,home,ft,1.48,3
QJZl8mXh,Sinner J.,Edmund K.,2,2,hc,-1.50,away,ft,2.643,3
QJZl8mXh,Sinner J.,Edmund K.,2,2,hc,-1.50,home,ft,1.16,1
QJZl8mXh,Sinner J.,Edmund K.,2,2,hc,-1.50,away,ft,4.32,1
QJZl8mXh,Sinner J.,Edmund K.,2,2,hc,-2.00,home,ft,1.18,1
QJZl8mXh,Sinner J.,Edmund K.,2,2,hc,-2.00,away,ft,4.2,1
QJZl8mXh,Sinner J.,Edmund K.,2,2,hc,-2.50,home,ft,1.21,1
QJZl8mXh,Sinner J.,Edmund K.,2,2,hc,-2.50,away,ft,3.78,1
QJZl8mXh,Sinner J.,Edmund K.,2,2,hc,-3.00,home,ft,1.24,1
QJZl8mXh,Sinner J.,Edmund K.,2,2,hc,-3.00,away,ft,3.58,1
QJZl8mXh,Sinner J.,Edmund K.,2,2,hc,-3.50,home,ft,1.375,2
QJZl8mXh,Sinner J.,Edmund K.,2,2,hc,-3.50,away,ft,2.96,2
QJZl8mXh,Sinner J.,Edmund K.,2,2,hc,-4.00,home,ft,1.42,2
QJZl8mXh,Sinner J.,Edmund K.,2,2,hc,-4.00,away,ft,2.84,2
QJZl8mXh,Sinner J.,Edmund K.,2,2,hc,-4.50,home,ft,1.643,3
QJZl8mXh,Sinner J.,Edmund K.,2,2,hc,-4.50,away,ft,2.27,3
QJZl8mXh,Sinner J.,Edmund K.,2,2,hc,-5.00,home,ft,1.775,2
QJZl8mXh,Sinner J.,Edmund K.,2,2,hc,-5.00,away,ft,2.05,2
QJZl8mXh,Sinner J.,Edmund K.,2,2,hc,-5.50,home,ft,2.137,3
QJZl8mXh,Sinner J.,Edmund K.,2,2,hc,-5.50,away,ft,1.733,3
QJZl8mXh,Sinner J.,Edmund K.,2,2,hc,-6.00,home,ft,2.53,2
QJZl8mXh,Sinner J.,Edmund K.,2,2,hc,-6.00,away,ft,1.525,2
QJZl8mXh,Sinner J.,Edmund K.,2,2,hc,-6.50,home,ft,2.843,3
QJZl8mXh,Sinner J.,Edmund K.,2,2,hc,-6.50,away,ft,1.43,3
QJZl8mXh,Sinner J.,Edmund K.,2,2,hc,-7.00,home,ft,4.24,1
QJZl8mXh,Sinner J.,Edmund K.,2,2,hc,-7.00,away,ft,1.19,1
QJZl8mXh,Sinner J.,Edmund K.,2,2,hc,-7.50,home,ft,4.74,1
QJZl8mXh,Sinner J.,Edmund K.,2,2,hc,-7.50,away,ft,1.15,1
QJZl8mXh,Sinner J.,Edmund K.,2,2,hc,-8.00,home,ft,7.5,1
QJZl8mXh,Sinner J.,Edmund K.,2,2,hc,-8.00,away,ft,1.05,1
QJZl8mXh,Sinner J.,Edmund K.,2,2,hc,-8.50,home,ft,7.9,1
QJZl8mXh,Sinner J.,Edmund K.,2,2,hc,-8.50,away,ft,1.04,1
8MmJfU2g,Djokovic N.,Lestienne C.,2,2,ou,2.50,over,ft,5.44,1
8MmJfU2g,Djokovic N.,Lestienne C.,2,2,ou,2.50,under,ft,1.17,1
8MmJfU2g,Djokovic N.,Lestienne C.,2,2,ou,14.50,over,ft,1.04,1
8MmJfU2g,Djokovic N.,Lestienne C.,2,2,ou,14.50,under,ft,7.7,1
8MmJfU2g,Djokovic N.,Lestienne C.,2,2,ou,15.00,over,ft,1.06,1
8MmJfU2g,Djokovic N.,Lestienne C.,2,2,ou,15.00,under,ft,7.2,1
8MmJfU2g,Djokovic N.,Lestienne C.,2,2,ou,15.50,over,ft,1.18,1
8MmJfU2g,Djokovic N.,Lestienne C.,2,2,ou,15.50,under,ft,4.3,1
8MmJfU2g,Djokovic N.,Lestienne C.,2,2,ou,16.00,over,ft,1.24,1
8MmJfU2g,Djokovic N.,Lestienne C.,2,2,ou,16.00,under,ft,3.74,1
8MmJfU2g,Djokovic N.,Lestienne C.,2,2,ou,16.50,over,ft,1.42,2
8MmJfU2g,Djokovic N.,Lestienne C.,2,2,ou,16.50,under,ft,2.815,2
8MmJfU2g,Djokovic N.,Lestienne C.,2,2,ou,17.00,over,ft,1.535,2
8MmJfU2g,Djokovic N.,Lestienne C.,2,2,ou,17.00,under,ft,2.505,2
8MmJfU2g,Djokovic N.,Lestienne C.,2,2,ou,17.50,over,ft,1.763,3
8MmJfU2g,Djokovic N.,Lestienne C.,2,2,ou,17.50,under,ft,2.1,3
8MmJfU2g,Djokovic N.,Lestienne C.,2,2,ou,18.00,over,ft,1.965,2
8MmJfU2g,Djokovic N.,Lestienne C.,2,2,ou,18.00,under,ft,1.845,2
8MmJfU2g,Djokovic N.,Lestienne C.,2,2,ou,18.50,over,ft,2.17,3
8MmJfU2g,Djokovic N.,Lestienne C.,2,2,ou,18.50,under,ft,1.697,3
8MmJfU2g,Djokovic N.,Lestienne C.,2,2,ou,19.00,over,ft,2.46,2
8MmJfU2g,Djokovic N.,Lestienne C.,2,2,ou,19.00,under,ft,1.54,2
8MmJfU2g,Djokovic N.,Lestienne C.,2,2,ou,19.50,over,ft,2.527,3
8MmJfU2g,Djokovic N.,Lestienne C.,2,2,ou,19.50,under,ft,1.51,3
8MmJfU2g,Djokovic N.,Lestienne C.,2,2,ou,20.00,over,ft,2.85,1
8MmJfU2g,Djokovic N.,Lestienne C.,2,2,ou,20.00,under,ft,1.36,1
8MmJfU2g,Djokovic N.,Lestienne C.,2,2,ou,20.50,over,ft,3.005,2
8MmJfU2g,Djokovic N.,Lestienne C.,2,2,ou,20.50,under,ft,1.355,2
8MmJfU2g,Djokovic N.,Lestienne C.,2,2,ou,21.00,over,ft,3.34,1
8MmJfU2g,Djokovic N.,Lestienne C.,2,2,ou,21.00,under,ft,1.27,1
8MmJfU2g,Djokovic N.,Lestienne C.,2,2,ou,21.50,over,ft,3.5,1
8MmJfU2g,Djokovic N.,Lestienne C.,2,2,ou,21.50,under,ft,1.24,1
8MmJfU2g,Djokovic N.,Lestienne C.,2,2,hc,1.50,away,ft,13.99,1
8MmJfU2g,Djokovic N.,Lestienne C.,2,2,hc,-1.50,home,ft,1.163,3
8MmJfU2g,Djokovic N.,Lestienne C.,2,2,hc,-1.50,away,ft,4.737,3
8MmJfU2g,Djokovic N.,Lestienne C.,2,2,hc,-3.50,home,ft,1.07,1
8MmJfU2g,Djokovic N.,Lestienne C.,2,2,hc,-3.50,away,ft,6.45,1
8MmJfU2g,Djokovic N.,Lestienne C.,2,2,hc,-4.00,home,ft,1.08,1
8MmJfU2g,Djokovic N.,Lestienne C.,2,2,hc,-4.00,away,ft,6.15,1
8MmJfU2g,Djokovic N.,Lestienne C.,2,2,hc,-4.50,home,ft,1.18,1
8MmJfU2g,Djokovic N.,Lestienne C.,2,2,hc,-4.50,away,ft,4.3,1
8MmJfU2g,Djokovic N.,Lestienne C.,2,2,hc,-5.00,home,ft,1.285,2
8MmJfU2g,Djokovic N.,Lestienne C.,2,2,hc,-5.00,away,ft,3.6,2
8MmJfU2g,Djokovic N.,Lestienne C.,2,2,hc,-5.50,home,ft,1.447,3
8MmJfU2g,Djokovic N.,Lestienne C.,2,2,hc,-5.50,away,ft,2.76,3
8MmJfU2g,Djokovic N.,Lestienne C.,2,2,hc,-6.00,home,ft,1.575,2
8MmJfU2g,Djokovic N.,Lestienne C.,2,2,hc,-6.00,away,ft,2.405,2
8MmJfU2g,Djokovic N.,Lestienne C.,2,2,hc,-6.50,home,ft,1.893,3
8MmJfU2g,Djokovic N.,Lestienne C.,2,2,hc,-6.50,away,ft,1.943,3
8MmJfU2g,Djokovic N.,Lestienne C.,2,2,hc,-7.00,home,ft,2.285,2
8MmJfU2g,Djokovic N.,Lestienne C.,2,2,hc,-7.00,away,ft,1.635,2
8MmJfU2g,Djokovic N.,Lestienne C.,2,2,hc,-7.50,home,ft,2.727,3
8MmJfU2g,Djokovic N.,Lestienne C.,2,2,hc,-7.50,away,ft,1.457,3
8MmJfU2g,Djokovic N.,Lestienne C.,2,2,hc,-8.00,home,ft,3.64,1
8MmJfU2g,Djokovic N.,Lestienne C.,2,2,hc,-8.00,away,ft,1.25,1
8MmJfU2g,Djokovic N.,Lestienne C.,2,2,hc,-8.50,home,ft,4.2,1
8MmJfU2g,Djokovic N.,Lestienne C.,2,2,hc,-8.50,away,ft,1.19,1
8MmJfU2g,Djokovic N.,Lestienne C.,2,2,hc,-9.00,home,ft,7.1,1
8MmJfU2g,Djokovic N.,Lestienne C.,2,2,hc,-9.00,away,ft,1.06,1
8MmJfU2g,Djokovic N.,Lestienne C.,2,2,hc,-9.50,home,ft,7.6,1
8MmJfU2g,Djokovic N.,Lestienne C.,2,2,hc,-9.50,away,ft,1.04,1
fgvg77na,Cachin P.,Khachanov K.,0,0,ou,2.50,over,ft,2.87,1
fgvg77na,Cachin P.,Khachanov K.,0,0,ou,2.50,under,ft,1.44,1
fgvg77na,Cachin P.,Khachanov K.,0,0,ou,18.50,over,ft,1.24,1
fgvg77na,Cachin P.,Khachanov K.,0,0,ou,18.50,under,ft,3.5,1
fgvg77na,Cachin P.,Khachanov K.,0,0,ou,19.00,over,ft,1.28,1
fgvg77na,Cachin P.,Khachanov K.,0,0,ou,19.00,under,ft,3.28,1
fgvg77na,Cachin P.,Khachanov K.,0,0,ou,19.50,over,ft,1.405,2
fgvg77na,Cachin P.,Khachanov K.,0,0,ou,19.50,under,ft,2.83,2
fgvg77na,Cachin P.,Khachanov K.,0,0,ou,20.00,over,ft,1.46,1
fgvg77na,Cachin P.,Khachanov K.,0,0,ou,20.00,under,ft,2.57,1
fgvg77na,Cachin P.,Khachanov K.,0,0,ou,20.50,over,ft,1.63,3
fgvg77na,Cachin P.,Khachanov K.,0,0,ou,20.50,under,ft,2.283,3
fgvg77na,Cachin P.,Khachanov K.,0,0,ou,21.00,over,ft,1.72,2
fgvg77na,Cachin P.,Khachanov K.,0,0,ou,21.00,under,ft,2.13,2
fgvg77na,Cachin P.,Khachanov K.,0,0,ou,21.50,over,ft,1.81,3
fgvg77na,Cachin P.,Khachanov K.,0,0,ou,21.50,under,ft,2.033,3
fgvg77na,Cachin P.,Khachanov K.,0,0,ou,22.00,over,ft,1.985,2
fgvg77na,Cachin P.,Khachanov K.,0,0,ou,22.00,under,ft,1.825,2
fgvg77na,Cachin P.,Khachanov K.,0,0,ou,22.50,over,ft,2.143,3
fgvg77na,Cachin P.,Khachanov K.,0,0,ou,22.50,under,ft,1.713,3
fgvg77na,Cachin P.,Khachanov K.,0,0,ou,23.00,over,ft,2.32,2
fgvg77na,Cachin P.,Khachanov K.,0,0,ou,23.00,under,ft,1.6,2
fgvg77na,Cachin P.,Khachanov K.,0,0,ou,23.50,over,ft,2.42,2
fgvg77na,Cachin P.,Khachanov K.,0,0,ou,23.50,under,ft,1.54,2
fgvg77na,Cachin P.,Khachanov K.,0,0,ou,24.00,over,ft,2.44,1
fgvg77na,Cachin P.,Khachanov K.,0,0,ou,24.00,under,ft,1.48,1
fgvg77na,Cachin P.,Khachanov K.,0,0,ou,24.50,over,ft,2.46,2
fgvg77na,Cachin P.,Khachanov K.,0,0,ou,24.50,under,ft,1.515,2
fgvg77na,Cachin P.,Khachanov K.,0,0,ou,25.00,over,ft,2.53,1
fgvg77na,Cachin P.,Khachanov K.,0,0,ou,25.00,under,ft,1.45,1
fgvg77na,Cachin P.,Khachanov K.,0,0,ou,25.50,over,ft,2.63,2
fgvg77na,Cachin P.,Khachanov K.,0,0,ou,25.50,under,ft,1.45,2
fgvg77na,Cachin P.,Khachanov K.,0,0,hc,0,home,ft,3.63,1
fgvg77na,Cachin P.,Khachanov K.,0,0,hc,0,away,ft,1.18,1
fgvg77na,Cachin P.,Khachanov K.,0,0,hc,1.50,home,ft,2.257,3
fgvg77na,Cachin P.,Khachanov K.,0,0,hc,1.50,away,ft,1.65,3
fgvg77na,Cachin P.,Khachanov K.,0,0,hc,-1.50,home,ft,9.507,3
fgvg77na,Cachin P.,Khachanov K.,0,0,hc,-1.50,away,ft,1.06,3
fgvg77na,Cachin P.,Khachanov K.,0,0,hc,0.50,home,ft,3.68,1
fgvg77na,Cachin P.,Khachanov K.,0,0,hc,0.50,away,ft,1.22,1
fgvg77na,Cachin P.,Khachanov K.,0,0,hc,1.00,home,ft,3.66,1
fgvg77na,Cachin P.,Khachanov K.,0,0,hc,1.00,away,ft,1.23,1
fgvg77na,Cachin P.,Khachanov K.,0,0,hc,1.50,home,ft,3.78,1
fgvg77na,Cachin P.,Khachanov K.,0,0,hc,1.50,away,ft,1.21,1
fgvg77na,Cachin P.,Khachanov K.,0,0,hc,2.00,home,ft,3.58,1
fgvg77na,Cachin P.,Khachanov K.,0,0,hc,2.00,away,ft,1.24,1
fgvg77na,Cachin P.,Khachanov K.,0,0,hc,2.50,home,ft,2.99,2
fgvg77na,Cachin P.,Khachanov K.,0,0,hc,2.50,away,ft,1.37,2
fgvg77na,Cachin P.,Khachanov K.,0,0,hc,3.00,home,ft,2.91,2
fgvg77na,Cachin P.,Khachanov K.,0,0,hc,3.00,away,ft,1.4,2
fgvg77na,Cachin P.,Khachanov K.,0,0,hc,3.50,home,ft,2.31,3
fgvg77na,Cachin P.,Khachanov K.,0,0,hc,3.50,away,ft,1.67,3
fgvg77na,Cachin P.,Khachanov K.,0,0,hc,4.00,home,ft,2.055,2
fgvg77na,Cachin P.,Khachanov K.,0,0,hc,4.00,away,ft,1.77,2
fgvg77na,Cachin P.,Khachanov K.,0,0,hc,4.50,home,ft,1.74,3
fgvg77na,Cachin P.,Khachanov K.,0,0,hc,4.50,away,ft,2.12,3
fgvg77na,Cachin P.,Khachanov K.,0,0,hc,5.00,home,ft,1.505,2
fgvg77na,Cachin P.,Khachanov K.,0,0,hc,5.00,away,ft,2.58,2
fgvg77na,Cachin P.,Khachanov K.,0,0,hc,5.50,home,ft,1.395,2
fgvg77na,Cachin P.,Khachanov K.,0,0,hc,5.50,away,ft,2.96,2
fgvg77na,Cachin P.,Khachanov K.,0,0,hc,6.00,home,ft,1.2,1
fgvg77na,Cachin P.,Khachanov K.,0,0,hc,6.00,away,ft,4.2,1
fgvg77na,Cachin P.,Khachanov K.,0,0,hc,6.50,home,ft,1.16,1
fgvg77na,Cachin P.,Khachanov K.,0,0,hc,6.50,away,ft,4.7,1
fgvg77na,Cachin P.,Khachanov K.,0,0,hc,7.00,home,ft,1.05,1
fgvg77na,Cachin P.,Khachanov K.,0,0,hc,7.00,away,ft,7.7,1
fgvg77na,Cachin P.,Khachanov K.,0,0,hc,7.50,home,ft,1.03,1
fgvg77na,Cachin P.,Khachanov K.,0,0,hc,7.50,away,ft,8.2,1
Eu6Wk6HO,Medvedev D.,Sonego L.,,,ou,2.50,over,ft,3.34,1
Eu6Wk6HO,Medvedev D.,Sonego L.,,,ou,2.50,under,ft,1.35,1
Eu6Wk6HO,Medvedev D.,Sonego L.,,,ou,17.50,over,ft,1.23,1
Eu6Wk6HO,Medvedev D.,Sonego L.,,,ou,17.50,under,ft,3.6,1
Eu6Wk6HO,Medvedev D.,Sonego L.,,,ou,18.00,over,ft,1.27,1
Eu6Wk6HO,Medvedev D.,Sonego L.,,,ou,18.00,under,ft,3.34,1
Eu6Wk6HO,Medvedev D.,Sonego L.,,,ou,18.50,over,ft,1.41,2
Eu6Wk6HO,Medvedev D.,Sonego L.,,,ou,18.50,under,ft,2.81,2
Eu6Wk6HO,Medvedev D.,Sonego L.,,,ou,19.00,over,ft,1.47,1
Eu6Wk6HO,Medvedev D.,Sonego L.,,,ou,19.00,under,ft,2.54,1
Eu6Wk6HO,Medvedev D.,Sonego L.,,,ou,19.50,over,ft,1.62,3
Eu6Wk6HO,Medvedev D.,Sonego L.,,,ou,19.50,under,ft,2.307,3
Eu6Wk6HO,Medvedev D.,Sonego L.,,,ou,20.00,over,ft,1.72,2
Eu6Wk6HO,Medvedev D.,Sonego L.,,,ou,20.00,under,ft,2.125,2
Eu6Wk6HO,Medvedev D.,Sonego L.,,,ou,20.50,over,ft,1.947,3
Eu6Wk6HO,Medvedev D.,Sonego L.,,,ou,20.50,under,ft,1.907,3
Eu6Wk6HO,Medvedev D.,Sonego L.,,,ou,21.00,over,ft,1.995,2
Eu6Wk6HO,Medvedev D.,Sonego L.,,,ou,21.00,under,ft,1.82,2
Eu6Wk6HO,Medvedev D.,Sonego L.,,,ou,21.50,over,ft,2.117,3
Eu6Wk6HO,Medvedev D.,Sonego L.,,,ou,21.50,under,ft,1.73,3
Eu6Wk6HO,Medvedev D.,Sonego L.,,,ou,22.00,over,ft,2.31,2
Eu6Wk6HO,Medvedev D.,Sonego L.,,,ou,22.00,under,ft,1.595,2
Eu6Wk6HO,Medvedev D.,Sonego L.,,,ou,22.50,over,ft,2.475,2
Eu6Wk6HO,Medvedev D.,Sonego L.,,,ou,22.50,under,ft,1.515,2
Eu6Wk6HO,Medvedev D.,Sonego L.,,,ou,23.00,over,ft,2.62,1
Eu6Wk6HO,Medvedev D.,Sonego L.,,,ou,23.00,under,ft,1.42,1
Eu6Wk6HO,Medvedev D.,Sonego L.,,,ou,23.50,over,ft,2.78,2
Eu6Wk6HO,Medvedev D.,Sonego L.,,,ou,23.50,under,ft,1.405,2
Eu6Wk6HO,Medvedev D.,Sonego L.,,,ou,24.00,over,ft,2.69,1
Eu6Wk6HO,Medvedev D.,Sonego L.,,,ou,24.00,under,ft,1.4,1
Eu6Wk6HO,Medvedev D.,Sonego L.,,,ou,24.50,over,ft,2.815,2
Eu6Wk6HO,Medvedev D.,Sonego L.,,,ou,24.50,under,ft,1.4,2
Eu6Wk6HO,Medvedev D.,Sonego L.,,,hc,1.50,home,ft,1.04,3
Eu6Wk6HO,Medvedev D.,Sonego L.,,,hc,1.50,away,ft,11.42,3
Eu6Wk6HO,Medvedev D.,Sonego L.,,,hc,-1.50,home,ft,1.49,3
Eu6Wk6HO,Medvedev D.,Sonego L.,,,hc,-1.50,away,ft,2.613,3
Eu6Wk6HO,Medvedev D.,Sonego L.,,,hc,-1.50,home,ft,1.14,1
Eu6Wk6HO,Medvedev D.,Sonego L.,,,hc,-1.50,away,ft,4.64,1
Eu6Wk6HO,Medvedev D.,Sonego L.,,,hc,-2.00,home,ft,1.16,1
Eu6Wk6HO,Medvedev D.,Sonego L.,,,hc,-2.00,away,ft,4.54,1
Eu6Wk6HO,Medvedev D.,Sonego L.,,,hc,-2.50,home,ft,1.22,1
Eu6Wk6HO,Medvedev D.,Sonego L.,,,hc,-2.50,away,ft,3.84,1
Eu6Wk6HO,Medvedev D.,Sonego L.,,,hc,-3.00,home,ft,1.26,1
Eu6Wk6HO,Medvedev D.,Sonego L.,,,hc,-3.00,away,ft,3.56,1
Eu6Wk6HO,Medvedev D.,Sonego L.,,,hc,-3.50,home,ft,1.407,3
Eu6Wk6HO,Medvedev D.,Sonego L.,,,hc,-3.50,away,ft,2.933,3
Eu6Wk6HO,Medvedev D.,Sonego L.,,,hc,-4.00,home,ft,1.485,2
Eu6Wk6HO,Medvedev D.,Sonego L.,,,hc,-4.00,away,ft,2.65,2
Eu6Wk6HO,Medvedev D.,Sonego L.,,,hc,-4.50,home,ft,1.773,3
Eu6Wk6HO,Medvedev D.,Sonego L.,,,hc,-4.50,away,ft,2.057,3
Eu6Wk6HO,Medvedev D.,Sonego L.,,,hc,-5.00,home,ft,1.98,2
Eu6Wk6HO,Medvedev D.,Sonego L.,,,hc,-5.00,away,ft,1.835,2
Eu6Wk6HO,Medvedev D.,Sonego L.,,,hc,-5.50,home,ft,2.283,3
Eu6Wk6HO,Medvedev D.,Sonego L.,,,hc,-5.50,away,ft,1.633,3
Eu6Wk6HO,Medvedev D.,Sonego L.,,,hc,-6.00,home,ft,2.99,2
Eu6Wk6HO,Medvedev D.,Sonego L.,,,hc,-6.00,away,ft,1.385,2
Eu6Wk6HO,Medvedev D.,Sonego L.,,,hc,-6.50,home,ft,3.28,1
Eu6Wk6HO,Medvedev D.,Sonego L.,,,hc,-6.50,away,ft,1.29,1
Eu6Wk6HO,Medvedev D.,Sonego L.,,,hc,-7.00,home,ft,4.94,1
Eu6Wk6HO,Medvedev D.,Sonego L.,,,hc,-7.00,away,ft,1.13,1
Eu6Wk6HO,Medvedev D.,Sonego L.,,,hc,-7.50,home,ft,5.45,1
Eu6Wk6HO,Medvedev D.,Sonego L.,,,hc,-7.50,away,ft,1.1,1
Eu6Wk6HO,Medvedev D.,Sonego L.,,,hc,-8.00,home,ft,8.6,1
Eu6Wk6HO,Medvedev D.,Sonego L.,,,hc,-8.00,away,ft,1.03,1
Eu6Wk6HO,Medvedev D.,Sonego L.,,,hc,-8.50,home,ft,8.9,1
Eu6Wk6HO,Medvedev D.,Sonego L.,,,hc,-8.50,away,ft,1.02,1
nTzo9THn,Kokkinakis T.,Cressy M.,2,2,ou,2.50,over,ft,2.25,1
nTzo9THn,Kokkinakis T.,Cressy M.,2,2,ou,2.50,under,ft,1.68,1
nTzo9THn,Kokkinakis T.,Cressy M.,2,2,ou,19.50,over,ft,1.25,1
nTzo9THn,Kokkinakis T.,Cressy M.,2,2,ou,19.50,under,ft,3.44,1
nTzo9THn,Kokkinakis T.,Cressy M.,2,2,ou,20.00,over,ft,1.29,1
nTzo9THn,Kokkinakis T.,Cressy M.,2,2,ou,20.00,under,ft,3.24,1
nTzo9THn,Kokkinakis T.,Cressy M.,2,2,ou,20.50,over,ft,1.45,2
nTzo9THn,Kokkinakis T.,Cressy M.,2,2,ou,20.50,under,ft,2.665,2
nTzo9THn,Kokkinakis T.,Cressy M.,2,2,ou,21.00,over,ft,1.4,1
nTzo9THn,Kokkinakis T.,Cressy M.,2,2,ou,21.00,under,ft,2.69,1
nTzo9THn,Kokkinakis T.,Cressy M.,2,2,ou,21.50,over,ft,1.375,2
nTzo9THn,Kokkinakis T.,Cressy M.,2,2,ou,21.50,under,ft,2.935,2
nTzo9THn,Kokkinakis T.,Cressy M.,2,2,ou,22.00,over,ft,1.36,1
nTzo9THn,Kokkinakis T.,Cressy M.,2,2,ou,22.00,under,ft,2.84,1
nTzo9THn,Kokkinakis T.,Cressy M.,2,2,ou,22.50,over,ft,1.45,2
nTzo9THn,Kokkinakis T.,Cressy M.,2,2,ou,22.50,under,ft,2.63,2
nTzo9THn,Kokkinakis T.,Cressy M.,2,2,ou,23.00,over,ft,1.51,1
nTzo9THn,Kokkinakis T.,Cressy M.,2,2,ou,23.00,under,ft,2.36,1
nTzo9THn,Kokkinakis T.,Cressy M.,2,2,ou,23.50,over,ft,1.773,3
nTzo9THn,Kokkinakis T.,Cressy M.,2,2,ou,23.50,under,ft,2.047,3
nTzo9THn,Kokkinakis T.,Cressy M.,2,2,ou,24.00,over,ft,1.765,2
nTzo9THn,Kokkinakis T.,Cressy M.,2,2,ou,24.00,under,ft,2.05,2
nTzo9THn,Kokkinakis T.,Cressy M.,2,2,ou,24.50,over,ft,1.923,3
nTzo9THn,Kokkinakis T.,Cressy M.,2,2,ou,24.50,under,ft,1.92,3
nTzo9THn,Kokkinakis T.,Cressy M.,2,2,ou,25.00,over,ft,1.83,2
nTzo9THn,Kokkinakis T.,Cressy M.,2,2,ou,25.00,under,ft,1.985,2
nTzo9THn,Kokkinakis T.,Cressy M.,2,2,ou,25.50,over,ft,1.907,3
nTzo9THn,Kokkinakis T.,Cressy M.,2,2,ou,25.50,under,ft,1.93,3
nTzo9THn,Kokkinakis T.,Cressy M.,2,2,ou,26.00,over,ft,2.085,2
nTzo9THn,Kokkinakis T.,Cressy M.,2,2,ou,26.00,under,ft,1.75,2
nTzo9THn,Kokkinakis T.,Cressy M.,2,2,ou,26.50,over,ft,2.327,3
nTzo9THn,Kokkinakis T.,Cressy M.,2,2,ou,26.50,under,ft,1.593,3
nTzo9THn,Kokkinakis T.,Cressy M.,2,2,ou,27.00,over,ft,2.26,1
nTzo9THn,Kokkinakis T.,Cressy M.,2,2,ou,27.00,under,ft,1.6,1
nTzo9THn,Kokkinakis T.,Cressy M.,2,2,ou,27.50,over,ft,2.31,2
nTzo9THn,Kokkinakis T.,Cressy M.,2,2,ou,27.50,under,ft,1.595,2
nTzo9THn,Kokkinakis T.,Cressy M.,2,2,ou,28.00,over,ft,2.32,1
nTzo9THn,Kokkinakis T.,Cressy M.,2,2,ou,28.00,under,ft,1.54,1
nTzo9THn,Kokkinakis T.,Cressy M.,2,2,ou,28.50,over,ft,2.41,2
nTzo9THn,Kokkinakis T.,Cressy M.,2,2,ou,28.50,under,ft,1.535,2
nTzo9THn,Kokkinakis T.,Cressy M.,2,2,ou,29.00,over,ft,2.41,1
nTzo9THn,Kokkinakis T.,Cressy M.,2,2,ou,29.00,under,ft,1.48,1
nTzo9THn,Kokkinakis T.,Cressy M.,2,2,ou,29.50,over,ft,2.64,1
nTzo9THn,Kokkinakis T.,Cressy M.,2,2,ou,29.50,under,ft,1.49,1
nTzo9THn,Kokkinakis T.,Cressy M.,2,2,ou,30.50,over,ft,2.87,1
nTzo9THn,Kokkinakis T.,Cressy M.,2,2,ou,30.50,under,ft,1.42,1
nTzo9THn,Kokkinakis T.,Cressy M.,2,2,hc,0,home,ft,1.9,1
nTzo9THn,Kokkinakis T.,Cressy M.,2,2,hc,0,away,ft,1.9,1
nTzo9THn,Kokkinakis T.,Cressy M.,2,2,hc,1.50,home,ft,1.343,3
nTzo9THn,Kokkinakis T.,Cressy M.,2,2,hc,1.50,away,ft,3.223,3
nTzo9THn,Kokkinakis T.,Cressy M.,2,2,hc,-1.50,home,ft,3.203,3
nTzo9THn,Kokkinakis T.,Cressy M.,2,2,hc,-1.50,away,ft,1.347,3
nTzo9THn,Kokkinakis T.,Cressy M.,2,2,hc,0,home,ft,1.88,2
nTzo9THn,Kokkinakis T.,Cressy M.,2,2,hc,0,away,ft,1.875,2
nTzo9THn,Kokkinakis T.,Cressy M.,2,2,hc,0.50,home,ft,1.85,3
nTzo9THn,Kokkinakis T.,Cressy M.,2,2,hc,0.50,away,ft,1.99,3
nTzo9THn,Kokkinakis T.,Cressy M.,2,2,hc,-0.50,home,ft,1.997,3
nTzo9THn,Kokkinakis T.,Cressy M.,2,2,hc,-0.50,away,ft,1.797,3
nTzo9THn,Kokkinakis T.,Cressy M.,2,2,hc,1.00,home,ft,1.705,2
nTzo9THn,Kokkinakis T.,Cressy M.,2,2,hc,1.00,away,ft,2.085,2
nTzo9THn,Kokkinakis T.,Cressy M.,2,2,hc,-1.00,home,ft,2.11,2
nTzo9THn,Kokkinakis T.,Cressy M.,2,2,hc,-1.00,away,ft,1.69,2
nTzo9THn,Kokkinakis T.,Cressy M.,2,2,hc,1.50,home,ft,1.64,3
nTzo9THn,Kokkinakis T.,Cressy M.,2,2,hc,1.50,away,ft,2.223,3
nTzo9THn,Kokkinakis T.,Cressy M.,2,2,hc,-1.50,home,ft,2.19,3
nTzo9THn,Kokkinakis T.,Cressy M.,2,2,hc,-1.50,away,ft,1.657,3
nTzo9THn,Kokkinakis T.,Cressy M.,2,2,hc,2.00,home,ft,1.43,1
nTzo9THn,Kokkinakis T.,Cressy M.,2,2,hc,2.00,away,ft,2.55,1
nTzo9THn,Kokkinakis T.,Cressy M.,2,2,hc,-2.00,home,ft,2.44,1
nTzo9THn,Kokkinakis T.,Cressy M.,2,2,hc,-2.00,away,ft,1.46,1
nTzo9THn,Kokkinakis T.,Cressy M.,2,2,hc,2.50,home,ft,1.4,2
nTzo9THn,Kokkinakis T.,Cressy M.,2,2,hc,2.50,away,ft,2.8,2
nTzo9THn,Kokkinakis T.,Cressy M.,2,2,hc,-2.50,home,ft,2.74,2
nTzo9THn,Kokkinakis T.,Cressy M.,2,2,hc,-2.50,away,ft,1.415,2
nTzo9THn,Kokkinakis T.,Cressy M.,2,2,hc,3.00,home,ft,1.22,1
nTzo9THn,Kokkinakis T.,Cressy M.,2,2,hc,3.00,away,ft,3.66,1
nTzo9THn,Kokkinakis T.,Cressy M.,2,2,hc,-3.00,home,ft,3.46,1
nTzo9THn,Kokkinakis T.,Cressy M.,2,2,hc,-3.00,away,ft,1.24,1
nTzo9THn,Kokkinakis T.,Cressy M.,2,2,hc,3.50,home,ft,1.39,2
nTzo9THn,Kokkinakis T.,Cressy M.,2,2,hc,3.50,away,ft,2.845,2
nTzo9THn,Kokkinakis T.,Cressy M.,2,2,hc,-3.50,home,ft,3.34,2
nTzo9THn,Kokkinakis T.,Cressy M.,2,2,hc,-3.50,away,ft,1.325,2
86B4greK,Kwon S.,Draper J.,0,0,ou,2.50,over,ft,2.38,1
86B4greK,Kwon S.,Draper J.,0,0,ou,2.50,under,ft,1.61,1
86B4greK,Kwon S.,Draper J.,0,0,ou,19.50,over,ft,1.31,1
86B4greK,Kwon S.,Draper J.,0,0,ou,19.50,under,ft,3.05,1
86B4greK,Kwon S.,Draper J.,0,0,ou,20.00,over,ft,1.36,1
86B4greK,Kwon S.,Draper J.,0,0,ou,20.00,under,ft,2.85,1
86B4greK,Kwon S.,Draper J.,0,0,ou,20.50,over,ft,1.5,2
86B4greK,Kwon S.,Draper J.,0,0,ou,20.50,under,ft,2.515,2
86B4greK,Kwon S.,Draper J.,0,0,ou,21.00,over,ft,1.585,2
86B4greK,Kwon S.,Draper J.,0,0,ou,21.00,under,ft,2.335,2
86B4greK,Kwon S.,Draper J.,0,0,ou,21.50,over,ft,1.647,3
86B4greK,Kwon S.,Draper J.,0,0,ou,21.50,under,ft,2.217,3
86B4greK,Kwon S.,Draper J.,0,0,ou,22.00,over,ft,1.78,2
86B4greK,Kwon S.,Draper J.,0,0,ou,22.00,under,ft,2.04,2
86B4greK,Kwon S.,Draper J.,0,0,ou,22.50,over,ft,1.913,3
86B4greK,Kwon S.,Draper J.,0,0,ou,22.50,under,ft,1.923,3
86B4greK,Kwon S.,Draper J.,0,0,ou,23.00,over,ft,2.05,2
86B4greK,Kwon S.,Draper J.,0,0,ou,23.00,under,ft,1.775,2
86B4greK,Kwon S.,Draper J.,0,0,ou,23.50,over,ft,2.15,3
86B4greK,Kwon S.,Draper J.,0,0,ou,23.50,under,ft,1.687,3
86B4greK,Kwon S.,Draper J.,0,0,ou,24.00,over,ft,2.14,1
86B4greK,Kwon S.,Draper J.,0,0,ou,24.00,under,ft,1.65,1
86B4greK,Kwon S.,Draper J.,0,0,ou,24.50,over,ft,2.195,2
86B4greK,Kwon S.,Draper J.,0,0,ou,24.50,under,ft,1.63,2
86B4greK,Kwon S.,Draper J.,0,0,ou,25.00,over,ft,2.25,1
86B4greK,Kwon S.,Draper J.,0,0,ou,25.00,under,ft,1.56,1
86B4greK,Kwon S.,Draper J.,0,0,ou,25.50,over,ft,2.41,2
86B4greK,Kwon S.,Draper J.,0,0,ou,25.50,under,ft,1.53,2
86B4greK,Kwon S.,Draper J.,0,0,ou,26.50,over,ft,2.7,1
86B4greK,Kwon S.,Draper J.,0,0,ou,26.50,under,ft,1.47,1
86B4greK,Kwon S.,Draper J.,0,0,hc,1.50,home,ft,1.48,3
86B4greK,Kwon S.,Draper J.,0,0,hc,1.50,away,ft,2.563,3
86B4greK,Kwon S.,Draper J.,0,0,hc,-1.50,home,ft,3.763,3
86B4greK,Kwon S.,Draper J.,0,0,hc,-1.50,away,ft,1.247,3
86B4greK,Kwon S.,Draper J.,0,0,hc,0,home,ft,2.1,1
86B4greK,Kwon S.,Draper J.,0,0,hc,0,away,ft,1.76,1
86B4greK,Kwon S.,Draper J.,0,0,hc,0.50,home,ft,2.113,3
86B4greK,Kwon S.,Draper J.,0,0,hc,0.50,away,ft,1.733,3
86B4greK,Kwon S.,Draper J.,0,0,hc,-0.50,home,ft,2.3,2
86B4greK,Kwon S.,Draper J.,0,0,hc,-0.50,away,ft,1.6,2
86B4greK,Kwon S.,Draper J.,0,0,hc,1.00,home,ft,2.09,2
86B4greK,Kwon S.,Draper J.,0,0,hc,1.00,away,ft,1.745,2
86B4greK,Kwon S.,Draper J.,0,0,hc,-1.00,home,ft,2.4,1
86B4greK,Kwon S.,Draper J.,0,0,hc,-1.00,away,ft,1.51,1
86B4greK,Kwon S.,Draper J.,0,0,hc,1.50,home,ft,1.973,3
86B4greK,Kwon S.,Draper J.,0,0,hc,1.50,away,ft,1.863,3
86B4greK,Kwon S.,Draper J.,0,0,hc,-1.50,home,ft,2.495,2
86B4greK,Kwon S.,Draper J.,0,0,hc,-1.50,away,ft,1.505,2
86B4greK,Kwon S.,Draper J.,0,0,hc,2.00,home,ft,1.92,2
86B4greK,Kwon S.,Draper J.,0,0,hc,2.00,away,ft,1.83,2
86B4greK,Kwon S.,Draper J.,0,0,hc,-2.00,home,ft,2.65,1
86B4greK,Kwon S.,Draper J.,0,0,hc,-2.00,away,ft,1.4,1
86B4greK,Kwon S.,Draper J.,0,0,hc,2.50,home,ft,1.807,3
86B4greK,Kwon S.,Draper J.,0,0,hc,2.50,away,ft,1.98,3
86B4greK,Kwon S.,Draper J.,0,0,hc,-2.50,home,ft,2.84,1
86B4greK,Kwon S.,Draper J.,0,0,hc,-2.50,away,ft,1.43,1
86B4greK,Kwon S.,Draper J.,0,0,hc,3.00,home,ft,1.675,2
86B4greK,Kwon S.,Draper J.,0,0,hc,3.00,away,ft,2.14,2
86B4greK,Kwon S.,Draper J.,0,0,hc,3.50,home,ft,1.577,3
86B4greK,Kwon S.,Draper J.,0,0,hc,3.50,away,ft,2.357,3
86B4greK,Kwon S.,Draper J.,0,0,hc,4.00,home,ft,1.37,1
86B4greK,Kwon S.,Draper J.,0,0,hc,4.00,away,ft,2.81,1
86B4greK,Kwon S.,Draper J.,0,0,hc,4.50,home,ft,1.31,1
86B4greK,Kwon S.,Draper J.,0,0,hc,4.50,away,ft,3.05,1
86B4greK,Kwon S.,Draper J.,0,0,hc,5.00,home,ft,1.2,1
86B4greK,Kwon S.,Draper J.,0,0,hc,5.00,away,ft,3.98,1
86B4greK,Kwon S.,Draper J.,0,0,hc,5.50,home,ft,1.17,1
86B4greK,Kwon S.,Draper J.,0,0,hc,5.50,away,ft,4.3,1
UFC0fOuE,Ymer M.,Safiullin R.,0,0,ou,2.50,over,ft,2.33,1
UFC0fOuE,Ymer M.,Safiullin R.,0,0,ou,2.50,under,ft,1.64,1
UFC0fOuE,Ymer M.,Safiullin R.,0,0,ou,14.50,over,ft,1.02,1
UFC0fOuE,Ymer M.,Safiullin R.,0,0,ou,14.50,under,ft,33.77,1
UFC0fOuE,Ymer M.,Safiullin R.,0,0,ou,15.50,over,ft,1.04,1
UFC0fOuE,Ymer M.,Safiullin R.,0,0,ou,15.50,under,ft,20.63,1
UFC0fOuE,Ymer M.,Safiullin R.,0,0,ou,16.50,over,ft,1.09,1
UFC0fOuE,Ymer M.,Safiullin R.,0,0,ou,16.50,under,ft,10.8,1
UFC0fOuE,Ymer M.,Safiullin R.,0,0,ou,17.50,over,ft,1.19,1
UFC0fOuE,Ymer M.,Safiullin R.,0,0,ou,17.50,under,ft,5.89,1
UFC0fOuE,Ymer M.,Safiullin R.,0,0,ou,18.50,over,ft,1.32,1
UFC0fOuE,Ymer M.,Safiullin R.,0,0,ou,18.50,under,ft,3.96,1
UFC0fOuE,Ymer M.,Safiullin R.,0,0,ou,19.50,over,ft,1.39,2
UFC0fOuE,Ymer M.,Safiullin R.,0,0,ou,19.50,under,ft,2.855,2
UFC0fOuE,Ymer M.,Safiullin R.,0,0,ou,20.00,over,ft,1.4,1
UFC0fOuE,Ymer M.,Safiullin R.,0,0,ou,20.00,under,ft,2.69,1
UFC0fOuE,Ymer M.,Safiullin R.,0,0,ou,20.50,over,ft,1.565,2
UFC0fOuE,Ymer M.,Safiullin R.,0,0,ou,20.50,under,ft,2.365,2
UFC0fOuE,Ymer M.,Safiullin R.,0,0,ou,21.00,over,ft,1.63,2
UFC0fOuE,Ymer M.,Safiullin R.,0,0,ou,21.00,under,ft,2.26,2
UFC0fOuE,Ymer M.,Safiullin R.,0,0,ou,21.50,over,ft,1.727,3
UFC0fOuE,Ymer M.,Safiullin R.,0,0,ou,21.50,under,ft,2.09,3
UFC0fOuE,Ymer M.,Safiullin R.,0,0,ou,22.00,over,ft,1.835,2
UFC0fOuE,Ymer M.,Safiullin R.,0,0,ou,22.00,under,ft,1.975,2
UFC0fOuE,Ymer M.,Safiullin R.,0,0,ou,22.50,over,ft,1.97,3
UFC0fOuE,Ymer M.,Safiullin R.,0,0,ou,22.50,under,ft,1.857,3
UFC0fOuE,Ymer M.,Safiullin R.,0,0,ou,23.00,over,ft,2.09,2
UFC0fOuE,Ymer M.,Safiullin R.,0,0,ou,23.00,under,ft,1.745,2
UFC0fOuE,Ymer M.,Safiullin R.,0,0,ou,23.50,over,ft,2.24,2
UFC0fOuE,Ymer M.,Safiullin R.,0,0,ou,23.50,under,ft,1.61,2
UFC0fOuE,Ymer M.,Safiullin R.,0,0,ou,24.00,over,ft,2.17,1
UFC0fOuE,Ymer M.,Safiullin R.,0,0,ou,24.00,under,ft,1.63,1
UFC0fOuE,Ymer M.,Safiullin R.,0,0,ou,24.50,over,ft,2.33,2
UFC0fOuE,Ymer M.,Safiullin R.,0,0,ou,24.50,under,ft,1.56,2
UFC0fOuE,Ymer M.,Safiullin R.,0,0,ou,25.00,over,ft,2.32,1
UFC0fOuE,Ymer M.,Safiullin R.,0,0,ou,25.00,under,ft,1.53,1
UFC0fOuE,Ymer M.,Safiullin R.,0,0,ou,25.50,over,ft,2.57,2
UFC0fOuE,Ymer M.,Safiullin R.,0,0,ou,25.50,under,ft,1.47,2
UFC0fOuE,Ymer M.,Safiullin R.,0,0,ou,26.50,over,ft,2.92,1
UFC0fOuE,Ymer M.,Safiullin R.,0,0,ou,26.50,under,ft,1.41,1
UFC0fOuE,Ymer M.,Safiullin R.,0,0,ou,27.50,over,ft,3.56,1
UFC0fOuE,Ymer M.,Safiullin R.,0,0,ou,27.50,under,ft,1.37,1
UFC0fOuE,Ymer M.,Safiullin R.,0,0,ou,28.50,over,ft,4.2,1
UFC0fOuE,Ymer M.,Safiullin R.,0,0,ou,28.50,under,ft,1.3,1
UFC0fOuE,Ymer M.,Safiullin R.,0,0,ou,29.50,over,ft,5.15,1
UFC0fOuE,Ymer M.,Safiullin R.,0,0,ou,29.50,under,ft,1.23,1
UFC0fOuE,Ymer M.,Safiullin R.,0,0,ou,30.50,over,ft,6.58,1
UFC0fOuE,Ymer M.,Safiullin R.,0,0,ou,30.50,under,ft,1.17,1
UFC0fOuE,Ymer M.,Safiullin R.,0,0,ou,31.50,over,ft,8.99,1
UFC0fOuE,Ymer M.,Safiullin R.,0,0,ou,31.50,under,ft,1.11,1
UFC0fOuE,Ymer M.,Safiullin R.,0,0,ou,32.50,over,ft,13.15,1
UFC0fOuE,Ymer M.,Safiullin R.,0,0,ou,32.50,under,ft,1.07,1
UFC0fOuE,Ymer M.,Safiullin R.,0,0,ou,33.50,over,ft,18.67,1
UFC0fOuE,Ymer M.,Safiullin R.,0,0,ou,33.50,under,ft,1.05,1
UFC0fOuE,Ymer M.,Safiullin R.,0,0,ou,34.50,over,ft,27.01,1
UFC0fOuE,Ymer M.,Safiullin R.,0,0,ou,34.50,under,ft,1.03,1
UFC0fOuE,Ymer M.,Safiullin R.,0,0,ou,35.50,over,ft,49.14,1
UFC0fOuE,Ymer M.,Safiullin R.,0,0,hc,0,home,ft,1.67,1
UFC0fOuE,Ymer M.,Safiullin R.,0,0,hc,0,away,ft,2.14,1
UFC0fOuE,Ymer M.,Safiullin R.,0,0,hc,1.50,home,ft,1.24,3
UFC0fOuE,Ymer M.,Safiullin R.,0,0,hc,1.50,away,ft,3.67,3
UFC0fOuE,Ymer M.,Safiullin R.,0,0,hc,-1.50,home,ft,2.46,3
UFC0fOuE,Ymer M.,Safiullin R.,0,0,hc,-1.50,away,ft,1.48,3
UFC0fOuE,Ymer M.,Safiullin R.,0,0,hc,0,home,ft,1.69,2
UFC0fOuE,Ymer M.,Safiullin R.,0,0,hc,0,away,ft,2.095,2
UFC0fOuE,Ymer M.,Safiullin R.,0,0,hc,0.50,home,ft,1.55,2
UFC0fOuE,Ymer M.,Safiullin R.,0,0,hc,0.50,away,ft,2.355,2
UFC0fOuE,Ymer M.,Safiullin R.,0,0,hc,-0.50,home,ft,1.683,3
UFC0fOuE,Ymer M.,Safiullin R.,0,0,hc,-0.50,away,ft,2.143,3
UFC0fOuE,Ymer M.,Safiullin R.,0,0,hc,1.00,home,ft,1.49,1
UFC0fOuE,Ymer M.,Safiullin R.,0,0,hc,1.00,away,ft,2.37,1
UFC0fOuE,Ymer M.,Safiullin R.,0,0,hc,-1.00,home,ft,1.67,2
UFC0fOuE,Ymer M.,Safiullin R.,0,0,hc,-1.00,away,ft,2.145,2
UFC0fOuE,Ymer M.,Safiullin R.,0,0,hc,1.50,home,ft,1.475,2
UFC0fOuE,Ymer M.,Safiullin R.,0,0,hc,1.50,away,ft,2.55,2
UFC0fOuE,Ymer M.,Safiullin R.,0,0,hc,-1.50,home,ft,1.8,3
UFC0fOuE,Ymer M.,Safiullin R.,0,0,hc,-1.50,away,ft,2.053,3
UFC0fOuE,Ymer M.,Safiullin R.,0,0,hc,2.00,home,ft,1.41,1
UFC0fOuE,Ymer M.,Safiullin R.,0,0,hc,2.00,away,ft,2.62,1
UFC0fOuE,Ymer M.,Safiullin R.,0,0,hc,-2.00,home,ft,1.79,2
UFC0fOuE,Ymer M.,Safiullin R.,0,0,hc,-2.00,away,ft,1.98,2
UFC0fOuE,Ymer M.,Safiullin R.,0,0,hc,2.50,home,ft,1.41,1
UFC0fOuE,Ymer M.,Safiullin R.,0,0,hc,2.50,away,ft,2.92,1
UFC0fOuE,Ymer M.,Safiullin R.,0,0,hc,-2.50,home,ft,1.9,3
UFC0fOuE,Ymer M.,Safiullin R.,0,0,hc,-2.50,away,ft,1.877,3
UFC0fOuE,Ymer M.,Safiullin R.,0,0,hc,-3.00,home,ft,2.06,2
UFC0fOuE,Ymer M.,Safiullin R.,0,0,hc,-3.00,away,ft,1.72,2
UFC0fOuE,Ymer M.,Safiullin R.,0,0,hc,3.50,home,ft,1.32,1
UFC0fOuE,Ymer M.,Safiullin R.,0,0,hc,3.50,away,ft,3.96,1
UFC0fOuE,Ymer M.,Safiullin R.,0,0,hc,-3.50,home,ft,2.257,3
UFC0fOuE,Ymer M.,Safiullin R.,0,0,hc,-3.50,away,ft,1.623,3
UFC0fOuE,Ymer M.,Safiullin R.,0,0,hc,-4.00,home,ft,2.67,1
UFC0fOuE,Ymer M.,Safiullin R.,0,0,hc,-4.00,away,ft,1.39,1
UFC0fOuE,Ymer M.,Safiullin R.,0,0,hc,4.50,home,ft,1.2,1
UFC0fOuE,Ymer M.,Safiullin R.,0,0,hc,4.50,away,ft,5.66,1
UFC0fOuE,Ymer M.,Safiullin R.,0,0,hc,-4.50,home,ft,2.89,2
UFC0fOuE,Ymer M.,Safiullin R.,0,0,hc,-4.50,away,ft,1.38,2
UFC0fOuE,Ymer M.,Safiullin R.,0,0,hc,5.50,home,ft,1.12,1
UFC0fOuE,Ymer M.,Safiullin R.,0,0,hc,5.50,away,ft,8.54,1
UFC0fOuE,Ymer M.,Safiullin R.,0,0,hc,-5.50,home,ft,4.24,1
UFC0fOuE,Ymer M.,Safiullin R.,0,0,hc,-5.50,away,ft,1.29,1
UFC0fOuE,Ymer M.,Safiullin R.,0,0,hc,6.50,home,ft,1.06,1
UFC0fOuE,Ymer M.,Safiullin R.,0,0,hc,6.50,away,ft,15.01,1
UFC0fOuE,Ymer M.,Safiullin R.,0,0,hc,-6.50,home,ft,6.75,1
UFC0fOuE,Ymer M.,Safiullin R.,0,0,hc,-6.50,away,ft,1.16,1
UFC0fOuE,Ymer M.,Safiullin R.,0,0,hc,7.50,home,ft,1.03,1
UFC0fOuE,Ymer M.,Safiullin R.,0,0,hc,7.50,away,ft,25.56,1
UFC0fOuE,Ymer M.,Safiullin R.,0,0,hc,-7.50,home,ft,12.58,1
UFC0fOuE,Ymer M.,Safiullin R.,0,0,hc,-7.50,away,ft,1.07,1
UFC0fOuE,Ymer M.,Safiullin R.,0,0,hc,8.50,away,ft,50.25,1
UFC0fOuE,Ymer M.,Safiullin R.,0,0,hc,-8.50,home,ft,25.39,1
UFC0fOuE,Ymer M.,Safiullin R.,0,0,hc,-8.50,away,ft,1.03,1
UFC0fOuE,Ymer M.,Safiullin R.,0,0,hc,-9.50,home,ft,55.95,1
fwjViSnC,Thompson J.,Halys Q.,0,0,ou,2.50,over,ft,2.33,1
fwjViSnC,Thompson J.,Halys Q.,0,0,ou,2.50,under,ft,1.64,1
fwjViSnC,Thompson J.,Halys Q.,0,0,ou,19.50,over,ft,1.25,1
fwjViSnC,Thompson J.,Halys Q.,0,0,ou,19.50,under,ft,3.44,1
fwjViSnC,Thompson J.,Halys Q.,0,0,ou,20.00,over,ft,1.29,1
fwjViSnC,Thompson J.,Halys Q.,0,0,ou,20.00,under,ft,3.22,1
fwjViSnC,Thompson J.,Halys Q.,0,0,ou,20.50,over,ft,1.36,2
fwjViSnC,Thompson J.,Halys Q.,0,0,ou,20.50,under,ft,2.99,2
fwjViSnC,Thompson J.,Halys Q.,0,0,ou,21.00,over,ft,1.34,1
fwjViSnC,Thompson J.,Halys Q.,0,0,ou,21.00,under,ft,2.95,1
fwjViSnC,Thompson J.,Halys Q.,0,0,ou,21.50,over,ft,1.485,2
fwjViSnC,Thompson J.,Halys Q.,0,0,ou,21.50,under,ft,2.57,2
fwjViSnC,Thompson J.,Halys Q.,0,0,ou,22.00,over,ft,1.58,2
fwjViSnC,Thompson J.,Halys Q.,0,0,ou,22.00,under,ft,2.365,2
fwjViSnC,Thompson J.,Halys Q.,0,0,ou,22.50,over,ft,1.753,3
fwjViSnC,Thompson J.,Halys Q.,0,0,ou,22.50,under,ft,2.087,3
fwjViSnC,Thompson J.,Halys Q.,0,0,ou,23.00,over,ft,1.86,2
fwjViSnC,Thompson J.,Halys Q.,0,0,ou,23.00,under,ft,1.95,2
fwjViSnC,Thompson J.,Halys Q.,0,0,ou,23.50,over,ft,2.017,3
fwjViSnC,Thompson J.,Halys Q.,0,0,ou,23.50,under,ft,1.817,3
fwjViSnC,Thompson J.,Halys Q.,0,0,ou,24.00,over,ft,2.025,2
fwjViSnC,Thompson J.,Halys Q.,0,0,ou,24.00,under,ft,1.795,2
fwjViSnC,Thompson J.,Halys Q.,0,0,ou,24.50,over,ft,2.015,2
fwjViSnC,Thompson J.,Halys Q.,0,0,ou,24.50,under,ft,1.785,2
fwjViSnC,Thompson J.,Halys Q.,0,0,ou,25.00,over,ft,2.03,1
fwjViSnC,Thompson J.,Halys Q.,0,0,ou,25.00,under,ft,1.72,1
fwjViSnC,Thompson J.,Halys Q.,0,0,ou,25.50,over,ft,2.17,2
fwjViSnC,Thompson J.,Halys Q.,0,0,ou,25.50,under,ft,1.665,2
fwjViSnC,Thompson J.,Halys Q.,0,0,ou,26.00,over,ft,2.25,1
fwjViSnC,Thompson J.,Halys Q.,0,0,ou,26.00,under,ft,1.56,1
fwjViSnC,Thompson J.,Halys Q.,0,0,ou,26.50,over,ft,2.43,2
fwjViSnC,Thompson J.,Halys Q.,0,0,ou,26.50,under,ft,1.52,2
fwjViSnC,Thompson J.,Halys Q.,0,0,ou,27.50,over,ft,2.73,1
fwjViSnC,Thompson J.,Halys Q.,0,0,ou,27.50,under,ft,1.46,1
fwjViSnC,Thompson J.,Halys Q.,0,0,hc,0,home,ft,1.7,1
fwjViSnC,Thompson J.,Halys Q.,0,0,hc,0,away,ft,2.11,1
fwjViSnC,Thompson J.,Halys Q.,0,0,hc,1.50,home,ft,1.303,3
fwjViSnC,Thompson J.,Halys Q.,0,0,hc,1.50,away,ft,3.487,3
fwjViSnC,Thompson J.,Halys Q.,0,0,hc,-1.50,home,ft,2.777,3
fwjViSnC,Thompson J.,Halys Q.,0,0,hc,-1.50,away,ft,1.4,3
fwjViSnC,Thompson J.,Halys Q.,0,0,hc,0,home,ft,1.74,2
fwjViSnC,Thompson J.,Halys Q.,0,0,hc,0,away,ft,2.04,2
fwjViSnC,Thompson J.,Halys Q.,0,0,hc,0.50,home,ft,1.687,3
fwjViSnC,Thompson J.,Halys Q.,0,0,hc,0.50,away,ft,2.143,3
fwjViSnC,Thompson J.,Halys Q.,0,0,hc,-0.50,home,ft,1.783,3
fwjViSnC,Thompson J.,Halys Q.,0,0,hc,-0.50,away,ft,2.017,3
fwjViSnC,Thompson J.,Halys Q.,0,0,hc,1.00,home,ft,1.69,2
fwjViSnC,Thompson J.,Halys Q.,0,0,hc,1.00,away,ft,2.125,2
fwjViSnC,Thompson J.,Halys Q.,0,0,hc,-1.00,home,ft,1.82,2
fwjViSnC,Thompson J.,Halys Q.,0,0,hc,-1.00,away,ft,1.93,2
fwjViSnC,Thompson J.,Halys Q.,0,0,hc,1.50,home,ft,1.623,3
fwjViSnC,Thompson J.,Halys Q.,0,0,hc,1.50,away,ft,2.263,3
fwjViSnC,Thompson J.,Halys Q.,0,0,hc,-1.50,home,ft,1.93,3
fwjViSnC,Thompson J.,Halys Q.,0,0,hc,-1.50,away,ft,1.85,3
fwjViSnC,Thompson J.,Halys Q.,0,0,hc,2.00,home,ft,1.41,1
fwjViSnC,Thompson J.,Halys Q.,0,0,hc,2.00,away,ft,2.62,1
fwjViSnC,Thompson J.,Halys Q.,0,0,hc,-2.00,home,ft,2.04,2
fwjViSnC,Thompson J.,Halys Q.,0,0,hc,-2.00,away,ft,1.735,2
fwjViSnC,Thompson J.,Halys Q.,0,0,hc,2.50,home,ft,1.44,2
fwjViSnC,Thompson J.,Halys Q.,0,0,hc,2.50,away,ft,2.65,2
fwjViSnC,Thompson J.,Halys Q.,0,0,hc,-2.50,home,ft,2.217,3
fwjViSnC,Thompson J.,Halys Q.,0,0,hc,-2.50,away,ft,1.647,3
fwjViSnC,Thompson J.,Halys Q.,0,0,hc,3.00,home,ft,1.3,1
fwjViSnC,Thompson J.,Halys Q.,0,0,hc,3.00,away,ft,3.1,1
fwjViSnC,Thompson J.,Halys Q.,0,0,hc,-3.00,home,ft,2.53,1
fwjViSnC,Thompson J.,Halys Q.,0,0,hc,-3.00,away,ft,1.44,1
fwjViSnC,Thompson J.,Halys Q.,0,0,hc,-3.50,home,ft,2.805,2
fwjViSnC,Thompson J.,Halys Q.,0,0,hc,-3.50,away,ft,1.395,2
fwjViSnC,Thompson J.,Halys Q.,0,0,hc,-4.00,home,ft,3.62,1
fwjViSnC,Thompson J.,Halys Q.,0,0,hc,-4.00,away,ft,1.22,1
fwjViSnC,Thompson J.,Halys Q.,0,0,hc,-4.50,home,ft,4.04,1
fwjViSnC,Thompson J.,Halys Q.,0,0,hc,-4.50,away,ft,1.18,1
GCOIVv3D,Popyrin A.,Auger-Aliassime F.,2,2,ou,2.50,over,ft,3.26,1
GCOIVv3D,Popyrin A.,Auger-Aliassime F.,2,2,ou,2.50,under,ft,1.36,1
GCOIVv3D,Popyrin A.,Auger-Aliassime F.,2,2,ou,15.50,over,ft,1.02,1
GCOIVv3D,Popyrin A.,Auger-Aliassime F.,2,2,ou,15.50,under,ft,38.62,1
GCOIVv3D,Popyrin A.,Auger-Aliassime F.,2,2,ou,16.50,over,ft,1.05,1
GCOIVv3D,Popyrin A.,Auger-Aliassime F.,2,2,ou,16.50,under,ft,16.67,1
GCOIVv3D,Popyrin A.,Auger-Aliassime F.,2,2,ou,17.50,over,ft,1.13,1
GCOIVv3D,Popyrin A.,Auger-Aliassime F.,2,2,ou,17.50,under,ft,7.89,1
GCOIVv3D,Popyrin A.,Auger-Aliassime F.,2,2,ou,18.50,over,ft,1.225,2
GCOIVv3D,Popyrin A.,Auger-Aliassime F.,2,2,ou,18.50,under,ft,4.35,2
GCOIVv3D,Popyrin A.,Auger-Aliassime F.,2,2,ou,19.00,over,ft,1.25,1
GCOIVv3D,Popyrin A.,Auger-Aliassime F.,2,2,ou,19.00,under,ft,3.5,1
GCOIVv3D,Popyrin A.,Auger-Aliassime F.,2,2,ou,19.50,over,ft,1.38,2
GCOIVv3D,Popyrin A.,Auger-Aliassime F.,2,2,ou,19.50,under,ft,3.135,2
GCOIVv3D,Popyrin A.,Auger-Aliassime F.,2,2,ou,20.00,over,ft,1.43,1
GCOIVv3D,Popyrin A.,Auger-Aliassime F.,2,2,ou,20.00,under,ft,2.67,1
GCOIVv3D,Popyrin A.,Auger-Aliassime F.,2,2,ou,20.50,over,ft,1.6,3
GCOIVv3D,Popyrin A.,Auger-Aliassime F.,2,2,ou,20.50,under,ft,2.413,3
GCOIVv3D,Popyrin A.,Auger-Aliassime F.,2,2,ou,21.00,over,ft,1.67,2
GCOIVv3D,Popyrin A.,Auger-Aliassime F.,2,2,ou,21.00,under,ft,2.21,2
GCOIVv3D,Popyrin A.,Auger-Aliassime F.,2,2,ou,21.50,over,ft,1.787,3
GCOIVv3D,Popyrin A.,Auger-Aliassime F.,2,2,ou,21.50,under,ft,2.103,3
GCOIVv3D,Popyrin A.,Auger-Aliassime F.,2,2,ou,22.00,over,ft,1.955,2
GCOIVv3D,Popyrin A.,Auger-Aliassime F.,2,2,ou,22.00,under,ft,1.855,2
GCOIVv3D,Popyrin A.,Auger-Aliassime F.,2,2,ou,22.50,over,ft,2.15,3
GCOIVv3D,Popyrin A.,Auger-Aliassime F.,2,2,ou,22.50,under,ft,1.747,3
GCOIVv3D,Popyrin A.,Auger-Aliassime F.,2,2,ou,23.00,over,ft,2.405,2
GCOIVv3D,Popyrin A.,Auger-Aliassime F.,2,2,ou,23.00,under,ft,1.56,2
GCOIVv3D,Popyrin A.,Auger-Aliassime F.,2,2,ou,23.50,over,ft,2.525,2
GCOIVv3D,Popyrin A.,Auger-Aliassime F.,2,2,ou,23.50,under,ft,1.545,2
GCOIVv3D,Popyrin A.,Auger-Aliassime F.,2,2,ou,24.00,over,ft,2.47,1
GCOIVv3D,Popyrin A.,Auger-Aliassime F.,2,2,ou,24.00,under,ft,1.47,1
GCOIVv3D,Popyrin A.,Auger-Aliassime F.,2,2,ou,24.50,over,ft,2.48,1
GCOIVv3D,Popyrin A.,Auger-Aliassime F.,2,2,ou,24.50,under,ft,1.46,1
GCOIVv3D,Popyrin A.,Auger-Aliassime F.,2,2,ou,25.50,over,ft,2.88,1
GCOIVv3D,Popyrin A.,Auger-Aliassime F.,2,2,ou,25.50,under,ft,1.51,1
GCOIVv3D,Popyrin A.,Auger-Aliassime F.,2,2,ou,26.50,over,ft,3.32,1
GCOIVv3D,Popyrin A.,Auger-Aliassime F.,2,2,ou,26.50,under,ft,1.41,1
GCOIVv3D,Popyrin A.,Auger-Aliassime F.,2,2,ou,27.50,over,ft,3.5,1
GCOIVv3D,Popyrin A.,Auger-Aliassime F.,2,2,ou,27.50,under,ft,1.38,1
GCOIVv3D,Popyrin A.,Auger-Aliassime F.,2,2,ou,28.50,over,ft,3.87,1
GCOIVv3D,Popyrin A.,Auger-Aliassime F.,2,2,ou,28.50,under,ft,1.33,1
GCOIVv3D,Popyrin A.,Auger-Aliassime F.,2,2,ou,29.50,over,ft,4.26,1
GCOIVv3D,Popyrin A.,Auger-Aliassime F.,2,2,ou,29.50,under,ft,1.29,1
GCOIVv3D,Popyrin A.,Auger-Aliassime F.,2,2,ou,30.50,over,ft,4.91,1
GCOIVv3D,Popyrin A.,Auger-Aliassime F.,2,2,ou,30.50,under,ft,1.24,1
GCOIVv3D,Popyrin A.,Auger-Aliassime F.,2,2,ou,31.50,over,ft,5.89,1
GCOIVv3D,Popyrin A.,Auger-Aliassime F.,2,2,ou,31.50,under,ft,1.19,1
GCOIVv3D,Popyrin A.,Auger-Aliassime F.,2,2,ou,32.50,over,ft,8.0,1
GCOIVv3D,Popyrin A.,Auger-Aliassime F.,2,2,ou,32.50,under,ft,1.13,1
GCOIVv3D,Popyrin A.,Auger-Aliassime F.,2,2,ou,33.50,over,ft,9.91,1
GCOIVv3D,Popyrin A.,Auger-Aliassime F.,2,2,ou,33.50,under,ft,1.1,1
GCOIVv3D,Popyrin A.,Auger-Aliassime F.,2,2,ou,34.50,over,ft,11.89,1
GCOIVv3D,Popyrin A.,Auger-Aliassime F.,2,2,ou,34.50,under,ft,1.08,1
GCOIVv3D,Popyrin A.,Auger-Aliassime F.,2,2,ou,35.50,over,ft,20.63,1
GCOIVv3D,Popyrin A.,Auger-Aliassime F.,2,2,ou,35.50,under,ft,1.04,1
GCOIVv3D,Popyrin A.,Auger-Aliassime F.,2,2,ou,36.50,over,ft,33.77,1
GCOIVv3D,Popyrin A.,Auger-Aliassime F.,2,2,ou,36.50,under,ft,1.02,1
GCOIVv3D,Popyrin A.,Auger-Aliassime F.,2,2,hc,0,home,ft,4.57,1
GCOIVv3D,Popyrin A.,Auger-Aliassime F.,2,2,hc,0,away,ft,1.08,1
GCOIVv3D,Popyrin A.,Auger-Aliassime F.,2,2,hc,1.50,home,ft,2.547,3
GCOIVv3D,Popyrin A.,Auger-Aliassime F.,2,2,hc,1.50,away,ft,1.557,3
GCOIVv3D,Popyrin A.,Auger-Aliassime F.,2,2,hc,-1.50,home,ft,11.633,3
GCOIVv3D,Popyrin A.,Auger-Aliassime F.,2,2,hc,-1.50,away,ft,1.057,3
GCOIVv3D,Popyrin A.,Auger-Aliassime F.,2,2,hc,0.50,home,ft,5.66,1
GCOIVv3D,Popyrin A.,Auger-Aliassime F.,2,2,hc,0.50,away,ft,1.2,1
GCOIVv3D,Popyrin A.,Auger-Aliassime F.,2,2,hc,-0.50,home,ft,6.76,1
GCOIVv3D,Popyrin A.,Auger-Aliassime F.,2,2,hc,-0.50,away,ft,1.16,1
GCOIVv3D,Popyrin A.,Auger-Aliassime F.,2,2,hc,1.50,home,ft,4.46,2
GCOIVv3D,Popyrin A.,Auger-Aliassime F.,2,2,hc,1.50,away,ft,1.215,2
GCOIVv3D,Popyrin A.,Auger-Aliassime F.,2,2,hc,-1.50,home,ft,8.0,1
GCOIVv3D,Popyrin A.,Auger-Aliassime F.,2,2,hc,-1.50,away,ft,1.13,1
GCOIVv3D,Popyrin A.,Auger-Aliassime F.,2,2,hc,2.00,home,ft,4.1,1
GCOIVv3D,Popyrin A.,Auger-Aliassime F.,2,2,hc,2.00,away,ft,1.19,1
GCOIVv3D,Popyrin A.,Auger-Aliassime F.,2,2,hc,2.50,home,ft,3.41,2
GCOIVv3D,Popyrin A.,Auger-Aliassime F.,2,2,hc,2.50,away,ft,1.335,2
GCOIVv3D,Popyrin A.,Auger-Aliassime F.,2,2,hc,-2.50,home,ft,10.8,1
GCOIVv3D,Popyrin A.,Auger-Aliassime F.,2,2,hc,-2.50,away,ft,1.09,1
GCOIVv3D,Popyrin A.,Auger-Aliassime F.,2,2,hc,3.00,home,ft,3.05,2
GCOIVv3D,Popyrin A.,Auger-Aliassime F.,2,2,hc,3.00,away,ft,1.37,2
GCOIVv3D,Popyrin A.,Auger-Aliassime F.,2,2,hc,3.50,home,ft,2.4,3
GCOIVv3D,Popyrin A.,Auger-Aliassime F.,2,2,hc,3.50,away,ft,1.61,3
GCOIVv3D,Popyrin A.,Auger-Aliassime F.,2,2,hc,-3.50,home,ft,17.36,1
GCOIVv3D,Popyrin A.,Auger-Aliassime F.,2,2,hc,-3.50,away,ft,1.05,1
GCOIVv3D,Popyrin A.,Auger-Aliassime F.,2,2,hc,4.00,home,ft,2.025,2
GCOIVv3D,Popyrin A.,Auger-Aliassime F.,2,2,hc,4.00,away,ft,1.8,2
GCOIVv3D,Popyrin A.,Auger-Aliassime F.,2,2,hc,4.50,home,ft,1.717,3
GCOIVv3D,Popyrin A.,Auger-Aliassime F.,2,2,hc,4.50,away,ft,2.223,3
GCOIVv3D,Popyrin A.,Auger-Aliassime F.,2,2,hc,-4.50,home,ft,33.77,1
GCOIVv3D,Popyrin A.,Auger-Aliassime F.,2,2,hc,-4.50,away,ft,1.02,1
GCOIVv3D,Popyrin A.,Auger-Aliassime F.,2,2,hc,5.00,home,ft,1.46,2
GCOIVv3D,Popyrin A.,Auger-Aliassime F.,2,2,hc,5.00,away,ft,2.74,2
GCOIVv3D,Popyrin A.,Auger-Aliassime F.,2,2,hc,5.50,home,ft,1.35,3
GCOIVv3D,Popyrin A.,Auger-Aliassime F.,2,2,hc,5.50,away,ft,3.34,3
GCOIVv3D,Popyrin A.,Auger-Aliassime F.,2,2,hc,6.00,home,ft,1.18,1
GCOIVv3D,Popyrin A.,Auger-Aliassime F.,2,2,hc,6.00,away,ft,4.5,1
GCOIVv3D,Popyrin A.,Auger-Aliassime F.,2,2,hc,6.50,home,ft,1.15,2
GCOIVv3D,Popyrin A.,Auger-Aliassime F.,2,2,hc,6.50,away,ft,5.89,2
GCOIVv3D,Popyrin A.,Auger-Aliassime F.,2,2,hc,7.00,home,ft,1.04,1
GCOIVv3D,Popyrin A.,Auger-Aliassime F.,2,2,hc,7.00,away,ft,8.4,1
GCOIVv3D,Popyrin A.,Auger-Aliassime F.,2,2,hc,7.50,home,ft,1.04,2
GCOIVv3D,Popyrin A.,Auger-Aliassime F.,2,2,hc,7.50,away,ft,12.13,2
GCOIVv3D,Popyrin A.,Auger-Aliassime F.,2,2,hc,8.50,home,ft,1.02,1
GCOIVv3D,Popyrin A.,Auger-Aliassime F.,2,2,hc,8.50,away,ft,36.87,1
QcbEeAmm,Rune H.,Nishioka Y.,1,1,ou,2.50,over,ft,2.71,1
QcbEeAmm,Rune H.,Nishioka Y.,1,1,ou,2.50,under,ft,1.49,1
QcbEeAmm,Rune H.,Nishioka Y.,1,1,ou,18.50,over,ft,1.28,1
QcbEeAmm,Rune H.,Nishioka Y.,1,1,ou,18.50,under,ft,3.22,1
QcbEeAmm,Rune H.,Nishioka Y.,1,1,ou,19.00,over,ft,1.32,1
QcbEeAmm,Rune H.,Nishioka Y.,1,1,ou,19.00,under,ft,3.05,1
QcbEeAmm,Rune H.,Nishioka Y.,1,1,ou,19.50,over,ft,1.46,2
QcbEeAmm,Rune H.,Nishioka Y.,1,1,ou,19.50,under,ft,2.64,2
QcbEeAmm,Rune H.,Nishioka Y.,1,1,ou,20.00,over,ft,1.51,1
QcbEeAmm,Rune H.,Nishioka Y.,1,1,ou,20.00,under,ft,2.43,1
QcbEeAmm,Rune H.,Nishioka Y.,1,1,ou,20.50,over,ft,1.67,3
QcbEeAmm,Rune H.,Nishioka Y.,1,1,ou,20.50,under,ft,2.21,3
QcbEeAmm,Rune H.,Nishioka Y.,1,1,ou,21.00,over,ft,1.74,2
QcbEeAmm,Rune H.,Nishioka Y.,1,1,ou,21.00,under,ft,2.1,2
QcbEeAmm,Rune H.,Nishioka Y.,1,1,ou,21.50,over,ft,1.847,3
QcbEeAmm,Rune H.,Nishioka Y.,1,1,ou,21.50,under,ft,1.967,3
QcbEeAmm,Rune H.,Nishioka Y.,1,1,ou,22.00,over,ft,1.995,2
QcbEeAmm,Rune H.,Nishioka Y.,1,1,ou,22.00,under,ft,1.82,2
QcbEeAmm,Rune H.,Nishioka Y.,1,1,ou,22.50,over,ft,2.147,3
QcbEeAmm,Rune H.,Nishioka Y.,1,1,ou,22.50,under,ft,1.707,3
QcbEeAmm,Rune H.,Nishioka Y.,1,1,ou,23.00,over,ft,2.29,2
QcbEeAmm,Rune H.,Nishioka Y.,1,1,ou,23.00,under,ft,1.615,2
QcbEeAmm,Rune H.,Nishioka Y.,1,1,ou,23.50,over,ft,2.39,2
QcbEeAmm,Rune H.,Nishioka Y.,1,1,ou,23.50,under,ft,1.55,2
QcbEeAmm,Rune H.,Nishioka Y.,1,1,ou,24.00,over,ft,2.39,1
QcbEeAmm,Rune H.,Nishioka Y.,1,1,ou,24.00,under,ft,1.5,1
QcbEeAmm,Rune H.,Nishioka Y.,1,1,ou,24.50,over,ft,2.465,2
QcbEeAmm,Rune H.,Nishioka Y.,1,1,ou,24.50,under,ft,1.51,2
QcbEeAmm,Rune H.,Nishioka Y.,1,1,ou,25.00,over,ft,2.41,1
QcbEeAmm,Rune H.,Nishioka Y.,1,1,ou,25.00,under,ft,1.49,1
QcbEeAmm,Rune H.,Nishioka Y.,1,1,ou,25.50,over,ft,2.695,2
QcbEeAmm,Rune H.,Nishioka Y.,1,1,ou,25.50,under,ft,1.445,2
QcbEeAmm,Rune H.,Nishioka Y.,1,1,ou,26.50,over,ft,2.92,1
QcbEeAmm,Rune H.,Nishioka Y.,1,1,ou,26.50,under,ft,1.41,1
QcbEeAmm,Rune H.,Nishioka Y.,1,1,hc,0,home,ft,1.28,1
QcbEeAmm,Rune H.,Nishioka Y.,1,1,hc,0,away,ft,3.08,1
QcbEeAmm,Rune H.,Nishioka Y.,1,1,hc,1.50,home,ft,1.107,3
QcbEeAmm,Rune H.,Nishioka Y.,1,1,hc,1.50,away,ft,6.577,3
QcbEeAmm,Rune H.,Nishioka Y.,1,1,hc,-1.50,home,ft,1.873,3
QcbEeAmm,Rune H.,Nishioka Y.,1,1,hc,-1.50,away,ft,1.96,3
QcbEeAmm,Rune H.,Nishioka Y.,1,1,hc,-0.50,home,ft,1.27,1
QcbEeAmm,Rune H.,Nishioka Y.,1,1,hc,-0.50,away,ft,3.28,1
QcbEeAmm,Rune H.,Nishioka Y.,1,1,hc,-1.00,home,ft,1.3,1
QcbEeAmm,Rune H.,Nishioka Y.,1,1,hc,-1.00,away,ft,3.16,1
QcbEeAmm,Rune H.,Nishioka Y.,1,1,hc,1.50,home,ft,1.2,1
QcbEeAmm,Rune H.,Nishioka Y.,1,1,hc,1.50,away,ft,4.0,1
QcbEeAmm,Rune H.,Nishioka Y.,1,1,hc,-1.50,home,ft,1.39,2
QcbEeAmm,Rune H.,Nishioka Y.,1,1,hc,-1.50,away,ft,2.89,2
QcbEeAmm,Rune H.,Nishioka Y.,1,1,hc,-2.00,home,ft,1.38,1
QcbEeAmm,Rune H.,Nishioka Y.,1,1,hc,-2.00,away,ft,2.86,1
QcbEeAmm,Rune H.,Nishioka Y.,1,1,hc,-2.50,home,ft,1.49,3
QcbEeAmm,Rune H.,Nishioka Y.,1,1,hc,-2.50,away,ft,2.62,3
QcbEeAmm,Rune H.,Nishioka Y.,1,1,hc,-3.00,home,ft,1.555,2
QcbEeAmm,Rune H.,Nishioka Y.,1,1,hc,-3.00,away,ft,2.445,2
QcbEeAmm,Rune H.,Nishioka Y.,1,1,hc,-3.50,home,ft,1.7,3
QcbEeAmm,Rune H.,Nishioka Y.,1,1,hc,-3.50,away,ft,2.177,3
QcbEeAmm,Rune H.,Nishioka Y.,1,1,hc,-4.00,home,ft,1.915,2
QcbEeAmm,Rune H.,Nishioka Y.,1,1,hc,-4.00,away,ft,1.89,2
QcbEeAmm,Rune H.,Nishioka Y.,1,1,hc,-4.50,home,ft,2.157,3
QcbEeAmm,Rune H.,Nishioka Y.,1,1,hc,-4.50,away,ft,1.703,3
QcbEeAmm,Rune H.,Nishioka Y.,1,1,hc,-5.00,home,ft,2.645,2
QcbEeAmm,Rune H.,Nishioka Y.,1,1,hc,-5.00,away,ft,1.475,2
QcbEeAmm,Rune H.,Nishioka Y.,1,1,hc,-5.50,home,ft,2.89,2
QcbEeAmm,Rune H.,Nishioka Y.,1,1,hc,-5.50,away,ft,1.39,2
QcbEeAmm,Rune H.,Nishioka Y.,1,1,hc,-6.00,home,ft,3.84,1
QcbEeAmm,Rune H.,Nishioka Y.,1,1,hc,-6.00,away,ft,1.21,1
QcbEeAmm,Rune H.,Nishioka Y.,1,1,hc,-6.50,home,ft,4.3,1
QcbEeAmm,Rune H.,Nishioka Y.,1,1,hc,-6.50,away,ft,1.17,1
QcbEeAmm,Rune H.,Nishioka Y.,1,1,hc,-7.00,home,ft,6.55,1
QcbEeAmm,Rune H.,Nishioka Y.,1,1,hc,-7.00,away,ft,1.07,1
QcbEeAmm,Rune H.,Nishioka Y.,1,1,hc,-7.50,home,ft,6.95,1
QcbEeAmm,Rune H.,Nishioka Y.,1,1,hc,-7.50,away,ft,1.06,1
SrfEEkfP,Kecmanovic M.,O'Connell C.,2,2,ou,2.50,over,ft,2.42,1
SrfEEkfP,Kecmanovic M.,O'Connell C.,2,2,ou,2.50,under,ft,1.59,1
SrfEEkfP,Kecmanovic M.,O'Connell C.,2,2,ou,19.50,over,ft,1.29,1
SrfEEkfP,Kecmanovic M.,O'Connell C.,2,2,ou,19.50,under,ft,3.16,1
SrfEEkfP,Kecmanovic M.,O'Connell C.,2,2,ou,20.00,over,ft,1.33,1
SrfEEkfP,Kecmanovic M.,O'Connell C.,2,2,ou,20.00,under,ft,2.98,1
SrfEEkfP,Kecmanovic M.,O'Connell C.,2,2,ou,20.50,over,ft,1.48,2
SrfEEkfP,Kecmanovic M.,O'Connell C.,2,2,ou,20.50,under,ft,2.585,2
SrfEEkfP,Kecmanovic M.,O'Connell C.,2,2,ou,21.00,over,ft,1.5,1
SrfEEkfP,Kecmanovic M.,O'Connell C.,2,2,ou,21.00,under,ft,2.46,1
SrfEEkfP,Kecmanovic M.,O'Connell C.,2,2,ou,21.50,over,ft,1.633,3
SrfEEkfP,Kecmanovic M.,O'Connell C.,2,2,ou,21.50,under,ft,2.28,3
SrfEEkfP,Kecmanovic M.,O'Connell C.,2,2,ou,22.00,over,ft,1.73,2
SrfEEkfP,Kecmanovic M.,O'Connell C.,2,2,ou,22.00,under,ft,2.115,2
SrfEEkfP,Kecmanovic M.,O'Connell C.,2,2,ou,22.50,over,ft,1.89,3
SrfEEkfP,Kecmanovic M.,O'Connell C.,2,2,ou,22.50,under,ft,1.947,3
SrfEEkfP,Kecmanovic M.,O'Connell C.,2,2,ou,23.00,over,ft,2.015,2
SrfEEkfP,Kecmanovic M.,O'Connell C.,2,2,ou,23.00,under,ft,1.8,2
SrfEEkfP,Kecmanovic M.,O'Connell C.,2,2,ou,23.50,over,ft,2.137,3
SrfEEkfP,Kecmanovic M.,O'Connell C.,2,2,ou,23.50,under,ft,1.713,3
SrfEEkfP,Kecmanovic M.,O'Connell C.,2,2,ou,24.00,over,ft,2.12,1
SrfEEkfP,Kecmanovic M.,O'Connell C.,2,2,ou,24.00,under,ft,1.66,1
SrfEEkfP,Kecmanovic M.,O'Connell C.,2,2,ou,24.50,over,ft,2.165,2
SrfEEkfP,Kecmanovic M.,O'Connell C.,2,2,ou,24.50,under,ft,1.665,2
SrfEEkfP,Kecmanovic M.,O'Connell C.,2,2,ou,25.00,over,ft,2.23,1
SrfEEkfP,Kecmanovic M.,O'Connell C.,2,2,ou,25.00,under,ft,1.57,1
SrfEEkfP,Kecmanovic M.,O'Connell C.,2,2,ou,25.50,over,ft,2.34,2
SrfEEkfP,Kecmanovic M.,O'Connell C.,2,2,ou,25.50,under,ft,1.56,2
SrfEEkfP,Kecmanovic M.,O'Connell C.,2,2,ou,26.50,over,ft,2.69,1
SrfEEkfP,Kecmanovic M.,O'Connell C.,2,2,ou,26.50,under,ft,1.47,1
SrfEEkfP,Kecmanovic M.,O'Connell C.,2,2,hc,1.50,home,ft,1.237,3
SrfEEkfP,Kecmanovic M.,O'Connell C.,2,2,hc,1.50,away,ft,4.06,3
SrfEEkfP,Kecmanovic M.,O'Connell C.,2,2,hc,-1.50,home,ft,2.46,3
SrfEEkfP,Kecmanovic M.,O'Connell C.,2,2,hc,-1.50,away,ft,1.543,3
SrfEEkfP,Kecmanovic M.,O'Connell C.,2,2,hc,0,home,ft,1.56,1
SrfEEkfP,Kecmanovic M.,O'Connell C.,2,2,hc,0,away,ft,2.22,1
SrfEEkfP,Kecmanovic M.,O'Connell C.,2,2,hc,0.50,home,ft,1.495,2
SrfEEkfP,Kecmanovic M.,O'Connell C.,2,2,hc,0.50,away,ft,2.5,2
SrfEEkfP,Kecmanovic M.,O'Connell C.,2,2,hc,-0.50,home,ft,1.585,2
SrfEEkfP,Kecmanovic M.,O'Connell C.,2,2,hc,-0.50,away,ft,2.285,2
SrfEEkfP,Kecmanovic M.,O'Connell C.,2,2,hc,1.00,home,ft,1.38,1
SrfEEkfP,Kecmanovic M.,O'Connell C.,2,2,hc,1.00,away,ft,2.72,1
SrfEEkfP,Kecmanovic M.,O'Connell C.,2,2,hc,-1.00,home,ft,1.63,2
SrfEEkfP,Kecmanovic M.,O'Connell C.,2,2,hc,-1.00,away,ft,2.21,2
SrfEEkfP,Kecmanovic M.,O'Connell C.,2,2,hc,1.50,home,ft,1.455,2
SrfEEkfP,Kecmanovic M.,O'Connell C.,2,2,hc,1.50,away,ft,2.61,2
SrfEEkfP,Kecmanovic M.,O'Connell C.,2,2,hc,-1.50,home,ft,1.723,3
SrfEEkfP,Kecmanovic M.,O'Connell C.,2,2,hc,-1.50,away,ft,2.097,3
SrfEEkfP,Kecmanovic M.,O'Connell C.,2,2,hc,2.00,home,ft,1.38,1
SrfEEkfP,Kecmanovic M.,O'Connell C.,2,2,hc,2.00,away,ft,2.72,1
SrfEEkfP,Kecmanovic M.,O'Connell C.,2,2,hc,-2.00,home,ft,1.77,2
SrfEEkfP,Kecmanovic M.,O'Connell C.,2,2,hc,-2.00,away,ft,2.0,2
SrfEEkfP,Kecmanovic M.,O'Connell C.,2,2,hc,-2.50,home,ft,1.973,3
SrfEEkfP,Kecmanovic M.,O'Connell C.,2,2,hc,-2.50,away,ft,1.883,3
SrfEEkfP,Kecmanovic M.,O'Connell C.,2,2,hc,-3.00,home,ft,2.09,2
SrfEEkfP,Kecmanovic M.,O'Connell C.,2,2,hc,-3.00,away,ft,1.705,2
SrfEEkfP,Kecmanovic M.,O'Connell C.,2,2,hc,-3.50,home,ft,2.31,3
SrfEEkfP,Kecmanovic M.,O'Connell C.,2,2,hc,-3.50,away,ft,1.593,3
SrfEEkfP,Kecmanovic M.,O'Connell C.,2,2,hc,-4.00,home,ft,2.58,1
SrfEEkfP,Kecmanovic M.,O'Connell C.,2,2,hc,-4.00,away,ft,1.42,1
SrfEEkfP,Kecmanovic M.,O'Connell C.,2,2,hc,-4.50,home,ft,2.87,1
SrfEEkfP,Kecmanovic M.,O'Connell C.,2,2,hc,-4.50,away,ft,1.34,1
SrfEEkfP,Kecmanovic M.,O'Connell C.,2,2,hc,-5.00,home,ft,3.72,1
SrfEEkfP,Kecmanovic M.,O'Connell C.,2,2,hc,-5.00,away,ft,1.21,1
SrfEEkfP,Kecmanovic M.,O'Connell C.,2,2,hc,-5.50,home,ft,4.18,1
SrfEEkfP,Kecmanovic M.,O'Connell C.,2,2,hc,-5.50,away,ft,1.17,1
zk7Sjn2I,McDonald M.,Galan D. E.,,,ou,2.50,over,ft,2.48,1
zk7Sjn2I,McDonald M.,Galan D. E.,,,ou,2.50,under,ft,1.57,1
zk7Sjn2I,McDonald M.,Galan D. E.,,,ou,19.50,over,ft,1.385,2
zk7Sjn2I,McDonald M.,Galan D. E.,,,ou,19.50,under,ft,2.865,2
zk7Sjn2I,McDonald M.,Galan D. E.,,,ou,20.00,over,ft,1.4,1
zk7Sjn2I,McDonald M.,Galan D. E.,,,ou,20.00,under,ft,2.69,1
zk7Sjn2I,McDonald M.,Galan D. E.,,,ou,20.50,over,ft,1.54,2
zk7Sjn2I,McDonald M.,Galan D. E.,,,ou,20.50,under,ft,2.42,2
zk7Sjn2I,McDonald M.,Galan D. E.,,,ou,21.00,over,ft,1.625,2
zk7Sjn2I,McDonald M.,Galan D. E.,,,ou,21.00,under,ft,2.26,2
zk7Sjn2I,McDonald M.,Galan D. E.,,,ou,21.50,over,ft,1.727,3
zk7Sjn2I,McDonald M.,Galan D. E.,,,ou,21.50,under,ft,2.12,3
zk7Sjn2I,McDonald M.,Galan D. E.,,,ou,22.00,over,ft,1.85,2
zk7Sjn2I,McDonald M.,Galan D. E.,,,ou,22.00,under,ft,1.955,2
zk7Sjn2I,McDonald M.,Galan D. E.,,,ou,22.50,over,ft,2.003,3
zk7Sjn2I,McDonald M.,Galan D. E.,,,ou,22.50,under,ft,1.83,3
zk7Sjn2I,McDonald M.,Galan D. E.,,,ou,23.00,over,ft,2.15,2
zk7Sjn2I,McDonald M.,Galan D. E.,,,ou,23.00,under,ft,1.705,2
zk7Sjn2I,McDonald M.,Galan D. E.,,,ou,23.50,over,ft,2.243,3
zk7Sjn2I,McDonald M.,Galan D. E.,,,ou,23.50,under,ft,1.65,3
zk7Sjn2I,McDonald M.,Galan D. E.,,,ou,24.00,over,ft,2.27,1
zk7Sjn2I,McDonald M.,Galan D. E.,,,ou,24.00,under,ft,1.58,1
zk7Sjn2I,McDonald M.,Galan D. E.,,,ou,24.50,over,ft,2.3,2
zk7Sjn2I,McDonald M.,Galan D. E.,,,ou,24.50,under,ft,1.59,2
zk7Sjn2I,McDonald M.,Galan D. E.,,,ou,25.00,over,ft,2.39,1
zk7Sjn2I,McDonald M.,Galan D. E.,,,ou,25.00,under,ft,1.5,1
zk7Sjn2I,McDonald M.,Galan D. E.,,,ou,25.50,over,ft,2.49,2
zk7Sjn2I,McDonald M.,Galan D. E.,,,ou,25.50,under,ft,1.5,2
zk7Sjn2I,McDonald M.,Galan D. E.,,,ou,26.50,over,ft,2.82,1
zk7Sjn2I,McDonald M.,Galan D. E.,,,ou,26.50,under,ft,1.44,1
zk7Sjn2I,McDonald M.,Galan D. E.,,,hc,0,home,ft,1.38,1
zk7Sjn2I,McDonald M.,Galan D. E.,,,hc,0,away,ft,2.72,1
zk7Sjn2I,McDonald M.,Galan D. E.,,,hc,1.50,home,ft,1.14,3
zk7Sjn2I,McDonald M.,Galan D. E.,,,hc,1.50,away,ft,5.617,3
zk7Sjn2I,McDonald M.,Galan D. E.,,,hc,-1.50,home,ft,2.017,3
zk7Sjn2I,McDonald M.,Galan D. E.,,,hc,-1.50,away,ft,1.793,3
zk7Sjn2I,McDonald M.,Galan D. E.,,,hc,0.50,home,ft,1.4,2
zk7Sjn2I,McDonald M.,Galan D. E.,,,hc,0.50,away,ft,2.825,2
zk7Sjn2I,McDonald M.,Galan D. E.,,,hc,-0.50,home,ft,1.36,2
zk7Sjn2I,McDonald M.,Galan D. E.,,,hc,-0.50,away,ft,2.985,2
zk7Sjn2I,McDonald M.,Galan D. E.,,,hc,1.00,home,ft,1.34,1
zk7Sjn2I,McDonald M.,Galan D. E.,,,hc,1.00,away,ft,2.9,1
zk7Sjn2I,McDonald M.,Galan D. E.,,,hc,-1.00,home,ft,1.34,1
zk7Sjn2I,McDonald M.,Galan D. E.,,,hc,-1.00,away,ft,2.95,1
zk7Sjn2I,McDonald M.,Galan D. E.,,,hc,1.50,home,ft,1.41,2
zk7Sjn2I,McDonald M.,Galan D. E.,,,hc,1.50,away,ft,2.805,2
zk7Sjn2I,McDonald M.,Galan D. E.,,,hc,-1.50,home,ft,1.517,3
zk7Sjn2I,McDonald M.,Galan D. E.,,,hc,-1.50,away,ft,2.557,3
zk7Sjn2I,McDonald M.,Galan D. E.,,,hc,-2.00,home,ft,1.535,2
zk7Sjn2I,McDonald M.,Galan D. E.,,,hc,-2.00,away,ft,2.48,2
zk7Sjn2I,McDonald M.,Galan D. E.,,,hc,-2.50,home,ft,1.59,3
zk7Sjn2I,McDonald M.,Galan D. E.,,,hc,-2.50,away,ft,2.367,3
zk7Sjn2I,McDonald M.,Galan D. E.,,,hc,-3.00,home,ft,1.69,2
zk7Sjn2I,McDonald M.,Galan D. E.,,,hc,-3.00,away,ft,2.17,2
zk7Sjn2I,McDonald M.,Galan D. E.,,,hc,-3.50,home,ft,1.887,3
zk7Sjn2I,McDonald M.,Galan D. E.,,,hc,-3.50,away,ft,1.937,3
zk7Sjn2I,McDonald M.,Galan D. E.,,,hc,-4.00,home,ft,2.14,2
zk7Sjn2I,McDonald M.,Galan D. E.,,,hc,-4.00,away,ft,1.71,2
zk7Sjn2I,McDonald M.,Galan D. E.,,,hc,-4.50,home,ft,2.45,3
zk7Sjn2I,McDonald M.,Galan D. E.,,,hc,-4.50,away,ft,1.553,3
zk7Sjn2I,McDonald M.,Galan D. E.,,,hc,-5.00,home,ft,2.95,1
zk7Sjn2I,McDonald M.,Galan D. E.,,,hc,-5.00,away,ft,1.36,1
zk7Sjn2I,McDonald M.,Galan D. E.,,,hc,-5.50,home,ft,3.32,1
zk7Sjn2I,McDonald M.,Galan D. E.,,,hc,-5.50,away,ft,1.29,1
zk7Sjn2I,McDonald M.,Galan D. E.,,,hc,-6.00,home,ft,4.74,1
zk7Sjn2I,McDonald M.,Galan D. E.,,,hc,-6.00,away,ft,1.14,1
zk7Sjn2I,McDonald M.,Galan D. E.,,,hc,-6.50,home,ft,5.15,1
zk7Sjn2I,McDonald M.,Galan D. E.,,,hc,-6.50,away,ft,1.12,1
