match_id,home,away,home_score,away_score,market,line,side,period,avg_odds,n_bookies
plKMNNN7,Humbert U.,Ruud C.,0,0,ou,2.50,over,ft,2.34,3
plKMNNN7,Humbert U.,Ruud C.,0,0,ou,2.50,under,ft,1.63,3
plKMNNN7,Humbert U.,Ruud C.,0,0,ou,19.50,over,ft,1.23,1
plKMNNN7,Humbert U.,Ruud C.,0,0,ou,19.50,under,ft,3.42,1
plKMNNN7,Humbert U.,Ruud C.,0,0,ou,20.00,over,ft,1.26,1
plKMNNN7,Humbert U.,Ruud C.,0,0,ou,20.00,under,ft,3.28,1
plKMNNN7,Humbert U.,Ruud C.,0,0,ou,20.50,over,ft,1.38,2
plKMNNN7,Humbert U.,Ruud C.,0,0,ou,20.50,under,ft,2.765,2
plKMNNN7,Humbert U.,Ruud C.,0,0,ou,21.00,over,ft,1.41,1
plKMNNN7,Humbert U.,Ruud C.,0,0,ou,21.00,under,ft,2.64,1
plKMNNN7,Humbert U.,Ruud C.,0,0,ou,21.50,over,ft,1.52,3
plKMNNN7,Humbert U.,Ruud C.,0,0,ou,21.50,under,ft,2.367,3
plKMNNN7,Humbert U.,Ruud C.,0,0,ou,22.00,over,ft,1.635,4
plKMNNN7,Humbert U.,Ruud C.,0,0,ou,22.00,under,ft,2.263,4
plKMNNN7,Humbert U.,Ruud C.,0,0,ou,22.50,over,ft,1.782,6
plKMNNN7,Humbert U.,Ruud C.,0,0,ou,22.50,under,ft,2.013,6
plKMNNN7,Humbert U.,Ruud C.,0,0,ou,23.00,over,ft,1.915,4
plKMNNN7,Humbert U.,Ruud C.,0,0,ou,23.00,under,ft,1.89,4
plKMNNN7,Humbert U.,Ruud C.,0,0,ou,23.50,over,ft,2.017,6
plKMNNN7,Humbert U.,Ruud C.,0,0,ou,23.50,under,ft,1.775,6
plKMNNN7,Humbert U.,Ruud C.,0,0,ou,24.00,over,ft,2.072,4
plKMNNN7,Humbert U.,Ruud C.,0,0,ou,24.00,under,ft,1.742,4
plKMNNN7,Humbert U.,Ruud C.,0,0,ou,24.50,over,ft,2.053,3
plKMNNN7,Humbert U.,Ruud C.,0,0,ou,24.50,under,ft,1.71,3
plKMNNN7,Humbert U.,Ruud C.,0,0,ou,25.00,over,ft,2.08,1
plKMNNN7,Humbert U.,Ruud C.,0,0,ou,25.00,under,ft,1.62,1
plKMNNN7,Humbert U.,Ruud C.,0,0,ou,25.50,over,ft,2.17,2
plKMNNN7,Humbert U.,Ruud C.,0,0,ou,25.50,under,ft,1.585,2
plKMNNN7,Humbert U.,Ruud C.,0,0,ou,26.00,over,ft,2.29,1
plKMNNN7,Humbert U.,Ruud C.,0,0,ou,26.00,under,ft,1.51,1
plKMNNN7,Humbert U.,Ruud C.,0,0,ou,26.50,over,ft,2.43,2
plKMNNN7,Humbert U.,Ruud C.,0,0,ou,26.50,under,ft,1.475,2
plKMNNN7,Humbert U.,Ruud C.,0,0,ou,27.50,over,ft,2.69,1
plKMNNN7,Humbert U.,Ruud C.,0,0,ou,27.50,under,ft,1.39,1
plKMNNN7,Humbert U.,Ruud C.,0,0,ou,28.50,over,ft,3.13,1
plKMNNN7,Humbert U.,Ruud C.,0,0,ou,28.50,under,ft,1.29,1
plKMNNN7,Humbert U.,Ruud C.,0,0,hc,1.50,home,ft,1.526,5
plKMNNN7,Humbert U.,Ruud C.,0,0,hc,1.50,away,ft,2.468,5
plKMNNN7,Humbert U.,Ruud C.,0,0,hc,-1.50,home,ft,4.157,4
plKMNNN7,Humbert U.,Ruud C.,0,0,hc,-1.50,away,ft,1.232,4
plKMNNN7,Humbert U.,Ruud C.,0,0,hc,0,home,ft,2.39,1
plKMNNN7,Humbert U.,Ruud C.,0,0,hc,0,away,ft,1.52,1
plKMNNN7,Humbert U.,Ruud C.,0,0,hc,12.50,home,ft,1.8,1
plKMNNN7,Humbert U.,Ruud C.,0,0,hc,12.50,away,ft,2.15,1
plKMNNN7,Humbert U.,Ruud C.,0,0,hc,13.00,home,ft,1.54,1
plKMNNN7,Humbert U.,Ruud C.,0,0,hc,13.00,away,ft,1.77,1
plKMNNN7,Humbert U.,Ruud C.,0,0,hc,0.50,home,ft,2.21,3
plKMNNN7,Humbert U.,Ruud C.,0,0,hc,0.50,away,ft,1.693,3
plKMNNN7,Humbert U.,Ruud C.,0,0,hc,-0.50,home,ft,2.5,1
plKMNNN7,Humbert U.,Ruud C.,0,0,hc,-0.50,away,ft,1.48,1
plKMNNN7,Humbert U.,Ruud C.,0,0,hc,1.00,home,ft,2.223,3
plKMNNN7,Humbert U.,Ruud C.,0,0,hc,1.00,away,ft,1.67,3
plKMNNN7,Humbert U.,Ruud C.,0,0,hc,-1.00,home,ft,2.42,1
plKMNNN7,Humbert U.,Ruud C.,0,0,hc,-1.00,away,ft,1.47,1
plKMNNN7,Humbert U.,Ruud C.,0,0,hc,1.50,home,ft,2.066,5
plKMNNN7,Humbert U.,Ruud C.,0,0,hc,1.50,away,ft,1.738,5
plKMNNN7,Humbert U.,Ruud C.,0,0,hc,-1.50,home,ft,2.43,1
plKMNNN7,Humbert U.,Ruud C.,0,0,hc,-1.50,away,ft,1.47,1
plKMNNN7,Humbert U.,Ruud C.,0,0,hc,2.00,home,ft,1.98,3
plKMNNN7,Humbert U.,Ruud C.,0,0,hc,2.00,away,ft,1.847,3
plKMNNN7,Humbert U.,Ruud C.,0,0,hc,-2.00,home,ft,1.92,1
plKMNNN7,Humbert U.,Ruud C.,0,0,hc,-2.00,away,ft,1.9,1
plKMNNN7,Humbert U.,Ruud C.,0,0,hc,2.50,home,ft,1.845,4
plKMNNN7,Humbert U.,Ruud C.,0,0,hc,2.50,away,ft,1.97,4
plKMNNN7,Humbert U.,Ruud C.,0,0,hc,3.00,home,ft,1.667,3
plKMNNN7,Humbert U.,Ruud C.,0,0,hc,3.00,away,ft,2.223,3
plKMNNN7,Humbert U.,Ruud C.,0,0,hc,3.50,home,ft,1.53,4
plKMNNN7,Humbert U.,Ruud C.,0,0,hc,3.50,away,ft,2.415,4
plKMNNN7,Humbert U.,Ruud C.,0,0,hc,4.00,home,ft,1.36,1
plKMNNN7,Humbert U.,Ruud C.,0,0,hc,4.00,away,ft,2.94,1
plKMNNN7,Humbert U.,Ruud C.,0,0,hc,4.50,home,ft,1.29,1
plKMNNN7,Humbert U.,Ruud C.,0,0,hc,4.50,away,ft,3.32,1
plKMNNN7,Humbert U.,Ruud C.,0,0,hc,5.00,home,ft,1.16,1
plKMNNN7,Humbert U.,Ruud C.,0,0,hc,5.00,away,ft,4.7,1
plKMNNN7,Humbert U.,Ruud C.,0,0,hc,5.50,home,ft,1.13,1
plKMNNN7,Humbert U.,Ruud C.,0,0,hc,5.50,away,ft,5.2,1
rmfKZEbc,Shapovalov D.,Ruud C.,0,0,ou,2.50,over,ft,2.315,2
rmfKZEbc,Shapovalov D.,Ruud C.,0,0,ou,2.50,under,ft,1.665,2
rmfKZEbc,Shapovalov D.,Ruud C.,0,0,ou,18.50,over,ft,1.22,1
rmfKZEbc,Shapovalov D.,Ruud C.,0,0,ou,18.50,under,ft,4.38,1
rmfKZEbc,Shapovalov D.,Ruud C.,0,0,ou,19.50,over,ft,1.29,1
rmfKZEbc,Shapovalov D.,Ruud C.,0,0,ou,19.50,under,ft,3.13,1
rmfKZEbc,Shapovalov D.,Ruud C.,0,0,ou,20.00,over,ft,1.33,1
rmfKZEbc,Shapovalov D.,Ruud C.,0,0,ou,20.00,under,ft,2.88,1
rmfKZEbc,Shapovalov D.,Ruud C.,0,0,ou,20.50,over,ft,1.465,2
rmfKZEbc,Shapovalov D.,Ruud C.,0,0,ou,20.50,under,ft,2.57,2
rmfKZEbc,Shapovalov D.,Ruud C.,0,0,ou,21.00,over,ft,1.49,1
rmfKZEbc,Shapovalov D.,Ruud C.,0,0,ou,21.00,under,ft,2.4,1
rmfKZEbc,Shapovalov D.,Ruud C.,0,0,ou,21.50,over,ft,1.587,6
rmfKZEbc,Shapovalov D.,Ruud C.,0,0,ou,21.50,under,ft,2.3,6
rmfKZEbc,Shapovalov D.,Ruud C.,0,0,ou,22.00,over,ft,1.718,4
rmfKZEbc,Shapovalov D.,Ruud C.,0,0,ou,22.00,under,ft,2.125,4
rmfKZEbc,Shapovalov D.,Ruud C.,0,0,ou,22.50,over,ft,1.838,6
rmfKZEbc,Shapovalov D.,Ruud C.,0,0,ou,22.50,under,ft,1.933,6
rmfKZEbc,Shapovalov D.,Ruud C.,0,0,ou,23.00,over,ft,1.972,4
rmfKZEbc,Shapovalov D.,Ruud C.,0,0,ou,23.00,under,ft,1.828,4
rmfKZEbc,Shapovalov D.,Ruud C.,0,0,ou,23.50,over,ft,2.05,6
rmfKZEbc,Shapovalov D.,Ruud C.,0,0,ou,23.50,under,ft,1.753,6
rmfKZEbc,Shapovalov D.,Ruud C.,0,0,ou,24.00,over,ft,2.11,4
rmfKZEbc,Shapovalov D.,Ruud C.,0,0,ou,24.00,under,ft,1.712,4
rmfKZEbc,Shapovalov D.,Ruud C.,0,0,ou,24.50,over,ft,2.053,3
rmfKZEbc,Shapovalov D.,Ruud C.,0,0,ou,24.50,under,ft,1.7,3
rmfKZEbc,Shapovalov D.,Ruud C.,0,0,ou,25.00,over,ft,2.18,1
rmfKZEbc,Shapovalov D.,Ruud C.,0,0,ou,25.00,under,ft,1.56,1
rmfKZEbc,Shapovalov D.,Ruud C.,0,0,ou,25.50,over,ft,2.26,1
rmfKZEbc,Shapovalov D.,Ruud C.,0,0,ou,25.50,under,ft,1.54,1
rmfKZEbc,Shapovalov D.,Ruud C.,0,0,ou,26.00,over,ft,2.29,1
rmfKZEbc,Shapovalov D.,Ruud C.,0,0,ou,26.00,under,ft,1.51,1
rmfKZEbc,Shapovalov D.,Ruud C.,0,0,ou,26.50,over,ft,2.59,2
rmfKZEbc,Shapovalov D.,Ruud C.,0,0,ou,26.50,under,ft,1.455,2
rmfKZEbc,Shapovalov D.,Ruud C.,0,0,ou,27.00,over,ft,2.33,1
rmfKZEbc,Shapovalov D.,Ruud C.,0,0,ou,27.00,under,ft,1.48,1
rmfKZEbc,Shapovalov D.,Ruud C.,0,0,ou,27.50,over,ft,2.79,1
rmfKZEbc,Shapovalov D.,Ruud C.,0,0,ou,27.50,under,ft,1.36,1
rmfKZEbc,Shapovalov D.,Ruud C.,0,0,hc,1.50,home,ft,1.57,5
rmfKZEbc,Shapovalov D.,Ruud C.,0,0,hc,1.50,away,ft,2.372,5
rmfKZEbc,Shapovalov D.,Ruud C.,0,0,hc,-1.50,home,ft,4.383,4
rmfKZEbc,Shapovalov D.,Ruud C.,0,0,hc,-1.50,away,ft,1.212,4
rmfKZEbc,Shapovalov D.,Ruud C.,0,0,hc,0,home,ft,2.38,1
rmfKZEbc,Shapovalov D.,Ruud C.,0,0,hc,0,away,ft,1.49,1
rmfKZEbc,Shapovalov D.,Ruud C.,0,0,hc,12.00,home,ft,1.87,1
rmfKZEbc,Shapovalov D.,Ruud C.,0,0,hc,12.00,away,ft,1.37,1
rmfKZEbc,Shapovalov D.,Ruud C.,0,0,hc,12.50,home,ft,1.68,1
rmfKZEbc,Shapovalov D.,Ruud C.,0,0,hc,12.50,away,ft,2.09,1
rmfKZEbc,Shapovalov D.,Ruud C.,0,0,hc,13.00,home,ft,1.51,1
rmfKZEbc,Shapovalov D.,Ruud C.,0,0,hc,13.00,away,ft,1.67,1
rmfKZEbc,Shapovalov D.,Ruud C.,0,0,hc,0.50,home,ft,2.188,4
rmfKZEbc,Shapovalov D.,Ruud C.,0,0,hc,0.50,away,ft,1.66,4
rmfKZEbc,Shapovalov D.,Ruud C.,0,0,hc,-0.50,home,ft,2.53,1
rmfKZEbc,Shapovalov D.,Ruud C.,0,0,hc,-0.50,away,ft,1.47,1
rmfKZEbc,Shapovalov D.,Ruud C.,0,0,hc,1.00,home,ft,2.247,3
rmfKZEbc,Shapovalov D.,Ruud C.,0,0,hc,1.00,away,ft,1.647,3
rmfKZEbc,Shapovalov D.,Ruud C.,0,0,hc,-1.00,home,ft,2.41,1
rmfKZEbc,Shapovalov D.,Ruud C.,0,0,hc,-1.00,away,ft,1.48,1
rmfKZEbc,Shapovalov D.,Ruud C.,0,0,hc,1.50,home,ft,2.164,5
rmfKZEbc,Shapovalov D.,Ruud C.,0,0,hc,1.50,away,ft,1.654,5
rmfKZEbc,Shapovalov D.,Ruud C.,0,0,hc,-1.50,home,ft,2.76,2
rmfKZEbc,Shapovalov D.,Ruud C.,0,0,hc,-1.50,away,ft,1.435,2
rmfKZEbc,Shapovalov D.,Ruud C.,0,0,hc,2.00,home,ft,2.093,3
rmfKZEbc,Shapovalov D.,Ruud C.,0,0,hc,2.00,away,ft,1.73,3
rmfKZEbc,Shapovalov D.,Ruud C.,0,0,hc,2.50,home,ft,1.894,5
rmfKZEbc,Shapovalov D.,Ruud C.,0,0,hc,2.50,away,ft,1.906,5
rmfKZEbc,Shapovalov D.,Ruud C.,0,0,hc,3.00,home,ft,1.777,3
rmfKZEbc,Shapovalov D.,Ruud C.,0,0,hc,3.00,away,ft,2.037,3
rmfKZEbc,Shapovalov D.,Ruud C.,0,0,hc,3.50,home,ft,1.61,5
rmfKZEbc,Shapovalov D.,Ruud C.,0,0,hc,3.50,away,ft,2.246,5
rmfKZEbc,Shapovalov D.,Ruud C.,0,0,hc,-3.50,home,ft,4.27,1
rmfKZEbc,Shapovalov D.,Ruud C.,0,0,hc,-3.50,away,ft,1.23,1
rmfKZEbc,Shapovalov D.,Ruud C.,0,0,hc,4.00,home,ft,1.41,1
rmfKZEbc,Shapovalov D.,Ruud C.,0,0,hc,4.00,away,ft,2.62,1
rmfKZEbc,Shapovalov D.,Ruud C.,0,0,hc,4.50,home,ft,1.32,1
rmfKZEbc,Shapovalov D.,Ruud C.,0,0,hc,4.50,away,ft,2.99,1
rmfKZEbc,Shapovalov D.,Ruud C.,0,0,hc,5.00,home,ft,1.18,1
rmfKZEbc,Shapovalov D.,Ruud C.,0,0,hc,5.00,away,ft,4.09,1
rmfKZEbc,Shapovalov D.,Ruud C.,0,0,hc,5.50,home,ft,1.195,2
rmfKZEbc,Shapovalov D.,Ruud C.,0,0,hc,5.50,away,ft,4.455,2
4lw9lmYo,Rune H.,Humbert U.,,,ou,2.50,over,ft,2.333,3
4lw9lmYo,Rune H.,Humbert U.,,,ou,2.50,under,ft,1.643,3
4lw9lmYo,Rune H.,Humbert U.,,,ou,19.50,over,ft,1.22,1
4lw9lmYo,Rune H.,Humbert U.,,,ou,19.50,under,ft,3.48,1
4lw9lmYo,Rune H.,Humbert U.,,,ou,20.00,over,ft,1.26,1
4lw9lmYo,Rune H.,Humbert U.,,,ou,20.00,under,ft,3.28,1
4lw9lmYo,Rune H.,Humbert U.,,,ou,20.50,over,ft,1.34,1
4lw9lmYo,Rune H.,Humbert U.,,,ou,20.50,under,ft,2.78,1
4lw9lmYo,Rune H.,Humbert U.,,,ou,21.00,over,ft,1.38,1
4lw9lmYo,Rune H.,Humbert U.,,,ou,21.00,under,ft,2.67,1
4lw9lmYo,Rune H.,Humbert U.,,,ou,21.50,over,ft,1.47,1
4lw9lmYo,Rune H.,Humbert U.,,,ou,21.50,under,ft,2.42,1
4lw9lmYo,Rune H.,Humbert U.,,,ou,22.00,over,ft,1.613,4
4lw9lmYo,Rune H.,Humbert U.,,,ou,22.00,under,ft,2.288,4
4lw9lmYo,Rune H.,Humbert U.,,,ou,22.50,over,ft,1.742,6
4lw9lmYo,Rune H.,Humbert U.,,,ou,22.50,under,ft,2.018,6
4lw9lmYo,Rune H.,Humbert U.,,,ou,23.00,over,ft,1.895,4
4lw9lmYo,Rune H.,Humbert U.,,,ou,23.00,under,ft,1.91,4
4lw9lmYo,Rune H.,Humbert U.,,,ou,23.50,over,ft,2.013,6
4lw9lmYo,Rune H.,Humbert U.,,,ou,23.50,under,ft,1.777,6
4lw9lmYo,Rune H.,Humbert U.,,,ou,24.00,over,ft,2.058,4
4lw9lmYo,Rune H.,Humbert U.,,,ou,24.00,under,ft,1.758,4
4lw9lmYo,Rune H.,Humbert U.,,,ou,24.50,over,ft,2.007,4
4lw9lmYo,Rune H.,Humbert U.,,,ou,24.50,under,ft,1.718,4
4lw9lmYo,Rune H.,Humbert U.,,,ou,25.00,over,ft,2.06,1
4lw9lmYo,Rune H.,Humbert U.,,,ou,25.00,under,ft,1.66,1
4lw9lmYo,Rune H.,Humbert U.,,,ou,25.50,over,ft,2.135,2
4lw9lmYo,Rune H.,Humbert U.,,,ou,25.50,under,ft,1.63,2
4lw9lmYo,Rune H.,Humbert U.,,,ou,26.00,over,ft,2.29,1
4lw9lmYo,Rune H.,Humbert U.,,,ou,26.00,under,ft,1.51,1
4lw9lmYo,Rune H.,Humbert U.,,,ou,26.50,over,ft,2.38,1
4lw9lmYo,Rune H.,Humbert U.,,,ou,26.50,under,ft,1.46,1
4lw9lmYo,Rune H.,Humbert U.,,,hc,1.50,home,ft,1.376,5
4lw9lmYo,Rune H.,Humbert U.,,,hc,1.50,away,ft,3.006,5
4lw9lmYo,Rune H.,Humbert U.,,,hc,-1.50,home,ft,3.235,4
4lw9lmYo,Rune H.,Humbert U.,,,hc,-1.50,away,ft,1.345,4
4lw9lmYo,Rune H.,Humbert U.,,,hc,0,home,ft,1.983,3
4lw9lmYo,Rune H.,Humbert U.,,,hc,0,away,ft,1.837,3
4lw9lmYo,Rune H.,Humbert U.,,,hc,12.50,home,ft,1.94,1
4lw9lmYo,Rune H.,Humbert U.,,,hc,12.50,away,ft,2.0,1
4lw9lmYo,Rune H.,Humbert U.,,,hc,13.00,home,ft,1.62,1
4lw9lmYo,Rune H.,Humbert U.,,,hc,13.00,away,ft,1.67,1
4lw9lmYo,Rune H.,Humbert U.,,,hc,0.50,home,ft,1.896,5
4lw9lmYo,Rune H.,Humbert U.,,,hc,0.50,away,ft,1.886,5
4lw9lmYo,Rune H.,Humbert U.,,,hc,-0.50,home,ft,2.055,4
4lw9lmYo,Rune H.,Humbert U.,,,hc,-0.50,away,ft,1.755,4
4lw9lmYo,Rune H.,Humbert U.,,,hc,1.00,home,ft,1.827,3
4lw9lmYo,Rune H.,Humbert U.,,,hc,1.00,away,ft,1.993,3
4lw9lmYo,Rune H.,Humbert U.,,,hc,-1.00,home,ft,2.127,3
4lw9lmYo,Rune H.,Humbert U.,,,hc,-1.00,away,ft,1.733,3
4lw9lmYo,Rune H.,Humbert U.,,,hc,1.50,home,ft,1.76,4
4lw9lmYo,Rune H.,Humbert U.,,,hc,1.50,away,ft,2.058,4
4lw9lmYo,Rune H.,Humbert U.,,,hc,-1.50,home,ft,2.085,4
4lw9lmYo,Rune H.,Humbert U.,,,hc,-1.50,away,ft,1.732,4
4lw9lmYo,Rune H.,Humbert U.,,,hc,2.00,home,ft,1.64,1
4lw9lmYo,Rune H.,Humbert U.,,,hc,2.00,away,ft,2.15,1
4lw9lmYo,Rune H.,Humbert U.,,,hc,-2.00,home,ft,2.267,3
4lw9lmYo,Rune H.,Humbert U.,,,hc,-2.00,away,ft,1.643,3
4lw9lmYo,Rune H.,Humbert U.,,,hc,2.50,home,ft,1.56,2
4lw9lmYo,Rune H.,Humbert U.,,,hc,2.50,away,ft,2.29,2
4lw9lmYo,Rune H.,Humbert U.,,,hc,-2.50,home,ft,2.245,4
4lw9lmYo,Rune H.,Humbert U.,,,hc,-2.50,away,ft,1.647,4
4lw9lmYo,Rune H.,Humbert U.,,,hc,3.00,home,ft,1.44,1
4lw9lmYo,Rune H.,Humbert U.,,,hc,3.00,away,ft,2.62,1
4lw9lmYo,Rune H.,Humbert U.,,,hc,-3.00,home,ft,2.54,3
4lw9lmYo,Rune H.,Humbert U.,,,hc,-3.00,away,ft,1.53,3
4lw9lmYo,Rune H.,Humbert U.,,,hc,3.50,home,ft,1.38,1
4lw9lmYo,Rune H.,Humbert U.,,,hc,3.50,away,ft,2.85,1
4lw9lmYo,Rune H.,Humbert U.,,,hc,-3.50,home,ft,3.04,1
4lw9lmYo,Rune H.,Humbert U.,,,hc,-3.50,away,ft,1.34,1
4lw9lmYo,Rune H.,Humbert U.,,,hc,-4.00,home,ft,3.15,1
4lw9lmYo,Rune H.,Humbert U.,,,hc,-4.00,away,ft,1.29,1
4lw9lmYo,Rune H.,Humbert U.,,,hc,-4.50,home,ft,3.49,1
4lw9lmYo,Rune H.,Humbert U.,,,hc,-4.50,away,ft,1.24,1
4lw9lmYo,Rune H.,Humbert U.,,,hc,-5.00,home,ft,4.63,1
4lw9lmYo,Rune H.,Humbert U.,,,hc,-5.00,away,ft,1.14,1
4lw9lmYo,Rune H.,Humbert U.,,,hc,-5.50,home,ft,5.06,1
4lw9lmYo,Rune H.,Humbert U.,,,hc,-5.50,away,ft,1.12,1
0nFZlFUs,Ymer E.,Shapovalov D.,1,1,ou,2.50,over,ft,2.875,2
0nFZlFUs,Ymer E.,Shapovalov D.,1,1,ou,2.50,under,ft,1.46,2
0nFZlFUs,Ymer E.,Shapovalov D.,1,1,ou,19.00,over,ft,1.31,1
0nFZlFUs,Ymer E.,Shapovalov D.,1,1,ou,19.00,under,ft,2.98,1
0nFZlFUs,Ymer E.,Shapovalov D.,1,1,ou,19.50,over,ft,1.42,1
0nFZlFUs,Ymer E.,Shapovalov D.,1,1,ou,19.50,under,ft,2.57,1
0nFZlFUs,Ymer E.,Shapovalov D.,1,1,ou,20.00,over,ft,1.57,2
0nFZlFUs,Ymer E.,Shapovalov D.,1,1,ou,20.00,under,ft,2.345,2
0nFZlFUs,Ymer E.,Shapovalov D.,1,1,ou,20.50,over,ft,1.667,6
0nFZlFUs,Ymer E.,Shapovalov D.,1,1,ou,20.50,under,ft,2.16,6
0nFZlFUs,Ymer E.,Shapovalov D.,1,1,ou,21.00,over,ft,1.788,4
0nFZlFUs,Ymer E.,Shapovalov D.,1,1,ou,21.00,under,ft,2.022,4
0nFZlFUs,Ymer E.,Shapovalov D.,1,1,ou,21.50,over,ft,1.877,6
0nFZlFUs,Ymer E.,Shapovalov D.,1,1,ou,21.50,under,ft,1.915,6
0nFZlFUs,Ymer E.,Shapovalov D.,1,1,ou,22.00,over,ft,2.04,4
0nFZlFUs,Ymer E.,Shapovalov D.,1,1,ou,22.00,under,ft,1.772,4
0nFZlFUs,Ymer E.,Shapovalov D.,1,1,ou,22.50,over,ft,2.132,6
0nFZlFUs,Ymer E.,Shapovalov D.,1,1,ou,22.50,under,ft,1.682,6
0nFZlFUs,Ymer E.,Shapovalov D.,1,1,ou,23.00,over,ft,2.245,4
0nFZlFUs,Ymer E.,Shapovalov D.,1,1,ou,23.00,under,ft,1.63,4
0nFZlFUs,Ymer E.,Shapovalov D.,1,1,ou,23.50,over,ft,2.28,1
0nFZlFUs,Ymer E.,Shapovalov D.,1,1,ou,23.50,under,ft,1.53,1
0nFZlFUs,Ymer E.,Shapovalov D.,1,1,ou,24.00,over,ft,2.31,1
0nFZlFUs,Ymer E.,Shapovalov D.,1,1,ou,24.00,under,ft,1.5,1
0nFZlFUs,Ymer E.,Shapovalov D.,1,1,hc,1.50,home,ft,2.01,5
0nFZlFUs,Ymer E.,Shapovalov D.,1,1,hc,1.50,away,ft,1.784,5
0nFZlFUs,Ymer E.,Shapovalov D.,1,1,hc,-1.50,home,ft,6.867,4
0nFZlFUs,Ymer E.,Shapovalov D.,1,1,hc,-1.50,away,ft,1.113,4
0nFZlFUs,Ymer E.,Shapovalov D.,1,1,hc,1.00,home,ft,3.09,1
0nFZlFUs,Ymer E.,Shapovalov D.,1,1,hc,1.00,away,ft,1.3,1
0nFZlFUs,Ymer E.,Shapovalov D.,1,1,hc,1.50,home,ft,2.88,1
0nFZlFUs,Ymer E.,Shapovalov D.,1,1,hc,1.50,away,ft,1.34,1
0nFZlFUs,Ymer E.,Shapovalov D.,1,1,hc,2.00,home,ft,2.73,1
0nFZlFUs,Ymer E.,Shapovalov D.,1,1,hc,2.00,away,ft,1.38,1
0nFZlFUs,Ymer E.,Shapovalov D.,1,1,hc,2.50,home,ft,2.53,2
0nFZlFUs,Ymer E.,Shapovalov D.,1,1,hc,2.50,away,ft,1.445,2
0nFZlFUs,Ymer E.,Shapovalov D.,1,1,hc,3.00,home,ft,2.547,3
0nFZlFUs,Ymer E.,Shapovalov D.,1,1,hc,3.00,away,ft,1.517,3
0nFZlFUs,Ymer E.,Shapovalov D.,1,1,hc,3.50,home,ft,2.182,5
0nFZlFUs,Ymer E.,Shapovalov D.,1,1,hc,3.50,away,ft,1.652,5
0nFZlFUs,Ymer E.,Shapovalov D.,1,1,hc,4.00,home,ft,1.967,3
0nFZlFUs,Ymer E.,Shapovalov D.,1,1,hc,4.00,away,ft,1.847,3
0nFZlFUs,Ymer E.,Shapovalov D.,1,1,hc,-4.00,home,ft,1.96,1
0nFZlFUs,Ymer E.,Shapovalov D.,1,1,hc,-4.00,away,ft,1.86,1
0nFZlFUs,Ymer E.,Shapovalov D.,1,1,hc,4.50,home,ft,1.725,4
0nFZlFUs,Ymer E.,Shapovalov D.,1,1,hc,4.50,away,ft,2.085,4
0nFZlFUs,Ymer E.,Shapovalov D.,1,1,hc,5.00,home,ft,1.523,3
0nFZlFUs,Ymer E.,Shapovalov D.,1,1,hc,5.00,away,ft,2.517,3
0nFZlFUs,Ymer E.,Shapovalov D.,1,1,hc,5.50,home,ft,1.395,4
0nFZlFUs,Ymer E.,Shapovalov D.,1,1,hc,5.50,away,ft,2.817,4
0nFZlFUs,Ymer E.,Shapovalov D.,1,1,hc,6.00,home,ft,1.19,1
0nFZlFUs,Ymer E.,Shapovalov D.,1,1,hc,6.00,away,ft,3.98,1
0nFZlFUs,Ymer E.,Shapovalov D.,1,1,hc,6.50,home,ft,1.16,1
0nFZlFUs,Ymer E.,Shapovalov D.,1,1,hc,6.50,away,ft,4.3,1
0nFZlFUs,Ymer E.,Shapovalov D.,1,1,hc,7.00,home,ft,1.06,1
0nFZlFUs,Ymer E.,Shapovalov D.,1,1,hc,7.00,away,ft,7.4,1
0CUctFHj,Korda S.,Ruud C.,1,1,ou,2.50,over,ft,2.285,2
0CUctFHj,Korda S.,Ruud C.,1,1,ou,2.50,under,ft,1.68,2
0CUctFHj,Korda S.,Ruud C.,1,1,ou,19.50,over,ft,1.24,2
0CUctFHj,Korda S.,Ruud C.,1,1,ou,19.50,under,ft,3.53,2
0CUctFHj,Korda S.,Ruud C.,1,1,ou,20.00,over,ft,1.265,2
0CUctFHj,Korda S.,Ruud C.,1,1,ou,20.00,under,ft,3.24,2
0CUctFHj,Korda S.,Ruud C.,1,1,ou,20.50,over,ft,1.36,2
0CUctFHj,Korda S.,Ruud C.,1,1,ou,20.50,under,ft,2.78,2
0CUctFHj,Korda S.,Ruud C.,1,1,ou,21.00,over,ft,1.39,2
0CUctFHj,Korda S.,Ruud C.,1,1,ou,21.00,under,ft,2.635,2
0CUctFHj,Korda S.,Ruud C.,1,1,ou,21.50,over,ft,1.48,2
0CUctFHj,Korda S.,Ruud C.,1,1,ou,21.50,under,ft,2.4,2
0CUctFHj,Korda S.,Ruud C.,1,1,ou,22.00,over,ft,1.598,5
0CUctFHj,Korda S.,Ruud C.,1,1,ou,22.00,under,ft,2.288,5
0CUctFHj,Korda S.,Ruud C.,1,1,ou,22.50,over,ft,1.73,7
0CUctFHj,Korda S.,Ruud C.,1,1,ou,22.50,under,ft,2.049,7
0CUctFHj,Korda S.,Ruud C.,1,1,ou,23.00,over,ft,1.868,5
0CUctFHj,Korda S.,Ruud C.,1,1,ou,23.00,under,ft,1.92,5
0CUctFHj,Korda S.,Ruud C.,1,1,ou,23.50,over,ft,1.981,7
0CUctFHj,Korda S.,Ruud C.,1,1,ou,23.50,under,ft,1.811,7
0CUctFHj,Korda S.,Ruud C.,1,1,ou,24.00,over,ft,2.024,5
0CUctFHj,Korda S.,Ruud C.,1,1,ou,24.00,under,ft,1.776,5
0CUctFHj,Korda S.,Ruud C.,1,1,ou,24.50,over,ft,2.007,4
0CUctFHj,Korda S.,Ruud C.,1,1,ou,24.50,under,ft,1.718,4
0CUctFHj,Korda S.,Ruud C.,1,1,ou,25.00,over,ft,2.08,2
0CUctFHj,Korda S.,Ruud C.,1,1,ou,25.00,under,ft,1.65,2
0CUctFHj,Korda S.,Ruud C.,1,1,ou,25.50,over,ft,2.135,2
0CUctFHj,Korda S.,Ruud C.,1,1,ou,25.50,under,ft,1.6,2
0CUctFHj,Korda S.,Ruud C.,1,1,ou,26.00,over,ft,2.3,2
0CUctFHj,Korda S.,Ruud C.,1,1,ou,26.00,under,ft,1.505,2
0CUctFHj,Korda S.,Ruud C.,1,1,ou,26.50,over,ft,2.38,2
0CUctFHj,Korda S.,Ruud C.,1,1,ou,26.50,under,ft,1.485,2
0CUctFHj,Korda S.,Ruud C.,1,1,ou,27.50,over,ft,2.595,2
0CUctFHj,Korda S.,Ruud C.,1,1,ou,27.50,under,ft,1.415,2
0CUctFHj,Korda S.,Ruud C.,1,1,ou,28.50,over,ft,3.03,1
0CUctFHj,Korda S.,Ruud C.,1,1,ou,28.50,under,ft,1.31,1
0CUctFHj,Korda S.,Ruud C.,1,1,hc,1.50,home,ft,1.45,6
0CUctFHj,Korda S.,Ruud C.,1,1,hc,1.50,away,ft,2.685,6
0CUctFHj,Korda S.,Ruud C.,1,1,hc,-1.50,home,ft,3.698,5
0CUctFHj,Korda S.,Ruud C.,1,1,hc,-1.50,away,ft,1.272,5
0CUctFHj,Korda S.,Ruud C.,1,1,hc,0,home,ft,2.145,4
0CUctFHj,Korda S.,Ruud C.,1,1,hc,0,away,ft,1.69,4
0CUctFHj,Korda S.,Ruud C.,1,1,hc,12.50,home,ft,1.89,1
0CUctFHj,Korda S.,Ruud C.,1,1,hc,12.50,away,ft,2.11,1
0CUctFHj,Korda S.,Ruud C.,1,1,hc,13.00,home,ft,1.6,1
0CUctFHj,Korda S.,Ruud C.,1,1,hc,13.00,away,ft,1.73,1
0CUctFHj,Korda S.,Ruud C.,1,1,hc,0.50,home,ft,2.077,6
0CUctFHj,Korda S.,Ruud C.,1,1,hc,0.50,away,ft,1.713,6
0CUctFHj,Korda S.,Ruud C.,1,1,hc,-0.50,home,ft,2.22,2
0CUctFHj,Korda S.,Ruud C.,1,1,hc,-0.50,away,ft,1.58,2
0CUctFHj,Korda S.,Ruud C.,1,1,hc,1.00,home,ft,1.987,4
0CUctFHj,Korda S.,Ruud C.,1,1,hc,1.00,away,ft,1.798,4
0CUctFHj,Korda S.,Ruud C.,1,1,hc,-1.00,home,ft,2.335,2
0CUctFHj,Korda S.,Ruud C.,1,1,hc,-1.00,away,ft,1.525,2
0CUctFHj,Korda S.,Ruud C.,1,1,hc,1.50,home,ft,1.935,6
0CUctFHj,Korda S.,Ruud C.,1,1,hc,1.50,away,ft,1.855,6
0CUctFHj,Korda S.,Ruud C.,1,1,hc,-1.50,home,ft,2.39,2
0CUctFHj,Korda S.,Ruud C.,1,1,hc,-1.50,away,ft,1.485,2
0CUctFHj,Korda S.,Ruud C.,1,1,hc,2.00,home,ft,1.78,4
0CUctFHj,Korda S.,Ruud C.,1,1,hc,2.00,away,ft,2.01,4
0CUctFHj,Korda S.,Ruud C.,1,1,hc,2.50,home,ft,1.692,6
0CUctFHj,Korda S.,Ruud C.,1,1,hc,2.50,away,ft,2.103,6
0CUctFHj,Korda S.,Ruud C.,1,1,hc,3.00,home,ft,1.555,4
0CUctFHj,Korda S.,Ruud C.,1,1,hc,3.00,away,ft,2.4,4
0CUctFHj,Korda S.,Ruud C.,1,1,hc,3.50,home,ft,1.453,3
0CUctFHj,Korda S.,Ruud C.,1,1,hc,3.50,away,ft,2.54,3
0CUctFHj,Korda S.,Ruud C.,1,1,hc,4.00,home,ft,1.28,2
0CUctFHj,Korda S.,Ruud C.,1,1,hc,4.00,away,ft,3.295,2
0CUctFHj,Korda S.,Ruud C.,1,1,hc,4.50,home,ft,1.28,2
0CUctFHj,Korda S.,Ruud C.,1,1,hc,4.50,away,ft,3.21,2
0CUctFHj,Korda S.,Ruud C.,1,1,hc,5.00,home,ft,1.15,2
0CUctFHj,Korda S.,Ruud C.,1,1,hc,5.00,away,ft,4.43,2
va9wwFzf,Rune H.,Etcheverry T. M.,2,2,ou,2.50,over,ft,2.695,2
va9wwFzf,Rune H.,Etcheverry T. M.,2,2,ou,2.50,under,ft,1.515,2
va9wwFzf,Rune H.,Etcheverry T. M.,2,2,ou,19.00,over,ft,1.27,1
va9wwFzf,Rune H.,Etcheverry T. M.,2,2,ou,19.00,under,ft,3.2,1
va9wwFzf,Rune H.,Etcheverry T. M.,2,2,ou,19.50,over,ft,1.38,1
va9wwFzf,Rune H.,Etcheverry T. M.,2,2,ou,19.50,under,ft,2.71,1
va9wwFzf,Rune H.,Etcheverry T. M.,2,2,ou,20.00,over,ft,1.44,1
va9wwFzf,Rune H.,Etcheverry T. M.,2,2,ou,20.00,under,ft,2.55,1
va9wwFzf,Rune H.,Etcheverry T. M.,2,2,ou,20.50,over,ft,1.575,2
va9wwFzf,Rune H.,Etcheverry T. M.,2,2,ou,20.50,under,ft,2.245,2
va9wwFzf,Rune H.,Etcheverry T. M.,2,2,ou,21.00,over,ft,1.665,4
va9wwFzf,Rune H.,Etcheverry T. M.,2,2,ou,21.00,under,ft,2.197,4
va9wwFzf,Rune H.,Etcheverry T. M.,2,2,ou,21.50,over,ft,1.762,6
va9wwFzf,Rune H.,Etcheverry T. M.,2,2,ou,21.50,under,ft,2.023,6
va9wwFzf,Rune H.,Etcheverry T. M.,2,2,ou,22.00,over,ft,1.917,4
va9wwFzf,Rune H.,Etcheverry T. M.,2,2,ou,22.00,under,ft,1.887,4
va9wwFzf,Rune H.,Etcheverry T. M.,2,2,ou,22.50,over,ft,2.047,6
va9wwFzf,Rune H.,Etcheverry T. M.,2,2,ou,22.50,under,ft,1.752,6
va9wwFzf,Rune H.,Etcheverry T. M.,2,2,ou,23.00,over,ft,2.225,4
va9wwFzf,Rune H.,Etcheverry T. M.,2,2,ou,23.00,under,ft,1.647,4
va9wwFzf,Rune H.,Etcheverry T. M.,2,2,ou,23.50,over,ft,2.22,6
va9wwFzf,Rune H.,Etcheverry T. M.,2,2,ou,23.50,under,ft,1.617,6
va9wwFzf,Rune H.,Etcheverry T. M.,2,2,ou,24.00,over,ft,2.27,1
va9wwFzf,Rune H.,Etcheverry T. M.,2,2,ou,24.00,under,ft,1.52,1
va9wwFzf,Rune H.,Etcheverry T. M.,2,2,ou,24.50,over,ft,2.3,1
va9wwFzf,Rune H.,Etcheverry T. M.,2,2,ou,24.50,under,ft,1.52,1
va9wwFzf,Rune H.,Etcheverry T. M.,2,2,ou,25.00,over,ft,2.41,1
va9wwFzf,Rune H.,Etcheverry T. M.,2,2,ou,25.00,under,ft,1.46,1
va9wwFzf,Rune H.,Etcheverry T. M.,2,2,hc,1.50,home,ft,1.1,4
va9wwFzf,Rune H.,Etcheverry T. M.,2,2,hc,1.50,away,ft,7.1,4
va9wwFzf,Rune H.,Etcheverry T. M.,2,2,hc,-1.50,home,ft,1.826,5
va9wwFzf,Rune H.,Etcheverry T. M.,2,2,hc,-1.50,away,ft,1.958,5
va9wwFzf,Rune H.,Etcheverry T. M.,2,2,hc,-1.00,home,ft,1.3,1
va9wwFzf,Rune H.,Etcheverry T. M.,2,2,hc,-1.00,away,ft,3.26,1
va9wwFzf,Rune H.,Etcheverry T. M.,2,2,hc,-1.50,home,ft,1.34,1
va9wwFzf,Rune H.,Etcheverry T. M.,2,2,hc,-1.50,away,ft,3.04,1
va9wwFzf,Rune H.,Etcheverry T. M.,2,2,hc,-2.00,home,ft,1.38,1
va9wwFzf,Rune H.,Etcheverry T. M.,2,2,hc,-2.00,away,ft,2.85,1
va9wwFzf,Rune H.,Etcheverry T. M.,2,2,hc,-2.50,home,ft,1.478,5
va9wwFzf,Rune H.,Etcheverry T. M.,2,2,hc,-2.50,away,ft,2.58,5
va9wwFzf,Rune H.,Etcheverry T. M.,2,2,hc,-3.00,home,ft,1.563,3
va9wwFzf,Rune H.,Etcheverry T. M.,2,2,hc,-3.00,away,ft,2.443,3
va9wwFzf,Rune H.,Etcheverry T. M.,2,2,hc,-3.50,home,ft,1.722,4
va9wwFzf,Rune H.,Etcheverry T. M.,2,2,hc,-3.50,away,ft,2.098,4
va9wwFzf,Rune H.,Etcheverry T. M.,2,2,hc,-4.00,home,ft,2.003,3
va9wwFzf,Rune H.,Etcheverry T. M.,2,2,hc,-4.00,away,ft,1.833,3
va9wwFzf,Rune H.,Etcheverry T. M.,2,2,hc,-4.50,home,ft,2.27,5
va9wwFzf,Rune H.,Etcheverry T. M.,2,2,hc,-4.50,away,ft,1.612,5
va9wwFzf,Rune H.,Etcheverry T. M.,2,2,hc,-5.00,home,ft,2.94,3
va9wwFzf,Rune H.,Etcheverry T. M.,2,2,hc,-5.00,away,ft,1.41,3
va9wwFzf,Rune H.,Etcheverry T. M.,2,2,hc,-5.50,home,ft,3.1,1
va9wwFzf,Rune H.,Etcheverry T. M.,2,2,hc,-5.50,away,ft,1.33,1
va9wwFzf,Rune H.,Etcheverry T. M.,2,2,hc,-6.00,home,ft,4.4,1
va9wwFzf,Rune H.,Etcheverry T. M.,2,2,hc,-6.00,away,ft,1.18,1
ldLG7d54,Humbert U.,Sonego L.,2,2,ou,2.50,over,ft,2.373,3
ldLG7d54,Humbert U.,Sonego L.,2,2,ou,2.50,under,ft,1.607,3
ldLG7d54,Humbert U.,Sonego L.,2,2,ou,20.00,over,ft,1.26,1
ldLG7d54,Humbert U.,Sonego L.,2,2,ou,20.00,under,ft,3.28,1
ldLG7d54,Humbert U.,Sonego L.,2,2,ou,20.50,over,ft,1.36,1
ldLG7d54,Humbert U.,Sonego L.,2,2,ou,20.50,under,ft,2.79,1
ldLG7d54,Humbert U.,Sonego L.,2,2,ou,21.00,over,ft,1.4,1
ldLG7d54,Humbert U.,Sonego L.,2,2,ou,21.00,under,ft,2.68,1
ldLG7d54,Humbert U.,Sonego L.,2,2,ou,21.50,over,ft,1.513,3
ldLG7d54,Humbert U.,Sonego L.,2,2,ou,21.50,under,ft,2.383,3
ldLG7d54,Humbert U.,Sonego L.,2,2,ou,22.00,over,ft,1.623,4
ldLG7d54,Humbert U.,Sonego L.,2,2,ou,22.00,under,ft,2.282,4
ldLG7d54,Humbert U.,Sonego L.,2,2,ou,22.50,over,ft,1.768,6
ldLG7d54,Humbert U.,Sonego L.,2,2,ou,22.50,under,ft,2.035,6
ldLG7d54,Humbert U.,Sonego L.,2,2,ou,23.00,over,ft,1.915,4
ldLG7d54,Humbert U.,Sonego L.,2,2,ou,23.00,under,ft,1.885,4
ldLG7d54,Humbert U.,Sonego L.,2,2,ou,23.50,over,ft,1.997,6
ldLG7d54,Humbert U.,Sonego L.,2,2,ou,23.50,under,ft,1.785,6
ldLG7d54,Humbert U.,Sonego L.,2,2,ou,24.00,over,ft,2.083,4
ldLG7d54,Humbert U.,Sonego L.,2,2,ou,24.00,under,ft,1.738,4
ldLG7d54,Humbert U.,Sonego L.,2,2,ou,24.50,over,ft,1.993,3
ldLG7d54,Humbert U.,Sonego L.,2,2,ou,24.50,under,ft,1.73,3
ldLG7d54,Humbert U.,Sonego L.,2,2,ou,25.00,over,ft,2.08,1
ldLG7d54,Humbert U.,Sonego L.,2,2,ou,25.00,under,ft,1.62,1
ldLG7d54,Humbert U.,Sonego L.,2,2,ou,25.50,over,ft,2.1,2
ldLG7d54,Humbert U.,Sonego L.,2,2,ou,25.50,under,ft,1.62,2
ldLG7d54,Humbert U.,Sonego L.,2,2,ou,26.00,over,ft,2.31,1
ldLG7d54,Humbert U.,Sonego L.,2,2,ou,26.00,under,ft,1.5,1
ldLG7d54,Humbert U.,Sonego L.,2,2,hc,1.50,home,ft,1.212,4
ldLG7d54,Humbert U.,Sonego L.,2,2,hc,1.50,away,ft,4.405,4
ldLG7d54,Humbert U.,Sonego L.,2,2,hc,-1.50,home,ft,2.37,5
ldLG7d54,Humbert U.,Sonego L.,2,2,hc,-1.50,away,ft,1.566,5
ldLG7d54,Humbert U.,Sonego L.,2,2,hc,0,home,ft,1.47,1
ldLG7d54,Humbert U.,Sonego L.,2,2,hc,0,away,ft,2.53,1
ldLG7d54,Humbert U.,Sonego L.,2,2,hc,12.50,home,ft,2.21,1
ldLG7d54,Humbert U.,Sonego L.,2,2,hc,12.50,away,ft,1.75,1
ldLG7d54,Humbert U.,Sonego L.,2,2,hc,13.00,home,ft,1.78,1
ldLG7d54,Humbert U.,Sonego L.,2,2,hc,13.00,away,ft,1.53,1
ldLG7d54,Humbert U.,Sonego L.,2,2,hc,-0.50,home,ft,1.53,1
ldLG7d54,Humbert U.,Sonego L.,2,2,hc,-0.50,away,ft,2.38,1
ldLG7d54,Humbert U.,Sonego L.,2,2,hc,1.00,home,ft,1.4,1
ldLG7d54,Humbert U.,Sonego L.,2,2,hc,1.00,away,ft,2.66,1
ldLG7d54,Humbert U.,Sonego L.,2,2,hc,-1.00,home,ft,1.57,1
ldLG7d54,Humbert U.,Sonego L.,2,2,hc,-1.00,away,ft,2.28,1
ldLG7d54,Humbert U.,Sonego L.,2,2,hc,1.50,home,ft,1.42,1
ldLG7d54,Humbert U.,Sonego L.,2,2,hc,1.50,away,ft,2.59,1
ldLG7d54,Humbert U.,Sonego L.,2,2,hc,-1.50,home,ft,1.66,5
ldLG7d54,Humbert U.,Sonego L.,2,2,hc,-1.50,away,ft,2.18,5
ldLG7d54,Humbert U.,Sonego L.,2,2,hc,-2.00,home,ft,1.76,3
ldLG7d54,Humbert U.,Sonego L.,2,2,hc,-2.00,away,ft,2.083,3
ldLG7d54,Humbert U.,Sonego L.,2,2,hc,-2.50,home,ft,1.89,4
ldLG7d54,Humbert U.,Sonego L.,2,2,hc,-2.50,away,ft,1.925,4
ldLG7d54,Humbert U.,Sonego L.,2,2,hc,-3.00,home,ft,2.113,3
ldLG7d54,Humbert U.,Sonego L.,2,2,hc,-3.00,away,ft,1.733,3
ldLG7d54,Humbert U.,Sonego L.,2,2,hc,-3.50,home,ft,2.354,5
ldLG7d54,Humbert U.,Sonego L.,2,2,hc,-3.50,away,ft,1.57,5
ldLG7d54,Humbert U.,Sonego L.,2,2,hc,-4.00,home,ft,2.85,1
ldLG7d54,Humbert U.,Sonego L.,2,2,hc,-4.00,away,ft,1.38,1
ldLG7d54,Humbert U.,Sonego L.,2,2,hc,-4.50,home,ft,3.2,1
ldLG7d54,Humbert U.,Sonego L.,2,2,hc,-4.50,away,ft,1.31,1
ldLG7d54,Humbert U.,Sonego L.,2,2,hc,-5.00,home,ft,4.6,1
ldLG7d54,Humbert U.,Sonego L.,2,2,hc,-5.00,away,ft,1.17,1
d4N60sbt,Fearnley J.,Ymer E.,0,0,ou,2.50,over,ft,2.83,3
d4N60sbt,Fearnley J.,Ymer E.,0,0,ou,2.50,under,ft,1.447,3
d4N60sbt,Fearnley J.,Ymer E.,0,0,ou,18.00,over,ft,1.255,2
d4N60sbt,Fearnley J.,Ymer E.,0,0,ou,18.00,under,ft,3.31,2
d4N60sbt,Fearnley J.,Ymer E.,0,0,ou,18.50,over,ft,1.367,4
d4N60sbt,Fearnley J.,Ymer E.,0,0,ou,18.50,under,ft,2.88,4
d4N60sbt,Fearnley J.,Ymer E.,0,0,ou,19.00,over,ft,1.445,2
d4N60sbt,Fearnley J.,Ymer E.,0,0,ou,19.00,under,ft,2.525,2
d4N60sbt,Fearnley J.,Ymer E.,0,0,ou,19.50,over,ft,1.588,6
d4N60sbt,Fearnley J.,Ymer E.,0,0,ou,19.50,under,ft,2.293,6
d4N60sbt,Fearnley J.,Ymer E.,0,0,ou,20.00,over,ft,1.676,5
d4N60sbt,Fearnley J.,Ymer E.,0,0,ou,20.00,under,ft,2.158,5
d4N60sbt,Fearnley J.,Ymer E.,0,0,ou,20.50,over,ft,1.787,7
d4N60sbt,Fearnley J.,Ymer E.,0,0,ou,20.50,under,ft,1.986,7
d4N60sbt,Fearnley J.,Ymer E.,0,0,ou,21.00,over,ft,1.92,5
d4N60sbt,Fearnley J.,Ymer E.,0,0,ou,21.00,under,ft,1.864,5
d4N60sbt,Fearnley J.,Ymer E.,0,0,ou,21.50,over,ft,2.017,7
d4N60sbt,Fearnley J.,Ymer E.,0,0,ou,21.50,under,ft,1.763,7
d4N60sbt,Fearnley J.,Ymer E.,0,0,ou,22.00,over,ft,2.186,5
d4N60sbt,Fearnley J.,Ymer E.,0,0,ou,22.00,under,ft,1.644,5
d4N60sbt,Fearnley J.,Ymer E.,0,0,ou,22.50,over,ft,2.257,6
d4N60sbt,Fearnley J.,Ymer E.,0,0,ou,22.50,under,ft,1.572,6
d4N60sbt,Fearnley J.,Ymer E.,0,0,ou,23.00,over,ft,2.41,2
d4N60sbt,Fearnley J.,Ymer E.,0,0,ou,23.00,under,ft,1.46,2
d4N60sbt,Fearnley J.,Ymer E.,0,0,ou,23.50,over,ft,2.5,2
d4N60sbt,Fearnley J.,Ymer E.,0,0,ou,23.50,under,ft,1.44,2
d4N60sbt,Fearnley J.,Ymer E.,0,0,ou,24.00,over,ft,2.53,2
d4N60sbt,Fearnley J.,Ymer E.,0,0,ou,24.00,under,ft,1.42,2
d4N60sbt,Fearnley J.,Ymer E.,0,0,ou,24.50,over,ft,2.548,4
d4N60sbt,Fearnley J.,Ymer E.,0,0,ou,24.50,under,ft,1.455,4
d4N60sbt,Fearnley J.,Ymer E.,0,0,ou,25.50,over,ft,2.7,2
d4N60sbt,Fearnley J.,Ymer E.,0,0,ou,25.50,under,ft,1.38,2
d4N60sbt,Fearnley J.,Ymer E.,0,0,ou,26.50,over,ft,3.03,2
d4N60sbt,Fearnley J.,Ymer E.,0,0,ou,26.50,under,ft,1.31,2
d4N60sbt,Fearnley J.,Ymer E.,0,0,hc,1.50,home,ft,1.072,5
d4N60sbt,Fearnley J.,Ymer E.,0,0,hc,1.50,away,ft,8.352,5
d4N60sbt,Fearnley J.,Ymer E.,0,0,hc,-1.50,home,ft,1.657,6
d4N60sbt,Fearnley J.,Ymer E.,0,0,hc,-1.50,away,ft,2.173,6
d4N60sbt,Fearnley J.,Ymer E.,0,0,hc,-1.00,home,ft,1.29,2
d4N60sbt,Fearnley J.,Ymer E.,0,0,hc,-1.00,away,ft,3.36,2
d4N60sbt,Fearnley J.,Ymer E.,0,0,hc,1.50,home,ft,1.14,1
d4N60sbt,Fearnley J.,Ymer E.,0,0,hc,1.50,away,ft,5.49,1
d4N60sbt,Fearnley J.,Ymer E.,0,0,hc,-1.50,home,ft,1.307,3
d4N60sbt,Fearnley J.,Ymer E.,0,0,hc,-1.50,away,ft,3.337,3
d4N60sbt,Fearnley J.,Ymer E.,0,0,hc,-2.00,home,ft,1.265,2
d4N60sbt,Fearnley J.,Ymer E.,0,0,hc,-2.00,away,ft,3.51,2
d4N60sbt,Fearnley J.,Ymer E.,0,0,hc,-2.50,home,ft,1.367,3
d4N60sbt,Fearnley J.,Ymer E.,0,0,hc,-2.50,away,ft,2.93,3
d4N60sbt,Fearnley J.,Ymer E.,0,0,hc,-3.00,home,ft,1.413,3
d4N60sbt,Fearnley J.,Ymer E.,0,0,hc,-3.00,away,ft,2.82,3
d4N60sbt,Fearnley J.,Ymer E.,0,0,hc,-3.50,home,ft,1.518,6
d4N60sbt,Fearnley J.,Ymer E.,0,0,hc,-3.50,away,ft,2.458,6
d4N60sbt,Fearnley J.,Ymer E.,0,0,hc,-4.00,home,ft,1.635,4
d4N60sbt,Fearnley J.,Ymer E.,0,0,hc,-4.00,away,ft,2.245,4
d4N60sbt,Fearnley J.,Ymer E.,0,0,hc,-4.50,home,ft,1.922,6
d4N60sbt,Fearnley J.,Ymer E.,0,0,hc,-4.50,away,ft,1.862,6
d4N60sbt,Fearnley J.,Ymer E.,0,0,hc,-5.00,home,ft,2.16,4
d4N60sbt,Fearnley J.,Ymer E.,0,0,hc,-5.00,away,ft,1.685,4
d4N60sbt,Fearnley J.,Ymer E.,0,0,hc,-5.50,home,ft,2.453,6
d4N60sbt,Fearnley J.,Ymer E.,0,0,hc,-5.50,away,ft,1.518,6
d4N60sbt,Fearnley J.,Ymer E.,0,0,hc,-6.00,home,ft,3.04,2
d4N60sbt,Fearnley J.,Ymer E.,0,0,hc,-6.00,away,ft,1.34,2
d4N60sbt,Fearnley J.,Ymer E.,0,0,hc,-6.50,home,ft,3.44,2
d4N60sbt,Fearnley J.,Ymer E.,0,0,hc,-6.50,away,ft,1.275,2
d4N60sbt,Fearnley J.,Ymer E.,0,0,hc,-7.00,home,ft,5.225,2
d4N60sbt,Fearnley J.,Ymer E.,0,0,hc,-7.00,away,ft,1.13,2
fiJkoOhd,Rune H.,Fucsovics M.,2,2,ou,2.50,over,ft,2.463,3
fiJkoOhd,Rune H.,Fucsovics M.,2,2,ou,2.50,under,ft,1.57,3
fiJkoOhd,Rune H.,Fucsovics M.,2,2,ou,20.00,over,ft,1.42,2
fiJkoOhd,Rune H.,Fucsovics M.,2,2,ou,20.00,under,ft,2.695,2
fiJkoOhd,Rune H.,Fucsovics M.,2,2,ou,20.50,over,ft,1.517,3
fiJkoOhd,Rune H.,Fucsovics M.,2,2,ou,20.50,under,ft,2.397,3
fiJkoOhd,Rune H.,Fucsovics M.,2,2,ou,21.00,over,ft,1.615,4
fiJkoOhd,Rune H.,Fucsovics M.,2,2,ou,21.00,under,ft,2.297,4
fiJkoOhd,Rune H.,Fucsovics M.,2,2,ou,21.50,over,ft,1.681,7
fiJkoOhd,Rune H.,Fucsovics M.,2,2,ou,21.50,under,ft,2.131,7
fiJkoOhd,Rune H.,Fucsovics M.,2,2,ou,22.00,over,ft,1.828,5
fiJkoOhd,Rune H.,Fucsovics M.,2,2,ou,22.00,under,ft,1.972,5
fiJkoOhd,Rune H.,Fucsovics M.,2,2,ou,22.50,over,ft,1.943,7
fiJkoOhd,Rune H.,Fucsovics M.,2,2,ou,22.50,under,ft,1.837,7
fiJkoOhd,Rune H.,Fucsovics M.,2,2,ou,23.00,over,ft,2.106,5
fiJkoOhd,Rune H.,Fucsovics M.,2,2,ou,23.00,under,ft,1.724,5
fiJkoOhd,Rune H.,Fucsovics M.,2,2,ou,23.50,over,ft,2.16,6
fiJkoOhd,Rune H.,Fucsovics M.,2,2,ou,23.50,under,ft,1.652,6
fiJkoOhd,Rune H.,Fucsovics M.,2,2,ou,24.00,over,ft,2.22,2
fiJkoOhd,Rune H.,Fucsovics M.,2,2,ou,24.00,under,ft,1.615,2
fiJkoOhd,Rune H.,Fucsovics M.,2,2,ou,24.50,over,ft,2.202,4
fiJkoOhd,Rune H.,Fucsovics M.,2,2,ou,24.50,under,ft,1.595,4
fiJkoOhd,Rune H.,Fucsovics M.,2,2,ou,25.00,over,ft,2.365,2
fiJkoOhd,Rune H.,Fucsovics M.,2,2,ou,25.00,under,ft,1.535,2
fiJkoOhd,Rune H.,Fucsovics M.,2,2,ou,26.50,over,ft,2.6,1
fiJkoOhd,Rune H.,Fucsovics M.,2,2,ou,26.50,under,ft,1.45,1
fiJkoOhd,Rune H.,Fucsovics M.,2,2,hc,1.50,home,ft,1.192,5
fiJkoOhd,Rune H.,Fucsovics M.,2,2,hc,1.50,away,ft,4.572,5
fiJkoOhd,Rune H.,Fucsovics M.,2,2,hc,-1.50,home,ft,2.227,6
fiJkoOhd,Rune H.,Fucsovics M.,2,2,hc,-1.50,away,ft,1.627,6
fiJkoOhd,Rune H.,Fucsovics M.,2,2,hc,0,home,ft,1.43,2
fiJkoOhd,Rune H.,Fucsovics M.,2,2,hc,0,away,ft,2.655,2
fiJkoOhd,Rune H.,Fucsovics M.,2,2,hc,12.00,home,ft,1.35,1
fiJkoOhd,Rune H.,Fucsovics M.,2,2,hc,12.00,away,ft,2.06,1
fiJkoOhd,Rune H.,Fucsovics M.,2,2,hc,12.50,home,ft,2.02,1
fiJkoOhd,Rune H.,Fucsovics M.,2,2,hc,12.50,away,ft,1.6,1
fiJkoOhd,Rune H.,Fucsovics M.,2,2,hc,-0.50,home,ft,1.48,2
fiJkoOhd,Rune H.,Fucsovics M.,2,2,hc,-0.50,away,ft,2.5,2
fiJkoOhd,Rune H.,Fucsovics M.,2,2,hc,-1.00,home,ft,1.52,2
fiJkoOhd,Rune H.,Fucsovics M.,2,2,hc,-1.00,away,ft,2.46,2
fiJkoOhd,Rune H.,Fucsovics M.,2,2,hc,-1.50,home,ft,1.617,6
fiJkoOhd,Rune H.,Fucsovics M.,2,2,hc,-1.50,away,ft,2.255,6
fiJkoOhd,Rune H.,Fucsovics M.,2,2,hc,-2.00,home,ft,1.662,4
fiJkoOhd,Rune H.,Fucsovics M.,2,2,hc,-2.00,away,ft,2.223,4
fiJkoOhd,Rune H.,Fucsovics M.,2,2,hc,-2.50,home,ft,1.758,5
fiJkoOhd,Rune H.,Fucsovics M.,2,2,hc,-2.50,away,ft,2.048,5
fiJkoOhd,Rune H.,Fucsovics M.,2,2,hc,-3.00,home,ft,1.895,4
fiJkoOhd,Rune H.,Fucsovics M.,2,2,hc,-3.00,away,ft,1.915,4
fiJkoOhd,Rune H.,Fucsovics M.,2,2,hc,-3.50,home,ft,2.072,6
fiJkoOhd,Rune H.,Fucsovics M.,2,2,hc,-3.50,away,ft,1.723,6
fiJkoOhd,Rune H.,Fucsovics M.,2,2,hc,-4.00,home,ft,2.417,4
fiJkoOhd,Rune H.,Fucsovics M.,2,2,hc,-4.00,away,ft,1.568,4
fiJkoOhd,Rune H.,Fucsovics M.,2,2,hc,-4.50,home,ft,2.62,2
fiJkoOhd,Rune H.,Fucsovics M.,2,2,hc,-4.50,away,ft,1.465,2
fiJkoOhd,Rune H.,Fucsovics M.,2,2,hc,-5.00,home,ft,3.365,2
fiJkoOhd,Rune H.,Fucsovics M.,2,2,hc,-5.00,away,ft,1.305,2
fiJkoOhd,Rune H.,Fucsovics M.,2,2,hc,-5.50,home,ft,3.82,2
fiJkoOhd,Rune H.,Fucsovics M.,2,2,hc,-5.50,away,ft,1.25,2
fiJkoOhd,Rune H.,Fucsovics M.,2,2,hc,-6.00,home,ft,5.81,2
fiJkoOhd,Rune H.,Fucsovics M.,2,2,hc,-6.00,away,ft,1.125,2
p6mtuqkn,Humbert U.,Berrettini M.,2,2,ou,2.50,over,ft,2.317,3
p6mtuqkn,Humbert U.,Berrettini M.,2,2,ou,2.50,under,ft,1.63,3
p6mtuqkn,Humbert U.,Berrettini M.,2,2,ou,19.50,over,ft,1.22,2
p6mtuqkn,Humbert U.,Berrettini M.,2,2,ou,19.50,under,ft,3.62,2
p6mtuqkn,Humbert U.,Berrettini M.,2,2,ou,20.50,over,ft,1.343,3
p6mtuqkn,Humbert U.,Berrettini M.,2,2,ou,20.50,under,ft,3.003,3
p6mtuqkn,Humbert U.,Berrettini M.,2,2,ou,21.00,over,ft,1.325,2
p6mtuqkn,Humbert U.,Berrettini M.,2,2,ou,21.00,under,ft,3.125,2
p6mtuqkn,Humbert U.,Berrettini M.,2,2,ou,21.50,over,ft,1.41,2
p6mtuqkn,Humbert U.,Berrettini M.,2,2,ou,21.50,under,ft,2.755,2
p6mtuqkn,Humbert U.,Berrettini M.,2,2,ou,22.00,over,ft,1.512,5
p6mtuqkn,Humbert U.,Berrettini M.,2,2,ou,22.00,under,ft,2.504,5
p6mtuqkn,Humbert U.,Berrettini M.,2,2,ou,22.50,over,ft,1.641,7
p6mtuqkn,Humbert U.,Berrettini M.,2,2,ou,22.50,under,ft,2.179,7
p6mtuqkn,Humbert U.,Berrettini M.,2,2,ou,23.00,over,ft,1.782,5
p6mtuqkn,Humbert U.,Berrettini M.,2,2,ou,23.00,under,ft,2.028,5
p6mtuqkn,Humbert U.,Berrettini M.,2,2,ou,23.50,over,ft,1.923,7
p6mtuqkn,Humbert U.,Berrettini M.,2,2,ou,23.50,under,ft,1.844,7
p6mtuqkn,Humbert U.,Berrettini M.,2,2,ou,24.00,over,ft,1.95,5
p6mtuqkn,Humbert U.,Berrettini M.,2,2,ou,24.00,under,ft,1.83,5
p6mtuqkn,Humbert U.,Berrettini M.,2,2,ou,24.50,over,ft,1.939,7
p6mtuqkn,Humbert U.,Berrettini M.,2,2,ou,24.50,under,ft,1.823,7
p6mtuqkn,Humbert U.,Berrettini M.,2,2,ou,25.00,over,ft,2.0,2
p6mtuqkn,Humbert U.,Berrettini M.,2,2,ou,25.00,under,ft,1.76,2
p6mtuqkn,Humbert U.,Berrettini M.,2,2,ou,25.50,over,ft,2.05,3
p6mtuqkn,Humbert U.,Berrettini M.,2,2,ou,25.50,under,ft,1.713,3
p6mtuqkn,Humbert U.,Berrettini M.,2,2,ou,26.00,over,ft,2.215,2
p6mtuqkn,Humbert U.,Berrettini M.,2,2,ou,26.00,under,ft,1.605,2
p6mtuqkn,Humbert U.,Berrettini M.,2,2,ou,26.50,over,ft,2.34,3
p6mtuqkn,Humbert U.,Berrettini M.,2,2,ou,26.50,under,ft,1.533,3
p6mtuqkn,Humbert U.,Berrettini M.,2,2,ou,27.50,over,ft,2.44,2
p6mtuqkn,Humbert U.,Berrettini M.,2,2,ou,27.50,under,ft,1.46,2
p6mtuqkn,Humbert U.,Berrettini M.,2,2,ou,28.50,over,ft,2.84,1
p6mtuqkn,Humbert U.,Berrettini M.,2,2,ou,28.50,under,ft,1.42,1
p6mtuqkn,Humbert U.,Berrettini M.,2,2,hc,1.50,home,ft,1.362,6
p6mtuqkn,Humbert U.,Berrettini M.,2,2,hc,1.50,away,ft,3.035,6
p6mtuqkn,Humbert U.,Berrettini M.,2,2,hc,-1.50,home,ft,3.154,5
p6mtuqkn,Humbert U.,Berrettini M.,2,2,hc,-1.50,away,ft,1.344,5
p6mtuqkn,Humbert U.,Berrettini M.,2,2,hc,0,home,ft,1.902,4
p6mtuqkn,Humbert U.,Berrettini M.,2,2,hc,0,away,ft,1.887,4
p6mtuqkn,Humbert U.,Berrettini M.,2,2,hc,12.50,home,ft,1.77,1
p6mtuqkn,Humbert U.,Berrettini M.,2,2,hc,12.50,away,ft,1.76,1
p6mtuqkn,Humbert U.,Berrettini M.,2,2,hc,13.00,home,ft,1.75,1
p6mtuqkn,Humbert U.,Berrettini M.,2,2,hc,13.00,away,ft,1.74,1
p6mtuqkn,Humbert U.,Berrettini M.,2,2,hc,0.50,home,ft,1.832,6
p6mtuqkn,Humbert U.,Berrettini M.,2,2,hc,0.50,away,ft,1.945,6
p6mtuqkn,Humbert U.,Berrettini M.,2,2,hc,-0.50,home,ft,1.976,5
p6mtuqkn,Humbert U.,Berrettini M.,2,2,hc,-0.50,away,ft,1.81,5
p6mtuqkn,Humbert U.,Berrettini M.,2,2,hc,1.00,home,ft,1.742,4
p6mtuqkn,Humbert U.,Berrettini M.,2,2,hc,1.00,away,ft,2.062,4
p6mtuqkn,Humbert U.,Berrettini M.,2,2,hc,-1.00,home,ft,2.132,4
p6mtuqkn,Humbert U.,Berrettini M.,2,2,hc,-1.00,away,ft,1.718,4
p6mtuqkn,Humbert U.,Berrettini M.,2,2,hc,1.50,home,ft,1.705,4
p6mtuqkn,Humbert U.,Berrettini M.,2,2,hc,1.50,away,ft,2.133,4
p6mtuqkn,Humbert U.,Berrettini M.,2,2,hc,-1.50,home,ft,2.18,5
p6mtuqkn,Humbert U.,Berrettini M.,2,2,hc,-1.50,away,ft,1.666,5
p6mtuqkn,Humbert U.,Berrettini M.,2,2,hc,2.00,home,ft,1.61,2
p6mtuqkn,Humbert U.,Berrettini M.,2,2,hc,2.00,away,ft,2.265,2
p6mtuqkn,Humbert U.,Berrettini M.,2,2,hc,-2.00,home,ft,2.5,2
p6mtuqkn,Humbert U.,Berrettini M.,2,2,hc,-2.00,away,ft,1.51,2
p6mtuqkn,Humbert U.,Berrettini M.,2,2,hc,2.50,home,ft,1.53,3
p6mtuqkn,Humbert U.,Berrettini M.,2,2,hc,2.50,away,ft,2.41,3
p6mtuqkn,Humbert U.,Berrettini M.,2,2,hc,-2.50,home,ft,2.34,2
p6mtuqkn,Humbert U.,Berrettini M.,2,2,hc,-2.50,away,ft,1.5,2
p6mtuqkn,Humbert U.,Berrettini M.,2,2,hc,3.00,home,ft,1.39,2
p6mtuqkn,Humbert U.,Berrettini M.,2,2,hc,3.00,away,ft,2.91,2
p6mtuqkn,Humbert U.,Berrettini M.,2,2,hc,-3.00,home,ft,2.94,2
p6mtuqkn,Humbert U.,Berrettini M.,2,2,hc,-3.00,away,ft,1.33,2
p6mtuqkn,Humbert U.,Berrettini M.,2,2,hc,3.50,home,ft,1.29,1
p6mtuqkn,Humbert U.,Berrettini M.,2,2,hc,3.50,away,ft,3.53,1
p6mtuqkn,Humbert U.,Berrettini M.,2,2,hc,-3.50,home,ft,3.27,1
p6mtuqkn,Humbert U.,Berrettini M.,2,2,hc,-3.50,away,ft,1.33,1
K62S9j8s,Etcheverry T. M.,Kecmanovic M.,2,2,ou,2.50,over,ft,2.315,2
K62S9j8s,Etcheverry T. M.,Kecmanovic M.,2,2,ou,2.50,under,ft,1.655,2
K62S9j8s,Etcheverry T. M.,Kecmanovic M.,2,2,ou,18.50,over,ft,1.21,1
K62S9j8s,Etcheverry T. M.,Kecmanovic M.,2,2,ou,18.50,under,ft,4.42,1
K62S9j8s,Etcheverry T. M.,Kecmanovic M.,2,2,ou,19.50,over,ft,1.29,2
K62S9j8s,Etcheverry T. M.,Kecmanovic M.,2,2,ou,19.50,under,ft,3.13,2
K62S9j8s,Etcheverry T. M.,Kecmanovic M.,2,2,ou,20.00,over,ft,1.42,2
K62S9j8s,Etcheverry T. M.,Kecmanovic M.,2,2,ou,20.00,under,ft,2.89,2
K62S9j8s,Etcheverry T. M.,Kecmanovic M.,2,2,ou,20.50,over,ft,1.52,3
K62S9j8s,Etcheverry T. M.,Kecmanovic M.,2,2,ou,20.50,under,ft,2.547,3
K62S9j8s,Etcheverry T. M.,Kecmanovic M.,2,2,ou,21.00,over,ft,1.58,2
K62S9j8s,Etcheverry T. M.,Kecmanovic M.,2,2,ou,21.00,under,ft,2.385,2
K62S9j8s,Etcheverry T. M.,Kecmanovic M.,2,2,ou,21.50,over,ft,1.631,7
K62S9j8s,Etcheverry T. M.,Kecmanovic M.,2,2,ou,21.50,under,ft,2.243,7
K62S9j8s,Etcheverry T. M.,Kecmanovic M.,2,2,ou,22.00,over,ft,1.746,5
K62S9j8s,Etcheverry T. M.,Kecmanovic M.,2,2,ou,22.00,under,ft,2.088,5
K62S9j8s,Etcheverry T. M.,Kecmanovic M.,2,2,ou,22.50,over,ft,1.854,7
K62S9j8s,Etcheverry T. M.,Kecmanovic M.,2,2,ou,22.50,under,ft,1.933,7
K62S9j8s,Etcheverry T. M.,Kecmanovic M.,2,2,ou,23.00,over,ft,2.016,5
K62S9j8s,Etcheverry T. M.,Kecmanovic M.,2,2,ou,23.00,under,ft,1.81,5
K62S9j8s,Etcheverry T. M.,Kecmanovic M.,2,2,ou,23.50,over,ft,2.11,7
K62S9j8s,Etcheverry T. M.,Kecmanovic M.,2,2,ou,23.50,under,ft,1.711,7
K62S9j8s,Etcheverry T. M.,Kecmanovic M.,2,2,ou,24.00,over,ft,2.19,3
K62S9j8s,Etcheverry T. M.,Kecmanovic M.,2,2,ou,24.00,under,ft,1.69,3
K62S9j8s,Etcheverry T. M.,Kecmanovic M.,2,2,ou,24.50,over,ft,2.192,4
K62S9j8s,Etcheverry T. M.,Kecmanovic M.,2,2,ou,24.50,under,ft,1.655,4
K62S9j8s,Etcheverry T. M.,Kecmanovic M.,2,2,ou,25.00,over,ft,2.35,2
K62S9j8s,Etcheverry T. M.,Kecmanovic M.,2,2,ou,25.00,under,ft,1.6,2
K62S9j8s,Etcheverry T. M.,Kecmanovic M.,2,2,ou,25.50,over,ft,2.35,2
K62S9j8s,Etcheverry T. M.,Kecmanovic M.,2,2,ou,25.50,under,ft,1.5,2
K62S9j8s,Etcheverry T. M.,Kecmanovic M.,2,2,ou,26.50,over,ft,2.65,3
K62S9j8s,Etcheverry T. M.,Kecmanovic M.,2,2,ou,26.50,under,ft,1.423,3
K62S9j8s,Etcheverry T. M.,Kecmanovic M.,2,2,ou,27.50,over,ft,2.93,2
K62S9j8s,Etcheverry T. M.,Kecmanovic M.,2,2,ou,27.50,under,ft,1.33,2
K62S9j8s,Etcheverry T. M.,Kecmanovic M.,2,2,hc,1.50,home,ft,1.525,6
K62S9j8s,Etcheverry T. M.,Kecmanovic M.,2,2,hc,1.50,away,ft,2.403,6
K62S9j8s,Etcheverry T. M.,Kecmanovic M.,2,2,hc,-1.50,home,ft,4.076,5
K62S9j8s,Etcheverry T. M.,Kecmanovic M.,2,2,hc,-1.50,away,ft,1.232,5
K62S9j8s,Etcheverry T. M.,Kecmanovic M.,2,2,hc,0,home,ft,2.48,2
K62S9j8s,Etcheverry T. M.,Kecmanovic M.,2,2,hc,0,away,ft,1.54,2
K62S9j8s,Etcheverry T. M.,Kecmanovic M.,2,2,hc,12.00,home,ft,1.86,1
K62S9j8s,Etcheverry T. M.,Kecmanovic M.,2,2,hc,12.00,away,ft,1.38,1
K62S9j8s,Etcheverry T. M.,Kecmanovic M.,2,2,hc,12.50,home,ft,2.12,1
K62S9j8s,Etcheverry T. M.,Kecmanovic M.,2,2,hc,12.50,away,ft,1.81,1
K62S9j8s,Etcheverry T. M.,Kecmanovic M.,2,2,hc,0.50,home,ft,2.33,2
K62S9j8s,Etcheverry T. M.,Kecmanovic M.,2,2,hc,0.50,away,ft,1.61,2
K62S9j8s,Etcheverry T. M.,Kecmanovic M.,2,2,hc,1.00,home,ft,2.203,4
K62S9j8s,Etcheverry T. M.,Kecmanovic M.,2,2,hc,1.00,away,ft,1.695,4
K62S9j8s,Etcheverry T. M.,Kecmanovic M.,2,2,hc,1.50,home,ft,2.1,6
K62S9j8s,Etcheverry T. M.,Kecmanovic M.,2,2,hc,1.50,away,ft,1.72,6
K62S9j8s,Etcheverry T. M.,Kecmanovic M.,2,2,hc,-1.50,home,ft,2.8,1
K62S9j8s,Etcheverry T. M.,Kecmanovic M.,2,2,hc,-1.50,away,ft,1.43,1
K62S9j8s,Etcheverry T. M.,Kecmanovic M.,2,2,hc,2.00,home,ft,2.022,4
K62S9j8s,Etcheverry T. M.,Kecmanovic M.,2,2,hc,2.00,away,ft,1.815,4
K62S9j8s,Etcheverry T. M.,Kecmanovic M.,2,2,hc,2.50,home,ft,1.864,5
K62S9j8s,Etcheverry T. M.,Kecmanovic M.,2,2,hc,2.50,away,ft,1.928,5
K62S9j8s,Etcheverry T. M.,Kecmanovic M.,2,2,hc,3.00,home,ft,1.74,4
K62S9j8s,Etcheverry T. M.,Kecmanovic M.,2,2,hc,3.00,away,ft,2.117,4
K62S9j8s,Etcheverry T. M.,Kecmanovic M.,2,2,hc,3.50,home,ft,1.61,6
K62S9j8s,Etcheverry T. M.,Kecmanovic M.,2,2,hc,3.50,away,ft,2.293,6
K62S9j8s,Etcheverry T. M.,Kecmanovic M.,2,2,hc,-3.50,home,ft,4.0,1
K62S9j8s,Etcheverry T. M.,Kecmanovic M.,2,2,hc,-3.50,away,ft,1.24,1
K62S9j8s,Etcheverry T. M.,Kecmanovic M.,2,2,hc,4.00,home,ft,1.47,2
K62S9j8s,Etcheverry T. M.,Kecmanovic M.,2,2,hc,4.00,away,ft,2.69,2
K62S9j8s,Etcheverry T. M.,Kecmanovic M.,2,2,hc,4.50,home,ft,1.4,2
K62S9j8s,Etcheverry T. M.,Kecmanovic M.,2,2,hc,4.50,away,ft,2.98,2
K62S9j8s,Etcheverry T. M.,Kecmanovic M.,2,2,hc,5.00,home,ft,1.24,2
K62S9j8s,Etcheverry T. M.,Kecmanovic M.,2,2,hc,5.00,away,ft,4.04,2
K62S9j8s,Etcheverry T. M.,Kecmanovic M.,2,2,hc,5.50,home,ft,1.19,1
K62S9j8s,Etcheverry T. M.,Kecmanovic M.,2,2,hc,5.50,away,ft,4.66,1
UBUvgcYq,Sonego L.,Kovacevic A.,2,2,ou,2.50,over,ft,2.42,3
UBUvgcYq,Sonego L.,Kovacevic A.,2,2,ou,2.50,under,ft,1.593,3
UBUvgcYq,Sonego L.,Kovacevic A.,2,2,ou,18.50,over,ft,1.13,1
UBUvgcYq,Sonego L.,Kovacevic A.,2,2,ou,18.50,under,ft,5.82,1
UBUvgcYq,Sonego L.,Kovacevic A.,2,2,ou,20.00,over,ft,1.32,2
UBUvgcYq,Sonego L.,Kovacevic A.,2,2,ou,20.00,under,ft,3.39,2
UBUvgcYq,Sonego L.,Kovacevic A.,2,2,ou,20.50,over,ft,1.417,3
UBUvgcYq,Sonego L.,Kovacevic A.,2,2,ou,20.50,under,ft,2.803,3
UBUvgcYq,Sonego L.,Kovacevic A.,2,2,ou,21.00,over,ft,1.48,2
UBUvgcYq,Sonego L.,Kovacevic A.,2,2,ou,21.00,under,ft,2.67,2
UBUvgcYq,Sonego L.,Kovacevic A.,2,2,ou,21.50,over,ft,1.562,5
UBUvgcYq,Sonego L.,Kovacevic A.,2,2,ou,21.50,under,ft,2.348,5
UBUvgcYq,Sonego L.,Kovacevic A.,2,2,ou,22.00,over,ft,1.664,5
UBUvgcYq,Sonego L.,Kovacevic A.,2,2,ou,22.00,under,ft,2.24,5
UBUvgcYq,Sonego L.,Kovacevic A.,2,2,ou,22.50,over,ft,1.794,7
UBUvgcYq,Sonego L.,Kovacevic A.,2,2,ou,22.50,under,ft,2.007,7
UBUvgcYq,Sonego L.,Kovacevic A.,2,2,ou,23.00,over,ft,1.962,5
UBUvgcYq,Sonego L.,Kovacevic A.,2,2,ou,23.00,under,ft,1.856,5
UBUvgcYq,Sonego L.,Kovacevic A.,2,2,ou,23.50,over,ft,2.067,7
UBUvgcYq,Sonego L.,Kovacevic A.,2,2,ou,23.50,under,ft,1.731,7
UBUvgcYq,Sonego L.,Kovacevic A.,2,2,ou,24.00,over,ft,2.132,5
UBUvgcYq,Sonego L.,Kovacevic A.,2,2,ou,24.00,under,ft,1.718,5
UBUvgcYq,Sonego L.,Kovacevic A.,2,2,ou,24.50,over,ft,2.125,4
UBUvgcYq,Sonego L.,Kovacevic A.,2,2,ou,24.50,under,ft,1.7,4
UBUvgcYq,Sonego L.,Kovacevic A.,2,2,ou,25.00,over,ft,2.25,2
UBUvgcYq,Sonego L.,Kovacevic A.,2,2,ou,25.00,under,ft,1.65,2
UBUvgcYq,Sonego L.,Kovacevic A.,2,2,ou,25.50,over,ft,2.167,3
UBUvgcYq,Sonego L.,Kovacevic A.,2,2,ou,25.50,under,ft,1.593,3
UBUvgcYq,Sonego L.,Kovacevic A.,2,2,ou,26.00,over,ft,2.31,2
UBUvgcYq,Sonego L.,Kovacevic A.,2,2,ou,26.00,under,ft,1.5,2
UBUvgcYq,Sonego L.,Kovacevic A.,2,2,ou,26.50,over,ft,2.6,1
UBUvgcYq,Sonego L.,Kovacevic A.,2,2,ou,26.50,under,ft,1.5,1
UBUvgcYq,Sonego L.,Kovacevic A.,2,2,hc,1.50,home,ft,1.186,5
UBUvgcYq,Sonego L.,Kovacevic A.,2,2,hc,1.50,away,ft,4.678,5
UBUvgcYq,Sonego L.,Kovacevic A.,2,2,hc,-1.50,home,ft,2.2,6
UBUvgcYq,Sonego L.,Kovacevic A.,2,2,hc,-1.50,away,ft,1.64,6
UBUvgcYq,Sonego L.,Kovacevic A.,2,2,hc,0,home,ft,1.43,2
UBUvgcYq,Sonego L.,Kovacevic A.,2,2,hc,0,away,ft,2.66,2
UBUvgcYq,Sonego L.,Kovacevic A.,2,2,hc,12.50,home,ft,1.64,1
UBUvgcYq,Sonego L.,Kovacevic A.,2,2,hc,12.50,away,ft,2.06,1
UBUvgcYq,Sonego L.,Kovacevic A.,2,2,hc,13.00,home,ft,1.9,1
UBUvgcYq,Sonego L.,Kovacevic A.,2,2,hc,13.00,away,ft,1.65,1
UBUvgcYq,Sonego L.,Kovacevic A.,2,2,hc,0.50,home,ft,1.52,2
UBUvgcYq,Sonego L.,Kovacevic A.,2,2,hc,0.50,away,ft,2.39,2
UBUvgcYq,Sonego L.,Kovacevic A.,2,2,hc,-0.50,home,ft,1.48,2
UBUvgcYq,Sonego L.,Kovacevic A.,2,2,hc,-0.50,away,ft,2.5,2
UBUvgcYq,Sonego L.,Kovacevic A.,2,2,hc,1.00,home,ft,1.39,2
UBUvgcYq,Sonego L.,Kovacevic A.,2,2,hc,1.00,away,ft,2.69,2
UBUvgcYq,Sonego L.,Kovacevic A.,2,2,hc,-1.00,home,ft,1.547,3
UBUvgcYq,Sonego L.,Kovacevic A.,2,2,hc,-1.00,away,ft,2.517,3
UBUvgcYq,Sonego L.,Kovacevic A.,2,2,hc,1.50,home,ft,1.34,1
UBUvgcYq,Sonego L.,Kovacevic A.,2,2,hc,1.50,away,ft,3.24,1
UBUvgcYq,Sonego L.,Kovacevic A.,2,2,hc,-1.50,home,ft,1.58,5
UBUvgcYq,Sonego L.,Kovacevic A.,2,2,hc,-1.50,away,ft,2.384,5
UBUvgcYq,Sonego L.,Kovacevic A.,2,2,hc,-2.00,home,ft,1.663,4
UBUvgcYq,Sonego L.,Kovacevic A.,2,2,hc,-2.00,away,ft,2.26,4
UBUvgcYq,Sonego L.,Kovacevic A.,2,2,hc,-2.50,home,ft,1.773,6
UBUvgcYq,Sonego L.,Kovacevic A.,2,2,hc,-2.50,away,ft,2.028,6
UBUvgcYq,Sonego L.,Kovacevic A.,2,2,hc,-3.00,home,ft,1.987,4
UBUvgcYq,Sonego L.,Kovacevic A.,2,2,hc,-3.00,away,ft,1.85,4
UBUvgcYq,Sonego L.,Kovacevic A.,2,2,hc,-3.50,home,ft,2.186,5
UBUvgcYq,Sonego L.,Kovacevic A.,2,2,hc,-3.50,away,ft,1.684,5
UBUvgcYq,Sonego L.,Kovacevic A.,2,2,hc,-4.00,home,ft,2.728,4
UBUvgcYq,Sonego L.,Kovacevic A.,2,2,hc,-4.00,away,ft,1.47,4
UBUvgcYq,Sonego L.,Kovacevic A.,2,2,hc,-4.50,home,ft,2.865,4
UBUvgcYq,Sonego L.,Kovacevic A.,2,2,hc,-4.50,away,ft,1.397,4
UBUvgcYq,Sonego L.,Kovacevic A.,2,2,hc,-5.00,home,ft,4.31,2
UBUvgcYq,Sonego L.,Kovacevic A.,2,2,hc,-5.00,away,ft,1.22,2
UBUvgcYq,Sonego L.,Kovacevic A.,2,2,hc,-5.50,home,ft,4.23,3
UBUvgcYq,Sonego L.,Kovacevic A.,2,2,hc,-5.50,away,ft,1.153,3
UBUvgcYq,Sonego L.,Kovacevic A.,2,2,hc,-6.00,home,ft,6.34,2
UBUvgcYq,Sonego L.,Kovacevic A.,2,2,hc,-6.00,away,ft,1.07,2
CrYJzqBj,Borg L.,Shapovalov D.,1,1,ou,2.50,over,ft,4.415,2
CrYJzqBj,Borg L.,Shapovalov D.,1,1,ou,2.50,under,ft,1.235,2
CrYJzqBj,Borg L.,Shapovalov D.,1,1,ou,16.00,over,ft,1.1,2
CrYJzqBj,Borg L.,Shapovalov D.,1,1,ou,16.00,under,ft,5.25,2
CrYJzqBj,Borg L.,Shapovalov D.,1,1,ou,16.50,over,ft,1.23,2
CrYJzqBj,Borg L.,Shapovalov D.,1,1,ou,16.50,under,ft,3.56,2
CrYJzqBj,Borg L.,Shapovalov D.,1,1,ou,17.00,over,ft,1.19,2
CrYJzqBj,Borg L.,Shapovalov D.,1,1,ou,17.00,under,ft,3.2,2
CrYJzqBj,Borg L.,Shapovalov D.,1,1,ou,17.50,over,ft,1.423,3
CrYJzqBj,Borg L.,Shapovalov D.,1,1,ou,17.50,under,ft,2.857,3
CrYJzqBj,Borg L.,Shapovalov D.,1,1,ou,18.00,over,ft,1.484,5
CrYJzqBj,Borg L.,Shapovalov D.,1,1,ou,18.00,under,ft,2.638,5
CrYJzqBj,Borg L.,Shapovalov D.,1,1,ou,18.50,over,ft,1.634,7
CrYJzqBj,Borg L.,Shapovalov D.,1,1,ou,18.50,under,ft,2.236,7
CrYJzqBj,Borg L.,Shapovalov D.,1,1,ou,19.00,over,ft,1.786,5
CrYJzqBj,Borg L.,Shapovalov D.,1,1,ou,19.00,under,ft,2.052,5
CrYJzqBj,Borg L.,Shapovalov D.,1,1,ou,19.50,over,ft,1.989,7
CrYJzqBj,Borg L.,Shapovalov D.,1,1,ou,19.50,under,ft,1.811,7
CrYJzqBj,Borg L.,Shapovalov D.,1,1,ou,20.00,over,ft,2.124,5
CrYJzqBj,Borg L.,Shapovalov D.,1,1,ou,20.00,under,ft,1.728,5
CrYJzqBj,Borg L.,Shapovalov D.,1,1,ou,20.50,over,ft,2.259,7
CrYJzqBj,Borg L.,Shapovalov D.,1,1,ou,20.50,under,ft,1.616,7
CrYJzqBj,Borg L.,Shapovalov D.,1,1,ou,21.00,over,ft,2.43,2
CrYJzqBj,Borg L.,Shapovalov D.,1,1,ou,21.00,under,ft,1.56,2
CrYJzqBj,Borg L.,Shapovalov D.,1,1,ou,21.50,over,ft,2.58,2
CrYJzqBj,Borg L.,Shapovalov D.,1,1,ou,21.50,under,ft,1.5,2
CrYJzqBj,Borg L.,Shapovalov D.,1,1,ou,22.00,over,ft,2.95,2
CrYJzqBj,Borg L.,Shapovalov D.,1,1,ou,22.00,under,ft,1.4,2
CrYJzqBj,Borg L.,Shapovalov D.,1,1,hc,1.50,home,ft,3.235,6
CrYJzqBj,Borg L.,Shapovalov D.,1,1,hc,1.50,away,ft,1.327,6
CrYJzqBj,Borg L.,Shapovalov D.,1,1,hc,-1.50,home,ft,14.592,5
CrYJzqBj,Borg L.,Shapovalov D.,1,1,hc,-1.50,away,ft,1.033,3
CrYJzqBj,Borg L.,Shapovalov D.,1,1,hc,3.00,home,ft,6.55,2
CrYJzqBj,Borg L.,Shapovalov D.,1,1,hc,3.00,away,ft,1.11,2
CrYJzqBj,Borg L.,Shapovalov D.,1,1,hc,3.50,home,ft,4.425,2
CrYJzqBj,Borg L.,Shapovalov D.,1,1,hc,3.50,away,ft,1.21,2
CrYJzqBj,Borg L.,Shapovalov D.,1,1,hc,4.00,home,ft,3.82,2
CrYJzqBj,Borg L.,Shapovalov D.,1,1,hc,4.00,away,ft,1.26,2
CrYJzqBj,Borg L.,Shapovalov D.,1,1,hc,4.50,home,ft,2.783,6
CrYJzqBj,Borg L.,Shapovalov D.,1,1,hc,4.50,away,ft,1.433,6
CrYJzqBj,Borg L.,Shapovalov D.,1,1,hc,5.00,home,ft,2.383,4
CrYJzqBj,Borg L.,Shapovalov D.,1,1,hc,5.00,away,ft,1.6,4
CrYJzqBj,Borg L.,Shapovalov D.,1,1,hc,5.50,home,ft,1.93,6
CrYJzqBj,Borg L.,Shapovalov D.,1,1,hc,5.50,away,ft,1.877,6
CrYJzqBj,Borg L.,Shapovalov D.,1,1,hc,6.00,home,ft,1.665,4
CrYJzqBj,Borg L.,Shapovalov D.,1,1,hc,6.00,away,ft,2.25,4
CrYJzqBj,Borg L.,Shapovalov D.,1,1,hc,6.50,home,ft,1.525,6
CrYJzqBj,Borg L.,Shapovalov D.,1,1,hc,6.50,away,ft,2.508,6
CrYJzqBj,Borg L.,Shapovalov D.,1,1,hc,7.00,home,ft,1.29,4
CrYJzqBj,Borg L.,Shapovalov D.,1,1,hc,7.00,away,ft,3.748,4
CrYJzqBj,Borg L.,Shapovalov D.,1,1,hc,7.50,home,ft,1.25,3
CrYJzqBj,Borg L.,Shapovalov D.,1,1,hc,7.50,away,ft,4.26,3
CrYJzqBj,Borg L.,Shapovalov D.,1,1,hc,8.00,home,ft,1.05,2
CrYJzqBj,Borg L.,Shapovalov D.,1,1,hc,8.00,away,ft,5.45,2
CrYJzqBj,Borg L.,Shapovalov D.,1,1,hc,8.50,home,ft,1.14,2
CrYJzqBj,Borg L.,Shapovalov D.,1,1,hc,8.50,away,ft,4.59,2
CrYJzqBj,Borg L.,Shapovalov D.,1,1,hc,9.00,home,ft,1.04,2
CrYJzqBj,Borg L.,Shapovalov D.,1,1,hc,9.00,away,ft,8.9,2
pncE5VUF,Cilic M.,Ruud C.,0,0,ou,2.50,over,ft,2.335,2
pncE5VUF,Cilic M.,Ruud C.,0,0,ou,2.50,under,ft,1.645,2
pncE5VUF,Cilic M.,Ruud C.,0,0,ou,18.50,over,ft,1.155,2
pncE5VUF,Cilic M.,Ruud C.,0,0,ou,18.50,under,ft,5.275,2
pncE5VUF,Cilic M.,Ruud C.,0,0,ou,20.00,over,ft,1.26,2
pncE5VUF,Cilic M.,Ruud C.,0,0,ou,20.00,under,ft,3.28,2
pncE5VUF,Cilic M.,Ruud C.,0,0,ou,20.50,over,ft,1.39,4
pncE5VUF,Cilic M.,Ruud C.,0,0,ou,20.50,under,ft,2.822,4
pncE5VUF,Cilic M.,Ruud C.,0,0,ou,21.00,over,ft,1.5,2
pncE5VUF,Cilic M.,Ruud C.,0,0,ou,21.00,under,ft,2.595,2
pncE5VUF,Cilic M.,Ruud C.,0,0,ou,21.50,over,ft,1.554,5
pncE5VUF,Cilic M.,Ruud C.,0,0,ou,21.50,under,ft,2.342,5
pncE5VUF,Cilic M.,Ruud C.,0,0,ou,22.00,over,ft,1.66,5
pncE5VUF,Cilic M.,Ruud C.,0,0,ou,22.00,under,ft,2.226,5
pncE5VUF,Cilic M.,Ruud C.,0,0,ou,22.50,over,ft,1.774,7
pncE5VUF,Cilic M.,Ruud C.,0,0,ou,22.50,under,ft,2.0,7
pncE5VUF,Cilic M.,Ruud C.,0,0,ou,23.00,over,ft,1.874,5
pncE5VUF,Cilic M.,Ruud C.,0,0,ou,23.00,under,ft,1.906,5
pncE5VUF,Cilic M.,Ruud C.,0,0,ou,23.50,over,ft,2.004,7
pncE5VUF,Cilic M.,Ruud C.,0,0,ou,23.50,under,ft,1.799,7
pncE5VUF,Cilic M.,Ruud C.,0,0,ou,24.00,over,ft,2.088,5
pncE5VUF,Cilic M.,Ruud C.,0,0,ou,24.00,under,ft,1.75,5
pncE5VUF,Cilic M.,Ruud C.,0,0,ou,24.50,over,ft,2.082,6
pncE5VUF,Cilic M.,Ruud C.,0,0,ou,24.50,under,ft,1.717,6
pncE5VUF,Cilic M.,Ruud C.,0,0,ou,25.00,over,ft,2.26,2
pncE5VUF,Cilic M.,Ruud C.,0,0,ou,25.00,under,ft,1.64,2
pncE5VUF,Cilic M.,Ruud C.,0,0,ou,25.50,over,ft,2.12,2
pncE5VUF,Cilic M.,Ruud C.,0,0,ou,25.50,under,ft,1.61,2
pncE5VUF,Cilic M.,Ruud C.,0,0,ou,26.00,over,ft,2.27,2
pncE5VUF,Cilic M.,Ruud C.,0,0,ou,26.00,under,ft,1.52,2
pncE5VUF,Cilic M.,Ruud C.,0,0,ou,26.50,over,ft,2.52,2
pncE5VUF,Cilic M.,Ruud C.,0,0,ou,26.50,under,ft,1.52,2
pncE5VUF,Cilic M.,Ruud C.,0,0,hc,1.50,home,ft,1.523,6
pncE5VUF,Cilic M.,Ruud C.,0,0,hc,1.50,away,ft,2.448,6
pncE5VUF,Cilic M.,Ruud C.,0,0,hc,-1.50,home,ft,4.09,5
pncE5VUF,Cilic M.,Ruud C.,0,0,hc,-1.50,away,ft,1.228,5
pncE5VUF,Cilic M.,Ruud C.,0,0,hc,0,home,ft,2.48,2
pncE5VUF,Cilic M.,Ruud C.,0,0,hc,0,away,ft,1.54,2
pncE5VUF,Cilic M.,Ruud C.,0,0,hc,12.50,home,ft,1.8,1
pncE5VUF,Cilic M.,Ruud C.,0,0,hc,12.50,away,ft,2.12,1
pncE5VUF,Cilic M.,Ruud C.,0,0,hc,13.00,home,ft,1.55,1
pncE5VUF,Cilic M.,Ruud C.,0,0,hc,13.00,away,ft,1.76,1
pncE5VUF,Cilic M.,Ruud C.,0,0,hc,0.50,home,ft,2.33,2
pncE5VUF,Cilic M.,Ruud C.,0,0,hc,0.50,away,ft,1.61,2
pncE5VUF,Cilic M.,Ruud C.,0,0,hc,1.00,home,ft,2.237,4
pncE5VUF,Cilic M.,Ruud C.,0,0,hc,1.00,away,ft,1.67,4
pncE5VUF,Cilic M.,Ruud C.,0,0,hc,-1.00,home,ft,2.45,2
pncE5VUF,Cilic M.,Ruud C.,0,0,hc,-1.00,away,ft,1.46,2
pncE5VUF,Cilic M.,Ruud C.,0,0,hc,1.50,home,ft,2.1,6
pncE5VUF,Cilic M.,Ruud C.,0,0,hc,1.50,away,ft,1.718,6
pncE5VUF,Cilic M.,Ruud C.,0,0,hc,-1.50,home,ft,2.835,2
pncE5VUF,Cilic M.,Ruud C.,0,0,hc,-1.50,away,ft,1.425,2
pncE5VUF,Cilic M.,Ruud C.,0,0,hc,1.75,home,ft,2.15,2
pncE5VUF,Cilic M.,Ruud C.,0,0,hc,1.75,away,ft,1.62,2
pncE5VUF,Cilic M.,Ruud C.,0,0,hc,2.00,home,ft,1.985,4
pncE5VUF,Cilic M.,Ruud C.,0,0,hc,2.00,away,ft,1.855,4
pncE5VUF,Cilic M.,Ruud C.,0,0,hc,2.25,home,ft,2.16,2
pncE5VUF,Cilic M.,Ruud C.,0,0,hc,2.25,away,ft,1.7,2
pncE5VUF,Cilic M.,Ruud C.,0,0,hc,2.50,home,ft,1.832,5
pncE5VUF,Cilic M.,Ruud C.,0,0,hc,2.50,away,ft,1.972,5
pncE5VUF,Cilic M.,Ruud C.,0,0,hc,-2.50,home,ft,1.95,1
pncE5VUF,Cilic M.,Ruud C.,0,0,hc,-2.50,away,ft,1.87,1
pncE5VUF,Cilic M.,Ruud C.,0,0,hc,2.75,home,ft,1.93,2
pncE5VUF,Cilic M.,Ruud C.,0,0,hc,2.75,away,ft,1.77,2
pncE5VUF,Cilic M.,Ruud C.,0,0,hc,3.00,home,ft,1.68,4
pncE5VUF,Cilic M.,Ruud C.,0,0,hc,3.00,away,ft,2.215,4
pncE5VUF,Cilic M.,Ruud C.,0,0,hc,3.25,home,ft,1.76,2
pncE5VUF,Cilic M.,Ruud C.,0,0,hc,3.25,away,ft,1.95,2
pncE5VUF,Cilic M.,Ruud C.,0,0,hc,3.50,home,ft,1.572,6
pncE5VUF,Cilic M.,Ruud C.,0,0,hc,3.50,away,ft,2.357,6
pncE5VUF,Cilic M.,Ruud C.,0,0,hc,-3.50,home,ft,4.375,2
pncE5VUF,Cilic M.,Ruud C.,0,0,hc,-3.50,away,ft,1.21,2
pncE5VUF,Cilic M.,Ruud C.,0,0,hc,3.75,home,ft,1.6,2
pncE5VUF,Cilic M.,Ruud C.,0,0,hc,3.75,away,ft,2.2,2
pncE5VUF,Cilic M.,Ruud C.,0,0,hc,4.00,home,ft,1.42,2
pncE5VUF,Cilic M.,Ruud C.,0,0,hc,4.00,away,ft,2.88,2
pncE5VUF,Cilic M.,Ruud C.,0,0,hc,4.50,home,ft,1.34,2
pncE5VUF,Cilic M.,Ruud C.,0,0,hc,4.50,away,ft,3.26,2
pncE5VUF,Cilic M.,Ruud C.,0,0,hc,5.00,home,ft,1.19,2
pncE5VUF,Cilic M.,Ruud C.,0,0,hc,5.00,away,ft,4.73,2
pncE5VUF,Cilic M.,Ruud C.,0,0,hc,5.50,home,ft,1.15,2
pncE5VUF,Cilic M.,Ruud C.,0,0,hc,5.50,away,ft,5.405,2
8Y38NXQs,Korda S.,Majchrzak K.,2,2,ou,2.50,over,ft,2.29,2
8Y38NXQs,Korda S.,Majchrzak K.,2,2,ou,2.50,under,ft,1.67,2
8Y38NXQs,Korda S.,Majchrzak K.,2,2,ou,18.50,over,ft,1.19,1
8Y38NXQs,Korda S.,Majchrzak K.,2,2,ou,18.50,under,ft,4.72,1
8Y38NXQs,Korda S.,Majchrzak K.,2,2,ou,20.00,over,ft,1.44,2
8Y38NXQs,Korda S.,Majchrzak K.,2,2,ou,20.00,under,ft,2.79,2
8Y38NXQs,Korda S.,Majchrzak K.,2,2,ou,20.50,over,ft,1.523,3
8Y38NXQs,Korda S.,Majchrzak K.,2,2,ou,20.50,under,ft,2.54,3
8Y38NXQs,Korda S.,Majchrzak K.,2,2,ou,21.00,over,ft,1.61,2
8Y38NXQs,Korda S.,Majchrzak K.,2,2,ou,21.00,under,ft,2.32,2
8Y38NXQs,Korda S.,Majchrzak K.,2,2,ou,21.50,over,ft,1.634,7
8Y38NXQs,Korda S.,Majchrzak K.,2,2,ou,21.50,under,ft,2.237,7
8Y38NXQs,Korda S.,Majchrzak K.,2,2,ou,22.00,over,ft,1.734,5
8Y38NXQs,Korda S.,Majchrzak K.,2,2,ou,22.00,under,ft,2.124,5
8Y38NXQs,Korda S.,Majchrzak K.,2,2,ou,22.50,over,ft,1.824,7
8Y38NXQs,Korda S.,Majchrzak K.,2,2,ou,22.50,under,ft,1.971,7
8Y38NXQs,Korda S.,Majchrzak K.,2,2,ou,23.00,over,ft,1.992,5
8Y38NXQs,Korda S.,Majchrzak K.,2,2,ou,23.00,under,ft,1.836,5
8Y38NXQs,Korda S.,Majchrzak K.,2,2,ou,23.50,over,ft,2.094,7
8Y38NXQs,Korda S.,Majchrzak K.,2,2,ou,23.50,under,ft,1.723,7
8Y38NXQs,Korda S.,Majchrzak K.,2,2,ou,24.00,over,ft,2.152,5
8Y38NXQs,Korda S.,Majchrzak K.,2,2,ou,24.00,under,ft,1.708,5
8Y38NXQs,Korda S.,Majchrzak K.,2,2,ou,24.50,over,ft,2.23,3
8Y38NXQs,Korda S.,Majchrzak K.,2,2,ou,24.50,under,ft,1.66,3
8Y38NXQs,Korda S.,Majchrzak K.,2,2,ou,25.00,over,ft,2.42,2
8Y38NXQs,Korda S.,Majchrzak K.,2,2,ou,25.00,under,ft,1.57,2
8Y38NXQs,Korda S.,Majchrzak K.,2,2,ou,26.50,over,ft,2.54,1
8Y38NXQs,Korda S.,Majchrzak K.,2,2,ou,26.50,under,ft,1.51,1
8Y38NXQs,Korda S.,Majchrzak K.,2,2,hc,1.50,home,ft,1.208,5
8Y38NXQs,Korda S.,Majchrzak K.,2,2,hc,1.50,away,ft,4.356,5
8Y38NXQs,Korda S.,Majchrzak K.,2,2,hc,-1.50,home,ft,2.397,6
8Y38NXQs,Korda S.,Majchrzak K.,2,2,hc,-1.50,away,ft,1.547,6
8Y38NXQs,Korda S.,Majchrzak K.,2,2,hc,0,home,ft,1.48,2
8Y38NXQs,Korda S.,Majchrzak K.,2,2,hc,0,away,ft,2.41,2
8Y38NXQs,Korda S.,Majchrzak K.,2,2,hc,12.50,home,ft,2.13,1
8Y38NXQs,Korda S.,Majchrzak K.,2,2,hc,12.50,away,ft,1.77,1
8Y38NXQs,Korda S.,Majchrzak K.,2,2,hc,-0.50,home,ft,1.53,2
8Y38NXQs,Korda S.,Majchrzak K.,2,2,hc,-0.50,away,ft,2.28,2
8Y38NXQs,Korda S.,Majchrzak K.,2,2,hc,1.00,home,ft,1.375,2
8Y38NXQs,Korda S.,Majchrzak K.,2,2,hc,1.00,away,ft,2.725,2
8Y38NXQs,Korda S.,Majchrzak K.,2,2,hc,-1.00,home,ft,1.52,2
8Y38NXQs,Korda S.,Majchrzak K.,2,2,hc,-1.00,away,ft,2.53,2
8Y38NXQs,Korda S.,Majchrzak K.,2,2,hc,1.50,home,ft,1.38,1
8Y38NXQs,Korda S.,Majchrzak K.,2,2,hc,1.50,away,ft,3.02,1
8Y38NXQs,Korda S.,Majchrzak K.,2,2,hc,-1.50,home,ft,1.635,6
8Y38NXQs,Korda S.,Majchrzak K.,2,2,hc,-1.50,away,ft,2.245,6
8Y38NXQs,Korda S.,Majchrzak K.,2,2,hc,-2.00,home,ft,1.725,4
8Y38NXQs,Korda S.,Majchrzak K.,2,2,hc,-2.00,away,ft,2.155,4
8Y38NXQs,Korda S.,Majchrzak K.,2,2,hc,-2.50,home,ft,1.882,5
8Y38NXQs,Korda S.,Majchrzak K.,2,2,hc,-2.50,away,ft,1.928,5
8Y38NXQs,Korda S.,Majchrzak K.,2,2,hc,-3.00,home,ft,2.027,4
8Y38NXQs,Korda S.,Majchrzak K.,2,2,hc,-3.00,away,ft,1.823,4
8Y38NXQs,Korda S.,Majchrzak K.,2,2,hc,3.50,home,ft,1.19,1
8Y38NXQs,Korda S.,Majchrzak K.,2,2,hc,3.50,away,ft,4.59,1
8Y38NXQs,Korda S.,Majchrzak K.,2,2,hc,-3.50,home,ft,2.193,6
8Y38NXQs,Korda S.,Majchrzak K.,2,2,hc,-3.50,away,ft,1.665,6
8Y38NXQs,Korda S.,Majchrzak K.,2,2,hc,-4.00,home,ft,2.473,4
8Y38NXQs,Korda S.,Majchrzak K.,2,2,hc,-4.00,away,ft,1.552,4
8Y38NXQs,Korda S.,Majchrzak K.,2,2,hc,-4.50,home,ft,2.65,2
8Y38NXQs,Korda S.,Majchrzak K.,2,2,hc,-4.50,away,ft,1.48,2
8Y38NXQs,Korda S.,Majchrzak K.,2,2,hc,-5.00,home,ft,3.465,2
8Y38NXQs,Korda S.,Majchrzak K.,2,2,hc,-5.00,away,ft,1.31,2
8Y38NXQs,Korda S.,Majchrzak K.,2,2,hc,-5.50,home,ft,4.65,1
8Y38NXQs,Korda S.,Majchrzak K.,2,2,hc,-5.50,away,ft,1.19,1
MgLrLMxH,De Jong J.,Fucsovics M.,0,0,ou,2.50,over,ft,2.32,3
MgLrLMxH,De Jong J.,Fucsovics M.,0,0,ou,2.50,under,ft,1.63,3
MgLrLMxH,De Jong J.,Fucsovics M.,0,0,ou,19.50,over,ft,1.29,2
MgLrLMxH,De Jong J.,Fucsovics M.,0,0,ou,19.50,under,ft,3.13,2
MgLrLMxH,De Jong J.,Fucsovics M.,0,0,ou,20.00,over,ft,1.4,2
MgLrLMxH,De Jong J.,Fucsovics M.,0,0,ou,20.00,under,ft,2.98,2
MgLrLMxH,De Jong J.,Fucsovics M.,0,0,ou,20.50,over,ft,1.51,2
MgLrLMxH,De Jong J.,Fucsovics M.,0,0,ou,20.50,under,ft,2.55,2
MgLrLMxH,De Jong J.,Fucsovics M.,0,0,ou,21.00,over,ft,1.57,2
MgLrLMxH,De Jong J.,Fucsovics M.,0,0,ou,21.00,under,ft,2.41,2
MgLrLMxH,De Jong J.,Fucsovics M.,0,0,ou,21.50,over,ft,1.626,7
MgLrLMxH,De Jong J.,Fucsovics M.,0,0,ou,21.50,under,ft,2.244,7
MgLrLMxH,De Jong J.,Fucsovics M.,0,0,ou,22.00,over,ft,1.748,5
MgLrLMxH,De Jong J.,Fucsovics M.,0,0,ou,22.00,under,ft,2.094,5
MgLrLMxH,De Jong J.,Fucsovics M.,0,0,ou,22.50,over,ft,1.881,7
MgLrLMxH,De Jong J.,Fucsovics M.,0,0,ou,22.50,under,ft,1.91,7
MgLrLMxH,De Jong J.,Fucsovics M.,0,0,ou,23.00,over,ft,2.01,5
MgLrLMxH,De Jong J.,Fucsovics M.,0,0,ou,23.00,under,ft,1.804,5
MgLrLMxH,De Jong J.,Fucsovics M.,0,0,ou,23.50,over,ft,2.109,7
MgLrLMxH,De Jong J.,Fucsovics M.,0,0,ou,23.50,under,ft,1.709,7
MgLrLMxH,De Jong J.,Fucsovics M.,0,0,ou,24.00,over,ft,2.17,2
MgLrLMxH,De Jong J.,Fucsovics M.,0,0,ou,24.00,under,ft,1.69,2
MgLrLMxH,De Jong J.,Fucsovics M.,0,0,ou,24.50,over,ft,2.173,3
MgLrLMxH,De Jong J.,Fucsovics M.,0,0,ou,24.50,under,ft,1.663,3
MgLrLMxH,De Jong J.,Fucsovics M.,0,0,ou,25.00,over,ft,2.33,2
MgLrLMxH,De Jong J.,Fucsovics M.,0,0,ou,25.00,under,ft,1.61,2
MgLrLMxH,De Jong J.,Fucsovics M.,0,0,ou,25.50,over,ft,2.35,2
MgLrLMxH,De Jong J.,Fucsovics M.,0,0,ou,25.50,under,ft,1.5,2
MgLrLMxH,De Jong J.,Fucsovics M.,0,0,ou,26.50,over,ft,2.64,2
MgLrLMxH,De Jong J.,Fucsovics M.,0,0,ou,26.50,under,ft,1.4,2
MgLrLMxH,De Jong J.,Fucsovics M.,0,0,ou,27.50,over,ft,2.93,2
MgLrLMxH,De Jong J.,Fucsovics M.,0,0,ou,27.50,under,ft,1.33,2
MgLrLMxH,De Jong J.,Fucsovics M.,0,0,hc,1.50,home,ft,1.532,6
MgLrLMxH,De Jong J.,Fucsovics M.,0,0,hc,1.50,away,ft,2.435,6
MgLrLMxH,De Jong J.,Fucsovics M.,0,0,hc,-1.50,home,ft,3.886,5
MgLrLMxH,De Jong J.,Fucsovics M.,0,0,hc,-1.50,away,ft,1.248,5
MgLrLMxH,De Jong J.,Fucsovics M.,0,0,hc,0,home,ft,2.31,2
MgLrLMxH,De Jong J.,Fucsovics M.,0,0,hc,0,away,ft,1.62,2
MgLrLMxH,De Jong J.,Fucsovics M.,0,0,hc,12.00,home,ft,1.85,1
MgLrLMxH,De Jong J.,Fucsovics M.,0,0,hc,12.00,away,ft,1.41,1
MgLrLMxH,De Jong J.,Fucsovics M.,0,0,hc,12.50,home,ft,1.71,1
MgLrLMxH,De Jong J.,Fucsovics M.,0,0,hc,12.50,away,ft,1.99,1
MgLrLMxH,De Jong J.,Fucsovics M.,0,0,hc,0.50,home,ft,2.18,2
MgLrLMxH,De Jong J.,Fucsovics M.,0,0,hc,0.50,away,ft,1.69,2
MgLrLMxH,De Jong J.,Fucsovics M.,0,0,hc,1.00,home,ft,2.143,4
MgLrLMxH,De Jong J.,Fucsovics M.,0,0,hc,1.00,away,ft,1.73,4
MgLrLMxH,De Jong J.,Fucsovics M.,0,0,hc,1.50,home,ft,2.057,6
MgLrLMxH,De Jong J.,Fucsovics M.,0,0,hc,1.50,away,ft,1.752,6
MgLrLMxH,De Jong J.,Fucsovics M.,0,0,hc,2.00,home,ft,1.945,4
MgLrLMxH,De Jong J.,Fucsovics M.,0,0,hc,2.00,away,ft,1.885,4
MgLrLMxH,De Jong J.,Fucsovics M.,0,0,hc,2.50,home,ft,1.84,5
MgLrLMxH,De Jong J.,Fucsovics M.,0,0,hc,2.50,away,ft,1.968,5
MgLrLMxH,De Jong J.,Fucsovics M.,0,0,hc,3.00,home,ft,1.688,4
MgLrLMxH,De Jong J.,Fucsovics M.,0,0,hc,3.00,away,ft,2.205,4
MgLrLMxH,De Jong J.,Fucsovics M.,0,0,hc,3.50,home,ft,1.58,6
MgLrLMxH,De Jong J.,Fucsovics M.,0,0,hc,3.50,away,ft,2.353,6
MgLrLMxH,De Jong J.,Fucsovics M.,0,0,hc,4.00,home,ft,1.43,2
MgLrLMxH,De Jong J.,Fucsovics M.,0,0,hc,4.00,away,ft,2.835,2
MgLrLMxH,De Jong J.,Fucsovics M.,0,0,hc,4.50,home,ft,1.35,2
MgLrLMxH,De Jong J.,Fucsovics M.,0,0,hc,4.50,away,ft,3.2,2
MgLrLMxH,De Jong J.,Fucsovics M.,0,0,hc,5.00,home,ft,1.21,2
MgLrLMxH,De Jong J.,Fucsovics M.,0,0,hc,5.00,away,ft,4.425,2
02oN3C94,Fery A.,Sonego L.,0,0,ou,2.50,over,ft,2.307,3
02oN3C94,Fery A.,Sonego L.,0,0,ou,2.50,under,ft,1.633,3
02oN3C94,Fery A.,Sonego L.,0,0,ou,18.50,over,ft,1.19,1
02oN3C94,Fery A.,Sonego L.,0,0,ou,18.50,under,ft,4.66,1
02oN3C94,Fery A.,Sonego L.,0,0,ou,19.50,over,ft,1.26,2
02oN3C94,Fery A.,Sonego L.,0,0,ou,19.50,under,ft,3.33,2
02oN3C94,Fery A.,Sonego L.,0,0,ou,20.00,over,ft,1.3,2
02oN3C94,Fery A.,Sonego L.,0,0,ou,20.00,under,ft,3.04,2
02oN3C94,Fery A.,Sonego L.,0,0,ou,20.50,over,ft,1.432,4
02oN3C94,Fery A.,Sonego L.,0,0,ou,20.50,under,ft,2.61,4
02oN3C94,Fery A.,Sonego L.,0,0,ou,21.00,over,ft,1.46,2
02oN3C94,Fery A.,Sonego L.,0,0,ou,21.00,under,ft,2.49,2
02oN3C94,Fery A.,Sonego L.,0,0,ou,21.50,over,ft,1.577,7
02oN3C94,Fery A.,Sonego L.,0,0,ou,21.50,under,ft,2.3,7
02oN3C94,Fery A.,Sonego L.,0,0,ou,22.00,over,ft,1.682,5
02oN3C94,Fery A.,Sonego L.,0,0,ou,22.00,under,ft,2.15,5
02oN3C94,Fery A.,Sonego L.,0,0,ou,22.50,over,ft,1.817,7
02oN3C94,Fery A.,Sonego L.,0,0,ou,22.50,under,ft,1.946,7
02oN3C94,Fery A.,Sonego L.,0,0,ou,23.00,over,ft,1.94,5
02oN3C94,Fery A.,Sonego L.,0,0,ou,23.00,under,ft,1.84,5
02oN3C94,Fery A.,Sonego L.,0,0,ou,23.50,over,ft,2.036,7
02oN3C94,Fery A.,Sonego L.,0,0,ou,23.50,under,ft,1.761,7
02oN3C94,Fery A.,Sonego L.,0,0,ou,24.00,over,ft,2.072,5
02oN3C94,Fery A.,Sonego L.,0,0,ou,24.00,under,ft,1.706,5
02oN3C94,Fery A.,Sonego L.,0,0,ou,24.50,over,ft,2.12,5
02oN3C94,Fery A.,Sonego L.,0,0,ou,24.50,under,ft,1.644,5
02oN3C94,Fery A.,Sonego L.,0,0,ou,25.00,over,ft,2.13,2
02oN3C94,Fery A.,Sonego L.,0,0,ou,25.00,under,ft,1.59,2
02oN3C94,Fery A.,Sonego L.,0,0,ou,25.50,over,ft,2.12,2
02oN3C94,Fery A.,Sonego L.,0,0,ou,25.50,under,ft,1.61,2
02oN3C94,Fery A.,Sonego L.,0,0,ou,26.00,over,ft,2.27,2
02oN3C94,Fery A.,Sonego L.,0,0,ou,26.00,under,ft,1.52,2
02oN3C94,Fery A.,Sonego L.,0,0,ou,26.50,over,ft,2.538,4
02oN3C94,Fery A.,Sonego L.,0,0,ou,26.50,under,ft,1.455,4
02oN3C94,Fery A.,Sonego L.,0,0,ou,27.50,over,ft,2.73,2
02oN3C94,Fery A.,Sonego L.,0,0,ou,27.50,under,ft,1.38,2
02oN3C94,Fery A.,Sonego L.,0,0,hc,1.50,home,ft,1.457,6
02oN3C94,Fery A.,Sonego L.,0,0,hc,1.50,away,ft,2.645,6
02oN3C94,Fery A.,Sonego L.,0,0,hc,-1.50,home,ft,3.688,5
02oN3C94,Fery A.,Sonego L.,0,0,hc,-1.50,away,ft,1.27,5
02oN3C94,Fery A.,Sonego L.,0,0,hc,0,home,ft,2.115,4
02oN3C94,Fery A.,Sonego L.,0,0,hc,0,away,ft,1.705,4
02oN3C94,Fery A.,Sonego L.,0,0,hc,12.50,home,ft,1.81,1
02oN3C94,Fery A.,Sonego L.,0,0,hc,12.50,away,ft,2.04,1
02oN3C94,Fery A.,Sonego L.,0,0,hc,13.00,home,ft,1.54,1
02oN3C94,Fery A.,Sonego L.,0,0,hc,13.00,away,ft,1.68,1
02oN3C94,Fery A.,Sonego L.,0,0,hc,0.50,home,ft,2.075,6
02oN3C94,Fery A.,Sonego L.,0,0,hc,0.50,away,ft,1.717,6
02oN3C94,Fery A.,Sonego L.,0,0,hc,-0.50,home,ft,2.15,4
02oN3C94,Fery A.,Sonego L.,0,0,hc,-0.50,away,ft,1.677,4
02oN3C94,Fery A.,Sonego L.,0,0,hc,1.00,home,ft,2.01,4
02oN3C94,Fery A.,Sonego L.,0,0,hc,1.00,away,ft,1.79,4
02oN3C94,Fery A.,Sonego L.,0,0,hc,-1.00,home,ft,2.3,2
02oN3C94,Fery A.,Sonego L.,0,0,hc,-1.00,away,ft,1.56,2
02oN3C94,Fery A.,Sonego L.,0,0,hc,1.50,home,ft,1.967,6
02oN3C94,Fery A.,Sonego L.,0,0,hc,1.50,away,ft,1.802,6
02oN3C94,Fery A.,Sonego L.,0,0,hc,-1.50,home,ft,2.41,3
02oN3C94,Fery A.,Sonego L.,0,0,hc,-1.50,away,ft,1.503,3
02oN3C94,Fery A.,Sonego L.,0,0,hc,2.00,home,ft,1.815,4
02oN3C94,Fery A.,Sonego L.,0,0,hc,2.00,away,ft,1.98,4
02oN3C94,Fery A.,Sonego L.,0,0,hc,2.50,home,ft,1.802,6
02oN3C94,Fery A.,Sonego L.,0,0,hc,2.50,away,ft,1.998,6
02oN3C94,Fery A.,Sonego L.,0,0,hc,3.00,home,ft,1.58,4
02oN3C94,Fery A.,Sonego L.,0,0,hc,3.00,away,ft,2.353,4
02oN3C94,Fery A.,Sonego L.,0,0,hc,3.50,home,ft,1.536,5
02oN3C94,Fery A.,Sonego L.,0,0,hc,3.50,away,ft,2.388,5
02oN3C94,Fery A.,Sonego L.,0,0,hc,-3.50,home,ft,3.72,1
02oN3C94,Fery A.,Sonego L.,0,0,hc,-3.50,away,ft,1.27,1
02oN3C94,Fery A.,Sonego L.,0,0,hc,4.00,home,ft,1.32,2
02oN3C94,Fery A.,Sonego L.,0,0,hc,4.00,away,ft,3.14,2
02oN3C94,Fery A.,Sonego L.,0,0,hc,4.50,home,ft,1.28,2
02oN3C94,Fery A.,Sonego L.,0,0,hc,4.50,away,ft,3.24,2
02oN3C94,Fery A.,Sonego L.,0,0,hc,5.00,home,ft,1.15,2
02oN3C94,Fery A.,Sonego L.,0,0,hc,5.00,away,ft,4.8,2
02oN3C94,Fery A.,Sonego L.,0,0,hc,5.50,home,ft,1.16,1
02oN3C94,Fery A.,Sonego L.,0,0,hc,5.50,away,ft,5.14,1
Ei0NDvVj,Kovacevic A.,Ugo Carabelli C.,,,ou,2.50,over,ft,2.605,2
Ei0NDvVj,Kovacevic A.,Ugo Carabelli C.,,,ou,2.50,under,ft,1.53,2
Ei0NDvVj,Kovacevic A.,Ugo Carabelli C.,,,ou,18.00,over,ft,1.23,2
Ei0NDvVj,Kovacevic A.,Ugo Carabelli C.,,,ou,18.00,under,ft,3.5,2
Ei0NDvVj,Kovacevic A.,Ugo Carabelli C.,,,ou,18.50,over,ft,1.23,2
Ei0NDvVj,Kovacevic A.,Ugo Carabelli C.,,,ou,18.50,under,ft,3.6,2
Ei0NDvVj,Kovacevic A.,Ugo Carabelli C.,,,ou,19.00,over,ft,1.32,2
Ei0NDvVj,Kovacevic A.,Ugo Carabelli C.,,,ou,19.00,under,ft,3.39,2
Ei0NDvVj,Kovacevic A.,Ugo Carabelli C.,,,ou,19.50,over,ft,1.36,2
Ei0NDvVj,Kovacevic A.,Ugo Carabelli C.,,,ou,19.50,under,ft,2.79,2
Ei0NDvVj,Kovacevic A.,Ugo Carabelli C.,,,ou,20.00,over,ft,1.51,3
Ei0NDvVj,Kovacevic A.,Ugo Carabelli C.,,,ou,20.00,under,ft,2.397,3
Ei0NDvVj,Kovacevic A.,Ugo Carabelli C.,,,ou,20.50,over,ft,1.63,5
Ei0NDvVj,Kovacevic A.,Ugo Carabelli C.,,,ou,20.50,under,ft,2.198,5
Ei0NDvVj,Kovacevic A.,Ugo Carabelli C.,,,ou,21.00,over,ft,1.63,5
Ei0NDvVj,Kovacevic A.,Ugo Carabelli C.,,,ou,21.00,under,ft,2.238,5
Ei0NDvVj,Kovacevic A.,Ugo Carabelli C.,,,ou,21.50,over,ft,1.713,7
Ei0NDvVj,Kovacevic A.,Ugo Carabelli C.,,,ou,21.50,under,ft,2.079,7
Ei0NDvVj,Kovacevic A.,Ugo Carabelli C.,,,ou,22.00,over,ft,1.872,5
Ei0NDvVj,Kovacevic A.,Ugo Carabelli C.,,,ou,22.00,under,ft,1.908,5
Ei0NDvVj,Kovacevic A.,Ugo Carabelli C.,,,ou,22.50,over,ft,2.024,7
Ei0NDvVj,Kovacevic A.,Ugo Carabelli C.,,,ou,22.50,under,ft,1.759,7
Ei0NDvVj,Kovacevic A.,Ugo Carabelli C.,,,ou,23.00,over,ft,2.174,5
Ei0NDvVj,Kovacevic A.,Ugo Carabelli C.,,,ou,23.00,under,ft,1.652,5
Ei0NDvVj,Kovacevic A.,Ugo Carabelli C.,,,ou,23.50,over,ft,2.26,6
Ei0NDvVj,Kovacevic A.,Ugo Carabelli C.,,,ou,23.50,under,ft,1.59,6
Ei0NDvVj,Kovacevic A.,Ugo Carabelli C.,,,ou,24.00,over,ft,2.29,2
Ei0NDvVj,Kovacevic A.,Ugo Carabelli C.,,,ou,24.00,under,ft,1.51,2
Ei0NDvVj,Kovacevic A.,Ugo Carabelli C.,,,ou,24.50,over,ft,2.34,2
Ei0NDvVj,Kovacevic A.,Ugo Carabelli C.,,,ou,24.50,under,ft,1.5,2
Ei0NDvVj,Kovacevic A.,Ugo Carabelli C.,,,ou,25.00,over,ft,2.44,2
Ei0NDvVj,Kovacevic A.,Ugo Carabelli C.,,,ou,25.00,under,ft,1.45,2
Ei0NDvVj,Kovacevic A.,Ugo Carabelli C.,,,ou,25.50,over,ft,2.54,2
Ei0NDvVj,Kovacevic A.,Ugo Carabelli C.,,,ou,25.50,under,ft,1.43,2
Ei0NDvVj,Kovacevic A.,Ugo Carabelli C.,,,ou,26.50,over,ft,2.85,2
Ei0NDvVj,Kovacevic A.,Ugo Carabelli C.,,,ou,26.50,under,ft,1.35,2
Ei0NDvVj,Kovacevic A.,Ugo Carabelli C.,,,hc,1.50,home,ft,1.154,5
Ei0NDvVj,Kovacevic A.,Ugo Carabelli C.,,,hc,1.50,away,ft,5.286,5
Ei0NDvVj,Kovacevic A.,Ugo Carabelli C.,,,hc,-1.50,home,ft,1.973,6
Ei0NDvVj,Kovacevic A.,Ugo Carabelli C.,,,hc,-1.50,away,ft,1.803,6
Ei0NDvVj,Kovacevic A.,Ugo Carabelli C.,,,hc,0,home,ft,1.19,2
Ei0NDvVj,Kovacevic A.,Ugo Carabelli C.,,,hc,0,away,ft,4.02,2
Ei0NDvVj,Kovacevic A.,Ugo Carabelli C.,,,hc,12.00,home,ft,1.27,1
Ei0NDvVj,Kovacevic A.,Ugo Carabelli C.,,,hc,12.00,away,ft,2.22,1
Ei0NDvVj,Kovacevic A.,Ugo Carabelli C.,,,hc,-1.00,home,ft,1.38,2
Ei0NDvVj,Kovacevic A.,Ugo Carabelli C.,,,hc,-1.00,away,ft,3.05,2
Ei0NDvVj,Kovacevic A.,Ugo Carabelli C.,,,hc,1.50,home,ft,1.15,2
Ei0NDvVj,Kovacevic A.,Ugo Carabelli C.,,,hc,1.50,away,ft,4.51,2
Ei0NDvVj,Kovacevic A.,Ugo Carabelli C.,,,hc,-1.50,home,ft,1.44,2
Ei0NDvVj,Kovacevic A.,Ugo Carabelli C.,,,hc,-1.50,away,ft,2.82,2
Ei0NDvVj,Kovacevic A.,Ugo Carabelli C.,,,hc,-2.00,home,ft,1.49,2
Ei0NDvVj,Kovacevic A.,Ugo Carabelli C.,,,hc,-2.00,away,ft,2.47,2
Ei0NDvVj,Kovacevic A.,Ugo Carabelli C.,,,hc,-2.50,home,ft,1.568,6
Ei0NDvVj,Kovacevic A.,Ugo Carabelli C.,,,hc,-2.50,away,ft,2.385,6
Ei0NDvVj,Kovacevic A.,Ugo Carabelli C.,,,hc,-3.00,home,ft,1.695,4
Ei0NDvVj,Kovacevic A.,Ugo Carabelli C.,,,hc,-3.00,away,ft,2.192,4
Ei0NDvVj,Kovacevic A.,Ugo Carabelli C.,,,hc,-3.50,home,ft,1.866,5
Ei0NDvVj,Kovacevic A.,Ugo Carabelli C.,,,hc,-3.50,away,ft,1.942,5
Ei0NDvVj,Kovacevic A.,Ugo Carabelli C.,,,hc,-4.00,home,ft,2.127,4
Ei0NDvVj,Kovacevic A.,Ugo Carabelli C.,,,hc,-4.00,away,ft,1.705,4
Ei0NDvVj,Kovacevic A.,Ugo Carabelli C.,,,hc,-4.50,home,ft,2.332,6
Ei0NDvVj,Kovacevic A.,Ugo Carabelli C.,,,hc,-4.50,away,ft,1.575,6
Ei0NDvVj,Kovacevic A.,Ugo Carabelli C.,,,hc,-5.00,home,ft,3.038,4
Ei0NDvVj,Kovacevic A.,Ugo Carabelli C.,,,hc,-5.00,away,ft,1.375,4
Ei0NDvVj,Kovacevic A.,Ugo Carabelli C.,,,hc,-5.50,home,ft,3.48,2
Ei0NDvVj,Kovacevic A.,Ugo Carabelli C.,,,hc,-5.50,away,ft,1.27,2
Ei0NDvVj,Kovacevic A.,Ugo Carabelli C.,,,hc,-6.00,home,ft,5.37,2
Ei0NDvVj,Kovacevic A.,Ugo Carabelli C.,,,hc,-6.00,away,ft,1.14,2
Ei0NDvVj,Kovacevic A.,Ugo Carabelli C.,,,hc,-6.50,home,ft,4.53,2
Ei0NDvVj,Kovacevic A.,Ugo Carabelli C.,,,hc,-6.50,away,ft,1.15,2
Ei0NDvVj,Kovacevic A.,Ugo Carabelli C.,,,hc,-7.00,home,ft,7.38,2
Ei0NDvVj,Kovacevic A.,Ugo Carabelli C.,,,hc,-7.00,away,ft,1.04,2
Ei0NDvVj,Kovacevic A.,Ugo Carabelli C.,,,hc,-7.50,home,ft,6.37,2
Ei0NDvVj,Kovacevic A.,Ugo Carabelli C.,,,hc,-7.50,away,ft,1.07,2
hxrF5Yvh,Berrettini M.,Zeppieri G.,2,2,ou,2.50,over,ft,2.527,3
hxrF5Yvh,Berrettini M.,Zeppieri G.,2,2,ou,2.50,under,ft,1.54,3
hxrF5Yvh,Berrettini M.,Zeppieri G.,2,2,ou,20.00,over,ft,1.25,2
hxrF5Yvh,Berrettini M.,Zeppieri G.,2,2,ou,20.00,under,ft,3.34,2
hxrF5Yvh,Berrettini M.,Zeppieri G.,2,2,ou,20.50,over,ft,1.38,4
hxrF5Yvh,Berrettini M.,Zeppieri G.,2,2,ou,20.50,under,ft,2.833,4
hxrF5Yvh,Berrettini M.,Zeppieri G.,2,2,ou,21.00,over,ft,1.37,2
hxrF5Yvh,Berrettini M.,Zeppieri G.,2,2,ou,21.00,under,ft,2.71,2
hxrF5Yvh,Berrettini M.,Zeppieri G.,2,2,ou,21.50,over,ft,1.505,4
hxrF5Yvh,Berrettini M.,Zeppieri G.,2,2,ou,21.50,under,ft,2.383,4
hxrF5Yvh,Berrettini M.,Zeppieri G.,2,2,ou,22.00,over,ft,1.574,5
hxrF5Yvh,Berrettini M.,Zeppieri G.,2,2,ou,22.00,under,ft,2.334,5
hxrF5Yvh,Berrettini M.,Zeppieri G.,2,2,ou,22.50,over,ft,1.721,7
hxrF5Yvh,Berrettini M.,Zeppieri G.,2,2,ou,22.50,under,ft,2.043,7
hxrF5Yvh,Berrettini M.,Zeppieri G.,2,2,ou,23.00,over,ft,1.902,5
hxrF5Yvh,Berrettini M.,Zeppieri G.,2,2,ou,23.00,under,ft,1.88,5
hxrF5Yvh,Berrettini M.,Zeppieri G.,2,2,ou,23.50,over,ft,1.999,7
hxrF5Yvh,Berrettini M.,Zeppieri G.,2,2,ou,23.50,under,ft,1.773,7
hxrF5Yvh,Berrettini M.,Zeppieri G.,2,2,ou,24.00,over,ft,2.082,5
hxrF5Yvh,Berrettini M.,Zeppieri G.,2,2,ou,24.00,under,ft,1.726,5
hxrF5Yvh,Berrettini M.,Zeppieri G.,2,2,ou,24.50,over,ft,2.004,7
hxrF5Yvh,Berrettini M.,Zeppieri G.,2,2,ou,24.50,under,ft,1.747,7
hxrF5Yvh,Berrettini M.,Zeppieri G.,2,2,ou,25.00,over,ft,2.08,2
hxrF5Yvh,Berrettini M.,Zeppieri G.,2,2,ou,25.00,under,ft,1.65,2
hxrF5Yvh,Berrettini M.,Zeppieri G.,2,2,ou,25.50,over,ft,2.11,3
hxrF5Yvh,Berrettini M.,Zeppieri G.,2,2,ou,25.50,under,ft,1.633,3
hxrF5Yvh,Berrettini M.,Zeppieri G.,2,2,ou,26.00,over,ft,2.29,2
hxrF5Yvh,Berrettini M.,Zeppieri G.,2,2,ou,26.00,under,ft,1.51,2
hxrF5Yvh,Berrettini M.,Zeppieri G.,2,2,ou,26.50,over,ft,2.69,2
hxrF5Yvh,Berrettini M.,Zeppieri G.,2,2,ou,26.50,under,ft,1.435,2
hxrF5Yvh,Berrettini M.,Zeppieri G.,2,2,hc,1.50,home,ft,1.196,5
hxrF5Yvh,Berrettini M.,Zeppieri G.,2,2,hc,1.50,away,ft,4.51,5
hxrF5Yvh,Berrettini M.,Zeppieri G.,2,2,hc,-1.50,home,ft,2.233,6
hxrF5Yvh,Berrettini M.,Zeppieri G.,2,2,hc,-1.50,away,ft,1.628,6
hxrF5Yvh,Berrettini M.,Zeppieri G.,2,2,hc,0,home,ft,1.44,2
hxrF5Yvh,Berrettini M.,Zeppieri G.,2,2,hc,0,away,ft,2.61,2
hxrF5Yvh,Berrettini M.,Zeppieri G.,2,2,hc,12.50,home,ft,1.62,1
hxrF5Yvh,Berrettini M.,Zeppieri G.,2,2,hc,12.50,away,ft,1.74,1
hxrF5Yvh,Berrettini M.,Zeppieri G.,2,2,hc,13.00,home,ft,1.81,1
hxrF5Yvh,Berrettini M.,Zeppieri G.,2,2,hc,13.00,away,ft,1.59,1
hxrF5Yvh,Berrettini M.,Zeppieri G.,2,2,hc,0.50,home,ft,1.48,2
hxrF5Yvh,Berrettini M.,Zeppieri G.,2,2,hc,0.50,away,ft,2.41,2
hxrF5Yvh,Berrettini M.,Zeppieri G.,2,2,hc,-0.50,home,ft,1.54,3
hxrF5Yvh,Berrettini M.,Zeppieri G.,2,2,hc,-0.50,away,ft,2.343,3
hxrF5Yvh,Berrettini M.,Zeppieri G.,2,2,hc,1.00,home,ft,1.4,2
hxrF5Yvh,Berrettini M.,Zeppieri G.,2,2,hc,1.00,away,ft,2.66,2
hxrF5Yvh,Berrettini M.,Zeppieri G.,2,2,hc,-1.00,home,ft,1.63,4
hxrF5Yvh,Berrettini M.,Zeppieri G.,2,2,hc,-1.00,away,ft,2.257,4
hxrF5Yvh,Berrettini M.,Zeppieri G.,2,2,hc,1.50,home,ft,1.397,3
hxrF5Yvh,Berrettini M.,Zeppieri G.,2,2,hc,1.50,away,ft,2.783,3
hxrF5Yvh,Berrettini M.,Zeppieri G.,2,2,hc,-1.50,home,ft,1.622,6
hxrF5Yvh,Berrettini M.,Zeppieri G.,2,2,hc,-1.50,away,ft,2.228,6
hxrF5Yvh,Berrettini M.,Zeppieri G.,2,2,hc,-2.00,home,ft,1.698,4
hxrF5Yvh,Berrettini M.,Zeppieri G.,2,2,hc,-2.00,away,ft,2.138,4
hxrF5Yvh,Berrettini M.,Zeppieri G.,2,2,hc,-2.50,home,ft,1.844,5
hxrF5Yvh,Berrettini M.,Zeppieri G.,2,2,hc,-2.50,away,ft,1.936,5
hxrF5Yvh,Berrettini M.,Zeppieri G.,2,2,hc,-3.00,home,ft,2.08,4
hxrF5Yvh,Berrettini M.,Zeppieri G.,2,2,hc,-3.00,away,ft,1.732,4
hxrF5Yvh,Berrettini M.,Zeppieri G.,2,2,hc,-3.50,home,ft,2.305,6
hxrF5Yvh,Berrettini M.,Zeppieri G.,2,2,hc,-3.50,away,ft,1.585,6
hxrF5Yvh,Berrettini M.,Zeppieri G.,2,2,hc,-4.00,home,ft,2.89,2
hxrF5Yvh,Berrettini M.,Zeppieri G.,2,2,hc,-4.00,away,ft,1.37,2
hxrF5Yvh,Berrettini M.,Zeppieri G.,2,2,hc,-4.50,home,ft,3.26,2
hxrF5Yvh,Berrettini M.,Zeppieri G.,2,2,hc,-4.50,away,ft,1.3,2
hxrF5Yvh,Berrettini M.,Zeppieri G.,2,2,hc,-5.00,home,ft,4.75,2
hxrF5Yvh,Berrettini M.,Zeppieri G.,2,2,hc,-5.00,away,ft,1.16,2
r99iJ07T,Ymer E.,Ymer M.,2,2,ou,2.50,over,ft,2.385,2
r99iJ07T,Ymer E.,Ymer M.,2,2,ou,2.50,under,ft,1.62,2
r99iJ07T,Ymer E.,Ymer M.,2,2,ou,19.50,over,ft,1.33,2
r99iJ07T,Ymer E.,Ymer M.,2,2,ou,19.50,under,ft,2.95,2
r99iJ07T,Ymer E.,Ymer M.,2,2,ou,20.00,over,ft,1.42,2
r99iJ07T,Ymer E.,Ymer M.,2,2,ou,20.00,under,ft,2.53,2
r99iJ07T,Ymer E.,Ymer M.,2,2,ou,20.50,over,ft,1.53,2
r99iJ07T,Ymer E.,Ymer M.,2,2,ou,20.50,under,ft,2.28,2
r99iJ07T,Ymer E.,Ymer M.,2,2,ou,21.00,over,ft,1.64,5
r99iJ07T,Ymer E.,Ymer M.,2,2,ou,21.00,under,ft,2.198,5
r99iJ07T,Ymer E.,Ymer M.,2,2,ou,21.50,over,ft,1.711,7
r99iJ07T,Ymer E.,Ymer M.,2,2,ou,21.50,under,ft,2.06,7
r99iJ07T,Ymer E.,Ymer M.,2,2,ou,22.00,over,ft,1.856,5
r99iJ07T,Ymer E.,Ymer M.,2,2,ou,22.00,under,ft,1.924,5
r99iJ07T,Ymer E.,Ymer M.,2,2,ou,22.50,over,ft,1.987,7
r99iJ07T,Ymer E.,Ymer M.,2,2,ou,22.50,under,ft,1.794,7
r99iJ07T,Ymer E.,Ymer M.,2,2,ou,23.00,over,ft,2.098,5
r99iJ07T,Ymer E.,Ymer M.,2,2,ou,23.00,under,ft,1.714,5
r99iJ07T,Ymer E.,Ymer M.,2,2,ou,23.50,over,ft,2.166,5
r99iJ07T,Ymer E.,Ymer M.,2,2,ou,23.50,under,ft,1.614,5
r99iJ07T,Ymer E.,Ymer M.,2,2,ou,24.00,over,ft,2.18,2
r99iJ07T,Ymer E.,Ymer M.,2,2,ou,24.00,under,ft,1.59,2
r99iJ07T,Ymer E.,Ymer M.,2,2,ou,24.50,over,ft,2.143,3
r99iJ07T,Ymer E.,Ymer M.,2,2,ou,24.50,under,ft,1.597,3
r99iJ07T,Ymer E.,Ymer M.,2,2,ou,25.00,over,ft,2.31,2
r99iJ07T,Ymer E.,Ymer M.,2,2,ou,25.00,under,ft,1.5,2
r99iJ07T,Ymer E.,Ymer M.,2,2,ou,25.50,over,ft,2.54,2
r99iJ07T,Ymer E.,Ymer M.,2,2,ou,25.50,under,ft,1.43,2
r99iJ07T,Ymer E.,Ymer M.,2,2,ou,26.50,over,ft,2.95,2
r99iJ07T,Ymer E.,Ymer M.,2,2,ou,26.50,under,ft,1.33,2
r99iJ07T,Ymer E.,Ymer M.,2,2,ou,27.50,over,ft,3.42,2
r99iJ07T,Ymer E.,Ymer M.,2,2,ou,27.50,under,ft,1.25,2
r99iJ07T,Ymer E.,Ymer M.,2,2,hc,1.50,home,ft,1.452,6
r99iJ07T,Ymer E.,Ymer M.,2,2,hc,1.50,away,ft,2.67,6
r99iJ07T,Ymer E.,Ymer M.,2,2,hc,-1.50,home,ft,3.498,5
r99iJ07T,Ymer E.,Ymer M.,2,2,hc,-1.50,away,ft,1.292,5
r99iJ07T,Ymer E.,Ymer M.,2,2,hc,0,home,ft,3.32,3
r99iJ07T,Ymer E.,Ymer M.,2,2,hc,0,away,ft,1.423,3
r99iJ07T,Ymer E.,Ymer M.,2,2,hc,12.00,home,ft,1.81,1
r99iJ07T,Ymer E.,Ymer M.,2,2,hc,12.00,away,ft,1.58,1
r99iJ07T,Ymer E.,Ymer M.,2,2,hc,12.50,home,ft,1.68,1
r99iJ07T,Ymer E.,Ymer M.,2,2,hc,12.50,away,ft,1.8,1
r99iJ07T,Ymer E.,Ymer M.,2,2,hc,0.50,home,ft,2.047,6
r99iJ07T,Ymer E.,Ymer M.,2,2,hc,0.50,away,ft,1.717,6
r99iJ07T,Ymer E.,Ymer M.,2,2,hc,-0.50,home,ft,2.17,2
r99iJ07T,Ymer E.,Ymer M.,2,2,hc,-0.50,away,ft,1.59,2
r99iJ07T,Ymer E.,Ymer M.,2,2,hc,1.00,home,ft,1.965,4
r99iJ07T,Ymer E.,Ymer M.,2,2,hc,1.00,away,ft,1.795,4
r99iJ07T,Ymer E.,Ymer M.,2,2,hc,-1.00,home,ft,2.26,2
r99iJ07T,Ymer E.,Ymer M.,2,2,hc,-1.00,away,ft,1.54,2
r99iJ07T,Ymer E.,Ymer M.,2,2,hc,1.50,home,ft,1.894,5
r99iJ07T,Ymer E.,Ymer M.,2,2,hc,1.50,away,ft,1.86,5
r99iJ07T,Ymer E.,Ymer M.,2,2,hc,-1.50,home,ft,2.38,2
r99iJ07T,Ymer E.,Ymer M.,2,2,hc,-1.50,away,ft,1.49,2
r99iJ07T,Ymer E.,Ymer M.,2,2,hc,2.00,home,ft,1.802,4
r99iJ07T,Ymer E.,Ymer M.,2,2,hc,2.00,away,ft,1.96,4
r99iJ07T,Ymer E.,Ymer M.,2,2,hc,2.50,home,ft,1.712,6
r99iJ07T,Ymer E.,Ymer M.,2,2,hc,2.50,away,ft,2.055,6
r99iJ07T,Ymer E.,Ymer M.,2,2,hc,3.00,home,ft,1.635,4
r99iJ07T,Ymer E.,Ymer M.,2,2,hc,3.00,away,ft,2.203,4
r99iJ07T,Ymer E.,Ymer M.,2,2,hc,3.50,home,ft,1.52,2
r99iJ07T,Ymer E.,Ymer M.,2,2,hc,3.50,away,ft,2.31,2
r99iJ07T,Ymer E.,Ymer M.,2,2,hc,4.00,home,ft,1.39,2
r99iJ07T,Ymer E.,Ymer M.,2,2,hc,4.00,away,ft,2.69,2
r99iJ07T,Ymer E.,Ymer M.,2,2,hc,4.50,home,ft,1.29,2
r99iJ07T,Ymer E.,Ymer M.,2,2,hc,4.50,away,ft,3.15,2
r99iJ07T,Ymer E.,Ymer M.,2,2,hc,5.00,home,ft,1.2,2
r99iJ07T,Ymer E.,Ymer M.,2,2,hc,5.00,away,ft,4.15,2
2DtIZLiA,Budkov Kjaer N.,Cilic M.,0,0,ou,2.50,over,ft,2.255,2
2DtIZLiA,Budkov Kjaer N.,Cilic M.,0,0,ou,2.50,under,ft,1.685,2
2DtIZLiA,Budkov Kjaer N.,Cilic M.,0,0,ou,19.50,over,ft,1.26,2
2DtIZLiA,Budkov Kjaer N.,Cilic M.,0,0,ou,19.50,under,ft,3.33,2
2DtIZLiA,Budkov Kjaer N.,Cilic M.,0,0,ou,20.00,over,ft,1.26,2
2DtIZLiA,Budkov Kjaer N.,Cilic M.,0,0,ou,20.00,under,ft,3.28,2
2DtIZLiA,Budkov Kjaer N.,Cilic M.,0,0,ou,20.50,over,ft,1.36,2
2DtIZLiA,Budkov Kjaer N.,Cilic M.,0,0,ou,20.50,under,ft,2.79,2
2DtIZLiA,Budkov Kjaer N.,Cilic M.,0,0,ou,21.00,over,ft,1.41,2
2DtIZLiA,Budkov Kjaer N.,Cilic M.,0,0,ou,21.00,under,ft,2.64,2
2DtIZLiA,Budkov Kjaer N.,Cilic M.,0,0,ou,21.50,over,ft,1.55,6
2DtIZLiA,Budkov Kjaer N.,Cilic M.,0,0,ou,21.50,under,ft,2.372,6
2DtIZLiA,Budkov Kjaer N.,Cilic M.,0,0,ou,22.00,over,ft,1.634,5
2DtIZLiA,Budkov Kjaer N.,Cilic M.,0,0,ou,22.00,under,ft,2.228,5
2DtIZLiA,Budkov Kjaer N.,Cilic M.,0,0,ou,22.50,over,ft,1.784,7
2DtIZLiA,Budkov Kjaer N.,Cilic M.,0,0,ou,22.50,under,ft,1.99,7
2DtIZLiA,Budkov Kjaer N.,Cilic M.,0,0,ou,23.00,over,ft,1.896,5
2DtIZLiA,Budkov Kjaer N.,Cilic M.,0,0,ou,23.00,under,ft,1.884,5
2DtIZLiA,Budkov Kjaer N.,Cilic M.,0,0,ou,23.50,over,ft,1.98,7
2DtIZLiA,Budkov Kjaer N.,Cilic M.,0,0,ou,23.50,under,ft,1.803,7
2DtIZLiA,Budkov Kjaer N.,Cilic M.,0,0,ou,24.00,over,ft,2.042,5
2DtIZLiA,Budkov Kjaer N.,Cilic M.,0,0,ou,24.00,under,ft,1.742,5
2DtIZLiA,Budkov Kjaer N.,Cilic M.,0,0,ou,24.50,over,ft,2.03,3
2DtIZLiA,Budkov Kjaer N.,Cilic M.,0,0,ou,24.50,under,ft,1.663,3
2DtIZLiA,Budkov Kjaer N.,Cilic M.,0,0,ou,25.00,over,ft,2.09,2
2DtIZLiA,Budkov Kjaer N.,Cilic M.,0,0,ou,25.00,under,ft,1.61,2
2DtIZLiA,Budkov Kjaer N.,Cilic M.,0,0,ou,25.50,over,ft,2.09,2
2DtIZLiA,Budkov Kjaer N.,Cilic M.,0,0,ou,25.50,under,ft,1.63,2
2DtIZLiA,Budkov Kjaer N.,Cilic M.,0,0,ou,26.00,over,ft,2.27,2
2DtIZLiA,Budkov Kjaer N.,Cilic M.,0,0,ou,26.00,under,ft,1.52,2
2DtIZLiA,Budkov Kjaer N.,Cilic M.,0,0,ou,26.50,over,ft,2.64,2
2DtIZLiA,Budkov Kjaer N.,Cilic M.,0,0,ou,26.50,under,ft,1.4,2
2DtIZLiA,Budkov Kjaer N.,Cilic M.,0,0,ou,27.50,over,ft,2.92,2
2DtIZLiA,Budkov Kjaer N.,Cilic M.,0,0,ou,27.50,under,ft,1.33,2
2DtIZLiA,Budkov Kjaer N.,Cilic M.,0,0,hc,1.50,home,ft,1.363,6
2DtIZLiA,Budkov Kjaer N.,Cilic M.,0,0,hc,1.50,away,ft,3.025,6
2DtIZLiA,Budkov Kjaer N.,Cilic M.,0,0,hc,-1.50,home,ft,3.07,6
2DtIZLiA,Budkov Kjaer N.,Cilic M.,0,0,hc,-1.50,away,ft,1.357,6
2DtIZLiA,Budkov Kjaer N.,Cilic M.,0,0,hc,0,home,ft,1.86,4
2DtIZLiA,Budkov Kjaer N.,Cilic M.,0,0,hc,0,away,ft,1.9,4
2DtIZLiA,Budkov Kjaer N.,Cilic M.,0,0,hc,12.50,home,ft,1.88,1
2DtIZLiA,Budkov Kjaer N.,Cilic M.,0,0,hc,12.50,away,ft,1.91,1
2DtIZLiA,Budkov Kjaer N.,Cilic M.,0,0,hc,13.00,home,ft,1.65,1
2DtIZLiA,Budkov Kjaer N.,Cilic M.,0,0,hc,13.00,away,ft,1.62,1
2DtIZLiA,Budkov Kjaer N.,Cilic M.,0,0,hc,0.50,home,ft,1.788,6
2DtIZLiA,Budkov Kjaer N.,Cilic M.,0,0,hc,0.50,away,ft,1.955,6
2DtIZLiA,Budkov Kjaer N.,Cilic M.,0,0,hc,-0.50,home,ft,1.932,5
2DtIZLiA,Budkov Kjaer N.,Cilic M.,0,0,hc,-0.50,away,ft,1.868,5
2DtIZLiA,Budkov Kjaer N.,Cilic M.,0,0,hc,1.00,home,ft,1.72,4
2DtIZLiA,Budkov Kjaer N.,Cilic M.,0,0,hc,1.00,away,ft,2.058,4
2DtIZLiA,Budkov Kjaer N.,Cilic M.,0,0,hc,-1.00,home,ft,2.025,4
2DtIZLiA,Budkov Kjaer N.,Cilic M.,0,0,hc,-1.00,away,ft,1.75,4
2DtIZLiA,Budkov Kjaer N.,Cilic M.,0,0,hc,1.50,home,ft,1.724,5
2DtIZLiA,Budkov Kjaer N.,Cilic M.,0,0,hc,1.50,away,ft,2.054,5
2DtIZLiA,Budkov Kjaer N.,Cilic M.,0,0,hc,-1.50,home,ft,2.07,6
2DtIZLiA,Budkov Kjaer N.,Cilic M.,0,0,hc,-1.50,away,ft,1.703,6
2DtIZLiA,Budkov Kjaer N.,Cilic M.,0,0,hc,2.00,home,ft,1.64,4
2DtIZLiA,Budkov Kjaer N.,Cilic M.,0,0,hc,2.00,away,ft,2.202,4
2DtIZLiA,Budkov Kjaer N.,Cilic M.,0,0,hc,-2.00,home,ft,2.2,2
2DtIZLiA,Budkov Kjaer N.,Cilic M.,0,0,hc,-2.00,away,ft,1.56,2
2DtIZLiA,Budkov Kjaer N.,Cilic M.,0,0,hc,2.50,home,ft,1.624,5
2DtIZLiA,Budkov Kjaer N.,Cilic M.,0,0,hc,2.50,away,ft,2.214,5
2DtIZLiA,Budkov Kjaer N.,Cilic M.,0,0,hc,-2.50,home,ft,2.34,2
2DtIZLiA,Budkov Kjaer N.,Cilic M.,0,0,hc,-2.50,away,ft,1.5,2
2DtIZLiA,Budkov Kjaer N.,Cilic M.,0,0,hc,3.00,home,ft,1.4,2
2DtIZLiA,Budkov Kjaer N.,Cilic M.,0,0,hc,3.00,away,ft,2.64,2
2DtIZLiA,Budkov Kjaer N.,Cilic M.,0,0,hc,-3.00,home,ft,2.73,2
2DtIZLiA,Budkov Kjaer N.,Cilic M.,0,0,hc,-3.00,away,ft,1.38,2
2DtIZLiA,Budkov Kjaer N.,Cilic M.,0,0,hc,3.50,home,ft,1.39,2
2DtIZLiA,Budkov Kjaer N.,Cilic M.,0,0,hc,3.50,away,ft,2.69,2
2DtIZLiA,Budkov Kjaer N.,Cilic M.,0,0,hc,-3.50,home,ft,3.13,2
2DtIZLiA,Budkov Kjaer N.,Cilic M.,0,0,hc,-3.50,away,ft,1.29,2
2DtIZLiA,Budkov Kjaer N.,Cilic M.,0,0,hc,4.00,home,ft,1.18,2
2DtIZLiA,Budkov Kjaer N.,Cilic M.,0,0,hc,4.00,away,ft,4.08,2
2DtIZLiA,Budkov Kjaer N.,Cilic M.,0,0,hc,4.50,home,ft,1.26,2
2DtIZLiA,Budkov Kjaer N.,Cilic M.,0,0,hc,4.50,away,ft,3.33,2
2DtIZLiA,Budkov Kjaer N.,Cilic M.,0,0,hc,5.50,home,ft,1.12,2
2DtIZLiA,Budkov Kjaer N.,Cilic M.,0,0,hc,5.50,away,ft,4.97,2
2DtIZLiA,Budkov Kjaer N.,Cilic M.,0,0,hc,6.50,home,ft,1.04,2
2DtIZLiA,Budkov Kjaer N.,Cilic M.,0,0,hc,6.50,away,ft,7.5,2
dUvW1jvH,Majchrzak K.,Misolic F.,2,2,ou,2.50,over,ft,2.635,2
dUvW1jvH,Majchrzak K.,Misolic F.,2,2,ou,2.50,under,ft,1.52,2
dUvW1jvH,Majchrzak K.,Misolic F.,2,2,ou,18.50,over,ft,1.25,2
dUvW1jvH,Majchrzak K.,Misolic F.,2,2,ou,18.50,under,ft,3.885,2
dUvW1jvH,Majchrzak K.,Misolic F.,2,2,ou,19.00,over,ft,1.28,2
dUvW1jvH,Majchrzak K.,Misolic F.,2,2,ou,19.00,under,ft,3.14,2
dUvW1jvH,Majchrzak K.,Misolic F.,2,2,ou,19.50,over,ft,1.4,2
dUvW1jvH,Majchrzak K.,Misolic F.,2,2,ou,19.50,under,ft,2.64,2
dUvW1jvH,Majchrzak K.,Misolic F.,2,2,ou,20.00,over,ft,1.41,2
dUvW1jvH,Majchrzak K.,Misolic F.,2,2,ou,20.00,under,ft,2.565,2
dUvW1jvH,Majchrzak K.,Misolic F.,2,2,ou,20.50,over,ft,1.56,4
dUvW1jvH,Majchrzak K.,Misolic F.,2,2,ou,20.50,under,ft,2.312,4
dUvW1jvH,Majchrzak K.,Misolic F.,2,2,ou,21.00,over,ft,1.628,5
dUvW1jvH,Majchrzak K.,Misolic F.,2,2,ou,21.00,under,ft,2.216,5
dUvW1jvH,Majchrzak K.,Misolic F.,2,2,ou,21.50,over,ft,1.711,7
dUvW1jvH,Majchrzak K.,Misolic F.,2,2,ou,21.50,under,ft,2.07,7
dUvW1jvH,Majchrzak K.,Misolic F.,2,2,ou,22.00,over,ft,1.864,5
dUvW1jvH,Majchrzak K.,Misolic F.,2,2,ou,22.00,under,ft,1.916,5
dUvW1jvH,Majchrzak K.,Misolic F.,2,2,ou,22.50,over,ft,1.996,7
dUvW1jvH,Majchrzak K.,Misolic F.,2,2,ou,22.50,under,ft,1.779,7
dUvW1jvH,Majchrzak K.,Misolic F.,2,2,ou,23.00,over,ft,2.158,5
dUvW1jvH,Majchrzak K.,Misolic F.,2,2,ou,23.00,under,ft,1.676,5
dUvW1jvH,Majchrzak K.,Misolic F.,2,2,ou,23.50,over,ft,2.204,7
dUvW1jvH,Majchrzak K.,Misolic F.,2,2,ou,23.50,under,ft,1.624,7
dUvW1jvH,Majchrzak K.,Misolic F.,2,2,ou,24.00,over,ft,2.21,2
dUvW1jvH,Majchrzak K.,Misolic F.,2,2,ou,24.00,under,ft,1.575,2
dUvW1jvH,Majchrzak K.,Misolic F.,2,2,ou,24.50,over,ft,2.304,5
dUvW1jvH,Majchrzak K.,Misolic F.,2,2,ou,24.50,under,ft,1.558,5
dUvW1jvH,Majchrzak K.,Misolic F.,2,2,ou,25.00,over,ft,2.35,2
dUvW1jvH,Majchrzak K.,Misolic F.,2,2,ou,25.00,under,ft,1.485,2
dUvW1jvH,Majchrzak K.,Misolic F.,2,2,ou,26.50,over,ft,3.025,2
dUvW1jvH,Majchrzak K.,Misolic F.,2,2,ou,26.50,under,ft,1.38,2
dUvW1jvH,Majchrzak K.,Misolic F.,2,2,hc,1.50,home,ft,1.158,5
dUvW1jvH,Majchrzak K.,Misolic F.,2,2,hc,1.50,away,ft,5.182,5
dUvW1jvH,Majchrzak K.,Misolic F.,2,2,hc,-1.50,home,ft,2.032,6
dUvW1jvH,Majchrzak K.,Misolic F.,2,2,hc,-1.50,away,ft,1.752,6
dUvW1jvH,Majchrzak K.,Misolic F.,2,2,hc,12.00,home,ft,1.29,1
dUvW1jvH,Majchrzak K.,Misolic F.,2,2,hc,12.00,away,ft,2.24,1
dUvW1jvH,Majchrzak K.,Misolic F.,2,2,hc,-1.00,home,ft,1.435,2
dUvW1jvH,Majchrzak K.,Misolic F.,2,2,hc,-1.00,away,ft,2.64,2
dUvW1jvH,Majchrzak K.,Misolic F.,2,2,hc,1.50,home,ft,1.295,2
dUvW1jvH,Majchrzak K.,Misolic F.,2,2,hc,1.50,away,ft,3.525,2
dUvW1jvH,Majchrzak K.,Misolic F.,2,2,hc,-1.50,home,ft,1.482,4
dUvW1jvH,Majchrzak K.,Misolic F.,2,2,hc,-1.50,away,ft,2.573,4
dUvW1jvH,Majchrzak K.,Misolic F.,2,2,hc,-2.00,home,ft,1.575,4
dUvW1jvH,Majchrzak K.,Misolic F.,2,2,hc,-2.00,away,ft,2.348,4
dUvW1jvH,Majchrzak K.,Misolic F.,2,2,hc,-2.50,home,ft,1.628,6
dUvW1jvH,Majchrzak K.,Misolic F.,2,2,hc,-2.50,away,ft,2.225,6
dUvW1jvH,Majchrzak K.,Misolic F.,2,2,hc,-3.00,home,ft,1.732,4
dUvW1jvH,Majchrzak K.,Misolic F.,2,2,hc,-3.00,away,ft,2.085,4
dUvW1jvH,Majchrzak K.,Misolic F.,2,2,hc,-3.50,home,ft,1.912,5
dUvW1jvH,Majchrzak K.,Misolic F.,2,2,hc,-3.50,away,ft,1.868,5
dUvW1jvH,Majchrzak K.,Misolic F.,2,2,hc,-4.00,home,ft,2.212,4
dUvW1jvH,Majchrzak K.,Misolic F.,2,2,hc,-4.00,away,ft,1.653,4
dUvW1jvH,Majchrzak K.,Misolic F.,2,2,hc,-4.50,home,ft,2.487,6
dUvW1jvH,Majchrzak K.,Misolic F.,2,2,hc,-4.50,away,ft,1.51,6
dUvW1jvH,Majchrzak K.,Misolic F.,2,2,hc,-5.00,home,ft,3.09,2
dUvW1jvH,Majchrzak K.,Misolic F.,2,2,hc,-5.00,away,ft,1.33,2
dUvW1jvH,Majchrzak K.,Misolic F.,2,2,hc,-5.50,home,ft,3.502,4
dUvW1jvH,Majchrzak K.,Misolic F.,2,2,hc,-5.50,away,ft,1.282,4
dUvW1jvH,Majchrzak K.,Misolic F.,2,2,hc,-6.00,home,ft,5.0,2
dUvW1jvH,Majchrzak K.,Misolic F.,2,2,hc,-6.00,away,ft,1.145,2
Ct5SsVno,Lajal M.,Etcheverry T. M.,1,1,ou,2.50,over,ft,2.285,2
Ct5SsVno,Lajal M.,Etcheverry T. M.,1,1,ou,2.50,under,ft,1.67,2
Ct5SsVno,Lajal M.,Etcheverry T. M.,1,1,ou,18.50,over,ft,1.21,1
Ct5SsVno,Lajal M.,Etcheverry T. M.,1,1,ou,18.50,under,ft,4.43,1
Ct5SsVno,Lajal M.,Etcheverry T. M.,1,1,ou,20.00,over,ft,1.29,2
Ct5SsVno,Lajal M.,Etcheverry T. M.,1,1,ou,20.00,under,ft,3.08,2
Ct5SsVno,Lajal M.,Etcheverry T. M.,1,1,ou,20.50,over,ft,1.427,3
Ct5SsVno,Lajal M.,Etcheverry T. M.,1,1,ou,20.50,under,ft,2.633,3
Ct5SsVno,Lajal M.,Etcheverry T. M.,1,1,ou,21.00,over,ft,1.44,2
Ct5SsVno,Lajal M.,Etcheverry T. M.,1,1,ou,21.00,under,ft,2.53,2
Ct5SsVno,Lajal M.,Etcheverry T. M.,1,1,ou,21.50,over,ft,1.577,7
Ct5SsVno,Lajal M.,Etcheverry T. M.,1,1,ou,21.50,under,ft,2.307,7
Ct5SsVno,Lajal M.,Etcheverry T. M.,1,1,ou,22.00,over,ft,1.684,5
Ct5SsVno,Lajal M.,Etcheverry T. M.,1,1,ou,22.00,under,ft,2.14,5
Ct5SsVno,Lajal M.,Etcheverry T. M.,1,1,ou,22.50,over,ft,1.833,7
Ct5SsVno,Lajal M.,Etcheverry T. M.,1,1,ou,22.50,under,ft,1.937,7
Ct5SsVno,Lajal M.,Etcheverry T. M.,1,1,ou,23.00,over,ft,1.94,5
Ct5SsVno,Lajal M.,Etcheverry T. M.,1,1,ou,23.00,under,ft,1.842,5
Ct5SsVno,Lajal M.,Etcheverry T. M.,1,1,ou,23.50,over,ft,2.031,7
Ct5SsVno,Lajal M.,Etcheverry T. M.,1,1,ou,23.50,under,ft,1.764,7
Ct5SsVno,Lajal M.,Etcheverry T. M.,1,1,ou,24.00,over,ft,2.074,5
Ct5SsVno,Lajal M.,Etcheverry T. M.,1,1,ou,24.00,under,ft,1.706,5
Ct5SsVno,Lajal M.,Etcheverry T. M.,1,1,ou,24.50,over,ft,2.02,6
Ct5SsVno,Lajal M.,Etcheverry T. M.,1,1,ou,24.50,under,ft,1.698,6
Ct5SsVno,Lajal M.,Etcheverry T. M.,1,1,ou,25.00,over,ft,2.11,2
Ct5SsVno,Lajal M.,Etcheverry T. M.,1,1,ou,25.00,under,ft,1.6,2
Ct5SsVno,Lajal M.,Etcheverry T. M.,1,1,ou,25.50,over,ft,2.07,2
Ct5SsVno,Lajal M.,Etcheverry T. M.,1,1,ou,25.50,under,ft,1.64,2
Ct5SsVno,Lajal M.,Etcheverry T. M.,1,1,ou,26.00,over,ft,2.22,2
Ct5SsVno,Lajal M.,Etcheverry T. M.,1,1,ou,26.00,under,ft,1.54,2
Ct5SsVno,Lajal M.,Etcheverry T. M.,1,1,ou,26.50,over,ft,2.62,1
Ct5SsVno,Lajal M.,Etcheverry T. M.,1,1,ou,26.50,under,ft,1.48,1
Ct5SsVno,Lajal M.,Etcheverry T. M.,1,1,ou,27.00,over,ft,2.34,2
Ct5SsVno,Lajal M.,Etcheverry T. M.,1,1,ou,27.00,under,ft,1.5,2
Ct5SsVno,Lajal M.,Etcheverry T. M.,1,1,ou,27.50,over,ft,2.36,2
Ct5SsVno,Lajal M.,Etcheverry T. M.,1,1,ou,27.50,under,ft,1.48,2
Ct5SsVno,Lajal M.,Etcheverry T. M.,1,1,hc,1.50,home,ft,1.285,6
Ct5SsVno,Lajal M.,Etcheverry T. M.,1,1,hc,1.50,away,ft,3.522,6
Ct5SsVno,Lajal M.,Etcheverry T. M.,1,1,hc,-1.50,home,ft,2.677,6
Ct5SsVno,Lajal M.,Etcheverry T. M.,1,1,hc,-1.50,away,ft,1.448,6
Ct5SsVno,Lajal M.,Etcheverry T. M.,1,1,hc,0,home,ft,1.675,4
Ct5SsVno,Lajal M.,Etcheverry T. M.,1,1,hc,0,away,ft,2.127,4
Ct5SsVno,Lajal M.,Etcheverry T. M.,1,1,hc,12.50,home,ft,1.86,1
Ct5SsVno,Lajal M.,Etcheverry T. M.,1,1,hc,12.50,away,ft,2.06,1
Ct5SsVno,Lajal M.,Etcheverry T. M.,1,1,hc,13.00,home,ft,1.64,1
Ct5SsVno,Lajal M.,Etcheverry T. M.,1,1,hc,13.00,away,ft,1.53,1
Ct5SsVno,Lajal M.,Etcheverry T. M.,1,1,hc,0.50,home,ft,1.742,6
Ct5SsVno,Lajal M.,Etcheverry T. M.,1,1,hc,0.50,away,ft,2.032,6
Ct5SsVno,Lajal M.,Etcheverry T. M.,1,1,hc,-0.50,home,ft,1.798,6
Ct5SsVno,Lajal M.,Etcheverry T. M.,1,1,hc,-0.50,away,ft,1.983,6
Ct5SsVno,Lajal M.,Etcheverry T. M.,1,1,hc,1.00,home,ft,1.623,4
Ct5SsVno,Lajal M.,Etcheverry T. M.,1,1,hc,1.00,away,ft,2.225,4
Ct5SsVno,Lajal M.,Etcheverry T. M.,1,1,hc,-1.00,home,ft,1.772,4
Ct5SsVno,Lajal M.,Etcheverry T. M.,1,1,hc,-1.00,away,ft,1.99,4
Ct5SsVno,Lajal M.,Etcheverry T. M.,1,1,hc,1.50,home,ft,1.507,3
Ct5SsVno,Lajal M.,Etcheverry T. M.,1,1,hc,1.50,away,ft,2.4,3
Ct5SsVno,Lajal M.,Etcheverry T. M.,1,1,hc,-1.50,home,ft,1.894,5
Ct5SsVno,Lajal M.,Etcheverry T. M.,1,1,hc,-1.50,away,ft,1.902,5
Ct5SsVno,Lajal M.,Etcheverry T. M.,1,1,hc,2.00,home,ft,1.43,2
Ct5SsVno,Lajal M.,Etcheverry T. M.,1,1,hc,2.00,away,ft,2.54,2
Ct5SsVno,Lajal M.,Etcheverry T. M.,1,1,hc,-2.00,home,ft,1.962,4
Ct5SsVno,Lajal M.,Etcheverry T. M.,1,1,hc,-2.00,away,ft,1.8,4
Ct5SsVno,Lajal M.,Etcheverry T. M.,1,1,hc,2.50,home,ft,1.487,3
Ct5SsVno,Lajal M.,Etcheverry T. M.,1,1,hc,2.50,away,ft,2.42,3
Ct5SsVno,Lajal M.,Etcheverry T. M.,1,1,hc,-2.50,home,ft,1.972,6
Ct5SsVno,Lajal M.,Etcheverry T. M.,1,1,hc,-2.50,away,ft,1.818,6
Ct5SsVno,Lajal M.,Etcheverry T. M.,1,1,hc,3.00,home,ft,1.35,2
Ct5SsVno,Lajal M.,Etcheverry T. M.,1,1,hc,3.00,away,ft,2.85,2
Ct5SsVno,Lajal M.,Etcheverry T. M.,1,1,hc,-3.00,home,ft,2.302,4
Ct5SsVno,Lajal M.,Etcheverry T. M.,1,1,hc,-3.00,away,ft,1.58,4
Ct5SsVno,Lajal M.,Etcheverry T. M.,1,1,hc,3.50,home,ft,1.337,3
Ct5SsVno,Lajal M.,Etcheverry T. M.,1,1,hc,3.50,away,ft,3.04,3
Ct5SsVno,Lajal M.,Etcheverry T. M.,1,1,hc,-3.50,home,ft,2.46,4
Ct5SsVno,Lajal M.,Etcheverry T. M.,1,1,hc,-3.50,away,ft,1.488,4
Ct5SsVno,Lajal M.,Etcheverry T. M.,1,1,hc,-4.00,home,ft,3.05,2
Ct5SsVno,Lajal M.,Etcheverry T. M.,1,1,hc,-4.00,away,ft,1.31,2
Ct5SsVno,Lajal M.,Etcheverry T. M.,1,1,hc,-5.50,home,ft,5.24,1
Ct5SsVno,Lajal M.,Etcheverry T. M.,1,1,hc,-5.50,away,ft,1.16,1
GdIzNr84,Borg L.,Ofner S.,2,2,ou,2.50,over,ft,2.973,3
GdIzNr84,Borg L.,Ofner S.,2,2,ou,2.50,under,ft,1.417,3
GdIzNr84,Borg L.,Ofner S.,2,2,ou,17.50,over,ft,1.14,2
GdIzNr84,Borg L.,Ofner S.,2,2,ou,17.50,under,ft,4.59,2
GdIzNr84,Borg L.,Ofner S.,2,2,ou,18.00,over,ft,1.23,2
GdIzNr84,Borg L.,Ofner S.,2,2,ou,18.00,under,ft,3.5,2
GdIzNr84,Borg L.,Ofner S.,2,2,ou,18.50,over,ft,1.29,2
GdIzNr84,Borg L.,Ofner S.,2,2,ou,18.50,under,ft,3.15,2
GdIzNr84,Borg L.,Ofner S.,2,2,ou,19.00,over,ft,1.36,2
GdIzNr84,Borg L.,Ofner S.,2,2,ou,19.00,under,ft,2.73,2
GdIzNr84,Borg L.,Ofner S.,2,2,ou,19.50,over,ft,1.5,2
GdIzNr84,Borg L.,Ofner S.,2,2,ou,19.50,under,ft,2.35,2
GdIzNr84,Borg L.,Ofner S.,2,2,ou,20.00,over,ft,1.616,5
GdIzNr84,Borg L.,Ofner S.,2,2,ou,20.00,under,ft,2.238,5
GdIzNr84,Borg L.,Ofner S.,2,2,ou,20.50,over,ft,1.736,7
GdIzNr84,Borg L.,Ofner S.,2,2,ou,20.50,under,ft,2.023,7
GdIzNr84,Borg L.,Ofner S.,2,2,ou,21.00,over,ft,1.864,5
GdIzNr84,Borg L.,Ofner S.,2,2,ou,21.00,under,ft,1.922,5
GdIzNr84,Borg L.,Ofner S.,2,2,ou,21.50,over,ft,1.933,7
GdIzNr84,Borg L.,Ofner S.,2,2,ou,21.50,under,ft,1.827,7
GdIzNr84,Borg L.,Ofner S.,2,2,ou,22.00,over,ft,2.158,5
GdIzNr84,Borg L.,Ofner S.,2,2,ou,22.00,under,ft,1.674,5
GdIzNr84,Borg L.,Ofner S.,2,2,ou,22.50,over,ft,2.259,7
GdIzNr84,Borg L.,Ofner S.,2,2,ou,22.50,under,ft,1.596,7
GdIzNr84,Borg L.,Ofner S.,2,2,ou,23.00,over,ft,2.51,2
GdIzNr84,Borg L.,Ofner S.,2,2,ou,23.00,under,ft,1.45,2
GdIzNr84,Borg L.,Ofner S.,2,2,ou,23.50,over,ft,2.55,3
GdIzNr84,Borg L.,Ofner S.,2,2,ou,23.50,under,ft,1.43,3
GdIzNr84,Borg L.,Ofner S.,2,2,ou,24.00,over,ft,2.63,2
GdIzNr84,Borg L.,Ofner S.,2,2,ou,24.00,under,ft,1.39,2
GdIzNr84,Borg L.,Ofner S.,2,2,ou,24.50,over,ft,2.61,3
GdIzNr84,Borg L.,Ofner S.,2,2,ou,24.50,under,ft,1.417,3
GdIzNr84,Borg L.,Ofner S.,2,2,ou,25.50,over,ft,2.93,2
GdIzNr84,Borg L.,Ofner S.,2,2,ou,25.50,under,ft,1.33,2
GdIzNr84,Borg L.,Ofner S.,2,2,ou,26.50,over,ft,3.15,1
GdIzNr84,Borg L.,Ofner S.,2,2,ou,26.50,under,ft,1.32,1
GdIzNr84,Borg L.,Ofner S.,2,2,hc,1.50,home,ft,2.278,6
GdIzNr84,Borg L.,Ofner S.,2,2,hc,1.50,away,ft,1.602,6
GdIzNr84,Borg L.,Ofner S.,2,2,hc,-1.50,home,ft,8.072,5
GdIzNr84,Borg L.,Ofner S.,2,2,hc,-1.50,away,ft,1.074,5
GdIzNr84,Borg L.,Ofner S.,2,2,hc,2.00,home,ft,3.62,2
GdIzNr84,Borg L.,Ofner S.,2,2,hc,2.00,away,ft,1.25,2
GdIzNr84,Borg L.,Ofner S.,2,2,hc,2.50,home,ft,3.14,2
GdIzNr84,Borg L.,Ofner S.,2,2,hc,2.50,away,ft,1.32,2
GdIzNr84,Borg L.,Ofner S.,2,2,hc,3.00,home,ft,2.92,2
GdIzNr84,Borg L.,Ofner S.,2,2,hc,3.00,away,ft,1.36,2
GdIzNr84,Borg L.,Ofner S.,2,2,hc,3.50,home,ft,2.462,6
GdIzNr84,Borg L.,Ofner S.,2,2,hc,3.50,away,ft,1.522,6
GdIzNr84,Borg L.,Ofner S.,2,2,hc,4.00,home,ft,2.192,4
GdIzNr84,Borg L.,Ofner S.,2,2,hc,4.00,away,ft,1.66,4
GdIzNr84,Borg L.,Ofner S.,2,2,hc,4.50,home,ft,1.846,5
GdIzNr84,Borg L.,Ofner S.,2,2,hc,4.50,away,ft,1.942,5
GdIzNr84,Borg L.,Ofner S.,2,2,hc,5.00,home,ft,1.623,4
GdIzNr84,Borg L.,Ofner S.,2,2,hc,5.00,away,ft,2.263,4
GdIzNr84,Borg L.,Ofner S.,2,2,hc,5.50,home,ft,1.487,6
GdIzNr84,Borg L.,Ofner S.,2,2,hc,5.50,away,ft,2.557,6
GdIzNr84,Borg L.,Ofner S.,2,2,hc,6.00,home,ft,1.27,2
GdIzNr84,Borg L.,Ofner S.,2,2,hc,6.00,away,ft,3.48,2
GdIzNr84,Borg L.,Ofner S.,2,2,hc,6.50,home,ft,1.22,2
GdIzNr84,Borg L.,Ofner S.,2,2,hc,6.50,away,ft,3.9,2
GdIzNr84,Borg L.,Ofner S.,2,2,hc,7.00,home,ft,1.09,2
GdIzNr84,Borg L.,Ofner S.,2,2,hc,7.00,away,ft,6.4,2
MFdJXaMM,Popyrin A.,Korda S.,1,1,ou,2.50,over,ft,2.277,3
MFdJXaMM,Popyrin A.,Korda S.,1,1,ou,2.50,under,ft,1.653,3
MFdJXaMM,Popyrin A.,Korda S.,1,1,ou,20.00,over,ft,1.22,2
MFdJXaMM,Popyrin A.,Korda S.,1,1,ou,20.00,under,ft,3.58,2
MFdJXaMM,Popyrin A.,Korda S.,1,1,ou,20.50,over,ft,1.343,3
MFdJXaMM,Popyrin A.,Korda S.,1,1,ou,20.50,under,ft,2.973,3
MFdJXaMM,Popyrin A.,Korda S.,1,1,ou,21.00,over,ft,1.46,2
MFdJXaMM,Popyrin A.,Korda S.,1,1,ou,21.00,under,ft,2.74,2
MFdJXaMM,Popyrin A.,Korda S.,1,1,ou,21.50,over,ft,1.55,2
MFdJXaMM,Popyrin A.,Korda S.,1,1,ou,21.50,under,ft,2.46,2
MFdJXaMM,Popyrin A.,Korda S.,1,1,ou,22.00,over,ft,1.6,5
MFdJXaMM,Popyrin A.,Korda S.,1,1,ou,22.00,under,ft,2.352,5
MFdJXaMM,Popyrin A.,Korda S.,1,1,ou,22.50,over,ft,1.716,7
MFdJXaMM,Popyrin A.,Korda S.,1,1,ou,22.50,under,ft,2.076,7
MFdJXaMM,Popyrin A.,Korda S.,1,1,ou,23.00,over,ft,1.88,5
MFdJXaMM,Popyrin A.,Korda S.,1,1,ou,23.00,under,ft,1.934,5
MFdJXaMM,Popyrin A.,Korda S.,1,1,ou,23.50,over,ft,1.989,7
MFdJXaMM,Popyrin A.,Korda S.,1,1,ou,23.50,under,ft,1.814,7
MFdJXaMM,Popyrin A.,Korda S.,1,1,ou,24.00,over,ft,2.046,5
MFdJXaMM,Popyrin A.,Korda S.,1,1,ou,24.00,under,ft,1.782,5
MFdJXaMM,Popyrin A.,Korda S.,1,1,ou,24.50,over,ft,2.024,7
MFdJXaMM,Popyrin A.,Korda S.,1,1,ou,24.50,under,ft,1.751,7
MFdJXaMM,Popyrin A.,Korda S.,1,1,ou,25.00,over,ft,2.21,2
MFdJXaMM,Popyrin A.,Korda S.,1,1,ou,25.00,under,ft,1.67,2
MFdJXaMM,Popyrin A.,Korda S.,1,1,ou,25.50,over,ft,2.15,2
MFdJXaMM,Popyrin A.,Korda S.,1,1,ou,25.50,under,ft,1.59,2
MFdJXaMM,Popyrin A.,Korda S.,1,1,ou,26.00,over,ft,2.36,2
MFdJXaMM,Popyrin A.,Korda S.,1,1,ou,26.00,under,ft,1.48,2
MFdJXaMM,Popyrin A.,Korda S.,1,1,ou,26.50,over,ft,2.402,4
MFdJXaMM,Popyrin A.,Korda S.,1,1,ou,26.50,under,ft,1.512,4
MFdJXaMM,Popyrin A.,Korda S.,1,1,ou,27.50,over,ft,2.6,2
MFdJXaMM,Popyrin A.,Korda S.,1,1,ou,27.50,under,ft,1.41,2
MFdJXaMM,Popyrin A.,Korda S.,1,1,ou,28.50,over,ft,2.873,4
MFdJXaMM,Popyrin A.,Korda S.,1,1,ou,28.50,under,ft,1.367,4
MFdJXaMM,Popyrin A.,Korda S.,1,1,hc,1.50,home,ft,1.595,6
MFdJXaMM,Popyrin A.,Korda S.,1,1,hc,1.50,away,ft,2.282,6
MFdJXaMM,Popyrin A.,Korda S.,1,1,hc,-1.50,home,ft,4.582,5
MFdJXaMM,Popyrin A.,Korda S.,1,1,hc,-1.50,away,ft,1.194,5
MFdJXaMM,Popyrin A.,Korda S.,1,1,hc,0,home,ft,2.835,2
MFdJXaMM,Popyrin A.,Korda S.,1,1,hc,0,away,ft,1.43,2
MFdJXaMM,Popyrin A.,Korda S.,1,1,hc,12.50,home,ft,2.02,1
MFdJXaMM,Popyrin A.,Korda S.,1,1,hc,12.50,away,ft,1.59,1
MFdJXaMM,Popyrin A.,Korda S.,1,1,hc,13.00,home,ft,1.54,1
MFdJXaMM,Popyrin A.,Korda S.,1,1,hc,13.00,away,ft,1.89,1
MFdJXaMM,Popyrin A.,Korda S.,1,1,hc,0.50,home,ft,2.62,2
MFdJXaMM,Popyrin A.,Korda S.,1,1,hc,0.50,away,ft,1.49,2
MFdJXaMM,Popyrin A.,Korda S.,1,1,hc,-0.50,home,ft,2.28,2
MFdJXaMM,Popyrin A.,Korda S.,1,1,hc,-0.50,away,ft,1.53,2
MFdJXaMM,Popyrin A.,Korda S.,1,1,hc,1.00,home,ft,2.387,3
MFdJXaMM,Popyrin A.,Korda S.,1,1,hc,1.00,away,ft,1.59,3
MFdJXaMM,Popyrin A.,Korda S.,1,1,hc,-1.00,home,ft,2.43,2
MFdJXaMM,Popyrin A.,Korda S.,1,1,hc,-1.00,away,ft,1.47,2
MFdJXaMM,Popyrin A.,Korda S.,1,1,hc,1.50,home,ft,2.28,6
MFdJXaMM,Popyrin A.,Korda S.,1,1,hc,1.50,away,ft,1.598,6
MFdJXaMM,Popyrin A.,Korda S.,1,1,hc,-1.50,home,ft,2.64,3
MFdJXaMM,Popyrin A.,Korda S.,1,1,hc,-1.50,away,ft,1.443,3
MFdJXaMM,Popyrin A.,Korda S.,1,1,hc,2.00,home,ft,2.163,4
MFdJXaMM,Popyrin A.,Korda S.,1,1,hc,2.00,away,ft,1.715,4
MFdJXaMM,Popyrin A.,Korda S.,1,1,hc,2.50,home,ft,1.98,5
MFdJXaMM,Popyrin A.,Korda S.,1,1,hc,2.50,away,ft,1.828,5
MFdJXaMM,Popyrin A.,Korda S.,1,1,hc,-2.50,home,ft,2.79,2
MFdJXaMM,Popyrin A.,Korda S.,1,1,hc,-2.50,away,ft,1.36,2
MFdJXaMM,Popyrin A.,Korda S.,1,1,hc,3.00,home,ft,1.79,4
MFdJXaMM,Popyrin A.,Korda S.,1,1,hc,3.00,away,ft,2.052,4
MFdJXaMM,Popyrin A.,Korda S.,1,1,hc,3.50,home,ft,1.625,6
MFdJXaMM,Popyrin A.,Korda S.,1,1,hc,3.50,away,ft,2.252,6
MFdJXaMM,Popyrin A.,Korda S.,1,1,hc,-3.50,home,ft,5.16,1
MFdJXaMM,Popyrin A.,Korda S.,1,1,hc,-3.50,away,ft,1.16,1
MFdJXaMM,Popyrin A.,Korda S.,1,1,hc,4.00,home,ft,1.45,4
MFdJXaMM,Popyrin A.,Korda S.,1,1,hc,4.00,away,ft,2.797,4
MFdJXaMM,Popyrin A.,Korda S.,1,1,hc,4.50,home,ft,1.37,2
MFdJXaMM,Popyrin A.,Korda S.,1,1,hc,4.50,away,ft,3.135,2
MFdJXaMM,Popyrin A.,Korda S.,1,1,hc,5.00,home,ft,1.19,2
MFdJXaMM,Popyrin A.,Korda S.,1,1,hc,5.00,away,ft,4.73,2
MFdJXaMM,Popyrin A.,Korda S.,1,1,hc,5.50,home,ft,1.16,3
MFdJXaMM,Popyrin A.,Korda S.,1,1,hc,5.50,away,ft,4.663,3
MFdJXaMM,Popyrin A.,Korda S.,1,1,hc,6.50,home,ft,1.05,2
MFdJXaMM,Popyrin A.,Korda S.,1,1,hc,6.50,away,ft,7.15,2
hbmkSwpp,Griekspoor T.,Fearnley J.,1,1,ou,2.50,over,ft,2.455,2
hbmkSwpp,Griekspoor T.,Fearnley J.,1,1,ou,2.50,under,ft,1.59,2
hbmkSwpp,Griekspoor T.,Fearnley J.,1,1,ou,19.50,over,ft,1.26,2
hbmkSwpp,Griekspoor T.,Fearnley J.,1,1,ou,19.50,under,ft,3.33,2
hbmkSwpp,Griekspoor T.,Fearnley J.,1,1,ou,20.00,over,ft,1.31,2
hbmkSwpp,Griekspoor T.,Fearnley J.,1,1,ou,20.00,under,ft,2.98,2
hbmkSwpp,Griekspoor T.,Fearnley J.,1,1,ou,20.50,over,ft,1.42,2
hbmkSwpp,Griekspoor T.,Fearnley J.,1,1,ou,20.50,under,ft,2.57,2
hbmkSwpp,Griekspoor T.,Fearnley J.,1,1,ou,21.00,over,ft,1.48,2
hbmkSwpp,Griekspoor T.,Fearnley J.,1,1,ou,21.00,under,ft,2.43,2
hbmkSwpp,Griekspoor T.,Fearnley J.,1,1,ou,21.50,over,ft,1.616,7
hbmkSwpp,Griekspoor T.,Fearnley J.,1,1,ou,21.50,under,ft,2.227,7
hbmkSwpp,Griekspoor T.,Fearnley J.,1,1,ou,22.00,over,ft,1.732,5
hbmkSwpp,Griekspoor T.,Fearnley J.,1,1,ou,22.00,under,ft,2.066,5
hbmkSwpp,Griekspoor T.,Fearnley J.,1,1,ou,22.50,over,ft,1.873,7
hbmkSwpp,Griekspoor T.,Fearnley J.,1,1,ou,22.50,under,ft,1.924,7
hbmkSwpp,Griekspoor T.,Fearnley J.,1,1,ou,23.00,over,ft,2.024,5
hbmkSwpp,Griekspoor T.,Fearnley J.,1,1,ou,23.00,under,ft,1.77,5
hbmkSwpp,Griekspoor T.,Fearnley J.,1,1,ou,23.50,over,ft,2.131,7
hbmkSwpp,Griekspoor T.,Fearnley J.,1,1,ou,23.50,under,ft,1.667,7
hbmkSwpp,Griekspoor T.,Fearnley J.,1,1,ou,24.00,over,ft,2.112,5
hbmkSwpp,Griekspoor T.,Fearnley J.,1,1,ou,24.00,under,ft,1.674,5
hbmkSwpp,Griekspoor T.,Fearnley J.,1,1,ou,24.50,over,ft,2.127,3
hbmkSwpp,Griekspoor T.,Fearnley J.,1,1,ou,24.50,under,ft,1.6,3
hbmkSwpp,Griekspoor T.,Fearnley J.,1,1,ou,25.00,over,ft,2.22,2
hbmkSwpp,Griekspoor T.,Fearnley J.,1,1,ou,25.00,under,ft,1.54,2
hbmkSwpp,Griekspoor T.,Fearnley J.,1,1,ou,25.50,over,ft,2.25,2
hbmkSwpp,Griekspoor T.,Fearnley J.,1,1,ou,25.50,under,ft,1.54,2
hbmkSwpp,Griekspoor T.,Fearnley J.,1,1,ou,26.00,over,ft,2.27,2
hbmkSwpp,Griekspoor T.,Fearnley J.,1,1,ou,26.00,under,ft,1.52,2
hbmkSwpp,Griekspoor T.,Fearnley J.,1,1,ou,26.50,over,ft,2.5,2
hbmkSwpp,Griekspoor T.,Fearnley J.,1,1,ou,26.50,under,ft,1.44,2
hbmkSwpp,Griekspoor T.,Fearnley J.,1,1,ou,27.50,over,ft,2.75,2
hbmkSwpp,Griekspoor T.,Fearnley J.,1,1,ou,27.50,under,ft,1.37,2
hbmkSwpp,Griekspoor T.,Fearnley J.,1,1,hc,1.50,home,ft,1.196,5
hbmkSwpp,Griekspoor T.,Fearnley J.,1,1,hc,1.50,away,ft,4.558,5
hbmkSwpp,Griekspoor T.,Fearnley J.,1,1,hc,-1.50,home,ft,2.223,6
hbmkSwpp,Griekspoor T.,Fearnley J.,1,1,hc,-1.50,away,ft,1.633,6
hbmkSwpp,Griekspoor T.,Fearnley J.,1,1,hc,0,home,ft,1.585,4
hbmkSwpp,Griekspoor T.,Fearnley J.,1,1,hc,0,away,ft,2.402,4
hbmkSwpp,Griekspoor T.,Fearnley J.,1,1,hc,12.00,home,ft,1.34,1
hbmkSwpp,Griekspoor T.,Fearnley J.,1,1,hc,12.00,away,ft,1.96,1
hbmkSwpp,Griekspoor T.,Fearnley J.,1,1,hc,12.50,home,ft,2.1,1
hbmkSwpp,Griekspoor T.,Fearnley J.,1,1,hc,12.50,away,ft,1.65,1
hbmkSwpp,Griekspoor T.,Fearnley J.,1,1,hc,13.00,home,ft,1.69,1
hbmkSwpp,Griekspoor T.,Fearnley J.,1,1,hc,13.00,away,ft,1.52,1
hbmkSwpp,Griekspoor T.,Fearnley J.,1,1,hc,0.50,home,ft,1.54,2
hbmkSwpp,Griekspoor T.,Fearnley J.,1,1,hc,0.50,away,ft,2.35,2
hbmkSwpp,Griekspoor T.,Fearnley J.,1,1,hc,-0.50,home,ft,1.605,4
hbmkSwpp,Griekspoor T.,Fearnley J.,1,1,hc,-0.50,away,ft,2.325,4
hbmkSwpp,Griekspoor T.,Fearnley J.,1,1,hc,1.00,home,ft,1.4,2
hbmkSwpp,Griekspoor T.,Fearnley J.,1,1,hc,1.00,away,ft,2.64,2
hbmkSwpp,Griekspoor T.,Fearnley J.,1,1,hc,-1.00,home,ft,1.605,4
hbmkSwpp,Griekspoor T.,Fearnley J.,1,1,hc,-1.00,away,ft,2.303,4
hbmkSwpp,Griekspoor T.,Fearnley J.,1,1,hc,1.50,home,ft,1.45,2
hbmkSwpp,Griekspoor T.,Fearnley J.,1,1,hc,1.50,away,ft,2.49,2
hbmkSwpp,Griekspoor T.,Fearnley J.,1,1,hc,-1.50,home,ft,1.644,5
hbmkSwpp,Griekspoor T.,Fearnley J.,1,1,hc,-1.50,away,ft,2.21,5
hbmkSwpp,Griekspoor T.,Fearnley J.,1,1,hc,2.00,home,ft,1.43,2
hbmkSwpp,Griekspoor T.,Fearnley J.,1,1,hc,2.00,away,ft,2.56,2
hbmkSwpp,Griekspoor T.,Fearnley J.,1,1,hc,-2.00,home,ft,1.67,4
hbmkSwpp,Griekspoor T.,Fearnley J.,1,1,hc,-2.00,away,ft,2.183,4
hbmkSwpp,Griekspoor T.,Fearnley J.,1,1,hc,2.50,home,ft,1.33,2
hbmkSwpp,Griekspoor T.,Fearnley J.,1,1,hc,2.50,away,ft,2.93,2
hbmkSwpp,Griekspoor T.,Fearnley J.,1,1,hc,-2.50,home,ft,1.76,6
hbmkSwpp,Griekspoor T.,Fearnley J.,1,1,hc,-2.50,away,ft,2.045,6
hbmkSwpp,Griekspoor T.,Fearnley J.,1,1,hc,-3.00,home,ft,1.962,4
hbmkSwpp,Griekspoor T.,Fearnley J.,1,1,hc,-3.00,away,ft,1.835,4
hbmkSwpp,Griekspoor T.,Fearnley J.,1,1,hc,3.50,home,ft,1.24,2
hbmkSwpp,Griekspoor T.,Fearnley J.,1,1,hc,3.50,away,ft,3.53,2
hbmkSwpp,Griekspoor T.,Fearnley J.,1,1,hc,-3.50,home,ft,2.132,5
hbmkSwpp,Griekspoor T.,Fearnley J.,1,1,hc,-3.50,away,ft,1.692,5
hbmkSwpp,Griekspoor T.,Fearnley J.,1,1,hc,-4.00,home,ft,2.607,4
hbmkSwpp,Griekspoor T.,Fearnley J.,1,1,hc,-4.00,away,ft,1.485,4
hbmkSwpp,Griekspoor T.,Fearnley J.,1,1,hc,-4.50,home,ft,2.75,4
hbmkSwpp,Griekspoor T.,Fearnley J.,1,1,hc,-4.50,away,ft,1.402,4
hbmkSwpp,Griekspoor T.,Fearnley J.,1,1,hc,-5.00,home,ft,3.9,2
hbmkSwpp,Griekspoor T.,Fearnley J.,1,1,hc,-5.00,away,ft,1.22,2
hbmkSwpp,Griekspoor T.,Fearnley J.,1,1,hc,-5.50,home,ft,3.98,2
hbmkSwpp,Griekspoor T.,Fearnley J.,1,1,hc,-5.50,away,ft,1.19,2
hbmkSwpp,Griekspoor T.,Fearnley J.,1,1,hc,-6.00,home,ft,5.95,2
hbmkSwpp,Griekspoor T.,Fearnley J.,1,1,hc,-6.00,away,ft,1.08,2
UarAyrNc,Kecmanovic M.,Muller A.,2,2,ou,2.50,over,ft,2.437,3
UarAyrNc,Kecmanovic M.,Muller A.,2,2,ou,2.50,under,ft,1.583,3
UarAyrNc,Kecmanovic M.,Muller A.,2,2,ou,18.50,over,ft,1.24,1
UarAyrNc,Kecmanovic M.,Muller A.,2,2,ou,18.50,under,ft,4.0,1
UarAyrNc,Kecmanovic M.,Muller A.,2,2,ou,20.00,over,ft,1.41,2
UarAyrNc,Kecmanovic M.,Muller A.,2,2,ou,20.00,under,ft,2.93,2
UarAyrNc,Kecmanovic M.,Muller A.,2,2,ou,20.50,over,ft,1.53,4
UarAyrNc,Kecmanovic M.,Muller A.,2,2,ou,20.50,under,ft,2.462,4
UarAyrNc,Kecmanovic M.,Muller A.,2,2,ou,21.00,over,ft,1.608,5
UarAyrNc,Kecmanovic M.,Muller A.,2,2,ou,21.00,under,ft,2.316,5
UarAyrNc,Kecmanovic M.,Muller A.,2,2,ou,21.50,over,ft,1.709,7
UarAyrNc,Kecmanovic M.,Muller A.,2,2,ou,21.50,under,ft,2.107,7
UarAyrNc,Kecmanovic M.,Muller A.,2,2,ou,22.00,over,ft,1.816,5
UarAyrNc,Kecmanovic M.,Muller A.,2,2,ou,22.00,under,ft,2.004,5
UarAyrNc,Kecmanovic M.,Muller A.,2,2,ou,22.50,over,ft,1.941,7
UarAyrNc,Kecmanovic M.,Muller A.,2,2,ou,22.50,under,ft,1.841,7
UarAyrNc,Kecmanovic M.,Muller A.,2,2,ou,23.00,over,ft,2.082,5
UarAyrNc,Kecmanovic M.,Muller A.,2,2,ou,23.00,under,ft,1.756,5
UarAyrNc,Kecmanovic M.,Muller A.,2,2,ou,23.50,over,ft,2.184,7
UarAyrNc,Kecmanovic M.,Muller A.,2,2,ou,23.50,under,ft,1.65,7
UarAyrNc,Kecmanovic M.,Muller A.,2,2,ou,24.00,over,ft,2.143,3
UarAyrNc,Kecmanovic M.,Muller A.,2,2,ou,24.00,under,ft,1.67,3
UarAyrNc,Kecmanovic M.,Muller A.,2,2,ou,24.50,over,ft,2.24,5
UarAyrNc,Kecmanovic M.,Muller A.,2,2,ou,24.50,under,ft,1.616,5
UarAyrNc,Kecmanovic M.,Muller A.,2,2,ou,25.00,over,ft,2.35,2
UarAyrNc,Kecmanovic M.,Muller A.,2,2,ou,25.00,under,ft,1.6,2
UarAyrNc,Kecmanovic M.,Muller A.,2,2,ou,26.50,over,ft,2.74,2
UarAyrNc,Kecmanovic M.,Muller A.,2,2,ou,26.50,under,ft,1.42,2
UarAyrNc,Kecmanovic M.,Muller A.,2,2,hc,1.50,home,ft,1.222,5
UarAyrNc,Kecmanovic M.,Muller A.,2,2,hc,1.50,away,ft,4.17,5
UarAyrNc,Kecmanovic M.,Muller A.,2,2,hc,-1.50,home,ft,2.318,6
UarAyrNc,Kecmanovic M.,Muller A.,2,2,hc,-1.50,away,ft,1.582,6
UarAyrNc,Kecmanovic M.,Muller A.,2,2,hc,0,home,ft,1.54,2
UarAyrNc,Kecmanovic M.,Muller A.,2,2,hc,0,away,ft,2.48,2
UarAyrNc,Kecmanovic M.,Muller A.,2,2,hc,12.00,home,ft,1.38,1
UarAyrNc,Kecmanovic M.,Muller A.,2,2,hc,12.00,away,ft,1.98,1
UarAyrNc,Kecmanovic M.,Muller A.,2,2,hc,12.50,home,ft,1.97,1
UarAyrNc,Kecmanovic M.,Muller A.,2,2,hc,12.50,away,ft,1.64,1
UarAyrNc,Kecmanovic M.,Muller A.,2,2,hc,0.50,home,ft,1.53,2
UarAyrNc,Kecmanovic M.,Muller A.,2,2,hc,0.50,away,ft,2.28,2
UarAyrNc,Kecmanovic M.,Muller A.,2,2,hc,-0.50,home,ft,1.695,4
UarAyrNc,Kecmanovic M.,Muller A.,2,2,hc,-0.50,away,ft,2.13,4
UarAyrNc,Kecmanovic M.,Muller A.,2,2,hc,1.00,home,ft,1.45,2
UarAyrNc,Kecmanovic M.,Muller A.,2,2,hc,1.00,away,ft,2.49,2
UarAyrNc,Kecmanovic M.,Muller A.,2,2,hc,-1.00,home,ft,1.63,2
UarAyrNc,Kecmanovic M.,Muller A.,2,2,hc,-1.00,away,ft,2.27,2
UarAyrNc,Kecmanovic M.,Muller A.,2,2,hc,1.50,home,ft,1.463,3
UarAyrNc,Kecmanovic M.,Muller A.,2,2,hc,1.50,away,ft,2.547,3
UarAyrNc,Kecmanovic M.,Muller A.,2,2,hc,-1.50,home,ft,1.675,6
UarAyrNc,Kecmanovic M.,Muller A.,2,2,hc,-1.50,away,ft,2.155,6
UarAyrNc,Kecmanovic M.,Muller A.,2,2,hc,2.00,home,ft,1.46,2
UarAyrNc,Kecmanovic M.,Muller A.,2,2,hc,2.00,away,ft,2.44,2
UarAyrNc,Kecmanovic M.,Muller A.,2,2,hc,-2.00,home,ft,1.77,4
UarAyrNc,Kecmanovic M.,Muller A.,2,2,hc,-2.00,away,ft,2.077,4
UarAyrNc,Kecmanovic M.,Muller A.,2,2,hc,2.50,home,ft,1.43,2
UarAyrNc,Kecmanovic M.,Muller A.,2,2,hc,2.50,away,ft,2.54,2
UarAyrNc,Kecmanovic M.,Muller A.,2,2,hc,-2.50,home,ft,1.864,5
UarAyrNc,Kecmanovic M.,Muller A.,2,2,hc,-2.50,away,ft,1.942,5
UarAyrNc,Kecmanovic M.,Muller A.,2,2,hc,-3.00,home,ft,2.04,4
UarAyrNc,Kecmanovic M.,Muller A.,2,2,hc,-3.00,away,ft,1.805,4
UarAyrNc,Kecmanovic M.,Muller A.,2,2,hc,3.50,home,ft,1.29,2
UarAyrNc,Kecmanovic M.,Muller A.,2,2,hc,3.50,away,ft,3.13,2
UarAyrNc,Kecmanovic M.,Muller A.,2,2,hc,-3.50,home,ft,2.178,6
UarAyrNc,Kecmanovic M.,Muller A.,2,2,hc,-3.50,away,ft,1.667,6
UarAyrNc,Kecmanovic M.,Muller A.,2,2,hc,-4.00,home,ft,2.612,4
UarAyrNc,Kecmanovic M.,Muller A.,2,2,hc,-4.00,away,ft,1.5,4
UarAyrNc,Kecmanovic M.,Muller A.,2,2,hc,4.50,home,ft,1.17,2
UarAyrNc,Kecmanovic M.,Muller A.,2,2,hc,4.50,away,ft,4.22,2
UarAyrNc,Kecmanovic M.,Muller A.,2,2,hc,-4.50,home,ft,3.03,2
UarAyrNc,Kecmanovic M.,Muller A.,2,2,hc,-4.50,away,ft,1.38,2
UarAyrNc,Kecmanovic M.,Muller A.,2,2,hc,-5.00,home,ft,4.16,2
UarAyrNc,Kecmanovic M.,Muller A.,2,2,hc,-5.00,away,ft,1.23,2
UarAyrNc,Kecmanovic M.,Muller A.,2,2,hc,-5.50,home,ft,4.14,1
UarAyrNc,Kecmanovic M.,Muller A.,2,2,hc,-5.50,away,ft,1.23,1
ptWxOUi5,Fery A.,Clarke J.,2,2,ou,2.50,over,ft,2.973,3
ptWxOUi5,Fery A.,Clarke J.,2,2,ou,2.50,under,ft,1.393,3
ptWxOUi5,Fery A.,Clarke J.,2,2,ou,16.50,over,ft,1.13,1
ptWxOUi5,Fery A.,Clarke J.,2,2,ou,16.50,under,ft,5.55,1
ptWxOUi5,Fery A.,Clarke J.,2,2,ou,18.50,over,ft,1.42,1
ptWxOUi5,Fery A.,Clarke J.,2,2,ou,18.50,under,ft,2.78,1
ptWxOUi5,Fery A.,Clarke J.,2,2,ou,19.00,over,ft,1.59,1
ptWxOUi5,Fery A.,Clarke J.,2,2,ou,19.00,under,ft,2.34,1
ptWxOUi5,Fery A.,Clarke J.,2,2,ou,19.50,over,ft,1.584,5
ptWxOUi5,Fery A.,Clarke J.,2,2,ou,19.50,under,ft,2.254,5
ptWxOUi5,Fery A.,Clarke J.,2,2,ou,20.00,over,ft,1.685,4
ptWxOUi5,Fery A.,Clarke J.,2,2,ou,20.00,under,ft,2.107,4
ptWxOUi5,Fery A.,Clarke J.,2,2,ou,20.50,over,ft,1.808,6
ptWxOUi5,Fery A.,Clarke J.,2,2,ou,20.50,under,ft,1.922,6
ptWxOUi5,Fery A.,Clarke J.,2,2,ou,21.00,over,ft,1.916,5
ptWxOUi5,Fery A.,Clarke J.,2,2,ou,21.00,under,ft,1.826,5
ptWxOUi5,Fery A.,Clarke J.,2,2,ou,21.50,over,ft,1.994,7
ptWxOUi5,Fery A.,Clarke J.,2,2,ou,21.50,under,ft,1.777,7
ptWxOUi5,Fery A.,Clarke J.,2,2,ou,22.00,over,ft,2.2,4
ptWxOUi5,Fery A.,Clarke J.,2,2,ou,22.00,under,ft,1.625,4
ptWxOUi5,Fery A.,Clarke J.,2,2,ou,22.50,over,ft,2.225,6
ptWxOUi5,Fery A.,Clarke J.,2,2,ou,22.50,under,ft,1.613,6
ptWxOUi5,Fery A.,Clarke J.,2,2,ou,23.00,over,ft,2.18,2
ptWxOUi5,Fery A.,Clarke J.,2,2,ou,23.00,under,ft,1.59,2
ptWxOUi5,Fery A.,Clarke J.,2,2,ou,23.50,over,ft,2.3,2
ptWxOUi5,Fery A.,Clarke J.,2,2,ou,23.50,under,ft,1.52,2
ptWxOUi5,Fery A.,Clarke J.,2,2,ou,24.50,over,ft,2.82,2
ptWxOUi5,Fery A.,Clarke J.,2,2,ou,24.50,under,ft,1.385,2
ptWxOUi5,Fery A.,Clarke J.,2,2,hc,1.50,home,ft,1.08,4
ptWxOUi5,Fery A.,Clarke J.,2,2,hc,1.50,away,ft,7.352,4
ptWxOUi5,Fery A.,Clarke J.,2,2,hc,-1.50,home,ft,1.615,6
ptWxOUi5,Fery A.,Clarke J.,2,2,hc,-1.50,away,ft,2.207,6
ptWxOUi5,Fery A.,Clarke J.,2,2,hc,-0.50,home,ft,1.44,2
ptWxOUi5,Fery A.,Clarke J.,2,2,hc,-0.50,away,ft,2.55,2
ptWxOUi5,Fery A.,Clarke J.,2,2,hc,-1.00,home,ft,1.47,2
ptWxOUi5,Fery A.,Clarke J.,2,2,hc,-1.00,away,ft,2.46,2
ptWxOUi5,Fery A.,Clarke J.,2,2,hc,-1.50,home,ft,1.297,3
ptWxOUi5,Fery A.,Clarke J.,2,2,hc,-1.50,away,ft,3.293,3
ptWxOUi5,Fery A.,Clarke J.,2,2,hc,-2.00,home,ft,1.36,2
ptWxOUi5,Fery A.,Clarke J.,2,2,hc,-2.00,away,ft,2.84,2
ptWxOUi5,Fery A.,Clarke J.,2,2,hc,-2.50,home,ft,1.33,2
ptWxOUi5,Fery A.,Clarke J.,2,2,hc,-2.50,away,ft,2.98,2
ptWxOUi5,Fery A.,Clarke J.,2,2,hc,-3.00,home,ft,1.435,4
ptWxOUi5,Fery A.,Clarke J.,2,2,hc,-3.00,away,ft,2.692,4
ptWxOUi5,Fery A.,Clarke J.,2,2,hc,-3.50,home,ft,1.526,5
ptWxOUi5,Fery A.,Clarke J.,2,2,hc,-3.50,away,ft,2.406,5
ptWxOUi5,Fery A.,Clarke J.,2,2,hc,-4.00,home,ft,1.62,4
ptWxOUi5,Fery A.,Clarke J.,2,2,hc,-4.00,away,ft,2.217,4
ptWxOUi5,Fery A.,Clarke J.,2,2,hc,-4.50,home,ft,1.896,5
ptWxOUi5,Fery A.,Clarke J.,2,2,hc,-4.50,away,ft,1.888,5
ptWxOUi5,Fery A.,Clarke J.,2,2,hc,-5.00,home,ft,2.16,4
ptWxOUi5,Fery A.,Clarke J.,2,2,hc,-5.00,away,ft,1.65,4
ptWxOUi5,Fery A.,Clarke J.,2,2,hc,-5.50,home,ft,2.468,4
ptWxOUi5,Fery A.,Clarke J.,2,2,hc,-5.50,away,ft,1.502,4
ptWxOUi5,Fery A.,Clarke J.,2,2,hc,-6.00,home,ft,3.24,2
ptWxOUi5,Fery A.,Clarke J.,2,2,hc,-6.00,away,ft,1.29,2
ptWxOUi5,Fery A.,Clarke J.,2,2,hc,-6.50,home,ft,3.64,2
ptWxOUi5,Fery A.,Clarke J.,2,2,hc,-6.50,away,ft,1.23,2
ptWxOUi5,Fery A.,Clarke J.,2,2,hc,-7.50,home,ft,5.53,1
ptWxOUi5,Fery A.,Clarke J.,2,2,hc,-7.50,away,ft,1.13,1
E519Ivun,Zahraj P.,Zeppieri G.,0,0,ou,2.50,over,ft,2.723,3
E519Ivun,Zahraj P.,Zeppieri G.,0,0,ou,2.50,under,ft,1.457,3
E519Ivun,Zahraj P.,Zeppieri G.,0,0,ou,18.50,over,ft,1.29,1
E519Ivun,Zahraj P.,Zeppieri G.,0,0,ou,18.50,under,ft,3.44,1
E519Ivun,Zahraj P.,Zeppieri G.,0,0,ou,20.50,over,ft,1.638,5
E519Ivun,Zahraj P.,Zeppieri G.,0,0,ou,20.50,under,ft,2.176,5
E519Ivun,Zahraj P.,Zeppieri G.,0,0,ou,21.00,over,ft,1.718,5
E519Ivun,Zahraj P.,Zeppieri G.,0,0,ou,21.00,under,ft,2.074,5
E519Ivun,Zahraj P.,Zeppieri G.,0,0,ou,21.50,over,ft,1.819,7
E519Ivun,Zahraj P.,Zeppieri G.,0,0,ou,21.50,under,ft,1.936,7
E519Ivun,Zahraj P.,Zeppieri G.,0,0,ou,22.00,over,ft,1.984,5
E519Ivun,Zahraj P.,Zeppieri G.,0,0,ou,22.00,under,ft,1.796,5
E519Ivun,Zahraj P.,Zeppieri G.,0,0,ou,22.50,over,ft,2.088,6
E519Ivun,Zahraj P.,Zeppieri G.,0,0,ou,22.50,under,ft,1.712,6
E519Ivun,Zahraj P.,Zeppieri G.,0,0,ou,23.00,over,ft,2.223,4
E519Ivun,Zahraj P.,Zeppieri G.,0,0,ou,23.00,under,ft,1.62,4
E519Ivun,Zahraj P.,Zeppieri G.,0,0,ou,23.50,over,ft,2.21,2
E519Ivun,Zahraj P.,Zeppieri G.,0,0,ou,23.50,under,ft,1.56,2
E519Ivun,Zahraj P.,Zeppieri G.,0,0,ou,24.50,over,ft,2.5,1
E519Ivun,Zahraj P.,Zeppieri G.,0,0,ou,24.50,under,ft,1.5,1
E519Ivun,Zahraj P.,Zeppieri G.,0,0,ou,26.50,over,ft,3.08,1
E519Ivun,Zahraj P.,Zeppieri G.,0,0,ou,26.50,under,ft,1.35,1
E519Ivun,Zahraj P.,Zeppieri G.,0,0,hc,1.50,home,ft,2.017,6
E519Ivun,Zahraj P.,Zeppieri G.,0,0,hc,1.50,away,ft,1.737,6
E519Ivun,Zahraj P.,Zeppieri G.,0,0,hc,-1.50,home,ft,7.055,4
E519Ivun,Zahraj P.,Zeppieri G.,0,0,hc,-1.50,away,ft,1.085,4
E519Ivun,Zahraj P.,Zeppieri G.,0,0,hc,1.50,home,ft,3.11,3
E519Ivun,Zahraj P.,Zeppieri G.,0,0,hc,1.50,away,ft,1.323,3
E519Ivun,Zahraj P.,Zeppieri G.,0,0,hc,-1.50,home,ft,5.14,1
E519Ivun,Zahraj P.,Zeppieri G.,0,0,hc,-1.50,away,ft,1.15,1
E519Ivun,Zahraj P.,Zeppieri G.,0,0,hc,2.00,home,ft,2.76,2
E519Ivun,Zahraj P.,Zeppieri G.,0,0,hc,2.00,away,ft,1.38,2
E519Ivun,Zahraj P.,Zeppieri G.,0,0,hc,2.50,home,ft,3.03,2
E519Ivun,Zahraj P.,Zeppieri G.,0,0,hc,2.50,away,ft,1.35,2
E519Ivun,Zahraj P.,Zeppieri G.,0,0,hc,3.00,home,ft,2.723,4
E519Ivun,Zahraj P.,Zeppieri G.,0,0,hc,3.00,away,ft,1.45,4
E519Ivun,Zahraj P.,Zeppieri G.,0,0,hc,3.50,home,ft,2.256,5
E519Ivun,Zahraj P.,Zeppieri G.,0,0,hc,3.50,away,ft,1.606,5
E519Ivun,Zahraj P.,Zeppieri G.,0,0,hc,4.00,home,ft,2.045,4
E519Ivun,Zahraj P.,Zeppieri G.,0,0,hc,4.00,away,ft,1.792,4
E519Ivun,Zahraj P.,Zeppieri G.,0,0,hc,4.50,home,ft,1.74,5
E519Ivun,Zahraj P.,Zeppieri G.,0,0,hc,4.50,away,ft,2.032,5
E519Ivun,Zahraj P.,Zeppieri G.,0,0,hc,5.00,home,ft,1.525,4
E519Ivun,Zahraj P.,Zeppieri G.,0,0,hc,5.00,away,ft,2.482,4
E519Ivun,Zahraj P.,Zeppieri G.,0,0,hc,5.50,home,ft,1.392,4
E519Ivun,Zahraj P.,Zeppieri G.,0,0,hc,5.50,away,ft,2.883,4
E519Ivun,Zahraj P.,Zeppieri G.,0,0,hc,6.00,home,ft,1.22,2
E519Ivun,Zahraj P.,Zeppieri G.,0,0,hc,6.00,away,ft,4.05,2
E519Ivun,Zahraj P.,Zeppieri G.,0,0,hc,6.50,home,ft,1.18,2
E519Ivun,Zahraj P.,Zeppieri G.,0,0,hc,6.50,away,ft,4.58,2
S01qeK04,Misolic F.,Durasovic V.,2,2,ou,2.50,over,ft,2.317,3
S01qeK04,Misolic F.,Durasovic V.,2,2,ou,2.50,under,ft,1.597,3
S01qeK04,Misolic F.,Durasovic V.,2,2,ou,18.50,over,ft,1.215,2
S01qeK04,Misolic F.,Durasovic V.,2,2,ou,18.50,under,ft,4.13,2
S01qeK04,Misolic F.,Durasovic V.,2,2,ou,20.50,over,ft,1.51,2
S01qeK04,Misolic F.,Durasovic V.,2,2,ou,20.50,under,ft,2.5,2
S01qeK04,Misolic F.,Durasovic V.,2,2,ou,21.50,over,ft,1.672,5
S01qeK04,Misolic F.,Durasovic V.,2,2,ou,21.50,under,ft,2.152,5
S01qeK04,Misolic F.,Durasovic V.,2,2,ou,22.00,over,ft,1.766,5
S01qeK04,Misolic F.,Durasovic V.,2,2,ou,22.00,under,ft,2.014,5
S01qeK04,Misolic F.,Durasovic V.,2,2,ou,22.50,over,ft,1.879,7
S01qeK04,Misolic F.,Durasovic V.,2,2,ou,22.50,under,ft,1.871,7
S01qeK04,Misolic F.,Durasovic V.,2,2,ou,23.00,over,ft,2.03,5
S01qeK04,Misolic F.,Durasovic V.,2,2,ou,23.00,under,ft,1.752,5
S01qeK04,Misolic F.,Durasovic V.,2,2,ou,23.50,over,ft,2.158,5
S01qeK04,Misolic F.,Durasovic V.,2,2,ou,23.50,under,ft,1.662,5
S01qeK04,Misolic F.,Durasovic V.,2,2,ou,24.00,over,ft,2.105,2
S01qeK04,Misolic F.,Durasovic V.,2,2,ou,24.00,under,ft,1.72,2
S01qeK04,Misolic F.,Durasovic V.,2,2,ou,24.50,over,ft,2.205,2
S01qeK04,Misolic F.,Durasovic V.,2,2,ou,24.50,under,ft,1.64,2
S01qeK04,Misolic F.,Durasovic V.,2,2,ou,26.50,over,ft,2.67,2
S01qeK04,Misolic F.,Durasovic V.,2,2,ou,26.50,under,ft,1.45,2
S01qeK04,Misolic F.,Durasovic V.,2,2,hc,1.50,home,ft,1.218,4
S01qeK04,Misolic F.,Durasovic V.,2,2,hc,1.50,away,ft,4.103,4
S01qeK04,Misolic F.,Durasovic V.,2,2,hc,-1.50,home,ft,2.365,6
S01qeK04,Misolic F.,Durasovic V.,2,2,hc,-1.50,away,ft,1.542,6
S01qeK04,Misolic F.,Durasovic V.,2,2,hc,12.00,home,ft,1.38,1
S01qeK04,Misolic F.,Durasovic V.,2,2,hc,12.00,away,ft,1.86,1
S01qeK04,Misolic F.,Durasovic V.,2,2,hc,12.50,home,ft,1.82,1
S01qeK04,Misolic F.,Durasovic V.,2,2,hc,12.50,away,ft,2.15,1
S01qeK04,Misolic F.,Durasovic V.,2,2,hc,-0.50,home,ft,1.53,2
S01qeK04,Misolic F.,Durasovic V.,2,2,hc,-0.50,away,ft,2.31,2
S01qeK04,Misolic F.,Durasovic V.,2,2,hc,-1.00,home,ft,1.57,2
S01qeK04,Misolic F.,Durasovic V.,2,2,hc,-1.00,away,ft,2.22,2
S01qeK04,Misolic F.,Durasovic V.,2,2,hc,1.50,home,ft,1.43,2
S01qeK04,Misolic F.,Durasovic V.,2,2,hc,1.50,away,ft,2.735,2
S01qeK04,Misolic F.,Durasovic V.,2,2,hc,-1.50,home,ft,1.637,4
S01qeK04,Misolic F.,Durasovic V.,2,2,hc,-1.50,away,ft,2.232,4
S01qeK04,Misolic F.,Durasovic V.,2,2,hc,-2.00,home,ft,1.718,4
S01qeK04,Misolic F.,Durasovic V.,2,2,hc,-2.00,away,ft,2.118,4
S01qeK04,Misolic F.,Durasovic V.,2,2,hc,-2.50,home,ft,1.826,5
S01qeK04,Misolic F.,Durasovic V.,2,2,hc,-2.50,away,ft,1.932,5
S01qeK04,Misolic F.,Durasovic V.,2,2,hc,-3.00,home,ft,1.988,4
S01qeK04,Misolic F.,Durasovic V.,2,2,hc,-3.00,away,ft,1.835,4
S01qeK04,Misolic F.,Durasovic V.,2,2,hc,3.50,home,ft,1.23,2
S01qeK04,Misolic F.,Durasovic V.,2,2,hc,3.50,away,ft,3.955,2
S01qeK04,Misolic F.,Durasovic V.,2,2,hc,-3.50,home,ft,2.094,5
S01qeK04,Misolic F.,Durasovic V.,2,2,hc,-3.50,away,ft,1.696,5
S01qeK04,Misolic F.,Durasovic V.,2,2,hc,-4.00,home,ft,2.382,4
S01qeK04,Misolic F.,Durasovic V.,2,2,hc,-4.00,away,ft,1.57,4
S01qeK04,Misolic F.,Durasovic V.,2,2,hc,-4.50,home,ft,2.59,2
S01qeK04,Misolic F.,Durasovic V.,2,2,hc,-4.50,away,ft,1.46,2
S01qeK04,Misolic F.,Durasovic V.,2,2,hc,-5.00,home,ft,3.34,2
S01qeK04,Misolic F.,Durasovic V.,2,2,hc,-5.00,away,ft,1.27,2
S01qeK04,Misolic F.,Durasovic V.,2,2,hc,-5.50,home,ft,3.993,4
S01qeK04,Misolic F.,Durasovic V.,2,2,hc,-5.50,away,ft,1.215,4
