match_id,home,away,home_score,away_score,market,line,side,period,avg_odds,n_bookies
vNwJ3uKs,Lajovic D.,Rublev A.,2,2,ou,2.50,over,ft,2.77,1
vNwJ3uKs,Lajovic D.,Rublev A.,2,2,ou,2.50,under,ft,1.49,1
vNwJ3uKs,Lajovic D.,Rublev A.,2,2,ou,18.50,over,ft,1.383,3
vNwJ3uKs,Lajovic D.,Rublev A.,2,2,ou,18.50,under,ft,2.803,3
vNwJ3uKs,Lajovic D.,Rublev A.,2,2,ou,19.00,over,ft,1.42,2
vNwJ3uKs,Lajovic D.,Rublev A.,2,2,ou,19.00,under,ft,2.65,2
vNwJ3uKs,Lajovic D.,Rublev A.,2,2,ou,19.50,over,ft,1.577,3
vNwJ3uKs,Lajovic D.,Rublev A.,2,2,ou,19.50,under,ft,2.313,3
vNwJ3uKs,Lajovic D.,Rublev A.,2,2,ou,20.00,over,ft,1.657,3
vNwJ3uKs,Lajovic D.,Rublev A.,2,2,ou,20.00,under,ft,2.21,3
vNwJ3uKs,Lajovic D.,Rublev A.,2,2,ou,20.50,over,ft,1.808,4
vNwJ3uKs,Lajovic D.,Rublev A.,2,2,ou,20.50,under,ft,2.015,4
vNwJ3uKs,Lajovic D.,Rublev A.,2,2,ou,21.00,over,ft,1.89,3
vNwJ3uKs,Lajovic D.,Rublev A.,2,2,ou,21.00,under,ft,1.923,3
vNwJ3uKs,Lajovic D.,Rublev A.,2,2,ou,21.50,over,ft,2.013,4
vNwJ3uKs,Lajovic D.,Rublev A.,2,2,ou,21.50,under,ft,1.833,4
vNwJ3uKs,Lajovic D.,Rublev A.,2,2,ou,22.00,over,ft,2.163,3
vNwJ3uKs,Lajovic D.,Rublev A.,2,2,ou,22.00,under,ft,1.703,3
vNwJ3uKs,Lajovic D.,Rublev A.,2,2,ou,22.50,over,ft,2.308,4
vNwJ3uKs,Lajovic D.,Rublev A.,2,2,ou,22.50,under,ft,1.615,4
vNwJ3uKs,Lajovic D.,Rublev A.,2,2,ou,23.00,over,ft,2.4,2
vNwJ3uKs,Lajovic D.,Rublev A.,2,2,ou,23.00,under,ft,1.53,2
vNwJ3uKs,Lajovic D.,Rublev A.,2,2,ou,23.50,over,ft,2.57,3
vNwJ3uKs,Lajovic D.,Rublev A.,2,2,ou,23.50,under,ft,1.467,3
vNwJ3uKs,Lajovic D.,Rublev A.,2,2,ou,24.00,over,ft,2.57,2
vNwJ3uKs,Lajovic D.,Rublev A.,2,2,ou,24.00,under,ft,1.45,2
vNwJ3uKs,Lajovic D.,Rublev A.,2,2,ou,24.50,over,ft,2.677,3
vNwJ3uKs,Lajovic D.,Rublev A.,2,2,ou,24.50,under,ft,1.417,3
vNwJ3uKs,Lajovic D.,Rublev A.,2,2,hc,1.00,home,ft,3.0,2
vNwJ3uKs,Lajovic D.,Rublev A.,2,2,hc,1.00,away,ft,1.32,2
vNwJ3uKs,Lajovic D.,Rublev A.,2,2,hc,1.50,home,ft,2.06,4
vNwJ3uKs,Lajovic D.,Rublev A.,2,2,hc,1.50,away,ft,1.722,4
vNwJ3uKs,Lajovic D.,Rublev A.,2,2,hc,-1.50,home,ft,7.732,4
vNwJ3uKs,Lajovic D.,Rublev A.,2,2,hc,-1.50,away,ft,1.073,4
vNwJ3uKs,Lajovic D.,Rublev A.,2,2,hc,1.50,home,ft,3.2,2
vNwJ3uKs,Lajovic D.,Rublev A.,2,2,hc,1.50,away,ft,1.29,2
vNwJ3uKs,Lajovic D.,Rublev A.,2,2,hc,2.00,home,ft,3.08,2
vNwJ3uKs,Lajovic D.,Rublev A.,2,2,hc,2.00,away,ft,1.32,2
vNwJ3uKs,Lajovic D.,Rublev A.,2,2,hc,2.50,home,ft,2.8,3
vNwJ3uKs,Lajovic D.,Rublev A.,2,2,hc,2.50,away,ft,1.397,3
vNwJ3uKs,Lajovic D.,Rublev A.,2,2,hc,3.00,home,ft,2.593,3
vNwJ3uKs,Lajovic D.,Rublev A.,2,2,hc,3.00,away,ft,1.487,3
vNwJ3uKs,Lajovic D.,Rublev A.,2,2,hc,3.50,home,ft,2.353,4
vNwJ3uKs,Lajovic D.,Rublev A.,2,2,hc,3.50,away,ft,1.588,4
vNwJ3uKs,Lajovic D.,Rublev A.,2,2,hc,4.00,home,ft,2.117,3
vNwJ3uKs,Lajovic D.,Rublev A.,2,2,hc,4.00,away,ft,1.73,3
vNwJ3uKs,Lajovic D.,Rublev A.,2,2,hc,4.50,home,ft,1.845,4
vNwJ3uKs,Lajovic D.,Rublev A.,2,2,hc,4.50,away,ft,2.0,4
vNwJ3uKs,Lajovic D.,Rublev A.,2,2,hc,5.00,home,ft,1.653,3
vNwJ3uKs,Lajovic D.,Rublev A.,2,2,hc,5.00,away,ft,2.25,3
vNwJ3uKs,Lajovic D.,Rublev A.,2,2,hc,5.50,home,ft,1.518,4
vNwJ3uKs,Lajovic D.,Rublev A.,2,2,hc,5.50,away,ft,2.53,4
vNwJ3uKs,Lajovic D.,Rublev A.,2,2,hc,6.00,home,ft,1.31,2
vNwJ3uKs,Lajovic D.,Rublev A.,2,2,hc,6.00,away,ft,3.24,2
vNwJ3uKs,Lajovic D.,Rublev A.,2,2,hc,6.50,home,ft,1.25,2
vNwJ3uKs,Lajovic D.,Rublev A.,2,2,hc,6.50,away,ft,3.62,2
vNwJ3uKs,Lajovic D.,Rublev A.,2,2,hc,7.00,home,ft,1.11,2
vNwJ3uKs,Lajovic D.,Rublev A.,2,2,hc,7.00,away,ft,5.45,2
vNwJ3uKs,Lajovic D.,Rublev A.,2,2,hc,7.50,home,ft,1.09,2
vNwJ3uKs,Lajovic D.,Rublev A.,2,2,hc,7.50,away,ft,5.85,2
27BHIuXg,Lajovic D.,Kecmanovic M.,2,2,ou,2.50,over,ft,2.38,1
27BHIuXg,Lajovic D.,Kecmanovic M.,2,2,ou,2.50,under,ft,1.63,1
27BHIuXg,Lajovic D.,Kecmanovic M.,2,2,ou,19.50,over,ft,1.34,3
27BHIuXg,Lajovic D.,Kecmanovic M.,2,2,ou,19.50,under,ft,3.083,3
27BHIuXg,Lajovic D.,Kecmanovic M.,2,2,ou,20.00,over,ft,1.34,2
27BHIuXg,Lajovic D.,Kecmanovic M.,2,2,ou,20.00,under,ft,2.98,2
27BHIuXg,Lajovic D.,Kecmanovic M.,2,2,ou,20.50,over,ft,1.5,3
27BHIuXg,Lajovic D.,Kecmanovic M.,2,2,ou,20.50,under,ft,2.54,3
27BHIuXg,Lajovic D.,Kecmanovic M.,2,2,ou,21.00,over,ft,1.567,3
27BHIuXg,Lajovic D.,Kecmanovic M.,2,2,ou,21.00,under,ft,2.403,3
27BHIuXg,Lajovic D.,Kecmanovic M.,2,2,ou,21.50,over,ft,1.685,4
27BHIuXg,Lajovic D.,Kecmanovic M.,2,2,ou,21.50,under,ft,2.205,4
27BHIuXg,Lajovic D.,Kecmanovic M.,2,2,ou,22.00,over,ft,1.773,3
27BHIuXg,Lajovic D.,Kecmanovic M.,2,2,ou,22.00,under,ft,2.067,3
27BHIuXg,Lajovic D.,Kecmanovic M.,2,2,ou,22.50,over,ft,1.95,4
27BHIuXg,Lajovic D.,Kecmanovic M.,2,2,ou,22.50,under,ft,1.89,4
27BHIuXg,Lajovic D.,Kecmanovic M.,2,2,ou,23.00,over,ft,2.03,3
27BHIuXg,Lajovic D.,Kecmanovic M.,2,2,ou,23.00,under,ft,1.8,3
27BHIuXg,Lajovic D.,Kecmanovic M.,2,2,ou,23.50,over,ft,2.147,3
27BHIuXg,Lajovic D.,Kecmanovic M.,2,2,ou,23.50,under,ft,1.703,3
27BHIuXg,Lajovic D.,Kecmanovic M.,2,2,ou,24.00,over,ft,2.11,2
27BHIuXg,Lajovic D.,Kecmanovic M.,2,2,ou,24.00,under,ft,1.68,2
27BHIuXg,Lajovic D.,Kecmanovic M.,2,2,ou,24.50,over,ft,2.203,3
27BHIuXg,Lajovic D.,Kecmanovic M.,2,2,ou,24.50,under,ft,1.647,3
27BHIuXg,Lajovic D.,Kecmanovic M.,2,2,ou,25.00,over,ft,2.23,2
27BHIuXg,Lajovic D.,Kecmanovic M.,2,2,ou,25.00,under,ft,1.58,2
27BHIuXg,Lajovic D.,Kecmanovic M.,2,2,ou,25.50,over,ft,2.4,3
27BHIuXg,Lajovic D.,Kecmanovic M.,2,2,ou,25.50,under,ft,1.53,3
27BHIuXg,Lajovic D.,Kecmanovic M.,2,2,ou,26.50,over,ft,2.87,1
27BHIuXg,Lajovic D.,Kecmanovic M.,2,2,ou,26.50,under,ft,1.44,1
27BHIuXg,Lajovic D.,Kecmanovic M.,2,2,ou,27.50,over,ft,3.21,1
27BHIuXg,Lajovic D.,Kecmanovic M.,2,2,ou,27.50,under,ft,1.36,1
27BHIuXg,Lajovic D.,Kecmanovic M.,2,2,ou,28.50,over,ft,3.41,1
27BHIuXg,Lajovic D.,Kecmanovic M.,2,2,ou,28.50,under,ft,1.32,1
27BHIuXg,Lajovic D.,Kecmanovic M.,2,2,hc,1.00,home,ft,1.67,2
27BHIuXg,Lajovic D.,Kecmanovic M.,2,2,hc,1.00,away,ft,2.02,2
27BHIuXg,Lajovic D.,Kecmanovic M.,2,2,hc,1.50,home,ft,1.455,4
27BHIuXg,Lajovic D.,Kecmanovic M.,2,2,hc,1.50,away,ft,2.635,4
27BHIuXg,Lajovic D.,Kecmanovic M.,2,2,hc,-1.50,home,ft,3.72,4
27BHIuXg,Lajovic D.,Kecmanovic M.,2,2,hc,-1.50,away,ft,1.25,4
27BHIuXg,Lajovic D.,Kecmanovic M.,2,2,hc,0,home,ft,2.15,2
27BHIuXg,Lajovic D.,Kecmanovic M.,2,2,hc,0,away,ft,1.59,2
27BHIuXg,Lajovic D.,Kecmanovic M.,2,2,hc,0.50,home,ft,2.077,4
27BHIuXg,Lajovic D.,Kecmanovic M.,2,2,hc,0.50,away,ft,1.725,4
27BHIuXg,Lajovic D.,Kecmanovic M.,2,2,hc,-0.50,home,ft,2.227,3
27BHIuXg,Lajovic D.,Kecmanovic M.,2,2,hc,-0.50,away,ft,1.607,3
27BHIuXg,Lajovic D.,Kecmanovic M.,2,2,hc,1.00,home,ft,1.98,3
27BHIuXg,Lajovic D.,Kecmanovic M.,2,2,hc,1.00,away,ft,1.767,3
27BHIuXg,Lajovic D.,Kecmanovic M.,2,2,hc,-1.00,home,ft,2.33,2
27BHIuXg,Lajovic D.,Kecmanovic M.,2,2,hc,-1.00,away,ft,1.51,2
27BHIuXg,Lajovic D.,Kecmanovic M.,2,2,hc,1.50,home,ft,1.92,4
27BHIuXg,Lajovic D.,Kecmanovic M.,2,2,hc,1.50,away,ft,1.847,4
27BHIuXg,Lajovic D.,Kecmanovic M.,2,2,hc,-1.50,home,ft,2.433,3
27BHIuXg,Lajovic D.,Kecmanovic M.,2,2,hc,-1.50,away,ft,1.513,3
27BHIuXg,Lajovic D.,Kecmanovic M.,2,2,hc,2.00,home,ft,1.807,3
27BHIuXg,Lajovic D.,Kecmanovic M.,2,2,hc,2.00,away,ft,1.927,3
27BHIuXg,Lajovic D.,Kecmanovic M.,2,2,hc,-2.00,home,ft,2.59,2
27BHIuXg,Lajovic D.,Kecmanovic M.,2,2,hc,-2.00,away,ft,1.42,2
27BHIuXg,Lajovic D.,Kecmanovic M.,2,2,hc,2.50,home,ft,1.75,4
27BHIuXg,Lajovic D.,Kecmanovic M.,2,2,hc,2.50,away,ft,2.045,4
27BHIuXg,Lajovic D.,Kecmanovic M.,2,2,hc,-2.50,home,ft,2.78,1
27BHIuXg,Lajovic D.,Kecmanovic M.,2,2,hc,-2.50,away,ft,1.47,1
27BHIuXg,Lajovic D.,Kecmanovic M.,2,2,hc,3.00,home,ft,1.607,3
27BHIuXg,Lajovic D.,Kecmanovic M.,2,2,hc,3.00,away,ft,2.23,3
27BHIuXg,Lajovic D.,Kecmanovic M.,2,2,hc,3.50,home,ft,1.513,3
27BHIuXg,Lajovic D.,Kecmanovic M.,2,2,hc,3.50,away,ft,2.423,3
27BHIuXg,Lajovic D.,Kecmanovic M.,2,2,hc,-3.50,home,ft,3.34,1
27BHIuXg,Lajovic D.,Kecmanovic M.,2,2,hc,-3.50,away,ft,1.33,1
27BHIuXg,Lajovic D.,Kecmanovic M.,2,2,hc,4.00,home,ft,1.34,2
27BHIuXg,Lajovic D.,Kecmanovic M.,2,2,hc,4.00,away,ft,2.9,2
27BHIuXg,Lajovic D.,Kecmanovic M.,2,2,hc,4.50,home,ft,1.31,3
27BHIuXg,Lajovic D.,Kecmanovic M.,2,2,hc,4.50,away,ft,3.187,3
j1HnsiCI,Molcan A.,Rublev A.,0,0,ou,2.50,over,ft,3.06,1
j1HnsiCI,Molcan A.,Rublev A.,0,0,ou,2.50,under,ft,1.42,1
j1HnsiCI,Molcan A.,Rublev A.,0,0,ou,17.50,over,ft,1.28,3
j1HnsiCI,Molcan A.,Rublev A.,0,0,ou,17.50,under,ft,3.393,3
j1HnsiCI,Molcan A.,Rublev A.,0,0,ou,18.00,over,ft,1.32,2
j1HnsiCI,Molcan A.,Rublev A.,0,0,ou,18.00,under,ft,3.08,2
j1HnsiCI,Molcan A.,Rublev A.,0,0,ou,18.50,over,ft,1.443,3
j1HnsiCI,Molcan A.,Rublev A.,0,0,ou,18.50,under,ft,2.707,3
j1HnsiCI,Molcan A.,Rublev A.,0,0,ou,19.00,over,ft,1.567,3
j1HnsiCI,Molcan A.,Rublev A.,0,0,ou,19.00,under,ft,2.393,3
j1HnsiCI,Molcan A.,Rublev A.,0,0,ou,19.50,over,ft,1.715,4
j1HnsiCI,Molcan A.,Rublev A.,0,0,ou,19.50,under,ft,2.15,4
j1HnsiCI,Molcan A.,Rublev A.,0,0,ou,20.00,over,ft,1.83,3
j1HnsiCI,Molcan A.,Rublev A.,0,0,ou,20.00,under,ft,1.99,3
j1HnsiCI,Molcan A.,Rublev A.,0,0,ou,20.50,over,ft,1.96,4
j1HnsiCI,Molcan A.,Rublev A.,0,0,ou,20.50,under,ft,1.887,4
j1HnsiCI,Molcan A.,Rublev A.,0,0,ou,21.00,over,ft,2.103,3
j1HnsiCI,Molcan A.,Rublev A.,0,0,ou,21.00,under,ft,1.743,3
j1HnsiCI,Molcan A.,Rublev A.,0,0,ou,21.50,over,ft,2.167,4
j1HnsiCI,Molcan A.,Rublev A.,0,0,ou,21.50,under,ft,1.708,4
j1HnsiCI,Molcan A.,Rublev A.,0,0,ou,22.00,over,ft,2.39,2
j1HnsiCI,Molcan A.,Rublev A.,0,0,ou,22.00,under,ft,1.53,2
j1HnsiCI,Molcan A.,Rublev A.,0,0,ou,22.50,over,ft,2.477,3
j1HnsiCI,Molcan A.,Rublev A.,0,0,ou,22.50,under,ft,1.523,3
j1HnsiCI,Molcan A.,Rublev A.,0,0,ou,23.00,over,ft,2.72,2
j1HnsiCI,Molcan A.,Rublev A.,0,0,ou,23.00,under,ft,1.4,2
j1HnsiCI,Molcan A.,Rublev A.,0,0,ou,23.50,over,ft,2.737,3
j1HnsiCI,Molcan A.,Rublev A.,0,0,ou,23.50,under,ft,1.42,3
j1HnsiCI,Molcan A.,Rublev A.,0,0,ou,24.50,over,ft,2.74,1
j1HnsiCI,Molcan A.,Rublev A.,0,0,ou,24.50,under,ft,1.48,1
j1HnsiCI,Molcan A.,Rublev A.,0,0,ou,25.50,over,ft,2.99,1
j1HnsiCI,Molcan A.,Rublev A.,0,0,ou,25.50,under,ft,1.41,1
j1HnsiCI,Molcan A.,Rublev A.,0,0,ou,26.50,over,ft,3.31,1
j1HnsiCI,Molcan A.,Rublev A.,0,0,ou,26.50,under,ft,1.34,1
j1HnsiCI,Molcan A.,Rublev A.,0,0,hc,1.00,home,ft,3.48,2
j1HnsiCI,Molcan A.,Rublev A.,0,0,hc,1.00,away,ft,1.24,2
j1HnsiCI,Molcan A.,Rublev A.,0,0,hc,1.50,home,ft,2.255,4
j1HnsiCI,Molcan A.,Rublev A.,0,0,hc,1.50,away,ft,1.603,4
j1HnsiCI,Molcan A.,Rublev A.,0,0,hc,-1.50,home,ft,8.908,4
j1HnsiCI,Molcan A.,Rublev A.,0,0,hc,-1.50,away,ft,1.048,4
j1HnsiCI,Molcan A.,Rublev A.,0,0,hc,1.50,home,ft,3.653,3
j1HnsiCI,Molcan A.,Rublev A.,0,0,hc,1.50,away,ft,1.227,3
j1HnsiCI,Molcan A.,Rublev A.,0,0,hc,2.00,home,ft,3.54,2
j1HnsiCI,Molcan A.,Rublev A.,0,0,hc,2.00,away,ft,1.25,2
j1HnsiCI,Molcan A.,Rublev A.,0,0,hc,2.50,home,ft,3.217,3
j1HnsiCI,Molcan A.,Rublev A.,0,0,hc,2.50,away,ft,1.323,3
j1HnsiCI,Molcan A.,Rublev A.,0,0,hc,3.00,home,ft,2.98,2
j1HnsiCI,Molcan A.,Rublev A.,0,0,hc,3.00,away,ft,1.36,2
j1HnsiCI,Molcan A.,Rublev A.,0,0,hc,3.50,home,ft,2.623,3
j1HnsiCI,Molcan A.,Rublev A.,0,0,hc,3.50,away,ft,1.483,3
j1HnsiCI,Molcan A.,Rublev A.,0,0,hc,4.00,home,ft,2.407,3
j1HnsiCI,Molcan A.,Rublev A.,0,0,hc,4.00,away,ft,1.58,3
j1HnsiCI,Molcan A.,Rublev A.,0,0,hc,4.50,home,ft,2.01,4
j1HnsiCI,Molcan A.,Rublev A.,0,0,hc,4.50,away,ft,1.847,4
j1HnsiCI,Molcan A.,Rublev A.,0,0,hc,5.00,home,ft,1.827,3
j1HnsiCI,Molcan A.,Rublev A.,0,0,hc,5.00,away,ft,1.987,3
j1HnsiCI,Molcan A.,Rublev A.,0,0,hc,5.50,home,ft,1.643,4
j1HnsiCI,Molcan A.,Rublev A.,0,0,hc,5.50,away,ft,2.275,4
j1HnsiCI,Molcan A.,Rublev A.,0,0,hc,6.00,home,ft,1.423,3
j1HnsiCI,Molcan A.,Rublev A.,0,0,hc,6.00,away,ft,2.813,3
j1HnsiCI,Molcan A.,Rublev A.,0,0,hc,6.50,home,ft,1.333,3
j1HnsiCI,Molcan A.,Rublev A.,0,0,hc,6.50,away,ft,3.163,3
j1HnsiCI,Molcan A.,Rublev A.,0,0,hc,7.00,home,ft,1.16,2
j1HnsiCI,Molcan A.,Rublev A.,0,0,hc,7.00,away,ft,4.54,2
j1HnsiCI,Molcan A.,Rublev A.,0,0,hc,7.50,home,ft,1.127,3
j1HnsiCI,Molcan A.,Rublev A.,0,0,hc,7.50,away,ft,5.017,3
j1HnsiCI,Molcan A.,Rublev A.,0,0,hc,8.00,home,ft,1.06,2
j1HnsiCI,Molcan A.,Rublev A.,0,0,hc,8.00,away,ft,7.3,2
j1HnsiCI,Molcan A.,Rublev A.,0,0,hc,8.50,home,ft,1.04,3
j1HnsiCI,Molcan A.,Rublev A.,0,0,hc,8.50,away,ft,7.7,3
K2WZAvH9,Kecmanovic M.,Lehecka J.,2,2,ou,2.50,over,ft,2.66,1
K2WZAvH9,Kecmanovic M.,Lehecka J.,2,2,ou,2.50,under,ft,1.52,1
K2WZAvH9,Kecmanovic M.,Lehecka J.,2,2,ou,18.50,over,ft,1.43,2
K2WZAvH9,Kecmanovic M.,Lehecka J.,2,2,ou,18.50,under,ft,2.65,2
K2WZAvH9,Kecmanovic M.,Lehecka J.,2,2,ou,19.00,over,ft,1.5,2
K2WZAvH9,Kecmanovic M.,Lehecka J.,2,2,ou,19.00,under,ft,2.48,2
K2WZAvH9,Kecmanovic M.,Lehecka J.,2,2,ou,19.50,over,ft,1.46,3
K2WZAvH9,Kecmanovic M.,Lehecka J.,2,2,ou,19.50,under,ft,2.56,3
K2WZAvH9,Kecmanovic M.,Lehecka J.,2,2,ou,20.00,over,ft,1.53,2
K2WZAvH9,Kecmanovic M.,Lehecka J.,2,2,ou,20.00,under,ft,2.4,2
K2WZAvH9,Kecmanovic M.,Lehecka J.,2,2,ou,20.50,over,ft,1.68,4
K2WZAvH9,Kecmanovic M.,Lehecka J.,2,2,ou,20.50,under,ft,2.167,4
K2WZAvH9,Kecmanovic M.,Lehecka J.,2,2,ou,21.00,over,ft,1.777,3
K2WZAvH9,Kecmanovic M.,Lehecka J.,2,2,ou,21.00,under,ft,2.053,3
K2WZAvH9,Kecmanovic M.,Lehecka J.,2,2,ou,21.50,over,ft,1.912,4
K2WZAvH9,Kecmanovic M.,Lehecka J.,2,2,ou,21.50,under,ft,1.917,4
K2WZAvH9,Kecmanovic M.,Lehecka J.,2,2,ou,22.00,over,ft,2.017,3
K2WZAvH9,Kecmanovic M.,Lehecka J.,2,2,ou,22.00,under,ft,1.81,3
K2WZAvH9,Kecmanovic M.,Lehecka J.,2,2,ou,22.50,over,ft,2.138,4
K2WZAvH9,Kecmanovic M.,Lehecka J.,2,2,ou,22.50,under,ft,1.7,4
K2WZAvH9,Kecmanovic M.,Lehecka J.,2,2,ou,23.00,over,ft,2.237,3
K2WZAvH9,Kecmanovic M.,Lehecka J.,2,2,ou,23.00,under,ft,1.64,3
K2WZAvH9,Kecmanovic M.,Lehecka J.,2,2,ou,23.50,over,ft,2.3,3
K2WZAvH9,Kecmanovic M.,Lehecka J.,2,2,ou,23.50,under,ft,1.56,3
K2WZAvH9,Kecmanovic M.,Lehecka J.,2,2,ou,24.50,over,ft,2.46,1
K2WZAvH9,Kecmanovic M.,Lehecka J.,2,2,ou,24.50,under,ft,1.54,1
K2WZAvH9,Kecmanovic M.,Lehecka J.,2,2,ou,25.50,over,ft,2.72,1
K2WZAvH9,Kecmanovic M.,Lehecka J.,2,2,ou,25.50,under,ft,1.44,1
K2WZAvH9,Kecmanovic M.,Lehecka J.,2,2,ou,26.50,over,ft,2.88,1
K2WZAvH9,Kecmanovic M.,Lehecka J.,2,2,ou,26.50,under,ft,1.39,1
K2WZAvH9,Kecmanovic M.,Lehecka J.,2,2,hc,1.00,home,ft,2.12,2
K2WZAvH9,Kecmanovic M.,Lehecka J.,2,2,hc,1.00,away,ft,1.61,2
K2WZAvH9,Kecmanovic M.,Lehecka J.,2,2,hc,1.50,home,ft,1.705,4
K2WZAvH9,Kecmanovic M.,Lehecka J.,2,2,hc,1.50,away,ft,2.093,4
K2WZAvH9,Kecmanovic M.,Lehecka J.,2,2,hc,-1.50,home,ft,5.05,4
K2WZAvH9,Kecmanovic M.,Lehecka J.,2,2,hc,-1.50,away,ft,1.153,4
K2WZAvH9,Kecmanovic M.,Lehecka J.,2,2,hc,0.50,home,ft,2.88,1
K2WZAvH9,Kecmanovic M.,Lehecka J.,2,2,hc,0.50,away,ft,1.4,1
K2WZAvH9,Kecmanovic M.,Lehecka J.,2,2,hc,-0.50,home,ft,3.17,1
K2WZAvH9,Kecmanovic M.,Lehecka J.,2,2,hc,-0.50,away,ft,1.32,1
K2WZAvH9,Kecmanovic M.,Lehecka J.,2,2,hc,1.50,home,ft,2.41,3
K2WZAvH9,Kecmanovic M.,Lehecka J.,2,2,hc,1.50,away,ft,1.51,3
K2WZAvH9,Kecmanovic M.,Lehecka J.,2,2,hc,2.00,home,ft,2.283,3
K2WZAvH9,Kecmanovic M.,Lehecka J.,2,2,hc,2.00,away,ft,1.617,3
K2WZAvH9,Kecmanovic M.,Lehecka J.,2,2,hc,2.50,home,ft,2.23,4
K2WZAvH9,Kecmanovic M.,Lehecka J.,2,2,hc,2.50,away,ft,1.645,4
K2WZAvH9,Kecmanovic M.,Lehecka J.,2,2,hc,3.00,home,ft,2.097,3
K2WZAvH9,Kecmanovic M.,Lehecka J.,2,2,hc,3.00,away,ft,1.75,3
K2WZAvH9,Kecmanovic M.,Lehecka J.,2,2,hc,3.50,home,ft,1.93,4
K2WZAvH9,Kecmanovic M.,Lehecka J.,2,2,hc,3.50,away,ft,1.897,4
K2WZAvH9,Kecmanovic M.,Lehecka J.,2,2,hc,4.00,home,ft,1.737,3
K2WZAvH9,Kecmanovic M.,Lehecka J.,2,2,hc,4.00,away,ft,2.113,3
K2WZAvH9,Kecmanovic M.,Lehecka J.,2,2,hc,4.50,home,ft,1.595,4
K2WZAvH9,Kecmanovic M.,Lehecka J.,2,2,hc,4.50,away,ft,2.328,4
K2WZAvH9,Kecmanovic M.,Lehecka J.,2,2,hc,5.00,home,ft,1.41,2
K2WZAvH9,Kecmanovic M.,Lehecka J.,2,2,hc,5.00,away,ft,2.76,2
K2WZAvH9,Kecmanovic M.,Lehecka J.,2,2,hc,5.50,home,ft,1.33,3
K2WZAvH9,Kecmanovic M.,Lehecka J.,2,2,hc,5.50,away,ft,3.08,3
K2WZAvH9,Kecmanovic M.,Lehecka J.,2,2,hc,6.00,home,ft,1.32,2
K2WZAvH9,Kecmanovic M.,Lehecka J.,2,2,hc,6.00,away,ft,3.2,2
K2WZAvH9,Kecmanovic M.,Lehecka J.,2,2,hc,6.50,home,ft,1.26,2
K2WZAvH9,Kecmanovic M.,Lehecka J.,2,2,hc,6.50,away,ft,3.54,2
KGPsrHqU,Djokovic N.,Lajovic D.,0,0,ou,2.50,over,ft,4.0,1
KGPsrHqU,Djokovic N.,Lajovic D.,0,0,ou,2.50,under,ft,1.28,1
KGPsrHqU,Djokovic N.,Lajovic D.,0,0,ou,16.50,over,ft,1.375,2
KGPsrHqU,Djokovic N.,Lajovic D.,0,0,ou,16.50,under,ft,3.13,2
KGPsrHqU,Djokovic N.,Lajovic D.,0,0,ou,17.00,over,ft,1.33,2
KGPsrHqU,Djokovic N.,Lajovic D.,0,0,ou,17.00,under,ft,2.72,2
KGPsrHqU,Djokovic N.,Lajovic D.,0,0,ou,17.50,over,ft,1.61,4
KGPsrHqU,Djokovic N.,Lajovic D.,0,0,ou,17.50,under,ft,2.36,4
KGPsrHqU,Djokovic N.,Lajovic D.,0,0,ou,18.00,over,ft,1.77,3
KGPsrHqU,Djokovic N.,Lajovic D.,0,0,ou,18.00,under,ft,2.113,3
KGPsrHqU,Djokovic N.,Lajovic D.,0,0,ou,18.50,over,ft,1.87,4
KGPsrHqU,Djokovic N.,Lajovic D.,0,0,ou,18.50,under,ft,1.97,4
KGPsrHqU,Djokovic N.,Lajovic D.,0,0,ou,19.00,over,ft,2.123,3
KGPsrHqU,Djokovic N.,Lajovic D.,0,0,ou,19.00,under,ft,1.753,3
KGPsrHqU,Djokovic N.,Lajovic D.,0,0,ou,19.50,over,ft,2.272,4
KGPsrHqU,Djokovic N.,Lajovic D.,0,0,ou,19.50,under,ft,1.66,4
KGPsrHqU,Djokovic N.,Lajovic D.,0,0,ou,20.00,over,ft,2.52,3
KGPsrHqU,Djokovic N.,Lajovic D.,0,0,ou,20.00,under,ft,1.55,3
KGPsrHqU,Djokovic N.,Lajovic D.,0,0,ou,20.50,over,ft,2.683,3
KGPsrHqU,Djokovic N.,Lajovic D.,0,0,ou,20.50,under,ft,1.47,3
KGPsrHqU,Djokovic N.,Lajovic D.,0,0,ou,21.00,over,ft,2.53,2
KGPsrHqU,Djokovic N.,Lajovic D.,0,0,ou,21.00,under,ft,1.48,2
KGPsrHqU,Djokovic N.,Lajovic D.,0,0,ou,21.50,over,ft,2.71,3
KGPsrHqU,Djokovic N.,Lajovic D.,0,0,ou,21.50,under,ft,1.42,3
KGPsrHqU,Djokovic N.,Lajovic D.,0,0,ou,22.50,over,ft,2.98,2
KGPsrHqU,Djokovic N.,Lajovic D.,0,0,ou,22.50,under,ft,1.32,2
KGPsrHqU,Djokovic N.,Lajovic D.,0,0,hc,-1.00,home,ft,1.11,2
KGPsrHqU,Djokovic N.,Lajovic D.,0,0,hc,-1.00,away,ft,6.4,2
KGPsrHqU,Djokovic N.,Lajovic D.,0,0,hc,1.50,home,ft,1.03,4
KGPsrHqU,Djokovic N.,Lajovic D.,0,0,hc,1.50,away,ft,11.027,4
KGPsrHqU,Djokovic N.,Lajovic D.,0,0,hc,-1.50,home,ft,1.373,4
KGPsrHqU,Djokovic N.,Lajovic D.,0,0,hc,-1.50,away,ft,3.123,4
KGPsrHqU,Djokovic N.,Lajovic D.,0,0,hc,-3.50,home,ft,1.22,2
KGPsrHqU,Djokovic N.,Lajovic D.,0,0,hc,-3.50,away,ft,3.88,2
KGPsrHqU,Djokovic N.,Lajovic D.,0,0,hc,-4.00,home,ft,1.185,2
KGPsrHqU,Djokovic N.,Lajovic D.,0,0,hc,-4.00,away,ft,4.795,2
KGPsrHqU,Djokovic N.,Lajovic D.,0,0,hc,-4.50,home,ft,1.34,3
KGPsrHqU,Djokovic N.,Lajovic D.,0,0,hc,-4.50,away,ft,3.267,3
KGPsrHqU,Djokovic N.,Lajovic D.,0,0,hc,-5.00,home,ft,1.423,3
KGPsrHqU,Djokovic N.,Lajovic D.,0,0,hc,-5.00,away,ft,2.977,3
KGPsrHqU,Djokovic N.,Lajovic D.,0,0,hc,-5.50,home,ft,1.675,4
KGPsrHqU,Djokovic N.,Lajovic D.,0,0,hc,-5.50,away,ft,2.24,4
KGPsrHqU,Djokovic N.,Lajovic D.,0,0,hc,-6.00,home,ft,1.8,3
KGPsrHqU,Djokovic N.,Lajovic D.,0,0,hc,-6.00,away,ft,2.07,3
KGPsrHqU,Djokovic N.,Lajovic D.,0,0,hc,-6.50,home,ft,2.118,4
KGPsrHqU,Djokovic N.,Lajovic D.,0,0,hc,-6.50,away,ft,1.76,4
KGPsrHqU,Djokovic N.,Lajovic D.,0,0,hc,-7.00,home,ft,2.65,3
KGPsrHqU,Djokovic N.,Lajovic D.,0,0,hc,-7.00,away,ft,1.51,3
KGPsrHqU,Djokovic N.,Lajovic D.,0,0,hc,-7.50,home,ft,2.913,3
KGPsrHqU,Djokovic N.,Lajovic D.,0,0,hc,-7.50,away,ft,1.4,3
KGPsrHqU,Djokovic N.,Lajovic D.,0,0,hc,-8.00,home,ft,4.64,2
KGPsrHqU,Djokovic N.,Lajovic D.,0,0,hc,-8.00,away,ft,1.14,2
KGPsrHqU,Djokovic N.,Lajovic D.,0,0,hc,-8.50,home,ft,5.15,2
KGPsrHqU,Djokovic N.,Lajovic D.,0,0,hc,-8.50,away,ft,1.11,2
SMvQ7PCM,Dzumhur D.,Rublev A.,0,0,ou,2.50,over,ft,4.42,1
SMvQ7PCM,Dzumhur D.,Rublev A.,0,0,ou,2.50,under,ft,1.24,1
SMvQ7PCM,Dzumhur D.,Rublev A.,0,0,ou,16.50,over,ft,1.377,3
SMvQ7PCM,Dzumhur D.,Rublev A.,0,0,ou,16.50,under,ft,2.89,3
SMvQ7PCM,Dzumhur D.,Rublev A.,0,0,ou,17.00,over,ft,1.47,3
SMvQ7PCM,Dzumhur D.,Rublev A.,0,0,ou,17.00,under,ft,2.653,3
SMvQ7PCM,Dzumhur D.,Rublev A.,0,0,ou,17.50,over,ft,1.688,4
SMvQ7PCM,Dzumhur D.,Rublev A.,0,0,ou,17.50,under,ft,2.178,4
SMvQ7PCM,Dzumhur D.,Rublev A.,0,0,ou,18.00,over,ft,1.817,3
SMvQ7PCM,Dzumhur D.,Rublev A.,0,0,ou,18.00,under,ft,2.0,3
SMvQ7PCM,Dzumhur D.,Rublev A.,0,0,ou,18.50,over,ft,2.02,4
SMvQ7PCM,Dzumhur D.,Rublev A.,0,0,ou,18.50,under,ft,1.815,4
SMvQ7PCM,Dzumhur D.,Rublev A.,0,0,ou,19.00,over,ft,2.203,3
SMvQ7PCM,Dzumhur D.,Rublev A.,0,0,ou,19.00,under,ft,1.68,3
SMvQ7PCM,Dzumhur D.,Rublev A.,0,0,ou,19.50,over,ft,2.377,4
SMvQ7PCM,Dzumhur D.,Rublev A.,0,0,ou,19.50,under,ft,1.583,4
SMvQ7PCM,Dzumhur D.,Rublev A.,0,0,ou,20.00,over,ft,2.48,3
SMvQ7PCM,Dzumhur D.,Rublev A.,0,0,ou,20.00,under,ft,1.527,3
SMvQ7PCM,Dzumhur D.,Rublev A.,0,0,ou,20.50,over,ft,2.757,3
SMvQ7PCM,Dzumhur D.,Rublev A.,0,0,ou,20.50,under,ft,1.41,3
SMvQ7PCM,Dzumhur D.,Rublev A.,0,0,ou,21.00,over,ft,2.53,2
SMvQ7PCM,Dzumhur D.,Rublev A.,0,0,ou,21.00,under,ft,1.48,2
SMvQ7PCM,Dzumhur D.,Rublev A.,0,0,ou,21.50,over,ft,2.65,2
SMvQ7PCM,Dzumhur D.,Rublev A.,0,0,ou,21.50,under,ft,1.43,2
SMvQ7PCM,Dzumhur D.,Rublev A.,0,0,hc,1.00,home,ft,9.0,2
SMvQ7PCM,Dzumhur D.,Rublev A.,0,0,hc,1.00,away,ft,1.06,2
SMvQ7PCM,Dzumhur D.,Rublev A.,0,0,hc,1.50,home,ft,3.75,4
SMvQ7PCM,Dzumhur D.,Rublev A.,0,0,hc,1.50,away,ft,1.278,4
SMvQ7PCM,Dzumhur D.,Rublev A.,0,0,hc,-1.50,home,ft,10.287,3
SMvQ7PCM,Dzumhur D.,Rublev A.,0,0,hc,-1.50,away,ft,1.023,3
SMvQ7PCM,Dzumhur D.,Rublev A.,0,0,hc,3.50,home,ft,4.2,2
SMvQ7PCM,Dzumhur D.,Rublev A.,0,0,hc,3.50,away,ft,1.19,2
SMvQ7PCM,Dzumhur D.,Rublev A.,0,0,hc,4.00,home,ft,3.88,2
SMvQ7PCM,Dzumhur D.,Rublev A.,0,0,hc,4.00,away,ft,1.23,2
SMvQ7PCM,Dzumhur D.,Rublev A.,0,0,hc,4.50,home,ft,3.303,3
SMvQ7PCM,Dzumhur D.,Rublev A.,0,0,hc,4.50,away,ft,1.32,3
SMvQ7PCM,Dzumhur D.,Rublev A.,0,0,hc,5.00,home,ft,3.133,3
SMvQ7PCM,Dzumhur D.,Rublev A.,0,0,hc,5.00,away,ft,1.35,3
SMvQ7PCM,Dzumhur D.,Rublev A.,0,0,hc,5.50,home,ft,2.51,4
SMvQ7PCM,Dzumhur D.,Rublev A.,0,0,hc,5.50,away,ft,1.522,4
SMvQ7PCM,Dzumhur D.,Rublev A.,0,0,hc,6.00,home,ft,2.173,3
SMvQ7PCM,Dzumhur D.,Rublev A.,0,0,hc,6.00,away,ft,1.697,3
SMvQ7PCM,Dzumhur D.,Rublev A.,0,0,hc,6.50,home,ft,1.86,4
SMvQ7PCM,Dzumhur D.,Rublev A.,0,0,hc,6.50,away,ft,1.975,4
SMvQ7PCM,Dzumhur D.,Rublev A.,0,0,hc,7.00,home,ft,1.567,3
SMvQ7PCM,Dzumhur D.,Rublev A.,0,0,hc,7.00,away,ft,2.427,3
SMvQ7PCM,Dzumhur D.,Rublev A.,0,0,hc,7.50,home,ft,1.427,4
SMvQ7PCM,Dzumhur D.,Rublev A.,0,0,hc,7.50,away,ft,2.805,4
SMvQ7PCM,Dzumhur D.,Rublev A.,0,0,hc,8.00,home,ft,1.22,2
SMvQ7PCM,Dzumhur D.,Rublev A.,0,0,hc,8.00,away,ft,3.98,2
SMvQ7PCM,Dzumhur D.,Rublev A.,0,0,hc,8.50,home,ft,1.17,2
SMvQ7PCM,Dzumhur D.,Rublev A.,0,0,hc,8.50,away,ft,4.54,2
jZhx3HBM,Molcan A.,Djere L.,2,2,ou,2.50,over,ft,2.38,1
jZhx3HBM,Molcan A.,Djere L.,2,2,ou,2.50,under,ft,1.64,1
jZhx3HBM,Molcan A.,Djere L.,2,2,ou,19.50,over,ft,1.45,3
jZhx3HBM,Molcan A.,Djere L.,2,2,ou,19.50,under,ft,2.623,3
jZhx3HBM,Molcan A.,Djere L.,2,2,ou,20.00,over,ft,1.52,2
jZhx3HBM,Molcan A.,Djere L.,2,2,ou,20.00,under,ft,2.42,2
jZhx3HBM,Molcan A.,Djere L.,2,2,ou,20.50,over,ft,1.547,3
jZhx3HBM,Molcan A.,Djere L.,2,2,ou,20.50,under,ft,2.387,3
jZhx3HBM,Molcan A.,Djere L.,2,2,ou,21.00,over,ft,1.617,3
jZhx3HBM,Molcan A.,Djere L.,2,2,ou,21.00,under,ft,2.283,3
jZhx3HBM,Molcan A.,Djere L.,2,2,ou,21.50,over,ft,1.833,4
jZhx3HBM,Molcan A.,Djere L.,2,2,ou,21.50,under,ft,2.015,4
jZhx3HBM,Molcan A.,Djere L.,2,2,ou,22.00,over,ft,1.827,3
jZhx3HBM,Molcan A.,Djere L.,2,2,ou,22.00,under,ft,1.993,3
jZhx3HBM,Molcan A.,Djere L.,2,2,ou,22.50,over,ft,1.982,4
jZhx3HBM,Molcan A.,Djere L.,2,2,ou,22.50,under,ft,1.855,4
jZhx3HBM,Molcan A.,Djere L.,2,2,ou,23.00,over,ft,2.057,3
jZhx3HBM,Molcan A.,Djere L.,2,2,ou,23.00,under,ft,1.777,3
jZhx3HBM,Molcan A.,Djere L.,2,2,ou,23.50,over,ft,2.153,3
jZhx3HBM,Molcan A.,Djere L.,2,2,ou,23.50,under,ft,1.683,3
jZhx3HBM,Molcan A.,Djere L.,2,2,ou,24.00,over,ft,2.14,2
jZhx3HBM,Molcan A.,Djere L.,2,2,ou,24.00,under,ft,1.66,2
jZhx3HBM,Molcan A.,Djere L.,2,2,ou,24.50,over,ft,2.227,3
jZhx3HBM,Molcan A.,Djere L.,2,2,ou,24.50,under,ft,1.617,3
jZhx3HBM,Molcan A.,Djere L.,2,2,ou,25.50,over,ft,2.61,1
jZhx3HBM,Molcan A.,Djere L.,2,2,ou,25.50,under,ft,1.48,1
jZhx3HBM,Molcan A.,Djere L.,2,2,ou,26.50,over,ft,2.92,1
jZhx3HBM,Molcan A.,Djere L.,2,2,ou,26.50,under,ft,1.38,1
jZhx3HBM,Molcan A.,Djere L.,2,2,hc,1.00,home,ft,1.7,2
jZhx3HBM,Molcan A.,Djere L.,2,2,hc,1.00,away,ft,1.98,2
jZhx3HBM,Molcan A.,Djere L.,2,2,hc,1.50,home,ft,1.49,4
jZhx3HBM,Molcan A.,Djere L.,2,2,hc,1.50,away,ft,2.535,4
jZhx3HBM,Molcan A.,Djere L.,2,2,hc,-1.50,home,ft,4.195,4
jZhx3HBM,Molcan A.,Djere L.,2,2,hc,-1.50,away,ft,1.208,4
jZhx3HBM,Molcan A.,Djere L.,2,2,hc,0.50,home,ft,2.147,3
jZhx3HBM,Molcan A.,Djere L.,2,2,hc,0.50,away,ft,1.637,3
jZhx3HBM,Molcan A.,Djere L.,2,2,hc,-0.50,home,ft,2.323,3
jZhx3HBM,Molcan A.,Djere L.,2,2,hc,-0.50,away,ft,1.54,3
jZhx3HBM,Molcan A.,Djere L.,2,2,hc,1.00,home,ft,2.057,3
jZhx3HBM,Molcan A.,Djere L.,2,2,hc,1.00,away,ft,1.71,3
jZhx3HBM,Molcan A.,Djere L.,2,2,hc,-1.00,home,ft,2.38,2
jZhx3HBM,Molcan A.,Djere L.,2,2,hc,-1.00,away,ft,1.49,2
jZhx3HBM,Molcan A.,Djere L.,2,2,hc,1.50,home,ft,2.018,4
jZhx3HBM,Molcan A.,Djere L.,2,2,hc,1.50,away,ft,1.758,4
jZhx3HBM,Molcan A.,Djere L.,2,2,hc,-1.50,home,ft,2.64,1
jZhx3HBM,Molcan A.,Djere L.,2,2,hc,-1.50,away,ft,1.46,1
jZhx3HBM,Molcan A.,Djere L.,2,2,hc,2.00,home,ft,1.883,3
jZhx3HBM,Molcan A.,Djere L.,2,2,hc,2.00,away,ft,1.853,3
jZhx3HBM,Molcan A.,Djere L.,2,2,hc,2.50,home,ft,1.942,4
jZhx3HBM,Molcan A.,Djere L.,2,2,hc,2.50,away,ft,1.9,4
jZhx3HBM,Molcan A.,Djere L.,2,2,hc,3.00,home,ft,1.667,3
jZhx3HBM,Molcan A.,Djere L.,2,2,hc,3.00,away,ft,2.127,3
jZhx3HBM,Molcan A.,Djere L.,2,2,hc,3.50,home,ft,1.615,4
jZhx3HBM,Molcan A.,Djere L.,2,2,hc,3.50,away,ft,2.245,4
jZhx3HBM,Molcan A.,Djere L.,2,2,hc,4.00,home,ft,1.503,3
jZhx3HBM,Molcan A.,Djere L.,2,2,hc,4.00,away,ft,2.453,3
jZhx3HBM,Molcan A.,Djere L.,2,2,hc,4.50,home,ft,1.403,3
jZhx3HBM,Molcan A.,Djere L.,2,2,hc,4.50,away,ft,2.707,3
8SnLZjnQ,Albot R.,Lehecka J.,0,0,ou,2.50,over,ft,3.06,1
8SnLZjnQ,Albot R.,Lehecka J.,0,0,ou,2.50,under,ft,1.42,1
8SnLZjnQ,Albot R.,Lehecka J.,0,0,ou,18.50,over,ft,1.48,3
8SnLZjnQ,Albot R.,Lehecka J.,0,0,ou,18.50,under,ft,2.55,3
8SnLZjnQ,Albot R.,Lehecka J.,0,0,ou,19.00,over,ft,1.57,3
8SnLZjnQ,Albot R.,Lehecka J.,0,0,ou,19.00,under,ft,2.36,3
8SnLZjnQ,Albot R.,Lehecka J.,0,0,ou,19.50,over,ft,1.705,4
8SnLZjnQ,Albot R.,Lehecka J.,0,0,ou,19.50,under,ft,2.145,4
8SnLZjnQ,Albot R.,Lehecka J.,0,0,ou,20.00,over,ft,1.833,3
8SnLZjnQ,Albot R.,Lehecka J.,0,0,ou,20.00,under,ft,1.973,3
8SnLZjnQ,Albot R.,Lehecka J.,0,0,ou,20.50,over,ft,1.925,4
8SnLZjnQ,Albot R.,Lehecka J.,0,0,ou,20.50,under,ft,1.905,4
8SnLZjnQ,Albot R.,Lehecka J.,0,0,ou,21.00,over,ft,2.09,3
8SnLZjnQ,Albot R.,Lehecka J.,0,0,ou,21.00,under,ft,1.747,3
8SnLZjnQ,Albot R.,Lehecka J.,0,0,ou,21.50,over,ft,2.175,4
8SnLZjnQ,Albot R.,Lehecka J.,0,0,ou,21.50,under,ft,1.688,4
8SnLZjnQ,Albot R.,Lehecka J.,0,0,ou,22.00,over,ft,2.33,2
8SnLZjnQ,Albot R.,Lehecka J.,0,0,ou,22.00,under,ft,1.55,2
8SnLZjnQ,Albot R.,Lehecka J.,0,0,ou,22.50,over,ft,2.44,3
8SnLZjnQ,Albot R.,Lehecka J.,0,0,ou,22.50,under,ft,1.52,3
8SnLZjnQ,Albot R.,Lehecka J.,0,0,ou,23.50,over,ft,2.7,1
8SnLZjnQ,Albot R.,Lehecka J.,0,0,ou,23.50,under,ft,1.47,1
8SnLZjnQ,Albot R.,Lehecka J.,0,0,ou,24.50,over,ft,2.82,1
8SnLZjnQ,Albot R.,Lehecka J.,0,0,ou,24.50,under,ft,1.44,1
8SnLZjnQ,Albot R.,Lehecka J.,0,0,hc,1.00,home,ft,3.26,2
8SnLZjnQ,Albot R.,Lehecka J.,0,0,hc,1.00,away,ft,1.27,2
8SnLZjnQ,Albot R.,Lehecka J.,0,0,hc,1.50,home,ft,2.135,4
8SnLZjnQ,Albot R.,Lehecka J.,0,0,hc,1.50,away,ft,1.66,4
8SnLZjnQ,Albot R.,Lehecka J.,0,0,hc,-1.50,home,ft,7.487,4
8SnLZjnQ,Albot R.,Lehecka J.,0,0,hc,-1.50,away,ft,1.07,4
8SnLZjnQ,Albot R.,Lehecka J.,0,0,hc,2.50,home,ft,3.013,3
8SnLZjnQ,Albot R.,Lehecka J.,0,0,hc,2.50,away,ft,1.357,3
8SnLZjnQ,Albot R.,Lehecka J.,0,0,hc,3.00,home,ft,2.95,2
8SnLZjnQ,Albot R.,Lehecka J.,0,0,hc,3.00,away,ft,1.36,2
8SnLZjnQ,Albot R.,Lehecka J.,0,0,hc,3.50,home,ft,2.538,4
8SnLZjnQ,Albot R.,Lehecka J.,0,0,hc,3.50,away,ft,1.518,4
8SnLZjnQ,Albot R.,Lehecka J.,0,0,hc,4.00,home,ft,2.407,3
8SnLZjnQ,Albot R.,Lehecka J.,0,0,hc,4.00,away,ft,1.573,3
8SnLZjnQ,Albot R.,Lehecka J.,0,0,hc,4.50,home,ft,2.065,4
8SnLZjnQ,Albot R.,Lehecka J.,0,0,hc,4.50,away,ft,1.788,4
8SnLZjnQ,Albot R.,Lehecka J.,0,0,hc,5.00,home,ft,1.86,3
8SnLZjnQ,Albot R.,Lehecka J.,0,0,hc,5.00,away,ft,1.953,3
8SnLZjnQ,Albot R.,Lehecka J.,0,0,hc,5.50,home,ft,1.64,4
8SnLZjnQ,Albot R.,Lehecka J.,0,0,hc,5.50,away,ft,2.27,4
8SnLZjnQ,Albot R.,Lehecka J.,0,0,hc,6.00,home,ft,1.453,3
8SnLZjnQ,Albot R.,Lehecka J.,0,0,hc,6.00,away,ft,2.707,3
8SnLZjnQ,Albot R.,Lehecka J.,0,0,hc,6.50,home,ft,1.36,2
8SnLZjnQ,Albot R.,Lehecka J.,0,0,hc,6.50,away,ft,2.9,2
KMhO1weD,Varillas J. P.,Rublev A.,0,0,ou,2.50,over,ft,2.99,1
KMhO1weD,Varillas J. P.,Rublev A.,0,0,ou,2.50,under,ft,1.44,1
KMhO1weD,Varillas J. P.,Rublev A.,0,0,ou,17.50,over,ft,1.357,3
KMhO1weD,Varillas J. P.,Rublev A.,0,0,ou,17.50,under,ft,3.007,3
KMhO1weD,Varillas J. P.,Rublev A.,0,0,ou,18.00,over,ft,1.39,2
KMhO1weD,Varillas J. P.,Rublev A.,0,0,ou,18.00,under,ft,2.82,2
KMhO1weD,Varillas J. P.,Rublev A.,0,0,ou,18.50,over,ft,1.413,3
KMhO1weD,Varillas J. P.,Rublev A.,0,0,ou,18.50,under,ft,2.76,3
KMhO1weD,Varillas J. P.,Rublev A.,0,0,ou,19.00,over,ft,1.527,3
KMhO1weD,Varillas J. P.,Rublev A.,0,0,ou,19.00,under,ft,2.467,3
KMhO1weD,Varillas J. P.,Rublev A.,0,0,ou,19.50,over,ft,1.575,4
KMhO1weD,Varillas J. P.,Rublev A.,0,0,ou,19.50,under,ft,2.365,4
KMhO1weD,Varillas J. P.,Rublev A.,0,0,ou,20.00,over,ft,1.627,3
KMhO1weD,Varillas J. P.,Rublev A.,0,0,ou,20.00,under,ft,2.25,3
KMhO1weD,Varillas J. P.,Rublev A.,0,0,ou,20.50,over,ft,1.795,4
KMhO1weD,Varillas J. P.,Rublev A.,0,0,ou,20.50,under,ft,2.022,4
KMhO1weD,Varillas J. P.,Rublev A.,0,0,ou,21.00,over,ft,1.867,3
KMhO1weD,Varillas J. P.,Rublev A.,0,0,ou,21.00,under,ft,1.94,3
KMhO1weD,Varillas J. P.,Rublev A.,0,0,ou,21.50,over,ft,2.013,4
KMhO1weD,Varillas J. P.,Rublev A.,0,0,ou,21.50,under,ft,1.82,4
KMhO1weD,Varillas J. P.,Rublev A.,0,0,ou,22.00,over,ft,2.157,3
KMhO1weD,Varillas J. P.,Rublev A.,0,0,ou,22.00,under,ft,1.703,3
KMhO1weD,Varillas J. P.,Rublev A.,0,0,ou,22.50,over,ft,2.313,3
KMhO1weD,Varillas J. P.,Rublev A.,0,0,ou,22.50,under,ft,1.593,3
KMhO1weD,Varillas J. P.,Rublev A.,0,0,ou,23.00,over,ft,2.39,2
KMhO1weD,Varillas J. P.,Rublev A.,0,0,ou,23.00,under,ft,1.525,2
KMhO1weD,Varillas J. P.,Rublev A.,0,0,ou,23.50,over,ft,2.587,3
KMhO1weD,Varillas J. P.,Rublev A.,0,0,ou,23.50,under,ft,1.467,3
KMhO1weD,Varillas J. P.,Rublev A.,0,0,ou,24.50,over,ft,2.88,1
KMhO1weD,Varillas J. P.,Rublev A.,0,0,ou,24.50,under,ft,1.42,1
KMhO1weD,Varillas J. P.,Rublev A.,0,0,hc,1.00,home,ft,3.42,2
KMhO1weD,Varillas J. P.,Rublev A.,0,0,hc,1.00,away,ft,1.25,2
KMhO1weD,Varillas J. P.,Rublev A.,0,0,hc,1.50,home,ft,2.19,4
KMhO1weD,Varillas J. P.,Rublev A.,0,0,hc,1.50,away,ft,1.627,4
KMhO1weD,Varillas J. P.,Rublev A.,0,0,hc,-1.50,home,ft,7.487,4
KMhO1weD,Varillas J. P.,Rublev A.,0,0,hc,-1.50,away,ft,1.068,4
KMhO1weD,Varillas J. P.,Rublev A.,0,0,hc,2.50,home,ft,3.04,2
KMhO1weD,Varillas J. P.,Rublev A.,0,0,hc,2.50,away,ft,1.33,2
KMhO1weD,Varillas J. P.,Rublev A.,0,0,hc,3.00,home,ft,2.82,2
KMhO1weD,Varillas J. P.,Rublev A.,0,0,hc,3.00,away,ft,1.39,2
KMhO1weD,Varillas J. P.,Rublev A.,0,0,hc,3.50,home,ft,2.505,4
KMhO1weD,Varillas J. P.,Rublev A.,0,0,hc,3.50,away,ft,1.528,4
KMhO1weD,Varillas J. P.,Rublev A.,0,0,hc,4.00,home,ft,2.183,3
KMhO1weD,Varillas J. P.,Rublev A.,0,0,hc,4.00,away,ft,1.687,3
KMhO1weD,Varillas J. P.,Rublev A.,0,0,hc,4.50,home,ft,1.917,4
KMhO1weD,Varillas J. P.,Rublev A.,0,0,hc,4.50,away,ft,1.907,4
KMhO1weD,Varillas J. P.,Rublev A.,0,0,hc,5.00,home,ft,1.643,3
KMhO1weD,Varillas J. P.,Rublev A.,0,0,hc,5.00,away,ft,2.257,3
KMhO1weD,Varillas J. P.,Rublev A.,0,0,hc,5.50,home,ft,1.518,4
KMhO1weD,Varillas J. P.,Rublev A.,0,0,hc,5.50,away,ft,2.532,4
KMhO1weD,Varillas J. P.,Rublev A.,0,0,hc,6.00,home,ft,1.337,3
KMhO1weD,Varillas J. P.,Rublev A.,0,0,hc,6.00,away,ft,3.24,3
KMhO1weD,Varillas J. P.,Rublev A.,0,0,hc,6.50,home,ft,1.287,3
KMhO1weD,Varillas J. P.,Rublev A.,0,0,hc,6.50,away,ft,3.507,3
KMhO1weD,Varillas J. P.,Rublev A.,0,0,hc,7.00,home,ft,1.18,2
KMhO1weD,Varillas J. P.,Rublev A.,0,0,hc,7.00,away,ft,4.42,2
KMhO1weD,Varillas J. P.,Rublev A.,0,0,hc,7.50,home,ft,1.14,2
KMhO1weD,Varillas J. P.,Rublev A.,0,0,hc,7.50,away,ft,4.89,2
jNA74Qh4,Gasquet R.,Dzumhur D.,1,1,ou,2.50,over,ft,2.54,1
jNA74Qh4,Gasquet R.,Dzumhur D.,1,1,ou,2.50,under,ft,1.57,1
jNA74Qh4,Gasquet R.,Dzumhur D.,1,1,ou,19.50,over,ft,1.513,3
jNA74Qh4,Gasquet R.,Dzumhur D.,1,1,ou,19.50,under,ft,2.453,3
jNA74Qh4,Gasquet R.,Dzumhur D.,1,1,ou,20.00,over,ft,1.59,2
jNA74Qh4,Gasquet R.,Dzumhur D.,1,1,ou,20.00,under,ft,2.25,2
jNA74Qh4,Gasquet R.,Dzumhur D.,1,1,ou,20.50,over,ft,1.725,4
jNA74Qh4,Gasquet R.,Dzumhur D.,1,1,ou,20.50,under,ft,2.115,4
jNA74Qh4,Gasquet R.,Dzumhur D.,1,1,ou,21.00,over,ft,1.82,3
jNA74Qh4,Gasquet R.,Dzumhur D.,1,1,ou,21.00,under,ft,1.987,3
jNA74Qh4,Gasquet R.,Dzumhur D.,1,1,ou,21.50,over,ft,1.912,4
jNA74Qh4,Gasquet R.,Dzumhur D.,1,1,ou,21.50,under,ft,1.92,4
jNA74Qh4,Gasquet R.,Dzumhur D.,1,1,ou,22.00,over,ft,2.057,3
jNA74Qh4,Gasquet R.,Dzumhur D.,1,1,ou,22.00,under,ft,1.77,3
jNA74Qh4,Gasquet R.,Dzumhur D.,1,1,ou,22.50,over,ft,2.185,4
jNA74Qh4,Gasquet R.,Dzumhur D.,1,1,ou,22.50,under,ft,1.682,4
jNA74Qh4,Gasquet R.,Dzumhur D.,1,1,ou,23.00,over,ft,2.27,2
jNA74Qh4,Gasquet R.,Dzumhur D.,1,1,ou,23.00,under,ft,1.58,2
jNA74Qh4,Gasquet R.,Dzumhur D.,1,1,ou,23.50,over,ft,2.36,3
jNA74Qh4,Gasquet R.,Dzumhur D.,1,1,ou,23.50,under,ft,1.553,3
jNA74Qh4,Gasquet R.,Dzumhur D.,1,1,ou,24.00,over,ft,2.25,2
jNA74Qh4,Gasquet R.,Dzumhur D.,1,1,ou,24.00,under,ft,1.59,2
jNA74Qh4,Gasquet R.,Dzumhur D.,1,1,ou,24.50,over,ft,2.353,3
jNA74Qh4,Gasquet R.,Dzumhur D.,1,1,ou,24.50,under,ft,1.553,3
jNA74Qh4,Gasquet R.,Dzumhur D.,1,1,ou,25.50,over,ft,2.76,1
jNA74Qh4,Gasquet R.,Dzumhur D.,1,1,ou,25.50,under,ft,1.45,1
jNA74Qh4,Gasquet R.,Dzumhur D.,1,1,hc,-1.00,home,ft,1.6,2
jNA74Qh4,Gasquet R.,Dzumhur D.,1,1,hc,-1.00,away,ft,2.14,2
jNA74Qh4,Gasquet R.,Dzumhur D.,1,1,hc,1.50,home,ft,1.15,4
jNA74Qh4,Gasquet R.,Dzumhur D.,1,1,hc,1.50,away,ft,4.963,4
jNA74Qh4,Gasquet R.,Dzumhur D.,1,1,hc,-1.50,home,ft,2.087,4
jNA74Qh4,Gasquet R.,Dzumhur D.,1,1,hc,-1.50,away,ft,1.692,4
jNA74Qh4,Gasquet R.,Dzumhur D.,1,1,hc,0.50,home,ft,1.4,1
jNA74Qh4,Gasquet R.,Dzumhur D.,1,1,hc,0.50,away,ft,2.95,1
jNA74Qh4,Gasquet R.,Dzumhur D.,1,1,hc,-0.50,home,ft,1.51,3
jNA74Qh4,Gasquet R.,Dzumhur D.,1,1,hc,-0.50,away,ft,2.47,3
jNA74Qh4,Gasquet R.,Dzumhur D.,1,1,hc,-1.00,home,ft,1.57,2
jNA74Qh4,Gasquet R.,Dzumhur D.,1,1,hc,-1.00,away,ft,2.29,2
jNA74Qh4,Gasquet R.,Dzumhur D.,1,1,hc,-1.50,home,ft,1.517,3
jNA74Qh4,Gasquet R.,Dzumhur D.,1,1,hc,-1.50,away,ft,2.44,3
jNA74Qh4,Gasquet R.,Dzumhur D.,1,1,hc,-2.00,home,ft,1.55,2
jNA74Qh4,Gasquet R.,Dzumhur D.,1,1,hc,-2.00,away,ft,2.33,2
jNA74Qh4,Gasquet R.,Dzumhur D.,1,1,hc,-2.50,home,ft,1.65,4
jNA74Qh4,Gasquet R.,Dzumhur D.,1,1,hc,-2.50,away,ft,2.238,4
jNA74Qh4,Gasquet R.,Dzumhur D.,1,1,hc,-3.00,home,ft,1.73,3
jNA74Qh4,Gasquet R.,Dzumhur D.,1,1,hc,-3.00,away,ft,2.11,3
jNA74Qh4,Gasquet R.,Dzumhur D.,1,1,hc,-3.50,home,ft,1.893,4
jNA74Qh4,Gasquet R.,Dzumhur D.,1,1,hc,-3.50,away,ft,1.938,4
jNA74Qh4,Gasquet R.,Dzumhur D.,1,1,hc,-4.00,home,ft,2.057,3
jNA74Qh4,Gasquet R.,Dzumhur D.,1,1,hc,-4.00,away,ft,1.77,3
jNA74Qh4,Gasquet R.,Dzumhur D.,1,1,hc,-4.50,home,ft,2.27,4
jNA74Qh4,Gasquet R.,Dzumhur D.,1,1,hc,-4.50,away,ft,1.635,4
jNA74Qh4,Gasquet R.,Dzumhur D.,1,1,hc,-5.00,home,ft,2.63,3
jNA74Qh4,Gasquet R.,Dzumhur D.,1,1,hc,-5.00,away,ft,1.477,3
jNA74Qh4,Gasquet R.,Dzumhur D.,1,1,hc,-5.50,home,ft,2.883,3
jNA74Qh4,Gasquet R.,Dzumhur D.,1,1,hc,-5.50,away,ft,1.383,3
rRfjEQ7f,Kecmanovic M.,Shelbayh A.,2,2,ou,2.50,over,ft,3.13,1
rRfjEQ7f,Kecmanovic M.,Shelbayh A.,2,2,ou,2.50,under,ft,1.4,1
rRfjEQ7f,Kecmanovic M.,Shelbayh A.,2,2,ou,18.50,over,ft,1.5,3
rRfjEQ7f,Kecmanovic M.,Shelbayh A.,2,2,ou,18.50,under,ft,2.483,3
rRfjEQ7f,Kecmanovic M.,Shelbayh A.,2,2,ou,19.00,over,ft,1.59,3
rRfjEQ7f,Kecmanovic M.,Shelbayh A.,2,2,ou,19.00,under,ft,2.327,3
rRfjEQ7f,Kecmanovic M.,Shelbayh A.,2,2,ou,19.50,over,ft,1.73,4
rRfjEQ7f,Kecmanovic M.,Shelbayh A.,2,2,ou,19.50,under,ft,2.107,4
rRfjEQ7f,Kecmanovic M.,Shelbayh A.,2,2,ou,20.00,over,ft,1.857,3
rRfjEQ7f,Kecmanovic M.,Shelbayh A.,2,2,ou,20.00,under,ft,1.953,3
rRfjEQ7f,Kecmanovic M.,Shelbayh A.,2,2,ou,20.50,over,ft,1.965,4
rRfjEQ7f,Kecmanovic M.,Shelbayh A.,2,2,ou,20.50,under,ft,1.87,4
rRfjEQ7f,Kecmanovic M.,Shelbayh A.,2,2,ou,21.00,over,ft,2.123,3
rRfjEQ7f,Kecmanovic M.,Shelbayh A.,2,2,ou,21.00,under,ft,1.723,3
rRfjEQ7f,Kecmanovic M.,Shelbayh A.,2,2,ou,21.50,over,ft,2.225,4
rRfjEQ7f,Kecmanovic M.,Shelbayh A.,2,2,ou,21.50,under,ft,1.655,4
rRfjEQ7f,Kecmanovic M.,Shelbayh A.,2,2,ou,22.00,over,ft,2.38,2
rRfjEQ7f,Kecmanovic M.,Shelbayh A.,2,2,ou,22.00,under,ft,1.53,2
rRfjEQ7f,Kecmanovic M.,Shelbayh A.,2,2,ou,22.50,over,ft,2.53,3
rRfjEQ7f,Kecmanovic M.,Shelbayh A.,2,2,ou,22.50,under,ft,1.487,3
rRfjEQ7f,Kecmanovic M.,Shelbayh A.,2,2,ou,23.00,over,ft,2.29,2
rRfjEQ7f,Kecmanovic M.,Shelbayh A.,2,2,ou,23.00,under,ft,1.57,2
rRfjEQ7f,Kecmanovic M.,Shelbayh A.,2,2,ou,23.50,over,ft,2.583,3
rRfjEQ7f,Kecmanovic M.,Shelbayh A.,2,2,ou,23.50,under,ft,1.473,3
rRfjEQ7f,Kecmanovic M.,Shelbayh A.,2,2,ou,24.50,over,ft,2.96,1
rRfjEQ7f,Kecmanovic M.,Shelbayh A.,2,2,ou,24.50,under,ft,1.4,1
rRfjEQ7f,Kecmanovic M.,Shelbayh A.,2,2,hc,-1.00,home,ft,1.22,2
rRfjEQ7f,Kecmanovic M.,Shelbayh A.,2,2,hc,-1.00,away,ft,3.66,2
rRfjEQ7f,Kecmanovic M.,Shelbayh A.,2,2,hc,1.50,home,ft,1.06,4
rRfjEQ7f,Kecmanovic M.,Shelbayh A.,2,2,hc,1.50,away,ft,7.88,4
rRfjEQ7f,Kecmanovic M.,Shelbayh A.,2,2,hc,-1.50,home,ft,1.593,4
rRfjEQ7f,Kecmanovic M.,Shelbayh A.,2,2,hc,-1.50,away,ft,2.258,4
rRfjEQ7f,Kecmanovic M.,Shelbayh A.,2,2,hc,-1.50,home,ft,1.26,1
rRfjEQ7f,Kecmanovic M.,Shelbayh A.,2,2,hc,-1.50,away,ft,3.45,1
rRfjEQ7f,Kecmanovic M.,Shelbayh A.,2,2,hc,-2.50,home,ft,1.313,3
rRfjEQ7f,Kecmanovic M.,Shelbayh A.,2,2,hc,-2.50,away,ft,3.127,3
rRfjEQ7f,Kecmanovic M.,Shelbayh A.,2,2,hc,-3.00,home,ft,1.34,2
rRfjEQ7f,Kecmanovic M.,Shelbayh A.,2,2,hc,-3.00,away,ft,3.05,2
rRfjEQ7f,Kecmanovic M.,Shelbayh A.,2,2,hc,-3.50,home,ft,1.45,4
rRfjEQ7f,Kecmanovic M.,Shelbayh A.,2,2,hc,-3.50,away,ft,2.708,4
rRfjEQ7f,Kecmanovic M.,Shelbayh A.,2,2,hc,-4.00,home,ft,1.53,3
rRfjEQ7f,Kecmanovic M.,Shelbayh A.,2,2,hc,-4.00,away,ft,2.467,3
rRfjEQ7f,Kecmanovic M.,Shelbayh A.,2,2,hc,-4.50,home,ft,1.845,4
rRfjEQ7f,Kecmanovic M.,Shelbayh A.,2,2,hc,-4.50,away,ft,2.0,4
rRfjEQ7f,Kecmanovic M.,Shelbayh A.,2,2,hc,-5.00,home,ft,1.913,3
rRfjEQ7f,Kecmanovic M.,Shelbayh A.,2,2,hc,-5.00,away,ft,1.893,3
rRfjEQ7f,Kecmanovic M.,Shelbayh A.,2,2,hc,-5.50,home,ft,2.192,4
rRfjEQ7f,Kecmanovic M.,Shelbayh A.,2,2,hc,-5.50,away,ft,1.695,4
rRfjEQ7f,Kecmanovic M.,Shelbayh A.,2,2,hc,-6.00,home,ft,2.667,3
rRfjEQ7f,Kecmanovic M.,Shelbayh A.,2,2,hc,-6.00,away,ft,1.48,3
rRfjEQ7f,Kecmanovic M.,Shelbayh A.,2,2,hc,-6.50,home,ft,3.007,3
rRfjEQ7f,Kecmanovic M.,Shelbayh A.,2,2,hc,-6.50,away,ft,1.353,3
rRfjEQ7f,Kecmanovic M.,Shelbayh A.,2,2,hc,-7.00,home,ft,4.04,2
rRfjEQ7f,Kecmanovic M.,Shelbayh A.,2,2,hc,-7.00,away,ft,1.21,2
rRfjEQ7f,Kecmanovic M.,Shelbayh A.,2,2,hc,-7.50,home,ft,4.5,2
rRfjEQ7f,Kecmanovic M.,Shelbayh A.,2,2,hc,-7.50,away,ft,1.17,2
v3eccO3R,Lajovic D.,Barrere G.,2,2,ou,2.50,over,ft,2.78,1
v3eccO3R,Lajovic D.,Barrere G.,2,2,ou,2.50,under,ft,1.49,1
v3eccO3R,Lajovic D.,Barrere G.,2,2,ou,18.50,over,ft,1.42,2
v3eccO3R,Lajovic D.,Barrere G.,2,2,ou,18.50,under,ft,2.66,2
v3eccO3R,Lajovic D.,Barrere G.,2,2,ou,19.00,over,ft,1.48,2
v3eccO3R,Lajovic D.,Barrere G.,2,2,ou,19.00,under,ft,2.51,2
v3eccO3R,Lajovic D.,Barrere G.,2,2,ou,19.50,over,ft,1.547,3
v3eccO3R,Lajovic D.,Barrere G.,2,2,ou,19.50,under,ft,2.367,3
v3eccO3R,Lajovic D.,Barrere G.,2,2,ou,20.00,over,ft,1.65,3
v3eccO3R,Lajovic D.,Barrere G.,2,2,ou,20.00,under,ft,2.203,3
v3eccO3R,Lajovic D.,Barrere G.,2,2,ou,20.50,over,ft,1.778,4
v3eccO3R,Lajovic D.,Barrere G.,2,2,ou,20.50,under,ft,2.042,4
v3eccO3R,Lajovic D.,Barrere G.,2,2,ou,21.00,over,ft,1.883,3
v3eccO3R,Lajovic D.,Barrere G.,2,2,ou,21.00,under,ft,1.923,3
v3eccO3R,Lajovic D.,Barrere G.,2,2,ou,21.50,over,ft,1.958,4
v3eccO3R,Lajovic D.,Barrere G.,2,2,ou,21.50,under,ft,1.88,4
v3eccO3R,Lajovic D.,Barrere G.,2,2,ou,22.00,over,ft,2.143,3
v3eccO3R,Lajovic D.,Barrere G.,2,2,ou,22.00,under,ft,1.707,3
v3eccO3R,Lajovic D.,Barrere G.,2,2,ou,22.50,over,ft,2.243,3
v3eccO3R,Lajovic D.,Barrere G.,2,2,ou,22.50,under,ft,1.63,3
v3eccO3R,Lajovic D.,Barrere G.,2,2,ou,23.00,over,ft,2.36,2
v3eccO3R,Lajovic D.,Barrere G.,2,2,ou,23.00,under,ft,1.54,2
v3eccO3R,Lajovic D.,Barrere G.,2,2,ou,23.50,over,ft,2.457,3
v3eccO3R,Lajovic D.,Barrere G.,2,2,ou,23.50,under,ft,1.51,3
v3eccO3R,Lajovic D.,Barrere G.,2,2,ou,24.50,over,ft,2.64,1
v3eccO3R,Lajovic D.,Barrere G.,2,2,ou,24.50,under,ft,1.49,1
v3eccO3R,Lajovic D.,Barrere G.,2,2,ou,25.50,over,ft,2.9,1
v3eccO3R,Lajovic D.,Barrere G.,2,2,ou,25.50,under,ft,1.42,1
v3eccO3R,Lajovic D.,Barrere G.,2,2,hc,-1.00,home,ft,1.44,2
v3eccO3R,Lajovic D.,Barrere G.,2,2,hc,-1.00,away,ft,2.5,2
v3eccO3R,Lajovic D.,Barrere G.,2,2,hc,1.50,home,ft,1.125,4
v3eccO3R,Lajovic D.,Barrere G.,2,2,hc,1.50,away,ft,5.498,4
v3eccO3R,Lajovic D.,Barrere G.,2,2,hc,-1.50,home,ft,1.875,4
v3eccO3R,Lajovic D.,Barrere G.,2,2,hc,-1.50,away,ft,1.857,4
v3eccO3R,Lajovic D.,Barrere G.,2,2,hc,-1.50,home,ft,1.42,3
v3eccO3R,Lajovic D.,Barrere G.,2,2,hc,-1.50,away,ft,2.74,3
v3eccO3R,Lajovic D.,Barrere G.,2,2,hc,-2.00,home,ft,1.44,2
v3eccO3R,Lajovic D.,Barrere G.,2,2,hc,-2.00,away,ft,2.63,2
v3eccO3R,Lajovic D.,Barrere G.,2,2,hc,-2.50,home,ft,1.507,3
v3eccO3R,Lajovic D.,Barrere G.,2,2,hc,-2.50,away,ft,2.473,3
v3eccO3R,Lajovic D.,Barrere G.,2,2,hc,-3.00,home,ft,1.567,3
v3eccO3R,Lajovic D.,Barrere G.,2,2,hc,-3.00,away,ft,2.373,3
v3eccO3R,Lajovic D.,Barrere G.,2,2,hc,-3.50,home,ft,1.798,4
v3eccO3R,Lajovic D.,Barrere G.,2,2,hc,-3.50,away,ft,2.06,4
v3eccO3R,Lajovic D.,Barrere G.,2,2,hc,-4.00,home,ft,1.857,3
v3eccO3R,Lajovic D.,Barrere G.,2,2,hc,-4.00,away,ft,1.95,3
v3eccO3R,Lajovic D.,Barrere G.,2,2,hc,-4.50,home,ft,2.103,4
v3eccO3R,Lajovic D.,Barrere G.,2,2,hc,-4.50,away,ft,1.752,4
v3eccO3R,Lajovic D.,Barrere G.,2,2,hc,-5.00,home,ft,2.43,3
v3eccO3R,Lajovic D.,Barrere G.,2,2,hc,-5.00,away,ft,1.563,3
v3eccO3R,Lajovic D.,Barrere G.,2,2,hc,-5.50,home,ft,2.687,3
v3eccO3R,Lajovic D.,Barrere G.,2,2,hc,-5.50,away,ft,1.45,3
v3eccO3R,Lajovic D.,Barrere G.,2,2,hc,-6.00,home,ft,3.38,2
v3eccO3R,Lajovic D.,Barrere G.,2,2,hc,-6.00,away,ft,1.29,2
v3eccO3R,Lajovic D.,Barrere G.,2,2,hc,-6.50,home,ft,3.74,2
v3eccO3R,Lajovic D.,Barrere G.,2,2,hc,-6.50,away,ft,1.23,2
bs1YIy3p,Monfils G.,Lehecka J.,0,0,ou,2.50,over,ft,3.57,1
bs1YIy3p,Monfils G.,Lehecka J.,0,0,ou,2.50,under,ft,1.32,1
bs1YIy3p,Monfils G.,Lehecka J.,0,0,ou,17.50,over,ft,1.34,2
bs1YIy3p,Monfils G.,Lehecka J.,0,0,ou,17.50,under,ft,3.0,2
bs1YIy3p,Monfils G.,Lehecka J.,0,0,ou,18.00,over,ft,1.41,2
bs1YIy3p,Monfils G.,Lehecka J.,0,0,ou,18.00,under,ft,2.74,2
bs1YIy3p,Monfils G.,Lehecka J.,0,0,ou,18.50,over,ft,1.56,4
bs1YIy3p,Monfils G.,Lehecka J.,0,0,ou,18.50,under,ft,2.428,4
bs1YIy3p,Monfils G.,Lehecka J.,0,0,ou,19.00,over,ft,1.66,3
bs1YIy3p,Monfils G.,Lehecka J.,0,0,ou,19.00,under,ft,2.217,3
bs1YIy3p,Monfils G.,Lehecka J.,0,0,ou,19.50,over,ft,1.817,4
bs1YIy3p,Monfils G.,Lehecka J.,0,0,ou,19.50,under,ft,2.01,4
bs1YIy3p,Monfils G.,Lehecka J.,0,0,ou,20.00,over,ft,1.94,3
bs1YIy3p,Monfils G.,Lehecka J.,0,0,ou,20.00,under,ft,1.863,3
bs1YIy3p,Monfils G.,Lehecka J.,0,0,ou,20.50,over,ft,2.06,4
bs1YIy3p,Monfils G.,Lehecka J.,0,0,ou,20.50,under,ft,1.795,4
bs1YIy3p,Monfils G.,Lehecka J.,0,0,ou,21.00,over,ft,2.22,3
bs1YIy3p,Monfils G.,Lehecka J.,0,0,ou,21.00,under,ft,1.643,3
bs1YIy3p,Monfils G.,Lehecka J.,0,0,ou,21.50,over,ft,2.283,3
bs1YIy3p,Monfils G.,Lehecka J.,0,0,ou,21.50,under,ft,1.587,3
bs1YIy3p,Monfils G.,Lehecka J.,0,0,ou,22.00,over,ft,2.46,2
bs1YIy3p,Monfils G.,Lehecka J.,0,0,ou,22.00,under,ft,1.5,2
bs1YIy3p,Monfils G.,Lehecka J.,0,0,ou,22.50,over,ft,2.63,3
bs1YIy3p,Monfils G.,Lehecka J.,0,0,ou,22.50,under,ft,1.45,3
bs1YIy3p,Monfils G.,Lehecka J.,0,0,ou,23.00,over,ft,2.4,2
bs1YIy3p,Monfils G.,Lehecka J.,0,0,ou,23.00,under,ft,1.52,2
bs1YIy3p,Monfils G.,Lehecka J.,0,0,ou,23.50,over,ft,2.627,3
bs1YIy3p,Monfils G.,Lehecka J.,0,0,ou,23.50,under,ft,1.457,3
bs1YIy3p,Monfils G.,Lehecka J.,0,0,hc,1.00,home,ft,4.06,2
bs1YIy3p,Monfils G.,Lehecka J.,0,0,hc,1.00,away,ft,1.18,2
bs1YIy3p,Monfils G.,Lehecka J.,0,0,hc,1.50,home,ft,2.465,4
bs1YIy3p,Monfils G.,Lehecka J.,0,0,hc,1.50,away,ft,1.502,4
bs1YIy3p,Monfils G.,Lehecka J.,0,0,hc,-1.50,home,ft,8.77,4
bs1YIy3p,Monfils G.,Lehecka J.,0,0,hc,-1.50,away,ft,1.042,4
bs1YIy3p,Monfils G.,Lehecka J.,0,0,hc,1.50,home,ft,4.36,1
bs1YIy3p,Monfils G.,Lehecka J.,0,0,hc,1.50,away,ft,1.2,1
bs1YIy3p,Monfils G.,Lehecka J.,0,0,hc,2.50,home,ft,3.387,3
bs1YIy3p,Monfils G.,Lehecka J.,0,0,hc,2.50,away,ft,1.29,3
bs1YIy3p,Monfils G.,Lehecka J.,0,0,hc,3.00,home,ft,3.05,2
bs1YIy3p,Monfils G.,Lehecka J.,0,0,hc,3.00,away,ft,1.34,2
bs1YIy3p,Monfils G.,Lehecka J.,0,0,hc,3.50,home,ft,2.845,4
bs1YIy3p,Monfils G.,Lehecka J.,0,0,hc,3.50,away,ft,1.407,4
bs1YIy3p,Monfils G.,Lehecka J.,0,0,hc,4.00,home,ft,2.727,3
bs1YIy3p,Monfils G.,Lehecka J.,0,0,hc,4.00,away,ft,1.443,3
bs1YIy3p,Monfils G.,Lehecka J.,0,0,hc,4.50,home,ft,2.24,4
bs1YIy3p,Monfils G.,Lehecka J.,0,0,hc,4.50,away,ft,1.67,4
bs1YIy3p,Monfils G.,Lehecka J.,0,0,hc,5.00,home,ft,2.033,3
bs1YIy3p,Monfils G.,Lehecka J.,0,0,hc,5.00,away,ft,1.78,3
bs1YIy3p,Monfils G.,Lehecka J.,0,0,hc,5.50,home,ft,1.785,4
bs1YIy3p,Monfils G.,Lehecka J.,0,0,hc,5.50,away,ft,2.05,4
bs1YIy3p,Monfils G.,Lehecka J.,0,0,hc,6.00,home,ft,1.53,3
bs1YIy3p,Monfils G.,Lehecka J.,0,0,hc,6.00,away,ft,2.503,3
bs1YIy3p,Monfils G.,Lehecka J.,0,0,hc,6.50,home,ft,1.417,4
bs1YIy3p,Monfils G.,Lehecka J.,0,0,hc,6.50,away,ft,2.862,4
bs1YIy3p,Monfils G.,Lehecka J.,0,0,hc,7.00,home,ft,1.24,2
bs1YIy3p,Monfils G.,Lehecka J.,0,0,hc,7.00,away,ft,3.74,2
bs1YIy3p,Monfils G.,Lehecka J.,0,0,hc,7.50,home,ft,1.187,3
bs1YIy3p,Monfils G.,Lehecka J.,0,0,hc,7.50,away,ft,4.327,3
CM6WlqW5,Popyrin A.,Molcan A.,1,1,ou,19.50,over,ft,1.41,1
CM6WlqW5,Popyrin A.,Molcan A.,1,1,ou,19.50,under,ft,2.92,1
CM6WlqW5,Popyrin A.,Molcan A.,1,1,ou,20.50,over,ft,1.497,3
CM6WlqW5,Popyrin A.,Molcan A.,1,1,ou,20.50,under,ft,2.493,3
CM6WlqW5,Popyrin A.,Molcan A.,1,1,ou,21.00,over,ft,1.54,2
CM6WlqW5,Popyrin A.,Molcan A.,1,1,ou,21.00,under,ft,2.36,2
CM6WlqW5,Popyrin A.,Molcan A.,1,1,ou,21.50,over,ft,1.657,3
CM6WlqW5,Popyrin A.,Molcan A.,1,1,ou,21.50,under,ft,2.19,3
CM6WlqW5,Popyrin A.,Molcan A.,1,1,ou,22.00,over,ft,1.76,2
CM6WlqW5,Popyrin A.,Molcan A.,1,1,ou,22.00,under,ft,2.03,2
CM6WlqW5,Popyrin A.,Molcan A.,1,1,ou,22.50,over,ft,1.907,3
CM6WlqW5,Popyrin A.,Molcan A.,1,1,ou,22.50,under,ft,1.897,3
CM6WlqW5,Popyrin A.,Molcan A.,1,1,ou,23.00,over,ft,2.01,2
CM6WlqW5,Popyrin A.,Molcan A.,1,1,ou,23.00,under,ft,1.77,2
CM6WlqW5,Popyrin A.,Molcan A.,1,1,ou,23.50,over,ft,2.093,3
CM6WlqW5,Popyrin A.,Molcan A.,1,1,ou,23.50,under,ft,1.717,3
CM6WlqW5,Popyrin A.,Molcan A.,1,1,ou,24.00,over,ft,2.14,2
CM6WlqW5,Popyrin A.,Molcan A.,1,1,ou,24.00,under,ft,1.65,2
CM6WlqW5,Popyrin A.,Molcan A.,1,1,ou,24.50,over,ft,2.17,3
CM6WlqW5,Popyrin A.,Molcan A.,1,1,ou,24.50,under,ft,1.647,3
CM6WlqW5,Popyrin A.,Molcan A.,1,1,ou,25.50,over,ft,2.397,3
CM6WlqW5,Popyrin A.,Molcan A.,1,1,ou,25.50,under,ft,1.513,3
CM6WlqW5,Popyrin A.,Molcan A.,1,1,ou,26.50,over,ft,2.71,1
CM6WlqW5,Popyrin A.,Molcan A.,1,1,ou,26.50,under,ft,1.47,1
CM6WlqW5,Popyrin A.,Molcan A.,1,1,hc,1.00,home,ft,1.58,2
CM6WlqW5,Popyrin A.,Molcan A.,1,1,hc,1.00,away,ft,2.18,2
CM6WlqW5,Popyrin A.,Molcan A.,1,1,hc,-1.00,home,ft,2.69,2
CM6WlqW5,Popyrin A.,Molcan A.,1,1,hc,-1.00,away,ft,1.38,2
CM6WlqW5,Popyrin A.,Molcan A.,1,1,hc,1.50,home,ft,1.387,3
CM6WlqW5,Popyrin A.,Molcan A.,1,1,hc,1.50,away,ft,2.75,3
CM6WlqW5,Popyrin A.,Molcan A.,1,1,hc,-1.50,home,ft,3.32,3
CM6WlqW5,Popyrin A.,Molcan A.,1,1,hc,-1.50,away,ft,1.273,3
CM6WlqW5,Popyrin A.,Molcan A.,1,1,hc,0,home,ft,2.07,2
CM6WlqW5,Popyrin A.,Molcan A.,1,1,hc,0,away,ft,1.64,2
CM6WlqW5,Popyrin A.,Molcan A.,1,1,hc,0.50,home,ft,1.913,3
CM6WlqW5,Popyrin A.,Molcan A.,1,1,hc,0.50,away,ft,1.81,3
CM6WlqW5,Popyrin A.,Molcan A.,1,1,hc,-0.50,home,ft,2.067,3
CM6WlqW5,Popyrin A.,Molcan A.,1,1,hc,-0.50,away,ft,1.687,3
CM6WlqW5,Popyrin A.,Molcan A.,1,1,hc,1.00,home,ft,1.84,2
CM6WlqW5,Popyrin A.,Molcan A.,1,1,hc,1.00,away,ft,1.83,2
CM6WlqW5,Popyrin A.,Molcan A.,1,1,hc,-1.00,home,ft,2.15,2
CM6WlqW5,Popyrin A.,Molcan A.,1,1,hc,-1.00,away,ft,1.59,2
CM6WlqW5,Popyrin A.,Molcan A.,1,1,hc,1.50,home,ft,1.78,3
CM6WlqW5,Popyrin A.,Molcan A.,1,1,hc,1.50,away,ft,1.943,3
CM6WlqW5,Popyrin A.,Molcan A.,1,1,hc,-1.50,home,ft,2.203,3
CM6WlqW5,Popyrin A.,Molcan A.,1,1,hc,-1.50,away,ft,1.603,3
CM6WlqW5,Popyrin A.,Molcan A.,1,1,hc,2.00,home,ft,1.68,2
CM6WlqW5,Popyrin A.,Molcan A.,1,1,hc,2.00,away,ft,2.01,2
CM6WlqW5,Popyrin A.,Molcan A.,1,1,hc,-2.00,home,ft,2.34,2
CM6WlqW5,Popyrin A.,Molcan A.,1,1,hc,-2.00,away,ft,1.5,2
CM6WlqW5,Popyrin A.,Molcan A.,1,1,hc,2.50,home,ft,1.63,3
CM6WlqW5,Popyrin A.,Molcan A.,1,1,hc,2.50,away,ft,2.157,3
CM6WlqW5,Popyrin A.,Molcan A.,1,1,hc,-2.50,home,ft,2.383,3
CM6WlqW5,Popyrin A.,Molcan A.,1,1,hc,-2.50,away,ft,1.52,3
CM6WlqW5,Popyrin A.,Molcan A.,1,1,hc,3.00,home,ft,1.5,2
CM6WlqW5,Popyrin A.,Molcan A.,1,1,hc,3.00,away,ft,2.34,2
CM6WlqW5,Popyrin A.,Molcan A.,1,1,hc,3.50,home,ft,1.45,3
CM6WlqW5,Popyrin A.,Molcan A.,1,1,hc,3.50,away,ft,2.57,3
CM6WlqW5,Popyrin A.,Molcan A.,1,1,hc,-3.50,home,ft,2.95,1
CM6WlqW5,Popyrin A.,Molcan A.,1,1,hc,-3.50,away,ft,1.4,1
rHs2hl2H,Djokovic N.,van Assche L.,2,2,ou,15.50,over,ft,1.22,2
rHs2hl2H,Djokovic N.,van Assche L.,2,2,ou,15.50,under,ft,3.84,2
rHs2hl2H,Djokovic N.,van Assche L.,2,2,ou,16.00,over,ft,1.27,2
rHs2hl2H,Djokovic N.,van Assche L.,2,2,ou,16.00,under,ft,3.5,2
rHs2hl2H,Djokovic N.,van Assche L.,2,2,ou,16.50,over,ft,1.437,3
rHs2hl2H,Djokovic N.,van Assche L.,2,2,ou,16.50,under,ft,2.733,3
rHs2hl2H,Djokovic N.,van Assche L.,2,2,ou,17.00,over,ft,1.56,2
rHs2hl2H,Djokovic N.,van Assche L.,2,2,ou,17.00,under,ft,2.38,2
rHs2hl2H,Djokovic N.,van Assche L.,2,2,ou,17.50,over,ft,1.75,3
rHs2hl2H,Djokovic N.,van Assche L.,2,2,ou,17.50,under,ft,2.08,3
rHs2hl2H,Djokovic N.,van Assche L.,2,2,ou,18.00,over,ft,1.89,2
rHs2hl2H,Djokovic N.,van Assche L.,2,2,ou,18.00,under,ft,1.88,2
rHs2hl2H,Djokovic N.,van Assche L.,2,2,ou,18.50,over,ft,2.043,3
rHs2hl2H,Djokovic N.,van Assche L.,2,2,ou,18.50,under,ft,1.79,3
rHs2hl2H,Djokovic N.,van Assche L.,2,2,ou,19.00,over,ft,2.23,2
rHs2hl2H,Djokovic N.,van Assche L.,2,2,ou,19.00,under,ft,1.6,2
rHs2hl2H,Djokovic N.,van Assche L.,2,2,ou,19.50,over,ft,2.407,3
rHs2hl2H,Djokovic N.,van Assche L.,2,2,ou,19.50,under,ft,1.533,3
rHs2hl2H,Djokovic N.,van Assche L.,2,2,ou,20.00,over,ft,2.6,2
rHs2hl2H,Djokovic N.,van Assche L.,2,2,ou,20.00,under,ft,1.45,2
rHs2hl2H,Djokovic N.,van Assche L.,2,2,ou,20.50,over,ft,2.747,3
rHs2hl2H,Djokovic N.,van Assche L.,2,2,ou,20.50,under,ft,1.417,3
rHs2hl2H,Djokovic N.,van Assche L.,2,2,ou,21.50,over,ft,3.16,1
rHs2hl2H,Djokovic N.,van Assche L.,2,2,ou,21.50,under,ft,1.36,1
rHs2hl2H,Djokovic N.,van Assche L.,2,2,hc,-1.00,home,ft,1.08,2
rHs2hl2H,Djokovic N.,van Assche L.,2,2,hc,-1.00,away,ft,7.4,2
rHs2hl2H,Djokovic N.,van Assche L.,2,2,hc,-1.50,home,ft,1.34,2
rHs2hl2H,Djokovic N.,van Assche L.,2,2,hc,-1.50,away,ft,3.2,2
rHs2hl2H,Djokovic N.,van Assche L.,2,2,hc,-3.50,home,ft,1.14,1
rHs2hl2H,Djokovic N.,van Assche L.,2,2,hc,-3.50,away,ft,5.16,1
rHs2hl2H,Djokovic N.,van Assche L.,2,2,hc,-4.50,home,ft,1.26,3
rHs2hl2H,Djokovic N.,van Assche L.,2,2,hc,-4.50,away,ft,3.587,3
rHs2hl2H,Djokovic N.,van Assche L.,2,2,hc,-5.00,home,ft,1.32,2
rHs2hl2H,Djokovic N.,van Assche L.,2,2,hc,-5.00,away,ft,3.16,2
rHs2hl2H,Djokovic N.,van Assche L.,2,2,hc,-5.50,home,ft,1.477,3
rHs2hl2H,Djokovic N.,van Assche L.,2,2,hc,-5.50,away,ft,2.6,3
rHs2hl2H,Djokovic N.,van Assche L.,2,2,hc,-6.00,home,ft,1.6,2
rHs2hl2H,Djokovic N.,van Assche L.,2,2,hc,-6.00,away,ft,2.29,2
rHs2hl2H,Djokovic N.,van Assche L.,2,2,hc,-6.50,home,ft,1.86,3
rHs2hl2H,Djokovic N.,van Assche L.,2,2,hc,-6.50,away,ft,1.967,3
rHs2hl2H,Djokovic N.,van Assche L.,2,2,hc,-7.00,home,ft,2.17,2
rHs2hl2H,Djokovic N.,van Assche L.,2,2,hc,-7.00,away,ft,1.67,2
rHs2hl2H,Djokovic N.,van Assche L.,2,2,hc,-7.50,home,ft,2.573,3
rHs2hl2H,Djokovic N.,van Assche L.,2,2,hc,-7.50,away,ft,1.487,3
rHs2hl2H,Djokovic N.,van Assche L.,2,2,hc,-8.00,home,ft,3.38,2
rHs2hl2H,Djokovic N.,van Assche L.,2,2,hc,-8.00,away,ft,1.29,2
rHs2hl2H,Djokovic N.,van Assche L.,2,2,hc,-8.50,home,ft,3.933,3
rHs2hl2H,Djokovic N.,van Assche L.,2,2,hc,-8.50,away,ft,1.22,3
AyeWwwuA,Medjedovic H.,Barrere G.,0,0,ou,2.50,over,ft,2.46,1
AyeWwwuA,Medjedovic H.,Barrere G.,0,0,ou,2.50,under,ft,1.59,1
AyeWwwuA,Medjedovic H.,Barrere G.,0,0,ou,19.50,over,ft,1.43,3
AyeWwwuA,Medjedovic H.,Barrere G.,0,0,ou,19.50,under,ft,2.697,3
AyeWwwuA,Medjedovic H.,Barrere G.,0,0,ou,20.00,over,ft,1.48,2
AyeWwwuA,Medjedovic H.,Barrere G.,0,0,ou,20.00,under,ft,2.51,2
AyeWwwuA,Medjedovic H.,Barrere G.,0,0,ou,20.50,over,ft,1.537,3
AyeWwwuA,Medjedovic H.,Barrere G.,0,0,ou,20.50,under,ft,2.363,3
AyeWwwuA,Medjedovic H.,Barrere G.,0,0,ou,21.00,over,ft,1.633,3
AyeWwwuA,Medjedovic H.,Barrere G.,0,0,ou,21.00,under,ft,2.23,3
AyeWwwuA,Medjedovic H.,Barrere G.,0,0,ou,21.50,over,ft,1.725,4
AyeWwwuA,Medjedovic H.,Barrere G.,0,0,ou,21.50,under,ft,2.083,4
AyeWwwuA,Medjedovic H.,Barrere G.,0,0,ou,22.00,over,ft,1.853,3
AyeWwwuA,Medjedovic H.,Barrere G.,0,0,ou,22.00,under,ft,1.95,3
AyeWwwuA,Medjedovic H.,Barrere G.,0,0,ou,22.50,over,ft,1.738,4
AyeWwwuA,Medjedovic H.,Barrere G.,0,0,ou,22.50,under,ft,2.188,4
AyeWwwuA,Medjedovic H.,Barrere G.,0,0,ou,23.00,over,ft,1.743,3
AyeWwwuA,Medjedovic H.,Barrere G.,0,0,ou,23.00,under,ft,2.167,3
AyeWwwuA,Medjedovic H.,Barrere G.,0,0,ou,23.50,over,ft,2.237,4
AyeWwwuA,Medjedovic H.,Barrere G.,0,0,ou,23.50,under,ft,1.627,4
AyeWwwuA,Medjedovic H.,Barrere G.,0,0,ou,24.00,over,ft,2.21,2
AyeWwwuA,Medjedovic H.,Barrere G.,0,0,ou,24.00,under,ft,1.61,2
AyeWwwuA,Medjedovic H.,Barrere G.,0,0,ou,24.50,over,ft,1.843,4
AyeWwwuA,Medjedovic H.,Barrere G.,0,0,ou,24.50,under,ft,2.01,4
AyeWwwuA,Medjedovic H.,Barrere G.,0,0,ou,25.00,over,ft,1.73,2
AyeWwwuA,Medjedovic H.,Barrere G.,0,0,ou,25.00,under,ft,2.07,2
AyeWwwuA,Medjedovic H.,Barrere G.,0,0,ou,25.50,over,ft,1.998,4
AyeWwwuA,Medjedovic H.,Barrere G.,0,0,ou,25.50,under,ft,1.87,4
AyeWwwuA,Medjedovic H.,Barrere G.,0,0,ou,26.00,over,ft,2.04,2
AyeWwwuA,Medjedovic H.,Barrere G.,0,0,ou,26.00,under,ft,1.75,2
AyeWwwuA,Medjedovic H.,Barrere G.,0,0,ou,26.50,over,ft,2.133,3
AyeWwwuA,Medjedovic H.,Barrere G.,0,0,ou,26.50,under,ft,1.72,3
AyeWwwuA,Medjedovic H.,Barrere G.,0,0,ou,27.00,over,ft,2.26,2
AyeWwwuA,Medjedovic H.,Barrere G.,0,0,ou,27.00,under,ft,1.6,2
AyeWwwuA,Medjedovic H.,Barrere G.,0,0,ou,27.50,over,ft,2.237,3
AyeWwwuA,Medjedovic H.,Barrere G.,0,0,ou,27.50,under,ft,1.623,3
AyeWwwuA,Medjedovic H.,Barrere G.,0,0,ou,28.00,over,ft,2.28,2
AyeWwwuA,Medjedovic H.,Barrere G.,0,0,ou,28.00,under,ft,1.56,2
AyeWwwuA,Medjedovic H.,Barrere G.,0,0,hc,1.00,home,ft,2.95,2
AyeWwwuA,Medjedovic H.,Barrere G.,0,0,hc,1.00,away,ft,1.39,2
AyeWwwuA,Medjedovic H.,Barrere G.,0,0,hc,-1.00,home,ft,1.94,2
AyeWwwuA,Medjedovic H.,Barrere G.,0,0,hc,-1.00,away,ft,1.73,2
AyeWwwuA,Medjedovic H.,Barrere G.,0,0,hc,1.50,home,ft,2.217,3
AyeWwwuA,Medjedovic H.,Barrere G.,0,0,hc,1.50,away,ft,1.64,3
AyeWwwuA,Medjedovic H.,Barrere G.,0,0,hc,-1.50,home,ft,2.555,4
AyeWwwuA,Medjedovic H.,Barrere G.,0,0,hc,-1.50,away,ft,1.47,4
AyeWwwuA,Medjedovic H.,Barrere G.,0,0,hc,0,home,ft,1.55,2
AyeWwwuA,Medjedovic H.,Barrere G.,0,0,hc,0,away,ft,2.23,2
AyeWwwuA,Medjedovic H.,Barrere G.,0,0,hc,0.50,home,ft,2.443,3
AyeWwwuA,Medjedovic H.,Barrere G.,0,0,hc,0.50,away,ft,1.697,3
AyeWwwuA,Medjedovic H.,Barrere G.,0,0,hc,-0.50,home,ft,1.673,3
AyeWwwuA,Medjedovic H.,Barrere G.,0,0,hc,-0.50,away,ft,2.127,3
AyeWwwuA,Medjedovic H.,Barrere G.,0,0,hc,1.00,home,ft,2.82,2
AyeWwwuA,Medjedovic H.,Barrere G.,0,0,hc,1.00,away,ft,1.39,2
AyeWwwuA,Medjedovic H.,Barrere G.,0,0,hc,-1.00,home,ft,1.733,3
AyeWwwuA,Medjedovic H.,Barrere G.,0,0,hc,-1.00,away,ft,2.043,3
AyeWwwuA,Medjedovic H.,Barrere G.,0,0,hc,1.50,home,ft,2.375,4
AyeWwwuA,Medjedovic H.,Barrere G.,0,0,hc,1.50,away,ft,1.728,4
AyeWwwuA,Medjedovic H.,Barrere G.,0,0,hc,-1.50,home,ft,1.845,4
AyeWwwuA,Medjedovic H.,Barrere G.,0,0,hc,-1.50,away,ft,1.975,4
AyeWwwuA,Medjedovic H.,Barrere G.,0,0,hc,2.00,home,ft,2.31,2
AyeWwwuA,Medjedovic H.,Barrere G.,0,0,hc,2.00,away,ft,1.59,2
AyeWwwuA,Medjedovic H.,Barrere G.,0,0,hc,-2.00,home,ft,1.897,3
AyeWwwuA,Medjedovic H.,Barrere G.,0,0,hc,-2.00,away,ft,1.867,3
AyeWwwuA,Medjedovic H.,Barrere G.,0,0,hc,2.50,home,ft,1.923,3
AyeWwwuA,Medjedovic H.,Barrere G.,0,0,hc,2.50,away,ft,1.88,3
AyeWwwuA,Medjedovic H.,Barrere G.,0,0,hc,-2.50,home,ft,1.995,4
AyeWwwuA,Medjedovic H.,Barrere G.,0,0,hc,-2.50,away,ft,1.802,4
AyeWwwuA,Medjedovic H.,Barrere G.,0,0,hc,3.00,home,ft,1.66,2
AyeWwwuA,Medjedovic H.,Barrere G.,0,0,hc,3.00,away,ft,2.17,2
AyeWwwuA,Medjedovic H.,Barrere G.,0,0,hc,-3.00,home,ft,2.18,3
AyeWwwuA,Medjedovic H.,Barrere G.,0,0,hc,-3.00,away,ft,1.653,3
AyeWwwuA,Medjedovic H.,Barrere G.,0,0,hc,3.50,home,ft,1.5,3
AyeWwwuA,Medjedovic H.,Barrere G.,0,0,hc,3.50,away,ft,2.547,3
AyeWwwuA,Medjedovic H.,Barrere G.,0,0,hc,-3.50,home,ft,2.292,4
AyeWwwuA,Medjedovic H.,Barrere G.,0,0,hc,-3.50,away,ft,1.603,4
AyeWwwuA,Medjedovic H.,Barrere G.,0,0,hc,4.00,home,ft,1.18,2
AyeWwwuA,Medjedovic H.,Barrere G.,0,0,hc,4.00,away,ft,4.5,2
AyeWwwuA,Medjedovic H.,Barrere G.,0,0,hc,-4.00,home,ft,2.64,2
AyeWwwuA,Medjedovic H.,Barrere G.,0,0,hc,-4.00,away,ft,1.44,2
AyeWwwuA,Medjedovic H.,Barrere G.,0,0,hc,4.50,home,ft,1.11,2
AyeWwwuA,Medjedovic H.,Barrere G.,0,0,hc,4.50,away,ft,5.5,2
AyeWwwuA,Medjedovic H.,Barrere G.,0,0,hc,-4.50,home,ft,2.923,3
AyeWwwuA,Medjedovic H.,Barrere G.,0,0,hc,-4.50,away,ft,1.37,3
I1bvxH9M,Varillas J. P.,Gaston H.,2,2,ou,2.50,over,ft,2.38,1
I1bvxH9M,Varillas J. P.,Gaston H.,2,2,ou,2.50,under,ft,1.62,1
I1bvxH9M,Varillas J. P.,Gaston H.,2,2,ou,19.50,over,ft,1.433,3
I1bvxH9M,Varillas J. P.,Gaston H.,2,2,ou,19.50,under,ft,2.687,3
I1bvxH9M,Varillas J. P.,Gaston H.,2,2,ou,20.00,over,ft,1.485,2
I1bvxH9M,Varillas J. P.,Gaston H.,2,2,ou,20.00,under,ft,2.495,2
I1bvxH9M,Varillas J. P.,Gaston H.,2,2,ou,20.50,over,ft,1.527,4
I1bvxH9M,Varillas J. P.,Gaston H.,2,2,ou,20.50,under,ft,2.487,4
I1bvxH9M,Varillas J. P.,Gaston H.,2,2,ou,21.00,over,ft,1.557,3
I1bvxH9M,Varillas J. P.,Gaston H.,2,2,ou,21.00,under,ft,2.41,3
I1bvxH9M,Varillas J. P.,Gaston H.,2,2,ou,21.50,over,ft,1.68,4
I1bvxH9M,Varillas J. P.,Gaston H.,2,2,ou,21.50,under,ft,2.197,4
I1bvxH9M,Varillas J. P.,Gaston H.,2,2,ou,22.00,over,ft,1.757,3
I1bvxH9M,Varillas J. P.,Gaston H.,2,2,ou,22.00,under,ft,2.077,3
I1bvxH9M,Varillas J. P.,Gaston H.,2,2,ou,22.50,over,ft,1.74,4
I1bvxH9M,Varillas J. P.,Gaston H.,2,2,ou,22.50,under,ft,2.105,4
I1bvxH9M,Varillas J. P.,Gaston H.,2,2,ou,23.00,over,ft,1.837,3
I1bvxH9M,Varillas J. P.,Gaston H.,2,2,ou,23.00,under,ft,1.987,3
I1bvxH9M,Varillas J. P.,Gaston H.,2,2,ou,23.50,over,ft,1.995,4
I1bvxH9M,Varillas J. P.,Gaston H.,2,2,ou,23.50,under,ft,1.825,4
I1bvxH9M,Varillas J. P.,Gaston H.,2,2,ou,24.00,over,ft,1.86,2
I1bvxH9M,Varillas J. P.,Gaston H.,2,2,ou,24.00,under,ft,1.91,2
I1bvxH9M,Varillas J. P.,Gaston H.,2,2,ou,24.50,over,ft,2.062,4
I1bvxH9M,Varillas J. P.,Gaston H.,2,2,ou,24.50,under,ft,1.79,4
I1bvxH9M,Varillas J. P.,Gaston H.,2,2,ou,25.00,over,ft,1.94,2
I1bvxH9M,Varillas J. P.,Gaston H.,2,2,ou,25.00,under,ft,1.83,2
I1bvxH9M,Varillas J. P.,Gaston H.,2,2,ou,25.50,over,ft,1.99,2
I1bvxH9M,Varillas J. P.,Gaston H.,2,2,ou,25.50,under,ft,1.77,2
I1bvxH9M,Varillas J. P.,Gaston H.,2,2,ou,26.00,over,ft,2.09,2
I1bvxH9M,Varillas J. P.,Gaston H.,2,2,ou,26.00,under,ft,1.68,2
I1bvxH9M,Varillas J. P.,Gaston H.,2,2,ou,26.50,over,ft,2.16,2
I1bvxH9M,Varillas J. P.,Gaston H.,2,2,ou,26.50,under,ft,1.62,2
I1bvxH9M,Varillas J. P.,Gaston H.,2,2,hc,1.00,home,ft,1.8,2
I1bvxH9M,Varillas J. P.,Gaston H.,2,2,hc,1.00,away,ft,1.99,2
I1bvxH9M,Varillas J. P.,Gaston H.,2,2,hc,-1.00,home,ft,1.93,2
I1bvxH9M,Varillas J. P.,Gaston H.,2,2,hc,-1.00,away,ft,1.74,2
I1bvxH9M,Varillas J. P.,Gaston H.,2,2,hc,1.50,home,ft,1.587,3
I1bvxH9M,Varillas J. P.,Gaston H.,2,2,hc,1.50,away,ft,2.37,3
I1bvxH9M,Varillas J. P.,Gaston H.,2,2,hc,-1.50,home,ft,5.045,4
I1bvxH9M,Varillas J. P.,Gaston H.,2,2,hc,-1.50,away,ft,1.208,4
I1bvxH9M,Varillas J. P.,Gaston H.,2,2,hc,0,home,ft,1.59,2
I1bvxH9M,Varillas J. P.,Gaston H.,2,2,hc,0,away,ft,2.15,2
I1bvxH9M,Varillas J. P.,Gaston H.,2,2,hc,0.50,home,ft,1.922,4
I1bvxH9M,Varillas J. P.,Gaston H.,2,2,hc,0.50,away,ft,1.907,4
I1bvxH9M,Varillas J. P.,Gaston H.,2,2,hc,-0.50,home,ft,1.92,4
I1bvxH9M,Varillas J. P.,Gaston H.,2,2,hc,-0.50,away,ft,1.922,4
I1bvxH9M,Varillas J. P.,Gaston H.,2,2,hc,1.00,home,ft,1.94,2
I1bvxH9M,Varillas J. P.,Gaston H.,2,2,hc,1.00,away,ft,1.83,2
I1bvxH9M,Varillas J. P.,Gaston H.,2,2,hc,-1.00,home,ft,2.107,3
I1bvxH9M,Varillas J. P.,Gaston H.,2,2,hc,-1.00,away,ft,1.743,3
I1bvxH9M,Varillas J. P.,Gaston H.,2,2,hc,1.50,home,ft,1.92,3
I1bvxH9M,Varillas J. P.,Gaston H.,2,2,hc,1.50,away,ft,1.88,3
I1bvxH9M,Varillas J. P.,Gaston H.,2,2,hc,-1.50,home,ft,2.01,4
I1bvxH9M,Varillas J. P.,Gaston H.,2,2,hc,-1.50,away,ft,1.828,4
I1bvxH9M,Varillas J. P.,Gaston H.,2,2,hc,2.00,home,ft,1.8,2
I1bvxH9M,Varillas J. P.,Gaston H.,2,2,hc,2.00,away,ft,1.97,2
I1bvxH9M,Varillas J. P.,Gaston H.,2,2,hc,-2.00,home,ft,2.217,3
I1bvxH9M,Varillas J. P.,Gaston H.,2,2,hc,-2.00,away,ft,1.657,3
I1bvxH9M,Varillas J. P.,Gaston H.,2,2,hc,2.50,home,ft,1.74,3
I1bvxH9M,Varillas J. P.,Gaston H.,2,2,hc,2.50,away,ft,2.06,3
I1bvxH9M,Varillas J. P.,Gaston H.,2,2,hc,-2.50,home,ft,1.958,4
I1bvxH9M,Varillas J. P.,Gaston H.,2,2,hc,-2.50,away,ft,1.873,4
I1bvxH9M,Varillas J. P.,Gaston H.,2,2,hc,3.00,home,ft,1.55,2
I1bvxH9M,Varillas J. P.,Gaston H.,2,2,hc,3.00,away,ft,2.33,2
I1bvxH9M,Varillas J. P.,Gaston H.,2,2,hc,-3.00,home,ft,2.13,3
I1bvxH9M,Varillas J. P.,Gaston H.,2,2,hc,-3.00,away,ft,1.713,3
I1bvxH9M,Varillas J. P.,Gaston H.,2,2,hc,3.50,home,ft,1.46,2
I1bvxH9M,Varillas J. P.,Gaston H.,2,2,hc,3.50,away,ft,2.53,2
I1bvxH9M,Varillas J. P.,Gaston H.,2,2,hc,-3.50,home,ft,2.25,3
I1bvxH9M,Varillas J. P.,Gaston H.,2,2,hc,-3.50,away,ft,1.627,3
I1bvxH9M,Varillas J. P.,Gaston H.,2,2,hc,4.00,home,ft,1.3,2
I1bvxH9M,Varillas J. P.,Gaston H.,2,2,hc,4.00,away,ft,3.1,2
I1bvxH9M,Varillas J. P.,Gaston H.,2,2,hc,-4.00,home,ft,2.54,2
I1bvxH9M,Varillas J. P.,Gaston H.,2,2,hc,-4.00,away,ft,1.47,2
I1bvxH9M,Varillas J. P.,Gaston H.,2,2,hc,4.50,home,ft,1.22,2
I1bvxH9M,Varillas J. P.,Gaston H.,2,2,hc,4.50,away,ft,3.68,2
I1bvxH9M,Varillas J. P.,Gaston H.,2,2,hc,-4.50,home,ft,2.82,3
I1bvxH9M,Varillas J. P.,Gaston H.,2,2,hc,-4.50,away,ft,1.4,3
hnoTWFZt,Dzumhur D.,Broady L.,2,2,ou,2.50,over,ft,2.38,1
hnoTWFZt,Dzumhur D.,Broady L.,2,2,ou,2.50,under,ft,1.62,1
hnoTWFZt,Dzumhur D.,Broady L.,2,2,ou,19.50,over,ft,1.41,1
hnoTWFZt,Dzumhur D.,Broady L.,2,2,ou,19.50,under,ft,2.92,1
hnoTWFZt,Dzumhur D.,Broady L.,2,2,ou,20.50,over,ft,1.52,3
hnoTWFZt,Dzumhur D.,Broady L.,2,2,ou,20.50,under,ft,2.437,3
hnoTWFZt,Dzumhur D.,Broady L.,2,2,ou,21.00,over,ft,1.55,2
hnoTWFZt,Dzumhur D.,Broady L.,2,2,ou,21.00,under,ft,2.33,2
hnoTWFZt,Dzumhur D.,Broady L.,2,2,ou,21.50,over,ft,1.688,4
hnoTWFZt,Dzumhur D.,Broady L.,2,2,ou,21.50,under,ft,2.17,4
hnoTWFZt,Dzumhur D.,Broady L.,2,2,ou,22.00,over,ft,1.777,3
hnoTWFZt,Dzumhur D.,Broady L.,2,2,ou,22.00,under,ft,2.04,3
hnoTWFZt,Dzumhur D.,Broady L.,2,2,ou,22.50,over,ft,1.958,4
hnoTWFZt,Dzumhur D.,Broady L.,2,2,ou,22.50,under,ft,1.877,4
hnoTWFZt,Dzumhur D.,Broady L.,2,2,ou,23.00,over,ft,1.993,3
hnoTWFZt,Dzumhur D.,Broady L.,2,2,ou,23.00,under,ft,1.813,3
hnoTWFZt,Dzumhur D.,Broady L.,2,2,ou,23.50,over,ft,2.103,4
hnoTWFZt,Dzumhur D.,Broady L.,2,2,ou,23.50,under,ft,1.73,4
hnoTWFZt,Dzumhur D.,Broady L.,2,2,ou,24.00,over,ft,2.11,2
hnoTWFZt,Dzumhur D.,Broady L.,2,2,ou,24.00,under,ft,1.67,2
hnoTWFZt,Dzumhur D.,Broady L.,2,2,ou,24.50,over,ft,2.18,3
hnoTWFZt,Dzumhur D.,Broady L.,2,2,ou,24.50,under,ft,1.643,3
hnoTWFZt,Dzumhur D.,Broady L.,2,2,ou,25.50,over,ft,2.423,3
hnoTWFZt,Dzumhur D.,Broady L.,2,2,ou,25.50,under,ft,1.507,3
hnoTWFZt,Dzumhur D.,Broady L.,2,2,ou,26.50,over,ft,2.83,1
hnoTWFZt,Dzumhur D.,Broady L.,2,2,ou,26.50,under,ft,1.43,1
hnoTWFZt,Dzumhur D.,Broady L.,2,2,hc,1.00,home,ft,1.57,2
hnoTWFZt,Dzumhur D.,Broady L.,2,2,hc,1.00,away,ft,2.2,2
hnoTWFZt,Dzumhur D.,Broady L.,2,2,hc,-1.00,home,ft,2.73,2
hnoTWFZt,Dzumhur D.,Broady L.,2,2,hc,-1.00,away,ft,1.38,2
hnoTWFZt,Dzumhur D.,Broady L.,2,2,hc,1.50,home,ft,1.415,4
hnoTWFZt,Dzumhur D.,Broady L.,2,2,hc,1.50,away,ft,2.735,4
hnoTWFZt,Dzumhur D.,Broady L.,2,2,hc,-1.50,home,ft,3.383,4
hnoTWFZt,Dzumhur D.,Broady L.,2,2,hc,-1.50,away,ft,1.288,4
hnoTWFZt,Dzumhur D.,Broady L.,2,2,hc,0,home,ft,2.08,3
hnoTWFZt,Dzumhur D.,Broady L.,2,2,hc,0,away,ft,1.687,3
hnoTWFZt,Dzumhur D.,Broady L.,2,2,hc,0.50,home,ft,2.018,4
hnoTWFZt,Dzumhur D.,Broady L.,2,2,hc,0.50,away,ft,1.758,4
hnoTWFZt,Dzumhur D.,Broady L.,2,2,hc,-0.50,home,ft,2.123,4
hnoTWFZt,Dzumhur D.,Broady L.,2,2,hc,-0.50,away,ft,1.68,4
hnoTWFZt,Dzumhur D.,Broady L.,2,2,hc,1.00,home,ft,1.913,3
hnoTWFZt,Dzumhur D.,Broady L.,2,2,hc,1.00,away,ft,1.823,3
hnoTWFZt,Dzumhur D.,Broady L.,2,2,hc,-1.00,home,ft,2.17,2
hnoTWFZt,Dzumhur D.,Broady L.,2,2,hc,-1.00,away,ft,1.58,2
hnoTWFZt,Dzumhur D.,Broady L.,2,2,hc,1.50,home,ft,1.968,4
hnoTWFZt,Dzumhur D.,Broady L.,2,2,hc,1.50,away,ft,1.87,4
hnoTWFZt,Dzumhur D.,Broady L.,2,2,hc,-1.50,home,ft,2.29,3
hnoTWFZt,Dzumhur D.,Broady L.,2,2,hc,-1.50,away,ft,1.563,3
hnoTWFZt,Dzumhur D.,Broady L.,2,2,hc,2.00,home,ft,1.763,3
hnoTWFZt,Dzumhur D.,Broady L.,2,2,hc,2.00,away,ft,1.98,3
hnoTWFZt,Dzumhur D.,Broady L.,2,2,hc,-2.00,home,ft,2.34,2
hnoTWFZt,Dzumhur D.,Broady L.,2,2,hc,-2.00,away,ft,1.5,2
hnoTWFZt,Dzumhur D.,Broady L.,2,2,hc,2.50,home,ft,1.715,4
hnoTWFZt,Dzumhur D.,Broady L.,2,2,hc,2.50,away,ft,2.075,4
hnoTWFZt,Dzumhur D.,Broady L.,2,2,hc,-2.50,home,ft,2.28,3
hnoTWFZt,Dzumhur D.,Broady L.,2,2,hc,-2.50,away,ft,1.593,3
hnoTWFZt,Dzumhur D.,Broady L.,2,2,hc,3.00,home,ft,1.577,3
hnoTWFZt,Dzumhur D.,Broady L.,2,2,hc,3.00,away,ft,2.283,3
hnoTWFZt,Dzumhur D.,Broady L.,2,2,hc,3.50,home,ft,1.493,3
hnoTWFZt,Dzumhur D.,Broady L.,2,2,hc,3.50,away,ft,2.45,3
GEmxO1yJ,Djere L.,Coric B.,2,2,ou,20.50,over,ft,1.467,3
GEmxO1yJ,Djere L.,Coric B.,2,2,ou,20.50,under,ft,2.59,3
GEmxO1yJ,Djere L.,Coric B.,2,2,ou,21.00,over,ft,1.49,2
GEmxO1yJ,Djere L.,Coric B.,2,2,ou,21.00,under,ft,2.48,2
GEmxO1yJ,Djere L.,Coric B.,2,2,ou,21.50,over,ft,1.62,3
GEmxO1yJ,Djere L.,Coric B.,2,2,ou,21.50,under,ft,2.26,3
GEmxO1yJ,Djere L.,Coric B.,2,2,ou,22.00,over,ft,1.71,2
GEmxO1yJ,Djere L.,Coric B.,2,2,ou,22.00,under,ft,2.1,2
GEmxO1yJ,Djere L.,Coric B.,2,2,ou,22.50,over,ft,1.897,3
GEmxO1yJ,Djere L.,Coric B.,2,2,ou,22.50,under,ft,1.92,3
GEmxO1yJ,Djere L.,Coric B.,2,2,ou,23.00,over,ft,1.96,2
GEmxO1yJ,Djere L.,Coric B.,2,2,ou,23.00,under,ft,1.81,2
GEmxO1yJ,Djere L.,Coric B.,2,2,ou,23.50,over,ft,2.073,3
GEmxO1yJ,Djere L.,Coric B.,2,2,ou,23.50,under,ft,1.73,3
GEmxO1yJ,Djere L.,Coric B.,2,2,ou,24.00,over,ft,2.09,2
GEmxO1yJ,Djere L.,Coric B.,2,2,ou,24.00,under,ft,1.68,2
GEmxO1yJ,Djere L.,Coric B.,2,2,ou,24.50,over,ft,2.13,3
GEmxO1yJ,Djere L.,Coric B.,2,2,ou,24.50,under,ft,1.67,3
GEmxO1yJ,Djere L.,Coric B.,2,2,ou,25.50,over,ft,2.37,1
GEmxO1yJ,Djere L.,Coric B.,2,2,ou,25.50,under,ft,1.6,1
GEmxO1yJ,Djere L.,Coric B.,2,2,ou,26.50,over,ft,2.67,1
GEmxO1yJ,Djere L.,Coric B.,2,2,ou,26.50,under,ft,1.48,1
GEmxO1yJ,Djere L.,Coric B.,2,2,hc,1.00,home,ft,1.4,2
GEmxO1yJ,Djere L.,Coric B.,2,2,hc,1.00,away,ft,2.66,2
GEmxO1yJ,Djere L.,Coric B.,2,2,hc,-1.00,home,ft,1.87,2
GEmxO1yJ,Djere L.,Coric B.,2,2,hc,-1.00,away,ft,1.79,2
GEmxO1yJ,Djere L.,Coric B.,2,2,hc,1.50,home,ft,1.217,3
GEmxO1yJ,Djere L.,Coric B.,2,2,hc,1.50,away,ft,3.827,3
GEmxO1yJ,Djere L.,Coric B.,2,2,hc,-1.50,home,ft,2.483,3
GEmxO1yJ,Djere L.,Coric B.,2,2,hc,-1.50,away,ft,1.463,3
GEmxO1yJ,Djere L.,Coric B.,2,2,hc,0,home,ft,1.55,2
GEmxO1yJ,Djere L.,Coric B.,2,2,hc,0,away,ft,2.24,2
GEmxO1yJ,Djere L.,Coric B.,2,2,hc,0.50,home,ft,1.59,3
GEmxO1yJ,Djere L.,Coric B.,2,2,hc,0.50,away,ft,2.23,3
GEmxO1yJ,Djere L.,Coric B.,2,2,hc,-0.50,home,ft,1.633,3
GEmxO1yJ,Djere L.,Coric B.,2,2,hc,-0.50,away,ft,2.157,3
GEmxO1yJ,Djere L.,Coric B.,2,2,hc,1.00,home,ft,1.52,2
GEmxO1yJ,Djere L.,Coric B.,2,2,hc,1.00,away,ft,2.31,2
GEmxO1yJ,Djere L.,Coric B.,2,2,hc,-1.00,home,ft,1.63,2
GEmxO1yJ,Djere L.,Coric B.,2,2,hc,-1.00,away,ft,2.08,2
GEmxO1yJ,Djere L.,Coric B.,2,2,hc,1.50,home,ft,1.643,3
GEmxO1yJ,Djere L.,Coric B.,2,2,hc,1.50,away,ft,2.163,3
GEmxO1yJ,Djere L.,Coric B.,2,2,hc,-1.50,home,ft,1.86,3
GEmxO1yJ,Djere L.,Coric B.,2,2,hc,-1.50,away,ft,1.963,3
GEmxO1yJ,Djere L.,Coric B.,2,2,hc,2.00,home,ft,1.49,2
GEmxO1yJ,Djere L.,Coric B.,2,2,hc,2.00,away,ft,2.37,2
GEmxO1yJ,Djere L.,Coric B.,2,2,hc,-2.00,home,ft,1.78,2
GEmxO1yJ,Djere L.,Coric B.,2,2,hc,-2.00,away,ft,1.88,2
GEmxO1yJ,Djere L.,Coric B.,2,2,hc,2.50,home,ft,1.51,3
GEmxO1yJ,Djere L.,Coric B.,2,2,hc,2.50,away,ft,2.48,3
GEmxO1yJ,Djere L.,Coric B.,2,2,hc,-2.50,home,ft,1.95,3
GEmxO1yJ,Djere L.,Coric B.,2,2,hc,-2.50,away,ft,1.78,3
GEmxO1yJ,Djere L.,Coric B.,2,2,hc,-3.00,home,ft,2.1,2
GEmxO1yJ,Djere L.,Coric B.,2,2,hc,-3.00,away,ft,1.62,2
GEmxO1yJ,Djere L.,Coric B.,2,2,hc,-3.50,home,ft,2.347,3
GEmxO1yJ,Djere L.,Coric B.,2,2,hc,-3.50,away,ft,1.54,3
GEmxO1yJ,Djere L.,Coric B.,2,2,hc,-4.00,home,ft,2.77,2
GEmxO1yJ,Djere L.,Coric B.,2,2,hc,-4.00,away,ft,1.37,2
GEmxO1yJ,Djere L.,Coric B.,2,2,hc,-4.50,home,ft,3.06,2
GEmxO1yJ,Djere L.,Coric B.,2,2,hc,-4.50,away,ft,1.3,2
xnuBWfXq,Lajovic D.,Krajinovic F.,2,2,ou,2.50,over,ft,2.35,1
xnuBWfXq,Lajovic D.,Krajinovic F.,2,2,ou,2.50,under,ft,1.64,1
xnuBWfXq,Lajovic D.,Krajinovic F.,2,2,ou,19.50,over,ft,1.43,3
xnuBWfXq,Lajovic D.,Krajinovic F.,2,2,ou,19.50,under,ft,2.697,3
xnuBWfXq,Lajovic D.,Krajinovic F.,2,2,ou,20.00,over,ft,1.48,2
xnuBWfXq,Lajovic D.,Krajinovic F.,2,2,ou,20.00,under,ft,2.51,2
xnuBWfXq,Lajovic D.,Krajinovic F.,2,2,ou,20.50,over,ft,1.52,3
xnuBWfXq,Lajovic D.,Krajinovic F.,2,2,ou,20.50,under,ft,2.433,3
xnuBWfXq,Lajovic D.,Krajinovic F.,2,2,ou,21.00,over,ft,1.597,3
xnuBWfXq,Lajovic D.,Krajinovic F.,2,2,ou,21.00,under,ft,2.297,3
xnuBWfXq,Lajovic D.,Krajinovic F.,2,2,ou,21.50,over,ft,1.71,4
xnuBWfXq,Lajovic D.,Krajinovic F.,2,2,ou,21.50,under,ft,2.135,4
xnuBWfXq,Lajovic D.,Krajinovic F.,2,2,ou,22.00,over,ft,1.807,3
xnuBWfXq,Lajovic D.,Krajinovic F.,2,2,ou,22.00,under,ft,2.0,3
xnuBWfXq,Lajovic D.,Krajinovic F.,2,2,ou,22.50,over,ft,1.968,4
xnuBWfXq,Lajovic D.,Krajinovic F.,2,2,ou,22.50,under,ft,1.87,4
xnuBWfXq,Lajovic D.,Krajinovic F.,2,2,ou,23.00,over,ft,2.057,3
xnuBWfXq,Lajovic D.,Krajinovic F.,2,2,ou,23.00,under,ft,1.767,3
xnuBWfXq,Lajovic D.,Krajinovic F.,2,2,ou,23.50,over,ft,2.167,4
xnuBWfXq,Lajovic D.,Krajinovic F.,2,2,ou,23.50,under,ft,1.69,4
xnuBWfXq,Lajovic D.,Krajinovic F.,2,2,ou,24.00,over,ft,2.17,2
xnuBWfXq,Lajovic D.,Krajinovic F.,2,2,ou,24.00,under,ft,1.63,2
xnuBWfXq,Lajovic D.,Krajinovic F.,2,2,ou,24.50,over,ft,2.23,3
xnuBWfXq,Lajovic D.,Krajinovic F.,2,2,ou,24.50,under,ft,1.613,3
xnuBWfXq,Lajovic D.,Krajinovic F.,2,2,ou,25.00,over,ft,1.16,2
xnuBWfXq,Lajovic D.,Krajinovic F.,2,2,ou,25.00,under,ft,4.8,2
xnuBWfXq,Lajovic D.,Krajinovic F.,2,2,ou,25.50,over,ft,1.807,3
xnuBWfXq,Lajovic D.,Krajinovic F.,2,2,ou,25.50,under,ft,2.28,3
xnuBWfXq,Lajovic D.,Krajinovic F.,2,2,ou,26.00,over,ft,1.7,2
xnuBWfXq,Lajovic D.,Krajinovic F.,2,2,ou,26.00,under,ft,2.11,2
xnuBWfXq,Lajovic D.,Krajinovic F.,2,2,ou,26.50,over,ft,2.15,2
xnuBWfXq,Lajovic D.,Krajinovic F.,2,2,ou,26.50,under,ft,1.69,2
xnuBWfXq,Lajovic D.,Krajinovic F.,2,2,ou,27.00,over,ft,2.895,2
xnuBWfXq,Lajovic D.,Krajinovic F.,2,2,ou,27.00,under,ft,1.395,2
xnuBWfXq,Lajovic D.,Krajinovic F.,2,2,ou,27.50,over,ft,3.44,2
xnuBWfXq,Lajovic D.,Krajinovic F.,2,2,ou,27.50,under,ft,1.29,2
xnuBWfXq,Lajovic D.,Krajinovic F.,2,2,ou,28.00,over,ft,5.9,2
xnuBWfXq,Lajovic D.,Krajinovic F.,2,2,ou,28.00,under,ft,1.1,2
xnuBWfXq,Lajovic D.,Krajinovic F.,2,2,ou,28.50,over,ft,6.575,2
xnuBWfXq,Lajovic D.,Krajinovic F.,2,2,ou,28.50,under,ft,1.08,2
xnuBWfXq,Lajovic D.,Krajinovic F.,2,2,hc,1.00,home,ft,1.43,2
xnuBWfXq,Lajovic D.,Krajinovic F.,2,2,hc,1.00,away,ft,2.56,2
xnuBWfXq,Lajovic D.,Krajinovic F.,2,2,hc,-1.00,home,ft,2.06,2
xnuBWfXq,Lajovic D.,Krajinovic F.,2,2,hc,-1.00,away,ft,1.65,2
xnuBWfXq,Lajovic D.,Krajinovic F.,2,2,hc,1.50,home,ft,1.267,3
xnuBWfXq,Lajovic D.,Krajinovic F.,2,2,hc,1.50,away,ft,3.523,3
xnuBWfXq,Lajovic D.,Krajinovic F.,2,2,hc,-1.50,home,ft,2.643,4
xnuBWfXq,Lajovic D.,Krajinovic F.,2,2,hc,-1.50,away,ft,1.44,4
xnuBWfXq,Lajovic D.,Krajinovic F.,2,2,hc,0,home,ft,1.67,3
xnuBWfXq,Lajovic D.,Krajinovic F.,2,2,hc,0,away,ft,2.113,3
xnuBWfXq,Lajovic D.,Krajinovic F.,2,2,hc,0.50,home,ft,1.6,3
xnuBWfXq,Lajovic D.,Krajinovic F.,2,2,hc,0.50,away,ft,2.21,3
xnuBWfXq,Lajovic D.,Krajinovic F.,2,2,hc,-0.50,home,ft,1.725,4
xnuBWfXq,Lajovic D.,Krajinovic F.,2,2,hc,-0.50,away,ft,2.055,4
xnuBWfXq,Lajovic D.,Krajinovic F.,2,2,hc,1.00,home,ft,1.54,2
xnuBWfXq,Lajovic D.,Krajinovic F.,2,2,hc,1.00,away,ft,2.25,2
xnuBWfXq,Lajovic D.,Krajinovic F.,2,2,hc,-1.00,home,ft,1.78,3
xnuBWfXq,Lajovic D.,Krajinovic F.,2,2,hc,-1.00,away,ft,1.96,3
xnuBWfXq,Lajovic D.,Krajinovic F.,2,2,hc,1.50,home,ft,1.527,3
xnuBWfXq,Lajovic D.,Krajinovic F.,2,2,hc,1.50,away,ft,2.363,3
xnuBWfXq,Lajovic D.,Krajinovic F.,2,2,hc,-1.50,home,ft,1.895,4
xnuBWfXq,Lajovic D.,Krajinovic F.,2,2,hc,-1.50,away,ft,1.932,4
xnuBWfXq,Lajovic D.,Krajinovic F.,2,2,hc,2.00,home,ft,1.53,2
xnuBWfXq,Lajovic D.,Krajinovic F.,2,2,hc,2.00,away,ft,2.27,2
xnuBWfXq,Lajovic D.,Krajinovic F.,2,2,hc,-2.00,home,ft,1.933,3
xnuBWfXq,Lajovic D.,Krajinovic F.,2,2,hc,-2.00,away,ft,1.797,3
xnuBWfXq,Lajovic D.,Krajinovic F.,2,2,hc,-2.50,home,ft,2.042,4
xnuBWfXq,Lajovic D.,Krajinovic F.,2,2,hc,-2.50,away,ft,1.738,4
xnuBWfXq,Lajovic D.,Krajinovic F.,2,2,hc,-3.00,home,ft,2.223,3
xnuBWfXq,Lajovic D.,Krajinovic F.,2,2,hc,-3.00,away,ft,1.603,3
xnuBWfXq,Lajovic D.,Krajinovic F.,2,2,hc,-3.50,home,ft,1.553,3
xnuBWfXq,Lajovic D.,Krajinovic F.,2,2,hc,-3.50,away,ft,4.52,3
xnuBWfXq,Lajovic D.,Krajinovic F.,2,2,hc,-4.00,home,ft,1.13,2
xnuBWfXq,Lajovic D.,Krajinovic F.,2,2,hc,-4.00,away,ft,5.325,2
xnuBWfXq,Lajovic D.,Krajinovic F.,2,2,hc,-4.50,home,ft,1.33,2
xnuBWfXq,Lajovic D.,Krajinovic F.,2,2,hc,-4.50,away,ft,3.16,2
xnuBWfXq,Lajovic D.,Krajinovic F.,2,2,hc,-5.00,home,ft,1.43,2
xnuBWfXq,Lajovic D.,Krajinovic F.,2,2,hc,-5.00,away,ft,2.75,2
xnuBWfXq,Lajovic D.,Krajinovic F.,2,2,hc,-5.50,home,ft,1.7,2
xnuBWfXq,Lajovic D.,Krajinovic F.,2,2,hc,-5.50,away,ft,2.14,2
xnuBWfXq,Lajovic D.,Krajinovic F.,2,2,hc,-6.00,home,ft,2.13,2
xnuBWfXq,Lajovic D.,Krajinovic F.,2,2,hc,-6.00,away,ft,1.69,2
xnuBWfXq,Lajovic D.,Krajinovic F.,2,2,hc,-6.50,home,ft,2.65,2
xnuBWfXq,Lajovic D.,Krajinovic F.,2,2,hc,-6.50,away,ft,1.45,2
xnuBWfXq,Lajovic D.,Krajinovic F.,2,2,hc,-7.00,home,ft,4.8,2
xnuBWfXq,Lajovic D.,Krajinovic F.,2,2,hc,-7.00,away,ft,1.16,2
xnuBWfXq,Lajovic D.,Krajinovic F.,2,2,hc,-7.50,home,ft,5.7,2
xnuBWfXq,Lajovic D.,Krajinovic F.,2,2,hc,-7.50,away,ft,1.1,2
zH1FDhZI,Albot R.,Coria F.,,,ou,2.50,over,ft,2.33,1
zH1FDhZI,Albot R.,Coria F.,,,ou,2.50,under,ft,1.65,1
zH1FDhZI,Albot R.,Coria F.,,,ou,20.50,over,ft,1.57,3
zH1FDhZI,Albot R.,Coria F.,,,ou,20.50,under,ft,2.3,3
zH1FDhZI,Albot R.,Coria F.,,,ou,21.00,over,ft,1.667,3
zH1FDhZI,Albot R.,Coria F.,,,ou,21.00,under,ft,2.173,3
zH1FDhZI,Albot R.,Coria F.,,,ou,21.50,over,ft,1.752,4
zH1FDhZI,Albot R.,Coria F.,,,ou,21.50,under,ft,2.045,4
zH1FDhZI,Albot R.,Coria F.,,,ou,22.00,over,ft,1.88,3
zH1FDhZI,Albot R.,Coria F.,,,ou,22.00,under,ft,1.92,3
zH1FDhZI,Albot R.,Coria F.,,,ou,22.50,over,ft,2.005,4
zH1FDhZI,Albot R.,Coria F.,,,ou,22.50,under,ft,1.825,4
zH1FDhZI,Albot R.,Coria F.,,,ou,23.00,over,ft,2.107,3
zH1FDhZI,Albot R.,Coria F.,,,ou,23.00,under,ft,1.73,3
zH1FDhZI,Albot R.,Coria F.,,,ou,23.50,over,ft,2.243,3
zH1FDhZI,Albot R.,Coria F.,,,ou,23.50,under,ft,1.61,3
zH1FDhZI,Albot R.,Coria F.,,,ou,24.00,over,ft,2.23,2
zH1FDhZI,Albot R.,Coria F.,,,ou,24.00,under,ft,1.6,2
zH1FDhZI,Albot R.,Coria F.,,,ou,24.50,over,ft,2.347,3
zH1FDhZI,Albot R.,Coria F.,,,ou,24.50,under,ft,1.547,3
zH1FDhZI,Albot R.,Coria F.,,,ou,25.50,over,ft,2.61,1
zH1FDhZI,Albot R.,Coria F.,,,ou,25.50,under,ft,1.5,1
zH1FDhZI,Albot R.,Coria F.,,,hc,1.00,home,ft,1.59,2
zH1FDhZI,Albot R.,Coria F.,,,hc,1.00,away,ft,2.16,2
zH1FDhZI,Albot R.,Coria F.,,,hc,1.50,home,ft,1.393,3
zH1FDhZI,Albot R.,Coria F.,,,hc,1.50,away,ft,2.8,3
zH1FDhZI,Albot R.,Coria F.,,,hc,-1.50,home,ft,3.347,3
zH1FDhZI,Albot R.,Coria F.,,,hc,-1.50,away,ft,1.287,3
zH1FDhZI,Albot R.,Coria F.,,,hc,0,home,ft,1.907,3
zH1FDhZI,Albot R.,Coria F.,,,hc,0,away,ft,1.823,3
zH1FDhZI,Albot R.,Coria F.,,,hc,0.50,home,ft,1.968,4
zH1FDhZI,Albot R.,Coria F.,,,hc,0.50,away,ft,1.812,4
zH1FDhZI,Albot R.,Coria F.,,,hc,-0.50,home,ft,2.103,4
zH1FDhZI,Albot R.,Coria F.,,,hc,-0.50,away,ft,1.722,4
zH1FDhZI,Albot R.,Coria F.,,,hc,1.00,home,ft,1.853,3
zH1FDhZI,Albot R.,Coria F.,,,hc,1.00,away,ft,1.917,3
zH1FDhZI,Albot R.,Coria F.,,,hc,-1.00,home,ft,2.105,2
zH1FDhZI,Albot R.,Coria F.,,,hc,-1.00,away,ft,1.64,2
zH1FDhZI,Albot R.,Coria F.,,,hc,1.50,home,ft,1.857,4
zH1FDhZI,Albot R.,Coria F.,,,hc,1.50,away,ft,1.97,4
zH1FDhZI,Albot R.,Coria F.,,,hc,-1.50,home,ft,2.24,1
zH1FDhZI,Albot R.,Coria F.,,,hc,-1.50,away,ft,1.67,1
zH1FDhZI,Albot R.,Coria F.,,,hc,2.00,home,ft,1.743,3
zH1FDhZI,Albot R.,Coria F.,,,hc,2.00,away,ft,2.053,3
zH1FDhZI,Albot R.,Coria F.,,,hc,2.50,home,ft,1.71,4
zH1FDhZI,Albot R.,Coria F.,,,hc,2.50,away,ft,2.105,4
zH1FDhZI,Albot R.,Coria F.,,,hc,-2.50,home,ft,2.51,1
zH1FDhZI,Albot R.,Coria F.,,,hc,-2.50,away,ft,1.54,1
zH1FDhZI,Albot R.,Coria F.,,,hc,3.00,home,ft,1.627,3
zH1FDhZI,Albot R.,Coria F.,,,hc,3.00,away,ft,2.233,3
zH1FDhZI,Albot R.,Coria F.,,,hc,3.50,home,ft,1.56,4
zH1FDhZI,Albot R.,Coria F.,,,hc,3.50,away,ft,2.39,4
n580ydRP,Gasquet R.,Prizmic D.,2,2,ou,2.50,over,ft,2.35,1
n580ydRP,Gasquet R.,Prizmic D.,2,2,ou,2.50,under,ft,1.64,1
n580ydRP,Gasquet R.,Prizmic D.,2,2,ou,19.50,over,ft,1.54,1
n580ydRP,Gasquet R.,Prizmic D.,2,2,ou,19.50,under,ft,2.51,1
n580ydRP,Gasquet R.,Prizmic D.,2,2,ou,20.50,over,ft,1.583,4
n580ydRP,Gasquet R.,Prizmic D.,2,2,ou,20.50,under,ft,2.337,4
n580ydRP,Gasquet R.,Prizmic D.,2,2,ou,21.00,over,ft,1.617,3
n580ydRP,Gasquet R.,Prizmic D.,2,2,ou,21.00,under,ft,2.263,3
n580ydRP,Gasquet R.,Prizmic D.,2,2,ou,21.50,over,ft,1.735,4
n580ydRP,Gasquet R.,Prizmic D.,2,2,ou,21.50,under,ft,2.06,4
n580ydRP,Gasquet R.,Prizmic D.,2,2,ou,22.00,over,ft,1.837,3
n580ydRP,Gasquet R.,Prizmic D.,2,2,ou,22.00,under,ft,1.967,3
n580ydRP,Gasquet R.,Prizmic D.,2,2,ou,22.50,over,ft,1.975,4
n580ydRP,Gasquet R.,Prizmic D.,2,2,ou,22.50,under,ft,1.85,4
n580ydRP,Gasquet R.,Prizmic D.,2,2,ou,23.00,over,ft,2.083,3
n580ydRP,Gasquet R.,Prizmic D.,2,2,ou,23.00,under,ft,1.743,3
n580ydRP,Gasquet R.,Prizmic D.,2,2,ou,23.50,over,ft,2.187,3
n580ydRP,Gasquet R.,Prizmic D.,2,2,ou,23.50,under,ft,1.66,3
n580ydRP,Gasquet R.,Prizmic D.,2,2,ou,24.00,over,ft,2.195,2
n580ydRP,Gasquet R.,Prizmic D.,2,2,ou,24.00,under,ft,1.62,2
n580ydRP,Gasquet R.,Prizmic D.,2,2,ou,24.50,over,ft,2.253,3
n580ydRP,Gasquet R.,Prizmic D.,2,2,ou,24.50,under,ft,1.6,3
n580ydRP,Gasquet R.,Prizmic D.,2,2,ou,25.50,over,ft,2.723,3
n580ydRP,Gasquet R.,Prizmic D.,2,2,ou,25.50,under,ft,1.41,3
n580ydRP,Gasquet R.,Prizmic D.,2,2,hc,1.00,home,ft,1.43,1
n580ydRP,Gasquet R.,Prizmic D.,2,2,hc,1.00,away,ft,2.56,1
n580ydRP,Gasquet R.,Prizmic D.,2,2,hc,-1.00,home,ft,2.085,2
n580ydRP,Gasquet R.,Prizmic D.,2,2,hc,-1.00,away,ft,1.635,2
n580ydRP,Gasquet R.,Prizmic D.,2,2,hc,1.50,home,ft,1.303,3
n580ydRP,Gasquet R.,Prizmic D.,2,2,hc,1.50,away,ft,3.243,3
n580ydRP,Gasquet R.,Prizmic D.,2,2,hc,-1.50,home,ft,2.757,3
n580ydRP,Gasquet R.,Prizmic D.,2,2,hc,-1.50,away,ft,1.407,3
n580ydRP,Gasquet R.,Prizmic D.,2,2,hc,0,home,ft,1.72,3
n580ydRP,Gasquet R.,Prizmic D.,2,2,hc,0,away,ft,2.04,3
n580ydRP,Gasquet R.,Prizmic D.,2,2,hc,0.50,home,ft,1.67,4
n580ydRP,Gasquet R.,Prizmic D.,2,2,hc,0.50,away,ft,2.135,4
n580ydRP,Gasquet R.,Prizmic D.,2,2,hc,-0.50,home,ft,1.775,4
n580ydRP,Gasquet R.,Prizmic D.,2,2,hc,-0.50,away,ft,1.99,4
n580ydRP,Gasquet R.,Prizmic D.,2,2,hc,1.00,home,ft,1.55,2
n580ydRP,Gasquet R.,Prizmic D.,2,2,hc,1.00,away,ft,2.23,2
n580ydRP,Gasquet R.,Prizmic D.,2,2,hc,-1.00,home,ft,1.833,3
n580ydRP,Gasquet R.,Prizmic D.,2,2,hc,-1.00,away,ft,1.903,3
n580ydRP,Gasquet R.,Prizmic D.,2,2,hc,1.50,home,ft,1.71,3
n580ydRP,Gasquet R.,Prizmic D.,2,2,hc,1.50,away,ft,2.103,3
n580ydRP,Gasquet R.,Prizmic D.,2,2,hc,-1.50,home,ft,1.903,4
n580ydRP,Gasquet R.,Prizmic D.,2,2,hc,-1.50,away,ft,1.887,4
n580ydRP,Gasquet R.,Prizmic D.,2,2,hc,2.00,home,ft,1.52,1
n580ydRP,Gasquet R.,Prizmic D.,2,2,hc,2.00,away,ft,2.29,1
n580ydRP,Gasquet R.,Prizmic D.,2,2,hc,-2.00,home,ft,1.973,3
n580ydRP,Gasquet R.,Prizmic D.,2,2,hc,-2.00,away,ft,1.77,3
n580ydRP,Gasquet R.,Prizmic D.,2,2,hc,2.50,home,ft,1.59,1
n580ydRP,Gasquet R.,Prizmic D.,2,2,hc,2.50,away,ft,2.39,1
n580ydRP,Gasquet R.,Prizmic D.,2,2,hc,-2.50,home,ft,2.045,4
n580ydRP,Gasquet R.,Prizmic D.,2,2,hc,-2.50,away,ft,1.735,4
n580ydRP,Gasquet R.,Prizmic D.,2,2,hc,-3.00,home,ft,2.23,3
n580ydRP,Gasquet R.,Prizmic D.,2,2,hc,-3.00,away,ft,1.6,3
n580ydRP,Gasquet R.,Prizmic D.,2,2,hc,-3.50,home,ft,2.348,4
n580ydRP,Gasquet R.,Prizmic D.,2,2,hc,-3.50,away,ft,1.56,4
n580ydRP,Gasquet R.,Prizmic D.,2,2,hc,-4.50,home,ft,2.26,2
n580ydRP,Gasquet R.,Prizmic D.,2,2,hc,-4.50,away,ft,1.54,2
jylKtuei,Safiullin R.,Djere L.,0,0,ou,2.50,over,ft,2.73,1
jylKtuei,Safiullin R.,Djere L.,0,0,ou,2.50,under,ft,1.5,1
jylKtuei,Safiullin R.,Djere L.,0,0,ou,19.50,over,ft,1.507,3
jylKtuei,Safiullin R.,Djere L.,0,0,ou,19.50,under,ft,2.417,3
jylKtuei,Safiullin R.,Djere L.,0,0,ou,20.00,over,ft,1.623,3
jylKtuei,Safiullin R.,Djere L.,0,0,ou,20.00,under,ft,2.25,3
jylKtuei,Safiullin R.,Djere L.,0,0,ou,20.50,over,ft,1.72,4
jylKtuei,Safiullin R.,Djere L.,0,0,ou,20.50,under,ft,2.065,4
jylKtuei,Safiullin R.,Djere L.,0,0,ou,21.00,over,ft,1.853,3
jylKtuei,Safiullin R.,Djere L.,0,0,ou,21.00,under,ft,1.947,3
jylKtuei,Safiullin R.,Djere L.,0,0,ou,21.50,over,ft,1.915,4
jylKtuei,Safiullin R.,Djere L.,0,0,ou,21.50,under,ft,1.92,4
jylKtuei,Safiullin R.,Djere L.,0,0,ou,22.00,over,ft,2.12,3
jylKtuei,Safiullin R.,Djere L.,0,0,ou,22.00,under,ft,1.723,3
jylKtuei,Safiullin R.,Djere L.,0,0,ou,22.50,over,ft,2.208,4
jylKtuei,Safiullin R.,Djere L.,0,0,ou,22.50,under,ft,1.633,4
jylKtuei,Safiullin R.,Djere L.,0,0,ou,23.00,over,ft,2.36,2
jylKtuei,Safiullin R.,Djere L.,0,0,ou,23.00,under,ft,1.54,2
jylKtuei,Safiullin R.,Djere L.,0,0,ou,23.50,over,ft,2.46,3
jylKtuei,Safiullin R.,Djere L.,0,0,ou,23.50,under,ft,1.493,3
jylKtuei,Safiullin R.,Djere L.,0,0,ou,24.50,over,ft,2.61,1
jylKtuei,Safiullin R.,Djere L.,0,0,ou,24.50,under,ft,1.5,1
jylKtuei,Safiullin R.,Djere L.,0,0,hc,1.00,home,ft,2.69,2
jylKtuei,Safiullin R.,Djere L.,0,0,hc,1.00,away,ft,1.38,2
jylKtuei,Safiullin R.,Djere L.,0,0,hc,1.50,home,ft,1.948,4
jylKtuei,Safiullin R.,Djere L.,0,0,hc,1.50,away,ft,1.79,4
jylKtuei,Safiullin R.,Djere L.,0,0,hc,-1.50,home,ft,6.407,3
jylKtuei,Safiullin R.,Djere L.,0,0,hc,-1.50,away,ft,1.093,3
jylKtuei,Safiullin R.,Djere L.,0,0,hc,0.50,home,ft,3.35,1
jylKtuei,Safiullin R.,Djere L.,0,0,hc,0.50,away,ft,1.32,1
jylKtuei,Safiullin R.,Djere L.,0,0,hc,1.50,home,ft,2.793,3
jylKtuei,Safiullin R.,Djere L.,0,0,hc,1.50,away,ft,1.407,3
jylKtuei,Safiullin R.,Djere L.,0,0,hc,2.00,home,ft,2.57,2
jylKtuei,Safiullin R.,Djere L.,0,0,hc,2.00,away,ft,1.46,2
jylKtuei,Safiullin R.,Djere L.,0,0,hc,2.50,home,ft,2.6,4
jylKtuei,Safiullin R.,Djere L.,0,0,hc,2.50,away,ft,1.478,4
jylKtuei,Safiullin R.,Djere L.,0,0,hc,3.00,home,ft,2.48,3
jylKtuei,Safiullin R.,Djere L.,0,0,hc,3.00,away,ft,1.52,3
jylKtuei,Safiullin R.,Djere L.,0,0,hc,3.50,home,ft,2.197,4
jylKtuei,Safiullin R.,Djere L.,0,0,hc,3.50,away,ft,1.695,4
jylKtuei,Safiullin R.,Djere L.,0,0,hc,4.00,home,ft,1.98,3
jylKtuei,Safiullin R.,Djere L.,0,0,hc,4.00,away,ft,1.76,3
jylKtuei,Safiullin R.,Djere L.,0,0,hc,4.50,home,ft,1.76,4
jylKtuei,Safiullin R.,Djere L.,0,0,hc,4.50,away,ft,2.01,4
jylKtuei,Safiullin R.,Djere L.,0,0,hc,5.00,home,ft,1.537,3
jylKtuei,Safiullin R.,Djere L.,0,0,hc,5.00,away,ft,2.373,3
jylKtuei,Safiullin R.,Djere L.,0,0,hc,5.50,home,ft,1.427,3
jylKtuei,Safiullin R.,Djere L.,0,0,hc,5.50,away,ft,2.66,3
jylKtuei,Safiullin R.,Djere L.,0,0,hc,6.00,home,ft,1.29,2
jylKtuei,Safiullin R.,Djere L.,0,0,hc,6.00,away,ft,3.38,2
jylKtuei,Safiullin R.,Djere L.,0,0,hc,6.50,home,ft,1.223,3
jylKtuei,Safiullin R.,Djere L.,0,0,hc,6.50,away,ft,3.903,3
lKkcxxCJ,Ymer E.,Shelbayh A.,0,0,ou,2.50,over,ft,2.29,1
lKkcxxCJ,Ymer E.,Shelbayh A.,0,0,ou,2.50,under,ft,1.67,1
lKkcxxCJ,Ymer E.,Shelbayh A.,0,0,ou,20.50,over,ft,1.58,3
lKkcxxCJ,Ymer E.,Shelbayh A.,0,0,ou,20.50,under,ft,2.297,3
lKkcxxCJ,Ymer E.,Shelbayh A.,0,0,ou,21.00,over,ft,1.657,3
lKkcxxCJ,Ymer E.,Shelbayh A.,0,0,ou,21.00,under,ft,2.18,3
lKkcxxCJ,Ymer E.,Shelbayh A.,0,0,ou,21.50,over,ft,1.778,4
lKkcxxCJ,Ymer E.,Shelbayh A.,0,0,ou,21.50,under,ft,2.062,4
lKkcxxCJ,Ymer E.,Shelbayh A.,0,0,ou,22.00,over,ft,1.857,3
lKkcxxCJ,Ymer E.,Shelbayh A.,0,0,ou,22.00,under,ft,1.943,3
lKkcxxCJ,Ymer E.,Shelbayh A.,0,0,ou,22.50,over,ft,1.982,4
lKkcxxCJ,Ymer E.,Shelbayh A.,0,0,ou,22.50,under,ft,1.838,4
lKkcxxCJ,Ymer E.,Shelbayh A.,0,0,ou,23.00,over,ft,2.077,3
lKkcxxCJ,Ymer E.,Shelbayh A.,0,0,ou,23.00,under,ft,1.75,3
lKkcxxCJ,Ymer E.,Shelbayh A.,0,0,ou,23.50,over,ft,2.178,4
lKkcxxCJ,Ymer E.,Shelbayh A.,0,0,ou,23.50,under,ft,1.68,4
lKkcxxCJ,Ymer E.,Shelbayh A.,0,0,ou,24.00,over,ft,2.2,2
lKkcxxCJ,Ymer E.,Shelbayh A.,0,0,ou,24.00,under,ft,1.615,2
lKkcxxCJ,Ymer E.,Shelbayh A.,0,0,ou,24.50,over,ft,2.263,3
lKkcxxCJ,Ymer E.,Shelbayh A.,0,0,ou,24.50,under,ft,1.597,3
lKkcxxCJ,Ymer E.,Shelbayh A.,0,0,ou,25.50,over,ft,2.56,1
lKkcxxCJ,Ymer E.,Shelbayh A.,0,0,ou,25.50,under,ft,1.52,1
lKkcxxCJ,Ymer E.,Shelbayh A.,0,0,hc,-1.00,home,ft,1.885,2
lKkcxxCJ,Ymer E.,Shelbayh A.,0,0,hc,-1.00,away,ft,1.78,2
lKkcxxCJ,Ymer E.,Shelbayh A.,0,0,hc,1.50,home,ft,1.193,3
lKkcxxCJ,Ymer E.,Shelbayh A.,0,0,hc,1.50,away,ft,4.257,3
lKkcxxCJ,Ymer E.,Shelbayh A.,0,0,hc,-1.50,home,ft,2.507,3
lKkcxxCJ,Ymer E.,Shelbayh A.,0,0,hc,-1.50,away,ft,1.483,3
lKkcxxCJ,Ymer E.,Shelbayh A.,0,0,hc,0.50,home,ft,1.56,1
lKkcxxCJ,Ymer E.,Shelbayh A.,0,0,hc,0.50,away,ft,2.46,1
lKkcxxCJ,Ymer E.,Shelbayh A.,0,0,hc,-0.50,home,ft,1.613,3
lKkcxxCJ,Ymer E.,Shelbayh A.,0,0,hc,-0.50,away,ft,2.233,3
lKkcxxCJ,Ymer E.,Shelbayh A.,0,0,hc,-1.00,home,ft,1.63,2
lKkcxxCJ,Ymer E.,Shelbayh A.,0,0,hc,-1.00,away,ft,2.175,2
lKkcxxCJ,Ymer E.,Shelbayh A.,0,0,hc,1.50,home,ft,1.48,1
lKkcxxCJ,Ymer E.,Shelbayh A.,0,0,hc,1.50,away,ft,2.67,1
lKkcxxCJ,Ymer E.,Shelbayh A.,0,0,hc,-1.50,home,ft,1.738,4
lKkcxxCJ,Ymer E.,Shelbayh A.,0,0,hc,-1.50,away,ft,2.092,4
lKkcxxCJ,Ymer E.,Shelbayh A.,0,0,hc,-2.00,home,ft,1.8,3
lKkcxxCJ,Ymer E.,Shelbayh A.,0,0,hc,-2.00,away,ft,2.01,3
lKkcxxCJ,Ymer E.,Shelbayh A.,0,0,hc,-2.50,home,ft,1.91,4
lKkcxxCJ,Ymer E.,Shelbayh A.,0,0,hc,-2.50,away,ft,1.907,4
lKkcxxCJ,Ymer E.,Shelbayh A.,0,0,hc,-3.00,home,ft,2.037,3
lKkcxxCJ,Ymer E.,Shelbayh A.,0,0,hc,-3.00,away,ft,1.783,3
lKkcxxCJ,Ymer E.,Shelbayh A.,0,0,hc,-3.50,home,ft,2.172,4
lKkcxxCJ,Ymer E.,Shelbayh A.,0,0,hc,-3.50,away,ft,1.702,4
lKkcxxCJ,Ymer E.,Shelbayh A.,0,0,hc,-4.00,home,ft,2.395,2
lKkcxxCJ,Ymer E.,Shelbayh A.,0,0,hc,-4.00,away,ft,1.525,2
lKkcxxCJ,Ymer E.,Shelbayh A.,0,0,hc,-4.50,home,ft,2.58,2
lKkcxxCJ,Ymer E.,Shelbayh A.,0,0,hc,-4.50,away,ft,1.445,2
WpdSvJP3,Molcan A.,Daniel T.,2,2,ou,2.50,over,ft,2.38,1
WpdSvJP3,Molcan A.,Daniel T.,2,2,ou,2.50,under,ft,1.62,1
WpdSvJP3,Molcan A.,Daniel T.,2,2,ou,19.50,over,ft,1.44,3
WpdSvJP3,Molcan A.,Daniel T.,2,2,ou,19.50,under,ft,2.667,3
WpdSvJP3,Molcan A.,Daniel T.,2,2,ou,20.00,over,ft,1.5,2
WpdSvJP3,Molcan A.,Daniel T.,2,2,ou,20.00,under,ft,2.46,2
WpdSvJP3,Molcan A.,Daniel T.,2,2,ou,20.50,over,ft,1.537,3
WpdSvJP3,Molcan A.,Daniel T.,2,2,ou,20.50,under,ft,2.397,3
WpdSvJP3,Molcan A.,Daniel T.,2,2,ou,21.00,over,ft,1.613,3
WpdSvJP3,Molcan A.,Daniel T.,2,2,ou,21.00,under,ft,2.27,3
WpdSvJP3,Molcan A.,Daniel T.,2,2,ou,21.50,over,ft,1.725,4
WpdSvJP3,Molcan A.,Daniel T.,2,2,ou,21.50,under,ft,2.11,4
WpdSvJP3,Molcan A.,Daniel T.,2,2,ou,22.00,over,ft,1.82,3
WpdSvJP3,Molcan A.,Daniel T.,2,2,ou,22.00,under,ft,1.993,3
WpdSvJP3,Molcan A.,Daniel T.,2,2,ou,22.50,over,ft,1.988,4
WpdSvJP3,Molcan A.,Daniel T.,2,2,ou,22.50,under,ft,1.845,4
WpdSvJP3,Molcan A.,Daniel T.,2,2,ou,23.00,over,ft,2.04,3
WpdSvJP3,Molcan A.,Daniel T.,2,2,ou,23.00,under,ft,1.78,3
WpdSvJP3,Molcan A.,Daniel T.,2,2,ou,23.50,over,ft,2.113,3
WpdSvJP3,Molcan A.,Daniel T.,2,2,ou,23.50,under,ft,1.71,3
WpdSvJP3,Molcan A.,Daniel T.,2,2,ou,24.00,over,ft,2.08,2
WpdSvJP3,Molcan A.,Daniel T.,2,2,ou,24.00,under,ft,1.69,2
WpdSvJP3,Molcan A.,Daniel T.,2,2,ou,24.50,over,ft,2.19,3
WpdSvJP3,Molcan A.,Daniel T.,2,2,ou,24.50,under,ft,1.637,3
WpdSvJP3,Molcan A.,Daniel T.,2,2,ou,25.50,over,ft,2.59,1
WpdSvJP3,Molcan A.,Daniel T.,2,2,ou,25.50,under,ft,1.51,1
WpdSvJP3,Molcan A.,Daniel T.,2,2,hc,1.00,home,ft,1.56,2
WpdSvJP3,Molcan A.,Daniel T.,2,2,hc,1.00,away,ft,2.22,2
WpdSvJP3,Molcan A.,Daniel T.,2,2,hc,-1.00,home,ft,2.73,2
WpdSvJP3,Molcan A.,Daniel T.,2,2,hc,-1.00,away,ft,1.38,2
WpdSvJP3,Molcan A.,Daniel T.,2,2,hc,1.50,home,ft,1.385,4
WpdSvJP3,Molcan A.,Daniel T.,2,2,hc,1.50,away,ft,2.855,4
WpdSvJP3,Molcan A.,Daniel T.,2,2,hc,-1.50,home,ft,3.192,4
WpdSvJP3,Molcan A.,Daniel T.,2,2,hc,-1.50,away,ft,1.323,4
WpdSvJP3,Molcan A.,Daniel T.,2,2,hc,0,home,ft,2.033,3
WpdSvJP3,Molcan A.,Daniel T.,2,2,hc,0,away,ft,1.72,3
WpdSvJP3,Molcan A.,Daniel T.,2,2,hc,0.50,home,ft,1.975,4
WpdSvJP3,Molcan A.,Daniel T.,2,2,hc,0.50,away,ft,1.79,4
WpdSvJP3,Molcan A.,Daniel T.,2,2,hc,-0.50,home,ft,2.098,4
WpdSvJP3,Molcan A.,Daniel T.,2,2,hc,-0.50,away,ft,1.698,4
WpdSvJP3,Molcan A.,Daniel T.,2,2,hc,1.00,home,ft,1.893,3
WpdSvJP3,Molcan A.,Daniel T.,2,2,hc,1.00,away,ft,1.84,3
WpdSvJP3,Molcan A.,Daniel T.,2,2,hc,-1.00,home,ft,2.14,3
WpdSvJP3,Molcan A.,Daniel T.,2,2,hc,-1.00,away,ft,1.657,3
WpdSvJP3,Molcan A.,Daniel T.,2,2,hc,1.50,home,ft,1.867,4
WpdSvJP3,Molcan A.,Daniel T.,2,2,hc,1.50,away,ft,1.925,4
WpdSvJP3,Molcan A.,Daniel T.,2,2,hc,-1.50,home,ft,2.217,4
WpdSvJP3,Molcan A.,Daniel T.,2,2,hc,-1.50,away,ft,1.627,4
WpdSvJP3,Molcan A.,Daniel T.,2,2,hc,2.00,home,ft,1.733,3
WpdSvJP3,Molcan A.,Daniel T.,2,2,hc,2.00,away,ft,2.013,3
WpdSvJP3,Molcan A.,Daniel T.,2,2,hc,-2.00,home,ft,2.37,2
WpdSvJP3,Molcan A.,Daniel T.,2,2,hc,-2.00,away,ft,1.49,2
WpdSvJP3,Molcan A.,Daniel T.,2,2,hc,2.50,home,ft,1.67,3
WpdSvJP3,Molcan A.,Daniel T.,2,2,hc,2.50,away,ft,2.093,3
WpdSvJP3,Molcan A.,Daniel T.,2,2,hc,-2.50,home,ft,2.31,3
WpdSvJP3,Molcan A.,Daniel T.,2,2,hc,-2.50,away,ft,1.55,3
WpdSvJP3,Molcan A.,Daniel T.,2,2,hc,3.00,home,ft,1.53,2
WpdSvJP3,Molcan A.,Daniel T.,2,2,hc,3.00,away,ft,2.27,2
WpdSvJP3,Molcan A.,Daniel T.,2,2,hc,-3.00,home,ft,2.23,2
WpdSvJP3,Molcan A.,Daniel T.,2,2,hc,-3.00,away,ft,1.55,2
WpdSvJP3,Molcan A.,Daniel T.,2,2,hc,3.50,home,ft,1.493,3
WpdSvJP3,Molcan A.,Daniel T.,2,2,hc,3.50,away,ft,2.45,3
WpdSvJP3,Molcan A.,Daniel T.,2,2,hc,-3.50,home,ft,2.433,3
WpdSvJP3,Molcan A.,Daniel T.,2,2,hc,-3.50,away,ft,1.497,3
lM6NuaAc,van Assche L.,Wawrinka S.,2,2,ou,2.50,over,ft,2.31,1
lM6NuaAc,van Assche L.,Wawrinka S.,2,2,ou,2.50,under,ft,1.66,1
lM6NuaAc,van Assche L.,Wawrinka S.,2,2,ou,19.50,over,ft,1.43,3
lM6NuaAc,van Assche L.,Wawrinka S.,2,2,ou,19.50,under,ft,2.697,3
lM6NuaAc,van Assche L.,Wawrinka S.,2,2,ou,20.00,over,ft,1.48,2
lM6NuaAc,van Assche L.,Wawrinka S.,2,2,ou,20.00,under,ft,2.51,2
lM6NuaAc,van Assche L.,Wawrinka S.,2,2,ou,20.50,over,ft,1.533,3
lM6NuaAc,van Assche L.,Wawrinka S.,2,2,ou,20.50,under,ft,2.41,3
lM6NuaAc,van Assche L.,Wawrinka S.,2,2,ou,21.00,over,ft,1.59,2
lM6NuaAc,van Assche L.,Wawrinka S.,2,2,ou,21.00,under,ft,2.25,2
lM6NuaAc,van Assche L.,Wawrinka S.,2,2,ou,21.50,over,ft,1.71,4
lM6NuaAc,van Assche L.,Wawrinka S.,2,2,ou,21.50,under,ft,2.13,4
lM6NuaAc,van Assche L.,Wawrinka S.,2,2,ou,22.00,over,ft,1.82,3
lM6NuaAc,van Assche L.,Wawrinka S.,2,2,ou,22.00,under,ft,1.98,3
lM6NuaAc,van Assche L.,Wawrinka S.,2,2,ou,22.50,over,ft,1.945,4
lM6NuaAc,van Assche L.,Wawrinka S.,2,2,ou,22.50,under,ft,1.887,4
lM6NuaAc,van Assche L.,Wawrinka S.,2,2,ou,23.00,over,ft,2.077,3
lM6NuaAc,van Assche L.,Wawrinka S.,2,2,ou,23.00,under,ft,1.753,3
lM6NuaAc,van Assche L.,Wawrinka S.,2,2,ou,23.50,over,ft,2.19,4
lM6NuaAc,van Assche L.,Wawrinka S.,2,2,ou,23.50,under,ft,1.675,4
lM6NuaAc,van Assche L.,Wawrinka S.,2,2,ou,24.00,over,ft,2.2,2
lM6NuaAc,van Assche L.,Wawrinka S.,2,2,ou,24.00,under,ft,1.62,2
lM6NuaAc,van Assche L.,Wawrinka S.,2,2,ou,24.50,over,ft,2.25,3
lM6NuaAc,van Assche L.,Wawrinka S.,2,2,ou,24.50,under,ft,1.603,3
lM6NuaAc,van Assche L.,Wawrinka S.,2,2,hc,1.00,home,ft,1.81,2
lM6NuaAc,van Assche L.,Wawrinka S.,2,2,hc,1.00,away,ft,1.85,2
lM6NuaAc,van Assche L.,Wawrinka S.,2,2,hc,-1.00,home,ft,2.66,2
lM6NuaAc,van Assche L.,Wawrinka S.,2,2,hc,-1.00,away,ft,1.4,2
lM6NuaAc,van Assche L.,Wawrinka S.,2,2,hc,1.50,home,ft,1.49,4
lM6NuaAc,van Assche L.,Wawrinka S.,2,2,hc,1.50,away,ft,2.508,4
lM6NuaAc,van Assche L.,Wawrinka S.,2,2,hc,-1.50,home,ft,3.553,3
lM6NuaAc,van Assche L.,Wawrinka S.,2,2,hc,-1.50,away,ft,1.263,3
lM6NuaAc,van Assche L.,Wawrinka S.,2,2,hc,0,home,ft,2.01,3
lM6NuaAc,van Assche L.,Wawrinka S.,2,2,hc,0,away,ft,1.733,3
lM6NuaAc,van Assche L.,Wawrinka S.,2,2,hc,0.50,home,ft,2.218,4
lM6NuaAc,van Assche L.,Wawrinka S.,2,2,hc,0.50,away,ft,1.647,4
lM6NuaAc,van Assche L.,Wawrinka S.,2,2,hc,-0.50,home,ft,2.235,4
lM6NuaAc,van Assche L.,Wawrinka S.,2,2,hc,-0.50,away,ft,1.618,4
lM6NuaAc,van Assche L.,Wawrinka S.,2,2,hc,1.00,home,ft,2.12,3
lM6NuaAc,van Assche L.,Wawrinka S.,2,2,hc,1.00,away,ft,1.707,3
lM6NuaAc,van Assche L.,Wawrinka S.,2,2,hc,-1.00,home,ft,2.12,2
lM6NuaAc,van Assche L.,Wawrinka S.,2,2,hc,-1.00,away,ft,1.61,2
lM6NuaAc,van Assche L.,Wawrinka S.,2,2,hc,1.50,home,ft,2.002,4
lM6NuaAc,van Assche L.,Wawrinka S.,2,2,hc,1.50,away,ft,1.837,4
lM6NuaAc,van Assche L.,Wawrinka S.,2,2,hc,-1.50,home,ft,2.207,3
lM6NuaAc,van Assche L.,Wawrinka S.,2,2,hc,-1.50,away,ft,1.603,3
lM6NuaAc,van Assche L.,Wawrinka S.,2,2,hc,2.00,home,ft,1.94,3
lM6NuaAc,van Assche L.,Wawrinka S.,2,2,hc,2.00,away,ft,1.867,3
lM6NuaAc,van Assche L.,Wawrinka S.,2,2,hc,-2.00,home,ft,2.32,2
lM6NuaAc,van Assche L.,Wawrinka S.,2,2,hc,-2.00,away,ft,1.51,2
lM6NuaAc,van Assche L.,Wawrinka S.,2,2,hc,2.50,home,ft,1.867,4
lM6NuaAc,van Assche L.,Wawrinka S.,2,2,hc,2.50,away,ft,1.96,4
lM6NuaAc,van Assche L.,Wawrinka S.,2,2,hc,-2.50,home,ft,2.02,2
lM6NuaAc,van Assche L.,Wawrinka S.,2,2,hc,-2.50,away,ft,1.67,2
lM6NuaAc,van Assche L.,Wawrinka S.,2,2,hc,3.00,home,ft,1.713,3
lM6NuaAc,van Assche L.,Wawrinka S.,2,2,hc,3.00,away,ft,2.137,3
lM6NuaAc,van Assche L.,Wawrinka S.,2,2,hc,3.50,home,ft,1.64,3
lM6NuaAc,van Assche L.,Wawrinka S.,2,2,hc,3.50,away,ft,2.217,3
lM6NuaAc,van Assche L.,Wawrinka S.,2,2,hc,4.00,home,ft,1.46,2
lM6NuaAc,van Assche L.,Wawrinka S.,2,2,hc,4.00,away,ft,2.57,2
lM6NuaAc,van Assche L.,Wawrinka S.,2,2,hc,4.50,home,ft,1.39,3
lM6NuaAc,van Assche L.,Wawrinka S.,2,2,hc,4.50,away,ft,2.853,3
8AD6fXln,Albot R.,Kuzmanov D.,2,2,ou,2.50,over,ft,2.25,1
8AD6fXln,Albot R.,Kuzmanov D.,2,2,ou,2.50,under,ft,1.65,1
8AD6fXln,Albot R.,Kuzmanov D.,2,2,ou,20.50,over,ft,1.68,1
8AD6fXln,Albot R.,Kuzmanov D.,2,2,ou,20.50,under,ft,2.2,1
8AD6fXln,Albot R.,Kuzmanov D.,2,2,ou,21.00,over,ft,1.75,1
8AD6fXln,Albot R.,Kuzmanov D.,2,2,ou,21.00,under,ft,2.09,1
8AD6fXln,Albot R.,Kuzmanov D.,2,2,ou,21.50,over,ft,1.69,4
8AD6fXln,Albot R.,Kuzmanov D.,2,2,ou,21.50,under,ft,2.07,4
8AD6fXln,Albot R.,Kuzmanov D.,2,2,ou,22.00,over,ft,1.8,3
8AD6fXln,Albot R.,Kuzmanov D.,2,2,ou,22.00,under,ft,1.947,3
8AD6fXln,Albot R.,Kuzmanov D.,2,2,ou,22.50,over,ft,1.942,4
8AD6fXln,Albot R.,Kuzmanov D.,2,2,ou,22.50,under,ft,1.848,4
8AD6fXln,Albot R.,Kuzmanov D.,2,2,ou,23.00,over,ft,2.0,3
8AD6fXln,Albot R.,Kuzmanov D.,2,2,ou,23.00,under,ft,1.757,3
8AD6fXln,Albot R.,Kuzmanov D.,2,2,ou,23.50,over,ft,2.072,4
8AD6fXln,Albot R.,Kuzmanov D.,2,2,ou,23.50,under,ft,1.685,4
8AD6fXln,Albot R.,Kuzmanov D.,2,2,hc,-1.00,home,ft,2.03,2
8AD6fXln,Albot R.,Kuzmanov D.,2,2,hc,-1.00,away,ft,1.7,2
8AD6fXln,Albot R.,Kuzmanov D.,2,2,hc,1.50,home,ft,1.26,1
8AD6fXln,Albot R.,Kuzmanov D.,2,2,hc,1.50,away,ft,3.85,1
8AD6fXln,Albot R.,Kuzmanov D.,2,2,hc,-1.50,home,ft,2.643,4
8AD6fXln,Albot R.,Kuzmanov D.,2,2,hc,-1.50,away,ft,1.44,4
8AD6fXln,Albot R.,Kuzmanov D.,2,2,hc,0,home,ft,1.55,2
8AD6fXln,Albot R.,Kuzmanov D.,2,2,hc,0,away,ft,2.24,2
8AD6fXln,Albot R.,Kuzmanov D.,2,2,hc,-1.00,home,ft,1.8,1
8AD6fXln,Albot R.,Kuzmanov D.,2,2,hc,-1.00,away,ft,2.02,1
8AD6fXln,Albot R.,Kuzmanov D.,2,2,hc,-1.50,home,ft,1.775,4
8AD6fXln,Albot R.,Kuzmanov D.,2,2,hc,-1.50,away,ft,1.932,4
8AD6fXln,Albot R.,Kuzmanov D.,2,2,hc,-2.00,home,ft,1.87,3
8AD6fXln,Albot R.,Kuzmanov D.,2,2,hc,-2.00,away,ft,1.84,3
8AD6fXln,Albot R.,Kuzmanov D.,2,2,hc,-2.50,home,ft,1.948,4
8AD6fXln,Albot R.,Kuzmanov D.,2,2,hc,-2.50,away,ft,1.847,4
8AD6fXln,Albot R.,Kuzmanov D.,2,2,hc,-3.00,home,ft,2.117,3
8AD6fXln,Albot R.,Kuzmanov D.,2,2,hc,-3.00,away,ft,1.65,3
8AD6fXln,Albot R.,Kuzmanov D.,2,2,hc,-3.50,home,ft,2.21,4
8AD6fXln,Albot R.,Kuzmanov D.,2,2,hc,-3.50,away,ft,1.595,4
8AD6fXln,Albot R.,Kuzmanov D.,2,2,hc,-4.00,home,ft,2.293,3
8AD6fXln,Albot R.,Kuzmanov D.,2,2,hc,-4.00,away,ft,1.557,3
8AD6fXln,Albot R.,Kuzmanov D.,2,2,hc,-4.50,home,ft,2.487,3
8AD6fXln,Albot R.,Kuzmanov D.,2,2,hc,-4.50,away,ft,1.453,3
MwJN8T83,Broady L.,Prizmic D.,0,0,ou,2.50,over,ft,2.36,1
MwJN8T83,Broady L.,Prizmic D.,0,0,ou,2.50,under,ft,1.6,1
MwJN8T83,Broady L.,Prizmic D.,0,0,ou,20.50,over,ft,1.62,4
MwJN8T83,Broady L.,Prizmic D.,0,0,ou,20.50,under,ft,2.178,4
MwJN8T83,Broady L.,Prizmic D.,0,0,ou,21.00,over,ft,1.693,3
MwJN8T83,Broady L.,Prizmic D.,0,0,ou,21.00,under,ft,2.09,3
MwJN8T83,Broady L.,Prizmic D.,0,0,ou,21.50,over,ft,1.75,4
MwJN8T83,Broady L.,Prizmic D.,0,0,ou,21.50,under,ft,1.978,4
MwJN8T83,Broady L.,Prizmic D.,0,0,ou,22.00,over,ft,1.87,3
MwJN8T83,Broady L.,Prizmic D.,0,0,ou,22.00,under,ft,1.873,3
MwJN8T83,Broady L.,Prizmic D.,0,0,ou,22.50,over,ft,1.955,4
MwJN8T83,Broady L.,Prizmic D.,0,0,ou,22.50,under,ft,1.843,4
MwJN8T83,Broady L.,Prizmic D.,0,0,ou,23.00,over,ft,2.083,3
MwJN8T83,Broady L.,Prizmic D.,0,0,ou,23.00,under,ft,1.697,3
MwJN8T83,Broady L.,Prizmic D.,0,0,ou,23.50,over,ft,2.07,3
MwJN8T83,Broady L.,Prizmic D.,0,0,ou,23.50,under,ft,1.66,3
MwJN8T83,Broady L.,Prizmic D.,0,0,ou,24.50,over,ft,2.37,2
MwJN8T83,Broady L.,Prizmic D.,0,0,ou,24.50,under,ft,1.49,2
MwJN8T83,Broady L.,Prizmic D.,0,0,hc,1.00,home,ft,1.68,2
MwJN8T83,Broady L.,Prizmic D.,0,0,hc,1.00,away,ft,2.06,2
MwJN8T83,Broady L.,Prizmic D.,0,0,hc,-1.00,home,ft,2.62,2
MwJN8T83,Broady L.,Prizmic D.,0,0,hc,-1.00,away,ft,1.41,2
MwJN8T83,Broady L.,Prizmic D.,0,0,hc,1.50,home,ft,1.43,4
MwJN8T83,Broady L.,Prizmic D.,0,0,hc,1.50,away,ft,2.672,4
MwJN8T83,Broady L.,Prizmic D.,0,0,hc,-1.50,home,ft,3.327,3
MwJN8T83,Broady L.,Prizmic D.,0,0,hc,-1.50,away,ft,1.287,3
MwJN8T83,Broady L.,Prizmic D.,0,0,hc,0,home,ft,2.04,3
MwJN8T83,Broady L.,Prizmic D.,0,0,hc,0,away,ft,1.7,3
MwJN8T83,Broady L.,Prizmic D.,0,0,hc,0.50,home,ft,2.058,4
MwJN8T83,Broady L.,Prizmic D.,0,0,hc,0.50,away,ft,1.682,4
MwJN8T83,Broady L.,Prizmic D.,0,0,hc,-0.50,home,ft,1.927,3
MwJN8T83,Broady L.,Prizmic D.,0,0,hc,-0.50,away,ft,1.76,3
MwJN8T83,Broady L.,Prizmic D.,0,0,hc,1.00,home,ft,1.983,3
MwJN8T83,Broady L.,Prizmic D.,0,0,hc,1.00,away,ft,1.743,3
MwJN8T83,Broady L.,Prizmic D.,0,0,hc,-1.00,home,ft,2.06,2
MwJN8T83,Broady L.,Prizmic D.,0,0,hc,-1.00,away,ft,1.65,2
MwJN8T83,Broady L.,Prizmic D.,0,0,hc,1.50,home,ft,1.887,4
MwJN8T83,Broady L.,Prizmic D.,0,0,hc,1.50,away,ft,1.907,4
MwJN8T83,Broady L.,Prizmic D.,0,0,hc,-1.50,home,ft,2.04,3
MwJN8T83,Broady L.,Prizmic D.,0,0,hc,-1.50,away,ft,1.667,3
MwJN8T83,Broady L.,Prizmic D.,0,0,hc,2.00,home,ft,1.833,3
MwJN8T83,Broady L.,Prizmic D.,0,0,hc,2.00,away,ft,1.89,3
MwJN8T83,Broady L.,Prizmic D.,0,0,hc,2.50,home,ft,1.762,4
MwJN8T83,Broady L.,Prizmic D.,0,0,hc,2.50,away,ft,1.958,4
MwJN8T83,Broady L.,Prizmic D.,0,0,hc,3.00,home,ft,1.67,1
MwJN8T83,Broady L.,Prizmic D.,0,0,hc,3.00,away,ft,2.21,1
MwJN8T83,Broady L.,Prizmic D.,0,0,hc,3.50,home,ft,1.49,2
MwJN8T83,Broady L.,Prizmic D.,0,0,hc,3.50,away,ft,2.37,2
ri6SOua1,Shelbayh A.,Klein L.,2,2,ou,2.50,over,ft,2.45,1
ri6SOua1,Shelbayh A.,Klein L.,2,2,ou,2.50,under,ft,1.56,1
ri6SOua1,Shelbayh A.,Klein L.,2,2,ou,20.50,over,ft,1.593,4
ri6SOua1,Shelbayh A.,Klein L.,2,2,ou,20.50,under,ft,2.23,4
ri6SOua1,Shelbayh A.,Klein L.,2,2,ou,21.00,over,ft,1.667,3
ri6SOua1,Shelbayh A.,Klein L.,2,2,ou,21.00,under,ft,2.13,3
ri6SOua1,Shelbayh A.,Klein L.,2,2,ou,21.50,over,ft,1.77,4
ri6SOua1,Shelbayh A.,Klein L.,2,2,ou,21.50,under,ft,1.988,4
ri6SOua1,Shelbayh A.,Klein L.,2,2,ou,22.00,over,ft,1.887,3
ri6SOua1,Shelbayh A.,Klein L.,2,2,ou,22.00,under,ft,1.857,3
ri6SOua1,Shelbayh A.,Klein L.,2,2,ou,22.50,over,ft,2.045,4
ri6SOua1,Shelbayh A.,Klein L.,2,2,ou,22.50,under,ft,1.752,4
ri6SOua1,Shelbayh A.,Klein L.,2,2,ou,23.00,over,ft,2.13,3
ri6SOua1,Shelbayh A.,Klein L.,2,2,ou,23.00,under,ft,1.67,3
ri6SOua1,Shelbayh A.,Klein L.,2,2,ou,23.50,over,ft,2.17,3
ri6SOua1,Shelbayh A.,Klein L.,2,2,ou,23.50,under,ft,1.6,3
ri6SOua1,Shelbayh A.,Klein L.,2,2,hc,1.00,home,ft,2.21,2
ri6SOua1,Shelbayh A.,Klein L.,2,2,hc,1.00,away,ft,1.59,2
ri6SOua1,Shelbayh A.,Klein L.,2,2,hc,1.50,home,ft,1.692,4
ri6SOua1,Shelbayh A.,Klein L.,2,2,hc,1.50,away,ft,2.072,4
ri6SOua1,Shelbayh A.,Klein L.,2,2,hc,-1.50,home,ft,5.04,1
ri6SOua1,Shelbayh A.,Klein L.,2,2,hc,-1.50,away,ft,1.17,1
ri6SOua1,Shelbayh A.,Klein L.,2,2,hc,1.50,home,ft,2.13,3
ri6SOua1,Shelbayh A.,Klein L.,2,2,hc,1.50,away,ft,1.613,3
ri6SOua1,Shelbayh A.,Klein L.,2,2,hc,2.00,home,ft,2.143,3
ri6SOua1,Shelbayh A.,Klein L.,2,2,hc,2.00,away,ft,1.637,3
ri6SOua1,Shelbayh A.,Klein L.,2,2,hc,2.50,home,ft,2.18,4
ri6SOua1,Shelbayh A.,Klein L.,2,2,hc,2.50,away,ft,1.62,4
ri6SOua1,Shelbayh A.,Klein L.,2,2,hc,3.00,home,ft,2.03,3
ri6SOua1,Shelbayh A.,Klein L.,2,2,hc,3.00,away,ft,1.737,3
ri6SOua1,Shelbayh A.,Klein L.,2,2,hc,3.50,home,ft,1.887,4
ri6SOua1,Shelbayh A.,Klein L.,2,2,hc,3.50,away,ft,1.897,4
ri6SOua1,Shelbayh A.,Klein L.,2,2,hc,4.00,home,ft,1.673,3
ri6SOua1,Shelbayh A.,Klein L.,2,2,hc,4.00,away,ft,2.123,3
ri6SOua1,Shelbayh A.,Klein L.,2,2,hc,4.50,home,ft,1.535,4
ri6SOua1,Shelbayh A.,Klein L.,2,2,hc,4.50,away,ft,2.357,4
rBMhtSBo,Maestrelli F.,Ymer E.,0,0,ou,20.50,over,ft,1.57,2
rBMhtSBo,Maestrelli F.,Ymer E.,0,0,ou,20.50,under,ft,2.23,2
rBMhtSBo,Maestrelli F.,Ymer E.,0,0,ou,21.00,over,ft,1.65,2
rBMhtSBo,Maestrelli F.,Ymer E.,0,0,ou,21.00,under,ft,2.11,2
rBMhtSBo,Maestrelli F.,Ymer E.,0,0,ou,21.50,over,ft,1.57,3
rBMhtSBo,Maestrelli F.,Ymer E.,0,0,ou,21.50,under,ft,2.23,3
rBMhtSBo,Maestrelli F.,Ymer E.,0,0,ou,22.00,over,ft,1.67,2
rBMhtSBo,Maestrelli F.,Ymer E.,0,0,ou,22.00,under,ft,2.08,2
rBMhtSBo,Maestrelli F.,Ymer E.,0,0,ou,22.50,over,ft,1.91,3
rBMhtSBo,Maestrelli F.,Ymer E.,0,0,ou,22.50,under,ft,1.873,3
rBMhtSBo,Maestrelli F.,Ymer E.,0,0,ou,23.00,over,ft,1.89,2
rBMhtSBo,Maestrelli F.,Ymer E.,0,0,ou,23.00,under,ft,1.82,2
rBMhtSBo,Maestrelli F.,Ymer E.,0,0,ou,23.50,over,ft,1.98,3
rBMhtSBo,Maestrelli F.,Ymer E.,0,0,ou,23.50,under,ft,1.727,3
rBMhtSBo,Maestrelli F.,Ymer E.,0,0,hc,1.00,home,ft,1.82,2
rBMhtSBo,Maestrelli F.,Ymer E.,0,0,hc,1.00,away,ft,1.88,2
rBMhtSBo,Maestrelli F.,Ymer E.,0,0,hc,-1.00,home,ft,2.69,2
rBMhtSBo,Maestrelli F.,Ymer E.,0,0,hc,-1.00,away,ft,1.38,2
rBMhtSBo,Maestrelli F.,Ymer E.,0,0,hc,1.50,home,ft,1.48,3
rBMhtSBo,Maestrelli F.,Ymer E.,0,0,hc,1.50,away,ft,2.46,3
rBMhtSBo,Maestrelli F.,Ymer E.,0,0,hc,0.50,home,ft,1.99,3
rBMhtSBo,Maestrelli F.,Ymer E.,0,0,hc,0.50,away,ft,1.697,3
rBMhtSBo,Maestrelli F.,Ymer E.,0,0,hc,1.00,home,ft,1.9,2
rBMhtSBo,Maestrelli F.,Ymer E.,0,0,hc,1.00,away,ft,1.77,2
rBMhtSBo,Maestrelli F.,Ymer E.,0,0,hc,1.50,home,ft,2.04,3
rBMhtSBo,Maestrelli F.,Ymer E.,0,0,hc,1.50,away,ft,1.68,3
rBMhtSBo,Maestrelli F.,Ymer E.,0,0,hc,2.00,home,ft,1.95,2
rBMhtSBo,Maestrelli F.,Ymer E.,0,0,hc,2.00,away,ft,1.77,2
rBMhtSBo,Maestrelli F.,Ymer E.,0,0,hc,2.50,home,ft,1.927,3
rBMhtSBo,Maestrelli F.,Ymer E.,0,0,hc,2.50,away,ft,1.857,3
rBMhtSBo,Maestrelli F.,Ymer E.,0,0,hc,3.00,home,ft,1.7,2
rBMhtSBo,Maestrelli F.,Ymer E.,0,0,hc,3.00,away,ft,2.04,2
rBMhtSBo,Maestrelli F.,Ymer E.,0,0,hc,3.50,home,ft,1.59,3
rBMhtSBo,Maestrelli F.,Ymer E.,0,0,hc,3.50,away,ft,2.19,3
rBMhtSBo,Maestrelli F.,Ymer E.,0,0,hc,4.50,home,ft,1.38,2
rBMhtSBo,Maestrelli F.,Ymer E.,0,0,hc,4.50,away,ft,2.73,2
