match_id,home,away,home_score,away_score,market,line,side,period,avg_odds,n_bookies
OMMwJQTI,Fritz T.,Tiafoe F.,0,0,ou,2.50,over,ft,2.25,5
OMMwJQTI,Fritz T.,Tiafoe F.,0,0,ou,2.50,under,ft,1.62,5
OMMwJQTI,Fritz T.,Tiafoe F.,0,0,ou,16.50,under,ft,36.88,1
OMMwJQTI,Fritz T.,Tiafoe F.,0,0,ou,17.50,over,ft,1.02,1
OMMwJQTI,Fritz T.,Tiafoe F.,0,0,ou,17.50,under,ft,9.54,1
OMMwJQTI,Fritz T.,Tiafoe F.,0,0,ou,18.50,over,ft,1.05,1
OMMwJQTI,Fritz T.,Tiafoe F.,0,0,ou,18.50,under,ft,7.27,1
OMMwJQTI,Fritz T.,Tiafoe F.,0,0,ou,19.50,over,ft,1.16,1
OMMwJQTI,Fritz T.,Tiafoe F.,0,0,ou,19.50,under,ft,4.43,1
OMMwJQTI,Fritz T.,Tiafoe F.,0,0,ou,20.50,over,ft,1.24,1
OMMwJQTI,Fritz T.,Tiafoe F.,0,0,ou,20.50,under,ft,3.58,1
OMMwJQTI,Fritz T.,Tiafoe F.,0,0,ou,21.50,over,ft,1.272,5
OMMwJQTI,Fritz T.,Tiafoe F.,0,0,ou,21.50,under,ft,3.246,5
OMMwJQTI,Fritz T.,Tiafoe F.,0,0,ou,22.00,over,ft,1.3,4
OMMwJQTI,Fritz T.,Tiafoe F.,0,0,ou,22.00,under,ft,3.058,4
OMMwJQTI,Fritz T.,Tiafoe F.,0,0,ou,22.50,over,ft,1.483,7
OMMwJQTI,Fritz T.,Tiafoe F.,0,0,ou,22.50,under,ft,2.417,7
OMMwJQTI,Fritz T.,Tiafoe F.,0,0,ou,23.00,over,ft,1.562,4
OMMwJQTI,Fritz T.,Tiafoe F.,0,0,ou,23.00,under,ft,2.183,4
OMMwJQTI,Fritz T.,Tiafoe F.,0,0,ou,23.25,over,ft,1.75,3
OMMwJQTI,Fritz T.,Tiafoe F.,0,0,ou,23.25,under,ft,1.95,3
OMMwJQTI,Fritz T.,Tiafoe F.,0,0,ou,23.50,over,ft,1.763,7
OMMwJQTI,Fritz T.,Tiafoe F.,0,0,ou,23.50,under,ft,1.947,7
OMMwJQTI,Fritz T.,Tiafoe F.,0,0,ou,24.00,over,ft,1.771,7
OMMwJQTI,Fritz T.,Tiafoe F.,0,0,ou,24.00,under,ft,1.953,7
OMMwJQTI,Fritz T.,Tiafoe F.,0,0,ou,24.25,over,ft,1.887,3
OMMwJQTI,Fritz T.,Tiafoe F.,0,0,ou,24.25,under,ft,1.927,3
OMMwJQTI,Fritz T.,Tiafoe F.,0,0,ou,24.50,over,ft,1.767,10
OMMwJQTI,Fritz T.,Tiafoe F.,0,0,ou,24.50,under,ft,1.966,10
OMMwJQTI,Fritz T.,Tiafoe F.,0,0,ou,24.75,over,ft,1.85,3
OMMwJQTI,Fritz T.,Tiafoe F.,0,0,ou,24.75,under,ft,1.85,3
OMMwJQTI,Fritz T.,Tiafoe F.,0,0,ou,25.00,over,ft,1.846,7
OMMwJQTI,Fritz T.,Tiafoe F.,0,0,ou,25.00,under,ft,1.903,7
OMMwJQTI,Fritz T.,Tiafoe F.,0,0,ou,25.25,over,ft,1.99,3
OMMwJQTI,Fritz T.,Tiafoe F.,0,0,ou,25.25,under,ft,1.827,3
OMMwJQTI,Fritz T.,Tiafoe F.,0,0,ou,25.50,over,ft,1.898,10
OMMwJQTI,Fritz T.,Tiafoe F.,0,0,ou,25.50,under,ft,1.875,10
OMMwJQTI,Fritz T.,Tiafoe F.,0,0,ou,26.00,over,ft,2.12,4
OMMwJQTI,Fritz T.,Tiafoe F.,0,0,ou,26.00,under,ft,1.647,4
OMMwJQTI,Fritz T.,Tiafoe F.,0,0,ou,26.50,over,ft,2.253,10
OMMwJQTI,Fritz T.,Tiafoe F.,0,0,ou,26.50,under,ft,1.589,10
OMMwJQTI,Fritz T.,Tiafoe F.,0,0,ou,27.00,over,ft,2.357,7
OMMwJQTI,Fritz T.,Tiafoe F.,0,0,ou,27.00,under,ft,1.55,7
OMMwJQTI,Fritz T.,Tiafoe F.,0,0,ou,27.50,over,ft,2.362,5
OMMwJQTI,Fritz T.,Tiafoe F.,0,0,ou,27.50,under,ft,1.512,5
OMMwJQTI,Fritz T.,Tiafoe F.,0,0,ou,28.00,over,ft,2.42,4
OMMwJQTI,Fritz T.,Tiafoe F.,0,0,ou,28.00,under,ft,1.472,4
OMMwJQTI,Fritz T.,Tiafoe F.,0,0,ou,28.50,over,ft,2.455,4
OMMwJQTI,Fritz T.,Tiafoe F.,0,0,ou,28.50,under,ft,1.45,4
OMMwJQTI,Fritz T.,Tiafoe F.,0,0,ou,29.00,over,ft,2.518,4
OMMwJQTI,Fritz T.,Tiafoe F.,0,0,ou,29.00,under,ft,1.417,4
OMMwJQTI,Fritz T.,Tiafoe F.,0,0,ou,29.50,over,ft,2.57,1
OMMwJQTI,Fritz T.,Tiafoe F.,0,0,ou,29.50,under,ft,1.43,1
OMMwJQTI,Fritz T.,Tiafoe F.,0,0,ou,30.50,over,ft,2.75,1
OMMwJQTI,Fritz T.,Tiafoe F.,0,0,ou,30.50,under,ft,1.38,1
OMMwJQTI,Fritz T.,Tiafoe F.,0,0,ou,31.50,over,ft,3.17,1
OMMwJQTI,Fritz T.,Tiafoe F.,0,0,ou,31.50,under,ft,1.3,1
OMMwJQTI,Fritz T.,Tiafoe F.,0,0,ou,32.50,over,ft,3.8,1
OMMwJQTI,Fritz T.,Tiafoe F.,0,0,ou,32.50,under,ft,1.21,1
OMMwJQTI,Fritz T.,Tiafoe F.,0,0,ou,33.50,over,ft,4.38,1
OMMwJQTI,Fritz T.,Tiafoe F.,0,0,ou,33.50,under,ft,1.16,1
OMMwJQTI,Fritz T.,Tiafoe F.,0,0,ou,34.50,over,ft,4.91,1
OMMwJQTI,Fritz T.,Tiafoe F.,0,0,ou,34.50,under,ft,1.13,1
OMMwJQTI,Fritz T.,Tiafoe F.,0,0,ou,35.50,over,ft,6.67,1
OMMwJQTI,Fritz T.,Tiafoe F.,0,0,ou,35.50,under,ft,1.07,1
OMMwJQTI,Fritz T.,Tiafoe F.,0,0,ou,36.50,over,ft,9.0,1
OMMwJQTI,Fritz T.,Tiafoe F.,0,0,ou,36.50,under,ft,1.02,1
OMMwJQTI,Fritz T.,Tiafoe F.,0,0,hc,1.50,home,ft,1.147,7
OMMwJQTI,Fritz T.,Tiafoe F.,0,0,hc,1.50,away,ft,5.109,7
OMMwJQTI,Fritz T.,Tiafoe F.,0,0,hc,-1.50,home,ft,2.181,9
OMMwJQTI,Fritz T.,Tiafoe F.,0,0,hc,-1.50,away,ft,1.634,9
OMMwJQTI,Fritz T.,Tiafoe F.,0,0,hc,0,home,ft,1.36,3
OMMwJQTI,Fritz T.,Tiafoe F.,0,0,hc,0,away,ft,2.94,3
OMMwJQTI,Fritz T.,Tiafoe F.,0,0,hc,0.50,home,ft,1.345,4
OMMwJQTI,Fritz T.,Tiafoe F.,0,0,hc,0.50,away,ft,3.01,4
OMMwJQTI,Fritz T.,Tiafoe F.,0,0,hc,-0.50,home,ft,1.425,4
OMMwJQTI,Fritz T.,Tiafoe F.,0,0,hc,-0.50,away,ft,2.675,4
OMMwJQTI,Fritz T.,Tiafoe F.,0,0,hc,1.00,home,ft,1.3,3
OMMwJQTI,Fritz T.,Tiafoe F.,0,0,hc,1.00,away,ft,3.3,3
OMMwJQTI,Fritz T.,Tiafoe F.,0,0,hc,-1.00,home,ft,1.503,6
OMMwJQTI,Fritz T.,Tiafoe F.,0,0,hc,-1.00,away,ft,2.46,6
OMMwJQTI,Fritz T.,Tiafoe F.,0,0,hc,-1.25,home,ft,1.55,3
OMMwJQTI,Fritz T.,Tiafoe F.,0,0,hc,-1.25,away,ft,2.3,3
OMMwJQTI,Fritz T.,Tiafoe F.,0,0,hc,1.50,home,ft,1.28,3
OMMwJQTI,Fritz T.,Tiafoe F.,0,0,hc,1.50,away,ft,3.5,3
OMMwJQTI,Fritz T.,Tiafoe F.,0,0,hc,-1.50,home,ft,1.574,9
OMMwJQTI,Fritz T.,Tiafoe F.,0,0,hc,-1.50,away,ft,2.301,9
OMMwJQTI,Fritz T.,Tiafoe F.,0,0,hc,-1.75,home,ft,1.65,3
OMMwJQTI,Fritz T.,Tiafoe F.,0,0,hc,-1.75,away,ft,2.11,3
OMMwJQTI,Fritz T.,Tiafoe F.,0,0,hc,-2.00,home,ft,1.717,6
OMMwJQTI,Fritz T.,Tiafoe F.,0,0,hc,-2.00,away,ft,2.075,6
OMMwJQTI,Fritz T.,Tiafoe F.,0,0,hc,-2.25,home,ft,1.78,3
OMMwJQTI,Fritz T.,Tiafoe F.,0,0,hc,-2.25,away,ft,1.92,3
OMMwJQTI,Fritz T.,Tiafoe F.,0,0,hc,-2.50,home,ft,1.907,8
OMMwJQTI,Fritz T.,Tiafoe F.,0,0,hc,-2.50,away,ft,1.884,8
OMMwJQTI,Fritz T.,Tiafoe F.,0,0,hc,-2.75,home,ft,2.067,3
OMMwJQTI,Fritz T.,Tiafoe F.,0,0,hc,-2.75,away,ft,1.777,3
OMMwJQTI,Fritz T.,Tiafoe F.,0,0,hc,-3.00,home,ft,2.357,6
OMMwJQTI,Fritz T.,Tiafoe F.,0,0,hc,-3.00,away,ft,1.562,6
OMMwJQTI,Fritz T.,Tiafoe F.,0,0,hc,-3.50,home,ft,2.717,9
OMMwJQTI,Fritz T.,Tiafoe F.,0,0,hc,-3.50,away,ft,1.43,9
OMMwJQTI,Fritz T.,Tiafoe F.,0,0,hc,-4.00,home,ft,3.9,3
OMMwJQTI,Fritz T.,Tiafoe F.,0,0,hc,-4.00,away,ft,1.22,3
OMMwJQTI,Fritz T.,Tiafoe F.,0,0,hc,-4.50,home,ft,4.412,4
OMMwJQTI,Fritz T.,Tiafoe F.,0,0,hc,-4.50,away,ft,1.18,4
OMMwJQTI,Fritz T.,Tiafoe F.,0,0,hc,-5.00,home,ft,7.8,3
OMMwJQTI,Fritz T.,Tiafoe F.,0,0,hc,-5.00,away,ft,1.06,3
OMMwJQTI,Fritz T.,Tiafoe F.,0,0,hc,-5.50,home,ft,8.433,3
OMMwJQTI,Fritz T.,Tiafoe F.,0,0,hc,-5.50,away,ft,1.047,3
zX6he5nI,Altmaier D.,Tiafoe F.,0,0,ou,2.50,over,ft,2.296,5
zX6he5nI,Altmaier D.,Tiafoe F.,0,0,ou,2.50,under,ft,1.588,5
zX6he5nI,Altmaier D.,Tiafoe F.,0,0,ou,16.50,under,ft,20.69,1
zX6he5nI,Altmaier D.,Tiafoe F.,0,0,ou,17.50,over,ft,1.03,1
zX6he5nI,Altmaier D.,Tiafoe F.,0,0,ou,17.50,under,ft,8.49,1
zX6he5nI,Altmaier D.,Tiafoe F.,0,0,ou,18.50,over,ft,1.1,1
zX6he5nI,Altmaier D.,Tiafoe F.,0,0,ou,18.50,under,ft,5.55,1
zX6he5nI,Altmaier D.,Tiafoe F.,0,0,ou,19.50,over,ft,1.222,4
zX6he5nI,Altmaier D.,Tiafoe F.,0,0,ou,19.50,under,ft,3.927,4
zX6he5nI,Altmaier D.,Tiafoe F.,0,0,ou,20.50,over,ft,1.265,6
zX6he5nI,Altmaier D.,Tiafoe F.,0,0,ou,20.50,under,ft,3.392,6
zX6he5nI,Altmaier D.,Tiafoe F.,0,0,ou,21.00,over,ft,1.24,4
zX6he5nI,Altmaier D.,Tiafoe F.,0,0,ou,21.00,under,ft,3.452,4
zX6he5nI,Altmaier D.,Tiafoe F.,0,0,ou,21.50,over,ft,1.362,6
zX6he5nI,Altmaier D.,Tiafoe F.,0,0,ou,21.50,under,ft,2.882,6
zX6he5nI,Altmaier D.,Tiafoe F.,0,0,ou,22.00,over,ft,1.387,4
zX6he5nI,Altmaier D.,Tiafoe F.,0,0,ou,22.00,under,ft,2.735,4
zX6he5nI,Altmaier D.,Tiafoe F.,0,0,ou,22.50,over,ft,1.609,10
zX6he5nI,Altmaier D.,Tiafoe F.,0,0,ou,22.50,under,ft,2.219,10
zX6he5nI,Altmaier D.,Tiafoe F.,0,0,ou,23.00,over,ft,1.723,7
zX6he5nI,Altmaier D.,Tiafoe F.,0,0,ou,23.00,under,ft,2.054,7
zX6he5nI,Altmaier D.,Tiafoe F.,0,0,ou,23.50,over,ft,1.935,10
zX6he5nI,Altmaier D.,Tiafoe F.,0,0,ou,23.50,under,ft,1.836,10
zX6he5nI,Altmaier D.,Tiafoe F.,0,0,ou,24.00,over,ft,1.916,7
zX6he5nI,Altmaier D.,Tiafoe F.,0,0,ou,24.00,under,ft,1.823,7
zX6he5nI,Altmaier D.,Tiafoe F.,0,0,ou,24.50,over,ft,1.961,10
zX6he5nI,Altmaier D.,Tiafoe F.,0,0,ou,24.50,under,ft,1.78,10
zX6he5nI,Altmaier D.,Tiafoe F.,0,0,ou,25.00,over,ft,1.977,7
zX6he5nI,Altmaier D.,Tiafoe F.,0,0,ou,25.00,under,ft,1.757,7
zX6he5nI,Altmaier D.,Tiafoe F.,0,0,ou,25.50,over,ft,2.041,8
zX6he5nI,Altmaier D.,Tiafoe F.,0,0,ou,25.50,under,ft,1.699,8
zX6he5nI,Altmaier D.,Tiafoe F.,0,0,ou,26.00,over,ft,2.303,4
zX6he5nI,Altmaier D.,Tiafoe F.,0,0,ou,26.00,under,ft,1.508,4
zX6he5nI,Altmaier D.,Tiafoe F.,0,0,ou,26.50,over,ft,2.256,8
zX6he5nI,Altmaier D.,Tiafoe F.,0,0,ou,26.50,under,ft,1.597,8
zX6he5nI,Altmaier D.,Tiafoe F.,0,0,ou,27.00,over,ft,2.522,4
zX6he5nI,Altmaier D.,Tiafoe F.,0,0,ou,27.00,under,ft,1.415,4
zX6he5nI,Altmaier D.,Tiafoe F.,0,0,ou,27.50,over,ft,2.3,4
zX6he5nI,Altmaier D.,Tiafoe F.,0,0,ou,27.50,under,ft,1.57,4
zX6he5nI,Altmaier D.,Tiafoe F.,0,0,ou,28.50,over,ft,2.67,2
zX6he5nI,Altmaier D.,Tiafoe F.,0,0,ou,28.50,under,ft,1.425,2
zX6he5nI,Altmaier D.,Tiafoe F.,0,0,ou,29.50,over,ft,2.86,1
zX6he5nI,Altmaier D.,Tiafoe F.,0,0,ou,29.50,under,ft,1.36,1
zX6he5nI,Altmaier D.,Tiafoe F.,0,0,ou,30.50,over,ft,3.13,1
zX6he5nI,Altmaier D.,Tiafoe F.,0,0,ou,30.50,under,ft,1.3,1
zX6he5nI,Altmaier D.,Tiafoe F.,0,0,ou,31.50,over,ft,3.63,1
zX6he5nI,Altmaier D.,Tiafoe F.,0,0,ou,31.50,under,ft,1.23,1
zX6he5nI,Altmaier D.,Tiafoe F.,0,0,ou,32.50,over,ft,4.52,1
zX6he5nI,Altmaier D.,Tiafoe F.,0,0,ou,32.50,under,ft,1.16,1
zX6he5nI,Altmaier D.,Tiafoe F.,0,0,ou,33.50,over,ft,5.27,1
zX6he5nI,Altmaier D.,Tiafoe F.,0,0,ou,33.50,under,ft,1.11,1
zX6he5nI,Altmaier D.,Tiafoe F.,0,0,ou,34.50,over,ft,5.98,1
zX6he5nI,Altmaier D.,Tiafoe F.,0,0,ou,34.50,under,ft,1.09,1
zX6he5nI,Altmaier D.,Tiafoe F.,0,0,ou,35.50,over,ft,7.84,1
zX6he5nI,Altmaier D.,Tiafoe F.,0,0,ou,35.50,under,ft,1.04,1
zX6he5nI,Altmaier D.,Tiafoe F.,0,0,ou,36.50,over,ft,10.16,1
zX6he5nI,Altmaier D.,Tiafoe F.,0,0,hc,1.50,home,ft,1.779,9
zX6he5nI,Altmaier D.,Tiafoe F.,0,0,hc,1.50,away,ft,1.973,9
zX6he5nI,Altmaier D.,Tiafoe F.,0,0,hc,-1.50,home,ft,5.637,7
zX6he5nI,Altmaier D.,Tiafoe F.,0,0,hc,-1.50,away,ft,1.126,7
zX6he5nI,Altmaier D.,Tiafoe F.,0,0,hc,0,home,ft,3.26,3
zX6he5nI,Altmaier D.,Tiafoe F.,0,0,hc,0,away,ft,1.3,3
zX6he5nI,Altmaier D.,Tiafoe F.,0,0,hc,0.50,home,ft,2.968,5
zX6he5nI,Altmaier D.,Tiafoe F.,0,0,hc,0.50,away,ft,1.352,5
zX6he5nI,Altmaier D.,Tiafoe F.,0,0,hc,-0.50,home,ft,3.413,4
zX6he5nI,Altmaier D.,Tiafoe F.,0,0,hc,-0.50,away,ft,1.28,4
zX6he5nI,Altmaier D.,Tiafoe F.,0,0,hc,1.00,home,ft,2.85,3
zX6he5nI,Altmaier D.,Tiafoe F.,0,0,hc,1.00,away,ft,1.38,3
zX6he5nI,Altmaier D.,Tiafoe F.,0,0,hc,1.50,home,ft,2.583,8
zX6he5nI,Altmaier D.,Tiafoe F.,0,0,hc,1.50,away,ft,1.455,8
zX6he5nI,Altmaier D.,Tiafoe F.,0,0,hc,-1.50,home,ft,3.975,2
zX6he5nI,Altmaier D.,Tiafoe F.,0,0,hc,-1.50,away,ft,1.22,2
zX6he5nI,Altmaier D.,Tiafoe F.,0,0,hc,2.00,home,ft,2.363,6
zX6he5nI,Altmaier D.,Tiafoe F.,0,0,hc,2.00,away,ft,1.557,6
zX6he5nI,Altmaier D.,Tiafoe F.,0,0,hc,2.50,home,ft,2.069,9
zX6he5nI,Altmaier D.,Tiafoe F.,0,0,hc,2.50,away,ft,1.73,9
zX6he5nI,Altmaier D.,Tiafoe F.,0,0,hc,3.00,home,ft,1.777,6
zX6he5nI,Altmaier D.,Tiafoe F.,0,0,hc,3.00,away,ft,2.007,6
zX6he5nI,Altmaier D.,Tiafoe F.,0,0,hc,3.50,home,ft,1.589,9
zX6he5nI,Altmaier D.,Tiafoe F.,0,0,hc,3.50,away,ft,2.273,9
zX6he5nI,Altmaier D.,Tiafoe F.,0,0,hc,4.00,home,ft,1.328,6
zX6he5nI,Altmaier D.,Tiafoe F.,0,0,hc,4.00,away,ft,3.235,6
zX6he5nI,Altmaier D.,Tiafoe F.,0,0,hc,4.50,home,ft,1.278,6
zX6he5nI,Altmaier D.,Tiafoe F.,0,0,hc,4.50,away,ft,3.483,6
zX6he5nI,Altmaier D.,Tiafoe F.,0,0,hc,5.00,home,ft,1.09,3
zX6he5nI,Altmaier D.,Tiafoe F.,0,0,hc,5.00,away,ft,6.4,3
zX6he5nI,Altmaier D.,Tiafoe F.,0,0,hc,5.50,home,ft,1.078,4
zX6he5nI,Altmaier D.,Tiafoe F.,0,0,hc,5.50,away,ft,6.962,4
xQKDF2bt,Zverev A.,Fritz T.,1,1,ou,2.50,over,ft,2.174,5
xQKDF2bt,Zverev A.,Fritz T.,1,1,ou,2.50,under,ft,1.658,5
xQKDF2bt,Zverev A.,Fritz T.,1,1,ou,16.50,under,ft,41.52,1
xQKDF2bt,Zverev A.,Fritz T.,1,1,ou,17.50,under,ft,19.34,1
xQKDF2bt,Zverev A.,Fritz T.,1,1,ou,18.50,over,ft,1.03,1
xQKDF2bt,Zverev A.,Fritz T.,1,1,ou,18.50,under,ft,8.82,1
xQKDF2bt,Zverev A.,Fritz T.,1,1,ou,19.50,over,ft,1.09,1
xQKDF2bt,Zverev A.,Fritz T.,1,1,ou,19.50,under,ft,6.01,1
xQKDF2bt,Zverev A.,Fritz T.,1,1,ou,20.50,over,ft,1.222,4
xQKDF2bt,Zverev A.,Fritz T.,1,1,ou,20.50,under,ft,3.57,4
xQKDF2bt,Zverev A.,Fritz T.,1,1,ou,21.00,over,ft,1.27,3
xQKDF2bt,Zverev A.,Fritz T.,1,1,ou,21.00,under,ft,3.2,3
xQKDF2bt,Zverev A.,Fritz T.,1,1,ou,21.50,over,ft,1.252,4
xQKDF2bt,Zverev A.,Fritz T.,1,1,ou,21.50,under,ft,3.33,4
xQKDF2bt,Zverev A.,Fritz T.,1,1,ou,22.00,over,ft,1.33,3
xQKDF2bt,Zverev A.,Fritz T.,1,1,ou,22.00,under,ft,2.88,3
xQKDF2bt,Zverev A.,Fritz T.,1,1,ou,22.50,over,ft,1.402,4
xQKDF2bt,Zverev A.,Fritz T.,1,1,ou,22.50,under,ft,2.87,4
xQKDF2bt,Zverev A.,Fritz T.,1,1,ou,23.00,over,ft,1.48,4
xQKDF2bt,Zverev A.,Fritz T.,1,1,ou,23.00,under,ft,2.595,4
xQKDF2bt,Zverev A.,Fritz T.,1,1,ou,23.50,over,ft,1.676,5
xQKDF2bt,Zverev A.,Fritz T.,1,1,ou,23.50,under,ft,2.148,5
xQKDF2bt,Zverev A.,Fritz T.,1,1,ou,24.00,over,ft,1.607,4
xQKDF2bt,Zverev A.,Fritz T.,1,1,ou,24.00,under,ft,2.155,4
xQKDF2bt,Zverev A.,Fritz T.,1,1,ou,24.50,over,ft,1.681,10
xQKDF2bt,Zverev A.,Fritz T.,1,1,ou,24.50,under,ft,2.127,10
xQKDF2bt,Zverev A.,Fritz T.,1,1,ou,25.00,over,ft,1.726,7
xQKDF2bt,Zverev A.,Fritz T.,1,1,ou,25.00,under,ft,2.087,7
xQKDF2bt,Zverev A.,Fritz T.,1,1,ou,25.50,over,ft,1.78,10
xQKDF2bt,Zverev A.,Fritz T.,1,1,ou,25.50,under,ft,2.003,10
xQKDF2bt,Zverev A.,Fritz T.,1,1,ou,26.00,over,ft,2.002,4
xQKDF2bt,Zverev A.,Fritz T.,1,1,ou,26.00,under,ft,1.785,4
xQKDF2bt,Zverev A.,Fritz T.,1,1,ou,26.50,over,ft,2.173,7
xQKDF2bt,Zverev A.,Fritz T.,1,1,ou,26.50,under,ft,1.646,7
xQKDF2bt,Zverev A.,Fritz T.,1,1,ou,27.00,over,ft,2.25,7
xQKDF2bt,Zverev A.,Fritz T.,1,1,ou,27.00,under,ft,1.626,7
xQKDF2bt,Zverev A.,Fritz T.,1,1,ou,27.50,over,ft,2.231,8
xQKDF2bt,Zverev A.,Fritz T.,1,1,ou,27.50,under,ft,1.631,8
xQKDF2bt,Zverev A.,Fritz T.,1,1,ou,28.00,over,ft,2.335,4
xQKDF2bt,Zverev A.,Fritz T.,1,1,ou,28.00,under,ft,1.58,4
xQKDF2bt,Zverev A.,Fritz T.,1,1,ou,28.50,over,ft,2.36,4
xQKDF2bt,Zverev A.,Fritz T.,1,1,ou,28.50,under,ft,1.57,4
xQKDF2bt,Zverev A.,Fritz T.,1,1,ou,29.00,over,ft,2.415,4
xQKDF2bt,Zverev A.,Fritz T.,1,1,ou,29.00,under,ft,1.545,4
xQKDF2bt,Zverev A.,Fritz T.,1,1,ou,29.50,over,ft,2.38,1
xQKDF2bt,Zverev A.,Fritz T.,1,1,ou,29.50,under,ft,1.5,1
xQKDF2bt,Zverev A.,Fritz T.,1,1,ou,30.50,over,ft,2.51,1
xQKDF2bt,Zverev A.,Fritz T.,1,1,ou,30.50,under,ft,1.45,1
xQKDF2bt,Zverev A.,Fritz T.,1,1,ou,31.50,over,ft,2.83,1
xQKDF2bt,Zverev A.,Fritz T.,1,1,ou,31.50,under,ft,1.36,1
xQKDF2bt,Zverev A.,Fritz T.,1,1,ou,32.50,over,ft,3.4,1
xQKDF2bt,Zverev A.,Fritz T.,1,1,ou,32.50,under,ft,1.26,1
xQKDF2bt,Zverev A.,Fritz T.,1,1,ou,33.50,over,ft,3.7,1
xQKDF2bt,Zverev A.,Fritz T.,1,1,ou,33.50,under,ft,1.22,1
xQKDF2bt,Zverev A.,Fritz T.,1,1,ou,34.50,over,ft,4.12,1
xQKDF2bt,Zverev A.,Fritz T.,1,1,ou,34.50,under,ft,1.18,1
xQKDF2bt,Zverev A.,Fritz T.,1,1,ou,35.50,over,ft,5.49,1
xQKDF2bt,Zverev A.,Fritz T.,1,1,ou,35.50,under,ft,1.1,1
xQKDF2bt,Zverev A.,Fritz T.,1,1,ou,36.50,over,ft,8.05,1
xQKDF2bt,Zverev A.,Fritz T.,1,1,ou,36.50,under,ft,1.04,1
xQKDF2bt,Zverev A.,Fritz T.,1,1,ou,37.50,over,ft,8.08,1
xQKDF2bt,Zverev A.,Fritz T.,1,1,ou,37.50,under,ft,1.04,1
xQKDF2bt,Zverev A.,Fritz T.,1,1,hc,1.50,home,ft,1.233,7
xQKDF2bt,Zverev A.,Fritz T.,1,1,hc,1.50,away,ft,3.951,7
xQKDF2bt,Zverev A.,Fritz T.,1,1,hc,-1.50,home,ft,2.64,9
xQKDF2bt,Zverev A.,Fritz T.,1,1,hc,-1.50,away,ft,1.451,9
xQKDF2bt,Zverev A.,Fritz T.,1,1,hc,0,home,ft,1.645,6
xQKDF2bt,Zverev A.,Fritz T.,1,1,hc,0,away,ft,2.257,6
xQKDF2bt,Zverev A.,Fritz T.,1,1,hc,0.50,home,ft,1.557,6
xQKDF2bt,Zverev A.,Fritz T.,1,1,hc,0.50,away,ft,2.378,6
xQKDF2bt,Zverev A.,Fritz T.,1,1,hc,-0.50,home,ft,1.694,9
xQKDF2bt,Zverev A.,Fritz T.,1,1,hc,-0.50,away,ft,2.129,9
xQKDF2bt,Zverev A.,Fritz T.,1,1,hc,1.00,home,ft,1.46,3
xQKDF2bt,Zverev A.,Fritz T.,1,1,hc,1.00,away,ft,2.71,3
xQKDF2bt,Zverev A.,Fritz T.,1,1,hc,-1.00,home,ft,1.783,6
xQKDF2bt,Zverev A.,Fritz T.,1,1,hc,-1.00,away,ft,2.033,6
xQKDF2bt,Zverev A.,Fritz T.,1,1,hc,1.50,home,ft,1.415,4
xQKDF2bt,Zverev A.,Fritz T.,1,1,hc,1.50,away,ft,2.87,4
xQKDF2bt,Zverev A.,Fritz T.,1,1,hc,-1.50,home,ft,1.889,8
xQKDF2bt,Zverev A.,Fritz T.,1,1,hc,-1.50,away,ft,1.891,8
xQKDF2bt,Zverev A.,Fritz T.,1,1,hc,2.00,home,ft,1.28,3
xQKDF2bt,Zverev A.,Fritz T.,1,1,hc,2.00,away,ft,3.5,3
xQKDF2bt,Zverev A.,Fritz T.,1,1,hc,-2.00,home,ft,2.19,6
xQKDF2bt,Zverev A.,Fritz T.,1,1,hc,-2.00,away,ft,1.677,6
xQKDF2bt,Zverev A.,Fritz T.,1,1,hc,-2.50,home,ft,2.457,9
xQKDF2bt,Zverev A.,Fritz T.,1,1,hc,-2.50,away,ft,1.533,9
xQKDF2bt,Zverev A.,Fritz T.,1,1,hc,-3.00,home,ft,3.287,3
xQKDF2bt,Zverev A.,Fritz T.,1,1,hc,-3.00,away,ft,1.34,3
xQKDF2bt,Zverev A.,Fritz T.,1,1,hc,-3.50,home,ft,3.748,4
xQKDF2bt,Zverev A.,Fritz T.,1,1,hc,-3.50,away,ft,1.265,4
xQKDF2bt,Zverev A.,Fritz T.,1,1,hc,-4.00,home,ft,7.43,3
xQKDF2bt,Zverev A.,Fritz T.,1,1,hc,-4.00,away,ft,1.09,3
xQKDF2bt,Zverev A.,Fritz T.,1,1,hc,-4.50,home,ft,8.73,3
xQKDF2bt,Zverev A.,Fritz T.,1,1,hc,-4.50,away,ft,1.06,3
E9fihY2N,Tiafoe F.,Auger-Aliassime F.,2,2,ou,2.50,over,ft,2.236,5
E9fihY2N,Tiafoe F.,Auger-Aliassime F.,2,2,ou,2.50,under,ft,1.62,5
E9fihY2N,Tiafoe F.,Auger-Aliassime F.,2,2,ou,16.50,under,ft,28.23,1
E9fihY2N,Tiafoe F.,Auger-Aliassime F.,2,2,ou,17.50,over,ft,1.03,1
E9fihY2N,Tiafoe F.,Auger-Aliassime F.,2,2,ou,17.50,under,ft,8.78,1
E9fihY2N,Tiafoe F.,Auger-Aliassime F.,2,2,ou,18.50,over,ft,1.08,1
E9fihY2N,Tiafoe F.,Auger-Aliassime F.,2,2,ou,18.50,under,ft,6.37,1
E9fihY2N,Tiafoe F.,Auger-Aliassime F.,2,2,ou,19.50,over,ft,1.225,4
E9fihY2N,Tiafoe F.,Auger-Aliassime F.,2,2,ou,19.50,under,ft,3.882,4
E9fihY2N,Tiafoe F.,Auger-Aliassime F.,2,2,ou,20.50,over,ft,1.333,4
E9fihY2N,Tiafoe F.,Auger-Aliassime F.,2,2,ou,20.50,under,ft,3.127,4
E9fihY2N,Tiafoe F.,Auger-Aliassime F.,2,2,ou,21.00,over,ft,1.245,4
E9fihY2N,Tiafoe F.,Auger-Aliassime F.,2,2,ou,21.00,under,ft,3.427,4
E9fihY2N,Tiafoe F.,Auger-Aliassime F.,2,2,ou,21.50,over,ft,1.334,5
E9fihY2N,Tiafoe F.,Auger-Aliassime F.,2,2,ou,21.50,under,ft,2.966,5
E9fihY2N,Tiafoe F.,Auger-Aliassime F.,2,2,ou,22.00,over,ft,1.343,4
E9fihY2N,Tiafoe F.,Auger-Aliassime F.,2,2,ou,22.00,under,ft,2.837,4
E9fihY2N,Tiafoe F.,Auger-Aliassime F.,2,2,ou,22.50,over,ft,1.536,7
E9fihY2N,Tiafoe F.,Auger-Aliassime F.,2,2,ou,22.50,under,ft,2.311,7
E9fihY2N,Tiafoe F.,Auger-Aliassime F.,2,2,ou,23.00,over,ft,1.618,4
E9fihY2N,Tiafoe F.,Auger-Aliassime F.,2,2,ou,23.00,under,ft,2.143,4
E9fihY2N,Tiafoe F.,Auger-Aliassime F.,2,2,ou,23.50,over,ft,1.785,10
E9fihY2N,Tiafoe F.,Auger-Aliassime F.,2,2,ou,23.50,under,ft,1.952,10
E9fihY2N,Tiafoe F.,Auger-Aliassime F.,2,2,ou,24.00,over,ft,1.807,7
E9fihY2N,Tiafoe F.,Auger-Aliassime F.,2,2,ou,24.00,under,ft,1.943,7
E9fihY2N,Tiafoe F.,Auger-Aliassime F.,2,2,ou,24.50,over,ft,1.84,10
E9fihY2N,Tiafoe F.,Auger-Aliassime F.,2,2,ou,24.50,under,ft,1.932,10
E9fihY2N,Tiafoe F.,Auger-Aliassime F.,2,2,ou,25.00,over,ft,1.887,7
E9fihY2N,Tiafoe F.,Auger-Aliassime F.,2,2,ou,25.00,under,ft,1.866,7
E9fihY2N,Tiafoe F.,Auger-Aliassime F.,2,2,ou,25.50,over,ft,1.935,10
E9fihY2N,Tiafoe F.,Auger-Aliassime F.,2,2,ou,25.50,under,ft,1.829,10
E9fihY2N,Tiafoe F.,Auger-Aliassime F.,2,2,ou,26.00,over,ft,2.1,4
E9fihY2N,Tiafoe F.,Auger-Aliassime F.,2,2,ou,26.00,under,ft,1.64,4
E9fihY2N,Tiafoe F.,Auger-Aliassime F.,2,2,ou,26.50,over,ft,2.308,8
E9fihY2N,Tiafoe F.,Auger-Aliassime F.,2,2,ou,26.50,under,ft,1.578,8
E9fihY2N,Tiafoe F.,Auger-Aliassime F.,2,2,ou,27.00,over,ft,2.316,7
E9fihY2N,Tiafoe F.,Auger-Aliassime F.,2,2,ou,27.00,under,ft,1.54,7
E9fihY2N,Tiafoe F.,Auger-Aliassime F.,2,2,ou,27.50,over,ft,2.31,4
E9fihY2N,Tiafoe F.,Auger-Aliassime F.,2,2,ou,27.50,under,ft,1.508,4
E9fihY2N,Tiafoe F.,Auger-Aliassime F.,2,2,ou,28.00,over,ft,2.4,1
E9fihY2N,Tiafoe F.,Auger-Aliassime F.,2,2,ou,28.00,under,ft,1.49,1
E9fihY2N,Tiafoe F.,Auger-Aliassime F.,2,2,ou,28.50,over,ft,2.527,4
E9fihY2N,Tiafoe F.,Auger-Aliassime F.,2,2,ou,28.50,under,ft,1.478,4
E9fihY2N,Tiafoe F.,Auger-Aliassime F.,2,2,ou,29.50,over,ft,2.62,1
E9fihY2N,Tiafoe F.,Auger-Aliassime F.,2,2,ou,29.50,under,ft,1.42,1
E9fihY2N,Tiafoe F.,Auger-Aliassime F.,2,2,ou,30.50,over,ft,2.87,1
E9fihY2N,Tiafoe F.,Auger-Aliassime F.,2,2,ou,30.50,under,ft,1.35,1
E9fihY2N,Tiafoe F.,Auger-Aliassime F.,2,2,ou,31.50,over,ft,3.47,1
E9fihY2N,Tiafoe F.,Auger-Aliassime F.,2,2,ou,31.50,under,ft,1.25,1
E9fihY2N,Tiafoe F.,Auger-Aliassime F.,2,2,ou,32.50,over,ft,4.42,1
E9fihY2N,Tiafoe F.,Auger-Aliassime F.,2,2,ou,32.50,under,ft,1.16,1
E9fihY2N,Tiafoe F.,Auger-Aliassime F.,2,2,ou,33.50,over,ft,5.27,1
E9fihY2N,Tiafoe F.,Auger-Aliassime F.,2,2,ou,33.50,under,ft,1.11,1
E9fihY2N,Tiafoe F.,Auger-Aliassime F.,2,2,ou,34.50,over,ft,6.06,1
E9fihY2N,Tiafoe F.,Auger-Aliassime F.,2,2,ou,34.50,under,ft,1.08,1
E9fihY2N,Tiafoe F.,Auger-Aliassime F.,2,2,ou,35.50,over,ft,7.92,1
E9fihY2N,Tiafoe F.,Auger-Aliassime F.,2,2,ou,35.50,under,ft,1.04,1
E9fihY2N,Tiafoe F.,Auger-Aliassime F.,2,2,ou,36.50,over,ft,10.16,1
E9fihY2N,Tiafoe F.,Auger-Aliassime F.,2,2,hc,1.50,home,ft,1.474,9
E9fihY2N,Tiafoe F.,Auger-Aliassime F.,2,2,hc,1.50,away,ft,2.562,9
E9fihY2N,Tiafoe F.,Auger-Aliassime F.,2,2,hc,-1.50,home,ft,3.81,7
E9fihY2N,Tiafoe F.,Auger-Aliassime F.,2,2,hc,-1.50,away,ft,1.244,7
E9fihY2N,Tiafoe F.,Auger-Aliassime F.,2,2,hc,0,home,ft,2.26,3
E9fihY2N,Tiafoe F.,Auger-Aliassime F.,2,2,hc,0,away,ft,1.58,3
E9fihY2N,Tiafoe F.,Auger-Aliassime F.,2,2,hc,0.50,home,ft,2.136,9
E9fihY2N,Tiafoe F.,Auger-Aliassime F.,2,2,hc,0.50,away,ft,1.667,9
E9fihY2N,Tiafoe F.,Auger-Aliassime F.,2,2,hc,-0.50,home,ft,2.375,4
E9fihY2N,Tiafoe F.,Auger-Aliassime F.,2,2,hc,-0.50,away,ft,1.53,4
E9fihY2N,Tiafoe F.,Auger-Aliassime F.,2,2,hc,1.00,home,ft,2.058,6
E9fihY2N,Tiafoe F.,Auger-Aliassime F.,2,2,hc,1.00,away,ft,1.728,6
E9fihY2N,Tiafoe F.,Auger-Aliassime F.,2,2,hc,-1.00,home,ft,2.56,3
E9fihY2N,Tiafoe F.,Auger-Aliassime F.,2,2,hc,-1.00,away,ft,1.46,3
E9fihY2N,Tiafoe F.,Auger-Aliassime F.,2,2,hc,1.50,home,ft,1.913,9
E9fihY2N,Tiafoe F.,Auger-Aliassime F.,2,2,hc,1.50,away,ft,1.856,9
E9fihY2N,Tiafoe F.,Auger-Aliassime F.,2,2,hc,-1.50,home,ft,2.45,3
E9fihY2N,Tiafoe F.,Auger-Aliassime F.,2,2,hc,-1.50,away,ft,1.51,3
E9fihY2N,Tiafoe F.,Auger-Aliassime F.,2,2,hc,2.00,home,ft,1.783,6
E9fihY2N,Tiafoe F.,Auger-Aliassime F.,2,2,hc,2.00,away,ft,1.992,6
E9fihY2N,Tiafoe F.,Auger-Aliassime F.,2,2,hc,2.50,home,ft,1.633,9
E9fihY2N,Tiafoe F.,Auger-Aliassime F.,2,2,hc,2.50,away,ft,2.189,9
E9fihY2N,Tiafoe F.,Auger-Aliassime F.,2,2,hc,3.00,home,ft,1.453,6
E9fihY2N,Tiafoe F.,Auger-Aliassime F.,2,2,hc,3.00,away,ft,2.65,6
E9fihY2N,Tiafoe F.,Auger-Aliassime F.,2,2,hc,3.50,home,ft,1.372,6
E9fihY2N,Tiafoe F.,Auger-Aliassime F.,2,2,hc,3.50,away,ft,2.898,6
E9fihY2N,Tiafoe F.,Auger-Aliassime F.,2,2,hc,4.00,home,ft,1.18,3
E9fihY2N,Tiafoe F.,Auger-Aliassime F.,2,2,hc,4.00,away,ft,4.4,3
E9fihY2N,Tiafoe F.,Auger-Aliassime F.,2,2,hc,4.50,home,ft,1.188,4
E9fihY2N,Tiafoe F.,Auger-Aliassime F.,2,2,hc,4.50,away,ft,4.338,4
E9fihY2N,Tiafoe F.,Auger-Aliassime F.,2,2,hc,5.00,home,ft,1.06,3
E9fihY2N,Tiafoe F.,Auger-Aliassime F.,2,2,hc,5.00,away,ft,7.4,3
GtmBjbLr,Altmaier D.,Medvedev D.,2,2,ou,2.50,over,ft,2.798,5
GtmBjbLr,Altmaier D.,Medvedev D.,2,2,ou,2.50,under,ft,1.426,5
GtmBjbLr,Altmaier D.,Medvedev D.,2,2,ou,14.50,under,ft,37.04,1
GtmBjbLr,Altmaier D.,Medvedev D.,2,2,ou,15.50,under,ft,10.43,1
GtmBjbLr,Altmaier D.,Medvedev D.,2,2,ou,16.50,over,ft,1.06,1
GtmBjbLr,Altmaier D.,Medvedev D.,2,2,ou,16.50,under,ft,6.84,1
GtmBjbLr,Altmaier D.,Medvedev D.,2,2,ou,17.50,over,ft,1.15,4
GtmBjbLr,Altmaier D.,Medvedev D.,2,2,ou,17.50,under,ft,4.955,4
GtmBjbLr,Altmaier D.,Medvedev D.,2,2,ou,18.50,over,ft,1.273,6
GtmBjbLr,Altmaier D.,Medvedev D.,2,2,ou,18.50,under,ft,3.56,6
GtmBjbLr,Altmaier D.,Medvedev D.,2,2,ou,19.00,over,ft,1.3,4
GtmBjbLr,Altmaier D.,Medvedev D.,2,2,ou,19.00,under,ft,3.402,4
GtmBjbLr,Altmaier D.,Medvedev D.,2,2,ou,19.50,over,ft,1.452,5
GtmBjbLr,Altmaier D.,Medvedev D.,2,2,ou,19.50,under,ft,2.672,5
GtmBjbLr,Altmaier D.,Medvedev D.,2,2,ou,20.00,over,ft,1.522,4
GtmBjbLr,Altmaier D.,Medvedev D.,2,2,ou,20.00,under,ft,2.478,4
GtmBjbLr,Altmaier D.,Medvedev D.,2,2,ou,20.50,over,ft,1.645,10
GtmBjbLr,Altmaier D.,Medvedev D.,2,2,ou,20.50,under,ft,2.195,10
GtmBjbLr,Altmaier D.,Medvedev D.,2,2,ou,21.00,over,ft,1.727,7
GtmBjbLr,Altmaier D.,Medvedev D.,2,2,ou,21.00,under,ft,2.096,7
GtmBjbLr,Altmaier D.,Medvedev D.,2,2,ou,21.50,over,ft,1.816,10
GtmBjbLr,Altmaier D.,Medvedev D.,2,2,ou,21.50,under,ft,1.967,10
GtmBjbLr,Altmaier D.,Medvedev D.,2,2,ou,22.00,over,ft,2.024,7
GtmBjbLr,Altmaier D.,Medvedev D.,2,2,ou,22.00,under,ft,1.769,7
GtmBjbLr,Altmaier D.,Medvedev D.,2,2,ou,22.50,over,ft,2.163,10
GtmBjbLr,Altmaier D.,Medvedev D.,2,2,ou,22.50,under,ft,1.674,10
GtmBjbLr,Altmaier D.,Medvedev D.,2,2,ou,23.00,over,ft,2.436,7
GtmBjbLr,Altmaier D.,Medvedev D.,2,2,ou,23.00,under,ft,1.544,7
GtmBjbLr,Altmaier D.,Medvedev D.,2,2,ou,23.50,over,ft,2.522,6
GtmBjbLr,Altmaier D.,Medvedev D.,2,2,ou,23.50,under,ft,1.517,6
GtmBjbLr,Altmaier D.,Medvedev D.,2,2,ou,24.00,over,ft,2.67,4
GtmBjbLr,Altmaier D.,Medvedev D.,2,2,ou,24.00,under,ft,1.45,4
GtmBjbLr,Altmaier D.,Medvedev D.,2,2,ou,24.50,over,ft,2.626,7
GtmBjbLr,Altmaier D.,Medvedev D.,2,2,ou,24.50,under,ft,1.456,7
GtmBjbLr,Altmaier D.,Medvedev D.,2,2,ou,25.00,over,ft,2.69,1
GtmBjbLr,Altmaier D.,Medvedev D.,2,2,ou,25.00,under,ft,1.4,1
GtmBjbLr,Altmaier D.,Medvedev D.,2,2,ou,25.50,over,ft,2.938,4
GtmBjbLr,Altmaier D.,Medvedev D.,2,2,ou,25.50,under,ft,1.357,4
GtmBjbLr,Altmaier D.,Medvedev D.,2,2,ou,26.50,over,ft,3.357,6
GtmBjbLr,Altmaier D.,Medvedev D.,2,2,ou,26.50,under,ft,1.303,6
GtmBjbLr,Altmaier D.,Medvedev D.,2,2,ou,27.50,over,ft,3.29,1
GtmBjbLr,Altmaier D.,Medvedev D.,2,2,ou,27.50,under,ft,1.28,1
GtmBjbLr,Altmaier D.,Medvedev D.,2,2,ou,28.50,over,ft,3.58,1
GtmBjbLr,Altmaier D.,Medvedev D.,2,2,ou,28.50,under,ft,1.24,1
GtmBjbLr,Altmaier D.,Medvedev D.,2,2,ou,29.50,over,ft,4.06,1
GtmBjbLr,Altmaier D.,Medvedev D.,2,2,ou,29.50,under,ft,1.19,1
GtmBjbLr,Altmaier D.,Medvedev D.,2,2,ou,30.50,over,ft,4.67,1
GtmBjbLr,Altmaier D.,Medvedev D.,2,2,ou,30.50,under,ft,1.15,1
GtmBjbLr,Altmaier D.,Medvedev D.,2,2,ou,31.50,over,ft,5.54,1
GtmBjbLr,Altmaier D.,Medvedev D.,2,2,ou,31.50,under,ft,1.1,1
GtmBjbLr,Altmaier D.,Medvedev D.,2,2,ou,32.50,over,ft,6.84,1
GtmBjbLr,Altmaier D.,Medvedev D.,2,2,ou,32.50,under,ft,1.06,1
GtmBjbLr,Altmaier D.,Medvedev D.,2,2,ou,33.50,over,ft,7.82,1
GtmBjbLr,Altmaier D.,Medvedev D.,2,2,ou,33.50,under,ft,1.04,1
GtmBjbLr,Altmaier D.,Medvedev D.,2,2,ou,34.50,over,ft,8.95,1
GtmBjbLr,Altmaier D.,Medvedev D.,2,2,ou,34.50,under,ft,1.03,1
GtmBjbLr,Altmaier D.,Medvedev D.,2,2,hc,1.50,home,ft,2.327,9
GtmBjbLr,Altmaier D.,Medvedev D.,2,2,hc,1.50,away,ft,1.583,9
GtmBjbLr,Altmaier D.,Medvedev D.,2,2,hc,-1.50,home,ft,8.759,7
GtmBjbLr,Altmaier D.,Medvedev D.,2,2,hc,-1.50,away,ft,1.063,6
GtmBjbLr,Altmaier D.,Medvedev D.,2,2,hc,1.00,home,ft,3.9,3
GtmBjbLr,Altmaier D.,Medvedev D.,2,2,hc,1.00,away,ft,1.22,3
GtmBjbLr,Altmaier D.,Medvedev D.,2,2,hc,1.50,home,ft,3.842,5
GtmBjbLr,Altmaier D.,Medvedev D.,2,2,hc,1.50,away,ft,1.242,5
GtmBjbLr,Altmaier D.,Medvedev D.,2,2,hc,-1.50,home,ft,6.605,2
GtmBjbLr,Altmaier D.,Medvedev D.,2,2,hc,-1.50,away,ft,1.11,2
GtmBjbLr,Altmaier D.,Medvedev D.,2,2,hc,2.00,home,ft,4.503,3
GtmBjbLr,Altmaier D.,Medvedev D.,2,2,hc,2.00,away,ft,1.21,3
GtmBjbLr,Altmaier D.,Medvedev D.,2,2,hc,2.50,home,ft,3.286,5
GtmBjbLr,Altmaier D.,Medvedev D.,2,2,hc,2.50,away,ft,1.336,5
GtmBjbLr,Altmaier D.,Medvedev D.,2,2,hc,3.00,home,ft,3.097,6
GtmBjbLr,Altmaier D.,Medvedev D.,2,2,hc,3.00,away,ft,1.368,6
GtmBjbLr,Altmaier D.,Medvedev D.,2,2,hc,3.50,home,ft,2.416,9
GtmBjbLr,Altmaier D.,Medvedev D.,2,2,hc,3.50,away,ft,1.559,9
GtmBjbLr,Altmaier D.,Medvedev D.,2,2,hc,4.00,home,ft,2.135,6
GtmBjbLr,Altmaier D.,Medvedev D.,2,2,hc,4.00,away,ft,1.707,6
GtmBjbLr,Altmaier D.,Medvedev D.,2,2,hc,4.50,home,ft,1.676,8
GtmBjbLr,Altmaier D.,Medvedev D.,2,2,hc,4.50,away,ft,2.165,8
GtmBjbLr,Altmaier D.,Medvedev D.,2,2,hc,5.00,home,ft,1.522,6
GtmBjbLr,Altmaier D.,Medvedev D.,2,2,hc,5.00,away,ft,2.532,6
GtmBjbLr,Altmaier D.,Medvedev D.,2,2,hc,5.50,home,ft,1.392,9
GtmBjbLr,Altmaier D.,Medvedev D.,2,2,hc,5.50,away,ft,2.921,9
GtmBjbLr,Altmaier D.,Medvedev D.,2,2,hc,6.00,home,ft,1.21,3
GtmBjbLr,Altmaier D.,Medvedev D.,2,2,hc,6.00,away,ft,4.423,3
GtmBjbLr,Altmaier D.,Medvedev D.,2,2,hc,6.50,home,ft,1.17,4
GtmBjbLr,Altmaier D.,Medvedev D.,2,2,hc,6.50,away,ft,4.955,4
GtmBjbLr,Altmaier D.,Medvedev D.,2,2,hc,7.00,home,ft,1.05,3
GtmBjbLr,Altmaier D.,Medvedev D.,2,2,hc,7.00,away,ft,10.533,3
GtmBjbLr,Altmaier D.,Medvedev D.,2,2,hc,7.50,home,ft,1.055,2
GtmBjbLr,Altmaier D.,Medvedev D.,2,2,hc,7.50,away,ft,10.145,2
xI4JDlMc,Zverev A.,Collignon R.,2,2,ou,2.50,over,ft,2.656,5
xI4JDlMc,Zverev A.,Collignon R.,2,2,ou,2.50,under,ft,1.454,5
xI4JDlMc,Zverev A.,Collignon R.,2,2,ou,15.50,under,ft,26.08,1
xI4JDlMc,Zverev A.,Collignon R.,2,2,ou,16.50,under,ft,10.54,1
xI4JDlMc,Zverev A.,Collignon R.,2,2,ou,17.50,over,ft,1.07,1
xI4JDlMc,Zverev A.,Collignon R.,2,2,ou,17.50,under,ft,6.39,1
xI4JDlMc,Zverev A.,Collignon R.,2,2,ou,18.50,over,ft,1.13,2
xI4JDlMc,Zverev A.,Collignon R.,2,2,ou,18.50,under,ft,5.325,2
xI4JDlMc,Zverev A.,Collignon R.,2,2,ou,19.00,over,ft,1.23,3
xI4JDlMc,Zverev A.,Collignon R.,2,2,ou,19.00,under,ft,3.5,3
xI4JDlMc,Zverev A.,Collignon R.,2,2,ou,19.50,over,ft,1.33,4
xI4JDlMc,Zverev A.,Collignon R.,2,2,ou,19.50,under,ft,2.962,4
xI4JDlMc,Zverev A.,Collignon R.,2,2,ou,20.00,over,ft,1.265,4
xI4JDlMc,Zverev A.,Collignon R.,2,2,ou,20.00,under,ft,3.272,4
xI4JDlMc,Zverev A.,Collignon R.,2,2,ou,20.50,over,ft,1.395,6
xI4JDlMc,Zverev A.,Collignon R.,2,2,ou,20.50,under,ft,2.723,6
xI4JDlMc,Zverev A.,Collignon R.,2,2,ou,21.00,over,ft,1.432,4
xI4JDlMc,Zverev A.,Collignon R.,2,2,ou,21.00,under,ft,2.57,4
xI4JDlMc,Zverev A.,Collignon R.,2,2,ou,21.50,over,ft,1.549,10
xI4JDlMc,Zverev A.,Collignon R.,2,2,ou,21.50,under,ft,2.345,10
xI4JDlMc,Zverev A.,Collignon R.,2,2,ou,22.00,over,ft,1.64,7
xI4JDlMc,Zverev A.,Collignon R.,2,2,ou,22.00,under,ft,2.179,7
xI4JDlMc,Zverev A.,Collignon R.,2,2,ou,22.50,over,ft,1.889,10
xI4JDlMc,Zverev A.,Collignon R.,2,2,ou,22.50,under,ft,1.883,10
xI4JDlMc,Zverev A.,Collignon R.,2,2,ou,23.00,over,ft,2.01,7
xI4JDlMc,Zverev A.,Collignon R.,2,2,ou,23.00,under,ft,1.76,7
xI4JDlMc,Zverev A.,Collignon R.,2,2,ou,23.50,over,ft,2.2,10
xI4JDlMc,Zverev A.,Collignon R.,2,2,ou,23.50,under,ft,1.617,10
xI4JDlMc,Zverev A.,Collignon R.,2,2,ou,24.00,over,ft,2.207,7
xI4JDlMc,Zverev A.,Collignon R.,2,2,ou,24.00,under,ft,1.614,7
xI4JDlMc,Zverev A.,Collignon R.,2,2,ou,24.50,over,ft,2.231,7
xI4JDlMc,Zverev A.,Collignon R.,2,2,ou,24.50,under,ft,1.574,7
xI4JDlMc,Zverev A.,Collignon R.,2,2,ou,25.00,over,ft,2.353,4
xI4JDlMc,Zverev A.,Collignon R.,2,2,ou,25.00,under,ft,1.488,4
xI4JDlMc,Zverev A.,Collignon R.,2,2,ou,25.50,over,ft,2.43,1
xI4JDlMc,Zverev A.,Collignon R.,2,2,ou,25.50,under,ft,1.48,1
xI4JDlMc,Zverev A.,Collignon R.,2,2,ou,26.00,over,ft,2.66,1
xI4JDlMc,Zverev A.,Collignon R.,2,2,ou,26.00,under,ft,1.41,1
xI4JDlMc,Zverev A.,Collignon R.,2,2,ou,26.50,over,ft,2.77,2
xI4JDlMc,Zverev A.,Collignon R.,2,2,ou,26.50,under,ft,1.395,2
xI4JDlMc,Zverev A.,Collignon R.,2,2,ou,27.50,over,ft,2.89,1
xI4JDlMc,Zverev A.,Collignon R.,2,2,ou,27.50,under,ft,1.35,1
xI4JDlMc,Zverev A.,Collignon R.,2,2,ou,28.50,over,ft,3.09,1
xI4JDlMc,Zverev A.,Collignon R.,2,2,ou,28.50,under,ft,1.31,1
xI4JDlMc,Zverev A.,Collignon R.,2,2,ou,29.50,over,ft,3.31,1
xI4JDlMc,Zverev A.,Collignon R.,2,2,ou,29.50,under,ft,1.27,1
xI4JDlMc,Zverev A.,Collignon R.,2,2,ou,30.50,over,ft,3.65,1
xI4JDlMc,Zverev A.,Collignon R.,2,2,ou,30.50,under,ft,1.23,1
xI4JDlMc,Zverev A.,Collignon R.,2,2,ou,31.50,over,ft,4.24,1
xI4JDlMc,Zverev A.,Collignon R.,2,2,ou,31.50,under,ft,1.17,1
xI4JDlMc,Zverev A.,Collignon R.,2,2,ou,32.50,over,ft,5.12,1
xI4JDlMc,Zverev A.,Collignon R.,2,2,ou,32.50,under,ft,1.12,1
xI4JDlMc,Zverev A.,Collignon R.,2,2,ou,33.50,over,ft,5.92,1
xI4JDlMc,Zverev A.,Collignon R.,2,2,ou,33.50,under,ft,1.09,1
xI4JDlMc,Zverev A.,Collignon R.,2,2,ou,34.50,over,ft,6.7,1
xI4JDlMc,Zverev A.,Collignon R.,2,2,ou,34.50,under,ft,1.07,1
xI4JDlMc,Zverev A.,Collignon R.,2,2,ou,35.50,over,ft,8.5,1
xI4JDlMc,Zverev A.,Collignon R.,2,2,ou,35.50,under,ft,1.03,1
xI4JDlMc,Zverev A.,Collignon R.,2,2,hc,1.50,home,ft,1.053,7
xI4JDlMc,Zverev A.,Collignon R.,2,2,hc,1.50,away,ft,8.721,7
xI4JDlMc,Zverev A.,Collignon R.,2,2,hc,-1.50,home,ft,1.619,9
xI4JDlMc,Zverev A.,Collignon R.,2,2,hc,-1.50,away,ft,2.214,9
xI4JDlMc,Zverev A.,Collignon R.,2,2,hc,0.50,home,ft,1.15,1
xI4JDlMc,Zverev A.,Collignon R.,2,2,hc,0.50,away,ft,4.9,1
xI4JDlMc,Zverev A.,Collignon R.,2,2,hc,-0.50,home,ft,1.19,1
xI4JDlMc,Zverev A.,Collignon R.,2,2,hc,-0.50,away,ft,4.2,1
xI4JDlMc,Zverev A.,Collignon R.,2,2,hc,-1.00,home,ft,1.187,3
xI4JDlMc,Zverev A.,Collignon R.,2,2,hc,-1.00,away,ft,4.353,3
xI4JDlMc,Zverev A.,Collignon R.,2,2,hc,1.50,home,ft,1.11,1
xI4JDlMc,Zverev A.,Collignon R.,2,2,hc,1.50,away,ft,6.4,1
xI4JDlMc,Zverev A.,Collignon R.,2,2,hc,-1.50,home,ft,1.242,5
xI4JDlMc,Zverev A.,Collignon R.,2,2,hc,-1.50,away,ft,3.738,5
xI4JDlMc,Zverev A.,Collignon R.,2,2,hc,-2.00,home,ft,1.27,3
xI4JDlMc,Zverev A.,Collignon R.,2,2,hc,-2.00,away,ft,3.48,3
xI4JDlMc,Zverev A.,Collignon R.,2,2,hc,-2.50,home,ft,1.406,9
xI4JDlMc,Zverev A.,Collignon R.,2,2,hc,-2.50,away,ft,2.811,9
xI4JDlMc,Zverev A.,Collignon R.,2,2,hc,-3.00,home,ft,1.525,6
xI4JDlMc,Zverev A.,Collignon R.,2,2,hc,-3.00,away,ft,2.442,6
xI4JDlMc,Zverev A.,Collignon R.,2,2,hc,-3.50,home,ft,1.75,8
xI4JDlMc,Zverev A.,Collignon R.,2,2,hc,-3.50,away,ft,2.061,8
xI4JDlMc,Zverev A.,Collignon R.,2,2,hc,-4.00,home,ft,2.175,6
xI4JDlMc,Zverev A.,Collignon R.,2,2,hc,-4.00,away,ft,1.65,6
xI4JDlMc,Zverev A.,Collignon R.,2,2,hc,-4.50,home,ft,2.477,9
xI4JDlMc,Zverev A.,Collignon R.,2,2,hc,-4.50,away,ft,1.513,9
xI4JDlMc,Zverev A.,Collignon R.,2,2,hc,-5.00,home,ft,3.673,6
xI4JDlMc,Zverev A.,Collignon R.,2,2,hc,-5.00,away,ft,1.255,6
xI4JDlMc,Zverev A.,Collignon R.,2,2,hc,-5.50,home,ft,4.332,5
xI4JDlMc,Zverev A.,Collignon R.,2,2,hc,-5.50,away,ft,1.186,5
xI4JDlMc,Zverev A.,Collignon R.,2,2,hc,-6.00,home,ft,7.067,3
xI4JDlMc,Zverev A.,Collignon R.,2,2,hc,-6.00,away,ft,1.07,3
xI4JDlMc,Zverev A.,Collignon R.,2,2,hc,-6.50,home,ft,5.4,3
xI4JDlMc,Zverev A.,Collignon R.,2,2,hc,-6.50,away,ft,1.12,3
xI4JDlMc,Zverev A.,Collignon R.,2,2,hc,-7.00,home,ft,9.5,3
xI4JDlMc,Zverev A.,Collignon R.,2,2,hc,-7.00,away,ft,1.03,3
4EcAb0Ra,Shelton B.,Fritz T.,1,1,ou,2.50,over,ft,2.1,5
4EcAb0Ra,Shelton B.,Fritz T.,1,1,ou,2.50,under,ft,1.704,5
4EcAb0Ra,Shelton B.,Fritz T.,1,1,ou,16.50,under,ft,45.76,1
4EcAb0Ra,Shelton B.,Fritz T.,1,1,ou,17.50,under,ft,27.36,1
4EcAb0Ra,Shelton B.,Fritz T.,1,1,ou,18.50,under,ft,17.17,1
4EcAb0Ra,Shelton B.,Fritz T.,1,1,ou,19.50,over,ft,1.04,1
4EcAb0Ra,Shelton B.,Fritz T.,1,1,ou,19.50,under,ft,7.96,1
4EcAb0Ra,Shelton B.,Fritz T.,1,1,ou,20.50,over,ft,1.09,1
4EcAb0Ra,Shelton B.,Fritz T.,1,1,ou,20.50,under,ft,5.9,1
4EcAb0Ra,Shelton B.,Fritz T.,1,1,ou,21.50,over,ft,1.13,1
4EcAb0Ra,Shelton B.,Fritz T.,1,1,ou,21.50,under,ft,4.95,1
4EcAb0Ra,Shelton B.,Fritz T.,1,1,ou,22.50,over,ft,1.23,1
4EcAb0Ra,Shelton B.,Fritz T.,1,1,ou,22.50,under,ft,3.66,1
4EcAb0Ra,Shelton B.,Fritz T.,1,1,ou,23.00,over,ft,1.325,4
4EcAb0Ra,Shelton B.,Fritz T.,1,1,ou,23.00,under,ft,2.92,4
4EcAb0Ra,Shelton B.,Fritz T.,1,1,ou,23.50,over,ft,1.498,5
4EcAb0Ra,Shelton B.,Fritz T.,1,1,ou,23.50,under,ft,2.392,5
4EcAb0Ra,Shelton B.,Fritz T.,1,1,ou,24.00,over,ft,1.512,4
4EcAb0Ra,Shelton B.,Fritz T.,1,1,ou,24.00,under,ft,2.345,4
4EcAb0Ra,Shelton B.,Fritz T.,1,1,ou,24.50,over,ft,1.578,9
4EcAb0Ra,Shelton B.,Fritz T.,1,1,ou,24.50,under,ft,2.321,9
4EcAb0Ra,Shelton B.,Fritz T.,1,1,ou,25.00,over,ft,1.584,7
4EcAb0Ra,Shelton B.,Fritz T.,1,1,ou,25.00,under,ft,2.354,7
4EcAb0Ra,Shelton B.,Fritz T.,1,1,ou,25.50,over,ft,1.655,10
4EcAb0Ra,Shelton B.,Fritz T.,1,1,ou,25.50,under,ft,2.186,10
4EcAb0Ra,Shelton B.,Fritz T.,1,1,ou,26.00,over,ft,1.953,4
4EcAb0Ra,Shelton B.,Fritz T.,1,1,ou,26.00,under,ft,1.825,4
4EcAb0Ra,Shelton B.,Fritz T.,1,1,ou,26.50,over,ft,2.073,7
4EcAb0Ra,Shelton B.,Fritz T.,1,1,ou,26.50,under,ft,1.716,7
4EcAb0Ra,Shelton B.,Fritz T.,1,1,ou,27.00,over,ft,2.169,7
4EcAb0Ra,Shelton B.,Fritz T.,1,1,ou,27.00,under,ft,1.679,7
4EcAb0Ra,Shelton B.,Fritz T.,1,1,ou,27.50,over,ft,2.155,10
4EcAb0Ra,Shelton B.,Fritz T.,1,1,ou,27.50,under,ft,1.671,10
4EcAb0Ra,Shelton B.,Fritz T.,1,1,ou,28.00,over,ft,2.292,4
4EcAb0Ra,Shelton B.,Fritz T.,1,1,ou,28.00,under,ft,1.603,4
4EcAb0Ra,Shelton B.,Fritz T.,1,1,ou,28.50,over,ft,2.278,5
4EcAb0Ra,Shelton B.,Fritz T.,1,1,ou,28.50,under,ft,1.602,5
4EcAb0Ra,Shelton B.,Fritz T.,1,1,ou,29.00,over,ft,2.188,4
4EcAb0Ra,Shelton B.,Fritz T.,1,1,ou,29.00,under,ft,1.59,4
4EcAb0Ra,Shelton B.,Fritz T.,1,1,ou,29.50,over,ft,2.196,5
4EcAb0Ra,Shelton B.,Fritz T.,1,1,ou,29.50,under,ft,1.582,5
4EcAb0Ra,Shelton B.,Fritz T.,1,1,ou,30.00,over,ft,2.21,4
4EcAb0Ra,Shelton B.,Fritz T.,1,1,ou,30.00,under,ft,1.552,4
4EcAb0Ra,Shelton B.,Fritz T.,1,1,ou,30.50,over,ft,2.18,1
4EcAb0Ra,Shelton B.,Fritz T.,1,1,ou,30.50,under,ft,1.59,1
4EcAb0Ra,Shelton B.,Fritz T.,1,1,ou,31.50,over,ft,2.44,1
4EcAb0Ra,Shelton B.,Fritz T.,1,1,ou,31.50,under,ft,1.48,1
4EcAb0Ra,Shelton B.,Fritz T.,1,1,ou,32.50,over,ft,2.65,1
4EcAb0Ra,Shelton B.,Fritz T.,1,1,ou,32.50,under,ft,1.41,1
4EcAb0Ra,Shelton B.,Fritz T.,1,1,ou,33.50,over,ft,3.21,1
4EcAb0Ra,Shelton B.,Fritz T.,1,1,ou,33.50,under,ft,1.29,1
4EcAb0Ra,Shelton B.,Fritz T.,1,1,ou,34.50,over,ft,3.06,1
4EcAb0Ra,Shelton B.,Fritz T.,1,1,ou,34.50,under,ft,1.32,1
4EcAb0Ra,Shelton B.,Fritz T.,1,1,ou,35.50,over,ft,4.12,1
4EcAb0Ra,Shelton B.,Fritz T.,1,1,ou,35.50,under,ft,1.18,1
4EcAb0Ra,Shelton B.,Fritz T.,1,1,ou,36.50,over,ft,5.65,1
4EcAb0Ra,Shelton B.,Fritz T.,1,1,ou,36.50,under,ft,1.1,1
4EcAb0Ra,Shelton B.,Fritz T.,1,1,ou,37.50,over,ft,6.14,1
4EcAb0Ra,Shelton B.,Fritz T.,1,1,ou,37.50,under,ft,1.08,1
4EcAb0Ra,Shelton B.,Fritz T.,1,1,ou,38.50,over,ft,6.62,1
4EcAb0Ra,Shelton B.,Fritz T.,1,1,ou,38.50,under,ft,1.07,1
4EcAb0Ra,Shelton B.,Fritz T.,1,1,hc,1.50,home,ft,1.361,9
4EcAb0Ra,Shelton B.,Fritz T.,1,1,hc,1.50,away,ft,2.997,9
4EcAb0Ra,Shelton B.,Fritz T.,1,1,hc,-1.50,home,ft,3.419,8
4EcAb0Ra,Shelton B.,Fritz T.,1,1,hc,-1.50,away,ft,1.294,8
4EcAb0Ra,Shelton B.,Fritz T.,1,1,hc,0,home,ft,2.027,6
4EcAb0Ra,Shelton B.,Fritz T.,1,1,hc,0,away,ft,1.788,6
4EcAb0Ra,Shelton B.,Fritz T.,1,1,hc,0.50,home,ft,1.92,9
4EcAb0Ra,Shelton B.,Fritz T.,1,1,hc,0.50,away,ft,1.848,9
4EcAb0Ra,Shelton B.,Fritz T.,1,1,hc,-0.50,home,ft,2.138,8
4EcAb0Ra,Shelton B.,Fritz T.,1,1,hc,-0.50,away,ft,1.7,8
4EcAb0Ra,Shelton B.,Fritz T.,1,1,hc,1.00,home,ft,1.798,6
4EcAb0Ra,Shelton B.,Fritz T.,1,1,hc,1.00,away,ft,2.015,6
4EcAb0Ra,Shelton B.,Fritz T.,1,1,hc,-1.00,home,ft,2.202,6
4EcAb0Ra,Shelton B.,Fritz T.,1,1,hc,-1.00,away,ft,1.662,6
4EcAb0Ra,Shelton B.,Fritz T.,1,1,hc,1.50,home,ft,1.708,8
4EcAb0Ra,Shelton B.,Fritz T.,1,1,hc,1.50,away,ft,2.119,8
4EcAb0Ra,Shelton B.,Fritz T.,1,1,hc,-1.50,home,ft,2.408,5
4EcAb0Ra,Shelton B.,Fritz T.,1,1,hc,-1.50,away,ft,1.55,5
4EcAb0Ra,Shelton B.,Fritz T.,1,1,hc,2.00,home,ft,1.51,6
4EcAb0Ra,Shelton B.,Fritz T.,1,1,hc,2.00,away,ft,2.565,6
4EcAb0Ra,Shelton B.,Fritz T.,1,1,hc,-2.00,home,ft,3.03,3
4EcAb0Ra,Shelton B.,Fritz T.,1,1,hc,-2.00,away,ft,1.38,3
4EcAb0Ra,Shelton B.,Fritz T.,1,1,hc,2.50,home,ft,1.428,5
4EcAb0Ra,Shelton B.,Fritz T.,1,1,hc,2.50,away,ft,2.774,5
4EcAb0Ra,Shelton B.,Fritz T.,1,1,hc,-2.50,home,ft,2.94,3
4EcAb0Ra,Shelton B.,Fritz T.,1,1,hc,-2.50,away,ft,1.36,3
4EcAb0Ra,Shelton B.,Fritz T.,1,1,hc,3.00,home,ft,1.26,3
4EcAb0Ra,Shelton B.,Fritz T.,1,1,hc,3.00,away,ft,3.82,3
4EcAb0Ra,Shelton B.,Fritz T.,1,1,hc,-3.00,home,ft,4.2,3
4EcAb0Ra,Shelton B.,Fritz T.,1,1,hc,-3.00,away,ft,1.2,3
4EcAb0Ra,Shelton B.,Fritz T.,1,1,hc,3.50,home,ft,1.19,3
4EcAb0Ra,Shelton B.,Fritz T.,1,1,hc,3.50,away,ft,4.4,3
pzMFFIHl,Collignon R.,Bellucci M.,2,2,ou,2.50,over,ft,2.172,5
pzMFFIHl,Collignon R.,Bellucci M.,2,2,ou,2.50,under,ft,1.66,5
pzMFFIHl,Collignon R.,Bellucci M.,2,2,ou,16.50,under,ft,17.14,1
pzMFFIHl,Collignon R.,Bellucci M.,2,2,ou,17.50,over,ft,1.03,1
pzMFFIHl,Collignon R.,Bellucci M.,2,2,ou,17.50,under,ft,8.88,1
pzMFFIHl,Collignon R.,Bellucci M.,2,2,ou,18.50,over,ft,1.09,1
pzMFFIHl,Collignon R.,Bellucci M.,2,2,ou,18.50,under,ft,5.94,1
pzMFFIHl,Collignon R.,Bellucci M.,2,2,ou,19.50,over,ft,1.18,2
pzMFFIHl,Collignon R.,Bellucci M.,2,2,ou,19.50,under,ft,4.275,2
pzMFFIHl,Collignon R.,Bellucci M.,2,2,ou,20.00,over,ft,1.242,5
pzMFFIHl,Collignon R.,Bellucci M.,2,2,ou,20.00,under,ft,3.55,5
pzMFFIHl,Collignon R.,Bellucci M.,2,2,ou,20.50,over,ft,1.345,6
pzMFFIHl,Collignon R.,Bellucci M.,2,2,ou,20.50,under,ft,2.935,6
pzMFFIHl,Collignon R.,Bellucci M.,2,2,ou,21.00,over,ft,1.3,5
pzMFFIHl,Collignon R.,Bellucci M.,2,2,ou,21.00,under,ft,3.088,5
pzMFFIHl,Collignon R.,Bellucci M.,2,2,ou,21.50,over,ft,1.377,6
pzMFFIHl,Collignon R.,Bellucci M.,2,2,ou,21.50,under,ft,2.785,6
pzMFFIHl,Collignon R.,Bellucci M.,2,2,ou,22.00,over,ft,1.458,5
pzMFFIHl,Collignon R.,Bellucci M.,2,2,ou,22.00,under,ft,2.518,5
pzMFFIHl,Collignon R.,Bellucci M.,2,2,ou,22.50,over,ft,1.622,10
pzMFFIHl,Collignon R.,Bellucci M.,2,2,ou,22.50,under,ft,2.187,10
pzMFFIHl,Collignon R.,Bellucci M.,2,2,ou,23.00,over,ft,1.743,7
pzMFFIHl,Collignon R.,Bellucci M.,2,2,ou,23.00,under,ft,2.02,7
pzMFFIHl,Collignon R.,Bellucci M.,2,2,ou,23.50,over,ft,1.897,10
pzMFFIHl,Collignon R.,Bellucci M.,2,2,ou,23.50,under,ft,1.877,10
pzMFFIHl,Collignon R.,Bellucci M.,2,2,ou,24.00,over,ft,1.901,7
pzMFFIHl,Collignon R.,Bellucci M.,2,2,ou,24.00,under,ft,1.84,7
pzMFFIHl,Collignon R.,Bellucci M.,2,2,ou,24.50,over,ft,1.931,10
pzMFFIHl,Collignon R.,Bellucci M.,2,2,ou,24.50,under,ft,1.827,10
pzMFFIHl,Collignon R.,Bellucci M.,2,2,ou,25.00,over,ft,1.962,5
pzMFFIHl,Collignon R.,Bellucci M.,2,2,ou,25.00,under,ft,1.742,5
pzMFFIHl,Collignon R.,Bellucci M.,2,2,ou,25.50,over,ft,2.02,6
pzMFFIHl,Collignon R.,Bellucci M.,2,2,ou,25.50,under,ft,1.697,6
pzMFFIHl,Collignon R.,Bellucci M.,2,2,ou,26.00,over,ft,2.168,5
pzMFFIHl,Collignon R.,Bellucci M.,2,2,ou,26.00,under,ft,1.584,5
pzMFFIHl,Collignon R.,Bellucci M.,2,2,ou,26.50,over,ft,2.31,4
pzMFFIHl,Collignon R.,Bellucci M.,2,2,ou,26.50,under,ft,1.548,4
pzMFFIHl,Collignon R.,Bellucci M.,2,2,ou,27.00,over,ft,2.366,5
pzMFFIHl,Collignon R.,Bellucci M.,2,2,ou,27.00,under,ft,1.504,5
pzMFFIHl,Collignon R.,Bellucci M.,2,2,ou,27.50,over,ft,2.386,5
pzMFFIHl,Collignon R.,Bellucci M.,2,2,ou,27.50,under,ft,1.488,5
pzMFFIHl,Collignon R.,Bellucci M.,2,2,ou,28.50,over,ft,2.62,2
pzMFFIHl,Collignon R.,Bellucci M.,2,2,ou,28.50,under,ft,1.42,2
pzMFFIHl,Collignon R.,Bellucci M.,2,2,ou,29.50,over,ft,2.78,1
pzMFFIHl,Collignon R.,Bellucci M.,2,2,ou,29.50,under,ft,1.38,1
pzMFFIHl,Collignon R.,Bellucci M.,2,2,ou,30.50,over,ft,3.06,1
pzMFFIHl,Collignon R.,Bellucci M.,2,2,ou,30.50,under,ft,1.31,1
pzMFFIHl,Collignon R.,Bellucci M.,2,2,ou,31.50,over,ft,3.51,1
pzMFFIHl,Collignon R.,Bellucci M.,2,2,ou,31.50,under,ft,1.25,1
pzMFFIHl,Collignon R.,Bellucci M.,2,2,ou,32.50,over,ft,4.39,1
pzMFFIHl,Collignon R.,Bellucci M.,2,2,ou,32.50,under,ft,1.16,1
pzMFFIHl,Collignon R.,Bellucci M.,2,2,ou,33.50,over,ft,5.22,1
pzMFFIHl,Collignon R.,Bellucci M.,2,2,ou,33.50,under,ft,1.12,1
pzMFFIHl,Collignon R.,Bellucci M.,2,2,hc,1.50,home,ft,1.3,7
pzMFFIHl,Collignon R.,Bellucci M.,2,2,hc,1.50,away,ft,3.384,7
pzMFFIHl,Collignon R.,Bellucci M.,2,2,hc,-1.50,home,ft,2.906,9
pzMFFIHl,Collignon R.,Bellucci M.,2,2,hc,-1.50,away,ft,1.382,9
pzMFFIHl,Collignon R.,Bellucci M.,2,2,hc,0,home,ft,1.783,6
pzMFFIHl,Collignon R.,Bellucci M.,2,2,hc,0,away,ft,1.983,6
pzMFFIHl,Collignon R.,Bellucci M.,2,2,hc,0.50,home,ft,1.71,8
pzMFFIHl,Collignon R.,Bellucci M.,2,2,hc,0.50,away,ft,2.072,8
pzMFFIHl,Collignon R.,Bellucci M.,2,2,hc,-0.50,home,ft,1.869,9
pzMFFIHl,Collignon R.,Bellucci M.,2,2,hc,-0.50,away,ft,1.908,9
pzMFFIHl,Collignon R.,Bellucci M.,2,2,hc,1.00,home,ft,1.62,3
pzMFFIHl,Collignon R.,Bellucci M.,2,2,hc,1.00,away,ft,2.18,3
pzMFFIHl,Collignon R.,Bellucci M.,2,2,hc,-1.00,home,ft,1.942,6
pzMFFIHl,Collignon R.,Bellucci M.,2,2,hc,-1.00,away,ft,1.818,6
pzMFFIHl,Collignon R.,Bellucci M.,2,2,hc,1.50,home,ft,1.572,5
pzMFFIHl,Collignon R.,Bellucci M.,2,2,hc,1.50,away,ft,2.27,5
pzMFFIHl,Collignon R.,Bellucci M.,2,2,hc,-1.50,home,ft,2.004,8
pzMFFIHl,Collignon R.,Bellucci M.,2,2,hc,-1.50,away,ft,1.766,8
pzMFFIHl,Collignon R.,Bellucci M.,2,2,hc,2.00,home,ft,1.47,3
pzMFFIHl,Collignon R.,Bellucci M.,2,2,hc,2.00,away,ft,2.53,3
pzMFFIHl,Collignon R.,Bellucci M.,2,2,hc,-2.00,home,ft,2.185,6
pzMFFIHl,Collignon R.,Bellucci M.,2,2,hc,-2.00,away,ft,1.647,6
pzMFFIHl,Collignon R.,Bellucci M.,2,2,hc,2.50,home,ft,1.415,4
pzMFFIHl,Collignon R.,Bellucci M.,2,2,hc,2.50,away,ft,2.765,4
pzMFFIHl,Collignon R.,Bellucci M.,2,2,hc,-2.50,home,ft,2.27,9
pzMFFIHl,Collignon R.,Bellucci M.,2,2,hc,-2.50,away,ft,1.593,9
pzMFFIHl,Collignon R.,Bellucci M.,2,2,hc,-3.00,home,ft,2.617,6
pzMFFIHl,Collignon R.,Bellucci M.,2,2,hc,-3.00,away,ft,1.46,6
pzMFFIHl,Collignon R.,Bellucci M.,2,2,hc,3.50,home,ft,1.27,1
pzMFFIHl,Collignon R.,Bellucci M.,2,2,hc,3.50,away,ft,3.4,1
pzMFFIHl,Collignon R.,Bellucci M.,2,2,hc,-3.50,home,ft,2.903,6
pzMFFIHl,Collignon R.,Bellucci M.,2,2,hc,-3.50,away,ft,1.372,6
pzMFFIHl,Collignon R.,Bellucci M.,2,2,hc,-4.00,home,ft,4.05,3
pzMFFIHl,Collignon R.,Bellucci M.,2,2,hc,-4.00,away,ft,1.21,3
pzMFFIHl,Collignon R.,Bellucci M.,2,2,hc,-5.50,home,ft,6.5,1
pzMFFIHl,Collignon R.,Bellucci M.,2,2,hc,-5.50,away,ft,1.08,1
WEGyCKWI,Zverev A.,Hanfmann Y.,2,2,ou,2.50,over,ft,3.076,5
WEGyCKWI,Zverev A.,Hanfmann Y.,2,2,ou,2.50,under,ft,1.356,5
WEGyCKWI,Zverev A.,Hanfmann Y.,2,2,ou,16.50,over,ft,1.02,1
WEGyCKWI,Zverev A.,Hanfmann Y.,2,2,ou,16.50,under,ft,9.07,1
WEGyCKWI,Zverev A.,Hanfmann Y.,2,2,ou,17.50,over,ft,1.07,1
WEGyCKWI,Zverev A.,Hanfmann Y.,2,2,ou,17.50,under,ft,6.47,1
WEGyCKWI,Zverev A.,Hanfmann Y.,2,2,ou,18.00,over,ft,1.19,3
WEGyCKWI,Zverev A.,Hanfmann Y.,2,2,ou,18.00,under,ft,3.88,3
WEGyCKWI,Zverev A.,Hanfmann Y.,2,2,ou,18.50,over,ft,1.29,5
WEGyCKWI,Zverev A.,Hanfmann Y.,2,2,ou,18.50,under,ft,3.31,5
WEGyCKWI,Zverev A.,Hanfmann Y.,2,2,ou,19.00,over,ft,1.182,4
WEGyCKWI,Zverev A.,Hanfmann Y.,2,2,ou,19.00,under,ft,4.067,4
WEGyCKWI,Zverev A.,Hanfmann Y.,2,2,ou,19.50,over,ft,1.358,6
WEGyCKWI,Zverev A.,Hanfmann Y.,2,2,ou,19.50,under,ft,2.912,6
WEGyCKWI,Zverev A.,Hanfmann Y.,2,2,ou,20.00,over,ft,1.305,4
WEGyCKWI,Zverev A.,Hanfmann Y.,2,2,ou,20.00,under,ft,3.032,4
WEGyCKWI,Zverev A.,Hanfmann Y.,2,2,ou,20.50,over,ft,1.519,8
WEGyCKWI,Zverev A.,Hanfmann Y.,2,2,ou,20.50,under,ft,2.388,8
WEGyCKWI,Zverev A.,Hanfmann Y.,2,2,ou,21.00,over,ft,1.523,7
WEGyCKWI,Zverev A.,Hanfmann Y.,2,2,ou,21.00,under,ft,2.391,7
WEGyCKWI,Zverev A.,Hanfmann Y.,2,2,ou,21.50,over,ft,1.659,10
WEGyCKWI,Zverev A.,Hanfmann Y.,2,2,ou,21.50,under,ft,2.163,10
WEGyCKWI,Zverev A.,Hanfmann Y.,2,2,ou,22.00,over,ft,1.76,7
WEGyCKWI,Zverev A.,Hanfmann Y.,2,2,ou,22.00,under,ft,1.999,7
WEGyCKWI,Zverev A.,Hanfmann Y.,2,2,ou,22.50,over,ft,1.972,10
WEGyCKWI,Zverev A.,Hanfmann Y.,2,2,ou,22.50,under,ft,1.81,10
WEGyCKWI,Zverev A.,Hanfmann Y.,2,2,ou,23.00,over,ft,2.177,7
WEGyCKWI,Zverev A.,Hanfmann Y.,2,2,ou,23.00,under,ft,1.643,7
WEGyCKWI,Zverev A.,Hanfmann Y.,2,2,ou,23.50,over,ft,2.377,10
WEGyCKWI,Zverev A.,Hanfmann Y.,2,2,ou,23.50,under,ft,1.536,10
WEGyCKWI,Zverev A.,Hanfmann Y.,2,2,ou,24.00,over,ft,2.385,4
WEGyCKWI,Zverev A.,Hanfmann Y.,2,2,ou,24.00,under,ft,1.498,4
WEGyCKWI,Zverev A.,Hanfmann Y.,2,2,ou,24.50,over,ft,2.402,5
WEGyCKWI,Zverev A.,Hanfmann Y.,2,2,ou,24.50,under,ft,1.49,5
WEGyCKWI,Zverev A.,Hanfmann Y.,2,2,ou,25.00,over,ft,2.482,4
WEGyCKWI,Zverev A.,Hanfmann Y.,2,2,ou,25.00,under,ft,1.44,4
WEGyCKWI,Zverev A.,Hanfmann Y.,2,2,ou,25.50,over,ft,2.65,1
WEGyCKWI,Zverev A.,Hanfmann Y.,2,2,ou,25.50,under,ft,1.41,1
WEGyCKWI,Zverev A.,Hanfmann Y.,2,2,ou,26.00,over,ft,2.9,1
WEGyCKWI,Zverev A.,Hanfmann Y.,2,2,ou,26.00,under,ft,1.35,1
WEGyCKWI,Zverev A.,Hanfmann Y.,2,2,ou,26.50,over,ft,3.12,1
WEGyCKWI,Zverev A.,Hanfmann Y.,2,2,ou,26.50,under,ft,1.31,1
WEGyCKWI,Zverev A.,Hanfmann Y.,2,2,ou,27.50,over,ft,3.23,1
WEGyCKWI,Zverev A.,Hanfmann Y.,2,2,ou,27.50,under,ft,1.29,1
WEGyCKWI,Zverev A.,Hanfmann Y.,2,2,ou,28.50,over,ft,3.43,1
WEGyCKWI,Zverev A.,Hanfmann Y.,2,2,ou,28.50,under,ft,1.26,1
WEGyCKWI,Zverev A.,Hanfmann Y.,2,2,ou,29.50,over,ft,3.46,1
WEGyCKWI,Zverev A.,Hanfmann Y.,2,2,ou,29.50,under,ft,1.25,1
WEGyCKWI,Zverev A.,Hanfmann Y.,2,2,ou,30.50,over,ft,3.74,1
WEGyCKWI,Zverev A.,Hanfmann Y.,2,2,ou,30.50,under,ft,1.22,1
WEGyCKWI,Zverev A.,Hanfmann Y.,2,2,ou,31.50,over,ft,4.28,1
WEGyCKWI,Zverev A.,Hanfmann Y.,2,2,ou,31.50,under,ft,1.17,1
WEGyCKWI,Zverev A.,Hanfmann Y.,2,2,ou,32.50,over,ft,5.11,1
WEGyCKWI,Zverev A.,Hanfmann Y.,2,2,ou,32.50,under,ft,1.12,1
WEGyCKWI,Zverev A.,Hanfmann Y.,2,2,hc,1.50,home,ft,1.033,7
WEGyCKWI,Zverev A.,Hanfmann Y.,2,2,hc,1.50,away,ft,10.969,7
WEGyCKWI,Zverev A.,Hanfmann Y.,2,2,hc,-1.50,home,ft,1.484,9
WEGyCKWI,Zverev A.,Hanfmann Y.,2,2,hc,-1.50,away,ft,2.538,9
WEGyCKWI,Zverev A.,Hanfmann Y.,2,2,hc,-1.00,home,ft,1.13,3
WEGyCKWI,Zverev A.,Hanfmann Y.,2,2,hc,-1.00,away,ft,5.3,3
WEGyCKWI,Zverev A.,Hanfmann Y.,2,2,hc,-1.50,home,ft,1.17,4
WEGyCKWI,Zverev A.,Hanfmann Y.,2,2,hc,-1.50,away,ft,4.537,4
WEGyCKWI,Zverev A.,Hanfmann Y.,2,2,hc,-2.00,home,ft,1.2,3
WEGyCKWI,Zverev A.,Hanfmann Y.,2,2,hc,-2.00,away,ft,4.2,3
WEGyCKWI,Zverev A.,Hanfmann Y.,2,2,hc,-2.50,home,ft,1.323,6
WEGyCKWI,Zverev A.,Hanfmann Y.,2,2,hc,-2.50,away,ft,3.142,6
WEGyCKWI,Zverev A.,Hanfmann Y.,2,2,hc,-3.00,home,ft,1.423,6
WEGyCKWI,Zverev A.,Hanfmann Y.,2,2,hc,-3.00,away,ft,2.753,6
WEGyCKWI,Zverev A.,Hanfmann Y.,2,2,hc,-3.50,home,ft,1.668,9
WEGyCKWI,Zverev A.,Hanfmann Y.,2,2,hc,-3.50,away,ft,2.18,9
WEGyCKWI,Zverev A.,Hanfmann Y.,2,2,hc,-4.00,home,ft,1.983,6
WEGyCKWI,Zverev A.,Hanfmann Y.,2,2,hc,-4.00,away,ft,1.798,6
WEGyCKWI,Zverev A.,Hanfmann Y.,2,2,hc,-4.50,home,ft,2.269,9
WEGyCKWI,Zverev A.,Hanfmann Y.,2,2,hc,-4.50,away,ft,1.624,9
WEGyCKWI,Zverev A.,Hanfmann Y.,2,2,hc,-5.00,home,ft,3.242,6
WEGyCKWI,Zverev A.,Hanfmann Y.,2,2,hc,-5.00,away,ft,1.322,6
WEGyCKWI,Zverev A.,Hanfmann Y.,2,2,hc,-5.50,home,ft,3.6,6
WEGyCKWI,Zverev A.,Hanfmann Y.,2,2,hc,-5.50,away,ft,1.26,6
WEGyCKWI,Zverev A.,Hanfmann Y.,2,2,hc,-6.00,home,ft,6.2,3
WEGyCKWI,Zverev A.,Hanfmann Y.,2,2,hc,-6.00,away,ft,1.09,3
WEGyCKWI,Zverev A.,Hanfmann Y.,2,2,hc,-6.50,home,ft,6.35,4
WEGyCKWI,Zverev A.,Hanfmann Y.,2,2,hc,-6.50,away,ft,1.085,4
WEGyCKWI,Zverev A.,Hanfmann Y.,2,2,hc,-7.00,home,ft,11.5,3
xvlpPns2,Shelton B.,Quinn E.,2,2,ou,2.50,over,ft,2.576,5
xvlpPns2,Shelton B.,Quinn E.,2,2,ou,2.50,under,ft,1.484,5
xvlpPns2,Shelton B.,Quinn E.,2,2,ou,16.50,under,ft,23.41,1
xvlpPns2,Shelton B.,Quinn E.,2,2,ou,17.50,under,ft,10.36,1
xvlpPns2,Shelton B.,Quinn E.,2,2,ou,18.50,over,ft,1.155,4
xvlpPns2,Shelton B.,Quinn E.,2,2,ou,18.50,under,ft,4.857,4
xvlpPns2,Shelton B.,Quinn E.,2,2,ou,19.50,over,ft,1.258,4
xvlpPns2,Shelton B.,Quinn E.,2,2,ou,19.50,under,ft,3.635,4
xvlpPns2,Shelton B.,Quinn E.,2,2,ou,20.00,over,ft,1.2,4
xvlpPns2,Shelton B.,Quinn E.,2,2,ou,20.00,under,ft,3.772,4
xvlpPns2,Shelton B.,Quinn E.,2,2,ou,20.50,over,ft,1.308,6
xvlpPns2,Shelton B.,Quinn E.,2,2,ou,20.50,under,ft,3.165,6
xvlpPns2,Shelton B.,Quinn E.,2,2,ou,21.00,over,ft,1.45,4
xvlpPns2,Shelton B.,Quinn E.,2,2,ou,21.00,under,ft,2.697,4
xvlpPns2,Shelton B.,Quinn E.,2,2,ou,21.50,over,ft,1.505,6
xvlpPns2,Shelton B.,Quinn E.,2,2,ou,21.50,under,ft,2.508,6
xvlpPns2,Shelton B.,Quinn E.,2,2,ou,22.00,over,ft,1.572,6
xvlpPns2,Shelton B.,Quinn E.,2,2,ou,22.00,under,ft,2.437,6
xvlpPns2,Shelton B.,Quinn E.,2,2,ou,22.50,over,ft,1.694,10
xvlpPns2,Shelton B.,Quinn E.,2,2,ou,22.50,under,ft,2.097,10
xvlpPns2,Shelton B.,Quinn E.,2,2,ou,23.00,over,ft,1.896,7
xvlpPns2,Shelton B.,Quinn E.,2,2,ou,23.00,under,ft,1.9,7
xvlpPns2,Shelton B.,Quinn E.,2,2,ou,23.50,over,ft,2.042,10
xvlpPns2,Shelton B.,Quinn E.,2,2,ou,23.50,under,ft,1.762,10
xvlpPns2,Shelton B.,Quinn E.,2,2,ou,24.00,over,ft,2.071,7
xvlpPns2,Shelton B.,Quinn E.,2,2,ou,24.00,under,ft,1.743,7
xvlpPns2,Shelton B.,Quinn E.,2,2,ou,24.50,over,ft,2.075,10
xvlpPns2,Shelton B.,Quinn E.,2,2,ou,24.50,under,ft,1.718,10
xvlpPns2,Shelton B.,Quinn E.,2,2,ou,25.00,over,ft,2.113,7
xvlpPns2,Shelton B.,Quinn E.,2,2,ou,25.00,under,ft,1.717,7
xvlpPns2,Shelton B.,Quinn E.,2,2,ou,25.50,over,ft,2.093,8
xvlpPns2,Shelton B.,Quinn E.,2,2,ou,25.50,under,ft,1.669,8
xvlpPns2,Shelton B.,Quinn E.,2,2,ou,26.00,over,ft,2.362,4
xvlpPns2,Shelton B.,Quinn E.,2,2,ou,26.00,under,ft,1.482,4
xvlpPns2,Shelton B.,Quinn E.,2,2,ou,26.50,over,ft,2.531,7
xvlpPns2,Shelton B.,Quinn E.,2,2,ou,26.50,under,ft,1.491,7
xvlpPns2,Shelton B.,Quinn E.,2,2,ou,27.00,over,ft,2.487,3
xvlpPns2,Shelton B.,Quinn E.,2,2,ou,27.00,under,ft,1.513,3
xvlpPns2,Shelton B.,Quinn E.,2,2,ou,27.50,over,ft,2.643,4
xvlpPns2,Shelton B.,Quinn E.,2,2,ou,27.50,under,ft,1.442,4
xvlpPns2,Shelton B.,Quinn E.,2,2,ou,28.50,over,ft,2.82,2
xvlpPns2,Shelton B.,Quinn E.,2,2,ou,28.50,under,ft,1.39,2
xvlpPns2,Shelton B.,Quinn E.,2,2,ou,29.50,over,ft,2.96,1
xvlpPns2,Shelton B.,Quinn E.,2,2,ou,29.50,under,ft,1.34,1
xvlpPns2,Shelton B.,Quinn E.,2,2,ou,30.50,over,ft,3.21,1
xvlpPns2,Shelton B.,Quinn E.,2,2,ou,30.50,under,ft,1.29,1
xvlpPns2,Shelton B.,Quinn E.,2,2,ou,31.50,over,ft,3.63,1
xvlpPns2,Shelton B.,Quinn E.,2,2,ou,31.50,under,ft,1.23,1
xvlpPns2,Shelton B.,Quinn E.,2,2,ou,32.50,over,ft,4.43,1
xvlpPns2,Shelton B.,Quinn E.,2,2,ou,32.50,under,ft,1.16,1
xvlpPns2,Shelton B.,Quinn E.,2,2,ou,33.50,over,ft,5.02,1
xvlpPns2,Shelton B.,Quinn E.,2,2,ou,33.50,under,ft,1.13,1
xvlpPns2,Shelton B.,Quinn E.,2,2,ou,34.50,over,ft,5.92,1
xvlpPns2,Shelton B.,Quinn E.,2,2,ou,34.50,under,ft,1.08,1
xvlpPns2,Shelton B.,Quinn E.,2,2,hc,1.50,home,ft,1.08,7
xvlpPns2,Shelton B.,Quinn E.,2,2,hc,1.50,away,ft,7.303,7
xvlpPns2,Shelton B.,Quinn E.,2,2,hc,-1.50,home,ft,1.787,9
xvlpPns2,Shelton B.,Quinn E.,2,2,hc,-1.50,away,ft,1.966,9
xvlpPns2,Shelton B.,Quinn E.,2,2,hc,0,home,ft,1.3,3
xvlpPns2,Shelton B.,Quinn E.,2,2,hc,0,away,ft,3.3,3
xvlpPns2,Shelton B.,Quinn E.,2,2,hc,-0.50,home,ft,1.3,3
xvlpPns2,Shelton B.,Quinn E.,2,2,hc,-0.50,away,ft,3.26,3
xvlpPns2,Shelton B.,Quinn E.,2,2,hc,-1.00,home,ft,1.3,3
xvlpPns2,Shelton B.,Quinn E.,2,2,hc,-1.00,away,ft,3.503,3
xvlpPns2,Shelton B.,Quinn E.,2,2,hc,1.50,home,ft,1.14,1
xvlpPns2,Shelton B.,Quinn E.,2,2,hc,1.50,away,ft,5.3,1
xvlpPns2,Shelton B.,Quinn E.,2,2,hc,-1.50,home,ft,1.377,7
xvlpPns2,Shelton B.,Quinn E.,2,2,hc,-1.50,away,ft,3.03,7
xvlpPns2,Shelton B.,Quinn E.,2,2,hc,-2.00,home,ft,1.423,6
xvlpPns2,Shelton B.,Quinn E.,2,2,hc,-2.00,away,ft,2.857,6
xvlpPns2,Shelton B.,Quinn E.,2,2,hc,-2.50,home,ft,1.573,9
xvlpPns2,Shelton B.,Quinn E.,2,2,hc,-2.50,away,ft,2.353,9
xvlpPns2,Shelton B.,Quinn E.,2,2,hc,3.00,home,ft,1.88,1
xvlpPns2,Shelton B.,Quinn E.,2,2,hc,3.00,away,ft,1.95,1
xvlpPns2,Shelton B.,Quinn E.,2,2,hc,-3.00,home,ft,1.747,6
xvlpPns2,Shelton B.,Quinn E.,2,2,hc,-3.00,away,ft,2.097,6
xvlpPns2,Shelton B.,Quinn E.,2,2,hc,-3.50,home,ft,2.018,8
xvlpPns2,Shelton B.,Quinn E.,2,2,hc,-3.50,away,ft,1.78,8
xvlpPns2,Shelton B.,Quinn E.,2,2,hc,-4.00,home,ft,2.66,6
xvlpPns2,Shelton B.,Quinn E.,2,2,hc,-4.00,away,ft,1.497,6
xvlpPns2,Shelton B.,Quinn E.,2,2,hc,-4.50,home,ft,3.132,8
xvlpPns2,Shelton B.,Quinn E.,2,2,hc,-4.50,away,ft,1.364,8
xvlpPns2,Shelton B.,Quinn E.,2,2,hc,-5.00,home,ft,4.04,3
xvlpPns2,Shelton B.,Quinn E.,2,2,hc,-5.00,away,ft,1.24,3
xvlpPns2,Shelton B.,Quinn E.,2,2,hc,-5.50,home,ft,5.416,5
xvlpPns2,Shelton B.,Quinn E.,2,2,hc,-5.50,away,ft,1.156,5
xvlpPns2,Shelton B.,Quinn E.,2,2,hc,-6.00,home,ft,8.73,3
xvlpPns2,Shelton B.,Quinn E.,2,2,hc,-6.00,away,ft,1.06,3
nelfgBon,Marozsan F.,Fritz T.,0,0,ou,2.50,over,ft,2.572,5
nelfgBon,Marozsan F.,Fritz T.,0,0,ou,2.50,under,ft,1.484,5
nelfgBon,Marozsan F.,Fritz T.,0,0,ou,16.50,under,ft,21.81,1
nelfgBon,Marozsan F.,Fritz T.,0,0,ou,17.50,under,ft,10.07,1
nelfgBon,Marozsan F.,Fritz T.,0,0,ou,18.50,over,ft,1.11,1
nelfgBon,Marozsan F.,Fritz T.,0,0,ou,18.50,under,ft,5.42,1
nelfgBon,Marozsan F.,Fritz T.,0,0,ou,19.50,over,ft,1.212,4
nelfgBon,Marozsan F.,Fritz T.,0,0,ou,19.50,under,ft,4.095,4
nelfgBon,Marozsan F.,Fritz T.,0,0,ou,20.00,over,ft,1.245,4
nelfgBon,Marozsan F.,Fritz T.,0,0,ou,20.00,under,ft,3.86,4
nelfgBon,Marozsan F.,Fritz T.,0,0,ou,20.50,over,ft,1.344,8
nelfgBon,Marozsan F.,Fritz T.,0,0,ou,20.50,under,ft,3.136,8
nelfgBon,Marozsan F.,Fritz T.,0,0,ou,21.00,over,ft,1.4,4
nelfgBon,Marozsan F.,Fritz T.,0,0,ou,21.00,under,ft,2.895,4
nelfgBon,Marozsan F.,Fritz T.,0,0,ou,21.50,over,ft,1.489,7
nelfgBon,Marozsan F.,Fritz T.,0,0,ou,21.50,under,ft,2.527,7
nelfgBon,Marozsan F.,Fritz T.,0,0,ou,22.00,over,ft,1.551,7
nelfgBon,Marozsan F.,Fritz T.,0,0,ou,22.00,under,ft,2.424,7
nelfgBon,Marozsan F.,Fritz T.,0,0,ou,22.50,over,ft,1.766,10
nelfgBon,Marozsan F.,Fritz T.,0,0,ou,22.50,under,ft,2.011,10
nelfgBon,Marozsan F.,Fritz T.,0,0,ou,23.00,over,ft,1.893,7
nelfgBon,Marozsan F.,Fritz T.,0,0,ou,23.00,under,ft,1.877,7
nelfgBon,Marozsan F.,Fritz T.,0,0,ou,23.50,over,ft,2.084,10
nelfgBon,Marozsan F.,Fritz T.,0,0,ou,23.50,under,ft,1.715,10
nelfgBon,Marozsan F.,Fritz T.,0,0,ou,24.00,over,ft,2.114,7
nelfgBon,Marozsan F.,Fritz T.,0,0,ou,24.00,under,ft,1.711,7
nelfgBon,Marozsan F.,Fritz T.,0,0,ou,24.50,over,ft,2.106,10
nelfgBon,Marozsan F.,Fritz T.,0,0,ou,24.50,under,ft,1.696,10
nelfgBon,Marozsan F.,Fritz T.,0,0,ou,25.00,over,ft,2.242,4
nelfgBon,Marozsan F.,Fritz T.,0,0,ou,25.00,under,ft,1.625,4
nelfgBon,Marozsan F.,Fritz T.,0,0,ou,25.50,over,ft,2.21,5
nelfgBon,Marozsan F.,Fritz T.,0,0,ou,25.50,under,ft,1.572,5
nelfgBon,Marozsan F.,Fritz T.,0,0,ou,26.00,over,ft,2.445,4
nelfgBon,Marozsan F.,Fritz T.,0,0,ou,26.00,under,ft,1.452,4
nelfgBon,Marozsan F.,Fritz T.,0,0,ou,26.50,over,ft,2.596,8
nelfgBon,Marozsan F.,Fritz T.,0,0,ou,26.50,under,ft,1.459,8
nelfgBon,Marozsan F.,Fritz T.,0,0,ou,27.00,over,ft,2.56,1
nelfgBon,Marozsan F.,Fritz T.,0,0,ou,27.00,under,ft,1.44,1
nelfgBon,Marozsan F.,Fritz T.,0,0,ou,27.50,over,ft,2.66,4
nelfgBon,Marozsan F.,Fritz T.,0,0,ou,27.50,under,ft,1.43,4
nelfgBon,Marozsan F.,Fritz T.,0,0,ou,28.50,over,ft,2.866,7
nelfgBon,Marozsan F.,Fritz T.,0,0,ou,28.50,under,ft,1.391,7
nelfgBon,Marozsan F.,Fritz T.,0,0,ou,29.50,over,ft,3.07,1
nelfgBon,Marozsan F.,Fritz T.,0,0,ou,29.50,under,ft,1.31,1
nelfgBon,Marozsan F.,Fritz T.,0,0,ou,30.50,over,ft,3.32,1
nelfgBon,Marozsan F.,Fritz T.,0,0,ou,30.50,under,ft,1.27,1
nelfgBon,Marozsan F.,Fritz T.,0,0,ou,31.50,over,ft,3.8,1
nelfgBon,Marozsan F.,Fritz T.,0,0,ou,31.50,under,ft,1.21,1
nelfgBon,Marozsan F.,Fritz T.,0,0,ou,32.50,over,ft,4.57,1
nelfgBon,Marozsan F.,Fritz T.,0,0,ou,32.50,under,ft,1.15,1
nelfgBon,Marozsan F.,Fritz T.,0,0,ou,33.50,over,ft,5.11,1
nelfgBon,Marozsan F.,Fritz T.,0,0,ou,33.50,under,ft,1.12,1
nelfgBon,Marozsan F.,Fritz T.,0,0,hc,1.50,home,ft,2.049,9
nelfgBon,Marozsan F.,Fritz T.,0,0,hc,1.50,away,ft,1.726,9
nelfgBon,Marozsan F.,Fritz T.,0,0,hc,-1.50,home,ft,8.116,7
nelfgBon,Marozsan F.,Fritz T.,0,0,hc,-1.50,away,ft,1.067,7
nelfgBon,Marozsan F.,Fritz T.,0,0,hc,1.00,home,ft,3.863,3
nelfgBon,Marozsan F.,Fritz T.,0,0,hc,1.00,away,ft,1.26,3
nelfgBon,Marozsan F.,Fritz T.,0,0,hc,1.50,home,ft,3.374,8
nelfgBon,Marozsan F.,Fritz T.,0,0,hc,1.50,away,ft,1.304,8
nelfgBon,Marozsan F.,Fritz T.,0,0,hc,-1.50,home,ft,5.68,3
nelfgBon,Marozsan F.,Fritz T.,0,0,hc,-1.50,away,ft,1.13,3
nelfgBon,Marozsan F.,Fritz T.,0,0,hc,2.00,home,ft,3.0,6
nelfgBon,Marozsan F.,Fritz T.,0,0,hc,2.00,away,ft,1.375,6
nelfgBon,Marozsan F.,Fritz T.,0,0,hc,2.50,home,ft,2.507,9
nelfgBon,Marozsan F.,Fritz T.,0,0,hc,2.50,away,ft,1.517,9
nelfgBon,Marozsan F.,Fritz T.,0,0,hc,3.00,home,ft,2.17,6
nelfgBon,Marozsan F.,Fritz T.,0,0,hc,3.00,away,ft,1.687,6
nelfgBon,Marozsan F.,Fritz T.,0,0,hc,3.50,home,ft,1.81,9
nelfgBon,Marozsan F.,Fritz T.,0,0,hc,3.50,away,ft,1.961,9
nelfgBon,Marozsan F.,Fritz T.,0,0,hc,-3.50,home,ft,1.78,1
nelfgBon,Marozsan F.,Fritz T.,0,0,hc,-3.50,away,ft,2.05,1
nelfgBon,Marozsan F.,Fritz T.,0,0,hc,4.00,home,ft,1.518,6
nelfgBon,Marozsan F.,Fritz T.,0,0,hc,4.00,away,ft,2.545,6
nelfgBon,Marozsan F.,Fritz T.,0,0,hc,4.50,home,ft,1.392,9
nelfgBon,Marozsan F.,Fritz T.,0,0,hc,4.50,away,ft,2.938,9
nelfgBon,Marozsan F.,Fritz T.,0,0,hc,5.00,home,ft,1.19,3
nelfgBon,Marozsan F.,Fritz T.,0,0,hc,5.00,away,ft,4.76,3
nelfgBon,Marozsan F.,Fritz T.,0,0,hc,5.50,home,ft,1.136,7
nelfgBon,Marozsan F.,Fritz T.,0,0,hc,5.50,away,ft,5.569,7
nelfgBon,Marozsan F.,Fritz T.,0,0,hc,6.00,home,ft,1.03,3
nelfgBon,Marozsan F.,Fritz T.,0,0,hc,6.00,away,ft,11.8,3
8Yp3UzCr,Atmane T.,Medvedev D.,0,0,ou,2.50,over,ft,2.706,5
8Yp3UzCr,Atmane T.,Medvedev D.,0,0,ou,2.50,under,ft,1.44,5
8Yp3UzCr,Atmane T.,Medvedev D.,0,0,ou,16.50,under,ft,12.04,1
8Yp3UzCr,Atmane T.,Medvedev D.,0,0,ou,17.50,over,ft,1.07,1
8Yp3UzCr,Atmane T.,Medvedev D.,0,0,ou,17.50,under,ft,6.35,1
8Yp3UzCr,Atmane T.,Medvedev D.,0,0,ou,18.50,over,ft,1.17,1
8Yp3UzCr,Atmane T.,Medvedev D.,0,0,ou,18.50,under,ft,4.33,1
8Yp3UzCr,Atmane T.,Medvedev D.,0,0,ou,19.50,over,ft,1.27,1
8Yp3UzCr,Atmane T.,Medvedev D.,0,0,ou,19.50,under,ft,3.36,1
8Yp3UzCr,Atmane T.,Medvedev D.,0,0,ou,20.00,over,ft,1.333,4
8Yp3UzCr,Atmane T.,Medvedev D.,0,0,ou,20.00,under,ft,2.877,4
8Yp3UzCr,Atmane T.,Medvedev D.,0,0,ou,20.50,over,ft,1.507,7
8Yp3UzCr,Atmane T.,Medvedev D.,0,0,ou,20.50,under,ft,2.399,7
8Yp3UzCr,Atmane T.,Medvedev D.,0,0,ou,21.00,over,ft,1.522,4
8Yp3UzCr,Atmane T.,Medvedev D.,0,0,ou,21.00,under,ft,2.328,4
8Yp3UzCr,Atmane T.,Medvedev D.,0,0,ou,21.50,over,ft,1.63,10
8Yp3UzCr,Atmane T.,Medvedev D.,0,0,ou,21.50,under,ft,2.183,10
8Yp3UzCr,Atmane T.,Medvedev D.,0,0,ou,22.00,over,ft,1.771,7
8Yp3UzCr,Atmane T.,Medvedev D.,0,0,ou,22.00,under,ft,1.987,7
8Yp3UzCr,Atmane T.,Medvedev D.,0,0,ou,22.50,over,ft,1.982,10
8Yp3UzCr,Atmane T.,Medvedev D.,0,0,ou,22.50,under,ft,1.794,10
8Yp3UzCr,Atmane T.,Medvedev D.,0,0,ou,23.00,over,ft,2.131,7
8Yp3UzCr,Atmane T.,Medvedev D.,0,0,ou,23.00,under,ft,1.67,7
8Yp3UzCr,Atmane T.,Medvedev D.,0,0,ou,23.50,over,ft,2.273,10
8Yp3UzCr,Atmane T.,Medvedev D.,0,0,ou,23.50,under,ft,1.581,10
8Yp3UzCr,Atmane T.,Medvedev D.,0,0,ou,24.00,over,ft,2.315,4
8Yp3UzCr,Atmane T.,Medvedev D.,0,0,ou,24.00,under,ft,1.528,4
8Yp3UzCr,Atmane T.,Medvedev D.,0,0,ou,24.50,over,ft,2.324,5
8Yp3UzCr,Atmane T.,Medvedev D.,0,0,ou,24.50,under,ft,1.518,5
8Yp3UzCr,Atmane T.,Medvedev D.,0,0,ou,25.00,over,ft,2.413,4
8Yp3UzCr,Atmane T.,Medvedev D.,0,0,ou,25.00,under,ft,1.462,4
8Yp3UzCr,Atmane T.,Medvedev D.,0,0,ou,25.50,over,ft,2.51,2
8Yp3UzCr,Atmane T.,Medvedev D.,0,0,ou,25.50,under,ft,1.465,2
8Yp3UzCr,Atmane T.,Medvedev D.,0,0,ou,26.00,over,ft,2.74,1
8Yp3UzCr,Atmane T.,Medvedev D.,0,0,ou,26.00,under,ft,1.39,1
8Yp3UzCr,Atmane T.,Medvedev D.,0,0,ou,26.50,over,ft,2.86,1
8Yp3UzCr,Atmane T.,Medvedev D.,0,0,ou,26.50,under,ft,1.36,1
8Yp3UzCr,Atmane T.,Medvedev D.,0,0,ou,27.50,over,ft,2.95,1
8Yp3UzCr,Atmane T.,Medvedev D.,0,0,ou,27.50,under,ft,1.34,1
8Yp3UzCr,Atmane T.,Medvedev D.,0,0,ou,28.50,over,ft,3.21,1
8Yp3UzCr,Atmane T.,Medvedev D.,0,0,ou,28.50,under,ft,1.29,1
8Yp3UzCr,Atmane T.,Medvedev D.,0,0,ou,29.50,over,ft,3.31,1
8Yp3UzCr,Atmane T.,Medvedev D.,0,0,ou,29.50,under,ft,1.27,1
8Yp3UzCr,Atmane T.,Medvedev D.,0,0,ou,30.50,over,ft,3.72,1
8Yp3UzCr,Atmane T.,Medvedev D.,0,0,ou,30.50,under,ft,1.22,1
8Yp3UzCr,Atmane T.,Medvedev D.,0,0,ou,31.50,over,ft,4.23,1
8Yp3UzCr,Atmane T.,Medvedev D.,0,0,ou,31.50,under,ft,1.18,1
8Yp3UzCr,Atmane T.,Medvedev D.,0,0,ou,32.50,over,ft,5.27,1
8Yp3UzCr,Atmane T.,Medvedev D.,0,0,ou,32.50,under,ft,1.11,1
8Yp3UzCr,Atmane T.,Medvedev D.,0,0,hc,1.50,home,ft,2.218,9
8Yp3UzCr,Atmane T.,Medvedev D.,0,0,hc,1.50,away,ft,1.618,9
8Yp3UzCr,Atmane T.,Medvedev D.,0,0,hc,-1.50,home,ft,8.576,7
8Yp3UzCr,Atmane T.,Medvedev D.,0,0,hc,-1.50,away,ft,1.053,7
8Yp3UzCr,Atmane T.,Medvedev D.,0,0,hc,0.50,home,ft,4.3,1
8Yp3UzCr,Atmane T.,Medvedev D.,0,0,hc,0.50,away,ft,1.19,1
8Yp3UzCr,Atmane T.,Medvedev D.,0,0,hc,1.00,home,ft,4.317,3
8Yp3UzCr,Atmane T.,Medvedev D.,0,0,hc,1.00,away,ft,1.187,3
8Yp3UzCr,Atmane T.,Medvedev D.,0,0,hc,1.50,home,ft,3.787,4
8Yp3UzCr,Atmane T.,Medvedev D.,0,0,hc,1.50,away,ft,1.23,4
8Yp3UzCr,Atmane T.,Medvedev D.,0,0,hc,2.00,home,ft,3.54,3
8Yp3UzCr,Atmane T.,Medvedev D.,0,0,hc,2.00,away,ft,1.26,3
8Yp3UzCr,Atmane T.,Medvedev D.,0,0,hc,2.50,home,ft,2.886,9
8Yp3UzCr,Atmane T.,Medvedev D.,0,0,hc,2.50,away,ft,1.378,9
8Yp3UzCr,Atmane T.,Medvedev D.,0,0,hc,3.00,home,ft,2.607,6
8Yp3UzCr,Atmane T.,Medvedev D.,0,0,hc,3.00,away,ft,1.468,6
8Yp3UzCr,Atmane T.,Medvedev D.,0,0,hc,3.50,home,ft,2.216,8
8Yp3UzCr,Atmane T.,Medvedev D.,0,0,hc,3.50,away,ft,1.646,8
8Yp3UzCr,Atmane T.,Medvedev D.,0,0,hc,4.00,home,ft,1.765,6
8Yp3UzCr,Atmane T.,Medvedev D.,0,0,hc,4.00,away,ft,2.02,6
8Yp3UzCr,Atmane T.,Medvedev D.,0,0,hc,4.50,home,ft,1.508,9
8Yp3UzCr,Atmane T.,Medvedev D.,0,0,hc,4.50,away,ft,2.47,9
8Yp3UzCr,Atmane T.,Medvedev D.,0,0,hc,5.00,home,ft,1.333,6
8Yp3UzCr,Atmane T.,Medvedev D.,0,0,hc,5.00,away,ft,3.182,6
8Yp3UzCr,Atmane T.,Medvedev D.,0,0,hc,5.50,home,ft,1.274,5
8Yp3UzCr,Atmane T.,Medvedev D.,0,0,hc,5.50,away,ft,3.476,5
8Yp3UzCr,Atmane T.,Medvedev D.,0,0,hc,6.00,home,ft,1.113,3
8Yp3UzCr,Atmane T.,Medvedev D.,0,0,hc,6.00,away,ft,5.633,3
8Yp3UzCr,Atmane T.,Medvedev D.,0,0,hc,6.50,home,ft,1.11,3
8Yp3UzCr,Atmane T.,Medvedev D.,0,0,hc,6.50,away,ft,5.65,3
8Yp3UzCr,Atmane T.,Medvedev D.,0,0,hc,7.00,home,ft,1.02,3
8Yp3UzCr,Atmane T.,Medvedev D.,0,0,hc,7.00,away,ft,10.2,3
2JrUBd0k,Tien L.,Auger-Aliassime F.,1,1,ou,2.50,over,ft,2.218,5
2JrUBd0k,Tien L.,Auger-Aliassime F.,1,1,ou,2.50,under,ft,1.634,5
2JrUBd0k,Tien L.,Auger-Aliassime F.,1,1,ou,16.50,under,ft,20.68,1
2JrUBd0k,Tien L.,Auger-Aliassime F.,1,1,ou,17.50,under,ft,10.05,1
2JrUBd0k,Tien L.,Auger-Aliassime F.,1,1,ou,18.50,over,ft,1.07,1
2JrUBd0k,Tien L.,Auger-Aliassime F.,1,1,ou,18.50,under,ft,6.66,1
2JrUBd0k,Tien L.,Auger-Aliassime F.,1,1,ou,19.50,over,ft,1.15,1
2JrUBd0k,Tien L.,Auger-Aliassime F.,1,1,ou,19.50,under,ft,4.52,1
2JrUBd0k,Tien L.,Auger-Aliassime F.,1,1,ou,20.50,over,ft,1.28,4
2JrUBd0k,Tien L.,Auger-Aliassime F.,1,1,ou,20.50,under,ft,3.447,4
2JrUBd0k,Tien L.,Auger-Aliassime F.,1,1,ou,21.00,over,ft,1.275,4
2JrUBd0k,Tien L.,Auger-Aliassime F.,1,1,ou,21.00,under,ft,3.2,4
2JrUBd0k,Tien L.,Auger-Aliassime F.,1,1,ou,21.50,over,ft,1.352,5
2JrUBd0k,Tien L.,Auger-Aliassime F.,1,1,ou,21.50,under,ft,2.87,5
2JrUBd0k,Tien L.,Auger-Aliassime F.,1,1,ou,22.00,over,ft,1.448,4
2JrUBd0k,Tien L.,Auger-Aliassime F.,1,1,ou,22.00,under,ft,2.703,4
2JrUBd0k,Tien L.,Auger-Aliassime F.,1,1,ou,22.50,over,ft,1.609,9
2JrUBd0k,Tien L.,Auger-Aliassime F.,1,1,ou,22.50,under,ft,2.251,9
2JrUBd0k,Tien L.,Auger-Aliassime F.,1,1,ou,23.00,over,ft,1.73,7
2JrUBd0k,Tien L.,Auger-Aliassime F.,1,1,ou,23.00,under,ft,2.076,7
2JrUBd0k,Tien L.,Auger-Aliassime F.,1,1,ou,23.50,over,ft,1.836,9
2JrUBd0k,Tien L.,Auger-Aliassime F.,1,1,ou,23.50,under,ft,1.894,9
2JrUBd0k,Tien L.,Auger-Aliassime F.,1,1,ou,24.00,over,ft,1.864,7
2JrUBd0k,Tien L.,Auger-Aliassime F.,1,1,ou,24.00,under,ft,1.877,7
2JrUBd0k,Tien L.,Auger-Aliassime F.,1,1,ou,24.50,over,ft,1.859,10
2JrUBd0k,Tien L.,Auger-Aliassime F.,1,1,ou,24.50,under,ft,1.9,10
2JrUBd0k,Tien L.,Auger-Aliassime F.,1,1,ou,25.00,over,ft,1.94,7
2JrUBd0k,Tien L.,Auger-Aliassime F.,1,1,ou,25.00,under,ft,1.81,7
2JrUBd0k,Tien L.,Auger-Aliassime F.,1,1,ou,25.50,over,ft,1.929,7
2JrUBd0k,Tien L.,Auger-Aliassime F.,1,1,ou,25.50,under,ft,1.839,7
2JrUBd0k,Tien L.,Auger-Aliassime F.,1,1,ou,26.00,over,ft,2.205,4
2JrUBd0k,Tien L.,Auger-Aliassime F.,1,1,ou,26.00,under,ft,1.645,4
2JrUBd0k,Tien L.,Auger-Aliassime F.,1,1,ou,26.50,over,ft,2.243,6
2JrUBd0k,Tien L.,Auger-Aliassime F.,1,1,ou,26.50,under,ft,1.6,6
2JrUBd0k,Tien L.,Auger-Aliassime F.,1,1,ou,27.00,over,ft,2.322,4
2JrUBd0k,Tien L.,Auger-Aliassime F.,1,1,ou,27.00,under,ft,1.512,4
2JrUBd0k,Tien L.,Auger-Aliassime F.,1,1,ou,27.50,over,ft,2.32,5
2JrUBd0k,Tien L.,Auger-Aliassime F.,1,1,ou,27.50,under,ft,1.514,5
2JrUBd0k,Tien L.,Auger-Aliassime F.,1,1,ou,28.00,over,ft,2.46,1
2JrUBd0k,Tien L.,Auger-Aliassime F.,1,1,ou,28.00,under,ft,1.47,1
2JrUBd0k,Tien L.,Auger-Aliassime F.,1,1,ou,28.50,over,ft,2.627,4
2JrUBd0k,Tien L.,Auger-Aliassime F.,1,1,ou,28.50,under,ft,1.452,4
2JrUBd0k,Tien L.,Auger-Aliassime F.,1,1,ou,29.50,over,ft,2.64,1
2JrUBd0k,Tien L.,Auger-Aliassime F.,1,1,ou,29.50,under,ft,1.41,1
2JrUBd0k,Tien L.,Auger-Aliassime F.,1,1,ou,30.50,over,ft,2.9,1
2JrUBd0k,Tien L.,Auger-Aliassime F.,1,1,ou,30.50,under,ft,1.35,1
2JrUBd0k,Tien L.,Auger-Aliassime F.,1,1,ou,31.50,over,ft,3.22,1
2JrUBd0k,Tien L.,Auger-Aliassime F.,1,1,ou,31.50,under,ft,1.29,1
2JrUBd0k,Tien L.,Auger-Aliassime F.,1,1,ou,32.50,over,ft,3.96,1
2JrUBd0k,Tien L.,Auger-Aliassime F.,1,1,ou,32.50,under,ft,1.2,1
2JrUBd0k,Tien L.,Auger-Aliassime F.,1,1,ou,33.50,over,ft,4.61,1
2JrUBd0k,Tien L.,Auger-Aliassime F.,1,1,ou,33.50,under,ft,1.15,1
2JrUBd0k,Tien L.,Auger-Aliassime F.,1,1,ou,34.50,over,ft,4.96,1
2JrUBd0k,Tien L.,Auger-Aliassime F.,1,1,ou,34.50,under,ft,1.13,1
2JrUBd0k,Tien L.,Auger-Aliassime F.,1,1,hc,1.50,home,ft,1.444,9
2JrUBd0k,Tien L.,Auger-Aliassime F.,1,1,hc,1.50,away,ft,2.666,9
2JrUBd0k,Tien L.,Auger-Aliassime F.,1,1,hc,-1.50,home,ft,3.693,7
2JrUBd0k,Tien L.,Auger-Aliassime F.,1,1,hc,-1.50,away,ft,1.26,7
2JrUBd0k,Tien L.,Auger-Aliassime F.,1,1,hc,0,home,ft,2.17,3
2JrUBd0k,Tien L.,Auger-Aliassime F.,1,1,hc,0,away,ft,1.69,3
2JrUBd0k,Tien L.,Auger-Aliassime F.,1,1,hc,0.50,home,ft,2.062,9
2JrUBd0k,Tien L.,Auger-Aliassime F.,1,1,hc,0.50,away,ft,1.742,9
2JrUBd0k,Tien L.,Auger-Aliassime F.,1,1,hc,-0.50,home,ft,2.265,4
2JrUBd0k,Tien L.,Auger-Aliassime F.,1,1,hc,-0.50,away,ft,1.623,4
2JrUBd0k,Tien L.,Auger-Aliassime F.,1,1,hc,1.00,home,ft,1.953,6
2JrUBd0k,Tien L.,Auger-Aliassime F.,1,1,hc,1.00,away,ft,1.842,6
2JrUBd0k,Tien L.,Auger-Aliassime F.,1,1,hc,-1.00,home,ft,2.42,3
2JrUBd0k,Tien L.,Auger-Aliassime F.,1,1,hc,-1.00,away,ft,1.57,3
2JrUBd0k,Tien L.,Auger-Aliassime F.,1,1,hc,1.50,home,ft,1.876,8
2JrUBd0k,Tien L.,Auger-Aliassime F.,1,1,hc,1.50,away,ft,1.891,8
2JrUBd0k,Tien L.,Auger-Aliassime F.,1,1,hc,-1.50,home,ft,2.46,6
2JrUBd0k,Tien L.,Auger-Aliassime F.,1,1,hc,-1.50,away,ft,1.517,6
2JrUBd0k,Tien L.,Auger-Aliassime F.,1,1,hc,2.00,home,ft,1.725,6
2JrUBd0k,Tien L.,Auger-Aliassime F.,1,1,hc,2.00,away,ft,2.112,6
2JrUBd0k,Tien L.,Auger-Aliassime F.,1,1,hc,2.50,home,ft,1.637,9
2JrUBd0k,Tien L.,Auger-Aliassime F.,1,1,hc,2.50,away,ft,2.237,9
2JrUBd0k,Tien L.,Auger-Aliassime F.,1,1,hc,3.00,home,ft,1.478,6
2JrUBd0k,Tien L.,Auger-Aliassime F.,1,1,hc,3.00,away,ft,2.61,6
2JrUBd0k,Tien L.,Auger-Aliassime F.,1,1,hc,3.50,home,ft,1.389,8
2JrUBd0k,Tien L.,Auger-Aliassime F.,1,1,hc,3.50,away,ft,2.936,8
2JrUBd0k,Tien L.,Auger-Aliassime F.,1,1,hc,-3.50,home,ft,4.21,3
2JrUBd0k,Tien L.,Auger-Aliassime F.,1,1,hc,-3.50,away,ft,1.21,3
2JrUBd0k,Tien L.,Auger-Aliassime F.,1,1,hc,4.00,home,ft,1.19,3
2JrUBd0k,Tien L.,Auger-Aliassime F.,1,1,hc,4.00,away,ft,4.67,3
2JrUBd0k,Tien L.,Auger-Aliassime F.,1,1,hc,4.50,home,ft,1.23,3
2JrUBd0k,Tien L.,Auger-Aliassime F.,1,1,hc,4.50,away,ft,3.8,3
2JrUBd0k,Tien L.,Auger-Aliassime F.,1,1,hc,5.00,home,ft,1.11,3
2JrUBd0k,Tien L.,Auger-Aliassime F.,1,1,hc,5.00,away,ft,5.8,3
2JrUBd0k,Tien L.,Auger-Aliassime F.,1,1,hc,5.50,home,ft,1.077,3
2JrUBd0k,Tien L.,Auger-Aliassime F.,1,1,hc,5.50,away,ft,7.783,3
MTAMvKsA,Hurkacz H.,Altmaier D.,1,1,ou,2.50,over,ft,2.474,5
MTAMvKsA,Hurkacz H.,Altmaier D.,1,1,ou,2.50,under,ft,1.518,5
MTAMvKsA,Hurkacz H.,Altmaier D.,1,1,ou,16.50,under,ft,23.42,1
MTAMvKsA,Hurkacz H.,Altmaier D.,1,1,ou,17.50,under,ft,10.38,1
MTAMvKsA,Hurkacz H.,Altmaier D.,1,1,ou,18.50,over,ft,1.07,1
MTAMvKsA,Hurkacz H.,Altmaier D.,1,1,ou,18.50,under,ft,6.01,1
MTAMvKsA,Hurkacz H.,Altmaier D.,1,1,ou,19.50,over,ft,1.18,1
MTAMvKsA,Hurkacz H.,Altmaier D.,1,1,ou,19.50,under,ft,4.14,1
MTAMvKsA,Hurkacz H.,Altmaier D.,1,1,ou,20.00,over,ft,1.205,4
MTAMvKsA,Hurkacz H.,Altmaier D.,1,1,ou,20.00,under,ft,3.76,4
MTAMvKsA,Hurkacz H.,Altmaier D.,1,1,ou,20.50,over,ft,1.316,5
MTAMvKsA,Hurkacz H.,Altmaier D.,1,1,ou,20.50,under,ft,3.056,5
MTAMvKsA,Hurkacz H.,Altmaier D.,1,1,ou,21.00,over,ft,1.282,4
MTAMvKsA,Hurkacz H.,Altmaier D.,1,1,ou,21.00,under,ft,3.145,4
MTAMvKsA,Hurkacz H.,Altmaier D.,1,1,ou,21.50,over,ft,1.417,7
MTAMvKsA,Hurkacz H.,Altmaier D.,1,1,ou,21.50,under,ft,2.664,7
MTAMvKsA,Hurkacz H.,Altmaier D.,1,1,ou,22.00,over,ft,1.453,7
MTAMvKsA,Hurkacz H.,Altmaier D.,1,1,ou,22.00,under,ft,2.546,7
MTAMvKsA,Hurkacz H.,Altmaier D.,1,1,ou,22.50,over,ft,1.645,10
MTAMvKsA,Hurkacz H.,Altmaier D.,1,1,ou,22.50,under,ft,2.148,10
MTAMvKsA,Hurkacz H.,Altmaier D.,1,1,ou,23.00,over,ft,1.781,7
MTAMvKsA,Hurkacz H.,Altmaier D.,1,1,ou,23.00,under,ft,1.973,7
MTAMvKsA,Hurkacz H.,Altmaier D.,1,1,ou,23.50,over,ft,1.997,10
MTAMvKsA,Hurkacz H.,Altmaier D.,1,1,ou,23.50,under,ft,1.796,10
MTAMvKsA,Hurkacz H.,Altmaier D.,1,1,ou,24.00,over,ft,1.986,7
MTAMvKsA,Hurkacz H.,Altmaier D.,1,1,ou,24.00,under,ft,1.766,7
MTAMvKsA,Hurkacz H.,Altmaier D.,1,1,ou,24.50,over,ft,1.986,10
MTAMvKsA,Hurkacz H.,Altmaier D.,1,1,ou,24.50,under,ft,1.752,10
MTAMvKsA,Hurkacz H.,Altmaier D.,1,1,ou,25.00,over,ft,1.986,7
MTAMvKsA,Hurkacz H.,Altmaier D.,1,1,ou,25.00,under,ft,1.751,7
MTAMvKsA,Hurkacz H.,Altmaier D.,1,1,ou,25.50,over,ft,2.056,8
MTAMvKsA,Hurkacz H.,Altmaier D.,1,1,ou,25.50,under,ft,1.695,8
MTAMvKsA,Hurkacz H.,Altmaier D.,1,1,ou,26.00,over,ft,2.345,4
MTAMvKsA,Hurkacz H.,Altmaier D.,1,1,ou,26.00,under,ft,1.492,4
MTAMvKsA,Hurkacz H.,Altmaier D.,1,1,ou,26.50,over,ft,2.404,5
MTAMvKsA,Hurkacz H.,Altmaier D.,1,1,ou,26.50,under,ft,1.528,5
MTAMvKsA,Hurkacz H.,Altmaier D.,1,1,ou,27.00,over,ft,2.49,2
MTAMvKsA,Hurkacz H.,Altmaier D.,1,1,ou,27.00,under,ft,1.52,2
MTAMvKsA,Hurkacz H.,Altmaier D.,1,1,ou,27.50,over,ft,2.62,1
MTAMvKsA,Hurkacz H.,Altmaier D.,1,1,ou,27.50,under,ft,1.42,1
MTAMvKsA,Hurkacz H.,Altmaier D.,1,1,ou,28.50,over,ft,2.71,1
MTAMvKsA,Hurkacz H.,Altmaier D.,1,1,ou,28.50,under,ft,1.39,1
MTAMvKsA,Hurkacz H.,Altmaier D.,1,1,ou,29.50,over,ft,2.88,1
MTAMvKsA,Hurkacz H.,Altmaier D.,1,1,ou,29.50,under,ft,1.35,1
MTAMvKsA,Hurkacz H.,Altmaier D.,1,1,ou,30.50,over,ft,3.09,1
MTAMvKsA,Hurkacz H.,Altmaier D.,1,1,ou,30.50,under,ft,1.31,1
MTAMvKsA,Hurkacz H.,Altmaier D.,1,1,ou,31.50,over,ft,3.46,1
MTAMvKsA,Hurkacz H.,Altmaier D.,1,1,ou,31.50,under,ft,1.25,1
MTAMvKsA,Hurkacz H.,Altmaier D.,1,1,ou,32.50,over,ft,4.14,1
MTAMvKsA,Hurkacz H.,Altmaier D.,1,1,ou,32.50,under,ft,1.18,1
MTAMvKsA,Hurkacz H.,Altmaier D.,1,1,ou,33.50,over,ft,4.76,1
MTAMvKsA,Hurkacz H.,Altmaier D.,1,1,ou,33.50,under,ft,1.14,1
MTAMvKsA,Hurkacz H.,Altmaier D.,1,1,hc,1.50,home,ft,1.083,7
MTAMvKsA,Hurkacz H.,Altmaier D.,1,1,hc,1.50,away,ft,7.039,7
MTAMvKsA,Hurkacz H.,Altmaier D.,1,1,hc,-1.50,home,ft,1.826,9
MTAMvKsA,Hurkacz H.,Altmaier D.,1,1,hc,-1.50,away,ft,1.917,9
MTAMvKsA,Hurkacz H.,Altmaier D.,1,1,hc,-1.00,home,ft,1.29,3
MTAMvKsA,Hurkacz H.,Altmaier D.,1,1,hc,-1.00,away,ft,3.36,3
MTAMvKsA,Hurkacz H.,Altmaier D.,1,1,hc,-1.50,home,ft,1.348,4
MTAMvKsA,Hurkacz H.,Altmaier D.,1,1,hc,-1.50,away,ft,2.998,4
MTAMvKsA,Hurkacz H.,Altmaier D.,1,1,hc,-2.00,home,ft,1.43,6
MTAMvKsA,Hurkacz H.,Altmaier D.,1,1,hc,-2.00,away,ft,2.722,6
MTAMvKsA,Hurkacz H.,Altmaier D.,1,1,hc,-2.50,home,ft,1.59,9
MTAMvKsA,Hurkacz H.,Altmaier D.,1,1,hc,-2.50,away,ft,2.271,9
MTAMvKsA,Hurkacz H.,Altmaier D.,1,1,hc,-3.00,home,ft,1.808,6
MTAMvKsA,Hurkacz H.,Altmaier D.,1,1,hc,-3.00,away,ft,1.96,6
MTAMvKsA,Hurkacz H.,Altmaier D.,1,1,hc,-3.50,home,ft,2.131,8
MTAMvKsA,Hurkacz H.,Altmaier D.,1,1,hc,-3.50,away,ft,1.698,8
MTAMvKsA,Hurkacz H.,Altmaier D.,1,1,hc,-4.00,home,ft,2.788,6
MTAMvKsA,Hurkacz H.,Altmaier D.,1,1,hc,-4.00,away,ft,1.415,6
MTAMvKsA,Hurkacz H.,Altmaier D.,1,1,hc,-4.50,home,ft,3.197,9
MTAMvKsA,Hurkacz H.,Altmaier D.,1,1,hc,-4.50,away,ft,1.314,9
MTAMvKsA,Hurkacz H.,Altmaier D.,1,1,hc,-5.00,home,ft,5.25,3
MTAMvKsA,Hurkacz H.,Altmaier D.,1,1,hc,-5.00,away,ft,1.13,3
MTAMvKsA,Hurkacz H.,Altmaier D.,1,1,hc,-5.50,home,ft,5.688,4
MTAMvKsA,Hurkacz H.,Altmaier D.,1,1,hc,-5.50,away,ft,1.118,4
MTAMvKsA,Hurkacz H.,Altmaier D.,1,1,hc,-6.00,home,ft,10.0,3
MTAMvKsA,Hurkacz H.,Altmaier D.,1,1,hc,-6.00,away,ft,1.03,3
EeLsNpuK,Shelton B.,Sonego L.,2,2,ou,2.50,over,ft,2.622,5
EeLsNpuK,Shelton B.,Sonego L.,2,2,ou,2.50,under,ft,1.464,5
EeLsNpuK,Shelton B.,Sonego L.,2,2,ou,16.50,under,ft,31.02,1
EeLsNpuK,Shelton B.,Sonego L.,2,2,ou,17.50,under,ft,11.83,1
EeLsNpuK,Shelton B.,Sonego L.,2,2,ou,18.50,over,ft,1.03,1
EeLsNpuK,Shelton B.,Sonego L.,2,2,ou,18.50,under,ft,8.29,1
EeLsNpuK,Shelton B.,Sonego L.,2,2,ou,19.50,over,ft,1.15,1
EeLsNpuK,Shelton B.,Sonego L.,2,2,ou,19.50,under,ft,4.53,1
EeLsNpuK,Shelton B.,Sonego L.,2,2,ou,20.50,over,ft,1.235,2
EeLsNpuK,Shelton B.,Sonego L.,2,2,ou,20.50,under,ft,3.745,2
EeLsNpuK,Shelton B.,Sonego L.,2,2,ou,21.00,over,ft,1.238,4
EeLsNpuK,Shelton B.,Sonego L.,2,2,ou,21.00,under,ft,3.473,4
EeLsNpuK,Shelton B.,Sonego L.,2,2,ou,21.50,over,ft,1.328,5
EeLsNpuK,Shelton B.,Sonego L.,2,2,ou,21.50,under,ft,2.992,5
EeLsNpuK,Shelton B.,Sonego L.,2,2,ou,22.00,over,ft,1.387,4
EeLsNpuK,Shelton B.,Sonego L.,2,2,ou,22.00,under,ft,2.735,4
EeLsNpuK,Shelton B.,Sonego L.,2,2,ou,22.50,over,ft,1.582,10
EeLsNpuK,Shelton B.,Sonego L.,2,2,ou,22.50,under,ft,2.27,10
EeLsNpuK,Shelton B.,Sonego L.,2,2,ou,23.00,over,ft,1.714,7
EeLsNpuK,Shelton B.,Sonego L.,2,2,ou,23.00,under,ft,2.057,7
EeLsNpuK,Shelton B.,Sonego L.,2,2,ou,23.50,over,ft,1.973,10
EeLsNpuK,Shelton B.,Sonego L.,2,2,ou,23.50,under,ft,1.803,10
EeLsNpuK,Shelton B.,Sonego L.,2,2,ou,24.00,over,ft,1.913,7
EeLsNpuK,Shelton B.,Sonego L.,2,2,ou,24.00,under,ft,1.831,7
EeLsNpuK,Shelton B.,Sonego L.,2,2,ou,24.50,over,ft,1.935,10
EeLsNpuK,Shelton B.,Sonego L.,2,2,ou,24.50,under,ft,1.792,10
EeLsNpuK,Shelton B.,Sonego L.,2,2,ou,25.00,over,ft,1.971,7
EeLsNpuK,Shelton B.,Sonego L.,2,2,ou,25.00,under,ft,1.757,7
EeLsNpuK,Shelton B.,Sonego L.,2,2,ou,25.50,over,ft,2.037,9
EeLsNpuK,Shelton B.,Sonego L.,2,2,ou,25.50,under,ft,1.702,9
EeLsNpuK,Shelton B.,Sonego L.,2,2,ou,26.00,over,ft,2.288,4
EeLsNpuK,Shelton B.,Sonego L.,2,2,ou,26.00,under,ft,1.518,4
EeLsNpuK,Shelton B.,Sonego L.,2,2,ou,26.50,over,ft,2.552,5
EeLsNpuK,Shelton B.,Sonego L.,2,2,ou,26.50,under,ft,1.462,5
EeLsNpuK,Shelton B.,Sonego L.,2,2,ou,27.00,over,ft,2.53,1
EeLsNpuK,Shelton B.,Sonego L.,2,2,ou,27.00,under,ft,1.45,1
EeLsNpuK,Shelton B.,Sonego L.,2,2,ou,27.50,over,ft,2.59,1
EeLsNpuK,Shelton B.,Sonego L.,2,2,ou,27.50,under,ft,1.43,1
EeLsNpuK,Shelton B.,Sonego L.,2,2,ou,28.00,over,ft,2.54,1
EeLsNpuK,Shelton B.,Sonego L.,2,2,ou,28.00,under,ft,1.44,1
EeLsNpuK,Shelton B.,Sonego L.,2,2,ou,28.50,over,ft,2.76,2
EeLsNpuK,Shelton B.,Sonego L.,2,2,ou,28.50,under,ft,1.395,2
EeLsNpuK,Shelton B.,Sonego L.,2,2,ou,29.50,over,ft,2.86,1
EeLsNpuK,Shelton B.,Sonego L.,2,2,ou,29.50,under,ft,1.36,1
EeLsNpuK,Shelton B.,Sonego L.,2,2,ou,30.50,over,ft,3.04,1
EeLsNpuK,Shelton B.,Sonego L.,2,2,ou,30.50,under,ft,1.32,1
EeLsNpuK,Shelton B.,Sonego L.,2,2,ou,31.50,over,ft,3.45,1
EeLsNpuK,Shelton B.,Sonego L.,2,2,ou,31.50,under,ft,1.26,1
EeLsNpuK,Shelton B.,Sonego L.,2,2,ou,32.50,over,ft,4.06,1
EeLsNpuK,Shelton B.,Sonego L.,2,2,ou,32.50,under,ft,1.19,1
EeLsNpuK,Shelton B.,Sonego L.,2,2,ou,33.50,over,ft,4.67,1
EeLsNpuK,Shelton B.,Sonego L.,2,2,ou,33.50,under,ft,1.15,1
EeLsNpuK,Shelton B.,Sonego L.,2,2,hc,1.50,home,ft,1.086,7
EeLsNpuK,Shelton B.,Sonego L.,2,2,hc,1.50,away,ft,7.003,7
EeLsNpuK,Shelton B.,Sonego L.,2,2,hc,-1.50,home,ft,1.769,9
EeLsNpuK,Shelton B.,Sonego L.,2,2,hc,-1.50,away,ft,1.986,9
EeLsNpuK,Shelton B.,Sonego L.,2,2,hc,0,home,ft,1.21,3
EeLsNpuK,Shelton B.,Sonego L.,2,2,hc,0,away,ft,4.05,3
EeLsNpuK,Shelton B.,Sonego L.,2,2,hc,-0.50,home,ft,1.262,4
EeLsNpuK,Shelton B.,Sonego L.,2,2,hc,-0.50,away,ft,3.518,4
EeLsNpuK,Shelton B.,Sonego L.,2,2,hc,-1.00,home,ft,1.28,3
EeLsNpuK,Shelton B.,Sonego L.,2,2,hc,-1.00,away,ft,3.4,3
EeLsNpuK,Shelton B.,Sonego L.,2,2,hc,1.50,home,ft,1.15,1
EeLsNpuK,Shelton B.,Sonego L.,2,2,hc,1.50,away,ft,5.05,1
EeLsNpuK,Shelton B.,Sonego L.,2,2,hc,-1.50,home,ft,1.378,9
EeLsNpuK,Shelton B.,Sonego L.,2,2,hc,-1.50,away,ft,2.876,9
EeLsNpuK,Shelton B.,Sonego L.,2,2,hc,-2.00,home,ft,1.433,6
EeLsNpuK,Shelton B.,Sonego L.,2,2,hc,-2.00,away,ft,2.715,6
EeLsNpuK,Shelton B.,Sonego L.,2,2,hc,-2.50,home,ft,1.612,9
EeLsNpuK,Shelton B.,Sonego L.,2,2,hc,-2.50,away,ft,2.273,9
EeLsNpuK,Shelton B.,Sonego L.,2,2,hc,-3.00,home,ft,1.877,6
EeLsNpuK,Shelton B.,Sonego L.,2,2,hc,-3.00,away,ft,1.882,6
EeLsNpuK,Shelton B.,Sonego L.,2,2,hc,-3.50,home,ft,2.123,9
EeLsNpuK,Shelton B.,Sonego L.,2,2,hc,-3.50,away,ft,1.699,9
EeLsNpuK,Shelton B.,Sonego L.,2,2,hc,-4.00,home,ft,2.988,6
EeLsNpuK,Shelton B.,Sonego L.,2,2,hc,-4.00,away,ft,1.368,6
EeLsNpuK,Shelton B.,Sonego L.,2,2,hc,-4.50,home,ft,3.443,6
EeLsNpuK,Shelton B.,Sonego L.,2,2,hc,-4.50,away,ft,1.275,6
EeLsNpuK,Shelton B.,Sonego L.,2,2,hc,-5.00,home,ft,6.1,3
EeLsNpuK,Shelton B.,Sonego L.,2,2,hc,-5.00,away,ft,1.1,3
EeLsNpuK,Shelton B.,Sonego L.,2,2,hc,-5.50,home,ft,6.85,5
EeLsNpuK,Shelton B.,Sonego L.,2,2,hc,-5.50,away,ft,1.08,5
EeLsNpuK,Shelton B.,Sonego L.,2,2,hc,-6.00,home,ft,11.2,3
OG9ygA2K,Tiafoe F.,Shimabukuro S.,2,2,ou,2.50,over,ft,2.264,5
OG9ygA2K,Tiafoe F.,Shimabukuro S.,2,2,ou,2.50,under,ft,1.61,5
OG9ygA2K,Tiafoe F.,Shimabukuro S.,2,2,ou,16.50,under,ft,20.27,1
OG9ygA2K,Tiafoe F.,Shimabukuro S.,2,2,ou,17.50,under,ft,9.87,1
OG9ygA2K,Tiafoe F.,Shimabukuro S.,2,2,ou,18.50,over,ft,1.12,1
OG9ygA2K,Tiafoe F.,Shimabukuro S.,2,2,ou,18.50,under,ft,5.22,1
OG9ygA2K,Tiafoe F.,Shimabukuro S.,2,2,ou,19.50,over,ft,1.19,1
OG9ygA2K,Tiafoe F.,Shimabukuro S.,2,2,ou,19.50,under,ft,4.03,1
OG9ygA2K,Tiafoe F.,Shimabukuro S.,2,2,ou,20.00,over,ft,1.24,3
OG9ygA2K,Tiafoe F.,Shimabukuro S.,2,2,ou,20.00,under,ft,3.42,3
OG9ygA2K,Tiafoe F.,Shimabukuro S.,2,2,ou,20.50,over,ft,1.347,7
OG9ygA2K,Tiafoe F.,Shimabukuro S.,2,2,ou,20.50,under,ft,2.957,7
OG9ygA2K,Tiafoe F.,Shimabukuro S.,2,2,ou,21.00,over,ft,1.31,4
OG9ygA2K,Tiafoe F.,Shimabukuro S.,2,2,ou,21.00,under,ft,3.01,4
OG9ygA2K,Tiafoe F.,Shimabukuro S.,2,2,ou,21.50,over,ft,1.433,7
OG9ygA2K,Tiafoe F.,Shimabukuro S.,2,2,ou,21.50,under,ft,2.6,7
OG9ygA2K,Tiafoe F.,Shimabukuro S.,2,2,ou,22.00,over,ft,1.493,7
OG9ygA2K,Tiafoe F.,Shimabukuro S.,2,2,ou,22.00,under,ft,2.459,7
OG9ygA2K,Tiafoe F.,Shimabukuro S.,2,2,ou,22.50,over,ft,1.661,10
OG9ygA2K,Tiafoe F.,Shimabukuro S.,2,2,ou,22.50,under,ft,2.119,10
OG9ygA2K,Tiafoe F.,Shimabukuro S.,2,2,ou,23.00,over,ft,1.756,7
OG9ygA2K,Tiafoe F.,Shimabukuro S.,2,2,ou,23.00,under,ft,2.009,7
OG9ygA2K,Tiafoe F.,Shimabukuro S.,2,2,ou,23.50,over,ft,1.931,10
OG9ygA2K,Tiafoe F.,Shimabukuro S.,2,2,ou,23.50,under,ft,1.848,10
OG9ygA2K,Tiafoe F.,Shimabukuro S.,2,2,ou,24.00,over,ft,1.924,7
OG9ygA2K,Tiafoe F.,Shimabukuro S.,2,2,ou,24.00,under,ft,1.831,7
OG9ygA2K,Tiafoe F.,Shimabukuro S.,2,2,ou,24.50,over,ft,1.946,10
OG9ygA2K,Tiafoe F.,Shimabukuro S.,2,2,ou,24.50,under,ft,1.787,10
OG9ygA2K,Tiafoe F.,Shimabukuro S.,2,2,ou,25.00,over,ft,1.994,7
OG9ygA2K,Tiafoe F.,Shimabukuro S.,2,2,ou,25.00,under,ft,1.749,7
OG9ygA2K,Tiafoe F.,Shimabukuro S.,2,2,ou,25.50,over,ft,2.074,5
OG9ygA2K,Tiafoe F.,Shimabukuro S.,2,2,ou,25.50,under,ft,1.65,5
OG9ygA2K,Tiafoe F.,Shimabukuro S.,2,2,ou,26.00,over,ft,2.25,4
OG9ygA2K,Tiafoe F.,Shimabukuro S.,2,2,ou,26.00,under,ft,1.53,4
OG9ygA2K,Tiafoe F.,Shimabukuro S.,2,2,ou,26.50,over,ft,2.362,4
OG9ygA2K,Tiafoe F.,Shimabukuro S.,2,2,ou,26.50,under,ft,1.53,4
OG9ygA2K,Tiafoe F.,Shimabukuro S.,2,2,ou,27.00,over,ft,2.46,1
OG9ygA2K,Tiafoe F.,Shimabukuro S.,2,2,ou,27.00,under,ft,1.47,1
OG9ygA2K,Tiafoe F.,Shimabukuro S.,2,2,ou,27.50,over,ft,2.5,1
OG9ygA2K,Tiafoe F.,Shimabukuro S.,2,2,ou,27.50,under,ft,1.46,1
OG9ygA2K,Tiafoe F.,Shimabukuro S.,2,2,ou,28.50,over,ft,2.673,3
OG9ygA2K,Tiafoe F.,Shimabukuro S.,2,2,ou,28.50,under,ft,1.423,3
OG9ygA2K,Tiafoe F.,Shimabukuro S.,2,2,ou,29.50,over,ft,2.97,1
OG9ygA2K,Tiafoe F.,Shimabukuro S.,2,2,ou,29.50,under,ft,1.33,1
OG9ygA2K,Tiafoe F.,Shimabukuro S.,2,2,ou,30.50,over,ft,3.28,1
OG9ygA2K,Tiafoe F.,Shimabukuro S.,2,2,ou,30.50,under,ft,1.28,1
OG9ygA2K,Tiafoe F.,Shimabukuro S.,2,2,ou,31.50,over,ft,3.86,1
OG9ygA2K,Tiafoe F.,Shimabukuro S.,2,2,ou,31.50,under,ft,1.21,1
OG9ygA2K,Tiafoe F.,Shimabukuro S.,2,2,ou,32.50,over,ft,4.83,1
OG9ygA2K,Tiafoe F.,Shimabukuro S.,2,2,ou,32.50,under,ft,1.14,1
OG9ygA2K,Tiafoe F.,Shimabukuro S.,2,2,hc,1.50,home,ft,1.153,7
OG9ygA2K,Tiafoe F.,Shimabukuro S.,2,2,hc,1.50,away,ft,5.096,7
OG9ygA2K,Tiafoe F.,Shimabukuro S.,2,2,hc,-1.50,home,ft,2.14,9
OG9ygA2K,Tiafoe F.,Shimabukuro S.,2,2,hc,-1.50,away,ft,1.663,9
OG9ygA2K,Tiafoe F.,Shimabukuro S.,2,2,hc,0,home,ft,1.36,3
OG9ygA2K,Tiafoe F.,Shimabukuro S.,2,2,hc,0,away,ft,2.94,3
OG9ygA2K,Tiafoe F.,Shimabukuro S.,2,2,hc,0.50,home,ft,1.34,1
OG9ygA2K,Tiafoe F.,Shimabukuro S.,2,2,hc,0.50,away,ft,3.05,1
OG9ygA2K,Tiafoe F.,Shimabukuro S.,2,2,hc,-0.50,home,ft,1.42,4
OG9ygA2K,Tiafoe F.,Shimabukuro S.,2,2,hc,-0.50,away,ft,2.697,4
OG9ygA2K,Tiafoe F.,Shimabukuro S.,2,2,hc,-1.00,home,ft,1.45,3
OG9ygA2K,Tiafoe F.,Shimabukuro S.,2,2,hc,-1.00,away,ft,2.59,3
OG9ygA2K,Tiafoe F.,Shimabukuro S.,2,2,hc,1.50,home,ft,1.285,2
OG9ygA2K,Tiafoe F.,Shimabukuro S.,2,2,hc,1.50,away,ft,3.375,2
OG9ygA2K,Tiafoe F.,Shimabukuro S.,2,2,hc,-1.50,home,ft,1.541,9
OG9ygA2K,Tiafoe F.,Shimabukuro S.,2,2,hc,-1.50,away,ft,2.378,9
OG9ygA2K,Tiafoe F.,Shimabukuro S.,2,2,hc,-2.00,home,ft,1.65,6
OG9ygA2K,Tiafoe F.,Shimabukuro S.,2,2,hc,-2.00,away,ft,2.187,6
OG9ygA2K,Tiafoe F.,Shimabukuro S.,2,2,hc,-2.50,home,ft,1.79,8
OG9ygA2K,Tiafoe F.,Shimabukuro S.,2,2,hc,-2.50,away,ft,2.001,8
OG9ygA2K,Tiafoe F.,Shimabukuro S.,2,2,hc,-3.00,home,ft,2.058,6
OG9ygA2K,Tiafoe F.,Shimabukuro S.,2,2,hc,-3.00,away,ft,1.733,6
OG9ygA2K,Tiafoe F.,Shimabukuro S.,2,2,hc,-3.50,home,ft,2.283,9
OG9ygA2K,Tiafoe F.,Shimabukuro S.,2,2,hc,-3.50,away,ft,1.579,9
OG9ygA2K,Tiafoe F.,Shimabukuro S.,2,2,hc,-4.00,home,ft,2.912,6
OG9ygA2K,Tiafoe F.,Shimabukuro S.,2,2,hc,-4.00,away,ft,1.38,6
OG9ygA2K,Tiafoe F.,Shimabukuro S.,2,2,hc,-4.50,home,ft,3.388,5
OG9ygA2K,Tiafoe F.,Shimabukuro S.,2,2,hc,-4.50,away,ft,1.286,5
OG9ygA2K,Tiafoe F.,Shimabukuro S.,2,2,hc,-5.00,home,ft,5.45,3
OG9ygA2K,Tiafoe F.,Shimabukuro S.,2,2,hc,-5.00,away,ft,1.12,3
OG9ygA2K,Tiafoe F.,Shimabukuro S.,2,2,hc,-5.50,home,ft,5.03,5
OG9ygA2K,Tiafoe F.,Shimabukuro S.,2,2,hc,-5.50,away,ft,1.148,5
OG9ygA2K,Tiafoe F.,Shimabukuro S.,2,2,hc,-6.00,home,ft,6.95,3
OG9ygA2K,Tiafoe F.,Shimabukuro S.,2,2,hc,-6.00,away,ft,1.07,3
zaFlZQq1,Bergs Z.,Fritz T.,1,1,ou,2.50,over,ft,2.49,5
zaFlZQq1,Bergs Z.,Fritz T.,1,1,ou,2.50,under,ft,1.51,5
zaFlZQq1,Bergs Z.,Fritz T.,1,1,ou,16.50,under,ft,18.46,1
zaFlZQq1,Bergs Z.,Fritz T.,1,1,ou,17.50,over,ft,1.03,1
zaFlZQq1,Bergs Z.,Fritz T.,1,1,ou,17.50,under,ft,8.46,1
zaFlZQq1,Bergs Z.,Fritz T.,1,1,ou,18.50,over,ft,1.13,1
zaFlZQq1,Bergs Z.,Fritz T.,1,1,ou,18.50,under,ft,5.05,1
zaFlZQq1,Bergs Z.,Fritz T.,1,1,ou,19.50,over,ft,1.26,1
zaFlZQq1,Bergs Z.,Fritz T.,1,1,ou,19.50,under,ft,3.39,1
zaFlZQq1,Bergs Z.,Fritz T.,1,1,ou,20.00,over,ft,1.23,4
zaFlZQq1,Bergs Z.,Fritz T.,1,1,ou,20.00,under,ft,3.513,4
zaFlZQq1,Bergs Z.,Fritz T.,1,1,ou,20.50,over,ft,1.347,6
zaFlZQq1,Bergs Z.,Fritz T.,1,1,ou,20.50,under,ft,2.918,6
zaFlZQq1,Bergs Z.,Fritz T.,1,1,ou,21.00,over,ft,1.38,4
zaFlZQq1,Bergs Z.,Fritz T.,1,1,ou,21.00,under,ft,2.757,4
zaFlZQq1,Bergs Z.,Fritz T.,1,1,ou,21.50,over,ft,1.486,7
zaFlZQq1,Bergs Z.,Fritz T.,1,1,ou,21.50,under,ft,2.46,7
zaFlZQq1,Bergs Z.,Fritz T.,1,1,ou,22.00,over,ft,1.563,7
zaFlZQq1,Bergs Z.,Fritz T.,1,1,ou,22.00,under,ft,2.33,7
zaFlZQq1,Bergs Z.,Fritz T.,1,1,ou,22.50,over,ft,1.774,10
zaFlZQq1,Bergs Z.,Fritz T.,1,1,ou,22.50,under,ft,1.997,10
zaFlZQq1,Bergs Z.,Fritz T.,1,1,ou,23.00,over,ft,1.899,7
zaFlZQq1,Bergs Z.,Fritz T.,1,1,ou,23.00,under,ft,1.847,7
zaFlZQq1,Bergs Z.,Fritz T.,1,1,ou,23.50,over,ft,2.072,10
zaFlZQq1,Bergs Z.,Fritz T.,1,1,ou,23.50,under,ft,1.695,10
zaFlZQq1,Bergs Z.,Fritz T.,1,1,ou,24.00,over,ft,2.087,7
zaFlZQq1,Bergs Z.,Fritz T.,1,1,ou,24.00,under,ft,1.683,7
zaFlZQq1,Bergs Z.,Fritz T.,1,1,ou,24.50,over,ft,2.057,10
zaFlZQq1,Bergs Z.,Fritz T.,1,1,ou,24.50,under,ft,1.688,10
zaFlZQq1,Bergs Z.,Fritz T.,1,1,ou,25.00,over,ft,2.165,4
zaFlZQq1,Bergs Z.,Fritz T.,1,1,ou,25.00,under,ft,1.573,4
zaFlZQq1,Bergs Z.,Fritz T.,1,1,ou,25.50,over,ft,2.202,5
zaFlZQq1,Bergs Z.,Fritz T.,1,1,ou,25.50,under,ft,1.576,5
zaFlZQq1,Bergs Z.,Fritz T.,1,1,ou,26.00,over,ft,2.382,4
zaFlZQq1,Bergs Z.,Fritz T.,1,1,ou,26.00,under,ft,1.478,4
zaFlZQq1,Bergs Z.,Fritz T.,1,1,ou,26.50,over,ft,2.585,2
zaFlZQq1,Bergs Z.,Fritz T.,1,1,ou,26.50,under,ft,1.445,2
zaFlZQq1,Bergs Z.,Fritz T.,1,1,ou,27.00,over,ft,2.58,1
zaFlZQq1,Bergs Z.,Fritz T.,1,1,ou,27.00,under,ft,1.43,1
zaFlZQq1,Bergs Z.,Fritz T.,1,1,ou,27.50,over,ft,2.69,1
zaFlZQq1,Bergs Z.,Fritz T.,1,1,ou,27.50,under,ft,1.4,1
zaFlZQq1,Bergs Z.,Fritz T.,1,1,ou,28.50,over,ft,2.89,1
zaFlZQq1,Bergs Z.,Fritz T.,1,1,ou,28.50,under,ft,1.35,1
zaFlZQq1,Bergs Z.,Fritz T.,1,1,ou,29.50,over,ft,3.13,1
zaFlZQq1,Bergs Z.,Fritz T.,1,1,ou,29.50,under,ft,1.3,1
zaFlZQq1,Bergs Z.,Fritz T.,1,1,ou,30.50,over,ft,3.39,1
zaFlZQq1,Bergs Z.,Fritz T.,1,1,ou,30.50,under,ft,1.26,1
zaFlZQq1,Bergs Z.,Fritz T.,1,1,ou,31.50,over,ft,4.02,1
zaFlZQq1,Bergs Z.,Fritz T.,1,1,ou,31.50,under,ft,1.19,1
zaFlZQq1,Bergs Z.,Fritz T.,1,1,ou,32.50,over,ft,4.83,1
zaFlZQq1,Bergs Z.,Fritz T.,1,1,ou,32.50,under,ft,1.14,1
zaFlZQq1,Bergs Z.,Fritz T.,1,1,hc,1.50,home,ft,1.997,9
zaFlZQq1,Bergs Z.,Fritz T.,1,1,hc,1.50,away,ft,1.764,9
zaFlZQq1,Bergs Z.,Fritz T.,1,1,hc,-1.50,home,ft,7.476,7
zaFlZQq1,Bergs Z.,Fritz T.,1,1,hc,-1.50,away,ft,1.074,7
zaFlZQq1,Bergs Z.,Fritz T.,1,1,hc,1.00,home,ft,3.62,3
zaFlZQq1,Bergs Z.,Fritz T.,1,1,hc,1.00,away,ft,1.25,3
zaFlZQq1,Bergs Z.,Fritz T.,1,1,hc,1.50,home,ft,3.276,5
zaFlZQq1,Bergs Z.,Fritz T.,1,1,hc,1.50,away,ft,1.3,5
zaFlZQq1,Bergs Z.,Fritz T.,1,1,hc,-1.50,home,ft,5.1,1
zaFlZQq1,Bergs Z.,Fritz T.,1,1,hc,-1.50,away,ft,1.15,1
zaFlZQq1,Bergs Z.,Fritz T.,1,1,hc,2.00,home,ft,2.883,6
zaFlZQq1,Bergs Z.,Fritz T.,1,1,hc,2.00,away,ft,1.377,6
zaFlZQq1,Bergs Z.,Fritz T.,1,1,hc,2.50,home,ft,2.551,9
zaFlZQq1,Bergs Z.,Fritz T.,1,1,hc,2.50,away,ft,1.479,9
zaFlZQq1,Bergs Z.,Fritz T.,1,1,hc,3.00,home,ft,2.193,6
zaFlZQq1,Bergs Z.,Fritz T.,1,1,hc,3.00,away,ft,1.637,6
zaFlZQq1,Bergs Z.,Fritz T.,1,1,hc,3.50,home,ft,1.854,8
zaFlZQq1,Bergs Z.,Fritz T.,1,1,hc,3.50,away,ft,1.916,8
zaFlZQq1,Bergs Z.,Fritz T.,1,1,hc,4.00,home,ft,1.562,6
zaFlZQq1,Bergs Z.,Fritz T.,1,1,hc,4.00,away,ft,2.35,6
zaFlZQq1,Bergs Z.,Fritz T.,1,1,hc,4.50,home,ft,1.438,9
zaFlZQq1,Bergs Z.,Fritz T.,1,1,hc,4.50,away,ft,2.682,9
zaFlZQq1,Bergs Z.,Fritz T.,1,1,hc,5.00,home,ft,1.2,3
zaFlZQq1,Bergs Z.,Fritz T.,1,1,hc,5.00,away,ft,4.2,3
zaFlZQq1,Bergs Z.,Fritz T.,1,1,hc,5.50,home,ft,1.156,5
zaFlZQq1,Bergs Z.,Fritz T.,1,1,hc,5.50,away,ft,4.85,5
zaFlZQq1,Bergs Z.,Fritz T.,1,1,hc,6.00,home,ft,1.06,3
zaFlZQq1,Bergs Z.,Fritz T.,1,1,hc,6.00,away,ft,7.8,3
jiJ1O9Vr,Shelton B.,Kyrgios N.,,,ou,2.50,over,ft,2.552,5
jiJ1O9Vr,Shelton B.,Kyrgios N.,,,ou,2.50,under,ft,1.476,5
jiJ1O9Vr,Shelton B.,Kyrgios N.,,,ou,16.50,under,ft,41.52,1
jiJ1O9Vr,Shelton B.,Kyrgios N.,,,ou,17.50,under,ft,16.69,1
jiJ1O9Vr,Shelton B.,Kyrgios N.,,,ou,18.50,under,ft,11.1,1
jiJ1O9Vr,Shelton B.,Kyrgios N.,,,ou,19.50,over,ft,1.1,1
jiJ1O9Vr,Shelton B.,Kyrgios N.,,,ou,19.50,under,ft,3.71,1
jiJ1O9Vr,Shelton B.,Kyrgios N.,,,ou,20.50,over,ft,1.23,2
jiJ1O9Vr,Shelton B.,Kyrgios N.,,,ou,20.50,under,ft,3.72,2
jiJ1O9Vr,Shelton B.,Kyrgios N.,,,ou,21.00,over,ft,1.265,4
jiJ1O9Vr,Shelton B.,Kyrgios N.,,,ou,21.00,under,ft,3.26,4
jiJ1O9Vr,Shelton B.,Kyrgios N.,,,ou,21.50,over,ft,1.33,5
jiJ1O9Vr,Shelton B.,Kyrgios N.,,,ou,21.50,under,ft,2.982,5
jiJ1O9Vr,Shelton B.,Kyrgios N.,,,ou,22.00,over,ft,1.39,4
jiJ1O9Vr,Shelton B.,Kyrgios N.,,,ou,22.00,under,ft,2.772,4
jiJ1O9Vr,Shelton B.,Kyrgios N.,,,ou,22.50,over,ft,1.579,7
jiJ1O9Vr,Shelton B.,Kyrgios N.,,,ou,22.50,under,ft,2.246,7
jiJ1O9Vr,Shelton B.,Kyrgios N.,,,ou,23.00,over,ft,1.512,4
jiJ1O9Vr,Shelton B.,Kyrgios N.,,,ou,23.00,under,ft,2.292,4
jiJ1O9Vr,Shelton B.,Kyrgios N.,,,ou,23.50,over,ft,1.781,8
jiJ1O9Vr,Shelton B.,Kyrgios N.,,,ou,23.50,under,ft,1.919,8
jiJ1O9Vr,Shelton B.,Kyrgios N.,,,ou,24.00,over,ft,1.739,7
jiJ1O9Vr,Shelton B.,Kyrgios N.,,,ou,24.00,under,ft,1.991,7
jiJ1O9Vr,Shelton B.,Kyrgios N.,,,ou,24.50,over,ft,1.738,10
jiJ1O9Vr,Shelton B.,Kyrgios N.,,,ou,24.50,under,ft,1.997,10
jiJ1O9Vr,Shelton B.,Kyrgios N.,,,ou,25.00,over,ft,1.804,7
jiJ1O9Vr,Shelton B.,Kyrgios N.,,,ou,25.00,under,ft,1.926,7
jiJ1O9Vr,Shelton B.,Kyrgios N.,,,ou,25.50,over,ft,1.894,10
jiJ1O9Vr,Shelton B.,Kyrgios N.,,,ou,25.50,under,ft,1.868,10
jiJ1O9Vr,Shelton B.,Kyrgios N.,,,ou,26.00,over,ft,2.105,4
jiJ1O9Vr,Shelton B.,Kyrgios N.,,,ou,26.00,under,ft,1.655,4
jiJ1O9Vr,Shelton B.,Kyrgios N.,,,ou,26.50,over,ft,2.582,10
jiJ1O9Vr,Shelton B.,Kyrgios N.,,,ou,26.50,under,ft,1.458,10
jiJ1O9Vr,Shelton B.,Kyrgios N.,,,ou,27.00,over,ft,2.477,7
jiJ1O9Vr,Shelton B.,Kyrgios N.,,,ou,27.00,under,ft,1.487,7
jiJ1O9Vr,Shelton B.,Kyrgios N.,,,ou,27.50,over,ft,2.378,5
jiJ1O9Vr,Shelton B.,Kyrgios N.,,,ou,27.50,under,ft,1.504,5
jiJ1O9Vr,Shelton B.,Kyrgios N.,,,ou,28.00,over,ft,2.4,4
jiJ1O9Vr,Shelton B.,Kyrgios N.,,,ou,28.00,under,ft,1.482,4
jiJ1O9Vr,Shelton B.,Kyrgios N.,,,ou,28.50,over,ft,2.418,5
jiJ1O9Vr,Shelton B.,Kyrgios N.,,,ou,28.50,under,ft,1.47,5
jiJ1O9Vr,Shelton B.,Kyrgios N.,,,ou,29.00,over,ft,2.48,1
jiJ1O9Vr,Shelton B.,Kyrgios N.,,,ou,29.00,under,ft,1.46,1
jiJ1O9Vr,Shelton B.,Kyrgios N.,,,ou,29.50,over,ft,3.055,4
jiJ1O9Vr,Shelton B.,Kyrgios N.,,,ou,29.50,under,ft,1.32,4
jiJ1O9Vr,Shelton B.,Kyrgios N.,,,ou,30.50,over,ft,2.7,1
jiJ1O9Vr,Shelton B.,Kyrgios N.,,,ou,30.50,under,ft,1.4,1
jiJ1O9Vr,Shelton B.,Kyrgios N.,,,ou,31.50,over,ft,3.02,1
jiJ1O9Vr,Shelton B.,Kyrgios N.,,,ou,31.50,under,ft,1.32,1
jiJ1O9Vr,Shelton B.,Kyrgios N.,,,ou,32.50,over,ft,3.56,1
jiJ1O9Vr,Shelton B.,Kyrgios N.,,,ou,32.50,under,ft,1.24,1
jiJ1O9Vr,Shelton B.,Kyrgios N.,,,ou,33.50,over,ft,4.09,1
jiJ1O9Vr,Shelton B.,Kyrgios N.,,,ou,33.50,under,ft,1.19,1
jiJ1O9Vr,Shelton B.,Kyrgios N.,,,ou,34.50,over,ft,4.52,1
jiJ1O9Vr,Shelton B.,Kyrgios N.,,,ou,34.50,under,ft,1.16,1
jiJ1O9Vr,Shelton B.,Kyrgios N.,,,hc,1.50,home,ft,1.136,7
jiJ1O9Vr,Shelton B.,Kyrgios N.,,,hc,1.50,away,ft,5.31,7
jiJ1O9Vr,Shelton B.,Kyrgios N.,,,hc,-1.50,home,ft,2.03,9
jiJ1O9Vr,Shelton B.,Kyrgios N.,,,hc,-1.50,away,ft,1.739,9
jiJ1O9Vr,Shelton B.,Kyrgios N.,,,hc,0,home,ft,1.31,3
jiJ1O9Vr,Shelton B.,Kyrgios N.,,,hc,0,away,ft,3.05,3
jiJ1O9Vr,Shelton B.,Kyrgios N.,,,hc,-0.50,home,ft,1.363,4
jiJ1O9Vr,Shelton B.,Kyrgios N.,,,hc,-0.50,away,ft,2.84,4
jiJ1O9Vr,Shelton B.,Kyrgios N.,,,hc,1.00,home,ft,1.24,3
jiJ1O9Vr,Shelton B.,Kyrgios N.,,,hc,1.00,away,ft,3.53,3
jiJ1O9Vr,Shelton B.,Kyrgios N.,,,hc,-1.00,home,ft,1.438,6
jiJ1O9Vr,Shelton B.,Kyrgios N.,,,hc,-1.00,away,ft,2.592,6
jiJ1O9Vr,Shelton B.,Kyrgios N.,,,hc,1.50,home,ft,1.41,3
jiJ1O9Vr,Shelton B.,Kyrgios N.,,,hc,1.50,away,ft,2.6,3
jiJ1O9Vr,Shelton B.,Kyrgios N.,,,hc,-1.50,home,ft,1.51,9
jiJ1O9Vr,Shelton B.,Kyrgios N.,,,hc,-1.50,away,ft,2.407,9
jiJ1O9Vr,Shelton B.,Kyrgios N.,,,hc,-2.00,home,ft,1.665,6
jiJ1O9Vr,Shelton B.,Kyrgios N.,,,hc,-2.00,away,ft,2.097,6
jiJ1O9Vr,Shelton B.,Kyrgios N.,,,hc,-2.50,home,ft,1.901,8
jiJ1O9Vr,Shelton B.,Kyrgios N.,,,hc,-2.50,away,ft,1.829,8
jiJ1O9Vr,Shelton B.,Kyrgios N.,,,hc,-3.00,home,ft,2.348,6
jiJ1O9Vr,Shelton B.,Kyrgios N.,,,hc,-3.00,away,ft,1.528,6
jiJ1O9Vr,Shelton B.,Kyrgios N.,,,hc,-3.50,home,ft,2.762,9
jiJ1O9Vr,Shelton B.,Kyrgios N.,,,hc,-3.50,away,ft,1.396,9
jiJ1O9Vr,Shelton B.,Kyrgios N.,,,hc,-4.00,home,ft,4.13,3
jiJ1O9Vr,Shelton B.,Kyrgios N.,,,hc,-4.00,away,ft,1.18,3
jiJ1O9Vr,Shelton B.,Kyrgios N.,,,hc,-4.50,home,ft,4.74,4
jiJ1O9Vr,Shelton B.,Kyrgios N.,,,hc,-4.50,away,ft,1.14,4
jiJ1O9Vr,Shelton B.,Kyrgios N.,,,hc,-5.00,home,ft,8.25,3
jiJ1O9Vr,Shelton B.,Kyrgios N.,,,hc,-5.00,away,ft,1.03,3
4YeEknUs,Etcheverry T. M.,Medvedev D.,0,0,ou,2.50,over,ft,2.75,5
4YeEknUs,Etcheverry T. M.,Medvedev D.,0,0,ou,2.50,under,ft,1.426,5
4YeEknUs,Etcheverry T. M.,Medvedev D.,0,0,ou,16.50,over,ft,1.02,1
4YeEknUs,Etcheverry T. M.,Medvedev D.,0,0,ou,16.50,under,ft,9.2,1
4YeEknUs,Etcheverry T. M.,Medvedev D.,0,0,ou,17.50,over,ft,1.13,1
4YeEknUs,Etcheverry T. M.,Medvedev D.,0,0,ou,17.50,under,ft,4.99,1
4YeEknUs,Etcheverry T. M.,Medvedev D.,0,0,ou,18.50,over,ft,1.25,2
4YeEknUs,Etcheverry T. M.,Medvedev D.,0,0,ou,18.50,under,ft,3.56,2
4YeEknUs,Etcheverry T. M.,Medvedev D.,0,0,ou,19.00,over,ft,1.24,4
4YeEknUs,Etcheverry T. M.,Medvedev D.,0,0,ou,19.00,under,ft,3.438,4
4YeEknUs,Etcheverry T. M.,Medvedev D.,0,0,ou,19.50,over,ft,1.37,5
4YeEknUs,Etcheverry T. M.,Medvedev D.,0,0,ou,19.50,under,ft,2.794,5
4YeEknUs,Etcheverry T. M.,Medvedev D.,0,0,ou,20.00,over,ft,1.4,4
4YeEknUs,Etcheverry T. M.,Medvedev D.,0,0,ou,20.00,under,ft,2.62,4
4YeEknUs,Etcheverry T. M.,Medvedev D.,0,0,ou,20.50,over,ft,1.539,7
4YeEknUs,Etcheverry T. M.,Medvedev D.,0,0,ou,20.50,under,ft,2.304,7
4YeEknUs,Etcheverry T. M.,Medvedev D.,0,0,ou,21.00,over,ft,1.603,7
4YeEknUs,Etcheverry T. M.,Medvedev D.,0,0,ou,21.00,under,ft,2.221,7
4YeEknUs,Etcheverry T. M.,Medvedev D.,0,0,ou,21.50,over,ft,1.707,10
4YeEknUs,Etcheverry T. M.,Medvedev D.,0,0,ou,21.50,under,ft,2.048,10
4YeEknUs,Etcheverry T. M.,Medvedev D.,0,0,ou,22.00,over,ft,1.853,7
4YeEknUs,Etcheverry T. M.,Medvedev D.,0,0,ou,22.00,under,ft,1.897,7
4YeEknUs,Etcheverry T. M.,Medvedev D.,0,0,ou,22.50,over,ft,2.006,10
4YeEknUs,Etcheverry T. M.,Medvedev D.,0,0,ou,22.50,under,ft,1.773,10
4YeEknUs,Etcheverry T. M.,Medvedev D.,0,0,ou,23.00,over,ft,2.191,7
4YeEknUs,Etcheverry T. M.,Medvedev D.,0,0,ou,23.00,under,ft,1.634,7
4YeEknUs,Etcheverry T. M.,Medvedev D.,0,0,ou,23.50,over,ft,2.299,8
4YeEknUs,Etcheverry T. M.,Medvedev D.,0,0,ou,23.50,under,ft,1.558,8
4YeEknUs,Etcheverry T. M.,Medvedev D.,0,0,ou,24.00,over,ft,2.337,4
4YeEknUs,Etcheverry T. M.,Medvedev D.,0,0,ou,24.00,under,ft,1.515,4
4YeEknUs,Etcheverry T. M.,Medvedev D.,0,0,ou,24.50,over,ft,2.372,5
4YeEknUs,Etcheverry T. M.,Medvedev D.,0,0,ou,24.50,under,ft,1.498,5
4YeEknUs,Etcheverry T. M.,Medvedev D.,0,0,ou,25.00,over,ft,2.465,4
4YeEknUs,Etcheverry T. M.,Medvedev D.,0,0,ou,25.00,under,ft,1.445,4
4YeEknUs,Etcheverry T. M.,Medvedev D.,0,0,ou,25.50,over,ft,2.57,1
4YeEknUs,Etcheverry T. M.,Medvedev D.,0,0,ou,25.50,under,ft,1.43,1
4YeEknUs,Etcheverry T. M.,Medvedev D.,0,0,ou,26.00,over,ft,2.79,1
4YeEknUs,Etcheverry T. M.,Medvedev D.,0,0,ou,26.00,under,ft,1.37,1
4YeEknUs,Etcheverry T. M.,Medvedev D.,0,0,ou,26.50,over,ft,2.88,1
4YeEknUs,Etcheverry T. M.,Medvedev D.,0,0,ou,26.50,under,ft,1.35,1
4YeEknUs,Etcheverry T. M.,Medvedev D.,0,0,ou,27.50,over,ft,3.05,1
4YeEknUs,Etcheverry T. M.,Medvedev D.,0,0,ou,27.50,under,ft,1.32,1
4YeEknUs,Etcheverry T. M.,Medvedev D.,0,0,ou,28.50,over,ft,3.3,1
4YeEknUs,Etcheverry T. M.,Medvedev D.,0,0,ou,28.50,under,ft,1.28,1
4YeEknUs,Etcheverry T. M.,Medvedev D.,0,0,ou,29.50,over,ft,3.57,1
4YeEknUs,Etcheverry T. M.,Medvedev D.,0,0,ou,29.50,under,ft,1.24,1
4YeEknUs,Etcheverry T. M.,Medvedev D.,0,0,ou,30.50,over,ft,4.02,1
4YeEknUs,Etcheverry T. M.,Medvedev D.,0,0,ou,30.50,under,ft,1.19,1
4YeEknUs,Etcheverry T. M.,Medvedev D.,0,0,ou,31.50,over,ft,4.79,1
4YeEknUs,Etcheverry T. M.,Medvedev D.,0,0,ou,31.50,under,ft,1.14,1
4YeEknUs,Etcheverry T. M.,Medvedev D.,0,0,hc,1.50,home,ft,2.137,9
4YeEknUs,Etcheverry T. M.,Medvedev D.,0,0,hc,1.50,away,ft,1.661,9
4YeEknUs,Etcheverry T. M.,Medvedev D.,0,0,hc,-1.50,home,ft,8.299,7
4YeEknUs,Etcheverry T. M.,Medvedev D.,0,0,hc,-1.50,away,ft,1.059,7
4YeEknUs,Etcheverry T. M.,Medvedev D.,0,0,hc,0.50,home,ft,4.5,1
4YeEknUs,Etcheverry T. M.,Medvedev D.,0,0,hc,0.50,away,ft,1.17,1
4YeEknUs,Etcheverry T. M.,Medvedev D.,0,0,hc,1.00,home,ft,3.9,3
4YeEknUs,Etcheverry T. M.,Medvedev D.,0,0,hc,1.00,away,ft,1.22,3
4YeEknUs,Etcheverry T. M.,Medvedev D.,0,0,hc,1.50,home,ft,3.498,4
4YeEknUs,Etcheverry T. M.,Medvedev D.,0,0,hc,1.50,away,ft,1.268,4
4YeEknUs,Etcheverry T. M.,Medvedev D.,0,0,hc,2.00,home,ft,3.26,3
4YeEknUs,Etcheverry T. M.,Medvedev D.,0,0,hc,2.00,away,ft,1.3,3
4YeEknUs,Etcheverry T. M.,Medvedev D.,0,0,hc,2.50,home,ft,2.81,6
4YeEknUs,Etcheverry T. M.,Medvedev D.,0,0,hc,2.50,away,ft,1.388,6
4YeEknUs,Etcheverry T. M.,Medvedev D.,0,0,hc,3.00,home,ft,2.553,6
4YeEknUs,Etcheverry T. M.,Medvedev D.,0,0,hc,3.00,away,ft,1.483,6
4YeEknUs,Etcheverry T. M.,Medvedev D.,0,0,hc,3.50,home,ft,2.144,9
4YeEknUs,Etcheverry T. M.,Medvedev D.,0,0,hc,3.50,away,ft,1.678,9
4YeEknUs,Etcheverry T. M.,Medvedev D.,0,0,hc,4.00,home,ft,1.858,6
4YeEknUs,Etcheverry T. M.,Medvedev D.,0,0,hc,4.00,away,ft,1.898,6
4YeEknUs,Etcheverry T. M.,Medvedev D.,0,0,hc,4.50,home,ft,1.657,9
4YeEknUs,Etcheverry T. M.,Medvedev D.,0,0,hc,4.50,away,ft,2.159,9
4YeEknUs,Etcheverry T. M.,Medvedev D.,0,0,hc,5.00,home,ft,1.385,6
4YeEknUs,Etcheverry T. M.,Medvedev D.,0,0,hc,5.00,away,ft,2.905,6
4YeEknUs,Etcheverry T. M.,Medvedev D.,0,0,hc,5.50,home,ft,1.301,7
4YeEknUs,Etcheverry T. M.,Medvedev D.,0,0,hc,5.50,away,ft,3.3,7
4YeEknUs,Etcheverry T. M.,Medvedev D.,0,0,hc,6.00,home,ft,1.143,3
4YeEknUs,Etcheverry T. M.,Medvedev D.,0,0,hc,6.00,away,ft,4.983,3
4YeEknUs,Etcheverry T. M.,Medvedev D.,0,0,hc,6.50,home,ft,1.125,4
4YeEknUs,Etcheverry T. M.,Medvedev D.,0,0,hc,6.50,away,ft,5.05,4
4YeEknUs,Etcheverry T. M.,Medvedev D.,0,0,hc,7.00,home,ft,1.04,3
4YeEknUs,Etcheverry T. M.,Medvedev D.,0,0,hc,7.00,away,ft,9.0,3
rPIdX4ED,Marozsan F.,Kecmanovic M.,2,2,ou,2.50,over,ft,2.406,5
rPIdX4ED,Marozsan F.,Kecmanovic M.,2,2,ou,2.50,under,ft,1.54,5
rPIdX4ED,Marozsan F.,Kecmanovic M.,2,2,ou,16.50,under,ft,13.3,1
rPIdX4ED,Marozsan F.,Kecmanovic M.,2,2,ou,17.50,over,ft,1.04,1
rPIdX4ED,Marozsan F.,Kecmanovic M.,2,2,ou,17.50,under,ft,7.91,1
rPIdX4ED,Marozsan F.,Kecmanovic M.,2,2,ou,18.50,over,ft,1.12,1
rPIdX4ED,Marozsan F.,Kecmanovic M.,2,2,ou,18.50,under,ft,5.21,1
rPIdX4ED,Marozsan F.,Kecmanovic M.,2,2,ou,19.50,over,ft,1.21,1
rPIdX4ED,Marozsan F.,Kecmanovic M.,2,2,ou,19.50,under,ft,3.82,1
rPIdX4ED,Marozsan F.,Kecmanovic M.,2,2,ou,20.00,over,ft,1.27,4
rPIdX4ED,Marozsan F.,Kecmanovic M.,2,2,ou,20.00,under,ft,3.228,4
rPIdX4ED,Marozsan F.,Kecmanovic M.,2,2,ou,20.50,over,ft,1.372,5
rPIdX4ED,Marozsan F.,Kecmanovic M.,2,2,ou,20.50,under,ft,2.784,5
rPIdX4ED,Marozsan F.,Kecmanovic M.,2,2,ou,21.00,over,ft,1.417,4
rPIdX4ED,Marozsan F.,Kecmanovic M.,2,2,ou,21.00,under,ft,2.617,4
rPIdX4ED,Marozsan F.,Kecmanovic M.,2,2,ou,21.50,over,ft,1.496,8
rPIdX4ED,Marozsan F.,Kecmanovic M.,2,2,ou,21.50,under,ft,2.442,8
rPIdX4ED,Marozsan F.,Kecmanovic M.,2,2,ou,22.00,over,ft,1.599,7
rPIdX4ED,Marozsan F.,Kecmanovic M.,2,2,ou,22.00,under,ft,2.236,7
rPIdX4ED,Marozsan F.,Kecmanovic M.,2,2,ou,22.50,over,ft,1.758,10
rPIdX4ED,Marozsan F.,Kecmanovic M.,2,2,ou,22.50,under,ft,2.011,10
rPIdX4ED,Marozsan F.,Kecmanovic M.,2,2,ou,23.00,over,ft,1.906,7
rPIdX4ED,Marozsan F.,Kecmanovic M.,2,2,ou,23.00,under,ft,1.844,7
rPIdX4ED,Marozsan F.,Kecmanovic M.,2,2,ou,23.50,over,ft,2.021,10
rPIdX4ED,Marozsan F.,Kecmanovic M.,2,2,ou,23.50,under,ft,1.736,10
rPIdX4ED,Marozsan F.,Kecmanovic M.,2,2,ou,24.00,over,ft,2.07,7
rPIdX4ED,Marozsan F.,Kecmanovic M.,2,2,ou,24.00,under,ft,1.689,7
rPIdX4ED,Marozsan F.,Kecmanovic M.,2,2,ou,24.50,over,ft,2.034,7
rPIdX4ED,Marozsan F.,Kecmanovic M.,2,2,ou,24.50,under,ft,1.681,7
rPIdX4ED,Marozsan F.,Kecmanovic M.,2,2,ou,25.00,over,ft,2.092,4
rPIdX4ED,Marozsan F.,Kecmanovic M.,2,2,ou,25.00,under,ft,1.615,4
rPIdX4ED,Marozsan F.,Kecmanovic M.,2,2,ou,25.50,over,ft,2.133,6
rPIdX4ED,Marozsan F.,Kecmanovic M.,2,2,ou,25.50,under,ft,1.62,6
rPIdX4ED,Marozsan F.,Kecmanovic M.,2,2,ou,26.00,over,ft,2.292,4
rPIdX4ED,Marozsan F.,Kecmanovic M.,2,2,ou,26.00,under,ft,1.512,4
rPIdX4ED,Marozsan F.,Kecmanovic M.,2,2,ou,26.50,over,ft,2.405,2
rPIdX4ED,Marozsan F.,Kecmanovic M.,2,2,ou,26.50,under,ft,1.505,2
rPIdX4ED,Marozsan F.,Kecmanovic M.,2,2,ou,27.00,over,ft,2.37,4
rPIdX4ED,Marozsan F.,Kecmanovic M.,2,2,ou,27.00,under,ft,1.495,4
rPIdX4ED,Marozsan F.,Kecmanovic M.,2,2,ou,27.50,over,ft,2.402,4
rPIdX4ED,Marozsan F.,Kecmanovic M.,2,2,ou,27.50,under,ft,1.472,4
rPIdX4ED,Marozsan F.,Kecmanovic M.,2,2,ou,28.50,over,ft,2.72,1
rPIdX4ED,Marozsan F.,Kecmanovic M.,2,2,ou,28.50,under,ft,1.39,1
rPIdX4ED,Marozsan F.,Kecmanovic M.,2,2,ou,29.50,over,ft,2.99,1
rPIdX4ED,Marozsan F.,Kecmanovic M.,2,2,ou,29.50,under,ft,1.33,1
rPIdX4ED,Marozsan F.,Kecmanovic M.,2,2,ou,30.50,over,ft,3.37,1
rPIdX4ED,Marozsan F.,Kecmanovic M.,2,2,ou,30.50,under,ft,1.27,1
rPIdX4ED,Marozsan F.,Kecmanovic M.,2,2,ou,31.50,over,ft,3.92,1
rPIdX4ED,Marozsan F.,Kecmanovic M.,2,2,ou,31.50,under,ft,1.2,1
rPIdX4ED,Marozsan F.,Kecmanovic M.,2,2,ou,32.50,over,ft,4.95,1
rPIdX4ED,Marozsan F.,Kecmanovic M.,2,2,ou,32.50,under,ft,1.13,1
rPIdX4ED,Marozsan F.,Kecmanovic M.,2,2,ou,33.50,over,ft,5.27,1
rPIdX4ED,Marozsan F.,Kecmanovic M.,2,2,ou,33.50,under,ft,1.11,1
rPIdX4ED,Marozsan F.,Kecmanovic M.,2,2,hc,1.50,home,ft,1.513,9
rPIdX4ED,Marozsan F.,Kecmanovic M.,2,2,hc,1.50,away,ft,2.447,9
rPIdX4ED,Marozsan F.,Kecmanovic M.,2,2,hc,-1.50,home,ft,3.716,7
rPIdX4ED,Marozsan F.,Kecmanovic M.,2,2,hc,-1.50,away,ft,1.254,7
rPIdX4ED,Marozsan F.,Kecmanovic M.,2,2,hc,0,home,ft,2.28,3
rPIdX4ED,Marozsan F.,Kecmanovic M.,2,2,hc,0,away,ft,1.57,3
rPIdX4ED,Marozsan F.,Kecmanovic M.,2,2,hc,0.50,home,ft,2.111,8
rPIdX4ED,Marozsan F.,Kecmanovic M.,2,2,hc,0.50,away,ft,1.66,8
rPIdX4ED,Marozsan F.,Kecmanovic M.,2,2,hc,-0.50,home,ft,2.336,5
rPIdX4ED,Marozsan F.,Kecmanovic M.,2,2,hc,-0.50,away,ft,1.554,5
rPIdX4ED,Marozsan F.,Kecmanovic M.,2,2,hc,1.00,home,ft,2.083,6
rPIdX4ED,Marozsan F.,Kecmanovic M.,2,2,hc,1.00,away,ft,1.707,6
rPIdX4ED,Marozsan F.,Kecmanovic M.,2,2,hc,-1.00,home,ft,2.5,3
rPIdX4ED,Marozsan F.,Kecmanovic M.,2,2,hc,-1.00,away,ft,1.48,3
rPIdX4ED,Marozsan F.,Kecmanovic M.,2,2,hc,1.50,home,ft,2.018,8
rPIdX4ED,Marozsan F.,Kecmanovic M.,2,2,hc,1.50,away,ft,1.774,8
rPIdX4ED,Marozsan F.,Kecmanovic M.,2,2,hc,-1.50,home,ft,2.415,4
rPIdX4ED,Marozsan F.,Kecmanovic M.,2,2,hc,-1.50,away,ft,1.485,4
rPIdX4ED,Marozsan F.,Kecmanovic M.,2,2,hc,2.00,home,ft,1.87,6
rPIdX4ED,Marozsan F.,Kecmanovic M.,2,2,hc,2.00,away,ft,1.893,6
rPIdX4ED,Marozsan F.,Kecmanovic M.,2,2,hc,-2.00,home,ft,2.55,3
rPIdX4ED,Marozsan F.,Kecmanovic M.,2,2,hc,-2.00,away,ft,1.43,3
rPIdX4ED,Marozsan F.,Kecmanovic M.,2,2,hc,2.50,home,ft,1.733,9
rPIdX4ED,Marozsan F.,Kecmanovic M.,2,2,hc,2.50,away,ft,2.031,9
rPIdX4ED,Marozsan F.,Kecmanovic M.,2,2,hc,3.00,home,ft,1.587,6
rPIdX4ED,Marozsan F.,Kecmanovic M.,2,2,hc,3.00,away,ft,2.297,6
rPIdX4ED,Marozsan F.,Kecmanovic M.,2,2,hc,3.50,home,ft,1.494,5
rPIdX4ED,Marozsan F.,Kecmanovic M.,2,2,hc,3.50,away,ft,2.468,5
rPIdX4ED,Marozsan F.,Kecmanovic M.,2,2,hc,4.00,home,ft,1.33,3
rPIdX4ED,Marozsan F.,Kecmanovic M.,2,2,hc,4.00,away,ft,3.1,3
rPIdX4ED,Marozsan F.,Kecmanovic M.,2,2,hc,4.50,home,ft,1.278,4
rPIdX4ED,Marozsan F.,Kecmanovic M.,2,2,hc,4.50,away,ft,3.422,4
rPIdX4ED,Marozsan F.,Kecmanovic M.,2,2,hc,5.00,home,ft,1.14,3
rPIdX4ED,Marozsan F.,Kecmanovic M.,2,2,hc,5.00,away,ft,5.0,3
bHM9Mm0e,Zverev A.,Kopriva V.,2,2,ou,2.50,over,ft,4.062,5
bHM9Mm0e,Zverev A.,Kopriva V.,2,2,ou,2.50,under,ft,1.222,5
bHM9Mm0e,Zverev A.,Kopriva V.,2,2,ou,15.50,over,ft,1.04,1
bHM9Mm0e,Zverev A.,Kopriva V.,2,2,ou,15.50,under,ft,7.57,1
bHM9Mm0e,Zverev A.,Kopriva V.,2,2,ou,16.50,over,ft,1.155,2
bHM9Mm0e,Zverev A.,Kopriva V.,2,2,ou,16.50,under,ft,4.725,2
bHM9Mm0e,Zverev A.,Kopriva V.,2,2,ou,17.00,over,ft,1.12,4
bHM9Mm0e,Zverev A.,Kopriva V.,2,2,ou,17.00,under,ft,5.022,4
bHM9Mm0e,Zverev A.,Kopriva V.,2,2,ou,17.50,over,ft,1.27,5
bHM9Mm0e,Zverev A.,Kopriva V.,2,2,ou,17.50,under,ft,3.334,5
bHM9Mm0e,Zverev A.,Kopriva V.,2,2,ou,18.00,over,ft,1.275,4
bHM9Mm0e,Zverev A.,Kopriva V.,2,2,ou,18.00,under,ft,3.198,4
bHM9Mm0e,Zverev A.,Kopriva V.,2,2,ou,18.50,over,ft,1.441,8
bHM9Mm0e,Zverev A.,Kopriva V.,2,2,ou,18.50,under,ft,2.585,8
bHM9Mm0e,Zverev A.,Kopriva V.,2,2,ou,19.00,over,ft,1.521,7
bHM9Mm0e,Zverev A.,Kopriva V.,2,2,ou,19.00,under,ft,2.401,7
bHM9Mm0e,Zverev A.,Kopriva V.,2,2,ou,19.50,over,ft,1.745,10
bHM9Mm0e,Zverev A.,Kopriva V.,2,2,ou,19.50,under,ft,2.046,10
bHM9Mm0e,Zverev A.,Kopriva V.,2,2,ou,20.00,over,ft,1.834,7
bHM9Mm0e,Zverev A.,Kopriva V.,2,2,ou,20.00,under,ft,1.914,7
bHM9Mm0e,Zverev A.,Kopriva V.,2,2,ou,20.50,over,ft,2.021,10
bHM9Mm0e,Zverev A.,Kopriva V.,2,2,ou,20.50,under,ft,1.751,10
bHM9Mm0e,Zverev A.,Kopriva V.,2,2,ou,21.00,over,ft,2.169,7
bHM9Mm0e,Zverev A.,Kopriva V.,2,2,ou,21.00,under,ft,1.644,7
bHM9Mm0e,Zverev A.,Kopriva V.,2,2,ou,21.50,over,ft,2.295,8
bHM9Mm0e,Zverev A.,Kopriva V.,2,2,ou,21.50,under,ft,1.561,8
bHM9Mm0e,Zverev A.,Kopriva V.,2,2,ou,22.00,over,ft,2.515,6
bHM9Mm0e,Zverev A.,Kopriva V.,2,2,ou,22.00,under,ft,1.467,6
bHM9Mm0e,Zverev A.,Kopriva V.,2,2,ou,22.50,over,ft,2.838,6
bHM9Mm0e,Zverev A.,Kopriva V.,2,2,ou,22.50,under,ft,1.365,6
bHM9Mm0e,Zverev A.,Kopriva V.,2,2,ou,23.00,over,ft,3.15,4
bHM9Mm0e,Zverev A.,Kopriva V.,2,2,ou,23.00,under,ft,1.282,4
bHM9Mm0e,Zverev A.,Kopriva V.,2,2,ou,23.50,over,ft,3.45,1
bHM9Mm0e,Zverev A.,Kopriva V.,2,2,ou,23.50,under,ft,1.25,1
bHM9Mm0e,Zverev A.,Kopriva V.,2,2,ou,24.00,over,ft,3.41,1
bHM9Mm0e,Zverev A.,Kopriva V.,2,2,ou,24.00,under,ft,1.26,1
bHM9Mm0e,Zverev A.,Kopriva V.,2,2,ou,24.50,over,ft,3.55,2
bHM9Mm0e,Zverev A.,Kopriva V.,2,2,ou,24.50,under,ft,1.26,2
bHM9Mm0e,Zverev A.,Kopriva V.,2,2,ou,25.50,over,ft,3.72,1
bHM9Mm0e,Zverev A.,Kopriva V.,2,2,ou,25.50,under,ft,1.22,1
bHM9Mm0e,Zverev A.,Kopriva V.,2,2,ou,26.50,over,ft,4.18,1
bHM9Mm0e,Zverev A.,Kopriva V.,2,2,ou,26.50,under,ft,1.18,1
bHM9Mm0e,Zverev A.,Kopriva V.,2,2,ou,27.50,over,ft,4.46,1
bHM9Mm0e,Zverev A.,Kopriva V.,2,2,ou,27.50,under,ft,1.16,1
bHM9Mm0e,Zverev A.,Kopriva V.,2,2,ou,28.50,over,ft,4.87,1
bHM9Mm0e,Zverev A.,Kopriva V.,2,2,ou,28.50,under,ft,1.13,1
bHM9Mm0e,Zverev A.,Kopriva V.,2,2,ou,29.50,over,ft,5.48,1
bHM9Mm0e,Zverev A.,Kopriva V.,2,2,ou,29.50,under,ft,1.11,1
bHM9Mm0e,Zverev A.,Kopriva V.,2,2,ou,30.50,over,ft,6.14,1
bHM9Mm0e,Zverev A.,Kopriva V.,2,2,ou,30.50,under,ft,1.08,1
bHM9Mm0e,Zverev A.,Kopriva V.,2,2,hc,1.50,away,ft,12.21,5
bHM9Mm0e,Zverev A.,Kopriva V.,2,2,hc,-1.50,home,ft,1.259,9
bHM9Mm0e,Zverev A.,Kopriva V.,2,2,hc,-1.50,away,ft,3.578,9
bHM9Mm0e,Zverev A.,Kopriva V.,2,2,hc,-1.50,home,ft,1.06,1
bHM9Mm0e,Zverev A.,Kopriva V.,2,2,hc,-1.50,away,ft,8.85,1
bHM9Mm0e,Zverev A.,Kopriva V.,2,2,hc,-2.50,home,ft,1.177,4
bHM9Mm0e,Zverev A.,Kopriva V.,2,2,hc,-2.50,away,ft,4.265,4
bHM9Mm0e,Zverev A.,Kopriva V.,2,2,hc,-3.00,home,ft,1.13,3
bHM9Mm0e,Zverev A.,Kopriva V.,2,2,hc,-3.00,away,ft,5.25,3
bHM9Mm0e,Zverev A.,Kopriva V.,2,2,hc,-3.50,home,ft,1.266,7
bHM9Mm0e,Zverev A.,Kopriva V.,2,2,hc,-3.50,away,ft,3.591,7
bHM9Mm0e,Zverev A.,Kopriva V.,2,2,hc,-4.00,home,ft,1.328,6
bHM9Mm0e,Zverev A.,Kopriva V.,2,2,hc,-4.00,away,ft,3.183,6
bHM9Mm0e,Zverev A.,Kopriva V.,2,2,hc,-4.50,home,ft,1.566,9
bHM9Mm0e,Zverev A.,Kopriva V.,2,2,hc,-4.50,away,ft,2.327,9
bHM9Mm0e,Zverev A.,Kopriva V.,2,2,hc,-5.00,home,ft,1.812,6
bHM9Mm0e,Zverev A.,Kopriva V.,2,2,hc,-5.00,away,ft,1.952,6
bHM9Mm0e,Zverev A.,Kopriva V.,2,2,hc,-5.50,home,ft,2.176,8
bHM9Mm0e,Zverev A.,Kopriva V.,2,2,hc,-5.50,away,ft,1.66,8
bHM9Mm0e,Zverev A.,Kopriva V.,2,2,hc,-6.00,home,ft,2.842,6
bHM9Mm0e,Zverev A.,Kopriva V.,2,2,hc,-6.00,away,ft,1.4,6
bHM9Mm0e,Zverev A.,Kopriva V.,2,2,hc,-6.50,home,ft,3.164,8
bHM9Mm0e,Zverev A.,Kopriva V.,2,2,hc,-6.50,away,ft,1.319,8
bHM9Mm0e,Zverev A.,Kopriva V.,2,2,hc,-7.00,home,ft,5.25,3
bHM9Mm0e,Zverev A.,Kopriva V.,2,2,hc,-7.00,away,ft,1.13,3
bHM9Mm0e,Zverev A.,Kopriva V.,2,2,hc,-7.50,home,ft,5.98,5
bHM9Mm0e,Zverev A.,Kopriva V.,2,2,hc,-7.50,away,ft,1.102,5
bHM9Mm0e,Zverev A.,Kopriva V.,2,2,hc,-8.00,home,ft,10.2,3
bHM9Mm0e,Zverev A.,Kopriva V.,2,2,hc,-8.00,away,ft,1.02,3
82Are86K,Rublev A.,Hurkacz H.,0,0,hc,1.50,home,ft,1.329,9
82Are86K,Rublev A.,Hurkacz H.,0,0,hc,1.50,away,ft,3.15,9
82Are86K,Rublev A.,Hurkacz H.,0,0,hc,-1.50,home,ft,3.164,9
82Are86K,Rublev A.,Hurkacz H.,0,0,hc,-1.50,away,ft,1.329,9
82Are86K,Rublev A.,Hurkacz H.,0,0,hc,0,home,ft,1.923,6
82Are86K,Rublev A.,Hurkacz H.,0,0,hc,0,away,ft,1.885,6
82Are86K,Rublev A.,Hurkacz H.,0,0,hc,0.50,home,ft,1.857,9
82Are86K,Rublev A.,Hurkacz H.,0,0,hc,0.50,away,ft,1.911,9
82Are86K,Rublev A.,Hurkacz H.,0,0,hc,-0.50,home,ft,1.973,9
82Are86K,Rublev A.,Hurkacz H.,0,0,hc,-0.50,away,ft,1.778,9
82Are86K,Rublev A.,Hurkacz H.,0,0,hc,1.00,home,ft,1.702,6
82Are86K,Rublev A.,Hurkacz H.,0,0,hc,1.00,away,ft,2.088,6
82Are86K,Rublev A.,Hurkacz H.,0,0,hc,-1.00,home,ft,2.113,6
82Are86K,Rublev A.,Hurkacz H.,0,0,hc,-1.00,away,ft,1.678,6
82Are86K,Rublev A.,Hurkacz H.,0,0,hc,1.50,home,ft,1.639,8
82Are86K,Rublev A.,Hurkacz H.,0,0,hc,1.50,away,ft,2.184,8
82Are86K,Rublev A.,Hurkacz H.,0,0,hc,-1.50,home,ft,2.162,6
82Are86K,Rublev A.,Hurkacz H.,0,0,hc,-1.50,away,ft,1.633,6
82Are86K,Rublev A.,Hurkacz H.,0,0,hc,2.00,home,ft,1.46,3
82Are86K,Rublev A.,Hurkacz H.,0,0,hc,2.00,away,ft,2.56,3
82Are86K,Rublev A.,Hurkacz H.,0,0,hc,-2.00,home,ft,2.62,3
82Are86K,Rublev A.,Hurkacz H.,0,0,hc,-2.00,away,ft,1.44,3
82Are86K,Rublev A.,Hurkacz H.,0,0,hc,2.50,home,ft,1.408,5
82Are86K,Rublev A.,Hurkacz H.,0,0,hc,2.50,away,ft,2.742,5
82Are86K,Rublev A.,Hurkacz H.,0,0,hc,-2.50,home,ft,2.752,6
82Are86K,Rublev A.,Hurkacz H.,0,0,hc,-2.50,away,ft,1.395,6
82Are86K,Rublev A.,Hurkacz H.,0,0,hc,3.00,home,ft,1.23,3
82Are86K,Rublev A.,Hurkacz H.,0,0,hc,3.00,away,ft,3.8,3
82Are86K,Rublev A.,Hurkacz H.,0,0,hc,-3.00,home,ft,3.98,3
82Are86K,Rublev A.,Hurkacz H.,0,0,hc,-3.00,away,ft,1.19,3
82Are86K,Rublev A.,Hurkacz H.,0,0,hc,-3.50,home,ft,3.21,3
82Are86K,Rublev A.,Hurkacz H.,0,0,hc,-3.50,away,ft,1.28,3
82Are86K,Rublev A.,Hurkacz H.,0,0,hc,-4.00,home,ft,4.73,3
82Are86K,Rublev A.,Hurkacz H.,0,0,hc,-4.00,away,ft,1.13,3
W2QAt9iR,Fonseca J.,Hanfmann Y.,0,0,ou,2.50,over,ft,2.348,5
W2QAt9iR,Fonseca J.,Hanfmann Y.,0,0,ou,2.50,under,ft,1.56,5
W2QAt9iR,Fonseca J.,Hanfmann Y.,0,0,ou,16.50,under,ft,27.3,1
W2QAt9iR,Fonseca J.,Hanfmann Y.,0,0,ou,17.50,under,ft,11.25,1
W2QAt9iR,Fonseca J.,Hanfmann Y.,0,0,ou,18.50,over,ft,1.08,1
W2QAt9iR,Fonseca J.,Hanfmann Y.,0,0,ou,18.50,under,ft,6.04,1
W2QAt9iR,Fonseca J.,Hanfmann Y.,0,0,ou,19.50,over,ft,1.18,1
W2QAt9iR,Fonseca J.,Hanfmann Y.,0,0,ou,19.50,under,ft,4.19,1
W2QAt9iR,Fonseca J.,Hanfmann Y.,0,0,ou,20.00,over,ft,1.24,3
W2QAt9iR,Fonseca J.,Hanfmann Y.,0,0,ou,20.00,under,ft,3.42,3
W2QAt9iR,Fonseca J.,Hanfmann Y.,0,0,ou,20.50,over,ft,1.325,4
W2QAt9iR,Fonseca J.,Hanfmann Y.,0,0,ou,20.50,under,ft,2.975,4
W2QAt9iR,Fonseca J.,Hanfmann Y.,0,0,ou,21.00,over,ft,1.252,4
W2QAt9iR,Fonseca J.,Hanfmann Y.,0,0,ou,21.00,under,ft,3.348,4
W2QAt9iR,Fonseca J.,Hanfmann Y.,0,0,ou,21.50,over,ft,1.37,6
W2QAt9iR,Fonseca J.,Hanfmann Y.,0,0,ou,21.50,under,ft,2.833,6
W2QAt9iR,Fonseca J.,Hanfmann Y.,0,0,ou,22.00,over,ft,1.419,7
W2QAt9iR,Fonseca J.,Hanfmann Y.,0,0,ou,22.00,under,ft,2.654,7
W2QAt9iR,Fonseca J.,Hanfmann Y.,0,0,ou,22.50,over,ft,1.602,10
W2QAt9iR,Fonseca J.,Hanfmann Y.,0,0,ou,22.50,under,ft,2.23,10
W2QAt9iR,Fonseca J.,Hanfmann Y.,0,0,ou,23.00,over,ft,1.704,7
W2QAt9iR,Fonseca J.,Hanfmann Y.,0,0,ou,23.00,under,ft,2.073,7
W2QAt9iR,Fonseca J.,Hanfmann Y.,0,0,ou,23.50,over,ft,1.906,10
W2QAt9iR,Fonseca J.,Hanfmann Y.,0,0,ou,23.50,under,ft,1.866,10
W2QAt9iR,Fonseca J.,Hanfmann Y.,0,0,ou,24.00,over,ft,1.889,7
W2QAt9iR,Fonseca J.,Hanfmann Y.,0,0,ou,24.00,under,ft,1.86,7
W2QAt9iR,Fonseca J.,Hanfmann Y.,0,0,ou,24.50,over,ft,1.925,10
W2QAt9iR,Fonseca J.,Hanfmann Y.,0,0,ou,24.50,under,ft,1.805,10
W2QAt9iR,Fonseca J.,Hanfmann Y.,0,0,ou,25.00,over,ft,1.953,7
W2QAt9iR,Fonseca J.,Hanfmann Y.,0,0,ou,25.00,under,ft,1.78,7
W2QAt9iR,Fonseca J.,Hanfmann Y.,0,0,ou,25.50,over,ft,2.026,5
W2QAt9iR,Fonseca J.,Hanfmann Y.,0,0,ou,25.50,under,ft,1.684,5
W2QAt9iR,Fonseca J.,Hanfmann Y.,0,0,ou,26.00,over,ft,2.185,4
W2QAt9iR,Fonseca J.,Hanfmann Y.,0,0,ou,26.00,under,ft,1.562,4
W2QAt9iR,Fonseca J.,Hanfmann Y.,0,0,ou,26.50,over,ft,2.365,2
W2QAt9iR,Fonseca J.,Hanfmann Y.,0,0,ou,26.50,under,ft,1.515,2
W2QAt9iR,Fonseca J.,Hanfmann Y.,0,0,ou,27.00,over,ft,2.36,4
W2QAt9iR,Fonseca J.,Hanfmann Y.,0,0,ou,27.00,under,ft,1.495,4
W2QAt9iR,Fonseca J.,Hanfmann Y.,0,0,ou,27.50,over,ft,2.388,4
W2QAt9iR,Fonseca J.,Hanfmann Y.,0,0,ou,27.50,under,ft,1.478,4
W2QAt9iR,Fonseca J.,Hanfmann Y.,0,0,ou,28.50,over,ft,2.64,1
W2QAt9iR,Fonseca J.,Hanfmann Y.,0,0,ou,28.50,under,ft,1.41,1
W2QAt9iR,Fonseca J.,Hanfmann Y.,0,0,ou,29.50,over,ft,2.84,1
W2QAt9iR,Fonseca J.,Hanfmann Y.,0,0,ou,29.50,under,ft,1.36,1
W2QAt9iR,Fonseca J.,Hanfmann Y.,0,0,ou,30.50,over,ft,3.11,1
W2QAt9iR,Fonseca J.,Hanfmann Y.,0,0,ou,30.50,under,ft,1.31,1
W2QAt9iR,Fonseca J.,Hanfmann Y.,0,0,ou,31.50,over,ft,3.67,1
W2QAt9iR,Fonseca J.,Hanfmann Y.,0,0,ou,31.50,under,ft,1.23,1
W2QAt9iR,Fonseca J.,Hanfmann Y.,0,0,ou,32.50,over,ft,4.47,1
W2QAt9iR,Fonseca J.,Hanfmann Y.,0,0,ou,32.50,under,ft,1.16,1
W2QAt9iR,Fonseca J.,Hanfmann Y.,0,0,ou,33.50,over,ft,5.22,1
W2QAt9iR,Fonseca J.,Hanfmann Y.,0,0,ou,33.50,under,ft,1.12,1
W2QAt9iR,Fonseca J.,Hanfmann Y.,0,0,ou,34.50,over,ft,5.88,1
W2QAt9iR,Fonseca J.,Hanfmann Y.,0,0,ou,34.50,under,ft,1.08,1
W2QAt9iR,Fonseca J.,Hanfmann Y.,0,0,hc,1.50,home,ft,1.134,7
W2QAt9iR,Fonseca J.,Hanfmann Y.,0,0,hc,1.50,away,ft,5.479,7
W2QAt9iR,Fonseca J.,Hanfmann Y.,0,0,hc,-1.50,home,ft,2.066,9
W2QAt9iR,Fonseca J.,Hanfmann Y.,0,0,hc,-1.50,away,ft,1.708,9
W2QAt9iR,Fonseca J.,Hanfmann Y.,0,0,hc,0,home,ft,1.33,3
W2QAt9iR,Fonseca J.,Hanfmann Y.,0,0,hc,0,away,ft,3.08,3
W2QAt9iR,Fonseca J.,Hanfmann Y.,0,0,hc,0.50,home,ft,1.48,3
W2QAt9iR,Fonseca J.,Hanfmann Y.,0,0,hc,0.50,away,ft,2.5,3
W2QAt9iR,Fonseca J.,Hanfmann Y.,0,0,hc,-0.50,home,ft,1.395,4
W2QAt9iR,Fonseca J.,Hanfmann Y.,0,0,hc,-0.50,away,ft,2.792,4
W2QAt9iR,Fonseca J.,Hanfmann Y.,0,0,hc,1.00,home,ft,1.42,3
W2QAt9iR,Fonseca J.,Hanfmann Y.,0,0,hc,1.00,away,ft,2.69,3
W2QAt9iR,Fonseca J.,Hanfmann Y.,0,0,hc,-1.00,home,ft,1.43,3
W2QAt9iR,Fonseca J.,Hanfmann Y.,0,0,hc,-1.00,away,ft,2.66,3
W2QAt9iR,Fonseca J.,Hanfmann Y.,0,0,hc,-1.50,home,ft,1.503,9
W2QAt9iR,Fonseca J.,Hanfmann Y.,0,0,hc,-1.50,away,ft,2.477,9
W2QAt9iR,Fonseca J.,Hanfmann Y.,0,0,hc,-2.00,home,ft,1.612,6
W2QAt9iR,Fonseca J.,Hanfmann Y.,0,0,hc,-2.00,away,ft,2.245,6
W2QAt9iR,Fonseca J.,Hanfmann Y.,0,0,hc,-2.50,home,ft,1.769,8
W2QAt9iR,Fonseca J.,Hanfmann Y.,0,0,hc,-2.50,away,ft,2.027,8
W2QAt9iR,Fonseca J.,Hanfmann Y.,0,0,hc,-3.00,home,ft,2.083,6
W2QAt9iR,Fonseca J.,Hanfmann Y.,0,0,hc,-3.00,away,ft,1.707,6
W2QAt9iR,Fonseca J.,Hanfmann Y.,0,0,hc,-3.50,home,ft,2.348,9
W2QAt9iR,Fonseca J.,Hanfmann Y.,0,0,hc,-3.50,away,ft,1.553,9
W2QAt9iR,Fonseca J.,Hanfmann Y.,0,0,hc,-4.00,home,ft,3.252,5
W2QAt9iR,Fonseca J.,Hanfmann Y.,0,0,hc,-4.00,away,ft,1.314,5
W2QAt9iR,Fonseca J.,Hanfmann Y.,0,0,hc,-4.50,home,ft,3.75,4
W2QAt9iR,Fonseca J.,Hanfmann Y.,0,0,hc,-4.50,away,ft,1.235,4
W2QAt9iR,Fonseca J.,Hanfmann Y.,0,0,hc,-5.00,home,ft,6.25,3
W2QAt9iR,Fonseca J.,Hanfmann Y.,0,0,hc,-5.00,away,ft,1.09,3
fLXVTV7L,Griekspoor T.,Shimabukuro S.,1,1,ou,2.50,over,ft,2.23,5
fLXVTV7L,Griekspoor T.,Shimabukuro S.,1,1,ou,2.50,under,ft,1.622,5
fLXVTV7L,Griekspoor T.,Shimabukuro S.,1,1,ou,16.50,under,ft,28.08,1
fLXVTV7L,Griekspoor T.,Shimabukuro S.,1,1,ou,17.50,under,ft,11.67,1
fLXVTV7L,Griekspoor T.,Shimabukuro S.,1,1,ou,18.50,over,ft,1.04,1
fLXVTV7L,Griekspoor T.,Shimabukuro S.,1,1,ou,18.50,under,ft,7.86,1
fLXVTV7L,Griekspoor T.,Shimabukuro S.,1,1,ou,19.50,over,ft,1.17,1
fLXVTV7L,Griekspoor T.,Shimabukuro S.,1,1,ou,19.50,under,ft,4.25,1
fLXVTV7L,Griekspoor T.,Shimabukuro S.,1,1,ou,20.00,over,ft,1.25,3
fLXVTV7L,Griekspoor T.,Shimabukuro S.,1,1,ou,20.00,under,ft,3.34,3
fLXVTV7L,Griekspoor T.,Shimabukuro S.,1,1,ou,20.50,over,ft,1.308,5
fLXVTV7L,Griekspoor T.,Shimabukuro S.,1,1,ou,20.50,under,ft,3.184,5
fLXVTV7L,Griekspoor T.,Shimabukuro S.,1,1,ou,21.00,over,ft,1.24,4
fLXVTV7L,Griekspoor T.,Shimabukuro S.,1,1,ou,21.00,under,ft,3.452,4
fLXVTV7L,Griekspoor T.,Shimabukuro S.,1,1,ou,21.50,over,ft,1.33,5
fLXVTV7L,Griekspoor T.,Shimabukuro S.,1,1,ou,21.50,under,ft,2.968,5
fLXVTV7L,Griekspoor T.,Shimabukuro S.,1,1,ou,22.00,over,ft,1.333,4
fLXVTV7L,Griekspoor T.,Shimabukuro S.,1,1,ou,22.00,under,ft,2.882,4
fLXVTV7L,Griekspoor T.,Shimabukuro S.,1,1,ou,22.50,over,ft,1.55,8
fLXVTV7L,Griekspoor T.,Shimabukuro S.,1,1,ou,22.50,under,ft,2.296,8
fLXVTV7L,Griekspoor T.,Shimabukuro S.,1,1,ou,23.00,over,ft,1.626,5
fLXVTV7L,Griekspoor T.,Shimabukuro S.,1,1,ou,23.00,under,ft,2.138,5
fLXVTV7L,Griekspoor T.,Shimabukuro S.,1,1,ou,23.50,over,ft,1.791,9
fLXVTV7L,Griekspoor T.,Shimabukuro S.,1,1,ou,23.50,under,ft,1.931,9
fLXVTV7L,Griekspoor T.,Shimabukuro S.,1,1,ou,24.00,over,ft,1.814,7
fLXVTV7L,Griekspoor T.,Shimabukuro S.,1,1,ou,24.00,under,ft,1.924,7
fLXVTV7L,Griekspoor T.,Shimabukuro S.,1,1,ou,24.50,over,ft,1.85,10
fLXVTV7L,Griekspoor T.,Shimabukuro S.,1,1,ou,24.50,under,ft,1.92,10
fLXVTV7L,Griekspoor T.,Shimabukuro S.,1,1,ou,25.00,over,ft,1.889,7
fLXVTV7L,Griekspoor T.,Shimabukuro S.,1,1,ou,25.00,under,ft,1.853,7
fLXVTV7L,Griekspoor T.,Shimabukuro S.,1,1,ou,25.50,over,ft,1.956,10
fLXVTV7L,Griekspoor T.,Shimabukuro S.,1,1,ou,25.50,under,ft,1.78,10
fLXVTV7L,Griekspoor T.,Shimabukuro S.,1,1,ou,26.00,over,ft,2.125,4
fLXVTV7L,Griekspoor T.,Shimabukuro S.,1,1,ou,26.00,under,ft,1.623,4
fLXVTV7L,Griekspoor T.,Shimabukuro S.,1,1,ou,26.50,over,ft,2.272,5
fLXVTV7L,Griekspoor T.,Shimabukuro S.,1,1,ou,26.50,under,ft,1.588,5
fLXVTV7L,Griekspoor T.,Shimabukuro S.,1,1,ou,27.00,over,ft,2.322,4
fLXVTV7L,Griekspoor T.,Shimabukuro S.,1,1,ou,27.00,under,ft,1.512,4
fLXVTV7L,Griekspoor T.,Shimabukuro S.,1,1,ou,27.50,over,ft,2.348,5
fLXVTV7L,Griekspoor T.,Shimabukuro S.,1,1,ou,27.50,under,ft,1.504,5
fLXVTV7L,Griekspoor T.,Shimabukuro S.,1,1,ou,28.00,over,ft,2.43,1
fLXVTV7L,Griekspoor T.,Shimabukuro S.,1,1,ou,28.00,under,ft,1.48,1
fLXVTV7L,Griekspoor T.,Shimabukuro S.,1,1,ou,28.50,over,ft,2.525,2
fLXVTV7L,Griekspoor T.,Shimabukuro S.,1,1,ou,28.50,under,ft,1.47,2
fLXVTV7L,Griekspoor T.,Shimabukuro S.,1,1,ou,29.50,over,ft,2.69,1
fLXVTV7L,Griekspoor T.,Shimabukuro S.,1,1,ou,29.50,under,ft,1.4,1
fLXVTV7L,Griekspoor T.,Shimabukuro S.,1,1,ou,30.50,over,ft,2.98,1
fLXVTV7L,Griekspoor T.,Shimabukuro S.,1,1,ou,30.50,under,ft,1.33,1
fLXVTV7L,Griekspoor T.,Shimabukuro S.,1,1,ou,31.50,over,ft,3.47,1
fLXVTV7L,Griekspoor T.,Shimabukuro S.,1,1,ou,31.50,under,ft,1.25,1
fLXVTV7L,Griekspoor T.,Shimabukuro S.,1,1,ou,32.50,over,ft,4.31,1
fLXVTV7L,Griekspoor T.,Shimabukuro S.,1,1,ou,32.50,under,ft,1.17,1
fLXVTV7L,Griekspoor T.,Shimabukuro S.,1,1,ou,33.50,over,ft,5.11,1
fLXVTV7L,Griekspoor T.,Shimabukuro S.,1,1,ou,33.50,under,ft,1.12,1
fLXVTV7L,Griekspoor T.,Shimabukuro S.,1,1,hc,1.50,home,ft,1.246,7
fLXVTV7L,Griekspoor T.,Shimabukuro S.,1,1,hc,1.50,away,ft,3.793,7
fLXVTV7L,Griekspoor T.,Shimabukuro S.,1,1,hc,-1.50,home,ft,2.596,9
fLXVTV7L,Griekspoor T.,Shimabukuro S.,1,1,hc,-1.50,away,ft,1.462,9
fLXVTV7L,Griekspoor T.,Shimabukuro S.,1,1,hc,0,home,ft,1.633,6
fLXVTV7L,Griekspoor T.,Shimabukuro S.,1,1,hc,0,away,ft,2.158,6
fLXVTV7L,Griekspoor T.,Shimabukuro S.,1,1,hc,0.50,home,ft,1.55,4
fLXVTV7L,Griekspoor T.,Shimabukuro S.,1,1,hc,0.50,away,ft,2.26,4
fLXVTV7L,Griekspoor T.,Shimabukuro S.,1,1,hc,-0.50,home,ft,1.673,9
fLXVTV7L,Griekspoor T.,Shimabukuro S.,1,1,hc,-0.50,away,ft,2.094,9
fLXVTV7L,Griekspoor T.,Shimabukuro S.,1,1,hc,1.00,home,ft,1.48,3
fLXVTV7L,Griekspoor T.,Shimabukuro S.,1,1,hc,1.00,away,ft,2.41,3
fLXVTV7L,Griekspoor T.,Shimabukuro S.,1,1,hc,-1.00,home,ft,1.737,6
fLXVTV7L,Griekspoor T.,Shimabukuro S.,1,1,hc,-1.00,away,ft,2.005,6
fLXVTV7L,Griekspoor T.,Shimabukuro S.,1,1,hc,1.50,home,ft,1.452,5
fLXVTV7L,Griekspoor T.,Shimabukuro S.,1,1,hc,1.50,away,ft,2.534,5
fLXVTV7L,Griekspoor T.,Shimabukuro S.,1,1,hc,-1.50,home,ft,1.867,8
fLXVTV7L,Griekspoor T.,Shimabukuro S.,1,1,hc,-1.50,away,ft,1.91,8
fLXVTV7L,Griekspoor T.,Shimabukuro S.,1,1,hc,2.00,home,ft,1.38,3
fLXVTV7L,Griekspoor T.,Shimabukuro S.,1,1,hc,2.00,away,ft,2.7,3
fLXVTV7L,Griekspoor T.,Shimabukuro S.,1,1,hc,-2.00,home,ft,2.007,6
fLXVTV7L,Griekspoor T.,Shimabukuro S.,1,1,hc,-2.00,away,ft,1.737,6
fLXVTV7L,Griekspoor T.,Shimabukuro S.,1,1,hc,-2.50,home,ft,2.201,9
fLXVTV7L,Griekspoor T.,Shimabukuro S.,1,1,hc,-2.50,away,ft,1.614,9
fLXVTV7L,Griekspoor T.,Shimabukuro S.,1,1,hc,-3.00,home,ft,2.73,3
fLXVTV7L,Griekspoor T.,Shimabukuro S.,1,1,hc,-3.00,away,ft,1.38,3
fLXVTV7L,Griekspoor T.,Shimabukuro S.,1,1,hc,3.50,home,ft,1.16,1
fLXVTV7L,Griekspoor T.,Shimabukuro S.,1,1,hc,3.50,away,ft,4.95,1
fLXVTV7L,Griekspoor T.,Shimabukuro S.,1,1,hc,-3.50,home,ft,3.062,5
fLXVTV7L,Griekspoor T.,Shimabukuro S.,1,1,hc,-3.50,away,ft,1.32,5
fLXVTV7L,Griekspoor T.,Shimabukuro S.,1,1,hc,-4.00,home,ft,4.63,3
fLXVTV7L,Griekspoor T.,Shimabukuro S.,1,1,hc,-4.00,away,ft,1.14,3
fLXVTV7L,Griekspoor T.,Shimabukuro S.,1,1,hc,-5.50,home,ft,9.9,1
fLXVTV7L,Griekspoor T.,Shimabukuro S.,1,1,hc,-5.50,away,ft,1.04,1
EcSaSGa5,Bellucci M.,Bublik A.,2,2,ou,2.50,over,ft,2.48,5
EcSaSGa5,Bellucci M.,Bublik A.,2,2,ou,2.50,under,ft,1.512,5
EcSaSGa5,Bellucci M.,Bublik A.,2,2,ou,16.50,under,ft,18.53,1
EcSaSGa5,Bellucci M.,Bublik A.,2,2,ou,17.50,over,ft,1.03,1
EcSaSGa5,Bellucci M.,Bublik A.,2,2,ou,17.50,under,ft,8.91,1
EcSaSGa5,Bellucci M.,Bublik A.,2,2,ou,18.50,over,ft,1.16,4
EcSaSGa5,Bellucci M.,Bublik A.,2,2,ou,18.50,under,ft,4.42,4
EcSaSGa5,Bellucci M.,Bublik A.,2,2,ou,19.50,over,ft,1.292,4
EcSaSGa5,Bellucci M.,Bublik A.,2,2,ou,19.50,under,ft,3.172,4
EcSaSGa5,Bellucci M.,Bublik A.,2,2,ou,20.00,over,ft,1.192,4
EcSaSGa5,Bellucci M.,Bublik A.,2,2,ou,20.00,under,ft,3.835,4
EcSaSGa5,Bellucci M.,Bublik A.,2,2,ou,20.50,over,ft,1.325,6
EcSaSGa5,Bellucci M.,Bublik A.,2,2,ou,20.50,under,ft,3.028,6
EcSaSGa5,Bellucci M.,Bublik A.,2,2,ou,21.00,over,ft,1.325,4
EcSaSGa5,Bellucci M.,Bublik A.,2,2,ou,21.00,under,ft,2.92,4
EcSaSGa5,Bellucci M.,Bublik A.,2,2,ou,21.50,over,ft,1.447,7
EcSaSGa5,Bellucci M.,Bublik A.,2,2,ou,21.50,under,ft,2.551,7
EcSaSGa5,Bellucci M.,Bublik A.,2,2,ou,22.00,over,ft,1.53,7
EcSaSGa5,Bellucci M.,Bublik A.,2,2,ou,22.00,under,ft,2.38,7
EcSaSGa5,Bellucci M.,Bublik A.,2,2,ou,22.50,over,ft,1.727,10
EcSaSGa5,Bellucci M.,Bublik A.,2,2,ou,22.50,under,ft,2.047,10
EcSaSGa5,Bellucci M.,Bublik A.,2,2,ou,23.00,over,ft,1.87,7
EcSaSGa5,Bellucci M.,Bublik A.,2,2,ou,23.00,under,ft,1.877,7
EcSaSGa5,Bellucci M.,Bublik A.,2,2,ou,23.50,over,ft,2.017,10
EcSaSGa5,Bellucci M.,Bublik A.,2,2,ou,23.50,under,ft,1.754,10
EcSaSGa5,Bellucci M.,Bublik A.,2,2,ou,24.00,over,ft,2.064,7
EcSaSGa5,Bellucci M.,Bublik A.,2,2,ou,24.00,under,ft,1.714,7
EcSaSGa5,Bellucci M.,Bublik A.,2,2,ou,24.50,over,ft,2.052,8
EcSaSGa5,Bellucci M.,Bublik A.,2,2,ou,24.50,under,ft,1.694,8
EcSaSGa5,Bellucci M.,Bublik A.,2,2,ou,25.00,over,ft,2.14,4
EcSaSGa5,Bellucci M.,Bublik A.,2,2,ou,25.00,under,ft,1.62,4
EcSaSGa5,Bellucci M.,Bublik A.,2,2,ou,25.50,over,ft,2.188,5
EcSaSGa5,Bellucci M.,Bublik A.,2,2,ou,25.50,under,ft,1.584,5
EcSaSGa5,Bellucci M.,Bublik A.,2,2,ou,26.00,over,ft,2.41,4
EcSaSGa5,Bellucci M.,Bublik A.,2,2,ou,26.00,under,ft,1.465,4
EcSaSGa5,Bellucci M.,Bublik A.,2,2,ou,26.50,over,ft,2.545,6
EcSaSGa5,Bellucci M.,Bublik A.,2,2,ou,26.50,under,ft,1.445,6
EcSaSGa5,Bellucci M.,Bublik A.,2,2,ou,27.00,over,ft,2.52,1
EcSaSGa5,Bellucci M.,Bublik A.,2,2,ou,27.00,under,ft,1.45,1
EcSaSGa5,Bellucci M.,Bublik A.,2,2,ou,27.50,over,ft,2.59,1
EcSaSGa5,Bellucci M.,Bublik A.,2,2,ou,27.50,under,ft,1.43,1
EcSaSGa5,Bellucci M.,Bublik A.,2,2,ou,28.50,over,ft,2.865,2
EcSaSGa5,Bellucci M.,Bublik A.,2,2,ou,28.50,under,ft,1.375,2
EcSaSGa5,Bellucci M.,Bublik A.,2,2,ou,29.50,over,ft,3.03,1
EcSaSGa5,Bellucci M.,Bublik A.,2,2,ou,29.50,under,ft,1.32,1
EcSaSGa5,Bellucci M.,Bublik A.,2,2,ou,30.50,over,ft,3.33,1
EcSaSGa5,Bellucci M.,Bublik A.,2,2,ou,30.50,under,ft,1.27,1
EcSaSGa5,Bellucci M.,Bublik A.,2,2,ou,31.50,over,ft,3.94,1
EcSaSGa5,Bellucci M.,Bublik A.,2,2,ou,31.50,under,ft,1.2,1
EcSaSGa5,Bellucci M.,Bublik A.,2,2,ou,32.50,over,ft,4.83,1
EcSaSGa5,Bellucci M.,Bublik A.,2,2,ou,32.50,under,ft,1.14,1
EcSaSGa5,Bellucci M.,Bublik A.,2,2,hc,1.50,home,ft,1.808,9
EcSaSGa5,Bellucci M.,Bublik A.,2,2,hc,1.50,away,ft,1.939,9
EcSaSGa5,Bellucci M.,Bublik A.,2,2,hc,-1.50,home,ft,5.684,7
EcSaSGa5,Bellucci M.,Bublik A.,2,2,hc,-1.50,away,ft,1.127,7
EcSaSGa5,Bellucci M.,Bublik A.,2,2,hc,0,home,ft,3.21,3
EcSaSGa5,Bellucci M.,Bublik A.,2,2,hc,0,away,ft,1.28,3
EcSaSGa5,Bellucci M.,Bublik A.,2,2,hc,0.50,home,ft,2.91,4
EcSaSGa5,Bellucci M.,Bublik A.,2,2,hc,0.50,away,ft,1.345,4
EcSaSGa5,Bellucci M.,Bublik A.,2,2,hc,1.00,home,ft,2.85,3
EcSaSGa5,Bellucci M.,Bublik A.,2,2,hc,1.00,away,ft,1.35,3
EcSaSGa5,Bellucci M.,Bublik A.,2,2,hc,1.50,home,ft,2.549,7
EcSaSGa5,Bellucci M.,Bublik A.,2,2,hc,1.50,away,ft,1.456,7
EcSaSGa5,Bellucci M.,Bublik A.,2,2,hc,-1.50,home,ft,4.0,1
EcSaSGa5,Bellucci M.,Bublik A.,2,2,hc,-1.50,away,ft,1.22,1
EcSaSGa5,Bellucci M.,Bublik A.,2,2,hc,2.00,home,ft,2.478,6
EcSaSGa5,Bellucci M.,Bublik A.,2,2,hc,2.00,away,ft,1.493,6
EcSaSGa5,Bellucci M.,Bublik A.,2,2,hc,2.50,home,ft,2.242,9
EcSaSGa5,Bellucci M.,Bublik A.,2,2,hc,2.50,away,ft,1.626,9
EcSaSGa5,Bellucci M.,Bublik A.,2,2,hc,3.00,home,ft,1.897,6
EcSaSGa5,Bellucci M.,Bublik A.,2,2,hc,3.00,away,ft,1.835,6
EcSaSGa5,Bellucci M.,Bublik A.,2,2,hc,3.50,home,ft,1.648,9
EcSaSGa5,Bellucci M.,Bublik A.,2,2,hc,3.50,away,ft,2.118,9
EcSaSGa5,Bellucci M.,Bublik A.,2,2,hc,4.00,home,ft,1.443,6
EcSaSGa5,Bellucci M.,Bublik A.,2,2,hc,4.00,away,ft,2.637,6
EcSaSGa5,Bellucci M.,Bublik A.,2,2,hc,4.50,home,ft,1.382,6
EcSaSGa5,Bellucci M.,Bublik A.,2,2,hc,4.50,away,ft,2.938,6
EcSaSGa5,Bellucci M.,Bublik A.,2,2,hc,5.00,home,ft,1.12,3
EcSaSGa5,Bellucci M.,Bublik A.,2,2,hc,5.00,away,ft,5.013,3
EcSaSGa5,Bellucci M.,Bublik A.,2,2,hc,5.50,home,ft,1.136,5
EcSaSGa5,Bellucci M.,Bublik A.,2,2,hc,5.50,away,ft,5.004,5
EcSaSGa5,Bellucci M.,Bublik A.,2,2,hc,6.00,home,ft,1.03,3
EcSaSGa5,Bellucci M.,Bublik A.,2,2,hc,6.00,away,ft,9.3,3
nBQ7QfUH,Popyrin A.,Collignon R.,0,0,ou,2.50,over,ft,2.2,5
nBQ7QfUH,Popyrin A.,Collignon R.,0,0,ou,2.50,under,ft,1.638,5
nBQ7QfUH,Popyrin A.,Collignon R.,0,0,ou,16.50,under,ft,25.93,1
nBQ7QfUH,Popyrin A.,Collignon R.,0,0,ou,17.50,under,ft,11.4,1
nBQ7QfUH,Popyrin A.,Collignon R.,0,0,ou,18.50,over,ft,1.05,1
nBQ7QfUH,Popyrin A.,Collignon R.,0,0,ou,18.50,under,ft,7.59,1
nBQ7QfUH,Popyrin A.,Collignon R.,0,0,ou,19.50,over,ft,1.18,1
nBQ7QfUH,Popyrin A.,Collignon R.,0,0,ou,19.50,under,ft,4.12,1
nBQ7QfUH,Popyrin A.,Collignon R.,0,0,ou,20.50,over,ft,1.26,1
nBQ7QfUH,Popyrin A.,Collignon R.,0,0,ou,20.50,under,ft,3.43,1
nBQ7QfUH,Popyrin A.,Collignon R.,0,0,ou,21.00,over,ft,1.27,4
nBQ7QfUH,Popyrin A.,Collignon R.,0,0,ou,21.00,under,ft,3.225,4
nBQ7QfUH,Popyrin A.,Collignon R.,0,0,ou,21.50,over,ft,1.35,5
nBQ7QfUH,Popyrin A.,Collignon R.,0,0,ou,21.50,under,ft,2.88,5
nBQ7QfUH,Popyrin A.,Collignon R.,0,0,ou,22.00,over,ft,1.387,4
nBQ7QfUH,Popyrin A.,Collignon R.,0,0,ou,22.00,under,ft,2.652,4
nBQ7QfUH,Popyrin A.,Collignon R.,0,0,ou,22.50,over,ft,1.563,6
nBQ7QfUH,Popyrin A.,Collignon R.,0,0,ou,22.50,under,ft,2.243,6
nBQ7QfUH,Popyrin A.,Collignon R.,0,0,ou,23.00,over,ft,1.665,4
nBQ7QfUH,Popyrin A.,Collignon R.,0,0,ou,23.00,under,ft,2.055,4
nBQ7QfUH,Popyrin A.,Collignon R.,0,0,ou,23.50,over,ft,1.823,9
nBQ7QfUH,Popyrin A.,Collignon R.,0,0,ou,23.50,under,ft,1.891,9
nBQ7QfUH,Popyrin A.,Collignon R.,0,0,ou,24.00,over,ft,1.829,7
nBQ7QfUH,Popyrin A.,Collignon R.,0,0,ou,24.00,under,ft,1.914,7
nBQ7QfUH,Popyrin A.,Collignon R.,0,0,ou,24.50,over,ft,1.834,10
nBQ7QfUH,Popyrin A.,Collignon R.,0,0,ou,24.50,under,ft,1.931,10
nBQ7QfUH,Popyrin A.,Collignon R.,0,0,ou,25.00,over,ft,1.911,7
nBQ7QfUH,Popyrin A.,Collignon R.,0,0,ou,25.00,under,ft,1.839,7
nBQ7QfUH,Popyrin A.,Collignon R.,0,0,ou,25.50,over,ft,1.936,10
nBQ7QfUH,Popyrin A.,Collignon R.,0,0,ou,25.50,under,ft,1.836,10
nBQ7QfUH,Popyrin A.,Collignon R.,0,0,ou,26.00,over,ft,2.145,4
nBQ7QfUH,Popyrin A.,Collignon R.,0,0,ou,26.00,under,ft,1.613,4
nBQ7QfUH,Popyrin A.,Collignon R.,0,0,ou,26.50,over,ft,2.283,7
nBQ7QfUH,Popyrin A.,Collignon R.,0,0,ou,26.50,under,ft,1.583,7
nBQ7QfUH,Popyrin A.,Collignon R.,0,0,ou,27.00,over,ft,2.34,4
nBQ7QfUH,Popyrin A.,Collignon R.,0,0,ou,27.00,under,ft,1.505,4
nBQ7QfUH,Popyrin A.,Collignon R.,0,0,ou,27.50,over,ft,2.355,4
nBQ7QfUH,Popyrin A.,Collignon R.,0,0,ou,27.50,under,ft,1.49,4
nBQ7QfUH,Popyrin A.,Collignon R.,0,0,ou,28.00,over,ft,2.42,1
nBQ7QfUH,Popyrin A.,Collignon R.,0,0,ou,28.00,under,ft,1.48,1
nBQ7QfUH,Popyrin A.,Collignon R.,0,0,ou,28.50,over,ft,2.5,1
nBQ7QfUH,Popyrin A.,Collignon R.,0,0,ou,28.50,under,ft,1.46,1
nBQ7QfUH,Popyrin A.,Collignon R.,0,0,ou,29.00,over,ft,2.55,1
nBQ7QfUH,Popyrin A.,Collignon R.,0,0,ou,29.00,under,ft,1.44,1
nBQ7QfUH,Popyrin A.,Collignon R.,0,0,ou,29.50,over,ft,2.73,1
nBQ7QfUH,Popyrin A.,Collignon R.,0,0,ou,29.50,under,ft,1.39,1
nBQ7QfUH,Popyrin A.,Collignon R.,0,0,ou,30.50,over,ft,3.04,1
nBQ7QfUH,Popyrin A.,Collignon R.,0,0,ou,30.50,under,ft,1.32,1
nBQ7QfUH,Popyrin A.,Collignon R.,0,0,ou,31.50,over,ft,3.61,1
nBQ7QfUH,Popyrin A.,Collignon R.,0,0,ou,31.50,under,ft,1.24,1
nBQ7QfUH,Popyrin A.,Collignon R.,0,0,ou,32.50,over,ft,4.53,1
nBQ7QfUH,Popyrin A.,Collignon R.,0,0,ou,32.50,under,ft,1.15,1
nBQ7QfUH,Popyrin A.,Collignon R.,0,0,ou,33.50,over,ft,5.31,1
nBQ7QfUH,Popyrin A.,Collignon R.,0,0,ou,33.50,under,ft,1.11,1
nBQ7QfUH,Popyrin A.,Collignon R.,0,0,hc,1.50,home,ft,1.492,9
nBQ7QfUH,Popyrin A.,Collignon R.,0,0,hc,1.50,away,ft,2.508,9
nBQ7QfUH,Popyrin A.,Collignon R.,0,0,hc,-1.50,home,ft,4.047,7
nBQ7QfUH,Popyrin A.,Collignon R.,0,0,hc,-1.50,away,ft,1.223,7
nBQ7QfUH,Popyrin A.,Collignon R.,0,0,hc,0,home,ft,2.253,6
nBQ7QfUH,Popyrin A.,Collignon R.,0,0,hc,0,away,ft,1.602,6
nBQ7QfUH,Popyrin A.,Collignon R.,0,0,hc,0.50,home,ft,2.216,9
nBQ7QfUH,Popyrin A.,Collignon R.,0,0,hc,0.50,away,ft,1.617,9
nBQ7QfUH,Popyrin A.,Collignon R.,0,0,hc,-0.50,home,ft,2.49,4
nBQ7QfUH,Popyrin A.,Collignon R.,0,0,hc,-0.50,away,ft,1.482,4
nBQ7QfUH,Popyrin A.,Collignon R.,0,0,hc,1.00,home,ft,2.11,6
nBQ7QfUH,Popyrin A.,Collignon R.,0,0,hc,1.00,away,ft,1.688,6
nBQ7QfUH,Popyrin A.,Collignon R.,0,0,hc,-1.00,home,ft,2.69,3
nBQ7QfUH,Popyrin A.,Collignon R.,0,0,hc,-1.00,away,ft,1.42,3
nBQ7QfUH,Popyrin A.,Collignon R.,0,0,hc,1.50,home,ft,1.981,8
nBQ7QfUH,Popyrin A.,Collignon R.,0,0,hc,1.50,away,ft,1.81,8
nBQ7QfUH,Popyrin A.,Collignon R.,0,0,hc,-1.50,home,ft,2.45,3
nBQ7QfUH,Popyrin A.,Collignon R.,0,0,hc,-1.50,away,ft,1.46,3
nBQ7QfUH,Popyrin A.,Collignon R.,0,0,hc,2.00,home,ft,1.827,6
nBQ7QfUH,Popyrin A.,Collignon R.,0,0,hc,2.00,away,ft,1.938,6
nBQ7QfUH,Popyrin A.,Collignon R.,0,0,hc,-2.00,home,ft,2.59,3
nBQ7QfUH,Popyrin A.,Collignon R.,0,0,hc,-2.00,away,ft,1.42,3
nBQ7QfUH,Popyrin A.,Collignon R.,0,0,hc,2.50,home,ft,1.686,9
nBQ7QfUH,Popyrin A.,Collignon R.,0,0,hc,2.50,away,ft,2.099,9
nBQ7QfUH,Popyrin A.,Collignon R.,0,0,hc,3.00,home,ft,1.475,6
nBQ7QfUH,Popyrin A.,Collignon R.,0,0,hc,3.00,away,ft,2.573,6
nBQ7QfUH,Popyrin A.,Collignon R.,0,0,hc,3.50,home,ft,1.418,5
nBQ7QfUH,Popyrin A.,Collignon R.,0,0,hc,3.50,away,ft,2.712,5
nBQ7QfUH,Popyrin A.,Collignon R.,0,0,hc,4.00,home,ft,1.23,3
nBQ7QfUH,Popyrin A.,Collignon R.,0,0,hc,4.00,away,ft,3.8,3
nBQ7QfUH,Popyrin A.,Collignon R.,0,0,hc,4.50,home,ft,1.182,4
nBQ7QfUH,Popyrin A.,Collignon R.,0,0,hc,4.50,away,ft,4.147,4
nBQ7QfUH,Popyrin A.,Collignon R.,0,0,hc,5.00,home,ft,1.06,3
nBQ7QfUH,Popyrin A.,Collignon R.,0,0,hc,5.00,away,ft,6.54,3
6sQHKRU7,Khachanov K.,Quinn E.,1,1,ou,2.50,over,ft,2.346,5
6sQHKRU7,Khachanov K.,Quinn E.,1,1,ou,2.50,under,ft,1.564,5
6sQHKRU7,Khachanov K.,Quinn E.,1,1,ou,16.50,under,ft,20.64,1
6sQHKRU7,Khachanov K.,Quinn E.,1,1,ou,17.50,under,ft,10.53,1
6sQHKRU7,Khachanov K.,Quinn E.,1,1,ou,18.50,over,ft,1.11,1
6sQHKRU7,Khachanov K.,Quinn E.,1,1,ou,18.50,under,ft,5.29,1
6sQHKRU7,Khachanov K.,Quinn E.,1,1,ou,19.50,over,ft,1.18,1
6sQHKRU7,Khachanov K.,Quinn E.,1,1,ou,19.50,under,ft,4.22,1
6sQHKRU7,Khachanov K.,Quinn E.,1,1,ou,20.00,over,ft,1.222,4
6sQHKRU7,Khachanov K.,Quinn E.,1,1,ou,20.00,under,ft,3.635,4
6sQHKRU7,Khachanov K.,Quinn E.,1,1,ou,20.50,over,ft,1.362,5
6sQHKRU7,Khachanov K.,Quinn E.,1,1,ou,20.50,under,ft,2.844,5
6sQHKRU7,Khachanov K.,Quinn E.,1,1,ou,21.00,over,ft,1.328,4
6sQHKRU7,Khachanov K.,Quinn E.,1,1,ou,21.00,under,ft,2.905,4
6sQHKRU7,Khachanov K.,Quinn E.,1,1,ou,21.50,over,ft,1.446,7
6sQHKRU7,Khachanov K.,Quinn E.,1,1,ou,21.50,under,ft,2.561,7
6sQHKRU7,Khachanov K.,Quinn E.,1,1,ou,22.00,over,ft,1.479,7
6sQHKRU7,Khachanov K.,Quinn E.,1,1,ou,22.00,under,ft,2.471,7
6sQHKRU7,Khachanov K.,Quinn E.,1,1,ou,22.50,over,ft,1.646,10
6sQHKRU7,Khachanov K.,Quinn E.,1,1,ou,22.50,under,ft,2.15,10
6sQHKRU7,Khachanov K.,Quinn E.,1,1,ou,23.00,over,ft,1.776,7
6sQHKRU7,Khachanov K.,Quinn E.,1,1,ou,23.00,under,ft,1.979,7
6sQHKRU7,Khachanov K.,Quinn E.,1,1,ou,23.50,over,ft,1.94,10
6sQHKRU7,Khachanov K.,Quinn E.,1,1,ou,23.50,under,ft,1.835,10
6sQHKRU7,Khachanov K.,Quinn E.,1,1,ou,24.00,over,ft,1.966,7
6sQHKRU7,Khachanov K.,Quinn E.,1,1,ou,24.00,under,ft,1.783,7
6sQHKRU7,Khachanov K.,Quinn E.,1,1,ou,24.50,over,ft,1.972,10
6sQHKRU7,Khachanov K.,Quinn E.,1,1,ou,24.50,under,ft,1.763,10
6sQHKRU7,Khachanov K.,Quinn E.,1,1,ou,25.00,over,ft,1.976,7
6sQHKRU7,Khachanov K.,Quinn E.,1,1,ou,25.00,under,ft,1.757,7
6sQHKRU7,Khachanov K.,Quinn E.,1,1,ou,25.50,over,ft,2.039,8
6sQHKRU7,Khachanov K.,Quinn E.,1,1,ou,25.50,under,ft,1.7,8
6sQHKRU7,Khachanov K.,Quinn E.,1,1,ou,26.00,over,ft,2.272,4
6sQHKRU7,Khachanov K.,Quinn E.,1,1,ou,26.00,under,ft,1.522,4
6sQHKRU7,Khachanov K.,Quinn E.,1,1,ou,26.50,over,ft,2.286,5
6sQHKRU7,Khachanov K.,Quinn E.,1,1,ou,26.50,under,ft,1.572,5
6sQHKRU7,Khachanov K.,Quinn E.,1,1,ou,27.00,over,ft,2.44,1
6sQHKRU7,Khachanov K.,Quinn E.,1,1,ou,27.00,under,ft,1.48,1
6sQHKRU7,Khachanov K.,Quinn E.,1,1,ou,27.50,over,ft,2.5,1
6sQHKRU7,Khachanov K.,Quinn E.,1,1,ou,27.50,under,ft,1.46,1
6sQHKRU7,Khachanov K.,Quinn E.,1,1,ou,28.50,over,ft,2.69,1
6sQHKRU7,Khachanov K.,Quinn E.,1,1,ou,28.50,under,ft,1.4,1
6sQHKRU7,Khachanov K.,Quinn E.,1,1,ou,29.50,over,ft,2.92,1
6sQHKRU7,Khachanov K.,Quinn E.,1,1,ou,29.50,under,ft,1.34,1
6sQHKRU7,Khachanov K.,Quinn E.,1,1,ou,30.50,over,ft,3.27,1
6sQHKRU7,Khachanov K.,Quinn E.,1,1,ou,30.50,under,ft,1.28,1
6sQHKRU7,Khachanov K.,Quinn E.,1,1,ou,31.50,over,ft,3.8,1
6sQHKRU7,Khachanov K.,Quinn E.,1,1,ou,31.50,under,ft,1.21,1
6sQHKRU7,Khachanov K.,Quinn E.,1,1,ou,32.50,over,ft,4.79,1
6sQHKRU7,Khachanov K.,Quinn E.,1,1,ou,32.50,under,ft,1.14,1
6sQHKRU7,Khachanov K.,Quinn E.,1,1,hc,1.50,home,ft,1.16,7
6sQHKRU7,Khachanov K.,Quinn E.,1,1,hc,1.50,away,ft,4.927,7
6sQHKRU7,Khachanov K.,Quinn E.,1,1,hc,-1.50,home,ft,2.16,9
6sQHKRU7,Khachanov K.,Quinn E.,1,1,hc,-1.50,away,ft,1.651,9
6sQHKRU7,Khachanov K.,Quinn E.,1,1,hc,0,home,ft,1.373,3
6sQHKRU7,Khachanov K.,Quinn E.,1,1,hc,0,away,ft,2.873,3
6sQHKRU7,Khachanov K.,Quinn E.,1,1,hc,0.50,home,ft,1.37,1
6sQHKRU7,Khachanov K.,Quinn E.,1,1,hc,0.50,away,ft,2.88,1
6sQHKRU7,Khachanov K.,Quinn E.,1,1,hc,-0.50,home,ft,1.432,4
6sQHKRU7,Khachanov K.,Quinn E.,1,1,hc,-0.50,away,ft,2.647,4
6sQHKRU7,Khachanov K.,Quinn E.,1,1,hc,-1.00,home,ft,1.485,4
6sQHKRU7,Khachanov K.,Quinn E.,1,1,hc,-1.00,away,ft,2.492,4
6sQHKRU7,Khachanov K.,Quinn E.,1,1,hc,-1.50,home,ft,1.566,9
6sQHKRU7,Khachanov K.,Quinn E.,1,1,hc,-1.50,away,ft,2.323,9
6sQHKRU7,Khachanov K.,Quinn E.,1,1,hc,-2.00,home,ft,1.68,6
6sQHKRU7,Khachanov K.,Quinn E.,1,1,hc,-2.00,away,ft,2.13,6
6sQHKRU7,Khachanov K.,Quinn E.,1,1,hc,-2.50,home,ft,1.862,9
6sQHKRU7,Khachanov K.,Quinn E.,1,1,hc,-2.50,away,ft,1.913,9
6sQHKRU7,Khachanov K.,Quinn E.,1,1,hc,-3.00,home,ft,2.08,6
6sQHKRU7,Khachanov K.,Quinn E.,1,1,hc,-3.00,away,ft,1.712,6
6sQHKRU7,Khachanov K.,Quinn E.,1,1,hc,-3.50,home,ft,2.321,9
6sQHKRU7,Khachanov K.,Quinn E.,1,1,hc,-3.50,away,ft,1.564,9
6sQHKRU7,Khachanov K.,Quinn E.,1,1,hc,-4.00,home,ft,2.94,3
6sQHKRU7,Khachanov K.,Quinn E.,1,1,hc,-4.00,away,ft,1.36,3
6sQHKRU7,Khachanov K.,Quinn E.,1,1,hc,-4.50,home,ft,3.228,6
6sQHKRU7,Khachanov K.,Quinn E.,1,1,hc,-4.50,away,ft,1.317,6
6sQHKRU7,Khachanov K.,Quinn E.,1,1,hc,-5.00,home,ft,5.117,3
6sQHKRU7,Khachanov K.,Quinn E.,1,1,hc,-5.00,away,ft,1.137,3
6sQHKRU7,Khachanov K.,Quinn E.,1,1,hc,-5.50,home,ft,4.75,3
6sQHKRU7,Khachanov K.,Quinn E.,1,1,hc,-5.50,away,ft,1.16,3
6sQHKRU7,Khachanov K.,Quinn E.,1,1,hc,-6.00,home,ft,7.6,3
6sQHKRU7,Khachanov K.,Quinn E.,1,1,hc,-6.00,away,ft,1.06,3
2oHtymFl,Cobolli F.,Tiafoe F.,0,0,ou,2.50,over,ft,2.134,5
2oHtymFl,Cobolli F.,Tiafoe F.,0,0,ou,2.50,under,ft,1.676,5
2oHtymFl,Cobolli F.,Tiafoe F.,0,0,ou,16.50,under,ft,33.34,1
2oHtymFl,Cobolli F.,Tiafoe F.,0,0,ou,17.50,under,ft,13.26,1
2oHtymFl,Cobolli F.,Tiafoe F.,0,0,ou,18.50,over,ft,1.04,1
2oHtymFl,Cobolli F.,Tiafoe F.,0,0,ou,18.50,under,ft,8.07,1
2oHtymFl,Cobolli F.,Tiafoe F.,0,0,ou,19.50,over,ft,1.13,1
2oHtymFl,Cobolli F.,Tiafoe F.,0,0,ou,19.50,under,ft,4.91,1
2oHtymFl,Cobolli F.,Tiafoe F.,0,0,ou,20.50,over,ft,1.21,2
2oHtymFl,Cobolli F.,Tiafoe F.,0,0,ou,20.50,under,ft,4.035,2
2oHtymFl,Cobolli F.,Tiafoe F.,0,0,ou,21.00,over,ft,1.27,4
2oHtymFl,Cobolli F.,Tiafoe F.,0,0,ou,21.00,under,ft,3.205,4
2oHtymFl,Cobolli F.,Tiafoe F.,0,0,ou,21.50,over,ft,1.33,4
2oHtymFl,Cobolli F.,Tiafoe F.,0,0,ou,21.50,under,ft,2.958,4
2oHtymFl,Cobolli F.,Tiafoe F.,0,0,ou,22.00,over,ft,1.338,4
2oHtymFl,Cobolli F.,Tiafoe F.,0,0,ou,22.00,under,ft,2.88,4
2oHtymFl,Cobolli F.,Tiafoe F.,0,0,ou,22.50,over,ft,1.498,5
2oHtymFl,Cobolli F.,Tiafoe F.,0,0,ou,22.50,under,ft,2.396,5
2oHtymFl,Cobolli F.,Tiafoe F.,0,0,ou,23.00,over,ft,1.542,4
2oHtymFl,Cobolli F.,Tiafoe F.,0,0,ou,23.00,under,ft,2.225,4
2oHtymFl,Cobolli F.,Tiafoe F.,0,0,ou,23.50,over,ft,1.742,6
2oHtymFl,Cobolli F.,Tiafoe F.,0,0,ou,23.50,under,ft,1.975,6
2oHtymFl,Cobolli F.,Tiafoe F.,0,0,ou,24.00,over,ft,1.73,4
2oHtymFl,Cobolli F.,Tiafoe F.,0,0,ou,24.00,under,ft,1.97,4
2oHtymFl,Cobolli F.,Tiafoe F.,0,0,ou,24.50,over,ft,1.753,10
2oHtymFl,Cobolli F.,Tiafoe F.,0,0,ou,24.50,under,ft,1.982,10
2oHtymFl,Cobolli F.,Tiafoe F.,0,0,ou,25.00,over,ft,1.81,7
2oHtymFl,Cobolli F.,Tiafoe F.,0,0,ou,25.00,under,ft,1.937,7
2oHtymFl,Cobolli F.,Tiafoe F.,0,0,ou,25.50,over,ft,1.894,10
2oHtymFl,Cobolli F.,Tiafoe F.,0,0,ou,25.50,under,ft,1.878,10
2oHtymFl,Cobolli F.,Tiafoe F.,0,0,ou,26.00,over,ft,2.062,4
2oHtymFl,Cobolli F.,Tiafoe F.,0,0,ou,26.00,under,ft,1.688,4
2oHtymFl,Cobolli F.,Tiafoe F.,0,0,ou,26.50,over,ft,2.217,7
2oHtymFl,Cobolli F.,Tiafoe F.,0,0,ou,26.50,under,ft,1.613,7
2oHtymFl,Cobolli F.,Tiafoe F.,0,0,ou,27.00,over,ft,2.276,7
2oHtymFl,Cobolli F.,Tiafoe F.,0,0,ou,27.00,under,ft,1.58,7
2oHtymFl,Cobolli F.,Tiafoe F.,0,0,ou,27.50,over,ft,2.292,5
2oHtymFl,Cobolli F.,Tiafoe F.,0,0,ou,27.50,under,ft,1.54,5
2oHtymFl,Cobolli F.,Tiafoe F.,0,0,ou,28.00,over,ft,2.342,4
2oHtymFl,Cobolli F.,Tiafoe F.,0,0,ou,28.00,under,ft,1.502,4
2oHtymFl,Cobolli F.,Tiafoe F.,0,0,ou,28.50,over,ft,2.402,5
2oHtymFl,Cobolli F.,Tiafoe F.,0,0,ou,28.50,under,ft,1.482,5
2oHtymFl,Cobolli F.,Tiafoe F.,0,0,ou,29.00,over,ft,2.48,1
2oHtymFl,Cobolli F.,Tiafoe F.,0,0,ou,29.00,under,ft,1.46,1
2oHtymFl,Cobolli F.,Tiafoe F.,0,0,ou,29.50,over,ft,2.53,1
2oHtymFl,Cobolli F.,Tiafoe F.,0,0,ou,29.50,under,ft,1.45,1
2oHtymFl,Cobolli F.,Tiafoe F.,0,0,ou,30.50,over,ft,2.75,1
2oHtymFl,Cobolli F.,Tiafoe F.,0,0,ou,30.50,under,ft,1.38,1
2oHtymFl,Cobolli F.,Tiafoe F.,0,0,ou,31.50,over,ft,3.18,1
2oHtymFl,Cobolli F.,Tiafoe F.,0,0,ou,31.50,under,ft,1.29,1
2oHtymFl,Cobolli F.,Tiafoe F.,0,0,ou,32.50,over,ft,3.82,1
2oHtymFl,Cobolli F.,Tiafoe F.,0,0,ou,32.50,under,ft,1.21,1
2oHtymFl,Cobolli F.,Tiafoe F.,0,0,ou,33.50,over,ft,4.42,1
2oHtymFl,Cobolli F.,Tiafoe F.,0,0,ou,33.50,under,ft,1.16,1
2oHtymFl,Cobolli F.,Tiafoe F.,0,0,ou,34.50,over,ft,4.95,1
2oHtymFl,Cobolli F.,Tiafoe F.,0,0,ou,34.50,under,ft,1.13,1
2oHtymFl,Cobolli F.,Tiafoe F.,0,0,hc,1.50,home,ft,1.448,9
2oHtymFl,Cobolli F.,Tiafoe F.,0,0,hc,1.50,away,ft,2.642,9
2oHtymFl,Cobolli F.,Tiafoe F.,0,0,hc,-1.50,home,ft,3.759,8
2oHtymFl,Cobolli F.,Tiafoe F.,0,0,hc,-1.50,away,ft,1.252,8
2oHtymFl,Cobolli F.,Tiafoe F.,0,0,hc,0,home,ft,2.153,6
2oHtymFl,Cobolli F.,Tiafoe F.,0,0,hc,0,away,ft,1.658,6
2oHtymFl,Cobolli F.,Tiafoe F.,0,0,hc,0.50,home,ft,2.06,9
2oHtymFl,Cobolli F.,Tiafoe F.,0,0,hc,0.50,away,ft,1.712,9
2oHtymFl,Cobolli F.,Tiafoe F.,0,0,hc,-0.50,home,ft,2.246,5
2oHtymFl,Cobolli F.,Tiafoe F.,0,0,hc,-0.50,away,ft,1.59,5
2oHtymFl,Cobolli F.,Tiafoe F.,0,0,hc,1.00,home,ft,1.982,6
2oHtymFl,Cobolli F.,Tiafoe F.,0,0,hc,1.00,away,ft,1.783,6
2oHtymFl,Cobolli F.,Tiafoe F.,0,0,hc,-1.00,home,ft,2.45,3
2oHtymFl,Cobolli F.,Tiafoe F.,0,0,hc,-1.00,away,ft,1.5,3
2oHtymFl,Cobolli F.,Tiafoe F.,0,0,hc,1.50,home,ft,1.873,8
2oHtymFl,Cobolli F.,Tiafoe F.,0,0,hc,1.50,away,ft,1.907,8
2oHtymFl,Cobolli F.,Tiafoe F.,0,0,hc,-1.50,home,ft,2.47,5
2oHtymFl,Cobolli F.,Tiafoe F.,0,0,hc,-1.50,away,ft,1.474,5
2oHtymFl,Cobolli F.,Tiafoe F.,0,0,hc,2.00,home,ft,1.712,6
2oHtymFl,Cobolli F.,Tiafoe F.,0,0,hc,2.00,away,ft,2.08,6
2oHtymFl,Cobolli F.,Tiafoe F.,0,0,hc,-2.00,home,ft,2.81,3
2oHtymFl,Cobolli F.,Tiafoe F.,0,0,hc,-2.00,away,ft,1.36,3
2oHtymFl,Cobolli F.,Tiafoe F.,0,0,hc,2.50,home,ft,1.586,9
2oHtymFl,Cobolli F.,Tiafoe F.,0,0,hc,2.50,away,ft,2.28,9
2oHtymFl,Cobolli F.,Tiafoe F.,0,0,hc,-2.50,home,ft,2.83,4
2oHtymFl,Cobolli F.,Tiafoe F.,0,0,hc,-2.50,away,ft,1.39,4
2oHtymFl,Cobolli F.,Tiafoe F.,0,0,hc,3.00,home,ft,1.402,6
2oHtymFl,Cobolli F.,Tiafoe F.,0,0,hc,3.00,away,ft,2.782,6
2oHtymFl,Cobolli F.,Tiafoe F.,0,0,hc,-3.00,home,ft,3.48,3
2oHtymFl,Cobolli F.,Tiafoe F.,0,0,hc,-3.00,away,ft,1.27,3
2oHtymFl,Cobolli F.,Tiafoe F.,0,0,hc,3.50,home,ft,1.312,5
2oHtymFl,Cobolli F.,Tiafoe F.,0,0,hc,3.50,away,ft,3.206,5
2oHtymFl,Cobolli F.,Tiafoe F.,0,0,hc,-3.50,home,ft,4.95,2
2oHtymFl,Cobolli F.,Tiafoe F.,0,0,hc,-3.50,away,ft,1.15,2
2oHtymFl,Cobolli F.,Tiafoe F.,0,0,hc,4.00,home,ft,1.14,3
2oHtymFl,Cobolli F.,Tiafoe F.,0,0,hc,4.00,away,ft,5.017,3
2oHtymFl,Cobolli F.,Tiafoe F.,0,0,hc,5.50,home,ft,1.04,1
2oHtymFl,Cobolli F.,Tiafoe F.,0,0,hc,5.50,away,ft,10.0,1
CbaMmQbf,Borges N.,Auger-Aliassime F.,1,1,ou,2.50,over,ft,2.368,5
CbaMmQbf,Borges N.,Auger-Aliassime F.,1,1,ou,2.50,under,ft,1.554,5
CbaMmQbf,Borges N.,Auger-Aliassime F.,1,1,ou,16.50,under,ft,22.4,1
CbaMmQbf,Borges N.,Auger-Aliassime F.,1,1,ou,17.50,under,ft,10.4,1
CbaMmQbf,Borges N.,Auger-Aliassime F.,1,1,ou,18.50,over,ft,1.06,1
CbaMmQbf,Borges N.,Auger-Aliassime F.,1,1,ou,18.50,under,ft,7.04,1
CbaMmQbf,Borges N.,Auger-Aliassime F.,1,1,ou,19.50,over,ft,1.225,4
CbaMmQbf,Borges N.,Auger-Aliassime F.,1,1,ou,19.50,under,ft,3.68,4
CbaMmQbf,Borges N.,Auger-Aliassime F.,1,1,ou,20.00,over,ft,1.26,3
CbaMmQbf,Borges N.,Auger-Aliassime F.,1,1,ou,20.00,under,ft,3.28,3
CbaMmQbf,Borges N.,Auger-Aliassime F.,1,1,ou,20.50,over,ft,1.335,4
CbaMmQbf,Borges N.,Auger-Aliassime F.,1,1,ou,20.50,under,ft,2.925,4
CbaMmQbf,Borges N.,Auger-Aliassime F.,1,1,ou,21.00,over,ft,1.338,4
CbaMmQbf,Borges N.,Auger-Aliassime F.,1,1,ou,21.00,under,ft,3.178,4
CbaMmQbf,Borges N.,Auger-Aliassime F.,1,1,ou,21.50,over,ft,1.424,5
CbaMmQbf,Borges N.,Auger-Aliassime F.,1,1,ou,21.50,under,ft,2.768,5
CbaMmQbf,Borges N.,Auger-Aliassime F.,1,1,ou,22.00,over,ft,1.5,7
CbaMmQbf,Borges N.,Auger-Aliassime F.,1,1,ou,22.00,under,ft,2.5,7
CbaMmQbf,Borges N.,Auger-Aliassime F.,1,1,ou,22.50,over,ft,1.653,10
CbaMmQbf,Borges N.,Auger-Aliassime F.,1,1,ou,22.50,under,ft,2.178,10
CbaMmQbf,Borges N.,Auger-Aliassime F.,1,1,ou,23.00,over,ft,1.791,7
CbaMmQbf,Borges N.,Auger-Aliassime F.,1,1,ou,23.00,under,ft,1.997,7
CbaMmQbf,Borges N.,Auger-Aliassime F.,1,1,ou,23.50,over,ft,1.922,10
CbaMmQbf,Borges N.,Auger-Aliassime F.,1,1,ou,23.50,under,ft,1.849,10
CbaMmQbf,Borges N.,Auger-Aliassime F.,1,1,ou,24.00,over,ft,1.98,7
CbaMmQbf,Borges N.,Auger-Aliassime F.,1,1,ou,24.00,under,ft,1.79,7
CbaMmQbf,Borges N.,Auger-Aliassime F.,1,1,ou,24.50,over,ft,1.985,10
CbaMmQbf,Borges N.,Auger-Aliassime F.,1,1,ou,24.50,under,ft,1.779,10
CbaMmQbf,Borges N.,Auger-Aliassime F.,1,1,ou,25.00,over,ft,2.08,4
CbaMmQbf,Borges N.,Auger-Aliassime F.,1,1,ou,25.00,under,ft,1.728,4
CbaMmQbf,Borges N.,Auger-Aliassime F.,1,1,ou,25.50,over,ft,2.138,5
CbaMmQbf,Borges N.,Auger-Aliassime F.,1,1,ou,25.50,under,ft,1.676,5
CbaMmQbf,Borges N.,Auger-Aliassime F.,1,1,ou,26.00,over,ft,2.348,4
CbaMmQbf,Borges N.,Auger-Aliassime F.,1,1,ou,26.00,under,ft,1.575,4
CbaMmQbf,Borges N.,Auger-Aliassime F.,1,1,ou,26.50,over,ft,2.318,5
CbaMmQbf,Borges N.,Auger-Aliassime F.,1,1,ou,26.50,under,ft,1.522,5
CbaMmQbf,Borges N.,Auger-Aliassime F.,1,1,ou,27.00,over,ft,2.48,1
CbaMmQbf,Borges N.,Auger-Aliassime F.,1,1,ou,27.00,under,ft,1.46,1
CbaMmQbf,Borges N.,Auger-Aliassime F.,1,1,ou,27.50,over,ft,2.427,4
CbaMmQbf,Borges N.,Auger-Aliassime F.,1,1,ou,27.50,under,ft,1.472,4
CbaMmQbf,Borges N.,Auger-Aliassime F.,1,1,ou,28.50,over,ft,2.62,1
CbaMmQbf,Borges N.,Auger-Aliassime F.,1,1,ou,28.50,under,ft,1.42,1
CbaMmQbf,Borges N.,Auger-Aliassime F.,1,1,ou,29.50,over,ft,2.83,1
CbaMmQbf,Borges N.,Auger-Aliassime F.,1,1,ou,29.50,under,ft,1.36,1
CbaMmQbf,Borges N.,Auger-Aliassime F.,1,1,ou,30.50,over,ft,3.06,1
CbaMmQbf,Borges N.,Auger-Aliassime F.,1,1,ou,30.50,under,ft,1.32,1
CbaMmQbf,Borges N.,Auger-Aliassime F.,1,1,ou,31.50,over,ft,3.52,1
CbaMmQbf,Borges N.,Auger-Aliassime F.,1,1,ou,31.50,under,ft,1.25,1
CbaMmQbf,Borges N.,Auger-Aliassime F.,1,1,ou,32.50,over,ft,4.29,1
CbaMmQbf,Borges N.,Auger-Aliassime F.,1,1,ou,32.50,under,ft,1.17,1
CbaMmQbf,Borges N.,Auger-Aliassime F.,1,1,ou,33.50,over,ft,5.02,1
CbaMmQbf,Borges N.,Auger-Aliassime F.,1,1,ou,33.50,under,ft,1.13,1
CbaMmQbf,Borges N.,Auger-Aliassime F.,1,1,hc,1.50,home,ft,1.762,9
CbaMmQbf,Borges N.,Auger-Aliassime F.,1,1,hc,1.50,away,ft,1.994,9
CbaMmQbf,Borges N.,Auger-Aliassime F.,1,1,hc,-1.50,home,ft,5.663,7
CbaMmQbf,Borges N.,Auger-Aliassime F.,1,1,hc,-1.50,away,ft,1.127,7
CbaMmQbf,Borges N.,Auger-Aliassime F.,1,1,hc,0,home,ft,2.81,3
CbaMmQbf,Borges N.,Auger-Aliassime F.,1,1,hc,0,away,ft,1.44,3
CbaMmQbf,Borges N.,Auger-Aliassime F.,1,1,hc,0.50,home,ft,2.565,4
CbaMmQbf,Borges N.,Auger-Aliassime F.,1,1,hc,0.50,away,ft,1.492,4
CbaMmQbf,Borges N.,Auger-Aliassime F.,1,1,hc,1.00,home,ft,2.47,3
CbaMmQbf,Borges N.,Auger-Aliassime F.,1,1,hc,1.00,away,ft,1.54,3
CbaMmQbf,Borges N.,Auger-Aliassime F.,1,1,hc,1.50,home,ft,2.408,6
CbaMmQbf,Borges N.,Auger-Aliassime F.,1,1,hc,1.50,away,ft,1.548,6
CbaMmQbf,Borges N.,Auger-Aliassime F.,1,1,hc,2.00,home,ft,2.258,6
CbaMmQbf,Borges N.,Auger-Aliassime F.,1,1,hc,2.00,away,ft,1.645,6
CbaMmQbf,Borges N.,Auger-Aliassime F.,1,1,hc,2.50,home,ft,2.012,8
CbaMmQbf,Borges N.,Auger-Aliassime F.,1,1,hc,2.50,away,ft,1.781,8
CbaMmQbf,Borges N.,Auger-Aliassime F.,1,1,hc,3.00,home,ft,1.765,6
CbaMmQbf,Borges N.,Auger-Aliassime F.,1,1,hc,3.00,away,ft,2.062,6
CbaMmQbf,Borges N.,Auger-Aliassime F.,1,1,hc,3.50,home,ft,1.6,9
CbaMmQbf,Borges N.,Auger-Aliassime F.,1,1,hc,3.50,away,ft,2.282,9
CbaMmQbf,Borges N.,Auger-Aliassime F.,1,1,hc,4.00,home,ft,1.353,6
CbaMmQbf,Borges N.,Auger-Aliassime F.,1,1,hc,4.00,away,ft,3.152,6
CbaMmQbf,Borges N.,Auger-Aliassime F.,1,1,hc,4.50,home,ft,1.298,5
CbaMmQbf,Borges N.,Auger-Aliassime F.,1,1,hc,4.50,away,ft,3.476,5
CbaMmQbf,Borges N.,Auger-Aliassime F.,1,1,hc,5.00,home,ft,1.12,3
CbaMmQbf,Borges N.,Auger-Aliassime F.,1,1,hc,5.00,away,ft,6.23,3
CbaMmQbf,Borges N.,Auger-Aliassime F.,1,1,hc,5.50,home,ft,1.125,4
CbaMmQbf,Borges N.,Auger-Aliassime F.,1,1,hc,5.50,away,ft,5.3,4
CbaMmQbf,Borges N.,Auger-Aliassime F.,1,1,hc,6.00,home,ft,1.04,3
CbaMmQbf,Borges N.,Auger-Aliassime F.,1,1,hc,6.00,away,ft,8.9,3
p09Prxpn,Atmane T.,Landaluce M.,2,2,ou,2.50,over,ft,2.226,5
p09Prxpn,Atmane T.,Landaluce M.,2,2,ou,2.50,under,ft,1.624,5
p09Prxpn,Atmane T.,Landaluce M.,2,2,ou,16.50,under,ft,20.62,1
p09Prxpn,Atmane T.,Landaluce M.,2,2,ou,17.50,under,ft,10.8,1
p09Prxpn,Atmane T.,Landaluce M.,2,2,ou,18.50,over,ft,1.07,1
p09Prxpn,Atmane T.,Landaluce M.,2,2,ou,18.50,under,ft,6.67,1
p09Prxpn,Atmane T.,Landaluce M.,2,2,ou,19.50,over,ft,1.15,1
p09Prxpn,Atmane T.,Landaluce M.,2,2,ou,19.50,under,ft,4.56,1
p09Prxpn,Atmane T.,Landaluce M.,2,2,ou,20.50,over,ft,1.28,5
p09Prxpn,Atmane T.,Landaluce M.,2,2,ou,20.50,under,ft,3.258,5
p09Prxpn,Atmane T.,Landaluce M.,2,2,ou,21.00,over,ft,1.31,4
p09Prxpn,Atmane T.,Landaluce M.,2,2,ou,21.00,under,ft,3.35,4
p09Prxpn,Atmane T.,Landaluce M.,2,2,ou,21.50,over,ft,1.396,5
p09Prxpn,Atmane T.,Landaluce M.,2,2,ou,21.50,under,ft,2.89,5
p09Prxpn,Atmane T.,Landaluce M.,2,2,ou,22.00,over,ft,1.48,4
p09Prxpn,Atmane T.,Landaluce M.,2,2,ou,22.00,under,ft,2.598,4
p09Prxpn,Atmane T.,Landaluce M.,2,2,ou,22.50,over,ft,1.623,10
p09Prxpn,Atmane T.,Landaluce M.,2,2,ou,22.50,under,ft,2.232,10
p09Prxpn,Atmane T.,Landaluce M.,2,2,ou,23.00,over,ft,1.759,7
p09Prxpn,Atmane T.,Landaluce M.,2,2,ou,23.00,under,ft,2.041,7
p09Prxpn,Atmane T.,Landaluce M.,2,2,ou,23.50,over,ft,1.898,10
p09Prxpn,Atmane T.,Landaluce M.,2,2,ou,23.50,under,ft,1.878,10
p09Prxpn,Atmane T.,Landaluce M.,2,2,ou,24.00,over,ft,1.899,7
p09Prxpn,Atmane T.,Landaluce M.,2,2,ou,24.00,under,ft,1.846,7
p09Prxpn,Atmane T.,Landaluce M.,2,2,ou,24.50,over,ft,1.919,10
p09Prxpn,Atmane T.,Landaluce M.,2,2,ou,24.50,under,ft,1.839,10
p09Prxpn,Atmane T.,Landaluce M.,2,2,ou,25.00,over,ft,1.997,7
p09Prxpn,Atmane T.,Landaluce M.,2,2,ou,25.00,under,ft,1.783,7
p09Prxpn,Atmane T.,Landaluce M.,2,2,ou,25.50,over,ft,2.039,10
p09Prxpn,Atmane T.,Landaluce M.,2,2,ou,25.50,under,ft,1.737,10
p09Prxpn,Atmane T.,Landaluce M.,2,2,ou,26.00,over,ft,2.268,4
p09Prxpn,Atmane T.,Landaluce M.,2,2,ou,26.00,under,ft,1.613,4
p09Prxpn,Atmane T.,Landaluce M.,2,2,ou,26.50,over,ft,2.241,7
p09Prxpn,Atmane T.,Landaluce M.,2,2,ou,26.50,under,ft,1.573,7
p09Prxpn,Atmane T.,Landaluce M.,2,2,ou,27.00,over,ft,2.382,4
p09Prxpn,Atmane T.,Landaluce M.,2,2,ou,27.00,under,ft,1.492,4
p09Prxpn,Atmane T.,Landaluce M.,2,2,ou,27.50,over,ft,2.393,4
p09Prxpn,Atmane T.,Landaluce M.,2,2,ou,27.50,under,ft,1.475,4
p09Prxpn,Atmane T.,Landaluce M.,2,2,ou,28.00,over,ft,2.48,1
p09Prxpn,Atmane T.,Landaluce M.,2,2,ou,28.00,under,ft,1.46,1
p09Prxpn,Atmane T.,Landaluce M.,2,2,ou,28.50,over,ft,2.554,5
p09Prxpn,Atmane T.,Landaluce M.,2,2,ou,28.50,under,ft,1.432,5
p09Prxpn,Atmane T.,Landaluce M.,2,2,ou,29.50,over,ft,2.71,1
p09Prxpn,Atmane T.,Landaluce M.,2,2,ou,29.50,under,ft,1.39,1
p09Prxpn,Atmane T.,Landaluce M.,2,2,ou,30.50,over,ft,2.99,1
p09Prxpn,Atmane T.,Landaluce M.,2,2,ou,30.50,under,ft,1.33,1
p09Prxpn,Atmane T.,Landaluce M.,2,2,ou,31.50,over,ft,3.4,1
p09Prxpn,Atmane T.,Landaluce M.,2,2,ou,31.50,under,ft,1.26,1
p09Prxpn,Atmane T.,Landaluce M.,2,2,ou,32.50,over,ft,4.21,1
p09Prxpn,Atmane T.,Landaluce M.,2,2,ou,32.50,under,ft,1.18,1
p09Prxpn,Atmane T.,Landaluce M.,2,2,ou,33.50,over,ft,4.91,1
p09Prxpn,Atmane T.,Landaluce M.,2,2,ou,33.50,under,ft,1.13,1
p09Prxpn,Atmane T.,Landaluce M.,2,2,hc,1.50,home,ft,1.56,9
p09Prxpn,Atmane T.,Landaluce M.,2,2,hc,1.50,away,ft,2.344,9
p09Prxpn,Atmane T.,Landaluce M.,2,2,hc,-1.50,home,ft,4.433,7
p09Prxpn,Atmane T.,Landaluce M.,2,2,hc,-1.50,away,ft,1.191,7
p09Prxpn,Atmane T.,Landaluce M.,2,2,hc,0,home,ft,2.47,3
p09Prxpn,Atmane T.,Landaluce M.,2,2,hc,0,away,ft,1.54,3
p09Prxpn,Atmane T.,Landaluce M.,2,2,hc,0.50,home,ft,2.275,6
p09Prxpn,Atmane T.,Landaluce M.,2,2,hc,0.50,away,ft,1.615,6
p09Prxpn,Atmane T.,Landaluce M.,2,2,hc,1.00,home,ft,2.235,6
p09Prxpn,Atmane T.,Landaluce M.,2,2,hc,1.00,away,ft,1.647,6
p09Prxpn,Atmane T.,Landaluce M.,2,2,hc,-1.00,home,ft,2.6,3
p09Prxpn,Atmane T.,Landaluce M.,2,2,hc,-1.00,away,ft,1.41,3
p09Prxpn,Atmane T.,Landaluce M.,2,2,hc,1.50,home,ft,2.134,9
p09Prxpn,Atmane T.,Landaluce M.,2,2,hc,1.50,away,ft,1.688,9
p09Prxpn,Atmane T.,Landaluce M.,2,2,hc,-1.50,home,ft,2.87,1
p09Prxpn,Atmane T.,Landaluce M.,2,2,hc,-1.50,away,ft,1.36,1
p09Prxpn,Atmane T.,Landaluce M.,2,2,hc,2.00,home,ft,1.94,6
p09Prxpn,Atmane T.,Landaluce M.,2,2,hc,2.00,away,ft,1.862,6
p09Prxpn,Atmane T.,Landaluce M.,2,2,hc,2.50,home,ft,1.778,8
p09Prxpn,Atmane T.,Landaluce M.,2,2,hc,2.50,away,ft,2.01,8
p09Prxpn,Atmane T.,Landaluce M.,2,2,hc,3.00,home,ft,1.593,6
p09Prxpn,Atmane T.,Landaluce M.,2,2,hc,3.00,away,ft,2.332,6
p09Prxpn,Atmane T.,Landaluce M.,2,2,hc,3.50,home,ft,1.509,9
p09Prxpn,Atmane T.,Landaluce M.,2,2,hc,3.50,away,ft,2.523,9
p09Prxpn,Atmane T.,Landaluce M.,2,2,hc,-3.50,home,ft,4.9,1
p09Prxpn,Atmane T.,Landaluce M.,2,2,hc,-3.50,away,ft,1.14,1
p09Prxpn,Atmane T.,Landaluce M.,2,2,hc,4.00,home,ft,1.29,3
p09Prxpn,Atmane T.,Landaluce M.,2,2,hc,4.00,away,ft,3.627,3
p09Prxpn,Atmane T.,Landaluce M.,2,2,hc,4.50,home,ft,1.23,4
p09Prxpn,Atmane T.,Landaluce M.,2,2,hc,4.50,away,ft,4.07,4
p09Prxpn,Atmane T.,Landaluce M.,2,2,hc,5.00,home,ft,1.09,3
p09Prxpn,Atmane T.,Landaluce M.,2,2,hc,5.00,away,ft,7.43,3
p09Prxpn,Atmane T.,Landaluce M.,2,2,hc,5.50,home,ft,1.09,1
p09Prxpn,Atmane T.,Landaluce M.,2,2,hc,5.50,away,ft,6.15,1
