match_id,home,away,home_score,away_score,market,line,side,period,avg_odds,n_bookies
QiFWieVg,Thompson J.,Nishioka Y.,1,1,ou,2.50,over,ft,2.21,1
QiFWieVg,Thompson J.,Nishioka Y.,1,1,ou,2.50,under,ft,1.72,1
QiFWieVg,Thompson J.,Nishioka Y.,1,1,ou,19.50,over,ft,1.24,2
QiFWieVg,Thompson J.,Nishioka Y.,1,1,ou,19.50,under,ft,3.48,2
QiFWieVg,Thompson J.,Nishioka Y.,1,1,ou,20.00,over,ft,1.27,2
QiFWieVg,Thompson J.,Nishioka Y.,1,1,ou,20.00,under,ft,3.28,2
QiFWieVg,Thompson J.,Nishioka Y.,1,1,ou,20.50,over,ft,1.343,3
QiFWieVg,Thompson J.,Nishioka Y.,1,1,ou,20.50,under,ft,3.023,3
QiFWieVg,Thompson J.,Nishioka Y.,1,1,ou,21.00,over,ft,1.39,2
QiFWieVg,Thompson J.,Nishioka Y.,1,1,ou,21.00,under,ft,2.68,2
QiFWieVg,Thompson J.,Nishioka Y.,1,1,ou,21.50,over,ft,1.463,3
QiFWieVg,Thompson J.,Nishioka Y.,1,1,ou,21.50,under,ft,2.593,3
QiFWieVg,Thompson J.,Nishioka Y.,1,1,ou,22.00,over,ft,1.6,3
QiFWieVg,Thompson J.,Nishioka Y.,1,1,ou,22.00,under,ft,2.28,3
QiFWieVg,Thompson J.,Nishioka Y.,1,1,ou,22.50,over,ft,1.722,4
QiFWieVg,Thompson J.,Nishioka Y.,1,1,ou,22.50,under,ft,2.123,4
QiFWieVg,Thompson J.,Nishioka Y.,1,1,ou,23.00,over,ft,1.85,3
QiFWieVg,Thompson J.,Nishioka Y.,1,1,ou,23.00,under,ft,1.947,3
QiFWieVg,Thompson J.,Nishioka Y.,1,1,ou,23.50,over,ft,1.972,4
QiFWieVg,Thompson J.,Nishioka Y.,1,1,ou,23.50,under,ft,1.875,4
QiFWieVg,Thompson J.,Nishioka Y.,1,1,ou,24.00,over,ft,2.013,3
QiFWieVg,Thompson J.,Nishioka Y.,1,1,ou,24.00,under,ft,1.79,3
QiFWieVg,Thompson J.,Nishioka Y.,1,1,ou,24.50,over,ft,2.045,4
QiFWieVg,Thompson J.,Nishioka Y.,1,1,ou,24.50,under,ft,1.775,4
QiFWieVg,Thompson J.,Nishioka Y.,1,1,ou,25.00,over,ft,2.09,2
QiFWieVg,Thompson J.,Nishioka Y.,1,1,ou,25.00,under,ft,1.66,2
QiFWieVg,Thompson J.,Nishioka Y.,1,1,ou,25.50,over,ft,2.153,3
QiFWieVg,Thompson J.,Nishioka Y.,1,1,ou,25.50,under,ft,1.657,3
QiFWieVg,Thompson J.,Nishioka Y.,1,1,ou,26.00,over,ft,2.3,2
QiFWieVg,Thompson J.,Nishioka Y.,1,1,ou,26.00,under,ft,1.52,2
QiFWieVg,Thompson J.,Nishioka Y.,1,1,ou,26.50,over,ft,2.437,3
QiFWieVg,Thompson J.,Nishioka Y.,1,1,ou,26.50,under,ft,1.507,3
QiFWieVg,Thompson J.,Nishioka Y.,1,1,ou,27.50,over,ft,2.773,3
QiFWieVg,Thompson J.,Nishioka Y.,1,1,ou,27.50,under,ft,1.407,3
QiFWieVg,Thompson J.,Nishioka Y.,1,1,ou,28.50,over,ft,2.83,1
QiFWieVg,Thompson J.,Nishioka Y.,1,1,ou,28.50,under,ft,1.45,1
QiFWieVg,Thompson J.,Nishioka Y.,1,1,ou,29.50,over,ft,3.12,1
QiFWieVg,Thompson J.,Nishioka Y.,1,1,ou,29.50,under,ft,1.38,1
QiFWieVg,Thompson J.,Nishioka Y.,1,1,ou,30.50,over,ft,3.48,1
QiFWieVg,Thompson J.,Nishioka Y.,1,1,ou,30.50,under,ft,1.31,1
QiFWieVg,Thompson J.,Nishioka Y.,1,1,hc,1.00,home,ft,1.44,2
QiFWieVg,Thompson J.,Nishioka Y.,1,1,hc,1.00,away,ft,2.52,2
QiFWieVg,Thompson J.,Nishioka Y.,1,1,hc,-1.00,home,ft,2.31,2
QiFWieVg,Thompson J.,Nishioka Y.,1,1,hc,-1.00,away,ft,1.52,2
QiFWieVg,Thompson J.,Nishioka Y.,1,1,hc,1.50,home,ft,1.308,4
QiFWieVg,Thompson J.,Nishioka Y.,1,1,hc,1.50,away,ft,3.31,4
QiFWieVg,Thompson J.,Nishioka Y.,1,1,hc,-1.50,home,ft,3.04,4
QiFWieVg,Thompson J.,Nishioka Y.,1,1,hc,-1.50,away,ft,1.353,4
QiFWieVg,Thompson J.,Nishioka Y.,1,1,hc,0,home,ft,1.803,3
QiFWieVg,Thompson J.,Nishioka Y.,1,1,hc,0,away,ft,1.927,3
QiFWieVg,Thompson J.,Nishioka Y.,1,1,hc,0.50,home,ft,1.758,4
QiFWieVg,Thompson J.,Nishioka Y.,1,1,hc,0.50,away,ft,2.03,4
QiFWieVg,Thompson J.,Nishioka Y.,1,1,hc,-0.50,home,ft,1.935,4
QiFWieVg,Thompson J.,Nishioka Y.,1,1,hc,-0.50,away,ft,1.905,4
QiFWieVg,Thompson J.,Nishioka Y.,1,1,hc,1.00,home,ft,1.65,2
QiFWieVg,Thompson J.,Nishioka Y.,1,1,hc,1.00,away,ft,2.05,2
QiFWieVg,Thompson J.,Nishioka Y.,1,1,hc,-1.00,home,ft,1.967,3
QiFWieVg,Thompson J.,Nishioka Y.,1,1,hc,-1.00,away,ft,1.773,3
QiFWieVg,Thompson J.,Nishioka Y.,1,1,hc,1.50,home,ft,1.623,3
QiFWieVg,Thompson J.,Nishioka Y.,1,1,hc,1.50,away,ft,2.187,3
QiFWieVg,Thompson J.,Nishioka Y.,1,1,hc,-1.50,home,ft,2.08,4
QiFWieVg,Thompson J.,Nishioka Y.,1,1,hc,-1.50,away,ft,1.722,4
QiFWieVg,Thompson J.,Nishioka Y.,1,1,hc,2.00,home,ft,1.51,2
QiFWieVg,Thompson J.,Nishioka Y.,1,1,hc,2.00,away,ft,2.32,2
QiFWieVg,Thompson J.,Nishioka Y.,1,1,hc,-2.00,home,ft,2.177,3
QiFWieVg,Thompson J.,Nishioka Y.,1,1,hc,-2.00,away,ft,1.627,3
QiFWieVg,Thompson J.,Nishioka Y.,1,1,hc,2.50,home,ft,1.47,3
QiFWieVg,Thompson J.,Nishioka Y.,1,1,hc,2.50,away,ft,2.543,3
QiFWieVg,Thompson J.,Nishioka Y.,1,1,hc,-2.50,home,ft,2.383,3
QiFWieVg,Thompson J.,Nishioka Y.,1,1,hc,-2.50,away,ft,1.53,3
QiFWieVg,Thompson J.,Nishioka Y.,1,1,hc,3.00,home,ft,1.34,2
QiFWieVg,Thompson J.,Nishioka Y.,1,1,hc,3.00,away,ft,2.88,2
QiFWieVg,Thompson J.,Nishioka Y.,1,1,hc,-3.00,home,ft,2.65,2
QiFWieVg,Thompson J.,Nishioka Y.,1,1,hc,-3.00,away,ft,1.4,2
QiFWieVg,Thompson J.,Nishioka Y.,1,1,hc,3.50,home,ft,1.3,1
QiFWieVg,Thompson J.,Nishioka Y.,1,1,hc,3.50,away,ft,3.56,1
QiFWieVg,Thompson J.,Nishioka Y.,1,1,hc,-3.50,home,ft,3.037,3
QiFWieVg,Thompson J.,Nishioka Y.,1,1,hc,-3.50,away,ft,1.337,3
QiFWieVg,Thompson J.,Nishioka Y.,1,1,hc,-4.00,home,ft,3.35,2
QiFWieVg,Thompson J.,Nishioka Y.,1,1,hc,-4.00,away,ft,1.26,2
QiFWieVg,Thompson J.,Nishioka Y.,1,1,hc,-4.50,home,ft,3.74,2
QiFWieVg,Thompson J.,Nishioka Y.,1,1,hc,-4.50,away,ft,1.21,2
dhe7ObQi,Nishioka Y.,Rinderknech A.,2,2,ou,2.50,over,ft,2.41,1
dhe7ObQi,Nishioka Y.,Rinderknech A.,2,2,ou,2.50,under,ft,1.62,1
dhe7ObQi,Nishioka Y.,Rinderknech A.,2,2,ou,19.50,over,ft,1.25,2
dhe7ObQi,Nishioka Y.,Rinderknech A.,2,2,ou,19.50,under,ft,3.42,2
dhe7ObQi,Nishioka Y.,Rinderknech A.,2,2,ou,20.00,over,ft,1.29,2
dhe7ObQi,Nishioka Y.,Rinderknech A.,2,2,ou,20.00,under,ft,3.18,2
dhe7ObQi,Nishioka Y.,Rinderknech A.,2,2,ou,20.50,over,ft,1.27,2
dhe7ObQi,Nishioka Y.,Rinderknech A.,2,2,ou,20.50,under,ft,3.28,2
dhe7ObQi,Nishioka Y.,Rinderknech A.,2,2,ou,21.00,over,ft,1.3,2
dhe7ObQi,Nishioka Y.,Rinderknech A.,2,2,ou,21.00,under,ft,3.1,2
dhe7ObQi,Nishioka Y.,Rinderknech A.,2,2,ou,21.50,over,ft,1.39,3
dhe7ObQi,Nishioka Y.,Rinderknech A.,2,2,ou,21.50,under,ft,2.777,3
dhe7ObQi,Nishioka Y.,Rinderknech A.,2,2,ou,22.00,over,ft,1.46,2
dhe7ObQi,Nishioka Y.,Rinderknech A.,2,2,ou,22.00,under,ft,2.53,2
dhe7ObQi,Nishioka Y.,Rinderknech A.,2,2,ou,22.50,over,ft,1.645,4
dhe7ObQi,Nishioka Y.,Rinderknech A.,2,2,ou,22.50,under,ft,2.232,4
dhe7ObQi,Nishioka Y.,Rinderknech A.,2,2,ou,23.00,over,ft,1.767,3
dhe7ObQi,Nishioka Y.,Rinderknech A.,2,2,ou,23.00,under,ft,2.047,3
dhe7ObQi,Nishioka Y.,Rinderknech A.,2,2,ou,23.50,over,ft,1.942,4
dhe7ObQi,Nishioka Y.,Rinderknech A.,2,2,ou,23.50,under,ft,1.88,4
dhe7ObQi,Nishioka Y.,Rinderknech A.,2,2,ou,24.00,over,ft,1.953,3
dhe7ObQi,Nishioka Y.,Rinderknech A.,2,2,ou,24.00,under,ft,1.847,3
dhe7ObQi,Nishioka Y.,Rinderknech A.,2,2,ou,24.50,over,ft,1.947,3
dhe7ObQi,Nishioka Y.,Rinderknech A.,2,2,ou,24.50,under,ft,1.88,3
dhe7ObQi,Nishioka Y.,Rinderknech A.,2,2,ou,25.00,over,ft,1.97,2
dhe7ObQi,Nishioka Y.,Rinderknech A.,2,2,ou,25.00,under,ft,1.75,2
dhe7ObQi,Nishioka Y.,Rinderknech A.,2,2,ou,25.50,over,ft,2.053,3
dhe7ObQi,Nishioka Y.,Rinderknech A.,2,2,ou,25.50,under,ft,1.71,3
dhe7ObQi,Nishioka Y.,Rinderknech A.,2,2,ou,26.00,over,ft,2.18,2
dhe7ObQi,Nishioka Y.,Rinderknech A.,2,2,ou,26.00,under,ft,1.58,2
dhe7ObQi,Nishioka Y.,Rinderknech A.,2,2,ou,26.50,over,ft,2.36,3
dhe7ObQi,Nishioka Y.,Rinderknech A.,2,2,ou,26.50,under,ft,1.523,3
dhe7ObQi,Nishioka Y.,Rinderknech A.,2,2,ou,27.00,over,ft,2.4,2
dhe7ObQi,Nishioka Y.,Rinderknech A.,2,2,ou,27.00,under,ft,1.48,2
dhe7ObQi,Nishioka Y.,Rinderknech A.,2,2,ou,27.50,over,ft,2.443,3
dhe7ObQi,Nishioka Y.,Rinderknech A.,2,2,ou,27.50,under,ft,1.49,3
dhe7ObQi,Nishioka Y.,Rinderknech A.,2,2,ou,28.00,over,ft,2.51,2
dhe7ObQi,Nishioka Y.,Rinderknech A.,2,2,ou,28.00,under,ft,1.44,2
dhe7ObQi,Nishioka Y.,Rinderknech A.,2,2,ou,28.50,over,ft,2.73,1
dhe7ObQi,Nishioka Y.,Rinderknech A.,2,2,ou,28.50,under,ft,1.43,1
dhe7ObQi,Nishioka Y.,Rinderknech A.,2,2,hc,1.00,home,ft,1.42,2
dhe7ObQi,Nishioka Y.,Rinderknech A.,2,2,hc,1.00,away,ft,2.58,2
dhe7ObQi,Nishioka Y.,Rinderknech A.,2,2,hc,-1.00,home,ft,2.105,2
dhe7ObQi,Nishioka Y.,Rinderknech A.,2,2,hc,-1.00,away,ft,1.615,2
dhe7ObQi,Nishioka Y.,Rinderknech A.,2,2,hc,1.50,home,ft,1.27,3
dhe7ObQi,Nishioka Y.,Rinderknech A.,2,2,hc,1.50,away,ft,3.53,3
dhe7ObQi,Nishioka Y.,Rinderknech A.,2,2,hc,-1.50,home,ft,2.712,4
dhe7ObQi,Nishioka Y.,Rinderknech A.,2,2,hc,-1.50,away,ft,1.435,4
dhe7ObQi,Nishioka Y.,Rinderknech A.,2,2,hc,0,home,ft,1.66,3
dhe7ObQi,Nishioka Y.,Rinderknech A.,2,2,hc,0,away,ft,2.14,3
dhe7ObQi,Nishioka Y.,Rinderknech A.,2,2,hc,0.50,home,ft,1.647,4
dhe7ObQi,Nishioka Y.,Rinderknech A.,2,2,hc,0.50,away,ft,2.178,4
dhe7ObQi,Nishioka Y.,Rinderknech A.,2,2,hc,-0.50,home,ft,1.843,4
dhe7ObQi,Nishioka Y.,Rinderknech A.,2,2,hc,-0.50,away,ft,1.992,4
dhe7ObQi,Nishioka Y.,Rinderknech A.,2,2,hc,1.00,home,ft,1.53,2
dhe7ObQi,Nishioka Y.,Rinderknech A.,2,2,hc,1.00,away,ft,2.275,2
dhe7ObQi,Nishioka Y.,Rinderknech A.,2,2,hc,-1.00,home,ft,1.857,3
dhe7ObQi,Nishioka Y.,Rinderknech A.,2,2,hc,-1.00,away,ft,1.88,3
dhe7ObQi,Nishioka Y.,Rinderknech A.,2,2,hc,1.50,home,ft,1.507,3
dhe7ObQi,Nishioka Y.,Rinderknech A.,2,2,hc,1.50,away,ft,2.397,3
dhe7ObQi,Nishioka Y.,Rinderknech A.,2,2,hc,-1.50,home,ft,1.945,4
dhe7ObQi,Nishioka Y.,Rinderknech A.,2,2,hc,-1.50,away,ft,1.825,4
dhe7ObQi,Nishioka Y.,Rinderknech A.,2,2,hc,2.00,home,ft,1.395,2
dhe7ObQi,Nishioka Y.,Rinderknech A.,2,2,hc,2.00,away,ft,2.655,2
dhe7ObQi,Nishioka Y.,Rinderknech A.,2,2,hc,-2.00,home,ft,2.11,3
dhe7ObQi,Nishioka Y.,Rinderknech A.,2,2,hc,-2.00,away,ft,1.67,3
dhe7ObQi,Nishioka Y.,Rinderknech A.,2,2,hc,2.50,home,ft,1.387,3
dhe7ObQi,Nishioka Y.,Rinderknech A.,2,2,hc,2.50,away,ft,2.757,3
dhe7ObQi,Nishioka Y.,Rinderknech A.,2,2,hc,-2.50,home,ft,2.248,4
dhe7ObQi,Nishioka Y.,Rinderknech A.,2,2,hc,-2.50,away,ft,1.605,4
dhe7ObQi,Nishioka Y.,Rinderknech A.,2,2,hc,3.00,home,ft,1.26,2
dhe7ObQi,Nishioka Y.,Rinderknech A.,2,2,hc,3.00,away,ft,3.34,2
dhe7ObQi,Nishioka Y.,Rinderknech A.,2,2,hc,-3.00,home,ft,2.61,2
dhe7ObQi,Nishioka Y.,Rinderknech A.,2,2,hc,-3.00,away,ft,1.405,2
dhe7ObQi,Nishioka Y.,Rinderknech A.,2,2,hc,-3.50,home,ft,2.847,3
dhe7ObQi,Nishioka Y.,Rinderknech A.,2,2,hc,-3.50,away,ft,1.36,3
dhe7ObQi,Nishioka Y.,Rinderknech A.,2,2,hc,-4.00,home,ft,3.88,2
dhe7ObQi,Nishioka Y.,Rinderknech A.,2,2,hc,-4.00,away,ft,1.2,2
dhe7ObQi,Nishioka Y.,Rinderknech A.,2,2,hc,-4.50,home,ft,4.3,2
dhe7ObQi,Nishioka Y.,Rinderknech A.,2,2,hc,-4.50,away,ft,1.16,2
jaWETyk5,Shang J.,Thompson J.,1,1,ou,2.50,over,ft,2.38,1
jaWETyk5,Shang J.,Thompson J.,1,1,ou,2.50,under,ft,1.63,1
jaWETyk5,Shang J.,Thompson J.,1,1,ou,19.50,over,ft,1.23,2
jaWETyk5,Shang J.,Thompson J.,1,1,ou,19.50,under,ft,3.56,2
jaWETyk5,Shang J.,Thompson J.,1,1,ou,20.00,over,ft,1.27,2
jaWETyk5,Shang J.,Thompson J.,1,1,ou,20.00,under,ft,3.28,2
jaWETyk5,Shang J.,Thompson J.,1,1,ou,20.50,over,ft,1.367,3
jaWETyk5,Shang J.,Thompson J.,1,1,ou,20.50,under,ft,2.847,3
jaWETyk5,Shang J.,Thompson J.,1,1,ou,21.00,over,ft,1.39,2
jaWETyk5,Shang J.,Thompson J.,1,1,ou,21.00,under,ft,2.68,2
jaWETyk5,Shang J.,Thompson J.,1,1,ou,21.50,over,ft,1.487,3
jaWETyk5,Shang J.,Thompson J.,1,1,ou,21.50,under,ft,2.477,3
jaWETyk5,Shang J.,Thompson J.,1,1,ou,22.00,over,ft,1.6,3
jaWETyk5,Shang J.,Thompson J.,1,1,ou,22.00,under,ft,2.287,3
jaWETyk5,Shang J.,Thompson J.,1,1,ou,22.50,over,ft,1.76,4
jaWETyk5,Shang J.,Thompson J.,1,1,ou,22.50,under,ft,2.053,4
jaWETyk5,Shang J.,Thompson J.,1,1,ou,23.00,over,ft,1.893,3
jaWETyk5,Shang J.,Thompson J.,1,1,ou,23.00,under,ft,1.903,3
jaWETyk5,Shang J.,Thompson J.,1,1,ou,23.50,over,ft,2.018,4
jaWETyk5,Shang J.,Thompson J.,1,1,ou,23.50,under,ft,1.825,4
jaWETyk5,Shang J.,Thompson J.,1,1,ou,24.00,over,ft,2.07,3
jaWETyk5,Shang J.,Thompson J.,1,1,ou,24.00,under,ft,1.747,3
jaWETyk5,Shang J.,Thompson J.,1,1,ou,24.50,over,ft,2.073,3
jaWETyk5,Shang J.,Thompson J.,1,1,ou,24.50,under,ft,1.707,3
jaWETyk5,Shang J.,Thompson J.,1,1,ou,25.00,over,ft,2.11,2
jaWETyk5,Shang J.,Thompson J.,1,1,ou,25.00,under,ft,1.65,2
jaWETyk5,Shang J.,Thompson J.,1,1,ou,25.50,over,ft,2.19,3
jaWETyk5,Shang J.,Thompson J.,1,1,ou,25.50,under,ft,1.623,3
jaWETyk5,Shang J.,Thompson J.,1,1,ou,26.00,over,ft,2.35,2
jaWETyk5,Shang J.,Thompson J.,1,1,ou,26.00,under,ft,1.5,2
jaWETyk5,Shang J.,Thompson J.,1,1,ou,26.50,over,ft,2.473,3
jaWETyk5,Shang J.,Thompson J.,1,1,ou,26.50,under,ft,1.477,3
jaWETyk5,Shang J.,Thompson J.,1,1,ou,27.50,over,ft,2.973,3
jaWETyk5,Shang J.,Thompson J.,1,1,ou,27.50,under,ft,1.347,3
jaWETyk5,Shang J.,Thompson J.,1,1,ou,28.50,over,ft,2.85,1
jaWETyk5,Shang J.,Thompson J.,1,1,ou,28.50,under,ft,1.4,1
jaWETyk5,Shang J.,Thompson J.,1,1,hc,1.00,home,ft,1.41,2
jaWETyk5,Shang J.,Thompson J.,1,1,hc,1.00,away,ft,2.61,2
jaWETyk5,Shang J.,Thompson J.,1,1,hc,-1.00,home,ft,1.795,2
jaWETyk5,Shang J.,Thompson J.,1,1,hc,-1.00,away,ft,1.865,2
jaWETyk5,Shang J.,Thompson J.,1,1,hc,1.50,home,ft,1.183,3
jaWETyk5,Shang J.,Thompson J.,1,1,hc,1.50,away,ft,4.397,3
jaWETyk5,Shang J.,Thompson J.,1,1,hc,-1.50,home,ft,2.34,4
jaWETyk5,Shang J.,Thompson J.,1,1,hc,-1.50,away,ft,1.568,4
jaWETyk5,Shang J.,Thompson J.,1,1,hc,0,home,ft,1.48,2
jaWETyk5,Shang J.,Thompson J.,1,1,hc,0,away,ft,2.41,2
jaWETyk5,Shang J.,Thompson J.,1,1,hc,0.50,home,ft,1.447,3
jaWETyk5,Shang J.,Thompson J.,1,1,hc,0.50,away,ft,2.55,3
jaWETyk5,Shang J.,Thompson J.,1,1,hc,-0.50,home,ft,1.587,4
jaWETyk5,Shang J.,Thompson J.,1,1,hc,-0.50,away,ft,2.288,4
jaWETyk5,Shang J.,Thompson J.,1,1,hc,1.00,home,ft,1.39,2
jaWETyk5,Shang J.,Thompson J.,1,1,hc,1.00,away,ft,2.67,2
jaWETyk5,Shang J.,Thompson J.,1,1,hc,-1.00,home,ft,1.613,3
jaWETyk5,Shang J.,Thompson J.,1,1,hc,-1.00,away,ft,2.217,3
jaWETyk5,Shang J.,Thompson J.,1,1,hc,1.50,home,ft,1.413,3
jaWETyk5,Shang J.,Thompson J.,1,1,hc,1.50,away,ft,2.657,3
jaWETyk5,Shang J.,Thompson J.,1,1,hc,-1.50,home,ft,1.778,4
jaWETyk5,Shang J.,Thompson J.,1,1,hc,-1.50,away,ft,2.078,4
jaWETyk5,Shang J.,Thompson J.,1,1,hc,2.00,home,ft,1.34,2
jaWETyk5,Shang J.,Thompson J.,1,1,hc,2.00,away,ft,2.88,2
jaWETyk5,Shang J.,Thompson J.,1,1,hc,-2.00,home,ft,1.77,3
jaWETyk5,Shang J.,Thompson J.,1,1,hc,-2.00,away,ft,1.973,3
jaWETyk5,Shang J.,Thompson J.,1,1,hc,2.50,home,ft,1.59,2
jaWETyk5,Shang J.,Thompson J.,1,1,hc,2.50,away,ft,2.16,2
jaWETyk5,Shang J.,Thompson J.,1,1,hc,-2.50,home,ft,1.903,4
jaWETyk5,Shang J.,Thompson J.,1,1,hc,-2.50,away,ft,1.857,4
jaWETyk5,Shang J.,Thompson J.,1,1,hc,3.00,home,ft,1.33,2
jaWETyk5,Shang J.,Thompson J.,1,1,hc,3.00,away,ft,2.93,2
jaWETyk5,Shang J.,Thompson J.,1,1,hc,-3.00,home,ft,2.14,3
jaWETyk5,Shang J.,Thompson J.,1,1,hc,-3.00,away,ft,1.657,3
jaWETyk5,Shang J.,Thompson J.,1,1,hc,3.50,home,ft,1.38,2
jaWETyk5,Shang J.,Thompson J.,1,1,hc,3.50,away,ft,2.71,2
jaWETyk5,Shang J.,Thompson J.,1,1,hc,-3.50,home,ft,2.385,4
jaWETyk5,Shang J.,Thompson J.,1,1,hc,-3.50,away,ft,1.542,4
jaWETyk5,Shang J.,Thompson J.,1,1,hc,-4.00,home,ft,2.87,2
jaWETyk5,Shang J.,Thompson J.,1,1,hc,-4.00,away,ft,1.34,2
jaWETyk5,Shang J.,Thompson J.,1,1,hc,-4.50,home,ft,3.22,2
jaWETyk5,Shang J.,Thompson J.,1,1,hc,-4.50,away,ft,1.28,2
jaWETyk5,Shang J.,Thompson J.,1,1,hc,-5.00,home,ft,4.5,2
jaWETyk5,Shang J.,Thompson J.,1,1,hc,-5.00,away,ft,1.15,2
jaWETyk5,Shang J.,Thompson J.,1,1,hc,-5.50,home,ft,4.95,2
jaWETyk5,Shang J.,Thompson J.,1,1,hc,-5.50,away,ft,1.12,2
tfjHsQEj,Rinderknech A.,Bellucci M.,2,2,ou,2.50,over,ft,2.38,1
tfjHsQEj,Rinderknech A.,Bellucci M.,2,2,ou,2.50,under,ft,1.63,1
tfjHsQEj,Rinderknech A.,Bellucci M.,2,2,ou,20.00,over,ft,1.32,2
tfjHsQEj,Rinderknech A.,Bellucci M.,2,2,ou,20.00,under,ft,2.99,2
tfjHsQEj,Rinderknech A.,Bellucci M.,2,2,ou,20.50,over,ft,1.42,2
tfjHsQEj,Rinderknech A.,Bellucci M.,2,2,ou,20.50,under,ft,2.62,2
tfjHsQEj,Rinderknech A.,Bellucci M.,2,2,ou,21.00,over,ft,1.32,2
tfjHsQEj,Rinderknech A.,Bellucci M.,2,2,ou,21.00,under,ft,2.99,2
tfjHsQEj,Rinderknech A.,Bellucci M.,2,2,ou,21.50,over,ft,1.31,2
tfjHsQEj,Rinderknech A.,Bellucci M.,2,2,ou,21.50,under,ft,3.05,2
tfjHsQEj,Rinderknech A.,Bellucci M.,2,2,ou,22.00,over,ft,1.39,2
tfjHsQEj,Rinderknech A.,Bellucci M.,2,2,ou,22.00,under,ft,2.68,2
tfjHsQEj,Rinderknech A.,Bellucci M.,2,2,ou,22.50,over,ft,1.627,4
tfjHsQEj,Rinderknech A.,Bellucci M.,2,2,ou,22.50,under,ft,2.212,4
tfjHsQEj,Rinderknech A.,Bellucci M.,2,2,ou,23.00,over,ft,1.67,3
tfjHsQEj,Rinderknech A.,Bellucci M.,2,2,ou,23.00,under,ft,2.15,3
tfjHsQEj,Rinderknech A.,Bellucci M.,2,2,ou,23.50,over,ft,1.86,4
tfjHsQEj,Rinderknech A.,Bellucci M.,2,2,ou,23.50,under,ft,1.938,4
tfjHsQEj,Rinderknech A.,Bellucci M.,2,2,ou,24.00,over,ft,1.863,3
tfjHsQEj,Rinderknech A.,Bellucci M.,2,2,ou,24.00,under,ft,1.93,3
tfjHsQEj,Rinderknech A.,Bellucci M.,2,2,ou,24.50,over,ft,1.897,3
tfjHsQEj,Rinderknech A.,Bellucci M.,2,2,ou,24.50,under,ft,1.917,3
tfjHsQEj,Rinderknech A.,Bellucci M.,2,2,ou,25.00,over,ft,1.953,3
tfjHsQEj,Rinderknech A.,Bellucci M.,2,2,ou,25.00,under,ft,1.843,3
tfjHsQEj,Rinderknech A.,Bellucci M.,2,2,ou,25.50,over,ft,2.03,4
tfjHsQEj,Rinderknech A.,Bellucci M.,2,2,ou,25.50,under,ft,1.778,4
tfjHsQEj,Rinderknech A.,Bellucci M.,2,2,ou,26.00,over,ft,2.183,3
tfjHsQEj,Rinderknech A.,Bellucci M.,2,2,ou,26.00,under,ft,1.647,3
tfjHsQEj,Rinderknech A.,Bellucci M.,2,2,ou,26.50,over,ft,2.353,3
tfjHsQEj,Rinderknech A.,Bellucci M.,2,2,ou,26.50,under,ft,1.53,3
tfjHsQEj,Rinderknech A.,Bellucci M.,2,2,ou,27.00,over,ft,2.36,2
tfjHsQEj,Rinderknech A.,Bellucci M.,2,2,ou,27.00,under,ft,1.51,2
tfjHsQEj,Rinderknech A.,Bellucci M.,2,2,ou,27.50,over,ft,2.42,3
tfjHsQEj,Rinderknech A.,Bellucci M.,2,2,ou,27.50,under,ft,1.5,3
tfjHsQEj,Rinderknech A.,Bellucci M.,2,2,ou,28.50,over,ft,2.65,1
tfjHsQEj,Rinderknech A.,Bellucci M.,2,2,ou,28.50,under,ft,1.46,1
tfjHsQEj,Rinderknech A.,Bellucci M.,2,2,ou,29.50,over,ft,2.85,1
tfjHsQEj,Rinderknech A.,Bellucci M.,2,2,ou,29.50,under,ft,1.4,1
tfjHsQEj,Rinderknech A.,Bellucci M.,2,2,hc,-1.00,home,ft,1.97,2
tfjHsQEj,Rinderknech A.,Bellucci M.,2,2,hc,-1.00,away,ft,1.71,2
tfjHsQEj,Rinderknech A.,Bellucci M.,2,2,hc,1.50,home,ft,1.253,3
tfjHsQEj,Rinderknech A.,Bellucci M.,2,2,hc,1.50,away,ft,3.693,3
tfjHsQEj,Rinderknech A.,Bellucci M.,2,2,hc,-1.50,home,ft,2.535,4
tfjHsQEj,Rinderknech A.,Bellucci M.,2,2,hc,-1.50,away,ft,1.455,4
tfjHsQEj,Rinderknech A.,Bellucci M.,2,2,hc,0,home,ft,1.63,3
tfjHsQEj,Rinderknech A.,Bellucci M.,2,2,hc,0,away,ft,2.17,3
tfjHsQEj,Rinderknech A.,Bellucci M.,2,2,hc,0.50,home,ft,1.54,3
tfjHsQEj,Rinderknech A.,Bellucci M.,2,2,hc,0.50,away,ft,2.317,3
tfjHsQEj,Rinderknech A.,Bellucci M.,2,2,hc,-0.50,home,ft,1.685,4
tfjHsQEj,Rinderknech A.,Bellucci M.,2,2,hc,-0.50,away,ft,2.123,4
tfjHsQEj,Rinderknech A.,Bellucci M.,2,2,hc,1.00,home,ft,1.46,2
tfjHsQEj,Rinderknech A.,Bellucci M.,2,2,hc,1.00,away,ft,2.45,2
tfjHsQEj,Rinderknech A.,Bellucci M.,2,2,hc,-1.00,home,ft,1.743,3
tfjHsQEj,Rinderknech A.,Bellucci M.,2,2,hc,-1.00,away,ft,2.01,3
tfjHsQEj,Rinderknech A.,Bellucci M.,2,2,hc,1.50,home,ft,1.443,3
tfjHsQEj,Rinderknech A.,Bellucci M.,2,2,hc,1.50,away,ft,2.573,3
tfjHsQEj,Rinderknech A.,Bellucci M.,2,2,hc,-1.50,home,ft,1.85,4
tfjHsQEj,Rinderknech A.,Bellucci M.,2,2,hc,-1.50,away,ft,1.915,4
tfjHsQEj,Rinderknech A.,Bellucci M.,2,2,hc,-2.00,home,ft,2.013,3
tfjHsQEj,Rinderknech A.,Bellucci M.,2,2,hc,-2.00,away,ft,1.743,3
tfjHsQEj,Rinderknech A.,Bellucci M.,2,2,hc,-2.50,home,ft,2.195,4
tfjHsQEj,Rinderknech A.,Bellucci M.,2,2,hc,-2.50,away,ft,1.635,4
tfjHsQEj,Rinderknech A.,Bellucci M.,2,2,hc,-3.00,home,ft,2.55,2
tfjHsQEj,Rinderknech A.,Bellucci M.,2,2,hc,-3.00,away,ft,1.43,2
tfjHsQEj,Rinderknech A.,Bellucci M.,2,2,hc,-3.50,home,ft,2.81,3
tfjHsQEj,Rinderknech A.,Bellucci M.,2,2,hc,-3.50,away,ft,1.373,3
tfjHsQEj,Rinderknech A.,Bellucci M.,2,2,hc,-4.00,home,ft,3.92,2
tfjHsQEj,Rinderknech A.,Bellucci M.,2,2,hc,-4.00,away,ft,1.19,2
bw1ISgfn,Nishioka Y.,Tiafoe F.,2,2,ou,2.50,over,ft,2.37,1
bw1ISgfn,Nishioka Y.,Tiafoe F.,2,2,ou,2.50,under,ft,1.64,1
bw1ISgfn,Nishioka Y.,Tiafoe F.,2,2,ou,20.00,over,ft,1.31,2
bw1ISgfn,Nishioka Y.,Tiafoe F.,2,2,ou,20.00,under,ft,3.04,2
bw1ISgfn,Nishioka Y.,Tiafoe F.,2,2,ou,20.50,over,ft,1.42,3
bw1ISgfn,Nishioka Y.,Tiafoe F.,2,2,ou,20.50,under,ft,2.673,3
bw1ISgfn,Nishioka Y.,Tiafoe F.,2,2,ou,21.00,over,ft,1.47,2
bw1ISgfn,Nishioka Y.,Tiafoe F.,2,2,ou,21.00,under,ft,2.5,2
bw1ISgfn,Nishioka Y.,Tiafoe F.,2,2,ou,21.50,over,ft,1.547,3
bw1ISgfn,Nishioka Y.,Tiafoe F.,2,2,ou,21.50,under,ft,2.38,3
bw1ISgfn,Nishioka Y.,Tiafoe F.,2,2,ou,22.00,over,ft,1.667,3
bw1ISgfn,Nishioka Y.,Tiafoe F.,2,2,ou,22.00,under,ft,2.2,3
bw1ISgfn,Nishioka Y.,Tiafoe F.,2,2,ou,22.50,over,ft,1.815,4
bw1ISgfn,Nishioka Y.,Tiafoe F.,2,2,ou,22.50,under,ft,2.032,4
bw1ISgfn,Nishioka Y.,Tiafoe F.,2,2,ou,23.00,over,ft,1.943,3
bw1ISgfn,Nishioka Y.,Tiafoe F.,2,2,ou,23.00,under,ft,1.85,3
bw1ISgfn,Nishioka Y.,Tiafoe F.,2,2,ou,23.50,over,ft,2.075,4
bw1ISgfn,Nishioka Y.,Tiafoe F.,2,2,ou,23.50,under,ft,1.745,4
bw1ISgfn,Nishioka Y.,Tiafoe F.,2,2,ou,24.00,over,ft,2.09,3
bw1ISgfn,Nishioka Y.,Tiafoe F.,2,2,ou,24.00,under,ft,1.713,3
bw1ISgfn,Nishioka Y.,Tiafoe F.,2,2,ou,24.50,over,ft,2.1,2
bw1ISgfn,Nishioka Y.,Tiafoe F.,2,2,ou,24.50,under,ft,1.64,2
bw1ISgfn,Nishioka Y.,Tiafoe F.,2,2,ou,25.00,over,ft,2.18,2
bw1ISgfn,Nishioka Y.,Tiafoe F.,2,2,ou,25.00,under,ft,1.58,2
bw1ISgfn,Nishioka Y.,Tiafoe F.,2,2,ou,25.50,over,ft,2.2,3
bw1ISgfn,Nishioka Y.,Tiafoe F.,2,2,ou,25.50,under,ft,1.603,3
bw1ISgfn,Nishioka Y.,Tiafoe F.,2,2,ou,26.50,over,ft,2.447,3
bw1ISgfn,Nishioka Y.,Tiafoe F.,2,2,ou,26.50,under,ft,1.487,3
bw1ISgfn,Nishioka Y.,Tiafoe F.,2,2,ou,27.50,over,ft,2.69,1
bw1ISgfn,Nishioka Y.,Tiafoe F.,2,2,ou,27.50,under,ft,1.45,1
bw1ISgfn,Nishioka Y.,Tiafoe F.,2,2,hc,1.00,home,ft,2.01,2
bw1ISgfn,Nishioka Y.,Tiafoe F.,2,2,hc,1.00,away,ft,1.68,2
bw1ISgfn,Nishioka Y.,Tiafoe F.,2,2,hc,1.50,home,ft,1.6,4
bw1ISgfn,Nishioka Y.,Tiafoe F.,2,2,hc,1.50,away,ft,2.268,4
bw1ISgfn,Nishioka Y.,Tiafoe F.,2,2,hc,-1.50,home,ft,4.713,3
bw1ISgfn,Nishioka Y.,Tiafoe F.,2,2,hc,-1.50,away,ft,1.167,3
bw1ISgfn,Nishioka Y.,Tiafoe F.,2,2,hc,0.50,home,ft,2.457,3
bw1ISgfn,Nishioka Y.,Tiafoe F.,2,2,hc,0.50,away,ft,1.493,3
bw1ISgfn,Nishioka Y.,Tiafoe F.,2,2,hc,-0.50,home,ft,2.683,3
bw1ISgfn,Nishioka Y.,Tiafoe F.,2,2,hc,-0.50,away,ft,1.407,3
bw1ISgfn,Nishioka Y.,Tiafoe F.,2,2,hc,1.00,home,ft,2.39,2
bw1ISgfn,Nishioka Y.,Tiafoe F.,2,2,hc,1.00,away,ft,1.51,2
bw1ISgfn,Nishioka Y.,Tiafoe F.,2,2,hc,1.50,home,ft,2.245,4
bw1ISgfn,Nishioka Y.,Tiafoe F.,2,2,hc,1.50,away,ft,1.635,4
bw1ISgfn,Nishioka Y.,Tiafoe F.,2,2,hc,2.00,home,ft,2.12,3
bw1ISgfn,Nishioka Y.,Tiafoe F.,2,2,hc,2.00,away,ft,1.72,3
bw1ISgfn,Nishioka Y.,Tiafoe F.,2,2,hc,2.50,home,ft,1.992,4
bw1ISgfn,Nishioka Y.,Tiafoe F.,2,2,hc,2.50,away,ft,1.85,4
bw1ISgfn,Nishioka Y.,Tiafoe F.,2,2,hc,3.00,home,ft,1.777,3
bw1ISgfn,Nishioka Y.,Tiafoe F.,2,2,hc,3.00,away,ft,2.037,3
bw1ISgfn,Nishioka Y.,Tiafoe F.,2,2,hc,3.50,home,ft,1.62,4
bw1ISgfn,Nishioka Y.,Tiafoe F.,2,2,hc,3.50,away,ft,2.275,4
bw1ISgfn,Nishioka Y.,Tiafoe F.,2,2,hc,4.00,home,ft,1.44,3
bw1ISgfn,Nishioka Y.,Tiafoe F.,2,2,hc,4.00,away,ft,2.703,3
bw1ISgfn,Nishioka Y.,Tiafoe F.,2,2,hc,4.50,home,ft,1.33,2
bw1ISgfn,Nishioka Y.,Tiafoe F.,2,2,hc,4.50,away,ft,2.99,2
bw1ISgfn,Nishioka Y.,Tiafoe F.,2,2,hc,5.00,home,ft,1.18,2
bw1ISgfn,Nishioka Y.,Tiafoe F.,2,2,hc,5.00,away,ft,3.76,2
b9cVDLKc,Shang J.,Purcell M.,2,2,ou,2.50,over,ft,2.46,1
b9cVDLKc,Shang J.,Purcell M.,2,2,ou,2.50,under,ft,1.6,1
b9cVDLKc,Shang J.,Purcell M.,2,2,ou,20.00,over,ft,1.25,2
b9cVDLKc,Shang J.,Purcell M.,2,2,ou,20.00,under,ft,3.42,2
b9cVDLKc,Shang J.,Purcell M.,2,2,ou,20.50,over,ft,1.377,3
b9cVDLKc,Shang J.,Purcell M.,2,2,ou,20.50,under,ft,2.84,3
b9cVDLKc,Shang J.,Purcell M.,2,2,ou,21.00,over,ft,1.4,2
b9cVDLKc,Shang J.,Purcell M.,2,2,ou,21.00,under,ft,2.73,2
b9cVDLKc,Shang J.,Purcell M.,2,2,ou,21.50,over,ft,1.538,4
b9cVDLKc,Shang J.,Purcell M.,2,2,ou,21.50,under,ft,2.455,4
b9cVDLKc,Shang J.,Purcell M.,2,2,ou,22.00,over,ft,1.633,3
b9cVDLKc,Shang J.,Purcell M.,2,2,ou,22.00,under,ft,2.277,3
b9cVDLKc,Shang J.,Purcell M.,2,2,ou,22.50,over,ft,1.817,4
b9cVDLKc,Shang J.,Purcell M.,2,2,ou,22.50,under,ft,2.027,4
b9cVDLKc,Shang J.,Purcell M.,2,2,ou,23.00,over,ft,1.92,3
b9cVDLKc,Shang J.,Purcell M.,2,2,ou,23.00,under,ft,1.86,3
b9cVDLKc,Shang J.,Purcell M.,2,2,ou,23.50,over,ft,2.085,4
b9cVDLKc,Shang J.,Purcell M.,2,2,ou,23.50,under,ft,1.73,4
b9cVDLKc,Shang J.,Purcell M.,2,2,ou,24.00,over,ft,2.087,3
b9cVDLKc,Shang J.,Purcell M.,2,2,ou,24.00,under,ft,1.713,3
b9cVDLKc,Shang J.,Purcell M.,2,2,ou,24.50,over,ft,2.04,2
b9cVDLKc,Shang J.,Purcell M.,2,2,ou,24.50,under,ft,1.68,2
b9cVDLKc,Shang J.,Purcell M.,2,2,ou,25.00,over,ft,2.11,2
b9cVDLKc,Shang J.,Purcell M.,2,2,ou,25.00,under,ft,1.62,2
b9cVDLKc,Shang J.,Purcell M.,2,2,ou,25.50,over,ft,2.22,3
b9cVDLKc,Shang J.,Purcell M.,2,2,ou,25.50,under,ft,1.603,3
b9cVDLKc,Shang J.,Purcell M.,2,2,ou,26.00,over,ft,2.35,2
b9cVDLKc,Shang J.,Purcell M.,2,2,ou,26.00,under,ft,1.5,2
b9cVDLKc,Shang J.,Purcell M.,2,2,ou,26.50,over,ft,2.363,3
b9cVDLKc,Shang J.,Purcell M.,2,2,ou,26.50,under,ft,1.527,3
b9cVDLKc,Shang J.,Purcell M.,2,2,ou,27.50,over,ft,2.77,1
b9cVDLKc,Shang J.,Purcell M.,2,2,ou,27.50,under,ft,1.42,1
b9cVDLKc,Shang J.,Purcell M.,2,2,ou,28.50,over,ft,2.84,1
b9cVDLKc,Shang J.,Purcell M.,2,2,ou,28.50,under,ft,1.4,1
EPmxq1LN,Thompson J.,Davidovich Fokina A.,2,2,ou,2.50,over,ft,2.38,1
EPmxq1LN,Thompson J.,Davidovich Fokina A.,2,2,ou,2.50,under,ft,1.63,1
EPmxq1LN,Thompson J.,Davidovich Fokina A.,2,2,ou,20.00,over,ft,1.28,2
EPmxq1LN,Thompson J.,Davidovich Fokina A.,2,2,ou,20.00,under,ft,3.22,2
EPmxq1LN,Thompson J.,Davidovich Fokina A.,2,2,ou,20.50,over,ft,1.417,3
EPmxq1LN,Thompson J.,Davidovich Fokina A.,2,2,ou,20.50,under,ft,2.693,3
EPmxq1LN,Thompson J.,Davidovich Fokina A.,2,2,ou,21.00,over,ft,1.44,2
EPmxq1LN,Thompson J.,Davidovich Fokina A.,2,2,ou,21.00,under,ft,2.59,2
EPmxq1LN,Thompson J.,Davidovich Fokina A.,2,2,ou,21.50,over,ft,1.578,4
EPmxq1LN,Thompson J.,Davidovich Fokina A.,2,2,ou,21.50,under,ft,2.367,4
EPmxq1LN,Thompson J.,Davidovich Fokina A.,2,2,ou,22.00,over,ft,1.673,3
EPmxq1LN,Thompson J.,Davidovich Fokina A.,2,2,ou,22.00,under,ft,2.187,3
EPmxq1LN,Thompson J.,Davidovich Fokina A.,2,2,ou,22.50,over,ft,1.847,4
EPmxq1LN,Thompson J.,Davidovich Fokina A.,2,2,ou,22.50,under,ft,1.98,4
EPmxq1LN,Thompson J.,Davidovich Fokina A.,2,2,ou,23.00,over,ft,1.94,3
EPmxq1LN,Thompson J.,Davidovich Fokina A.,2,2,ou,23.00,under,ft,1.853,3
EPmxq1LN,Thompson J.,Davidovich Fokina A.,2,2,ou,23.50,over,ft,2.08,4
EPmxq1LN,Thompson J.,Davidovich Fokina A.,2,2,ou,23.50,under,ft,1.74,4
EPmxq1LN,Thompson J.,Davidovich Fokina A.,2,2,ou,24.00,over,ft,2.02,2
EPmxq1LN,Thompson J.,Davidovich Fokina A.,2,2,ou,24.00,under,ft,1.71,2
EPmxq1LN,Thompson J.,Davidovich Fokina A.,2,2,ou,24.50,over,ft,2.093,3
EPmxq1LN,Thompson J.,Davidovich Fokina A.,2,2,ou,24.50,under,ft,1.683,3
EPmxq1LN,Thompson J.,Davidovich Fokina A.,2,2,ou,25.00,over,ft,2.12,2
EPmxq1LN,Thompson J.,Davidovich Fokina A.,2,2,ou,25.00,under,ft,1.61,2
EPmxq1LN,Thompson J.,Davidovich Fokina A.,2,2,ou,25.50,over,ft,2.393,3
EPmxq1LN,Thompson J.,Davidovich Fokina A.,2,2,ou,25.50,under,ft,1.513,3
EPmxq1LN,Thompson J.,Davidovich Fokina A.,2,2,ou,26.50,over,ft,2.717,3
EPmxq1LN,Thompson J.,Davidovich Fokina A.,2,2,ou,26.50,under,ft,1.4,3
EPmxq1LN,Thompson J.,Davidovich Fokina A.,2,2,ou,27.50,over,ft,2.77,1
EPmxq1LN,Thompson J.,Davidovich Fokina A.,2,2,ou,27.50,under,ft,1.42,1
EPmxq1LN,Thompson J.,Davidovich Fokina A.,2,2,hc,1.00,home,ft,1.62,2
EPmxq1LN,Thompson J.,Davidovich Fokina A.,2,2,hc,1.00,away,ft,2.1,2
EPmxq1LN,Thompson J.,Davidovich Fokina A.,2,2,hc,-1.00,home,ft,2.68,2
EPmxq1LN,Thompson J.,Davidovich Fokina A.,2,2,hc,-1.00,away,ft,1.39,2
EPmxq1LN,Thompson J.,Davidovich Fokina A.,2,2,hc,1.50,home,ft,1.435,4
EPmxq1LN,Thompson J.,Davidovich Fokina A.,2,2,hc,1.50,away,ft,2.712,4
EPmxq1LN,Thompson J.,Davidovich Fokina A.,2,2,hc,-1.50,home,ft,3.297,4
EPmxq1LN,Thompson J.,Davidovich Fokina A.,2,2,hc,-1.50,away,ft,1.31,4
EPmxq1LN,Thompson J.,Davidovich Fokina A.,2,2,hc,0,home,ft,2.087,3
EPmxq1LN,Thompson J.,Davidovich Fokina A.,2,2,hc,0,away,ft,1.687,3
EPmxq1LN,Thompson J.,Davidovich Fokina A.,2,2,hc,0.50,home,ft,2.022,4
EPmxq1LN,Thompson J.,Davidovich Fokina A.,2,2,hc,0.50,away,ft,1.752,4
EPmxq1LN,Thompson J.,Davidovich Fokina A.,2,2,hc,-0.50,home,ft,2.157,4
EPmxq1LN,Thompson J.,Davidovich Fokina A.,2,2,hc,-0.50,away,ft,1.655,4
EPmxq1LN,Thompson J.,Davidovich Fokina A.,2,2,hc,1.00,home,ft,1.927,3
EPmxq1LN,Thompson J.,Davidovich Fokina A.,2,2,hc,1.00,away,ft,1.813,3
EPmxq1LN,Thompson J.,Davidovich Fokina A.,2,2,hc,-1.00,home,ft,2.203,3
EPmxq1LN,Thompson J.,Davidovich Fokina A.,2,2,hc,-1.00,away,ft,1.62,3
EPmxq1LN,Thompson J.,Davidovich Fokina A.,2,2,hc,1.50,home,ft,1.873,4
EPmxq1LN,Thompson J.,Davidovich Fokina A.,2,2,hc,1.50,away,ft,1.887,4
EPmxq1LN,Thompson J.,Davidovich Fokina A.,2,2,hc,-1.50,home,ft,2.29,4
EPmxq1LN,Thompson J.,Davidovich Fokina A.,2,2,hc,-1.50,away,ft,1.59,4
EPmxq1LN,Thompson J.,Davidovich Fokina A.,2,2,hc,2.00,home,ft,1.74,3
EPmxq1LN,Thompson J.,Davidovich Fokina A.,2,2,hc,2.00,away,ft,2.013,3
EPmxq1LN,Thompson J.,Davidovich Fokina A.,2,2,hc,-2.00,home,ft,2.337,3
EPmxq1LN,Thompson J.,Davidovich Fokina A.,2,2,hc,-2.00,away,ft,1.56,3
EPmxq1LN,Thompson J.,Davidovich Fokina A.,2,2,hc,2.50,home,ft,1.677,4
EPmxq1LN,Thompson J.,Davidovich Fokina A.,2,2,hc,2.50,away,ft,2.133,4
EPmxq1LN,Thompson J.,Davidovich Fokina A.,2,2,hc,-2.50,home,ft,2.62,3
EPmxq1LN,Thompson J.,Davidovich Fokina A.,2,2,hc,-2.50,away,ft,1.427,3
EPmxq1LN,Thompson J.,Davidovich Fokina A.,2,2,hc,3.00,home,ft,1.48,2
EPmxq1LN,Thompson J.,Davidovich Fokina A.,2,2,hc,3.00,away,ft,2.39,2
EPmxq1LN,Thompson J.,Davidovich Fokina A.,2,2,hc,-3.00,home,ft,2.65,2
EPmxq1LN,Thompson J.,Davidovich Fokina A.,2,2,hc,-3.00,away,ft,1.4,2
EPmxq1LN,Thompson J.,Davidovich Fokina A.,2,2,hc,3.50,home,ft,1.447,3
EPmxq1LN,Thompson J.,Davidovich Fokina A.,2,2,hc,3.50,away,ft,2.557,3
EPmxq1LN,Thompson J.,Davidovich Fokina A.,2,2,hc,-3.50,home,ft,2.603,3
EPmxq1LN,Thompson J.,Davidovich Fokina A.,2,2,hc,-3.50,away,ft,1.413,3
EPmxq1LN,Thompson J.,Davidovich Fokina A.,2,2,hc,4.00,home,ft,1.28,2
EPmxq1LN,Thompson J.,Davidovich Fokina A.,2,2,hc,4.00,away,ft,3.22,2
EPmxq1LN,Thompson J.,Davidovich Fokina A.,2,2,hc,-4.00,home,ft,3.18,2
EPmxq1LN,Thompson J.,Davidovich Fokina A.,2,2,hc,-4.00,away,ft,1.29,2
ja2wpzVj,Shelton B.,Shang J.,0,0,hc,1.00,home,ft,1.41,2
ja2wpzVj,Shelton B.,Shang J.,0,0,hc,1.00,away,ft,2.78,2
ja2wpzVj,Shelton B.,Shang J.,0,0,hc,-1.00,home,ft,1.77,2
ja2wpzVj,Shelton B.,Shang J.,0,0,hc,-1.00,away,ft,1.9,2
ja2wpzVj,Shelton B.,Shang J.,0,0,hc,1.50,home,ft,1.187,3
ja2wpzVj,Shelton B.,Shang J.,0,0,hc,1.50,away,ft,4.373,3
ja2wpzVj,Shelton B.,Shang J.,0,0,hc,-1.50,home,ft,2.38,4
ja2wpzVj,Shelton B.,Shang J.,0,0,hc,-1.50,away,ft,1.538,4
ja2wpzVj,Shelton B.,Shang J.,0,0,hc,0,home,ft,1.5,2
ja2wpzVj,Shelton B.,Shang J.,0,0,hc,0,away,ft,2.35,2
ja2wpzVj,Shelton B.,Shang J.,0,0,hc,0.50,home,ft,1.443,3
ja2wpzVj,Shelton B.,Shang J.,0,0,hc,0.50,away,ft,2.607,3
ja2wpzVj,Shelton B.,Shang J.,0,0,hc,-0.50,home,ft,1.583,4
ja2wpzVj,Shelton B.,Shang J.,0,0,hc,-0.50,away,ft,2.302,4
ja2wpzVj,Shelton B.,Shang J.,0,0,hc,1.00,home,ft,1.445,2
ja2wpzVj,Shelton B.,Shang J.,0,0,hc,1.00,away,ft,2.495,2
ja2wpzVj,Shelton B.,Shang J.,0,0,hc,-1.00,home,ft,1.597,3
ja2wpzVj,Shelton B.,Shang J.,0,0,hc,-1.00,away,ft,2.243,3
ja2wpzVj,Shelton B.,Shang J.,0,0,hc,1.50,home,ft,1.493,3
ja2wpzVj,Shelton B.,Shang J.,0,0,hc,1.50,away,ft,2.52,3
ja2wpzVj,Shelton B.,Shang J.,0,0,hc,-1.50,home,ft,1.772,4
ja2wpzVj,Shelton B.,Shang J.,0,0,hc,-1.50,away,ft,2.075,4
ja2wpzVj,Shelton B.,Shang J.,0,0,hc,2.00,home,ft,1.42,2
ja2wpzVj,Shelton B.,Shang J.,0,0,hc,2.00,away,ft,2.62,2
ja2wpzVj,Shelton B.,Shang J.,0,0,hc,-2.00,home,ft,1.833,3
ja2wpzVj,Shelton B.,Shang J.,0,0,hc,-2.00,away,ft,1.907,3
ja2wpzVj,Shelton B.,Shang J.,0,0,hc,2.50,home,ft,1.36,2
ja2wpzVj,Shelton B.,Shang J.,0,0,hc,2.50,away,ft,2.79,2
ja2wpzVj,Shelton B.,Shang J.,0,0,hc,-2.50,home,ft,2.035,4
ja2wpzVj,Shelton B.,Shang J.,0,0,hc,-2.50,away,ft,1.742,4
ja2wpzVj,Shelton B.,Shang J.,0,0,hc,-3.00,home,ft,2.373,3
ja2wpzVj,Shelton B.,Shang J.,0,0,hc,-3.00,away,ft,1.543,3
ja2wpzVj,Shelton B.,Shang J.,0,0,hc,-3.50,home,ft,2.695,4
ja2wpzVj,Shelton B.,Shang J.,0,0,hc,-3.50,away,ft,1.442,4
ja2wpzVj,Shelton B.,Shang J.,0,0,hc,-4.00,home,ft,3.52,2
ja2wpzVj,Shelton B.,Shang J.,0,0,hc,-4.00,away,ft,1.24,2
ja2wpzVj,Shelton B.,Shang J.,0,0,hc,-4.50,home,ft,4.02,2
ja2wpzVj,Shelton B.,Shang J.,0,0,hc,-4.50,away,ft,1.18,2
ja2wpzVj,Shelton B.,Shang J.,0,0,hc,-5.00,home,ft,6.15,2
ja2wpzVj,Shelton B.,Shang J.,0,0,hc,-5.00,away,ft,1.08,2
EDcY4MlQ,Goffin D.,Purcell M.,0,0,ou,2.50,over,ft,2.31,1
EDcY4MlQ,Goffin D.,Purcell M.,0,0,ou,2.50,under,ft,1.67,1
EDcY4MlQ,Goffin D.,Purcell M.,0,0,ou,20.00,over,ft,1.27,2
EDcY4MlQ,Goffin D.,Purcell M.,0,0,ou,20.00,under,ft,3.28,2
EDcY4MlQ,Goffin D.,Purcell M.,0,0,ou,20.50,over,ft,1.4,3
EDcY4MlQ,Goffin D.,Purcell M.,0,0,ou,20.50,under,ft,2.787,3
EDcY4MlQ,Goffin D.,Purcell M.,0,0,ou,21.00,over,ft,1.4,2
EDcY4MlQ,Goffin D.,Purcell M.,0,0,ou,21.00,under,ft,2.65,2
EDcY4MlQ,Goffin D.,Purcell M.,0,0,ou,21.50,over,ft,1.533,3
EDcY4MlQ,Goffin D.,Purcell M.,0,0,ou,21.50,under,ft,2.38,3
EDcY4MlQ,Goffin D.,Purcell M.,0,0,ou,22.00,over,ft,1.627,3
EDcY4MlQ,Goffin D.,Purcell M.,0,0,ou,22.00,under,ft,2.23,3
EDcY4MlQ,Goffin D.,Purcell M.,0,0,ou,22.50,over,ft,1.805,4
EDcY4MlQ,Goffin D.,Purcell M.,0,0,ou,22.50,under,ft,1.998,4
EDcY4MlQ,Goffin D.,Purcell M.,0,0,ou,23.00,over,ft,1.903,3
EDcY4MlQ,Goffin D.,Purcell M.,0,0,ou,23.00,under,ft,1.887,3
EDcY4MlQ,Goffin D.,Purcell M.,0,0,ou,23.50,over,ft,2.067,4
EDcY4MlQ,Goffin D.,Purcell M.,0,0,ou,23.50,under,ft,1.772,4
EDcY4MlQ,Goffin D.,Purcell M.,0,0,ou,24.00,over,ft,2.063,3
EDcY4MlQ,Goffin D.,Purcell M.,0,0,ou,24.00,under,ft,1.75,3
EDcY4MlQ,Goffin D.,Purcell M.,0,0,ou,24.50,over,ft,2.09,3
EDcY4MlQ,Goffin D.,Purcell M.,0,0,ou,24.50,under,ft,1.707,3
EDcY4MlQ,Goffin D.,Purcell M.,0,0,ou,25.00,over,ft,2.11,2
EDcY4MlQ,Goffin D.,Purcell M.,0,0,ou,25.00,under,ft,1.65,2
EDcY4MlQ,Goffin D.,Purcell M.,0,0,ou,25.50,over,ft,2.237,3
EDcY4MlQ,Goffin D.,Purcell M.,0,0,ou,25.50,under,ft,1.6,3
EDcY4MlQ,Goffin D.,Purcell M.,0,0,ou,26.00,over,ft,2.33,2
EDcY4MlQ,Goffin D.,Purcell M.,0,0,ou,26.00,under,ft,1.51,2
EDcY4MlQ,Goffin D.,Purcell M.,0,0,ou,26.50,over,ft,2.55,3
EDcY4MlQ,Goffin D.,Purcell M.,0,0,ou,26.50,under,ft,1.46,3
EDcY4MlQ,Goffin D.,Purcell M.,0,0,ou,27.50,over,ft,2.89,1
EDcY4MlQ,Goffin D.,Purcell M.,0,0,ou,27.50,under,ft,1.42,1
EDcY4MlQ,Goffin D.,Purcell M.,0,0,hc,1.00,home,ft,1.39,2
EDcY4MlQ,Goffin D.,Purcell M.,0,0,hc,1.00,away,ft,2.68,2
EDcY4MlQ,Goffin D.,Purcell M.,0,0,hc,-1.00,home,ft,2.1,2
EDcY4MlQ,Goffin D.,Purcell M.,0,0,hc,-1.00,away,ft,1.62,2
EDcY4MlQ,Goffin D.,Purcell M.,0,0,hc,1.50,home,ft,1.26,3
EDcY4MlQ,Goffin D.,Purcell M.,0,0,hc,1.50,away,ft,3.603,3
EDcY4MlQ,Goffin D.,Purcell M.,0,0,hc,-1.50,home,ft,2.663,4
EDcY4MlQ,Goffin D.,Purcell M.,0,0,hc,-1.50,away,ft,1.438,4
EDcY4MlQ,Goffin D.,Purcell M.,0,0,hc,0,home,ft,1.65,3
EDcY4MlQ,Goffin D.,Purcell M.,0,0,hc,0,away,ft,2.14,3
EDcY4MlQ,Goffin D.,Purcell M.,0,0,hc,0.50,home,ft,1.645,4
EDcY4MlQ,Goffin D.,Purcell M.,0,0,hc,0.50,away,ft,2.183,4
EDcY4MlQ,Goffin D.,Purcell M.,0,0,hc,-0.50,home,ft,1.73,4
EDcY4MlQ,Goffin D.,Purcell M.,0,0,hc,-0.50,away,ft,2.055,4
EDcY4MlQ,Goffin D.,Purcell M.,0,0,hc,1.00,home,ft,1.62,3
EDcY4MlQ,Goffin D.,Purcell M.,0,0,hc,1.00,away,ft,2.203,3
EDcY4MlQ,Goffin D.,Purcell M.,0,0,hc,-1.00,home,ft,1.797,3
EDcY4MlQ,Goffin D.,Purcell M.,0,0,hc,-1.00,away,ft,1.947,3
EDcY4MlQ,Goffin D.,Purcell M.,0,0,hc,1.50,home,ft,1.51,3
EDcY4MlQ,Goffin D.,Purcell M.,0,0,hc,1.50,away,ft,2.413,3
EDcY4MlQ,Goffin D.,Purcell M.,0,0,hc,-1.50,home,ft,1.86,4
EDcY4MlQ,Goffin D.,Purcell M.,0,0,hc,-1.50,away,ft,1.903,4
EDcY4MlQ,Goffin D.,Purcell M.,0,0,hc,2.00,home,ft,1.45,2
EDcY4MlQ,Goffin D.,Purcell M.,0,0,hc,2.00,away,ft,2.48,2
EDcY4MlQ,Goffin D.,Purcell M.,0,0,hc,-2.00,home,ft,2.0,3
EDcY4MlQ,Goffin D.,Purcell M.,0,0,hc,-2.00,away,ft,1.747,3
EDcY4MlQ,Goffin D.,Purcell M.,0,0,hc,2.50,home,ft,1.407,3
EDcY4MlQ,Goffin D.,Purcell M.,0,0,hc,2.50,away,ft,2.733,3
EDcY4MlQ,Goffin D.,Purcell M.,0,0,hc,-2.50,home,ft,2.105,4
EDcY4MlQ,Goffin D.,Purcell M.,0,0,hc,-2.50,away,ft,1.695,4
EDcY4MlQ,Goffin D.,Purcell M.,0,0,hc,3.00,home,ft,1.36,2
EDcY4MlQ,Goffin D.,Purcell M.,0,0,hc,3.00,away,ft,2.79,2
EDcY4MlQ,Goffin D.,Purcell M.,0,0,hc,-3.00,home,ft,2.407,3
EDcY4MlQ,Goffin D.,Purcell M.,0,0,hc,-3.00,away,ft,1.523,3
EDcY4MlQ,Goffin D.,Purcell M.,0,0,hc,-3.50,home,ft,2.61,3
EDcY4MlQ,Goffin D.,Purcell M.,0,0,hc,-3.50,away,ft,1.44,3
EDcY4MlQ,Goffin D.,Purcell M.,0,0,hc,-4.00,home,ft,3.28,2
EDcY4MlQ,Goffin D.,Purcell M.,0,0,hc,-4.00,away,ft,1.27,2
67pQ7wNc,Opelka R.,Davidovich Fokina A.,0,0,ou,2.50,over,ft,2.31,1
67pQ7wNc,Opelka R.,Davidovich Fokina A.,0,0,ou,2.50,under,ft,1.67,1
67pQ7wNc,Opelka R.,Davidovich Fokina A.,0,0,ou,21.00,over,ft,1.28,2
67pQ7wNc,Opelka R.,Davidovich Fokina A.,0,0,ou,21.00,under,ft,3.22,2
67pQ7wNc,Opelka R.,Davidovich Fokina A.,0,0,ou,21.50,over,ft,1.387,3
67pQ7wNc,Opelka R.,Davidovich Fokina A.,0,0,ou,21.50,under,ft,2.797,3
67pQ7wNc,Opelka R.,Davidovich Fokina A.,0,0,ou,22.00,over,ft,1.32,2
67pQ7wNc,Opelka R.,Davidovich Fokina A.,0,0,ou,22.00,under,ft,2.99,2
67pQ7wNc,Opelka R.,Davidovich Fokina A.,0,0,ou,22.50,over,ft,1.51,4
67pQ7wNc,Opelka R.,Davidovich Fokina A.,0,0,ou,22.50,under,ft,2.495,4
67pQ7wNc,Opelka R.,Davidovich Fokina A.,0,0,ou,23.00,over,ft,1.617,3
67pQ7wNc,Opelka R.,Davidovich Fokina A.,0,0,ou,23.00,under,ft,2.21,3
67pQ7wNc,Opelka R.,Davidovich Fokina A.,0,0,ou,23.50,over,ft,1.78,4
67pQ7wNc,Opelka R.,Davidovich Fokina A.,0,0,ou,23.50,under,ft,2.0,4
67pQ7wNc,Opelka R.,Davidovich Fokina A.,0,0,ou,24.00,over,ft,1.793,3
67pQ7wNc,Opelka R.,Davidovich Fokina A.,0,0,ou,24.00,under,ft,1.973,3
67pQ7wNc,Opelka R.,Davidovich Fokina A.,0,0,ou,24.50,over,ft,1.83,4
67pQ7wNc,Opelka R.,Davidovich Fokina A.,0,0,ou,24.50,under,ft,1.952,4
67pQ7wNc,Opelka R.,Davidovich Fokina A.,0,0,ou,25.00,over,ft,1.883,3
67pQ7wNc,Opelka R.,Davidovich Fokina A.,0,0,ou,25.00,under,ft,1.91,3
67pQ7wNc,Opelka R.,Davidovich Fokina A.,0,0,ou,25.50,over,ft,1.945,4
67pQ7wNc,Opelka R.,Davidovich Fokina A.,0,0,ou,25.50,under,ft,1.875,4
67pQ7wNc,Opelka R.,Davidovich Fokina A.,0,0,ou,26.00,over,ft,2.173,3
67pQ7wNc,Opelka R.,Davidovich Fokina A.,0,0,ou,26.00,under,ft,1.68,3
67pQ7wNc,Opelka R.,Davidovich Fokina A.,0,0,ou,26.50,over,ft,2.315,2
67pQ7wNc,Opelka R.,Davidovich Fokina A.,0,0,ou,26.50,under,ft,1.64,2
67pQ7wNc,Opelka R.,Davidovich Fokina A.,0,0,ou,27.00,over,ft,2.4,2
67pQ7wNc,Opelka R.,Davidovich Fokina A.,0,0,ou,27.00,under,ft,1.52,2
67pQ7wNc,Opelka R.,Davidovich Fokina A.,0,0,ou,27.50,over,ft,2.4,3
67pQ7wNc,Opelka R.,Davidovich Fokina A.,0,0,ou,27.50,under,ft,1.537,3
67pQ7wNc,Opelka R.,Davidovich Fokina A.,0,0,ou,28.00,over,ft,2.46,2
67pQ7wNc,Opelka R.,Davidovich Fokina A.,0,0,ou,28.00,under,ft,1.47,2
67pQ7wNc,Opelka R.,Davidovich Fokina A.,0,0,ou,28.50,over,ft,2.48,3
67pQ7wNc,Opelka R.,Davidovich Fokina A.,0,0,ou,28.50,under,ft,1.483,3
67pQ7wNc,Opelka R.,Davidovich Fokina A.,0,0,ou,29.50,over,ft,2.62,1
67pQ7wNc,Opelka R.,Davidovich Fokina A.,0,0,ou,29.50,under,ft,1.5,1
67pQ7wNc,Opelka R.,Davidovich Fokina A.,0,0,ou,30.50,over,ft,2.82,1
67pQ7wNc,Opelka R.,Davidovich Fokina A.,0,0,ou,30.50,under,ft,1.44,1
67pQ7wNc,Opelka R.,Davidovich Fokina A.,0,0,hc,1.00,home,ft,1.5,2
67pQ7wNc,Opelka R.,Davidovich Fokina A.,0,0,hc,1.00,away,ft,2.36,2
67pQ7wNc,Opelka R.,Davidovich Fokina A.,0,0,hc,-1.00,home,ft,2.41,2
67pQ7wNc,Opelka R.,Davidovich Fokina A.,0,0,hc,-1.00,away,ft,1.48,2
67pQ7wNc,Opelka R.,Davidovich Fokina A.,0,0,hc,1.50,home,ft,1.34,4
67pQ7wNc,Opelka R.,Davidovich Fokina A.,0,0,hc,1.50,away,ft,3.08,4
67pQ7wNc,Opelka R.,Davidovich Fokina A.,0,0,hc,-1.50,home,ft,3.163,3
67pQ7wNc,Opelka R.,Davidovich Fokina A.,0,0,hc,-1.50,away,ft,1.32,3
67pQ7wNc,Opelka R.,Davidovich Fokina A.,0,0,hc,0,home,ft,1.853,3
67pQ7wNc,Opelka R.,Davidovich Fokina A.,0,0,hc,0,away,ft,1.883,3
67pQ7wNc,Opelka R.,Davidovich Fokina A.,0,0,hc,0.50,home,ft,1.795,4
67pQ7wNc,Opelka R.,Davidovich Fokina A.,0,0,hc,0.50,away,ft,1.972,4
67pQ7wNc,Opelka R.,Davidovich Fokina A.,0,0,hc,-0.50,home,ft,1.967,4
67pQ7wNc,Opelka R.,Davidovich Fokina A.,0,0,hc,-0.50,away,ft,1.8,4
67pQ7wNc,Opelka R.,Davidovich Fokina A.,0,0,hc,1.00,home,ft,1.693,3
67pQ7wNc,Opelka R.,Davidovich Fokina A.,0,0,hc,1.00,away,ft,2.077,3
67pQ7wNc,Opelka R.,Davidovich Fokina A.,0,0,hc,-1.00,home,ft,2.067,3
67pQ7wNc,Opelka R.,Davidovich Fokina A.,0,0,hc,-1.00,away,ft,1.703,3
67pQ7wNc,Opelka R.,Davidovich Fokina A.,0,0,hc,1.50,home,ft,1.65,4
67pQ7wNc,Opelka R.,Davidovich Fokina A.,0,0,hc,1.50,away,ft,2.17,4
67pQ7wNc,Opelka R.,Davidovich Fokina A.,0,0,hc,-1.50,home,ft,2.18,4
67pQ7wNc,Opelka R.,Davidovich Fokina A.,0,0,hc,-1.50,away,ft,1.647,4
67pQ7wNc,Opelka R.,Davidovich Fokina A.,0,0,hc,2.00,home,ft,1.47,2
67pQ7wNc,Opelka R.,Davidovich Fokina A.,0,0,hc,2.00,away,ft,2.41,2
67pQ7wNc,Opelka R.,Davidovich Fokina A.,0,0,hc,-2.00,home,ft,2.423,3
67pQ7wNc,Opelka R.,Davidovich Fokina A.,0,0,hc,-2.00,away,ft,1.52,3
67pQ7wNc,Opelka R.,Davidovich Fokina A.,0,0,hc,2.50,home,ft,1.41,3
67pQ7wNc,Opelka R.,Davidovich Fokina A.,0,0,hc,2.50,away,ft,2.707,3
67pQ7wNc,Opelka R.,Davidovich Fokina A.,0,0,hc,-2.50,home,ft,2.733,3
67pQ7wNc,Opelka R.,Davidovich Fokina A.,0,0,hc,-2.50,away,ft,1.403,3
67pQ7wNc,Opelka R.,Davidovich Fokina A.,0,0,hc,3.00,home,ft,1.25,2
67pQ7wNc,Opelka R.,Davidovich Fokina A.,0,0,hc,3.00,away,ft,3.42,2
67pQ7wNc,Opelka R.,Davidovich Fokina A.,0,0,hc,-3.00,home,ft,3.42,2
67pQ7wNc,Opelka R.,Davidovich Fokina A.,0,0,hc,-3.00,away,ft,1.25,2
67pQ7wNc,Opelka R.,Davidovich Fokina A.,0,0,hc,3.50,home,ft,1.27,2
67pQ7wNc,Opelka R.,Davidovich Fokina A.,0,0,hc,3.50,away,ft,3.26,2
67pQ7wNc,Opelka R.,Davidovich Fokina A.,0,0,hc,4.00,home,ft,1.13,2
67pQ7wNc,Opelka R.,Davidovich Fokina A.,0,0,hc,4.00,away,ft,4.84,2
8Kjkwaa4,Karatsev A.,Tiafoe F.,1,1,ou,2.50,over,ft,2.36,1
8Kjkwaa4,Karatsev A.,Tiafoe F.,1,1,ou,2.50,under,ft,1.65,1
8Kjkwaa4,Karatsev A.,Tiafoe F.,1,1,ou,20.00,over,ft,1.25,2
8Kjkwaa4,Karatsev A.,Tiafoe F.,1,1,ou,20.00,under,ft,3.42,2
8Kjkwaa4,Karatsev A.,Tiafoe F.,1,1,ou,20.50,over,ft,1.367,3
8Kjkwaa4,Karatsev A.,Tiafoe F.,1,1,ou,20.50,under,ft,2.92,3
8Kjkwaa4,Karatsev A.,Tiafoe F.,1,1,ou,21.00,over,ft,1.37,2
8Kjkwaa4,Karatsev A.,Tiafoe F.,1,1,ou,21.00,under,ft,2.76,2
8Kjkwaa4,Karatsev A.,Tiafoe F.,1,1,ou,21.50,over,ft,1.483,3
8Kjkwaa4,Karatsev A.,Tiafoe F.,1,1,ou,21.50,under,ft,2.507,3
8Kjkwaa4,Karatsev A.,Tiafoe F.,1,1,ou,22.00,over,ft,1.573,3
8Kjkwaa4,Karatsev A.,Tiafoe F.,1,1,ou,22.00,under,ft,2.337,3
8Kjkwaa4,Karatsev A.,Tiafoe F.,1,1,ou,22.50,over,ft,1.758,4
8Kjkwaa4,Karatsev A.,Tiafoe F.,1,1,ou,22.50,under,ft,2.06,4
8Kjkwaa4,Karatsev A.,Tiafoe F.,1,1,ou,23.00,over,ft,1.873,3
8Kjkwaa4,Karatsev A.,Tiafoe F.,1,1,ou,23.00,under,ft,1.923,3
8Kjkwaa4,Karatsev A.,Tiafoe F.,1,1,ou,23.50,over,ft,2.027,4
8Kjkwaa4,Karatsev A.,Tiafoe F.,1,1,ou,23.50,under,ft,1.818,4
8Kjkwaa4,Karatsev A.,Tiafoe F.,1,1,ou,24.00,over,ft,2.043,3
8Kjkwaa4,Karatsev A.,Tiafoe F.,1,1,ou,24.00,under,ft,1.77,3
8Kjkwaa4,Karatsev A.,Tiafoe F.,1,1,ou,24.50,over,ft,2.037,3
8Kjkwaa4,Karatsev A.,Tiafoe F.,1,1,ou,24.50,under,ft,1.73,3
8Kjkwaa4,Karatsev A.,Tiafoe F.,1,1,ou,25.00,over,ft,2.09,2
8Kjkwaa4,Karatsev A.,Tiafoe F.,1,1,ou,25.00,under,ft,1.66,2
8Kjkwaa4,Karatsev A.,Tiafoe F.,1,1,ou,25.50,over,ft,2.223,3
8Kjkwaa4,Karatsev A.,Tiafoe F.,1,1,ou,25.50,under,ft,1.607,3
8Kjkwaa4,Karatsev A.,Tiafoe F.,1,1,ou,26.00,over,ft,2.33,2
8Kjkwaa4,Karatsev A.,Tiafoe F.,1,1,ou,26.00,under,ft,1.51,2
8Kjkwaa4,Karatsev A.,Tiafoe F.,1,1,ou,26.50,over,ft,2.517,3
8Kjkwaa4,Karatsev A.,Tiafoe F.,1,1,ou,26.50,under,ft,1.47,3
8Kjkwaa4,Karatsev A.,Tiafoe F.,1,1,ou,27.50,over,ft,2.81,1
8Kjkwaa4,Karatsev A.,Tiafoe F.,1,1,ou,27.50,under,ft,1.44,1
8Kjkwaa4,Karatsev A.,Tiafoe F.,1,1,ou,28.50,over,ft,2.96,1
8Kjkwaa4,Karatsev A.,Tiafoe F.,1,1,ou,28.50,under,ft,1.4,1
8Kjkwaa4,Karatsev A.,Tiafoe F.,1,1,hc,1.00,home,ft,2.05,2
8Kjkwaa4,Karatsev A.,Tiafoe F.,1,1,hc,1.00,away,ft,1.65,2
8Kjkwaa4,Karatsev A.,Tiafoe F.,1,1,hc,1.50,home,ft,1.61,4
8Kjkwaa4,Karatsev A.,Tiafoe F.,1,1,hc,1.50,away,ft,2.217,4
8Kjkwaa4,Karatsev A.,Tiafoe F.,1,1,hc,-1.50,home,ft,4.603,3
8Kjkwaa4,Karatsev A.,Tiafoe F.,1,1,hc,-1.50,away,ft,1.173,3
8Kjkwaa4,Karatsev A.,Tiafoe F.,1,1,hc,0.50,home,ft,2.493,3
8Kjkwaa4,Karatsev A.,Tiafoe F.,1,1,hc,0.50,away,ft,1.49,3
8Kjkwaa4,Karatsev A.,Tiafoe F.,1,1,hc,-0.50,home,ft,2.77,3
8Kjkwaa4,Karatsev A.,Tiafoe F.,1,1,hc,-0.50,away,ft,1.397,3
8Kjkwaa4,Karatsev A.,Tiafoe F.,1,1,hc,1.00,home,ft,2.42,2
8Kjkwaa4,Karatsev A.,Tiafoe F.,1,1,hc,1.00,away,ft,1.5,2
8Kjkwaa4,Karatsev A.,Tiafoe F.,1,1,hc,1.50,home,ft,2.27,4
8Kjkwaa4,Karatsev A.,Tiafoe F.,1,1,hc,1.50,away,ft,1.627,4
8Kjkwaa4,Karatsev A.,Tiafoe F.,1,1,hc,2.00,home,ft,2.137,3
8Kjkwaa4,Karatsev A.,Tiafoe F.,1,1,hc,2.00,away,ft,1.707,3
8Kjkwaa4,Karatsev A.,Tiafoe F.,1,1,hc,2.50,home,ft,1.945,4
8Kjkwaa4,Karatsev A.,Tiafoe F.,1,1,hc,2.50,away,ft,1.887,4
8Kjkwaa4,Karatsev A.,Tiafoe F.,1,1,hc,3.00,home,ft,1.743,3
8Kjkwaa4,Karatsev A.,Tiafoe F.,1,1,hc,3.00,away,ft,2.077,3
8Kjkwaa4,Karatsev A.,Tiafoe F.,1,1,hc,3.50,home,ft,1.59,4
8Kjkwaa4,Karatsev A.,Tiafoe F.,1,1,hc,3.50,away,ft,2.348,4
8Kjkwaa4,Karatsev A.,Tiafoe F.,1,1,hc,4.00,home,ft,1.4,3
8Kjkwaa4,Karatsev A.,Tiafoe F.,1,1,hc,4.00,away,ft,2.863,3
8Kjkwaa4,Karatsev A.,Tiafoe F.,1,1,hc,4.50,home,ft,1.31,2
8Kjkwaa4,Karatsev A.,Tiafoe F.,1,1,hc,4.50,away,ft,3.1,2
8Kjkwaa4,Karatsev A.,Tiafoe F.,1,1,hc,5.00,home,ft,1.16,2
8Kjkwaa4,Karatsev A.,Tiafoe F.,1,1,hc,5.00,away,ft,4.4,2
bkP46MvB,Thompson J.,Mayot H.,2,2,hc,-1.00,home,ft,1.86,2
bkP46MvB,Thompson J.,Mayot H.,2,2,hc,-1.00,away,ft,1.8,2
bkP46MvB,Thompson J.,Mayot H.,2,2,hc,1.50,home,ft,1.227,3
bkP46MvB,Thompson J.,Mayot H.,2,2,hc,1.50,away,ft,3.873,3
bkP46MvB,Thompson J.,Mayot H.,2,2,hc,-1.50,home,ft,2.467,4
bkP46MvB,Thompson J.,Mayot H.,2,2,hc,-1.50,away,ft,1.505,4
bkP46MvB,Thompson J.,Mayot H.,2,2,hc,0,home,ft,1.55,2
bkP46MvB,Thompson J.,Mayot H.,2,2,hc,0,away,ft,2.23,2
bkP46MvB,Thompson J.,Mayot H.,2,2,hc,0.50,home,ft,1.513,3
bkP46MvB,Thompson J.,Mayot H.,2,2,hc,0.50,away,ft,2.407,3
bkP46MvB,Thompson J.,Mayot H.,2,2,hc,-0.50,home,ft,1.65,4
bkP46MvB,Thompson J.,Mayot H.,2,2,hc,-0.50,away,ft,2.188,4
bkP46MvB,Thompson J.,Mayot H.,2,2,hc,1.00,home,ft,1.45,2
bkP46MvB,Thompson J.,Mayot H.,2,2,hc,1.00,away,ft,2.48,2
bkP46MvB,Thompson J.,Mayot H.,2,2,hc,-1.00,home,ft,1.667,3
bkP46MvB,Thompson J.,Mayot H.,2,2,hc,-1.00,away,ft,2.12,3
bkP46MvB,Thompson J.,Mayot H.,2,2,hc,1.50,home,ft,1.447,3
bkP46MvB,Thompson J.,Mayot H.,2,2,hc,1.50,away,ft,2.593,3
bkP46MvB,Thompson J.,Mayot H.,2,2,hc,-1.50,home,ft,1.76,4
bkP46MvB,Thompson J.,Mayot H.,2,2,hc,-1.50,away,ft,2.015,4
bkP46MvB,Thompson J.,Mayot H.,2,2,hc,-2.00,home,ft,1.853,3
bkP46MvB,Thompson J.,Mayot H.,2,2,hc,-2.00,away,ft,1.88,3
bkP46MvB,Thompson J.,Mayot H.,2,2,hc,2.50,home,ft,1.33,2
bkP46MvB,Thompson J.,Mayot H.,2,2,hc,2.50,away,ft,2.95,2
bkP46MvB,Thompson J.,Mayot H.,2,2,hc,-2.50,home,ft,1.998,4
bkP46MvB,Thompson J.,Mayot H.,2,2,hc,-2.50,away,ft,1.772,4
bkP46MvB,Thompson J.,Mayot H.,2,2,hc,-3.00,home,ft,2.247,3
bkP46MvB,Thompson J.,Mayot H.,2,2,hc,-3.00,away,ft,1.6,3
bkP46MvB,Thompson J.,Mayot H.,2,2,hc,-3.50,home,ft,2.457,3
bkP46MvB,Thompson J.,Mayot H.,2,2,hc,-3.50,away,ft,1.49,3
bkP46MvB,Thompson J.,Mayot H.,2,2,hc,-4.00,home,ft,3.01,2
bkP46MvB,Thompson J.,Mayot H.,2,2,hc,-4.00,away,ft,1.32,2
bkP46MvB,Thompson J.,Mayot H.,2,2,hc,-4.50,home,ft,3.32,2
bkP46MvB,Thompson J.,Mayot H.,2,2,hc,-4.50,away,ft,1.26,2
bkP46MvB,Thompson J.,Mayot H.,2,2,hc,-5.00,home,ft,4.7,2
bkP46MvB,Thompson J.,Mayot H.,2,2,hc,-5.00,away,ft,1.14,2
rihhWKM0,McDonald M.,Nishioka Y.,0,0,ou,2.50,over,ft,2.37,1
rihhWKM0,McDonald M.,Nishioka Y.,0,0,ou,2.50,under,ft,1.64,1
rihhWKM0,McDonald M.,Nishioka Y.,0,0,ou,20.00,over,ft,1.36,2
rihhWKM0,McDonald M.,Nishioka Y.,0,0,ou,20.00,under,ft,2.8,2
rihhWKM0,McDonald M.,Nishioka Y.,0,0,ou,20.50,over,ft,1.483,3
rihhWKM0,McDonald M.,Nishioka Y.,0,0,ou,20.50,under,ft,2.507,3
rihhWKM0,McDonald M.,Nishioka Y.,0,0,ou,21.00,over,ft,1.53,2
rihhWKM0,McDonald M.,Nishioka Y.,0,0,ou,21.00,under,ft,2.34,2
rihhWKM0,McDonald M.,Nishioka Y.,0,0,ou,21.50,over,ft,1.652,4
rihhWKM0,McDonald M.,Nishioka Y.,0,0,ou,21.50,under,ft,2.217,4
rihhWKM0,McDonald M.,Nishioka Y.,0,0,ou,22.00,over,ft,1.76,3
rihhWKM0,McDonald M.,Nishioka Y.,0,0,ou,22.00,under,ft,2.053,3
rihhWKM0,McDonald M.,Nishioka Y.,0,0,ou,22.50,over,ft,1.887,4
rihhWKM0,McDonald M.,Nishioka Y.,0,0,ou,22.50,under,ft,1.945,4
rihhWKM0,McDonald M.,Nishioka Y.,0,0,ou,23.00,over,ft,2.0,3
rihhWKM0,McDonald M.,Nishioka Y.,0,0,ou,23.00,under,ft,1.8,3
rihhWKM0,McDonald M.,Nishioka Y.,0,0,ou,23.50,over,ft,2.118,4
rihhWKM0,McDonald M.,Nishioka Y.,0,0,ou,23.50,under,ft,1.718,4
rihhWKM0,McDonald M.,Nishioka Y.,0,0,ou,24.00,over,ft,2.08,2
rihhWKM0,McDonald M.,Nishioka Y.,0,0,ou,24.00,under,ft,1.67,2
rihhWKM0,McDonald M.,Nishioka Y.,0,0,ou,24.50,over,ft,2.137,3
rihhWKM0,McDonald M.,Nishioka Y.,0,0,ou,24.50,under,ft,1.653,3
rihhWKM0,McDonald M.,Nishioka Y.,0,0,ou,25.00,over,ft,2.22,2
rihhWKM0,McDonald M.,Nishioka Y.,0,0,ou,25.00,under,ft,1.56,2
rihhWKM0,McDonald M.,Nishioka Y.,0,0,ou,25.50,over,ft,2.41,3
rihhWKM0,McDonald M.,Nishioka Y.,0,0,ou,25.50,under,ft,1.507,3
rihhWKM0,McDonald M.,Nishioka Y.,0,0,ou,26.50,over,ft,2.723,3
rihhWKM0,McDonald M.,Nishioka Y.,0,0,ou,26.50,under,ft,1.41,3
rihhWKM0,McDonald M.,Nishioka Y.,0,0,hc,1.00,home,ft,1.41,2
rihhWKM0,McDonald M.,Nishioka Y.,0,0,hc,1.00,away,ft,2.61,2
rihhWKM0,McDonald M.,Nishioka Y.,0,0,hc,-1.00,home,ft,1.97,2
rihhWKM0,McDonald M.,Nishioka Y.,0,0,hc,-1.00,away,ft,1.71,2
rihhWKM0,McDonald M.,Nishioka Y.,0,0,hc,1.50,home,ft,1.227,3
rihhWKM0,McDonald M.,Nishioka Y.,0,0,hc,1.50,away,ft,3.883,3
rihhWKM0,McDonald M.,Nishioka Y.,0,0,hc,-1.50,home,ft,2.545,4
rihhWKM0,McDonald M.,Nishioka Y.,0,0,hc,-1.50,away,ft,1.478,4
rihhWKM0,McDonald M.,Nishioka Y.,0,0,hc,0,home,ft,1.56,2
rihhWKM0,McDonald M.,Nishioka Y.,0,0,hc,0,away,ft,2.21,2
rihhWKM0,McDonald M.,Nishioka Y.,0,0,hc,0.50,home,ft,1.56,3
rihhWKM0,McDonald M.,Nishioka Y.,0,0,hc,0.50,away,ft,2.293,3
rihhWKM0,McDonald M.,Nishioka Y.,0,0,hc,-0.50,home,ft,1.685,4
rihhWKM0,McDonald M.,Nishioka Y.,0,0,hc,-0.50,away,ft,2.118,4
rihhWKM0,McDonald M.,Nishioka Y.,0,0,hc,1.00,home,ft,1.48,2
rihhWKM0,McDonald M.,Nishioka Y.,0,0,hc,1.00,away,ft,2.4,2
rihhWKM0,McDonald M.,Nishioka Y.,0,0,hc,-1.00,home,ft,1.72,3
rihhWKM0,McDonald M.,Nishioka Y.,0,0,hc,-1.00,away,ft,2.047,3
rihhWKM0,McDonald M.,Nishioka Y.,0,0,hc,1.50,home,ft,1.477,3
rihhWKM0,McDonald M.,Nishioka Y.,0,0,hc,1.50,away,ft,2.503,3
rihhWKM0,McDonald M.,Nishioka Y.,0,0,hc,-1.50,home,ft,1.853,4
rihhWKM0,McDonald M.,Nishioka Y.,0,0,hc,-1.50,away,ft,1.982,4
rihhWKM0,McDonald M.,Nishioka Y.,0,0,hc,2.00,home,ft,1.51,2
rihhWKM0,McDonald M.,Nishioka Y.,0,0,hc,2.00,away,ft,2.32,2
rihhWKM0,McDonald M.,Nishioka Y.,0,0,hc,-2.00,home,ft,1.873,3
rihhWKM0,McDonald M.,Nishioka Y.,0,0,hc,-2.00,away,ft,1.86,3
rihhWKM0,McDonald M.,Nishioka Y.,0,0,hc,2.50,home,ft,1.453,3
rihhWKM0,McDonald M.,Nishioka Y.,0,0,hc,2.50,away,ft,2.583,3
rihhWKM0,McDonald M.,Nishioka Y.,0,0,hc,-2.50,home,ft,1.992,4
rihhWKM0,McDonald M.,Nishioka Y.,0,0,hc,-2.50,away,ft,1.778,4
rihhWKM0,McDonald M.,Nishioka Y.,0,0,hc,-3.00,home,ft,2.177,3
rihhWKM0,McDonald M.,Nishioka Y.,0,0,hc,-3.00,away,ft,1.633,3
rihhWKM0,McDonald M.,Nishioka Y.,0,0,hc,-3.50,home,ft,2.343,3
rihhWKM0,McDonald M.,Nishioka Y.,0,0,hc,-3.50,away,ft,1.533,3
rihhWKM0,McDonald M.,Nishioka Y.,0,0,hc,-4.00,home,ft,2.72,2
rihhWKM0,McDonald M.,Nishioka Y.,0,0,hc,-4.00,away,ft,1.38,2
rihhWKM0,McDonald M.,Nishioka Y.,0,0,hc,-4.50,home,ft,2.95,2
rihhWKM0,McDonald M.,Nishioka Y.,0,0,hc,-4.50,away,ft,1.33,2
rihhWKM0,McDonald M.,Nishioka Y.,0,0,hc,-5.00,home,ft,3.76,2
rihhWKM0,McDonald M.,Nishioka Y.,0,0,hc,-5.00,away,ft,1.21,2
zZWus6Ba,Bellucci M.,Mannarino A.,2,2,ou,2.50,over,ft,2.44,1
zZWus6Ba,Bellucci M.,Mannarino A.,2,2,ou,2.50,under,ft,1.61,1
zZWus6Ba,Bellucci M.,Mannarino A.,2,2,ou,20.00,over,ft,1.28,2
zZWus6Ba,Bellucci M.,Mannarino A.,2,2,ou,20.00,under,ft,3.22,2
zZWus6Ba,Bellucci M.,Mannarino A.,2,2,ou,20.50,over,ft,1.41,3
zZWus6Ba,Bellucci M.,Mannarino A.,2,2,ou,20.50,under,ft,2.747,3
zZWus6Ba,Bellucci M.,Mannarino A.,2,2,ou,21.00,over,ft,1.44,2
zZWus6Ba,Bellucci M.,Mannarino A.,2,2,ou,21.00,under,ft,2.59,2
zZWus6Ba,Bellucci M.,Mannarino A.,2,2,ou,21.50,over,ft,1.523,3
zZWus6Ba,Bellucci M.,Mannarino A.,2,2,ou,21.50,under,ft,2.45,3
zZWus6Ba,Bellucci M.,Mannarino A.,2,2,ou,22.00,over,ft,1.647,3
zZWus6Ba,Bellucci M.,Mannarino A.,2,2,ou,22.00,under,ft,2.23,3
zZWus6Ba,Bellucci M.,Mannarino A.,2,2,ou,22.50,over,ft,1.802,4
zZWus6Ba,Bellucci M.,Mannarino A.,2,2,ou,22.50,under,ft,2.032,4
zZWus6Ba,Bellucci M.,Mannarino A.,2,2,ou,23.00,over,ft,1.923,3
zZWus6Ba,Bellucci M.,Mannarino A.,2,2,ou,23.00,under,ft,1.873,3
zZWus6Ba,Bellucci M.,Mannarino A.,2,2,ou,23.50,over,ft,1.998,4
zZWus6Ba,Bellucci M.,Mannarino A.,2,2,ou,23.50,under,ft,1.84,4
zZWus6Ba,Bellucci M.,Mannarino A.,2,2,ou,24.00,over,ft,2.07,3
zZWus6Ba,Bellucci M.,Mannarino A.,2,2,ou,24.00,under,ft,1.723,3
zZWus6Ba,Bellucci M.,Mannarino A.,2,2,ou,24.50,over,ft,2.08,3
zZWus6Ba,Bellucci M.,Mannarino A.,2,2,ou,24.50,under,ft,1.693,3
zZWus6Ba,Bellucci M.,Mannarino A.,2,2,ou,25.00,over,ft,2.12,2
zZWus6Ba,Bellucci M.,Mannarino A.,2,2,ou,25.00,under,ft,1.62,2
zZWus6Ba,Bellucci M.,Mannarino A.,2,2,ou,25.50,over,ft,2.193,3
zZWus6Ba,Bellucci M.,Mannarino A.,2,2,ou,25.50,under,ft,1.623,3
zZWus6Ba,Bellucci M.,Mannarino A.,2,2,ou,26.00,over,ft,2.33,2
zZWus6Ba,Bellucci M.,Mannarino A.,2,2,ou,26.00,under,ft,1.51,2
zZWus6Ba,Bellucci M.,Mannarino A.,2,2,ou,26.50,over,ft,2.54,1
zZWus6Ba,Bellucci M.,Mannarino A.,2,2,ou,26.50,under,ft,1.53,1
zZWus6Ba,Bellucci M.,Mannarino A.,2,2,ou,27.50,over,ft,2.72,1
zZWus6Ba,Bellucci M.,Mannarino A.,2,2,ou,27.50,under,ft,1.47,1
zZWus6Ba,Bellucci M.,Mannarino A.,2,2,ou,28.50,over,ft,2.87,1
zZWus6Ba,Bellucci M.,Mannarino A.,2,2,ou,28.50,under,ft,1.42,1
zZWus6Ba,Bellucci M.,Mannarino A.,2,2,hc,-1.00,home,ft,2.03,2
zZWus6Ba,Bellucci M.,Mannarino A.,2,2,hc,-1.00,away,ft,1.66,2
zZWus6Ba,Bellucci M.,Mannarino A.,2,2,hc,1.50,home,ft,1.28,3
zZWus6Ba,Bellucci M.,Mannarino A.,2,2,hc,1.50,away,ft,3.43,3
zZWus6Ba,Bellucci M.,Mannarino A.,2,2,hc,-1.50,home,ft,2.638,4
zZWus6Ba,Bellucci M.,Mannarino A.,2,2,hc,-1.50,away,ft,1.448,4
zZWus6Ba,Bellucci M.,Mannarino A.,2,2,hc,0,home,ft,1.65,2
zZWus6Ba,Bellucci M.,Mannarino A.,2,2,hc,0,away,ft,2.05,2
zZWus6Ba,Bellucci M.,Mannarino A.,2,2,hc,0.50,home,ft,1.597,3
zZWus6Ba,Bellucci M.,Mannarino A.,2,2,hc,0.50,away,ft,2.213,3
zZWus6Ba,Bellucci M.,Mannarino A.,2,2,hc,-0.50,home,ft,1.725,4
zZWus6Ba,Bellucci M.,Mannarino A.,2,2,hc,-0.50,away,ft,2.065,4
zZWus6Ba,Bellucci M.,Mannarino A.,2,2,hc,1.00,home,ft,1.51,2
zZWus6Ba,Bellucci M.,Mannarino A.,2,2,hc,1.00,away,ft,2.32,2
zZWus6Ba,Bellucci M.,Mannarino A.,2,2,hc,-1.00,home,ft,1.78,3
zZWus6Ba,Bellucci M.,Mannarino A.,2,2,hc,-1.00,away,ft,1.96,3
zZWus6Ba,Bellucci M.,Mannarino A.,2,2,hc,1.50,home,ft,1.503,3
zZWus6Ba,Bellucci M.,Mannarino A.,2,2,hc,1.50,away,ft,2.43,3
zZWus6Ba,Bellucci M.,Mannarino A.,2,2,hc,-1.50,home,ft,1.917,4
zZWus6Ba,Bellucci M.,Mannarino A.,2,2,hc,-1.50,away,ft,1.912,4
zZWus6Ba,Bellucci M.,Mannarino A.,2,2,hc,-2.00,home,ft,1.967,3
zZWus6Ba,Bellucci M.,Mannarino A.,2,2,hc,-2.00,away,ft,1.773,3
zZWus6Ba,Bellucci M.,Mannarino A.,2,2,hc,2.50,home,ft,1.41,1
zZWus6Ba,Bellucci M.,Mannarino A.,2,2,hc,2.50,away,ft,2.91,1
zZWus6Ba,Bellucci M.,Mannarino A.,2,2,hc,-2.50,home,ft,2.123,4
zZWus6Ba,Bellucci M.,Mannarino A.,2,2,hc,-2.50,away,ft,1.688,4
zZWus6Ba,Bellucci M.,Mannarino A.,2,2,hc,-3.00,home,ft,2.34,3
zZWus6Ba,Bellucci M.,Mannarino A.,2,2,hc,-3.00,away,ft,1.55,3
zZWus6Ba,Bellucci M.,Mannarino A.,2,2,hc,-3.50,home,ft,2.61,3
zZWus6Ba,Bellucci M.,Mannarino A.,2,2,hc,-3.50,away,ft,1.443,3
zZWus6Ba,Bellucci M.,Mannarino A.,2,2,hc,-4.00,home,ft,3.15,2
zZWus6Ba,Bellucci M.,Mannarino A.,2,2,hc,-4.00,away,ft,1.29,2
vcAQHL77,Walton A.,Rinderknech A.,0,0,ou,2.50,over,ft,2.5,1
vcAQHL77,Walton A.,Rinderknech A.,0,0,ou,2.50,under,ft,1.58,1
vcAQHL77,Walton A.,Rinderknech A.,0,0,ou,21.00,over,ft,1.31,2
vcAQHL77,Walton A.,Rinderknech A.,0,0,ou,21.00,under,ft,3.04,2
vcAQHL77,Walton A.,Rinderknech A.,0,0,ou,21.50,over,ft,1.39,3
vcAQHL77,Walton A.,Rinderknech A.,0,0,ou,21.50,under,ft,2.78,3
vcAQHL77,Walton A.,Rinderknech A.,0,0,ou,22.00,over,ft,1.497,3
vcAQHL77,Walton A.,Rinderknech A.,0,0,ou,22.00,under,ft,2.53,3
vcAQHL77,Walton A.,Rinderknech A.,0,0,ou,22.50,over,ft,1.655,4
vcAQHL77,Walton A.,Rinderknech A.,0,0,ou,22.50,under,ft,2.175,4
vcAQHL77,Walton A.,Rinderknech A.,0,0,ou,23.00,over,ft,1.8,3
vcAQHL77,Walton A.,Rinderknech A.,0,0,ou,23.00,under,ft,2.0,3
vcAQHL77,Walton A.,Rinderknech A.,0,0,ou,23.50,over,ft,1.968,4
vcAQHL77,Walton A.,Rinderknech A.,0,0,ou,23.50,under,ft,1.8,4
vcAQHL77,Walton A.,Rinderknech A.,0,0,ou,24.00,over,ft,1.98,3
vcAQHL77,Walton A.,Rinderknech A.,0,0,ou,24.00,under,ft,1.817,3
vcAQHL77,Walton A.,Rinderknech A.,0,0,ou,24.50,over,ft,1.973,3
vcAQHL77,Walton A.,Rinderknech A.,0,0,ou,24.50,under,ft,1.763,3
vcAQHL77,Walton A.,Rinderknech A.,0,0,ou,25.00,over,ft,2.0,2
vcAQHL77,Walton A.,Rinderknech A.,0,0,ou,25.00,under,ft,1.73,2
vcAQHL77,Walton A.,Rinderknech A.,0,0,ou,25.50,over,ft,2.117,3
vcAQHL77,Walton A.,Rinderknech A.,0,0,ou,25.50,under,ft,1.657,3
vcAQHL77,Walton A.,Rinderknech A.,0,0,ou,26.00,over,ft,2.22,2
vcAQHL77,Walton A.,Rinderknech A.,0,0,ou,26.00,under,ft,1.56,2
vcAQHL77,Walton A.,Rinderknech A.,0,0,ou,26.50,over,ft,2.453,3
vcAQHL77,Walton A.,Rinderknech A.,0,0,ou,26.50,under,ft,1.49,3
vcAQHL77,Walton A.,Rinderknech A.,0,0,ou,27.50,over,ft,2.58,3
vcAQHL77,Walton A.,Rinderknech A.,0,0,ou,27.50,under,ft,1.453,3
vcAQHL77,Walton A.,Rinderknech A.,0,0,ou,28.50,over,ft,2.85,1
vcAQHL77,Walton A.,Rinderknech A.,0,0,ou,28.50,under,ft,1.43,1
vcAQHL77,Walton A.,Rinderknech A.,0,0,hc,1.00,home,ft,1.74,2
vcAQHL77,Walton A.,Rinderknech A.,0,0,hc,1.00,away,ft,1.93,2
vcAQHL77,Walton A.,Rinderknech A.,0,0,hc,1.50,home,ft,1.47,4
vcAQHL77,Walton A.,Rinderknech A.,0,0,hc,1.50,away,ft,2.55,4
vcAQHL77,Walton A.,Rinderknech A.,0,0,hc,-1.50,home,ft,3.77,3
vcAQHL77,Walton A.,Rinderknech A.,0,0,hc,-1.50,away,ft,1.237,3
vcAQHL77,Walton A.,Rinderknech A.,0,0,hc,0,home,ft,2.22,2
vcAQHL77,Walton A.,Rinderknech A.,0,0,hc,0,away,ft,1.56,2
vcAQHL77,Walton A.,Rinderknech A.,0,0,hc,0.50,home,ft,2.112,4
vcAQHL77,Walton A.,Rinderknech A.,0,0,hc,0.50,away,ft,1.693,4
vcAQHL77,Walton A.,Rinderknech A.,0,0,hc,-0.50,home,ft,2.323,3
vcAQHL77,Walton A.,Rinderknech A.,0,0,hc,-0.50,away,ft,1.55,3
vcAQHL77,Walton A.,Rinderknech A.,0,0,hc,1.00,home,ft,2.013,3
vcAQHL77,Walton A.,Rinderknech A.,0,0,hc,1.00,away,ft,1.737,3
vcAQHL77,Walton A.,Rinderknech A.,0,0,hc,-1.00,home,ft,2.48,2
vcAQHL77,Walton A.,Rinderknech A.,0,0,hc,-1.00,away,ft,1.45,2
vcAQHL77,Walton A.,Rinderknech A.,0,0,hc,1.50,home,ft,1.902,4
vcAQHL77,Walton A.,Rinderknech A.,0,0,hc,1.50,away,ft,1.855,4
vcAQHL77,Walton A.,Rinderknech A.,0,0,hc,-1.50,home,ft,2.557,3
vcAQHL77,Walton A.,Rinderknech A.,0,0,hc,-1.50,away,ft,1.46,3
vcAQHL77,Walton A.,Rinderknech A.,0,0,hc,2.00,home,ft,1.773,3
vcAQHL77,Walton A.,Rinderknech A.,0,0,hc,2.00,away,ft,1.967,3
vcAQHL77,Walton A.,Rinderknech A.,0,0,hc,2.50,home,ft,1.667,4
vcAQHL77,Walton A.,Rinderknech A.,0,0,hc,2.50,away,ft,2.152,4
vcAQHL77,Walton A.,Rinderknech A.,0,0,hc,3.00,home,ft,1.49,3
vcAQHL77,Walton A.,Rinderknech A.,0,0,hc,3.00,away,ft,2.48,3
vcAQHL77,Walton A.,Rinderknech A.,0,0,hc,3.50,home,ft,1.383,3
vcAQHL77,Walton A.,Rinderknech A.,0,0,hc,3.50,away,ft,2.803,3
vcAQHL77,Walton A.,Rinderknech A.,0,0,hc,4.00,home,ft,1.25,2
vcAQHL77,Walton A.,Rinderknech A.,0,0,hc,4.00,away,ft,3.42,2
f1Qg23JF,Martin A.,Shang J.,0,0,ou,2.50,over,ft,3.29,1
f1Qg23JF,Martin A.,Shang J.,0,0,ou,2.50,under,ft,1.36,1
f1Qg23JF,Martin A.,Shang J.,0,0,ou,16.50,over,ft,1.07,1
f1Qg23JF,Martin A.,Shang J.,0,0,ou,16.50,under,ft,9.43,1
f1Qg23JF,Martin A.,Shang J.,0,0,ou,18.00,over,ft,1.25,2
f1Qg23JF,Martin A.,Shang J.,0,0,ou,18.00,under,ft,3.42,2
f1Qg23JF,Martin A.,Shang J.,0,0,ou,18.50,over,ft,1.313,3
f1Qg23JF,Martin A.,Shang J.,0,0,ou,18.50,under,ft,3.223,3
f1Qg23JF,Martin A.,Shang J.,0,0,ou,19.00,over,ft,1.35,2
f1Qg23JF,Martin A.,Shang J.,0,0,ou,19.00,under,ft,2.85,2
f1Qg23JF,Martin A.,Shang J.,0,0,ou,19.50,over,ft,1.52,4
f1Qg23JF,Martin A.,Shang J.,0,0,ou,19.50,under,ft,2.47,4
f1Qg23JF,Martin A.,Shang J.,0,0,ou,20.00,over,ft,1.6,3
f1Qg23JF,Martin A.,Shang J.,0,0,ou,20.00,under,ft,2.277,3
f1Qg23JF,Martin A.,Shang J.,0,0,ou,20.50,over,ft,1.788,4
f1Qg23JF,Martin A.,Shang J.,0,0,ou,20.50,under,ft,2.02,4
f1Qg23JF,Martin A.,Shang J.,0,0,ou,21.00,over,ft,1.873,3
f1Qg23JF,Martin A.,Shang J.,0,0,ou,21.00,under,ft,1.913,3
f1Qg23JF,Martin A.,Shang J.,0,0,ou,21.50,over,ft,2.027,4
f1Qg23JF,Martin A.,Shang J.,0,0,ou,21.50,under,ft,1.802,4
f1Qg23JF,Martin A.,Shang J.,0,0,ou,22.00,over,ft,2.157,3
f1Qg23JF,Martin A.,Shang J.,0,0,ou,22.00,under,ft,1.68,3
f1Qg23JF,Martin A.,Shang J.,0,0,ou,22.50,over,ft,2.385,4
f1Qg23JF,Martin A.,Shang J.,0,0,ou,22.50,under,ft,1.56,4
f1Qg23JF,Martin A.,Shang J.,0,0,ou,23.00,over,ft,2.45,3
f1Qg23JF,Martin A.,Shang J.,0,0,ou,23.00,under,ft,1.52,3
f1Qg23JF,Martin A.,Shang J.,0,0,ou,23.50,over,ft,2.643,3
f1Qg23JF,Martin A.,Shang J.,0,0,ou,23.50,under,ft,1.437,3
f1Qg23JF,Martin A.,Shang J.,0,0,ou,24.00,over,ft,2.61,2
f1Qg23JF,Martin A.,Shang J.,0,0,ou,24.00,under,ft,1.41,2
f1Qg23JF,Martin A.,Shang J.,0,0,ou,24.50,over,ft,2.805,4
f1Qg23JF,Martin A.,Shang J.,0,0,ou,24.50,under,ft,1.4,4
f1Qg23JF,Martin A.,Shang J.,0,0,ou,25.50,over,ft,2.917,3
f1Qg23JF,Martin A.,Shang J.,0,0,ou,25.50,under,ft,1.367,3
f1Qg23JF,Martin A.,Shang J.,0,0,hc,1.00,home,ft,4.45,2
f1Qg23JF,Martin A.,Shang J.,0,0,hc,1.00,away,ft,1.19,2
f1Qg23JF,Martin A.,Shang J.,0,0,hc,1.50,home,ft,2.585,4
f1Qg23JF,Martin A.,Shang J.,0,0,hc,1.50,away,ft,1.492,4
f1Qg23JF,Martin A.,Shang J.,0,0,hc,-1.50,home,ft,11.423,3
f1Qg23JF,Martin A.,Shang J.,0,0,hc,-1.50,away,ft,1.04,1
f1Qg23JF,Martin A.,Shang J.,0,0,hc,0.50,home,ft,4.9,2
f1Qg23JF,Martin A.,Shang J.,0,0,hc,0.50,away,ft,1.14,2
f1Qg23JF,Martin A.,Shang J.,0,0,hc,-0.50,home,ft,5.5,2
f1Qg23JF,Martin A.,Shang J.,0,0,hc,-0.50,away,ft,1.11,2
f1Qg23JF,Martin A.,Shang J.,0,0,hc,1.50,home,ft,4.433,3
f1Qg23JF,Martin A.,Shang J.,0,0,hc,1.50,away,ft,1.183,3
f1Qg23JF,Martin A.,Shang J.,0,0,hc,-1.50,home,ft,7.28,1
f1Qg23JF,Martin A.,Shang J.,0,0,hc,-1.50,away,ft,1.1,1
f1Qg23JF,Martin A.,Shang J.,0,0,hc,2.00,home,ft,4.15,2
f1Qg23JF,Martin A.,Shang J.,0,0,hc,2.00,away,ft,1.18,2
f1Qg23JF,Martin A.,Shang J.,0,0,hc,2.50,home,ft,3.42,2
f1Qg23JF,Martin A.,Shang J.,0,0,hc,2.50,away,ft,1.26,2
f1Qg23JF,Martin A.,Shang J.,0,0,hc,3.00,home,ft,3.143,3
f1Qg23JF,Martin A.,Shang J.,0,0,hc,3.00,away,ft,1.337,3
f1Qg23JF,Martin A.,Shang J.,0,0,hc,3.50,home,ft,2.673,4
f1Qg23JF,Martin A.,Shang J.,0,0,hc,3.50,away,ft,1.46,4
f1Qg23JF,Martin A.,Shang J.,0,0,hc,4.00,home,ft,2.27,3
f1Qg23JF,Martin A.,Shang J.,0,0,hc,4.00,away,ft,1.623,3
f1Qg23JF,Martin A.,Shang J.,0,0,hc,4.50,home,ft,1.92,4
f1Qg23JF,Martin A.,Shang J.,0,0,hc,4.50,away,ft,1.89,4
f1Qg23JF,Martin A.,Shang J.,0,0,hc,5.00,home,ft,1.623,3
f1Qg23JF,Martin A.,Shang J.,0,0,hc,5.00,away,ft,2.27,3
f1Qg23JF,Martin A.,Shang J.,0,0,hc,5.50,home,ft,1.478,4
f1Qg23JF,Martin A.,Shang J.,0,0,hc,5.50,away,ft,2.625,4
f1Qg23JF,Martin A.,Shang J.,0,0,hc,6.00,home,ft,1.27,2
f1Qg23JF,Martin A.,Shang J.,0,0,hc,6.00,away,ft,3.42,2
f1Qg23JF,Martin A.,Shang J.,0,0,hc,6.50,home,ft,1.21,2
f1Qg23JF,Martin A.,Shang J.,0,0,hc,6.50,away,ft,3.84,2
f1Qg23JF,Martin A.,Shang J.,0,0,hc,7.00,home,ft,1.08,2
f1Qg23JF,Martin A.,Shang J.,0,0,hc,7.00,away,ft,6.15,2
f1Qg23JF,Martin A.,Shang J.,0,0,hc,7.50,home,ft,1.07,1
f1Qg23JF,Martin A.,Shang J.,0,0,hc,7.50,away,ft,9.11,1
rcc9E9zq,Opelka R.,Kovacevic A.,2,2,ou,2.50,over,ft,2.52,1
rcc9E9zq,Opelka R.,Kovacevic A.,2,2,ou,2.50,under,ft,1.56,1
rcc9E9zq,Opelka R.,Kovacevic A.,2,2,ou,20.00,over,ft,1.27,2
rcc9E9zq,Opelka R.,Kovacevic A.,2,2,ou,20.00,under,ft,3.28,2
rcc9E9zq,Opelka R.,Kovacevic A.,2,2,ou,20.50,over,ft,1.35,2
rcc9E9zq,Opelka R.,Kovacevic A.,2,2,ou,20.50,under,ft,2.84,2
rcc9E9zq,Opelka R.,Kovacevic A.,2,2,ou,21.00,over,ft,1.28,2
rcc9E9zq,Opelka R.,Kovacevic A.,2,2,ou,21.00,under,ft,3.22,2
rcc9E9zq,Opelka R.,Kovacevic A.,2,2,ou,21.50,over,ft,1.46,2
rcc9E9zq,Opelka R.,Kovacevic A.,2,2,ou,21.50,under,ft,2.45,2
rcc9E9zq,Opelka R.,Kovacevic A.,2,2,ou,22.00,over,ft,1.44,2
rcc9E9zq,Opelka R.,Kovacevic A.,2,2,ou,22.00,under,ft,2.59,2
rcc9E9zq,Opelka R.,Kovacevic A.,2,2,ou,22.50,over,ft,1.397,3
rcc9E9zq,Opelka R.,Kovacevic A.,2,2,ou,22.50,under,ft,2.743,3
rcc9E9zq,Opelka R.,Kovacevic A.,2,2,ou,23.00,over,ft,1.49,2
rcc9E9zq,Opelka R.,Kovacevic A.,2,2,ou,23.00,under,ft,2.38,2
rcc9E9zq,Opelka R.,Kovacevic A.,2,2,ou,23.50,over,ft,1.68,3
rcc9E9zq,Opelka R.,Kovacevic A.,2,2,ou,23.50,under,ft,2.097,3
rcc9E9zq,Opelka R.,Kovacevic A.,2,2,ou,24.00,over,ft,1.68,2
rcc9E9zq,Opelka R.,Kovacevic A.,2,2,ou,24.00,under,ft,2.07,2
rcc9E9zq,Opelka R.,Kovacevic A.,2,2,ou,24.50,over,ft,1.717,3
rcc9E9zq,Opelka R.,Kovacevic A.,2,2,ou,24.50,under,ft,2.09,3
rcc9E9zq,Opelka R.,Kovacevic A.,2,2,ou,25.00,over,ft,1.777,3
rcc9E9zq,Opelka R.,Kovacevic A.,2,2,ou,25.00,under,ft,2.02,3
rcc9E9zq,Opelka R.,Kovacevic A.,2,2,ou,25.50,over,ft,1.865,4
rcc9E9zq,Opelka R.,Kovacevic A.,2,2,ou,25.50,under,ft,1.962,4
rcc9E9zq,Opelka R.,Kovacevic A.,2,2,ou,26.00,over,ft,2.097,3
rcc9E9zq,Opelka R.,Kovacevic A.,2,2,ou,26.00,under,ft,1.723,3
rcc9E9zq,Opelka R.,Kovacevic A.,2,2,ou,26.50,over,ft,2.197,4
rcc9E9zq,Opelka R.,Kovacevic A.,2,2,ou,26.50,under,ft,1.655,4
rcc9E9zq,Opelka R.,Kovacevic A.,2,2,ou,27.00,over,ft,2.327,3
rcc9E9zq,Opelka R.,Kovacevic A.,2,2,ou,27.00,under,ft,1.587,3
rcc9E9zq,Opelka R.,Kovacevic A.,2,2,ou,27.50,over,ft,2.277,3
rcc9E9zq,Opelka R.,Kovacevic A.,2,2,ou,27.50,under,ft,1.57,3
rcc9E9zq,Opelka R.,Kovacevic A.,2,2,ou,28.00,over,ft,2.31,2
rcc9E9zq,Opelka R.,Kovacevic A.,2,2,ou,28.00,under,ft,1.53,2
rcc9E9zq,Opelka R.,Kovacevic A.,2,2,ou,28.50,over,ft,2.39,3
rcc9E9zq,Opelka R.,Kovacevic A.,2,2,ou,28.50,under,ft,1.52,3
rcc9E9zq,Opelka R.,Kovacevic A.,2,2,ou,29.00,over,ft,2.21,2
rcc9E9zq,Opelka R.,Kovacevic A.,2,2,ou,29.00,under,ft,1.6,2
rcc9E9zq,Opelka R.,Kovacevic A.,2,2,ou,29.50,over,ft,2.34,3
rcc9E9zq,Opelka R.,Kovacevic A.,2,2,ou,29.50,under,ft,1.557,3
rcc9E9zq,Opelka R.,Kovacevic A.,2,2,ou,30.00,over,ft,2.24,2
rcc9E9zq,Opelka R.,Kovacevic A.,2,2,ou,30.00,under,ft,1.55,2
rcc9E9zq,Opelka R.,Kovacevic A.,2,2,ou,30.50,over,ft,2.73,1
rcc9E9zq,Opelka R.,Kovacevic A.,2,2,ou,30.50,under,ft,1.46,1
rcc9E9zq,Opelka R.,Kovacevic A.,2,2,ou,31.50,over,ft,2.75,1
rcc9E9zq,Opelka R.,Kovacevic A.,2,2,ou,31.50,under,ft,1.42,1
rcc9E9zq,Opelka R.,Kovacevic A.,2,2,hc,1.00,home,ft,1.38,2
rcc9E9zq,Opelka R.,Kovacevic A.,2,2,hc,1.00,away,ft,2.72,2
rcc9E9zq,Opelka R.,Kovacevic A.,2,2,hc,-1.00,home,ft,1.91,2
rcc9E9zq,Opelka R.,Kovacevic A.,2,2,hc,-1.00,away,ft,1.76,2
rcc9E9zq,Opelka R.,Kovacevic A.,2,2,hc,1.50,home,ft,1.227,3
rcc9E9zq,Opelka R.,Kovacevic A.,2,2,hc,1.50,away,ft,3.853,3
rcc9E9zq,Opelka R.,Kovacevic A.,2,2,hc,-1.50,home,ft,2.47,4
rcc9E9zq,Opelka R.,Kovacevic A.,2,2,hc,-1.50,away,ft,1.5,4
rcc9E9zq,Opelka R.,Kovacevic A.,2,2,hc,0,home,ft,1.633,3
rcc9E9zq,Opelka R.,Kovacevic A.,2,2,hc,0,away,ft,2.177,3
rcc9E9zq,Opelka R.,Kovacevic A.,2,2,hc,0.50,home,ft,1.55,4
rcc9E9zq,Opelka R.,Kovacevic A.,2,2,hc,0.50,away,ft,2.377,4
rcc9E9zq,Opelka R.,Kovacevic A.,2,2,hc,-0.50,home,ft,1.64,4
rcc9E9zq,Opelka R.,Kovacevic A.,2,2,hc,-0.50,away,ft,2.188,4
rcc9E9zq,Opelka R.,Kovacevic A.,2,2,hc,1.00,home,ft,1.503,3
rcc9E9zq,Opelka R.,Kovacevic A.,2,2,hc,1.00,away,ft,2.477,3
rcc9E9zq,Opelka R.,Kovacevic A.,2,2,hc,-1.00,home,ft,1.717,3
rcc9E9zq,Opelka R.,Kovacevic A.,2,2,hc,-1.00,away,ft,2.04,3
rcc9E9zq,Opelka R.,Kovacevic A.,2,2,hc,1.50,home,ft,1.39,3
rcc9E9zq,Opelka R.,Kovacevic A.,2,2,hc,1.50,away,ft,2.783,3
rcc9E9zq,Opelka R.,Kovacevic A.,2,2,hc,-1.50,home,ft,1.868,4
rcc9E9zq,Opelka R.,Kovacevic A.,2,2,hc,-1.50,away,ft,1.962,4
rcc9E9zq,Opelka R.,Kovacevic A.,2,2,hc,2.00,home,ft,1.46,2
rcc9E9zq,Opelka R.,Kovacevic A.,2,2,hc,2.00,away,ft,2.45,2
rcc9E9zq,Opelka R.,Kovacevic A.,2,2,hc,-2.00,home,ft,2.07,3
rcc9E9zq,Opelka R.,Kovacevic A.,2,2,hc,-2.00,away,ft,1.697,3
rcc9E9zq,Opelka R.,Kovacevic A.,2,2,hc,2.50,home,ft,1.29,2
rcc9E9zq,Opelka R.,Kovacevic A.,2,2,hc,2.50,away,ft,3.15,2
rcc9E9zq,Opelka R.,Kovacevic A.,2,2,hc,-2.50,home,ft,2.337,4
rcc9E9zq,Opelka R.,Kovacevic A.,2,2,hc,-2.50,away,ft,1.568,4
rcc9E9zq,Opelka R.,Kovacevic A.,2,2,hc,-3.00,home,ft,2.82,2
rcc9E9zq,Opelka R.,Kovacevic A.,2,2,hc,-3.00,away,ft,1.36,2
rcc9E9zq,Opelka R.,Kovacevic A.,2,2,hc,-3.50,home,ft,3.22,2
rcc9E9zq,Opelka R.,Kovacevic A.,2,2,hc,-3.50,away,ft,1.28,2
rcc9E9zq,Opelka R.,Kovacevic A.,2,2,hc,-4.00,home,ft,4.89,2
rcc9E9zq,Opelka R.,Kovacevic A.,2,2,hc,-4.00,away,ft,1.13,2
jaIULir9,O'Connell C.,Purcell M.,1,1,ou,2.50,over,ft,2.37,1
jaIULir9,O'Connell C.,Purcell M.,1,1,ou,2.50,under,ft,1.63,1
jaIULir9,O'Connell C.,Purcell M.,1,1,ou,20.00,over,ft,1.27,2
jaIULir9,O'Connell C.,Purcell M.,1,1,ou,20.00,under,ft,3.28,2
jaIULir9,O'Connell C.,Purcell M.,1,1,ou,20.50,over,ft,1.37,2
jaIULir9,O'Connell C.,Purcell M.,1,1,ou,20.50,under,ft,2.75,2
jaIULir9,O'Connell C.,Purcell M.,1,1,ou,21.00,over,ft,1.36,2
jaIULir9,O'Connell C.,Purcell M.,1,1,ou,21.00,under,ft,2.8,2
jaIULir9,O'Connell C.,Purcell M.,1,1,ou,21.50,over,ft,1.443,3
jaIULir9,O'Connell C.,Purcell M.,1,1,ou,21.50,under,ft,2.613,3
jaIULir9,O'Connell C.,Purcell M.,1,1,ou,22.00,over,ft,1.56,3
jaIULir9,O'Connell C.,Purcell M.,1,1,ou,22.00,under,ft,2.36,3
jaIULir9,O'Connell C.,Purcell M.,1,1,ou,22.50,over,ft,1.72,4
jaIULir9,O'Connell C.,Purcell M.,1,1,ou,22.50,under,ft,2.103,4
jaIULir9,O'Connell C.,Purcell M.,1,1,ou,23.00,over,ft,1.853,3
jaIULir9,O'Connell C.,Purcell M.,1,1,ou,23.00,under,ft,1.933,3
jaIULir9,O'Connell C.,Purcell M.,1,1,ou,23.50,over,ft,1.972,4
jaIULir9,O'Connell C.,Purcell M.,1,1,ou,23.50,under,ft,1.86,4
jaIULir9,O'Connell C.,Purcell M.,1,1,ou,24.00,over,ft,2.033,3
jaIULir9,O'Connell C.,Purcell M.,1,1,ou,24.00,under,ft,1.773,3
jaIULir9,O'Connell C.,Purcell M.,1,1,ou,24.50,over,ft,2.0,2
jaIULir9,O'Connell C.,Purcell M.,1,1,ou,24.50,under,ft,1.74,2
jaIULir9,O'Connell C.,Purcell M.,1,1,ou,25.00,over,ft,2.05,2
jaIULir9,O'Connell C.,Purcell M.,1,1,ou,25.00,under,ft,1.69,2
jaIULir9,O'Connell C.,Purcell M.,1,1,ou,25.50,over,ft,2.137,3
jaIULir9,O'Connell C.,Purcell M.,1,1,ou,25.50,under,ft,1.657,3
jaIULir9,O'Connell C.,Purcell M.,1,1,ou,26.00,over,ft,2.28,2
jaIULir9,O'Connell C.,Purcell M.,1,1,ou,26.00,under,ft,1.53,2
jaIULir9,O'Connell C.,Purcell M.,1,1,ou,26.50,over,ft,2.427,3
jaIULir9,O'Connell C.,Purcell M.,1,1,ou,26.50,under,ft,1.517,3
jaIULir9,O'Connell C.,Purcell M.,1,1,ou,27.50,over,ft,2.643,3
jaIULir9,O'Connell C.,Purcell M.,1,1,ou,27.50,under,ft,1.45,3
jaIULir9,O'Connell C.,Purcell M.,1,1,ou,28.50,over,ft,2.85,3
jaIULir9,O'Connell C.,Purcell M.,1,1,ou,28.50,under,ft,1.39,3
jaIULir9,O'Connell C.,Purcell M.,1,1,hc,1.00,home,ft,1.75,2
jaIULir9,O'Connell C.,Purcell M.,1,1,hc,1.00,away,ft,1.92,2
jaIULir9,O'Connell C.,Purcell M.,1,1,hc,-1.00,home,ft,2.65,2
jaIULir9,O'Connell C.,Purcell M.,1,1,hc,-1.00,away,ft,1.4,2
jaIULir9,O'Connell C.,Purcell M.,1,1,hc,1.50,home,ft,1.482,4
jaIULir9,O'Connell C.,Purcell M.,1,1,hc,1.50,away,ft,2.51,4
jaIULir9,O'Connell C.,Purcell M.,1,1,hc,-1.50,home,ft,3.81,3
jaIULir9,O'Connell C.,Purcell M.,1,1,hc,-1.50,away,ft,1.23,3
jaIULir9,O'Connell C.,Purcell M.,1,1,hc,0,home,ft,2.19,2
jaIULir9,O'Connell C.,Purcell M.,1,1,hc,0,away,ft,1.57,2
jaIULir9,O'Connell C.,Purcell M.,1,1,hc,0.50,home,ft,2.135,4
jaIULir9,O'Connell C.,Purcell M.,1,1,hc,0.50,away,ft,1.673,4
jaIULir9,O'Connell C.,Purcell M.,1,1,hc,-0.50,home,ft,2.37,3
jaIULir9,O'Connell C.,Purcell M.,1,1,hc,-0.50,away,ft,1.527,3
jaIULir9,O'Connell C.,Purcell M.,1,1,hc,1.00,home,ft,2.063,3
jaIULir9,O'Connell C.,Purcell M.,1,1,hc,1.00,away,ft,1.693,3
jaIULir9,O'Connell C.,Purcell M.,1,1,hc,-1.00,home,ft,2.48,2
jaIULir9,O'Connell C.,Purcell M.,1,1,hc,-1.00,away,ft,1.45,2
jaIULir9,O'Connell C.,Purcell M.,1,1,hc,1.50,home,ft,1.988,4
jaIULir9,O'Connell C.,Purcell M.,1,1,hc,1.50,away,ft,1.848,4
jaIULir9,O'Connell C.,Purcell M.,1,1,hc,-1.50,home,ft,2.61,3
jaIULir9,O'Connell C.,Purcell M.,1,1,hc,-1.50,away,ft,1.44,3
jaIULir9,O'Connell C.,Purcell M.,1,1,hc,2.00,home,ft,1.84,3
jaIULir9,O'Connell C.,Purcell M.,1,1,hc,2.00,away,ft,1.893,3
jaIULir9,O'Connell C.,Purcell M.,1,1,hc,-2.00,home,ft,2.4,2
jaIULir9,O'Connell C.,Purcell M.,1,1,hc,-2.00,away,ft,1.48,2
jaIULir9,O'Connell C.,Purcell M.,1,1,hc,2.50,home,ft,1.732,4
jaIULir9,O'Connell C.,Purcell M.,1,1,hc,2.50,away,ft,2.05,4
jaIULir9,O'Connell C.,Purcell M.,1,1,hc,-2.50,home,ft,2.9,2
jaIULir9,O'Connell C.,Purcell M.,1,1,hc,-2.50,away,ft,1.35,2
jaIULir9,O'Connell C.,Purcell M.,1,1,hc,3.00,home,ft,1.557,3
jaIULir9,O'Connell C.,Purcell M.,1,1,hc,3.00,away,ft,2.317,3
jaIULir9,O'Connell C.,Purcell M.,1,1,hc,3.50,home,ft,1.447,3
jaIULir9,O'Connell C.,Purcell M.,1,1,hc,3.50,away,ft,2.583,3
jaIULir9,O'Connell C.,Purcell M.,1,1,hc,4.00,home,ft,1.28,2
jaIULir9,O'Connell C.,Purcell M.,1,1,hc,4.00,away,ft,3.22,2
jaIULir9,O'Connell C.,Purcell M.,1,1,hc,4.50,home,ft,1.25,2
jaIULir9,O'Connell C.,Purcell M.,1,1,hc,4.50,away,ft,3.55,2
QqX1OR2t,Mayot H.,Coric B.,2,2,ou,2.50,over,ft,2.27,1
QqX1OR2t,Mayot H.,Coric B.,2,2,ou,2.50,under,ft,1.67,1
QqX1OR2t,Mayot H.,Coric B.,2,2,ou,20.00,over,ft,1.28,2
QqX1OR2t,Mayot H.,Coric B.,2,2,ou,20.00,under,ft,3.22,2
QqX1OR2t,Mayot H.,Coric B.,2,2,ou,20.50,over,ft,1.39,3
QqX1OR2t,Mayot H.,Coric B.,2,2,ou,20.50,under,ft,2.817,3
QqX1OR2t,Mayot H.,Coric B.,2,2,ou,21.00,over,ft,1.38,2
QqX1OR2t,Mayot H.,Coric B.,2,2,ou,21.00,under,ft,2.72,2
QqX1OR2t,Mayot H.,Coric B.,2,2,ou,21.50,over,ft,1.47,3
QqX1OR2t,Mayot H.,Coric B.,2,2,ou,21.50,under,ft,2.54,3
QqX1OR2t,Mayot H.,Coric B.,2,2,ou,22.00,over,ft,1.57,3
QqX1OR2t,Mayot H.,Coric B.,2,2,ou,22.00,under,ft,2.333,3
QqX1OR2t,Mayot H.,Coric B.,2,2,ou,22.50,over,ft,1.725,4
QqX1OR2t,Mayot H.,Coric B.,2,2,ou,22.50,under,ft,2.092,4
QqX1OR2t,Mayot H.,Coric B.,2,2,ou,23.00,over,ft,1.853,3
QqX1OR2t,Mayot H.,Coric B.,2,2,ou,23.00,under,ft,1.933,3
QqX1OR2t,Mayot H.,Coric B.,2,2,ou,23.50,over,ft,1.995,4
QqX1OR2t,Mayot H.,Coric B.,2,2,ou,23.50,under,ft,1.838,4
QqX1OR2t,Mayot H.,Coric B.,2,2,ou,24.00,over,ft,2.02,3
QqX1OR2t,Mayot H.,Coric B.,2,2,ou,24.00,under,ft,1.773,3
QqX1OR2t,Mayot H.,Coric B.,2,2,ou,24.50,over,ft,2.02,2
QqX1OR2t,Mayot H.,Coric B.,2,2,ou,24.50,under,ft,1.73,2
QqX1OR2t,Mayot H.,Coric B.,2,2,ou,25.00,over,ft,2.08,2
QqX1OR2t,Mayot H.,Coric B.,2,2,ou,25.00,under,ft,1.67,2
QqX1OR2t,Mayot H.,Coric B.,2,2,ou,25.50,over,ft,2.173,3
QqX1OR2t,Mayot H.,Coric B.,2,2,ou,25.50,under,ft,1.633,3
QqX1OR2t,Mayot H.,Coric B.,2,2,ou,26.00,over,ft,2.3,2
QqX1OR2t,Mayot H.,Coric B.,2,2,ou,26.00,under,ft,1.52,2
QqX1OR2t,Mayot H.,Coric B.,2,2,ou,26.50,over,ft,2.647,3
QqX1OR2t,Mayot H.,Coric B.,2,2,ou,26.50,under,ft,1.43,3
QqX1OR2t,Mayot H.,Coric B.,2,2,ou,27.50,over,ft,2.68,1
QqX1OR2t,Mayot H.,Coric B.,2,2,ou,27.50,under,ft,1.48,1
QqX1OR2t,Mayot H.,Coric B.,2,2,ou,28.50,over,ft,2.91,1
QqX1OR2t,Mayot H.,Coric B.,2,2,ou,28.50,under,ft,1.41,1
QqX1OR2t,Mayot H.,Coric B.,2,2,hc,1.00,home,ft,1.7,2
QqX1OR2t,Mayot H.,Coric B.,2,2,hc,1.00,away,ft,1.98,2
QqX1OR2t,Mayot H.,Coric B.,2,2,hc,-1.00,home,ft,2.61,2
QqX1OR2t,Mayot H.,Coric B.,2,2,hc,-1.00,away,ft,1.41,2
QqX1OR2t,Mayot H.,Coric B.,2,2,hc,1.50,home,ft,1.492,4
QqX1OR2t,Mayot H.,Coric B.,2,2,hc,1.50,away,ft,2.487,4
QqX1OR2t,Mayot H.,Coric B.,2,2,hc,-1.50,home,ft,3.74,3
QqX1OR2t,Mayot H.,Coric B.,2,2,hc,-1.50,away,ft,1.243,3
QqX1OR2t,Mayot H.,Coric B.,2,2,hc,0,home,ft,2.123,3
QqX1OR2t,Mayot H.,Coric B.,2,2,hc,0,away,ft,1.657,3
QqX1OR2t,Mayot H.,Coric B.,2,2,hc,0.50,home,ft,2.147,4
QqX1OR2t,Mayot H.,Coric B.,2,2,hc,0.50,away,ft,1.663,4
QqX1OR2t,Mayot H.,Coric B.,2,2,hc,-0.50,home,ft,2.305,4
QqX1OR2t,Mayot H.,Coric B.,2,2,hc,-0.50,away,ft,1.585,4
QqX1OR2t,Mayot H.,Coric B.,2,2,hc,1.00,home,ft,2.07,3
QqX1OR2t,Mayot H.,Coric B.,2,2,hc,1.00,away,ft,1.693,3
QqX1OR2t,Mayot H.,Coric B.,2,2,hc,-1.00,home,ft,2.31,3
QqX1OR2t,Mayot H.,Coric B.,2,2,hc,-1.00,away,ft,1.57,3
QqX1OR2t,Mayot H.,Coric B.,2,2,hc,1.50,home,ft,2.038,4
QqX1OR2t,Mayot H.,Coric B.,2,2,hc,1.50,away,ft,1.802,4
QqX1OR2t,Mayot H.,Coric B.,2,2,hc,-1.50,home,ft,2.623,3
QqX1OR2t,Mayot H.,Coric B.,2,2,hc,-1.50,away,ft,1.44,3
QqX1OR2t,Mayot H.,Coric B.,2,2,hc,2.00,home,ft,1.837,3
QqX1OR2t,Mayot H.,Coric B.,2,2,hc,2.00,away,ft,1.893,3
QqX1OR2t,Mayot H.,Coric B.,2,2,hc,-2.00,home,ft,2.42,2
QqX1OR2t,Mayot H.,Coric B.,2,2,hc,-2.00,away,ft,1.47,2
QqX1OR2t,Mayot H.,Coric B.,2,2,hc,2.50,home,ft,1.75,4
QqX1OR2t,Mayot H.,Coric B.,2,2,hc,2.50,away,ft,2.018,4
QqX1OR2t,Mayot H.,Coric B.,2,2,hc,-2.50,home,ft,2.65,3
QqX1OR2t,Mayot H.,Coric B.,2,2,hc,-2.50,away,ft,1.43,3
QqX1OR2t,Mayot H.,Coric B.,2,2,hc,3.00,home,ft,1.547,3
QqX1OR2t,Mayot H.,Coric B.,2,2,hc,3.00,away,ft,2.327,3
QqX1OR2t,Mayot H.,Coric B.,2,2,hc,3.50,home,ft,1.46,3
QqX1OR2t,Mayot H.,Coric B.,2,2,hc,3.50,away,ft,2.547,3
QqX1OR2t,Mayot H.,Coric B.,2,2,hc,4.00,home,ft,1.28,2
QqX1OR2t,Mayot H.,Coric B.,2,2,hc,4.00,away,ft,3.22,2
0rsirrSq,Bellucci M.,Vukic A.,,,ou,2.50,over,ft,2.37,1
0rsirrSq,Bellucci M.,Vukic A.,,,ou,2.50,under,ft,1.63,1
0rsirrSq,Bellucci M.,Vukic A.,,,ou,20.00,over,ft,1.32,2
0rsirrSq,Bellucci M.,Vukic A.,,,ou,20.00,under,ft,2.99,2
0rsirrSq,Bellucci M.,Vukic A.,,,ou,20.50,over,ft,1.42,2
0rsirrSq,Bellucci M.,Vukic A.,,,ou,20.50,under,ft,2.62,2
0rsirrSq,Bellucci M.,Vukic A.,,,ou,21.00,over,ft,1.32,2
0rsirrSq,Bellucci M.,Vukic A.,,,ou,21.00,under,ft,2.99,2
0rsirrSq,Bellucci M.,Vukic A.,,,ou,21.50,over,ft,1.417,3
0rsirrSq,Bellucci M.,Vukic A.,,,ou,21.50,under,ft,2.717,3
0rsirrSq,Bellucci M.,Vukic A.,,,ou,22.00,over,ft,1.49,2
0rsirrSq,Bellucci M.,Vukic A.,,,ou,22.00,under,ft,2.44,2
0rsirrSq,Bellucci M.,Vukic A.,,,ou,22.50,over,ft,1.64,4
0rsirrSq,Bellucci M.,Vukic A.,,,ou,22.50,under,ft,2.235,4
0rsirrSq,Bellucci M.,Vukic A.,,,ou,23.00,over,ft,1.78,3
0rsirrSq,Bellucci M.,Vukic A.,,,ou,23.00,under,ft,2.023,3
0rsirrSq,Bellucci M.,Vukic A.,,,ou,23.50,over,ft,1.938,4
0rsirrSq,Bellucci M.,Vukic A.,,,ou,23.50,under,ft,1.877,4
0rsirrSq,Bellucci M.,Vukic A.,,,ou,24.00,over,ft,1.96,3
0rsirrSq,Bellucci M.,Vukic A.,,,ou,24.00,under,ft,1.83,3
0rsirrSq,Bellucci M.,Vukic A.,,,ou,24.50,over,ft,1.947,3
0rsirrSq,Bellucci M.,Vukic A.,,,ou,24.50,under,ft,1.88,3
0rsirrSq,Bellucci M.,Vukic A.,,,ou,25.00,over,ft,1.993,3
0rsirrSq,Bellucci M.,Vukic A.,,,ou,25.00,under,ft,1.777,3
0rsirrSq,Bellucci M.,Vukic A.,,,ou,25.50,over,ft,2.058,4
0rsirrSq,Bellucci M.,Vukic A.,,,ou,25.50,under,ft,1.732,4
0rsirrSq,Bellucci M.,Vukic A.,,,ou,26.00,over,ft,2.22,2
0rsirrSq,Bellucci M.,Vukic A.,,,ou,26.00,under,ft,1.56,2
0rsirrSq,Bellucci M.,Vukic A.,,,ou,26.50,over,ft,2.493,3
0rsirrSq,Bellucci M.,Vukic A.,,,ou,26.50,under,ft,1.483,3
0rsirrSq,Bellucci M.,Vukic A.,,,ou,27.50,over,ft,2.51,1
0rsirrSq,Bellucci M.,Vukic A.,,,ou,27.50,under,ft,1.54,1
0rsirrSq,Bellucci M.,Vukic A.,,,ou,28.50,over,ft,2.69,1
0rsirrSq,Bellucci M.,Vukic A.,,,ou,28.50,under,ft,1.48,1
0rsirrSq,Bellucci M.,Vukic A.,,,ou,29.50,over,ft,2.92,1
0rsirrSq,Bellucci M.,Vukic A.,,,ou,29.50,under,ft,1.41,1
0rsirrSq,Bellucci M.,Vukic A.,,,hc,1.00,home,ft,1.56,2
0rsirrSq,Bellucci M.,Vukic A.,,,hc,1.00,away,ft,2.22,2
0rsirrSq,Bellucci M.,Vukic A.,,,hc,-1.00,home,ft,2.61,2
0rsirrSq,Bellucci M.,Vukic A.,,,hc,-1.00,away,ft,1.41,2
0rsirrSq,Bellucci M.,Vukic A.,,,hc,1.50,home,ft,1.39,4
0rsirrSq,Bellucci M.,Vukic A.,,,hc,1.50,away,ft,2.84,4
0rsirrSq,Bellucci M.,Vukic A.,,,hc,-1.50,home,ft,3.407,3
0rsirrSq,Bellucci M.,Vukic A.,,,hc,-1.50,away,ft,1.283,3
0rsirrSq,Bellucci M.,Vukic A.,,,hc,0,home,ft,2.0,3
0rsirrSq,Bellucci M.,Vukic A.,,,hc,0,away,ft,1.75,3
0rsirrSq,Bellucci M.,Vukic A.,,,hc,0.50,home,ft,1.98,4
0rsirrSq,Bellucci M.,Vukic A.,,,hc,0.50,away,ft,1.85,4
0rsirrSq,Bellucci M.,Vukic A.,,,hc,-0.50,home,ft,2.103,4
0rsirrSq,Bellucci M.,Vukic A.,,,hc,-0.50,away,ft,1.692,4
0rsirrSq,Bellucci M.,Vukic A.,,,hc,1.00,home,ft,1.827,3
0rsirrSq,Bellucci M.,Vukic A.,,,hc,1.00,away,ft,1.907,3
0rsirrSq,Bellucci M.,Vukic A.,,,hc,-1.00,home,ft,2.157,3
0rsirrSq,Bellucci M.,Vukic A.,,,hc,-1.00,away,ft,1.64,3
0rsirrSq,Bellucci M.,Vukic A.,,,hc,1.50,home,ft,1.772,4
0rsirrSq,Bellucci M.,Vukic A.,,,hc,1.50,away,ft,1.995,4
0rsirrSq,Bellucci M.,Vukic A.,,,hc,-1.50,home,ft,2.3,3
0rsirrSq,Bellucci M.,Vukic A.,,,hc,-1.50,away,ft,1.557,3
0rsirrSq,Bellucci M.,Vukic A.,,,hc,2.00,home,ft,1.633,3
0rsirrSq,Bellucci M.,Vukic A.,,,hc,2.00,away,ft,2.173,3
0rsirrSq,Bellucci M.,Vukic A.,,,hc,-2.00,home,ft,2.48,2
0rsirrSq,Bellucci M.,Vukic A.,,,hc,-2.00,away,ft,1.45,2
0rsirrSq,Bellucci M.,Vukic A.,,,hc,2.50,home,ft,1.57,4
0rsirrSq,Bellucci M.,Vukic A.,,,hc,2.50,away,ft,2.325,4
0rsirrSq,Bellucci M.,Vukic A.,,,hc,-2.50,home,ft,2.707,3
0rsirrSq,Bellucci M.,Vukic A.,,,hc,-2.50,away,ft,1.413,3
0rsirrSq,Bellucci M.,Vukic A.,,,hc,3.00,home,ft,1.39,2
0rsirrSq,Bellucci M.,Vukic A.,,,hc,3.00,away,ft,2.68,2
0rsirrSq,Bellucci M.,Vukic A.,,,hc,3.50,home,ft,1.35,2
0rsirrSq,Bellucci M.,Vukic A.,,,hc,3.50,away,ft,2.83,2
0rsirrSq,Bellucci M.,Vukic A.,,,hc,4.00,home,ft,1.21,2
0rsirrSq,Bellucci M.,Vukic A.,,,hc,4.00,away,ft,3.76,2
0rsirrSq,Bellucci M.,Vukic A.,,,hc,4.50,home,ft,1.31,2
0rsirrSq,Bellucci M.,Vukic A.,,,hc,4.50,away,ft,3.1,2
0rsirrSq,Bellucci M.,Vukic A.,,,hc,5.00,home,ft,1.17,2
0rsirrSq,Bellucci M.,Vukic A.,,,hc,5.00,away,ft,4.15,2
lzxz0ALk,Kokkinakis T.,Coric B.,,,ou,2.50,over,ft,2.5,1
lzxz0ALk,Kokkinakis T.,Coric B.,,,ou,2.50,under,ft,1.57,1
lzxz0ALk,Kokkinakis T.,Coric B.,,,ou,20.00,over,ft,1.33,2
lzxz0ALk,Kokkinakis T.,Coric B.,,,ou,20.00,under,ft,2.94,2
lzxz0ALk,Kokkinakis T.,Coric B.,,,ou,20.50,over,ft,1.44,2
lzxz0ALk,Kokkinakis T.,Coric B.,,,ou,20.50,under,ft,2.55,2
lzxz0ALk,Kokkinakis T.,Coric B.,,,ou,21.00,over,ft,1.33,2
lzxz0ALk,Kokkinakis T.,Coric B.,,,ou,21.00,under,ft,2.94,2
lzxz0ALk,Kokkinakis T.,Coric B.,,,ou,21.50,over,ft,1.417,3
lzxz0ALk,Kokkinakis T.,Coric B.,,,ou,21.50,under,ft,2.717,3
lzxz0ALk,Kokkinakis T.,Coric B.,,,ou,22.00,over,ft,1.513,3
lzxz0ALk,Kokkinakis T.,Coric B.,,,ou,22.00,under,ft,2.48,3
lzxz0ALk,Kokkinakis T.,Coric B.,,,ou,22.50,over,ft,1.675,4
lzxz0ALk,Kokkinakis T.,Coric B.,,,ou,22.50,under,ft,2.17,4
lzxz0ALk,Kokkinakis T.,Coric B.,,,ou,23.00,over,ft,1.8,3
lzxz0ALk,Kokkinakis T.,Coric B.,,,ou,23.00,under,ft,1.98,3
lzxz0ALk,Kokkinakis T.,Coric B.,,,ou,23.50,over,ft,1.98,4
lzxz0ALk,Kokkinakis T.,Coric B.,,,ou,23.50,under,ft,1.84,4
lzxz0ALk,Kokkinakis T.,Coric B.,,,ou,24.00,over,ft,1.997,3
lzxz0ALk,Kokkinakis T.,Coric B.,,,ou,24.00,under,ft,1.8,3
lzxz0ALk,Kokkinakis T.,Coric B.,,,ou,24.50,over,ft,1.95,2
lzxz0ALk,Kokkinakis T.,Coric B.,,,ou,24.50,under,ft,1.78,2
lzxz0ALk,Kokkinakis T.,Coric B.,,,ou,25.00,over,ft,2.01,2
lzxz0ALk,Kokkinakis T.,Coric B.,,,ou,25.00,under,ft,1.72,2
lzxz0ALk,Kokkinakis T.,Coric B.,,,ou,25.50,over,ft,2.093,3
lzxz0ALk,Kokkinakis T.,Coric B.,,,ou,25.50,under,ft,1.683,3
lzxz0ALk,Kokkinakis T.,Coric B.,,,ou,26.00,over,ft,2.22,2
lzxz0ALk,Kokkinakis T.,Coric B.,,,ou,26.00,under,ft,1.56,2
lzxz0ALk,Kokkinakis T.,Coric B.,,,ou,26.50,over,ft,2.44,3
lzxz0ALk,Kokkinakis T.,Coric B.,,,ou,26.50,under,ft,1.497,3
lzxz0ALk,Kokkinakis T.,Coric B.,,,ou,27.50,over,ft,2.623,3
lzxz0ALk,Kokkinakis T.,Coric B.,,,ou,27.50,under,ft,1.437,3
lzxz0ALk,Kokkinakis T.,Coric B.,,,ou,28.50,over,ft,2.8,1
lzxz0ALk,Kokkinakis T.,Coric B.,,,ou,28.50,under,ft,1.44,1
lzxz0ALk,Kokkinakis T.,Coric B.,,,hc,1.00,home,ft,1.39,2
lzxz0ALk,Kokkinakis T.,Coric B.,,,hc,1.00,away,ft,2.68,2
lzxz0ALk,Kokkinakis T.,Coric B.,,,hc,-1.00,home,ft,2.19,2
lzxz0ALk,Kokkinakis T.,Coric B.,,,hc,-1.00,away,ft,1.57,2
lzxz0ALk,Kokkinakis T.,Coric B.,,,hc,1.50,home,ft,1.303,3
lzxz0ALk,Kokkinakis T.,Coric B.,,,hc,1.50,away,ft,3.28,3
lzxz0ALk,Kokkinakis T.,Coric B.,,,hc,-1.50,home,ft,2.745,4
lzxz0ALk,Kokkinakis T.,Coric B.,,,hc,-1.50,away,ft,1.41,4
lzxz0ALk,Kokkinakis T.,Coric B.,,,hc,0,home,ft,1.717,3
lzxz0ALk,Kokkinakis T.,Coric B.,,,hc,0,away,ft,2.033,3
lzxz0ALk,Kokkinakis T.,Coric B.,,,hc,0.50,home,ft,1.698,4
lzxz0ALk,Kokkinakis T.,Coric B.,,,hc,0.50,away,ft,2.093,4
lzxz0ALk,Kokkinakis T.,Coric B.,,,hc,-0.50,home,ft,1.84,4
lzxz0ALk,Kokkinakis T.,Coric B.,,,hc,-0.50,away,ft,1.92,4
lzxz0ALk,Kokkinakis T.,Coric B.,,,hc,1.00,home,ft,1.57,2
lzxz0ALk,Kokkinakis T.,Coric B.,,,hc,1.00,away,ft,2.19,2
lzxz0ALk,Kokkinakis T.,Coric B.,,,hc,-1.00,home,ft,1.893,3
lzxz0ALk,Kokkinakis T.,Coric B.,,,hc,-1.00,away,ft,1.843,3
lzxz0ALk,Kokkinakis T.,Coric B.,,,hc,1.50,home,ft,1.563,3
lzxz0ALk,Kokkinakis T.,Coric B.,,,hc,1.50,away,ft,2.283,3
lzxz0ALk,Kokkinakis T.,Coric B.,,,hc,-1.50,home,ft,1.998,4
lzxz0ALk,Kokkinakis T.,Coric B.,,,hc,-1.50,away,ft,1.768,4
lzxz0ALk,Kokkinakis T.,Coric B.,,,hc,2.00,home,ft,1.44,2
lzxz0ALk,Kokkinakis T.,Coric B.,,,hc,2.00,away,ft,2.52,2
lzxz0ALk,Kokkinakis T.,Coric B.,,,hc,-2.00,home,ft,2.143,3
lzxz0ALk,Kokkinakis T.,Coric B.,,,hc,-2.00,away,ft,1.65,3
lzxz0ALk,Kokkinakis T.,Coric B.,,,hc,2.50,home,ft,1.413,3
lzxz0ALk,Kokkinakis T.,Coric B.,,,hc,2.50,away,ft,2.7,3
lzxz0ALk,Kokkinakis T.,Coric B.,,,hc,-2.50,home,ft,2.308,4
lzxz0ALk,Kokkinakis T.,Coric B.,,,hc,-2.50,away,ft,1.58,4
lzxz0ALk,Kokkinakis T.,Coric B.,,,hc,-3.00,home,ft,2.61,2
lzxz0ALk,Kokkinakis T.,Coric B.,,,hc,-3.00,away,ft,1.41,2
lzxz0ALk,Kokkinakis T.,Coric B.,,,hc,-3.50,home,ft,2.82,3
lzxz0ALk,Kokkinakis T.,Coric B.,,,hc,-3.50,away,ft,1.37,3
lzxz0ALk,Kokkinakis T.,Coric B.,,,hc,-4.00,home,ft,3.76,2
lzxz0ALk,Kokkinakis T.,Coric B.,,,hc,-4.00,away,ft,1.21,2
z5FGCm5e,Nakashima B.,McDonald M.,0,0,ou,2.50,over,ft,2.29,1
z5FGCm5e,Nakashima B.,McDonald M.,0,0,ou,2.50,under,ft,1.67,1
z5FGCm5e,Nakashima B.,McDonald M.,0,0,ou,20.00,over,ft,1.275,2
z5FGCm5e,Nakashima B.,McDonald M.,0,0,ou,20.00,under,ft,3.25,2
z5FGCm5e,Nakashima B.,McDonald M.,0,0,ou,20.50,over,ft,1.4,3
z5FGCm5e,Nakashima B.,McDonald M.,0,0,ou,20.50,under,ft,2.78,3
z5FGCm5e,Nakashima B.,McDonald M.,0,0,ou,21.00,over,ft,1.44,2
z5FGCm5e,Nakashima B.,McDonald M.,0,0,ou,21.00,under,ft,2.58,2
z5FGCm5e,Nakashima B.,McDonald M.,0,0,ou,21.50,over,ft,1.53,3
z5FGCm5e,Nakashima B.,McDonald M.,0,0,ou,21.50,under,ft,2.433,3
z5FGCm5e,Nakashima B.,McDonald M.,0,0,ou,22.00,over,ft,1.643,3
z5FGCm5e,Nakashima B.,McDonald M.,0,0,ou,22.00,under,ft,2.23,3
z5FGCm5e,Nakashima B.,McDonald M.,0,0,ou,22.50,over,ft,1.795,4
z5FGCm5e,Nakashima B.,McDonald M.,0,0,ou,22.50,under,ft,2.032,4
z5FGCm5e,Nakashima B.,McDonald M.,0,0,ou,23.00,over,ft,1.913,3
z5FGCm5e,Nakashima B.,McDonald M.,0,0,ou,23.00,under,ft,1.873,3
z5FGCm5e,Nakashima B.,McDonald M.,0,0,ou,23.50,over,ft,2.002,4
z5FGCm5e,Nakashima B.,McDonald M.,0,0,ou,23.50,under,ft,1.83,4
z5FGCm5e,Nakashima B.,McDonald M.,0,0,ou,24.00,over,ft,2.067,3
z5FGCm5e,Nakashima B.,McDonald M.,0,0,ou,24.00,under,ft,1.723,3
z5FGCm5e,Nakashima B.,McDonald M.,0,0,ou,24.50,over,ft,2.11,3
z5FGCm5e,Nakashima B.,McDonald M.,0,0,ou,24.50,under,ft,1.673,3
z5FGCm5e,Nakashima B.,McDonald M.,0,0,ou,25.00,over,ft,2.16,2
z5FGCm5e,Nakashima B.,McDonald M.,0,0,ou,25.00,under,ft,1.59,2
z5FGCm5e,Nakashima B.,McDonald M.,0,0,ou,25.50,over,ft,2.197,3
z5FGCm5e,Nakashima B.,McDonald M.,0,0,ou,25.50,under,ft,1.62,3
z5FGCm5e,Nakashima B.,McDonald M.,0,0,ou,26.00,over,ft,2.33,2
z5FGCm5e,Nakashima B.,McDonald M.,0,0,ou,26.00,under,ft,1.51,2
z5FGCm5e,Nakashima B.,McDonald M.,0,0,ou,26.50,over,ft,2.48,3
z5FGCm5e,Nakashima B.,McDonald M.,0,0,ou,26.50,under,ft,1.48,3
z5FGCm5e,Nakashima B.,McDonald M.,0,0,ou,27.50,over,ft,2.72,1
z5FGCm5e,Nakashima B.,McDonald M.,0,0,ou,27.50,under,ft,1.47,1
z5FGCm5e,Nakashima B.,McDonald M.,0,0,ou,28.50,over,ft,2.96,1
z5FGCm5e,Nakashima B.,McDonald M.,0,0,ou,28.50,under,ft,1.4,1
z5FGCm5e,Nakashima B.,McDonald M.,0,0,hc,-1.00,home,ft,1.73,2
z5FGCm5e,Nakashima B.,McDonald M.,0,0,hc,-1.00,away,ft,1.94,2
z5FGCm5e,Nakashima B.,McDonald M.,0,0,hc,1.50,home,ft,1.177,3
z5FGCm5e,Nakashima B.,McDonald M.,0,0,hc,1.50,away,ft,4.437,3
z5FGCm5e,Nakashima B.,McDonald M.,0,0,hc,-1.50,home,ft,2.288,4
z5FGCm5e,Nakashima B.,McDonald M.,0,0,hc,-1.50,away,ft,1.573,4
z5FGCm5e,Nakashima B.,McDonald M.,0,0,hc,0,home,ft,1.47,2
z5FGCm5e,Nakashima B.,McDonald M.,0,0,hc,0,away,ft,2.42,2
z5FGCm5e,Nakashima B.,McDonald M.,0,0,hc,0.50,home,ft,1.433,3
z5FGCm5e,Nakashima B.,McDonald M.,0,0,hc,0.50,away,ft,2.63,3
z5FGCm5e,Nakashima B.,McDonald M.,0,0,hc,-0.50,home,ft,1.52,3
z5FGCm5e,Nakashima B.,McDonald M.,0,0,hc,-0.50,away,ft,2.383,3
z5FGCm5e,Nakashima B.,McDonald M.,0,0,hc,-1.00,home,ft,1.583,3
z5FGCm5e,Nakashima B.,McDonald M.,0,0,hc,-1.00,away,ft,2.263,3
z5FGCm5e,Nakashima B.,McDonald M.,0,0,hc,1.50,home,ft,1.41,1
z5FGCm5e,Nakashima B.,McDonald M.,0,0,hc,1.50,away,ft,2.93,1
z5FGCm5e,Nakashima B.,McDonald M.,0,0,hc,-1.50,home,ft,1.643,4
z5FGCm5e,Nakashima B.,McDonald M.,0,0,hc,-1.50,away,ft,2.192,4
z5FGCm5e,Nakashima B.,McDonald M.,0,0,hc,-2.00,home,ft,1.707,3
z5FGCm5e,Nakashima B.,McDonald M.,0,0,hc,-2.00,away,ft,2.053,3
z5FGCm5e,Nakashima B.,McDonald M.,0,0,hc,-2.50,home,ft,1.912,4
z5FGCm5e,Nakashima B.,McDonald M.,0,0,hc,-2.50,away,ft,1.91,4
z5FGCm5e,Nakashima B.,McDonald M.,0,0,hc,-3.00,home,ft,2.02,3
z5FGCm5e,Nakashima B.,McDonald M.,0,0,hc,-3.00,away,ft,1.73,3
z5FGCm5e,Nakashima B.,McDonald M.,0,0,hc,-3.50,home,ft,2.288,4
z5FGCm5e,Nakashima B.,McDonald M.,0,0,hc,-3.50,away,ft,1.59,4
z5FGCm5e,Nakashima B.,McDonald M.,0,0,hc,-4.00,home,ft,2.63,2
z5FGCm5e,Nakashima B.,McDonald M.,0,0,hc,-4.00,away,ft,1.4,2
z5FGCm5e,Nakashima B.,McDonald M.,0,0,hc,-4.50,home,ft,2.97,2
z5FGCm5e,Nakashima B.,McDonald M.,0,0,hc,-4.50,away,ft,1.32,2
z5FGCm5e,Nakashima B.,McDonald M.,0,0,hc,-5.00,home,ft,4.05,2
z5FGCm5e,Nakashima B.,McDonald M.,0,0,hc,-5.00,away,ft,1.18,2
Ag6nC1nf,Kecmanovic M.,Walton A.,0,0,ou,2.50,over,ft,2.38,1
Ag6nC1nf,Kecmanovic M.,Walton A.,0,0,ou,2.50,under,ft,1.62,1
Ag6nC1nf,Kecmanovic M.,Walton A.,0,0,ou,20.00,over,ft,1.27,2
Ag6nC1nf,Kecmanovic M.,Walton A.,0,0,ou,20.00,under,ft,3.28,2
Ag6nC1nf,Kecmanovic M.,Walton A.,0,0,ou,20.50,over,ft,1.39,3
Ag6nC1nf,Kecmanovic M.,Walton A.,0,0,ou,20.50,under,ft,2.82,3
Ag6nC1nf,Kecmanovic M.,Walton A.,0,0,ou,21.00,over,ft,1.42,2
Ag6nC1nf,Kecmanovic M.,Walton A.,0,0,ou,21.00,under,ft,2.66,2
Ag6nC1nf,Kecmanovic M.,Walton A.,0,0,ou,21.50,over,ft,1.56,4
Ag6nC1nf,Kecmanovic M.,Walton A.,0,0,ou,21.50,under,ft,2.397,4
Ag6nC1nf,Kecmanovic M.,Walton A.,0,0,ou,22.00,over,ft,1.65,3
Ag6nC1nf,Kecmanovic M.,Walton A.,0,0,ou,22.00,under,ft,2.217,3
Ag6nC1nf,Kecmanovic M.,Walton A.,0,0,ou,22.50,over,ft,1.84,4
Ag6nC1nf,Kecmanovic M.,Walton A.,0,0,ou,22.50,under,ft,1.99,4
Ag6nC1nf,Kecmanovic M.,Walton A.,0,0,ou,23.00,over,ft,1.937,3
Ag6nC1nf,Kecmanovic M.,Walton A.,0,0,ou,23.00,under,ft,1.853,3
Ag6nC1nf,Kecmanovic M.,Walton A.,0,0,ou,23.50,over,ft,2.08,4
Ag6nC1nf,Kecmanovic M.,Walton A.,0,0,ou,23.50,under,ft,1.732,4
Ag6nC1nf,Kecmanovic M.,Walton A.,0,0,ou,24.00,over,ft,2.09,3
Ag6nC1nf,Kecmanovic M.,Walton A.,0,0,ou,24.00,under,ft,1.707,3
Ag6nC1nf,Kecmanovic M.,Walton A.,0,0,ou,24.50,over,ft,2.083,3
Ag6nC1nf,Kecmanovic M.,Walton A.,0,0,ou,24.50,under,ft,1.69,3
Ag6nC1nf,Kecmanovic M.,Walton A.,0,0,ou,25.00,over,ft,2.14,2
Ag6nC1nf,Kecmanovic M.,Walton A.,0,0,ou,25.00,under,ft,1.6,2
Ag6nC1nf,Kecmanovic M.,Walton A.,0,0,ou,25.50,over,ft,2.32,1
Ag6nC1nf,Kecmanovic M.,Walton A.,0,0,ou,25.50,under,ft,1.62,1
Ag6nC1nf,Kecmanovic M.,Walton A.,0,0,ou,26.50,over,ft,2.63,1
Ag6nC1nf,Kecmanovic M.,Walton A.,0,0,ou,26.50,under,ft,1.49,1
Ag6nC1nf,Kecmanovic M.,Walton A.,0,0,ou,27.50,over,ft,2.84,1
Ag6nC1nf,Kecmanovic M.,Walton A.,0,0,ou,27.50,under,ft,1.43,1
Ag6nC1nf,Kecmanovic M.,Walton A.,0,0,hc,-1.00,home,ft,1.58,2
Ag6nC1nf,Kecmanovic M.,Walton A.,0,0,hc,-1.00,away,ft,2.18,2
Ag6nC1nf,Kecmanovic M.,Walton A.,0,0,hc,1.50,home,ft,1.153,3
Ag6nC1nf,Kecmanovic M.,Walton A.,0,0,hc,1.50,away,ft,4.833,3
Ag6nC1nf,Kecmanovic M.,Walton A.,0,0,hc,-1.50,home,ft,2.11,4
Ag6nC1nf,Kecmanovic M.,Walton A.,0,0,hc,-1.50,away,ft,1.67,4
Ag6nC1nf,Kecmanovic M.,Walton A.,0,0,hc,0.50,home,ft,1.357,3
Ag6nC1nf,Kecmanovic M.,Walton A.,0,0,hc,0.50,away,ft,2.897,3
Ag6nC1nf,Kecmanovic M.,Walton A.,0,0,hc,-0.50,home,ft,1.433,3
Ag6nC1nf,Kecmanovic M.,Walton A.,0,0,hc,-0.50,away,ft,2.653,3
Ag6nC1nf,Kecmanovic M.,Walton A.,0,0,hc,-1.00,home,ft,1.44,2
Ag6nC1nf,Kecmanovic M.,Walton A.,0,0,hc,-1.00,away,ft,2.59,2
Ag6nC1nf,Kecmanovic M.,Walton A.,0,0,hc,-1.50,home,ft,1.56,4
Ag6nC1nf,Kecmanovic M.,Walton A.,0,0,hc,-1.50,away,ft,2.397,4
Ag6nC1nf,Kecmanovic M.,Walton A.,0,0,hc,-2.00,home,ft,1.62,3
Ag6nC1nf,Kecmanovic M.,Walton A.,0,0,hc,-2.00,away,ft,2.27,3
Ag6nC1nf,Kecmanovic M.,Walton A.,0,0,hc,-2.50,home,ft,1.78,4
Ag6nC1nf,Kecmanovic M.,Walton A.,0,0,hc,-2.50,away,ft,2.065,4
Ag6nC1nf,Kecmanovic M.,Walton A.,0,0,hc,-3.00,home,ft,1.933,3
Ag6nC1nf,Kecmanovic M.,Walton A.,0,0,hc,-3.00,away,ft,1.853,3
Ag6nC1nf,Kecmanovic M.,Walton A.,0,0,hc,-3.50,home,ft,2.158,4
Ag6nC1nf,Kecmanovic M.,Walton A.,0,0,hc,-3.50,away,ft,1.685,4
Ag6nC1nf,Kecmanovic M.,Walton A.,0,0,hc,-4.00,home,ft,2.63,3
Ag6nC1nf,Kecmanovic M.,Walton A.,0,0,hc,-4.00,away,ft,1.46,3
Ag6nC1nf,Kecmanovic M.,Walton A.,0,0,hc,-4.50,home,ft,2.89,2
Ag6nC1nf,Kecmanovic M.,Walton A.,0,0,hc,-4.50,away,ft,1.35,2
Ag6nC1nf,Kecmanovic M.,Walton A.,0,0,hc,-5.00,home,ft,3.94,2
Ag6nC1nf,Kecmanovic M.,Walton A.,0,0,hc,-5.00,away,ft,1.19,2
Ag6nC1nf,Kecmanovic M.,Walton A.,0,0,hc,-5.50,home,ft,4.3,2
Ag6nC1nf,Kecmanovic M.,Walton A.,0,0,hc,-5.50,away,ft,1.17,2
Ag6nC1nf,Kecmanovic M.,Walton A.,0,0,hc,-6.00,home,ft,6.45,2
Ag6nC1nf,Kecmanovic M.,Walton A.,0,0,hc,-6.00,away,ft,1.07,2
6LaeAuH6,Rinderknech A.,Wolf J.J.,2,2,ou,2.50,over,ft,2.42,1
6LaeAuH6,Rinderknech A.,Wolf J.J.,2,2,ou,2.50,under,ft,1.61,1
6LaeAuH6,Rinderknech A.,Wolf J.J.,2,2,ou,20.00,over,ft,1.3,2
6LaeAuH6,Rinderknech A.,Wolf J.J.,2,2,ou,20.00,under,ft,3.1,2
6LaeAuH6,Rinderknech A.,Wolf J.J.,2,2,ou,20.50,over,ft,1.41,2
6LaeAuH6,Rinderknech A.,Wolf J.J.,2,2,ou,20.50,under,ft,2.65,2
6LaeAuH6,Rinderknech A.,Wolf J.J.,2,2,ou,21.00,over,ft,1.56,2
6LaeAuH6,Rinderknech A.,Wolf J.J.,2,2,ou,21.00,under,ft,2.43,2
6LaeAuH6,Rinderknech A.,Wolf J.J.,2,2,ou,21.50,over,ft,1.59,3
6LaeAuH6,Rinderknech A.,Wolf J.J.,2,2,ou,21.50,under,ft,2.417,3
6LaeAuH6,Rinderknech A.,Wolf J.J.,2,2,ou,22.00,over,ft,1.76,2
6LaeAuH6,Rinderknech A.,Wolf J.J.,2,2,ou,22.00,under,ft,2.07,2
6LaeAuH6,Rinderknech A.,Wolf J.J.,2,2,ou,22.50,over,ft,1.665,4
6LaeAuH6,Rinderknech A.,Wolf J.J.,2,2,ou,22.50,under,ft,2.19,4
6LaeAuH6,Rinderknech A.,Wolf J.J.,2,2,ou,23.00,over,ft,1.783,3
6LaeAuH6,Rinderknech A.,Wolf J.J.,2,2,ou,23.00,under,ft,2.013,3
6LaeAuH6,Rinderknech A.,Wolf J.J.,2,2,ou,23.50,over,ft,1.968,4
6LaeAuH6,Rinderknech A.,Wolf J.J.,2,2,ou,23.50,under,ft,1.85,4
6LaeAuH6,Rinderknech A.,Wolf J.J.,2,2,ou,24.00,over,ft,1.973,3
6LaeAuH6,Rinderknech A.,Wolf J.J.,2,2,ou,24.00,under,ft,1.82,3
6LaeAuH6,Rinderknech A.,Wolf J.J.,2,2,ou,24.50,over,ft,1.948,4
6LaeAuH6,Rinderknech A.,Wolf J.J.,2,2,ou,24.50,under,ft,1.865,4
6LaeAuH6,Rinderknech A.,Wolf J.J.,2,2,ou,25.00,over,ft,2.213,3
6LaeAuH6,Rinderknech A.,Wolf J.J.,2,2,ou,25.00,under,ft,1.693,3
6LaeAuH6,Rinderknech A.,Wolf J.J.,2,2,ou,25.50,over,ft,2.087,4
6LaeAuH6,Rinderknech A.,Wolf J.J.,2,2,ou,25.50,under,ft,1.712,4
6LaeAuH6,Rinderknech A.,Wolf J.J.,2,2,ou,26.00,over,ft,2.22,2
6LaeAuH6,Rinderknech A.,Wolf J.J.,2,2,ou,26.00,under,ft,1.56,2
6LaeAuH6,Rinderknech A.,Wolf J.J.,2,2,ou,26.50,over,ft,2.47,1
6LaeAuH6,Rinderknech A.,Wolf J.J.,2,2,ou,26.50,under,ft,1.55,1
6LaeAuH6,Rinderknech A.,Wolf J.J.,2,2,ou,27.50,over,ft,2.62,1
6LaeAuH6,Rinderknech A.,Wolf J.J.,2,2,ou,27.50,under,ft,1.5,1
6LaeAuH6,Rinderknech A.,Wolf J.J.,2,2,ou,28.50,over,ft,2.84,1
6LaeAuH6,Rinderknech A.,Wolf J.J.,2,2,ou,28.50,under,ft,1.43,1
6LaeAuH6,Rinderknech A.,Wolf J.J.,2,2,hc,-1.00,home,ft,2.02,2
6LaeAuH6,Rinderknech A.,Wolf J.J.,2,2,hc,-1.00,away,ft,1.67,2
6LaeAuH6,Rinderknech A.,Wolf J.J.,2,2,hc,1.50,home,ft,1.263,3
6LaeAuH6,Rinderknech A.,Wolf J.J.,2,2,hc,1.50,away,ft,3.553,3
6LaeAuH6,Rinderknech A.,Wolf J.J.,2,2,hc,-1.50,home,ft,2.6,4
6LaeAuH6,Rinderknech A.,Wolf J.J.,2,2,hc,-1.50,away,ft,1.455,4
6LaeAuH6,Rinderknech A.,Wolf J.J.,2,2,hc,0,home,ft,1.637,3
6LaeAuH6,Rinderknech A.,Wolf J.J.,2,2,hc,0,away,ft,2.157,3
6LaeAuH6,Rinderknech A.,Wolf J.J.,2,2,hc,0.50,home,ft,1.617,3
6LaeAuH6,Rinderknech A.,Wolf J.J.,2,2,hc,0.50,away,ft,2.307,3
6LaeAuH6,Rinderknech A.,Wolf J.J.,2,2,hc,-0.50,home,ft,1.738,4
6LaeAuH6,Rinderknech A.,Wolf J.J.,2,2,hc,-0.50,away,ft,2.125,4
6LaeAuH6,Rinderknech A.,Wolf J.J.,2,2,hc,1.00,home,ft,1.56,2
6LaeAuH6,Rinderknech A.,Wolf J.J.,2,2,hc,1.00,away,ft,2.43,2
6LaeAuH6,Rinderknech A.,Wolf J.J.,2,2,hc,-1.00,home,ft,1.793,3
6LaeAuH6,Rinderknech A.,Wolf J.J.,2,2,hc,-1.00,away,ft,2.04,3
6LaeAuH6,Rinderknech A.,Wolf J.J.,2,2,hc,1.50,home,ft,1.53,3
6LaeAuH6,Rinderknech A.,Wolf J.J.,2,2,hc,1.50,away,ft,2.52,3
6LaeAuH6,Rinderknech A.,Wolf J.J.,2,2,hc,-1.50,home,ft,1.907,4
6LaeAuH6,Rinderknech A.,Wolf J.J.,2,2,hc,-1.50,away,ft,1.915,4
6LaeAuH6,Rinderknech A.,Wolf J.J.,2,2,hc,-2.00,home,ft,1.98,3
6LaeAuH6,Rinderknech A.,Wolf J.J.,2,2,hc,-2.00,away,ft,1.847,3
6LaeAuH6,Rinderknech A.,Wolf J.J.,2,2,hc,-2.50,home,ft,2.145,4
6LaeAuH6,Rinderknech A.,Wolf J.J.,2,2,hc,-2.50,away,ft,1.73,4
6LaeAuH6,Rinderknech A.,Wolf J.J.,2,2,hc,-3.00,home,ft,2.255,2
6LaeAuH6,Rinderknech A.,Wolf J.J.,2,2,hc,-3.00,away,ft,1.65,2
6LaeAuH6,Rinderknech A.,Wolf J.J.,2,2,hc,-3.50,home,ft,2.587,3
6LaeAuH6,Rinderknech A.,Wolf J.J.,2,2,hc,-3.50,away,ft,1.513,3
6LaeAuH6,Rinderknech A.,Wolf J.J.,2,2,hc,-4.00,home,ft,3.03,2
6LaeAuH6,Rinderknech A.,Wolf J.J.,2,2,hc,-4.00,away,ft,1.38,2
6LaeAuH6,Rinderknech A.,Wolf J.J.,2,2,hc,-4.50,home,ft,3.13,2
6LaeAuH6,Rinderknech A.,Wolf J.J.,2,2,hc,-4.50,away,ft,1.29,2
6LaeAuH6,Rinderknech A.,Wolf J.J.,2,2,hc,-5.00,home,ft,4.33,2
6LaeAuH6,Rinderknech A.,Wolf J.J.,2,2,hc,-5.00,away,ft,1.16,2
6upatMdd,Karatsev A.,Harris B.,2,2,ou,2.50,over,ft,2.36,1
6upatMdd,Karatsev A.,Harris B.,2,2,ou,2.50,under,ft,1.63,1
6upatMdd,Karatsev A.,Harris B.,2,2,ou,20.00,over,ft,1.32,2
6upatMdd,Karatsev A.,Harris B.,2,2,ou,20.00,under,ft,2.99,2
6upatMdd,Karatsev A.,Harris B.,2,2,ou,20.50,over,ft,1.43,2
6upatMdd,Karatsev A.,Harris B.,2,2,ou,20.50,under,ft,2.59,2
6upatMdd,Karatsev A.,Harris B.,2,2,ou,21.00,over,ft,1.38,2
6upatMdd,Karatsev A.,Harris B.,2,2,ou,21.00,under,ft,2.72,2
6upatMdd,Karatsev A.,Harris B.,2,2,ou,21.50,over,ft,1.463,3
6upatMdd,Karatsev A.,Harris B.,2,2,ou,21.50,under,ft,2.567,3
6upatMdd,Karatsev A.,Harris B.,2,2,ou,22.00,over,ft,1.577,3
6upatMdd,Karatsev A.,Harris B.,2,2,ou,22.00,under,ft,2.323,3
6upatMdd,Karatsev A.,Harris B.,2,2,ou,22.50,over,ft,1.725,4
6upatMdd,Karatsev A.,Harris B.,2,2,ou,22.50,under,ft,2.092,4
6upatMdd,Karatsev A.,Harris B.,2,2,ou,23.00,over,ft,1.867,3
6upatMdd,Karatsev A.,Harris B.,2,2,ou,23.00,under,ft,1.923,3
6upatMdd,Karatsev A.,Harris B.,2,2,ou,23.50,over,ft,2.007,4
6upatMdd,Karatsev A.,Harris B.,2,2,ou,23.50,under,ft,1.812,4
6upatMdd,Karatsev A.,Harris B.,2,2,ou,24.00,over,ft,2.03,3
6upatMdd,Karatsev A.,Harris B.,2,2,ou,24.00,under,ft,1.773,3
6upatMdd,Karatsev A.,Harris B.,2,2,ou,24.50,over,ft,2.013,3
6upatMdd,Karatsev A.,Harris B.,2,2,ou,24.50,under,ft,1.77,3
6upatMdd,Karatsev A.,Harris B.,2,2,ou,25.00,over,ft,2.08,2
6upatMdd,Karatsev A.,Harris B.,2,2,ou,25.00,under,ft,1.67,2
6upatMdd,Karatsev A.,Harris B.,2,2,ou,25.50,over,ft,2.157,3
6upatMdd,Karatsev A.,Harris B.,2,2,ou,25.50,under,ft,1.643,3
6upatMdd,Karatsev A.,Harris B.,2,2,ou,26.00,over,ft,2.3,2
6upatMdd,Karatsev A.,Harris B.,2,2,ou,26.00,under,ft,1.52,2
6upatMdd,Karatsev A.,Harris B.,2,2,ou,26.50,over,ft,2.553,3
6upatMdd,Karatsev A.,Harris B.,2,2,ou,26.50,under,ft,1.463,3
6upatMdd,Karatsev A.,Harris B.,2,2,ou,27.50,over,ft,2.63,1
6upatMdd,Karatsev A.,Harris B.,2,2,ou,27.50,under,ft,1.5,1
6upatMdd,Karatsev A.,Harris B.,2,2,ou,28.50,over,ft,2.85,1
6upatMdd,Karatsev A.,Harris B.,2,2,ou,28.50,under,ft,1.43,1
6upatMdd,Karatsev A.,Harris B.,2,2,hc,1.00,home,ft,1.64,2
6upatMdd,Karatsev A.,Harris B.,2,2,hc,1.00,away,ft,2.06,2
6upatMdd,Karatsev A.,Harris B.,2,2,hc,-1.00,home,ft,2.65,2
6upatMdd,Karatsev A.,Harris B.,2,2,hc,-1.00,away,ft,1.4,2
6upatMdd,Karatsev A.,Harris B.,2,2,hc,1.50,home,ft,1.43,4
6upatMdd,Karatsev A.,Harris B.,2,2,hc,1.50,away,ft,2.673,4
6upatMdd,Karatsev A.,Harris B.,2,2,hc,-1.50,home,ft,3.35,3
6upatMdd,Karatsev A.,Harris B.,2,2,hc,-1.50,away,ft,1.293,3
6upatMdd,Karatsev A.,Harris B.,2,2,hc,0,home,ft,2.057,3
6upatMdd,Karatsev A.,Harris B.,2,2,hc,0,away,ft,1.703,3
6upatMdd,Karatsev A.,Harris B.,2,2,hc,0.50,home,ft,2.03,4
6upatMdd,Karatsev A.,Harris B.,2,2,hc,0.50,away,ft,1.748,4
6upatMdd,Karatsev A.,Harris B.,2,2,hc,-0.50,home,ft,2.188,4
6upatMdd,Karatsev A.,Harris B.,2,2,hc,-0.50,away,ft,1.643,4
6upatMdd,Karatsev A.,Harris B.,2,2,hc,1.00,home,ft,1.93,3
6upatMdd,Karatsev A.,Harris B.,2,2,hc,1.00,away,ft,1.807,3
6upatMdd,Karatsev A.,Harris B.,2,2,hc,-1.00,home,ft,2.3,2
6upatMdd,Karatsev A.,Harris B.,2,2,hc,-1.00,away,ft,1.52,2
6upatMdd,Karatsev A.,Harris B.,2,2,hc,1.50,home,ft,1.86,4
6upatMdd,Karatsev A.,Harris B.,2,2,hc,1.50,away,ft,1.895,4
6upatMdd,Karatsev A.,Harris B.,2,2,hc,-1.50,home,ft,2.42,3
6upatMdd,Karatsev A.,Harris B.,2,2,hc,-1.50,away,ft,1.503,3
6upatMdd,Karatsev A.,Harris B.,2,2,hc,2.00,home,ft,1.73,3
6upatMdd,Karatsev A.,Harris B.,2,2,hc,2.00,away,ft,2.023,3
6upatMdd,Karatsev A.,Harris B.,2,2,hc,-2.00,home,ft,2.48,2
6upatMdd,Karatsev A.,Harris B.,2,2,hc,-2.00,away,ft,1.45,2
6upatMdd,Karatsev A.,Harris B.,2,2,hc,2.50,home,ft,1.65,4
6upatMdd,Karatsev A.,Harris B.,2,2,hc,2.50,away,ft,2.167,4
6upatMdd,Karatsev A.,Harris B.,2,2,hc,-2.50,home,ft,2.7,3
6upatMdd,Karatsev A.,Harris B.,2,2,hc,-2.50,away,ft,1.413,3
6upatMdd,Karatsev A.,Harris B.,2,2,hc,3.00,home,ft,1.48,2
6upatMdd,Karatsev A.,Harris B.,2,2,hc,3.00,away,ft,2.39,2
6upatMdd,Karatsev A.,Harris B.,2,2,hc,3.50,home,ft,1.413,3
6upatMdd,Karatsev A.,Harris B.,2,2,hc,3.50,away,ft,2.7,3
6upatMdd,Karatsev A.,Harris B.,2,2,hc,4.00,home,ft,1.26,2
6upatMdd,Karatsev A.,Harris B.,2,2,hc,4.00,away,ft,3.35,2
OQeBYURE,Kecmanovic M.,Harris L.,,,ou,2.50,over,ft,2.45,1
OQeBYURE,Kecmanovic M.,Harris L.,,,ou,2.50,under,ft,1.59,1
OQeBYURE,Kecmanovic M.,Harris L.,,,ou,20.00,over,ft,1.28,2
OQeBYURE,Kecmanovic M.,Harris L.,,,ou,20.00,under,ft,3.22,2
OQeBYURE,Kecmanovic M.,Harris L.,,,ou,20.50,over,ft,1.39,3
OQeBYURE,Kecmanovic M.,Harris L.,,,ou,20.50,under,ft,2.753,3
OQeBYURE,Kecmanovic M.,Harris L.,,,ou,21.00,over,ft,1.43,2
OQeBYURE,Kecmanovic M.,Harris L.,,,ou,21.00,under,ft,2.62,2
OQeBYURE,Kecmanovic M.,Harris L.,,,ou,21.50,over,ft,1.533,3
OQeBYURE,Kecmanovic M.,Harris L.,,,ou,21.50,under,ft,2.377,3
OQeBYURE,Kecmanovic M.,Harris L.,,,ou,22.00,over,ft,1.637,3
OQeBYURE,Kecmanovic M.,Harris L.,,,ou,22.00,under,ft,2.237,3
OQeBYURE,Kecmanovic M.,Harris L.,,,ou,22.50,over,ft,1.738,4
OQeBYURE,Kecmanovic M.,Harris L.,,,ou,22.50,under,ft,2.058,4
OQeBYURE,Kecmanovic M.,Harris L.,,,ou,23.00,over,ft,1.92,3
OQeBYURE,Kecmanovic M.,Harris L.,,,ou,23.00,under,ft,1.87,3
OQeBYURE,Kecmanovic M.,Harris L.,,,ou,23.50,over,ft,1.998,4
OQeBYURE,Kecmanovic M.,Harris L.,,,ou,23.50,under,ft,1.772,4
OQeBYURE,Kecmanovic M.,Harris L.,,,ou,24.00,over,ft,2.07,3
OQeBYURE,Kecmanovic M.,Harris L.,,,ou,24.00,under,ft,1.72,3
OQeBYURE,Kecmanovic M.,Harris L.,,,ou,24.50,over,ft,1.97,3
OQeBYURE,Kecmanovic M.,Harris L.,,,ou,24.50,under,ft,1.767,3
OQeBYURE,Kecmanovic M.,Harris L.,,,ou,25.00,over,ft,2.11,2
OQeBYURE,Kecmanovic M.,Harris L.,,,ou,25.00,under,ft,1.62,2
OQeBYURE,Kecmanovic M.,Harris L.,,,ou,25.50,over,ft,2.197,3
OQeBYURE,Kecmanovic M.,Harris L.,,,ou,25.50,under,ft,1.6,3
OQeBYURE,Kecmanovic M.,Harris L.,,,ou,26.00,over,ft,2.33,2
OQeBYURE,Kecmanovic M.,Harris L.,,,ou,26.00,under,ft,1.51,2
OQeBYURE,Kecmanovic M.,Harris L.,,,ou,26.50,over,ft,2.527,3
OQeBYURE,Kecmanovic M.,Harris L.,,,ou,26.50,under,ft,1.447,3
OQeBYURE,Kecmanovic M.,Harris L.,,,ou,27.50,over,ft,2.72,1
OQeBYURE,Kecmanovic M.,Harris L.,,,ou,27.50,under,ft,1.41,1
OQeBYURE,Kecmanovic M.,Harris L.,,,hc,1.00,home,ft,1.4,2
OQeBYURE,Kecmanovic M.,Harris L.,,,hc,1.00,away,ft,2.65,2
OQeBYURE,Kecmanovic M.,Harris L.,,,hc,-1.00,home,ft,2.21,2
OQeBYURE,Kecmanovic M.,Harris L.,,,hc,-1.00,away,ft,1.56,2
OQeBYURE,Kecmanovic M.,Harris L.,,,hc,1.50,home,ft,1.287,3
OQeBYURE,Kecmanovic M.,Harris L.,,,hc,1.50,away,ft,3.357,3
OQeBYURE,Kecmanovic M.,Harris L.,,,hc,-1.50,home,ft,2.903,3
OQeBYURE,Kecmanovic M.,Harris L.,,,hc,-1.50,away,ft,1.373,3
OQeBYURE,Kecmanovic M.,Harris L.,,,hc,0,home,ft,1.763,3
OQeBYURE,Kecmanovic M.,Harris L.,,,hc,0,away,ft,1.973,3
OQeBYURE,Kecmanovic M.,Harris L.,,,hc,0.50,home,ft,1.68,3
OQeBYURE,Kecmanovic M.,Harris L.,,,hc,0.50,away,ft,2.093,3
OQeBYURE,Kecmanovic M.,Harris L.,,,hc,-0.50,home,ft,1.828,4
OQeBYURE,Kecmanovic M.,Harris L.,,,hc,-0.50,away,ft,1.935,4
OQeBYURE,Kecmanovic M.,Harris L.,,,hc,1.00,home,ft,1.59,2
OQeBYURE,Kecmanovic M.,Harris L.,,,hc,1.00,away,ft,2.15,2
OQeBYURE,Kecmanovic M.,Harris L.,,,hc,-1.00,home,ft,1.887,3
OQeBYURE,Kecmanovic M.,Harris L.,,,hc,-1.00,away,ft,1.847,3
OQeBYURE,Kecmanovic M.,Harris L.,,,hc,1.50,home,ft,1.563,3
OQeBYURE,Kecmanovic M.,Harris L.,,,hc,1.50,away,ft,2.24,3
OQeBYURE,Kecmanovic M.,Harris L.,,,hc,-1.50,home,ft,1.958,4
OQeBYURE,Kecmanovic M.,Harris L.,,,hc,-1.50,away,ft,1.805,4
OQeBYURE,Kecmanovic M.,Harris L.,,,hc,2.00,home,ft,1.47,2
OQeBYURE,Kecmanovic M.,Harris L.,,,hc,2.00,away,ft,2.42,2
OQeBYURE,Kecmanovic M.,Harris L.,,,hc,-2.00,home,ft,2.107,3
OQeBYURE,Kecmanovic M.,Harris L.,,,hc,-2.00,away,ft,1.667,3
OQeBYURE,Kecmanovic M.,Harris L.,,,hc,2.50,home,ft,1.437,3
OQeBYURE,Kecmanovic M.,Harris L.,,,hc,2.50,away,ft,2.563,3
OQeBYURE,Kecmanovic M.,Harris L.,,,hc,-2.50,home,ft,2.197,3
OQeBYURE,Kecmanovic M.,Harris L.,,,hc,-2.50,away,ft,1.59,3
OQeBYURE,Kecmanovic M.,Harris L.,,,hc,-3.00,home,ft,2.49,2
OQeBYURE,Kecmanovic M.,Harris L.,,,hc,-3.00,away,ft,1.45,2
OQeBYURE,Kecmanovic M.,Harris L.,,,hc,-3.50,home,ft,2.74,1
OQeBYURE,Kecmanovic M.,Harris L.,,,hc,-3.50,away,ft,1.41,1
OCGxKVCL,Rinderknech A.,Lestienne C.,,,ou,2.50,over,ft,2.4,1
OCGxKVCL,Rinderknech A.,Lestienne C.,,,ou,2.50,under,ft,1.62,1
OCGxKVCL,Rinderknech A.,Lestienne C.,,,ou,20.00,over,ft,1.26,2
OCGxKVCL,Rinderknech A.,Lestienne C.,,,ou,20.00,under,ft,3.35,2
OCGxKVCL,Rinderknech A.,Lestienne C.,,,ou,20.50,over,ft,1.36,2
OCGxKVCL,Rinderknech A.,Lestienne C.,,,ou,20.50,under,ft,2.85,2
OCGxKVCL,Rinderknech A.,Lestienne C.,,,ou,21.00,over,ft,1.41,2
OCGxKVCL,Rinderknech A.,Lestienne C.,,,ou,21.00,under,ft,2.69,2
OCGxKVCL,Rinderknech A.,Lestienne C.,,,ou,21.50,over,ft,1.487,3
OCGxKVCL,Rinderknech A.,Lestienne C.,,,ou,21.50,under,ft,2.487,3
OCGxKVCL,Rinderknech A.,Lestienne C.,,,ou,22.00,over,ft,1.607,3
OCGxKVCL,Rinderknech A.,Lestienne C.,,,ou,22.00,under,ft,2.3,3
OCGxKVCL,Rinderknech A.,Lestienne C.,,,ou,22.50,over,ft,1.758,4
OCGxKVCL,Rinderknech A.,Lestienne C.,,,ou,22.50,under,ft,2.062,4
OCGxKVCL,Rinderknech A.,Lestienne C.,,,ou,23.00,over,ft,1.897,3
OCGxKVCL,Rinderknech A.,Lestienne C.,,,ou,23.00,under,ft,1.89,3
OCGxKVCL,Rinderknech A.,Lestienne C.,,,ou,23.50,over,ft,2.03,4
OCGxKVCL,Rinderknech A.,Lestienne C.,,,ou,23.50,under,ft,1.755,4
OCGxKVCL,Rinderknech A.,Lestienne C.,,,ou,24.00,over,ft,2.057,3
OCGxKVCL,Rinderknech A.,Lestienne C.,,,ou,24.00,under,ft,1.733,3
OCGxKVCL,Rinderknech A.,Lestienne C.,,,ou,24.50,over,ft,2.02,3
OCGxKVCL,Rinderknech A.,Lestienne C.,,,ou,24.50,under,ft,1.74,3
OCGxKVCL,Rinderknech A.,Lestienne C.,,,ou,25.00,over,ft,2.09,2
OCGxKVCL,Rinderknech A.,Lestienne C.,,,ou,25.00,under,ft,1.63,2
OCGxKVCL,Rinderknech A.,Lestienne C.,,,ou,25.50,over,ft,2.173,3
OCGxKVCL,Rinderknech A.,Lestienne C.,,,ou,25.50,under,ft,1.613,3
OCGxKVCL,Rinderknech A.,Lestienne C.,,,ou,26.00,over,ft,2.35,2
OCGxKVCL,Rinderknech A.,Lestienne C.,,,ou,26.00,under,ft,1.5,2
OCGxKVCL,Rinderknech A.,Lestienne C.,,,ou,26.50,over,ft,2.45,3
OCGxKVCL,Rinderknech A.,Lestienne C.,,,ou,26.50,under,ft,1.473,3
OCGxKVCL,Rinderknech A.,Lestienne C.,,,ou,27.50,over,ft,2.663,3
OCGxKVCL,Rinderknech A.,Lestienne C.,,,ou,27.50,under,ft,1.41,3
OCGxKVCL,Rinderknech A.,Lestienne C.,,,hc,-1.00,home,ft,1.76,2
OCGxKVCL,Rinderknech A.,Lestienne C.,,,hc,-1.00,away,ft,1.91,2
OCGxKVCL,Rinderknech A.,Lestienne C.,,,hc,1.50,home,ft,1.173,3
OCGxKVCL,Rinderknech A.,Lestienne C.,,,hc,1.50,away,ft,4.527,3
OCGxKVCL,Rinderknech A.,Lestienne C.,,,hc,-1.50,home,ft,2.268,4
OCGxKVCL,Rinderknech A.,Lestienne C.,,,hc,-1.50,away,ft,1.56,4
OCGxKVCL,Rinderknech A.,Lestienne C.,,,hc,0,home,ft,1.44,2
OCGxKVCL,Rinderknech A.,Lestienne C.,,,hc,0,away,ft,2.5,2
OCGxKVCL,Rinderknech A.,Lestienne C.,,,hc,0.50,home,ft,1.44,3
OCGxKVCL,Rinderknech A.,Lestienne C.,,,hc,0.50,away,ft,2.56,3
OCGxKVCL,Rinderknech A.,Lestienne C.,,,hc,-0.50,home,ft,1.58,4
OCGxKVCL,Rinderknech A.,Lestienne C.,,,hc,-0.50,away,ft,2.275,4
OCGxKVCL,Rinderknech A.,Lestienne C.,,,hc,1.00,home,ft,1.44,2
OCGxKVCL,Rinderknech A.,Lestienne C.,,,hc,1.00,away,ft,2.5,2
OCGxKVCL,Rinderknech A.,Lestienne C.,,,hc,-1.00,home,ft,1.593,3
OCGxKVCL,Rinderknech A.,Lestienne C.,,,hc,-1.00,away,ft,2.243,3
OCGxKVCL,Rinderknech A.,Lestienne C.,,,hc,1.50,home,ft,1.417,3
OCGxKVCL,Rinderknech A.,Lestienne C.,,,hc,1.50,away,ft,2.627,3
OCGxKVCL,Rinderknech A.,Lestienne C.,,,hc,-1.50,home,ft,1.653,4
OCGxKVCL,Rinderknech A.,Lestienne C.,,,hc,-1.50,away,ft,2.138,4
OCGxKVCL,Rinderknech A.,Lestienne C.,,,hc,-2.00,home,ft,1.74,3
OCGxKVCL,Rinderknech A.,Lestienne C.,,,hc,-2.00,away,ft,2.01,3
OCGxKVCL,Rinderknech A.,Lestienne C.,,,hc,-2.50,home,ft,1.883,4
OCGxKVCL,Rinderknech A.,Lestienne C.,,,hc,-2.50,away,ft,1.853,4
OCGxKVCL,Rinderknech A.,Lestienne C.,,,hc,-3.00,home,ft,2.113,3
OCGxKVCL,Rinderknech A.,Lestienne C.,,,hc,-3.00,away,ft,1.667,3
OCGxKVCL,Rinderknech A.,Lestienne C.,,,hc,-3.50,home,ft,2.377,4
OCGxKVCL,Rinderknech A.,Lestienne C.,,,hc,-3.50,away,ft,1.532,4
OCGxKVCL,Rinderknech A.,Lestienne C.,,,hc,-4.00,home,ft,2.82,2
OCGxKVCL,Rinderknech A.,Lestienne C.,,,hc,-4.00,away,ft,1.36,2
OCGxKVCL,Rinderknech A.,Lestienne C.,,,hc,-4.50,home,ft,3.13,2
OCGxKVCL,Rinderknech A.,Lestienne C.,,,hc,-4.50,away,ft,1.29,2
OCGxKVCL,Rinderknech A.,Lestienne C.,,,hc,-5.00,home,ft,4.4,2
OCGxKVCL,Rinderknech A.,Lestienne C.,,,hc,-5.00,away,ft,1.16,2
zizrblj2,Shapovalov D.,Goffin D.,1,1,ou,2.50,over,ft,2.49,1
zizrblj2,Shapovalov D.,Goffin D.,1,1,ou,2.50,under,ft,1.58,1
zizrblj2,Shapovalov D.,Goffin D.,1,1,ou,20.00,over,ft,1.52,2
zizrblj2,Shapovalov D.,Goffin D.,1,1,ou,20.00,under,ft,2.54,2
zizrblj2,Shapovalov D.,Goffin D.,1,1,ou,20.50,over,ft,1.61,3
zizrblj2,Shapovalov D.,Goffin D.,1,1,ou,20.50,under,ft,2.337,3
zizrblj2,Shapovalov D.,Goffin D.,1,1,ou,21.00,over,ft,1.7,2
zizrblj2,Shapovalov D.,Goffin D.,1,1,ou,21.00,under,ft,2.17,2
zizrblj2,Shapovalov D.,Goffin D.,1,1,ou,21.50,over,ft,1.765,4
zizrblj2,Shapovalov D.,Goffin D.,1,1,ou,21.50,under,ft,2.088,4
zizrblj2,Shapovalov D.,Goffin D.,1,1,ou,22.00,over,ft,1.8,3
zizrblj2,Shapovalov D.,Goffin D.,1,1,ou,22.00,under,ft,2.0,3
zizrblj2,Shapovalov D.,Goffin D.,1,1,ou,22.50,over,ft,1.955,4
zizrblj2,Shapovalov D.,Goffin D.,1,1,ou,22.50,under,ft,1.873,4
zizrblj2,Shapovalov D.,Goffin D.,1,1,ou,23.00,over,ft,2.163,3
zizrblj2,Shapovalov D.,Goffin D.,1,1,ou,23.00,under,ft,1.713,3
zizrblj2,Shapovalov D.,Goffin D.,1,1,ou,23.50,over,ft,2.28,4
zizrblj2,Shapovalov D.,Goffin D.,1,1,ou,23.50,under,ft,1.645,4
zizrblj2,Shapovalov D.,Goffin D.,1,1,ou,24.00,over,ft,2.34,2
zizrblj2,Shapovalov D.,Goffin D.,1,1,ou,24.00,under,ft,1.6,2
zizrblj2,Shapovalov D.,Goffin D.,1,1,ou,24.50,over,ft,2.243,3
zizrblj2,Shapovalov D.,Goffin D.,1,1,ou,24.50,under,ft,1.597,3
zizrblj2,Shapovalov D.,Goffin D.,1,1,ou,25.00,over,ft,2.28,2
zizrblj2,Shapovalov D.,Goffin D.,1,1,ou,25.00,under,ft,1.53,2
zizrblj2,Shapovalov D.,Goffin D.,1,1,ou,25.50,over,ft,2.4,3
zizrblj2,Shapovalov D.,Goffin D.,1,1,ou,25.50,under,ft,1.513,3
zizrblj2,Shapovalov D.,Goffin D.,1,1,ou,26.50,over,ft,2.693,3
zizrblj2,Shapovalov D.,Goffin D.,1,1,ou,26.50,under,ft,1.413,3
zizrblj2,Shapovalov D.,Goffin D.,1,1,hc,-1.00,home,ft,1.48,2
zizrblj2,Shapovalov D.,Goffin D.,1,1,hc,-1.00,away,ft,2.41,2
zizrblj2,Shapovalov D.,Goffin D.,1,1,hc,1.50,home,ft,1.133,3
zizrblj2,Shapovalov D.,Goffin D.,1,1,hc,1.50,away,ft,5.197,3
zizrblj2,Shapovalov D.,Goffin D.,1,1,hc,-1.50,home,ft,2.013,4
zizrblj2,Shapovalov D.,Goffin D.,1,1,hc,-1.50,away,ft,1.74,4
zizrblj2,Shapovalov D.,Goffin D.,1,1,hc,0.50,home,ft,1.373,3
zizrblj2,Shapovalov D.,Goffin D.,1,1,hc,0.50,away,ft,2.853,3
zizrblj2,Shapovalov D.,Goffin D.,1,1,hc,-0.50,home,ft,1.447,3
zizrblj2,Shapovalov D.,Goffin D.,1,1,hc,-0.50,away,ft,2.61,3
zizrblj2,Shapovalov D.,Goffin D.,1,1,hc,-1.00,home,ft,1.43,2
zizrblj2,Shapovalov D.,Goffin D.,1,1,hc,-1.00,away,ft,2.83,2
zizrblj2,Shapovalov D.,Goffin D.,1,1,hc,-1.50,home,ft,1.552,4
zizrblj2,Shapovalov D.,Goffin D.,1,1,hc,-1.50,away,ft,2.498,4
zizrblj2,Shapovalov D.,Goffin D.,1,1,hc,-2.00,home,ft,1.577,3
zizrblj2,Shapovalov D.,Goffin D.,1,1,hc,-2.00,away,ft,2.43,3
zizrblj2,Shapovalov D.,Goffin D.,1,1,hc,-2.50,home,ft,1.735,4
zizrblj2,Shapovalov D.,Goffin D.,1,1,hc,-2.50,away,ft,2.132,4
zizrblj2,Shapovalov D.,Goffin D.,1,1,hc,-3.00,home,ft,1.73,3
zizrblj2,Shapovalov D.,Goffin D.,1,1,hc,-3.00,away,ft,2.087,3
zizrblj2,Shapovalov D.,Goffin D.,1,1,hc,-3.50,home,ft,1.93,4
zizrblj2,Shapovalov D.,Goffin D.,1,1,hc,-3.50,away,ft,1.895,4
zizrblj2,Shapovalov D.,Goffin D.,1,1,hc,-4.00,home,ft,2.16,3
zizrblj2,Shapovalov D.,Goffin D.,1,1,hc,-4.00,away,ft,1.72,3
zizrblj2,Shapovalov D.,Goffin D.,1,1,hc,-4.50,home,ft,2.445,4
zizrblj2,Shapovalov D.,Goffin D.,1,1,hc,-4.50,away,ft,1.57,4
zizrblj2,Shapovalov D.,Goffin D.,1,1,hc,-5.00,home,ft,2.7,2
zizrblj2,Shapovalov D.,Goffin D.,1,1,hc,-5.00,away,ft,1.47,2
zizrblj2,Shapovalov D.,Goffin D.,1,1,hc,-5.50,home,ft,3.08,2
zizrblj2,Shapovalov D.,Goffin D.,1,1,hc,-5.50,away,ft,1.38,2
zizrblj2,Shapovalov D.,Goffin D.,1,1,hc,-6.00,home,ft,4.16,2
zizrblj2,Shapovalov D.,Goffin D.,1,1,hc,-6.00,away,ft,1.23,2
nyNo4Pl3,Svajda Z.,Nishioka Y.,0,0,ou,2.50,over,ft,2.42,1
nyNo4Pl3,Svajda Z.,Nishioka Y.,0,0,ou,2.50,under,ft,1.6,1
nyNo4Pl3,Svajda Z.,Nishioka Y.,0,0,ou,20.00,over,ft,1.35,2
nyNo4Pl3,Svajda Z.,Nishioka Y.,0,0,ou,20.00,under,ft,2.85,2
nyNo4Pl3,Svajda Z.,Nishioka Y.,0,0,ou,20.50,over,ft,1.47,3
nyNo4Pl3,Svajda Z.,Nishioka Y.,0,0,ou,20.50,under,ft,2.543,3
nyNo4Pl3,Svajda Z.,Nishioka Y.,0,0,ou,21.00,over,ft,1.52,2
nyNo4Pl3,Svajda Z.,Nishioka Y.,0,0,ou,21.00,under,ft,2.38,2
nyNo4Pl3,Svajda Z.,Nishioka Y.,0,0,ou,21.50,over,ft,1.635,4
nyNo4Pl3,Svajda Z.,Nishioka Y.,0,0,ou,21.50,under,ft,2.245,4
nyNo4Pl3,Svajda Z.,Nishioka Y.,0,0,ou,22.00,over,ft,1.747,3
nyNo4Pl3,Svajda Z.,Nishioka Y.,0,0,ou,22.00,under,ft,2.067,3
nyNo4Pl3,Svajda Z.,Nishioka Y.,0,0,ou,22.50,over,ft,1.905,4
nyNo4Pl3,Svajda Z.,Nishioka Y.,0,0,ou,22.50,under,ft,1.917,4
nyNo4Pl3,Svajda Z.,Nishioka Y.,0,0,ou,23.00,over,ft,2.0,3
nyNo4Pl3,Svajda Z.,Nishioka Y.,0,0,ou,23.00,under,ft,1.79,3
nyNo4Pl3,Svajda Z.,Nishioka Y.,0,0,ou,23.50,over,ft,2.123,4
nyNo4Pl3,Svajda Z.,Nishioka Y.,0,0,ou,23.50,under,ft,1.705,4
nyNo4Pl3,Svajda Z.,Nishioka Y.,0,0,ou,24.00,over,ft,2.11,2
nyNo4Pl3,Svajda Z.,Nishioka Y.,0,0,ou,24.00,under,ft,1.65,2
nyNo4Pl3,Svajda Z.,Nishioka Y.,0,0,ou,24.50,over,ft,2.147,3
nyNo4Pl3,Svajda Z.,Nishioka Y.,0,0,ou,24.50,under,ft,1.65,3
nyNo4Pl3,Svajda Z.,Nishioka Y.,0,0,ou,25.00,over,ft,2.22,2
nyNo4Pl3,Svajda Z.,Nishioka Y.,0,0,ou,25.00,under,ft,1.56,2
nyNo4Pl3,Svajda Z.,Nishioka Y.,0,0,ou,25.50,over,ft,2.397,3
nyNo4Pl3,Svajda Z.,Nishioka Y.,0,0,ou,25.50,under,ft,1.517,3
nyNo4Pl3,Svajda Z.,Nishioka Y.,0,0,ou,26.50,over,ft,2.717,3
nyNo4Pl3,Svajda Z.,Nishioka Y.,0,0,ou,26.50,under,ft,1.41,3
nyNo4Pl3,Svajda Z.,Nishioka Y.,0,0,ou,27.50,over,ft,2.94,1
nyNo4Pl3,Svajda Z.,Nishioka Y.,0,0,ou,27.50,under,ft,1.41,1
nyNo4Pl3,Svajda Z.,Nishioka Y.,0,0,hc,1.00,home,ft,1.49,2
nyNo4Pl3,Svajda Z.,Nishioka Y.,0,0,hc,1.00,away,ft,2.38,2
nyNo4Pl3,Svajda Z.,Nishioka Y.,0,0,hc,-1.00,home,ft,2.41,2
nyNo4Pl3,Svajda Z.,Nishioka Y.,0,0,hc,-1.00,away,ft,1.48,2
nyNo4Pl3,Svajda Z.,Nishioka Y.,0,0,hc,1.50,home,ft,1.375,4
nyNo4Pl3,Svajda Z.,Nishioka Y.,0,0,hc,1.50,away,ft,2.9,4
nyNo4Pl3,Svajda Z.,Nishioka Y.,0,0,hc,-1.50,home,ft,3.18,3
nyNo4Pl3,Svajda Z.,Nishioka Y.,0,0,hc,-1.50,away,ft,1.317,3
nyNo4Pl3,Svajda Z.,Nishioka Y.,0,0,hc,0,home,ft,1.92,3
nyNo4Pl3,Svajda Z.,Nishioka Y.,0,0,hc,0,away,ft,1.81,3
nyNo4Pl3,Svajda Z.,Nishioka Y.,0,0,hc,0.50,home,ft,1.857,4
nyNo4Pl3,Svajda Z.,Nishioka Y.,0,0,hc,0.50,away,ft,1.9,4
nyNo4Pl3,Svajda Z.,Nishioka Y.,0,0,hc,-0.50,home,ft,1.995,4
nyNo4Pl3,Svajda Z.,Nishioka Y.,0,0,hc,-0.50,away,ft,1.843,4
nyNo4Pl3,Svajda Z.,Nishioka Y.,0,0,hc,1.00,home,ft,1.76,3
nyNo4Pl3,Svajda Z.,Nishioka Y.,0,0,hc,1.00,away,ft,1.98,3
nyNo4Pl3,Svajda Z.,Nishioka Y.,0,0,hc,-1.00,home,ft,2.03,3
nyNo4Pl3,Svajda Z.,Nishioka Y.,0,0,hc,-1.00,away,ft,1.723,3
nyNo4Pl3,Svajda Z.,Nishioka Y.,0,0,hc,1.50,home,ft,1.73,4
nyNo4Pl3,Svajda Z.,Nishioka Y.,0,0,hc,1.50,away,ft,2.053,4
nyNo4Pl3,Svajda Z.,Nishioka Y.,0,0,hc,-1.50,home,ft,2.123,4
nyNo4Pl3,Svajda Z.,Nishioka Y.,0,0,hc,-1.50,away,ft,1.682,4
nyNo4Pl3,Svajda Z.,Nishioka Y.,0,0,hc,2.00,home,ft,1.63,3
nyNo4Pl3,Svajda Z.,Nishioka Y.,0,0,hc,2.00,away,ft,2.17,3
nyNo4Pl3,Svajda Z.,Nishioka Y.,0,0,hc,-2.00,home,ft,2.2,2
nyNo4Pl3,Svajda Z.,Nishioka Y.,0,0,hc,-2.00,away,ft,1.57,2
nyNo4Pl3,Svajda Z.,Nishioka Y.,0,0,hc,2.50,home,ft,1.557,3
nyNo4Pl3,Svajda Z.,Nishioka Y.,0,0,hc,2.50,away,ft,2.297,3
nyNo4Pl3,Svajda Z.,Nishioka Y.,0,0,hc,-2.50,home,ft,2.387,3
nyNo4Pl3,Svajda Z.,Nishioka Y.,0,0,hc,-2.50,away,ft,1.52,3
nyNo4Pl3,Svajda Z.,Nishioka Y.,0,0,hc,3.00,home,ft,1.42,2
nyNo4Pl3,Svajda Z.,Nishioka Y.,0,0,hc,3.00,away,ft,2.58,2
nyNo4Pl3,Svajda Z.,Nishioka Y.,0,0,hc,-3.00,home,ft,2.58,2
nyNo4Pl3,Svajda Z.,Nishioka Y.,0,0,hc,-3.00,away,ft,1.42,2
nyNo4Pl3,Svajda Z.,Nishioka Y.,0,0,hc,3.50,home,ft,1.427,3
nyNo4Pl3,Svajda Z.,Nishioka Y.,0,0,hc,3.50,away,ft,2.65,3
nyNo4Pl3,Svajda Z.,Nishioka Y.,0,0,hc,-3.50,home,ft,2.88,1
nyNo4Pl3,Svajda Z.,Nishioka Y.,0,0,hc,-3.50,away,ft,1.42,1
nyNo4Pl3,Svajda Z.,Nishioka Y.,0,0,hc,4.00,home,ft,1.29,2
nyNo4Pl3,Svajda Z.,Nishioka Y.,0,0,hc,4.00,away,ft,3.15,2
nyNo4Pl3,Svajda Z.,Nishioka Y.,0,0,hc,4.50,home,ft,1.33,2
nyNo4Pl3,Svajda Z.,Nishioka Y.,0,0,hc,4.50,away,ft,2.99,2
nyNo4Pl3,Svajda Z.,Nishioka Y.,0,0,hc,5.00,home,ft,1.19,2
nyNo4Pl3,Svajda Z.,Nishioka Y.,0,0,hc,5.00,away,ft,3.96,2
dK3PARZ7,Cazaux A.,Davidovich Fokina A.,0,0,ou,2.50,over,ft,2.42,1
dK3PARZ7,Cazaux A.,Davidovich Fokina A.,0,0,ou,2.50,under,ft,1.6,1
dK3PARZ7,Cazaux A.,Davidovich Fokina A.,0,0,ou,20.00,over,ft,1.44,2
dK3PARZ7,Cazaux A.,Davidovich Fokina A.,0,0,ou,20.00,under,ft,2.79,2
dK3PARZ7,Cazaux A.,Davidovich Fokina A.,0,0,ou,20.50,over,ft,1.54,3
dK3PARZ7,Cazaux A.,Davidovich Fokina A.,0,0,ou,20.50,under,ft,2.493,3
dK3PARZ7,Cazaux A.,Davidovich Fokina A.,0,0,ou,21.00,over,ft,1.63,2
dK3PARZ7,Cazaux A.,Davidovich Fokina A.,0,0,ou,21.00,under,ft,2.28,2
dK3PARZ7,Cazaux A.,Davidovich Fokina A.,0,0,ou,21.50,over,ft,1.672,4
dK3PARZ7,Cazaux A.,Davidovich Fokina A.,0,0,ou,21.50,under,ft,2.245,4
dK3PARZ7,Cazaux A.,Davidovich Fokina A.,0,0,ou,22.00,over,ft,1.797,3
dK3PARZ7,Cazaux A.,Davidovich Fokina A.,0,0,ou,22.00,under,ft,2.05,3
dK3PARZ7,Cazaux A.,Davidovich Fokina A.,0,0,ou,22.50,over,ft,1.843,4
dK3PARZ7,Cazaux A.,Davidovich Fokina A.,0,0,ou,22.50,under,ft,1.98,4
dK3PARZ7,Cazaux A.,Davidovich Fokina A.,0,0,ou,23.00,over,ft,1.94,3
dK3PARZ7,Cazaux A.,Davidovich Fokina A.,0,0,ou,23.00,under,ft,1.85,3
dK3PARZ7,Cazaux A.,Davidovich Fokina A.,0,0,ou,23.50,over,ft,2.058,4
dK3PARZ7,Cazaux A.,Davidovich Fokina A.,0,0,ou,23.50,under,ft,1.792,4
dK3PARZ7,Cazaux A.,Davidovich Fokina A.,0,0,ou,24.00,over,ft,2.23,2
dK3PARZ7,Cazaux A.,Davidovich Fokina A.,0,0,ou,24.00,under,ft,1.66,2
dK3PARZ7,Cazaux A.,Davidovich Fokina A.,0,0,ou,24.50,over,ft,2.253,3
dK3PARZ7,Cazaux A.,Davidovich Fokina A.,0,0,ou,24.50,under,ft,1.65,3
dK3PARZ7,Cazaux A.,Davidovich Fokina A.,0,0,ou,25.00,over,ft,2.41,2
dK3PARZ7,Cazaux A.,Davidovich Fokina A.,0,0,ou,25.00,under,ft,1.57,2
dK3PARZ7,Cazaux A.,Davidovich Fokina A.,0,0,ou,25.50,over,ft,2.243,3
dK3PARZ7,Cazaux A.,Davidovich Fokina A.,0,0,ou,25.50,under,ft,1.597,3
dK3PARZ7,Cazaux A.,Davidovich Fokina A.,0,0,ou,26.00,over,ft,2.33,2
dK3PARZ7,Cazaux A.,Davidovich Fokina A.,0,0,ou,26.00,under,ft,1.51,2
dK3PARZ7,Cazaux A.,Davidovich Fokina A.,0,0,ou,26.50,over,ft,2.653,3
dK3PARZ7,Cazaux A.,Davidovich Fokina A.,0,0,ou,26.50,under,ft,1.427,3
dK3PARZ7,Cazaux A.,Davidovich Fokina A.,0,0,ou,27.50,over,ft,2.94,1
dK3PARZ7,Cazaux A.,Davidovich Fokina A.,0,0,ou,27.50,under,ft,1.41,1
dK3PARZ7,Cazaux A.,Davidovich Fokina A.,0,0,ou,28.50,over,ft,2.74,1
dK3PARZ7,Cazaux A.,Davidovich Fokina A.,0,0,ou,28.50,under,ft,1.41,1
dK3PARZ7,Cazaux A.,Davidovich Fokina A.,0,0,hc,1.00,home,ft,1.6,2
dK3PARZ7,Cazaux A.,Davidovich Fokina A.,0,0,hc,1.00,away,ft,2.13,2
dK3PARZ7,Cazaux A.,Davidovich Fokina A.,0,0,hc,1.50,home,ft,1.402,4
dK3PARZ7,Cazaux A.,Davidovich Fokina A.,0,0,hc,1.50,away,ft,2.78,4
dK3PARZ7,Cazaux A.,Davidovich Fokina A.,0,0,hc,-1.50,home,ft,3.15,3
dK3PARZ7,Cazaux A.,Davidovich Fokina A.,0,0,hc,-1.50,away,ft,1.327,3
dK3PARZ7,Cazaux A.,Davidovich Fokina A.,0,0,hc,0,home,ft,1.907,3
dK3PARZ7,Cazaux A.,Davidovich Fokina A.,0,0,hc,0,away,ft,1.827,3
dK3PARZ7,Cazaux A.,Davidovich Fokina A.,0,0,hc,0.50,home,ft,1.887,4
dK3PARZ7,Cazaux A.,Davidovich Fokina A.,0,0,hc,0.50,away,ft,1.94,4
dK3PARZ7,Cazaux A.,Davidovich Fokina A.,0,0,hc,-0.50,home,ft,1.992,4
dK3PARZ7,Cazaux A.,Davidovich Fokina A.,0,0,hc,-0.50,away,ft,1.84,4
dK3PARZ7,Cazaux A.,Davidovich Fokina A.,0,0,hc,1.00,home,ft,1.793,3
dK3PARZ7,Cazaux A.,Davidovich Fokina A.,0,0,hc,1.00,away,ft,2.047,3
dK3PARZ7,Cazaux A.,Davidovich Fokina A.,0,0,hc,-1.00,home,ft,2.05,2
dK3PARZ7,Cazaux A.,Davidovich Fokina A.,0,0,hc,-1.00,away,ft,1.78,2
dK3PARZ7,Cazaux A.,Davidovich Fokina A.,0,0,hc,1.50,home,ft,1.735,4
dK3PARZ7,Cazaux A.,Davidovich Fokina A.,0,0,hc,1.50,away,ft,2.13,4
dK3PARZ7,Cazaux A.,Davidovich Fokina A.,0,0,hc,-1.50,home,ft,2.13,3
dK3PARZ7,Cazaux A.,Davidovich Fokina A.,0,0,hc,-1.50,away,ft,1.727,3
dK3PARZ7,Cazaux A.,Davidovich Fokina A.,0,0,hc,2.00,home,ft,1.687,3
dK3PARZ7,Cazaux A.,Davidovich Fokina A.,0,0,hc,2.00,away,ft,2.21,3
dK3PARZ7,Cazaux A.,Davidovich Fokina A.,0,0,hc,-2.00,home,ft,2.24,1
dK3PARZ7,Cazaux A.,Davidovich Fokina A.,0,0,hc,-2.00,away,ft,1.65,1
dK3PARZ7,Cazaux A.,Davidovich Fokina A.,0,0,hc,2.50,home,ft,1.59,3
dK3PARZ7,Cazaux A.,Davidovich Fokina A.,0,0,hc,2.50,away,ft,2.37,3
dK3PARZ7,Cazaux A.,Davidovich Fokina A.,0,0,hc,-2.50,home,ft,2.43,1
dK3PARZ7,Cazaux A.,Davidovich Fokina A.,0,0,hc,-2.50,away,ft,1.57,1
dK3PARZ7,Cazaux A.,Davidovich Fokina A.,0,0,hc,3.00,home,ft,1.5,2
dK3PARZ7,Cazaux A.,Davidovich Fokina A.,0,0,hc,3.00,away,ft,2.61,2
dK3PARZ7,Cazaux A.,Davidovich Fokina A.,0,0,hc,3.50,home,ft,1.41,3
dK3PARZ7,Cazaux A.,Davidovich Fokina A.,0,0,hc,3.50,away,ft,2.71,3
dK3PARZ7,Cazaux A.,Davidovich Fokina A.,0,0,hc,4.00,home,ft,1.27,2
dK3PARZ7,Cazaux A.,Davidovich Fokina A.,0,0,hc,4.00,away,ft,3.28,2
dK3PARZ7,Cazaux A.,Davidovich Fokina A.,0,0,hc,4.50,home,ft,1.28,2
dK3PARZ7,Cazaux A.,Davidovich Fokina A.,0,0,hc,4.50,away,ft,3.22,2
dK3PARZ7,Cazaux A.,Davidovich Fokina A.,0,0,hc,5.00,home,ft,1.15,2
dK3PARZ7,Cazaux A.,Davidovich Fokina A.,0,0,hc,5.00,away,ft,4.45,2
