match_id,home,away,home_score,away_score,market,line,side,period,avg_odds,n_bookies
6oXgCR0K,Musetti L.,Bublik A.,0,0,ou,2.50,over,ft,2.213,3
6oXgCR0K,Musetti L.,Bublik A.,0,0,ou,2.50,under,ft,1.62,3
6oXgCR0K,Musetti L.,Bublik A.,0,0,ou,16.50,under,ft,10.17,1
6oXgCR0K,Musetti L.,Bublik A.,0,0,ou,17.50,over,ft,1.06,1
6oXgCR0K,Musetti L.,Bublik A.,0,0,ou,17.50,under,ft,6.91,1
6oXgCR0K,Musetti L.,Bublik A.,0,0,ou,18.50,over,ft,1.12,1
6oXgCR0K,Musetti L.,Bublik A.,0,0,ou,18.50,under,ft,5.03,1
6oXgCR0K,Musetti L.,Bublik A.,0,0,ou,19.50,over,ft,1.22,1
6oXgCR0K,Musetti L.,Bublik A.,0,0,ou,19.50,under,ft,3.72,1
6oXgCR0K,Musetti L.,Bublik A.,0,0,ou,20.00,over,ft,1.2,1
6oXgCR0K,Musetti L.,Bublik A.,0,0,ou,20.00,under,ft,3.59,1
6oXgCR0K,Musetti L.,Bublik A.,0,0,ou,20.50,over,ft,1.31,4
6oXgCR0K,Musetti L.,Bublik A.,0,0,ou,20.50,under,ft,2.968,4
6oXgCR0K,Musetti L.,Bublik A.,0,0,ou,21.00,over,ft,1.333,4
6oXgCR0K,Musetti L.,Bublik A.,0,0,ou,21.00,under,ft,2.853,4
6oXgCR0K,Musetti L.,Bublik A.,0,0,ou,21.50,over,ft,1.425,4
6oXgCR0K,Musetti L.,Bublik A.,0,0,ou,21.50,under,ft,2.565,4
6oXgCR0K,Musetti L.,Bublik A.,0,0,ou,22.00,over,ft,1.508,4
6oXgCR0K,Musetti L.,Bublik A.,0,0,ou,22.00,under,ft,2.353,4
6oXgCR0K,Musetti L.,Bublik A.,0,0,ou,22.50,over,ft,1.645,8
6oXgCR0K,Musetti L.,Bublik A.,0,0,ou,22.50,under,ft,2.13,8
6oXgCR0K,Musetti L.,Bublik A.,0,0,ou,23.00,over,ft,1.782,6
6oXgCR0K,Musetti L.,Bublik A.,0,0,ou,23.00,under,ft,1.963,6
6oXgCR0K,Musetti L.,Bublik A.,0,0,ou,23.50,over,ft,1.902,8
6oXgCR0K,Musetti L.,Bublik A.,0,0,ou,23.50,under,ft,1.87,8
6oXgCR0K,Musetti L.,Bublik A.,0,0,ou,24.00,over,ft,1.937,6
6oXgCR0K,Musetti L.,Bublik A.,0,0,ou,24.00,under,ft,1.802,6
6oXgCR0K,Musetti L.,Bublik A.,0,0,ou,24.50,over,ft,1.948,8
6oXgCR0K,Musetti L.,Bublik A.,0,0,ou,24.50,under,ft,1.77,8
6oXgCR0K,Musetti L.,Bublik A.,0,0,ou,25.00,over,ft,2.01,4
6oXgCR0K,Musetti L.,Bublik A.,0,0,ou,25.00,under,ft,1.695,4
6oXgCR0K,Musetti L.,Bublik A.,0,0,ou,25.50,over,ft,2.052,5
6oXgCR0K,Musetti L.,Bublik A.,0,0,ou,25.50,under,ft,1.658,5
6oXgCR0K,Musetti L.,Bublik A.,0,0,ou,26.00,over,ft,2.203,4
6oXgCR0K,Musetti L.,Bublik A.,0,0,ou,26.00,under,ft,1.548,4
6oXgCR0K,Musetti L.,Bublik A.,0,0,ou,26.50,over,ft,2.314,5
6oXgCR0K,Musetti L.,Bublik A.,0,0,ou,26.50,under,ft,1.5,5
6oXgCR0K,Musetti L.,Bublik A.,0,0,ou,27.00,over,ft,2.357,4
6oXgCR0K,Musetti L.,Bublik A.,0,0,ou,27.00,under,ft,1.468,4
6oXgCR0K,Musetti L.,Bublik A.,0,0,ou,27.50,over,ft,2.51,1
6oXgCR0K,Musetti L.,Bublik A.,0,0,ou,27.50,under,ft,1.45,1
6oXgCR0K,Musetti L.,Bublik A.,0,0,ou,28.00,over,ft,2.56,1
6oXgCR0K,Musetti L.,Bublik A.,0,0,ou,28.00,under,ft,1.39,1
6oXgCR0K,Musetti L.,Bublik A.,0,0,ou,28.50,over,ft,2.76,1
6oXgCR0K,Musetti L.,Bublik A.,0,0,ou,28.50,under,ft,1.38,1
6oXgCR0K,Musetti L.,Bublik A.,0,0,ou,29.50,over,ft,3.07,1
6oXgCR0K,Musetti L.,Bublik A.,0,0,ou,29.50,under,ft,1.31,1
6oXgCR0K,Musetti L.,Bublik A.,0,0,ou,30.50,over,ft,3.45,1
6oXgCR0K,Musetti L.,Bublik A.,0,0,ou,30.50,under,ft,1.25,1
6oXgCR0K,Musetti L.,Bublik A.,0,0,ou,31.50,over,ft,4.16,1
6oXgCR0K,Musetti L.,Bublik A.,0,0,ou,31.50,under,ft,1.17,1
6oXgCR0K,Musetti L.,Bublik A.,0,0,ou,32.50,over,ft,5.27,1
6oXgCR0K,Musetti L.,Bublik A.,0,0,ou,32.50,under,ft,1.11,1
6oXgCR0K,Musetti L.,Bublik A.,0,0,ou,33.50,over,ft,6.24,1
6oXgCR0K,Musetti L.,Bublik A.,0,0,ou,33.50,under,ft,1.07,1
6oXgCR0K,Musetti L.,Bublik A.,0,0,ou,34.50,over,ft,7.27,1
6oXgCR0K,Musetti L.,Bublik A.,0,0,ou,34.50,under,ft,1.05,1
6oXgCR0K,Musetti L.,Bublik A.,0,0,ou,35.50,over,ft,9.18,1
6oXgCR0K,Musetti L.,Bublik A.,0,0,ou,35.50,under,ft,1.02,1
6oXgCR0K,Musetti L.,Bublik A.,0,0,hc,1.50,home,ft,1.382,6
6oXgCR0K,Musetti L.,Bublik A.,0,0,hc,1.50,away,ft,2.89,6
6oXgCR0K,Musetti L.,Bublik A.,0,0,hc,-1.50,home,ft,3.26,5
6oXgCR0K,Musetti L.,Bublik A.,0,0,hc,-1.50,away,ft,1.316,5
6oXgCR0K,Musetti L.,Bublik A.,0,0,hc,0,home,ft,1.972,4
6oXgCR0K,Musetti L.,Bublik A.,0,0,hc,0,away,ft,1.795,4
6oXgCR0K,Musetti L.,Bublik A.,0,0,hc,0.50,home,ft,1.898,6
6oXgCR0K,Musetti L.,Bublik A.,0,0,hc,0.50,away,ft,1.88,6
6oXgCR0K,Musetti L.,Bublik A.,0,0,hc,-0.50,home,ft,2.052,5
6oXgCR0K,Musetti L.,Bublik A.,0,0,hc,-0.50,away,ft,1.722,5
6oXgCR0K,Musetti L.,Bublik A.,0,0,hc,1.00,home,ft,1.815,4
6oXgCR0K,Musetti L.,Bublik A.,0,0,hc,1.00,away,ft,1.945,4
6oXgCR0K,Musetti L.,Bublik A.,0,0,hc,-1.00,home,ft,2.165,4
6oXgCR0K,Musetti L.,Bublik A.,0,0,hc,-1.00,away,ft,1.66,4
6oXgCR0K,Musetti L.,Bublik A.,0,0,hc,1.50,home,ft,1.754,5
6oXgCR0K,Musetti L.,Bublik A.,0,0,hc,1.50,away,ft,2.008,5
6oXgCR0K,Musetti L.,Bublik A.,0,0,hc,-1.50,home,ft,2.26,3
6oXgCR0K,Musetti L.,Bublik A.,0,0,hc,-1.50,away,ft,1.58,3
6oXgCR0K,Musetti L.,Bublik A.,0,0,hc,2.00,home,ft,1.645,4
6oXgCR0K,Musetti L.,Bublik A.,0,0,hc,2.00,away,ft,2.183,4
6oXgCR0K,Musetti L.,Bublik A.,0,0,hc,-2.00,home,ft,2.5,3
6oXgCR0K,Musetti L.,Bublik A.,0,0,hc,-2.00,away,ft,1.48,3
6oXgCR0K,Musetti L.,Bublik A.,0,0,hc,2.50,home,ft,1.558,4
6oXgCR0K,Musetti L.,Bublik A.,0,0,hc,2.50,away,ft,2.3,4
6oXgCR0K,Musetti L.,Bublik A.,0,0,hc,-2.50,home,ft,2.66,3
6oXgCR0K,Musetti L.,Bublik A.,0,0,hc,-2.50,away,ft,1.43,3
6oXgCR0K,Musetti L.,Bublik A.,0,0,hc,3.00,home,ft,1.41,3
6oXgCR0K,Musetti L.,Bublik A.,0,0,hc,3.00,away,ft,2.73,3
6oXgCR0K,Musetti L.,Bublik A.,0,0,hc,3.50,home,ft,1.35,3
6oXgCR0K,Musetti L.,Bublik A.,0,0,hc,3.50,away,ft,2.98,3
6oXgCR0K,Musetti L.,Bublik A.,0,0,hc,-3.50,home,ft,2.93,3
6oXgCR0K,Musetti L.,Bublik A.,0,0,hc,-3.50,away,ft,1.33,3
6oXgCR0K,Musetti L.,Bublik A.,0,0,hc,4.00,home,ft,1.2,3
6oXgCR0K,Musetti L.,Bublik A.,0,0,hc,4.00,away,ft,3.84,3
6oXgCR0K,Musetti L.,Bublik A.,0,0,hc,4.50,home,ft,1.21,3
6oXgCR0K,Musetti L.,Bublik A.,0,0,hc,4.50,away,ft,3.72,3
6oXgCR0K,Musetti L.,Bublik A.,0,0,hc,5.50,home,ft,1.09,3
6oXgCR0K,Musetti L.,Bublik A.,0,0,hc,5.50,away,ft,5.69,3
6oXgCR0K,Musetti L.,Bublik A.,0,0,hc,6.50,home,ft,1.03,3
6oXgCR0K,Musetti L.,Bublik A.,0,0,hc,6.50,away,ft,8.3,3
SdNj7mnR,Giron M.,Bublik A.,1,1,ou,2.50,over,ft,2.615,2
SdNj7mnR,Giron M.,Bublik A.,1,1,ou,2.50,under,ft,1.48,2
SdNj7mnR,Giron M.,Bublik A.,1,1,ou,15.50,under,ft,8.23,1
SdNj7mnR,Giron M.,Bublik A.,1,1,ou,16.50,over,ft,1.03,1
SdNj7mnR,Giron M.,Bublik A.,1,1,ou,16.50,under,ft,8.35,1
SdNj7mnR,Giron M.,Bublik A.,1,1,ou,17.50,over,ft,1.11,1
SdNj7mnR,Giron M.,Bublik A.,1,1,ou,17.50,under,ft,5.31,1
SdNj7mnR,Giron M.,Bublik A.,1,1,ou,18.50,over,ft,1.16,2
SdNj7mnR,Giron M.,Bublik A.,1,1,ou,18.50,under,ft,4.955,2
SdNj7mnR,Giron M.,Bublik A.,1,1,ou,19.00,over,ft,1.17,1
SdNj7mnR,Giron M.,Bublik A.,1,1,ou,19.00,under,ft,3.81,1
SdNj7mnR,Giron M.,Bublik A.,1,1,ou,19.50,over,ft,1.312,4
SdNj7mnR,Giron M.,Bublik A.,1,1,ou,19.50,under,ft,3.085,4
SdNj7mnR,Giron M.,Bublik A.,1,1,ou,20.00,over,ft,1.36,4
SdNj7mnR,Giron M.,Bublik A.,1,1,ou,20.00,under,ft,2.865,4
SdNj7mnR,Giron M.,Bublik A.,1,1,ou,20.50,over,ft,1.476,5
SdNj7mnR,Giron M.,Bublik A.,1,1,ou,20.50,under,ft,2.528,5
SdNj7mnR,Giron M.,Bublik A.,1,1,ou,21.00,over,ft,1.532,4
SdNj7mnR,Giron M.,Bublik A.,1,1,ou,21.00,under,ft,2.348,4
SdNj7mnR,Giron M.,Bublik A.,1,1,ou,21.50,over,ft,1.63,8
SdNj7mnR,Giron M.,Bublik A.,1,1,ou,21.50,under,ft,2.174,8
SdNj7mnR,Giron M.,Bublik A.,1,1,ou,22.00,over,ft,1.718,6
SdNj7mnR,Giron M.,Bublik A.,1,1,ou,22.00,under,ft,2.045,6
SdNj7mnR,Giron M.,Bublik A.,1,1,ou,22.50,over,ft,1.895,8
SdNj7mnR,Giron M.,Bublik A.,1,1,ou,22.50,under,ft,1.87,8
SdNj7mnR,Giron M.,Bublik A.,1,1,ou,23.00,over,ft,2.083,6
SdNj7mnR,Giron M.,Bublik A.,1,1,ou,23.00,under,ft,1.705,6
SdNj7mnR,Giron M.,Bublik A.,1,1,ou,23.50,over,ft,2.196,8
SdNj7mnR,Giron M.,Bublik A.,1,1,ou,23.50,under,ft,1.621,8
SdNj7mnR,Giron M.,Bublik A.,1,1,ou,24.00,over,ft,2.232,5
SdNj7mnR,Giron M.,Bublik A.,1,1,ou,24.00,under,ft,1.606,5
SdNj7mnR,Giron M.,Bublik A.,1,1,ou,24.50,over,ft,2.258,6
SdNj7mnR,Giron M.,Bublik A.,1,1,ou,24.50,under,ft,1.573,6
SdNj7mnR,Giron M.,Bublik A.,1,1,ou,25.00,over,ft,2.27,4
SdNj7mnR,Giron M.,Bublik A.,1,1,ou,25.00,under,ft,1.518,4
SdNj7mnR,Giron M.,Bublik A.,1,1,ou,25.50,over,ft,2.34,4
SdNj7mnR,Giron M.,Bublik A.,1,1,ou,25.50,under,ft,1.485,4
SdNj7mnR,Giron M.,Bublik A.,1,1,ou,26.00,over,ft,2.49,1
SdNj7mnR,Giron M.,Bublik A.,1,1,ou,26.00,under,ft,1.41,1
SdNj7mnR,Giron M.,Bublik A.,1,1,ou,26.50,over,ft,2.785,2
SdNj7mnR,Giron M.,Bublik A.,1,1,ou,26.50,under,ft,1.41,2
SdNj7mnR,Giron M.,Bublik A.,1,1,ou,27.00,over,ft,2.7,1
SdNj7mnR,Giron M.,Bublik A.,1,1,ou,27.00,under,ft,1.33,1
SdNj7mnR,Giron M.,Bublik A.,1,1,ou,27.50,over,ft,2.9,1
SdNj7mnR,Giron M.,Bublik A.,1,1,ou,27.50,under,ft,1.35,1
SdNj7mnR,Giron M.,Bublik A.,1,1,ou,28.50,over,ft,3.21,1
SdNj7mnR,Giron M.,Bublik A.,1,1,ou,28.50,under,ft,1.29,1
SdNj7mnR,Giron M.,Bublik A.,1,1,ou,29.50,over,ft,3.43,1
SdNj7mnR,Giron M.,Bublik A.,1,1,ou,29.50,under,ft,1.25,1
SdNj7mnR,Giron M.,Bublik A.,1,1,ou,30.50,over,ft,3.82,1
SdNj7mnR,Giron M.,Bublik A.,1,1,ou,30.50,under,ft,1.2,1
SdNj7mnR,Giron M.,Bublik A.,1,1,ou,31.50,over,ft,4.63,1
SdNj7mnR,Giron M.,Bublik A.,1,1,ou,31.50,under,ft,1.14,1
SdNj7mnR,Giron M.,Bublik A.,1,1,ou,32.50,over,ft,5.73,1
SdNj7mnR,Giron M.,Bublik A.,1,1,ou,32.50,under,ft,1.09,1
SdNj7mnR,Giron M.,Bublik A.,1,1,ou,33.50,over,ft,6.69,1
SdNj7mnR,Giron M.,Bublik A.,1,1,ou,33.50,under,ft,1.06,1
SdNj7mnR,Giron M.,Bublik A.,1,1,ou,34.50,over,ft,7.64,1
SdNj7mnR,Giron M.,Bublik A.,1,1,ou,34.50,under,ft,1.04,1
SdNj7mnR,Giron M.,Bublik A.,1,1,ou,35.50,over,ft,9.58,1
SdNj7mnR,Giron M.,Bublik A.,1,1,ou,35.50,under,ft,1.02,1
SdNj7mnR,Giron M.,Bublik A.,1,1,hc,1.50,home,ft,1.888,6
SdNj7mnR,Giron M.,Bublik A.,1,1,hc,1.50,away,ft,1.85,6
SdNj7mnR,Giron M.,Bublik A.,1,1,hc,-1.50,home,ft,6.392,5
SdNj7mnR,Giron M.,Bublik A.,1,1,hc,-1.50,away,ft,1.11,5
SdNj7mnR,Giron M.,Bublik A.,1,1,hc,0.50,home,ft,3.593,3
SdNj7mnR,Giron M.,Bublik A.,1,1,hc,0.50,away,ft,1.27,3
SdNj7mnR,Giron M.,Bublik A.,1,1,hc,1.00,home,ft,3.473,3
SdNj7mnR,Giron M.,Bublik A.,1,1,hc,1.00,away,ft,1.29,3
SdNj7mnR,Giron M.,Bublik A.,1,1,hc,1.50,home,ft,3.125,4
SdNj7mnR,Giron M.,Bublik A.,1,1,hc,1.50,away,ft,1.348,4
SdNj7mnR,Giron M.,Bublik A.,1,1,hc,-1.50,home,ft,4.54,1
SdNj7mnR,Giron M.,Bublik A.,1,1,hc,-1.50,away,ft,1.2,1
SdNj7mnR,Giron M.,Bublik A.,1,1,hc,2.00,home,ft,2.83,4
SdNj7mnR,Giron M.,Bublik A.,1,1,hc,2.00,away,ft,1.422,4
SdNj7mnR,Giron M.,Bublik A.,1,1,hc,2.50,home,ft,2.485,6
SdNj7mnR,Giron M.,Bublik A.,1,1,hc,2.50,away,ft,1.513,6
SdNj7mnR,Giron M.,Bublik A.,1,1,hc,3.00,home,ft,2.3,4
SdNj7mnR,Giron M.,Bublik A.,1,1,hc,3.00,away,ft,1.607,4
SdNj7mnR,Giron M.,Bublik A.,1,1,hc,3.50,home,ft,1.952,5
SdNj7mnR,Giron M.,Bublik A.,1,1,hc,3.50,away,ft,1.85,5
SdNj7mnR,Giron M.,Bublik A.,1,1,hc,4.00,home,ft,1.715,4
SdNj7mnR,Giron M.,Bublik A.,1,1,hc,4.00,away,ft,2.112,4
SdNj7mnR,Giron M.,Bublik A.,1,1,hc,4.50,home,ft,1.53,6
SdNj7mnR,Giron M.,Bublik A.,1,1,hc,4.50,away,ft,2.43,6
SdNj7mnR,Giron M.,Bublik A.,1,1,hc,5.00,home,ft,1.33,3
SdNj7mnR,Giron M.,Bublik A.,1,1,hc,5.00,away,ft,3.223,3
SdNj7mnR,Giron M.,Bublik A.,1,1,hc,5.50,home,ft,1.24,4
SdNj7mnR,Giron M.,Bublik A.,1,1,hc,5.50,away,ft,3.992,4
SdNj7mnR,Giron M.,Bublik A.,1,1,hc,6.00,home,ft,1.123,3
SdNj7mnR,Giron M.,Bublik A.,1,1,hc,6.00,away,ft,5.767,3
SdNj7mnR,Giron M.,Bublik A.,1,1,hc,6.50,home,ft,1.1,3
SdNj7mnR,Giron M.,Bublik A.,1,1,hc,6.50,away,ft,6.38,3
pf1ChCjt,Musetti L.,Rublev A.,2,2,ou,2.50,over,ft,2.27,3
pf1ChCjt,Musetti L.,Rublev A.,2,2,ou,2.50,under,ft,1.6,3
pf1ChCjt,Musetti L.,Rublev A.,2,2,ou,16.50,under,ft,9.67,1
pf1ChCjt,Musetti L.,Rublev A.,2,2,ou,17.50,over,ft,1.05,1
pf1ChCjt,Musetti L.,Rublev A.,2,2,ou,17.50,under,ft,7.09,1
pf1ChCjt,Musetti L.,Rublev A.,2,2,ou,18.50,over,ft,1.13,1
pf1ChCjt,Musetti L.,Rublev A.,2,2,ou,18.50,under,ft,4.81,1
pf1ChCjt,Musetti L.,Rublev A.,2,2,ou,19.50,over,ft,1.228,4
pf1ChCjt,Musetti L.,Rublev A.,2,2,ou,19.50,under,ft,3.482,4
pf1ChCjt,Musetti L.,Rublev A.,2,2,ou,20.00,over,ft,1.26,3
pf1ChCjt,Musetti L.,Rublev A.,2,2,ou,20.00,under,ft,3.28,3
pf1ChCjt,Musetti L.,Rublev A.,2,2,ou,20.50,over,ft,1.343,4
pf1ChCjt,Musetti L.,Rublev A.,2,2,ou,20.50,under,ft,2.812,4
pf1ChCjt,Musetti L.,Rublev A.,2,2,ou,21.00,over,ft,1.38,4
pf1ChCjt,Musetti L.,Rublev A.,2,2,ou,21.00,under,ft,2.663,4
pf1ChCjt,Musetti L.,Rublev A.,2,2,ou,21.50,over,ft,1.485,6
pf1ChCjt,Musetti L.,Rublev A.,2,2,ou,21.50,under,ft,2.408,6
pf1ChCjt,Musetti L.,Rublev A.,2,2,ou,22.00,over,ft,1.572,5
pf1ChCjt,Musetti L.,Rublev A.,2,2,ou,22.00,under,ft,2.268,5
pf1ChCjt,Musetti L.,Rublev A.,2,2,ou,22.50,over,ft,1.732,8
pf1ChCjt,Musetti L.,Rublev A.,2,2,ou,22.50,under,ft,1.998,8
pf1ChCjt,Musetti L.,Rublev A.,2,2,ou,23.00,over,ft,1.863,6
pf1ChCjt,Musetti L.,Rublev A.,2,2,ou,23.00,under,ft,1.873,6
pf1ChCjt,Musetti L.,Rublev A.,2,2,ou,23.50,over,ft,1.952,8
pf1ChCjt,Musetti L.,Rublev A.,2,2,ou,23.50,under,ft,1.815,8
pf1ChCjt,Musetti L.,Rublev A.,2,2,ou,24.00,over,ft,2.018,5
pf1ChCjt,Musetti L.,Rublev A.,2,2,ou,24.00,under,ft,1.744,5
pf1ChCjt,Musetti L.,Rublev A.,2,2,ou,24.50,over,ft,1.99,7
pf1ChCjt,Musetti L.,Rublev A.,2,2,ou,24.50,under,ft,1.72,7
pf1ChCjt,Musetti L.,Rublev A.,2,2,ou,25.00,over,ft,2.058,4
pf1ChCjt,Musetti L.,Rublev A.,2,2,ou,25.00,under,ft,1.655,4
pf1ChCjt,Musetti L.,Rublev A.,2,2,ou,25.50,over,ft,2.118,4
pf1ChCjt,Musetti L.,Rublev A.,2,2,ou,25.50,under,ft,1.615,4
pf1ChCjt,Musetti L.,Rublev A.,2,2,ou,26.00,over,ft,2.268,4
pf1ChCjt,Musetti L.,Rublev A.,2,2,ou,26.00,under,ft,1.518,4
pf1ChCjt,Musetti L.,Rublev A.,2,2,ou,26.50,over,ft,2.398,5
pf1ChCjt,Musetti L.,Rublev A.,2,2,ou,26.50,under,ft,1.464,5
pf1ChCjt,Musetti L.,Rublev A.,2,2,ou,27.50,over,ft,2.838,4
pf1ChCjt,Musetti L.,Rublev A.,2,2,ou,27.50,under,ft,1.357,4
pf1ChCjt,Musetti L.,Rublev A.,2,2,ou,28.50,over,ft,2.82,1
pf1ChCjt,Musetti L.,Rublev A.,2,2,ou,28.50,under,ft,1.37,1
pf1ChCjt,Musetti L.,Rublev A.,2,2,ou,29.50,over,ft,3.13,1
pf1ChCjt,Musetti L.,Rublev A.,2,2,ou,29.50,under,ft,1.3,1
pf1ChCjt,Musetti L.,Rublev A.,2,2,ou,30.50,over,ft,3.29,1
pf1ChCjt,Musetti L.,Rublev A.,2,2,ou,30.50,under,ft,1.26,1
pf1ChCjt,Musetti L.,Rublev A.,2,2,ou,31.50,over,ft,3.96,1
pf1ChCjt,Musetti L.,Rublev A.,2,2,ou,31.50,under,ft,1.19,1
pf1ChCjt,Musetti L.,Rublev A.,2,2,ou,32.50,over,ft,4.98,1
pf1ChCjt,Musetti L.,Rublev A.,2,2,ou,32.50,under,ft,1.12,1
pf1ChCjt,Musetti L.,Rublev A.,2,2,ou,33.50,over,ft,5.94,1
pf1ChCjt,Musetti L.,Rublev A.,2,2,ou,33.50,under,ft,1.08,1
pf1ChCjt,Musetti L.,Rublev A.,2,2,ou,34.50,over,ft,6.89,1
pf1ChCjt,Musetti L.,Rublev A.,2,2,ou,34.50,under,ft,1.06,1
pf1ChCjt,Musetti L.,Rublev A.,2,2,ou,35.50,over,ft,8.94,1
pf1ChCjt,Musetti L.,Rublev A.,2,2,ou,35.50,under,ft,1.02,1
pf1ChCjt,Musetti L.,Rublev A.,2,2,hc,1.50,home,ft,1.338,5
pf1ChCjt,Musetti L.,Rublev A.,2,2,hc,1.50,away,ft,3.132,5
pf1ChCjt,Musetti L.,Rublev A.,2,2,hc,-1.50,home,ft,2.938,6
pf1ChCjt,Musetti L.,Rublev A.,2,2,hc,-1.50,away,ft,1.372,6
pf1ChCjt,Musetti L.,Rublev A.,2,2,hc,0,home,ft,1.82,4
pf1ChCjt,Musetti L.,Rublev A.,2,2,hc,0,away,ft,1.895,4
pf1ChCjt,Musetti L.,Rublev A.,2,2,hc,0.50,home,ft,1.72,6
pf1ChCjt,Musetti L.,Rublev A.,2,2,hc,0.50,away,ft,2.022,6
pf1ChCjt,Musetti L.,Rublev A.,2,2,hc,-0.50,home,ft,1.89,6
pf1ChCjt,Musetti L.,Rublev A.,2,2,hc,-0.50,away,ft,1.888,6
pf1ChCjt,Musetti L.,Rublev A.,2,2,hc,1.00,home,ft,1.677,4
pf1ChCjt,Musetti L.,Rublev A.,2,2,hc,1.00,away,ft,2.07,4
pf1ChCjt,Musetti L.,Rublev A.,2,2,hc,-1.00,home,ft,1.972,4
pf1ChCjt,Musetti L.,Rublev A.,2,2,hc,-1.00,away,ft,1.75,4
pf1ChCjt,Musetti L.,Rublev A.,2,2,hc,1.50,home,ft,1.6,3
pf1ChCjt,Musetti L.,Rublev A.,2,2,hc,1.50,away,ft,2.13,3
pf1ChCjt,Musetti L.,Rublev A.,2,2,hc,-1.50,home,ft,2.095,6
pf1ChCjt,Musetti L.,Rublev A.,2,2,hc,-1.50,away,ft,1.67,6
pf1ChCjt,Musetti L.,Rublev A.,2,2,hc,2.00,home,ft,1.51,3
pf1ChCjt,Musetti L.,Rublev A.,2,2,hc,2.00,away,ft,2.32,3
pf1ChCjt,Musetti L.,Rublev A.,2,2,hc,-2.00,home,ft,2.175,4
pf1ChCjt,Musetti L.,Rublev A.,2,2,hc,-2.00,away,ft,1.607,4
pf1ChCjt,Musetti L.,Rublev A.,2,2,hc,2.50,home,ft,1.46,3
pf1ChCjt,Musetti L.,Rublev A.,2,2,hc,2.50,away,ft,2.46,3
pf1ChCjt,Musetti L.,Rublev A.,2,2,hc,-2.50,home,ft,2.296,5
pf1ChCjt,Musetti L.,Rublev A.,2,2,hc,-2.50,away,ft,1.554,5
pf1ChCjt,Musetti L.,Rublev A.,2,2,hc,3.00,home,ft,1.37,3
pf1ChCjt,Musetti L.,Rublev A.,2,2,hc,3.00,away,ft,2.75,3
pf1ChCjt,Musetti L.,Rublev A.,2,2,hc,-3.00,home,ft,2.69,3
pf1ChCjt,Musetti L.,Rublev A.,2,2,hc,-3.00,away,ft,1.39,3
pf1ChCjt,Musetti L.,Rublev A.,2,2,hc,3.50,home,ft,1.35,3
pf1ChCjt,Musetti L.,Rublev A.,2,2,hc,3.50,away,ft,2.84,3
pf1ChCjt,Musetti L.,Rublev A.,2,2,hc,-3.50,home,ft,2.94,3
pf1ChCjt,Musetti L.,Rublev A.,2,2,hc,-3.50,away,ft,1.33,3
z5ZCqfQs,Giron M.,Mmoh M.,,,ou,2.50,over,ft,2.293,3
z5ZCqfQs,Giron M.,Mmoh M.,,,ou,2.50,under,ft,1.583,3
z5ZCqfQs,Giron M.,Mmoh M.,,,ou,16.50,over,ft,1.03,1
z5ZCqfQs,Giron M.,Mmoh M.,,,ou,16.50,under,ft,8.74,1
z5ZCqfQs,Giron M.,Mmoh M.,,,ou,17.50,over,ft,1.08,1
z5ZCqfQs,Giron M.,Mmoh M.,,,ou,17.50,under,ft,5.92,1
z5ZCqfQs,Giron M.,Mmoh M.,,,ou,18.50,over,ft,1.17,1
z5ZCqfQs,Giron M.,Mmoh M.,,,ou,18.50,under,ft,4.27,1
z5ZCqfQs,Giron M.,Mmoh M.,,,ou,19.50,over,ft,1.29,1
z5ZCqfQs,Giron M.,Mmoh M.,,,ou,19.50,under,ft,3.2,1
z5ZCqfQs,Giron M.,Mmoh M.,,,ou,20.00,over,ft,1.328,4
z5ZCqfQs,Giron M.,Mmoh M.,,,ou,20.00,under,ft,2.875,4
z5ZCqfQs,Giron M.,Mmoh M.,,,ou,20.50,over,ft,1.442,5
z5ZCqfQs,Giron M.,Mmoh M.,,,ou,20.50,under,ft,2.508,5
z5ZCqfQs,Giron M.,Mmoh M.,,,ou,21.00,over,ft,1.495,4
z5ZCqfQs,Giron M.,Mmoh M.,,,ou,21.00,under,ft,2.375,4
z5ZCqfQs,Giron M.,Mmoh M.,,,ou,21.50,over,ft,1.596,8
z5ZCqfQs,Giron M.,Mmoh M.,,,ou,21.50,under,ft,2.217,8
z5ZCqfQs,Giron M.,Mmoh M.,,,ou,22.00,over,ft,1.717,6
z5ZCqfQs,Giron M.,Mmoh M.,,,ou,22.00,under,ft,2.05,6
z5ZCqfQs,Giron M.,Mmoh M.,,,ou,22.50,over,ft,1.88,8
z5ZCqfQs,Giron M.,Mmoh M.,,,ou,22.50,under,ft,1.89,8
z5ZCqfQs,Giron M.,Mmoh M.,,,ou,23.00,over,ft,1.973,6
z5ZCqfQs,Giron M.,Mmoh M.,,,ou,23.00,under,ft,1.772,6
z5ZCqfQs,Giron M.,Mmoh M.,,,ou,23.50,over,ft,2.079,8
z5ZCqfQs,Giron M.,Mmoh M.,,,ou,23.50,under,ft,1.68,8
z5ZCqfQs,Giron M.,Mmoh M.,,,ou,24.00,over,ft,2.095,4
z5ZCqfQs,Giron M.,Mmoh M.,,,ou,24.00,under,ft,1.637,4
z5ZCqfQs,Giron M.,Mmoh M.,,,ou,24.50,over,ft,2.1,6
z5ZCqfQs,Giron M.,Mmoh M.,,,ou,24.50,under,ft,1.637,6
z5ZCqfQs,Giron M.,Mmoh M.,,,ou,25.00,over,ft,2.198,4
z5ZCqfQs,Giron M.,Mmoh M.,,,ou,25.00,under,ft,1.55,4
z5ZCqfQs,Giron M.,Mmoh M.,,,ou,25.50,over,ft,2.24,1
z5ZCqfQs,Giron M.,Mmoh M.,,,ou,25.50,under,ft,1.56,1
z5ZCqfQs,Giron M.,Mmoh M.,,,ou,26.50,over,ft,2.51,1
z5ZCqfQs,Giron M.,Mmoh M.,,,ou,26.50,under,ft,1.45,1
z5ZCqfQs,Giron M.,Mmoh M.,,,ou,27.50,over,ft,2.73,1
z5ZCqfQs,Giron M.,Mmoh M.,,,ou,27.50,under,ft,1.39,1
z5ZCqfQs,Giron M.,Mmoh M.,,,ou,28.50,over,ft,3.05,1
z5ZCqfQs,Giron M.,Mmoh M.,,,ou,28.50,under,ft,1.32,1
z5ZCqfQs,Giron M.,Mmoh M.,,,ou,29.50,over,ft,3.23,1
z5ZCqfQs,Giron M.,Mmoh M.,,,ou,29.50,under,ft,1.27,1
z5ZCqfQs,Giron M.,Mmoh M.,,,ou,30.50,over,ft,3.76,1
z5ZCqfQs,Giron M.,Mmoh M.,,,ou,30.50,under,ft,1.21,1
z5ZCqfQs,Giron M.,Mmoh M.,,,ou,31.50,over,ft,4.58,1
z5ZCqfQs,Giron M.,Mmoh M.,,,ou,31.50,under,ft,1.14,1
z5ZCqfQs,Giron M.,Mmoh M.,,,ou,32.50,over,ft,5.75,1
z5ZCqfQs,Giron M.,Mmoh M.,,,ou,32.50,under,ft,1.09,1
z5ZCqfQs,Giron M.,Mmoh M.,,,ou,33.50,over,ft,6.87,1
z5ZCqfQs,Giron M.,Mmoh M.,,,ou,33.50,under,ft,1.06,1
z5ZCqfQs,Giron M.,Mmoh M.,,,ou,34.50,over,ft,8.0,1
z5ZCqfQs,Giron M.,Mmoh M.,,,ou,34.50,under,ft,1.03,1
z5ZCqfQs,Giron M.,Mmoh M.,,,ou,35.50,over,ft,9.86,1
z5ZCqfQs,Giron M.,Mmoh M.,,,hc,1.50,home,ft,1.228,5
z5ZCqfQs,Giron M.,Mmoh M.,,,hc,1.50,away,ft,3.964,5
z5ZCqfQs,Giron M.,Mmoh M.,,,hc,-1.50,home,ft,2.395,6
z5ZCqfQs,Giron M.,Mmoh M.,,,hc,-1.50,away,ft,1.532,6
z5ZCqfQs,Giron M.,Mmoh M.,,,hc,0,home,ft,1.5,3
z5ZCqfQs,Giron M.,Mmoh M.,,,hc,0,away,ft,2.35,3
z5ZCqfQs,Giron M.,Mmoh M.,,,hc,-0.50,home,ft,1.55,3
z5ZCqfQs,Giron M.,Mmoh M.,,,hc,-0.50,away,ft,2.24,3
z5ZCqfQs,Giron M.,Mmoh M.,,,hc,1.00,home,ft,1.42,3
z5ZCqfQs,Giron M.,Mmoh M.,,,hc,1.00,away,ft,2.59,3
z5ZCqfQs,Giron M.,Mmoh M.,,,hc,-1.00,home,ft,1.623,4
z5ZCqfQs,Giron M.,Mmoh M.,,,hc,-1.00,away,ft,2.167,4
z5ZCqfQs,Giron M.,Mmoh M.,,,hc,-1.50,home,ft,1.663,6
z5ZCqfQs,Giron M.,Mmoh M.,,,hc,-1.50,away,ft,2.095,6
z5ZCqfQs,Giron M.,Mmoh M.,,,hc,-2.00,home,ft,1.765,4
z5ZCqfQs,Giron M.,Mmoh M.,,,hc,-2.00,away,ft,1.955,4
z5ZCqfQs,Giron M.,Mmoh M.,,,hc,-2.50,home,ft,1.876,5
z5ZCqfQs,Giron M.,Mmoh M.,,,hc,-2.50,away,ft,1.842,5
z5ZCqfQs,Giron M.,Mmoh M.,,,hc,-3.00,home,ft,2.053,4
z5ZCqfQs,Giron M.,Mmoh M.,,,hc,-3.00,away,ft,1.69,4
z5ZCqfQs,Giron M.,Mmoh M.,,,hc,-3.50,home,ft,2.262,6
z5ZCqfQs,Giron M.,Mmoh M.,,,hc,-3.50,away,ft,1.568,6
z5ZCqfQs,Giron M.,Mmoh M.,,,hc,-4.00,home,ft,2.657,4
z5ZCqfQs,Giron M.,Mmoh M.,,,hc,-4.00,away,ft,1.425,4
z5ZCqfQs,Giron M.,Mmoh M.,,,hc,-4.50,home,ft,2.94,3
z5ZCqfQs,Giron M.,Mmoh M.,,,hc,-4.50,away,ft,1.33,3
z5ZCqfQs,Giron M.,Mmoh M.,,,hc,-5.00,home,ft,3.98,3
z5ZCqfQs,Giron M.,Mmoh M.,,,hc,-5.00,away,ft,1.19,3
M9uQjVBs,Shang J.,Bublik A.,0,0,ou,2.50,over,ft,2.297,3
M9uQjVBs,Shang J.,Bublik A.,0,0,ou,2.50,under,ft,1.587,3
M9uQjVBs,Shang J.,Bublik A.,0,0,ou,16.50,under,ft,10.26,1
M9uQjVBs,Shang J.,Bublik A.,0,0,ou,17.50,over,ft,1.06,1
M9uQjVBs,Shang J.,Bublik A.,0,0,ou,17.50,under,ft,6.96,1
M9uQjVBs,Shang J.,Bublik A.,0,0,ou,18.50,over,ft,1.11,1
M9uQjVBs,Shang J.,Bublik A.,0,0,ou,18.50,under,ft,5.08,1
M9uQjVBs,Shang J.,Bublik A.,0,0,ou,19.50,over,ft,1.22,1
M9uQjVBs,Shang J.,Bublik A.,0,0,ou,19.50,under,ft,3.69,1
M9uQjVBs,Shang J.,Bublik A.,0,0,ou,20.00,over,ft,1.25,3
M9uQjVBs,Shang J.,Bublik A.,0,0,ou,20.00,under,ft,3.34,3
M9uQjVBs,Shang J.,Bublik A.,0,0,ou,20.50,over,ft,1.352,5
M9uQjVBs,Shang J.,Bublik A.,0,0,ou,20.50,under,ft,2.92,5
M9uQjVBs,Shang J.,Bublik A.,0,0,ou,21.00,over,ft,1.33,4
M9uQjVBs,Shang J.,Bublik A.,0,0,ou,21.00,under,ft,2.848,4
M9uQjVBs,Shang J.,Bublik A.,0,0,ou,21.50,over,ft,1.422,4
M9uQjVBs,Shang J.,Bublik A.,0,0,ou,21.50,under,ft,2.575,4
M9uQjVBs,Shang J.,Bublik A.,0,0,ou,22.00,over,ft,1.524,5
M9uQjVBs,Shang J.,Bublik A.,0,0,ou,22.00,under,ft,2.376,5
M9uQjVBs,Shang J.,Bublik A.,0,0,ou,22.50,over,ft,1.654,8
M9uQjVBs,Shang J.,Bublik A.,0,0,ou,22.50,under,ft,2.111,8
M9uQjVBs,Shang J.,Bublik A.,0,0,ou,23.00,over,ft,1.82,6
M9uQjVBs,Shang J.,Bublik A.,0,0,ou,23.00,under,ft,1.917,6
M9uQjVBs,Shang J.,Bublik A.,0,0,ou,23.50,over,ft,1.934,8
M9uQjVBs,Shang J.,Bublik A.,0,0,ou,23.50,under,ft,1.831,8
M9uQjVBs,Shang J.,Bublik A.,0,0,ou,24.00,over,ft,1.988,5
M9uQjVBs,Shang J.,Bublik A.,0,0,ou,24.00,under,ft,1.764,5
M9uQjVBs,Shang J.,Bublik A.,0,0,ou,24.50,over,ft,1.978,8
M9uQjVBs,Shang J.,Bublik A.,0,0,ou,24.50,under,ft,1.745,8
M9uQjVBs,Shang J.,Bublik A.,0,0,ou,25.00,over,ft,2.03,4
M9uQjVBs,Shang J.,Bublik A.,0,0,ou,25.00,under,ft,1.677,4
M9uQjVBs,Shang J.,Bublik A.,0,0,ou,25.50,over,ft,2.087,4
M9uQjVBs,Shang J.,Bublik A.,0,0,ou,25.50,under,ft,1.635,4
M9uQjVBs,Shang J.,Bublik A.,0,0,ou,26.00,over,ft,2.238,4
M9uQjVBs,Shang J.,Bublik A.,0,0,ou,26.00,under,ft,1.53,4
M9uQjVBs,Shang J.,Bublik A.,0,0,ou,26.50,over,ft,2.403,3
M9uQjVBs,Shang J.,Bublik A.,0,0,ou,26.50,under,ft,1.517,3
M9uQjVBs,Shang J.,Bublik A.,0,0,ou,27.50,over,ft,2.51,1
M9uQjVBs,Shang J.,Bublik A.,0,0,ou,27.50,under,ft,1.45,1
M9uQjVBs,Shang J.,Bublik A.,0,0,ou,28.50,over,ft,2.81,2
M9uQjVBs,Shang J.,Bublik A.,0,0,ou,28.50,under,ft,1.4,2
M9uQjVBs,Shang J.,Bublik A.,0,0,ou,29.50,over,ft,2.99,1
M9uQjVBs,Shang J.,Bublik A.,0,0,ou,29.50,under,ft,1.33,1
M9uQjVBs,Shang J.,Bublik A.,0,0,ou,30.50,over,ft,3.3,1
M9uQjVBs,Shang J.,Bublik A.,0,0,ou,30.50,under,ft,1.26,1
M9uQjVBs,Shang J.,Bublik A.,0,0,ou,31.50,over,ft,3.81,1
M9uQjVBs,Shang J.,Bublik A.,0,0,ou,31.50,under,ft,1.2,1
M9uQjVBs,Shang J.,Bublik A.,0,0,ou,32.50,over,ft,4.73,1
M9uQjVBs,Shang J.,Bublik A.,0,0,ou,32.50,under,ft,1.13,1
M9uQjVBs,Shang J.,Bublik A.,0,0,ou,33.50,over,ft,5.64,1
M9uQjVBs,Shang J.,Bublik A.,0,0,ou,33.50,under,ft,1.09,1
M9uQjVBs,Shang J.,Bublik A.,0,0,ou,34.50,over,ft,6.49,1
M9uQjVBs,Shang J.,Bublik A.,0,0,ou,34.50,under,ft,1.06,1
M9uQjVBs,Shang J.,Bublik A.,0,0,ou,35.50,over,ft,8.45,1
M9uQjVBs,Shang J.,Bublik A.,0,0,ou,35.50,under,ft,1.03,1
M9uQjVBs,Shang J.,Bublik A.,0,0,hc,1.50,home,ft,1.53,6
M9uQjVBs,Shang J.,Bublik A.,0,0,hc,1.50,away,ft,2.398,6
M9uQjVBs,Shang J.,Bublik A.,0,0,hc,-1.50,home,ft,4.09,5
M9uQjVBs,Shang J.,Bublik A.,0,0,hc,-1.50,away,ft,1.22,5
M9uQjVBs,Shang J.,Bublik A.,0,0,hc,0,home,ft,2.42,3
M9uQjVBs,Shang J.,Bublik A.,0,0,hc,0,away,ft,1.51,3
M9uQjVBs,Shang J.,Bublik A.,0,0,hc,0.50,home,ft,2.257,4
M9uQjVBs,Shang J.,Bublik A.,0,0,hc,0.50,away,ft,1.578,4
M9uQjVBs,Shang J.,Bublik A.,0,0,hc,-0.50,home,ft,2.39,3
M9uQjVBs,Shang J.,Bublik A.,0,0,hc,-0.50,away,ft,1.52,3
M9uQjVBs,Shang J.,Bublik A.,0,0,hc,1.00,home,ft,2.195,4
M9uQjVBs,Shang J.,Bublik A.,0,0,hc,1.00,away,ft,1.638,4
M9uQjVBs,Shang J.,Bublik A.,0,0,hc,-1.00,home,ft,2.56,3
M9uQjVBs,Shang J.,Bublik A.,0,0,hc,-1.00,away,ft,1.46,3
M9uQjVBs,Shang J.,Bublik A.,0,0,hc,1.50,home,ft,2.078,5
M9uQjVBs,Shang J.,Bublik A.,0,0,hc,1.50,away,ft,1.696,5
M9uQjVBs,Shang J.,Bublik A.,0,0,hc,-1.50,home,ft,2.88,1
M9uQjVBs,Shang J.,Bublik A.,0,0,hc,-1.50,away,ft,1.42,1
M9uQjVBs,Shang J.,Bublik A.,0,0,hc,2.00,home,ft,1.942,4
M9uQjVBs,Shang J.,Bublik A.,0,0,hc,2.00,away,ft,1.818,4
M9uQjVBs,Shang J.,Bublik A.,0,0,hc,2.50,home,ft,1.827,6
M9uQjVBs,Shang J.,Bublik A.,0,0,hc,2.50,away,ft,1.967,6
M9uQjVBs,Shang J.,Bublik A.,0,0,hc,3.00,home,ft,1.615,4
M9uQjVBs,Shang J.,Bublik A.,0,0,hc,3.00,away,ft,2.24,4
M9uQjVBs,Shang J.,Bublik A.,0,0,hc,3.50,home,ft,1.494,5
M9uQjVBs,Shang J.,Bublik A.,0,0,hc,3.50,away,ft,2.488,5
M9uQjVBs,Shang J.,Bublik A.,0,0,hc,-3.50,home,ft,4.68,1
M9uQjVBs,Shang J.,Bublik A.,0,0,hc,-3.50,away,ft,1.2,1
M9uQjVBs,Shang J.,Bublik A.,0,0,hc,4.00,home,ft,1.3,3
M9uQjVBs,Shang J.,Bublik A.,0,0,hc,4.00,away,ft,3.26,3
M9uQjVBs,Shang J.,Bublik A.,0,0,hc,4.50,home,ft,1.25,3
M9uQjVBs,Shang J.,Bublik A.,0,0,hc,4.50,away,ft,3.62,3
M9uQjVBs,Shang J.,Bublik A.,0,0,hc,5.00,home,ft,1.12,3
M9uQjVBs,Shang J.,Bublik A.,0,0,hc,5.00,away,ft,5.55,3
M9uQjVBs,Shang J.,Bublik A.,0,0,hc,5.50,home,ft,1.1,1
M9uQjVBs,Shang J.,Bublik A.,0,0,hc,5.50,away,ft,7.36,1
Iao1mZjf,Rublev A.,Borges N.,2,2,ou,2.50,over,ft,2.37,3
Iao1mZjf,Rublev A.,Borges N.,2,2,ou,2.50,under,ft,1.553,3
Iao1mZjf,Rublev A.,Borges N.,2,2,ou,16.50,over,ft,1.02,1
Iao1mZjf,Rublev A.,Borges N.,2,2,ou,16.50,under,ft,9.28,1
Iao1mZjf,Rublev A.,Borges N.,2,2,ou,17.50,over,ft,1.07,1
Iao1mZjf,Rublev A.,Borges N.,2,2,ou,17.50,under,ft,6.37,1
Iao1mZjf,Rublev A.,Borges N.,2,2,ou,18.50,over,ft,1.18,4
Iao1mZjf,Rublev A.,Borges N.,2,2,ou,18.50,under,ft,4.123,4
Iao1mZjf,Rublev A.,Borges N.,2,2,ou,19.50,over,ft,1.255,4
Iao1mZjf,Rublev A.,Borges N.,2,2,ou,19.50,under,ft,3.393,4
Iao1mZjf,Rublev A.,Borges N.,2,2,ou,20.00,over,ft,1.258,4
Iao1mZjf,Rublev A.,Borges N.,2,2,ou,20.00,under,ft,3.272,4
Iao1mZjf,Rublev A.,Borges N.,2,2,ou,20.50,over,ft,1.395,6
Iao1mZjf,Rublev A.,Borges N.,2,2,ou,20.50,under,ft,2.728,6
Iao1mZjf,Rublev A.,Borges N.,2,2,ou,21.00,over,ft,1.415,4
Iao1mZjf,Rublev A.,Borges N.,2,2,ou,21.00,under,ft,2.607,4
Iao1mZjf,Rublev A.,Borges N.,2,2,ou,21.50,over,ft,1.536,8
Iao1mZjf,Rublev A.,Borges N.,2,2,ou,21.50,under,ft,2.353,8
Iao1mZjf,Rublev A.,Borges N.,2,2,ou,22.00,over,ft,1.633,6
Iao1mZjf,Rublev A.,Borges N.,2,2,ou,22.00,under,ft,2.177,6
Iao1mZjf,Rublev A.,Borges N.,2,2,ou,22.50,over,ft,1.83,8
Iao1mZjf,Rublev A.,Borges N.,2,2,ou,22.50,under,ft,1.945,8
Iao1mZjf,Rublev A.,Borges N.,2,2,ou,23.00,over,ft,1.945,6
Iao1mZjf,Rublev A.,Borges N.,2,2,ou,23.00,under,ft,1.793,6
Iao1mZjf,Rublev A.,Borges N.,2,2,ou,23.50,over,ft,2.051,8
Iao1mZjf,Rublev A.,Borges N.,2,2,ou,23.50,under,ft,1.699,8
Iao1mZjf,Rublev A.,Borges N.,2,2,ou,24.00,over,ft,2.076,5
Iao1mZjf,Rublev A.,Borges N.,2,2,ou,24.00,under,ft,1.67,5
Iao1mZjf,Rublev A.,Borges N.,2,2,ou,24.50,over,ft,2.076,7
Iao1mZjf,Rublev A.,Borges N.,2,2,ou,24.50,under,ft,1.664,7
Iao1mZjf,Rublev A.,Borges N.,2,2,ou,25.00,over,ft,2.147,4
Iao1mZjf,Rublev A.,Borges N.,2,2,ou,25.00,under,ft,1.578,4
Iao1mZjf,Rublev A.,Borges N.,2,2,ou,25.50,over,ft,2.152,4
Iao1mZjf,Rublev A.,Borges N.,2,2,ou,25.50,under,ft,1.593,4
Iao1mZjf,Rublev A.,Borges N.,2,2,ou,26.50,over,ft,2.454,5
Iao1mZjf,Rublev A.,Borges N.,2,2,ou,26.50,under,ft,1.484,5
Iao1mZjf,Rublev A.,Borges N.,2,2,ou,27.50,over,ft,2.572,4
Iao1mZjf,Rublev A.,Borges N.,2,2,ou,27.50,under,ft,1.422,4
Iao1mZjf,Rublev A.,Borges N.,2,2,ou,28.50,over,ft,2.99,1
Iao1mZjf,Rublev A.,Borges N.,2,2,ou,28.50,under,ft,1.33,1
Iao1mZjf,Rublev A.,Borges N.,2,2,ou,29.50,over,ft,3.2,1
Iao1mZjf,Rublev A.,Borges N.,2,2,ou,29.50,under,ft,1.29,1
Iao1mZjf,Rublev A.,Borges N.,2,2,ou,30.50,over,ft,3.49,1
Iao1mZjf,Rublev A.,Borges N.,2,2,ou,30.50,under,ft,1.23,1
Iao1mZjf,Rublev A.,Borges N.,2,2,ou,31.50,over,ft,4.16,1
Iao1mZjf,Rublev A.,Borges N.,2,2,ou,31.50,under,ft,1.17,1
Iao1mZjf,Rublev A.,Borges N.,2,2,ou,32.50,over,ft,5.26,1
Iao1mZjf,Rublev A.,Borges N.,2,2,ou,32.50,under,ft,1.11,1
Iao1mZjf,Rublev A.,Borges N.,2,2,ou,33.50,over,ft,6.23,1
Iao1mZjf,Rublev A.,Borges N.,2,2,ou,33.50,under,ft,1.07,1
Iao1mZjf,Rublev A.,Borges N.,2,2,ou,34.50,over,ft,7.18,1
Iao1mZjf,Rublev A.,Borges N.,2,2,ou,34.50,under,ft,1.05,1
Iao1mZjf,Rublev A.,Borges N.,2,2,ou,35.50,over,ft,9.17,1
Iao1mZjf,Rublev A.,Borges N.,2,2,ou,35.50,under,ft,1.02,1
Iao1mZjf,Rublev A.,Borges N.,2,2,hc,1.50,home,ft,1.182,5
Iao1mZjf,Rublev A.,Borges N.,2,2,hc,1.50,away,ft,4.572,5
Iao1mZjf,Rublev A.,Borges N.,2,2,hc,-1.50,home,ft,2.162,6
Iao1mZjf,Rublev A.,Borges N.,2,2,hc,-1.50,away,ft,1.643,6
Iao1mZjf,Rublev A.,Borges N.,2,2,hc,0,home,ft,1.43,3
Iao1mZjf,Rublev A.,Borges N.,2,2,hc,0,away,ft,2.66,3
Iao1mZjf,Rublev A.,Borges N.,2,2,hc,-0.50,home,ft,1.48,3
Iao1mZjf,Rublev A.,Borges N.,2,2,hc,-0.50,away,ft,2.5,3
Iao1mZjf,Rublev A.,Borges N.,2,2,hc,1.00,home,ft,1.4,3
Iao1mZjf,Rublev A.,Borges N.,2,2,hc,1.00,away,ft,2.64,3
Iao1mZjf,Rublev A.,Borges N.,2,2,hc,-1.00,home,ft,1.52,3
Iao1mZjf,Rublev A.,Borges N.,2,2,hc,-1.00,away,ft,2.39,3
Iao1mZjf,Rublev A.,Borges N.,2,2,hc,1.50,home,ft,1.36,1
Iao1mZjf,Rublev A.,Borges N.,2,2,hc,1.50,away,ft,3.17,1
Iao1mZjf,Rublev A.,Borges N.,2,2,hc,-1.50,home,ft,1.582,6
Iao1mZjf,Rublev A.,Borges N.,2,2,hc,-1.50,away,ft,2.278,6
Iao1mZjf,Rublev A.,Borges N.,2,2,hc,-2.00,home,ft,1.672,4
Iao1mZjf,Rublev A.,Borges N.,2,2,hc,-2.00,away,ft,2.147,4
Iao1mZjf,Rublev A.,Borges N.,2,2,hc,-2.50,home,ft,1.753,6
Iao1mZjf,Rublev A.,Borges N.,2,2,hc,-2.50,away,ft,2.073,6
Iao1mZjf,Rublev A.,Borges N.,2,2,hc,-3.00,home,ft,1.978,4
Iao1mZjf,Rublev A.,Borges N.,2,2,hc,-3.00,away,ft,1.797,4
Iao1mZjf,Rublev A.,Borges N.,2,2,hc,-3.50,home,ft,2.153,6
Iao1mZjf,Rublev A.,Borges N.,2,2,hc,-3.50,away,ft,1.65,6
Iao1mZjf,Rublev A.,Borges N.,2,2,hc,-4.00,home,ft,2.788,4
Iao1mZjf,Rublev A.,Borges N.,2,2,hc,-4.00,away,ft,1.415,4
Iao1mZjf,Rublev A.,Borges N.,2,2,hc,-4.50,home,ft,2.954,5
Iao1mZjf,Rublev A.,Borges N.,2,2,hc,-4.50,away,ft,1.396,5
Iao1mZjf,Rublev A.,Borges N.,2,2,hc,-5.00,home,ft,4.55,3
Iao1mZjf,Rublev A.,Borges N.,2,2,hc,-5.00,away,ft,1.17,3
Iao1mZjf,Rublev A.,Borges N.,2,2,hc,-5.50,home,ft,4.838,4
Iao1mZjf,Rublev A.,Borges N.,2,2,hc,-5.50,away,ft,1.162,4
Iao1mZjf,Rublev A.,Borges N.,2,2,hc,-6.00,home,ft,7.0,3
Iao1mZjf,Rublev A.,Borges N.,2,2,hc,-6.00,away,ft,1.07,3
WGWzP51U,Musetti L.,Wong C.,2,2,ou,2.50,over,ft,2.657,3
WGWzP51U,Musetti L.,Wong C.,2,2,ou,2.50,under,ft,1.45,3
WGWzP51U,Musetti L.,Wong C.,2,2,ou,15.50,over,ft,1.02,1
WGWzP51U,Musetti L.,Wong C.,2,2,ou,15.50,under,ft,8.94,1
WGWzP51U,Musetti L.,Wong C.,2,2,ou,16.50,over,ft,1.06,1
WGWzP51U,Musetti L.,Wong C.,2,2,ou,16.50,under,ft,6.93,1
WGWzP51U,Musetti L.,Wong C.,2,2,ou,17.50,over,ft,1.14,1
WGWzP51U,Musetti L.,Wong C.,2,2,ou,17.50,under,ft,4.71,1
WGWzP51U,Musetti L.,Wong C.,2,2,ou,18.50,over,ft,1.26,1
WGWzP51U,Musetti L.,Wong C.,2,2,ou,18.50,under,ft,3.42,1
WGWzP51U,Musetti L.,Wong C.,2,2,ou,19.00,over,ft,1.238,4
WGWzP51U,Musetti L.,Wong C.,2,2,ou,19.00,under,ft,3.41,4
WGWzP51U,Musetti L.,Wong C.,2,2,ou,19.50,over,ft,1.37,4
WGWzP51U,Musetti L.,Wong C.,2,2,ou,19.50,under,ft,2.755,4
WGWzP51U,Musetti L.,Wong C.,2,2,ou,20.00,over,ft,1.427,4
WGWzP51U,Musetti L.,Wong C.,2,2,ou,20.00,under,ft,2.57,4
WGWzP51U,Musetti L.,Wong C.,2,2,ou,20.50,over,ft,1.591,8
WGWzP51U,Musetti L.,Wong C.,2,2,ou,20.50,under,ft,2.217,8
WGWzP51U,Musetti L.,Wong C.,2,2,ou,21.00,over,ft,1.65,5
WGWzP51U,Musetti L.,Wong C.,2,2,ou,21.00,under,ft,2.154,5
WGWzP51U,Musetti L.,Wong C.,2,2,ou,21.50,over,ft,1.795,8
WGWzP51U,Musetti L.,Wong C.,2,2,ou,21.50,under,ft,1.99,8
WGWzP51U,Musetti L.,Wong C.,2,2,ou,22.00,over,ft,1.905,6
WGWzP51U,Musetti L.,Wong C.,2,2,ou,22.00,under,ft,1.833,6
WGWzP51U,Musetti L.,Wong C.,2,2,ou,22.50,over,ft,2.089,8
WGWzP51U,Musetti L.,Wong C.,2,2,ou,22.50,under,ft,1.676,8
WGWzP51U,Musetti L.,Wong C.,2,2,ou,23.00,over,ft,2.242,5
WGWzP51U,Musetti L.,Wong C.,2,2,ou,23.00,under,ft,1.584,5
WGWzP51U,Musetti L.,Wong C.,2,2,ou,23.50,over,ft,2.357,4
WGWzP51U,Musetti L.,Wong C.,2,2,ou,23.50,under,ft,1.502,4
WGWzP51U,Musetti L.,Wong C.,2,2,ou,24.00,over,ft,2.383,4
WGWzP51U,Musetti L.,Wong C.,2,2,ou,24.00,under,ft,1.472,4
WGWzP51U,Musetti L.,Wong C.,2,2,ou,24.50,over,ft,2.33,2
WGWzP51U,Musetti L.,Wong C.,2,2,ou,24.50,under,ft,1.515,2
WGWzP51U,Musetti L.,Wong C.,2,2,ou,25.50,over,ft,2.57,1
WGWzP51U,Musetti L.,Wong C.,2,2,ou,25.50,under,ft,1.43,1
WGWzP51U,Musetti L.,Wong C.,2,2,ou,26.50,over,ft,2.88,1
WGWzP51U,Musetti L.,Wong C.,2,2,ou,26.50,under,ft,1.35,1
WGWzP51U,Musetti L.,Wong C.,2,2,ou,27.50,over,ft,3.15,1
WGWzP51U,Musetti L.,Wong C.,2,2,ou,27.50,under,ft,1.3,1
WGWzP51U,Musetti L.,Wong C.,2,2,ou,28.50,over,ft,3.34,1
WGWzP51U,Musetti L.,Wong C.,2,2,ou,28.50,under,ft,1.26,1
WGWzP51U,Musetti L.,Wong C.,2,2,ou,29.50,over,ft,3.77,1
WGWzP51U,Musetti L.,Wong C.,2,2,ou,29.50,under,ft,1.21,1
WGWzP51U,Musetti L.,Wong C.,2,2,ou,30.50,over,ft,4.31,1
WGWzP51U,Musetti L.,Wong C.,2,2,ou,30.50,under,ft,1.16,1
WGWzP51U,Musetti L.,Wong C.,2,2,ou,31.50,over,ft,5.17,1
WGWzP51U,Musetti L.,Wong C.,2,2,ou,31.50,under,ft,1.11,1
WGWzP51U,Musetti L.,Wong C.,2,2,ou,32.50,over,ft,6.41,1
WGWzP51U,Musetti L.,Wong C.,2,2,ou,32.50,under,ft,1.07,1
WGWzP51U,Musetti L.,Wong C.,2,2,ou,33.50,over,ft,7.47,1
WGWzP51U,Musetti L.,Wong C.,2,2,ou,33.50,under,ft,1.04,1
WGWzP51U,Musetti L.,Wong C.,2,2,ou,34.50,over,ft,8.71,1
WGWzP51U,Musetti L.,Wong C.,2,2,ou,34.50,under,ft,1.02,1
WGWzP51U,Musetti L.,Wong C.,2,2,hc,1.50,home,ft,1.104,5
WGWzP51U,Musetti L.,Wong C.,2,2,hc,1.50,away,ft,6.418,5
WGWzP51U,Musetti L.,Wong C.,2,2,hc,-1.50,home,ft,1.743,6
WGWzP51U,Musetti L.,Wong C.,2,2,hc,-1.50,away,ft,2.018,6
WGWzP51U,Musetti L.,Wong C.,2,2,hc,-1.00,home,ft,1.27,3
WGWzP51U,Musetti L.,Wong C.,2,2,hc,-1.00,away,ft,3.48,3
WGWzP51U,Musetti L.,Wong C.,2,2,hc,-1.50,home,ft,1.32,3
WGWzP51U,Musetti L.,Wong C.,2,2,hc,-1.50,away,ft,3.14,3
WGWzP51U,Musetti L.,Wong C.,2,2,hc,-2.00,home,ft,1.35,3
WGWzP51U,Musetti L.,Wong C.,2,2,hc,-2.00,away,ft,2.98,3
WGWzP51U,Musetti L.,Wong C.,2,2,hc,-2.50,home,ft,1.44,3
WGWzP51U,Musetti L.,Wong C.,2,2,hc,-2.50,away,ft,2.62,3
WGWzP51U,Musetti L.,Wong C.,2,2,hc,-3.00,home,ft,1.532,4
WGWzP51U,Musetti L.,Wong C.,2,2,hc,-3.00,away,ft,2.415,4
WGWzP51U,Musetti L.,Wong C.,2,2,hc,-3.50,home,ft,1.71,6
WGWzP51U,Musetti L.,Wong C.,2,2,hc,-3.50,away,ft,2.122,6
WGWzP51U,Musetti L.,Wong C.,2,2,hc,-4.00,home,ft,1.96,4
WGWzP51U,Musetti L.,Wong C.,2,2,hc,-4.00,away,ft,1.808,4
WGWzP51U,Musetti L.,Wong C.,2,2,hc,-4.50,home,ft,2.188,5
WGWzP51U,Musetti L.,Wong C.,2,2,hc,-4.50,away,ft,1.662,5
WGWzP51U,Musetti L.,Wong C.,2,2,hc,-5.00,home,ft,2.877,4
WGWzP51U,Musetti L.,Wong C.,2,2,hc,-5.00,away,ft,1.392,4
WGWzP51U,Musetti L.,Wong C.,2,2,hc,-5.50,home,ft,3.076,5
WGWzP51U,Musetti L.,Wong C.,2,2,hc,-5.50,away,ft,1.334,5
WGWzP51U,Musetti L.,Wong C.,2,2,hc,-6.00,home,ft,4.9,3
WGWzP51U,Musetti L.,Wong C.,2,2,hc,-6.00,away,ft,1.15,3
WGWzP51U,Musetti L.,Wong C.,2,2,hc,-6.50,home,ft,5.0,3
WGWzP51U,Musetti L.,Wong C.,2,2,hc,-6.50,away,ft,1.14,3
WGWzP51U,Musetti L.,Wong C.,2,2,hc,-7.00,home,ft,8.5,3
WGWzP51U,Musetti L.,Wong C.,2,2,hc,-7.00,away,ft,1.04,3
6Zrf7ofl,Van De Zandschulp B.,Bublik A.,0,0,ou,2.50,over,ft,2.337,3
6Zrf7ofl,Van De Zandschulp B.,Bublik A.,0,0,ou,2.50,under,ft,1.563,3
6Zrf7ofl,Van De Zandschulp B.,Bublik A.,0,0,ou,16.50,over,ft,1.02,1
6Zrf7ofl,Van De Zandschulp B.,Bublik A.,0,0,ou,16.50,under,ft,9.53,1
6Zrf7ofl,Van De Zandschulp B.,Bublik A.,0,0,ou,17.50,over,ft,1.07,1
6Zrf7ofl,Van De Zandschulp B.,Bublik A.,0,0,ou,17.50,under,ft,6.33,1
6Zrf7ofl,Van De Zandschulp B.,Bublik A.,0,0,ou,18.50,over,ft,1.15,1
6Zrf7ofl,Van De Zandschulp B.,Bublik A.,0,0,ou,18.50,under,ft,4.6,1
6Zrf7ofl,Van De Zandschulp B.,Bublik A.,0,0,ou,19.50,over,ft,1.27,1
6Zrf7ofl,Van De Zandschulp B.,Bublik A.,0,0,ou,19.50,under,ft,3.32,1
6Zrf7ofl,Van De Zandschulp B.,Bublik A.,0,0,ou,20.00,over,ft,1.328,4
6Zrf7ofl,Van De Zandschulp B.,Bublik A.,0,0,ou,20.00,under,ft,3.192,4
6Zrf7ofl,Van De Zandschulp B.,Bublik A.,0,0,ou,20.50,over,ft,1.45,5
6Zrf7ofl,Van De Zandschulp B.,Bublik A.,0,0,ou,20.50,under,ft,2.656,5
6Zrf7ofl,Van De Zandschulp B.,Bublik A.,0,0,ou,21.00,over,ft,1.485,4
6Zrf7ofl,Van De Zandschulp B.,Bublik A.,0,0,ou,21.00,under,ft,2.57,4
6Zrf7ofl,Van De Zandschulp B.,Bublik A.,0,0,ou,21.50,over,ft,1.568,8
6Zrf7ofl,Van De Zandschulp B.,Bublik A.,0,0,ou,21.50,under,ft,2.334,8
6Zrf7ofl,Van De Zandschulp B.,Bublik A.,0,0,ou,22.00,over,ft,1.677,6
6Zrf7ofl,Van De Zandschulp B.,Bublik A.,0,0,ou,22.00,under,ft,2.16,6
6Zrf7ofl,Van De Zandschulp B.,Bublik A.,0,0,ou,22.50,over,ft,1.826,8
6Zrf7ofl,Van De Zandschulp B.,Bublik A.,0,0,ou,22.50,under,ft,1.933,8
6Zrf7ofl,Van De Zandschulp B.,Bublik A.,0,0,ou,23.00,over,ft,1.957,6
6Zrf7ofl,Van De Zandschulp B.,Bublik A.,0,0,ou,23.00,under,ft,1.825,6
6Zrf7ofl,Van De Zandschulp B.,Bublik A.,0,0,ou,23.50,over,ft,2.077,8
6Zrf7ofl,Van De Zandschulp B.,Bublik A.,0,0,ou,23.50,under,ft,1.704,8
6Zrf7ofl,Van De Zandschulp B.,Bublik A.,0,0,ou,24.00,over,ft,2.124,5
6Zrf7ofl,Van De Zandschulp B.,Bublik A.,0,0,ou,24.00,under,ft,1.706,5
6Zrf7ofl,Van De Zandschulp B.,Bublik A.,0,0,ou,24.50,over,ft,2.122,6
6Zrf7ofl,Van De Zandschulp B.,Bublik A.,0,0,ou,24.50,under,ft,1.668,6
6Zrf7ofl,Van De Zandschulp B.,Bublik A.,0,0,ou,25.00,over,ft,2.237,4
6Zrf7ofl,Van De Zandschulp B.,Bublik A.,0,0,ou,25.00,under,ft,1.623,4
6Zrf7ofl,Van De Zandschulp B.,Bublik A.,0,0,ou,25.50,over,ft,2.15,1
6Zrf7ofl,Van De Zandschulp B.,Bublik A.,0,0,ou,25.50,under,ft,1.61,1
6Zrf7ofl,Van De Zandschulp B.,Bublik A.,0,0,ou,26.50,over,ft,2.45,1
6Zrf7ofl,Van De Zandschulp B.,Bublik A.,0,0,ou,26.50,under,ft,1.47,1
6Zrf7ofl,Van De Zandschulp B.,Bublik A.,0,0,ou,27.50,over,ft,2.61,1
6Zrf7ofl,Van De Zandschulp B.,Bublik A.,0,0,ou,27.50,under,ft,1.42,1
6Zrf7ofl,Van De Zandschulp B.,Bublik A.,0,0,ou,28.50,over,ft,2.88,1
6Zrf7ofl,Van De Zandschulp B.,Bublik A.,0,0,ou,28.50,under,ft,1.35,1
6Zrf7ofl,Van De Zandschulp B.,Bublik A.,0,0,ou,29.50,over,ft,3.21,1
6Zrf7ofl,Van De Zandschulp B.,Bublik A.,0,0,ou,29.50,under,ft,1.29,1
6Zrf7ofl,Van De Zandschulp B.,Bublik A.,0,0,ou,30.50,over,ft,3.49,1
6Zrf7ofl,Van De Zandschulp B.,Bublik A.,0,0,ou,30.50,under,ft,1.23,1
6Zrf7ofl,Van De Zandschulp B.,Bublik A.,0,0,ou,31.50,over,ft,4.21,1
6Zrf7ofl,Van De Zandschulp B.,Bublik A.,0,0,ou,31.50,under,ft,1.17,1
6Zrf7ofl,Van De Zandschulp B.,Bublik A.,0,0,ou,32.50,over,ft,5.26,1
6Zrf7ofl,Van De Zandschulp B.,Bublik A.,0,0,ou,32.50,under,ft,1.11,1
6Zrf7ofl,Van De Zandschulp B.,Bublik A.,0,0,ou,33.50,over,ft,6.24,1
6Zrf7ofl,Van De Zandschulp B.,Bublik A.,0,0,ou,33.50,under,ft,1.07,1
6Zrf7ofl,Van De Zandschulp B.,Bublik A.,0,0,ou,34.50,over,ft,7.27,1
6Zrf7ofl,Van De Zandschulp B.,Bublik A.,0,0,ou,34.50,under,ft,1.05,1
6Zrf7ofl,Van De Zandschulp B.,Bublik A.,0,0,ou,35.50,over,ft,9.17,1
6Zrf7ofl,Van De Zandschulp B.,Bublik A.,0,0,ou,35.50,under,ft,1.02,1
6Zrf7ofl,Van De Zandschulp B.,Bublik A.,0,0,hc,1.50,home,ft,1.613,6
6Zrf7ofl,Van De Zandschulp B.,Bublik A.,0,0,hc,1.50,away,ft,2.21,6
6Zrf7ofl,Van De Zandschulp B.,Bublik A.,0,0,hc,-1.50,home,ft,4.586,5
6Zrf7ofl,Van De Zandschulp B.,Bublik A.,0,0,hc,-1.50,away,ft,1.178,5
6Zrf7ofl,Van De Zandschulp B.,Bublik A.,0,0,hc,0,home,ft,2.833,3
6Zrf7ofl,Van De Zandschulp B.,Bublik A.,0,0,hc,0,away,ft,1.43,3
6Zrf7ofl,Van De Zandschulp B.,Bublik A.,0,0,hc,0.50,home,ft,2.65,3
6Zrf7ofl,Van De Zandschulp B.,Bublik A.,0,0,hc,0.50,away,ft,1.48,3
6Zrf7ofl,Van De Zandschulp B.,Bublik A.,0,0,hc,1.00,home,ft,2.53,3
6Zrf7ofl,Van De Zandschulp B.,Bublik A.,0,0,hc,1.00,away,ft,1.52,3
6Zrf7ofl,Van De Zandschulp B.,Bublik A.,0,0,hc,1.50,home,ft,2.315,6
6Zrf7ofl,Van De Zandschulp B.,Bublik A.,0,0,hc,1.50,away,ft,1.593,6
6Zrf7ofl,Van De Zandschulp B.,Bublik A.,0,0,hc,2.00,home,ft,2.245,4
6Zrf7ofl,Van De Zandschulp B.,Bublik A.,0,0,hc,2.00,away,ft,1.657,4
6Zrf7ofl,Van De Zandschulp B.,Bublik A.,0,0,hc,2.50,home,ft,2.042,6
6Zrf7ofl,Van De Zandschulp B.,Bublik A.,0,0,hc,2.50,away,ft,1.755,6
6Zrf7ofl,Van De Zandschulp B.,Bublik A.,0,0,hc,3.00,home,ft,1.873,4
6Zrf7ofl,Van De Zandschulp B.,Bublik A.,0,0,hc,3.00,away,ft,1.945,4
6Zrf7ofl,Van De Zandschulp B.,Bublik A.,0,0,hc,3.50,home,ft,1.682,6
6Zrf7ofl,Van De Zandschulp B.,Bublik A.,0,0,hc,3.50,away,ft,2.137,6
6Zrf7ofl,Van De Zandschulp B.,Bublik A.,0,0,hc,4.00,home,ft,1.51,4
6Zrf7ofl,Van De Zandschulp B.,Bublik A.,0,0,hc,4.00,away,ft,2.58,4
6Zrf7ofl,Van De Zandschulp B.,Bublik A.,0,0,hc,4.50,home,ft,1.402,4
6Zrf7ofl,Van De Zandschulp B.,Bublik A.,0,0,hc,4.50,away,ft,2.91,4
6Zrf7ofl,Van De Zandschulp B.,Bublik A.,0,0,hc,5.00,home,ft,1.23,3
6Zrf7ofl,Van De Zandschulp B.,Bublik A.,0,0,hc,5.00,away,ft,4.16,3
6Zrf7ofl,Van De Zandschulp B.,Bublik A.,0,0,hc,5.50,home,ft,1.19,2
6Zrf7ofl,Van De Zandschulp B.,Bublik A.,0,0,hc,5.50,away,ft,4.25,2
6Zrf7ofl,Van De Zandschulp B.,Bublik A.,0,0,hc,6.00,home,ft,1.09,2
6Zrf7ofl,Van De Zandschulp B.,Bublik A.,0,0,hc,6.00,away,ft,6.5,2
jDgeRKyi,Mmoh M.,Khachanov K.,2,2,ou,2.50,over,ft,2.49,3
jDgeRKyi,Mmoh M.,Khachanov K.,2,2,ou,2.50,under,ft,1.503,3
jDgeRKyi,Mmoh M.,Khachanov K.,2,2,ou,16.50,over,ft,1.02,1
jDgeRKyi,Mmoh M.,Khachanov K.,2,2,ou,16.50,under,ft,8.79,1
jDgeRKyi,Mmoh M.,Khachanov K.,2,2,ou,17.50,over,ft,1.1,1
jDgeRKyi,Mmoh M.,Khachanov K.,2,2,ou,17.50,under,ft,5.27,1
jDgeRKyi,Mmoh M.,Khachanov K.,2,2,ou,18.00,over,ft,1.24,2
jDgeRKyi,Mmoh M.,Khachanov K.,2,2,ou,18.00,under,ft,3.42,2
jDgeRKyi,Mmoh M.,Khachanov K.,2,2,ou,18.50,over,ft,1.31,3
jDgeRKyi,Mmoh M.,Khachanov K.,2,2,ou,18.50,under,ft,3.12,3
jDgeRKyi,Mmoh M.,Khachanov K.,2,2,ou,19.00,over,ft,1.242,4
jDgeRKyi,Mmoh M.,Khachanov K.,2,2,ou,19.00,under,ft,3.33,4
jDgeRKyi,Mmoh M.,Khachanov K.,2,2,ou,19.50,over,ft,1.368,4
jDgeRKyi,Mmoh M.,Khachanov K.,2,2,ou,19.50,under,ft,2.772,4
jDgeRKyi,Mmoh M.,Khachanov K.,2,2,ou,20.00,over,ft,1.427,4
jDgeRKyi,Mmoh M.,Khachanov K.,2,2,ou,20.00,under,ft,2.667,4
jDgeRKyi,Mmoh M.,Khachanov K.,2,2,ou,20.50,over,ft,1.552,6
jDgeRKyi,Mmoh M.,Khachanov K.,2,2,ou,20.50,under,ft,2.322,6
jDgeRKyi,Mmoh M.,Khachanov K.,2,2,ou,21.00,over,ft,1.622,5
jDgeRKyi,Mmoh M.,Khachanov K.,2,2,ou,21.00,under,ft,2.236,5
jDgeRKyi,Mmoh M.,Khachanov K.,2,2,ou,21.50,over,ft,1.708,8
jDgeRKyi,Mmoh M.,Khachanov K.,2,2,ou,21.50,under,ft,2.061,8
jDgeRKyi,Mmoh M.,Khachanov K.,2,2,ou,22.00,over,ft,1.815,6
jDgeRKyi,Mmoh M.,Khachanov K.,2,2,ou,22.00,under,ft,1.92,6
jDgeRKyi,Mmoh M.,Khachanov K.,2,2,ou,22.50,over,ft,1.945,8
jDgeRKyi,Mmoh M.,Khachanov K.,2,2,ou,22.50,under,ft,1.817,8
jDgeRKyi,Mmoh M.,Khachanov K.,2,2,ou,23.00,over,ft,2.168,5
jDgeRKyi,Mmoh M.,Khachanov K.,2,2,ou,23.00,under,ft,1.668,5
jDgeRKyi,Mmoh M.,Khachanov K.,2,2,ou,23.50,over,ft,2.241,7
jDgeRKyi,Mmoh M.,Khachanov K.,2,2,ou,23.50,under,ft,1.593,7
jDgeRKyi,Mmoh M.,Khachanov K.,2,2,ou,24.00,over,ft,2.308,4
jDgeRKyi,Mmoh M.,Khachanov K.,2,2,ou,24.00,under,ft,1.562,4
jDgeRKyi,Mmoh M.,Khachanov K.,2,2,ou,24.50,over,ft,2.262,5
jDgeRKyi,Mmoh M.,Khachanov K.,2,2,ou,24.50,under,ft,1.542,5
jDgeRKyi,Mmoh M.,Khachanov K.,2,2,ou,25.00,over,ft,2.355,4
jDgeRKyi,Mmoh M.,Khachanov K.,2,2,ou,25.00,under,ft,1.478,4
jDgeRKyi,Mmoh M.,Khachanov K.,2,2,ou,25.50,over,ft,2.45,1
jDgeRKyi,Mmoh M.,Khachanov K.,2,2,ou,25.50,under,ft,1.47,1
jDgeRKyi,Mmoh M.,Khachanov K.,2,2,ou,26.50,over,ft,2.76,1
jDgeRKyi,Mmoh M.,Khachanov K.,2,2,ou,26.50,under,ft,1.38,1
jDgeRKyi,Mmoh M.,Khachanov K.,2,2,ou,27.50,over,ft,3.0,1
jDgeRKyi,Mmoh M.,Khachanov K.,2,2,ou,27.50,under,ft,1.33,1
jDgeRKyi,Mmoh M.,Khachanov K.,2,2,ou,28.50,over,ft,3.09,1
jDgeRKyi,Mmoh M.,Khachanov K.,2,2,ou,28.50,under,ft,1.31,1
jDgeRKyi,Mmoh M.,Khachanov K.,2,2,ou,29.50,over,ft,3.39,1
jDgeRKyi,Mmoh M.,Khachanov K.,2,2,ou,29.50,under,ft,1.25,1
jDgeRKyi,Mmoh M.,Khachanov K.,2,2,ou,30.50,over,ft,3.87,1
jDgeRKyi,Mmoh M.,Khachanov K.,2,2,ou,30.50,under,ft,1.2,1
jDgeRKyi,Mmoh M.,Khachanov K.,2,2,ou,31.50,over,ft,4.64,1
jDgeRKyi,Mmoh M.,Khachanov K.,2,2,ou,31.50,under,ft,1.14,1
jDgeRKyi,Mmoh M.,Khachanov K.,2,2,hc,1.50,home,ft,1.825,6
jDgeRKyi,Mmoh M.,Khachanov K.,2,2,hc,1.50,away,ft,1.908,6
jDgeRKyi,Mmoh M.,Khachanov K.,2,2,hc,-1.50,home,ft,5.592,5
jDgeRKyi,Mmoh M.,Khachanov K.,2,2,hc,-1.50,away,ft,1.128,5
jDgeRKyi,Mmoh M.,Khachanov K.,2,2,hc,1.00,home,ft,3.2,3
jDgeRKyi,Mmoh M.,Khachanov K.,2,2,hc,1.00,away,ft,1.34,3
jDgeRKyi,Mmoh M.,Khachanov K.,2,2,hc,1.50,home,ft,2.943,3
jDgeRKyi,Mmoh M.,Khachanov K.,2,2,hc,1.50,away,ft,1.39,3
jDgeRKyi,Mmoh M.,Khachanov K.,2,2,hc,2.00,home,ft,2.74,3
jDgeRKyi,Mmoh M.,Khachanov K.,2,2,hc,2.00,away,ft,1.44,3
jDgeRKyi,Mmoh M.,Khachanov K.,2,2,hc,2.50,home,ft,2.405,6
jDgeRKyi,Mmoh M.,Khachanov K.,2,2,hc,2.50,away,ft,1.543,6
jDgeRKyi,Mmoh M.,Khachanov K.,2,2,hc,3.00,home,ft,2.225,4
jDgeRKyi,Mmoh M.,Khachanov K.,2,2,hc,3.00,away,ft,1.65,4
jDgeRKyi,Mmoh M.,Khachanov K.,2,2,hc,3.50,home,ft,2.035,6
jDgeRKyi,Mmoh M.,Khachanov K.,2,2,hc,3.50,away,ft,1.8,6
jDgeRKyi,Mmoh M.,Khachanov K.,2,2,hc,4.00,home,ft,1.732,4
jDgeRKyi,Mmoh M.,Khachanov K.,2,2,hc,4.00,away,ft,2.098,4
jDgeRKyi,Mmoh M.,Khachanov K.,2,2,hc,4.50,home,ft,1.557,6
jDgeRKyi,Mmoh M.,Khachanov K.,2,2,hc,4.50,away,ft,2.375,6
jDgeRKyi,Mmoh M.,Khachanov K.,2,2,hc,5.00,home,ft,1.375,4
jDgeRKyi,Mmoh M.,Khachanov K.,2,2,hc,5.00,away,ft,3.065,4
jDgeRKyi,Mmoh M.,Khachanov K.,2,2,hc,5.50,home,ft,1.403,4
jDgeRKyi,Mmoh M.,Khachanov K.,2,2,hc,5.50,away,ft,3.095,4
jDgeRKyi,Mmoh M.,Khachanov K.,2,2,hc,6.00,home,ft,1.14,3
jDgeRKyi,Mmoh M.,Khachanov K.,2,2,hc,6.00,away,ft,5.413,3
jDgeRKyi,Mmoh M.,Khachanov K.,2,2,hc,6.50,home,ft,1.17,2
jDgeRKyi,Mmoh M.,Khachanov K.,2,2,hc,6.50,away,ft,4.55,2
jDgeRKyi,Mmoh M.,Khachanov K.,2,2,hc,7.00,home,ft,1.06,2
jDgeRKyi,Mmoh M.,Khachanov K.,2,2,hc,7.00,away,ft,7.4,2
Sjfhjv16,Muller A.,Giron M.,0,0,ou,2.50,over,ft,2.263,3
Sjfhjv16,Muller A.,Giron M.,0,0,ou,2.50,under,ft,1.597,3
Sjfhjv16,Muller A.,Giron M.,0,0,ou,16.50,under,ft,9.89,1
Sjfhjv16,Muller A.,Giron M.,0,0,ou,17.50,over,ft,1.05,1
Sjfhjv16,Muller A.,Giron M.,0,0,ou,17.50,under,ft,7.05,1
Sjfhjv16,Muller A.,Giron M.,0,0,ou,18.50,over,ft,1.15,2
Sjfhjv16,Muller A.,Giron M.,0,0,ou,18.50,under,ft,4.975,2
Sjfhjv16,Muller A.,Giron M.,0,0,ou,19.50,over,ft,1.27,1
Sjfhjv16,Muller A.,Giron M.,0,0,ou,19.50,under,ft,3.35,1
Sjfhjv16,Muller A.,Giron M.,0,0,ou,20.00,over,ft,1.278,4
Sjfhjv16,Muller A.,Giron M.,0,0,ou,20.00,under,ft,3.143,4
Sjfhjv16,Muller A.,Giron M.,0,0,ou,20.50,over,ft,1.404,5
Sjfhjv16,Muller A.,Giron M.,0,0,ou,20.50,under,ft,2.686,5
Sjfhjv16,Muller A.,Giron M.,0,0,ou,21.00,over,ft,1.435,4
Sjfhjv16,Muller A.,Giron M.,0,0,ou,21.00,under,ft,2.545,4
Sjfhjv16,Muller A.,Giron M.,0,0,ou,21.50,over,ft,1.544,8
Sjfhjv16,Muller A.,Giron M.,0,0,ou,21.50,under,ft,2.327,8
Sjfhjv16,Muller A.,Giron M.,0,0,ou,22.00,over,ft,1.65,5
Sjfhjv16,Muller A.,Giron M.,0,0,ou,22.00,under,ft,2.152,5
Sjfhjv16,Muller A.,Giron M.,0,0,ou,22.50,over,ft,1.808,8
Sjfhjv16,Muller A.,Giron M.,0,0,ou,22.50,under,ft,1.916,8
Sjfhjv16,Muller A.,Giron M.,0,0,ou,23.00,over,ft,1.923,6
Sjfhjv16,Muller A.,Giron M.,0,0,ou,23.00,under,ft,1.812,6
Sjfhjv16,Muller A.,Giron M.,0,0,ou,23.50,over,ft,2.002,8
Sjfhjv16,Muller A.,Giron M.,0,0,ou,23.50,under,ft,1.765,8
Sjfhjv16,Muller A.,Giron M.,0,0,ou,24.00,over,ft,2.068,5
Sjfhjv16,Muller A.,Giron M.,0,0,ou,24.00,under,ft,1.68,5
Sjfhjv16,Muller A.,Giron M.,0,0,ou,24.50,over,ft,2.064,7
Sjfhjv16,Muller A.,Giron M.,0,0,ou,24.50,under,ft,1.661,7
Sjfhjv16,Muller A.,Giron M.,0,0,ou,25.00,over,ft,2.147,4
Sjfhjv16,Muller A.,Giron M.,0,0,ou,25.00,under,ft,1.58,4
Sjfhjv16,Muller A.,Giron M.,0,0,ou,25.50,over,ft,2.15,3
Sjfhjv16,Muller A.,Giron M.,0,0,ou,25.50,under,ft,1.6,3
Sjfhjv16,Muller A.,Giron M.,0,0,ou,26.00,over,ft,2.27,2
Sjfhjv16,Muller A.,Giron M.,0,0,ou,26.00,under,ft,1.52,2
Sjfhjv16,Muller A.,Giron M.,0,0,ou,26.50,over,ft,2.533,3
Sjfhjv16,Muller A.,Giron M.,0,0,ou,26.50,under,ft,1.467,3
Sjfhjv16,Muller A.,Giron M.,0,0,ou,27.50,over,ft,2.65,1
Sjfhjv16,Muller A.,Giron M.,0,0,ou,27.50,under,ft,1.41,1
Sjfhjv16,Muller A.,Giron M.,0,0,ou,28.50,over,ft,2.97,1
Sjfhjv16,Muller A.,Giron M.,0,0,ou,28.50,under,ft,1.33,1
Sjfhjv16,Muller A.,Giron M.,0,0,ou,29.50,over,ft,3.09,1
Sjfhjv16,Muller A.,Giron M.,0,0,ou,29.50,under,ft,1.31,1
Sjfhjv16,Muller A.,Giron M.,0,0,ou,30.50,over,ft,3.34,1
Sjfhjv16,Muller A.,Giron M.,0,0,ou,30.50,under,ft,1.26,1
Sjfhjv16,Muller A.,Giron M.,0,0,ou,31.50,over,ft,3.97,1
Sjfhjv16,Muller A.,Giron M.,0,0,ou,31.50,under,ft,1.19,1
Sjfhjv16,Muller A.,Giron M.,0,0,ou,32.50,over,ft,4.98,1
Sjfhjv16,Muller A.,Giron M.,0,0,ou,32.50,under,ft,1.12,1
Sjfhjv16,Muller A.,Giron M.,0,0,ou,33.50,over,ft,5.94,1
Sjfhjv16,Muller A.,Giron M.,0,0,ou,33.50,under,ft,1.08,1
Sjfhjv16,Muller A.,Giron M.,0,0,ou,34.50,over,ft,6.9,1
Sjfhjv16,Muller A.,Giron M.,0,0,ou,34.50,under,ft,1.05,1
Sjfhjv16,Muller A.,Giron M.,0,0,ou,35.50,over,ft,8.94,1
Sjfhjv16,Muller A.,Giron M.,0,0,ou,35.50,under,ft,1.02,1
Sjfhjv16,Muller A.,Giron M.,0,0,hc,1.50,home,ft,1.405,6
Sjfhjv16,Muller A.,Giron M.,0,0,hc,1.50,away,ft,2.785,6
Sjfhjv16,Muller A.,Giron M.,0,0,hc,-1.50,home,ft,3.228,5
Sjfhjv16,Muller A.,Giron M.,0,0,hc,-1.50,away,ft,1.318,5
Sjfhjv16,Muller A.,Giron M.,0,0,hc,0,home,ft,1.98,4
Sjfhjv16,Muller A.,Giron M.,0,0,hc,0,away,ft,1.738,4
Sjfhjv16,Muller A.,Giron M.,0,0,hc,0.50,home,ft,1.928,6
Sjfhjv16,Muller A.,Giron M.,0,0,hc,0.50,away,ft,1.848,6
Sjfhjv16,Muller A.,Giron M.,0,0,hc,-0.50,home,ft,2.02,5
Sjfhjv16,Muller A.,Giron M.,0,0,hc,-0.50,away,ft,1.708,5
Sjfhjv16,Muller A.,Giron M.,0,0,hc,1.00,home,ft,1.84,4
Sjfhjv16,Muller A.,Giron M.,0,0,hc,1.00,away,ft,1.87,4
Sjfhjv16,Muller A.,Giron M.,0,0,hc,-1.00,home,ft,2.11,3
Sjfhjv16,Muller A.,Giron M.,0,0,hc,-1.00,away,ft,1.61,3
Sjfhjv16,Muller A.,Giron M.,0,0,hc,1.50,home,ft,1.762,5
Sjfhjv16,Muller A.,Giron M.,0,0,hc,1.50,away,ft,1.942,5
Sjfhjv16,Muller A.,Giron M.,0,0,hc,-1.50,home,ft,2.228,4
Sjfhjv16,Muller A.,Giron M.,0,0,hc,-1.50,away,ft,1.573,4
Sjfhjv16,Muller A.,Giron M.,0,0,hc,2.00,home,ft,1.672,4
Sjfhjv16,Muller A.,Giron M.,0,0,hc,2.00,away,ft,2.083,4
Sjfhjv16,Muller A.,Giron M.,0,0,hc,-2.00,home,ft,2.38,3
Sjfhjv16,Muller A.,Giron M.,0,0,hc,-2.00,away,ft,1.49,3
Sjfhjv16,Muller A.,Giron M.,0,0,hc,2.50,home,ft,1.574,5
Sjfhjv16,Muller A.,Giron M.,0,0,hc,2.50,away,ft,2.256,5
Sjfhjv16,Muller A.,Giron M.,0,0,hc,3.00,home,ft,1.492,4
Sjfhjv16,Muller A.,Giron M.,0,0,hc,3.00,away,ft,2.462,4
Sjfhjv16,Muller A.,Giron M.,0,0,hc,3.50,home,ft,1.41,4
Sjfhjv16,Muller A.,Giron M.,0,0,hc,3.50,away,ft,2.67,4
Sjfhjv16,Muller A.,Giron M.,0,0,hc,-3.50,home,ft,3.54,1
Sjfhjv16,Muller A.,Giron M.,0,0,hc,-3.50,away,ft,1.29,1
Sjfhjv16,Muller A.,Giron M.,0,0,hc,4.00,home,ft,1.27,3
Sjfhjv16,Muller A.,Giron M.,0,0,hc,4.00,away,ft,3.31,3
Sjfhjv16,Muller A.,Giron M.,0,0,hc,4.50,home,ft,1.26,2
Sjfhjv16,Muller A.,Giron M.,0,0,hc,4.50,away,ft,3.33,2
Sjfhjv16,Muller A.,Giron M.,0,0,hc,5.00,home,ft,1.16,2
Sjfhjv16,Muller A.,Giron M.,0,0,hc,5.00,away,ft,4.75,2
Sjfhjv16,Muller A.,Giron M.,0,0,hc,5.50,home,ft,1.13,1
Sjfhjv16,Muller A.,Giron M.,0,0,hc,5.50,away,ft,5.83,1
Y3sScvMb,Sonego L.,Shang J.,0,0,ou,2.50,over,ft,2.27,3
Y3sScvMb,Sonego L.,Shang J.,0,0,ou,2.50,under,ft,1.597,3
Y3sScvMb,Sonego L.,Shang J.,0,0,ou,16.50,under,ft,10.77,1
Y3sScvMb,Sonego L.,Shang J.,0,0,ou,17.50,over,ft,1.05,1
Y3sScvMb,Sonego L.,Shang J.,0,0,ou,17.50,under,ft,7.47,1
Y3sScvMb,Sonego L.,Shang J.,0,0,ou,18.50,over,ft,1.11,1
Y3sScvMb,Sonego L.,Shang J.,0,0,ou,18.50,under,ft,5.29,1
Y3sScvMb,Sonego L.,Shang J.,0,0,ou,19.50,over,ft,1.22,1
Y3sScvMb,Sonego L.,Shang J.,0,0,ou,19.50,under,ft,3.67,1
Y3sScvMb,Sonego L.,Shang J.,0,0,ou,20.00,over,ft,1.228,4
Y3sScvMb,Sonego L.,Shang J.,0,0,ou,20.00,under,ft,3.442,4
Y3sScvMb,Sonego L.,Shang J.,0,0,ou,20.50,over,ft,1.346,5
Y3sScvMb,Sonego L.,Shang J.,0,0,ou,20.50,under,ft,2.936,5
Y3sScvMb,Sonego L.,Shang J.,0,0,ou,21.00,over,ft,1.37,4
Y3sScvMb,Sonego L.,Shang J.,0,0,ou,21.00,under,ft,2.975,4
Y3sScvMb,Sonego L.,Shang J.,0,0,ou,21.50,over,ft,1.475,4
Y3sScvMb,Sonego L.,Shang J.,0,0,ou,21.50,under,ft,2.607,4
Y3sScvMb,Sonego L.,Shang J.,0,0,ou,22.00,over,ft,1.558,5
Y3sScvMb,Sonego L.,Shang J.,0,0,ou,22.00,under,ft,2.42,5
Y3sScvMb,Sonego L.,Shang J.,0,0,ou,22.50,over,ft,1.688,8
Y3sScvMb,Sonego L.,Shang J.,0,0,ou,22.50,under,ft,2.107,8
Y3sScvMb,Sonego L.,Shang J.,0,0,ou,23.00,over,ft,1.85,6
Y3sScvMb,Sonego L.,Shang J.,0,0,ou,23.00,under,ft,1.927,6
Y3sScvMb,Sonego L.,Shang J.,0,0,ou,23.50,over,ft,1.948,8
Y3sScvMb,Sonego L.,Shang J.,0,0,ou,23.50,under,ft,1.819,8
Y3sScvMb,Sonego L.,Shang J.,0,0,ou,24.00,over,ft,2.024,5
Y3sScvMb,Sonego L.,Shang J.,0,0,ou,24.00,under,ft,1.78,5
Y3sScvMb,Sonego L.,Shang J.,0,0,ou,24.50,over,ft,2.015,8
Y3sScvMb,Sonego L.,Shang J.,0,0,ou,24.50,under,ft,1.75,8
Y3sScvMb,Sonego L.,Shang J.,0,0,ou,25.00,over,ft,2.037,4
Y3sScvMb,Sonego L.,Shang J.,0,0,ou,25.00,under,ft,1.67,4
Y3sScvMb,Sonego L.,Shang J.,0,0,ou,25.50,over,ft,2.107,4
Y3sScvMb,Sonego L.,Shang J.,0,0,ou,25.50,under,ft,1.708,4
Y3sScvMb,Sonego L.,Shang J.,0,0,ou,26.00,over,ft,2.33,4
Y3sScvMb,Sonego L.,Shang J.,0,0,ou,26.00,under,ft,1.575,4
Y3sScvMb,Sonego L.,Shang J.,0,0,ou,26.50,over,ft,2.423,3
Y3sScvMb,Sonego L.,Shang J.,0,0,ou,26.50,under,ft,1.503,3
Y3sScvMb,Sonego L.,Shang J.,0,0,ou,27.50,over,ft,2.57,1
Y3sScvMb,Sonego L.,Shang J.,0,0,ou,27.50,under,ft,1.43,1
Y3sScvMb,Sonego L.,Shang J.,0,0,ou,28.50,over,ft,2.88,2
Y3sScvMb,Sonego L.,Shang J.,0,0,ou,28.50,under,ft,1.38,2
Y3sScvMb,Sonego L.,Shang J.,0,0,ou,29.50,over,ft,3.15,1
Y3sScvMb,Sonego L.,Shang J.,0,0,ou,29.50,under,ft,1.3,1
Y3sScvMb,Sonego L.,Shang J.,0,0,ou,30.50,over,ft,3.2,1
Y3sScvMb,Sonego L.,Shang J.,0,0,ou,30.50,under,ft,1.27,1
Y3sScvMb,Sonego L.,Shang J.,0,0,ou,31.50,over,ft,3.82,1
Y3sScvMb,Sonego L.,Shang J.,0,0,ou,31.50,under,ft,1.2,1
Y3sScvMb,Sonego L.,Shang J.,0,0,ou,32.50,over,ft,4.79,1
Y3sScvMb,Sonego L.,Shang J.,0,0,ou,32.50,under,ft,1.13,1
Y3sScvMb,Sonego L.,Shang J.,0,0,ou,33.50,over,ft,5.66,1
Y3sScvMb,Sonego L.,Shang J.,0,0,ou,33.50,under,ft,1.09,1
Y3sScvMb,Sonego L.,Shang J.,0,0,ou,34.50,over,ft,6.62,1
Y3sScvMb,Sonego L.,Shang J.,0,0,ou,34.50,under,ft,1.06,1
Y3sScvMb,Sonego L.,Shang J.,0,0,ou,35.50,over,ft,8.71,1
Y3sScvMb,Sonego L.,Shang J.,0,0,ou,35.50,under,ft,1.02,1
Y3sScvMb,Sonego L.,Shang J.,0,0,hc,1.50,home,ft,1.468,6
Y3sScvMb,Sonego L.,Shang J.,0,0,hc,1.50,away,ft,2.558,6
Y3sScvMb,Sonego L.,Shang J.,0,0,hc,-1.50,home,ft,3.646,5
Y3sScvMb,Sonego L.,Shang J.,0,0,hc,-1.50,away,ft,1.262,5
Y3sScvMb,Sonego L.,Shang J.,0,0,hc,0,home,ft,2.248,4
Y3sScvMb,Sonego L.,Shang J.,0,0,hc,0,away,ft,1.665,4
Y3sScvMb,Sonego L.,Shang J.,0,0,hc,0.50,home,ft,2.142,6
Y3sScvMb,Sonego L.,Shang J.,0,0,hc,0.50,away,ft,1.69,6
Y3sScvMb,Sonego L.,Shang J.,0,0,hc,-0.50,home,ft,2.248,5
Y3sScvMb,Sonego L.,Shang J.,0,0,hc,-0.50,away,ft,1.658,5
Y3sScvMb,Sonego L.,Shang J.,0,0,hc,1.00,home,ft,2.085,4
Y3sScvMb,Sonego L.,Shang J.,0,0,hc,1.00,away,ft,1.755,4
Y3sScvMb,Sonego L.,Shang J.,0,0,hc,-1.00,home,ft,2.56,3
Y3sScvMb,Sonego L.,Shang J.,0,0,hc,-1.00,away,ft,1.51,3
Y3sScvMb,Sonego L.,Shang J.,0,0,hc,1.50,home,ft,1.958,5
Y3sScvMb,Sonego L.,Shang J.,0,0,hc,1.50,away,ft,1.832,5
Y3sScvMb,Sonego L.,Shang J.,0,0,hc,-1.50,home,ft,2.427,3
Y3sScvMb,Sonego L.,Shang J.,0,0,hc,-1.50,away,ft,1.5,3
Y3sScvMb,Sonego L.,Shang J.,0,0,hc,2.00,home,ft,1.853,4
Y3sScvMb,Sonego L.,Shang J.,0,0,hc,2.00,away,ft,1.962,4
Y3sScvMb,Sonego L.,Shang J.,0,0,hc,-2.00,home,ft,2.43,2
Y3sScvMb,Sonego L.,Shang J.,0,0,hc,-2.00,away,ft,1.47,2
Y3sScvMb,Sonego L.,Shang J.,0,0,hc,2.50,home,ft,1.712,6
Y3sScvMb,Sonego L.,Shang J.,0,0,hc,2.50,away,ft,2.118,6
Y3sScvMb,Sonego L.,Shang J.,0,0,hc,-2.50,home,ft,2.34,2
Y3sScvMb,Sonego L.,Shang J.,0,0,hc,-2.50,away,ft,1.5,2
Y3sScvMb,Sonego L.,Shang J.,0,0,hc,3.00,home,ft,1.568,4
Y3sScvMb,Sonego L.,Shang J.,0,0,hc,3.00,away,ft,2.43,4
Y3sScvMb,Sonego L.,Shang J.,0,0,hc,-3.00,home,ft,2.73,2
Y3sScvMb,Sonego L.,Shang J.,0,0,hc,-3.00,away,ft,1.38,2
Y3sScvMb,Sonego L.,Shang J.,0,0,hc,3.50,home,ft,1.47,4
Y3sScvMb,Sonego L.,Shang J.,0,0,hc,3.50,away,ft,2.683,4
Y3sScvMb,Sonego L.,Shang J.,0,0,hc,-3.50,home,ft,4.07,1
Y3sScvMb,Sonego L.,Shang J.,0,0,hc,-3.50,away,ft,1.24,1
Y3sScvMb,Sonego L.,Shang J.,0,0,hc,4.00,home,ft,1.3,3
Y3sScvMb,Sonego L.,Shang J.,0,0,hc,4.00,away,ft,3.55,3
Y3sScvMb,Sonego L.,Shang J.,0,0,hc,4.50,home,ft,1.26,3
Y3sScvMb,Sonego L.,Shang J.,0,0,hc,4.50,away,ft,3.35,3
Y3sScvMb,Sonego L.,Shang J.,0,0,hc,5.00,home,ft,1.13,3
Y3sScvMb,Sonego L.,Shang J.,0,0,hc,5.00,away,ft,4.87,3
Y3sScvMb,Sonego L.,Shang J.,0,0,hc,5.50,home,ft,1.09,1
Y3sScvMb,Sonego L.,Shang J.,0,0,hc,5.50,away,ft,7.73,1
E95935QO,Rublev A.,Wu Y.,2,2,ou,2.50,over,ft,2.36,3
E95935QO,Rublev A.,Wu Y.,2,2,ou,2.50,under,ft,1.553,3
E95935QO,Rublev A.,Wu Y.,2,2,ou,16.50,under,ft,11.44,1
E95935QO,Rublev A.,Wu Y.,2,2,ou,17.50,over,ft,1.09,1
E95935QO,Rublev A.,Wu Y.,2,2,ou,17.50,under,ft,5.87,1
E95935QO,Rublev A.,Wu Y.,2,2,ou,18.50,over,ft,1.155,2
E95935QO,Rublev A.,Wu Y.,2,2,ou,18.50,under,ft,5.025,2
E95935QO,Rublev A.,Wu Y.,2,2,ou,19.50,over,ft,1.3,1
E95935QO,Rublev A.,Wu Y.,2,2,ou,19.50,under,ft,3.16,1
E95935QO,Rublev A.,Wu Y.,2,2,ou,20.00,over,ft,1.287,3
E95935QO,Rublev A.,Wu Y.,2,2,ou,20.00,under,ft,3.087,3
E95935QO,Rublev A.,Wu Y.,2,2,ou,20.50,over,ft,1.424,5
E95935QO,Rublev A.,Wu Y.,2,2,ou,20.50,under,ft,2.634,5
E95935QO,Rublev A.,Wu Y.,2,2,ou,21.00,over,ft,1.443,3
E95935QO,Rublev A.,Wu Y.,2,2,ou,21.00,under,ft,2.51,3
E95935QO,Rublev A.,Wu Y.,2,2,ou,21.50,over,ft,1.56,7
E95935QO,Rublev A.,Wu Y.,2,2,ou,21.50,under,ft,2.289,7
E95935QO,Rublev A.,Wu Y.,2,2,ou,22.00,over,ft,1.664,5
E95935QO,Rublev A.,Wu Y.,2,2,ou,22.00,under,ft,2.122,5
E95935QO,Rublev A.,Wu Y.,2,2,ou,22.50,over,ft,1.846,7
E95935QO,Rublev A.,Wu Y.,2,2,ou,22.50,under,ft,1.886,7
E95935QO,Rublev A.,Wu Y.,2,2,ou,23.00,over,ft,1.95,5
E95935QO,Rublev A.,Wu Y.,2,2,ou,23.00,under,ft,1.788,5
E95935QO,Rublev A.,Wu Y.,2,2,ou,23.50,over,ft,2.061,7
E95935QO,Rublev A.,Wu Y.,2,2,ou,23.50,under,ft,1.69,7
E95935QO,Rublev A.,Wu Y.,2,2,ou,24.00,over,ft,2.078,4
E95935QO,Rublev A.,Wu Y.,2,2,ou,24.00,under,ft,1.672,4
E95935QO,Rublev A.,Wu Y.,2,2,ou,24.50,over,ft,2.117,6
E95935QO,Rublev A.,Wu Y.,2,2,ou,24.50,under,ft,1.635,6
E95935QO,Rublev A.,Wu Y.,2,2,ou,25.00,over,ft,2.14,3
E95935QO,Rublev A.,Wu Y.,2,2,ou,25.00,under,ft,1.58,3
E95935QO,Rublev A.,Wu Y.,2,2,ou,25.50,over,ft,2.163,3
E95935QO,Rublev A.,Wu Y.,2,2,ou,25.50,under,ft,1.59,3
E95935QO,Rublev A.,Wu Y.,2,2,ou,26.00,over,ft,2.287,3
E95935QO,Rublev A.,Wu Y.,2,2,ou,26.00,under,ft,1.497,3
E95935QO,Rublev A.,Wu Y.,2,2,ou,26.50,over,ft,2.605,2
E95935QO,Rublev A.,Wu Y.,2,2,ou,26.50,under,ft,1.455,2
E95935QO,Rublev A.,Wu Y.,2,2,ou,27.50,over,ft,2.68,1
E95935QO,Rublev A.,Wu Y.,2,2,ou,27.50,under,ft,1.4,1
E95935QO,Rublev A.,Wu Y.,2,2,ou,28.50,over,ft,2.97,1
E95935QO,Rublev A.,Wu Y.,2,2,ou,28.50,under,ft,1.33,1
E95935QO,Rublev A.,Wu Y.,2,2,ou,29.50,over,ft,3.3,1
E95935QO,Rublev A.,Wu Y.,2,2,ou,29.50,under,ft,1.28,1
E95935QO,Rublev A.,Wu Y.,2,2,ou,30.50,over,ft,3.83,1
E95935QO,Rublev A.,Wu Y.,2,2,ou,30.50,under,ft,1.2,1
E95935QO,Rublev A.,Wu Y.,2,2,ou,31.50,over,ft,4.66,1
E95935QO,Rublev A.,Wu Y.,2,2,ou,31.50,under,ft,1.14,1
E95935QO,Rublev A.,Wu Y.,2,2,hc,1.50,home,ft,1.192,4
E95935QO,Rublev A.,Wu Y.,2,2,hc,1.50,away,ft,4.468,4
E95935QO,Rublev A.,Wu Y.,2,2,hc,-1.50,home,ft,2.264,5
E95935QO,Rublev A.,Wu Y.,2,2,hc,-1.50,away,ft,1.59,5
E95935QO,Rublev A.,Wu Y.,2,2,hc,0,home,ft,1.41,2
E95935QO,Rublev A.,Wu Y.,2,2,hc,0,away,ft,2.62,2
E95935QO,Rublev A.,Wu Y.,2,2,hc,-0.50,home,ft,1.47,2
E95935QO,Rublev A.,Wu Y.,2,2,hc,-0.50,away,ft,2.43,2
E95935QO,Rublev A.,Wu Y.,2,2,hc,1.00,home,ft,1.4,2
E95935QO,Rublev A.,Wu Y.,2,2,hc,1.00,away,ft,2.64,2
E95935QO,Rublev A.,Wu Y.,2,2,hc,-1.00,home,ft,1.56,3
E95935QO,Rublev A.,Wu Y.,2,2,hc,-1.00,away,ft,2.307,3
E95935QO,Rublev A.,Wu Y.,2,2,hc,1.50,home,ft,1.43,3
E95935QO,Rublev A.,Wu Y.,2,2,hc,1.50,away,ft,2.65,3
E95935QO,Rublev A.,Wu Y.,2,2,hc,-1.50,home,ft,1.602,5
E95935QO,Rublev A.,Wu Y.,2,2,hc,-1.50,away,ft,2.196,5
E95935QO,Rublev A.,Wu Y.,2,2,hc,-2.00,home,ft,1.687,3
E95935QO,Rublev A.,Wu Y.,2,2,hc,-2.00,away,ft,2.083,3
E95935QO,Rublev A.,Wu Y.,2,2,hc,-2.50,home,ft,1.792,4
E95935QO,Rublev A.,Wu Y.,2,2,hc,-2.50,away,ft,1.945,4
E95935QO,Rublev A.,Wu Y.,2,2,hc,-3.00,home,ft,1.99,3
E95935QO,Rublev A.,Wu Y.,2,2,hc,-3.00,away,ft,1.747,3
E95935QO,Rublev A.,Wu Y.,2,2,hc,3.50,home,ft,1.2,1
E95935QO,Rublev A.,Wu Y.,2,2,hc,3.50,away,ft,4.58,1
E95935QO,Rublev A.,Wu Y.,2,2,hc,-3.50,home,ft,2.148,5
E95935QO,Rublev A.,Wu Y.,2,2,hc,-3.50,away,ft,1.628,5
E95935QO,Rublev A.,Wu Y.,2,2,hc,-4.00,home,ft,2.62,2
E95935QO,Rublev A.,Wu Y.,2,2,hc,-4.00,away,ft,1.41,2
E95935QO,Rublev A.,Wu Y.,2,2,hc,-4.50,home,ft,2.94,2
E95935QO,Rublev A.,Wu Y.,2,2,hc,-4.50,away,ft,1.33,2
E95935QO,Rublev A.,Wu Y.,2,2,hc,-5.00,home,ft,4.13,2
E95935QO,Rublev A.,Wu Y.,2,2,hc,-5.00,away,ft,1.18,2
E95935QO,Rublev A.,Wu Y.,2,2,hc,-5.50,home,ft,5.72,1
E95935QO,Rublev A.,Wu Y.,2,2,hc,-5.50,away,ft,1.14,1
b1ZsK3UN,Wong C.,Diallo G.,2,2,ou,2.50,over,ft,2.37,2
b1ZsK3UN,Wong C.,Diallo G.,2,2,ou,2.50,under,ft,1.565,2
b1ZsK3UN,Wong C.,Diallo G.,2,2,ou,16.50,under,ft,13.72,1
b1ZsK3UN,Wong C.,Diallo G.,2,2,ou,17.50,over,ft,1.03,1
b1ZsK3UN,Wong C.,Diallo G.,2,2,ou,17.50,under,ft,7.74,1
b1ZsK3UN,Wong C.,Diallo G.,2,2,ou,18.50,over,ft,1.173,3
b1ZsK3UN,Wong C.,Diallo G.,2,2,ou,18.50,under,ft,4.19,3
b1ZsK3UN,Wong C.,Diallo G.,2,2,ou,19.50,over,ft,1.307,3
b1ZsK3UN,Wong C.,Diallo G.,2,2,ou,19.50,under,ft,3.083,3
b1ZsK3UN,Wong C.,Diallo G.,2,2,ou,20.00,over,ft,1.247,3
b1ZsK3UN,Wong C.,Diallo G.,2,2,ou,20.00,under,ft,3.33,3
b1ZsK3UN,Wong C.,Diallo G.,2,2,ou,20.50,over,ft,1.367,3
b1ZsK3UN,Wong C.,Diallo G.,2,2,ou,20.50,under,ft,2.777,3
b1ZsK3UN,Wong C.,Diallo G.,2,2,ou,21.00,over,ft,1.397,3
b1ZsK3UN,Wong C.,Diallo G.,2,2,ou,21.00,under,ft,2.67,3
b1ZsK3UN,Wong C.,Diallo G.,2,2,ou,21.50,over,ft,1.5,6
b1ZsK3UN,Wong C.,Diallo G.,2,2,ou,21.50,under,ft,2.4,6
b1ZsK3UN,Wong C.,Diallo G.,2,2,ou,22.00,over,ft,1.588,4
b1ZsK3UN,Wong C.,Diallo G.,2,2,ou,22.00,under,ft,2.283,4
b1ZsK3UN,Wong C.,Diallo G.,2,2,ou,22.50,over,ft,1.773,7
b1ZsK3UN,Wong C.,Diallo G.,2,2,ou,22.50,under,ft,1.976,7
b1ZsK3UN,Wong C.,Diallo G.,2,2,ou,23.00,over,ft,1.874,5
b1ZsK3UN,Wong C.,Diallo G.,2,2,ou,23.00,under,ft,1.866,5
b1ZsK3UN,Wong C.,Diallo G.,2,2,ou,23.50,over,ft,2.007,7
b1ZsK3UN,Wong C.,Diallo G.,2,2,ou,23.50,under,ft,1.727,7
b1ZsK3UN,Wong C.,Diallo G.,2,2,ou,24.00,over,ft,2.03,4
b1ZsK3UN,Wong C.,Diallo G.,2,2,ou,24.00,under,ft,1.72,4
b1ZsK3UN,Wong C.,Diallo G.,2,2,ou,24.50,over,ft,2.02,5
b1ZsK3UN,Wong C.,Diallo G.,2,2,ou,24.50,under,ft,1.676,5
b1ZsK3UN,Wong C.,Diallo G.,2,2,ou,25.00,over,ft,2.087,3
b1ZsK3UN,Wong C.,Diallo G.,2,2,ou,25.00,under,ft,1.61,3
b1ZsK3UN,Wong C.,Diallo G.,2,2,ou,25.50,over,ft,2.287,3
b1ZsK3UN,Wong C.,Diallo G.,2,2,ou,25.50,under,ft,1.533,3
b1ZsK3UN,Wong C.,Diallo G.,2,2,ou,26.50,over,ft,2.577,3
b1ZsK3UN,Wong C.,Diallo G.,2,2,ou,26.50,under,ft,1.423,3
b1ZsK3UN,Wong C.,Diallo G.,2,2,ou,27.50,over,ft,2.64,1
b1ZsK3UN,Wong C.,Diallo G.,2,2,ou,27.50,under,ft,1.41,1
b1ZsK3UN,Wong C.,Diallo G.,2,2,ou,28.50,over,ft,2.91,1
b1ZsK3UN,Wong C.,Diallo G.,2,2,ou,28.50,under,ft,1.35,1
b1ZsK3UN,Wong C.,Diallo G.,2,2,ou,29.50,over,ft,3.2,1
b1ZsK3UN,Wong C.,Diallo G.,2,2,ou,29.50,under,ft,1.29,1
b1ZsK3UN,Wong C.,Diallo G.,2,2,ou,30.50,over,ft,3.63,1
b1ZsK3UN,Wong C.,Diallo G.,2,2,ou,30.50,under,ft,1.22,1
b1ZsK3UN,Wong C.,Diallo G.,2,2,ou,31.50,over,ft,4.41,1
b1ZsK3UN,Wong C.,Diallo G.,2,2,ou,31.50,under,ft,1.15,1
b1ZsK3UN,Wong C.,Diallo G.,2,2,ou,32.50,over,ft,5.54,1
b1ZsK3UN,Wong C.,Diallo G.,2,2,ou,32.50,under,ft,1.1,1
b1ZsK3UN,Wong C.,Diallo G.,2,2,hc,1.50,home,ft,1.612,5
b1ZsK3UN,Wong C.,Diallo G.,2,2,hc,1.50,away,ft,2.218,5
b1ZsK3UN,Wong C.,Diallo G.,2,2,hc,-1.50,home,ft,4.598,4
b1ZsK3UN,Wong C.,Diallo G.,2,2,hc,-1.50,away,ft,1.182,4
b1ZsK3UN,Wong C.,Diallo G.,2,2,hc,0,home,ft,2.62,2
b1ZsK3UN,Wong C.,Diallo G.,2,2,hc,0,away,ft,1.44,2
b1ZsK3UN,Wong C.,Diallo G.,2,2,hc,0.50,home,ft,2.45,2
b1ZsK3UN,Wong C.,Diallo G.,2,2,hc,0.50,away,ft,1.5,2
b1ZsK3UN,Wong C.,Diallo G.,2,2,hc,1.00,home,ft,2.36,2
b1ZsK3UN,Wong C.,Diallo G.,2,2,hc,1.00,away,ft,1.53,2
b1ZsK3UN,Wong C.,Diallo G.,2,2,hc,1.50,home,ft,2.296,5
b1ZsK3UN,Wong C.,Diallo G.,2,2,hc,1.50,away,ft,1.58,5
b1ZsK3UN,Wong C.,Diallo G.,2,2,hc,2.00,home,ft,2.127,3
b1ZsK3UN,Wong C.,Diallo G.,2,2,hc,2.00,away,ft,1.69,3
b1ZsK3UN,Wong C.,Diallo G.,2,2,hc,2.50,home,ft,2.104,5
b1ZsK3UN,Wong C.,Diallo G.,2,2,hc,2.50,away,ft,1.72,5
b1ZsK3UN,Wong C.,Diallo G.,2,2,hc,3.00,home,ft,1.747,3
b1ZsK3UN,Wong C.,Diallo G.,2,2,hc,3.00,away,ft,2.043,3
b1ZsK3UN,Wong C.,Diallo G.,2,2,hc,3.50,home,ft,1.59,5
b1ZsK3UN,Wong C.,Diallo G.,2,2,hc,3.50,away,ft,2.288,5
b1ZsK3UN,Wong C.,Diallo G.,2,2,hc,4.00,home,ft,1.42,3
b1ZsK3UN,Wong C.,Diallo G.,2,2,hc,4.00,away,ft,2.8,3
b1ZsK3UN,Wong C.,Diallo G.,2,2,hc,4.50,home,ft,1.447,3
b1ZsK3UN,Wong C.,Diallo G.,2,2,hc,4.50,away,ft,2.8,3
b1ZsK3UN,Wong C.,Diallo G.,2,2,hc,5.00,home,ft,1.16,2
b1ZsK3UN,Wong C.,Diallo G.,2,2,hc,5.00,away,ft,4.65,2
b1ZsK3UN,Wong C.,Diallo G.,2,2,hc,5.50,home,ft,1.18,2
b1ZsK3UN,Wong C.,Diallo G.,2,2,hc,5.50,away,ft,4.4,2
b1ZsK3UN,Wong C.,Diallo G.,2,2,hc,6.00,home,ft,1.08,2
b1ZsK3UN,Wong C.,Diallo G.,2,2,hc,6.00,away,ft,6.8,2
EcDjWGq4,Cilic M.,Borges N.,0,0,ou,2.50,over,ft,2.25,3
EcDjWGq4,Cilic M.,Borges N.,0,0,ou,2.50,under,ft,1.603,3
EcDjWGq4,Cilic M.,Borges N.,0,0,ou,16.50,under,ft,15.49,1
EcDjWGq4,Cilic M.,Borges N.,0,0,ou,17.50,over,ft,1.02,1
EcDjWGq4,Cilic M.,Borges N.,0,0,ou,17.50,under,ft,8.53,1
EcDjWGq4,Cilic M.,Borges N.,0,0,ou,18.50,over,ft,1.11,1
EcDjWGq4,Cilic M.,Borges N.,0,0,ou,18.50,under,ft,5.18,1
EcDjWGq4,Cilic M.,Borges N.,0,0,ou,19.50,over,ft,1.21,1
EcDjWGq4,Cilic M.,Borges N.,0,0,ou,19.50,under,ft,3.79,1
EcDjWGq4,Cilic M.,Borges N.,0,0,ou,20.50,over,ft,1.31,2
EcDjWGq4,Cilic M.,Borges N.,0,0,ou,20.50,under,ft,3.24,2
EcDjWGq4,Cilic M.,Borges N.,0,0,ou,21.00,over,ft,1.25,3
EcDjWGq4,Cilic M.,Borges N.,0,0,ou,21.00,under,ft,3.303,3
EcDjWGq4,Cilic M.,Borges N.,0,0,ou,21.50,over,ft,1.357,3
EcDjWGq4,Cilic M.,Borges N.,0,0,ou,21.50,under,ft,2.833,3
EcDjWGq4,Cilic M.,Borges N.,0,0,ou,22.00,over,ft,1.413,3
EcDjWGq4,Cilic M.,Borges N.,0,0,ou,22.00,under,ft,2.613,3
EcDjWGq4,Cilic M.,Borges N.,0,0,ou,22.50,over,ft,1.62,7
EcDjWGq4,Cilic M.,Borges N.,0,0,ou,22.50,under,ft,2.15,7
EcDjWGq4,Cilic M.,Borges N.,0,0,ou,23.00,over,ft,1.744,5
EcDjWGq4,Cilic M.,Borges N.,0,0,ou,23.00,under,ft,2.004,5
EcDjWGq4,Cilic M.,Borges N.,0,0,ou,23.50,over,ft,1.924,7
EcDjWGq4,Cilic M.,Borges N.,0,0,ou,23.50,under,ft,1.82,7
EcDjWGq4,Cilic M.,Borges N.,0,0,ou,24.00,over,ft,1.928,5
EcDjWGq4,Cilic M.,Borges N.,0,0,ou,24.00,under,ft,1.808,5
EcDjWGq4,Cilic M.,Borges N.,0,0,ou,24.50,over,ft,1.977,7
EcDjWGq4,Cilic M.,Borges N.,0,0,ou,24.50,under,ft,1.751,7
EcDjWGq4,Cilic M.,Borges N.,0,0,ou,25.00,over,ft,1.982,4
EcDjWGq4,Cilic M.,Borges N.,0,0,ou,25.00,under,ft,1.75,4
EcDjWGq4,Cilic M.,Borges N.,0,0,ou,25.50,over,ft,2.042,4
EcDjWGq4,Cilic M.,Borges N.,0,0,ou,25.50,under,ft,1.698,4
EcDjWGq4,Cilic M.,Borges N.,0,0,ou,26.00,over,ft,2.243,4
EcDjWGq4,Cilic M.,Borges N.,0,0,ou,26.00,under,ft,1.567,4
EcDjWGq4,Cilic M.,Borges N.,0,0,ou,26.50,over,ft,2.373,3
EcDjWGq4,Cilic M.,Borges N.,0,0,ou,26.50,under,ft,1.52,3
EcDjWGq4,Cilic M.,Borges N.,0,0,ou,27.50,over,ft,2.48,1
EcDjWGq4,Cilic M.,Borges N.,0,0,ou,27.50,under,ft,1.46,1
EcDjWGq4,Cilic M.,Borges N.,0,0,ou,28.50,over,ft,2.75,2
EcDjWGq4,Cilic M.,Borges N.,0,0,ou,28.50,under,ft,1.41,2
EcDjWGq4,Cilic M.,Borges N.,0,0,ou,29.50,over,ft,3.04,1
EcDjWGq4,Cilic M.,Borges N.,0,0,ou,29.50,under,ft,1.32,1
EcDjWGq4,Cilic M.,Borges N.,0,0,ou,30.50,over,ft,3.41,1
EcDjWGq4,Cilic M.,Borges N.,0,0,ou,30.50,under,ft,1.25,1
EcDjWGq4,Cilic M.,Borges N.,0,0,ou,31.50,over,ft,4.07,1
EcDjWGq4,Cilic M.,Borges N.,0,0,ou,31.50,under,ft,1.18,1
EcDjWGq4,Cilic M.,Borges N.,0,0,ou,32.50,over,ft,5.18,1
EcDjWGq4,Cilic M.,Borges N.,0,0,ou,32.50,under,ft,1.11,1
EcDjWGq4,Cilic M.,Borges N.,0,0,hc,1.50,home,ft,1.37,5
EcDjWGq4,Cilic M.,Borges N.,0,0,hc,1.50,away,ft,2.958,5
EcDjWGq4,Cilic M.,Borges N.,0,0,hc,-1.50,home,ft,2.992,4
EcDjWGq4,Cilic M.,Borges N.,0,0,hc,-1.50,away,ft,1.36,4
EcDjWGq4,Cilic M.,Borges N.,0,0,hc,0,home,ft,1.86,3
EcDjWGq4,Cilic M.,Borges N.,0,0,hc,0,away,ft,1.86,3
EcDjWGq4,Cilic M.,Borges N.,0,0,hc,0.50,home,ft,1.824,5
EcDjWGq4,Cilic M.,Borges N.,0,0,hc,0.50,away,ft,1.918,5
EcDjWGq4,Cilic M.,Borges N.,0,0,hc,-0.50,home,ft,1.935,4
EcDjWGq4,Cilic M.,Borges N.,0,0,hc,-0.50,away,ft,1.785,4
EcDjWGq4,Cilic M.,Borges N.,0,0,hc,1.00,home,ft,1.713,3
EcDjWGq4,Cilic M.,Borges N.,0,0,hc,1.00,away,ft,2.03,3
EcDjWGq4,Cilic M.,Borges N.,0,0,hc,-1.00,home,ft,2.043,3
EcDjWGq4,Cilic M.,Borges N.,0,0,hc,-1.00,away,ft,1.703,3
EcDjWGq4,Cilic M.,Borges N.,0,0,hc,1.50,home,ft,1.652,4
EcDjWGq4,Cilic M.,Borges N.,0,0,hc,1.50,away,ft,2.1,4
EcDjWGq4,Cilic M.,Borges N.,0,0,hc,-1.50,home,ft,2.107,4
EcDjWGq4,Cilic M.,Borges N.,0,0,hc,-1.50,away,ft,1.65,4
EcDjWGq4,Cilic M.,Borges N.,0,0,hc,2.00,home,ft,1.515,2
EcDjWGq4,Cilic M.,Borges N.,0,0,hc,2.00,away,ft,2.31,2
EcDjWGq4,Cilic M.,Borges N.,0,0,hc,-2.00,home,ft,2.36,2
EcDjWGq4,Cilic M.,Borges N.,0,0,hc,-2.00,away,ft,1.495,2
EcDjWGq4,Cilic M.,Borges N.,0,0,hc,2.50,home,ft,1.457,3
EcDjWGq4,Cilic M.,Borges N.,0,0,hc,2.50,away,ft,2.493,3
EcDjWGq4,Cilic M.,Borges N.,0,0,hc,-2.50,home,ft,2.38,2
EcDjWGq4,Cilic M.,Borges N.,0,0,hc,-2.50,away,ft,1.49,2
EcDjWGq4,Cilic M.,Borges N.,0,0,hc,3.00,home,ft,1.3,2
EcDjWGq4,Cilic M.,Borges N.,0,0,hc,3.00,away,ft,3.09,2
EcDjWGq4,Cilic M.,Borges N.,0,0,hc,-3.00,home,ft,2.81,2
EcDjWGq4,Cilic M.,Borges N.,0,0,hc,-3.00,away,ft,1.36,2
EcDjWGq4,Cilic M.,Borges N.,0,0,hc,3.50,home,ft,1.34,3
EcDjWGq4,Cilic M.,Borges N.,0,0,hc,3.50,away,ft,3.037,3
EcDjWGq4,Cilic M.,Borges N.,0,0,hc,-3.50,home,ft,3.45,1
EcDjWGq4,Cilic M.,Borges N.,0,0,hc,-3.50,away,ft,1.3,1
EcDjWGq4,Cilic M.,Borges N.,0,0,hc,4.00,home,ft,1.22,2
EcDjWGq4,Cilic M.,Borges N.,0,0,hc,4.00,away,ft,3.66,2
EcDjWGq4,Cilic M.,Borges N.,0,0,hc,-5.50,home,ft,10.08,1
EcDjWGq4,Cilic M.,Borges N.,0,0,hc,-5.50,away,ft,1.06,1
48icTXme,Musetti L.,Etcheverry T. M.,2,2,ou,2.50,over,ft,2.477,3
48icTXme,Musetti L.,Etcheverry T. M.,2,2,ou,2.50,under,ft,1.5,3
48icTXme,Musetti L.,Etcheverry T. M.,2,2,ou,16.50,over,ft,1.02,1
48icTXme,Musetti L.,Etcheverry T. M.,2,2,ou,16.50,under,ft,9.24,1
48icTXme,Musetti L.,Etcheverry T. M.,2,2,ou,17.50,over,ft,1.12,1
48icTXme,Musetti L.,Etcheverry T. M.,2,2,ou,17.50,under,ft,5.06,1
48icTXme,Musetti L.,Etcheverry T. M.,2,2,ou,18.50,over,ft,1.195,4
48icTXme,Musetti L.,Etcheverry T. M.,2,2,ou,18.50,under,ft,4.165,4
48icTXme,Musetti L.,Etcheverry T. M.,2,2,ou,19.50,over,ft,1.337,3
48icTXme,Musetti L.,Etcheverry T. M.,2,2,ou,19.50,under,ft,2.923,3
48icTXme,Musetti L.,Etcheverry T. M.,2,2,ou,20.00,over,ft,1.447,3
48icTXme,Musetti L.,Etcheverry T. M.,2,2,ou,20.00,under,ft,2.66,3
48icTXme,Musetti L.,Etcheverry T. M.,2,2,ou,20.50,over,ft,1.554,5
48icTXme,Musetti L.,Etcheverry T. M.,2,2,ou,20.50,under,ft,2.38,5
48icTXme,Musetti L.,Etcheverry T. M.,2,2,ou,21.00,over,ft,1.63,3
48icTXme,Musetti L.,Etcheverry T. M.,2,2,ou,21.00,under,ft,2.213,3
48icTXme,Musetti L.,Etcheverry T. M.,2,2,ou,21.50,over,ft,1.711,7
48icTXme,Musetti L.,Etcheverry T. M.,2,2,ou,21.50,under,ft,2.071,7
48icTXme,Musetti L.,Etcheverry T. M.,2,2,ou,22.00,over,ft,1.834,5
48icTXme,Musetti L.,Etcheverry T. M.,2,2,ou,22.00,under,ft,1.94,5
48icTXme,Musetti L.,Etcheverry T. M.,2,2,ou,22.50,over,ft,1.957,7
48icTXme,Musetti L.,Etcheverry T. M.,2,2,ou,22.50,under,ft,1.807,7
48icTXme,Musetti L.,Etcheverry T. M.,2,2,ou,23.00,over,ft,2.155,4
48icTXme,Musetti L.,Etcheverry T. M.,2,2,ou,23.00,under,ft,1.685,4
48icTXme,Musetti L.,Etcheverry T. M.,2,2,ou,23.50,over,ft,2.226,7
48icTXme,Musetti L.,Etcheverry T. M.,2,2,ou,23.50,under,ft,1.617,7
48icTXme,Musetti L.,Etcheverry T. M.,2,2,ou,24.00,over,ft,2.32,3
48icTXme,Musetti L.,Etcheverry T. M.,2,2,ou,24.00,under,ft,1.577,3
48icTXme,Musetti L.,Etcheverry T. M.,2,2,ou,24.50,over,ft,2.243,6
48icTXme,Musetti L.,Etcheverry T. M.,2,2,ou,24.50,under,ft,1.567,6
48icTXme,Musetti L.,Etcheverry T. M.,2,2,ou,25.00,over,ft,2.31,3
48icTXme,Musetti L.,Etcheverry T. M.,2,2,ou,25.00,under,ft,1.493,3
48icTXme,Musetti L.,Etcheverry T. M.,2,2,ou,25.50,over,ft,2.36,3
48icTXme,Musetti L.,Etcheverry T. M.,2,2,ou,25.50,under,ft,1.5,3
48icTXme,Musetti L.,Etcheverry T. M.,2,2,ou,26.50,over,ft,2.678,4
48icTXme,Musetti L.,Etcheverry T. M.,2,2,ou,26.50,under,ft,1.412,4
48icTXme,Musetti L.,Etcheverry T. M.,2,2,ou,27.50,over,ft,2.97,1
48icTXme,Musetti L.,Etcheverry T. M.,2,2,ou,27.50,under,ft,1.33,1
48icTXme,Musetti L.,Etcheverry T. M.,2,2,ou,28.50,over,ft,3.1,1
48icTXme,Musetti L.,Etcheverry T. M.,2,2,ou,28.50,under,ft,1.3,1
48icTXme,Musetti L.,Etcheverry T. M.,2,2,ou,29.50,over,ft,3.44,1
48icTXme,Musetti L.,Etcheverry T. M.,2,2,ou,29.50,under,ft,1.24,1
48icTXme,Musetti L.,Etcheverry T. M.,2,2,ou,30.50,over,ft,3.92,1
48icTXme,Musetti L.,Etcheverry T. M.,2,2,ou,30.50,under,ft,1.19,1
48icTXme,Musetti L.,Etcheverry T. M.,2,2,ou,31.50,over,ft,4.75,1
48icTXme,Musetti L.,Etcheverry T. M.,2,2,ou,31.50,under,ft,1.13,1
48icTXme,Musetti L.,Etcheverry T. M.,2,2,hc,1.50,home,ft,1.12,4
48icTXme,Musetti L.,Etcheverry T. M.,2,2,hc,1.50,away,ft,5.853,4
48icTXme,Musetti L.,Etcheverry T. M.,2,2,hc,-1.50,home,ft,1.932,5
48icTXme,Musetti L.,Etcheverry T. M.,2,2,hc,-1.50,away,ft,1.81,5
48icTXme,Musetti L.,Etcheverry T. M.,2,2,hc,-1.00,home,ft,1.33,2
48icTXme,Musetti L.,Etcheverry T. M.,2,2,hc,-1.00,away,ft,3.33,2
48icTXme,Musetti L.,Etcheverry T. M.,2,2,hc,1.50,home,ft,1.23,1
48icTXme,Musetti L.,Etcheverry T. M.,2,2,hc,1.50,away,ft,4.18,1
48icTXme,Musetti L.,Etcheverry T. M.,2,2,hc,-1.50,home,ft,1.39,3
48icTXme,Musetti L.,Etcheverry T. M.,2,2,hc,-1.50,away,ft,3.017,3
48icTXme,Musetti L.,Etcheverry T. M.,2,2,hc,-2.00,home,ft,1.43,2
48icTXme,Musetti L.,Etcheverry T. M.,2,2,hc,-2.00,away,ft,2.83,2
48icTXme,Musetti L.,Etcheverry T. M.,2,2,hc,-2.50,home,ft,1.544,5
48icTXme,Musetti L.,Etcheverry T. M.,2,2,hc,-2.50,away,ft,2.43,5
48icTXme,Musetti L.,Etcheverry T. M.,2,2,hc,-3.00,home,ft,1.633,3
48icTXme,Musetti L.,Etcheverry T. M.,2,2,hc,-3.00,away,ft,2.293,3
48icTXme,Musetti L.,Etcheverry T. M.,2,2,hc,-3.50,home,ft,1.853,4
48icTXme,Musetti L.,Etcheverry T. M.,2,2,hc,-3.50,away,ft,1.93,4
48icTXme,Musetti L.,Etcheverry T. M.,2,2,hc,-4.00,home,ft,2.073,3
48icTXme,Musetti L.,Etcheverry T. M.,2,2,hc,-4.00,away,ft,1.77,3
48icTXme,Musetti L.,Etcheverry T. M.,2,2,hc,-4.50,home,ft,2.388,5
48icTXme,Musetti L.,Etcheverry T. M.,2,2,hc,-4.50,away,ft,1.56,5
48icTXme,Musetti L.,Etcheverry T. M.,2,2,hc,-5.00,home,ft,2.98,2
48icTXme,Musetti L.,Etcheverry T. M.,2,2,hc,-5.00,away,ft,1.4,2
48icTXme,Musetti L.,Etcheverry T. M.,2,2,hc,-5.50,home,ft,3.61,3
48icTXme,Musetti L.,Etcheverry T. M.,2,2,hc,-5.50,away,ft,1.293,3
48icTXme,Musetti L.,Etcheverry T. M.,2,2,hc,-6.00,home,ft,5.37,2
48icTXme,Musetti L.,Etcheverry T. M.,2,2,hc,-6.00,away,ft,1.15,2
48icTXme,Musetti L.,Etcheverry T. M.,2,2,hc,-7.50,home,ft,14.49,1
48icTXme,Musetti L.,Etcheverry T. M.,2,2,hc,-7.50,away,ft,1.04,1
xQkPE4gt,Shang J.,Comesana F.,2,2,ou,2.50,over,ft,2.41,3
xQkPE4gt,Shang J.,Comesana F.,2,2,ou,2.50,under,ft,1.537,3
xQkPE4gt,Shang J.,Comesana F.,2,2,ou,16.50,under,ft,9.63,1
xQkPE4gt,Shang J.,Comesana F.,2,2,ou,17.50,over,ft,1.06,1
xQkPE4gt,Shang J.,Comesana F.,2,2,ou,17.50,under,ft,6.09,1
xQkPE4gt,Shang J.,Comesana F.,2,2,ou,18.50,over,ft,1.18,1
xQkPE4gt,Shang J.,Comesana F.,2,2,ou,18.50,under,ft,4.19,1
xQkPE4gt,Shang J.,Comesana F.,2,2,ou,19.50,over,ft,1.24,3
xQkPE4gt,Shang J.,Comesana F.,2,2,ou,19.50,under,ft,3.523,3
xQkPE4gt,Shang J.,Comesana F.,2,2,ou,20.00,over,ft,1.303,3
xQkPE4gt,Shang J.,Comesana F.,2,2,ou,20.00,under,ft,2.993,3
xQkPE4gt,Shang J.,Comesana F.,2,2,ou,20.50,over,ft,1.442,4
xQkPE4gt,Shang J.,Comesana F.,2,2,ou,20.50,under,ft,2.522,4
xQkPE4gt,Shang J.,Comesana F.,2,2,ou,21.00,over,ft,1.48,3
xQkPE4gt,Shang J.,Comesana F.,2,2,ou,21.00,under,ft,2.403,3
xQkPE4gt,Shang J.,Comesana F.,2,2,ou,21.50,over,ft,1.596,7
xQkPE4gt,Shang J.,Comesana F.,2,2,ou,21.50,under,ft,2.22,7
xQkPE4gt,Shang J.,Comesana F.,2,2,ou,22.00,over,ft,1.724,5
xQkPE4gt,Shang J.,Comesana F.,2,2,ou,22.00,under,ft,2.034,5
xQkPE4gt,Shang J.,Comesana F.,2,2,ou,22.50,over,ft,1.873,7
xQkPE4gt,Shang J.,Comesana F.,2,2,ou,22.50,under,ft,1.887,7
xQkPE4gt,Shang J.,Comesana F.,2,2,ou,23.00,over,ft,2.04,5
xQkPE4gt,Shang J.,Comesana F.,2,2,ou,23.00,under,ft,1.722,5
xQkPE4gt,Shang J.,Comesana F.,2,2,ou,23.50,over,ft,2.124,7
xQkPE4gt,Shang J.,Comesana F.,2,2,ou,23.50,under,ft,1.649,7
xQkPE4gt,Shang J.,Comesana F.,2,2,ou,24.00,over,ft,2.163,3
xQkPE4gt,Shang J.,Comesana F.,2,2,ou,24.00,under,ft,1.597,3
xQkPE4gt,Shang J.,Comesana F.,2,2,ou,24.50,over,ft,2.134,5
xQkPE4gt,Shang J.,Comesana F.,2,2,ou,24.50,under,ft,1.598,5
xQkPE4gt,Shang J.,Comesana F.,2,2,ou,25.00,over,ft,2.27,3
xQkPE4gt,Shang J.,Comesana F.,2,2,ou,25.00,under,ft,1.513,3
xQkPE4gt,Shang J.,Comesana F.,2,2,ou,25.50,over,ft,2.527,3
xQkPE4gt,Shang J.,Comesana F.,2,2,ou,25.50,under,ft,1.443,3
xQkPE4gt,Shang J.,Comesana F.,2,2,ou,26.50,over,ft,3.007,3
xQkPE4gt,Shang J.,Comesana F.,2,2,ou,26.50,under,ft,1.33,3
xQkPE4gt,Shang J.,Comesana F.,2,2,ou,27.50,over,ft,3.27,3
xQkPE4gt,Shang J.,Comesana F.,2,2,ou,27.50,under,ft,1.283,3
xQkPE4gt,Shang J.,Comesana F.,2,2,ou,28.50,over,ft,3.07,1
xQkPE4gt,Shang J.,Comesana F.,2,2,ou,28.50,under,ft,1.31,1
xQkPE4gt,Shang J.,Comesana F.,2,2,ou,29.50,over,ft,3.3,1
xQkPE4gt,Shang J.,Comesana F.,2,2,ou,29.50,under,ft,1.27,1
xQkPE4gt,Shang J.,Comesana F.,2,2,ou,30.50,over,ft,3.68,1
xQkPE4gt,Shang J.,Comesana F.,2,2,ou,30.50,under,ft,1.22,1
xQkPE4gt,Shang J.,Comesana F.,2,2,ou,31.50,over,ft,4.4,1
xQkPE4gt,Shang J.,Comesana F.,2,2,ou,31.50,under,ft,1.16,1
xQkPE4gt,Shang J.,Comesana F.,2,2,ou,32.50,over,ft,5.56,1
xQkPE4gt,Shang J.,Comesana F.,2,2,ou,32.50,under,ft,1.1,1
xQkPE4gt,Shang J.,Comesana F.,2,2,hc,1.50,home,ft,1.205,4
xQkPE4gt,Shang J.,Comesana F.,2,2,hc,1.50,away,ft,4.265,4
xQkPE4gt,Shang J.,Comesana F.,2,2,hc,-1.50,home,ft,2.188,5
xQkPE4gt,Shang J.,Comesana F.,2,2,hc,-1.50,away,ft,1.628,5
xQkPE4gt,Shang J.,Comesana F.,2,2,hc,0,home,ft,1.44,2
xQkPE4gt,Shang J.,Comesana F.,2,2,hc,0,away,ft,2.62,2
xQkPE4gt,Shang J.,Comesana F.,2,2,hc,-0.50,home,ft,1.49,2
xQkPE4gt,Shang J.,Comesana F.,2,2,hc,-0.50,away,ft,2.47,2
xQkPE4gt,Shang J.,Comesana F.,2,2,hc,1.00,home,ft,1.35,2
xQkPE4gt,Shang J.,Comesana F.,2,2,hc,1.00,away,ft,2.82,2
xQkPE4gt,Shang J.,Comesana F.,2,2,hc,-1.00,home,ft,1.53,2
xQkPE4gt,Shang J.,Comesana F.,2,2,hc,-1.00,away,ft,2.38,2
xQkPE4gt,Shang J.,Comesana F.,2,2,hc,-1.50,home,ft,1.618,5
xQkPE4gt,Shang J.,Comesana F.,2,2,hc,-1.50,away,ft,2.214,5
xQkPE4gt,Shang J.,Comesana F.,2,2,hc,-2.00,home,ft,1.687,3
xQkPE4gt,Shang J.,Comesana F.,2,2,hc,-2.00,away,ft,2.123,3
xQkPE4gt,Shang J.,Comesana F.,2,2,hc,-2.50,home,ft,1.822,5
xQkPE4gt,Shang J.,Comesana F.,2,2,hc,-2.50,away,ft,1.962,5
xQkPE4gt,Shang J.,Comesana F.,2,2,hc,-3.00,home,ft,1.967,3
xQkPE4gt,Shang J.,Comesana F.,2,2,hc,-3.00,away,ft,1.81,3
xQkPE4gt,Shang J.,Comesana F.,2,2,hc,-3.50,home,ft,2.158,5
xQkPE4gt,Shang J.,Comesana F.,2,2,hc,-3.50,away,ft,1.65,5
xQkPE4gt,Shang J.,Comesana F.,2,2,hc,-4.00,home,ft,2.77,3
xQkPE4gt,Shang J.,Comesana F.,2,2,hc,-4.00,away,ft,1.423,3
xQkPE4gt,Shang J.,Comesana F.,2,2,hc,-4.50,home,ft,2.82,3
xQkPE4gt,Shang J.,Comesana F.,2,2,hc,-4.50,away,ft,1.39,3
xQkPE4gt,Shang J.,Comesana F.,2,2,hc,-5.00,home,ft,4.25,2
xQkPE4gt,Shang J.,Comesana F.,2,2,hc,-5.00,away,ft,1.19,2
xQkPE4gt,Shang J.,Comesana F.,2,2,hc,-5.50,home,ft,3.98,2
xQkPE4gt,Shang J.,Comesana F.,2,2,hc,-5.50,away,ft,1.19,2
xQkPE4gt,Shang J.,Comesana F.,2,2,hc,-6.00,home,ft,6.0,2
xQkPE4gt,Shang J.,Comesana F.,2,2,hc,-6.00,away,ft,1.08,2
U9enFI95,Djere L.,Giron M.,0,0,ou,2.50,over,ft,2.293,3
U9enFI95,Djere L.,Giron M.,0,0,ou,2.50,under,ft,1.583,3
U9enFI95,Djere L.,Giron M.,0,0,ou,16.50,under,ft,10.36,1
U9enFI95,Djere L.,Giron M.,0,0,ou,17.50,over,ft,1.05,1
U9enFI95,Djere L.,Giron M.,0,0,ou,17.50,under,ft,6.4,1
U9enFI95,Djere L.,Giron M.,0,0,ou,18.50,over,ft,1.16,1
U9enFI95,Djere L.,Giron M.,0,0,ou,18.50,under,ft,4.42,1
U9enFI95,Djere L.,Giron M.,0,0,ou,19.50,over,ft,1.29,1
U9enFI95,Djere L.,Giron M.,0,0,ou,19.50,under,ft,3.23,1
U9enFI95,Djere L.,Giron M.,0,0,ou,20.00,over,ft,1.367,3
U9enFI95,Djere L.,Giron M.,0,0,ou,20.00,under,ft,3.04,3
U9enFI95,Djere L.,Giron M.,0,0,ou,20.50,over,ft,1.463,3
U9enFI95,Djere L.,Giron M.,0,0,ou,20.50,under,ft,2.623,3
U9enFI95,Djere L.,Giron M.,0,0,ou,21.00,over,ft,1.513,3
U9enFI95,Djere L.,Giron M.,0,0,ou,21.00,under,ft,2.49,3
U9enFI95,Djere L.,Giron M.,0,0,ou,21.50,over,ft,1.577,7
U9enFI95,Djere L.,Giron M.,0,0,ou,21.50,under,ft,2.304,7
U9enFI95,Djere L.,Giron M.,0,0,ou,22.00,over,ft,1.696,5
U9enFI95,Djere L.,Giron M.,0,0,ou,22.00,under,ft,2.12,5
U9enFI95,Djere L.,Giron M.,0,0,ou,22.50,over,ft,1.84,7
U9enFI95,Djere L.,Giron M.,0,0,ou,22.50,under,ft,1.929,7
U9enFI95,Djere L.,Giron M.,0,0,ou,23.00,over,ft,1.964,5
U9enFI95,Djere L.,Giron M.,0,0,ou,23.00,under,ft,1.806,5
U9enFI95,Djere L.,Giron M.,0,0,ou,23.50,over,ft,2.063,7
U9enFI95,Djere L.,Giron M.,0,0,ou,23.50,under,ft,1.713,7
U9enFI95,Djere L.,Giron M.,0,0,ou,24.00,over,ft,2.118,4
U9enFI95,Djere L.,Giron M.,0,0,ou,24.00,under,ft,1.702,4
U9enFI95,Djere L.,Giron M.,0,0,ou,24.50,over,ft,2.098,5
U9enFI95,Djere L.,Giron M.,0,0,ou,24.50,under,ft,1.67,5
U9enFI95,Djere L.,Giron M.,0,0,ou,25.00,over,ft,2.233,3
U9enFI95,Djere L.,Giron M.,0,0,ou,25.00,under,ft,1.623,3
U9enFI95,Djere L.,Giron M.,0,0,ou,25.50,over,ft,2.2,1
U9enFI95,Djere L.,Giron M.,0,0,ou,25.50,under,ft,1.58,1
U9enFI95,Djere L.,Giron M.,0,0,ou,26.50,over,ft,2.505,2
U9enFI95,Djere L.,Giron M.,0,0,ou,26.50,under,ft,1.45,2
U9enFI95,Djere L.,Giron M.,0,0,ou,27.50,over,ft,2.73,1
U9enFI95,Djere L.,Giron M.,0,0,ou,27.50,under,ft,1.39,1
U9enFI95,Djere L.,Giron M.,0,0,ou,28.50,over,ft,3.04,1
U9enFI95,Djere L.,Giron M.,0,0,ou,28.50,under,ft,1.32,1
U9enFI95,Djere L.,Giron M.,0,0,ou,29.50,over,ft,3.17,1
U9enFI95,Djere L.,Giron M.,0,0,ou,29.50,under,ft,1.29,1
U9enFI95,Djere L.,Giron M.,0,0,ou,30.50,over,ft,3.63,1
U9enFI95,Djere L.,Giron M.,0,0,ou,30.50,under,ft,1.22,1
U9enFI95,Djere L.,Giron M.,0,0,ou,31.50,over,ft,4.41,1
U9enFI95,Djere L.,Giron M.,0,0,ou,31.50,under,ft,1.15,1
U9enFI95,Djere L.,Giron M.,0,0,ou,32.50,over,ft,5.56,1
U9enFI95,Djere L.,Giron M.,0,0,ou,32.50,under,ft,1.1,1
U9enFI95,Djere L.,Giron M.,0,0,hc,1.50,home,ft,1.44,5
U9enFI95,Djere L.,Giron M.,0,0,hc,1.50,away,ft,2.658,5
U9enFI95,Djere L.,Giron M.,0,0,hc,-1.50,home,ft,3.505,4
U9enFI95,Djere L.,Giron M.,0,0,hc,-1.50,away,ft,1.28,4
U9enFI95,Djere L.,Giron M.,0,0,hc,0,home,ft,2.197,3
U9enFI95,Djere L.,Giron M.,0,0,hc,0,away,ft,1.69,3
U9enFI95,Djere L.,Giron M.,0,0,hc,0.50,home,ft,2.052,5
U9enFI95,Djere L.,Giron M.,0,0,hc,0.50,away,ft,1.748,5
U9enFI95,Djere L.,Giron M.,0,0,hc,-0.50,home,ft,2.23,3
U9enFI95,Djere L.,Giron M.,0,0,hc,-0.50,away,ft,1.667,3
U9enFI95,Djere L.,Giron M.,0,0,hc,1.00,home,ft,2.033,3
U9enFI95,Djere L.,Giron M.,0,0,hc,1.00,away,ft,1.803,3
U9enFI95,Djere L.,Giron M.,0,0,hc,-1.00,home,ft,2.43,2
U9enFI95,Djere L.,Giron M.,0,0,hc,-1.00,away,ft,1.56,2
U9enFI95,Djere L.,Giron M.,0,0,hc,1.50,home,ft,1.92,5
U9enFI95,Djere L.,Giron M.,0,0,hc,1.50,away,ft,1.858,5
U9enFI95,Djere L.,Giron M.,0,0,hc,-1.50,home,ft,2.33,2
U9enFI95,Djere L.,Giron M.,0,0,hc,-1.50,away,ft,1.51,2
U9enFI95,Djere L.,Giron M.,0,0,hc,2.00,home,ft,1.833,3
U9enFI95,Djere L.,Giron M.,0,0,hc,2.00,away,ft,1.99,3
U9enFI95,Djere L.,Giron M.,0,0,hc,-2.00,home,ft,2.38,2
U9enFI95,Djere L.,Giron M.,0,0,hc,-2.00,away,ft,1.49,2
U9enFI95,Djere L.,Giron M.,0,0,hc,2.50,home,ft,1.704,5
U9enFI95,Djere L.,Giron M.,0,0,hc,2.50,away,ft,2.11,5
U9enFI95,Djere L.,Giron M.,0,0,hc,3.00,home,ft,1.61,2
U9enFI95,Djere L.,Giron M.,0,0,hc,3.00,away,ft,2.31,2
U9enFI95,Djere L.,Giron M.,0,0,hc,3.50,home,ft,1.543,3
U9enFI95,Djere L.,Giron M.,0,0,hc,3.50,away,ft,2.417,3
U9enFI95,Djere L.,Giron M.,0,0,hc,4.00,home,ft,1.35,2
U9enFI95,Djere L.,Giron M.,0,0,hc,4.00,away,ft,3.23,2
U9enFI95,Djere L.,Giron M.,0,0,hc,4.50,home,ft,1.31,2
U9enFI95,Djere L.,Giron M.,0,0,hc,4.50,away,ft,3.03,2
U9enFI95,Djere L.,Giron M.,0,0,hc,5.00,home,ft,1.19,2
U9enFI95,Djere L.,Giron M.,0,0,hc,5.00,away,ft,4.3,2
QykeDdvI,Struff J-L.,Van De Zandschulp B.,1,1,ou,2.50,over,ft,2.23,3
QykeDdvI,Struff J-L.,Van De Zandschulp B.,1,1,ou,2.50,under,ft,1.617,3
QykeDdvI,Struff J-L.,Van De Zandschulp B.,1,1,ou,16.50,under,ft,12.11,1
QykeDdvI,Struff J-L.,Van De Zandschulp B.,1,1,ou,17.50,over,ft,1.03,1
QykeDdvI,Struff J-L.,Van De Zandschulp B.,1,1,ou,17.50,under,ft,7.48,1
QykeDdvI,Struff J-L.,Van De Zandschulp B.,1,1,ou,18.50,over,ft,1.14,1
QykeDdvI,Struff J-L.,Van De Zandschulp B.,1,1,ou,18.50,under,ft,4.62,1
QykeDdvI,Struff J-L.,Van De Zandschulp B.,1,1,ou,19.50,over,ft,1.25,1
QykeDdvI,Struff J-L.,Van De Zandschulp B.,1,1,ou,19.50,under,ft,3.45,1
QykeDdvI,Struff J-L.,Van De Zandschulp B.,1,1,ou,20.00,over,ft,1.283,3
QykeDdvI,Struff J-L.,Van De Zandschulp B.,1,1,ou,20.00,under,ft,3.47,3
QykeDdvI,Struff J-L.,Van De Zandschulp B.,1,1,ou,20.50,over,ft,1.403,3
QykeDdvI,Struff J-L.,Van De Zandschulp B.,1,1,ou,20.50,under,ft,2.867,3
QykeDdvI,Struff J-L.,Van De Zandschulp B.,1,1,ou,21.00,over,ft,1.417,3
QykeDdvI,Struff J-L.,Van De Zandschulp B.,1,1,ou,21.00,under,ft,2.743,3
QykeDdvI,Struff J-L.,Van De Zandschulp B.,1,1,ou,21.50,over,ft,1.515,4
QykeDdvI,Struff J-L.,Van De Zandschulp B.,1,1,ou,21.50,under,ft,2.442,4
QykeDdvI,Struff J-L.,Van De Zandschulp B.,1,1,ou,22.00,over,ft,1.607,4
QykeDdvI,Struff J-L.,Van De Zandschulp B.,1,1,ou,22.00,under,ft,2.297,4
QykeDdvI,Struff J-L.,Van De Zandschulp B.,1,1,ou,22.50,over,ft,1.747,7
QykeDdvI,Struff J-L.,Van De Zandschulp B.,1,1,ou,22.50,under,ft,1.999,7
QykeDdvI,Struff J-L.,Van De Zandschulp B.,1,1,ou,23.00,over,ft,1.86,5
QykeDdvI,Struff J-L.,Van De Zandschulp B.,1,1,ou,23.00,under,ft,1.876,5
QykeDdvI,Struff J-L.,Van De Zandschulp B.,1,1,ou,23.50,over,ft,1.964,7
QykeDdvI,Struff J-L.,Van De Zandschulp B.,1,1,ou,23.50,under,ft,1.801,7
QykeDdvI,Struff J-L.,Van De Zandschulp B.,1,1,ou,24.00,over,ft,2.045,4
QykeDdvI,Struff J-L.,Van De Zandschulp B.,1,1,ou,24.00,under,ft,1.762,4
QykeDdvI,Struff J-L.,Van De Zandschulp B.,1,1,ou,24.50,over,ft,2.043,7
QykeDdvI,Struff J-L.,Van De Zandschulp B.,1,1,ou,24.50,under,ft,1.719,7
QykeDdvI,Struff J-L.,Van De Zandschulp B.,1,1,ou,25.00,over,ft,2.137,3
QykeDdvI,Struff J-L.,Van De Zandschulp B.,1,1,ou,25.00,under,ft,1.673,3
QykeDdvI,Struff J-L.,Van De Zandschulp B.,1,1,ou,25.50,over,ft,2.14,3
QykeDdvI,Struff J-L.,Van De Zandschulp B.,1,1,ou,25.50,under,ft,1.603,3
QykeDdvI,Struff J-L.,Van De Zandschulp B.,1,1,ou,26.00,over,ft,2.283,3
QykeDdvI,Struff J-L.,Van De Zandschulp B.,1,1,ou,26.00,under,ft,1.507,3
QykeDdvI,Struff J-L.,Van De Zandschulp B.,1,1,ou,26.50,over,ft,2.42,1
QykeDdvI,Struff J-L.,Van De Zandschulp B.,1,1,ou,26.50,under,ft,1.48,1
QykeDdvI,Struff J-L.,Van De Zandschulp B.,1,1,ou,27.50,over,ft,2.61,1
QykeDdvI,Struff J-L.,Van De Zandschulp B.,1,1,ou,27.50,under,ft,1.42,1
QykeDdvI,Struff J-L.,Van De Zandschulp B.,1,1,ou,28.50,over,ft,2.9,1
QykeDdvI,Struff J-L.,Van De Zandschulp B.,1,1,ou,28.50,under,ft,1.35,1
QykeDdvI,Struff J-L.,Van De Zandschulp B.,1,1,ou,29.50,over,ft,3.18,1
QykeDdvI,Struff J-L.,Van De Zandschulp B.,1,1,ou,29.50,under,ft,1.29,1
QykeDdvI,Struff J-L.,Van De Zandschulp B.,1,1,ou,30.50,over,ft,3.67,1
QykeDdvI,Struff J-L.,Van De Zandschulp B.,1,1,ou,30.50,under,ft,1.22,1
QykeDdvI,Struff J-L.,Van De Zandschulp B.,1,1,ou,31.50,over,ft,4.46,1
QykeDdvI,Struff J-L.,Van De Zandschulp B.,1,1,ou,31.50,under,ft,1.15,1
QykeDdvI,Struff J-L.,Van De Zandschulp B.,1,1,ou,32.50,over,ft,5.57,1
QykeDdvI,Struff J-L.,Van De Zandschulp B.,1,1,ou,32.50,under,ft,1.09,1
QykeDdvI,Struff J-L.,Van De Zandschulp B.,1,1,hc,1.50,home,ft,1.258,4
QykeDdvI,Struff J-L.,Van De Zandschulp B.,1,1,hc,1.50,away,ft,3.692,4
QykeDdvI,Struff J-L.,Van De Zandschulp B.,1,1,hc,-1.50,home,ft,2.634,5
QykeDdvI,Struff J-L.,Van De Zandschulp B.,1,1,hc,-1.50,away,ft,1.446,5
QykeDdvI,Struff J-L.,Van De Zandschulp B.,1,1,hc,0,home,ft,1.737,3
QykeDdvI,Struff J-L.,Van De Zandschulp B.,1,1,hc,0,away,ft,2.117,3
QykeDdvI,Struff J-L.,Van De Zandschulp B.,1,1,hc,0.50,home,ft,1.68,2
QykeDdvI,Struff J-L.,Van De Zandschulp B.,1,1,hc,0.50,away,ft,2.195,2
QykeDdvI,Struff J-L.,Van De Zandschulp B.,1,1,hc,-0.50,home,ft,1.764,5
QykeDdvI,Struff J-L.,Van De Zandschulp B.,1,1,hc,-0.50,away,ft,2.02,5
QykeDdvI,Struff J-L.,Van De Zandschulp B.,1,1,hc,1.00,home,ft,1.61,2
QykeDdvI,Struff J-L.,Van De Zandschulp B.,1,1,hc,1.00,away,ft,2.31,2
QykeDdvI,Struff J-L.,Van De Zandschulp B.,1,1,hc,-1.00,home,ft,1.86,3
QykeDdvI,Struff J-L.,Van De Zandschulp B.,1,1,hc,-1.00,away,ft,1.96,3
QykeDdvI,Struff J-L.,Van De Zandschulp B.,1,1,hc,1.50,home,ft,1.49,2
QykeDdvI,Struff J-L.,Van De Zandschulp B.,1,1,hc,1.50,away,ft,2.37,2
QykeDdvI,Struff J-L.,Van De Zandschulp B.,1,1,hc,-1.50,home,ft,1.893,4
QykeDdvI,Struff J-L.,Van De Zandschulp B.,1,1,hc,-1.50,away,ft,1.897,4
QykeDdvI,Struff J-L.,Van De Zandschulp B.,1,1,hc,2.00,home,ft,1.41,2
QykeDdvI,Struff J-L.,Van De Zandschulp B.,1,1,hc,2.00,away,ft,2.6,2
QykeDdvI,Struff J-L.,Van De Zandschulp B.,1,1,hc,-2.00,home,ft,2.083,3
QykeDdvI,Struff J-L.,Van De Zandschulp B.,1,1,hc,-2.00,away,ft,1.76,3
QykeDdvI,Struff J-L.,Van De Zandschulp B.,1,1,hc,2.50,home,ft,1.46,2
QykeDdvI,Struff J-L.,Van De Zandschulp B.,1,1,hc,2.50,away,ft,2.45,2
QykeDdvI,Struff J-L.,Van De Zandschulp B.,1,1,hc,-2.50,home,ft,2.194,5
QykeDdvI,Struff J-L.,Van De Zandschulp B.,1,1,hc,-2.50,away,ft,1.652,5
QykeDdvI,Struff J-L.,Van De Zandschulp B.,1,1,hc,-3.00,home,ft,2.53,2
QykeDdvI,Struff J-L.,Van De Zandschulp B.,1,1,hc,-3.00,away,ft,1.52,2
QykeDdvI,Struff J-L.,Van De Zandschulp B.,1,1,hc,-3.50,home,ft,2.82,2
QykeDdvI,Struff J-L.,Van De Zandschulp B.,1,1,hc,-3.50,away,ft,1.43,2
QykeDdvI,Struff J-L.,Van De Zandschulp B.,1,1,hc,-4.00,home,ft,3.725,2
QykeDdvI,Struff J-L.,Van De Zandschulp B.,1,1,hc,-4.00,away,ft,1.28,2
MqhvHvug,Tabilo A.,Mmoh M.,0,0,ou,2.50,over,ft,2.333,3
MqhvHvug,Tabilo A.,Mmoh M.,0,0,ou,2.50,under,ft,1.567,3
MqhvHvug,Tabilo A.,Mmoh M.,0,0,ou,16.50,under,ft,8.72,1
MqhvHvug,Tabilo A.,Mmoh M.,0,0,ou,17.50,over,ft,1.08,1
MqhvHvug,Tabilo A.,Mmoh M.,0,0,ou,17.50,under,ft,5.19,1
MqhvHvug,Tabilo A.,Mmoh M.,0,0,ou,18.50,over,ft,1.16,1
MqhvHvug,Tabilo A.,Mmoh M.,0,0,ou,18.50,under,ft,4.04,1
MqhvHvug,Tabilo A.,Mmoh M.,0,0,ou,19.00,over,ft,1.207,3
MqhvHvug,Tabilo A.,Mmoh M.,0,0,ou,19.00,under,ft,3.557,3
MqhvHvug,Tabilo A.,Mmoh M.,0,0,ou,19.50,over,ft,1.333,3
MqhvHvug,Tabilo A.,Mmoh M.,0,0,ou,19.50,under,ft,2.917,3
MqhvHvug,Tabilo A.,Mmoh M.,0,0,ou,20.00,over,ft,1.383,3
MqhvHvug,Tabilo A.,Mmoh M.,0,0,ou,20.00,under,ft,2.663,3
MqhvHvug,Tabilo A.,Mmoh M.,0,0,ou,20.50,over,ft,1.495,4
MqhvHvug,Tabilo A.,Mmoh M.,0,0,ou,20.50,under,ft,2.412,4
MqhvHvug,Tabilo A.,Mmoh M.,0,0,ou,21.00,over,ft,1.58,3
MqhvHvug,Tabilo A.,Mmoh M.,0,0,ou,21.00,under,ft,2.187,3
MqhvHvug,Tabilo A.,Mmoh M.,0,0,ou,21.50,over,ft,1.631,7
MqhvHvug,Tabilo A.,Mmoh M.,0,0,ou,21.50,under,ft,2.174,7
MqhvHvug,Tabilo A.,Mmoh M.,0,0,ou,22.00,over,ft,1.788,5
MqhvHvug,Tabilo A.,Mmoh M.,0,0,ou,22.00,under,ft,1.95,5
MqhvHvug,Tabilo A.,Mmoh M.,0,0,ou,22.50,over,ft,1.914,7
MqhvHvug,Tabilo A.,Mmoh M.,0,0,ou,22.50,under,ft,1.831,7
MqhvHvug,Tabilo A.,Mmoh M.,0,0,ou,23.00,over,ft,2.09,5
MqhvHvug,Tabilo A.,Mmoh M.,0,0,ou,23.00,under,ft,1.672,5
MqhvHvug,Tabilo A.,Mmoh M.,0,0,ou,23.50,over,ft,2.031,7
MqhvHvug,Tabilo A.,Mmoh M.,0,0,ou,23.50,under,ft,1.739,7
MqhvHvug,Tabilo A.,Mmoh M.,0,0,ou,24.00,over,ft,2.268,4
MqhvHvug,Tabilo A.,Mmoh M.,0,0,ou,24.00,under,ft,1.55,4
MqhvHvug,Tabilo A.,Mmoh M.,0,0,ou,24.50,over,ft,2.206,5
MqhvHvug,Tabilo A.,Mmoh M.,0,0,ou,24.50,under,ft,1.582,5
MqhvHvug,Tabilo A.,Mmoh M.,0,0,ou,25.00,over,ft,2.437,3
MqhvHvug,Tabilo A.,Mmoh M.,0,0,ou,25.00,under,ft,1.437,3
MqhvHvug,Tabilo A.,Mmoh M.,0,0,ou,25.50,over,ft,2.183,3
MqhvHvug,Tabilo A.,Mmoh M.,0,0,ou,25.50,under,ft,1.577,3
MqhvHvug,Tabilo A.,Mmoh M.,0,0,ou,26.00,over,ft,2.29,2
MqhvHvug,Tabilo A.,Mmoh M.,0,0,ou,26.00,under,ft,1.51,2
MqhvHvug,Tabilo A.,Mmoh M.,0,0,ou,26.50,over,ft,2.55,1
MqhvHvug,Tabilo A.,Mmoh M.,0,0,ou,26.50,under,ft,1.43,1
MqhvHvug,Tabilo A.,Mmoh M.,0,0,ou,27.50,over,ft,2.77,1
MqhvHvug,Tabilo A.,Mmoh M.,0,0,ou,27.50,under,ft,1.36,1
MqhvHvug,Tabilo A.,Mmoh M.,0,0,ou,28.50,over,ft,3.06,1
MqhvHvug,Tabilo A.,Mmoh M.,0,0,ou,28.50,under,ft,1.3,1
MqhvHvug,Tabilo A.,Mmoh M.,0,0,ou,29.50,over,ft,3.32,1
MqhvHvug,Tabilo A.,Mmoh M.,0,0,ou,29.50,under,ft,1.21,1
MqhvHvug,Tabilo A.,Mmoh M.,0,0,ou,30.50,over,ft,3.73,1
MqhvHvug,Tabilo A.,Mmoh M.,0,0,ou,30.50,under,ft,1.16,1
MqhvHvug,Tabilo A.,Mmoh M.,0,0,ou,31.50,over,ft,4.6,1
MqhvHvug,Tabilo A.,Mmoh M.,0,0,ou,31.50,under,ft,1.09,1
MqhvHvug,Tabilo A.,Mmoh M.,0,0,ou,32.50,over,ft,5.49,1
MqhvHvug,Tabilo A.,Mmoh M.,0,0,ou,32.50,under,ft,1.03,1
MqhvHvug,Tabilo A.,Mmoh M.,0,0,hc,1.50,home,ft,1.225,4
MqhvHvug,Tabilo A.,Mmoh M.,0,0,hc,1.50,away,ft,4.02,4
MqhvHvug,Tabilo A.,Mmoh M.,0,0,hc,-1.50,home,ft,2.286,5
MqhvHvug,Tabilo A.,Mmoh M.,0,0,hc,-1.50,away,ft,1.596,5
MqhvHvug,Tabilo A.,Mmoh M.,0,0,hc,0,home,ft,1.49,2
MqhvHvug,Tabilo A.,Mmoh M.,0,0,hc,0,away,ft,2.38,2
MqhvHvug,Tabilo A.,Mmoh M.,0,0,hc,0.50,home,ft,1.56,2
MqhvHvug,Tabilo A.,Mmoh M.,0,0,hc,0.50,away,ft,2.3,2
MqhvHvug,Tabilo A.,Mmoh M.,0,0,hc,-0.50,home,ft,1.573,4
MqhvHvug,Tabilo A.,Mmoh M.,0,0,hc,-0.50,away,ft,2.305,4
MqhvHvug,Tabilo A.,Mmoh M.,0,0,hc,1.00,home,ft,1.4,2
MqhvHvug,Tabilo A.,Mmoh M.,0,0,hc,1.00,away,ft,2.63,2
MqhvHvug,Tabilo A.,Mmoh M.,0,0,hc,-1.00,home,ft,1.563,3
MqhvHvug,Tabilo A.,Mmoh M.,0,0,hc,-1.00,away,ft,2.323,3
MqhvHvug,Tabilo A.,Mmoh M.,0,0,hc,1.50,home,ft,1.46,2
MqhvHvug,Tabilo A.,Mmoh M.,0,0,hc,1.50,away,ft,2.45,2
MqhvHvug,Tabilo A.,Mmoh M.,0,0,hc,-1.50,home,ft,1.65,4
MqhvHvug,Tabilo A.,Mmoh M.,0,0,hc,-1.50,away,ft,2.16,4
MqhvHvug,Tabilo A.,Mmoh M.,0,0,hc,-2.00,home,ft,1.653,3
MqhvHvug,Tabilo A.,Mmoh M.,0,0,hc,-2.00,away,ft,2.133,3
MqhvHvug,Tabilo A.,Mmoh M.,0,0,hc,-2.50,home,ft,1.958,5
MqhvHvug,Tabilo A.,Mmoh M.,0,0,hc,-2.50,away,ft,1.834,5
MqhvHvug,Tabilo A.,Mmoh M.,0,0,hc,-3.00,home,ft,1.913,3
MqhvHvug,Tabilo A.,Mmoh M.,0,0,hc,-3.00,away,ft,1.82,3
MqhvHvug,Tabilo A.,Mmoh M.,0,0,hc,-3.50,home,ft,2.145,4
MqhvHvug,Tabilo A.,Mmoh M.,0,0,hc,-3.50,away,ft,1.65,4
MqhvHvug,Tabilo A.,Mmoh M.,0,0,hc,-4.00,home,ft,2.34,2
MqhvHvug,Tabilo A.,Mmoh M.,0,0,hc,-4.00,away,ft,1.5,2
MqhvHvug,Tabilo A.,Mmoh M.,0,0,hc,-4.50,home,ft,2.62,2
MqhvHvug,Tabilo A.,Mmoh M.,0,0,hc,-4.50,away,ft,1.41,2
MqhvHvug,Tabilo A.,Mmoh M.,0,0,hc,-5.00,home,ft,3.49,2
MqhvHvug,Tabilo A.,Mmoh M.,0,0,hc,-5.00,away,ft,1.24,2
MqhvHvug,Tabilo A.,Mmoh M.,0,0,hc,-5.50,home,ft,3.84,2
MqhvHvug,Tabilo A.,Mmoh M.,0,0,hc,-5.50,away,ft,1.2,2
MqhvHvug,Tabilo A.,Mmoh M.,0,0,hc,-6.00,home,ft,5.9,2
MqhvHvug,Tabilo A.,Mmoh M.,0,0,hc,-6.00,away,ft,1.08,2
nXrK5RGP,De Jong J.,Diallo G.,0,0,ou,2.50,over,ft,2.397,3
nXrK5RGP,De Jong J.,Diallo G.,0,0,ou,2.50,under,ft,1.54,3
nXrK5RGP,De Jong J.,Diallo G.,0,0,ou,16.50,under,ft,11.58,1
nXrK5RGP,De Jong J.,Diallo G.,0,0,ou,17.50,over,ft,1.08,1
nXrK5RGP,De Jong J.,Diallo G.,0,0,ou,17.50,under,ft,6.13,1
nXrK5RGP,De Jong J.,Diallo G.,0,0,ou,18.50,over,ft,1.15,2
nXrK5RGP,De Jong J.,Diallo G.,0,0,ou,18.50,under,ft,5.085,2
nXrK5RGP,De Jong J.,Diallo G.,0,0,ou,19.50,over,ft,1.267,3
nXrK5RGP,De Jong J.,Diallo G.,0,0,ou,19.50,under,ft,3.3,3
nXrK5RGP,De Jong J.,Diallo G.,0,0,ou,20.00,over,ft,1.333,3
nXrK5RGP,De Jong J.,Diallo G.,0,0,ou,20.00,under,ft,3.027,3
nXrK5RGP,De Jong J.,Diallo G.,0,0,ou,20.50,over,ft,1.438,4
nXrK5RGP,De Jong J.,Diallo G.,0,0,ou,20.50,under,ft,2.667,4
nXrK5RGP,De Jong J.,Diallo G.,0,0,ou,21.00,over,ft,1.493,3
nXrK5RGP,De Jong J.,Diallo G.,0,0,ou,21.00,under,ft,2.473,3
nXrK5RGP,De Jong J.,Diallo G.,0,0,ou,21.50,over,ft,1.573,7
nXrK5RGP,De Jong J.,Diallo G.,0,0,ou,21.50,under,ft,2.293,7
nXrK5RGP,De Jong J.,Diallo G.,0,0,ou,22.00,over,ft,1.678,5
nXrK5RGP,De Jong J.,Diallo G.,0,0,ou,22.00,under,ft,2.128,5
nXrK5RGP,De Jong J.,Diallo G.,0,0,ou,22.50,over,ft,1.849,7
nXrK5RGP,De Jong J.,Diallo G.,0,0,ou,22.50,under,ft,1.921,7
nXrK5RGP,De Jong J.,Diallo G.,0,0,ou,23.00,over,ft,1.98,5
nXrK5RGP,De Jong J.,Diallo G.,0,0,ou,23.00,under,ft,1.78,5
nXrK5RGP,De Jong J.,Diallo G.,0,0,ou,23.50,over,ft,2.1,7
nXrK5RGP,De Jong J.,Diallo G.,0,0,ou,23.50,under,ft,1.67,7
nXrK5RGP,De Jong J.,Diallo G.,0,0,ou,24.00,over,ft,2.143,4
nXrK5RGP,De Jong J.,Diallo G.,0,0,ou,24.00,under,ft,1.67,4
nXrK5RGP,De Jong J.,Diallo G.,0,0,ou,24.50,over,ft,2.152,5
nXrK5RGP,De Jong J.,Diallo G.,0,0,ou,24.50,under,ft,1.634,5
nXrK5RGP,De Jong J.,Diallo G.,0,0,ou,25.00,over,ft,2.233,3
nXrK5RGP,De Jong J.,Diallo G.,0,0,ou,25.00,under,ft,1.583,3
nXrK5RGP,De Jong J.,Diallo G.,0,0,ou,25.50,over,ft,2.187,3
nXrK5RGP,De Jong J.,Diallo G.,0,0,ou,25.50,under,ft,1.577,3
nXrK5RGP,De Jong J.,Diallo G.,0,0,ou,26.00,over,ft,2.29,2
nXrK5RGP,De Jong J.,Diallo G.,0,0,ou,26.00,under,ft,1.51,2
nXrK5RGP,De Jong J.,Diallo G.,0,0,ou,26.50,over,ft,2.525,4
nXrK5RGP,De Jong J.,Diallo G.,0,0,ou,26.50,under,ft,1.462,4
nXrK5RGP,De Jong J.,Diallo G.,0,0,ou,27.50,over,ft,2.63,3
nXrK5RGP,De Jong J.,Diallo G.,0,0,ou,27.50,under,ft,1.413,3
nXrK5RGP,De Jong J.,Diallo G.,0,0,ou,28.50,over,ft,3.07,1
nXrK5RGP,De Jong J.,Diallo G.,0,0,ou,28.50,under,ft,1.31,1
nXrK5RGP,De Jong J.,Diallo G.,0,0,ou,29.50,over,ft,3.33,1
nXrK5RGP,De Jong J.,Diallo G.,0,0,ou,29.50,under,ft,1.27,1
nXrK5RGP,De Jong J.,Diallo G.,0,0,ou,30.50,over,ft,3.77,1
nXrK5RGP,De Jong J.,Diallo G.,0,0,ou,30.50,under,ft,1.21,1
nXrK5RGP,De Jong J.,Diallo G.,0,0,ou,31.50,over,ft,4.54,1
nXrK5RGP,De Jong J.,Diallo G.,0,0,ou,31.50,under,ft,1.15,1
nXrK5RGP,De Jong J.,Diallo G.,0,0,ou,32.50,over,ft,5.66,1
nXrK5RGP,De Jong J.,Diallo G.,0,0,ou,32.50,under,ft,1.09,1
nXrK5RGP,De Jong J.,Diallo G.,0,0,hc,1.50,home,ft,1.678,5
nXrK5RGP,De Jong J.,Diallo G.,0,0,hc,1.50,away,ft,2.1,5
nXrK5RGP,De Jong J.,Diallo G.,0,0,hc,-1.50,home,ft,4.925,4
nXrK5RGP,De Jong J.,Diallo G.,0,0,hc,-1.50,away,ft,1.162,4
nXrK5RGP,De Jong J.,Diallo G.,0,0,hc,0,home,ft,2.85,2
nXrK5RGP,De Jong J.,Diallo G.,0,0,hc,0,away,ft,1.38,2
nXrK5RGP,De Jong J.,Diallo G.,0,0,hc,0.50,home,ft,2.62,2
nXrK5RGP,De Jong J.,Diallo G.,0,0,hc,0.50,away,ft,1.44,2
nXrK5RGP,De Jong J.,Diallo G.,0,0,hc,1.00,home,ft,2.66,2
nXrK5RGP,De Jong J.,Diallo G.,0,0,hc,1.00,away,ft,1.455,2
nXrK5RGP,De Jong J.,Diallo G.,0,0,hc,1.50,home,ft,2.455,4
nXrK5RGP,De Jong J.,Diallo G.,0,0,hc,1.50,away,ft,1.52,4
nXrK5RGP,De Jong J.,Diallo G.,0,0,hc,-1.50,home,ft,3.51,1
nXrK5RGP,De Jong J.,Diallo G.,0,0,hc,-1.50,away,ft,1.3,1
nXrK5RGP,De Jong J.,Diallo G.,0,0,hc,2.00,home,ft,2.313,3
nXrK5RGP,De Jong J.,Diallo G.,0,0,hc,2.00,away,ft,1.603,3
nXrK5RGP,De Jong J.,Diallo G.,0,0,hc,2.50,home,ft,2.024,5
nXrK5RGP,De Jong J.,Diallo G.,0,0,hc,2.50,away,ft,1.762,5
nXrK5RGP,De Jong J.,Diallo G.,0,0,hc,3.00,home,ft,1.903,3
nXrK5RGP,De Jong J.,Diallo G.,0,0,hc,3.00,away,ft,1.893,3
nXrK5RGP,De Jong J.,Diallo G.,0,0,hc,3.50,home,ft,1.728,4
nXrK5RGP,De Jong J.,Diallo G.,0,0,hc,3.50,away,ft,2.075,4
nXrK5RGP,De Jong J.,Diallo G.,0,0,hc,4.00,home,ft,1.477,3
nXrK5RGP,De Jong J.,Diallo G.,0,0,hc,4.00,away,ft,2.693,3
nXrK5RGP,De Jong J.,Diallo G.,0,0,hc,4.50,home,ft,1.41,3
nXrK5RGP,De Jong J.,Diallo G.,0,0,hc,4.50,away,ft,2.77,3
nXrK5RGP,De Jong J.,Diallo G.,0,0,hc,5.00,home,ft,1.245,2
nXrK5RGP,De Jong J.,Diallo G.,0,0,hc,5.00,away,ft,3.865,2
nXrK5RGP,De Jong J.,Diallo G.,0,0,hc,5.50,home,ft,1.19,3
nXrK5RGP,De Jong J.,Diallo G.,0,0,hc,5.50,away,ft,4.63,3
nXrK5RGP,De Jong J.,Diallo G.,0,0,hc,6.00,home,ft,1.085,2
nXrK5RGP,De Jong J.,Diallo G.,0,0,hc,6.00,away,ft,7.125,2
QoM6dNwC,Wong C.,Navone M.,2,2,ou,2.50,over,ft,2.303,3
QoM6dNwC,Wong C.,Navone M.,2,2,ou,2.50,under,ft,1.58,3
QoM6dNwC,Wong C.,Navone M.,2,2,ou,16.50,over,ft,1.02,1
QoM6dNwC,Wong C.,Navone M.,2,2,ou,16.50,under,ft,8.84,1
QoM6dNwC,Wong C.,Navone M.,2,2,ou,17.50,over,ft,1.11,1
QoM6dNwC,Wong C.,Navone M.,2,2,ou,17.50,under,ft,5.35,1
QoM6dNwC,Wong C.,Navone M.,2,2,ou,18.50,over,ft,1.21,2
QoM6dNwC,Wong C.,Navone M.,2,2,ou,18.50,under,ft,4.07,2
QoM6dNwC,Wong C.,Navone M.,2,2,ou,19.00,over,ft,1.3,2
QoM6dNwC,Wong C.,Navone M.,2,2,ou,19.00,under,ft,3.04,2
QoM6dNwC,Wong C.,Navone M.,2,2,ou,19.50,over,ft,1.317,3
QoM6dNwC,Wong C.,Navone M.,2,2,ou,19.50,under,ft,3.013,3
QoM6dNwC,Wong C.,Navone M.,2,2,ou,20.00,over,ft,1.39,3
QoM6dNwC,Wong C.,Navone M.,2,2,ou,20.00,under,ft,2.863,3
QoM6dNwC,Wong C.,Navone M.,2,2,ou,20.50,over,ft,1.516,5
QoM6dNwC,Wong C.,Navone M.,2,2,ou,20.50,under,ft,2.464,5
QoM6dNwC,Wong C.,Navone M.,2,2,ou,21.00,over,ft,1.557,3
QoM6dNwC,Wong C.,Navone M.,2,2,ou,21.00,under,ft,2.34,3
QoM6dNwC,Wong C.,Navone M.,2,2,ou,21.50,over,ft,1.653,7
QoM6dNwC,Wong C.,Navone M.,2,2,ou,21.50,under,ft,2.156,7
QoM6dNwC,Wong C.,Navone M.,2,2,ou,22.00,over,ft,1.778,5
QoM6dNwC,Wong C.,Navone M.,2,2,ou,22.00,under,ft,2.0,5
QoM6dNwC,Wong C.,Navone M.,2,2,ou,22.50,over,ft,1.9,7
QoM6dNwC,Wong C.,Navone M.,2,2,ou,22.50,under,ft,1.857,7
QoM6dNwC,Wong C.,Navone M.,2,2,ou,23.00,over,ft,2.036,5
QoM6dNwC,Wong C.,Navone M.,2,2,ou,23.00,under,ft,1.754,5
QoM6dNwC,Wong C.,Navone M.,2,2,ou,23.50,over,ft,2.107,7
QoM6dNwC,Wong C.,Navone M.,2,2,ou,23.50,under,ft,1.681,7
QoM6dNwC,Wong C.,Navone M.,2,2,ou,24.00,over,ft,2.15,3
QoM6dNwC,Wong C.,Navone M.,2,2,ou,24.00,under,ft,1.66,3
QoM6dNwC,Wong C.,Navone M.,2,2,ou,24.50,over,ft,2.175,6
QoM6dNwC,Wong C.,Navone M.,2,2,ou,24.50,under,ft,1.627,6
QoM6dNwC,Wong C.,Navone M.,2,2,ou,25.00,over,ft,2.307,3
QoM6dNwC,Wong C.,Navone M.,2,2,ou,25.00,under,ft,1.573,3
QoM6dNwC,Wong C.,Navone M.,2,2,ou,25.50,over,ft,2.503,3
QoM6dNwC,Wong C.,Navone M.,2,2,ou,25.50,under,ft,1.45,3
QoM6dNwC,Wong C.,Navone M.,2,2,ou,26.50,over,ft,2.822,4
QoM6dNwC,Wong C.,Navone M.,2,2,ou,26.50,under,ft,1.38,4
QoM6dNwC,Wong C.,Navone M.,2,2,ou,27.50,over,ft,3.217,3
QoM6dNwC,Wong C.,Navone M.,2,2,ou,27.50,under,ft,1.287,3
QoM6dNwC,Wong C.,Navone M.,2,2,ou,28.50,over,ft,3.09,1
QoM6dNwC,Wong C.,Navone M.,2,2,ou,28.50,under,ft,1.3,1
QoM6dNwC,Wong C.,Navone M.,2,2,ou,29.50,over,ft,3.44,1
QoM6dNwC,Wong C.,Navone M.,2,2,ou,29.50,under,ft,1.24,1
QoM6dNwC,Wong C.,Navone M.,2,2,ou,30.50,over,ft,4.06,1
QoM6dNwC,Wong C.,Navone M.,2,2,ou,30.50,under,ft,1.18,1
QoM6dNwC,Wong C.,Navone M.,2,2,ou,31.50,over,ft,4.98,1
QoM6dNwC,Wong C.,Navone M.,2,2,ou,31.50,under,ft,1.12,1
QoM6dNwC,Wong C.,Navone M.,2,2,ou,32.50,over,ft,5.46,1
QoM6dNwC,Wong C.,Navone M.,2,2,ou,32.50,under,ft,1.03,1
QoM6dNwC,Wong C.,Navone M.,2,2,hc,1.50,home,ft,1.318,4
QoM6dNwC,Wong C.,Navone M.,2,2,hc,1.50,away,ft,3.243,4
QoM6dNwC,Wong C.,Navone M.,2,2,hc,-1.50,home,ft,2.808,5
QoM6dNwC,Wong C.,Navone M.,2,2,hc,-1.50,away,ft,1.4,5
QoM6dNwC,Wong C.,Navone M.,2,2,hc,0,home,ft,1.763,3
QoM6dNwC,Wong C.,Navone M.,2,2,hc,0,away,ft,2.09,3
QoM6dNwC,Wong C.,Navone M.,2,2,hc,0.50,home,ft,1.708,4
QoM6dNwC,Wong C.,Navone M.,2,2,hc,0.50,away,ft,2.13,4
QoM6dNwC,Wong C.,Navone M.,2,2,hc,-0.50,home,ft,1.808,5
QoM6dNwC,Wong C.,Navone M.,2,2,hc,-0.50,away,ft,1.97,5
QoM6dNwC,Wong C.,Navone M.,2,2,hc,1.00,home,ft,1.66,3
QoM6dNwC,Wong C.,Navone M.,2,2,hc,1.00,away,ft,2.243,3
QoM6dNwC,Wong C.,Navone M.,2,2,hc,-1.00,home,ft,1.887,3
QoM6dNwC,Wong C.,Navone M.,2,2,hc,-1.00,away,ft,1.93,3
QoM6dNwC,Wong C.,Navone M.,2,2,hc,1.50,home,ft,1.61,3
QoM6dNwC,Wong C.,Navone M.,2,2,hc,1.50,away,ft,2.19,3
QoM6dNwC,Wong C.,Navone M.,2,2,hc,-1.50,home,ft,1.874,5
QoM6dNwC,Wong C.,Navone M.,2,2,hc,-1.50,away,ft,1.898,5
QoM6dNwC,Wong C.,Navone M.,2,2,hc,2.00,home,ft,1.5,2
QoM6dNwC,Wong C.,Navone M.,2,2,hc,2.00,away,ft,2.34,2
QoM6dNwC,Wong C.,Navone M.,2,2,hc,-2.00,home,ft,2.047,3
QoM6dNwC,Wong C.,Navone M.,2,2,hc,-2.00,away,ft,1.783,3
QoM6dNwC,Wong C.,Navone M.,2,2,hc,2.50,home,ft,1.47,2
QoM6dNwC,Wong C.,Navone M.,2,2,hc,2.50,away,ft,2.42,2
QoM6dNwC,Wong C.,Navone M.,2,2,hc,-2.50,home,ft,2.136,5
QoM6dNwC,Wong C.,Navone M.,2,2,hc,-2.50,away,ft,1.69,5
QoM6dNwC,Wong C.,Navone M.,2,2,hc,-3.00,home,ft,2.327,3
QoM6dNwC,Wong C.,Navone M.,2,2,hc,-3.00,away,ft,1.61,3
QoM6dNwC,Wong C.,Navone M.,2,2,hc,3.50,home,ft,1.37,1
QoM6dNwC,Wong C.,Navone M.,2,2,hc,3.50,away,ft,3.06,1
QoM6dNwC,Wong C.,Navone M.,2,2,hc,-3.50,home,ft,2.58,4
QoM6dNwC,Wong C.,Navone M.,2,2,hc,-3.50,away,ft,1.448,4
QoM6dNwC,Wong C.,Navone M.,2,2,hc,-4.00,home,ft,2.99,2
QoM6dNwC,Wong C.,Navone M.,2,2,hc,-4.00,away,ft,1.32,2
QoM6dNwC,Wong C.,Navone M.,2,2,hc,-4.50,home,ft,2.77,2
QoM6dNwC,Wong C.,Navone M.,2,2,hc,-4.50,away,ft,1.37,2
QoM6dNwC,Wong C.,Navone M.,2,2,hc,-5.00,home,ft,3.49,2
QoM6dNwC,Wong C.,Navone M.,2,2,hc,-5.00,away,ft,1.24,2
QoM6dNwC,Wong C.,Navone M.,2,2,hc,-5.50,home,ft,5.19,1
QoM6dNwC,Wong C.,Navone M.,2,2,hc,-5.50,away,ft,1.16,1
vVNbbq9a,Etcheverry T. M.,Royer V.,2,2,ou,2.50,over,ft,2.26,3
vVNbbq9a,Etcheverry T. M.,Royer V.,2,2,ou,2.50,under,ft,1.6,3
vVNbbq9a,Etcheverry T. M.,Royer V.,2,2,ou,16.50,under,ft,12.41,1
vVNbbq9a,Etcheverry T. M.,Royer V.,2,2,ou,17.50,over,ft,1.03,1
vVNbbq9a,Etcheverry T. M.,Royer V.,2,2,ou,17.50,under,ft,7.47,1
vVNbbq9a,Etcheverry T. M.,Royer V.,2,2,ou,18.50,over,ft,1.14,1
vVNbbq9a,Etcheverry T. M.,Royer V.,2,2,ou,18.50,under,ft,4.74,1
vVNbbq9a,Etcheverry T. M.,Royer V.,2,2,ou,19.50,over,ft,1.25,1
vVNbbq9a,Etcheverry T. M.,Royer V.,2,2,ou,19.50,under,ft,3.46,1
vVNbbq9a,Etcheverry T. M.,Royer V.,2,2,ou,20.00,over,ft,1.217,3
vVNbbq9a,Etcheverry T. M.,Royer V.,2,2,ou,20.00,under,ft,3.48,3
vVNbbq9a,Etcheverry T. M.,Royer V.,2,2,ou,20.50,over,ft,1.347,3
vVNbbq9a,Etcheverry T. M.,Royer V.,2,2,ou,20.50,under,ft,2.877,3
vVNbbq9a,Etcheverry T. M.,Royer V.,2,2,ou,21.00,over,ft,1.31,3
vVNbbq9a,Etcheverry T. M.,Royer V.,2,2,ou,21.00,under,ft,2.947,3
vVNbbq9a,Etcheverry T. M.,Royer V.,2,2,ou,21.50,over,ft,1.456,5
vVNbbq9a,Etcheverry T. M.,Royer V.,2,2,ou,21.50,under,ft,2.502,5
vVNbbq9a,Etcheverry T. M.,Royer V.,2,2,ou,22.00,over,ft,1.512,4
vVNbbq9a,Etcheverry T. M.,Royer V.,2,2,ou,22.00,under,ft,2.42,4
vVNbbq9a,Etcheverry T. M.,Royer V.,2,2,ou,22.50,over,ft,1.7,7
vVNbbq9a,Etcheverry T. M.,Royer V.,2,2,ou,22.50,under,ft,2.04,7
vVNbbq9a,Etcheverry T. M.,Royer V.,2,2,ou,23.00,over,ft,1.832,5
vVNbbq9a,Etcheverry T. M.,Royer V.,2,2,ou,23.00,under,ft,1.904,5
vVNbbq9a,Etcheverry T. M.,Royer V.,2,2,ou,23.50,over,ft,1.97,7
vVNbbq9a,Etcheverry T. M.,Royer V.,2,2,ou,23.50,under,ft,1.801,7
vVNbbq9a,Etcheverry T. M.,Royer V.,2,2,ou,24.00,over,ft,2.005,4
vVNbbq9a,Etcheverry T. M.,Royer V.,2,2,ou,24.00,under,ft,1.755,4
vVNbbq9a,Etcheverry T. M.,Royer V.,2,2,ou,24.50,over,ft,1.995,6
vVNbbq9a,Etcheverry T. M.,Royer V.,2,2,ou,24.50,under,ft,1.715,6
vVNbbq9a,Etcheverry T. M.,Royer V.,2,2,ou,25.00,over,ft,2.05,3
vVNbbq9a,Etcheverry T. M.,Royer V.,2,2,ou,25.00,under,ft,1.663,3
vVNbbq9a,Etcheverry T. M.,Royer V.,2,2,ou,25.50,over,ft,2.11,3
vVNbbq9a,Etcheverry T. M.,Royer V.,2,2,ou,25.50,under,ft,1.623,3
vVNbbq9a,Etcheverry T. M.,Royer V.,2,2,ou,26.00,over,ft,2.283,3
vVNbbq9a,Etcheverry T. M.,Royer V.,2,2,ou,26.00,under,ft,1.507,3
vVNbbq9a,Etcheverry T. M.,Royer V.,2,2,ou,26.50,over,ft,2.43,2
vVNbbq9a,Etcheverry T. M.,Royer V.,2,2,ou,26.50,under,ft,1.48,2
vVNbbq9a,Etcheverry T. M.,Royer V.,2,2,ou,27.50,over,ft,2.59,1
vVNbbq9a,Etcheverry T. M.,Royer V.,2,2,ou,27.50,under,ft,1.43,1
vVNbbq9a,Etcheverry T. M.,Royer V.,2,2,ou,28.50,over,ft,2.88,1
vVNbbq9a,Etcheverry T. M.,Royer V.,2,2,ou,28.50,under,ft,1.35,1
vVNbbq9a,Etcheverry T. M.,Royer V.,2,2,ou,29.50,over,ft,3.1,1
vVNbbq9a,Etcheverry T. M.,Royer V.,2,2,ou,29.50,under,ft,1.3,1
vVNbbq9a,Etcheverry T. M.,Royer V.,2,2,ou,30.50,over,ft,3.49,1
vVNbbq9a,Etcheverry T. M.,Royer V.,2,2,ou,30.50,under,ft,1.24,1
vVNbbq9a,Etcheverry T. M.,Royer V.,2,2,ou,31.50,over,ft,4.26,1
vVNbbq9a,Etcheverry T. M.,Royer V.,2,2,ou,31.50,under,ft,1.17,1
vVNbbq9a,Etcheverry T. M.,Royer V.,2,2,ou,32.50,over,ft,5.38,1
vVNbbq9a,Etcheverry T. M.,Royer V.,2,2,ou,32.50,under,ft,1.1,1
vVNbbq9a,Etcheverry T. M.,Royer V.,2,2,hc,1.50,home,ft,1.355,4
vVNbbq9a,Etcheverry T. M.,Royer V.,2,2,hc,1.50,away,ft,3.053,4
vVNbbq9a,Etcheverry T. M.,Royer V.,2,2,hc,-1.50,home,ft,2.906,5
vVNbbq9a,Etcheverry T. M.,Royer V.,2,2,hc,-1.50,away,ft,1.378,5
vVNbbq9a,Etcheverry T. M.,Royer V.,2,2,hc,0,home,ft,1.883,3
vVNbbq9a,Etcheverry T. M.,Royer V.,2,2,hc,0,away,ft,1.883,3
vVNbbq9a,Etcheverry T. M.,Royer V.,2,2,hc,0.50,home,ft,1.805,4
vVNbbq9a,Etcheverry T. M.,Royer V.,2,2,hc,0.50,away,ft,1.958,4
vVNbbq9a,Etcheverry T. M.,Royer V.,2,2,hc,-0.50,home,ft,1.878,5
vVNbbq9a,Etcheverry T. M.,Royer V.,2,2,hc,-0.50,away,ft,1.892,5
vVNbbq9a,Etcheverry T. M.,Royer V.,2,2,hc,1.00,home,ft,1.733,3
vVNbbq9a,Etcheverry T. M.,Royer V.,2,2,hc,1.00,away,ft,2.06,3
vVNbbq9a,Etcheverry T. M.,Royer V.,2,2,hc,-1.00,home,ft,2.05,3
vVNbbq9a,Etcheverry T. M.,Royer V.,2,2,hc,-1.00,away,ft,1.74,3
vVNbbq9a,Etcheverry T. M.,Royer V.,2,2,hc,1.50,home,ft,1.67,2
vVNbbq9a,Etcheverry T. M.,Royer V.,2,2,hc,1.50,away,ft,2.1,2
vVNbbq9a,Etcheverry T. M.,Royer V.,2,2,hc,-1.50,home,ft,2.077,4
vVNbbq9a,Etcheverry T. M.,Royer V.,2,2,hc,-1.50,away,ft,1.715,4
vVNbbq9a,Etcheverry T. M.,Royer V.,2,2,hc,2.00,home,ft,1.56,2
vVNbbq9a,Etcheverry T. M.,Royer V.,2,2,hc,2.00,away,ft,2.3,2
vVNbbq9a,Etcheverry T. M.,Royer V.,2,2,hc,-2.00,home,ft,2.283,3
vVNbbq9a,Etcheverry T. M.,Royer V.,2,2,hc,-2.00,away,ft,1.603,3
vVNbbq9a,Etcheverry T. M.,Royer V.,2,2,hc,2.50,home,ft,1.49,2
vVNbbq9a,Etcheverry T. M.,Royer V.,2,2,hc,2.50,away,ft,2.47,2
vVNbbq9a,Etcheverry T. M.,Royer V.,2,2,hc,-2.50,home,ft,2.335,4
vVNbbq9a,Etcheverry T. M.,Royer V.,2,2,hc,-2.50,away,ft,1.547,4
vVNbbq9a,Etcheverry T. M.,Royer V.,2,2,hc,3.00,home,ft,1.35,2
vVNbbq9a,Etcheverry T. M.,Royer V.,2,2,hc,3.00,away,ft,2.98,2
vVNbbq9a,Etcheverry T. M.,Royer V.,2,2,hc,-3.00,home,ft,2.89,2
vVNbbq9a,Etcheverry T. M.,Royer V.,2,2,hc,-3.00,away,ft,1.34,2
vVNbbq9a,Etcheverry T. M.,Royer V.,2,2,hc,-3.50,home,ft,2.77,2
vVNbbq9a,Etcheverry T. M.,Royer V.,2,2,hc,-3.50,away,ft,1.37,2
vVNbbq9a,Etcheverry T. M.,Royer V.,2,2,hc,-4.00,home,ft,3.74,2
vVNbbq9a,Etcheverry T. M.,Royer V.,2,2,hc,-4.00,away,ft,1.21,2
YiqYCrOh,Muller A.,Kecmanovic M.,2,2,ou,2.50,over,ft,2.34,3
YiqYCrOh,Muller A.,Kecmanovic M.,2,2,ou,2.50,under,ft,1.56,3
YiqYCrOh,Muller A.,Kecmanovic M.,2,2,ou,16.50,over,ft,1.02,1
YiqYCrOh,Muller A.,Kecmanovic M.,2,2,ou,16.50,under,ft,9.11,1
YiqYCrOh,Muller A.,Kecmanovic M.,2,2,ou,17.50,over,ft,1.07,1
YiqYCrOh,Muller A.,Kecmanovic M.,2,2,ou,17.50,under,ft,5.79,1
YiqYCrOh,Muller A.,Kecmanovic M.,2,2,ou,18.50,over,ft,1.185,2
YiqYCrOh,Muller A.,Kecmanovic M.,2,2,ou,18.50,under,ft,4.395,2
YiqYCrOh,Muller A.,Kecmanovic M.,2,2,ou,19.50,over,ft,1.31,1
YiqYCrOh,Muller A.,Kecmanovic M.,2,2,ou,19.50,under,ft,3.07,1
YiqYCrOh,Muller A.,Kecmanovic M.,2,2,ou,20.00,over,ft,1.347,3
YiqYCrOh,Muller A.,Kecmanovic M.,2,2,ou,20.00,under,ft,2.78,3
YiqYCrOh,Muller A.,Kecmanovic M.,2,2,ou,20.50,over,ft,1.472,5
YiqYCrOh,Muller A.,Kecmanovic M.,2,2,ou,20.50,under,ft,2.472,5
YiqYCrOh,Muller A.,Kecmanovic M.,2,2,ou,21.00,over,ft,1.532,4
YiqYCrOh,Muller A.,Kecmanovic M.,2,2,ou,21.00,under,ft,2.33,4
YiqYCrOh,Muller A.,Kecmanovic M.,2,2,ou,21.50,over,ft,1.627,7
YiqYCrOh,Muller A.,Kecmanovic M.,2,2,ou,21.50,under,ft,2.153,7
YiqYCrOh,Muller A.,Kecmanovic M.,2,2,ou,22.00,over,ft,1.744,5
YiqYCrOh,Muller A.,Kecmanovic M.,2,2,ou,22.00,under,ft,2.008,5
YiqYCrOh,Muller A.,Kecmanovic M.,2,2,ou,22.50,over,ft,1.901,7
YiqYCrOh,Muller A.,Kecmanovic M.,2,2,ou,22.50,under,ft,1.856,7
YiqYCrOh,Muller A.,Kecmanovic M.,2,2,ou,23.00,over,ft,2.004,5
YiqYCrOh,Muller A.,Kecmanovic M.,2,2,ou,23.00,under,ft,1.748,5
YiqYCrOh,Muller A.,Kecmanovic M.,2,2,ou,23.50,over,ft,2.103,7
YiqYCrOh,Muller A.,Kecmanovic M.,2,2,ou,23.50,under,ft,1.663,7
YiqYCrOh,Muller A.,Kecmanovic M.,2,2,ou,24.00,over,ft,2.107,3
YiqYCrOh,Muller A.,Kecmanovic M.,2,2,ou,24.00,under,ft,1.627,3
YiqYCrOh,Muller A.,Kecmanovic M.,2,2,ou,24.50,over,ft,2.112,6
YiqYCrOh,Muller A.,Kecmanovic M.,2,2,ou,24.50,under,ft,1.643,6
YiqYCrOh,Muller A.,Kecmanovic M.,2,2,ou,25.00,over,ft,2.213,3
YiqYCrOh,Muller A.,Kecmanovic M.,2,2,ou,25.00,under,ft,1.537,3
YiqYCrOh,Muller A.,Kecmanovic M.,2,2,ou,25.50,over,ft,2.3,1
YiqYCrOh,Muller A.,Kecmanovic M.,2,2,ou,25.50,under,ft,1.53,1
YiqYCrOh,Muller A.,Kecmanovic M.,2,2,ou,26.50,over,ft,2.66,2
YiqYCrOh,Muller A.,Kecmanovic M.,2,2,ou,26.50,under,ft,1.44,2
YiqYCrOh,Muller A.,Kecmanovic M.,2,2,ou,27.50,over,ft,2.82,1
YiqYCrOh,Muller A.,Kecmanovic M.,2,2,ou,27.50,under,ft,1.37,1
YiqYCrOh,Muller A.,Kecmanovic M.,2,2,ou,28.50,over,ft,3.0,1
YiqYCrOh,Muller A.,Kecmanovic M.,2,2,ou,28.50,under,ft,1.32,1
YiqYCrOh,Muller A.,Kecmanovic M.,2,2,ou,29.50,over,ft,3.21,1
YiqYCrOh,Muller A.,Kecmanovic M.,2,2,ou,29.50,under,ft,1.27,1
YiqYCrOh,Muller A.,Kecmanovic M.,2,2,ou,30.50,over,ft,3.74,1
YiqYCrOh,Muller A.,Kecmanovic M.,2,2,ou,30.50,under,ft,1.21,1
YiqYCrOh,Muller A.,Kecmanovic M.,2,2,ou,31.50,over,ft,4.55,1
YiqYCrOh,Muller A.,Kecmanovic M.,2,2,ou,31.50,under,ft,1.15,1
YiqYCrOh,Muller A.,Kecmanovic M.,2,2,ou,32.50,over,ft,5.76,1
YiqYCrOh,Muller A.,Kecmanovic M.,2,2,ou,32.50,under,ft,1.09,1
YiqYCrOh,Muller A.,Kecmanovic M.,2,2,hc,1.50,home,ft,1.49,5
YiqYCrOh,Muller A.,Kecmanovic M.,2,2,hc,1.50,away,ft,2.5,5
YiqYCrOh,Muller A.,Kecmanovic M.,2,2,hc,-1.50,home,ft,3.65,4
YiqYCrOh,Muller A.,Kecmanovic M.,2,2,hc,-1.50,away,ft,1.262,4
YiqYCrOh,Muller A.,Kecmanovic M.,2,2,hc,0,home,ft,2.19,2
YiqYCrOh,Muller A.,Kecmanovic M.,2,2,hc,0,away,ft,1.62,2
YiqYCrOh,Muller A.,Kecmanovic M.,2,2,hc,0.50,home,ft,2.063,3
YiqYCrOh,Muller A.,Kecmanovic M.,2,2,hc,0.50,away,ft,1.687,3
YiqYCrOh,Muller A.,Kecmanovic M.,2,2,hc,-0.50,home,ft,2.26,2
YiqYCrOh,Muller A.,Kecmanovic M.,2,2,hc,-0.50,away,ft,1.58,2
YiqYCrOh,Muller A.,Kecmanovic M.,2,2,hc,1.00,home,ft,2.04,3
YiqYCrOh,Muller A.,Kecmanovic M.,2,2,hc,1.00,away,ft,1.75,3
YiqYCrOh,Muller A.,Kecmanovic M.,2,2,hc,-1.00,home,ft,2.39,2
YiqYCrOh,Muller A.,Kecmanovic M.,2,2,hc,-1.00,away,ft,1.52,2
YiqYCrOh,Muller A.,Kecmanovic M.,2,2,hc,1.50,home,ft,1.972,5
YiqYCrOh,Muller A.,Kecmanovic M.,2,2,hc,1.50,away,ft,1.782,5
YiqYCrOh,Muller A.,Kecmanovic M.,2,2,hc,-1.50,home,ft,2.313,3
YiqYCrOh,Muller A.,Kecmanovic M.,2,2,hc,-1.50,away,ft,1.547,3
YiqYCrOh,Muller A.,Kecmanovic M.,2,2,hc,2.00,home,ft,1.847,3
YiqYCrOh,Muller A.,Kecmanovic M.,2,2,hc,2.00,away,ft,1.92,3
YiqYCrOh,Muller A.,Kecmanovic M.,2,2,hc,2.50,home,ft,1.784,5
YiqYCrOh,Muller A.,Kecmanovic M.,2,2,hc,2.50,away,ft,2.0,5
YiqYCrOh,Muller A.,Kecmanovic M.,2,2,hc,3.00,home,ft,1.627,3
YiqYCrOh,Muller A.,Kecmanovic M.,2,2,hc,3.00,away,ft,2.227,3
YiqYCrOh,Muller A.,Kecmanovic M.,2,2,hc,3.50,home,ft,1.564,5
YiqYCrOh,Muller A.,Kecmanovic M.,2,2,hc,3.50,away,ft,2.312,5
YiqYCrOh,Muller A.,Kecmanovic M.,2,2,hc,-3.50,home,ft,3.65,1
YiqYCrOh,Muller A.,Kecmanovic M.,2,2,hc,-3.50,away,ft,1.28,1
YiqYCrOh,Muller A.,Kecmanovic M.,2,2,hc,4.00,home,ft,1.38,2
YiqYCrOh,Muller A.,Kecmanovic M.,2,2,hc,4.00,away,ft,2.85,2
YiqYCrOh,Muller A.,Kecmanovic M.,2,2,hc,4.50,home,ft,1.29,2
YiqYCrOh,Muller A.,Kecmanovic M.,2,2,hc,4.50,away,ft,3.13,2
YiqYCrOh,Muller A.,Kecmanovic M.,2,2,hc,5.00,home,ft,1.21,2
YiqYCrOh,Muller A.,Kecmanovic M.,2,2,hc,5.00,away,ft,4.05,2
YiqYCrOh,Muller A.,Kecmanovic M.,2,2,hc,5.50,home,ft,1.17,1
YiqYCrOh,Muller A.,Kecmanovic M.,2,2,hc,5.50,away,ft,5.02,1
nFkl90NH,Sonego L.,Sakamoto R.,2,2,ou,2.50,over,ft,2.35,3
nFkl90NH,Sonego L.,Sakamoto R.,2,2,ou,2.50,under,ft,1.56,3
nFkl90NH,Sonego L.,Sakamoto R.,2,2,ou,16.50,under,ft,12.99,1
nFkl90NH,Sonego L.,Sakamoto R.,2,2,ou,17.50,over,ft,1.03,1
nFkl90NH,Sonego L.,Sakamoto R.,2,2,ou,17.50,under,ft,7.51,1
nFkl90NH,Sonego L.,Sakamoto R.,2,2,ou,18.50,over,ft,1.14,1
nFkl90NH,Sonego L.,Sakamoto R.,2,2,ou,18.50,under,ft,4.79,1
nFkl90NH,Sonego L.,Sakamoto R.,2,2,ou,19.50,over,ft,1.26,1
nFkl90NH,Sonego L.,Sakamoto R.,2,2,ou,19.50,under,ft,3.42,1
nFkl90NH,Sonego L.,Sakamoto R.,2,2,ou,20.00,over,ft,1.257,3
nFkl90NH,Sonego L.,Sakamoto R.,2,2,ou,20.00,under,ft,3.27,3
nFkl90NH,Sonego L.,Sakamoto R.,2,2,ou,20.50,over,ft,1.38,4
nFkl90NH,Sonego L.,Sakamoto R.,2,2,ou,20.50,under,ft,2.803,4
nFkl90NH,Sonego L.,Sakamoto R.,2,2,ou,21.00,over,ft,1.413,3
nFkl90NH,Sonego L.,Sakamoto R.,2,2,ou,21.00,under,ft,2.603,3
nFkl90NH,Sonego L.,Sakamoto R.,2,2,ou,21.50,over,ft,1.522,6
nFkl90NH,Sonego L.,Sakamoto R.,2,2,ou,21.50,under,ft,2.348,6
nFkl90NH,Sonego L.,Sakamoto R.,2,2,ou,22.00,over,ft,1.613,4
nFkl90NH,Sonego L.,Sakamoto R.,2,2,ou,22.00,under,ft,2.228,4
nFkl90NH,Sonego L.,Sakamoto R.,2,2,ou,22.50,over,ft,1.786,7
nFkl90NH,Sonego L.,Sakamoto R.,2,2,ou,22.50,under,ft,1.957,7
nFkl90NH,Sonego L.,Sakamoto R.,2,2,ou,23.00,over,ft,1.91,5
nFkl90NH,Sonego L.,Sakamoto R.,2,2,ou,23.00,under,ft,1.83,5
nFkl90NH,Sonego L.,Sakamoto R.,2,2,ou,23.50,over,ft,2.007,7
nFkl90NH,Sonego L.,Sakamoto R.,2,2,ou,23.50,under,ft,1.759,7
nFkl90NH,Sonego L.,Sakamoto R.,2,2,ou,24.00,over,ft,2.062,4
nFkl90NH,Sonego L.,Sakamoto R.,2,2,ou,24.00,under,ft,1.69,4
nFkl90NH,Sonego L.,Sakamoto R.,2,2,ou,24.50,over,ft,2.043,6
nFkl90NH,Sonego L.,Sakamoto R.,2,2,ou,24.50,under,ft,1.683,6
nFkl90NH,Sonego L.,Sakamoto R.,2,2,ou,25.00,over,ft,2.11,3
nFkl90NH,Sonego L.,Sakamoto R.,2,2,ou,25.00,under,ft,1.6,3
nFkl90NH,Sonego L.,Sakamoto R.,2,2,ou,25.50,over,ft,2.163,3
nFkl90NH,Sonego L.,Sakamoto R.,2,2,ou,25.50,under,ft,1.59,3
nFkl90NH,Sonego L.,Sakamoto R.,2,2,ou,26.00,over,ft,2.31,2
nFkl90NH,Sonego L.,Sakamoto R.,2,2,ou,26.00,under,ft,1.5,2
nFkl90NH,Sonego L.,Sakamoto R.,2,2,ou,26.50,over,ft,2.503,3
nFkl90NH,Sonego L.,Sakamoto R.,2,2,ou,26.50,under,ft,1.47,3
nFkl90NH,Sonego L.,Sakamoto R.,2,2,ou,27.50,over,ft,2.64,1
nFkl90NH,Sonego L.,Sakamoto R.,2,2,ou,27.50,under,ft,1.41,1
nFkl90NH,Sonego L.,Sakamoto R.,2,2,ou,28.50,over,ft,2.9,1
nFkl90NH,Sonego L.,Sakamoto R.,2,2,ou,28.50,under,ft,1.35,1
nFkl90NH,Sonego L.,Sakamoto R.,2,2,ou,29.50,over,ft,3.07,1
nFkl90NH,Sonego L.,Sakamoto R.,2,2,ou,29.50,under,ft,1.31,1
nFkl90NH,Sonego L.,Sakamoto R.,2,2,ou,30.50,over,ft,3.35,1
nFkl90NH,Sonego L.,Sakamoto R.,2,2,ou,30.50,under,ft,1.25,1
nFkl90NH,Sonego L.,Sakamoto R.,2,2,ou,31.50,over,ft,4.03,1
nFkl90NH,Sonego L.,Sakamoto R.,2,2,ou,31.50,under,ft,1.18,1
nFkl90NH,Sonego L.,Sakamoto R.,2,2,ou,32.50,over,ft,4.99,1
nFkl90NH,Sonego L.,Sakamoto R.,2,2,ou,32.50,under,ft,1.12,1
nFkl90NH,Sonego L.,Sakamoto R.,2,2,hc,1.50,home,ft,1.18,4
nFkl90NH,Sonego L.,Sakamoto R.,2,2,hc,1.50,away,ft,4.595,4
nFkl90NH,Sonego L.,Sakamoto R.,2,2,hc,-1.50,home,ft,2.204,5
nFkl90NH,Sonego L.,Sakamoto R.,2,2,hc,-1.50,away,ft,1.618,5
nFkl90NH,Sonego L.,Sakamoto R.,2,2,hc,0,home,ft,1.43,2
nFkl90NH,Sonego L.,Sakamoto R.,2,2,hc,0,away,ft,2.66,2
nFkl90NH,Sonego L.,Sakamoto R.,2,2,hc,-0.50,home,ft,1.48,2
nFkl90NH,Sonego L.,Sakamoto R.,2,2,hc,-0.50,away,ft,2.5,2
nFkl90NH,Sonego L.,Sakamoto R.,2,2,hc,-1.00,home,ft,1.52,2
nFkl90NH,Sonego L.,Sakamoto R.,2,2,hc,-1.00,away,ft,2.39,2
nFkl90NH,Sonego L.,Sakamoto R.,2,2,hc,1.50,home,ft,1.35,1
nFkl90NH,Sonego L.,Sakamoto R.,2,2,hc,1.50,away,ft,3.16,1
nFkl90NH,Sonego L.,Sakamoto R.,2,2,hc,-1.50,home,ft,1.598,5
nFkl90NH,Sonego L.,Sakamoto R.,2,2,hc,-1.50,away,ft,2.244,5
nFkl90NH,Sonego L.,Sakamoto R.,2,2,hc,-2.00,home,ft,1.683,3
nFkl90NH,Sonego L.,Sakamoto R.,2,2,hc,-2.00,away,ft,2.133,3
nFkl90NH,Sonego L.,Sakamoto R.,2,2,hc,-2.50,home,ft,1.85,4
nFkl90NH,Sonego L.,Sakamoto R.,2,2,hc,-2.50,away,ft,1.948,4
nFkl90NH,Sonego L.,Sakamoto R.,2,2,hc,-3.00,home,ft,2.02,3
nFkl90NH,Sonego L.,Sakamoto R.,2,2,hc,-3.00,away,ft,1.763,3
nFkl90NH,Sonego L.,Sakamoto R.,2,2,hc,-3.50,home,ft,2.202,5
nFkl90NH,Sonego L.,Sakamoto R.,2,2,hc,-3.50,away,ft,1.616,5
nFkl90NH,Sonego L.,Sakamoto R.,2,2,hc,-4.00,home,ft,2.823,3
nFkl90NH,Sonego L.,Sakamoto R.,2,2,hc,-4.00,away,ft,1.41,3
nFkl90NH,Sonego L.,Sakamoto R.,2,2,hc,-4.50,home,ft,3.14,2
nFkl90NH,Sonego L.,Sakamoto R.,2,2,hc,-4.50,away,ft,1.32,2
nFkl90NH,Sonego L.,Sakamoto R.,2,2,hc,-5.00,home,ft,4.5,2
nFkl90NH,Sonego L.,Sakamoto R.,2,2,hc,-5.00,away,ft,1.17,2
nFkl90NH,Sonego L.,Sakamoto R.,2,2,hc,-5.50,home,ft,5.067,3
nFkl90NH,Sonego L.,Sakamoto R.,2,2,hc,-5.50,away,ft,1.153,3
nFkl90NH,Sonego L.,Sakamoto R.,2,2,hc,-6.00,home,ft,7.5,2
nFkl90NH,Sonego L.,Sakamoto R.,2,2,hc,-6.00,away,ft,1.06,2
IFZk05vm,Wu Y.,Marozsan F.,2,2,ou,2.50,over,ft,2.32,2
IFZk05vm,Wu Y.,Marozsan F.,2,2,ou,2.50,under,ft,1.595,2
IFZk05vm,Wu Y.,Marozsan F.,2,2,ou,18.50,over,ft,1.18,1
IFZk05vm,Wu Y.,Marozsan F.,2,2,ou,18.50,under,ft,4.88,1
IFZk05vm,Wu Y.,Marozsan F.,2,2,ou,19.50,over,ft,1.33,2
IFZk05vm,Wu Y.,Marozsan F.,2,2,ou,19.50,under,ft,2.93,2
IFZk05vm,Wu Y.,Marozsan F.,2,2,ou,20.00,over,ft,1.3,2
IFZk05vm,Wu Y.,Marozsan F.,2,2,ou,20.00,under,ft,3.04,2
IFZk05vm,Wu Y.,Marozsan F.,2,2,ou,20.50,over,ft,1.443,3
IFZk05vm,Wu Y.,Marozsan F.,2,2,ou,20.50,under,ft,2.583,3
IFZk05vm,Wu Y.,Marozsan F.,2,2,ou,21.00,over,ft,1.513,3
IFZk05vm,Wu Y.,Marozsan F.,2,2,ou,21.00,under,ft,2.43,3
IFZk05vm,Wu Y.,Marozsan F.,2,2,ou,21.50,over,ft,1.608,6
IFZk05vm,Wu Y.,Marozsan F.,2,2,ou,21.50,under,ft,2.21,6
IFZk05vm,Wu Y.,Marozsan F.,2,2,ou,22.00,over,ft,1.712,4
IFZk05vm,Wu Y.,Marozsan F.,2,2,ou,22.00,under,ft,2.062,4
IFZk05vm,Wu Y.,Marozsan F.,2,2,ou,22.50,over,ft,1.885,6
IFZk05vm,Wu Y.,Marozsan F.,2,2,ou,22.50,under,ft,1.853,6
IFZk05vm,Wu Y.,Marozsan F.,2,2,ou,23.00,over,ft,1.995,4
IFZk05vm,Wu Y.,Marozsan F.,2,2,ou,23.00,under,ft,1.768,4
IFZk05vm,Wu Y.,Marozsan F.,2,2,ou,23.50,over,ft,2.117,6
IFZk05vm,Wu Y.,Marozsan F.,2,2,ou,23.50,under,ft,1.657,6
IFZk05vm,Wu Y.,Marozsan F.,2,2,ou,24.00,over,ft,2.14,2
IFZk05vm,Wu Y.,Marozsan F.,2,2,ou,24.00,under,ft,1.62,2
IFZk05vm,Wu Y.,Marozsan F.,2,2,ou,24.50,over,ft,2.11,4
IFZk05vm,Wu Y.,Marozsan F.,2,2,ou,24.50,under,ft,1.647,4
IFZk05vm,Wu Y.,Marozsan F.,2,2,ou,25.00,over,ft,2.24,2
IFZk05vm,Wu Y.,Marozsan F.,2,2,ou,25.00,under,ft,1.53,2
IFZk05vm,Wu Y.,Marozsan F.,2,2,ou,25.50,over,ft,2.56,2
IFZk05vm,Wu Y.,Marozsan F.,2,2,ou,25.50,under,ft,1.43,2
IFZk05vm,Wu Y.,Marozsan F.,2,2,ou,26.50,over,ft,2.853,3
IFZk05vm,Wu Y.,Marozsan F.,2,2,ou,26.50,under,ft,1.377,3
IFZk05vm,Wu Y.,Marozsan F.,2,2,ou,27.50,over,ft,3.33,2
IFZk05vm,Wu Y.,Marozsan F.,2,2,ou,27.50,under,ft,1.26,2
IFZk05vm,Wu Y.,Marozsan F.,2,2,hc,1.50,home,ft,1.452,5
IFZk05vm,Wu Y.,Marozsan F.,2,2,hc,1.50,away,ft,2.622,5
IFZk05vm,Wu Y.,Marozsan F.,2,2,hc,-1.50,home,ft,3.16,5
IFZk05vm,Wu Y.,Marozsan F.,2,2,hc,-1.50,away,ft,1.33,5
IFZk05vm,Wu Y.,Marozsan F.,2,2,hc,0,home,ft,2.04,2
IFZk05vm,Wu Y.,Marozsan F.,2,2,hc,0,away,ft,1.66,2
IFZk05vm,Wu Y.,Marozsan F.,2,2,hc,0.50,home,ft,1.99,4
IFZk05vm,Wu Y.,Marozsan F.,2,2,hc,0.50,away,ft,1.745,4
IFZk05vm,Wu Y.,Marozsan F.,2,2,hc,-0.50,home,ft,1.93,5
IFZk05vm,Wu Y.,Marozsan F.,2,2,hc,-0.50,away,ft,1.78,5
IFZk05vm,Wu Y.,Marozsan F.,2,2,hc,1.00,home,ft,1.93,3
IFZk05vm,Wu Y.,Marozsan F.,2,2,hc,1.00,away,ft,1.793,3
IFZk05vm,Wu Y.,Marozsan F.,2,2,hc,-1.00,home,ft,2.2,2
IFZk05vm,Wu Y.,Marozsan F.,2,2,hc,-1.00,away,ft,1.56,2
IFZk05vm,Wu Y.,Marozsan F.,2,2,hc,1.50,home,ft,1.866,5
IFZk05vm,Wu Y.,Marozsan F.,2,2,hc,1.50,away,ft,1.844,5
IFZk05vm,Wu Y.,Marozsan F.,2,2,hc,-1.50,home,ft,2.263,4
IFZk05vm,Wu Y.,Marozsan F.,2,2,hc,-1.50,away,ft,1.587,4
IFZk05vm,Wu Y.,Marozsan F.,2,2,hc,2.00,home,ft,1.76,3
IFZk05vm,Wu Y.,Marozsan F.,2,2,hc,2.00,away,ft,1.98,3
IFZk05vm,Wu Y.,Marozsan F.,2,2,hc,-2.00,home,ft,1.96,2
IFZk05vm,Wu Y.,Marozsan F.,2,2,hc,-2.00,away,ft,1.72,2
IFZk05vm,Wu Y.,Marozsan F.,2,2,hc,2.50,home,ft,1.667,4
IFZk05vm,Wu Y.,Marozsan F.,2,2,hc,2.50,away,ft,2.098,4
IFZk05vm,Wu Y.,Marozsan F.,2,2,hc,-2.50,home,ft,2.09,3
IFZk05vm,Wu Y.,Marozsan F.,2,2,hc,-2.50,away,ft,1.64,3
IFZk05vm,Wu Y.,Marozsan F.,2,2,hc,3.00,home,ft,1.54,3
IFZk05vm,Wu Y.,Marozsan F.,2,2,hc,3.00,away,ft,2.343,3
IFZk05vm,Wu Y.,Marozsan F.,2,2,hc,-3.00,home,ft,2.32,2
IFZk05vm,Wu Y.,Marozsan F.,2,2,hc,-3.00,away,ft,1.51,2
IFZk05vm,Wu Y.,Marozsan F.,2,2,hc,3.50,home,ft,1.475,4
IFZk05vm,Wu Y.,Marozsan F.,2,2,hc,3.50,away,ft,2.495,4
IFZk05vm,Wu Y.,Marozsan F.,2,2,hc,-3.50,home,ft,2.837,3
IFZk05vm,Wu Y.,Marozsan F.,2,2,hc,-3.50,away,ft,1.41,3
IFZk05vm,Wu Y.,Marozsan F.,2,2,hc,4.00,home,ft,1.28,2
IFZk05vm,Wu Y.,Marozsan F.,2,2,hc,4.00,away,ft,3.21,2
IFZk05vm,Wu Y.,Marozsan F.,2,2,hc,-4.00,home,ft,3.2,2
IFZk05vm,Wu Y.,Marozsan F.,2,2,hc,-4.00,away,ft,1.31,2
IFZk05vm,Wu Y.,Marozsan F.,2,2,hc,4.50,home,ft,1.31,2
IFZk05vm,Wu Y.,Marozsan F.,2,2,hc,4.50,away,ft,3.05,2
IFZk05vm,Wu Y.,Marozsan F.,2,2,hc,5.00,home,ft,1.15,2
IFZk05vm,Wu Y.,Marozsan F.,2,2,hc,5.00,away,ft,4.8,2
IFZk05vm,Wu Y.,Marozsan F.,2,2,hc,5.50,home,ft,1.14,1
IFZk05vm,Wu Y.,Marozsan F.,2,2,hc,5.50,away,ft,5.64,1
MDFFf18O,Cilic M.,Mannarino A.,2,2,ou,2.50,over,ft,2.35,2
MDFFf18O,Cilic M.,Mannarino A.,2,2,ou,2.50,under,ft,1.58,2
MDFFf18O,Cilic M.,Mannarino A.,2,2,ou,20.00,over,ft,1.28,2
MDFFf18O,Cilic M.,Mannarino A.,2,2,ou,20.00,under,ft,3.14,2
MDFFf18O,Cilic M.,Mannarino A.,2,2,ou,20.50,over,ft,1.39,2
MDFFf18O,Cilic M.,Mannarino A.,2,2,ou,20.50,under,ft,2.67,2
MDFFf18O,Cilic M.,Mannarino A.,2,2,ou,21.00,over,ft,1.44,2
MDFFf18O,Cilic M.,Mannarino A.,2,2,ou,21.00,under,ft,2.55,2
MDFFf18O,Cilic M.,Mannarino A.,2,2,ou,21.50,over,ft,1.545,6
MDFFf18O,Cilic M.,Mannarino A.,2,2,ou,21.50,under,ft,2.338,6
MDFFf18O,Cilic M.,Mannarino A.,2,2,ou,22.00,over,ft,1.65,3
MDFFf18O,Cilic M.,Mannarino A.,2,2,ou,22.00,under,ft,2.183,3
MDFFf18O,Cilic M.,Mannarino A.,2,2,ou,22.50,over,ft,1.81,6
MDFFf18O,Cilic M.,Mannarino A.,2,2,ou,22.50,under,ft,1.94,6
MDFFf18O,Cilic M.,Mannarino A.,2,2,ou,23.00,over,ft,1.922,4
MDFFf18O,Cilic M.,Mannarino A.,2,2,ou,23.00,under,ft,1.833,4
MDFFf18O,Cilic M.,Mannarino A.,2,2,ou,23.50,over,ft,2.018,6
MDFFf18O,Cilic M.,Mannarino A.,2,2,ou,23.50,under,ft,1.72,6
MDFFf18O,Cilic M.,Mannarino A.,2,2,ou,24.00,over,ft,2.073,3
MDFFf18O,Cilic M.,Mannarino A.,2,2,ou,24.00,under,ft,1.697,3
MDFFf18O,Cilic M.,Mannarino A.,2,2,ou,24.50,over,ft,2.022,5
MDFFf18O,Cilic M.,Mannarino A.,2,2,ou,24.50,under,ft,1.678,5
MDFFf18O,Cilic M.,Mannarino A.,2,2,ou,25.00,over,ft,2.11,2
MDFFf18O,Cilic M.,Mannarino A.,2,2,ou,25.00,under,ft,1.6,2
MDFFf18O,Cilic M.,Mannarino A.,2,2,ou,25.50,over,ft,2.1,2
MDFFf18O,Cilic M.,Mannarino A.,2,2,ou,25.50,under,ft,1.62,2
MDFFf18O,Cilic M.,Mannarino A.,2,2,ou,26.00,over,ft,2.24,2
MDFFf18O,Cilic M.,Mannarino A.,2,2,ou,26.00,under,ft,1.53,2
MDFFf18O,Cilic M.,Mannarino A.,2,2,ou,26.50,over,ft,2.5,1
MDFFf18O,Cilic M.,Mannarino A.,2,2,ou,26.50,under,ft,1.45,1
MDFFf18O,Cilic M.,Mannarino A.,2,2,hc,1.50,home,ft,1.305,4
MDFFf18O,Cilic M.,Mannarino A.,2,2,hc,1.50,away,ft,3.345,4
MDFFf18O,Cilic M.,Mannarino A.,2,2,hc,-1.50,home,ft,2.76,5
MDFFf18O,Cilic M.,Mannarino A.,2,2,hc,-1.50,away,ft,1.41,5
MDFFf18O,Cilic M.,Mannarino A.,2,2,hc,0,home,ft,1.707,3
MDFFf18O,Cilic M.,Mannarino A.,2,2,hc,0,away,ft,2.047,3
MDFFf18O,Cilic M.,Mannarino A.,2,2,hc,0.50,home,ft,1.685,4
MDFFf18O,Cilic M.,Mannarino A.,2,2,hc,0.50,away,ft,2.072,4
MDFFf18O,Cilic M.,Mannarino A.,2,2,hc,-0.50,home,ft,1.78,5
MDFFf18O,Cilic M.,Mannarino A.,2,2,hc,-0.50,away,ft,1.94,5
MDFFf18O,Cilic M.,Mannarino A.,2,2,hc,1.00,home,ft,1.59,2
MDFFf18O,Cilic M.,Mannarino A.,2,2,hc,1.00,away,ft,2.17,2
MDFFf18O,Cilic M.,Mannarino A.,2,2,hc,-1.00,home,ft,1.84,3
MDFFf18O,Cilic M.,Mannarino A.,2,2,hc,-1.00,away,ft,1.887,3
MDFFf18O,Cilic M.,Mannarino A.,2,2,hc,1.50,home,ft,1.54,2
MDFFf18O,Cilic M.,Mannarino A.,2,2,hc,1.50,away,ft,2.25,2
MDFFf18O,Cilic M.,Mannarino A.,2,2,hc,-1.50,home,ft,1.917,4
MDFFf18O,Cilic M.,Mannarino A.,2,2,hc,-1.50,away,ft,1.79,4
MDFFf18O,Cilic M.,Mannarino A.,2,2,hc,2.00,home,ft,1.47,2
MDFFf18O,Cilic M.,Mannarino A.,2,2,hc,2.00,away,ft,2.43,2
MDFFf18O,Cilic M.,Mannarino A.,2,2,hc,-2.00,home,ft,2.03,3
MDFFf18O,Cilic M.,Mannarino A.,2,2,hc,-2.00,away,ft,1.717,3
MDFFf18O,Cilic M.,Mannarino A.,2,2,hc,2.50,home,ft,1.45,2
MDFFf18O,Cilic M.,Mannarino A.,2,2,hc,2.50,away,ft,2.49,2
MDFFf18O,Cilic M.,Mannarino A.,2,2,hc,-2.50,home,ft,2.163,4
MDFFf18O,Cilic M.,Mannarino A.,2,2,hc,-2.50,away,ft,1.635,4
MDFFf18O,Cilic M.,Mannarino A.,2,2,hc,-3.00,home,ft,2.413,3
MDFFf18O,Cilic M.,Mannarino A.,2,2,hc,-3.00,away,ft,1.517,3
MDFFf18O,Cilic M.,Mannarino A.,2,2,hc,3.50,home,ft,1.3,2
MDFFf18O,Cilic M.,Mannarino A.,2,2,hc,3.50,away,ft,3.12,2
MDFFf18O,Cilic M.,Mannarino A.,2,2,hc,-3.50,home,ft,2.64,2
MDFFf18O,Cilic M.,Mannarino A.,2,2,hc,-3.50,away,ft,1.4,2
MDFFf18O,Cilic M.,Mannarino A.,2,2,hc,-4.00,home,ft,3.35,2
MDFFf18O,Cilic M.,Mannarino A.,2,2,hc,-4.00,away,ft,1.26,2
MDFFf18O,Cilic M.,Mannarino A.,2,2,hc,4.50,home,ft,1.16,2
MDFFf18O,Cilic M.,Mannarino A.,2,2,hc,4.50,away,ft,4.3,2
MDFFf18O,Cilic M.,Mannarino A.,2,2,hc,-4.50,home,ft,3.62,2
MDFFf18O,Cilic M.,Mannarino A.,2,2,hc,-4.50,away,ft,1.22,2
MDFFf18O,Cilic M.,Mannarino A.,2,2,hc,-5.50,home,ft,4.89,2
MDFFf18O,Cilic M.,Mannarino A.,2,2,hc,-5.50,away,ft,1.13,2
Qa1uBMh5,Dzumhur D.,Borges N.,0,0,ou,2.50,over,ft,2.435,2
Qa1uBMh5,Dzumhur D.,Borges N.,0,0,ou,2.50,under,ft,1.555,2
Qa1uBMh5,Dzumhur D.,Borges N.,0,0,ou,18.50,over,ft,1.2,1
Qa1uBMh5,Dzumhur D.,Borges N.,0,0,ou,18.50,under,ft,4.59,1
Qa1uBMh5,Dzumhur D.,Borges N.,0,0,ou,19.00,over,ft,1.28,2
Qa1uBMh5,Dzumhur D.,Borges N.,0,0,ou,19.00,under,ft,3.14,2
Qa1uBMh5,Dzumhur D.,Borges N.,0,0,ou,19.50,over,ft,1.4,2
Qa1uBMh5,Dzumhur D.,Borges N.,0,0,ou,19.50,under,ft,2.64,2
Qa1uBMh5,Dzumhur D.,Borges N.,0,0,ou,20.00,over,ft,1.37,2
Qa1uBMh5,Dzumhur D.,Borges N.,0,0,ou,20.00,under,ft,2.71,2
Qa1uBMh5,Dzumhur D.,Borges N.,0,0,ou,20.50,over,ft,1.498,4
Qa1uBMh5,Dzumhur D.,Borges N.,0,0,ou,20.50,under,ft,2.422,4
Qa1uBMh5,Dzumhur D.,Borges N.,0,0,ou,21.00,over,ft,1.55,2
Qa1uBMh5,Dzumhur D.,Borges N.,0,0,ou,21.00,under,ft,2.26,2
Qa1uBMh5,Dzumhur D.,Borges N.,0,0,ou,21.50,over,ft,1.642,5
Qa1uBMh5,Dzumhur D.,Borges N.,0,0,ou,21.50,under,ft,2.148,5
Qa1uBMh5,Dzumhur D.,Borges N.,0,0,ou,22.00,over,ft,1.78,4
Qa1uBMh5,Dzumhur D.,Borges N.,0,0,ou,22.00,under,ft,1.982,4
Qa1uBMh5,Dzumhur D.,Borges N.,0,0,ou,22.50,over,ft,1.926,5
Qa1uBMh5,Dzumhur D.,Borges N.,0,0,ou,22.50,under,ft,1.848,5
Qa1uBMh5,Dzumhur D.,Borges N.,0,0,ou,23.00,over,ft,2.055,4
Qa1uBMh5,Dzumhur D.,Borges N.,0,0,ou,23.00,under,ft,1.722,4
Qa1uBMh5,Dzumhur D.,Borges N.,0,0,ou,23.50,over,ft,2.172,5
Qa1uBMh5,Dzumhur D.,Borges N.,0,0,ou,23.50,under,ft,1.632,5
Qa1uBMh5,Dzumhur D.,Borges N.,0,0,ou,24.00,over,ft,2.16,2
Qa1uBMh5,Dzumhur D.,Borges N.,0,0,ou,24.00,under,ft,1.6,2
Qa1uBMh5,Dzumhur D.,Borges N.,0,0,ou,24.50,over,ft,2.212,4
Qa1uBMh5,Dzumhur D.,Borges N.,0,0,ou,24.50,under,ft,1.585,4
Qa1uBMh5,Dzumhur D.,Borges N.,0,0,ou,25.00,over,ft,2.29,2
Qa1uBMh5,Dzumhur D.,Borges N.,0,0,ou,25.00,under,ft,1.51,2
Qa1uBMh5,Dzumhur D.,Borges N.,0,0,ou,26.50,over,ft,2.83,1
Qa1uBMh5,Dzumhur D.,Borges N.,0,0,ou,26.50,under,ft,1.42,1
Qa1uBMh5,Dzumhur D.,Borges N.,0,0,hc,1.50,home,ft,1.677,4
Qa1uBMh5,Dzumhur D.,Borges N.,0,0,hc,1.50,away,ft,2.13,4
Qa1uBMh5,Dzumhur D.,Borges N.,0,0,hc,-1.50,home,ft,4.727,3
Qa1uBMh5,Dzumhur D.,Borges N.,0,0,hc,-1.50,away,ft,1.173,3
Qa1uBMh5,Dzumhur D.,Borges N.,0,0,hc,0,home,ft,2.69,2
Qa1uBMh5,Dzumhur D.,Borges N.,0,0,hc,0,away,ft,1.42,2
Qa1uBMh5,Dzumhur D.,Borges N.,0,0,hc,0.50,home,ft,2.53,2
Qa1uBMh5,Dzumhur D.,Borges N.,0,0,hc,0.50,away,ft,1.47,2
Qa1uBMh5,Dzumhur D.,Borges N.,0,0,hc,1.00,home,ft,2.5,2
Qa1uBMh5,Dzumhur D.,Borges N.,0,0,hc,1.00,away,ft,1.48,2
Qa1uBMh5,Dzumhur D.,Borges N.,0,0,hc,1.50,home,ft,2.38,3
Qa1uBMh5,Dzumhur D.,Borges N.,0,0,hc,1.50,away,ft,1.54,3
Qa1uBMh5,Dzumhur D.,Borges N.,0,0,hc,-1.50,home,ft,3.22,1
Qa1uBMh5,Dzumhur D.,Borges N.,0,0,hc,-1.50,away,ft,1.34,1
Qa1uBMh5,Dzumhur D.,Borges N.,0,0,hc,2.00,home,ft,2.257,3
Qa1uBMh5,Dzumhur D.,Borges N.,0,0,hc,2.00,away,ft,1.61,3
Qa1uBMh5,Dzumhur D.,Borges N.,0,0,hc,2.50,home,ft,1.962,4
Qa1uBMh5,Dzumhur D.,Borges N.,0,0,hc,2.50,away,ft,1.847,4
Qa1uBMh5,Dzumhur D.,Borges N.,0,0,hc,3.00,home,ft,1.917,3
Qa1uBMh5,Dzumhur D.,Borges N.,0,0,hc,3.00,away,ft,1.853,3
Qa1uBMh5,Dzumhur D.,Borges N.,0,0,hc,3.50,home,ft,1.77,3
Qa1uBMh5,Dzumhur D.,Borges N.,0,0,hc,3.50,away,ft,2.057,3
Qa1uBMh5,Dzumhur D.,Borges N.,0,0,hc,4.00,home,ft,1.55,3
Qa1uBMh5,Dzumhur D.,Borges N.,0,0,hc,4.00,away,ft,2.387,3
Qa1uBMh5,Dzumhur D.,Borges N.,0,0,hc,4.50,home,ft,1.677,3
Qa1uBMh5,Dzumhur D.,Borges N.,0,0,hc,4.50,away,ft,2.287,3
Qa1uBMh5,Dzumhur D.,Borges N.,0,0,hc,5.00,home,ft,1.28,2
Qa1uBMh5,Dzumhur D.,Borges N.,0,0,hc,5.00,away,ft,3.4,2
Qa1uBMh5,Dzumhur D.,Borges N.,0,0,hc,5.50,home,ft,1.223,3
Qa1uBMh5,Dzumhur D.,Borges N.,0,0,hc,5.50,away,ft,3.983,3
Qa1uBMh5,Dzumhur D.,Borges N.,0,0,hc,6.00,home,ft,1.11,2
Qa1uBMh5,Dzumhur D.,Borges N.,0,0,hc,6.00,away,ft,5.7,2
Qa1uBMh5,Dzumhur D.,Borges N.,0,0,hc,7.50,home,ft,1.03,1
Qa1uBMh5,Dzumhur D.,Borges N.,0,0,hc,7.50,away,ft,14.41,1
2Jarqz24,Nava E.,Djere L.,0,0,ou,2.50,over,ft,2.28,2
2Jarqz24,Nava E.,Djere L.,0,0,ou,2.50,under,ft,1.605,2
2Jarqz24,Nava E.,Djere L.,0,0,ou,20.50,over,ft,1.3,1
2Jarqz24,Nava E.,Djere L.,0,0,ou,20.50,under,ft,3.4,1
2Jarqz24,Nava E.,Djere L.,0,0,ou,21.50,over,ft,1.5,3
2Jarqz24,Nava E.,Djere L.,0,0,ou,21.50,under,ft,2.347,3
2Jarqz24,Nava E.,Djere L.,0,0,ou,22.00,over,ft,1.577,3
2Jarqz24,Nava E.,Djere L.,0,0,ou,22.00,under,ft,2.267,3
2Jarqz24,Nava E.,Djere L.,0,0,ou,22.50,over,ft,1.768,6
2Jarqz24,Nava E.,Djere L.,0,0,ou,22.50,under,ft,1.952,6
2Jarqz24,Nava E.,Djere L.,0,0,ou,23.00,over,ft,1.835,4
2Jarqz24,Nava E.,Djere L.,0,0,ou,23.00,under,ft,1.885,4
2Jarqz24,Nava E.,Djere L.,0,0,ou,23.50,over,ft,1.98,5
2Jarqz24,Nava E.,Djere L.,0,0,ou,23.50,under,ft,1.74,5
2Jarqz24,Nava E.,Djere L.,0,0,ou,24.00,over,ft,2.02,1
2Jarqz24,Nava E.,Djere L.,0,0,ou,24.00,under,ft,1.81,1
2Jarqz24,Nava E.,Djere L.,0,0,ou,24.50,over,ft,2.04,2
2Jarqz24,Nava E.,Djere L.,0,0,ou,24.50,under,ft,1.725,2
2Jarqz24,Nava E.,Djere L.,0,0,ou,26.50,over,ft,2.45,1
2Jarqz24,Nava E.,Djere L.,0,0,ou,26.50,under,ft,1.52,1
2Jarqz24,Nava E.,Djere L.,0,0,ou,28.50,over,ft,2.78,1
2Jarqz24,Nava E.,Djere L.,0,0,ou,28.50,under,ft,1.42,1
2Jarqz24,Nava E.,Djere L.,0,0,hc,1.50,home,ft,1.27,3
2Jarqz24,Nava E.,Djere L.,0,0,hc,1.50,away,ft,3.487,3
2Jarqz24,Nava E.,Djere L.,0,0,hc,-1.50,home,ft,2.606,5
2Jarqz24,Nava E.,Djere L.,0,0,hc,-1.50,away,ft,1.444,5
2Jarqz24,Nava E.,Djere L.,0,0,hc,0,home,ft,1.637,3
2Jarqz24,Nava E.,Djere L.,0,0,hc,0,away,ft,2.133,3
2Jarqz24,Nava E.,Djere L.,0,0,hc,0.50,home,ft,1.62,3
2Jarqz24,Nava E.,Djere L.,0,0,hc,0.50,away,ft,2.167,3
2Jarqz24,Nava E.,Djere L.,0,0,hc,-0.50,home,ft,1.683,3
2Jarqz24,Nava E.,Djere L.,0,0,hc,-0.50,away,ft,2.06,3
2Jarqz24,Nava E.,Djere L.,0,0,hc,-1.00,home,ft,1.74,3
2Jarqz24,Nava E.,Djere L.,0,0,hc,-1.00,away,ft,1.99,3
2Jarqz24,Nava E.,Djere L.,0,0,hc,1.50,home,ft,1.49,3
2Jarqz24,Nava E.,Djere L.,0,0,hc,1.50,away,ft,2.43,3
2Jarqz24,Nava E.,Djere L.,0,0,hc,-1.50,home,ft,1.833,4
2Jarqz24,Nava E.,Djere L.,0,0,hc,-1.50,away,ft,1.868,4
2Jarqz24,Nava E.,Djere L.,0,0,hc,-2.00,home,ft,1.943,3
2Jarqz24,Nava E.,Djere L.,0,0,hc,-2.00,away,ft,1.777,3
2Jarqz24,Nava E.,Djere L.,0,0,hc,2.50,home,ft,1.42,2
2Jarqz24,Nava E.,Djere L.,0,0,hc,2.50,away,ft,2.58,2
2Jarqz24,Nava E.,Djere L.,0,0,hc,-2.50,home,ft,2.057,3
2Jarqz24,Nava E.,Djere L.,0,0,hc,-2.50,away,ft,1.687,3
2Jarqz24,Nava E.,Djere L.,0,0,hc,-3.00,home,ft,2.37,3
2Jarqz24,Nava E.,Djere L.,0,0,hc,-3.00,away,ft,1.52,3
2Jarqz24,Nava E.,Djere L.,0,0,hc,3.50,home,ft,1.23,1
2Jarqz24,Nava E.,Djere L.,0,0,hc,3.50,away,ft,4.02,1
2Jarqz24,Nava E.,Djere L.,0,0,hc,-3.50,home,ft,2.65,3
2Jarqz24,Nava E.,Djere L.,0,0,hc,-3.50,away,ft,1.423,3
2Jarqz24,Nava E.,Djere L.,0,0,hc,-4.00,home,ft,2.93,2
2Jarqz24,Nava E.,Djere L.,0,0,hc,-4.00,away,ft,1.34,2
2Jarqz24,Nava E.,Djere L.,0,0,hc,-4.50,home,ft,3.26,2
2Jarqz24,Nava E.,Djere L.,0,0,hc,-4.50,away,ft,1.28,2
2Jarqz24,Nava E.,Djere L.,0,0,hc,-5.50,home,ft,7.93,1
2Jarqz24,Nava E.,Djere L.,0,0,hc,-5.50,away,ft,1.08,1
noY4n98d,Struff J-L.,Basavareddy N.,2,2,ou,2.50,over,ft,2.39,1
noY4n98d,Struff J-L.,Basavareddy N.,2,2,ou,2.50,under,ft,1.58,1
noY4n98d,Struff J-L.,Basavareddy N.,2,2,ou,21.50,over,ft,1.523,3
noY4n98d,Struff J-L.,Basavareddy N.,2,2,ou,21.50,under,ft,2.297,3
noY4n98d,Struff J-L.,Basavareddy N.,2,2,ou,22.00,over,ft,1.627,3
noY4n98d,Struff J-L.,Basavareddy N.,2,2,ou,22.00,under,ft,2.17,3
noY4n98d,Struff J-L.,Basavareddy N.,2,2,ou,22.50,over,ft,1.787,6
noY4n98d,Struff J-L.,Basavareddy N.,2,2,ou,22.50,under,ft,1.927,6
noY4n98d,Struff J-L.,Basavareddy N.,2,2,ou,23.00,over,ft,1.9,4
noY4n98d,Struff J-L.,Basavareddy N.,2,2,ou,23.00,under,ft,1.82,4
noY4n98d,Struff J-L.,Basavareddy N.,2,2,ou,23.50,over,ft,2.015,4
noY4n98d,Struff J-L.,Basavareddy N.,2,2,ou,23.50,under,ft,1.712,4
noY4n98d,Struff J-L.,Basavareddy N.,2,2,ou,24.00,over,ft,2.023,3
noY4n98d,Struff J-L.,Basavareddy N.,2,2,ou,24.00,under,ft,1.72,3
noY4n98d,Struff J-L.,Basavareddy N.,2,2,ou,24.50,over,ft,1.98,2
noY4n98d,Struff J-L.,Basavareddy N.,2,2,ou,24.50,under,ft,1.7,2
noY4n98d,Struff J-L.,Basavareddy N.,2,2,ou,25.00,over,ft,1.92,2
noY4n98d,Struff J-L.,Basavareddy N.,2,2,ou,25.00,under,ft,1.77,2
noY4n98d,Struff J-L.,Basavareddy N.,2,2,ou,25.50,over,ft,1.97,2
noY4n98d,Struff J-L.,Basavareddy N.,2,2,ou,25.50,under,ft,1.71,2
noY4n98d,Struff J-L.,Basavareddy N.,2,2,hc,1.50,home,ft,1.418,5
noY4n98d,Struff J-L.,Basavareddy N.,2,2,hc,1.50,away,ft,2.674,5
noY4n98d,Struff J-L.,Basavareddy N.,2,2,hc,-1.50,home,ft,3.212,5
noY4n98d,Struff J-L.,Basavareddy N.,2,2,hc,-1.50,away,ft,1.31,5
noY4n98d,Struff J-L.,Basavareddy N.,2,2,hc,0,home,ft,2.057,3
noY4n98d,Struff J-L.,Basavareddy N.,2,2,hc,0,away,ft,1.697,3
noY4n98d,Struff J-L.,Basavareddy N.,2,2,hc,0.50,home,ft,1.96,4
noY4n98d,Struff J-L.,Basavareddy N.,2,2,hc,0.50,away,ft,1.755,4
noY4n98d,Struff J-L.,Basavareddy N.,2,2,hc,-0.50,home,ft,2.117,3
noY4n98d,Struff J-L.,Basavareddy N.,2,2,hc,-0.50,away,ft,1.663,3
noY4n98d,Struff J-L.,Basavareddy N.,2,2,hc,1.00,home,ft,1.907,3
noY4n98d,Struff J-L.,Basavareddy N.,2,2,hc,1.00,away,ft,1.813,3
noY4n98d,Struff J-L.,Basavareddy N.,2,2,hc,-1.00,home,ft,2.093,3
noY4n98d,Struff J-L.,Basavareddy N.,2,2,hc,-1.00,away,ft,1.68,3
noY4n98d,Struff J-L.,Basavareddy N.,2,2,hc,1.50,home,ft,1.84,4
noY4n98d,Struff J-L.,Basavareddy N.,2,2,hc,1.50,away,ft,1.865,4
noY4n98d,Struff J-L.,Basavareddy N.,2,2,hc,-1.50,home,ft,2.187,3
noY4n98d,Struff J-L.,Basavareddy N.,2,2,hc,-1.50,away,ft,1.623,3
noY4n98d,Struff J-L.,Basavareddy N.,2,2,hc,2.00,home,ft,1.73,3
noY4n98d,Struff J-L.,Basavareddy N.,2,2,hc,2.00,away,ft,2.01,3
noY4n98d,Struff J-L.,Basavareddy N.,2,2,hc,-2.00,home,ft,2.18,2
noY4n98d,Struff J-L.,Basavareddy N.,2,2,hc,-2.00,away,ft,1.59,2
noY4n98d,Struff J-L.,Basavareddy N.,2,2,hc,2.50,home,ft,1.647,3
noY4n98d,Struff J-L.,Basavareddy N.,2,2,hc,2.50,away,ft,2.133,3
noY4n98d,Struff J-L.,Basavareddy N.,2,2,hc,-2.50,home,ft,2.31,2
noY4n98d,Struff J-L.,Basavareddy N.,2,2,hc,-2.50,away,ft,1.53,2
noY4n98d,Struff J-L.,Basavareddy N.,2,2,hc,3.00,home,ft,1.49,2
noY4n98d,Struff J-L.,Basavareddy N.,2,2,hc,3.00,away,ft,2.4,2
noY4n98d,Struff J-L.,Basavareddy N.,2,2,hc,-3.00,home,ft,2.46,2
noY4n98d,Struff J-L.,Basavareddy N.,2,2,hc,-3.00,away,ft,1.47,2
noY4n98d,Struff J-L.,Basavareddy N.,2,2,hc,3.50,home,ft,1.42,2
noY4n98d,Struff J-L.,Basavareddy N.,2,2,hc,3.50,away,ft,2.61,2
noY4n98d,Struff J-L.,Basavareddy N.,2,2,hc,-3.50,home,ft,2.68,2
noY4n98d,Struff J-L.,Basavareddy N.,2,2,hc,-3.50,away,ft,1.4,2
nPvQUqsf,Mmoh M.,Kypson P.,2,2,ou,2.50,over,ft,2.485,2
nPvQUqsf,Mmoh M.,Kypson P.,2,2,ou,2.50,under,ft,1.53,2
nPvQUqsf,Mmoh M.,Kypson P.,2,2,ou,20.50,over,ft,1.52,1
nPvQUqsf,Mmoh M.,Kypson P.,2,2,ou,20.50,under,ft,2.3,1
nPvQUqsf,Mmoh M.,Kypson P.,2,2,ou,21.00,over,ft,1.62,1
nPvQUqsf,Mmoh M.,Kypson P.,2,2,ou,21.00,under,ft,2.3,1
nPvQUqsf,Mmoh M.,Kypson P.,2,2,ou,21.50,over,ft,1.682,4
nPvQUqsf,Mmoh M.,Kypson P.,2,2,ou,21.50,under,ft,2.06,4
nPvQUqsf,Mmoh M.,Kypson P.,2,2,ou,22.00,over,ft,1.81,4
nPvQUqsf,Mmoh M.,Kypson P.,2,2,ou,22.00,under,ft,1.912,4
nPvQUqsf,Mmoh M.,Kypson P.,2,2,ou,22.50,over,ft,1.942,6
nPvQUqsf,Mmoh M.,Kypson P.,2,2,ou,22.50,under,ft,1.81,6
nPvQUqsf,Mmoh M.,Kypson P.,2,2,ou,23.00,over,ft,2.087,3
nPvQUqsf,Mmoh M.,Kypson P.,2,2,ou,23.00,under,ft,1.68,3
nPvQUqsf,Mmoh M.,Kypson P.,2,2,ou,23.50,over,ft,2.127,3
nPvQUqsf,Mmoh M.,Kypson P.,2,2,ou,23.50,under,ft,1.607,3
nPvQUqsf,Mmoh M.,Kypson P.,2,2,ou,24.50,over,ft,2.2,1
nPvQUqsf,Mmoh M.,Kypson P.,2,2,ou,24.50,under,ft,1.57,1
nPvQUqsf,Mmoh M.,Kypson P.,2,2,hc,1.50,home,ft,1.618,5
nPvQUqsf,Mmoh M.,Kypson P.,2,2,hc,1.50,away,ft,2.176,5
nPvQUqsf,Mmoh M.,Kypson P.,2,2,hc,-1.50,home,ft,4.393,3
nPvQUqsf,Mmoh M.,Kypson P.,2,2,hc,-1.50,away,ft,1.18,3
nPvQUqsf,Mmoh M.,Kypson P.,2,2,hc,0.50,home,ft,2.42,2
nPvQUqsf,Mmoh M.,Kypson P.,2,2,hc,0.50,away,ft,1.47,2
nPvQUqsf,Mmoh M.,Kypson P.,2,2,hc,1.00,home,ft,2.34,2
nPvQUqsf,Mmoh M.,Kypson P.,2,2,hc,1.00,away,ft,1.5,2
nPvQUqsf,Mmoh M.,Kypson P.,2,2,hc,1.50,home,ft,2.227,3
nPvQUqsf,Mmoh M.,Kypson P.,2,2,hc,1.50,away,ft,1.583,3
nPvQUqsf,Mmoh M.,Kypson P.,2,2,hc,2.00,home,ft,2.163,3
nPvQUqsf,Mmoh M.,Kypson P.,2,2,hc,2.00,away,ft,1.62,3
nPvQUqsf,Mmoh M.,Kypson P.,2,2,hc,2.50,home,ft,2.042,4
nPvQUqsf,Mmoh M.,Kypson P.,2,2,hc,2.50,away,ft,1.742,4
nPvQUqsf,Mmoh M.,Kypson P.,2,2,hc,3.00,home,ft,1.863,3
nPvQUqsf,Mmoh M.,Kypson P.,2,2,hc,3.00,away,ft,1.853,3
nPvQUqsf,Mmoh M.,Kypson P.,2,2,hc,3.50,home,ft,1.718,4
nPvQUqsf,Mmoh M.,Kypson P.,2,2,hc,3.50,away,ft,2.002,4
nPvQUqsf,Mmoh M.,Kypson P.,2,2,hc,4.00,home,ft,1.513,3
nPvQUqsf,Mmoh M.,Kypson P.,2,2,hc,4.00,away,ft,2.393,3
nPvQUqsf,Mmoh M.,Kypson P.,2,2,hc,4.50,home,ft,1.41,2
nPvQUqsf,Mmoh M.,Kypson P.,2,2,hc,4.50,away,ft,2.6,2
nPvQUqsf,Mmoh M.,Kypson P.,2,2,hc,5.50,home,ft,1.22,2
nPvQUqsf,Mmoh M.,Kypson P.,2,2,hc,5.50,away,ft,3.67,2
