match_id,home,away,home_score,away_score,market,line,side,period,avg_odds,n_bookies
OzFHEAk5,Mboko V.,Osaka N.,2,2,ou,2.50,over,ft,2.5,2
OzFHEAk5,Mboko V.,Osaka N.,2,2,ou,2.50,under,ft,1.58,2
OzFHEAk5,Mboko V.,Osaka N.,2,2,ou,17.50,over,ft,1.155,2
OzFHEAk5,Mboko V.,Osaka N.,2,2,ou,17.50,under,ft,4.2,2
OzFHEAk5,Mboko V.,Osaka N.,2,2,ou,18.00,over,ft,1.185,2
OzFHEAk5,Mboko V.,Osaka N.,2,2,ou,18.00,under,ft,3.92,2
OzFHEAk5,Mboko V.,Osaka N.,2,2,ou,18.50,over,ft,1.31,5
OzFHEAk5,Mboko V.,Osaka N.,2,2,ou,18.50,under,ft,3.246,5
OzFHEAk5,Mboko V.,Osaka N.,2,2,ou,19.00,over,ft,1.34,2
OzFHEAk5,Mboko V.,Osaka N.,2,2,ou,19.00,under,ft,2.915,2
OzFHEAk5,Mboko V.,Osaka N.,2,2,ou,19.50,over,ft,1.46,3
OzFHEAk5,Mboko V.,Osaka N.,2,2,ou,19.50,under,ft,2.56,3
OzFHEAk5,Mboko V.,Osaka N.,2,2,ou,20.00,over,ft,1.525,2
OzFHEAk5,Mboko V.,Osaka N.,2,2,ou,20.00,under,ft,2.37,2
OzFHEAk5,Mboko V.,Osaka N.,2,2,ou,20.50,over,ft,1.639,8
OzFHEAk5,Mboko V.,Osaka N.,2,2,ou,20.50,under,ft,2.196,8
OzFHEAk5,Mboko V.,Osaka N.,2,2,ou,21.00,over,ft,1.738,5
OzFHEAk5,Mboko V.,Osaka N.,2,2,ou,21.00,under,ft,2.09,5
OzFHEAk5,Mboko V.,Osaka N.,2,2,ou,21.50,over,ft,1.846,8
OzFHEAk5,Mboko V.,Osaka N.,2,2,ou,21.50,under,ft,1.976,8
OzFHEAk5,Mboko V.,Osaka N.,2,2,ou,22.00,over,ft,1.964,5
OzFHEAk5,Mboko V.,Osaka N.,2,2,ou,22.00,under,ft,1.836,5
OzFHEAk5,Mboko V.,Osaka N.,2,2,ou,22.50,over,ft,2.064,8
OzFHEAk5,Mboko V.,Osaka N.,2,2,ou,22.50,under,ft,1.729,8
OzFHEAk5,Mboko V.,Osaka N.,2,2,ou,23.00,over,ft,2.192,5
OzFHEAk5,Mboko V.,Osaka N.,2,2,ou,23.00,under,ft,1.654,5
OzFHEAk5,Mboko V.,Osaka N.,2,2,ou,23.50,over,ft,2.223,7
OzFHEAk5,Mboko V.,Osaka N.,2,2,ou,23.50,under,ft,1.609,7
OzFHEAk5,Mboko V.,Osaka N.,2,2,ou,24.00,over,ft,2.285,2
OzFHEAk5,Mboko V.,Osaka N.,2,2,ou,24.00,under,ft,1.535,2
OzFHEAk5,Mboko V.,Osaka N.,2,2,ou,24.50,over,ft,2.397,6
OzFHEAk5,Mboko V.,Osaka N.,2,2,ou,24.50,under,ft,1.533,6
OzFHEAk5,Mboko V.,Osaka N.,2,2,ou,25.00,over,ft,2.46,2
OzFHEAk5,Mboko V.,Osaka N.,2,2,ou,25.00,under,ft,1.44,2
OzFHEAk5,Mboko V.,Osaka N.,2,2,ou,25.50,over,ft,2.583,3
OzFHEAk5,Mboko V.,Osaka N.,2,2,ou,25.50,under,ft,1.423,3
OzFHEAk5,Mboko V.,Osaka N.,2,2,ou,26.50,over,ft,3.09,5
OzFHEAk5,Mboko V.,Osaka N.,2,2,ou,26.50,under,ft,1.338,5
OzFHEAk5,Mboko V.,Osaka N.,2,2,ou,27.50,over,ft,3.26,3
OzFHEAk5,Mboko V.,Osaka N.,2,2,ou,27.50,under,ft,1.287,3
OzFHEAk5,Mboko V.,Osaka N.,2,2,hc,1.50,home,ft,1.599,7
OzFHEAk5,Mboko V.,Osaka N.,2,2,hc,1.50,away,ft,2.291,7
OzFHEAk5,Mboko V.,Osaka N.,2,2,hc,-1.50,home,ft,4.104,5
OzFHEAk5,Mboko V.,Osaka N.,2,2,hc,-1.50,away,ft,1.222,5
OzFHEAk5,Mboko V.,Osaka N.,2,2,hc,0,home,ft,2.495,2
OzFHEAk5,Mboko V.,Osaka N.,2,2,hc,0,away,ft,1.505,2
OzFHEAk5,Mboko V.,Osaka N.,2,2,hc,0.50,home,ft,2.288,4
OzFHEAk5,Mboko V.,Osaka N.,2,2,hc,0.50,away,ft,1.593,4
OzFHEAk5,Mboko V.,Osaka N.,2,2,hc,-0.50,home,ft,2.563,3
OzFHEAk5,Mboko V.,Osaka N.,2,2,hc,-0.50,away,ft,1.483,3
OzFHEAk5,Mboko V.,Osaka N.,2,2,hc,1.00,home,ft,2.29,2
OzFHEAk5,Mboko V.,Osaka N.,2,2,hc,1.00,away,ft,1.59,2
OzFHEAk5,Mboko V.,Osaka N.,2,2,hc,-1.00,home,ft,2.71,2
OzFHEAk5,Mboko V.,Osaka N.,2,2,hc,-1.00,away,ft,1.435,2
OzFHEAk5,Mboko V.,Osaka N.,2,2,hc,1.50,home,ft,2.176,7
OzFHEAk5,Mboko V.,Osaka N.,2,2,hc,1.50,away,ft,1.659,7
OzFHEAk5,Mboko V.,Osaka N.,2,2,hc,-1.50,home,ft,2.806,5
OzFHEAk5,Mboko V.,Osaka N.,2,2,hc,-1.50,away,ft,1.422,5
OzFHEAk5,Mboko V.,Osaka N.,2,2,hc,2.00,home,ft,2.127,4
OzFHEAk5,Mboko V.,Osaka N.,2,2,hc,2.00,away,ft,1.725,4
OzFHEAk5,Mboko V.,Osaka N.,2,2,hc,2.50,home,ft,2.032,6
OzFHEAk5,Mboko V.,Osaka N.,2,2,hc,2.50,away,ft,1.8,6
OzFHEAk5,Mboko V.,Osaka N.,2,2,hc,-2.50,home,ft,3.13,1
OzFHEAk5,Mboko V.,Osaka N.,2,2,hc,-2.50,away,ft,1.34,1
OzFHEAk5,Mboko V.,Osaka N.,2,2,hc,3.00,home,ft,1.887,4
OzFHEAk5,Mboko V.,Osaka N.,2,2,hc,3.00,away,ft,1.93,4
OzFHEAk5,Mboko V.,Osaka N.,2,2,hc,3.50,home,ft,1.743,7
OzFHEAk5,Mboko V.,Osaka N.,2,2,hc,3.50,away,ft,2.054,7
OzFHEAk5,Mboko V.,Osaka N.,2,2,hc,-3.50,home,ft,3.23,1
OzFHEAk5,Mboko V.,Osaka N.,2,2,hc,-3.50,away,ft,1.3,1
OzFHEAk5,Mboko V.,Osaka N.,2,2,hc,4.00,home,ft,1.595,4
OzFHEAk5,Mboko V.,Osaka N.,2,2,hc,4.00,away,ft,2.357,4
OzFHEAk5,Mboko V.,Osaka N.,2,2,hc,4.50,home,ft,1.498,4
OzFHEAk5,Mboko V.,Osaka N.,2,2,hc,4.50,away,ft,2.505,4
OzFHEAk5,Mboko V.,Osaka N.,2,2,hc,5.00,home,ft,1.345,2
OzFHEAk5,Mboko V.,Osaka N.,2,2,hc,5.00,away,ft,3.105,2
OzFHEAk5,Mboko V.,Osaka N.,2,2,hc,5.50,home,ft,1.302,5
OzFHEAk5,Mboko V.,Osaka N.,2,2,hc,5.50,away,ft,3.446,5
OzFHEAk5,Mboko V.,Osaka N.,2,2,hc,6.00,home,ft,1.175,2
OzFHEAk5,Mboko V.,Osaka N.,2,2,hc,6.00,away,ft,4.725,2
OzFHEAk5,Mboko V.,Osaka N.,2,2,hc,6.50,home,ft,1.145,2
OzFHEAk5,Mboko V.,Osaka N.,2,2,hc,6.50,away,ft,5.175,2
OzFHEAk5,Mboko V.,Osaka N.,2,2,hc,7.50,home,ft,1.07,2
OzFHEAk5,Mboko V.,Osaka N.,2,2,hc,7.50,away,ft,9.3,2
Wpf1CNID,Osaka N.,Tauson C.,2,2,ou,2.50,over,ft,2.57,3
Wpf1CNID,Osaka N.,Tauson C.,2,2,ou,2.50,under,ft,1.527,3
Wpf1CNID,Osaka N.,Tauson C.,2,2,ou,17.50,over,ft,1.135,2
Wpf1CNID,Osaka N.,Tauson C.,2,2,ou,17.50,under,ft,4.5,2
Wpf1CNID,Osaka N.,Tauson C.,2,2,ou,18.00,over,ft,1.155,2
Wpf1CNID,Osaka N.,Tauson C.,2,2,ou,18.00,under,ft,4.2,2
Wpf1CNID,Osaka N.,Tauson C.,2,2,ou,18.50,over,ft,1.294,5
Wpf1CNID,Osaka N.,Tauson C.,2,2,ou,18.50,under,ft,3.334,5
Wpf1CNID,Osaka N.,Tauson C.,2,2,ou,19.00,over,ft,1.315,2
Wpf1CNID,Osaka N.,Tauson C.,2,2,ou,19.00,under,ft,3.015,2
Wpf1CNID,Osaka N.,Tauson C.,2,2,ou,19.50,over,ft,1.447,3
Wpf1CNID,Osaka N.,Tauson C.,2,2,ou,19.50,under,ft,2.6,3
Wpf1CNID,Osaka N.,Tauson C.,2,2,ou,20.00,over,ft,1.495,2
Wpf1CNID,Osaka N.,Tauson C.,2,2,ou,20.00,under,ft,2.43,2
Wpf1CNID,Osaka N.,Tauson C.,2,2,ou,20.50,over,ft,1.637,7
Wpf1CNID,Osaka N.,Tauson C.,2,2,ou,20.50,under,ft,2.207,7
Wpf1CNID,Osaka N.,Tauson C.,2,2,ou,21.00,over,ft,1.722,5
Wpf1CNID,Osaka N.,Tauson C.,2,2,ou,21.00,under,ft,2.108,5
Wpf1CNID,Osaka N.,Tauson C.,2,2,ou,21.50,over,ft,1.811,8
Wpf1CNID,Osaka N.,Tauson C.,2,2,ou,21.50,under,ft,2.005,8
Wpf1CNID,Osaka N.,Tauson C.,2,2,ou,22.00,over,ft,1.958,5
Wpf1CNID,Osaka N.,Tauson C.,2,2,ou,22.00,under,ft,1.834,5
Wpf1CNID,Osaka N.,Tauson C.,2,2,ou,22.50,over,ft,2.071,8
Wpf1CNID,Osaka N.,Tauson C.,2,2,ou,22.50,under,ft,1.736,8
Wpf1CNID,Osaka N.,Tauson C.,2,2,ou,23.00,over,ft,2.216,5
Wpf1CNID,Osaka N.,Tauson C.,2,2,ou,23.00,under,ft,1.638,5
Wpf1CNID,Osaka N.,Tauson C.,2,2,ou,23.50,over,ft,2.234,8
Wpf1CNID,Osaka N.,Tauson C.,2,2,ou,23.50,under,ft,1.614,8
Wpf1CNID,Osaka N.,Tauson C.,2,2,ou,24.00,over,ft,2.29,2
Wpf1CNID,Osaka N.,Tauson C.,2,2,ou,24.00,under,ft,1.525,2
Wpf1CNID,Osaka N.,Tauson C.,2,2,ou,24.50,over,ft,2.406,7
Wpf1CNID,Osaka N.,Tauson C.,2,2,ou,24.50,under,ft,1.527,7
Wpf1CNID,Osaka N.,Tauson C.,2,2,ou,25.00,over,ft,2.44,2
Wpf1CNID,Osaka N.,Tauson C.,2,2,ou,25.00,under,ft,1.44,2
Wpf1CNID,Osaka N.,Tauson C.,2,2,ou,25.50,over,ft,2.593,3
Wpf1CNID,Osaka N.,Tauson C.,2,2,ou,25.50,under,ft,1.42,3
Wpf1CNID,Osaka N.,Tauson C.,2,2,ou,26.00,over,ft,2.6,2
Wpf1CNID,Osaka N.,Tauson C.,2,2,ou,26.00,under,ft,1.39,2
Wpf1CNID,Osaka N.,Tauson C.,2,2,ou,26.50,over,ft,2.952,6
Wpf1CNID,Osaka N.,Tauson C.,2,2,ou,26.50,under,ft,1.358,6
Wpf1CNID,Osaka N.,Tauson C.,2,2,ou,27.50,over,ft,3.23,1
Wpf1CNID,Osaka N.,Tauson C.,2,2,ou,27.50,under,ft,1.31,1
Wpf1CNID,Osaka N.,Tauson C.,2,2,ou,28.50,over,ft,3.2,1
Wpf1CNID,Osaka N.,Tauson C.,2,2,ou,28.50,under,ft,1.31,1
Wpf1CNID,Osaka N.,Tauson C.,2,2,hc,1.50,home,ft,1.26,6
Wpf1CNID,Osaka N.,Tauson C.,2,2,hc,1.50,away,ft,3.697,6
Wpf1CNID,Osaka N.,Tauson C.,2,2,hc,-1.50,home,ft,2.349,7
Wpf1CNID,Osaka N.,Tauson C.,2,2,hc,-1.50,away,ft,1.57,7
Wpf1CNID,Osaka N.,Tauson C.,2,2,hc,0,home,ft,1.56,2
Wpf1CNID,Osaka N.,Tauson C.,2,2,hc,0,away,ft,2.34,2
Wpf1CNID,Osaka N.,Tauson C.,2,2,hc,0.50,home,ft,1.573,4
Wpf1CNID,Osaka N.,Tauson C.,2,2,hc,0.50,away,ft,2.333,4
Wpf1CNID,Osaka N.,Tauson C.,2,2,hc,-0.50,home,ft,1.686,7
Wpf1CNID,Osaka N.,Tauson C.,2,2,hc,-0.50,away,ft,2.144,7
Wpf1CNID,Osaka N.,Tauson C.,2,2,hc,-0.75,home,ft,1.905,2
Wpf1CNID,Osaka N.,Tauson C.,2,2,hc,-0.75,away,ft,1.945,2
Wpf1CNID,Osaka N.,Tauson C.,2,2,hc,1.00,home,ft,1.48,2
Wpf1CNID,Osaka N.,Tauson C.,2,2,hc,1.00,away,ft,2.54,2
Wpf1CNID,Osaka N.,Tauson C.,2,2,hc,-1.00,home,ft,1.705,4
Wpf1CNID,Osaka N.,Tauson C.,2,2,hc,-1.00,away,ft,2.138,4
Wpf1CNID,Osaka N.,Tauson C.,2,2,hc,-1.25,home,ft,1.9,2
Wpf1CNID,Osaka N.,Tauson C.,2,2,hc,-1.25,away,ft,1.8,2
Wpf1CNID,Osaka N.,Tauson C.,2,2,hc,1.50,home,ft,1.472,5
Wpf1CNID,Osaka N.,Tauson C.,2,2,hc,1.50,away,ft,2.632,5
Wpf1CNID,Osaka N.,Tauson C.,2,2,hc,-1.50,home,ft,1.707,7
Wpf1CNID,Osaka N.,Tauson C.,2,2,hc,-1.50,away,ft,2.103,7
Wpf1CNID,Osaka N.,Tauson C.,2,2,hc,-1.75,home,ft,2.085,2
Wpf1CNID,Osaka N.,Tauson C.,2,2,hc,-1.75,away,ft,1.79,2
Wpf1CNID,Osaka N.,Tauson C.,2,2,hc,2.00,home,ft,1.49,2
Wpf1CNID,Osaka N.,Tauson C.,2,2,hc,2.00,away,ft,2.52,2
Wpf1CNID,Osaka N.,Tauson C.,2,2,hc,-2.00,home,ft,1.792,4
Wpf1CNID,Osaka N.,Tauson C.,2,2,hc,-2.00,away,ft,2.02,4
Wpf1CNID,Osaka N.,Tauson C.,2,2,hc,2.50,home,ft,1.433,3
Wpf1CNID,Osaka N.,Tauson C.,2,2,hc,2.50,away,ft,2.723,3
Wpf1CNID,Osaka N.,Tauson C.,2,2,hc,-2.50,home,ft,1.891,7
Wpf1CNID,Osaka N.,Tauson C.,2,2,hc,-2.50,away,ft,1.913,7
Wpf1CNID,Osaka N.,Tauson C.,2,2,hc,3.00,home,ft,1.39,2
Wpf1CNID,Osaka N.,Tauson C.,2,2,hc,3.00,away,ft,2.86,2
Wpf1CNID,Osaka N.,Tauson C.,2,2,hc,-3.00,home,ft,2.008,4
Wpf1CNID,Osaka N.,Tauson C.,2,2,hc,-3.00,away,ft,1.808,4
Wpf1CNID,Osaka N.,Tauson C.,2,2,hc,3.50,home,ft,1.32,5
Wpf1CNID,Osaka N.,Tauson C.,2,2,hc,3.50,away,ft,3.326,5
Wpf1CNID,Osaka N.,Tauson C.,2,2,hc,-3.50,home,ft,2.126,7
Wpf1CNID,Osaka N.,Tauson C.,2,2,hc,-3.50,away,ft,1.694,7
Wpf1CNID,Osaka N.,Tauson C.,2,2,hc,-4.00,home,ft,2.433,4
Wpf1CNID,Osaka N.,Tauson C.,2,2,hc,-4.00,away,ft,1.558,4
Wpf1CNID,Osaka N.,Tauson C.,2,2,hc,-4.50,home,ft,2.657,3
Wpf1CNID,Osaka N.,Tauson C.,2,2,hc,-4.50,away,ft,1.45,3
Wpf1CNID,Osaka N.,Tauson C.,2,2,hc,-5.00,home,ft,3.37,2
Wpf1CNID,Osaka N.,Tauson C.,2,2,hc,-5.00,away,ft,1.295,2
Wpf1CNID,Osaka N.,Tauson C.,2,2,hc,-5.50,home,ft,3.65,5
Wpf1CNID,Osaka N.,Tauson C.,2,2,hc,-5.50,away,ft,1.272,5
Wpf1CNID,Osaka N.,Tauson C.,2,2,hc,-6.00,home,ft,5.3,2
Wpf1CNID,Osaka N.,Tauson C.,2,2,hc,-6.00,away,ft,1.135,2
Wpf1CNID,Osaka N.,Tauson C.,2,2,hc,-6.50,home,ft,5.725,2
Wpf1CNID,Osaka N.,Tauson C.,2,2,hc,-6.50,away,ft,1.12,2
Wpf1CNID,Osaka N.,Tauson C.,2,2,hc,-7.50,home,ft,10.05,2
Wpf1CNID,Osaka N.,Tauson C.,2,2,hc,-7.50,away,ft,1.06,2
8xK8Jc4t,Mboko V.,Rybakina E.,2,2,ou,2.50,over,ft,2.537,3
8xK8Jc4t,Mboko V.,Rybakina E.,2,2,ou,2.50,under,ft,1.547,3
8xK8Jc4t,Mboko V.,Rybakina E.,2,2,ou,17.50,over,ft,1.165,2
8xK8Jc4t,Mboko V.,Rybakina E.,2,2,ou,17.50,under,ft,4.535,2
8xK8Jc4t,Mboko V.,Rybakina E.,2,2,ou,18.00,over,ft,1.195,2
8xK8Jc4t,Mboko V.,Rybakina E.,2,2,ou,18.00,under,ft,4.14,2
8xK8Jc4t,Mboko V.,Rybakina E.,2,2,ou,18.50,over,ft,1.33,6
8xK8Jc4t,Mboko V.,Rybakina E.,2,2,ou,18.50,under,ft,3.19,6
8xK8Jc4t,Mboko V.,Rybakina E.,2,2,ou,19.00,over,ft,1.36,2
8xK8Jc4t,Mboko V.,Rybakina E.,2,2,ou,19.00,under,ft,2.985,2
8xK8Jc4t,Mboko V.,Rybakina E.,2,2,ou,19.50,over,ft,1.49,4
8xK8Jc4t,Mboko V.,Rybakina E.,2,2,ou,19.50,under,ft,2.51,4
8xK8Jc4t,Mboko V.,Rybakina E.,2,2,ou,20.00,over,ft,1.55,2
8xK8Jc4t,Mboko V.,Rybakina E.,2,2,ou,20.00,under,ft,2.37,2
8xK8Jc4t,Mboko V.,Rybakina E.,2,2,ou,20.50,over,ft,1.674,8
8xK8Jc4t,Mboko V.,Rybakina E.,2,2,ou,20.50,under,ft,2.145,8
8xK8Jc4t,Mboko V.,Rybakina E.,2,2,ou,21.00,over,ft,1.77,5
8xK8Jc4t,Mboko V.,Rybakina E.,2,2,ou,21.00,under,ft,2.05,5
8xK8Jc4t,Mboko V.,Rybakina E.,2,2,ou,21.50,over,ft,1.895,8
8xK8Jc4t,Mboko V.,Rybakina E.,2,2,ou,21.50,under,ft,1.905,8
8xK8Jc4t,Mboko V.,Rybakina E.,2,2,ou,22.00,over,ft,2.006,5
8xK8Jc4t,Mboko V.,Rybakina E.,2,2,ou,22.00,under,ft,1.81,5
8xK8Jc4t,Mboko V.,Rybakina E.,2,2,ou,22.50,over,ft,2.127,8
8xK8Jc4t,Mboko V.,Rybakina E.,2,2,ou,22.50,under,ft,1.682,8
8xK8Jc4t,Mboko V.,Rybakina E.,2,2,ou,23.00,over,ft,2.216,5
8xK8Jc4t,Mboko V.,Rybakina E.,2,2,ou,23.00,under,ft,1.644,5
8xK8Jc4t,Mboko V.,Rybakina E.,2,2,ou,23.50,over,ft,2.347,3
8xK8Jc4t,Mboko V.,Rybakina E.,2,2,ou,23.50,under,ft,1.563,3
8xK8Jc4t,Mboko V.,Rybakina E.,2,2,ou,24.00,over,ft,2.395,2
8xK8Jc4t,Mboko V.,Rybakina E.,2,2,ou,24.00,under,ft,1.525,2
8xK8Jc4t,Mboko V.,Rybakina E.,2,2,ou,24.50,over,ft,2.477,7
8xK8Jc4t,Mboko V.,Rybakina E.,2,2,ou,24.50,under,ft,1.514,7
8xK8Jc4t,Mboko V.,Rybakina E.,2,2,ou,25.00,over,ft,2.595,2
8xK8Jc4t,Mboko V.,Rybakina E.,2,2,ou,25.00,under,ft,1.445,2
8xK8Jc4t,Mboko V.,Rybakina E.,2,2,ou,25.50,over,ft,2.7,3
8xK8Jc4t,Mboko V.,Rybakina E.,2,2,ou,25.50,under,ft,1.423,3
8xK8Jc4t,Mboko V.,Rybakina E.,2,2,ou,26.50,over,ft,3.102,5
8xK8Jc4t,Mboko V.,Rybakina E.,2,2,ou,26.50,under,ft,1.338,5
8xK8Jc4t,Mboko V.,Rybakina E.,2,2,ou,27.50,over,ft,3.31,1
8xK8Jc4t,Mboko V.,Rybakina E.,2,2,ou,27.50,under,ft,1.31,1
8xK8Jc4t,Mboko V.,Rybakina E.,2,2,hc,1.50,home,ft,1.72,7
8xK8Jc4t,Mboko V.,Rybakina E.,2,2,hc,1.50,away,ft,2.074,7
8xK8Jc4t,Mboko V.,Rybakina E.,2,2,hc,-1.50,home,ft,4.77,5
8xK8Jc4t,Mboko V.,Rybakina E.,2,2,hc,-1.50,away,ft,1.172,5
8xK8Jc4t,Mboko V.,Rybakina E.,2,2,hc,0,home,ft,2.92,2
8xK8Jc4t,Mboko V.,Rybakina E.,2,2,hc,0,away,ft,1.395,2
8xK8Jc4t,Mboko V.,Rybakina E.,2,2,hc,0.50,home,ft,2.76,3
8xK8Jc4t,Mboko V.,Rybakina E.,2,2,hc,0.50,away,ft,1.433,3
8xK8Jc4t,Mboko V.,Rybakina E.,2,2,hc,-0.50,home,ft,3.03,3
8xK8Jc4t,Mboko V.,Rybakina E.,2,2,hc,-0.50,away,ft,1.367,3
8xK8Jc4t,Mboko V.,Rybakina E.,2,2,hc,1.00,home,ft,2.625,2
8xK8Jc4t,Mboko V.,Rybakina E.,2,2,hc,1.00,away,ft,1.47,2
8xK8Jc4t,Mboko V.,Rybakina E.,2,2,hc,-1.00,home,ft,2.71,2
8xK8Jc4t,Mboko V.,Rybakina E.,2,2,hc,-1.00,away,ft,1.43,2
8xK8Jc4t,Mboko V.,Rybakina E.,2,2,hc,1.50,home,ft,2.492,6
8xK8Jc4t,Mboko V.,Rybakina E.,2,2,hc,1.50,away,ft,1.518,6
8xK8Jc4t,Mboko V.,Rybakina E.,2,2,hc,-1.50,home,ft,3.142,5
8xK8Jc4t,Mboko V.,Rybakina E.,2,2,hc,-1.50,away,ft,1.352,5
8xK8Jc4t,Mboko V.,Rybakina E.,2,2,hc,2.00,home,ft,2.327,4
8xK8Jc4t,Mboko V.,Rybakina E.,2,2,hc,2.00,away,ft,1.615,4
8xK8Jc4t,Mboko V.,Rybakina E.,2,2,hc,2.50,home,ft,2.243,7
8xK8Jc4t,Mboko V.,Rybakina E.,2,2,hc,2.50,away,ft,1.633,7
8xK8Jc4t,Mboko V.,Rybakina E.,2,2,hc,-2.50,home,ft,3.05,1
8xK8Jc4t,Mboko V.,Rybakina E.,2,2,hc,-2.50,away,ft,1.34,1
8xK8Jc4t,Mboko V.,Rybakina E.,2,2,hc,2.75,home,ft,2.07,2
8xK8Jc4t,Mboko V.,Rybakina E.,2,2,hc,2.75,away,ft,1.67,2
8xK8Jc4t,Mboko V.,Rybakina E.,2,2,hc,3.00,home,ft,2.09,4
8xK8Jc4t,Mboko V.,Rybakina E.,2,2,hc,3.00,away,ft,1.755,4
8xK8Jc4t,Mboko V.,Rybakina E.,2,2,hc,3.25,home,ft,1.99,2
8xK8Jc4t,Mboko V.,Rybakina E.,2,2,hc,3.25,away,ft,1.82,2
8xK8Jc4t,Mboko V.,Rybakina E.,2,2,hc,3.50,home,ft,1.938,6
8xK8Jc4t,Mboko V.,Rybakina E.,2,2,hc,3.50,away,ft,1.868,6
8xK8Jc4t,Mboko V.,Rybakina E.,2,2,hc,3.75,home,ft,1.77,2
8xK8Jc4t,Mboko V.,Rybakina E.,2,2,hc,3.75,away,ft,1.93,2
8xK8Jc4t,Mboko V.,Rybakina E.,2,2,hc,4.00,home,ft,1.738,4
8xK8Jc4t,Mboko V.,Rybakina E.,2,2,hc,4.00,away,ft,2.115,4
8xK8Jc4t,Mboko V.,Rybakina E.,2,2,hc,4.25,home,ft,1.63,2
8xK8Jc4t,Mboko V.,Rybakina E.,2,2,hc,4.25,away,ft,2.13,2
8xK8Jc4t,Mboko V.,Rybakina E.,2,2,hc,4.50,home,ft,1.606,7
8xK8Jc4t,Mboko V.,Rybakina E.,2,2,hc,4.50,away,ft,2.317,7
8xK8Jc4t,Mboko V.,Rybakina E.,2,2,hc,5.00,home,ft,1.415,2
8xK8Jc4t,Mboko V.,Rybakina E.,2,2,hc,5.00,away,ft,2.83,2
8xK8Jc4t,Mboko V.,Rybakina E.,2,2,hc,5.50,home,ft,1.352,5
8xK8Jc4t,Mboko V.,Rybakina E.,2,2,hc,5.50,away,ft,3.144,5
8xK8Jc4t,Mboko V.,Rybakina E.,2,2,hc,6.00,home,ft,1.2,2
8xK8Jc4t,Mboko V.,Rybakina E.,2,2,hc,6.00,away,ft,4.47,2
8xK8Jc4t,Mboko V.,Rybakina E.,2,2,hc,6.50,home,ft,1.16,2
8xK8Jc4t,Mboko V.,Rybakina E.,2,2,hc,6.50,away,ft,5.045,2
8xK8Jc4t,Mboko V.,Rybakina E.,2,2,hc,7.00,home,ft,1.06,2
8xK8Jc4t,Mboko V.,Rybakina E.,2,2,hc,7.00,away,ft,8.57,2
8xK8Jc4t,Mboko V.,Rybakina E.,2,2,hc,7.50,home,ft,1.07,4
8xK8Jc4t,Mboko V.,Rybakina E.,2,2,hc,7.50,away,ft,8.545,4
nDERbEn3,Svitolina E.,Osaka N.,0,0,ou,2.50,over,ft,2.377,3
nDERbEn3,Svitolina E.,Osaka N.,0,0,ou,2.50,under,ft,1.62,3
nDERbEn3,Svitolina E.,Osaka N.,0,0,ou,17.50,over,ft,1.21,2
nDERbEn3,Svitolina E.,Osaka N.,0,0,ou,17.50,under,ft,4.425,2
nDERbEn3,Svitolina E.,Osaka N.,0,0,ou,18.00,over,ft,1.24,2
nDERbEn3,Svitolina E.,Osaka N.,0,0,ou,18.00,under,ft,4.04,2
nDERbEn3,Svitolina E.,Osaka N.,0,0,ou,18.50,over,ft,1.35,3
nDERbEn3,Svitolina E.,Osaka N.,0,0,ou,18.50,under,ft,3.237,3
nDERbEn3,Svitolina E.,Osaka N.,0,0,ou,19.00,over,ft,1.42,2
nDERbEn3,Svitolina E.,Osaka N.,0,0,ou,19.00,under,ft,2.895,2
nDERbEn3,Svitolina E.,Osaka N.,0,0,ou,19.50,over,ft,1.493,3
nDERbEn3,Svitolina E.,Osaka N.,0,0,ou,19.50,under,ft,2.593,3
nDERbEn3,Svitolina E.,Osaka N.,0,0,ou,20.00,over,ft,1.58,2
nDERbEn3,Svitolina E.,Osaka N.,0,0,ou,20.00,under,ft,2.39,2
nDERbEn3,Svitolina E.,Osaka N.,0,0,ou,20.50,over,ft,1.614,7
nDERbEn3,Svitolina E.,Osaka N.,0,0,ou,20.50,under,ft,2.264,7
nDERbEn3,Svitolina E.,Osaka N.,0,0,ou,21.00,over,ft,1.724,5
nDERbEn3,Svitolina E.,Osaka N.,0,0,ou,21.00,under,ft,2.134,5
nDERbEn3,Svitolina E.,Osaka N.,0,0,ou,21.50,over,ft,1.784,8
nDERbEn3,Svitolina E.,Osaka N.,0,0,ou,21.50,under,ft,2.025,8
nDERbEn3,Svitolina E.,Osaka N.,0,0,ou,22.00,over,ft,1.902,5
nDERbEn3,Svitolina E.,Osaka N.,0,0,ou,22.00,under,ft,1.894,5
nDERbEn3,Svitolina E.,Osaka N.,0,0,ou,22.50,over,ft,1.991,8
nDERbEn3,Svitolina E.,Osaka N.,0,0,ou,22.50,under,ft,1.779,8
nDERbEn3,Svitolina E.,Osaka N.,0,0,ou,23.00,over,ft,2.134,5
nDERbEn3,Svitolina E.,Osaka N.,0,0,ou,23.00,under,ft,1.692,5
nDERbEn3,Svitolina E.,Osaka N.,0,0,ou,23.50,over,ft,2.115,4
nDERbEn3,Svitolina E.,Osaka N.,0,0,ou,23.50,under,ft,1.712,4
nDERbEn3,Svitolina E.,Osaka N.,0,0,ou,24.00,over,ft,2.24,2
nDERbEn3,Svitolina E.,Osaka N.,0,0,ou,24.00,under,ft,1.55,2
nDERbEn3,Svitolina E.,Osaka N.,0,0,ou,24.50,over,ft,2.24,6
nDERbEn3,Svitolina E.,Osaka N.,0,0,ou,24.50,under,ft,1.632,6
nDERbEn3,Svitolina E.,Osaka N.,0,0,ou,25.00,over,ft,2.62,2
nDERbEn3,Svitolina E.,Osaka N.,0,0,ou,25.00,under,ft,1.49,2
nDERbEn3,Svitolina E.,Osaka N.,0,0,ou,25.50,over,ft,2.69,3
nDERbEn3,Svitolina E.,Osaka N.,0,0,ou,25.50,under,ft,1.463,3
nDERbEn3,Svitolina E.,Osaka N.,0,0,ou,26.00,over,ft,2.67,2
nDERbEn3,Svitolina E.,Osaka N.,0,0,ou,26.00,under,ft,1.37,2
nDERbEn3,Svitolina E.,Osaka N.,0,0,ou,26.50,over,ft,2.806,5
nDERbEn3,Svitolina E.,Osaka N.,0,0,ou,26.50,under,ft,1.38,5
nDERbEn3,Svitolina E.,Osaka N.,0,0,hc,1.50,home,ft,1.28,5
nDERbEn3,Svitolina E.,Osaka N.,0,0,hc,1.50,away,ft,3.598,5
nDERbEn3,Svitolina E.,Osaka N.,0,0,hc,-1.50,home,ft,2.599,7
nDERbEn3,Svitolina E.,Osaka N.,0,0,hc,-1.50,away,ft,1.469,7
nDERbEn3,Svitolina E.,Osaka N.,0,0,hc,0,home,ft,1.67,2
nDERbEn3,Svitolina E.,Osaka N.,0,0,hc,0,away,ft,2.21,2
nDERbEn3,Svitolina E.,Osaka N.,0,0,hc,0.50,home,ft,1.617,3
nDERbEn3,Svitolina E.,Osaka N.,0,0,hc,0.50,away,ft,2.297,3
nDERbEn3,Svitolina E.,Osaka N.,0,0,hc,-0.50,home,ft,1.74,6
nDERbEn3,Svitolina E.,Osaka N.,0,0,hc,-0.50,away,ft,2.098,6
nDERbEn3,Svitolina E.,Osaka N.,0,0,hc,1.00,home,ft,1.58,2
nDERbEn3,Svitolina E.,Osaka N.,0,0,hc,1.00,away,ft,2.395,2
nDERbEn3,Svitolina E.,Osaka N.,0,0,hc,-1.00,home,ft,1.79,4
nDERbEn3,Svitolina E.,Osaka N.,0,0,hc,-1.00,away,ft,2.058,4
nDERbEn3,Svitolina E.,Osaka N.,0,0,hc,1.50,home,ft,1.532,5
nDERbEn3,Svitolina E.,Osaka N.,0,0,hc,1.50,away,ft,2.476,5
nDERbEn3,Svitolina E.,Osaka N.,0,0,hc,-1.50,home,ft,1.83,7
nDERbEn3,Svitolina E.,Osaka N.,0,0,hc,-1.50,away,ft,1.966,7
nDERbEn3,Svitolina E.,Osaka N.,0,0,hc,2.00,home,ft,1.47,2
nDERbEn3,Svitolina E.,Osaka N.,0,0,hc,2.00,away,ft,2.57,2
nDERbEn3,Svitolina E.,Osaka N.,0,0,hc,-2.00,home,ft,1.932,4
nDERbEn3,Svitolina E.,Osaka N.,0,0,hc,-2.00,away,ft,1.877,4
nDERbEn3,Svitolina E.,Osaka N.,0,0,hc,2.50,home,ft,1.433,3
nDERbEn3,Svitolina E.,Osaka N.,0,0,hc,2.50,away,ft,2.703,3
nDERbEn3,Svitolina E.,Osaka N.,0,0,hc,-2.50,home,ft,1.985,6
nDERbEn3,Svitolina E.,Osaka N.,0,0,hc,-2.50,away,ft,1.828,6
nDERbEn3,Svitolina E.,Osaka N.,0,0,hc,-3.00,home,ft,2.183,4
nDERbEn3,Svitolina E.,Osaka N.,0,0,hc,-3.00,away,ft,1.71,4
nDERbEn3,Svitolina E.,Osaka N.,0,0,hc,3.50,home,ft,1.33,1
nDERbEn3,Svitolina E.,Osaka N.,0,0,hc,3.50,away,ft,3.37,1
nDERbEn3,Svitolina E.,Osaka N.,0,0,hc,-3.50,home,ft,2.247,6
nDERbEn3,Svitolina E.,Osaka N.,0,0,hc,-3.50,away,ft,1.623,6
nDERbEn3,Svitolina E.,Osaka N.,0,0,hc,-4.00,home,ft,2.58,2
nDERbEn3,Svitolina E.,Osaka N.,0,0,hc,-4.00,away,ft,1.5,2
nDERbEn3,Svitolina E.,Osaka N.,0,0,hc,-4.50,home,ft,2.803,3
nDERbEn3,Svitolina E.,Osaka N.,0,0,hc,-4.50,away,ft,1.433,3
nDERbEn3,Svitolina E.,Osaka N.,0,0,hc,-5.00,home,ft,3.505,2
nDERbEn3,Svitolina E.,Osaka N.,0,0,hc,-5.00,away,ft,1.3,2
nDERbEn3,Svitolina E.,Osaka N.,0,0,hc,-5.50,home,ft,3.883,3
nDERbEn3,Svitolina E.,Osaka N.,0,0,hc,-5.50,away,ft,1.257,3
nDERbEn3,Svitolina E.,Osaka N.,0,0,hc,-6.00,home,ft,5.55,2
nDERbEn3,Svitolina E.,Osaka N.,0,0,hc,-6.00,away,ft,1.13,2
nDERbEn3,Svitolina E.,Osaka N.,0,0,hc,-6.50,home,ft,5.95,2
nDERbEn3,Svitolina E.,Osaka N.,0,0,hc,-6.50,away,ft,1.11,2
Cf0qny3c,Keys M.,Tauson C.,0,0,ou,2.50,over,ft,2.365,2
Cf0qny3c,Keys M.,Tauson C.,0,0,ou,2.50,under,ft,1.645,2
Cf0qny3c,Keys M.,Tauson C.,0,0,ou,17.50,over,ft,1.14,2
Cf0qny3c,Keys M.,Tauson C.,0,0,ou,17.50,under,ft,4.4,2
Cf0qny3c,Keys M.,Tauson C.,0,0,ou,18.00,over,ft,1.17,2
Cf0qny3c,Keys M.,Tauson C.,0,0,ou,18.00,under,ft,4.1,2
Cf0qny3c,Keys M.,Tauson C.,0,0,ou,18.50,over,ft,1.297,3
Cf0qny3c,Keys M.,Tauson C.,0,0,ou,18.50,under,ft,3.217,3
Cf0qny3c,Keys M.,Tauson C.,0,0,ou,19.00,over,ft,1.32,2
Cf0qny3c,Keys M.,Tauson C.,0,0,ou,19.00,under,ft,2.99,2
Cf0qny3c,Keys M.,Tauson C.,0,0,ou,19.50,over,ft,1.43,3
Cf0qny3c,Keys M.,Tauson C.,0,0,ou,19.50,under,ft,2.643,3
Cf0qny3c,Keys M.,Tauson C.,0,0,ou,20.00,over,ft,1.5,2
Cf0qny3c,Keys M.,Tauson C.,0,0,ou,20.00,under,ft,2.42,2
Cf0qny3c,Keys M.,Tauson C.,0,0,ou,20.50,over,ft,1.619,7
Cf0qny3c,Keys M.,Tauson C.,0,0,ou,20.50,under,ft,2.211,7
Cf0qny3c,Keys M.,Tauson C.,0,0,ou,21.00,over,ft,1.704,5
Cf0qny3c,Keys M.,Tauson C.,0,0,ou,21.00,under,ft,2.136,5
Cf0qny3c,Keys M.,Tauson C.,0,0,ou,21.50,over,ft,1.802,8
Cf0qny3c,Keys M.,Tauson C.,0,0,ou,21.50,under,ft,2.011,8
Cf0qny3c,Keys M.,Tauson C.,0,0,ou,22.00,over,ft,1.92,5
Cf0qny3c,Keys M.,Tauson C.,0,0,ou,22.00,under,ft,1.876,5
Cf0qny3c,Keys M.,Tauson C.,0,0,ou,22.50,over,ft,2.019,8
Cf0qny3c,Keys M.,Tauson C.,0,0,ou,22.50,under,ft,1.795,8
Cf0qny3c,Keys M.,Tauson C.,0,0,ou,23.00,over,ft,2.152,5
Cf0qny3c,Keys M.,Tauson C.,0,0,ou,23.00,under,ft,1.68,5
Cf0qny3c,Keys M.,Tauson C.,0,0,ou,23.50,over,ft,2.208,5
Cf0qny3c,Keys M.,Tauson C.,0,0,ou,23.50,under,ft,1.604,5
Cf0qny3c,Keys M.,Tauson C.,0,0,ou,24.00,over,ft,2.26,2
Cf0qny3c,Keys M.,Tauson C.,0,0,ou,24.00,under,ft,1.54,2
Cf0qny3c,Keys M.,Tauson C.,0,0,ou,24.50,over,ft,2.342,5
Cf0qny3c,Keys M.,Tauson C.,0,0,ou,24.50,under,ft,1.542,5
Cf0qny3c,Keys M.,Tauson C.,0,0,ou,25.00,over,ft,2.43,2
Cf0qny3c,Keys M.,Tauson C.,0,0,ou,25.00,under,ft,1.44,2
Cf0qny3c,Keys M.,Tauson C.,0,0,ou,25.50,over,ft,2.523,3
Cf0qny3c,Keys M.,Tauson C.,0,0,ou,25.50,under,ft,1.44,3
Cf0qny3c,Keys M.,Tauson C.,0,0,ou,26.50,over,ft,3.343,3
Cf0qny3c,Keys M.,Tauson C.,0,0,ou,26.50,under,ft,1.293,3
Cf0qny3c,Keys M.,Tauson C.,0,0,hc,1.50,home,ft,1.3,5
Cf0qny3c,Keys M.,Tauson C.,0,0,hc,1.50,away,ft,3.426,5
Cf0qny3c,Keys M.,Tauson C.,0,0,hc,-1.50,home,ft,2.684,7
Cf0qny3c,Keys M.,Tauson C.,0,0,hc,-1.50,away,ft,1.447,7
Cf0qny3c,Keys M.,Tauson C.,0,0,hc,0,home,ft,1.73,4
Cf0qny3c,Keys M.,Tauson C.,0,0,hc,0,away,ft,2.112,4
Cf0qny3c,Keys M.,Tauson C.,0,0,hc,0.50,home,ft,1.643,3
Cf0qny3c,Keys M.,Tauson C.,0,0,hc,0.50,away,ft,2.19,3
Cf0qny3c,Keys M.,Tauson C.,0,0,hc,-0.50,home,ft,1.766,7
Cf0qny3c,Keys M.,Tauson C.,0,0,hc,-0.50,away,ft,2.026,7
Cf0qny3c,Keys M.,Tauson C.,0,0,hc,1.00,home,ft,1.58,2
Cf0qny3c,Keys M.,Tauson C.,0,0,hc,1.00,away,ft,2.3,2
Cf0qny3c,Keys M.,Tauson C.,0,0,hc,-1.00,home,ft,1.812,4
Cf0qny3c,Keys M.,Tauson C.,0,0,hc,-1.00,away,ft,1.995,4
Cf0qny3c,Keys M.,Tauson C.,0,0,hc,1.50,home,ft,1.568,5
Cf0qny3c,Keys M.,Tauson C.,0,0,hc,1.50,away,ft,2.35,5
Cf0qny3c,Keys M.,Tauson C.,0,0,hc,-1.50,home,ft,1.853,7
Cf0qny3c,Keys M.,Tauson C.,0,0,hc,-1.50,away,ft,1.959,7
Cf0qny3c,Keys M.,Tauson C.,0,0,hc,2.00,home,ft,1.49,2
Cf0qny3c,Keys M.,Tauson C.,0,0,hc,2.00,away,ft,2.52,2
Cf0qny3c,Keys M.,Tauson C.,0,0,hc,-2.00,home,ft,1.968,4
Cf0qny3c,Keys M.,Tauson C.,0,0,hc,-2.00,away,ft,1.845,4
Cf0qny3c,Keys M.,Tauson C.,0,0,hc,2.50,home,ft,1.467,3
Cf0qny3c,Keys M.,Tauson C.,0,0,hc,2.50,away,ft,2.603,3
Cf0qny3c,Keys M.,Tauson C.,0,0,hc,-2.50,home,ft,2.041,7
Cf0qny3c,Keys M.,Tauson C.,0,0,hc,-2.50,away,ft,1.75,7
Cf0qny3c,Keys M.,Tauson C.,0,0,hc,-3.00,home,ft,2.192,4
Cf0qny3c,Keys M.,Tauson C.,0,0,hc,-3.00,away,ft,1.675,4
Cf0qny3c,Keys M.,Tauson C.,0,0,hc,3.50,home,ft,1.34,1
Cf0qny3c,Keys M.,Tauson C.,0,0,hc,3.50,away,ft,3.26,1
Cf0qny3c,Keys M.,Tauson C.,0,0,hc,-3.50,home,ft,2.273,7
Cf0qny3c,Keys M.,Tauson C.,0,0,hc,-3.50,away,ft,1.604,7
Cf0qny3c,Keys M.,Tauson C.,0,0,hc,-4.00,home,ft,2.67,2
Cf0qny3c,Keys M.,Tauson C.,0,0,hc,-4.00,away,ft,1.44,2
Cf0qny3c,Keys M.,Tauson C.,0,0,hc,-4.50,home,ft,2.89,3
Cf0qny3c,Keys M.,Tauson C.,0,0,hc,-4.50,away,ft,1.387,3
Cf0qny3c,Keys M.,Tauson C.,0,0,hc,-5.00,home,ft,3.64,2
Cf0qny3c,Keys M.,Tauson C.,0,0,hc,-5.00,away,ft,1.26,2
Cf0qny3c,Keys M.,Tauson C.,0,0,hc,-5.50,home,ft,3.973,3
Cf0qny3c,Keys M.,Tauson C.,0,0,hc,-5.50,away,ft,1.237,3
Cf0qny3c,Keys M.,Tauson C.,0,0,hc,-6.00,home,ft,5.1,2
Cf0qny3c,Keys M.,Tauson C.,0,0,hc,-6.00,away,ft,1.15,2
Cf0qny3c,Keys M.,Tauson C.,0,0,hc,-6.50,home,ft,5.55,2
Cf0qny3c,Keys M.,Tauson C.,0,0,hc,-6.50,away,ft,1.13,2
KSoQ3LVA,Mboko V.,Bouzas Maneiro J.,2,2,ou,2.50,over,ft,2.67,2
KSoQ3LVA,Mboko V.,Bouzas Maneiro J.,2,2,ou,2.50,under,ft,1.525,2
KSoQ3LVA,Mboko V.,Bouzas Maneiro J.,2,2,ou,16.50,over,ft,1.143,3
KSoQ3LVA,Mboko V.,Bouzas Maneiro J.,2,2,ou,16.50,under,ft,4.797,3
KSoQ3LVA,Mboko V.,Bouzas Maneiro J.,2,2,ou,17.00,over,ft,1.14,2
KSoQ3LVA,Mboko V.,Bouzas Maneiro J.,2,2,ou,17.00,under,ft,4.4,2
KSoQ3LVA,Mboko V.,Bouzas Maneiro J.,2,2,ou,17.50,over,ft,1.27,2
KSoQ3LVA,Mboko V.,Bouzas Maneiro J.,2,2,ou,17.50,under,ft,3.22,2
KSoQ3LVA,Mboko V.,Bouzas Maneiro J.,2,2,ou,18.00,over,ft,1.32,2
KSoQ3LVA,Mboko V.,Bouzas Maneiro J.,2,2,ou,18.00,under,ft,2.99,2
KSoQ3LVA,Mboko V.,Bouzas Maneiro J.,2,2,ou,18.50,over,ft,1.47,5
KSoQ3LVA,Mboko V.,Bouzas Maneiro J.,2,2,ou,18.50,under,ft,2.576,5
KSoQ3LVA,Mboko V.,Bouzas Maneiro J.,2,2,ou,19.00,over,ft,1.587,4
KSoQ3LVA,Mboko V.,Bouzas Maneiro J.,2,2,ou,19.00,under,ft,2.335,4
KSoQ3LVA,Mboko V.,Bouzas Maneiro J.,2,2,ou,19.50,over,ft,1.682,8
KSoQ3LVA,Mboko V.,Bouzas Maneiro J.,2,2,ou,19.50,under,ft,2.136,8
KSoQ3LVA,Mboko V.,Bouzas Maneiro J.,2,2,ou,20.00,over,ft,1.808,5
KSoQ3LVA,Mboko V.,Bouzas Maneiro J.,2,2,ou,20.00,under,ft,2.002,5
KSoQ3LVA,Mboko V.,Bouzas Maneiro J.,2,2,ou,20.50,over,ft,1.917,8
KSoQ3LVA,Mboko V.,Bouzas Maneiro J.,2,2,ou,20.50,under,ft,1.87,8
KSoQ3LVA,Mboko V.,Bouzas Maneiro J.,2,2,ou,21.00,over,ft,2.042,5
KSoQ3LVA,Mboko V.,Bouzas Maneiro J.,2,2,ou,21.00,under,ft,1.768,5
KSoQ3LVA,Mboko V.,Bouzas Maneiro J.,2,2,ou,21.50,over,ft,2.118,8
KSoQ3LVA,Mboko V.,Bouzas Maneiro J.,2,2,ou,21.50,under,ft,1.698,8
KSoQ3LVA,Mboko V.,Bouzas Maneiro J.,2,2,ou,22.00,over,ft,2.252,4
KSoQ3LVA,Mboko V.,Bouzas Maneiro J.,2,2,ou,22.00,under,ft,1.625,4
KSoQ3LVA,Mboko V.,Bouzas Maneiro J.,2,2,ou,22.50,over,ft,2.398,5
KSoQ3LVA,Mboko V.,Bouzas Maneiro J.,2,2,ou,22.50,under,ft,1.53,5
KSoQ3LVA,Mboko V.,Bouzas Maneiro J.,2,2,ou,23.00,over,ft,2.55,2
KSoQ3LVA,Mboko V.,Bouzas Maneiro J.,2,2,ou,23.00,under,ft,1.43,2
KSoQ3LVA,Mboko V.,Bouzas Maneiro J.,2,2,ou,23.50,over,ft,2.63,3
KSoQ3LVA,Mboko V.,Bouzas Maneiro J.,2,2,ou,23.50,under,ft,1.417,3
KSoQ3LVA,Mboko V.,Bouzas Maneiro J.,2,2,ou,24.00,over,ft,2.71,2
KSoQ3LVA,Mboko V.,Bouzas Maneiro J.,2,2,ou,24.00,under,ft,1.36,2
KSoQ3LVA,Mboko V.,Bouzas Maneiro J.,2,2,ou,24.50,over,ft,2.762,4
KSoQ3LVA,Mboko V.,Bouzas Maneiro J.,2,2,ou,24.50,under,ft,1.39,4
KSoQ3LVA,Mboko V.,Bouzas Maneiro J.,2,2,ou,25.00,over,ft,2.71,2
KSoQ3LVA,Mboko V.,Bouzas Maneiro J.,2,2,ou,25.00,under,ft,1.36,2
KSoQ3LVA,Mboko V.,Bouzas Maneiro J.,2,2,ou,25.50,over,ft,2.787,3
KSoQ3LVA,Mboko V.,Bouzas Maneiro J.,2,2,ou,25.50,under,ft,1.353,3
KSoQ3LVA,Mboko V.,Bouzas Maneiro J.,2,2,ou,26.50,over,ft,3.03,2
KSoQ3LVA,Mboko V.,Bouzas Maneiro J.,2,2,ou,26.50,under,ft,1.31,2
KSoQ3LVA,Mboko V.,Bouzas Maneiro J.,2,2,hc,1.50,home,ft,1.128,5
KSoQ3LVA,Mboko V.,Bouzas Maneiro J.,2,2,hc,1.50,away,ft,5.822,5
KSoQ3LVA,Mboko V.,Bouzas Maneiro J.,2,2,hc,-1.50,home,ft,1.827,7
KSoQ3LVA,Mboko V.,Bouzas Maneiro J.,2,2,hc,-1.50,away,ft,1.934,7
KSoQ3LVA,Mboko V.,Bouzas Maneiro J.,2,2,hc,0,home,ft,1.35,2
KSoQ3LVA,Mboko V.,Bouzas Maneiro J.,2,2,hc,0,away,ft,3.05,2
KSoQ3LVA,Mboko V.,Bouzas Maneiro J.,2,2,hc,0.50,home,ft,1.33,2
KSoQ3LVA,Mboko V.,Bouzas Maneiro J.,2,2,hc,0.50,away,ft,3.14,2
KSoQ3LVA,Mboko V.,Bouzas Maneiro J.,2,2,hc,-0.50,home,ft,1.347,3
KSoQ3LVA,Mboko V.,Bouzas Maneiro J.,2,2,hc,-0.50,away,ft,3.057,3
KSoQ3LVA,Mboko V.,Bouzas Maneiro J.,2,2,hc,-1.00,home,ft,1.33,2
KSoQ3LVA,Mboko V.,Bouzas Maneiro J.,2,2,hc,-1.00,away,ft,3.15,2
KSoQ3LVA,Mboko V.,Bouzas Maneiro J.,2,2,hc,1.50,home,ft,1.29,1
KSoQ3LVA,Mboko V.,Bouzas Maneiro J.,2,2,hc,1.50,away,ft,3.63,1
KSoQ3LVA,Mboko V.,Bouzas Maneiro J.,2,2,hc,-1.50,home,ft,1.4,4
KSoQ3LVA,Mboko V.,Bouzas Maneiro J.,2,2,hc,-1.50,away,ft,2.843,4
KSoQ3LVA,Mboko V.,Bouzas Maneiro J.,2,2,hc,-2.00,home,ft,1.39,2
KSoQ3LVA,Mboko V.,Bouzas Maneiro J.,2,2,hc,-2.00,away,ft,2.86,2
KSoQ3LVA,Mboko V.,Bouzas Maneiro J.,2,2,hc,-2.50,home,ft,1.48,4
KSoQ3LVA,Mboko V.,Bouzas Maneiro J.,2,2,hc,-2.50,away,ft,2.545,4
KSoQ3LVA,Mboko V.,Bouzas Maneiro J.,2,2,hc,-3.00,home,ft,1.555,4
KSoQ3LVA,Mboko V.,Bouzas Maneiro J.,2,2,hc,-3.00,away,ft,2.438,4
KSoQ3LVA,Mboko V.,Bouzas Maneiro J.,2,2,hc,-3.50,home,ft,1.617,7
KSoQ3LVA,Mboko V.,Bouzas Maneiro J.,2,2,hc,-3.50,away,ft,2.27,7
KSoQ3LVA,Mboko V.,Bouzas Maneiro J.,2,2,hc,-4.00,home,ft,1.76,4
KSoQ3LVA,Mboko V.,Bouzas Maneiro J.,2,2,hc,-4.00,away,ft,2.075,4
KSoQ3LVA,Mboko V.,Bouzas Maneiro J.,2,2,hc,-4.50,home,ft,1.932,6
KSoQ3LVA,Mboko V.,Bouzas Maneiro J.,2,2,hc,-4.50,away,ft,1.862,6
KSoQ3LVA,Mboko V.,Bouzas Maneiro J.,2,2,hc,-5.00,home,ft,2.183,4
KSoQ3LVA,Mboko V.,Bouzas Maneiro J.,2,2,hc,-5.00,away,ft,1.69,4
KSoQ3LVA,Mboko V.,Bouzas Maneiro J.,2,2,hc,-5.50,home,ft,2.397,7
KSoQ3LVA,Mboko V.,Bouzas Maneiro J.,2,2,hc,-5.50,away,ft,1.553,7
KSoQ3LVA,Mboko V.,Bouzas Maneiro J.,2,2,hc,-6.00,home,ft,2.868,4
KSoQ3LVA,Mboko V.,Bouzas Maneiro J.,2,2,hc,-6.00,away,ft,1.425,4
KSoQ3LVA,Mboko V.,Bouzas Maneiro J.,2,2,hc,-6.50,home,ft,3.34,2
KSoQ3LVA,Mboko V.,Bouzas Maneiro J.,2,2,hc,-6.50,away,ft,1.3,2
KSoQ3LVA,Mboko V.,Bouzas Maneiro J.,2,2,hc,-7.00,home,ft,4.9,2
KSoQ3LVA,Mboko V.,Bouzas Maneiro J.,2,2,hc,-7.00,away,ft,1.16,2
KSoQ3LVA,Mboko V.,Bouzas Maneiro J.,2,2,hc,-7.50,home,ft,5.417,3
KSoQ3LVA,Mboko V.,Bouzas Maneiro J.,2,2,hc,-7.50,away,ft,1.137,3
KSoQ3LVA,Mboko V.,Bouzas Maneiro J.,2,2,hc,-8.00,home,ft,8.7,2
KSoQ3LVA,Mboko V.,Bouzas Maneiro J.,2,2,hc,-8.00,away,ft,1.05,2
KSoQ3LVA,Mboko V.,Bouzas Maneiro J.,2,2,hc,-8.50,home,ft,9.2,2
KSoQ3LVA,Mboko V.,Bouzas Maneiro J.,2,2,hc,-8.50,away,ft,1.04,2
rRrJSXTa,Kostyuk M.,Rybakina E.,,,ou,2.50,over,ft,2.593,3
rRrJSXTa,Kostyuk M.,Rybakina E.,,,ou,2.50,under,ft,1.53,3
rRrJSXTa,Kostyuk M.,Rybakina E.,,,ou,16.50,over,ft,1.09,2
rRrJSXTa,Kostyuk M.,Rybakina E.,,,ou,16.50,under,ft,5.35,2
rRrJSXTa,Kostyuk M.,Rybakina E.,,,ou,17.00,over,ft,1.11,2
rRrJSXTa,Kostyuk M.,Rybakina E.,,,ou,17.00,under,ft,4.95,2
rRrJSXTa,Kostyuk M.,Rybakina E.,,,ou,17.50,over,ft,1.19,2
rRrJSXTa,Kostyuk M.,Rybakina E.,,,ou,17.50,under,ft,3.78,2
rRrJSXTa,Kostyuk M.,Rybakina E.,,,ou,18.00,over,ft,1.23,2
rRrJSXTa,Kostyuk M.,Rybakina E.,,,ou,18.00,under,ft,3.44,2
rRrJSXTa,Kostyuk M.,Rybakina E.,,,ou,18.50,over,ft,1.362,5
rRrJSXTa,Kostyuk M.,Rybakina E.,,,ou,18.50,under,ft,2.942,5
rRrJSXTa,Kostyuk M.,Rybakina E.,,,ou,19.00,over,ft,1.4,2
rRrJSXTa,Kostyuk M.,Rybakina E.,,,ou,19.00,under,ft,2.65,2
rRrJSXTa,Kostyuk M.,Rybakina E.,,,ou,19.50,over,ft,1.542,5
rRrJSXTa,Kostyuk M.,Rybakina E.,,,ou,19.50,under,ft,2.334,5
rRrJSXTa,Kostyuk M.,Rybakina E.,,,ou,20.00,over,ft,1.63,5
rRrJSXTa,Kostyuk M.,Rybakina E.,,,ou,20.00,under,ft,2.228,5
rRrJSXTa,Kostyuk M.,Rybakina E.,,,ou,20.50,over,ft,1.728,8
rRrJSXTa,Kostyuk M.,Rybakina E.,,,ou,20.50,under,ft,2.05,8
rRrJSXTa,Kostyuk M.,Rybakina E.,,,ou,21.00,over,ft,1.834,5
rRrJSXTa,Kostyuk M.,Rybakina E.,,,ou,21.00,under,ft,1.96,5
rRrJSXTa,Kostyuk M.,Rybakina E.,,,ou,21.50,over,ft,1.927,8
rRrJSXTa,Kostyuk M.,Rybakina E.,,,ou,21.50,under,ft,1.874,8
rRrJSXTa,Kostyuk M.,Rybakina E.,,,ou,22.00,over,ft,2.08,5
rRrJSXTa,Kostyuk M.,Rybakina E.,,,ou,22.00,under,ft,1.742,5
rRrJSXTa,Kostyuk M.,Rybakina E.,,,ou,22.50,over,ft,2.192,8
rRrJSXTa,Kostyuk M.,Rybakina E.,,,ou,22.50,under,ft,1.637,8
rRrJSXTa,Kostyuk M.,Rybakina E.,,,ou,23.00,over,ft,2.32,2
rRrJSXTa,Kostyuk M.,Rybakina E.,,,ou,23.00,under,ft,1.54,2
rRrJSXTa,Kostyuk M.,Rybakina E.,,,ou,23.50,over,ft,2.427,3
rRrJSXTa,Kostyuk M.,Rybakina E.,,,ou,23.50,under,ft,1.5,3
rRrJSXTa,Kostyuk M.,Rybakina E.,,,ou,24.00,over,ft,2.46,2
rRrJSXTa,Kostyuk M.,Rybakina E.,,,ou,24.00,under,ft,1.46,2
rRrJSXTa,Kostyuk M.,Rybakina E.,,,ou,24.50,over,ft,2.543,7
rRrJSXTa,Kostyuk M.,Rybakina E.,,,ou,24.50,under,ft,1.47,7
rRrJSXTa,Kostyuk M.,Rybakina E.,,,ou,25.00,over,ft,2.63,2
rRrJSXTa,Kostyuk M.,Rybakina E.,,,ou,25.00,under,ft,1.38,2
rRrJSXTa,Kostyuk M.,Rybakina E.,,,ou,25.50,over,ft,2.773,3
rRrJSXTa,Kostyuk M.,Rybakina E.,,,ou,25.50,under,ft,1.367,3
rRrJSXTa,Kostyuk M.,Rybakina E.,,,hc,1.50,home,ft,1.867,7
rRrJSXTa,Kostyuk M.,Rybakina E.,,,hc,1.50,away,ft,1.9,7
rRrJSXTa,Kostyuk M.,Rybakina E.,,,hc,-1.50,home,ft,5.658,5
rRrJSXTa,Kostyuk M.,Rybakina E.,,,hc,-1.50,away,ft,1.13,5
rRrJSXTa,Kostyuk M.,Rybakina E.,,,hc,0,home,ft,3.34,2
rRrJSXTa,Kostyuk M.,Rybakina E.,,,hc,0,away,ft,1.3,2
rRrJSXTa,Kostyuk M.,Rybakina E.,,,hc,0.50,home,ft,3.22,2
rRrJSXTa,Kostyuk M.,Rybakina E.,,,hc,0.50,away,ft,1.32,2
rRrJSXTa,Kostyuk M.,Rybakina E.,,,hc,-0.50,home,ft,3.44,2
rRrJSXTa,Kostyuk M.,Rybakina E.,,,hc,-0.50,away,ft,1.29,2
rRrJSXTa,Kostyuk M.,Rybakina E.,,,hc,1.00,home,ft,3.15,2
rRrJSXTa,Kostyuk M.,Rybakina E.,,,hc,1.00,away,ft,1.33,2
rRrJSXTa,Kostyuk M.,Rybakina E.,,,hc,1.50,home,ft,2.94,5
rRrJSXTa,Kostyuk M.,Rybakina E.,,,hc,1.50,away,ft,1.39,5
rRrJSXTa,Kostyuk M.,Rybakina E.,,,hc,-1.50,home,ft,4.13,2
rRrJSXTa,Kostyuk M.,Rybakina E.,,,hc,-1.50,away,ft,1.24,2
rRrJSXTa,Kostyuk M.,Rybakina E.,,,hc,2.00,home,ft,2.78,2
rRrJSXTa,Kostyuk M.,Rybakina E.,,,hc,2.00,away,ft,1.41,2
rRrJSXTa,Kostyuk M.,Rybakina E.,,,hc,2.50,home,ft,2.583,3
rRrJSXTa,Kostyuk M.,Rybakina E.,,,hc,2.50,away,ft,1.47,3
rRrJSXTa,Kostyuk M.,Rybakina E.,,,hc,3.00,home,ft,2.453,4
rRrJSXTa,Kostyuk M.,Rybakina E.,,,hc,3.00,away,ft,1.555,4
rRrJSXTa,Kostyuk M.,Rybakina E.,,,hc,3.50,home,ft,2.197,7
rRrJSXTa,Kostyuk M.,Rybakina E.,,,hc,3.50,away,ft,1.653,7
rRrJSXTa,Kostyuk M.,Rybakina E.,,,hc,4.00,home,ft,1.998,4
rRrJSXTa,Kostyuk M.,Rybakina E.,,,hc,4.00,away,ft,1.818,4
rRrJSXTa,Kostyuk M.,Rybakina E.,,,hc,4.50,home,ft,1.797,6
rRrJSXTa,Kostyuk M.,Rybakina E.,,,hc,4.50,away,ft,2.018,6
rRrJSXTa,Kostyuk M.,Rybakina E.,,,hc,5.00,home,ft,1.59,4
rRrJSXTa,Kostyuk M.,Rybakina E.,,,hc,5.00,away,ft,2.362,4
rRrJSXTa,Kostyuk M.,Rybakina E.,,,hc,5.50,home,ft,1.456,7
rRrJSXTa,Kostyuk M.,Rybakina E.,,,hc,5.50,away,ft,2.654,7
rRrJSXTa,Kostyuk M.,Rybakina E.,,,hc,6.00,home,ft,1.28,2
rRrJSXTa,Kostyuk M.,Rybakina E.,,,hc,6.00,away,ft,3.48,2
rRrJSXTa,Kostyuk M.,Rybakina E.,,,hc,6.50,home,ft,1.23,2
rRrJSXTa,Kostyuk M.,Rybakina E.,,,hc,6.50,away,ft,3.9,2
rRrJSXTa,Kostyuk M.,Rybakina E.,,,hc,7.00,home,ft,1.11,2
rRrJSXTa,Kostyuk M.,Rybakina E.,,,hc,7.00,away,ft,6.0,2
rRrJSXTa,Kostyuk M.,Rybakina E.,,,hc,7.50,home,ft,1.107,4
rRrJSXTa,Kostyuk M.,Rybakina E.,,,hc,7.50,away,ft,6.407,4
rRrJSXTa,Kostyuk M.,Rybakina E.,,,hc,8.00,home,ft,1.02,2
rRrJSXTa,Kostyuk M.,Rybakina E.,,,hc,8.00,away,ft,11.0,2
rRrJSXTa,Kostyuk M.,Rybakina E.,,,hc,8.50,home,ft,1.02,2
rRrJSXTa,Kostyuk M.,Rybakina E.,,,hc,8.50,away,ft,11.2,2
tluQEEJ0,Anisimova A.,Svitolina E.,0,0,ou,2.50,over,ft,2.273,3
tluQEEJ0,Anisimova A.,Svitolina E.,0,0,ou,2.50,under,ft,1.653,3
tluQEEJ0,Anisimova A.,Svitolina E.,0,0,ou,17.50,over,ft,1.15,2
tluQEEJ0,Anisimova A.,Svitolina E.,0,0,ou,17.50,under,ft,4.3,2
tluQEEJ0,Anisimova A.,Svitolina E.,0,0,ou,18.00,over,ft,1.17,2
tluQEEJ0,Anisimova A.,Svitolina E.,0,0,ou,18.00,under,ft,3.98,2
tluQEEJ0,Anisimova A.,Svitolina E.,0,0,ou,18.50,over,ft,1.293,3
tluQEEJ0,Anisimova A.,Svitolina E.,0,0,ou,18.50,under,ft,3.237,3
tluQEEJ0,Anisimova A.,Svitolina E.,0,0,ou,19.00,over,ft,1.33,2
tluQEEJ0,Anisimova A.,Svitolina E.,0,0,ou,19.00,under,ft,2.94,2
tluQEEJ0,Anisimova A.,Svitolina E.,0,0,ou,19.50,over,ft,1.433,3
tluQEEJ0,Anisimova A.,Svitolina E.,0,0,ou,19.50,under,ft,2.61,3
tluQEEJ0,Anisimova A.,Svitolina E.,0,0,ou,20.00,over,ft,1.5,2
tluQEEJ0,Anisimova A.,Svitolina E.,0,0,ou,20.00,under,ft,2.42,2
tluQEEJ0,Anisimova A.,Svitolina E.,0,0,ou,20.50,over,ft,1.61,6
tluQEEJ0,Anisimova A.,Svitolina E.,0,0,ou,20.50,under,ft,2.243,6
tluQEEJ0,Anisimova A.,Svitolina E.,0,0,ou,21.00,over,ft,1.702,5
tluQEEJ0,Anisimova A.,Svitolina E.,0,0,ou,21.00,under,ft,2.136,5
tluQEEJ0,Anisimova A.,Svitolina E.,0,0,ou,21.50,over,ft,1.799,8
tluQEEJ0,Anisimova A.,Svitolina E.,0,0,ou,21.50,under,ft,1.996,8
tluQEEJ0,Anisimova A.,Svitolina E.,0,0,ou,22.00,over,ft,1.912,5
tluQEEJ0,Anisimova A.,Svitolina E.,0,0,ou,22.00,under,ft,1.888,5
tluQEEJ0,Anisimova A.,Svitolina E.,0,0,ou,22.50,over,ft,1.966,8
tluQEEJ0,Anisimova A.,Svitolina E.,0,0,ou,22.50,under,ft,1.806,8
tluQEEJ0,Anisimova A.,Svitolina E.,0,0,ou,23.00,over,ft,2.132,5
tluQEEJ0,Anisimova A.,Svitolina E.,0,0,ou,23.00,under,ft,1.69,5
tluQEEJ0,Anisimova A.,Svitolina E.,0,0,ou,23.50,over,ft,2.156,5
tluQEEJ0,Anisimova A.,Svitolina E.,0,0,ou,23.50,under,ft,1.642,5
tluQEEJ0,Anisimova A.,Svitolina E.,0,0,ou,24.00,over,ft,2.24,2
tluQEEJ0,Anisimova A.,Svitolina E.,0,0,ou,24.00,under,ft,1.55,2
tluQEEJ0,Anisimova A.,Svitolina E.,0,0,ou,24.50,over,ft,2.238,6
tluQEEJ0,Anisimova A.,Svitolina E.,0,0,ou,24.50,under,ft,1.587,6
tluQEEJ0,Anisimova A.,Svitolina E.,0,0,ou,25.00,over,ft,2.41,2
tluQEEJ0,Anisimova A.,Svitolina E.,0,0,ou,25.00,under,ft,1.45,2
tluQEEJ0,Anisimova A.,Svitolina E.,0,0,ou,25.50,over,ft,2.402,4
tluQEEJ0,Anisimova A.,Svitolina E.,0,0,ou,25.50,under,ft,1.492,4
tluQEEJ0,Anisimova A.,Svitolina E.,0,0,ou,26.00,over,ft,2.67,2
tluQEEJ0,Anisimova A.,Svitolina E.,0,0,ou,26.00,under,ft,1.37,2
tluQEEJ0,Anisimova A.,Svitolina E.,0,0,ou,26.50,over,ft,2.845,4
tluQEEJ0,Anisimova A.,Svitolina E.,0,0,ou,26.50,under,ft,1.367,4
tluQEEJ0,Anisimova A.,Svitolina E.,0,0,hc,1.50,home,ft,1.39,7
tluQEEJ0,Anisimova A.,Svitolina E.,0,0,hc,1.50,away,ft,2.887,7
tluQEEJ0,Anisimova A.,Svitolina E.,0,0,hc,-1.50,home,ft,3.172,6
tluQEEJ0,Anisimova A.,Svitolina E.,0,0,hc,-1.50,away,ft,1.33,6
tluQEEJ0,Anisimova A.,Svitolina E.,0,0,hc,0,home,ft,1.98,4
tluQEEJ0,Anisimova A.,Svitolina E.,0,0,hc,0,away,ft,1.83,4
tluQEEJ0,Anisimova A.,Svitolina E.,0,0,hc,0.50,home,ft,1.913,7
tluQEEJ0,Anisimova A.,Svitolina E.,0,0,hc,0.50,away,ft,1.863,7
tluQEEJ0,Anisimova A.,Svitolina E.,0,0,hc,-0.50,home,ft,2.006,7
tluQEEJ0,Anisimova A.,Svitolina E.,0,0,hc,-0.50,away,ft,1.779,7
tluQEEJ0,Anisimova A.,Svitolina E.,0,0,hc,1.00,home,ft,1.853,4
tluQEEJ0,Anisimova A.,Svitolina E.,0,0,hc,1.00,away,ft,1.962,4
tluQEEJ0,Anisimova A.,Svitolina E.,0,0,hc,-1.00,home,ft,2.087,4
tluQEEJ0,Anisimova A.,Svitolina E.,0,0,hc,-1.00,away,ft,1.745,4
tluQEEJ0,Anisimova A.,Svitolina E.,0,0,hc,1.50,home,ft,1.777,6
tluQEEJ0,Anisimova A.,Svitolina E.,0,0,hc,1.50,away,ft,2.017,6
tluQEEJ0,Anisimova A.,Svitolina E.,0,0,hc,-1.50,home,ft,2.176,5
tluQEEJ0,Anisimova A.,Svitolina E.,0,0,hc,-1.50,away,ft,1.652,5
tluQEEJ0,Anisimova A.,Svitolina E.,0,0,hc,2.00,home,ft,1.732,4
tluQEEJ0,Anisimova A.,Svitolina E.,0,0,hc,2.00,away,ft,2.107,4
tluQEEJ0,Anisimova A.,Svitolina E.,0,0,hc,-2.00,home,ft,2.28,2
tluQEEJ0,Anisimova A.,Svitolina E.,0,0,hc,-2.00,away,ft,1.59,2
tluQEEJ0,Anisimova A.,Svitolina E.,0,0,hc,2.50,home,ft,1.67,6
tluQEEJ0,Anisimova A.,Svitolina E.,0,0,hc,2.50,away,ft,2.162,6
tluQEEJ0,Anisimova A.,Svitolina E.,0,0,hc,-2.50,home,ft,2.55,4
tluQEEJ0,Anisimova A.,Svitolina E.,0,0,hc,-2.50,away,ft,1.485,4
tluQEEJ0,Anisimova A.,Svitolina E.,0,0,hc,3.00,home,ft,1.53,2
tluQEEJ0,Anisimova A.,Svitolina E.,0,0,hc,3.00,away,ft,2.4,2
tluQEEJ0,Anisimova A.,Svitolina E.,0,0,hc,-3.00,home,ft,2.61,2
tluQEEJ0,Anisimova A.,Svitolina E.,0,0,hc,-3.00,away,ft,1.46,2
tluQEEJ0,Anisimova A.,Svitolina E.,0,0,hc,3.50,home,ft,1.488,4
tluQEEJ0,Anisimova A.,Svitolina E.,0,0,hc,3.50,away,ft,2.553,4
tluQEEJ0,Anisimova A.,Svitolina E.,0,0,hc,-3.50,home,ft,2.768,4
tluQEEJ0,Anisimova A.,Svitolina E.,0,0,hc,-3.50,away,ft,1.422,4
tluQEEJ0,Anisimova A.,Svitolina E.,0,0,hc,4.00,home,ft,1.37,2
tluQEEJ0,Anisimova A.,Svitolina E.,0,0,hc,4.00,away,ft,2.95,2
tluQEEJ0,Anisimova A.,Svitolina E.,0,0,hc,-4.00,home,ft,3.14,2
tluQEEJ0,Anisimova A.,Svitolina E.,0,0,hc,-4.00,away,ft,1.33,2
tluQEEJ0,Anisimova A.,Svitolina E.,0,0,hc,4.50,home,ft,1.33,2
tluQEEJ0,Anisimova A.,Svitolina E.,0,0,hc,4.50,away,ft,3.15,2
tluQEEJ0,Anisimova A.,Svitolina E.,0,0,hc,-4.50,home,ft,3.34,2
tluQEEJ0,Anisimova A.,Svitolina E.,0,0,hc,-4.50,away,ft,1.3,2
tluQEEJ0,Anisimova A.,Svitolina E.,0,0,hc,5.50,home,ft,1.21,1
tluQEEJ0,Anisimova A.,Svitolina E.,0,0,hc,5.50,away,ft,4.5,1
CCceBKeB,Tauson C.,Swiatek I.,2,2,ou,2.50,over,ft,3.55,3
CCceBKeB,Tauson C.,Swiatek I.,2,2,ou,2.50,under,ft,1.313,3
CCceBKeB,Tauson C.,Swiatek I.,2,2,ou,14.50,over,ft,1.02,2
CCceBKeB,Tauson C.,Swiatek I.,2,2,ou,14.50,under,ft,8.3,2
CCceBKeB,Tauson C.,Swiatek I.,2,2,ou,15.00,over,ft,1.02,2
CCceBKeB,Tauson C.,Swiatek I.,2,2,ou,15.00,under,ft,7.8,2
CCceBKeB,Tauson C.,Swiatek I.,2,2,ou,15.50,over,ft,1.09,2
CCceBKeB,Tauson C.,Swiatek I.,2,2,ou,15.50,under,ft,5.3,2
CCceBKeB,Tauson C.,Swiatek I.,2,2,ou,16.00,over,ft,1.11,2
CCceBKeB,Tauson C.,Swiatek I.,2,2,ou,16.00,under,ft,4.85,2
CCceBKeB,Tauson C.,Swiatek I.,2,2,ou,16.50,over,ft,1.265,4
CCceBKeB,Tauson C.,Swiatek I.,2,2,ou,16.50,under,ft,3.425,4
CCceBKeB,Tauson C.,Swiatek I.,2,2,ou,17.00,over,ft,1.3,2
CCceBKeB,Tauson C.,Swiatek I.,2,2,ou,17.00,under,ft,3.1,2
CCceBKeB,Tauson C.,Swiatek I.,2,2,ou,17.50,over,ft,1.477,3
CCceBKeB,Tauson C.,Swiatek I.,2,2,ou,17.50,under,ft,2.483,3
CCceBKeB,Tauson C.,Swiatek I.,2,2,ou,18.00,over,ft,1.586,5
CCceBKeB,Tauson C.,Swiatek I.,2,2,ou,18.00,under,ft,2.326,5
CCceBKeB,Tauson C.,Swiatek I.,2,2,ou,18.50,over,ft,1.73,8
CCceBKeB,Tauson C.,Swiatek I.,2,2,ou,18.50,under,ft,2.047,8
CCceBKeB,Tauson C.,Swiatek I.,2,2,ou,19.00,over,ft,1.888,5
CCceBKeB,Tauson C.,Swiatek I.,2,2,ou,19.00,under,ft,1.912,5
CCceBKeB,Tauson C.,Swiatek I.,2,2,ou,19.50,over,ft,2.026,8
CCceBKeB,Tauson C.,Swiatek I.,2,2,ou,19.50,under,ft,1.774,8
CCceBKeB,Tauson C.,Swiatek I.,2,2,ou,20.00,over,ft,2.186,5
CCceBKeB,Tauson C.,Swiatek I.,2,2,ou,20.00,under,ft,1.67,5
CCceBKeB,Tauson C.,Swiatek I.,2,2,ou,20.50,over,ft,2.293,7
CCceBKeB,Tauson C.,Swiatek I.,2,2,ou,20.50,under,ft,1.577,7
CCceBKeB,Tauson C.,Swiatek I.,2,2,ou,21.00,over,ft,2.34,2
CCceBKeB,Tauson C.,Swiatek I.,2,2,ou,21.00,under,ft,1.53,2
CCceBKeB,Tauson C.,Swiatek I.,2,2,ou,21.50,over,ft,2.52,3
CCceBKeB,Tauson C.,Swiatek I.,2,2,ou,21.50,under,ft,1.463,3
CCceBKeB,Tauson C.,Swiatek I.,2,2,ou,22.00,over,ft,2.61,2
CCceBKeB,Tauson C.,Swiatek I.,2,2,ou,22.00,under,ft,1.41,2
CCceBKeB,Tauson C.,Swiatek I.,2,2,ou,22.50,over,ft,2.914,5
CCceBKeB,Tauson C.,Swiatek I.,2,2,ou,22.50,under,ft,1.358,5
CCceBKeB,Tauson C.,Swiatek I.,2,2,ou,23.00,over,ft,2.88,2
CCceBKeB,Tauson C.,Swiatek I.,2,2,ou,23.00,under,ft,1.32,2
CCceBKeB,Tauson C.,Swiatek I.,2,2,ou,23.50,over,ft,2.97,2
CCceBKeB,Tauson C.,Swiatek I.,2,2,ou,23.50,under,ft,1.3,2
CCceBKeB,Tauson C.,Swiatek I.,2,2,ou,24.50,over,ft,3.33,2
CCceBKeB,Tauson C.,Swiatek I.,2,2,ou,24.50,under,ft,1.26,2
CCceBKeB,Tauson C.,Swiatek I.,2,2,hc,1.50,home,ft,2.591,7
CCceBKeB,Tauson C.,Swiatek I.,2,2,hc,1.50,away,ft,1.476,7
CCceBKeB,Tauson C.,Swiatek I.,2,2,hc,-1.50,home,ft,9.34,4
CCceBKeB,Tauson C.,Swiatek I.,2,2,hc,-1.50,away,ft,1.058,4
CCceBKeB,Tauson C.,Swiatek I.,2,2,hc,1.50,home,ft,4.683,3
CCceBKeB,Tauson C.,Swiatek I.,2,2,hc,1.50,away,ft,1.18,3
CCceBKeB,Tauson C.,Swiatek I.,2,2,hc,2.00,home,ft,4.4,2
CCceBKeB,Tauson C.,Swiatek I.,2,2,hc,2.00,away,ft,1.19,2
CCceBKeB,Tauson C.,Swiatek I.,2,2,hc,2.50,home,ft,3.9,2
CCceBKeB,Tauson C.,Swiatek I.,2,2,hc,2.50,away,ft,1.23,2
CCceBKeB,Tauson C.,Swiatek I.,2,2,hc,3.00,home,ft,3.72,2
CCceBKeB,Tauson C.,Swiatek I.,2,2,hc,3.00,away,ft,1.25,2
CCceBKeB,Tauson C.,Swiatek I.,2,2,hc,3.50,home,ft,3.33,3
CCceBKeB,Tauson C.,Swiatek I.,2,2,hc,3.50,away,ft,1.313,3
CCceBKeB,Tauson C.,Swiatek I.,2,2,hc,4.00,home,ft,2.95,2
CCceBKeB,Tauson C.,Swiatek I.,2,2,hc,4.00,away,ft,1.37,2
CCceBKeB,Tauson C.,Swiatek I.,2,2,hc,4.50,home,ft,2.621,7
CCceBKeB,Tauson C.,Swiatek I.,2,2,hc,4.50,away,ft,1.471,7
CCceBKeB,Tauson C.,Swiatek I.,2,2,hc,5.00,home,ft,2.393,4
CCceBKeB,Tauson C.,Swiatek I.,2,2,hc,5.00,away,ft,1.58,4
CCceBKeB,Tauson C.,Swiatek I.,2,2,hc,5.50,home,ft,2.063,6
CCceBKeB,Tauson C.,Swiatek I.,2,2,hc,5.50,away,ft,1.755,6
CCceBKeB,Tauson C.,Swiatek I.,2,2,hc,6.00,home,ft,1.795,4
CCceBKeB,Tauson C.,Swiatek I.,2,2,hc,6.00,away,ft,2.032,4
CCceBKeB,Tauson C.,Swiatek I.,2,2,hc,6.50,home,ft,1.614,7
CCceBKeB,Tauson C.,Swiatek I.,2,2,hc,6.50,away,ft,2.263,7
CCceBKeB,Tauson C.,Swiatek I.,2,2,hc,7.00,home,ft,1.393,4
CCceBKeB,Tauson C.,Swiatek I.,2,2,hc,7.00,away,ft,2.995,4
CCceBKeB,Tauson C.,Swiatek I.,2,2,hc,7.50,home,ft,1.31,4
CCceBKeB,Tauson C.,Swiatek I.,2,2,hc,7.50,away,ft,3.36,4
CCceBKeB,Tauson C.,Swiatek I.,2,2,hc,8.00,home,ft,1.14,2
CCceBKeB,Tauson C.,Swiatek I.,2,2,hc,8.00,away,ft,5.2,2
CCceBKeB,Tauson C.,Swiatek I.,2,2,hc,8.50,home,ft,1.12,2
CCceBKeB,Tauson C.,Swiatek I.,2,2,hc,8.50,away,ft,5.75,2
CCceBKeB,Tauson C.,Swiatek I.,2,2,hc,9.00,home,ft,1.03,2
CCceBKeB,Tauson C.,Swiatek I.,2,2,hc,9.00,away,ft,10.0,2
CCceBKeB,Tauson C.,Swiatek I.,2,2,hc,9.50,home,ft,1.03,2
CCceBKeB,Tauson C.,Swiatek I.,2,2,hc,9.50,away,ft,10.7,2
lpu4lA14,Osaka N.,Sevastova A.,2,2,ou,2.50,over,ft,2.903,3
lpu4lA14,Osaka N.,Sevastova A.,2,2,ou,2.50,under,ft,1.437,3
lpu4lA14,Osaka N.,Sevastova A.,2,2,ou,15.50,over,ft,1.05,2
lpu4lA14,Osaka N.,Sevastova A.,2,2,ou,15.50,under,ft,6.4,2
lpu4lA14,Osaka N.,Sevastova A.,2,2,ou,16.00,over,ft,1.07,2
lpu4lA14,Osaka N.,Sevastova A.,2,2,ou,16.00,under,ft,5.95,2
lpu4lA14,Osaka N.,Sevastova A.,2,2,ou,16.50,over,ft,1.177,3
lpu4lA14,Osaka N.,Sevastova A.,2,2,ou,16.50,under,ft,4.977,3
lpu4lA14,Osaka N.,Sevastova A.,2,2,ou,17.00,over,ft,1.2,2
lpu4lA14,Osaka N.,Sevastova A.,2,2,ou,17.00,under,ft,4.53,2
lpu4lA14,Osaka N.,Sevastova A.,2,2,ou,17.50,over,ft,1.35,2
lpu4lA14,Osaka N.,Sevastova A.,2,2,ou,17.50,under,ft,3.2,2
lpu4lA14,Osaka N.,Sevastova A.,2,2,ou,18.00,over,ft,1.42,2
lpu4lA14,Osaka N.,Sevastova A.,2,2,ou,18.00,under,ft,2.895,2
lpu4lA14,Osaka N.,Sevastova A.,2,2,ou,18.50,over,ft,1.52,6
lpu4lA14,Osaka N.,Sevastova A.,2,2,ou,18.50,under,ft,2.47,6
lpu4lA14,Osaka N.,Sevastova A.,2,2,ou,19.00,over,ft,1.636,5
lpu4lA14,Osaka N.,Sevastova A.,2,2,ou,19.00,under,ft,2.282,5
lpu4lA14,Osaka N.,Sevastova A.,2,2,ou,19.50,over,ft,1.734,8
lpu4lA14,Osaka N.,Sevastova A.,2,2,ou,19.50,under,ft,2.079,8
lpu4lA14,Osaka N.,Sevastova A.,2,2,ou,20.00,over,ft,1.866,5
lpu4lA14,Osaka N.,Sevastova A.,2,2,ou,20.00,under,ft,1.952,5
lpu4lA14,Osaka N.,Sevastova A.,2,2,ou,20.50,over,ft,1.969,8
lpu4lA14,Osaka N.,Sevastova A.,2,2,ou,20.50,under,ft,1.829,8
lpu4lA14,Osaka N.,Sevastova A.,2,2,ou,21.00,over,ft,2.114,5
lpu4lA14,Osaka N.,Sevastova A.,2,2,ou,21.00,under,ft,1.736,5
lpu4lA14,Osaka N.,Sevastova A.,2,2,ou,21.50,over,ft,2.186,7
lpu4lA14,Osaka N.,Sevastova A.,2,2,ou,21.50,under,ft,1.674,7
lpu4lA14,Osaka N.,Sevastova A.,2,2,ou,22.00,over,ft,2.46,2
lpu4lA14,Osaka N.,Sevastova A.,2,2,ou,22.00,under,ft,1.55,2
lpu4lA14,Osaka N.,Sevastova A.,2,2,ou,22.50,over,ft,2.508,6
lpu4lA14,Osaka N.,Sevastova A.,2,2,ou,22.50,under,ft,1.51,6
lpu4lA14,Osaka N.,Sevastova A.,2,2,ou,23.00,over,ft,2.77,2
lpu4lA14,Osaka N.,Sevastova A.,2,2,ou,23.00,under,ft,1.45,2
lpu4lA14,Osaka N.,Sevastova A.,2,2,ou,23.50,over,ft,2.847,3
lpu4lA14,Osaka N.,Sevastova A.,2,2,ou,23.50,under,ft,1.413,3
lpu4lA14,Osaka N.,Sevastova A.,2,2,ou,24.00,over,ft,2.98,2
lpu4lA14,Osaka N.,Sevastova A.,2,2,ou,24.00,under,ft,1.4,2
lpu4lA14,Osaka N.,Sevastova A.,2,2,ou,24.50,over,ft,2.922,5
lpu4lA14,Osaka N.,Sevastova A.,2,2,ou,24.50,under,ft,1.392,5
lpu4lA14,Osaka N.,Sevastova A.,2,2,ou,25.50,over,ft,3.15,2
lpu4lA14,Osaka N.,Sevastova A.,2,2,ou,25.50,under,ft,1.29,2
lpu4lA14,Osaka N.,Sevastova A.,2,2,hc,1.50,home,ft,1.094,5
lpu4lA14,Osaka N.,Sevastova A.,2,2,hc,1.50,away,ft,6.792,5
lpu4lA14,Osaka N.,Sevastova A.,2,2,hc,-1.50,home,ft,1.686,7
lpu4lA14,Osaka N.,Sevastova A.,2,2,hc,-1.50,away,ft,2.12,7
lpu4lA14,Osaka N.,Sevastova A.,2,2,hc,-0.50,home,ft,1.17,2
lpu4lA14,Osaka N.,Sevastova A.,2,2,hc,-0.50,away,ft,5.15,2
lpu4lA14,Osaka N.,Sevastova A.,2,2,hc,-1.00,home,ft,1.18,2
lpu4lA14,Osaka N.,Sevastova A.,2,2,hc,-1.00,away,ft,4.825,2
lpu4lA14,Osaka N.,Sevastova A.,2,2,hc,-1.50,home,ft,1.24,3
lpu4lA14,Osaka N.,Sevastova A.,2,2,hc,-1.50,away,ft,4.123,3
lpu4lA14,Osaka N.,Sevastova A.,2,2,hc,-2.00,home,ft,1.23,2
lpu4lA14,Osaka N.,Sevastova A.,2,2,hc,-2.00,away,ft,4.17,2
lpu4lA14,Osaka N.,Sevastova A.,2,2,hc,-2.50,home,ft,1.29,2
lpu4lA14,Osaka N.,Sevastova A.,2,2,hc,-2.50,away,ft,3.63,2
lpu4lA14,Osaka N.,Sevastova A.,2,2,hc,-3.00,home,ft,1.32,2
lpu4lA14,Osaka N.,Sevastova A.,2,2,hc,-3.00,away,ft,3.38,2
lpu4lA14,Osaka N.,Sevastova A.,2,2,hc,-3.50,home,ft,1.468,6
lpu4lA14,Osaka N.,Sevastova A.,2,2,hc,-3.50,away,ft,2.643,6
lpu4lA14,Osaka N.,Sevastova A.,2,2,hc,-4.00,home,ft,1.552,4
lpu4lA14,Osaka N.,Sevastova A.,2,2,hc,-4.00,away,ft,2.53,4
lpu4lA14,Osaka N.,Sevastova A.,2,2,hc,-4.50,home,ft,1.734,7
lpu4lA14,Osaka N.,Sevastova A.,2,2,hc,-4.50,away,ft,2.091,7
lpu4lA14,Osaka N.,Sevastova A.,2,2,hc,-5.00,home,ft,1.913,4
lpu4lA14,Osaka N.,Sevastova A.,2,2,hc,-5.00,away,ft,1.935,4
lpu4lA14,Osaka N.,Sevastova A.,2,2,hc,-5.50,home,ft,2.177,7
lpu4lA14,Osaka N.,Sevastova A.,2,2,hc,-5.50,away,ft,1.671,7
lpu4lA14,Osaka N.,Sevastova A.,2,2,hc,-6.00,home,ft,2.585,4
lpu4lA14,Osaka N.,Sevastova A.,2,2,hc,-6.00,away,ft,1.52,4
lpu4lA14,Osaka N.,Sevastova A.,2,2,hc,-6.50,home,ft,2.811,7
lpu4lA14,Osaka N.,Sevastova A.,2,2,hc,-6.50,away,ft,1.417,7
lpu4lA14,Osaka N.,Sevastova A.,2,2,hc,-7.00,home,ft,4.17,2
lpu4lA14,Osaka N.,Sevastova A.,2,2,hc,-7.00,away,ft,1.23,2
lpu4lA14,Osaka N.,Sevastova A.,2,2,hc,-7.50,home,ft,4.783,3
lpu4lA14,Osaka N.,Sevastova A.,2,2,hc,-7.50,away,ft,1.183,3
lpu4lA14,Osaka N.,Sevastova A.,2,2,hc,-8.00,home,ft,8.505,2
lpu4lA14,Osaka N.,Sevastova A.,2,2,hc,-8.00,away,ft,1.07,2
lpu4lA14,Osaka N.,Sevastova A.,2,2,hc,-8.50,home,ft,9.95,2
lpu4lA14,Osaka N.,Sevastova A.,2,2,hc,-8.50,away,ft,1.05,2
lpu4lA14,Osaka N.,Sevastova A.,2,2,hc,-9.00,home,ft,13.2,2
lpu4lA14,Osaka N.,Sevastova A.,2,2,hc,-9.50,home,ft,13.7,2
xfsz4xlo,Keys M.,Muchova K.,2,2,ou,2.50,over,ft,2.43,3
xfsz4xlo,Keys M.,Muchova K.,2,2,ou,2.50,under,ft,1.593,3
xfsz4xlo,Keys M.,Muchova K.,2,2,ou,17.50,over,ft,1.16,2
xfsz4xlo,Keys M.,Muchova K.,2,2,ou,17.50,under,ft,4.1,2
xfsz4xlo,Keys M.,Muchova K.,2,2,ou,18.00,over,ft,1.19,2
xfsz4xlo,Keys M.,Muchova K.,2,2,ou,18.00,under,ft,3.8,2
xfsz4xlo,Keys M.,Muchova K.,2,2,ou,18.50,over,ft,1.325,4
xfsz4xlo,Keys M.,Muchova K.,2,2,ou,18.50,under,ft,3.135,4
xfsz4xlo,Keys M.,Muchova K.,2,2,ou,19.00,over,ft,1.35,2
xfsz4xlo,Keys M.,Muchova K.,2,2,ou,19.00,under,ft,2.85,2
xfsz4xlo,Keys M.,Muchova K.,2,2,ou,19.50,over,ft,1.453,3
xfsz4xlo,Keys M.,Muchova K.,2,2,ou,19.50,under,ft,2.55,3
xfsz4xlo,Keys M.,Muchova K.,2,2,ou,20.00,over,ft,1.53,2
xfsz4xlo,Keys M.,Muchova K.,2,2,ou,20.00,under,ft,2.34,2
xfsz4xlo,Keys M.,Muchova K.,2,2,ou,20.50,over,ft,1.647,8
xfsz4xlo,Keys M.,Muchova K.,2,2,ou,20.50,under,ft,2.165,8
xfsz4xlo,Keys M.,Muchova K.,2,2,ou,21.00,over,ft,1.744,5
xfsz4xlo,Keys M.,Muchova K.,2,2,ou,21.00,under,ft,2.07,5
xfsz4xlo,Keys M.,Muchova K.,2,2,ou,21.50,over,ft,1.838,8
xfsz4xlo,Keys M.,Muchova K.,2,2,ou,21.50,under,ft,1.965,8
xfsz4xlo,Keys M.,Muchova K.,2,2,ou,22.00,over,ft,1.962,5
xfsz4xlo,Keys M.,Muchova K.,2,2,ou,22.00,under,ft,1.844,5
xfsz4xlo,Keys M.,Muchova K.,2,2,ou,22.50,over,ft,2.058,8
xfsz4xlo,Keys M.,Muchova K.,2,2,ou,22.50,under,ft,1.728,8
xfsz4xlo,Keys M.,Muchova K.,2,2,ou,23.00,over,ft,2.178,5
xfsz4xlo,Keys M.,Muchova K.,2,2,ou,23.00,under,ft,1.654,5
xfsz4xlo,Keys M.,Muchova K.,2,2,ou,23.50,over,ft,2.237,4
xfsz4xlo,Keys M.,Muchova K.,2,2,ou,23.50,under,ft,1.588,4
xfsz4xlo,Keys M.,Muchova K.,2,2,ou,24.00,over,ft,2.28,2
xfsz4xlo,Keys M.,Muchova K.,2,2,ou,24.00,under,ft,1.53,2
xfsz4xlo,Keys M.,Muchova K.,2,2,ou,24.50,over,ft,2.383,7
xfsz4xlo,Keys M.,Muchova K.,2,2,ou,24.50,under,ft,1.527,7
xfsz4xlo,Keys M.,Muchova K.,2,2,ou,25.00,over,ft,2.47,2
xfsz4xlo,Keys M.,Muchova K.,2,2,ou,25.00,under,ft,1.43,2
xfsz4xlo,Keys M.,Muchova K.,2,2,ou,25.50,over,ft,2.567,3
xfsz4xlo,Keys M.,Muchova K.,2,2,ou,25.50,under,ft,1.423,3
xfsz4xlo,Keys M.,Muchova K.,2,2,ou,26.00,over,ft,2.67,2
xfsz4xlo,Keys M.,Muchova K.,2,2,ou,26.00,under,ft,1.37,2
xfsz4xlo,Keys M.,Muchova K.,2,2,ou,26.50,over,ft,2.926,5
xfsz4xlo,Keys M.,Muchova K.,2,2,ou,26.50,under,ft,1.362,5
xfsz4xlo,Keys M.,Muchova K.,2,2,hc,1.50,home,ft,1.228,5
xfsz4xlo,Keys M.,Muchova K.,2,2,hc,1.50,away,ft,4.066,5
xfsz4xlo,Keys M.,Muchova K.,2,2,hc,-1.50,home,ft,2.344,7
xfsz4xlo,Keys M.,Muchova K.,2,2,hc,-1.50,away,ft,1.57,7
xfsz4xlo,Keys M.,Muchova K.,2,2,hc,0,home,ft,1.54,2
xfsz4xlo,Keys M.,Muchova K.,2,2,hc,0,away,ft,2.39,2
xfsz4xlo,Keys M.,Muchova K.,2,2,hc,0.50,home,ft,1.493,3
xfsz4xlo,Keys M.,Muchova K.,2,2,hc,0.50,away,ft,2.51,3
xfsz4xlo,Keys M.,Muchova K.,2,2,hc,-0.50,home,ft,1.573,3
xfsz4xlo,Keys M.,Muchova K.,2,2,hc,-0.50,away,ft,2.313,3
xfsz4xlo,Keys M.,Muchova K.,2,2,hc,1.00,home,ft,1.47,2
xfsz4xlo,Keys M.,Muchova K.,2,2,hc,1.00,away,ft,2.57,2
xfsz4xlo,Keys M.,Muchova K.,2,2,hc,-1.00,home,ft,1.702,4
xfsz4xlo,Keys M.,Muchova K.,2,2,hc,-1.00,away,ft,2.163,4
xfsz4xlo,Keys M.,Muchova K.,2,2,hc,1.50,home,ft,1.434,5
xfsz4xlo,Keys M.,Muchova K.,2,2,hc,1.50,away,ft,2.752,5
xfsz4xlo,Keys M.,Muchova K.,2,2,hc,-1.50,home,ft,1.666,7
xfsz4xlo,Keys M.,Muchova K.,2,2,hc,-1.50,away,ft,2.161,7
xfsz4xlo,Keys M.,Muchova K.,2,2,hc,-2.00,home,ft,1.745,4
xfsz4xlo,Keys M.,Muchova K.,2,2,hc,-2.00,away,ft,2.09,4
xfsz4xlo,Keys M.,Muchova K.,2,2,hc,2.50,home,ft,1.4,1
xfsz4xlo,Keys M.,Muchova K.,2,2,hc,2.50,away,ft,2.73,1
xfsz4xlo,Keys M.,Muchova K.,2,2,hc,-2.50,home,ft,1.813,6
xfsz4xlo,Keys M.,Muchova K.,2,2,hc,-2.50,away,ft,1.993,6
xfsz4xlo,Keys M.,Muchova K.,2,2,hc,-3.00,home,ft,1.96,4
xfsz4xlo,Keys M.,Muchova K.,2,2,hc,-3.00,away,ft,1.85,4
xfsz4xlo,Keys M.,Muchova K.,2,2,hc,-3.50,home,ft,2.077,7
xfsz4xlo,Keys M.,Muchova K.,2,2,hc,-3.50,away,ft,1.717,7
xfsz4xlo,Keys M.,Muchova K.,2,2,hc,-4.00,home,ft,2.36,4
xfsz4xlo,Keys M.,Muchova K.,2,2,hc,-4.00,away,ft,1.59,4
xfsz4xlo,Keys M.,Muchova K.,2,2,hc,-4.50,home,ft,2.57,3
xfsz4xlo,Keys M.,Muchova K.,2,2,hc,-4.50,away,ft,1.47,3
xfsz4xlo,Keys M.,Muchova K.,2,2,hc,-5.00,home,ft,3.14,2
xfsz4xlo,Keys M.,Muchova K.,2,2,hc,-5.00,away,ft,1.33,2
xfsz4xlo,Keys M.,Muchova K.,2,2,hc,-5.50,home,ft,3.435,4
xfsz4xlo,Keys M.,Muchova K.,2,2,hc,-5.50,away,ft,1.305,4
xfsz4xlo,Keys M.,Muchova K.,2,2,hc,-6.00,home,ft,4.7,2
xfsz4xlo,Keys M.,Muchova K.,2,2,hc,-6.00,away,ft,1.17,2
xfsz4xlo,Keys M.,Muchova K.,2,2,hc,-6.50,home,ft,5.15,2
xfsz4xlo,Keys M.,Muchova K.,2,2,hc,-6.50,away,ft,1.14,2
rPDGTbtH,Zhu L.,Bouzas Maneiro J.,1,1,ou,2.50,over,ft,2.457,3
rPDGTbtH,Zhu L.,Bouzas Maneiro J.,1,1,ou,2.50,under,ft,1.58,3
rPDGTbtH,Zhu L.,Bouzas Maneiro J.,1,1,ou,16.50,over,ft,1.15,2
rPDGTbtH,Zhu L.,Bouzas Maneiro J.,1,1,ou,16.50,under,ft,5.56,2
rPDGTbtH,Zhu L.,Bouzas Maneiro J.,1,1,ou,17.50,over,ft,1.185,2
rPDGTbtH,Zhu L.,Bouzas Maneiro J.,1,1,ou,17.50,under,ft,4.26,2
rPDGTbtH,Zhu L.,Bouzas Maneiro J.,1,1,ou,18.00,over,ft,1.215,2
rPDGTbtH,Zhu L.,Bouzas Maneiro J.,1,1,ou,18.00,under,ft,3.91,2
rPDGTbtH,Zhu L.,Bouzas Maneiro J.,1,1,ou,18.50,over,ft,1.38,6
rPDGTbtH,Zhu L.,Bouzas Maneiro J.,1,1,ou,18.50,under,ft,2.945,6
rPDGTbtH,Zhu L.,Bouzas Maneiro J.,1,1,ou,19.00,over,ft,1.39,2
rPDGTbtH,Zhu L.,Bouzas Maneiro J.,1,1,ou,19.00,under,ft,2.845,2
rPDGTbtH,Zhu L.,Bouzas Maneiro J.,1,1,ou,19.50,over,ft,1.503,3
rPDGTbtH,Zhu L.,Bouzas Maneiro J.,1,1,ou,19.50,under,ft,2.477,3
rPDGTbtH,Zhu L.,Bouzas Maneiro J.,1,1,ou,20.00,over,ft,1.627,4
rPDGTbtH,Zhu L.,Bouzas Maneiro J.,1,1,ou,20.00,under,ft,2.295,4
rPDGTbtH,Zhu L.,Bouzas Maneiro J.,1,1,ou,20.50,over,ft,1.706,8
rPDGTbtH,Zhu L.,Bouzas Maneiro J.,1,1,ou,20.50,under,ft,2.099,8
rPDGTbtH,Zhu L.,Bouzas Maneiro J.,1,1,ou,21.00,over,ft,1.806,5
rPDGTbtH,Zhu L.,Bouzas Maneiro J.,1,1,ou,21.00,under,ft,2.006,5
rPDGTbtH,Zhu L.,Bouzas Maneiro J.,1,1,ou,21.50,over,ft,1.905,8
rPDGTbtH,Zhu L.,Bouzas Maneiro J.,1,1,ou,21.50,under,ft,1.891,8
rPDGTbtH,Zhu L.,Bouzas Maneiro J.,1,1,ou,22.00,over,ft,2.028,5
rPDGTbtH,Zhu L.,Bouzas Maneiro J.,1,1,ou,22.00,under,ft,1.788,5
rPDGTbtH,Zhu L.,Bouzas Maneiro J.,1,1,ou,22.50,over,ft,2.14,8
rPDGTbtH,Zhu L.,Bouzas Maneiro J.,1,1,ou,22.50,under,ft,1.672,8
rPDGTbtH,Zhu L.,Bouzas Maneiro J.,1,1,ou,23.00,over,ft,2.213,4
rPDGTbtH,Zhu L.,Bouzas Maneiro J.,1,1,ou,23.00,under,ft,1.663,4
rPDGTbtH,Zhu L.,Bouzas Maneiro J.,1,1,ou,23.50,over,ft,2.323,3
rPDGTbtH,Zhu L.,Bouzas Maneiro J.,1,1,ou,23.50,under,ft,1.567,3
rPDGTbtH,Zhu L.,Bouzas Maneiro J.,1,1,ou,24.00,over,ft,2.38,2
rPDGTbtH,Zhu L.,Bouzas Maneiro J.,1,1,ou,24.00,under,ft,1.535,2
rPDGTbtH,Zhu L.,Bouzas Maneiro J.,1,1,ou,24.50,over,ft,2.494,7
rPDGTbtH,Zhu L.,Bouzas Maneiro J.,1,1,ou,24.50,under,ft,1.504,7
rPDGTbtH,Zhu L.,Bouzas Maneiro J.,1,1,ou,25.00,over,ft,2.59,2
rPDGTbtH,Zhu L.,Bouzas Maneiro J.,1,1,ou,25.00,under,ft,1.445,2
rPDGTbtH,Zhu L.,Bouzas Maneiro J.,1,1,ou,25.50,over,ft,2.713,3
rPDGTbtH,Zhu L.,Bouzas Maneiro J.,1,1,ou,25.50,under,ft,1.413,3
rPDGTbtH,Zhu L.,Bouzas Maneiro J.,1,1,hc,1.50,home,ft,1.487,7
rPDGTbtH,Zhu L.,Bouzas Maneiro J.,1,1,hc,1.50,away,ft,2.56,7
rPDGTbtH,Zhu L.,Bouzas Maneiro J.,1,1,hc,-1.50,home,ft,3.46,5
rPDGTbtH,Zhu L.,Bouzas Maneiro J.,1,1,hc,-1.50,away,ft,1.298,5
rPDGTbtH,Zhu L.,Bouzas Maneiro J.,1,1,hc,0,home,ft,2.18,2
rPDGTbtH,Zhu L.,Bouzas Maneiro J.,1,1,hc,0,away,ft,1.665,2
rPDGTbtH,Zhu L.,Bouzas Maneiro J.,1,1,hc,0.50,home,ft,2.082,5
rPDGTbtH,Zhu L.,Bouzas Maneiro J.,1,1,hc,0.50,away,ft,1.754,5
rPDGTbtH,Zhu L.,Bouzas Maneiro J.,1,1,hc,-0.50,home,ft,2.24,3
rPDGTbtH,Zhu L.,Bouzas Maneiro J.,1,1,hc,-0.50,away,ft,1.627,3
rPDGTbtH,Zhu L.,Bouzas Maneiro J.,1,1,hc,1.00,home,ft,2.015,4
rPDGTbtH,Zhu L.,Bouzas Maneiro J.,1,1,hc,1.00,away,ft,1.815,4
rPDGTbtH,Zhu L.,Bouzas Maneiro J.,1,1,hc,-1.00,home,ft,2.345,2
rPDGTbtH,Zhu L.,Bouzas Maneiro J.,1,1,hc,-1.00,away,ft,1.58,2
rPDGTbtH,Zhu L.,Bouzas Maneiro J.,1,1,hc,1.50,home,ft,1.98,7
rPDGTbtH,Zhu L.,Bouzas Maneiro J.,1,1,hc,1.50,away,ft,1.813,7
rPDGTbtH,Zhu L.,Bouzas Maneiro J.,1,1,hc,-1.50,home,ft,2.402,5
rPDGTbtH,Zhu L.,Bouzas Maneiro J.,1,1,hc,-1.50,away,ft,1.556,5
rPDGTbtH,Zhu L.,Bouzas Maneiro J.,1,1,hc,2.00,home,ft,1.855,4
rPDGTbtH,Zhu L.,Bouzas Maneiro J.,1,1,hc,2.00,away,ft,1.952,4
rPDGTbtH,Zhu L.,Bouzas Maneiro J.,1,1,hc,-2.00,home,ft,2.52,2
rPDGTbtH,Zhu L.,Bouzas Maneiro J.,1,1,hc,-2.00,away,ft,1.49,2
rPDGTbtH,Zhu L.,Bouzas Maneiro J.,1,1,hc,2.50,home,ft,1.803,6
rPDGTbtH,Zhu L.,Bouzas Maneiro J.,1,1,hc,2.50,away,ft,1.998,6
rPDGTbtH,Zhu L.,Bouzas Maneiro J.,1,1,hc,-2.50,home,ft,2.62,3
rPDGTbtH,Zhu L.,Bouzas Maneiro J.,1,1,hc,-2.50,away,ft,1.457,3
rPDGTbtH,Zhu L.,Bouzas Maneiro J.,1,1,hc,3.00,home,ft,1.708,4
rPDGTbtH,Zhu L.,Bouzas Maneiro J.,1,1,hc,3.00,away,ft,2.16,4
rPDGTbtH,Zhu L.,Bouzas Maneiro J.,1,1,hc,3.50,home,ft,1.619,7
rPDGTbtH,Zhu L.,Bouzas Maneiro J.,1,1,hc,3.50,away,ft,2.256,7
rPDGTbtH,Zhu L.,Bouzas Maneiro J.,1,1,hc,-3.50,home,ft,2.99,2
rPDGTbtH,Zhu L.,Bouzas Maneiro J.,1,1,hc,-3.50,away,ft,1.395,2
rPDGTbtH,Zhu L.,Bouzas Maneiro J.,1,1,hc,4.00,home,ft,1.485,2
rPDGTbtH,Zhu L.,Bouzas Maneiro J.,1,1,hc,4.00,away,ft,2.575,2
rPDGTbtH,Zhu L.,Bouzas Maneiro J.,1,1,hc,4.50,home,ft,1.417,3
rPDGTbtH,Zhu L.,Bouzas Maneiro J.,1,1,hc,4.50,away,ft,2.797,3
rPDGTbtH,Zhu L.,Bouzas Maneiro J.,1,1,hc,5.00,home,ft,1.285,2
rPDGTbtH,Zhu L.,Bouzas Maneiro J.,1,1,hc,5.00,away,ft,3.54,2
rPDGTbtH,Zhu L.,Bouzas Maneiro J.,1,1,hc,5.50,home,ft,1.272,4
rPDGTbtH,Zhu L.,Bouzas Maneiro J.,1,1,hc,5.50,away,ft,3.723,4
rPDGTbtH,Zhu L.,Bouzas Maneiro J.,1,1,hc,6.00,home,ft,1.14,2
rPDGTbtH,Zhu L.,Bouzas Maneiro J.,1,1,hc,6.00,away,ft,5.15,2
rPDGTbtH,Zhu L.,Bouzas Maneiro J.,1,1,hc,6.50,home,ft,1.13,2
rPDGTbtH,Zhu L.,Bouzas Maneiro J.,1,1,hc,6.50,away,ft,5.55,2
YgheMGYj,Gauff C.,Mboko V.,0,0,ou,2.50,over,ft,2.52,2
YgheMGYj,Gauff C.,Mboko V.,0,0,ou,2.50,under,ft,1.57,2
YgheMGYj,Gauff C.,Mboko V.,0,0,ou,16.50,over,ft,1.107,3
YgheMGYj,Gauff C.,Mboko V.,0,0,ou,16.50,under,ft,5.5,3
YgheMGYj,Gauff C.,Mboko V.,0,0,ou,17.00,over,ft,1.09,2
YgheMGYj,Gauff C.,Mboko V.,0,0,ou,17.00,under,ft,5.3,2
YgheMGYj,Gauff C.,Mboko V.,0,0,ou,17.50,over,ft,1.25,2
YgheMGYj,Gauff C.,Mboko V.,0,0,ou,17.50,under,ft,3.97,2
YgheMGYj,Gauff C.,Mboko V.,0,0,ou,18.00,over,ft,1.275,2
YgheMGYj,Gauff C.,Mboko V.,0,0,ou,18.00,under,ft,3.485,2
YgheMGYj,Gauff C.,Mboko V.,0,0,ou,18.50,over,ft,1.432,5
YgheMGYj,Gauff C.,Mboko V.,0,0,ou,18.50,under,ft,2.746,5
YgheMGYj,Gauff C.,Mboko V.,0,0,ou,19.00,over,ft,1.46,2
YgheMGYj,Gauff C.,Mboko V.,0,0,ou,19.00,under,ft,2.7,2
YgheMGYj,Gauff C.,Mboko V.,0,0,ou,19.50,over,ft,1.624,8
YgheMGYj,Gauff C.,Mboko V.,0,0,ou,19.50,under,ft,2.251,8
YgheMGYj,Gauff C.,Mboko V.,0,0,ou,20.00,over,ft,1.702,5
YgheMGYj,Gauff C.,Mboko V.,0,0,ou,20.00,under,ft,2.162,5
YgheMGYj,Gauff C.,Mboko V.,0,0,ou,20.50,over,ft,1.847,8
YgheMGYj,Gauff C.,Mboko V.,0,0,ou,20.50,under,ft,1.948,8
YgheMGYj,Gauff C.,Mboko V.,0,0,ou,21.00,over,ft,1.932,5
YgheMGYj,Gauff C.,Mboko V.,0,0,ou,21.00,under,ft,1.88,5
YgheMGYj,Gauff C.,Mboko V.,0,0,ou,21.50,over,ft,2.026,8
YgheMGYj,Gauff C.,Mboko V.,0,0,ou,21.50,under,ft,1.766,8
YgheMGYj,Gauff C.,Mboko V.,0,0,ou,22.00,over,ft,2.174,5
YgheMGYj,Gauff C.,Mboko V.,0,0,ou,22.00,under,ft,1.678,5
YgheMGYj,Gauff C.,Mboko V.,0,0,ou,22.50,over,ft,2.294,5
YgheMGYj,Gauff C.,Mboko V.,0,0,ou,22.50,under,ft,1.58,5
YgheMGYj,Gauff C.,Mboko V.,0,0,ou,23.00,over,ft,2.435,2
YgheMGYj,Gauff C.,Mboko V.,0,0,ou,23.00,under,ft,1.515,2
YgheMGYj,Gauff C.,Mboko V.,0,0,ou,23.50,over,ft,2.527,3
YgheMGYj,Gauff C.,Mboko V.,0,0,ou,23.50,under,ft,1.47,3
YgheMGYj,Gauff C.,Mboko V.,0,0,ou,24.00,over,ft,2.61,2
YgheMGYj,Gauff C.,Mboko V.,0,0,ou,24.00,under,ft,1.5,2
YgheMGYj,Gauff C.,Mboko V.,0,0,ou,24.50,over,ft,2.67,4
YgheMGYj,Gauff C.,Mboko V.,0,0,ou,24.50,under,ft,1.435,4
YgheMGYj,Gauff C.,Mboko V.,0,0,hc,1.50,home,ft,1.162,5
YgheMGYj,Gauff C.,Mboko V.,0,0,hc,1.50,away,ft,4.982,5
YgheMGYj,Gauff C.,Mboko V.,0,0,hc,-1.50,home,ft,1.996,7
YgheMGYj,Gauff C.,Mboko V.,0,0,hc,-1.50,away,ft,1.779,7
YgheMGYj,Gauff C.,Mboko V.,0,0,hc,0,home,ft,1.365,2
YgheMGYj,Gauff C.,Mboko V.,0,0,hc,0,away,ft,2.965,2
YgheMGYj,Gauff C.,Mboko V.,0,0,hc,0.50,home,ft,1.367,3
YgheMGYj,Gauff C.,Mboko V.,0,0,hc,0.50,away,ft,2.97,3
YgheMGYj,Gauff C.,Mboko V.,0,0,hc,-0.50,home,ft,1.383,3
YgheMGYj,Gauff C.,Mboko V.,0,0,hc,-0.50,away,ft,2.973,3
YgheMGYj,Gauff C.,Mboko V.,0,0,hc,-1.00,home,ft,1.385,2
YgheMGYj,Gauff C.,Mboko V.,0,0,hc,-1.00,away,ft,2.985,2
YgheMGYj,Gauff C.,Mboko V.,0,0,hc,1.50,home,ft,1.3,1
YgheMGYj,Gauff C.,Mboko V.,0,0,hc,1.50,away,ft,3.52,1
YgheMGYj,Gauff C.,Mboko V.,0,0,hc,-1.50,home,ft,1.456,5
YgheMGYj,Gauff C.,Mboko V.,0,0,hc,-1.50,away,ft,2.678,5
YgheMGYj,Gauff C.,Mboko V.,0,0,hc,-2.00,home,ft,1.47,2
YgheMGYj,Gauff C.,Mboko V.,0,0,hc,-2.00,away,ft,2.655,2
YgheMGYj,Gauff C.,Mboko V.,0,0,hc,-2.50,home,ft,1.575,4
YgheMGYj,Gauff C.,Mboko V.,0,0,hc,-2.50,away,ft,2.333,4
YgheMGYj,Gauff C.,Mboko V.,0,0,hc,-3.00,home,ft,1.647,4
YgheMGYj,Gauff C.,Mboko V.,0,0,hc,-3.00,away,ft,2.24,4
YgheMGYj,Gauff C.,Mboko V.,0,0,hc,-3.50,home,ft,1.729,7
YgheMGYj,Gauff C.,Mboko V.,0,0,hc,-3.50,away,ft,2.089,7
YgheMGYj,Gauff C.,Mboko V.,0,0,hc,-4.00,home,ft,1.92,4
YgheMGYj,Gauff C.,Mboko V.,0,0,hc,-4.00,away,ft,1.895,4
YgheMGYj,Gauff C.,Mboko V.,0,0,hc,-4.50,home,ft,2.075,6
YgheMGYj,Gauff C.,Mboko V.,0,0,hc,-4.50,away,ft,1.745,6
YgheMGYj,Gauff C.,Mboko V.,0,0,hc,-5.00,home,ft,2.397,4
YgheMGYj,Gauff C.,Mboko V.,0,0,hc,-5.00,away,ft,1.585,4
YgheMGYj,Gauff C.,Mboko V.,0,0,hc,-5.50,home,ft,2.604,7
YgheMGYj,Gauff C.,Mboko V.,0,0,hc,-5.50,away,ft,1.477,7
YgheMGYj,Gauff C.,Mboko V.,0,0,hc,-6.00,home,ft,3.55,2
YgheMGYj,Gauff C.,Mboko V.,0,0,hc,-6.00,away,ft,1.285,2
YgheMGYj,Gauff C.,Mboko V.,0,0,hc,-6.50,home,ft,3.985,2
YgheMGYj,Gauff C.,Mboko V.,0,0,hc,-6.50,away,ft,1.24,2
YgheMGYj,Gauff C.,Mboko V.,0,0,hc,-7.00,home,ft,6.59,2
YgheMGYj,Gauff C.,Mboko V.,0,0,hc,-7.00,away,ft,1.105,2
YgheMGYj,Gauff C.,Mboko V.,0,0,hc,-7.50,home,ft,6.617,3
YgheMGYj,Gauff C.,Mboko V.,0,0,hc,-7.50,away,ft,1.11,3
YgheMGYj,Gauff C.,Mboko V.,0,0,hc,-8.00,home,ft,9.8,2
YgheMGYj,Gauff C.,Mboko V.,0,0,hc,-8.00,away,ft,1.03,2
YgheMGYj,Gauff C.,Mboko V.,0,0,hc,-8.50,home,ft,10.5,2
YgheMGYj,Gauff C.,Mboko V.,0,0,hc,-8.50,away,ft,1.03,2
W4tWwOFa,Rybakina E.,Yastremska D.,2,2,ou,2.50,over,ft,2.83,3
W4tWwOFa,Rybakina E.,Yastremska D.,2,2,ou,2.50,under,ft,1.453,3
W4tWwOFa,Rybakina E.,Yastremska D.,2,2,ou,16.50,over,ft,1.127,4
W4tWwOFa,Rybakina E.,Yastremska D.,2,2,ou,16.50,under,ft,5.277,4
W4tWwOFa,Rybakina E.,Yastremska D.,2,2,ou,17.00,over,ft,1.14,2
W4tWwOFa,Rybakina E.,Yastremska D.,2,2,ou,17.00,under,ft,4.5,2
W4tWwOFa,Rybakina E.,Yastremska D.,2,2,ou,17.50,over,ft,1.22,2
W4tWwOFa,Rybakina E.,Yastremska D.,2,2,ou,17.50,under,ft,4.29,2
W4tWwOFa,Rybakina E.,Yastremska D.,2,2,ou,18.00,over,ft,1.33,2
W4tWwOFa,Rybakina E.,Yastremska D.,2,2,ou,18.00,under,ft,2.94,2
W4tWwOFa,Rybakina E.,Yastremska D.,2,2,ou,18.50,over,ft,1.437,7
W4tWwOFa,Rybakina E.,Yastremska D.,2,2,ou,18.50,under,ft,2.779,7
W4tWwOFa,Rybakina E.,Yastremska D.,2,2,ou,19.00,over,ft,1.55,2
W4tWwOFa,Rybakina E.,Yastremska D.,2,2,ou,19.00,under,ft,2.3,2
W4tWwOFa,Rybakina E.,Yastremska D.,2,2,ou,19.50,over,ft,1.634,8
W4tWwOFa,Rybakina E.,Yastremska D.,2,2,ou,19.50,under,ft,2.246,8
W4tWwOFa,Rybakina E.,Yastremska D.,2,2,ou,20.00,over,ft,1.784,5
W4tWwOFa,Rybakina E.,Yastremska D.,2,2,ou,20.00,under,ft,2.022,5
W4tWwOFa,Rybakina E.,Yastremska D.,2,2,ou,20.50,over,ft,1.93,8
W4tWwOFa,Rybakina E.,Yastremska D.,2,2,ou,20.50,under,ft,1.859,8
W4tWwOFa,Rybakina E.,Yastremska D.,2,2,ou,21.00,over,ft,2.036,5
W4tWwOFa,Rybakina E.,Yastremska D.,2,2,ou,21.00,under,ft,1.778,5
W4tWwOFa,Rybakina E.,Yastremska D.,2,2,ou,21.50,over,ft,2.104,8
W4tWwOFa,Rybakina E.,Yastremska D.,2,2,ou,21.50,under,ft,1.721,8
W4tWwOFa,Rybakina E.,Yastremska D.,2,2,ou,22.00,over,ft,2.27,5
W4tWwOFa,Rybakina E.,Yastremska D.,2,2,ou,22.00,under,ft,1.612,5
W4tWwOFa,Rybakina E.,Yastremska D.,2,2,ou,22.50,over,ft,2.393,8
W4tWwOFa,Rybakina E.,Yastremska D.,2,2,ou,22.50,under,ft,1.548,8
W4tWwOFa,Rybakina E.,Yastremska D.,2,2,ou,23.00,over,ft,2.65,2
W4tWwOFa,Rybakina E.,Yastremska D.,2,2,ou,23.00,under,ft,1.4,2
W4tWwOFa,Rybakina E.,Yastremska D.,2,2,ou,23.50,over,ft,2.657,3
W4tWwOFa,Rybakina E.,Yastremska D.,2,2,ou,23.50,under,ft,1.467,3
W4tWwOFa,Rybakina E.,Yastremska D.,2,2,ou,24.00,over,ft,2.84,2
W4tWwOFa,Rybakina E.,Yastremska D.,2,2,ou,24.00,under,ft,1.33,2
W4tWwOFa,Rybakina E.,Yastremska D.,2,2,ou,24.50,over,ft,2.775,6
W4tWwOFa,Rybakina E.,Yastremska D.,2,2,ou,24.50,under,ft,1.428,6
W4tWwOFa,Rybakina E.,Yastremska D.,2,2,ou,25.00,over,ft,2.79,2
W4tWwOFa,Rybakina E.,Yastremska D.,2,2,ou,25.00,under,ft,1.34,2
W4tWwOFa,Rybakina E.,Yastremska D.,2,2,ou,25.50,over,ft,3.03,2
W4tWwOFa,Rybakina E.,Yastremska D.,2,2,ou,25.50,under,ft,1.38,2
W4tWwOFa,Rybakina E.,Yastremska D.,2,2,hc,1.50,home,ft,1.08,5
W4tWwOFa,Rybakina E.,Yastremska D.,2,2,hc,1.50,away,ft,7.274,5
W4tWwOFa,Rybakina E.,Yastremska D.,2,2,hc,-1.50,home,ft,1.651,7
W4tWwOFa,Rybakina E.,Yastremska D.,2,2,hc,-1.50,away,ft,2.169,7
W4tWwOFa,Rybakina E.,Yastremska D.,2,2,hc,-0.50,home,ft,1.21,2
W4tWwOFa,Rybakina E.,Yastremska D.,2,2,hc,-0.50,away,ft,4.15,2
W4tWwOFa,Rybakina E.,Yastremska D.,2,2,hc,-1.00,home,ft,1.22,2
W4tWwOFa,Rybakina E.,Yastremska D.,2,2,hc,-1.00,away,ft,4.05,2
W4tWwOFa,Rybakina E.,Yastremska D.,2,2,hc,-1.50,home,ft,1.275,4
W4tWwOFa,Rybakina E.,Yastremska D.,2,2,hc,-1.50,away,ft,3.618,4
W4tWwOFa,Rybakina E.,Yastremska D.,2,2,hc,-2.00,home,ft,1.28,2
W4tWwOFa,Rybakina E.,Yastremska D.,2,2,hc,-2.00,away,ft,3.48,2
W4tWwOFa,Rybakina E.,Yastremska D.,2,2,hc,-2.50,home,ft,1.363,3
W4tWwOFa,Rybakina E.,Yastremska D.,2,2,hc,-2.50,away,ft,3.09,3
W4tWwOFa,Rybakina E.,Yastremska D.,2,2,hc,-3.00,home,ft,1.38,2
W4tWwOFa,Rybakina E.,Yastremska D.,2,2,hc,-3.00,away,ft,3.035,2
W4tWwOFa,Rybakina E.,Yastremska D.,2,2,hc,-3.50,home,ft,1.516,7
W4tWwOFa,Rybakina E.,Yastremska D.,2,2,hc,-3.50,away,ft,2.507,7
W4tWwOFa,Rybakina E.,Yastremska D.,2,2,hc,-4.00,home,ft,1.65,4
W4tWwOFa,Rybakina E.,Yastremska D.,2,2,hc,-4.00,away,ft,2.275,4
W4tWwOFa,Rybakina E.,Yastremska D.,2,2,hc,-4.50,home,ft,1.78,7
W4tWwOFa,Rybakina E.,Yastremska D.,2,2,hc,-4.50,away,ft,2.027,7
W4tWwOFa,Rybakina E.,Yastremska D.,2,2,hc,-5.00,home,ft,2.155,4
W4tWwOFa,Rybakina E.,Yastremska D.,2,2,hc,-5.00,away,ft,1.725,4
W4tWwOFa,Rybakina E.,Yastremska D.,2,2,hc,-5.50,home,ft,2.39,7
W4tWwOFa,Rybakina E.,Yastremska D.,2,2,hc,-5.50,away,ft,1.567,7
W4tWwOFa,Rybakina E.,Yastremska D.,2,2,hc,-6.00,home,ft,3.147,4
W4tWwOFa,Rybakina E.,Yastremska D.,2,2,hc,-6.00,away,ft,1.38,4
W4tWwOFa,Rybakina E.,Yastremska D.,2,2,hc,-6.50,home,ft,3.487,4
W4tWwOFa,Rybakina E.,Yastremska D.,2,2,hc,-6.50,away,ft,1.295,4
W4tWwOFa,Rybakina E.,Yastremska D.,2,2,hc,-7.00,home,ft,4.6,2
W4tWwOFa,Rybakina E.,Yastremska D.,2,2,hc,-7.00,away,ft,1.17,2
W4tWwOFa,Rybakina E.,Yastremska D.,2,2,hc,-7.50,home,ft,5.388,4
W4tWwOFa,Rybakina E.,Yastremska D.,2,2,hc,-7.50,away,ft,1.145,4
W4tWwOFa,Rybakina E.,Yastremska D.,2,2,hc,-8.00,home,ft,8.8,2
W4tWwOFa,Rybakina E.,Yastremska D.,2,2,hc,-8.00,away,ft,1.05,2
W4tWwOFa,Rybakina E.,Yastremska D.,2,2,hc,-8.50,home,ft,9.5,2
W4tWwOFa,Rybakina E.,Yastremska D.,2,2,hc,-8.50,away,ft,1.04,2
bizAxjVO,Kessler M.,Kostyuk M.,1,1,ou,2.50,over,ft,2.27,2
bizAxjVO,Kessler M.,Kostyuk M.,1,1,ou,2.50,under,ft,1.69,2
bizAxjVO,Kessler M.,Kostyuk M.,1,1,ou,17.50,over,ft,1.15,2
bizAxjVO,Kessler M.,Kostyuk M.,1,1,ou,17.50,under,ft,4.3,2
bizAxjVO,Kessler M.,Kostyuk M.,1,1,ou,18.00,over,ft,1.17,2
bizAxjVO,Kessler M.,Kostyuk M.,1,1,ou,18.00,under,ft,4.0,2
bizAxjVO,Kessler M.,Kostyuk M.,1,1,ou,18.50,over,ft,1.325,4
bizAxjVO,Kessler M.,Kostyuk M.,1,1,ou,18.50,under,ft,3.157,4
bizAxjVO,Kessler M.,Kostyuk M.,1,1,ou,19.00,over,ft,1.33,2
bizAxjVO,Kessler M.,Kostyuk M.,1,1,ou,19.00,under,ft,2.94,2
bizAxjVO,Kessler M.,Kostyuk M.,1,1,ou,19.50,over,ft,1.447,3
bizAxjVO,Kessler M.,Kostyuk M.,1,1,ou,19.50,under,ft,2.573,3
bizAxjVO,Kessler M.,Kostyuk M.,1,1,ou,20.00,over,ft,1.52,2
bizAxjVO,Kessler M.,Kostyuk M.,1,1,ou,20.00,under,ft,2.38,2
bizAxjVO,Kessler M.,Kostyuk M.,1,1,ou,20.50,over,ft,1.624,8
bizAxjVO,Kessler M.,Kostyuk M.,1,1,ou,20.50,under,ft,2.209,8
bizAxjVO,Kessler M.,Kostyuk M.,1,1,ou,21.00,over,ft,1.734,5
bizAxjVO,Kessler M.,Kostyuk M.,1,1,ou,21.00,under,ft,2.086,5
bizAxjVO,Kessler M.,Kostyuk M.,1,1,ou,21.50,over,ft,1.829,8
bizAxjVO,Kessler M.,Kostyuk M.,1,1,ou,21.50,under,ft,1.965,8
bizAxjVO,Kessler M.,Kostyuk M.,1,1,ou,22.00,over,ft,1.942,5
bizAxjVO,Kessler M.,Kostyuk M.,1,1,ou,22.00,under,ft,1.844,5
bizAxjVO,Kessler M.,Kostyuk M.,1,1,ou,22.50,over,ft,2.031,8
bizAxjVO,Kessler M.,Kostyuk M.,1,1,ou,22.50,under,ft,1.762,8
bizAxjVO,Kessler M.,Kostyuk M.,1,1,ou,23.00,over,ft,2.174,5
bizAxjVO,Kessler M.,Kostyuk M.,1,1,ou,23.00,under,ft,1.666,5
bizAxjVO,Kessler M.,Kostyuk M.,1,1,ou,23.50,over,ft,2.257,3
bizAxjVO,Kessler M.,Kostyuk M.,1,1,ou,23.50,under,ft,1.573,3
bizAxjVO,Kessler M.,Kostyuk M.,1,1,ou,24.00,over,ft,2.33,2
bizAxjVO,Kessler M.,Kostyuk M.,1,1,ou,24.00,under,ft,1.51,2
bizAxjVO,Kessler M.,Kostyuk M.,1,1,ou,24.50,over,ft,2.348,6
bizAxjVO,Kessler M.,Kostyuk M.,1,1,ou,24.50,under,ft,1.552,6
bizAxjVO,Kessler M.,Kostyuk M.,1,1,ou,25.00,over,ft,2.5,2
bizAxjVO,Kessler M.,Kostyuk M.,1,1,ou,25.00,under,ft,1.42,2
bizAxjVO,Kessler M.,Kostyuk M.,1,1,ou,25.50,over,ft,2.57,3
bizAxjVO,Kessler M.,Kostyuk M.,1,1,ou,25.50,under,ft,1.42,3
bizAxjVO,Kessler M.,Kostyuk M.,1,1,ou,26.50,over,ft,3.152,5
bizAxjVO,Kessler M.,Kostyuk M.,1,1,ou,26.50,under,ft,1.332,5
bizAxjVO,Kessler M.,Kostyuk M.,1,1,hc,1.50,home,ft,1.429,7
bizAxjVO,Kessler M.,Kostyuk M.,1,1,hc,1.50,away,ft,2.764,7
bizAxjVO,Kessler M.,Kostyuk M.,1,1,hc,-1.50,home,ft,3.296,5
bizAxjVO,Kessler M.,Kostyuk M.,1,1,hc,-1.50,away,ft,1.322,5
bizAxjVO,Kessler M.,Kostyuk M.,1,1,hc,0,home,ft,2.062,4
bizAxjVO,Kessler M.,Kostyuk M.,1,1,hc,0,away,ft,1.765,4
bizAxjVO,Kessler M.,Kostyuk M.,1,1,hc,0.50,home,ft,1.983,7
bizAxjVO,Kessler M.,Kostyuk M.,1,1,hc,0.50,away,ft,1.794,7
bizAxjVO,Kessler M.,Kostyuk M.,1,1,hc,-0.50,home,ft,2.143,3
bizAxjVO,Kessler M.,Kostyuk M.,1,1,hc,-0.50,away,ft,1.667,3
bizAxjVO,Kessler M.,Kostyuk M.,1,1,hc,1.00,home,ft,1.922,4
bizAxjVO,Kessler M.,Kostyuk M.,1,1,hc,1.00,away,ft,1.877,4
bizAxjVO,Kessler M.,Kostyuk M.,1,1,hc,-1.00,home,ft,2.23,2
bizAxjVO,Kessler M.,Kostyuk M.,1,1,hc,-1.00,away,ft,1.62,2
bizAxjVO,Kessler M.,Kostyuk M.,1,1,hc,1.50,home,ft,1.863,7
bizAxjVO,Kessler M.,Kostyuk M.,1,1,hc,1.50,away,ft,1.923,7
bizAxjVO,Kessler M.,Kostyuk M.,1,1,hc,-1.50,home,ft,2.258,6
bizAxjVO,Kessler M.,Kostyuk M.,1,1,hc,-1.50,away,ft,1.612,6
bizAxjVO,Kessler M.,Kostyuk M.,1,1,hc,1.75,home,ft,2.05,2
bizAxjVO,Kessler M.,Kostyuk M.,1,1,hc,1.75,away,ft,1.68,2
bizAxjVO,Kessler M.,Kostyuk M.,1,1,hc,2.00,home,ft,1.785,4
bizAxjVO,Kessler M.,Kostyuk M.,1,1,hc,2.00,away,ft,2.035,4
bizAxjVO,Kessler M.,Kostyuk M.,1,1,hc,-2.00,home,ft,2.43,2
bizAxjVO,Kessler M.,Kostyuk M.,1,1,hc,-2.00,away,ft,1.52,2
bizAxjVO,Kessler M.,Kostyuk M.,1,1,hc,2.25,home,ft,2.01,2
bizAxjVO,Kessler M.,Kostyuk M.,1,1,hc,2.25,away,ft,1.8,2
bizAxjVO,Kessler M.,Kostyuk M.,1,1,hc,2.50,home,ft,1.737,7
bizAxjVO,Kessler M.,Kostyuk M.,1,1,hc,2.50,away,ft,2.053,7
bizAxjVO,Kessler M.,Kostyuk M.,1,1,hc,-2.50,home,ft,2.54,3
bizAxjVO,Kessler M.,Kostyuk M.,1,1,hc,-2.50,away,ft,1.483,3
bizAxjVO,Kessler M.,Kostyuk M.,1,1,hc,2.75,home,ft,1.87,2
bizAxjVO,Kessler M.,Kostyuk M.,1,1,hc,2.75,away,ft,1.83,2
bizAxjVO,Kessler M.,Kostyuk M.,1,1,hc,3.00,home,ft,1.665,4
bizAxjVO,Kessler M.,Kostyuk M.,1,1,hc,3.00,away,ft,2.212,4
bizAxjVO,Kessler M.,Kostyuk M.,1,1,hc,3.25,home,ft,1.76,2
bizAxjVO,Kessler M.,Kostyuk M.,1,1,hc,3.25,away,ft,1.94,2
bizAxjVO,Kessler M.,Kostyuk M.,1,1,hc,3.50,home,ft,1.566,7
bizAxjVO,Kessler M.,Kostyuk M.,1,1,hc,3.50,away,ft,2.34,7
bizAxjVO,Kessler M.,Kostyuk M.,1,1,hc,-3.50,home,ft,2.895,2
bizAxjVO,Kessler M.,Kostyuk M.,1,1,hc,-3.50,away,ft,1.415,2
bizAxjVO,Kessler M.,Kostyuk M.,1,1,hc,4.00,home,ft,1.42,2
bizAxjVO,Kessler M.,Kostyuk M.,1,1,hc,4.00,away,ft,2.74,2
bizAxjVO,Kessler M.,Kostyuk M.,1,1,hc,4.50,home,ft,1.383,3
bizAxjVO,Kessler M.,Kostyuk M.,1,1,hc,4.50,away,ft,2.863,3
bizAxjVO,Kessler M.,Kostyuk M.,1,1,hc,5.00,home,ft,1.25,2
bizAxjVO,Kessler M.,Kostyuk M.,1,1,hc,5.00,away,ft,3.72,2
bizAxjVO,Kessler M.,Kostyuk M.,1,1,hc,5.50,home,ft,1.235,4
bizAxjVO,Kessler M.,Kostyuk M.,1,1,hc,5.50,away,ft,4.018,4
bizAxjVO,Kessler M.,Kostyuk M.,1,1,hc,6.00,home,ft,1.13,2
bizAxjVO,Kessler M.,Kostyuk M.,1,1,hc,6.00,away,ft,5.4,2
bizAxjVO,Kessler M.,Kostyuk M.,1,1,hc,6.50,home,ft,1.11,2
bizAxjVO,Kessler M.,Kostyuk M.,1,1,hc,6.50,away,ft,5.85,2
rcwdCEBk,Kalinskaya A.,Svitolina E.,0,0,ou,2.50,over,ft,2.61,2
rcwdCEBk,Kalinskaya A.,Svitolina E.,0,0,ou,2.50,under,ft,1.545,2
rcwdCEBk,Kalinskaya A.,Svitolina E.,0,0,ou,16.50,over,ft,1.123,4
rcwdCEBk,Kalinskaya A.,Svitolina E.,0,0,ou,16.50,under,ft,5.405,4
rcwdCEBk,Kalinskaya A.,Svitolina E.,0,0,ou,17.00,over,ft,1.09,2
rcwdCEBk,Kalinskaya A.,Svitolina E.,0,0,ou,17.00,under,ft,5.35,2
rcwdCEBk,Kalinskaya A.,Svitolina E.,0,0,ou,17.50,over,ft,1.21,2
rcwdCEBk,Kalinskaya A.,Svitolina E.,0,0,ou,17.50,under,ft,3.68,2
rcwdCEBk,Kalinskaya A.,Svitolina E.,0,0,ou,18.00,over,ft,1.26,2
rcwdCEBk,Kalinskaya A.,Svitolina E.,0,0,ou,18.00,under,ft,3.35,2
rcwdCEBk,Kalinskaya A.,Svitolina E.,0,0,ou,18.50,over,ft,1.434,5
rcwdCEBk,Kalinskaya A.,Svitolina E.,0,0,ou,18.50,under,ft,2.69,5
rcwdCEBk,Kalinskaya A.,Svitolina E.,0,0,ou,19.00,over,ft,1.46,2
rcwdCEBk,Kalinskaya A.,Svitolina E.,0,0,ou,19.00,under,ft,2.53,2
rcwdCEBk,Kalinskaya A.,Svitolina E.,0,0,ou,19.50,over,ft,1.644,8
rcwdCEBk,Kalinskaya A.,Svitolina E.,0,0,ou,19.50,under,ft,2.2,8
rcwdCEBk,Kalinskaya A.,Svitolina E.,0,0,ou,20.00,over,ft,1.728,5
rcwdCEBk,Kalinskaya A.,Svitolina E.,0,0,ou,20.00,under,ft,2.096,5
rcwdCEBk,Kalinskaya A.,Svitolina E.,0,0,ou,20.50,over,ft,1.873,8
rcwdCEBk,Kalinskaya A.,Svitolina E.,0,0,ou,20.50,under,ft,1.915,8
rcwdCEBk,Kalinskaya A.,Svitolina E.,0,0,ou,21.00,over,ft,1.96,5
rcwdCEBk,Kalinskaya A.,Svitolina E.,0,0,ou,21.00,under,ft,1.834,5
rcwdCEBk,Kalinskaya A.,Svitolina E.,0,0,ou,21.50,over,ft,2.072,8
rcwdCEBk,Kalinskaya A.,Svitolina E.,0,0,ou,21.50,under,ft,1.725,8
rcwdCEBk,Kalinskaya A.,Svitolina E.,0,0,ou,22.00,over,ft,2.212,5
rcwdCEBk,Kalinskaya A.,Svitolina E.,0,0,ou,22.00,under,ft,1.64,5
rcwdCEBk,Kalinskaya A.,Svitolina E.,0,0,ou,22.50,over,ft,2.356,5
rcwdCEBk,Kalinskaya A.,Svitolina E.,0,0,ou,22.50,under,ft,1.554,5
rcwdCEBk,Kalinskaya A.,Svitolina E.,0,0,ou,23.00,over,ft,2.55,2
rcwdCEBk,Kalinskaya A.,Svitolina E.,0,0,ou,23.00,under,ft,1.43,2
rcwdCEBk,Kalinskaya A.,Svitolina E.,0,0,ou,23.50,over,ft,2.63,3
rcwdCEBk,Kalinskaya A.,Svitolina E.,0,0,ou,23.50,under,ft,1.413,3
rcwdCEBk,Kalinskaya A.,Svitolina E.,0,0,ou,24.00,over,ft,2.71,2
rcwdCEBk,Kalinskaya A.,Svitolina E.,0,0,ou,24.00,under,ft,1.36,2
rcwdCEBk,Kalinskaya A.,Svitolina E.,0,0,ou,24.50,over,ft,2.73,5
rcwdCEBk,Kalinskaya A.,Svitolina E.,0,0,ou,24.50,under,ft,1.412,5
rcwdCEBk,Kalinskaya A.,Svitolina E.,0,0,hc,1.50,home,ft,1.921,7
rcwdCEBk,Kalinskaya A.,Svitolina E.,0,0,hc,1.50,away,ft,1.84,7
rcwdCEBk,Kalinskaya A.,Svitolina E.,0,0,hc,-1.50,home,ft,5.944,5
rcwdCEBk,Kalinskaya A.,Svitolina E.,0,0,hc,-1.50,away,ft,1.124,5
rcwdCEBk,Kalinskaya A.,Svitolina E.,0,0,hc,0,home,ft,3.22,2
rcwdCEBk,Kalinskaya A.,Svitolina E.,0,0,hc,0,away,ft,1.32,2
rcwdCEBk,Kalinskaya A.,Svitolina E.,0,0,hc,0.50,home,ft,3.15,2
rcwdCEBk,Kalinskaya A.,Svitolina E.,0,0,hc,0.50,away,ft,1.33,2
rcwdCEBk,Kalinskaya A.,Svitolina E.,0,0,hc,-0.50,home,ft,3.28,2
rcwdCEBk,Kalinskaya A.,Svitolina E.,0,0,hc,-0.50,away,ft,1.31,2
rcwdCEBk,Kalinskaya A.,Svitolina E.,0,0,hc,1.00,home,ft,3.05,2
rcwdCEBk,Kalinskaya A.,Svitolina E.,0,0,hc,1.00,away,ft,1.35,2
rcwdCEBk,Kalinskaya A.,Svitolina E.,0,0,hc,1.50,home,ft,2.864,5
rcwdCEBk,Kalinskaya A.,Svitolina E.,0,0,hc,1.50,away,ft,1.4,5
rcwdCEBk,Kalinskaya A.,Svitolina E.,0,0,hc,-1.50,home,ft,3.925,2
rcwdCEBk,Kalinskaya A.,Svitolina E.,0,0,hc,-1.50,away,ft,1.26,2
rcwdCEBk,Kalinskaya A.,Svitolina E.,0,0,hc,2.00,home,ft,2.74,2
rcwdCEBk,Kalinskaya A.,Svitolina E.,0,0,hc,2.00,away,ft,1.42,2
rcwdCEBk,Kalinskaya A.,Svitolina E.,0,0,hc,2.50,home,ft,2.553,3
rcwdCEBk,Kalinskaya A.,Svitolina E.,0,0,hc,2.50,away,ft,1.477,3
rcwdCEBk,Kalinskaya A.,Svitolina E.,0,0,hc,3.00,home,ft,2.385,4
rcwdCEBk,Kalinskaya A.,Svitolina E.,0,0,hc,3.00,away,ft,1.575,4
rcwdCEBk,Kalinskaya A.,Svitolina E.,0,0,hc,3.50,home,ft,2.224,7
rcwdCEBk,Kalinskaya A.,Svitolina E.,0,0,hc,3.50,away,ft,1.637,7
rcwdCEBk,Kalinskaya A.,Svitolina E.,0,0,hc,4.00,home,ft,2.032,4
rcwdCEBk,Kalinskaya A.,Svitolina E.,0,0,hc,4.00,away,ft,1.785,4
rcwdCEBk,Kalinskaya A.,Svitolina E.,0,0,hc,4.50,home,ft,1.865,6
rcwdCEBk,Kalinskaya A.,Svitolina E.,0,0,hc,4.50,away,ft,1.937,6
rcwdCEBk,Kalinskaya A.,Svitolina E.,0,0,hc,5.00,home,ft,1.637,4
rcwdCEBk,Kalinskaya A.,Svitolina E.,0,0,hc,5.00,away,ft,2.272,4
rcwdCEBk,Kalinskaya A.,Svitolina E.,0,0,hc,5.50,home,ft,1.506,7
rcwdCEBk,Kalinskaya A.,Svitolina E.,0,0,hc,5.50,away,ft,2.503,7
rcwdCEBk,Kalinskaya A.,Svitolina E.,0,0,hc,6.00,home,ft,1.29,2
rcwdCEBk,Kalinskaya A.,Svitolina E.,0,0,hc,6.00,away,ft,3.44,2
rcwdCEBk,Kalinskaya A.,Svitolina E.,0,0,hc,6.50,home,ft,1.24,2
rcwdCEBk,Kalinskaya A.,Svitolina E.,0,0,hc,6.50,away,ft,3.82,2
rcwdCEBk,Kalinskaya A.,Svitolina E.,0,0,hc,7.00,home,ft,1.11,2
rcwdCEBk,Kalinskaya A.,Svitolina E.,0,0,hc,7.00,away,ft,6.0,2
rcwdCEBk,Kalinskaya A.,Svitolina E.,0,0,hc,7.50,home,ft,1.13,4
rcwdCEBk,Kalinskaya A.,Svitolina E.,0,0,hc,7.50,away,ft,5.883,4
rcwdCEBk,Kalinskaya A.,Svitolina E.,0,0,hc,8.00,home,ft,1.02,2
rcwdCEBk,Kalinskaya A.,Svitolina E.,0,0,hc,8.00,away,ft,11.2,2
rcwdCEBk,Kalinskaya A.,Svitolina E.,0,0,hc,8.50,home,ft,1.02,2
rcwdCEBk,Kalinskaya A.,Svitolina E.,0,0,hc,8.50,away,ft,11.7,2
joJr5c4M,Anisimova A.,Raducanu E.,2,2,ou,2.50,over,ft,2.44,3
joJr5c4M,Anisimova A.,Raducanu E.,2,2,ou,2.50,under,ft,1.59,3
joJr5c4M,Anisimova A.,Raducanu E.,2,2,ou,16.50,over,ft,1.15,2
joJr5c4M,Anisimova A.,Raducanu E.,2,2,ou,16.50,under,ft,5.555,2
joJr5c4M,Anisimova A.,Raducanu E.,2,2,ou,17.50,over,ft,1.19,2
joJr5c4M,Anisimova A.,Raducanu E.,2,2,ou,17.50,under,ft,4.67,2
joJr5c4M,Anisimova A.,Raducanu E.,2,2,ou,18.00,over,ft,1.23,2
joJr5c4M,Anisimova A.,Raducanu E.,2,2,ou,18.00,under,ft,4.23,2
joJr5c4M,Anisimova A.,Raducanu E.,2,2,ou,18.50,over,ft,1.384,5
joJr5c4M,Anisimova A.,Raducanu E.,2,2,ou,18.50,under,ft,3.026,5
joJr5c4M,Anisimova A.,Raducanu E.,2,2,ou,19.00,over,ft,1.38,2
joJr5c4M,Anisimova A.,Raducanu E.,2,2,ou,19.00,under,ft,3.03,2
joJr5c4M,Anisimova A.,Raducanu E.,2,2,ou,19.50,over,ft,1.513,3
joJr5c4M,Anisimova A.,Raducanu E.,2,2,ou,19.50,under,ft,2.527,3
joJr5c4M,Anisimova A.,Raducanu E.,2,2,ou,20.00,over,ft,1.62,4
joJr5c4M,Anisimova A.,Raducanu E.,2,2,ou,20.00,under,ft,2.355,4
joJr5c4M,Anisimova A.,Raducanu E.,2,2,ou,20.50,over,ft,1.7,8
joJr5c4M,Anisimova A.,Raducanu E.,2,2,ou,20.50,under,ft,2.124,8
joJr5c4M,Anisimova A.,Raducanu E.,2,2,ou,21.00,over,ft,1.788,5
joJr5c4M,Anisimova A.,Raducanu E.,2,2,ou,21.00,under,ft,2.044,5
joJr5c4M,Anisimova A.,Raducanu E.,2,2,ou,21.50,over,ft,1.879,8
joJr5c4M,Anisimova A.,Raducanu E.,2,2,ou,21.50,under,ft,1.917,8
joJr5c4M,Anisimova A.,Raducanu E.,2,2,ou,22.00,over,ft,2.01,5
joJr5c4M,Anisimova A.,Raducanu E.,2,2,ou,22.00,under,ft,1.796,5
joJr5c4M,Anisimova A.,Raducanu E.,2,2,ou,22.50,over,ft,2.075,8
joJr5c4M,Anisimova A.,Raducanu E.,2,2,ou,22.50,under,ft,1.729,8
joJr5c4M,Anisimova A.,Raducanu E.,2,2,ou,23.00,over,ft,2.177,3
joJr5c4M,Anisimova A.,Raducanu E.,2,2,ou,23.00,under,ft,1.673,3
joJr5c4M,Anisimova A.,Raducanu E.,2,2,ou,23.50,over,ft,2.285,6
joJr5c4M,Anisimova A.,Raducanu E.,2,2,ou,23.50,under,ft,1.59,6
joJr5c4M,Anisimova A.,Raducanu E.,2,2,ou,24.00,over,ft,2.365,2
joJr5c4M,Anisimova A.,Raducanu E.,2,2,ou,24.00,under,ft,1.59,2
joJr5c4M,Anisimova A.,Raducanu E.,2,2,ou,24.50,over,ft,2.469,7
joJr5c4M,Anisimova A.,Raducanu E.,2,2,ou,24.50,under,ft,1.53,7
joJr5c4M,Anisimova A.,Raducanu E.,2,2,ou,25.00,over,ft,2.58,2
joJr5c4M,Anisimova A.,Raducanu E.,2,2,ou,25.00,under,ft,1.5,2
joJr5c4M,Anisimova A.,Raducanu E.,2,2,ou,25.50,over,ft,2.647,3
joJr5c4M,Anisimova A.,Raducanu E.,2,2,ou,25.50,under,ft,1.463,3
joJr5c4M,Anisimova A.,Raducanu E.,2,2,ou,26.00,over,ft,2.71,2
joJr5c4M,Anisimova A.,Raducanu E.,2,2,ou,26.00,under,ft,1.36,2
joJr5c4M,Anisimova A.,Raducanu E.,2,2,ou,26.50,over,ft,2.805,4
joJr5c4M,Anisimova A.,Raducanu E.,2,2,ou,26.50,under,ft,1.357,4
joJr5c4M,Anisimova A.,Raducanu E.,2,2,hc,1.50,home,ft,1.356,7
joJr5c4M,Anisimova A.,Raducanu E.,2,2,hc,1.50,away,ft,3.06,7
joJr5c4M,Anisimova A.,Raducanu E.,2,2,hc,-1.50,home,ft,2.846,7
joJr5c4M,Anisimova A.,Raducanu E.,2,2,hc,-1.50,away,ft,1.4,7
joJr5c4M,Anisimova A.,Raducanu E.,2,2,hc,0,home,ft,1.83,4
joJr5c4M,Anisimova A.,Raducanu E.,2,2,hc,0,away,ft,1.985,4
joJr5c4M,Anisimova A.,Raducanu E.,2,2,hc,0.50,home,ft,1.81,7
joJr5c4M,Anisimova A.,Raducanu E.,2,2,hc,0.50,away,ft,1.987,7
joJr5c4M,Anisimova A.,Raducanu E.,2,2,hc,-0.50,home,ft,1.88,7
joJr5c4M,Anisimova A.,Raducanu E.,2,2,hc,-0.50,away,ft,1.9,7
joJr5c4M,Anisimova A.,Raducanu E.,2,2,hc,1.00,home,ft,1.798,4
joJr5c4M,Anisimova A.,Raducanu E.,2,2,hc,1.00,away,ft,2.052,4
joJr5c4M,Anisimova A.,Raducanu E.,2,2,hc,-1.00,home,ft,2.0,4
joJr5c4M,Anisimova A.,Raducanu E.,2,2,hc,-1.00,away,ft,1.84,4
joJr5c4M,Anisimova A.,Raducanu E.,2,2,hc,1.50,home,ft,1.69,6
joJr5c4M,Anisimova A.,Raducanu E.,2,2,hc,1.50,away,ft,2.148,6
joJr5c4M,Anisimova A.,Raducanu E.,2,2,hc,-1.50,home,ft,2.022,6
joJr5c4M,Anisimova A.,Raducanu E.,2,2,hc,-1.50,away,ft,1.79,6
joJr5c4M,Anisimova A.,Raducanu E.,2,2,hc,2.00,home,ft,1.732,4
joJr5c4M,Anisimova A.,Raducanu E.,2,2,hc,2.00,away,ft,2.155,4
joJr5c4M,Anisimova A.,Raducanu E.,2,2,hc,-2.00,home,ft,2.167,4
joJr5c4M,Anisimova A.,Raducanu E.,2,2,hc,-2.00,away,ft,1.72,4
joJr5c4M,Anisimova A.,Raducanu E.,2,2,hc,2.50,home,ft,1.657,7
joJr5c4M,Anisimova A.,Raducanu E.,2,2,hc,2.50,away,ft,2.201,7
joJr5c4M,Anisimova A.,Raducanu E.,2,2,hc,-2.50,home,ft,2.21,4
joJr5c4M,Anisimova A.,Raducanu E.,2,2,hc,-2.50,away,ft,1.643,4
joJr5c4M,Anisimova A.,Raducanu E.,2,2,hc,3.00,home,ft,1.53,2
joJr5c4M,Anisimova A.,Raducanu E.,2,2,hc,3.00,away,ft,2.52,2
joJr5c4M,Anisimova A.,Raducanu E.,2,2,hc,-3.00,home,ft,2.52,2
joJr5c4M,Anisimova A.,Raducanu E.,2,2,hc,-3.00,away,ft,1.53,2
joJr5c4M,Anisimova A.,Raducanu E.,2,2,hc,3.50,home,ft,1.468,5
joJr5c4M,Anisimova A.,Raducanu E.,2,2,hc,3.50,away,ft,2.684,5
joJr5c4M,Anisimova A.,Raducanu E.,2,2,hc,-3.50,home,ft,2.522,5
joJr5c4M,Anisimova A.,Raducanu E.,2,2,hc,-3.50,away,ft,1.528,5
joJr5c4M,Anisimova A.,Raducanu E.,2,2,hc,4.00,home,ft,1.35,2
joJr5c4M,Anisimova A.,Raducanu E.,2,2,hc,4.00,away,ft,3.05,2
joJr5c4M,Anisimova A.,Raducanu E.,2,2,hc,-4.00,home,ft,2.86,2
joJr5c4M,Anisimova A.,Raducanu E.,2,2,hc,-4.00,away,ft,1.39,2
joJr5c4M,Anisimova A.,Raducanu E.,2,2,hc,4.50,home,ft,1.31,2
joJr5c4M,Anisimova A.,Raducanu E.,2,2,hc,4.50,away,ft,3.28,2
joJr5c4M,Anisimova A.,Raducanu E.,2,2,hc,-4.50,home,ft,3.003,3
joJr5c4M,Anisimova A.,Raducanu E.,2,2,hc,-4.50,away,ft,1.36,3
joJr5c4M,Anisimova A.,Raducanu E.,2,2,hc,5.00,home,ft,1.23,2
joJr5c4M,Anisimova A.,Raducanu E.,2,2,hc,5.00,away,ft,3.9,2
joJr5c4M,Anisimova A.,Raducanu E.,2,2,hc,5.50,home,ft,1.2,2
joJr5c4M,Anisimova A.,Raducanu E.,2,2,hc,5.50,away,ft,4.3,2
joJr5c4M,Anisimova A.,Raducanu E.,2,2,hc,-5.50,home,ft,3.875,2
joJr5c4M,Anisimova A.,Raducanu E.,2,2,hc,-5.50,away,ft,1.26,2
KvGZsC0s,Lys E.,Swiatek I.,0,0,ou,2.50,over,ft,5.363,3
KvGZsC0s,Lys E.,Swiatek I.,0,0,ou,2.50,under,ft,1.17,3
KvGZsC0s,Lys E.,Swiatek I.,0,0,ou,14.00,under,ft,11.0,2
KvGZsC0s,Lys E.,Swiatek I.,0,0,ou,14.50,over,ft,1.12,3
KvGZsC0s,Lys E.,Swiatek I.,0,0,ou,14.50,under,ft,5.183,3
KvGZsC0s,Lys E.,Swiatek I.,0,0,ou,15.00,over,ft,1.15,2
KvGZsC0s,Lys E.,Swiatek I.,0,0,ou,15.00,under,ft,4.7,2
KvGZsC0s,Lys E.,Swiatek I.,0,0,ou,15.50,over,ft,1.35,3
KvGZsC0s,Lys E.,Swiatek I.,0,0,ou,15.50,under,ft,3.01,3
KvGZsC0s,Lys E.,Swiatek I.,0,0,ou,16.00,over,ft,1.458,5
KvGZsC0s,Lys E.,Swiatek I.,0,0,ou,16.00,under,ft,2.716,5
KvGZsC0s,Lys E.,Swiatek I.,0,0,ou,16.50,over,ft,1.695,8
KvGZsC0s,Lys E.,Swiatek I.,0,0,ou,16.50,under,ft,2.136,8
KvGZsC0s,Lys E.,Swiatek I.,0,0,ou,17.00,over,ft,1.886,5
KvGZsC0s,Lys E.,Swiatek I.,0,0,ou,17.00,under,ft,1.916,5
KvGZsC0s,Lys E.,Swiatek I.,0,0,ou,17.50,over,ft,2.105,8
KvGZsC0s,Lys E.,Swiatek I.,0,0,ou,17.50,under,ft,1.711,8
KvGZsC0s,Lys E.,Swiatek I.,0,0,ou,18.00,over,ft,2.392,5
KvGZsC0s,Lys E.,Swiatek I.,0,0,ou,18.00,under,ft,1.556,5
KvGZsC0s,Lys E.,Swiatek I.,0,0,ou,18.50,over,ft,2.572,8
KvGZsC0s,Lys E.,Swiatek I.,0,0,ou,18.50,under,ft,1.478,8
KvGZsC0s,Lys E.,Swiatek I.,0,0,ou,19.00,over,ft,2.807,3
KvGZsC0s,Lys E.,Swiatek I.,0,0,ou,19.00,under,ft,1.41,3
KvGZsC0s,Lys E.,Swiatek I.,0,0,ou,19.50,over,ft,2.987,3
KvGZsC0s,Lys E.,Swiatek I.,0,0,ou,19.50,under,ft,1.327,3
KvGZsC0s,Lys E.,Swiatek I.,0,0,ou,20.00,over,ft,3.6,2
KvGZsC0s,Lys E.,Swiatek I.,0,0,ou,20.00,under,ft,1.21,2
KvGZsC0s,Lys E.,Swiatek I.,0,0,ou,20.50,over,ft,3.845,4
KvGZsC0s,Lys E.,Swiatek I.,0,0,ou,20.50,under,ft,1.2,4
KvGZsC0s,Lys E.,Swiatek I.,0,0,ou,21.00,over,ft,4.4,2
KvGZsC0s,Lys E.,Swiatek I.,0,0,ou,21.00,under,ft,1.14,2
KvGZsC0s,Lys E.,Swiatek I.,0,0,ou,21.50,over,ft,4.55,2
KvGZsC0s,Lys E.,Swiatek I.,0,0,ou,21.50,under,ft,1.13,2
KvGZsC0s,Lys E.,Swiatek I.,0,0,ou,22.00,over,ft,5.15,2
KvGZsC0s,Lys E.,Swiatek I.,0,0,ou,22.00,under,ft,1.1,2
KvGZsC0s,Lys E.,Swiatek I.,0,0,ou,22.50,over,ft,5.25,2
KvGZsC0s,Lys E.,Swiatek I.,0,0,ou,22.50,under,ft,1.09,2
KvGZsC0s,Lys E.,Swiatek I.,0,0,hc,1.50,home,ft,4.578,6
KvGZsC0s,Lys E.,Swiatek I.,0,0,hc,1.50,away,ft,1.182,6
KvGZsC0s,Lys E.,Swiatek I.,0,0,hc,-1.50,home,ft,14.27,1
KvGZsC0s,Lys E.,Swiatek I.,0,0,hc,10.50,away,ft,12.5,2
KvGZsC0s,Lys E.,Swiatek I.,0,0,hc,1.50,home,ft,10.5,2
KvGZsC0s,Lys E.,Swiatek I.,0,0,hc,1.50,away,ft,1.03,2
KvGZsC0s,Lys E.,Swiatek I.,0,0,hc,2.00,home,ft,10.5,2
KvGZsC0s,Lys E.,Swiatek I.,0,0,hc,2.00,away,ft,1.03,2
KvGZsC0s,Lys E.,Swiatek I.,0,0,hc,2.50,home,ft,10.0,2
KvGZsC0s,Lys E.,Swiatek I.,0,0,hc,2.50,away,ft,1.03,2
KvGZsC0s,Lys E.,Swiatek I.,0,0,hc,3.00,home,ft,9.8,2
KvGZsC0s,Lys E.,Swiatek I.,0,0,hc,3.00,away,ft,1.03,2
KvGZsC0s,Lys E.,Swiatek I.,0,0,hc,3.50,home,ft,7.8,2
KvGZsC0s,Lys E.,Swiatek I.,0,0,hc,3.50,away,ft,1.06,2
KvGZsC0s,Lys E.,Swiatek I.,0,0,hc,4.00,home,ft,7.4,2
KvGZsC0s,Lys E.,Swiatek I.,0,0,hc,4.00,away,ft,1.07,2
KvGZsC0s,Lys E.,Swiatek I.,0,0,hc,4.50,home,ft,5.45,2
KvGZsC0s,Lys E.,Swiatek I.,0,0,hc,4.50,away,ft,1.13,2
KvGZsC0s,Lys E.,Swiatek I.,0,0,hc,5.00,home,ft,5.05,2
KvGZsC0s,Lys E.,Swiatek I.,0,0,hc,5.00,away,ft,1.15,2
KvGZsC0s,Lys E.,Swiatek I.,0,0,hc,5.50,home,ft,3.326,5
KvGZsC0s,Lys E.,Swiatek I.,0,0,hc,5.50,away,ft,1.308,5
KvGZsC0s,Lys E.,Swiatek I.,0,0,hc,6.00,home,ft,3.183,4
KvGZsC0s,Lys E.,Swiatek I.,0,0,hc,6.00,away,ft,1.357,4
KvGZsC0s,Lys E.,Swiatek I.,0,0,hc,6.50,home,ft,2.42,7
KvGZsC0s,Lys E.,Swiatek I.,0,0,hc,6.50,away,ft,1.541,7
KvGZsC0s,Lys E.,Swiatek I.,0,0,hc,7.00,home,ft,2.105,4
KvGZsC0s,Lys E.,Swiatek I.,0,0,hc,7.00,away,ft,1.738,4
KvGZsC0s,Lys E.,Swiatek I.,0,0,hc,7.50,home,ft,1.764,7
KvGZsC0s,Lys E.,Swiatek I.,0,0,hc,7.50,away,ft,2.061,7
KvGZsC0s,Lys E.,Swiatek I.,0,0,hc,-7.50,home,ft,1.76,1
KvGZsC0s,Lys E.,Swiatek I.,0,0,hc,-7.50,away,ft,2.06,1
KvGZsC0s,Lys E.,Swiatek I.,0,0,hc,8.00,home,ft,1.498,4
KvGZsC0s,Lys E.,Swiatek I.,0,0,hc,8.00,away,ft,2.607,4
KvGZsC0s,Lys E.,Swiatek I.,0,0,hc,8.50,home,ft,1.365,6
KvGZsC0s,Lys E.,Swiatek I.,0,0,hc,8.50,away,ft,3.043,6
KvGZsC0s,Lys E.,Swiatek I.,0,0,hc,9.00,home,ft,1.17,2
KvGZsC0s,Lys E.,Swiatek I.,0,0,hc,9.00,away,ft,4.7,2
KvGZsC0s,Lys E.,Swiatek I.,0,0,hc,9.50,home,ft,1.13,2
KvGZsC0s,Lys E.,Swiatek I.,0,0,hc,9.50,away,ft,5.45,2
KvGZsC0s,Lys E.,Swiatek I.,0,0,hc,10.00,home,ft,1.02,2
KvGZsC0s,Lys E.,Swiatek I.,0,0,hc,10.00,away,ft,11.5,2
G8vtoxDj,Bencic B.,Muchova K.,1,1,ou,2.50,over,ft,2.445,2
G8vtoxDj,Bencic B.,Muchova K.,1,1,ou,2.50,under,ft,1.61,2
G8vtoxDj,Bencic B.,Muchova K.,1,1,ou,17.50,over,ft,1.13,2
G8vtoxDj,Bencic B.,Muchova K.,1,1,ou,17.50,under,ft,4.65,2
G8vtoxDj,Bencic B.,Muchova K.,1,1,ou,18.00,over,ft,1.15,2
G8vtoxDj,Bencic B.,Muchova K.,1,1,ou,18.00,under,ft,4.25,2
G8vtoxDj,Bencic B.,Muchova K.,1,1,ou,18.50,over,ft,1.32,4
G8vtoxDj,Bencic B.,Muchova K.,1,1,ou,18.50,under,ft,3.158,4
G8vtoxDj,Bencic B.,Muchova K.,1,1,ou,19.00,over,ft,1.32,2
G8vtoxDj,Bencic B.,Muchova K.,1,1,ou,19.00,under,ft,2.99,2
G8vtoxDj,Bencic B.,Muchova K.,1,1,ou,19.50,over,ft,1.46,3
G8vtoxDj,Bencic B.,Muchova K.,1,1,ou,19.50,under,ft,2.53,3
G8vtoxDj,Bencic B.,Muchova K.,1,1,ou,20.00,over,ft,1.51,2
G8vtoxDj,Bencic B.,Muchova K.,1,1,ou,20.00,under,ft,2.39,2
G8vtoxDj,Bencic B.,Muchova K.,1,1,ou,20.50,over,ft,1.676,8
G8vtoxDj,Bencic B.,Muchova K.,1,1,ou,20.50,under,ft,2.135,8
G8vtoxDj,Bencic B.,Muchova K.,1,1,ou,21.00,over,ft,1.764,5
G8vtoxDj,Bencic B.,Muchova K.,1,1,ou,21.00,under,ft,2.046,5
G8vtoxDj,Bencic B.,Muchova K.,1,1,ou,21.50,over,ft,1.861,8
G8vtoxDj,Bencic B.,Muchova K.,1,1,ou,21.50,under,ft,1.924,8
G8vtoxDj,Bencic B.,Muchova K.,1,1,ou,22.00,over,ft,1.996,5
G8vtoxDj,Bencic B.,Muchova K.,1,1,ou,22.00,under,ft,1.806,5
G8vtoxDj,Bencic B.,Muchova K.,1,1,ou,22.50,over,ft,2.106,8
G8vtoxDj,Bencic B.,Muchova K.,1,1,ou,22.50,under,ft,1.685,8
G8vtoxDj,Bencic B.,Muchova K.,1,1,ou,23.00,over,ft,2.237,4
G8vtoxDj,Bencic B.,Muchova K.,1,1,ou,23.00,under,ft,1.635,4
G8vtoxDj,Bencic B.,Muchova K.,1,1,ou,23.50,over,ft,2.343,3
G8vtoxDj,Bencic B.,Muchova K.,1,1,ou,23.50,under,ft,1.533,3
G8vtoxDj,Bencic B.,Muchova K.,1,1,ou,24.00,over,ft,2.4,2
G8vtoxDj,Bencic B.,Muchova K.,1,1,ou,24.00,under,ft,1.48,2
G8vtoxDj,Bencic B.,Muchova K.,1,1,ou,24.50,over,ft,2.455,6
G8vtoxDj,Bencic B.,Muchova K.,1,1,ou,24.50,under,ft,1.502,6
G8vtoxDj,Bencic B.,Muchova K.,1,1,ou,25.00,over,ft,2.56,2
G8vtoxDj,Bencic B.,Muchova K.,1,1,ou,25.00,under,ft,1.4,2
G8vtoxDj,Bencic B.,Muchova K.,1,1,ou,25.50,over,ft,2.67,3
G8vtoxDj,Bencic B.,Muchova K.,1,1,ou,25.50,under,ft,1.39,3
G8vtoxDj,Bencic B.,Muchova K.,1,1,hc,1.50,home,ft,1.238,5
G8vtoxDj,Bencic B.,Muchova K.,1,1,hc,1.50,away,ft,3.996,5
G8vtoxDj,Bencic B.,Muchova K.,1,1,hc,-1.50,home,ft,2.326,7
G8vtoxDj,Bencic B.,Muchova K.,1,1,hc,-1.50,away,ft,1.576,7
G8vtoxDj,Bencic B.,Muchova K.,1,1,hc,0,home,ft,1.58,2
G8vtoxDj,Bencic B.,Muchova K.,1,1,hc,0,away,ft,2.3,2
G8vtoxDj,Bencic B.,Muchova K.,1,1,hc,0.50,home,ft,1.527,3
G8vtoxDj,Bencic B.,Muchova K.,1,1,hc,0.50,away,ft,2.417,3
G8vtoxDj,Bencic B.,Muchova K.,1,1,hc,-0.50,home,ft,1.657,4
G8vtoxDj,Bencic B.,Muchova K.,1,1,hc,-0.50,away,ft,2.195,4
G8vtoxDj,Bencic B.,Muchova K.,1,1,hc,1.00,home,ft,1.51,2
G8vtoxDj,Bencic B.,Muchova K.,1,1,hc,1.00,away,ft,2.46,2
G8vtoxDj,Bencic B.,Muchova K.,1,1,hc,-1.00,home,ft,1.718,4
G8vtoxDj,Bencic B.,Muchova K.,1,1,hc,-1.00,away,ft,2.12,4
G8vtoxDj,Bencic B.,Muchova K.,1,1,hc,1.50,home,ft,1.454,5
G8vtoxDj,Bencic B.,Muchova K.,1,1,hc,1.50,away,ft,2.668,5
G8vtoxDj,Bencic B.,Muchova K.,1,1,hc,-1.50,home,ft,1.699,7
G8vtoxDj,Bencic B.,Muchova K.,1,1,hc,-1.50,away,ft,2.103,7
G8vtoxDj,Bencic B.,Muchova K.,1,1,hc,-2.00,home,ft,1.8,4
G8vtoxDj,Bencic B.,Muchova K.,1,1,hc,-2.00,away,ft,2.018,4
G8vtoxDj,Bencic B.,Muchova K.,1,1,hc,2.50,home,ft,1.4,1
G8vtoxDj,Bencic B.,Muchova K.,1,1,hc,2.50,away,ft,2.8,1
G8vtoxDj,Bencic B.,Muchova K.,1,1,hc,-2.50,home,ft,1.819,7
G8vtoxDj,Bencic B.,Muchova K.,1,1,hc,-2.50,away,ft,1.96,7
G8vtoxDj,Bencic B.,Muchova K.,1,1,hc,-3.00,home,ft,2.015,4
G8vtoxDj,Bencic B.,Muchova K.,1,1,hc,-3.00,away,ft,1.808,4
G8vtoxDj,Bencic B.,Muchova K.,1,1,hc,-3.50,home,ft,2.103,7
G8vtoxDj,Bencic B.,Muchova K.,1,1,hc,-3.50,away,ft,1.7,7
G8vtoxDj,Bencic B.,Muchova K.,1,1,hc,-4.00,home,ft,2.458,4
G8vtoxDj,Bencic B.,Muchova K.,1,1,hc,-4.00,away,ft,1.555,4
G8vtoxDj,Bencic B.,Muchova K.,1,1,hc,-4.50,home,ft,2.544,5
G8vtoxDj,Bencic B.,Muchova K.,1,1,hc,-4.50,away,ft,1.476,5
G8vtoxDj,Bencic B.,Muchova K.,1,1,hc,-5.00,home,ft,3.48,2
G8vtoxDj,Bencic B.,Muchova K.,1,1,hc,-5.00,away,ft,1.28,2
G8vtoxDj,Bencic B.,Muchova K.,1,1,hc,-5.50,home,ft,3.598,4
G8vtoxDj,Bencic B.,Muchova K.,1,1,hc,-5.50,away,ft,1.28,4
G8vtoxDj,Bencic B.,Muchova K.,1,1,hc,-6.00,home,ft,5.6,2
G8vtoxDj,Bencic B.,Muchova K.,1,1,hc,-6.00,away,ft,1.12,2
G8vtoxDj,Bencic B.,Muchova K.,1,1,hc,-6.50,home,ft,6.1,2
G8vtoxDj,Bencic B.,Muchova K.,1,1,hc,-6.50,away,ft,1.11,2
G8vtoxDj,Bencic B.,Muchova K.,1,1,hc,-7.00,home,ft,9.2,2
G8vtoxDj,Bencic B.,Muchova K.,1,1,hc,-7.00,away,ft,1.04,2
G8vtoxDj,Bencic B.,Muchova K.,1,1,hc,-7.50,home,ft,9.8,2
G8vtoxDj,Bencic B.,Muchova K.,1,1,hc,-7.50,away,ft,1.03,2
zwg671ll,Sevastova A.,Pegula J.,2,2,ou,2.50,over,ft,3.53,3
zwg671ll,Sevastova A.,Pegula J.,2,2,ou,2.50,under,ft,1.32,3
zwg671ll,Sevastova A.,Pegula J.,2,2,ou,15.00,under,ft,9.0,2
zwg671ll,Sevastova A.,Pegula J.,2,2,ou,15.50,over,ft,1.1,2
zwg671ll,Sevastova A.,Pegula J.,2,2,ou,15.50,under,ft,5.35,2
zwg671ll,Sevastova A.,Pegula J.,2,2,ou,16.00,over,ft,1.12,2
zwg671ll,Sevastova A.,Pegula J.,2,2,ou,16.00,under,ft,4.95,2
zwg671ll,Sevastova A.,Pegula J.,2,2,ou,16.50,over,ft,1.325,4
zwg671ll,Sevastova A.,Pegula J.,2,2,ou,16.50,under,ft,3.152,4
zwg671ll,Sevastova A.,Pegula J.,2,2,ou,17.00,over,ft,1.33,2
zwg671ll,Sevastova A.,Pegula J.,2,2,ou,17.00,under,ft,3.04,2
zwg671ll,Sevastova A.,Pegula J.,2,2,ou,17.50,over,ft,1.567,6
zwg671ll,Sevastova A.,Pegula J.,2,2,ou,17.50,under,ft,2.382,6
zwg671ll,Sevastova A.,Pegula J.,2,2,ou,18.00,over,ft,1.656,5
zwg671ll,Sevastova A.,Pegula J.,2,2,ou,18.00,under,ft,2.212,5
zwg671ll,Sevastova A.,Pegula J.,2,2,ou,18.50,over,ft,1.853,8
zwg671ll,Sevastova A.,Pegula J.,2,2,ou,18.50,under,ft,1.941,8
zwg671ll,Sevastova A.,Pegula J.,2,2,ou,19.00,over,ft,1.97,5
zwg671ll,Sevastova A.,Pegula J.,2,2,ou,19.00,under,ft,1.828,5
zwg671ll,Sevastova A.,Pegula J.,2,2,ou,19.50,over,ft,2.118,8
zwg671ll,Sevastova A.,Pegula J.,2,2,ou,19.50,under,ft,1.705,8
zwg671ll,Sevastova A.,Pegula J.,2,2,ou,20.00,over,ft,2.274,5
zwg671ll,Sevastova A.,Pegula J.,2,2,ou,20.00,under,ft,1.614,5
zwg671ll,Sevastova A.,Pegula J.,2,2,ou,20.50,over,ft,2.311,8
zwg671ll,Sevastova A.,Pegula J.,2,2,ou,20.50,under,ft,1.57,8
zwg671ll,Sevastova A.,Pegula J.,2,2,ou,21.00,over,ft,2.397,4
zwg671ll,Sevastova A.,Pegula J.,2,2,ou,21.00,under,ft,1.557,4
zwg671ll,Sevastova A.,Pegula J.,2,2,ou,21.50,over,ft,2.693,3
zwg671ll,Sevastova A.,Pegula J.,2,2,ou,21.50,under,ft,1.393,3
zwg671ll,Sevastova A.,Pegula J.,2,2,ou,22.00,over,ft,2.88,2
zwg671ll,Sevastova A.,Pegula J.,2,2,ou,22.00,under,ft,1.32,2
zwg671ll,Sevastova A.,Pegula J.,2,2,ou,22.50,over,ft,2.99,5
zwg671ll,Sevastova A.,Pegula J.,2,2,ou,22.50,under,ft,1.332,5
zwg671ll,Sevastova A.,Pegula J.,2,2,ou,23.00,over,ft,3.28,2
zwg671ll,Sevastova A.,Pegula J.,2,2,ou,23.00,under,ft,1.25,2
zwg671ll,Sevastova A.,Pegula J.,2,2,ou,23.50,over,ft,3.28,2
zwg671ll,Sevastova A.,Pegula J.,2,2,ou,23.50,under,ft,1.25,2
zwg671ll,Sevastova A.,Pegula J.,2,2,hc,1.50,home,ft,2.727,7
zwg671ll,Sevastova A.,Pegula J.,2,2,hc,1.50,away,ft,1.431,7
zwg671ll,Sevastova A.,Pegula J.,2,2,hc,-1.50,home,ft,10.217,4
zwg671ll,Sevastova A.,Pegula J.,2,2,hc,-1.50,away,ft,1.05,4
zwg671ll,Sevastova A.,Pegula J.,2,2,hc,1.00,home,ft,4.15,2
zwg671ll,Sevastova A.,Pegula J.,2,2,hc,1.00,away,ft,1.21,2
zwg671ll,Sevastova A.,Pegula J.,2,2,hc,1.50,home,ft,5.0,2
zwg671ll,Sevastova A.,Pegula J.,2,2,hc,1.50,away,ft,1.15,2
zwg671ll,Sevastova A.,Pegula J.,2,2,hc,2.00,home,ft,4.9,2
zwg671ll,Sevastova A.,Pegula J.,2,2,hc,2.00,away,ft,1.16,2
zwg671ll,Sevastova A.,Pegula J.,2,2,hc,2.50,home,ft,4.33,2
zwg671ll,Sevastova A.,Pegula J.,2,2,hc,2.50,away,ft,1.19,2
zwg671ll,Sevastova A.,Pegula J.,2,2,hc,3.00,home,ft,4.15,2
zwg671ll,Sevastova A.,Pegula J.,2,2,hc,3.00,away,ft,1.21,2
zwg671ll,Sevastova A.,Pegula J.,2,2,hc,3.50,home,ft,3.48,2
zwg671ll,Sevastova A.,Pegula J.,2,2,hc,3.50,away,ft,1.28,2
zwg671ll,Sevastova A.,Pegula J.,2,2,hc,4.00,home,ft,3.22,2
zwg671ll,Sevastova A.,Pegula J.,2,2,hc,4.00,away,ft,1.32,2
zwg671ll,Sevastova A.,Pegula J.,2,2,hc,4.50,home,ft,2.621,7
zwg671ll,Sevastova A.,Pegula J.,2,2,hc,4.50,away,ft,1.464,7
zwg671ll,Sevastova A.,Pegula J.,2,2,hc,5.00,home,ft,2.548,4
zwg671ll,Sevastova A.,Pegula J.,2,2,hc,5.00,away,ft,1.52,4
zwg671ll,Sevastova A.,Pegula J.,2,2,hc,5.50,home,ft,2.178,6
zwg671ll,Sevastova A.,Pegula J.,2,2,hc,5.50,away,ft,1.675,6
zwg671ll,Sevastova A.,Pegula J.,2,2,hc,6.00,home,ft,1.887,4
zwg671ll,Sevastova A.,Pegula J.,2,2,hc,6.00,away,ft,1.935,4
zwg671ll,Sevastova A.,Pegula J.,2,2,hc,6.50,home,ft,1.689,7
zwg671ll,Sevastova A.,Pegula J.,2,2,hc,6.50,away,ft,2.156,7
zwg671ll,Sevastova A.,Pegula J.,2,2,hc,7.00,home,ft,1.425,4
zwg671ll,Sevastova A.,Pegula J.,2,2,hc,7.00,away,ft,2.853,4
zwg671ll,Sevastova A.,Pegula J.,2,2,hc,7.50,home,ft,1.327,3
zwg671ll,Sevastova A.,Pegula J.,2,2,hc,7.50,away,ft,3.217,3
zwg671ll,Sevastova A.,Pegula J.,2,2,hc,8.00,home,ft,1.14,2
zwg671ll,Sevastova A.,Pegula J.,2,2,hc,8.00,away,ft,5.15,2
zwg671ll,Sevastova A.,Pegula J.,2,2,hc,8.50,home,ft,1.12,2
zwg671ll,Sevastova A.,Pegula J.,2,2,hc,8.50,away,ft,5.75,2
zwg671ll,Sevastova A.,Pegula J.,2,2,hc,9.00,home,ft,1.03,2
zwg671ll,Sevastova A.,Pegula J.,2,2,hc,9.00,away,ft,10.2,2
zwg671ll,Sevastova A.,Pegula J.,2,2,hc,9.50,home,ft,1.02,2
zwg671ll,Sevastova A.,Pegula J.,2,2,hc,9.50,away,ft,11.0,2
rDsh1jhR,Keys M.,McNally C.,2,2,ou,2.50,over,ft,2.78,3
rDsh1jhR,Keys M.,McNally C.,2,2,ou,2.50,under,ft,1.463,3
rDsh1jhR,Keys M.,McNally C.,2,2,ou,16.50,over,ft,1.11,2
rDsh1jhR,Keys M.,McNally C.,2,2,ou,16.50,under,ft,5.0,2
rDsh1jhR,Keys M.,McNally C.,2,2,ou,17.00,over,ft,1.13,2
rDsh1jhR,Keys M.,McNally C.,2,2,ou,17.00,under,ft,4.6,2
rDsh1jhR,Keys M.,McNally C.,2,2,ou,17.50,over,ft,1.26,2
rDsh1jhR,Keys M.,McNally C.,2,2,ou,17.50,under,ft,3.28,2
rDsh1jhR,Keys M.,McNally C.,2,2,ou,18.00,over,ft,1.31,2
rDsh1jhR,Keys M.,McNally C.,2,2,ou,18.00,under,ft,3.04,2
rDsh1jhR,Keys M.,McNally C.,2,2,ou,18.50,over,ft,1.465,4
rDsh1jhR,Keys M.,McNally C.,2,2,ou,18.50,under,ft,2.51,4
rDsh1jhR,Keys M.,McNally C.,2,2,ou,19.00,over,ft,1.595,4
rDsh1jhR,Keys M.,McNally C.,2,2,ou,19.00,under,ft,2.312,4
rDsh1jhR,Keys M.,McNally C.,2,2,ou,19.50,over,ft,1.709,8
rDsh1jhR,Keys M.,McNally C.,2,2,ou,19.50,under,ft,2.089,8
rDsh1jhR,Keys M.,McNally C.,2,2,ou,20.00,over,ft,1.836,5
rDsh1jhR,Keys M.,McNally C.,2,2,ou,20.00,under,ft,1.966,5
rDsh1jhR,Keys M.,McNally C.,2,2,ou,20.50,over,ft,1.945,8
rDsh1jhR,Keys M.,McNally C.,2,2,ou,20.50,under,ft,1.838,8
rDsh1jhR,Keys M.,McNally C.,2,2,ou,21.00,over,ft,2.076,5
rDsh1jhR,Keys M.,McNally C.,2,2,ou,21.00,under,ft,1.742,5
rDsh1jhR,Keys M.,McNally C.,2,2,ou,21.50,over,ft,2.14,8
rDsh1jhR,Keys M.,McNally C.,2,2,ou,21.50,under,ft,1.679,8
rDsh1jhR,Keys M.,McNally C.,2,2,ou,22.00,over,ft,2.3,2
rDsh1jhR,Keys M.,McNally C.,2,2,ou,22.00,under,ft,1.55,2
rDsh1jhR,Keys M.,McNally C.,2,2,ou,22.50,over,ft,2.444,5
rDsh1jhR,Keys M.,McNally C.,2,2,ou,22.50,under,ft,1.492,5
rDsh1jhR,Keys M.,McNally C.,2,2,ou,23.00,over,ft,2.58,2
rDsh1jhR,Keys M.,McNally C.,2,2,ou,23.00,under,ft,1.42,2
rDsh1jhR,Keys M.,McNally C.,2,2,ou,23.50,over,ft,2.697,3
rDsh1jhR,Keys M.,McNally C.,2,2,ou,23.50,under,ft,1.393,3
rDsh1jhR,Keys M.,McNally C.,2,2,ou,24.00,over,ft,2.75,2
rDsh1jhR,Keys M.,McNally C.,2,2,ou,24.00,under,ft,1.35,2
rDsh1jhR,Keys M.,McNally C.,2,2,ou,24.50,over,ft,2.787,3
rDsh1jhR,Keys M.,McNally C.,2,2,ou,24.50,under,ft,1.353,3
rDsh1jhR,Keys M.,McNally C.,2,2,ou,25.50,over,ft,2.9,2
rDsh1jhR,Keys M.,McNally C.,2,2,ou,25.50,under,ft,1.35,2
rDsh1jhR,Keys M.,McNally C.,2,2,hc,1.50,home,ft,1.122,5
rDsh1jhR,Keys M.,McNally C.,2,2,hc,1.50,away,ft,5.876,5
rDsh1jhR,Keys M.,McNally C.,2,2,hc,-1.50,home,ft,1.787,7
rDsh1jhR,Keys M.,McNally C.,2,2,hc,-1.50,away,ft,1.97,7
rDsh1jhR,Keys M.,McNally C.,2,2,hc,0.50,home,ft,1.23,2
rDsh1jhR,Keys M.,McNally C.,2,2,hc,0.50,away,ft,3.7,2
rDsh1jhR,Keys M.,McNally C.,2,2,hc,-0.50,home,ft,1.3,2
rDsh1jhR,Keys M.,McNally C.,2,2,hc,-0.50,away,ft,3.34,2
rDsh1jhR,Keys M.,McNally C.,2,2,hc,-1.00,home,ft,1.31,2
rDsh1jhR,Keys M.,McNally C.,2,2,hc,-1.00,away,ft,3.28,2
rDsh1jhR,Keys M.,McNally C.,2,2,hc,-1.50,home,ft,1.35,2
rDsh1jhR,Keys M.,McNally C.,2,2,hc,-1.50,away,ft,3.05,2
rDsh1jhR,Keys M.,McNally C.,2,2,hc,-2.00,home,ft,1.37,2
rDsh1jhR,Keys M.,McNally C.,2,2,hc,-2.00,away,ft,2.95,2
rDsh1jhR,Keys M.,McNally C.,2,2,hc,-2.50,home,ft,1.42,3
rDsh1jhR,Keys M.,McNally C.,2,2,hc,-2.50,away,ft,2.747,3
rDsh1jhR,Keys M.,McNally C.,2,2,hc,-3.00,home,ft,1.48,2
rDsh1jhR,Keys M.,McNally C.,2,2,hc,-3.00,away,ft,2.54,2
rDsh1jhR,Keys M.,McNally C.,2,2,hc,-3.50,home,ft,1.566,7
rDsh1jhR,Keys M.,McNally C.,2,2,hc,-3.50,away,ft,2.377,7
rDsh1jhR,Keys M.,McNally C.,2,2,hc,-3.75,home,ft,1.63,2
rDsh1jhR,Keys M.,McNally C.,2,2,hc,-3.75,away,ft,2.13,2
rDsh1jhR,Keys M.,McNally C.,2,2,hc,-4.00,home,ft,1.677,4
rDsh1jhR,Keys M.,McNally C.,2,2,hc,-4.00,away,ft,2.19,4
rDsh1jhR,Keys M.,McNally C.,2,2,hc,-4.25,home,ft,1.8,2
rDsh1jhR,Keys M.,McNally C.,2,2,hc,-4.25,away,ft,1.9,2
rDsh1jhR,Keys M.,McNally C.,2,2,hc,-4.50,home,ft,1.822,6
rDsh1jhR,Keys M.,McNally C.,2,2,hc,-4.50,away,ft,1.972,6
rDsh1jhR,Keys M.,McNally C.,2,2,hc,-4.75,home,ft,2.05,2
rDsh1jhR,Keys M.,McNally C.,2,2,hc,-4.75,away,ft,1.77,2
rDsh1jhR,Keys M.,McNally C.,2,2,hc,-5.00,home,ft,2.072,4
rDsh1jhR,Keys M.,McNally C.,2,2,hc,-5.00,away,ft,1.762,4
rDsh1jhR,Keys M.,McNally C.,2,2,hc,-5.25,home,ft,2.3,2
rDsh1jhR,Keys M.,McNally C.,2,2,hc,-5.25,away,ft,1.55,2
rDsh1jhR,Keys M.,McNally C.,2,2,hc,-5.50,home,ft,2.287,7
rDsh1jhR,Keys M.,McNally C.,2,2,hc,-5.50,away,ft,1.603,7
rDsh1jhR,Keys M.,McNally C.,2,2,hc,-6.00,home,ft,2.848,4
rDsh1jhR,Keys M.,McNally C.,2,2,hc,-6.00,away,ft,1.427,4
rDsh1jhR,Keys M.,McNally C.,2,2,hc,-6.50,home,ft,3.193,3
rDsh1jhR,Keys M.,McNally C.,2,2,hc,-6.50,away,ft,1.33,3
rDsh1jhR,Keys M.,McNally C.,2,2,hc,-7.00,home,ft,5.05,2
rDsh1jhR,Keys M.,McNally C.,2,2,hc,-7.00,away,ft,1.15,2
rDsh1jhR,Keys M.,McNally C.,2,2,hc,-7.50,home,ft,5.55,2
rDsh1jhR,Keys M.,McNally C.,2,2,hc,-7.50,away,ft,1.13,2
rDsh1jhR,Keys M.,McNally C.,2,2,hc,-8.00,home,ft,9.2,2
rDsh1jhR,Keys M.,McNally C.,2,2,hc,-8.00,away,ft,1.04,2
rDsh1jhR,Keys M.,McNally C.,2,2,hc,-8.50,home,ft,9.8,2
rDsh1jhR,Keys M.,McNally C.,2,2,hc,-8.50,away,ft,1.03,2
0SSfewrR,Osaka N.,Ostapenko J.,2,2,ou,2.50,over,ft,2.51,3
0SSfewrR,Osaka N.,Ostapenko J.,2,2,ou,2.50,under,ft,1.56,3
0SSfewrR,Osaka N.,Ostapenko J.,2,2,ou,17.50,over,ft,1.16,2
0SSfewrR,Osaka N.,Ostapenko J.,2,2,ou,17.50,under,ft,4.15,2
0SSfewrR,Osaka N.,Ostapenko J.,2,2,ou,18.00,over,ft,1.19,2
0SSfewrR,Osaka N.,Ostapenko J.,2,2,ou,18.00,under,ft,3.84,2
0SSfewrR,Osaka N.,Ostapenko J.,2,2,ou,18.50,over,ft,1.307,3
0SSfewrR,Osaka N.,Ostapenko J.,2,2,ou,18.50,under,ft,3.043,3
0SSfewrR,Osaka N.,Ostapenko J.,2,2,ou,19.00,over,ft,1.35,2
0SSfewrR,Osaka N.,Ostapenko J.,2,2,ou,19.00,under,ft,2.85,2
0SSfewrR,Osaka N.,Ostapenko J.,2,2,ou,19.50,over,ft,1.483,3
0SSfewrR,Osaka N.,Ostapenko J.,2,2,ou,19.50,under,ft,2.463,3
0SSfewrR,Osaka N.,Ostapenko J.,2,2,ou,20.00,over,ft,1.613,4
0SSfewrR,Osaka N.,Ostapenko J.,2,2,ou,20.00,under,ft,2.287,4
0SSfewrR,Osaka N.,Ostapenko J.,2,2,ou,20.50,over,ft,1.704,8
0SSfewrR,Osaka N.,Ostapenko J.,2,2,ou,20.50,under,ft,2.094,8
0SSfewrR,Osaka N.,Ostapenko J.,2,2,ou,21.00,over,ft,1.796,5
0SSfewrR,Osaka N.,Ostapenko J.,2,2,ou,21.00,under,ft,2.01,5
0SSfewrR,Osaka N.,Ostapenko J.,2,2,ou,21.50,over,ft,1.909,8
0SSfewrR,Osaka N.,Ostapenko J.,2,2,ou,21.50,under,ft,1.893,8
0SSfewrR,Osaka N.,Ostapenko J.,2,2,ou,22.00,over,ft,2.022,5
0SSfewrR,Osaka N.,Ostapenko J.,2,2,ou,22.00,under,ft,1.782,5
0SSfewrR,Osaka N.,Ostapenko J.,2,2,ou,22.50,over,ft,2.144,8
0SSfewrR,Osaka N.,Ostapenko J.,2,2,ou,22.50,under,ft,1.676,8
0SSfewrR,Osaka N.,Ostapenko J.,2,2,ou,23.00,over,ft,2.177,3
0SSfewrR,Osaka N.,Ostapenko J.,2,2,ou,23.00,under,ft,1.603,3
0SSfewrR,Osaka N.,Ostapenko J.,2,2,ou,23.50,over,ft,2.264,5
0SSfewrR,Osaka N.,Ostapenko J.,2,2,ou,23.50,under,ft,1.572,5
0SSfewrR,Osaka N.,Ostapenko J.,2,2,ou,24.00,over,ft,2.33,2
0SSfewrR,Osaka N.,Ostapenko J.,2,2,ou,24.00,under,ft,1.51,2
0SSfewrR,Osaka N.,Ostapenko J.,2,2,ou,24.50,over,ft,2.446,5
0SSfewrR,Osaka N.,Ostapenko J.,2,2,ou,24.50,under,ft,1.488,5
0SSfewrR,Osaka N.,Ostapenko J.,2,2,ou,25.00,over,ft,2.53,2
0SSfewrR,Osaka N.,Ostapenko J.,2,2,ou,25.00,under,ft,1.41,2
0SSfewrR,Osaka N.,Ostapenko J.,2,2,ou,25.50,over,ft,2.66,3
0SSfewrR,Osaka N.,Ostapenko J.,2,2,ou,25.50,under,ft,1.393,3
0SSfewrR,Osaka N.,Ostapenko J.,2,2,ou,26.00,over,ft,2.71,2
0SSfewrR,Osaka N.,Ostapenko J.,2,2,ou,26.00,under,ft,1.36,2
0SSfewrR,Osaka N.,Ostapenko J.,2,2,ou,26.50,over,ft,2.793,3
0SSfewrR,Osaka N.,Ostapenko J.,2,2,ou,26.50,under,ft,1.353,3
0SSfewrR,Osaka N.,Ostapenko J.,2,2,hc,1.50,home,ft,1.186,5
0SSfewrR,Osaka N.,Ostapenko J.,2,2,hc,1.50,away,ft,4.62,5
0SSfewrR,Osaka N.,Ostapenko J.,2,2,hc,-1.50,home,ft,2.164,7
0SSfewrR,Osaka N.,Ostapenko J.,2,2,hc,-1.50,away,ft,1.663,7
0SSfewrR,Osaka N.,Ostapenko J.,2,2,hc,0,home,ft,1.43,2
0SSfewrR,Osaka N.,Ostapenko J.,2,2,hc,0,away,ft,2.71,2
0SSfewrR,Osaka N.,Ostapenko J.,2,2,hc,0.50,home,ft,1.417,3
0SSfewrR,Osaka N.,Ostapenko J.,2,2,hc,0.50,away,ft,2.747,3
0SSfewrR,Osaka N.,Ostapenko J.,2,2,hc,-0.50,home,ft,1.487,3
0SSfewrR,Osaka N.,Ostapenko J.,2,2,hc,-0.50,away,ft,2.52,3
0SSfewrR,Osaka N.,Ostapenko J.,2,2,hc,1.00,home,ft,1.42,2
0SSfewrR,Osaka N.,Ostapenko J.,2,2,hc,1.00,away,ft,2.74,2
0SSfewrR,Osaka N.,Ostapenko J.,2,2,hc,-1.00,home,ft,1.5,2
0SSfewrR,Osaka N.,Ostapenko J.,2,2,hc,-1.00,away,ft,2.49,2
0SSfewrR,Osaka N.,Ostapenko J.,2,2,hc,1.50,home,ft,1.4,2
0SSfewrR,Osaka N.,Ostapenko J.,2,2,hc,1.50,away,ft,2.82,2
0SSfewrR,Osaka N.,Ostapenko J.,2,2,hc,-1.50,home,ft,1.572,5
0SSfewrR,Osaka N.,Ostapenko J.,2,2,hc,-1.50,away,ft,2.342,5
0SSfewrR,Osaka N.,Ostapenko J.,2,2,hc,-1.75,home,ft,1.67,2
0SSfewrR,Osaka N.,Ostapenko J.,2,2,hc,-1.75,away,ft,2.07,2
0SSfewrR,Osaka N.,Ostapenko J.,2,2,hc,-2.00,home,ft,1.647,4
0SSfewrR,Osaka N.,Ostapenko J.,2,2,hc,-2.00,away,ft,2.245,4
0SSfewrR,Osaka N.,Ostapenko J.,2,2,hc,-2.25,home,ft,1.76,2
0SSfewrR,Osaka N.,Ostapenko J.,2,2,hc,-2.25,away,ft,1.94,2
0SSfewrR,Osaka N.,Ostapenko J.,2,2,hc,2.50,home,ft,1.3,2
0SSfewrR,Osaka N.,Ostapenko J.,2,2,hc,2.50,away,ft,3.2,2
0SSfewrR,Osaka N.,Ostapenko J.,2,2,hc,-2.50,home,ft,1.677,7
0SSfewrR,Osaka N.,Ostapenko J.,2,2,hc,-2.50,away,ft,2.149,7
0SSfewrR,Osaka N.,Ostapenko J.,2,2,hc,-2.75,home,ft,1.92,2
0SSfewrR,Osaka N.,Ostapenko J.,2,2,hc,-2.75,away,ft,1.88,2
0SSfewrR,Osaka N.,Ostapenko J.,2,2,hc,-3.00,home,ft,1.79,4
0SSfewrR,Osaka N.,Ostapenko J.,2,2,hc,-3.00,away,ft,2.03,4
0SSfewrR,Osaka N.,Ostapenko J.,2,2,hc,-3.25,home,ft,2.05,2
0SSfewrR,Osaka N.,Ostapenko J.,2,2,hc,-3.25,away,ft,1.68,2
0SSfewrR,Osaka N.,Ostapenko J.,2,2,hc,-3.50,home,ft,1.934,7
0SSfewrR,Osaka N.,Ostapenko J.,2,2,hc,-3.50,away,ft,1.87,7
0SSfewrR,Osaka N.,Ostapenko J.,2,2,hc,-4.00,home,ft,2.132,4
0SSfewrR,Osaka N.,Ostapenko J.,2,2,hc,-4.00,away,ft,1.715,4
0SSfewrR,Osaka N.,Ostapenko J.,2,2,hc,-4.50,home,ft,2.304,7
0SSfewrR,Osaka N.,Ostapenko J.,2,2,hc,-4.50,away,ft,1.594,7
0SSfewrR,Osaka N.,Ostapenko J.,2,2,hc,-5.00,home,ft,2.705,4
0SSfewrR,Osaka N.,Ostapenko J.,2,2,hc,-5.00,away,ft,1.47,4
0SSfewrR,Osaka N.,Ostapenko J.,2,2,hc,-5.50,home,ft,3.15,2
0SSfewrR,Osaka N.,Ostapenko J.,2,2,hc,-5.50,away,ft,1.33,2
0SSfewrR,Osaka N.,Ostapenko J.,2,2,hc,-6.00,home,ft,4.33,2
0SSfewrR,Osaka N.,Ostapenko J.,2,2,hc,-6.00,away,ft,1.19,2
0SSfewrR,Osaka N.,Ostapenko J.,2,2,hc,-6.50,home,ft,4.8,2
0SSfewrR,Osaka N.,Ostapenko J.,2,2,hc,-6.50,away,ft,1.16,2
0SSfewrR,Osaka N.,Ostapenko J.,2,2,hc,-7.00,home,ft,7.6,2
0SSfewrR,Osaka N.,Ostapenko J.,2,2,hc,-7.00,away,ft,1.07,2
0SSfewrR,Osaka N.,Ostapenko J.,2,2,hc,-7.50,home,ft,8.2,2
0SSfewrR,Osaka N.,Ostapenko J.,2,2,hc,-7.50,away,ft,1.06,2
GnJrueS9,Tauson C.,Starodubtseva Y.,2,2,ou,2.50,over,ft,2.643,3
GnJrueS9,Tauson C.,Starodubtseva Y.,2,2,ou,2.50,under,ft,1.513,3
GnJrueS9,Tauson C.,Starodubtseva Y.,2,2,ou,16.50,over,ft,1.135,4
GnJrueS9,Tauson C.,Starodubtseva Y.,2,2,ou,16.50,under,ft,5.112,4
GnJrueS9,Tauson C.,Starodubtseva Y.,2,2,ou,17.00,over,ft,1.11,2
GnJrueS9,Tauson C.,Starodubtseva Y.,2,2,ou,17.00,under,ft,4.85,2
GnJrueS9,Tauson C.,Starodubtseva Y.,2,2,ou,17.50,over,ft,1.24,2
GnJrueS9,Tauson C.,Starodubtseva Y.,2,2,ou,17.50,under,ft,3.42,2
GnJrueS9,Tauson C.,Starodubtseva Y.,2,2,ou,18.00,over,ft,1.29,2
GnJrueS9,Tauson C.,Starodubtseva Y.,2,2,ou,18.00,under,ft,3.18,2
GnJrueS9,Tauson C.,Starodubtseva Y.,2,2,ou,18.50,over,ft,1.46,6
GnJrueS9,Tauson C.,Starodubtseva Y.,2,2,ou,18.50,under,ft,2.605,6
GnJrueS9,Tauson C.,Starodubtseva Y.,2,2,ou,19.00,over,ft,1.5,2
GnJrueS9,Tauson C.,Starodubtseva Y.,2,2,ou,19.00,under,ft,2.42,2
GnJrueS9,Tauson C.,Starodubtseva Y.,2,2,ou,19.50,over,ft,1.669,8
GnJrueS9,Tauson C.,Starodubtseva Y.,2,2,ou,19.50,under,ft,2.16,8
GnJrueS9,Tauson C.,Starodubtseva Y.,2,2,ou,20.00,over,ft,1.752,5
GnJrueS9,Tauson C.,Starodubtseva Y.,2,2,ou,20.00,under,ft,2.06,5
GnJrueS9,Tauson C.,Starodubtseva Y.,2,2,ou,20.50,over,ft,1.9,8
GnJrueS9,Tauson C.,Starodubtseva Y.,2,2,ou,20.50,under,ft,1.884,8
GnJrueS9,Tauson C.,Starodubtseva Y.,2,2,ou,21.00,over,ft,1.994,5
GnJrueS9,Tauson C.,Starodubtseva Y.,2,2,ou,21.00,under,ft,1.812,5
GnJrueS9,Tauson C.,Starodubtseva Y.,2,2,ou,21.50,over,ft,2.101,8
GnJrueS9,Tauson C.,Starodubtseva Y.,2,2,ou,21.50,under,ft,1.7,8
GnJrueS9,Tauson C.,Starodubtseva Y.,2,2,ou,22.00,over,ft,2.23,5
GnJrueS9,Tauson C.,Starodubtseva Y.,2,2,ou,22.00,under,ft,1.626,5
GnJrueS9,Tauson C.,Starodubtseva Y.,2,2,ou,22.50,over,ft,2.365,8
GnJrueS9,Tauson C.,Starodubtseva Y.,2,2,ou,22.50,under,ft,1.546,8
GnJrueS9,Tauson C.,Starodubtseva Y.,2,2,ou,23.00,over,ft,2.61,2
GnJrueS9,Tauson C.,Starodubtseva Y.,2,2,ou,23.00,under,ft,1.41,2
GnJrueS9,Tauson C.,Starodubtseva Y.,2,2,ou,23.50,over,ft,2.667,3
GnJrueS9,Tauson C.,Starodubtseva Y.,2,2,ou,23.50,under,ft,1.403,3
GnJrueS9,Tauson C.,Starodubtseva Y.,2,2,ou,24.00,over,ft,2.75,2
GnJrueS9,Tauson C.,Starodubtseva Y.,2,2,ou,24.00,under,ft,1.35,2
GnJrueS9,Tauson C.,Starodubtseva Y.,2,2,ou,24.50,over,ft,2.78,5
GnJrueS9,Tauson C.,Starodubtseva Y.,2,2,ou,24.50,under,ft,1.396,5
GnJrueS9,Tauson C.,Starodubtseva Y.,2,2,ou,25.00,over,ft,2.79,2
GnJrueS9,Tauson C.,Starodubtseva Y.,2,2,ou,25.00,under,ft,1.34,2
GnJrueS9,Tauson C.,Starodubtseva Y.,2,2,ou,25.50,over,ft,2.833,3
GnJrueS9,Tauson C.,Starodubtseva Y.,2,2,ou,25.50,under,ft,1.347,3
GnJrueS9,Tauson C.,Starodubtseva Y.,2,2,hc,1.50,home,ft,1.116,5
GnJrueS9,Tauson C.,Starodubtseva Y.,2,2,hc,1.50,away,ft,6.12,5
GnJrueS9,Tauson C.,Starodubtseva Y.,2,2,hc,-1.50,home,ft,1.793,7
GnJrueS9,Tauson C.,Starodubtseva Y.,2,2,hc,-1.50,away,ft,1.969,7
GnJrueS9,Tauson C.,Starodubtseva Y.,2,2,hc,0,home,ft,1.32,2
GnJrueS9,Tauson C.,Starodubtseva Y.,2,2,hc,0,away,ft,3.22,2
GnJrueS9,Tauson C.,Starodubtseva Y.,2,2,hc,0.50,home,ft,1.31,2
GnJrueS9,Tauson C.,Starodubtseva Y.,2,2,hc,0.50,away,ft,3.28,2
GnJrueS9,Tauson C.,Starodubtseva Y.,2,2,hc,-0.50,home,ft,1.28,2
GnJrueS9,Tauson C.,Starodubtseva Y.,2,2,hc,-0.50,away,ft,3.48,2
GnJrueS9,Tauson C.,Starodubtseva Y.,2,2,hc,-1.00,home,ft,1.29,2
GnJrueS9,Tauson C.,Starodubtseva Y.,2,2,hc,-1.00,away,ft,3.4,2
GnJrueS9,Tauson C.,Starodubtseva Y.,2,2,hc,-1.50,home,ft,1.356,5
GnJrueS9,Tauson C.,Starodubtseva Y.,2,2,hc,-1.50,away,ft,3.08,5
GnJrueS9,Tauson C.,Starodubtseva Y.,2,2,hc,-2.00,home,ft,1.35,2
GnJrueS9,Tauson C.,Starodubtseva Y.,2,2,hc,-2.00,away,ft,3.05,2
GnJrueS9,Tauson C.,Starodubtseva Y.,2,2,hc,-2.50,home,ft,1.438,4
GnJrueS9,Tauson C.,Starodubtseva Y.,2,2,hc,-2.50,away,ft,2.67,4
GnJrueS9,Tauson C.,Starodubtseva Y.,2,2,hc,-3.00,home,ft,1.525,4
GnJrueS9,Tauson C.,Starodubtseva Y.,2,2,hc,-3.00,away,ft,2.547,4
GnJrueS9,Tauson C.,Starodubtseva Y.,2,2,hc,-3.50,home,ft,1.571,7
GnJrueS9,Tauson C.,Starodubtseva Y.,2,2,hc,-3.50,away,ft,2.343,7
GnJrueS9,Tauson C.,Starodubtseva Y.,2,2,hc,-4.00,home,ft,1.705,4
GnJrueS9,Tauson C.,Starodubtseva Y.,2,2,hc,-4.00,away,ft,2.147,4
GnJrueS9,Tauson C.,Starodubtseva Y.,2,2,hc,-4.50,home,ft,1.862,6
GnJrueS9,Tauson C.,Starodubtseva Y.,2,2,hc,-4.50,away,ft,1.95,6
GnJrueS9,Tauson C.,Starodubtseva Y.,2,2,hc,-5.00,home,ft,2.152,4
GnJrueS9,Tauson C.,Starodubtseva Y.,2,2,hc,-5.00,away,ft,1.702,4
GnJrueS9,Tauson C.,Starodubtseva Y.,2,2,hc,-5.50,home,ft,2.356,7
GnJrueS9,Tauson C.,Starodubtseva Y.,2,2,hc,-5.50,away,ft,1.563,7
GnJrueS9,Tauson C.,Starodubtseva Y.,2,2,hc,-6.00,home,ft,3.1,2
GnJrueS9,Tauson C.,Starodubtseva Y.,2,2,hc,-6.00,away,ft,1.34,2
GnJrueS9,Tauson C.,Starodubtseva Y.,2,2,hc,-6.50,home,ft,3.48,2
GnJrueS9,Tauson C.,Starodubtseva Y.,2,2,hc,-6.50,away,ft,1.28,2
GnJrueS9,Tauson C.,Starodubtseva Y.,2,2,hc,-7.00,home,ft,5.3,2
GnJrueS9,Tauson C.,Starodubtseva Y.,2,2,hc,-7.00,away,ft,1.14,2
GnJrueS9,Tauson C.,Starodubtseva Y.,2,2,hc,-7.50,home,ft,5.43,4
GnJrueS9,Tauson C.,Starodubtseva Y.,2,2,hc,-7.50,away,ft,1.143,4
GnJrueS9,Tauson C.,Starodubtseva Y.,2,2,hc,-8.00,home,ft,9.6,2
GnJrueS9,Tauson C.,Starodubtseva Y.,2,2,hc,-8.00,away,ft,1.04,2
GnJrueS9,Tauson C.,Starodubtseva Y.,2,2,hc,-8.50,home,ft,10.2,2
GnJrueS9,Tauson C.,Starodubtseva Y.,2,2,hc,-8.50,away,ft,1.03,2
h6BHk8Ei,Rybakina E.,Cristian J.,2,2,ou,2.50,over,ft,3.41,3
h6BHk8Ei,Rybakina E.,Cristian J.,2,2,ou,2.50,under,ft,1.333,3
h6BHk8Ei,Rybakina E.,Cristian J.,2,2,ou,15.50,over,ft,1.05,2
h6BHk8Ei,Rybakina E.,Cristian J.,2,2,ou,15.50,under,ft,6.7,2
h6BHk8Ei,Rybakina E.,Cristian J.,2,2,ou,16.00,over,ft,1.06,2
h6BHk8Ei,Rybakina E.,Cristian J.,2,2,ou,16.00,under,ft,6.2,2
h6BHk8Ei,Rybakina E.,Cristian J.,2,2,ou,16.50,over,ft,1.19,4
h6BHk8Ei,Rybakina E.,Cristian J.,2,2,ou,16.50,under,ft,4.348,4
h6BHk8Ei,Rybakina E.,Cristian J.,2,2,ou,17.00,over,ft,1.22,2
h6BHk8Ei,Rybakina E.,Cristian J.,2,2,ou,17.00,under,ft,3.65,2
h6BHk8Ei,Rybakina E.,Cristian J.,2,2,ou,17.50,over,ft,1.393,3
h6BHk8Ei,Rybakina E.,Cristian J.,2,2,ou,17.50,under,ft,2.757,3
h6BHk8Ei,Rybakina E.,Cristian J.,2,2,ou,18.00,over,ft,1.47,2
h6BHk8Ei,Rybakina E.,Cristian J.,2,2,ou,18.00,under,ft,2.5,2
h6BHk8Ei,Rybakina E.,Cristian J.,2,2,ou,18.50,over,ft,1.639,8
h6BHk8Ei,Rybakina E.,Cristian J.,2,2,ou,18.50,under,ft,2.194,8
h6BHk8Ei,Rybakina E.,Cristian J.,2,2,ou,19.00,over,ft,1.778,5
h6BHk8Ei,Rybakina E.,Cristian J.,2,2,ou,19.00,under,ft,2.03,5
h6BHk8Ei,Rybakina E.,Cristian J.,2,2,ou,19.50,over,ft,1.942,8
h6BHk8Ei,Rybakina E.,Cristian J.,2,2,ou,19.50,under,ft,1.863,8
h6BHk8Ei,Rybakina E.,Cristian J.,2,2,ou,20.00,over,ft,2.088,5
h6BHk8Ei,Rybakina E.,Cristian J.,2,2,ou,20.00,under,ft,1.736,5
h6BHk8Ei,Rybakina E.,Cristian J.,2,2,ou,20.50,over,ft,2.216,8
h6BHk8Ei,Rybakina E.,Cristian J.,2,2,ou,20.50,under,ft,1.627,8
h6BHk8Ei,Rybakina E.,Cristian J.,2,2,ou,21.00,over,ft,2.3,4
h6BHk8Ei,Rybakina E.,Cristian J.,2,2,ou,21.00,under,ft,1.603,4
h6BHk8Ei,Rybakina E.,Cristian J.,2,2,ou,21.50,over,ft,2.438,4
h6BHk8Ei,Rybakina E.,Cristian J.,2,2,ou,21.50,under,ft,1.522,4
h6BHk8Ei,Rybakina E.,Cristian J.,2,2,ou,22.00,over,ft,2.79,2
h6BHk8Ei,Rybakina E.,Cristian J.,2,2,ou,22.00,under,ft,1.36,2
h6BHk8Ei,Rybakina E.,Cristian J.,2,2,ou,22.50,over,ft,2.856,7
h6BHk8Ei,Rybakina E.,Cristian J.,2,2,ou,22.50,under,ft,1.379,7
h6BHk8Ei,Rybakina E.,Cristian J.,2,2,ou,23.00,over,ft,3.15,2
h6BHk8Ei,Rybakina E.,Cristian J.,2,2,ou,23.00,under,ft,1.27,2
h6BHk8Ei,Rybakina E.,Cristian J.,2,2,ou,23.50,over,ft,3.2,2
h6BHk8Ei,Rybakina E.,Cristian J.,2,2,ou,23.50,under,ft,1.26,2
h6BHk8Ei,Rybakina E.,Cristian J.,2,2,ou,24.50,over,ft,3.323,3
h6BHk8Ei,Rybakina E.,Cristian J.,2,2,ou,24.50,under,ft,1.317,3
h6BHk8Ei,Rybakina E.,Cristian J.,2,2,hc,1.50,home,ft,1.045,4
h6BHk8Ei,Rybakina E.,Cristian J.,2,2,hc,1.50,away,ft,10.582,4
h6BHk8Ei,Rybakina E.,Cristian J.,2,2,hc,-1.50,home,ft,1.454,7
h6BHk8Ei,Rybakina E.,Cristian J.,2,2,hc,-1.50,away,ft,2.643,7
h6BHk8Ei,Rybakina E.,Cristian J.,2,2,hc,-0.50,home,ft,1.12,2
h6BHk8Ei,Rybakina E.,Cristian J.,2,2,hc,-0.50,away,ft,5.7,2
h6BHk8Ei,Rybakina E.,Cristian J.,2,2,hc,-1.00,home,ft,1.125,2
h6BHk8Ei,Rybakina E.,Cristian J.,2,2,hc,-1.00,away,ft,5.575,2
h6BHk8Ei,Rybakina E.,Cristian J.,2,2,hc,-1.50,home,ft,1.16,4
h6BHk8Ei,Rybakina E.,Cristian J.,2,2,hc,-1.50,away,ft,5.062,4
h6BHk8Ei,Rybakina E.,Cristian J.,2,2,hc,-2.00,home,ft,1.16,2
h6BHk8Ei,Rybakina E.,Cristian J.,2,2,hc,-2.00,away,ft,4.9,2
h6BHk8Ei,Rybakina E.,Cristian J.,2,2,hc,-2.50,home,ft,1.2,2
h6BHk8Ei,Rybakina E.,Cristian J.,2,2,hc,-2.50,away,ft,4.275,2
h6BHk8Ei,Rybakina E.,Cristian J.,2,2,hc,-3.00,home,ft,1.22,2
h6BHk8Ei,Rybakina E.,Cristian J.,2,2,hc,-3.00,away,ft,4.05,2
h6BHk8Ei,Rybakina E.,Cristian J.,2,2,hc,-3.50,home,ft,1.316,5
h6BHk8Ei,Rybakina E.,Cristian J.,2,2,hc,-3.50,away,ft,3.348,5
h6BHk8Ei,Rybakina E.,Cristian J.,2,2,hc,-4.00,home,ft,1.387,3
h6BHk8Ei,Rybakina E.,Cristian J.,2,2,hc,-4.00,away,ft,2.96,3
h6BHk8Ei,Rybakina E.,Cristian J.,2,2,hc,-4.50,home,ft,1.52,7
h6BHk8Ei,Rybakina E.,Cristian J.,2,2,hc,-4.50,away,ft,2.473,7
h6BHk8Ei,Rybakina E.,Cristian J.,2,2,hc,-5.00,home,ft,1.68,4
h6BHk8Ei,Rybakina E.,Cristian J.,2,2,hc,-5.00,away,ft,2.188,4
h6BHk8Ei,Rybakina E.,Cristian J.,2,2,hc,-5.50,home,ft,1.888,6
h6BHk8Ei,Rybakina E.,Cristian J.,2,2,hc,-5.50,away,ft,1.907,6
h6BHk8Ei,Rybakina E.,Cristian J.,2,2,hc,-6.00,home,ft,2.277,4
h6BHk8Ei,Rybakina E.,Cristian J.,2,2,hc,-6.00,away,ft,1.635,4
h6BHk8Ei,Rybakina E.,Cristian J.,2,2,hc,-6.50,home,ft,2.559,7
h6BHk8Ei,Rybakina E.,Cristian J.,2,2,hc,-6.50,away,ft,1.49,7
h6BHk8Ei,Rybakina E.,Cristian J.,2,2,hc,-7.00,home,ft,3.55,2
h6BHk8Ei,Rybakina E.,Cristian J.,2,2,hc,-7.00,away,ft,1.27,2
h6BHk8Ei,Rybakina E.,Cristian J.,2,2,hc,-7.50,home,ft,4.232,4
h6BHk8Ei,Rybakina E.,Cristian J.,2,2,hc,-7.50,away,ft,1.215,4
h6BHk8Ei,Rybakina E.,Cristian J.,2,2,hc,-8.00,home,ft,6.6,2
h6BHk8Ei,Rybakina E.,Cristian J.,2,2,hc,-8.00,away,ft,1.09,2
h6BHk8Ei,Rybakina E.,Cristian J.,2,2,hc,-8.50,home,ft,7.2,2
h6BHk8Ei,Rybakina E.,Cristian J.,2,2,hc,-8.50,away,ft,1.08,2
h6BHk8Ei,Rybakina E.,Cristian J.,2,2,hc,-9.00,home,ft,14.0,2
h6BHk8Ei,Rybakina E.,Cristian J.,2,2,hc,-9.50,home,ft,14.5,2
8YPFoezH,Yastremska D.,Navarro E.,2,2,ou,2.50,over,ft,2.5,3
8YPFoezH,Yastremska D.,Navarro E.,2,2,ou,2.50,under,ft,1.56,3
8YPFoezH,Yastremska D.,Navarro E.,2,2,ou,17.50,over,ft,1.155,2
8YPFoezH,Yastremska D.,Navarro E.,2,2,ou,17.50,under,ft,4.2,2
8YPFoezH,Yastremska D.,Navarro E.,2,2,ou,18.00,over,ft,1.18,2
8YPFoezH,Yastremska D.,Navarro E.,2,2,ou,18.00,under,ft,3.8,2
8YPFoezH,Yastremska D.,Navarro E.,2,2,ou,18.50,over,ft,1.346,5
8YPFoezH,Yastremska D.,Navarro E.,2,2,ou,18.50,under,ft,3.032,5
8YPFoezH,Yastremska D.,Navarro E.,2,2,ou,19.00,over,ft,1.365,2
8YPFoezH,Yastremska D.,Navarro E.,2,2,ou,19.00,under,ft,2.78,2
8YPFoezH,Yastremska D.,Navarro E.,2,2,ou,19.50,over,ft,1.503,3
8YPFoezH,Yastremska D.,Navarro E.,2,2,ou,19.50,under,ft,2.413,3
8YPFoezH,Yastremska D.,Navarro E.,2,2,ou,20.00,over,ft,1.618,5
8YPFoezH,Yastremska D.,Navarro E.,2,2,ou,20.00,under,ft,2.264,5
8YPFoezH,Yastremska D.,Navarro E.,2,2,ou,20.50,over,ft,1.718,8
8YPFoezH,Yastremska D.,Navarro E.,2,2,ou,20.50,under,ft,2.067,8
8YPFoezH,Yastremska D.,Navarro E.,2,2,ou,21.00,over,ft,1.838,5
8YPFoezH,Yastremska D.,Navarro E.,2,2,ou,21.00,under,ft,1.962,5
8YPFoezH,Yastremska D.,Navarro E.,2,2,ou,21.50,over,ft,1.941,8
8YPFoezH,Yastremska D.,Navarro E.,2,2,ou,21.50,under,ft,1.844,8
8YPFoezH,Yastremska D.,Navarro E.,2,2,ou,22.00,over,ft,2.078,5
8YPFoezH,Yastremska D.,Navarro E.,2,2,ou,22.00,under,ft,1.736,5
8YPFoezH,Yastremska D.,Navarro E.,2,2,ou,22.50,over,ft,2.178,8
8YPFoezH,Yastremska D.,Navarro E.,2,2,ou,22.50,under,ft,1.645,8
8YPFoezH,Yastremska D.,Navarro E.,2,2,ou,23.00,over,ft,2.21,4
8YPFoezH,Yastremska D.,Navarro E.,2,2,ou,23.00,under,ft,1.65,4
8YPFoezH,Yastremska D.,Navarro E.,2,2,ou,23.50,over,ft,2.367,3
8YPFoezH,Yastremska D.,Navarro E.,2,2,ou,23.50,under,ft,1.52,3
8YPFoezH,Yastremska D.,Navarro E.,2,2,ou,24.00,over,ft,2.415,2
8YPFoezH,Yastremska D.,Navarro E.,2,2,ou,24.00,under,ft,1.475,2
8YPFoezH,Yastremska D.,Navarro E.,2,2,ou,24.50,over,ft,2.516,7
8YPFoezH,Yastremska D.,Navarro E.,2,2,ou,24.50,under,ft,1.479,7
8YPFoezH,Yastremska D.,Navarro E.,2,2,ou,25.00,over,ft,2.615,2
8YPFoezH,Yastremska D.,Navarro E.,2,2,ou,25.00,under,ft,1.385,2
8YPFoezH,Yastremska D.,Navarro E.,2,2,ou,25.50,over,ft,2.747,3
8YPFoezH,Yastremska D.,Navarro E.,2,2,ou,25.50,under,ft,1.37,3
8YPFoezH,Yastremska D.,Navarro E.,2,2,ou,26.50,over,ft,2.747,3
8YPFoezH,Yastremska D.,Navarro E.,2,2,ou,26.50,under,ft,1.38,3
8YPFoezH,Yastremska D.,Navarro E.,2,2,hc,1.50,home,ft,1.603,7
8YPFoezH,Yastremska D.,Navarro E.,2,2,hc,1.50,away,ft,2.267,7
8YPFoezH,Yastremska D.,Navarro E.,2,2,hc,-1.50,home,ft,4.12,5
8YPFoezH,Yastremska D.,Navarro E.,2,2,hc,-1.50,away,ft,1.22,5
8YPFoezH,Yastremska D.,Navarro E.,2,2,hc,0,home,ft,2.57,2
8YPFoezH,Yastremska D.,Navarro E.,2,2,hc,0,away,ft,1.47,2
8YPFoezH,Yastremska D.,Navarro E.,2,2,hc,0.50,home,ft,2.4,3
8YPFoezH,Yastremska D.,Navarro E.,2,2,hc,0.50,away,ft,1.533,3
8YPFoezH,Yastremska D.,Navarro E.,2,2,hc,-0.50,home,ft,2.6,3
8YPFoezH,Yastremska D.,Navarro E.,2,2,hc,-0.50,away,ft,1.46,3
8YPFoezH,Yastremska D.,Navarro E.,2,2,hc,1.00,home,ft,2.36,2
8YPFoezH,Yastremska D.,Navarro E.,2,2,hc,1.00,away,ft,1.55,2
8YPFoezH,Yastremska D.,Navarro E.,2,2,hc,-1.00,home,ft,2.71,2
8YPFoezH,Yastremska D.,Navarro E.,2,2,hc,-1.00,away,ft,1.43,2
8YPFoezH,Yastremska D.,Navarro E.,2,2,hc,1.50,home,ft,2.204,7
8YPFoezH,Yastremska D.,Navarro E.,2,2,hc,1.50,away,ft,1.639,7
8YPFoezH,Yastremska D.,Navarro E.,2,2,hc,-1.50,home,ft,2.77,5
8YPFoezH,Yastremska D.,Navarro E.,2,2,hc,-1.50,away,ft,1.426,5
8YPFoezH,Yastremska D.,Navarro E.,2,2,hc,1.75,home,ft,2.03,2
8YPFoezH,Yastremska D.,Navarro E.,2,2,hc,1.75,away,ft,1.7,2
8YPFoezH,Yastremska D.,Navarro E.,2,2,hc,2.00,home,ft,2.133,4
8YPFoezH,Yastremska D.,Navarro E.,2,2,hc,2.00,away,ft,1.715,4
8YPFoezH,Yastremska D.,Navarro E.,2,2,hc,2.25,home,ft,1.98,2
8YPFoezH,Yastremska D.,Navarro E.,2,2,hc,2.25,away,ft,1.82,2
8YPFoezH,Yastremska D.,Navarro E.,2,2,hc,2.50,home,ft,2.063,7
8YPFoezH,Yastremska D.,Navarro E.,2,2,hc,2.50,away,ft,1.736,7
8YPFoezH,Yastremska D.,Navarro E.,2,2,hc,-2.50,home,ft,2.76,1
8YPFoezH,Yastremska D.,Navarro E.,2,2,hc,-2.50,away,ft,1.4,1
8YPFoezH,Yastremska D.,Navarro E.,2,2,hc,2.75,home,ft,1.83,2
8YPFoezH,Yastremska D.,Navarro E.,2,2,hc,2.75,away,ft,1.87,2
8YPFoezH,Yastremska D.,Navarro E.,2,2,hc,3.00,home,ft,1.958,4
8YPFoezH,Yastremska D.,Navarro E.,2,2,hc,3.00,away,ft,1.845,4
8YPFoezH,Yastremska D.,Navarro E.,2,2,hc,3.25,home,ft,1.72,2
8YPFoezH,Yastremska D.,Navarro E.,2,2,hc,3.25,away,ft,2.0,2
8YPFoezH,Yastremska D.,Navarro E.,2,2,hc,3.50,home,ft,1.809,7
8YPFoezH,Yastremska D.,Navarro E.,2,2,hc,3.50,away,ft,1.967,7
8YPFoezH,Yastremska D.,Navarro E.,2,2,hc,4.00,home,ft,1.667,4
8YPFoezH,Yastremska D.,Navarro E.,2,2,hc,4.00,away,ft,2.208,4
8YPFoezH,Yastremska D.,Navarro E.,2,2,hc,4.50,home,ft,1.567,7
8YPFoezH,Yastremska D.,Navarro E.,2,2,hc,4.50,away,ft,2.36,7
8YPFoezH,Yastremska D.,Navarro E.,2,2,hc,5.00,home,ft,1.36,2
8YPFoezH,Yastremska D.,Navarro E.,2,2,hc,5.00,away,ft,2.98,2
8YPFoezH,Yastremska D.,Navarro E.,2,2,hc,5.50,home,ft,1.335,4
8YPFoezH,Yastremska D.,Navarro E.,2,2,hc,5.50,away,ft,3.232,4
8YPFoezH,Yastremska D.,Navarro E.,2,2,hc,6.00,home,ft,1.18,2
8YPFoezH,Yastremska D.,Navarro E.,2,2,hc,6.00,away,ft,4.575,2
8YPFoezH,Yastremska D.,Navarro E.,2,2,hc,6.50,home,ft,1.15,2
8YPFoezH,Yastremska D.,Navarro E.,2,2,hc,6.50,away,ft,5.025,2
8YPFoezH,Yastremska D.,Navarro E.,2,2,hc,7.00,home,ft,1.06,2
8YPFoezH,Yastremska D.,Navarro E.,2,2,hc,7.00,away,ft,8.1,2
8YPFoezH,Yastremska D.,Navarro E.,2,2,hc,7.50,home,ft,1.05,2
8YPFoezH,Yastremska D.,Navarro E.,2,2,hc,7.50,away,ft,8.8,2
EFOwL5Sq,Mboko V.,Bouzkova M.,2,2,ou,2.50,over,ft,2.5,2
EFOwL5Sq,Mboko V.,Bouzkova M.,2,2,ou,2.50,under,ft,1.58,2
EFOwL5Sq,Mboko V.,Bouzkova M.,2,2,ou,17.50,over,ft,1.14,2
EFOwL5Sq,Mboko V.,Bouzkova M.,2,2,ou,17.50,under,ft,4.45,2
EFOwL5Sq,Mboko V.,Bouzkova M.,2,2,ou,18.00,over,ft,1.16,2
EFOwL5Sq,Mboko V.,Bouzkova M.,2,2,ou,18.00,under,ft,4.1,2
EFOwL5Sq,Mboko V.,Bouzkova M.,2,2,ou,18.50,over,ft,1.31,3
EFOwL5Sq,Mboko V.,Bouzkova M.,2,2,ou,18.50,under,ft,3.147,3
EFOwL5Sq,Mboko V.,Bouzkova M.,2,2,ou,19.00,over,ft,1.33,2
EFOwL5Sq,Mboko V.,Bouzkova M.,2,2,ou,19.00,under,ft,2.94,2
EFOwL5Sq,Mboko V.,Bouzkova M.,2,2,ou,19.50,over,ft,1.47,3
EFOwL5Sq,Mboko V.,Bouzkova M.,2,2,ou,19.50,under,ft,2.5,3
EFOwL5Sq,Mboko V.,Bouzkova M.,2,2,ou,20.00,over,ft,1.52,2
EFOwL5Sq,Mboko V.,Bouzkova M.,2,2,ou,20.00,under,ft,2.38,2
EFOwL5Sq,Mboko V.,Bouzkova M.,2,2,ou,20.50,over,ft,1.686,8
EFOwL5Sq,Mboko V.,Bouzkova M.,2,2,ou,20.50,under,ft,2.119,8
EFOwL5Sq,Mboko V.,Bouzkova M.,2,2,ou,21.00,over,ft,1.784,5
EFOwL5Sq,Mboko V.,Bouzkova M.,2,2,ou,21.00,under,ft,2.022,5
EFOwL5Sq,Mboko V.,Bouzkova M.,2,2,ou,21.50,over,ft,1.881,8
EFOwL5Sq,Mboko V.,Bouzkova M.,2,2,ou,21.50,under,ft,1.915,8
EFOwL5Sq,Mboko V.,Bouzkova M.,2,2,ou,22.00,over,ft,2.024,5
EFOwL5Sq,Mboko V.,Bouzkova M.,2,2,ou,22.00,under,ft,1.782,5
EFOwL5Sq,Mboko V.,Bouzkova M.,2,2,ou,22.50,over,ft,2.133,8
EFOwL5Sq,Mboko V.,Bouzkova M.,2,2,ou,22.50,under,ft,1.677,8
EFOwL5Sq,Mboko V.,Bouzkova M.,2,2,ou,23.00,over,ft,2.232,4
EFOwL5Sq,Mboko V.,Bouzkova M.,2,2,ou,23.00,under,ft,1.63,4
EFOwL5Sq,Mboko V.,Bouzkova M.,2,2,ou,23.50,over,ft,2.337,3
EFOwL5Sq,Mboko V.,Bouzkova M.,2,2,ou,23.50,under,ft,1.537,3
EFOwL5Sq,Mboko V.,Bouzkova M.,2,2,ou,24.00,over,ft,2.38,2
EFOwL5Sq,Mboko V.,Bouzkova M.,2,2,ou,24.00,under,ft,1.49,2
EFOwL5Sq,Mboko V.,Bouzkova M.,2,2,ou,24.50,over,ft,2.458,5
EFOwL5Sq,Mboko V.,Bouzkova M.,2,2,ou,24.50,under,ft,1.49,5
EFOwL5Sq,Mboko V.,Bouzkova M.,2,2,ou,25.00,over,ft,2.56,2
EFOwL5Sq,Mboko V.,Bouzkova M.,2,2,ou,25.00,under,ft,1.4,2
EFOwL5Sq,Mboko V.,Bouzkova M.,2,2,ou,25.50,over,ft,2.683,3
EFOwL5Sq,Mboko V.,Bouzkova M.,2,2,ou,25.50,under,ft,1.387,3
EFOwL5Sq,Mboko V.,Bouzkova M.,2,2,hc,1.50,home,ft,1.282,5
EFOwL5Sq,Mboko V.,Bouzkova M.,2,2,hc,1.50,away,ft,3.512,5
EFOwL5Sq,Mboko V.,Bouzkova M.,2,2,hc,-1.50,home,ft,2.511,7
EFOwL5Sq,Mboko V.,Bouzkova M.,2,2,hc,-1.50,away,ft,1.501,7
EFOwL5Sq,Mboko V.,Bouzkova M.,2,2,hc,0,home,ft,1.71,4
EFOwL5Sq,Mboko V.,Bouzkova M.,2,2,hc,0,away,ft,2.147,4
EFOwL5Sq,Mboko V.,Bouzkova M.,2,2,hc,0.50,home,ft,1.692,6
EFOwL5Sq,Mboko V.,Bouzkova M.,2,2,hc,0.50,away,ft,2.155,6
EFOwL5Sq,Mboko V.,Bouzkova M.,2,2,hc,-0.50,home,ft,1.726,7
EFOwL5Sq,Mboko V.,Bouzkova M.,2,2,hc,-0.50,away,ft,2.073,7
EFOwL5Sq,Mboko V.,Bouzkova M.,2,2,hc,1.00,home,ft,1.67,4
EFOwL5Sq,Mboko V.,Bouzkova M.,2,2,hc,1.00,away,ft,2.228,4
EFOwL5Sq,Mboko V.,Bouzkova M.,2,2,hc,-1.00,home,ft,1.75,4
EFOwL5Sq,Mboko V.,Bouzkova M.,2,2,hc,-1.00,away,ft,2.083,4
EFOwL5Sq,Mboko V.,Bouzkova M.,2,2,hc,1.50,home,ft,1.52,4
EFOwL5Sq,Mboko V.,Bouzkova M.,2,2,hc,1.50,away,ft,2.47,4
EFOwL5Sq,Mboko V.,Bouzkova M.,2,2,hc,-1.50,home,ft,1.803,7
EFOwL5Sq,Mboko V.,Bouzkova M.,2,2,hc,-1.50,away,ft,1.99,7
EFOwL5Sq,Mboko V.,Bouzkova M.,2,2,hc,2.00,home,ft,1.47,2
EFOwL5Sq,Mboko V.,Bouzkova M.,2,2,hc,2.00,away,ft,2.57,2
EFOwL5Sq,Mboko V.,Bouzkova M.,2,2,hc,-2.00,home,ft,1.875,4
EFOwL5Sq,Mboko V.,Bouzkova M.,2,2,hc,-2.00,away,ft,1.938,4
EFOwL5Sq,Mboko V.,Bouzkova M.,2,2,hc,2.50,home,ft,1.443,3
EFOwL5Sq,Mboko V.,Bouzkova M.,2,2,hc,2.50,away,ft,2.657,3
EFOwL5Sq,Mboko V.,Bouzkova M.,2,2,hc,-2.50,home,ft,1.964,7
EFOwL5Sq,Mboko V.,Bouzkova M.,2,2,hc,-2.50,away,ft,1.817,7
EFOwL5Sq,Mboko V.,Bouzkova M.,2,2,hc,3.00,home,ft,1.43,2
EFOwL5Sq,Mboko V.,Bouzkova M.,2,2,hc,3.00,away,ft,2.71,2
EFOwL5Sq,Mboko V.,Bouzkova M.,2,2,hc,-3.00,home,ft,2.098,4
EFOwL5Sq,Mboko V.,Bouzkova M.,2,2,hc,-3.00,away,ft,1.735,4
EFOwL5Sq,Mboko V.,Bouzkova M.,2,2,hc,3.50,home,ft,1.387,4
EFOwL5Sq,Mboko V.,Bouzkova M.,2,2,hc,3.50,away,ft,2.907,4
EFOwL5Sq,Mboko V.,Bouzkova M.,2,2,hc,-3.50,home,ft,2.216,7
EFOwL5Sq,Mboko V.,Bouzkova M.,2,2,hc,-3.50,away,ft,1.64,7
EFOwL5Sq,Mboko V.,Bouzkova M.,2,2,hc,-4.00,home,ft,2.57,2
EFOwL5Sq,Mboko V.,Bouzkova M.,2,2,hc,-4.00,away,ft,1.47,2
EFOwL5Sq,Mboko V.,Bouzkova M.,2,2,hc,-4.50,home,ft,2.75,3
EFOwL5Sq,Mboko V.,Bouzkova M.,2,2,hc,-4.50,away,ft,1.417,3
EFOwL5Sq,Mboko V.,Bouzkova M.,2,2,hc,-5.00,home,ft,3.55,2
EFOwL5Sq,Mboko V.,Bouzkova M.,2,2,hc,-5.00,away,ft,1.27,2
EFOwL5Sq,Mboko V.,Bouzkova M.,2,2,hc,-5.50,home,ft,3.787,3
EFOwL5Sq,Mboko V.,Bouzkova M.,2,2,hc,-5.50,away,ft,1.253,3
EFOwL5Sq,Mboko V.,Bouzkova M.,2,2,hc,-6.00,home,ft,5.55,2
EFOwL5Sq,Mboko V.,Bouzkova M.,2,2,hc,-6.00,away,ft,1.13,2
EFOwL5Sq,Mboko V.,Bouzkova M.,2,2,hc,-6.50,home,ft,6.0,2
EFOwL5Sq,Mboko V.,Bouzkova M.,2,2,hc,-6.50,away,ft,1.11,2
6DowcV4K,Bouzas Maneiro J.,Ito A.,2,2,ou,2.50,over,ft,2.415,2
6DowcV4K,Bouzas Maneiro J.,Ito A.,2,2,ou,2.50,under,ft,1.62,2
6DowcV4K,Bouzas Maneiro J.,Ito A.,2,2,ou,16.50,over,ft,1.14,2
6DowcV4K,Bouzas Maneiro J.,Ito A.,2,2,ou,16.50,under,ft,5.875,2
6DowcV4K,Bouzas Maneiro J.,Ito A.,2,2,ou,17.50,over,ft,1.18,2
6DowcV4K,Bouzas Maneiro J.,Ito A.,2,2,ou,17.50,under,ft,3.85,2
6DowcV4K,Bouzas Maneiro J.,Ito A.,2,2,ou,18.00,over,ft,1.22,2
6DowcV4K,Bouzas Maneiro J.,Ito A.,2,2,ou,18.00,under,ft,3.52,2
6DowcV4K,Bouzas Maneiro J.,Ito A.,2,2,ou,18.50,over,ft,1.365,4
6DowcV4K,Bouzas Maneiro J.,Ito A.,2,2,ou,18.50,under,ft,2.933,4
6DowcV4K,Bouzas Maneiro J.,Ito A.,2,2,ou,19.00,over,ft,1.39,2
6DowcV4K,Bouzas Maneiro J.,Ito A.,2,2,ou,19.00,under,ft,2.68,2
6DowcV4K,Bouzas Maneiro J.,Ito A.,2,2,ou,19.50,over,ft,1.517,3
6DowcV4K,Bouzas Maneiro J.,Ito A.,2,2,ou,19.50,under,ft,2.373,3
6DowcV4K,Bouzas Maneiro J.,Ito A.,2,2,ou,20.00,over,ft,1.636,5
6DowcV4K,Bouzas Maneiro J.,Ito A.,2,2,ou,20.00,under,ft,2.238,5
6DowcV4K,Bouzas Maneiro J.,Ito A.,2,2,ou,20.50,over,ft,1.73,8
6DowcV4K,Bouzas Maneiro J.,Ito A.,2,2,ou,20.50,under,ft,2.058,8
6DowcV4K,Bouzas Maneiro J.,Ito A.,2,2,ou,21.00,over,ft,1.838,5
6DowcV4K,Bouzas Maneiro J.,Ito A.,2,2,ou,21.00,under,ft,1.958,5
6DowcV4K,Bouzas Maneiro J.,Ito A.,2,2,ou,21.50,over,ft,1.948,8
6DowcV4K,Bouzas Maneiro J.,Ito A.,2,2,ou,21.50,under,ft,1.854,8
6DowcV4K,Bouzas Maneiro J.,Ito A.,2,2,ou,22.00,over,ft,2.068,5
6DowcV4K,Bouzas Maneiro J.,Ito A.,2,2,ou,22.00,under,ft,1.748,5
6DowcV4K,Bouzas Maneiro J.,Ito A.,2,2,ou,22.50,over,ft,2.186,7
6DowcV4K,Bouzas Maneiro J.,Ito A.,2,2,ou,22.50,under,ft,1.644,7
6DowcV4K,Bouzas Maneiro J.,Ito A.,2,2,ou,23.00,over,ft,2.28,2
6DowcV4K,Bouzas Maneiro J.,Ito A.,2,2,ou,23.00,under,ft,1.56,2
6DowcV4K,Bouzas Maneiro J.,Ito A.,2,2,ou,23.50,over,ft,2.373,3
6DowcV4K,Bouzas Maneiro J.,Ito A.,2,2,ou,23.50,under,ft,1.52,3
6DowcV4K,Bouzas Maneiro J.,Ito A.,2,2,ou,24.00,over,ft,2.43,2
6DowcV4K,Bouzas Maneiro J.,Ito A.,2,2,ou,24.00,under,ft,1.47,2
6DowcV4K,Bouzas Maneiro J.,Ito A.,2,2,ou,24.50,over,ft,2.506,5
6DowcV4K,Bouzas Maneiro J.,Ito A.,2,2,ou,24.50,under,ft,1.484,5
6DowcV4K,Bouzas Maneiro J.,Ito A.,2,2,ou,25.00,over,ft,2.6,2
6DowcV4K,Bouzas Maneiro J.,Ito A.,2,2,ou,25.00,under,ft,1.39,2
6DowcV4K,Bouzas Maneiro J.,Ito A.,2,2,ou,25.50,over,ft,2.72,3
6DowcV4K,Bouzas Maneiro J.,Ito A.,2,2,ou,25.50,under,ft,1.377,3
6DowcV4K,Bouzas Maneiro J.,Ito A.,2,2,hc,1.50,home,ft,1.208,5
6DowcV4K,Bouzas Maneiro J.,Ito A.,2,2,hc,1.50,away,ft,4.318,5
6DowcV4K,Bouzas Maneiro J.,Ito A.,2,2,hc,-1.50,home,ft,2.204,7
6DowcV4K,Bouzas Maneiro J.,Ito A.,2,2,hc,-1.50,away,ft,1.637,7
6DowcV4K,Bouzas Maneiro J.,Ito A.,2,2,hc,0,home,ft,1.45,2
6DowcV4K,Bouzas Maneiro J.,Ito A.,2,2,hc,0,away,ft,2.64,2
6DowcV4K,Bouzas Maneiro J.,Ito A.,2,2,hc,0.50,home,ft,1.43,3
6DowcV4K,Bouzas Maneiro J.,Ito A.,2,2,hc,0.50,away,ft,2.703,3
6DowcV4K,Bouzas Maneiro J.,Ito A.,2,2,hc,-0.50,home,ft,1.5,3
6DowcV4K,Bouzas Maneiro J.,Ito A.,2,2,hc,-0.50,away,ft,2.487,3
6DowcV4K,Bouzas Maneiro J.,Ito A.,2,2,hc,1.00,home,ft,1.48,2
6DowcV4K,Bouzas Maneiro J.,Ito A.,2,2,hc,1.00,away,ft,2.54,2
6DowcV4K,Bouzas Maneiro J.,Ito A.,2,2,hc,-1.00,home,ft,1.645,4
6DowcV4K,Bouzas Maneiro J.,Ito A.,2,2,hc,-1.00,away,ft,2.263,4
6DowcV4K,Bouzas Maneiro J.,Ito A.,2,2,hc,-1.25,home,ft,1.75,2
6DowcV4K,Bouzas Maneiro J.,Ito A.,2,2,hc,-1.25,away,ft,1.95,2
6DowcV4K,Bouzas Maneiro J.,Ito A.,2,2,hc,1.50,home,ft,1.428,5
6DowcV4K,Bouzas Maneiro J.,Ito A.,2,2,hc,1.50,away,ft,2.764,5
6DowcV4K,Bouzas Maneiro J.,Ito A.,2,2,hc,-1.50,home,ft,1.621,7
6DowcV4K,Bouzas Maneiro J.,Ito A.,2,2,hc,-1.50,away,ft,2.231,7
6DowcV4K,Bouzas Maneiro J.,Ito A.,2,2,hc,-1.75,home,ft,1.8,2
6DowcV4K,Bouzas Maneiro J.,Ito A.,2,2,hc,-1.75,away,ft,1.9,2
6DowcV4K,Bouzas Maneiro J.,Ito A.,2,2,hc,-2.00,home,ft,1.698,4
6DowcV4K,Bouzas Maneiro J.,Ito A.,2,2,hc,-2.00,away,ft,2.165,4
6DowcV4K,Bouzas Maneiro J.,Ito A.,2,2,hc,-2.25,home,ft,1.87,2
6DowcV4K,Bouzas Maneiro J.,Ito A.,2,2,hc,-2.25,away,ft,1.83,2
6DowcV4K,Bouzas Maneiro J.,Ito A.,2,2,hc,2.50,home,ft,1.42,1
6DowcV4K,Bouzas Maneiro J.,Ito A.,2,2,hc,2.50,away,ft,2.66,1
6DowcV4K,Bouzas Maneiro J.,Ito A.,2,2,hc,-2.50,home,ft,1.723,7
6DowcV4K,Bouzas Maneiro J.,Ito A.,2,2,hc,-2.50,away,ft,2.087,7
6DowcV4K,Bouzas Maneiro J.,Ito A.,2,2,hc,-2.75,home,ft,2.06,2
6DowcV4K,Bouzas Maneiro J.,Ito A.,2,2,hc,-2.75,away,ft,1.77,2
6DowcV4K,Bouzas Maneiro J.,Ito A.,2,2,hc,-3.00,home,ft,1.825,4
6DowcV4K,Bouzas Maneiro J.,Ito A.,2,2,hc,-3.00,away,ft,1.985,4
6DowcV4K,Bouzas Maneiro J.,Ito A.,2,2,hc,-3.50,home,ft,1.964,7
6DowcV4K,Bouzas Maneiro J.,Ito A.,2,2,hc,-3.50,away,ft,1.831,7
6DowcV4K,Bouzas Maneiro J.,Ito A.,2,2,hc,-4.00,home,ft,2.157,4
6DowcV4K,Bouzas Maneiro J.,Ito A.,2,2,hc,-4.00,away,ft,1.695,4
6DowcV4K,Bouzas Maneiro J.,Ito A.,2,2,hc,-4.50,home,ft,2.341,7
6DowcV4K,Bouzas Maneiro J.,Ito A.,2,2,hc,-4.50,away,ft,1.577,7
6DowcV4K,Bouzas Maneiro J.,Ito A.,2,2,hc,-5.00,home,ft,2.78,2
6DowcV4K,Bouzas Maneiro J.,Ito A.,2,2,hc,-5.00,away,ft,1.41,2
6DowcV4K,Bouzas Maneiro J.,Ito A.,2,2,hc,-5.50,home,ft,3.078,4
6DowcV4K,Bouzas Maneiro J.,Ito A.,2,2,hc,-5.50,away,ft,1.36,4
6DowcV4K,Bouzas Maneiro J.,Ito A.,2,2,hc,-6.00,home,ft,4.15,2
6DowcV4K,Bouzas Maneiro J.,Ito A.,2,2,hc,-6.00,away,ft,1.21,2
6DowcV4K,Bouzas Maneiro J.,Ito A.,2,2,hc,-6.50,home,ft,4.6,2
6DowcV4K,Bouzas Maneiro J.,Ito A.,2,2,hc,-6.50,away,ft,1.18,2
6DowcV4K,Bouzas Maneiro J.,Ito A.,2,2,hc,-7.00,home,ft,7.1,2
6DowcV4K,Bouzas Maneiro J.,Ito A.,2,2,hc,-7.00,away,ft,1.08,2
6DowcV4K,Bouzas Maneiro J.,Ito A.,2,2,hc,-7.50,home,ft,7.6,2
6DowcV4K,Bouzas Maneiro J.,Ito A.,2,2,hc,-7.50,away,ft,1.07,2
pb5ofr7T,Gauff C.,Kudermetova V.,2,2,ou,2.50,over,ft,2.765,2
pb5ofr7T,Gauff C.,Kudermetova V.,2,2,ou,2.50,under,ft,1.49,2
pb5ofr7T,Gauff C.,Kudermetova V.,2,2,ou,15.50,over,ft,1.03,2
pb5ofr7T,Gauff C.,Kudermetova V.,2,2,ou,15.50,under,ft,7.3,2
pb5ofr7T,Gauff C.,Kudermetova V.,2,2,ou,16.00,over,ft,1.04,2
pb5ofr7T,Gauff C.,Kudermetova V.,2,2,ou,16.00,under,ft,6.8,2
pb5ofr7T,Gauff C.,Kudermetova V.,2,2,ou,16.50,over,ft,1.14,4
pb5ofr7T,Gauff C.,Kudermetova V.,2,2,ou,16.50,under,ft,4.982,4
pb5ofr7T,Gauff C.,Kudermetova V.,2,2,ou,17.00,over,ft,1.14,2
pb5ofr7T,Gauff C.,Kudermetova V.,2,2,ou,17.00,under,ft,4.5,2
pb5ofr7T,Gauff C.,Kudermetova V.,2,2,ou,17.50,over,ft,1.27,2
pb5ofr7T,Gauff C.,Kudermetova V.,2,2,ou,17.50,under,ft,3.22,2
pb5ofr7T,Gauff C.,Kudermetova V.,2,2,ou,18.00,over,ft,1.32,2
pb5ofr7T,Gauff C.,Kudermetova V.,2,2,ou,18.00,under,ft,2.99,2
pb5ofr7T,Gauff C.,Kudermetova V.,2,2,ou,18.50,over,ft,1.489,8
pb5ofr7T,Gauff C.,Kudermetova V.,2,2,ou,18.50,under,ft,2.493,8
pb5ofr7T,Gauff C.,Kudermetova V.,2,2,ou,19.00,over,ft,1.594,5
pb5ofr7T,Gauff C.,Kudermetova V.,2,2,ou,19.00,under,ft,2.294,5
pb5ofr7T,Gauff C.,Kudermetova V.,2,2,ou,19.50,over,ft,1.721,8
pb5ofr7T,Gauff C.,Kudermetova V.,2,2,ou,19.50,under,ft,2.092,8
pb5ofr7T,Gauff C.,Kudermetova V.,2,2,ou,20.00,over,ft,1.8,5
pb5ofr7T,Gauff C.,Kudermetova V.,2,2,ou,20.00,under,ft,1.998,5
pb5ofr7T,Gauff C.,Kudermetova V.,2,2,ou,20.50,over,ft,1.932,8
pb5ofr7T,Gauff C.,Kudermetova V.,2,2,ou,20.50,under,ft,1.833,8
pb5ofr7T,Gauff C.,Kudermetova V.,2,2,ou,21.00,over,ft,2.04,5
pb5ofr7T,Gauff C.,Kudermetova V.,2,2,ou,21.00,under,ft,1.77,5
pb5ofr7T,Gauff C.,Kudermetova V.,2,2,ou,21.50,over,ft,2.16,7
pb5ofr7T,Gauff C.,Kudermetova V.,2,2,ou,21.50,under,ft,1.674,7
pb5ofr7T,Gauff C.,Kudermetova V.,2,2,ou,22.00,over,ft,2.34,2
pb5ofr7T,Gauff C.,Kudermetova V.,2,2,ou,22.00,under,ft,1.53,2
pb5ofr7T,Gauff C.,Kudermetova V.,2,2,ou,22.50,over,ft,2.437,6
pb5ofr7T,Gauff C.,Kudermetova V.,2,2,ou,22.50,under,ft,1.518,6
pb5ofr7T,Gauff C.,Kudermetova V.,2,2,ou,23.00,over,ft,2.61,2
pb5ofr7T,Gauff C.,Kudermetova V.,2,2,ou,23.00,under,ft,1.41,2
pb5ofr7T,Gauff C.,Kudermetova V.,2,2,ou,23.50,over,ft,2.677,3
pb5ofr7T,Gauff C.,Kudermetova V.,2,2,ou,23.50,under,ft,1.4,3
pb5ofr7T,Gauff C.,Kudermetova V.,2,2,ou,24.00,over,ft,2.75,2
pb5ofr7T,Gauff C.,Kudermetova V.,2,2,ou,24.00,under,ft,1.35,2
pb5ofr7T,Gauff C.,Kudermetova V.,2,2,ou,24.50,over,ft,2.816,5
pb5ofr7T,Gauff C.,Kudermetova V.,2,2,ou,24.50,under,ft,1.388,5
pb5ofr7T,Gauff C.,Kudermetova V.,2,2,hc,1.50,home,ft,1.1,5
pb5ofr7T,Gauff C.,Kudermetova V.,2,2,hc,1.50,away,ft,6.526,5
pb5ofr7T,Gauff C.,Kudermetova V.,2,2,hc,-1.50,home,ft,1.714,7
pb5ofr7T,Gauff C.,Kudermetova V.,2,2,hc,-1.50,away,ft,2.081,7
pb5ofr7T,Gauff C.,Kudermetova V.,2,2,hc,-0.50,home,ft,1.25,2
pb5ofr7T,Gauff C.,Kudermetova V.,2,2,hc,-0.50,away,ft,3.72,2
pb5ofr7T,Gauff C.,Kudermetova V.,2,2,hc,-1.00,home,ft,1.26,2
pb5ofr7T,Gauff C.,Kudermetova V.,2,2,hc,-1.00,away,ft,3.64,2
pb5ofr7T,Gauff C.,Kudermetova V.,2,2,hc,-1.50,home,ft,1.325,4
pb5ofr7T,Gauff C.,Kudermetova V.,2,2,hc,-1.50,away,ft,3.288,4
pb5ofr7T,Gauff C.,Kudermetova V.,2,2,hc,-2.00,home,ft,1.32,2
pb5ofr7T,Gauff C.,Kudermetova V.,2,2,hc,-2.00,away,ft,3.22,2
pb5ofr7T,Gauff C.,Kudermetova V.,2,2,hc,-2.50,home,ft,1.383,3
pb5ofr7T,Gauff C.,Kudermetova V.,2,2,hc,-2.50,away,ft,2.88,3
pb5ofr7T,Gauff C.,Kudermetova V.,2,2,hc,-3.00,home,ft,1.415,2
pb5ofr7T,Gauff C.,Kudermetova V.,2,2,hc,-3.00,away,ft,2.76,2
pb5ofr7T,Gauff C.,Kudermetova V.,2,2,hc,-3.50,home,ft,1.516,7
pb5ofr7T,Gauff C.,Kudermetova V.,2,2,hc,-3.50,away,ft,2.459,7
pb5ofr7T,Gauff C.,Kudermetova V.,2,2,hc,-4.00,home,ft,1.663,4
pb5ofr7T,Gauff C.,Kudermetova V.,2,2,hc,-4.00,away,ft,2.22,4
pb5ofr7T,Gauff C.,Kudermetova V.,2,2,hc,-4.50,home,ft,1.79,7
pb5ofr7T,Gauff C.,Kudermetova V.,2,2,hc,-4.50,away,ft,2.006,7
pb5ofr7T,Gauff C.,Kudermetova V.,2,2,hc,-5.00,home,ft,2.09,4
pb5ofr7T,Gauff C.,Kudermetova V.,2,2,hc,-5.00,away,ft,1.748,4
pb5ofr7T,Gauff C.,Kudermetova V.,2,2,hc,-5.50,home,ft,2.291,7
pb5ofr7T,Gauff C.,Kudermetova V.,2,2,hc,-5.50,away,ft,1.596,7
pb5ofr7T,Gauff C.,Kudermetova V.,2,2,hc,-6.00,home,ft,2.848,4
pb5ofr7T,Gauff C.,Kudermetova V.,2,2,hc,-6.00,away,ft,1.425,4
pb5ofr7T,Gauff C.,Kudermetova V.,2,2,hc,-6.50,home,ft,2.864,7
pb5ofr7T,Gauff C.,Kudermetova V.,2,2,hc,-6.50,away,ft,1.407,7
pb5ofr7T,Gauff C.,Kudermetova V.,2,2,hc,-7.00,home,ft,4.8,2
pb5ofr7T,Gauff C.,Kudermetova V.,2,2,hc,-7.00,away,ft,1.16,2
pb5ofr7T,Gauff C.,Kudermetova V.,2,2,hc,-7.50,home,ft,5.383,4
pb5ofr7T,Gauff C.,Kudermetova V.,2,2,hc,-7.50,away,ft,1.147,4
pb5ofr7T,Gauff C.,Kudermetova V.,2,2,hc,-8.00,home,ft,8.7,2
pb5ofr7T,Gauff C.,Kudermetova V.,2,2,hc,-8.00,away,ft,1.05,2
pb5ofr7T,Gauff C.,Kudermetova V.,2,2,hc,-8.50,home,ft,9.2,2
pb5ofr7T,Gauff C.,Kudermetova V.,2,2,hc,-8.50,away,ft,1.04,2
pb5ofr7T,Gauff C.,Kudermetova V.,2,2,hc,-9.00,home,ft,14.0,2
pb5ofr7T,Gauff C.,Kudermetova V.,2,2,hc,-9.50,home,ft,14.0,2
bcaGlyhM,Andreeva M.,Kessler M.,0,0,ou,2.50,over,ft,2.843,3
bcaGlyhM,Andreeva M.,Kessler M.,0,0,ou,2.50,under,ft,1.45,3
bcaGlyhM,Andreeva M.,Kessler M.,0,0,ou,15.50,over,ft,1.03,2
bcaGlyhM,Andreeva M.,Kessler M.,0,0,ou,15.50,under,ft,7.6,2
bcaGlyhM,Andreeva M.,Kessler M.,0,0,ou,16.00,over,ft,1.04,2
bcaGlyhM,Andreeva M.,Kessler M.,0,0,ou,16.00,under,ft,7.1,2
bcaGlyhM,Andreeva M.,Kessler M.,0,0,ou,16.50,over,ft,1.165,4
bcaGlyhM,Andreeva M.,Kessler M.,0,0,ou,16.50,under,ft,4.598,4
bcaGlyhM,Andreeva M.,Kessler M.,0,0,ou,17.00,over,ft,1.15,2
bcaGlyhM,Andreeva M.,Kessler M.,0,0,ou,17.00,under,ft,4.3,2
bcaGlyhM,Andreeva M.,Kessler M.,0,0,ou,17.50,over,ft,1.327,3
bcaGlyhM,Andreeva M.,Kessler M.,0,0,ou,17.50,under,ft,3.027,3
bcaGlyhM,Andreeva M.,Kessler M.,0,0,ou,18.00,over,ft,1.47,4
bcaGlyhM,Andreeva M.,Kessler M.,0,0,ou,18.00,under,ft,2.643,4
bcaGlyhM,Andreeva M.,Kessler M.,0,0,ou,18.50,over,ft,1.498,8
bcaGlyhM,Andreeva M.,Kessler M.,0,0,ou,18.50,under,ft,2.481,8
bcaGlyhM,Andreeva M.,Kessler M.,0,0,ou,19.00,over,ft,1.6,5
bcaGlyhM,Andreeva M.,Kessler M.,0,0,ou,19.00,under,ft,2.284,5
bcaGlyhM,Andreeva M.,Kessler M.,0,0,ou,19.50,over,ft,1.711,8
bcaGlyhM,Andreeva M.,Kessler M.,0,0,ou,19.50,under,ft,2.089,8
bcaGlyhM,Andreeva M.,Kessler M.,0,0,ou,20.00,over,ft,1.842,5
bcaGlyhM,Andreeva M.,Kessler M.,0,0,ou,20.00,under,ft,1.956,5
bcaGlyhM,Andreeva M.,Kessler M.,0,0,ou,20.50,over,ft,1.938,8
bcaGlyhM,Andreeva M.,Kessler M.,0,0,ou,20.50,under,ft,1.846,8
bcaGlyhM,Andreeva M.,Kessler M.,0,0,ou,21.00,over,ft,2.11,5
bcaGlyhM,Andreeva M.,Kessler M.,0,0,ou,21.00,under,ft,1.722,5
bcaGlyhM,Andreeva M.,Kessler M.,0,0,ou,21.50,over,ft,2.186,7
bcaGlyhM,Andreeva M.,Kessler M.,0,0,ou,21.50,under,ft,1.659,7
bcaGlyhM,Andreeva M.,Kessler M.,0,0,ou,22.00,over,ft,2.44,2
bcaGlyhM,Andreeva M.,Kessler M.,0,0,ou,22.00,under,ft,1.49,2
bcaGlyhM,Andreeva M.,Kessler M.,0,0,ou,22.50,over,ft,2.506,7
bcaGlyhM,Andreeva M.,Kessler M.,0,0,ou,22.50,under,ft,1.494,7
bcaGlyhM,Andreeva M.,Kessler M.,0,0,ou,23.00,over,ft,2.76,2
bcaGlyhM,Andreeva M.,Kessler M.,0,0,ou,23.00,under,ft,1.37,2
bcaGlyhM,Andreeva M.,Kessler M.,0,0,ou,23.50,over,ft,2.767,3
bcaGlyhM,Andreeva M.,Kessler M.,0,0,ou,23.50,under,ft,1.377,3
bcaGlyhM,Andreeva M.,Kessler M.,0,0,ou,24.00,over,ft,2.93,2
bcaGlyhM,Andreeva M.,Kessler M.,0,0,ou,24.00,under,ft,1.31,2
bcaGlyhM,Andreeva M.,Kessler M.,0,0,ou,24.50,over,ft,2.95,6
bcaGlyhM,Andreeva M.,Kessler M.,0,0,ou,24.50,under,ft,1.355,6
bcaGlyhM,Andreeva M.,Kessler M.,0,0,hc,1.50,home,ft,1.116,5
bcaGlyhM,Andreeva M.,Kessler M.,0,0,hc,1.50,away,ft,5.902,5
bcaGlyhM,Andreeva M.,Kessler M.,0,0,hc,-1.50,home,ft,1.74,7
bcaGlyhM,Andreeva M.,Kessler M.,0,0,hc,-1.50,away,ft,2.049,7
bcaGlyhM,Andreeva M.,Kessler M.,0,0,hc,-0.50,home,ft,1.26,2
bcaGlyhM,Andreeva M.,Kessler M.,0,0,hc,-0.50,away,ft,3.64,2
bcaGlyhM,Andreeva M.,Kessler M.,0,0,hc,-1.00,home,ft,1.27,2
bcaGlyhM,Andreeva M.,Kessler M.,0,0,hc,-1.00,away,ft,3.55,2
bcaGlyhM,Andreeva M.,Kessler M.,0,0,hc,-1.50,home,ft,1.325,4
bcaGlyhM,Andreeva M.,Kessler M.,0,0,hc,-1.50,away,ft,3.282,4
bcaGlyhM,Andreeva M.,Kessler M.,0,0,hc,-2.00,home,ft,1.33,2
bcaGlyhM,Andreeva M.,Kessler M.,0,0,hc,-2.00,away,ft,3.15,2
bcaGlyhM,Andreeva M.,Kessler M.,0,0,hc,-2.50,home,ft,1.393,3
bcaGlyhM,Andreeva M.,Kessler M.,0,0,hc,-2.50,away,ft,2.847,3
bcaGlyhM,Andreeva M.,Kessler M.,0,0,hc,-3.00,home,ft,1.42,2
bcaGlyhM,Andreeva M.,Kessler M.,0,0,hc,-3.00,away,ft,2.74,2
bcaGlyhM,Andreeva M.,Kessler M.,0,0,hc,-3.50,home,ft,1.536,7
bcaGlyhM,Andreeva M.,Kessler M.,0,0,hc,-3.50,away,ft,2.42,7
bcaGlyhM,Andreeva M.,Kessler M.,0,0,hc,-4.00,home,ft,1.65,4
bcaGlyhM,Andreeva M.,Kessler M.,0,0,hc,-4.00,away,ft,2.25,4
bcaGlyhM,Andreeva M.,Kessler M.,0,0,hc,-4.25,home,ft,1.52,2
bcaGlyhM,Andreeva M.,Kessler M.,0,0,hc,-4.25,away,ft,2.35,2
bcaGlyhM,Andreeva M.,Kessler M.,0,0,hc,-4.50,home,ft,1.827,7
bcaGlyhM,Andreeva M.,Kessler M.,0,0,hc,-4.50,away,ft,1.971,7
bcaGlyhM,Andreeva M.,Kessler M.,0,0,hc,-4.75,home,ft,1.65,2
bcaGlyhM,Andreeva M.,Kessler M.,0,0,hc,-4.75,away,ft,2.1,2
bcaGlyhM,Andreeva M.,Kessler M.,0,0,hc,-5.00,home,ft,2.042,4
bcaGlyhM,Andreeva M.,Kessler M.,0,0,hc,-5.00,away,ft,1.78,4
bcaGlyhM,Andreeva M.,Kessler M.,0,0,hc,-5.25,home,ft,1.83,2
bcaGlyhM,Andreeva M.,Kessler M.,0,0,hc,-5.25,away,ft,1.87,2
bcaGlyhM,Andreeva M.,Kessler M.,0,0,hc,-5.50,home,ft,2.283,7
bcaGlyhM,Andreeva M.,Kessler M.,0,0,hc,-5.50,away,ft,1.594,7
bcaGlyhM,Andreeva M.,Kessler M.,0,0,hc,-5.75,home,ft,2.13,2
bcaGlyhM,Andreeva M.,Kessler M.,0,0,hc,-5.75,away,ft,1.72,2
bcaGlyhM,Andreeva M.,Kessler M.,0,0,hc,-6.00,home,ft,2.763,4
bcaGlyhM,Andreeva M.,Kessler M.,0,0,hc,-6.00,away,ft,1.445,4
bcaGlyhM,Andreeva M.,Kessler M.,0,0,hc,-6.50,home,ft,2.841,7
bcaGlyhM,Andreeva M.,Kessler M.,0,0,hc,-6.50,away,ft,1.41,7
bcaGlyhM,Andreeva M.,Kessler M.,0,0,hc,-7.00,home,ft,4.65,2
bcaGlyhM,Andreeva M.,Kessler M.,0,0,hc,-7.00,away,ft,1.17,2
bcaGlyhM,Andreeva M.,Kessler M.,0,0,hc,-7.50,home,ft,4.822,4
bcaGlyhM,Andreeva M.,Kessler M.,0,0,hc,-7.50,away,ft,1.175,4
bcaGlyhM,Andreeva M.,Kessler M.,0,0,hc,-8.00,home,ft,8.5,2
bcaGlyhM,Andreeva M.,Kessler M.,0,0,hc,-8.00,away,ft,1.05,2
bcaGlyhM,Andreeva M.,Kessler M.,0,0,hc,-8.50,home,ft,9.2,2
bcaGlyhM,Andreeva M.,Kessler M.,0,0,hc,-8.50,away,ft,1.04,2
bcaGlyhM,Andreeva M.,Kessler M.,0,0,hc,-9.00,home,ft,14.0,2
bcaGlyhM,Andreeva M.,Kessler M.,0,0,hc,-9.50,home,ft,13.7,2
dUl2QNAa,Kostyuk M.,Kasatkina D.,2,2,ou,2.50,over,ft,2.41,3
dUl2QNAa,Kostyuk M.,Kasatkina D.,2,2,ou,2.50,under,ft,1.603,3
dUl2QNAa,Kostyuk M.,Kasatkina D.,2,2,ou,17.50,over,ft,1.2,2
dUl2QNAa,Kostyuk M.,Kasatkina D.,2,2,ou,17.50,under,ft,4.585,2
dUl2QNAa,Kostyuk M.,Kasatkina D.,2,2,ou,18.00,over,ft,1.23,2
dUl2QNAa,Kostyuk M.,Kasatkina D.,2,2,ou,18.00,under,ft,4.16,2
dUl2QNAa,Kostyuk M.,Kasatkina D.,2,2,ou,18.50,over,ft,1.355,4
dUl2QNAa,Kostyuk M.,Kasatkina D.,2,2,ou,18.50,under,ft,3.188,4
dUl2QNAa,Kostyuk M.,Kasatkina D.,2,2,ou,19.00,over,ft,1.4,2
dUl2QNAa,Kostyuk M.,Kasatkina D.,2,2,ou,19.00,under,ft,2.98,2
dUl2QNAa,Kostyuk M.,Kasatkina D.,2,2,ou,19.50,over,ft,1.522,4
dUl2QNAa,Kostyuk M.,Kasatkina D.,2,2,ou,19.50,under,ft,2.478,4
dUl2QNAa,Kostyuk M.,Kasatkina D.,2,2,ou,20.00,over,ft,1.59,2
dUl2QNAa,Kostyuk M.,Kasatkina D.,2,2,ou,20.00,under,ft,2.35,2
dUl2QNAa,Kostyuk M.,Kasatkina D.,2,2,ou,20.50,over,ft,1.702,8
dUl2QNAa,Kostyuk M.,Kasatkina D.,2,2,ou,20.50,under,ft,2.11,8
dUl2QNAa,Kostyuk M.,Kasatkina D.,2,2,ou,21.00,over,ft,1.786,5
dUl2QNAa,Kostyuk M.,Kasatkina D.,2,2,ou,21.00,under,ft,2.046,5
dUl2QNAa,Kostyuk M.,Kasatkina D.,2,2,ou,21.50,over,ft,1.881,8
dUl2QNAa,Kostyuk M.,Kasatkina D.,2,2,ou,21.50,under,ft,1.907,8
dUl2QNAa,Kostyuk M.,Kasatkina D.,2,2,ou,22.00,over,ft,1.998,5
dUl2QNAa,Kostyuk M.,Kasatkina D.,2,2,ou,22.00,under,ft,1.822,5
dUl2QNAa,Kostyuk M.,Kasatkina D.,2,2,ou,22.50,over,ft,2.13,8
dUl2QNAa,Kostyuk M.,Kasatkina D.,2,2,ou,22.50,under,ft,1.692,8
dUl2QNAa,Kostyuk M.,Kasatkina D.,2,2,ou,23.00,over,ft,2.228,4
dUl2QNAa,Kostyuk M.,Kasatkina D.,2,2,ou,23.00,under,ft,1.68,4
dUl2QNAa,Kostyuk M.,Kasatkina D.,2,2,ou,23.50,over,ft,2.33,3
dUl2QNAa,Kostyuk M.,Kasatkina D.,2,2,ou,23.50,under,ft,1.593,3
dUl2QNAa,Kostyuk M.,Kasatkina D.,2,2,ou,24.00,over,ft,2.43,2
dUl2QNAa,Kostyuk M.,Kasatkina D.,2,2,ou,24.00,under,ft,1.56,2
dUl2QNAa,Kostyuk M.,Kasatkina D.,2,2,ou,24.50,over,ft,2.453,7
dUl2QNAa,Kostyuk M.,Kasatkina D.,2,2,ou,24.50,under,ft,1.533,7
dUl2QNAa,Kostyuk M.,Kasatkina D.,2,2,ou,25.00,over,ft,2.69,2
dUl2QNAa,Kostyuk M.,Kasatkina D.,2,2,ou,25.00,under,ft,1.47,2
dUl2QNAa,Kostyuk M.,Kasatkina D.,2,2,ou,25.50,over,ft,2.767,3
dUl2QNAa,Kostyuk M.,Kasatkina D.,2,2,ou,25.50,under,ft,1.437,3
dUl2QNAa,Kostyuk M.,Kasatkina D.,2,2,ou,26.50,over,ft,3.026,5
dUl2QNAa,Kostyuk M.,Kasatkina D.,2,2,ou,26.50,under,ft,1.35,5
dUl2QNAa,Kostyuk M.,Kasatkina D.,2,2,hc,1.50,home,ft,1.238,5
dUl2QNAa,Kostyuk M.,Kasatkina D.,2,2,hc,1.50,away,ft,3.926,5
dUl2QNAa,Kostyuk M.,Kasatkina D.,2,2,hc,-1.50,home,ft,2.401,7
dUl2QNAa,Kostyuk M.,Kasatkina D.,2,2,hc,-1.50,away,ft,1.54,7
dUl2QNAa,Kostyuk M.,Kasatkina D.,2,2,hc,0,home,ft,1.57,2
dUl2QNAa,Kostyuk M.,Kasatkina D.,2,2,hc,0,away,ft,2.42,2
dUl2QNAa,Kostyuk M.,Kasatkina D.,2,2,hc,0.50,home,ft,1.557,3
dUl2QNAa,Kostyuk M.,Kasatkina D.,2,2,hc,0.50,away,ft,2.427,3
dUl2QNAa,Kostyuk M.,Kasatkina D.,2,2,hc,-0.50,home,ft,1.643,3
dUl2QNAa,Kostyuk M.,Kasatkina D.,2,2,hc,-0.50,away,ft,2.237,3
dUl2QNAa,Kostyuk M.,Kasatkina D.,2,2,hc,1.00,home,ft,1.5,2
dUl2QNAa,Kostyuk M.,Kasatkina D.,2,2,hc,1.00,away,ft,2.61,2
dUl2QNAa,Kostyuk M.,Kasatkina D.,2,2,hc,-1.00,home,ft,1.71,4
dUl2QNAa,Kostyuk M.,Kasatkina D.,2,2,hc,-1.00,away,ft,2.18,4
dUl2QNAa,Kostyuk M.,Kasatkina D.,2,2,hc,1.50,home,ft,1.474,5
dUl2QNAa,Kostyuk M.,Kasatkina D.,2,2,hc,1.50,away,ft,2.66,5
dUl2QNAa,Kostyuk M.,Kasatkina D.,2,2,hc,-1.50,home,ft,1.726,7
dUl2QNAa,Kostyuk M.,Kasatkina D.,2,2,hc,-1.50,away,ft,2.08,7
dUl2QNAa,Kostyuk M.,Kasatkina D.,2,2,hc,-1.75,home,ft,1.7,2
dUl2QNAa,Kostyuk M.,Kasatkina D.,2,2,hc,-1.75,away,ft,2.03,2
dUl2QNAa,Kostyuk M.,Kasatkina D.,2,2,hc,-2.00,home,ft,1.81,4
dUl2QNAa,Kostyuk M.,Kasatkina D.,2,2,hc,-2.00,away,ft,2.045,4
dUl2QNAa,Kostyuk M.,Kasatkina D.,2,2,hc,-2.25,home,ft,1.77,2
dUl2QNAa,Kostyuk M.,Kasatkina D.,2,2,hc,-2.25,away,ft,1.93,2
dUl2QNAa,Kostyuk M.,Kasatkina D.,2,2,hc,2.50,home,ft,1.42,1
dUl2QNAa,Kostyuk M.,Kasatkina D.,2,2,hc,2.50,away,ft,2.73,1
dUl2QNAa,Kostyuk M.,Kasatkina D.,2,2,hc,-2.50,home,ft,1.895,6
dUl2QNAa,Kostyuk M.,Kasatkina D.,2,2,hc,-2.50,away,ft,1.898,6
dUl2QNAa,Kostyuk M.,Kasatkina D.,2,2,hc,-2.75,home,ft,1.95,2
dUl2QNAa,Kostyuk M.,Kasatkina D.,2,2,hc,-2.75,away,ft,1.85,2
dUl2QNAa,Kostyuk M.,Kasatkina D.,2,2,hc,-3.00,home,ft,2.013,4
dUl2QNAa,Kostyuk M.,Kasatkina D.,2,2,hc,-3.00,away,ft,1.83,4
dUl2QNAa,Kostyuk M.,Kasatkina D.,2,2,hc,-3.25,home,ft,2.03,2
dUl2QNAa,Kostyuk M.,Kasatkina D.,2,2,hc,-3.25,away,ft,1.7,2
dUl2QNAa,Kostyuk M.,Kasatkina D.,2,2,hc,3.50,home,ft,1.315,2
dUl2QNAa,Kostyuk M.,Kasatkina D.,2,2,hc,3.50,away,ft,3.435,2
dUl2QNAa,Kostyuk M.,Kasatkina D.,2,2,hc,-3.50,home,ft,2.117,7
dUl2QNAa,Kostyuk M.,Kasatkina D.,2,2,hc,-3.50,away,ft,1.706,7
dUl2QNAa,Kostyuk M.,Kasatkina D.,2,2,hc,-4.00,home,ft,2.37,2
dUl2QNAa,Kostyuk M.,Kasatkina D.,2,2,hc,-4.00,away,ft,1.58,2
dUl2QNAa,Kostyuk M.,Kasatkina D.,2,2,hc,-4.50,home,ft,2.647,3
dUl2QNAa,Kostyuk M.,Kasatkina D.,2,2,hc,-4.50,away,ft,1.47,3
dUl2QNAa,Kostyuk M.,Kasatkina D.,2,2,hc,-5.00,home,ft,3.26,2
dUl2QNAa,Kostyuk M.,Kasatkina D.,2,2,hc,-5.00,away,ft,1.34,2
dUl2QNAa,Kostyuk M.,Kasatkina D.,2,2,hc,-5.50,home,ft,3.518,4
dUl2QNAa,Kostyuk M.,Kasatkina D.,2,2,hc,-5.50,away,ft,1.305,4
dUl2QNAa,Kostyuk M.,Kasatkina D.,2,2,hc,-6.00,home,ft,5.265,2
dUl2QNAa,Kostyuk M.,Kasatkina D.,2,2,hc,-6.00,away,ft,1.16,2
dUl2QNAa,Kostyuk M.,Kasatkina D.,2,2,hc,-6.50,home,ft,5.91,2
dUl2QNAa,Kostyuk M.,Kasatkina D.,2,2,hc,-6.50,away,ft,1.13,2
