match_id,home,away,home_score,away_score,market,line,side,period,avg_odds,n_bookies
0bzYOcUh,Kalinina A.,Marcinko P.,,,ou,2.50,over,ft,2.472,5
0bzYOcUh,Kalinina A.,Marcinko P.,,,ou,2.50,under,ft,1.514,5
0bzYOcUh,Kalinina A.,Marcinko P.,,,ou,14.50,over,ft,1.02,1
0bzYOcUh,Kalinina A.,Marcinko P.,,,ou,14.50,under,ft,9.21,1
0bzYOcUh,Kalinina A.,Marcinko P.,,,ou,15.50,over,ft,1.07,1
0bzYOcUh,Kalinina A.,Marcinko P.,,,ou,15.50,under,ft,6.69,1
0bzYOcUh,Kalinina A.,Marcinko P.,,,ou,16.50,over,ft,1.145,4
0bzYOcUh,Kalinina A.,Marcinko P.,,,ou,16.50,under,ft,5.16,4
0bzYOcUh,Kalinina A.,Marcinko P.,,,ou,17.50,over,ft,1.248,4
0bzYOcUh,Kalinina A.,Marcinko P.,,,ou,17.50,under,ft,3.335,4
0bzYOcUh,Kalinina A.,Marcinko P.,,,ou,18.00,over,ft,1.292,4
0bzYOcUh,Kalinina A.,Marcinko P.,,,ou,18.00,under,ft,3.132,4
0bzYOcUh,Kalinina A.,Marcinko P.,,,ou,18.50,over,ft,1.422,8
0bzYOcUh,Kalinina A.,Marcinko P.,,,ou,18.50,under,ft,2.652,8
0bzYOcUh,Kalinina A.,Marcinko P.,,,ou,19.00,over,ft,1.48,4
0bzYOcUh,Kalinina A.,Marcinko P.,,,ou,19.00,under,ft,2.428,4
0bzYOcUh,Kalinina A.,Marcinko P.,,,ou,19.50,over,ft,1.604,10
0bzYOcUh,Kalinina A.,Marcinko P.,,,ou,19.50,under,ft,2.203,10
0bzYOcUh,Kalinina A.,Marcinko P.,,,ou,20.00,over,ft,1.703,7
0bzYOcUh,Kalinina A.,Marcinko P.,,,ou,20.00,under,ft,2.066,7
0bzYOcUh,Kalinina A.,Marcinko P.,,,ou,20.50,over,ft,1.853,10
0bzYOcUh,Kalinina A.,Marcinko P.,,,ou,20.50,under,ft,1.902,10
0bzYOcUh,Kalinina A.,Marcinko P.,,,ou,21.00,over,ft,1.919,7
0bzYOcUh,Kalinina A.,Marcinko P.,,,ou,21.00,under,ft,1.826,7
0bzYOcUh,Kalinina A.,Marcinko P.,,,ou,21.50,over,ft,2.003,10
0bzYOcUh,Kalinina A.,Marcinko P.,,,ou,21.50,under,ft,1.733,10
0bzYOcUh,Kalinina A.,Marcinko P.,,,ou,22.00,over,ft,2.143,7
0bzYOcUh,Kalinina A.,Marcinko P.,,,ou,22.00,under,ft,1.649,7
0bzYOcUh,Kalinina A.,Marcinko P.,,,ou,22.50,over,ft,2.249,9
0bzYOcUh,Kalinina A.,Marcinko P.,,,ou,22.50,under,ft,1.568,9
0bzYOcUh,Kalinina A.,Marcinko P.,,,ou,23.00,over,ft,2.348,4
0bzYOcUh,Kalinina A.,Marcinko P.,,,ou,23.00,under,ft,1.49,4
0bzYOcUh,Kalinina A.,Marcinko P.,,,ou,23.50,over,ft,2.41,5
0bzYOcUh,Kalinina A.,Marcinko P.,,,ou,23.50,under,ft,1.466,5
0bzYOcUh,Kalinina A.,Marcinko P.,,,ou,24.00,over,ft,2.495,4
0bzYOcUh,Kalinina A.,Marcinko P.,,,ou,24.00,under,ft,1.435,4
0bzYOcUh,Kalinina A.,Marcinko P.,,,ou,24.50,over,ft,2.571,7
0bzYOcUh,Kalinina A.,Marcinko P.,,,ou,24.50,under,ft,1.439,7
0bzYOcUh,Kalinina A.,Marcinko P.,,,ou,25.50,over,ft,2.81,4
0bzYOcUh,Kalinina A.,Marcinko P.,,,ou,25.50,under,ft,1.39,4
0bzYOcUh,Kalinina A.,Marcinko P.,,,ou,26.50,over,ft,3.195,4
0bzYOcUh,Kalinina A.,Marcinko P.,,,ou,26.50,under,ft,1.312,4
0bzYOcUh,Kalinina A.,Marcinko P.,,,ou,27.50,over,ft,3.39,1
0bzYOcUh,Kalinina A.,Marcinko P.,,,ou,27.50,under,ft,1.26,1
0bzYOcUh,Kalinina A.,Marcinko P.,,,ou,28.50,over,ft,3.92,1
0bzYOcUh,Kalinina A.,Marcinko P.,,,ou,28.50,under,ft,1.2,1
0bzYOcUh,Kalinina A.,Marcinko P.,,,ou,29.50,over,ft,4.67,1
0bzYOcUh,Kalinina A.,Marcinko P.,,,ou,29.50,under,ft,1.15,1
0bzYOcUh,Kalinina A.,Marcinko P.,,,ou,30.50,over,ft,5.63,1
0bzYOcUh,Kalinina A.,Marcinko P.,,,ou,30.50,under,ft,1.1,1
0bzYOcUh,Kalinina A.,Marcinko P.,,,ou,31.50,over,ft,6.83,1
0bzYOcUh,Kalinina A.,Marcinko P.,,,ou,31.50,under,ft,1.06,1
0bzYOcUh,Kalinina A.,Marcinko P.,,,ou,32.50,over,ft,8.28,1
0bzYOcUh,Kalinina A.,Marcinko P.,,,ou,32.50,under,ft,1.04,1
0bzYOcUh,Kalinina A.,Marcinko P.,,,ou,33.50,over,ft,9.42,1
0bzYOcUh,Kalinina A.,Marcinko P.,,,ou,33.50,under,ft,1.02,1
0bzYOcUh,Kalinina A.,Marcinko P.,,,hc,1.50,home,ft,1.154,7
0bzYOcUh,Kalinina A.,Marcinko P.,,,hc,1.50,away,ft,5.066,7
0bzYOcUh,Kalinina A.,Marcinko P.,,,hc,-1.50,home,ft,1.983,9
0bzYOcUh,Kalinina A.,Marcinko P.,,,hc,-1.50,away,ft,1.768,9
0bzYOcUh,Kalinina A.,Marcinko P.,,,hc,0,home,ft,1.55,3
0bzYOcUh,Kalinina A.,Marcinko P.,,,hc,0,away,ft,2.36,3
0bzYOcUh,Kalinina A.,Marcinko P.,,,hc,0.50,home,ft,1.46,3
0bzYOcUh,Kalinina A.,Marcinko P.,,,hc,0.50,away,ft,2.56,3
0bzYOcUh,Kalinina A.,Marcinko P.,,,hc,-0.50,home,ft,1.387,4
0bzYOcUh,Kalinina A.,Marcinko P.,,,hc,-0.50,away,ft,2.808,4
0bzYOcUh,Kalinina A.,Marcinko P.,,,hc,1.00,home,ft,1.58,3
0bzYOcUh,Kalinina A.,Marcinko P.,,,hc,1.00,away,ft,2.28,3
0bzYOcUh,Kalinina A.,Marcinko P.,,,hc,-1.00,home,ft,1.42,3
0bzYOcUh,Kalinina A.,Marcinko P.,,,hc,-1.00,away,ft,2.69,3
0bzYOcUh,Kalinina A.,Marcinko P.,,,hc,1.50,home,ft,1.422,6
0bzYOcUh,Kalinina A.,Marcinko P.,,,hc,1.50,away,ft,2.892,6
0bzYOcUh,Kalinina A.,Marcinko P.,,,hc,-1.50,home,ft,1.444,7
0bzYOcUh,Kalinina A.,Marcinko P.,,,hc,-1.50,away,ft,2.636,7
0bzYOcUh,Kalinina A.,Marcinko P.,,,hc,-2.00,home,ft,1.47,3
0bzYOcUh,Kalinina A.,Marcinko P.,,,hc,-2.00,away,ft,2.53,3
0bzYOcUh,Kalinina A.,Marcinko P.,,,hc,-2.50,home,ft,1.61,6
0bzYOcUh,Kalinina A.,Marcinko P.,,,hc,-2.50,away,ft,2.227,6
0bzYOcUh,Kalinina A.,Marcinko P.,,,hc,-3.00,home,ft,1.617,6
0bzYOcUh,Kalinina A.,Marcinko P.,,,hc,-3.00,away,ft,2.23,6
0bzYOcUh,Kalinina A.,Marcinko P.,,,hc,-3.50,home,ft,1.699,9
0bzYOcUh,Kalinina A.,Marcinko P.,,,hc,-3.50,away,ft,2.062,9
0bzYOcUh,Kalinina A.,Marcinko P.,,,hc,-4.00,home,ft,1.877,6
0bzYOcUh,Kalinina A.,Marcinko P.,,,hc,-4.00,away,ft,1.878,6
0bzYOcUh,Kalinina A.,Marcinko P.,,,hc,-4.50,home,ft,2.066,8
0bzYOcUh,Kalinina A.,Marcinko P.,,,hc,-4.50,away,ft,1.729,8
0bzYOcUh,Kalinina A.,Marcinko P.,,,hc,-5.00,home,ft,2.353,6
0bzYOcUh,Kalinina A.,Marcinko P.,,,hc,-5.00,away,ft,1.558,6
0bzYOcUh,Kalinina A.,Marcinko P.,,,hc,-5.50,home,ft,2.576,8
0bzYOcUh,Kalinina A.,Marcinko P.,,,hc,-5.50,away,ft,1.461,8
0bzYOcUh,Kalinina A.,Marcinko P.,,,hc,-6.00,home,ft,3.2,3
0bzYOcUh,Kalinina A.,Marcinko P.,,,hc,-6.00,away,ft,1.31,3
0bzYOcUh,Kalinina A.,Marcinko P.,,,hc,-6.50,home,ft,3.48,4
0bzYOcUh,Kalinina A.,Marcinko P.,,,hc,-6.50,away,ft,1.268,4
0bzYOcUh,Kalinina A.,Marcinko P.,,,hc,-7.00,home,ft,5.2,3
0bzYOcUh,Kalinina A.,Marcinko P.,,,hc,-7.00,away,ft,1.13,3
0bzYOcUh,Kalinina A.,Marcinko P.,,,hc,-7.50,home,ft,5.698,6
0bzYOcUh,Kalinina A.,Marcinko P.,,,hc,-7.50,away,ft,1.118,6
CA9Qv4hB,Teichmann J.,Marcinko P.,0,0,ou,2.50,over,ft,2.578,5
CA9Qv4hB,Teichmann J.,Marcinko P.,0,0,ou,2.50,under,ft,1.476,5
CA9Qv4hB,Teichmann J.,Marcinko P.,0,0,ou,14.50,over,ft,1.03,1
CA9Qv4hB,Teichmann J.,Marcinko P.,0,0,ou,14.50,under,ft,8.49,1
CA9Qv4hB,Teichmann J.,Marcinko P.,0,0,ou,15.50,over,ft,1.09,1
CA9Qv4hB,Teichmann J.,Marcinko P.,0,0,ou,15.50,under,ft,5.86,1
CA9Qv4hB,Teichmann J.,Marcinko P.,0,0,ou,16.50,over,ft,1.135,4
CA9Qv4hB,Teichmann J.,Marcinko P.,0,0,ou,16.50,under,ft,5.377,4
CA9Qv4hB,Teichmann J.,Marcinko P.,0,0,ou,17.50,over,ft,1.268,4
CA9Qv4hB,Teichmann J.,Marcinko P.,0,0,ou,17.50,under,ft,3.2,4
CA9Qv4hB,Teichmann J.,Marcinko P.,0,0,ou,18.00,over,ft,1.31,4
CA9Qv4hB,Teichmann J.,Marcinko P.,0,0,ou,18.00,under,ft,2.98,4
CA9Qv4hB,Teichmann J.,Marcinko P.,0,0,ou,18.50,over,ft,1.431,8
CA9Qv4hB,Teichmann J.,Marcinko P.,0,0,ou,18.50,under,ft,2.629,8
CA9Qv4hB,Teichmann J.,Marcinko P.,0,0,ou,19.00,over,ft,1.5,4
CA9Qv4hB,Teichmann J.,Marcinko P.,0,0,ou,19.00,under,ft,2.382,4
CA9Qv4hB,Teichmann J.,Marcinko P.,0,0,ou,19.50,over,ft,1.629,10
CA9Qv4hB,Teichmann J.,Marcinko P.,0,0,ou,19.50,under,ft,2.173,10
CA9Qv4hB,Teichmann J.,Marcinko P.,0,0,ou,20.00,over,ft,1.731,7
CA9Qv4hB,Teichmann J.,Marcinko P.,0,0,ou,20.00,under,ft,2.041,7
CA9Qv4hB,Teichmann J.,Marcinko P.,0,0,ou,20.50,over,ft,1.889,10
CA9Qv4hB,Teichmann J.,Marcinko P.,0,0,ou,20.50,under,ft,1.871,10
CA9Qv4hB,Teichmann J.,Marcinko P.,0,0,ou,21.00,over,ft,1.947,7
CA9Qv4hB,Teichmann J.,Marcinko P.,0,0,ou,21.00,under,ft,1.803,7
CA9Qv4hB,Teichmann J.,Marcinko P.,0,0,ou,21.50,over,ft,2.042,10
CA9Qv4hB,Teichmann J.,Marcinko P.,0,0,ou,21.50,under,ft,1.716,10
CA9Qv4hB,Teichmann J.,Marcinko P.,0,0,ou,22.00,over,ft,2.153,7
CA9Qv4hB,Teichmann J.,Marcinko P.,0,0,ou,22.00,under,ft,1.633,7
CA9Qv4hB,Teichmann J.,Marcinko P.,0,0,ou,22.50,over,ft,2.286,9
CA9Qv4hB,Teichmann J.,Marcinko P.,0,0,ou,22.50,under,ft,1.553,9
CA9Qv4hB,Teichmann J.,Marcinko P.,0,0,ou,23.00,over,ft,2.362,4
CA9Qv4hB,Teichmann J.,Marcinko P.,0,0,ou,23.00,under,ft,1.482,4
CA9Qv4hB,Teichmann J.,Marcinko P.,0,0,ou,23.50,over,ft,2.428,4
CA9Qv4hB,Teichmann J.,Marcinko P.,0,0,ou,23.50,under,ft,1.448,4
CA9Qv4hB,Teichmann J.,Marcinko P.,0,0,ou,24.00,over,ft,2.59,1
CA9Qv4hB,Teichmann J.,Marcinko P.,0,0,ou,24.00,under,ft,1.43,1
CA9Qv4hB,Teichmann J.,Marcinko P.,0,0,ou,24.50,over,ft,2.705,4
CA9Qv4hB,Teichmann J.,Marcinko P.,0,0,ou,24.50,under,ft,1.43,4
CA9Qv4hB,Teichmann J.,Marcinko P.,0,0,ou,25.50,over,ft,2.94,1
CA9Qv4hB,Teichmann J.,Marcinko P.,0,0,ou,25.50,under,ft,1.34,1
CA9Qv4hB,Teichmann J.,Marcinko P.,0,0,ou,26.50,over,ft,3.32,1
CA9Qv4hB,Teichmann J.,Marcinko P.,0,0,ou,26.50,under,ft,1.27,1
CA9Qv4hB,Teichmann J.,Marcinko P.,0,0,ou,27.50,over,ft,3.67,1
CA9Qv4hB,Teichmann J.,Marcinko P.,0,0,ou,27.50,under,ft,1.23,1
CA9Qv4hB,Teichmann J.,Marcinko P.,0,0,ou,28.50,over,ft,4.24,1
CA9Qv4hB,Teichmann J.,Marcinko P.,0,0,ou,28.50,under,ft,1.17,1
CA9Qv4hB,Teichmann J.,Marcinko P.,0,0,ou,29.50,over,ft,5.02,1
CA9Qv4hB,Teichmann J.,Marcinko P.,0,0,ou,29.50,under,ft,1.13,1
CA9Qv4hB,Teichmann J.,Marcinko P.,0,0,ou,30.50,over,ft,5.99,1
CA9Qv4hB,Teichmann J.,Marcinko P.,0,0,ou,30.50,under,ft,1.09,1
CA9Qv4hB,Teichmann J.,Marcinko P.,0,0,ou,31.50,over,ft,7.23,1
CA9Qv4hB,Teichmann J.,Marcinko P.,0,0,ou,31.50,under,ft,1.05,1
CA9Qv4hB,Teichmann J.,Marcinko P.,0,0,ou,32.50,over,ft,8.79,1
CA9Qv4hB,Teichmann J.,Marcinko P.,0,0,ou,32.50,under,ft,1.03,1
CA9Qv4hB,Teichmann J.,Marcinko P.,0,0,ou,33.50,over,ft,9.93,1
CA9Qv4hB,Teichmann J.,Marcinko P.,0,0,hc,1.50,home,ft,1.709,9
CA9Qv4hB,Teichmann J.,Marcinko P.,0,0,hc,1.50,away,ft,2.064,9
CA9Qv4hB,Teichmann J.,Marcinko P.,0,0,hc,-1.50,home,ft,4.476,7
CA9Qv4hB,Teichmann J.,Marcinko P.,0,0,hc,-1.50,away,ft,1.189,7
CA9Qv4hB,Teichmann J.,Marcinko P.,0,0,hc,0,home,ft,2.32,3
CA9Qv4hB,Teichmann J.,Marcinko P.,0,0,hc,0,away,ft,1.55,3
CA9Qv4hB,Teichmann J.,Marcinko P.,0,0,hc,0.50,home,ft,2.587,4
CA9Qv4hB,Teichmann J.,Marcinko P.,0,0,hc,0.50,away,ft,1.448,4
CA9Qv4hB,Teichmann J.,Marcinko P.,0,0,hc,-0.50,home,ft,2.39,3
CA9Qv4hB,Teichmann J.,Marcinko P.,0,0,hc,-0.50,away,ft,1.52,3
CA9Qv4hB,Teichmann J.,Marcinko P.,0,0,hc,1.00,home,ft,2.53,3
CA9Qv4hB,Teichmann J.,Marcinko P.,0,0,hc,1.00,away,ft,1.47,3
CA9Qv4hB,Teichmann J.,Marcinko P.,0,0,hc,1.50,home,ft,2.437,7
CA9Qv4hB,Teichmann J.,Marcinko P.,0,0,hc,1.50,away,ft,1.511,7
CA9Qv4hB,Teichmann J.,Marcinko P.,0,0,hc,-1.50,home,ft,3.09,3
CA9Qv4hB,Teichmann J.,Marcinko P.,0,0,hc,-1.50,away,ft,1.35,3
CA9Qv4hB,Teichmann J.,Marcinko P.,0,0,hc,2.00,home,ft,2.268,4
CA9Qv4hB,Teichmann J.,Marcinko P.,0,0,hc,2.00,away,ft,1.587,4
CA9Qv4hB,Teichmann J.,Marcinko P.,0,0,hc,2.50,home,ft,2.153,9
CA9Qv4hB,Teichmann J.,Marcinko P.,0,0,hc,2.50,away,ft,1.647,9
CA9Qv4hB,Teichmann J.,Marcinko P.,0,0,hc,3.00,home,ft,2.128,6
CA9Qv4hB,Teichmann J.,Marcinko P.,0,0,hc,3.00,away,ft,1.682,6
CA9Qv4hB,Teichmann J.,Marcinko P.,0,0,hc,3.50,home,ft,2.034,8
CA9Qv4hB,Teichmann J.,Marcinko P.,0,0,hc,3.50,away,ft,1.755,8
CA9Qv4hB,Teichmann J.,Marcinko P.,0,0,hc,4.00,home,ft,1.828,6
CA9Qv4hB,Teichmann J.,Marcinko P.,0,0,hc,4.00,away,ft,1.925,6
CA9Qv4hB,Teichmann J.,Marcinko P.,0,0,hc,4.50,home,ft,1.69,8
CA9Qv4hB,Teichmann J.,Marcinko P.,0,0,hc,4.50,away,ft,2.098,8
CA9Qv4hB,Teichmann J.,Marcinko P.,0,0,hc,5.00,home,ft,1.527,6
CA9Qv4hB,Teichmann J.,Marcinko P.,0,0,hc,5.00,away,ft,2.437,6
CA9Qv4hB,Teichmann J.,Marcinko P.,0,0,hc,5.50,home,ft,1.433,7
CA9Qv4hB,Teichmann J.,Marcinko P.,0,0,hc,5.50,away,ft,2.677,7
CA9Qv4hB,Teichmann J.,Marcinko P.,0,0,hc,6.00,home,ft,1.29,3
CA9Qv4hB,Teichmann J.,Marcinko P.,0,0,hc,6.00,away,ft,3.32,3
CA9Qv4hB,Teichmann J.,Marcinko P.,0,0,hc,6.50,home,ft,1.25,3
CA9Qv4hB,Teichmann J.,Marcinko P.,0,0,hc,6.50,away,ft,3.62,3
dM9JuRQi,Udvardy P.,Kalinina A.,0,0,ou,2.50,over,ft,2.558,5
dM9JuRQi,Udvardy P.,Kalinina A.,0,0,ou,2.50,under,ft,1.484,5
dM9JuRQi,Udvardy P.,Kalinina A.,0,0,ou,14.50,over,ft,1.04,1
dM9JuRQi,Udvardy P.,Kalinina A.,0,0,ou,14.50,under,ft,7.8,1
dM9JuRQi,Udvardy P.,Kalinina A.,0,0,ou,15.50,over,ft,1.1,1
dM9JuRQi,Udvardy P.,Kalinina A.,0,0,ou,15.50,under,ft,5.44,1
dM9JuRQi,Udvardy P.,Kalinina A.,0,0,ou,16.50,over,ft,1.152,4
dM9JuRQi,Udvardy P.,Kalinina A.,0,0,ou,16.50,under,ft,5.03,4
dM9JuRQi,Udvardy P.,Kalinina A.,0,0,ou,17.50,over,ft,1.302,4
dM9JuRQi,Udvardy P.,Kalinina A.,0,0,ou,17.50,under,ft,2.998,4
dM9JuRQi,Udvardy P.,Kalinina A.,0,0,ou,18.00,over,ft,1.36,4
dM9JuRQi,Udvardy P.,Kalinina A.,0,0,ou,18.00,under,ft,2.765,4
dM9JuRQi,Udvardy P.,Kalinina A.,0,0,ou,18.50,over,ft,1.468,8
dM9JuRQi,Udvardy P.,Kalinina A.,0,0,ou,18.50,under,ft,2.52,8
dM9JuRQi,Udvardy P.,Kalinina A.,0,0,ou,19.00,over,ft,1.57,7
dM9JuRQi,Udvardy P.,Kalinina A.,0,0,ou,19.00,under,ft,2.264,7
dM9JuRQi,Udvardy P.,Kalinina A.,0,0,ou,19.50,over,ft,1.662,10
dM9JuRQi,Udvardy P.,Kalinina A.,0,0,ou,19.50,under,ft,2.116,10
dM9JuRQi,Udvardy P.,Kalinina A.,0,0,ou,20.00,over,ft,1.769,7
dM9JuRQi,Udvardy P.,Kalinina A.,0,0,ou,20.00,under,ft,1.994,7
dM9JuRQi,Udvardy P.,Kalinina A.,0,0,ou,20.50,over,ft,1.901,10
dM9JuRQi,Udvardy P.,Kalinina A.,0,0,ou,20.50,under,ft,1.86,10
dM9JuRQi,Udvardy P.,Kalinina A.,0,0,ou,21.00,over,ft,1.989,7
dM9JuRQi,Udvardy P.,Kalinina A.,0,0,ou,21.00,under,ft,1.771,7
dM9JuRQi,Udvardy P.,Kalinina A.,0,0,ou,21.50,over,ft,2.069,10
dM9JuRQi,Udvardy P.,Kalinina A.,0,0,ou,21.50,under,ft,1.696,10
dM9JuRQi,Udvardy P.,Kalinina A.,0,0,ou,22.00,over,ft,2.23,5
dM9JuRQi,Udvardy P.,Kalinina A.,0,0,ou,22.00,under,ft,1.58,5
dM9JuRQi,Udvardy P.,Kalinina A.,0,0,ou,22.50,over,ft,2.319,9
dM9JuRQi,Udvardy P.,Kalinina A.,0,0,ou,22.50,under,ft,1.537,9
dM9JuRQi,Udvardy P.,Kalinina A.,0,0,ou,23.00,over,ft,2.473,4
dM9JuRQi,Udvardy P.,Kalinina A.,0,0,ou,23.00,under,ft,1.442,4
dM9JuRQi,Udvardy P.,Kalinina A.,0,0,ou,23.50,over,ft,2.522,4
dM9JuRQi,Udvardy P.,Kalinina A.,0,0,ou,23.50,under,ft,1.42,4
dM9JuRQi,Udvardy P.,Kalinina A.,0,0,ou,24.00,over,ft,2.64,1
dM9JuRQi,Udvardy P.,Kalinina A.,0,0,ou,24.00,under,ft,1.41,1
dM9JuRQi,Udvardy P.,Kalinina A.,0,0,ou,24.50,over,ft,2.731,7
dM9JuRQi,Udvardy P.,Kalinina A.,0,0,ou,24.50,under,ft,1.423,7
dM9JuRQi,Udvardy P.,Kalinina A.,0,0,ou,25.50,over,ft,3.112,4
dM9JuRQi,Udvardy P.,Kalinina A.,0,0,ou,25.50,under,ft,1.335,4
dM9JuRQi,Udvardy P.,Kalinina A.,0,0,ou,26.50,over,ft,3.42,1
dM9JuRQi,Udvardy P.,Kalinina A.,0,0,ou,26.50,under,ft,1.26,1
dM9JuRQi,Udvardy P.,Kalinina A.,0,0,ou,27.50,over,ft,3.79,1
dM9JuRQi,Udvardy P.,Kalinina A.,0,0,ou,27.50,under,ft,1.21,1
dM9JuRQi,Udvardy P.,Kalinina A.,0,0,ou,28.50,over,ft,4.38,1
dM9JuRQi,Udvardy P.,Kalinina A.,0,0,ou,28.50,under,ft,1.16,1
dM9JuRQi,Udvardy P.,Kalinina A.,0,0,ou,29.50,over,ft,5.22,1
dM9JuRQi,Udvardy P.,Kalinina A.,0,0,ou,29.50,under,ft,1.12,1
dM9JuRQi,Udvardy P.,Kalinina A.,0,0,ou,30.50,over,ft,6.21,1
dM9JuRQi,Udvardy P.,Kalinina A.,0,0,ou,30.50,under,ft,1.08,1
dM9JuRQi,Udvardy P.,Kalinina A.,0,0,ou,31.50,over,ft,7.46,1
dM9JuRQi,Udvardy P.,Kalinina A.,0,0,ou,31.50,under,ft,1.05,1
dM9JuRQi,Udvardy P.,Kalinina A.,0,0,ou,32.50,over,ft,8.79,1
dM9JuRQi,Udvardy P.,Kalinina A.,0,0,ou,32.50,under,ft,1.03,1
dM9JuRQi,Udvardy P.,Kalinina A.,0,0,ou,33.50,over,ft,10.15,1
dM9JuRQi,Udvardy P.,Kalinina A.,0,0,hc,1.50,home,ft,1.761,9
dM9JuRQi,Udvardy P.,Kalinina A.,0,0,hc,1.50,away,ft,1.993,9
dM9JuRQi,Udvardy P.,Kalinina A.,0,0,hc,-1.50,home,ft,4.8,7
dM9JuRQi,Udvardy P.,Kalinina A.,0,0,hc,-1.50,away,ft,1.167,7
dM9JuRQi,Udvardy P.,Kalinina A.,0,0,hc,0.50,home,ft,2.78,1
dM9JuRQi,Udvardy P.,Kalinina A.,0,0,hc,0.50,away,ft,1.39,1
dM9JuRQi,Udvardy P.,Kalinina A.,0,0,hc,1.50,home,ft,2.576,7
dM9JuRQi,Udvardy P.,Kalinina A.,0,0,hc,1.50,away,ft,1.466,7
dM9JuRQi,Udvardy P.,Kalinina A.,0,0,hc,-1.50,home,ft,3.363,3
dM9JuRQi,Udvardy P.,Kalinina A.,0,0,hc,-1.50,away,ft,1.303,3
dM9JuRQi,Udvardy P.,Kalinina A.,0,0,hc,2.00,home,ft,2.42,3
dM9JuRQi,Udvardy P.,Kalinina A.,0,0,hc,2.00,away,ft,1.51,3
dM9JuRQi,Udvardy P.,Kalinina A.,0,0,hc,2.50,home,ft,2.325,4
dM9JuRQi,Udvardy P.,Kalinina A.,0,0,hc,2.50,away,ft,1.548,4
dM9JuRQi,Udvardy P.,Kalinina A.,0,0,hc,3.00,home,ft,2.215,6
dM9JuRQi,Udvardy P.,Kalinina A.,0,0,hc,3.00,away,ft,1.63,6
dM9JuRQi,Udvardy P.,Kalinina A.,0,0,hc,3.50,home,ft,2.068,9
dM9JuRQi,Udvardy P.,Kalinina A.,0,0,hc,3.50,away,ft,1.699,9
dM9JuRQi,Udvardy P.,Kalinina A.,0,0,hc,4.00,home,ft,1.887,6
dM9JuRQi,Udvardy P.,Kalinina A.,0,0,hc,4.00,away,ft,1.868,6
dM9JuRQi,Udvardy P.,Kalinina A.,0,0,hc,4.50,home,ft,1.789,8
dM9JuRQi,Udvardy P.,Kalinina A.,0,0,hc,4.50,away,ft,2.002,8
dM9JuRQi,Udvardy P.,Kalinina A.,0,0,hc,5.00,home,ft,1.59,6
dM9JuRQi,Udvardy P.,Kalinina A.,0,0,hc,5.00,away,ft,2.29,6
dM9JuRQi,Udvardy P.,Kalinina A.,0,0,hc,5.50,home,ft,1.494,8
dM9JuRQi,Udvardy P.,Kalinina A.,0,0,hc,5.50,away,ft,2.487,8
dM9JuRQi,Udvardy P.,Kalinina A.,0,0,hc,6.00,home,ft,1.35,3
dM9JuRQi,Udvardy P.,Kalinina A.,0,0,hc,6.00,away,ft,2.98,3
dM9JuRQi,Udvardy P.,Kalinina A.,0,0,hc,6.50,home,ft,1.29,4
dM9JuRQi,Udvardy P.,Kalinina A.,0,0,hc,6.50,away,ft,3.315,4
dM9JuRQi,Udvardy P.,Kalinina A.,0,0,hc,7.00,home,ft,1.17,3
dM9JuRQi,Udvardy P.,Kalinina A.,0,0,hc,7.00,away,ft,4.6,3
dM9JuRQi,Udvardy P.,Kalinina A.,0,0,hc,7.50,home,ft,1.135,6
dM9JuRQi,Udvardy P.,Kalinina A.,0,0,hc,7.50,away,ft,5.347,6
SbRgNAL0,Teichmann J.,Kabbaj Y.,2,2,ou,2.50,over,ft,2.926,5
SbRgNAL0,Teichmann J.,Kabbaj Y.,2,2,ou,2.50,under,ft,1.378,5
SbRgNAL0,Teichmann J.,Kabbaj Y.,2,2,ou,13.50,under,ft,9.88,1
SbRgNAL0,Teichmann J.,Kabbaj Y.,2,2,ou,14.50,over,ft,1.06,1
SbRgNAL0,Teichmann J.,Kabbaj Y.,2,2,ou,14.50,under,ft,6.9,1
SbRgNAL0,Teichmann J.,Kabbaj Y.,2,2,ou,15.50,over,ft,1.12,1
SbRgNAL0,Teichmann J.,Kabbaj Y.,2,2,ou,15.50,under,ft,5.08,1
SbRgNAL0,Teichmann J.,Kabbaj Y.,2,2,ou,16.50,over,ft,1.259,8
SbRgNAL0,Teichmann J.,Kabbaj Y.,2,2,ou,16.50,under,ft,3.635,8
SbRgNAL0,Teichmann J.,Kabbaj Y.,2,2,ou,17.00,over,ft,1.258,4
SbRgNAL0,Teichmann J.,Kabbaj Y.,2,2,ou,17.00,under,ft,3.312,4
SbRgNAL0,Teichmann J.,Kabbaj Y.,2,2,ou,17.50,over,ft,1.415,6
SbRgNAL0,Teichmann J.,Kabbaj Y.,2,2,ou,17.50,under,ft,2.648,6
SbRgNAL0,Teichmann J.,Kabbaj Y.,2,2,ou,18.00,over,ft,1.47,4
SbRgNAL0,Teichmann J.,Kabbaj Y.,2,2,ou,18.00,under,ft,2.462,4
SbRgNAL0,Teichmann J.,Kabbaj Y.,2,2,ou,18.50,over,ft,1.633,10
SbRgNAL0,Teichmann J.,Kabbaj Y.,2,2,ou,18.50,under,ft,2.151,10
SbRgNAL0,Teichmann J.,Kabbaj Y.,2,2,ou,19.00,over,ft,1.72,7
SbRgNAL0,Teichmann J.,Kabbaj Y.,2,2,ou,19.00,under,ft,2.053,7
SbRgNAL0,Teichmann J.,Kabbaj Y.,2,2,ou,19.50,over,ft,1.912,10
SbRgNAL0,Teichmann J.,Kabbaj Y.,2,2,ou,19.50,under,ft,1.837,10
SbRgNAL0,Teichmann J.,Kabbaj Y.,2,2,ou,20.00,over,ft,1.976,7
SbRgNAL0,Teichmann J.,Kabbaj Y.,2,2,ou,20.00,under,ft,1.774,7
SbRgNAL0,Teichmann J.,Kabbaj Y.,2,2,ou,20.50,over,ft,2.116,10
SbRgNAL0,Teichmann J.,Kabbaj Y.,2,2,ou,20.50,under,ft,1.65,10
SbRgNAL0,Teichmann J.,Kabbaj Y.,2,2,ou,21.00,over,ft,2.192,4
SbRgNAL0,Teichmann J.,Kabbaj Y.,2,2,ou,21.00,under,ft,1.585,4
SbRgNAL0,Teichmann J.,Kabbaj Y.,2,2,ou,21.50,over,ft,2.335,6
SbRgNAL0,Teichmann J.,Kabbaj Y.,2,2,ou,21.50,under,ft,1.523,6
SbRgNAL0,Teichmann J.,Kabbaj Y.,2,2,ou,22.00,over,ft,2.458,4
SbRgNAL0,Teichmann J.,Kabbaj Y.,2,2,ou,22.00,under,ft,1.448,4
SbRgNAL0,Teichmann J.,Kabbaj Y.,2,2,ou,22.50,over,ft,2.789,7
SbRgNAL0,Teichmann J.,Kabbaj Y.,2,2,ou,22.50,under,ft,1.404,7
SbRgNAL0,Teichmann J.,Kabbaj Y.,2,2,ou,23.50,over,ft,3.124,5
SbRgNAL0,Teichmann J.,Kabbaj Y.,2,2,ou,23.50,under,ft,1.326,5
SbRgNAL0,Teichmann J.,Kabbaj Y.,2,2,ou,24.50,over,ft,3.307,7
SbRgNAL0,Teichmann J.,Kabbaj Y.,2,2,ou,24.50,under,ft,1.307,7
SbRgNAL0,Teichmann J.,Kabbaj Y.,2,2,ou,25.50,over,ft,3.302,4
SbRgNAL0,Teichmann J.,Kabbaj Y.,2,2,ou,25.50,under,ft,1.3,4
SbRgNAL0,Teichmann J.,Kabbaj Y.,2,2,ou,26.50,over,ft,3.63,1
SbRgNAL0,Teichmann J.,Kabbaj Y.,2,2,ou,26.50,under,ft,1.23,1
SbRgNAL0,Teichmann J.,Kabbaj Y.,2,2,ou,27.50,over,ft,4.06,1
SbRgNAL0,Teichmann J.,Kabbaj Y.,2,2,ou,27.50,under,ft,1.19,1
SbRgNAL0,Teichmann J.,Kabbaj Y.,2,2,ou,28.50,over,ft,4.64,1
SbRgNAL0,Teichmann J.,Kabbaj Y.,2,2,ou,28.50,under,ft,1.15,1
SbRgNAL0,Teichmann J.,Kabbaj Y.,2,2,ou,29.50,over,ft,5.31,1
SbRgNAL0,Teichmann J.,Kabbaj Y.,2,2,ou,29.50,under,ft,1.11,1
SbRgNAL0,Teichmann J.,Kabbaj Y.,2,2,ou,30.50,over,ft,6.36,1
SbRgNAL0,Teichmann J.,Kabbaj Y.,2,2,ou,30.50,under,ft,1.08,1
SbRgNAL0,Teichmann J.,Kabbaj Y.,2,2,ou,31.50,over,ft,7.65,1
SbRgNAL0,Teichmann J.,Kabbaj Y.,2,2,ou,31.50,under,ft,1.05,1
SbRgNAL0,Teichmann J.,Kabbaj Y.,2,2,ou,32.50,over,ft,8.93,1
SbRgNAL0,Teichmann J.,Kabbaj Y.,2,2,ou,32.50,under,ft,1.03,1
SbRgNAL0,Teichmann J.,Kabbaj Y.,2,2,hc,1.50,home,ft,1.087,7
SbRgNAL0,Teichmann J.,Kabbaj Y.,2,2,hc,1.50,away,ft,6.706,7
SbRgNAL0,Teichmann J.,Kabbaj Y.,2,2,hc,-1.50,home,ft,1.634,9
SbRgNAL0,Teichmann J.,Kabbaj Y.,2,2,hc,-1.50,away,ft,2.171,9
SbRgNAL0,Teichmann J.,Kabbaj Y.,2,2,hc,-1.50,home,ft,1.263,3
SbRgNAL0,Teichmann J.,Kabbaj Y.,2,2,hc,-1.50,away,ft,3.65,3
SbRgNAL0,Teichmann J.,Kabbaj Y.,2,2,hc,-2.00,home,ft,1.38,3
SbRgNAL0,Teichmann J.,Kabbaj Y.,2,2,hc,-2.00,away,ft,2.9,3
SbRgNAL0,Teichmann J.,Kabbaj Y.,2,2,hc,-2.50,home,ft,1.374,5
SbRgNAL0,Teichmann J.,Kabbaj Y.,2,2,hc,-2.50,away,ft,2.92,5
SbRgNAL0,Teichmann J.,Kabbaj Y.,2,2,hc,-3.00,home,ft,1.37,3
SbRgNAL0,Teichmann J.,Kabbaj Y.,2,2,hc,-3.00,away,ft,2.89,3
SbRgNAL0,Teichmann J.,Kabbaj Y.,2,2,hc,-3.50,home,ft,1.417,7
SbRgNAL0,Teichmann J.,Kabbaj Y.,2,2,hc,-3.50,away,ft,2.713,7
SbRgNAL0,Teichmann J.,Kabbaj Y.,2,2,hc,-4.00,home,ft,1.508,6
SbRgNAL0,Teichmann J.,Kabbaj Y.,2,2,hc,-4.00,away,ft,2.48,6
SbRgNAL0,Teichmann J.,Kabbaj Y.,2,2,hc,-4.50,home,ft,1.62,8
SbRgNAL0,Teichmann J.,Kabbaj Y.,2,2,hc,-4.50,away,ft,2.191,8
SbRgNAL0,Teichmann J.,Kabbaj Y.,2,2,hc,-5.00,home,ft,1.783,6
SbRgNAL0,Teichmann J.,Kabbaj Y.,2,2,hc,-5.00,away,ft,1.977,6
SbRgNAL0,Teichmann J.,Kabbaj Y.,2,2,hc,-5.50,home,ft,1.9,8
SbRgNAL0,Teichmann J.,Kabbaj Y.,2,2,hc,-5.50,away,ft,1.85,8
SbRgNAL0,Teichmann J.,Kabbaj Y.,2,2,hc,-6.00,home,ft,2.32,6
SbRgNAL0,Teichmann J.,Kabbaj Y.,2,2,hc,-6.00,away,ft,1.573,6
SbRgNAL0,Teichmann J.,Kabbaj Y.,2,2,hc,-6.50,home,ft,2.591,8
SbRgNAL0,Teichmann J.,Kabbaj Y.,2,2,hc,-6.50,away,ft,1.455,8
SbRgNAL0,Teichmann J.,Kabbaj Y.,2,2,hc,-7.00,home,ft,3.4,3
SbRgNAL0,Teichmann J.,Kabbaj Y.,2,2,hc,-7.00,away,ft,1.28,3
SbRgNAL0,Teichmann J.,Kabbaj Y.,2,2,hc,-7.50,home,ft,3.796,7
SbRgNAL0,Teichmann J.,Kabbaj Y.,2,2,hc,-7.50,away,ft,1.233,7
SbRgNAL0,Teichmann J.,Kabbaj Y.,2,2,hc,-8.00,home,ft,5.733,3
SbRgNAL0,Teichmann J.,Kabbaj Y.,2,2,hc,-8.00,away,ft,1.11,3
27rejxm3,Kalinina A.,Bondar A.,2,2,ou,2.50,over,ft,2.324,5
27rejxm3,Kalinina A.,Bondar A.,2,2,ou,2.50,under,ft,1.572,5
27rejxm3,Kalinina A.,Bondar A.,2,2,ou,14.50,over,ft,1.02,1
27rejxm3,Kalinina A.,Bondar A.,2,2,ou,14.50,under,ft,9.41,1
27rejxm3,Kalinina A.,Bondar A.,2,2,ou,15.50,over,ft,1.06,1
27rejxm3,Kalinina A.,Bondar A.,2,2,ou,15.50,under,ft,6.83,1
27rejxm3,Kalinina A.,Bondar A.,2,2,ou,16.50,over,ft,1.14,1
27rejxm3,Kalinina A.,Bondar A.,2,2,ou,16.50,under,ft,4.81,1
27rejxm3,Kalinina A.,Bondar A.,2,2,ou,17.50,over,ft,1.23,1
27rejxm3,Kalinina A.,Bondar A.,2,2,ou,17.50,under,ft,3.67,1
27rejxm3,Kalinina A.,Bondar A.,2,2,ou,18.50,over,ft,1.348,5
27rejxm3,Kalinina A.,Bondar A.,2,2,ou,18.50,under,ft,3.038,5
27rejxm3,Kalinina A.,Bondar A.,2,2,ou,19.00,over,ft,1.373,4
27rejxm3,Kalinina A.,Bondar A.,2,2,ou,19.00,under,ft,2.715,4
27rejxm3,Kalinina A.,Bondar A.,2,2,ou,19.50,over,ft,1.496,5
27rejxm3,Kalinina A.,Bondar A.,2,2,ou,19.50,under,ft,2.38,5
27rejxm3,Kalinina A.,Bondar A.,2,2,ou,20.00,over,ft,1.56,4
27rejxm3,Kalinina A.,Bondar A.,2,2,ou,20.00,under,ft,2.238,4
27rejxm3,Kalinina A.,Bondar A.,2,2,ou,20.50,over,ft,1.678,10
27rejxm3,Kalinina A.,Bondar A.,2,2,ou,20.50,under,ft,2.081,10
27rejxm3,Kalinina A.,Bondar A.,2,2,ou,21.00,over,ft,1.76,7
27rejxm3,Kalinina A.,Bondar A.,2,2,ou,21.00,under,ft,1.991,7
27rejxm3,Kalinina A.,Bondar A.,2,2,ou,21.50,over,ft,1.87,10
27rejxm3,Kalinina A.,Bondar A.,2,2,ou,21.50,under,ft,1.864,10
27rejxm3,Kalinina A.,Bondar A.,2,2,ou,22.00,over,ft,1.97,7
27rejxm3,Kalinina A.,Bondar A.,2,2,ou,22.00,under,ft,1.777,7
27rejxm3,Kalinina A.,Bondar A.,2,2,ou,22.50,over,ft,2.095,10
27rejxm3,Kalinina A.,Bondar A.,2,2,ou,22.50,under,ft,1.664,10
27rejxm3,Kalinina A.,Bondar A.,2,2,ou,23.00,over,ft,2.14,5
27rejxm3,Kalinina A.,Bondar A.,2,2,ou,23.00,under,ft,1.612,5
27rejxm3,Kalinina A.,Bondar A.,2,2,ou,23.50,over,ft,2.276,5
27rejxm3,Kalinina A.,Bondar A.,2,2,ou,23.50,under,ft,1.538,5
27rejxm3,Kalinina A.,Bondar A.,2,2,ou,24.00,over,ft,2.32,4
27rejxm3,Kalinina A.,Bondar A.,2,2,ou,24.00,under,ft,1.5,4
27rejxm3,Kalinina A.,Bondar A.,2,2,ou,24.50,over,ft,2.41,4
27rejxm3,Kalinina A.,Bondar A.,2,2,ou,24.50,under,ft,1.525,4
27rejxm3,Kalinina A.,Bondar A.,2,2,ou,25.50,over,ft,2.7,1
27rejxm3,Kalinina A.,Bondar A.,2,2,ou,25.50,under,ft,1.4,1
27rejxm3,Kalinina A.,Bondar A.,2,2,ou,26.50,over,ft,3.022,4
27rejxm3,Kalinina A.,Bondar A.,2,2,ou,26.50,under,ft,1.35,4
27rejxm3,Kalinina A.,Bondar A.,2,2,ou,27.50,over,ft,3.51,1
27rejxm3,Kalinina A.,Bondar A.,2,2,ou,27.50,under,ft,1.25,1
27rejxm3,Kalinina A.,Bondar A.,2,2,ou,28.50,over,ft,4.13,1
27rejxm3,Kalinina A.,Bondar A.,2,2,ou,28.50,under,ft,1.18,1
27rejxm3,Kalinina A.,Bondar A.,2,2,ou,29.50,over,ft,4.91,1
27rejxm3,Kalinina A.,Bondar A.,2,2,ou,29.50,under,ft,1.13,1
27rejxm3,Kalinina A.,Bondar A.,2,2,ou,30.50,over,ft,5.98,1
27rejxm3,Kalinina A.,Bondar A.,2,2,ou,30.50,under,ft,1.09,1
27rejxm3,Kalinina A.,Bondar A.,2,2,ou,31.50,over,ft,7.21,1
27rejxm3,Kalinina A.,Bondar A.,2,2,ou,31.50,under,ft,1.05,1
27rejxm3,Kalinina A.,Bondar A.,2,2,ou,32.50,over,ft,8.76,1
27rejxm3,Kalinina A.,Bondar A.,2,2,ou,32.50,under,ft,1.03,1
27rejxm3,Kalinina A.,Bondar A.,2,2,ou,33.50,over,ft,9.93,1
27rejxm3,Kalinina A.,Bondar A.,2,2,hc,1.50,home,ft,1.307,7
27rejxm3,Kalinina A.,Bondar A.,2,2,hc,1.50,away,ft,3.309,7
27rejxm3,Kalinina A.,Bondar A.,2,2,hc,-1.50,home,ft,2.711,9
27rejxm3,Kalinina A.,Bondar A.,2,2,hc,-1.50,away,ft,1.427,9
27rejxm3,Kalinina A.,Bondar A.,2,2,hc,0,home,ft,1.747,6
27rejxm3,Kalinina A.,Bondar A.,2,2,hc,0,away,ft,2.027,6
27rejxm3,Kalinina A.,Bondar A.,2,2,hc,0.50,home,ft,1.695,4
27rejxm3,Kalinina A.,Bondar A.,2,2,hc,0.50,away,ft,2.052,4
27rejxm3,Kalinina A.,Bondar A.,2,2,hc,-0.50,home,ft,1.801,8
27rejxm3,Kalinina A.,Bondar A.,2,2,hc,-0.50,away,ft,1.944,8
27rejxm3,Kalinina A.,Bondar A.,2,2,hc,1.00,home,ft,1.64,3
27rejxm3,Kalinina A.,Bondar A.,2,2,hc,1.00,away,ft,2.15,3
27rejxm3,Kalinina A.,Bondar A.,2,2,hc,-1.00,home,ft,1.857,6
27rejxm3,Kalinina A.,Bondar A.,2,2,hc,-1.00,away,ft,1.893,6
27rejxm3,Kalinina A.,Bondar A.,2,2,hc,1.50,home,ft,1.574,7
27rejxm3,Kalinina A.,Bondar A.,2,2,hc,1.50,away,ft,2.294,7
27rejxm3,Kalinina A.,Bondar A.,2,2,hc,-1.50,home,ft,1.875,8
27rejxm3,Kalinina A.,Bondar A.,2,2,hc,-1.50,away,ft,1.861,8
27rejxm3,Kalinina A.,Bondar A.,2,2,hc,2.00,home,ft,1.53,3
27rejxm3,Kalinina A.,Bondar A.,2,2,hc,2.00,away,ft,2.4,3
27rejxm3,Kalinina A.,Bondar A.,2,2,hc,-2.00,home,ft,2.002,6
27rejxm3,Kalinina A.,Bondar A.,2,2,hc,-2.00,away,ft,1.765,6
27rejxm3,Kalinina A.,Bondar A.,2,2,hc,2.50,home,ft,1.53,1
27rejxm3,Kalinina A.,Bondar A.,2,2,hc,2.50,away,ft,2.34,1
27rejxm3,Kalinina A.,Bondar A.,2,2,hc,-2.50,home,ft,2.064,8
27rejxm3,Kalinina A.,Bondar A.,2,2,hc,-2.50,away,ft,1.701,8
27rejxm3,Kalinina A.,Bondar A.,2,2,hc,-3.00,home,ft,2.172,5
27rejxm3,Kalinina A.,Bondar A.,2,2,hc,-3.00,away,ft,1.632,5
27rejxm3,Kalinina A.,Bondar A.,2,2,hc,3.50,home,ft,1.367,3
27rejxm3,Kalinina A.,Bondar A.,2,2,hc,3.50,away,ft,2.99,3
27rejxm3,Kalinina A.,Bondar A.,2,2,hc,-3.50,home,ft,2.316,7
27rejxm3,Kalinina A.,Bondar A.,2,2,hc,-3.50,away,ft,1.563,7
27rejxm3,Kalinina A.,Bondar A.,2,2,hc,-4.00,home,ft,2.66,3
27rejxm3,Kalinina A.,Bondar A.,2,2,hc,-4.00,away,ft,1.43,3
27rejxm3,Kalinina A.,Bondar A.,2,2,hc,-5.50,home,ft,3.92,3
27rejxm3,Kalinina A.,Bondar A.,2,2,hc,-5.50,away,ft,1.23,3
A1u5QA7c,Marcinko P.,Bouzas Maneiro J.,2,2,ou,2.50,over,ft,2.444,5
A1u5QA7c,Marcinko P.,Bouzas Maneiro J.,2,2,ou,2.50,under,ft,1.526,5
A1u5QA7c,Marcinko P.,Bouzas Maneiro J.,2,2,ou,14.50,over,ft,1.03,1
A1u5QA7c,Marcinko P.,Bouzas Maneiro J.,2,2,ou,14.50,under,ft,8.93,1
A1u5QA7c,Marcinko P.,Bouzas Maneiro J.,2,2,ou,15.50,over,ft,1.08,1
A1u5QA7c,Marcinko P.,Bouzas Maneiro J.,2,2,ou,15.50,under,ft,6.36,1
A1u5QA7c,Marcinko P.,Bouzas Maneiro J.,2,2,ou,16.50,over,ft,1.14,1
A1u5QA7c,Marcinko P.,Bouzas Maneiro J.,2,2,ou,16.50,under,ft,4.75,1
A1u5QA7c,Marcinko P.,Bouzas Maneiro J.,2,2,ou,17.50,over,ft,1.27,1
A1u5QA7c,Marcinko P.,Bouzas Maneiro J.,2,2,ou,17.50,under,ft,3.31,1
A1u5QA7c,Marcinko P.,Bouzas Maneiro J.,2,2,ou,18.50,over,ft,1.384,8
A1u5QA7c,Marcinko P.,Bouzas Maneiro J.,2,2,ou,18.50,under,ft,2.87,8
A1u5QA7c,Marcinko P.,Bouzas Maneiro J.,2,2,ou,19.00,over,ft,1.432,4
A1u5QA7c,Marcinko P.,Bouzas Maneiro J.,2,2,ou,19.00,under,ft,2.505,4
A1u5QA7c,Marcinko P.,Bouzas Maneiro J.,2,2,ou,19.50,over,ft,1.564,7
A1u5QA7c,Marcinko P.,Bouzas Maneiro J.,2,2,ou,19.50,under,ft,2.236,7
A1u5QA7c,Marcinko P.,Bouzas Maneiro J.,2,2,ou,20.00,over,ft,1.64,7
A1u5QA7c,Marcinko P.,Bouzas Maneiro J.,2,2,ou,20.00,under,ft,2.15,7
A1u5QA7c,Marcinko P.,Bouzas Maneiro J.,2,2,ou,20.50,over,ft,1.773,10
A1u5QA7c,Marcinko P.,Bouzas Maneiro J.,2,2,ou,20.50,under,ft,1.962,10
A1u5QA7c,Marcinko P.,Bouzas Maneiro J.,2,2,ou,21.00,over,ft,1.851,7
A1u5QA7c,Marcinko P.,Bouzas Maneiro J.,2,2,ou,21.00,under,ft,1.887,7
A1u5QA7c,Marcinko P.,Bouzas Maneiro J.,2,2,ou,21.50,over,ft,1.949,10
A1u5QA7c,Marcinko P.,Bouzas Maneiro J.,2,2,ou,21.50,under,ft,1.791,10
A1u5QA7c,Marcinko P.,Bouzas Maneiro J.,2,2,ou,22.00,over,ft,2.087,7
A1u5QA7c,Marcinko P.,Bouzas Maneiro J.,2,2,ou,22.00,under,ft,1.697,7
A1u5QA7c,Marcinko P.,Bouzas Maneiro J.,2,2,ou,22.50,over,ft,2.183,9
A1u5QA7c,Marcinko P.,Bouzas Maneiro J.,2,2,ou,22.50,under,ft,1.614,9
A1u5QA7c,Marcinko P.,Bouzas Maneiro J.,2,2,ou,23.00,over,ft,2.282,4
A1u5QA7c,Marcinko P.,Bouzas Maneiro J.,2,2,ou,23.00,under,ft,1.54,4
A1u5QA7c,Marcinko P.,Bouzas Maneiro J.,2,2,ou,23.50,over,ft,2.35,4
A1u5QA7c,Marcinko P.,Bouzas Maneiro J.,2,2,ou,23.50,under,ft,1.5,4
A1u5QA7c,Marcinko P.,Bouzas Maneiro J.,2,2,ou,24.00,over,ft,2.445,4
A1u5QA7c,Marcinko P.,Bouzas Maneiro J.,2,2,ou,24.00,under,ft,1.452,4
A1u5QA7c,Marcinko P.,Bouzas Maneiro J.,2,2,ou,24.50,over,ft,2.587,7
A1u5QA7c,Marcinko P.,Bouzas Maneiro J.,2,2,ou,24.50,under,ft,1.463,7
A1u5QA7c,Marcinko P.,Bouzas Maneiro J.,2,2,ou,25.50,over,ft,2.893,4
A1u5QA7c,Marcinko P.,Bouzas Maneiro J.,2,2,ou,25.50,under,ft,1.373,4
A1u5QA7c,Marcinko P.,Bouzas Maneiro J.,2,2,ou,26.50,over,ft,3.297,4
A1u5QA7c,Marcinko P.,Bouzas Maneiro J.,2,2,ou,26.50,under,ft,1.295,4
A1u5QA7c,Marcinko P.,Bouzas Maneiro J.,2,2,ou,27.50,over,ft,3.69,1
A1u5QA7c,Marcinko P.,Bouzas Maneiro J.,2,2,ou,27.50,under,ft,1.23,1
A1u5QA7c,Marcinko P.,Bouzas Maneiro J.,2,2,ou,28.50,over,ft,4.3,1
A1u5QA7c,Marcinko P.,Bouzas Maneiro J.,2,2,ou,28.50,under,ft,1.17,1
A1u5QA7c,Marcinko P.,Bouzas Maneiro J.,2,2,ou,29.50,over,ft,5.15,1
A1u5QA7c,Marcinko P.,Bouzas Maneiro J.,2,2,ou,29.50,under,ft,1.12,1
A1u5QA7c,Marcinko P.,Bouzas Maneiro J.,2,2,ou,30.50,over,ft,6.14,1
A1u5QA7c,Marcinko P.,Bouzas Maneiro J.,2,2,ou,30.50,under,ft,1.08,1
A1u5QA7c,Marcinko P.,Bouzas Maneiro J.,2,2,ou,31.50,over,ft,7.4,1
A1u5QA7c,Marcinko P.,Bouzas Maneiro J.,2,2,ou,31.50,under,ft,1.05,1
A1u5QA7c,Marcinko P.,Bouzas Maneiro J.,2,2,ou,32.50,over,ft,8.93,1
A1u5QA7c,Marcinko P.,Bouzas Maneiro J.,2,2,ou,32.50,under,ft,1.03,1
A1u5QA7c,Marcinko P.,Bouzas Maneiro J.,2,2,ou,33.50,over,ft,10.16,1
A1u5QA7c,Marcinko P.,Bouzas Maneiro J.,2,2,hc,1.50,home,ft,1.521,9
A1u5QA7c,Marcinko P.,Bouzas Maneiro J.,2,2,hc,1.50,away,ft,2.419,9
A1u5QA7c,Marcinko P.,Bouzas Maneiro J.,2,2,hc,-1.50,home,ft,3.586,7
A1u5QA7c,Marcinko P.,Bouzas Maneiro J.,2,2,hc,-1.50,away,ft,1.269,7
A1u5QA7c,Marcinko P.,Bouzas Maneiro J.,2,2,hc,0,home,ft,2.24,3
A1u5QA7c,Marcinko P.,Bouzas Maneiro J.,2,2,hc,0,away,ft,1.59,3
A1u5QA7c,Marcinko P.,Bouzas Maneiro J.,2,2,hc,0.50,home,ft,2.136,5
A1u5QA7c,Marcinko P.,Bouzas Maneiro J.,2,2,hc,0.50,away,ft,1.642,5
A1u5QA7c,Marcinko P.,Bouzas Maneiro J.,2,2,hc,-0.50,home,ft,2.26,1
A1u5QA7c,Marcinko P.,Bouzas Maneiro J.,2,2,hc,-0.50,away,ft,1.57,1
A1u5QA7c,Marcinko P.,Bouzas Maneiro J.,2,2,hc,1.00,home,ft,2.08,3
A1u5QA7c,Marcinko P.,Bouzas Maneiro J.,2,2,hc,1.00,away,ft,1.68,3
A1u5QA7c,Marcinko P.,Bouzas Maneiro J.,2,2,hc,-1.00,home,ft,2.3,3
A1u5QA7c,Marcinko P.,Bouzas Maneiro J.,2,2,hc,-1.00,away,ft,1.58,3
A1u5QA7c,Marcinko P.,Bouzas Maneiro J.,2,2,hc,1.50,home,ft,2.041,8
A1u5QA7c,Marcinko P.,Bouzas Maneiro J.,2,2,hc,1.50,away,ft,1.725,8
A1u5QA7c,Marcinko P.,Bouzas Maneiro J.,2,2,hc,-1.50,home,ft,2.43,4
A1u5QA7c,Marcinko P.,Bouzas Maneiro J.,2,2,hc,-1.50,away,ft,1.518,4
A1u5QA7c,Marcinko P.,Bouzas Maneiro J.,2,2,hc,2.00,home,ft,1.978,6
A1u5QA7c,Marcinko P.,Bouzas Maneiro J.,2,2,hc,2.00,away,ft,1.788,6
A1u5QA7c,Marcinko P.,Bouzas Maneiro J.,2,2,hc,2.50,home,ft,1.895,8
A1u5QA7c,Marcinko P.,Bouzas Maneiro J.,2,2,hc,2.50,away,ft,1.857,8
A1u5QA7c,Marcinko P.,Bouzas Maneiro J.,2,2,hc,3.00,home,ft,1.788,6
A1u5QA7c,Marcinko P.,Bouzas Maneiro J.,2,2,hc,3.00,away,ft,1.965,6
A1u5QA7c,Marcinko P.,Bouzas Maneiro J.,2,2,hc,3.50,home,ft,1.69,9
A1u5QA7c,Marcinko P.,Bouzas Maneiro J.,2,2,hc,3.50,away,ft,2.077,9
A1u5QA7c,Marcinko P.,Bouzas Maneiro J.,2,2,hc,-3.50,home,ft,3.053,3
A1u5QA7c,Marcinko P.,Bouzas Maneiro J.,2,2,hc,-3.50,away,ft,1.353,3
A1u5QA7c,Marcinko P.,Bouzas Maneiro J.,2,2,hc,4.00,home,ft,1.58,6
A1u5QA7c,Marcinko P.,Bouzas Maneiro J.,2,2,hc,4.00,away,ft,2.302,6
A1u5QA7c,Marcinko P.,Bouzas Maneiro J.,2,2,hc,4.50,home,ft,1.482,4
A1u5QA7c,Marcinko P.,Bouzas Maneiro J.,2,2,hc,4.50,away,ft,2.48,4
A1u5QA7c,Marcinko P.,Bouzas Maneiro J.,2,2,hc,5.00,home,ft,1.36,3
A1u5QA7c,Marcinko P.,Bouzas Maneiro J.,2,2,hc,5.00,away,ft,2.94,3
A1u5QA7c,Marcinko P.,Bouzas Maneiro J.,2,2,hc,5.50,home,ft,1.319,7
A1u5QA7c,Marcinko P.,Bouzas Maneiro J.,2,2,hc,5.50,away,ft,3.186,7
A1u5QA7c,Marcinko P.,Bouzas Maneiro J.,2,2,hc,6.00,home,ft,1.22,3
A1u5QA7c,Marcinko P.,Bouzas Maneiro J.,2,2,hc,6.00,away,ft,3.9,3
6sng03VO,Osorio C.,Udvardy P.,0,0,ou,2.50,over,ft,2.49,5
6sng03VO,Osorio C.,Udvardy P.,0,0,ou,2.50,under,ft,1.506,5
6sng03VO,Osorio C.,Udvardy P.,0,0,ou,14.50,over,ft,1.03,1
6sng03VO,Osorio C.,Udvardy P.,0,0,ou,14.50,under,ft,8.79,1
6sng03VO,Osorio C.,Udvardy P.,0,0,ou,15.50,over,ft,1.08,1
6sng03VO,Osorio C.,Udvardy P.,0,0,ou,15.50,under,ft,6.17,1
6sng03VO,Osorio C.,Udvardy P.,0,0,ou,16.50,over,ft,1.14,4
6sng03VO,Osorio C.,Udvardy P.,0,0,ou,16.50,under,ft,5.25,4
6sng03VO,Osorio C.,Udvardy P.,0,0,ou,17.50,over,ft,1.292,4
6sng03VO,Osorio C.,Udvardy P.,0,0,ou,17.50,under,ft,3.337,4
6sng03VO,Osorio C.,Udvardy P.,0,0,ou,18.00,over,ft,1.318,4
6sng03VO,Osorio C.,Udvardy P.,0,0,ou,18.00,under,ft,2.955,4
6sng03VO,Osorio C.,Udvardy P.,0,0,ou,18.50,over,ft,1.432,8
6sng03VO,Osorio C.,Udvardy P.,0,0,ou,18.50,under,ft,2.619,8
6sng03VO,Osorio C.,Udvardy P.,0,0,ou,19.00,over,ft,1.515,4
6sng03VO,Osorio C.,Udvardy P.,0,0,ou,19.00,under,ft,2.345,4
6sng03VO,Osorio C.,Udvardy P.,0,0,ou,19.50,over,ft,1.64,10
6sng03VO,Osorio C.,Udvardy P.,0,0,ou,19.50,under,ft,2.14,10
6sng03VO,Osorio C.,Udvardy P.,0,0,ou,20.00,over,ft,1.717,7
6sng03VO,Osorio C.,Udvardy P.,0,0,ou,20.00,under,ft,2.059,7
6sng03VO,Osorio C.,Udvardy P.,0,0,ou,20.50,over,ft,1.843,10
6sng03VO,Osorio C.,Udvardy P.,0,0,ou,20.50,under,ft,1.891,10
6sng03VO,Osorio C.,Udvardy P.,0,0,ou,21.00,over,ft,1.927,7
6sng03VO,Osorio C.,Udvardy P.,0,0,ou,21.00,under,ft,1.817,7
6sng03VO,Osorio C.,Udvardy P.,0,0,ou,21.50,over,ft,2.022,10
6sng03VO,Osorio C.,Udvardy P.,0,0,ou,21.50,under,ft,1.726,10
6sng03VO,Osorio C.,Udvardy P.,0,0,ou,22.00,over,ft,2.154,7
6sng03VO,Osorio C.,Udvardy P.,0,0,ou,22.00,under,ft,1.64,7
6sng03VO,Osorio C.,Udvardy P.,0,0,ou,22.50,over,ft,2.266,9
6sng03VO,Osorio C.,Udvardy P.,0,0,ou,22.50,under,ft,1.557,9
6sng03VO,Osorio C.,Udvardy P.,0,0,ou,23.00,over,ft,2.388,4
6sng03VO,Osorio C.,Udvardy P.,0,0,ou,23.00,under,ft,1.475,4
6sng03VO,Osorio C.,Udvardy P.,0,0,ou,23.50,over,ft,2.647,4
6sng03VO,Osorio C.,Udvardy P.,0,0,ou,23.50,under,ft,1.438,4
6sng03VO,Osorio C.,Udvardy P.,0,0,ou,24.50,over,ft,2.714,7
6sng03VO,Osorio C.,Udvardy P.,0,0,ou,24.50,under,ft,1.424,7
6sng03VO,Osorio C.,Udvardy P.,0,0,ou,25.50,over,ft,3.143,4
6sng03VO,Osorio C.,Udvardy P.,0,0,ou,25.50,under,ft,1.315,4
6sng03VO,Osorio C.,Udvardy P.,0,0,ou,26.50,over,ft,3.083,4
6sng03VO,Osorio C.,Udvardy P.,0,0,ou,26.50,under,ft,1.33,4
6sng03VO,Osorio C.,Udvardy P.,0,0,ou,27.50,over,ft,3.55,1
6sng03VO,Osorio C.,Udvardy P.,0,0,ou,27.50,under,ft,1.24,1
6sng03VO,Osorio C.,Udvardy P.,0,0,ou,28.50,over,ft,4.06,1
6sng03VO,Osorio C.,Udvardy P.,0,0,ou,28.50,under,ft,1.19,1
6sng03VO,Osorio C.,Udvardy P.,0,0,ou,29.50,over,ft,4.75,1
6sng03VO,Osorio C.,Udvardy P.,0,0,ou,29.50,under,ft,1.14,1
6sng03VO,Osorio C.,Udvardy P.,0,0,ou,30.50,over,ft,5.7,1
6sng03VO,Osorio C.,Udvardy P.,0,0,ou,30.50,under,ft,1.1,1
6sng03VO,Osorio C.,Udvardy P.,0,0,ou,31.50,over,ft,6.83,1
6sng03VO,Osorio C.,Udvardy P.,0,0,ou,31.50,under,ft,1.06,1
6sng03VO,Osorio C.,Udvardy P.,0,0,ou,32.50,over,ft,8.08,1
6sng03VO,Osorio C.,Udvardy P.,0,0,ou,32.50,under,ft,1.04,1
6sng03VO,Osorio C.,Udvardy P.,0,0,ou,33.50,over,ft,9.22,1
6sng03VO,Osorio C.,Udvardy P.,0,0,ou,33.50,under,ft,1.02,1
6sng03VO,Osorio C.,Udvardy P.,0,0,hc,1.50,home,ft,1.157,7
6sng03VO,Osorio C.,Udvardy P.,0,0,hc,1.50,away,ft,4.983,7
6sng03VO,Osorio C.,Udvardy P.,0,0,hc,-1.50,home,ft,1.973,9
6sng03VO,Osorio C.,Udvardy P.,0,0,hc,-1.50,away,ft,1.774,9
6sng03VO,Osorio C.,Udvardy P.,0,0,hc,1.50,home,ft,1.297,3
6sng03VO,Osorio C.,Udvardy P.,0,0,hc,1.50,away,ft,3.37,3
6sng03VO,Osorio C.,Udvardy P.,0,0,hc,-1.50,home,ft,1.459,7
6sng03VO,Osorio C.,Udvardy P.,0,0,hc,-1.50,away,ft,2.6,7
6sng03VO,Osorio C.,Udvardy P.,0,0,hc,-2.00,home,ft,1.46,3
6sng03VO,Osorio C.,Udvardy P.,0,0,hc,-2.00,away,ft,2.56,3
6sng03VO,Osorio C.,Udvardy P.,0,0,hc,-2.50,home,ft,1.522,4
6sng03VO,Osorio C.,Udvardy P.,0,0,hc,-2.50,away,ft,2.377,4
6sng03VO,Osorio C.,Udvardy P.,0,0,hc,-3.00,home,ft,1.607,6
6sng03VO,Osorio C.,Udvardy P.,0,0,hc,-3.00,away,ft,2.258,6
6sng03VO,Osorio C.,Udvardy P.,0,0,hc,-3.50,home,ft,1.696,9
6sng03VO,Osorio C.,Udvardy P.,0,0,hc,-3.50,away,ft,2.074,9
6sng03VO,Osorio C.,Udvardy P.,0,0,hc,-4.00,home,ft,1.847,6
6sng03VO,Osorio C.,Udvardy P.,0,0,hc,-4.00,away,ft,1.902,6
6sng03VO,Osorio C.,Udvardy P.,0,0,hc,-4.50,home,ft,2.004,8
6sng03VO,Osorio C.,Udvardy P.,0,0,hc,-4.50,away,ft,1.755,8
6sng03VO,Osorio C.,Udvardy P.,0,0,hc,-5.00,home,ft,2.327,6
6sng03VO,Osorio C.,Udvardy P.,0,0,hc,-5.00,away,ft,1.573,6
6sng03VO,Osorio C.,Udvardy P.,0,0,hc,-5.50,home,ft,2.554,8
6sng03VO,Osorio C.,Udvardy P.,0,0,hc,-5.50,away,ft,1.47,8
6sng03VO,Osorio C.,Udvardy P.,0,0,hc,-6.00,home,ft,3.08,3
6sng03VO,Osorio C.,Udvardy P.,0,0,hc,-6.00,away,ft,1.33,3
6sng03VO,Osorio C.,Udvardy P.,0,0,hc,-6.50,home,ft,3.4,4
6sng03VO,Osorio C.,Udvardy P.,0,0,hc,-6.50,away,ft,1.278,4
6sng03VO,Osorio C.,Udvardy P.,0,0,hc,-7.00,home,ft,4.85,3
6sng03VO,Osorio C.,Udvardy P.,0,0,hc,-7.00,away,ft,1.15,3
hfItWv6D,Starodubtseva Y.,Kalinina A.,0,0,ou,2.50,over,ft,2.402,5
hfItWv6D,Starodubtseva Y.,Kalinina A.,0,0,ou,2.50,under,ft,1.538,5
hfItWv6D,Starodubtseva Y.,Kalinina A.,0,0,ou,16.50,over,ft,1.12,2
hfItWv6D,Starodubtseva Y.,Kalinina A.,0,0,ou,16.50,under,ft,5.455,2
hfItWv6D,Starodubtseva Y.,Kalinina A.,0,0,ou,17.50,over,ft,1.24,1
hfItWv6D,Starodubtseva Y.,Kalinina A.,0,0,ou,17.50,under,ft,3.59,1
hfItWv6D,Starodubtseva Y.,Kalinina A.,0,0,ou,18.50,over,ft,1.381,7
hfItWv6D,Starodubtseva Y.,Kalinina A.,0,0,ou,18.50,under,ft,2.791,7
hfItWv6D,Starodubtseva Y.,Kalinina A.,0,0,ou,19.50,over,ft,1.57,5
hfItWv6D,Starodubtseva Y.,Kalinina A.,0,0,ou,19.50,under,ft,2.338,5
hfItWv6D,Starodubtseva Y.,Kalinina A.,0,0,ou,20.00,over,ft,1.637,4
hfItWv6D,Starodubtseva Y.,Kalinina A.,0,0,ou,20.00,under,ft,2.192,4
hfItWv6D,Starodubtseva Y.,Kalinina A.,0,0,ou,20.50,over,ft,1.767,10
hfItWv6D,Starodubtseva Y.,Kalinina A.,0,0,ou,20.50,under,ft,1.99,10
hfItWv6D,Starodubtseva Y.,Kalinina A.,0,0,ou,21.00,over,ft,1.814,7
hfItWv6D,Starodubtseva Y.,Kalinina A.,0,0,ou,21.00,under,ft,1.926,7
hfItWv6D,Starodubtseva Y.,Kalinina A.,0,0,ou,21.50,over,ft,1.937,10
hfItWv6D,Starodubtseva Y.,Kalinina A.,0,0,ou,21.50,under,ft,1.824,10
hfItWv6D,Starodubtseva Y.,Kalinina A.,0,0,ou,22.00,over,ft,2.034,7
hfItWv6D,Starodubtseva Y.,Kalinina A.,0,0,ou,22.00,under,ft,1.73,7
hfItWv6D,Starodubtseva Y.,Kalinina A.,0,0,ou,22.50,over,ft,2.18,10
hfItWv6D,Starodubtseva Y.,Kalinina A.,0,0,ou,22.50,under,ft,1.641,10
hfItWv6D,Starodubtseva Y.,Kalinina A.,0,0,ou,23.00,over,ft,2.26,1
hfItWv6D,Starodubtseva Y.,Kalinina A.,0,0,ou,23.00,under,ft,1.55,1
hfItWv6D,Starodubtseva Y.,Kalinina A.,0,0,ou,23.50,over,ft,2.392,5
hfItWv6D,Starodubtseva Y.,Kalinina A.,0,0,ou,23.50,under,ft,1.548,5
hfItWv6D,Starodubtseva Y.,Kalinina A.,0,0,ou,24.00,over,ft,2.46,1
hfItWv6D,Starodubtseva Y.,Kalinina A.,0,0,ou,24.00,under,ft,1.47,1
hfItWv6D,Starodubtseva Y.,Kalinina A.,0,0,ou,24.50,over,ft,2.557,7
hfItWv6D,Starodubtseva Y.,Kalinina A.,0,0,ou,24.50,under,ft,1.453,7
hfItWv6D,Starodubtseva Y.,Kalinina A.,0,0,ou,25.50,over,ft,2.878,4
hfItWv6D,Starodubtseva Y.,Kalinina A.,0,0,ou,25.50,under,ft,1.345,4
hfItWv6D,Starodubtseva Y.,Kalinina A.,0,0,ou,26.50,over,ft,3.302,5
hfItWv6D,Starodubtseva Y.,Kalinina A.,0,0,ou,26.50,under,ft,1.278,5
hfItWv6D,Starodubtseva Y.,Kalinina A.,0,0,ou,27.50,over,ft,3.32,1
hfItWv6D,Starodubtseva Y.,Kalinina A.,0,0,ou,27.50,under,ft,1.27,1
hfItWv6D,Starodubtseva Y.,Kalinina A.,0,0,ou,28.50,over,ft,4.18,2
hfItWv6D,Starodubtseva Y.,Kalinina A.,0,0,ou,28.50,under,ft,1.205,2
hfItWv6D,Starodubtseva Y.,Kalinina A.,0,0,ou,29.50,over,ft,4.37,1
hfItWv6D,Starodubtseva Y.,Kalinina A.,0,0,ou,29.50,under,ft,1.17,1
hfItWv6D,Starodubtseva Y.,Kalinina A.,0,0,ou,30.50,over,ft,6.3,2
hfItWv6D,Starodubtseva Y.,Kalinina A.,0,0,ou,30.50,under,ft,1.095,2
hfItWv6D,Starodubtseva Y.,Kalinina A.,0,0,ou,32.50,over,ft,12.0,1
hfItWv6D,Starodubtseva Y.,Kalinina A.,0,0,ou,32.50,under,ft,1.02,1
hfItWv6D,Starodubtseva Y.,Kalinina A.,0,0,hc,1.50,home,ft,1.506,9
hfItWv6D,Starodubtseva Y.,Kalinina A.,0,0,hc,1.50,away,ft,2.443,9
hfItWv6D,Starodubtseva Y.,Kalinina A.,0,0,hc,-1.50,home,ft,3.58,7
hfItWv6D,Starodubtseva Y.,Kalinina A.,0,0,hc,-1.50,away,ft,1.266,7
hfItWv6D,Starodubtseva Y.,Kalinina A.,0,0,hc,0,home,ft,2.22,3
hfItWv6D,Starodubtseva Y.,Kalinina A.,0,0,hc,0,away,ft,1.56,3
hfItWv6D,Starodubtseva Y.,Kalinina A.,0,0,hc,0.50,home,ft,2.13,4
hfItWv6D,Starodubtseva Y.,Kalinina A.,0,0,hc,0.50,away,ft,1.695,4
hfItWv6D,Starodubtseva Y.,Kalinina A.,0,0,hc,-0.50,home,ft,2.26,1
hfItWv6D,Starodubtseva Y.,Kalinina A.,0,0,hc,-0.50,away,ft,1.57,1
hfItWv6D,Starodubtseva Y.,Kalinina A.,0,0,hc,1.00,home,ft,2.068,6
hfItWv6D,Starodubtseva Y.,Kalinina A.,0,0,hc,1.00,away,ft,1.743,6
hfItWv6D,Starodubtseva Y.,Kalinina A.,0,0,hc,1.50,home,ft,2.005,8
hfItWv6D,Starodubtseva Y.,Kalinina A.,0,0,hc,1.50,away,ft,1.766,8
hfItWv6D,Starodubtseva Y.,Kalinina A.,0,0,hc,-1.50,home,ft,2.475,4
hfItWv6D,Starodubtseva Y.,Kalinina A.,0,0,hc,-1.50,away,ft,1.495,4
hfItWv6D,Starodubtseva Y.,Kalinina A.,0,0,hc,2.00,home,ft,1.945,6
hfItWv6D,Starodubtseva Y.,Kalinina A.,0,0,hc,2.00,away,ft,1.845,6
hfItWv6D,Starodubtseva Y.,Kalinina A.,0,0,hc,2.50,home,ft,1.879,8
hfItWv6D,Starodubtseva Y.,Kalinina A.,0,0,hc,2.50,away,ft,1.884,8
hfItWv6D,Starodubtseva Y.,Kalinina A.,0,0,hc,3.00,home,ft,1.775,6
hfItWv6D,Starodubtseva Y.,Kalinina A.,0,0,hc,3.00,away,ft,2.033,6
hfItWv6D,Starodubtseva Y.,Kalinina A.,0,0,hc,-3.00,home,ft,1.74,1
hfItWv6D,Starodubtseva Y.,Kalinina A.,0,0,hc,-3.00,away,ft,2.08,1
hfItWv6D,Starodubtseva Y.,Kalinina A.,0,0,hc,3.50,home,ft,1.692,9
hfItWv6D,Starodubtseva Y.,Kalinina A.,0,0,hc,3.50,away,ft,2.108,9
hfItWv6D,Starodubtseva Y.,Kalinina A.,0,0,hc,-3.50,home,ft,3.117,3
hfItWv6D,Starodubtseva Y.,Kalinina A.,0,0,hc,-3.50,away,ft,1.337,3
hfItWv6D,Starodubtseva Y.,Kalinina A.,0,0,hc,4.00,home,ft,1.593,4
hfItWv6D,Starodubtseva Y.,Kalinina A.,0,0,hc,4.00,away,ft,2.373,4
hfItWv6D,Starodubtseva Y.,Kalinina A.,0,0,hc,4.50,home,ft,1.485,4
hfItWv6D,Starodubtseva Y.,Kalinina A.,0,0,hc,4.50,away,ft,2.58,4
hfItWv6D,Starodubtseva Y.,Kalinina A.,0,0,hc,5.00,home,ft,1.3,3
hfItWv6D,Starodubtseva Y.,Kalinina A.,0,0,hc,5.00,away,ft,3.12,3
hfItWv6D,Starodubtseva Y.,Kalinina A.,0,0,hc,5.50,home,ft,1.323,3
hfItWv6D,Starodubtseva Y.,Kalinina A.,0,0,hc,5.50,away,ft,3.177,3
hfItWv6D,Starodubtseva Y.,Kalinina A.,0,0,hc,-5.50,home,ft,4.65,1
hfItWv6D,Starodubtseva Y.,Kalinina A.,0,0,hc,-5.50,away,ft,1.16,1
2Z2abCKN,Arango E.,Bondar A.,1,1,ou,2.50,over,ft,2.764,5
2Z2abCKN,Arango E.,Bondar A.,1,1,ou,2.50,under,ft,1.418,5
2Z2abCKN,Arango E.,Bondar A.,1,1,ou,15.50,over,ft,1.09,1
2Z2abCKN,Arango E.,Bondar A.,1,1,ou,15.50,under,ft,5.94,1
2Z2abCKN,Arango E.,Bondar A.,1,1,ou,16.50,over,ft,1.145,6
2Z2abCKN,Arango E.,Bondar A.,1,1,ou,16.50,under,ft,4.665,6
2Z2abCKN,Arango E.,Bondar A.,1,1,ou,17.50,over,ft,1.32,6
2Z2abCKN,Arango E.,Bondar A.,1,1,ou,17.50,under,ft,3.038,6
2Z2abCKN,Arango E.,Bondar A.,1,1,ou,18.50,over,ft,1.525,10
2Z2abCKN,Arango E.,Bondar A.,1,1,ou,18.50,under,ft,2.433,10
2Z2abCKN,Arango E.,Bondar A.,1,1,ou,19.00,over,ft,1.593,3
2Z2abCKN,Arango E.,Bondar A.,1,1,ou,19.00,under,ft,2.267,3
2Z2abCKN,Arango E.,Bondar A.,1,1,ou,19.50,over,ft,1.795,10
2Z2abCKN,Arango E.,Bondar A.,1,1,ou,19.50,under,ft,1.974,10
2Z2abCKN,Arango E.,Bondar A.,1,1,ou,20.00,over,ft,1.835,6
2Z2abCKN,Arango E.,Bondar A.,1,1,ou,20.00,under,ft,1.893,6
2Z2abCKN,Arango E.,Bondar A.,1,1,ou,20.50,over,ft,1.955,10
2Z2abCKN,Arango E.,Bondar A.,1,1,ou,20.50,under,ft,1.801,10
2Z2abCKN,Arango E.,Bondar A.,1,1,ou,21.00,over,ft,2.092,6
2Z2abCKN,Arango E.,Bondar A.,1,1,ou,21.00,under,ft,1.683,6
2Z2abCKN,Arango E.,Bondar A.,1,1,ou,21.50,over,ft,2.185,10
2Z2abCKN,Arango E.,Bondar A.,1,1,ou,21.50,under,ft,1.646,10
2Z2abCKN,Arango E.,Bondar A.,1,1,ou,22.00,over,ft,2.33,1
2Z2abCKN,Arango E.,Bondar A.,1,1,ou,22.00,under,ft,1.52,1
2Z2abCKN,Arango E.,Bondar A.,1,1,ou,22.50,over,ft,2.505,8
2Z2abCKN,Arango E.,Bondar A.,1,1,ou,22.50,under,ft,1.506,8
2Z2abCKN,Arango E.,Bondar A.,1,1,ou,23.00,over,ft,2.64,1
2Z2abCKN,Arango E.,Bondar A.,1,1,ou,23.00,under,ft,1.41,1
2Z2abCKN,Arango E.,Bondar A.,1,1,ou,23.50,over,ft,2.912,5
2Z2abCKN,Arango E.,Bondar A.,1,1,ou,23.50,under,ft,1.384,5
2Z2abCKN,Arango E.,Bondar A.,1,1,ou,24.50,over,ft,3.051,7
2Z2abCKN,Arango E.,Bondar A.,1,1,ou,24.50,under,ft,1.353,7
2Z2abCKN,Arango E.,Bondar A.,1,1,ou,25.50,over,ft,3.416,5
2Z2abCKN,Arango E.,Bondar A.,1,1,ou,25.50,under,ft,1.29,5
2Z2abCKN,Arango E.,Bondar A.,1,1,ou,26.50,over,ft,3.48,1
2Z2abCKN,Arango E.,Bondar A.,1,1,ou,26.50,under,ft,1.25,1
2Z2abCKN,Arango E.,Bondar A.,1,1,ou,27.50,over,ft,3.79,1
2Z2abCKN,Arango E.,Bondar A.,1,1,ou,27.50,under,ft,1.22,1
2Z2abCKN,Arango E.,Bondar A.,1,1,ou,28.50,over,ft,4.31,1
2Z2abCKN,Arango E.,Bondar A.,1,1,ou,28.50,under,ft,1.17,1
2Z2abCKN,Arango E.,Bondar A.,1,1,ou,29.50,over,ft,5.06,1
2Z2abCKN,Arango E.,Bondar A.,1,1,ou,29.50,under,ft,1.12,1
2Z2abCKN,Arango E.,Bondar A.,1,1,hc,1.50,home,ft,2.047,9
2Z2abCKN,Arango E.,Bondar A.,1,1,hc,1.50,away,ft,1.714,9
2Z2abCKN,Arango E.,Bondar A.,1,1,hc,-1.50,home,ft,6.556,7
2Z2abCKN,Arango E.,Bondar A.,1,1,hc,-1.50,away,ft,1.091,7
2Z2abCKN,Arango E.,Bondar A.,1,1,hc,1.50,home,ft,3.457,3
2Z2abCKN,Arango E.,Bondar A.,1,1,hc,1.50,away,ft,1.277,3
2Z2abCKN,Arango E.,Bondar A.,1,1,hc,2.50,home,ft,2.864,5
2Z2abCKN,Arango E.,Bondar A.,1,1,hc,2.50,away,ft,1.408,5
2Z2abCKN,Arango E.,Bondar A.,1,1,hc,3.00,home,ft,2.61,3
2Z2abCKN,Arango E.,Bondar A.,1,1,hc,3.00,away,ft,1.5,3
2Z2abCKN,Arango E.,Bondar A.,1,1,hc,3.50,home,ft,2.431,8
2Z2abCKN,Arango E.,Bondar A.,1,1,hc,3.50,away,ft,1.53,8
2Z2abCKN,Arango E.,Bondar A.,1,1,hc,4.00,home,ft,2.26,5
2Z2abCKN,Arango E.,Bondar A.,1,1,hc,4.00,away,ft,1.644,5
2Z2abCKN,Arango E.,Bondar A.,1,1,hc,4.50,home,ft,2.069,8
2Z2abCKN,Arango E.,Bondar A.,1,1,hc,4.50,away,ft,1.719,8
2Z2abCKN,Arango E.,Bondar A.,1,1,hc,5.00,home,ft,1.786,5
2Z2abCKN,Arango E.,Bondar A.,1,1,hc,5.00,away,ft,2.032,5
2Z2abCKN,Arango E.,Bondar A.,1,1,hc,5.50,home,ft,1.623,8
2Z2abCKN,Arango E.,Bondar A.,1,1,hc,5.50,away,ft,2.23,8
2Z2abCKN,Arango E.,Bondar A.,1,1,hc,6.00,home,ft,1.428,5
2Z2abCKN,Arango E.,Bondar A.,1,1,hc,6.00,away,ft,2.834,5
2Z2abCKN,Arango E.,Bondar A.,1,1,hc,6.50,home,ft,1.368,5
2Z2abCKN,Arango E.,Bondar A.,1,1,hc,6.50,away,ft,3.05,5
2Z2abCKN,Arango E.,Bondar A.,1,1,hc,7.00,home,ft,1.23,3
2Z2abCKN,Arango E.,Bondar A.,1,1,hc,7.00,away,ft,3.9,3
2Z2abCKN,Arango E.,Bondar A.,1,1,hc,7.50,home,ft,1.196,5
2Z2abCKN,Arango E.,Bondar A.,1,1,hc,7.50,away,ft,4.36,5
YBfA7Qgo,Tjen J.,Osorio C.,1,1,ou,2.50,over,ft,2.608,5
YBfA7Qgo,Tjen J.,Osorio C.,1,1,ou,2.50,under,ft,1.45,5
YBfA7Qgo,Tjen J.,Osorio C.,1,1,ou,15.50,over,ft,1.14,1
YBfA7Qgo,Tjen J.,Osorio C.,1,1,ou,15.50,under,ft,4.84,1
YBfA7Qgo,Tjen J.,Osorio C.,1,1,ou,16.50,over,ft,1.173,3
YBfA7Qgo,Tjen J.,Osorio C.,1,1,ou,16.50,under,ft,4.617,3
YBfA7Qgo,Tjen J.,Osorio C.,1,1,ou,17.50,over,ft,1.292,4
YBfA7Qgo,Tjen J.,Osorio C.,1,1,ou,17.50,under,ft,3.178,4
YBfA7Qgo,Tjen J.,Osorio C.,1,1,ou,18.50,over,ft,1.472,8
YBfA7Qgo,Tjen J.,Osorio C.,1,1,ou,18.50,under,ft,2.484,8
YBfA7Qgo,Tjen J.,Osorio C.,1,1,ou,19.00,over,ft,1.57,1
YBfA7Qgo,Tjen J.,Osorio C.,1,1,ou,19.00,under,ft,2.22,1
YBfA7Qgo,Tjen J.,Osorio C.,1,1,ou,19.50,over,ft,1.683,9
YBfA7Qgo,Tjen J.,Osorio C.,1,1,ou,19.50,under,ft,2.058,9
YBfA7Qgo,Tjen J.,Osorio C.,1,1,ou,20.00,over,ft,1.807,6
YBfA7Qgo,Tjen J.,Osorio C.,1,1,ou,20.00,under,ft,1.925,6
YBfA7Qgo,Tjen J.,Osorio C.,1,1,ou,20.50,over,ft,1.933,10
YBfA7Qgo,Tjen J.,Osorio C.,1,1,ou,20.50,under,ft,1.822,10
YBfA7Qgo,Tjen J.,Osorio C.,1,1,ou,21.00,over,ft,2.025,6
YBfA7Qgo,Tjen J.,Osorio C.,1,1,ou,21.00,under,ft,1.728,6
YBfA7Qgo,Tjen J.,Osorio C.,1,1,ou,21.50,over,ft,2.091,9
YBfA7Qgo,Tjen J.,Osorio C.,1,1,ou,21.50,under,ft,1.659,9
YBfA7Qgo,Tjen J.,Osorio C.,1,1,ou,22.00,over,ft,2.29,1
YBfA7Qgo,Tjen J.,Osorio C.,1,1,ou,22.00,under,ft,1.54,1
YBfA7Qgo,Tjen J.,Osorio C.,1,1,ou,22.50,over,ft,2.376,7
YBfA7Qgo,Tjen J.,Osorio C.,1,1,ou,22.50,under,ft,1.513,7
YBfA7Qgo,Tjen J.,Osorio C.,1,1,ou,23.00,over,ft,2.61,1
YBfA7Qgo,Tjen J.,Osorio C.,1,1,ou,23.00,under,ft,1.42,1
YBfA7Qgo,Tjen J.,Osorio C.,1,1,ou,23.50,over,ft,2.59,4
YBfA7Qgo,Tjen J.,Osorio C.,1,1,ou,23.50,under,ft,1.422,4
YBfA7Qgo,Tjen J.,Osorio C.,1,1,ou,24.50,over,ft,2.74,6
YBfA7Qgo,Tjen J.,Osorio C.,1,1,ou,24.50,under,ft,1.395,6
YBfA7Qgo,Tjen J.,Osorio C.,1,1,ou,25.50,over,ft,3.065,4
YBfA7Qgo,Tjen J.,Osorio C.,1,1,ou,25.50,under,ft,1.308,4
YBfA7Qgo,Tjen J.,Osorio C.,1,1,ou,26.50,over,ft,3.428,4
YBfA7Qgo,Tjen J.,Osorio C.,1,1,ou,26.50,under,ft,1.25,4
YBfA7Qgo,Tjen J.,Osorio C.,1,1,ou,27.50,over,ft,3.9,1
YBfA7Qgo,Tjen J.,Osorio C.,1,1,ou,27.50,under,ft,1.2,1
YBfA7Qgo,Tjen J.,Osorio C.,1,1,ou,28.50,over,ft,4.5,1
YBfA7Qgo,Tjen J.,Osorio C.,1,1,ou,28.50,under,ft,1.16,1
YBfA7Qgo,Tjen J.,Osorio C.,1,1,ou,29.50,over,ft,5.23,1
YBfA7Qgo,Tjen J.,Osorio C.,1,1,ou,29.50,under,ft,1.12,1
YBfA7Qgo,Tjen J.,Osorio C.,1,1,hc,1.50,home,ft,1.938,9
YBfA7Qgo,Tjen J.,Osorio C.,1,1,hc,1.50,away,ft,1.794,9
YBfA7Qgo,Tjen J.,Osorio C.,1,1,hc,-1.50,home,ft,5.44,8
YBfA7Qgo,Tjen J.,Osorio C.,1,1,hc,-1.50,away,ft,1.196,8
YBfA7Qgo,Tjen J.,Osorio C.,1,1,hc,1.50,home,ft,2.83,5
YBfA7Qgo,Tjen J.,Osorio C.,1,1,hc,1.50,away,ft,1.382,5
YBfA7Qgo,Tjen J.,Osorio C.,1,1,hc,2.00,home,ft,2.35,3
YBfA7Qgo,Tjen J.,Osorio C.,1,1,hc,2.00,away,ft,1.5,3
YBfA7Qgo,Tjen J.,Osorio C.,1,1,hc,2.50,home,ft,2.712,4
YBfA7Qgo,Tjen J.,Osorio C.,1,1,hc,2.50,away,ft,1.39,4
YBfA7Qgo,Tjen J.,Osorio C.,1,1,hc,3.00,home,ft,2.55,3
YBfA7Qgo,Tjen J.,Osorio C.,1,1,hc,3.00,away,ft,1.43,3
YBfA7Qgo,Tjen J.,Osorio C.,1,1,hc,3.50,home,ft,2.251,9
YBfA7Qgo,Tjen J.,Osorio C.,1,1,hc,3.50,away,ft,1.576,9
YBfA7Qgo,Tjen J.,Osorio C.,1,1,hc,-3.50,home,ft,1.65,1
YBfA7Qgo,Tjen J.,Osorio C.,1,1,hc,-3.50,away,ft,2.11,1
YBfA7Qgo,Tjen J.,Osorio C.,1,1,hc,4.00,home,ft,2.138,5
YBfA7Qgo,Tjen J.,Osorio C.,1,1,hc,4.00,away,ft,1.63,5
YBfA7Qgo,Tjen J.,Osorio C.,1,1,hc,4.50,home,ft,1.936,8
YBfA7Qgo,Tjen J.,Osorio C.,1,1,hc,4.50,away,ft,1.825,8
YBfA7Qgo,Tjen J.,Osorio C.,1,1,hc,5.00,home,ft,1.716,5
YBfA7Qgo,Tjen J.,Osorio C.,1,1,hc,5.00,away,ft,2.01,5
YBfA7Qgo,Tjen J.,Osorio C.,1,1,hc,5.50,home,ft,1.573,8
YBfA7Qgo,Tjen J.,Osorio C.,1,1,hc,5.50,away,ft,2.244,8
YBfA7Qgo,Tjen J.,Osorio C.,1,1,hc,-5.50,home,ft,2.4,1
YBfA7Qgo,Tjen J.,Osorio C.,1,1,hc,-5.50,away,ft,1.51,1
YBfA7Qgo,Tjen J.,Osorio C.,1,1,hc,6.00,home,ft,1.41,5
YBfA7Qgo,Tjen J.,Osorio C.,1,1,hc,6.00,away,ft,2.704,5
YBfA7Qgo,Tjen J.,Osorio C.,1,1,hc,6.50,home,ft,1.31,4
YBfA7Qgo,Tjen J.,Osorio C.,1,1,hc,6.50,away,ft,3.047,4
YBfA7Qgo,Tjen J.,Osorio C.,1,1,hc,7.00,home,ft,1.18,3
YBfA7Qgo,Tjen J.,Osorio C.,1,1,hc,7.00,away,ft,4.12,3
YBfA7Qgo,Tjen J.,Osorio C.,1,1,hc,7.50,home,ft,1.15,3
YBfA7Qgo,Tjen J.,Osorio C.,1,1,hc,7.50,away,ft,4.95,3
S4SJQuzB,Kabbaj Y.,Maria T.,2,2,ou,2.50,over,ft,2.898,5
S4SJQuzB,Kabbaj Y.,Maria T.,2,2,ou,2.50,under,ft,1.382,5
S4SJQuzB,Kabbaj Y.,Maria T.,2,2,ou,15.50,over,ft,1.11,1
S4SJQuzB,Kabbaj Y.,Maria T.,2,2,ou,15.50,under,ft,5.37,1
S4SJQuzB,Kabbaj Y.,Maria T.,2,2,ou,16.50,over,ft,1.205,6
S4SJQuzB,Kabbaj Y.,Maria T.,2,2,ou,16.50,under,ft,3.942,6
S4SJQuzB,Kabbaj Y.,Maria T.,2,2,ou,17.50,over,ft,1.38,6
S4SJQuzB,Kabbaj Y.,Maria T.,2,2,ou,17.50,under,ft,2.787,6
S4SJQuzB,Kabbaj Y.,Maria T.,2,2,ou,18.00,over,ft,1.44,1
S4SJQuzB,Kabbaj Y.,Maria T.,2,2,ou,18.00,under,ft,2.56,1
S4SJQuzB,Kabbaj Y.,Maria T.,2,2,ou,18.50,over,ft,1.58,10
S4SJQuzB,Kabbaj Y.,Maria T.,2,2,ou,18.50,under,ft,2.247,10
S4SJQuzB,Kabbaj Y.,Maria T.,2,2,ou,19.00,over,ft,1.687,6
S4SJQuzB,Kabbaj Y.,Maria T.,2,2,ou,19.00,under,ft,2.087,6
S4SJQuzB,Kabbaj Y.,Maria T.,2,2,ou,19.50,over,ft,1.825,10
S4SJQuzB,Kabbaj Y.,Maria T.,2,2,ou,19.50,under,ft,1.885,10
S4SJQuzB,Kabbaj Y.,Maria T.,2,2,ou,20.00,over,ft,1.937,6
S4SJQuzB,Kabbaj Y.,Maria T.,2,2,ou,20.00,under,ft,1.802,6
S4SJQuzB,Kabbaj Y.,Maria T.,2,2,ou,20.50,over,ft,2.063,10
S4SJQuzB,Kabbaj Y.,Maria T.,2,2,ou,20.50,under,ft,1.682,10
S4SJQuzB,Kabbaj Y.,Maria T.,2,2,ou,21.00,over,ft,2.17,1
S4SJQuzB,Kabbaj Y.,Maria T.,2,2,ou,21.00,under,ft,1.6,1
S4SJQuzB,Kabbaj Y.,Maria T.,2,2,ou,21.50,over,ft,2.347,6
S4SJQuzB,Kabbaj Y.,Maria T.,2,2,ou,21.50,under,ft,1.52,6
S4SJQuzB,Kabbaj Y.,Maria T.,2,2,ou,22.00,over,ft,2.45,1
S4SJQuzB,Kabbaj Y.,Maria T.,2,2,ou,22.00,under,ft,1.47,1
S4SJQuzB,Kabbaj Y.,Maria T.,2,2,ou,22.50,over,ft,2.691,7
S4SJQuzB,Kabbaj Y.,Maria T.,2,2,ou,22.50,under,ft,1.416,7
S4SJQuzB,Kabbaj Y.,Maria T.,2,2,ou,23.50,over,ft,3.042,5
S4SJQuzB,Kabbaj Y.,Maria T.,2,2,ou,23.50,under,ft,1.322,5
S4SJQuzB,Kabbaj Y.,Maria T.,2,2,ou,24.50,over,ft,3.224,7
S4SJQuzB,Kabbaj Y.,Maria T.,2,2,ou,24.50,under,ft,1.306,7
S4SJQuzB,Kabbaj Y.,Maria T.,2,2,ou,25.50,over,ft,3.415,2
S4SJQuzB,Kabbaj Y.,Maria T.,2,2,ou,25.50,under,ft,1.28,2
S4SJQuzB,Kabbaj Y.,Maria T.,2,2,ou,26.50,over,ft,3.53,1
S4SJQuzB,Kabbaj Y.,Maria T.,2,2,ou,26.50,under,ft,1.24,1
S4SJQuzB,Kabbaj Y.,Maria T.,2,2,ou,27.50,over,ft,3.89,1
S4SJQuzB,Kabbaj Y.,Maria T.,2,2,ou,27.50,under,ft,1.21,1
S4SJQuzB,Kabbaj Y.,Maria T.,2,2,ou,28.50,over,ft,4.39,1
S4SJQuzB,Kabbaj Y.,Maria T.,2,2,ou,28.50,under,ft,1.16,1
S4SJQuzB,Kabbaj Y.,Maria T.,2,2,ou,29.50,over,ft,5.15,1
S4SJQuzB,Kabbaj Y.,Maria T.,2,2,ou,29.50,under,ft,1.12,1
S4SJQuzB,Kabbaj Y.,Maria T.,2,2,hc,1.50,home,ft,2.09,9
S4SJQuzB,Kabbaj Y.,Maria T.,2,2,hc,1.50,away,ft,1.684,9
S4SJQuzB,Kabbaj Y.,Maria T.,2,2,hc,-1.50,home,ft,6.409,7
S4SJQuzB,Kabbaj Y.,Maria T.,2,2,hc,-1.50,away,ft,1.09,7
S4SJQuzB,Kabbaj Y.,Maria T.,2,2,hc,1.50,home,ft,3.45,3
S4SJQuzB,Kabbaj Y.,Maria T.,2,2,hc,1.50,away,ft,1.277,3
S4SJQuzB,Kabbaj Y.,Maria T.,2,2,hc,2.50,home,ft,2.99,5
S4SJQuzB,Kabbaj Y.,Maria T.,2,2,hc,2.50,away,ft,1.326,5
S4SJQuzB,Kabbaj Y.,Maria T.,2,2,hc,3.00,home,ft,3.13,3
S4SJQuzB,Kabbaj Y.,Maria T.,2,2,hc,3.00,away,ft,1.29,3
S4SJQuzB,Kabbaj Y.,Maria T.,2,2,hc,3.50,home,ft,2.55,7
S4SJQuzB,Kabbaj Y.,Maria T.,2,2,hc,3.50,away,ft,1.446,7
S4SJQuzB,Kabbaj Y.,Maria T.,2,2,hc,4.00,home,ft,2.33,5
S4SJQuzB,Kabbaj Y.,Maria T.,2,2,hc,4.00,away,ft,1.542,5
S4SJQuzB,Kabbaj Y.,Maria T.,2,2,hc,4.50,home,ft,2.16,8
S4SJQuzB,Kabbaj Y.,Maria T.,2,2,hc,4.50,away,ft,1.639,8
S4SJQuzB,Kabbaj Y.,Maria T.,2,2,hc,5.00,home,ft,1.854,5
S4SJQuzB,Kabbaj Y.,Maria T.,2,2,hc,5.00,away,ft,1.844,5
S4SJQuzB,Kabbaj Y.,Maria T.,2,2,hc,5.50,home,ft,1.729,8
S4SJQuzB,Kabbaj Y.,Maria T.,2,2,hc,5.50,away,ft,2.059,8
S4SJQuzB,Kabbaj Y.,Maria T.,2,2,hc,6.00,home,ft,1.512,5
S4SJQuzB,Kabbaj Y.,Maria T.,2,2,hc,6.00,away,ft,2.394,5
S4SJQuzB,Kabbaj Y.,Maria T.,2,2,hc,6.50,home,ft,1.436,8
S4SJQuzB,Kabbaj Y.,Maria T.,2,2,hc,6.50,away,ft,2.6,8
S4SJQuzB,Kabbaj Y.,Maria T.,2,2,hc,7.00,home,ft,1.24,3
S4SJQuzB,Kabbaj Y.,Maria T.,2,2,hc,7.00,away,ft,3.49,3
S4SJQuzB,Kabbaj Y.,Maria T.,2,2,hc,7.50,home,ft,1.197,6
S4SJQuzB,Kabbaj Y.,Maria T.,2,2,hc,7.50,away,ft,4.045,6
S4SJQuzB,Kabbaj Y.,Maria T.,2,2,hc,8.00,home,ft,1.13,3
S4SJQuzB,Kabbaj Y.,Maria T.,2,2,hc,8.00,away,ft,4.81,3
OCe2H3Sg,Marcinko P.,Kotliar Y.,2,2,ou,2.50,over,ft,3.752,5
OCe2H3Sg,Marcinko P.,Kotliar Y.,2,2,ou,2.50,under,ft,1.236,5
OCe2H3Sg,Marcinko P.,Kotliar Y.,2,2,ou,13.50,over,ft,1.02,1
OCe2H3Sg,Marcinko P.,Kotliar Y.,2,2,ou,13.50,under,ft,7.81,1
OCe2H3Sg,Marcinko P.,Kotliar Y.,2,2,ou,14.50,over,ft,1.08,4
OCe2H3Sg,Marcinko P.,Kotliar Y.,2,2,ou,14.50,under,ft,6.2,4
OCe2H3Sg,Marcinko P.,Kotliar Y.,2,2,ou,15.50,over,ft,1.21,5
OCe2H3Sg,Marcinko P.,Kotliar Y.,2,2,ou,15.50,under,ft,3.872,5
OCe2H3Sg,Marcinko P.,Kotliar Y.,2,2,ou,16.50,over,ft,1.374,5
OCe2H3Sg,Marcinko P.,Kotliar Y.,2,2,ou,16.50,under,ft,2.768,5
OCe2H3Sg,Marcinko P.,Kotliar Y.,2,2,ou,17.00,over,ft,1.483,3
OCe2H3Sg,Marcinko P.,Kotliar Y.,2,2,ou,17.00,under,ft,2.517,3
OCe2H3Sg,Marcinko P.,Kotliar Y.,2,2,ou,17.50,over,ft,1.65,9
OCe2H3Sg,Marcinko P.,Kotliar Y.,2,2,ou,17.50,under,ft,2.122,9
OCe2H3Sg,Marcinko P.,Kotliar Y.,2,2,ou,18.00,over,ft,1.768,6
OCe2H3Sg,Marcinko P.,Kotliar Y.,2,2,ou,18.00,under,ft,1.963,6
OCe2H3Sg,Marcinko P.,Kotliar Y.,2,2,ou,18.50,over,ft,1.939,10
OCe2H3Sg,Marcinko P.,Kotliar Y.,2,2,ou,18.50,under,ft,1.822,10
OCe2H3Sg,Marcinko P.,Kotliar Y.,2,2,ou,19.00,over,ft,2.097,6
OCe2H3Sg,Marcinko P.,Kotliar Y.,2,2,ou,19.00,under,ft,1.673,6
OCe2H3Sg,Marcinko P.,Kotliar Y.,2,2,ou,19.50,over,ft,2.206,9
OCe2H3Sg,Marcinko P.,Kotliar Y.,2,2,ou,19.50,under,ft,1.602,9
OCe2H3Sg,Marcinko P.,Kotliar Y.,2,2,ou,20.00,over,ft,2.208,4
OCe2H3Sg,Marcinko P.,Kotliar Y.,2,2,ou,20.00,under,ft,1.607,4
OCe2H3Sg,Marcinko P.,Kotliar Y.,2,2,ou,20.50,over,ft,2.606,5
OCe2H3Sg,Marcinko P.,Kotliar Y.,2,2,ou,20.50,under,ft,1.418,5
OCe2H3Sg,Marcinko P.,Kotliar Y.,2,2,ou,21.00,over,ft,2.78,1
OCe2H3Sg,Marcinko P.,Kotliar Y.,2,2,ou,21.00,under,ft,1.38,1
OCe2H3Sg,Marcinko P.,Kotliar Y.,2,2,ou,21.50,over,ft,2.964,5
OCe2H3Sg,Marcinko P.,Kotliar Y.,2,2,ou,21.50,under,ft,1.33,5
OCe2H3Sg,Marcinko P.,Kotliar Y.,2,2,ou,22.50,over,ft,3.382,4
OCe2H3Sg,Marcinko P.,Kotliar Y.,2,2,ou,22.50,under,ft,1.26,4
OCe2H3Sg,Marcinko P.,Kotliar Y.,2,2,ou,23.50,over,ft,3.72,4
OCe2H3Sg,Marcinko P.,Kotliar Y.,2,2,ou,23.50,under,ft,1.215,4
OCe2H3Sg,Marcinko P.,Kotliar Y.,2,2,ou,24.50,over,ft,3.64,1
OCe2H3Sg,Marcinko P.,Kotliar Y.,2,2,ou,24.50,under,ft,1.23,1
OCe2H3Sg,Marcinko P.,Kotliar Y.,2,2,ou,25.50,over,ft,3.86,1
OCe2H3Sg,Marcinko P.,Kotliar Y.,2,2,ou,25.50,under,ft,1.21,1
OCe2H3Sg,Marcinko P.,Kotliar Y.,2,2,ou,26.50,over,ft,4.27,1
OCe2H3Sg,Marcinko P.,Kotliar Y.,2,2,ou,26.50,under,ft,1.17,1
OCe2H3Sg,Marcinko P.,Kotliar Y.,2,2,ou,27.50,over,ft,4.72,1
OCe2H3Sg,Marcinko P.,Kotliar Y.,2,2,ou,27.50,under,ft,1.14,1
OCe2H3Sg,Marcinko P.,Kotliar Y.,2,2,ou,28.50,over,ft,5.36,1
OCe2H3Sg,Marcinko P.,Kotliar Y.,2,2,ou,28.50,under,ft,1.11,1
OCe2H3Sg,Marcinko P.,Kotliar Y.,2,2,ou,31.50,over,ft,9.7,3
OCe2H3Sg,Marcinko P.,Kotliar Y.,2,2,ou,32.50,over,ft,9.7,3
OCe2H3Sg,Marcinko P.,Kotliar Y.,2,2,ou,33.50,over,ft,9.7,3
OCe2H3Sg,Marcinko P.,Kotliar Y.,2,2,hc,1.50,home,ft,1.028,6
OCe2H3Sg,Marcinko P.,Kotliar Y.,2,2,hc,1.50,away,ft,10.474,7
OCe2H3Sg,Marcinko P.,Kotliar Y.,2,2,hc,-1.50,home,ft,1.368,9
OCe2H3Sg,Marcinko P.,Kotliar Y.,2,2,hc,-1.50,away,ft,2.862,9
OCe2H3Sg,Marcinko P.,Kotliar Y.,2,2,hc,-3.50,home,ft,1.21,3
OCe2H3Sg,Marcinko P.,Kotliar Y.,2,2,hc,-3.50,away,ft,3.72,3
OCe2H3Sg,Marcinko P.,Kotliar Y.,2,2,hc,-4.00,home,ft,1.17,3
OCe2H3Sg,Marcinko P.,Kotliar Y.,2,2,hc,-4.00,away,ft,4.19,3
OCe2H3Sg,Marcinko P.,Kotliar Y.,2,2,hc,-4.50,home,ft,1.305,4
OCe2H3Sg,Marcinko P.,Kotliar Y.,2,2,hc,-4.50,away,ft,3.225,4
OCe2H3Sg,Marcinko P.,Kotliar Y.,2,2,hc,-5.00,home,ft,1.41,3
OCe2H3Sg,Marcinko P.,Kotliar Y.,2,2,hc,-5.00,away,ft,2.73,3
OCe2H3Sg,Marcinko P.,Kotliar Y.,2,2,hc,-5.50,home,ft,1.571,9
OCe2H3Sg,Marcinko P.,Kotliar Y.,2,2,hc,-5.50,away,ft,2.273,9
OCe2H3Sg,Marcinko P.,Kotliar Y.,2,2,hc,-6.00,home,ft,1.774,5
OCe2H3Sg,Marcinko P.,Kotliar Y.,2,2,hc,-6.00,away,ft,1.984,5
OCe2H3Sg,Marcinko P.,Kotliar Y.,2,2,hc,-6.50,home,ft,1.963,7
OCe2H3Sg,Marcinko P.,Kotliar Y.,2,2,hc,-6.50,away,ft,1.806,7
OCe2H3Sg,Marcinko P.,Kotliar Y.,2,2,hc,-7.00,home,ft,2.39,5
OCe2H3Sg,Marcinko P.,Kotliar Y.,2,2,hc,-7.00,away,ft,1.534,5
OCe2H3Sg,Marcinko P.,Kotliar Y.,2,2,hc,-7.50,home,ft,2.709,7
OCe2H3Sg,Marcinko P.,Kotliar Y.,2,2,hc,-7.50,away,ft,1.44,7
OCe2H3Sg,Marcinko P.,Kotliar Y.,2,2,hc,-8.00,home,ft,3.9,3
OCe2H3Sg,Marcinko P.,Kotliar Y.,2,2,hc,-8.00,away,ft,1.22,3
OCe2H3Sg,Marcinko P.,Kotliar Y.,2,2,hc,-8.50,home,ft,4.288,4
OCe2H3Sg,Marcinko P.,Kotliar Y.,2,2,hc,-8.50,away,ft,1.188,4
KhtkhOek,Nahimana S.,Udvardy P.,0,0,ou,2.50,over,ft,2.922,5
KhtkhOek,Nahimana S.,Udvardy P.,0,0,ou,2.50,under,ft,1.37,5
KhtkhOek,Nahimana S.,Udvardy P.,0,0,ou,15.50,over,ft,1.11,1
KhtkhOek,Nahimana S.,Udvardy P.,0,0,ou,15.50,under,ft,5.39,1
KhtkhOek,Nahimana S.,Udvardy P.,0,0,ou,16.50,over,ft,1.192,6
KhtkhOek,Nahimana S.,Udvardy P.,0,0,ou,16.50,under,ft,4.107,6
KhtkhOek,Nahimana S.,Udvardy P.,0,0,ou,17.50,over,ft,1.368,5
KhtkhOek,Nahimana S.,Udvardy P.,0,0,ou,17.50,under,ft,2.798,5
KhtkhOek,Nahimana S.,Udvardy P.,0,0,ou,18.00,over,ft,1.43,1
KhtkhOek,Nahimana S.,Udvardy P.,0,0,ou,18.00,under,ft,2.58,1
KhtkhOek,Nahimana S.,Udvardy P.,0,0,ou,18.50,over,ft,1.579,8
KhtkhOek,Nahimana S.,Udvardy P.,0,0,ou,18.50,under,ft,2.23,8
KhtkhOek,Nahimana S.,Udvardy P.,0,0,ou,19.00,over,ft,1.697,6
KhtkhOek,Nahimana S.,Udvardy P.,0,0,ou,19.00,under,ft,2.072,6
KhtkhOek,Nahimana S.,Udvardy P.,0,0,ou,19.50,over,ft,1.841,9
KhtkhOek,Nahimana S.,Udvardy P.,0,0,ou,19.50,under,ft,1.9,9
KhtkhOek,Nahimana S.,Udvardy P.,0,0,ou,20.00,over,ft,1.96,6
KhtkhOek,Nahimana S.,Udvardy P.,0,0,ou,20.00,under,ft,1.778,6
KhtkhOek,Nahimana S.,Udvardy P.,0,0,ou,20.50,over,ft,2.071,10
KhtkhOek,Nahimana S.,Udvardy P.,0,0,ou,20.50,under,ft,1.673,10
KhtkhOek,Nahimana S.,Udvardy P.,0,0,ou,21.00,over,ft,2.002,6
KhtkhOek,Nahimana S.,Udvardy P.,0,0,ou,21.00,under,ft,1.753,6
KhtkhOek,Nahimana S.,Udvardy P.,0,0,ou,21.50,over,ft,2.323,6
KhtkhOek,Nahimana S.,Udvardy P.,0,0,ou,21.50,under,ft,1.52,6
KhtkhOek,Nahimana S.,Udvardy P.,0,0,ou,22.00,over,ft,2.167,4
KhtkhOek,Nahimana S.,Udvardy P.,0,0,ou,22.00,under,ft,1.63,4
KhtkhOek,Nahimana S.,Udvardy P.,0,0,ou,22.50,over,ft,2.646,7
KhtkhOek,Nahimana S.,Udvardy P.,0,0,ou,22.50,under,ft,1.429,7
KhtkhOek,Nahimana S.,Udvardy P.,0,0,ou,23.00,over,ft,2.73,1
KhtkhOek,Nahimana S.,Udvardy P.,0,0,ou,23.00,under,ft,1.39,1
KhtkhOek,Nahimana S.,Udvardy P.,0,0,ou,23.50,over,ft,3.047,4
KhtkhOek,Nahimana S.,Udvardy P.,0,0,ou,23.50,under,ft,1.31,4
KhtkhOek,Nahimana S.,Udvardy P.,0,0,ou,24.50,over,ft,3.267,6
KhtkhOek,Nahimana S.,Udvardy P.,0,0,ou,24.50,under,ft,1.29,6
KhtkhOek,Nahimana S.,Udvardy P.,0,0,ou,25.50,over,ft,3.285,4
KhtkhOek,Nahimana S.,Udvardy P.,0,0,ou,25.50,under,ft,1.275,4
KhtkhOek,Nahimana S.,Udvardy P.,0,0,ou,26.50,over,ft,3.62,1
KhtkhOek,Nahimana S.,Udvardy P.,0,0,ou,26.50,under,ft,1.23,1
KhtkhOek,Nahimana S.,Udvardy P.,0,0,ou,27.50,over,ft,3.9,1
KhtkhOek,Nahimana S.,Udvardy P.,0,0,ou,27.50,under,ft,1.2,1
KhtkhOek,Nahimana S.,Udvardy P.,0,0,ou,28.50,over,ft,4.5,1
KhtkhOek,Nahimana S.,Udvardy P.,0,0,ou,28.50,under,ft,1.16,1
KhtkhOek,Nahimana S.,Udvardy P.,0,0,ou,29.50,over,ft,5.31,1
KhtkhOek,Nahimana S.,Udvardy P.,0,0,ou,29.50,under,ft,1.11,1
KhtkhOek,Nahimana S.,Udvardy P.,0,0,ou,30.50,over,ft,5.77,1
KhtkhOek,Nahimana S.,Udvardy P.,0,0,ou,30.50,under,ft,1.09,1
KhtkhOek,Nahimana S.,Udvardy P.,0,0,hc,1.50,home,ft,2.081,9
KhtkhOek,Nahimana S.,Udvardy P.,0,0,hc,1.50,away,ft,1.69,9
KhtkhOek,Nahimana S.,Udvardy P.,0,0,hc,-1.50,home,ft,6.179,7
KhtkhOek,Nahimana S.,Udvardy P.,0,0,hc,-1.50,away,ft,1.1,7
KhtkhOek,Nahimana S.,Udvardy P.,0,0,hc,1.50,home,ft,3.515,2
KhtkhOek,Nahimana S.,Udvardy P.,0,0,hc,1.50,away,ft,1.28,2
KhtkhOek,Nahimana S.,Udvardy P.,0,0,hc,2.50,home,ft,2.922,4
KhtkhOek,Nahimana S.,Udvardy P.,0,0,hc,2.50,away,ft,1.335,4
KhtkhOek,Nahimana S.,Udvardy P.,0,0,hc,3.00,home,ft,2.95,3
KhtkhOek,Nahimana S.,Udvardy P.,0,0,hc,3.00,away,ft,1.33,3
KhtkhOek,Nahimana S.,Udvardy P.,0,0,hc,3.50,home,ft,2.561,7
KhtkhOek,Nahimana S.,Udvardy P.,0,0,hc,3.50,away,ft,1.464,7
KhtkhOek,Nahimana S.,Udvardy P.,0,0,hc,4.00,home,ft,2.392,5
KhtkhOek,Nahimana S.,Udvardy P.,0,0,hc,4.00,away,ft,1.538,5
KhtkhOek,Nahimana S.,Udvardy P.,0,0,hc,4.50,home,ft,2.079,8
KhtkhOek,Nahimana S.,Udvardy P.,0,0,hc,4.50,away,ft,1.689,8
KhtkhOek,Nahimana S.,Udvardy P.,0,0,hc,5.00,home,ft,1.896,5
KhtkhOek,Nahimana S.,Udvardy P.,0,0,hc,5.00,away,ft,1.836,5
KhtkhOek,Nahimana S.,Udvardy P.,0,0,hc,5.50,home,ft,1.73,8
KhtkhOek,Nahimana S.,Udvardy P.,0,0,hc,5.50,away,ft,2.049,8
KhtkhOek,Nahimana S.,Udvardy P.,0,0,hc,6.00,home,ft,1.526,5
KhtkhOek,Nahimana S.,Udvardy P.,0,0,hc,6.00,away,ft,2.42,5
KhtkhOek,Nahimana S.,Udvardy P.,0,0,hc,6.50,home,ft,1.43,4
KhtkhOek,Nahimana S.,Udvardy P.,0,0,hc,6.50,away,ft,2.655,4
KhtkhOek,Nahimana S.,Udvardy P.,0,0,hc,7.00,home,ft,1.27,3
KhtkhOek,Nahimana S.,Udvardy P.,0,0,hc,7.00,away,ft,3.48,3
KhtkhOek,Nahimana S.,Udvardy P.,0,0,hc,7.50,home,ft,1.198,6
KhtkhOek,Nahimana S.,Udvardy P.,0,0,hc,7.50,away,ft,4.217,6
EoU4Zur2,Ferro F.,Bouzas Maneiro J.,1,1,ou,2.50,over,ft,2.38,5
EoU4Zur2,Ferro F.,Bouzas Maneiro J.,1,1,ou,2.50,under,ft,1.532,5
EoU4Zur2,Ferro F.,Bouzas Maneiro J.,1,1,ou,16.50,over,ft,1.13,3
EoU4Zur2,Ferro F.,Bouzas Maneiro J.,1,1,ou,16.50,under,ft,5.347,3
EoU4Zur2,Ferro F.,Bouzas Maneiro J.,1,1,ou,17.50,over,ft,1.232,4
EoU4Zur2,Ferro F.,Bouzas Maneiro J.,1,1,ou,17.50,under,ft,3.607,4
EoU4Zur2,Ferro F.,Bouzas Maneiro J.,1,1,ou,18.50,over,ft,1.366,7
EoU4Zur2,Ferro F.,Bouzas Maneiro J.,1,1,ou,18.50,under,ft,2.857,7
EoU4Zur2,Ferro F.,Bouzas Maneiro J.,1,1,ou,19.50,over,ft,1.543,7
EoU4Zur2,Ferro F.,Bouzas Maneiro J.,1,1,ou,19.50,under,ft,2.284,7
EoU4Zur2,Ferro F.,Bouzas Maneiro J.,1,1,ou,20.00,over,ft,1.653,6
EoU4Zur2,Ferro F.,Bouzas Maneiro J.,1,1,ou,20.00,under,ft,2.142,6
EoU4Zur2,Ferro F.,Bouzas Maneiro J.,1,1,ou,20.50,over,ft,1.813,10
EoU4Zur2,Ferro F.,Bouzas Maneiro J.,1,1,ou,20.50,under,ft,1.924,10
EoU4Zur2,Ferro F.,Bouzas Maneiro J.,1,1,ou,21.00,over,ft,1.838,6
EoU4Zur2,Ferro F.,Bouzas Maneiro J.,1,1,ou,21.00,under,ft,1.88,6
EoU4Zur2,Ferro F.,Bouzas Maneiro J.,1,1,ou,21.50,over,ft,1.938,9
EoU4Zur2,Ferro F.,Bouzas Maneiro J.,1,1,ou,21.50,under,ft,1.78,9
EoU4Zur2,Ferro F.,Bouzas Maneiro J.,1,1,ou,22.00,over,ft,2.033,3
EoU4Zur2,Ferro F.,Bouzas Maneiro J.,1,1,ou,22.00,under,ft,1.733,3
EoU4Zur2,Ferro F.,Bouzas Maneiro J.,1,1,ou,22.50,over,ft,2.21,9
EoU4Zur2,Ferro F.,Bouzas Maneiro J.,1,1,ou,22.50,under,ft,1.589,9
EoU4Zur2,Ferro F.,Bouzas Maneiro J.,1,1,ou,23.00,over,ft,2.29,1
EoU4Zur2,Ferro F.,Bouzas Maneiro J.,1,1,ou,23.00,under,ft,1.54,1
EoU4Zur2,Ferro F.,Bouzas Maneiro J.,1,1,ou,23.50,over,ft,2.512,5
EoU4Zur2,Ferro F.,Bouzas Maneiro J.,1,1,ou,23.50,under,ft,1.448,5
EoU4Zur2,Ferro F.,Bouzas Maneiro J.,1,1,ou,24.50,over,ft,2.648,6
EoU4Zur2,Ferro F.,Bouzas Maneiro J.,1,1,ou,24.50,under,ft,1.422,6
EoU4Zur2,Ferro F.,Bouzas Maneiro J.,1,1,ou,25.50,over,ft,3.128,4
EoU4Zur2,Ferro F.,Bouzas Maneiro J.,1,1,ou,25.50,under,ft,1.3,4
EoU4Zur2,Ferro F.,Bouzas Maneiro J.,1,1,ou,26.50,over,ft,3.683,4
EoU4Zur2,Ferro F.,Bouzas Maneiro J.,1,1,ou,26.50,under,ft,1.22,4
EoU4Zur2,Ferro F.,Bouzas Maneiro J.,1,1,ou,27.50,over,ft,3.61,1
EoU4Zur2,Ferro F.,Bouzas Maneiro J.,1,1,ou,27.50,under,ft,1.24,1
EoU4Zur2,Ferro F.,Bouzas Maneiro J.,1,1,ou,28.50,over,ft,4.17,1
EoU4Zur2,Ferro F.,Bouzas Maneiro J.,1,1,ou,28.50,under,ft,1.18,1
EoU4Zur2,Ferro F.,Bouzas Maneiro J.,1,1,ou,29.50,over,ft,4.95,1
EoU4Zur2,Ferro F.,Bouzas Maneiro J.,1,1,ou,29.50,under,ft,1.13,1
EoU4Zur2,Ferro F.,Bouzas Maneiro J.,1,1,ou,30.50,over,ft,6.0,1
EoU4Zur2,Ferro F.,Bouzas Maneiro J.,1,1,ou,30.50,under,ft,1.09,1
EoU4Zur2,Ferro F.,Bouzas Maneiro J.,1,1,hc,1.50,home,ft,1.547,9
EoU4Zur2,Ferro F.,Bouzas Maneiro J.,1,1,hc,1.50,away,ft,2.34,9
EoU4Zur2,Ferro F.,Bouzas Maneiro J.,1,1,hc,-1.50,home,ft,3.776,7
EoU4Zur2,Ferro F.,Bouzas Maneiro J.,1,1,hc,-1.50,away,ft,1.239,7
EoU4Zur2,Ferro F.,Bouzas Maneiro J.,1,1,hc,0,home,ft,2.22,3
EoU4Zur2,Ferro F.,Bouzas Maneiro J.,1,1,hc,0,away,ft,1.56,3
EoU4Zur2,Ferro F.,Bouzas Maneiro J.,1,1,hc,0.50,home,ft,2.147,4
EoU4Zur2,Ferro F.,Bouzas Maneiro J.,1,1,hc,0.50,away,ft,1.598,4
EoU4Zur2,Ferro F.,Bouzas Maneiro J.,1,1,hc,-0.50,home,ft,2.28,1
EoU4Zur2,Ferro F.,Bouzas Maneiro J.,1,1,hc,-0.50,away,ft,1.55,1
EoU4Zur2,Ferro F.,Bouzas Maneiro J.,1,1,hc,1.00,home,ft,2.07,3
EoU4Zur2,Ferro F.,Bouzas Maneiro J.,1,1,hc,1.00,away,ft,1.64,3
EoU4Zur2,Ferro F.,Bouzas Maneiro J.,1,1,hc,1.50,home,ft,2.046,7
EoU4Zur2,Ferro F.,Bouzas Maneiro J.,1,1,hc,1.50,away,ft,1.687,7
EoU4Zur2,Ferro F.,Bouzas Maneiro J.,1,1,hc,-1.50,home,ft,2.67,2
EoU4Zur2,Ferro F.,Bouzas Maneiro J.,1,1,hc,-1.50,away,ft,1.445,2
EoU4Zur2,Ferro F.,Bouzas Maneiro J.,1,1,hc,2.00,home,ft,1.924,5
EoU4Zur2,Ferro F.,Bouzas Maneiro J.,1,1,hc,2.00,away,ft,1.788,5
EoU4Zur2,Ferro F.,Bouzas Maneiro J.,1,1,hc,2.50,home,ft,1.952,8
EoU4Zur2,Ferro F.,Bouzas Maneiro J.,1,1,hc,2.50,away,ft,1.819,8
EoU4Zur2,Ferro F.,Bouzas Maneiro J.,1,1,hc,3.00,home,ft,1.758,5
EoU4Zur2,Ferro F.,Bouzas Maneiro J.,1,1,hc,3.00,away,ft,1.964,5
EoU4Zur2,Ferro F.,Bouzas Maneiro J.,1,1,hc,3.50,home,ft,1.722,9
EoU4Zur2,Ferro F.,Bouzas Maneiro J.,1,1,hc,3.50,away,ft,2.001,9
EoU4Zur2,Ferro F.,Bouzas Maneiro J.,1,1,hc,-3.50,home,ft,3.18,2
EoU4Zur2,Ferro F.,Bouzas Maneiro J.,1,1,hc,-3.50,away,ft,1.33,2
EoU4Zur2,Ferro F.,Bouzas Maneiro J.,1,1,hc,4.00,home,ft,1.598,5
EoU4Zur2,Ferro F.,Bouzas Maneiro J.,1,1,hc,4.00,away,ft,2.196,5
EoU4Zur2,Ferro F.,Bouzas Maneiro J.,1,1,hc,4.50,home,ft,1.568,9
EoU4Zur2,Ferro F.,Bouzas Maneiro J.,1,1,hc,4.50,away,ft,2.269,9
EoU4Zur2,Ferro F.,Bouzas Maneiro J.,1,1,hc,5.00,home,ft,1.35,4
EoU4Zur2,Ferro F.,Bouzas Maneiro J.,1,1,hc,5.00,away,ft,2.987,4
EoU4Zur2,Ferro F.,Bouzas Maneiro J.,1,1,hc,5.50,home,ft,1.363,6
EoU4Zur2,Ferro F.,Bouzas Maneiro J.,1,1,hc,5.50,away,ft,2.877,6
EoU4Zur2,Ferro F.,Bouzas Maneiro J.,1,1,hc,6.00,home,ft,1.25,3
EoU4Zur2,Ferro F.,Bouzas Maneiro J.,1,1,hc,6.00,away,ft,3.42,3
EoU4Zur2,Ferro F.,Bouzas Maneiro J.,1,1,hc,6.50,home,ft,1.22,3
EoU4Zur2,Ferro F.,Bouzas Maneiro J.,1,1,hc,6.50,away,ft,3.62,3
WdiG9okf,Parks A.,Teichmann J.,0,0,ou,2.50,over,ft,2.39,5
WdiG9okf,Parks A.,Teichmann J.,0,0,ou,2.50,under,ft,1.526,5
WdiG9okf,Parks A.,Teichmann J.,0,0,ou,16.50,over,ft,1.09,1
WdiG9okf,Parks A.,Teichmann J.,0,0,ou,16.50,under,ft,5.83,1
WdiG9okf,Parks A.,Teichmann J.,0,0,ou,17.50,over,ft,1.17,1
WdiG9okf,Parks A.,Teichmann J.,0,0,ou,17.50,under,ft,4.32,1
WdiG9okf,Parks A.,Teichmann J.,0,0,ou,18.50,over,ft,1.27,4
WdiG9okf,Parks A.,Teichmann J.,0,0,ou,18.50,under,ft,3.245,4
WdiG9okf,Parks A.,Teichmann J.,0,0,ou,19.50,over,ft,1.458,5
WdiG9okf,Parks A.,Teichmann J.,0,0,ou,19.50,under,ft,2.648,5
WdiG9okf,Parks A.,Teichmann J.,0,0,ou,20.00,over,ft,1.53,1
WdiG9okf,Parks A.,Teichmann J.,0,0,ou,20.00,under,ft,2.3,1
WdiG9okf,Parks A.,Teichmann J.,0,0,ou,20.50,over,ft,1.651,8
WdiG9okf,Parks A.,Teichmann J.,0,0,ou,20.50,under,ft,2.175,8
WdiG9okf,Parks A.,Teichmann J.,0,0,ou,21.00,over,ft,1.733,6
WdiG9okf,Parks A.,Teichmann J.,0,0,ou,21.00,under,ft,2.02,6
WdiG9okf,Parks A.,Teichmann J.,0,0,ou,21.50,over,ft,1.807,10
WdiG9okf,Parks A.,Teichmann J.,0,0,ou,21.50,under,ft,1.948,10
WdiG9okf,Parks A.,Teichmann J.,0,0,ou,22.00,over,ft,1.947,6
WdiG9okf,Parks A.,Teichmann J.,0,0,ou,22.00,under,ft,1.79,6
WdiG9okf,Parks A.,Teichmann J.,0,0,ou,22.50,over,ft,2.049,10
WdiG9okf,Parks A.,Teichmann J.,0,0,ou,22.50,under,ft,1.727,10
WdiG9okf,Parks A.,Teichmann J.,0,0,ou,23.00,over,ft,2.15,1
WdiG9okf,Parks A.,Teichmann J.,0,0,ou,23.00,under,ft,1.61,1
WdiG9okf,Parks A.,Teichmann J.,0,0,ou,23.50,over,ft,2.225,6
WdiG9okf,Parks A.,Teichmann J.,0,0,ou,23.50,under,ft,1.617,6
WdiG9okf,Parks A.,Teichmann J.,0,0,ou,24.00,over,ft,2.32,1
WdiG9okf,Parks A.,Teichmann J.,0,0,ou,24.00,under,ft,1.52,1
WdiG9okf,Parks A.,Teichmann J.,0,0,ou,24.50,over,ft,2.422,5
WdiG9okf,Parks A.,Teichmann J.,0,0,ou,24.50,under,ft,1.492,5
WdiG9okf,Parks A.,Teichmann J.,0,0,ou,25.00,over,ft,2.54,1
WdiG9okf,Parks A.,Teichmann J.,0,0,ou,25.00,under,ft,1.44,1
WdiG9okf,Parks A.,Teichmann J.,0,0,ou,25.50,over,ft,2.835,4
WdiG9okf,Parks A.,Teichmann J.,0,0,ou,25.50,under,ft,1.357,4
WdiG9okf,Parks A.,Teichmann J.,0,0,ou,26.50,over,ft,3.225,4
WdiG9okf,Parks A.,Teichmann J.,0,0,ou,26.50,under,ft,1.285,4
WdiG9okf,Parks A.,Teichmann J.,0,0,ou,27.50,over,ft,3.09,1
WdiG9okf,Parks A.,Teichmann J.,0,0,ou,27.50,under,ft,1.31,1
WdiG9okf,Parks A.,Teichmann J.,0,0,ou,28.50,over,ft,3.31,1
WdiG9okf,Parks A.,Teichmann J.,0,0,ou,28.50,under,ft,1.27,1
WdiG9okf,Parks A.,Teichmann J.,0,0,ou,29.50,over,ft,3.9,1
WdiG9okf,Parks A.,Teichmann J.,0,0,ou,29.50,under,ft,1.2,1
WdiG9okf,Parks A.,Teichmann J.,0,0,ou,30.50,over,ft,4.69,1
WdiG9okf,Parks A.,Teichmann J.,0,0,ou,30.50,under,ft,1.14,1
WdiG9okf,Parks A.,Teichmann J.,0,0,ou,31.50,over,ft,5.8,1
WdiG9okf,Parks A.,Teichmann J.,0,0,ou,31.50,under,ft,1.09,1
WdiG9okf,Parks A.,Teichmann J.,0,0,hc,1.50,home,ft,1.349,9
WdiG9okf,Parks A.,Teichmann J.,0,0,hc,1.50,away,ft,3.054,9
WdiG9okf,Parks A.,Teichmann J.,0,0,hc,-1.50,home,ft,2.728,9
WdiG9okf,Parks A.,Teichmann J.,0,0,hc,-1.50,away,ft,1.412,9
WdiG9okf,Parks A.,Teichmann J.,0,0,hc,0,home,ft,1.75,5
WdiG9okf,Parks A.,Teichmann J.,0,0,hc,0,away,ft,2.062,5
WdiG9okf,Parks A.,Teichmann J.,0,0,hc,0.50,home,ft,1.762,6
WdiG9okf,Parks A.,Teichmann J.,0,0,hc,0.50,away,ft,2.053,6
WdiG9okf,Parks A.,Teichmann J.,0,0,hc,-0.50,home,ft,1.795,8
WdiG9okf,Parks A.,Teichmann J.,0,0,hc,-0.50,away,ft,1.968,8
WdiG9okf,Parks A.,Teichmann J.,0,0,hc,1.00,home,ft,1.61,3
WdiG9okf,Parks A.,Teichmann J.,0,0,hc,1.00,away,ft,2.11,3
WdiG9okf,Parks A.,Teichmann J.,0,0,hc,-1.00,home,ft,1.87,5
WdiG9okf,Parks A.,Teichmann J.,0,0,hc,-1.00,away,ft,1.924,5
WdiG9okf,Parks A.,Teichmann J.,0,0,hc,1.50,home,ft,1.68,6
WdiG9okf,Parks A.,Teichmann J.,0,0,hc,1.50,away,ft,2.053,6
WdiG9okf,Parks A.,Teichmann J.,0,0,hc,-1.50,home,ft,1.899,7
WdiG9okf,Parks A.,Teichmann J.,0,0,hc,-1.50,away,ft,1.873,7
WdiG9okf,Parks A.,Teichmann J.,0,0,hc,2.00,home,ft,1.52,3
WdiG9okf,Parks A.,Teichmann J.,0,0,hc,2.00,away,ft,2.31,3
WdiG9okf,Parks A.,Teichmann J.,0,0,hc,-2.00,home,ft,2.01,5
WdiG9okf,Parks A.,Teichmann J.,0,0,hc,-2.00,away,ft,1.79,5
WdiG9okf,Parks A.,Teichmann J.,0,0,hc,2.50,home,ft,1.705,4
WdiG9okf,Parks A.,Teichmann J.,0,0,hc,2.50,away,ft,1.998,4
WdiG9okf,Parks A.,Teichmann J.,0,0,hc,-2.50,home,ft,2.07,7
WdiG9okf,Parks A.,Teichmann J.,0,0,hc,-2.50,away,ft,1.726,7
WdiG9okf,Parks A.,Teichmann J.,0,0,hc,3.00,home,ft,1.58,3
WdiG9okf,Parks A.,Teichmann J.,0,0,hc,3.00,away,ft,2.18,3
WdiG9okf,Parks A.,Teichmann J.,0,0,hc,-3.00,home,ft,2.226,5
WdiG9okf,Parks A.,Teichmann J.,0,0,hc,-3.00,away,ft,1.644,5
WdiG9okf,Parks A.,Teichmann J.,0,0,hc,3.50,home,ft,1.54,3
WdiG9okf,Parks A.,Teichmann J.,0,0,hc,3.50,away,ft,2.25,3
WdiG9okf,Parks A.,Teichmann J.,0,0,hc,-3.50,home,ft,2.41,4
WdiG9okf,Parks A.,Teichmann J.,0,0,hc,-3.50,away,ft,1.555,4
WdiG9okf,Parks A.,Teichmann J.,0,0,hc,4.00,home,ft,1.42,3
WdiG9okf,Parks A.,Teichmann J.,0,0,hc,4.00,away,ft,2.59,3
OxNCXg9l,Arango E.,Seidel E.,2,2,ou,2.50,over,ft,2.372,5
OxNCXg9l,Arango E.,Seidel E.,2,2,ou,2.50,under,ft,1.552,5
OxNCXg9l,Arango E.,Seidel E.,2,2,ou,16.50,over,ft,1.14,1
OxNCXg9l,Arango E.,Seidel E.,2,2,ou,16.50,under,ft,4.79,1
OxNCXg9l,Arango E.,Seidel E.,2,2,ou,17.50,over,ft,1.25,1
OxNCXg9l,Arango E.,Seidel E.,2,2,ou,17.50,under,ft,3.52,1
OxNCXg9l,Arango E.,Seidel E.,2,2,ou,18.50,over,ft,1.356,7
OxNCXg9l,Arango E.,Seidel E.,2,2,ou,18.50,under,ft,2.859,7
OxNCXg9l,Arango E.,Seidel E.,2,2,ou,19.50,over,ft,1.552,5
OxNCXg9l,Arango E.,Seidel E.,2,2,ou,19.50,under,ft,2.374,5
OxNCXg9l,Arango E.,Seidel E.,2,2,ou,20.00,over,ft,1.665,6
OxNCXg9l,Arango E.,Seidel E.,2,2,ou,20.00,under,ft,2.125,6
OxNCXg9l,Arango E.,Seidel E.,2,2,ou,20.50,over,ft,1.738,10
OxNCXg9l,Arango E.,Seidel E.,2,2,ou,20.50,under,ft,2.041,10
OxNCXg9l,Arango E.,Seidel E.,2,2,ou,21.00,over,ft,1.85,7
OxNCXg9l,Arango E.,Seidel E.,2,2,ou,21.00,under,ft,1.876,7
OxNCXg9l,Arango E.,Seidel E.,2,2,ou,21.50,over,ft,1.921,10
OxNCXg9l,Arango E.,Seidel E.,2,2,ou,21.50,under,ft,1.846,10
OxNCXg9l,Arango E.,Seidel E.,2,2,ou,22.00,over,ft,2.047,4
OxNCXg9l,Arango E.,Seidel E.,2,2,ou,22.00,under,ft,1.73,4
OxNCXg9l,Arango E.,Seidel E.,2,2,ou,22.50,over,ft,2.161,10
OxNCXg9l,Arango E.,Seidel E.,2,2,ou,22.50,under,ft,1.654,10
OxNCXg9l,Arango E.,Seidel E.,2,2,ou,23.00,over,ft,2.27,1
OxNCXg9l,Arango E.,Seidel E.,2,2,ou,23.00,under,ft,1.55,1
OxNCXg9l,Arango E.,Seidel E.,2,2,ou,23.50,over,ft,2.366,5
OxNCXg9l,Arango E.,Seidel E.,2,2,ou,23.50,under,ft,1.562,5
OxNCXg9l,Arango E.,Seidel E.,2,2,ou,24.50,over,ft,2.68,6
OxNCXg9l,Arango E.,Seidel E.,2,2,ou,24.50,under,ft,1.413,6
OxNCXg9l,Arango E.,Seidel E.,2,2,ou,25.50,over,ft,3.208,4
OxNCXg9l,Arango E.,Seidel E.,2,2,ou,25.50,under,ft,1.285,4
OxNCXg9l,Arango E.,Seidel E.,2,2,ou,26.50,over,ft,3.636,5
OxNCXg9l,Arango E.,Seidel E.,2,2,ou,26.50,under,ft,1.232,5
OxNCXg9l,Arango E.,Seidel E.,2,2,ou,27.50,over,ft,3.57,1
OxNCXg9l,Arango E.,Seidel E.,2,2,ou,27.50,under,ft,1.24,1
OxNCXg9l,Arango E.,Seidel E.,2,2,ou,28.50,over,ft,4.17,1
OxNCXg9l,Arango E.,Seidel E.,2,2,ou,28.50,under,ft,1.18,1
OxNCXg9l,Arango E.,Seidel E.,2,2,ou,29.50,over,ft,4.95,1
OxNCXg9l,Arango E.,Seidel E.,2,2,ou,29.50,under,ft,1.13,1
OxNCXg9l,Arango E.,Seidel E.,2,2,ou,30.50,over,ft,6.06,1
OxNCXg9l,Arango E.,Seidel E.,2,2,ou,30.50,under,ft,1.08,1
OxNCXg9l,Arango E.,Seidel E.,2,2,hc,1.50,home,ft,1.438,9
OxNCXg9l,Arango E.,Seidel E.,2,2,hc,1.50,away,ft,2.662,9
OxNCXg9l,Arango E.,Seidel E.,2,2,hc,-1.50,home,ft,3.24,7
OxNCXg9l,Arango E.,Seidel E.,2,2,hc,-1.50,away,ft,1.316,7
OxNCXg9l,Arango E.,Seidel E.,2,2,hc,0,home,ft,2.042,6
OxNCXg9l,Arango E.,Seidel E.,2,2,hc,0,away,ft,1.767,6
OxNCXg9l,Arango E.,Seidel E.,2,2,hc,0.50,home,ft,1.966,8
OxNCXg9l,Arango E.,Seidel E.,2,2,hc,0.50,away,ft,1.809,8
OxNCXg9l,Arango E.,Seidel E.,2,2,hc,-0.50,home,ft,2.066,7
OxNCXg9l,Arango E.,Seidel E.,2,2,hc,-0.50,away,ft,1.734,7
OxNCXg9l,Arango E.,Seidel E.,2,2,hc,1.00,home,ft,1.915,6
OxNCXg9l,Arango E.,Seidel E.,2,2,hc,1.00,away,ft,1.877,6
OxNCXg9l,Arango E.,Seidel E.,2,2,hc,-1.00,home,ft,2.1,3
OxNCXg9l,Arango E.,Seidel E.,2,2,hc,-1.00,away,ft,1.62,3
OxNCXg9l,Arango E.,Seidel E.,2,2,hc,1.50,home,ft,1.863,8
OxNCXg9l,Arango E.,Seidel E.,2,2,hc,1.50,away,ft,1.902,8
OxNCXg9l,Arango E.,Seidel E.,2,2,hc,-1.50,home,ft,2.195,6
OxNCXg9l,Arango E.,Seidel E.,2,2,hc,-1.50,away,ft,1.595,6
OxNCXg9l,Arango E.,Seidel E.,2,2,hc,2.00,home,ft,1.806,5
OxNCXg9l,Arango E.,Seidel E.,2,2,hc,2.00,away,ft,1.992,5
OxNCXg9l,Arango E.,Seidel E.,2,2,hc,-2.00,home,ft,2.22,3
OxNCXg9l,Arango E.,Seidel E.,2,2,hc,-2.00,away,ft,1.56,3
OxNCXg9l,Arango E.,Seidel E.,2,2,hc,2.50,home,ft,1.746,8
OxNCXg9l,Arango E.,Seidel E.,2,2,hc,2.50,away,ft,2.03,8
OxNCXg9l,Arango E.,Seidel E.,2,2,hc,3.00,home,ft,1.67,5
OxNCXg9l,Arango E.,Seidel E.,2,2,hc,3.00,away,ft,2.18,5
OxNCXg9l,Arango E.,Seidel E.,2,2,hc,3.50,home,ft,1.587,6
OxNCXg9l,Arango E.,Seidel E.,2,2,hc,3.50,away,ft,2.313,6
OxNCXg9l,Arango E.,Seidel E.,2,2,hc,-3.50,home,ft,2.76,2
OxNCXg9l,Arango E.,Seidel E.,2,2,hc,-3.50,away,ft,1.415,2
OxNCXg9l,Arango E.,Seidel E.,2,2,hc,4.00,home,ft,1.4,3
OxNCXg9l,Arango E.,Seidel E.,2,2,hc,4.00,away,ft,2.63,3
OxNCXg9l,Arango E.,Seidel E.,2,2,hc,4.50,home,ft,1.43,1
OxNCXg9l,Arango E.,Seidel E.,2,2,hc,4.50,away,ft,2.64,1
OxNCXg9l,Arango E.,Seidel E.,2,2,hc,5.50,home,ft,1.255,2
OxNCXg9l,Arango E.,Seidel E.,2,2,hc,5.50,away,ft,3.73,2
4GOSTB8D,Starodubtseva Y.,Fita Boluda A.,2,2,ou,2.50,over,ft,2.964,5
4GOSTB8D,Starodubtseva Y.,Fita Boluda A.,2,2,ou,2.50,under,ft,1.346,5
4GOSTB8D,Starodubtseva Y.,Fita Boluda A.,2,2,ou,14.50,over,ft,1.06,4
4GOSTB8D,Starodubtseva Y.,Fita Boluda A.,2,2,ou,14.50,under,ft,6.295,4
4GOSTB8D,Starodubtseva Y.,Fita Boluda A.,2,2,ou,15.50,over,ft,1.167,4
4GOSTB8D,Starodubtseva Y.,Fita Boluda A.,2,2,ou,15.50,under,ft,4.35,4
4GOSTB8D,Starodubtseva Y.,Fita Boluda A.,2,2,ou,16.50,over,ft,1.304,7
4GOSTB8D,Starodubtseva Y.,Fita Boluda A.,2,2,ou,16.50,under,ft,3.247,7
4GOSTB8D,Starodubtseva Y.,Fita Boluda A.,2,2,ou,17.00,over,ft,1.26,1
4GOSTB8D,Starodubtseva Y.,Fita Boluda A.,2,2,ou,17.00,under,ft,3.39,1
4GOSTB8D,Starodubtseva Y.,Fita Boluda A.,2,2,ou,17.50,over,ft,1.496,5
4GOSTB8D,Starodubtseva Y.,Fita Boluda A.,2,2,ou,17.50,under,ft,2.422,5
4GOSTB8D,Starodubtseva Y.,Fita Boluda A.,2,2,ou,18.00,over,ft,1.59,4
4GOSTB8D,Starodubtseva Y.,Fita Boluda A.,2,2,ou,18.00,under,ft,2.24,4
4GOSTB8D,Starodubtseva Y.,Fita Boluda A.,2,2,ou,18.50,over,ft,1.658,10
4GOSTB8D,Starodubtseva Y.,Fita Boluda A.,2,2,ou,18.50,under,ft,2.102,10
4GOSTB8D,Starodubtseva Y.,Fita Boluda A.,2,2,ou,19.00,over,ft,1.758,6
4GOSTB8D,Starodubtseva Y.,Fita Boluda A.,2,2,ou,19.00,under,ft,1.98,6
4GOSTB8D,Starodubtseva Y.,Fita Boluda A.,2,2,ou,19.50,over,ft,1.883,9
4GOSTB8D,Starodubtseva Y.,Fita Boluda A.,2,2,ou,19.50,under,ft,1.841,9
4GOSTB8D,Starodubtseva Y.,Fita Boluda A.,2,2,ou,20.00,over,ft,2.023,6
4GOSTB8D,Starodubtseva Y.,Fita Boluda A.,2,2,ou,20.00,under,ft,1.725,6
4GOSTB8D,Starodubtseva Y.,Fita Boluda A.,2,2,ou,20.50,over,ft,2.13,9
4GOSTB8D,Starodubtseva Y.,Fita Boluda A.,2,2,ou,20.50,under,ft,1.639,9
4GOSTB8D,Starodubtseva Y.,Fita Boluda A.,2,2,ou,21.00,over,ft,2.24,1
4GOSTB8D,Starodubtseva Y.,Fita Boluda A.,2,2,ou,21.00,under,ft,1.56,1
4GOSTB8D,Starodubtseva Y.,Fita Boluda A.,2,2,ou,21.50,over,ft,2.72,5
4GOSTB8D,Starodubtseva Y.,Fita Boluda A.,2,2,ou,21.50,under,ft,1.402,5
4GOSTB8D,Starodubtseva Y.,Fita Boluda A.,2,2,ou,22.00,over,ft,2.54,1
4GOSTB8D,Starodubtseva Y.,Fita Boluda A.,2,2,ou,22.00,under,ft,1.44,1
4GOSTB8D,Starodubtseva Y.,Fita Boluda A.,2,2,ou,22.50,over,ft,3.053,6
4GOSTB8D,Starodubtseva Y.,Fita Boluda A.,2,2,ou,22.50,under,ft,1.338,6
4GOSTB8D,Starodubtseva Y.,Fita Boluda A.,2,2,ou,23.50,over,ft,2.91,1
4GOSTB8D,Starodubtseva Y.,Fita Boluda A.,2,2,ou,23.50,under,ft,1.35,1
4GOSTB8D,Starodubtseva Y.,Fita Boluda A.,2,2,ou,24.50,over,ft,3.137,3
4GOSTB8D,Starodubtseva Y.,Fita Boluda A.,2,2,ou,24.50,under,ft,1.327,3
4GOSTB8D,Starodubtseva Y.,Fita Boluda A.,2,2,ou,25.50,over,ft,3.4,1
4GOSTB8D,Starodubtseva Y.,Fita Boluda A.,2,2,ou,25.50,under,ft,1.26,1
4GOSTB8D,Starodubtseva Y.,Fita Boluda A.,2,2,ou,26.50,over,ft,3.7,1
4GOSTB8D,Starodubtseva Y.,Fita Boluda A.,2,2,ou,26.50,under,ft,1.22,1
4GOSTB8D,Starodubtseva Y.,Fita Boluda A.,2,2,ou,27.50,over,ft,4.14,1
4GOSTB8D,Starodubtseva Y.,Fita Boluda A.,2,2,ou,27.50,under,ft,1.18,1
4GOSTB8D,Starodubtseva Y.,Fita Boluda A.,2,2,ou,28.50,over,ft,4.73,1
4GOSTB8D,Starodubtseva Y.,Fita Boluda A.,2,2,ou,28.50,under,ft,1.14,1
4GOSTB8D,Starodubtseva Y.,Fita Boluda A.,2,2,ou,29.50,over,ft,5.5,1
4GOSTB8D,Starodubtseva Y.,Fita Boluda A.,2,2,ou,29.50,under,ft,1.1,1
4GOSTB8D,Starodubtseva Y.,Fita Boluda A.,2,2,hc,1.50,home,ft,1.073,7
4GOSTB8D,Starodubtseva Y.,Fita Boluda A.,2,2,hc,1.50,away,ft,7.184,7
4GOSTB8D,Starodubtseva Y.,Fita Boluda A.,2,2,hc,-1.50,home,ft,1.587,9
4GOSTB8D,Starodubtseva Y.,Fita Boluda A.,2,2,hc,-1.50,away,ft,2.251,9
4GOSTB8D,Starodubtseva Y.,Fita Boluda A.,2,2,hc,-1.50,home,ft,1.23,2
4GOSTB8D,Starodubtseva Y.,Fita Boluda A.,2,2,hc,-1.50,away,ft,3.955,2
4GOSTB8D,Starodubtseva Y.,Fita Boluda A.,2,2,hc,-3.50,home,ft,1.383,6
4GOSTB8D,Starodubtseva Y.,Fita Boluda A.,2,2,hc,-3.50,away,ft,2.855,6
4GOSTB8D,Starodubtseva Y.,Fita Boluda A.,2,2,hc,-4.00,home,ft,1.44,3
4GOSTB8D,Starodubtseva Y.,Fita Boluda A.,2,2,hc,-4.00,away,ft,2.62,3
4GOSTB8D,Starodubtseva Y.,Fita Boluda A.,2,2,hc,-4.50,home,ft,1.569,7
4GOSTB8D,Starodubtseva Y.,Fita Boluda A.,2,2,hc,-4.50,away,ft,2.281,7
4GOSTB8D,Starodubtseva Y.,Fita Boluda A.,2,2,hc,-5.00,home,ft,1.698,5
4GOSTB8D,Starodubtseva Y.,Fita Boluda A.,2,2,hc,-5.00,away,ft,2.072,5
4GOSTB8D,Starodubtseva Y.,Fita Boluda A.,2,2,hc,-5.50,home,ft,1.867,8
4GOSTB8D,Starodubtseva Y.,Fita Boluda A.,2,2,hc,-5.50,away,ft,1.86,8
4GOSTB8D,Starodubtseva Y.,Fita Boluda A.,2,2,hc,-6.00,home,ft,2.174,5
4GOSTB8D,Starodubtseva Y.,Fita Boluda A.,2,2,hc,-6.00,away,ft,1.63,5
4GOSTB8D,Starodubtseva Y.,Fita Boluda A.,2,2,hc,-6.50,home,ft,2.361,9
4GOSTB8D,Starodubtseva Y.,Fita Boluda A.,2,2,hc,-6.50,away,ft,1.536,9
4GOSTB8D,Starodubtseva Y.,Fita Boluda A.,2,2,hc,-7.00,home,ft,3.14,3
4GOSTB8D,Starodubtseva Y.,Fita Boluda A.,2,2,hc,-7.00,away,ft,1.32,3
4GOSTB8D,Starodubtseva Y.,Fita Boluda A.,2,2,hc,-7.50,home,ft,3.64,6
4GOSTB8D,Starodubtseva Y.,Fita Boluda A.,2,2,hc,-7.50,away,ft,1.253,6
4GOSTB8D,Starodubtseva Y.,Fita Boluda A.,2,2,hc,-8.00,home,ft,4.15,3
4GOSTB8D,Starodubtseva Y.,Fita Boluda A.,2,2,hc,-8.00,away,ft,1.2,3
4GOSTB8D,Starodubtseva Y.,Fita Boluda A.,2,2,hc,-8.50,home,ft,4.613,4
4GOSTB8D,Starodubtseva Y.,Fita Boluda A.,2,2,hc,-8.50,away,ft,1.162,4
6JsuJffe,El Jardi D.,Maria T.,0,0,ou,2.50,over,ft,6.96,5
6JsuJffe,El Jardi D.,Maria T.,0,0,ou,2.50,under,ft,1.088,5
6JsuJffe,El Jardi D.,Maria T.,0,0,ou,12.50,under,ft,11.51,1
6JsuJffe,El Jardi D.,Maria T.,0,0,ou,13.50,over,ft,1.052,4
6JsuJffe,El Jardi D.,Maria T.,0,0,ou,13.50,under,ft,7.055,4
6JsuJffe,El Jardi D.,Maria T.,0,0,ou,14.50,over,ft,1.196,7
6JsuJffe,El Jardi D.,Maria T.,0,0,ou,14.50,under,ft,4.071,7
6JsuJffe,El Jardi D.,Maria T.,0,0,ou,15.00,over,ft,1.303,3
6JsuJffe,El Jardi D.,Maria T.,0,0,ou,15.00,under,ft,3.31,3
6JsuJffe,El Jardi D.,Maria T.,0,0,ou,15.50,over,ft,1.526,10
6JsuJffe,El Jardi D.,Maria T.,0,0,ou,15.50,under,ft,2.387,10
6JsuJffe,El Jardi D.,Maria T.,0,0,ou,16.00,over,ft,1.739,7
6JsuJffe,El Jardi D.,Maria T.,0,0,ou,16.00,under,ft,2.026,7
6JsuJffe,El Jardi D.,Maria T.,0,0,ou,16.50,over,ft,1.984,10
6JsuJffe,El Jardi D.,Maria T.,0,0,ou,16.50,under,ft,1.768,10
6JsuJffe,El Jardi D.,Maria T.,0,0,ou,17.00,over,ft,2.374,7
6JsuJffe,El Jardi D.,Maria T.,0,0,ou,17.00,under,ft,1.543,7
6JsuJffe,El Jardi D.,Maria T.,0,0,ou,17.50,over,ft,2.505,10
6JsuJffe,El Jardi D.,Maria T.,0,0,ou,17.50,under,ft,1.482,10
6JsuJffe,El Jardi D.,Maria T.,0,0,ou,18.00,over,ft,2.85,1
6JsuJffe,El Jardi D.,Maria T.,0,0,ou,18.00,under,ft,1.36,1
6JsuJffe,El Jardi D.,Maria T.,0,0,ou,18.50,over,ft,2.944,8
6JsuJffe,El Jardi D.,Maria T.,0,0,ou,18.50,under,ft,1.355,8
6JsuJffe,El Jardi D.,Maria T.,0,0,ou,19.00,over,ft,3.53,1
6JsuJffe,El Jardi D.,Maria T.,0,0,ou,19.00,under,ft,1.24,1
6JsuJffe,El Jardi D.,Maria T.,0,0,ou,19.50,over,ft,3.458,4
6JsuJffe,El Jardi D.,Maria T.,0,0,ou,19.50,under,ft,1.248,4
6JsuJffe,El Jardi D.,Maria T.,0,0,ou,20.50,over,ft,4.437,6
6JsuJffe,El Jardi D.,Maria T.,0,0,ou,20.50,under,ft,1.172,6
6JsuJffe,El Jardi D.,Maria T.,0,0,ou,21.50,over,ft,4.35,4
6JsuJffe,El Jardi D.,Maria T.,0,0,ou,21.50,under,ft,1.162,4
6JsuJffe,El Jardi D.,Maria T.,0,0,ou,22.50,over,ft,4.06,1
6JsuJffe,El Jardi D.,Maria T.,0,0,ou,22.50,under,ft,1.19,1
6JsuJffe,El Jardi D.,Maria T.,0,0,ou,23.50,over,ft,4.38,1
6JsuJffe,El Jardi D.,Maria T.,0,0,ou,23.50,under,ft,1.16,1
6JsuJffe,El Jardi D.,Maria T.,0,0,ou,24.50,over,ft,4.64,1
6JsuJffe,El Jardi D.,Maria T.,0,0,ou,24.50,under,ft,1.15,1
6JsuJffe,El Jardi D.,Maria T.,0,0,ou,25.50,over,ft,5.06,1
6JsuJffe,El Jardi D.,Maria T.,0,0,ou,25.50,under,ft,1.12,1
6JsuJffe,El Jardi D.,Maria T.,0,0,ou,26.50,over,ft,5.64,1
6JsuJffe,El Jardi D.,Maria T.,0,0,ou,26.50,under,ft,1.1,1
6JsuJffe,El Jardi D.,Maria T.,0,0,ou,27.50,over,ft,6.25,1
6JsuJffe,El Jardi D.,Maria T.,0,0,ou,27.50,under,ft,1.08,1
6JsuJffe,El Jardi D.,Maria T.,0,0,hc,1.50,home,ft,6.043,9
6JsuJffe,El Jardi D.,Maria T.,0,0,hc,1.50,away,ft,1.108,9
6JsuJffe,El Jardi D.,Maria T.,0,0,hc,-1.50,home,ft,10.65,1
6JsuJffe,El Jardi D.,Maria T.,0,0,hc,5.50,home,ft,4.948,5
6JsuJffe,El Jardi D.,Maria T.,0,0,hc,5.50,away,ft,1.15,5
6JsuJffe,El Jardi D.,Maria T.,0,0,hc,6.00,home,ft,4.55,3
6JsuJffe,El Jardi D.,Maria T.,0,0,hc,6.00,away,ft,1.17,3
6JsuJffe,El Jardi D.,Maria T.,0,0,hc,6.50,home,ft,3.028,6
6JsuJffe,El Jardi D.,Maria T.,0,0,hc,6.50,away,ft,1.342,6
6JsuJffe,El Jardi D.,Maria T.,0,0,hc,7.00,home,ft,2.745,6
6JsuJffe,El Jardi D.,Maria T.,0,0,hc,7.00,away,ft,1.422,6
6JsuJffe,El Jardi D.,Maria T.,0,0,hc,7.50,home,ft,2.094,8
6JsuJffe,El Jardi D.,Maria T.,0,0,hc,7.50,away,ft,1.694,8
6JsuJffe,El Jardi D.,Maria T.,0,0,hc,8.00,home,ft,1.803,6
6JsuJffe,El Jardi D.,Maria T.,0,0,hc,8.00,away,ft,1.96,6
6JsuJffe,El Jardi D.,Maria T.,0,0,hc,8.50,home,ft,1.557,7
6JsuJffe,El Jardi D.,Maria T.,0,0,hc,8.50,away,ft,2.346,7
6JsuJffe,El Jardi D.,Maria T.,0,0,hc,9.00,home,ft,1.313,6
6JsuJffe,El Jardi D.,Maria T.,0,0,hc,9.00,away,ft,3.275,6
6JsuJffe,El Jardi D.,Maria T.,0,0,hc,9.50,home,ft,1.236,5
6JsuJffe,El Jardi D.,Maria T.,0,0,hc,9.50,away,ft,3.808,5
djLKVXw1,Martincova T.,Osorio C.,0,0,ou,2.50,over,ft,3.122,5
djLKVXw1,Martincova T.,Osorio C.,0,0,ou,2.50,under,ft,1.34,5
djLKVXw1,Martincova T.,Osorio C.,0,0,ou,14.50,over,ft,1.03,1
djLKVXw1,Martincova T.,Osorio C.,0,0,ou,14.50,under,ft,5.93,1
djLKVXw1,Martincova T.,Osorio C.,0,0,ou,15.50,over,ft,1.062,4
djLKVXw1,Martincova T.,Osorio C.,0,0,ou,15.50,under,ft,5.755,4
djLKVXw1,Martincova T.,Osorio C.,0,0,ou,16.50,over,ft,1.246,7
djLKVXw1,Martincova T.,Osorio C.,0,0,ou,16.50,under,ft,3.527,7
djLKVXw1,Martincova T.,Osorio C.,0,0,ou,17.50,over,ft,1.46,5
djLKVXw1,Martincova T.,Osorio C.,0,0,ou,17.50,under,ft,2.64,5
djLKVXw1,Martincova T.,Osorio C.,0,0,ou,18.00,over,ft,1.57,3
djLKVXw1,Martincova T.,Osorio C.,0,0,ou,18.00,under,ft,2.327,3
djLKVXw1,Martincova T.,Osorio C.,0,0,ou,18.50,over,ft,1.696,10
djLKVXw1,Martincova T.,Osorio C.,0,0,ou,18.50,under,ft,2.1,10
djLKVXw1,Martincova T.,Osorio C.,0,0,ou,19.00,over,ft,1.826,7
djLKVXw1,Martincova T.,Osorio C.,0,0,ou,19.00,under,ft,1.921,7
djLKVXw1,Martincova T.,Osorio C.,0,0,ou,19.50,over,ft,1.966,10
djLKVXw1,Martincova T.,Osorio C.,0,0,ou,19.50,under,ft,1.807,10
djLKVXw1,Martincova T.,Osorio C.,0,0,ou,20.00,over,ft,2.11,7
djLKVXw1,Martincova T.,Osorio C.,0,0,ou,20.00,under,ft,1.68,7
djLKVXw1,Martincova T.,Osorio C.,0,0,ou,20.50,over,ft,2.238,10
djLKVXw1,Martincova T.,Osorio C.,0,0,ou,20.50,under,ft,1.614,10
djLKVXw1,Martincova T.,Osorio C.,0,0,ou,21.00,over,ft,2.4,1
djLKVXw1,Martincova T.,Osorio C.,0,0,ou,21.00,under,ft,1.49,1
djLKVXw1,Martincova T.,Osorio C.,0,0,ou,21.50,over,ft,2.484,5
djLKVXw1,Martincova T.,Osorio C.,0,0,ou,21.50,under,ft,1.508,5
djLKVXw1,Martincova T.,Osorio C.,0,0,ou,22.00,over,ft,2.7,1
djLKVXw1,Martincova T.,Osorio C.,0,0,ou,22.00,under,ft,1.4,1
djLKVXw1,Martincova T.,Osorio C.,0,0,ou,22.50,over,ft,2.955,6
djLKVXw1,Martincova T.,Osorio C.,0,0,ou,22.50,under,ft,1.343,6
djLKVXw1,Martincova T.,Osorio C.,0,0,ou,23.50,over,ft,3.283,4
djLKVXw1,Martincova T.,Osorio C.,0,0,ou,23.50,under,ft,1.27,4
djLKVXw1,Martincova T.,Osorio C.,0,0,ou,24.50,over,ft,3.393,4
djLKVXw1,Martincova T.,Osorio C.,0,0,ou,24.50,under,ft,1.255,4
djLKVXw1,Martincova T.,Osorio C.,0,0,ou,25.50,over,ft,3.6,1
djLKVXw1,Martincova T.,Osorio C.,0,0,ou,25.50,under,ft,1.24,1
djLKVXw1,Martincova T.,Osorio C.,0,0,ou,26.50,over,ft,3.8,1
djLKVXw1,Martincova T.,Osorio C.,0,0,ou,26.50,under,ft,1.21,1
djLKVXw1,Martincova T.,Osorio C.,0,0,ou,27.50,over,ft,4.24,1
djLKVXw1,Martincova T.,Osorio C.,0,0,ou,27.50,under,ft,1.17,1
djLKVXw1,Martincova T.,Osorio C.,0,0,ou,28.50,over,ft,4.83,1
djLKVXw1,Martincova T.,Osorio C.,0,0,ou,28.50,under,ft,1.14,1
djLKVXw1,Martincova T.,Osorio C.,0,0,ou,29.50,over,ft,5.5,1
djLKVXw1,Martincova T.,Osorio C.,0,0,ou,29.50,under,ft,1.1,1
djLKVXw1,Martincova T.,Osorio C.,0,0,hc,1.50,home,ft,2.487,9
djLKVXw1,Martincova T.,Osorio C.,0,0,hc,1.50,away,ft,1.496,9
djLKVXw1,Martincova T.,Osorio C.,0,0,hc,-1.50,home,ft,9.454,7
djLKVXw1,Martincova T.,Osorio C.,0,0,hc,-1.50,away,ft,1.052,6
djLKVXw1,Martincova T.,Osorio C.,0,0,hc,1.50,home,ft,4.945,2
djLKVXw1,Martincova T.,Osorio C.,0,0,hc,1.50,away,ft,1.16,2
djLKVXw1,Martincova T.,Osorio C.,0,0,hc,3.50,home,ft,3.337,6
djLKVXw1,Martincova T.,Osorio C.,0,0,hc,3.50,away,ft,1.312,6
djLKVXw1,Martincova T.,Osorio C.,0,0,hc,4.00,home,ft,2.88,3
djLKVXw1,Martincova T.,Osorio C.,0,0,hc,4.00,away,ft,1.42,3
djLKVXw1,Martincova T.,Osorio C.,0,0,hc,4.50,home,ft,2.491,8
djLKVXw1,Martincova T.,Osorio C.,0,0,hc,4.50,away,ft,1.52,8
djLKVXw1,Martincova T.,Osorio C.,0,0,hc,5.00,home,ft,2.267,6
djLKVXw1,Martincova T.,Osorio C.,0,0,hc,5.00,away,ft,1.64,6
djLKVXw1,Martincova T.,Osorio C.,0,0,hc,5.50,home,ft,1.988,8
djLKVXw1,Martincova T.,Osorio C.,0,0,hc,5.50,away,ft,1.798,8
djLKVXw1,Martincova T.,Osorio C.,0,0,hc,6.00,home,ft,1.707,6
djLKVXw1,Martincova T.,Osorio C.,0,0,hc,6.00,away,ft,2.143,6
djLKVXw1,Martincova T.,Osorio C.,0,0,hc,6.50,home,ft,1.545,8
djLKVXw1,Martincova T.,Osorio C.,0,0,hc,6.50,away,ft,2.425,8
djLKVXw1,Martincova T.,Osorio C.,0,0,hc,7.00,home,ft,1.338,5
djLKVXw1,Martincova T.,Osorio C.,0,0,hc,7.00,away,ft,3.254,5
djLKVXw1,Martincova T.,Osorio C.,0,0,hc,7.50,home,ft,1.275,6
djLKVXw1,Martincova T.,Osorio C.,0,0,hc,7.50,away,ft,3.648,6
djLKVXw1,Martincova T.,Osorio C.,0,0,hc,8.00,home,ft,1.16,3
djLKVXw1,Martincova T.,Osorio C.,0,0,hc,8.00,away,ft,4.4,3
AT3E26Hb,Zaar L.,Bouzas Maneiro J.,0,0,ou,2.50,over,ft,2.692,5
AT3E26Hb,Zaar L.,Bouzas Maneiro J.,0,0,ou,2.50,under,ft,1.424,5
AT3E26Hb,Zaar L.,Bouzas Maneiro J.,0,0,ou,15.50,over,ft,1.1,1
AT3E26Hb,Zaar L.,Bouzas Maneiro J.,0,0,ou,15.50,under,ft,5.52,1
AT3E26Hb,Zaar L.,Bouzas Maneiro J.,0,0,ou,16.50,over,ft,1.182,6
AT3E26Hb,Zaar L.,Bouzas Maneiro J.,0,0,ou,16.50,under,ft,4.222,6
AT3E26Hb,Zaar L.,Bouzas Maneiro J.,0,0,ou,17.50,over,ft,1.376,5
AT3E26Hb,Zaar L.,Bouzas Maneiro J.,0,0,ou,17.50,under,ft,2.958,5
AT3E26Hb,Zaar L.,Bouzas Maneiro J.,0,0,ou,18.00,over,ft,1.41,1
AT3E26Hb,Zaar L.,Bouzas Maneiro J.,0,0,ou,18.00,under,ft,2.65,1
AT3E26Hb,Zaar L.,Bouzas Maneiro J.,0,0,ou,18.50,over,ft,1.554,9
AT3E26Hb,Zaar L.,Bouzas Maneiro J.,0,0,ou,18.50,under,ft,2.349,9
AT3E26Hb,Zaar L.,Bouzas Maneiro J.,0,0,ou,19.00,over,ft,1.603,3
AT3E26Hb,Zaar L.,Bouzas Maneiro J.,0,0,ou,19.00,under,ft,2.25,3
AT3E26Hb,Zaar L.,Bouzas Maneiro J.,0,0,ou,19.50,over,ft,1.812,10
AT3E26Hb,Zaar L.,Bouzas Maneiro J.,0,0,ou,19.50,under,ft,1.94,10
AT3E26Hb,Zaar L.,Bouzas Maneiro J.,0,0,ou,20.00,over,ft,1.84,3
AT3E26Hb,Zaar L.,Bouzas Maneiro J.,0,0,ou,20.00,under,ft,1.9,3
AT3E26Hb,Zaar L.,Bouzas Maneiro J.,0,0,ou,20.50,over,ft,2.001,9
AT3E26Hb,Zaar L.,Bouzas Maneiro J.,0,0,ou,20.50,under,ft,1.757,9
AT3E26Hb,Zaar L.,Bouzas Maneiro J.,0,0,ou,21.00,over,ft,2.07,3
AT3E26Hb,Zaar L.,Bouzas Maneiro J.,0,0,ou,21.00,under,ft,1.707,3
AT3E26Hb,Zaar L.,Bouzas Maneiro J.,0,0,ou,21.50,over,ft,2.242,5
AT3E26Hb,Zaar L.,Bouzas Maneiro J.,0,0,ou,21.50,under,ft,1.618,5
AT3E26Hb,Zaar L.,Bouzas Maneiro J.,0,0,ou,22.00,over,ft,2.38,1
AT3E26Hb,Zaar L.,Bouzas Maneiro J.,0,0,ou,22.00,under,ft,1.5,1
AT3E26Hb,Zaar L.,Bouzas Maneiro J.,0,0,ou,22.50,over,ft,2.493,6
AT3E26Hb,Zaar L.,Bouzas Maneiro J.,0,0,ou,22.50,under,ft,1.465,6
AT3E26Hb,Zaar L.,Bouzas Maneiro J.,0,0,ou,23.50,over,ft,2.77,4
AT3E26Hb,Zaar L.,Bouzas Maneiro J.,0,0,ou,23.50,under,ft,1.368,4
AT3E26Hb,Zaar L.,Bouzas Maneiro J.,0,0,ou,24.50,over,ft,2.953,6
AT3E26Hb,Zaar L.,Bouzas Maneiro J.,0,0,ou,24.50,under,ft,1.343,6
AT3E26Hb,Zaar L.,Bouzas Maneiro J.,0,0,ou,25.50,over,ft,3.36,4
AT3E26Hb,Zaar L.,Bouzas Maneiro J.,0,0,ou,25.50,under,ft,1.26,4
AT3E26Hb,Zaar L.,Bouzas Maneiro J.,0,0,ou,26.50,over,ft,3.48,1
AT3E26Hb,Zaar L.,Bouzas Maneiro J.,0,0,ou,26.50,under,ft,1.25,1
AT3E26Hb,Zaar L.,Bouzas Maneiro J.,0,0,ou,27.50,over,ft,3.92,1
AT3E26Hb,Zaar L.,Bouzas Maneiro J.,0,0,ou,27.50,under,ft,1.2,1
AT3E26Hb,Zaar L.,Bouzas Maneiro J.,0,0,ou,28.50,over,ft,4.52,1
AT3E26Hb,Zaar L.,Bouzas Maneiro J.,0,0,ou,28.50,under,ft,1.16,1
AT3E26Hb,Zaar L.,Bouzas Maneiro J.,0,0,ou,29.50,over,ft,5.28,1
AT3E26Hb,Zaar L.,Bouzas Maneiro J.,0,0,ou,29.50,under,ft,1.11,1
AT3E26Hb,Zaar L.,Bouzas Maneiro J.,0,0,hc,1.50,home,ft,1.968,9
AT3E26Hb,Zaar L.,Bouzas Maneiro J.,0,0,hc,1.50,away,ft,1.766,9
AT3E26Hb,Zaar L.,Bouzas Maneiro J.,0,0,hc,-1.50,home,ft,5.817,7
AT3E26Hb,Zaar L.,Bouzas Maneiro J.,0,0,hc,-1.50,away,ft,1.114,7
AT3E26Hb,Zaar L.,Bouzas Maneiro J.,0,0,hc,1.50,home,ft,3.22,2
AT3E26Hb,Zaar L.,Bouzas Maneiro J.,0,0,hc,1.50,away,ft,1.325,2
AT3E26Hb,Zaar L.,Bouzas Maneiro J.,0,0,hc,2.50,home,ft,2.805,4
AT3E26Hb,Zaar L.,Bouzas Maneiro J.,0,0,hc,2.50,away,ft,1.422,4
AT3E26Hb,Zaar L.,Bouzas Maneiro J.,0,0,hc,3.00,home,ft,2.65,3
AT3E26Hb,Zaar L.,Bouzas Maneiro J.,0,0,hc,3.00,away,ft,1.48,3
AT3E26Hb,Zaar L.,Bouzas Maneiro J.,0,0,hc,3.50,home,ft,2.423,7
AT3E26Hb,Zaar L.,Bouzas Maneiro J.,0,0,hc,3.50,away,ft,1.533,7
AT3E26Hb,Zaar L.,Bouzas Maneiro J.,0,0,hc,4.00,home,ft,2.228,5
AT3E26Hb,Zaar L.,Bouzas Maneiro J.,0,0,hc,4.00,away,ft,1.652,5
AT3E26Hb,Zaar L.,Bouzas Maneiro J.,0,0,hc,4.50,home,ft,1.989,7
AT3E26Hb,Zaar L.,Bouzas Maneiro J.,0,0,hc,4.50,away,ft,1.784,7
AT3E26Hb,Zaar L.,Bouzas Maneiro J.,0,0,hc,5.00,home,ft,1.81,5
AT3E26Hb,Zaar L.,Bouzas Maneiro J.,0,0,hc,5.00,away,ft,1.99,5
AT3E26Hb,Zaar L.,Bouzas Maneiro J.,0,0,hc,5.50,home,ft,1.689,9
AT3E26Hb,Zaar L.,Bouzas Maneiro J.,0,0,hc,5.50,away,ft,2.109,9
AT3E26Hb,Zaar L.,Bouzas Maneiro J.,0,0,hc,6.00,home,ft,1.478,5
AT3E26Hb,Zaar L.,Bouzas Maneiro J.,0,0,hc,6.00,away,ft,2.614,5
AT3E26Hb,Zaar L.,Bouzas Maneiro J.,0,0,hc,6.50,home,ft,1.387,4
AT3E26Hb,Zaar L.,Bouzas Maneiro J.,0,0,hc,6.50,away,ft,2.965,4
AT3E26Hb,Zaar L.,Bouzas Maneiro J.,0,0,hc,7.00,home,ft,1.17,3
AT3E26Hb,Zaar L.,Bouzas Maneiro J.,0,0,hc,7.00,away,ft,4.19,3
AT3E26Hb,Zaar L.,Bouzas Maneiro J.,0,0,hc,7.50,home,ft,1.19,5
AT3E26Hb,Zaar L.,Bouzas Maneiro J.,0,0,hc,7.50,away,ft,4.166,5
UgGEiF0K,Kabbaj Y.,Cengiz B.,2,2,ou,2.50,over,ft,2.488,5
UgGEiF0K,Kabbaj Y.,Cengiz B.,2,2,ou,2.50,under,ft,1.488,5
UgGEiF0K,Kabbaj Y.,Cengiz B.,2,2,ou,15.50,over,ft,1.08,1
UgGEiF0K,Kabbaj Y.,Cengiz B.,2,2,ou,15.50,under,ft,5.82,1
UgGEiF0K,Kabbaj Y.,Cengiz B.,2,2,ou,16.50,over,ft,1.163,6
UgGEiF0K,Kabbaj Y.,Cengiz B.,2,2,ou,16.50,under,ft,4.507,6
UgGEiF0K,Kabbaj Y.,Cengiz B.,2,2,ou,17.50,over,ft,1.274,5
UgGEiF0K,Kabbaj Y.,Cengiz B.,2,2,ou,17.50,under,ft,3.226,5
UgGEiF0K,Kabbaj Y.,Cengiz B.,2,2,ou,18.00,over,ft,1.31,1
UgGEiF0K,Kabbaj Y.,Cengiz B.,2,2,ou,18.00,under,ft,3.1,1
UgGEiF0K,Kabbaj Y.,Cengiz B.,2,2,ou,18.50,over,ft,1.45,7
UgGEiF0K,Kabbaj Y.,Cengiz B.,2,2,ou,18.50,under,ft,2.66,7
UgGEiF0K,Kabbaj Y.,Cengiz B.,2,2,ou,19.00,over,ft,1.647,4
UgGEiF0K,Kabbaj Y.,Cengiz B.,2,2,ou,19.00,under,ft,2.135,4
UgGEiF0K,Kabbaj Y.,Cengiz B.,2,2,ou,19.50,over,ft,1.653,10
UgGEiF0K,Kabbaj Y.,Cengiz B.,2,2,ou,19.50,under,ft,2.158,10
UgGEiF0K,Kabbaj Y.,Cengiz B.,2,2,ou,20.00,over,ft,1.747,6
UgGEiF0K,Kabbaj Y.,Cengiz B.,2,2,ou,20.00,under,ft,2.005,6
UgGEiF0K,Kabbaj Y.,Cengiz B.,2,2,ou,20.50,over,ft,1.864,10
UgGEiF0K,Kabbaj Y.,Cengiz B.,2,2,ou,20.50,under,ft,1.879,10
UgGEiF0K,Kabbaj Y.,Cengiz B.,2,2,ou,21.00,over,ft,1.958,6
UgGEiF0K,Kabbaj Y.,Cengiz B.,2,2,ou,21.00,under,ft,1.782,6
UgGEiF0K,Kabbaj Y.,Cengiz B.,2,2,ou,21.50,over,ft,2.031,9
UgGEiF0K,Kabbaj Y.,Cengiz B.,2,2,ou,21.50,under,ft,1.742,9
UgGEiF0K,Kabbaj Y.,Cengiz B.,2,2,ou,22.00,over,ft,2.137,3
UgGEiF0K,Kabbaj Y.,Cengiz B.,2,2,ou,22.00,under,ft,1.667,3
UgGEiF0K,Kabbaj Y.,Cengiz B.,2,2,ou,22.50,over,ft,2.274,8
UgGEiF0K,Kabbaj Y.,Cengiz B.,2,2,ou,22.50,under,ft,1.593,8
UgGEiF0K,Kabbaj Y.,Cengiz B.,2,2,ou,23.00,over,ft,2.37,1
UgGEiF0K,Kabbaj Y.,Cengiz B.,2,2,ou,23.00,under,ft,1.5,1
UgGEiF0K,Kabbaj Y.,Cengiz B.,2,2,ou,23.50,over,ft,2.645,4
UgGEiF0K,Kabbaj Y.,Cengiz B.,2,2,ou,23.50,under,ft,1.4,4
UgGEiF0K,Kabbaj Y.,Cengiz B.,2,2,ou,24.50,over,ft,2.785,6
UgGEiF0K,Kabbaj Y.,Cengiz B.,2,2,ou,24.50,under,ft,1.385,6
UgGEiF0K,Kabbaj Y.,Cengiz B.,2,2,ou,25.50,over,ft,3.305,4
UgGEiF0K,Kabbaj Y.,Cengiz B.,2,2,ou,25.50,under,ft,1.272,4
UgGEiF0K,Kabbaj Y.,Cengiz B.,2,2,ou,26.50,over,ft,3.24,1
UgGEiF0K,Kabbaj Y.,Cengiz B.,2,2,ou,26.50,under,ft,1.28,1
UgGEiF0K,Kabbaj Y.,Cengiz B.,2,2,ou,27.50,over,ft,3.67,1
UgGEiF0K,Kabbaj Y.,Cengiz B.,2,2,ou,27.50,under,ft,1.23,1
UgGEiF0K,Kabbaj Y.,Cengiz B.,2,2,ou,28.50,over,ft,4.27,1
UgGEiF0K,Kabbaj Y.,Cengiz B.,2,2,ou,28.50,under,ft,1.17,1
UgGEiF0K,Kabbaj Y.,Cengiz B.,2,2,ou,29.50,over,ft,5.06,1
UgGEiF0K,Kabbaj Y.,Cengiz B.,2,2,ou,29.50,under,ft,1.12,1
UgGEiF0K,Kabbaj Y.,Cengiz B.,2,2,ou,30.50,over,ft,6.0,1
UgGEiF0K,Kabbaj Y.,Cengiz B.,2,2,ou,30.50,under,ft,1.09,1
UgGEiF0K,Kabbaj Y.,Cengiz B.,2,2,hc,1.50,home,ft,1.644,9
UgGEiF0K,Kabbaj Y.,Cengiz B.,2,2,hc,1.50,away,ft,2.149,9
UgGEiF0K,Kabbaj Y.,Cengiz B.,2,2,hc,-1.50,home,ft,4.069,7
UgGEiF0K,Kabbaj Y.,Cengiz B.,2,2,hc,-1.50,away,ft,1.209,7
UgGEiF0K,Kabbaj Y.,Cengiz B.,2,2,hc,0.50,home,ft,2.4,1
UgGEiF0K,Kabbaj Y.,Cengiz B.,2,2,hc,0.50,away,ft,1.5,1
UgGEiF0K,Kabbaj Y.,Cengiz B.,2,2,hc,-0.50,home,ft,2.56,1
UgGEiF0K,Kabbaj Y.,Cengiz B.,2,2,hc,-0.50,away,ft,1.45,1
UgGEiF0K,Kabbaj Y.,Cengiz B.,2,2,hc,1.50,home,ft,2.35,6
UgGEiF0K,Kabbaj Y.,Cengiz B.,2,2,hc,1.50,away,ft,1.575,6
UgGEiF0K,Kabbaj Y.,Cengiz B.,2,2,hc,-1.50,home,ft,2.815,2
UgGEiF0K,Kabbaj Y.,Cengiz B.,2,2,hc,-1.50,away,ft,1.405,2
UgGEiF0K,Kabbaj Y.,Cengiz B.,2,2,hc,2.00,home,ft,2.35,3
UgGEiF0K,Kabbaj Y.,Cengiz B.,2,2,hc,2.00,away,ft,1.59,3
UgGEiF0K,Kabbaj Y.,Cengiz B.,2,2,hc,2.50,home,ft,2.164,7
UgGEiF0K,Kabbaj Y.,Cengiz B.,2,2,hc,2.50,away,ft,1.67,7
UgGEiF0K,Kabbaj Y.,Cengiz B.,2,2,hc,3.00,home,ft,2.068,5
UgGEiF0K,Kabbaj Y.,Cengiz B.,2,2,hc,3.00,away,ft,1.756,5
UgGEiF0K,Kabbaj Y.,Cengiz B.,2,2,hc,3.50,home,ft,1.917,7
UgGEiF0K,Kabbaj Y.,Cengiz B.,2,2,hc,3.50,away,ft,1.847,7
UgGEiF0K,Kabbaj Y.,Cengiz B.,2,2,hc,4.00,home,ft,1.794,5
UgGEiF0K,Kabbaj Y.,Cengiz B.,2,2,hc,4.00,away,ft,2.008,5
UgGEiF0K,Kabbaj Y.,Cengiz B.,2,2,hc,4.50,home,ft,1.681,9
UgGEiF0K,Kabbaj Y.,Cengiz B.,2,2,hc,4.50,away,ft,2.128,9
UgGEiF0K,Kabbaj Y.,Cengiz B.,2,2,hc,5.00,home,ft,1.534,5
UgGEiF0K,Kabbaj Y.,Cengiz B.,2,2,hc,5.00,away,ft,2.474,5
UgGEiF0K,Kabbaj Y.,Cengiz B.,2,2,hc,5.50,home,ft,1.495,8
UgGEiF0K,Kabbaj Y.,Cengiz B.,2,2,hc,5.50,away,ft,2.579,8
UgGEiF0K,Kabbaj Y.,Cengiz B.,2,2,hc,6.00,home,ft,1.22,3
UgGEiF0K,Kabbaj Y.,Cengiz B.,2,2,hc,6.00,away,ft,3.62,3
UgGEiF0K,Kabbaj Y.,Cengiz B.,2,2,hc,6.50,home,ft,1.27,3
UgGEiF0K,Kabbaj Y.,Cengiz B.,2,2,hc,6.50,away,ft,3.27,3
UgGEiF0K,Kabbaj Y.,Cengiz B.,2,2,hc,7.00,home,ft,1.17,3
UgGEiF0K,Kabbaj Y.,Cengiz B.,2,2,hc,7.00,away,ft,4.22,3
UgGEiF0K,Kabbaj Y.,Cengiz B.,2,2,hc,7.50,home,ft,1.182,5
UgGEiF0K,Kabbaj Y.,Cengiz B.,2,2,hc,7.50,away,ft,4.6,5
niQdpP1U,Tjen J.,Hennemann C. W.,2,2,ou,2.50,over,ft,2.574,5
niQdpP1U,Tjen J.,Hennemann C. W.,2,2,ou,2.50,under,ft,1.46,5
niQdpP1U,Tjen J.,Hennemann C. W.,2,2,ou,16.50,over,ft,1.14,3
niQdpP1U,Tjen J.,Hennemann C. W.,2,2,ou,16.50,under,ft,5.087,3
niQdpP1U,Tjen J.,Hennemann C. W.,2,2,ou,17.50,over,ft,1.245,4
niQdpP1U,Tjen J.,Hennemann C. W.,2,2,ou,17.50,under,ft,3.487,4
niQdpP1U,Tjen J.,Hennemann C. W.,2,2,ou,18.50,over,ft,1.417,7
niQdpP1U,Tjen J.,Hennemann C. W.,2,2,ou,18.50,under,ft,2.666,7
niQdpP1U,Tjen J.,Hennemann C. W.,2,2,ou,19.00,over,ft,1.48,1
niQdpP1U,Tjen J.,Hennemann C. W.,2,2,ou,19.00,under,ft,2.43,1
niQdpP1U,Tjen J.,Hennemann C. W.,2,2,ou,19.50,over,ft,1.599,9
niQdpP1U,Tjen J.,Hennemann C. W.,2,2,ou,19.50,under,ft,2.197,9
niQdpP1U,Tjen J.,Hennemann C. W.,2,2,ou,20.00,over,ft,1.743,3
niQdpP1U,Tjen J.,Hennemann C. W.,2,2,ou,20.00,under,ft,2.017,3
niQdpP1U,Tjen J.,Hennemann C. W.,2,2,ou,20.50,over,ft,1.864,9
niQdpP1U,Tjen J.,Hennemann C. W.,2,2,ou,20.50,under,ft,1.897,9
niQdpP1U,Tjen J.,Hennemann C. W.,2,2,ou,21.00,over,ft,1.977,3
niQdpP1U,Tjen J.,Hennemann C. W.,2,2,ou,21.00,under,ft,1.773,3
niQdpP1U,Tjen J.,Hennemann C. W.,2,2,ou,21.50,over,ft,2.011,10
niQdpP1U,Tjen J.,Hennemann C. W.,2,2,ou,21.50,under,ft,1.714,10
niQdpP1U,Tjen J.,Hennemann C. W.,2,2,ou,22.00,over,ft,2.13,1
niQdpP1U,Tjen J.,Hennemann C. W.,2,2,ou,22.00,under,ft,1.62,1
niQdpP1U,Tjen J.,Hennemann C. W.,2,2,ou,22.50,over,ft,2.33,8
niQdpP1U,Tjen J.,Hennemann C. W.,2,2,ou,22.50,under,ft,1.535,8
niQdpP1U,Tjen J.,Hennemann C. W.,2,2,ou,23.00,over,ft,2.35,1
niQdpP1U,Tjen J.,Hennemann C. W.,2,2,ou,23.00,under,ft,1.51,1
niQdpP1U,Tjen J.,Hennemann C. W.,2,2,ou,23.50,over,ft,2.576,5
niQdpP1U,Tjen J.,Hennemann C. W.,2,2,ou,23.50,under,ft,1.43,5
niQdpP1U,Tjen J.,Hennemann C. W.,2,2,ou,24.50,over,ft,2.832,6
niQdpP1U,Tjen J.,Hennemann C. W.,2,2,ou,24.50,under,ft,1.372,6
niQdpP1U,Tjen J.,Hennemann C. W.,2,2,ou,25.50,over,ft,3.21,4
niQdpP1U,Tjen J.,Hennemann C. W.,2,2,ou,25.50,under,ft,1.285,4
niQdpP1U,Tjen J.,Hennemann C. W.,2,2,ou,26.50,over,ft,3.067,4
niQdpP1U,Tjen J.,Hennemann C. W.,2,2,ou,26.50,under,ft,1.31,4
niQdpP1U,Tjen J.,Hennemann C. W.,2,2,ou,27.50,over,ft,3.22,1
niQdpP1U,Tjen J.,Hennemann C. W.,2,2,ou,27.50,under,ft,1.29,1
niQdpP1U,Tjen J.,Hennemann C. W.,2,2,ou,28.50,over,ft,3.76,1
niQdpP1U,Tjen J.,Hennemann C. W.,2,2,ou,28.50,under,ft,1.22,1
niQdpP1U,Tjen J.,Hennemann C. W.,2,2,ou,29.50,over,ft,4.5,1
niQdpP1U,Tjen J.,Hennemann C. W.,2,2,ou,29.50,under,ft,1.16,1
niQdpP1U,Tjen J.,Hennemann C. W.,2,2,ou,30.50,over,ft,5.43,1
niQdpP1U,Tjen J.,Hennemann C. W.,2,2,ou,30.50,under,ft,1.11,1
niQdpP1U,Tjen J.,Hennemann C. W.,2,2,hc,1.50,home,ft,1.187,7
niQdpP1U,Tjen J.,Hennemann C. W.,2,2,hc,1.50,away,ft,4.343,7
niQdpP1U,Tjen J.,Hennemann C. W.,2,2,hc,-1.50,home,ft,2.063,9
niQdpP1U,Tjen J.,Hennemann C. W.,2,2,hc,-1.50,away,ft,1.691,9
niQdpP1U,Tjen J.,Hennemann C. W.,2,2,hc,0.50,home,ft,1.37,1
niQdpP1U,Tjen J.,Hennemann C. W.,2,2,hc,0.50,away,ft,2.84,1
niQdpP1U,Tjen J.,Hennemann C. W.,2,2,hc,-0.50,home,ft,1.43,1
niQdpP1U,Tjen J.,Hennemann C. W.,2,2,hc,-0.50,away,ft,2.64,1
niQdpP1U,Tjen J.,Hennemann C. W.,2,2,hc,-1.00,home,ft,1.45,3
niQdpP1U,Tjen J.,Hennemann C. W.,2,2,hc,-1.00,away,ft,2.49,3
niQdpP1U,Tjen J.,Hennemann C. W.,2,2,hc,1.50,home,ft,1.35,2
niQdpP1U,Tjen J.,Hennemann C. W.,2,2,hc,1.50,away,ft,3.07,2
niQdpP1U,Tjen J.,Hennemann C. W.,2,2,hc,-1.50,home,ft,1.518,6
niQdpP1U,Tjen J.,Hennemann C. W.,2,2,hc,-1.50,away,ft,2.41,6
niQdpP1U,Tjen J.,Hennemann C. W.,2,2,hc,-2.00,home,ft,1.57,3
niQdpP1U,Tjen J.,Hennemann C. W.,2,2,hc,-2.00,away,ft,2.28,3
niQdpP1U,Tjen J.,Hennemann C. W.,2,2,hc,-2.50,home,ft,1.644,7
niQdpP1U,Tjen J.,Hennemann C. W.,2,2,hc,-2.50,away,ft,2.154,7
niQdpP1U,Tjen J.,Hennemann C. W.,2,2,hc,-3.00,home,ft,1.706,5
niQdpP1U,Tjen J.,Hennemann C. W.,2,2,hc,-3.00,away,ft,2.072,5
niQdpP1U,Tjen J.,Hennemann C. W.,2,2,hc,-3.50,home,ft,1.836,8
niQdpP1U,Tjen J.,Hennemann C. W.,2,2,hc,-3.50,away,ft,1.934,8
niQdpP1U,Tjen J.,Hennemann C. W.,2,2,hc,-4.00,home,ft,1.98,5
niQdpP1U,Tjen J.,Hennemann C. W.,2,2,hc,-4.00,away,ft,1.774,5
niQdpP1U,Tjen J.,Hennemann C. W.,2,2,hc,-4.50,home,ft,2.2,7
niQdpP1U,Tjen J.,Hennemann C. W.,2,2,hc,-4.50,away,ft,1.623,7
niQdpP1U,Tjen J.,Hennemann C. W.,2,2,hc,-5.00,home,ft,2.51,5
niQdpP1U,Tjen J.,Hennemann C. W.,2,2,hc,-5.00,away,ft,1.49,5
niQdpP1U,Tjen J.,Hennemann C. W.,2,2,hc,-5.50,home,ft,2.708,6
niQdpP1U,Tjen J.,Hennemann C. W.,2,2,hc,-5.50,away,ft,1.422,6
hfWtwGoR,Jones F.,Kotliar Y.,1,1,ou,2.50,over,ft,4.018,5
hfWtwGoR,Jones F.,Kotliar Y.,1,1,ou,2.50,under,ft,1.212,5
hfWtwGoR,Jones F.,Kotliar Y.,1,1,ou,13.50,over,ft,1.02,1
hfWtwGoR,Jones F.,Kotliar Y.,1,1,ou,13.50,under,ft,9.55,1
hfWtwGoR,Jones F.,Kotliar Y.,1,1,ou,14.50,over,ft,1.103,4
hfWtwGoR,Jones F.,Kotliar Y.,1,1,ou,14.50,under,ft,5.55,4
hfWtwGoR,Jones F.,Kotliar Y.,1,1,ou,15.50,over,ft,1.244,5
hfWtwGoR,Jones F.,Kotliar Y.,1,1,ou,15.50,under,ft,3.532,5
hfWtwGoR,Jones F.,Kotliar Y.,1,1,ou,16.50,over,ft,1.46,9
hfWtwGoR,Jones F.,Kotliar Y.,1,1,ou,16.50,under,ft,2.542,9
hfWtwGoR,Jones F.,Kotliar Y.,1,1,ou,17.00,over,ft,1.585,6
hfWtwGoR,Jones F.,Kotliar Y.,1,1,ou,17.00,under,ft,2.255,6
hfWtwGoR,Jones F.,Kotliar Y.,1,1,ou,17.50,over,ft,1.806,10
hfWtwGoR,Jones F.,Kotliar Y.,1,1,ou,17.50,under,ft,1.938,10
hfWtwGoR,Jones F.,Kotliar Y.,1,1,ou,18.00,over,ft,1.945,6
hfWtwGoR,Jones F.,Kotliar Y.,1,1,ou,18.00,under,ft,1.788,6
hfWtwGoR,Jones F.,Kotliar Y.,1,1,ou,18.50,over,ft,2.093,9
hfWtwGoR,Jones F.,Kotliar Y.,1,1,ou,18.50,under,ft,1.669,9
hfWtwGoR,Jones F.,Kotliar Y.,1,1,ou,19.00,over,ft,2.245,6
hfWtwGoR,Jones F.,Kotliar Y.,1,1,ou,19.00,under,ft,1.588,6
hfWtwGoR,Jones F.,Kotliar Y.,1,1,ou,19.50,over,ft,2.372,6
hfWtwGoR,Jones F.,Kotliar Y.,1,1,ou,19.50,under,ft,1.532,6
hfWtwGoR,Jones F.,Kotliar Y.,1,1,ou,20.00,over,ft,2.71,1
hfWtwGoR,Jones F.,Kotliar Y.,1,1,ou,20.00,under,ft,1.39,1
hfWtwGoR,Jones F.,Kotliar Y.,1,1,ou,20.50,over,ft,3.05,6
hfWtwGoR,Jones F.,Kotliar Y.,1,1,ou,20.50,under,ft,1.33,6
hfWtwGoR,Jones F.,Kotliar Y.,1,1,ou,21.50,over,ft,3.583,4
hfWtwGoR,Jones F.,Kotliar Y.,1,1,ou,21.50,under,ft,1.232,4
hfWtwGoR,Jones F.,Kotliar Y.,1,1,ou,22.50,over,ft,3.985,6
hfWtwGoR,Jones F.,Kotliar Y.,1,1,ou,22.50,under,ft,1.203,6
hfWtwGoR,Jones F.,Kotliar Y.,1,1,ou,23.50,over,ft,3.79,1
hfWtwGoR,Jones F.,Kotliar Y.,1,1,ou,23.50,under,ft,1.21,1
hfWtwGoR,Jones F.,Kotliar Y.,1,1,ou,24.50,over,ft,4.11,1
hfWtwGoR,Jones F.,Kotliar Y.,1,1,ou,24.50,under,ft,1.19,1
hfWtwGoR,Jones F.,Kotliar Y.,1,1,ou,25.50,over,ft,4.13,1
hfWtwGoR,Jones F.,Kotliar Y.,1,1,ou,25.50,under,ft,1.18,1
hfWtwGoR,Jones F.,Kotliar Y.,1,1,ou,26.50,over,ft,4.6,1
hfWtwGoR,Jones F.,Kotliar Y.,1,1,ou,26.50,under,ft,1.15,1
hfWtwGoR,Jones F.,Kotliar Y.,1,1,ou,27.50,over,ft,5.06,1
hfWtwGoR,Jones F.,Kotliar Y.,1,1,ou,27.50,under,ft,1.12,1
hfWtwGoR,Jones F.,Kotliar Y.,1,1,ou,28.50,over,ft,5.85,1
hfWtwGoR,Jones F.,Kotliar Y.,1,1,ou,28.50,under,ft,1.09,1
hfWtwGoR,Jones F.,Kotliar Y.,1,1,hc,1.50,home,ft,1.03,3
hfWtwGoR,Jones F.,Kotliar Y.,1,1,hc,1.50,away,ft,11.797,7
hfWtwGoR,Jones F.,Kotliar Y.,1,1,hc,-1.50,home,ft,1.3,9
hfWtwGoR,Jones F.,Kotliar Y.,1,1,hc,-1.50,away,ft,3.267,9
hfWtwGoR,Jones F.,Kotliar Y.,1,1,hc,-2.50,home,ft,1.11,1
hfWtwGoR,Jones F.,Kotliar Y.,1,1,hc,-2.50,away,ft,5.6,1
hfWtwGoR,Jones F.,Kotliar Y.,1,1,hc,-3.50,home,ft,1.17,3
hfWtwGoR,Jones F.,Kotliar Y.,1,1,hc,-3.50,away,ft,4.62,3
hfWtwGoR,Jones F.,Kotliar Y.,1,1,hc,-4.50,home,ft,1.258,4
hfWtwGoR,Jones F.,Kotliar Y.,1,1,hc,-4.50,away,ft,3.542,4
hfWtwGoR,Jones F.,Kotliar Y.,1,1,hc,-5.00,home,ft,1.3,3
hfWtwGoR,Jones F.,Kotliar Y.,1,1,hc,-5.00,away,ft,3.26,3
hfWtwGoR,Jones F.,Kotliar Y.,1,1,hc,-5.50,home,ft,1.453,7
hfWtwGoR,Jones F.,Kotliar Y.,1,1,hc,-5.50,away,ft,2.591,7
hfWtwGoR,Jones F.,Kotliar Y.,1,1,hc,-6.00,home,ft,1.556,5
hfWtwGoR,Jones F.,Kotliar Y.,1,1,hc,-6.00,away,ft,2.322,5
hfWtwGoR,Jones F.,Kotliar Y.,1,1,hc,-6.50,home,ft,1.794,8
hfWtwGoR,Jones F.,Kotliar Y.,1,1,hc,-6.50,away,ft,1.958,8
hfWtwGoR,Jones F.,Kotliar Y.,1,1,hc,-7.00,home,ft,2.088,5
hfWtwGoR,Jones F.,Kotliar Y.,1,1,hc,-7.00,away,ft,1.688,5
hfWtwGoR,Jones F.,Kotliar Y.,1,1,hc,-7.50,home,ft,2.479,7
hfWtwGoR,Jones F.,Kotliar Y.,1,1,hc,-7.50,away,ft,1.493,7
hfWtwGoR,Jones F.,Kotliar Y.,1,1,hc,-8.00,home,ft,3.26,3
hfWtwGoR,Jones F.,Kotliar Y.,1,1,hc,-8.00,away,ft,1.3,3
hfWtwGoR,Jones F.,Kotliar Y.,1,1,hc,-8.50,home,ft,3.728,4
hfWtwGoR,Jones F.,Kotliar Y.,1,1,hc,-8.50,away,ft,1.238,4
QP1pngOs,Nahimana S.,Tomljanovic A.,2,2,ou,2.50,over,ft,2.888,5
QP1pngOs,Nahimana S.,Tomljanovic A.,2,2,ou,2.50,under,ft,1.374,5
QP1pngOs,Nahimana S.,Tomljanovic A.,2,2,ou,15.50,over,ft,1.12,1
QP1pngOs,Nahimana S.,Tomljanovic A.,2,2,ou,15.50,under,ft,5.2,1
QP1pngOs,Nahimana S.,Tomljanovic A.,2,2,ou,16.50,over,ft,1.203,6
QP1pngOs,Nahimana S.,Tomljanovic A.,2,2,ou,16.50,under,ft,4.013,6
QP1pngOs,Nahimana S.,Tomljanovic A.,2,2,ou,17.50,over,ft,1.362,5
QP1pngOs,Nahimana S.,Tomljanovic A.,2,2,ou,17.50,under,ft,2.82,5
QP1pngOs,Nahimana S.,Tomljanovic A.,2,2,ou,18.00,over,ft,1.44,1
QP1pngOs,Nahimana S.,Tomljanovic A.,2,2,ou,18.00,under,ft,2.53,1
QP1pngOs,Nahimana S.,Tomljanovic A.,2,2,ou,18.50,over,ft,1.569,9
QP1pngOs,Nahimana S.,Tomljanovic A.,2,2,ou,18.50,under,ft,2.249,9
QP1pngOs,Nahimana S.,Tomljanovic A.,2,2,ou,19.00,over,ft,1.697,6
QP1pngOs,Nahimana S.,Tomljanovic A.,2,2,ou,19.00,under,ft,2.077,6
QP1pngOs,Nahimana S.,Tomljanovic A.,2,2,ou,19.50,over,ft,1.881,10
QP1pngOs,Nahimana S.,Tomljanovic A.,2,2,ou,19.50,under,ft,1.87,10
QP1pngOs,Nahimana S.,Tomljanovic A.,2,2,ou,20.00,over,ft,1.957,6
QP1pngOs,Nahimana S.,Tomljanovic A.,2,2,ou,20.00,under,ft,1.782,6
QP1pngOs,Nahimana S.,Tomljanovic A.,2,2,ou,20.50,over,ft,2.067,9
QP1pngOs,Nahimana S.,Tomljanovic A.,2,2,ou,20.50,under,ft,1.676,9
QP1pngOs,Nahimana S.,Tomljanovic A.,2,2,ou,21.00,over,ft,2.17,1
QP1pngOs,Nahimana S.,Tomljanovic A.,2,2,ou,21.00,under,ft,1.6,1
QP1pngOs,Nahimana S.,Tomljanovic A.,2,2,ou,21.50,over,ft,2.332,5
QP1pngOs,Nahimana S.,Tomljanovic A.,2,2,ou,21.50,under,ft,1.514,5
QP1pngOs,Nahimana S.,Tomljanovic A.,2,2,ou,22.00,over,ft,2.46,1
QP1pngOs,Nahimana S.,Tomljanovic A.,2,2,ou,22.00,under,ft,1.47,1
QP1pngOs,Nahimana S.,Tomljanovic A.,2,2,ou,22.50,over,ft,2.7,6
QP1pngOs,Nahimana S.,Tomljanovic A.,2,2,ou,22.50,under,ft,1.405,6
QP1pngOs,Nahimana S.,Tomljanovic A.,2,2,ou,23.50,over,ft,3.07,4
QP1pngOs,Nahimana S.,Tomljanovic A.,2,2,ou,23.50,under,ft,1.305,4
QP1pngOs,Nahimana S.,Tomljanovic A.,2,2,ou,24.50,over,ft,3.21,6
QP1pngOs,Nahimana S.,Tomljanovic A.,2,2,ou,24.50,under,ft,1.3,6
QP1pngOs,Nahimana S.,Tomljanovic A.,2,2,ou,25.50,over,ft,3.38,1
QP1pngOs,Nahimana S.,Tomljanovic A.,2,2,ou,25.50,under,ft,1.26,1
QP1pngOs,Nahimana S.,Tomljanovic A.,2,2,ou,26.50,over,ft,3.61,1
QP1pngOs,Nahimana S.,Tomljanovic A.,2,2,ou,26.50,under,ft,1.24,1
QP1pngOs,Nahimana S.,Tomljanovic A.,2,2,ou,27.50,over,ft,4.04,1
QP1pngOs,Nahimana S.,Tomljanovic A.,2,2,ou,27.50,under,ft,1.19,1
QP1pngOs,Nahimana S.,Tomljanovic A.,2,2,ou,28.50,over,ft,4.65,1
QP1pngOs,Nahimana S.,Tomljanovic A.,2,2,ou,28.50,under,ft,1.15,1
QP1pngOs,Nahimana S.,Tomljanovic A.,2,2,ou,29.50,over,ft,5.43,1
QP1pngOs,Nahimana S.,Tomljanovic A.,2,2,ou,29.50,under,ft,1.11,1
QP1pngOs,Nahimana S.,Tomljanovic A.,2,2,hc,1.50,home,ft,2.11,9
QP1pngOs,Nahimana S.,Tomljanovic A.,2,2,hc,1.50,away,ft,1.666,9
QP1pngOs,Nahimana S.,Tomljanovic A.,2,2,hc,-1.50,home,ft,6.459,7
QP1pngOs,Nahimana S.,Tomljanovic A.,2,2,hc,-1.50,away,ft,1.093,7
QP1pngOs,Nahimana S.,Tomljanovic A.,2,2,hc,1.50,home,ft,3.505,2
QP1pngOs,Nahimana S.,Tomljanovic A.,2,2,hc,1.50,away,ft,1.28,2
QP1pngOs,Nahimana S.,Tomljanovic A.,2,2,hc,2.50,home,ft,3.0,1
QP1pngOs,Nahimana S.,Tomljanovic A.,2,2,hc,2.50,away,ft,1.33,1
QP1pngOs,Nahimana S.,Tomljanovic A.,2,2,hc,3.00,home,ft,2.92,3
QP1pngOs,Nahimana S.,Tomljanovic A.,2,2,hc,3.00,away,ft,1.33,3
QP1pngOs,Nahimana S.,Tomljanovic A.,2,2,hc,3.50,home,ft,2.59,6
QP1pngOs,Nahimana S.,Tomljanovic A.,2,2,hc,3.50,away,ft,1.457,6
QP1pngOs,Nahimana S.,Tomljanovic A.,2,2,hc,4.00,home,ft,2.386,5
QP1pngOs,Nahimana S.,Tomljanovic A.,2,2,hc,4.00,away,ft,1.542,5
QP1pngOs,Nahimana S.,Tomljanovic A.,2,2,hc,4.50,home,ft,2.099,7
QP1pngOs,Nahimana S.,Tomljanovic A.,2,2,hc,4.50,away,ft,1.676,7
QP1pngOs,Nahimana S.,Tomljanovic A.,2,2,hc,5.00,home,ft,1.896,5
QP1pngOs,Nahimana S.,Tomljanovic A.,2,2,hc,5.00,away,ft,1.838,5
QP1pngOs,Nahimana S.,Tomljanovic A.,2,2,hc,5.50,home,ft,1.801,8
QP1pngOs,Nahimana S.,Tomljanovic A.,2,2,hc,5.50,away,ft,1.96,8
QP1pngOs,Nahimana S.,Tomljanovic A.,2,2,hc,6.00,home,ft,1.528,5
QP1pngOs,Nahimana S.,Tomljanovic A.,2,2,hc,6.00,away,ft,2.414,5
QP1pngOs,Nahimana S.,Tomljanovic A.,2,2,hc,6.50,home,ft,1.444,5
QP1pngOs,Nahimana S.,Tomljanovic A.,2,2,hc,6.50,away,ft,2.6,5
QP1pngOs,Nahimana S.,Tomljanovic A.,2,2,hc,7.00,home,ft,1.27,3
QP1pngOs,Nahimana S.,Tomljanovic A.,2,2,hc,7.00,away,ft,3.48,3
QP1pngOs,Nahimana S.,Tomljanovic A.,2,2,hc,7.50,home,ft,1.212,6
QP1pngOs,Nahimana S.,Tomljanovic A.,2,2,hc,7.50,away,ft,4.025,6
QP1pngOs,Nahimana S.,Tomljanovic A.,2,2,hc,8.00,home,ft,1.13,3
QP1pngOs,Nahimana S.,Tomljanovic A.,2,2,hc,8.00,away,ft,4.89,3
ET68tkhJ,Hercog P.,Bondar A.,,,ou,2.50,over,ft,2.954,5
ET68tkhJ,Hercog P.,Bondar A.,,,ou,2.50,under,ft,1.368,5
ET68tkhJ,Hercog P.,Bondar A.,,,ou,15.50,over,ft,1.11,1
ET68tkhJ,Hercog P.,Bondar A.,,,ou,15.50,under,ft,5.38,1
ET68tkhJ,Hercog P.,Bondar A.,,,ou,16.50,over,ft,1.17,6
ET68tkhJ,Hercog P.,Bondar A.,,,ou,16.50,under,ft,4.462,6
ET68tkhJ,Hercog P.,Bondar A.,,,ou,17.50,over,ft,1.348,6
ET68tkhJ,Hercog P.,Bondar A.,,,ou,17.50,under,ft,2.942,6
ET68tkhJ,Hercog P.,Bondar A.,,,ou,18.50,over,ft,1.536,10
ET68tkhJ,Hercog P.,Bondar A.,,,ou,18.50,under,ft,2.329,10
ET68tkhJ,Hercog P.,Bondar A.,,,ou,19.00,over,ft,1.622,6
ET68tkhJ,Hercog P.,Bondar A.,,,ou,19.00,under,ft,2.2,6
ET68tkhJ,Hercog P.,Bondar A.,,,ou,19.50,over,ft,1.758,10
ET68tkhJ,Hercog P.,Bondar A.,,,ou,19.50,under,ft,1.976,10
ET68tkhJ,Hercog P.,Bondar A.,,,ou,20.00,over,ft,1.877,6
ET68tkhJ,Hercog P.,Bondar A.,,,ou,20.00,under,ft,1.845,6
ET68tkhJ,Hercog P.,Bondar A.,,,ou,20.50,over,ft,2.041,10
ET68tkhJ,Hercog P.,Bondar A.,,,ou,20.50,under,ft,1.696,10
ET68tkhJ,Hercog P.,Bondar A.,,,ou,21.00,over,ft,2.102,6
ET68tkhJ,Hercog P.,Bondar A.,,,ou,21.00,under,ft,1.68,6
ET68tkhJ,Hercog P.,Bondar A.,,,ou,21.50,over,ft,2.223,9
ET68tkhJ,Hercog P.,Bondar A.,,,ou,21.50,under,ft,1.591,9
ET68tkhJ,Hercog P.,Bondar A.,,,ou,22.00,over,ft,2.4,1
ET68tkhJ,Hercog P.,Bondar A.,,,ou,22.00,under,ft,1.49,1
ET68tkhJ,Hercog P.,Bondar A.,,,ou,22.50,over,ft,2.561,8
ET68tkhJ,Hercog P.,Bondar A.,,,ou,22.50,under,ft,1.45,8
ET68tkhJ,Hercog P.,Bondar A.,,,ou,23.00,over,ft,2.72,1
ET68tkhJ,Hercog P.,Bondar A.,,,ou,23.00,under,ft,1.39,1
ET68tkhJ,Hercog P.,Bondar A.,,,ou,23.50,over,ft,2.856,5
ET68tkhJ,Hercog P.,Bondar A.,,,ou,23.50,under,ft,1.36,5
ET68tkhJ,Hercog P.,Bondar A.,,,ou,24.50,over,ft,3.029,7
ET68tkhJ,Hercog P.,Bondar A.,,,ou,24.50,under,ft,1.334,7
ET68tkhJ,Hercog P.,Bondar A.,,,ou,25.50,over,ft,3.516,5
ET68tkhJ,Hercog P.,Bondar A.,,,ou,25.50,under,ft,1.246,5
ET68tkhJ,Hercog P.,Bondar A.,,,ou,26.50,over,ft,3.5,1
ET68tkhJ,Hercog P.,Bondar A.,,,ou,26.50,under,ft,1.25,1
ET68tkhJ,Hercog P.,Bondar A.,,,ou,27.50,over,ft,4.03,1
ET68tkhJ,Hercog P.,Bondar A.,,,ou,27.50,under,ft,1.19,1
ET68tkhJ,Hercog P.,Bondar A.,,,ou,28.50,over,ft,4.61,1
ET68tkhJ,Hercog P.,Bondar A.,,,ou,28.50,under,ft,1.15,1
ET68tkhJ,Hercog P.,Bondar A.,,,ou,29.50,over,ft,5.48,1
ET68tkhJ,Hercog P.,Bondar A.,,,ou,29.50,under,ft,1.11,1
ET68tkhJ,Hercog P.,Bondar A.,,,hc,1.50,home,ft,2.186,9
ET68tkhJ,Hercog P.,Bondar A.,,,hc,1.50,away,ft,1.629,9
ET68tkhJ,Hercog P.,Bondar A.,,,hc,-1.50,home,ft,6.743,7
ET68tkhJ,Hercog P.,Bondar A.,,,hc,-1.50,away,ft,1.09,7
ET68tkhJ,Hercog P.,Bondar A.,,,hc,1.50,home,ft,3.121,7
ET68tkhJ,Hercog P.,Bondar A.,,,hc,1.50,away,ft,1.35,7
ET68tkhJ,Hercog P.,Bondar A.,,,hc,2.00,home,ft,2.32,3
ET68tkhJ,Hercog P.,Bondar A.,,,hc,2.00,away,ft,1.51,3
ET68tkhJ,Hercog P.,Bondar A.,,,hc,2.50,home,ft,3.124,5
ET68tkhJ,Hercog P.,Bondar A.,,,hc,2.50,away,ft,1.308,5
ET68tkhJ,Hercog P.,Bondar A.,,,hc,3.00,home,ft,2.85,3
ET68tkhJ,Hercog P.,Bondar A.,,,hc,3.00,away,ft,1.35,3
ET68tkhJ,Hercog P.,Bondar A.,,,hc,3.50,home,ft,2.488,9
ET68tkhJ,Hercog P.,Bondar A.,,,hc,3.50,away,ft,1.483,9
ET68tkhJ,Hercog P.,Bondar A.,,,hc,4.00,home,ft,2.31,5
ET68tkhJ,Hercog P.,Bondar A.,,,hc,4.00,away,ft,1.55,5
ET68tkhJ,Hercog P.,Bondar A.,,,hc,4.50,home,ft,2.083,8
ET68tkhJ,Hercog P.,Bondar A.,,,hc,4.50,away,ft,1.674,8
ET68tkhJ,Hercog P.,Bondar A.,,,hc,5.00,home,ft,1.808,5
ET68tkhJ,Hercog P.,Bondar A.,,,hc,5.00,away,ft,1.89,5
ET68tkhJ,Hercog P.,Bondar A.,,,hc,5.50,home,ft,1.644,9
ET68tkhJ,Hercog P.,Bondar A.,,,hc,5.50,away,ft,2.116,9
ET68tkhJ,Hercog P.,Bondar A.,,,hc,6.00,home,ft,1.426,5
ET68tkhJ,Hercog P.,Bondar A.,,,hc,6.00,away,ft,2.648,5
ET68tkhJ,Hercog P.,Bondar A.,,,hc,6.50,home,ft,1.378,5
ET68tkhJ,Hercog P.,Bondar A.,,,hc,6.50,away,ft,2.792,5
ET68tkhJ,Hercog P.,Bondar A.,,,hc,7.00,home,ft,1.2,3
ET68tkhJ,Hercog P.,Bondar A.,,,hc,7.00,away,ft,3.82,3
ET68tkhJ,Hercog P.,Bondar A.,,,hc,7.50,home,ft,1.162,5
ET68tkhJ,Hercog P.,Bondar A.,,,hc,7.50,away,ft,4.616,5
23064Snn,Ferro F.,Kovinic D.,2,2,ou,2.50,over,ft,3.812,5
23064Snn,Ferro F.,Kovinic D.,2,2,ou,2.50,under,ft,1.234,5
23064Snn,Ferro F.,Kovinic D.,2,2,ou,13.50,under,ft,8.18,1
23064Snn,Ferro F.,Kovinic D.,2,2,ou,14.50,over,ft,1.08,1
23064Snn,Ferro F.,Kovinic D.,2,2,ou,14.50,under,ft,6.27,1
23064Snn,Ferro F.,Kovinic D.,2,2,ou,15.50,over,ft,1.2,1
23064Snn,Ferro F.,Kovinic D.,2,2,ou,15.50,under,ft,3.98,1
23064Snn,Ferro F.,Kovinic D.,2,2,ou,16.50,over,ft,1.434,8
23064Snn,Ferro F.,Kovinic D.,2,2,ou,16.50,under,ft,2.614,8
23064Snn,Ferro F.,Kovinic D.,2,2,ou,17.00,over,ft,1.55,6
23064Snn,Ferro F.,Kovinic D.,2,2,ou,17.00,under,ft,2.345,6
23064Snn,Ferro F.,Kovinic D.,2,2,ou,17.50,over,ft,1.701,9
23064Snn,Ferro F.,Kovinic D.,2,2,ou,17.50,under,ft,2.049,9
23064Snn,Ferro F.,Kovinic D.,2,2,ou,18.00,over,ft,1.878,6
23064Snn,Ferro F.,Kovinic D.,2,2,ou,18.00,under,ft,1.848,6
23064Snn,Ferro F.,Kovinic D.,2,2,ou,18.50,over,ft,2.007,10
23064Snn,Ferro F.,Kovinic D.,2,2,ou,18.50,under,ft,1.738,10
23064Snn,Ferro F.,Kovinic D.,2,2,ou,19.00,over,ft,2.268,6
23064Snn,Ferro F.,Kovinic D.,2,2,ou,19.00,under,ft,1.588,6
23064Snn,Ferro F.,Kovinic D.,2,2,ou,19.50,over,ft,2.252,10
23064Snn,Ferro F.,Kovinic D.,2,2,ou,19.50,under,ft,1.58,10
23064Snn,Ferro F.,Kovinic D.,2,2,ou,20.00,over,ft,2.18,4
23064Snn,Ferro F.,Kovinic D.,2,2,ou,20.00,under,ft,1.625,4
23064Snn,Ferro F.,Kovinic D.,2,2,ou,20.50,over,ft,2.45,9
23064Snn,Ferro F.,Kovinic D.,2,2,ou,20.50,under,ft,1.527,9
23064Snn,Ferro F.,Kovinic D.,2,2,ou,21.00,over,ft,2.82,1
23064Snn,Ferro F.,Kovinic D.,2,2,ou,21.00,under,ft,1.37,1
23064Snn,Ferro F.,Kovinic D.,2,2,ou,21.50,over,ft,2.602,5
23064Snn,Ferro F.,Kovinic D.,2,2,ou,21.50,under,ft,1.456,5
23064Snn,Ferro F.,Kovinic D.,2,2,ou,22.50,over,ft,3.12,7
23064Snn,Ferro F.,Kovinic D.,2,2,ou,22.50,under,ft,1.334,7
23064Snn,Ferro F.,Kovinic D.,2,2,ou,23.50,over,ft,3.032,4
23064Snn,Ferro F.,Kovinic D.,2,2,ou,23.50,under,ft,1.323,4
23064Snn,Ferro F.,Kovinic D.,2,2,ou,24.50,over,ft,3.21,4
23064Snn,Ferro F.,Kovinic D.,2,2,ou,24.50,under,ft,1.288,4
23064Snn,Ferro F.,Kovinic D.,2,2,ou,25.50,over,ft,3.44,3
23064Snn,Ferro F.,Kovinic D.,2,2,ou,25.50,under,ft,1.25,3
23064Snn,Ferro F.,Kovinic D.,2,2,hc,1.50,home,ft,1.031,7
23064Snn,Ferro F.,Kovinic D.,2,2,hc,1.50,away,ft,10.444,7
23064Snn,Ferro F.,Kovinic D.,2,2,hc,-1.50,home,ft,1.342,9
23064Snn,Ferro F.,Kovinic D.,2,2,hc,-1.50,away,ft,3.032,9
23064Snn,Ferro F.,Kovinic D.,2,2,hc,-2.50,home,ft,1.29,4
23064Snn,Ferro F.,Kovinic D.,2,2,hc,-2.50,away,ft,3.53,4
23064Snn,Ferro F.,Kovinic D.,2,2,hc,-3.00,home,ft,1.4,3
23064Snn,Ferro F.,Kovinic D.,2,2,hc,-3.00,away,ft,2.64,3
23064Snn,Ferro F.,Kovinic D.,2,2,hc,-3.50,home,ft,1.238,6
23064Snn,Ferro F.,Kovinic D.,2,2,hc,-3.50,away,ft,3.948,6
23064Snn,Ferro F.,Kovinic D.,2,2,hc,-4.00,home,ft,1.31,3
23064Snn,Ferro F.,Kovinic D.,2,2,hc,-4.00,away,ft,3.2,3
23064Snn,Ferro F.,Kovinic D.,2,2,hc,-4.50,home,ft,1.278,4
23064Snn,Ferro F.,Kovinic D.,2,2,hc,-4.50,away,ft,3.4,4
23064Snn,Ferro F.,Kovinic D.,2,2,hc,-5.00,home,ft,1.376,5
23064Snn,Ferro F.,Kovinic D.,2,2,hc,-5.00,away,ft,2.938,5
23064Snn,Ferro F.,Kovinic D.,2,2,hc,-5.50,home,ft,1.574,9
23064Snn,Ferro F.,Kovinic D.,2,2,hc,-5.50,away,ft,2.387,9
23064Snn,Ferro F.,Kovinic D.,2,2,hc,-6.00,home,ft,1.608,5
23064Snn,Ferro F.,Kovinic D.,2,2,hc,-6.00,away,ft,2.236,5
23064Snn,Ferro F.,Kovinic D.,2,2,hc,-6.50,home,ft,1.868,8
23064Snn,Ferro F.,Kovinic D.,2,2,hc,-6.50,away,ft,1.863,8
23064Snn,Ferro F.,Kovinic D.,2,2,hc,-7.00,home,ft,2.202,5
23064Snn,Ferro F.,Kovinic D.,2,2,hc,-7.00,away,ft,1.63,5
23064Snn,Ferro F.,Kovinic D.,2,2,hc,-7.50,home,ft,2.576,7
23064Snn,Ferro F.,Kovinic D.,2,2,hc,-7.50,away,ft,1.459,7
23064Snn,Ferro F.,Kovinic D.,2,2,hc,-8.00,home,ft,3.178,5
23064Snn,Ferro F.,Kovinic D.,2,2,hc,-8.00,away,ft,1.33,5
23064Snn,Ferro F.,Kovinic D.,2,2,hc,-8.50,home,ft,3.913,4
23064Snn,Ferro F.,Kovinic D.,2,2,hc,-8.50,away,ft,1.218,4
EqomHYO7,Parks A.,Uchijima M.,2,2,ou,2.50,over,ft,2.482,5
EqomHYO7,Parks A.,Uchijima M.,2,2,ou,2.50,under,ft,1.5,5
EqomHYO7,Parks A.,Uchijima M.,2,2,ou,16.50,over,ft,1.14,1
EqomHYO7,Parks A.,Uchijima M.,2,2,ou,16.50,under,ft,4.79,1
EqomHYO7,Parks A.,Uchijima M.,2,2,ou,17.50,over,ft,1.26,1
EqomHYO7,Parks A.,Uchijima M.,2,2,ou,17.50,under,ft,3.39,1
EqomHYO7,Parks A.,Uchijima M.,2,2,ou,18.50,over,ft,1.364,7
EqomHYO7,Parks A.,Uchijima M.,2,2,ou,18.50,under,ft,2.861,7
EqomHYO7,Parks A.,Uchijima M.,2,2,ou,19.50,over,ft,1.549,7
EqomHYO7,Parks A.,Uchijima M.,2,2,ou,19.50,under,ft,2.279,7
EqomHYO7,Parks A.,Uchijima M.,2,2,ou,20.00,over,ft,1.63,3
EqomHYO7,Parks A.,Uchijima M.,2,2,ou,20.00,under,ft,2.197,3
EqomHYO7,Parks A.,Uchijima M.,2,2,ou,20.50,over,ft,1.782,10
EqomHYO7,Parks A.,Uchijima M.,2,2,ou,20.50,under,ft,1.975,10
EqomHYO7,Parks A.,Uchijima M.,2,2,ou,21.00,over,ft,1.801,7
EqomHYO7,Parks A.,Uchijima M.,2,2,ou,21.00,under,ft,1.947,7
EqomHYO7,Parks A.,Uchijima M.,2,2,ou,21.50,over,ft,1.926,10
EqomHYO7,Parks A.,Uchijima M.,2,2,ou,21.50,under,ft,1.797,10
EqomHYO7,Parks A.,Uchijima M.,2,2,ou,22.00,over,ft,2.029,7
EqomHYO7,Parks A.,Uchijima M.,2,2,ou,22.00,under,ft,1.734,7
EqomHYO7,Parks A.,Uchijima M.,2,2,ou,22.50,over,ft,2.186,10
EqomHYO7,Parks A.,Uchijima M.,2,2,ou,22.50,under,ft,1.601,10
EqomHYO7,Parks A.,Uchijima M.,2,2,ou,23.00,over,ft,2.33,1
EqomHYO7,Parks A.,Uchijima M.,2,2,ou,23.00,under,ft,1.52,1
EqomHYO7,Parks A.,Uchijima M.,2,2,ou,23.50,over,ft,2.412,5
EqomHYO7,Parks A.,Uchijima M.,2,2,ou,23.50,under,ft,1.48,5
EqomHYO7,Parks A.,Uchijima M.,2,2,ou,24.00,over,ft,2.59,1
EqomHYO7,Parks A.,Uchijima M.,2,2,ou,24.00,under,ft,1.43,1
EqomHYO7,Parks A.,Uchijima M.,2,2,ou,24.50,over,ft,2.579,7
EqomHYO7,Parks A.,Uchijima M.,2,2,ou,24.50,under,ft,1.441,7
EqomHYO7,Parks A.,Uchijima M.,2,2,ou,25.50,over,ft,2.897,4
EqomHYO7,Parks A.,Uchijima M.,2,2,ou,25.50,under,ft,1.338,4
EqomHYO7,Parks A.,Uchijima M.,2,2,ou,26.50,over,ft,3.28,5
EqomHYO7,Parks A.,Uchijima M.,2,2,ou,26.50,under,ft,1.274,5
EqomHYO7,Parks A.,Uchijima M.,2,2,ou,27.50,over,ft,3.53,1
EqomHYO7,Parks A.,Uchijima M.,2,2,ou,27.50,under,ft,1.24,1
EqomHYO7,Parks A.,Uchijima M.,2,2,ou,28.50,over,ft,4.06,1
EqomHYO7,Parks A.,Uchijima M.,2,2,ou,28.50,under,ft,1.19,1
EqomHYO7,Parks A.,Uchijima M.,2,2,ou,29.50,over,ft,4.76,1
EqomHYO7,Parks A.,Uchijima M.,2,2,ou,29.50,under,ft,1.14,1
EqomHYO7,Parks A.,Uchijima M.,2,2,ou,30.50,over,ft,5.76,1
EqomHYO7,Parks A.,Uchijima M.,2,2,ou,30.50,under,ft,1.09,1
EqomHYO7,Parks A.,Uchijima M.,2,2,hc,1.50,home,ft,1.616,9
EqomHYO7,Parks A.,Uchijima M.,2,2,hc,1.50,away,ft,2.218,9
EqomHYO7,Parks A.,Uchijima M.,2,2,hc,-1.50,home,ft,4.121,7
EqomHYO7,Parks A.,Uchijima M.,2,2,hc,-1.50,away,ft,1.209,7
EqomHYO7,Parks A.,Uchijima M.,2,2,hc,0,home,ft,2.22,3
EqomHYO7,Parks A.,Uchijima M.,2,2,hc,0,away,ft,1.56,3
EqomHYO7,Parks A.,Uchijima M.,2,2,hc,0.50,home,ft,2.16,6
EqomHYO7,Parks A.,Uchijima M.,2,2,hc,0.50,away,ft,1.65,6
EqomHYO7,Parks A.,Uchijima M.,2,2,hc,-0.50,home,ft,2.28,4
EqomHYO7,Parks A.,Uchijima M.,2,2,hc,-0.50,away,ft,1.55,4
EqomHYO7,Parks A.,Uchijima M.,2,2,hc,1.00,home,ft,2.14,5
EqomHYO7,Parks A.,Uchijima M.,2,2,hc,1.00,away,ft,1.624,5
EqomHYO7,Parks A.,Uchijima M.,2,2,hc,-1.00,home,ft,2.22,3
EqomHYO7,Parks A.,Uchijima M.,2,2,hc,-1.00,away,ft,1.56,3
EqomHYO7,Parks A.,Uchijima M.,2,2,hc,1.50,home,ft,2.19,8
EqomHYO7,Parks A.,Uchijima M.,2,2,hc,1.50,away,ft,1.63,8
EqomHYO7,Parks A.,Uchijima M.,2,2,hc,-1.50,home,ft,2.757,3
EqomHYO7,Parks A.,Uchijima M.,2,2,hc,-1.50,away,ft,1.413,3
EqomHYO7,Parks A.,Uchijima M.,2,2,hc,2.00,home,ft,2.147,6
EqomHYO7,Parks A.,Uchijima M.,2,2,hc,2.00,away,ft,1.665,6
EqomHYO7,Parks A.,Uchijima M.,2,2,hc,2.50,home,ft,2.016,9
EqomHYO7,Parks A.,Uchijima M.,2,2,hc,2.50,away,ft,1.742,9
EqomHYO7,Parks A.,Uchijima M.,2,2,hc,3.00,home,ft,1.92,6
EqomHYO7,Parks A.,Uchijima M.,2,2,hc,3.00,away,ft,1.835,6
EqomHYO7,Parks A.,Uchijima M.,2,2,hc,3.50,home,ft,1.854,9
EqomHYO7,Parks A.,Uchijima M.,2,2,hc,3.50,away,ft,1.913,9
EqomHYO7,Parks A.,Uchijima M.,2,2,hc,4.00,home,ft,1.662,5
EqomHYO7,Parks A.,Uchijima M.,2,2,hc,4.00,away,ft,2.14,5
EqomHYO7,Parks A.,Uchijima M.,2,2,hc,4.50,home,ft,1.553,7
EqomHYO7,Parks A.,Uchijima M.,2,2,hc,4.50,away,ft,2.34,7
EqomHYO7,Parks A.,Uchijima M.,2,2,hc,5.00,home,ft,1.42,3
EqomHYO7,Parks A.,Uchijima M.,2,2,hc,5.00,away,ft,2.69,3
EqomHYO7,Parks A.,Uchijima M.,2,2,hc,5.50,home,ft,1.35,6
EqomHYO7,Parks A.,Uchijima M.,2,2,hc,5.50,away,ft,3.003,6
Ig7M0pnB,Marcinko P.,Zvonareva V.,2,2,ou,2.50,over,ft,2.514,5
Ig7M0pnB,Marcinko P.,Zvonareva V.,2,2,ou,2.50,under,ft,1.478,5
Ig7M0pnB,Marcinko P.,Zvonareva V.,2,2,ou,16.50,over,ft,1.13,1
Ig7M0pnB,Marcinko P.,Zvonareva V.,2,2,ou,16.50,under,ft,4.99,1
Ig7M0pnB,Marcinko P.,Zvonareva V.,2,2,ou,17.50,over,ft,1.24,5
Ig7M0pnB,Marcinko P.,Zvonareva V.,2,2,ou,17.50,under,ft,3.512,5
Ig7M0pnB,Marcinko P.,Zvonareva V.,2,2,ou,18.50,over,ft,1.398,5
Ig7M0pnB,Marcinko P.,Zvonareva V.,2,2,ou,18.50,under,ft,2.682,5
Ig7M0pnB,Marcinko P.,Zvonareva V.,2,2,ou,19.50,over,ft,1.6,9
Ig7M0pnB,Marcinko P.,Zvonareva V.,2,2,ou,19.50,under,ft,2.198,9
Ig7M0pnB,Marcinko P.,Zvonareva V.,2,2,ou,20.00,over,ft,1.733,3
Ig7M0pnB,Marcinko P.,Zvonareva V.,2,2,ou,20.00,under,ft,2.033,3
Ig7M0pnB,Marcinko P.,Zvonareva V.,2,2,ou,20.50,over,ft,1.828,10
Ig7M0pnB,Marcinko P.,Zvonareva V.,2,2,ou,20.50,under,ft,1.883,10
Ig7M0pnB,Marcinko P.,Zvonareva V.,2,2,ou,21.00,over,ft,1.873,6
Ig7M0pnB,Marcinko P.,Zvonareva V.,2,2,ou,21.00,under,ft,1.862,6
Ig7M0pnB,Marcinko P.,Zvonareva V.,2,2,ou,21.50,over,ft,2.007,9
Ig7M0pnB,Marcinko P.,Zvonareva V.,2,2,ou,21.50,under,ft,1.713,9
Ig7M0pnB,Marcinko P.,Zvonareva V.,2,2,ou,22.00,over,ft,2.077,6
Ig7M0pnB,Marcinko P.,Zvonareva V.,2,2,ou,22.00,under,ft,1.687,6
Ig7M0pnB,Marcinko P.,Zvonareva V.,2,2,ou,22.50,over,ft,2.297,6
Ig7M0pnB,Marcinko P.,Zvonareva V.,2,2,ou,22.50,under,ft,1.533,6
Ig7M0pnB,Marcinko P.,Zvonareva V.,2,2,ou,23.00,over,ft,2.34,1
Ig7M0pnB,Marcinko P.,Zvonareva V.,2,2,ou,23.00,under,ft,1.52,1
Ig7M0pnB,Marcinko P.,Zvonareva V.,2,2,ou,23.50,over,ft,2.534,5
Ig7M0pnB,Marcinko P.,Zvonareva V.,2,2,ou,23.50,under,ft,1.454,5
Ig7M0pnB,Marcinko P.,Zvonareva V.,2,2,ou,24.50,over,ft,2.837,4
Ig7M0pnB,Marcinko P.,Zvonareva V.,2,2,ou,24.50,under,ft,1.355,4
Ig7M0pnB,Marcinko P.,Zvonareva V.,2,2,ou,25.50,over,ft,3.223,4
Ig7M0pnB,Marcinko P.,Zvonareva V.,2,2,ou,25.50,under,ft,1.282,4
Ig7M0pnB,Marcinko P.,Zvonareva V.,2,2,ou,26.50,over,ft,3.63,4
Ig7M0pnB,Marcinko P.,Zvonareva V.,2,2,ou,26.50,under,ft,1.228,4
Ig7M0pnB,Marcinko P.,Zvonareva V.,2,2,ou,27.50,over,ft,3.22,1
Ig7M0pnB,Marcinko P.,Zvonareva V.,2,2,ou,27.50,under,ft,1.29,1
Ig7M0pnB,Marcinko P.,Zvonareva V.,2,2,ou,28.50,over,ft,3.72,1
Ig7M0pnB,Marcinko P.,Zvonareva V.,2,2,ou,28.50,under,ft,1.22,1
Ig7M0pnB,Marcinko P.,Zvonareva V.,2,2,ou,29.50,over,ft,4.46,1
Ig7M0pnB,Marcinko P.,Zvonareva V.,2,2,ou,29.50,under,ft,1.16,1
Ig7M0pnB,Marcinko P.,Zvonareva V.,2,2,ou,30.50,over,ft,5.36,1
Ig7M0pnB,Marcinko P.,Zvonareva V.,2,2,ou,30.50,under,ft,1.11,1
Ig7M0pnB,Marcinko P.,Zvonareva V.,2,2,hc,1.50,home,ft,1.214,7
Ig7M0pnB,Marcinko P.,Zvonareva V.,2,2,hc,1.50,away,ft,4.041,7
Ig7M0pnB,Marcinko P.,Zvonareva V.,2,2,hc,-1.50,home,ft,2.173,9
Ig7M0pnB,Marcinko P.,Zvonareva V.,2,2,hc,-1.50,away,ft,1.626,9
Ig7M0pnB,Marcinko P.,Zvonareva V.,2,2,hc,0,home,ft,1.51,3
Ig7M0pnB,Marcinko P.,Zvonareva V.,2,2,hc,0,away,ft,2.33,3
Ig7M0pnB,Marcinko P.,Zvonareva V.,2,2,hc,-0.50,home,ft,1.555,4
Ig7M0pnB,Marcinko P.,Zvonareva V.,2,2,hc,-0.50,away,ft,2.245,4
Ig7M0pnB,Marcinko P.,Zvonareva V.,2,2,hc,-1.00,home,ft,1.47,3
Ig7M0pnB,Marcinko P.,Zvonareva V.,2,2,hc,-1.00,away,ft,2.42,3
Ig7M0pnB,Marcinko P.,Zvonareva V.,2,2,hc,-1.50,home,ft,1.558,4
Ig7M0pnB,Marcinko P.,Zvonareva V.,2,2,hc,-1.50,away,ft,2.235,4
Ig7M0pnB,Marcinko P.,Zvonareva V.,2,2,hc,-2.00,home,ft,1.6,3
Ig7M0pnB,Marcinko P.,Zvonareva V.,2,2,hc,-2.00,away,ft,2.13,3
Ig7M0pnB,Marcinko P.,Zvonareva V.,2,2,hc,-2.50,home,ft,1.694,9
Ig7M0pnB,Marcinko P.,Zvonareva V.,2,2,hc,-2.50,away,ft,2.04,9
Ig7M0pnB,Marcinko P.,Zvonareva V.,2,2,hc,-3.00,home,ft,1.75,5
Ig7M0pnB,Marcinko P.,Zvonareva V.,2,2,hc,-3.00,away,ft,1.966,5
Ig7M0pnB,Marcinko P.,Zvonareva V.,2,2,hc,-3.50,home,ft,1.856,7
Ig7M0pnB,Marcinko P.,Zvonareva V.,2,2,hc,-3.50,away,ft,1.856,7
Ig7M0pnB,Marcinko P.,Zvonareva V.,2,2,hc,-4.00,home,ft,2.014,5
Ig7M0pnB,Marcinko P.,Zvonareva V.,2,2,hc,-4.00,away,ft,1.714,5
Ig7M0pnB,Marcinko P.,Zvonareva V.,2,2,hc,-4.50,home,ft,2.18,7
Ig7M0pnB,Marcinko P.,Zvonareva V.,2,2,hc,-4.50,away,ft,1.614,7
Ig7M0pnB,Marcinko P.,Zvonareva V.,2,2,hc,-5.00,home,ft,2.52,3
Ig7M0pnB,Marcinko P.,Zvonareva V.,2,2,hc,-5.00,away,ft,1.44,3
Ig7M0pnB,Marcinko P.,Zvonareva V.,2,2,hc,-5.50,home,ft,2.758,4
Ig7M0pnB,Marcinko P.,Zvonareva V.,2,2,hc,-5.50,away,ft,1.377,4
tG80rBN6,Teichmann J.,Grabher J.,2,2,ou,2.50,over,ft,2.384,5
tG80rBN6,Teichmann J.,Grabher J.,2,2,ou,2.50,under,ft,1.528,5
tG80rBN6,Teichmann J.,Grabher J.,2,2,ou,16.50,over,ft,1.1,1
tG80rBN6,Teichmann J.,Grabher J.,2,2,ou,16.50,under,ft,5.54,1
tG80rBN6,Teichmann J.,Grabher J.,2,2,ou,17.50,over,ft,1.17,1
tG80rBN6,Teichmann J.,Grabher J.,2,2,ou,17.50,under,ft,4.3,1
tG80rBN6,Teichmann J.,Grabher J.,2,2,ou,18.50,over,ft,1.324,5
tG80rBN6,Teichmann J.,Grabher J.,2,2,ou,18.50,under,ft,3.048,5
tG80rBN6,Teichmann J.,Grabher J.,2,2,ou,19.50,over,ft,1.488,5
tG80rBN6,Teichmann J.,Grabher J.,2,2,ou,19.50,under,ft,2.404,5
tG80rBN6,Teichmann J.,Grabher J.,2,2,ou,20.00,over,ft,1.53,1
tG80rBN6,Teichmann J.,Grabher J.,2,2,ou,20.00,under,ft,2.32,1
tG80rBN6,Teichmann J.,Grabher J.,2,2,ou,20.50,over,ft,1.692,9
tG80rBN6,Teichmann J.,Grabher J.,2,2,ou,20.50,under,ft,2.038,9
tG80rBN6,Teichmann J.,Grabher J.,2,2,ou,21.00,over,ft,1.762,6
tG80rBN6,Teichmann J.,Grabher J.,2,2,ou,21.00,under,ft,1.987,6
tG80rBN6,Teichmann J.,Grabher J.,2,2,ou,21.50,over,ft,1.86,9
tG80rBN6,Teichmann J.,Grabher J.,2,2,ou,21.50,under,ft,1.846,9
tG80rBN6,Teichmann J.,Grabher J.,2,2,ou,22.00,over,ft,1.99,6
tG80rBN6,Teichmann J.,Grabher J.,2,2,ou,22.00,under,ft,1.76,6
tG80rBN6,Teichmann J.,Grabher J.,2,2,ou,22.50,over,ft,2.077,10
tG80rBN6,Teichmann J.,Grabher J.,2,2,ou,22.50,under,ft,1.698,10
tG80rBN6,Teichmann J.,Grabher J.,2,2,ou,23.00,over,ft,2.067,4
tG80rBN6,Teichmann J.,Grabher J.,2,2,ou,23.00,under,ft,1.685,4
tG80rBN6,Teichmann J.,Grabher J.,2,2,ou,23.50,over,ft,2.366,5
tG80rBN6,Teichmann J.,Grabher J.,2,2,ou,23.50,under,ft,1.502,5
tG80rBN6,Teichmann J.,Grabher J.,2,2,ou,24.00,over,ft,2.31,1
tG80rBN6,Teichmann J.,Grabher J.,2,2,ou,24.00,under,ft,1.53,1
tG80rBN6,Teichmann J.,Grabher J.,2,2,ou,24.50,over,ft,2.497,6
tG80rBN6,Teichmann J.,Grabher J.,2,2,ou,24.50,under,ft,1.47,6
tG80rBN6,Teichmann J.,Grabher J.,2,2,ou,25.50,over,ft,2.878,4
tG80rBN6,Teichmann J.,Grabher J.,2,2,ou,25.50,under,ft,1.35,4
tG80rBN6,Teichmann J.,Grabher J.,2,2,ou,26.50,over,ft,3.276,5
tG80rBN6,Teichmann J.,Grabher J.,2,2,ou,26.50,under,ft,1.28,5
tG80rBN6,Teichmann J.,Grabher J.,2,2,ou,27.50,over,ft,3.36,1
tG80rBN6,Teichmann J.,Grabher J.,2,2,ou,27.50,under,ft,1.27,1
tG80rBN6,Teichmann J.,Grabher J.,2,2,ou,28.50,over,ft,3.57,1
tG80rBN6,Teichmann J.,Grabher J.,2,2,ou,28.50,under,ft,1.24,1
tG80rBN6,Teichmann J.,Grabher J.,2,2,ou,29.50,over,ft,4.27,1
tG80rBN6,Teichmann J.,Grabher J.,2,2,ou,29.50,under,ft,1.17,1
tG80rBN6,Teichmann J.,Grabher J.,2,2,ou,30.50,over,ft,5.15,1
tG80rBN6,Teichmann J.,Grabher J.,2,2,ou,30.50,under,ft,1.12,1
tG80rBN6,Teichmann J.,Grabher J.,2,2,hc,1.50,home,ft,1.434,9
tG80rBN6,Teichmann J.,Grabher J.,2,2,hc,1.50,away,ft,2.656,9
tG80rBN6,Teichmann J.,Grabher J.,2,2,hc,-1.50,home,ft,3.161,8
tG80rBN6,Teichmann J.,Grabher J.,2,2,hc,-1.50,away,ft,1.323,8
tG80rBN6,Teichmann J.,Grabher J.,2,2,hc,0,home,ft,2.024,5
tG80rBN6,Teichmann J.,Grabher J.,2,2,hc,0,away,ft,1.702,5
tG80rBN6,Teichmann J.,Grabher J.,2,2,hc,0.50,home,ft,1.97,8
tG80rBN6,Teichmann J.,Grabher J.,2,2,hc,0.50,away,ft,1.798,8
tG80rBN6,Teichmann J.,Grabher J.,2,2,hc,-0.50,home,ft,1.99,8
tG80rBN6,Teichmann J.,Grabher J.,2,2,hc,-0.50,away,ft,1.734,8
tG80rBN6,Teichmann J.,Grabher J.,2,2,hc,1.00,home,ft,1.94,5
tG80rBN6,Teichmann J.,Grabher J.,2,2,hc,1.00,away,ft,1.774,5
tG80rBN6,Teichmann J.,Grabher J.,2,2,hc,-1.00,home,ft,2.22,3
tG80rBN6,Teichmann J.,Grabher J.,2,2,hc,-1.00,away,ft,1.56,3
tG80rBN6,Teichmann J.,Grabher J.,2,2,hc,1.50,home,ft,1.86,7
tG80rBN6,Teichmann J.,Grabher J.,2,2,hc,1.50,away,ft,1.85,7
tG80rBN6,Teichmann J.,Grabher J.,2,2,hc,-1.50,home,ft,2.256,5
tG80rBN6,Teichmann J.,Grabher J.,2,2,hc,-1.50,away,ft,1.568,5
tG80rBN6,Teichmann J.,Grabher J.,2,2,hc,2.00,home,ft,1.798,5
tG80rBN6,Teichmann J.,Grabher J.,2,2,hc,2.00,away,ft,1.91,5
tG80rBN6,Teichmann J.,Grabher J.,2,2,hc,-2.00,home,ft,2.23,3
tG80rBN6,Teichmann J.,Grabher J.,2,2,hc,-2.00,away,ft,1.55,3
tG80rBN6,Teichmann J.,Grabher J.,2,2,hc,2.50,home,ft,1.73,7
tG80rBN6,Teichmann J.,Grabher J.,2,2,hc,2.50,away,ft,1.996,7
tG80rBN6,Teichmann J.,Grabher J.,2,2,hc,-2.50,home,ft,2.11,3
tG80rBN6,Teichmann J.,Grabher J.,2,2,hc,-2.50,away,ft,1.61,3
tG80rBN6,Teichmann J.,Grabher J.,2,2,hc,3.00,home,ft,1.6,3
tG80rBN6,Teichmann J.,Grabher J.,2,2,hc,3.00,away,ft,2.13,3
tG80rBN6,Teichmann J.,Grabher J.,2,2,hc,3.50,home,ft,1.566,5
tG80rBN6,Teichmann J.,Grabher J.,2,2,hc,3.50,away,ft,2.256,5
tG80rBN6,Teichmann J.,Grabher J.,2,2,hc,-3.50,home,ft,2.94,1
tG80rBN6,Teichmann J.,Grabher J.,2,2,hc,-3.50,away,ft,1.4,1
tG80rBN6,Teichmann J.,Grabher J.,2,2,hc,4.00,home,ft,1.41,3
tG80rBN6,Teichmann J.,Grabher J.,2,2,hc,4.00,away,ft,2.6,3
tG80rBN6,Teichmann J.,Grabher J.,2,2,hc,4.50,home,ft,1.41,1
tG80rBN6,Teichmann J.,Grabher J.,2,2,hc,4.50,away,ft,2.7,1
tG80rBN6,Teichmann J.,Grabher J.,2,2,hc,5.50,home,ft,1.26,1
tG80rBN6,Teichmann J.,Grabher J.,2,2,hc,5.50,away,ft,3.87,1
6wYYvxHE,Waltert S.,Kalinina A.,0,0,ou,2.50,over,ft,2.45,5
6wYYvxHE,Waltert S.,Kalinina A.,0,0,ou,2.50,under,ft,1.502,5
6wYYvxHE,Waltert S.,Kalinina A.,0,0,ou,16.50,over,ft,1.127,3
6wYYvxHE,Waltert S.,Kalinina A.,0,0,ou,16.50,under,ft,5.43,3
6wYYvxHE,Waltert S.,Kalinina A.,0,0,ou,17.50,over,ft,1.225,4
6wYYvxHE,Waltert S.,Kalinina A.,0,0,ou,17.50,under,ft,3.598,4
6wYYvxHE,Waltert S.,Kalinina A.,0,0,ou,18.50,over,ft,1.387,7
6wYYvxHE,Waltert S.,Kalinina A.,0,0,ou,18.50,under,ft,2.756,7
6wYYvxHE,Waltert S.,Kalinina A.,0,0,ou,19.50,over,ft,1.577,7
6wYYvxHE,Waltert S.,Kalinina A.,0,0,ou,19.50,under,ft,2.211,7
6wYYvxHE,Waltert S.,Kalinina A.,0,0,ou,20.00,over,ft,1.678,6
6wYYvxHE,Waltert S.,Kalinina A.,0,0,ou,20.00,under,ft,2.097,6
6wYYvxHE,Waltert S.,Kalinina A.,0,0,ou,20.50,over,ft,1.793,10
6wYYvxHE,Waltert S.,Kalinina A.,0,0,ou,20.50,under,ft,1.917,10
6wYYvxHE,Waltert S.,Kalinina A.,0,0,ou,21.00,over,ft,1.87,6
6wYYvxHE,Waltert S.,Kalinina A.,0,0,ou,21.00,under,ft,1.85,6
6wYYvxHE,Waltert S.,Kalinina A.,0,0,ou,21.50,over,ft,1.988,9
6wYYvxHE,Waltert S.,Kalinina A.,0,0,ou,21.50,under,ft,1.773,9
6wYYvxHE,Waltert S.,Kalinina A.,0,0,ou,22.00,over,ft,2.107,6
6wYYvxHE,Waltert S.,Kalinina A.,0,0,ou,22.00,under,ft,1.673,6
6wYYvxHE,Waltert S.,Kalinina A.,0,0,ou,22.50,over,ft,2.261,8
6wYYvxHE,Waltert S.,Kalinina A.,0,0,ou,22.50,under,ft,1.562,8
6wYYvxHE,Waltert S.,Kalinina A.,0,0,ou,23.00,over,ft,2.33,1
6wYYvxHE,Waltert S.,Kalinina A.,0,0,ou,23.00,under,ft,1.52,1
6wYYvxHE,Waltert S.,Kalinina A.,0,0,ou,23.50,over,ft,2.555,4
6wYYvxHE,Waltert S.,Kalinina A.,0,0,ou,23.50,under,ft,1.43,4
6wYYvxHE,Waltert S.,Kalinina A.,0,0,ou,24.50,over,ft,2.685,6
6wYYvxHE,Waltert S.,Kalinina A.,0,0,ou,24.50,under,ft,1.408,6
6wYYvxHE,Waltert S.,Kalinina A.,0,0,ou,25.50,over,ft,3.072,4
6wYYvxHE,Waltert S.,Kalinina A.,0,0,ou,25.50,under,ft,1.305,4
6wYYvxHE,Waltert S.,Kalinina A.,0,0,ou,26.50,over,ft,3.228,5
6wYYvxHE,Waltert S.,Kalinina A.,0,0,ou,26.50,under,ft,1.286,5
6wYYvxHE,Waltert S.,Kalinina A.,0,0,ou,27.50,over,ft,3.53,1
6wYYvxHE,Waltert S.,Kalinina A.,0,0,ou,27.50,under,ft,1.24,1
6wYYvxHE,Waltert S.,Kalinina A.,0,0,ou,28.50,over,ft,4.06,1
6wYYvxHE,Waltert S.,Kalinina A.,0,0,ou,28.50,under,ft,1.19,1
6wYYvxHE,Waltert S.,Kalinina A.,0,0,ou,29.50,over,ft,4.83,1
6wYYvxHE,Waltert S.,Kalinina A.,0,0,ou,29.50,under,ft,1.14,1
6wYYvxHE,Waltert S.,Kalinina A.,0,0,ou,30.50,over,ft,5.76,1
6wYYvxHE,Waltert S.,Kalinina A.,0,0,ou,30.50,under,ft,1.09,1
6wYYvxHE,Waltert S.,Kalinina A.,0,0,hc,1.50,home,ft,1.632,9
6wYYvxHE,Waltert S.,Kalinina A.,0,0,hc,1.50,away,ft,2.163,9
6wYYvxHE,Waltert S.,Kalinina A.,0,0,hc,-1.50,home,ft,4.204,7
6wYYvxHE,Waltert S.,Kalinina A.,0,0,hc,-1.50,away,ft,1.197,7
6wYYvxHE,Waltert S.,Kalinina A.,0,0,hc,0.50,home,ft,2.56,1
6wYYvxHE,Waltert S.,Kalinina A.,0,0,hc,0.50,away,ft,1.45,1
6wYYvxHE,Waltert S.,Kalinina A.,0,0,hc,-0.50,home,ft,2.72,1
6wYYvxHE,Waltert S.,Kalinina A.,0,0,hc,-0.50,away,ft,1.4,1
6wYYvxHE,Waltert S.,Kalinina A.,0,0,hc,1.50,home,ft,2.318,6
6wYYvxHE,Waltert S.,Kalinina A.,0,0,hc,1.50,away,ft,1.538,6
6wYYvxHE,Waltert S.,Kalinina A.,0,0,hc,-1.50,home,ft,2.96,2
6wYYvxHE,Waltert S.,Kalinina A.,0,0,hc,-1.50,away,ft,1.37,2
6wYYvxHE,Waltert S.,Kalinina A.,0,0,hc,2.00,home,ft,2.2,3
6wYYvxHE,Waltert S.,Kalinina A.,0,0,hc,2.00,away,ft,1.56,3
6wYYvxHE,Waltert S.,Kalinina A.,0,0,hc,2.50,home,ft,2.113,7
6wYYvxHE,Waltert S.,Kalinina A.,0,0,hc,2.50,away,ft,1.649,7
6wYYvxHE,Waltert S.,Kalinina A.,0,0,hc,3.00,home,ft,1.998,5
6wYYvxHE,Waltert S.,Kalinina A.,0,0,hc,3.00,away,ft,1.724,5
6wYYvxHE,Waltert S.,Kalinina A.,0,0,hc,3.50,home,ft,1.916,8
6wYYvxHE,Waltert S.,Kalinina A.,0,0,hc,3.50,away,ft,1.849,8
6wYYvxHE,Waltert S.,Kalinina A.,0,0,hc,4.00,home,ft,1.724,5
6wYYvxHE,Waltert S.,Kalinina A.,0,0,hc,4.00,away,ft,2.006,5
6wYYvxHE,Waltert S.,Kalinina A.,0,0,hc,4.50,home,ft,1.601,7
6wYYvxHE,Waltert S.,Kalinina A.,0,0,hc,4.50,away,ft,2.197,7
6wYYvxHE,Waltert S.,Kalinina A.,0,0,hc,5.00,home,ft,1.45,3
6wYYvxHE,Waltert S.,Kalinina A.,0,0,hc,5.00,away,ft,2.49,3
6wYYvxHE,Waltert S.,Kalinina A.,0,0,hc,5.50,home,ft,1.387,6
6wYYvxHE,Waltert S.,Kalinina A.,0,0,hc,5.50,away,ft,2.778,6
6wYYvxHE,Waltert S.,Kalinina A.,0,0,hc,6.00,home,ft,1.21,3
6wYYvxHE,Waltert S.,Kalinina A.,0,0,hc,6.00,away,ft,3.72,3
