match_id,home,away,home_score,away_score,market,line,side,period,avg_odds,n_bookies
IsvyyWj4,Burel C.,Cocciaretto E.,1,1,ou,2.50,over,ft,2.36,1
IsvyyWj4,Burel C.,Cocciaretto E.,1,1,ou,2.50,under,ft,1.64,1
IsvyyWj4,Burel C.,Cocciaretto E.,1,1,ou,17.50,over,ft,1.27,2
IsvyyWj4,Burel C.,Cocciaretto E.,1,1,ou,17.50,under,ft,3.32,2
IsvyyWj4,Burel C.,Cocciaretto E.,1,1,ou,18.00,over,ft,1.31,2
IsvyyWj4,Burel C.,Cocciaretto E.,1,1,ou,18.00,under,ft,3.14,2
IsvyyWj4,Burel C.,Cocciaretto E.,1,1,ou,18.50,over,ft,1.36,3
IsvyyWj4,Burel C.,Cocciaretto E.,1,1,ou,18.50,under,ft,2.937,3
IsvyyWj4,Burel C.,Cocciaretto E.,1,1,ou,19.00,over,ft,1.41,2
IsvyyWj4,Burel C.,Cocciaretto E.,1,1,ou,19.00,under,ft,2.68,2
IsvyyWj4,Burel C.,Cocciaretto E.,1,1,ou,19.50,over,ft,1.53,3
IsvyyWj4,Burel C.,Cocciaretto E.,1,1,ou,19.50,under,ft,2.42,3
IsvyyWj4,Burel C.,Cocciaretto E.,1,1,ou,20.00,over,ft,1.59,2
IsvyyWj4,Burel C.,Cocciaretto E.,1,1,ou,20.00,under,ft,2.27,2
IsvyyWj4,Burel C.,Cocciaretto E.,1,1,ou,20.50,over,ft,1.72,4
IsvyyWj4,Burel C.,Cocciaretto E.,1,1,ou,20.50,under,ft,2.125,4
IsvyyWj4,Burel C.,Cocciaretto E.,1,1,ou,21.00,over,ft,1.8,3
IsvyyWj4,Burel C.,Cocciaretto E.,1,1,ou,21.00,under,ft,2.017,3
IsvyyWj4,Burel C.,Cocciaretto E.,1,1,ou,21.50,over,ft,1.91,4
IsvyyWj4,Burel C.,Cocciaretto E.,1,1,ou,21.50,under,ft,1.917,4
IsvyyWj4,Burel C.,Cocciaretto E.,1,1,ou,22.00,over,ft,2.007,3
IsvyyWj4,Burel C.,Cocciaretto E.,1,1,ou,22.00,under,ft,1.813,3
IsvyyWj4,Burel C.,Cocciaretto E.,1,1,ou,22.50,over,ft,2.125,4
IsvyyWj4,Burel C.,Cocciaretto E.,1,1,ou,22.50,under,ft,1.72,4
IsvyyWj4,Burel C.,Cocciaretto E.,1,1,ou,23.00,over,ft,2.19,2
IsvyyWj4,Burel C.,Cocciaretto E.,1,1,ou,23.00,under,ft,1.63,2
IsvyyWj4,Burel C.,Cocciaretto E.,1,1,ou,23.50,over,ft,2.287,3
IsvyyWj4,Burel C.,Cocciaretto E.,1,1,ou,23.50,under,ft,1.59,3
IsvyyWj4,Burel C.,Cocciaretto E.,1,1,ou,24.00,over,ft,2.36,2
IsvyyWj4,Burel C.,Cocciaretto E.,1,1,ou,24.00,under,ft,1.52,2
IsvyyWj4,Burel C.,Cocciaretto E.,1,1,ou,24.50,over,ft,2.44,3
IsvyyWj4,Burel C.,Cocciaretto E.,1,1,ou,24.50,under,ft,1.503,3
IsvyyWj4,Burel C.,Cocciaretto E.,1,1,hc,1.00,home,ft,1.56,2
IsvyyWj4,Burel C.,Cocciaretto E.,1,1,hc,1.00,away,ft,2.22,2
IsvyyWj4,Burel C.,Cocciaretto E.,1,1,hc,-1.00,home,ft,2.66,2
IsvyyWj4,Burel C.,Cocciaretto E.,1,1,hc,-1.00,away,ft,1.39,2
IsvyyWj4,Burel C.,Cocciaretto E.,1,1,hc,1.50,home,ft,1.393,4
IsvyyWj4,Burel C.,Cocciaretto E.,1,1,hc,1.50,away,ft,2.83,4
IsvyyWj4,Burel C.,Cocciaretto E.,1,1,hc,-1.50,home,ft,3.437,3
IsvyyWj4,Burel C.,Cocciaretto E.,1,1,hc,-1.50,away,ft,1.28,3
IsvyyWj4,Burel C.,Cocciaretto E.,1,1,hc,0,home,ft,2.0,3
IsvyyWj4,Burel C.,Cocciaretto E.,1,1,hc,0,away,ft,1.743,3
IsvyyWj4,Burel C.,Cocciaretto E.,1,1,hc,0.50,home,ft,1.948,4
IsvyyWj4,Burel C.,Cocciaretto E.,1,1,hc,0.50,away,ft,1.81,4
IsvyyWj4,Burel C.,Cocciaretto E.,1,1,hc,-0.50,home,ft,2.053,3
IsvyyWj4,Burel C.,Cocciaretto E.,1,1,hc,-0.50,away,ft,1.693,3
IsvyyWj4,Burel C.,Cocciaretto E.,1,1,hc,1.00,home,ft,1.877,3
IsvyyWj4,Burel C.,Cocciaretto E.,1,1,hc,1.00,away,ft,1.86,3
IsvyyWj4,Burel C.,Cocciaretto E.,1,1,hc,-1.00,home,ft,2.11,2
IsvyyWj4,Burel C.,Cocciaretto E.,1,1,hc,-1.00,away,ft,1.62,2
IsvyyWj4,Burel C.,Cocciaretto E.,1,1,hc,1.50,home,ft,1.885,4
IsvyyWj4,Burel C.,Cocciaretto E.,1,1,hc,1.50,away,ft,1.942,4
IsvyyWj4,Burel C.,Cocciaretto E.,1,1,hc,-1.50,home,ft,2.207,3
IsvyyWj4,Burel C.,Cocciaretto E.,1,1,hc,-1.50,away,ft,1.603,3
IsvyyWj4,Burel C.,Cocciaretto E.,1,1,hc,2.00,home,ft,1.74,3
IsvyyWj4,Burel C.,Cocciaretto E.,1,1,hc,2.00,away,ft,2.01,3
IsvyyWj4,Burel C.,Cocciaretto E.,1,1,hc,-2.00,home,ft,2.29,2
IsvyyWj4,Burel C.,Cocciaretto E.,1,1,hc,-2.00,away,ft,1.52,2
IsvyyWj4,Burel C.,Cocciaretto E.,1,1,hc,2.50,home,ft,1.71,4
IsvyyWj4,Burel C.,Cocciaretto E.,1,1,hc,2.50,away,ft,2.08,4
IsvyyWj4,Burel C.,Cocciaretto E.,1,1,hc,3.00,home,ft,1.63,3
IsvyyWj4,Burel C.,Cocciaretto E.,1,1,hc,3.00,away,ft,2.183,3
IsvyyWj4,Burel C.,Cocciaretto E.,1,1,hc,3.50,home,ft,1.573,4
IsvyyWj4,Burel C.,Cocciaretto E.,1,1,hc,3.50,away,ft,2.328,4
IsvyyWj4,Burel C.,Cocciaretto E.,1,1,hc,4.00,home,ft,1.49,3
IsvyyWj4,Burel C.,Cocciaretto E.,1,1,hc,4.00,away,ft,2.517,3
IsvyyWj4,Burel C.,Cocciaretto E.,1,1,hc,4.50,home,ft,1.373,3
IsvyyWj4,Burel C.,Cocciaretto E.,1,1,hc,4.50,away,ft,2.84,3
IsvyyWj4,Burel C.,Cocciaretto E.,1,1,hc,5.00,home,ft,1.33,2
IsvyyWj4,Burel C.,Cocciaretto E.,1,1,hc,5.00,away,ft,3.02,2
IsvyyWj4,Burel C.,Cocciaretto E.,1,1,hc,5.50,home,ft,1.28,2
IsvyyWj4,Burel C.,Cocciaretto E.,1,1,hc,5.50,away,ft,3.25,2
IsvyyWj4,Burel C.,Cocciaretto E.,1,1,hc,6.00,home,ft,1.24,2
IsvyyWj4,Burel C.,Cocciaretto E.,1,1,hc,6.00,away,ft,3.62,2
IsvyyWj4,Burel C.,Cocciaretto E.,1,1,hc,6.50,home,ft,1.2,2
IsvyyWj4,Burel C.,Cocciaretto E.,1,1,hc,6.50,away,ft,3.92,2
lzpcuGCH,Parry D.,Burel C.,1,1,ou,2.50,over,ft,2.31,1
lzpcuGCH,Parry D.,Burel C.,1,1,ou,2.50,under,ft,1.67,1
lzpcuGCH,Parry D.,Burel C.,1,1,ou,14.50,over,ft,1.02,1
lzpcuGCH,Parry D.,Burel C.,1,1,ou,14.50,under,ft,39.68,1
lzpcuGCH,Parry D.,Burel C.,1,1,ou,15.50,over,ft,1.05,1
lzpcuGCH,Parry D.,Burel C.,1,1,ou,15.50,under,ft,16.85,1
lzpcuGCH,Parry D.,Burel C.,1,1,ou,16.50,over,ft,1.12,1
lzpcuGCH,Parry D.,Burel C.,1,1,ou,16.50,under,ft,8.52,1
lzpcuGCH,Parry D.,Burel C.,1,1,ou,17.50,over,ft,1.22,1
lzpcuGCH,Parry D.,Burel C.,1,1,ou,17.50,under,ft,5.17,1
lzpcuGCH,Parry D.,Burel C.,1,1,ou,18.50,over,ft,1.327,3
lzpcuGCH,Parry D.,Burel C.,1,1,ou,18.50,under,ft,3.27,3
lzpcuGCH,Parry D.,Burel C.,1,1,ou,19.00,over,ft,1.36,2
lzpcuGCH,Parry D.,Burel C.,1,1,ou,19.00,under,ft,2.88,2
lzpcuGCH,Parry D.,Burel C.,1,1,ou,19.50,over,ft,1.443,3
lzpcuGCH,Parry D.,Burel C.,1,1,ou,19.50,under,ft,2.7,3
lzpcuGCH,Parry D.,Burel C.,1,1,ou,20.00,over,ft,1.53,2
lzpcuGCH,Parry D.,Burel C.,1,1,ou,20.00,under,ft,2.4,2
lzpcuGCH,Parry D.,Burel C.,1,1,ou,20.50,over,ft,1.633,4
lzpcuGCH,Parry D.,Burel C.,1,1,ou,20.50,under,ft,2.25,4
lzpcuGCH,Parry D.,Burel C.,1,1,ou,21.00,over,ft,1.723,3
lzpcuGCH,Parry D.,Burel C.,1,1,ou,21.00,under,ft,2.14,3
lzpcuGCH,Parry D.,Burel C.,1,1,ou,21.50,over,ft,1.795,4
lzpcuGCH,Parry D.,Burel C.,1,1,ou,21.50,under,ft,2.007,4
lzpcuGCH,Parry D.,Burel C.,1,1,ou,22.00,over,ft,1.927,3
lzpcuGCH,Parry D.,Burel C.,1,1,ou,22.00,under,ft,1.89,3
lzpcuGCH,Parry D.,Burel C.,1,1,ou,22.50,over,ft,2.055,4
lzpcuGCH,Parry D.,Burel C.,1,1,ou,22.50,under,ft,1.76,4
lzpcuGCH,Parry D.,Burel C.,1,1,ou,23.00,over,ft,2.143,3
lzpcuGCH,Parry D.,Burel C.,1,1,ou,23.00,under,ft,1.697,3
lzpcuGCH,Parry D.,Burel C.,1,1,ou,23.50,over,ft,2.3,3
lzpcuGCH,Parry D.,Burel C.,1,1,ou,23.50,under,ft,1.59,3
lzpcuGCH,Parry D.,Burel C.,1,1,ou,24.00,over,ft,2.27,2
lzpcuGCH,Parry D.,Burel C.,1,1,ou,24.00,under,ft,1.56,2
lzpcuGCH,Parry D.,Burel C.,1,1,ou,24.50,over,ft,2.453,3
lzpcuGCH,Parry D.,Burel C.,1,1,ou,24.50,under,ft,1.523,3
lzpcuGCH,Parry D.,Burel C.,1,1,ou,25.50,over,ft,2.817,3
lzpcuGCH,Parry D.,Burel C.,1,1,ou,25.50,under,ft,1.417,3
lzpcuGCH,Parry D.,Burel C.,1,1,ou,26.50,over,ft,3.22,1
lzpcuGCH,Parry D.,Burel C.,1,1,ou,26.50,under,ft,1.43,1
lzpcuGCH,Parry D.,Burel C.,1,1,ou,27.50,over,ft,3.64,1
lzpcuGCH,Parry D.,Burel C.,1,1,ou,27.50,under,ft,1.36,1
lzpcuGCH,Parry D.,Burel C.,1,1,ou,28.50,over,ft,4.49,1
lzpcuGCH,Parry D.,Burel C.,1,1,ou,28.50,under,ft,1.27,1
lzpcuGCH,Parry D.,Burel C.,1,1,ou,29.50,over,ft,5.66,1
lzpcuGCH,Parry D.,Burel C.,1,1,ou,29.50,under,ft,1.2,1
lzpcuGCH,Parry D.,Burel C.,1,1,ou,30.50,over,ft,7.53,1
lzpcuGCH,Parry D.,Burel C.,1,1,ou,30.50,under,ft,1.14,1
lzpcuGCH,Parry D.,Burel C.,1,1,ou,31.50,over,ft,9.91,1
lzpcuGCH,Parry D.,Burel C.,1,1,ou,31.50,under,ft,1.1,1
lzpcuGCH,Parry D.,Burel C.,1,1,ou,32.50,over,ft,15.01,1
lzpcuGCH,Parry D.,Burel C.,1,1,ou,32.50,under,ft,1.06,1
lzpcuGCH,Parry D.,Burel C.,1,1,ou,33.50,over,ft,20.63,1
lzpcuGCH,Parry D.,Burel C.,1,1,ou,33.50,under,ft,1.04,1
lzpcuGCH,Parry D.,Burel C.,1,1,ou,34.50,over,ft,33.77,1
lzpcuGCH,Parry D.,Burel C.,1,1,ou,34.50,under,ft,1.02,1
lzpcuGCH,Parry D.,Burel C.,1,1,ou,35.50,over,ft,50.25,1
lzpcuGCH,Parry D.,Burel C.,1,1,hc,1.00,home,ft,1.61,2
lzpcuGCH,Parry D.,Burel C.,1,1,hc,1.00,away,ft,2.13,2
lzpcuGCH,Parry D.,Burel C.,1,1,hc,-1.00,home,ft,2.69,2
lzpcuGCH,Parry D.,Burel C.,1,1,hc,-1.00,away,ft,1.39,2
lzpcuGCH,Parry D.,Burel C.,1,1,hc,1.50,home,ft,1.44,4
lzpcuGCH,Parry D.,Burel C.,1,1,hc,1.50,away,ft,2.78,4
lzpcuGCH,Parry D.,Burel C.,1,1,hc,-1.50,home,ft,3.895,4
lzpcuGCH,Parry D.,Burel C.,1,1,hc,-1.50,away,ft,1.255,4
lzpcuGCH,Parry D.,Burel C.,1,1,hc,0,home,ft,2.117,3
lzpcuGCH,Parry D.,Burel C.,1,1,hc,0,away,ft,1.667,3
lzpcuGCH,Parry D.,Burel C.,1,1,hc,0.50,home,ft,2.025,4
lzpcuGCH,Parry D.,Burel C.,1,1,hc,0.50,away,ft,1.792,4
lzpcuGCH,Parry D.,Burel C.,1,1,hc,-0.50,home,ft,2.178,4
lzpcuGCH,Parry D.,Burel C.,1,1,hc,-0.50,away,ft,1.68,4
lzpcuGCH,Parry D.,Burel C.,1,1,hc,1.00,home,ft,2.0,3
lzpcuGCH,Parry D.,Burel C.,1,1,hc,1.00,away,ft,1.747,3
lzpcuGCH,Parry D.,Burel C.,1,1,hc,-1.00,home,ft,2.173,3
lzpcuGCH,Parry D.,Burel C.,1,1,hc,-1.00,away,ft,1.64,3
lzpcuGCH,Parry D.,Burel C.,1,1,hc,1.50,home,ft,1.96,4
lzpcuGCH,Parry D.,Burel C.,1,1,hc,1.50,away,ft,1.835,4
lzpcuGCH,Parry D.,Burel C.,1,1,hc,-1.50,home,ft,2.41,3
lzpcuGCH,Parry D.,Burel C.,1,1,hc,-1.50,away,ft,1.543,3
lzpcuGCH,Parry D.,Burel C.,1,1,hc,2.00,home,ft,1.833,3
lzpcuGCH,Parry D.,Burel C.,1,1,hc,2.00,away,ft,1.92,3
lzpcuGCH,Parry D.,Burel C.,1,1,hc,-2.00,home,ft,2.405,2
lzpcuGCH,Parry D.,Burel C.,1,1,hc,-2.00,away,ft,1.475,2
lzpcuGCH,Parry D.,Burel C.,1,1,hc,2.50,home,ft,1.797,4
lzpcuGCH,Parry D.,Burel C.,1,1,hc,2.50,away,ft,2.0,4
lzpcuGCH,Parry D.,Burel C.,1,1,hc,-2.50,home,ft,2.567,3
lzpcuGCH,Parry D.,Burel C.,1,1,hc,-2.50,away,ft,1.493,3
lzpcuGCH,Parry D.,Burel C.,1,1,hc,3.00,home,ft,1.633,3
lzpcuGCH,Parry D.,Burel C.,1,1,hc,3.00,away,ft,2.17,3
lzpcuGCH,Parry D.,Burel C.,1,1,hc,-3.00,home,ft,2.56,2
lzpcuGCH,Parry D.,Burel C.,1,1,hc,-3.00,away,ft,1.42,2
lzpcuGCH,Parry D.,Burel C.,1,1,hc,3.50,home,ft,1.587,3
lzpcuGCH,Parry D.,Burel C.,1,1,hc,3.50,away,ft,2.31,3
lzpcuGCH,Parry D.,Burel C.,1,1,hc,-3.50,home,ft,3.59,1
lzpcuGCH,Parry D.,Burel C.,1,1,hc,-3.50,away,ft,1.37,1
lzpcuGCH,Parry D.,Burel C.,1,1,hc,4.00,home,ft,1.43,2
lzpcuGCH,Parry D.,Burel C.,1,1,hc,4.00,away,ft,2.55,2
lzpcuGCH,Parry D.,Burel C.,1,1,hc,4.50,home,ft,1.41,3
lzpcuGCH,Parry D.,Burel C.,1,1,hc,4.50,away,ft,2.81,3
lzpcuGCH,Parry D.,Burel C.,1,1,hc,-4.50,home,ft,4.79,1
lzpcuGCH,Parry D.,Burel C.,1,1,hc,-4.50,away,ft,1.25,1
lzpcuGCH,Parry D.,Burel C.,1,1,hc,5.50,home,ft,1.31,1
lzpcuGCH,Parry D.,Burel C.,1,1,hc,5.50,away,ft,4.05,1
lzpcuGCH,Parry D.,Burel C.,1,1,hc,-5.50,home,ft,6.97,1
lzpcuGCH,Parry D.,Burel C.,1,1,hc,-5.50,away,ft,1.15,1
lzpcuGCH,Parry D.,Burel C.,1,1,hc,6.50,home,ft,1.18,1
lzpcuGCH,Parry D.,Burel C.,1,1,hc,6.50,away,ft,6.15,1
lzpcuGCH,Parry D.,Burel C.,1,1,hc,-6.50,home,ft,11.38,1
lzpcuGCH,Parry D.,Burel C.,1,1,hc,-6.50,away,ft,1.08,1
lzpcuGCH,Parry D.,Burel C.,1,1,hc,7.50,home,ft,1.09,1
lzpcuGCH,Parry D.,Burel C.,1,1,hc,7.50,away,ft,10.8,1
lzpcuGCH,Parry D.,Burel C.,1,1,hc,-7.50,home,ft,21.17,1
lzpcuGCH,Parry D.,Burel C.,1,1,hc,-7.50,away,ft,1.04,1
lzpcuGCH,Parry D.,Burel C.,1,1,hc,8.50,home,ft,1.03,1
lzpcuGCH,Parry D.,Burel C.,1,1,hc,8.50,away,ft,25.56,1
lzpcuGCH,Parry D.,Burel C.,1,1,hc,-8.50,home,ft,42.3,1
lzpcuGCH,Parry D.,Burel C.,1,1,hc,9.50,home,ft,1.02,1
lzpcuGCH,Parry D.,Burel C.,1,1,hc,9.50,away,ft,33.77,1
McPB5D3m,Bondar A.,Cocciaretto E.,1,1,ou,2.50,over,ft,2.36,1
McPB5D3m,Bondar A.,Cocciaretto E.,1,1,ou,2.50,under,ft,1.65,1
McPB5D3m,Bondar A.,Cocciaretto E.,1,1,ou,17.50,over,ft,1.27,2
McPB5D3m,Bondar A.,Cocciaretto E.,1,1,ou,17.50,under,ft,3.32,2
McPB5D3m,Bondar A.,Cocciaretto E.,1,1,ou,18.00,over,ft,1.31,2
McPB5D3m,Bondar A.,Cocciaretto E.,1,1,ou,18.00,under,ft,3.14,2
McPB5D3m,Bondar A.,Cocciaretto E.,1,1,ou,18.50,over,ft,1.343,3
McPB5D3m,Bondar A.,Cocciaretto E.,1,1,ou,18.50,under,ft,2.96,3
McPB5D3m,Bondar A.,Cocciaretto E.,1,1,ou,19.00,over,ft,1.39,2
McPB5D3m,Bondar A.,Cocciaretto E.,1,1,ou,19.00,under,ft,2.76,2
McPB5D3m,Bondar A.,Cocciaretto E.,1,1,ou,19.50,over,ft,1.503,3
McPB5D3m,Bondar A.,Cocciaretto E.,1,1,ou,19.50,under,ft,2.473,3
McPB5D3m,Bondar A.,Cocciaretto E.,1,1,ou,20.00,over,ft,1.56,2
McPB5D3m,Bondar A.,Cocciaretto E.,1,1,ou,20.00,under,ft,2.33,2
McPB5D3m,Bondar A.,Cocciaretto E.,1,1,ou,20.50,over,ft,1.692,4
McPB5D3m,Bondar A.,Cocciaretto E.,1,1,ou,20.50,under,ft,2.167,4
McPB5D3m,Bondar A.,Cocciaretto E.,1,1,ou,21.00,over,ft,1.767,3
McPB5D3m,Bondar A.,Cocciaretto E.,1,1,ou,21.00,under,ft,2.07,3
McPB5D3m,Bondar A.,Cocciaretto E.,1,1,ou,21.50,over,ft,1.893,4
McPB5D3m,Bondar A.,Cocciaretto E.,1,1,ou,21.50,under,ft,1.942,4
McPB5D3m,Bondar A.,Cocciaretto E.,1,1,ou,22.00,over,ft,1.973,3
McPB5D3m,Bondar A.,Cocciaretto E.,1,1,ou,22.00,under,ft,1.843,3
McPB5D3m,Bondar A.,Cocciaretto E.,1,1,ou,22.50,over,ft,2.105,4
McPB5D3m,Bondar A.,Cocciaretto E.,1,1,ou,22.50,under,ft,1.738,4
McPB5D3m,Bondar A.,Cocciaretto E.,1,1,ou,23.00,over,ft,2.19,3
McPB5D3m,Bondar A.,Cocciaretto E.,1,1,ou,23.00,under,ft,1.667,3
McPB5D3m,Bondar A.,Cocciaretto E.,1,1,ou,23.50,over,ft,2.27,3
McPB5D3m,Bondar A.,Cocciaretto E.,1,1,ou,23.50,under,ft,1.597,3
McPB5D3m,Bondar A.,Cocciaretto E.,1,1,ou,24.00,over,ft,2.33,2
McPB5D3m,Bondar A.,Cocciaretto E.,1,1,ou,24.00,under,ft,1.53,2
McPB5D3m,Bondar A.,Cocciaretto E.,1,1,ou,24.50,over,ft,2.4,3
McPB5D3m,Bondar A.,Cocciaretto E.,1,1,ou,24.50,under,ft,1.517,3
McPB5D3m,Bondar A.,Cocciaretto E.,1,1,ou,25.50,over,ft,2.72,1
McPB5D3m,Bondar A.,Cocciaretto E.,1,1,ou,25.50,under,ft,1.44,1
McPB5D3m,Bondar A.,Cocciaretto E.,1,1,ou,26.50,over,ft,2.99,1
McPB5D3m,Bondar A.,Cocciaretto E.,1,1,ou,26.50,under,ft,1.36,1
McPB5D3m,Bondar A.,Cocciaretto E.,1,1,hc,1.00,home,ft,1.74,2
McPB5D3m,Bondar A.,Cocciaretto E.,1,1,hc,1.00,away,ft,1.93,2
McPB5D3m,Bondar A.,Cocciaretto E.,1,1,hc,1.50,home,ft,1.495,4
McPB5D3m,Bondar A.,Cocciaretto E.,1,1,hc,1.50,away,ft,2.507,4
McPB5D3m,Bondar A.,Cocciaretto E.,1,1,hc,-1.50,home,ft,4.227,3
McPB5D3m,Bondar A.,Cocciaretto E.,1,1,hc,-1.50,away,ft,1.2,3
McPB5D3m,Bondar A.,Cocciaretto E.,1,1,hc,0,home,ft,2.17,2
McPB5D3m,Bondar A.,Cocciaretto E.,1,1,hc,0,away,ft,1.58,2
McPB5D3m,Bondar A.,Cocciaretto E.,1,1,hc,0.50,home,ft,2.213,3
McPB5D3m,Bondar A.,Cocciaretto E.,1,1,hc,0.50,away,ft,1.627,3
McPB5D3m,Bondar A.,Cocciaretto E.,1,1,hc,-0.50,home,ft,2.363,3
McPB5D3m,Bondar A.,Cocciaretto E.,1,1,hc,-0.50,away,ft,1.537,3
McPB5D3m,Bondar A.,Cocciaretto E.,1,1,hc,1.00,home,ft,2.13,3
McPB5D3m,Bondar A.,Cocciaretto E.,1,1,hc,1.00,away,ft,1.707,3
McPB5D3m,Bondar A.,Cocciaretto E.,1,1,hc,-1.00,home,ft,2.42,2
McPB5D3m,Bondar A.,Cocciaretto E.,1,1,hc,-1.00,away,ft,1.48,2
McPB5D3m,Bondar A.,Cocciaretto E.,1,1,hc,1.50,home,ft,2.095,4
McPB5D3m,Bondar A.,Cocciaretto E.,1,1,hc,1.50,away,ft,1.742,4
McPB5D3m,Bondar A.,Cocciaretto E.,1,1,hc,-1.50,home,ft,2.48,1
McPB5D3m,Bondar A.,Cocciaretto E.,1,1,hc,-1.50,away,ft,1.53,1
McPB5D3m,Bondar A.,Cocciaretto E.,1,1,hc,2.00,home,ft,2.0,3
McPB5D3m,Bondar A.,Cocciaretto E.,1,1,hc,2.00,away,ft,1.82,3
McPB5D3m,Bondar A.,Cocciaretto E.,1,1,hc,2.50,home,ft,1.95,4
McPB5D3m,Bondar A.,Cocciaretto E.,1,1,hc,2.50,away,ft,1.89,4
McPB5D3m,Bondar A.,Cocciaretto E.,1,1,hc,-2.50,home,ft,2.88,1
McPB5D3m,Bondar A.,Cocciaretto E.,1,1,hc,-2.50,away,ft,1.38,1
McPB5D3m,Bondar A.,Cocciaretto E.,1,1,hc,3.00,home,ft,1.803,3
McPB5D3m,Bondar A.,Cocciaretto E.,1,1,hc,3.00,away,ft,2.02,3
McPB5D3m,Bondar A.,Cocciaretto E.,1,1,hc,3.50,home,ft,1.702,4
McPB5D3m,Bondar A.,Cocciaretto E.,1,1,hc,3.50,away,ft,2.152,4
McPB5D3m,Bondar A.,Cocciaretto E.,1,1,hc,4.00,home,ft,1.577,3
McPB5D3m,Bondar A.,Cocciaretto E.,1,1,hc,4.00,away,ft,2.36,3
McPB5D3m,Bondar A.,Cocciaretto E.,1,1,hc,4.50,home,ft,1.463,3
McPB5D3m,Bondar A.,Cocciaretto E.,1,1,hc,4.50,away,ft,2.573,3
McPB5D3m,Bondar A.,Cocciaretto E.,1,1,hc,5.00,home,ft,1.33,2
McPB5D3m,Bondar A.,Cocciaretto E.,1,1,hc,5.00,away,ft,3.02,2
McPB5D3m,Bondar A.,Cocciaretto E.,1,1,hc,5.50,home,ft,1.283,3
McPB5D3m,Bondar A.,Cocciaretto E.,1,1,hc,5.50,away,ft,3.267,3
McPB5D3m,Bondar A.,Cocciaretto E.,1,1,hc,6.00,home,ft,1.21,2
McPB5D3m,Bondar A.,Cocciaretto E.,1,1,hc,6.00,away,ft,3.9,2
McPB5D3m,Bondar A.,Cocciaretto E.,1,1,hc,6.50,home,ft,1.167,3
McPB5D3m,Bondar A.,Cocciaretto E.,1,1,hc,6.50,away,ft,4.3,3
8n1hazxk,Bogdan A.,Burel C.,,,ou,2.50,over,ft,2.33,1
8n1hazxk,Bogdan A.,Burel C.,,,ou,2.50,under,ft,1.66,1
8n1hazxk,Bogdan A.,Burel C.,,,ou,18.00,over,ft,1.31,2
8n1hazxk,Bogdan A.,Burel C.,,,ou,18.00,under,ft,3.14,2
8n1hazxk,Bogdan A.,Burel C.,,,ou,18.50,over,ft,1.433,3
8n1hazxk,Bogdan A.,Burel C.,,,ou,18.50,under,ft,2.667,3
8n1hazxk,Bogdan A.,Burel C.,,,ou,19.00,over,ft,1.5,2
8n1hazxk,Bogdan A.,Burel C.,,,ou,19.00,under,ft,2.48,2
8n1hazxk,Bogdan A.,Burel C.,,,ou,19.50,over,ft,1.627,3
8n1hazxk,Bogdan A.,Burel C.,,,ou,19.50,under,ft,2.253,3
8n1hazxk,Bogdan A.,Burel C.,,,ou,20.00,over,ft,1.71,2
8n1hazxk,Bogdan A.,Burel C.,,,ou,20.00,under,ft,2.11,2
8n1hazxk,Bogdan A.,Burel C.,,,ou,20.50,over,ft,1.805,4
8n1hazxk,Bogdan A.,Burel C.,,,ou,20.50,under,ft,2.038,4
8n1hazxk,Bogdan A.,Burel C.,,,ou,21.00,over,ft,1.87,3
8n1hazxk,Bogdan A.,Burel C.,,,ou,21.00,under,ft,1.953,3
8n1hazxk,Bogdan A.,Burel C.,,,ou,21.50,over,ft,1.932,4
8n1hazxk,Bogdan A.,Burel C.,,,ou,21.50,under,ft,1.905,4
8n1hazxk,Bogdan A.,Burel C.,,,ou,22.00,over,ft,2.087,3
8n1hazxk,Bogdan A.,Burel C.,,,ou,22.00,under,ft,1.74,3
8n1hazxk,Bogdan A.,Burel C.,,,ou,22.50,over,ft,2.23,4
8n1hazxk,Bogdan A.,Burel C.,,,ou,22.50,under,ft,1.645,4
8n1hazxk,Bogdan A.,Burel C.,,,ou,23.00,over,ft,2.3,3
8n1hazxk,Bogdan A.,Burel C.,,,ou,23.00,under,ft,1.59,3
8n1hazxk,Bogdan A.,Burel C.,,,ou,23.50,over,ft,2.357,3
8n1hazxk,Bogdan A.,Burel C.,,,ou,23.50,under,ft,1.56,3
8n1hazxk,Bogdan A.,Burel C.,,,ou,24.00,over,ft,2.46,2
8n1hazxk,Bogdan A.,Burel C.,,,ou,24.00,under,ft,1.48,2
8n1hazxk,Bogdan A.,Burel C.,,,ou,24.50,over,ft,2.44,1
8n1hazxk,Bogdan A.,Burel C.,,,ou,24.50,under,ft,1.55,1
8n1hazxk,Bogdan A.,Burel C.,,,ou,25.50,over,ft,2.72,1
8n1hazxk,Bogdan A.,Burel C.,,,ou,25.50,under,ft,1.44,1
8n1hazxk,Bogdan A.,Burel C.,,,ou,26.50,over,ft,2.99,1
8n1hazxk,Bogdan A.,Burel C.,,,ou,26.50,under,ft,1.36,1
8n1hazxk,Bogdan A.,Burel C.,,,hc,0,home,ft,1.74,1
8n1hazxk,Bogdan A.,Burel C.,,,hc,0,away,ft,2.11,1
8n1hazxk,Bogdan A.,Burel C.,,,hc,-1.00,home,ft,2.09,2
8n1hazxk,Bogdan A.,Burel C.,,,hc,-1.00,away,ft,1.63,2
8n1hazxk,Bogdan A.,Burel C.,,,hc,1.50,home,ft,1.28,3
8n1hazxk,Bogdan A.,Burel C.,,,hc,1.50,away,ft,3.46,3
8n1hazxk,Bogdan A.,Burel C.,,,hc,-1.50,home,ft,2.702,4
8n1hazxk,Bogdan A.,Burel C.,,,hc,-1.50,away,ft,1.435,4
8n1hazxk,Bogdan A.,Burel C.,,,hc,0,home,ft,1.62,2
8n1hazxk,Bogdan A.,Burel C.,,,hc,0,away,ft,2.1,2
8n1hazxk,Bogdan A.,Burel C.,,,hc,0.50,home,ft,1.667,3
8n1hazxk,Bogdan A.,Burel C.,,,hc,0.50,away,ft,2.097,3
8n1hazxk,Bogdan A.,Burel C.,,,hc,-0.50,home,ft,1.768,4
8n1hazxk,Bogdan A.,Burel C.,,,hc,-0.50,away,ft,2.013,4
8n1hazxk,Bogdan A.,Burel C.,,,hc,1.00,home,ft,1.6,2
8n1hazxk,Bogdan A.,Burel C.,,,hc,1.00,away,ft,2.15,2
8n1hazxk,Bogdan A.,Burel C.,,,hc,-1.00,home,ft,1.8,3
8n1hazxk,Bogdan A.,Burel C.,,,hc,-1.00,away,ft,1.94,3
8n1hazxk,Bogdan A.,Burel C.,,,hc,1.50,home,ft,1.573,3
8n1hazxk,Bogdan A.,Burel C.,,,hc,1.50,away,ft,2.257,3
8n1hazxk,Bogdan A.,Burel C.,,,hc,-1.50,home,ft,1.87,4
8n1hazxk,Bogdan A.,Burel C.,,,hc,-1.50,away,ft,1.897,4
8n1hazxk,Bogdan A.,Burel C.,,,hc,-2.00,home,ft,1.927,3
8n1hazxk,Bogdan A.,Burel C.,,,hc,-2.00,away,ft,1.813,3
8n1hazxk,Bogdan A.,Burel C.,,,hc,2.50,home,ft,1.433,3
8n1hazxk,Bogdan A.,Burel C.,,,hc,2.50,away,ft,2.603,3
8n1hazxk,Bogdan A.,Burel C.,,,hc,-2.50,home,ft,2.002,4
8n1hazxk,Bogdan A.,Burel C.,,,hc,-2.50,away,ft,1.843,4
8n1hazxk,Bogdan A.,Burel C.,,,hc,-3.00,home,ft,2.12,3
8n1hazxk,Bogdan A.,Burel C.,,,hc,-3.00,away,ft,1.667,3
8n1hazxk,Bogdan A.,Burel C.,,,hc,-3.50,home,ft,2.25,4
8n1hazxk,Bogdan A.,Burel C.,,,hc,-3.50,away,ft,1.6,4
8n1hazxk,Bogdan A.,Burel C.,,,hc,-4.00,home,ft,2.41,2
8n1hazxk,Bogdan A.,Burel C.,,,hc,-4.00,away,ft,1.48,2
8n1hazxk,Bogdan A.,Burel C.,,,hc,-4.50,home,ft,2.96,3
8n1hazxk,Bogdan A.,Burel C.,,,hc,-4.50,away,ft,1.333,3
8n1hazxk,Bogdan A.,Burel C.,,,hc,-5.00,home,ft,3.17,2
8n1hazxk,Bogdan A.,Burel C.,,,hc,-5.00,away,ft,1.29,2
t6z5kZR6,Parry D.,Cornet A.,2,2,ou,2.50,over,ft,2.42,1
t6z5kZR6,Parry D.,Cornet A.,2,2,ou,2.50,under,ft,1.62,1
t6z5kZR6,Parry D.,Cornet A.,2,2,ou,19.00,over,ft,1.36,2
t6z5kZR6,Parry D.,Cornet A.,2,2,ou,19.00,under,ft,2.88,2
t6z5kZR6,Parry D.,Cornet A.,2,2,ou,19.50,over,ft,1.497,3
t6z5kZR6,Parry D.,Cornet A.,2,2,ou,19.50,under,ft,2.5,3
t6z5kZR6,Parry D.,Cornet A.,2,2,ou,20.00,over,ft,1.53,2
t6z5kZR6,Parry D.,Cornet A.,2,2,ou,20.00,under,ft,2.4,2
t6z5kZR6,Parry D.,Cornet A.,2,2,ou,20.50,over,ft,1.692,4
t6z5kZR6,Parry D.,Cornet A.,2,2,ou,20.50,under,ft,2.18,4
t6z5kZR6,Parry D.,Cornet A.,2,2,ou,21.00,over,ft,1.737,3
t6z5kZR6,Parry D.,Cornet A.,2,2,ou,21.00,under,ft,2.113,3
t6z5kZR6,Parry D.,Cornet A.,2,2,ou,21.50,over,ft,1.873,4
t6z5kZR6,Parry D.,Cornet A.,2,2,ou,21.50,under,ft,1.968,4
t6z5kZR6,Parry D.,Cornet A.,2,2,ou,22.00,over,ft,1.933,3
t6z5kZR6,Parry D.,Cornet A.,2,2,ou,22.00,under,ft,1.877,3
t6z5kZR6,Parry D.,Cornet A.,2,2,ou,22.50,over,ft,2.09,4
t6z5kZR6,Parry D.,Cornet A.,2,2,ou,22.50,under,ft,1.75,4
t6z5kZR6,Parry D.,Cornet A.,2,2,ou,23.00,over,ft,2.137,3
t6z5kZR6,Parry D.,Cornet A.,2,2,ou,23.00,under,ft,1.7,3
t6z5kZR6,Parry D.,Cornet A.,2,2,ou,23.50,over,ft,2.247,3
t6z5kZR6,Parry D.,Cornet A.,2,2,ou,23.50,under,ft,1.61,3
t6z5kZR6,Parry D.,Cornet A.,2,2,ou,24.00,over,ft,2.23,2
t6z5kZR6,Parry D.,Cornet A.,2,2,ou,24.00,under,ft,1.58,2
t6z5kZR6,Parry D.,Cornet A.,2,2,ou,24.50,over,ft,2.503,3
t6z5kZR6,Parry D.,Cornet A.,2,2,ou,24.50,under,ft,1.467,3
t6z5kZR6,Parry D.,Cornet A.,2,2,ou,25.50,over,ft,2.77,2
t6z5kZR6,Parry D.,Cornet A.,2,2,ou,25.50,under,ft,1.37,2
t6z5kZR6,Parry D.,Cornet A.,2,2,hc,0,home,ft,1.92,1
t6z5kZR6,Parry D.,Cornet A.,2,2,hc,0,away,ft,1.92,1
t6z5kZR6,Parry D.,Cornet A.,2,2,hc,1.00,home,ft,1.46,2
t6z5kZR6,Parry D.,Cornet A.,2,2,hc,1.00,away,ft,2.44,2
t6z5kZR6,Parry D.,Cornet A.,2,2,hc,-1.00,home,ft,2.5,2
t6z5kZR6,Parry D.,Cornet A.,2,2,hc,-1.00,away,ft,1.44,2
t6z5kZR6,Parry D.,Cornet A.,2,2,hc,1.50,home,ft,1.36,3
t6z5kZR6,Parry D.,Cornet A.,2,2,hc,1.50,away,ft,2.963,3
t6z5kZR6,Parry D.,Cornet A.,2,2,hc,-1.50,home,ft,3.283,3
t6z5kZR6,Parry D.,Cornet A.,2,2,hc,-1.50,away,ft,1.303,3
t6z5kZR6,Parry D.,Cornet A.,2,2,hc,0,home,ft,1.95,3
t6z5kZR6,Parry D.,Cornet A.,2,2,hc,0,away,ft,1.79,3
t6z5kZR6,Parry D.,Cornet A.,2,2,hc,0.50,home,ft,1.83,4
t6z5kZR6,Parry D.,Cornet A.,2,2,hc,0.50,away,ft,1.927,4
t6z5kZR6,Parry D.,Cornet A.,2,2,hc,-0.50,home,ft,1.947,4
t6z5kZR6,Parry D.,Cornet A.,2,2,hc,-0.50,away,ft,1.82,4
t6z5kZR6,Parry D.,Cornet A.,2,2,hc,1.00,home,ft,1.757,3
t6z5kZR6,Parry D.,Cornet A.,2,2,hc,1.00,away,ft,1.99,3
t6z5kZR6,Parry D.,Cornet A.,2,2,hc,-1.00,home,ft,2.02,3
t6z5kZR6,Parry D.,Cornet A.,2,2,hc,-1.00,away,ft,1.74,3
t6z5kZR6,Parry D.,Cornet A.,2,2,hc,1.50,home,ft,1.738,4
t6z5kZR6,Parry D.,Cornet A.,2,2,hc,1.50,away,ft,2.04,4
t6z5kZR6,Parry D.,Cornet A.,2,2,hc,-1.50,home,ft,2.077,4
t6z5kZR6,Parry D.,Cornet A.,2,2,hc,-1.50,away,ft,1.718,4
t6z5kZR6,Parry D.,Cornet A.,2,2,hc,2.00,home,ft,1.67,3
t6z5kZR6,Parry D.,Cornet A.,2,2,hc,2.00,away,ft,2.113,3
t6z5kZR6,Parry D.,Cornet A.,2,2,hc,-2.00,home,ft,2.17,2
t6z5kZR6,Parry D.,Cornet A.,2,2,hc,-2.00,away,ft,1.59,2
t6z5kZR6,Parry D.,Cornet A.,2,2,hc,2.50,home,ft,1.607,3
t6z5kZR6,Parry D.,Cornet A.,2,2,hc,2.50,away,ft,2.197,3
t6z5kZR6,Parry D.,Cornet A.,2,2,hc,-2.50,home,ft,2.257,3
t6z5kZR6,Parry D.,Cornet A.,2,2,hc,-2.50,away,ft,1.573,3
t6z5kZR6,Parry D.,Cornet A.,2,2,hc,3.00,home,ft,1.5,2
t6z5kZR6,Parry D.,Cornet A.,2,2,hc,3.00,away,ft,2.35,2
t6z5kZR6,Parry D.,Cornet A.,2,2,hc,3.50,home,ft,1.45,2
t6z5kZR6,Parry D.,Cornet A.,2,2,hc,3.50,away,ft,2.47,2
OMsVy0Dc,Bondar A.,Zidansek T.,2,2,ou,2.50,over,ft,2.42,1
OMsVy0Dc,Bondar A.,Zidansek T.,2,2,ou,2.50,under,ft,1.62,1
OMsVy0Dc,Bondar A.,Zidansek T.,2,2,ou,18.50,over,ft,1.41,1
OMsVy0Dc,Bondar A.,Zidansek T.,2,2,ou,18.50,under,ft,2.93,1
OMsVy0Dc,Bondar A.,Zidansek T.,2,2,ou,19.00,over,ft,1.4,2
OMsVy0Dc,Bondar A.,Zidansek T.,2,2,ou,19.00,under,ft,2.72,2
OMsVy0Dc,Bondar A.,Zidansek T.,2,2,ou,19.50,over,ft,1.52,3
OMsVy0Dc,Bondar A.,Zidansek T.,2,2,ou,19.50,under,ft,2.45,3
OMsVy0Dc,Bondar A.,Zidansek T.,2,2,ou,20.00,over,ft,1.58,2
OMsVy0Dc,Bondar A.,Zidansek T.,2,2,ou,20.00,under,ft,2.29,2
OMsVy0Dc,Bondar A.,Zidansek T.,2,2,ou,20.50,over,ft,1.71,4
OMsVy0Dc,Bondar A.,Zidansek T.,2,2,ou,20.50,under,ft,2.15,4
OMsVy0Dc,Bondar A.,Zidansek T.,2,2,ou,21.00,over,ft,1.79,3
OMsVy0Dc,Bondar A.,Zidansek T.,2,2,ou,21.00,under,ft,2.037,3
OMsVy0Dc,Bondar A.,Zidansek T.,2,2,ou,21.50,over,ft,1.88,4
OMsVy0Dc,Bondar A.,Zidansek T.,2,2,ou,21.50,under,ft,1.955,4
OMsVy0Dc,Bondar A.,Zidansek T.,2,2,ou,22.00,over,ft,2.007,3
OMsVy0Dc,Bondar A.,Zidansek T.,2,2,ou,22.00,under,ft,1.817,3
OMsVy0Dc,Bondar A.,Zidansek T.,2,2,ou,22.50,over,ft,2.12,4
OMsVy0Dc,Bondar A.,Zidansek T.,2,2,ou,22.50,under,ft,1.728,4
OMsVy0Dc,Bondar A.,Zidansek T.,2,2,ou,23.00,over,ft,2.197,3
OMsVy0Dc,Bondar A.,Zidansek T.,2,2,ou,23.00,under,ft,1.657,3
OMsVy0Dc,Bondar A.,Zidansek T.,2,2,ou,23.50,over,ft,2.283,3
OMsVy0Dc,Bondar A.,Zidansek T.,2,2,ou,23.50,under,ft,1.593,3
OMsVy0Dc,Bondar A.,Zidansek T.,2,2,ou,24.00,over,ft,2.33,2
OMsVy0Dc,Bondar A.,Zidansek T.,2,2,ou,24.00,under,ft,1.53,2
OMsVy0Dc,Bondar A.,Zidansek T.,2,2,ou,24.50,over,ft,2.57,3
OMsVy0Dc,Bondar A.,Zidansek T.,2,2,ou,24.50,under,ft,1.453,3
OMsVy0Dc,Bondar A.,Zidansek T.,2,2,ou,25.50,over,ft,3.05,1
OMsVy0Dc,Bondar A.,Zidansek T.,2,2,ou,25.50,under,ft,1.38,1
OMsVy0Dc,Bondar A.,Zidansek T.,2,2,hc,1.00,home,ft,1.7,2
OMsVy0Dc,Bondar A.,Zidansek T.,2,2,hc,1.00,away,ft,1.98,2
OMsVy0Dc,Bondar A.,Zidansek T.,2,2,hc,1.50,home,ft,1.472,4
OMsVy0Dc,Bondar A.,Zidansek T.,2,2,hc,1.50,away,ft,2.585,4
OMsVy0Dc,Bondar A.,Zidansek T.,2,2,hc,-1.50,home,ft,3.73,3
OMsVy0Dc,Bondar A.,Zidansek T.,2,2,hc,-1.50,away,ft,1.24,3
OMsVy0Dc,Bondar A.,Zidansek T.,2,2,hc,0,home,ft,2.04,2
OMsVy0Dc,Bondar A.,Zidansek T.,2,2,hc,0,away,ft,1.66,2
OMsVy0Dc,Bondar A.,Zidansek T.,2,2,hc,0.50,home,ft,2.13,4
OMsVy0Dc,Bondar A.,Zidansek T.,2,2,hc,0.50,away,ft,1.7,4
OMsVy0Dc,Bondar A.,Zidansek T.,2,2,hc,-0.50,home,ft,2.303,3
OMsVy0Dc,Bondar A.,Zidansek T.,2,2,hc,-0.50,away,ft,1.573,3
OMsVy0Dc,Bondar A.,Zidansek T.,2,2,hc,1.00,home,ft,2.093,3
OMsVy0Dc,Bondar A.,Zidansek T.,2,2,hc,1.00,away,ft,1.727,3
OMsVy0Dc,Bondar A.,Zidansek T.,2,2,hc,-1.00,home,ft,2.25,2
OMsVy0Dc,Bondar A.,Zidansek T.,2,2,hc,-1.00,away,ft,1.58,2
OMsVy0Dc,Bondar A.,Zidansek T.,2,2,hc,1.50,home,ft,2.02,4
OMsVy0Dc,Bondar A.,Zidansek T.,2,2,hc,1.50,away,ft,1.833,4
OMsVy0Dc,Bondar A.,Zidansek T.,2,2,hc,-1.50,home,ft,2.35,3
OMsVy0Dc,Bondar A.,Zidansek T.,2,2,hc,-1.50,away,ft,1.55,3
OMsVy0Dc,Bondar A.,Zidansek T.,2,2,hc,2.00,home,ft,1.96,3
OMsVy0Dc,Bondar A.,Zidansek T.,2,2,hc,2.00,away,ft,1.873,3
OMsVy0Dc,Bondar A.,Zidansek T.,2,2,hc,2.50,home,ft,1.89,4
OMsVy0Dc,Bondar A.,Zidansek T.,2,2,hc,2.50,away,ft,1.938,4
OMsVy0Dc,Bondar A.,Zidansek T.,2,2,hc,-2.50,home,ft,2.64,1
OMsVy0Dc,Bondar A.,Zidansek T.,2,2,hc,-2.50,away,ft,1.49,1
OMsVy0Dc,Bondar A.,Zidansek T.,2,2,hc,3.00,home,ft,1.77,3
OMsVy0Dc,Bondar A.,Zidansek T.,2,2,hc,3.00,away,ft,2.063,3
OMsVy0Dc,Bondar A.,Zidansek T.,2,2,hc,3.50,home,ft,1.682,4
OMsVy0Dc,Bondar A.,Zidansek T.,2,2,hc,3.50,away,ft,2.188,4
OMsVy0Dc,Bondar A.,Zidansek T.,2,2,hc,4.00,home,ft,1.53,2
OMsVy0Dc,Bondar A.,Zidansek T.,2,2,hc,4.00,away,ft,2.4,2
OMsVy0Dc,Bondar A.,Zidansek T.,2,2,hc,4.50,home,ft,1.46,3
OMsVy0Dc,Bondar A.,Zidansek T.,2,2,hc,4.50,away,ft,2.61,3
OMsVy0Dc,Bondar A.,Zidansek T.,2,2,hc,5.00,home,ft,1.32,2
OMsVy0Dc,Bondar A.,Zidansek T.,2,2,hc,5.00,away,ft,3.08,2
SQrG39pt,Avanesyan E.,Cocciaretto E.,0,0,ou,2.50,over,ft,2.42,1
SQrG39pt,Avanesyan E.,Cocciaretto E.,0,0,ou,2.50,under,ft,1.62,1
SQrG39pt,Avanesyan E.,Cocciaretto E.,0,0,ou,19.00,over,ft,1.44,2
SQrG39pt,Avanesyan E.,Cocciaretto E.,0,0,ou,19.00,under,ft,2.57,2
SQrG39pt,Avanesyan E.,Cocciaretto E.,0,0,ou,19.50,over,ft,1.57,3
SQrG39pt,Avanesyan E.,Cocciaretto E.,0,0,ou,19.50,under,ft,2.327,3
SQrG39pt,Avanesyan E.,Cocciaretto E.,0,0,ou,20.00,over,ft,1.657,3
SQrG39pt,Avanesyan E.,Cocciaretto E.,0,0,ou,20.00,under,ft,2.203,3
SQrG39pt,Avanesyan E.,Cocciaretto E.,0,0,ou,20.50,over,ft,1.765,4
SQrG39pt,Avanesyan E.,Cocciaretto E.,0,0,ou,20.50,under,ft,2.065,4
SQrG39pt,Avanesyan E.,Cocciaretto E.,0,0,ou,21.00,over,ft,1.867,3
SQrG39pt,Avanesyan E.,Cocciaretto E.,0,0,ou,21.00,under,ft,1.96,3
SQrG39pt,Avanesyan E.,Cocciaretto E.,0,0,ou,21.50,over,ft,1.96,4
SQrG39pt,Avanesyan E.,Cocciaretto E.,0,0,ou,21.50,under,ft,1.887,4
SQrG39pt,Avanesyan E.,Cocciaretto E.,0,0,ou,22.00,over,ft,2.077,3
SQrG39pt,Avanesyan E.,Cocciaretto E.,0,0,ou,22.00,under,ft,1.763,3
SQrG39pt,Avanesyan E.,Cocciaretto E.,0,0,ou,22.50,over,ft,2.183,4
SQrG39pt,Avanesyan E.,Cocciaretto E.,0,0,ou,22.50,under,ft,1.682,4
SQrG39pt,Avanesyan E.,Cocciaretto E.,0,0,ou,23.00,over,ft,2.27,2
SQrG39pt,Avanesyan E.,Cocciaretto E.,0,0,ou,23.00,under,ft,1.59,2
SQrG39pt,Avanesyan E.,Cocciaretto E.,0,0,ou,23.50,over,ft,2.373,3
SQrG39pt,Avanesyan E.,Cocciaretto E.,0,0,ou,23.50,under,ft,1.55,3
SQrG39pt,Avanesyan E.,Cocciaretto E.,0,0,ou,24.00,over,ft,2.43,2
SQrG39pt,Avanesyan E.,Cocciaretto E.,0,0,ou,24.00,under,ft,1.49,2
SQrG39pt,Avanesyan E.,Cocciaretto E.,0,0,ou,24.50,over,ft,2.88,2
SQrG39pt,Avanesyan E.,Cocciaretto E.,0,0,ou,24.50,under,ft,1.34,2
SQrG39pt,Avanesyan E.,Cocciaretto E.,0,0,hc,1.00,home,ft,1.8,2
SQrG39pt,Avanesyan E.,Cocciaretto E.,0,0,hc,1.00,away,ft,1.86,2
SQrG39pt,Avanesyan E.,Cocciaretto E.,0,0,hc,1.50,home,ft,1.51,4
SQrG39pt,Avanesyan E.,Cocciaretto E.,0,0,hc,1.50,away,ft,2.447,4
SQrG39pt,Avanesyan E.,Cocciaretto E.,0,0,hc,-1.50,home,ft,4.083,3
SQrG39pt,Avanesyan E.,Cocciaretto E.,0,0,hc,-1.50,away,ft,1.213,3
SQrG39pt,Avanesyan E.,Cocciaretto E.,0,0,hc,0,home,ft,2.31,2
SQrG39pt,Avanesyan E.,Cocciaretto E.,0,0,hc,0,away,ft,1.52,2
SQrG39pt,Avanesyan E.,Cocciaretto E.,0,0,hc,0.50,home,ft,2.257,3
SQrG39pt,Avanesyan E.,Cocciaretto E.,0,0,hc,0.50,away,ft,1.603,3
SQrG39pt,Avanesyan E.,Cocciaretto E.,0,0,hc,-0.50,home,ft,2.413,3
SQrG39pt,Avanesyan E.,Cocciaretto E.,0,0,hc,-0.50,away,ft,1.523,3
SQrG39pt,Avanesyan E.,Cocciaretto E.,0,0,hc,1.00,home,ft,2.19,2
SQrG39pt,Avanesyan E.,Cocciaretto E.,0,0,hc,1.00,away,ft,1.63,2
SQrG39pt,Avanesyan E.,Cocciaretto E.,0,0,hc,-1.00,home,ft,2.17,2
SQrG39pt,Avanesyan E.,Cocciaretto E.,0,0,hc,-1.00,away,ft,1.59,2
SQrG39pt,Avanesyan E.,Cocciaretto E.,0,0,hc,1.50,home,ft,2.11,4
SQrG39pt,Avanesyan E.,Cocciaretto E.,0,0,hc,1.50,away,ft,1.735,4
SQrG39pt,Avanesyan E.,Cocciaretto E.,0,0,hc,-1.50,home,ft,2.237,3
SQrG39pt,Avanesyan E.,Cocciaretto E.,0,0,hc,-1.50,away,ft,1.557,3
SQrG39pt,Avanesyan E.,Cocciaretto E.,0,0,hc,2.00,home,ft,2.033,3
SQrG39pt,Avanesyan E.,Cocciaretto E.,0,0,hc,2.00,away,ft,1.797,3
SQrG39pt,Avanesyan E.,Cocciaretto E.,0,0,hc,2.50,home,ft,1.988,4
SQrG39pt,Avanesyan E.,Cocciaretto E.,0,0,hc,2.50,away,ft,1.877,4
SQrG39pt,Avanesyan E.,Cocciaretto E.,0,0,hc,3.00,home,ft,1.85,3
SQrG39pt,Avanesyan E.,Cocciaretto E.,0,0,hc,3.00,away,ft,1.98,3
SQrG39pt,Avanesyan E.,Cocciaretto E.,0,0,hc,3.50,home,ft,1.755,4
SQrG39pt,Avanesyan E.,Cocciaretto E.,0,0,hc,3.50,away,ft,2.083,4
SQrG39pt,Avanesyan E.,Cocciaretto E.,0,0,hc,4.00,home,ft,1.623,3
SQrG39pt,Avanesyan E.,Cocciaretto E.,0,0,hc,4.00,away,ft,2.263,3
SQrG39pt,Avanesyan E.,Cocciaretto E.,0,0,hc,4.50,home,ft,1.53,3
SQrG39pt,Avanesyan E.,Cocciaretto E.,0,0,hc,4.50,away,ft,2.42,3
SQrG39pt,Avanesyan E.,Cocciaretto E.,0,0,hc,5.00,home,ft,1.39,2
SQrG39pt,Avanesyan E.,Cocciaretto E.,0,0,hc,5.00,away,ft,2.75,2
hIcRKBE1,Teichmann J.,Cornet A.,1,1,ou,2.50,over,ft,2.46,1
hIcRKBE1,Teichmann J.,Cornet A.,1,1,ou,2.50,under,ft,1.59,1
hIcRKBE1,Teichmann J.,Cornet A.,1,1,ou,18.50,over,ft,1.41,1
hIcRKBE1,Teichmann J.,Cornet A.,1,1,ou,18.50,under,ft,2.92,1
hIcRKBE1,Teichmann J.,Cornet A.,1,1,ou,19.50,over,ft,1.483,3
hIcRKBE1,Teichmann J.,Cornet A.,1,1,ou,19.50,under,ft,2.473,3
hIcRKBE1,Teichmann J.,Cornet A.,1,1,ou,20.50,over,ft,1.702,4
hIcRKBE1,Teichmann J.,Cornet A.,1,1,ou,20.50,under,ft,2.092,4
hIcRKBE1,Teichmann J.,Cornet A.,1,1,ou,21.00,over,ft,1.797,3
hIcRKBE1,Teichmann J.,Cornet A.,1,1,ou,21.00,under,ft,2.013,3
hIcRKBE1,Teichmann J.,Cornet A.,1,1,ou,21.50,over,ft,1.922,4
hIcRKBE1,Teichmann J.,Cornet A.,1,1,ou,21.50,under,ft,1.905,4
hIcRKBE1,Teichmann J.,Cornet A.,1,1,ou,22.00,over,ft,2.02,3
hIcRKBE1,Teichmann J.,Cornet A.,1,1,ou,22.00,under,ft,1.793,3
hIcRKBE1,Teichmann J.,Cornet A.,1,1,ou,22.50,over,ft,2.16,4
hIcRKBE1,Teichmann J.,Cornet A.,1,1,ou,22.50,under,ft,1.655,4
hIcRKBE1,Teichmann J.,Cornet A.,1,1,ou,23.50,over,ft,2.393,3
hIcRKBE1,Teichmann J.,Cornet A.,1,1,ou,23.50,under,ft,1.52,3
hIcRKBE1,Teichmann J.,Cornet A.,1,1,ou,24.50,over,ft,2.553,3
hIcRKBE1,Teichmann J.,Cornet A.,1,1,ou,24.50,under,ft,1.457,3
hIcRKBE1,Teichmann J.,Cornet A.,1,1,ou,25.50,over,ft,2.86,3
hIcRKBE1,Teichmann J.,Cornet A.,1,1,ou,25.50,under,ft,1.373,3
hIcRKBE1,Teichmann J.,Cornet A.,1,1,hc,0,home,ft,1.5,1
hIcRKBE1,Teichmann J.,Cornet A.,1,1,hc,0,away,ft,2.51,1
hIcRKBE1,Teichmann J.,Cornet A.,1,1,hc,-1.00,home,ft,1.71,2
hIcRKBE1,Teichmann J.,Cornet A.,1,1,hc,-1.00,away,ft,1.96,2
hIcRKBE1,Teichmann J.,Cornet A.,1,1,hc,1.50,home,ft,1.185,4
hIcRKBE1,Teichmann J.,Cornet A.,1,1,hc,1.50,away,ft,4.39,4
hIcRKBE1,Teichmann J.,Cornet A.,1,1,hc,-1.50,home,ft,2.272,4
hIcRKBE1,Teichmann J.,Cornet A.,1,1,hc,-1.50,away,ft,1.595,4
hIcRKBE1,Teichmann J.,Cornet A.,1,1,hc,0,home,ft,1.663,3
hIcRKBE1,Teichmann J.,Cornet A.,1,1,hc,0,away,ft,2.12,3
hIcRKBE1,Teichmann J.,Cornet A.,1,1,hc,0.50,home,ft,1.64,4
hIcRKBE1,Teichmann J.,Cornet A.,1,1,hc,0.50,away,ft,2.252,4
hIcRKBE1,Teichmann J.,Cornet A.,1,1,hc,-0.50,home,ft,1.618,4
hIcRKBE1,Teichmann J.,Cornet A.,1,1,hc,-0.50,away,ft,2.275,4
hIcRKBE1,Teichmann J.,Cornet A.,1,1,hc,1.00,home,ft,1.8,1
hIcRKBE1,Teichmann J.,Cornet A.,1,1,hc,1.00,away,ft,2.06,1
hIcRKBE1,Teichmann J.,Cornet A.,1,1,hc,-1.00,home,ft,1.613,3
hIcRKBE1,Teichmann J.,Cornet A.,1,1,hc,-1.00,away,ft,2.207,3
hIcRKBE1,Teichmann J.,Cornet A.,1,1,hc,1.50,home,ft,1.547,4
hIcRKBE1,Teichmann J.,Cornet A.,1,1,hc,1.50,away,ft,2.43,4
hIcRKBE1,Teichmann J.,Cornet A.,1,1,hc,-1.50,home,ft,1.643,4
hIcRKBE1,Teichmann J.,Cornet A.,1,1,hc,-1.50,away,ft,2.213,4
hIcRKBE1,Teichmann J.,Cornet A.,1,1,hc,-2.00,home,ft,1.68,3
hIcRKBE1,Teichmann J.,Cornet A.,1,1,hc,-2.00,away,ft,2.15,3
hIcRKBE1,Teichmann J.,Cornet A.,1,1,hc,-2.50,home,ft,1.765,4
hIcRKBE1,Teichmann J.,Cornet A.,1,1,hc,-2.50,away,ft,2.055,4
hIcRKBE1,Teichmann J.,Cornet A.,1,1,hc,-3.00,home,ft,1.87,3
hIcRKBE1,Teichmann J.,Cornet A.,1,1,hc,-3.00,away,ft,1.93,3
hIcRKBE1,Teichmann J.,Cornet A.,1,1,hc,-3.50,home,ft,1.978,4
hIcRKBE1,Teichmann J.,Cornet A.,1,1,hc,-3.50,away,ft,1.857,4
hIcRKBE1,Teichmann J.,Cornet A.,1,1,hc,-4.00,home,ft,2.237,3
hIcRKBE1,Teichmann J.,Cornet A.,1,1,hc,-4.00,away,ft,1.65,3
hIcRKBE1,Teichmann J.,Cornet A.,1,1,hc,-4.50,home,ft,2.42,4
hIcRKBE1,Teichmann J.,Cornet A.,1,1,hc,-4.50,away,ft,1.558,4
hIcRKBE1,Teichmann J.,Cornet A.,1,1,hc,-5.00,home,ft,2.86,2
hIcRKBE1,Teichmann J.,Cornet A.,1,1,hc,-5.00,away,ft,1.38,2
hIcRKBE1,Teichmann J.,Cornet A.,1,1,hc,-5.50,home,ft,3.053,3
hIcRKBE1,Teichmann J.,Cornet A.,1,1,hc,-5.50,away,ft,1.35,3
nV3ofWEb,Burel C.,Navarro E.,2,2,ou,2.50,over,ft,2.48,1
nV3ofWEb,Burel C.,Navarro E.,2,2,ou,2.50,under,ft,1.58,1
nV3ofWEb,Burel C.,Navarro E.,2,2,ou,18.50,over,ft,1.42,1
nV3ofWEb,Burel C.,Navarro E.,2,2,ou,18.50,under,ft,2.88,1
nV3ofWEb,Burel C.,Navarro E.,2,2,ou,19.50,over,ft,1.527,3
nV3ofWEb,Burel C.,Navarro E.,2,2,ou,19.50,under,ft,2.377,3
nV3ofWEb,Burel C.,Navarro E.,2,2,ou,20.00,over,ft,1.74,3
nV3ofWEb,Burel C.,Navarro E.,2,2,ou,20.00,under,ft,2.097,3
nV3ofWEb,Burel C.,Navarro E.,2,2,ou,20.50,over,ft,1.75,4
nV3ofWEb,Burel C.,Navarro E.,2,2,ou,20.50,under,ft,2.027,4
nV3ofWEb,Burel C.,Navarro E.,2,2,ou,21.00,over,ft,1.943,3
nV3ofWEb,Burel C.,Navarro E.,2,2,ou,21.00,under,ft,1.86,3
nV3ofWEb,Burel C.,Navarro E.,2,2,ou,21.50,over,ft,1.94,4
nV3ofWEb,Burel C.,Navarro E.,2,2,ou,21.50,under,ft,1.82,4
nV3ofWEb,Burel C.,Navarro E.,2,2,ou,22.00,over,ft,2.12,1
nV3ofWEb,Burel C.,Navarro E.,2,2,ou,22.00,under,ft,1.77,1
nV3ofWEb,Burel C.,Navarro E.,2,2,ou,22.50,over,ft,2.225,4
nV3ofWEb,Burel C.,Navarro E.,2,2,ou,22.50,under,ft,1.62,4
nV3ofWEb,Burel C.,Navarro E.,2,2,ou,23.50,over,ft,2.463,3
nV3ofWEb,Burel C.,Navarro E.,2,2,ou,23.50,under,ft,1.49,3
nV3ofWEb,Burel C.,Navarro E.,2,2,ou,24.50,over,ft,2.647,3
nV3ofWEb,Burel C.,Navarro E.,2,2,ou,24.50,under,ft,1.43,3
nV3ofWEb,Burel C.,Navarro E.,2,2,ou,25.50,over,ft,3.013,3
nV3ofWEb,Burel C.,Navarro E.,2,2,ou,25.50,under,ft,1.343,3
nV3ofWEb,Burel C.,Navarro E.,2,2,hc,0,home,ft,2.51,1
nV3ofWEb,Burel C.,Navarro E.,2,2,hc,0,away,ft,1.5,1
nV3ofWEb,Burel C.,Navarro E.,2,2,hc,1.00,home,ft,2.07,2
nV3ofWEb,Burel C.,Navarro E.,2,2,hc,1.00,away,ft,1.64,2
nV3ofWEb,Burel C.,Navarro E.,2,2,hc,1.50,home,ft,1.647,4
nV3ofWEb,Burel C.,Navarro E.,2,2,hc,1.50,away,ft,2.15,4
nV3ofWEb,Burel C.,Navarro E.,2,2,hc,-1.50,home,ft,4.768,4
nV3ofWEb,Burel C.,Navarro E.,2,2,hc,-1.50,away,ft,1.162,4
nV3ofWEb,Burel C.,Navarro E.,2,2,hc,0.50,home,ft,2.6,1
nV3ofWEb,Burel C.,Navarro E.,2,2,hc,0.50,away,ft,1.51,1
nV3ofWEb,Burel C.,Navarro E.,2,2,hc,-0.50,home,ft,2.8,1
nV3ofWEb,Burel C.,Navarro E.,2,2,hc,-0.50,away,ft,1.44,1
nV3ofWEb,Burel C.,Navarro E.,2,2,hc,1.50,home,ft,2.367,3
nV3ofWEb,Burel C.,Navarro E.,2,2,hc,1.50,away,ft,1.55,3
nV3ofWEb,Burel C.,Navarro E.,2,2,hc,2.00,home,ft,2.27,2
nV3ofWEb,Burel C.,Navarro E.,2,2,hc,2.00,away,ft,1.58,2
nV3ofWEb,Burel C.,Navarro E.,2,2,hc,2.50,home,ft,2.18,4
nV3ofWEb,Burel C.,Navarro E.,2,2,hc,2.50,away,ft,1.68,4
nV3ofWEb,Burel C.,Navarro E.,2,2,hc,3.00,home,ft,2.047,3
nV3ofWEb,Burel C.,Navarro E.,2,2,hc,3.00,away,ft,1.773,3
nV3ofWEb,Burel C.,Navarro E.,2,2,hc,3.50,home,ft,1.92,4
nV3ofWEb,Burel C.,Navarro E.,2,2,hc,3.50,away,ft,1.897,4
nV3ofWEb,Burel C.,Navarro E.,2,2,hc,4.00,home,ft,1.743,3
nV3ofWEb,Burel C.,Navarro E.,2,2,hc,4.00,away,ft,2.083,3
nV3ofWEb,Burel C.,Navarro E.,2,2,hc,4.50,home,ft,1.63,4
nV3ofWEb,Burel C.,Navarro E.,2,2,hc,4.50,away,ft,2.272,4
nV3ofWEb,Burel C.,Navarro E.,2,2,hc,5.00,home,ft,1.44,2
nV3ofWEb,Burel C.,Navarro E.,2,2,hc,5.00,away,ft,2.63,2
nV3ofWEb,Burel C.,Navarro E.,2,2,hc,5.50,home,ft,1.383,3
nV3ofWEb,Burel C.,Navarro E.,2,2,hc,5.50,away,ft,2.873,3
nV3ofWEb,Burel C.,Navarro E.,2,2,hc,6.50,home,ft,1.15,2
nV3ofWEb,Burel C.,Navarro E.,2,2,hc,6.50,away,ft,4.54,2
27Zwpuwh,Parry D.,Kovinic D.,2,2,ou,2.50,over,ft,2.5,1
27Zwpuwh,Parry D.,Kovinic D.,2,2,ou,2.50,under,ft,1.57,1
27Zwpuwh,Parry D.,Kovinic D.,2,2,ou,19.50,over,ft,1.493,3
27Zwpuwh,Parry D.,Kovinic D.,2,2,ou,19.50,under,ft,2.457,3
27Zwpuwh,Parry D.,Kovinic D.,2,2,ou,20.50,over,ft,1.708,4
27Zwpuwh,Parry D.,Kovinic D.,2,2,ou,20.50,under,ft,2.083,4
27Zwpuwh,Parry D.,Kovinic D.,2,2,ou,21.00,over,ft,1.787,3
27Zwpuwh,Parry D.,Kovinic D.,2,2,ou,21.00,under,ft,2.027,3
27Zwpuwh,Parry D.,Kovinic D.,2,2,ou,21.50,over,ft,1.913,4
27Zwpuwh,Parry D.,Kovinic D.,2,2,ou,21.50,under,ft,1.93,4
27Zwpuwh,Parry D.,Kovinic D.,2,2,ou,22.00,over,ft,2.007,3
27Zwpuwh,Parry D.,Kovinic D.,2,2,ou,22.00,under,ft,1.8,3
27Zwpuwh,Parry D.,Kovinic D.,2,2,ou,22.50,over,ft,2.218,4
27Zwpuwh,Parry D.,Kovinic D.,2,2,ou,22.50,under,ft,1.625,4
27Zwpuwh,Parry D.,Kovinic D.,2,2,ou,23.50,over,ft,2.5,3
27Zwpuwh,Parry D.,Kovinic D.,2,2,ou,23.50,under,ft,1.48,3
27Zwpuwh,Parry D.,Kovinic D.,2,2,ou,24.50,over,ft,2.68,3
27Zwpuwh,Parry D.,Kovinic D.,2,2,ou,24.50,under,ft,1.42,3
27Zwpuwh,Parry D.,Kovinic D.,2,2,ou,25.50,over,ft,3.03,3
27Zwpuwh,Parry D.,Kovinic D.,2,2,ou,25.50,under,ft,1.337,3
27Zwpuwh,Parry D.,Kovinic D.,2,2,hc,0,home,ft,1.94,1
27Zwpuwh,Parry D.,Kovinic D.,2,2,hc,0,away,ft,1.9,1
27Zwpuwh,Parry D.,Kovinic D.,2,2,hc,1.00,home,ft,1.41,2
27Zwpuwh,Parry D.,Kovinic D.,2,2,hc,1.00,away,ft,2.59,2
27Zwpuwh,Parry D.,Kovinic D.,2,2,hc,-1.00,home,ft,2.26,2
27Zwpuwh,Parry D.,Kovinic D.,2,2,hc,-1.00,away,ft,1.54,2
27Zwpuwh,Parry D.,Kovinic D.,2,2,hc,1.50,home,ft,1.34,4
27Zwpuwh,Parry D.,Kovinic D.,2,2,hc,1.50,away,ft,3.065,4
27Zwpuwh,Parry D.,Kovinic D.,2,2,hc,-1.50,home,ft,3.005,4
27Zwpuwh,Parry D.,Kovinic D.,2,2,hc,-1.50,away,ft,1.335,4
27Zwpuwh,Parry D.,Kovinic D.,2,2,hc,0,home,ft,1.85,3
27Zwpuwh,Parry D.,Kovinic D.,2,2,hc,0,away,ft,1.88,3
27Zwpuwh,Parry D.,Kovinic D.,2,2,hc,0.50,home,ft,1.897,4
27Zwpuwh,Parry D.,Kovinic D.,2,2,hc,0.50,away,ft,1.942,4
27Zwpuwh,Parry D.,Kovinic D.,2,2,hc,-0.50,home,ft,1.89,4
27Zwpuwh,Parry D.,Kovinic D.,2,2,hc,-0.50,away,ft,1.865,4
27Zwpuwh,Parry D.,Kovinic D.,2,2,hc,1.00,home,ft,1.693,3
27Zwpuwh,Parry D.,Kovinic D.,2,2,hc,1.00,away,ft,2.077,3
27Zwpuwh,Parry D.,Kovinic D.,2,2,hc,-1.00,home,ft,1.907,3
27Zwpuwh,Parry D.,Kovinic D.,2,2,hc,-1.00,away,ft,1.83,3
27Zwpuwh,Parry D.,Kovinic D.,2,2,hc,1.50,home,ft,1.698,4
27Zwpuwh,Parry D.,Kovinic D.,2,2,hc,1.50,away,ft,2.1,4
27Zwpuwh,Parry D.,Kovinic D.,2,2,hc,-1.50,home,ft,2.01,4
27Zwpuwh,Parry D.,Kovinic D.,2,2,hc,-1.50,away,ft,1.765,4
27Zwpuwh,Parry D.,Kovinic D.,2,2,hc,2.00,home,ft,1.63,3
27Zwpuwh,Parry D.,Kovinic D.,2,2,hc,2.00,away,ft,2.187,3
27Zwpuwh,Parry D.,Kovinic D.,2,2,hc,-2.00,home,ft,2.037,3
27Zwpuwh,Parry D.,Kovinic D.,2,2,hc,-2.00,away,ft,1.72,3
27Zwpuwh,Parry D.,Kovinic D.,2,2,hc,2.50,home,ft,1.73,4
27Zwpuwh,Parry D.,Kovinic D.,2,2,hc,2.50,away,ft,2.05,4
27Zwpuwh,Parry D.,Kovinic D.,2,2,hc,-2.50,home,ft,2.147,3
27Zwpuwh,Parry D.,Kovinic D.,2,2,hc,-2.50,away,ft,1.633,3
27Zwpuwh,Parry D.,Kovinic D.,2,2,hc,3.00,home,ft,1.627,3
27Zwpuwh,Parry D.,Kovinic D.,2,2,hc,3.00,away,ft,2.183,3
27Zwpuwh,Parry D.,Kovinic D.,2,2,hc,3.50,home,ft,1.565,4
27Zwpuwh,Parry D.,Kovinic D.,2,2,hc,3.50,away,ft,2.34,4
27Zwpuwh,Parry D.,Kovinic D.,2,2,hc,-3.50,home,ft,2.63,1
27Zwpuwh,Parry D.,Kovinic D.,2,2,hc,-3.50,away,ft,1.49,1
27Zwpuwh,Parry D.,Kovinic D.,2,2,hc,4.00,home,ft,1.45,2
27Zwpuwh,Parry D.,Kovinic D.,2,2,hc,4.00,away,ft,2.47,2
27Zwpuwh,Parry D.,Kovinic D.,2,2,hc,4.50,home,ft,1.36,2
27Zwpuwh,Parry D.,Kovinic D.,2,2,hc,4.50,away,ft,2.82,2
pGtEI8KR,Bogdan A.,Jakupovic D.,2,2,ou,2.50,over,ft,3.09,1
pGtEI8KR,Bogdan A.,Jakupovic D.,2,2,ou,2.50,under,ft,1.4,1
pGtEI8KR,Bogdan A.,Jakupovic D.,2,2,ou,17.50,over,ft,1.37,2
pGtEI8KR,Bogdan A.,Jakupovic D.,2,2,ou,17.50,under,ft,2.77,2
pGtEI8KR,Bogdan A.,Jakupovic D.,2,2,ou,18.50,over,ft,1.643,4
pGtEI8KR,Bogdan A.,Jakupovic D.,2,2,ou,18.50,under,ft,2.183,4
pGtEI8KR,Bogdan A.,Jakupovic D.,2,2,ou,19.00,over,ft,1.773,3
pGtEI8KR,Bogdan A.,Jakupovic D.,2,2,ou,19.00,under,ft,2.04,3
pGtEI8KR,Bogdan A.,Jakupovic D.,2,2,ou,19.50,over,ft,1.925,4
pGtEI8KR,Bogdan A.,Jakupovic D.,2,2,ou,19.50,under,ft,1.907,4
pGtEI8KR,Bogdan A.,Jakupovic D.,2,2,ou,20.00,over,ft,2.04,3
pGtEI8KR,Bogdan A.,Jakupovic D.,2,2,ou,20.00,under,ft,1.78,3
pGtEI8KR,Bogdan A.,Jakupovic D.,2,2,ou,20.50,over,ft,2.197,4
pGtEI8KR,Bogdan A.,Jakupovic D.,2,2,ou,20.50,under,ft,1.635,4
pGtEI8KR,Bogdan A.,Jakupovic D.,2,2,ou,21.00,over,ft,2.21,1
pGtEI8KR,Bogdan A.,Jakupovic D.,2,2,ou,21.00,under,ft,1.7,1
pGtEI8KR,Bogdan A.,Jakupovic D.,2,2,ou,21.50,over,ft,2.47,2
pGtEI8KR,Bogdan A.,Jakupovic D.,2,2,ou,21.50,under,ft,1.45,2
pGtEI8KR,Bogdan A.,Jakupovic D.,2,2,ou,22.50,over,ft,2.88,2
pGtEI8KR,Bogdan A.,Jakupovic D.,2,2,ou,22.50,under,ft,1.34,2
pGtEI8KR,Bogdan A.,Jakupovic D.,2,2,ou,23.50,over,ft,3.26,2
pGtEI8KR,Bogdan A.,Jakupovic D.,2,2,ou,23.50,under,ft,1.27,2
pGtEI8KR,Bogdan A.,Jakupovic D.,2,2,hc,-1.00,home,ft,1.22,2
pGtEI8KR,Bogdan A.,Jakupovic D.,2,2,hc,-1.00,away,ft,3.66,2
pGtEI8KR,Bogdan A.,Jakupovic D.,2,2,hc,1.50,home,ft,1.03,3
pGtEI8KR,Bogdan A.,Jakupovic D.,2,2,hc,1.50,away,ft,9.97,3
pGtEI8KR,Bogdan A.,Jakupovic D.,2,2,hc,-1.50,home,ft,1.578,4
pGtEI8KR,Bogdan A.,Jakupovic D.,2,2,hc,-1.50,away,ft,2.315,4
pGtEI8KR,Bogdan A.,Jakupovic D.,2,2,hc,-2.50,home,ft,1.17,2
pGtEI8KR,Bogdan A.,Jakupovic D.,2,2,hc,-2.50,away,ft,4.25,2
pGtEI8KR,Bogdan A.,Jakupovic D.,2,2,hc,-3.50,home,ft,1.37,3
pGtEI8KR,Bogdan A.,Jakupovic D.,2,2,hc,-3.50,away,ft,2.927,3
pGtEI8KR,Bogdan A.,Jakupovic D.,2,2,hc,-4.00,home,ft,1.473,3
pGtEI8KR,Bogdan A.,Jakupovic D.,2,2,hc,-4.00,away,ft,2.613,3
pGtEI8KR,Bogdan A.,Jakupovic D.,2,2,hc,-4.50,home,ft,1.58,4
pGtEI8KR,Bogdan A.,Jakupovic D.,2,2,hc,-4.50,away,ft,2.373,4
pGtEI8KR,Bogdan A.,Jakupovic D.,2,2,hc,-5.00,home,ft,1.7,3
pGtEI8KR,Bogdan A.,Jakupovic D.,2,2,hc,-5.00,away,ft,2.153,3
pGtEI8KR,Bogdan A.,Jakupovic D.,2,2,hc,-5.50,home,ft,1.938,4
pGtEI8KR,Bogdan A.,Jakupovic D.,2,2,hc,-5.50,away,ft,1.925,4
pGtEI8KR,Bogdan A.,Jakupovic D.,2,2,hc,-6.00,home,ft,2.19,3
pGtEI8KR,Bogdan A.,Jakupovic D.,2,2,hc,-6.00,away,ft,1.673,3
pGtEI8KR,Bogdan A.,Jakupovic D.,2,2,hc,-6.50,home,ft,2.508,4
pGtEI8KR,Bogdan A.,Jakupovic D.,2,2,hc,-6.50,away,ft,1.522,4
pGtEI8KR,Bogdan A.,Jakupovic D.,2,2,hc,-7.00,home,ft,3.22,2
pGtEI8KR,Bogdan A.,Jakupovic D.,2,2,hc,-7.00,away,ft,1.31,2
pGtEI8KR,Bogdan A.,Jakupovic D.,2,2,hc,-7.50,home,ft,3.63,3
pGtEI8KR,Bogdan A.,Jakupovic D.,2,2,hc,-7.50,away,ft,1.257,3
KvGnmVmn,Sorribes Tormo S.,Zidansek T.,0,0,ou,2.50,over,ft,2.48,1
KvGnmVmn,Sorribes Tormo S.,Zidansek T.,0,0,ou,2.50,under,ft,1.58,1
KvGnmVmn,Sorribes Tormo S.,Zidansek T.,0,0,ou,18.50,over,ft,1.33,2
KvGnmVmn,Sorribes Tormo S.,Zidansek T.,0,0,ou,18.50,under,ft,2.95,2
KvGnmVmn,Sorribes Tormo S.,Zidansek T.,0,0,ou,19.50,over,ft,1.53,3
KvGnmVmn,Sorribes Tormo S.,Zidansek T.,0,0,ou,19.50,under,ft,2.367,3
KvGnmVmn,Sorribes Tormo S.,Zidansek T.,0,0,ou,20.00,over,ft,1.72,3
KvGnmVmn,Sorribes Tormo S.,Zidansek T.,0,0,ou,20.00,under,ft,2.12,3
KvGnmVmn,Sorribes Tormo S.,Zidansek T.,0,0,ou,20.50,over,ft,1.768,4
KvGnmVmn,Sorribes Tormo S.,Zidansek T.,0,0,ou,20.50,under,ft,2.005,4
KvGnmVmn,Sorribes Tormo S.,Zidansek T.,0,0,ou,21.00,over,ft,1.867,3
KvGnmVmn,Sorribes Tormo S.,Zidansek T.,0,0,ou,21.00,under,ft,1.933,3
KvGnmVmn,Sorribes Tormo S.,Zidansek T.,0,0,ou,21.50,over,ft,1.935,4
KvGnmVmn,Sorribes Tormo S.,Zidansek T.,0,0,ou,21.50,under,ft,1.895,4
KvGnmVmn,Sorribes Tormo S.,Zidansek T.,0,0,ou,22.00,over,ft,2.107,3
KvGnmVmn,Sorribes Tormo S.,Zidansek T.,0,0,ou,22.00,under,ft,1.73,3
KvGnmVmn,Sorribes Tormo S.,Zidansek T.,0,0,ou,22.50,over,ft,2.277,3
KvGnmVmn,Sorribes Tormo S.,Zidansek T.,0,0,ou,22.50,under,ft,1.573,3
KvGnmVmn,Sorribes Tormo S.,Zidansek T.,0,0,ou,23.50,over,ft,2.527,3
KvGnmVmn,Sorribes Tormo S.,Zidansek T.,0,0,ou,23.50,under,ft,1.477,3
KvGnmVmn,Sorribes Tormo S.,Zidansek T.,0,0,ou,24.50,over,ft,2.747,3
KvGnmVmn,Sorribes Tormo S.,Zidansek T.,0,0,ou,24.50,under,ft,1.407,3
KvGnmVmn,Sorribes Tormo S.,Zidansek T.,0,0,ou,25.50,over,ft,3.11,3
KvGnmVmn,Sorribes Tormo S.,Zidansek T.,0,0,ou,25.50,under,ft,1.327,3
KvGnmVmn,Sorribes Tormo S.,Zidansek T.,0,0,hc,-1.00,home,ft,1.62,2
KvGnmVmn,Sorribes Tormo S.,Zidansek T.,0,0,hc,-1.00,away,ft,2.11,2
KvGnmVmn,Sorribes Tormo S.,Zidansek T.,0,0,hc,1.50,home,ft,1.137,4
KvGnmVmn,Sorribes Tormo S.,Zidansek T.,0,0,hc,1.50,away,ft,5.115,4
KvGnmVmn,Sorribes Tormo S.,Zidansek T.,0,0,hc,-1.50,home,ft,2.115,4
KvGnmVmn,Sorribes Tormo S.,Zidansek T.,0,0,hc,-1.50,away,ft,1.675,4
KvGnmVmn,Sorribes Tormo S.,Zidansek T.,0,0,hc,-0.50,home,ft,1.46,1
KvGnmVmn,Sorribes Tormo S.,Zidansek T.,0,0,hc,-0.50,away,ft,2.74,1
KvGnmVmn,Sorribes Tormo S.,Zidansek T.,0,0,hc,-1.50,home,ft,1.52,3
KvGnmVmn,Sorribes Tormo S.,Zidansek T.,0,0,hc,-1.50,away,ft,2.437,3
KvGnmVmn,Sorribes Tormo S.,Zidansek T.,0,0,hc,-2.00,home,ft,1.56,2
KvGnmVmn,Sorribes Tormo S.,Zidansek T.,0,0,hc,-2.00,away,ft,2.31,2
KvGnmVmn,Sorribes Tormo S.,Zidansek T.,0,0,hc,-2.50,home,ft,1.652,4
KvGnmVmn,Sorribes Tormo S.,Zidansek T.,0,0,hc,-2.50,away,ft,2.225,4
KvGnmVmn,Sorribes Tormo S.,Zidansek T.,0,0,hc,-3.00,home,ft,1.74,3
KvGnmVmn,Sorribes Tormo S.,Zidansek T.,0,0,hc,-3.00,away,ft,2.09,3
KvGnmVmn,Sorribes Tormo S.,Zidansek T.,0,0,hc,-3.50,home,ft,1.887,4
KvGnmVmn,Sorribes Tormo S.,Zidansek T.,0,0,hc,-3.50,away,ft,1.948,4
KvGnmVmn,Sorribes Tormo S.,Zidansek T.,0,0,hc,-4.00,home,ft,2.033,3
KvGnmVmn,Sorribes Tormo S.,Zidansek T.,0,0,hc,-4.00,away,ft,1.783,3
KvGnmVmn,Sorribes Tormo S.,Zidansek T.,0,0,hc,-4.50,home,ft,2.218,4
KvGnmVmn,Sorribes Tormo S.,Zidansek T.,0,0,hc,-4.50,away,ft,1.655,4
KvGnmVmn,Sorribes Tormo S.,Zidansek T.,0,0,hc,-5.00,home,ft,2.533,3
KvGnmVmn,Sorribes Tormo S.,Zidansek T.,0,0,hc,-5.00,away,ft,1.5,3
KvGnmVmn,Sorribes Tormo S.,Zidansek T.,0,0,hc,-5.50,home,ft,2.827,3
KvGnmVmn,Sorribes Tormo S.,Zidansek T.,0,0,hc,-5.50,away,ft,1.397,3
ImDpLQZ3,Andreeva M.,Bondar A.,0,0,ou,2.50,over,ft,3.37,1
ImDpLQZ3,Andreeva M.,Bondar A.,0,0,ou,2.50,under,ft,1.35,1
ImDpLQZ3,Andreeva M.,Bondar A.,0,0,ou,16.50,over,ft,1.36,1
ImDpLQZ3,Andreeva M.,Bondar A.,0,0,ou,16.50,under,ft,3.14,1
ImDpLQZ3,Andreeva M.,Bondar A.,0,0,ou,17.50,over,ft,1.557,3
ImDpLQZ3,Andreeva M.,Bondar A.,0,0,ou,17.50,under,ft,2.39,3
ImDpLQZ3,Andreeva M.,Bondar A.,0,0,ou,18.00,over,ft,1.65,3
ImDpLQZ3,Andreeva M.,Bondar A.,0,0,ou,18.00,under,ft,2.23,3
ImDpLQZ3,Andreeva M.,Bondar A.,0,0,ou,18.50,over,ft,1.877,4
ImDpLQZ3,Andreeva M.,Bondar A.,0,0,ou,18.50,under,ft,1.982,4
ImDpLQZ3,Andreeva M.,Bondar A.,0,0,ou,19.00,over,ft,1.94,3
ImDpLQZ3,Andreeva M.,Bondar A.,0,0,ou,19.00,under,ft,1.86,3
ImDpLQZ3,Andreeva M.,Bondar A.,0,0,ou,19.50,over,ft,2.107,4
ImDpLQZ3,Andreeva M.,Bondar A.,0,0,ou,19.50,under,ft,1.75,4
ImDpLQZ3,Andreeva M.,Bondar A.,0,0,ou,20.00,over,ft,2.203,3
ImDpLQZ3,Andreeva M.,Bondar A.,0,0,ou,20.00,under,ft,1.67,3
ImDpLQZ3,Andreeva M.,Bondar A.,0,0,ou,20.50,over,ft,2.353,4
ImDpLQZ3,Andreeva M.,Bondar A.,0,0,ou,20.50,under,ft,1.587,4
ImDpLQZ3,Andreeva M.,Bondar A.,0,0,ou,21.50,over,ft,2.63,3
ImDpLQZ3,Andreeva M.,Bondar A.,0,0,ou,21.50,under,ft,1.437,3
ImDpLQZ3,Andreeva M.,Bondar A.,0,0,ou,22.50,over,ft,2.973,3
ImDpLQZ3,Andreeva M.,Bondar A.,0,0,ou,22.50,under,ft,1.323,3
ImDpLQZ3,Andreeva M.,Bondar A.,0,0,hc,-1.00,home,ft,1.18,2
ImDpLQZ3,Andreeva M.,Bondar A.,0,0,hc,-1.00,away,ft,4.7,2
ImDpLQZ3,Andreeva M.,Bondar A.,0,0,hc,1.50,home,ft,1.067,3
ImDpLQZ3,Andreeva M.,Bondar A.,0,0,hc,1.50,away,ft,10.517,3
ImDpLQZ3,Andreeva M.,Bondar A.,0,0,hc,-1.50,home,ft,1.507,3
ImDpLQZ3,Andreeva M.,Bondar A.,0,0,hc,-1.50,away,ft,2.637,3
ImDpLQZ3,Andreeva M.,Bondar A.,0,0,hc,-2.50,home,ft,1.157,3
ImDpLQZ3,Andreeva M.,Bondar A.,0,0,hc,-2.50,away,ft,4.613,3
ImDpLQZ3,Andreeva M.,Bondar A.,0,0,hc,-3.50,home,ft,1.263,3
ImDpLQZ3,Andreeva M.,Bondar A.,0,0,hc,-3.50,away,ft,3.57,3
ImDpLQZ3,Andreeva M.,Bondar A.,0,0,hc,-4.00,home,ft,1.32,2
ImDpLQZ3,Andreeva M.,Bondar A.,0,0,hc,-4.00,away,ft,3.16,2
ImDpLQZ3,Andreeva M.,Bondar A.,0,0,hc,-4.50,home,ft,1.438,4
ImDpLQZ3,Andreeva M.,Bondar A.,0,0,hc,-4.50,away,ft,2.77,4
ImDpLQZ3,Andreeva M.,Bondar A.,0,0,hc,-5.00,home,ft,1.533,3
ImDpLQZ3,Andreeva M.,Bondar A.,0,0,hc,-5.00,away,ft,2.493,3
ImDpLQZ3,Andreeva M.,Bondar A.,0,0,hc,-5.50,home,ft,1.728,4
ImDpLQZ3,Andreeva M.,Bondar A.,0,0,hc,-5.50,away,ft,2.165,4
ImDpLQZ3,Andreeva M.,Bondar A.,0,0,hc,-6.00,home,ft,1.93,3
ImDpLQZ3,Andreeva M.,Bondar A.,0,0,hc,-6.00,away,ft,1.87,3
ImDpLQZ3,Andreeva M.,Bondar A.,0,0,hc,-6.50,home,ft,2.155,4
ImDpLQZ3,Andreeva M.,Bondar A.,0,0,hc,-6.50,away,ft,1.735,4
ImDpLQZ3,Andreeva M.,Bondar A.,0,0,hc,-7.00,home,ft,2.78,3
ImDpLQZ3,Andreeva M.,Bondar A.,0,0,hc,-7.00,away,ft,1.427,3
ImDpLQZ3,Andreeva M.,Bondar A.,0,0,hc,-7.50,home,ft,3.05,3
ImDpLQZ3,Andreeva M.,Bondar A.,0,0,hc,-7.50,away,ft,1.347,3
ImDpLQZ3,Andreeva M.,Bondar A.,0,0,hc,-8.00,home,ft,3.68,2
ImDpLQZ3,Andreeva M.,Bondar A.,0,0,hc,-8.00,away,ft,1.22,2
ImDpLQZ3,Andreeva M.,Bondar A.,0,0,hc,-8.50,home,ft,4.25,2
ImDpLQZ3,Andreeva M.,Bondar A.,0,0,hc,-8.50,away,ft,1.17,2
SjfmNGFQ,Golubic V.,Cornet A.,1,1,ou,2.50,over,ft,2.54,1
SjfmNGFQ,Golubic V.,Cornet A.,1,1,ou,2.50,under,ft,1.56,1
SjfmNGFQ,Golubic V.,Cornet A.,1,1,ou,18.50,over,ft,1.497,3
SjfmNGFQ,Golubic V.,Cornet A.,1,1,ou,18.50,under,ft,2.47,3
SjfmNGFQ,Golubic V.,Cornet A.,1,1,ou,19.50,over,ft,1.645,4
SjfmNGFQ,Golubic V.,Cornet A.,1,1,ou,19.50,under,ft,2.203,4
SjfmNGFQ,Golubic V.,Cornet A.,1,1,ou,20.00,over,ft,1.75,3
SjfmNGFQ,Golubic V.,Cornet A.,1,1,ou,20.00,under,ft,2.08,3
SjfmNGFQ,Golubic V.,Cornet A.,1,1,ou,20.50,over,ft,1.863,4
SjfmNGFQ,Golubic V.,Cornet A.,1,1,ou,20.50,under,ft,1.948,4
SjfmNGFQ,Golubic V.,Cornet A.,1,1,ou,21.00,over,ft,1.953,3
SjfmNGFQ,Golubic V.,Cornet A.,1,1,ou,21.00,under,ft,1.847,3
SjfmNGFQ,Golubic V.,Cornet A.,1,1,ou,21.50,over,ft,1.968,4
SjfmNGFQ,Golubic V.,Cornet A.,1,1,ou,21.50,under,ft,1.837,4
SjfmNGFQ,Golubic V.,Cornet A.,1,1,ou,22.00,over,ft,2.2,1
SjfmNGFQ,Golubic V.,Cornet A.,1,1,ou,22.00,under,ft,1.72,1
SjfmNGFQ,Golubic V.,Cornet A.,1,1,ou,22.50,over,ft,2.35,3
SjfmNGFQ,Golubic V.,Cornet A.,1,1,ou,22.50,under,ft,1.51,3
SjfmNGFQ,Golubic V.,Cornet A.,1,1,ou,23.50,over,ft,2.667,3
SjfmNGFQ,Golubic V.,Cornet A.,1,1,ou,23.50,under,ft,1.403,3
SjfmNGFQ,Golubic V.,Cornet A.,1,1,ou,24.50,over,ft,2.65,1
SjfmNGFQ,Golubic V.,Cornet A.,1,1,ou,24.50,under,ft,1.43,1
SjfmNGFQ,Golubic V.,Cornet A.,1,1,ou,25.50,over,ft,3.0,1
SjfmNGFQ,Golubic V.,Cornet A.,1,1,ou,25.50,under,ft,1.33,1
SjfmNGFQ,Golubic V.,Cornet A.,1,1,hc,0,home,ft,2.51,1
SjfmNGFQ,Golubic V.,Cornet A.,1,1,hc,0,away,ft,1.5,1
SjfmNGFQ,Golubic V.,Cornet A.,1,1,hc,1.00,home,ft,1.93,2
SjfmNGFQ,Golubic V.,Cornet A.,1,1,hc,1.00,away,ft,1.74,2
SjfmNGFQ,Golubic V.,Cornet A.,1,1,hc,1.50,home,ft,1.62,3
SjfmNGFQ,Golubic V.,Cornet A.,1,1,hc,1.50,away,ft,2.23,3
SjfmNGFQ,Golubic V.,Cornet A.,1,1,hc,-1.50,home,ft,4.89,3
SjfmNGFQ,Golubic V.,Cornet A.,1,1,hc,-1.50,away,ft,1.15,3
SjfmNGFQ,Golubic V.,Cornet A.,1,1,hc,0.50,home,ft,2.35,1
SjfmNGFQ,Golubic V.,Cornet A.,1,1,hc,0.50,away,ft,1.52,1
SjfmNGFQ,Golubic V.,Cornet A.,1,1,hc,-0.50,home,ft,2.52,1
SjfmNGFQ,Golubic V.,Cornet A.,1,1,hc,-0.50,away,ft,1.46,1
SjfmNGFQ,Golubic V.,Cornet A.,1,1,hc,1.50,home,ft,2.2,3
SjfmNGFQ,Golubic V.,Cornet A.,1,1,hc,1.50,away,ft,1.6,3
SjfmNGFQ,Golubic V.,Cornet A.,1,1,hc,-1.50,home,ft,2.7,1
SjfmNGFQ,Golubic V.,Cornet A.,1,1,hc,-1.50,away,ft,1.4,1
SjfmNGFQ,Golubic V.,Cornet A.,1,1,hc,2.00,home,ft,2.14,2
SjfmNGFQ,Golubic V.,Cornet A.,1,1,hc,2.00,away,ft,1.65,2
SjfmNGFQ,Golubic V.,Cornet A.,1,1,hc,2.50,home,ft,2.092,4
SjfmNGFQ,Golubic V.,Cornet A.,1,1,hc,2.50,away,ft,1.715,4
SjfmNGFQ,Golubic V.,Cornet A.,1,1,hc,3.00,home,ft,2.007,3
SjfmNGFQ,Golubic V.,Cornet A.,1,1,hc,3.00,away,ft,1.807,3
SjfmNGFQ,Golubic V.,Cornet A.,1,1,hc,3.50,home,ft,1.917,4
SjfmNGFQ,Golubic V.,Cornet A.,1,1,hc,3.50,away,ft,1.905,4
SjfmNGFQ,Golubic V.,Cornet A.,1,1,hc,4.00,home,ft,1.757,3
SjfmNGFQ,Golubic V.,Cornet A.,1,1,hc,4.00,away,ft,2.067,3
SjfmNGFQ,Golubic V.,Cornet A.,1,1,hc,4.50,home,ft,1.625,4
SjfmNGFQ,Golubic V.,Cornet A.,1,1,hc,4.50,away,ft,2.235,4
SjfmNGFQ,Golubic V.,Cornet A.,1,1,hc,5.00,home,ft,1.51,3
SjfmNGFQ,Golubic V.,Cornet A.,1,1,hc,5.00,away,ft,2.513,3
SjfmNGFQ,Golubic V.,Cornet A.,1,1,hc,5.50,home,ft,1.43,4
SjfmNGFQ,Golubic V.,Cornet A.,1,1,hc,5.50,away,ft,2.72,4
SjfmNGFQ,Golubic V.,Cornet A.,1,1,hc,6.00,home,ft,1.34,2
SjfmNGFQ,Golubic V.,Cornet A.,1,1,hc,6.00,away,ft,3.05,2
SjfmNGFQ,Golubic V.,Cornet A.,1,1,hc,6.50,home,ft,1.16,2
SjfmNGFQ,Golubic V.,Cornet A.,1,1,hc,6.50,away,ft,4.4,2
4CoFIzOs,Bogdan A.,Waltert S.,2,2,ou,2.50,over,ft,2.63,1
4CoFIzOs,Bogdan A.,Waltert S.,2,2,ou,2.50,under,ft,1.52,1
4CoFIzOs,Bogdan A.,Waltert S.,2,2,ou,17.50,over,ft,1.3,1
4CoFIzOs,Bogdan A.,Waltert S.,2,2,ou,17.50,under,ft,3.2,1
4CoFIzOs,Bogdan A.,Waltert S.,2,2,ou,18.50,over,ft,1.547,3
4CoFIzOs,Bogdan A.,Waltert S.,2,2,ou,18.50,under,ft,2.35,3
4CoFIzOs,Bogdan A.,Waltert S.,2,2,ou,19.00,over,ft,1.67,2
4CoFIzOs,Bogdan A.,Waltert S.,2,2,ou,19.00,under,ft,2.16,2
4CoFIzOs,Bogdan A.,Waltert S.,2,2,ou,19.50,over,ft,1.76,4
4CoFIzOs,Bogdan A.,Waltert S.,2,2,ou,19.50,under,ft,2.05,4
4CoFIzOs,Bogdan A.,Waltert S.,2,2,ou,20.00,over,ft,1.887,3
4CoFIzOs,Bogdan A.,Waltert S.,2,2,ou,20.00,under,ft,1.92,3
4CoFIzOs,Bogdan A.,Waltert S.,2,2,ou,20.50,over,ft,1.985,4
4CoFIzOs,Bogdan A.,Waltert S.,2,2,ou,20.50,under,ft,1.805,4
4CoFIzOs,Bogdan A.,Waltert S.,2,2,ou,21.00,over,ft,2.06,1
4CoFIzOs,Bogdan A.,Waltert S.,2,2,ou,21.00,under,ft,1.82,1
4CoFIzOs,Bogdan A.,Waltert S.,2,2,ou,21.50,over,ft,2.125,4
4CoFIzOs,Bogdan A.,Waltert S.,2,2,ou,21.50,under,ft,1.65,4
4CoFIzOs,Bogdan A.,Waltert S.,2,2,ou,22.00,over,ft,2.2,1
4CoFIzOs,Bogdan A.,Waltert S.,2,2,ou,22.00,under,ft,1.71,1
4CoFIzOs,Bogdan A.,Waltert S.,2,2,ou,22.50,over,ft,2.433,3
4CoFIzOs,Bogdan A.,Waltert S.,2,2,ou,22.50,under,ft,1.473,3
4CoFIzOs,Bogdan A.,Waltert S.,2,2,ou,23.50,over,ft,2.717,3
4CoFIzOs,Bogdan A.,Waltert S.,2,2,ou,23.50,under,ft,1.39,3
4CoFIzOs,Bogdan A.,Waltert S.,2,2,ou,24.50,over,ft,2.85,1
4CoFIzOs,Bogdan A.,Waltert S.,2,2,ou,24.50,under,ft,1.37,1
4CoFIzOs,Bogdan A.,Waltert S.,2,2,ou,25.50,over,ft,1.11,1
4CoFIzOs,Bogdan A.,Waltert S.,2,2,ou,25.50,under,ft,8.1,1
4CoFIzOs,Bogdan A.,Waltert S.,2,2,ou,26.50,over,ft,1.43,3
4CoFIzOs,Bogdan A.,Waltert S.,2,2,ou,26.50,under,ft,2.677,3
4CoFIzOs,Bogdan A.,Waltert S.,2,2,ou,27.50,over,ft,3.05,1
4CoFIzOs,Bogdan A.,Waltert S.,2,2,ou,27.50,under,ft,1.4,1
4CoFIzOs,Bogdan A.,Waltert S.,2,2,hc,0,home,ft,2.23,1
4CoFIzOs,Bogdan A.,Waltert S.,2,2,hc,0,away,ft,1.65,1
4CoFIzOs,Bogdan A.,Waltert S.,2,2,hc,-1.00,home,ft,1.38,2
4CoFIzOs,Bogdan A.,Waltert S.,2,2,hc,-1.00,away,ft,2.73,2
4CoFIzOs,Bogdan A.,Waltert S.,2,2,hc,1.50,home,ft,1.063,3
4CoFIzOs,Bogdan A.,Waltert S.,2,2,hc,1.50,away,ft,7.423,3
4CoFIzOs,Bogdan A.,Waltert S.,2,2,hc,-1.50,home,ft,1.783,3
4CoFIzOs,Bogdan A.,Waltert S.,2,2,hc,-1.50,away,ft,1.943,3
4CoFIzOs,Bogdan A.,Waltert S.,2,2,hc,0.50,home,ft,1.25,1
4CoFIzOs,Bogdan A.,Waltert S.,2,2,hc,0.50,away,ft,3.55,1
4CoFIzOs,Bogdan A.,Waltert S.,2,2,hc,-0.50,home,ft,1.3,1
4CoFIzOs,Bogdan A.,Waltert S.,2,2,hc,-0.50,away,ft,3.2,1
4CoFIzOs,Bogdan A.,Waltert S.,2,2,hc,1.50,home,ft,2.29,1
4CoFIzOs,Bogdan A.,Waltert S.,2,2,hc,1.50,away,ft,1.64,1
4CoFIzOs,Bogdan A.,Waltert S.,2,2,hc,-1.50,home,ft,1.35,1
4CoFIzOs,Bogdan A.,Waltert S.,2,2,hc,-1.50,away,ft,2.9,1
4CoFIzOs,Bogdan A.,Waltert S.,2,2,hc,2.50,home,ft,1.913,3
4CoFIzOs,Bogdan A.,Waltert S.,2,2,hc,2.50,away,ft,1.803,3
4CoFIzOs,Bogdan A.,Waltert S.,2,2,hc,-2.50,home,ft,1.41,3
4CoFIzOs,Bogdan A.,Waltert S.,2,2,hc,-2.50,away,ft,2.71,3
4CoFIzOs,Bogdan A.,Waltert S.,2,2,hc,-3.00,home,ft,1.44,2
4CoFIzOs,Bogdan A.,Waltert S.,2,2,hc,-3.00,away,ft,2.63,2
4CoFIzOs,Bogdan A.,Waltert S.,2,2,hc,3.50,home,ft,1.32,1
4CoFIzOs,Bogdan A.,Waltert S.,2,2,hc,3.50,away,ft,3.6,1
4CoFIzOs,Bogdan A.,Waltert S.,2,2,hc,-3.50,home,ft,1.558,4
4CoFIzOs,Bogdan A.,Waltert S.,2,2,hc,-3.50,away,ft,2.375,4
4CoFIzOs,Bogdan A.,Waltert S.,2,2,hc,-4.00,home,ft,1.657,3
4CoFIzOs,Bogdan A.,Waltert S.,2,2,hc,-4.00,away,ft,2.223,3
4CoFIzOs,Bogdan A.,Waltert S.,2,2,hc,-4.50,home,ft,1.815,4
4CoFIzOs,Bogdan A.,Waltert S.,2,2,hc,-4.50,away,ft,1.995,4
4CoFIzOs,Bogdan A.,Waltert S.,2,2,hc,-5.00,home,ft,1.997,3
4CoFIzOs,Bogdan A.,Waltert S.,2,2,hc,-5.00,away,ft,1.813,3
4CoFIzOs,Bogdan A.,Waltert S.,2,2,hc,-5.50,home,ft,2.215,4
4CoFIzOs,Bogdan A.,Waltert S.,2,2,hc,-5.50,away,ft,1.64,4
4CoFIzOs,Bogdan A.,Waltert S.,2,2,hc,-6.00,home,ft,2.563,3
4CoFIzOs,Bogdan A.,Waltert S.,2,2,hc,-6.00,away,ft,1.487,3
4CoFIzOs,Bogdan A.,Waltert S.,2,2,hc,-6.50,home,ft,2.88,3
4CoFIzOs,Bogdan A.,Waltert S.,2,2,hc,-6.50,away,ft,1.363,3
4CoFIzOs,Bogdan A.,Waltert S.,2,2,hc,-7.00,home,ft,3.59,2
4CoFIzOs,Bogdan A.,Waltert S.,2,2,hc,-7.00,away,ft,1.23,2
4CoFIzOs,Bogdan A.,Waltert S.,2,2,hc,-7.50,home,ft,3.89,2
4CoFIzOs,Bogdan A.,Waltert S.,2,2,hc,-7.50,away,ft,1.2,2
8fmPpIS9,Riera J.,Cocciaretto E.,1,1,ou,2.50,over,ft,2.58,1
8fmPpIS9,Riera J.,Cocciaretto E.,1,1,ou,2.50,under,ft,1.54,1
8fmPpIS9,Riera J.,Cocciaretto E.,1,1,ou,17.50,over,ft,1.5,2
8fmPpIS9,Riera J.,Cocciaretto E.,1,1,ou,17.50,under,ft,2.5,2
8fmPpIS9,Riera J.,Cocciaretto E.,1,1,ou,18.50,over,ft,1.52,4
8fmPpIS9,Riera J.,Cocciaretto E.,1,1,ou,18.50,under,ft,2.39,4
8fmPpIS9,Riera J.,Cocciaretto E.,1,1,ou,19.00,over,ft,1.63,1
8fmPpIS9,Riera J.,Cocciaretto E.,1,1,ou,19.00,under,ft,2.37,1
8fmPpIS9,Riera J.,Cocciaretto E.,1,1,ou,19.50,over,ft,1.662,4
8fmPpIS9,Riera J.,Cocciaretto E.,1,1,ou,19.50,under,ft,2.163,4
8fmPpIS9,Riera J.,Cocciaretto E.,1,1,ou,20.00,over,ft,1.767,3
8fmPpIS9,Riera J.,Cocciaretto E.,1,1,ou,20.00,under,ft,2.057,3
8fmPpIS9,Riera J.,Cocciaretto E.,1,1,ou,20.50,over,ft,1.895,4
8fmPpIS9,Riera J.,Cocciaretto E.,1,1,ou,20.50,under,ft,1.915,4
8fmPpIS9,Riera J.,Cocciaretto E.,1,1,ou,21.00,over,ft,1.98,3
8fmPpIS9,Riera J.,Cocciaretto E.,1,1,ou,21.00,under,ft,1.823,3
8fmPpIS9,Riera J.,Cocciaretto E.,1,1,ou,21.50,over,ft,2.075,4
8fmPpIS9,Riera J.,Cocciaretto E.,1,1,ou,21.50,under,ft,1.722,4
8fmPpIS9,Riera J.,Cocciaretto E.,1,1,ou,22.00,over,ft,2.21,1
8fmPpIS9,Riera J.,Cocciaretto E.,1,1,ou,22.00,under,ft,1.71,1
8fmPpIS9,Riera J.,Cocciaretto E.,1,1,ou,22.50,over,ft,2.497,3
8fmPpIS9,Riera J.,Cocciaretto E.,1,1,ou,22.50,under,ft,1.453,3
8fmPpIS9,Riera J.,Cocciaretto E.,1,1,ou,23.50,over,ft,2.797,3
8fmPpIS9,Riera J.,Cocciaretto E.,1,1,ou,23.50,under,ft,1.37,3
8fmPpIS9,Riera J.,Cocciaretto E.,1,1,ou,24.50,over,ft,2.7,1
8fmPpIS9,Riera J.,Cocciaretto E.,1,1,ou,24.50,under,ft,1.4,1
8fmPpIS9,Riera J.,Cocciaretto E.,1,1,ou,25.50,over,ft,3.0,1
8fmPpIS9,Riera J.,Cocciaretto E.,1,1,ou,25.50,under,ft,1.33,1
8fmPpIS9,Riera J.,Cocciaretto E.,1,1,hc,0,home,ft,2.96,1
8fmPpIS9,Riera J.,Cocciaretto E.,1,1,hc,0,away,ft,1.35,1
8fmPpIS9,Riera J.,Cocciaretto E.,1,1,hc,1.00,home,ft,2.5,2
8fmPpIS9,Riera J.,Cocciaretto E.,1,1,hc,1.00,away,ft,1.44,2
8fmPpIS9,Riera J.,Cocciaretto E.,1,1,hc,1.50,home,ft,1.903,3
8fmPpIS9,Riera J.,Cocciaretto E.,1,1,hc,1.50,away,ft,1.87,3
8fmPpIS9,Riera J.,Cocciaretto E.,1,1,hc,-1.50,home,ft,7.13,3
8fmPpIS9,Riera J.,Cocciaretto E.,1,1,hc,-1.50,away,ft,1.073,3
8fmPpIS9,Riera J.,Cocciaretto E.,1,1,hc,0.50,home,ft,3.2,1
8fmPpIS9,Riera J.,Cocciaretto E.,1,1,hc,0.50,away,ft,1.3,1
8fmPpIS9,Riera J.,Cocciaretto E.,1,1,hc,-0.50,home,ft,3.45,1
8fmPpIS9,Riera J.,Cocciaretto E.,1,1,hc,-0.50,away,ft,1.26,1
8fmPpIS9,Riera J.,Cocciaretto E.,1,1,hc,1.50,home,ft,2.9,1
8fmPpIS9,Riera J.,Cocciaretto E.,1,1,hc,1.50,away,ft,1.35,1
8fmPpIS9,Riera J.,Cocciaretto E.,1,1,hc,2.50,home,ft,2.53,3
8fmPpIS9,Riera J.,Cocciaretto E.,1,1,hc,2.50,away,ft,1.443,3
8fmPpIS9,Riera J.,Cocciaretto E.,1,1,hc,3.00,home,ft,2.34,2
8fmPpIS9,Riera J.,Cocciaretto E.,1,1,hc,3.00,away,ft,1.5,2
8fmPpIS9,Riera J.,Cocciaretto E.,1,1,hc,3.50,home,ft,2.205,4
8fmPpIS9,Riera J.,Cocciaretto E.,1,1,hc,3.50,away,ft,1.607,4
8fmPpIS9,Riera J.,Cocciaretto E.,1,1,hc,4.00,home,ft,2.007,3
8fmPpIS9,Riera J.,Cocciaretto E.,1,1,hc,4.00,away,ft,1.743,3
8fmPpIS9,Riera J.,Cocciaretto E.,1,1,hc,4.50,home,ft,1.843,4
8fmPpIS9,Riera J.,Cocciaretto E.,1,1,hc,4.50,away,ft,1.905,4
8fmPpIS9,Riera J.,Cocciaretto E.,1,1,hc,5.00,home,ft,1.643,3
8fmPpIS9,Riera J.,Cocciaretto E.,1,1,hc,5.00,away,ft,2.157,3
8fmPpIS9,Riera J.,Cocciaretto E.,1,1,hc,5.50,home,ft,1.525,4
8fmPpIS9,Riera J.,Cocciaretto E.,1,1,hc,5.50,away,ft,2.377,4
8fmPpIS9,Riera J.,Cocciaretto E.,1,1,hc,6.00,home,ft,1.383,3
8fmPpIS9,Riera J.,Cocciaretto E.,1,1,hc,6.00,away,ft,2.873,3
8fmPpIS9,Riera J.,Cocciaretto E.,1,1,hc,6.50,home,ft,1.287,3
8fmPpIS9,Riera J.,Cocciaretto E.,1,1,hc,6.50,away,ft,3.227,3
8fmPpIS9,Riera J.,Cocciaretto E.,1,1,hc,7.50,home,ft,1.11,2
8fmPpIS9,Riera J.,Cocciaretto E.,1,1,hc,7.50,away,ft,5.24,2
4nGJFY70,Zidansek T.,Bronzetti L.,2,2,ou,2.50,over,ft,2.42,1
4nGJFY70,Zidansek T.,Bronzetti L.,2,2,ou,2.50,under,ft,1.6,1
4nGJFY70,Zidansek T.,Bronzetti L.,2,2,ou,18.50,over,ft,1.35,1
4nGJFY70,Zidansek T.,Bronzetti L.,2,2,ou,18.50,under,ft,2.9,1
4nGJFY70,Zidansek T.,Bronzetti L.,2,2,ou,19.50,over,ft,1.52,1
4nGJFY70,Zidansek T.,Bronzetti L.,2,2,ou,19.50,under,ft,2.35,1
4nGJFY70,Zidansek T.,Bronzetti L.,2,2,ou,20.50,over,ft,1.655,4
4nGJFY70,Zidansek T.,Bronzetti L.,2,2,ou,20.50,under,ft,2.122,4
4nGJFY70,Zidansek T.,Bronzetti L.,2,2,ou,21.00,over,ft,1.773,3
4nGJFY70,Zidansek T.,Bronzetti L.,2,2,ou,21.00,under,ft,2.047,3
4nGJFY70,Zidansek T.,Bronzetti L.,2,2,ou,21.50,over,ft,1.863,4
4nGJFY70,Zidansek T.,Bronzetti L.,2,2,ou,21.50,under,ft,1.877,4
4nGJFY70,Zidansek T.,Bronzetti L.,2,2,ou,22.00,over,ft,1.997,3
4nGJFY70,Zidansek T.,Bronzetti L.,2,2,ou,22.00,under,ft,1.813,3
4nGJFY70,Zidansek T.,Bronzetti L.,2,2,ou,22.50,over,ft,1.91,4
4nGJFY70,Zidansek T.,Bronzetti L.,2,2,ou,22.50,under,ft,1.815,4
4nGJFY70,Zidansek T.,Bronzetti L.,2,2,ou,23.50,over,ft,2.433,3
4nGJFY70,Zidansek T.,Bronzetti L.,2,2,ou,23.50,under,ft,1.477,3
4nGJFY70,Zidansek T.,Bronzetti L.,2,2,ou,24.50,over,ft,2.617,3
4nGJFY70,Zidansek T.,Bronzetti L.,2,2,ou,24.50,under,ft,1.413,3
4nGJFY70,Zidansek T.,Bronzetti L.,2,2,ou,25.50,over,ft,2.7,1
4nGJFY70,Zidansek T.,Bronzetti L.,2,2,ou,25.50,under,ft,1.4,1
4nGJFY70,Zidansek T.,Bronzetti L.,2,2,hc,0,home,ft,1.35,1
4nGJFY70,Zidansek T.,Bronzetti L.,2,2,hc,0,away,ft,2.96,1
4nGJFY70,Zidansek T.,Bronzetti L.,2,2,hc,1.00,home,ft,1.44,2
4nGJFY70,Zidansek T.,Bronzetti L.,2,2,hc,1.00,away,ft,2.75,2
4nGJFY70,Zidansek T.,Bronzetti L.,2,2,hc,-1.00,home,ft,1.96,2
4nGJFY70,Zidansek T.,Bronzetti L.,2,2,hc,-1.00,away,ft,1.71,2
4nGJFY70,Zidansek T.,Bronzetti L.,2,2,hc,1.50,home,ft,1.243,3
4nGJFY70,Zidansek T.,Bronzetti L.,2,2,hc,1.50,away,ft,3.677,3
4nGJFY70,Zidansek T.,Bronzetti L.,2,2,hc,-1.50,home,ft,2.353,3
4nGJFY70,Zidansek T.,Bronzetti L.,2,2,hc,-1.50,away,ft,1.56,3
4nGJFY70,Zidansek T.,Bronzetti L.,2,2,hc,0,home,ft,1.643,3
4nGJFY70,Zidansek T.,Bronzetti L.,2,2,hc,0,away,ft,2.167,3
4nGJFY70,Zidansek T.,Bronzetti L.,2,2,hc,0.50,home,ft,1.627,4
4nGJFY70,Zidansek T.,Bronzetti L.,2,2,hc,0.50,away,ft,2.175,4
4nGJFY70,Zidansek T.,Bronzetti L.,2,2,hc,-0.50,home,ft,1.677,4
4nGJFY70,Zidansek T.,Bronzetti L.,2,2,hc,-0.50,away,ft,2.078,4
4nGJFY70,Zidansek T.,Bronzetti L.,2,2,hc,1.00,home,ft,1.53,2
4nGJFY70,Zidansek T.,Bronzetti L.,2,2,hc,1.00,away,ft,2.27,2
4nGJFY70,Zidansek T.,Bronzetti L.,2,2,hc,-1.00,home,ft,1.713,3
4nGJFY70,Zidansek T.,Bronzetti L.,2,2,hc,-1.00,away,ft,2.043,3
4nGJFY70,Zidansek T.,Bronzetti L.,2,2,hc,1.50,home,ft,1.453,3
4nGJFY70,Zidansek T.,Bronzetti L.,2,2,hc,1.50,away,ft,2.483,3
4nGJFY70,Zidansek T.,Bronzetti L.,2,2,hc,-1.50,home,ft,1.732,4
4nGJFY70,Zidansek T.,Bronzetti L.,2,2,hc,-1.50,away,ft,2.005,4
4nGJFY70,Zidansek T.,Bronzetti L.,2,2,hc,-2.00,home,ft,1.84,3
4nGJFY70,Zidansek T.,Bronzetti L.,2,2,hc,-2.00,away,ft,1.893,3
4nGJFY70,Zidansek T.,Bronzetti L.,2,2,hc,2.50,home,ft,1.4,1
4nGJFY70,Zidansek T.,Bronzetti L.,2,2,hc,2.50,away,ft,2.7,1
4nGJFY70,Zidansek T.,Bronzetti L.,2,2,hc,-2.50,home,ft,1.905,4
4nGJFY70,Zidansek T.,Bronzetti L.,2,2,hc,-2.50,away,ft,1.843,4
4nGJFY70,Zidansek T.,Bronzetti L.,2,2,hc,-3.00,home,ft,2.063,3
4nGJFY70,Zidansek T.,Bronzetti L.,2,2,hc,-3.00,away,ft,1.7,3
4nGJFY70,Zidansek T.,Bronzetti L.,2,2,hc,-3.50,home,ft,2.155,4
4nGJFY70,Zidansek T.,Bronzetti L.,2,2,hc,-3.50,away,ft,1.637,4
4nGJFY70,Zidansek T.,Bronzetti L.,2,2,hc,-4.00,home,ft,2.47,2
4nGJFY70,Zidansek T.,Bronzetti L.,2,2,hc,-4.00,away,ft,1.45,2
4nGJFY70,Zidansek T.,Bronzetti L.,2,2,hc,-4.50,home,ft,2.4,4
4nGJFY70,Zidansek T.,Bronzetti L.,2,2,hc,-4.50,away,ft,1.6,4
4nGJFY70,Zidansek T.,Bronzetti L.,2,2,hc,-5.50,home,ft,1.917,3
4nGJFY70,Zidansek T.,Bronzetti L.,2,2,hc,-5.50,away,ft,1.81,3
4nGJFY70,Zidansek T.,Bronzetti L.,2,2,hc,-6.50,home,ft,3.71,1
4nGJFY70,Zidansek T.,Bronzetti L.,2,2,hc,-6.50,away,ft,1.31,1
C2j8119I,Avanesyan E.,Paquet C.,2,2,ou,2.50,over,ft,2.79,1
C2j8119I,Avanesyan E.,Paquet C.,2,2,ou,2.50,under,ft,1.47,1
C2j8119I,Avanesyan E.,Paquet C.,2,2,ou,17.50,over,ft,1.33,1
C2j8119I,Avanesyan E.,Paquet C.,2,2,ou,17.50,under,ft,3.0,1
C2j8119I,Avanesyan E.,Paquet C.,2,2,ou,18.50,over,ft,1.52,3
C2j8119I,Avanesyan E.,Paquet C.,2,2,ou,18.50,under,ft,2.387,3
C2j8119I,Avanesyan E.,Paquet C.,2,2,ou,19.00,over,ft,1.65,1
C2j8119I,Avanesyan E.,Paquet C.,2,2,ou,19.00,under,ft,2.31,1
C2j8119I,Avanesyan E.,Paquet C.,2,2,ou,19.50,over,ft,1.732,4
C2j8119I,Avanesyan E.,Paquet C.,2,2,ou,19.50,under,ft,2.062,4
C2j8119I,Avanesyan E.,Paquet C.,2,2,ou,20.00,over,ft,1.853,3
C2j8119I,Avanesyan E.,Paquet C.,2,2,ou,20.00,under,ft,1.947,3
C2j8119I,Avanesyan E.,Paquet C.,2,2,ou,20.50,over,ft,1.982,4
C2j8119I,Avanesyan E.,Paquet C.,2,2,ou,20.50,under,ft,1.845,4
C2j8119I,Avanesyan E.,Paquet C.,2,2,ou,21.00,over,ft,2.097,3
C2j8119I,Avanesyan E.,Paquet C.,2,2,ou,21.00,under,ft,1.737,3
C2j8119I,Avanesyan E.,Paquet C.,2,2,ou,21.50,over,ft,2.172,4
C2j8119I,Avanesyan E.,Paquet C.,2,2,ou,21.50,under,ft,1.657,4
C2j8119I,Avanesyan E.,Paquet C.,2,2,ou,22.50,over,ft,2.53,3
C2j8119I,Avanesyan E.,Paquet C.,2,2,ou,22.50,under,ft,1.44,3
C2j8119I,Avanesyan E.,Paquet C.,2,2,ou,23.50,over,ft,2.813,3
C2j8119I,Avanesyan E.,Paquet C.,2,2,ou,23.50,under,ft,1.36,3
C2j8119I,Avanesyan E.,Paquet C.,2,2,ou,24.50,over,ft,2.85,1
C2j8119I,Avanesyan E.,Paquet C.,2,2,ou,24.50,under,ft,1.37,1
C2j8119I,Avanesyan E.,Paquet C.,2,2,hc,-1.00,home,ft,1.33,2
C2j8119I,Avanesyan E.,Paquet C.,2,2,hc,-1.00,away,ft,2.95,2
C2j8119I,Avanesyan E.,Paquet C.,2,2,hc,1.50,home,ft,1.063,3
C2j8119I,Avanesyan E.,Paquet C.,2,2,hc,1.50,away,ft,7.69,3
C2j8119I,Avanesyan E.,Paquet C.,2,2,hc,-1.50,home,ft,1.717,3
C2j8119I,Avanesyan E.,Paquet C.,2,2,hc,-1.50,away,ft,2.037,3
C2j8119I,Avanesyan E.,Paquet C.,2,2,hc,0.50,home,ft,1.22,1
C2j8119I,Avanesyan E.,Paquet C.,2,2,hc,0.50,away,ft,3.8,1
C2j8119I,Avanesyan E.,Paquet C.,2,2,hc,-0.50,home,ft,1.25,1
C2j8119I,Avanesyan E.,Paquet C.,2,2,hc,-0.50,away,ft,3.55,1
C2j8119I,Avanesyan E.,Paquet C.,2,2,hc,-1.50,home,ft,1.3,1
C2j8119I,Avanesyan E.,Paquet C.,2,2,hc,-1.50,away,ft,3.2,1
C2j8119I,Avanesyan E.,Paquet C.,2,2,hc,-2.50,home,ft,1.363,3
C2j8119I,Avanesyan E.,Paquet C.,2,2,hc,-2.50,away,ft,2.877,3
C2j8119I,Avanesyan E.,Paquet C.,2,2,hc,-3.00,home,ft,1.41,2
C2j8119I,Avanesyan E.,Paquet C.,2,2,hc,-3.00,away,ft,2.74,2
C2j8119I,Avanesyan E.,Paquet C.,2,2,hc,-3.50,home,ft,1.518,4
C2j8119I,Avanesyan E.,Paquet C.,2,2,hc,-3.50,away,ft,2.46,4
C2j8119I,Avanesyan E.,Paquet C.,2,2,hc,-4.00,home,ft,1.613,3
C2j8119I,Avanesyan E.,Paquet C.,2,2,hc,-4.00,away,ft,2.307,3
C2j8119I,Avanesyan E.,Paquet C.,2,2,hc,-4.50,home,ft,1.778,4
C2j8119I,Avanesyan E.,Paquet C.,2,2,hc,-4.50,away,ft,2.065,4
C2j8119I,Avanesyan E.,Paquet C.,2,2,hc,-5.00,home,ft,1.96,3
C2j8119I,Avanesyan E.,Paquet C.,2,2,hc,-5.00,away,ft,1.84,3
C2j8119I,Avanesyan E.,Paquet C.,2,2,hc,-5.50,home,ft,2.175,4
C2j8119I,Avanesyan E.,Paquet C.,2,2,hc,-5.50,away,ft,1.657,4
C2j8119I,Avanesyan E.,Paquet C.,2,2,hc,-6.00,home,ft,2.633,3
C2j8119I,Avanesyan E.,Paquet C.,2,2,hc,-6.00,away,ft,1.467,3
C2j8119I,Avanesyan E.,Paquet C.,2,2,hc,-6.50,home,ft,2.9,3
C2j8119I,Avanesyan E.,Paquet C.,2,2,hc,-6.50,away,ft,1.357,3
x0SSrDKs,Jani R-L.,Paquet C.,0,0,ou,2.50,over,ft,2.46,1
x0SSrDKs,Jani R-L.,Paquet C.,0,0,ou,2.50,under,ft,1.59,1
x0SSrDKs,Jani R-L.,Paquet C.,0,0,ou,18.50,over,ft,1.38,1
x0SSrDKs,Jani R-L.,Paquet C.,0,0,ou,18.50,under,ft,2.8,1
x0SSrDKs,Jani R-L.,Paquet C.,0,0,ou,19.50,over,ft,1.583,3
x0SSrDKs,Jani R-L.,Paquet C.,0,0,ou,19.50,under,ft,2.267,3
x0SSrDKs,Jani R-L.,Paquet C.,0,0,ou,20.00,over,ft,1.68,1
x0SSrDKs,Jani R-L.,Paquet C.,0,0,ou,20.00,under,ft,2.27,1
x0SSrDKs,Jani R-L.,Paquet C.,0,0,ou,20.50,over,ft,1.755,4
x0SSrDKs,Jani R-L.,Paquet C.,0,0,ou,20.50,under,ft,2.032,4
x0SSrDKs,Jani R-L.,Paquet C.,0,0,ou,21.00,over,ft,1.86,3
x0SSrDKs,Jani R-L.,Paquet C.,0,0,ou,21.00,under,ft,1.94,3
x0SSrDKs,Jani R-L.,Paquet C.,0,0,ou,21.50,over,ft,1.975,4
x0SSrDKs,Jani R-L.,Paquet C.,0,0,ou,21.50,under,ft,1.855,4
x0SSrDKs,Jani R-L.,Paquet C.,0,0,ou,22.00,over,ft,2.093,3
x0SSrDKs,Jani R-L.,Paquet C.,0,0,ou,22.00,under,ft,1.74,3
x0SSrDKs,Jani R-L.,Paquet C.,0,0,ou,22.50,over,ft,2.185,4
x0SSrDKs,Jani R-L.,Paquet C.,0,0,ou,22.50,under,ft,1.65,4
x0SSrDKs,Jani R-L.,Paquet C.,0,0,ou,23.50,over,ft,2.463,3
x0SSrDKs,Jani R-L.,Paquet C.,0,0,ou,23.50,under,ft,1.467,3
x0SSrDKs,Jani R-L.,Paquet C.,0,0,ou,24.50,over,ft,2.647,3
x0SSrDKs,Jani R-L.,Paquet C.,0,0,ou,24.50,under,ft,1.407,3
x0SSrDKs,Jani R-L.,Paquet C.,0,0,ou,25.50,over,ft,2.85,1
x0SSrDKs,Jani R-L.,Paquet C.,0,0,ou,25.50,under,ft,1.37,1
x0SSrDKs,Jani R-L.,Paquet C.,0,0,hc,1.00,home,ft,1.88,2
x0SSrDKs,Jani R-L.,Paquet C.,0,0,hc,1.00,away,ft,1.78,2
x0SSrDKs,Jani R-L.,Paquet C.,0,0,hc,1.50,home,ft,1.567,3
x0SSrDKs,Jani R-L.,Paquet C.,0,0,hc,1.50,away,ft,2.3,3
x0SSrDKs,Jani R-L.,Paquet C.,0,0,hc,-1.50,home,ft,4.353,3
x0SSrDKs,Jani R-L.,Paquet C.,0,0,hc,-1.50,away,ft,1.183,3
x0SSrDKs,Jani R-L.,Paquet C.,0,0,hc,0.50,home,ft,2.3,1
x0SSrDKs,Jani R-L.,Paquet C.,0,0,hc,0.50,away,ft,1.55,1
x0SSrDKs,Jani R-L.,Paquet C.,0,0,hc,-0.50,home,ft,2.5,1
x0SSrDKs,Jani R-L.,Paquet C.,0,0,hc,-0.50,away,ft,1.47,1
x0SSrDKs,Jani R-L.,Paquet C.,0,0,hc,1.50,home,ft,2.145,4
x0SSrDKs,Jani R-L.,Paquet C.,0,0,hc,1.50,away,ft,1.657,4
x0SSrDKs,Jani R-L.,Paquet C.,0,0,hc,-1.50,home,ft,2.7,1
x0SSrDKs,Jani R-L.,Paquet C.,0,0,hc,-1.50,away,ft,1.4,1
x0SSrDKs,Jani R-L.,Paquet C.,0,0,hc,2.00,home,ft,2.11,3
x0SSrDKs,Jani R-L.,Paquet C.,0,0,hc,2.00,away,ft,1.707,3
x0SSrDKs,Jani R-L.,Paquet C.,0,0,hc,2.50,home,ft,2.002,4
x0SSrDKs,Jani R-L.,Paquet C.,0,0,hc,2.50,away,ft,1.77,4
x0SSrDKs,Jani R-L.,Paquet C.,0,0,hc,-2.50,home,ft,2.9,1
x0SSrDKs,Jani R-L.,Paquet C.,0,0,hc,-2.50,away,ft,1.35,1
x0SSrDKs,Jani R-L.,Paquet C.,0,0,hc,3.00,home,ft,1.91,3
x0SSrDKs,Jani R-L.,Paquet C.,0,0,hc,3.00,away,ft,1.89,3
x0SSrDKs,Jani R-L.,Paquet C.,0,0,hc,3.50,home,ft,1.893,4
x0SSrDKs,Jani R-L.,Paquet C.,0,0,hc,3.50,away,ft,1.938,4
x0SSrDKs,Jani R-L.,Paquet C.,0,0,hc,4.00,home,ft,1.66,3
x0SSrDKs,Jani R-L.,Paquet C.,0,0,hc,4.00,away,ft,2.21,3
x0SSrDKs,Jani R-L.,Paquet C.,0,0,hc,4.50,home,ft,1.56,4
x0SSrDKs,Jani R-L.,Paquet C.,0,0,hc,4.50,away,ft,2.36,4
x0SSrDKs,Jani R-L.,Paquet C.,0,0,hc,5.00,home,ft,1.4,2
x0SSrDKs,Jani R-L.,Paquet C.,0,0,hc,5.00,away,ft,2.78,2
x0SSrDKs,Jani R-L.,Paquet C.,0,0,hc,5.50,home,ft,1.35,3
x0SSrDKs,Jani R-L.,Paquet C.,0,0,hc,5.50,away,ft,2.95,3
MD39h06K,Parry D.,Ferro F.,2,2,ou,2.50,over,ft,2.46,1
MD39h06K,Parry D.,Ferro F.,2,2,ou,2.50,under,ft,1.59,1
MD39h06K,Parry D.,Ferro F.,2,2,ou,18.50,over,ft,1.35,1
MD39h06K,Parry D.,Ferro F.,2,2,ou,18.50,under,ft,2.9,1
MD39h06K,Parry D.,Ferro F.,2,2,ou,19.50,over,ft,1.58,3
MD39h06K,Parry D.,Ferro F.,2,2,ou,19.50,under,ft,2.287,3
MD39h06K,Parry D.,Ferro F.,2,2,ou,20.00,over,ft,1.71,2
MD39h06K,Parry D.,Ferro F.,2,2,ou,20.00,under,ft,2.1,2
MD39h06K,Parry D.,Ferro F.,2,2,ou,20.50,over,ft,1.775,4
MD39h06K,Parry D.,Ferro F.,2,2,ou,20.50,under,ft,2.025,4
MD39h06K,Parry D.,Ferro F.,2,2,ou,21.00,over,ft,1.887,3
MD39h06K,Parry D.,Ferro F.,2,2,ou,21.00,under,ft,1.913,3
MD39h06K,Parry D.,Ferro F.,2,2,ou,21.50,over,ft,1.887,4
MD39h06K,Parry D.,Ferro F.,2,2,ou,21.50,under,ft,1.938,4
MD39h06K,Parry D.,Ferro F.,2,2,ou,22.00,over,ft,2.06,1
MD39h06K,Parry D.,Ferro F.,2,2,ou,22.00,under,ft,1.81,1
MD39h06K,Parry D.,Ferro F.,2,2,ou,22.50,over,ft,2.14,4
MD39h06K,Parry D.,Ferro F.,2,2,ou,22.50,under,ft,1.643,4
MD39h06K,Parry D.,Ferro F.,2,2,ou,23.50,over,ft,2.373,3
MD39h06K,Parry D.,Ferro F.,2,2,ou,23.50,under,ft,1.497,3
MD39h06K,Parry D.,Ferro F.,2,2,ou,24.50,over,ft,2.537,3
MD39h06K,Parry D.,Ferro F.,2,2,ou,24.50,under,ft,1.44,3
MD39h06K,Parry D.,Ferro F.,2,2,ou,25.50,over,ft,2.7,1
MD39h06K,Parry D.,Ferro F.,2,2,ou,25.50,under,ft,1.4,1
MD39h06K,Parry D.,Ferro F.,2,2,hc,-1.00,home,ft,2.06,2
MD39h06K,Parry D.,Ferro F.,2,2,hc,-1.00,away,ft,1.65,2
MD39h06K,Parry D.,Ferro F.,2,2,hc,1.50,home,ft,1.28,3
MD39h06K,Parry D.,Ferro F.,2,2,hc,1.50,away,ft,3.41,3
MD39h06K,Parry D.,Ferro F.,2,2,hc,-1.50,home,ft,2.623,3
MD39h06K,Parry D.,Ferro F.,2,2,hc,-1.50,away,ft,1.443,3
MD39h06K,Parry D.,Ferro F.,2,2,hc,0,home,ft,1.66,2
MD39h06K,Parry D.,Ferro F.,2,2,hc,0,away,ft,2.04,2
MD39h06K,Parry D.,Ferro F.,2,2,hc,0.50,home,ft,1.63,3
MD39h06K,Parry D.,Ferro F.,2,2,hc,0.50,away,ft,2.1,3
MD39h06K,Parry D.,Ferro F.,2,2,hc,-0.50,home,ft,1.738,4
MD39h06K,Parry D.,Ferro F.,2,2,hc,-0.50,away,ft,2.0,4
MD39h06K,Parry D.,Ferro F.,2,2,hc,1.00,home,ft,1.58,2
MD39h06K,Parry D.,Ferro F.,2,2,hc,1.00,away,ft,2.17,2
MD39h06K,Parry D.,Ferro F.,2,2,hc,-1.00,home,ft,1.783,3
MD39h06K,Parry D.,Ferro F.,2,2,hc,-1.00,away,ft,1.953,3
MD39h06K,Parry D.,Ferro F.,2,2,hc,1.50,home,ft,1.543,3
MD39h06K,Parry D.,Ferro F.,2,2,hc,1.50,away,ft,2.263,3
MD39h06K,Parry D.,Ferro F.,2,2,hc,-1.50,home,ft,1.907,4
MD39h06K,Parry D.,Ferro F.,2,2,hc,-1.50,away,ft,1.915,4
MD39h06K,Parry D.,Ferro F.,2,2,hc,-2.00,home,ft,1.9,3
MD39h06K,Parry D.,Ferro F.,2,2,hc,-2.00,away,ft,1.827,3
MD39h06K,Parry D.,Ferro F.,2,2,hc,2.50,home,ft,1.473,3
MD39h06K,Parry D.,Ferro F.,2,2,hc,2.50,away,ft,2.423,3
MD39h06K,Parry D.,Ferro F.,2,2,hc,-2.50,home,ft,1.982,4
MD39h06K,Parry D.,Ferro F.,2,2,hc,-2.50,away,ft,1.755,4
MD39h06K,Parry D.,Ferro F.,2,2,hc,-3.00,home,ft,2.097,3
MD39h06K,Parry D.,Ferro F.,2,2,hc,-3.00,away,ft,1.673,3
MD39h06K,Parry D.,Ferro F.,2,2,hc,-3.50,home,ft,2.177,3
MD39h06K,Parry D.,Ferro F.,2,2,hc,-3.50,away,ft,1.59,3
MD39h06K,Parry D.,Ferro F.,2,2,hc,-4.00,home,ft,2.12,2
MD39h06K,Parry D.,Ferro F.,2,2,hc,-4.00,away,ft,1.61,2
MD39h06K,Parry D.,Ferro F.,2,2,hc,-4.50,home,ft,2.447,3
MD39h06K,Parry D.,Ferro F.,2,2,hc,-4.50,away,ft,1.48,3
MD39h06K,Parry D.,Ferro F.,2,2,hc,-5.00,home,ft,2.59,2
MD39h06K,Parry D.,Ferro F.,2,2,hc,-5.00,away,ft,1.41,2
MD39h06K,Parry D.,Ferro F.,2,2,hc,-5.50,home,ft,2.83,2
MD39h06K,Parry D.,Ferro F.,2,2,hc,-5.50,away,ft,1.35,2
CIMy5Hgr,Naef C.,Cocciaretto E.,1,1,ou,2.50,over,ft,2.75,1
CIMy5Hgr,Naef C.,Cocciaretto E.,1,1,ou,2.50,under,ft,1.5,1
CIMy5Hgr,Naef C.,Cocciaretto E.,1,1,ou,18.50,over,ft,1.45,1
CIMy5Hgr,Naef C.,Cocciaretto E.,1,1,ou,18.50,under,ft,2.55,1
CIMy5Hgr,Naef C.,Cocciaretto E.,1,1,ou,19.50,over,ft,1.68,4
CIMy5Hgr,Naef C.,Cocciaretto E.,1,1,ou,19.50,under,ft,2.143,4
CIMy5Hgr,Naef C.,Cocciaretto E.,1,1,ou,20.00,over,ft,1.783,3
CIMy5Hgr,Naef C.,Cocciaretto E.,1,1,ou,20.00,under,ft,2.02,3
CIMy5Hgr,Naef C.,Cocciaretto E.,1,1,ou,20.50,over,ft,1.92,4
CIMy5Hgr,Naef C.,Cocciaretto E.,1,1,ou,20.50,under,ft,1.902,4
CIMy5Hgr,Naef C.,Cocciaretto E.,1,1,ou,21.00,over,ft,2.013,3
CIMy5Hgr,Naef C.,Cocciaretto E.,1,1,ou,21.00,under,ft,1.79,3
CIMy5Hgr,Naef C.,Cocciaretto E.,1,1,ou,21.50,over,ft,2.095,4
CIMy5Hgr,Naef C.,Cocciaretto E.,1,1,ou,21.50,under,ft,1.702,4
CIMy5Hgr,Naef C.,Cocciaretto E.,1,1,ou,22.50,over,ft,2.35,1
CIMy5Hgr,Naef C.,Cocciaretto E.,1,1,ou,22.50,under,ft,1.52,1
CIMy5Hgr,Naef C.,Cocciaretto E.,1,1,ou,23.50,over,ft,2.55,1
CIMy5Hgr,Naef C.,Cocciaretto E.,1,1,ou,23.50,under,ft,1.45,1
CIMy5Hgr,Naef C.,Cocciaretto E.,1,1,ou,24.50,over,ft,2.7,1
CIMy5Hgr,Naef C.,Cocciaretto E.,1,1,ou,24.50,under,ft,1.4,1
CIMy5Hgr,Naef C.,Cocciaretto E.,1,1,ou,25.50,over,ft,3.0,1
CIMy5Hgr,Naef C.,Cocciaretto E.,1,1,ou,25.50,under,ft,1.33,1
CIMy5Hgr,Naef C.,Cocciaretto E.,1,1,hc,0,home,ft,3.17,1
CIMy5Hgr,Naef C.,Cocciaretto E.,1,1,hc,0,away,ft,1.3,1
CIMy5Hgr,Naef C.,Cocciaretto E.,1,1,hc,1.00,home,ft,2.71,2
CIMy5Hgr,Naef C.,Cocciaretto E.,1,1,hc,1.00,away,ft,1.45,2
CIMy5Hgr,Naef C.,Cocciaretto E.,1,1,hc,1.50,home,ft,1.947,3
CIMy5Hgr,Naef C.,Cocciaretto E.,1,1,hc,1.50,away,ft,1.863,3
CIMy5Hgr,Naef C.,Cocciaretto E.,1,1,hc,-1.50,home,ft,6.8,1
CIMy5Hgr,Naef C.,Cocciaretto E.,1,1,hc,-1.50,away,ft,1.12,1
CIMy5Hgr,Naef C.,Cocciaretto E.,1,1,hc,0.50,home,ft,3.2,1
CIMy5Hgr,Naef C.,Cocciaretto E.,1,1,hc,0.50,away,ft,1.3,1
CIMy5Hgr,Naef C.,Cocciaretto E.,1,1,hc,-0.50,home,ft,3.55,1
CIMy5Hgr,Naef C.,Cocciaretto E.,1,1,hc,-0.50,away,ft,1.25,1
CIMy5Hgr,Naef C.,Cocciaretto E.,1,1,hc,1.50,home,ft,2.9,1
CIMy5Hgr,Naef C.,Cocciaretto E.,1,1,hc,1.50,away,ft,1.35,1
CIMy5Hgr,Naef C.,Cocciaretto E.,1,1,hc,2.50,home,ft,2.617,3
CIMy5Hgr,Naef C.,Cocciaretto E.,1,1,hc,2.50,away,ft,1.437,3
CIMy5Hgr,Naef C.,Cocciaretto E.,1,1,hc,3.00,home,ft,2.433,3
CIMy5Hgr,Naef C.,Cocciaretto E.,1,1,hc,3.00,away,ft,1.537,3
CIMy5Hgr,Naef C.,Cocciaretto E.,1,1,hc,3.50,home,ft,2.285,4
CIMy5Hgr,Naef C.,Cocciaretto E.,1,1,hc,3.50,away,ft,1.6,4
CIMy5Hgr,Naef C.,Cocciaretto E.,1,1,hc,4.00,home,ft,2.103,3
CIMy5Hgr,Naef C.,Cocciaretto E.,1,1,hc,4.00,away,ft,1.73,3
CIMy5Hgr,Naef C.,Cocciaretto E.,1,1,hc,4.50,home,ft,1.907,4
CIMy5Hgr,Naef C.,Cocciaretto E.,1,1,hc,4.50,away,ft,1.912,4
CIMy5Hgr,Naef C.,Cocciaretto E.,1,1,hc,5.00,home,ft,1.707,3
CIMy5Hgr,Naef C.,Cocciaretto E.,1,1,hc,5.00,away,ft,2.143,3
CIMy5Hgr,Naef C.,Cocciaretto E.,1,1,hc,5.50,home,ft,1.558,4
CIMy5Hgr,Naef C.,Cocciaretto E.,1,1,hc,5.50,away,ft,2.373,4
CIMy5Hgr,Naef C.,Cocciaretto E.,1,1,hc,6.00,home,ft,1.38,2
CIMy5Hgr,Naef C.,Cocciaretto E.,1,1,hc,6.00,away,ft,2.86,2
CIMy5Hgr,Naef C.,Cocciaretto E.,1,1,hc,6.50,home,ft,1.307,3
CIMy5Hgr,Naef C.,Cocciaretto E.,1,1,hc,6.50,away,ft,3.173,3
6y6vPxoE,Danilovic O.,Burel C.,0,0,ou,2.50,over,ft,2.42,1
6y6vPxoE,Danilovic O.,Burel C.,0,0,ou,2.50,under,ft,1.61,1
6y6vPxoE,Danilovic O.,Burel C.,0,0,ou,19.50,over,ft,1.5,1
6y6vPxoE,Danilovic O.,Burel C.,0,0,ou,19.50,under,ft,2.4,1
6y6vPxoE,Danilovic O.,Burel C.,0,0,ou,20.50,over,ft,1.692,4
6y6vPxoE,Danilovic O.,Burel C.,0,0,ou,20.50,under,ft,2.12,4
6y6vPxoE,Danilovic O.,Burel C.,0,0,ou,21.00,over,ft,1.783,3
6y6vPxoE,Danilovic O.,Burel C.,0,0,ou,21.00,under,ft,2.033,3
6y6vPxoE,Danilovic O.,Burel C.,0,0,ou,21.50,over,ft,1.915,4
6y6vPxoE,Danilovic O.,Burel C.,0,0,ou,21.50,under,ft,1.905,4
6y6vPxoE,Danilovic O.,Burel C.,0,0,ou,22.00,over,ft,2.0,3
6y6vPxoE,Danilovic O.,Burel C.,0,0,ou,22.00,under,ft,1.81,3
6y6vPxoE,Danilovic O.,Burel C.,0,0,ou,22.50,over,ft,2.12,4
6y6vPxoE,Danilovic O.,Burel C.,0,0,ou,22.50,under,ft,1.692,4
6y6vPxoE,Danilovic O.,Burel C.,0,0,ou,23.50,over,ft,2.3,1
6y6vPxoE,Danilovic O.,Burel C.,0,0,ou,23.50,under,ft,1.55,1
6y6vPxoE,Danilovic O.,Burel C.,0,0,ou,24.50,over,ft,2.45,1
6y6vPxoE,Danilovic O.,Burel C.,0,0,ou,24.50,under,ft,1.48,1
6y6vPxoE,Danilovic O.,Burel C.,0,0,hc,0,home,ft,1.65,1
6y6vPxoE,Danilovic O.,Burel C.,0,0,hc,0,away,ft,2.23,1
6y6vPxoE,Danilovic O.,Burel C.,0,0,hc,-1.00,home,ft,2.02,2
6y6vPxoE,Danilovic O.,Burel C.,0,0,hc,-1.00,away,ft,1.67,2
6y6vPxoE,Danilovic O.,Burel C.,0,0,hc,1.50,home,ft,1.247,3
6y6vPxoE,Danilovic O.,Burel C.,0,0,hc,1.50,away,ft,3.703,3
6y6vPxoE,Danilovic O.,Burel C.,0,0,hc,-1.50,home,ft,2.563,3
6y6vPxoE,Danilovic O.,Burel C.,0,0,hc,-1.50,away,ft,1.47,3
6y6vPxoE,Danilovic O.,Burel C.,0,0,hc,0,home,ft,1.58,2
6y6vPxoE,Danilovic O.,Burel C.,0,0,hc,0,away,ft,2.18,2
6y6vPxoE,Danilovic O.,Burel C.,0,0,hc,0.50,home,ft,1.57,3
6y6vPxoE,Danilovic O.,Burel C.,0,0,hc,0.50,away,ft,2.213,3
6y6vPxoE,Danilovic O.,Burel C.,0,0,hc,-0.50,home,ft,1.663,3
6y6vPxoE,Danilovic O.,Burel C.,0,0,hc,-0.50,away,ft,2.047,3
6y6vPxoE,Danilovic O.,Burel C.,0,0,hc,1.00,home,ft,1.53,2
6y6vPxoE,Danilovic O.,Burel C.,0,0,hc,1.00,away,ft,2.27,2
6y6vPxoE,Danilovic O.,Burel C.,0,0,hc,-1.00,home,ft,1.74,3
6y6vPxoE,Danilovic O.,Burel C.,0,0,hc,-1.00,away,ft,2.003,3
6y6vPxoE,Danilovic O.,Burel C.,0,0,hc,1.50,home,ft,1.467,3
6y6vPxoE,Danilovic O.,Burel C.,0,0,hc,1.50,away,ft,2.443,3
6y6vPxoE,Danilovic O.,Burel C.,0,0,hc,-1.50,home,ft,1.762,4
6y6vPxoE,Danilovic O.,Burel C.,0,0,hc,-1.50,away,ft,1.965,4
6y6vPxoE,Danilovic O.,Burel C.,0,0,hc,-2.00,home,ft,1.84,3
6y6vPxoE,Danilovic O.,Burel C.,0,0,hc,-2.00,away,ft,1.893,3
6y6vPxoE,Danilovic O.,Burel C.,0,0,hc,-2.50,home,ft,1.94,4
6y6vPxoE,Danilovic O.,Burel C.,0,0,hc,-2.50,away,ft,1.888,4
6y6vPxoE,Danilovic O.,Burel C.,0,0,hc,-3.00,home,ft,2.053,3
6y6vPxoE,Danilovic O.,Burel C.,0,0,hc,-3.00,away,ft,1.71,3
6y6vPxoE,Danilovic O.,Burel C.,0,0,hc,-3.50,home,ft,2.165,4
6y6vPxoE,Danilovic O.,Burel C.,0,0,hc,-3.50,away,ft,1.63,4
6y6vPxoE,Danilovic O.,Burel C.,0,0,hc,-4.00,home,ft,2.443,3
6y6vPxoE,Danilovic O.,Burel C.,0,0,hc,-4.00,away,ft,1.51,3
6y6vPxoE,Danilovic O.,Burel C.,0,0,hc,-4.50,home,ft,2.67,2
6y6vPxoE,Danilovic O.,Burel C.,0,0,hc,-4.50,away,ft,1.39,2
27y1mgCQ,Grammatikopoulou V.,Jakupovic D.,0,0,ou,2.50,over,ft,2.44,1
27y1mgCQ,Grammatikopoulou V.,Jakupovic D.,0,0,ou,2.50,under,ft,1.6,1
27y1mgCQ,Grammatikopoulou V.,Jakupovic D.,0,0,ou,19.50,over,ft,1.553,3
27y1mgCQ,Grammatikopoulou V.,Jakupovic D.,0,0,ou,19.50,under,ft,2.317,3
27y1mgCQ,Grammatikopoulou V.,Jakupovic D.,0,0,ou,20.50,over,ft,1.7,4
27y1mgCQ,Grammatikopoulou V.,Jakupovic D.,0,0,ou,20.50,under,ft,2.11,4
27y1mgCQ,Grammatikopoulou V.,Jakupovic D.,0,0,ou,21.00,over,ft,1.787,3
27y1mgCQ,Grammatikopoulou V.,Jakupovic D.,0,0,ou,21.00,under,ft,2.027,3
27y1mgCQ,Grammatikopoulou V.,Jakupovic D.,0,0,ou,21.50,over,ft,1.925,4
27y1mgCQ,Grammatikopoulou V.,Jakupovic D.,0,0,ou,21.50,under,ft,1.895,4
27y1mgCQ,Grammatikopoulou V.,Jakupovic D.,0,0,ou,22.00,over,ft,2.007,3
27y1mgCQ,Grammatikopoulou V.,Jakupovic D.,0,0,ou,22.00,under,ft,1.807,3
27y1mgCQ,Grammatikopoulou V.,Jakupovic D.,0,0,ou,22.50,over,ft,2.13,4
27y1mgCQ,Grammatikopoulou V.,Jakupovic D.,0,0,ou,22.50,under,ft,1.685,4
27y1mgCQ,Grammatikopoulou V.,Jakupovic D.,0,0,ou,23.50,over,ft,2.53,3
27y1mgCQ,Grammatikopoulou V.,Jakupovic D.,0,0,ou,23.50,under,ft,1.447,3
27y1mgCQ,Grammatikopoulou V.,Jakupovic D.,0,0,ou,24.50,over,ft,2.713,3
27y1mgCQ,Grammatikopoulou V.,Jakupovic D.,0,0,ou,24.50,under,ft,1.397,3
27y1mgCQ,Grammatikopoulou V.,Jakupovic D.,0,0,hc,0,home,ft,2.05,1
27y1mgCQ,Grammatikopoulou V.,Jakupovic D.,0,0,hc,0,away,ft,1.79,1
27y1mgCQ,Grammatikopoulou V.,Jakupovic D.,0,0,hc,1.00,home,ft,1.56,2
27y1mgCQ,Grammatikopoulou V.,Jakupovic D.,0,0,hc,1.00,away,ft,2.22,2
27y1mgCQ,Grammatikopoulou V.,Jakupovic D.,0,0,hc,-1.00,home,ft,2.56,2
27y1mgCQ,Grammatikopoulou V.,Jakupovic D.,0,0,hc,-1.00,away,ft,1.42,2
27y1mgCQ,Grammatikopoulou V.,Jakupovic D.,0,0,hc,1.50,home,ft,1.387,3
27y1mgCQ,Grammatikopoulou V.,Jakupovic D.,0,0,hc,1.50,away,ft,2.853,3
27y1mgCQ,Grammatikopoulou V.,Jakupovic D.,0,0,hc,-1.50,home,ft,3.4,3
27y1mgCQ,Grammatikopoulou V.,Jakupovic D.,0,0,hc,-1.50,away,ft,1.283,3
27y1mgCQ,Grammatikopoulou V.,Jakupovic D.,0,0,hc,0,home,ft,2.0,3
27y1mgCQ,Grammatikopoulou V.,Jakupovic D.,0,0,hc,0,away,ft,1.747,3
27y1mgCQ,Grammatikopoulou V.,Jakupovic D.,0,0,hc,0.50,home,ft,1.903,4
27y1mgCQ,Grammatikopoulou V.,Jakupovic D.,0,0,hc,0.50,away,ft,1.82,4
27y1mgCQ,Grammatikopoulou V.,Jakupovic D.,0,0,hc,-0.50,home,ft,2.003,3
27y1mgCQ,Grammatikopoulou V.,Jakupovic D.,0,0,hc,-0.50,away,ft,1.693,3
27y1mgCQ,Grammatikopoulou V.,Jakupovic D.,0,0,hc,1.00,home,ft,1.847,3
27y1mgCQ,Grammatikopoulou V.,Jakupovic D.,0,0,hc,1.00,away,ft,1.887,3
27y1mgCQ,Grammatikopoulou V.,Jakupovic D.,0,0,hc,-1.00,home,ft,2.07,2
27y1mgCQ,Grammatikopoulou V.,Jakupovic D.,0,0,hc,-1.00,away,ft,1.64,2
27y1mgCQ,Grammatikopoulou V.,Jakupovic D.,0,0,hc,1.50,home,ft,1.853,4
27y1mgCQ,Grammatikopoulou V.,Jakupovic D.,0,0,hc,1.50,away,ft,1.975,4
27y1mgCQ,Grammatikopoulou V.,Jakupovic D.,0,0,hc,-1.50,home,ft,2.137,3
27y1mgCQ,Grammatikopoulou V.,Jakupovic D.,0,0,hc,-1.50,away,ft,1.607,3
27y1mgCQ,Grammatikopoulou V.,Jakupovic D.,0,0,hc,2.00,home,ft,1.72,3
27y1mgCQ,Grammatikopoulou V.,Jakupovic D.,0,0,hc,2.00,away,ft,2.037,3
27y1mgCQ,Grammatikopoulou V.,Jakupovic D.,0,0,hc,-2.00,home,ft,2.25,2
27y1mgCQ,Grammatikopoulou V.,Jakupovic D.,0,0,hc,-2.00,away,ft,1.54,2
27y1mgCQ,Grammatikopoulou V.,Jakupovic D.,0,0,hc,2.50,home,ft,1.68,4
27y1mgCQ,Grammatikopoulou V.,Jakupovic D.,0,0,hc,2.50,away,ft,2.075,4
27y1mgCQ,Grammatikopoulou V.,Jakupovic D.,0,0,hc,3.00,home,ft,1.57,2
27y1mgCQ,Grammatikopoulou V.,Jakupovic D.,0,0,hc,3.00,away,ft,2.19,2
27y1mgCQ,Grammatikopoulou V.,Jakupovic D.,0,0,hc,3.50,home,ft,1.48,3
27y1mgCQ,Grammatikopoulou V.,Jakupovic D.,0,0,hc,3.50,away,ft,2.41,3
27y1mgCQ,Grammatikopoulou V.,Jakupovic D.,0,0,hc,4.50,home,ft,1.29,2
27y1mgCQ,Grammatikopoulou V.,Jakupovic D.,0,0,hc,4.50,away,ft,3.15,2
d6Om2Fw1,Sorribes Tormo S.,Bandecchi S.,2,2,ou,2.50,over,ft,4.5,1
d6Om2Fw1,Sorribes Tormo S.,Bandecchi S.,2,2,ou,2.50,under,ft,1.23,1
d6Om2Fw1,Sorribes Tormo S.,Bandecchi S.,2,2,ou,15.50,over,ft,1.25,1
d6Om2Fw1,Sorribes Tormo S.,Bandecchi S.,2,2,ou,15.50,under,ft,3.55,1
d6Om2Fw1,Sorribes Tormo S.,Bandecchi S.,2,2,ou,16.00,over,ft,1.45,1
d6Om2Fw1,Sorribes Tormo S.,Bandecchi S.,2,2,ou,16.00,under,ft,2.86,1
d6Om2Fw1,Sorribes Tormo S.,Bandecchi S.,2,2,ou,16.50,over,ft,1.52,4
d6Om2Fw1,Sorribes Tormo S.,Bandecchi S.,2,2,ou,16.50,under,ft,2.468,4
d6Om2Fw1,Sorribes Tormo S.,Bandecchi S.,2,2,ou,17.00,over,ft,1.653,3
d6Om2Fw1,Sorribes Tormo S.,Bandecchi S.,2,2,ou,17.00,under,ft,2.23,3
d6Om2Fw1,Sorribes Tormo S.,Bandecchi S.,2,2,ou,17.50,over,ft,1.902,4
d6Om2Fw1,Sorribes Tormo S.,Bandecchi S.,2,2,ou,17.50,under,ft,1.917,4
d6Om2Fw1,Sorribes Tormo S.,Bandecchi S.,2,2,ou,18.00,over,ft,2.03,3
d6Om2Fw1,Sorribes Tormo S.,Bandecchi S.,2,2,ou,18.00,under,ft,1.787,3
d6Om2Fw1,Sorribes Tormo S.,Bandecchi S.,2,2,ou,18.50,over,ft,2.21,4
d6Om2Fw1,Sorribes Tormo S.,Bandecchi S.,2,2,ou,18.50,under,ft,1.64,4
d6Om2Fw1,Sorribes Tormo S.,Bandecchi S.,2,2,ou,19.00,over,ft,2.16,2
d6Om2Fw1,Sorribes Tormo S.,Bandecchi S.,2,2,ou,19.00,under,ft,1.67,2
d6Om2Fw1,Sorribes Tormo S.,Bandecchi S.,2,2,ou,19.50,over,ft,2.417,3
d6Om2Fw1,Sorribes Tormo S.,Bandecchi S.,2,2,ou,19.50,under,ft,1.53,3
d6Om2Fw1,Sorribes Tormo S.,Bandecchi S.,2,2,ou,20.50,over,ft,3.0,1
d6Om2Fw1,Sorribes Tormo S.,Bandecchi S.,2,2,ou,20.50,under,ft,1.33,1
d6Om2Fw1,Sorribes Tormo S.,Bandecchi S.,2,2,ou,21.50,over,ft,3.55,1
d6Om2Fw1,Sorribes Tormo S.,Bandecchi S.,2,2,ou,21.50,under,ft,1.25,1
d6Om2Fw1,Sorribes Tormo S.,Bandecchi S.,2,2,ou,22.50,over,ft,4.2,1
d6Om2Fw1,Sorribes Tormo S.,Bandecchi S.,2,2,ou,22.50,under,ft,1.19,1
d6Om2Fw1,Sorribes Tormo S.,Bandecchi S.,2,2,hc,-1.00,home,ft,1.06,2
d6Om2Fw1,Sorribes Tormo S.,Bandecchi S.,2,2,hc,-1.00,away,ft,8.5,2
d6Om2Fw1,Sorribes Tormo S.,Bandecchi S.,2,2,hc,-1.50,home,ft,1.283,3
d6Om2Fw1,Sorribes Tormo S.,Bandecchi S.,2,2,hc,-1.50,away,ft,3.693,3
d6Om2Fw1,Sorribes Tormo S.,Bandecchi S.,2,2,hc,-2.50,home,ft,1.07,1
d6Om2Fw1,Sorribes Tormo S.,Bandecchi S.,2,2,hc,-2.50,away,ft,6.8,1
d6Om2Fw1,Sorribes Tormo S.,Bandecchi S.,2,2,hc,-3.50,home,ft,1.11,1
d6Om2Fw1,Sorribes Tormo S.,Bandecchi S.,2,2,hc,-3.50,away,ft,5.5,1
d6Om2Fw1,Sorribes Tormo S.,Bandecchi S.,2,2,hc,-4.50,home,ft,1.22,3
d6Om2Fw1,Sorribes Tormo S.,Bandecchi S.,2,2,hc,-4.50,away,ft,3.827,3
d6Om2Fw1,Sorribes Tormo S.,Bandecchi S.,2,2,hc,-5.00,home,ft,1.27,2
d6Om2Fw1,Sorribes Tormo S.,Bandecchi S.,2,2,hc,-5.00,away,ft,3.5,2
d6Om2Fw1,Sorribes Tormo S.,Bandecchi S.,2,2,hc,-5.50,home,ft,1.39,3
d6Om2Fw1,Sorribes Tormo S.,Bandecchi S.,2,2,hc,-5.50,away,ft,2.82,3
d6Om2Fw1,Sorribes Tormo S.,Bandecchi S.,2,2,hc,-6.00,home,ft,1.523,3
d6Om2Fw1,Sorribes Tormo S.,Bandecchi S.,2,2,hc,-6.00,away,ft,2.523,3
d6Om2Fw1,Sorribes Tormo S.,Bandecchi S.,2,2,hc,-6.50,home,ft,1.715,4
d6Om2Fw1,Sorribes Tormo S.,Bandecchi S.,2,2,hc,-6.50,away,ft,2.155,4
d6Om2Fw1,Sorribes Tormo S.,Bandecchi S.,2,2,hc,-7.00,home,ft,2.033,3
d6Om2Fw1,Sorribes Tormo S.,Bandecchi S.,2,2,hc,-7.00,away,ft,1.783,3
d6Om2Fw1,Sorribes Tormo S.,Bandecchi S.,2,2,hc,-7.50,home,ft,2.34,4
d6Om2Fw1,Sorribes Tormo S.,Bandecchi S.,2,2,hc,-7.50,away,ft,1.578,4
d6Om2Fw1,Sorribes Tormo S.,Bandecchi S.,2,2,hc,-8.00,home,ft,3.083,3
d6Om2Fw1,Sorribes Tormo S.,Bandecchi S.,2,2,hc,-8.00,away,ft,1.357,3
d6Om2Fw1,Sorribes Tormo S.,Bandecchi S.,2,2,hc,-8.50,home,ft,3.433,4
d6Om2Fw1,Sorribes Tormo S.,Bandecchi S.,2,2,hc,-8.50,away,ft,1.288,4
d6Om2Fw1,Sorribes Tormo S.,Bandecchi S.,2,2,hc,-9.50,home,ft,5.8,1
d6Om2Fw1,Sorribes Tormo S.,Bandecchi S.,2,2,hc,-9.50,away,ft,1.1,1
KOHXsXZm,Duerst J.,Kovinic D.,0,0,ou,2.50,over,ft,3.7,1
KOHXsXZm,Duerst J.,Kovinic D.,0,0,ou,2.50,under,ft,1.3,1
KOHXsXZm,Duerst J.,Kovinic D.,0,0,ou,16.50,over,ft,1.323,3
KOHXsXZm,Duerst J.,Kovinic D.,0,0,ou,16.50,under,ft,3.007,3
KOHXsXZm,Duerst J.,Kovinic D.,0,0,ou,17.00,over,ft,1.61,1
KOHXsXZm,Duerst J.,Kovinic D.,0,0,ou,17.00,under,ft,2.38,1
KOHXsXZm,Duerst J.,Kovinic D.,0,0,ou,17.50,over,ft,1.607,4
KOHXsXZm,Duerst J.,Kovinic D.,0,0,ou,17.50,under,ft,2.272,4
KOHXsXZm,Duerst J.,Kovinic D.,0,0,ou,18.00,over,ft,1.727,3
KOHXsXZm,Duerst J.,Kovinic D.,0,0,ou,18.00,under,ft,2.11,3
KOHXsXZm,Duerst J.,Kovinic D.,0,0,ou,18.50,over,ft,1.95,4
KOHXsXZm,Duerst J.,Kovinic D.,0,0,ou,18.50,under,ft,1.883,4
KOHXsXZm,Duerst J.,Kovinic D.,0,0,ou,19.00,over,ft,2.04,3
KOHXsXZm,Duerst J.,Kovinic D.,0,0,ou,19.00,under,ft,1.773,3
KOHXsXZm,Duerst J.,Kovinic D.,0,0,ou,19.50,over,ft,2.188,4
KOHXsXZm,Duerst J.,Kovinic D.,0,0,ou,19.50,under,ft,1.652,4
KOHXsXZm,Duerst J.,Kovinic D.,0,0,ou,20.50,over,ft,2.63,3
KOHXsXZm,Duerst J.,Kovinic D.,0,0,ou,20.50,under,ft,1.41,3
KOHXsXZm,Duerst J.,Kovinic D.,0,0,ou,21.50,over,ft,2.99,3
KOHXsXZm,Duerst J.,Kovinic D.,0,0,ou,21.50,under,ft,1.33,3
KOHXsXZm,Duerst J.,Kovinic D.,0,0,hc,1.00,home,ft,5.4,2
KOHXsXZm,Duerst J.,Kovinic D.,0,0,hc,1.00,away,ft,1.15,2
KOHXsXZm,Duerst J.,Kovinic D.,0,0,hc,1.50,home,ft,2.893,3
KOHXsXZm,Duerst J.,Kovinic D.,0,0,hc,1.50,away,ft,1.42,3
KOHXsXZm,Duerst J.,Kovinic D.,0,0,hc,3.50,home,ft,3.8,1
KOHXsXZm,Duerst J.,Kovinic D.,0,0,hc,3.50,away,ft,1.22,1
KOHXsXZm,Duerst J.,Kovinic D.,0,0,hc,4.50,home,ft,2.893,3
KOHXsXZm,Duerst J.,Kovinic D.,0,0,hc,4.50,away,ft,1.357,3
KOHXsXZm,Duerst J.,Kovinic D.,0,0,hc,5.00,home,ft,2.683,3
KOHXsXZm,Duerst J.,Kovinic D.,0,0,hc,5.00,away,ft,1.45,3
KOHXsXZm,Duerst J.,Kovinic D.,0,0,hc,5.50,home,ft,2.268,4
KOHXsXZm,Duerst J.,Kovinic D.,0,0,hc,5.50,away,ft,1.61,4
KOHXsXZm,Duerst J.,Kovinic D.,0,0,hc,6.00,home,ft,1.98,3
KOHXsXZm,Duerst J.,Kovinic D.,0,0,hc,6.00,away,ft,1.82,3
KOHXsXZm,Duerst J.,Kovinic D.,0,0,hc,6.50,home,ft,1.857,4
KOHXsXZm,Duerst J.,Kovinic D.,0,0,hc,6.50,away,ft,1.995,4
KOHXsXZm,Duerst J.,Kovinic D.,0,0,hc,7.00,home,ft,1.51,3
KOHXsXZm,Duerst J.,Kovinic D.,0,0,hc,7.00,away,ft,2.557,3
KOHXsXZm,Duerst J.,Kovinic D.,0,0,hc,7.50,home,ft,1.397,4
KOHXsXZm,Duerst J.,Kovinic D.,0,0,hc,7.50,away,ft,2.87,4
KOHXsXZm,Duerst J.,Kovinic D.,0,0,hc,8.00,home,ft,1.21,2
KOHXsXZm,Duerst J.,Kovinic D.,0,0,hc,8.00,away,ft,4.05,2
KOHXsXZm,Duerst J.,Kovinic D.,0,0,hc,8.50,home,ft,1.163,3
KOHXsXZm,Duerst J.,Kovinic D.,0,0,hc,8.50,away,ft,4.5,3
xQqNGEhf,Jeanjean L.,Navarro E.,0,0,ou,2.50,over,ft,3.24,1
xQqNGEhf,Jeanjean L.,Navarro E.,0,0,ou,2.50,under,ft,1.37,1
xQqNGEhf,Jeanjean L.,Navarro E.,0,0,ou,17.50,over,ft,1.533,3
xQqNGEhf,Jeanjean L.,Navarro E.,0,0,ou,17.50,under,ft,2.387,3
xQqNGEhf,Jeanjean L.,Navarro E.,0,0,ou,18.00,over,ft,1.647,3
xQqNGEhf,Jeanjean L.,Navarro E.,0,0,ou,18.00,under,ft,2.24,3
xQqNGEhf,Jeanjean L.,Navarro E.,0,0,ou,18.50,over,ft,1.85,4
xQqNGEhf,Jeanjean L.,Navarro E.,0,0,ou,18.50,under,ft,1.978,4
xQqNGEhf,Jeanjean L.,Navarro E.,0,0,ou,19.00,over,ft,1.943,3
xQqNGEhf,Jeanjean L.,Navarro E.,0,0,ou,19.00,under,ft,1.857,3
xQqNGEhf,Jeanjean L.,Navarro E.,0,0,ou,19.50,over,ft,2.067,4
xQqNGEhf,Jeanjean L.,Navarro E.,0,0,ou,19.50,under,ft,1.725,4
xQqNGEhf,Jeanjean L.,Navarro E.,0,0,ou,20.00,over,ft,2.203,3
xQqNGEhf,Jeanjean L.,Navarro E.,0,0,ou,20.00,under,ft,1.667,3
xQqNGEhf,Jeanjean L.,Navarro E.,0,0,ou,20.50,over,ft,2.277,4
xQqNGEhf,Jeanjean L.,Navarro E.,0,0,ou,20.50,under,ft,1.603,4
xQqNGEhf,Jeanjean L.,Navarro E.,0,0,ou,21.50,over,ft,2.65,1
xQqNGEhf,Jeanjean L.,Navarro E.,0,0,ou,21.50,under,ft,1.43,1
xQqNGEhf,Jeanjean L.,Navarro E.,0,0,ou,22.50,over,ft,3.0,1
xQqNGEhf,Jeanjean L.,Navarro E.,0,0,ou,22.50,under,ft,1.33,1
xQqNGEhf,Jeanjean L.,Navarro E.,0,0,hc,1.00,home,ft,4.6,2
xQqNGEhf,Jeanjean L.,Navarro E.,0,0,hc,1.00,away,ft,1.14,2
xQqNGEhf,Jeanjean L.,Navarro E.,0,0,hc,1.50,home,ft,2.573,3
xQqNGEhf,Jeanjean L.,Navarro E.,0,0,hc,1.50,away,ft,1.46,3
xQqNGEhf,Jeanjean L.,Navarro E.,0,0,hc,-1.50,home,ft,11.403,3
xQqNGEhf,Jeanjean L.,Navarro E.,0,0,hc,-1.50,away,ft,1.04,1
xQqNGEhf,Jeanjean L.,Navarro E.,0,0,hc,2.50,home,ft,4.3,1
xQqNGEhf,Jeanjean L.,Navarro E.,0,0,hc,2.50,away,ft,1.18,1
xQqNGEhf,Jeanjean L.,Navarro E.,0,0,hc,3.50,home,ft,3.357,3
xQqNGEhf,Jeanjean L.,Navarro E.,0,0,hc,3.50,away,ft,1.267,3
xQqNGEhf,Jeanjean L.,Navarro E.,0,0,hc,4.00,home,ft,3.11,2
xQqNGEhf,Jeanjean L.,Navarro E.,0,0,hc,4.00,away,ft,1.3,2
xQqNGEhf,Jeanjean L.,Navarro E.,0,0,hc,4.50,home,ft,2.665,4
xQqNGEhf,Jeanjean L.,Navarro E.,0,0,hc,4.50,away,ft,1.427,4
xQqNGEhf,Jeanjean L.,Navarro E.,0,0,hc,5.00,home,ft,2.443,3
xQqNGEhf,Jeanjean L.,Navarro E.,0,0,hc,5.00,away,ft,1.51,3
xQqNGEhf,Jeanjean L.,Navarro E.,0,0,hc,5.50,home,ft,2.103,4
xQqNGEhf,Jeanjean L.,Navarro E.,0,0,hc,5.50,away,ft,1.69,4
xQqNGEhf,Jeanjean L.,Navarro E.,0,0,hc,6.00,home,ft,1.837,3
xQqNGEhf,Jeanjean L.,Navarro E.,0,0,hc,6.00,away,ft,1.89,3
xQqNGEhf,Jeanjean L.,Navarro E.,0,0,hc,6.50,home,ft,1.708,4
xQqNGEhf,Jeanjean L.,Navarro E.,0,0,hc,6.50,away,ft,2.145,4
xQqNGEhf,Jeanjean L.,Navarro E.,0,0,hc,7.00,home,ft,1.42,3
xQqNGEhf,Jeanjean L.,Navarro E.,0,0,hc,7.00,away,ft,2.717,3
xQqNGEhf,Jeanjean L.,Navarro E.,0,0,hc,7.50,home,ft,1.307,3
xQqNGEhf,Jeanjean L.,Navarro E.,0,0,hc,7.50,away,ft,3.073,3
xQqNGEhf,Jeanjean L.,Navarro E.,0,0,hc,8.50,home,ft,1.1,2
xQqNGEhf,Jeanjean L.,Navarro E.,0,0,hc,8.50,away,ft,5.49,2
pS4rOd0K,Begu I.,Ferro F.,,,ou,2.50,over,ft,2.82,1
pS4rOd0K,Begu I.,Ferro F.,,,ou,2.50,under,ft,1.47,1
pS4rOd0K,Begu I.,Ferro F.,,,ou,18.50,over,ft,1.553,3
pS4rOd0K,Begu I.,Ferro F.,,,ou,18.50,under,ft,2.33,3
pS4rOd0K,Begu I.,Ferro F.,,,ou,19.00,over,ft,1.667,3
pS4rOd0K,Begu I.,Ferro F.,,,ou,19.00,under,ft,2.217,3
pS4rOd0K,Begu I.,Ferro F.,,,ou,19.50,over,ft,1.785,4
pS4rOd0K,Begu I.,Ferro F.,,,ou,19.50,under,ft,2.018,4
pS4rOd0K,Begu I.,Ferro F.,,,ou,20.00,over,ft,1.903,3
pS4rOd0K,Begu I.,Ferro F.,,,ou,20.00,under,ft,1.897,3
pS4rOd0K,Begu I.,Ferro F.,,,ou,20.50,over,ft,2.01,4
pS4rOd0K,Begu I.,Ferro F.,,,ou,20.50,under,ft,1.788,4
pS4rOd0K,Begu I.,Ferro F.,,,ou,21.00,over,ft,2.143,3
pS4rOd0K,Begu I.,Ferro F.,,,ou,21.00,under,ft,1.707,3
pS4rOd0K,Begu I.,Ferro F.,,,ou,21.50,over,ft,2.213,3
pS4rOd0K,Begu I.,Ferro F.,,,ou,21.50,under,ft,1.613,3
pS4rOd0K,Begu I.,Ferro F.,,,hc,-1.00,home,ft,1.43,2
pS4rOd0K,Begu I.,Ferro F.,,,hc,-1.00,away,ft,2.78,2
pS4rOd0K,Begu I.,Ferro F.,,,hc,1.50,home,ft,1.057,3
pS4rOd0K,Begu I.,Ferro F.,,,hc,1.50,away,ft,7.707,3
pS4rOd0K,Begu I.,Ferro F.,,,hc,-1.50,home,ft,1.793,3
pS4rOd0K,Begu I.,Ferro F.,,,hc,-1.50,away,ft,2.03,3
pS4rOd0K,Begu I.,Ferro F.,,,hc,-2.50,home,ft,1.28,2
pS4rOd0K,Begu I.,Ferro F.,,,hc,-2.50,away,ft,3.22,2
pS4rOd0K,Begu I.,Ferro F.,,,hc,-3.50,home,ft,1.513,3
pS4rOd0K,Begu I.,Ferro F.,,,hc,-3.50,away,ft,2.423,3
pS4rOd0K,Begu I.,Ferro F.,,,hc,-4.00,home,ft,1.627,3
pS4rOd0K,Begu I.,Ferro F.,,,hc,-4.00,away,ft,2.28,3
pS4rOd0K,Begu I.,Ferro F.,,,hc,-4.50,home,ft,1.775,4
pS4rOd0K,Begu I.,Ferro F.,,,hc,-4.50,away,ft,2.055,4
pS4rOd0K,Begu I.,Ferro F.,,,hc,-5.00,home,ft,1.967,3
pS4rOd0K,Begu I.,Ferro F.,,,hc,-5.00,away,ft,1.833,3
pS4rOd0K,Begu I.,Ferro F.,,,hc,-5.50,home,ft,2.16,4
pS4rOd0K,Begu I.,Ferro F.,,,hc,-5.50,away,ft,1.667,4
pS4rOd0K,Begu I.,Ferro F.,,,hc,-6.00,home,ft,2.533,3
pS4rOd0K,Begu I.,Ferro F.,,,hc,-6.00,away,ft,1.52,3
pS4rOd0K,Begu I.,Ferro F.,,,hc,-6.50,home,ft,2.783,3
pS4rOd0K,Begu I.,Ferro F.,,,hc,-6.50,away,ft,1.39,3
ILCd0g8D,Teichmann J.,Andreeva E.,2,2,ou,2.50,over,ft,2.54,1
ILCd0g8D,Teichmann J.,Andreeva E.,2,2,ou,2.50,under,ft,1.55,1
ILCd0g8D,Teichmann J.,Andreeva E.,2,2,ou,19.50,over,ft,1.6,3
ILCd0g8D,Teichmann J.,Andreeva E.,2,2,ou,19.50,under,ft,2.26,3
ILCd0g8D,Teichmann J.,Andreeva E.,2,2,ou,20.00,over,ft,1.693,3
ILCd0g8D,Teichmann J.,Andreeva E.,2,2,ou,20.00,under,ft,2.157,3
ILCd0g8D,Teichmann J.,Andreeva E.,2,2,ou,20.50,over,ft,1.805,4
ILCd0g8D,Teichmann J.,Andreeva E.,2,2,ou,20.50,under,ft,2.0,4
ILCd0g8D,Teichmann J.,Andreeva E.,2,2,ou,21.00,over,ft,1.903,3
ILCd0g8D,Teichmann J.,Andreeva E.,2,2,ou,21.00,under,ft,1.897,3
ILCd0g8D,Teichmann J.,Andreeva E.,2,2,ou,21.50,over,ft,1.99,4
ILCd0g8D,Teichmann J.,Andreeva E.,2,2,ou,21.50,under,ft,1.818,4
ILCd0g8D,Teichmann J.,Andreeva E.,2,2,ou,22.00,over,ft,2.143,3
ILCd0g8D,Teichmann J.,Andreeva E.,2,2,ou,22.00,under,ft,1.703,3
ILCd0g8D,Teichmann J.,Andreeva E.,2,2,ou,22.50,over,ft,2.237,3
ILCd0g8D,Teichmann J.,Andreeva E.,2,2,ou,22.50,under,ft,1.613,3
ILCd0g8D,Teichmann J.,Andreeva E.,2,2,ou,23.50,over,ft,2.77,1
ILCd0g8D,Teichmann J.,Andreeva E.,2,2,ou,23.50,under,ft,1.37,1
ILCd0g8D,Teichmann J.,Andreeva E.,2,2,hc,0,home,ft,1.4,1
ILCd0g8D,Teichmann J.,Andreeva E.,2,2,hc,0,away,ft,2.78,1
ILCd0g8D,Teichmann J.,Andreeva E.,2,2,hc,-1.00,home,ft,1.535,2
ILCd0g8D,Teichmann J.,Andreeva E.,2,2,hc,-1.00,away,ft,2.27,2
ILCd0g8D,Teichmann J.,Andreeva E.,2,2,hc,1.50,home,ft,1.157,3
ILCd0g8D,Teichmann J.,Andreeva E.,2,2,hc,1.50,away,ft,4.837,3
ILCd0g8D,Teichmann J.,Andreeva E.,2,2,hc,-1.50,home,ft,2.023,3
ILCd0g8D,Teichmann J.,Andreeva E.,2,2,hc,-1.50,away,ft,1.71,3
ILCd0g8D,Teichmann J.,Andreeva E.,2,2,hc,0,home,ft,1.37,1
ILCd0g8D,Teichmann J.,Andreeva E.,2,2,hc,0,away,ft,2.77,1
ILCd0g8D,Teichmann J.,Andreeva E.,2,2,hc,-1.50,home,ft,1.44,3
ILCd0g8D,Teichmann J.,Andreeva E.,2,2,hc,-1.50,away,ft,2.58,3
ILCd0g8D,Teichmann J.,Andreeva E.,2,2,hc,-2.00,home,ft,1.49,2
ILCd0g8D,Teichmann J.,Andreeva E.,2,2,hc,-2.00,away,ft,2.48,2
ILCd0g8D,Teichmann J.,Andreeva E.,2,2,hc,-2.50,home,ft,1.573,4
ILCd0g8D,Teichmann J.,Andreeva E.,2,2,hc,-2.50,away,ft,2.32,4
ILCd0g8D,Teichmann J.,Andreeva E.,2,2,hc,-3.00,home,ft,1.643,3
ILCd0g8D,Teichmann J.,Andreeva E.,2,2,hc,-3.00,away,ft,2.2,3
ILCd0g8D,Teichmann J.,Andreeva E.,2,2,hc,-3.50,home,ft,1.778,4
ILCd0g8D,Teichmann J.,Andreeva E.,2,2,hc,-3.50,away,ft,2.02,4
ILCd0g8D,Teichmann J.,Andreeva E.,2,2,hc,-4.00,home,ft,1.907,3
ILCd0g8D,Teichmann J.,Andreeva E.,2,2,hc,-4.00,away,ft,1.86,3
ILCd0g8D,Teichmann J.,Andreeva E.,2,2,hc,-4.50,home,ft,2.08,4
ILCd0g8D,Teichmann J.,Andreeva E.,2,2,hc,-4.50,away,ft,1.71,4
ILCd0g8D,Teichmann J.,Andreeva E.,2,2,hc,-5.00,home,ft,2.4,3
ILCd0g8D,Teichmann J.,Andreeva E.,2,2,hc,-5.00,away,ft,1.553,3
ILCd0g8D,Teichmann J.,Andreeva E.,2,2,hc,-5.50,home,ft,2.6,3
ILCd0g8D,Teichmann J.,Andreeva E.,2,2,hc,-5.50,away,ft,1.44,3
ILCd0g8D,Teichmann J.,Andreeva E.,2,2,hc,-6.50,home,ft,3.65,1
ILCd0g8D,Teichmann J.,Andreeva E.,2,2,hc,-6.50,away,ft,1.24,1
rN45gtiE,Andreeva M.,Yastremska D.,2,2,ou,2.50,over,ft,2.77,1
rN45gtiE,Andreeva M.,Yastremska D.,2,2,ou,2.50,under,ft,1.47,1
rN45gtiE,Andreeva M.,Yastremska D.,2,2,ou,17.50,over,ft,1.3,1
rN45gtiE,Andreeva M.,Yastremska D.,2,2,ou,17.50,under,ft,3.2,1
rN45gtiE,Andreeva M.,Yastremska D.,2,2,ou,18.50,over,ft,1.48,1
rN45gtiE,Andreeva M.,Yastremska D.,2,2,ou,18.50,under,ft,2.45,1
rN45gtiE,Andreeva M.,Yastremska D.,2,2,ou,19.00,over,ft,1.61,1
rN45gtiE,Andreeva M.,Yastremska D.,2,2,ou,19.00,under,ft,2.38,1
rN45gtiE,Andreeva M.,Yastremska D.,2,2,ou,19.50,over,ft,1.685,4
rN45gtiE,Andreeva M.,Yastremska D.,2,2,ou,19.50,under,ft,2.07,4
rN45gtiE,Andreeva M.,Yastremska D.,2,2,ou,20.00,over,ft,1.827,3
rN45gtiE,Andreeva M.,Yastremska D.,2,2,ou,20.00,under,ft,1.967,3
rN45gtiE,Andreeva M.,Yastremska D.,2,2,ou,20.50,over,ft,1.942,4
rN45gtiE,Andreeva M.,Yastremska D.,2,2,ou,20.50,under,ft,1.805,4
rN45gtiE,Andreeva M.,Yastremska D.,2,2,ou,21.00,over,ft,2.063,3
rN45gtiE,Andreeva M.,Yastremska D.,2,2,ou,21.00,under,ft,1.753,3
rN45gtiE,Andreeva M.,Yastremska D.,2,2,ou,21.50,over,ft,2.16,4
rN45gtiE,Andreeva M.,Yastremska D.,2,2,ou,21.50,under,ft,1.627,4
rN45gtiE,Andreeva M.,Yastremska D.,2,2,ou,22.50,over,ft,2.497,3
rN45gtiE,Andreeva M.,Yastremska D.,2,2,ou,22.50,under,ft,1.453,3
rN45gtiE,Andreeva M.,Yastremska D.,2,2,ou,23.50,over,ft,2.787,3
rN45gtiE,Andreeva M.,Yastremska D.,2,2,ou,23.50,under,ft,1.367,3
rN45gtiE,Andreeva M.,Yastremska D.,2,2,ou,24.50,over,ft,2.85,1
rN45gtiE,Andreeva M.,Yastremska D.,2,2,ou,24.50,under,ft,1.37,1
rN45gtiE,Andreeva M.,Yastremska D.,2,2,ou,25.50,over,ft,3.2,1
rN45gtiE,Andreeva M.,Yastremska D.,2,2,ou,25.50,under,ft,1.3,1
rN45gtiE,Andreeva M.,Yastremska D.,2,2,hc,0,home,ft,1.2,1
rN45gtiE,Andreeva M.,Yastremska D.,2,2,hc,0,away,ft,3.77,1
rN45gtiE,Andreeva M.,Yastremska D.,2,2,hc,-1.00,home,ft,1.37,2
rN45gtiE,Andreeva M.,Yastremska D.,2,2,hc,-1.00,away,ft,2.77,2
rN45gtiE,Andreeva M.,Yastremska D.,2,2,hc,1.50,home,ft,1.053,3
rN45gtiE,Andreeva M.,Yastremska D.,2,2,hc,1.50,away,ft,8.06,3
rN45gtiE,Andreeva M.,Yastremska D.,2,2,hc,-1.50,home,ft,1.733,3
rN45gtiE,Andreeva M.,Yastremska D.,2,2,hc,-1.50,away,ft,2.017,3
rN45gtiE,Andreeva M.,Yastremska D.,2,2,hc,0.50,home,ft,1.19,1
rN45gtiE,Andreeva M.,Yastremska D.,2,2,hc,0.50,away,ft,4.2,1
rN45gtiE,Andreeva M.,Yastremska D.,2,2,hc,-0.50,home,ft,1.23,1
rN45gtiE,Andreeva M.,Yastremska D.,2,2,hc,-0.50,away,ft,3.7,1
rN45gtiE,Andreeva M.,Yastremska D.,2,2,hc,-1.50,home,ft,1.287,3
rN45gtiE,Andreeva M.,Yastremska D.,2,2,hc,-1.50,away,ft,3.213,3
rN45gtiE,Andreeva M.,Yastremska D.,2,2,hc,-2.50,home,ft,1.297,3
rN45gtiE,Andreeva M.,Yastremska D.,2,2,hc,-2.50,away,ft,3.14,3
rN45gtiE,Andreeva M.,Yastremska D.,2,2,hc,-3.50,home,ft,1.46,4
rN45gtiE,Andreeva M.,Yastremska D.,2,2,hc,-3.50,away,ft,2.565,4
rN45gtiE,Andreeva M.,Yastremska D.,2,2,hc,-4.00,home,ft,1.61,3
rN45gtiE,Andreeva M.,Yastremska D.,2,2,hc,-4.00,away,ft,2.2,3
rN45gtiE,Andreeva M.,Yastremska D.,2,2,hc,-4.50,home,ft,1.778,4
rN45gtiE,Andreeva M.,Yastremska D.,2,2,hc,-4.50,away,ft,1.975,4
rN45gtiE,Andreeva M.,Yastremska D.,2,2,hc,-5.00,home,ft,1.98,3
rN45gtiE,Andreeva M.,Yastremska D.,2,2,hc,-5.00,away,ft,1.753,3
rN45gtiE,Andreeva M.,Yastremska D.,2,2,hc,-5.50,home,ft,2.213,4
rN45gtiE,Andreeva M.,Yastremska D.,2,2,hc,-5.50,away,ft,1.605,4
rN45gtiE,Andreeva M.,Yastremska D.,2,2,hc,-6.00,home,ft,2.81,1
rN45gtiE,Andreeva M.,Yastremska D.,2,2,hc,-6.00,away,ft,1.46,1
rN45gtiE,Andreeva M.,Yastremska D.,2,2,hc,-6.50,home,ft,3.1,3
rN45gtiE,Andreeva M.,Yastremska D.,2,2,hc,-6.50,away,ft,1.303,3
vVDh1Zh7,Riera J.,Tig P. M.,2,2,ou,2.50,over,ft,3.37,1
vVDh1Zh7,Riera J.,Tig P. M.,2,2,ou,2.50,under,ft,1.35,1
vVDh1Zh7,Riera J.,Tig P. M.,2,2,ou,16.50,over,ft,1.3,1
vVDh1Zh7,Riera J.,Tig P. M.,2,2,ou,16.50,under,ft,3.2,1
vVDh1Zh7,Riera J.,Tig P. M.,2,2,ou,17.50,over,ft,1.49,4
vVDh1Zh7,Riera J.,Tig P. M.,2,2,ou,17.50,under,ft,2.482,4
vVDh1Zh7,Riera J.,Tig P. M.,2,2,ou,18.00,over,ft,1.65,3
vVDh1Zh7,Riera J.,Tig P. M.,2,2,ou,18.00,under,ft,2.237,3
vVDh1Zh7,Riera J.,Tig P. M.,2,2,ou,18.50,over,ft,1.772,4
vVDh1Zh7,Riera J.,Tig P. M.,2,2,ou,18.50,under,ft,2.042,4
vVDh1Zh7,Riera J.,Tig P. M.,2,2,ou,19.00,over,ft,1.933,3
vVDh1Zh7,Riera J.,Tig P. M.,2,2,ou,19.00,under,ft,1.867,3
vVDh1Zh7,Riera J.,Tig P. M.,2,2,ou,19.50,over,ft,2.067,4
vVDh1Zh7,Riera J.,Tig P. M.,2,2,ou,19.50,under,ft,1.712,4
vVDh1Zh7,Riera J.,Tig P. M.,2,2,ou,20.00,over,ft,2.29,1
vVDh1Zh7,Riera J.,Tig P. M.,2,2,ou,20.00,under,ft,1.67,1
vVDh1Zh7,Riera J.,Tig P. M.,2,2,ou,20.50,over,ft,2.4,3
vVDh1Zh7,Riera J.,Tig P. M.,2,2,ou,20.50,under,ft,1.49,3
vVDh1Zh7,Riera J.,Tig P. M.,2,2,ou,21.50,over,ft,2.797,3
vVDh1Zh7,Riera J.,Tig P. M.,2,2,ou,21.50,under,ft,1.37,3
vVDh1Zh7,Riera J.,Tig P. M.,2,2,ou,22.50,over,ft,2.9,1
vVDh1Zh7,Riera J.,Tig P. M.,2,2,ou,22.50,under,ft,1.35,1
vVDh1Zh7,Riera J.,Tig P. M.,2,2,ou,23.50,over,ft,3.4,1
vVDh1Zh7,Riera J.,Tig P. M.,2,2,ou,23.50,under,ft,1.27,1
vVDh1Zh7,Riera J.,Tig P. M.,2,2,hc,0,home,ft,1.1,1
vVDh1Zh7,Riera J.,Tig P. M.,2,2,hc,0,away,ft,4.84,1
vVDh1Zh7,Riera J.,Tig P. M.,2,2,hc,-1.00,home,ft,1.18,2
vVDh1Zh7,Riera J.,Tig P. M.,2,2,hc,-1.00,away,ft,4.75,2
vVDh1Zh7,Riera J.,Tig P. M.,2,2,hc,1.50,home,ft,1.05,1
vVDh1Zh7,Riera J.,Tig P. M.,2,2,hc,1.50,away,ft,12.07,1
vVDh1Zh7,Riera J.,Tig P. M.,2,2,hc,-1.50,home,ft,1.417,3
vVDh1Zh7,Riera J.,Tig P. M.,2,2,hc,-1.50,away,ft,2.717,3
vVDh1Zh7,Riera J.,Tig P. M.,2,2,hc,-0.50,home,ft,1.14,1
vVDh1Zh7,Riera J.,Tig P. M.,2,2,hc,-0.50,away,ft,4.9,1
vVDh1Zh7,Riera J.,Tig P. M.,2,2,hc,-1.50,home,ft,1.16,1
vVDh1Zh7,Riera J.,Tig P. M.,2,2,hc,-1.50,away,ft,4.5,1
vVDh1Zh7,Riera J.,Tig P. M.,2,2,hc,-2.50,home,ft,1.22,1
vVDh1Zh7,Riera J.,Tig P. M.,2,2,hc,-2.50,away,ft,3.8,1
vVDh1Zh7,Riera J.,Tig P. M.,2,2,hc,-3.50,home,ft,1.227,3
vVDh1Zh7,Riera J.,Tig P. M.,2,2,hc,-3.50,away,ft,3.66,3
vVDh1Zh7,Riera J.,Tig P. M.,2,2,hc,-4.50,home,ft,1.43,4
vVDh1Zh7,Riera J.,Tig P. M.,2,2,hc,-4.50,away,ft,2.66,4
vVDh1Zh7,Riera J.,Tig P. M.,2,2,hc,-5.00,home,ft,1.527,3
vVDh1Zh7,Riera J.,Tig P. M.,2,2,hc,-5.00,away,ft,2.4,3
vVDh1Zh7,Riera J.,Tig P. M.,2,2,hc,-5.50,home,ft,1.775,4
vVDh1Zh7,Riera J.,Tig P. M.,2,2,hc,-5.50,away,ft,2.067,4
vVDh1Zh7,Riera J.,Tig P. M.,2,2,hc,-6.00,home,ft,1.92,3
vVDh1Zh7,Riera J.,Tig P. M.,2,2,hc,-6.00,away,ft,1.817,3
vVDh1Zh7,Riera J.,Tig P. M.,2,2,hc,-6.50,home,ft,2.305,4
vVDh1Zh7,Riera J.,Tig P. M.,2,2,hc,-6.50,away,ft,1.56,4
vVDh1Zh7,Riera J.,Tig P. M.,2,2,hc,-7.00,home,ft,2.617,3
vVDh1Zh7,Riera J.,Tig P. M.,2,2,hc,-7.00,away,ft,1.453,3
vVDh1Zh7,Riera J.,Tig P. M.,2,2,hc,-7.50,home,ft,3.48,3
vVDh1Zh7,Riera J.,Tig P. M.,2,2,hc,-7.50,away,ft,1.247,3
vVDh1Zh7,Riera J.,Tig P. M.,2,2,hc,-8.50,home,ft,4.9,1
vVDh1Zh7,Riera J.,Tig P. M.,2,2,hc,-8.50,away,ft,1.14,1
