match_id,home,away,home_score,away_score,market,line,side,period,avg_odds,n_bookies
6DRpKsqJ,Putintseva Y.,Tomljanovic A.,2,2,ou,2.50,over,ft,2.42,1
6DRpKsqJ,Putintseva Y.,Tomljanovic A.,2,2,ou,2.50,under,ft,1.62,1
6DRpKsqJ,Putintseva Y.,Tomljanovic A.,2,2,ou,18.50,over,ft,1.293,3
6DRpKsqJ,Putintseva Y.,Tomljanovic A.,2,2,ou,18.50,under,ft,3.273,3
6DRpKsqJ,Putintseva Y.,Tomljanovic A.,2,2,ou,19.00,over,ft,1.32,2
6DRpKsqJ,Putintseva Y.,Tomljanovic A.,2,2,ou,19.00,under,ft,2.99,2
6DRpKsqJ,Putintseva Y.,Tomljanovic A.,2,2,ou,19.50,over,ft,1.453,3
6DRpKsqJ,Putintseva Y.,Tomljanovic A.,2,2,ou,19.50,under,ft,2.62,3
6DRpKsqJ,Putintseva Y.,Tomljanovic A.,2,2,ou,20.00,over,ft,1.49,2
6DRpKsqJ,Putintseva Y.,Tomljanovic A.,2,2,ou,20.00,under,ft,2.44,2
6DRpKsqJ,Putintseva Y.,Tomljanovic A.,2,2,ou,20.50,over,ft,1.643,3
6DRpKsqJ,Putintseva Y.,Tomljanovic A.,2,2,ou,20.50,under,ft,2.217,3
6DRpKsqJ,Putintseva Y.,Tomljanovic A.,2,2,ou,21.00,over,ft,1.717,3
6DRpKsqJ,Putintseva Y.,Tomljanovic A.,2,2,ou,21.00,under,ft,2.11,3
6DRpKsqJ,Putintseva Y.,Tomljanovic A.,2,2,ou,21.50,over,ft,1.825,4
6DRpKsqJ,Putintseva Y.,Tomljanovic A.,2,2,ou,21.50,under,ft,2.027,4
6DRpKsqJ,Putintseva Y.,Tomljanovic A.,2,2,ou,22.00,over,ft,1.94,3
6DRpKsqJ,Putintseva Y.,Tomljanovic A.,2,2,ou,22.00,under,ft,1.85,3
6DRpKsqJ,Putintseva Y.,Tomljanovic A.,2,2,ou,22.50,over,ft,2.09,4
6DRpKsqJ,Putintseva Y.,Tomljanovic A.,2,2,ou,22.50,under,ft,1.742,4
6DRpKsqJ,Putintseva Y.,Tomljanovic A.,2,2,ou,23.00,over,ft,2.17,3
6DRpKsqJ,Putintseva Y.,Tomljanovic A.,2,2,ou,23.00,under,ft,1.66,3
6DRpKsqJ,Putintseva Y.,Tomljanovic A.,2,2,ou,23.50,over,ft,2.287,3
6DRpKsqJ,Putintseva Y.,Tomljanovic A.,2,2,ou,23.50,under,ft,1.583,3
6DRpKsqJ,Putintseva Y.,Tomljanovic A.,2,2,ou,24.00,over,ft,2.27,2
6DRpKsqJ,Putintseva Y.,Tomljanovic A.,2,2,ou,24.00,under,ft,1.53,2
6DRpKsqJ,Putintseva Y.,Tomljanovic A.,2,2,ou,24.50,over,ft,2.37,3
6DRpKsqJ,Putintseva Y.,Tomljanovic A.,2,2,ou,24.50,under,ft,1.533,3
6DRpKsqJ,Putintseva Y.,Tomljanovic A.,2,2,ou,25.50,over,ft,2.77,1
6DRpKsqJ,Putintseva Y.,Tomljanovic A.,2,2,ou,25.50,under,ft,1.47,1
6DRpKsqJ,Putintseva Y.,Tomljanovic A.,2,2,ou,26.50,over,ft,3.13,1
6DRpKsqJ,Putintseva Y.,Tomljanovic A.,2,2,ou,26.50,under,ft,1.38,1
6DRpKsqJ,Putintseva Y.,Tomljanovic A.,2,2,ou,27.50,over,ft,3.51,1
6DRpKsqJ,Putintseva Y.,Tomljanovic A.,2,2,ou,27.50,under,ft,1.31,1
6DRpKsqJ,Putintseva Y.,Tomljanovic A.,2,2,hc,-1.00,home,ft,1.82,2
6DRpKsqJ,Putintseva Y.,Tomljanovic A.,2,2,hc,-1.00,away,ft,1.85,2
6DRpKsqJ,Putintseva Y.,Tomljanovic A.,2,2,hc,1.50,home,ft,1.22,3
6DRpKsqJ,Putintseva Y.,Tomljanovic A.,2,2,hc,1.50,away,ft,3.957,3
6DRpKsqJ,Putintseva Y.,Tomljanovic A.,2,2,hc,-1.50,home,ft,2.375,4
6DRpKsqJ,Putintseva Y.,Tomljanovic A.,2,2,hc,-1.50,away,ft,1.548,4
6DRpKsqJ,Putintseva Y.,Tomljanovic A.,2,2,hc,0,home,ft,1.51,2
6DRpKsqJ,Putintseva Y.,Tomljanovic A.,2,2,hc,0,away,ft,2.33,2
6DRpKsqJ,Putintseva Y.,Tomljanovic A.,2,2,hc,0.50,home,ft,1.49,3
6DRpKsqJ,Putintseva Y.,Tomljanovic A.,2,2,hc,0.50,away,ft,2.487,3
6DRpKsqJ,Putintseva Y.,Tomljanovic A.,2,2,hc,-0.50,home,ft,1.573,3
6DRpKsqJ,Putintseva Y.,Tomljanovic A.,2,2,hc,-0.50,away,ft,2.29,3
6DRpKsqJ,Putintseva Y.,Tomljanovic A.,2,2,hc,1.00,home,ft,1.43,2
6DRpKsqJ,Putintseva Y.,Tomljanovic A.,2,2,hc,1.00,away,ft,2.54,2
6DRpKsqJ,Putintseva Y.,Tomljanovic A.,2,2,hc,-1.00,home,ft,1.64,3
6DRpKsqJ,Putintseva Y.,Tomljanovic A.,2,2,hc,-1.00,away,ft,2.157,3
6DRpKsqJ,Putintseva Y.,Tomljanovic A.,2,2,hc,1.50,home,ft,1.437,3
6DRpKsqJ,Putintseva Y.,Tomljanovic A.,2,2,hc,1.50,away,ft,2.637,3
6DRpKsqJ,Putintseva Y.,Tomljanovic A.,2,2,hc,-1.50,home,ft,1.685,4
6DRpKsqJ,Putintseva Y.,Tomljanovic A.,2,2,hc,-1.50,away,ft,2.138,4
6DRpKsqJ,Putintseva Y.,Tomljanovic A.,2,2,hc,-2.00,home,ft,1.737,3
6DRpKsqJ,Putintseva Y.,Tomljanovic A.,2,2,hc,-2.00,away,ft,2.02,3
6DRpKsqJ,Putintseva Y.,Tomljanovic A.,2,2,hc,2.50,home,ft,1.38,1
6DRpKsqJ,Putintseva Y.,Tomljanovic A.,2,2,hc,2.50,away,ft,3.12,1
6DRpKsqJ,Putintseva Y.,Tomljanovic A.,2,2,hc,-2.50,home,ft,1.89,4
6DRpKsqJ,Putintseva Y.,Tomljanovic A.,2,2,hc,-2.50,away,ft,1.952,4
6DRpKsqJ,Putintseva Y.,Tomljanovic A.,2,2,hc,-3.00,home,ft,1.947,3
6DRpKsqJ,Putintseva Y.,Tomljanovic A.,2,2,hc,-3.00,away,ft,1.797,3
6DRpKsqJ,Putintseva Y.,Tomljanovic A.,2,2,hc,3.50,home,ft,1.32,1
6DRpKsqJ,Putintseva Y.,Tomljanovic A.,2,2,hc,3.50,away,ft,3.42,1
6DRpKsqJ,Putintseva Y.,Tomljanovic A.,2,2,hc,-3.50,home,ft,2.103,4
6DRpKsqJ,Putintseva Y.,Tomljanovic A.,2,2,hc,-3.50,away,ft,1.708,4
6DRpKsqJ,Putintseva Y.,Tomljanovic A.,2,2,hc,-4.00,home,ft,2.31,2
6DRpKsqJ,Putintseva Y.,Tomljanovic A.,2,2,hc,-4.00,away,ft,1.51,2
6DRpKsqJ,Putintseva Y.,Tomljanovic A.,2,2,hc,-4.50,home,ft,2.583,3
6DRpKsqJ,Putintseva Y.,Tomljanovic A.,2,2,hc,-4.50,away,ft,1.453,3
6DRpKsqJ,Putintseva Y.,Tomljanovic A.,2,2,hc,-5.00,home,ft,3.1,2
6DRpKsqJ,Putintseva Y.,Tomljanovic A.,2,2,hc,-5.00,away,ft,1.3,2
6DRpKsqJ,Putintseva Y.,Tomljanovic A.,2,2,hc,-5.50,home,ft,3.463,3
6DRpKsqJ,Putintseva Y.,Tomljanovic A.,2,2,hc,-5.50,away,ft,1.267,3
jBf5O5gl,Tomljanovic A.,Potapova A.,2,2,ou,2.50,over,ft,2.45,1
jBf5O5gl,Tomljanovic A.,Potapova A.,2,2,ou,2.50,under,ft,1.61,1
jBf5O5gl,Tomljanovic A.,Potapova A.,2,2,ou,17.50,over,ft,1.3,2
jBf5O5gl,Tomljanovic A.,Potapova A.,2,2,ou,17.50,under,ft,3.08,2
jBf5O5gl,Tomljanovic A.,Potapova A.,2,2,ou,18.00,over,ft,1.35,2
jBf5O5gl,Tomljanovic A.,Potapova A.,2,2,ou,18.00,under,ft,2.85,2
jBf5O5gl,Tomljanovic A.,Potapova A.,2,2,ou,18.50,over,ft,1.27,2
jBf5O5gl,Tomljanovic A.,Potapova A.,2,2,ou,18.50,under,ft,3.28,2
jBf5O5gl,Tomljanovic A.,Potapova A.,2,2,ou,19.00,over,ft,1.31,2
jBf5O5gl,Tomljanovic A.,Potapova A.,2,2,ou,19.00,under,ft,3.04,2
jBf5O5gl,Tomljanovic A.,Potapova A.,2,2,ou,19.50,over,ft,1.447,3
jBf5O5gl,Tomljanovic A.,Potapova A.,2,2,ou,19.50,under,ft,2.6,3
jBf5O5gl,Tomljanovic A.,Potapova A.,2,2,ou,20.00,over,ft,1.49,2
jBf5O5gl,Tomljanovic A.,Potapova A.,2,2,ou,20.00,under,ft,2.44,2
jBf5O5gl,Tomljanovic A.,Potapova A.,2,2,ou,20.50,over,ft,1.665,4
jBf5O5gl,Tomljanovic A.,Potapova A.,2,2,ou,20.50,under,ft,2.2,4
jBf5O5gl,Tomljanovic A.,Potapova A.,2,2,ou,21.00,over,ft,1.733,3
jBf5O5gl,Tomljanovic A.,Potapova A.,2,2,ou,21.00,under,ft,2.093,3
jBf5O5gl,Tomljanovic A.,Potapova A.,2,2,ou,21.50,over,ft,1.857,4
jBf5O5gl,Tomljanovic A.,Potapova A.,2,2,ou,21.50,under,ft,1.97,4
jBf5O5gl,Tomljanovic A.,Potapova A.,2,2,ou,22.00,over,ft,1.96,3
jBf5O5gl,Tomljanovic A.,Potapova A.,2,2,ou,22.00,under,ft,1.84,3
jBf5O5gl,Tomljanovic A.,Potapova A.,2,2,ou,22.50,over,ft,2.105,4
jBf5O5gl,Tomljanovic A.,Potapova A.,2,2,ou,22.50,under,ft,1.722,4
jBf5O5gl,Tomljanovic A.,Potapova A.,2,2,ou,23.00,over,ft,2.173,3
jBf5O5gl,Tomljanovic A.,Potapova A.,2,2,ou,23.00,under,ft,1.653,3
jBf5O5gl,Tomljanovic A.,Potapova A.,2,2,ou,23.50,over,ft,2.287,3
jBf5O5gl,Tomljanovic A.,Potapova A.,2,2,ou,23.50,under,ft,1.57,3
jBf5O5gl,Tomljanovic A.,Potapova A.,2,2,ou,24.00,over,ft,2.27,2
jBf5O5gl,Tomljanovic A.,Potapova A.,2,2,ou,24.00,under,ft,1.53,2
jBf5O5gl,Tomljanovic A.,Potapova A.,2,2,ou,24.50,over,ft,2.37,3
jBf5O5gl,Tomljanovic A.,Potapova A.,2,2,ou,24.50,under,ft,1.52,3
jBf5O5gl,Tomljanovic A.,Potapova A.,2,2,ou,25.50,over,ft,2.733,3
jBf5O5gl,Tomljanovic A.,Potapova A.,2,2,ou,25.50,under,ft,1.397,3
jBf5O5gl,Tomljanovic A.,Potapova A.,2,2,hc,1.00,home,ft,2.0,2
jBf5O5gl,Tomljanovic A.,Potapova A.,2,2,hc,1.00,away,ft,1.69,2
jBf5O5gl,Tomljanovic A.,Potapova A.,2,2,hc,1.50,home,ft,1.627,4
jBf5O5gl,Tomljanovic A.,Potapova A.,2,2,hc,1.50,away,ft,2.212,4
jBf5O5gl,Tomljanovic A.,Potapova A.,2,2,hc,-1.50,home,ft,4.463,3
jBf5O5gl,Tomljanovic A.,Potapova A.,2,2,hc,-1.50,away,ft,1.177,3
jBf5O5gl,Tomljanovic A.,Potapova A.,2,2,hc,0.50,home,ft,2.443,3
jBf5O5gl,Tomljanovic A.,Potapova A.,2,2,hc,0.50,away,ft,1.487,3
jBf5O5gl,Tomljanovic A.,Potapova A.,2,2,hc,-0.50,home,ft,2.593,3
jBf5O5gl,Tomljanovic A.,Potapova A.,2,2,hc,-0.50,away,ft,1.433,3
jBf5O5gl,Tomljanovic A.,Potapova A.,2,2,hc,1.00,home,ft,2.35,2
jBf5O5gl,Tomljanovic A.,Potapova A.,2,2,hc,1.00,away,ft,1.5,2
jBf5O5gl,Tomljanovic A.,Potapova A.,2,2,hc,-1.00,home,ft,2.67,2
jBf5O5gl,Tomljanovic A.,Potapova A.,2,2,hc,-1.00,away,ft,1.39,2
jBf5O5gl,Tomljanovic A.,Potapova A.,2,2,hc,1.50,home,ft,2.273,3
jBf5O5gl,Tomljanovic A.,Potapova A.,2,2,hc,1.50,away,ft,1.577,3
jBf5O5gl,Tomljanovic A.,Potapova A.,2,2,hc,-1.50,home,ft,2.82,1
jBf5O5gl,Tomljanovic A.,Potapova A.,2,2,hc,-1.50,away,ft,1.4,1
jBf5O5gl,Tomljanovic A.,Potapova A.,2,2,hc,2.00,home,ft,2.197,3
jBf5O5gl,Tomljanovic A.,Potapova A.,2,2,hc,2.00,away,ft,1.647,3
jBf5O5gl,Tomljanovic A.,Potapova A.,2,2,hc,2.50,home,ft,2.08,4
jBf5O5gl,Tomljanovic A.,Potapova A.,2,2,hc,2.50,away,ft,1.738,4
jBf5O5gl,Tomljanovic A.,Potapova A.,2,2,hc,3.00,home,ft,1.943,3
jBf5O5gl,Tomljanovic A.,Potapova A.,2,2,hc,3.00,away,ft,1.85,3
jBf5O5gl,Tomljanovic A.,Potapova A.,2,2,hc,3.50,home,ft,1.828,4
jBf5O5gl,Tomljanovic A.,Potapova A.,2,2,hc,3.50,away,ft,1.992,4
jBf5O5gl,Tomljanovic A.,Potapova A.,2,2,hc,4.00,home,ft,1.633,3
jBf5O5gl,Tomljanovic A.,Potapova A.,2,2,hc,4.00,away,ft,2.257,3
jBf5O5gl,Tomljanovic A.,Potapova A.,2,2,hc,4.50,home,ft,1.517,3
jBf5O5gl,Tomljanovic A.,Potapova A.,2,2,hc,4.50,away,ft,2.443,3
jBf5O5gl,Tomljanovic A.,Potapova A.,2,2,hc,5.00,home,ft,1.34,2
jBf5O5gl,Tomljanovic A.,Potapova A.,2,2,hc,5.00,away,ft,2.99,2
jBf5O5gl,Tomljanovic A.,Potapova A.,2,2,hc,5.50,home,ft,1.28,2
jBf5O5gl,Tomljanovic A.,Potapova A.,2,2,hc,5.50,away,ft,3.28,2
jBf5O5gl,Tomljanovic A.,Potapova A.,2,2,hc,6.00,home,ft,1.15,2
jBf5O5gl,Tomljanovic A.,Potapova A.,2,2,hc,6.00,away,ft,4.5,2
jBf5O5gl,Tomljanovic A.,Potapova A.,2,2,hc,6.50,home,ft,1.13,2
jBf5O5gl,Tomljanovic A.,Potapova A.,2,2,hc,6.50,away,ft,4.9,2
jBf5O5gl,Tomljanovic A.,Potapova A.,2,2,hc,7.00,home,ft,1.14,2
jBf5O5gl,Tomljanovic A.,Potapova A.,2,2,hc,7.00,away,ft,4.6,2
jBf5O5gl,Tomljanovic A.,Potapova A.,2,2,hc,7.50,home,ft,1.12,2
jBf5O5gl,Tomljanovic A.,Potapova A.,2,2,hc,7.50,away,ft,5.0,2
h2w2R1Ik,Cocciaretto E.,Putintseva Y.,0,0,ou,2.50,over,ft,2.45,1
h2w2R1Ik,Cocciaretto E.,Putintseva Y.,0,0,ou,2.50,under,ft,1.6,1
h2w2R1Ik,Cocciaretto E.,Putintseva Y.,0,0,ou,18.50,over,ft,1.27,2
h2w2R1Ik,Cocciaretto E.,Putintseva Y.,0,0,ou,18.50,under,ft,3.28,2
h2w2R1Ik,Cocciaretto E.,Putintseva Y.,0,0,ou,19.00,over,ft,1.31,2
h2w2R1Ik,Cocciaretto E.,Putintseva Y.,0,0,ou,19.00,under,ft,3.04,2
h2w2R1Ik,Cocciaretto E.,Putintseva Y.,0,0,ou,19.50,over,ft,1.413,3
h2w2R1Ik,Cocciaretto E.,Putintseva Y.,0,0,ou,19.50,under,ft,2.667,3
h2w2R1Ik,Cocciaretto E.,Putintseva Y.,0,0,ou,20.00,over,ft,1.45,2
h2w2R1Ik,Cocciaretto E.,Putintseva Y.,0,0,ou,20.00,under,ft,2.49,2
h2w2R1Ik,Cocciaretto E.,Putintseva Y.,0,0,ou,20.50,over,ft,1.593,3
h2w2R1Ik,Cocciaretto E.,Putintseva Y.,0,0,ou,20.50,under,ft,2.247,3
h2w2R1Ik,Cocciaretto E.,Putintseva Y.,0,0,ou,21.00,over,ft,1.677,3
h2w2R1Ik,Cocciaretto E.,Putintseva Y.,0,0,ou,21.00,under,ft,2.143,3
h2w2R1Ik,Cocciaretto E.,Putintseva Y.,0,0,ou,21.50,over,ft,1.795,4
h2w2R1Ik,Cocciaretto E.,Putintseva Y.,0,0,ou,21.50,under,ft,2.013,4
h2w2R1Ik,Cocciaretto E.,Putintseva Y.,0,0,ou,22.00,over,ft,1.913,3
h2w2R1Ik,Cocciaretto E.,Putintseva Y.,0,0,ou,22.00,under,ft,1.887,3
h2w2R1Ik,Cocciaretto E.,Putintseva Y.,0,0,ou,22.50,over,ft,2.03,4
h2w2R1Ik,Cocciaretto E.,Putintseva Y.,0,0,ou,22.50,under,ft,1.818,4
h2w2R1Ik,Cocciaretto E.,Putintseva Y.,0,0,ou,23.00,over,ft,2.153,3
h2w2R1Ik,Cocciaretto E.,Putintseva Y.,0,0,ou,23.00,under,ft,1.69,3
h2w2R1Ik,Cocciaretto E.,Putintseva Y.,0,0,ou,23.50,over,ft,2.233,3
h2w2R1Ik,Cocciaretto E.,Putintseva Y.,0,0,ou,23.50,under,ft,1.623,3
h2w2R1Ik,Cocciaretto E.,Putintseva Y.,0,0,ou,24.00,over,ft,2.24,2
h2w2R1Ik,Cocciaretto E.,Putintseva Y.,0,0,ou,24.00,under,ft,1.58,2
h2w2R1Ik,Cocciaretto E.,Putintseva Y.,0,0,ou,24.50,over,ft,2.313,3
h2w2R1Ik,Cocciaretto E.,Putintseva Y.,0,0,ou,24.50,under,ft,1.557,3
h2w2R1Ik,Cocciaretto E.,Putintseva Y.,0,0,ou,25.00,over,ft,2.4,2
h2w2R1Ik,Cocciaretto E.,Putintseva Y.,0,0,ou,25.00,under,ft,1.48,2
h2w2R1Ik,Cocciaretto E.,Putintseva Y.,0,0,ou,25.50,over,ft,2.547,3
h2w2R1Ik,Cocciaretto E.,Putintseva Y.,0,0,ou,25.50,under,ft,1.45,3
h2w2R1Ik,Cocciaretto E.,Putintseva Y.,0,0,ou,26.50,over,ft,2.63,1
h2w2R1Ik,Cocciaretto E.,Putintseva Y.,0,0,ou,26.50,under,ft,1.4,1
h2w2R1Ik,Cocciaretto E.,Putintseva Y.,0,0,hc,1.00,home,ft,1.57,2
h2w2R1Ik,Cocciaretto E.,Putintseva Y.,0,0,hc,1.00,away,ft,2.19,2
h2w2R1Ik,Cocciaretto E.,Putintseva Y.,0,0,hc,-1.00,home,ft,2.61,2
h2w2R1Ik,Cocciaretto E.,Putintseva Y.,0,0,hc,-1.00,away,ft,1.41,2
h2w2R1Ik,Cocciaretto E.,Putintseva Y.,0,0,hc,1.50,home,ft,1.427,4
h2w2R1Ik,Cocciaretto E.,Putintseva Y.,0,0,hc,1.50,away,ft,2.748,4
h2w2R1Ik,Cocciaretto E.,Putintseva Y.,0,0,hc,-1.50,home,ft,3.343,3
h2w2R1Ik,Cocciaretto E.,Putintseva Y.,0,0,hc,-1.50,away,ft,1.297,3
h2w2R1Ik,Cocciaretto E.,Putintseva Y.,0,0,hc,0,home,ft,2.057,3
h2w2R1Ik,Cocciaretto E.,Putintseva Y.,0,0,hc,0,away,ft,1.707,3
h2w2R1Ik,Cocciaretto E.,Putintseva Y.,0,0,hc,0.50,home,ft,1.978,4
h2w2R1Ik,Cocciaretto E.,Putintseva Y.,0,0,hc,0.50,away,ft,1.795,4
h2w2R1Ik,Cocciaretto E.,Putintseva Y.,0,0,hc,-0.50,home,ft,2.073,3
h2w2R1Ik,Cocciaretto E.,Putintseva Y.,0,0,hc,-0.50,away,ft,1.68,3
h2w2R1Ik,Cocciaretto E.,Putintseva Y.,0,0,hc,1.00,home,ft,1.893,3
h2w2R1Ik,Cocciaretto E.,Putintseva Y.,0,0,hc,1.00,away,ft,1.84,3
h2w2R1Ik,Cocciaretto E.,Putintseva Y.,0,0,hc,-1.00,home,ft,2.11,2
h2w2R1Ik,Cocciaretto E.,Putintseva Y.,0,0,hc,-1.00,away,ft,1.61,2
h2w2R1Ik,Cocciaretto E.,Putintseva Y.,0,0,hc,1.50,home,ft,1.89,4
h2w2R1Ik,Cocciaretto E.,Putintseva Y.,0,0,hc,1.50,away,ft,1.945,4
h2w2R1Ik,Cocciaretto E.,Putintseva Y.,0,0,hc,-1.50,home,ft,2.223,3
h2w2R1Ik,Cocciaretto E.,Putintseva Y.,0,0,hc,-1.50,away,ft,1.587,3
h2w2R1Ik,Cocciaretto E.,Putintseva Y.,0,0,hc,2.00,home,ft,1.753,3
h2w2R1Ik,Cocciaretto E.,Putintseva Y.,0,0,hc,2.00,away,ft,1.993,3
h2w2R1Ik,Cocciaretto E.,Putintseva Y.,0,0,hc,-2.00,home,ft,2.32,2
h2w2R1Ik,Cocciaretto E.,Putintseva Y.,0,0,hc,-2.00,away,ft,1.51,2
h2w2R1Ik,Cocciaretto E.,Putintseva Y.,0,0,hc,2.50,home,ft,1.705,4
h2w2R1Ik,Cocciaretto E.,Putintseva Y.,0,0,hc,2.50,away,ft,2.092,4
h2w2R1Ik,Cocciaretto E.,Putintseva Y.,0,0,hc,-2.50,home,ft,2.457,3
h2w2R1Ik,Cocciaretto E.,Putintseva Y.,0,0,hc,-2.50,away,ft,1.483,3
h2w2R1Ik,Cocciaretto E.,Putintseva Y.,0,0,hc,3.00,home,ft,1.54,2
h2w2R1Ik,Cocciaretto E.,Putintseva Y.,0,0,hc,3.00,away,ft,2.26,2
h2w2R1Ik,Cocciaretto E.,Putintseva Y.,0,0,hc,-3.00,home,ft,2.67,2
h2w2R1Ik,Cocciaretto E.,Putintseva Y.,0,0,hc,-3.00,away,ft,1.39,2
h2w2R1Ik,Cocciaretto E.,Putintseva Y.,0,0,hc,3.50,home,ft,1.503,3
h2w2R1Ik,Cocciaretto E.,Putintseva Y.,0,0,hc,3.50,away,ft,2.41,3
h2w2R1Ik,Cocciaretto E.,Putintseva Y.,0,0,hc,-3.50,home,ft,2.82,1
h2w2R1Ik,Cocciaretto E.,Putintseva Y.,0,0,hc,-3.50,away,ft,1.4,1
h2w2R1Ik,Cocciaretto E.,Putintseva Y.,0,0,hc,4.00,home,ft,1.38,2
h2w2R1Ik,Cocciaretto E.,Putintseva Y.,0,0,hc,4.00,away,ft,2.72,2
h2w2R1Ik,Cocciaretto E.,Putintseva Y.,0,0,hc,4.50,home,ft,1.32,2
h2w2R1Ik,Cocciaretto E.,Putintseva Y.,0,0,hc,4.50,away,ft,2.98,2
h2w2R1Ik,Cocciaretto E.,Putintseva Y.,0,0,hc,5.50,home,ft,1.2,2
h2w2R1Ik,Cocciaretto E.,Putintseva Y.,0,0,hc,5.50,away,ft,3.86,2
f5AWIyxR,Fernandez L.,Tomljanovic A.,1,1,ou,2.50,over,ft,2.44,1
f5AWIyxR,Fernandez L.,Tomljanovic A.,1,1,ou,2.50,under,ft,1.61,1
f5AWIyxR,Fernandez L.,Tomljanovic A.,1,1,ou,19.00,over,ft,1.42,2
f5AWIyxR,Fernandez L.,Tomljanovic A.,1,1,ou,19.00,under,ft,2.895,2
f5AWIyxR,Fernandez L.,Tomljanovic A.,1,1,ou,19.50,over,ft,1.507,3
f5AWIyxR,Fernandez L.,Tomljanovic A.,1,1,ou,19.50,under,ft,2.56,3
f5AWIyxR,Fernandez L.,Tomljanovic A.,1,1,ou,20.00,over,ft,1.59,2
f5AWIyxR,Fernandez L.,Tomljanovic A.,1,1,ou,20.00,under,ft,2.35,2
f5AWIyxR,Fernandez L.,Tomljanovic A.,1,1,ou,20.50,over,ft,1.688,4
f5AWIyxR,Fernandez L.,Tomljanovic A.,1,1,ou,20.50,under,ft,2.212,4
f5AWIyxR,Fernandez L.,Tomljanovic A.,1,1,ou,21.00,over,ft,1.773,3
f5AWIyxR,Fernandez L.,Tomljanovic A.,1,1,ou,21.00,under,ft,2.07,3
f5AWIyxR,Fernandez L.,Tomljanovic A.,1,1,ou,21.50,over,ft,1.87,4
f5AWIyxR,Fernandez L.,Tomljanovic A.,1,1,ou,21.50,under,ft,1.962,4
f5AWIyxR,Fernandez L.,Tomljanovic A.,1,1,ou,22.00,over,ft,1.947,3
f5AWIyxR,Fernandez L.,Tomljanovic A.,1,1,ou,22.00,under,ft,1.85,3
f5AWIyxR,Fernandez L.,Tomljanovic A.,1,1,ou,22.50,over,ft,2.04,4
f5AWIyxR,Fernandez L.,Tomljanovic A.,1,1,ou,22.50,under,ft,1.808,4
f5AWIyxR,Fernandez L.,Tomljanovic A.,1,1,ou,23.00,over,ft,2.25,3
f5AWIyxR,Fernandez L.,Tomljanovic A.,1,1,ou,23.00,under,ft,1.667,3
f5AWIyxR,Fernandez L.,Tomljanovic A.,1,1,ou,23.50,over,ft,2.355,4
f5AWIyxR,Fernandez L.,Tomljanovic A.,1,1,ou,23.50,under,ft,1.607,4
f5AWIyxR,Fernandez L.,Tomljanovic A.,1,1,ou,24.00,over,ft,2.43,2
f5AWIyxR,Fernandez L.,Tomljanovic A.,1,1,ou,24.00,under,ft,1.56,2
f5AWIyxR,Fernandez L.,Tomljanovic A.,1,1,ou,24.50,over,ft,2.313,3
f5AWIyxR,Fernandez L.,Tomljanovic A.,1,1,ou,24.50,under,ft,1.557,3
f5AWIyxR,Fernandez L.,Tomljanovic A.,1,1,ou,25.00,over,ft,2.38,2
f5AWIyxR,Fernandez L.,Tomljanovic A.,1,1,ou,25.00,under,ft,1.49,2
f5AWIyxR,Fernandez L.,Tomljanovic A.,1,1,ou,25.50,over,ft,2.797,3
f5AWIyxR,Fernandez L.,Tomljanovic A.,1,1,ou,25.50,under,ft,1.38,3
f5AWIyxR,Fernandez L.,Tomljanovic A.,1,1,ou,26.50,over,ft,2.81,1
f5AWIyxR,Fernandez L.,Tomljanovic A.,1,1,ou,26.50,under,ft,1.41,1
f5AWIyxR,Fernandez L.,Tomljanovic A.,1,1,hc,-1.00,home,ft,1.86,2
f5AWIyxR,Fernandez L.,Tomljanovic A.,1,1,hc,-1.00,away,ft,1.81,2
f5AWIyxR,Fernandez L.,Tomljanovic A.,1,1,hc,1.50,home,ft,1.213,3
f5AWIyxR,Fernandez L.,Tomljanovic A.,1,1,hc,1.50,away,ft,4.023,3
f5AWIyxR,Fernandez L.,Tomljanovic A.,1,1,hc,-1.50,home,ft,2.367,4
f5AWIyxR,Fernandez L.,Tomljanovic A.,1,1,hc,-1.50,away,ft,1.562,4
f5AWIyxR,Fernandez L.,Tomljanovic A.,1,1,hc,0,home,ft,1.58,2
f5AWIyxR,Fernandez L.,Tomljanovic A.,1,1,hc,0,away,ft,2.17,2
f5AWIyxR,Fernandez L.,Tomljanovic A.,1,1,hc,0.50,home,ft,1.527,3
f5AWIyxR,Fernandez L.,Tomljanovic A.,1,1,hc,0.50,away,ft,2.5,3
f5AWIyxR,Fernandez L.,Tomljanovic A.,1,1,hc,-0.50,home,ft,1.627,4
f5AWIyxR,Fernandez L.,Tomljanovic A.,1,1,hc,-0.50,away,ft,2.305,4
f5AWIyxR,Fernandez L.,Tomljanovic A.,1,1,hc,-1.00,home,ft,1.683,3
f5AWIyxR,Fernandez L.,Tomljanovic A.,1,1,hc,-1.00,away,ft,2.22,3
f5AWIyxR,Fernandez L.,Tomljanovic A.,1,1,hc,1.50,home,ft,1.42,1
f5AWIyxR,Fernandez L.,Tomljanovic A.,1,1,hc,1.50,away,ft,2.75,1
f5AWIyxR,Fernandez L.,Tomljanovic A.,1,1,hc,-1.50,home,ft,1.71,4
f5AWIyxR,Fernandez L.,Tomljanovic A.,1,1,hc,-1.50,away,ft,2.172,4
f5AWIyxR,Fernandez L.,Tomljanovic A.,1,1,hc,-2.00,home,ft,1.793,3
f5AWIyxR,Fernandez L.,Tomljanovic A.,1,1,hc,-2.00,away,ft,2.06,3
f5AWIyxR,Fernandez L.,Tomljanovic A.,1,1,hc,-2.50,home,ft,1.87,4
f5AWIyxR,Fernandez L.,Tomljanovic A.,1,1,hc,-2.50,away,ft,1.962,4
f5AWIyxR,Fernandez L.,Tomljanovic A.,1,1,hc,-3.00,home,ft,1.993,3
f5AWIyxR,Fernandez L.,Tomljanovic A.,1,1,hc,-3.00,away,ft,1.843,3
f5AWIyxR,Fernandez L.,Tomljanovic A.,1,1,hc,-3.50,home,ft,2.11,4
f5AWIyxR,Fernandez L.,Tomljanovic A.,1,1,hc,-3.50,away,ft,1.758,4
f5AWIyxR,Fernandez L.,Tomljanovic A.,1,1,hc,-4.00,home,ft,2.36,3
f5AWIyxR,Fernandez L.,Tomljanovic A.,1,1,hc,-4.00,away,ft,1.613,3
f5AWIyxR,Fernandez L.,Tomljanovic A.,1,1,hc,-4.50,home,ft,2.525,4
f5AWIyxR,Fernandez L.,Tomljanovic A.,1,1,hc,-4.50,away,ft,1.532,4
f5AWIyxR,Fernandez L.,Tomljanovic A.,1,1,hc,-5.00,home,ft,3.12,2
f5AWIyxR,Fernandez L.,Tomljanovic A.,1,1,hc,-5.00,away,ft,1.37,2
rFfl6wZr,Putintseva Y.,Dolehide C.,2,2,ou,2.50,over,ft,2.84,1
rFfl6wZr,Putintseva Y.,Dolehide C.,2,2,ou,2.50,under,ft,1.47,1
rFfl6wZr,Putintseva Y.,Dolehide C.,2,2,ou,18.00,over,ft,1.27,2
rFfl6wZr,Putintseva Y.,Dolehide C.,2,2,ou,18.00,under,ft,3.28,2
rFfl6wZr,Putintseva Y.,Dolehide C.,2,2,ou,18.50,over,ft,1.39,2
rFfl6wZr,Putintseva Y.,Dolehide C.,2,2,ou,18.50,under,ft,2.73,2
rFfl6wZr,Putintseva Y.,Dolehide C.,2,2,ou,19.00,over,ft,1.443,3
rFfl6wZr,Putintseva Y.,Dolehide C.,2,2,ou,19.00,under,ft,2.64,3
rFfl6wZr,Putintseva Y.,Dolehide C.,2,2,ou,19.50,over,ft,1.575,4
rFfl6wZr,Putintseva Y.,Dolehide C.,2,2,ou,19.50,under,ft,2.33,4
rFfl6wZr,Putintseva Y.,Dolehide C.,2,2,ou,20.00,over,ft,1.667,3
rFfl6wZr,Putintseva Y.,Dolehide C.,2,2,ou,20.00,under,ft,2.16,3
rFfl6wZr,Putintseva Y.,Dolehide C.,2,2,ou,20.50,over,ft,1.81,4
rFfl6wZr,Putintseva Y.,Dolehide C.,2,2,ou,20.50,under,ft,1.992,4
rFfl6wZr,Putintseva Y.,Dolehide C.,2,2,ou,21.00,over,ft,1.9,3
rFfl6wZr,Putintseva Y.,Dolehide C.,2,2,ou,21.00,under,ft,1.893,3
rFfl6wZr,Putintseva Y.,Dolehide C.,2,2,ou,21.50,over,ft,1.982,4
rFfl6wZr,Putintseva Y.,Dolehide C.,2,2,ou,21.50,under,ft,1.855,4
rFfl6wZr,Putintseva Y.,Dolehide C.,2,2,ou,22.00,over,ft,2.157,3
rFfl6wZr,Putintseva Y.,Dolehide C.,2,2,ou,22.00,under,ft,1.687,3
rFfl6wZr,Putintseva Y.,Dolehide C.,2,2,ou,22.50,over,ft,2.292,4
rFfl6wZr,Putintseva Y.,Dolehide C.,2,2,ou,22.50,under,ft,1.61,4
rFfl6wZr,Putintseva Y.,Dolehide C.,2,2,ou,23.00,over,ft,2.367,3
rFfl6wZr,Putintseva Y.,Dolehide C.,2,2,ou,23.00,under,ft,1.557,3
rFfl6wZr,Putintseva Y.,Dolehide C.,2,2,ou,23.50,over,ft,2.483,3
rFfl6wZr,Putintseva Y.,Dolehide C.,2,2,ou,23.50,under,ft,1.483,3
rFfl6wZr,Putintseva Y.,Dolehide C.,2,2,ou,24.00,over,ft,2.51,2
rFfl6wZr,Putintseva Y.,Dolehide C.,2,2,ou,24.00,under,ft,1.44,2
rFfl6wZr,Putintseva Y.,Dolehide C.,2,2,ou,24.50,over,ft,2.54,3
rFfl6wZr,Putintseva Y.,Dolehide C.,2,2,ou,24.50,under,ft,1.45,3
rFfl6wZr,Putintseva Y.,Dolehide C.,2,2,ou,25.50,over,ft,2.787,3
rFfl6wZr,Putintseva Y.,Dolehide C.,2,2,ou,25.50,under,ft,1.383,3
rFfl6wZr,Putintseva Y.,Dolehide C.,2,2,hc,-1.00,home,ft,1.44,2
rFfl6wZr,Putintseva Y.,Dolehide C.,2,2,hc,-1.00,away,ft,2.52,2
rFfl6wZr,Putintseva Y.,Dolehide C.,2,2,hc,1.50,home,ft,1.14,3
rFfl6wZr,Putintseva Y.,Dolehide C.,2,2,hc,1.50,away,ft,5.25,3
rFfl6wZr,Putintseva Y.,Dolehide C.,2,2,hc,-1.50,home,ft,1.853,4
rFfl6wZr,Putintseva Y.,Dolehide C.,2,2,hc,-1.50,away,ft,1.905,4
rFfl6wZr,Putintseva Y.,Dolehide C.,2,2,hc,-1.00,home,ft,1.34,2
rFfl6wZr,Putintseva Y.,Dolehide C.,2,2,hc,-1.00,away,ft,2.89,2
rFfl6wZr,Putintseva Y.,Dolehide C.,2,2,hc,-1.50,home,ft,1.393,3
rFfl6wZr,Putintseva Y.,Dolehide C.,2,2,hc,-1.50,away,ft,2.76,3
rFfl6wZr,Putintseva Y.,Dolehide C.,2,2,hc,-2.00,home,ft,1.39,2
rFfl6wZr,Putintseva Y.,Dolehide C.,2,2,hc,-2.00,away,ft,2.68,2
rFfl6wZr,Putintseva Y.,Dolehide C.,2,2,hc,-2.50,home,ft,1.48,4
rFfl6wZr,Putintseva Y.,Dolehide C.,2,2,hc,-2.50,away,ft,2.558,4
rFfl6wZr,Putintseva Y.,Dolehide C.,2,2,hc,-3.00,home,ft,1.56,3
rFfl6wZr,Putintseva Y.,Dolehide C.,2,2,hc,-3.00,away,ft,2.367,3
rFfl6wZr,Putintseva Y.,Dolehide C.,2,2,hc,-3.50,home,ft,1.677,4
rFfl6wZr,Putintseva Y.,Dolehide C.,2,2,hc,-3.50,away,ft,2.17,4
rFfl6wZr,Putintseva Y.,Dolehide C.,2,2,hc,-4.00,home,ft,1.843,3
rFfl6wZr,Putintseva Y.,Dolehide C.,2,2,hc,-4.00,away,ft,1.95,3
rFfl6wZr,Putintseva Y.,Dolehide C.,2,2,hc,-4.50,home,ft,2.123,4
rFfl6wZr,Putintseva Y.,Dolehide C.,2,2,hc,-4.50,away,ft,1.742,4
rFfl6wZr,Putintseva Y.,Dolehide C.,2,2,hc,-5.00,home,ft,2.393,3
rFfl6wZr,Putintseva Y.,Dolehide C.,2,2,hc,-5.00,away,ft,1.57,3
rFfl6wZr,Putintseva Y.,Dolehide C.,2,2,hc,-5.50,home,ft,2.667,4
rFfl6wZr,Putintseva Y.,Dolehide C.,2,2,hc,-5.50,away,ft,1.46,4
rFfl6wZr,Putintseva Y.,Dolehide C.,2,2,hc,-6.00,home,ft,3.28,2
rFfl6wZr,Putintseva Y.,Dolehide C.,2,2,hc,-6.00,away,ft,1.29,2
rFfl6wZr,Putintseva Y.,Dolehide C.,2,2,hc,-6.50,home,ft,3.58,2
rFfl6wZr,Putintseva Y.,Dolehide C.,2,2,hc,-6.50,away,ft,1.24,2
rFfl6wZr,Putintseva Y.,Dolehide C.,2,2,hc,-7.00,home,ft,5.3,2
rFfl6wZr,Putintseva Y.,Dolehide C.,2,2,hc,-7.00,away,ft,1.11,2
UyfIocZ8,Potapova A.,Krejcikova B.,2,2,ou,2.50,over,ft,2.38,1
UyfIocZ8,Potapova A.,Krejcikova B.,2,2,ou,2.50,under,ft,1.64,1
UyfIocZ8,Potapova A.,Krejcikova B.,2,2,ou,19.00,over,ft,1.31,2
UyfIocZ8,Potapova A.,Krejcikova B.,2,2,ou,19.00,under,ft,3.04,2
UyfIocZ8,Potapova A.,Krejcikova B.,2,2,ou,19.50,over,ft,1.427,3
UyfIocZ8,Potapova A.,Krejcikova B.,2,2,ou,19.50,under,ft,2.653,3
UyfIocZ8,Potapova A.,Krejcikova B.,2,2,ou,20.00,over,ft,1.54,2
UyfIocZ8,Potapova A.,Krejcikova B.,2,2,ou,20.00,under,ft,2.48,2
UyfIocZ8,Potapova A.,Krejcikova B.,2,2,ou,20.50,over,ft,1.652,4
UyfIocZ8,Potapova A.,Krejcikova B.,2,2,ou,20.50,under,ft,2.272,4
UyfIocZ8,Potapova A.,Krejcikova B.,2,2,ou,21.00,over,ft,1.727,3
UyfIocZ8,Potapova A.,Krejcikova B.,2,2,ou,21.00,under,ft,2.143,3
UyfIocZ8,Potapova A.,Krejcikova B.,2,2,ou,21.50,over,ft,1.823,4
UyfIocZ8,Potapova A.,Krejcikova B.,2,2,ou,21.50,under,ft,2.02,4
UyfIocZ8,Potapova A.,Krejcikova B.,2,2,ou,22.00,over,ft,1.873,3
UyfIocZ8,Potapova A.,Krejcikova B.,2,2,ou,22.00,under,ft,1.92,3
UyfIocZ8,Potapova A.,Krejcikova B.,2,2,ou,22.50,over,ft,1.987,4
UyfIocZ8,Potapova A.,Krejcikova B.,2,2,ou,22.50,under,ft,1.853,4
UyfIocZ8,Potapova A.,Krejcikova B.,2,2,ou,23.00,over,ft,2.197,3
UyfIocZ8,Potapova A.,Krejcikova B.,2,2,ou,23.00,under,ft,1.7,3
UyfIocZ8,Potapova A.,Krejcikova B.,2,2,ou,23.50,over,ft,2.3,4
UyfIocZ8,Potapova A.,Krejcikova B.,2,2,ou,23.50,under,ft,1.637,4
UyfIocZ8,Potapova A.,Krejcikova B.,2,2,ou,24.00,over,ft,2.37,2
UyfIocZ8,Potapova A.,Krejcikova B.,2,2,ou,24.00,under,ft,1.59,2
UyfIocZ8,Potapova A.,Krejcikova B.,2,2,ou,24.50,over,ft,2.283,3
UyfIocZ8,Potapova A.,Krejcikova B.,2,2,ou,24.50,under,ft,1.573,3
UyfIocZ8,Potapova A.,Krejcikova B.,2,2,ou,25.00,over,ft,2.35,2
UyfIocZ8,Potapova A.,Krejcikova B.,2,2,ou,25.00,under,ft,1.5,2
UyfIocZ8,Potapova A.,Krejcikova B.,2,2,ou,25.50,over,ft,2.75,3
UyfIocZ8,Potapova A.,Krejcikova B.,2,2,ou,25.50,under,ft,1.4,3
UyfIocZ8,Potapova A.,Krejcikova B.,2,2,ou,26.50,over,ft,2.82,1
UyfIocZ8,Potapova A.,Krejcikova B.,2,2,ou,26.50,under,ft,1.41,1
UyfIocZ8,Potapova A.,Krejcikova B.,2,2,hc,1.00,home,ft,1.42,2
UyfIocZ8,Potapova A.,Krejcikova B.,2,2,hc,1.00,away,ft,2.58,2
UyfIocZ8,Potapova A.,Krejcikova B.,2,2,hc,-1.00,home,ft,2.21,2
UyfIocZ8,Potapova A.,Krejcikova B.,2,2,hc,-1.00,away,ft,1.56,2
UyfIocZ8,Potapova A.,Krejcikova B.,2,2,hc,1.50,home,ft,1.31,3
UyfIocZ8,Potapova A.,Krejcikova B.,2,2,hc,1.50,away,ft,3.27,3
UyfIocZ8,Potapova A.,Krejcikova B.,2,2,hc,-1.50,home,ft,2.97,4
UyfIocZ8,Potapova A.,Krejcikova B.,2,2,hc,-1.50,away,ft,1.37,4
UyfIocZ8,Potapova A.,Krejcikova B.,2,2,hc,0,home,ft,1.79,3
UyfIocZ8,Potapova A.,Krejcikova B.,2,2,hc,0,away,ft,1.947,3
UyfIocZ8,Potapova A.,Krejcikova B.,2,2,hc,0.50,home,ft,1.745,4
UyfIocZ8,Potapova A.,Krejcikova B.,2,2,hc,0.50,away,ft,2.127,4
UyfIocZ8,Potapova A.,Krejcikova B.,2,2,hc,-0.50,home,ft,1.85,4
UyfIocZ8,Potapova A.,Krejcikova B.,2,2,hc,-0.50,away,ft,1.995,4
UyfIocZ8,Potapova A.,Krejcikova B.,2,2,hc,1.00,home,ft,1.687,3
UyfIocZ8,Potapova A.,Krejcikova B.,2,2,hc,1.00,away,ft,2.227,3
UyfIocZ8,Potapova A.,Krejcikova B.,2,2,hc,-1.00,home,ft,1.893,3
UyfIocZ8,Potapova A.,Krejcikova B.,2,2,hc,-1.00,away,ft,1.943,3
UyfIocZ8,Potapova A.,Krejcikova B.,2,2,hc,1.50,home,ft,1.665,4
UyfIocZ8,Potapova A.,Krejcikova B.,2,2,hc,1.50,away,ft,2.245,4
UyfIocZ8,Potapova A.,Krejcikova B.,2,2,hc,-1.50,home,ft,1.98,4
UyfIocZ8,Potapova A.,Krejcikova B.,2,2,hc,-1.50,away,ft,1.855,4
UyfIocZ8,Potapova A.,Krejcikova B.,2,2,hc,2.00,home,ft,1.52,2
UyfIocZ8,Potapova A.,Krejcikova B.,2,2,hc,2.00,away,ft,2.3,2
UyfIocZ8,Potapova A.,Krejcikova B.,2,2,hc,-2.00,home,ft,2.05,3
UyfIocZ8,Potapova A.,Krejcikova B.,2,2,hc,-2.00,away,ft,1.803,3
UyfIocZ8,Potapova A.,Krejcikova B.,2,2,hc,2.50,home,ft,1.503,3
UyfIocZ8,Potapova A.,Krejcikova B.,2,2,hc,2.50,away,ft,2.41,3
UyfIocZ8,Potapova A.,Krejcikova B.,2,2,hc,-2.50,home,ft,2.14,4
UyfIocZ8,Potapova A.,Krejcikova B.,2,2,hc,-2.50,away,ft,1.732,4
UyfIocZ8,Potapova A.,Krejcikova B.,2,2,hc,3.00,home,ft,1.45,2
UyfIocZ8,Potapova A.,Krejcikova B.,2,2,hc,3.00,away,ft,2.48,2
UyfIocZ8,Potapova A.,Krejcikova B.,2,2,hc,-3.00,home,ft,2.22,2
UyfIocZ8,Potapova A.,Krejcikova B.,2,2,hc,-3.00,away,ft,1.66,2
UyfIocZ8,Potapova A.,Krejcikova B.,2,2,hc,3.50,home,ft,1.4,1
UyfIocZ8,Potapova A.,Krejcikova B.,2,2,hc,3.50,away,ft,2.82,1
UyfIocZ8,Potapova A.,Krejcikova B.,2,2,hc,-3.50,home,ft,2.463,3
UyfIocZ8,Potapova A.,Krejcikova B.,2,2,hc,-3.50,away,ft,1.477,3
UyfIocZ8,Potapova A.,Krejcikova B.,2,2,hc,-4.00,home,ft,2.85,2
UyfIocZ8,Potapova A.,Krejcikova B.,2,2,hc,-4.00,away,ft,1.35,2
SlL3Lpgt,Cocciaretto E.,Shnaider D.,2,2,ou,2.50,over,ft,2.46,1
SlL3Lpgt,Cocciaretto E.,Shnaider D.,2,2,ou,2.50,under,ft,1.6,1
SlL3Lpgt,Cocciaretto E.,Shnaider D.,2,2,ou,19.00,over,ft,1.45,2
SlL3Lpgt,Cocciaretto E.,Shnaider D.,2,2,ou,19.00,under,ft,2.77,2
SlL3Lpgt,Cocciaretto E.,Shnaider D.,2,2,ou,19.50,over,ft,1.523,3
SlL3Lpgt,Cocciaretto E.,Shnaider D.,2,2,ou,19.50,under,ft,2.517,3
SlL3Lpgt,Cocciaretto E.,Shnaider D.,2,2,ou,20.00,over,ft,1.63,2
SlL3Lpgt,Cocciaretto E.,Shnaider D.,2,2,ou,20.00,under,ft,2.29,2
SlL3Lpgt,Cocciaretto E.,Shnaider D.,2,2,ou,20.50,over,ft,1.71,4
SlL3Lpgt,Cocciaretto E.,Shnaider D.,2,2,ou,20.50,under,ft,2.175,4
SlL3Lpgt,Cocciaretto E.,Shnaider D.,2,2,ou,21.00,over,ft,1.797,3
SlL3Lpgt,Cocciaretto E.,Shnaider D.,2,2,ou,21.00,under,ft,2.05,3
SlL3Lpgt,Cocciaretto E.,Shnaider D.,2,2,ou,21.50,over,ft,1.855,4
SlL3Lpgt,Cocciaretto E.,Shnaider D.,2,2,ou,21.50,under,ft,1.985,4
SlL3Lpgt,Cocciaretto E.,Shnaider D.,2,2,ou,22.00,over,ft,2.017,3
SlL3Lpgt,Cocciaretto E.,Shnaider D.,2,2,ou,22.00,under,ft,1.823,3
SlL3Lpgt,Cocciaretto E.,Shnaider D.,2,2,ou,22.50,over,ft,2.138,4
SlL3Lpgt,Cocciaretto E.,Shnaider D.,2,2,ou,22.50,under,ft,1.738,4
SlL3Lpgt,Cocciaretto E.,Shnaider D.,2,2,ou,23.00,over,ft,2.273,3
SlL3Lpgt,Cocciaretto E.,Shnaider D.,2,2,ou,23.00,under,ft,1.657,3
SlL3Lpgt,Cocciaretto E.,Shnaider D.,2,2,ou,23.50,over,ft,2.365,4
SlL3Lpgt,Cocciaretto E.,Shnaider D.,2,2,ou,23.50,under,ft,1.603,4
SlL3Lpgt,Cocciaretto E.,Shnaider D.,2,2,ou,24.00,over,ft,2.47,2
SlL3Lpgt,Cocciaretto E.,Shnaider D.,2,2,ou,24.00,under,ft,1.54,2
SlL3Lpgt,Cocciaretto E.,Shnaider D.,2,2,ou,24.50,over,ft,2.377,3
SlL3Lpgt,Cocciaretto E.,Shnaider D.,2,2,ou,24.50,under,ft,1.517,3
SlL3Lpgt,Cocciaretto E.,Shnaider D.,2,2,ou,25.50,over,ft,2.64,3
SlL3Lpgt,Cocciaretto E.,Shnaider D.,2,2,ou,25.50,under,ft,1.423,3
SlL3Lpgt,Cocciaretto E.,Shnaider D.,2,2,hc,-1.00,home,ft,1.86,2
SlL3Lpgt,Cocciaretto E.,Shnaider D.,2,2,hc,-1.00,away,ft,1.81,2
SlL3Lpgt,Cocciaretto E.,Shnaider D.,2,2,hc,1.50,home,ft,1.23,3
SlL3Lpgt,Cocciaretto E.,Shnaider D.,2,2,hc,1.50,away,ft,3.837,3
SlL3Lpgt,Cocciaretto E.,Shnaider D.,2,2,hc,-1.50,home,ft,2.415,4
SlL3Lpgt,Cocciaretto E.,Shnaider D.,2,2,hc,-1.50,away,ft,1.535,4
SlL3Lpgt,Cocciaretto E.,Shnaider D.,2,2,hc,0,home,ft,1.54,2
SlL3Lpgt,Cocciaretto E.,Shnaider D.,2,2,hc,0,away,ft,2.25,2
SlL3Lpgt,Cocciaretto E.,Shnaider D.,2,2,hc,0.50,home,ft,1.573,3
SlL3Lpgt,Cocciaretto E.,Shnaider D.,2,2,hc,0.50,away,ft,2.397,3
SlL3Lpgt,Cocciaretto E.,Shnaider D.,2,2,hc,-0.50,home,ft,1.667,4
SlL3Lpgt,Cocciaretto E.,Shnaider D.,2,2,hc,-0.50,away,ft,2.235,4
SlL3Lpgt,Cocciaretto E.,Shnaider D.,2,2,hc,-1.00,home,ft,1.703,3
SlL3Lpgt,Cocciaretto E.,Shnaider D.,2,2,hc,-1.00,away,ft,2.173,3
SlL3Lpgt,Cocciaretto E.,Shnaider D.,2,2,hc,1.50,home,ft,1.46,1
SlL3Lpgt,Cocciaretto E.,Shnaider D.,2,2,hc,1.50,away,ft,2.64,1
SlL3Lpgt,Cocciaretto E.,Shnaider D.,2,2,hc,-1.50,home,ft,1.758,4
SlL3Lpgt,Cocciaretto E.,Shnaider D.,2,2,hc,-1.50,away,ft,2.095,4
SlL3Lpgt,Cocciaretto E.,Shnaider D.,2,2,hc,-2.00,home,ft,1.84,3
SlL3Lpgt,Cocciaretto E.,Shnaider D.,2,2,hc,-2.00,away,ft,2.0,3
SlL3Lpgt,Cocciaretto E.,Shnaider D.,2,2,hc,-2.50,home,ft,1.91,4
SlL3Lpgt,Cocciaretto E.,Shnaider D.,2,2,hc,-2.50,away,ft,1.92,4
SlL3Lpgt,Cocciaretto E.,Shnaider D.,2,2,hc,-3.00,home,ft,2.047,3
SlL3Lpgt,Cocciaretto E.,Shnaider D.,2,2,hc,-3.00,away,ft,1.797,3
SlL3Lpgt,Cocciaretto E.,Shnaider D.,2,2,hc,-3.50,home,ft,2.18,4
SlL3Lpgt,Cocciaretto E.,Shnaider D.,2,2,hc,-3.50,away,ft,1.7,4
SlL3Lpgt,Cocciaretto E.,Shnaider D.,2,2,hc,-4.00,home,ft,2.51,3
SlL3Lpgt,Cocciaretto E.,Shnaider D.,2,2,hc,-4.00,away,ft,1.55,3
SlL3Lpgt,Cocciaretto E.,Shnaider D.,2,2,hc,-4.50,home,ft,2.617,3
SlL3Lpgt,Cocciaretto E.,Shnaider D.,2,2,hc,-4.50,away,ft,1.487,3
SlL3Lpgt,Cocciaretto E.,Shnaider D.,2,2,hc,-5.00,home,ft,3.2,2
SlL3Lpgt,Cocciaretto E.,Shnaider D.,2,2,hc,-5.00,away,ft,1.35,2
EyGmym7k,Dolehide C.,Mertens E.,,,ou,2.50,over,ft,2.67,1
EyGmym7k,Dolehide C.,Mertens E.,,,ou,2.50,under,ft,1.51,1
EyGmym7k,Dolehide C.,Mertens E.,,,ou,18.50,over,ft,1.37,2
EyGmym7k,Dolehide C.,Mertens E.,,,ou,18.50,under,ft,2.77,2
EyGmym7k,Dolehide C.,Mertens E.,,,ou,19.50,over,ft,1.56,4
EyGmym7k,Dolehide C.,Mertens E.,,,ou,19.50,under,ft,2.35,4
EyGmym7k,Dolehide C.,Mertens E.,,,ou,20.00,over,ft,1.66,3
EyGmym7k,Dolehide C.,Mertens E.,,,ou,20.00,under,ft,2.203,3
EyGmym7k,Dolehide C.,Mertens E.,,,ou,20.50,over,ft,1.762,4
EyGmym7k,Dolehide C.,Mertens E.,,,ou,20.50,under,ft,2.013,4
EyGmym7k,Dolehide C.,Mertens E.,,,ou,21.00,over,ft,1.887,3
EyGmym7k,Dolehide C.,Mertens E.,,,ou,21.00,under,ft,1.903,3
EyGmym7k,Dolehide C.,Mertens E.,,,ou,21.50,over,ft,1.948,4
EyGmym7k,Dolehide C.,Mertens E.,,,ou,21.50,under,ft,1.877,4
EyGmym7k,Dolehide C.,Mertens E.,,,ou,22.00,over,ft,2.15,1
EyGmym7k,Dolehide C.,Mertens E.,,,ou,22.00,under,ft,1.75,1
EyGmym7k,Dolehide C.,Mertens E.,,,ou,22.50,over,ft,2.223,3
EyGmym7k,Dolehide C.,Mertens E.,,,ou,22.50,under,ft,1.597,3
EyGmym7k,Dolehide C.,Mertens E.,,,ou,23.50,over,ft,2.467,3
EyGmym7k,Dolehide C.,Mertens E.,,,ou,23.50,under,ft,1.483,3
EyGmym7k,Dolehide C.,Mertens E.,,,ou,24.50,over,ft,2.607,3
EyGmym7k,Dolehide C.,Mertens E.,,,ou,24.50,under,ft,1.44,3
EyGmym7k,Dolehide C.,Mertens E.,,,ou,25.50,over,ft,2.93,1
EyGmym7k,Dolehide C.,Mertens E.,,,ou,25.50,under,ft,1.41,1
EyGmym7k,Dolehide C.,Mertens E.,,,hc,1.00,home,ft,2.8,2
EyGmym7k,Dolehide C.,Mertens E.,,,hc,1.00,away,ft,1.36,2
EyGmym7k,Dolehide C.,Mertens E.,,,hc,1.50,home,ft,1.97,4
EyGmym7k,Dolehide C.,Mertens E.,,,hc,1.50,away,ft,1.772,4
EyGmym7k,Dolehide C.,Mertens E.,,,hc,-1.50,home,ft,6.633,3
EyGmym7k,Dolehide C.,Mertens E.,,,hc,-1.50,away,ft,1.087,3
EyGmym7k,Dolehide C.,Mertens E.,,,hc,2.50,home,ft,2.67,3
EyGmym7k,Dolehide C.,Mertens E.,,,hc,2.50,away,ft,1.43,3
EyGmym7k,Dolehide C.,Mertens E.,,,hc,3.00,home,ft,2.533,3
EyGmym7k,Dolehide C.,Mertens E.,,,hc,3.00,away,ft,1.493,3
EyGmym7k,Dolehide C.,Mertens E.,,,hc,3.50,home,ft,2.252,4
EyGmym7k,Dolehide C.,Mertens E.,,,hc,3.50,away,ft,1.633,4
EyGmym7k,Dolehide C.,Mertens E.,,,hc,4.00,home,ft,2.013,3
EyGmym7k,Dolehide C.,Mertens E.,,,hc,4.00,away,ft,1.783,3
EyGmym7k,Dolehide C.,Mertens E.,,,hc,4.50,home,ft,1.78,4
EyGmym7k,Dolehide C.,Mertens E.,,,hc,4.50,away,ft,2.065,4
EyGmym7k,Dolehide C.,Mertens E.,,,hc,5.00,home,ft,1.59,3
EyGmym7k,Dolehide C.,Mertens E.,,,hc,5.00,away,ft,2.333,3
EyGmym7k,Dolehide C.,Mertens E.,,,hc,5.50,home,ft,1.48,4
EyGmym7k,Dolehide C.,Mertens E.,,,hc,5.50,away,ft,2.612,4
EyGmym7k,Dolehide C.,Mertens E.,,,hc,6.00,home,ft,1.29,2
EyGmym7k,Dolehide C.,Mertens E.,,,hc,6.00,away,ft,3.28,2
EyGmym7k,Dolehide C.,Mertens E.,,,hc,6.50,home,ft,1.23,2
EyGmym7k,Dolehide C.,Mertens E.,,,hc,6.50,away,ft,3.66,2
dtqkMofo,Dart H.,Krejcikova B.,0,0,ou,2.50,over,ft,2.42,1
dtqkMofo,Dart H.,Krejcikova B.,0,0,ou,2.50,under,ft,1.6,1
dtqkMofo,Dart H.,Krejcikova B.,0,0,ou,19.50,over,ft,1.483,3
dtqkMofo,Dart H.,Krejcikova B.,0,0,ou,19.50,under,ft,2.563,3
dtqkMofo,Dart H.,Krejcikova B.,0,0,ou,20.50,over,ft,1.68,4
dtqkMofo,Dart H.,Krejcikova B.,0,0,ou,20.50,under,ft,2.17,4
dtqkMofo,Dart H.,Krejcikova B.,0,0,ou,21.00,over,ft,1.8,1
dtqkMofo,Dart H.,Krejcikova B.,0,0,ou,21.00,under,ft,2.09,1
dtqkMofo,Dart H.,Krejcikova B.,0,0,ou,21.50,over,ft,1.86,4
dtqkMofo,Dart H.,Krejcikova B.,0,0,ou,21.50,under,ft,1.933,4
dtqkMofo,Dart H.,Krejcikova B.,0,0,ou,22.00,over,ft,2.02,1
dtqkMofo,Dart H.,Krejcikova B.,0,0,ou,22.00,under,ft,1.85,1
dtqkMofo,Dart H.,Krejcikova B.,0,0,ou,22.50,over,ft,2.058,4
dtqkMofo,Dart H.,Krejcikova B.,0,0,ou,22.50,under,ft,1.79,4
dtqkMofo,Dart H.,Krejcikova B.,0,0,ou,23.00,over,ft,2.21,1
dtqkMofo,Dart H.,Krejcikova B.,0,0,ou,23.00,under,ft,1.7,1
dtqkMofo,Dart H.,Krejcikova B.,0,0,ou,23.50,over,ft,2.327,3
dtqkMofo,Dart H.,Krejcikova B.,0,0,ou,23.50,under,ft,1.58,3
dtqkMofo,Dart H.,Krejcikova B.,0,0,ou,24.50,over,ft,2.45,3
dtqkMofo,Dart H.,Krejcikova B.,0,0,ou,24.50,under,ft,1.49,3
dtqkMofo,Dart H.,Krejcikova B.,0,0,ou,25.50,over,ft,2.757,3
dtqkMofo,Dart H.,Krejcikova B.,0,0,ou,25.50,under,ft,1.4,3
dtqkMofo,Dart H.,Krejcikova B.,0,0,hc,1.00,home,ft,1.73,2
dtqkMofo,Dart H.,Krejcikova B.,0,0,hc,1.00,away,ft,1.94,2
dtqkMofo,Dart H.,Krejcikova B.,0,0,hc,1.50,home,ft,1.51,4
dtqkMofo,Dart H.,Krejcikova B.,0,0,hc,1.50,away,ft,2.445,4
dtqkMofo,Dart H.,Krejcikova B.,0,0,hc,-1.50,home,ft,3.73,3
dtqkMofo,Dart H.,Krejcikova B.,0,0,hc,-1.50,away,ft,1.24,3
dtqkMofo,Dart H.,Krejcikova B.,0,0,hc,0.50,home,ft,2.203,3
dtqkMofo,Dart H.,Krejcikova B.,0,0,hc,0.50,away,ft,1.647,3
dtqkMofo,Dart H.,Krejcikova B.,0,0,hc,-0.50,home,ft,2.49,1
dtqkMofo,Dart H.,Krejcikova B.,0,0,hc,-0.50,away,ft,1.55,1
dtqkMofo,Dart H.,Krejcikova B.,0,0,hc,1.00,home,ft,2.113,3
dtqkMofo,Dart H.,Krejcikova B.,0,0,hc,1.00,away,ft,1.717,3
dtqkMofo,Dart H.,Krejcikova B.,0,0,hc,1.50,home,ft,2.062,4
dtqkMofo,Dart H.,Krejcikova B.,0,0,hc,1.50,away,ft,1.765,4
dtqkMofo,Dart H.,Krejcikova B.,0,0,hc,-1.50,home,ft,2.68,1
dtqkMofo,Dart H.,Krejcikova B.,0,0,hc,-1.50,away,ft,1.48,1
dtqkMofo,Dart H.,Krejcikova B.,0,0,hc,2.00,home,ft,1.943,3
dtqkMofo,Dart H.,Krejcikova B.,0,0,hc,2.00,away,ft,1.86,3
dtqkMofo,Dart H.,Krejcikova B.,0,0,hc,2.50,home,ft,1.89,4
dtqkMofo,Dart H.,Krejcikova B.,0,0,hc,2.50,away,ft,1.942,4
dtqkMofo,Dart H.,Krejcikova B.,0,0,hc,-2.50,home,ft,2.91,1
dtqkMofo,Dart H.,Krejcikova B.,0,0,hc,-2.50,away,ft,1.42,1
dtqkMofo,Dart H.,Krejcikova B.,0,0,hc,3.00,home,ft,1.747,3
dtqkMofo,Dart H.,Krejcikova B.,0,0,hc,3.00,away,ft,2.087,3
dtqkMofo,Dart H.,Krejcikova B.,0,0,hc,3.50,home,ft,1.677,4
dtqkMofo,Dart H.,Krejcikova B.,0,0,hc,3.50,away,ft,2.197,4
dtqkMofo,Dart H.,Krejcikova B.,0,0,hc,4.00,home,ft,1.54,3
dtqkMofo,Dart H.,Krejcikova B.,0,0,hc,4.00,away,ft,2.46,3
dtqkMofo,Dart H.,Krejcikova B.,0,0,hc,4.50,home,ft,1.45,3
dtqkMofo,Dart H.,Krejcikova B.,0,0,hc,4.50,away,ft,2.693,3
OdxRmeLM,Shnaider D.,Bouzkova M.,2,2,ou,2.50,over,ft,2.48,1
OdxRmeLM,Shnaider D.,Bouzkova M.,2,2,ou,2.50,under,ft,1.58,1
OdxRmeLM,Shnaider D.,Bouzkova M.,2,2,ou,19.50,over,ft,1.457,3
OdxRmeLM,Shnaider D.,Bouzkova M.,2,2,ou,19.50,under,ft,2.553,3
OdxRmeLM,Shnaider D.,Bouzkova M.,2,2,ou,20.50,over,ft,1.65,4
OdxRmeLM,Shnaider D.,Bouzkova M.,2,2,ou,20.50,under,ft,2.17,4
OdxRmeLM,Shnaider D.,Bouzkova M.,2,2,ou,21.00,over,ft,1.78,1
OdxRmeLM,Shnaider D.,Bouzkova M.,2,2,ou,21.00,under,ft,2.11,1
OdxRmeLM,Shnaider D.,Bouzkova M.,2,2,ou,21.50,over,ft,1.823,4
OdxRmeLM,Shnaider D.,Bouzkova M.,2,2,ou,21.50,under,ft,1.933,4
OdxRmeLM,Shnaider D.,Bouzkova M.,2,2,ou,22.00,over,ft,2.0,1
OdxRmeLM,Shnaider D.,Bouzkova M.,2,2,ou,22.00,under,ft,1.86,1
OdxRmeLM,Shnaider D.,Bouzkova M.,2,2,ou,22.50,over,ft,2.04,4
OdxRmeLM,Shnaider D.,Bouzkova M.,2,2,ou,22.50,under,ft,1.802,4
OdxRmeLM,Shnaider D.,Bouzkova M.,2,2,ou,23.00,over,ft,2.24,1
OdxRmeLM,Shnaider D.,Bouzkova M.,2,2,ou,23.00,under,ft,1.68,1
OdxRmeLM,Shnaider D.,Bouzkova M.,2,2,ou,23.50,over,ft,2.277,3
OdxRmeLM,Shnaider D.,Bouzkova M.,2,2,ou,23.50,under,ft,1.57,3
OdxRmeLM,Shnaider D.,Bouzkova M.,2,2,ou,24.50,over,ft,2.4,3
OdxRmeLM,Shnaider D.,Bouzkova M.,2,2,ou,24.50,under,ft,1.513,3
OdxRmeLM,Shnaider D.,Bouzkova M.,2,2,ou,25.50,over,ft,2.643,3
OdxRmeLM,Shnaider D.,Bouzkova M.,2,2,ou,25.50,under,ft,1.43,3
OdxRmeLM,Shnaider D.,Bouzkova M.,2,2,ou,26.50,over,ft,2.82,2
OdxRmeLM,Shnaider D.,Bouzkova M.,2,2,ou,26.50,under,ft,1.36,2
OdxRmeLM,Shnaider D.,Bouzkova M.,2,2,hc,1.00,home,ft,1.9,2
OdxRmeLM,Shnaider D.,Bouzkova M.,2,2,hc,1.00,away,ft,1.77,2
OdxRmeLM,Shnaider D.,Bouzkova M.,2,2,hc,1.50,home,ft,1.58,4
OdxRmeLM,Shnaider D.,Bouzkova M.,2,2,hc,1.50,away,ft,2.275,4
OdxRmeLM,Shnaider D.,Bouzkova M.,2,2,hc,-1.50,home,ft,4.193,3
OdxRmeLM,Shnaider D.,Bouzkova M.,2,2,hc,-1.50,away,ft,1.2,3
OdxRmeLM,Shnaider D.,Bouzkova M.,2,2,hc,0.50,home,ft,2.37,3
OdxRmeLM,Shnaider D.,Bouzkova M.,2,2,hc,0.50,away,ft,1.537,3
OdxRmeLM,Shnaider D.,Bouzkova M.,2,2,hc,-0.50,home,ft,2.7,1
OdxRmeLM,Shnaider D.,Bouzkova M.,2,2,hc,-0.50,away,ft,1.47,1
OdxRmeLM,Shnaider D.,Bouzkova M.,2,2,hc,1.00,home,ft,2.26,2
OdxRmeLM,Shnaider D.,Bouzkova M.,2,2,hc,1.00,away,ft,1.57,2
OdxRmeLM,Shnaider D.,Bouzkova M.,2,2,hc,1.50,home,ft,2.217,4
OdxRmeLM,Shnaider D.,Bouzkova M.,2,2,hc,1.50,away,ft,1.647,4
OdxRmeLM,Shnaider D.,Bouzkova M.,2,2,hc,-1.50,home,ft,2.95,1
OdxRmeLM,Shnaider D.,Bouzkova M.,2,2,hc,-1.50,away,ft,1.4,1
OdxRmeLM,Shnaider D.,Bouzkova M.,2,2,hc,2.00,home,ft,2.09,3
OdxRmeLM,Shnaider D.,Bouzkova M.,2,2,hc,2.00,away,ft,1.73,3
OdxRmeLM,Shnaider D.,Bouzkova M.,2,2,hc,2.50,home,ft,2.0,4
OdxRmeLM,Shnaider D.,Bouzkova M.,2,2,hc,2.50,away,ft,1.833,4
OdxRmeLM,Shnaider D.,Bouzkova M.,2,2,hc,3.00,home,ft,1.843,3
OdxRmeLM,Shnaider D.,Bouzkova M.,2,2,hc,3.00,away,ft,1.947,3
OdxRmeLM,Shnaider D.,Bouzkova M.,2,2,hc,3.50,home,ft,1.74,4
OdxRmeLM,Shnaider D.,Bouzkova M.,2,2,hc,3.50,away,ft,2.08,4
OdxRmeLM,Shnaider D.,Bouzkova M.,2,2,hc,4.00,home,ft,1.55,3
OdxRmeLM,Shnaider D.,Bouzkova M.,2,2,hc,4.00,away,ft,2.38,3
OdxRmeLM,Shnaider D.,Bouzkova M.,2,2,hc,4.50,home,ft,1.47,3
OdxRmeLM,Shnaider D.,Bouzkova M.,2,2,hc,4.50,away,ft,2.543,3
OdxRmeLM,Shnaider D.,Bouzkova M.,2,2,hc,5.00,home,ft,1.38,2
OdxRmeLM,Shnaider D.,Bouzkova M.,2,2,hc,5.00,away,ft,2.81,2
OdxRmeLM,Shnaider D.,Bouzkova M.,2,2,hc,5.50,home,ft,1.31,2
OdxRmeLM,Shnaider D.,Bouzkova M.,2,2,hc,5.50,away,ft,3.1,2
lEM8qQHa,Kalinina A.,Putintseva Y.,0,0,ou,2.50,over,ft,2.31,1
lEM8qQHa,Kalinina A.,Putintseva Y.,0,0,ou,2.50,under,ft,1.65,1
lEM8qQHa,Kalinina A.,Putintseva Y.,0,0,ou,19.50,over,ft,1.437,3
lEM8qQHa,Kalinina A.,Putintseva Y.,0,0,ou,19.50,under,ft,2.627,3
lEM8qQHa,Kalinina A.,Putintseva Y.,0,0,ou,20.50,over,ft,1.577,3
lEM8qQHa,Kalinina A.,Putintseva Y.,0,0,ou,20.50,under,ft,2.257,3
lEM8qQHa,Kalinina A.,Putintseva Y.,0,0,ou,21.00,over,ft,1.74,1
lEM8qQHa,Kalinina A.,Putintseva Y.,0,0,ou,21.00,under,ft,2.17,1
lEM8qQHa,Kalinina A.,Putintseva Y.,0,0,ou,21.50,over,ft,1.755,4
lEM8qQHa,Kalinina A.,Putintseva Y.,0,0,ou,21.50,under,ft,2.015,4
lEM8qQHa,Kalinina A.,Putintseva Y.,0,0,ou,22.00,over,ft,1.94,1
lEM8qQHa,Kalinina A.,Putintseva Y.,0,0,ou,22.00,under,ft,1.92,1
lEM8qQHa,Kalinina A.,Putintseva Y.,0,0,ou,22.50,over,ft,2.002,4
lEM8qQHa,Kalinina A.,Putintseva Y.,0,0,ou,22.50,under,ft,1.83,4
lEM8qQHa,Kalinina A.,Putintseva Y.,0,0,ou,23.00,over,ft,2.17,1
lEM8qQHa,Kalinina A.,Putintseva Y.,0,0,ou,23.00,under,ft,1.74,1
lEM8qQHa,Kalinina A.,Putintseva Y.,0,0,ou,23.50,over,ft,2.177,3
lEM8qQHa,Kalinina A.,Putintseva Y.,0,0,ou,23.50,under,ft,1.617,3
lEM8qQHa,Kalinina A.,Putintseva Y.,0,0,ou,24.50,over,ft,2.287,3
lEM8qQHa,Kalinina A.,Putintseva Y.,0,0,ou,24.50,under,ft,1.56,3
lEM8qQHa,Kalinina A.,Putintseva Y.,0,0,ou,25.50,over,ft,2.517,3
lEM8qQHa,Kalinina A.,Putintseva Y.,0,0,ou,25.50,under,ft,1.47,3
lEM8qQHa,Kalinina A.,Putintseva Y.,0,0,ou,26.50,over,ft,2.853,3
lEM8qQHa,Kalinina A.,Putintseva Y.,0,0,ou,26.50,under,ft,1.377,3
lEM8qQHa,Kalinina A.,Putintseva Y.,0,0,hc,1.00,home,ft,1.68,2
lEM8qQHa,Kalinina A.,Putintseva Y.,0,0,hc,1.00,away,ft,2.01,2
lEM8qQHa,Kalinina A.,Putintseva Y.,0,0,hc,-1.00,home,ft,2.65,2
lEM8qQHa,Kalinina A.,Putintseva Y.,0,0,hc,-1.00,away,ft,1.4,2
lEM8qQHa,Kalinina A.,Putintseva Y.,0,0,hc,1.50,home,ft,1.46,4
lEM8qQHa,Kalinina A.,Putintseva Y.,0,0,hc,1.50,away,ft,2.585,4
lEM8qQHa,Kalinina A.,Putintseva Y.,0,0,hc,-1.50,home,ft,3.773,3
lEM8qQHa,Kalinina A.,Putintseva Y.,0,0,hc,-1.50,away,ft,1.24,3
lEM8qQHa,Kalinina A.,Putintseva Y.,0,0,hc,0,home,ft,2.11,2
lEM8qQHa,Kalinina A.,Putintseva Y.,0,0,hc,0,away,ft,1.62,2
lEM8qQHa,Kalinina A.,Putintseva Y.,0,0,hc,0.50,home,ft,2.053,4
lEM8qQHa,Kalinina A.,Putintseva Y.,0,0,hc,0.50,away,ft,1.725,4
lEM8qQHa,Kalinina A.,Putintseva Y.,0,0,hc,-0.50,home,ft,2.16,3
lEM8qQHa,Kalinina A.,Putintseva Y.,0,0,hc,-0.50,away,ft,1.63,3
lEM8qQHa,Kalinina A.,Putintseva Y.,0,0,hc,1.00,home,ft,2.013,3
lEM8qQHa,Kalinina A.,Putintseva Y.,0,0,hc,1.00,away,ft,1.74,3
lEM8qQHa,Kalinina A.,Putintseva Y.,0,0,hc,-1.00,home,ft,2.28,2
lEM8qQHa,Kalinina A.,Putintseva Y.,0,0,hc,-1.00,away,ft,1.53,2
lEM8qQHa,Kalinina A.,Putintseva Y.,0,0,hc,1.50,home,ft,1.938,4
lEM8qQHa,Kalinina A.,Putintseva Y.,0,0,hc,1.50,away,ft,1.885,4
lEM8qQHa,Kalinina A.,Putintseva Y.,0,0,hc,-1.50,home,ft,2.237,3
lEM8qQHa,Kalinina A.,Putintseva Y.,0,0,hc,-1.50,away,ft,1.587,3
lEM8qQHa,Kalinina A.,Putintseva Y.,0,0,hc,2.00,home,ft,1.853,3
lEM8qQHa,Kalinina A.,Putintseva Y.,0,0,hc,2.00,away,ft,1.88,3
lEM8qQHa,Kalinina A.,Putintseva Y.,0,0,hc,-2.00,home,ft,2.3,2
lEM8qQHa,Kalinina A.,Putintseva Y.,0,0,hc,-2.00,away,ft,1.52,2
lEM8qQHa,Kalinina A.,Putintseva Y.,0,0,hc,2.50,home,ft,1.775,4
lEM8qQHa,Kalinina A.,Putintseva Y.,0,0,hc,2.50,away,ft,1.99,4
lEM8qQHa,Kalinina A.,Putintseva Y.,0,0,hc,-2.50,home,ft,2.387,3
lEM8qQHa,Kalinina A.,Putintseva Y.,0,0,hc,-2.50,away,ft,1.527,3
lEM8qQHa,Kalinina A.,Putintseva Y.,0,0,hc,3.00,home,ft,1.657,3
lEM8qQHa,Kalinina A.,Putintseva Y.,0,0,hc,3.00,away,ft,2.123,3
lEM8qQHa,Kalinina A.,Putintseva Y.,0,0,hc,3.50,home,ft,1.585,4
lEM8qQHa,Kalinina A.,Putintseva Y.,0,0,hc,3.50,away,ft,2.303,4
lEM8qQHa,Kalinina A.,Putintseva Y.,0,0,hc,-3.50,home,ft,2.7,1
lEM8qQHa,Kalinina A.,Putintseva Y.,0,0,hc,-3.50,away,ft,1.42,1
lEM8qQHa,Kalinina A.,Putintseva Y.,0,0,hc,4.00,home,ft,1.43,2
lEM8qQHa,Kalinina A.,Putintseva Y.,0,0,hc,4.00,away,ft,2.55,2
lEM8qQHa,Kalinina A.,Putintseva Y.,0,0,hc,4.50,home,ft,1.38,3
lEM8qQHa,Kalinina A.,Putintseva Y.,0,0,hc,4.50,away,ft,2.82,3
S2beQ3Hl,Potapova A.,Bronzetti L.,2,2,ou,2.50,over,ft,2.66,1
S2beQ3Hl,Potapova A.,Bronzetti L.,2,2,ou,2.50,under,ft,1.52,1
S2beQ3Hl,Potapova A.,Bronzetti L.,2,2,ou,18.50,over,ft,1.387,3
S2beQ3Hl,Potapova A.,Bronzetti L.,2,2,ou,18.50,under,ft,2.807,3
S2beQ3Hl,Potapova A.,Bronzetti L.,2,2,ou,19.50,over,ft,1.557,3
S2beQ3Hl,Potapova A.,Bronzetti L.,2,2,ou,19.50,under,ft,2.3,3
S2beQ3Hl,Potapova A.,Bronzetti L.,2,2,ou,20.00,over,ft,1.717,3
S2beQ3Hl,Potapova A.,Bronzetti L.,2,2,ou,20.00,under,ft,2.103,3
S2beQ3Hl,Potapova A.,Bronzetti L.,2,2,ou,20.50,over,ft,1.785,4
S2beQ3Hl,Potapova A.,Bronzetti L.,2,2,ou,20.50,under,ft,1.978,4
S2beQ3Hl,Potapova A.,Bronzetti L.,2,2,ou,21.00,over,ft,1.943,3
S2beQ3Hl,Potapova A.,Bronzetti L.,2,2,ou,21.00,under,ft,1.843,3
S2beQ3Hl,Potapova A.,Bronzetti L.,2,2,ou,21.50,over,ft,1.978,4
S2beQ3Hl,Potapova A.,Bronzetti L.,2,2,ou,21.50,under,ft,1.788,4
S2beQ3Hl,Potapova A.,Bronzetti L.,2,2,ou,22.00,over,ft,2.21,1
S2beQ3Hl,Potapova A.,Bronzetti L.,2,2,ou,22.00,under,ft,1.71,1
S2beQ3Hl,Potapova A.,Bronzetti L.,2,2,ou,22.50,over,ft,2.223,3
S2beQ3Hl,Potapova A.,Bronzetti L.,2,2,ou,22.50,under,ft,1.597,3
S2beQ3Hl,Potapova A.,Bronzetti L.,2,2,ou,23.50,over,ft,2.46,3
S2beQ3Hl,Potapova A.,Bronzetti L.,2,2,ou,23.50,under,ft,1.49,3
S2beQ3Hl,Potapova A.,Bronzetti L.,2,2,ou,24.50,over,ft,2.58,3
S2beQ3Hl,Potapova A.,Bronzetti L.,2,2,ou,24.50,under,ft,1.45,3
S2beQ3Hl,Potapova A.,Bronzetti L.,2,2,ou,25.50,over,ft,2.67,2
S2beQ3Hl,Potapova A.,Bronzetti L.,2,2,ou,25.50,under,ft,1.39,2
S2beQ3Hl,Potapova A.,Bronzetti L.,2,2,hc,-1.00,home,ft,1.4,2
S2beQ3Hl,Potapova A.,Bronzetti L.,2,2,hc,-1.00,away,ft,2.65,2
S2beQ3Hl,Potapova A.,Bronzetti L.,2,2,hc,1.50,home,ft,1.103,3
S2beQ3Hl,Potapova A.,Bronzetti L.,2,2,hc,1.50,away,ft,6.073,3
S2beQ3Hl,Potapova A.,Bronzetti L.,2,2,hc,-1.50,home,ft,1.823,4
S2beQ3Hl,Potapova A.,Bronzetti L.,2,2,hc,-1.50,away,ft,1.907,4
S2beQ3Hl,Potapova A.,Bronzetti L.,2,2,hc,0,home,ft,1.34,2
S2beQ3Hl,Potapova A.,Bronzetti L.,2,2,hc,0,away,ft,2.87,2
S2beQ3Hl,Potapova A.,Bronzetti L.,2,2,hc,-1.50,home,ft,1.45,2
S2beQ3Hl,Potapova A.,Bronzetti L.,2,2,hc,-1.50,away,ft,2.48,2
S2beQ3Hl,Potapova A.,Bronzetti L.,2,2,hc,-2.00,home,ft,1.48,2
S2beQ3Hl,Potapova A.,Bronzetti L.,2,2,hc,-2.00,away,ft,2.39,2
S2beQ3Hl,Potapova A.,Bronzetti L.,2,2,hc,-2.50,home,ft,1.443,3
S2beQ3Hl,Potapova A.,Bronzetti L.,2,2,hc,-2.50,away,ft,2.623,3
S2beQ3Hl,Potapova A.,Bronzetti L.,2,2,hc,-3.00,home,ft,1.527,3
S2beQ3Hl,Potapova A.,Bronzetti L.,2,2,hc,-3.00,away,ft,2.44,3
S2beQ3Hl,Potapova A.,Bronzetti L.,2,2,hc,-3.50,home,ft,1.652,4
S2beQ3Hl,Potapova A.,Bronzetti L.,2,2,hc,-3.50,away,ft,2.21,4
S2beQ3Hl,Potapova A.,Bronzetti L.,2,2,hc,-4.00,home,ft,1.803,3
S2beQ3Hl,Potapova A.,Bronzetti L.,2,2,hc,-4.00,away,ft,1.987,3
S2beQ3Hl,Potapova A.,Bronzetti L.,2,2,hc,-4.50,home,ft,2.025,4
S2beQ3Hl,Potapova A.,Bronzetti L.,2,2,hc,-4.50,away,ft,1.798,4
S2beQ3Hl,Potapova A.,Bronzetti L.,2,2,hc,-5.00,home,ft,2.337,3
S2beQ3Hl,Potapova A.,Bronzetti L.,2,2,hc,-5.00,away,ft,1.59,3
S2beQ3Hl,Potapova A.,Bronzetti L.,2,2,hc,-5.50,home,ft,2.643,4
S2beQ3Hl,Potapova A.,Bronzetti L.,2,2,hc,-5.50,away,ft,1.47,4
S2beQ3Hl,Potapova A.,Bronzetti L.,2,2,hc,-6.00,home,ft,3.32,2
S2beQ3Hl,Potapova A.,Bronzetti L.,2,2,hc,-6.00,away,ft,1.29,2
S2beQ3Hl,Potapova A.,Bronzetti L.,2,2,hc,-6.50,home,ft,3.66,2
S2beQ3Hl,Potapova A.,Bronzetti L.,2,2,hc,-6.50,away,ft,1.23,2
bLaWyWI0,Fernandez L.,Golubic V.,2,2,ou,2.50,over,ft,2.67,1
bLaWyWI0,Fernandez L.,Golubic V.,2,2,ou,2.50,under,ft,1.51,1
bLaWyWI0,Fernandez L.,Golubic V.,2,2,ou,18.50,over,ft,1.403,3
bLaWyWI0,Fernandez L.,Golubic V.,2,2,ou,18.50,under,ft,2.727,3
bLaWyWI0,Fernandez L.,Golubic V.,2,2,ou,19.50,over,ft,1.603,4
bLaWyWI0,Fernandez L.,Golubic V.,2,2,ou,19.50,under,ft,2.255,4
bLaWyWI0,Fernandez L.,Golubic V.,2,2,ou,20.00,over,ft,1.74,1
bLaWyWI0,Fernandez L.,Golubic V.,2,2,ou,20.00,under,ft,2.17,1
bLaWyWI0,Fernandez L.,Golubic V.,2,2,ou,20.50,over,ft,1.82,4
bLaWyWI0,Fernandez L.,Golubic V.,2,2,ou,20.50,under,ft,1.938,4
bLaWyWI0,Fernandez L.,Golubic V.,2,2,ou,21.00,over,ft,1.97,1
bLaWyWI0,Fernandez L.,Golubic V.,2,2,ou,21.00,under,ft,1.89,1
bLaWyWI0,Fernandez L.,Golubic V.,2,2,ou,21.50,over,ft,1.972,4
bLaWyWI0,Fernandez L.,Golubic V.,2,2,ou,21.50,under,ft,1.86,4
bLaWyWI0,Fernandez L.,Golubic V.,2,2,ou,22.00,over,ft,2.23,1
bLaWyWI0,Fernandez L.,Golubic V.,2,2,ou,22.00,under,ft,1.7,1
bLaWyWI0,Fernandez L.,Golubic V.,2,2,ou,22.50,over,ft,2.313,3
bLaWyWI0,Fernandez L.,Golubic V.,2,2,ou,22.50,under,ft,1.547,3
bLaWyWI0,Fernandez L.,Golubic V.,2,2,ou,23.50,over,ft,2.573,3
bLaWyWI0,Fernandez L.,Golubic V.,2,2,ou,23.50,under,ft,1.45,3
bLaWyWI0,Fernandez L.,Golubic V.,2,2,ou,24.50,over,ft,2.717,3
bLaWyWI0,Fernandez L.,Golubic V.,2,2,ou,24.50,under,ft,1.41,3
bLaWyWI0,Fernandez L.,Golubic V.,2,2,ou,25.50,over,ft,2.91,1
bLaWyWI0,Fernandez L.,Golubic V.,2,2,ou,25.50,under,ft,1.41,1
bLaWyWI0,Fernandez L.,Golubic V.,2,2,hc,-1.00,home,ft,1.47,2
bLaWyWI0,Fernandez L.,Golubic V.,2,2,hc,-1.00,away,ft,2.43,2
bLaWyWI0,Fernandez L.,Golubic V.,2,2,hc,1.50,home,ft,1.113,3
bLaWyWI0,Fernandez L.,Golubic V.,2,2,hc,1.50,away,ft,5.82,3
bLaWyWI0,Fernandez L.,Golubic V.,2,2,hc,-1.50,home,ft,1.873,4
bLaWyWI0,Fernandez L.,Golubic V.,2,2,hc,-1.50,away,ft,1.863,4
bLaWyWI0,Fernandez L.,Golubic V.,2,2,hc,-1.50,home,ft,1.41,1
bLaWyWI0,Fernandez L.,Golubic V.,2,2,hc,-1.50,away,ft,2.92,1
bLaWyWI0,Fernandez L.,Golubic V.,2,2,hc,-2.50,home,ft,1.483,3
bLaWyWI0,Fernandez L.,Golubic V.,2,2,hc,-2.50,away,ft,2.507,3
bLaWyWI0,Fernandez L.,Golubic V.,2,2,hc,-3.00,home,ft,1.567,3
bLaWyWI0,Fernandez L.,Golubic V.,2,2,hc,-3.00,away,ft,2.34,3
bLaWyWI0,Fernandez L.,Golubic V.,2,2,hc,-3.50,home,ft,1.732,4
bLaWyWI0,Fernandez L.,Golubic V.,2,2,hc,-3.50,away,ft,2.132,4
bLaWyWI0,Fernandez L.,Golubic V.,2,2,hc,-4.00,home,ft,1.82,3
bLaWyWI0,Fernandez L.,Golubic V.,2,2,hc,-4.00,away,ft,1.967,3
bLaWyWI0,Fernandez L.,Golubic V.,2,2,hc,-4.50,home,ft,2.025,4
bLaWyWI0,Fernandez L.,Golubic V.,2,2,hc,-4.50,away,ft,1.795,4
bLaWyWI0,Fernandez L.,Golubic V.,2,2,hc,-5.00,home,ft,2.313,3
bLaWyWI0,Fernandez L.,Golubic V.,2,2,hc,-5.00,away,ft,1.603,3
bLaWyWI0,Fernandez L.,Golubic V.,2,2,hc,-5.50,home,ft,2.59,4
bLaWyWI0,Fernandez L.,Golubic V.,2,2,hc,-5.50,away,ft,1.488,4
bLaWyWI0,Fernandez L.,Golubic V.,2,2,hc,-6.00,home,ft,3.15,2
bLaWyWI0,Fernandez L.,Golubic V.,2,2,hc,-6.00,away,ft,1.31,2
bLaWyWI0,Fernandez L.,Golubic V.,2,2,hc,-6.50,home,ft,3.5,2
bLaWyWI0,Fernandez L.,Golubic V.,2,2,hc,-6.50,away,ft,1.25,2
h6ZSnOTP,Cocciaretto E.,Stephens S.,2,2,ou,2.50,over,ft,2.49,1
h6ZSnOTP,Cocciaretto E.,Stephens S.,2,2,ou,2.50,under,ft,1.58,1
h6ZSnOTP,Cocciaretto E.,Stephens S.,2,2,ou,19.50,over,ft,1.473,3
h6ZSnOTP,Cocciaretto E.,Stephens S.,2,2,ou,19.50,under,ft,2.5,3
h6ZSnOTP,Cocciaretto E.,Stephens S.,2,2,ou,20.50,over,ft,1.675,4
h6ZSnOTP,Cocciaretto E.,Stephens S.,2,2,ou,20.50,under,ft,2.13,4
h6ZSnOTP,Cocciaretto E.,Stephens S.,2,2,ou,21.00,over,ft,1.8,1
h6ZSnOTP,Cocciaretto E.,Stephens S.,2,2,ou,21.00,under,ft,2.08,1
h6ZSnOTP,Cocciaretto E.,Stephens S.,2,2,ou,21.50,over,ft,1.85,4
h6ZSnOTP,Cocciaretto E.,Stephens S.,2,2,ou,21.50,under,ft,1.905,4
h6ZSnOTP,Cocciaretto E.,Stephens S.,2,2,ou,22.00,over,ft,2.02,1
h6ZSnOTP,Cocciaretto E.,Stephens S.,2,2,ou,22.00,under,ft,1.84,1
h6ZSnOTP,Cocciaretto E.,Stephens S.,2,2,ou,22.50,over,ft,2.133,4
h6ZSnOTP,Cocciaretto E.,Stephens S.,2,2,ou,22.50,under,ft,1.675,4
h6ZSnOTP,Cocciaretto E.,Stephens S.,2,2,ou,23.00,over,ft,2.24,1
h6ZSnOTP,Cocciaretto E.,Stephens S.,2,2,ou,23.00,under,ft,1.68,1
h6ZSnOTP,Cocciaretto E.,Stephens S.,2,2,ou,23.50,over,ft,2.367,3
h6ZSnOTP,Cocciaretto E.,Stephens S.,2,2,ou,23.50,under,ft,1.533,3
h6ZSnOTP,Cocciaretto E.,Stephens S.,2,2,ou,24.50,over,ft,2.493,3
h6ZSnOTP,Cocciaretto E.,Stephens S.,2,2,ou,24.50,under,ft,1.477,3
h6ZSnOTP,Cocciaretto E.,Stephens S.,2,2,ou,25.50,over,ft,2.813,3
h6ZSnOTP,Cocciaretto E.,Stephens S.,2,2,ou,25.50,under,ft,1.387,3
h6ZSnOTP,Cocciaretto E.,Stephens S.,2,2,hc,1.00,home,ft,1.43,2
h6ZSnOTP,Cocciaretto E.,Stephens S.,2,2,hc,1.00,away,ft,2.55,2
h6ZSnOTP,Cocciaretto E.,Stephens S.,2,2,hc,-1.00,home,ft,2.21,2
h6ZSnOTP,Cocciaretto E.,Stephens S.,2,2,hc,-1.00,away,ft,1.56,2
h6ZSnOTP,Cocciaretto E.,Stephens S.,2,2,hc,1.50,home,ft,1.357,4
h6ZSnOTP,Cocciaretto E.,Stephens S.,2,2,hc,1.50,away,ft,2.98,4
h6ZSnOTP,Cocciaretto E.,Stephens S.,2,2,hc,-1.50,home,ft,3.058,4
h6ZSnOTP,Cocciaretto E.,Stephens S.,2,2,hc,-1.50,away,ft,1.347,4
h6ZSnOTP,Cocciaretto E.,Stephens S.,2,2,hc,0,home,ft,1.887,3
h6ZSnOTP,Cocciaretto E.,Stephens S.,2,2,hc,0,away,ft,1.84,3
h6ZSnOTP,Cocciaretto E.,Stephens S.,2,2,hc,0.50,home,ft,1.8,4
h6ZSnOTP,Cocciaretto E.,Stephens S.,2,2,hc,0.50,away,ft,1.968,4
h6ZSnOTP,Cocciaretto E.,Stephens S.,2,2,hc,-0.50,home,ft,1.92,4
h6ZSnOTP,Cocciaretto E.,Stephens S.,2,2,hc,-0.50,away,ft,1.848,4
h6ZSnOTP,Cocciaretto E.,Stephens S.,2,2,hc,1.00,home,ft,1.71,3
h6ZSnOTP,Cocciaretto E.,Stephens S.,2,2,hc,1.00,away,ft,2.05,3
h6ZSnOTP,Cocciaretto E.,Stephens S.,2,2,hc,-1.00,home,ft,1.937,3
h6ZSnOTP,Cocciaretto E.,Stephens S.,2,2,hc,-1.00,away,ft,1.807,3
h6ZSnOTP,Cocciaretto E.,Stephens S.,2,2,hc,1.50,home,ft,1.695,4
h6ZSnOTP,Cocciaretto E.,Stephens S.,2,2,hc,1.50,away,ft,2.105,4
h6ZSnOTP,Cocciaretto E.,Stephens S.,2,2,hc,-1.50,home,ft,2.002,4
h6ZSnOTP,Cocciaretto E.,Stephens S.,2,2,hc,-1.50,away,ft,1.77,4
h6ZSnOTP,Cocciaretto E.,Stephens S.,2,2,hc,2.00,home,ft,1.53,2
h6ZSnOTP,Cocciaretto E.,Stephens S.,2,2,hc,2.00,away,ft,2.28,2
h6ZSnOTP,Cocciaretto E.,Stephens S.,2,2,hc,-2.00,home,ft,2.05,3
h6ZSnOTP,Cocciaretto E.,Stephens S.,2,2,hc,-2.00,away,ft,1.71,3
h6ZSnOTP,Cocciaretto E.,Stephens S.,2,2,hc,2.50,home,ft,1.59,3
h6ZSnOTP,Cocciaretto E.,Stephens S.,2,2,hc,2.50,away,ft,2.23,3
h6ZSnOTP,Cocciaretto E.,Stephens S.,2,2,hc,-2.50,home,ft,2.167,3
h6ZSnOTP,Cocciaretto E.,Stephens S.,2,2,hc,-2.50,away,ft,1.627,3
h6ZSnOTP,Cocciaretto E.,Stephens S.,2,2,hc,3.00,home,ft,1.59,2
h6ZSnOTP,Cocciaretto E.,Stephens S.,2,2,hc,3.00,away,ft,2.16,2
h6ZSnOTP,Cocciaretto E.,Stephens S.,2,2,hc,-3.00,home,ft,2.25,2
h6ZSnOTP,Cocciaretto E.,Stephens S.,2,2,hc,-3.00,away,ft,1.54,2
h6ZSnOTP,Cocciaretto E.,Stephens S.,2,2,hc,3.50,home,ft,1.51,3
h6ZSnOTP,Cocciaretto E.,Stephens S.,2,2,hc,3.50,away,ft,2.403,3
h6ZSnOTP,Cocciaretto E.,Stephens S.,2,2,hc,-3.50,home,ft,2.49,3
h6ZSnOTP,Cocciaretto E.,Stephens S.,2,2,hc,-3.50,away,ft,1.48,3
h6ZSnOTP,Cocciaretto E.,Stephens S.,2,2,hc,4.50,home,ft,1.33,2
h6ZSnOTP,Cocciaretto E.,Stephens S.,2,2,hc,4.50,away,ft,2.95,2
h6ZSnOTP,Cocciaretto E.,Stephens S.,2,2,hc,5.50,home,ft,1.2,2
h6ZSnOTP,Cocciaretto E.,Stephens S.,2,2,hc,5.50,away,ft,3.86,2
QBXchmgD,Tomljanovic A.,Zhu L.,2,2,ou,2.50,over,ft,2.5,1
QBXchmgD,Tomljanovic A.,Zhu L.,2,2,ou,2.50,under,ft,1.57,1
QBXchmgD,Tomljanovic A.,Zhu L.,2,2,ou,19.50,over,ft,1.49,3
QBXchmgD,Tomljanovic A.,Zhu L.,2,2,ou,19.50,under,ft,2.45,3
QBXchmgD,Tomljanovic A.,Zhu L.,2,2,ou,20.50,over,ft,1.702,4
QBXchmgD,Tomljanovic A.,Zhu L.,2,2,ou,20.50,under,ft,2.093,4
QBXchmgD,Tomljanovic A.,Zhu L.,2,2,ou,21.00,over,ft,1.83,1
QBXchmgD,Tomljanovic A.,Zhu L.,2,2,ou,21.00,under,ft,2.04,1
QBXchmgD,Tomljanovic A.,Zhu L.,2,2,ou,21.50,over,ft,1.887,4
QBXchmgD,Tomljanovic A.,Zhu L.,2,2,ou,21.50,under,ft,1.94,4
QBXchmgD,Tomljanovic A.,Zhu L.,2,2,ou,22.00,over,ft,2.08,1
QBXchmgD,Tomljanovic A.,Zhu L.,2,2,ou,22.00,under,ft,1.81,1
QBXchmgD,Tomljanovic A.,Zhu L.,2,2,ou,22.50,over,ft,2.163,4
QBXchmgD,Tomljanovic A.,Zhu L.,2,2,ou,22.50,under,ft,1.655,4
QBXchmgD,Tomljanovic A.,Zhu L.,2,2,ou,23.50,over,ft,2.383,3
QBXchmgD,Tomljanovic A.,Zhu L.,2,2,ou,23.50,under,ft,1.523,3
QBXchmgD,Tomljanovic A.,Zhu L.,2,2,ou,24.50,over,ft,2.497,3
QBXchmgD,Tomljanovic A.,Zhu L.,2,2,ou,24.50,under,ft,1.473,3
QBXchmgD,Tomljanovic A.,Zhu L.,2,2,ou,25.50,over,ft,2.78,3
QBXchmgD,Tomljanovic A.,Zhu L.,2,2,ou,25.50,under,ft,1.393,3
QBXchmgD,Tomljanovic A.,Zhu L.,2,2,ou,26.50,over,ft,2.68,2
QBXchmgD,Tomljanovic A.,Zhu L.,2,2,ou,26.50,under,ft,1.39,2
QBXchmgD,Tomljanovic A.,Zhu L.,2,2,hc,-1.00,home,ft,1.64,2
QBXchmgD,Tomljanovic A.,Zhu L.,2,2,hc,-1.00,away,ft,2.06,2
QBXchmgD,Tomljanovic A.,Zhu L.,2,2,hc,1.50,home,ft,1.163,3
QBXchmgD,Tomljanovic A.,Zhu L.,2,2,hc,1.50,away,ft,4.62,3
QBXchmgD,Tomljanovic A.,Zhu L.,2,2,hc,-1.50,home,ft,2.135,4
QBXchmgD,Tomljanovic A.,Zhu L.,2,2,hc,-1.50,away,ft,1.657,4
QBXchmgD,Tomljanovic A.,Zhu L.,2,2,hc,0,home,ft,1.64,2
QBXchmgD,Tomljanovic A.,Zhu L.,2,2,hc,0,away,ft,2.07,2
QBXchmgD,Tomljanovic A.,Zhu L.,2,2,hc,0.50,home,ft,1.517,3
QBXchmgD,Tomljanovic A.,Zhu L.,2,2,hc,0.50,away,ft,2.42,3
QBXchmgD,Tomljanovic A.,Zhu L.,2,2,hc,-0.50,home,ft,1.517,3
QBXchmgD,Tomljanovic A.,Zhu L.,2,2,hc,-0.50,away,ft,2.42,3
QBXchmgD,Tomljanovic A.,Zhu L.,2,2,hc,1.00,home,ft,1.55,2
QBXchmgD,Tomljanovic A.,Zhu L.,2,2,hc,1.00,away,ft,2.23,2
QBXchmgD,Tomljanovic A.,Zhu L.,2,2,hc,-1.00,home,ft,1.65,3
QBXchmgD,Tomljanovic A.,Zhu L.,2,2,hc,-1.00,away,ft,2.193,3
QBXchmgD,Tomljanovic A.,Zhu L.,2,2,hc,1.50,home,ft,1.503,3
QBXchmgD,Tomljanovic A.,Zhu L.,2,2,hc,1.50,away,ft,2.427,3
QBXchmgD,Tomljanovic A.,Zhu L.,2,2,hc,-1.50,home,ft,1.618,4
QBXchmgD,Tomljanovic A.,Zhu L.,2,2,hc,-1.50,away,ft,2.275,4
QBXchmgD,Tomljanovic A.,Zhu L.,2,2,hc,-2.00,home,ft,1.61,3
QBXchmgD,Tomljanovic A.,Zhu L.,2,2,hc,-2.00,away,ft,2.257,3
QBXchmgD,Tomljanovic A.,Zhu L.,2,2,hc,2.50,home,ft,1.44,1
QBXchmgD,Tomljanovic A.,Zhu L.,2,2,hc,2.50,away,ft,2.63,1
QBXchmgD,Tomljanovic A.,Zhu L.,2,2,hc,-2.50,home,ft,1.68,4
QBXchmgD,Tomljanovic A.,Zhu L.,2,2,hc,-2.50,away,ft,2.163,4
QBXchmgD,Tomljanovic A.,Zhu L.,2,2,hc,-3.00,home,ft,1.787,3
QBXchmgD,Tomljanovic A.,Zhu L.,2,2,hc,-3.00,away,ft,2.013,3
QBXchmgD,Tomljanovic A.,Zhu L.,2,2,hc,-3.50,home,ft,1.952,4
QBXchmgD,Tomljanovic A.,Zhu L.,2,2,hc,-3.50,away,ft,1.875,4
QBXchmgD,Tomljanovic A.,Zhu L.,2,2,hc,-4.00,home,ft,2.12,3
QBXchmgD,Tomljanovic A.,Zhu L.,2,2,hc,-4.00,away,ft,1.707,3
QBXchmgD,Tomljanovic A.,Zhu L.,2,2,hc,-4.50,home,ft,2.345,4
QBXchmgD,Tomljanovic A.,Zhu L.,2,2,hc,-4.50,away,ft,1.585,4
QBXchmgD,Tomljanovic A.,Zhu L.,2,2,hc,-5.00,home,ft,2.69,2
QBXchmgD,Tomljanovic A.,Zhu L.,2,2,hc,-5.00,away,ft,1.41,2
QBXchmgD,Tomljanovic A.,Zhu L.,2,2,hc,-5.50,home,ft,2.94,2
QBXchmgD,Tomljanovic A.,Zhu L.,2,2,hc,-5.50,away,ft,1.34,2
lWgttTZh,Boulter K.,Kalinina A.,,,ou,2.50,over,ft,2.5,1
lWgttTZh,Boulter K.,Kalinina A.,,,ou,2.50,under,ft,1.57,1
lWgttTZh,Boulter K.,Kalinina A.,,,ou,19.50,over,ft,1.5,3
lWgttTZh,Boulter K.,Kalinina A.,,,ou,19.50,under,ft,2.433,3
lWgttTZh,Boulter K.,Kalinina A.,,,ou,20.50,over,ft,1.702,4
lWgttTZh,Boulter K.,Kalinina A.,,,ou,20.50,under,ft,2.077,4
lWgttTZh,Boulter K.,Kalinina A.,,,ou,21.00,over,ft,1.813,3
lWgttTZh,Boulter K.,Kalinina A.,,,ou,21.00,under,ft,1.98,3
lWgttTZh,Boulter K.,Kalinina A.,,,ou,21.50,over,ft,1.873,4
lWgttTZh,Boulter K.,Kalinina A.,,,ou,21.50,under,ft,1.87,4
lWgttTZh,Boulter K.,Kalinina A.,,,ou,22.00,over,ft,2.04,3
lWgttTZh,Boulter K.,Kalinina A.,,,ou,22.00,under,ft,1.763,3
lWgttTZh,Boulter K.,Kalinina A.,,,ou,22.50,over,ft,2.152,4
lWgttTZh,Boulter K.,Kalinina A.,,,ou,22.50,under,ft,1.663,4
lWgttTZh,Boulter K.,Kalinina A.,,,ou,23.00,over,ft,2.07,2
lWgttTZh,Boulter K.,Kalinina A.,,,ou,23.00,under,ft,1.71,2
lWgttTZh,Boulter K.,Kalinina A.,,,ou,23.50,over,ft,2.357,3
lWgttTZh,Boulter K.,Kalinina A.,,,ou,23.50,under,ft,1.533,3
lWgttTZh,Boulter K.,Kalinina A.,,,ou,24.50,over,ft,2.48,3
lWgttTZh,Boulter K.,Kalinina A.,,,ou,24.50,under,ft,1.48,3
lWgttTZh,Boulter K.,Kalinina A.,,,ou,25.50,over,ft,2.757,3
lWgttTZh,Boulter K.,Kalinina A.,,,ou,25.50,under,ft,1.4,3
lWgttTZh,Boulter K.,Kalinina A.,,,hc,-1.00,home,ft,1.52,2
lWgttTZh,Boulter K.,Kalinina A.,,,hc,-1.00,away,ft,2.31,2
lWgttTZh,Boulter K.,Kalinina A.,,,hc,1.50,home,ft,1.143,3
lWgttTZh,Boulter K.,Kalinina A.,,,hc,1.50,away,ft,4.997,3
lWgttTZh,Boulter K.,Kalinina A.,,,hc,-1.50,home,ft,2.053,4
lWgttTZh,Boulter K.,Kalinina A.,,,hc,-1.50,away,ft,1.708,4
lWgttTZh,Boulter K.,Kalinina A.,,,hc,0,home,ft,1.45,2
lWgttTZh,Boulter K.,Kalinina A.,,,hc,0,away,ft,2.48,2
lWgttTZh,Boulter K.,Kalinina A.,,,hc,0.50,home,ft,1.44,1
lWgttTZh,Boulter K.,Kalinina A.,,,hc,0.50,away,ft,2.63,1
lWgttTZh,Boulter K.,Kalinina A.,,,hc,-0.50,home,ft,1.483,3
lWgttTZh,Boulter K.,Kalinina A.,,,hc,-0.50,away,ft,2.51,3
lWgttTZh,Boulter K.,Kalinina A.,,,hc,-1.00,home,ft,1.54,2
lWgttTZh,Boulter K.,Kalinina A.,,,hc,-1.00,away,ft,2.32,2
lWgttTZh,Boulter K.,Kalinina A.,,,hc,1.50,home,ft,1.39,3
lWgttTZh,Boulter K.,Kalinina A.,,,hc,1.50,away,ft,2.727,3
lWgttTZh,Boulter K.,Kalinina A.,,,hc,-1.50,home,ft,1.52,4
lWgttTZh,Boulter K.,Kalinina A.,,,hc,-1.50,away,ft,2.482,4
lWgttTZh,Boulter K.,Kalinina A.,,,hc,-2.00,home,ft,1.573,3
lWgttTZh,Boulter K.,Kalinina A.,,,hc,-2.00,away,ft,2.287,3
lWgttTZh,Boulter K.,Kalinina A.,,,hc,-2.50,home,ft,1.597,4
lWgttTZh,Boulter K.,Kalinina A.,,,hc,-2.50,away,ft,2.322,4
lWgttTZh,Boulter K.,Kalinina A.,,,hc,-3.00,home,ft,1.687,3
lWgttTZh,Boulter K.,Kalinina A.,,,hc,-3.00,away,ft,2.083,3
lWgttTZh,Boulter K.,Kalinina A.,,,hc,-3.50,home,ft,1.883,4
lWgttTZh,Boulter K.,Kalinina A.,,,hc,-3.50,away,ft,1.93,4
lWgttTZh,Boulter K.,Kalinina A.,,,hc,-4.00,home,ft,2.017,3
lWgttTZh,Boulter K.,Kalinina A.,,,hc,-4.00,away,ft,1.733,3
lWgttTZh,Boulter K.,Kalinina A.,,,hc,-4.50,home,ft,2.252,4
lWgttTZh,Boulter K.,Kalinina A.,,,hc,-4.50,away,ft,1.605,4
lWgttTZh,Boulter K.,Kalinina A.,,,hc,-5.00,home,ft,2.613,3
lWgttTZh,Boulter K.,Kalinina A.,,,hc,-5.00,away,ft,1.45,3
lWgttTZh,Boulter K.,Kalinina A.,,,hc,-5.50,home,ft,2.73,2
lWgttTZh,Boulter K.,Kalinina A.,,,hc,-5.50,away,ft,1.39,2
hOjcxoZH,Putintseva Y.,Burel C.,2,2,ou,2.50,over,ft,2.4,1
hOjcxoZH,Putintseva Y.,Burel C.,2,2,ou,2.50,under,ft,1.62,1
hOjcxoZH,Putintseva Y.,Burel C.,2,2,ou,19.50,over,ft,1.477,3
hOjcxoZH,Putintseva Y.,Burel C.,2,2,ou,19.50,under,ft,2.503,3
hOjcxoZH,Putintseva Y.,Burel C.,2,2,ou,20.50,over,ft,1.688,4
hOjcxoZH,Putintseva Y.,Burel C.,2,2,ou,20.50,under,ft,2.155,4
hOjcxoZH,Putintseva Y.,Burel C.,2,2,ou,21.00,over,ft,1.757,3
hOjcxoZH,Putintseva Y.,Burel C.,2,2,ou,21.00,under,ft,2.047,3
hOjcxoZH,Putintseva Y.,Burel C.,2,2,ou,21.50,over,ft,1.875,4
hOjcxoZH,Putintseva Y.,Burel C.,2,2,ou,21.50,under,ft,1.952,4
hOjcxoZH,Putintseva Y.,Burel C.,2,2,ou,22.00,over,ft,1.98,3
hOjcxoZH,Putintseva Y.,Burel C.,2,2,ou,22.00,under,ft,1.813,3
hOjcxoZH,Putintseva Y.,Burel C.,2,2,ou,22.50,over,ft,2.12,4
hOjcxoZH,Putintseva Y.,Burel C.,2,2,ou,22.50,under,ft,1.708,4
hOjcxoZH,Putintseva Y.,Burel C.,2,2,ou,23.50,over,ft,2.383,3
hOjcxoZH,Putintseva Y.,Burel C.,2,2,ou,23.50,under,ft,1.523,3
hOjcxoZH,Putintseva Y.,Burel C.,2,2,ou,24.50,over,ft,2.52,3
hOjcxoZH,Putintseva Y.,Burel C.,2,2,ou,24.50,under,ft,1.473,3
hOjcxoZH,Putintseva Y.,Burel C.,2,2,ou,25.50,over,ft,2.803,3
hOjcxoZH,Putintseva Y.,Burel C.,2,2,ou,25.50,under,ft,1.39,3
hOjcxoZH,Putintseva Y.,Burel C.,2,2,hc,1.00,home,ft,1.41,2
hOjcxoZH,Putintseva Y.,Burel C.,2,2,hc,1.00,away,ft,2.61,2
hOjcxoZH,Putintseva Y.,Burel C.,2,2,hc,-1.00,home,ft,1.76,2
hOjcxoZH,Putintseva Y.,Burel C.,2,2,hc,-1.00,away,ft,1.91,2
hOjcxoZH,Putintseva Y.,Burel C.,2,2,hc,1.50,home,ft,1.217,3
hOjcxoZH,Putintseva Y.,Burel C.,2,2,hc,1.50,away,ft,3.94,3
hOjcxoZH,Putintseva Y.,Burel C.,2,2,hc,-1.50,home,ft,2.303,4
hOjcxoZH,Putintseva Y.,Burel C.,2,2,hc,-1.50,away,ft,1.565,4
hOjcxoZH,Putintseva Y.,Burel C.,2,2,hc,0,home,ft,1.65,3
hOjcxoZH,Putintseva Y.,Burel C.,2,2,hc,0,away,ft,2.14,3
hOjcxoZH,Putintseva Y.,Burel C.,2,2,hc,0.50,home,ft,1.543,3
hOjcxoZH,Putintseva Y.,Burel C.,2,2,hc,0.50,away,ft,2.34,3
hOjcxoZH,Putintseva Y.,Burel C.,2,2,hc,-0.50,home,ft,1.615,4
hOjcxoZH,Putintseva Y.,Burel C.,2,2,hc,-0.50,away,ft,2.28,4
hOjcxoZH,Putintseva Y.,Burel C.,2,2,hc,1.00,home,ft,1.52,2
hOjcxoZH,Putintseva Y.,Burel C.,2,2,hc,1.00,away,ft,2.3,2
hOjcxoZH,Putintseva Y.,Burel C.,2,2,hc,-1.00,home,ft,1.673,3
hOjcxoZH,Putintseva Y.,Burel C.,2,2,hc,-1.00,away,ft,2.167,3
hOjcxoZH,Putintseva Y.,Burel C.,2,2,hc,1.50,home,ft,1.51,3
hOjcxoZH,Putintseva Y.,Burel C.,2,2,hc,1.50,away,ft,2.433,3
hOjcxoZH,Putintseva Y.,Burel C.,2,2,hc,-1.50,home,ft,1.66,4
hOjcxoZH,Putintseva Y.,Burel C.,2,2,hc,-1.50,away,ft,2.2,4
hOjcxoZH,Putintseva Y.,Burel C.,2,2,hc,2.00,home,ft,1.52,2
hOjcxoZH,Putintseva Y.,Burel C.,2,2,hc,2.00,away,ft,2.3,2
hOjcxoZH,Putintseva Y.,Burel C.,2,2,hc,-2.00,home,ft,1.723,3
hOjcxoZH,Putintseva Y.,Burel C.,2,2,hc,-2.00,away,ft,2.1,3
hOjcxoZH,Putintseva Y.,Burel C.,2,2,hc,2.50,home,ft,1.513,3
hOjcxoZH,Putintseva Y.,Burel C.,2,2,hc,2.50,away,ft,2.37,3
hOjcxoZH,Putintseva Y.,Burel C.,2,2,hc,-2.50,home,ft,1.873,4
hOjcxoZH,Putintseva Y.,Burel C.,2,2,hc,-2.50,away,ft,1.958,4
hOjcxoZH,Putintseva Y.,Burel C.,2,2,hc,-3.00,home,ft,1.927,3
hOjcxoZH,Putintseva Y.,Burel C.,2,2,hc,-3.00,away,ft,1.863,3
hOjcxoZH,Putintseva Y.,Burel C.,2,2,hc,-3.50,home,ft,2.053,4
hOjcxoZH,Putintseva Y.,Burel C.,2,2,hc,-3.50,away,ft,1.758,4
hOjcxoZH,Putintseva Y.,Burel C.,2,2,hc,-4.00,home,ft,2.287,3
hOjcxoZH,Putintseva Y.,Burel C.,2,2,hc,-4.00,away,ft,1.593,3
hOjcxoZH,Putintseva Y.,Burel C.,2,2,hc,-4.50,home,ft,2.457,3
hOjcxoZH,Putintseva Y.,Burel C.,2,2,hc,-4.50,away,ft,1.5,3
dKwSKfXA,Pliskova Ka.,Dolehide C.,1,1,ou,2.50,over,ft,2.92,1
dKwSKfXA,Pliskova Ka.,Dolehide C.,1,1,ou,2.50,under,ft,1.44,1
dKwSKfXA,Pliskova Ka.,Dolehide C.,1,1,ou,18.50,over,ft,1.387,3
dKwSKfXA,Pliskova Ka.,Dolehide C.,1,1,ou,18.50,under,ft,2.807,3
dKwSKfXA,Pliskova Ka.,Dolehide C.,1,1,ou,19.50,over,ft,1.543,3
dKwSKfXA,Pliskova Ka.,Dolehide C.,1,1,ou,19.50,under,ft,2.327,3
dKwSKfXA,Pliskova Ka.,Dolehide C.,1,1,ou,20.00,over,ft,1.72,1
dKwSKfXA,Pliskova Ka.,Dolehide C.,1,1,ou,20.00,under,ft,2.2,1
dKwSKfXA,Pliskova Ka.,Dolehide C.,1,1,ou,20.50,over,ft,1.845,4
dKwSKfXA,Pliskova Ka.,Dolehide C.,1,1,ou,20.50,under,ft,1.99,4
dKwSKfXA,Pliskova Ka.,Dolehide C.,1,1,ou,21.00,over,ft,1.98,1
dKwSKfXA,Pliskova Ka.,Dolehide C.,1,1,ou,21.00,under,ft,1.89,1
dKwSKfXA,Pliskova Ka.,Dolehide C.,1,1,ou,21.50,over,ft,1.975,4
dKwSKfXA,Pliskova Ka.,Dolehide C.,1,1,ou,21.50,under,ft,1.79,4
dKwSKfXA,Pliskova Ka.,Dolehide C.,1,1,ou,22.00,over,ft,2.25,1
dKwSKfXA,Pliskova Ka.,Dolehide C.,1,1,ou,22.00,under,ft,1.69,1
dKwSKfXA,Pliskova Ka.,Dolehide C.,1,1,ou,22.50,over,ft,2.22,4
dKwSKfXA,Pliskova Ka.,Dolehide C.,1,1,ou,22.50,under,ft,1.623,4
dKwSKfXA,Pliskova Ka.,Dolehide C.,1,1,ou,23.50,over,ft,2.46,3
dKwSKfXA,Pliskova Ka.,Dolehide C.,1,1,ou,23.50,under,ft,1.497,3
dKwSKfXA,Pliskova Ka.,Dolehide C.,1,1,ou,24.50,over,ft,2.55,3
dKwSKfXA,Pliskova Ka.,Dolehide C.,1,1,ou,24.50,under,ft,1.463,3
dKwSKfXA,Pliskova Ka.,Dolehide C.,1,1,hc,-1.00,home,ft,1.23,2
dKwSKfXA,Pliskova Ka.,Dolehide C.,1,1,hc,-1.00,away,ft,3.56,2
dKwSKfXA,Pliskova Ka.,Dolehide C.,1,1,hc,1.50,home,ft,1.07,3
dKwSKfXA,Pliskova Ka.,Dolehide C.,1,1,hc,1.50,away,ft,7.52,3
dKwSKfXA,Pliskova Ka.,Dolehide C.,1,1,hc,-1.50,home,ft,1.652,4
dKwSKfXA,Pliskova Ka.,Dolehide C.,1,1,hc,-1.50,away,ft,2.157,4
dKwSKfXA,Pliskova Ka.,Dolehide C.,1,1,hc,0,home,ft,1.23,2
dKwSKfXA,Pliskova Ka.,Dolehide C.,1,1,hc,0,away,ft,3.57,2
dKwSKfXA,Pliskova Ka.,Dolehide C.,1,1,hc,-1.50,home,ft,1.31,2
dKwSKfXA,Pliskova Ka.,Dolehide C.,1,1,hc,-1.50,away,ft,3.06,2
dKwSKfXA,Pliskova Ka.,Dolehide C.,1,1,hc,-2.50,home,ft,1.4,3
dKwSKfXA,Pliskova Ka.,Dolehide C.,1,1,hc,-2.50,away,ft,2.747,3
dKwSKfXA,Pliskova Ka.,Dolehide C.,1,1,hc,-3.00,home,ft,1.46,3
dKwSKfXA,Pliskova Ka.,Dolehide C.,1,1,hc,-3.00,away,ft,2.883,3
dKwSKfXA,Pliskova Ka.,Dolehide C.,1,1,hc,-3.50,home,ft,1.532,4
dKwSKfXA,Pliskova Ka.,Dolehide C.,1,1,hc,-3.50,away,ft,2.417,4
dKwSKfXA,Pliskova Ka.,Dolehide C.,1,1,hc,-4.00,home,ft,1.667,3
dKwSKfXA,Pliskova Ka.,Dolehide C.,1,1,hc,-4.00,away,ft,2.12,3
dKwSKfXA,Pliskova Ka.,Dolehide C.,1,1,hc,-4.50,home,ft,1.887,4
dKwSKfXA,Pliskova Ka.,Dolehide C.,1,1,hc,-4.50,away,ft,1.94,4
dKwSKfXA,Pliskova Ka.,Dolehide C.,1,1,hc,-5.00,home,ft,2.137,3
dKwSKfXA,Pliskova Ka.,Dolehide C.,1,1,hc,-5.00,away,ft,1.65,3
dKwSKfXA,Pliskova Ka.,Dolehide C.,1,1,hc,-5.50,home,ft,2.417,4
dKwSKfXA,Pliskova Ka.,Dolehide C.,1,1,hc,-5.50,away,ft,1.555,4
dKwSKfXA,Pliskova Ka.,Dolehide C.,1,1,hc,-6.00,home,ft,2.9,2
dKwSKfXA,Pliskova Ka.,Dolehide C.,1,1,hc,-6.00,away,ft,1.36,2
dKwSKfXA,Pliskova Ka.,Dolehide C.,1,1,hc,-6.50,home,ft,3.28,2
dKwSKfXA,Pliskova Ka.,Dolehide C.,1,1,hc,-6.50,away,ft,1.28,2
tlRfMniI,Shnaider D.,Rajecki A.,2,2,ou,2.50,over,ft,2.76,1
tlRfMniI,Shnaider D.,Rajecki A.,2,2,ou,2.50,under,ft,1.49,1
tlRfMniI,Shnaider D.,Rajecki A.,2,2,ou,18.50,over,ft,1.423,3
tlRfMniI,Shnaider D.,Rajecki A.,2,2,ou,18.50,under,ft,2.66,3
tlRfMniI,Shnaider D.,Rajecki A.,2,2,ou,19.00,over,ft,1.59,1
tlRfMniI,Shnaider D.,Rajecki A.,2,2,ou,19.00,under,ft,2.42,1
tlRfMniI,Shnaider D.,Rajecki A.,2,2,ou,19.50,over,ft,1.627,4
tlRfMniI,Shnaider D.,Rajecki A.,2,2,ou,19.50,under,ft,2.215,4
tlRfMniI,Shnaider D.,Rajecki A.,2,2,ou,20.00,over,ft,1.82,3
tlRfMniI,Shnaider D.,Rajecki A.,2,2,ou,20.00,under,ft,1.977,3
tlRfMniI,Shnaider D.,Rajecki A.,2,2,ou,20.50,over,ft,1.86,4
tlRfMniI,Shnaider D.,Rajecki A.,2,2,ou,20.50,under,ft,1.893,4
tlRfMniI,Shnaider D.,Rajecki A.,2,2,ou,21.00,over,ft,2.067,3
tlRfMniI,Shnaider D.,Rajecki A.,2,2,ou,21.00,under,ft,1.747,3
tlRfMniI,Shnaider D.,Rajecki A.,2,2,ou,21.50,over,ft,2.067,4
tlRfMniI,Shnaider D.,Rajecki A.,2,2,ou,21.50,under,ft,1.72,4
tlRfMniI,Shnaider D.,Rajecki A.,2,2,ou,22.50,over,ft,2.373,3
tlRfMniI,Shnaider D.,Rajecki A.,2,2,ou,22.50,under,ft,1.53,3
tlRfMniI,Shnaider D.,Rajecki A.,2,2,ou,23.50,over,ft,2.613,3
tlRfMniI,Shnaider D.,Rajecki A.,2,2,ou,23.50,under,ft,1.44,3
tlRfMniI,Shnaider D.,Rajecki A.,2,2,ou,24.50,over,ft,2.783,3
tlRfMniI,Shnaider D.,Rajecki A.,2,2,ou,24.50,under,ft,1.393,3
tlRfMniI,Shnaider D.,Rajecki A.,2,2,hc,-1.00,home,ft,1.43,2
tlRfMniI,Shnaider D.,Rajecki A.,2,2,hc,-1.00,away,ft,2.55,2
tlRfMniI,Shnaider D.,Rajecki A.,2,2,hc,1.50,home,ft,1.087,3
tlRfMniI,Shnaider D.,Rajecki A.,2,2,hc,1.50,away,ft,6.627,3
tlRfMniI,Shnaider D.,Rajecki A.,2,2,hc,-1.50,home,ft,1.808,4
tlRfMniI,Shnaider D.,Rajecki A.,2,2,hc,-1.50,away,ft,1.933,4
tlRfMniI,Shnaider D.,Rajecki A.,2,2,hc,-1.50,home,ft,1.24,2
tlRfMniI,Shnaider D.,Rajecki A.,2,2,hc,-1.50,away,ft,3.48,2
tlRfMniI,Shnaider D.,Rajecki A.,2,2,hc,-2.50,home,ft,1.437,3
tlRfMniI,Shnaider D.,Rajecki A.,2,2,hc,-2.50,away,ft,2.64,3
tlRfMniI,Shnaider D.,Rajecki A.,2,2,hc,-3.00,home,ft,1.51,2
tlRfMniI,Shnaider D.,Rajecki A.,2,2,hc,-3.00,away,ft,2.39,2
tlRfMniI,Shnaider D.,Rajecki A.,2,2,hc,-3.50,home,ft,1.623,4
tlRfMniI,Shnaider D.,Rajecki A.,2,2,hc,-3.50,away,ft,2.27,4
tlRfMniI,Shnaider D.,Rajecki A.,2,2,hc,-4.00,home,ft,1.773,3
tlRfMniI,Shnaider D.,Rajecki A.,2,2,hc,-4.00,away,ft,2.027,3
tlRfMniI,Shnaider D.,Rajecki A.,2,2,hc,-4.50,home,ft,1.955,4
tlRfMniI,Shnaider D.,Rajecki A.,2,2,hc,-4.50,away,ft,1.853,4
tlRfMniI,Shnaider D.,Rajecki A.,2,2,hc,-5.00,home,ft,2.23,3
tlRfMniI,Shnaider D.,Rajecki A.,2,2,hc,-5.00,away,ft,1.64,3
tlRfMniI,Shnaider D.,Rajecki A.,2,2,hc,-5.50,home,ft,2.487,4
tlRfMniI,Shnaider D.,Rajecki A.,2,2,hc,-5.50,away,ft,1.525,4
tlRfMniI,Shnaider D.,Rajecki A.,2,2,hc,-6.00,home,ft,2.987,3
tlRfMniI,Shnaider D.,Rajecki A.,2,2,hc,-6.00,away,ft,1.367,3
tlRfMniI,Shnaider D.,Rajecki A.,2,2,hc,-6.50,home,ft,3.34,2
tlRfMniI,Shnaider D.,Rajecki A.,2,2,hc,-6.50,away,ft,1.27,2
tlRfMniI,Shnaider D.,Rajecki A.,2,2,hc,-7.00,home,ft,3.8,2
tlRfMniI,Shnaider D.,Rajecki A.,2,2,hc,-7.00,away,ft,1.21,2
tlRfMniI,Shnaider D.,Rajecki A.,2,2,hc,-7.50,home,ft,4.3,2
tlRfMniI,Shnaider D.,Rajecki A.,2,2,hc,-7.50,away,ft,1.16,2
U3UEfSln,Watson H.,Bouzkova M.,1,1,ou,2.50,over,ft,2.46,1
U3UEfSln,Watson H.,Bouzkova M.,1,1,ou,2.50,under,ft,1.59,1
U3UEfSln,Watson H.,Bouzkova M.,1,1,ou,19.50,over,ft,1.473,3
U3UEfSln,Watson H.,Bouzkova M.,1,1,ou,19.50,under,ft,2.513,3
U3UEfSln,Watson H.,Bouzkova M.,1,1,ou,20.50,over,ft,1.66,4
U3UEfSln,Watson H.,Bouzkova M.,1,1,ou,20.50,under,ft,2.158,4
U3UEfSln,Watson H.,Bouzkova M.,1,1,ou,21.00,over,ft,1.76,1
U3UEfSln,Watson H.,Bouzkova M.,1,1,ou,21.00,under,ft,2.15,1
U3UEfSln,Watson H.,Bouzkova M.,1,1,ou,21.50,over,ft,1.823,4
U3UEfSln,Watson H.,Bouzkova M.,1,1,ou,21.50,under,ft,1.935,4
U3UEfSln,Watson H.,Bouzkova M.,1,1,ou,22.00,over,ft,1.99,1
U3UEfSln,Watson H.,Bouzkova M.,1,1,ou,22.00,under,ft,1.88,1
U3UEfSln,Watson H.,Bouzkova M.,1,1,ou,22.50,over,ft,2.09,4
U3UEfSln,Watson H.,Bouzkova M.,1,1,ou,22.50,under,ft,1.702,4
U3UEfSln,Watson H.,Bouzkova M.,1,1,ou,23.00,over,ft,2.25,1
U3UEfSln,Watson H.,Bouzkova M.,1,1,ou,23.00,under,ft,1.69,1
U3UEfSln,Watson H.,Bouzkova M.,1,1,ou,23.50,over,ft,2.293,3
U3UEfSln,Watson H.,Bouzkova M.,1,1,ou,23.50,under,ft,1.56,3
U3UEfSln,Watson H.,Bouzkova M.,1,1,ou,24.50,over,ft,2.4,3
U3UEfSln,Watson H.,Bouzkova M.,1,1,ou,24.50,under,ft,1.51,3
U3UEfSln,Watson H.,Bouzkova M.,1,1,ou,25.50,over,ft,2.643,3
U3UEfSln,Watson H.,Bouzkova M.,1,1,ou,25.50,under,ft,1.43,3
U3UEfSln,Watson H.,Bouzkova M.,1,1,hc,1.00,home,ft,2.15,2
U3UEfSln,Watson H.,Bouzkova M.,1,1,hc,1.00,away,ft,1.59,2
U3UEfSln,Watson H.,Bouzkova M.,1,1,hc,1.50,home,ft,1.68,4
U3UEfSln,Watson H.,Bouzkova M.,1,1,hc,1.50,away,ft,2.087,4
U3UEfSln,Watson H.,Bouzkova M.,1,1,hc,-1.50,home,ft,4.717,3
U3UEfSln,Watson H.,Bouzkova M.,1,1,hc,-1.50,away,ft,1.16,3
U3UEfSln,Watson H.,Bouzkova M.,1,1,hc,0.50,home,ft,2.403,3
U3UEfSln,Watson H.,Bouzkova M.,1,1,hc,0.50,away,ft,1.52,3
U3UEfSln,Watson H.,Bouzkova M.,1,1,hc,-0.50,home,ft,2.87,1
U3UEfSln,Watson H.,Bouzkova M.,1,1,hc,-0.50,away,ft,1.42,1
U3UEfSln,Watson H.,Bouzkova M.,1,1,hc,1.00,home,ft,2.157,3
U3UEfSln,Watson H.,Bouzkova M.,1,1,hc,1.00,away,ft,1.633,3
U3UEfSln,Watson H.,Bouzkova M.,1,1,hc,1.50,home,ft,2.317,4
U3UEfSln,Watson H.,Bouzkova M.,1,1,hc,1.50,away,ft,1.593,4
U3UEfSln,Watson H.,Bouzkova M.,1,1,hc,-1.50,home,ft,2.58,1
U3UEfSln,Watson H.,Bouzkova M.,1,1,hc,-1.50,away,ft,1.46,1
U3UEfSln,Watson H.,Bouzkova M.,1,1,hc,2.00,home,ft,2.31,3
U3UEfSln,Watson H.,Bouzkova M.,1,1,hc,2.00,away,ft,1.58,3
U3UEfSln,Watson H.,Bouzkova M.,1,1,hc,2.50,home,ft,2.17,4
U3UEfSln,Watson H.,Bouzkova M.,1,1,hc,2.50,away,ft,1.677,4
U3UEfSln,Watson H.,Bouzkova M.,1,1,hc,3.00,home,ft,2.0,3
U3UEfSln,Watson H.,Bouzkova M.,1,1,hc,3.00,away,ft,1.797,3
U3UEfSln,Watson H.,Bouzkova M.,1,1,hc,3.50,home,ft,1.87,4
U3UEfSln,Watson H.,Bouzkova M.,1,1,hc,3.50,away,ft,1.96,4
U3UEfSln,Watson H.,Bouzkova M.,1,1,hc,4.00,home,ft,1.677,3
U3UEfSln,Watson H.,Bouzkova M.,1,1,hc,4.00,away,ft,2.17,3
U3UEfSln,Watson H.,Bouzkova M.,1,1,hc,4.50,home,ft,1.575,4
U3UEfSln,Watson H.,Bouzkova M.,1,1,hc,4.50,away,ft,2.368,4
U3UEfSln,Watson H.,Bouzkova M.,1,1,hc,5.00,home,ft,1.39,2
U3UEfSln,Watson H.,Bouzkova M.,1,1,hc,5.00,away,ft,2.77,2
U3UEfSln,Watson H.,Bouzkova M.,1,1,hc,5.50,home,ft,1.32,2
U3UEfSln,Watson H.,Bouzkova M.,1,1,hc,5.50,away,ft,3.04,2
0hpJMG2b,Uchijima M.,Dart H.,0,0,ou,2.50,over,ft,2.4,1
0hpJMG2b,Uchijima M.,Dart H.,0,0,ou,2.50,under,ft,1.62,1
0hpJMG2b,Uchijima M.,Dart H.,0,0,ou,19.50,over,ft,1.433,3
0hpJMG2b,Uchijima M.,Dart H.,0,0,ou,19.50,under,ft,2.627,3
0hpJMG2b,Uchijima M.,Dart H.,0,0,ou,20.50,over,ft,1.603,3
0hpJMG2b,Uchijima M.,Dart H.,0,0,ou,20.50,under,ft,2.203,3
0hpJMG2b,Uchijima M.,Dart H.,0,0,ou,21.00,over,ft,1.72,3
0hpJMG2b,Uchijima M.,Dart H.,0,0,ou,21.00,under,ft,2.097,3
0hpJMG2b,Uchijima M.,Dart H.,0,0,ou,21.50,over,ft,1.79,4
0hpJMG2b,Uchijima M.,Dart H.,0,0,ou,21.50,under,ft,1.97,4
0hpJMG2b,Uchijima M.,Dart H.,0,0,ou,22.00,over,ft,1.943,3
0hpJMG2b,Uchijima M.,Dart H.,0,0,ou,22.00,under,ft,1.847,3
0hpJMG2b,Uchijima M.,Dart H.,0,0,ou,22.50,over,ft,2.055,4
0hpJMG2b,Uchijima M.,Dart H.,0,0,ou,22.50,under,ft,1.73,4
0hpJMG2b,Uchijima M.,Dart H.,0,0,ou,23.00,over,ft,2.23,1
0hpJMG2b,Uchijima M.,Dart H.,0,0,ou,23.00,under,ft,1.7,1
0hpJMG2b,Uchijima M.,Dart H.,0,0,ou,23.50,over,ft,2.25,3
0hpJMG2b,Uchijima M.,Dart H.,0,0,ou,23.50,under,ft,1.58,3
0hpJMG2b,Uchijima M.,Dart H.,0,0,ou,24.50,over,ft,2.37,3
0hpJMG2b,Uchijima M.,Dart H.,0,0,ou,24.50,under,ft,1.523,3
0hpJMG2b,Uchijima M.,Dart H.,0,0,ou,25.50,over,ft,2.63,3
0hpJMG2b,Uchijima M.,Dart H.,0,0,ou,25.50,under,ft,1.433,3
0hpJMG2b,Uchijima M.,Dart H.,0,0,hc,1.00,home,ft,1.73,2
0hpJMG2b,Uchijima M.,Dart H.,0,0,hc,1.00,away,ft,1.94,2
0hpJMG2b,Uchijima M.,Dart H.,0,0,hc,-1.00,home,ft,2.65,2
0hpJMG2b,Uchijima M.,Dart H.,0,0,hc,-1.00,away,ft,1.4,2
0hpJMG2b,Uchijima M.,Dart H.,0,0,hc,1.50,home,ft,1.525,4
0hpJMG2b,Uchijima M.,Dart H.,0,0,hc,1.50,away,ft,2.405,4
0hpJMG2b,Uchijima M.,Dart H.,0,0,hc,-1.50,home,ft,3.773,3
0hpJMG2b,Uchijima M.,Dart H.,0,0,hc,-1.50,away,ft,1.243,3
0hpJMG2b,Uchijima M.,Dart H.,0,0,hc,0,home,ft,2.117,3
0hpJMG2b,Uchijima M.,Dart H.,0,0,hc,0,away,ft,1.66,3
0hpJMG2b,Uchijima M.,Dart H.,0,0,hc,0.50,home,ft,2.18,4
0hpJMG2b,Uchijima M.,Dart H.,0,0,hc,0.50,away,ft,1.657,4
0hpJMG2b,Uchijima M.,Dart H.,0,0,hc,-0.50,home,ft,2.205,4
0hpJMG2b,Uchijima M.,Dart H.,0,0,hc,-0.50,away,ft,1.643,4
0hpJMG2b,Uchijima M.,Dart H.,0,0,hc,1.00,home,ft,2.07,3
0hpJMG2b,Uchijima M.,Dart H.,0,0,hc,1.00,away,ft,1.717,3
0hpJMG2b,Uchijima M.,Dart H.,0,0,hc,-1.00,home,ft,2.113,3
0hpJMG2b,Uchijima M.,Dart H.,0,0,hc,-1.00,away,ft,1.667,3
0hpJMG2b,Uchijima M.,Dart H.,0,0,hc,1.50,home,ft,2.1,4
0hpJMG2b,Uchijima M.,Dart H.,0,0,hc,1.50,away,ft,1.725,4
0hpJMG2b,Uchijima M.,Dart H.,0,0,hc,-1.50,home,ft,2.087,3
0hpJMG2b,Uchijima M.,Dart H.,0,0,hc,-1.50,away,ft,1.797,3
0hpJMG2b,Uchijima M.,Dart H.,0,0,hc,2.00,home,ft,1.973,3
0hpJMG2b,Uchijima M.,Dart H.,0,0,hc,2.00,away,ft,1.827,3
0hpJMG2b,Uchijima M.,Dart H.,0,0,hc,-2.00,home,ft,2.29,2
0hpJMG2b,Uchijima M.,Dart H.,0,0,hc,-2.00,away,ft,1.52,2
0hpJMG2b,Uchijima M.,Dart H.,0,0,hc,2.50,home,ft,1.925,4
0hpJMG2b,Uchijima M.,Dart H.,0,0,hc,2.50,away,ft,1.885,4
0hpJMG2b,Uchijima M.,Dart H.,0,0,hc,-2.50,home,ft,2.19,3
0hpJMG2b,Uchijima M.,Dart H.,0,0,hc,-2.50,away,ft,1.69,3
0hpJMG2b,Uchijima M.,Dart H.,0,0,hc,3.00,home,ft,1.76,3
0hpJMG2b,Uchijima M.,Dart H.,0,0,hc,3.00,away,ft,2.047,3
0hpJMG2b,Uchijima M.,Dart H.,0,0,hc,-3.00,home,ft,2.01,2
0hpJMG2b,Uchijima M.,Dart H.,0,0,hc,-3.00,away,ft,1.68,2
0hpJMG2b,Uchijima M.,Dart H.,0,0,hc,3.50,home,ft,1.685,4
0hpJMG2b,Uchijima M.,Dart H.,0,0,hc,3.50,away,ft,2.165,4
0hpJMG2b,Uchijima M.,Dart H.,0,0,hc,-3.50,home,ft,2.067,3
0hpJMG2b,Uchijima M.,Dart H.,0,0,hc,-3.50,away,ft,1.663,3
0hpJMG2b,Uchijima M.,Dart H.,0,0,hc,4.00,home,ft,1.48,2
0hpJMG2b,Uchijima M.,Dart H.,0,0,hc,4.00,away,ft,2.47,2
0hpJMG2b,Uchijima M.,Dart H.,0,0,hc,-4.00,home,ft,2.44,2
0hpJMG2b,Uchijima M.,Dart H.,0,0,hc,-4.00,away,ft,1.46,2
0hpJMG2b,Uchijima M.,Dart H.,0,0,hc,4.50,home,ft,1.427,3
0hpJMG2b,Uchijima M.,Dart H.,0,0,hc,4.50,away,ft,2.687,3
0hpJMG2b,Uchijima M.,Dart H.,0,0,hc,-4.50,home,ft,2.67,2
0hpJMG2b,Uchijima M.,Dart H.,0,0,hc,-4.50,away,ft,1.39,2
KYxnO8M5,Saville D.,Krejcikova B.,0,0,ou,2.50,over,ft,2.52,1
KYxnO8M5,Saville D.,Krejcikova B.,0,0,ou,2.50,under,ft,1.56,1
KYxnO8M5,Saville D.,Krejcikova B.,0,0,ou,19.50,over,ft,1.51,3
KYxnO8M5,Saville D.,Krejcikova B.,0,0,ou,19.50,under,ft,2.413,3
KYxnO8M5,Saville D.,Krejcikova B.,0,0,ou,20.00,over,ft,1.66,1
KYxnO8M5,Saville D.,Krejcikova B.,0,0,ou,20.00,under,ft,2.29,1
KYxnO8M5,Saville D.,Krejcikova B.,0,0,ou,20.50,over,ft,1.722,4
KYxnO8M5,Saville D.,Krejcikova B.,0,0,ou,20.50,under,ft,2.062,4
KYxnO8M5,Saville D.,Krejcikova B.,0,0,ou,21.00,over,ft,1.793,3
KYxnO8M5,Saville D.,Krejcikova B.,0,0,ou,21.00,under,ft,2.0,3
KYxnO8M5,Saville D.,Krejcikova B.,0,0,ou,21.50,over,ft,1.903,4
KYxnO8M5,Saville D.,Krejcikova B.,0,0,ou,21.50,under,ft,1.927,4
KYxnO8M5,Saville D.,Krejcikova B.,0,0,ou,22.00,over,ft,2.037,3
KYxnO8M5,Saville D.,Krejcikova B.,0,0,ou,22.00,under,ft,1.767,3
KYxnO8M5,Saville D.,Krejcikova B.,0,0,ou,22.50,over,ft,2.2,4
KYxnO8M5,Saville D.,Krejcikova B.,0,0,ou,22.50,under,ft,1.635,4
KYxnO8M5,Saville D.,Krejcikova B.,0,0,ou,23.50,over,ft,2.447,3
KYxnO8M5,Saville D.,Krejcikova B.,0,0,ou,23.50,under,ft,1.5,3
KYxnO8M5,Saville D.,Krejcikova B.,0,0,ou,24.50,over,ft,2.603,3
KYxnO8M5,Saville D.,Krejcikova B.,0,0,ou,24.50,under,ft,1.447,3
KYxnO8M5,Saville D.,Krejcikova B.,0,0,ou,25.50,over,ft,2.923,3
KYxnO8M5,Saville D.,Krejcikova B.,0,0,ou,25.50,under,ft,1.357,3
KYxnO8M5,Saville D.,Krejcikova B.,0,0,ou,35.50,over,ft,9.7,2
KYxnO8M5,Saville D.,Krejcikova B.,0,0,hc,1.00,home,ft,1.76,2
KYxnO8M5,Saville D.,Krejcikova B.,0,0,hc,1.00,away,ft,1.91,2
KYxnO8M5,Saville D.,Krejcikova B.,0,0,hc,1.50,home,ft,1.51,4
KYxnO8M5,Saville D.,Krejcikova B.,0,0,hc,1.50,away,ft,2.435,4
KYxnO8M5,Saville D.,Krejcikova B.,0,0,hc,-1.50,home,ft,3.617,3
KYxnO8M5,Saville D.,Krejcikova B.,0,0,hc,-1.50,away,ft,1.257,3
KYxnO8M5,Saville D.,Krejcikova B.,0,0,hc,0,home,ft,2.67,2
KYxnO8M5,Saville D.,Krejcikova B.,0,0,hc,0,away,ft,1.39,2
KYxnO8M5,Saville D.,Krejcikova B.,0,0,hc,0.50,home,ft,2.16,3
KYxnO8M5,Saville D.,Krejcikova B.,0,0,hc,0.50,away,ft,1.643,3
KYxnO8M5,Saville D.,Krejcikova B.,0,0,hc,-0.50,home,ft,2.36,1
KYxnO8M5,Saville D.,Krejcikova B.,0,0,hc,-0.50,away,ft,1.6,1
KYxnO8M5,Saville D.,Krejcikova B.,0,0,hc,1.00,home,ft,2.09,2
KYxnO8M5,Saville D.,Krejcikova B.,0,0,hc,1.00,away,ft,1.67,2
KYxnO8M5,Saville D.,Krejcikova B.,0,0,hc,1.50,home,ft,2.045,4
KYxnO8M5,Saville D.,Krejcikova B.,0,0,hc,1.50,away,ft,1.762,4
KYxnO8M5,Saville D.,Krejcikova B.,0,0,hc,-1.50,home,ft,2.54,1
KYxnO8M5,Saville D.,Krejcikova B.,0,0,hc,-1.50,away,ft,1.53,1
KYxnO8M5,Saville D.,Krejcikova B.,0,0,hc,2.00,home,ft,1.96,3
KYxnO8M5,Saville D.,Krejcikova B.,0,0,hc,2.00,away,ft,1.827,3
KYxnO8M5,Saville D.,Krejcikova B.,0,0,hc,2.50,home,ft,1.935,4
KYxnO8M5,Saville D.,Krejcikova B.,0,0,hc,2.50,away,ft,1.893,4
KYxnO8M5,Saville D.,Krejcikova B.,0,0,hc,-2.50,home,ft,2.79,1
KYxnO8M5,Saville D.,Krejcikova B.,0,0,hc,-2.50,away,ft,1.44,1
KYxnO8M5,Saville D.,Krejcikova B.,0,0,hc,3.00,home,ft,1.777,3
KYxnO8M5,Saville D.,Krejcikova B.,0,0,hc,3.00,away,ft,2.02,3
KYxnO8M5,Saville D.,Krejcikova B.,0,0,hc,3.50,home,ft,1.69,4
KYxnO8M5,Saville D.,Krejcikova B.,0,0,hc,3.50,away,ft,2.152,4
KYxnO8M5,Saville D.,Krejcikova B.,0,0,hc,4.00,home,ft,1.557,3
KYxnO8M5,Saville D.,Krejcikova B.,0,0,hc,4.00,away,ft,2.38,3
KYxnO8M5,Saville D.,Krejcikova B.,0,0,hc,4.50,home,ft,1.485,4
KYxnO8M5,Saville D.,Krejcikova B.,0,0,hc,4.50,away,ft,2.553,4
KYxnO8M5,Saville D.,Krejcikova B.,0,0,hc,5.00,home,ft,1.38,2
KYxnO8M5,Saville D.,Krejcikova B.,0,0,hc,5.00,away,ft,2.81,2
KYxnO8M5,Saville D.,Krejcikova B.,0,0,hc,5.50,home,ft,1.31,2
KYxnO8M5,Saville D.,Krejcikova B.,0,0,hc,5.50,away,ft,3.1,2
KYxnO8M5,Saville D.,Krejcikova B.,0,0,hc,6.50,home,ft,1.18,2
KYxnO8M5,Saville D.,Krejcikova B.,0,0,hc,6.50,away,ft,4.07,2
QVNNh6Jb,Wozniacki C.,Mertens E.,0,0,ou,2.50,over,ft,2.42,1
QVNNh6Jb,Wozniacki C.,Mertens E.,0,0,ou,2.50,under,ft,1.61,1
QVNNh6Jb,Wozniacki C.,Mertens E.,0,0,ou,19.50,over,ft,1.48,3
QVNNh6Jb,Wozniacki C.,Mertens E.,0,0,ou,19.50,under,ft,2.49,3
QVNNh6Jb,Wozniacki C.,Mertens E.,0,0,ou,20.50,over,ft,1.705,4
QVNNh6Jb,Wozniacki C.,Mertens E.,0,0,ou,20.50,under,ft,2.178,4
QVNNh6Jb,Wozniacki C.,Mertens E.,0,0,ou,21.00,over,ft,1.757,3
QVNNh6Jb,Wozniacki C.,Mertens E.,0,0,ou,21.00,under,ft,2.093,3
QVNNh6Jb,Wozniacki C.,Mertens E.,0,0,ou,21.50,over,ft,1.877,4
QVNNh6Jb,Wozniacki C.,Mertens E.,0,0,ou,21.50,under,ft,1.945,4
QVNNh6Jb,Wozniacki C.,Mertens E.,0,0,ou,22.00,over,ft,1.953,3
QVNNh6Jb,Wozniacki C.,Mertens E.,0,0,ou,22.00,under,ft,1.833,3
QVNNh6Jb,Wozniacki C.,Mertens E.,0,0,ou,22.50,over,ft,2.06,4
QVNNh6Jb,Wozniacki C.,Mertens E.,0,0,ou,22.50,under,ft,1.79,4
QVNNh6Jb,Wozniacki C.,Mertens E.,0,0,ou,23.50,over,ft,2.41,3
QVNNh6Jb,Wozniacki C.,Mertens E.,0,0,ou,23.50,under,ft,1.507,3
QVNNh6Jb,Wozniacki C.,Mertens E.,0,0,ou,24.50,over,ft,2.547,3
QVNNh6Jb,Wozniacki C.,Mertens E.,0,0,ou,24.50,under,ft,1.46,3
QVNNh6Jb,Wozniacki C.,Mertens E.,0,0,ou,25.50,over,ft,2.86,3
QVNNh6Jb,Wozniacki C.,Mertens E.,0,0,ou,25.50,under,ft,1.37,3
QVNNh6Jb,Wozniacki C.,Mertens E.,0,0,hc,1.00,home,ft,1.68,2
QVNNh6Jb,Wozniacki C.,Mertens E.,0,0,hc,1.00,away,ft,2.01,2
QVNNh6Jb,Wozniacki C.,Mertens E.,0,0,hc,1.50,home,ft,1.475,4
QVNNh6Jb,Wozniacki C.,Mertens E.,0,0,hc,1.50,away,ft,2.542,4
QVNNh6Jb,Wozniacki C.,Mertens E.,0,0,hc,-1.50,home,ft,3.403,3
QVNNh6Jb,Wozniacki C.,Mertens E.,0,0,hc,-1.50,away,ft,1.287,3
QVNNh6Jb,Wozniacki C.,Mertens E.,0,0,hc,0,home,ft,2.02,2
QVNNh6Jb,Wozniacki C.,Mertens E.,0,0,hc,0,away,ft,1.67,2
QVNNh6Jb,Wozniacki C.,Mertens E.,0,0,hc,0.50,home,ft,2.06,4
QVNNh6Jb,Wozniacki C.,Mertens E.,0,0,hc,0.50,away,ft,1.782,4
QVNNh6Jb,Wozniacki C.,Mertens E.,0,0,hc,-0.50,home,ft,2.21,3
QVNNh6Jb,Wozniacki C.,Mertens E.,0,0,hc,-0.50,away,ft,1.673,3
QVNNh6Jb,Wozniacki C.,Mertens E.,0,0,hc,1.00,home,ft,1.993,3
QVNNh6Jb,Wozniacki C.,Mertens E.,0,0,hc,1.00,away,ft,1.837,3
QVNNh6Jb,Wozniacki C.,Mertens E.,0,0,hc,-1.00,home,ft,2.24,2
QVNNh6Jb,Wozniacki C.,Mertens E.,0,0,hc,-1.00,away,ft,1.65,2
QVNNh6Jb,Wozniacki C.,Mertens E.,0,0,hc,1.50,home,ft,1.955,4
QVNNh6Jb,Wozniacki C.,Mertens E.,0,0,hc,1.50,away,ft,1.873,4
QVNNh6Jb,Wozniacki C.,Mertens E.,0,0,hc,-1.50,home,ft,2.5,1
QVNNh6Jb,Wozniacki C.,Mertens E.,0,0,hc,-1.50,away,ft,1.54,1
QVNNh6Jb,Wozniacki C.,Mertens E.,0,0,hc,2.00,home,ft,1.847,3
QVNNh6Jb,Wozniacki C.,Mertens E.,0,0,hc,2.00,away,ft,1.98,3
QVNNh6Jb,Wozniacki C.,Mertens E.,0,0,hc,2.50,home,ft,1.805,4
QVNNh6Jb,Wozniacki C.,Mertens E.,0,0,hc,2.50,away,ft,2.038,4
QVNNh6Jb,Wozniacki C.,Mertens E.,0,0,hc,-2.50,home,ft,2.75,1
QVNNh6Jb,Wozniacki C.,Mertens E.,0,0,hc,-2.50,away,ft,1.46,1
QVNNh6Jb,Wozniacki C.,Mertens E.,0,0,hc,3.00,home,ft,1.68,3
QVNNh6Jb,Wozniacki C.,Mertens E.,0,0,hc,3.00,away,ft,2.22,3
QVNNh6Jb,Wozniacki C.,Mertens E.,0,0,hc,3.50,home,ft,1.645,4
QVNNh6Jb,Wozniacki C.,Mertens E.,0,0,hc,3.50,away,ft,2.292,4
QVNNh6Jb,Wozniacki C.,Mertens E.,0,0,hc,4.00,home,ft,1.487,3
QVNNh6Jb,Wozniacki C.,Mertens E.,0,0,hc,4.00,away,ft,2.483,3
QVNNh6Jb,Wozniacki C.,Mertens E.,0,0,hc,4.50,home,ft,1.437,3
QVNNh6Jb,Wozniacki C.,Mertens E.,0,0,hc,4.50,away,ft,2.62,3
pbmkv745,Fernandez L.,Sorribes Tormo S.,2,2,ou,2.50,over,ft,2.7,1
pbmkv745,Fernandez L.,Sorribes Tormo S.,2,2,ou,2.50,under,ft,1.5,1
pbmkv745,Fernandez L.,Sorribes Tormo S.,2,2,ou,18.50,over,ft,1.453,3
pbmkv745,Fernandez L.,Sorribes Tormo S.,2,2,ou,18.50,under,ft,2.573,3
pbmkv745,Fernandez L.,Sorribes Tormo S.,2,2,ou,19.50,over,ft,1.662,4
pbmkv745,Fernandez L.,Sorribes Tormo S.,2,2,ou,19.50,under,ft,2.15,4
pbmkv745,Fernandez L.,Sorribes Tormo S.,2,2,ou,20.00,over,ft,1.713,3
pbmkv745,Fernandez L.,Sorribes Tormo S.,2,2,ou,20.00,under,ft,2.123,3
pbmkv745,Fernandez L.,Sorribes Tormo S.,2,2,ou,20.50,over,ft,1.87,4
pbmkv745,Fernandez L.,Sorribes Tormo S.,2,2,ou,20.50,under,ft,1.867,4
pbmkv745,Fernandez L.,Sorribes Tormo S.,2,2,ou,21.00,over,ft,1.92,3
pbmkv745,Fernandez L.,Sorribes Tormo S.,2,2,ou,21.00,under,ft,1.873,3
pbmkv745,Fernandez L.,Sorribes Tormo S.,2,2,ou,21.50,over,ft,2.013,4
pbmkv745,Fernandez L.,Sorribes Tormo S.,2,2,ou,21.50,under,ft,1.825,4
pbmkv745,Fernandez L.,Sorribes Tormo S.,2,2,ou,22.00,over,ft,2.143,3
pbmkv745,Fernandez L.,Sorribes Tormo S.,2,2,ou,22.00,under,ft,1.69,3
pbmkv745,Fernandez L.,Sorribes Tormo S.,2,2,ou,22.50,over,ft,2.377,3
pbmkv745,Fernandez L.,Sorribes Tormo S.,2,2,ou,22.50,under,ft,1.527,3
pbmkv745,Fernandez L.,Sorribes Tormo S.,2,2,ou,23.50,over,ft,2.627,3
pbmkv745,Fernandez L.,Sorribes Tormo S.,2,2,ou,23.50,under,ft,1.437,3
pbmkv745,Fernandez L.,Sorribes Tormo S.,2,2,ou,24.50,over,ft,2.79,3
pbmkv745,Fernandez L.,Sorribes Tormo S.,2,2,ou,24.50,under,ft,1.39,3
pbmkv745,Fernandez L.,Sorribes Tormo S.,2,2,ou,25.50,over,ft,2.96,2
pbmkv745,Fernandez L.,Sorribes Tormo S.,2,2,ou,25.50,under,ft,1.32,2
pbmkv745,Fernandez L.,Sorribes Tormo S.,2,2,hc,-1.00,home,ft,1.41,2
pbmkv745,Fernandez L.,Sorribes Tormo S.,2,2,hc,-1.00,away,ft,2.61,2
pbmkv745,Fernandez L.,Sorribes Tormo S.,2,2,hc,1.50,home,ft,1.13,3
pbmkv745,Fernandez L.,Sorribes Tormo S.,2,2,hc,1.50,away,ft,5.347,3
pbmkv745,Fernandez L.,Sorribes Tormo S.,2,2,hc,-1.50,home,ft,1.893,4
pbmkv745,Fernandez L.,Sorribes Tormo S.,2,2,hc,-1.50,away,ft,1.845,4
pbmkv745,Fernandez L.,Sorribes Tormo S.,2,2,hc,0,home,ft,1.55,2
pbmkv745,Fernandez L.,Sorribes Tormo S.,2,2,hc,0,away,ft,2.23,2
pbmkv745,Fernandez L.,Sorribes Tormo S.,2,2,hc,0.50,home,ft,1.41,1
pbmkv745,Fernandez L.,Sorribes Tormo S.,2,2,hc,0.50,away,ft,2.92,1
pbmkv745,Fernandez L.,Sorribes Tormo S.,2,2,hc,-0.50,home,ft,1.503,3
pbmkv745,Fernandez L.,Sorribes Tormo S.,2,2,hc,-0.50,away,ft,2.443,3
pbmkv745,Fernandez L.,Sorribes Tormo S.,2,2,hc,-1.00,home,ft,1.56,2
pbmkv745,Fernandez L.,Sorribes Tormo S.,2,2,hc,-1.00,away,ft,2.21,2
pbmkv745,Fernandez L.,Sorribes Tormo S.,2,2,hc,-1.50,home,ft,1.49,3
pbmkv745,Fernandez L.,Sorribes Tormo S.,2,2,hc,-1.50,away,ft,2.487,3
pbmkv745,Fernandez L.,Sorribes Tormo S.,2,2,hc,-2.00,home,ft,1.52,2
pbmkv745,Fernandez L.,Sorribes Tormo S.,2,2,hc,-2.00,away,ft,2.365,2
pbmkv745,Fernandez L.,Sorribes Tormo S.,2,2,hc,-2.50,home,ft,1.542,4
pbmkv745,Fernandez L.,Sorribes Tormo S.,2,2,hc,-2.50,away,ft,2.43,4
pbmkv745,Fernandez L.,Sorribes Tormo S.,2,2,hc,-3.00,home,ft,1.523,3
pbmkv745,Fernandez L.,Sorribes Tormo S.,2,2,hc,-3.00,away,ft,2.45,3
pbmkv745,Fernandez L.,Sorribes Tormo S.,2,2,hc,-3.50,home,ft,1.812,4
pbmkv745,Fernandez L.,Sorribes Tormo S.,2,2,hc,-3.50,away,ft,2.018,4
pbmkv745,Fernandez L.,Sorribes Tormo S.,2,2,hc,-4.00,home,ft,1.75,3
pbmkv745,Fernandez L.,Sorribes Tormo S.,2,2,hc,-4.00,away,ft,2.06,3
pbmkv745,Fernandez L.,Sorribes Tormo S.,2,2,hc,-4.50,home,ft,1.972,4
pbmkv745,Fernandez L.,Sorribes Tormo S.,2,2,hc,-4.50,away,ft,1.847,4
pbmkv745,Fernandez L.,Sorribes Tormo S.,2,2,hc,-5.00,home,ft,2.167,3
pbmkv745,Fernandez L.,Sorribes Tormo S.,2,2,hc,-5.00,away,ft,1.683,3
pbmkv745,Fernandez L.,Sorribes Tormo S.,2,2,hc,-5.50,home,ft,2.413,3
pbmkv745,Fernandez L.,Sorribes Tormo S.,2,2,hc,-5.50,away,ft,1.54,3
pbmkv745,Fernandez L.,Sorribes Tormo S.,2,2,hc,-6.00,home,ft,2.81,2
pbmkv745,Fernandez L.,Sorribes Tormo S.,2,2,hc,-6.00,away,ft,1.38,2
pbmkv745,Fernandez L.,Sorribes Tormo S.,2,2,hc,-6.50,home,ft,3.15,2
pbmkv745,Fernandez L.,Sorribes Tormo S.,2,2,hc,-6.50,away,ft,1.3,2
SvnBOxYo,Osorio C.,Golubic V.,1,1,ou,2.50,over,ft,2.29,1
SvnBOxYo,Osorio C.,Golubic V.,1,1,ou,2.50,under,ft,1.67,1
SvnBOxYo,Osorio C.,Golubic V.,1,1,ou,19.50,over,ft,1.42,3
SvnBOxYo,Osorio C.,Golubic V.,1,1,ou,19.50,under,ft,2.673,3
SvnBOxYo,Osorio C.,Golubic V.,1,1,ou,20.50,over,ft,1.63,4
SvnBOxYo,Osorio C.,Golubic V.,1,1,ou,20.50,under,ft,2.208,4
SvnBOxYo,Osorio C.,Golubic V.,1,1,ou,21.00,over,ft,1.76,1
SvnBOxYo,Osorio C.,Golubic V.,1,1,ou,21.00,under,ft,2.13,1
SvnBOxYo,Osorio C.,Golubic V.,1,1,ou,21.50,over,ft,1.79,4
SvnBOxYo,Osorio C.,Golubic V.,1,1,ou,21.50,under,ft,1.972,4
SvnBOxYo,Osorio C.,Golubic V.,1,1,ou,22.00,over,ft,1.96,1
SvnBOxYo,Osorio C.,Golubic V.,1,1,ou,22.00,under,ft,1.9,1
SvnBOxYo,Osorio C.,Golubic V.,1,1,ou,22.50,over,ft,2.065,4
SvnBOxYo,Osorio C.,Golubic V.,1,1,ou,22.50,under,ft,1.78,4
SvnBOxYo,Osorio C.,Golubic V.,1,1,ou,23.00,over,ft,2.19,1
SvnBOxYo,Osorio C.,Golubic V.,1,1,ou,23.00,under,ft,1.73,1
SvnBOxYo,Osorio C.,Golubic V.,1,1,ou,23.50,over,ft,2.267,3
SvnBOxYo,Osorio C.,Golubic V.,1,1,ou,23.50,under,ft,1.57,3
SvnBOxYo,Osorio C.,Golubic V.,1,1,ou,24.50,over,ft,2.41,3
SvnBOxYo,Osorio C.,Golubic V.,1,1,ou,24.50,under,ft,1.507,3
SvnBOxYo,Osorio C.,Golubic V.,1,1,ou,25.50,over,ft,2.703,3
SvnBOxYo,Osorio C.,Golubic V.,1,1,ou,25.50,under,ft,1.417,3
SvnBOxYo,Osorio C.,Golubic V.,1,1,hc,-1.00,home,ft,2.11,2
SvnBOxYo,Osorio C.,Golubic V.,1,1,hc,-1.00,away,ft,1.61,2
SvnBOxYo,Osorio C.,Golubic V.,1,1,hc,1.50,home,ft,1.29,3
SvnBOxYo,Osorio C.,Golubic V.,1,1,hc,1.50,away,ft,3.373,3
SvnBOxYo,Osorio C.,Golubic V.,1,1,hc,-1.50,home,ft,2.712,4
SvnBOxYo,Osorio C.,Golubic V.,1,1,hc,-1.50,away,ft,1.42,4
SvnBOxYo,Osorio C.,Golubic V.,1,1,hc,0,home,ft,1.737,3
SvnBOxYo,Osorio C.,Golubic V.,1,1,hc,0,away,ft,2.013,3
SvnBOxYo,Osorio C.,Golubic V.,1,1,hc,0.50,home,ft,1.673,3
SvnBOxYo,Osorio C.,Golubic V.,1,1,hc,0.50,away,ft,2.09,3
SvnBOxYo,Osorio C.,Golubic V.,1,1,hc,-0.50,home,ft,1.792,4
SvnBOxYo,Osorio C.,Golubic V.,1,1,hc,-0.50,away,ft,1.972,4
SvnBOxYo,Osorio C.,Golubic V.,1,1,hc,1.00,home,ft,1.59,2
SvnBOxYo,Osorio C.,Golubic V.,1,1,hc,1.00,away,ft,2.16,2
SvnBOxYo,Osorio C.,Golubic V.,1,1,hc,-1.00,home,ft,1.827,3
SvnBOxYo,Osorio C.,Golubic V.,1,1,hc,-1.00,away,ft,1.91,3
SvnBOxYo,Osorio C.,Golubic V.,1,1,hc,1.50,home,ft,1.59,3
SvnBOxYo,Osorio C.,Golubic V.,1,1,hc,1.50,away,ft,2.237,3
SvnBOxYo,Osorio C.,Golubic V.,1,1,hc,-1.50,home,ft,1.932,4
SvnBOxYo,Osorio C.,Golubic V.,1,1,hc,-1.50,away,ft,1.893,4
SvnBOxYo,Osorio C.,Golubic V.,1,1,hc,-2.00,home,ft,1.973,3
SvnBOxYo,Osorio C.,Golubic V.,1,1,hc,-2.00,away,ft,1.767,3
SvnBOxYo,Osorio C.,Golubic V.,1,1,hc,2.50,home,ft,1.53,1
SvnBOxYo,Osorio C.,Golubic V.,1,1,hc,2.50,away,ft,2.53,1
SvnBOxYo,Osorio C.,Golubic V.,1,1,hc,-2.50,home,ft,2.085,4
SvnBOxYo,Osorio C.,Golubic V.,1,1,hc,-2.50,away,ft,1.702,4
SvnBOxYo,Osorio C.,Golubic V.,1,1,hc,-3.00,home,ft,2.193,3
SvnBOxYo,Osorio C.,Golubic V.,1,1,hc,-3.00,away,ft,1.62,3
SvnBOxYo,Osorio C.,Golubic V.,1,1,hc,-3.50,home,ft,2.337,4
SvnBOxYo,Osorio C.,Golubic V.,1,1,hc,-3.50,away,ft,1.57,4
SvnBOxYo,Osorio C.,Golubic V.,1,1,hc,-4.00,home,ft,2.5,2
SvnBOxYo,Osorio C.,Golubic V.,1,1,hc,-4.00,away,ft,1.44,2
SvnBOxYo,Osorio C.,Golubic V.,1,1,hc,-4.50,home,ft,2.753,3
SvnBOxYo,Osorio C.,Golubic V.,1,1,hc,-4.50,away,ft,1.397,3
GIeYsk5t,Tomljanovic A.,Blinkova A.,2,2,ou,2.50,over,ft,2.42,1
GIeYsk5t,Tomljanovic A.,Blinkova A.,2,2,ou,2.50,under,ft,1.61,1
GIeYsk5t,Tomljanovic A.,Blinkova A.,2,2,ou,19.50,over,ft,1.477,3
GIeYsk5t,Tomljanovic A.,Blinkova A.,2,2,ou,19.50,under,ft,2.49,3
GIeYsk5t,Tomljanovic A.,Blinkova A.,2,2,ou,20.50,over,ft,1.695,4
GIeYsk5t,Tomljanovic A.,Blinkova A.,2,2,ou,20.50,under,ft,2.105,4
GIeYsk5t,Tomljanovic A.,Blinkova A.,2,2,ou,21.00,over,ft,1.82,1
GIeYsk5t,Tomljanovic A.,Blinkova A.,2,2,ou,21.00,under,ft,2.06,1
GIeYsk5t,Tomljanovic A.,Blinkova A.,2,2,ou,21.50,over,ft,1.885,4
GIeYsk5t,Tomljanovic A.,Blinkova A.,2,2,ou,21.50,under,ft,1.942,4
GIeYsk5t,Tomljanovic A.,Blinkova A.,2,2,ou,22.00,over,ft,2.04,1
GIeYsk5t,Tomljanovic A.,Blinkova A.,2,2,ou,22.00,under,ft,1.83,1
GIeYsk5t,Tomljanovic A.,Blinkova A.,2,2,ou,22.50,over,ft,2.147,4
GIeYsk5t,Tomljanovic A.,Blinkova A.,2,2,ou,22.50,under,ft,1.665,4
GIeYsk5t,Tomljanovic A.,Blinkova A.,2,2,ou,23.50,over,ft,2.38,3
GIeYsk5t,Tomljanovic A.,Blinkova A.,2,2,ou,23.50,under,ft,1.523,3
GIeYsk5t,Tomljanovic A.,Blinkova A.,2,2,ou,24.50,over,ft,2.527,3
GIeYsk5t,Tomljanovic A.,Blinkova A.,2,2,ou,24.50,under,ft,1.47,3
GIeYsk5t,Tomljanovic A.,Blinkova A.,2,2,ou,25.50,over,ft,2.823,3
GIeYsk5t,Tomljanovic A.,Blinkova A.,2,2,ou,25.50,under,ft,1.383,3
GIeYsk5t,Tomljanovic A.,Blinkova A.,2,2,hc,-1.00,home,ft,1.93,2
GIeYsk5t,Tomljanovic A.,Blinkova A.,2,2,hc,-1.00,away,ft,1.74,2
GIeYsk5t,Tomljanovic A.,Blinkova A.,2,2,hc,1.50,home,ft,1.26,3
GIeYsk5t,Tomljanovic A.,Blinkova A.,2,2,hc,1.50,away,ft,3.61,3
GIeYsk5t,Tomljanovic A.,Blinkova A.,2,2,hc,-1.50,home,ft,2.518,4
GIeYsk5t,Tomljanovic A.,Blinkova A.,2,2,hc,-1.50,away,ft,1.485,4
GIeYsk5t,Tomljanovic A.,Blinkova A.,2,2,hc,0,home,ft,1.59,2
GIeYsk5t,Tomljanovic A.,Blinkova A.,2,2,hc,0,away,ft,2.15,2
GIeYsk5t,Tomljanovic A.,Blinkova A.,2,2,hc,0.50,home,ft,1.62,3
GIeYsk5t,Tomljanovic A.,Blinkova A.,2,2,hc,0.50,away,ft,2.173,3
GIeYsk5t,Tomljanovic A.,Blinkova A.,2,2,hc,-0.50,home,ft,1.673,3
GIeYsk5t,Tomljanovic A.,Blinkova A.,2,2,hc,-0.50,away,ft,2.097,3
GIeYsk5t,Tomljanovic A.,Blinkova A.,2,2,hc,1.00,home,ft,1.53,2
GIeYsk5t,Tomljanovic A.,Blinkova A.,2,2,hc,1.00,away,ft,2.27,2
GIeYsk5t,Tomljanovic A.,Blinkova A.,2,2,hc,-1.00,home,ft,1.7,3
GIeYsk5t,Tomljanovic A.,Blinkova A.,2,2,hc,-1.00,away,ft,2.063,3
GIeYsk5t,Tomljanovic A.,Blinkova A.,2,2,hc,1.50,home,ft,1.59,1
GIeYsk5t,Tomljanovic A.,Blinkova A.,2,2,hc,1.50,away,ft,2.39,1
GIeYsk5t,Tomljanovic A.,Blinkova A.,2,2,hc,-1.50,home,ft,1.79,4
GIeYsk5t,Tomljanovic A.,Blinkova A.,2,2,hc,-1.50,away,ft,1.972,4
GIeYsk5t,Tomljanovic A.,Blinkova A.,2,2,hc,-2.00,home,ft,1.83,3
GIeYsk5t,Tomljanovic A.,Blinkova A.,2,2,hc,-2.00,away,ft,1.903,3
GIeYsk5t,Tomljanovic A.,Blinkova A.,2,2,hc,2.50,home,ft,1.49,1
GIeYsk5t,Tomljanovic A.,Blinkova A.,2,2,hc,2.50,away,ft,2.64,1
GIeYsk5t,Tomljanovic A.,Blinkova A.,2,2,hc,-2.50,home,ft,1.958,4
GIeYsk5t,Tomljanovic A.,Blinkova A.,2,2,hc,-2.50,away,ft,1.867,4
GIeYsk5t,Tomljanovic A.,Blinkova A.,2,2,hc,-3.00,home,ft,2.043,3
GIeYsk5t,Tomljanovic A.,Blinkova A.,2,2,hc,-3.00,away,ft,1.717,3
GIeYsk5t,Tomljanovic A.,Blinkova A.,2,2,hc,-3.50,home,ft,2.19,4
GIeYsk5t,Tomljanovic A.,Blinkova A.,2,2,hc,-3.50,away,ft,1.638,4
GIeYsk5t,Tomljanovic A.,Blinkova A.,2,2,hc,-4.00,home,ft,2.41,2
GIeYsk5t,Tomljanovic A.,Blinkova A.,2,2,hc,-4.00,away,ft,1.47,2
GIeYsk5t,Tomljanovic A.,Blinkova A.,2,2,hc,-4.50,home,ft,2.69,3
GIeYsk5t,Tomljanovic A.,Blinkova A.,2,2,hc,-4.50,away,ft,1.413,3
bqMVjplB,Zhu L.,Cirstea S.,2,2,ou,2.50,over,ft,2.57,1
bqMVjplB,Zhu L.,Cirstea S.,2,2,ou,2.50,under,ft,1.55,1
bqMVjplB,Zhu L.,Cirstea S.,2,2,ou,18.50,over,ft,1.36,2
bqMVjplB,Zhu L.,Cirstea S.,2,2,ou,18.50,under,ft,2.82,2
bqMVjplB,Zhu L.,Cirstea S.,2,2,ou,19.50,over,ft,1.533,3
bqMVjplB,Zhu L.,Cirstea S.,2,2,ou,19.50,under,ft,2.343,3
bqMVjplB,Zhu L.,Cirstea S.,2,2,ou,20.00,over,ft,1.68,1
bqMVjplB,Zhu L.,Cirstea S.,2,2,ou,20.00,under,ft,2.25,1
bqMVjplB,Zhu L.,Cirstea S.,2,2,ou,20.50,over,ft,1.75,4
bqMVjplB,Zhu L.,Cirstea S.,2,2,ou,20.50,under,ft,2.022,4
bqMVjplB,Zhu L.,Cirstea S.,2,2,ou,21.00,over,ft,1.83,3
bqMVjplB,Zhu L.,Cirstea S.,2,2,ou,21.00,under,ft,1.96,3
bqMVjplB,Zhu L.,Cirstea S.,2,2,ou,21.50,over,ft,1.948,4
bqMVjplB,Zhu L.,Cirstea S.,2,2,ou,21.50,under,ft,1.877,4
bqMVjplB,Zhu L.,Cirstea S.,2,2,ou,22.00,over,ft,2.063,3
bqMVjplB,Zhu L.,Cirstea S.,2,2,ou,22.00,under,ft,1.747,3
bqMVjplB,Zhu L.,Cirstea S.,2,2,ou,22.50,over,ft,2.205,4
bqMVjplB,Zhu L.,Cirstea S.,2,2,ou,22.50,under,ft,1.633,4
bqMVjplB,Zhu L.,Cirstea S.,2,2,ou,23.50,over,ft,2.433,3
bqMVjplB,Zhu L.,Cirstea S.,2,2,ou,23.50,under,ft,1.5,3
bqMVjplB,Zhu L.,Cirstea S.,2,2,ou,24.50,over,ft,2.563,3
bqMVjplB,Zhu L.,Cirstea S.,2,2,ou,24.50,under,ft,1.457,3
bqMVjplB,Zhu L.,Cirstea S.,2,2,ou,25.50,over,ft,2.86,3
bqMVjplB,Zhu L.,Cirstea S.,2,2,ou,25.50,under,ft,1.377,3
bqMVjplB,Zhu L.,Cirstea S.,2,2,hc,1.00,home,ft,2.19,2
bqMVjplB,Zhu L.,Cirstea S.,2,2,hc,1.00,away,ft,1.57,2
bqMVjplB,Zhu L.,Cirstea S.,2,2,hc,1.50,home,ft,1.712,4
bqMVjplB,Zhu L.,Cirstea S.,2,2,hc,1.50,away,ft,2.045,4
bqMVjplB,Zhu L.,Cirstea S.,2,2,hc,-1.50,home,ft,5.063,3
bqMVjplB,Zhu L.,Cirstea S.,2,2,hc,-1.50,away,ft,1.14,3
bqMVjplB,Zhu L.,Cirstea S.,2,2,hc,0.50,home,ft,2.74,1
bqMVjplB,Zhu L.,Cirstea S.,2,2,hc,0.50,away,ft,1.46,1
bqMVjplB,Zhu L.,Cirstea S.,2,2,hc,-0.50,home,ft,2.93,1
bqMVjplB,Zhu L.,Cirstea S.,2,2,hc,-0.50,away,ft,1.41,1
bqMVjplB,Zhu L.,Cirstea S.,2,2,hc,1.50,home,ft,2.48,3
bqMVjplB,Zhu L.,Cirstea S.,2,2,hc,1.50,away,ft,1.49,3
bqMVjplB,Zhu L.,Cirstea S.,2,2,hc,2.00,home,ft,2.38,2
bqMVjplB,Zhu L.,Cirstea S.,2,2,hc,2.00,away,ft,1.52,2
bqMVjplB,Zhu L.,Cirstea S.,2,2,hc,2.50,home,ft,2.268,4
bqMVjplB,Zhu L.,Cirstea S.,2,2,hc,2.50,away,ft,1.625,4
bqMVjplB,Zhu L.,Cirstea S.,2,2,hc,3.00,home,ft,2.123,3
bqMVjplB,Zhu L.,Cirstea S.,2,2,hc,3.00,away,ft,1.703,3
bqMVjplB,Zhu L.,Cirstea S.,2,2,hc,3.50,home,ft,1.975,4
bqMVjplB,Zhu L.,Cirstea S.,2,2,hc,3.50,away,ft,1.857,4
bqMVjplB,Zhu L.,Cirstea S.,2,2,hc,4.00,home,ft,1.803,3
bqMVjplB,Zhu L.,Cirstea S.,2,2,hc,4.00,away,ft,1.987,3
bqMVjplB,Zhu L.,Cirstea S.,2,2,hc,4.50,home,ft,1.665,4
bqMVjplB,Zhu L.,Cirstea S.,2,2,hc,4.50,away,ft,2.19,4
bqMVjplB,Zhu L.,Cirstea S.,2,2,hc,5.00,home,ft,1.503,3
bqMVjplB,Zhu L.,Cirstea S.,2,2,hc,5.00,away,ft,2.5,3
bqMVjplB,Zhu L.,Cirstea S.,2,2,hc,5.50,home,ft,1.397,3
bqMVjplB,Zhu L.,Cirstea S.,2,2,hc,5.50,away,ft,2.793,3
bqMVjplB,Zhu L.,Cirstea S.,2,2,hc,6.00,home,ft,1.28,2
bqMVjplB,Zhu L.,Cirstea S.,2,2,hc,6.00,away,ft,3.34,2
bqMVjplB,Zhu L.,Cirstea S.,2,2,hc,6.50,home,ft,1.23,2
bqMVjplB,Zhu L.,Cirstea S.,2,2,hc,6.50,away,ft,3.66,2
lEU2KQLU,Potapova A.,Avanesyan E.,2,2,ou,2.50,over,ft,2.4,1
lEU2KQLU,Potapova A.,Avanesyan E.,2,2,ou,2.50,under,ft,1.62,1
lEU2KQLU,Potapova A.,Avanesyan E.,2,2,ou,19.50,over,ft,1.49,3
lEU2KQLU,Potapova A.,Avanesyan E.,2,2,ou,19.50,under,ft,2.45,3
lEU2KQLU,Potapova A.,Avanesyan E.,2,2,ou,20.00,over,ft,1.7,1
lEU2KQLU,Potapova A.,Avanesyan E.,2,2,ou,20.00,under,ft,2.21,1
lEU2KQLU,Potapova A.,Avanesyan E.,2,2,ou,20.50,over,ft,1.7,4
lEU2KQLU,Potapova A.,Avanesyan E.,2,2,ou,20.50,under,ft,2.095,4
lEU2KQLU,Potapova A.,Avanesyan E.,2,2,ou,21.00,over,ft,1.83,1
lEU2KQLU,Potapova A.,Avanesyan E.,2,2,ou,21.00,under,ft,2.04,1
lEU2KQLU,Potapova A.,Avanesyan E.,2,2,ou,21.50,over,ft,1.887,4
lEU2KQLU,Potapova A.,Avanesyan E.,2,2,ou,21.50,under,ft,1.94,4
lEU2KQLU,Potapova A.,Avanesyan E.,2,2,ou,22.00,over,ft,2.04,1
lEU2KQLU,Potapova A.,Avanesyan E.,2,2,ou,22.00,under,ft,1.83,1
lEU2KQLU,Potapova A.,Avanesyan E.,2,2,ou,22.50,over,ft,2.157,4
lEU2KQLU,Potapova A.,Avanesyan E.,2,2,ou,22.50,under,ft,1.657,4
lEU2KQLU,Potapova A.,Avanesyan E.,2,2,ou,23.50,over,ft,2.4,3
lEU2KQLU,Potapova A.,Avanesyan E.,2,2,ou,23.50,under,ft,1.517,3
lEU2KQLU,Potapova A.,Avanesyan E.,2,2,ou,24.50,over,ft,2.533,3
lEU2KQLU,Potapova A.,Avanesyan E.,2,2,ou,24.50,under,ft,1.467,3
lEU2KQLU,Potapova A.,Avanesyan E.,2,2,ou,25.50,over,ft,2.823,3
lEU2KQLU,Potapova A.,Avanesyan E.,2,2,ou,25.50,under,ft,1.383,3
lEU2KQLU,Potapova A.,Avanesyan E.,2,2,hc,-1.00,home,ft,1.75,2
lEU2KQLU,Potapova A.,Avanesyan E.,2,2,hc,-1.00,away,ft,1.92,2
lEU2KQLU,Potapova A.,Avanesyan E.,2,2,hc,1.50,home,ft,1.163,3
lEU2KQLU,Potapova A.,Avanesyan E.,2,2,hc,1.50,away,ft,4.703,3
lEU2KQLU,Potapova A.,Avanesyan E.,2,2,hc,-1.50,home,ft,2.197,4
lEU2KQLU,Potapova A.,Avanesyan E.,2,2,hc,-1.50,away,ft,1.62,4
lEU2KQLU,Potapova A.,Avanesyan E.,2,2,hc,0.50,home,ft,1.43,1
lEU2KQLU,Potapova A.,Avanesyan E.,2,2,hc,0.50,away,ft,2.84,1
lEU2KQLU,Potapova A.,Avanesyan E.,2,2,hc,-0.50,home,ft,1.49,1
lEU2KQLU,Potapova A.,Avanesyan E.,2,2,hc,-0.50,away,ft,2.64,1
lEU2KQLU,Potapova A.,Avanesyan E.,2,2,hc,-1.50,home,ft,1.59,3
lEU2KQLU,Potapova A.,Avanesyan E.,2,2,hc,-1.50,away,ft,2.26,3
lEU2KQLU,Potapova A.,Avanesyan E.,2,2,hc,-2.00,home,ft,1.667,3
lEU2KQLU,Potapova A.,Avanesyan E.,2,2,hc,-2.00,away,ft,2.15,3
lEU2KQLU,Potapova A.,Avanesyan E.,2,2,hc,-2.50,home,ft,1.718,4
lEU2KQLU,Potapova A.,Avanesyan E.,2,2,hc,-2.50,away,ft,2.107,4
lEU2KQLU,Potapova A.,Avanesyan E.,2,2,hc,-3.00,home,ft,1.843,3
lEU2KQLU,Potapova A.,Avanesyan E.,2,2,hc,-3.00,away,ft,1.927,3
lEU2KQLU,Potapova A.,Avanesyan E.,2,2,hc,-3.50,home,ft,1.962,4
lEU2KQLU,Potapova A.,Avanesyan E.,2,2,hc,-3.50,away,ft,1.865,4
lEU2KQLU,Potapova A.,Avanesyan E.,2,2,hc,-4.00,home,ft,2.203,3
lEU2KQLU,Potapova A.,Avanesyan E.,2,2,hc,-4.00,away,ft,1.647,3
lEU2KQLU,Potapova A.,Avanesyan E.,2,2,hc,-4.50,home,ft,2.39,4
lEU2KQLU,Potapova A.,Avanesyan E.,2,2,hc,-4.50,away,ft,1.567,4
lEU2KQLU,Potapova A.,Avanesyan E.,2,2,hc,-5.00,home,ft,2.74,3
lEU2KQLU,Potapova A.,Avanesyan E.,2,2,hc,-5.00,away,ft,1.43,3
lEU2KQLU,Potapova A.,Avanesyan E.,2,2,hc,-5.50,home,ft,2.99,3
lEU2KQLU,Potapova A.,Avanesyan E.,2,2,hc,-5.50,away,ft,1.347,3
fBFvkOIN,Ostapenko J.,Cocciaretto E.,0,0,ou,2.50,over,ft,2.85,1
fBFvkOIN,Ostapenko J.,Cocciaretto E.,0,0,ou,2.50,under,ft,1.46,1
fBFvkOIN,Ostapenko J.,Cocciaretto E.,0,0,ou,18.50,over,ft,1.43,3
fBFvkOIN,Ostapenko J.,Cocciaretto E.,0,0,ou,18.50,under,ft,2.65,3
fBFvkOIN,Ostapenko J.,Cocciaretto E.,0,0,ou,19.50,over,ft,1.647,4
fBFvkOIN,Ostapenko J.,Cocciaretto E.,0,0,ou,19.50,under,ft,2.178,4
fBFvkOIN,Ostapenko J.,Cocciaretto E.,0,0,ou,20.00,over,ft,1.8,1
fBFvkOIN,Ostapenko J.,Cocciaretto E.,0,0,ou,20.00,under,ft,2.08,1
fBFvkOIN,Ostapenko J.,Cocciaretto E.,0,0,ou,20.50,over,ft,1.92,4
fBFvkOIN,Ostapenko J.,Cocciaretto E.,0,0,ou,20.50,under,ft,1.902,4
fBFvkOIN,Ostapenko J.,Cocciaretto E.,0,0,ou,21.00,over,ft,2.06,1
fBFvkOIN,Ostapenko J.,Cocciaretto E.,0,0,ou,21.00,under,ft,1.82,1
fBFvkOIN,Ostapenko J.,Cocciaretto E.,0,0,ou,21.50,over,ft,2.092,4
fBFvkOIN,Ostapenko J.,Cocciaretto E.,0,0,ou,21.50,under,ft,1.7,4
fBFvkOIN,Ostapenko J.,Cocciaretto E.,0,0,ou,22.00,over,ft,2.19,1
fBFvkOIN,Ostapenko J.,Cocciaretto E.,0,0,ou,22.00,under,ft,1.71,1
fBFvkOIN,Ostapenko J.,Cocciaretto E.,0,0,ou,22.50,over,ft,2.353,3
fBFvkOIN,Ostapenko J.,Cocciaretto E.,0,0,ou,22.50,under,ft,1.533,3
fBFvkOIN,Ostapenko J.,Cocciaretto E.,0,0,ou,23.50,over,ft,2.577,3
fBFvkOIN,Ostapenko J.,Cocciaretto E.,0,0,ou,23.50,under,ft,1.45,3
fBFvkOIN,Ostapenko J.,Cocciaretto E.,0,0,ou,24.50,over,ft,2.753,3
fBFvkOIN,Ostapenko J.,Cocciaretto E.,0,0,ou,24.50,under,ft,1.397,3
fBFvkOIN,Ostapenko J.,Cocciaretto E.,0,0,ou,25.50,over,ft,2.98,2
fBFvkOIN,Ostapenko J.,Cocciaretto E.,0,0,ou,25.50,under,ft,1.32,2
fBFvkOIN,Ostapenko J.,Cocciaretto E.,0,0,hc,-1.00,home,ft,1.4,2
fBFvkOIN,Ostapenko J.,Cocciaretto E.,0,0,hc,-1.00,away,ft,2.65,2
fBFvkOIN,Ostapenko J.,Cocciaretto E.,0,0,hc,1.50,home,ft,1.063,3
fBFvkOIN,Ostapenko J.,Cocciaretto E.,0,0,hc,1.50,away,ft,7.417,3
fBFvkOIN,Ostapenko J.,Cocciaretto E.,0,0,hc,-1.50,home,ft,1.775,4
fBFvkOIN,Ostapenko J.,Cocciaretto E.,0,0,hc,-1.50,away,ft,1.975,4
fBFvkOIN,Ostapenko J.,Cocciaretto E.,0,0,hc,-1.50,home,ft,1.437,3
fBFvkOIN,Ostapenko J.,Cocciaretto E.,0,0,hc,-1.50,away,ft,2.587,3
fBFvkOIN,Ostapenko J.,Cocciaretto E.,0,0,hc,-2.00,home,ft,1.49,2
fBFvkOIN,Ostapenko J.,Cocciaretto E.,0,0,hc,-2.00,away,ft,2.38,2
fBFvkOIN,Ostapenko J.,Cocciaretto E.,0,0,hc,-2.50,home,ft,1.43,3
fBFvkOIN,Ostapenko J.,Cocciaretto E.,0,0,hc,-2.50,away,ft,2.667,3
fBFvkOIN,Ostapenko J.,Cocciaretto E.,0,0,hc,-3.00,home,ft,1.49,2
fBFvkOIN,Ostapenko J.,Cocciaretto E.,0,0,hc,-3.00,away,ft,2.44,2
fBFvkOIN,Ostapenko J.,Cocciaretto E.,0,0,hc,-3.50,home,ft,1.575,4
fBFvkOIN,Ostapenko J.,Cocciaretto E.,0,0,hc,-3.50,away,ft,2.375,4
fBFvkOIN,Ostapenko J.,Cocciaretto E.,0,0,hc,-4.00,home,ft,1.703,3
fBFvkOIN,Ostapenko J.,Cocciaretto E.,0,0,hc,-4.00,away,ft,2.13,3
fBFvkOIN,Ostapenko J.,Cocciaretto E.,0,0,hc,-4.50,home,ft,1.87,4
fBFvkOIN,Ostapenko J.,Cocciaretto E.,0,0,hc,-4.50,away,ft,1.958,4
fBFvkOIN,Ostapenko J.,Cocciaretto E.,0,0,hc,-5.00,home,ft,2.157,3
fBFvkOIN,Ostapenko J.,Cocciaretto E.,0,0,hc,-5.00,away,ft,1.687,3
fBFvkOIN,Ostapenko J.,Cocciaretto E.,0,0,hc,-5.50,home,ft,2.395,4
fBFvkOIN,Ostapenko J.,Cocciaretto E.,0,0,hc,-5.50,away,ft,1.562,4
fBFvkOIN,Ostapenko J.,Cocciaretto E.,0,0,hc,-6.00,home,ft,3.04,2
fBFvkOIN,Ostapenko J.,Cocciaretto E.,0,0,hc,-6.00,away,ft,1.33,2
fBFvkOIN,Ostapenko J.,Cocciaretto E.,0,0,hc,-6.50,home,ft,3.34,2
fBFvkOIN,Ostapenko J.,Cocciaretto E.,0,0,hc,-6.50,away,ft,1.27,2
fBFvkOIN,Ostapenko J.,Cocciaretto E.,0,0,hc,-7.00,home,ft,3.89,2
fBFvkOIN,Ostapenko J.,Cocciaretto E.,0,0,hc,-7.00,away,ft,1.2,2
fBFvkOIN,Ostapenko J.,Cocciaretto E.,0,0,hc,-7.50,home,ft,4.42,2
fBFvkOIN,Ostapenko J.,Cocciaretto E.,0,0,hc,-7.50,away,ft,1.15,2
OQ5Aq2to,Yuan Y.,Stephens S.,0,0,ou,2.50,over,ft,2.29,1
OQ5Aq2to,Yuan Y.,Stephens S.,0,0,ou,2.50,under,ft,1.67,1
OQ5Aq2to,Yuan Y.,Stephens S.,0,0,ou,19.50,over,ft,1.423,3
OQ5Aq2to,Yuan Y.,Stephens S.,0,0,ou,19.50,under,ft,2.667,3
OQ5Aq2to,Yuan Y.,Stephens S.,0,0,ou,20.50,over,ft,1.557,3
OQ5Aq2to,Yuan Y.,Stephens S.,0,0,ou,20.50,under,ft,2.297,3
OQ5Aq2to,Yuan Y.,Stephens S.,0,0,ou,21.00,over,ft,1.71,1
OQ5Aq2to,Yuan Y.,Stephens S.,0,0,ou,21.00,under,ft,2.21,1
OQ5Aq2to,Yuan Y.,Stephens S.,0,0,ou,21.50,over,ft,1.738,4
OQ5Aq2to,Yuan Y.,Stephens S.,0,0,ou,21.50,under,ft,2.042,4
OQ5Aq2to,Yuan Y.,Stephens S.,0,0,ou,22.00,over,ft,1.91,1
OQ5Aq2to,Yuan Y.,Stephens S.,0,0,ou,22.00,under,ft,1.95,1
OQ5Aq2to,Yuan Y.,Stephens S.,0,0,ou,22.50,over,ft,1.995,4
OQ5Aq2to,Yuan Y.,Stephens S.,0,0,ou,22.50,under,ft,1.84,4
OQ5Aq2to,Yuan Y.,Stephens S.,0,0,ou,23.00,over,ft,2.15,1
OQ5Aq2to,Yuan Y.,Stephens S.,0,0,ou,23.00,under,ft,1.75,1
OQ5Aq2to,Yuan Y.,Stephens S.,0,0,ou,23.50,over,ft,2.163,3
OQ5Aq2to,Yuan Y.,Stephens S.,0,0,ou,23.50,under,ft,1.627,3
OQ5Aq2to,Yuan Y.,Stephens S.,0,0,ou,24.50,over,ft,2.257,3
OQ5Aq2to,Yuan Y.,Stephens S.,0,0,ou,24.50,under,ft,1.58,3
OQ5Aq2to,Yuan Y.,Stephens S.,0,0,ou,25.50,over,ft,2.48,3
OQ5Aq2to,Yuan Y.,Stephens S.,0,0,ou,25.50,under,ft,1.487,3
OQ5Aq2to,Yuan Y.,Stephens S.,0,0,ou,26.50,over,ft,2.78,3
OQ5Aq2to,Yuan Y.,Stephens S.,0,0,ou,26.50,under,ft,1.393,3
OQ5Aq2to,Yuan Y.,Stephens S.,0,0,hc,1.00,home,ft,1.5,2
OQ5Aq2to,Yuan Y.,Stephens S.,0,0,hc,1.00,away,ft,2.34,2
OQ5Aq2to,Yuan Y.,Stephens S.,0,0,hc,-1.00,home,ft,2.41,2
OQ5Aq2to,Yuan Y.,Stephens S.,0,0,hc,-1.00,away,ft,1.48,2
OQ5Aq2to,Yuan Y.,Stephens S.,0,0,hc,1.50,home,ft,1.34,3
OQ5Aq2to,Yuan Y.,Stephens S.,0,0,hc,1.50,away,ft,3.043,3
OQ5Aq2to,Yuan Y.,Stephens S.,0,0,hc,-1.50,home,ft,3.135,4
OQ5Aq2to,Yuan Y.,Stephens S.,0,0,hc,-1.50,away,ft,1.328,4
OQ5Aq2to,Yuan Y.,Stephens S.,0,0,hc,0,home,ft,1.903,3
OQ5Aq2to,Yuan Y.,Stephens S.,0,0,hc,0,away,ft,1.827,3
OQ5Aq2to,Yuan Y.,Stephens S.,0,0,hc,0.50,home,ft,1.847,4
OQ5Aq2to,Yuan Y.,Stephens S.,0,0,hc,0.50,away,ft,1.91,4
OQ5Aq2to,Yuan Y.,Stephens S.,0,0,hc,-0.50,home,ft,1.965,4
OQ5Aq2to,Yuan Y.,Stephens S.,0,0,hc,-0.50,away,ft,1.865,4
OQ5Aq2to,Yuan Y.,Stephens S.,0,0,hc,1.00,home,ft,1.77,3
OQ5Aq2to,Yuan Y.,Stephens S.,0,0,hc,1.00,away,ft,1.967,3
OQ5Aq2to,Yuan Y.,Stephens S.,0,0,hc,-1.00,home,ft,2.033,3
OQ5Aq2to,Yuan Y.,Stephens S.,0,0,hc,-1.00,away,ft,1.727,3
OQ5Aq2to,Yuan Y.,Stephens S.,0,0,hc,1.50,home,ft,1.732,4
OQ5Aq2to,Yuan Y.,Stephens S.,0,0,hc,1.50,away,ft,2.05,4
OQ5Aq2to,Yuan Y.,Stephens S.,0,0,hc,-1.50,home,ft,2.087,4
OQ5Aq2to,Yuan Y.,Stephens S.,0,0,hc,-1.50,away,ft,1.7,4
OQ5Aq2to,Yuan Y.,Stephens S.,0,0,hc,2.00,home,ft,1.62,2
OQ5Aq2to,Yuan Y.,Stephens S.,0,0,hc,2.00,away,ft,2.1,2
OQ5Aq2to,Yuan Y.,Stephens S.,0,0,hc,-2.00,home,ft,2.147,3
OQ5Aq2to,Yuan Y.,Stephens S.,0,0,hc,-2.00,away,ft,1.65,3
OQ5Aq2to,Yuan Y.,Stephens S.,0,0,hc,2.50,home,ft,1.59,3
OQ5Aq2to,Yuan Y.,Stephens S.,0,0,hc,2.50,away,ft,2.237,3
OQ5Aq2to,Yuan Y.,Stephens S.,0,0,hc,-2.50,home,ft,2.123,3
OQ5Aq2to,Yuan Y.,Stephens S.,0,0,hc,-2.50,away,ft,1.667,3
OQ5Aq2to,Yuan Y.,Stephens S.,0,0,hc,-3.00,home,ft,2.23,2
OQ5Aq2to,Yuan Y.,Stephens S.,0,0,hc,-3.00,away,ft,1.55,2
OQ5Aq2to,Yuan Y.,Stephens S.,0,0,hc,3.50,home,ft,1.46,1
OQ5Aq2to,Yuan Y.,Stephens S.,0,0,hc,3.50,away,ft,2.74,1
OQ5Aq2to,Yuan Y.,Stephens S.,0,0,hc,-3.50,home,ft,2.533,3
OQ5Aq2to,Yuan Y.,Stephens S.,0,0,hc,-3.50,away,ft,1.47,3
