match_id,home,away,home_score,away_score,market,line,side,period,avg_odds,n_bookies
UHRAp7pT,Zheng Q.,Muchova K.,2,2,ou,18.50,over,ft,1.27,2
UHRAp7pT,Zheng Q.,Muchova K.,2,2,ou,18.50,under,ft,3.28,2
UHRAp7pT,Zheng Q.,Muchova K.,2,2,ou,19.00,over,ft,1.3,2
UHRAp7pT,Zheng Q.,Muchova K.,2,2,ou,19.00,under,ft,3.1,2
UHRAp7pT,Zheng Q.,Muchova K.,2,2,ou,19.50,over,ft,1.42,3
UHRAp7pT,Zheng Q.,Muchova K.,2,2,ou,19.50,under,ft,2.637,3
UHRAp7pT,Zheng Q.,Muchova K.,2,2,ou,20.00,over,ft,1.47,2
UHRAp7pT,Zheng Q.,Muchova K.,2,2,ou,20.00,under,ft,2.43,2
UHRAp7pT,Zheng Q.,Muchova K.,2,2,ou,20.50,over,ft,1.567,3
UHRAp7pT,Zheng Q.,Muchova K.,2,2,ou,20.50,under,ft,2.297,3
UHRAp7pT,Zheng Q.,Muchova K.,2,2,ou,21.00,over,ft,1.65,2
UHRAp7pT,Zheng Q.,Muchova K.,2,2,ou,21.00,under,ft,2.11,2
UHRAp7pT,Zheng Q.,Muchova K.,2,2,ou,21.50,over,ft,1.747,3
UHRAp7pT,Zheng Q.,Muchova K.,2,2,ou,21.50,under,ft,2.097,3
UHRAp7pT,Zheng Q.,Muchova K.,2,2,ou,22.00,over,ft,1.87,2
UHRAp7pT,Zheng Q.,Muchova K.,2,2,ou,22.00,under,ft,1.88,2
UHRAp7pT,Zheng Q.,Muchova K.,2,2,ou,22.50,over,ft,1.987,3
UHRAp7pT,Zheng Q.,Muchova K.,2,2,ou,22.50,under,ft,1.82,3
UHRAp7pT,Zheng Q.,Muchova K.,2,2,ou,23.00,over,ft,2.08,2
UHRAp7pT,Zheng Q.,Muchova K.,2,2,ou,23.00,under,ft,1.7,2
UHRAp7pT,Zheng Q.,Muchova K.,2,2,ou,23.50,over,ft,2.163,3
UHRAp7pT,Zheng Q.,Muchova K.,2,2,ou,23.50,under,ft,1.657,3
UHRAp7pT,Zheng Q.,Muchova K.,2,2,ou,24.00,over,ft,2.22,2
UHRAp7pT,Zheng Q.,Muchova K.,2,2,ou,24.00,under,ft,1.59,2
UHRAp7pT,Zheng Q.,Muchova K.,2,2,ou,24.50,over,ft,2.257,3
UHRAp7pT,Zheng Q.,Muchova K.,2,2,ou,24.50,under,ft,1.587,3
UHRAp7pT,Zheng Q.,Muchova K.,2,2,ou,25.00,over,ft,2.4,2
UHRAp7pT,Zheng Q.,Muchova K.,2,2,ou,25.00,under,ft,1.48,2
UHRAp7pT,Zheng Q.,Muchova K.,2,2,ou,25.50,over,ft,2.487,3
UHRAp7pT,Zheng Q.,Muchova K.,2,2,ou,25.50,under,ft,1.473,3
UHRAp7pT,Zheng Q.,Muchova K.,2,2,ou,26.50,over,ft,2.74,1
UHRAp7pT,Zheng Q.,Muchova K.,2,2,ou,26.50,under,ft,1.43,1
UHRAp7pT,Zheng Q.,Muchova K.,2,2,hc,-1.00,home,ft,1.96,2
UHRAp7pT,Zheng Q.,Muchova K.,2,2,hc,-1.00,away,ft,1.72,2
UHRAp7pT,Zheng Q.,Muchova K.,2,2,hc,1.50,home,ft,1.2,2
UHRAp7pT,Zheng Q.,Muchova K.,2,2,hc,1.50,away,ft,3.82,2
UHRAp7pT,Zheng Q.,Muchova K.,2,2,hc,-1.50,home,ft,2.563,3
UHRAp7pT,Zheng Q.,Muchova K.,2,2,hc,-1.50,away,ft,1.457,3
UHRAp7pT,Zheng Q.,Muchova K.,2,2,hc,0,home,ft,1.56,2
UHRAp7pT,Zheng Q.,Muchova K.,2,2,hc,0,away,ft,2.21,2
UHRAp7pT,Zheng Q.,Muchova K.,2,2,hc,0.50,home,ft,1.56,3
UHRAp7pT,Zheng Q.,Muchova K.,2,2,hc,0.50,away,ft,2.287,3
UHRAp7pT,Zheng Q.,Muchova K.,2,2,hc,-0.50,home,ft,1.653,3
UHRAp7pT,Zheng Q.,Muchova K.,2,2,hc,-0.50,away,ft,2.12,3
UHRAp7pT,Zheng Q.,Muchova K.,2,2,hc,1.00,home,ft,1.48,2
UHRAp7pT,Zheng Q.,Muchova K.,2,2,hc,1.00,away,ft,2.4,2
UHRAp7pT,Zheng Q.,Muchova K.,2,2,hc,-1.00,home,ft,1.66,2
UHRAp7pT,Zheng Q.,Muchova K.,2,2,hc,-1.00,away,ft,2.04,2
UHRAp7pT,Zheng Q.,Muchova K.,2,2,hc,1.50,home,ft,1.48,3
UHRAp7pT,Zheng Q.,Muchova K.,2,2,hc,1.50,away,ft,2.46,3
UHRAp7pT,Zheng Q.,Muchova K.,2,2,hc,-1.50,home,ft,1.763,3
UHRAp7pT,Zheng Q.,Muchova K.,2,2,hc,-1.50,away,ft,1.97,3
UHRAp7pT,Zheng Q.,Muchova K.,2,2,hc,-2.00,home,ft,1.79,2
UHRAp7pT,Zheng Q.,Muchova K.,2,2,hc,-2.00,away,ft,1.88,2
UHRAp7pT,Zheng Q.,Muchova K.,2,2,hc,2.50,home,ft,1.42,1
UHRAp7pT,Zheng Q.,Muchova K.,2,2,hc,2.50,away,ft,2.77,1
UHRAp7pT,Zheng Q.,Muchova K.,2,2,hc,-2.50,home,ft,1.987,3
UHRAp7pT,Zheng Q.,Muchova K.,2,2,hc,-2.50,away,ft,1.833,3
UHRAp7pT,Zheng Q.,Muchova K.,2,2,hc,-3.00,home,ft,2.01,2
UHRAp7pT,Zheng Q.,Muchova K.,2,2,hc,-3.00,away,ft,1.68,2
UHRAp7pT,Zheng Q.,Muchova K.,2,2,hc,-3.50,home,ft,2.22,3
UHRAp7pT,Zheng Q.,Muchova K.,2,2,hc,-3.50,away,ft,1.59,3
UHRAp7pT,Zheng Q.,Muchova K.,2,2,hc,-4.00,home,ft,2.41,2
UHRAp7pT,Zheng Q.,Muchova K.,2,2,hc,-4.00,away,ft,1.47,2
UHRAp7pT,Zheng Q.,Muchova K.,2,2,hc,-4.50,home,ft,2.683,3
UHRAp7pT,Zheng Q.,Muchova K.,2,2,hc,-4.50,away,ft,1.403,3
UHRAp7pT,Zheng Q.,Muchova K.,2,2,hc,-5.00,home,ft,3.22,2
UHRAp7pT,Zheng Q.,Muchova K.,2,2,hc,-5.00,away,ft,1.28,2
UHRAp7pT,Zheng Q.,Muchova K.,2,2,hc,-5.50,home,ft,3.48,2
UHRAp7pT,Zheng Q.,Muchova K.,2,2,hc,-5.50,away,ft,1.24,2
2i5xuKnn,Begu I.,Muchova K.,0,0,ou,2.50,over,ft,2.44,1
2i5xuKnn,Begu I.,Muchova K.,0,0,ou,2.50,under,ft,1.61,1
2i5xuKnn,Begu I.,Muchova K.,0,0,ou,16.50,over,ft,1.12,1
2i5xuKnn,Begu I.,Muchova K.,0,0,ou,16.50,under,ft,6.69,1
2i5xuKnn,Begu I.,Muchova K.,0,0,ou,18.50,over,ft,1.327,3
2i5xuKnn,Begu I.,Muchova K.,0,0,ou,18.50,under,ft,3.087,3
2i5xuKnn,Begu I.,Muchova K.,0,0,ou,19.00,over,ft,1.34,2
2i5xuKnn,Begu I.,Muchova K.,0,0,ou,19.00,under,ft,2.89,2
2i5xuKnn,Begu I.,Muchova K.,0,0,ou,19.50,over,ft,1.483,3
2i5xuKnn,Begu I.,Muchova K.,0,0,ou,19.50,under,ft,2.49,3
2i5xuKnn,Begu I.,Muchova K.,0,0,ou,20.00,over,ft,1.525,2
2i5xuKnn,Begu I.,Muchova K.,0,0,ou,20.00,under,ft,2.36,2
2i5xuKnn,Begu I.,Muchova K.,0,0,ou,20.50,over,ft,1.692,4
2i5xuKnn,Begu I.,Muchova K.,0,0,ou,20.50,under,ft,2.138,4
2i5xuKnn,Begu I.,Muchova K.,0,0,ou,21.00,over,ft,1.767,3
2i5xuKnn,Begu I.,Muchova K.,0,0,ou,21.00,under,ft,2.04,3
2i5xuKnn,Begu I.,Muchova K.,0,0,ou,21.50,over,ft,1.915,4
2i5xuKnn,Begu I.,Muchova K.,0,0,ou,21.50,under,ft,1.92,4
2i5xuKnn,Begu I.,Muchova K.,0,0,ou,22.00,over,ft,1.983,3
2i5xuKnn,Begu I.,Muchova K.,0,0,ou,22.00,under,ft,1.813,3
2i5xuKnn,Begu I.,Muchova K.,0,0,ou,22.50,over,ft,2.107,4
2i5xuKnn,Begu I.,Muchova K.,0,0,ou,22.50,under,ft,1.708,4
2i5xuKnn,Begu I.,Muchova K.,0,0,ou,23.00,over,ft,2.155,2
2i5xuKnn,Begu I.,Muchova K.,0,0,ou,23.00,under,ft,1.625,2
2i5xuKnn,Begu I.,Muchova K.,0,0,ou,23.50,over,ft,2.287,3
2i5xuKnn,Begu I.,Muchova K.,0,0,ou,23.50,under,ft,1.57,3
2i5xuKnn,Begu I.,Muchova K.,0,0,ou,24.00,over,ft,2.29,2
2i5xuKnn,Begu I.,Muchova K.,0,0,ou,24.00,under,ft,1.525,2
2i5xuKnn,Begu I.,Muchova K.,0,0,ou,24.50,over,ft,2.43,4
2i5xuKnn,Begu I.,Muchova K.,0,0,ou,24.50,under,ft,1.515,4
2i5xuKnn,Begu I.,Muchova K.,0,0,ou,25.50,over,ft,2.77,1
2i5xuKnn,Begu I.,Muchova K.,0,0,ou,25.50,under,ft,1.42,1
2i5xuKnn,Begu I.,Muchova K.,0,0,ou,26.50,over,ft,2.62,1
2i5xuKnn,Begu I.,Muchova K.,0,0,ou,26.50,under,ft,1.4,1
2i5xuKnn,Begu I.,Muchova K.,0,0,hc,1.00,home,ft,1.41,2
2i5xuKnn,Begu I.,Muchova K.,0,0,hc,1.00,away,ft,2.61,2
2i5xuKnn,Begu I.,Muchova K.,0,0,hc,-1.00,home,ft,2.09,2
2i5xuKnn,Begu I.,Muchova K.,0,0,hc,-1.00,away,ft,1.63,2
2i5xuKnn,Begu I.,Muchova K.,0,0,hc,1.50,home,ft,1.317,4
2i5xuKnn,Begu I.,Muchova K.,0,0,hc,1.50,away,ft,3.26,4
2i5xuKnn,Begu I.,Muchova K.,0,0,hc,-1.50,home,ft,2.758,4
2i5xuKnn,Begu I.,Muchova K.,0,0,hc,-1.50,away,ft,1.422,4
2i5xuKnn,Begu I.,Muchova K.,0,0,hc,0,home,ft,1.747,3
2i5xuKnn,Begu I.,Muchova K.,0,0,hc,0,away,ft,2.01,3
2i5xuKnn,Begu I.,Muchova K.,0,0,hc,0.50,home,ft,1.685,4
2i5xuKnn,Begu I.,Muchova K.,0,0,hc,0.50,away,ft,2.115,4
2i5xuKnn,Begu I.,Muchova K.,0,0,hc,-0.50,home,ft,1.775,4
2i5xuKnn,Begu I.,Muchova K.,0,0,hc,-0.50,away,ft,2.002,4
2i5xuKnn,Begu I.,Muchova K.,0,0,hc,1.00,home,ft,1.65,3
2i5xuKnn,Begu I.,Muchova K.,0,0,hc,1.00,away,ft,2.153,3
2i5xuKnn,Begu I.,Muchova K.,0,0,hc,-1.00,home,ft,1.82,3
2i5xuKnn,Begu I.,Muchova K.,0,0,hc,-1.00,away,ft,1.92,3
2i5xuKnn,Begu I.,Muchova K.,0,0,hc,1.50,home,ft,1.583,4
2i5xuKnn,Begu I.,Muchova K.,0,0,hc,1.50,away,ft,2.282,4
2i5xuKnn,Begu I.,Muchova K.,0,0,hc,-1.50,home,ft,1.895,4
2i5xuKnn,Begu I.,Muchova K.,0,0,hc,-1.50,away,ft,1.93,4
2i5xuKnn,Begu I.,Muchova K.,0,0,hc,2.00,home,ft,1.58,3
2i5xuKnn,Begu I.,Muchova K.,0,0,hc,2.00,away,ft,2.307,3
2i5xuKnn,Begu I.,Muchova K.,0,0,hc,-2.00,home,ft,1.963,3
2i5xuKnn,Begu I.,Muchova K.,0,0,hc,-2.00,away,ft,1.783,3
2i5xuKnn,Begu I.,Muchova K.,0,0,hc,2.50,home,ft,1.58,4
2i5xuKnn,Begu I.,Muchova K.,0,0,hc,2.50,away,ft,2.312,4
2i5xuKnn,Begu I.,Muchova K.,0,0,hc,-2.50,home,ft,2.017,3
2i5xuKnn,Begu I.,Muchova K.,0,0,hc,-2.50,away,ft,1.727,3
2i5xuKnn,Begu I.,Muchova K.,0,0,hc,3.00,home,ft,1.42,2
2i5xuKnn,Begu I.,Muchova K.,0,0,hc,3.00,away,ft,2.57,2
2i5xuKnn,Begu I.,Muchova K.,0,0,hc,-3.00,home,ft,2.14,2
2i5xuKnn,Begu I.,Muchova K.,0,0,hc,-3.00,away,ft,1.6,2
2i5xuKnn,Begu I.,Muchova K.,0,0,hc,3.50,home,ft,1.458,4
2i5xuKnn,Begu I.,Muchova K.,0,0,hc,3.50,away,ft,2.593,4
2i5xuKnn,Begu I.,Muchova K.,0,0,hc,-3.50,home,ft,2.345,4
2i5xuKnn,Begu I.,Muchova K.,0,0,hc,-3.50,away,ft,1.552,4
2i5xuKnn,Begu I.,Muchova K.,0,0,hc,4.00,home,ft,1.39,2
2i5xuKnn,Begu I.,Muchova K.,0,0,hc,4.00,away,ft,2.68,2
2i5xuKnn,Begu I.,Muchova K.,0,0,hc,-4.00,home,ft,2.615,2
2i5xuKnn,Begu I.,Muchova K.,0,0,hc,-4.00,away,ft,1.41,2
2i5xuKnn,Begu I.,Muchova K.,0,0,hc,4.50,home,ft,1.34,2
2i5xuKnn,Begu I.,Muchova K.,0,0,hc,4.50,away,ft,2.88,2
2i5xuKnn,Begu I.,Muchova K.,0,0,hc,-4.50,home,ft,2.79,2
2i5xuKnn,Begu I.,Muchova K.,0,0,hc,-4.50,away,ft,1.36,2
2i5xuKnn,Begu I.,Muchova K.,0,0,hc,-5.50,home,ft,4.22,1
2i5xuKnn,Begu I.,Muchova K.,0,0,hc,-5.50,away,ft,1.24,1
EwPuTby1,Zheng Q.,Parry D.,2,2,ou,2.50,over,ft,2.87,1
EwPuTby1,Zheng Q.,Parry D.,2,2,ou,2.50,under,ft,1.46,1
EwPuTby1,Zheng Q.,Parry D.,2,2,ou,16.50,over,ft,1.12,1
EwPuTby1,Zheng Q.,Parry D.,2,2,ou,16.50,under,ft,6.5,1
EwPuTby1,Zheng Q.,Parry D.,2,2,ou,17.50,over,ft,1.25,2
EwPuTby1,Zheng Q.,Parry D.,2,2,ou,17.50,under,ft,3.42,2
EwPuTby1,Zheng Q.,Parry D.,2,2,ou,18.00,over,ft,1.29,2
EwPuTby1,Zheng Q.,Parry D.,2,2,ou,18.00,under,ft,3.18,2
EwPuTby1,Zheng Q.,Parry D.,2,2,ou,18.50,over,ft,1.417,4
EwPuTby1,Zheng Q.,Parry D.,2,2,ou,18.50,under,ft,2.737,4
EwPuTby1,Zheng Q.,Parry D.,2,2,ou,19.00,over,ft,1.48,2
EwPuTby1,Zheng Q.,Parry D.,2,2,ou,19.00,under,ft,2.47,2
EwPuTby1,Zheng Q.,Parry D.,2,2,ou,19.50,over,ft,1.623,4
EwPuTby1,Zheng Q.,Parry D.,2,2,ou,19.50,under,ft,2.268,4
EwPuTby1,Zheng Q.,Parry D.,2,2,ou,20.00,over,ft,1.723,3
EwPuTby1,Zheng Q.,Parry D.,2,2,ou,20.00,under,ft,2.103,3
EwPuTby1,Zheng Q.,Parry D.,2,2,ou,20.50,over,ft,1.873,4
EwPuTby1,Zheng Q.,Parry D.,2,2,ou,20.50,under,ft,1.952,4
EwPuTby1,Zheng Q.,Parry D.,2,2,ou,21.00,over,ft,1.967,3
EwPuTby1,Zheng Q.,Parry D.,2,2,ou,21.00,under,ft,1.827,3
EwPuTby1,Zheng Q.,Parry D.,2,2,ou,21.50,over,ft,2.08,4
EwPuTby1,Zheng Q.,Parry D.,2,2,ou,21.50,under,ft,1.735,4
EwPuTby1,Zheng Q.,Parry D.,2,2,ou,22.00,over,ft,2.223,3
EwPuTby1,Zheng Q.,Parry D.,2,2,ou,22.00,under,ft,1.627,3
EwPuTby1,Zheng Q.,Parry D.,2,2,ou,22.50,over,ft,2.365,4
EwPuTby1,Zheng Q.,Parry D.,2,2,ou,22.50,under,ft,1.55,4
EwPuTby1,Zheng Q.,Parry D.,2,2,ou,23.00,over,ft,2.46,2
EwPuTby1,Zheng Q.,Parry D.,2,2,ou,23.00,under,ft,1.46,2
EwPuTby1,Zheng Q.,Parry D.,2,2,ou,23.50,over,ft,2.587,3
EwPuTby1,Zheng Q.,Parry D.,2,2,ou,23.50,under,ft,1.437,3
EwPuTby1,Zheng Q.,Parry D.,2,2,ou,24.00,over,ft,2.46,2
EwPuTby1,Zheng Q.,Parry D.,2,2,ou,24.00,under,ft,1.46,2
EwPuTby1,Zheng Q.,Parry D.,2,2,ou,24.50,over,ft,2.67,4
EwPuTby1,Zheng Q.,Parry D.,2,2,ou,24.50,under,ft,1.432,4
EwPuTby1,Zheng Q.,Parry D.,2,2,hc,-1.00,home,ft,1.3,2
EwPuTby1,Zheng Q.,Parry D.,2,2,hc,-1.00,away,ft,3.08,2
EwPuTby1,Zheng Q.,Parry D.,2,2,hc,1.50,home,ft,1.077,3
EwPuTby1,Zheng Q.,Parry D.,2,2,hc,1.50,away,ft,7.047,3
EwPuTby1,Zheng Q.,Parry D.,2,2,hc,-1.50,home,ft,1.702,4
EwPuTby1,Zheng Q.,Parry D.,2,2,hc,-1.50,away,ft,2.087,4
EwPuTby1,Zheng Q.,Parry D.,2,2,hc,0,home,ft,1.26,2
EwPuTby1,Zheng Q.,Parry D.,2,2,hc,0,away,ft,3.33,2
EwPuTby1,Zheng Q.,Parry D.,2,2,hc,1.50,home,ft,1.19,1
EwPuTby1,Zheng Q.,Parry D.,2,2,hc,1.50,away,ft,4.84,1
EwPuTby1,Zheng Q.,Parry D.,2,2,hc,-1.50,home,ft,1.287,3
EwPuTby1,Zheng Q.,Parry D.,2,2,hc,-1.50,away,ft,3.353,3
EwPuTby1,Zheng Q.,Parry D.,2,2,hc,-2.00,home,ft,1.29,2
EwPuTby1,Zheng Q.,Parry D.,2,2,hc,-2.00,away,ft,3.18,2
EwPuTby1,Zheng Q.,Parry D.,2,2,hc,-2.50,home,ft,1.367,3
EwPuTby1,Zheng Q.,Parry D.,2,2,hc,-2.50,away,ft,2.863,3
EwPuTby1,Zheng Q.,Parry D.,2,2,hc,-3.00,home,ft,1.443,3
EwPuTby1,Zheng Q.,Parry D.,2,2,hc,-3.00,away,ft,2.693,3
EwPuTby1,Zheng Q.,Parry D.,2,2,hc,-3.50,home,ft,1.53,4
EwPuTby1,Zheng Q.,Parry D.,2,2,hc,-3.50,away,ft,2.442,4
EwPuTby1,Zheng Q.,Parry D.,2,2,hc,-4.00,home,ft,1.67,3
EwPuTby1,Zheng Q.,Parry D.,2,2,hc,-4.00,away,ft,2.197,3
EwPuTby1,Zheng Q.,Parry D.,2,2,hc,-4.50,home,ft,1.915,4
EwPuTby1,Zheng Q.,Parry D.,2,2,hc,-4.50,away,ft,1.915,4
EwPuTby1,Zheng Q.,Parry D.,2,2,hc,-5.00,home,ft,2.137,3
EwPuTby1,Zheng Q.,Parry D.,2,2,hc,-5.00,away,ft,1.703,3
EwPuTby1,Zheng Q.,Parry D.,2,2,hc,-5.50,home,ft,2.408,4
EwPuTby1,Zheng Q.,Parry D.,2,2,hc,-5.50,away,ft,1.548,4
EwPuTby1,Zheng Q.,Parry D.,2,2,hc,-6.00,home,ft,2.9,2
EwPuTby1,Zheng Q.,Parry D.,2,2,hc,-6.00,away,ft,1.36,2
EwPuTby1,Zheng Q.,Parry D.,2,2,hc,-6.50,home,ft,3.24,2
EwPuTby1,Zheng Q.,Parry D.,2,2,hc,-6.50,away,ft,1.29,2
EwPuTby1,Zheng Q.,Parry D.,2,2,hc,-7.00,home,ft,4.7,2
EwPuTby1,Zheng Q.,Parry D.,2,2,hc,-7.00,away,ft,1.14,2
EwPuTby1,Zheng Q.,Parry D.,2,2,hc,-7.50,home,ft,5.64,3
EwPuTby1,Zheng Q.,Parry D.,2,2,hc,-7.50,away,ft,1.113,3
426CYNx2,Sharma A.,Muchova K.,0,0,ou,2.50,over,ft,2.57,1
426CYNx2,Sharma A.,Muchova K.,0,0,ou,2.50,under,ft,1.56,1
426CYNx2,Sharma A.,Muchova K.,0,0,ou,16.50,over,ft,1.13,1
426CYNx2,Sharma A.,Muchova K.,0,0,ou,16.50,under,ft,6.09,1
426CYNx2,Sharma A.,Muchova K.,0,0,ou,17.00,over,ft,1.23,2
426CYNx2,Sharma A.,Muchova K.,0,0,ou,17.00,under,ft,3.58,2
426CYNx2,Sharma A.,Muchova K.,0,0,ou,17.50,over,ft,1.36,2
426CYNx2,Sharma A.,Muchova K.,0,0,ou,17.50,under,ft,2.84,2
426CYNx2,Sharma A.,Muchova K.,0,0,ou,18.00,over,ft,1.27,2
426CYNx2,Sharma A.,Muchova K.,0,0,ou,18.00,under,ft,3.28,2
426CYNx2,Sharma A.,Muchova K.,0,0,ou,18.50,over,ft,1.402,4
426CYNx2,Sharma A.,Muchova K.,0,0,ou,18.50,under,ft,2.83,4
426CYNx2,Sharma A.,Muchova K.,0,0,ou,19.00,over,ft,1.43,2
426CYNx2,Sharma A.,Muchova K.,0,0,ou,19.00,under,ft,2.55,2
426CYNx2,Sharma A.,Muchova K.,0,0,ou,19.50,over,ft,1.593,4
426CYNx2,Sharma A.,Muchova K.,0,0,ou,19.50,under,ft,2.3,4
426CYNx2,Sharma A.,Muchova K.,0,0,ou,20.00,over,ft,1.663,3
426CYNx2,Sharma A.,Muchova K.,0,0,ou,20.00,under,ft,2.17,3
426CYNx2,Sharma A.,Muchova K.,0,0,ou,20.50,over,ft,1.79,4
426CYNx2,Sharma A.,Muchova K.,0,0,ou,20.50,under,ft,2.002,4
426CYNx2,Sharma A.,Muchova K.,0,0,ou,21.00,over,ft,1.883,3
426CYNx2,Sharma A.,Muchova K.,0,0,ou,21.00,under,ft,1.91,3
426CYNx2,Sharma A.,Muchova K.,0,0,ou,21.50,over,ft,1.962,4
426CYNx2,Sharma A.,Muchova K.,0,0,ou,21.50,under,ft,1.87,4
426CYNx2,Sharma A.,Muchova K.,0,0,ou,22.00,over,ft,2.123,3
426CYNx2,Sharma A.,Muchova K.,0,0,ou,22.00,under,ft,1.707,3
426CYNx2,Sharma A.,Muchova K.,0,0,ou,22.50,over,ft,2.255,4
426CYNx2,Sharma A.,Muchova K.,0,0,ou,22.50,under,ft,1.623,4
426CYNx2,Sharma A.,Muchova K.,0,0,ou,23.00,over,ft,2.34,2
426CYNx2,Sharma A.,Muchova K.,0,0,ou,23.00,under,ft,1.53,2
426CYNx2,Sharma A.,Muchova K.,0,0,ou,23.50,over,ft,2.463,3
426CYNx2,Sharma A.,Muchova K.,0,0,ou,23.50,under,ft,1.497,3
426CYNx2,Sharma A.,Muchova K.,0,0,ou,24.00,over,ft,2.5,2
426CYNx2,Sharma A.,Muchova K.,0,0,ou,24.00,under,ft,1.44,2
426CYNx2,Sharma A.,Muchova K.,0,0,ou,24.50,over,ft,2.835,4
426CYNx2,Sharma A.,Muchova K.,0,0,ou,24.50,under,ft,1.4,4
426CYNx2,Sharma A.,Muchova K.,0,0,ou,25.50,over,ft,2.9,1
426CYNx2,Sharma A.,Muchova K.,0,0,ou,25.50,under,ft,1.41,1
426CYNx2,Sharma A.,Muchova K.,0,0,hc,1.00,home,ft,2.29,2
426CYNx2,Sharma A.,Muchova K.,0,0,hc,1.00,away,ft,1.53,2
426CYNx2,Sharma A.,Muchova K.,0,0,hc,1.50,home,ft,1.782,4
426CYNx2,Sharma A.,Muchova K.,0,0,hc,1.50,away,ft,1.96,4
426CYNx2,Sharma A.,Muchova K.,0,0,hc,-1.50,home,ft,6.113,3
426CYNx2,Sharma A.,Muchova K.,0,0,hc,-1.50,away,ft,1.1,3
426CYNx2,Sharma A.,Muchova K.,0,0,hc,0.50,home,ft,2.83,1
426CYNx2,Sharma A.,Muchova K.,0,0,hc,0.50,away,ft,1.43,1
426CYNx2,Sharma A.,Muchova K.,0,0,hc,1.00,home,ft,2.72,2
426CYNx2,Sharma A.,Muchova K.,0,0,hc,1.00,away,ft,1.38,2
426CYNx2,Sharma A.,Muchova K.,0,0,hc,1.50,home,ft,2.692,4
426CYNx2,Sharma A.,Muchova K.,0,0,hc,1.50,away,ft,1.44,4
426CYNx2,Sharma A.,Muchova K.,0,0,hc,-1.50,home,ft,3.72,1
426CYNx2,Sharma A.,Muchova K.,0,0,hc,-1.50,away,ft,1.29,1
426CYNx2,Sharma A.,Muchova K.,0,0,hc,2.00,home,ft,2.5,2
426CYNx2,Sharma A.,Muchova K.,0,0,hc,2.00,away,ft,1.47,2
426CYNx2,Sharma A.,Muchova K.,0,0,hc,2.50,home,ft,2.403,3
426CYNx2,Sharma A.,Muchova K.,0,0,hc,2.50,away,ft,1.54,3
426CYNx2,Sharma A.,Muchova K.,0,0,hc,3.00,home,ft,2.27,3
426CYNx2,Sharma A.,Muchova K.,0,0,hc,3.00,away,ft,1.627,3
426CYNx2,Sharma A.,Muchova K.,0,0,hc,3.50,home,ft,2.05,4
426CYNx2,Sharma A.,Muchova K.,0,0,hc,3.50,away,ft,1.792,4
426CYNx2,Sharma A.,Muchova K.,0,0,hc,4.00,home,ft,1.897,3
426CYNx2,Sharma A.,Muchova K.,0,0,hc,4.00,away,ft,1.897,3
426CYNx2,Sharma A.,Muchova K.,0,0,hc,4.50,home,ft,1.74,4
426CYNx2,Sharma A.,Muchova K.,0,0,hc,4.50,away,ft,2.085,4
426CYNx2,Sharma A.,Muchova K.,0,0,hc,5.00,home,ft,1.547,3
426CYNx2,Sharma A.,Muchova K.,0,0,hc,5.00,away,ft,2.407,3
426CYNx2,Sharma A.,Muchova K.,0,0,hc,5.50,home,ft,1.452,4
426CYNx2,Sharma A.,Muchova K.,0,0,hc,5.50,away,ft,2.645,4
426CYNx2,Sharma A.,Muchova K.,0,0,hc,6.00,home,ft,1.27,2
426CYNx2,Sharma A.,Muchova K.,0,0,hc,6.00,away,ft,3.28,2
426CYNx2,Sharma A.,Muchova K.,0,0,hc,6.50,home,ft,1.297,3
426CYNx2,Sharma A.,Muchova K.,0,0,hc,6.50,away,ft,3.297,3
426CYNx2,Sharma A.,Muchova K.,0,0,hc,7.00,home,ft,1.11,2
426CYNx2,Sharma A.,Muchova K.,0,0,hc,7.00,away,ft,5.2,2
426CYNx2,Sharma A.,Muchova K.,0,0,hc,7.50,home,ft,1.177,3
426CYNx2,Sharma A.,Muchova K.,0,0,hc,7.50,away,ft,4.75,3
426CYNx2,Sharma A.,Muchova K.,0,0,hc,8.00,home,ft,1.08,2
426CYNx2,Sharma A.,Muchova K.,0,0,hc,8.00,away,ft,5.95,2
SWalnNS9,Zheng Q.,Cristian J.,2,2,ou,2.50,over,ft,2.46,1
SWalnNS9,Zheng Q.,Cristian J.,2,2,ou,2.50,under,ft,1.6,1
SWalnNS9,Zheng Q.,Cristian J.,2,2,ou,16.50,over,ft,1.13,1
SWalnNS9,Zheng Q.,Cristian J.,2,2,ou,16.50,under,ft,6.09,1
SWalnNS9,Zheng Q.,Cristian J.,2,2,ou,18.00,over,ft,1.28,2
SWalnNS9,Zheng Q.,Cristian J.,2,2,ou,18.00,under,ft,3.22,2
SWalnNS9,Zheng Q.,Cristian J.,2,2,ou,18.50,over,ft,1.397,3
SWalnNS9,Zheng Q.,Cristian J.,2,2,ou,18.50,under,ft,2.81,3
SWalnNS9,Zheng Q.,Cristian J.,2,2,ou,19.00,over,ft,1.39,2
SWalnNS9,Zheng Q.,Cristian J.,2,2,ou,19.00,under,ft,2.68,2
SWalnNS9,Zheng Q.,Cristian J.,2,2,ou,19.50,over,ft,1.545,4
SWalnNS9,Zheng Q.,Cristian J.,2,2,ou,19.50,under,ft,2.39,4
SWalnNS9,Zheng Q.,Cristian J.,2,2,ou,20.00,over,ft,1.627,3
SWalnNS9,Zheng Q.,Cristian J.,2,2,ou,20.00,under,ft,2.223,3
SWalnNS9,Zheng Q.,Cristian J.,2,2,ou,20.50,over,ft,1.698,4
SWalnNS9,Zheng Q.,Cristian J.,2,2,ou,20.50,under,ft,2.083,4
SWalnNS9,Zheng Q.,Cristian J.,2,2,ou,21.00,over,ft,1.82,3
SWalnNS9,Zheng Q.,Cristian J.,2,2,ou,21.00,under,ft,1.98,3
SWalnNS9,Zheng Q.,Cristian J.,2,2,ou,21.50,over,ft,1.94,4
SWalnNS9,Zheng Q.,Cristian J.,2,2,ou,21.50,under,ft,1.877,4
SWalnNS9,Zheng Q.,Cristian J.,2,2,ou,22.00,over,ft,2.053,3
SWalnNS9,Zheng Q.,Cristian J.,2,2,ou,22.00,under,ft,1.757,3
SWalnNS9,Zheng Q.,Cristian J.,2,2,ou,22.50,over,ft,2.13,4
SWalnNS9,Zheng Q.,Cristian J.,2,2,ou,22.50,under,ft,1.672,4
SWalnNS9,Zheng Q.,Cristian J.,2,2,ou,23.00,over,ft,2.28,2
SWalnNS9,Zheng Q.,Cristian J.,2,2,ou,23.00,under,ft,1.56,2
SWalnNS9,Zheng Q.,Cristian J.,2,2,ou,23.50,over,ft,2.317,3
SWalnNS9,Zheng Q.,Cristian J.,2,2,ou,23.50,under,ft,1.547,3
SWalnNS9,Zheng Q.,Cristian J.,2,2,ou,24.00,over,ft,2.43,2
SWalnNS9,Zheng Q.,Cristian J.,2,2,ou,24.00,under,ft,1.47,2
SWalnNS9,Zheng Q.,Cristian J.,2,2,ou,24.50,over,ft,2.475,4
SWalnNS9,Zheng Q.,Cristian J.,2,2,ou,24.50,under,ft,1.505,4
SWalnNS9,Zheng Q.,Cristian J.,2,2,ou,25.50,over,ft,2.703,3
SWalnNS9,Zheng Q.,Cristian J.,2,2,ou,25.50,under,ft,1.41,3
SWalnNS9,Zheng Q.,Cristian J.,2,2,hc,-1.00,home,ft,1.49,2
SWalnNS9,Zheng Q.,Cristian J.,2,2,hc,-1.00,away,ft,2.38,2
SWalnNS9,Zheng Q.,Cristian J.,2,2,hc,1.50,home,ft,1.107,3
SWalnNS9,Zheng Q.,Cristian J.,2,2,hc,1.50,away,ft,5.76,3
SWalnNS9,Zheng Q.,Cristian J.,2,2,hc,-1.50,home,ft,1.997,3
SWalnNS9,Zheng Q.,Cristian J.,2,2,hc,-1.50,away,ft,1.757,3
SWalnNS9,Zheng Q.,Cristian J.,2,2,hc,0,home,ft,1.29,2
SWalnNS9,Zheng Q.,Cristian J.,2,2,hc,0,away,ft,3.13,2
SWalnNS9,Zheng Q.,Cristian J.,2,2,hc,0.50,home,ft,1.18,2
SWalnNS9,Zheng Q.,Cristian J.,2,2,hc,0.50,away,ft,4.3,2
SWalnNS9,Zheng Q.,Cristian J.,2,2,hc,-0.50,home,ft,1.22,2
SWalnNS9,Zheng Q.,Cristian J.,2,2,hc,-0.50,away,ft,3.8,2
SWalnNS9,Zheng Q.,Cristian J.,2,2,hc,-1.00,home,ft,1.36,2
SWalnNS9,Zheng Q.,Cristian J.,2,2,hc,-1.00,away,ft,2.8,2
SWalnNS9,Zheng Q.,Cristian J.,2,2,hc,1.50,home,ft,1.26,1
SWalnNS9,Zheng Q.,Cristian J.,2,2,hc,1.50,away,ft,3.91,1
SWalnNS9,Zheng Q.,Cristian J.,2,2,hc,-1.50,home,ft,1.42,4
SWalnNS9,Zheng Q.,Cristian J.,2,2,hc,-1.50,away,ft,2.752,4
SWalnNS9,Zheng Q.,Cristian J.,2,2,hc,-2.00,home,ft,1.43,2
SWalnNS9,Zheng Q.,Cristian J.,2,2,hc,-2.00,away,ft,2.54,2
SWalnNS9,Zheng Q.,Cristian J.,2,2,hc,-2.50,home,ft,1.535,4
SWalnNS9,Zheng Q.,Cristian J.,2,2,hc,-2.50,away,ft,2.42,4
SWalnNS9,Zheng Q.,Cristian J.,2,2,hc,-3.00,home,ft,1.587,3
SWalnNS9,Zheng Q.,Cristian J.,2,2,hc,-3.00,away,ft,2.27,3
SWalnNS9,Zheng Q.,Cristian J.,2,2,hc,-3.50,home,ft,1.718,4
SWalnNS9,Zheng Q.,Cristian J.,2,2,hc,-3.50,away,ft,2.058,4
SWalnNS9,Zheng Q.,Cristian J.,2,2,hc,-4.00,home,ft,1.88,3
SWalnNS9,Zheng Q.,Cristian J.,2,2,hc,-4.00,away,ft,1.853,3
SWalnNS9,Zheng Q.,Cristian J.,2,2,hc,-4.50,home,ft,2.172,4
SWalnNS9,Zheng Q.,Cristian J.,2,2,hc,-4.50,away,ft,1.705,4
SWalnNS9,Zheng Q.,Cristian J.,2,2,hc,-5.00,home,ft,2.44,3
SWalnNS9,Zheng Q.,Cristian J.,2,2,hc,-5.00,away,ft,1.513,3
SWalnNS9,Zheng Q.,Cristian J.,2,2,hc,-5.50,home,ft,2.65,4
SWalnNS9,Zheng Q.,Cristian J.,2,2,hc,-5.50,away,ft,1.445,4
SWalnNS9,Zheng Q.,Cristian J.,2,2,hc,-6.00,home,ft,3.5,2
SWalnNS9,Zheng Q.,Cristian J.,2,2,hc,-6.00,away,ft,1.24,2
SWalnNS9,Zheng Q.,Cristian J.,2,2,hc,-6.50,home,ft,3.75,2
SWalnNS9,Zheng Q.,Cristian J.,2,2,hc,-6.50,away,ft,1.22,2
SWalnNS9,Zheng Q.,Cristian J.,2,2,hc,-7.00,home,ft,5.5,2
SWalnNS9,Zheng Q.,Cristian J.,2,2,hc,-7.00,away,ft,1.1,2
SWalnNS9,Zheng Q.,Cristian J.,2,2,hc,-7.50,home,ft,6.35,1
SWalnNS9,Zheng Q.,Cristian J.,2,2,hc,-7.50,away,ft,1.13,1
4GZfEkh5,Begu I.,Li A.,2,2,ou,2.50,over,ft,2.6,1
4GZfEkh5,Begu I.,Li A.,2,2,ou,2.50,under,ft,1.55,1
4GZfEkh5,Begu I.,Li A.,2,2,ou,18.00,over,ft,1.285,2
4GZfEkh5,Begu I.,Li A.,2,2,ou,18.00,under,ft,3.19,2
4GZfEkh5,Begu I.,Li A.,2,2,ou,18.50,over,ft,1.41,3
4GZfEkh5,Begu I.,Li A.,2,2,ou,18.50,under,ft,2.74,3
4GZfEkh5,Begu I.,Li A.,2,2,ou,19.00,over,ft,1.475,2
4GZfEkh5,Begu I.,Li A.,2,2,ou,19.00,under,ft,2.485,2
4GZfEkh5,Begu I.,Li A.,2,2,ou,19.50,over,ft,1.6,3
4GZfEkh5,Begu I.,Li A.,2,2,ou,19.50,under,ft,2.28,3
4GZfEkh5,Begu I.,Li A.,2,2,ou,20.00,over,ft,1.713,3
4GZfEkh5,Begu I.,Li A.,2,2,ou,20.00,under,ft,2.123,3
4GZfEkh5,Begu I.,Li A.,2,2,ou,20.50,over,ft,1.837,4
4GZfEkh5,Begu I.,Li A.,2,2,ou,20.50,under,ft,1.99,4
4GZfEkh5,Begu I.,Li A.,2,2,ou,21.00,over,ft,1.92,3
4GZfEkh5,Begu I.,Li A.,2,2,ou,21.00,under,ft,1.873,3
4GZfEkh5,Begu I.,Li A.,2,2,ou,21.50,over,ft,2.02,4
4GZfEkh5,Begu I.,Li A.,2,2,ou,21.50,under,ft,1.782,4
4GZfEkh5,Begu I.,Li A.,2,2,ou,22.00,over,ft,2.15,3
4GZfEkh5,Begu I.,Li A.,2,2,ou,22.00,under,ft,1.663,3
4GZfEkh5,Begu I.,Li A.,2,2,ou,22.50,over,ft,2.283,3
4GZfEkh5,Begu I.,Li A.,2,2,ou,22.50,under,ft,1.577,3
4GZfEkh5,Begu I.,Li A.,2,2,ou,23.00,over,ft,2.35,2
4GZfEkh5,Begu I.,Li A.,2,2,ou,23.00,under,ft,1.5,2
4GZfEkh5,Begu I.,Li A.,2,2,ou,23.50,over,ft,2.497,3
4GZfEkh5,Begu I.,Li A.,2,2,ou,23.50,under,ft,1.487,3
4GZfEkh5,Begu I.,Li A.,2,2,ou,24.00,over,ft,2.51,2
4GZfEkh5,Begu I.,Li A.,2,2,ou,24.00,under,ft,1.44,2
4GZfEkh5,Begu I.,Li A.,2,2,ou,24.50,over,ft,2.74,1
4GZfEkh5,Begu I.,Li A.,2,2,ou,24.50,under,ft,1.46,1
4GZfEkh5,Begu I.,Li A.,2,2,ou,25.50,over,ft,2.96,1
4GZfEkh5,Begu I.,Li A.,2,2,ou,25.50,under,ft,1.4,1
4GZfEkh5,Begu I.,Li A.,2,2,hc,-1.00,home,ft,1.45,2
4GZfEkh5,Begu I.,Li A.,2,2,hc,-1.00,away,ft,2.49,2
4GZfEkh5,Begu I.,Li A.,2,2,hc,1.50,home,ft,1.1,3
4GZfEkh5,Begu I.,Li A.,2,2,hc,1.50,away,ft,6.18,3
4GZfEkh5,Begu I.,Li A.,2,2,hc,-1.50,home,ft,1.877,4
4GZfEkh5,Begu I.,Li A.,2,2,hc,-1.50,away,ft,1.863,4
4GZfEkh5,Begu I.,Li A.,2,2,hc,-1.00,home,ft,1.39,2
4GZfEkh5,Begu I.,Li A.,2,2,hc,-1.00,away,ft,2.68,2
4GZfEkh5,Begu I.,Li A.,2,2,hc,-1.50,home,ft,1.433,3
4GZfEkh5,Begu I.,Li A.,2,2,hc,-1.50,away,ft,2.667,3
4GZfEkh5,Begu I.,Li A.,2,2,hc,-2.00,home,ft,1.4,2
4GZfEkh5,Begu I.,Li A.,2,2,hc,-2.00,away,ft,2.65,2
4GZfEkh5,Begu I.,Li A.,2,2,hc,-2.50,home,ft,1.477,3
4GZfEkh5,Begu I.,Li A.,2,2,hc,-2.50,away,ft,2.523,3
4GZfEkh5,Begu I.,Li A.,2,2,hc,-3.00,home,ft,1.55,3
4GZfEkh5,Begu I.,Li A.,2,2,hc,-3.00,away,ft,2.39,3
4GZfEkh5,Begu I.,Li A.,2,2,hc,-3.50,home,ft,1.667,4
4GZfEkh5,Begu I.,Li A.,2,2,hc,-3.50,away,ft,2.19,4
4GZfEkh5,Begu I.,Li A.,2,2,hc,-4.00,home,ft,1.813,3
4GZfEkh5,Begu I.,Li A.,2,2,hc,-4.00,away,ft,1.98,3
4GZfEkh5,Begu I.,Li A.,2,2,hc,-4.50,home,ft,2.018,4
4GZfEkh5,Begu I.,Li A.,2,2,hc,-4.50,away,ft,1.808,4
4GZfEkh5,Begu I.,Li A.,2,2,hc,-5.00,home,ft,2.3,3
4GZfEkh5,Begu I.,Li A.,2,2,hc,-5.00,away,ft,1.613,3
4GZfEkh5,Begu I.,Li A.,2,2,hc,-5.50,home,ft,2.575,4
4GZfEkh5,Begu I.,Li A.,2,2,hc,-5.50,away,ft,1.495,4
4GZfEkh5,Begu I.,Li A.,2,2,hc,-6.00,home,ft,3.15,2
4GZfEkh5,Begu I.,Li A.,2,2,hc,-6.00,away,ft,1.31,2
4GZfEkh5,Begu I.,Li A.,2,2,hc,-6.50,home,ft,3.5,2
4GZfEkh5,Begu I.,Li A.,2,2,hc,-6.50,away,ft,1.25,2
4GZfEkh5,Begu I.,Li A.,2,2,hc,-7.00,home,ft,5.1,2
4GZfEkh5,Begu I.,Li A.,2,2,hc,-7.00,away,ft,1.12,2
WQy1rmJb,Parry D.,Paquet C.,2,2,ou,2.50,over,ft,2.52,1
WQy1rmJb,Parry D.,Paquet C.,2,2,ou,2.50,under,ft,1.57,1
WQy1rmJb,Parry D.,Paquet C.,2,2,ou,16.50,over,ft,1.15,1
WQy1rmJb,Parry D.,Paquet C.,2,2,ou,16.50,under,ft,5.77,1
WQy1rmJb,Parry D.,Paquet C.,2,2,ou,18.00,over,ft,1.28,2
WQy1rmJb,Parry D.,Paquet C.,2,2,ou,18.00,under,ft,3.22,2
WQy1rmJb,Parry D.,Paquet C.,2,2,ou,18.50,over,ft,1.407,4
WQy1rmJb,Parry D.,Paquet C.,2,2,ou,18.50,under,ft,2.803,4
WQy1rmJb,Parry D.,Paquet C.,2,2,ou,19.00,over,ft,1.43,2
WQy1rmJb,Parry D.,Paquet C.,2,2,ou,19.00,under,ft,2.55,2
WQy1rmJb,Parry D.,Paquet C.,2,2,ou,19.50,over,ft,1.563,3
WQy1rmJb,Parry D.,Paquet C.,2,2,ou,19.50,under,ft,2.307,3
WQy1rmJb,Parry D.,Paquet C.,2,2,ou,20.00,over,ft,1.663,3
WQy1rmJb,Parry D.,Paquet C.,2,2,ou,20.00,under,ft,2.167,3
WQy1rmJb,Parry D.,Paquet C.,2,2,ou,20.50,over,ft,1.83,4
WQy1rmJb,Parry D.,Paquet C.,2,2,ou,20.50,under,ft,1.995,4
WQy1rmJb,Parry D.,Paquet C.,2,2,ou,21.00,over,ft,1.887,3
WQy1rmJb,Parry D.,Paquet C.,2,2,ou,21.00,under,ft,1.907,3
WQy1rmJb,Parry D.,Paquet C.,2,2,ou,21.50,over,ft,2.005,4
WQy1rmJb,Parry D.,Paquet C.,2,2,ou,21.50,under,ft,1.82,4
WQy1rmJb,Parry D.,Paquet C.,2,2,ou,22.00,over,ft,2.127,3
WQy1rmJb,Parry D.,Paquet C.,2,2,ou,22.00,under,ft,1.707,3
WQy1rmJb,Parry D.,Paquet C.,2,2,ou,22.50,over,ft,2.252,4
WQy1rmJb,Parry D.,Paquet C.,2,2,ou,22.50,under,ft,1.627,4
WQy1rmJb,Parry D.,Paquet C.,2,2,ou,23.00,over,ft,2.34,2
WQy1rmJb,Parry D.,Paquet C.,2,2,ou,23.00,under,ft,1.53,2
WQy1rmJb,Parry D.,Paquet C.,2,2,ou,23.50,over,ft,2.48,3
WQy1rmJb,Parry D.,Paquet C.,2,2,ou,23.50,under,ft,1.493,3
WQy1rmJb,Parry D.,Paquet C.,2,2,ou,24.00,over,ft,2.51,2
WQy1rmJb,Parry D.,Paquet C.,2,2,ou,24.00,under,ft,1.44,2
WQy1rmJb,Parry D.,Paquet C.,2,2,ou,24.50,over,ft,2.645,2
WQy1rmJb,Parry D.,Paquet C.,2,2,ou,24.50,under,ft,1.49,2
WQy1rmJb,Parry D.,Paquet C.,2,2,hc,-1.00,home,ft,1.47,2
WQy1rmJb,Parry D.,Paquet C.,2,2,hc,-1.00,away,ft,2.43,2
WQy1rmJb,Parry D.,Paquet C.,2,2,hc,1.50,home,ft,1.13,3
WQy1rmJb,Parry D.,Paquet C.,2,2,hc,1.50,away,ft,5.337,3
WQy1rmJb,Parry D.,Paquet C.,2,2,hc,-1.50,home,ft,1.94,4
WQy1rmJb,Parry D.,Paquet C.,2,2,hc,-1.50,away,ft,1.8,4
WQy1rmJb,Parry D.,Paquet C.,2,2,hc,-1.00,home,ft,1.37,2
WQy1rmJb,Parry D.,Paquet C.,2,2,hc,-1.00,away,ft,2.76,2
WQy1rmJb,Parry D.,Paquet C.,2,2,hc,1.50,home,ft,1.27,1
WQy1rmJb,Parry D.,Paquet C.,2,2,hc,1.50,away,ft,3.89,1
WQy1rmJb,Parry D.,Paquet C.,2,2,hc,-1.50,home,ft,1.425,4
WQy1rmJb,Parry D.,Paquet C.,2,2,hc,-1.50,away,ft,2.745,4
WQy1rmJb,Parry D.,Paquet C.,2,2,hc,-2.00,home,ft,1.42,2
WQy1rmJb,Parry D.,Paquet C.,2,2,hc,-2.00,away,ft,2.58,2
WQy1rmJb,Parry D.,Paquet C.,2,2,hc,-2.50,home,ft,1.5,3
WQy1rmJb,Parry D.,Paquet C.,2,2,hc,-2.50,away,ft,2.463,3
WQy1rmJb,Parry D.,Paquet C.,2,2,hc,-3.00,home,ft,1.577,3
WQy1rmJb,Parry D.,Paquet C.,2,2,hc,-3.00,away,ft,2.333,3
WQy1rmJb,Parry D.,Paquet C.,2,2,hc,-3.50,home,ft,1.69,4
WQy1rmJb,Parry D.,Paquet C.,2,2,hc,-3.50,away,ft,2.14,4
WQy1rmJb,Parry D.,Paquet C.,2,2,hc,-4.00,home,ft,1.843,3
WQy1rmJb,Parry D.,Paquet C.,2,2,hc,-4.00,away,ft,1.94,3
WQy1rmJb,Parry D.,Paquet C.,2,2,hc,-4.50,home,ft,2.055,4
WQy1rmJb,Parry D.,Paquet C.,2,2,hc,-4.50,away,ft,1.79,4
WQy1rmJb,Parry D.,Paquet C.,2,2,hc,-5.00,home,ft,2.36,3
WQy1rmJb,Parry D.,Paquet C.,2,2,hc,-5.00,away,ft,1.583,3
WQy1rmJb,Parry D.,Paquet C.,2,2,hc,-5.50,home,ft,2.612,4
WQy1rmJb,Parry D.,Paquet C.,2,2,hc,-5.50,away,ft,1.475,4
WQy1rmJb,Parry D.,Paquet C.,2,2,hc,-6.00,home,ft,3.32,2
WQy1rmJb,Parry D.,Paquet C.,2,2,hc,-6.00,away,ft,1.29,2
WQy1rmJb,Parry D.,Paquet C.,2,2,hc,-6.50,home,ft,3.58,2
WQy1rmJb,Parry D.,Paquet C.,2,2,hc,-6.50,away,ft,1.24,2
WQy1rmJb,Parry D.,Paquet C.,2,2,hc,-7.00,home,ft,5.25,2
WQy1rmJb,Parry D.,Paquet C.,2,2,hc,-7.00,away,ft,1.11,2
WQy1rmJb,Parry D.,Paquet C.,2,2,hc,-7.50,home,ft,5.94,1
WQy1rmJb,Parry D.,Paquet C.,2,2,hc,-7.50,away,ft,1.14,1
fDlI0LvB,Zheng Q.,Martic P.,2,2,ou,2.50,over,ft,2.88,1
fDlI0LvB,Zheng Q.,Martic P.,2,2,ou,2.50,under,ft,1.45,1
fDlI0LvB,Zheng Q.,Martic P.,2,2,ou,18.50,over,ft,1.443,3
fDlI0LvB,Zheng Q.,Martic P.,2,2,ou,18.50,under,ft,2.593,3
fDlI0LvB,Zheng Q.,Martic P.,2,2,ou,19.50,over,ft,1.665,4
fDlI0LvB,Zheng Q.,Martic P.,2,2,ou,19.50,under,ft,2.155,4
fDlI0LvB,Zheng Q.,Martic P.,2,2,ou,20.00,over,ft,1.813,3
fDlI0LvB,Zheng Q.,Martic P.,2,2,ou,20.00,under,ft,1.98,3
fDlI0LvB,Zheng Q.,Martic P.,2,2,ou,20.50,over,ft,1.89,4
fDlI0LvB,Zheng Q.,Martic P.,2,2,ou,20.50,under,ft,1.85,4
fDlI0LvB,Zheng Q.,Martic P.,2,2,ou,21.00,over,ft,2.053,3
fDlI0LvB,Zheng Q.,Martic P.,2,2,ou,21.00,under,ft,1.75,3
fDlI0LvB,Zheng Q.,Martic P.,2,2,ou,21.50,over,ft,2.12,4
fDlI0LvB,Zheng Q.,Martic P.,2,2,ou,21.50,under,ft,1.682,4
fDlI0LvB,Zheng Q.,Martic P.,2,2,ou,22.00,over,ft,2.24,1
fDlI0LvB,Zheng Q.,Martic P.,2,2,ou,22.00,under,ft,1.68,1
fDlI0LvB,Zheng Q.,Martic P.,2,2,ou,22.50,over,ft,2.42,3
fDlI0LvB,Zheng Q.,Martic P.,2,2,ou,22.50,under,ft,1.507,3
fDlI0LvB,Zheng Q.,Martic P.,2,2,ou,23.50,over,ft,2.687,3
fDlI0LvB,Zheng Q.,Martic P.,2,2,ou,23.50,under,ft,1.42,3
fDlI0LvB,Zheng Q.,Martic P.,2,2,ou,24.50,over,ft,2.73,2
fDlI0LvB,Zheng Q.,Martic P.,2,2,ou,24.50,under,ft,1.38,2
fDlI0LvB,Zheng Q.,Martic P.,2,2,hc,-1.00,home,ft,1.25,2
fDlI0LvB,Zheng Q.,Martic P.,2,2,hc,-1.00,away,ft,3.4,2
fDlI0LvB,Zheng Q.,Martic P.,2,2,hc,1.50,home,ft,1.05,3
fDlI0LvB,Zheng Q.,Martic P.,2,2,hc,1.50,away,ft,8.74,3
fDlI0LvB,Zheng Q.,Martic P.,2,2,hc,-1.50,home,ft,1.615,4
fDlI0LvB,Zheng Q.,Martic P.,2,2,hc,-1.50,away,ft,2.208,4
fDlI0LvB,Zheng Q.,Martic P.,2,2,hc,-1.50,home,ft,1.28,2
fDlI0LvB,Zheng Q.,Martic P.,2,2,hc,-1.50,away,ft,3.22,2
fDlI0LvB,Zheng Q.,Martic P.,2,2,hc,-2.50,home,ft,1.33,3
fDlI0LvB,Zheng Q.,Martic P.,2,2,hc,-2.50,away,ft,3.057,3
fDlI0LvB,Zheng Q.,Martic P.,2,2,hc,-3.00,home,ft,1.33,2
fDlI0LvB,Zheng Q.,Martic P.,2,2,hc,-3.00,away,ft,3.04,2
fDlI0LvB,Zheng Q.,Martic P.,2,2,hc,-3.50,home,ft,1.455,4
fDlI0LvB,Zheng Q.,Martic P.,2,2,hc,-3.50,away,ft,2.68,4
fDlI0LvB,Zheng Q.,Martic P.,2,2,hc,-4.00,home,ft,1.54,3
fDlI0LvB,Zheng Q.,Martic P.,2,2,hc,-4.00,away,ft,2.45,3
fDlI0LvB,Zheng Q.,Martic P.,2,2,hc,-4.50,home,ft,1.732,4
fDlI0LvB,Zheng Q.,Martic P.,2,2,hc,-4.50,away,ft,2.115,4
fDlI0LvB,Zheng Q.,Martic P.,2,2,hc,-5.00,home,ft,1.913,3
fDlI0LvB,Zheng Q.,Martic P.,2,2,hc,-5.00,away,ft,1.877,3
fDlI0LvB,Zheng Q.,Martic P.,2,2,hc,-5.50,home,ft,2.177,4
fDlI0LvB,Zheng Q.,Martic P.,2,2,hc,-5.50,away,ft,1.665,4
fDlI0LvB,Zheng Q.,Martic P.,2,2,hc,-6.00,home,ft,2.643,3
fDlI0LvB,Zheng Q.,Martic P.,2,2,hc,-6.00,away,ft,1.457,3
fDlI0LvB,Zheng Q.,Martic P.,2,2,hc,-6.50,home,ft,2.89,2
fDlI0LvB,Zheng Q.,Martic P.,2,2,hc,-6.50,away,ft,1.35,2
fDlI0LvB,Zheng Q.,Martic P.,2,2,hc,-7.50,home,ft,4.59,2
fDlI0LvB,Zheng Q.,Martic P.,2,2,hc,-7.50,away,ft,1.14,2
AFDHQNGN,Bronzetti L.,Cristian J.,0,0,ou,2.50,over,ft,2.46,1
AFDHQNGN,Bronzetti L.,Cristian J.,0,0,ou,2.50,under,ft,1.59,1
AFDHQNGN,Bronzetti L.,Cristian J.,0,0,ou,16.50,over,ft,1.13,1
AFDHQNGN,Bronzetti L.,Cristian J.,0,0,ou,16.50,under,ft,5.93,1
AFDHQNGN,Bronzetti L.,Cristian J.,0,0,ou,18.50,over,ft,1.415,2
AFDHQNGN,Bronzetti L.,Cristian J.,0,0,ou,18.50,under,ft,2.915,2
AFDHQNGN,Bronzetti L.,Cristian J.,0,0,ou,19.50,over,ft,1.507,3
AFDHQNGN,Bronzetti L.,Cristian J.,0,0,ou,19.50,under,ft,2.417,3
AFDHQNGN,Bronzetti L.,Cristian J.,0,0,ou,20.50,over,ft,1.718,4
AFDHQNGN,Bronzetti L.,Cristian J.,0,0,ou,20.50,under,ft,2.047,4
AFDHQNGN,Bronzetti L.,Cristian J.,0,0,ou,21.00,over,ft,1.87,1
AFDHQNGN,Bronzetti L.,Cristian J.,0,0,ou,21.00,under,ft,2.0,1
AFDHQNGN,Bronzetti L.,Cristian J.,0,0,ou,21.50,over,ft,1.907,4
AFDHQNGN,Bronzetti L.,Cristian J.,0,0,ou,21.50,under,ft,1.837,4
AFDHQNGN,Bronzetti L.,Cristian J.,0,0,ou,22.00,over,ft,2.11,1
AFDHQNGN,Bronzetti L.,Cristian J.,0,0,ou,22.00,under,ft,1.78,1
AFDHQNGN,Bronzetti L.,Cristian J.,0,0,ou,22.50,over,ft,2.195,4
AFDHQNGN,Bronzetti L.,Cristian J.,0,0,ou,22.50,under,ft,1.63,4
AFDHQNGN,Bronzetti L.,Cristian J.,0,0,ou,23.00,over,ft,2.23,1
AFDHQNGN,Bronzetti L.,Cristian J.,0,0,ou,23.00,under,ft,1.7,1
AFDHQNGN,Bronzetti L.,Cristian J.,0,0,ou,23.50,over,ft,2.45,3
AFDHQNGN,Bronzetti L.,Cristian J.,0,0,ou,23.50,under,ft,1.497,3
AFDHQNGN,Bronzetti L.,Cristian J.,0,0,ou,24.50,over,ft,2.605,4
AFDHQNGN,Bronzetti L.,Cristian J.,0,0,ou,24.50,under,ft,1.455,4
AFDHQNGN,Bronzetti L.,Cristian J.,0,0,ou,25.50,over,ft,2.93,3
AFDHQNGN,Bronzetti L.,Cristian J.,0,0,ou,25.50,under,ft,1.36,3
AFDHQNGN,Bronzetti L.,Cristian J.,0,0,ou,26.50,over,ft,3.13,2
AFDHQNGN,Bronzetti L.,Cristian J.,0,0,ou,26.50,under,ft,1.29,2
AFDHQNGN,Bronzetti L.,Cristian J.,0,0,hc,1.00,home,ft,1.8,2
AFDHQNGN,Bronzetti L.,Cristian J.,0,0,hc,1.00,away,ft,1.86,2
AFDHQNGN,Bronzetti L.,Cristian J.,0,0,hc,-1.00,home,ft,2.65,2
AFDHQNGN,Bronzetti L.,Cristian J.,0,0,hc,-1.00,away,ft,1.4,2
AFDHQNGN,Bronzetti L.,Cristian J.,0,0,hc,1.50,home,ft,1.52,4
AFDHQNGN,Bronzetti L.,Cristian J.,0,0,hc,1.50,away,ft,2.413,4
AFDHQNGN,Bronzetti L.,Cristian J.,0,0,hc,-1.50,home,ft,4.093,3
AFDHQNGN,Bronzetti L.,Cristian J.,0,0,hc,-1.50,away,ft,1.21,3
AFDHQNGN,Bronzetti L.,Cristian J.,0,0,hc,0,home,ft,2.113,3
AFDHQNGN,Bronzetti L.,Cristian J.,0,0,hc,0,away,ft,1.67,3
AFDHQNGN,Bronzetti L.,Cristian J.,0,0,hc,0.50,home,ft,2.205,4
AFDHQNGN,Bronzetti L.,Cristian J.,0,0,hc,0.50,away,ft,1.643,4
AFDHQNGN,Bronzetti L.,Cristian J.,0,0,hc,-0.50,home,ft,2.24,4
AFDHQNGN,Bronzetti L.,Cristian J.,0,0,hc,-0.50,away,ft,1.618,4
AFDHQNGN,Bronzetti L.,Cristian J.,0,0,hc,1.00,home,ft,2.107,3
AFDHQNGN,Bronzetti L.,Cristian J.,0,0,hc,1.00,away,ft,1.7,3
AFDHQNGN,Bronzetti L.,Cristian J.,0,0,hc,-1.00,home,ft,2.2,2
AFDHQNGN,Bronzetti L.,Cristian J.,0,0,hc,-1.00,away,ft,1.57,2
AFDHQNGN,Bronzetti L.,Cristian J.,0,0,hc,1.50,home,ft,2.103,4
AFDHQNGN,Bronzetti L.,Cristian J.,0,0,hc,1.50,away,ft,1.708,4
AFDHQNGN,Bronzetti L.,Cristian J.,0,0,hc,-1.50,home,ft,2.38,4
AFDHQNGN,Bronzetti L.,Cristian J.,0,0,hc,-1.50,away,ft,1.555,4
AFDHQNGN,Bronzetti L.,Cristian J.,0,0,hc,2.00,home,ft,2.007,3
AFDHQNGN,Bronzetti L.,Cristian J.,0,0,hc,2.00,away,ft,1.793,3
AFDHQNGN,Bronzetti L.,Cristian J.,0,0,hc,-2.00,home,ft,2.3,2
AFDHQNGN,Bronzetti L.,Cristian J.,0,0,hc,-2.00,away,ft,1.52,2
AFDHQNGN,Bronzetti L.,Cristian J.,0,0,hc,2.50,home,ft,1.94,4
AFDHQNGN,Bronzetti L.,Cristian J.,0,0,hc,2.50,away,ft,1.873,4
AFDHQNGN,Bronzetti L.,Cristian J.,0,0,hc,-2.50,home,ft,2.427,3
AFDHQNGN,Bronzetti L.,Cristian J.,0,0,hc,-2.50,away,ft,1.527,3
AFDHQNGN,Bronzetti L.,Cristian J.,0,0,hc,3.00,home,ft,1.803,3
AFDHQNGN,Bronzetti L.,Cristian J.,0,0,hc,3.00,away,ft,1.987,3
AFDHQNGN,Bronzetti L.,Cristian J.,0,0,hc,-3.00,home,ft,2.19,2
AFDHQNGN,Bronzetti L.,Cristian J.,0,0,hc,-3.00,away,ft,1.57,2
AFDHQNGN,Bronzetti L.,Cristian J.,0,0,hc,3.50,home,ft,1.72,4
AFDHQNGN,Bronzetti L.,Cristian J.,0,0,hc,3.50,away,ft,2.087,4
AFDHQNGN,Bronzetti L.,Cristian J.,0,0,hc,-3.50,home,ft,2.457,3
AFDHQNGN,Bronzetti L.,Cristian J.,0,0,hc,-3.50,away,ft,1.487,3
AFDHQNGN,Bronzetti L.,Cristian J.,0,0,hc,4.00,home,ft,1.53,2
AFDHQNGN,Bronzetti L.,Cristian J.,0,0,hc,4.00,away,ft,2.34,2
AFDHQNGN,Bronzetti L.,Cristian J.,0,0,hc,4.50,home,ft,1.47,3
AFDHQNGN,Bronzetti L.,Cristian J.,0,0,hc,4.50,away,ft,2.54,3
AFDHQNGN,Bronzetti L.,Cristian J.,0,0,hc,5.50,home,ft,1.34,1
AFDHQNGN,Bronzetti L.,Cristian J.,0,0,hc,5.50,away,ft,3.3,1
AFDHQNGN,Bronzetti L.,Cristian J.,0,0,hc,7.50,home,ft,1.09,1
AFDHQNGN,Bronzetti L.,Cristian J.,0,0,hc,7.50,away,ft,7.46,1
OtAoloN8,Paquet C.,Carle M. L.,2,2,ou,2.50,over,ft,2.49,1
OtAoloN8,Paquet C.,Carle M. L.,2,2,ou,2.50,under,ft,1.58,1
OtAoloN8,Paquet C.,Carle M. L.,2,2,ou,18.50,over,ft,1.377,3
OtAoloN8,Paquet C.,Carle M. L.,2,2,ou,18.50,under,ft,2.833,3
OtAoloN8,Paquet C.,Carle M. L.,2,2,ou,19.50,over,ft,1.547,3
OtAoloN8,Paquet C.,Carle M. L.,2,2,ou,19.50,under,ft,2.323,3
OtAoloN8,Paquet C.,Carle M. L.,2,2,ou,20.00,over,ft,1.69,3
OtAoloN8,Paquet C.,Carle M. L.,2,2,ou,20.00,under,ft,2.143,3
OtAoloN8,Paquet C.,Carle M. L.,2,2,ou,20.50,over,ft,1.77,4
OtAoloN8,Paquet C.,Carle M. L.,2,2,ou,20.50,under,ft,1.982,4
OtAoloN8,Paquet C.,Carle M. L.,2,2,ou,21.00,over,ft,1.9,3
OtAoloN8,Paquet C.,Carle M. L.,2,2,ou,21.00,under,ft,1.887,3
OtAoloN8,Paquet C.,Carle M. L.,2,2,ou,21.50,over,ft,1.967,4
OtAoloN8,Paquet C.,Carle M. L.,2,2,ou,21.50,under,ft,1.792,4
OtAoloN8,Paquet C.,Carle M. L.,2,2,ou,22.00,over,ft,2.123,3
OtAoloN8,Paquet C.,Carle M. L.,2,2,ou,22.00,under,ft,1.707,3
OtAoloN8,Paquet C.,Carle M. L.,2,2,ou,22.50,over,ft,2.232,4
OtAoloN8,Paquet C.,Carle M. L.,2,2,ou,22.50,under,ft,1.615,4
OtAoloN8,Paquet C.,Carle M. L.,2,2,ou,23.50,over,ft,2.483,3
OtAoloN8,Paquet C.,Carle M. L.,2,2,ou,23.50,under,ft,1.48,3
OtAoloN8,Paquet C.,Carle M. L.,2,2,ou,24.50,over,ft,2.653,3
OtAoloN8,Paquet C.,Carle M. L.,2,2,ou,24.50,under,ft,1.427,3
OtAoloN8,Paquet C.,Carle M. L.,2,2,ou,25.50,over,ft,2.94,3
OtAoloN8,Paquet C.,Carle M. L.,2,2,ou,25.50,under,ft,1.353,3
OtAoloN8,Paquet C.,Carle M. L.,2,2,hc,1.00,home,ft,2.31,2
OtAoloN8,Paquet C.,Carle M. L.,2,2,hc,1.00,away,ft,1.52,2
OtAoloN8,Paquet C.,Carle M. L.,2,2,hc,1.50,home,ft,1.72,4
OtAoloN8,Paquet C.,Carle M. L.,2,2,hc,1.50,away,ft,2.038,4
OtAoloN8,Paquet C.,Carle M. L.,2,2,hc,-1.50,home,ft,5.033,3
OtAoloN8,Paquet C.,Carle M. L.,2,2,hc,-1.50,away,ft,1.143,3
OtAoloN8,Paquet C.,Carle M. L.,2,2,hc,0,home,ft,2.75,2
OtAoloN8,Paquet C.,Carle M. L.,2,2,hc,0,away,ft,1.37,2
OtAoloN8,Paquet C.,Carle M. L.,2,2,hc,0.50,home,ft,2.47,3
OtAoloN8,Paquet C.,Carle M. L.,2,2,hc,0.50,away,ft,1.5,3
OtAoloN8,Paquet C.,Carle M. L.,2,2,hc,-0.50,home,ft,2.73,1
OtAoloN8,Paquet C.,Carle M. L.,2,2,hc,-0.50,away,ft,1.41,1
OtAoloN8,Paquet C.,Carle M. L.,2,2,hc,1.00,home,ft,2.26,2
OtAoloN8,Paquet C.,Carle M. L.,2,2,hc,1.00,away,ft,1.57,2
OtAoloN8,Paquet C.,Carle M. L.,2,2,hc,1.50,home,ft,2.58,3
OtAoloN8,Paquet C.,Carle M. L.,2,2,hc,1.50,away,ft,1.46,3
OtAoloN8,Paquet C.,Carle M. L.,2,2,hc,-1.50,home,ft,2.7,1
OtAoloN8,Paquet C.,Carle M. L.,2,2,hc,-1.50,away,ft,1.42,1
OtAoloN8,Paquet C.,Carle M. L.,2,2,hc,2.00,home,ft,2.403,3
OtAoloN8,Paquet C.,Carle M. L.,2,2,hc,2.00,away,ft,1.547,3
OtAoloN8,Paquet C.,Carle M. L.,2,2,hc,2.50,home,ft,2.337,4
OtAoloN8,Paquet C.,Carle M. L.,2,2,hc,2.50,away,ft,1.587,4
OtAoloN8,Paquet C.,Carle M. L.,2,2,hc,3.00,home,ft,2.237,3
OtAoloN8,Paquet C.,Carle M. L.,2,2,hc,3.00,away,ft,1.643,3
OtAoloN8,Paquet C.,Carle M. L.,2,2,hc,3.50,home,ft,2.038,4
OtAoloN8,Paquet C.,Carle M. L.,2,2,hc,3.50,away,ft,1.778,4
OtAoloN8,Paquet C.,Carle M. L.,2,2,hc,4.00,home,ft,1.88,3
OtAoloN8,Paquet C.,Carle M. L.,2,2,hc,4.00,away,ft,1.913,3
OtAoloN8,Paquet C.,Carle M. L.,2,2,hc,4.50,home,ft,1.705,4
OtAoloN8,Paquet C.,Carle M. L.,2,2,hc,4.50,away,ft,2.13,4
OtAoloN8,Paquet C.,Carle M. L.,2,2,hc,5.00,home,ft,1.54,3
OtAoloN8,Paquet C.,Carle M. L.,2,2,hc,5.00,away,ft,2.407,3
OtAoloN8,Paquet C.,Carle M. L.,2,2,hc,5.50,home,ft,1.427,3
OtAoloN8,Paquet C.,Carle M. L.,2,2,hc,5.50,away,ft,2.69,3
OtAoloN8,Paquet C.,Carle M. L.,2,2,hc,6.00,home,ft,1.29,2
OtAoloN8,Paquet C.,Carle M. L.,2,2,hc,6.00,away,ft,3.28,2
OtAoloN8,Paquet C.,Carle M. L.,2,2,hc,6.50,home,ft,1.24,2
OtAoloN8,Paquet C.,Carle M. L.,2,2,hc,6.50,away,ft,3.58,2
AuoDeDwp,Andreeva E.,Li A.,1,1,ou,2.50,over,ft,2.52,1
AuoDeDwp,Andreeva E.,Li A.,1,1,ou,2.50,under,ft,1.56,1
AuoDeDwp,Andreeva E.,Li A.,1,1,ou,16.50,over,ft,1.13,1
AuoDeDwp,Andreeva E.,Li A.,1,1,ou,16.50,under,ft,6.15,1
AuoDeDwp,Andreeva E.,Li A.,1,1,ou,18.50,over,ft,1.4,1
AuoDeDwp,Andreeva E.,Li A.,1,1,ou,18.50,under,ft,2.99,1
AuoDeDwp,Andreeva E.,Li A.,1,1,ou,19.50,over,ft,1.517,3
AuoDeDwp,Andreeva E.,Li A.,1,1,ou,19.50,under,ft,2.397,3
AuoDeDwp,Andreeva E.,Li A.,1,1,ou,20.00,over,ft,1.68,1
AuoDeDwp,Andreeva E.,Li A.,1,1,ou,20.00,under,ft,2.27,1
AuoDeDwp,Andreeva E.,Li A.,1,1,ou,20.50,over,ft,1.738,4
AuoDeDwp,Andreeva E.,Li A.,1,1,ou,20.50,under,ft,2.027,4
AuoDeDwp,Andreeva E.,Li A.,1,1,ou,21.00,over,ft,1.813,3
AuoDeDwp,Andreeva E.,Li A.,1,1,ou,21.00,under,ft,1.983,3
AuoDeDwp,Andreeva E.,Li A.,1,1,ou,21.50,over,ft,1.923,4
AuoDeDwp,Andreeva E.,Li A.,1,1,ou,21.50,under,ft,1.907,4
AuoDeDwp,Andreeva E.,Li A.,1,1,ou,22.00,over,ft,2.037,3
AuoDeDwp,Andreeva E.,Li A.,1,1,ou,22.00,under,ft,1.767,3
AuoDeDwp,Andreeva E.,Li A.,1,1,ou,22.50,over,ft,2.25,4
AuoDeDwp,Andreeva E.,Li A.,1,1,ou,22.50,under,ft,1.597,4
AuoDeDwp,Andreeva E.,Li A.,1,1,ou,23.50,over,ft,2.517,3
AuoDeDwp,Andreeva E.,Li A.,1,1,ou,23.50,under,ft,1.473,3
AuoDeDwp,Andreeva E.,Li A.,1,1,ou,24.50,over,ft,2.667,4
AuoDeDwp,Andreeva E.,Li A.,1,1,ou,24.50,under,ft,1.438,4
AuoDeDwp,Andreeva E.,Li A.,1,1,ou,25.50,over,ft,3.017,3
AuoDeDwp,Andreeva E.,Li A.,1,1,ou,25.50,under,ft,1.34,3
AuoDeDwp,Andreeva E.,Li A.,1,1,hc,1.00,home,ft,1.47,2
AuoDeDwp,Andreeva E.,Li A.,1,1,hc,1.00,away,ft,2.43,2
AuoDeDwp,Andreeva E.,Li A.,1,1,hc,-1.00,home,ft,2.29,2
AuoDeDwp,Andreeva E.,Li A.,1,1,hc,-1.00,away,ft,1.53,2
AuoDeDwp,Andreeva E.,Li A.,1,1,hc,1.50,home,ft,1.367,3
AuoDeDwp,Andreeva E.,Li A.,1,1,hc,1.50,away,ft,2.943,3
AuoDeDwp,Andreeva E.,Li A.,1,1,hc,-1.50,home,ft,2.903,4
AuoDeDwp,Andreeva E.,Li A.,1,1,hc,-1.50,away,ft,1.377,4
AuoDeDwp,Andreeva E.,Li A.,1,1,hc,0,home,ft,1.89,3
AuoDeDwp,Andreeva E.,Li A.,1,1,hc,0,away,ft,1.84,3
AuoDeDwp,Andreeva E.,Li A.,1,1,hc,0.50,home,ft,1.885,4
AuoDeDwp,Andreeva E.,Li A.,1,1,hc,0.50,away,ft,1.94,4
AuoDeDwp,Andreeva E.,Li A.,1,1,hc,-0.50,home,ft,1.913,4
AuoDeDwp,Andreeva E.,Li A.,1,1,hc,-0.50,away,ft,1.845,4
AuoDeDwp,Andreeva E.,Li A.,1,1,hc,1.00,home,ft,1.737,3
AuoDeDwp,Andreeva E.,Li A.,1,1,hc,1.00,away,ft,2.013,3
AuoDeDwp,Andreeva E.,Li A.,1,1,hc,-1.00,home,ft,1.963,3
AuoDeDwp,Andreeva E.,Li A.,1,1,hc,-1.00,away,ft,1.773,3
AuoDeDwp,Andreeva E.,Li A.,1,1,hc,1.50,home,ft,1.695,4
AuoDeDwp,Andreeva E.,Li A.,1,1,hc,1.50,away,ft,2.09,4
AuoDeDwp,Andreeva E.,Li A.,1,1,hc,-1.50,home,ft,2.025,4
AuoDeDwp,Andreeva E.,Li A.,1,1,hc,-1.50,away,ft,1.74,4
AuoDeDwp,Andreeva E.,Li A.,1,1,hc,2.00,home,ft,1.647,3
AuoDeDwp,Andreeva E.,Li A.,1,1,hc,2.00,away,ft,2.153,3
AuoDeDwp,Andreeva E.,Li A.,1,1,hc,-2.00,home,ft,2.06,2
AuoDeDwp,Andreeva E.,Li A.,1,1,hc,-2.00,away,ft,1.64,2
AuoDeDwp,Andreeva E.,Li A.,1,1,hc,2.50,home,ft,1.603,3
AuoDeDwp,Andreeva E.,Li A.,1,1,hc,2.50,away,ft,2.203,3
AuoDeDwp,Andreeva E.,Li A.,1,1,hc,-2.50,home,ft,2.173,3
AuoDeDwp,Andreeva E.,Li A.,1,1,hc,-2.50,away,ft,1.623,3
AuoDeDwp,Andreeva E.,Li A.,1,1,hc,3.00,home,ft,1.6,2
AuoDeDwp,Andreeva E.,Li A.,1,1,hc,3.00,away,ft,2.14,2
AuoDeDwp,Andreeva E.,Li A.,1,1,hc,3.50,home,ft,1.522,4
AuoDeDwp,Andreeva E.,Li A.,1,1,hc,3.50,away,ft,2.43,4
AuoDeDwp,Andreeva E.,Li A.,1,1,hc,-3.50,home,ft,2.565,2
AuoDeDwp,Andreeva E.,Li A.,1,1,hc,-3.50,away,ft,1.52,2
AuoDeDwp,Andreeva E.,Li A.,1,1,hc,4.00,home,ft,1.6,2
AuoDeDwp,Andreeva E.,Li A.,1,1,hc,4.00,away,ft,2.2,2
AuoDeDwp,Andreeva E.,Li A.,1,1,hc,4.50,home,ft,1.5,2
AuoDeDwp,Andreeva E.,Li A.,1,1,hc,4.50,away,ft,2.38,2
AuoDeDwp,Andreeva E.,Li A.,1,1,hc,5.50,home,ft,1.23,1
AuoDeDwp,Andreeva E.,Li A.,1,1,hc,5.50,away,ft,4.21,1
AuoDeDwp,Andreeva E.,Li A.,1,1,hc,-5.50,home,ft,4.23,1
AuoDeDwp,Andreeva E.,Li A.,1,1,hc,-5.50,away,ft,1.23,1
fiDslre5,Sharma A.,Tomljanovic A.,2,2,ou,2.50,over,ft,2.45,1
fiDslre5,Sharma A.,Tomljanovic A.,2,2,ou,2.50,under,ft,1.59,1
fiDslre5,Sharma A.,Tomljanovic A.,2,2,ou,16.50,over,ft,1.12,1
fiDslre5,Sharma A.,Tomljanovic A.,2,2,ou,16.50,under,ft,6.39,1
fiDslre5,Sharma A.,Tomljanovic A.,2,2,ou,18.50,over,ft,1.38,1
fiDslre5,Sharma A.,Tomljanovic A.,2,2,ou,18.50,under,ft,3.06,1
fiDslre5,Sharma A.,Tomljanovic A.,2,2,ou,19.50,over,ft,1.507,3
fiDslre5,Sharma A.,Tomljanovic A.,2,2,ou,19.50,under,ft,2.427,3
fiDslre5,Sharma A.,Tomljanovic A.,2,2,ou,20.50,over,ft,1.702,4
fiDslre5,Sharma A.,Tomljanovic A.,2,2,ou,20.50,under,ft,2.083,4
fiDslre5,Sharma A.,Tomljanovic A.,2,2,ou,21.00,over,ft,1.793,3
fiDslre5,Sharma A.,Tomljanovic A.,2,2,ou,21.00,under,ft,2.007,3
fiDslre5,Sharma A.,Tomljanovic A.,2,2,ou,21.50,over,ft,1.887,4
fiDslre5,Sharma A.,Tomljanovic A.,2,2,ou,21.50,under,ft,1.865,4
fiDslre5,Sharma A.,Tomljanovic A.,2,2,ou,22.00,over,ft,2.037,3
fiDslre5,Sharma A.,Tomljanovic A.,2,2,ou,22.00,under,ft,1.777,3
fiDslre5,Sharma A.,Tomljanovic A.,2,2,ou,22.50,over,ft,2.15,4
fiDslre5,Sharma A.,Tomljanovic A.,2,2,ou,22.50,under,ft,1.657,4
fiDslre5,Sharma A.,Tomljanovic A.,2,2,ou,23.00,over,ft,2.21,1
fiDslre5,Sharma A.,Tomljanovic A.,2,2,ou,23.00,under,ft,1.69,1
fiDslre5,Sharma A.,Tomljanovic A.,2,2,ou,23.50,over,ft,2.35,3
fiDslre5,Sharma A.,Tomljanovic A.,2,2,ou,23.50,under,ft,1.533,3
fiDslre5,Sharma A.,Tomljanovic A.,2,2,ou,24.50,over,ft,2.502,4
fiDslre5,Sharma A.,Tomljanovic A.,2,2,ou,24.50,under,ft,1.492,4
fiDslre5,Sharma A.,Tomljanovic A.,2,2,ou,25.50,over,ft,2.747,3
fiDslre5,Sharma A.,Tomljanovic A.,2,2,ou,25.50,under,ft,1.397,3
fiDslre5,Sharma A.,Tomljanovic A.,2,2,hc,1.00,home,ft,1.88,2
fiDslre5,Sharma A.,Tomljanovic A.,2,2,hc,1.00,away,ft,1.79,2
fiDslre5,Sharma A.,Tomljanovic A.,2,2,hc,1.50,home,ft,1.605,4
fiDslre5,Sharma A.,Tomljanovic A.,2,2,hc,1.50,away,ft,2.223,4
fiDslre5,Sharma A.,Tomljanovic A.,2,2,hc,-1.50,home,ft,4.723,3
fiDslre5,Sharma A.,Tomljanovic A.,2,2,hc,-1.50,away,ft,1.167,3
fiDslre5,Sharma A.,Tomljanovic A.,2,2,hc,0,home,ft,2.35,2
fiDslre5,Sharma A.,Tomljanovic A.,2,2,hc,0,away,ft,1.5,2
fiDslre5,Sharma A.,Tomljanovic A.,2,2,hc,0.50,home,ft,2.42,3
fiDslre5,Sharma A.,Tomljanovic A.,2,2,hc,0.50,away,ft,1.507,3
fiDslre5,Sharma A.,Tomljanovic A.,2,2,hc,-0.50,home,ft,2.9,1
fiDslre5,Sharma A.,Tomljanovic A.,2,2,hc,-0.50,away,ft,1.41,1
fiDslre5,Sharma A.,Tomljanovic A.,2,2,hc,1.00,home,ft,2.21,2
fiDslre5,Sharma A.,Tomljanovic A.,2,2,hc,1.00,away,ft,1.56,2
fiDslre5,Sharma A.,Tomljanovic A.,2,2,hc,1.50,home,ft,2.275,4
fiDslre5,Sharma A.,Tomljanovic A.,2,2,hc,1.50,away,ft,1.588,4
fiDslre5,Sharma A.,Tomljanovic A.,2,2,hc,-1.50,home,ft,2.955,2
fiDslre5,Sharma A.,Tomljanovic A.,2,2,hc,-1.50,away,ft,1.405,2
fiDslre5,Sharma A.,Tomljanovic A.,2,2,hc,2.00,home,ft,2.103,3
fiDslre5,Sharma A.,Tomljanovic A.,2,2,hc,2.00,away,ft,1.667,3
fiDslre5,Sharma A.,Tomljanovic A.,2,2,hc,2.50,home,ft,2.083,4
fiDslre5,Sharma A.,Tomljanovic A.,2,2,hc,2.50,away,ft,1.712,4
fiDslre5,Sharma A.,Tomljanovic A.,2,2,hc,3.00,home,ft,1.92,3
fiDslre5,Sharma A.,Tomljanovic A.,2,2,hc,3.00,away,ft,1.827,3
fiDslre5,Sharma A.,Tomljanovic A.,2,2,hc,3.50,home,ft,1.837,4
fiDslre5,Sharma A.,Tomljanovic A.,2,2,hc,3.50,away,ft,1.927,4
fiDslre5,Sharma A.,Tomljanovic A.,2,2,hc,4.00,home,ft,1.643,3
fiDslre5,Sharma A.,Tomljanovic A.,2,2,hc,4.00,away,ft,2.16,3
fiDslre5,Sharma A.,Tomljanovic A.,2,2,hc,4.50,home,ft,1.558,4
fiDslre5,Sharma A.,Tomljanovic A.,2,2,hc,4.50,away,ft,2.362,4
fiDslre5,Sharma A.,Tomljanovic A.,2,2,hc,5.00,home,ft,1.38,2
fiDslre5,Sharma A.,Tomljanovic A.,2,2,hc,5.00,away,ft,2.7,2
fiDslre5,Sharma A.,Tomljanovic A.,2,2,hc,5.50,home,ft,1.387,3
fiDslre5,Sharma A.,Tomljanovic A.,2,2,hc,5.50,away,ft,2.85,3
fiDslre5,Sharma A.,Tomljanovic A.,2,2,hc,6.50,home,ft,1.14,2
fiDslre5,Sharma A.,Tomljanovic A.,2,2,hc,6.50,away,ft,4.59,2
fiDslre5,Sharma A.,Tomljanovic A.,2,2,hc,7.50,home,ft,1.1,1
fiDslre5,Sharma A.,Tomljanovic A.,2,2,hc,7.50,away,ft,7.43,1
vuFqzXGq,Noha Akugue N.,Muchova K.,1,1,ou,2.50,over,ft,3.5,1
vuFqzXGq,Noha Akugue N.,Muchova K.,1,1,ou,2.50,under,ft,1.33,1
vuFqzXGq,Noha Akugue N.,Muchova K.,1,1,ou,15.50,over,ft,1.17,2
vuFqzXGq,Noha Akugue N.,Muchova K.,1,1,ou,15.50,under,ft,4.19,2
vuFqzXGq,Noha Akugue N.,Muchova K.,1,1,ou,16.50,over,ft,1.323,3
vuFqzXGq,Noha Akugue N.,Muchova K.,1,1,ou,16.50,under,ft,3.25,3
vuFqzXGq,Noha Akugue N.,Muchova K.,1,1,ou,17.50,over,ft,1.532,4
vuFqzXGq,Noha Akugue N.,Muchova K.,1,1,ou,17.50,under,ft,2.42,4
vuFqzXGq,Noha Akugue N.,Muchova K.,1,1,ou,18.00,over,ft,1.627,3
vuFqzXGq,Noha Akugue N.,Muchova K.,1,1,ou,18.00,under,ft,2.257,3
vuFqzXGq,Noha Akugue N.,Muchova K.,1,1,ou,18.50,over,ft,1.8,4
vuFqzXGq,Noha Akugue N.,Muchova K.,1,1,ou,18.50,under,ft,1.948,4
vuFqzXGq,Noha Akugue N.,Muchova K.,1,1,ou,19.00,over,ft,1.92,3
vuFqzXGq,Noha Akugue N.,Muchova K.,1,1,ou,19.00,under,ft,1.867,3
vuFqzXGq,Noha Akugue N.,Muchova K.,1,1,ou,19.50,over,ft,2.11,4
vuFqzXGq,Noha Akugue N.,Muchova K.,1,1,ou,19.50,under,ft,1.692,4
vuFqzXGq,Noha Akugue N.,Muchova K.,1,1,ou,20.00,over,ft,2.37,1
vuFqzXGq,Noha Akugue N.,Muchova K.,1,1,ou,20.00,under,ft,1.63,1
vuFqzXGq,Noha Akugue N.,Muchova K.,1,1,ou,20.50,over,ft,2.43,3
vuFqzXGq,Noha Akugue N.,Muchova K.,1,1,ou,20.50,under,ft,1.503,3
vuFqzXGq,Noha Akugue N.,Muchova K.,1,1,ou,21.50,over,ft,2.77,3
vuFqzXGq,Noha Akugue N.,Muchova K.,1,1,ou,21.50,under,ft,1.397,3
vuFqzXGq,Noha Akugue N.,Muchova K.,1,1,ou,22.50,over,ft,3.36,3
vuFqzXGq,Noha Akugue N.,Muchova K.,1,1,ou,22.50,under,ft,1.307,3
vuFqzXGq,Noha Akugue N.,Muchova K.,1,1,ou,23.50,over,ft,4.33,1
vuFqzXGq,Noha Akugue N.,Muchova K.,1,1,ou,23.50,under,ft,1.28,1
vuFqzXGq,Noha Akugue N.,Muchova K.,1,1,hc,1.00,home,ft,4.35,2
vuFqzXGq,Noha Akugue N.,Muchova K.,1,1,hc,1.00,away,ft,1.16,2
vuFqzXGq,Noha Akugue N.,Muchova K.,1,1,hc,1.50,home,ft,2.607,3
vuFqzXGq,Noha Akugue N.,Muchova K.,1,1,hc,1.50,away,ft,1.457,3
vuFqzXGq,Noha Akugue N.,Muchova K.,1,1,hc,-1.50,home,ft,11.123,3
vuFqzXGq,Noha Akugue N.,Muchova K.,1,1,hc,-1.50,away,ft,1.027,3
vuFqzXGq,Noha Akugue N.,Muchova K.,1,1,hc,1.50,home,ft,5.8,1
vuFqzXGq,Noha Akugue N.,Muchova K.,1,1,hc,1.50,away,ft,1.19,1
vuFqzXGq,Noha Akugue N.,Muchova K.,1,1,hc,2.50,home,ft,4.97,1
vuFqzXGq,Noha Akugue N.,Muchova K.,1,1,hc,2.50,away,ft,1.24,1
vuFqzXGq,Noha Akugue N.,Muchova K.,1,1,hc,3.50,home,ft,3.557,3
vuFqzXGq,Noha Akugue N.,Muchova K.,1,1,hc,3.50,away,ft,1.287,3
vuFqzXGq,Noha Akugue N.,Muchova K.,1,1,hc,4.00,home,ft,3.1,2
vuFqzXGq,Noha Akugue N.,Muchova K.,1,1,hc,4.00,away,ft,1.32,2
vuFqzXGq,Noha Akugue N.,Muchova K.,1,1,hc,4.50,home,ft,2.727,3
vuFqzXGq,Noha Akugue N.,Muchova K.,1,1,hc,4.50,away,ft,1.43,3
vuFqzXGq,Noha Akugue N.,Muchova K.,1,1,hc,5.00,home,ft,2.47,3
vuFqzXGq,Noha Akugue N.,Muchova K.,1,1,hc,5.00,away,ft,1.533,3
vuFqzXGq,Noha Akugue N.,Muchova K.,1,1,hc,5.50,home,ft,2.12,4
vuFqzXGq,Noha Akugue N.,Muchova K.,1,1,hc,5.50,away,ft,1.728,4
vuFqzXGq,Noha Akugue N.,Muchova K.,1,1,hc,6.00,home,ft,1.86,3
vuFqzXGq,Noha Akugue N.,Muchova K.,1,1,hc,6.00,away,ft,1.927,3
vuFqzXGq,Noha Akugue N.,Muchova K.,1,1,hc,6.50,home,ft,1.66,4
vuFqzXGq,Noha Akugue N.,Muchova K.,1,1,hc,6.50,away,ft,2.197,4
vuFqzXGq,Noha Akugue N.,Muchova K.,1,1,hc,7.00,home,ft,1.427,3
vuFqzXGq,Noha Akugue N.,Muchova K.,1,1,hc,7.00,away,ft,2.74,3
vuFqzXGq,Noha Akugue N.,Muchova K.,1,1,hc,7.50,home,ft,1.347,3
vuFqzXGq,Noha Akugue N.,Muchova K.,1,1,hc,7.50,away,ft,3.16,3
vuFqzXGq,Noha Akugue N.,Muchova K.,1,1,hc,8.00,home,ft,1.18,2
vuFqzXGq,Noha Akugue N.,Muchova K.,1,1,hc,8.00,away,ft,4.12,2
vuFqzXGq,Noha Akugue N.,Muchova K.,1,1,hc,8.50,home,ft,1.16,3
vuFqzXGq,Noha Akugue N.,Muchova K.,1,1,hc,8.50,away,ft,5.093,3
vuFqzXGq,Noha Akugue N.,Muchova K.,1,1,hc,9.50,home,ft,1.07,2
vuFqzXGq,Noha Akugue N.,Muchova K.,1,1,hc,9.50,away,ft,6.37,2
IkS4nA23,Parry D.,Teichmann J.,2,2,ou,2.50,over,ft,2.41,1
IkS4nA23,Parry D.,Teichmann J.,2,2,ou,2.50,under,ft,1.61,1
IkS4nA23,Parry D.,Teichmann J.,2,2,ou,19.50,over,ft,1.483,3
IkS4nA23,Parry D.,Teichmann J.,2,2,ou,19.50,under,ft,2.477,3
IkS4nA23,Parry D.,Teichmann J.,2,2,ou,20.50,over,ft,1.685,4
IkS4nA23,Parry D.,Teichmann J.,2,2,ou,20.50,under,ft,2.118,4
IkS4nA23,Parry D.,Teichmann J.,2,2,ou,21.00,over,ft,1.757,3
IkS4nA23,Parry D.,Teichmann J.,2,2,ou,21.00,under,ft,2.047,3
IkS4nA23,Parry D.,Teichmann J.,2,2,ou,21.50,over,ft,1.85,4
IkS4nA23,Parry D.,Teichmann J.,2,2,ou,21.50,under,ft,1.883,4
IkS4nA23,Parry D.,Teichmann J.,2,2,ou,22.00,over,ft,1.98,3
IkS4nA23,Parry D.,Teichmann J.,2,2,ou,22.00,under,ft,1.813,3
IkS4nA23,Parry D.,Teichmann J.,2,2,ou,22.50,over,ft,2.13,4
IkS4nA23,Parry D.,Teichmann J.,2,2,ou,22.50,under,ft,1.663,4
IkS4nA23,Parry D.,Teichmann J.,2,2,ou,23.50,over,ft,2.363,3
IkS4nA23,Parry D.,Teichmann J.,2,2,ou,23.50,under,ft,1.53,3
IkS4nA23,Parry D.,Teichmann J.,2,2,ou,24.50,over,ft,2.51,3
IkS4nA23,Parry D.,Teichmann J.,2,2,ou,24.50,under,ft,1.47,3
IkS4nA23,Parry D.,Teichmann J.,2,2,ou,25.50,over,ft,2.833,3
IkS4nA23,Parry D.,Teichmann J.,2,2,ou,25.50,under,ft,1.38,3
IkS4nA23,Parry D.,Teichmann J.,2,2,hc,1.00,home,ft,1.41,2
IkS4nA23,Parry D.,Teichmann J.,2,2,hc,1.00,away,ft,2.61,2
IkS4nA23,Parry D.,Teichmann J.,2,2,hc,-1.00,home,ft,2.11,2
IkS4nA23,Parry D.,Teichmann J.,2,2,hc,-1.00,away,ft,1.61,2
IkS4nA23,Parry D.,Teichmann J.,2,2,hc,1.50,home,ft,1.297,3
IkS4nA23,Parry D.,Teichmann J.,2,2,hc,1.50,away,ft,3.313,3
IkS4nA23,Parry D.,Teichmann J.,2,2,hc,-1.50,home,ft,2.657,4
IkS4nA23,Parry D.,Teichmann J.,2,2,hc,-1.50,away,ft,1.44,4
IkS4nA23,Parry D.,Teichmann J.,2,2,hc,0,home,ft,1.717,3
IkS4nA23,Parry D.,Teichmann J.,2,2,hc,0,away,ft,2.04,3
IkS4nA23,Parry D.,Teichmann J.,2,2,hc,0.50,home,ft,1.692,4
IkS4nA23,Parry D.,Teichmann J.,2,2,hc,0.50,away,ft,2.1,4
IkS4nA23,Parry D.,Teichmann J.,2,2,hc,-0.50,home,ft,1.775,4
IkS4nA23,Parry D.,Teichmann J.,2,2,hc,-0.50,away,ft,1.99,4
IkS4nA23,Parry D.,Teichmann J.,2,2,hc,1.00,home,ft,1.653,3
IkS4nA23,Parry D.,Teichmann J.,2,2,hc,1.00,away,ft,2.137,3
IkS4nA23,Parry D.,Teichmann J.,2,2,hc,-1.00,home,ft,1.817,3
IkS4nA23,Parry D.,Teichmann J.,2,2,hc,-1.00,away,ft,1.92,3
IkS4nA23,Parry D.,Teichmann J.,2,2,hc,1.50,home,ft,1.573,3
IkS4nA23,Parry D.,Teichmann J.,2,2,hc,1.50,away,ft,2.263,3
IkS4nA23,Parry D.,Teichmann J.,2,2,hc,-1.50,home,ft,1.875,4
IkS4nA23,Parry D.,Teichmann J.,2,2,hc,-1.50,away,ft,1.867,4
IkS4nA23,Parry D.,Teichmann J.,2,2,hc,2.00,home,ft,1.56,2
IkS4nA23,Parry D.,Teichmann J.,2,2,hc,2.00,away,ft,2.22,2
IkS4nA23,Parry D.,Teichmann J.,2,2,hc,-2.00,home,ft,1.953,3
IkS4nA23,Parry D.,Teichmann J.,2,2,hc,-2.00,away,ft,1.78,3
IkS4nA23,Parry D.,Teichmann J.,2,2,hc,2.50,home,ft,1.527,3
IkS4nA23,Parry D.,Teichmann J.,2,2,hc,2.50,away,ft,2.377,3
IkS4nA23,Parry D.,Teichmann J.,2,2,hc,-2.50,home,ft,2.05,4
IkS4nA23,Parry D.,Teichmann J.,2,2,hc,-2.50,away,ft,1.73,4
IkS4nA23,Parry D.,Teichmann J.,2,2,hc,-3.00,home,ft,2.15,2
IkS4nA23,Parry D.,Teichmann J.,2,2,hc,-3.00,away,ft,1.59,2
IkS4nA23,Parry D.,Teichmann J.,2,2,hc,3.50,home,ft,1.393,3
IkS4nA23,Parry D.,Teichmann J.,2,2,hc,3.50,away,ft,2.777,3
IkS4nA23,Parry D.,Teichmann J.,2,2,hc,-3.50,home,ft,2.313,3
IkS4nA23,Parry D.,Teichmann J.,2,2,hc,-3.50,away,ft,1.553,3
IkS4nA23,Parry D.,Teichmann J.,2,2,hc,-4.50,home,ft,2.94,1
IkS4nA23,Parry D.,Teichmann J.,2,2,hc,-4.50,away,ft,1.4,1
dMbNZWIc,Rus A.,Begu I.,0,0,ou,2.50,over,ft,2.49,1
dMbNZWIc,Rus A.,Begu I.,0,0,ou,2.50,under,ft,1.58,1
dMbNZWIc,Rus A.,Begu I.,0,0,ou,19.50,over,ft,1.523,3
dMbNZWIc,Rus A.,Begu I.,0,0,ou,19.50,under,ft,2.373,3
dMbNZWIc,Rus A.,Begu I.,0,0,ou,20.00,over,ft,1.67,1
dMbNZWIc,Rus A.,Begu I.,0,0,ou,20.00,under,ft,2.27,1
dMbNZWIc,Rus A.,Begu I.,0,0,ou,20.50,over,ft,1.74,4
dMbNZWIc,Rus A.,Begu I.,0,0,ou,20.50,under,ft,2.035,4
dMbNZWIc,Rus A.,Begu I.,0,0,ou,21.00,over,ft,1.847,3
dMbNZWIc,Rus A.,Begu I.,0,0,ou,21.00,under,ft,1.943,3
dMbNZWIc,Rus A.,Begu I.,0,0,ou,21.50,over,ft,1.932,4
dMbNZWIc,Rus A.,Begu I.,0,0,ou,21.50,under,ft,1.892,4
dMbNZWIc,Rus A.,Begu I.,0,0,ou,22.00,over,ft,2.087,3
dMbNZWIc,Rus A.,Begu I.,0,0,ou,22.00,under,ft,1.733,3
dMbNZWIc,Rus A.,Begu I.,0,0,ou,22.50,over,ft,2.2,4
dMbNZWIc,Rus A.,Begu I.,0,0,ou,22.50,under,ft,1.635,4
dMbNZWIc,Rus A.,Begu I.,0,0,ou,23.50,over,ft,2.407,3
dMbNZWIc,Rus A.,Begu I.,0,0,ou,23.50,under,ft,1.51,3
dMbNZWIc,Rus A.,Begu I.,0,0,ou,24.50,over,ft,2.533,3
dMbNZWIc,Rus A.,Begu I.,0,0,ou,24.50,under,ft,1.46,3
dMbNZWIc,Rus A.,Begu I.,0,0,ou,25.50,over,ft,2.817,3
dMbNZWIc,Rus A.,Begu I.,0,0,ou,25.50,under,ft,1.38,3
dMbNZWIc,Rus A.,Begu I.,0,0,hc,1.00,home,ft,2.01,2
dMbNZWIc,Rus A.,Begu I.,0,0,hc,1.00,away,ft,1.68,2
dMbNZWIc,Rus A.,Begu I.,0,0,hc,1.50,home,ft,1.66,4
dMbNZWIc,Rus A.,Begu I.,0,0,hc,1.50,away,ft,2.123,4
dMbNZWIc,Rus A.,Begu I.,0,0,hc,-1.50,home,ft,4.973,3
dMbNZWIc,Rus A.,Begu I.,0,0,hc,-1.50,away,ft,1.147,3
dMbNZWIc,Rus A.,Begu I.,0,0,hc,0,home,ft,2.69,2
dMbNZWIc,Rus A.,Begu I.,0,0,hc,0,away,ft,1.39,2
dMbNZWIc,Rus A.,Begu I.,0,0,hc,0.50,home,ft,2.78,1
dMbNZWIc,Rus A.,Begu I.,0,0,hc,0.50,away,ft,1.45,1
dMbNZWIc,Rus A.,Begu I.,0,0,hc,-0.50,home,ft,2.89,1
dMbNZWIc,Rus A.,Begu I.,0,0,hc,-0.50,away,ft,1.42,1
dMbNZWIc,Rus A.,Begu I.,0,0,hc,1.50,home,ft,2.377,3
dMbNZWIc,Rus A.,Begu I.,0,0,hc,1.50,away,ft,1.533,3
dMbNZWIc,Rus A.,Begu I.,0,0,hc,-1.50,home,ft,2.96,1
dMbNZWIc,Rus A.,Begu I.,0,0,hc,-1.50,away,ft,1.4,1
dMbNZWIc,Rus A.,Begu I.,0,0,hc,2.00,home,ft,2.2,2
dMbNZWIc,Rus A.,Begu I.,0,0,hc,2.00,away,ft,1.6,2
dMbNZWIc,Rus A.,Begu I.,0,0,hc,2.50,home,ft,2.192,4
dMbNZWIc,Rus A.,Begu I.,0,0,hc,2.50,away,ft,1.662,4
dMbNZWIc,Rus A.,Begu I.,0,0,hc,3.00,home,ft,2.037,3
dMbNZWIc,Rus A.,Begu I.,0,0,hc,3.00,away,ft,1.77,3
dMbNZWIc,Rus A.,Begu I.,0,0,hc,3.50,home,ft,1.915,4
dMbNZWIc,Rus A.,Begu I.,0,0,hc,3.50,away,ft,1.917,4
dMbNZWIc,Rus A.,Begu I.,0,0,hc,4.00,home,ft,1.727,3
dMbNZWIc,Rus A.,Begu I.,0,0,hc,4.00,away,ft,2.09,3
dMbNZWIc,Rus A.,Begu I.,0,0,hc,4.50,home,ft,1.615,4
dMbNZWIc,Rus A.,Begu I.,0,0,hc,4.50,away,ft,2.28,4
dMbNZWIc,Rus A.,Begu I.,0,0,hc,5.00,home,ft,1.43,2
dMbNZWIc,Rus A.,Begu I.,0,0,hc,5.00,away,ft,2.62,2
dMbNZWIc,Rus A.,Begu I.,0,0,hc,5.50,home,ft,1.35,2
dMbNZWIc,Rus A.,Begu I.,0,0,hc,5.50,away,ft,2.89,2
dMbNZWIc,Rus A.,Begu I.,0,0,hc,6.50,home,ft,1.19,2
dMbNZWIc,Rus A.,Begu I.,0,0,hc,6.50,away,ft,4.02,2
zZrUoZRs,Andreeva E.,Semenistaja D.,2,2,ou,2.50,over,ft,2.38,1
zZrUoZRs,Andreeva E.,Semenistaja D.,2,2,ou,2.50,under,ft,1.62,1
zZrUoZRs,Andreeva E.,Semenistaja D.,2,2,ou,18.50,over,ft,1.33,2
zZrUoZRs,Andreeva E.,Semenistaja D.,2,2,ou,18.50,under,ft,3.0,2
zZrUoZRs,Andreeva E.,Semenistaja D.,2,2,ou,19.50,over,ft,1.503,3
zZrUoZRs,Andreeva E.,Semenistaja D.,2,2,ou,19.50,under,ft,2.43,3
zZrUoZRs,Andreeva E.,Semenistaja D.,2,2,ou,20.00,over,ft,1.72,2
zZrUoZRs,Andreeva E.,Semenistaja D.,2,2,ou,20.00,under,ft,2.05,2
zZrUoZRs,Andreeva E.,Semenistaja D.,2,2,ou,20.50,over,ft,1.7,4
zZrUoZRs,Andreeva E.,Semenistaja D.,2,2,ou,20.50,under,ft,2.09,4
zZrUoZRs,Andreeva E.,Semenistaja D.,2,2,ou,21.00,over,ft,1.78,3
zZrUoZRs,Andreeva E.,Semenistaja D.,2,2,ou,21.00,under,ft,2.013,3
zZrUoZRs,Andreeva E.,Semenistaja D.,2,2,ou,21.50,over,ft,1.907,4
zZrUoZRs,Andreeva E.,Semenistaja D.,2,2,ou,21.50,under,ft,1.915,4
zZrUoZRs,Andreeva E.,Semenistaja D.,2,2,ou,22.00,over,ft,2.007,3
zZrUoZRs,Andreeva E.,Semenistaja D.,2,2,ou,22.00,under,ft,1.79,3
zZrUoZRs,Andreeva E.,Semenistaja D.,2,2,ou,22.50,over,ft,2.132,4
zZrUoZRs,Andreeva E.,Semenistaja D.,2,2,ou,22.50,under,ft,1.675,4
zZrUoZRs,Andreeva E.,Semenistaja D.,2,2,ou,23.50,over,ft,2.343,3
zZrUoZRs,Andreeva E.,Semenistaja D.,2,2,ou,23.50,under,ft,1.54,3
zZrUoZRs,Andreeva E.,Semenistaja D.,2,2,ou,24.50,over,ft,2.507,3
zZrUoZRs,Andreeva E.,Semenistaja D.,2,2,ou,24.50,under,ft,1.477,3
zZrUoZRs,Andreeva E.,Semenistaja D.,2,2,ou,25.50,over,ft,2.793,3
zZrUoZRs,Andreeva E.,Semenistaja D.,2,2,ou,25.50,under,ft,1.387,3
zZrUoZRs,Andreeva E.,Semenistaja D.,2,2,ou,26.50,over,ft,3.0,2
zZrUoZRs,Andreeva E.,Semenistaja D.,2,2,ou,26.50,under,ft,1.33,2
zZrUoZRs,Andreeva E.,Semenistaja D.,2,2,hc,-1.00,home,ft,1.82,2
zZrUoZRs,Andreeva E.,Semenistaja D.,2,2,hc,-1.00,away,ft,1.85,2
zZrUoZRs,Andreeva E.,Semenistaja D.,2,2,hc,1.50,home,ft,1.19,3
zZrUoZRs,Andreeva E.,Semenistaja D.,2,2,hc,1.50,away,ft,4.333,3
zZrUoZRs,Andreeva E.,Semenistaja D.,2,2,hc,-1.50,home,ft,2.33,4
zZrUoZRs,Andreeva E.,Semenistaja D.,2,2,hc,-1.50,away,ft,1.558,4
zZrUoZRs,Andreeva E.,Semenistaja D.,2,2,hc,0,home,ft,1.54,2
zZrUoZRs,Andreeva E.,Semenistaja D.,2,2,hc,0,away,ft,2.25,2
zZrUoZRs,Andreeva E.,Semenistaja D.,2,2,hc,0.50,home,ft,1.493,3
zZrUoZRs,Andreeva E.,Semenistaja D.,2,2,hc,0.50,away,ft,2.487,3
zZrUoZRs,Andreeva E.,Semenistaja D.,2,2,hc,-0.50,home,ft,1.573,3
zZrUoZRs,Andreeva E.,Semenistaja D.,2,2,hc,-0.50,away,ft,2.293,3
zZrUoZRs,Andreeva E.,Semenistaja D.,2,2,hc,-1.00,home,ft,1.61,2
zZrUoZRs,Andreeva E.,Semenistaja D.,2,2,hc,-1.00,away,ft,2.13,2
zZrUoZRs,Andreeva E.,Semenistaja D.,2,2,hc,1.50,home,ft,1.437,3
zZrUoZRs,Andreeva E.,Semenistaja D.,2,2,hc,1.50,away,ft,2.69,3
zZrUoZRs,Andreeva E.,Semenistaja D.,2,2,hc,-1.50,home,ft,1.688,4
zZrUoZRs,Andreeva E.,Semenistaja D.,2,2,hc,-1.50,away,ft,2.155,4
zZrUoZRs,Andreeva E.,Semenistaja D.,2,2,hc,-2.00,home,ft,1.753,3
zZrUoZRs,Andreeva E.,Semenistaja D.,2,2,hc,-2.00,away,ft,2.057,3
zZrUoZRs,Andreeva E.,Semenistaja D.,2,2,hc,2.50,home,ft,1.367,3
zZrUoZRs,Andreeva E.,Semenistaja D.,2,2,hc,2.50,away,ft,2.857,3
zZrUoZRs,Andreeva E.,Semenistaja D.,2,2,hc,-2.50,home,ft,1.83,4
zZrUoZRs,Andreeva E.,Semenistaja D.,2,2,hc,-2.50,away,ft,1.99,4
zZrUoZRs,Andreeva E.,Semenistaja D.,2,2,hc,-3.00,home,ft,1.937,3
zZrUoZRs,Andreeva E.,Semenistaja D.,2,2,hc,-3.00,away,ft,1.85,3
zZrUoZRs,Andreeva E.,Semenistaja D.,2,2,hc,-3.50,home,ft,2.027,4
zZrUoZRs,Andreeva E.,Semenistaja D.,2,2,hc,-3.50,away,ft,1.815,4
zZrUoZRs,Andreeva E.,Semenistaja D.,2,2,hc,-4.00,home,ft,2.28,3
zZrUoZRs,Andreeva E.,Semenistaja D.,2,2,hc,-4.00,away,ft,1.597,3
zZrUoZRs,Andreeva E.,Semenistaja D.,2,2,hc,-4.50,home,ft,2.457,3
zZrUoZRs,Andreeva E.,Semenistaja D.,2,2,hc,-4.50,away,ft,1.503,3
zZrUoZRs,Andreeva E.,Semenistaja D.,2,2,hc,-5.00,home,ft,2.59,2
zZrUoZRs,Andreeva E.,Semenistaja D.,2,2,hc,-5.00,away,ft,1.44,2
zZrUoZRs,Andreeva E.,Semenistaja D.,2,2,hc,-5.50,home,ft,2.85,2
zZrUoZRs,Andreeva E.,Semenistaja D.,2,2,hc,-5.50,away,ft,1.36,2
QaXOxdkR,Riera J.,Cristian J.,0,0,ou,2.50,over,ft,2.46,1
QaXOxdkR,Riera J.,Cristian J.,0,0,ou,2.50,under,ft,1.59,1
QaXOxdkR,Riera J.,Cristian J.,0,0,ou,19.50,over,ft,1.513,3
QaXOxdkR,Riera J.,Cristian J.,0,0,ou,19.50,under,ft,2.397,3
QaXOxdkR,Riera J.,Cristian J.,0,0,ou,20.50,over,ft,1.722,4
QaXOxdkR,Riera J.,Cristian J.,0,0,ou,20.50,under,ft,2.062,4
QaXOxdkR,Riera J.,Cristian J.,0,0,ou,21.00,over,ft,1.813,3
QaXOxdkR,Riera J.,Cristian J.,0,0,ou,21.00,under,ft,1.973,3
QaXOxdkR,Riera J.,Cristian J.,0,0,ou,21.50,over,ft,1.927,4
QaXOxdkR,Riera J.,Cristian J.,0,0,ou,21.50,under,ft,1.9,4
QaXOxdkR,Riera J.,Cristian J.,0,0,ou,22.00,over,ft,2.04,3
QaXOxdkR,Riera J.,Cristian J.,0,0,ou,22.00,under,ft,1.763,3
QaXOxdkR,Riera J.,Cristian J.,0,0,ou,22.50,over,ft,2.19,4
QaXOxdkR,Riera J.,Cristian J.,0,0,ou,22.50,under,ft,1.643,4
QaXOxdkR,Riera J.,Cristian J.,0,0,ou,23.50,over,ft,2.42,3
QaXOxdkR,Riera J.,Cristian J.,0,0,ou,23.50,under,ft,1.503,3
QaXOxdkR,Riera J.,Cristian J.,0,0,ou,24.50,over,ft,2.59,3
QaXOxdkR,Riera J.,Cristian J.,0,0,ou,24.50,under,ft,1.45,3
QaXOxdkR,Riera J.,Cristian J.,0,0,ou,25.50,over,ft,2.927,3
QaXOxdkR,Riera J.,Cristian J.,0,0,ou,25.50,under,ft,1.357,3
QaXOxdkR,Riera J.,Cristian J.,0,0,hc,1.00,home,ft,1.83,2
QaXOxdkR,Riera J.,Cristian J.,0,0,hc,1.00,away,ft,1.84,2
QaXOxdkR,Riera J.,Cristian J.,0,0,hc,1.50,home,ft,1.537,3
QaXOxdkR,Riera J.,Cristian J.,0,0,hc,1.50,away,ft,2.373,3
QaXOxdkR,Riera J.,Cristian J.,0,0,hc,-1.50,home,ft,4.097,3
QaXOxdkR,Riera J.,Cristian J.,0,0,hc,-1.50,away,ft,1.207,3
QaXOxdkR,Riera J.,Cristian J.,0,0,hc,0,home,ft,2.0,2
QaXOxdkR,Riera J.,Cristian J.,0,0,hc,0,away,ft,1.69,2
QaXOxdkR,Riera J.,Cristian J.,0,0,hc,0.50,home,ft,2.26,3
QaXOxdkR,Riera J.,Cristian J.,0,0,hc,0.50,away,ft,1.59,3
QaXOxdkR,Riera J.,Cristian J.,0,0,hc,-0.50,home,ft,2.273,3
QaXOxdkR,Riera J.,Cristian J.,0,0,hc,-0.50,away,ft,1.57,3
QaXOxdkR,Riera J.,Cristian J.,0,0,hc,1.00,home,ft,2.153,3
QaXOxdkR,Riera J.,Cristian J.,0,0,hc,1.00,away,ft,1.667,3
QaXOxdkR,Riera J.,Cristian J.,0,0,hc,-1.00,home,ft,2.15,2
QaXOxdkR,Riera J.,Cristian J.,0,0,hc,-1.00,away,ft,1.59,2
QaXOxdkR,Riera J.,Cristian J.,0,0,hc,1.50,home,ft,2.11,4
QaXOxdkR,Riera J.,Cristian J.,0,0,hc,1.50,away,ft,1.715,4
QaXOxdkR,Riera J.,Cristian J.,0,0,hc,-1.50,home,ft,2.72,1
QaXOxdkR,Riera J.,Cristian J.,0,0,hc,-1.50,away,ft,1.46,1
QaXOxdkR,Riera J.,Cristian J.,0,0,hc,2.00,home,ft,2.037,3
QaXOxdkR,Riera J.,Cristian J.,0,0,hc,2.00,away,ft,1.767,3
QaXOxdkR,Riera J.,Cristian J.,0,0,hc,2.50,home,ft,1.942,4
QaXOxdkR,Riera J.,Cristian J.,0,0,hc,2.50,away,ft,1.88,4
QaXOxdkR,Riera J.,Cristian J.,0,0,hc,-2.50,home,ft,2.95,1
QaXOxdkR,Riera J.,Cristian J.,0,0,hc,-2.50,away,ft,1.4,1
QaXOxdkR,Riera J.,Cristian J.,0,0,hc,3.00,home,ft,1.833,3
QaXOxdkR,Riera J.,Cristian J.,0,0,hc,3.00,away,ft,1.957,3
QaXOxdkR,Riera J.,Cristian J.,0,0,hc,3.50,home,ft,1.735,4
QaXOxdkR,Riera J.,Cristian J.,0,0,hc,3.50,away,ft,2.085,4
QaXOxdkR,Riera J.,Cristian J.,0,0,hc,4.00,home,ft,1.577,3
QaXOxdkR,Riera J.,Cristian J.,0,0,hc,4.00,away,ft,2.323,3
QaXOxdkR,Riera J.,Cristian J.,0,0,hc,4.50,home,ft,1.477,3
QaXOxdkR,Riera J.,Cristian J.,0,0,hc,4.50,away,ft,2.523,3
IyyTIzbe,Bronzetti L.,Jacquemot E.,2,2,ou,2.50,over,ft,2.41,1
IyyTIzbe,Bronzetti L.,Jacquemot E.,2,2,ou,2.50,under,ft,1.61,1
IyyTIzbe,Bronzetti L.,Jacquemot E.,2,2,ou,18.50,over,ft,1.34,2
IyyTIzbe,Bronzetti L.,Jacquemot E.,2,2,ou,18.50,under,ft,2.87,2
IyyTIzbe,Bronzetti L.,Jacquemot E.,2,2,ou,19.50,over,ft,1.5,3
IyyTIzbe,Bronzetti L.,Jacquemot E.,2,2,ou,19.50,under,ft,2.433,3
IyyTIzbe,Bronzetti L.,Jacquemot E.,2,2,ou,20.50,over,ft,1.708,4
IyyTIzbe,Bronzetti L.,Jacquemot E.,2,2,ou,20.50,under,ft,2.077,4
IyyTIzbe,Bronzetti L.,Jacquemot E.,2,2,ou,21.00,over,ft,1.82,3
IyyTIzbe,Bronzetti L.,Jacquemot E.,2,2,ou,21.00,under,ft,1.973,3
IyyTIzbe,Bronzetti L.,Jacquemot E.,2,2,ou,21.50,over,ft,1.927,4
IyyTIzbe,Bronzetti L.,Jacquemot E.,2,2,ou,21.50,under,ft,1.897,4
IyyTIzbe,Bronzetti L.,Jacquemot E.,2,2,ou,22.00,over,ft,2.047,3
IyyTIzbe,Bronzetti L.,Jacquemot E.,2,2,ou,22.00,under,ft,1.757,3
IyyTIzbe,Bronzetti L.,Jacquemot E.,2,2,ou,22.50,over,ft,2.172,4
IyyTIzbe,Bronzetti L.,Jacquemot E.,2,2,ou,22.50,under,ft,1.65,4
IyyTIzbe,Bronzetti L.,Jacquemot E.,2,2,ou,23.50,over,ft,2.377,3
IyyTIzbe,Bronzetti L.,Jacquemot E.,2,2,ou,23.50,under,ft,1.52,3
IyyTIzbe,Bronzetti L.,Jacquemot E.,2,2,ou,24.50,over,ft,2.523,3
IyyTIzbe,Bronzetti L.,Jacquemot E.,2,2,ou,24.50,under,ft,1.463,3
IyyTIzbe,Bronzetti L.,Jacquemot E.,2,2,ou,25.50,over,ft,2.823,3
IyyTIzbe,Bronzetti L.,Jacquemot E.,2,2,ou,25.50,under,ft,1.383,3
IyyTIzbe,Bronzetti L.,Jacquemot E.,2,2,hc,-1.00,home,ft,1.67,2
IyyTIzbe,Bronzetti L.,Jacquemot E.,2,2,hc,-1.00,away,ft,2.02,2
IyyTIzbe,Bronzetti L.,Jacquemot E.,2,2,hc,1.50,home,ft,1.193,3
IyyTIzbe,Bronzetti L.,Jacquemot E.,2,2,hc,1.50,away,ft,4.263,3
IyyTIzbe,Bronzetti L.,Jacquemot E.,2,2,hc,-1.50,home,ft,2.207,3
IyyTIzbe,Bronzetti L.,Jacquemot E.,2,2,hc,-1.50,away,ft,1.613,3
IyyTIzbe,Bronzetti L.,Jacquemot E.,2,2,hc,0.50,home,ft,1.47,1
IyyTIzbe,Bronzetti L.,Jacquemot E.,2,2,hc,0.50,away,ft,2.7,1
IyyTIzbe,Bronzetti L.,Jacquemot E.,2,2,hc,-0.50,home,ft,1.533,3
IyyTIzbe,Bronzetti L.,Jacquemot E.,2,2,hc,-0.50,away,ft,2.38,3
IyyTIzbe,Bronzetti L.,Jacquemot E.,2,2,hc,-1.00,home,ft,1.58,2
IyyTIzbe,Bronzetti L.,Jacquemot E.,2,2,hc,-1.00,away,ft,2.24,2
IyyTIzbe,Bronzetti L.,Jacquemot E.,2,2,hc,1.50,home,ft,1.41,1
IyyTIzbe,Bronzetti L.,Jacquemot E.,2,2,hc,1.50,away,ft,2.9,1
IyyTIzbe,Bronzetti L.,Jacquemot E.,2,2,hc,-1.50,home,ft,1.563,3
IyyTIzbe,Bronzetti L.,Jacquemot E.,2,2,hc,-1.50,away,ft,2.307,3
IyyTIzbe,Bronzetti L.,Jacquemot E.,2,2,hc,-2.00,home,ft,1.647,3
IyyTIzbe,Bronzetti L.,Jacquemot E.,2,2,hc,-2.00,away,ft,2.19,3
IyyTIzbe,Bronzetti L.,Jacquemot E.,2,2,hc,-2.50,home,ft,1.722,4
IyyTIzbe,Bronzetti L.,Jacquemot E.,2,2,hc,-2.50,away,ft,2.098,4
IyyTIzbe,Bronzetti L.,Jacquemot E.,2,2,hc,-3.00,home,ft,1.827,3
IyyTIzbe,Bronzetti L.,Jacquemot E.,2,2,hc,-3.00,away,ft,1.96,3
IyyTIzbe,Bronzetti L.,Jacquemot E.,2,2,hc,-3.50,home,ft,1.978,4
IyyTIzbe,Bronzetti L.,Jacquemot E.,2,2,hc,-3.50,away,ft,1.855,4
IyyTIzbe,Bronzetti L.,Jacquemot E.,2,2,hc,-4.00,home,ft,2.143,3
IyyTIzbe,Bronzetti L.,Jacquemot E.,2,2,hc,-4.00,away,ft,1.693,3
IyyTIzbe,Bronzetti L.,Jacquemot E.,2,2,hc,-4.50,home,ft,2.34,4
IyyTIzbe,Bronzetti L.,Jacquemot E.,2,2,hc,-4.50,away,ft,1.59,4
IyyTIzbe,Bronzetti L.,Jacquemot E.,2,2,hc,-5.00,home,ft,2.66,2
IyyTIzbe,Bronzetti L.,Jacquemot E.,2,2,hc,-5.00,away,ft,1.42,2
IyyTIzbe,Bronzetti L.,Jacquemot E.,2,2,hc,-5.50,home,ft,2.89,2
IyyTIzbe,Bronzetti L.,Jacquemot E.,2,2,hc,-5.50,away,ft,1.35,2
6cHNvIKE,Li A.,Stearns P.,2,2,ou,2.50,over,ft,2.46,1
6cHNvIKE,Li A.,Stearns P.,2,2,ou,2.50,under,ft,1.59,1
6cHNvIKE,Li A.,Stearns P.,2,2,ou,18.50,over,ft,1.43,1
6cHNvIKE,Li A.,Stearns P.,2,2,ou,18.50,under,ft,2.84,1
6cHNvIKE,Li A.,Stearns P.,2,2,ou,19.50,over,ft,1.51,3
6cHNvIKE,Li A.,Stearns P.,2,2,ou,19.50,under,ft,2.403,3
6cHNvIKE,Li A.,Stearns P.,2,2,ou,20.00,over,ft,1.68,2
6cHNvIKE,Li A.,Stearns P.,2,2,ou,20.00,under,ft,2.11,2
6cHNvIKE,Li A.,Stearns P.,2,2,ou,20.50,over,ft,1.72,4
6cHNvIKE,Li A.,Stearns P.,2,2,ou,20.50,under,ft,2.062,4
6cHNvIKE,Li A.,Stearns P.,2,2,ou,21.00,over,ft,1.807,3
6cHNvIKE,Li A.,Stearns P.,2,2,ou,21.00,under,ft,1.987,3
6cHNvIKE,Li A.,Stearns P.,2,2,ou,21.50,over,ft,1.93,4
6cHNvIKE,Li A.,Stearns P.,2,2,ou,21.50,under,ft,1.895,4
6cHNvIKE,Li A.,Stearns P.,2,2,ou,22.00,over,ft,2.033,3
6cHNvIKE,Li A.,Stearns P.,2,2,ou,22.00,under,ft,1.767,3
6cHNvIKE,Li A.,Stearns P.,2,2,ou,22.50,over,ft,2.192,4
6cHNvIKE,Li A.,Stearns P.,2,2,ou,22.50,under,ft,1.64,4
6cHNvIKE,Li A.,Stearns P.,2,2,ou,23.50,over,ft,2.42,3
6cHNvIKE,Li A.,Stearns P.,2,2,ou,23.50,under,ft,1.51,3
6cHNvIKE,Li A.,Stearns P.,2,2,ou,24.50,over,ft,2.557,3
6cHNvIKE,Li A.,Stearns P.,2,2,ou,24.50,under,ft,1.457,3
6cHNvIKE,Li A.,Stearns P.,2,2,ou,25.50,over,ft,2.87,3
6cHNvIKE,Li A.,Stearns P.,2,2,ou,25.50,under,ft,1.37,3
6cHNvIKE,Li A.,Stearns P.,2,2,hc,1.00,home,ft,1.96,2
6cHNvIKE,Li A.,Stearns P.,2,2,hc,1.00,away,ft,1.72,2
6cHNvIKE,Li A.,Stearns P.,2,2,hc,-1.00,home,ft,2.6,2
6cHNvIKE,Li A.,Stearns P.,2,2,hc,-1.00,away,ft,1.41,2
6cHNvIKE,Li A.,Stearns P.,2,2,hc,1.50,home,ft,1.583,3
6cHNvIKE,Li A.,Stearns P.,2,2,hc,1.50,away,ft,2.263,3
6cHNvIKE,Li A.,Stearns P.,2,2,hc,-1.50,home,ft,4.323,3
6cHNvIKE,Li A.,Stearns P.,2,2,hc,-1.50,away,ft,1.187,3
6cHNvIKE,Li A.,Stearns P.,2,2,hc,0,home,ft,2.13,2
6cHNvIKE,Li A.,Stearns P.,2,2,hc,0,away,ft,1.61,2
6cHNvIKE,Li A.,Stearns P.,2,2,hc,0.50,home,ft,2.29,4
6cHNvIKE,Li A.,Stearns P.,2,2,hc,0.50,away,ft,1.598,4
6cHNvIKE,Li A.,Stearns P.,2,2,hc,-0.50,home,ft,2.363,3
6cHNvIKE,Li A.,Stearns P.,2,2,hc,-0.50,away,ft,1.537,3
6cHNvIKE,Li A.,Stearns P.,2,2,hc,1.00,home,ft,2.18,3
6cHNvIKE,Li A.,Stearns P.,2,2,hc,1.00,away,ft,1.633,3
6cHNvIKE,Li A.,Stearns P.,2,2,hc,-1.00,home,ft,2.29,2
6cHNvIKE,Li A.,Stearns P.,2,2,hc,-1.00,away,ft,1.52,2
6cHNvIKE,Li A.,Stearns P.,2,2,hc,1.50,home,ft,2.215,4
6cHNvIKE,Li A.,Stearns P.,2,2,hc,1.50,away,ft,1.64,4
6cHNvIKE,Li A.,Stearns P.,2,2,hc,-1.50,home,ft,2.463,3
6cHNvIKE,Li A.,Stearns P.,2,2,hc,-1.50,away,ft,1.5,3
6cHNvIKE,Li A.,Stearns P.,2,2,hc,2.00,home,ft,2.157,3
6cHNvIKE,Li A.,Stearns P.,2,2,hc,2.00,away,ft,1.663,3
6cHNvIKE,Li A.,Stearns P.,2,2,hc,2.50,home,ft,2.067,4
6cHNvIKE,Li A.,Stearns P.,2,2,hc,2.50,away,ft,1.745,4
6cHNvIKE,Li A.,Stearns P.,2,2,hc,-2.50,home,ft,2.84,1
6cHNvIKE,Li A.,Stearns P.,2,2,hc,-2.50,away,ft,1.43,1
6cHNvIKE,Li A.,Stearns P.,2,2,hc,3.00,home,ft,1.94,3
6cHNvIKE,Li A.,Stearns P.,2,2,hc,3.00,away,ft,1.85,3
6cHNvIKE,Li A.,Stearns P.,2,2,hc,3.50,home,ft,1.858,4
6cHNvIKE,Li A.,Stearns P.,2,2,hc,3.50,away,ft,1.97,4
6cHNvIKE,Li A.,Stearns P.,2,2,hc,4.00,home,ft,1.66,3
6cHNvIKE,Li A.,Stearns P.,2,2,hc,4.00,away,ft,2.197,3
6cHNvIKE,Li A.,Stearns P.,2,2,hc,4.50,home,ft,1.56,4
6cHNvIKE,Li A.,Stearns P.,2,2,hc,4.50,away,ft,2.397,4
6cHNvIKE,Li A.,Stearns P.,2,2,hc,5.00,home,ft,1.38,2
6cHNvIKE,Li A.,Stearns P.,2,2,hc,5.00,away,ft,2.81,2
6cHNvIKE,Li A.,Stearns P.,2,2,hc,5.50,home,ft,1.32,2
6cHNvIKE,Li A.,Stearns P.,2,2,hc,5.50,away,ft,3.04,2
6cHNvIKE,Li A.,Stearns P.,2,2,hc,6.50,home,ft,1.14,2
6cHNvIKE,Li A.,Stearns P.,2,2,hc,6.50,away,ft,4.66,2
IcC3VDs1,Arango E.,Martic P.,0,0,ou,2.50,over,ft,2.45,1
IcC3VDs1,Arango E.,Martic P.,0,0,ou,2.50,under,ft,1.59,1
IcC3VDs1,Arango E.,Martic P.,0,0,ou,19.50,over,ft,1.477,3
IcC3VDs1,Arango E.,Martic P.,0,0,ou,19.50,under,ft,2.5,3
IcC3VDs1,Arango E.,Martic P.,0,0,ou,20.50,over,ft,1.69,4
IcC3VDs1,Arango E.,Martic P.,0,0,ou,20.50,under,ft,2.107,4
IcC3VDs1,Arango E.,Martic P.,0,0,ou,21.00,over,ft,1.827,3
IcC3VDs1,Arango E.,Martic P.,0,0,ou,21.00,under,ft,1.96,3
IcC3VDs1,Arango E.,Martic P.,0,0,ou,21.50,over,ft,1.907,4
IcC3VDs1,Arango E.,Martic P.,0,0,ou,21.50,under,ft,1.915,4
IcC3VDs1,Arango E.,Martic P.,0,0,ou,22.00,over,ft,2.053,3
IcC3VDs1,Arango E.,Martic P.,0,0,ou,22.00,under,ft,1.75,3
IcC3VDs1,Arango E.,Martic P.,0,0,ou,22.50,over,ft,2.132,4
IcC3VDs1,Arango E.,Martic P.,0,0,ou,22.50,under,ft,1.675,4
IcC3VDs1,Arango E.,Martic P.,0,0,ou,23.50,over,ft,2.333,3
IcC3VDs1,Arango E.,Martic P.,0,0,ou,23.50,under,ft,1.54,3
IcC3VDs1,Arango E.,Martic P.,0,0,ou,24.50,over,ft,2.477,3
IcC3VDs1,Arango E.,Martic P.,0,0,ou,24.50,under,ft,1.483,3
IcC3VDs1,Arango E.,Martic P.,0,0,ou,25.50,over,ft,2.767,3
IcC3VDs1,Arango E.,Martic P.,0,0,ou,25.50,under,ft,1.393,3
IcC3VDs1,Arango E.,Martic P.,0,0,hc,1.00,home,ft,1.94,2
IcC3VDs1,Arango E.,Martic P.,0,0,hc,1.00,away,ft,1.73,2
IcC3VDs1,Arango E.,Martic P.,0,0,hc,1.50,home,ft,1.533,3
IcC3VDs1,Arango E.,Martic P.,0,0,hc,1.50,away,ft,2.383,3
IcC3VDs1,Arango E.,Martic P.,0,0,hc,-1.50,home,ft,4.09,3
IcC3VDs1,Arango E.,Martic P.,0,0,hc,-1.50,away,ft,1.207,3
IcC3VDs1,Arango E.,Martic P.,0,0,hc,0.50,home,ft,2.32,1
IcC3VDs1,Arango E.,Martic P.,0,0,hc,0.50,away,ft,1.62,1
IcC3VDs1,Arango E.,Martic P.,0,0,hc,-0.50,home,ft,2.54,1
IcC3VDs1,Arango E.,Martic P.,0,0,hc,-0.50,away,ft,1.53,1
IcC3VDs1,Arango E.,Martic P.,0,0,hc,1.50,home,ft,2.073,3
IcC3VDs1,Arango E.,Martic P.,0,0,hc,1.50,away,ft,1.68,3
IcC3VDs1,Arango E.,Martic P.,0,0,hc,-1.50,home,ft,2.72,1
IcC3VDs1,Arango E.,Martic P.,0,0,hc,-1.50,away,ft,1.46,1
IcC3VDs1,Arango E.,Martic P.,0,0,hc,2.00,home,ft,2.037,3
IcC3VDs1,Arango E.,Martic P.,0,0,hc,2.00,away,ft,1.723,3
IcC3VDs1,Arango E.,Martic P.,0,0,hc,2.50,home,ft,1.943,4
IcC3VDs1,Arango E.,Martic P.,0,0,hc,2.50,away,ft,1.818,4
IcC3VDs1,Arango E.,Martic P.,0,0,hc,-2.50,home,ft,2.95,1
IcC3VDs1,Arango E.,Martic P.,0,0,hc,-2.50,away,ft,1.4,1
IcC3VDs1,Arango E.,Martic P.,0,0,hc,3.00,home,ft,1.817,3
IcC3VDs1,Arango E.,Martic P.,0,0,hc,3.00,away,ft,1.917,3
IcC3VDs1,Arango E.,Martic P.,0,0,hc,3.50,home,ft,1.823,4
IcC3VDs1,Arango E.,Martic P.,0,0,hc,3.50,away,ft,2.015,4
IcC3VDs1,Arango E.,Martic P.,0,0,hc,4.00,home,ft,1.567,3
IcC3VDs1,Arango E.,Martic P.,0,0,hc,4.00,away,ft,2.31,3
IcC3VDs1,Arango E.,Martic P.,0,0,hc,4.50,home,ft,1.495,4
IcC3VDs1,Arango E.,Martic P.,0,0,hc,4.50,away,ft,2.53,4
IcC3VDs1,Arango E.,Martic P.,0,0,hc,5.00,home,ft,1.37,2
IcC3VDs1,Arango E.,Martic P.,0,0,hc,5.00,away,ft,2.85,2
IcC3VDs1,Arango E.,Martic P.,0,0,hc,5.50,home,ft,1.31,2
IcC3VDs1,Arango E.,Martic P.,0,0,hc,5.50,away,ft,3.1,2
drOfXZCl,Zheng Q.,Errani S.,2,2,ou,2.50,over,ft,3.35,1
drOfXZCl,Zheng Q.,Errani S.,2,2,ou,2.50,under,ft,1.35,1
drOfXZCl,Zheng Q.,Errani S.,2,2,ou,16.50,over,ft,1.337,3
drOfXZCl,Zheng Q.,Errani S.,2,2,ou,16.50,under,ft,3.16,3
drOfXZCl,Zheng Q.,Errani S.,2,2,ou,17.50,over,ft,1.53,3
drOfXZCl,Zheng Q.,Errani S.,2,2,ou,17.50,under,ft,2.357,3
drOfXZCl,Zheng Q.,Errani S.,2,2,ou,18.00,over,ft,1.62,1
drOfXZCl,Zheng Q.,Errani S.,2,2,ou,18.00,under,ft,2.38,1
drOfXZCl,Zheng Q.,Errani S.,2,2,ou,18.50,over,ft,1.843,4
drOfXZCl,Zheng Q.,Errani S.,2,2,ou,18.50,under,ft,1.995,4
drOfXZCl,Zheng Q.,Errani S.,2,2,ou,19.00,over,ft,1.83,3
drOfXZCl,Zheng Q.,Errani S.,2,2,ou,19.00,under,ft,1.963,3
drOfXZCl,Zheng Q.,Errani S.,2,2,ou,19.50,over,ft,2.1,4
drOfXZCl,Zheng Q.,Errani S.,2,2,ou,19.50,under,ft,1.695,4
drOfXZCl,Zheng Q.,Errani S.,2,2,ou,20.00,over,ft,2.123,3
drOfXZCl,Zheng Q.,Errani S.,2,2,ou,20.00,under,ft,1.707,3
drOfXZCl,Zheng Q.,Errani S.,2,2,ou,20.50,over,ft,2.42,4
drOfXZCl,Zheng Q.,Errani S.,2,2,ou,20.50,under,ft,1.538,4
drOfXZCl,Zheng Q.,Errani S.,2,2,ou,21.00,over,ft,1.97,2
drOfXZCl,Zheng Q.,Errani S.,2,2,ou,21.00,under,ft,1.78,2
drOfXZCl,Zheng Q.,Errani S.,2,2,ou,21.50,over,ft,2.793,3
drOfXZCl,Zheng Q.,Errani S.,2,2,ou,21.50,under,ft,1.39,3
drOfXZCl,Zheng Q.,Errani S.,2,2,ou,22.50,over,ft,3.43,3
drOfXZCl,Zheng Q.,Errani S.,2,2,ou,22.50,under,ft,1.293,3
drOfXZCl,Zheng Q.,Errani S.,2,2,ou,23.50,over,ft,3.5,3
drOfXZCl,Zheng Q.,Errani S.,2,2,ou,23.50,under,ft,1.293,3
drOfXZCl,Zheng Q.,Errani S.,2,2,ou,24.50,over,ft,2.87,2
drOfXZCl,Zheng Q.,Errani S.,2,2,ou,24.50,under,ft,1.34,2
drOfXZCl,Zheng Q.,Errani S.,2,2,hc,-1.00,home,ft,1.17,2
drOfXZCl,Zheng Q.,Errani S.,2,2,hc,-1.00,away,ft,4.65,2
drOfXZCl,Zheng Q.,Errani S.,2,2,hc,1.50,home,ft,1.053,3
drOfXZCl,Zheng Q.,Errani S.,2,2,hc,1.50,away,ft,9.593,3
drOfXZCl,Zheng Q.,Errani S.,2,2,hc,-1.50,home,ft,1.473,3
drOfXZCl,Zheng Q.,Errani S.,2,2,hc,-1.50,away,ft,2.64,3
drOfXZCl,Zheng Q.,Errani S.,2,2,hc,-1.50,home,ft,1.19,1
drOfXZCl,Zheng Q.,Errani S.,2,2,hc,-1.50,away,ft,5.79,1
drOfXZCl,Zheng Q.,Errani S.,2,2,hc,-2.50,home,ft,1.28,3
drOfXZCl,Zheng Q.,Errani S.,2,2,hc,-2.50,away,ft,3.76,3
drOfXZCl,Zheng Q.,Errani S.,2,2,hc,-3.00,home,ft,1.38,2
drOfXZCl,Zheng Q.,Errani S.,2,2,hc,-3.00,away,ft,2.73,2
drOfXZCl,Zheng Q.,Errani S.,2,2,hc,-3.50,home,ft,1.287,3
drOfXZCl,Zheng Q.,Errani S.,2,2,hc,-3.50,away,ft,3.557,3
drOfXZCl,Zheng Q.,Errani S.,2,2,hc,-4.00,home,ft,1.31,2
drOfXZCl,Zheng Q.,Errani S.,2,2,hc,-4.00,away,ft,3.15,2
drOfXZCl,Zheng Q.,Errani S.,2,2,hc,-4.50,home,ft,1.427,4
drOfXZCl,Zheng Q.,Errani S.,2,2,hc,-4.50,away,ft,2.752,4
drOfXZCl,Zheng Q.,Errani S.,2,2,hc,-5.00,home,ft,1.517,3
drOfXZCl,Zheng Q.,Errani S.,2,2,hc,-5.00,away,ft,2.467,3
drOfXZCl,Zheng Q.,Errani S.,2,2,hc,-5.50,home,ft,1.705,4
drOfXZCl,Zheng Q.,Errani S.,2,2,hc,-5.50,away,ft,2.172,4
drOfXZCl,Zheng Q.,Errani S.,2,2,hc,-6.00,home,ft,1.92,3
drOfXZCl,Zheng Q.,Errani S.,2,2,hc,-6.00,away,ft,1.873,3
drOfXZCl,Zheng Q.,Errani S.,2,2,hc,-6.50,home,ft,2.2,4
drOfXZCl,Zheng Q.,Errani S.,2,2,hc,-6.50,away,ft,1.68,4
drOfXZCl,Zheng Q.,Errani S.,2,2,hc,-7.00,home,ft,2.783,3
drOfXZCl,Zheng Q.,Errani S.,2,2,hc,-7.00,away,ft,1.433,3
drOfXZCl,Zheng Q.,Errani S.,2,2,hc,-7.50,home,ft,3.127,3
drOfXZCl,Zheng Q.,Errani S.,2,2,hc,-7.50,away,ft,1.367,3
drOfXZCl,Zheng Q.,Errani S.,2,2,hc,-8.00,home,ft,4.3,2
drOfXZCl,Zheng Q.,Errani S.,2,2,hc,-8.00,away,ft,1.18,2
drOfXZCl,Zheng Q.,Errani S.,2,2,hc,-8.50,home,ft,5.2,3
drOfXZCl,Zheng Q.,Errani S.,2,2,hc,-8.50,away,ft,1.153,3
v3cbie4K,Tomljanovic A.,Sherif M.,2,2,ou,2.50,over,ft,2.5,1
v3cbie4K,Tomljanovic A.,Sherif M.,2,2,ou,2.50,under,ft,1.57,1
v3cbie4K,Tomljanovic A.,Sherif M.,2,2,ou,18.50,over,ft,1.377,3
v3cbie4K,Tomljanovic A.,Sherif M.,2,2,ou,18.50,under,ft,2.86,3
v3cbie4K,Tomljanovic A.,Sherif M.,2,2,ou,19.50,over,ft,1.55,3
v3cbie4K,Tomljanovic A.,Sherif M.,2,2,ou,19.50,under,ft,2.327,3
v3cbie4K,Tomljanovic A.,Sherif M.,2,2,ou,20.00,over,ft,1.727,3
v3cbie4K,Tomljanovic A.,Sherif M.,2,2,ou,20.00,under,ft,2.097,3
v3cbie4K,Tomljanovic A.,Sherif M.,2,2,ou,20.50,over,ft,1.762,4
v3cbie4K,Tomljanovic A.,Sherif M.,2,2,ou,20.50,under,ft,2.01,4
v3cbie4K,Tomljanovic A.,Sherif M.,2,2,ou,21.00,over,ft,1.93,3
v3cbie4K,Tomljanovic A.,Sherif M.,2,2,ou,21.00,under,ft,1.857,3
v3cbie4K,Tomljanovic A.,Sherif M.,2,2,ou,21.50,over,ft,1.942,4
v3cbie4K,Tomljanovic A.,Sherif M.,2,2,ou,21.50,under,ft,1.812,4
v3cbie4K,Tomljanovic A.,Sherif M.,2,2,ou,22.00,over,ft,2.003,3
v3cbie4K,Tomljanovic A.,Sherif M.,2,2,ou,22.00,under,ft,1.8,3
v3cbie4K,Tomljanovic A.,Sherif M.,2,2,ou,22.50,over,ft,2.232,4
v3cbie4K,Tomljanovic A.,Sherif M.,2,2,ou,22.50,under,ft,1.615,4
v3cbie4K,Tomljanovic A.,Sherif M.,2,2,ou,23.50,over,ft,2.467,3
v3cbie4K,Tomljanovic A.,Sherif M.,2,2,ou,23.50,under,ft,1.487,3
v3cbie4K,Tomljanovic A.,Sherif M.,2,2,ou,24.50,over,ft,2.647,3
v3cbie4K,Tomljanovic A.,Sherif M.,2,2,ou,24.50,under,ft,1.43,3
v3cbie4K,Tomljanovic A.,Sherif M.,2,2,ou,25.50,over,ft,2.96,3
v3cbie4K,Tomljanovic A.,Sherif M.,2,2,ou,25.50,under,ft,1.353,3
v3cbie4K,Tomljanovic A.,Sherif M.,2,2,hc,1.00,home,ft,2.03,2
v3cbie4K,Tomljanovic A.,Sherif M.,2,2,hc,1.00,away,ft,1.66,2
v3cbie4K,Tomljanovic A.,Sherif M.,2,2,hc,1.50,home,ft,1.637,3
v3cbie4K,Tomljanovic A.,Sherif M.,2,2,hc,1.50,away,ft,2.157,3
v3cbie4K,Tomljanovic A.,Sherif M.,2,2,hc,-1.50,home,ft,4.74,3
v3cbie4K,Tomljanovic A.,Sherif M.,2,2,hc,-1.50,away,ft,1.163,3
v3cbie4K,Tomljanovic A.,Sherif M.,2,2,hc,0.50,home,ft,2.327,3
v3cbie4K,Tomljanovic A.,Sherif M.,2,2,hc,0.50,away,ft,1.557,3
v3cbie4K,Tomljanovic A.,Sherif M.,2,2,hc,-0.50,home,ft,2.71,1
v3cbie4K,Tomljanovic A.,Sherif M.,2,2,hc,-0.50,away,ft,1.47,1
v3cbie4K,Tomljanovic A.,Sherif M.,2,2,hc,1.00,home,ft,2.18,2
v3cbie4K,Tomljanovic A.,Sherif M.,2,2,hc,1.00,away,ft,1.61,2
v3cbie4K,Tomljanovic A.,Sherif M.,2,2,hc,1.50,home,ft,2.285,4
v3cbie4K,Tomljanovic A.,Sherif M.,2,2,hc,1.50,away,ft,1.603,4
v3cbie4K,Tomljanovic A.,Sherif M.,2,2,hc,-1.50,home,ft,2.93,1
v3cbie4K,Tomljanovic A.,Sherif M.,2,2,hc,-1.50,away,ft,1.41,1
v3cbie4K,Tomljanovic A.,Sherif M.,2,2,hc,2.00,home,ft,2.23,3
v3cbie4K,Tomljanovic A.,Sherif M.,2,2,hc,2.00,away,ft,1.623,3
v3cbie4K,Tomljanovic A.,Sherif M.,2,2,hc,2.50,home,ft,2.125,4
v3cbie4K,Tomljanovic A.,Sherif M.,2,2,hc,2.50,away,ft,1.708,4
v3cbie4K,Tomljanovic A.,Sherif M.,2,2,hc,-2.50,home,ft,2.93,1
v3cbie4K,Tomljanovic A.,Sherif M.,2,2,hc,-2.50,away,ft,1.41,1
v3cbie4K,Tomljanovic A.,Sherif M.,2,2,hc,3.00,home,ft,2.007,3
v3cbie4K,Tomljanovic A.,Sherif M.,2,2,hc,3.00,away,ft,1.793,3
v3cbie4K,Tomljanovic A.,Sherif M.,2,2,hc,3.50,home,ft,1.885,4
v3cbie4K,Tomljanovic A.,Sherif M.,2,2,hc,3.50,away,ft,1.925,4
v3cbie4K,Tomljanovic A.,Sherif M.,2,2,hc,4.00,home,ft,1.71,3
v3cbie4K,Tomljanovic A.,Sherif M.,2,2,hc,4.00,away,ft,2.117,3
v3cbie4K,Tomljanovic A.,Sherif M.,2,2,hc,4.50,home,ft,1.593,4
v3cbie4K,Tomljanovic A.,Sherif M.,2,2,hc,4.50,away,ft,2.333,4
v3cbie4K,Tomljanovic A.,Sherif M.,2,2,hc,5.00,home,ft,1.42,2
v3cbie4K,Tomljanovic A.,Sherif M.,2,2,hc,5.00,away,ft,2.66,2
v3cbie4K,Tomljanovic A.,Sherif M.,2,2,hc,5.50,home,ft,1.35,2
v3cbie4K,Tomljanovic A.,Sherif M.,2,2,hc,5.50,away,ft,2.89,2
v3cbie4K,Tomljanovic A.,Sherif M.,2,2,hc,6.00,home,ft,1.27,2
v3cbie4K,Tomljanovic A.,Sherif M.,2,2,hc,6.00,away,ft,3.42,2
v3cbie4K,Tomljanovic A.,Sherif M.,2,2,hc,6.50,home,ft,1.22,2
v3cbie4K,Tomljanovic A.,Sherif M.,2,2,hc,6.50,away,ft,3.75,2
phCa0n4E,Parry D.,Gadecki O.,2,2,ou,2.50,over,ft,2.48,1
phCa0n4E,Parry D.,Gadecki O.,2,2,ou,2.50,under,ft,1.58,1
phCa0n4E,Parry D.,Gadecki O.,2,2,ou,18.50,over,ft,1.38,2
phCa0n4E,Parry D.,Gadecki O.,2,2,ou,18.50,under,ft,2.73,2
phCa0n4E,Parry D.,Gadecki O.,2,2,ou,19.50,over,ft,1.493,3
phCa0n4E,Parry D.,Gadecki O.,2,2,ou,19.50,under,ft,2.453,3
phCa0n4E,Parry D.,Gadecki O.,2,2,ou,20.50,over,ft,1.69,4
phCa0n4E,Parry D.,Gadecki O.,2,2,ou,20.50,under,ft,2.103,4
phCa0n4E,Parry D.,Gadecki O.,2,2,ou,21.00,over,ft,1.793,3
phCa0n4E,Parry D.,Gadecki O.,2,2,ou,21.00,under,ft,2.0,3
phCa0n4E,Parry D.,Gadecki O.,2,2,ou,21.50,over,ft,1.88,4
phCa0n4E,Parry D.,Gadecki O.,2,2,ou,21.50,under,ft,1.873,4
phCa0n4E,Parry D.,Gadecki O.,2,2,ou,22.00,over,ft,2.027,3
phCa0n4E,Parry D.,Gadecki O.,2,2,ou,22.00,under,ft,1.773,3
phCa0n4E,Parry D.,Gadecki O.,2,2,ou,22.50,over,ft,2.14,4
phCa0n4E,Parry D.,Gadecki O.,2,2,ou,22.50,under,ft,1.667,4
phCa0n4E,Parry D.,Gadecki O.,2,2,ou,23.50,over,ft,2.34,3
phCa0n4E,Parry D.,Gadecki O.,2,2,ou,23.50,under,ft,1.543,3
phCa0n4E,Parry D.,Gadecki O.,2,2,ou,24.50,over,ft,2.49,3
phCa0n4E,Parry D.,Gadecki O.,2,2,ou,24.50,under,ft,1.48,3
phCa0n4E,Parry D.,Gadecki O.,2,2,ou,25.50,over,ft,2.78,3
phCa0n4E,Parry D.,Gadecki O.,2,2,ou,25.50,under,ft,1.39,3
phCa0n4E,Parry D.,Gadecki O.,2,2,hc,-1.00,home,ft,1.68,2
phCa0n4E,Parry D.,Gadecki O.,2,2,hc,-1.00,away,ft,2.01,2
phCa0n4E,Parry D.,Gadecki O.,2,2,hc,1.50,home,ft,1.163,3
phCa0n4E,Parry D.,Gadecki O.,2,2,hc,1.50,away,ft,4.707,3
phCa0n4E,Parry D.,Gadecki O.,2,2,hc,-1.50,home,ft,2.183,4
phCa0n4E,Parry D.,Gadecki O.,2,2,hc,-1.50,away,ft,1.625,4
phCa0n4E,Parry D.,Gadecki O.,2,2,hc,0.50,home,ft,1.45,1
phCa0n4E,Parry D.,Gadecki O.,2,2,hc,0.50,away,ft,2.78,1
phCa0n4E,Parry D.,Gadecki O.,2,2,hc,-0.50,home,ft,1.523,3
phCa0n4E,Parry D.,Gadecki O.,2,2,hc,-0.50,away,ft,2.403,3
phCa0n4E,Parry D.,Gadecki O.,2,2,hc,-1.00,home,ft,1.56,2
phCa0n4E,Parry D.,Gadecki O.,2,2,hc,-1.00,away,ft,2.28,2
phCa0n4E,Parry D.,Gadecki O.,2,2,hc,1.50,home,ft,1.4,1
phCa0n4E,Parry D.,Gadecki O.,2,2,hc,1.50,away,ft,2.97,1
phCa0n4E,Parry D.,Gadecki O.,2,2,hc,-1.50,home,ft,1.57,3
phCa0n4E,Parry D.,Gadecki O.,2,2,hc,-1.50,away,ft,2.293,3
phCa0n4E,Parry D.,Gadecki O.,2,2,hc,-2.00,home,ft,1.63,3
phCa0n4E,Parry D.,Gadecki O.,2,2,hc,-2.00,away,ft,2.21,3
phCa0n4E,Parry D.,Gadecki O.,2,2,hc,-2.50,home,ft,1.715,4
phCa0n4E,Parry D.,Gadecki O.,2,2,hc,-2.50,away,ft,2.11,4
phCa0n4E,Parry D.,Gadecki O.,2,2,hc,-3.00,home,ft,1.81,3
phCa0n4E,Parry D.,Gadecki O.,2,2,hc,-3.00,away,ft,1.98,3
phCa0n4E,Parry D.,Gadecki O.,2,2,hc,-3.50,home,ft,1.95,4
phCa0n4E,Parry D.,Gadecki O.,2,2,hc,-3.50,away,ft,1.863,4
phCa0n4E,Parry D.,Gadecki O.,2,2,hc,-4.00,home,ft,2.157,3
phCa0n4E,Parry D.,Gadecki O.,2,2,hc,-4.00,away,ft,1.683,3
phCa0n4E,Parry D.,Gadecki O.,2,2,hc,-4.50,home,ft,2.368,4
phCa0n4E,Parry D.,Gadecki O.,2,2,hc,-4.50,away,ft,1.573,4
phCa0n4E,Parry D.,Gadecki O.,2,2,hc,-5.00,home,ft,2.73,2
phCa0n4E,Parry D.,Gadecki O.,2,2,hc,-5.00,away,ft,1.4,2
phCa0n4E,Parry D.,Gadecki O.,2,2,hc,-5.50,home,ft,2.99,2
phCa0n4E,Parry D.,Gadecki O.,2,2,hc,-5.50,away,ft,1.33,2
E3UyHES7,Rus A.,Trevisan M.,2,2,ou,2.50,over,ft,2.41,1
E3UyHES7,Rus A.,Trevisan M.,2,2,ou,2.50,under,ft,1.61,1
E3UyHES7,Rus A.,Trevisan M.,2,2,ou,19.50,over,ft,1.477,3
E3UyHES7,Rus A.,Trevisan M.,2,2,ou,19.50,under,ft,2.503,3
E3UyHES7,Rus A.,Trevisan M.,2,2,ou,20.00,over,ft,1.69,2
E3UyHES7,Rus A.,Trevisan M.,2,2,ou,20.00,under,ft,2.1,2
E3UyHES7,Rus A.,Trevisan M.,2,2,ou,20.50,over,ft,1.682,4
E3UyHES7,Rus A.,Trevisan M.,2,2,ou,20.50,under,ft,2.118,4
E3UyHES7,Rus A.,Trevisan M.,2,2,ou,21.00,over,ft,1.863,3
E3UyHES7,Rus A.,Trevisan M.,2,2,ou,21.00,under,ft,1.927,3
E3UyHES7,Rus A.,Trevisan M.,2,2,ou,21.50,over,ft,1.86,4
E3UyHES7,Rus A.,Trevisan M.,2,2,ou,21.50,under,ft,1.893,4
E3UyHES7,Rus A.,Trevisan M.,2,2,ou,22.00,over,ft,2.04,1
E3UyHES7,Rus A.,Trevisan M.,2,2,ou,22.00,under,ft,1.84,1
E3UyHES7,Rus A.,Trevisan M.,2,2,ou,22.50,over,ft,2.15,4
E3UyHES7,Rus A.,Trevisan M.,2,2,ou,22.50,under,ft,1.667,4
E3UyHES7,Rus A.,Trevisan M.,2,2,ou,23.50,over,ft,2.383,3
E3UyHES7,Rus A.,Trevisan M.,2,2,ou,23.50,under,ft,1.523,3
E3UyHES7,Rus A.,Trevisan M.,2,2,ou,24.50,over,ft,2.53,3
E3UyHES7,Rus A.,Trevisan M.,2,2,ou,24.50,under,ft,1.463,3
E3UyHES7,Rus A.,Trevisan M.,2,2,ou,25.50,over,ft,2.84,3
E3UyHES7,Rus A.,Trevisan M.,2,2,ou,25.50,under,ft,1.38,3
E3UyHES7,Rus A.,Trevisan M.,2,2,hc,1.00,home,ft,1.62,2
E3UyHES7,Rus A.,Trevisan M.,2,2,hc,1.00,away,ft,2.1,2
E3UyHES7,Rus A.,Trevisan M.,2,2,hc,-1.00,home,ft,2.61,2
E3UyHES7,Rus A.,Trevisan M.,2,2,hc,-1.00,away,ft,1.41,2
E3UyHES7,Rus A.,Trevisan M.,2,2,hc,1.50,home,ft,1.41,4
E3UyHES7,Rus A.,Trevisan M.,2,2,hc,1.50,away,ft,2.76,4
E3UyHES7,Rus A.,Trevisan M.,2,2,hc,-1.50,home,ft,3.303,3
E3UyHES7,Rus A.,Trevisan M.,2,2,hc,-1.50,away,ft,1.297,3
E3UyHES7,Rus A.,Trevisan M.,2,2,hc,0,home,ft,1.933,3
E3UyHES7,Rus A.,Trevisan M.,2,2,hc,0,away,ft,1.793,3
E3UyHES7,Rus A.,Trevisan M.,2,2,hc,0.50,home,ft,1.935,4
E3UyHES7,Rus A.,Trevisan M.,2,2,hc,0.50,away,ft,1.823,4
E3UyHES7,Rus A.,Trevisan M.,2,2,hc,-0.50,home,ft,2.065,4
E3UyHES7,Rus A.,Trevisan M.,2,2,hc,-0.50,away,ft,1.725,4
E3UyHES7,Rus A.,Trevisan M.,2,2,hc,1.00,home,ft,1.893,3
E3UyHES7,Rus A.,Trevisan M.,2,2,hc,1.00,away,ft,1.843,3
E3UyHES7,Rus A.,Trevisan M.,2,2,hc,-1.00,home,ft,2.137,3
E3UyHES7,Rus A.,Trevisan M.,2,2,hc,-1.00,away,ft,1.66,3
E3UyHES7,Rus A.,Trevisan M.,2,2,hc,1.50,home,ft,1.823,4
E3UyHES7,Rus A.,Trevisan M.,2,2,hc,1.50,away,ft,1.945,4
E3UyHES7,Rus A.,Trevisan M.,2,2,hc,-1.50,home,ft,2.105,4
E3UyHES7,Rus A.,Trevisan M.,2,2,hc,-1.50,away,ft,1.69,4
E3UyHES7,Rus A.,Trevisan M.,2,2,hc,2.00,home,ft,1.767,3
E3UyHES7,Rus A.,Trevisan M.,2,2,hc,2.00,away,ft,1.977,3
E3UyHES7,Rus A.,Trevisan M.,2,2,hc,-2.00,home,ft,2.217,3
E3UyHES7,Rus A.,Trevisan M.,2,2,hc,-2.00,away,ft,1.613,3
E3UyHES7,Rus A.,Trevisan M.,2,2,hc,2.50,home,ft,1.683,3
E3UyHES7,Rus A.,Trevisan M.,2,2,hc,2.50,away,ft,2.08,3
E3UyHES7,Rus A.,Trevisan M.,2,2,hc,-2.50,home,ft,2.11,4
E3UyHES7,Rus A.,Trevisan M.,2,2,hc,-2.50,away,ft,1.698,4
E3UyHES7,Rus A.,Trevisan M.,2,2,hc,3.00,home,ft,1.59,2
E3UyHES7,Rus A.,Trevisan M.,2,2,hc,3.00,away,ft,2.15,2
E3UyHES7,Rus A.,Trevisan M.,2,2,hc,3.50,home,ft,1.527,3
E3UyHES7,Rus A.,Trevisan M.,2,2,hc,3.50,away,ft,2.373,3
E3UyHES7,Rus A.,Trevisan M.,2,2,hc,-3.50,home,ft,2.73,1
E3UyHES7,Rus A.,Trevisan M.,2,2,hc,-3.50,away,ft,1.46,1
E3UyHES7,Rus A.,Trevisan M.,2,2,hc,4.00,home,ft,1.52,2
E3UyHES7,Rus A.,Trevisan M.,2,2,hc,4.00,away,ft,2.38,2
E3UyHES7,Rus A.,Trevisan M.,2,2,hc,4.50,home,ft,1.44,2
E3UyHES7,Rus A.,Trevisan M.,2,2,hc,4.50,away,ft,2.54,2
ABXKKdTr,Carle M. L.,Maria T.,2,2,ou,2.50,over,ft,2.65,1
ABXKKdTr,Carle M. L.,Maria T.,2,2,ou,2.50,under,ft,1.52,1
ABXKKdTr,Carle M. L.,Maria T.,2,2,ou,18.50,over,ft,1.407,3
ABXKKdTr,Carle M. L.,Maria T.,2,2,ou,18.50,under,ft,2.737,3
ABXKKdTr,Carle M. L.,Maria T.,2,2,ou,19.50,over,ft,1.627,4
ABXKKdTr,Carle M. L.,Maria T.,2,2,ou,19.50,under,ft,2.218,4
ABXKKdTr,Carle M. L.,Maria T.,2,2,ou,20.00,over,ft,1.77,1
ABXKKdTr,Carle M. L.,Maria T.,2,2,ou,20.00,under,ft,2.13,1
ABXKKdTr,Carle M. L.,Maria T.,2,2,ou,20.50,over,ft,1.85,4
ABXKKdTr,Carle M. L.,Maria T.,2,2,ou,20.50,under,ft,1.897,4
ABXKKdTr,Carle M. L.,Maria T.,2,2,ou,21.00,over,ft,1.9,3
ABXKKdTr,Carle M. L.,Maria T.,2,2,ou,21.00,under,ft,1.887,3
ABXKKdTr,Carle M. L.,Maria T.,2,2,ou,21.50,over,ft,2.0,4
ABXKKdTr,Carle M. L.,Maria T.,2,2,ou,21.50,under,ft,1.837,4
ABXKKdTr,Carle M. L.,Maria T.,2,2,ou,22.00,over,ft,2.13,3
ABXKKdTr,Carle M. L.,Maria T.,2,2,ou,22.00,under,ft,1.7,3
ABXKKdTr,Carle M. L.,Maria T.,2,2,ou,22.50,over,ft,2.355,4
ABXKKdTr,Carle M. L.,Maria T.,2,2,ou,22.50,under,ft,1.56,4
ABXKKdTr,Carle M. L.,Maria T.,2,2,ou,23.50,over,ft,2.67,3
ABXKKdTr,Carle M. L.,Maria T.,2,2,ou,23.50,under,ft,1.42,3
ABXKKdTr,Carle M. L.,Maria T.,2,2,ou,24.50,over,ft,2.847,3
ABXKKdTr,Carle M. L.,Maria T.,2,2,ou,24.50,under,ft,1.377,3
ABXKKdTr,Carle M. L.,Maria T.,2,2,ou,25.50,over,ft,3.273,3
ABXKKdTr,Carle M. L.,Maria T.,2,2,ou,25.50,under,ft,1.3,3
ABXKKdTr,Carle M. L.,Maria T.,2,2,hc,1.00,home,ft,1.42,2
ABXKKdTr,Carle M. L.,Maria T.,2,2,hc,1.00,away,ft,2.58,2
ABXKKdTr,Carle M. L.,Maria T.,2,2,hc,-1.00,home,ft,1.65,2
ABXKKdTr,Carle M. L.,Maria T.,2,2,hc,-1.00,away,ft,2.05,2
ABXKKdTr,Carle M. L.,Maria T.,2,2,hc,1.50,home,ft,1.163,3
ABXKKdTr,Carle M. L.,Maria T.,2,2,hc,1.50,away,ft,4.74,3
ABXKKdTr,Carle M. L.,Maria T.,2,2,hc,-1.50,home,ft,2.117,4
ABXKKdTr,Carle M. L.,Maria T.,2,2,hc,-1.50,away,ft,1.643,4
ABXKKdTr,Carle M. L.,Maria T.,2,2,hc,0,home,ft,1.88,2
ABXKKdTr,Carle M. L.,Maria T.,2,2,hc,0,away,ft,1.79,2
ABXKKdTr,Carle M. L.,Maria T.,2,2,hc,0.50,home,ft,1.523,3
ABXKKdTr,Carle M. L.,Maria T.,2,2,hc,0.50,away,ft,2.423,3
ABXKKdTr,Carle M. L.,Maria T.,2,2,hc,-0.50,home,ft,1.507,3
ABXKKdTr,Carle M. L.,Maria T.,2,2,hc,-0.50,away,ft,2.457,3
ABXKKdTr,Carle M. L.,Maria T.,2,2,hc,1.00,home,ft,1.53,2
ABXKKdTr,Carle M. L.,Maria T.,2,2,hc,1.00,away,ft,2.28,2
ABXKKdTr,Carle M. L.,Maria T.,2,2,hc,-1.00,home,ft,1.56,2
ABXKKdTr,Carle M. L.,Maria T.,2,2,hc,-1.00,away,ft,2.21,2
ABXKKdTr,Carle M. L.,Maria T.,2,2,hc,1.50,home,ft,1.54,3
ABXKKdTr,Carle M. L.,Maria T.,2,2,hc,1.50,away,ft,2.407,3
ABXKKdTr,Carle M. L.,Maria T.,2,2,hc,-1.50,home,ft,1.587,4
ABXKKdTr,Carle M. L.,Maria T.,2,2,hc,-1.50,away,ft,2.322,4
ABXKKdTr,Carle M. L.,Maria T.,2,2,hc,2.00,home,ft,1.56,2
ABXKKdTr,Carle M. L.,Maria T.,2,2,hc,2.00,away,ft,2.22,2
ABXKKdTr,Carle M. L.,Maria T.,2,2,hc,-2.00,home,ft,1.63,3
ABXKKdTr,Carle M. L.,Maria T.,2,2,hc,-2.00,away,ft,2.217,3
ABXKKdTr,Carle M. L.,Maria T.,2,2,hc,2.50,home,ft,1.59,2
ABXKKdTr,Carle M. L.,Maria T.,2,2,hc,2.50,away,ft,2.16,2
ABXKKdTr,Carle M. L.,Maria T.,2,2,hc,-2.50,home,ft,1.657,4
ABXKKdTr,Carle M. L.,Maria T.,2,2,hc,-2.50,away,ft,2.203,4
ABXKKdTr,Carle M. L.,Maria T.,2,2,hc,3.00,home,ft,1.54,2
ABXKKdTr,Carle M. L.,Maria T.,2,2,hc,3.00,away,ft,2.25,2
ABXKKdTr,Carle M. L.,Maria T.,2,2,hc,-3.00,home,ft,1.757,3
ABXKKdTr,Carle M. L.,Maria T.,2,2,hc,-3.00,away,ft,2.053,3
ABXKKdTr,Carle M. L.,Maria T.,2,2,hc,3.50,home,ft,1.56,2
ABXKKdTr,Carle M. L.,Maria T.,2,2,hc,3.50,away,ft,2.22,2
ABXKKdTr,Carle M. L.,Maria T.,2,2,hc,-3.50,home,ft,1.887,4
ABXKKdTr,Carle M. L.,Maria T.,2,2,hc,-3.50,away,ft,1.93,4
ABXKKdTr,Carle M. L.,Maria T.,2,2,hc,4.00,home,ft,1.53,2
ABXKKdTr,Carle M. L.,Maria T.,2,2,hc,4.00,away,ft,2.34,2
ABXKKdTr,Carle M. L.,Maria T.,2,2,hc,-4.00,home,ft,2.053,3
ABXKKdTr,Carle M. L.,Maria T.,2,2,hc,-4.00,away,ft,1.757,3
ABXKKdTr,Carle M. L.,Maria T.,2,2,hc,4.50,home,ft,1.46,2
ABXKKdTr,Carle M. L.,Maria T.,2,2,hc,4.50,away,ft,2.49,2
ABXKKdTr,Carle M. L.,Maria T.,2,2,hc,-4.50,home,ft,2.22,4
ABXKKdTr,Carle M. L.,Maria T.,2,2,hc,-4.50,away,ft,1.65,4
ABXKKdTr,Carle M. L.,Maria T.,2,2,hc,-5.00,home,ft,2.56,2
ABXKKdTr,Carle M. L.,Maria T.,2,2,hc,-5.00,away,ft,1.45,2
ABXKKdTr,Carle M. L.,Maria T.,2,2,hc,-5.50,home,ft,2.763,3
ABXKKdTr,Carle M. L.,Maria T.,2,2,hc,-5.50,away,ft,1.407,3
QNFBTiCD,Paquet C.,Zheng S.,2,2,ou,2.50,over,ft,4.59,1
QNFBTiCD,Paquet C.,Zheng S.,2,2,ou,2.50,under,ft,1.22,1
QNFBTiCD,Paquet C.,Zheng S.,2,2,ou,15.50,over,ft,1.26,2
QNFBTiCD,Paquet C.,Zheng S.,2,2,ou,15.50,under,ft,3.37,2
QNFBTiCD,Paquet C.,Zheng S.,2,2,ou,16.50,over,ft,1.535,4
QNFBTiCD,Paquet C.,Zheng S.,2,2,ou,16.50,under,ft,2.388,4
QNFBTiCD,Paquet C.,Zheng S.,2,2,ou,17.00,over,ft,1.64,3
QNFBTiCD,Paquet C.,Zheng S.,2,2,ou,17.00,under,ft,2.243,3
QNFBTiCD,Paquet C.,Zheng S.,2,2,ou,17.50,over,ft,1.922,4
QNFBTiCD,Paquet C.,Zheng S.,2,2,ou,17.50,under,ft,1.89,4
QNFBTiCD,Paquet C.,Zheng S.,2,2,ou,18.00,over,ft,2.03,3
QNFBTiCD,Paquet C.,Zheng S.,2,2,ou,18.00,under,ft,1.78,3
QNFBTiCD,Paquet C.,Zheng S.,2,2,ou,18.50,over,ft,2.33,4
QNFBTiCD,Paquet C.,Zheng S.,2,2,ou,18.50,under,ft,1.57,4
QNFBTiCD,Paquet C.,Zheng S.,2,2,ou,19.00,over,ft,2.067,3
QNFBTiCD,Paquet C.,Zheng S.,2,2,ou,19.00,under,ft,1.787,3
QNFBTiCD,Paquet C.,Zheng S.,2,2,ou,19.50,over,ft,2.667,4
QNFBTiCD,Paquet C.,Zheng S.,2,2,ou,19.50,under,ft,1.455,4
QNFBTiCD,Paquet C.,Zheng S.,2,2,ou,20.00,over,ft,2.16,2
QNFBTiCD,Paquet C.,Zheng S.,2,2,ou,20.00,under,ft,1.65,2
QNFBTiCD,Paquet C.,Zheng S.,2,2,ou,20.50,over,ft,3.24,3
QNFBTiCD,Paquet C.,Zheng S.,2,2,ou,20.50,under,ft,1.307,3
QNFBTiCD,Paquet C.,Zheng S.,2,2,ou,21.50,over,ft,3.97,2
QNFBTiCD,Paquet C.,Zheng S.,2,2,ou,21.50,under,ft,1.19,2
QNFBTiCD,Paquet C.,Zheng S.,2,2,ou,22.50,over,ft,3.37,2
QNFBTiCD,Paquet C.,Zheng S.,2,2,ou,22.50,under,ft,1.26,2
QNFBTiCD,Paquet C.,Zheng S.,2,2,hc,-1.00,home,ft,1.03,2
QNFBTiCD,Paquet C.,Zheng S.,2,2,hc,-1.00,away,ft,8.05,2
QNFBTiCD,Paquet C.,Zheng S.,2,2,hc,1.50,away,ft,9.35,2
QNFBTiCD,Paquet C.,Zheng S.,2,2,hc,-1.50,home,ft,1.243,3
QNFBTiCD,Paquet C.,Zheng S.,2,2,hc,-1.50,away,ft,3.693,3
QNFBTiCD,Paquet C.,Zheng S.,2,2,hc,-3.50,home,ft,1.26,2
QNFBTiCD,Paquet C.,Zheng S.,2,2,hc,-3.50,away,ft,3.42,2
QNFBTiCD,Paquet C.,Zheng S.,2,2,hc,-4.00,home,ft,1.3,2
QNFBTiCD,Paquet C.,Zheng S.,2,2,hc,-4.00,away,ft,3.22,2
QNFBTiCD,Paquet C.,Zheng S.,2,2,hc,-4.50,home,ft,1.263,3
QNFBTiCD,Paquet C.,Zheng S.,2,2,hc,-4.50,away,ft,3.65,3
QNFBTiCD,Paquet C.,Zheng S.,2,2,hc,-5.00,home,ft,1.22,2
QNFBTiCD,Paquet C.,Zheng S.,2,2,hc,-5.00,away,ft,3.84,2
QNFBTiCD,Paquet C.,Zheng S.,2,2,hc,-5.50,home,ft,1.393,4
QNFBTiCD,Paquet C.,Zheng S.,2,2,hc,-5.50,away,ft,2.935,4
QNFBTiCD,Paquet C.,Zheng S.,2,2,hc,-6.00,home,ft,1.46,3
QNFBTiCD,Paquet C.,Zheng S.,2,2,hc,-6.00,away,ft,2.68,3
QNFBTiCD,Paquet C.,Zheng S.,2,2,hc,-6.50,home,ft,1.708,4
QNFBTiCD,Paquet C.,Zheng S.,2,2,hc,-6.50,away,ft,2.167,4
QNFBTiCD,Paquet C.,Zheng S.,2,2,hc,-7.00,home,ft,1.927,3
QNFBTiCD,Paquet C.,Zheng S.,2,2,hc,-7.00,away,ft,1.863,3
QNFBTiCD,Paquet C.,Zheng S.,2,2,hc,-7.50,home,ft,2.28,4
QNFBTiCD,Paquet C.,Zheng S.,2,2,hc,-7.50,away,ft,1.608,4
QNFBTiCD,Paquet C.,Zheng S.,2,2,hc,-8.00,home,ft,2.977,3
QNFBTiCD,Paquet C.,Zheng S.,2,2,hc,-8.00,away,ft,1.373,3
QNFBTiCD,Paquet C.,Zheng S.,2,2,hc,-8.50,home,ft,3.28,2
QNFBTiCD,Paquet C.,Zheng S.,2,2,hc,-8.50,away,ft,1.28,2
jNKnw5qA,Begu I.,Bassols M.,2,2,ou,2.50,over,ft,3.23,1
jNKnw5qA,Begu I.,Bassols M.,2,2,ou,2.50,under,ft,1.38,1
jNKnw5qA,Begu I.,Bassols M.,2,2,ou,16.50,over,ft,1.23,2
jNKnw5qA,Begu I.,Bassols M.,2,2,ou,16.50,under,ft,3.55,2
jNKnw5qA,Begu I.,Bassols M.,2,2,ou,17.50,over,ft,1.447,3
jNKnw5qA,Begu I.,Bassols M.,2,2,ou,17.50,under,ft,2.593,3
jNKnw5qA,Begu I.,Bassols M.,2,2,ou,18.00,over,ft,1.6,1
jNKnw5qA,Begu I.,Bassols M.,2,2,ou,18.00,under,ft,2.45,1
jNKnw5qA,Begu I.,Bassols M.,2,2,ou,18.50,over,ft,1.698,4
jNKnw5qA,Begu I.,Bassols M.,2,2,ou,18.50,under,ft,2.098,4
jNKnw5qA,Begu I.,Bassols M.,2,2,ou,19.00,over,ft,1.86,1
jNKnw5qA,Begu I.,Bassols M.,2,2,ou,19.00,under,ft,2.0,1
jNKnw5qA,Begu I.,Bassols M.,2,2,ou,19.50,over,ft,2.005,4
jNKnw5qA,Begu I.,Bassols M.,2,2,ou,19.50,under,ft,1.83,4
jNKnw5qA,Begu I.,Bassols M.,2,2,ou,20.00,over,ft,1.97,3
jNKnw5qA,Begu I.,Bassols M.,2,2,ou,20.00,under,ft,1.837,3
jNKnw5qA,Begu I.,Bassols M.,2,2,ou,20.50,over,ft,2.263,4
jNKnw5qA,Begu I.,Bassols M.,2,2,ou,20.50,under,ft,1.603,4
jNKnw5qA,Begu I.,Bassols M.,2,2,ou,21.00,over,ft,2.1,2
jNKnw5qA,Begu I.,Bassols M.,2,2,ou,21.00,under,ft,1.69,2
jNKnw5qA,Begu I.,Bassols M.,2,2,ou,21.50,over,ft,2.56,3
jNKnw5qA,Begu I.,Bassols M.,2,2,ou,21.50,under,ft,1.457,3
jNKnw5qA,Begu I.,Bassols M.,2,2,ou,22.50,over,ft,2.88,3
jNKnw5qA,Begu I.,Bassols M.,2,2,ou,22.50,under,ft,1.367,3
jNKnw5qA,Begu I.,Bassols M.,2,2,ou,23.50,over,ft,3.26,2
jNKnw5qA,Begu I.,Bassols M.,2,2,ou,23.50,under,ft,1.27,2
jNKnw5qA,Begu I.,Bassols M.,2,2,hc,-1.00,home,ft,1.21,2
jNKnw5qA,Begu I.,Bassols M.,2,2,hc,-1.00,away,ft,4.15,2
jNKnw5qA,Begu I.,Bassols M.,2,2,hc,1.50,home,ft,1.04,3
jNKnw5qA,Begu I.,Bassols M.,2,2,hc,1.50,away,ft,10.09,3
jNKnw5qA,Begu I.,Bassols M.,2,2,hc,-1.50,home,ft,1.517,3
jNKnw5qA,Begu I.,Bassols M.,2,2,hc,-1.50,away,ft,2.52,3
jNKnw5qA,Begu I.,Bassols M.,2,2,hc,-2.50,home,ft,1.33,2
jNKnw5qA,Begu I.,Bassols M.,2,2,hc,-2.50,away,ft,2.99,2
jNKnw5qA,Begu I.,Bassols M.,2,2,hc,-3.00,home,ft,1.38,2
jNKnw5qA,Begu I.,Bassols M.,2,2,hc,-3.00,away,ft,2.81,2
jNKnw5qA,Begu I.,Bassols M.,2,2,hc,-3.50,home,ft,1.343,3
jNKnw5qA,Begu I.,Bassols M.,2,2,hc,-3.50,away,ft,2.983,3
jNKnw5qA,Begu I.,Bassols M.,2,2,hc,-4.00,home,ft,1.36,2
jNKnw5qA,Begu I.,Bassols M.,2,2,hc,-4.00,away,ft,2.9,2
jNKnw5qA,Begu I.,Bassols M.,2,2,hc,-4.50,home,ft,1.488,4
jNKnw5qA,Begu I.,Bassols M.,2,2,hc,-4.50,away,ft,2.595,4
jNKnw5qA,Begu I.,Bassols M.,2,2,hc,-5.00,home,ft,1.597,3
jNKnw5qA,Begu I.,Bassols M.,2,2,hc,-5.00,away,ft,2.317,3
jNKnw5qA,Begu I.,Bassols M.,2,2,hc,-5.50,home,ft,1.843,4
jNKnw5qA,Begu I.,Bassols M.,2,2,hc,-5.50,away,ft,1.992,4
jNKnw5qA,Begu I.,Bassols M.,2,2,hc,-6.00,home,ft,2.027,3
jNKnw5qA,Begu I.,Bassols M.,2,2,hc,-6.00,away,ft,1.77,3
jNKnw5qA,Begu I.,Bassols M.,2,2,hc,-6.50,home,ft,2.322,4
jNKnw5qA,Begu I.,Bassols M.,2,2,hc,-6.50,away,ft,1.598,4
jNKnw5qA,Begu I.,Bassols M.,2,2,hc,-7.00,home,ft,2.94,3
jNKnw5qA,Begu I.,Bassols M.,2,2,hc,-7.00,away,ft,1.377,3
jNKnw5qA,Begu I.,Bassols M.,2,2,hc,-7.50,home,ft,3.24,2
jNKnw5qA,Begu I.,Bassols M.,2,2,hc,-7.50,away,ft,1.29,2
4dZCxqC7,Kawa K.,Muchova K.,,,ou,2.50,over,ft,3.0,1
4dZCxqC7,Kawa K.,Muchova K.,,,ou,2.50,under,ft,1.42,1
4dZCxqC7,Kawa K.,Muchova K.,,,ou,17.50,over,ft,1.393,3
4dZCxqC7,Kawa K.,Muchova K.,,,ou,17.50,under,ft,2.767,3
4dZCxqC7,Kawa K.,Muchova K.,,,ou,18.50,over,ft,1.623,4
4dZCxqC7,Kawa K.,Muchova K.,,,ou,18.50,under,ft,2.225,4
4dZCxqC7,Kawa K.,Muchova K.,,,ou,19.00,over,ft,1.73,3
4dZCxqC7,Kawa K.,Muchova K.,,,ou,19.00,under,ft,2.083,3
4dZCxqC7,Kawa K.,Muchova K.,,,ou,19.50,over,ft,1.893,4
4dZCxqC7,Kawa K.,Muchova K.,,,ou,19.50,under,ft,1.925,4
4dZCxqC7,Kawa K.,Muchova K.,,,ou,20.00,over,ft,1.993,3
4dZCxqC7,Kawa K.,Muchova K.,,,ou,20.00,under,ft,1.793,3
4dZCxqC7,Kawa K.,Muchova K.,,,ou,20.50,over,ft,2.152,4
4dZCxqC7,Kawa K.,Muchova K.,,,ou,20.50,under,ft,1.655,4
4dZCxqC7,Kawa K.,Muchova K.,,,ou,21.50,over,ft,2.397,3
4dZCxqC7,Kawa K.,Muchova K.,,,ou,21.50,under,ft,1.52,3
4dZCxqC7,Kawa K.,Muchova K.,,,ou,22.50,over,ft,2.763,3
4dZCxqC7,Kawa K.,Muchova K.,,,ou,22.50,under,ft,1.397,3
4dZCxqC7,Kawa K.,Muchova K.,,,ou,23.50,over,ft,2.93,2
4dZCxqC7,Kawa K.,Muchova K.,,,ou,23.50,under,ft,1.33,2
4dZCxqC7,Kawa K.,Muchova K.,,,hc,1.00,home,ft,3.73,2
4dZCxqC7,Kawa K.,Muchova K.,,,hc,1.00,away,ft,1.21,2
4dZCxqC7,Kawa K.,Muchova K.,,,hc,1.50,home,ft,2.39,4
4dZCxqC7,Kawa K.,Muchova K.,,,hc,1.50,away,ft,1.53,4
4dZCxqC7,Kawa K.,Muchova K.,,,hc,-1.50,home,ft,9.82,3
4dZCxqC7,Kawa K.,Muchova K.,,,hc,-1.50,away,ft,1.033,3
4dZCxqC7,Kawa K.,Muchova K.,,,hc,2.50,home,ft,3.86,2
4dZCxqC7,Kawa K.,Muchova K.,,,hc,2.50,away,ft,1.2,2
4dZCxqC7,Kawa K.,Muchova K.,,,hc,3.50,home,ft,2.94,2
4dZCxqC7,Kawa K.,Muchova K.,,,hc,3.50,away,ft,1.34,2
4dZCxqC7,Kawa K.,Muchova K.,,,hc,4.00,home,ft,2.687,3
4dZCxqC7,Kawa K.,Muchova K.,,,hc,4.00,away,ft,1.44,3
4dZCxqC7,Kawa K.,Muchova K.,,,hc,4.50,home,ft,2.397,4
4dZCxqC7,Kawa K.,Muchova K.,,,hc,4.50,away,ft,1.56,4
4dZCxqC7,Kawa K.,Muchova K.,,,hc,5.00,home,ft,2.127,3
4dZCxqC7,Kawa K.,Muchova K.,,,hc,5.00,away,ft,1.707,3
4dZCxqC7,Kawa K.,Muchova K.,,,hc,5.50,home,ft,1.833,4
4dZCxqC7,Kawa K.,Muchova K.,,,hc,5.50,away,ft,1.99,4
4dZCxqC7,Kawa K.,Muchova K.,,,hc,6.00,home,ft,1.647,3
4dZCxqC7,Kawa K.,Muchova K.,,,hc,6.00,away,ft,2.227,3
4dZCxqC7,Kawa K.,Muchova K.,,,hc,6.50,home,ft,1.51,4
4dZCxqC7,Kawa K.,Muchova K.,,,hc,6.50,away,ft,2.533,4
4dZCxqC7,Kawa K.,Muchova K.,,,hc,7.00,home,ft,1.31,2
4dZCxqC7,Kawa K.,Muchova K.,,,hc,7.00,away,ft,3.15,2
4dZCxqC7,Kawa K.,Muchova K.,,,hc,7.50,home,ft,1.25,2
4dZCxqC7,Kawa K.,Muchova K.,,,hc,7.50,away,ft,3.5,2
4dZCxqC7,Kawa K.,Muchova K.,,,hc,8.50,home,ft,1.1,2
4dZCxqC7,Kawa K.,Muchova K.,,,hc,8.50,away,ft,5.44,2
dWV4v5se,Teichmann J.,Ristic M.,2,2,ou,2.50,over,ft,2.84,1
dWV4v5se,Teichmann J.,Ristic M.,2,2,ou,2.50,under,ft,1.46,1
dWV4v5se,Teichmann J.,Ristic M.,2,2,ou,17.50,over,ft,1.33,2
dWV4v5se,Teichmann J.,Ristic M.,2,2,ou,17.50,under,ft,2.95,2
dWV4v5se,Teichmann J.,Ristic M.,2,2,ou,18.50,over,ft,1.53,3
dWV4v5se,Teichmann J.,Ristic M.,2,2,ou,18.50,under,ft,2.367,3
dWV4v5se,Teichmann J.,Ristic M.,2,2,ou,19.00,over,ft,1.677,3
dWV4v5se,Teichmann J.,Ristic M.,2,2,ou,19.00,under,ft,2.177,3
dWV4v5se,Teichmann J.,Ristic M.,2,2,ou,19.50,over,ft,1.78,4
dWV4v5se,Teichmann J.,Ristic M.,2,2,ou,19.50,under,ft,1.98,4
dWV4v5se,Teichmann J.,Ristic M.,2,2,ou,20.00,over,ft,1.927,3
dWV4v5se,Teichmann J.,Ristic M.,2,2,ou,20.00,under,ft,1.86,3
dWV4v5se,Teichmann J.,Ristic M.,2,2,ou,20.50,over,ft,2.035,4
dWV4v5se,Teichmann J.,Ristic M.,2,2,ou,20.50,under,ft,1.745,4
dWV4v5se,Teichmann J.,Ristic M.,2,2,ou,21.00,over,ft,2.117,3
dWV4v5se,Teichmann J.,Ristic M.,2,2,ou,21.00,under,ft,1.71,3
dWV4v5se,Teichmann J.,Ristic M.,2,2,ou,21.50,over,ft,2.263,3
dWV4v5se,Teichmann J.,Ristic M.,2,2,ou,21.50,under,ft,1.577,3
dWV4v5se,Teichmann J.,Ristic M.,2,2,ou,22.50,over,ft,2.61,3
dWV4v5se,Teichmann J.,Ristic M.,2,2,ou,22.50,under,ft,1.44,3
dWV4v5se,Teichmann J.,Ristic M.,2,2,ou,23.50,over,ft,2.84,2
dWV4v5se,Teichmann J.,Ristic M.,2,2,ou,23.50,under,ft,1.35,2
dWV4v5se,Teichmann J.,Ristic M.,2,2,ou,24.50,over,ft,3.05,2
dWV4v5se,Teichmann J.,Ristic M.,2,2,ou,24.50,under,ft,1.31,2
dWV4v5se,Teichmann J.,Ristic M.,2,2,hc,-1.00,home,ft,1.29,2
dWV4v5se,Teichmann J.,Ristic M.,2,2,hc,-1.00,away,ft,3.15,2
dWV4v5se,Teichmann J.,Ristic M.,2,2,hc,1.50,home,ft,1.05,3
dWV4v5se,Teichmann J.,Ristic M.,2,2,hc,1.50,away,ft,8.6,3
dWV4v5se,Teichmann J.,Ristic M.,2,2,hc,-1.50,home,ft,1.623,4
dWV4v5se,Teichmann J.,Ristic M.,2,2,hc,-1.50,away,ft,2.192,4
dWV4v5se,Teichmann J.,Ristic M.,2,2,hc,-1.50,home,ft,1.24,2
dWV4v5se,Teichmann J.,Ristic M.,2,2,hc,-1.50,away,ft,3.46,2
dWV4v5se,Teichmann J.,Ristic M.,2,2,hc,-2.50,home,ft,1.37,2
dWV4v5se,Teichmann J.,Ristic M.,2,2,hc,-2.50,away,ft,2.81,2
dWV4v5se,Teichmann J.,Ristic M.,2,2,hc,-3.00,home,ft,1.41,2
dWV4v5se,Teichmann J.,Ristic M.,2,2,hc,-3.00,away,ft,2.69,2
dWV4v5se,Teichmann J.,Ristic M.,2,2,hc,-3.50,home,ft,1.41,3
dWV4v5se,Teichmann J.,Ristic M.,2,2,hc,-3.50,away,ft,2.743,3
dWV4v5se,Teichmann J.,Ristic M.,2,2,hc,-4.00,home,ft,1.5,3
dWV4v5se,Teichmann J.,Ristic M.,2,2,hc,-4.00,away,ft,2.513,3
dWV4v5se,Teichmann J.,Ristic M.,2,2,hc,-4.50,home,ft,1.645,4
dWV4v5se,Teichmann J.,Ristic M.,2,2,hc,-4.50,away,ft,2.225,4
dWV4v5se,Teichmann J.,Ristic M.,2,2,hc,-5.00,home,ft,1.8,3
dWV4v5se,Teichmann J.,Ristic M.,2,2,hc,-5.00,away,ft,1.993,3
dWV4v5se,Teichmann J.,Ristic M.,2,2,hc,-5.50,home,ft,2.027,4
dWV4v5se,Teichmann J.,Ristic M.,2,2,hc,-5.50,away,ft,1.798,4
dWV4v5se,Teichmann J.,Ristic M.,2,2,hc,-6.00,home,ft,2.353,3
dWV4v5se,Teichmann J.,Ristic M.,2,2,hc,-6.00,away,ft,1.583,3
dWV4v5se,Teichmann J.,Ristic M.,2,2,hc,-6.50,home,ft,2.657,3
dWV4v5se,Teichmann J.,Ristic M.,2,2,hc,-6.50,away,ft,1.45,3
dWV4v5se,Teichmann J.,Ristic M.,2,2,hc,-7.00,home,ft,3.34,2
dWV4v5se,Teichmann J.,Ristic M.,2,2,hc,-7.00,away,ft,1.28,2
dWV4v5se,Teichmann J.,Ristic M.,2,2,hc,-7.50,home,ft,3.66,2
dWV4v5se,Teichmann J.,Ristic M.,2,2,hc,-7.50,away,ft,1.23,2
W0xwpDdf,Blinkova A.,Sharma A.,0,0,ou,2.50,over,ft,2.38,1
W0xwpDdf,Blinkova A.,Sharma A.,0,0,ou,2.50,under,ft,1.62,1
W0xwpDdf,Blinkova A.,Sharma A.,0,0,ou,19.50,over,ft,1.483,3
W0xwpDdf,Blinkova A.,Sharma A.,0,0,ou,19.50,under,ft,2.473,3
W0xwpDdf,Blinkova A.,Sharma A.,0,0,ou,20.00,over,ft,1.68,1
W0xwpDdf,Blinkova A.,Sharma A.,0,0,ou,20.00,under,ft,2.24,1
W0xwpDdf,Blinkova A.,Sharma A.,0,0,ou,20.50,over,ft,1.688,4
W0xwpDdf,Blinkova A.,Sharma A.,0,0,ou,20.50,under,ft,2.11,4
W0xwpDdf,Blinkova A.,Sharma A.,0,0,ou,21.00,over,ft,1.797,3
W0xwpDdf,Blinkova A.,Sharma A.,0,0,ou,21.00,under,ft,2.0,3
W0xwpDdf,Blinkova A.,Sharma A.,0,0,ou,21.50,over,ft,1.902,4
W0xwpDdf,Blinkova A.,Sharma A.,0,0,ou,21.50,under,ft,1.92,4
W0xwpDdf,Blinkova A.,Sharma A.,0,0,ou,22.00,over,ft,2.013,3
W0xwpDdf,Blinkova A.,Sharma A.,0,0,ou,22.00,under,ft,1.783,3
W0xwpDdf,Blinkova A.,Sharma A.,0,0,ou,22.50,over,ft,2.135,4
W0xwpDdf,Blinkova A.,Sharma A.,0,0,ou,22.50,under,ft,1.675,4
W0xwpDdf,Blinkova A.,Sharma A.,0,0,ou,23.50,over,ft,2.353,3
W0xwpDdf,Blinkova A.,Sharma A.,0,0,ou,23.50,under,ft,1.533,3
W0xwpDdf,Blinkova A.,Sharma A.,0,0,ou,24.50,over,ft,2.497,3
W0xwpDdf,Blinkova A.,Sharma A.,0,0,ou,24.50,under,ft,1.48,3
W0xwpDdf,Blinkova A.,Sharma A.,0,0,ou,25.50,over,ft,2.78,3
W0xwpDdf,Blinkova A.,Sharma A.,0,0,ou,25.50,under,ft,1.39,3
W0xwpDdf,Blinkova A.,Sharma A.,0,0,hc,1.00,home,ft,1.41,2
W0xwpDdf,Blinkova A.,Sharma A.,0,0,hc,1.00,away,ft,2.61,2
W0xwpDdf,Blinkova A.,Sharma A.,0,0,hc,-1.00,home,ft,1.86,2
W0xwpDdf,Blinkova A.,Sharma A.,0,0,hc,-1.00,away,ft,1.81,2
W0xwpDdf,Blinkova A.,Sharma A.,0,0,hc,1.50,home,ft,1.223,3
W0xwpDdf,Blinkova A.,Sharma A.,0,0,hc,1.50,away,ft,3.887,3
W0xwpDdf,Blinkova A.,Sharma A.,0,0,hc,-1.50,home,ft,2.428,4
W0xwpDdf,Blinkova A.,Sharma A.,0,0,hc,-1.50,away,ft,1.515,4
W0xwpDdf,Blinkova A.,Sharma A.,0,0,hc,0,home,ft,1.54,2
W0xwpDdf,Blinkova A.,Sharma A.,0,0,hc,0,away,ft,2.25,2
W0xwpDdf,Blinkova A.,Sharma A.,0,0,hc,0.50,home,ft,1.647,3
W0xwpDdf,Blinkova A.,Sharma A.,0,0,hc,0.50,away,ft,2.14,3
W0xwpDdf,Blinkova A.,Sharma A.,0,0,hc,-0.50,home,ft,1.617,3
W0xwpDdf,Blinkova A.,Sharma A.,0,0,hc,-0.50,away,ft,2.187,3
W0xwpDdf,Blinkova A.,Sharma A.,0,0,hc,1.00,home,ft,1.61,2
W0xwpDdf,Blinkova A.,Sharma A.,0,0,hc,1.00,away,ft,2.12,2
W0xwpDdf,Blinkova A.,Sharma A.,0,0,hc,-1.00,home,ft,1.66,3
W0xwpDdf,Blinkova A.,Sharma A.,0,0,hc,-1.00,away,ft,2.123,3
W0xwpDdf,Blinkova A.,Sharma A.,0,0,hc,1.50,home,ft,1.567,3
W0xwpDdf,Blinkova A.,Sharma A.,0,0,hc,1.50,away,ft,2.283,3
W0xwpDdf,Blinkova A.,Sharma A.,0,0,hc,-1.50,home,ft,1.738,4
W0xwpDdf,Blinkova A.,Sharma A.,0,0,hc,-1.50,away,ft,2.042,4
W0xwpDdf,Blinkova A.,Sharma A.,0,0,hc,2.00,home,ft,1.53,2
W0xwpDdf,Blinkova A.,Sharma A.,0,0,hc,2.00,away,ft,2.28,2
W0xwpDdf,Blinkova A.,Sharma A.,0,0,hc,-2.00,home,ft,1.773,3
W0xwpDdf,Blinkova A.,Sharma A.,0,0,hc,-2.00,away,ft,1.97,3
W0xwpDdf,Blinkova A.,Sharma A.,0,0,hc,2.50,home,ft,1.44,1
W0xwpDdf,Blinkova A.,Sharma A.,0,0,hc,2.50,away,ft,2.82,1
W0xwpDdf,Blinkova A.,Sharma A.,0,0,hc,-2.50,home,ft,1.93,4
W0xwpDdf,Blinkova A.,Sharma A.,0,0,hc,-2.50,away,ft,1.897,4
W0xwpDdf,Blinkova A.,Sharma A.,0,0,hc,-3.00,home,ft,1.963,3
W0xwpDdf,Blinkova A.,Sharma A.,0,0,hc,-3.00,away,ft,1.78,3
W0xwpDdf,Blinkova A.,Sharma A.,0,0,hc,-3.50,home,ft,2.112,4
W0xwpDdf,Blinkova A.,Sharma A.,0,0,hc,-3.50,away,ft,1.688,4
W0xwpDdf,Blinkova A.,Sharma A.,0,0,hc,-4.00,home,ft,2.21,3
W0xwpDdf,Blinkova A.,Sharma A.,0,0,hc,-4.00,away,ft,1.61,3
W0xwpDdf,Blinkova A.,Sharma A.,0,0,hc,-4.50,home,ft,2.485,4
W0xwpDdf,Blinkova A.,Sharma A.,0,0,hc,-4.50,away,ft,1.505,4
W0xwpDdf,Blinkova A.,Sharma A.,0,0,hc,-5.00,home,ft,2.69,2
W0xwpDdf,Blinkova A.,Sharma A.,0,0,hc,-5.00,away,ft,1.41,2
W0xwpDdf,Blinkova A.,Sharma A.,0,0,hc,-5.50,home,ft,2.94,2
W0xwpDdf,Blinkova A.,Sharma A.,0,0,hc,-5.50,away,ft,1.34,2
