match_id,home,away,home_score,away_score,market,line,side,period,avg_odds,n_bookies
ED3N9PQN,Svitolina E.,Wang Xin.,2,2,ou,2.50,over,ft,2.927,3
ED3N9PQN,Svitolina E.,Wang Xin.,2,2,ou,2.50,under,ft,1.387,3
ED3N9PQN,Svitolina E.,Wang Xin.,2,2,ou,14.50,over,ft,1.02,1
ED3N9PQN,Svitolina E.,Wang Xin.,2,2,ou,14.50,under,ft,8.92,1
ED3N9PQN,Svitolina E.,Wang Xin.,2,2,ou,15.50,over,ft,1.07,1
ED3N9PQN,Svitolina E.,Wang Xin.,2,2,ou,15.50,under,ft,6.19,1
ED3N9PQN,Svitolina E.,Wang Xin.,2,2,ou,16.00,over,ft,1.03,1
ED3N9PQN,Svitolina E.,Wang Xin.,2,2,ou,16.00,under,ft,7.16,1
ED3N9PQN,Svitolina E.,Wang Xin.,2,2,ou,16.50,over,ft,1.15,2
ED3N9PQN,Svitolina E.,Wang Xin.,2,2,ou,16.50,under,ft,5.09,2
ED3N9PQN,Svitolina E.,Wang Xin.,2,2,ou,17.00,over,ft,1.15,1
ED3N9PQN,Svitolina E.,Wang Xin.,2,2,ou,17.00,under,ft,4.27,1
ED3N9PQN,Svitolina E.,Wang Xin.,2,2,ou,17.50,over,ft,1.285,4
ED3N9PQN,Svitolina E.,Wang Xin.,2,2,ou,17.50,under,ft,3.093,4
ED3N9PQN,Svitolina E.,Wang Xin.,2,2,ou,18.00,over,ft,1.33,4
ED3N9PQN,Svitolina E.,Wang Xin.,2,2,ou,18.00,under,ft,2.86,4
ED3N9PQN,Svitolina E.,Wang Xin.,2,2,ou,18.50,over,ft,1.484,7
ED3N9PQN,Svitolina E.,Wang Xin.,2,2,ou,18.50,under,ft,2.451,7
ED3N9PQN,Svitolina E.,Wang Xin.,2,2,ou,19.00,over,ft,1.572,6
ED3N9PQN,Svitolina E.,Wang Xin.,2,2,ou,19.00,under,ft,2.28,6
ED3N9PQN,Svitolina E.,Wang Xin.,2,2,ou,19.50,over,ft,1.702,8
ED3N9PQN,Svitolina E.,Wang Xin.,2,2,ou,19.50,under,ft,2.049,8
ED3N9PQN,Svitolina E.,Wang Xin.,2,2,ou,20.00,over,ft,1.825,6
ED3N9PQN,Svitolina E.,Wang Xin.,2,2,ou,20.00,under,ft,1.92,6
ED3N9PQN,Svitolina E.,Wang Xin.,2,2,ou,20.50,over,ft,1.95,8
ED3N9PQN,Svitolina E.,Wang Xin.,2,2,ou,20.50,under,ft,1.789,8
ED3N9PQN,Svitolina E.,Wang Xin.,2,2,ou,21.00,over,ft,2.07,6
ED3N9PQN,Svitolina E.,Wang Xin.,2,2,ou,21.00,under,ft,1.703,6
ED3N9PQN,Svitolina E.,Wang Xin.,2,2,ou,21.50,over,ft,2.152,8
ED3N9PQN,Svitolina E.,Wang Xin.,2,2,ou,21.50,under,ft,1.634,8
ED3N9PQN,Svitolina E.,Wang Xin.,2,2,ou,22.00,over,ft,2.27,5
ED3N9PQN,Svitolina E.,Wang Xin.,2,2,ou,22.00,under,ft,1.546,5
ED3N9PQN,Svitolina E.,Wang Xin.,2,2,ou,22.50,over,ft,2.458,6
ED3N9PQN,Svitolina E.,Wang Xin.,2,2,ou,22.50,under,ft,1.48,6
ED3N9PQN,Svitolina E.,Wang Xin.,2,2,ou,23.00,over,ft,2.562,4
ED3N9PQN,Svitolina E.,Wang Xin.,2,2,ou,23.00,under,ft,1.41,4
ED3N9PQN,Svitolina E.,Wang Xin.,2,2,ou,23.50,over,ft,2.647,4
ED3N9PQN,Svitolina E.,Wang Xin.,2,2,ou,23.50,under,ft,1.385,4
ED3N9PQN,Svitolina E.,Wang Xin.,2,2,ou,24.00,over,ft,2.57,4
ED3N9PQN,Svitolina E.,Wang Xin.,2,2,ou,24.00,under,ft,1.41,4
ED3N9PQN,Svitolina E.,Wang Xin.,2,2,ou,24.50,over,ft,2.718,6
ED3N9PQN,Svitolina E.,Wang Xin.,2,2,ou,24.50,under,ft,1.39,6
ED3N9PQN,Svitolina E.,Wang Xin.,2,2,ou,25.00,over,ft,3.06,1
ED3N9PQN,Svitolina E.,Wang Xin.,2,2,ou,25.00,under,ft,1.28,1
ED3N9PQN,Svitolina E.,Wang Xin.,2,2,ou,25.50,over,ft,2.82,4
ED3N9PQN,Svitolina E.,Wang Xin.,2,2,ou,25.50,under,ft,1.362,4
ED3N9PQN,Svitolina E.,Wang Xin.,2,2,ou,26.50,over,ft,3.167,4
ED3N9PQN,Svitolina E.,Wang Xin.,2,2,ou,26.50,under,ft,1.292,4
ED3N9PQN,Svitolina E.,Wang Xin.,2,2,ou,27.50,over,ft,3.58,1
ED3N9PQN,Svitolina E.,Wang Xin.,2,2,ou,27.50,under,ft,1.22,1
ED3N9PQN,Svitolina E.,Wang Xin.,2,2,ou,28.50,over,ft,4.06,1
ED3N9PQN,Svitolina E.,Wang Xin.,2,2,ou,28.50,under,ft,1.18,1
ED3N9PQN,Svitolina E.,Wang Xin.,2,2,ou,29.50,over,ft,4.74,1
ED3N9PQN,Svitolina E.,Wang Xin.,2,2,ou,29.50,under,ft,1.13,1
ED3N9PQN,Svitolina E.,Wang Xin.,2,2,ou,30.50,over,ft,5.55,1
ED3N9PQN,Svitolina E.,Wang Xin.,2,2,ou,30.50,under,ft,1.09,1
ED3N9PQN,Svitolina E.,Wang Xin.,2,2,ou,31.50,over,ft,6.69,1
ED3N9PQN,Svitolina E.,Wang Xin.,2,2,ou,31.50,under,ft,1.06,1
ED3N9PQN,Svitolina E.,Wang Xin.,2,2,ou,32.50,over,ft,7.98,1
ED3N9PQN,Svitolina E.,Wang Xin.,2,2,ou,32.50,under,ft,1.03,1
ED3N9PQN,Svitolina E.,Wang Xin.,2,2,ou,33.50,over,ft,9.15,1
ED3N9PQN,Svitolina E.,Wang Xin.,2,2,ou,33.50,under,ft,1.02,1
ED3N9PQN,Svitolina E.,Wang Xin.,2,2,hc,1.50,home,ft,1.075,4
ED3N9PQN,Svitolina E.,Wang Xin.,2,2,hc,1.50,away,ft,7.745,4
ED3N9PQN,Svitolina E.,Wang Xin.,2,2,hc,-1.50,home,ft,1.648,6
ED3N9PQN,Svitolina E.,Wang Xin.,2,2,hc,-1.50,away,ft,2.162,6
ED3N9PQN,Svitolina E.,Wang Xin.,2,2,hc,-0.50,home,ft,1.34,3
ED3N9PQN,Svitolina E.,Wang Xin.,2,2,hc,-0.50,away,ft,3.04,3
ED3N9PQN,Svitolina E.,Wang Xin.,2,2,hc,-1.00,home,ft,1.36,3
ED3N9PQN,Svitolina E.,Wang Xin.,2,2,hc,-1.00,away,ft,2.94,3
ED3N9PQN,Svitolina E.,Wang Xin.,2,2,hc,-1.50,home,ft,1.24,4
ED3N9PQN,Svitolina E.,Wang Xin.,2,2,hc,-1.50,away,ft,3.803,4
ED3N9PQN,Svitolina E.,Wang Xin.,2,2,hc,-2.00,home,ft,1.26,3
ED3N9PQN,Svitolina E.,Wang Xin.,2,2,hc,-2.00,away,ft,3.54,3
ED3N9PQN,Svitolina E.,Wang Xin.,2,2,hc,-2.50,home,ft,1.31,3
ED3N9PQN,Svitolina E.,Wang Xin.,2,2,hc,-2.50,away,ft,3.2,3
ED3N9PQN,Svitolina E.,Wang Xin.,2,2,hc,-3.00,home,ft,1.34,3
ED3N9PQN,Svitolina E.,Wang Xin.,2,2,hc,-3.00,away,ft,3.04,3
ED3N9PQN,Svitolina E.,Wang Xin.,2,2,hc,-3.50,home,ft,1.51,6
ED3N9PQN,Svitolina E.,Wang Xin.,2,2,hc,-3.50,away,ft,2.475,6
ED3N9PQN,Svitolina E.,Wang Xin.,2,2,hc,-4.00,home,ft,1.528,4
ED3N9PQN,Svitolina E.,Wang Xin.,2,2,hc,-4.00,away,ft,2.433,4
ED3N9PQN,Svitolina E.,Wang Xin.,2,2,hc,-4.50,home,ft,1.696,5
ED3N9PQN,Svitolina E.,Wang Xin.,2,2,hc,-4.50,away,ft,2.102,5
ED3N9PQN,Svitolina E.,Wang Xin.,2,2,hc,-5.00,home,ft,1.9,4
ED3N9PQN,Svitolina E.,Wang Xin.,2,2,hc,-5.00,away,ft,1.86,4
ED3N9PQN,Svitolina E.,Wang Xin.,2,2,hc,-5.50,home,ft,2.193,6
ED3N9PQN,Svitolina E.,Wang Xin.,2,2,hc,-5.50,away,ft,1.628,6
ED3N9PQN,Svitolina E.,Wang Xin.,2,2,hc,-6.00,home,ft,2.63,4
ED3N9PQN,Svitolina E.,Wang Xin.,2,2,hc,-6.00,away,ft,1.458,4
ED3N9PQN,Svitolina E.,Wang Xin.,2,2,hc,-6.50,home,ft,2.98,3
ED3N9PQN,Svitolina E.,Wang Xin.,2,2,hc,-6.50,away,ft,1.35,3
ED3N9PQN,Svitolina E.,Wang Xin.,2,2,hc,-7.00,home,ft,4.3,3
ED3N9PQN,Svitolina E.,Wang Xin.,2,2,hc,-7.00,away,ft,1.19,3
ED3N9PQN,Svitolina E.,Wang Xin.,2,2,hc,-7.50,home,ft,4.963,4
ED3N9PQN,Svitolina E.,Wang Xin.,2,2,hc,-7.50,away,ft,1.15,4
lG7lPzhU,Svitolina E.,Jovic I.,2,2,ou,2.50,over,ft,2.643,3
lG7lPzhU,Svitolina E.,Jovic I.,2,2,ou,2.50,under,ft,1.473,3
lG7lPzhU,Svitolina E.,Jovic I.,2,2,ou,14.50,under,ft,9.62,1
lG7lPzhU,Svitolina E.,Jovic I.,2,2,ou,15.50,over,ft,1.05,1
lG7lPzhU,Svitolina E.,Jovic I.,2,2,ou,15.50,under,ft,7.06,1
lG7lPzhU,Svitolina E.,Jovic I.,2,2,ou,16.50,over,ft,1.125,2
lG7lPzhU,Svitolina E.,Jovic I.,2,2,ou,16.50,under,ft,5.55,2
lG7lPzhU,Svitolina E.,Jovic I.,2,2,ou,17.00,over,ft,1.11,1
lG7lPzhU,Svitolina E.,Jovic I.,2,2,ou,17.00,under,ft,4.95,1
lG7lPzhU,Svitolina E.,Jovic I.,2,2,ou,17.50,over,ft,1.212,4
lG7lPzhU,Svitolina E.,Jovic I.,2,2,ou,17.50,under,ft,3.665,4
lG7lPzhU,Svitolina E.,Jovic I.,2,2,ou,18.00,over,ft,1.245,4
lG7lPzhU,Svitolina E.,Jovic I.,2,2,ou,18.00,under,ft,3.38,4
lG7lPzhU,Svitolina E.,Jovic I.,2,2,ou,18.50,over,ft,1.397,6
lG7lPzhU,Svitolina E.,Jovic I.,2,2,ou,18.50,under,ft,2.727,6
lG7lPzhU,Svitolina E.,Jovic I.,2,2,ou,19.00,over,ft,1.445,4
lG7lPzhU,Svitolina E.,Jovic I.,2,2,ou,19.00,under,ft,2.527,4
lG7lPzhU,Svitolina E.,Jovic I.,2,2,ou,19.50,over,ft,1.583,7
lG7lPzhU,Svitolina E.,Jovic I.,2,2,ou,19.50,under,ft,2.231,7
lG7lPzhU,Svitolina E.,Jovic I.,2,2,ou,20.00,over,ft,1.692,6
lG7lPzhU,Svitolina E.,Jovic I.,2,2,ou,20.00,under,ft,2.088,6
lG7lPzhU,Svitolina E.,Jovic I.,2,2,ou,20.50,over,ft,1.838,8
lG7lPzhU,Svitolina E.,Jovic I.,2,2,ou,20.50,under,ft,1.895,8
lG7lPzhU,Svitolina E.,Jovic I.,2,2,ou,21.00,over,ft,1.928,6
lG7lPzhU,Svitolina E.,Jovic I.,2,2,ou,21.00,under,ft,1.817,6
lG7lPzhU,Svitolina E.,Jovic I.,2,2,ou,21.50,over,ft,2.02,8
lG7lPzhU,Svitolina E.,Jovic I.,2,2,ou,21.50,under,ft,1.728,8
lG7lPzhU,Svitolina E.,Jovic I.,2,2,ou,22.00,over,ft,2.182,6
lG7lPzhU,Svitolina E.,Jovic I.,2,2,ou,22.00,under,ft,1.612,6
lG7lPzhU,Svitolina E.,Jovic I.,2,2,ou,22.50,over,ft,2.334,7
lG7lPzhU,Svitolina E.,Jovic I.,2,2,ou,22.50,under,ft,1.527,7
lG7lPzhU,Svitolina E.,Jovic I.,2,2,ou,23.00,over,ft,2.5,4
lG7lPzhU,Svitolina E.,Jovic I.,2,2,ou,23.00,under,ft,1.43,4
lG7lPzhU,Svitolina E.,Jovic I.,2,2,ou,23.50,over,ft,2.558,4
lG7lPzhU,Svitolina E.,Jovic I.,2,2,ou,23.50,under,ft,1.41,4
lG7lPzhU,Svitolina E.,Jovic I.,2,2,ou,24.00,over,ft,2.485,4
lG7lPzhU,Svitolina E.,Jovic I.,2,2,ou,24.00,under,ft,1.432,4
lG7lPzhU,Svitolina E.,Jovic I.,2,2,ou,24.50,over,ft,2.585,6
lG7lPzhU,Svitolina E.,Jovic I.,2,2,ou,24.50,under,ft,1.427,6
lG7lPzhU,Svitolina E.,Jovic I.,2,2,ou,25.00,over,ft,2.78,1
lG7lPzhU,Svitolina E.,Jovic I.,2,2,ou,25.00,under,ft,1.34,1
lG7lPzhU,Svitolina E.,Jovic I.,2,2,ou,25.50,over,ft,2.888,4
lG7lPzhU,Svitolina E.,Jovic I.,2,2,ou,25.50,under,ft,1.34,4
lG7lPzhU,Svitolina E.,Jovic I.,2,2,ou,26.00,over,ft,3.13,1
lG7lPzhU,Svitolina E.,Jovic I.,2,2,ou,26.00,under,ft,1.27,1
lG7lPzhU,Svitolina E.,Jovic I.,2,2,ou,26.50,over,ft,3.27,4
lG7lPzhU,Svitolina E.,Jovic I.,2,2,ou,26.50,under,ft,1.278,4
lG7lPzhU,Svitolina E.,Jovic I.,2,2,ou,27.50,over,ft,3.31,1
lG7lPzhU,Svitolina E.,Jovic I.,2,2,ou,27.50,under,ft,1.26,1
lG7lPzhU,Svitolina E.,Jovic I.,2,2,ou,28.50,over,ft,3.72,1
lG7lPzhU,Svitolina E.,Jovic I.,2,2,ou,28.50,under,ft,1.21,1
lG7lPzhU,Svitolina E.,Jovic I.,2,2,ou,29.50,over,ft,4.39,1
lG7lPzhU,Svitolina E.,Jovic I.,2,2,ou,29.50,under,ft,1.15,1
lG7lPzhU,Svitolina E.,Jovic I.,2,2,ou,30.50,over,ft,5.25,1
lG7lPzhU,Svitolina E.,Jovic I.,2,2,ou,30.50,under,ft,1.11,1
lG7lPzhU,Svitolina E.,Jovic I.,2,2,ou,31.50,over,ft,6.38,1
lG7lPzhU,Svitolina E.,Jovic I.,2,2,ou,31.50,under,ft,1.07,1
lG7lPzhU,Svitolina E.,Jovic I.,2,2,ou,32.50,over,ft,7.71,1
lG7lPzhU,Svitolina E.,Jovic I.,2,2,ou,32.50,under,ft,1.04,1
lG7lPzhU,Svitolina E.,Jovic I.,2,2,ou,33.50,over,ft,8.9,1
lG7lPzhU,Svitolina E.,Jovic I.,2,2,ou,33.50,under,ft,1.02,1
lG7lPzhU,Svitolina E.,Jovic I.,2,2,hc,1.50,home,ft,1.152,4
lG7lPzhU,Svitolina E.,Jovic I.,2,2,hc,1.50,away,ft,5.185,4
lG7lPzhU,Svitolina E.,Jovic I.,2,2,hc,-1.50,home,ft,1.838,6
lG7lPzhU,Svitolina E.,Jovic I.,2,2,hc,-1.50,away,ft,1.897,6
lG7lPzhU,Svitolina E.,Jovic I.,2,2,hc,-0.50,home,ft,1.38,3
lG7lPzhU,Svitolina E.,Jovic I.,2,2,hc,-0.50,away,ft,2.85,3
lG7lPzhU,Svitolina E.,Jovic I.,2,2,hc,-1.00,home,ft,1.4,3
lG7lPzhU,Svitolina E.,Jovic I.,2,2,hc,-1.00,away,ft,2.77,3
lG7lPzhU,Svitolina E.,Jovic I.,2,2,hc,1.50,home,ft,1.26,1
lG7lPzhU,Svitolina E.,Jovic I.,2,2,hc,1.50,away,ft,3.88,1
lG7lPzhU,Svitolina E.,Jovic I.,2,2,hc,-1.50,home,ft,1.395,4
lG7lPzhU,Svitolina E.,Jovic I.,2,2,hc,-1.50,away,ft,2.84,4
lG7lPzhU,Svitolina E.,Jovic I.,2,2,hc,-2.00,home,ft,1.42,3
lG7lPzhU,Svitolina E.,Jovic I.,2,2,hc,-2.00,away,ft,2.69,3
lG7lPzhU,Svitolina E.,Jovic I.,2,2,hc,-2.50,home,ft,1.53,4
lG7lPzhU,Svitolina E.,Jovic I.,2,2,hc,-2.50,away,ft,2.438,4
lG7lPzhU,Svitolina E.,Jovic I.,2,2,hc,-3.00,home,ft,1.555,4
lG7lPzhU,Svitolina E.,Jovic I.,2,2,hc,-3.00,away,ft,2.373,4
lG7lPzhU,Svitolina E.,Jovic I.,2,2,hc,-3.50,home,ft,1.66,6
lG7lPzhU,Svitolina E.,Jovic I.,2,2,hc,-3.50,away,ft,2.12,6
lG7lPzhU,Svitolina E.,Jovic I.,2,2,hc,-4.00,home,ft,1.828,4
lG7lPzhU,Svitolina E.,Jovic I.,2,2,hc,-4.00,away,ft,1.932,4
lG7lPzhU,Svitolina E.,Jovic I.,2,2,hc,-4.50,home,ft,2.008,5
lG7lPzhU,Svitolina E.,Jovic I.,2,2,hc,-4.50,away,ft,1.76,5
lG7lPzhU,Svitolina E.,Jovic I.,2,2,hc,-5.00,home,ft,2.395,4
lG7lPzhU,Svitolina E.,Jovic I.,2,2,hc,-5.00,away,ft,1.545,4
lG7lPzhU,Svitolina E.,Jovic I.,2,2,hc,-5.50,home,ft,2.67,5
lG7lPzhU,Svitolina E.,Jovic I.,2,2,hc,-5.50,away,ft,1.436,5
lG7lPzhU,Svitolina E.,Jovic I.,2,2,hc,-6.00,home,ft,3.48,3
lG7lPzhU,Svitolina E.,Jovic I.,2,2,hc,-6.00,away,ft,1.27,3
lG7lPzhU,Svitolina E.,Jovic I.,2,2,hc,-6.50,home,ft,3.9,3
lG7lPzhU,Svitolina E.,Jovic I.,2,2,hc,-6.50,away,ft,1.22,3
lG7lPzhU,Svitolina E.,Jovic I.,2,2,hc,-7.00,home,ft,6.1,3
lG7lPzhU,Svitolina E.,Jovic I.,2,2,hc,-7.00,away,ft,1.1,3
lG7lPzhU,Svitolina E.,Jovic I.,2,2,hc,-7.50,home,ft,6.6,3
lG7lPzhU,Svitolina E.,Jovic I.,2,2,hc,-7.50,away,ft,1.08,3
G4MPxLP6,Eala A.,Wang Xin.,1,1,ou,2.50,over,ft,2.345,2
G4MPxLP6,Eala A.,Wang Xin.,1,1,ou,2.50,under,ft,1.585,2
G4MPxLP6,Eala A.,Wang Xin.,1,1,ou,15.50,over,ft,1.04,1
G4MPxLP6,Eala A.,Wang Xin.,1,1,ou,15.50,under,ft,7.55,1
G4MPxLP6,Eala A.,Wang Xin.,1,1,ou,16.50,over,ft,1.09,1
G4MPxLP6,Eala A.,Wang Xin.,1,1,ou,16.50,under,ft,5.65,1
G4MPxLP6,Eala A.,Wang Xin.,1,1,ou,17.50,over,ft,1.19,1
G4MPxLP6,Eala A.,Wang Xin.,1,1,ou,17.50,under,ft,4.09,1
G4MPxLP6,Eala A.,Wang Xin.,1,1,ou,18.00,over,ft,1.18,1
G4MPxLP6,Eala A.,Wang Xin.,1,1,ou,18.00,under,ft,3.9,1
G4MPxLP6,Eala A.,Wang Xin.,1,1,ou,18.50,over,ft,1.296,5
G4MPxLP6,Eala A.,Wang Xin.,1,1,ou,18.50,under,ft,3.14,5
G4MPxLP6,Eala A.,Wang Xin.,1,1,ou,19.00,over,ft,1.33,4
G4MPxLP6,Eala A.,Wang Xin.,1,1,ou,19.00,under,ft,2.857,4
G4MPxLP6,Eala A.,Wang Xin.,1,1,ou,19.50,over,ft,1.462,4
G4MPxLP6,Eala A.,Wang Xin.,1,1,ou,19.50,under,ft,2.45,4
G4MPxLP6,Eala A.,Wang Xin.,1,1,ou,20.00,over,ft,1.538,4
G4MPxLP6,Eala A.,Wang Xin.,1,1,ou,20.00,under,ft,2.277,4
G4MPxLP6,Eala A.,Wang Xin.,1,1,ou,20.50,over,ft,1.659,8
G4MPxLP6,Eala A.,Wang Xin.,1,1,ou,20.50,under,ft,2.105,8
G4MPxLP6,Eala A.,Wang Xin.,1,1,ou,21.00,over,ft,1.75,6
G4MPxLP6,Eala A.,Wang Xin.,1,1,ou,21.00,under,ft,2.008,6
G4MPxLP6,Eala A.,Wang Xin.,1,1,ou,21.50,over,ft,1.86,8
G4MPxLP6,Eala A.,Wang Xin.,1,1,ou,21.50,under,ft,1.887,8
G4MPxLP6,Eala A.,Wang Xin.,1,1,ou,22.00,over,ft,1.993,6
G4MPxLP6,Eala A.,Wang Xin.,1,1,ou,22.00,under,ft,1.768,6
G4MPxLP6,Eala A.,Wang Xin.,1,1,ou,22.50,over,ft,2.107,8
G4MPxLP6,Eala A.,Wang Xin.,1,1,ou,22.50,under,ft,1.666,8
G4MPxLP6,Eala A.,Wang Xin.,1,1,ou,23.00,over,ft,2.24,5
G4MPxLP6,Eala A.,Wang Xin.,1,1,ou,23.00,under,ft,1.588,5
G4MPxLP6,Eala A.,Wang Xin.,1,1,ou,23.50,over,ft,2.355,4
G4MPxLP6,Eala A.,Wang Xin.,1,1,ou,23.50,under,ft,1.502,4
G4MPxLP6,Eala A.,Wang Xin.,1,1,ou,24.00,over,ft,2.402,4
G4MPxLP6,Eala A.,Wang Xin.,1,1,ou,24.00,under,ft,1.462,4
G4MPxLP6,Eala A.,Wang Xin.,1,1,ou,24.50,over,ft,2.416,5
G4MPxLP6,Eala A.,Wang Xin.,1,1,ou,24.50,under,ft,1.478,5
G4MPxLP6,Eala A.,Wang Xin.,1,1,ou,25.00,over,ft,2.51,1
G4MPxLP6,Eala A.,Wang Xin.,1,1,ou,25.00,under,ft,1.42,1
G4MPxLP6,Eala A.,Wang Xin.,1,1,ou,25.50,over,ft,2.598,4
G4MPxLP6,Eala A.,Wang Xin.,1,1,ou,25.50,under,ft,1.42,4
G4MPxLP6,Eala A.,Wang Xin.,1,1,ou,26.00,over,ft,2.79,1
G4MPxLP6,Eala A.,Wang Xin.,1,1,ou,26.00,under,ft,1.33,1
G4MPxLP6,Eala A.,Wang Xin.,1,1,ou,26.50,over,ft,2.946,5
G4MPxLP6,Eala A.,Wang Xin.,1,1,ou,26.50,under,ft,1.344,5
G4MPxLP6,Eala A.,Wang Xin.,1,1,ou,27.50,over,ft,3.13,1
G4MPxLP6,Eala A.,Wang Xin.,1,1,ou,27.50,under,ft,1.29,1
G4MPxLP6,Eala A.,Wang Xin.,1,1,ou,28.50,over,ft,3.58,1
G4MPxLP6,Eala A.,Wang Xin.,1,1,ou,28.50,under,ft,1.22,1
G4MPxLP6,Eala A.,Wang Xin.,1,1,ou,29.50,over,ft,4.25,1
G4MPxLP6,Eala A.,Wang Xin.,1,1,ou,29.50,under,ft,1.16,1
G4MPxLP6,Eala A.,Wang Xin.,1,1,ou,30.50,over,ft,5.16,1
G4MPxLP6,Eala A.,Wang Xin.,1,1,ou,30.50,under,ft,1.11,1
G4MPxLP6,Eala A.,Wang Xin.,1,1,ou,31.50,over,ft,6.31,1
G4MPxLP6,Eala A.,Wang Xin.,1,1,ou,31.50,under,ft,1.07,1
G4MPxLP6,Eala A.,Wang Xin.,1,1,ou,32.50,over,ft,7.64,1
G4MPxLP6,Eala A.,Wang Xin.,1,1,ou,32.50,under,ft,1.04,1
G4MPxLP6,Eala A.,Wang Xin.,1,1,ou,33.50,over,ft,8.91,1
G4MPxLP6,Eala A.,Wang Xin.,1,1,ou,33.50,under,ft,1.02,1
G4MPxLP6,Eala A.,Wang Xin.,1,1,ou,34.50,over,ft,10.11,1
G4MPxLP6,Eala A.,Wang Xin.,1,1,hc,1.50,home,ft,1.228,4
G4MPxLP6,Eala A.,Wang Xin.,1,1,hc,1.50,away,ft,4.018,4
G4MPxLP6,Eala A.,Wang Xin.,1,1,hc,-1.50,home,ft,2.225,6
G4MPxLP6,Eala A.,Wang Xin.,1,1,hc,-1.50,away,ft,1.612,6
G4MPxLP6,Eala A.,Wang Xin.,1,1,hc,0,home,ft,1.573,4
G4MPxLP6,Eala A.,Wang Xin.,1,1,hc,0,away,ft,2.283,4
G4MPxLP6,Eala A.,Wang Xin.,1,1,hc,0.50,home,ft,1.47,3
G4MPxLP6,Eala A.,Wang Xin.,1,1,hc,0.50,away,ft,2.53,3
G4MPxLP6,Eala A.,Wang Xin.,1,1,hc,-0.50,home,ft,1.575,4
G4MPxLP6,Eala A.,Wang Xin.,1,1,hc,-0.50,away,ft,2.272,4
G4MPxLP6,Eala A.,Wang Xin.,1,1,hc,1.00,home,ft,1.53,3
G4MPxLP6,Eala A.,Wang Xin.,1,1,hc,1.00,away,ft,2.27,3
G4MPxLP6,Eala A.,Wang Xin.,1,1,hc,-1.00,home,ft,1.598,4
G4MPxLP6,Eala A.,Wang Xin.,1,1,hc,-1.00,away,ft,2.22,4
G4MPxLP6,Eala A.,Wang Xin.,1,1,hc,1.50,home,ft,1.475,4
G4MPxLP6,Eala A.,Wang Xin.,1,1,hc,1.50,away,ft,2.505,4
G4MPxLP6,Eala A.,Wang Xin.,1,1,hc,-1.50,home,ft,1.64,5
G4MPxLP6,Eala A.,Wang Xin.,1,1,hc,-1.50,away,ft,2.14,5
G4MPxLP6,Eala A.,Wang Xin.,1,1,hc,2.00,home,ft,1.49,3
G4MPxLP6,Eala A.,Wang Xin.,1,1,hc,2.00,away,ft,2.38,3
G4MPxLP6,Eala A.,Wang Xin.,1,1,hc,-2.00,home,ft,1.67,4
G4MPxLP6,Eala A.,Wang Xin.,1,1,hc,-2.00,away,ft,2.095,4
G4MPxLP6,Eala A.,Wang Xin.,1,1,hc,-2.50,home,ft,1.745,6
G4MPxLP6,Eala A.,Wang Xin.,1,1,hc,-2.50,away,ft,1.978,6
G4MPxLP6,Eala A.,Wang Xin.,1,1,hc,-3.00,home,ft,1.87,4
G4MPxLP6,Eala A.,Wang Xin.,1,1,hc,-3.00,away,ft,1.845,4
G4MPxLP6,Eala A.,Wang Xin.,1,1,hc,-3.50,home,ft,1.974,5
G4MPxLP6,Eala A.,Wang Xin.,1,1,hc,-3.50,away,ft,1.738,5
G4MPxLP6,Eala A.,Wang Xin.,1,1,hc,-4.00,home,ft,2.245,4
G4MPxLP6,Eala A.,Wang Xin.,1,1,hc,-4.00,away,ft,1.575,4
G4MPxLP6,Eala A.,Wang Xin.,1,1,hc,-4.50,home,ft,2.41,4
G4MPxLP6,Eala A.,Wang Xin.,1,1,hc,-4.50,away,ft,1.485,4
G4MPxLP6,Eala A.,Wang Xin.,1,1,hc,-5.00,home,ft,3.03,3
G4MPxLP6,Eala A.,Wang Xin.,1,1,hc,-5.00,away,ft,1.31,3
G4MPxLP6,Eala A.,Wang Xin.,1,1,hc,-5.50,home,ft,3.413,4
G4MPxLP6,Eala A.,Wang Xin.,1,1,hc,-5.50,away,ft,1.268,4
G4MPxLP6,Eala A.,Wang Xin.,1,1,hc,-6.00,home,ft,4.67,3
G4MPxLP6,Eala A.,Wang Xin.,1,1,hc,-6.00,away,ft,1.14,3
G4MPxLP6,Eala A.,Wang Xin.,1,1,hc,-6.50,home,ft,5.11,3
G4MPxLP6,Eala A.,Wang Xin.,1,1,hc,-6.50,away,ft,1.11,3
Y7L8ZF1s,Svitolina E.,Kartal S.,2,2,ou,2.50,over,ft,2.64,3
Y7L8ZF1s,Svitolina E.,Kartal S.,2,2,ou,2.50,under,ft,1.47,3
Y7L8ZF1s,Svitolina E.,Kartal S.,2,2,ou,14.50,under,ft,9.64,1
Y7L8ZF1s,Svitolina E.,Kartal S.,2,2,ou,15.50,over,ft,1.05,1
Y7L8ZF1s,Svitolina E.,Kartal S.,2,2,ou,15.50,under,ft,7.25,1
Y7L8ZF1s,Svitolina E.,Kartal S.,2,2,ou,16.50,over,ft,1.12,1
Y7L8ZF1s,Svitolina E.,Kartal S.,2,2,ou,16.50,under,ft,5.11,1
Y7L8ZF1s,Svitolina E.,Kartal S.,2,2,ou,17.00,over,ft,1.11,1
Y7L8ZF1s,Svitolina E.,Kartal S.,2,2,ou,17.00,under,ft,4.81,1
Y7L8ZF1s,Svitolina E.,Kartal S.,2,2,ou,17.50,over,ft,1.24,1
Y7L8ZF1s,Svitolina E.,Kartal S.,2,2,ou,17.50,under,ft,3.53,1
Y7L8ZF1s,Svitolina E.,Kartal S.,2,2,ou,18.00,over,ft,1.278,4
Y7L8ZF1s,Svitolina E.,Kartal S.,2,2,ou,18.00,under,ft,3.145,4
Y7L8ZF1s,Svitolina E.,Kartal S.,2,2,ou,18.50,over,ft,1.406,5
Y7L8ZF1s,Svitolina E.,Kartal S.,2,2,ou,18.50,under,ft,2.684,5
Y7L8ZF1s,Svitolina E.,Kartal S.,2,2,ou,19.00,over,ft,1.478,4
Y7L8ZF1s,Svitolina E.,Kartal S.,2,2,ou,19.00,under,ft,2.428,4
Y7L8ZF1s,Svitolina E.,Kartal S.,2,2,ou,19.50,over,ft,1.597,6
Y7L8ZF1s,Svitolina E.,Kartal S.,2,2,ou,19.50,under,ft,2.203,6
Y7L8ZF1s,Svitolina E.,Kartal S.,2,2,ou,20.00,over,ft,1.693,6
Y7L8ZF1s,Svitolina E.,Kartal S.,2,2,ou,20.00,under,ft,2.083,6
Y7L8ZF1s,Svitolina E.,Kartal S.,2,2,ou,20.50,over,ft,1.789,8
Y7L8ZF1s,Svitolina E.,Kartal S.,2,2,ou,20.50,under,ft,1.95,8
Y7L8ZF1s,Svitolina E.,Kartal S.,2,2,ou,21.00,over,ft,1.905,6
Y7L8ZF1s,Svitolina E.,Kartal S.,2,2,ou,21.00,under,ft,1.835,6
Y7L8ZF1s,Svitolina E.,Kartal S.,2,2,ou,21.50,over,ft,2.002,8
Y7L8ZF1s,Svitolina E.,Kartal S.,2,2,ou,21.50,under,ft,1.746,8
Y7L8ZF1s,Svitolina E.,Kartal S.,2,2,ou,22.00,over,ft,2.137,6
Y7L8ZF1s,Svitolina E.,Kartal S.,2,2,ou,22.00,under,ft,1.638,6
Y7L8ZF1s,Svitolina E.,Kartal S.,2,2,ou,22.50,over,ft,2.254,8
Y7L8ZF1s,Svitolina E.,Kartal S.,2,2,ou,22.50,under,ft,1.558,8
Y7L8ZF1s,Svitolina E.,Kartal S.,2,2,ou,23.00,over,ft,2.36,4
Y7L8ZF1s,Svitolina E.,Kartal S.,2,2,ou,23.00,under,ft,1.48,4
Y7L8ZF1s,Svitolina E.,Kartal S.,2,2,ou,23.50,over,ft,2.395,4
Y7L8ZF1s,Svitolina E.,Kartal S.,2,2,ou,23.50,under,ft,1.488,4
Y7L8ZF1s,Svitolina E.,Kartal S.,2,2,ou,24.00,over,ft,2.475,4
Y7L8ZF1s,Svitolina E.,Kartal S.,2,2,ou,24.00,under,ft,1.435,4
Y7L8ZF1s,Svitolina E.,Kartal S.,2,2,ou,24.50,over,ft,2.606,5
Y7L8ZF1s,Svitolina E.,Kartal S.,2,2,ou,24.50,under,ft,1.428,5
Y7L8ZF1s,Svitolina E.,Kartal S.,2,2,ou,25.50,over,ft,2.913,4
Y7L8ZF1s,Svitolina E.,Kartal S.,2,2,ou,25.50,under,ft,1.338,4
Y7L8ZF1s,Svitolina E.,Kartal S.,2,2,ou,26.50,over,ft,3.29,4
Y7L8ZF1s,Svitolina E.,Kartal S.,2,2,ou,26.50,under,ft,1.272,4
Y7L8ZF1s,Svitolina E.,Kartal S.,2,2,ou,27.50,over,ft,3.37,1
Y7L8ZF1s,Svitolina E.,Kartal S.,2,2,ou,27.50,under,ft,1.26,1
Y7L8ZF1s,Svitolina E.,Kartal S.,2,2,ou,28.50,over,ft,3.77,1
Y7L8ZF1s,Svitolina E.,Kartal S.,2,2,ou,28.50,under,ft,1.2,1
Y7L8ZF1s,Svitolina E.,Kartal S.,2,2,ou,29.50,over,ft,4.4,1
Y7L8ZF1s,Svitolina E.,Kartal S.,2,2,ou,29.50,under,ft,1.15,1
Y7L8ZF1s,Svitolina E.,Kartal S.,2,2,ou,30.50,over,ft,5.25,1
Y7L8ZF1s,Svitolina E.,Kartal S.,2,2,ou,30.50,under,ft,1.11,1
Y7L8ZF1s,Svitolina E.,Kartal S.,2,2,ou,31.50,over,ft,6.4,1
Y7L8ZF1s,Svitolina E.,Kartal S.,2,2,ou,31.50,under,ft,1.07,1
Y7L8ZF1s,Svitolina E.,Kartal S.,2,2,ou,32.50,over,ft,7.73,1
Y7L8ZF1s,Svitolina E.,Kartal S.,2,2,ou,32.50,under,ft,1.04,1
Y7L8ZF1s,Svitolina E.,Kartal S.,2,2,ou,33.50,over,ft,8.91,1
Y7L8ZF1s,Svitolina E.,Kartal S.,2,2,ou,33.50,under,ft,1.02,1
Y7L8ZF1s,Svitolina E.,Kartal S.,2,2,hc,1.50,home,ft,1.135,4
Y7L8ZF1s,Svitolina E.,Kartal S.,2,2,hc,1.50,away,ft,5.343,4
Y7L8ZF1s,Svitolina E.,Kartal S.,2,2,hc,-1.50,home,ft,1.922,6
Y7L8ZF1s,Svitolina E.,Kartal S.,2,2,hc,-1.50,away,ft,1.813,6
Y7L8ZF1s,Svitolina E.,Kartal S.,2,2,hc,-1.00,home,ft,1.42,3
Y7L8ZF1s,Svitolina E.,Kartal S.,2,2,hc,-1.00,away,ft,2.69,3
Y7L8ZF1s,Svitolina E.,Kartal S.,2,2,hc,1.50,home,ft,1.27,1
Y7L8ZF1s,Svitolina E.,Kartal S.,2,2,hc,1.50,away,ft,3.74,1
Y7L8ZF1s,Svitolina E.,Kartal S.,2,2,hc,-1.50,home,ft,1.407,4
Y7L8ZF1s,Svitolina E.,Kartal S.,2,2,hc,-1.50,away,ft,2.685,4
Y7L8ZF1s,Svitolina E.,Kartal S.,2,2,hc,-2.00,home,ft,1.42,3
Y7L8ZF1s,Svitolina E.,Kartal S.,2,2,hc,-2.00,away,ft,2.58,3
Y7L8ZF1s,Svitolina E.,Kartal S.,2,2,hc,-2.50,home,ft,1.54,5
Y7L8ZF1s,Svitolina E.,Kartal S.,2,2,hc,-2.50,away,ft,2.332,5
Y7L8ZF1s,Svitolina E.,Kartal S.,2,2,hc,-3.00,home,ft,1.558,4
Y7L8ZF1s,Svitolina E.,Kartal S.,2,2,hc,-3.00,away,ft,2.29,4
Y7L8ZF1s,Svitolina E.,Kartal S.,2,2,hc,-3.50,home,ft,1.646,5
Y7L8ZF1s,Svitolina E.,Kartal S.,2,2,hc,-3.50,away,ft,2.106,5
Y7L8ZF1s,Svitolina E.,Kartal S.,2,2,hc,-4.00,home,ft,1.802,4
Y7L8ZF1s,Svitolina E.,Kartal S.,2,2,hc,-4.00,away,ft,1.91,4
Y7L8ZF1s,Svitolina E.,Kartal S.,2,2,hc,-4.50,home,ft,2.033,6
Y7L8ZF1s,Svitolina E.,Kartal S.,2,2,hc,-4.50,away,ft,1.713,6
Y7L8ZF1s,Svitolina E.,Kartal S.,2,2,hc,-5.00,home,ft,2.283,4
Y7L8ZF1s,Svitolina E.,Kartal S.,2,2,hc,-5.00,away,ft,1.562,4
Y7L8ZF1s,Svitolina E.,Kartal S.,2,2,hc,-5.50,home,ft,2.53,4
Y7L8ZF1s,Svitolina E.,Kartal S.,2,2,hc,-5.50,away,ft,1.458,4
Y7L8ZF1s,Svitolina E.,Kartal S.,2,2,hc,-6.00,home,ft,3.09,3
Y7L8ZF1s,Svitolina E.,Kartal S.,2,2,hc,-6.00,away,ft,1.3,3
Y7L8ZF1s,Svitolina E.,Kartal S.,2,2,hc,-6.50,home,ft,3.49,3
Y7L8ZF1s,Svitolina E.,Kartal S.,2,2,hc,-6.50,away,ft,1.24,3
Y7L8ZF1s,Svitolina E.,Kartal S.,2,2,hc,-7.00,home,ft,5.11,3
Y7L8ZF1s,Svitolina E.,Kartal S.,2,2,hc,-7.00,away,ft,1.11,3
SWaJ47et,Jovic I.,Costoulas S.,2,2,ou,2.50,over,ft,2.89,2
SWaJ47et,Jovic I.,Costoulas S.,2,2,ou,2.50,under,ft,1.4,2
SWaJ47et,Jovic I.,Costoulas S.,2,2,ou,14.50,over,ft,1.02,1
SWaJ47et,Jovic I.,Costoulas S.,2,2,ou,14.50,under,ft,8.74,1
SWaJ47et,Jovic I.,Costoulas S.,2,2,ou,15.50,over,ft,1.08,1
SWaJ47et,Jovic I.,Costoulas S.,2,2,ou,15.50,under,ft,5.88,1
SWaJ47et,Jovic I.,Costoulas S.,2,2,ou,16.50,over,ft,1.165,2
SWaJ47et,Jovic I.,Costoulas S.,2,2,ou,16.50,under,ft,4.76,2
SWaJ47et,Jovic I.,Costoulas S.,2,2,ou,17.00,over,ft,1.155,4
SWaJ47et,Jovic I.,Costoulas S.,2,2,ou,17.00,under,ft,4.16,4
SWaJ47et,Jovic I.,Costoulas S.,2,2,ou,17.50,over,ft,1.302,4
SWaJ47et,Jovic I.,Costoulas S.,2,2,ou,17.50,under,ft,3.078,4
SWaJ47et,Jovic I.,Costoulas S.,2,2,ou,18.00,over,ft,1.343,4
SWaJ47et,Jovic I.,Costoulas S.,2,2,ou,18.00,under,ft,2.853,4
SWaJ47et,Jovic I.,Costoulas S.,2,2,ou,18.50,over,ft,1.5,6
SWaJ47et,Jovic I.,Costoulas S.,2,2,ou,18.50,under,ft,2.41,6
SWaJ47et,Jovic I.,Costoulas S.,2,2,ou,19.00,over,ft,1.595,6
SWaJ47et,Jovic I.,Costoulas S.,2,2,ou,19.00,under,ft,2.243,6
SWaJ47et,Jovic I.,Costoulas S.,2,2,ou,19.50,over,ft,1.724,8
SWaJ47et,Jovic I.,Costoulas S.,2,2,ou,19.50,under,ft,2.036,8
SWaJ47et,Jovic I.,Costoulas S.,2,2,ou,20.00,over,ft,1.862,6
SWaJ47et,Jovic I.,Costoulas S.,2,2,ou,20.00,under,ft,1.878,6
SWaJ47et,Jovic I.,Costoulas S.,2,2,ou,20.50,over,ft,1.972,8
SWaJ47et,Jovic I.,Costoulas S.,2,2,ou,20.50,under,ft,1.771,8
SWaJ47et,Jovic I.,Costoulas S.,2,2,ou,21.00,over,ft,2.122,6
SWaJ47et,Jovic I.,Costoulas S.,2,2,ou,21.00,under,ft,1.658,6
SWaJ47et,Jovic I.,Costoulas S.,2,2,ou,21.50,over,ft,2.182,6
SWaJ47et,Jovic I.,Costoulas S.,2,2,ou,21.50,under,ft,1.595,6
SWaJ47et,Jovic I.,Costoulas S.,2,2,ou,22.00,over,ft,2.43,4
SWaJ47et,Jovic I.,Costoulas S.,2,2,ou,22.00,under,ft,1.465,4
SWaJ47et,Jovic I.,Costoulas S.,2,2,ou,22.50,over,ft,2.542,5
SWaJ47et,Jovic I.,Costoulas S.,2,2,ou,22.50,under,ft,1.448,5
SWaJ47et,Jovic I.,Costoulas S.,2,2,ou,23.00,over,ft,2.74,4
SWaJ47et,Jovic I.,Costoulas S.,2,2,ou,23.00,under,ft,1.36,4
SWaJ47et,Jovic I.,Costoulas S.,2,2,ou,23.50,over,ft,2.78,3
SWaJ47et,Jovic I.,Costoulas S.,2,2,ou,23.50,under,ft,1.37,3
SWaJ47et,Jovic I.,Costoulas S.,2,2,ou,24.50,over,ft,2.975,4
SWaJ47et,Jovic I.,Costoulas S.,2,2,ou,24.50,under,ft,1.343,4
SWaJ47et,Jovic I.,Costoulas S.,2,2,ou,25.50,over,ft,3.38,3
SWaJ47et,Jovic I.,Costoulas S.,2,2,ou,25.50,under,ft,1.263,3
SWaJ47et,Jovic I.,Costoulas S.,2,2,ou,26.50,over,ft,3.267,3
SWaJ47et,Jovic I.,Costoulas S.,2,2,ou,26.50,under,ft,1.27,3
SWaJ47et,Jovic I.,Costoulas S.,2,2,ou,27.50,over,ft,3.55,1
SWaJ47et,Jovic I.,Costoulas S.,2,2,ou,27.50,under,ft,1.23,1
SWaJ47et,Jovic I.,Costoulas S.,2,2,ou,28.50,over,ft,4.06,1
SWaJ47et,Jovic I.,Costoulas S.,2,2,ou,28.50,under,ft,1.18,1
SWaJ47et,Jovic I.,Costoulas S.,2,2,ou,29.50,over,ft,4.77,1
SWaJ47et,Jovic I.,Costoulas S.,2,2,ou,29.50,under,ft,1.13,1
SWaJ47et,Jovic I.,Costoulas S.,2,2,ou,30.50,over,ft,5.71,1
SWaJ47et,Jovic I.,Costoulas S.,2,2,ou,30.50,under,ft,1.09,1
SWaJ47et,Jovic I.,Costoulas S.,2,2,ou,31.50,over,ft,6.85,1
SWaJ47et,Jovic I.,Costoulas S.,2,2,ou,31.50,under,ft,1.05,1
SWaJ47et,Jovic I.,Costoulas S.,2,2,ou,32.50,over,ft,8.21,1
SWaJ47et,Jovic I.,Costoulas S.,2,2,ou,32.50,under,ft,1.03,1
SWaJ47et,Jovic I.,Costoulas S.,2,2,ou,33.50,over,ft,9.38,1
SWaJ47et,Jovic I.,Costoulas S.,2,2,ou,33.50,under,ft,1.02,1
SWaJ47et,Jovic I.,Costoulas S.,2,2,hc,1.50,home,ft,1.113,4
SWaJ47et,Jovic I.,Costoulas S.,2,2,hc,1.50,away,ft,5.973,4
SWaJ47et,Jovic I.,Costoulas S.,2,2,hc,-1.50,home,ft,1.69,6
SWaJ47et,Jovic I.,Costoulas S.,2,2,hc,-1.50,away,ft,2.085,6
SWaJ47et,Jovic I.,Costoulas S.,2,2,hc,-1.00,home,ft,1.47,2
SWaJ47et,Jovic I.,Costoulas S.,2,2,hc,-1.00,away,ft,2.43,2
SWaJ47et,Jovic I.,Costoulas S.,2,2,hc,-1.50,home,ft,1.377,3
SWaJ47et,Jovic I.,Costoulas S.,2,2,hc,-1.50,away,ft,2.88,3
SWaJ47et,Jovic I.,Costoulas S.,2,2,hc,-2.00,home,ft,1.31,3
SWaJ47et,Jovic I.,Costoulas S.,2,2,hc,-2.00,away,ft,3.2,3
SWaJ47et,Jovic I.,Costoulas S.,2,2,hc,-2.50,home,ft,1.36,3
SWaJ47et,Jovic I.,Costoulas S.,2,2,hc,-2.50,away,ft,2.933,3
SWaJ47et,Jovic I.,Costoulas S.,2,2,hc,-3.00,home,ft,1.403,3
SWaJ47et,Jovic I.,Costoulas S.,2,2,hc,-3.00,away,ft,2.757,3
SWaJ47et,Jovic I.,Costoulas S.,2,2,hc,-3.50,home,ft,1.516,5
SWaJ47et,Jovic I.,Costoulas S.,2,2,hc,-3.50,away,ft,2.426,5
SWaJ47et,Jovic I.,Costoulas S.,2,2,hc,-4.00,home,ft,1.593,4
SWaJ47et,Jovic I.,Costoulas S.,2,2,hc,-4.00,away,ft,2.28,4
SWaJ47et,Jovic I.,Costoulas S.,2,2,hc,-4.50,home,ft,1.742,5
SWaJ47et,Jovic I.,Costoulas S.,2,2,hc,-4.50,away,ft,2.03,5
SWaJ47et,Jovic I.,Costoulas S.,2,2,hc,-5.00,home,ft,1.975,4
SWaJ47et,Jovic I.,Costoulas S.,2,2,hc,-5.00,away,ft,1.79,4
SWaJ47et,Jovic I.,Costoulas S.,2,2,hc,-5.50,home,ft,2.233,6
SWaJ47et,Jovic I.,Costoulas S.,2,2,hc,-5.50,away,ft,1.597,6
SWaJ47et,Jovic I.,Costoulas S.,2,2,hc,-6.00,home,ft,2.725,4
SWaJ47et,Jovic I.,Costoulas S.,2,2,hc,-6.00,away,ft,1.43,4
SWaJ47et,Jovic I.,Costoulas S.,2,2,hc,-6.50,home,ft,3.113,3
SWaJ47et,Jovic I.,Costoulas S.,2,2,hc,-6.50,away,ft,1.327,3
SWaJ47et,Jovic I.,Costoulas S.,2,2,hc,-7.00,home,ft,4.483,3
SWaJ47et,Jovic I.,Costoulas S.,2,2,hc,-7.00,away,ft,1.177,3
SWaJ47et,Jovic I.,Costoulas S.,2,2,hc,-7.50,home,ft,5.2,1
SWaJ47et,Jovic I.,Costoulas S.,2,2,hc,-7.50,away,ft,1.16,1
GQe4e2el,Linette M.,Eala A.,0,0,ou,2.50,over,ft,2.453,3
GQe4e2el,Linette M.,Eala A.,0,0,ou,2.50,under,ft,1.533,3
GQe4e2el,Linette M.,Eala A.,0,0,ou,14.50,under,ft,9.88,1
GQe4e2el,Linette M.,Eala A.,0,0,ou,15.50,over,ft,1.04,1
GQe4e2el,Linette M.,Eala A.,0,0,ou,15.50,under,ft,7.52,1
GQe4e2el,Linette M.,Eala A.,0,0,ou,16.50,over,ft,1.11,1
GQe4e2el,Linette M.,Eala A.,0,0,ou,16.50,under,ft,5.34,1
GQe4e2el,Linette M.,Eala A.,0,0,ou,17.50,over,ft,1.2,1
GQe4e2el,Linette M.,Eala A.,0,0,ou,17.50,under,ft,3.86,1
GQe4e2el,Linette M.,Eala A.,0,0,ou,18.50,over,ft,1.325,6
GQe4e2el,Linette M.,Eala A.,0,0,ou,18.50,under,ft,3.028,6
GQe4e2el,Linette M.,Eala A.,0,0,ou,19.00,over,ft,1.385,4
GQe4e2el,Linette M.,Eala A.,0,0,ou,19.00,under,ft,2.635,4
GQe4e2el,Linette M.,Eala A.,0,0,ou,19.50,over,ft,1.51,4
GQe4e2el,Linette M.,Eala A.,0,0,ou,19.50,under,ft,2.327,4
GQe4e2el,Linette M.,Eala A.,0,0,ou,20.00,over,ft,1.578,5
GQe4e2el,Linette M.,Eala A.,0,0,ou,20.00,under,ft,2.194,5
GQe4e2el,Linette M.,Eala A.,0,0,ou,20.50,over,ft,1.691,8
GQe4e2el,Linette M.,Eala A.,0,0,ou,20.50,under,ft,2.05,8
GQe4e2el,Linette M.,Eala A.,0,0,ou,21.00,over,ft,1.788,6
GQe4e2el,Linette M.,Eala A.,0,0,ou,21.00,under,ft,1.96,6
GQe4e2el,Linette M.,Eala A.,0,0,ou,21.50,over,ft,1.904,8
GQe4e2el,Linette M.,Eala A.,0,0,ou,21.50,under,ft,1.843,8
GQe4e2el,Linette M.,Eala A.,0,0,ou,22.00,over,ft,2.018,6
GQe4e2el,Linette M.,Eala A.,0,0,ou,22.00,under,ft,1.743,6
GQe4e2el,Linette M.,Eala A.,0,0,ou,22.50,over,ft,2.14,8
GQe4e2el,Linette M.,Eala A.,0,0,ou,22.50,under,ft,1.639,8
GQe4e2el,Linette M.,Eala A.,0,0,ou,23.00,over,ft,2.218,4
GQe4e2el,Linette M.,Eala A.,0,0,ou,23.00,under,ft,1.568,4
GQe4e2el,Linette M.,Eala A.,0,0,ou,23.50,over,ft,2.3,4
GQe4e2el,Linette M.,Eala A.,0,0,ou,23.50,under,ft,1.522,4
GQe4e2el,Linette M.,Eala A.,0,0,ou,24.00,over,ft,2.36,4
GQe4e2el,Linette M.,Eala A.,0,0,ou,24.00,under,ft,1.48,4
GQe4e2el,Linette M.,Eala A.,0,0,ou,24.50,over,ft,2.393,6
GQe4e2el,Linette M.,Eala A.,0,0,ou,24.50,under,ft,1.507,6
GQe4e2el,Linette M.,Eala A.,0,0,ou,25.50,over,ft,2.575,4
GQe4e2el,Linette M.,Eala A.,0,0,ou,25.50,under,ft,1.422,4
GQe4e2el,Linette M.,Eala A.,0,0,ou,26.50,over,ft,2.938,5
GQe4e2el,Linette M.,Eala A.,0,0,ou,26.50,under,ft,1.346,5
GQe4e2el,Linette M.,Eala A.,0,0,ou,27.50,over,ft,3.22,1
GQe4e2el,Linette M.,Eala A.,0,0,ou,27.50,under,ft,1.28,1
GQe4e2el,Linette M.,Eala A.,0,0,ou,28.50,over,ft,3.63,1
GQe4e2el,Linette M.,Eala A.,0,0,ou,28.50,under,ft,1.22,1
GQe4e2el,Linette M.,Eala A.,0,0,ou,29.50,over,ft,4.3,1
GQe4e2el,Linette M.,Eala A.,0,0,ou,29.50,under,ft,1.16,1
GQe4e2el,Linette M.,Eala A.,0,0,ou,30.50,over,ft,5.25,1
GQe4e2el,Linette M.,Eala A.,0,0,ou,30.50,under,ft,1.11,1
GQe4e2el,Linette M.,Eala A.,0,0,ou,31.50,over,ft,6.4,1
GQe4e2el,Linette M.,Eala A.,0,0,ou,31.50,under,ft,1.07,1
GQe4e2el,Linette M.,Eala A.,0,0,ou,32.50,over,ft,7.73,1
GQe4e2el,Linette M.,Eala A.,0,0,ou,32.50,under,ft,1.04,1
GQe4e2el,Linette M.,Eala A.,0,0,ou,33.50,over,ft,8.92,1
GQe4e2el,Linette M.,Eala A.,0,0,ou,33.50,under,ft,1.02,1
GQe4e2el,Linette M.,Eala A.,0,0,ou,34.50,over,ft,7.94,1
GQe4e2el,Linette M.,Eala A.,0,0,hc,1.50,home,ft,1.595,6
GQe4e2el,Linette M.,Eala A.,0,0,hc,1.50,away,ft,2.252,6
GQe4e2el,Linette M.,Eala A.,0,0,hc,-1.50,home,ft,4.0,4
GQe4e2el,Linette M.,Eala A.,0,0,hc,-1.50,away,ft,1.225,4
GQe4e2el,Linette M.,Eala A.,0,0,hc,0,home,ft,2.25,3
GQe4e2el,Linette M.,Eala A.,0,0,hc,0,away,ft,1.54,3
GQe4e2el,Linette M.,Eala A.,0,0,hc,0.50,home,ft,1.78,3
GQe4e2el,Linette M.,Eala A.,0,0,hc,0.50,away,ft,1.89,3
GQe4e2el,Linette M.,Eala A.,0,0,hc,1.00,home,ft,2.28,3
GQe4e2el,Linette M.,Eala A.,0,0,hc,1.00,away,ft,1.57,3
GQe4e2el,Linette M.,Eala A.,0,0,hc,-1.00,home,ft,2.22,3
GQe4e2el,Linette M.,Eala A.,0,0,hc,-1.00,away,ft,1.56,3
GQe4e2el,Linette M.,Eala A.,0,0,hc,1.50,home,ft,2.128,5
GQe4e2el,Linette M.,Eala A.,0,0,hc,1.50,away,ft,1.668,5
GQe4e2el,Linette M.,Eala A.,0,0,hc,-1.50,home,ft,2.388,4
GQe4e2el,Linette M.,Eala A.,0,0,hc,-1.50,away,ft,1.512,4
GQe4e2el,Linette M.,Eala A.,0,0,hc,2.00,home,ft,2.103,4
GQe4e2el,Linette M.,Eala A.,0,0,hc,2.00,away,ft,1.69,4
GQe4e2el,Linette M.,Eala A.,0,0,hc,-2.00,home,ft,2.15,3
GQe4e2el,Linette M.,Eala A.,0,0,hc,-2.00,away,ft,1.59,3
GQe4e2el,Linette M.,Eala A.,0,0,hc,2.50,home,ft,2.02,6
GQe4e2el,Linette M.,Eala A.,0,0,hc,2.50,away,ft,1.74,6
GQe4e2el,Linette M.,Eala A.,0,0,hc,3.00,home,ft,1.885,4
GQe4e2el,Linette M.,Eala A.,0,0,hc,3.00,away,ft,1.87,4
GQe4e2el,Linette M.,Eala A.,0,0,hc,3.50,home,ft,1.784,5
GQe4e2el,Linette M.,Eala A.,0,0,hc,3.50,away,ft,1.966,5
GQe4e2el,Linette M.,Eala A.,0,0,hc,4.00,home,ft,1.627,4
GQe4e2el,Linette M.,Eala A.,0,0,hc,4.00,away,ft,2.208,4
GQe4e2el,Linette M.,Eala A.,0,0,hc,4.50,home,ft,1.53,5
GQe4e2el,Linette M.,Eala A.,0,0,hc,4.50,away,ft,2.406,5
GQe4e2el,Linette M.,Eala A.,0,0,hc,5.00,home,ft,1.38,3
GQe4e2el,Linette M.,Eala A.,0,0,hc,5.00,away,ft,2.85,3
GQe4e2el,Linette M.,Eala A.,0,0,hc,5.50,home,ft,1.325,4
GQe4e2el,Linette M.,Eala A.,0,0,hc,5.50,away,ft,3.188,4
GQe4e2el,Linette M.,Eala A.,0,0,hc,6.00,home,ft,1.2,3
GQe4e2el,Linette M.,Eala A.,0,0,hc,6.00,away,ft,4.15,3
6qEcUW2T,Wang Xin.,Jones F.,,,ou,2.50,over,ft,2.683,3
6qEcUW2T,Wang Xin.,Jones F.,,,ou,2.50,under,ft,1.46,3
6qEcUW2T,Wang Xin.,Jones F.,,,ou,15.50,over,ft,1.04,1
6qEcUW2T,Wang Xin.,Jones F.,,,ou,15.50,under,ft,7.57,1
6qEcUW2T,Wang Xin.,Jones F.,,,ou,16.50,over,ft,1.11,1
6qEcUW2T,Wang Xin.,Jones F.,,,ou,16.50,under,ft,5.3,1
6qEcUW2T,Wang Xin.,Jones F.,,,ou,17.50,over,ft,1.21,1
6qEcUW2T,Wang Xin.,Jones F.,,,ou,17.50,under,ft,3.85,1
6qEcUW2T,Wang Xin.,Jones F.,,,ou,18.50,over,ft,1.315,6
6qEcUW2T,Wang Xin.,Jones F.,,,ou,18.50,under,ft,3.118,6
6qEcUW2T,Wang Xin.,Jones F.,,,ou,19.00,over,ft,1.348,4
6qEcUW2T,Wang Xin.,Jones F.,,,ou,19.00,under,ft,2.788,4
6qEcUW2T,Wang Xin.,Jones F.,,,ou,19.50,over,ft,1.512,5
6qEcUW2T,Wang Xin.,Jones F.,,,ou,19.50,under,ft,2.336,5
6qEcUW2T,Wang Xin.,Jones F.,,,ou,20.00,over,ft,1.592,6
6qEcUW2T,Wang Xin.,Jones F.,,,ou,20.00,under,ft,2.232,6
6qEcUW2T,Wang Xin.,Jones F.,,,ou,20.50,over,ft,1.729,8
6qEcUW2T,Wang Xin.,Jones F.,,,ou,20.50,under,ft,2.011,8
6qEcUW2T,Wang Xin.,Jones F.,,,ou,21.00,over,ft,1.835,6
6qEcUW2T,Wang Xin.,Jones F.,,,ou,21.00,under,ft,1.905,6
6qEcUW2T,Wang Xin.,Jones F.,,,ou,21.50,over,ft,1.944,8
6qEcUW2T,Wang Xin.,Jones F.,,,ou,21.50,under,ft,1.799,8
6qEcUW2T,Wang Xin.,Jones F.,,,ou,22.00,over,ft,2.103,6
6qEcUW2T,Wang Xin.,Jones F.,,,ou,22.00,under,ft,1.68,6
6qEcUW2T,Wang Xin.,Jones F.,,,ou,22.50,over,ft,2.225,8
6qEcUW2T,Wang Xin.,Jones F.,,,ou,22.50,under,ft,1.591,8
6qEcUW2T,Wang Xin.,Jones F.,,,ou,23.00,over,ft,2.343,4
6qEcUW2T,Wang Xin.,Jones F.,,,ou,23.00,under,ft,1.51,4
6qEcUW2T,Wang Xin.,Jones F.,,,ou,23.50,over,ft,2.438,4
6qEcUW2T,Wang Xin.,Jones F.,,,ou,23.50,under,ft,1.468,4
6qEcUW2T,Wang Xin.,Jones F.,,,ou,24.00,over,ft,2.49,4
6qEcUW2T,Wang Xin.,Jones F.,,,ou,24.00,under,ft,1.432,4
6qEcUW2T,Wang Xin.,Jones F.,,,ou,24.50,over,ft,2.472,6
6qEcUW2T,Wang Xin.,Jones F.,,,ou,24.50,under,ft,1.477,6
6qEcUW2T,Wang Xin.,Jones F.,,,ou,25.50,over,ft,2.638,4
6qEcUW2T,Wang Xin.,Jones F.,,,ou,25.50,under,ft,1.402,4
6qEcUW2T,Wang Xin.,Jones F.,,,ou,26.50,over,ft,2.965,4
6qEcUW2T,Wang Xin.,Jones F.,,,ou,26.50,under,ft,1.325,4
6qEcUW2T,Wang Xin.,Jones F.,,,ou,27.50,over,ft,3.25,1
6qEcUW2T,Wang Xin.,Jones F.,,,ou,27.50,under,ft,1.27,1
6qEcUW2T,Wang Xin.,Jones F.,,,ou,28.50,over,ft,3.64,1
6qEcUW2T,Wang Xin.,Jones F.,,,ou,28.50,under,ft,1.22,1
6qEcUW2T,Wang Xin.,Jones F.,,,ou,29.50,over,ft,4.22,1
6qEcUW2T,Wang Xin.,Jones F.,,,ou,29.50,under,ft,1.17,1
6qEcUW2T,Wang Xin.,Jones F.,,,ou,30.50,over,ft,5.06,1
6qEcUW2T,Wang Xin.,Jones F.,,,ou,30.50,under,ft,1.12,1
6qEcUW2T,Wang Xin.,Jones F.,,,ou,31.50,over,ft,6.16,1
6qEcUW2T,Wang Xin.,Jones F.,,,ou,31.50,under,ft,1.07,1
6qEcUW2T,Wang Xin.,Jones F.,,,ou,32.50,over,ft,7.51,1
6qEcUW2T,Wang Xin.,Jones F.,,,ou,32.50,under,ft,1.04,1
6qEcUW2T,Wang Xin.,Jones F.,,,ou,33.50,over,ft,8.69,1
6qEcUW2T,Wang Xin.,Jones F.,,,ou,33.50,under,ft,1.02,1
6qEcUW2T,Wang Xin.,Jones F.,,,ou,34.50,over,ft,9.86,1
6qEcUW2T,Wang Xin.,Jones F.,,,hc,1.50,home,ft,1.165,4
6qEcUW2T,Wang Xin.,Jones F.,,,hc,1.50,away,ft,4.86,4
6qEcUW2T,Wang Xin.,Jones F.,,,hc,-1.50,home,ft,1.942,6
6qEcUW2T,Wang Xin.,Jones F.,,,hc,-1.50,away,ft,1.8,6
6qEcUW2T,Wang Xin.,Jones F.,,,hc,0,home,ft,1.49,3
6qEcUW2T,Wang Xin.,Jones F.,,,hc,0,away,ft,2.47,3
6qEcUW2T,Wang Xin.,Jones F.,,,hc,-0.50,home,ft,1.53,3
6qEcUW2T,Wang Xin.,Jones F.,,,hc,-0.50,away,ft,2.38,3
6qEcUW2T,Wang Xin.,Jones F.,,,hc,1.00,home,ft,1.51,3
6qEcUW2T,Wang Xin.,Jones F.,,,hc,1.00,away,ft,2.33,3
6qEcUW2T,Wang Xin.,Jones F.,,,hc,-1.00,home,ft,1.4,3
6qEcUW2T,Wang Xin.,Jones F.,,,hc,-1.00,away,ft,2.77,3
6qEcUW2T,Wang Xin.,Jones F.,,,hc,1.50,home,ft,1.453,3
6qEcUW2T,Wang Xin.,Jones F.,,,hc,1.50,away,ft,2.683,3
6qEcUW2T,Wang Xin.,Jones F.,,,hc,-1.50,home,ft,1.54,6
6qEcUW2T,Wang Xin.,Jones F.,,,hc,-1.50,away,ft,2.427,6
6qEcUW2T,Wang Xin.,Jones F.,,,hc,-2.00,home,ft,1.54,4
6qEcUW2T,Wang Xin.,Jones F.,,,hc,-2.00,away,ft,2.413,4
6qEcUW2T,Wang Xin.,Jones F.,,,hc,-2.50,home,ft,1.602,6
6qEcUW2T,Wang Xin.,Jones F.,,,hc,-2.50,away,ft,2.253,6
6qEcUW2T,Wang Xin.,Jones F.,,,hc,-3.00,home,ft,1.637,4
6qEcUW2T,Wang Xin.,Jones F.,,,hc,-3.00,away,ft,2.195,4
6qEcUW2T,Wang Xin.,Jones F.,,,hc,-3.50,home,ft,1.81,6
6qEcUW2T,Wang Xin.,Jones F.,,,hc,-3.50,away,ft,1.953,6
6qEcUW2T,Wang Xin.,Jones F.,,,hc,-4.00,home,ft,1.98,4
6qEcUW2T,Wang Xin.,Jones F.,,,hc,-4.00,away,ft,1.788,4
6qEcUW2T,Wang Xin.,Jones F.,,,hc,-4.50,home,ft,2.182,6
6qEcUW2T,Wang Xin.,Jones F.,,,hc,-4.50,away,ft,1.635,6
6qEcUW2T,Wang Xin.,Jones F.,,,hc,-5.00,home,ft,2.688,4
6qEcUW2T,Wang Xin.,Jones F.,,,hc,-5.00,away,ft,1.44,4
6qEcUW2T,Wang Xin.,Jones F.,,,hc,-5.50,home,ft,2.987,4
6qEcUW2T,Wang Xin.,Jones F.,,,hc,-5.50,away,ft,1.357,4
6qEcUW2T,Wang Xin.,Jones F.,,,hc,-6.00,home,ft,4.05,3
6qEcUW2T,Wang Xin.,Jones F.,,,hc,-6.00,away,ft,1.21,3
2BPxoTvH,Seidel E.,Kartal S.,0,0,ou,2.50,over,ft,2.685,2
2BPxoTvH,Seidel E.,Kartal S.,0,0,ou,2.50,under,ft,1.45,2
2BPxoTvH,Seidel E.,Kartal S.,0,0,ou,16.50,over,ft,1.14,1
2BPxoTvH,Seidel E.,Kartal S.,0,0,ou,16.50,under,ft,4.72,1
2BPxoTvH,Seidel E.,Kartal S.,0,0,ou,17.50,over,ft,1.268,4
2BPxoTvH,Seidel E.,Kartal S.,0,0,ou,17.50,under,ft,3.317,4
2BPxoTvH,Seidel E.,Kartal S.,0,0,ou,18.50,over,ft,1.418,5
2BPxoTvH,Seidel E.,Kartal S.,0,0,ou,18.50,under,ft,2.638,5
2BPxoTvH,Seidel E.,Kartal S.,0,0,ou,19.00,over,ft,1.515,2
2BPxoTvH,Seidel E.,Kartal S.,0,0,ou,19.00,under,ft,2.255,2
2BPxoTvH,Seidel E.,Kartal S.,0,0,ou,19.50,over,ft,1.64,8
2BPxoTvH,Seidel E.,Kartal S.,0,0,ou,19.50,under,ft,2.125,8
2BPxoTvH,Seidel E.,Kartal S.,0,0,ou,20.00,over,ft,1.772,6
2BPxoTvH,Seidel E.,Kartal S.,0,0,ou,20.00,under,ft,1.978,6
2BPxoTvH,Seidel E.,Kartal S.,0,0,ou,20.50,over,ft,1.867,8
2BPxoTvH,Seidel E.,Kartal S.,0,0,ou,20.50,under,ft,1.839,8
2BPxoTvH,Seidel E.,Kartal S.,0,0,ou,21.00,over,ft,2.02,6
2BPxoTvH,Seidel E.,Kartal S.,0,0,ou,21.00,under,ft,1.742,6
2BPxoTvH,Seidel E.,Kartal S.,0,0,ou,21.50,over,ft,2.07,8
2BPxoTvH,Seidel E.,Kartal S.,0,0,ou,21.50,under,ft,1.676,8
2BPxoTvH,Seidel E.,Kartal S.,0,0,ou,22.00,over,ft,2.032,4
2BPxoTvH,Seidel E.,Kartal S.,0,0,ou,22.00,under,ft,1.698,4
2BPxoTvH,Seidel E.,Kartal S.,0,0,ou,22.50,over,ft,2.305,6
2BPxoTvH,Seidel E.,Kartal S.,0,0,ou,22.50,under,ft,1.543,6
2BPxoTvH,Seidel E.,Kartal S.,0,0,ou,23.50,over,ft,2.575,4
2BPxoTvH,Seidel E.,Kartal S.,0,0,ou,23.50,under,ft,1.422,4
2BPxoTvH,Seidel E.,Kartal S.,0,0,ou,24.50,over,ft,2.752,5
2BPxoTvH,Seidel E.,Kartal S.,0,0,ou,24.50,under,ft,1.386,5
2BPxoTvH,Seidel E.,Kartal S.,0,0,ou,25.50,over,ft,3.02,4
2BPxoTvH,Seidel E.,Kartal S.,0,0,ou,25.50,under,ft,1.318,4
2BPxoTvH,Seidel E.,Kartal S.,0,0,ou,26.50,over,ft,3.07,1
2BPxoTvH,Seidel E.,Kartal S.,0,0,ou,26.50,under,ft,1.31,1
2BPxoTvH,Seidel E.,Kartal S.,0,0,ou,27.50,over,ft,3.39,1
2BPxoTvH,Seidel E.,Kartal S.,0,0,ou,27.50,under,ft,1.25,1
2BPxoTvH,Seidel E.,Kartal S.,0,0,ou,28.50,over,ft,3.87,1
2BPxoTvH,Seidel E.,Kartal S.,0,0,ou,28.50,under,ft,1.2,1
2BPxoTvH,Seidel E.,Kartal S.,0,0,ou,29.50,over,ft,4.55,1
2BPxoTvH,Seidel E.,Kartal S.,0,0,ou,29.50,under,ft,1.14,1
2BPxoTvH,Seidel E.,Kartal S.,0,0,ou,30.50,over,ft,5.46,1
2BPxoTvH,Seidel E.,Kartal S.,0,0,ou,30.50,under,ft,1.1,1
2BPxoTvH,Seidel E.,Kartal S.,0,0,hc,1.50,home,ft,1.955,6
2BPxoTvH,Seidel E.,Kartal S.,0,0,hc,1.50,away,ft,1.787,6
2BPxoTvH,Seidel E.,Kartal S.,0,0,hc,-1.50,home,ft,5.218,4
2BPxoTvH,Seidel E.,Kartal S.,0,0,hc,-1.50,away,ft,1.145,4
2BPxoTvH,Seidel E.,Kartal S.,0,0,hc,1.50,home,ft,2.53,4
2BPxoTvH,Seidel E.,Kartal S.,0,0,hc,1.50,away,ft,1.48,4
2BPxoTvH,Seidel E.,Kartal S.,0,0,hc,-1.50,home,ft,3.93,1
2BPxoTvH,Seidel E.,Kartal S.,0,0,hc,-1.50,away,ft,1.25,1
2BPxoTvH,Seidel E.,Kartal S.,0,0,hc,2.00,home,ft,2.41,2
2BPxoTvH,Seidel E.,Kartal S.,0,0,hc,2.00,away,ft,1.48,2
2BPxoTvH,Seidel E.,Kartal S.,0,0,hc,2.50,home,ft,2.37,5
2BPxoTvH,Seidel E.,Kartal S.,0,0,hc,2.50,away,ft,1.53,5
2BPxoTvH,Seidel E.,Kartal S.,0,0,hc,3.00,home,ft,2.402,4
2BPxoTvH,Seidel E.,Kartal S.,0,0,hc,3.00,away,ft,1.512,4
2BPxoTvH,Seidel E.,Kartal S.,0,0,hc,3.50,home,ft,2.168,6
2BPxoTvH,Seidel E.,Kartal S.,0,0,hc,3.50,away,ft,1.612,6
2BPxoTvH,Seidel E.,Kartal S.,0,0,hc,4.00,home,ft,2.02,4
2BPxoTvH,Seidel E.,Kartal S.,0,0,hc,4.00,away,ft,1.715,4
2BPxoTvH,Seidel E.,Kartal S.,0,0,hc,4.50,home,ft,1.815,6
2BPxoTvH,Seidel E.,Kartal S.,0,0,hc,4.50,away,ft,1.917,6
2BPxoTvH,Seidel E.,Kartal S.,0,0,hc,5.00,home,ft,1.613,4
2BPxoTvH,Seidel E.,Kartal S.,0,0,hc,5.00,away,ft,2.188,4
2BPxoTvH,Seidel E.,Kartal S.,0,0,hc,5.50,home,ft,1.49,5
2BPxoTvH,Seidel E.,Kartal S.,0,0,hc,5.50,away,ft,2.44,5
2BPxoTvH,Seidel E.,Kartal S.,0,0,hc,6.00,home,ft,1.307,3
2BPxoTvH,Seidel E.,Kartal S.,0,0,hc,6.00,away,ft,3.063,3
2BPxoTvH,Seidel E.,Kartal S.,0,0,hc,6.50,home,ft,1.25,3
2BPxoTvH,Seidel E.,Kartal S.,0,0,hc,6.50,away,ft,3.42,3
2BPxoTvH,Seidel E.,Kartal S.,0,0,hc,7.00,home,ft,1.16,3
2BPxoTvH,Seidel E.,Kartal S.,0,0,hc,7.00,away,ft,4.4,3
0zJI9ni5,Svitolina E.,Boulter K.,2,2,ou,2.50,over,ft,2.993,3
0zJI9ni5,Svitolina E.,Boulter K.,2,2,ou,2.50,under,ft,1.377,3
0zJI9ni5,Svitolina E.,Boulter K.,2,2,ou,15.50,over,ft,1.05,1
0zJI9ni5,Svitolina E.,Boulter K.,2,2,ou,15.50,under,ft,5.96,1
0zJI9ni5,Svitolina E.,Boulter K.,2,2,ou,16.50,over,ft,1.186,5
0zJI9ni5,Svitolina E.,Boulter K.,2,2,ou,16.50,under,ft,4.14,5
0zJI9ni5,Svitolina E.,Boulter K.,2,2,ou,17.50,over,ft,1.348,4
0zJI9ni5,Svitolina E.,Boulter K.,2,2,ou,17.50,under,ft,2.87,4
0zJI9ni5,Svitolina E.,Boulter K.,2,2,ou,18.50,over,ft,1.538,8
0zJI9ni5,Svitolina E.,Boulter K.,2,2,ou,18.50,under,ft,2.299,8
0zJI9ni5,Svitolina E.,Boulter K.,2,2,ou,19.00,over,ft,1.632,6
0zJI9ni5,Svitolina E.,Boulter K.,2,2,ou,19.00,under,ft,2.185,6
0zJI9ni5,Svitolina E.,Boulter K.,2,2,ou,19.50,over,ft,1.796,8
0zJI9ni5,Svitolina E.,Boulter K.,2,2,ou,19.50,under,ft,1.922,8
0zJI9ni5,Svitolina E.,Boulter K.,2,2,ou,20.00,over,ft,1.905,6
0zJI9ni5,Svitolina E.,Boulter K.,2,2,ou,20.00,under,ft,1.835,6
0zJI9ni5,Svitolina E.,Boulter K.,2,2,ou,20.50,over,ft,2.046,8
0zJI9ni5,Svitolina E.,Boulter K.,2,2,ou,20.50,under,ft,1.68,8
0zJI9ni5,Svitolina E.,Boulter K.,2,2,ou,21.00,over,ft,2.12,5
0zJI9ni5,Svitolina E.,Boulter K.,2,2,ou,21.00,under,ft,1.674,5
0zJI9ni5,Svitolina E.,Boulter K.,2,2,ou,21.50,over,ft,2.284,7
0zJI9ni5,Svitolina E.,Boulter K.,2,2,ou,21.50,under,ft,1.546,7
0zJI9ni5,Svitolina E.,Boulter K.,2,2,ou,22.00,over,ft,2.4,1
0zJI9ni5,Svitolina E.,Boulter K.,2,2,ou,22.00,under,ft,1.46,1
0zJI9ni5,Svitolina E.,Boulter K.,2,2,ou,22.50,over,ft,2.68,6
0zJI9ni5,Svitolina E.,Boulter K.,2,2,ou,22.50,under,ft,1.413,6
0zJI9ni5,Svitolina E.,Boulter K.,2,2,ou,23.50,over,ft,3.042,4
0zJI9ni5,Svitolina E.,Boulter K.,2,2,ou,23.50,under,ft,1.312,4
0zJI9ni5,Svitolina E.,Boulter K.,2,2,ou,24.50,over,ft,3.175,6
0zJI9ni5,Svitolina E.,Boulter K.,2,2,ou,24.50,under,ft,1.305,6
0zJI9ni5,Svitolina E.,Boulter K.,2,2,ou,25.50,over,ft,3.14,3
0zJI9ni5,Svitolina E.,Boulter K.,2,2,ou,25.50,under,ft,1.297,3
0zJI9ni5,Svitolina E.,Boulter K.,2,2,ou,26.50,over,ft,3.2,1
0zJI9ni5,Svitolina E.,Boulter K.,2,2,ou,26.50,under,ft,1.28,1
0zJI9ni5,Svitolina E.,Boulter K.,2,2,ou,27.50,over,ft,3.58,1
0zJI9ni5,Svitolina E.,Boulter K.,2,2,ou,27.50,under,ft,1.23,1
0zJI9ni5,Svitolina E.,Boulter K.,2,2,ou,28.50,over,ft,4.07,1
0zJI9ni5,Svitolina E.,Boulter K.,2,2,ou,28.50,under,ft,1.18,1
0zJI9ni5,Svitolina E.,Boulter K.,2,2,ou,29.50,over,ft,4.8,1
0zJI9ni5,Svitolina E.,Boulter K.,2,2,ou,29.50,under,ft,1.13,1
0zJI9ni5,Svitolina E.,Boulter K.,2,2,ou,30.50,over,ft,5.67,1
0zJI9ni5,Svitolina E.,Boulter K.,2,2,ou,30.50,under,ft,1.09,1
0zJI9ni5,Svitolina E.,Boulter K.,2,2,hc,1.50,home,ft,1.103,4
0zJI9ni5,Svitolina E.,Boulter K.,2,2,hc,1.50,away,ft,6.455,4
0zJI9ni5,Svitolina E.,Boulter K.,2,2,hc,-1.50,home,ft,1.63,6
0zJI9ni5,Svitolina E.,Boulter K.,2,2,hc,-1.50,away,ft,2.185,6
0zJI9ni5,Svitolina E.,Boulter K.,2,2,hc,-1.50,home,ft,1.29,1
0zJI9ni5,Svitolina E.,Boulter K.,2,2,hc,-1.50,away,ft,3.6,1
0zJI9ni5,Svitolina E.,Boulter K.,2,2,hc,-2.50,home,ft,1.31,3
0zJI9ni5,Svitolina E.,Boulter K.,2,2,hc,-2.50,away,ft,3.05,3
0zJI9ni5,Svitolina E.,Boulter K.,2,2,hc,-3.00,home,ft,1.34,3
0zJI9ni5,Svitolina E.,Boulter K.,2,2,hc,-3.00,away,ft,2.88,3
0zJI9ni5,Svitolina E.,Boulter K.,2,2,hc,-3.50,home,ft,1.442,5
0zJI9ni5,Svitolina E.,Boulter K.,2,2,hc,-3.50,away,ft,2.576,5
0zJI9ni5,Svitolina E.,Boulter K.,2,2,hc,-4.00,home,ft,1.512,4
0zJI9ni5,Svitolina E.,Boulter K.,2,2,hc,-4.00,away,ft,2.39,4
0zJI9ni5,Svitolina E.,Boulter K.,2,2,hc,-4.50,home,ft,1.68,6
0zJI9ni5,Svitolina E.,Boulter K.,2,2,hc,-4.50,away,ft,2.07,6
0zJI9ni5,Svitolina E.,Boulter K.,2,2,hc,-5.00,home,ft,1.85,4
0zJI9ni5,Svitolina E.,Boulter K.,2,2,hc,-5.00,away,ft,1.863,4
0zJI9ni5,Svitolina E.,Boulter K.,2,2,hc,-5.50,home,ft,2.065,6
0zJI9ni5,Svitolina E.,Boulter K.,2,2,hc,-5.50,away,ft,1.677,6
0zJI9ni5,Svitolina E.,Boulter K.,2,2,hc,-6.00,home,ft,2.518,4
0zJI9ni5,Svitolina E.,Boulter K.,2,2,hc,-6.00,away,ft,1.468,4
0zJI9ni5,Svitolina E.,Boulter K.,2,2,hc,-6.50,home,ft,2.835,4
0zJI9ni5,Svitolina E.,Boulter K.,2,2,hc,-6.50,away,ft,1.357,4
0zJI9ni5,Svitolina E.,Boulter K.,2,2,hc,-7.00,home,ft,3.72,3
0zJI9ni5,Svitolina E.,Boulter K.,2,2,hc,-7.00,away,ft,1.21,3
0zJI9ni5,Svitolina E.,Boulter K.,2,2,hc,-7.50,home,ft,4.482,4
0zJI9ni5,Svitolina E.,Boulter K.,2,2,hc,-7.50,away,ft,1.16,4
bXFBb1R6,Linette M.,Cocciaretto E.,2,2,ou,2.50,over,ft,2.467,3
bXFBb1R6,Linette M.,Cocciaretto E.,2,2,ou,2.50,under,ft,1.53,3
bXFBb1R6,Linette M.,Cocciaretto E.,2,2,ou,16.50,over,ft,1.07,1
bXFBb1R6,Linette M.,Cocciaretto E.,2,2,ou,16.50,under,ft,5.84,1
bXFBb1R6,Linette M.,Cocciaretto E.,2,2,ou,17.50,over,ft,1.16,1
bXFBb1R6,Linette M.,Cocciaretto E.,2,2,ou,17.50,under,ft,4.49,1
bXFBb1R6,Linette M.,Cocciaretto E.,2,2,ou,18.50,over,ft,1.3,5
bXFBb1R6,Linette M.,Cocciaretto E.,2,2,ou,18.50,under,ft,3.19,5
bXFBb1R6,Linette M.,Cocciaretto E.,2,2,ou,19.50,over,ft,1.455,4
bXFBb1R6,Linette M.,Cocciaretto E.,2,2,ou,19.50,under,ft,2.473,4
bXFBb1R6,Linette M.,Cocciaretto E.,2,2,ou,20.00,over,ft,1.5,1
bXFBb1R6,Linette M.,Cocciaretto E.,2,2,ou,20.00,under,ft,2.29,1
bXFBb1R6,Linette M.,Cocciaretto E.,2,2,ou,20.50,over,ft,1.643,8
bXFBb1R6,Linette M.,Cocciaretto E.,2,2,ou,20.50,under,ft,2.112,8
bXFBb1R6,Linette M.,Cocciaretto E.,2,2,ou,21.00,over,ft,1.712,6
bXFBb1R6,Linette M.,Cocciaretto E.,2,2,ou,21.00,under,ft,2.055,6
bXFBb1R6,Linette M.,Cocciaretto E.,2,2,ou,21.50,over,ft,1.826,8
bXFBb1R6,Linette M.,Cocciaretto E.,2,2,ou,21.50,under,ft,1.9,8
bXFBb1R6,Linette M.,Cocciaretto E.,2,2,ou,22.00,over,ft,1.958,6
bXFBb1R6,Linette M.,Cocciaretto E.,2,2,ou,22.00,under,ft,1.788,6
bXFBb1R6,Linette M.,Cocciaretto E.,2,2,ou,22.50,over,ft,2.092,8
bXFBb1R6,Linette M.,Cocciaretto E.,2,2,ou,22.50,under,ft,1.654,8
bXFBb1R6,Linette M.,Cocciaretto E.,2,2,ou,23.00,over,ft,2.1,4
bXFBb1R6,Linette M.,Cocciaretto E.,2,2,ou,23.00,under,ft,1.663,4
bXFBb1R6,Linette M.,Cocciaretto E.,2,2,ou,23.50,over,ft,2.338,6
bXFBb1R6,Linette M.,Cocciaretto E.,2,2,ou,23.50,under,ft,1.517,6
bXFBb1R6,Linette M.,Cocciaretto E.,2,2,ou,24.50,over,ft,2.507,6
bXFBb1R6,Linette M.,Cocciaretto E.,2,2,ou,24.50,under,ft,1.462,6
bXFBb1R6,Linette M.,Cocciaretto E.,2,2,ou,25.50,over,ft,2.85,4
bXFBb1R6,Linette M.,Cocciaretto E.,2,2,ou,25.50,under,ft,1.353,4
bXFBb1R6,Linette M.,Cocciaretto E.,2,2,ou,26.50,over,ft,3.24,5
bXFBb1R6,Linette M.,Cocciaretto E.,2,2,ou,26.50,under,ft,1.286,5
bXFBb1R6,Linette M.,Cocciaretto E.,2,2,ou,27.50,over,ft,3.09,1
bXFBb1R6,Linette M.,Cocciaretto E.,2,2,ou,27.50,under,ft,1.31,1
bXFBb1R6,Linette M.,Cocciaretto E.,2,2,ou,28.50,over,ft,3.39,1
bXFBb1R6,Linette M.,Cocciaretto E.,2,2,ou,28.50,under,ft,1.25,1
bXFBb1R6,Linette M.,Cocciaretto E.,2,2,ou,29.50,over,ft,4.01,1
bXFBb1R6,Linette M.,Cocciaretto E.,2,2,ou,29.50,under,ft,1.19,1
bXFBb1R6,Linette M.,Cocciaretto E.,2,2,ou,30.50,over,ft,4.8,1
bXFBb1R6,Linette M.,Cocciaretto E.,2,2,ou,30.50,under,ft,1.13,1
bXFBb1R6,Linette M.,Cocciaretto E.,2,2,ou,31.50,over,ft,5.95,1
bXFBb1R6,Linette M.,Cocciaretto E.,2,2,ou,31.50,under,ft,1.08,1
bXFBb1R6,Linette M.,Cocciaretto E.,2,2,hc,1.50,home,ft,1.447,6
bXFBb1R6,Linette M.,Cocciaretto E.,2,2,hc,1.50,away,ft,2.623,6
bXFBb1R6,Linette M.,Cocciaretto E.,2,2,hc,-1.50,home,ft,2.977,6
bXFBb1R6,Linette M.,Cocciaretto E.,2,2,hc,-1.50,away,ft,1.367,6
bXFBb1R6,Linette M.,Cocciaretto E.,2,2,hc,0,home,ft,1.987,4
bXFBb1R6,Linette M.,Cocciaretto E.,2,2,hc,0,away,ft,1.74,4
bXFBb1R6,Linette M.,Cocciaretto E.,2,2,hc,0.50,home,ft,1.925,6
bXFBb1R6,Linette M.,Cocciaretto E.,2,2,hc,0.50,away,ft,1.782,6
bXFBb1R6,Linette M.,Cocciaretto E.,2,2,hc,-0.50,home,ft,1.963,6
bXFBb1R6,Linette M.,Cocciaretto E.,2,2,hc,-0.50,away,ft,1.757,6
bXFBb1R6,Linette M.,Cocciaretto E.,2,2,hc,1.00,home,ft,1.863,4
bXFBb1R6,Linette M.,Cocciaretto E.,2,2,hc,1.00,away,ft,1.843,4
bXFBb1R6,Linette M.,Cocciaretto E.,2,2,hc,-1.00,home,ft,2.08,4
bXFBb1R6,Linette M.,Cocciaretto E.,2,2,hc,-1.00,away,ft,1.675,4
bXFBb1R6,Linette M.,Cocciaretto E.,2,2,hc,1.50,home,ft,1.814,5
bXFBb1R6,Linette M.,Cocciaretto E.,2,2,hc,1.50,away,ft,1.884,5
bXFBb1R6,Linette M.,Cocciaretto E.,2,2,hc,-1.50,home,ft,2.07,6
bXFBb1R6,Linette M.,Cocciaretto E.,2,2,hc,-1.50,away,ft,1.69,6
bXFBb1R6,Linette M.,Cocciaretto E.,2,2,hc,2.00,home,ft,1.735,4
bXFBb1R6,Linette M.,Cocciaretto E.,2,2,hc,2.00,away,ft,1.988,4
bXFBb1R6,Linette M.,Cocciaretto E.,2,2,hc,-2.00,home,ft,2.1,2
bXFBb1R6,Linette M.,Cocciaretto E.,2,2,hc,-2.00,away,ft,1.62,2
bXFBb1R6,Linette M.,Cocciaretto E.,2,2,hc,2.50,home,ft,1.66,5
bXFBb1R6,Linette M.,Cocciaretto E.,2,2,hc,2.50,away,ft,2.092,5
bXFBb1R6,Linette M.,Cocciaretto E.,2,2,hc,-2.50,home,ft,2.13,4
bXFBb1R6,Linette M.,Cocciaretto E.,2,2,hc,-2.50,away,ft,1.638,4
bXFBb1R6,Linette M.,Cocciaretto E.,2,2,hc,3.00,home,ft,1.55,3
bXFBb1R6,Linette M.,Cocciaretto E.,2,2,hc,3.00,away,ft,2.24,3
bXFBb1R6,Linette M.,Cocciaretto E.,2,2,hc,-3.00,home,ft,2.26,2
bXFBb1R6,Linette M.,Cocciaretto E.,2,2,hc,-3.00,away,ft,1.58,2
bXFBb1R6,Linette M.,Cocciaretto E.,2,2,hc,3.50,home,ft,1.508,4
bXFBb1R6,Linette M.,Cocciaretto E.,2,2,hc,3.50,away,ft,2.388,4
bXFBb1R6,Linette M.,Cocciaretto E.,2,2,hc,-3.50,home,ft,2.47,4
bXFBb1R6,Linette M.,Cocciaretto E.,2,2,hc,-3.50,away,ft,1.512,4
bXFBb1R6,Linette M.,Cocciaretto E.,2,2,hc,4.00,home,ft,1.4,3
bXFBb1R6,Linette M.,Cocciaretto E.,2,2,hc,4.00,away,ft,2.63,3
bXFBb1R6,Linette M.,Cocciaretto E.,2,2,hc,5.50,home,ft,1.21,1
bXFBb1R6,Linette M.,Cocciaretto E.,2,2,hc,5.50,away,ft,4.39,1
rZAEEsho,Marcinko P.,Eala A.,0,0,ou,2.50,over,ft,2.433,3
rZAEEsho,Marcinko P.,Eala A.,0,0,ou,2.50,under,ft,1.54,3
rZAEEsho,Marcinko P.,Eala A.,0,0,ou,16.50,over,ft,1.1,1
rZAEEsho,Marcinko P.,Eala A.,0,0,ou,16.50,under,ft,5.64,1
rZAEEsho,Marcinko P.,Eala A.,0,0,ou,17.50,over,ft,1.2,1
rZAEEsho,Marcinko P.,Eala A.,0,0,ou,17.50,under,ft,3.9,1
rZAEEsho,Marcinko P.,Eala A.,0,0,ou,18.50,over,ft,1.332,6
rZAEEsho,Marcinko P.,Eala A.,0,0,ou,18.50,under,ft,3.005,6
rZAEEsho,Marcinko P.,Eala A.,0,0,ou,19.50,over,ft,1.49,5
rZAEEsho,Marcinko P.,Eala A.,0,0,ou,19.50,under,ft,2.39,5
rZAEEsho,Marcinko P.,Eala A.,0,0,ou,20.00,over,ft,1.55,1
rZAEEsho,Marcinko P.,Eala A.,0,0,ou,20.00,under,ft,2.19,1
rZAEEsho,Marcinko P.,Eala A.,0,0,ou,20.50,over,ft,1.685,8
rZAEEsho,Marcinko P.,Eala A.,0,0,ou,20.50,under,ft,2.044,8
rZAEEsho,Marcinko P.,Eala A.,0,0,ou,21.00,over,ft,1.813,6
rZAEEsho,Marcinko P.,Eala A.,0,0,ou,21.00,under,ft,1.93,6
rZAEEsho,Marcinko P.,Eala A.,0,0,ou,21.50,over,ft,1.88,8
rZAEEsho,Marcinko P.,Eala A.,0,0,ou,21.50,under,ft,1.829,8
rZAEEsho,Marcinko P.,Eala A.,0,0,ou,22.00,over,ft,2.06,6
rZAEEsho,Marcinko P.,Eala A.,0,0,ou,22.00,under,ft,1.713,6
rZAEEsho,Marcinko P.,Eala A.,0,0,ou,22.50,over,ft,2.134,8
rZAEEsho,Marcinko P.,Eala A.,0,0,ou,22.50,under,ft,1.63,8
rZAEEsho,Marcinko P.,Eala A.,0,0,ou,23.00,over,ft,2.2,1
rZAEEsho,Marcinko P.,Eala A.,0,0,ou,23.00,under,ft,1.55,1
rZAEEsho,Marcinko P.,Eala A.,0,0,ou,23.50,over,ft,2.337,4
rZAEEsho,Marcinko P.,Eala A.,0,0,ou,23.50,under,ft,1.508,4
rZAEEsho,Marcinko P.,Eala A.,0,0,ou,24.00,over,ft,2.34,1
rZAEEsho,Marcinko P.,Eala A.,0,0,ou,24.00,under,ft,1.47,1
rZAEEsho,Marcinko P.,Eala A.,0,0,ou,24.50,over,ft,2.492,6
rZAEEsho,Marcinko P.,Eala A.,0,0,ou,24.50,under,ft,1.465,6
rZAEEsho,Marcinko P.,Eala A.,0,0,ou,25.50,over,ft,2.768,4
rZAEEsho,Marcinko P.,Eala A.,0,0,ou,25.50,under,ft,1.37,4
rZAEEsho,Marcinko P.,Eala A.,0,0,ou,26.50,over,ft,3.168,5
rZAEEsho,Marcinko P.,Eala A.,0,0,ou,26.50,under,ft,1.302,5
rZAEEsho,Marcinko P.,Eala A.,0,0,ou,27.50,over,ft,3.15,1
rZAEEsho,Marcinko P.,Eala A.,0,0,ou,27.50,under,ft,1.29,1
rZAEEsho,Marcinko P.,Eala A.,0,0,ou,28.50,over,ft,3.58,1
rZAEEsho,Marcinko P.,Eala A.,0,0,ou,28.50,under,ft,1.23,1
rZAEEsho,Marcinko P.,Eala A.,0,0,ou,29.50,over,ft,4.26,1
rZAEEsho,Marcinko P.,Eala A.,0,0,ou,29.50,under,ft,1.17,1
rZAEEsho,Marcinko P.,Eala A.,0,0,ou,30.50,over,ft,5.18,1
rZAEEsho,Marcinko P.,Eala A.,0,0,ou,30.50,under,ft,1.11,1
rZAEEsho,Marcinko P.,Eala A.,0,0,hc,1.50,home,ft,1.542,6
rZAEEsho,Marcinko P.,Eala A.,0,0,hc,1.50,away,ft,2.368,6
rZAEEsho,Marcinko P.,Eala A.,0,0,hc,-1.50,home,ft,3.406,5
rZAEEsho,Marcinko P.,Eala A.,0,0,hc,-1.50,away,ft,1.296,5
rZAEEsho,Marcinko P.,Eala A.,0,0,hc,0,home,ft,2.152,4
rZAEEsho,Marcinko P.,Eala A.,0,0,hc,0,away,ft,1.638,4
rZAEEsho,Marcinko P.,Eala A.,0,0,hc,0.50,home,ft,2.043,6
rZAEEsho,Marcinko P.,Eala A.,0,0,hc,0.50,away,ft,1.715,6
rZAEEsho,Marcinko P.,Eala A.,0,0,hc,-0.50,home,ft,2.01,4
rZAEEsho,Marcinko P.,Eala A.,0,0,hc,-0.50,away,ft,1.735,4
rZAEEsho,Marcinko P.,Eala A.,0,0,hc,1.00,home,ft,2.107,4
rZAEEsho,Marcinko P.,Eala A.,0,0,hc,1.00,away,ft,1.653,4
rZAEEsho,Marcinko P.,Eala A.,0,0,hc,-1.00,home,ft,2.22,3
rZAEEsho,Marcinko P.,Eala A.,0,0,hc,-1.00,away,ft,1.617,3
rZAEEsho,Marcinko P.,Eala A.,0,0,hc,1.50,home,ft,2.047,6
rZAEEsho,Marcinko P.,Eala A.,0,0,hc,1.50,away,ft,1.693,6
rZAEEsho,Marcinko P.,Eala A.,0,0,hc,-1.50,home,ft,2.26,3
rZAEEsho,Marcinko P.,Eala A.,0,0,hc,-1.50,away,ft,1.58,3
rZAEEsho,Marcinko P.,Eala A.,0,0,hc,2.00,home,ft,1.945,4
rZAEEsho,Marcinko P.,Eala A.,0,0,hc,2.00,away,ft,1.772,4
rZAEEsho,Marcinko P.,Eala A.,0,0,hc,-2.00,home,ft,2.16,3
rZAEEsho,Marcinko P.,Eala A.,0,0,hc,-2.00,away,ft,1.64,3
rZAEEsho,Marcinko P.,Eala A.,0,0,hc,2.50,home,ft,1.84,6
rZAEEsho,Marcinko P.,Eala A.,0,0,hc,2.50,away,ft,1.873,6
rZAEEsho,Marcinko P.,Eala A.,0,0,hc,-2.50,home,ft,2.18,2
rZAEEsho,Marcinko P.,Eala A.,0,0,hc,-2.50,away,ft,1.57,2
rZAEEsho,Marcinko P.,Eala A.,0,0,hc,3.00,home,ft,1.755,4
rZAEEsho,Marcinko P.,Eala A.,0,0,hc,3.00,away,ft,1.968,4
rZAEEsho,Marcinko P.,Eala A.,0,0,hc,-3.00,home,ft,2.2,2
rZAEEsho,Marcinko P.,Eala A.,0,0,hc,-3.00,away,ft,1.57,2
rZAEEsho,Marcinko P.,Eala A.,0,0,hc,3.50,home,ft,1.665,6
rZAEEsho,Marcinko P.,Eala A.,0,0,hc,3.50,away,ft,2.087,6
rZAEEsho,Marcinko P.,Eala A.,0,0,hc,-3.50,home,ft,3.13,1
rZAEEsho,Marcinko P.,Eala A.,0,0,hc,-3.50,away,ft,1.36,1
rZAEEsho,Marcinko P.,Eala A.,0,0,hc,4.00,home,ft,1.53,3
rZAEEsho,Marcinko P.,Eala A.,0,0,hc,4.00,away,ft,2.28,3
rZAEEsho,Marcinko P.,Eala A.,0,0,hc,4.50,home,ft,1.45,3
rZAEEsho,Marcinko P.,Eala A.,0,0,hc,4.50,away,ft,2.49,3
rZAEEsho,Marcinko P.,Eala A.,0,0,hc,5.50,home,ft,1.25,1
rZAEEsho,Marcinko P.,Eala A.,0,0,hc,5.50,away,ft,3.87,1
MXZfmf25,Costoulas S.,Quevedo K.,2,2,ou,2.50,over,ft,2.413,3
MXZfmf25,Costoulas S.,Quevedo K.,2,2,ou,2.50,under,ft,1.553,3
MXZfmf25,Costoulas S.,Quevedo K.,2,2,ou,16.50,over,ft,1.08,1
MXZfmf25,Costoulas S.,Quevedo K.,2,2,ou,16.50,under,ft,5.88,1
MXZfmf25,Costoulas S.,Quevedo K.,2,2,ou,17.50,over,ft,1.16,1
MXZfmf25,Costoulas S.,Quevedo K.,2,2,ou,17.50,under,ft,4.39,1
MXZfmf25,Costoulas S.,Quevedo K.,2,2,ou,18.50,over,ft,1.298,4
MXZfmf25,Costoulas S.,Quevedo K.,2,2,ou,18.50,under,ft,3.202,4
MXZfmf25,Costoulas S.,Quevedo K.,2,2,ou,19.50,over,ft,1.45,3
MXZfmf25,Costoulas S.,Quevedo K.,2,2,ou,19.50,under,ft,2.497,3
MXZfmf25,Costoulas S.,Quevedo K.,2,2,ou,20.00,over,ft,1.46,1
MXZfmf25,Costoulas S.,Quevedo K.,2,2,ou,20.00,under,ft,2.29,1
MXZfmf25,Costoulas S.,Quevedo K.,2,2,ou,20.50,over,ft,1.626,7
MXZfmf25,Costoulas S.,Quevedo K.,2,2,ou,20.50,under,ft,2.146,7
MXZfmf25,Costoulas S.,Quevedo K.,2,2,ou,21.00,over,ft,1.728,5
MXZfmf25,Costoulas S.,Quevedo K.,2,2,ou,21.00,under,ft,2.036,5
MXZfmf25,Costoulas S.,Quevedo K.,2,2,ou,21.50,over,ft,1.81,7
MXZfmf25,Costoulas S.,Quevedo K.,2,2,ou,21.50,under,ft,1.931,7
MXZfmf25,Costoulas S.,Quevedo K.,2,2,ou,22.00,over,ft,1.944,5
MXZfmf25,Costoulas S.,Quevedo K.,2,2,ou,22.00,under,ft,1.8,5
MXZfmf25,Costoulas S.,Quevedo K.,2,2,ou,22.50,over,ft,2.019,7
MXZfmf25,Costoulas S.,Quevedo K.,2,2,ou,22.50,under,ft,1.736,7
MXZfmf25,Costoulas S.,Quevedo K.,2,2,ou,23.00,over,ft,2.14,2
MXZfmf25,Costoulas S.,Quevedo K.,2,2,ou,23.00,under,ft,1.63,2
MXZfmf25,Costoulas S.,Quevedo K.,2,2,ou,23.50,over,ft,2.255,4
MXZfmf25,Costoulas S.,Quevedo K.,2,2,ou,23.50,under,ft,1.552,4
MXZfmf25,Costoulas S.,Quevedo K.,2,2,ou,24.50,over,ft,2.402,5
MXZfmf25,Costoulas S.,Quevedo K.,2,2,ou,24.50,under,ft,1.498,5
MXZfmf25,Costoulas S.,Quevedo K.,2,2,ou,25.50,over,ft,2.663,3
MXZfmf25,Costoulas S.,Quevedo K.,2,2,ou,25.50,under,ft,1.397,3
MXZfmf25,Costoulas S.,Quevedo K.,2,2,ou,26.50,over,ft,3.03,5
MXZfmf25,Costoulas S.,Quevedo K.,2,2,ou,26.50,under,ft,1.33,5
MXZfmf25,Costoulas S.,Quevedo K.,2,2,ou,27.50,over,ft,3.15,1
MXZfmf25,Costoulas S.,Quevedo K.,2,2,ou,27.50,under,ft,1.3,1
MXZfmf25,Costoulas S.,Quevedo K.,2,2,ou,28.50,over,ft,3.48,1
MXZfmf25,Costoulas S.,Quevedo K.,2,2,ou,28.50,under,ft,1.24,1
MXZfmf25,Costoulas S.,Quevedo K.,2,2,ou,29.50,over,ft,4.16,1
MXZfmf25,Costoulas S.,Quevedo K.,2,2,ou,29.50,under,ft,1.17,1
MXZfmf25,Costoulas S.,Quevedo K.,2,2,ou,30.50,over,ft,4.98,1
MXZfmf25,Costoulas S.,Quevedo K.,2,2,ou,30.50,under,ft,1.12,1
MXZfmf25,Costoulas S.,Quevedo K.,2,2,hc,1.50,home,ft,1.404,5
MXZfmf25,Costoulas S.,Quevedo K.,2,2,hc,1.50,away,ft,2.784,5
MXZfmf25,Costoulas S.,Quevedo K.,2,2,hc,-1.50,home,ft,3.15,3
MXZfmf25,Costoulas S.,Quevedo K.,2,2,hc,-1.50,away,ft,1.343,3
MXZfmf25,Costoulas S.,Quevedo K.,2,2,hc,0,home,ft,1.96,3
MXZfmf25,Costoulas S.,Quevedo K.,2,2,hc,0,away,ft,1.787,3
MXZfmf25,Costoulas S.,Quevedo K.,2,2,hc,0.50,home,ft,1.896,5
MXZfmf25,Costoulas S.,Quevedo K.,2,2,hc,0.50,away,ft,1.83,5
MXZfmf25,Costoulas S.,Quevedo K.,2,2,hc,-0.50,home,ft,2.003,3
MXZfmf25,Costoulas S.,Quevedo K.,2,2,hc,-0.50,away,ft,1.753,3
MXZfmf25,Costoulas S.,Quevedo K.,2,2,hc,1.00,home,ft,1.837,3
MXZfmf25,Costoulas S.,Quevedo K.,2,2,hc,1.00,away,ft,1.907,3
MXZfmf25,Costoulas S.,Quevedo K.,2,2,hc,-1.00,home,ft,2.035,2
MXZfmf25,Costoulas S.,Quevedo K.,2,2,hc,-1.00,away,ft,1.69,2
MXZfmf25,Costoulas S.,Quevedo K.,2,2,hc,1.50,home,ft,1.858,5
MXZfmf25,Costoulas S.,Quevedo K.,2,2,hc,1.50,away,ft,1.904,5
MXZfmf25,Costoulas S.,Quevedo K.,2,2,hc,-1.50,home,ft,2.147,3
MXZfmf25,Costoulas S.,Quevedo K.,2,2,hc,-1.50,away,ft,1.64,3
MXZfmf25,Costoulas S.,Quevedo K.,2,2,hc,2.00,home,ft,1.717,3
MXZfmf25,Costoulas S.,Quevedo K.,2,2,hc,2.00,away,ft,2.053,3
MXZfmf25,Costoulas S.,Quevedo K.,2,2,hc,-2.00,home,ft,2.23,2
MXZfmf25,Costoulas S.,Quevedo K.,2,2,hc,-2.00,away,ft,1.55,2
MXZfmf25,Costoulas S.,Quevedo K.,2,2,hc,2.50,home,ft,1.71,5
MXZfmf25,Costoulas S.,Quevedo K.,2,2,hc,2.50,away,ft,2.06,5
MXZfmf25,Costoulas S.,Quevedo K.,2,2,hc,3.00,home,ft,1.57,2
MXZfmf25,Costoulas S.,Quevedo K.,2,2,hc,3.00,away,ft,2.2,2
MXZfmf25,Costoulas S.,Quevedo K.,2,2,hc,3.50,home,ft,1.565,4
MXZfmf25,Costoulas S.,Quevedo K.,2,2,hc,3.50,away,ft,2.28,4
MXZfmf25,Costoulas S.,Quevedo K.,2,2,hc,-3.50,home,ft,2.87,1
MXZfmf25,Costoulas S.,Quevedo K.,2,2,hc,-3.50,away,ft,1.41,1
MXZfmf25,Costoulas S.,Quevedo K.,2,2,hc,4.00,home,ft,1.4,2
MXZfmf25,Costoulas S.,Quevedo K.,2,2,hc,4.00,away,ft,2.63,2
MXZfmf25,Costoulas S.,Quevedo K.,2,2,hc,4.50,home,ft,1.36,2
MXZfmf25,Costoulas S.,Quevedo K.,2,2,hc,4.50,away,ft,2.79,2
MXZfmf25,Costoulas S.,Quevedo K.,2,2,hc,5.50,home,ft,1.21,1
MXZfmf25,Costoulas S.,Quevedo K.,2,2,hc,5.50,away,ft,4.29,1
pGYJhlC6,Wang Xin.,Zarazua R.,2,2,ou,2.50,over,ft,2.515,2
pGYJhlC6,Wang Xin.,Zarazua R.,2,2,ou,2.50,under,ft,1.505,2
pGYJhlC6,Wang Xin.,Zarazua R.,2,2,ou,16.50,over,ft,1.13,1
pGYJhlC6,Wang Xin.,Zarazua R.,2,2,ou,16.50,under,ft,4.97,1
pGYJhlC6,Wang Xin.,Zarazua R.,2,2,ou,17.50,over,ft,1.23,1
pGYJhlC6,Wang Xin.,Zarazua R.,2,2,ou,17.50,under,ft,3.64,1
pGYJhlC6,Wang Xin.,Zarazua R.,2,2,ou,18.50,over,ft,1.345,4
pGYJhlC6,Wang Xin.,Zarazua R.,2,2,ou,18.50,under,ft,2.942,4
pGYJhlC6,Wang Xin.,Zarazua R.,2,2,ou,19.50,over,ft,1.535,4
pGYJhlC6,Wang Xin.,Zarazua R.,2,2,ou,19.50,under,ft,2.282,4
pGYJhlC6,Wang Xin.,Zarazua R.,2,2,ou,20.00,over,ft,1.633,3
pGYJhlC6,Wang Xin.,Zarazua R.,2,2,ou,20.00,under,ft,2.197,3
pGYJhlC6,Wang Xin.,Zarazua R.,2,2,ou,20.50,over,ft,1.729,7
pGYJhlC6,Wang Xin.,Zarazua R.,2,2,ou,20.50,under,ft,1.996,7
pGYJhlC6,Wang Xin.,Zarazua R.,2,2,ou,21.00,over,ft,1.854,5
pGYJhlC6,Wang Xin.,Zarazua R.,2,2,ou,21.00,under,ft,1.89,5
pGYJhlC6,Wang Xin.,Zarazua R.,2,2,ou,21.50,over,ft,1.926,7
pGYJhlC6,Wang Xin.,Zarazua R.,2,2,ou,21.50,under,ft,1.804,7
pGYJhlC6,Wang Xin.,Zarazua R.,2,2,ou,22.00,over,ft,2.092,5
pGYJhlC6,Wang Xin.,Zarazua R.,2,2,ou,22.00,under,ft,1.686,5
pGYJhlC6,Wang Xin.,Zarazua R.,2,2,ou,22.50,over,ft,2.15,7
pGYJhlC6,Wang Xin.,Zarazua R.,2,2,ou,22.50,under,ft,1.619,7
pGYJhlC6,Wang Xin.,Zarazua R.,2,2,ou,23.00,over,ft,2.127,4
pGYJhlC6,Wang Xin.,Zarazua R.,2,2,ou,23.00,under,ft,1.627,4
pGYJhlC6,Wang Xin.,Zarazua R.,2,2,ou,23.50,over,ft,2.353,3
pGYJhlC6,Wang Xin.,Zarazua R.,2,2,ou,23.50,under,ft,1.503,3
pGYJhlC6,Wang Xin.,Zarazua R.,2,2,ou,24.50,over,ft,2.525,4
pGYJhlC6,Wang Xin.,Zarazua R.,2,2,ou,24.50,under,ft,1.452,4
pGYJhlC6,Wang Xin.,Zarazua R.,2,2,ou,25.50,over,ft,2.787,3
pGYJhlC6,Wang Xin.,Zarazua R.,2,2,ou,25.50,under,ft,1.367,3
pGYJhlC6,Wang Xin.,Zarazua R.,2,2,ou,26.50,over,ft,3.19,3
pGYJhlC6,Wang Xin.,Zarazua R.,2,2,ou,26.50,under,ft,1.287,3
pGYJhlC6,Wang Xin.,Zarazua R.,2,2,ou,27.50,over,ft,3.38,1
pGYJhlC6,Wang Xin.,Zarazua R.,2,2,ou,27.50,under,ft,1.26,1
pGYJhlC6,Wang Xin.,Zarazua R.,2,2,ou,28.50,over,ft,3.83,1
pGYJhlC6,Wang Xin.,Zarazua R.,2,2,ou,28.50,under,ft,1.2,1
pGYJhlC6,Wang Xin.,Zarazua R.,2,2,ou,29.50,over,ft,4.55,1
pGYJhlC6,Wang Xin.,Zarazua R.,2,2,ou,29.50,under,ft,1.15,1
pGYJhlC6,Wang Xin.,Zarazua R.,2,2,ou,30.50,over,ft,5.47,1
pGYJhlC6,Wang Xin.,Zarazua R.,2,2,ou,30.50,under,ft,1.1,1
pGYJhlC6,Wang Xin.,Zarazua R.,2,2,hc,1.50,home,ft,1.17,3
pGYJhlC6,Wang Xin.,Zarazua R.,2,2,hc,1.50,away,ft,4.873,3
pGYJhlC6,Wang Xin.,Zarazua R.,2,2,hc,-1.50,home,ft,2.054,5
pGYJhlC6,Wang Xin.,Zarazua R.,2,2,hc,-1.50,away,ft,1.714,5
pGYJhlC6,Wang Xin.,Zarazua R.,2,2,hc,0,home,ft,1.48,2
pGYJhlC6,Wang Xin.,Zarazua R.,2,2,hc,0,away,ft,2.41,2
pGYJhlC6,Wang Xin.,Zarazua R.,2,2,hc,0.50,home,ft,1.56,2
pGYJhlC6,Wang Xin.,Zarazua R.,2,2,hc,0.50,away,ft,2.22,2
pGYJhlC6,Wang Xin.,Zarazua R.,2,2,hc,-0.50,home,ft,1.577,3
pGYJhlC6,Wang Xin.,Zarazua R.,2,2,hc,-0.50,away,ft,2.21,3
pGYJhlC6,Wang Xin.,Zarazua R.,2,2,hc,1.00,home,ft,1.53,2
pGYJhlC6,Wang Xin.,Zarazua R.,2,2,hc,1.00,away,ft,2.29,2
pGYJhlC6,Wang Xin.,Zarazua R.,2,2,hc,-1.00,home,ft,1.46,2
pGYJhlC6,Wang Xin.,Zarazua R.,2,2,hc,-1.00,away,ft,2.45,2
pGYJhlC6,Wang Xin.,Zarazua R.,2,2,hc,1.50,home,ft,1.32,1
pGYJhlC6,Wang Xin.,Zarazua R.,2,2,hc,1.50,away,ft,3.28,1
pGYJhlC6,Wang Xin.,Zarazua R.,2,2,hc,-1.50,home,ft,1.56,4
pGYJhlC6,Wang Xin.,Zarazua R.,2,2,hc,-1.50,away,ft,2.368,4
pGYJhlC6,Wang Xin.,Zarazua R.,2,2,hc,-2.00,home,ft,1.573,3
pGYJhlC6,Wang Xin.,Zarazua R.,2,2,hc,-2.00,away,ft,2.34,3
pGYJhlC6,Wang Xin.,Zarazua R.,2,2,hc,-2.50,home,ft,1.638,5
pGYJhlC6,Wang Xin.,Zarazua R.,2,2,hc,-2.50,away,ft,2.182,5
pGYJhlC6,Wang Xin.,Zarazua R.,2,2,hc,-3.00,home,ft,1.673,3
pGYJhlC6,Wang Xin.,Zarazua R.,2,2,hc,-3.00,away,ft,2.13,3
pGYJhlC6,Wang Xin.,Zarazua R.,2,2,hc,-3.50,home,ft,1.765,4
pGYJhlC6,Wang Xin.,Zarazua R.,2,2,hc,-3.50,away,ft,1.99,4
pGYJhlC6,Wang Xin.,Zarazua R.,2,2,hc,-4.00,home,ft,1.957,3
pGYJhlC6,Wang Xin.,Zarazua R.,2,2,hc,-4.00,away,ft,1.803,3
pGYJhlC6,Wang Xin.,Zarazua R.,2,2,hc,-4.50,home,ft,2.148,5
pGYJhlC6,Wang Xin.,Zarazua R.,2,2,hc,-4.50,away,ft,1.652,5
pGYJhlC6,Wang Xin.,Zarazua R.,2,2,hc,-5.00,home,ft,2.56,3
pGYJhlC6,Wang Xin.,Zarazua R.,2,2,hc,-5.00,away,ft,1.483,3
pGYJhlC6,Wang Xin.,Zarazua R.,2,2,hc,-5.50,home,ft,2.84,3
pGYJhlC6,Wang Xin.,Zarazua R.,2,2,hc,-5.50,away,ft,1.393,3
6X9rYxFi,Kraus S.,Jones F.,1,1,ou,2.50,over,ft,2.58,2
6X9rYxFi,Kraus S.,Jones F.,1,1,ou,2.50,under,ft,1.485,2
6X9rYxFi,Kraus S.,Jones F.,1,1,ou,16.50,over,ft,1.13,1
6X9rYxFi,Kraus S.,Jones F.,1,1,ou,16.50,under,ft,4.78,1
6X9rYxFi,Kraus S.,Jones F.,1,1,ou,17.50,over,ft,1.25,3
6X9rYxFi,Kraus S.,Jones F.,1,1,ou,17.50,under,ft,3.453,3
6X9rYxFi,Kraus S.,Jones F.,1,1,ou,18.50,over,ft,1.4,4
6X9rYxFi,Kraus S.,Jones F.,1,1,ou,18.50,under,ft,2.71,4
6X9rYxFi,Kraus S.,Jones F.,1,1,ou,19.50,over,ft,1.6,4
6X9rYxFi,Kraus S.,Jones F.,1,1,ou,19.50,under,ft,2.195,4
6X9rYxFi,Kraus S.,Jones F.,1,1,ou,20.00,over,ft,1.69,5
6X9rYxFi,Kraus S.,Jones F.,1,1,ou,20.00,under,ft,2.09,5
6X9rYxFi,Kraus S.,Jones F.,1,1,ou,20.50,over,ft,1.774,7
6X9rYxFi,Kraus S.,Jones F.,1,1,ou,20.50,under,ft,1.939,7
6X9rYxFi,Kraus S.,Jones F.,1,1,ou,21.00,over,ft,1.902,5
6X9rYxFi,Kraus S.,Jones F.,1,1,ou,21.00,under,ft,1.838,5
6X9rYxFi,Kraus S.,Jones F.,1,1,ou,21.50,over,ft,1.993,7
6X9rYxFi,Kraus S.,Jones F.,1,1,ou,21.50,under,ft,1.749,7
6X9rYxFi,Kraus S.,Jones F.,1,1,ou,22.00,over,ft,2.094,5
6X9rYxFi,Kraus S.,Jones F.,1,1,ou,22.00,under,ft,1.688,5
6X9rYxFi,Kraus S.,Jones F.,1,1,ou,22.50,over,ft,2.257,7
6X9rYxFi,Kraus S.,Jones F.,1,1,ou,22.50,under,ft,1.566,7
6X9rYxFi,Kraus S.,Jones F.,1,1,ou,23.50,over,ft,2.563,3
6X9rYxFi,Kraus S.,Jones F.,1,1,ou,23.50,under,ft,1.43,3
6X9rYxFi,Kraus S.,Jones F.,1,1,ou,24.50,over,ft,2.715,4
6X9rYxFi,Kraus S.,Jones F.,1,1,ou,24.50,under,ft,1.4,4
6X9rYxFi,Kraus S.,Jones F.,1,1,ou,25.50,over,ft,3.033,3
6X9rYxFi,Kraus S.,Jones F.,1,1,ou,25.50,under,ft,1.313,3
6X9rYxFi,Kraus S.,Jones F.,1,1,ou,26.50,over,ft,3.713,3
6X9rYxFi,Kraus S.,Jones F.,1,1,ou,26.50,under,ft,1.23,3
6X9rYxFi,Kraus S.,Jones F.,1,1,ou,27.50,over,ft,3.34,1
6X9rYxFi,Kraus S.,Jones F.,1,1,ou,27.50,under,ft,1.26,1
6X9rYxFi,Kraus S.,Jones F.,1,1,ou,28.50,over,ft,3.87,1
6X9rYxFi,Kraus S.,Jones F.,1,1,ou,28.50,under,ft,1.2,1
6X9rYxFi,Kraus S.,Jones F.,1,1,ou,29.50,over,ft,4.55,1
6X9rYxFi,Kraus S.,Jones F.,1,1,ou,29.50,under,ft,1.15,1
6X9rYxFi,Kraus S.,Jones F.,1,1,ou,30.50,over,ft,5.47,1
6X9rYxFi,Kraus S.,Jones F.,1,1,ou,30.50,under,ft,1.1,1
6X9rYxFi,Kraus S.,Jones F.,1,1,hc,1.50,home,ft,1.756,5
6X9rYxFi,Kraus S.,Jones F.,1,1,hc,1.50,away,ft,1.994,5
6X9rYxFi,Kraus S.,Jones F.,1,1,hc,-1.50,home,ft,5.023,3
6X9rYxFi,Kraus S.,Jones F.,1,1,hc,-1.50,away,ft,1.16,3
6X9rYxFi,Kraus S.,Jones F.,1,1,hc,0,home,ft,2.26,2
6X9rYxFi,Kraus S.,Jones F.,1,1,hc,0,away,ft,1.54,2
6X9rYxFi,Kraus S.,Jones F.,1,1,hc,0.50,home,ft,2.22,2
6X9rYxFi,Kraus S.,Jones F.,1,1,hc,0.50,away,ft,1.56,2
6X9rYxFi,Kraus S.,Jones F.,1,1,hc,1.00,home,ft,2.17,2
6X9rYxFi,Kraus S.,Jones F.,1,1,hc,1.00,away,ft,1.59,2
6X9rYxFi,Kraus S.,Jones F.,1,1,hc,1.50,home,ft,2.442,4
6X9rYxFi,Kraus S.,Jones F.,1,1,hc,1.50,away,ft,1.507,4
6X9rYxFi,Kraus S.,Jones F.,1,1,hc,-1.50,home,ft,3.48,1
6X9rYxFi,Kraus S.,Jones F.,1,1,hc,-1.50,away,ft,1.29,1
6X9rYxFi,Kraus S.,Jones F.,1,1,hc,2.00,home,ft,2.29,3
6X9rYxFi,Kraus S.,Jones F.,1,1,hc,2.00,away,ft,1.59,3
6X9rYxFi,Kraus S.,Jones F.,1,1,hc,2.50,home,ft,2.208,5
6X9rYxFi,Kraus S.,Jones F.,1,1,hc,2.50,away,ft,1.608,5
6X9rYxFi,Kraus S.,Jones F.,1,1,hc,3.00,home,ft,2.2,3
6X9rYxFi,Kraus S.,Jones F.,1,1,hc,3.00,away,ft,1.603,3
6X9rYxFi,Kraus S.,Jones F.,1,1,hc,3.50,home,ft,1.934,5
6X9rYxFi,Kraus S.,Jones F.,1,1,hc,3.50,away,ft,1.796,5
6X9rYxFi,Kraus S.,Jones F.,1,1,hc,4.00,home,ft,1.857,3
6X9rYxFi,Kraus S.,Jones F.,1,1,hc,4.00,away,ft,1.867,3
6X9rYxFi,Kraus S.,Jones F.,1,1,hc,4.50,home,ft,1.69,4
6X9rYxFi,Kraus S.,Jones F.,1,1,hc,4.50,away,ft,2.06,4
6X9rYxFi,Kraus S.,Jones F.,1,1,hc,5.00,home,ft,1.52,3
6X9rYxFi,Kraus S.,Jones F.,1,1,hc,5.00,away,ft,2.387,3
6X9rYxFi,Kraus S.,Jones F.,1,1,hc,5.50,home,ft,1.417,3
6X9rYxFi,Kraus S.,Jones F.,1,1,hc,5.50,away,ft,2.67,3
6X9rYxFi,Kraus S.,Jones F.,1,1,hc,6.00,home,ft,1.27,2
6X9rYxFi,Kraus S.,Jones F.,1,1,hc,6.00,away,ft,3.31,2
6X9rYxFi,Kraus S.,Jones F.,1,1,hc,6.50,home,ft,1.22,2
6X9rYxFi,Kraus S.,Jones F.,1,1,hc,6.50,away,ft,3.62,2
YXdIG1AT,Jovic I.,Bejlek S.,2,2,ou,2.50,over,ft,2.745,2
YXdIG1AT,Jovic I.,Bejlek S.,2,2,ou,2.50,under,ft,1.435,2
YXdIG1AT,Jovic I.,Bejlek S.,2,2,ou,16.50,over,ft,1.145,2
YXdIG1AT,Jovic I.,Bejlek S.,2,2,ou,16.50,under,ft,5.03,2
YXdIG1AT,Jovic I.,Bejlek S.,2,2,ou,17.50,over,ft,1.3,3
YXdIG1AT,Jovic I.,Bejlek S.,2,2,ou,17.50,under,ft,3.11,3
YXdIG1AT,Jovic I.,Bejlek S.,2,2,ou,18.50,over,ft,1.468,4
YXdIG1AT,Jovic I.,Bejlek S.,2,2,ou,18.50,under,ft,2.487,4
YXdIG1AT,Jovic I.,Bejlek S.,2,2,ou,19.00,over,ft,1.525,2
YXdIG1AT,Jovic I.,Bejlek S.,2,2,ou,19.00,under,ft,2.38,2
YXdIG1AT,Jovic I.,Bejlek S.,2,2,ou,19.50,over,ft,1.661,7
YXdIG1AT,Jovic I.,Bejlek S.,2,2,ou,19.50,under,ft,2.103,7
YXdIG1AT,Jovic I.,Bejlek S.,2,2,ou,20.00,over,ft,1.776,5
YXdIG1AT,Jovic I.,Bejlek S.,2,2,ou,20.00,under,ft,1.978,5
YXdIG1AT,Jovic I.,Bejlek S.,2,2,ou,20.50,over,ft,1.899,7
YXdIG1AT,Jovic I.,Bejlek S.,2,2,ou,20.50,under,ft,1.824,7
YXdIG1AT,Jovic I.,Bejlek S.,2,2,ou,21.00,over,ft,2.004,5
YXdIG1AT,Jovic I.,Bejlek S.,2,2,ou,21.00,under,ft,1.75,5
YXdIG1AT,Jovic I.,Bejlek S.,2,2,ou,21.50,over,ft,2.096,7
YXdIG1AT,Jovic I.,Bejlek S.,2,2,ou,21.50,under,ft,1.667,7
YXdIG1AT,Jovic I.,Bejlek S.,2,2,ou,22.00,over,ft,2.102,5
YXdIG1AT,Jovic I.,Bejlek S.,2,2,ou,22.00,under,ft,1.666,5
YXdIG1AT,Jovic I.,Bejlek S.,2,2,ou,22.50,over,ft,2.408,6
YXdIG1AT,Jovic I.,Bejlek S.,2,2,ou,22.50,under,ft,1.498,6
YXdIG1AT,Jovic I.,Bejlek S.,2,2,ou,23.00,over,ft,2.34,1
YXdIG1AT,Jovic I.,Bejlek S.,2,2,ou,23.00,under,ft,1.44,1
YXdIG1AT,Jovic I.,Bejlek S.,2,2,ou,23.50,over,ft,2.687,3
YXdIG1AT,Jovic I.,Bejlek S.,2,2,ou,23.50,under,ft,1.393,3
YXdIG1AT,Jovic I.,Bejlek S.,2,2,ou,24.50,over,ft,2.888,4
YXdIG1AT,Jovic I.,Bejlek S.,2,2,ou,24.50,under,ft,1.36,4
YXdIG1AT,Jovic I.,Bejlek S.,2,2,ou,25.50,over,ft,3.21,3
YXdIG1AT,Jovic I.,Bejlek S.,2,2,ou,25.50,under,ft,1.283,3
YXdIG1AT,Jovic I.,Bejlek S.,2,2,ou,26.50,over,ft,3.257,3
YXdIG1AT,Jovic I.,Bejlek S.,2,2,ou,26.50,under,ft,1.277,3
YXdIG1AT,Jovic I.,Bejlek S.,2,2,ou,27.50,over,ft,3.28,1
YXdIG1AT,Jovic I.,Bejlek S.,2,2,ou,27.50,under,ft,1.27,1
YXdIG1AT,Jovic I.,Bejlek S.,2,2,ou,28.50,over,ft,3.81,1
YXdIG1AT,Jovic I.,Bejlek S.,2,2,ou,28.50,under,ft,1.2,1
YXdIG1AT,Jovic I.,Bejlek S.,2,2,ou,29.50,over,ft,4.54,1
YXdIG1AT,Jovic I.,Bejlek S.,2,2,ou,29.50,under,ft,1.15,1
YXdIG1AT,Jovic I.,Bejlek S.,2,2,ou,30.50,over,ft,5.47,1
YXdIG1AT,Jovic I.,Bejlek S.,2,2,ou,30.50,under,ft,1.1,1
YXdIG1AT,Jovic I.,Bejlek S.,2,2,hc,1.50,home,ft,1.183,3
YXdIG1AT,Jovic I.,Bejlek S.,2,2,hc,1.50,away,ft,4.683,3
YXdIG1AT,Jovic I.,Bejlek S.,2,2,hc,-1.50,home,ft,2.0,5
YXdIG1AT,Jovic I.,Bejlek S.,2,2,hc,-1.50,away,ft,1.754,5
YXdIG1AT,Jovic I.,Bejlek S.,2,2,hc,0,home,ft,1.47,2
YXdIG1AT,Jovic I.,Bejlek S.,2,2,hc,0,away,ft,2.42,2
YXdIG1AT,Jovic I.,Bejlek S.,2,2,hc,-0.50,home,ft,1.54,2
YXdIG1AT,Jovic I.,Bejlek S.,2,2,hc,-0.50,away,ft,2.26,2
YXdIG1AT,Jovic I.,Bejlek S.,2,2,hc,-1.00,home,ft,1.45,2
YXdIG1AT,Jovic I.,Bejlek S.,2,2,hc,-1.00,away,ft,2.49,2
YXdIG1AT,Jovic I.,Bejlek S.,2,2,hc,1.50,home,ft,1.34,1
YXdIG1AT,Jovic I.,Bejlek S.,2,2,hc,1.50,away,ft,3.21,1
YXdIG1AT,Jovic I.,Bejlek S.,2,2,hc,-1.50,home,ft,1.505,4
YXdIG1AT,Jovic I.,Bejlek S.,2,2,hc,-1.50,away,ft,2.41,4
YXdIG1AT,Jovic I.,Bejlek S.,2,2,hc,-2.00,home,ft,1.513,3
YXdIG1AT,Jovic I.,Bejlek S.,2,2,hc,-2.00,away,ft,2.45,3
YXdIG1AT,Jovic I.,Bejlek S.,2,2,hc,-2.50,home,ft,1.634,5
YXdIG1AT,Jovic I.,Bejlek S.,2,2,hc,-2.50,away,ft,2.158,5
YXdIG1AT,Jovic I.,Bejlek S.,2,2,hc,-3.00,home,ft,1.613,3
YXdIG1AT,Jovic I.,Bejlek S.,2,2,hc,-3.00,away,ft,2.197,3
YXdIG1AT,Jovic I.,Bejlek S.,2,2,hc,-3.50,home,ft,1.728,5
YXdIG1AT,Jovic I.,Bejlek S.,2,2,hc,-3.50,away,ft,2.01,5
YXdIG1AT,Jovic I.,Bejlek S.,2,2,hc,-4.00,home,ft,1.83,3
YXdIG1AT,Jovic I.,Bejlek S.,2,2,hc,-4.00,away,ft,1.89,3
YXdIG1AT,Jovic I.,Bejlek S.,2,2,hc,-4.50,home,ft,2.03,5
YXdIG1AT,Jovic I.,Bejlek S.,2,2,hc,-4.50,away,ft,1.716,5
YXdIG1AT,Jovic I.,Bejlek S.,2,2,hc,-5.00,home,ft,2.25,3
YXdIG1AT,Jovic I.,Bejlek S.,2,2,hc,-5.00,away,ft,1.577,3
YXdIG1AT,Jovic I.,Bejlek S.,2,2,hc,-5.50,home,ft,2.447,3
YXdIG1AT,Jovic I.,Bejlek S.,2,2,hc,-5.50,away,ft,1.49,3
YXdIG1AT,Jovic I.,Bejlek S.,2,2,hc,-6.00,home,ft,2.94,2
YXdIG1AT,Jovic I.,Bejlek S.,2,2,hc,-6.00,away,ft,1.33,2
YXdIG1AT,Jovic I.,Bejlek S.,2,2,hc,-6.50,home,ft,3.21,2
YXdIG1AT,Jovic I.,Bejlek S.,2,2,hc,-6.50,away,ft,1.28,2
2TvFrUMc,Vekic D.,Eala A.,1,1,ou,2.50,over,ft,2.415,2
2TvFrUMc,Vekic D.,Eala A.,1,1,ou,2.50,under,ft,1.545,2
2TvFrUMc,Vekic D.,Eala A.,1,1,ou,16.50,over,ft,1.1,1
2TvFrUMc,Vekic D.,Eala A.,1,1,ou,16.50,under,ft,5.49,1
2TvFrUMc,Vekic D.,Eala A.,1,1,ou,17.50,over,ft,1.2,1
2TvFrUMc,Vekic D.,Eala A.,1,1,ou,17.50,under,ft,3.92,1
2TvFrUMc,Vekic D.,Eala A.,1,1,ou,18.50,over,ft,1.323,4
2TvFrUMc,Vekic D.,Eala A.,1,1,ou,18.50,under,ft,3.083,4
2TvFrUMc,Vekic D.,Eala A.,1,1,ou,19.50,over,ft,1.473,3
2TvFrUMc,Vekic D.,Eala A.,1,1,ou,19.50,under,ft,2.42,3
2TvFrUMc,Vekic D.,Eala A.,1,1,ou,20.00,over,ft,1.55,1
2TvFrUMc,Vekic D.,Eala A.,1,1,ou,20.00,under,ft,2.19,1
2TvFrUMc,Vekic D.,Eala A.,1,1,ou,20.50,over,ft,1.687,7
2TvFrUMc,Vekic D.,Eala A.,1,1,ou,20.50,under,ft,2.051,7
2TvFrUMc,Vekic D.,Eala A.,1,1,ou,21.00,over,ft,1.796,5
2TvFrUMc,Vekic D.,Eala A.,1,1,ou,21.00,under,ft,1.95,5
2TvFrUMc,Vekic D.,Eala A.,1,1,ou,21.50,over,ft,1.886,7
2TvFrUMc,Vekic D.,Eala A.,1,1,ou,21.50,under,ft,1.843,7
2TvFrUMc,Vekic D.,Eala A.,1,1,ou,22.00,over,ft,2.024,5
2TvFrUMc,Vekic D.,Eala A.,1,1,ou,22.00,under,ft,1.742,5
2TvFrUMc,Vekic D.,Eala A.,1,1,ou,22.50,over,ft,2.129,7
2TvFrUMc,Vekic D.,Eala A.,1,1,ou,22.50,under,ft,1.637,7
2TvFrUMc,Vekic D.,Eala A.,1,1,ou,23.00,over,ft,2.21,1
2TvFrUMc,Vekic D.,Eala A.,1,1,ou,23.00,under,ft,1.54,1
2TvFrUMc,Vekic D.,Eala A.,1,1,ou,23.50,over,ft,2.33,3
2TvFrUMc,Vekic D.,Eala A.,1,1,ou,23.50,under,ft,1.513,3
2TvFrUMc,Vekic D.,Eala A.,1,1,ou,24.50,over,ft,2.482,4
2TvFrUMc,Vekic D.,Eala A.,1,1,ou,24.50,under,ft,1.478,4
2TvFrUMc,Vekic D.,Eala A.,1,1,ou,25.50,over,ft,2.75,3
2TvFrUMc,Vekic D.,Eala A.,1,1,ou,25.50,under,ft,1.373,3
2TvFrUMc,Vekic D.,Eala A.,1,1,ou,26.50,over,ft,3.153,3
2TvFrUMc,Vekic D.,Eala A.,1,1,ou,26.50,under,ft,1.293,3
2TvFrUMc,Vekic D.,Eala A.,1,1,ou,27.50,over,ft,3.1,1
2TvFrUMc,Vekic D.,Eala A.,1,1,ou,27.50,under,ft,1.29,1
2TvFrUMc,Vekic D.,Eala A.,1,1,ou,28.50,over,ft,3.58,1
2TvFrUMc,Vekic D.,Eala A.,1,1,ou,28.50,under,ft,1.23,1
2TvFrUMc,Vekic D.,Eala A.,1,1,ou,29.50,over,ft,4.31,1
2TvFrUMc,Vekic D.,Eala A.,1,1,ou,29.50,under,ft,1.16,1
2TvFrUMc,Vekic D.,Eala A.,1,1,ou,30.50,over,ft,5.18,1
2TvFrUMc,Vekic D.,Eala A.,1,1,ou,30.50,under,ft,1.11,1
2TvFrUMc,Vekic D.,Eala A.,1,1,hc,1.50,home,ft,1.512,5
2TvFrUMc,Vekic D.,Eala A.,1,1,hc,1.50,away,ft,2.44,5
2TvFrUMc,Vekic D.,Eala A.,1,1,hc,-1.50,home,ft,3.73,3
2TvFrUMc,Vekic D.,Eala A.,1,1,hc,-1.50,away,ft,1.26,3
2TvFrUMc,Vekic D.,Eala A.,1,1,hc,0,home,ft,2.23,2
2TvFrUMc,Vekic D.,Eala A.,1,1,hc,0,away,ft,1.55,2
2TvFrUMc,Vekic D.,Eala A.,1,1,hc,0.50,home,ft,2.123,3
2TvFrUMc,Vekic D.,Eala A.,1,1,hc,0.50,away,ft,1.627,3
2TvFrUMc,Vekic D.,Eala A.,1,1,hc,-0.50,home,ft,2.16,2
2TvFrUMc,Vekic D.,Eala A.,1,1,hc,-0.50,away,ft,1.59,2
2TvFrUMc,Vekic D.,Eala A.,1,1,hc,1.00,home,ft,2.097,3
2TvFrUMc,Vekic D.,Eala A.,1,1,hc,1.00,away,ft,1.663,3
2TvFrUMc,Vekic D.,Eala A.,1,1,hc,-1.00,home,ft,2.21,2
2TvFrUMc,Vekic D.,Eala A.,1,1,hc,-1.00,away,ft,1.56,2
2TvFrUMc,Vekic D.,Eala A.,1,1,hc,1.50,home,ft,2.045,4
2TvFrUMc,Vekic D.,Eala A.,1,1,hc,1.50,away,ft,1.698,4
2TvFrUMc,Vekic D.,Eala A.,1,1,hc,-1.50,home,ft,2.59,1
2TvFrUMc,Vekic D.,Eala A.,1,1,hc,-1.50,away,ft,1.49,1
2TvFrUMc,Vekic D.,Eala A.,1,1,hc,2.00,home,ft,1.973,3
2TvFrUMc,Vekic D.,Eala A.,1,1,hc,2.00,away,ft,1.76,3
2TvFrUMc,Vekic D.,Eala A.,1,1,hc,2.50,home,ft,1.86,5
2TvFrUMc,Vekic D.,Eala A.,1,1,hc,2.50,away,ft,1.86,5
2TvFrUMc,Vekic D.,Eala A.,1,1,hc,3.00,home,ft,1.783,3
2TvFrUMc,Vekic D.,Eala A.,1,1,hc,3.00,away,ft,1.95,3
2TvFrUMc,Vekic D.,Eala A.,1,1,hc,3.50,home,ft,1.683,3
2TvFrUMc,Vekic D.,Eala A.,1,1,hc,3.50,away,ft,2.053,3
2TvFrUMc,Vekic D.,Eala A.,1,1,hc,-3.50,home,ft,3.3,1
2TvFrUMc,Vekic D.,Eala A.,1,1,hc,-3.50,away,ft,1.33,1
2TvFrUMc,Vekic D.,Eala A.,1,1,hc,4.00,home,ft,1.54,2
2TvFrUMc,Vekic D.,Eala A.,1,1,hc,4.00,away,ft,2.26,2
2TvFrUMc,Vekic D.,Eala A.,1,1,hc,4.50,home,ft,1.46,2
2TvFrUMc,Vekic D.,Eala A.,1,1,hc,4.50,away,ft,2.46,2
2TvFrUMc,Vekic D.,Eala A.,1,1,hc,5.00,home,ft,1.29,2
2TvFrUMc,Vekic D.,Eala A.,1,1,hc,5.00,away,ft,3.13,2
2TvFrUMc,Vekic D.,Eala A.,1,1,hc,5.50,home,ft,1.3,1
2TvFrUMc,Vekic D.,Eala A.,1,1,hc,5.50,away,ft,3.51,1
djImS8xH,Svitolina E.,Gracheva V.,2,2,ou,2.50,over,ft,2.935,2
djImS8xH,Svitolina E.,Gracheva V.,2,2,ou,2.50,under,ft,1.39,2
djImS8xH,Svitolina E.,Gracheva V.,2,2,ou,15.50,over,ft,1.08,1
djImS8xH,Svitolina E.,Gracheva V.,2,2,ou,15.50,under,ft,5.65,1
djImS8xH,Svitolina E.,Gracheva V.,2,2,ou,16.50,over,ft,1.19,4
djImS8xH,Svitolina E.,Gracheva V.,2,2,ou,16.50,under,ft,4.202,4
djImS8xH,Svitolina E.,Gracheva V.,2,2,ou,17.50,over,ft,1.347,3
djImS8xH,Svitolina E.,Gracheva V.,2,2,ou,17.50,under,ft,2.877,3
djImS8xH,Svitolina E.,Gracheva V.,2,2,ou,18.50,over,ft,1.537,6
djImS8xH,Svitolina E.,Gracheva V.,2,2,ou,18.50,under,ft,2.32,6
djImS8xH,Svitolina E.,Gracheva V.,2,2,ou,19.00,over,ft,1.65,5
djImS8xH,Svitolina E.,Gracheva V.,2,2,ou,19.00,under,ft,2.158,5
djImS8xH,Svitolina E.,Gracheva V.,2,2,ou,19.50,over,ft,1.796,7
djImS8xH,Svitolina E.,Gracheva V.,2,2,ou,19.50,under,ft,1.939,7
djImS8xH,Svitolina E.,Gracheva V.,2,2,ou,20.00,over,ft,1.908,5
djImS8xH,Svitolina E.,Gracheva V.,2,2,ou,20.00,under,ft,1.838,5
djImS8xH,Svitolina E.,Gracheva V.,2,2,ou,20.50,over,ft,2.027,7
djImS8xH,Svitolina E.,Gracheva V.,2,2,ou,20.50,under,ft,1.709,7
djImS8xH,Svitolina E.,Gracheva V.,2,2,ou,21.00,over,ft,2.138,5
djImS8xH,Svitolina E.,Gracheva V.,2,2,ou,21.00,under,ft,1.662,5
djImS8xH,Svitolina E.,Gracheva V.,2,2,ou,21.50,over,ft,2.288,4
djImS8xH,Svitolina E.,Gracheva V.,2,2,ou,21.50,under,ft,1.54,4
djImS8xH,Svitolina E.,Gracheva V.,2,2,ou,22.00,over,ft,2.39,1
djImS8xH,Svitolina E.,Gracheva V.,2,2,ou,22.00,under,ft,1.46,1
djImS8xH,Svitolina E.,Gracheva V.,2,2,ou,22.50,over,ft,2.64,5
djImS8xH,Svitolina E.,Gracheva V.,2,2,ou,22.50,under,ft,1.42,5
djImS8xH,Svitolina E.,Gracheva V.,2,2,ou,23.50,over,ft,3.013,3
djImS8xH,Svitolina E.,Gracheva V.,2,2,ou,23.50,under,ft,1.32,3
djImS8xH,Svitolina E.,Gracheva V.,2,2,ou,24.50,over,ft,3.185,4
djImS8xH,Svitolina E.,Gracheva V.,2,2,ou,24.50,under,ft,1.305,4
djImS8xH,Svitolina E.,Gracheva V.,2,2,ou,25.50,over,ft,3.33,3
djImS8xH,Svitolina E.,Gracheva V.,2,2,ou,25.50,under,ft,1.27,3
djImS8xH,Svitolina E.,Gracheva V.,2,2,ou,26.50,over,ft,3.28,1
djImS8xH,Svitolina E.,Gracheva V.,2,2,ou,26.50,under,ft,1.27,1
djImS8xH,Svitolina E.,Gracheva V.,2,2,ou,27.50,over,ft,3.68,1
djImS8xH,Svitolina E.,Gracheva V.,2,2,ou,27.50,under,ft,1.22,1
djImS8xH,Svitolina E.,Gracheva V.,2,2,ou,28.50,over,ft,4.26,1
djImS8xH,Svitolina E.,Gracheva V.,2,2,ou,28.50,under,ft,1.17,1
djImS8xH,Svitolina E.,Gracheva V.,2,2,ou,29.50,over,ft,4.99,1
djImS8xH,Svitolina E.,Gracheva V.,2,2,ou,29.50,under,ft,1.12,1
djImS8xH,Svitolina E.,Gracheva V.,2,2,hc,1.50,home,ft,1.097,3
djImS8xH,Svitolina E.,Gracheva V.,2,2,hc,1.50,away,ft,6.717,3
djImS8xH,Svitolina E.,Gracheva V.,2,2,hc,-1.50,home,ft,1.678,5
djImS8xH,Svitolina E.,Gracheva V.,2,2,hc,-1.50,away,ft,2.106,5
djImS8xH,Svitolina E.,Gracheva V.,2,2,hc,-1.50,home,ft,1.28,1
djImS8xH,Svitolina E.,Gracheva V.,2,2,hc,-1.50,away,ft,3.64,1
djImS8xH,Svitolina E.,Gracheva V.,2,2,hc,-2.50,home,ft,1.33,2
djImS8xH,Svitolina E.,Gracheva V.,2,2,hc,-2.50,away,ft,2.94,2
djImS8xH,Svitolina E.,Gracheva V.,2,2,hc,-3.00,home,ft,1.29,2
djImS8xH,Svitolina E.,Gracheva V.,2,2,hc,-3.00,away,ft,3.13,2
djImS8xH,Svitolina E.,Gracheva V.,2,2,hc,-3.50,home,ft,1.448,4
djImS8xH,Svitolina E.,Gracheva V.,2,2,hc,-3.50,away,ft,2.572,4
djImS8xH,Svitolina E.,Gracheva V.,2,2,hc,-4.00,home,ft,1.533,3
djImS8xH,Svitolina E.,Gracheva V.,2,2,hc,-4.00,away,ft,2.37,3
djImS8xH,Svitolina E.,Gracheva V.,2,2,hc,-4.50,home,ft,1.67,4
djImS8xH,Svitolina E.,Gracheva V.,2,2,hc,-4.50,away,ft,2.103,4
djImS8xH,Svitolina E.,Gracheva V.,2,2,hc,-5.00,home,ft,1.857,3
djImS8xH,Svitolina E.,Gracheva V.,2,2,hc,-5.00,away,ft,1.87,3
djImS8xH,Svitolina E.,Gracheva V.,2,2,hc,-5.50,home,ft,2.062,5
djImS8xH,Svitolina E.,Gracheva V.,2,2,hc,-5.50,away,ft,1.68,5
djImS8xH,Svitolina E.,Gracheva V.,2,2,hc,-6.00,home,ft,2.48,3
djImS8xH,Svitolina E.,Gracheva V.,2,2,hc,-6.00,away,ft,1.49,3
djImS8xH,Svitolina E.,Gracheva V.,2,2,hc,-6.50,home,ft,2.73,2
djImS8xH,Svitolina E.,Gracheva V.,2,2,hc,-6.50,away,ft,1.38,2
djImS8xH,Svitolina E.,Gracheva V.,2,2,hc,-7.00,home,ft,3.66,2
djImS8xH,Svitolina E.,Gracheva V.,2,2,hc,-7.00,away,ft,1.22,2
djImS8xH,Svitolina E.,Gracheva V.,2,2,hc,-7.50,home,ft,4.32,3
djImS8xH,Svitolina E.,Gracheva V.,2,2,hc,-7.50,away,ft,1.183,3
W8WVvnMM,Parks A.,Cocciaretto E.,0,0,ou,2.50,over,ft,2.485,2
W8WVvnMM,Parks A.,Cocciaretto E.,0,0,ou,2.50,under,ft,1.515,2
W8WVvnMM,Parks A.,Cocciaretto E.,0,0,ou,16.50,over,ft,1.09,1
W8WVvnMM,Parks A.,Cocciaretto E.,0,0,ou,16.50,under,ft,5.59,1
W8WVvnMM,Parks A.,Cocciaretto E.,0,0,ou,17.50,over,ft,1.18,1
W8WVvnMM,Parks A.,Cocciaretto E.,0,0,ou,17.50,under,ft,4.06,1
W8WVvnMM,Parks A.,Cocciaretto E.,0,0,ou,18.50,over,ft,1.32,4
W8WVvnMM,Parks A.,Cocciaretto E.,0,0,ou,18.50,under,ft,3.09,4
W8WVvnMM,Parks A.,Cocciaretto E.,0,0,ou,19.50,over,ft,1.473,3
W8WVvnMM,Parks A.,Cocciaretto E.,0,0,ou,19.50,under,ft,2.423,3
W8WVvnMM,Parks A.,Cocciaretto E.,0,0,ou,20.00,over,ft,1.57,2
W8WVvnMM,Parks A.,Cocciaretto E.,0,0,ou,20.00,under,ft,2.185,2
W8WVvnMM,Parks A.,Cocciaretto E.,0,0,ou,20.50,over,ft,1.67,7
W8WVvnMM,Parks A.,Cocciaretto E.,0,0,ou,20.50,under,ft,2.08,7
W8WVvnMM,Parks A.,Cocciaretto E.,0,0,ou,21.00,over,ft,1.758,5
W8WVvnMM,Parks A.,Cocciaretto E.,0,0,ou,21.00,under,ft,2.0,5
W8WVvnMM,Parks A.,Cocciaretto E.,0,0,ou,21.50,over,ft,1.871,7
W8WVvnMM,Parks A.,Cocciaretto E.,0,0,ou,21.50,under,ft,1.859,7
W8WVvnMM,Parks A.,Cocciaretto E.,0,0,ou,22.00,over,ft,1.996,5
W8WVvnMM,Parks A.,Cocciaretto E.,0,0,ou,22.00,under,ft,1.76,5
W8WVvnMM,Parks A.,Cocciaretto E.,0,0,ou,22.50,over,ft,2.131,7
W8WVvnMM,Parks A.,Cocciaretto E.,0,0,ou,22.50,under,ft,1.63,7
W8WVvnMM,Parks A.,Cocciaretto E.,0,0,ou,23.00,over,ft,2.2,1
W8WVvnMM,Parks A.,Cocciaretto E.,0,0,ou,23.00,under,ft,1.55,1
W8WVvnMM,Parks A.,Cocciaretto E.,0,0,ou,23.50,over,ft,2.373,3
W8WVvnMM,Parks A.,Cocciaretto E.,0,0,ou,23.50,under,ft,1.497,3
W8WVvnMM,Parks A.,Cocciaretto E.,0,0,ou,24.50,over,ft,2.53,4
W8WVvnMM,Parks A.,Cocciaretto E.,0,0,ou,24.50,under,ft,1.46,4
W8WVvnMM,Parks A.,Cocciaretto E.,0,0,ou,25.50,over,ft,2.833,3
W8WVvnMM,Parks A.,Cocciaretto E.,0,0,ou,25.50,under,ft,1.357,3
W8WVvnMM,Parks A.,Cocciaretto E.,0,0,ou,26.50,over,ft,3.213,3
W8WVvnMM,Parks A.,Cocciaretto E.,0,0,ou,26.50,under,ft,1.283,3
W8WVvnMM,Parks A.,Cocciaretto E.,0,0,ou,27.50,over,ft,3.05,1
W8WVvnMM,Parks A.,Cocciaretto E.,0,0,ou,27.50,under,ft,1.3,1
W8WVvnMM,Parks A.,Cocciaretto E.,0,0,ou,28.50,over,ft,3.57,1
W8WVvnMM,Parks A.,Cocciaretto E.,0,0,ou,28.50,under,ft,1.22,1
W8WVvnMM,Parks A.,Cocciaretto E.,0,0,ou,29.50,over,ft,4.21,1
W8WVvnMM,Parks A.,Cocciaretto E.,0,0,ou,29.50,under,ft,1.16,1
W8WVvnMM,Parks A.,Cocciaretto E.,0,0,ou,30.50,over,ft,5.17,1
W8WVvnMM,Parks A.,Cocciaretto E.,0,0,ou,30.50,under,ft,1.11,1
W8WVvnMM,Parks A.,Cocciaretto E.,0,0,hc,1.50,home,ft,1.536,5
W8WVvnMM,Parks A.,Cocciaretto E.,0,0,hc,1.50,away,ft,2.388,5
W8WVvnMM,Parks A.,Cocciaretto E.,0,0,hc,-1.50,home,ft,3.473,3
W8WVvnMM,Parks A.,Cocciaretto E.,0,0,hc,-1.50,away,ft,1.29,3
W8WVvnMM,Parks A.,Cocciaretto E.,0,0,hc,0,home,ft,2.09,2
W8WVvnMM,Parks A.,Cocciaretto E.,0,0,hc,0,away,ft,1.63,2
W8WVvnMM,Parks A.,Cocciaretto E.,0,0,hc,0.50,home,ft,2.11,3
W8WVvnMM,Parks A.,Cocciaretto E.,0,0,hc,0.50,away,ft,1.623,3
W8WVvnMM,Parks A.,Cocciaretto E.,0,0,hc,-0.50,home,ft,2.17,2
W8WVvnMM,Parks A.,Cocciaretto E.,0,0,hc,-0.50,away,ft,1.59,2
W8WVvnMM,Parks A.,Cocciaretto E.,0,0,hc,1.00,home,ft,2.067,3
W8WVvnMM,Parks A.,Cocciaretto E.,0,0,hc,1.00,away,ft,1.69,3
W8WVvnMM,Parks A.,Cocciaretto E.,0,0,hc,-1.00,home,ft,2.26,2
W8WVvnMM,Parks A.,Cocciaretto E.,0,0,hc,-1.00,away,ft,1.54,2
W8WVvnMM,Parks A.,Cocciaretto E.,0,0,hc,1.50,home,ft,2.066,5
W8WVvnMM,Parks A.,Cocciaretto E.,0,0,hc,1.50,away,ft,1.692,5
W8WVvnMM,Parks A.,Cocciaretto E.,0,0,hc,-1.50,home,ft,2.173,3
W8WVvnMM,Parks A.,Cocciaretto E.,0,0,hc,-1.50,away,ft,1.62,3
W8WVvnMM,Parks A.,Cocciaretto E.,0,0,hc,2.00,home,ft,1.92,3
W8WVvnMM,Parks A.,Cocciaretto E.,0,0,hc,2.00,away,ft,1.813,3
W8WVvnMM,Parks A.,Cocciaretto E.,0,0,hc,-2.00,home,ft,2.15,2
W8WVvnMM,Parks A.,Cocciaretto E.,0,0,hc,-2.00,away,ft,1.59,2
W8WVvnMM,Parks A.,Cocciaretto E.,0,0,hc,2.50,home,ft,1.79,5
W8WVvnMM,Parks A.,Cocciaretto E.,0,0,hc,2.50,away,ft,1.944,5
W8WVvnMM,Parks A.,Cocciaretto E.,0,0,hc,-2.50,home,ft,2.19,2
W8WVvnMM,Parks A.,Cocciaretto E.,0,0,hc,-2.50,away,ft,1.57,2
W8WVvnMM,Parks A.,Cocciaretto E.,0,0,hc,3.00,home,ft,1.72,3
W8WVvnMM,Parks A.,Cocciaretto E.,0,0,hc,3.00,away,ft,2.027,3
W8WVvnMM,Parks A.,Cocciaretto E.,0,0,hc,3.50,home,ft,1.642,5
W8WVvnMM,Parks A.,Cocciaretto E.,0,0,hc,3.50,away,ft,2.126,5
W8WVvnMM,Parks A.,Cocciaretto E.,0,0,hc,-3.50,home,ft,3.17,1
W8WVvnMM,Parks A.,Cocciaretto E.,0,0,hc,-3.50,away,ft,1.35,1
W8WVvnMM,Parks A.,Cocciaretto E.,0,0,hc,4.00,home,ft,1.49,2
W8WVvnMM,Parks A.,Cocciaretto E.,0,0,hc,4.00,away,ft,2.38,2
W8WVvnMM,Parks A.,Cocciaretto E.,0,0,hc,4.50,home,ft,1.41,2
W8WVvnMM,Parks A.,Cocciaretto E.,0,0,hc,4.50,away,ft,2.62,2
W8WVvnMM,Parks A.,Cocciaretto E.,0,0,hc,5.00,home,ft,1.29,2
W8WVvnMM,Parks A.,Cocciaretto E.,0,0,hc,5.00,away,ft,3.13,2
W8WVvnMM,Parks A.,Cocciaretto E.,0,0,hc,5.50,home,ft,1.26,1
W8WVvnMM,Parks A.,Cocciaretto E.,0,0,hc,5.50,away,ft,3.8,1
llcSKQUj,Linette M.,Williams V.,2,2,ou,2.50,over,ft,3.047,3
llcSKQUj,Linette M.,Williams V.,2,2,ou,2.50,under,ft,1.363,3
llcSKQUj,Linette M.,Williams V.,2,2,ou,15.50,over,ft,1.09,1
llcSKQUj,Linette M.,Williams V.,2,2,ou,15.50,under,ft,5.77,1
llcSKQUj,Linette M.,Williams V.,2,2,ou,16.50,over,ft,1.193,3
llcSKQUj,Linette M.,Williams V.,2,2,ou,16.50,under,ft,3.927,3
llcSKQUj,Linette M.,Williams V.,2,2,ou,17.50,over,ft,1.353,3
llcSKQUj,Linette M.,Williams V.,2,2,ou,17.50,under,ft,2.843,3
llcSKQUj,Linette M.,Williams V.,2,2,ou,18.50,over,ft,1.557,7
llcSKQUj,Linette M.,Williams V.,2,2,ou,18.50,under,ft,2.294,7
llcSKQUj,Linette M.,Williams V.,2,2,ou,19.00,over,ft,1.736,5
llcSKQUj,Linette M.,Williams V.,2,2,ou,19.00,under,ft,2.034,5
llcSKQUj,Linette M.,Williams V.,2,2,ou,19.50,over,ft,1.799,7
llcSKQUj,Linette M.,Williams V.,2,2,ou,19.50,under,ft,1.936,7
llcSKQUj,Linette M.,Williams V.,2,2,ou,20.00,over,ft,2.038,5
llcSKQUj,Linette M.,Williams V.,2,2,ou,20.00,under,ft,1.732,5
llcSKQUj,Linette M.,Williams V.,2,2,ou,20.50,over,ft,2.06,7
llcSKQUj,Linette M.,Williams V.,2,2,ou,20.50,under,ft,1.689,7
llcSKQUj,Linette M.,Williams V.,2,2,ou,21.00,over,ft,2.23,3
llcSKQUj,Linette M.,Williams V.,2,2,ou,21.00,under,ft,1.617,3
llcSKQUj,Linette M.,Williams V.,2,2,ou,21.50,over,ft,2.282,4
llcSKQUj,Linette M.,Williams V.,2,2,ou,21.50,under,ft,1.538,4
llcSKQUj,Linette M.,Williams V.,2,2,ou,22.50,over,ft,2.64,3
llcSKQUj,Linette M.,Williams V.,2,2,ou,22.50,under,ft,1.407,3
llcSKQUj,Linette M.,Williams V.,2,2,ou,23.50,over,ft,2.91,3
llcSKQUj,Linette M.,Williams V.,2,2,ou,23.50,under,ft,1.34,3
llcSKQUj,Linette M.,Williams V.,2,2,ou,24.50,over,ft,3.1,3
llcSKQUj,Linette M.,Williams V.,2,2,ou,24.50,under,ft,1.303,3
llcSKQUj,Linette M.,Williams V.,2,2,ou,25.50,over,ft,3.223,3
llcSKQUj,Linette M.,Williams V.,2,2,ou,25.50,under,ft,1.283,3
llcSKQUj,Linette M.,Williams V.,2,2,ou,26.50,over,ft,3.39,1
llcSKQUj,Linette M.,Williams V.,2,2,ou,26.50,under,ft,1.25,1
llcSKQUj,Linette M.,Williams V.,2,2,ou,27.50,over,ft,3.83,1
llcSKQUj,Linette M.,Williams V.,2,2,ou,27.50,under,ft,1.2,1
llcSKQUj,Linette M.,Williams V.,2,2,ou,28.50,over,ft,4.4,1
llcSKQUj,Linette M.,Williams V.,2,2,ou,28.50,under,ft,1.16,1
llcSKQUj,Linette M.,Williams V.,2,2,ou,29.50,over,ft,5.18,1
llcSKQUj,Linette M.,Williams V.,2,2,ou,29.50,under,ft,1.11,1
llcSKQUj,Linette M.,Williams V.,2,2,hc,1.50,home,ft,1.093,3
llcSKQUj,Linette M.,Williams V.,2,2,hc,1.50,away,ft,6.797,3
llcSKQUj,Linette M.,Williams V.,2,2,hc,-1.50,home,ft,1.584,5
llcSKQUj,Linette M.,Williams V.,2,2,hc,-1.50,away,ft,2.28,5
llcSKQUj,Linette M.,Williams V.,2,2,hc,-2.00,home,ft,1.33,2
llcSKQUj,Linette M.,Williams V.,2,2,hc,-2.00,away,ft,2.95,2
llcSKQUj,Linette M.,Williams V.,2,2,hc,-2.50,home,ft,1.31,2
llcSKQUj,Linette M.,Williams V.,2,2,hc,-2.50,away,ft,3.03,2
llcSKQUj,Linette M.,Williams V.,2,2,hc,-3.00,home,ft,1.26,2
llcSKQUj,Linette M.,Williams V.,2,2,hc,-3.00,away,ft,3.33,2
llcSKQUj,Linette M.,Williams V.,2,2,hc,-3.50,home,ft,1.413,4
llcSKQUj,Linette M.,Williams V.,2,2,hc,-3.50,away,ft,2.715,4
llcSKQUj,Linette M.,Williams V.,2,2,hc,-4.00,home,ft,1.44,3
llcSKQUj,Linette M.,Williams V.,2,2,hc,-4.00,away,ft,2.64,3
llcSKQUj,Linette M.,Williams V.,2,2,hc,-4.50,home,ft,1.607,4
llcSKQUj,Linette M.,Williams V.,2,2,hc,-4.50,away,ft,2.21,4
llcSKQUj,Linette M.,Williams V.,2,2,hc,-5.00,home,ft,1.72,3
llcSKQUj,Linette M.,Williams V.,2,2,hc,-5.00,away,ft,2.037,3
llcSKQUj,Linette M.,Williams V.,2,2,hc,-5.50,home,ft,1.97,5
llcSKQUj,Linette M.,Williams V.,2,2,hc,-5.50,away,ft,1.766,5
llcSKQUj,Linette M.,Williams V.,2,2,hc,-6.00,home,ft,2.31,3
llcSKQUj,Linette M.,Williams V.,2,2,hc,-6.00,away,ft,1.57,3
llcSKQUj,Linette M.,Williams V.,2,2,hc,-6.50,home,ft,2.643,3
llcSKQUj,Linette M.,Williams V.,2,2,hc,-6.50,away,ft,1.447,3
llcSKQUj,Linette M.,Williams V.,2,2,hc,-7.00,home,ft,3.21,2
llcSKQUj,Linette M.,Williams V.,2,2,hc,-7.00,away,ft,1.28,2
llcSKQUj,Linette M.,Williams V.,2,2,hc,-7.50,home,ft,3.66,2
llcSKQUj,Linette M.,Williams V.,2,2,hc,-7.50,away,ft,1.22,2
lQEuUU74,Kartal S.,Tjen J.,2,2,ou,2.50,over,ft,2.5,2
lQEuUU74,Kartal S.,Tjen J.,2,2,ou,2.50,under,ft,1.515,2
lQEuUU74,Kartal S.,Tjen J.,2,2,ou,16.50,over,ft,1.09,1
lQEuUU74,Kartal S.,Tjen J.,2,2,ou,16.50,under,ft,5.87,1
lQEuUU74,Kartal S.,Tjen J.,2,2,ou,17.50,over,ft,1.17,1
lQEuUU74,Kartal S.,Tjen J.,2,2,ou,17.50,under,ft,4.23,1
lQEuUU74,Kartal S.,Tjen J.,2,2,ou,18.50,over,ft,1.308,4
lQEuUU74,Kartal S.,Tjen J.,2,2,ou,18.50,under,ft,3.16,4
lQEuUU74,Kartal S.,Tjen J.,2,2,ou,19.50,over,ft,1.467,3
lQEuUU74,Kartal S.,Tjen J.,2,2,ou,19.50,under,ft,2.447,3
lQEuUU74,Kartal S.,Tjen J.,2,2,ou,20.00,over,ft,1.51,1
lQEuUU74,Kartal S.,Tjen J.,2,2,ou,20.00,under,ft,2.26,1
lQEuUU74,Kartal S.,Tjen J.,2,2,ou,20.50,over,ft,1.669,7
lQEuUU74,Kartal S.,Tjen J.,2,2,ou,20.50,under,ft,2.087,7
lQEuUU74,Kartal S.,Tjen J.,2,2,ou,21.00,over,ft,1.756,5
lQEuUU74,Kartal S.,Tjen J.,2,2,ou,21.00,under,ft,2.002,5
lQEuUU74,Kartal S.,Tjen J.,2,2,ou,21.50,over,ft,1.867,7
lQEuUU74,Kartal S.,Tjen J.,2,2,ou,21.50,under,ft,1.863,7
lQEuUU74,Kartal S.,Tjen J.,2,2,ou,22.00,over,ft,1.99,5
lQEuUU74,Kartal S.,Tjen J.,2,2,ou,22.00,under,ft,1.764,5
lQEuUU74,Kartal S.,Tjen J.,2,2,ou,22.50,over,ft,2.13,7
lQEuUU74,Kartal S.,Tjen J.,2,2,ou,22.50,under,ft,1.641,7
lQEuUU74,Kartal S.,Tjen J.,2,2,ou,23.00,over,ft,2.135,2
lQEuUU74,Kartal S.,Tjen J.,2,2,ou,23.00,under,ft,1.595,2
lQEuUU74,Kartal S.,Tjen J.,2,2,ou,23.50,over,ft,2.333,3
lQEuUU74,Kartal S.,Tjen J.,2,2,ou,23.50,under,ft,1.513,3
lQEuUU74,Kartal S.,Tjen J.,2,2,ou,24.50,over,ft,2.5,4
lQEuUU74,Kartal S.,Tjen J.,2,2,ou,24.50,under,ft,1.468,4
lQEuUU74,Kartal S.,Tjen J.,2,2,ou,25.50,over,ft,2.767,3
lQEuUU74,Kartal S.,Tjen J.,2,2,ou,25.50,under,ft,1.373,3
lQEuUU74,Kartal S.,Tjen J.,2,2,ou,26.50,over,ft,3.187,3
lQEuUU74,Kartal S.,Tjen J.,2,2,ou,26.50,under,ft,1.29,3
lQEuUU74,Kartal S.,Tjen J.,2,2,ou,27.50,over,ft,3.11,3
lQEuUU74,Kartal S.,Tjen J.,2,2,ou,27.50,under,ft,1.3,3
lQEuUU74,Kartal S.,Tjen J.,2,2,ou,28.50,over,ft,3.48,1
lQEuUU74,Kartal S.,Tjen J.,2,2,ou,28.50,under,ft,1.24,1
lQEuUU74,Kartal S.,Tjen J.,2,2,ou,29.50,over,ft,4.16,1
lQEuUU74,Kartal S.,Tjen J.,2,2,ou,29.50,under,ft,1.17,1
lQEuUU74,Kartal S.,Tjen J.,2,2,ou,30.50,over,ft,5.07,1
lQEuUU74,Kartal S.,Tjen J.,2,2,ou,30.50,under,ft,1.12,1
lQEuUU74,Kartal S.,Tjen J.,2,2,hc,1.50,home,ft,1.462,5
lQEuUU74,Kartal S.,Tjen J.,2,2,hc,1.50,away,ft,2.58,5
lQEuUU74,Kartal S.,Tjen J.,2,2,hc,-1.50,home,ft,3.242,4
lQEuUU74,Kartal S.,Tjen J.,2,2,hc,-1.50,away,ft,1.323,4
lQEuUU74,Kartal S.,Tjen J.,2,2,hc,0,home,ft,2.09,3
lQEuUU74,Kartal S.,Tjen J.,2,2,hc,0,away,ft,1.68,3
lQEuUU74,Kartal S.,Tjen J.,2,2,hc,0.50,home,ft,1.972,5
lQEuUU74,Kartal S.,Tjen J.,2,2,hc,0.50,away,ft,1.76,5
lQEuUU74,Kartal S.,Tjen J.,2,2,hc,-0.50,home,ft,2.065,4
lQEuUU74,Kartal S.,Tjen J.,2,2,hc,-0.50,away,ft,1.705,4
lQEuUU74,Kartal S.,Tjen J.,2,2,hc,1.00,home,ft,1.977,3
lQEuUU74,Kartal S.,Tjen J.,2,2,hc,1.00,away,ft,1.76,3
lQEuUU74,Kartal S.,Tjen J.,2,2,hc,-1.00,home,ft,2.163,3
lQEuUU74,Kartal S.,Tjen J.,2,2,hc,-1.00,away,ft,1.64,3
lQEuUU74,Kartal S.,Tjen J.,2,2,hc,1.50,home,ft,1.897,4
lQEuUU74,Kartal S.,Tjen J.,2,2,hc,1.50,away,ft,1.81,4
lQEuUU74,Kartal S.,Tjen J.,2,2,hc,-1.50,home,ft,2.207,3
lQEuUU74,Kartal S.,Tjen J.,2,2,hc,-1.50,away,ft,1.6,3
lQEuUU74,Kartal S.,Tjen J.,2,2,hc,2.00,home,ft,1.82,3
lQEuUU74,Kartal S.,Tjen J.,2,2,hc,2.00,away,ft,1.903,3
lQEuUU74,Kartal S.,Tjen J.,2,2,hc,-2.00,home,ft,2.097,3
lQEuUU74,Kartal S.,Tjen J.,2,2,hc,-2.00,away,ft,1.663,3
lQEuUU74,Kartal S.,Tjen J.,2,2,hc,2.50,home,ft,1.732,5
lQEuUU74,Kartal S.,Tjen J.,2,2,hc,2.50,away,ft,2.004,5
lQEuUU74,Kartal S.,Tjen J.,2,2,hc,-2.50,home,ft,2.16,3
lQEuUU74,Kartal S.,Tjen J.,2,2,hc,-2.50,away,ft,1.633,3
lQEuUU74,Kartal S.,Tjen J.,2,2,hc,3.00,home,ft,1.64,2
lQEuUU74,Kartal S.,Tjen J.,2,2,hc,3.00,away,ft,2.07,2
lQEuUU74,Kartal S.,Tjen J.,2,2,hc,-3.00,home,ft,2.18,2
lQEuUU74,Kartal S.,Tjen J.,2,2,hc,-3.00,away,ft,1.58,2
lQEuUU74,Kartal S.,Tjen J.,2,2,hc,3.50,home,ft,1.567,3
lQEuUU74,Kartal S.,Tjen J.,2,2,hc,3.50,away,ft,2.253,3
lQEuUU74,Kartal S.,Tjen J.,2,2,hc,-3.50,home,ft,2.95,1
lQEuUU74,Kartal S.,Tjen J.,2,2,hc,-3.50,away,ft,1.4,1
lQEuUU74,Kartal S.,Tjen J.,2,2,hc,4.00,home,ft,1.42,2
lQEuUU74,Kartal S.,Tjen J.,2,2,hc,4.00,away,ft,2.59,2
lQEuUU74,Kartal S.,Tjen J.,2,2,hc,5.50,home,ft,1.2,1
lQEuUU74,Kartal S.,Tjen J.,2,2,hc,5.50,away,ft,4.45,1
2iN1ZPqp,Barry M.,Seidel E.,0,0,ou,2.50,over,ft,7.507,3
2iN1ZPqp,Barry M.,Seidel E.,0,0,ou,2.50,under,ft,1.08,3
2iN1ZPqp,Barry M.,Seidel E.,0,0,ou,12.50,under,ft,8.53,1
2iN1ZPqp,Barry M.,Seidel E.,0,0,ou,13.50,over,ft,1.067,3
2iN1ZPqp,Barry M.,Seidel E.,0,0,ou,13.50,under,ft,6.34,3
2iN1ZPqp,Barry M.,Seidel E.,0,0,ou,14.50,over,ft,1.21,5
2iN1ZPqp,Barry M.,Seidel E.,0,0,ou,14.50,under,ft,3.9,5
2iN1ZPqp,Barry M.,Seidel E.,0,0,ou,15.50,over,ft,1.518,5
2iN1ZPqp,Barry M.,Seidel E.,0,0,ou,15.50,under,ft,2.39,5
2iN1ZPqp,Barry M.,Seidel E.,0,0,ou,16.00,over,ft,1.646,5
2iN1ZPqp,Barry M.,Seidel E.,0,0,ou,16.00,under,ft,2.14,5
2iN1ZPqp,Barry M.,Seidel E.,0,0,ou,16.50,over,ft,1.939,7
2iN1ZPqp,Barry M.,Seidel E.,0,0,ou,16.50,under,ft,1.784,7
2iN1ZPqp,Barry M.,Seidel E.,0,0,ou,17.00,over,ft,2.208,5
2iN1ZPqp,Barry M.,Seidel E.,0,0,ou,17.00,under,ft,1.608,5
2iN1ZPqp,Barry M.,Seidel E.,0,0,ou,17.50,over,ft,2.648,5
2iN1ZPqp,Barry M.,Seidel E.,0,0,ou,17.50,under,ft,1.432,5
2iN1ZPqp,Barry M.,Seidel E.,0,0,ou,18.00,over,ft,2.68,2
2iN1ZPqp,Barry M.,Seidel E.,0,0,ou,18.00,under,ft,1.4,2
2iN1ZPqp,Barry M.,Seidel E.,0,0,ou,18.50,over,ft,3.354,5
2iN1ZPqp,Barry M.,Seidel E.,0,0,ou,18.50,under,ft,1.276,5
2iN1ZPqp,Barry M.,Seidel E.,0,0,ou,19.50,over,ft,4.277,3
2iN1ZPqp,Barry M.,Seidel E.,0,0,ou,19.50,under,ft,1.167,3
2iN1ZPqp,Barry M.,Seidel E.,0,0,ou,20.50,over,ft,5.056,5
2iN1ZPqp,Barry M.,Seidel E.,0,0,ou,20.50,under,ft,1.128,5
2iN1ZPqp,Barry M.,Seidel E.,0,0,ou,21.50,over,ft,5.657,3
2iN1ZPqp,Barry M.,Seidel E.,0,0,ou,21.50,under,ft,1.09,3
2iN1ZPqp,Barry M.,Seidel E.,0,0,ou,22.50,over,ft,5.11,1
2iN1ZPqp,Barry M.,Seidel E.,0,0,ou,22.50,under,ft,1.04,1
2iN1ZPqp,Barry M.,Seidel E.,0,0,ou,27.50,over,ft,7.75,1
2iN1ZPqp,Barry M.,Seidel E.,0,0,ou,27.50,under,ft,1.04,1
2iN1ZPqp,Barry M.,Seidel E.,0,0,hc,1.50,home,ft,5.814,5
2iN1ZPqp,Barry M.,Seidel E.,0,0,hc,1.50,away,ft,1.116,5
2iN1ZPqp,Barry M.,Seidel E.,0,0,hc,-1.50,home,ft,10.74,1
2iN1ZPqp,Barry M.,Seidel E.,0,0,hc,5.50,home,ft,4.6,3
2iN1ZPqp,Barry M.,Seidel E.,0,0,hc,5.50,away,ft,1.16,3
2iN1ZPqp,Barry M.,Seidel E.,0,0,hc,6.00,home,ft,4.19,2
2iN1ZPqp,Barry M.,Seidel E.,0,0,hc,6.00,away,ft,1.17,2
2iN1ZPqp,Barry M.,Seidel E.,0,0,hc,6.50,home,ft,2.973,3
2iN1ZPqp,Barry M.,Seidel E.,0,0,hc,6.50,away,ft,1.357,3
2iN1ZPqp,Barry M.,Seidel E.,0,0,hc,7.00,home,ft,2.6,3
2iN1ZPqp,Barry M.,Seidel E.,0,0,hc,7.00,away,ft,1.45,3
2iN1ZPqp,Barry M.,Seidel E.,0,0,hc,7.50,home,ft,2.027,4
2iN1ZPqp,Barry M.,Seidel E.,0,0,hc,7.50,away,ft,1.71,4
2iN1ZPqp,Barry M.,Seidel E.,0,0,hc,8.00,home,ft,1.727,3
2iN1ZPqp,Barry M.,Seidel E.,0,0,hc,8.00,away,ft,2.02,3
2iN1ZPqp,Barry M.,Seidel E.,0,0,hc,8.50,home,ft,1.517,3
2iN1ZPqp,Barry M.,Seidel E.,0,0,hc,8.50,away,ft,2.403,3
2iN1ZPqp,Barry M.,Seidel E.,0,0,hc,9.00,home,ft,1.273,3
2iN1ZPqp,Barry M.,Seidel E.,0,0,hc,9.00,away,ft,3.48,3
2iN1ZPqp,Barry M.,Seidel E.,0,0,hc,9.50,home,ft,1.203,3
2iN1ZPqp,Barry M.,Seidel E.,0,0,hc,9.50,away,ft,4.04,3
2iN1ZPqp,Barry M.,Seidel E.,0,0,hc,10.00,home,ft,1.09,2
2iN1ZPqp,Barry M.,Seidel E.,0,0,hc,10.00,away,ft,5.77,2
pt0edVJU,Boulter K.,Starodubtseva Y.,2,2,ou,2.50,over,ft,2.397,3
pt0edVJU,Boulter K.,Starodubtseva Y.,2,2,ou,2.50,under,ft,1.55,3
pt0edVJU,Boulter K.,Starodubtseva Y.,2,2,ou,16.50,over,ft,1.09,1
pt0edVJU,Boulter K.,Starodubtseva Y.,2,2,ou,16.50,under,ft,5.67,1
pt0edVJU,Boulter K.,Starodubtseva Y.,2,2,ou,17.50,over,ft,1.19,1
pt0edVJU,Boulter K.,Starodubtseva Y.,2,2,ou,17.50,under,ft,3.98,1
pt0edVJU,Boulter K.,Starodubtseva Y.,2,2,ou,18.50,over,ft,1.324,5
pt0edVJU,Boulter K.,Starodubtseva Y.,2,2,ou,18.50,under,ft,3.07,5
pt0edVJU,Boulter K.,Starodubtseva Y.,2,2,ou,19.50,over,ft,1.463,3
pt0edVJU,Boulter K.,Starodubtseva Y.,2,2,ou,19.50,under,ft,2.463,3
pt0edVJU,Boulter K.,Starodubtseva Y.,2,2,ou,20.00,over,ft,1.595,2
pt0edVJU,Boulter K.,Starodubtseva Y.,2,2,ou,20.00,under,ft,2.235,2
pt0edVJU,Boulter K.,Starodubtseva Y.,2,2,ou,20.50,over,ft,1.664,7
pt0edVJU,Boulter K.,Starodubtseva Y.,2,2,ou,20.50,under,ft,2.1,7
pt0edVJU,Boulter K.,Starodubtseva Y.,2,2,ou,21.00,over,ft,1.784,5
pt0edVJU,Boulter K.,Starodubtseva Y.,2,2,ou,21.00,under,ft,1.97,5
pt0edVJU,Boulter K.,Starodubtseva Y.,2,2,ou,21.50,over,ft,1.861,7
pt0edVJU,Boulter K.,Starodubtseva Y.,2,2,ou,21.50,under,ft,1.869,7
pt0edVJU,Boulter K.,Starodubtseva Y.,2,2,ou,22.00,over,ft,1.996,5
pt0edVJU,Boulter K.,Starodubtseva Y.,2,2,ou,22.00,under,ft,1.762,5
pt0edVJU,Boulter K.,Starodubtseva Y.,2,2,ou,22.50,over,ft,2.109,7
pt0edVJU,Boulter K.,Starodubtseva Y.,2,2,ou,22.50,under,ft,1.659,7
pt0edVJU,Boulter K.,Starodubtseva Y.,2,2,ou,23.00,over,ft,2.18,1
pt0edVJU,Boulter K.,Starodubtseva Y.,2,2,ou,23.00,under,ft,1.56,1
pt0edVJU,Boulter K.,Starodubtseva Y.,2,2,ou,23.50,over,ft,2.317,3
pt0edVJU,Boulter K.,Starodubtseva Y.,2,2,ou,23.50,under,ft,1.517,3
pt0edVJU,Boulter K.,Starodubtseva Y.,2,2,ou,24.00,over,ft,2.32,1
pt0edVJU,Boulter K.,Starodubtseva Y.,2,2,ou,24.00,under,ft,1.48,1
pt0edVJU,Boulter K.,Starodubtseva Y.,2,2,ou,24.50,over,ft,2.452,5
pt0edVJU,Boulter K.,Starodubtseva Y.,2,2,ou,24.50,under,ft,1.484,5
pt0edVJU,Boulter K.,Starodubtseva Y.,2,2,ou,25.50,over,ft,2.72,3
pt0edVJU,Boulter K.,Starodubtseva Y.,2,2,ou,25.50,under,ft,1.383,3
pt0edVJU,Boulter K.,Starodubtseva Y.,2,2,ou,26.50,over,ft,3.105,4
pt0edVJU,Boulter K.,Starodubtseva Y.,2,2,ou,26.50,under,ft,1.318,4
pt0edVJU,Boulter K.,Starodubtseva Y.,2,2,ou,27.50,over,ft,3.14,1
pt0edVJU,Boulter K.,Starodubtseva Y.,2,2,ou,27.50,under,ft,1.29,1
pt0edVJU,Boulter K.,Starodubtseva Y.,2,2,ou,28.50,over,ft,3.54,1
pt0edVJU,Boulter K.,Starodubtseva Y.,2,2,ou,28.50,under,ft,1.23,1
pt0edVJU,Boulter K.,Starodubtseva Y.,2,2,ou,29.50,over,ft,4.22,1
pt0edVJU,Boulter K.,Starodubtseva Y.,2,2,ou,29.50,under,ft,1.17,1
pt0edVJU,Boulter K.,Starodubtseva Y.,2,2,ou,30.50,over,ft,5.18,1
pt0edVJU,Boulter K.,Starodubtseva Y.,2,2,ou,30.50,under,ft,1.11,1
pt0edVJU,Boulter K.,Starodubtseva Y.,2,2,hc,1.50,home,ft,1.354,5
pt0edVJU,Boulter K.,Starodubtseva Y.,2,2,hc,1.50,away,ft,3.028,5
pt0edVJU,Boulter K.,Starodubtseva Y.,2,2,hc,-1.50,home,ft,2.714,5
pt0edVJU,Boulter K.,Starodubtseva Y.,2,2,hc,-1.50,away,ft,1.426,5
pt0edVJU,Boulter K.,Starodubtseva Y.,2,2,hc,0,home,ft,1.753,3
pt0edVJU,Boulter K.,Starodubtseva Y.,2,2,hc,0,away,ft,1.987,3
pt0edVJU,Boulter K.,Starodubtseva Y.,2,2,hc,0.50,home,ft,1.774,5
pt0edVJU,Boulter K.,Starodubtseva Y.,2,2,hc,0.50,away,ft,1.956,5
pt0edVJU,Boulter K.,Starodubtseva Y.,2,2,hc,-0.50,home,ft,1.788,5
pt0edVJU,Boulter K.,Starodubtseva Y.,2,2,hc,-0.50,away,ft,1.932,5
pt0edVJU,Boulter K.,Starodubtseva Y.,2,2,hc,1.00,home,ft,1.7,3
pt0edVJU,Boulter K.,Starodubtseva Y.,2,2,hc,1.00,away,ft,2.047,3
pt0edVJU,Boulter K.,Starodubtseva Y.,2,2,hc,-1.00,home,ft,1.87,3
pt0edVJU,Boulter K.,Starodubtseva Y.,2,2,hc,-1.00,away,ft,1.857,3
pt0edVJU,Boulter K.,Starodubtseva Y.,2,2,hc,1.50,home,ft,1.637,3
pt0edVJU,Boulter K.,Starodubtseva Y.,2,2,hc,1.50,away,ft,2.137,3
pt0edVJU,Boulter K.,Starodubtseva Y.,2,2,hc,-1.50,home,ft,1.912,4
pt0edVJU,Boulter K.,Starodubtseva Y.,2,2,hc,-1.50,away,ft,1.808,4
pt0edVJU,Boulter K.,Starodubtseva Y.,2,2,hc,2.00,home,ft,1.623,3
pt0edVJU,Boulter K.,Starodubtseva Y.,2,2,hc,2.00,away,ft,2.18,3
pt0edVJU,Boulter K.,Starodubtseva Y.,2,2,hc,-2.00,home,ft,2.003,3
pt0edVJU,Boulter K.,Starodubtseva Y.,2,2,hc,-2.00,away,ft,1.737,3
pt0edVJU,Boulter K.,Starodubtseva Y.,2,2,hc,2.50,home,ft,1.547,3
pt0edVJU,Boulter K.,Starodubtseva Y.,2,2,hc,2.50,away,ft,2.273,3
pt0edVJU,Boulter K.,Starodubtseva Y.,2,2,hc,-2.50,home,ft,2.133,4
pt0edVJU,Boulter K.,Starodubtseva Y.,2,2,hc,-2.50,away,ft,1.652,4
pt0edVJU,Boulter K.,Starodubtseva Y.,2,2,hc,3.00,home,ft,1.48,2
pt0edVJU,Boulter K.,Starodubtseva Y.,2,2,hc,3.00,away,ft,2.41,2
pt0edVJU,Boulter K.,Starodubtseva Y.,2,2,hc,-3.00,home,ft,2.183,3
pt0edVJU,Boulter K.,Starodubtseva Y.,2,2,hc,-3.00,away,ft,1.617,3
pt0edVJU,Boulter K.,Starodubtseva Y.,2,2,hc,3.50,home,ft,1.46,3
pt0edVJU,Boulter K.,Starodubtseva Y.,2,2,hc,3.50,away,ft,2.55,3
pt0edVJU,Boulter K.,Starodubtseva Y.,2,2,hc,-3.50,home,ft,2.353,3
pt0edVJU,Boulter K.,Starodubtseva Y.,2,2,hc,-3.50,away,ft,1.53,3
pt0edVJU,Boulter K.,Starodubtseva Y.,2,2,hc,-4.00,home,ft,2.49,2
pt0edVJU,Boulter K.,Starodubtseva Y.,2,2,hc,-4.00,away,ft,1.45,2
pt0edVJU,Boulter K.,Starodubtseva Y.,2,2,hc,-5.50,home,ft,4.05,1
pt0edVJU,Boulter K.,Starodubtseva Y.,2,2,hc,-5.50,away,ft,1.24,1
QVi5goyG,Osorio C.,Marcinko P.,1,1,ou,2.50,over,ft,2.477,3
QVi5goyG,Osorio C.,Marcinko P.,1,1,ou,2.50,under,ft,1.523,3
QVi5goyG,Osorio C.,Marcinko P.,1,1,ou,16.50,over,ft,1.13,1
QVi5goyG,Osorio C.,Marcinko P.,1,1,ou,16.50,under,ft,4.84,1
QVi5goyG,Osorio C.,Marcinko P.,1,1,ou,17.50,over,ft,1.23,1
QVi5goyG,Osorio C.,Marcinko P.,1,1,ou,17.50,under,ft,3.66,1
QVi5goyG,Osorio C.,Marcinko P.,1,1,ou,18.50,over,ft,1.354,5
QVi5goyG,Osorio C.,Marcinko P.,1,1,ou,18.50,under,ft,2.93,5
QVi5goyG,Osorio C.,Marcinko P.,1,1,ou,19.50,over,ft,1.507,3
QVi5goyG,Osorio C.,Marcinko P.,1,1,ou,19.50,under,ft,2.343,3
QVi5goyG,Osorio C.,Marcinko P.,1,1,ou,20.00,over,ft,1.652,5
QVi5goyG,Osorio C.,Marcinko P.,1,1,ou,20.00,under,ft,2.138,5
QVi5goyG,Osorio C.,Marcinko P.,1,1,ou,20.50,over,ft,1.72,7
QVi5goyG,Osorio C.,Marcinko P.,1,1,ou,20.50,under,ft,2.013,7
QVi5goyG,Osorio C.,Marcinko P.,1,1,ou,21.00,over,ft,1.83,5
QVi5goyG,Osorio C.,Marcinko P.,1,1,ou,21.00,under,ft,1.916,5
QVi5goyG,Osorio C.,Marcinko P.,1,1,ou,21.50,over,ft,1.911,7
QVi5goyG,Osorio C.,Marcinko P.,1,1,ou,21.50,under,ft,1.816,7
QVi5goyG,Osorio C.,Marcinko P.,1,1,ou,22.00,over,ft,2.064,5
QVi5goyG,Osorio C.,Marcinko P.,1,1,ou,22.00,under,ft,1.708,5
QVi5goyG,Osorio C.,Marcinko P.,1,1,ou,22.50,over,ft,2.18,7
QVi5goyG,Osorio C.,Marcinko P.,1,1,ou,22.50,under,ft,1.604,7
QVi5goyG,Osorio C.,Marcinko P.,1,1,ou,23.00,over,ft,2.24,1
QVi5goyG,Osorio C.,Marcinko P.,1,1,ou,23.00,under,ft,1.53,1
QVi5goyG,Osorio C.,Marcinko P.,1,1,ou,23.50,over,ft,2.477,3
QVi5goyG,Osorio C.,Marcinko P.,1,1,ou,23.50,under,ft,1.457,3
QVi5goyG,Osorio C.,Marcinko P.,1,1,ou,24.50,over,ft,2.618,5
QVi5goyG,Osorio C.,Marcinko P.,1,1,ou,24.50,under,ft,1.434,5
QVi5goyG,Osorio C.,Marcinko P.,1,1,ou,25.50,over,ft,3.03,3
QVi5goyG,Osorio C.,Marcinko P.,1,1,ou,25.50,under,ft,1.313,3
QVi5goyG,Osorio C.,Marcinko P.,1,1,ou,26.50,over,ft,3.57,3
QVi5goyG,Osorio C.,Marcinko P.,1,1,ou,26.50,under,ft,1.233,3
QVi5goyG,Osorio C.,Marcinko P.,1,1,ou,27.50,over,ft,3.54,1
QVi5goyG,Osorio C.,Marcinko P.,1,1,ou,27.50,under,ft,1.23,1
QVi5goyG,Osorio C.,Marcinko P.,1,1,ou,28.50,over,ft,4.11,1
QVi5goyG,Osorio C.,Marcinko P.,1,1,ou,28.50,under,ft,1.18,1
QVi5goyG,Osorio C.,Marcinko P.,1,1,ou,29.50,over,ft,4.89,1
QVi5goyG,Osorio C.,Marcinko P.,1,1,ou,29.50,under,ft,1.13,1
QVi5goyG,Osorio C.,Marcinko P.,1,1,ou,30.50,over,ft,5.95,1
QVi5goyG,Osorio C.,Marcinko P.,1,1,ou,30.50,under,ft,1.08,1
QVi5goyG,Osorio C.,Marcinko P.,1,1,hc,1.50,home,ft,1.438,5
QVi5goyG,Osorio C.,Marcinko P.,1,1,hc,1.50,away,ft,2.664,5
QVi5goyG,Osorio C.,Marcinko P.,1,1,hc,-1.50,home,ft,3.173,3
QVi5goyG,Osorio C.,Marcinko P.,1,1,hc,-1.50,away,ft,1.34,3
QVi5goyG,Osorio C.,Marcinko P.,1,1,hc,0,home,ft,1.967,3
QVi5goyG,Osorio C.,Marcinko P.,1,1,hc,0,away,ft,1.763,3
QVi5goyG,Osorio C.,Marcinko P.,1,1,hc,0.50,home,ft,1.918,5
QVi5goyG,Osorio C.,Marcinko P.,1,1,hc,0.50,away,ft,1.798,5
QVi5goyG,Osorio C.,Marcinko P.,1,1,hc,-0.50,home,ft,2.02,3
QVi5goyG,Osorio C.,Marcinko P.,1,1,hc,-0.50,away,ft,1.727,3
QVi5goyG,Osorio C.,Marcinko P.,1,1,hc,1.00,home,ft,1.863,3
QVi5goyG,Osorio C.,Marcinko P.,1,1,hc,1.00,away,ft,1.863,3
QVi5goyG,Osorio C.,Marcinko P.,1,1,hc,-1.00,home,ft,2.07,2
QVi5goyG,Osorio C.,Marcinko P.,1,1,hc,-1.00,away,ft,1.64,2
QVi5goyG,Osorio C.,Marcinko P.,1,1,hc,1.50,home,ft,1.823,4
QVi5goyG,Osorio C.,Marcinko P.,1,1,hc,1.50,away,ft,1.887,4
QVi5goyG,Osorio C.,Marcinko P.,1,1,hc,-1.50,home,ft,2.173,3
QVi5goyG,Osorio C.,Marcinko P.,1,1,hc,-1.50,away,ft,1.61,3
QVi5goyG,Osorio C.,Marcinko P.,1,1,hc,2.00,home,ft,1.74,3
QVi5goyG,Osorio C.,Marcinko P.,1,1,hc,2.00,away,ft,2.003,3
QVi5goyG,Osorio C.,Marcinko P.,1,1,hc,-2.00,home,ft,2.26,2
QVi5goyG,Osorio C.,Marcinko P.,1,1,hc,-2.00,away,ft,1.54,2
QVi5goyG,Osorio C.,Marcinko P.,1,1,hc,2.50,home,ft,1.663,4
QVi5goyG,Osorio C.,Marcinko P.,1,1,hc,2.50,away,ft,2.117,4
QVi5goyG,Osorio C.,Marcinko P.,1,1,hc,3.00,home,ft,1.6,3
QVi5goyG,Osorio C.,Marcinko P.,1,1,hc,3.00,away,ft,2.227,3
QVi5goyG,Osorio C.,Marcinko P.,1,1,hc,3.50,home,ft,1.527,3
QVi5goyG,Osorio C.,Marcinko P.,1,1,hc,3.50,away,ft,2.37,3
QVi5goyG,Osorio C.,Marcinko P.,1,1,hc,-3.50,home,ft,2.91,1
QVi5goyG,Osorio C.,Marcinko P.,1,1,hc,-3.50,away,ft,1.41,1
QVi5goyG,Osorio C.,Marcinko P.,1,1,hc,4.00,home,ft,1.4,2
QVi5goyG,Osorio C.,Marcinko P.,1,1,hc,4.00,away,ft,2.64,2
QVi5goyG,Osorio C.,Marcinko P.,1,1,hc,4.50,home,ft,1.39,2
QVi5goyG,Osorio C.,Marcinko P.,1,1,hc,4.50,away,ft,2.69,2
QVi5goyG,Osorio C.,Marcinko P.,1,1,hc,5.50,home,ft,1.27,1
QVi5goyG,Osorio C.,Marcinko P.,1,1,hc,5.50,away,ft,3.71,1
I56dQn7T,Stephens S.,Zarazua R.,1,1,ou,2.50,over,ft,3.025,2
I56dQn7T,Stephens S.,Zarazua R.,1,1,ou,2.50,under,ft,1.395,2
I56dQn7T,Stephens S.,Zarazua R.,1,1,ou,16.50,over,ft,1.203,3
I56dQn7T,Stephens S.,Zarazua R.,1,1,ou,16.50,under,ft,3.997,3
I56dQn7T,Stephens S.,Zarazua R.,1,1,ou,17.50,over,ft,1.35,2
I56dQn7T,Stephens S.,Zarazua R.,1,1,ou,17.50,under,ft,2.84,2
I56dQn7T,Stephens S.,Zarazua R.,1,1,ou,18.50,over,ft,1.558,5
I56dQn7T,Stephens S.,Zarazua R.,1,1,ou,18.50,under,ft,2.284,5
I56dQn7T,Stephens S.,Zarazua R.,1,1,ou,19.00,over,ft,1.722,4
I56dQn7T,Stephens S.,Zarazua R.,1,1,ou,19.00,under,ft,2.065,4
I56dQn7T,Stephens S.,Zarazua R.,1,1,ou,19.50,over,ft,1.798,6
I56dQn7T,Stephens S.,Zarazua R.,1,1,ou,19.50,under,ft,1.927,6
I56dQn7T,Stephens S.,Zarazua R.,1,1,ou,20.00,over,ft,1.995,4
I56dQn7T,Stephens S.,Zarazua R.,1,1,ou,20.00,under,ft,1.775,4
I56dQn7T,Stephens S.,Zarazua R.,1,1,ou,20.50,over,ft,2.073,6
I56dQn7T,Stephens S.,Zarazua R.,1,1,ou,20.50,under,ft,1.693,6
I56dQn7T,Stephens S.,Zarazua R.,1,1,ou,21.00,over,ft,2.195,2
I56dQn7T,Stephens S.,Zarazua R.,1,1,ou,21.00,under,ft,1.655,2
I56dQn7T,Stephens S.,Zarazua R.,1,1,ou,21.50,over,ft,2.25,3
I56dQn7T,Stephens S.,Zarazua R.,1,1,ou,21.50,under,ft,1.557,3
I56dQn7T,Stephens S.,Zarazua R.,1,1,ou,22.50,over,ft,2.69,4
I56dQn7T,Stephens S.,Zarazua R.,1,1,ou,22.50,under,ft,1.415,4
I56dQn7T,Stephens S.,Zarazua R.,1,1,ou,23.50,over,ft,3.03,2
I56dQn7T,Stephens S.,Zarazua R.,1,1,ou,23.50,under,ft,1.31,2
I56dQn7T,Stephens S.,Zarazua R.,1,1,ou,24.50,over,ft,3.17,4
I56dQn7T,Stephens S.,Zarazua R.,1,1,ou,24.50,under,ft,1.31,4
I56dQn7T,Stephens S.,Zarazua R.,1,1,ou,25.50,over,ft,3.03,2
I56dQn7T,Stephens S.,Zarazua R.,1,1,ou,25.50,under,ft,1.31,2
I56dQn7T,Stephens S.,Zarazua R.,1,1,hc,1.50,home,ft,2.114,5
I56dQn7T,Stephens S.,Zarazua R.,1,1,hc,1.50,away,ft,1.676,5
I56dQn7T,Stephens S.,Zarazua R.,1,1,hc,-1.50,home,ft,6.623,3
I56dQn7T,Stephens S.,Zarazua R.,1,1,hc,-1.50,away,ft,1.097,3
I56dQn7T,Stephens S.,Zarazua R.,1,1,hc,1.50,home,ft,3.73,1
I56dQn7T,Stephens S.,Zarazua R.,1,1,hc,1.50,away,ft,1.27,1
I56dQn7T,Stephens S.,Zarazua R.,1,1,hc,2.50,home,ft,2.81,2
I56dQn7T,Stephens S.,Zarazua R.,1,1,hc,2.50,away,ft,1.36,2
I56dQn7T,Stephens S.,Zarazua R.,1,1,hc,3.00,home,ft,2.65,2
I56dQn7T,Stephens S.,Zarazua R.,1,1,hc,3.00,away,ft,1.4,2
I56dQn7T,Stephens S.,Zarazua R.,1,1,hc,3.50,home,ft,2.587,4
I56dQn7T,Stephens S.,Zarazua R.,1,1,hc,3.50,away,ft,1.465,4
I56dQn7T,Stephens S.,Zarazua R.,1,1,hc,4.00,home,ft,2.467,3
I56dQn7T,Stephens S.,Zarazua R.,1,1,hc,4.00,away,ft,1.517,3
I56dQn7T,Stephens S.,Zarazua R.,1,1,hc,4.50,home,ft,2.152,4
I56dQn7T,Stephens S.,Zarazua R.,1,1,hc,4.50,away,ft,1.657,4
I56dQn7T,Stephens S.,Zarazua R.,1,1,hc,5.00,home,ft,1.977,3
I56dQn7T,Stephens S.,Zarazua R.,1,1,hc,5.00,away,ft,1.797,3
I56dQn7T,Stephens S.,Zarazua R.,1,1,hc,5.50,home,ft,1.724,5
I56dQn7T,Stephens S.,Zarazua R.,1,1,hc,5.50,away,ft,2.044,5
I56dQn7T,Stephens S.,Zarazua R.,1,1,hc,6.00,home,ft,1.567,3
I56dQn7T,Stephens S.,Zarazua R.,1,1,hc,6.00,away,ft,2.35,3
I56dQn7T,Stephens S.,Zarazua R.,1,1,hc,6.50,home,ft,1.447,3
I56dQn7T,Stephens S.,Zarazua R.,1,1,hc,6.50,away,ft,2.677,3
I56dQn7T,Stephens S.,Zarazua R.,1,1,hc,7.00,home,ft,1.28,2
I56dQn7T,Stephens S.,Zarazua R.,1,1,hc,7.00,away,ft,3.4,2
I56dQn7T,Stephens S.,Zarazua R.,1,1,hc,7.50,home,ft,1.23,3
I56dQn7T,Stephens S.,Zarazua R.,1,1,hc,7.50,away,ft,3.913,3
O6BAX3Ed,Jones F.,Navarro E.,2,2,ou,2.50,over,ft,3.1,1
O6BAX3Ed,Jones F.,Navarro E.,2,2,ou,2.50,under,ft,1.4,1
O6BAX3Ed,Jones F.,Navarro E.,2,2,ou,16.50,over,ft,1.197,3
O6BAX3Ed,Jones F.,Navarro E.,2,2,ou,16.50,under,ft,4.123,3
O6BAX3Ed,Jones F.,Navarro E.,2,2,ou,17.50,over,ft,1.33,2
O6BAX3Ed,Jones F.,Navarro E.,2,2,ou,17.50,under,ft,2.92,2
O6BAX3Ed,Jones F.,Navarro E.,2,2,ou,18.50,over,ft,1.567,3
O6BAX3Ed,Jones F.,Navarro E.,2,2,ou,18.50,under,ft,2.293,3
O6BAX3Ed,Jones F.,Navarro E.,2,2,ou,19.00,over,ft,1.677,4
O6BAX3Ed,Jones F.,Navarro E.,2,2,ou,19.00,under,ft,2.13,4
O6BAX3Ed,Jones F.,Navarro E.,2,2,ou,19.50,over,ft,1.778,6
O6BAX3Ed,Jones F.,Navarro E.,2,2,ou,19.50,under,ft,1.952,6
O6BAX3Ed,Jones F.,Navarro E.,2,2,ou,20.00,over,ft,1.935,4
O6BAX3Ed,Jones F.,Navarro E.,2,2,ou,20.00,under,ft,1.825,4
O6BAX3Ed,Jones F.,Navarro E.,2,2,ou,20.50,over,ft,2.053,6
O6BAX3Ed,Jones F.,Navarro E.,2,2,ou,20.50,under,ft,1.71,6
O6BAX3Ed,Jones F.,Navarro E.,2,2,ou,21.00,over,ft,2.185,2
O6BAX3Ed,Jones F.,Navarro E.,2,2,ou,21.00,under,ft,1.675,2
O6BAX3Ed,Jones F.,Navarro E.,2,2,ou,21.50,over,ft,2.255,4
O6BAX3Ed,Jones F.,Navarro E.,2,2,ou,21.50,under,ft,1.555,4
O6BAX3Ed,Jones F.,Navarro E.,2,2,ou,22.50,over,ft,2.693,3
O6BAX3Ed,Jones F.,Navarro E.,2,2,ou,22.50,under,ft,1.413,3
O6BAX3Ed,Jones F.,Navarro E.,2,2,ou,23.50,over,ft,3.03,2
O6BAX3Ed,Jones F.,Navarro E.,2,2,ou,23.50,under,ft,1.31,2
O6BAX3Ed,Jones F.,Navarro E.,2,2,ou,24.50,over,ft,3.217,3
O6BAX3Ed,Jones F.,Navarro E.,2,2,ou,24.50,under,ft,1.303,3
O6BAX3Ed,Jones F.,Navarro E.,2,2,ou,25.50,over,ft,3.13,2
O6BAX3Ed,Jones F.,Navarro E.,2,2,ou,25.50,under,ft,1.29,2
O6BAX3Ed,Jones F.,Navarro E.,2,2,hc,1.50,home,ft,2.074,5
O6BAX3Ed,Jones F.,Navarro E.,2,2,hc,1.50,away,ft,1.698,5
O6BAX3Ed,Jones F.,Navarro E.,2,2,hc,-1.50,home,ft,6.303,3
O6BAX3Ed,Jones F.,Navarro E.,2,2,hc,-1.50,away,ft,1.107,3
O6BAX3Ed,Jones F.,Navarro E.,2,2,hc,1.50,home,ft,3.65,1
O6BAX3Ed,Jones F.,Navarro E.,2,2,hc,1.50,away,ft,1.28,1
O6BAX3Ed,Jones F.,Navarro E.,2,2,hc,2.50,home,ft,2.81,2
O6BAX3Ed,Jones F.,Navarro E.,2,2,hc,2.50,away,ft,1.36,2
O6BAX3Ed,Jones F.,Navarro E.,2,2,hc,3.00,home,ft,3.03,2
O6BAX3Ed,Jones F.,Navarro E.,2,2,hc,3.00,away,ft,1.31,2
O6BAX3Ed,Jones F.,Navarro E.,2,2,hc,3.50,home,ft,2.505,4
O6BAX3Ed,Jones F.,Navarro E.,2,2,hc,3.50,away,ft,1.49,4
O6BAX3Ed,Jones F.,Navarro E.,2,2,hc,4.00,home,ft,2.383,3
O6BAX3Ed,Jones F.,Navarro E.,2,2,hc,4.00,away,ft,1.55,3
O6BAX3Ed,Jones F.,Navarro E.,2,2,hc,4.50,home,ft,2.095,4
O6BAX3Ed,Jones F.,Navarro E.,2,2,hc,4.50,away,ft,1.695,4
O6BAX3Ed,Jones F.,Navarro E.,2,2,hc,5.00,home,ft,1.913,3
O6BAX3Ed,Jones F.,Navarro E.,2,2,hc,5.00,away,ft,1.857,3
O6BAX3Ed,Jones F.,Navarro E.,2,2,hc,5.50,home,ft,1.714,5
O6BAX3Ed,Jones F.,Navarro E.,2,2,hc,5.50,away,ft,2.062,5
O6BAX3Ed,Jones F.,Navarro E.,2,2,hc,6.00,home,ft,1.54,3
O6BAX3Ed,Jones F.,Navarro E.,2,2,hc,6.00,away,ft,2.407,3
O6BAX3Ed,Jones F.,Navarro E.,2,2,hc,6.50,home,ft,1.46,3
O6BAX3Ed,Jones F.,Navarro E.,2,2,hc,6.50,away,ft,2.643,3
O6BAX3Ed,Jones F.,Navarro E.,2,2,hc,7.00,home,ft,1.26,2
O6BAX3Ed,Jones F.,Navarro E.,2,2,hc,7.00,away,ft,3.54,2
O6BAX3Ed,Jones F.,Navarro E.,2,2,hc,7.50,home,ft,1.217,3
O6BAX3Ed,Jones F.,Navarro E.,2,2,hc,7.50,away,ft,4.04,3
hn9KdaVA,Kraus S.,Grabher J.,2,2,ou,2.50,over,ft,2.59,1
hn9KdaVA,Kraus S.,Grabher J.,2,2,ou,2.50,under,ft,1.54,1
hn9KdaVA,Kraus S.,Grabher J.,2,2,ou,17.50,over,ft,1.21,2
hn9KdaVA,Kraus S.,Grabher J.,2,2,ou,17.50,under,ft,3.72,2
hn9KdaVA,Kraus S.,Grabher J.,2,2,ou,18.50,over,ft,1.367,3
hn9KdaVA,Kraus S.,Grabher J.,2,2,ou,18.50,under,ft,2.873,3
hn9KdaVA,Kraus S.,Grabher J.,2,2,ou,19.50,over,ft,1.53,2
hn9KdaVA,Kraus S.,Grabher J.,2,2,ou,19.50,under,ft,2.28,2
hn9KdaVA,Kraus S.,Grabher J.,2,2,ou,20.00,over,ft,1.67,2
hn9KdaVA,Kraus S.,Grabher J.,2,2,ou,20.00,under,ft,2.195,2
hn9KdaVA,Kraus S.,Grabher J.,2,2,ou,20.50,over,ft,1.743,6
hn9KdaVA,Kraus S.,Grabher J.,2,2,ou,20.50,under,ft,1.992,6
hn9KdaVA,Kraus S.,Grabher J.,2,2,ou,21.00,over,ft,1.873,4
hn9KdaVA,Kraus S.,Grabher J.,2,2,ou,21.00,under,ft,1.887,4
hn9KdaVA,Kraus S.,Grabher J.,2,2,ou,21.50,over,ft,1.977,6
hn9KdaVA,Kraus S.,Grabher J.,2,2,ou,21.50,under,ft,1.77,6
hn9KdaVA,Kraus S.,Grabher J.,2,2,ou,22.00,over,ft,2.105,4
hn9KdaVA,Kraus S.,Grabher J.,2,2,ou,22.00,under,ft,1.695,4
hn9KdaVA,Kraus S.,Grabher J.,2,2,ou,22.50,over,ft,2.242,6
hn9KdaVA,Kraus S.,Grabher J.,2,2,ou,22.50,under,ft,1.577,6
hn9KdaVA,Kraus S.,Grabher J.,2,2,ou,23.50,over,ft,2.59,2
hn9KdaVA,Kraus S.,Grabher J.,2,2,ou,23.50,under,ft,1.42,2
hn9KdaVA,Kraus S.,Grabher J.,2,2,ou,24.50,over,ft,2.747,3
hn9KdaVA,Kraus S.,Grabher J.,2,2,ou,24.50,under,ft,1.397,3
hn9KdaVA,Kraus S.,Grabher J.,2,2,ou,25.50,over,ft,3.13,2
hn9KdaVA,Kraus S.,Grabher J.,2,2,ou,25.50,under,ft,1.29,2
hn9KdaVA,Kraus S.,Grabher J.,2,2,ou,26.50,over,ft,3.72,2
hn9KdaVA,Kraus S.,Grabher J.,2,2,ou,26.50,under,ft,1.21,2
hn9KdaVA,Kraus S.,Grabher J.,2,2,hc,1.50,home,ft,1.272,4
hn9KdaVA,Kraus S.,Grabher J.,2,2,hc,1.50,away,ft,3.63,4
hn9KdaVA,Kraus S.,Grabher J.,2,2,hc,-1.50,home,ft,2.29,5
hn9KdaVA,Kraus S.,Grabher J.,2,2,hc,-1.50,away,ft,1.576,5
hn9KdaVA,Kraus S.,Grabher J.,2,2,hc,0,home,ft,1.48,2
hn9KdaVA,Kraus S.,Grabher J.,2,2,hc,0,away,ft,2.4,2
hn9KdaVA,Kraus S.,Grabher J.,2,2,hc,0.50,home,ft,1.698,4
hn9KdaVA,Kraus S.,Grabher J.,2,2,hc,0.50,away,ft,2.01,4
hn9KdaVA,Kraus S.,Grabher J.,2,2,hc,-0.50,home,ft,1.684,5
hn9KdaVA,Kraus S.,Grabher J.,2,2,hc,-0.50,away,ft,2.058,5
hn9KdaVA,Kraus S.,Grabher J.,2,2,hc,1.00,home,ft,1.47,2
hn9KdaVA,Kraus S.,Grabher J.,2,2,hc,1.00,away,ft,2.43,2
hn9KdaVA,Kraus S.,Grabher J.,2,2,hc,-1.00,home,ft,1.52,2
hn9KdaVA,Kraus S.,Grabher J.,2,2,hc,-1.00,away,ft,2.3,2
hn9KdaVA,Kraus S.,Grabher J.,2,2,hc,1.50,home,ft,1.483,3
hn9KdaVA,Kraus S.,Grabher J.,2,2,hc,1.50,away,ft,2.467,3
hn9KdaVA,Kraus S.,Grabher J.,2,2,hc,-1.50,home,ft,1.644,5
hn9KdaVA,Kraus S.,Grabher J.,2,2,hc,-1.50,away,ft,2.128,5
hn9KdaVA,Kraus S.,Grabher J.,2,2,hc,2.00,home,ft,1.5,2
hn9KdaVA,Kraus S.,Grabher J.,2,2,hc,2.00,away,ft,2.35,2
hn9KdaVA,Kraus S.,Grabher J.,2,2,hc,-2.00,home,ft,1.683,3
hn9KdaVA,Kraus S.,Grabher J.,2,2,hc,-2.00,away,ft,2.08,3
hn9KdaVA,Kraus S.,Grabher J.,2,2,hc,2.50,home,ft,1.53,2
hn9KdaVA,Kraus S.,Grabher J.,2,2,hc,2.50,away,ft,2.28,2
hn9KdaVA,Kraus S.,Grabher J.,2,2,hc,-2.50,home,ft,1.874,5
hn9KdaVA,Kraus S.,Grabher J.,2,2,hc,-2.50,away,ft,1.886,5
hn9KdaVA,Kraus S.,Grabher J.,2,2,hc,-3.00,home,ft,1.847,3
hn9KdaVA,Kraus S.,Grabher J.,2,2,hc,-3.00,away,ft,1.88,3
hn9KdaVA,Kraus S.,Grabher J.,2,2,hc,-3.50,home,ft,1.995,4
hn9KdaVA,Kraus S.,Grabher J.,2,2,hc,-3.50,away,ft,1.738,4
hn9KdaVA,Kraus S.,Grabher J.,2,2,hc,-4.00,home,ft,2.157,3
hn9KdaVA,Kraus S.,Grabher J.,2,2,hc,-4.00,away,ft,1.633,3
hn9KdaVA,Kraus S.,Grabher J.,2,2,hc,-4.50,home,ft,2.32,3
hn9KdaVA,Kraus S.,Grabher J.,2,2,hc,-4.50,away,ft,1.553,3
hn9KdaVA,Kraus S.,Grabher J.,2,2,hc,-5.00,home,ft,2.69,2
hn9KdaVA,Kraus S.,Grabher J.,2,2,hc,-5.00,away,ft,1.39,2
hn9KdaVA,Kraus S.,Grabher J.,2,2,hc,-5.50,home,ft,3.027,3
hn9KdaVA,Kraus S.,Grabher J.,2,2,hc,-5.50,away,ft,1.333,3
bmGBbL0b,Quevedo K.,Stearns P.,2,2,ou,2.50,over,ft,2.73,1
bmGBbL0b,Quevedo K.,Stearns P.,2,2,ou,2.50,under,ft,1.49,1
bmGBbL0b,Quevedo K.,Stearns P.,2,2,ou,16.50,over,ft,1.153,3
bmGBbL0b,Quevedo K.,Stearns P.,2,2,ou,16.50,under,ft,4.727,3
bmGBbL0b,Quevedo K.,Stearns P.,2,2,ou,17.50,over,ft,1.24,2
bmGBbL0b,Quevedo K.,Stearns P.,2,2,ou,17.50,under,ft,3.53,2
bmGBbL0b,Quevedo K.,Stearns P.,2,2,ou,18.50,over,ft,1.464,5
bmGBbL0b,Quevedo K.,Stearns P.,2,2,ou,18.50,under,ft,2.538,5
bmGBbL0b,Quevedo K.,Stearns P.,2,2,ou,19.00,over,ft,1.607,3
bmGBbL0b,Quevedo K.,Stearns P.,2,2,ou,19.00,under,ft,2.19,3
bmGBbL0b,Quevedo K.,Stearns P.,2,2,ou,19.50,over,ft,1.628,6
bmGBbL0b,Quevedo K.,Stearns P.,2,2,ou,19.50,under,ft,2.167,6
bmGBbL0b,Quevedo K.,Stearns P.,2,2,ou,20.00,over,ft,1.7,4
bmGBbL0b,Quevedo K.,Stearns P.,2,2,ou,20.00,under,ft,2.095,4
bmGBbL0b,Quevedo K.,Stearns P.,2,2,ou,20.50,over,ft,1.812,6
bmGBbL0b,Quevedo K.,Stearns P.,2,2,ou,20.50,under,ft,1.92,6
bmGBbL0b,Quevedo K.,Stearns P.,2,2,ou,21.00,over,ft,1.913,4
bmGBbL0b,Quevedo K.,Stearns P.,2,2,ou,21.00,under,ft,1.845,4
bmGBbL0b,Quevedo K.,Stearns P.,2,2,ou,21.50,over,ft,1.998,6
bmGBbL0b,Quevedo K.,Stearns P.,2,2,ou,21.50,under,ft,1.735,6
bmGBbL0b,Quevedo K.,Stearns P.,2,2,ou,22.00,over,ft,2.135,2
bmGBbL0b,Quevedo K.,Stearns P.,2,2,ou,22.00,under,ft,1.695,2
bmGBbL0b,Quevedo K.,Stearns P.,2,2,ou,22.50,over,ft,2.325,4
bmGBbL0b,Quevedo K.,Stearns P.,2,2,ou,22.50,under,ft,1.54,4
bmGBbL0b,Quevedo K.,Stearns P.,2,2,ou,23.50,over,ft,2.69,2
bmGBbL0b,Quevedo K.,Stearns P.,2,2,ou,23.50,under,ft,1.39,2
bmGBbL0b,Quevedo K.,Stearns P.,2,2,ou,24.50,over,ft,2.813,3
bmGBbL0b,Quevedo K.,Stearns P.,2,2,ou,24.50,under,ft,1.383,3
bmGBbL0b,Quevedo K.,Stearns P.,2,2,ou,25.50,over,ft,3.31,2
bmGBbL0b,Quevedo K.,Stearns P.,2,2,ou,25.50,under,ft,1.27,2
bmGBbL0b,Quevedo K.,Stearns P.,2,2,hc,1.50,home,ft,1.744,5
bmGBbL0b,Quevedo K.,Stearns P.,2,2,hc,1.50,away,ft,2.012,5
bmGBbL0b,Quevedo K.,Stearns P.,2,2,hc,-1.50,home,ft,4.733,3
bmGBbL0b,Quevedo K.,Stearns P.,2,2,hc,-1.50,away,ft,1.177,3
bmGBbL0b,Quevedo K.,Stearns P.,2,2,hc,1.50,home,ft,2.477,3
bmGBbL0b,Quevedo K.,Stearns P.,2,2,hc,1.50,away,ft,1.48,3
bmGBbL0b,Quevedo K.,Stearns P.,2,2,hc,-1.50,home,ft,3.32,1
bmGBbL0b,Quevedo K.,Stearns P.,2,2,hc,-1.50,away,ft,1.32,1
bmGBbL0b,Quevedo K.,Stearns P.,2,2,hc,2.00,home,ft,2.34,2
bmGBbL0b,Quevedo K.,Stearns P.,2,2,hc,2.00,away,ft,1.5,2
bmGBbL0b,Quevedo K.,Stearns P.,2,2,hc,2.50,home,ft,2.24,4
bmGBbL0b,Quevedo K.,Stearns P.,2,2,hc,2.50,away,ft,1.58,4
bmGBbL0b,Quevedo K.,Stearns P.,2,2,hc,3.00,home,ft,2.12,3
bmGBbL0b,Quevedo K.,Stearns P.,2,2,hc,3.00,away,ft,1.66,3
bmGBbL0b,Quevedo K.,Stearns P.,2,2,hc,3.50,home,ft,2.02,5
bmGBbL0b,Quevedo K.,Stearns P.,2,2,hc,3.50,away,ft,1.72,5
bmGBbL0b,Quevedo K.,Stearns P.,2,2,hc,4.00,home,ft,1.807,3
bmGBbL0b,Quevedo K.,Stearns P.,2,2,hc,4.00,away,ft,1.923,3
bmGBbL0b,Quevedo K.,Stearns P.,2,2,hc,4.50,home,ft,1.688,5
bmGBbL0b,Quevedo K.,Stearns P.,2,2,hc,4.50,away,ft,2.062,5
bmGBbL0b,Quevedo K.,Stearns P.,2,2,hc,5.00,home,ft,1.51,3
bmGBbL0b,Quevedo K.,Stearns P.,2,2,hc,5.00,away,ft,2.423,3
bmGBbL0b,Quevedo K.,Stearns P.,2,2,hc,5.50,home,ft,1.502,5
bmGBbL0b,Quevedo K.,Stearns P.,2,2,hc,5.50,away,ft,2.468,5
bmGBbL0b,Quevedo K.,Stearns P.,2,2,hc,6.00,home,ft,1.24,2
bmGBbL0b,Quevedo K.,Stearns P.,2,2,hc,6.00,away,ft,3.51,2
bmGBbL0b,Quevedo K.,Stearns P.,2,2,hc,6.50,home,ft,1.297,3
bmGBbL0b,Quevedo K.,Stearns P.,2,2,hc,6.50,away,ft,3.227,3
bmGBbL0b,Quevedo K.,Stearns P.,2,2,hc,7.00,home,ft,1.17,2
bmGBbL0b,Quevedo K.,Stearns P.,2,2,hc,7.00,away,ft,4.22,2
bmGBbL0b,Quevedo K.,Stearns P.,2,2,hc,7.50,home,ft,1.17,2
bmGBbL0b,Quevedo K.,Stearns P.,2,2,hc,7.50,away,ft,4.27,2
zswNt8iA,Wang Xin.,McNally C.,2,2,ou,2.50,over,ft,2.425,2
zswNt8iA,Wang Xin.,McNally C.,2,2,ou,2.50,under,ft,1.57,2
zswNt8iA,Wang Xin.,McNally C.,2,2,ou,18.50,over,ft,1.29,2
zswNt8iA,Wang Xin.,McNally C.,2,2,ou,18.50,under,ft,3.13,2
zswNt8iA,Wang Xin.,McNally C.,2,2,ou,19.50,over,ft,1.44,2
zswNt8iA,Wang Xin.,McNally C.,2,2,ou,19.50,under,ft,2.5,2
zswNt8iA,Wang Xin.,McNally C.,2,2,ou,20.50,over,ft,1.608,5
zswNt8iA,Wang Xin.,McNally C.,2,2,ou,20.50,under,ft,2.196,5
zswNt8iA,Wang Xin.,McNally C.,2,2,ou,21.00,over,ft,1.702,4
zswNt8iA,Wang Xin.,McNally C.,2,2,ou,21.00,under,ft,2.098,4
zswNt8iA,Wang Xin.,McNally C.,2,2,ou,21.50,over,ft,1.797,6
zswNt8iA,Wang Xin.,McNally C.,2,2,ou,21.50,under,ft,1.948,6
zswNt8iA,Wang Xin.,McNally C.,2,2,ou,22.00,over,ft,1.94,4
zswNt8iA,Wang Xin.,McNally C.,2,2,ou,22.00,under,ft,1.825,4
zswNt8iA,Wang Xin.,McNally C.,2,2,ou,22.50,over,ft,2.042,6
zswNt8iA,Wang Xin.,McNally C.,2,2,ou,22.50,under,ft,1.697,6
zswNt8iA,Wang Xin.,McNally C.,2,2,ou,23.00,over,ft,2.11,1
zswNt8iA,Wang Xin.,McNally C.,2,2,ou,23.00,under,ft,1.67,1
zswNt8iA,Wang Xin.,McNally C.,2,2,ou,23.50,over,ft,2.283,3
zswNt8iA,Wang Xin.,McNally C.,2,2,ou,23.50,under,ft,1.54,3
zswNt8iA,Wang Xin.,McNally C.,2,2,ou,24.50,over,ft,2.417,3
zswNt8iA,Wang Xin.,McNally C.,2,2,ou,24.50,under,ft,1.49,3
zswNt8iA,Wang Xin.,McNally C.,2,2,ou,25.50,over,ft,2.79,2
zswNt8iA,Wang Xin.,McNally C.,2,2,ou,25.50,under,ft,1.36,2
zswNt8iA,Wang Xin.,McNally C.,2,2,ou,26.50,over,ft,3.053,3
zswNt8iA,Wang Xin.,McNally C.,2,2,ou,26.50,under,ft,1.317,3
zswNt8iA,Wang Xin.,McNally C.,2,2,hc,1.50,home,ft,1.4,5
zswNt8iA,Wang Xin.,McNally C.,2,2,hc,1.50,away,ft,2.798,5
zswNt8iA,Wang Xin.,McNally C.,2,2,hc,-1.50,home,ft,2.943,3
zswNt8iA,Wang Xin.,McNally C.,2,2,hc,-1.50,away,ft,1.383,3
zswNt8iA,Wang Xin.,McNally C.,2,2,hc,0,home,ft,1.88,3
zswNt8iA,Wang Xin.,McNally C.,2,2,hc,0,away,ft,1.847,3
zswNt8iA,Wang Xin.,McNally C.,2,2,hc,0.50,home,ft,1.874,5
zswNt8iA,Wang Xin.,McNally C.,2,2,hc,0.50,away,ft,1.848,5
zswNt8iA,Wang Xin.,McNally C.,2,2,hc,-0.50,home,ft,1.943,3
zswNt8iA,Wang Xin.,McNally C.,2,2,hc,-0.50,away,ft,1.787,3
zswNt8iA,Wang Xin.,McNally C.,2,2,hc,1.00,home,ft,1.77,3
zswNt8iA,Wang Xin.,McNally C.,2,2,hc,1.00,away,ft,1.963,3
zswNt8iA,Wang Xin.,McNally C.,2,2,hc,-1.00,home,ft,2.007,3
zswNt8iA,Wang Xin.,McNally C.,2,2,hc,-1.00,away,ft,1.733,3
zswNt8iA,Wang Xin.,McNally C.,2,2,hc,1.50,home,ft,1.76,4
zswNt8iA,Wang Xin.,McNally C.,2,2,hc,1.50,away,ft,1.978,4
zswNt8iA,Wang Xin.,McNally C.,2,2,hc,-1.50,home,ft,2.02,2
zswNt8iA,Wang Xin.,McNally C.,2,2,hc,-1.50,away,ft,1.67,2
zswNt8iA,Wang Xin.,McNally C.,2,2,hc,2.00,home,ft,1.68,3
zswNt8iA,Wang Xin.,McNally C.,2,2,hc,2.00,away,ft,2.087,3
zswNt8iA,Wang Xin.,McNally C.,2,2,hc,-2.00,home,ft,2.15,2
zswNt8iA,Wang Xin.,McNally C.,2,2,hc,-2.00,away,ft,1.59,2
zswNt8iA,Wang Xin.,McNally C.,2,2,hc,2.50,home,ft,1.647,4
zswNt8iA,Wang Xin.,McNally C.,2,2,hc,2.50,away,ft,2.135,4
zswNt8iA,Wang Xin.,McNally C.,2,2,hc,-2.50,home,ft,2.18,2
zswNt8iA,Wang Xin.,McNally C.,2,2,hc,-2.50,away,ft,1.57,2
zswNt8iA,Wang Xin.,McNally C.,2,2,hc,3.00,home,ft,1.48,2
zswNt8iA,Wang Xin.,McNally C.,2,2,hc,3.00,away,ft,2.39,2
zswNt8iA,Wang Xin.,McNally C.,2,2,hc,3.50,home,ft,1.47,2
zswNt8iA,Wang Xin.,McNally C.,2,2,hc,3.50,away,ft,2.43,2
xGdmbikI,Costoulas S.,Osuigwe W.,2,2,ou,2.50,over,ft,2.615,2
xGdmbikI,Costoulas S.,Osuigwe W.,2,2,ou,2.50,under,ft,1.505,2
xGdmbikI,Costoulas S.,Osuigwe W.,2,2,ou,17.50,over,ft,1.24,2
xGdmbikI,Costoulas S.,Osuigwe W.,2,2,ou,17.50,under,ft,3.53,2
xGdmbikI,Costoulas S.,Osuigwe W.,2,2,ou,18.50,over,ft,1.39,4
xGdmbikI,Costoulas S.,Osuigwe W.,2,2,ou,18.50,under,ft,2.775,4
xGdmbikI,Costoulas S.,Osuigwe W.,2,2,ou,19.50,over,ft,1.588,4
xGdmbikI,Costoulas S.,Osuigwe W.,2,2,ou,19.50,under,ft,2.348,4
xGdmbikI,Costoulas S.,Osuigwe W.,2,2,ou,20.00,over,ft,1.68,4
xGdmbikI,Costoulas S.,Osuigwe W.,2,2,ou,20.00,under,ft,2.13,4
xGdmbikI,Costoulas S.,Osuigwe W.,2,2,ou,20.50,over,ft,1.763,6
xGdmbikI,Costoulas S.,Osuigwe W.,2,2,ou,20.50,under,ft,2.022,6
xGdmbikI,Costoulas S.,Osuigwe W.,2,2,ou,21.00,over,ft,1.895,4
xGdmbikI,Costoulas S.,Osuigwe W.,2,2,ou,21.00,under,ft,1.865,4
xGdmbikI,Costoulas S.,Osuigwe W.,2,2,ou,21.50,over,ft,1.962,6
xGdmbikI,Costoulas S.,Osuigwe W.,2,2,ou,21.50,under,ft,1.817,6
xGdmbikI,Costoulas S.,Osuigwe W.,2,2,ou,22.00,over,ft,2.087,4
xGdmbikI,Costoulas S.,Osuigwe W.,2,2,ou,22.00,under,ft,1.715,4
xGdmbikI,Costoulas S.,Osuigwe W.,2,2,ou,22.50,over,ft,2.242,6
xGdmbikI,Costoulas S.,Osuigwe W.,2,2,ou,22.50,under,ft,1.612,6
xGdmbikI,Costoulas S.,Osuigwe W.,2,2,ou,23.50,over,ft,2.42,2
xGdmbikI,Costoulas S.,Osuigwe W.,2,2,ou,23.50,under,ft,1.57,2
xGdmbikI,Costoulas S.,Osuigwe W.,2,2,ou,24.50,over,ft,2.723,4
xGdmbikI,Costoulas S.,Osuigwe W.,2,2,ou,24.50,under,ft,1.403,4
xGdmbikI,Costoulas S.,Osuigwe W.,2,2,ou,25.50,over,ft,3.22,2
xGdmbikI,Costoulas S.,Osuigwe W.,2,2,ou,25.50,under,ft,1.28,2
xGdmbikI,Costoulas S.,Osuigwe W.,2,2,ou,26.50,over,ft,4.09,2
xGdmbikI,Costoulas S.,Osuigwe W.,2,2,ou,26.50,under,ft,1.18,2
xGdmbikI,Costoulas S.,Osuigwe W.,2,2,ou,27.50,over,ft,3.13,2
xGdmbikI,Costoulas S.,Osuigwe W.,2,2,ou,27.50,under,ft,1.29,2
xGdmbikI,Costoulas S.,Osuigwe W.,2,2,hc,1.50,home,ft,1.245,4
xGdmbikI,Costoulas S.,Osuigwe W.,2,2,hc,1.50,away,ft,3.995,4
xGdmbikI,Costoulas S.,Osuigwe W.,2,2,hc,-1.50,home,ft,2.128,5
xGdmbikI,Costoulas S.,Osuigwe W.,2,2,hc,-1.50,away,ft,1.662,5
xGdmbikI,Costoulas S.,Osuigwe W.,2,2,hc,0,home,ft,1.52,2
xGdmbikI,Costoulas S.,Osuigwe W.,2,2,hc,0,away,ft,2.3,2
xGdmbikI,Costoulas S.,Osuigwe W.,2,2,hc,0.50,home,ft,1.705,4
xGdmbikI,Costoulas S.,Osuigwe W.,2,2,hc,0.50,away,ft,2.0,4
xGdmbikI,Costoulas S.,Osuigwe W.,2,2,hc,-0.50,home,ft,1.85,5
xGdmbikI,Costoulas S.,Osuigwe W.,2,2,hc,-0.50,away,ft,1.834,5
xGdmbikI,Costoulas S.,Osuigwe W.,2,2,hc,1.00,home,ft,1.57,2
xGdmbikI,Costoulas S.,Osuigwe W.,2,2,hc,1.00,away,ft,2.2,2
xGdmbikI,Costoulas S.,Osuigwe W.,2,2,hc,-1.00,home,ft,1.46,2
xGdmbikI,Costoulas S.,Osuigwe W.,2,2,hc,-1.00,away,ft,2.44,2
xGdmbikI,Costoulas S.,Osuigwe W.,2,2,hc,1.50,home,ft,1.483,3
xGdmbikI,Costoulas S.,Osuigwe W.,2,2,hc,1.50,away,ft,2.507,3
xGdmbikI,Costoulas S.,Osuigwe W.,2,2,hc,-1.50,home,ft,1.674,5
xGdmbikI,Costoulas S.,Osuigwe W.,2,2,hc,-1.50,away,ft,2.164,5
xGdmbikI,Costoulas S.,Osuigwe W.,2,2,hc,2.00,home,ft,1.48,2
xGdmbikI,Costoulas S.,Osuigwe W.,2,2,hc,2.00,away,ft,2.41,2
xGdmbikI,Costoulas S.,Osuigwe W.,2,2,hc,-2.00,home,ft,1.703,3
xGdmbikI,Costoulas S.,Osuigwe W.,2,2,hc,-2.00,away,ft,2.167,3
xGdmbikI,Costoulas S.,Osuigwe W.,2,2,hc,2.50,home,ft,1.54,2
xGdmbikI,Costoulas S.,Osuigwe W.,2,2,hc,2.50,away,ft,2.26,2
xGdmbikI,Costoulas S.,Osuigwe W.,2,2,hc,-2.50,home,ft,1.708,5
xGdmbikI,Costoulas S.,Osuigwe W.,2,2,hc,-2.50,away,ft,2.106,5
xGdmbikI,Costoulas S.,Osuigwe W.,2,2,hc,-3.00,home,ft,1.813,3
xGdmbikI,Costoulas S.,Osuigwe W.,2,2,hc,-3.00,away,ft,2.013,3
xGdmbikI,Costoulas S.,Osuigwe W.,2,2,hc,-3.50,home,ft,1.97,5
xGdmbikI,Costoulas S.,Osuigwe W.,2,2,hc,-3.50,away,ft,1.83,5
xGdmbikI,Costoulas S.,Osuigwe W.,2,2,hc,-4.00,home,ft,2.14,3
xGdmbikI,Costoulas S.,Osuigwe W.,2,2,hc,-4.00,away,ft,1.72,3
xGdmbikI,Costoulas S.,Osuigwe W.,2,2,hc,-4.50,home,ft,2.31,4
xGdmbikI,Costoulas S.,Osuigwe W.,2,2,hc,-4.50,away,ft,1.603,4
xGdmbikI,Costoulas S.,Osuigwe W.,2,2,hc,-5.00,home,ft,2.83,2
xGdmbikI,Costoulas S.,Osuigwe W.,2,2,hc,-5.00,away,ft,1.43,2
xGdmbikI,Costoulas S.,Osuigwe W.,2,2,hc,-5.50,home,ft,3.07,3
xGdmbikI,Costoulas S.,Osuigwe W.,2,2,hc,-5.50,away,ft,1.38,3
U3bde763,Udvardy P.,Bejlek S.,0,0,ou,2.50,over,ft,2.565,2
U3bde763,Udvardy P.,Bejlek S.,0,0,ou,2.50,under,ft,1.51,2
U3bde763,Udvardy P.,Bejlek S.,0,0,ou,17.50,over,ft,1.21,2
U3bde763,Udvardy P.,Bejlek S.,0,0,ou,17.50,under,ft,3.72,2
U3bde763,Udvardy P.,Bejlek S.,0,0,ou,18.50,over,ft,1.365,4
U3bde763,Udvardy P.,Bejlek S.,0,0,ou,18.50,under,ft,2.867,4
U3bde763,Udvardy P.,Bejlek S.,0,0,ou,19.50,over,ft,1.548,4
U3bde763,Udvardy P.,Bejlek S.,0,0,ou,19.50,under,ft,2.272,4
U3bde763,Udvardy P.,Bejlek S.,0,0,ou,20.00,over,ft,1.675,4
U3bde763,Udvardy P.,Bejlek S.,0,0,ou,20.00,under,ft,2.14,4
U3bde763,Udvardy P.,Bejlek S.,0,0,ou,20.50,over,ft,1.793,6
U3bde763,Udvardy P.,Bejlek S.,0,0,ou,20.50,under,ft,1.943,6
U3bde763,Udvardy P.,Bejlek S.,0,0,ou,21.00,over,ft,1.89,4
U3bde763,Udvardy P.,Bejlek S.,0,0,ou,21.00,under,ft,1.87,4
U3bde763,Udvardy P.,Bejlek S.,0,0,ou,21.50,over,ft,1.985,6
U3bde763,Udvardy P.,Bejlek S.,0,0,ou,21.50,under,ft,1.75,6
U3bde763,Udvardy P.,Bejlek S.,0,0,ou,22.00,over,ft,2.112,4
U3bde763,Udvardy P.,Bejlek S.,0,0,ou,22.00,under,ft,1.688,4
U3bde763,Udvardy P.,Bejlek S.,0,0,ou,22.50,over,ft,2.256,5
U3bde763,Udvardy P.,Bejlek S.,0,0,ou,22.50,under,ft,1.57,5
U3bde763,Udvardy P.,Bejlek S.,0,0,ou,23.50,over,ft,2.59,2
U3bde763,Udvardy P.,Bejlek S.,0,0,ou,23.50,under,ft,1.42,2
U3bde763,Udvardy P.,Bejlek S.,0,0,ou,24.50,over,ft,2.672,4
U3bde763,Udvardy P.,Bejlek S.,0,0,ou,24.50,under,ft,1.417,4
U3bde763,Udvardy P.,Bejlek S.,0,0,ou,25.50,over,ft,3.13,2
U3bde763,Udvardy P.,Bejlek S.,0,0,ou,25.50,under,ft,1.29,2
U3bde763,Udvardy P.,Bejlek S.,0,0,ou,26.50,over,ft,3.13,2
U3bde763,Udvardy P.,Bejlek S.,0,0,ou,26.50,under,ft,1.29,2
U3bde763,Udvardy P.,Bejlek S.,0,0,hc,1.50,home,ft,1.654,5
U3bde763,Udvardy P.,Bejlek S.,0,0,hc,1.50,away,ft,2.14,5
U3bde763,Udvardy P.,Bejlek S.,0,0,hc,-1.50,home,ft,4.363,3
U3bde763,Udvardy P.,Bejlek S.,0,0,hc,-1.50,away,ft,1.197,3
U3bde763,Udvardy P.,Bejlek S.,0,0,hc,0.50,home,ft,2.26,2
U3bde763,Udvardy P.,Bejlek S.,0,0,hc,0.50,away,ft,1.54,2
U3bde763,Udvardy P.,Bejlek S.,0,0,hc,1.00,home,ft,2.13,2
U3bde763,Udvardy P.,Bejlek S.,0,0,hc,1.00,away,ft,1.61,2
U3bde763,Udvardy P.,Bejlek S.,0,0,hc,1.50,home,ft,2.357,3
U3bde763,Udvardy P.,Bejlek S.,0,0,hc,1.50,away,ft,1.553,3
U3bde763,Udvardy P.,Bejlek S.,0,0,hc,-1.50,home,ft,3.0,1
U3bde763,Udvardy P.,Bejlek S.,0,0,hc,-1.50,away,ft,1.38,1
U3bde763,Udvardy P.,Bejlek S.,0,0,hc,2.00,home,ft,2.26,2
U3bde763,Udvardy P.,Bejlek S.,0,0,hc,2.00,away,ft,1.58,2
U3bde763,Udvardy P.,Bejlek S.,0,0,hc,2.50,home,ft,2.155,4
U3bde763,Udvardy P.,Bejlek S.,0,0,hc,2.50,away,ft,1.655,4
U3bde763,Udvardy P.,Bejlek S.,0,0,hc,3.00,home,ft,2.033,3
U3bde763,Udvardy P.,Bejlek S.,0,0,hc,3.00,away,ft,1.753,3
U3bde763,Udvardy P.,Bejlek S.,0,0,hc,3.50,home,ft,1.882,4
U3bde763,Udvardy P.,Bejlek S.,0,0,hc,3.50,away,ft,1.863,4
U3bde763,Udvardy P.,Bejlek S.,0,0,hc,4.00,home,ft,1.747,3
U3bde763,Udvardy P.,Bejlek S.,0,0,hc,4.00,away,ft,2.033,3
U3bde763,Udvardy P.,Bejlek S.,0,0,hc,4.50,home,ft,1.63,4
U3bde763,Udvardy P.,Bejlek S.,0,0,hc,4.50,away,ft,2.195,4
U3bde763,Udvardy P.,Bejlek S.,0,0,hc,5.00,home,ft,1.47,2
U3bde763,Udvardy P.,Bejlek S.,0,0,hc,5.00,away,ft,2.53,2
U3bde763,Udvardy P.,Bejlek S.,0,0,hc,5.50,home,ft,1.383,3
U3bde763,Udvardy P.,Bejlek S.,0,0,hc,5.50,away,ft,2.9,3
U3bde763,Udvardy P.,Bejlek S.,0,0,hc,6.00,home,ft,1.21,2
U3bde763,Udvardy P.,Bejlek S.,0,0,hc,6.00,away,ft,3.72,2
