match_id,home,away,home_score,away_score,market,line,side,period,avg_odds,n_bookies
YH6fTLcU,Swiatek I.,Alexandrova E.,2,2,ou,2.50,over,ft,3.145,2
YH6fTLcU,Swiatek I.,Alexandrova E.,2,2,ou,2.50,under,ft,1.4,2
YH6fTLcU,Swiatek I.,Alexandrova E.,2,2,ou,15.50,over,ft,1.07,2
YH6fTLcU,Swiatek I.,Alexandrova E.,2,2,ou,15.50,under,ft,6.37,2
YH6fTLcU,Swiatek I.,Alexandrova E.,2,2,ou,16.50,over,ft,1.24,2
YH6fTLcU,Swiatek I.,Alexandrova E.,2,2,ou,16.50,under,ft,4.04,2
YH6fTLcU,Swiatek I.,Alexandrova E.,2,2,ou,17.00,over,ft,1.3,2
YH6fTLcU,Swiatek I.,Alexandrova E.,2,2,ou,17.00,under,ft,3.505,2
YH6fTLcU,Swiatek I.,Alexandrova E.,2,2,ou,17.50,over,ft,1.47,2
YH6fTLcU,Swiatek I.,Alexandrova E.,2,2,ou,17.50,under,ft,2.7,2
YH6fTLcU,Swiatek I.,Alexandrova E.,2,2,ou,18.00,over,ft,1.53,3
YH6fTLcU,Swiatek I.,Alexandrova E.,2,2,ou,18.00,under,ft,2.467,3
YH6fTLcU,Swiatek I.,Alexandrova E.,2,2,ou,18.50,over,ft,1.643,7
YH6fTLcU,Swiatek I.,Alexandrova E.,2,2,ou,18.50,under,ft,2.231,7
YH6fTLcU,Swiatek I.,Alexandrova E.,2,2,ou,19.00,over,ft,1.754,5
YH6fTLcU,Swiatek I.,Alexandrova E.,2,2,ou,19.00,under,ft,2.106,5
YH6fTLcU,Swiatek I.,Alexandrova E.,2,2,ou,19.50,over,ft,1.904,7
YH6fTLcU,Swiatek I.,Alexandrova E.,2,2,ou,19.50,under,ft,1.896,7
YH6fTLcU,Swiatek I.,Alexandrova E.,2,2,ou,20.00,over,ft,2.06,5
YH6fTLcU,Swiatek I.,Alexandrova E.,2,2,ou,20.00,under,ft,1.79,5
YH6fTLcU,Swiatek I.,Alexandrova E.,2,2,ou,20.50,over,ft,2.197,7
YH6fTLcU,Swiatek I.,Alexandrova E.,2,2,ou,20.50,under,ft,1.654,7
YH6fTLcU,Swiatek I.,Alexandrova E.,2,2,ou,21.00,over,ft,2.322,5
YH6fTLcU,Swiatek I.,Alexandrova E.,2,2,ou,21.00,under,ft,1.61,5
YH6fTLcU,Swiatek I.,Alexandrova E.,2,2,ou,21.50,over,ft,2.33,5
YH6fTLcU,Swiatek I.,Alexandrova E.,2,2,ou,21.50,under,ft,1.614,5
YH6fTLcU,Swiatek I.,Alexandrova E.,2,2,ou,22.00,over,ft,2.505,4
YH6fTLcU,Swiatek I.,Alexandrova E.,2,2,ou,22.00,under,ft,1.575,4
YH6fTLcU,Swiatek I.,Alexandrova E.,2,2,ou,22.50,over,ft,2.72,3
YH6fTLcU,Swiatek I.,Alexandrova E.,2,2,ou,22.50,under,ft,1.493,3
YH6fTLcU,Swiatek I.,Alexandrova E.,2,2,ou,23.00,over,ft,2.76,2
YH6fTLcU,Swiatek I.,Alexandrova E.,2,2,ou,23.00,under,ft,1.37,2
YH6fTLcU,Swiatek I.,Alexandrova E.,2,2,ou,23.50,over,ft,2.84,2
YH6fTLcU,Swiatek I.,Alexandrova E.,2,2,ou,23.50,under,ft,1.34,2
YH6fTLcU,Swiatek I.,Alexandrova E.,2,2,ou,24.50,over,ft,2.92,2
YH6fTLcU,Swiatek I.,Alexandrova E.,2,2,ou,24.50,under,ft,1.33,2
YH6fTLcU,Swiatek I.,Alexandrova E.,2,2,ou,25.50,over,ft,3.15,2
YH6fTLcU,Swiatek I.,Alexandrova E.,2,2,ou,25.50,under,ft,1.29,2
YH6fTLcU,Swiatek I.,Alexandrova E.,2,2,hc,1.50,home,ft,1.032,4
YH6fTLcU,Swiatek I.,Alexandrova E.,2,2,hc,1.50,away,ft,12.205,4
YH6fTLcU,Swiatek I.,Alexandrova E.,2,2,hc,-1.50,home,ft,1.458,6
YH6fTLcU,Swiatek I.,Alexandrova E.,2,2,hc,-1.50,away,ft,2.63,6
YH6fTLcU,Swiatek I.,Alexandrova E.,2,2,hc,-1.50,home,ft,1.18,2
YH6fTLcU,Swiatek I.,Alexandrova E.,2,2,hc,-1.50,away,ft,4.55,2
YH6fTLcU,Swiatek I.,Alexandrova E.,2,2,hc,-2.00,home,ft,1.19,2
YH6fTLcU,Swiatek I.,Alexandrova E.,2,2,hc,-2.00,away,ft,4.4,2
YH6fTLcU,Swiatek I.,Alexandrova E.,2,2,hc,-2.50,home,ft,1.17,2
YH6fTLcU,Swiatek I.,Alexandrova E.,2,2,hc,-2.50,away,ft,5.075,2
YH6fTLcU,Swiatek I.,Alexandrova E.,2,2,hc,-3.00,home,ft,1.19,2
YH6fTLcU,Swiatek I.,Alexandrova E.,2,2,hc,-3.00,away,ft,4.76,2
YH6fTLcU,Swiatek I.,Alexandrova E.,2,2,hc,-3.50,home,ft,1.347,4
YH6fTLcU,Swiatek I.,Alexandrova E.,2,2,hc,-3.50,away,ft,3.277,4
YH6fTLcU,Swiatek I.,Alexandrova E.,2,2,hc,-4.00,home,ft,1.37,4
YH6fTLcU,Swiatek I.,Alexandrova E.,2,2,hc,-4.00,away,ft,3.175,4
YH6fTLcU,Swiatek I.,Alexandrova E.,2,2,hc,-4.50,home,ft,1.513,6
YH6fTLcU,Swiatek I.,Alexandrova E.,2,2,hc,-4.50,away,ft,2.542,6
YH6fTLcU,Swiatek I.,Alexandrova E.,2,2,hc,-5.00,home,ft,1.685,4
YH6fTLcU,Swiatek I.,Alexandrova E.,2,2,hc,-5.00,away,ft,2.232,4
YH6fTLcU,Swiatek I.,Alexandrova E.,2,2,hc,-5.50,home,ft,1.924,5
YH6fTLcU,Swiatek I.,Alexandrova E.,2,2,hc,-5.50,away,ft,1.898,5
YH6fTLcU,Swiatek I.,Alexandrova E.,2,2,hc,-6.00,home,ft,2.348,4
YH6fTLcU,Swiatek I.,Alexandrova E.,2,2,hc,-6.00,away,ft,1.635,4
YH6fTLcU,Swiatek I.,Alexandrova E.,2,2,hc,-6.50,home,ft,2.632,6
YH6fTLcU,Swiatek I.,Alexandrova E.,2,2,hc,-6.50,away,ft,1.493,6
YH6fTLcU,Swiatek I.,Alexandrova E.,2,2,hc,-7.00,home,ft,3.26,2
YH6fTLcU,Swiatek I.,Alexandrova E.,2,2,hc,-7.00,away,ft,1.34,2
YH6fTLcU,Swiatek I.,Alexandrova E.,2,2,hc,-7.50,home,ft,3.82,2
YH6fTLcU,Swiatek I.,Alexandrova E.,2,2,hc,-7.50,away,ft,1.26,2
YH6fTLcU,Swiatek I.,Alexandrova E.,2,2,hc,-8.00,home,ft,6.59,2
YH6fTLcU,Swiatek I.,Alexandrova E.,2,2,hc,-8.00,away,ft,1.11,2
YH6fTLcU,Swiatek I.,Alexandrova E.,2,2,hc,-8.50,home,ft,7.445,2
YH6fTLcU,Swiatek I.,Alexandrova E.,2,2,hc,-8.50,away,ft,1.09,2
0UH6IWE8,Siniakova K.,Alexandrova E.,0,0,ou,2.50,over,ft,2.48,3
0UH6IWE8,Siniakova K.,Alexandrova E.,0,0,ou,2.50,under,ft,1.553,3
0UH6IWE8,Siniakova K.,Alexandrova E.,0,0,ou,18.50,over,ft,1.293,3
0UH6IWE8,Siniakova K.,Alexandrova E.,0,0,ou,18.50,under,ft,3.207,3
0UH6IWE8,Siniakova K.,Alexandrova E.,0,0,ou,19.00,over,ft,1.345,2
0UH6IWE8,Siniakova K.,Alexandrova E.,0,0,ou,19.00,under,ft,2.87,2
0UH6IWE8,Siniakova K.,Alexandrova E.,0,0,ou,19.50,over,ft,1.49,3
0UH6IWE8,Siniakova K.,Alexandrova E.,0,0,ou,19.50,under,ft,2.427,3
0UH6IWE8,Siniakova K.,Alexandrova E.,0,0,ou,20.00,over,ft,1.53,2
0UH6IWE8,Siniakova K.,Alexandrova E.,0,0,ou,20.00,under,ft,2.34,2
0UH6IWE8,Siniakova K.,Alexandrova E.,0,0,ou,20.50,over,ft,1.661,7
0UH6IWE8,Siniakova K.,Alexandrova E.,0,0,ou,20.50,under,ft,2.136,7
0UH6IWE8,Siniakova K.,Alexandrova E.,0,0,ou,21.00,over,ft,1.738,5
0UH6IWE8,Siniakova K.,Alexandrova E.,0,0,ou,21.00,under,ft,2.064,5
0UH6IWE8,Siniakova K.,Alexandrova E.,0,0,ou,21.50,over,ft,1.887,7
0UH6IWE8,Siniakova K.,Alexandrova E.,0,0,ou,21.50,under,ft,1.906,7
0UH6IWE8,Siniakova K.,Alexandrova E.,0,0,ou,22.00,over,ft,1.974,5
0UH6IWE8,Siniakova K.,Alexandrova E.,0,0,ou,22.00,under,ft,1.812,5
0UH6IWE8,Siniakova K.,Alexandrova E.,0,0,ou,22.50,over,ft,2.09,7
0UH6IWE8,Siniakova K.,Alexandrova E.,0,0,ou,22.50,under,ft,1.687,7
0UH6IWE8,Siniakova K.,Alexandrova E.,0,0,ou,23.00,over,ft,2.165,4
0UH6IWE8,Siniakova K.,Alexandrova E.,0,0,ou,23.00,under,ft,1.667,4
0UH6IWE8,Siniakova K.,Alexandrova E.,0,0,ou,23.50,over,ft,2.207,3
0UH6IWE8,Siniakova K.,Alexandrova E.,0,0,ou,23.50,under,ft,1.623,3
0UH6IWE8,Siniakova K.,Alexandrova E.,0,0,ou,24.00,over,ft,2.22,3
0UH6IWE8,Siniakova K.,Alexandrova E.,0,0,ou,24.00,under,ft,1.607,3
0UH6IWE8,Siniakova K.,Alexandrova E.,0,0,ou,24.50,over,ft,2.353,3
0UH6IWE8,Siniakova K.,Alexandrova E.,0,0,ou,24.50,under,ft,1.513,3
0UH6IWE8,Siniakova K.,Alexandrova E.,0,0,ou,26.50,over,ft,2.96,1
0UH6IWE8,Siniakova K.,Alexandrova E.,0,0,ou,26.50,under,ft,1.39,1
0UH6IWE8,Siniakova K.,Alexandrova E.,0,0,hc,1.50,home,ft,1.665,6
0UH6IWE8,Siniakova K.,Alexandrova E.,0,0,hc,1.50,away,ft,2.152,6
0UH6IWE8,Siniakova K.,Alexandrova E.,0,0,hc,-1.50,home,ft,4.567,4
0UH6IWE8,Siniakova K.,Alexandrova E.,0,0,hc,-1.50,away,ft,1.188,4
0UH6IWE8,Siniakova K.,Alexandrova E.,0,0,hc,0.50,home,ft,2.59,2
0UH6IWE8,Siniakova K.,Alexandrova E.,0,0,hc,0.50,away,ft,1.465,2
0UH6IWE8,Siniakova K.,Alexandrova E.,0,0,hc,1.00,home,ft,2.5,2
0UH6IWE8,Siniakova K.,Alexandrova E.,0,0,hc,1.00,away,ft,1.495,2
0UH6IWE8,Siniakova K.,Alexandrova E.,0,0,hc,1.50,home,ft,2.353,3
0UH6IWE8,Siniakova K.,Alexandrova E.,0,0,hc,1.50,away,ft,1.563,3
0UH6IWE8,Siniakova K.,Alexandrova E.,0,0,hc,-1.50,home,ft,3.03,1
0UH6IWE8,Siniakova K.,Alexandrova E.,0,0,hc,-1.50,away,ft,1.37,1
0UH6IWE8,Siniakova K.,Alexandrova E.,0,0,hc,2.00,home,ft,2.265,2
0UH6IWE8,Siniakova K.,Alexandrova E.,0,0,hc,2.00,away,ft,1.6,2
0UH6IWE8,Siniakova K.,Alexandrova E.,0,0,hc,2.50,home,ft,2.185,6
0UH6IWE8,Siniakova K.,Alexandrova E.,0,0,hc,2.50,away,ft,1.65,6
0UH6IWE8,Siniakova K.,Alexandrova E.,0,0,hc,3.00,home,ft,2.015,4
0UH6IWE8,Siniakova K.,Alexandrova E.,0,0,hc,3.00,away,ft,1.788,4
0UH6IWE8,Siniakova K.,Alexandrova E.,0,0,hc,3.50,home,ft,1.912,5
0UH6IWE8,Siniakova K.,Alexandrova E.,0,0,hc,3.50,away,ft,1.876,5
0UH6IWE8,Siniakova K.,Alexandrova E.,0,0,hc,4.00,home,ft,1.695,4
0UH6IWE8,Siniakova K.,Alexandrova E.,0,0,hc,4.00,away,ft,2.143,4
0UH6IWE8,Siniakova K.,Alexandrova E.,0,0,hc,4.50,home,ft,1.587,6
0UH6IWE8,Siniakova K.,Alexandrova E.,0,0,hc,4.50,away,ft,2.302,6
0UH6IWE8,Siniakova K.,Alexandrova E.,0,0,hc,5.00,home,ft,1.39,2
0UH6IWE8,Siniakova K.,Alexandrova E.,0,0,hc,5.00,away,ft,2.86,2
0UH6IWE8,Siniakova K.,Alexandrova E.,0,0,hc,5.50,home,ft,1.32,3
0UH6IWE8,Siniakova K.,Alexandrova E.,0,0,hc,5.50,away,ft,3.25,3
0UH6IWE8,Siniakova K.,Alexandrova E.,0,0,hc,6.00,home,ft,1.195,2
0UH6IWE8,Siniakova K.,Alexandrova E.,0,0,hc,6.00,away,ft,4.35,2
0UH6IWE8,Siniakova K.,Alexandrova E.,0,0,hc,6.50,home,ft,1.165,2
0UH6IWE8,Siniakova K.,Alexandrova E.,0,0,hc,6.50,away,ft,4.775,2
fT6ITv1l,Swiatek I.,Joint M.,2,2,ou,2.50,over,ft,3.763,3
fT6ITv1l,Swiatek I.,Joint M.,2,2,ou,2.50,under,ft,1.277,3
fT6ITv1l,Swiatek I.,Joint M.,2,2,ou,15.50,over,ft,1.12,2
fT6ITv1l,Swiatek I.,Joint M.,2,2,ou,15.50,under,ft,4.85,2
fT6ITv1l,Swiatek I.,Joint M.,2,2,ou,16.00,over,ft,1.16,2
fT6ITv1l,Swiatek I.,Joint M.,2,2,ou,16.00,under,ft,4.45,2
fT6ITv1l,Swiatek I.,Joint M.,2,2,ou,16.50,over,ft,1.292,5
fT6ITv1l,Swiatek I.,Joint M.,2,2,ou,16.50,under,ft,3.338,5
fT6ITv1l,Swiatek I.,Joint M.,2,2,ou,17.00,over,ft,1.38,2
fT6ITv1l,Swiatek I.,Joint M.,2,2,ou,17.00,under,ft,2.81,2
fT6ITv1l,Swiatek I.,Joint M.,2,2,ou,17.50,over,ft,1.618,6
fT6ITv1l,Swiatek I.,Joint M.,2,2,ou,17.50,under,ft,2.308,6
fT6ITv1l,Swiatek I.,Joint M.,2,2,ou,18.00,over,ft,1.664,5
fT6ITv1l,Swiatek I.,Joint M.,2,2,ou,18.00,under,ft,2.18,5
fT6ITv1l,Swiatek I.,Joint M.,2,2,ou,18.50,over,ft,1.806,7
fT6ITv1l,Swiatek I.,Joint M.,2,2,ou,18.50,under,ft,1.95,7
fT6ITv1l,Swiatek I.,Joint M.,2,2,ou,19.00,over,ft,2.002,5
fT6ITv1l,Swiatek I.,Joint M.,2,2,ou,19.00,under,ft,1.79,5
fT6ITv1l,Swiatek I.,Joint M.,2,2,ou,19.50,over,ft,2.13,7
fT6ITv1l,Swiatek I.,Joint M.,2,2,ou,19.50,under,ft,1.684,7
fT6ITv1l,Swiatek I.,Joint M.,2,2,ou,20.00,over,ft,2.282,5
fT6ITv1l,Swiatek I.,Joint M.,2,2,ou,20.00,under,ft,1.588,5
fT6ITv1l,Swiatek I.,Joint M.,2,2,ou,20.50,over,ft,2.424,7
fT6ITv1l,Swiatek I.,Joint M.,2,2,ou,20.50,under,ft,1.503,7
fT6ITv1l,Swiatek I.,Joint M.,2,2,ou,21.00,over,ft,2.4,4
fT6ITv1l,Swiatek I.,Joint M.,2,2,ou,21.00,under,ft,1.557,4
fT6ITv1l,Swiatek I.,Joint M.,2,2,ou,21.50,over,ft,2.537,3
fT6ITv1l,Swiatek I.,Joint M.,2,2,ou,21.50,under,ft,1.483,3
fT6ITv1l,Swiatek I.,Joint M.,2,2,ou,22.00,over,ft,2.19,1
fT6ITv1l,Swiatek I.,Joint M.,2,2,ou,22.00,under,ft,1.71,1
fT6ITv1l,Swiatek I.,Joint M.,2,2,ou,22.50,over,ft,3.158,5
fT6ITv1l,Swiatek I.,Joint M.,2,2,ou,22.50,under,ft,1.316,5
fT6ITv1l,Swiatek I.,Joint M.,2,2,ou,23.50,over,ft,3.33,2
fT6ITv1l,Swiatek I.,Joint M.,2,2,ou,23.50,under,ft,1.26,2
fT6ITv1l,Swiatek I.,Joint M.,2,2,hc,1.50,home,ft,1.03,1
fT6ITv1l,Swiatek I.,Joint M.,2,2,hc,1.50,away,ft,12.163,3
fT6ITv1l,Swiatek I.,Joint M.,2,2,hc,-1.50,home,ft,1.36,6
fT6ITv1l,Swiatek I.,Joint M.,2,2,hc,-1.50,away,ft,2.995,6
fT6ITv1l,Swiatek I.,Joint M.,2,2,hc,-2.50,home,ft,1.15,2
fT6ITv1l,Swiatek I.,Joint M.,2,2,hc,-2.50,away,ft,5.05,2
fT6ITv1l,Swiatek I.,Joint M.,2,2,hc,-3.00,home,ft,1.16,2
fT6ITv1l,Swiatek I.,Joint M.,2,2,hc,-3.00,away,ft,4.8,2
fT6ITv1l,Swiatek I.,Joint M.,2,2,hc,-3.50,home,ft,1.205,4
fT6ITv1l,Swiatek I.,Joint M.,2,2,hc,-3.50,away,ft,4.265,4
fT6ITv1l,Swiatek I.,Joint M.,2,2,hc,-4.00,home,ft,1.297,3
fT6ITv1l,Swiatek I.,Joint M.,2,2,hc,-4.00,away,ft,3.567,3
fT6ITv1l,Swiatek I.,Joint M.,2,2,hc,-4.50,home,ft,1.39,6
fT6ITv1l,Swiatek I.,Joint M.,2,2,hc,-4.50,away,ft,2.897,6
fT6ITv1l,Swiatek I.,Joint M.,2,2,hc,-5.00,home,ft,1.435,4
fT6ITv1l,Swiatek I.,Joint M.,2,2,hc,-5.00,away,ft,2.768,4
fT6ITv1l,Swiatek I.,Joint M.,2,2,hc,-5.50,home,ft,1.618,5
fT6ITv1l,Swiatek I.,Joint M.,2,2,hc,-5.50,away,ft,2.244,5
fT6ITv1l,Swiatek I.,Joint M.,2,2,hc,-6.00,home,ft,1.865,4
fT6ITv1l,Swiatek I.,Joint M.,2,2,hc,-6.00,away,ft,1.93,4
fT6ITv1l,Swiatek I.,Joint M.,2,2,hc,-6.50,home,ft,2.115,6
fT6ITv1l,Swiatek I.,Joint M.,2,2,hc,-6.50,away,ft,1.722,6
fT6ITv1l,Swiatek I.,Joint M.,2,2,hc,-7.00,home,ft,2.808,4
fT6ITv1l,Swiatek I.,Joint M.,2,2,hc,-7.00,away,ft,1.43,4
fT6ITv1l,Swiatek I.,Joint M.,2,2,hc,-7.50,home,ft,3.202,5
fT6ITv1l,Swiatek I.,Joint M.,2,2,hc,-7.50,away,ft,1.328,5
fT6ITv1l,Swiatek I.,Joint M.,2,2,hc,-8.00,home,ft,4.5,2
fT6ITv1l,Swiatek I.,Joint M.,2,2,hc,-8.00,away,ft,1.18,2
fT6ITv1l,Swiatek I.,Joint M.,2,2,hc,-8.50,home,ft,5.05,2
fT6ITv1l,Swiatek I.,Joint M.,2,2,hc,-8.50,away,ft,1.15,2
fT6ITv1l,Swiatek I.,Joint M.,2,2,hc,-9.00,home,ft,8.9,2
fT6ITv1l,Swiatek I.,Joint M.,2,2,hc,-9.00,away,ft,1.05,2
fT6ITv1l,Swiatek I.,Joint M.,2,2,hc,-9.50,home,ft,9.6,2
fT6ITv1l,Swiatek I.,Joint M.,2,2,hc,-9.50,away,ft,1.04,2
vmi6aqdK,Seidel E.,Alexandrova E.,0,0,ou,2.50,over,ft,2.9,2
vmi6aqdK,Seidel E.,Alexandrova E.,0,0,ou,2.50,under,ft,1.445,2
vmi6aqdK,Seidel E.,Alexandrova E.,0,0,ou,17.00,over,ft,1.22,2
vmi6aqdK,Seidel E.,Alexandrova E.,0,0,ou,17.00,under,ft,3.68,2
vmi6aqdK,Seidel E.,Alexandrova E.,0,0,ou,17.50,over,ft,1.36,2
vmi6aqdK,Seidel E.,Alexandrova E.,0,0,ou,17.50,under,ft,2.85,2
vmi6aqdK,Seidel E.,Alexandrova E.,0,0,ou,18.00,over,ft,1.42,2
vmi6aqdK,Seidel E.,Alexandrova E.,0,0,ou,18.00,under,ft,2.66,2
vmi6aqdK,Seidel E.,Alexandrova E.,0,0,ou,18.50,over,ft,1.572,6
vmi6aqdK,Seidel E.,Alexandrova E.,0,0,ou,18.50,under,ft,2.32,6
vmi6aqdK,Seidel E.,Alexandrova E.,0,0,ou,19.00,over,ft,1.658,5
vmi6aqdK,Seidel E.,Alexandrova E.,0,0,ou,19.00,under,ft,2.2,5
vmi6aqdK,Seidel E.,Alexandrova E.,0,0,ou,19.50,over,ft,1.793,7
vmi6aqdK,Seidel E.,Alexandrova E.,0,0,ou,19.50,under,ft,1.983,7
vmi6aqdK,Seidel E.,Alexandrova E.,0,0,ou,20.00,over,ft,1.914,5
vmi6aqdK,Seidel E.,Alexandrova E.,0,0,ou,20.00,under,ft,1.88,5
vmi6aqdK,Seidel E.,Alexandrova E.,0,0,ou,20.50,over,ft,2.004,7
vmi6aqdK,Seidel E.,Alexandrova E.,0,0,ou,20.50,under,ft,1.777,7
vmi6aqdK,Seidel E.,Alexandrova E.,0,0,ou,21.00,over,ft,2.134,5
vmi6aqdK,Seidel E.,Alexandrova E.,0,0,ou,21.00,under,ft,1.684,5
vmi6aqdK,Seidel E.,Alexandrova E.,0,0,ou,21.50,over,ft,2.163,7
vmi6aqdK,Seidel E.,Alexandrova E.,0,0,ou,21.50,under,ft,1.641,7
vmi6aqdK,Seidel E.,Alexandrova E.,0,0,ou,22.00,over,ft,2.35,2
vmi6aqdK,Seidel E.,Alexandrova E.,0,0,ou,22.00,under,ft,1.5,2
vmi6aqdK,Seidel E.,Alexandrova E.,0,0,ou,22.50,over,ft,2.46,2
vmi6aqdK,Seidel E.,Alexandrova E.,0,0,ou,22.50,under,ft,1.47,2
vmi6aqdK,Seidel E.,Alexandrova E.,0,0,ou,23.00,over,ft,2.61,2
vmi6aqdK,Seidel E.,Alexandrova E.,0,0,ou,23.00,under,ft,1.41,2
vmi6aqdK,Seidel E.,Alexandrova E.,0,0,ou,23.50,over,ft,2.8,2
vmi6aqdK,Seidel E.,Alexandrova E.,0,0,ou,23.50,under,ft,1.38,2
vmi6aqdK,Seidel E.,Alexandrova E.,0,0,ou,24.50,over,ft,2.9,2
vmi6aqdK,Seidel E.,Alexandrova E.,0,0,ou,24.50,under,ft,1.35,2
vmi6aqdK,Seidel E.,Alexandrova E.,0,0,ou,25.50,over,ft,2.75,2
vmi6aqdK,Seidel E.,Alexandrova E.,0,0,ou,25.50,under,ft,1.37,2
vmi6aqdK,Seidel E.,Alexandrova E.,0,0,hc,1.50,home,ft,2.12,6
vmi6aqdK,Seidel E.,Alexandrova E.,0,0,hc,1.50,away,ft,1.683,6
vmi6aqdK,Seidel E.,Alexandrova E.,0,0,hc,-1.50,home,ft,7.395,4
vmi6aqdK,Seidel E.,Alexandrova E.,0,0,hc,-1.50,away,ft,1.085,4
vmi6aqdK,Seidel E.,Alexandrova E.,0,0,hc,0.50,home,ft,3.8,2
vmi6aqdK,Seidel E.,Alexandrova E.,0,0,hc,0.50,away,ft,1.22,2
vmi6aqdK,Seidel E.,Alexandrova E.,0,0,hc,-0.50,home,ft,4.3,2
vmi6aqdK,Seidel E.,Alexandrova E.,0,0,hc,-0.50,away,ft,1.18,2
vmi6aqdK,Seidel E.,Alexandrova E.,0,0,hc,1.50,home,ft,3.55,2
vmi6aqdK,Seidel E.,Alexandrova E.,0,0,hc,1.50,away,ft,1.25,2
vmi6aqdK,Seidel E.,Alexandrova E.,0,0,hc,2.00,home,ft,3.33,2
vmi6aqdK,Seidel E.,Alexandrova E.,0,0,hc,2.00,away,ft,1.26,2
vmi6aqdK,Seidel E.,Alexandrova E.,0,0,hc,2.50,home,ft,3.03,2
vmi6aqdK,Seidel E.,Alexandrova E.,0,0,hc,2.50,away,ft,1.31,2
vmi6aqdK,Seidel E.,Alexandrova E.,0,0,hc,3.00,home,ft,3.0,2
vmi6aqdK,Seidel E.,Alexandrova E.,0,0,hc,3.00,away,ft,1.36,2
vmi6aqdK,Seidel E.,Alexandrova E.,0,0,hc,3.50,home,ft,2.54,5
vmi6aqdK,Seidel E.,Alexandrova E.,0,0,hc,3.50,away,ft,1.488,5
vmi6aqdK,Seidel E.,Alexandrova E.,0,0,hc,4.00,home,ft,2.485,4
vmi6aqdK,Seidel E.,Alexandrova E.,0,0,hc,4.00,away,ft,1.532,4
vmi6aqdK,Seidel E.,Alexandrova E.,0,0,hc,4.25,home,ft,2.23,2
vmi6aqdK,Seidel E.,Alexandrova E.,0,0,hc,4.25,away,ft,1.58,2
vmi6aqdK,Seidel E.,Alexandrova E.,0,0,hc,4.50,home,ft,2.18,5
vmi6aqdK,Seidel E.,Alexandrova E.,0,0,hc,4.50,away,ft,1.664,5
vmi6aqdK,Seidel E.,Alexandrova E.,0,0,hc,4.75,home,ft,1.95,2
vmi6aqdK,Seidel E.,Alexandrova E.,0,0,hc,4.75,away,ft,1.75,2
vmi6aqdK,Seidel E.,Alexandrova E.,0,0,hc,5.00,home,ft,1.945,4
vmi6aqdK,Seidel E.,Alexandrova E.,0,0,hc,5.00,away,ft,1.863,4
vmi6aqdK,Seidel E.,Alexandrova E.,0,0,hc,5.25,home,ft,1.8,2
vmi6aqdK,Seidel E.,Alexandrova E.,0,0,hc,5.25,away,ft,2.01,2
vmi6aqdK,Seidel E.,Alexandrova E.,0,0,hc,5.50,home,ft,1.722,6
vmi6aqdK,Seidel E.,Alexandrova E.,0,0,hc,5.50,away,ft,2.075,6
vmi6aqdK,Seidel E.,Alexandrova E.,0,0,hc,5.75,home,ft,1.57,2
vmi6aqdK,Seidel E.,Alexandrova E.,0,0,hc,5.75,away,ft,2.25,2
vmi6aqdK,Seidel E.,Alexandrova E.,0,0,hc,6.00,home,ft,1.528,4
vmi6aqdK,Seidel E.,Alexandrova E.,0,0,hc,6.00,away,ft,2.495,4
vmi6aqdK,Seidel E.,Alexandrova E.,0,0,hc,6.50,home,ft,1.438,5
vmi6aqdK,Seidel E.,Alexandrova E.,0,0,hc,6.50,away,ft,2.73,5
vmi6aqdK,Seidel E.,Alexandrova E.,0,0,hc,7.00,home,ft,1.25,2
vmi6aqdK,Seidel E.,Alexandrova E.,0,0,hc,7.00,away,ft,3.72,2
vmi6aqdK,Seidel E.,Alexandrova E.,0,0,hc,7.50,home,ft,1.2,2
vmi6aqdK,Seidel E.,Alexandrova E.,0,0,hc,7.50,away,ft,4.25,2
vmi6aqdK,Seidel E.,Alexandrova E.,0,0,hc,8.00,home,ft,1.09,2
vmi6aqdK,Seidel E.,Alexandrova E.,0,0,hc,8.00,away,ft,6.6,2
zqrBXcrp,Lamens S.,Siniakova K.,0,0,ou,2.50,over,ft,2.435,2
zqrBXcrp,Lamens S.,Siniakova K.,0,0,ou,2.50,under,ft,1.6,2
zqrBXcrp,Lamens S.,Siniakova K.,0,0,ou,18.00,over,ft,1.3,2
zqrBXcrp,Lamens S.,Siniakova K.,0,0,ou,18.00,under,ft,3.1,2
zqrBXcrp,Lamens S.,Siniakova K.,0,0,ou,18.50,over,ft,1.42,2
zqrBXcrp,Lamens S.,Siniakova K.,0,0,ou,18.50,under,ft,2.62,2
zqrBXcrp,Lamens S.,Siniakova K.,0,0,ou,19.00,over,ft,1.42,2
zqrBXcrp,Lamens S.,Siniakova K.,0,0,ou,19.00,under,ft,2.58,2
zqrBXcrp,Lamens S.,Siniakova K.,0,0,ou,19.50,over,ft,1.597,6
zqrBXcrp,Lamens S.,Siniakova K.,0,0,ou,19.50,under,ft,2.257,6
zqrBXcrp,Lamens S.,Siniakova K.,0,0,ou,20.00,over,ft,1.65,5
zqrBXcrp,Lamens S.,Siniakova K.,0,0,ou,20.00,under,ft,2.194,5
zqrBXcrp,Lamens S.,Siniakova K.,0,0,ou,20.50,over,ft,1.761,7
zqrBXcrp,Lamens S.,Siniakova K.,0,0,ou,20.50,under,ft,2.003,7
zqrBXcrp,Lamens S.,Siniakova K.,0,0,ou,21.00,over,ft,1.86,5
zqrBXcrp,Lamens S.,Siniakova K.,0,0,ou,21.00,under,ft,1.918,5
zqrBXcrp,Lamens S.,Siniakova K.,0,0,ou,21.50,over,ft,1.966,7
zqrBXcrp,Lamens S.,Siniakova K.,0,0,ou,21.50,under,ft,1.817,7
zqrBXcrp,Lamens S.,Siniakova K.,0,0,ou,22.00,over,ft,2.092,5
zqrBXcrp,Lamens S.,Siniakova K.,0,0,ou,22.00,under,ft,1.726,5
zqrBXcrp,Lamens S.,Siniakova K.,0,0,ou,22.50,over,ft,2.179,7
zqrBXcrp,Lamens S.,Siniakova K.,0,0,ou,22.50,under,ft,1.634,7
zqrBXcrp,Lamens S.,Siniakova K.,0,0,ou,23.00,over,ft,2.26,2
zqrBXcrp,Lamens S.,Siniakova K.,0,0,ou,23.00,under,ft,1.57,2
zqrBXcrp,Lamens S.,Siniakova K.,0,0,ou,23.50,over,ft,2.31,2
zqrBXcrp,Lamens S.,Siniakova K.,0,0,ou,23.50,under,ft,1.53,2
zqrBXcrp,Lamens S.,Siniakova K.,0,0,ou,24.00,over,ft,2.4,2
zqrBXcrp,Lamens S.,Siniakova K.,0,0,ou,24.00,under,ft,1.48,2
zqrBXcrp,Lamens S.,Siniakova K.,0,0,ou,24.50,over,ft,2.5,2
zqrBXcrp,Lamens S.,Siniakova K.,0,0,ou,24.50,under,ft,1.44,2
zqrBXcrp,Lamens S.,Siniakova K.,0,0,ou,25.50,over,ft,2.79,2
zqrBXcrp,Lamens S.,Siniakova K.,0,0,ou,25.50,under,ft,1.36,2
zqrBXcrp,Lamens S.,Siniakova K.,0,0,ou,26.50,over,ft,3.15,2
zqrBXcrp,Lamens S.,Siniakova K.,0,0,ou,26.50,under,ft,1.29,2
zqrBXcrp,Lamens S.,Siniakova K.,0,0,hc,1.50,home,ft,1.602,6
zqrBXcrp,Lamens S.,Siniakova K.,0,0,hc,1.50,away,ft,2.235,6
zqrBXcrp,Lamens S.,Siniakova K.,0,0,hc,-1.50,home,ft,4.183,4
zqrBXcrp,Lamens S.,Siniakova K.,0,0,hc,-1.50,away,ft,1.222,4
zqrBXcrp,Lamens S.,Siniakova K.,0,0,hc,0,home,ft,2.41,2
zqrBXcrp,Lamens S.,Siniakova K.,0,0,hc,0,away,ft,1.53,2
zqrBXcrp,Lamens S.,Siniakova K.,0,0,hc,0.50,home,ft,2.32,2
zqrBXcrp,Lamens S.,Siniakova K.,0,0,hc,0.50,away,ft,1.57,2
zqrBXcrp,Lamens S.,Siniakova K.,0,0,hc,-0.50,home,ft,2.65,2
zqrBXcrp,Lamens S.,Siniakova K.,0,0,hc,-0.50,away,ft,1.43,2
zqrBXcrp,Lamens S.,Siniakova K.,0,0,hc,1.00,home,ft,2.3,2
zqrBXcrp,Lamens S.,Siniakova K.,0,0,hc,1.00,away,ft,1.58,2
zqrBXcrp,Lamens S.,Siniakova K.,0,0,hc,1.50,home,ft,2.2,2
zqrBXcrp,Lamens S.,Siniakova K.,0,0,hc,1.50,away,ft,1.63,2
zqrBXcrp,Lamens S.,Siniakova K.,0,0,hc,-1.50,home,ft,2.8,2
zqrBXcrp,Lamens S.,Siniakova K.,0,0,hc,-1.50,away,ft,1.38,2
zqrBXcrp,Lamens S.,Siniakova K.,0,0,hc,2.00,home,ft,2.13,3
zqrBXcrp,Lamens S.,Siniakova K.,0,0,hc,2.00,away,ft,1.697,3
zqrBXcrp,Lamens S.,Siniakova K.,0,0,hc,2.50,home,ft,2.055,6
zqrBXcrp,Lamens S.,Siniakova K.,0,0,hc,2.50,away,ft,1.737,6
zqrBXcrp,Lamens S.,Siniakova K.,0,0,hc,2.75,home,ft,2.05,2
zqrBXcrp,Lamens S.,Siniakova K.,0,0,hc,2.75,away,ft,1.68,2
zqrBXcrp,Lamens S.,Siniakova K.,0,0,hc,3.00,home,ft,1.925,4
zqrBXcrp,Lamens S.,Siniakova K.,0,0,hc,3.00,away,ft,1.86,4
zqrBXcrp,Lamens S.,Siniakova K.,0,0,hc,3.25,home,ft,1.99,2
zqrBXcrp,Lamens S.,Siniakova K.,0,0,hc,3.25,away,ft,1.82,2
zqrBXcrp,Lamens S.,Siniakova K.,0,0,hc,3.50,home,ft,1.842,5
zqrBXcrp,Lamens S.,Siniakova K.,0,0,hc,3.50,away,ft,1.95,5
zqrBXcrp,Lamens S.,Siniakova K.,0,0,hc,-3.50,home,ft,1.91,1
zqrBXcrp,Lamens S.,Siniakova K.,0,0,hc,-3.50,away,ft,1.91,1
zqrBXcrp,Lamens S.,Siniakova K.,0,0,hc,3.75,home,ft,1.8,2
zqrBXcrp,Lamens S.,Siniakova K.,0,0,hc,3.75,away,ft,1.9,2
zqrBXcrp,Lamens S.,Siniakova K.,0,0,hc,4.00,home,ft,1.677,4
zqrBXcrp,Lamens S.,Siniakova K.,0,0,hc,4.00,away,ft,2.178,4
zqrBXcrp,Lamens S.,Siniakova K.,0,0,hc,4.25,home,ft,1.67,2
zqrBXcrp,Lamens S.,Siniakova K.,0,0,hc,4.25,away,ft,2.07,2
zqrBXcrp,Lamens S.,Siniakova K.,0,0,hc,4.50,home,ft,1.592,6
zqrBXcrp,Lamens S.,Siniakova K.,0,0,hc,4.50,away,ft,2.303,6
zqrBXcrp,Lamens S.,Siniakova K.,0,0,hc,5.00,home,ft,1.478,4
zqrBXcrp,Lamens S.,Siniakova K.,0,0,hc,5.00,away,ft,2.645,4
zqrBXcrp,Lamens S.,Siniakova K.,0,0,hc,5.50,home,ft,1.35,2
zqrBXcrp,Lamens S.,Siniakova K.,0,0,hc,5.50,away,ft,3.05,2
zqrBXcrp,Lamens S.,Siniakova K.,0,0,hc,6.00,home,ft,1.22,2
zqrBXcrp,Lamens S.,Siniakova K.,0,0,hc,6.00,away,ft,4.05,2
zqrBXcrp,Lamens S.,Siniakova K.,0,0,hc,6.50,home,ft,1.19,2
zqrBXcrp,Lamens S.,Siniakova K.,0,0,hc,6.50,away,ft,3.92,2
zqrBXcrp,Lamens S.,Siniakova K.,0,0,hc,7.00,home,ft,1.15,2
zqrBXcrp,Lamens S.,Siniakova K.,0,0,hc,7.00,away,ft,5.05,2
C8kUzNz1,Tauson C.,Joint M.,0,0,ou,2.50,over,ft,2.295,2
C8kUzNz1,Tauson C.,Joint M.,0,0,ou,2.50,under,ft,1.67,2
C8kUzNz1,Tauson C.,Joint M.,0,0,ou,18.50,over,ft,1.27,4
C8kUzNz1,Tauson C.,Joint M.,0,0,ou,18.50,under,ft,3.587,4
C8kUzNz1,Tauson C.,Joint M.,0,0,ou,19.00,over,ft,1.32,2
C8kUzNz1,Tauson C.,Joint M.,0,0,ou,19.00,under,ft,2.99,2
C8kUzNz1,Tauson C.,Joint M.,0,0,ou,19.50,over,ft,1.44,2
C8kUzNz1,Tauson C.,Joint M.,0,0,ou,19.50,under,ft,2.55,2
C8kUzNz1,Tauson C.,Joint M.,0,0,ou,20.00,over,ft,1.51,2
C8kUzNz1,Tauson C.,Joint M.,0,0,ou,20.00,under,ft,2.39,2
C8kUzNz1,Tauson C.,Joint M.,0,0,ou,20.50,over,ft,1.644,7
C8kUzNz1,Tauson C.,Joint M.,0,0,ou,20.50,under,ft,2.183,7
C8kUzNz1,Tauson C.,Joint M.,0,0,ou,21.00,over,ft,1.764,5
C8kUzNz1,Tauson C.,Joint M.,0,0,ou,21.00,under,ft,2.038,5
C8kUzNz1,Tauson C.,Joint M.,0,0,ou,21.50,over,ft,1.874,7
C8kUzNz1,Tauson C.,Joint M.,0,0,ou,21.50,under,ft,1.919,7
C8kUzNz1,Tauson C.,Joint M.,0,0,ou,22.00,over,ft,1.998,5
C8kUzNz1,Tauson C.,Joint M.,0,0,ou,22.00,under,ft,1.796,5
C8kUzNz1,Tauson C.,Joint M.,0,0,ou,22.50,over,ft,2.081,7
C8kUzNz1,Tauson C.,Joint M.,0,0,ou,22.50,under,ft,1.713,7
C8kUzNz1,Tauson C.,Joint M.,0,0,ou,23.00,over,ft,2.228,4
C8kUzNz1,Tauson C.,Joint M.,0,0,ou,23.00,under,ft,1.635,4
C8kUzNz1,Tauson C.,Joint M.,0,0,ou,23.50,over,ft,2.31,2
C8kUzNz1,Tauson C.,Joint M.,0,0,ou,23.50,under,ft,1.53,2
C8kUzNz1,Tauson C.,Joint M.,0,0,ou,24.00,over,ft,2.38,2
C8kUzNz1,Tauson C.,Joint M.,0,0,ou,24.00,under,ft,1.49,2
C8kUzNz1,Tauson C.,Joint M.,0,0,ou,24.50,over,ft,2.3,4
C8kUzNz1,Tauson C.,Joint M.,0,0,ou,24.50,under,ft,1.577,4
C8kUzNz1,Tauson C.,Joint M.,0,0,ou,25.50,over,ft,2.79,2
C8kUzNz1,Tauson C.,Joint M.,0,0,ou,25.50,under,ft,1.36,2
C8kUzNz1,Tauson C.,Joint M.,0,0,ou,26.50,over,ft,2.94,4
C8kUzNz1,Tauson C.,Joint M.,0,0,ou,26.50,under,ft,1.375,4
C8kUzNz1,Tauson C.,Joint M.,0,0,hc,1.50,home,ft,1.232,4
C8kUzNz1,Tauson C.,Joint M.,0,0,hc,1.50,away,ft,4.128,4
C8kUzNz1,Tauson C.,Joint M.,0,0,hc,-1.50,home,ft,2.325,6
C8kUzNz1,Tauson C.,Joint M.,0,0,hc,-1.50,away,ft,1.573,6
C8kUzNz1,Tauson C.,Joint M.,0,0,hc,0,home,ft,1.53,2
C8kUzNz1,Tauson C.,Joint M.,0,0,hc,0,away,ft,2.41,2
C8kUzNz1,Tauson C.,Joint M.,0,0,hc,-0.50,home,ft,1.58,2
C8kUzNz1,Tauson C.,Joint M.,0,0,hc,-0.50,away,ft,2.3,2
C8kUzNz1,Tauson C.,Joint M.,0,0,hc,1.00,home,ft,1.46,2
C8kUzNz1,Tauson C.,Joint M.,0,0,hc,1.00,away,ft,2.45,2
C8kUzNz1,Tauson C.,Joint M.,0,0,hc,-1.00,home,ft,1.62,2
C8kUzNz1,Tauson C.,Joint M.,0,0,hc,-1.00,away,ft,2.23,2
C8kUzNz1,Tauson C.,Joint M.,0,0,hc,1.50,home,ft,1.4,2
C8kUzNz1,Tauson C.,Joint M.,0,0,hc,1.50,away,ft,2.92,2
C8kUzNz1,Tauson C.,Joint M.,0,0,hc,-1.50,home,ft,1.662,6
C8kUzNz1,Tauson C.,Joint M.,0,0,hc,-1.50,away,ft,2.148,6
C8kUzNz1,Tauson C.,Joint M.,0,0,hc,-2.00,home,ft,1.745,4
C8kUzNz1,Tauson C.,Joint M.,0,0,hc,-2.00,away,ft,2.072,4
C8kUzNz1,Tauson C.,Joint M.,0,0,hc,-2.50,home,ft,1.845,6
C8kUzNz1,Tauson C.,Joint M.,0,0,hc,-2.50,away,ft,1.943,6
C8kUzNz1,Tauson C.,Joint M.,0,0,hc,-3.00,home,ft,1.95,4
C8kUzNz1,Tauson C.,Joint M.,0,0,hc,-3.00,away,ft,1.848,4
C8kUzNz1,Tauson C.,Joint M.,0,0,hc,-3.50,home,ft,2.072,6
C8kUzNz1,Tauson C.,Joint M.,0,0,hc,-3.50,away,ft,1.718,6
C8kUzNz1,Tauson C.,Joint M.,0,0,hc,-4.00,home,ft,2.385,4
C8kUzNz1,Tauson C.,Joint M.,0,0,hc,-4.00,away,ft,1.575,4
C8kUzNz1,Tauson C.,Joint M.,0,0,hc,-4.50,home,ft,2.548,4
C8kUzNz1,Tauson C.,Joint M.,0,0,hc,-4.50,away,ft,1.468,4
C8kUzNz1,Tauson C.,Joint M.,0,0,hc,-5.00,home,ft,3.28,2
C8kUzNz1,Tauson C.,Joint M.,0,0,hc,-5.00,away,ft,1.31,2
C8kUzNz1,Tauson C.,Joint M.,0,0,hc,-5.50,home,ft,4.075,2
C8kUzNz1,Tauson C.,Joint M.,0,0,hc,-5.50,away,ft,1.235,2
jiEJ3x9k,Swiatek I.,Krejcikova B.,2,2,ou,2.50,over,ft,3.095,2
jiEJ3x9k,Swiatek I.,Krejcikova B.,2,2,ou,2.50,under,ft,1.4,2
jiEJ3x9k,Swiatek I.,Krejcikova B.,2,2,ou,15.50,over,ft,1.1,2
jiEJ3x9k,Swiatek I.,Krejcikova B.,2,2,ou,15.50,under,ft,5.57,2
jiEJ3x9k,Swiatek I.,Krejcikova B.,2,2,ou,16.50,over,ft,1.18,4
jiEJ3x9k,Swiatek I.,Krejcikova B.,2,2,ou,16.50,under,ft,4.518,4
jiEJ3x9k,Swiatek I.,Krejcikova B.,2,2,ou,17.00,over,ft,1.25,2
jiEJ3x9k,Swiatek I.,Krejcikova B.,2,2,ou,17.00,under,ft,3.42,2
jiEJ3x9k,Swiatek I.,Krejcikova B.,2,2,ou,17.50,over,ft,1.39,2
jiEJ3x9k,Swiatek I.,Krejcikova B.,2,2,ou,17.50,under,ft,2.73,2
jiEJ3x9k,Swiatek I.,Krejcikova B.,2,2,ou,18.00,over,ft,1.51,4
jiEJ3x9k,Swiatek I.,Krejcikova B.,2,2,ou,18.00,under,ft,2.518,4
jiEJ3x9k,Swiatek I.,Krejcikova B.,2,2,ou,18.50,over,ft,1.619,7
jiEJ3x9k,Swiatek I.,Krejcikova B.,2,2,ou,18.50,under,ft,2.226,7
jiEJ3x9k,Swiatek I.,Krejcikova B.,2,2,ou,19.00,over,ft,1.738,5
jiEJ3x9k,Swiatek I.,Krejcikova B.,2,2,ou,19.00,under,ft,2.074,5
jiEJ3x9k,Swiatek I.,Krejcikova B.,2,2,ou,19.50,over,ft,1.93,7
jiEJ3x9k,Swiatek I.,Krejcikova B.,2,2,ou,19.50,under,ft,1.861,7
jiEJ3x9k,Swiatek I.,Krejcikova B.,2,2,ou,20.00,over,ft,2.02,5
jiEJ3x9k,Swiatek I.,Krejcikova B.,2,2,ou,20.00,under,ft,1.778,5
jiEJ3x9k,Swiatek I.,Krejcikova B.,2,2,ou,20.50,over,ft,2.12,7
jiEJ3x9k,Swiatek I.,Krejcikova B.,2,2,ou,20.50,under,ft,1.676,7
jiEJ3x9k,Swiatek I.,Krejcikova B.,2,2,ou,21.00,over,ft,2.2,2
jiEJ3x9k,Swiatek I.,Krejcikova B.,2,2,ou,21.00,under,ft,1.6,2
jiEJ3x9k,Swiatek I.,Krejcikova B.,2,2,ou,21.50,over,ft,2.31,2
jiEJ3x9k,Swiatek I.,Krejcikova B.,2,2,ou,21.50,under,ft,1.53,2
jiEJ3x9k,Swiatek I.,Krejcikova B.,2,2,ou,22.00,over,ft,2.48,2
jiEJ3x9k,Swiatek I.,Krejcikova B.,2,2,ou,22.00,under,ft,1.45,2
jiEJ3x9k,Swiatek I.,Krejcikova B.,2,2,ou,22.50,over,ft,2.67,4
jiEJ3x9k,Swiatek I.,Krejcikova B.,2,2,ou,22.50,under,ft,1.44,4
jiEJ3x9k,Swiatek I.,Krejcikova B.,2,2,ou,23.50,over,ft,3.13,2
jiEJ3x9k,Swiatek I.,Krejcikova B.,2,2,ou,23.50,under,ft,1.29,2
jiEJ3x9k,Swiatek I.,Krejcikova B.,2,2,ou,24.50,over,ft,3.133,4
jiEJ3x9k,Swiatek I.,Krejcikova B.,2,2,ou,24.50,under,ft,1.333,4
jiEJ3x9k,Swiatek I.,Krejcikova B.,2,2,hc,1.50,home,ft,1.073,4
jiEJ3x9k,Swiatek I.,Krejcikova B.,2,2,hc,1.50,away,ft,7.925,4
jiEJ3x9k,Swiatek I.,Krejcikova B.,2,2,hc,-1.50,home,ft,1.587,6
jiEJ3x9k,Swiatek I.,Krejcikova B.,2,2,hc,-1.50,away,ft,2.295,6
jiEJ3x9k,Swiatek I.,Krejcikova B.,2,2,hc,-1.50,home,ft,1.17,2
jiEJ3x9k,Swiatek I.,Krejcikova B.,2,2,hc,-1.50,away,ft,4.985,2
jiEJ3x9k,Swiatek I.,Krejcikova B.,2,2,hc,-3.00,home,ft,1.3,2
jiEJ3x9k,Swiatek I.,Krejcikova B.,2,2,hc,-3.00,away,ft,3.34,2
jiEJ3x9k,Swiatek I.,Krejcikova B.,2,2,hc,-3.50,home,ft,1.36,4
jiEJ3x9k,Swiatek I.,Krejcikova B.,2,2,hc,-3.50,away,ft,3.067,4
jiEJ3x9k,Swiatek I.,Krejcikova B.,2,2,hc,-4.00,home,ft,1.44,2
jiEJ3x9k,Swiatek I.,Krejcikova B.,2,2,hc,-4.00,away,ft,2.67,2
jiEJ3x9k,Swiatek I.,Krejcikova B.,2,2,hc,-4.50,home,ft,1.575,6
jiEJ3x9k,Swiatek I.,Krejcikova B.,2,2,hc,-4.50,away,ft,2.337,6
jiEJ3x9k,Swiatek I.,Krejcikova B.,2,2,hc,-5.00,home,ft,1.738,4
jiEJ3x9k,Swiatek I.,Krejcikova B.,2,2,hc,-5.00,away,ft,2.085,4
jiEJ3x9k,Swiatek I.,Krejcikova B.,2,2,hc,-5.50,home,ft,1.934,5
jiEJ3x9k,Swiatek I.,Krejcikova B.,2,2,hc,-5.50,away,ft,1.87,5
jiEJ3x9k,Swiatek I.,Krejcikova B.,2,2,hc,-6.00,home,ft,2.3,4
jiEJ3x9k,Swiatek I.,Krejcikova B.,2,2,hc,-6.00,away,ft,1.615,4
jiEJ3x9k,Swiatek I.,Krejcikova B.,2,2,hc,-6.50,home,ft,2.547,6
jiEJ3x9k,Swiatek I.,Krejcikova B.,2,2,hc,-6.50,away,ft,1.493,6
jiEJ3x9k,Swiatek I.,Krejcikova B.,2,2,hc,-7.00,home,ft,3.44,2
jiEJ3x9k,Swiatek I.,Krejcikova B.,2,2,hc,-7.00,away,ft,1.29,2
jiEJ3x9k,Swiatek I.,Krejcikova B.,2,2,hc,-7.50,home,ft,4.367,4
jiEJ3x9k,Swiatek I.,Krejcikova B.,2,2,hc,-7.50,away,ft,1.205,4
jiEJ3x9k,Swiatek I.,Krejcikova B.,2,2,hc,-8.00,home,ft,6.0,2
jiEJ3x9k,Swiatek I.,Krejcikova B.,2,2,hc,-8.00,away,ft,1.11,2
UsawYARk,Krejcikova B.,Raducanu E.,2,2,ou,2.50,over,ft,2.447,3
UsawYARk,Krejcikova B.,Raducanu E.,2,2,ou,2.50,under,ft,1.573,3
UsawYARk,Krejcikova B.,Raducanu E.,2,2,ou,18.50,over,ft,1.3,2
UsawYARk,Krejcikova B.,Raducanu E.,2,2,ou,18.50,under,ft,3.12,2
UsawYARk,Krejcikova B.,Raducanu E.,2,2,ou,19.50,over,ft,1.51,2
UsawYARk,Krejcikova B.,Raducanu E.,2,2,ou,19.50,under,ft,2.57,2
UsawYARk,Krejcikova B.,Raducanu E.,2,2,ou,20.50,over,ft,1.701,7
UsawYARk,Krejcikova B.,Raducanu E.,2,2,ou,20.50,under,ft,2.109,7
UsawYARk,Krejcikova B.,Raducanu E.,2,2,ou,21.00,over,ft,1.818,5
UsawYARk,Krejcikova B.,Raducanu E.,2,2,ou,21.00,under,ft,1.974,5
UsawYARk,Krejcikova B.,Raducanu E.,2,2,ou,21.50,over,ft,1.884,7
UsawYARk,Krejcikova B.,Raducanu E.,2,2,ou,21.50,under,ft,1.9,7
UsawYARk,Krejcikova B.,Raducanu E.,2,2,ou,22.00,over,ft,2.05,5
UsawYARk,Krejcikova B.,Raducanu E.,2,2,ou,22.00,under,ft,1.758,5
UsawYARk,Krejcikova B.,Raducanu E.,2,2,ou,22.50,over,ft,2.13,7
UsawYARk,Krejcikova B.,Raducanu E.,2,2,ou,22.50,under,ft,1.693,7
UsawYARk,Krejcikova B.,Raducanu E.,2,2,ou,23.50,over,ft,2.317,3
UsawYARk,Krejcikova B.,Raducanu E.,2,2,ou,23.50,under,ft,1.597,3
UsawYARk,Krejcikova B.,Raducanu E.,2,2,ou,24.50,over,ft,2.6,2
UsawYARk,Krejcikova B.,Raducanu E.,2,2,ou,24.50,under,ft,1.41,2
UsawYARk,Krejcikova B.,Raducanu E.,2,2,ou,25.50,over,ft,2.93,2
UsawYARk,Krejcikova B.,Raducanu E.,2,2,ou,25.50,under,ft,1.33,2
UsawYARk,Krejcikova B.,Raducanu E.,2,2,ou,26.50,over,ft,3.42,2
UsawYARk,Krejcikova B.,Raducanu E.,2,2,ou,26.50,under,ft,1.25,2
UsawYARk,Krejcikova B.,Raducanu E.,2,2,hc,1.50,home,ft,1.427,6
UsawYARk,Krejcikova B.,Raducanu E.,2,2,hc,1.50,away,ft,2.752,6
UsawYARk,Krejcikova B.,Raducanu E.,2,2,hc,-1.50,home,ft,3.112,4
UsawYARk,Krejcikova B.,Raducanu E.,2,2,hc,-1.50,away,ft,1.36,4
UsawYARk,Krejcikova B.,Raducanu E.,2,2,hc,0,home,ft,2.035,4
UsawYARk,Krejcikova B.,Raducanu E.,2,2,hc,0,away,ft,1.805,4
UsawYARk,Krejcikova B.,Raducanu E.,2,2,hc,12.00,home,ft,1.86,1
UsawYARk,Krejcikova B.,Raducanu E.,2,2,hc,12.00,away,ft,1.7,1
UsawYARk,Krejcikova B.,Raducanu E.,2,2,hc,0.50,home,ft,1.948,6
UsawYARk,Krejcikova B.,Raducanu E.,2,2,hc,0.50,away,ft,1.838,6
UsawYARk,Krejcikova B.,Raducanu E.,2,2,hc,-0.50,home,ft,2.056,5
UsawYARk,Krejcikova B.,Raducanu E.,2,2,hc,-0.50,away,ft,1.768,5
UsawYARk,Krejcikova B.,Raducanu E.,2,2,hc,1.00,home,ft,1.907,4
UsawYARk,Krejcikova B.,Raducanu E.,2,2,hc,1.00,away,ft,1.922,4
UsawYARk,Krejcikova B.,Raducanu E.,2,2,hc,-1.00,home,ft,2.18,2
UsawYARk,Krejcikova B.,Raducanu E.,2,2,hc,-1.00,away,ft,1.69,2
UsawYARk,Krejcikova B.,Raducanu E.,2,2,hc,1.50,home,ft,1.838,6
UsawYARk,Krejcikova B.,Raducanu E.,2,2,hc,1.50,away,ft,1.945,6
UsawYARk,Krejcikova B.,Raducanu E.,2,2,hc,-1.50,home,ft,2.25,2
UsawYARk,Krejcikova B.,Raducanu E.,2,2,hc,-1.50,away,ft,1.65,2
UsawYARk,Krejcikova B.,Raducanu E.,2,2,hc,2.00,home,ft,1.768,4
UsawYARk,Krejcikova B.,Raducanu E.,2,2,hc,2.00,away,ft,2.077,4
UsawYARk,Krejcikova B.,Raducanu E.,2,2,hc,-2.00,home,ft,2.25,2
UsawYARk,Krejcikova B.,Raducanu E.,2,2,hc,-2.00,away,ft,1.54,2
UsawYARk,Krejcikova B.,Raducanu E.,2,2,hc,2.50,home,ft,1.724,5
UsawYARk,Krejcikova B.,Raducanu E.,2,2,hc,2.50,away,ft,2.086,5
UsawYARk,Krejcikova B.,Raducanu E.,2,2,hc,3.00,home,ft,1.597,3
UsawYARk,Krejcikova B.,Raducanu E.,2,2,hc,3.00,away,ft,2.227,3
UsawYARk,Krejcikova B.,Raducanu E.,2,2,hc,3.50,home,ft,1.58,5
UsawYARk,Krejcikova B.,Raducanu E.,2,2,hc,3.50,away,ft,2.258,5
UsawYARk,Krejcikova B.,Raducanu E.,2,2,hc,4.00,home,ft,1.49,3
UsawYARk,Krejcikova B.,Raducanu E.,2,2,hc,4.00,away,ft,2.503,3
UsawYARk,Krejcikova B.,Raducanu E.,2,2,hc,4.50,home,ft,1.47,3
UsawYARk,Krejcikova B.,Raducanu E.,2,2,hc,4.50,away,ft,2.557,3
UsawYARk,Krejcikova B.,Raducanu E.,2,2,hc,5.00,home,ft,1.3,2
UsawYARk,Krejcikova B.,Raducanu E.,2,2,hc,5.00,away,ft,3.12,2
UsawYARk,Krejcikova B.,Raducanu E.,2,2,hc,5.50,home,ft,1.28,2
UsawYARk,Krejcikova B.,Raducanu E.,2,2,hc,5.50,away,ft,3.22,2
6LZzjwOs,Siniakova K.,Kasatkina D.,2,2,ou,2.50,over,ft,2.38,1
6LZzjwOs,Siniakova K.,Kasatkina D.,2,2,ou,2.50,under,ft,1.62,1
6LZzjwOs,Siniakova K.,Kasatkina D.,2,2,ou,18.50,over,ft,1.31,2
6LZzjwOs,Siniakova K.,Kasatkina D.,2,2,ou,18.50,under,ft,3.03,2
6LZzjwOs,Siniakova K.,Kasatkina D.,2,2,ou,19.50,over,ft,1.51,2
6LZzjwOs,Siniakova K.,Kasatkina D.,2,2,ou,19.50,under,ft,2.57,2
6LZzjwOs,Siniakova K.,Kasatkina D.,2,2,ou,20.00,over,ft,1.57,2
6LZzjwOs,Siniakova K.,Kasatkina D.,2,2,ou,20.00,under,ft,2.41,2
6LZzjwOs,Siniakova K.,Kasatkina D.,2,2,ou,20.50,over,ft,1.705,6
6LZzjwOs,Siniakova K.,Kasatkina D.,2,2,ou,20.50,under,ft,2.098,6
6LZzjwOs,Siniakova K.,Kasatkina D.,2,2,ou,21.00,over,ft,1.788,4
6LZzjwOs,Siniakova K.,Kasatkina D.,2,2,ou,21.00,under,ft,2.025,4
6LZzjwOs,Siniakova K.,Kasatkina D.,2,2,ou,21.50,over,ft,1.89,6
6LZzjwOs,Siniakova K.,Kasatkina D.,2,2,ou,21.50,under,ft,1.898,6
6LZzjwOs,Siniakova K.,Kasatkina D.,2,2,ou,22.00,over,ft,2.02,4
6LZzjwOs,Siniakova K.,Kasatkina D.,2,2,ou,22.00,under,ft,1.765,4
6LZzjwOs,Siniakova K.,Kasatkina D.,2,2,ou,22.50,over,ft,2.155,6
6LZzjwOs,Siniakova K.,Kasatkina D.,2,2,ou,22.50,under,ft,1.635,6
6LZzjwOs,Siniakova K.,Kasatkina D.,2,2,ou,23.50,over,ft,2.45,2
6LZzjwOs,Siniakova K.,Kasatkina D.,2,2,ou,23.50,under,ft,1.46,2
6LZzjwOs,Siniakova K.,Kasatkina D.,2,2,ou,24.50,over,ft,2.64,2
6LZzjwOs,Siniakova K.,Kasatkina D.,2,2,ou,24.50,under,ft,1.4,2
6LZzjwOs,Siniakova K.,Kasatkina D.,2,2,ou,25.50,over,ft,3.03,2
6LZzjwOs,Siniakova K.,Kasatkina D.,2,2,ou,25.50,under,ft,1.31,2
6LZzjwOs,Siniakova K.,Kasatkina D.,2,2,ou,26.50,over,ft,3.6,2
6LZzjwOs,Siniakova K.,Kasatkina D.,2,2,ou,26.50,under,ft,1.23,2
6LZzjwOs,Siniakova K.,Kasatkina D.,2,2,hc,1.50,home,ft,1.434,5
6LZzjwOs,Siniakova K.,Kasatkina D.,2,2,hc,1.50,away,ft,2.676,5
6LZzjwOs,Siniakova K.,Kasatkina D.,2,2,hc,-1.50,home,ft,3.063,3
6LZzjwOs,Siniakova K.,Kasatkina D.,2,2,hc,-1.50,away,ft,1.353,3
6LZzjwOs,Siniakova K.,Kasatkina D.,2,2,hc,0,home,ft,2.033,3
6LZzjwOs,Siniakova K.,Kasatkina D.,2,2,hc,0,away,ft,1.797,3
6LZzjwOs,Siniakova K.,Kasatkina D.,2,2,hc,0.50,home,ft,1.932,5
6LZzjwOs,Siniakova K.,Kasatkina D.,2,2,hc,0.50,away,ft,1.84,5
6LZzjwOs,Siniakova K.,Kasatkina D.,2,2,hc,-0.50,home,ft,2.1,2
6LZzjwOs,Siniakova K.,Kasatkina D.,2,2,hc,-0.50,away,ft,1.74,2
6LZzjwOs,Siniakova K.,Kasatkina D.,2,2,hc,1.00,home,ft,1.887,3
6LZzjwOs,Siniakova K.,Kasatkina D.,2,2,hc,1.00,away,ft,1.9,3
6LZzjwOs,Siniakova K.,Kasatkina D.,2,2,hc,-1.00,home,ft,2.18,2
6LZzjwOs,Siniakova K.,Kasatkina D.,2,2,hc,-1.00,away,ft,1.69,2
6LZzjwOs,Siniakova K.,Kasatkina D.,2,2,hc,1.50,home,ft,1.833,4
6LZzjwOs,Siniakova K.,Kasatkina D.,2,2,hc,1.50,away,ft,1.96,4
6LZzjwOs,Siniakova K.,Kasatkina D.,2,2,hc,-1.50,home,ft,2.26,2
6LZzjwOs,Siniakova K.,Kasatkina D.,2,2,hc,-1.50,away,ft,1.64,2
6LZzjwOs,Siniakova K.,Kasatkina D.,2,2,hc,2.00,home,ft,1.773,3
6LZzjwOs,Siniakova K.,Kasatkina D.,2,2,hc,2.00,away,ft,2.067,3
6LZzjwOs,Siniakova K.,Kasatkina D.,2,2,hc,2.50,home,ft,1.724,5
6LZzjwOs,Siniakova K.,Kasatkina D.,2,2,hc,2.50,away,ft,2.08,5
6LZzjwOs,Siniakova K.,Kasatkina D.,2,2,hc,3.00,home,ft,1.54,2
6LZzjwOs,Siniakova K.,Kasatkina D.,2,2,hc,3.00,away,ft,2.25,2
6LZzjwOs,Siniakova K.,Kasatkina D.,2,2,hc,3.50,home,ft,1.543,3
6LZzjwOs,Siniakova K.,Kasatkina D.,2,2,hc,3.50,away,ft,2.303,3
6LZzjwOs,Siniakova K.,Kasatkina D.,2,2,hc,4.00,home,ft,1.48,2
6LZzjwOs,Siniakova K.,Kasatkina D.,2,2,hc,4.00,away,ft,2.41,2
6LZzjwOs,Siniakova K.,Kasatkina D.,2,2,hc,4.50,home,ft,1.41,2
6LZzjwOs,Siniakova K.,Kasatkina D.,2,2,hc,4.50,away,ft,2.61,2
6LZzjwOs,Siniakova K.,Kasatkina D.,2,2,hc,5.00,home,ft,1.31,2
6LZzjwOs,Siniakova K.,Kasatkina D.,2,2,hc,5.00,away,ft,3.03,2
rDsSN44K,Swiatek I.,Cirstea S.,2,2,ou,2.50,over,ft,4.01,2
rDsSN44K,Swiatek I.,Cirstea S.,2,2,ou,2.50,under,ft,1.25,2
rDsSN44K,Swiatek I.,Cirstea S.,2,2,ou,14.50,over,ft,1.07,2
rDsSN44K,Swiatek I.,Cirstea S.,2,2,ou,14.50,under,ft,6.45,2
rDsSN44K,Swiatek I.,Cirstea S.,2,2,ou,15.50,over,ft,1.2,2
rDsSN44K,Swiatek I.,Cirstea S.,2,2,ou,15.50,under,ft,4.585,2
rDsSN44K,Swiatek I.,Cirstea S.,2,2,ou,16.50,over,ft,1.432,4
rDsSN44K,Swiatek I.,Cirstea S.,2,2,ou,16.50,under,ft,2.708,4
rDsSN44K,Swiatek I.,Cirstea S.,2,2,ou,17.00,over,ft,1.563,3
rDsSN44K,Swiatek I.,Cirstea S.,2,2,ou,17.00,under,ft,2.3,3
rDsSN44K,Swiatek I.,Cirstea S.,2,2,ou,17.50,over,ft,1.658,6
rDsSN44K,Swiatek I.,Cirstea S.,2,2,ou,17.50,under,ft,2.175,6
rDsSN44K,Swiatek I.,Cirstea S.,2,2,ou,18.00,over,ft,1.73,4
rDsSN44K,Swiatek I.,Cirstea S.,2,2,ou,18.00,under,ft,2.067,4
rDsSN44K,Swiatek I.,Cirstea S.,2,2,ou,18.50,over,ft,1.942,6
rDsSN44K,Swiatek I.,Cirstea S.,2,2,ou,18.50,under,ft,1.838,6
rDsSN44K,Swiatek I.,Cirstea S.,2,2,ou,19.00,over,ft,2.062,4
rDsSN44K,Swiatek I.,Cirstea S.,2,2,ou,19.00,under,ft,1.735,4
rDsSN44K,Swiatek I.,Cirstea S.,2,2,ou,19.50,over,ft,2.313,6
rDsSN44K,Swiatek I.,Cirstea S.,2,2,ou,19.50,under,ft,1.583,6
rDsSN44K,Swiatek I.,Cirstea S.,2,2,ou,20.50,over,ft,2.483,3
rDsSN44K,Swiatek I.,Cirstea S.,2,2,ou,20.50,under,ft,1.457,3
rDsSN44K,Swiatek I.,Cirstea S.,2,2,ou,21.50,over,ft,2.79,2
rDsSN44K,Swiatek I.,Cirstea S.,2,2,ou,21.50,under,ft,1.36,2
rDsSN44K,Swiatek I.,Cirstea S.,2,2,ou,22.50,over,ft,3.24,2
rDsSN44K,Swiatek I.,Cirstea S.,2,2,ou,22.50,under,ft,1.28,2
rDsSN44K,Swiatek I.,Cirstea S.,2,2,ou,23.50,over,ft,3.53,2
rDsSN44K,Swiatek I.,Cirstea S.,2,2,ou,23.50,under,ft,1.24,2
rDsSN44K,Swiatek I.,Cirstea S.,2,2,hc,1.50,home,ft,1.023,3
rDsSN44K,Swiatek I.,Cirstea S.,2,2,hc,1.50,away,ft,10.673,3
rDsSN44K,Swiatek I.,Cirstea S.,2,2,hc,-1.50,home,ft,1.348,5
rDsSN44K,Swiatek I.,Cirstea S.,2,2,hc,-1.50,away,ft,3.024,5
rDsSN44K,Swiatek I.,Cirstea S.,2,2,hc,-3.50,home,ft,1.17,2
rDsSN44K,Swiatek I.,Cirstea S.,2,2,hc,-3.50,away,ft,4.19,2
rDsSN44K,Swiatek I.,Cirstea S.,2,2,hc,-4.00,home,ft,1.2,2
rDsSN44K,Swiatek I.,Cirstea S.,2,2,hc,-4.00,away,ft,3.82,2
rDsSN44K,Swiatek I.,Cirstea S.,2,2,hc,-4.50,home,ft,1.24,2
rDsSN44K,Swiatek I.,Cirstea S.,2,2,hc,-4.50,away,ft,4.04,2
rDsSN44K,Swiatek I.,Cirstea S.,2,2,hc,-5.00,home,ft,1.357,3
rDsSN44K,Swiatek I.,Cirstea S.,2,2,hc,-5.00,away,ft,3.283,3
rDsSN44K,Swiatek I.,Cirstea S.,2,2,hc,-5.50,home,ft,1.54,5
rDsSN44K,Swiatek I.,Cirstea S.,2,2,hc,-5.50,away,ft,2.464,5
rDsSN44K,Swiatek I.,Cirstea S.,2,2,hc,-6.00,home,ft,1.693,3
rDsSN44K,Swiatek I.,Cirstea S.,2,2,hc,-6.00,away,ft,2.23,3
rDsSN44K,Swiatek I.,Cirstea S.,2,2,hc,-6.50,home,ft,2.038,4
rDsSN44K,Swiatek I.,Cirstea S.,2,2,hc,-6.50,away,ft,1.775,4
rDsSN44K,Swiatek I.,Cirstea S.,2,2,hc,-7.00,home,ft,2.397,3
rDsSN44K,Swiatek I.,Cirstea S.,2,2,hc,-7.00,away,ft,1.593,3
rDsSN44K,Swiatek I.,Cirstea S.,2,2,hc,-7.50,home,ft,2.73,5
rDsSN44K,Swiatek I.,Cirstea S.,2,2,hc,-7.50,away,ft,1.44,5
rDsSN44K,Swiatek I.,Cirstea S.,2,2,hc,-8.00,home,ft,3.82,2
rDsSN44K,Swiatek I.,Cirstea S.,2,2,hc,-8.00,away,ft,1.26,2
rDsSN44K,Swiatek I.,Cirstea S.,2,2,hc,-8.50,home,ft,4.585,2
rDsSN44K,Swiatek I.,Cirstea S.,2,2,hc,-8.50,away,ft,1.2,2
p8KdgeXo,Haddad Maia B.,Seidel E.,1,1,ou,2.50,over,ft,2.37,2
p8KdgeXo,Haddad Maia B.,Seidel E.,1,1,ou,2.50,under,ft,1.595,2
p8KdgeXo,Haddad Maia B.,Seidel E.,1,1,ou,18.50,over,ft,1.29,2
p8KdgeXo,Haddad Maia B.,Seidel E.,1,1,ou,18.50,under,ft,3.13,2
p8KdgeXo,Haddad Maia B.,Seidel E.,1,1,ou,19.50,over,ft,1.49,3
p8KdgeXo,Haddad Maia B.,Seidel E.,1,1,ou,19.50,under,ft,2.413,3
p8KdgeXo,Haddad Maia B.,Seidel E.,1,1,ou,20.00,over,ft,1.62,1
p8KdgeXo,Haddad Maia B.,Seidel E.,1,1,ou,20.00,under,ft,2.11,1
p8KdgeXo,Haddad Maia B.,Seidel E.,1,1,ou,20.50,over,ft,1.62,6
p8KdgeXo,Haddad Maia B.,Seidel E.,1,1,ou,20.50,under,ft,2.152,6
p8KdgeXo,Haddad Maia B.,Seidel E.,1,1,ou,21.00,over,ft,1.762,4
p8KdgeXo,Haddad Maia B.,Seidel E.,1,1,ou,21.00,under,ft,2.025,4
p8KdgeXo,Haddad Maia B.,Seidel E.,1,1,ou,21.50,over,ft,1.82,6
p8KdgeXo,Haddad Maia B.,Seidel E.,1,1,ou,21.50,under,ft,1.912,6
p8KdgeXo,Haddad Maia B.,Seidel E.,1,1,ou,22.00,over,ft,2.002,4
p8KdgeXo,Haddad Maia B.,Seidel E.,1,1,ou,22.00,under,ft,1.782,4
p8KdgeXo,Haddad Maia B.,Seidel E.,1,1,ou,22.50,over,ft,2.015,6
p8KdgeXo,Haddad Maia B.,Seidel E.,1,1,ou,22.50,under,ft,1.765,6
p8KdgeXo,Haddad Maia B.,Seidel E.,1,1,ou,23.00,over,ft,2.205,2
p8KdgeXo,Haddad Maia B.,Seidel E.,1,1,ou,23.00,under,ft,1.665,2
p8KdgeXo,Haddad Maia B.,Seidel E.,1,1,ou,23.50,over,ft,2.253,3
p8KdgeXo,Haddad Maia B.,Seidel E.,1,1,ou,23.50,under,ft,1.553,3
p8KdgeXo,Haddad Maia B.,Seidel E.,1,1,ou,24.50,over,ft,2.397,3
p8KdgeXo,Haddad Maia B.,Seidel E.,1,1,ou,24.50,under,ft,1.487,3
p8KdgeXo,Haddad Maia B.,Seidel E.,1,1,ou,25.50,over,ft,2.75,2
p8KdgeXo,Haddad Maia B.,Seidel E.,1,1,ou,25.50,under,ft,1.37,2
p8KdgeXo,Haddad Maia B.,Seidel E.,1,1,ou,26.50,over,ft,3.083,3
p8KdgeXo,Haddad Maia B.,Seidel E.,1,1,ou,26.50,under,ft,1.31,3
p8KdgeXo,Haddad Maia B.,Seidel E.,1,1,hc,1.50,home,ft,1.32,3
p8KdgeXo,Haddad Maia B.,Seidel E.,1,1,hc,1.50,away,ft,3.25,3
p8KdgeXo,Haddad Maia B.,Seidel E.,1,1,hc,-1.50,home,ft,2.592,5
p8KdgeXo,Haddad Maia B.,Seidel E.,1,1,hc,-1.50,away,ft,1.458,5
p8KdgeXo,Haddad Maia B.,Seidel E.,1,1,hc,0,home,ft,1.67,2
p8KdgeXo,Haddad Maia B.,Seidel E.,1,1,hc,0,away,ft,2.02,2
p8KdgeXo,Haddad Maia B.,Seidel E.,1,1,hc,0.50,home,ft,1.63,2
p8KdgeXo,Haddad Maia B.,Seidel E.,1,1,hc,0.50,away,ft,2.08,2
p8KdgeXo,Haddad Maia B.,Seidel E.,1,1,hc,-0.50,home,ft,1.746,5
p8KdgeXo,Haddad Maia B.,Seidel E.,1,1,hc,-0.50,away,ft,1.978,5
p8KdgeXo,Haddad Maia B.,Seidel E.,1,1,hc,1.00,home,ft,1.54,2
p8KdgeXo,Haddad Maia B.,Seidel E.,1,1,hc,1.00,away,ft,2.25,2
p8KdgeXo,Haddad Maia B.,Seidel E.,1,1,hc,-1.00,home,ft,1.81,3
p8KdgeXo,Haddad Maia B.,Seidel E.,1,1,hc,-1.00,away,ft,1.92,3
p8KdgeXo,Haddad Maia B.,Seidel E.,1,1,hc,1.50,home,ft,1.51,2
p8KdgeXo,Haddad Maia B.,Seidel E.,1,1,hc,1.50,away,ft,2.33,2
p8KdgeXo,Haddad Maia B.,Seidel E.,1,1,hc,-1.50,home,ft,1.85,5
p8KdgeXo,Haddad Maia B.,Seidel E.,1,1,hc,-1.50,away,ft,1.928,5
p8KdgeXo,Haddad Maia B.,Seidel E.,1,1,hc,2.00,home,ft,1.49,2
p8KdgeXo,Haddad Maia B.,Seidel E.,1,1,hc,2.00,away,ft,2.38,2
p8KdgeXo,Haddad Maia B.,Seidel E.,1,1,hc,-2.00,home,ft,1.94,3
p8KdgeXo,Haddad Maia B.,Seidel E.,1,1,hc,-2.00,away,ft,1.793,3
p8KdgeXo,Haddad Maia B.,Seidel E.,1,1,hc,-2.50,home,ft,2.006,5
p8KdgeXo,Haddad Maia B.,Seidel E.,1,1,hc,-2.50,away,ft,1.728,5
p8KdgeXo,Haddad Maia B.,Seidel E.,1,1,hc,-3.00,home,ft,2.14,3
p8KdgeXo,Haddad Maia B.,Seidel E.,1,1,hc,-3.00,away,ft,1.637,3
p8KdgeXo,Haddad Maia B.,Seidel E.,1,1,hc,-3.50,home,ft,2.206,5
p8KdgeXo,Haddad Maia B.,Seidel E.,1,1,hc,-3.50,away,ft,1.6,5
p8KdgeXo,Haddad Maia B.,Seidel E.,1,1,hc,-4.00,home,ft,2.343,3
p8KdgeXo,Haddad Maia B.,Seidel E.,1,1,hc,-4.00,away,ft,1.553,3
p8KdgeXo,Haddad Maia B.,Seidel E.,1,1,hc,-4.50,home,ft,2.493,4
p8KdgeXo,Haddad Maia B.,Seidel E.,1,1,hc,-4.50,away,ft,1.49,4
YVPPM6Ui,Boisson L.,Alexandrova E.,1,1,ou,2.50,over,ft,2.855,2
YVPPM6Ui,Boisson L.,Alexandrova E.,1,1,ou,2.50,under,ft,1.425,2
YVPPM6Ui,Boisson L.,Alexandrova E.,1,1,ou,17.50,over,ft,1.38,2
YVPPM6Ui,Boisson L.,Alexandrova E.,1,1,ou,17.50,under,ft,3.08,2
YVPPM6Ui,Boisson L.,Alexandrova E.,1,1,ou,18.50,over,ft,1.538,4
YVPPM6Ui,Boisson L.,Alexandrova E.,1,1,ou,18.50,under,ft,2.413,4
YVPPM6Ui,Boisson L.,Alexandrova E.,1,1,ou,19.00,over,ft,1.595,2
YVPPM6Ui,Boisson L.,Alexandrova E.,1,1,ou,19.00,under,ft,2.335,2
YVPPM6Ui,Boisson L.,Alexandrova E.,1,1,ou,19.50,over,ft,1.748,6
YVPPM6Ui,Boisson L.,Alexandrova E.,1,1,ou,19.50,under,ft,2.038,6
YVPPM6Ui,Boisson L.,Alexandrova E.,1,1,ou,20.00,over,ft,1.865,4
YVPPM6Ui,Boisson L.,Alexandrova E.,1,1,ou,20.00,under,ft,1.935,4
YVPPM6Ui,Boisson L.,Alexandrova E.,1,1,ou,20.50,over,ft,1.96,6
YVPPM6Ui,Boisson L.,Alexandrova E.,1,1,ou,20.50,under,ft,1.815,6
YVPPM6Ui,Boisson L.,Alexandrova E.,1,1,ou,21.00,over,ft,2.105,4
YVPPM6Ui,Boisson L.,Alexandrova E.,1,1,ou,21.00,under,ft,1.725,4
YVPPM6Ui,Boisson L.,Alexandrova E.,1,1,ou,21.50,over,ft,2.193,6
YVPPM6Ui,Boisson L.,Alexandrova E.,1,1,ou,21.50,under,ft,1.647,6
YVPPM6Ui,Boisson L.,Alexandrova E.,1,1,ou,22.50,over,ft,2.4,3
YVPPM6Ui,Boisson L.,Alexandrova E.,1,1,ou,22.50,under,ft,1.487,3
YVPPM6Ui,Boisson L.,Alexandrova E.,1,1,ou,23.50,over,ft,2.64,2
YVPPM6Ui,Boisson L.,Alexandrova E.,1,1,ou,23.50,under,ft,1.4,2
YVPPM6Ui,Boisson L.,Alexandrova E.,1,1,ou,24.50,over,ft,2.843,3
YVPPM6Ui,Boisson L.,Alexandrova E.,1,1,ou,24.50,under,ft,1.357,3
YVPPM6Ui,Boisson L.,Alexandrova E.,1,1,ou,25.50,over,ft,3.13,2
YVPPM6Ui,Boisson L.,Alexandrova E.,1,1,ou,25.50,under,ft,1.29,2
YVPPM6Ui,Boisson L.,Alexandrova E.,1,1,hc,1.50,home,ft,2.182,5
YVPPM6Ui,Boisson L.,Alexandrova E.,1,1,hc,1.50,away,ft,1.63,5
YVPPM6Ui,Boisson L.,Alexandrova E.,1,1,hc,-1.50,home,ft,7.04,3
YVPPM6Ui,Boisson L.,Alexandrova E.,1,1,hc,-1.50,away,ft,1.087,3
YVPPM6Ui,Boisson L.,Alexandrova E.,1,1,hc,2.50,home,ft,3.15,2
YVPPM6Ui,Boisson L.,Alexandrova E.,1,1,hc,2.50,away,ft,1.33,2
YVPPM6Ui,Boisson L.,Alexandrova E.,1,1,hc,3.00,home,ft,2.95,2
YVPPM6Ui,Boisson L.,Alexandrova E.,1,1,hc,3.00,away,ft,1.37,2
YVPPM6Ui,Boisson L.,Alexandrova E.,1,1,hc,3.50,home,ft,2.607,4
YVPPM6Ui,Boisson L.,Alexandrova E.,1,1,hc,3.50,away,ft,1.468,4
YVPPM6Ui,Boisson L.,Alexandrova E.,1,1,hc,4.00,home,ft,2.457,3
YVPPM6Ui,Boisson L.,Alexandrova E.,1,1,hc,4.00,away,ft,1.557,3
YVPPM6Ui,Boisson L.,Alexandrova E.,1,1,hc,4.50,home,ft,2.075,4
YVPPM6Ui,Boisson L.,Alexandrova E.,1,1,hc,4.50,away,ft,1.742,4
YVPPM6Ui,Boisson L.,Alexandrova E.,1,1,hc,5.00,home,ft,1.893,3
YVPPM6Ui,Boisson L.,Alexandrova E.,1,1,hc,5.00,away,ft,1.927,3
YVPPM6Ui,Boisson L.,Alexandrova E.,1,1,hc,5.50,home,ft,1.692,5
YVPPM6Ui,Boisson L.,Alexandrova E.,1,1,hc,5.50,away,ft,2.12,5
YVPPM6Ui,Boisson L.,Alexandrova E.,1,1,hc,6.00,home,ft,1.507,3
YVPPM6Ui,Boisson L.,Alexandrova E.,1,1,hc,6.00,away,ft,2.61,3
YVPPM6Ui,Boisson L.,Alexandrova E.,1,1,hc,6.50,home,ft,1.433,3
YVPPM6Ui,Boisson L.,Alexandrova E.,1,1,hc,6.50,away,ft,2.74,3
YVPPM6Ui,Boisson L.,Alexandrova E.,1,1,hc,7.00,home,ft,1.24,2
YVPPM6Ui,Boisson L.,Alexandrova E.,1,1,hc,7.00,away,ft,4.04,2
YVPPM6Ui,Boisson L.,Alexandrova E.,1,1,hc,7.50,home,ft,1.16,2
YVPPM6Ui,Boisson L.,Alexandrova E.,1,1,hc,7.50,away,ft,4.4,2
txHIZp9U,Shnaider D.,Lamens S.,0,0,ou,2.50,over,ft,2.745,2
txHIZp9U,Shnaider D.,Lamens S.,0,0,ou,2.50,under,ft,1.46,2
txHIZp9U,Shnaider D.,Lamens S.,0,0,ou,17.50,over,ft,1.27,2
txHIZp9U,Shnaider D.,Lamens S.,0,0,ou,17.50,under,ft,3.31,2
txHIZp9U,Shnaider D.,Lamens S.,0,0,ou,18.50,over,ft,1.477,3
txHIZp9U,Shnaider D.,Lamens S.,0,0,ou,18.50,under,ft,2.607,3
txHIZp9U,Shnaider D.,Lamens S.,0,0,ou,19.00,over,ft,1.61,1
txHIZp9U,Shnaider D.,Lamens S.,0,0,ou,19.00,under,ft,2.36,1
txHIZp9U,Shnaider D.,Lamens S.,0,0,ou,19.50,over,ft,1.667,6
txHIZp9U,Shnaider D.,Lamens S.,0,0,ou,19.50,under,ft,2.168,6
txHIZp9U,Shnaider D.,Lamens S.,0,0,ou,20.00,over,ft,1.825,4
txHIZp9U,Shnaider D.,Lamens S.,0,0,ou,20.00,under,ft,1.95,4
txHIZp9U,Shnaider D.,Lamens S.,0,0,ou,20.50,over,ft,1.907,6
txHIZp9U,Shnaider D.,Lamens S.,0,0,ou,20.50,under,ft,1.862,6
txHIZp9U,Shnaider D.,Lamens S.,0,0,ou,21.00,over,ft,2.055,4
txHIZp9U,Shnaider D.,Lamens S.,0,0,ou,21.00,under,ft,1.735,4
txHIZp9U,Shnaider D.,Lamens S.,0,0,ou,21.50,over,ft,2.098,6
txHIZp9U,Shnaider D.,Lamens S.,0,0,ou,21.50,under,ft,1.702,6
txHIZp9U,Shnaider D.,Lamens S.,0,0,ou,22.00,over,ft,2.11,2
txHIZp9U,Shnaider D.,Lamens S.,0,0,ou,22.00,under,ft,1.68,2
txHIZp9U,Shnaider D.,Lamens S.,0,0,ou,22.50,over,ft,2.38,4
txHIZp9U,Shnaider D.,Lamens S.,0,0,ou,22.50,under,ft,1.545,4
txHIZp9U,Shnaider D.,Lamens S.,0,0,ou,23.50,over,ft,2.64,2
txHIZp9U,Shnaider D.,Lamens S.,0,0,ou,23.50,under,ft,1.4,2
txHIZp9U,Shnaider D.,Lamens S.,0,0,ou,24.50,over,ft,2.793,3
txHIZp9U,Shnaider D.,Lamens S.,0,0,ou,24.50,under,ft,1.363,3
txHIZp9U,Shnaider D.,Lamens S.,0,0,ou,25.50,over,ft,3.12,2
txHIZp9U,Shnaider D.,Lamens S.,0,0,ou,25.50,under,ft,1.3,2
txHIZp9U,Shnaider D.,Lamens S.,0,0,ou,26.50,over,ft,3.24,2
txHIZp9U,Shnaider D.,Lamens S.,0,0,ou,26.50,under,ft,1.28,2
txHIZp9U,Shnaider D.,Lamens S.,0,0,hc,1.50,home,ft,1.123,3
txHIZp9U,Shnaider D.,Lamens S.,0,0,hc,1.50,away,ft,5.803,3
txHIZp9U,Shnaider D.,Lamens S.,0,0,hc,-1.50,home,ft,1.84,5
txHIZp9U,Shnaider D.,Lamens S.,0,0,hc,-1.50,away,ft,1.89,5
txHIZp9U,Shnaider D.,Lamens S.,0,0,hc,0,home,ft,1.52,2
txHIZp9U,Shnaider D.,Lamens S.,0,0,hc,0,away,ft,2.31,2
txHIZp9U,Shnaider D.,Lamens S.,0,0,hc,-1.00,home,ft,1.59,2
txHIZp9U,Shnaider D.,Lamens S.,0,0,hc,-1.00,away,ft,2.15,2
txHIZp9U,Shnaider D.,Lamens S.,0,0,hc,-1.50,home,ft,1.49,2
txHIZp9U,Shnaider D.,Lamens S.,0,0,hc,-1.50,away,ft,2.38,2
txHIZp9U,Shnaider D.,Lamens S.,0,0,hc,-2.00,home,ft,1.36,2
txHIZp9U,Shnaider D.,Lamens S.,0,0,hc,-2.00,away,ft,2.79,2
txHIZp9U,Shnaider D.,Lamens S.,0,0,hc,-2.50,home,ft,1.49,3
txHIZp9U,Shnaider D.,Lamens S.,0,0,hc,-2.50,away,ft,2.573,3
txHIZp9U,Shnaider D.,Lamens S.,0,0,hc,-3.00,home,ft,1.58,3
txHIZp9U,Shnaider D.,Lamens S.,0,0,hc,-3.00,away,ft,2.413,3
txHIZp9U,Shnaider D.,Lamens S.,0,0,hc,-3.50,home,ft,1.592,5
txHIZp9U,Shnaider D.,Lamens S.,0,0,hc,-3.50,away,ft,2.3,5
txHIZp9U,Shnaider D.,Lamens S.,0,0,hc,-4.00,home,ft,1.717,3
txHIZp9U,Shnaider D.,Lamens S.,0,0,hc,-4.00,away,ft,2.153,3
txHIZp9U,Shnaider D.,Lamens S.,0,0,hc,-4.50,home,ft,1.85,4
txHIZp9U,Shnaider D.,Lamens S.,0,0,hc,-4.50,away,ft,1.945,4
txHIZp9U,Shnaider D.,Lamens S.,0,0,hc,-5.00,home,ft,2.14,3
txHIZp9U,Shnaider D.,Lamens S.,0,0,hc,-5.00,away,ft,1.727,3
txHIZp9U,Shnaider D.,Lamens S.,0,0,hc,-5.50,home,ft,2.366,5
txHIZp9U,Shnaider D.,Lamens S.,0,0,hc,-5.50,away,ft,1.566,5
txHIZp9U,Shnaider D.,Lamens S.,0,0,hc,-6.00,home,ft,3.05,3
txHIZp9U,Shnaider D.,Lamens S.,0,0,hc,-6.00,away,ft,1.39,3
txHIZp9U,Shnaider D.,Lamens S.,0,0,hc,-6.50,home,ft,3.63,2
txHIZp9U,Shnaider D.,Lamens S.,0,0,hc,-6.50,away,ft,1.29,2
lSkbCkyS,Joint M.,Kenin S.,2,2,ou,2.50,over,ft,2.45,2
lSkbCkyS,Joint M.,Kenin S.,2,2,ou,2.50,under,ft,1.555,2
lSkbCkyS,Joint M.,Kenin S.,2,2,ou,18.50,over,ft,1.31,2
lSkbCkyS,Joint M.,Kenin S.,2,2,ou,18.50,under,ft,3.03,2
lSkbCkyS,Joint M.,Kenin S.,2,2,ou,19.50,over,ft,1.48,2
lSkbCkyS,Joint M.,Kenin S.,2,2,ou,19.50,under,ft,2.41,2
lSkbCkyS,Joint M.,Kenin S.,2,2,ou,20.50,over,ft,1.685,6
lSkbCkyS,Joint M.,Kenin S.,2,2,ou,20.50,under,ft,2.068,6
lSkbCkyS,Joint M.,Kenin S.,2,2,ou,21.00,over,ft,1.795,4
lSkbCkyS,Joint M.,Kenin S.,2,2,ou,21.00,under,ft,1.985,4
lSkbCkyS,Joint M.,Kenin S.,2,2,ou,21.50,over,ft,1.875,6
lSkbCkyS,Joint M.,Kenin S.,2,2,ou,21.50,under,ft,1.862,6
lSkbCkyS,Joint M.,Kenin S.,2,2,ou,22.00,over,ft,2.015,4
lSkbCkyS,Joint M.,Kenin S.,2,2,ou,22.00,under,ft,1.77,4
lSkbCkyS,Joint M.,Kenin S.,2,2,ou,22.50,over,ft,2.133,6
lSkbCkyS,Joint M.,Kenin S.,2,2,ou,22.50,under,ft,1.648,6
lSkbCkyS,Joint M.,Kenin S.,2,2,ou,23.50,over,ft,2.35,2
lSkbCkyS,Joint M.,Kenin S.,2,2,ou,23.50,under,ft,1.5,2
lSkbCkyS,Joint M.,Kenin S.,2,2,ou,24.50,over,ft,2.477,3
lSkbCkyS,Joint M.,Kenin S.,2,2,ou,24.50,under,ft,1.467,3
lSkbCkyS,Joint M.,Kenin S.,2,2,ou,25.50,over,ft,2.78,2
lSkbCkyS,Joint M.,Kenin S.,2,2,ou,25.50,under,ft,1.36,2
lSkbCkyS,Joint M.,Kenin S.,2,2,ou,26.50,over,ft,3.117,3
lSkbCkyS,Joint M.,Kenin S.,2,2,ou,26.50,under,ft,1.31,3
lSkbCkyS,Joint M.,Kenin S.,2,2,hc,1.50,home,ft,1.267,3
lSkbCkyS,Joint M.,Kenin S.,2,2,hc,1.50,away,ft,3.627,3
lSkbCkyS,Joint M.,Kenin S.,2,2,hc,-1.50,home,ft,2.46,5
lSkbCkyS,Joint M.,Kenin S.,2,2,hc,-1.50,away,ft,1.502,5
lSkbCkyS,Joint M.,Kenin S.,2,2,hc,0,home,ft,1.56,2
lSkbCkyS,Joint M.,Kenin S.,2,2,hc,0,away,ft,2.21,2
lSkbCkyS,Joint M.,Kenin S.,2,2,hc,0.50,home,ft,1.57,2
lSkbCkyS,Joint M.,Kenin S.,2,2,hc,0.50,away,ft,2.19,2
lSkbCkyS,Joint M.,Kenin S.,2,2,hc,-0.50,home,ft,1.64,3
lSkbCkyS,Joint M.,Kenin S.,2,2,hc,-0.50,away,ft,2.087,3
lSkbCkyS,Joint M.,Kenin S.,2,2,hc,1.00,home,ft,1.49,2
lSkbCkyS,Joint M.,Kenin S.,2,2,hc,1.00,away,ft,2.38,2
lSkbCkyS,Joint M.,Kenin S.,2,2,hc,-1.00,home,ft,1.65,2
lSkbCkyS,Joint M.,Kenin S.,2,2,hc,-1.00,away,ft,2.05,2
lSkbCkyS,Joint M.,Kenin S.,2,2,hc,1.50,home,ft,1.5,2
lSkbCkyS,Joint M.,Kenin S.,2,2,hc,1.50,away,ft,2.34,2
lSkbCkyS,Joint M.,Kenin S.,2,2,hc,-1.50,home,ft,1.734,5
lSkbCkyS,Joint M.,Kenin S.,2,2,hc,-1.50,away,ft,2.006,5
lSkbCkyS,Joint M.,Kenin S.,2,2,hc,-2.00,home,ft,1.803,3
lSkbCkyS,Joint M.,Kenin S.,2,2,hc,-2.00,away,ft,1.927,3
lSkbCkyS,Joint M.,Kenin S.,2,2,hc,-2.50,home,ft,1.877,4
lSkbCkyS,Joint M.,Kenin S.,2,2,hc,-2.50,away,ft,1.845,4
lSkbCkyS,Joint M.,Kenin S.,2,2,hc,-3.00,home,ft,2.0,3
lSkbCkyS,Joint M.,Kenin S.,2,2,hc,-3.00,away,ft,1.743,3
lSkbCkyS,Joint M.,Kenin S.,2,2,hc,-3.50,home,ft,2.1,5
lSkbCkyS,Joint M.,Kenin S.,2,2,hc,-3.50,away,ft,1.658,5
lSkbCkyS,Joint M.,Kenin S.,2,2,hc,-4.00,home,ft,2.31,2
lSkbCkyS,Joint M.,Kenin S.,2,2,hc,-4.00,away,ft,1.52,2
lSkbCkyS,Joint M.,Kenin S.,2,2,hc,-4.50,home,ft,2.52,2
lSkbCkyS,Joint M.,Kenin S.,2,2,hc,-4.50,away,ft,1.44,2
OnB7NS7t,Tauson C.,Lys E.,2,2,ou,2.50,over,ft,2.43,2
OnB7NS7t,Tauson C.,Lys E.,2,2,ou,2.50,under,ft,1.565,2
OnB7NS7t,Tauson C.,Lys E.,2,2,ou,18.50,over,ft,1.31,2
OnB7NS7t,Tauson C.,Lys E.,2,2,ou,18.50,under,ft,3.05,2
OnB7NS7t,Tauson C.,Lys E.,2,2,ou,19.50,over,ft,1.51,3
OnB7NS7t,Tauson C.,Lys E.,2,2,ou,19.50,under,ft,2.373,3
OnB7NS7t,Tauson C.,Lys E.,2,2,ou,20.00,over,ft,1.66,2
OnB7NS7t,Tauson C.,Lys E.,2,2,ou,20.00,under,ft,2.115,2
OnB7NS7t,Tauson C.,Lys E.,2,2,ou,20.50,over,ft,1.673,6
OnB7NS7t,Tauson C.,Lys E.,2,2,ou,20.50,under,ft,2.087,6
OnB7NS7t,Tauson C.,Lys E.,2,2,ou,21.00,over,ft,1.82,4
OnB7NS7t,Tauson C.,Lys E.,2,2,ou,21.00,under,ft,1.955,4
OnB7NS7t,Tauson C.,Lys E.,2,2,ou,21.50,over,ft,1.875,6
OnB7NS7t,Tauson C.,Lys E.,2,2,ou,21.50,under,ft,1.853,6
OnB7NS7t,Tauson C.,Lys E.,2,2,ou,22.00,over,ft,2.06,4
OnB7NS7t,Tauson C.,Lys E.,2,2,ou,22.00,under,ft,1.738,4
OnB7NS7t,Tauson C.,Lys E.,2,2,ou,22.50,over,ft,2.125,6
OnB7NS7t,Tauson C.,Lys E.,2,2,ou,22.50,under,ft,1.652,6
OnB7NS7t,Tauson C.,Lys E.,2,2,ou,23.50,over,ft,2.37,2
OnB7NS7t,Tauson C.,Lys E.,2,2,ou,23.50,under,ft,1.49,2
OnB7NS7t,Tauson C.,Lys E.,2,2,ou,24.50,over,ft,2.483,3
OnB7NS7t,Tauson C.,Lys E.,2,2,ou,24.50,under,ft,1.46,3
OnB7NS7t,Tauson C.,Lys E.,2,2,ou,25.50,over,ft,2.84,2
OnB7NS7t,Tauson C.,Lys E.,2,2,ou,25.50,under,ft,1.35,2
OnB7NS7t,Tauson C.,Lys E.,2,2,ou,26.50,over,ft,3.223,3
OnB7NS7t,Tauson C.,Lys E.,2,2,ou,26.50,under,ft,1.287,3
OnB7NS7t,Tauson C.,Lys E.,2,2,hc,1.50,home,ft,1.263,3
OnB7NS7t,Tauson C.,Lys E.,2,2,hc,1.50,away,ft,3.663,3
OnB7NS7t,Tauson C.,Lys E.,2,2,hc,-1.50,home,ft,2.36,5
OnB7NS7t,Tauson C.,Lys E.,2,2,hc,-1.50,away,ft,1.542,5
OnB7NS7t,Tauson C.,Lys E.,2,2,hc,0,home,ft,1.57,2
OnB7NS7t,Tauson C.,Lys E.,2,2,hc,0,away,ft,2.19,2
OnB7NS7t,Tauson C.,Lys E.,2,2,hc,-0.50,home,ft,1.58,2
OnB7NS7t,Tauson C.,Lys E.,2,2,hc,-0.50,away,ft,2.17,2
OnB7NS7t,Tauson C.,Lys E.,2,2,hc,1.00,home,ft,1.5,2
OnB7NS7t,Tauson C.,Lys E.,2,2,hc,1.00,away,ft,2.35,2
OnB7NS7t,Tauson C.,Lys E.,2,2,hc,-1.00,home,ft,1.62,2
OnB7NS7t,Tauson C.,Lys E.,2,2,hc,-1.00,away,ft,2.1,2
OnB7NS7t,Tauson C.,Lys E.,2,2,hc,-1.50,home,ft,1.674,5
OnB7NS7t,Tauson C.,Lys E.,2,2,hc,-1.50,away,ft,2.094,5
OnB7NS7t,Tauson C.,Lys E.,2,2,hc,-2.00,home,ft,1.773,3
OnB7NS7t,Tauson C.,Lys E.,2,2,hc,-2.00,away,ft,1.96,3
OnB7NS7t,Tauson C.,Lys E.,2,2,hc,-2.50,home,ft,1.844,5
OnB7NS7t,Tauson C.,Lys E.,2,2,hc,-2.50,away,ft,1.894,5
OnB7NS7t,Tauson C.,Lys E.,2,2,hc,-3.00,home,ft,1.983,3
OnB7NS7t,Tauson C.,Lys E.,2,2,hc,-3.00,away,ft,1.753,3
OnB7NS7t,Tauson C.,Lys E.,2,2,hc,-3.50,home,ft,2.11,5
OnB7NS7t,Tauson C.,Lys E.,2,2,hc,-3.50,away,ft,1.658,5
OnB7NS7t,Tauson C.,Lys E.,2,2,hc,-4.00,home,ft,2.377,3
OnB7NS7t,Tauson C.,Lys E.,2,2,hc,-4.00,away,ft,1.533,3
OnB7NS7t,Tauson C.,Lys E.,2,2,hc,-4.50,home,ft,2.476,5
OnB7NS7t,Tauson C.,Lys E.,2,2,hc,-4.50,away,ft,1.486,5
OnB7NS7t,Tauson C.,Lys E.,2,2,hc,-5.00,home,ft,2.76,2
OnB7NS7t,Tauson C.,Lys E.,2,2,hc,-5.00,away,ft,1.37,2
OnB7NS7t,Tauson C.,Lys E.,2,2,hc,-5.50,home,ft,2.903,3
OnB7NS7t,Tauson C.,Lys E.,2,2,hc,-5.50,away,ft,1.357,3
OnB7NS7t,Tauson C.,Lys E.,2,2,hc,-6.00,home,ft,3.27,2
OnB7NS7t,Tauson C.,Lys E.,2,2,hc,-6.00,away,ft,1.27,2
OnB7NS7t,Tauson C.,Lys E.,2,2,hc,-6.50,home,ft,3.64,2
OnB7NS7t,Tauson C.,Lys E.,2,2,hc,-6.50,away,ft,1.22,2
2R5cEbWs,Cristian J.,Raducanu E.,0,0,ou,2.50,over,ft,2.88,2
2R5cEbWs,Cristian J.,Raducanu E.,0,0,ou,2.50,under,ft,1.425,2
2R5cEbWs,Cristian J.,Raducanu E.,0,0,ou,16.50,over,ft,1.16,2
2R5cEbWs,Cristian J.,Raducanu E.,0,0,ou,16.50,under,ft,4.4,2
2R5cEbWs,Cristian J.,Raducanu E.,0,0,ou,17.50,over,ft,1.33,2
2R5cEbWs,Cristian J.,Raducanu E.,0,0,ou,17.50,under,ft,2.95,2
2R5cEbWs,Cristian J.,Raducanu E.,0,0,ou,18.50,over,ft,1.505,4
2R5cEbWs,Cristian J.,Raducanu E.,0,0,ou,18.50,under,ft,2.36,4
2R5cEbWs,Cristian J.,Raducanu E.,0,0,ou,19.00,over,ft,1.608,4
2R5cEbWs,Cristian J.,Raducanu E.,0,0,ou,19.00,under,ft,2.28,4
2R5cEbWs,Cristian J.,Raducanu E.,0,0,ou,19.50,over,ft,1.71,6
2R5cEbWs,Cristian J.,Raducanu E.,0,0,ou,19.50,under,ft,2.023,6
2R5cEbWs,Cristian J.,Raducanu E.,0,0,ou,20.00,over,ft,1.828,4
2R5cEbWs,Cristian J.,Raducanu E.,0,0,ou,20.00,under,ft,1.947,4
2R5cEbWs,Cristian J.,Raducanu E.,0,0,ou,20.50,over,ft,1.958,6
2R5cEbWs,Cristian J.,Raducanu E.,0,0,ou,20.50,under,ft,1.815,6
2R5cEbWs,Cristian J.,Raducanu E.,0,0,ou,21.00,over,ft,2.092,4
2R5cEbWs,Cristian J.,Raducanu E.,0,0,ou,21.00,under,ft,1.715,4
2R5cEbWs,Cristian J.,Raducanu E.,0,0,ou,21.50,over,ft,2.188,6
2R5cEbWs,Cristian J.,Raducanu E.,0,0,ou,21.50,under,ft,1.615,6
2R5cEbWs,Cristian J.,Raducanu E.,0,0,ou,22.00,over,ft,2.05,2
2R5cEbWs,Cristian J.,Raducanu E.,0,0,ou,22.00,under,ft,1.72,2
2R5cEbWs,Cristian J.,Raducanu E.,0,0,ou,22.50,over,ft,2.535,4
2R5cEbWs,Cristian J.,Raducanu E.,0,0,ou,22.50,under,ft,1.46,4
2R5cEbWs,Cristian J.,Raducanu E.,0,0,ou,23.50,over,ft,3.05,2
2R5cEbWs,Cristian J.,Raducanu E.,0,0,ou,23.50,under,ft,1.31,2
2R5cEbWs,Cristian J.,Raducanu E.,0,0,ou,24.50,over,ft,3.187,3
2R5cEbWs,Cristian J.,Raducanu E.,0,0,ou,24.50,under,ft,1.297,3
2R5cEbWs,Cristian J.,Raducanu E.,0,0,ou,25.50,over,ft,3.92,2
2R5cEbWs,Cristian J.,Raducanu E.,0,0,ou,25.50,under,ft,1.19,2
2R5cEbWs,Cristian J.,Raducanu E.,0,0,hc,1.50,home,ft,2.032,5
2R5cEbWs,Cristian J.,Raducanu E.,0,0,hc,1.50,away,ft,1.73,5
2R5cEbWs,Cristian J.,Raducanu E.,0,0,hc,-1.50,home,ft,5.717,3
2R5cEbWs,Cristian J.,Raducanu E.,0,0,hc,-1.50,away,ft,1.123,3
2R5cEbWs,Cristian J.,Raducanu E.,0,0,hc,0.50,home,ft,3.37,2
2R5cEbWs,Cristian J.,Raducanu E.,0,0,hc,0.50,away,ft,1.26,2
2R5cEbWs,Cristian J.,Raducanu E.,0,0,hc,-0.50,home,ft,3.67,2
2R5cEbWs,Cristian J.,Raducanu E.,0,0,hc,-0.50,away,ft,1.22,2
2R5cEbWs,Cristian J.,Raducanu E.,0,0,hc,1.50,home,ft,2.58,2
2R5cEbWs,Cristian J.,Raducanu E.,0,0,hc,1.50,away,ft,1.42,2
2R5cEbWs,Cristian J.,Raducanu E.,0,0,hc,2.00,home,ft,2.49,2
2R5cEbWs,Cristian J.,Raducanu E.,0,0,hc,2.00,away,ft,1.45,2
2R5cEbWs,Cristian J.,Raducanu E.,0,0,hc,2.50,home,ft,2.697,3
2R5cEbWs,Cristian J.,Raducanu E.,0,0,hc,2.50,away,ft,1.41,3
2R5cEbWs,Cristian J.,Raducanu E.,0,0,hc,3.00,home,ft,2.68,2
2R5cEbWs,Cristian J.,Raducanu E.,0,0,hc,3.00,away,ft,1.39,2
2R5cEbWs,Cristian J.,Raducanu E.,0,0,hc,3.50,home,ft,2.35,5
2R5cEbWs,Cristian J.,Raducanu E.,0,0,hc,3.50,away,ft,1.538,5
2R5cEbWs,Cristian J.,Raducanu E.,0,0,hc,4.00,home,ft,2.127,3
2R5cEbWs,Cristian J.,Raducanu E.,0,0,hc,4.00,away,ft,1.653,3
2R5cEbWs,Cristian J.,Raducanu E.,0,0,hc,4.50,home,ft,1.942,4
2R5cEbWs,Cristian J.,Raducanu E.,0,0,hc,4.50,away,ft,1.837,4
2R5cEbWs,Cristian J.,Raducanu E.,0,0,hc,5.00,home,ft,1.677,3
2R5cEbWs,Cristian J.,Raducanu E.,0,0,hc,5.00,away,ft,2.09,3
2R5cEbWs,Cristian J.,Raducanu E.,0,0,hc,5.50,home,ft,1.566,5
2R5cEbWs,Cristian J.,Raducanu E.,0,0,hc,5.50,away,ft,2.276,5
2R5cEbWs,Cristian J.,Raducanu E.,0,0,hc,6.00,home,ft,1.33,2
2R5cEbWs,Cristian J.,Raducanu E.,0,0,hc,6.00,away,ft,2.92,2
2R5cEbWs,Cristian J.,Raducanu E.,0,0,hc,6.50,home,ft,1.27,2
2R5cEbWs,Cristian J.,Raducanu E.,0,0,hc,6.50,away,ft,3.27,2
2R5cEbWs,Cristian J.,Raducanu E.,0,0,hc,7.00,home,ft,1.18,2
2R5cEbWs,Cristian J.,Raducanu E.,0,0,hc,7.00,away,ft,4.09,2
Q1MbGo2S,Haddad Maia B.,Back D.,2,2,ou,2.50,over,ft,3.7,2
Q1MbGo2S,Haddad Maia B.,Back D.,2,2,ou,2.50,under,ft,1.28,2
Q1MbGo2S,Haddad Maia B.,Back D.,2,2,ou,14.50,over,ft,1.07,2
Q1MbGo2S,Haddad Maia B.,Back D.,2,2,ou,14.50,under,ft,6.28,2
Q1MbGo2S,Haddad Maia B.,Back D.,2,2,ou,15.50,over,ft,1.16,2
Q1MbGo2S,Haddad Maia B.,Back D.,2,2,ou,15.50,under,ft,4.3,2
Q1MbGo2S,Haddad Maia B.,Back D.,2,2,ou,16.50,over,ft,1.33,2
Q1MbGo2S,Haddad Maia B.,Back D.,2,2,ou,16.50,under,ft,2.93,2
Q1MbGo2S,Haddad Maia B.,Back D.,2,2,ou,17.50,over,ft,1.58,6
Q1MbGo2S,Haddad Maia B.,Back D.,2,2,ou,17.50,under,ft,2.267,6
Q1MbGo2S,Haddad Maia B.,Back D.,2,2,ou,18.00,over,ft,1.77,4
Q1MbGo2S,Haddad Maia B.,Back D.,2,2,ou,18.00,under,ft,2.013,4
Q1MbGo2S,Haddad Maia B.,Back D.,2,2,ou,18.50,over,ft,1.875,6
Q1MbGo2S,Haddad Maia B.,Back D.,2,2,ou,18.50,under,ft,1.872,6
Q1MbGo2S,Haddad Maia B.,Back D.,2,2,ou,19.00,over,ft,2.103,4
Q1MbGo2S,Haddad Maia B.,Back D.,2,2,ou,19.00,under,ft,1.705,4
Q1MbGo2S,Haddad Maia B.,Back D.,2,2,ou,19.50,over,ft,2.202,6
Q1MbGo2S,Haddad Maia B.,Back D.,2,2,ou,19.50,under,ft,1.615,6
Q1MbGo2S,Haddad Maia B.,Back D.,2,2,ou,20.00,over,ft,2.25,2
Q1MbGo2S,Haddad Maia B.,Back D.,2,2,ou,20.00,under,ft,1.595,2
Q1MbGo2S,Haddad Maia B.,Back D.,2,2,ou,20.50,over,ft,2.64,2
Q1MbGo2S,Haddad Maia B.,Back D.,2,2,ou,20.50,under,ft,1.4,2
Q1MbGo2S,Haddad Maia B.,Back D.,2,2,ou,21.50,over,ft,3.03,2
Q1MbGo2S,Haddad Maia B.,Back D.,2,2,ou,21.50,under,ft,1.31,2
Q1MbGo2S,Haddad Maia B.,Back D.,2,2,ou,22.50,over,ft,3.53,2
Q1MbGo2S,Haddad Maia B.,Back D.,2,2,ou,22.50,under,ft,1.24,2
Q1MbGo2S,Haddad Maia B.,Back D.,2,2,ou,23.50,over,ft,3.92,2
Q1MbGo2S,Haddad Maia B.,Back D.,2,2,ou,23.50,under,ft,1.19,2
Q1MbGo2S,Haddad Maia B.,Back D.,2,2,ou,31.50,over,ft,8.8,2
Q1MbGo2S,Haddad Maia B.,Back D.,2,2,ou,31.50,under,ft,1.02,2
Q1MbGo2S,Haddad Maia B.,Back D.,2,2,ou,32.50,over,ft,9.35,2
Q1MbGo2S,Haddad Maia B.,Back D.,2,2,ou,33.50,over,ft,9.7,2
Q1MbGo2S,Haddad Maia B.,Back D.,2,2,hc,1.50,home,ft,1.04,3
Q1MbGo2S,Haddad Maia B.,Back D.,2,2,hc,1.50,away,ft,9.81,3
Q1MbGo2S,Haddad Maia B.,Back D.,2,2,hc,-1.50,home,ft,1.402,5
Q1MbGo2S,Haddad Maia B.,Back D.,2,2,hc,-1.50,away,ft,2.782,5
Q1MbGo2S,Haddad Maia B.,Back D.,2,2,hc,-3.50,home,ft,1.25,2
Q1MbGo2S,Haddad Maia B.,Back D.,2,2,hc,-3.50,away,ft,3.4,2
Q1MbGo2S,Haddad Maia B.,Back D.,2,2,hc,-4.00,home,ft,1.17,2
Q1MbGo2S,Haddad Maia B.,Back D.,2,2,hc,-4.00,away,ft,4.22,2
Q1MbGo2S,Haddad Maia B.,Back D.,2,2,hc,-4.50,home,ft,1.37,3
Q1MbGo2S,Haddad Maia B.,Back D.,2,2,hc,-4.50,away,ft,2.803,3
Q1MbGo2S,Haddad Maia B.,Back D.,2,2,hc,-5.00,home,ft,1.417,3
Q1MbGo2S,Haddad Maia B.,Back D.,2,2,hc,-5.00,away,ft,2.707,3
Q1MbGo2S,Haddad Maia B.,Back D.,2,2,hc,-5.50,home,ft,1.6,5
Q1MbGo2S,Haddad Maia B.,Back D.,2,2,hc,-5.50,away,ft,2.226,5
Q1MbGo2S,Haddad Maia B.,Back D.,2,2,hc,-6.00,home,ft,1.74,3
Q1MbGo2S,Haddad Maia B.,Back D.,2,2,hc,-6.00,away,ft,2.003,3
Q1MbGo2S,Haddad Maia B.,Back D.,2,2,hc,-6.50,home,ft,2.002,5
Q1MbGo2S,Haddad Maia B.,Back D.,2,2,hc,-6.50,away,ft,1.738,5
Q1MbGo2S,Haddad Maia B.,Back D.,2,2,hc,-7.00,home,ft,2.41,3
Q1MbGo2S,Haddad Maia B.,Back D.,2,2,hc,-7.00,away,ft,1.517,3
Q1MbGo2S,Haddad Maia B.,Back D.,2,2,hc,-7.50,home,ft,2.792,5
Q1MbGo2S,Haddad Maia B.,Back D.,2,2,hc,-7.50,away,ft,1.392,5
Q1MbGo2S,Haddad Maia B.,Back D.,2,2,hc,-8.00,home,ft,3.82,2
Q1MbGo2S,Haddad Maia B.,Back D.,2,2,hc,-8.00,away,ft,1.2,2
Q1MbGo2S,Haddad Maia B.,Back D.,2,2,hc,-8.50,home,ft,4.3,2
Q1MbGo2S,Haddad Maia B.,Back D.,2,2,hc,-8.50,away,ft,1.16,2
Ia1w93f2,Lamens S.,Maria T.,2,2,ou,2.50,over,ft,2.62,1
Ia1w93f2,Lamens S.,Maria T.,2,2,ou,2.50,under,ft,1.53,1
Ia1w93f2,Lamens S.,Maria T.,2,2,ou,17.50,over,ft,1.21,2
Ia1w93f2,Lamens S.,Maria T.,2,2,ou,17.50,under,ft,3.72,2
Ia1w93f2,Lamens S.,Maria T.,2,2,ou,18.50,over,ft,1.36,2
Ia1w93f2,Lamens S.,Maria T.,2,2,ou,18.50,under,ft,2.79,2
Ia1w93f2,Lamens S.,Maria T.,2,2,ou,19.50,over,ft,1.593,3
Ia1w93f2,Lamens S.,Maria T.,2,2,ou,19.50,under,ft,2.24,3
Ia1w93f2,Lamens S.,Maria T.,2,2,ou,20.00,over,ft,1.675,4
Ia1w93f2,Lamens S.,Maria T.,2,2,ou,20.00,under,ft,2.155,4
Ia1w93f2,Lamens S.,Maria T.,2,2,ou,20.50,over,ft,1.757,6
Ia1w93f2,Lamens S.,Maria T.,2,2,ou,20.50,under,ft,1.997,6
Ia1w93f2,Lamens S.,Maria T.,2,2,ou,21.00,over,ft,1.855,4
Ia1w93f2,Lamens S.,Maria T.,2,2,ou,21.00,under,ft,1.92,4
Ia1w93f2,Lamens S.,Maria T.,2,2,ou,21.50,over,ft,1.975,6
Ia1w93f2,Lamens S.,Maria T.,2,2,ou,21.50,under,ft,1.792,6
Ia1w93f2,Lamens S.,Maria T.,2,2,ou,22.00,over,ft,2.11,4
Ia1w93f2,Lamens S.,Maria T.,2,2,ou,22.00,under,ft,1.7,4
Ia1w93f2,Lamens S.,Maria T.,2,2,ou,22.50,over,ft,2.226,5
Ia1w93f2,Lamens S.,Maria T.,2,2,ou,22.50,under,ft,1.592,5
Ia1w93f2,Lamens S.,Maria T.,2,2,ou,23.50,over,ft,2.66,2
Ia1w93f2,Lamens S.,Maria T.,2,2,ou,23.50,under,ft,1.4,2
Ia1w93f2,Lamens S.,Maria T.,2,2,ou,24.50,over,ft,2.84,2
Ia1w93f2,Lamens S.,Maria T.,2,2,ou,24.50,under,ft,1.35,2
Ia1w93f2,Lamens S.,Maria T.,2,2,ou,25.50,over,ft,3.24,2
Ia1w93f2,Lamens S.,Maria T.,2,2,ou,25.50,under,ft,1.28,2
Ia1w93f2,Lamens S.,Maria T.,2,2,ou,26.50,over,ft,3.92,2
Ia1w93f2,Lamens S.,Maria T.,2,2,ou,26.50,under,ft,1.19,2
Ia1w93f2,Lamens S.,Maria T.,2,2,hc,1.50,home,ft,1.32,4
Ia1w93f2,Lamens S.,Maria T.,2,2,hc,1.50,away,ft,3.25,4
Ia1w93f2,Lamens S.,Maria T.,2,2,hc,-1.50,home,ft,2.382,5
Ia1w93f2,Lamens S.,Maria T.,2,2,hc,-1.50,away,ft,1.534,5
Ia1w93f2,Lamens S.,Maria T.,2,2,hc,0,home,ft,1.66,3
Ia1w93f2,Lamens S.,Maria T.,2,2,hc,0,away,ft,2.117,3
Ia1w93f2,Lamens S.,Maria T.,2,2,hc,0.50,home,ft,1.692,4
Ia1w93f2,Lamens S.,Maria T.,2,2,hc,0.50,away,ft,2.08,4
Ia1w93f2,Lamens S.,Maria T.,2,2,hc,-0.50,home,ft,1.708,5
Ia1w93f2,Lamens S.,Maria T.,2,2,hc,-0.50,away,ft,2.072,5
Ia1w93f2,Lamens S.,Maria T.,2,2,hc,1.00,home,ft,1.5,2
Ia1w93f2,Lamens S.,Maria T.,2,2,hc,1.00,away,ft,2.35,2
Ia1w93f2,Lamens S.,Maria T.,2,2,hc,-1.00,home,ft,1.727,3
Ia1w93f2,Lamens S.,Maria T.,2,2,hc,-1.00,away,ft,2.053,3
Ia1w93f2,Lamens S.,Maria T.,2,2,hc,1.50,home,ft,1.597,3
Ia1w93f2,Lamens S.,Maria T.,2,2,hc,1.50,away,ft,2.203,3
Ia1w93f2,Lamens S.,Maria T.,2,2,hc,-1.50,home,ft,1.74,5
Ia1w93f2,Lamens S.,Maria T.,2,2,hc,-1.50,away,ft,2.018,5
Ia1w93f2,Lamens S.,Maria T.,2,2,hc,2.00,home,ft,1.54,2
Ia1w93f2,Lamens S.,Maria T.,2,2,hc,2.00,away,ft,2.26,2
Ia1w93f2,Lamens S.,Maria T.,2,2,hc,-2.00,home,ft,1.827,3
Ia1w93f2,Lamens S.,Maria T.,2,2,hc,-2.00,away,ft,1.93,3
Ia1w93f2,Lamens S.,Maria T.,2,2,hc,2.50,home,ft,1.6,2
Ia1w93f2,Lamens S.,Maria T.,2,2,hc,2.50,away,ft,2.13,2
Ia1w93f2,Lamens S.,Maria T.,2,2,hc,-2.50,home,ft,1.914,5
Ia1w93f2,Lamens S.,Maria T.,2,2,hc,-2.50,away,ft,1.838,5
Ia1w93f2,Lamens S.,Maria T.,2,2,hc,3.00,home,ft,1.51,2
Ia1w93f2,Lamens S.,Maria T.,2,2,hc,3.00,away,ft,2.33,2
Ia1w93f2,Lamens S.,Maria T.,2,2,hc,-3.00,home,ft,2.04,3
Ia1w93f2,Lamens S.,Maria T.,2,2,hc,-3.00,away,ft,1.737,3
Ia1w93f2,Lamens S.,Maria T.,2,2,hc,-3.50,home,ft,2.13,5
Ia1w93f2,Lamens S.,Maria T.,2,2,hc,-3.50,away,ft,1.664,5
Ia1w93f2,Lamens S.,Maria T.,2,2,hc,-4.00,home,ft,2.42,3
Ia1w93f2,Lamens S.,Maria T.,2,2,hc,-4.00,away,ft,1.533,3
Ia1w93f2,Lamens S.,Maria T.,2,2,hc,-4.50,home,ft,2.695,2
Ia1w93f2,Lamens S.,Maria T.,2,2,hc,-4.50,away,ft,1.41,2
QRuxu7O0,Shnaider D.,McNally C.,2,2,ou,2.50,over,ft,2.49,2
QRuxu7O0,Shnaider D.,McNally C.,2,2,ou,2.50,under,ft,1.55,2
QRuxu7O0,Shnaider D.,McNally C.,2,2,ou,18.50,over,ft,1.37,3
QRuxu7O0,Shnaider D.,McNally C.,2,2,ou,18.50,under,ft,2.803,3
QRuxu7O0,Shnaider D.,McNally C.,2,2,ou,19.50,over,ft,1.54,2
QRuxu7O0,Shnaider D.,McNally C.,2,2,ou,19.50,under,ft,2.25,2
QRuxu7O0,Shnaider D.,McNally C.,2,2,ou,20.00,over,ft,1.645,2
QRuxu7O0,Shnaider D.,McNally C.,2,2,ou,20.00,under,ft,2.175,2
QRuxu7O0,Shnaider D.,McNally C.,2,2,ou,20.50,over,ft,1.732,6
QRuxu7O0,Shnaider D.,McNally C.,2,2,ou,20.50,under,ft,2.02,6
QRuxu7O0,Shnaider D.,McNally C.,2,2,ou,21.00,over,ft,1.828,4
QRuxu7O0,Shnaider D.,McNally C.,2,2,ou,21.00,under,ft,1.948,4
QRuxu7O0,Shnaider D.,McNally C.,2,2,ou,21.50,over,ft,1.938,6
QRuxu7O0,Shnaider D.,McNally C.,2,2,ou,21.50,under,ft,1.808,6
QRuxu7O0,Shnaider D.,McNally C.,2,2,ou,22.00,over,ft,2.067,4
QRuxu7O0,Shnaider D.,McNally C.,2,2,ou,22.00,under,ft,1.73,4
QRuxu7O0,Shnaider D.,McNally C.,2,2,ou,22.50,over,ft,1.988,6
QRuxu7O0,Shnaider D.,McNally C.,2,2,ou,22.50,under,ft,3.425,6
QRuxu7O0,Shnaider D.,McNally C.,2,2,ou,23.50,over,ft,2.017,3
QRuxu7O0,Shnaider D.,McNally C.,2,2,ou,23.50,under,ft,2.74,3
QRuxu7O0,Shnaider D.,McNally C.,2,2,ou,24.50,over,ft,1.622,5
QRuxu7O0,Shnaider D.,McNally C.,2,2,ou,24.50,under,ft,2.518,5
QRuxu7O0,Shnaider D.,McNally C.,2,2,ou,25.00,over,ft,1.61,2
QRuxu7O0,Shnaider D.,McNally C.,2,2,ou,25.00,under,ft,2.24,2
QRuxu7O0,Shnaider D.,McNally C.,2,2,ou,25.50,over,ft,2.074,5
QRuxu7O0,Shnaider D.,McNally C.,2,2,ou,25.50,under,ft,1.696,5
QRuxu7O0,Shnaider D.,McNally C.,2,2,ou,26.00,over,ft,3.05,2
QRuxu7O0,Shnaider D.,McNally C.,2,2,ou,26.00,under,ft,1.35,2
QRuxu7O0,Shnaider D.,McNally C.,2,2,ou,26.50,over,ft,3.827,3
QRuxu7O0,Shnaider D.,McNally C.,2,2,ou,26.50,under,ft,1.233,3
QRuxu7O0,Shnaider D.,McNally C.,2,2,ou,27.50,over,ft,4.0,1
QRuxu7O0,Shnaider D.,McNally C.,2,2,ou,27.50,under,ft,1.22,1
QRuxu7O0,Shnaider D.,McNally C.,2,2,ou,28.50,over,ft,7.0,1
QRuxu7O0,Shnaider D.,McNally C.,2,2,ou,28.50,under,ft,1.09,1
QRuxu7O0,Shnaider D.,McNally C.,2,2,hc,1.50,home,ft,1.22,3
QRuxu7O0,Shnaider D.,McNally C.,2,2,hc,1.50,away,ft,3.98,3
QRuxu7O0,Shnaider D.,McNally C.,2,2,hc,-1.50,home,ft,2.382,5
QRuxu7O0,Shnaider D.,McNally C.,2,2,hc,-1.50,away,ft,1.526,5
QRuxu7O0,Shnaider D.,McNally C.,2,2,hc,0,home,ft,1.52,2
QRuxu7O0,Shnaider D.,McNally C.,2,2,hc,0,away,ft,2.3,2
QRuxu7O0,Shnaider D.,McNally C.,2,2,hc,0.50,home,ft,1.75,1
QRuxu7O0,Shnaider D.,McNally C.,2,2,hc,0.50,away,ft,1.95,1
QRuxu7O0,Shnaider D.,McNally C.,2,2,hc,-0.50,home,ft,1.697,3
QRuxu7O0,Shnaider D.,McNally C.,2,2,hc,-0.50,away,ft,2.077,3
QRuxu7O0,Shnaider D.,McNally C.,2,2,hc,1.00,home,ft,1.57,2
QRuxu7O0,Shnaider D.,McNally C.,2,2,hc,1.00,away,ft,2.32,2
QRuxu7O0,Shnaider D.,McNally C.,2,2,hc,-1.00,home,ft,1.76,2
QRuxu7O0,Shnaider D.,McNally C.,2,2,hc,-1.00,away,ft,2.0,2
QRuxu7O0,Shnaider D.,McNally C.,2,2,hc,1.50,home,ft,1.54,3
QRuxu7O0,Shnaider D.,McNally C.,2,2,hc,1.50,away,ft,2.373,3
QRuxu7O0,Shnaider D.,McNally C.,2,2,hc,-1.50,home,ft,1.837,6
QRuxu7O0,Shnaider D.,McNally C.,2,2,hc,-1.50,away,ft,1.907,6
QRuxu7O0,Shnaider D.,McNally C.,2,2,hc,-2.00,home,ft,2.073,3
QRuxu7O0,Shnaider D.,McNally C.,2,2,hc,-2.00,away,ft,1.767,3
QRuxu7O0,Shnaider D.,McNally C.,2,2,hc,2.50,home,ft,1.25,1
QRuxu7O0,Shnaider D.,McNally C.,2,2,hc,2.50,away,ft,3.65,1
QRuxu7O0,Shnaider D.,McNally C.,2,2,hc,-2.50,home,ft,2.395,4
QRuxu7O0,Shnaider D.,McNally C.,2,2,hc,-2.50,away,ft,1.585,4
QRuxu7O0,Shnaider D.,McNally C.,2,2,hc,-3.00,home,ft,3.213,3
QRuxu7O0,Shnaider D.,McNally C.,2,2,hc,-3.00,away,ft,1.443,3
QRuxu7O0,Shnaider D.,McNally C.,2,2,hc,-3.50,home,ft,3.09,5
QRuxu7O0,Shnaider D.,McNally C.,2,2,hc,-3.50,away,ft,1.5,5
QRuxu7O0,Shnaider D.,McNally C.,2,2,hc,-4.00,home,ft,2.25,3
QRuxu7O0,Shnaider D.,McNally C.,2,2,hc,-4.00,away,ft,1.587,3
QRuxu7O0,Shnaider D.,McNally C.,2,2,hc,-4.50,home,ft,2.4,3
QRuxu7O0,Shnaider D.,McNally C.,2,2,hc,-4.50,away,ft,1.49,3
QRuxu7O0,Shnaider D.,McNally C.,2,2,hc,-5.00,home,ft,2.84,2
QRuxu7O0,Shnaider D.,McNally C.,2,2,hc,-5.00,away,ft,1.35,2
QRuxu7O0,Shnaider D.,McNally C.,2,2,hc,-5.50,home,ft,3.08,2
QRuxu7O0,Shnaider D.,McNally C.,2,2,hc,-5.50,away,ft,1.3,2
fDGEgHJl,Zakharova A.,Cirstea S.,0,0,ou,2.50,over,ft,2.98,1
fDGEgHJl,Zakharova A.,Cirstea S.,0,0,ou,2.50,under,ft,1.43,1
fDGEgHJl,Zakharova A.,Cirstea S.,0,0,ou,16.50,over,ft,1.21,2
fDGEgHJl,Zakharova A.,Cirstea S.,0,0,ou,16.50,under,ft,3.72,2
fDGEgHJl,Zakharova A.,Cirstea S.,0,0,ou,17.50,over,ft,1.37,2
fDGEgHJl,Zakharova A.,Cirstea S.,0,0,ou,17.50,under,ft,2.75,2
fDGEgHJl,Zakharova A.,Cirstea S.,0,0,ou,18.50,over,ft,1.583,4
fDGEgHJl,Zakharova A.,Cirstea S.,0,0,ou,18.50,under,ft,2.252,4
fDGEgHJl,Zakharova A.,Cirstea S.,0,0,ou,19.00,over,ft,1.692,4
fDGEgHJl,Zakharova A.,Cirstea S.,0,0,ou,19.00,under,ft,2.123,4
fDGEgHJl,Zakharova A.,Cirstea S.,0,0,ou,19.50,over,ft,1.797,6
fDGEgHJl,Zakharova A.,Cirstea S.,0,0,ou,19.50,under,ft,1.933,6
fDGEgHJl,Zakharova A.,Cirstea S.,0,0,ou,20.00,over,ft,1.958,4
fDGEgHJl,Zakharova A.,Cirstea S.,0,0,ou,20.00,under,ft,1.815,4
fDGEgHJl,Zakharova A.,Cirstea S.,0,0,ou,20.50,over,ft,2.068,6
fDGEgHJl,Zakharova A.,Cirstea S.,0,0,ou,20.50,under,ft,1.702,6
fDGEgHJl,Zakharova A.,Cirstea S.,0,0,ou,21.00,over,ft,2.167,4
fDGEgHJl,Zakharova A.,Cirstea S.,0,0,ou,21.00,under,ft,1.665,4
fDGEgHJl,Zakharova A.,Cirstea S.,0,0,ou,21.50,over,ft,2.258,5
fDGEgHJl,Zakharova A.,Cirstea S.,0,0,ou,21.50,under,ft,1.56,5
fDGEgHJl,Zakharova A.,Cirstea S.,0,0,ou,22.50,over,ft,2.84,2
fDGEgHJl,Zakharova A.,Cirstea S.,0,0,ou,22.50,under,ft,1.35,2
fDGEgHJl,Zakharova A.,Cirstea S.,0,0,ou,23.50,over,ft,3.13,2
fDGEgHJl,Zakharova A.,Cirstea S.,0,0,ou,23.50,under,ft,1.29,2
fDGEgHJl,Zakharova A.,Cirstea S.,0,0,ou,24.50,over,ft,3.42,2
fDGEgHJl,Zakharova A.,Cirstea S.,0,0,ou,24.50,under,ft,1.25,2
fDGEgHJl,Zakharova A.,Cirstea S.,0,0,ou,25.50,over,ft,3.53,2
fDGEgHJl,Zakharova A.,Cirstea S.,0,0,ou,25.50,under,ft,1.24,2
fDGEgHJl,Zakharova A.,Cirstea S.,0,0,hc,1.50,home,ft,2.156,5
fDGEgHJl,Zakharova A.,Cirstea S.,0,0,hc,1.50,away,ft,1.646,5
fDGEgHJl,Zakharova A.,Cirstea S.,0,0,hc,-1.50,home,ft,6.717,3
fDGEgHJl,Zakharova A.,Cirstea S.,0,0,hc,-1.50,away,ft,1.097,3
fDGEgHJl,Zakharova A.,Cirstea S.,0,0,hc,2.50,home,ft,2.89,2
fDGEgHJl,Zakharova A.,Cirstea S.,0,0,hc,2.50,away,ft,1.34,2
fDGEgHJl,Zakharova A.,Cirstea S.,0,0,hc,3.00,home,ft,2.72,2
fDGEgHJl,Zakharova A.,Cirstea S.,0,0,hc,3.00,away,ft,1.38,2
fDGEgHJl,Zakharova A.,Cirstea S.,0,0,hc,3.50,home,ft,2.607,4
fDGEgHJl,Zakharova A.,Cirstea S.,0,0,hc,3.50,away,ft,1.45,4
fDGEgHJl,Zakharova A.,Cirstea S.,0,0,hc,4.00,home,ft,2.5,3
fDGEgHJl,Zakharova A.,Cirstea S.,0,0,hc,4.00,away,ft,1.517,3
fDGEgHJl,Zakharova A.,Cirstea S.,0,0,hc,4.50,home,ft,2.178,4
fDGEgHJl,Zakharova A.,Cirstea S.,0,0,hc,4.50,away,ft,1.652,4
fDGEgHJl,Zakharova A.,Cirstea S.,0,0,hc,5.00,home,ft,1.97,3
fDGEgHJl,Zakharova A.,Cirstea S.,0,0,hc,5.00,away,ft,1.82,3
fDGEgHJl,Zakharova A.,Cirstea S.,0,0,hc,5.50,home,ft,1.712,5
fDGEgHJl,Zakharova A.,Cirstea S.,0,0,hc,5.50,away,ft,2.086,5
fDGEgHJl,Zakharova A.,Cirstea S.,0,0,hc,6.00,home,ft,1.547,3
fDGEgHJl,Zakharova A.,Cirstea S.,0,0,hc,6.00,away,ft,2.427,3
fDGEgHJl,Zakharova A.,Cirstea S.,0,0,hc,6.50,home,ft,1.437,3
fDGEgHJl,Zakharova A.,Cirstea S.,0,0,hc,6.50,away,ft,2.757,3
fDGEgHJl,Zakharova A.,Cirstea S.,0,0,hc,7.00,home,ft,1.235,2
fDGEgHJl,Zakharova A.,Cirstea S.,0,0,hc,7.00,away,ft,3.86,2
fDGEgHJl,Zakharova A.,Cirstea S.,0,0,hc,7.50,home,ft,1.19,2
fDGEgHJl,Zakharova A.,Cirstea S.,0,0,hc,7.50,away,ft,4.4,2
W423eS8s,Krejcikova B.,Prozorova T.,2,2,ou,2.50,over,ft,2.755,2
W423eS8s,Krejcikova B.,Prozorova T.,2,2,ou,2.50,under,ft,1.465,2
W423eS8s,Krejcikova B.,Prozorova T.,2,2,ou,15.50,over,ft,1.11,2
W423eS8s,Krejcikova B.,Prozorova T.,2,2,ou,15.50,under,ft,5.2,2
W423eS8s,Krejcikova B.,Prozorova T.,2,2,ou,16.50,over,ft,1.17,2
W423eS8s,Krejcikova B.,Prozorova T.,2,2,ou,16.50,under,ft,4.22,2
W423eS8s,Krejcikova B.,Prozorova T.,2,2,ou,17.50,over,ft,1.343,3
W423eS8s,Krejcikova B.,Prozorova T.,2,2,ou,17.50,under,ft,3.04,3
W423eS8s,Krejcikova B.,Prozorova T.,2,2,ou,18.00,over,ft,1.61,2
W423eS8s,Krejcikova B.,Prozorova T.,2,2,ou,18.00,under,ft,2.24,2
W423eS8s,Krejcikova B.,Prozorova T.,2,2,ou,18.50,over,ft,1.532,6
W423eS8s,Krejcikova B.,Prozorova T.,2,2,ou,18.50,under,ft,2.388,6
W423eS8s,Krejcikova B.,Prozorova T.,2,2,ou,19.00,over,ft,1.61,4
W423eS8s,Krejcikova B.,Prozorova T.,2,2,ou,19.00,under,ft,2.248,4
W423eS8s,Krejcikova B.,Prozorova T.,2,2,ou,19.50,over,ft,1.687,6
W423eS8s,Krejcikova B.,Prozorova T.,2,2,ou,19.50,under,ft,2.083,6
W423eS8s,Krejcikova B.,Prozorova T.,2,2,ou,20.00,over,ft,1.775,4
W423eS8s,Krejcikova B.,Prozorova T.,2,2,ou,20.00,under,ft,2.005,4
W423eS8s,Krejcikova B.,Prozorova T.,2,2,ou,20.50,over,ft,1.948,6
W423eS8s,Krejcikova B.,Prozorova T.,2,2,ou,20.50,under,ft,1.838,6
W423eS8s,Krejcikova B.,Prozorova T.,2,2,ou,21.00,over,ft,2.03,4
W423eS8s,Krejcikova B.,Prozorova T.,2,2,ou,21.00,under,ft,1.758,4
W423eS8s,Krejcikova B.,Prozorova T.,2,2,ou,21.50,over,ft,2.107,6
W423eS8s,Krejcikova B.,Prozorova T.,2,2,ou,21.50,under,ft,1.663,6
W423eS8s,Krejcikova B.,Prozorova T.,2,2,ou,22.50,over,ft,2.425,4
W423eS8s,Krejcikova B.,Prozorova T.,2,2,ou,22.50,under,ft,1.48,4
W423eS8s,Krejcikova B.,Prozorova T.,2,2,ou,23.50,over,ft,2.73,2
W423eS8s,Krejcikova B.,Prozorova T.,2,2,ou,23.50,under,ft,1.38,2
W423eS8s,Krejcikova B.,Prozorova T.,2,2,ou,24.50,over,ft,2.887,3
W423eS8s,Krejcikova B.,Prozorova T.,2,2,ou,24.50,under,ft,1.343,3
W423eS8s,Krejcikova B.,Prozorova T.,2,2,ou,25.50,over,ft,3.33,2
W423eS8s,Krejcikova B.,Prozorova T.,2,2,ou,25.50,under,ft,1.26,2
W423eS8s,Krejcikova B.,Prozorova T.,2,2,hc,1.50,home,ft,1.133,3
W423eS8s,Krejcikova B.,Prozorova T.,2,2,hc,1.50,away,ft,5.46,3
W423eS8s,Krejcikova B.,Prozorova T.,2,2,hc,-1.50,home,ft,1.72,5
W423eS8s,Krejcikova B.,Prozorova T.,2,2,hc,-1.50,away,ft,2.05,5
W423eS8s,Krejcikova B.,Prozorova T.,2,2,hc,-2.00,home,ft,1.35,2
W423eS8s,Krejcikova B.,Prozorova T.,2,2,hc,-2.00,away,ft,2.85,2
W423eS8s,Krejcikova B.,Prozorova T.,2,2,hc,-2.50,home,ft,1.37,2
W423eS8s,Krejcikova B.,Prozorova T.,2,2,hc,-2.50,away,ft,2.76,2
W423eS8s,Krejcikova B.,Prozorova T.,2,2,hc,-3.00,home,ft,1.42,2
W423eS8s,Krejcikova B.,Prozorova T.,2,2,hc,-3.00,away,ft,2.58,2
W423eS8s,Krejcikova B.,Prozorova T.,2,2,hc,-3.50,home,ft,1.552,5
W423eS8s,Krejcikova B.,Prozorova T.,2,2,hc,-3.50,away,ft,2.316,5
W423eS8s,Krejcikova B.,Prozorova T.,2,2,hc,-4.00,home,ft,1.673,3
W423eS8s,Krejcikova B.,Prozorova T.,2,2,hc,-4.00,away,ft,2.093,3
W423eS8s,Krejcikova B.,Prozorova T.,2,2,hc,-4.50,home,ft,1.884,5
W423eS8s,Krejcikova B.,Prozorova T.,2,2,hc,-4.50,away,ft,1.924,5
W423eS8s,Krejcikova B.,Prozorova T.,2,2,hc,-5.00,home,ft,2.097,3
W423eS8s,Krejcikova B.,Prozorova T.,2,2,hc,-5.00,away,ft,1.667,3
W423eS8s,Krejcikova B.,Prozorova T.,2,2,hc,-5.50,home,ft,2.25,5
W423eS8s,Krejcikova B.,Prozorova T.,2,2,hc,-5.50,away,ft,1.594,5
W423eS8s,Krejcikova B.,Prozorova T.,2,2,hc,-6.00,home,ft,2.877,3
W423eS8s,Krejcikova B.,Prozorova T.,2,2,hc,-6.00,away,ft,1.377,3
W423eS8s,Krejcikova B.,Prozorova T.,2,2,hc,-6.50,home,ft,3.002,4
W423eS8s,Krejcikova B.,Prozorova T.,2,2,hc,-6.50,away,ft,1.343,4
W423eS8s,Krejcikova B.,Prozorova T.,2,2,hc,-7.00,home,ft,3.73,2
W423eS8s,Krejcikova B.,Prozorova T.,2,2,hc,-7.00,away,ft,1.21,2
W423eS8s,Krejcikova B.,Prozorova T.,2,2,hc,-7.50,home,ft,4.24,2
W423eS8s,Krejcikova B.,Prozorova T.,2,2,hc,-7.50,away,ft,1.17,2
rJUsKT23,Zhu L.,Cirstea S.,,,ou,2.50,over,ft,2.83,1
rJUsKT23,Zhu L.,Cirstea S.,,,ou,2.50,under,ft,1.46,1
rJUsKT23,Zhu L.,Cirstea S.,,,ou,16.50,over,ft,1.17,2
rJUsKT23,Zhu L.,Cirstea S.,,,ou,16.50,under,ft,4.19,2
rJUsKT23,Zhu L.,Cirstea S.,,,ou,17.50,over,ft,1.31,2
rJUsKT23,Zhu L.,Cirstea S.,,,ou,17.50,under,ft,3.03,2
rJUsKT23,Zhu L.,Cirstea S.,,,ou,18.50,over,ft,1.532,4
rJUsKT23,Zhu L.,Cirstea S.,,,ou,18.50,under,ft,2.362,4
rJUsKT23,Zhu L.,Cirstea S.,,,ou,19.00,over,ft,1.652,4
rJUsKT23,Zhu L.,Cirstea S.,,,ou,19.00,under,ft,2.167,4
rJUsKT23,Zhu L.,Cirstea S.,,,ou,19.50,over,ft,1.74,6
rJUsKT23,Zhu L.,Cirstea S.,,,ou,19.50,under,ft,1.99,6
rJUsKT23,Zhu L.,Cirstea S.,,,ou,20.00,over,ft,1.86,4
rJUsKT23,Zhu L.,Cirstea S.,,,ou,20.00,under,ft,1.897,4
rJUsKT23,Zhu L.,Cirstea S.,,,ou,20.50,over,ft,1.997,6
rJUsKT23,Zhu L.,Cirstea S.,,,ou,20.50,under,ft,1.747,6
rJUsKT23,Zhu L.,Cirstea S.,,,ou,21.00,over,ft,2.098,4
rJUsKT23,Zhu L.,Cirstea S.,,,ou,21.00,under,ft,1.695,4
rJUsKT23,Zhu L.,Cirstea S.,,,ou,21.50,over,ft,2.155,6
rJUsKT23,Zhu L.,Cirstea S.,,,ou,21.50,under,ft,1.628,6
rJUsKT23,Zhu L.,Cirstea S.,,,ou,22.00,over,ft,2.11,2
rJUsKT23,Zhu L.,Cirstea S.,,,ou,22.00,under,ft,1.68,2
rJUsKT23,Zhu L.,Cirstea S.,,,ou,22.50,over,ft,2.477,3
rJUsKT23,Zhu L.,Cirstea S.,,,ou,22.50,under,ft,1.48,3
rJUsKT23,Zhu L.,Cirstea S.,,,ou,23.50,over,ft,2.84,2
rJUsKT23,Zhu L.,Cirstea S.,,,ou,23.50,under,ft,1.35,2
rJUsKT23,Zhu L.,Cirstea S.,,,ou,24.50,over,ft,3.05,2
rJUsKT23,Zhu L.,Cirstea S.,,,ou,24.50,under,ft,1.31,2
rJUsKT23,Zhu L.,Cirstea S.,,,ou,25.50,over,ft,2.93,2
rJUsKT23,Zhu L.,Cirstea S.,,,ou,25.50,under,ft,1.33,2
rJUsKT23,Zhu L.,Cirstea S.,,,hc,1.50,home,ft,2.024,5
rJUsKT23,Zhu L.,Cirstea S.,,,hc,1.50,away,ft,1.736,5
rJUsKT23,Zhu L.,Cirstea S.,,,hc,-1.50,home,ft,6.293,3
rJUsKT23,Zhu L.,Cirstea S.,,,hc,-1.50,away,ft,1.103,3
rJUsKT23,Zhu L.,Cirstea S.,,,hc,2.50,home,ft,2.84,2
rJUsKT23,Zhu L.,Cirstea S.,,,hc,2.50,away,ft,1.35,2
rJUsKT23,Zhu L.,Cirstea S.,,,hc,3.00,home,ft,2.68,2
rJUsKT23,Zhu L.,Cirstea S.,,,hc,3.00,away,ft,1.39,2
rJUsKT23,Zhu L.,Cirstea S.,,,hc,3.50,home,ft,2.416,5
rJUsKT23,Zhu L.,Cirstea S.,,,hc,3.50,away,ft,1.51,5
rJUsKT23,Zhu L.,Cirstea S.,,,hc,4.00,home,ft,2.27,3
rJUsKT23,Zhu L.,Cirstea S.,,,hc,4.00,away,ft,1.573,3
rJUsKT23,Zhu L.,Cirstea S.,,,hc,4.50,home,ft,2.018,4
rJUsKT23,Zhu L.,Cirstea S.,,,hc,4.50,away,ft,1.728,4
rJUsKT23,Zhu L.,Cirstea S.,,,hc,5.00,home,ft,1.81,3
rJUsKT23,Zhu L.,Cirstea S.,,,hc,5.00,away,ft,1.923,3
rJUsKT23,Zhu L.,Cirstea S.,,,hc,5.50,home,ft,1.646,5
rJUsKT23,Zhu L.,Cirstea S.,,,hc,5.50,away,ft,2.136,5
rJUsKT23,Zhu L.,Cirstea S.,,,hc,6.00,home,ft,1.453,3
rJUsKT23,Zhu L.,Cirstea S.,,,hc,6.00,away,ft,2.59,3
rJUsKT23,Zhu L.,Cirstea S.,,,hc,6.50,home,ft,1.35,2
rJUsKT23,Zhu L.,Cirstea S.,,,hc,6.50,away,ft,2.84,2
rJUsKT23,Zhu L.,Cirstea S.,,,hc,7.00,home,ft,1.2,2
rJUsKT23,Zhu L.,Cirstea S.,,,hc,7.00,away,ft,3.82,2
rJUsKT23,Zhu L.,Cirstea S.,,,hc,7.50,home,ft,1.19,2
rJUsKT23,Zhu L.,Cirstea S.,,,hc,7.50,away,ft,3.95,2
UZSkI7XF,Boisson L.,Ku Y.,2,2,ou,2.50,over,ft,2.69,1
UZSkI7XF,Boisson L.,Ku Y.,2,2,ou,2.50,under,ft,1.5,1
UZSkI7XF,Boisson L.,Ku Y.,2,2,ou,17.50,over,ft,1.25,2
UZSkI7XF,Boisson L.,Ku Y.,2,2,ou,17.50,under,ft,3.44,2
UZSkI7XF,Boisson L.,Ku Y.,2,2,ou,18.50,over,ft,1.39,2
UZSkI7XF,Boisson L.,Ku Y.,2,2,ou,18.50,under,ft,2.69,2
UZSkI7XF,Boisson L.,Ku Y.,2,2,ou,19.00,over,ft,1.61,1
UZSkI7XF,Boisson L.,Ku Y.,2,2,ou,19.00,under,ft,2.36,1
UZSkI7XF,Boisson L.,Ku Y.,2,2,ou,19.50,over,ft,1.622,5
UZSkI7XF,Boisson L.,Ku Y.,2,2,ou,19.50,under,ft,2.182,5
UZSkI7XF,Boisson L.,Ku Y.,2,2,ou,20.00,over,ft,1.788,4
UZSkI7XF,Boisson L.,Ku Y.,2,2,ou,20.00,under,ft,1.995,4
UZSkI7XF,Boisson L.,Ku Y.,2,2,ou,20.50,over,ft,1.864,5
UZSkI7XF,Boisson L.,Ku Y.,2,2,ou,20.50,under,ft,1.91,5
UZSkI7XF,Boisson L.,Ku Y.,2,2,ou,21.00,over,ft,2.025,4
UZSkI7XF,Boisson L.,Ku Y.,2,2,ou,21.00,under,ft,1.768,4
UZSkI7XF,Boisson L.,Ku Y.,2,2,ou,21.50,over,ft,2.058,5
UZSkI7XF,Boisson L.,Ku Y.,2,2,ou,21.50,under,ft,1.704,5
UZSkI7XF,Boisson L.,Ku Y.,2,2,ou,22.50,over,ft,2.403,3
UZSkI7XF,Boisson L.,Ku Y.,2,2,ou,22.50,under,ft,1.48,3
UZSkI7XF,Boisson L.,Ku Y.,2,2,ou,23.50,over,ft,2.79,2
UZSkI7XF,Boisson L.,Ku Y.,2,2,ou,23.50,under,ft,1.36,2
UZSkI7XF,Boisson L.,Ku Y.,2,2,ou,24.50,over,ft,2.95,2
UZSkI7XF,Boisson L.,Ku Y.,2,2,ou,24.50,under,ft,1.33,2
UZSkI7XF,Boisson L.,Ku Y.,2,2,ou,25.50,over,ft,3.44,2
UZSkI7XF,Boisson L.,Ku Y.,2,2,ou,25.50,under,ft,1.25,2
UZSkI7XF,Boisson L.,Ku Y.,2,2,hc,1.50,home,ft,1.183,3
UZSkI7XF,Boisson L.,Ku Y.,2,2,hc,1.50,away,ft,4.51,3
UZSkI7XF,Boisson L.,Ku Y.,2,2,hc,-1.50,home,ft,1.97,4
UZSkI7XF,Boisson L.,Ku Y.,2,2,hc,-1.50,away,ft,1.782,4
UZSkI7XF,Boisson L.,Ku Y.,2,2,hc,-1.50,home,ft,1.49,2
UZSkI7XF,Boisson L.,Ku Y.,2,2,hc,-1.50,away,ft,2.52,2
UZSkI7XF,Boisson L.,Ku Y.,2,2,hc,-2.00,home,ft,1.52,2
UZSkI7XF,Boisson L.,Ku Y.,2,2,hc,-2.00,away,ft,2.43,2
UZSkI7XF,Boisson L.,Ku Y.,2,2,hc,-2.50,home,ft,1.59,2
UZSkI7XF,Boisson L.,Ku Y.,2,2,hc,-2.50,away,ft,2.27,2
UZSkI7XF,Boisson L.,Ku Y.,2,2,hc,-3.00,home,ft,1.657,3
UZSkI7XF,Boisson L.,Ku Y.,2,2,hc,-3.00,away,ft,2.2,3
UZSkI7XF,Boisson L.,Ku Y.,2,2,hc,-3.50,home,ft,1.788,4
UZSkI7XF,Boisson L.,Ku Y.,2,2,hc,-3.50,away,ft,2.025,4
UZSkI7XF,Boisson L.,Ku Y.,2,2,hc,-4.00,home,ft,1.927,3
UZSkI7XF,Boisson L.,Ku Y.,2,2,hc,-4.00,away,ft,1.86,3
UZSkI7XF,Boisson L.,Ku Y.,2,2,hc,-4.50,home,ft,2.087,4
UZSkI7XF,Boisson L.,Ku Y.,2,2,hc,-4.50,away,ft,1.718,4
UZSkI7XF,Boisson L.,Ku Y.,2,2,hc,-5.00,home,ft,2.443,3
UZSkI7XF,Boisson L.,Ku Y.,2,2,hc,-5.00,away,ft,1.54,3
UZSkI7XF,Boisson L.,Ku Y.,2,2,hc,-5.50,home,ft,2.655,4
UZSkI7XF,Boisson L.,Ku Y.,2,2,hc,-5.50,away,ft,1.462,4
UZSkI7XF,Boisson L.,Ku Y.,2,2,hc,-6.00,home,ft,3.08,2
UZSkI7XF,Boisson L.,Ku Y.,2,2,hc,-6.00,away,ft,1.3,2
UZSkI7XF,Boisson L.,Ku Y.,2,2,hc,-6.50,home,ft,3.4,2
UZSkI7XF,Boisson L.,Ku Y.,2,2,hc,-6.50,away,ft,1.25,2
rwgPW6n9,Siegemund L.,Kenin S.,1,1,ou,2.50,over,ft,2.535,2
rwgPW6n9,Siegemund L.,Kenin S.,1,1,ou,2.50,under,ft,1.53,2
rwgPW6n9,Siegemund L.,Kenin S.,1,1,ou,18.50,over,ft,1.33,2
rwgPW6n9,Siegemund L.,Kenin S.,1,1,ou,18.50,under,ft,2.95,2
rwgPW6n9,Siegemund L.,Kenin S.,1,1,ou,19.50,over,ft,1.5,2
rwgPW6n9,Siegemund L.,Kenin S.,1,1,ou,19.50,under,ft,2.57,2
rwgPW6n9,Siegemund L.,Kenin S.,1,1,ou,20.00,over,ft,1.68,1
rwgPW6n9,Siegemund L.,Kenin S.,1,1,ou,20.00,under,ft,2.23,1
rwgPW6n9,Siegemund L.,Kenin S.,1,1,ou,20.50,over,ft,1.713,6
rwgPW6n9,Siegemund L.,Kenin S.,1,1,ou,20.50,under,ft,2.077,6
rwgPW6n9,Siegemund L.,Kenin S.,1,1,ou,21.00,over,ft,1.833,4
rwgPW6n9,Siegemund L.,Kenin S.,1,1,ou,21.00,under,ft,1.945,4
rwgPW6n9,Siegemund L.,Kenin S.,1,1,ou,21.50,over,ft,1.902,6
rwgPW6n9,Siegemund L.,Kenin S.,1,1,ou,21.50,under,ft,1.885,6
rwgPW6n9,Siegemund L.,Kenin S.,1,1,ou,22.00,over,ft,2.085,4
rwgPW6n9,Siegemund L.,Kenin S.,1,1,ou,22.00,under,ft,1.718,4
rwgPW6n9,Siegemund L.,Kenin S.,1,1,ou,22.50,over,ft,2.084,5
rwgPW6n9,Siegemund L.,Kenin S.,1,1,ou,22.50,under,ft,1.702,5
rwgPW6n9,Siegemund L.,Kenin S.,1,1,ou,23.50,over,ft,2.317,3
rwgPW6n9,Siegemund L.,Kenin S.,1,1,ou,23.50,under,ft,1.597,3
rwgPW6n9,Siegemund L.,Kenin S.,1,1,ou,24.50,over,ft,2.75,2
rwgPW6n9,Siegemund L.,Kenin S.,1,1,ou,24.50,under,ft,1.37,2
rwgPW6n9,Siegemund L.,Kenin S.,1,1,ou,25.50,over,ft,3.13,2
rwgPW6n9,Siegemund L.,Kenin S.,1,1,ou,25.50,under,ft,1.29,2
rwgPW6n9,Siegemund L.,Kenin S.,1,1,ou,26.50,over,ft,3.62,2
rwgPW6n9,Siegemund L.,Kenin S.,1,1,ou,26.50,under,ft,1.22,2
rwgPW6n9,Siegemund L.,Kenin S.,1,1,hc,1.50,home,ft,1.458,5
rwgPW6n9,Siegemund L.,Kenin S.,1,1,hc,1.50,away,ft,2.602,5
rwgPW6n9,Siegemund L.,Kenin S.,1,1,hc,-1.50,home,ft,3.123,3
rwgPW6n9,Siegemund L.,Kenin S.,1,1,hc,-1.50,away,ft,1.34,3
rwgPW6n9,Siegemund L.,Kenin S.,1,1,hc,0,home,ft,2.03,3
rwgPW6n9,Siegemund L.,Kenin S.,1,1,hc,0,away,ft,1.72,3
rwgPW6n9,Siegemund L.,Kenin S.,1,1,hc,0.50,home,ft,2.01,5
rwgPW6n9,Siegemund L.,Kenin S.,1,1,hc,0.50,away,ft,1.782,5
rwgPW6n9,Siegemund L.,Kenin S.,1,1,hc,-0.50,home,ft,2.065,4
rwgPW6n9,Siegemund L.,Kenin S.,1,1,hc,-0.50,away,ft,1.755,4
rwgPW6n9,Siegemund L.,Kenin S.,1,1,hc,1.00,home,ft,1.91,3
rwgPW6n9,Siegemund L.,Kenin S.,1,1,hc,1.00,away,ft,1.823,3
rwgPW6n9,Siegemund L.,Kenin S.,1,1,hc,-1.00,home,ft,2.17,2
rwgPW6n9,Siegemund L.,Kenin S.,1,1,hc,-1.00,away,ft,1.7,2
rwgPW6n9,Siegemund L.,Kenin S.,1,1,hc,1.50,home,ft,1.873,4
rwgPW6n9,Siegemund L.,Kenin S.,1,1,hc,1.50,away,ft,1.905,4
rwgPW6n9,Siegemund L.,Kenin S.,1,1,hc,-1.50,home,ft,2.24,2
rwgPW6n9,Siegemund L.,Kenin S.,1,1,hc,-1.50,away,ft,1.65,2
rwgPW6n9,Siegemund L.,Kenin S.,1,1,hc,2.00,home,ft,1.783,3
rwgPW6n9,Siegemund L.,Kenin S.,1,1,hc,2.00,away,ft,1.95,3
rwgPW6n9,Siegemund L.,Kenin S.,1,1,hc,-2.00,home,ft,2.18,2
rwgPW6n9,Siegemund L.,Kenin S.,1,1,hc,-2.00,away,ft,1.58,2
rwgPW6n9,Siegemund L.,Kenin S.,1,1,hc,2.50,home,ft,1.752,5
rwgPW6n9,Siegemund L.,Kenin S.,1,1,hc,2.50,away,ft,2.05,5
rwgPW6n9,Siegemund L.,Kenin S.,1,1,hc,-2.50,home,ft,2.23,2
rwgPW6n9,Siegemund L.,Kenin S.,1,1,hc,-2.50,away,ft,1.55,2
rwgPW6n9,Siegemund L.,Kenin S.,1,1,hc,3.00,home,ft,1.65,3
rwgPW6n9,Siegemund L.,Kenin S.,1,1,hc,3.00,away,ft,2.13,3
rwgPW6n9,Siegemund L.,Kenin S.,1,1,hc,3.50,home,ft,1.54,2
rwgPW6n9,Siegemund L.,Kenin S.,1,1,hc,3.50,away,ft,2.25,2
rwgPW6n9,Siegemund L.,Kenin S.,1,1,hc,4.00,home,ft,1.4,2
rwgPW6n9,Siegemund L.,Kenin S.,1,1,hc,4.00,away,ft,2.64,2
I1xUtTgl,Ponchet J.,Seidel E.,1,1,ou,2.50,over,ft,2.535,2
I1xUtTgl,Ponchet J.,Seidel E.,1,1,ou,2.50,under,ft,1.52,2
I1xUtTgl,Ponchet J.,Seidel E.,1,1,ou,18.50,over,ft,1.337,3
I1xUtTgl,Ponchet J.,Seidel E.,1,1,ou,18.50,under,ft,2.95,3
I1xUtTgl,Ponchet J.,Seidel E.,1,1,ou,19.50,over,ft,1.525,4
I1xUtTgl,Ponchet J.,Seidel E.,1,1,ou,19.50,under,ft,2.335,4
I1xUtTgl,Ponchet J.,Seidel E.,1,1,ou,20.00,over,ft,1.667,3
I1xUtTgl,Ponchet J.,Seidel E.,1,1,ou,20.00,under,ft,2.107,3
I1xUtTgl,Ponchet J.,Seidel E.,1,1,ou,20.50,over,ft,1.717,6
I1xUtTgl,Ponchet J.,Seidel E.,1,1,ou,20.50,under,ft,2.018,6
I1xUtTgl,Ponchet J.,Seidel E.,1,1,ou,21.00,over,ft,1.792,4
I1xUtTgl,Ponchet J.,Seidel E.,1,1,ou,21.00,under,ft,1.985,4
I1xUtTgl,Ponchet J.,Seidel E.,1,1,ou,21.50,over,ft,1.915,6
I1xUtTgl,Ponchet J.,Seidel E.,1,1,ou,21.50,under,ft,1.877,6
I1xUtTgl,Ponchet J.,Seidel E.,1,1,ou,22.00,over,ft,2.042,4
I1xUtTgl,Ponchet J.,Seidel E.,1,1,ou,22.00,under,ft,1.748,4
I1xUtTgl,Ponchet J.,Seidel E.,1,1,ou,22.50,over,ft,2.17,6
I1xUtTgl,Ponchet J.,Seidel E.,1,1,ou,22.50,under,ft,1.622,6
I1xUtTgl,Ponchet J.,Seidel E.,1,1,ou,23.50,over,ft,2.41,2
I1xUtTgl,Ponchet J.,Seidel E.,1,1,ou,23.50,under,ft,1.47,2
I1xUtTgl,Ponchet J.,Seidel E.,1,1,ou,24.50,over,ft,2.54,3
I1xUtTgl,Ponchet J.,Seidel E.,1,1,ou,24.50,under,ft,1.443,3
I1xUtTgl,Ponchet J.,Seidel E.,1,1,ou,25.50,over,ft,2.85,2
I1xUtTgl,Ponchet J.,Seidel E.,1,1,ou,25.50,under,ft,1.35,2
I1xUtTgl,Ponchet J.,Seidel E.,1,1,ou,26.50,over,ft,3.33,2
I1xUtTgl,Ponchet J.,Seidel E.,1,1,ou,26.50,under,ft,1.26,2
I1xUtTgl,Ponchet J.,Seidel E.,1,1,hc,1.50,home,ft,1.622,5
I1xUtTgl,Ponchet J.,Seidel E.,1,1,hc,1.50,away,ft,2.202,5
I1xUtTgl,Ponchet J.,Seidel E.,1,1,hc,-1.50,home,ft,3.973,3
I1xUtTgl,Ponchet J.,Seidel E.,1,1,hc,-1.50,away,ft,1.227,3
I1xUtTgl,Ponchet J.,Seidel E.,1,1,hc,0.50,home,ft,2.36,2
I1xUtTgl,Ponchet J.,Seidel E.,1,1,hc,0.50,away,ft,1.55,2
I1xUtTgl,Ponchet J.,Seidel E.,1,1,hc,1.00,home,ft,2.28,2
I1xUtTgl,Ponchet J.,Seidel E.,1,1,hc,1.00,away,ft,1.59,2
I1xUtTgl,Ponchet J.,Seidel E.,1,1,hc,1.50,home,ft,2.223,4
I1xUtTgl,Ponchet J.,Seidel E.,1,1,hc,1.50,away,ft,1.635,4
I1xUtTgl,Ponchet J.,Seidel E.,1,1,hc,2.00,home,ft,2.157,3
I1xUtTgl,Ponchet J.,Seidel E.,1,1,hc,2.00,away,ft,1.68,3
I1xUtTgl,Ponchet J.,Seidel E.,1,1,hc,2.50,home,ft,2.034,5
I1xUtTgl,Ponchet J.,Seidel E.,1,1,hc,2.50,away,ft,1.744,5
I1xUtTgl,Ponchet J.,Seidel E.,1,1,hc,3.00,home,ft,1.913,3
I1xUtTgl,Ponchet J.,Seidel E.,1,1,hc,3.00,away,ft,1.877,3
I1xUtTgl,Ponchet J.,Seidel E.,1,1,hc,3.50,home,ft,1.82,4
I1xUtTgl,Ponchet J.,Seidel E.,1,1,hc,3.50,away,ft,1.988,4
I1xUtTgl,Ponchet J.,Seidel E.,1,1,hc,4.00,home,ft,1.623,3
I1xUtTgl,Ponchet J.,Seidel E.,1,1,hc,4.00,away,ft,2.257,3
I1xUtTgl,Ponchet J.,Seidel E.,1,1,hc,4.50,home,ft,1.526,5
I1xUtTgl,Ponchet J.,Seidel E.,1,1,hc,4.50,away,ft,2.43,5
I1xUtTgl,Ponchet J.,Seidel E.,1,1,hc,5.00,home,ft,1.36,2
I1xUtTgl,Ponchet J.,Seidel E.,1,1,hc,5.00,away,ft,2.98,2
I1xUtTgl,Ponchet J.,Seidel E.,1,1,hc,5.50,home,ft,1.31,2
I1xUtTgl,Ponchet J.,Seidel E.,1,1,hc,5.50,away,ft,3.28,2
EmMW0loK,Siniakova K.,Park S.,2,2,ou,2.50,over,ft,4.98,2
EmMW0loK,Siniakova K.,Park S.,2,2,ou,2.50,under,ft,1.185,2
EmMW0loK,Siniakova K.,Park S.,2,2,ou,13.50,over,ft,1.04,2
EmMW0loK,Siniakova K.,Park S.,2,2,ou,13.50,under,ft,7.5,2
EmMW0loK,Siniakova K.,Park S.,2,2,ou,14.50,over,ft,1.13,2
EmMW0loK,Siniakova K.,Park S.,2,2,ou,14.50,under,ft,4.81,2
EmMW0loK,Siniakova K.,Park S.,2,2,ou,15.50,over,ft,1.29,2
EmMW0loK,Siniakova K.,Park S.,2,2,ou,15.50,under,ft,3.13,2
EmMW0loK,Siniakova K.,Park S.,2,2,ou,16.00,over,ft,1.42,1
EmMW0loK,Siniakova K.,Park S.,2,2,ou,16.00,under,ft,2.96,1
EmMW0loK,Siniakova K.,Park S.,2,2,ou,16.50,over,ft,1.577,6
EmMW0loK,Siniakova K.,Park S.,2,2,ou,16.50,under,ft,2.25,6
EmMW0loK,Siniakova K.,Park S.,2,2,ou,17.00,over,ft,1.725,4
EmMW0loK,Siniakova K.,Park S.,2,2,ou,17.00,under,ft,2.085,4
EmMW0loK,Siniakova K.,Park S.,2,2,ou,17.50,over,ft,1.935,6
EmMW0loK,Siniakova K.,Park S.,2,2,ou,17.50,under,ft,1.835,6
EmMW0loK,Siniakova K.,Park S.,2,2,ou,18.00,over,ft,2.135,4
EmMW0loK,Siniakova K.,Park S.,2,2,ou,18.00,under,ft,1.685,4
EmMW0loK,Siniakova K.,Park S.,2,2,ou,18.50,over,ft,2.373,6
EmMW0loK,Siniakova K.,Park S.,2,2,ou,18.50,under,ft,1.523,6
EmMW0loK,Siniakova K.,Park S.,2,2,ou,19.00,over,ft,2.292,4
EmMW0loK,Siniakova K.,Park S.,2,2,ou,19.00,under,ft,1.588,4
EmMW0loK,Siniakova K.,Park S.,2,2,ou,19.50,over,ft,2.775,4
EmMW0loK,Siniakova K.,Park S.,2,2,ou,19.50,under,ft,1.393,4
EmMW0loK,Siniakova K.,Park S.,2,2,ou,20.50,over,ft,3.6,2
EmMW0loK,Siniakova K.,Park S.,2,2,ou,20.50,under,ft,1.23,2
EmMW0loK,Siniakova K.,Park S.,2,2,ou,21.50,over,ft,4.12,2
EmMW0loK,Siniakova K.,Park S.,2,2,ou,21.50,under,ft,1.18,2
EmMW0loK,Siniakova K.,Park S.,2,2,ou,22.50,over,ft,4.59,2
EmMW0loK,Siniakova K.,Park S.,2,2,ou,22.50,under,ft,1.14,2
EmMW0loK,Siniakova K.,Park S.,2,2,hc,1.50,home,ft,1.02,1
EmMW0loK,Siniakova K.,Park S.,2,2,hc,1.50,away,ft,13.69,1
EmMW0loK,Siniakova K.,Park S.,2,2,hc,-1.50,home,ft,1.24,5
EmMW0loK,Siniakova K.,Park S.,2,2,hc,-1.50,away,ft,3.792,5
EmMW0loK,Siniakova K.,Park S.,2,2,hc,-4.50,home,ft,1.18,2
EmMW0loK,Siniakova K.,Park S.,2,2,hc,-4.50,away,ft,4.05,2
EmMW0loK,Siniakova K.,Park S.,2,2,hc,-5.00,home,ft,1.22,2
EmMW0loK,Siniakova K.,Park S.,2,2,hc,-5.00,away,ft,3.64,2
EmMW0loK,Siniakova K.,Park S.,2,2,hc,-5.50,home,ft,1.364,5
EmMW0loK,Siniakova K.,Park S.,2,2,hc,-5.50,away,ft,2.908,5
EmMW0loK,Siniakova K.,Park S.,2,2,hc,-6.00,home,ft,1.433,3
EmMW0loK,Siniakova K.,Park S.,2,2,hc,-6.00,away,ft,2.66,3
EmMW0loK,Siniakova K.,Park S.,2,2,hc,-6.50,home,ft,1.675,4
EmMW0loK,Siniakova K.,Park S.,2,2,hc,-6.50,away,ft,2.175,4
EmMW0loK,Siniakova K.,Park S.,2,2,hc,-7.00,home,ft,1.873,3
EmMW0loK,Siniakova K.,Park S.,2,2,hc,-7.00,away,ft,1.863,3
EmMW0loK,Siniakova K.,Park S.,2,2,hc,-7.50,home,ft,2.18,5
EmMW0loK,Siniakova K.,Park S.,2,2,hc,-7.50,away,ft,1.616,5
EmMW0loK,Siniakova K.,Park S.,2,2,hc,-8.00,home,ft,2.827,3
EmMW0loK,Siniakova K.,Park S.,2,2,hc,-8.00,away,ft,1.387,3
EmMW0loK,Siniakova K.,Park S.,2,2,hc,-8.50,home,ft,3.27,2
EmMW0loK,Siniakova K.,Park S.,2,2,hc,-8.50,away,ft,1.27,2
EmMW0loK,Siniakova K.,Park S.,2,2,hc,-9.00,home,ft,4.3,2
EmMW0loK,Siniakova K.,Park S.,2,2,hc,-9.00,away,ft,1.16,2
EmMW0loK,Siniakova K.,Park S.,2,2,hc,-9.50,home,ft,5.62,2
EmMW0loK,Siniakova K.,Park S.,2,2,hc,-9.50,away,ft,1.09,2
nsUpwogD,Joint M.,Fruhvirtova L.,2,2,ou,2.50,over,ft,2.81,2
nsUpwogD,Joint M.,Fruhvirtova L.,2,2,ou,2.50,under,ft,1.445,2
nsUpwogD,Joint M.,Fruhvirtova L.,2,2,ou,17.50,over,ft,1.28,2
nsUpwogD,Joint M.,Fruhvirtova L.,2,2,ou,17.50,under,ft,3.23,2
nsUpwogD,Joint M.,Fruhvirtova L.,2,2,ou,18.50,over,ft,1.45,3
nsUpwogD,Joint M.,Fruhvirtova L.,2,2,ou,18.50,under,ft,2.51,3
nsUpwogD,Joint M.,Fruhvirtova L.,2,2,ou,19.00,over,ft,1.63,1
nsUpwogD,Joint M.,Fruhvirtova L.,2,2,ou,19.00,under,ft,2.34,1
nsUpwogD,Joint M.,Fruhvirtova L.,2,2,ou,19.50,over,ft,1.687,6
nsUpwogD,Joint M.,Fruhvirtova L.,2,2,ou,19.50,under,ft,2.077,6
nsUpwogD,Joint M.,Fruhvirtova L.,2,2,ou,20.00,over,ft,1.797,4
nsUpwogD,Joint M.,Fruhvirtova L.,2,2,ou,20.00,under,ft,1.988,4
nsUpwogD,Joint M.,Fruhvirtova L.,2,2,ou,20.50,over,ft,1.903,6
nsUpwogD,Joint M.,Fruhvirtova L.,2,2,ou,20.50,under,ft,1.855,6
nsUpwogD,Joint M.,Fruhvirtova L.,2,2,ou,21.00,over,ft,2.042,4
nsUpwogD,Joint M.,Fruhvirtova L.,2,2,ou,21.00,under,ft,1.75,4
nsUpwogD,Joint M.,Fruhvirtova L.,2,2,ou,21.50,over,ft,2.118,6
nsUpwogD,Joint M.,Fruhvirtova L.,2,2,ou,21.50,under,ft,1.663,6
nsUpwogD,Joint M.,Fruhvirtova L.,2,2,ou,22.50,over,ft,2.46,4
nsUpwogD,Joint M.,Fruhvirtova L.,2,2,ou,22.50,under,ft,1.47,4
nsUpwogD,Joint M.,Fruhvirtova L.,2,2,ou,23.50,over,ft,2.855,2
nsUpwogD,Joint M.,Fruhvirtova L.,2,2,ou,23.50,under,ft,1.345,2
nsUpwogD,Joint M.,Fruhvirtova L.,2,2,ou,24.50,over,ft,2.96,3
nsUpwogD,Joint M.,Fruhvirtova L.,2,2,ou,24.50,under,ft,1.34,3
nsUpwogD,Joint M.,Fruhvirtova L.,2,2,ou,25.50,over,ft,3.475,2
nsUpwogD,Joint M.,Fruhvirtova L.,2,2,ou,25.50,under,ft,1.245,2
nsUpwogD,Joint M.,Fruhvirtova L.,2,2,ou,26.50,over,ft,3.22,2
nsUpwogD,Joint M.,Fruhvirtova L.,2,2,ou,26.50,under,ft,1.28,2
nsUpwogD,Joint M.,Fruhvirtova L.,2,2,hc,1.50,home,ft,1.147,3
nsUpwogD,Joint M.,Fruhvirtova L.,2,2,hc,1.50,away,ft,5.227,3
nsUpwogD,Joint M.,Fruhvirtova L.,2,2,hc,-1.50,home,ft,1.828,5
nsUpwogD,Joint M.,Fruhvirtova L.,2,2,hc,-1.50,away,ft,1.91,5
nsUpwogD,Joint M.,Fruhvirtova L.,2,2,hc,-1.50,home,ft,1.43,2
nsUpwogD,Joint M.,Fruhvirtova L.,2,2,hc,-1.50,away,ft,2.53,2
nsUpwogD,Joint M.,Fruhvirtova L.,2,2,hc,-2.00,home,ft,1.35,2
nsUpwogD,Joint M.,Fruhvirtova L.,2,2,hc,-2.00,away,ft,2.84,2
nsUpwogD,Joint M.,Fruhvirtova L.,2,2,hc,-2.50,home,ft,1.44,2
nsUpwogD,Joint M.,Fruhvirtova L.,2,2,hc,-2.50,away,ft,2.52,2
nsUpwogD,Joint M.,Fruhvirtova L.,2,2,hc,-3.00,home,ft,1.49,2
nsUpwogD,Joint M.,Fruhvirtova L.,2,2,hc,-3.00,away,ft,2.38,2
nsUpwogD,Joint M.,Fruhvirtova L.,2,2,hc,-3.50,home,ft,1.616,5
nsUpwogD,Joint M.,Fruhvirtova L.,2,2,hc,-3.50,away,ft,2.194,5
nsUpwogD,Joint M.,Fruhvirtova L.,2,2,hc,-4.00,home,ft,1.727,3
nsUpwogD,Joint M.,Fruhvirtova L.,2,2,hc,-4.00,away,ft,2.02,3
nsUpwogD,Joint M.,Fruhvirtova L.,2,2,hc,-4.50,home,ft,1.893,4
nsUpwogD,Joint M.,Fruhvirtova L.,2,2,hc,-4.50,away,ft,1.907,4
nsUpwogD,Joint M.,Fruhvirtova L.,2,2,hc,-5.00,home,ft,2.167,3
nsUpwogD,Joint M.,Fruhvirtova L.,2,2,hc,-5.00,away,ft,1.627,3
nsUpwogD,Joint M.,Fruhvirtova L.,2,2,hc,-5.50,home,ft,2.41,5
nsUpwogD,Joint M.,Fruhvirtova L.,2,2,hc,-5.50,away,ft,1.52,5
nsUpwogD,Joint M.,Fruhvirtova L.,2,2,hc,-6.00,home,ft,3.08,2
nsUpwogD,Joint M.,Fruhvirtova L.,2,2,hc,-6.00,away,ft,1.3,2
nsUpwogD,Joint M.,Fruhvirtova L.,2,2,hc,-6.50,home,ft,3.47,2
nsUpwogD,Joint M.,Fruhvirtova L.,2,2,hc,-6.50,away,ft,1.24,2
MX7UAPPk,Krueger A.,Lys E.,0,0,ou,2.50,over,ft,2.465,2
MX7UAPPk,Krueger A.,Lys E.,0,0,ou,2.50,under,ft,1.56,2
MX7UAPPk,Krueger A.,Lys E.,0,0,ou,18.50,over,ft,1.337,3
MX7UAPPk,Krueger A.,Lys E.,0,0,ou,18.50,under,ft,2.947,3
MX7UAPPk,Krueger A.,Lys E.,0,0,ou,19.50,over,ft,1.51,2
MX7UAPPk,Krueger A.,Lys E.,0,0,ou,19.50,under,ft,2.33,2
MX7UAPPk,Krueger A.,Lys E.,0,0,ou,20.00,over,ft,1.677,4
MX7UAPPk,Krueger A.,Lys E.,0,0,ou,20.00,under,ft,2.127,4
MX7UAPPk,Krueger A.,Lys E.,0,0,ou,20.50,over,ft,1.725,6
MX7UAPPk,Krueger A.,Lys E.,0,0,ou,20.50,under,ft,1.987,6
MX7UAPPk,Krueger A.,Lys E.,0,0,ou,21.00,over,ft,1.875,4
MX7UAPPk,Krueger A.,Lys E.,0,0,ou,21.00,under,ft,1.885,4
MX7UAPPk,Krueger A.,Lys E.,0,0,ou,21.50,over,ft,1.887,6
MX7UAPPk,Krueger A.,Lys E.,0,0,ou,21.50,under,ft,1.888,6
MX7UAPPk,Krueger A.,Lys E.,0,0,ou,22.00,over,ft,2.055,4
MX7UAPPk,Krueger A.,Lys E.,0,0,ou,22.00,under,ft,1.725,4
MX7UAPPk,Krueger A.,Lys E.,0,0,ou,22.50,over,ft,2.192,5
MX7UAPPk,Krueger A.,Lys E.,0,0,ou,22.50,under,ft,1.576,5
MX7UAPPk,Krueger A.,Lys E.,0,0,ou,23.50,over,ft,2.56,2
MX7UAPPk,Krueger A.,Lys E.,0,0,ou,23.50,under,ft,1.43,2
MX7UAPPk,Krueger A.,Lys E.,0,0,ou,24.50,over,ft,2.65,3
MX7UAPPk,Krueger A.,Lys E.,0,0,ou,24.50,under,ft,1.403,3
MX7UAPPk,Krueger A.,Lys E.,0,0,ou,25.50,over,ft,3.175,2
MX7UAPPk,Krueger A.,Lys E.,0,0,ou,25.50,under,ft,1.285,2
MX7UAPPk,Krueger A.,Lys E.,0,0,ou,26.50,over,ft,3.77,2
MX7UAPPk,Krueger A.,Lys E.,0,0,ou,26.50,under,ft,1.205,2
MX7UAPPk,Krueger A.,Lys E.,0,0,hc,1.50,home,ft,1.442,5
MX7UAPPk,Krueger A.,Lys E.,0,0,hc,1.50,away,ft,2.656,5
MX7UAPPk,Krueger A.,Lys E.,0,0,hc,-1.50,home,ft,2.978,4
MX7UAPPk,Krueger A.,Lys E.,0,0,hc,-1.50,away,ft,1.365,4
MX7UAPPk,Krueger A.,Lys E.,0,0,hc,0,home,ft,1.973,3
MX7UAPPk,Krueger A.,Lys E.,0,0,hc,0,away,ft,1.76,3
MX7UAPPk,Krueger A.,Lys E.,0,0,hc,0.50,home,ft,1.938,5
MX7UAPPk,Krueger A.,Lys E.,0,0,hc,0.50,away,ft,1.79,5
MX7UAPPk,Krueger A.,Lys E.,0,0,hc,-0.50,home,ft,2.01,4
MX7UAPPk,Krueger A.,Lys E.,0,0,hc,-0.50,away,ft,1.738,4
MX7UAPPk,Krueger A.,Lys E.,0,0,hc,1.00,home,ft,1.863,3
MX7UAPPk,Krueger A.,Lys E.,0,0,hc,1.00,away,ft,1.863,3
MX7UAPPk,Krueger A.,Lys E.,0,0,hc,-1.00,home,ft,2.06,3
MX7UAPPk,Krueger A.,Lys E.,0,0,hc,-1.00,away,ft,1.697,3
MX7UAPPk,Krueger A.,Lys E.,0,0,hc,1.50,home,ft,1.896,5
MX7UAPPk,Krueger A.,Lys E.,0,0,hc,1.50,away,ft,1.874,5
MX7UAPPk,Krueger A.,Lys E.,0,0,hc,-1.50,home,ft,2.075,4
MX7UAPPk,Krueger A.,Lys E.,0,0,hc,-1.50,away,ft,1.693,4
MX7UAPPk,Krueger A.,Lys E.,0,0,hc,2.00,home,ft,1.733,3
MX7UAPPk,Krueger A.,Lys E.,0,0,hc,2.00,away,ft,2.013,3
MX7UAPPk,Krueger A.,Lys E.,0,0,hc,-2.00,home,ft,2.153,3
MX7UAPPk,Krueger A.,Lys E.,0,0,hc,-2.00,away,ft,1.643,3
MX7UAPPk,Krueger A.,Lys E.,0,0,hc,2.50,home,ft,1.714,5
MX7UAPPk,Krueger A.,Lys E.,0,0,hc,2.50,away,ft,2.048,5
MX7UAPPk,Krueger A.,Lys E.,0,0,hc,-2.50,home,ft,2.18,2
MX7UAPPk,Krueger A.,Lys E.,0,0,hc,-2.50,away,ft,1.58,2
MX7UAPPk,Krueger A.,Lys E.,0,0,hc,3.00,home,ft,1.583,3
MX7UAPPk,Krueger A.,Lys E.,0,0,hc,3.00,away,ft,2.27,3
MX7UAPPk,Krueger A.,Lys E.,0,0,hc,-3.00,home,ft,2.29,2
MX7UAPPk,Krueger A.,Lys E.,0,0,hc,-3.00,away,ft,1.53,2
MX7UAPPk,Krueger A.,Lys E.,0,0,hc,3.50,home,ft,1.62,5
MX7UAPPk,Krueger A.,Lys E.,0,0,hc,3.50,away,ft,2.208,5
MX7UAPPk,Krueger A.,Lys E.,0,0,hc,4.00,home,ft,1.42,2
MX7UAPPk,Krueger A.,Lys E.,0,0,hc,4.00,away,ft,2.59,2
MX7UAPPk,Krueger A.,Lys E.,0,0,hc,4.50,home,ft,1.39,2
MX7UAPPk,Krueger A.,Lys E.,0,0,hc,4.50,away,ft,2.68,2
tbpBSz1L,Zakharova A.,Seidel E.,1,1,ou,2.50,over,ft,2.5,1
tbpBSz1L,Zakharova A.,Seidel E.,1,1,ou,2.50,under,ft,1.55,1
tbpBSz1L,Zakharova A.,Seidel E.,1,1,ou,19.50,over,ft,1.54,2
tbpBSz1L,Zakharova A.,Seidel E.,1,1,ou,19.50,under,ft,2.25,2
tbpBSz1L,Zakharova A.,Seidel E.,1,1,ou,20.00,over,ft,1.69,1
tbpBSz1L,Zakharova A.,Seidel E.,1,1,ou,20.00,under,ft,2.17,1
tbpBSz1L,Zakharova A.,Seidel E.,1,1,ou,20.50,over,ft,1.77,4
tbpBSz1L,Zakharova A.,Seidel E.,1,1,ou,20.50,under,ft,1.942,4
tbpBSz1L,Zakharova A.,Seidel E.,1,1,ou,21.00,over,ft,1.823,4
tbpBSz1L,Zakharova A.,Seidel E.,1,1,ou,21.00,under,ft,1.922,4
tbpBSz1L,Zakharova A.,Seidel E.,1,1,ou,21.50,over,ft,1.935,6
tbpBSz1L,Zakharova A.,Seidel E.,1,1,ou,21.50,under,ft,1.777,6
tbpBSz1L,Zakharova A.,Seidel E.,1,1,ou,22.00,over,ft,2.055,4
tbpBSz1L,Zakharova A.,Seidel E.,1,1,ou,22.00,under,ft,1.712,4
tbpBSz1L,Zakharova A.,Seidel E.,1,1,ou,22.50,over,ft,2.337,3
tbpBSz1L,Zakharova A.,Seidel E.,1,1,ou,22.50,under,ft,1.51,3
tbpBSz1L,Zakharova A.,Seidel E.,1,1,ou,23.50,over,ft,2.87,2
tbpBSz1L,Zakharova A.,Seidel E.,1,1,ou,23.50,under,ft,1.34,2
tbpBSz1L,Zakharova A.,Seidel E.,1,1,ou,24.50,over,ft,3.08,2
tbpBSz1L,Zakharova A.,Seidel E.,1,1,ou,24.50,under,ft,1.3,2
tbpBSz1L,Zakharova A.,Seidel E.,1,1,ou,25.50,over,ft,3.67,2
tbpBSz1L,Zakharova A.,Seidel E.,1,1,ou,25.50,under,ft,1.22,2
tbpBSz1L,Zakharova A.,Seidel E.,1,1,hc,1.50,home,ft,1.406,5
tbpBSz1L,Zakharova A.,Seidel E.,1,1,hc,1.50,away,ft,2.75,5
tbpBSz1L,Zakharova A.,Seidel E.,1,1,hc,-1.50,home,ft,2.88,5
tbpBSz1L,Zakharova A.,Seidel E.,1,1,hc,-1.50,away,ft,1.376,5
tbpBSz1L,Zakharova A.,Seidel E.,1,1,hc,0,home,ft,1.927,3
tbpBSz1L,Zakharova A.,Seidel E.,1,1,hc,0,away,ft,1.827,3
tbpBSz1L,Zakharova A.,Seidel E.,1,1,hc,0.50,home,ft,1.857,4
tbpBSz1L,Zakharova A.,Seidel E.,1,1,hc,0.50,away,ft,1.87,4
tbpBSz1L,Zakharova A.,Seidel E.,1,1,hc,-0.50,home,ft,1.955,4
tbpBSz1L,Zakharova A.,Seidel E.,1,1,hc,-0.50,away,ft,1.778,4
tbpBSz1L,Zakharova A.,Seidel E.,1,1,hc,1.00,home,ft,1.817,3
tbpBSz1L,Zakharova A.,Seidel E.,1,1,hc,1.00,away,ft,1.943,3
tbpBSz1L,Zakharova A.,Seidel E.,1,1,hc,-1.00,home,ft,2.033,3
tbpBSz1L,Zakharova A.,Seidel E.,1,1,hc,-1.00,away,ft,1.74,3
tbpBSz1L,Zakharova A.,Seidel E.,1,1,hc,1.50,home,ft,1.767,3
tbpBSz1L,Zakharova A.,Seidel E.,1,1,hc,1.50,away,ft,2.003,3
tbpBSz1L,Zakharova A.,Seidel E.,1,1,hc,-1.50,home,ft,2.1,2
tbpBSz1L,Zakharova A.,Seidel E.,1,1,hc,-1.50,away,ft,1.67,2
tbpBSz1L,Zakharova A.,Seidel E.,1,1,hc,2.00,home,ft,1.727,3
tbpBSz1L,Zakharova A.,Seidel E.,1,1,hc,2.00,away,ft,2.057,3
tbpBSz1L,Zakharova A.,Seidel E.,1,1,hc,-2.00,home,ft,2.11,2
tbpBSz1L,Zakharova A.,Seidel E.,1,1,hc,-2.00,away,ft,1.62,2
tbpBSz1L,Zakharova A.,Seidel E.,1,1,hc,2.50,home,ft,1.64,2
tbpBSz1L,Zakharova A.,Seidel E.,1,1,hc,2.50,away,ft,2.15,2
tbpBSz1L,Zakharova A.,Seidel E.,1,1,hc,-2.50,home,ft,2.16,2
tbpBSz1L,Zakharova A.,Seidel E.,1,1,hc,-2.50,away,ft,1.59,2
tbpBSz1L,Zakharova A.,Seidel E.,1,1,hc,3.00,home,ft,1.56,2
tbpBSz1L,Zakharova A.,Seidel E.,1,1,hc,3.00,away,ft,2.21,2
2NiedQAd,Okamura K.,Ponchet J.,1,1,ou,2.50,over,ft,2.75,1
2NiedQAd,Okamura K.,Ponchet J.,1,1,ou,2.50,under,ft,1.47,1
2NiedQAd,Okamura K.,Ponchet J.,1,1,ou,18.50,over,ft,1.45,3
2NiedQAd,Okamura K.,Ponchet J.,1,1,ou,18.50,under,ft,2.497,3
2NiedQAd,Okamura K.,Ponchet J.,1,1,ou,19.00,over,ft,1.61,2
2NiedQAd,Okamura K.,Ponchet J.,1,1,ou,19.00,under,ft,2.21,2
2NiedQAd,Okamura K.,Ponchet J.,1,1,ou,19.50,over,ft,1.678,5
2NiedQAd,Okamura K.,Ponchet J.,1,1,ou,19.50,under,ft,2.066,5
2NiedQAd,Okamura K.,Ponchet J.,1,1,ou,20.00,over,ft,1.843,4
2NiedQAd,Okamura K.,Ponchet J.,1,1,ou,20.00,under,ft,1.91,4
2NiedQAd,Okamura K.,Ponchet J.,1,1,ou,20.50,over,ft,1.908,6
2NiedQAd,Okamura K.,Ponchet J.,1,1,ou,20.50,under,ft,1.855,6
2NiedQAd,Okamura K.,Ponchet J.,1,1,ou,21.00,over,ft,2.087,3
2NiedQAd,Okamura K.,Ponchet J.,1,1,ou,21.00,under,ft,1.71,3
2NiedQAd,Okamura K.,Ponchet J.,1,1,ou,21.50,over,ft,2.095,4
2NiedQAd,Okamura K.,Ponchet J.,1,1,ou,21.50,under,ft,1.655,4
2NiedQAd,Okamura K.,Ponchet J.,1,1,ou,22.50,over,ft,2.37,2
2NiedQAd,Okamura K.,Ponchet J.,1,1,ou,22.50,under,ft,1.49,2
2NiedQAd,Okamura K.,Ponchet J.,1,1,ou,23.50,over,ft,2.58,2
2NiedQAd,Okamura K.,Ponchet J.,1,1,ou,23.50,under,ft,1.42,2
2NiedQAd,Okamura K.,Ponchet J.,1,1,ou,24.50,over,ft,2.77,2
2NiedQAd,Okamura K.,Ponchet J.,1,1,ou,24.50,under,ft,1.37,2
2NiedQAd,Okamura K.,Ponchet J.,1,1,ou,34.50,over,ft,9.7,2
2NiedQAd,Okamura K.,Ponchet J.,1,1,hc,1.50,home,ft,2.042,5
2NiedQAd,Okamura K.,Ponchet J.,1,1,hc,1.50,away,ft,1.712,5
2NiedQAd,Okamura K.,Ponchet J.,1,1,hc,-1.50,home,ft,5.777,3
2NiedQAd,Okamura K.,Ponchet J.,1,1,hc,-1.50,away,ft,1.12,3
2NiedQAd,Okamura K.,Ponchet J.,1,1,hc,2.50,home,ft,2.84,2
2NiedQAd,Okamura K.,Ponchet J.,1,1,hc,2.50,away,ft,1.385,2
2NiedQAd,Okamura K.,Ponchet J.,1,1,hc,3.00,home,ft,2.665,2
2NiedQAd,Okamura K.,Ponchet J.,1,1,hc,3.00,away,ft,1.43,2
2NiedQAd,Okamura K.,Ponchet J.,1,1,hc,3.50,home,ft,2.4,3
2NiedQAd,Okamura K.,Ponchet J.,1,1,hc,3.50,away,ft,1.54,3
2NiedQAd,Okamura K.,Ponchet J.,1,1,hc,4.00,home,ft,2.193,3
2NiedQAd,Okamura K.,Ponchet J.,1,1,hc,4.00,away,ft,1.64,3
2NiedQAd,Okamura K.,Ponchet J.,1,1,hc,4.50,home,ft,2.018,4
2NiedQAd,Okamura K.,Ponchet J.,1,1,hc,4.50,away,ft,1.775,4
2NiedQAd,Okamura K.,Ponchet J.,1,1,hc,5.00,home,ft,1.75,3
2NiedQAd,Okamura K.,Ponchet J.,1,1,hc,5.00,away,ft,2.02,3
2NiedQAd,Okamura K.,Ponchet J.,1,1,hc,5.50,home,ft,1.61,4
2NiedQAd,Okamura K.,Ponchet J.,1,1,hc,5.50,away,ft,2.23,4
2NiedQAd,Okamura K.,Ponchet J.,1,1,hc,6.00,home,ft,1.427,3
2NiedQAd,Okamura K.,Ponchet J.,1,1,hc,6.00,away,ft,2.753,3
2NiedQAd,Okamura K.,Ponchet J.,1,1,hc,6.50,home,ft,1.325,2
2NiedQAd,Okamura K.,Ponchet J.,1,1,hc,6.50,away,ft,3.115,2
