match_id,home,away,home_score,away_score,market,line,side,period,avg_odds,n_bookies
IViqANqf,Sabalenka A.,Rybakina E.,0,0,ou,2.50,over,ft,2.465,2
IViqANqf,Sabalenka A.,Rybakina E.,0,0,ou,2.50,under,ft,1.595,2
IViqANqf,Sabalenka A.,Rybakina E.,0,0,ou,17.50,over,ft,1.17,1
IViqANqf,Sabalenka A.,Rybakina E.,0,0,ou,17.50,under,ft,4.24,1
IViqANqf,Sabalenka A.,Rybakina E.,0,0,ou,18.50,over,ft,1.187,3
IViqANqf,Sabalenka A.,Rybakina E.,0,0,ou,18.50,under,ft,4.497,3
IViqANqf,Sabalenka A.,Rybakina E.,0,0,ou,19.00,over,ft,1.235,2
IViqANqf,Sabalenka A.,Rybakina E.,0,0,ou,19.00,under,ft,3.755,2
IViqANqf,Sabalenka A.,Rybakina E.,0,0,ou,19.50,over,ft,1.355,2
IViqANqf,Sabalenka A.,Rybakina E.,0,0,ou,19.50,under,ft,2.945,2
IViqANqf,Sabalenka A.,Rybakina E.,0,0,ou,20.00,over,ft,1.395,2
IViqANqf,Sabalenka A.,Rybakina E.,0,0,ou,20.00,under,ft,2.82,2
IViqANqf,Sabalenka A.,Rybakina E.,0,0,ou,20.50,over,ft,1.495,4
IViqANqf,Sabalenka A.,Rybakina E.,0,0,ou,20.50,under,ft,2.522,4
IViqANqf,Sabalenka A.,Rybakina E.,0,0,ou,21.00,over,ft,1.575,2
IViqANqf,Sabalenka A.,Rybakina E.,0,0,ou,21.00,under,ft,2.33,2
IViqANqf,Sabalenka A.,Rybakina E.,0,0,ou,21.50,over,ft,1.632,6
IViqANqf,Sabalenka A.,Rybakina E.,0,0,ou,21.50,under,ft,2.217,6
IViqANqf,Sabalenka A.,Rybakina E.,0,0,ou,22.00,over,ft,1.775,4
IViqANqf,Sabalenka A.,Rybakina E.,0,0,ou,22.00,under,ft,2.06,4
IViqANqf,Sabalenka A.,Rybakina E.,0,0,ou,22.50,over,ft,1.895,6
IViqANqf,Sabalenka A.,Rybakina E.,0,0,ou,22.50,under,ft,1.893,6
IViqANqf,Sabalenka A.,Rybakina E.,0,0,ou,23.00,over,ft,2.08,4
IViqANqf,Sabalenka A.,Rybakina E.,0,0,ou,23.00,under,ft,1.76,4
IViqANqf,Sabalenka A.,Rybakina E.,0,0,ou,23.50,over,ft,2.148,6
IViqANqf,Sabalenka A.,Rybakina E.,0,0,ou,23.50,under,ft,1.667,6
IViqANqf,Sabalenka A.,Rybakina E.,0,0,ou,24.00,over,ft,2.225,2
IViqANqf,Sabalenka A.,Rybakina E.,0,0,ou,24.00,under,ft,1.625,2
IViqANqf,Sabalenka A.,Rybakina E.,0,0,ou,24.50,over,ft,2.208,4
IViqANqf,Sabalenka A.,Rybakina E.,0,0,ou,24.50,under,ft,1.632,4
IViqANqf,Sabalenka A.,Rybakina E.,0,0,ou,25.00,over,ft,2.355,2
IViqANqf,Sabalenka A.,Rybakina E.,0,0,ou,25.00,under,ft,1.55,2
IViqANqf,Sabalenka A.,Rybakina E.,0,0,ou,25.50,over,ft,2.36,2
IViqANqf,Sabalenka A.,Rybakina E.,0,0,ou,25.50,under,ft,1.53,2
IViqANqf,Sabalenka A.,Rybakina E.,0,0,ou,26.00,over,ft,2.62,2
IViqANqf,Sabalenka A.,Rybakina E.,0,0,ou,26.00,under,ft,1.44,2
IViqANqf,Sabalenka A.,Rybakina E.,0,0,ou,26.50,over,ft,2.68,3
IViqANqf,Sabalenka A.,Rybakina E.,0,0,ou,26.50,under,ft,1.447,3
IViqANqf,Sabalenka A.,Rybakina E.,0,0,ou,27.50,over,ft,2.75,1
IViqANqf,Sabalenka A.,Rybakina E.,0,0,ou,27.50,under,ft,1.37,1
IViqANqf,Sabalenka A.,Rybakina E.,0,0,ou,28.50,over,ft,3.1,1
IViqANqf,Sabalenka A.,Rybakina E.,0,0,ou,28.50,under,ft,1.3,1
IViqANqf,Sabalenka A.,Rybakina E.,0,0,hc,1.50,home,ft,1.232,4
IViqANqf,Sabalenka A.,Rybakina E.,0,0,hc,1.50,away,ft,4.17,4
IViqANqf,Sabalenka A.,Rybakina E.,0,0,hc,-1.50,home,ft,2.332,5
IViqANqf,Sabalenka A.,Rybakina E.,0,0,hc,-1.50,away,ft,1.598,5
IViqANqf,Sabalenka A.,Rybakina E.,0,0,hc,0,home,ft,1.535,2
IViqANqf,Sabalenka A.,Rybakina E.,0,0,hc,0,away,ft,2.36,2
IViqANqf,Sabalenka A.,Rybakina E.,0,0,hc,12.00,home,ft,1.37,1
IViqANqf,Sabalenka A.,Rybakina E.,0,0,hc,12.00,away,ft,1.87,1
IViqANqf,Sabalenka A.,Rybakina E.,0,0,hc,12.50,home,ft,1.99,1
IViqANqf,Sabalenka A.,Rybakina E.,0,0,hc,12.50,away,ft,1.68,1
IViqANqf,Sabalenka A.,Rybakina E.,0,0,hc,0.50,home,ft,1.51,2
IViqANqf,Sabalenka A.,Rybakina E.,0,0,hc,0.50,away,ft,2.52,2
IViqANqf,Sabalenka A.,Rybakina E.,0,0,hc,-0.50,home,ft,1.557,3
IViqANqf,Sabalenka A.,Rybakina E.,0,0,hc,-0.50,away,ft,2.32,3
IViqANqf,Sabalenka A.,Rybakina E.,0,0,hc,1.00,home,ft,1.43,1
IViqANqf,Sabalenka A.,Rybakina E.,0,0,hc,1.00,away,ft,2.55,1
IViqANqf,Sabalenka A.,Rybakina E.,0,0,hc,-1.00,home,ft,1.67,3
IViqANqf,Sabalenka A.,Rybakina E.,0,0,hc,-1.00,away,ft,2.183,3
IViqANqf,Sabalenka A.,Rybakina E.,0,0,hc,1.50,home,ft,1.42,3
IViqANqf,Sabalenka A.,Rybakina E.,0,0,hc,1.50,away,ft,2.787,3
IViqANqf,Sabalenka A.,Rybakina E.,0,0,hc,-1.50,home,ft,1.668,5
IViqANqf,Sabalenka A.,Rybakina E.,0,0,hc,-1.50,away,ft,2.146,5
IViqANqf,Sabalenka A.,Rybakina E.,0,0,hc,2.00,home,ft,1.41,1
IViqANqf,Sabalenka A.,Rybakina E.,0,0,hc,2.00,away,ft,2.61,1
IViqANqf,Sabalenka A.,Rybakina E.,0,0,hc,-2.00,home,ft,1.747,3
IViqANqf,Sabalenka A.,Rybakina E.,0,0,hc,-2.00,away,ft,2.07,3
IViqANqf,Sabalenka A.,Rybakina E.,0,0,hc,-2.50,home,ft,1.875,4
IViqANqf,Sabalenka A.,Rybakina E.,0,0,hc,-2.50,away,ft,1.945,4
IViqANqf,Sabalenka A.,Rybakina E.,0,0,hc,-3.00,home,ft,2.05,3
IViqANqf,Sabalenka A.,Rybakina E.,0,0,hc,-3.00,away,ft,1.77,3
IViqANqf,Sabalenka A.,Rybakina E.,0,0,hc,3.50,home,ft,1.235,2
IViqANqf,Sabalenka A.,Rybakina E.,0,0,hc,3.50,away,ft,4.14,2
IViqANqf,Sabalenka A.,Rybakina E.,0,0,hc,-3.50,home,ft,2.196,5
IViqANqf,Sabalenka A.,Rybakina E.,0,0,hc,-3.50,away,ft,1.632,5
IViqANqf,Sabalenka A.,Rybakina E.,0,0,hc,-4.00,home,ft,2.68,2
IViqANqf,Sabalenka A.,Rybakina E.,0,0,hc,-4.00,away,ft,1.42,2
IViqANqf,Sabalenka A.,Rybakina E.,0,0,hc,-4.50,home,ft,2.913,3
IViqANqf,Sabalenka A.,Rybakina E.,0,0,hc,-4.50,away,ft,1.373,3
IViqANqf,Sabalenka A.,Rybakina E.,0,0,hc,-5.00,home,ft,3.765,2
IViqANqf,Sabalenka A.,Rybakina E.,0,0,hc,-5.00,away,ft,1.24,2
IViqANqf,Sabalenka A.,Rybakina E.,0,0,hc,-5.50,home,ft,4.677,3
IViqANqf,Sabalenka A.,Rybakina E.,0,0,hc,-5.50,away,ft,1.193,3
IViqANqf,Sabalenka A.,Rybakina E.,0,0,hc,-6.00,home,ft,6.35,1
IViqANqf,Sabalenka A.,Rybakina E.,0,0,hc,-6.00,away,ft,1.11,1
IViqANqf,Sabalenka A.,Rybakina E.,0,0,hc,-6.50,home,ft,6.85,1
IViqANqf,Sabalenka A.,Rybakina E.,0,0,hc,-6.50,away,ft,1.1,1
I9fwYddK,Sabalenka A.,Anisimova A.,2,2,ou,2.50,over,ft,2.38,2
I9fwYddK,Sabalenka A.,Anisimova A.,2,2,ou,2.50,under,ft,1.625,2
I9fwYddK,Sabalenka A.,Anisimova A.,2,2,ou,17.50,over,ft,1.155,2
I9fwYddK,Sabalenka A.,Anisimova A.,2,2,ou,17.50,under,ft,4.685,2
I9fwYddK,Sabalenka A.,Anisimova A.,2,2,ou,18.00,over,ft,1.185,2
I9fwYddK,Sabalenka A.,Anisimova A.,2,2,ou,18.00,under,ft,4.365,2
I9fwYddK,Sabalenka A.,Anisimova A.,2,2,ou,18.50,over,ft,1.293,3
I9fwYddK,Sabalenka A.,Anisimova A.,2,2,ou,18.50,under,ft,3.45,3
I9fwYddK,Sabalenka A.,Anisimova A.,2,2,ou,19.00,over,ft,1.34,2
I9fwYddK,Sabalenka A.,Anisimova A.,2,2,ou,19.00,under,ft,3.1,2
I9fwYddK,Sabalenka A.,Anisimova A.,2,2,ou,19.50,over,ft,1.463,3
I9fwYddK,Sabalenka A.,Anisimova A.,2,2,ou,19.50,under,ft,2.593,3
I9fwYddK,Sabalenka A.,Anisimova A.,2,2,ou,20.00,over,ft,1.535,2
I9fwYddK,Sabalenka A.,Anisimova A.,2,2,ou,20.00,under,ft,2.43,2
I9fwYddK,Sabalenka A.,Anisimova A.,2,2,ou,20.50,over,ft,1.648,6
I9fwYddK,Sabalenka A.,Anisimova A.,2,2,ou,20.50,under,ft,2.197,6
I9fwYddK,Sabalenka A.,Anisimova A.,2,2,ou,21.00,over,ft,1.725,4
I9fwYddK,Sabalenka A.,Anisimova A.,2,2,ou,21.00,under,ft,2.145,4
I9fwYddK,Sabalenka A.,Anisimova A.,2,2,ou,21.50,over,ft,1.838,6
I9fwYddK,Sabalenka A.,Anisimova A.,2,2,ou,21.50,under,ft,1.958,6
I9fwYddK,Sabalenka A.,Anisimova A.,2,2,ou,22.00,over,ft,1.94,4
I9fwYddK,Sabalenka A.,Anisimova A.,2,2,ou,22.00,under,ft,1.865,4
I9fwYddK,Sabalenka A.,Anisimova A.,2,2,ou,22.50,over,ft,2.087,6
I9fwYddK,Sabalenka A.,Anisimova A.,2,2,ou,22.50,under,ft,1.727,6
I9fwYddK,Sabalenka A.,Anisimova A.,2,2,ou,23.00,over,ft,2.188,4
I9fwYddK,Sabalenka A.,Anisimova A.,2,2,ou,23.00,under,ft,1.667,4
I9fwYddK,Sabalenka A.,Anisimova A.,2,2,ou,23.50,over,ft,2.348,4
I9fwYddK,Sabalenka A.,Anisimova A.,2,2,ou,23.50,under,ft,1.548,4
I9fwYddK,Sabalenka A.,Anisimova A.,2,2,ou,24.00,over,ft,2.43,2
I9fwYddK,Sabalenka A.,Anisimova A.,2,2,ou,24.00,under,ft,1.52,2
I9fwYddK,Sabalenka A.,Anisimova A.,2,2,ou,24.50,over,ft,2.355,4
I9fwYddK,Sabalenka A.,Anisimova A.,2,2,ou,24.50,under,ft,1.565,4
I9fwYddK,Sabalenka A.,Anisimova A.,2,2,ou,25.00,over,ft,2.61,2
I9fwYddK,Sabalenka A.,Anisimova A.,2,2,ou,25.00,under,ft,1.445,2
I9fwYddK,Sabalenka A.,Anisimova A.,2,2,ou,25.50,over,ft,2.69,2
I9fwYddK,Sabalenka A.,Anisimova A.,2,2,ou,25.50,under,ft,1.415,2
I9fwYddK,Sabalenka A.,Anisimova A.,2,2,ou,26.00,over,ft,2.75,1
I9fwYddK,Sabalenka A.,Anisimova A.,2,2,ou,26.00,under,ft,1.44,1
I9fwYddK,Sabalenka A.,Anisimova A.,2,2,ou,26.50,over,ft,2.935,2
I9fwYddK,Sabalenka A.,Anisimova A.,2,2,ou,26.50,under,ft,1.41,2
I9fwYddK,Sabalenka A.,Anisimova A.,2,2,hc,1.50,home,ft,1.188,4
I9fwYddK,Sabalenka A.,Anisimova A.,2,2,hc,1.50,away,ft,4.978,4
I9fwYddK,Sabalenka A.,Anisimova A.,2,2,hc,-1.50,home,ft,2.172,5
I9fwYddK,Sabalenka A.,Anisimova A.,2,2,hc,-1.50,away,ft,1.692,5
I9fwYddK,Sabalenka A.,Anisimova A.,2,2,hc,0,home,ft,1.4,1
I9fwYddK,Sabalenka A.,Anisimova A.,2,2,hc,0,away,ft,2.9,1
I9fwYddK,Sabalenka A.,Anisimova A.,2,2,hc,12.00,home,ft,1.34,1
I9fwYddK,Sabalenka A.,Anisimova A.,2,2,hc,12.00,away,ft,2.09,1
I9fwYddK,Sabalenka A.,Anisimova A.,2,2,hc,12.50,home,ft,1.95,1
I9fwYddK,Sabalenka A.,Anisimova A.,2,2,hc,12.50,away,ft,1.58,1
I9fwYddK,Sabalenka A.,Anisimova A.,2,2,hc,0.50,home,ft,1.38,1
I9fwYddK,Sabalenka A.,Anisimova A.,2,2,hc,0.50,away,ft,2.99,1
I9fwYddK,Sabalenka A.,Anisimova A.,2,2,hc,-0.50,home,ft,1.445,2
I9fwYddK,Sabalenka A.,Anisimova A.,2,2,hc,-0.50,away,ft,2.72,2
I9fwYddK,Sabalenka A.,Anisimova A.,2,2,hc,1.00,home,ft,1.39,1
I9fwYddK,Sabalenka A.,Anisimova A.,2,2,hc,1.00,away,ft,2.69,1
I9fwYddK,Sabalenka A.,Anisimova A.,2,2,hc,-1.00,home,ft,1.47,2
I9fwYddK,Sabalenka A.,Anisimova A.,2,2,hc,-1.00,away,ft,2.64,2
I9fwYddK,Sabalenka A.,Anisimova A.,2,2,hc,1.50,home,ft,1.345,2
I9fwYddK,Sabalenka A.,Anisimova A.,2,2,hc,1.50,away,ft,3.255,2
I9fwYddK,Sabalenka A.,Anisimova A.,2,2,hc,-1.50,home,ft,1.55,4
I9fwYddK,Sabalenka A.,Anisimova A.,2,2,hc,-1.50,away,ft,2.428,4
I9fwYddK,Sabalenka A.,Anisimova A.,2,2,hc,-2.00,home,ft,1.653,3
I9fwYddK,Sabalenka A.,Anisimova A.,2,2,hc,-2.00,away,ft,2.283,3
I9fwYddK,Sabalenka A.,Anisimova A.,2,2,hc,-2.50,home,ft,1.726,5
I9fwYddK,Sabalenka A.,Anisimova A.,2,2,hc,-2.50,away,ft,2.106,5
I9fwYddK,Sabalenka A.,Anisimova A.,2,2,hc,-3.00,home,ft,1.903,3
I9fwYddK,Sabalenka A.,Anisimova A.,2,2,hc,-3.00,away,ft,1.95,3
I9fwYddK,Sabalenka A.,Anisimova A.,2,2,hc,-3.50,home,ft,2.002,4
I9fwYddK,Sabalenka A.,Anisimova A.,2,2,hc,-3.50,away,ft,1.825,4
I9fwYddK,Sabalenka A.,Anisimova A.,2,2,hc,-4.00,home,ft,2.383,3
I9fwYddK,Sabalenka A.,Anisimova A.,2,2,hc,-4.00,away,ft,1.61,3
I9fwYddK,Sabalenka A.,Anisimova A.,2,2,hc,-4.50,home,ft,2.424,5
I9fwYddK,Sabalenka A.,Anisimova A.,2,2,hc,-4.50,away,ft,1.554,5
I9fwYddK,Sabalenka A.,Anisimova A.,2,2,hc,-5.00,home,ft,2.875,2
I9fwYddK,Sabalenka A.,Anisimova A.,2,2,hc,-5.00,away,ft,1.415,2
I9fwYddK,Sabalenka A.,Anisimova A.,2,2,hc,-5.50,home,ft,3.422,4
I9fwYddK,Sabalenka A.,Anisimova A.,2,2,hc,-5.50,away,ft,1.308,4
I9fwYddK,Sabalenka A.,Anisimova A.,2,2,hc,-6.00,home,ft,4.43,2
I9fwYddK,Sabalenka A.,Anisimova A.,2,2,hc,-6.00,away,ft,1.205,2
I9fwYddK,Sabalenka A.,Anisimova A.,2,2,hc,-6.50,home,ft,4.875,2
I9fwYddK,Sabalenka A.,Anisimova A.,2,2,hc,-6.50,away,ft,1.175,2
I9fwYddK,Sabalenka A.,Anisimova A.,2,2,hc,-7.00,home,ft,9.2,1
I9fwYddK,Sabalenka A.,Anisimova A.,2,2,hc,-7.00,away,ft,1.05,1
I9fwYddK,Sabalenka A.,Anisimova A.,2,2,hc,-7.50,home,ft,9.8,1
I9fwYddK,Sabalenka A.,Anisimova A.,2,2,hc,-7.50,away,ft,1.05,1
Eut9SzKs,Pegula J.,Rybakina E.,1,1,ou,2.50,over,ft,2.415,2
Eut9SzKs,Pegula J.,Rybakina E.,1,1,ou,2.50,under,ft,1.62,2
Eut9SzKs,Pegula J.,Rybakina E.,1,1,ou,17.50,over,ft,1.145,2
Eut9SzKs,Pegula J.,Rybakina E.,1,1,ou,17.50,under,ft,4.875,2
Eut9SzKs,Pegula J.,Rybakina E.,1,1,ou,18.00,over,ft,1.165,2
Eut9SzKs,Pegula J.,Rybakina E.,1,1,ou,18.00,under,ft,4.565,2
Eut9SzKs,Pegula J.,Rybakina E.,1,1,ou,18.50,over,ft,1.263,3
Eut9SzKs,Pegula J.,Rybakina E.,1,1,ou,18.50,under,ft,3.683,3
Eut9SzKs,Pegula J.,Rybakina E.,1,1,ou,19.00,over,ft,1.31,2
Eut9SzKs,Pegula J.,Rybakina E.,1,1,ou,19.00,under,ft,3.25,2
Eut9SzKs,Pegula J.,Rybakina E.,1,1,ou,19.50,over,ft,1.443,3
Eut9SzKs,Pegula J.,Rybakina E.,1,1,ou,19.50,under,ft,2.667,3
Eut9SzKs,Pegula J.,Rybakina E.,1,1,ou,20.00,over,ft,1.5,2
Eut9SzKs,Pegula J.,Rybakina E.,1,1,ou,20.00,under,ft,2.51,2
Eut9SzKs,Pegula J.,Rybakina E.,1,1,ou,20.50,over,ft,1.58,6
Eut9SzKs,Pegula J.,Rybakina E.,1,1,ou,20.50,under,ft,2.307,6
Eut9SzKs,Pegula J.,Rybakina E.,1,1,ou,21.00,over,ft,1.667,4
Eut9SzKs,Pegula J.,Rybakina E.,1,1,ou,21.00,under,ft,2.215,4
Eut9SzKs,Pegula J.,Rybakina E.,1,1,ou,21.50,over,ft,1.755,6
Eut9SzKs,Pegula J.,Rybakina E.,1,1,ou,21.50,under,ft,2.065,6
Eut9SzKs,Pegula J.,Rybakina E.,1,1,ou,22.00,over,ft,1.893,4
Eut9SzKs,Pegula J.,Rybakina E.,1,1,ou,22.00,under,ft,1.922,4
Eut9SzKs,Pegula J.,Rybakina E.,1,1,ou,22.50,over,ft,1.98,6
Eut9SzKs,Pegula J.,Rybakina E.,1,1,ou,22.50,under,ft,1.81,6
Eut9SzKs,Pegula J.,Rybakina E.,1,1,ou,23.00,over,ft,2.163,4
Eut9SzKs,Pegula J.,Rybakina E.,1,1,ou,23.00,under,ft,1.695,4
Eut9SzKs,Pegula J.,Rybakina E.,1,1,ou,23.50,over,ft,2.237,6
Eut9SzKs,Pegula J.,Rybakina E.,1,1,ou,23.50,under,ft,1.61,6
Eut9SzKs,Pegula J.,Rybakina E.,1,1,ou,24.00,over,ft,2.365,2
Eut9SzKs,Pegula J.,Rybakina E.,1,1,ou,24.00,under,ft,1.545,2
Eut9SzKs,Pegula J.,Rybakina E.,1,1,ou,24.50,over,ft,2.31,4
Eut9SzKs,Pegula J.,Rybakina E.,1,1,ou,24.50,under,ft,1.587,4
Eut9SzKs,Pegula J.,Rybakina E.,1,1,ou,25.00,over,ft,2.535,2
Eut9SzKs,Pegula J.,Rybakina E.,1,1,ou,25.00,under,ft,1.465,2
Eut9SzKs,Pegula J.,Rybakina E.,1,1,ou,25.50,over,ft,2.61,2
Eut9SzKs,Pegula J.,Rybakina E.,1,1,ou,25.50,under,ft,1.435,2
Eut9SzKs,Pegula J.,Rybakina E.,1,1,ou,26.00,over,ft,2.73,2
Eut9SzKs,Pegula J.,Rybakina E.,1,1,ou,26.00,under,ft,1.41,2
Eut9SzKs,Pegula J.,Rybakina E.,1,1,ou,26.50,over,ft,2.813,3
Eut9SzKs,Pegula J.,Rybakina E.,1,1,ou,26.50,under,ft,1.403,3
Eut9SzKs,Pegula J.,Rybakina E.,1,1,hc,-1.50,home,ft,4.875,4
Eut9SzKs,Pegula J.,Rybakina E.,1,1,hc,-1.50,away,ft,1.182,4
Eut9SzKs,Pegula J.,Rybakina E.,1,1,hc,1.50,home,ft,1.698,5
Eut9SzKs,Pegula J.,Rybakina E.,1,1,hc,1.50,away,ft,2.138,5
Eut9SzKs,Pegula J.,Rybakina E.,1,1,hc,0,home,ft,2.7,2
Eut9SzKs,Pegula J.,Rybakina E.,1,1,hc,0,away,ft,1.46,2
Eut9SzKs,Pegula J.,Rybakina E.,1,1,hc,12.00,home,ft,2.06,1
Eut9SzKs,Pegula J.,Rybakina E.,1,1,hc,12.00,away,ft,1.31,1
Eut9SzKs,Pegula J.,Rybakina E.,1,1,hc,12.50,home,ft,1.59,1
Eut9SzKs,Pegula J.,Rybakina E.,1,1,hc,12.50,away,ft,1.96,1
Eut9SzKs,Pegula J.,Rybakina E.,1,1,hc,-0.50,home,ft,2.78,2
Eut9SzKs,Pegula J.,Rybakina E.,1,1,hc,-0.50,away,ft,1.435,2
Eut9SzKs,Pegula J.,Rybakina E.,1,1,hc,0.50,home,ft,2.513,3
Eut9SzKs,Pegula J.,Rybakina E.,1,1,hc,0.50,away,ft,1.507,3
Eut9SzKs,Pegula J.,Rybakina E.,1,1,hc,-1.00,home,ft,2.82,1
Eut9SzKs,Pegula J.,Rybakina E.,1,1,hc,-1.00,away,ft,1.42,1
Eut9SzKs,Pegula J.,Rybakina E.,1,1,hc,1.00,home,ft,2.51,2
Eut9SzKs,Pegula J.,Rybakina E.,1,1,hc,1.00,away,ft,1.515,2
Eut9SzKs,Pegula J.,Rybakina E.,1,1,hc,-1.50,home,ft,3.17,3
Eut9SzKs,Pegula J.,Rybakina E.,1,1,hc,-1.50,away,ft,1.36,3
Eut9SzKs,Pegula J.,Rybakina E.,1,1,hc,1.50,home,ft,2.404,5
Eut9SzKs,Pegula J.,Rybakina E.,1,1,hc,1.50,away,ft,1.554,5
Eut9SzKs,Pegula J.,Rybakina E.,1,1,hc,2.00,home,ft,2.283,3
Eut9SzKs,Pegula J.,Rybakina E.,1,1,hc,2.00,away,ft,1.627,3
Eut9SzKs,Pegula J.,Rybakina E.,1,1,hc,2.50,home,ft,2.184,5
Eut9SzKs,Pegula J.,Rybakina E.,1,1,hc,2.50,away,ft,1.674,5
Eut9SzKs,Pegula J.,Rybakina E.,1,1,hc,3.00,home,ft,2.043,3
Eut9SzKs,Pegula J.,Rybakina E.,1,1,hc,3.00,away,ft,1.803,3
Eut9SzKs,Pegula J.,Rybakina E.,1,1,hc,3.50,home,ft,1.806,5
Eut9SzKs,Pegula J.,Rybakina E.,1,1,hc,3.50,away,ft,1.972,5
Eut9SzKs,Pegula J.,Rybakina E.,1,1,hc,4.00,home,ft,1.687,3
Eut9SzKs,Pegula J.,Rybakina E.,1,1,hc,4.00,away,ft,2.22,3
Eut9SzKs,Pegula J.,Rybakina E.,1,1,hc,4.50,home,ft,1.566,5
Eut9SzKs,Pegula J.,Rybakina E.,1,1,hc,4.50,away,ft,2.404,5
Eut9SzKs,Pegula J.,Rybakina E.,1,1,hc,5.00,home,ft,1.365,2
Eut9SzKs,Pegula J.,Rybakina E.,1,1,hc,5.00,away,ft,3.06,2
Eut9SzKs,Pegula J.,Rybakina E.,1,1,hc,5.50,home,ft,1.298,4
Eut9SzKs,Pegula J.,Rybakina E.,1,1,hc,5.50,away,ft,3.478,4
Eut9SzKs,Pegula J.,Rybakina E.,1,1,hc,6.00,home,ft,1.185,2
Eut9SzKs,Pegula J.,Rybakina E.,1,1,hc,6.00,away,ft,4.7,2
Eut9SzKs,Pegula J.,Rybakina E.,1,1,hc,6.50,home,ft,1.16,2
Eut9SzKs,Pegula J.,Rybakina E.,1,1,hc,6.50,away,ft,5.115,2
Eut9SzKs,Pegula J.,Rybakina E.,1,1,hc,7.00,home,ft,1.05,1
Eut9SzKs,Pegula J.,Rybakina E.,1,1,hc,7.00,away,ft,9.4,1
Eut9SzKs,Pegula J.,Rybakina E.,1,1,hc,7.50,home,ft,1.04,1
Eut9SzKs,Pegula J.,Rybakina E.,1,1,hc,7.50,away,ft,10.0,1
fma7UmeD,Sabalenka A.,Gauff C.,2,2,ou,2.50,over,ft,2.423,3
fma7UmeD,Sabalenka A.,Gauff C.,2,2,ou,2.50,under,ft,1.587,3
fma7UmeD,Sabalenka A.,Gauff C.,2,2,ou,17.50,over,ft,1.14,1
fma7UmeD,Sabalenka A.,Gauff C.,2,2,ou,17.50,under,ft,4.45,1
fma7UmeD,Sabalenka A.,Gauff C.,2,2,ou,18.00,over,ft,1.16,1
fma7UmeD,Sabalenka A.,Gauff C.,2,2,ou,18.00,under,ft,4.1,1
fma7UmeD,Sabalenka A.,Gauff C.,2,2,ou,18.50,over,ft,1.303,3
fma7UmeD,Sabalenka A.,Gauff C.,2,2,ou,18.50,under,ft,3.28,3
fma7UmeD,Sabalenka A.,Gauff C.,2,2,ou,19.00,over,ft,1.32,1
fma7UmeD,Sabalenka A.,Gauff C.,2,2,ou,19.00,under,ft,2.92,1
fma7UmeD,Sabalenka A.,Gauff C.,2,2,ou,19.50,over,ft,1.425,2
fma7UmeD,Sabalenka A.,Gauff C.,2,2,ou,19.50,under,ft,2.655,2
fma7UmeD,Sabalenka A.,Gauff C.,2,2,ou,20.00,over,ft,1.51,1
fma7UmeD,Sabalenka A.,Gauff C.,2,2,ou,20.00,under,ft,2.35,1
fma7UmeD,Sabalenka A.,Gauff C.,2,2,ou,20.50,over,ft,1.646,5
fma7UmeD,Sabalenka A.,Gauff C.,2,2,ou,20.50,under,ft,2.18,5
fma7UmeD,Sabalenka A.,Gauff C.,2,2,ou,21.00,over,ft,1.718,4
fma7UmeD,Sabalenka A.,Gauff C.,2,2,ou,21.00,under,ft,2.11,4
fma7UmeD,Sabalenka A.,Gauff C.,2,2,ou,21.50,over,ft,1.837,6
fma7UmeD,Sabalenka A.,Gauff C.,2,2,ou,21.50,under,ft,1.958,6
fma7UmeD,Sabalenka A.,Gauff C.,2,2,ou,22.00,over,ft,1.95,4
fma7UmeD,Sabalenka A.,Gauff C.,2,2,ou,22.00,under,ft,1.853,4
fma7UmeD,Sabalenka A.,Gauff C.,2,2,ou,22.50,over,ft,2.075,6
fma7UmeD,Sabalenka A.,Gauff C.,2,2,ou,22.50,under,ft,1.737,6
fma7UmeD,Sabalenka A.,Gauff C.,2,2,ou,23.00,over,ft,2.192,4
fma7UmeD,Sabalenka A.,Gauff C.,2,2,ou,23.00,under,ft,1.657,4
fma7UmeD,Sabalenka A.,Gauff C.,2,2,ou,23.50,over,ft,2.277,4
fma7UmeD,Sabalenka A.,Gauff C.,2,2,ou,23.50,under,ft,1.558,4
fma7UmeD,Sabalenka A.,Gauff C.,2,2,ou,24.00,over,ft,2.36,1
fma7UmeD,Sabalenka A.,Gauff C.,2,2,ou,24.00,under,ft,1.48,1
fma7UmeD,Sabalenka A.,Gauff C.,2,2,ou,24.50,over,ft,2.38,5
fma7UmeD,Sabalenka A.,Gauff C.,2,2,ou,24.50,under,ft,1.536,5
fma7UmeD,Sabalenka A.,Gauff C.,2,2,ou,25.00,over,ft,2.52,1
fma7UmeD,Sabalenka A.,Gauff C.,2,2,ou,25.00,under,ft,1.41,1
fma7UmeD,Sabalenka A.,Gauff C.,2,2,ou,25.50,over,ft,2.63,1
fma7UmeD,Sabalenka A.,Gauff C.,2,2,ou,25.50,under,ft,1.38,1
fma7UmeD,Sabalenka A.,Gauff C.,2,2,ou,26.50,over,ft,3.045,4
fma7UmeD,Sabalenka A.,Gauff C.,2,2,ou,26.50,under,ft,1.35,4
fma7UmeD,Sabalenka A.,Gauff C.,2,2,ou,27.50,over,ft,3.62,1
fma7UmeD,Sabalenka A.,Gauff C.,2,2,ou,27.50,under,ft,1.22,1
fma7UmeD,Sabalenka A.,Gauff C.,2,2,hc,1.50,home,ft,1.198,4
fma7UmeD,Sabalenka A.,Gauff C.,2,2,hc,1.50,away,ft,4.505,4
fma7UmeD,Sabalenka A.,Gauff C.,2,2,hc,-1.50,home,ft,2.22,5
fma7UmeD,Sabalenka A.,Gauff C.,2,2,hc,-1.50,away,ft,1.634,5
fma7UmeD,Sabalenka A.,Gauff C.,2,2,hc,0,home,ft,1.45,1
fma7UmeD,Sabalenka A.,Gauff C.,2,2,hc,0,away,ft,2.59,1
fma7UmeD,Sabalenka A.,Gauff C.,2,2,hc,12.00,home,ft,1.38,1
fma7UmeD,Sabalenka A.,Gauff C.,2,2,hc,12.00,away,ft,2.1,1
fma7UmeD,Sabalenka A.,Gauff C.,2,2,hc,12.50,home,ft,1.86,1
fma7UmeD,Sabalenka A.,Gauff C.,2,2,hc,12.50,away,ft,1.56,1
fma7UmeD,Sabalenka A.,Gauff C.,2,2,hc,0.50,home,ft,1.52,2
fma7UmeD,Sabalenka A.,Gauff C.,2,2,hc,0.50,away,ft,2.44,2
fma7UmeD,Sabalenka A.,Gauff C.,2,2,hc,-0.50,home,ft,1.664,5
fma7UmeD,Sabalenka A.,Gauff C.,2,2,hc,-0.50,away,ft,2.184,5
fma7UmeD,Sabalenka A.,Gauff C.,2,2,hc,1.00,home,ft,1.38,1
fma7UmeD,Sabalenka A.,Gauff C.,2,2,hc,1.00,away,ft,2.7,1
fma7UmeD,Sabalenka A.,Gauff C.,2,2,hc,-1.00,home,ft,1.68,3
fma7UmeD,Sabalenka A.,Gauff C.,2,2,hc,-1.00,away,ft,2.19,3
fma7UmeD,Sabalenka A.,Gauff C.,2,2,hc,1.50,home,ft,1.39,3
fma7UmeD,Sabalenka A.,Gauff C.,2,2,hc,1.50,away,ft,2.93,3
fma7UmeD,Sabalenka A.,Gauff C.,2,2,hc,-1.50,home,ft,1.586,5
fma7UmeD,Sabalenka A.,Gauff C.,2,2,hc,-1.50,away,ft,2.294,5
fma7UmeD,Sabalenka A.,Gauff C.,2,2,hc,2.00,home,ft,1.46,1
fma7UmeD,Sabalenka A.,Gauff C.,2,2,hc,2.00,away,ft,2.56,1
fma7UmeD,Sabalenka A.,Gauff C.,2,2,hc,-2.00,home,ft,1.67,3
fma7UmeD,Sabalenka A.,Gauff C.,2,2,hc,-2.00,away,ft,2.207,3
fma7UmeD,Sabalenka A.,Gauff C.,2,2,hc,2.50,home,ft,1.43,1
fma7UmeD,Sabalenka A.,Gauff C.,2,2,hc,2.50,away,ft,2.66,1
fma7UmeD,Sabalenka A.,Gauff C.,2,2,hc,-2.50,home,ft,1.74,5
fma7UmeD,Sabalenka A.,Gauff C.,2,2,hc,-2.50,away,ft,2.052,5
fma7UmeD,Sabalenka A.,Gauff C.,2,2,hc,-3.00,home,ft,1.877,3
fma7UmeD,Sabalenka A.,Gauff C.,2,2,hc,-3.00,away,ft,1.943,3
fma7UmeD,Sabalenka A.,Gauff C.,2,2,hc,-3.50,home,ft,2.008,5
fma7UmeD,Sabalenka A.,Gauff C.,2,2,hc,-3.50,away,ft,1.778,5
fma7UmeD,Sabalenka A.,Gauff C.,2,2,hc,-4.00,home,ft,2.277,3
fma7UmeD,Sabalenka A.,Gauff C.,2,2,hc,-4.00,away,ft,1.633,3
fma7UmeD,Sabalenka A.,Gauff C.,2,2,hc,-4.50,home,ft,2.433,3
fma7UmeD,Sabalenka A.,Gauff C.,2,2,hc,-4.50,away,ft,1.507,3
fma7UmeD,Sabalenka A.,Gauff C.,2,2,hc,-5.00,home,ft,3.08,1
fma7UmeD,Sabalenka A.,Gauff C.,2,2,hc,-5.00,away,ft,1.33,1
fma7UmeD,Sabalenka A.,Gauff C.,2,2,hc,-5.50,home,ft,3.37,4
fma7UmeD,Sabalenka A.,Gauff C.,2,2,hc,-5.50,away,ft,1.305,4
fma7UmeD,Sabalenka A.,Gauff C.,2,2,hc,-6.00,home,ft,4.75,1
fma7UmeD,Sabalenka A.,Gauff C.,2,2,hc,-6.00,away,ft,1.16,1
fma7UmeD,Sabalenka A.,Gauff C.,2,2,hc,-6.50,home,ft,5.2,1
fma7UmeD,Sabalenka A.,Gauff C.,2,2,hc,-6.50,away,ft,1.13,1
fma7UmeD,Sabalenka A.,Gauff C.,2,2,hc,-7.00,home,ft,8.4,1
fma7UmeD,Sabalenka A.,Gauff C.,2,2,hc,-7.00,away,ft,1.05,1
fma7UmeD,Sabalenka A.,Gauff C.,2,2,hc,-7.50,home,ft,8.9,1
fma7UmeD,Sabalenka A.,Gauff C.,2,2,hc,-7.50,away,ft,1.04,1
Y7R7cnPa,Pegula J.,Paolini J.,2,2,ou,2.50,over,ft,3.035,2
Y7R7cnPa,Pegula J.,Paolini J.,2,2,ou,2.50,under,ft,1.41,2
Y7R7cnPa,Pegula J.,Paolini J.,2,2,ou,16.50,over,ft,1.14,3
Y7R7cnPa,Pegula J.,Paolini J.,2,2,ou,16.50,under,ft,5.187,3
Y7R7cnPa,Pegula J.,Paolini J.,2,2,ou,17.00,over,ft,1.16,1
Y7R7cnPa,Pegula J.,Paolini J.,2,2,ou,17.00,under,ft,4.15,1
Y7R7cnPa,Pegula J.,Paolini J.,2,2,ou,17.50,over,ft,1.28,1
Y7R7cnPa,Pegula J.,Paolini J.,2,2,ou,17.50,under,ft,3.08,1
Y7R7cnPa,Pegula J.,Paolini J.,2,2,ou,18.00,over,ft,1.34,1
Y7R7cnPa,Pegula J.,Paolini J.,2,2,ou,18.00,under,ft,2.83,1
Y7R7cnPa,Pegula J.,Paolini J.,2,2,ou,18.50,over,ft,1.502,4
Y7R7cnPa,Pegula J.,Paolini J.,2,2,ou,18.50,under,ft,2.492,4
Y7R7cnPa,Pegula J.,Paolini J.,2,2,ou,19.00,over,ft,1.595,4
Y7R7cnPa,Pegula J.,Paolini J.,2,2,ou,19.00,under,ft,2.31,4
Y7R7cnPa,Pegula J.,Paolini J.,2,2,ou,19.50,over,ft,1.713,6
Y7R7cnPa,Pegula J.,Paolini J.,2,2,ou,19.50,under,ft,2.083,6
Y7R7cnPa,Pegula J.,Paolini J.,2,2,ou,20.00,over,ft,1.865,4
Y7R7cnPa,Pegula J.,Paolini J.,2,2,ou,20.00,under,ft,1.932,4
Y7R7cnPa,Pegula J.,Paolini J.,2,2,ou,20.50,over,ft,1.98,6
Y7R7cnPa,Pegula J.,Paolini J.,2,2,ou,20.50,under,ft,1.817,6
Y7R7cnPa,Pegula J.,Paolini J.,2,2,ou,21.00,over,ft,2.127,4
Y7R7cnPa,Pegula J.,Paolini J.,2,2,ou,21.00,under,ft,1.705,4
Y7R7cnPa,Pegula J.,Paolini J.,2,2,ou,21.50,over,ft,2.162,6
Y7R7cnPa,Pegula J.,Paolini J.,2,2,ou,21.50,under,ft,1.658,6
Y7R7cnPa,Pegula J.,Paolini J.,2,2,ou,22.00,over,ft,2.208,4
Y7R7cnPa,Pegula J.,Paolini J.,2,2,ou,22.00,under,ft,1.63,4
Y7R7cnPa,Pegula J.,Paolini J.,2,2,ou,22.50,over,ft,2.413,6
Y7R7cnPa,Pegula J.,Paolini J.,2,2,ou,22.50,under,ft,1.525,6
Y7R7cnPa,Pegula J.,Paolini J.,2,2,ou,23.00,over,ft,2.313,3
Y7R7cnPa,Pegula J.,Paolini J.,2,2,ou,23.00,under,ft,1.6,3
Y7R7cnPa,Pegula J.,Paolini J.,2,2,ou,23.50,over,ft,2.565,2
Y7R7cnPa,Pegula J.,Paolini J.,2,2,ou,23.50,under,ft,1.43,2
Y7R7cnPa,Pegula J.,Paolini J.,2,2,ou,24.00,over,ft,2.74,1
Y7R7cnPa,Pegula J.,Paolini J.,2,2,ou,24.00,under,ft,1.35,1
Y7R7cnPa,Pegula J.,Paolini J.,2,2,ou,24.50,over,ft,2.987,3
Y7R7cnPa,Pegula J.,Paolini J.,2,2,ou,24.50,under,ft,1.357,3
Y7R7cnPa,Pegula J.,Paolini J.,2,2,ou,25.00,over,ft,2.74,1
Y7R7cnPa,Pegula J.,Paolini J.,2,2,ou,25.00,under,ft,1.35,1
Y7R7cnPa,Pegula J.,Paolini J.,2,2,ou,25.50,over,ft,2.83,1
Y7R7cnPa,Pegula J.,Paolini J.,2,2,ou,25.50,under,ft,1.33,1
Y7R7cnPa,Pegula J.,Paolini J.,2,2,ou,26.00,over,ft,2.56,1
Y7R7cnPa,Pegula J.,Paolini J.,2,2,ou,26.00,under,ft,1.4,1
Y7R7cnPa,Pegula J.,Paolini J.,2,2,ou,26.50,over,ft,2.69,1
Y7R7cnPa,Pegula J.,Paolini J.,2,2,ou,26.50,under,ft,1.36,1
Y7R7cnPa,Pegula J.,Paolini J.,2,2,ou,27.50,over,ft,3.53,1
Y7R7cnPa,Pegula J.,Paolini J.,2,2,ou,27.50,under,ft,1.24,1
Y7R7cnPa,Pegula J.,Paolini J.,2,2,hc,1.50,home,ft,1.11,4
Y7R7cnPa,Pegula J.,Paolini J.,2,2,hc,1.50,away,ft,6.857,4
Y7R7cnPa,Pegula J.,Paolini J.,2,2,hc,-1.50,home,ft,1.714,5
Y7R7cnPa,Pegula J.,Paolini J.,2,2,hc,-1.50,away,ft,2.122,5
Y7R7cnPa,Pegula J.,Paolini J.,2,2,hc,0,home,ft,1.31,1
Y7R7cnPa,Pegula J.,Paolini J.,2,2,hc,0,away,ft,3.2,1
Y7R7cnPa,Pegula J.,Paolini J.,2,2,hc,12.00,home,ft,1.35,1
Y7R7cnPa,Pegula J.,Paolini J.,2,2,hc,12.00,away,ft,2.31,1
Y7R7cnPa,Pegula J.,Paolini J.,2,2,hc,0.50,home,ft,1.3,1
Y7R7cnPa,Pegula J.,Paolini J.,2,2,hc,0.50,away,ft,3.26,1
Y7R7cnPa,Pegula J.,Paolini J.,2,2,hc,-0.50,home,ft,1.25,1
Y7R7cnPa,Pegula J.,Paolini J.,2,2,hc,-0.50,away,ft,3.62,1
Y7R7cnPa,Pegula J.,Paolini J.,2,2,hc,1.00,home,ft,1.4,1
Y7R7cnPa,Pegula J.,Paolini J.,2,2,hc,1.00,away,ft,2.64,1
Y7R7cnPa,Pegula J.,Paolini J.,2,2,hc,-1.00,home,ft,1.26,1
Y7R7cnPa,Pegula J.,Paolini J.,2,2,hc,-1.00,away,ft,3.54,1
Y7R7cnPa,Pegula J.,Paolini J.,2,2,hc,-1.50,home,ft,1.343,4
Y7R7cnPa,Pegula J.,Paolini J.,2,2,hc,-1.50,away,ft,3.178,4
Y7R7cnPa,Pegula J.,Paolini J.,2,2,hc,-2.00,home,ft,1.32,1
Y7R7cnPa,Pegula J.,Paolini J.,2,2,hc,-2.00,away,ft,3.14,1
Y7R7cnPa,Pegula J.,Paolini J.,2,2,hc,-2.50,home,ft,1.498,5
Y7R7cnPa,Pegula J.,Paolini J.,2,2,hc,-2.50,away,ft,2.568,5
Y7R7cnPa,Pegula J.,Paolini J.,2,2,hc,-3.00,home,ft,1.5,3
Y7R7cnPa,Pegula J.,Paolini J.,2,2,hc,-3.00,away,ft,2.577,3
Y7R7cnPa,Pegula J.,Paolini J.,2,2,hc,-3.50,home,ft,1.516,5
Y7R7cnPa,Pegula J.,Paolini J.,2,2,hc,-3.50,away,ft,2.482,5
Y7R7cnPa,Pegula J.,Paolini J.,2,2,hc,-4.00,home,ft,1.613,3
Y7R7cnPa,Pegula J.,Paolini J.,2,2,hc,-4.00,away,ft,2.317,3
Y7R7cnPa,Pegula J.,Paolini J.,2,2,hc,-4.50,home,ft,1.878,5
Y7R7cnPa,Pegula J.,Paolini J.,2,2,hc,-4.50,away,ft,1.924,5
Y7R7cnPa,Pegula J.,Paolini J.,2,2,hc,-5.00,home,ft,2.02,3
Y7R7cnPa,Pegula J.,Paolini J.,2,2,hc,-5.00,away,ft,1.8,3
Y7R7cnPa,Pegula J.,Paolini J.,2,2,hc,-5.50,home,ft,2.25,5
Y7R7cnPa,Pegula J.,Paolini J.,2,2,hc,-5.50,away,ft,1.612,5
Y7R7cnPa,Pegula J.,Paolini J.,2,2,hc,-6.00,home,ft,2.9,3
Y7R7cnPa,Pegula J.,Paolini J.,2,2,hc,-6.00,away,ft,1.417,3
Y7R7cnPa,Pegula J.,Paolini J.,2,2,hc,-6.50,home,ft,3.1,2
Y7R7cnPa,Pegula J.,Paolini J.,2,2,hc,-6.50,away,ft,1.335,2
Y7R7cnPa,Pegula J.,Paolini J.,2,2,hc,-7.00,home,ft,4.4,1
Y7R7cnPa,Pegula J.,Paolini J.,2,2,hc,-7.00,away,ft,1.18,1
Y7R7cnPa,Pegula J.,Paolini J.,2,2,hc,-7.50,home,ft,5.417,3
Y7R7cnPa,Pegula J.,Paolini J.,2,2,hc,-7.50,away,ft,1.143,3
Y7R7cnPa,Pegula J.,Paolini J.,2,2,hc,-8.00,home,ft,7.8,1
Y7R7cnPa,Pegula J.,Paolini J.,2,2,hc,-8.00,away,ft,1.06,1
Y7R7cnPa,Pegula J.,Paolini J.,2,2,hc,-8.50,home,ft,8.3,1
Y7R7cnPa,Pegula J.,Paolini J.,2,2,hc,-8.50,away,ft,1.05,1
2mJOg4OO,Swiatek I.,Anisimova A.,1,1,ou,2.50,over,ft,2.685,2
2mJOg4OO,Swiatek I.,Anisimova A.,1,1,ou,2.50,under,ft,1.51,2
2mJOg4OO,Swiatek I.,Anisimova A.,1,1,ou,17.50,over,ft,1.19,1
2mJOg4OO,Swiatek I.,Anisimova A.,1,1,ou,17.50,under,ft,4.76,1
2mJOg4OO,Swiatek I.,Anisimova A.,1,1,ou,18.00,over,ft,1.21,1
2mJOg4OO,Swiatek I.,Anisimova A.,1,1,ou,18.00,under,ft,4.4,1
2mJOg4OO,Swiatek I.,Anisimova A.,1,1,ou,18.50,over,ft,1.387,3
2mJOg4OO,Swiatek I.,Anisimova A.,1,1,ou,18.50,under,ft,3.017,3
2mJOg4OO,Swiatek I.,Anisimova A.,1,1,ou,19.00,over,ft,1.38,1
2mJOg4OO,Swiatek I.,Anisimova A.,1,1,ou,19.00,under,ft,3.06,1
2mJOg4OO,Swiatek I.,Anisimova A.,1,1,ou,19.50,over,ft,1.52,2
2mJOg4OO,Swiatek I.,Anisimova A.,1,1,ou,19.50,under,ft,2.49,2
2mJOg4OO,Swiatek I.,Anisimova A.,1,1,ou,20.00,over,ft,1.65,4
2mJOg4OO,Swiatek I.,Anisimova A.,1,1,ou,20.00,under,ft,2.252,4
2mJOg4OO,Swiatek I.,Anisimova A.,1,1,ou,20.50,over,ft,1.757,6
2mJOg4OO,Swiatek I.,Anisimova A.,1,1,ou,20.50,under,ft,2.043,6
2mJOg4OO,Swiatek I.,Anisimova A.,1,1,ou,21.00,over,ft,1.885,4
2mJOg4OO,Swiatek I.,Anisimova A.,1,1,ou,21.00,under,ft,1.938,4
2mJOg4OO,Swiatek I.,Anisimova A.,1,1,ou,21.50,over,ft,1.97,6
2mJOg4OO,Swiatek I.,Anisimova A.,1,1,ou,21.50,under,ft,1.833,6
2mJOg4OO,Swiatek I.,Anisimova A.,1,1,ou,22.00,over,ft,2.13,4
2mJOg4OO,Swiatek I.,Anisimova A.,1,1,ou,22.00,under,ft,1.725,4
2mJOg4OO,Swiatek I.,Anisimova A.,1,1,ou,22.50,over,ft,2.205,6
2mJOg4OO,Swiatek I.,Anisimova A.,1,1,ou,22.50,under,ft,1.622,6
2mJOg4OO,Swiatek I.,Anisimova A.,1,1,ou,23.00,over,ft,2.23,1
2mJOg4OO,Swiatek I.,Anisimova A.,1,1,ou,23.00,under,ft,1.66,1
2mJOg4OO,Swiatek I.,Anisimova A.,1,1,ou,23.50,over,ft,2.38,2
2mJOg4OO,Swiatek I.,Anisimova A.,1,1,ou,23.50,under,ft,1.56,2
2mJOg4OO,Swiatek I.,Anisimova A.,1,1,ou,24.00,over,ft,2.41,1
2mJOg4OO,Swiatek I.,Anisimova A.,1,1,ou,24.00,under,ft,1.57,1
2mJOg4OO,Swiatek I.,Anisimova A.,1,1,ou,24.50,over,ft,2.653,3
2mJOg4OO,Swiatek I.,Anisimova A.,1,1,ou,24.50,under,ft,1.48,3
2mJOg4OO,Swiatek I.,Anisimova A.,1,1,ou,25.00,over,ft,2.65,1
2mJOg4OO,Swiatek I.,Anisimova A.,1,1,ou,25.00,under,ft,1.48,1
2mJOg4OO,Swiatek I.,Anisimova A.,1,1,ou,25.50,over,ft,2.76,1
2mJOg4OO,Swiatek I.,Anisimova A.,1,1,ou,25.50,under,ft,1.45,1
2mJOg4OO,Swiatek I.,Anisimova A.,1,1,ou,26.50,over,ft,3.24,1
2mJOg4OO,Swiatek I.,Anisimova A.,1,1,ou,26.50,under,ft,1.28,1
2mJOg4OO,Swiatek I.,Anisimova A.,1,1,ou,27.50,over,ft,3.72,1
2mJOg4OO,Swiatek I.,Anisimova A.,1,1,ou,27.50,under,ft,1.21,1
2mJOg4OO,Swiatek I.,Anisimova A.,1,1,hc,1.50,home,ft,1.2,4
2mJOg4OO,Swiatek I.,Anisimova A.,1,1,hc,1.50,away,ft,4.638,4
2mJOg4OO,Swiatek I.,Anisimova A.,1,1,hc,-1.50,home,ft,2.08,5
2mJOg4OO,Swiatek I.,Anisimova A.,1,1,hc,-1.50,away,ft,1.74,5
2mJOg4OO,Swiatek I.,Anisimova A.,1,1,hc,0,home,ft,1.46,1
2mJOg4OO,Swiatek I.,Anisimova A.,1,1,hc,0,away,ft,2.74,1
2mJOg4OO,Swiatek I.,Anisimova A.,1,1,hc,12.00,home,ft,1.44,1
2mJOg4OO,Swiatek I.,Anisimova A.,1,1,hc,12.00,away,ft,2.37,1
2mJOg4OO,Swiatek I.,Anisimova A.,1,1,hc,0.50,home,ft,1.44,1
2mJOg4OO,Swiatek I.,Anisimova A.,1,1,hc,0.50,away,ft,2.81,1
2mJOg4OO,Swiatek I.,Anisimova A.,1,1,hc,-0.50,home,ft,1.5,1
2mJOg4OO,Swiatek I.,Anisimova A.,1,1,hc,-0.50,away,ft,2.58,1
2mJOg4OO,Swiatek I.,Anisimova A.,1,1,hc,1.00,home,ft,1.4,1
2mJOg4OO,Swiatek I.,Anisimova A.,1,1,hc,1.00,away,ft,2.64,1
2mJOg4OO,Swiatek I.,Anisimova A.,1,1,hc,-1.00,home,ft,1.54,1
2mJOg4OO,Swiatek I.,Anisimova A.,1,1,hc,-1.00,away,ft,2.5,1
2mJOg4OO,Swiatek I.,Anisimova A.,1,1,hc,1.50,home,ft,1.34,2
2mJOg4OO,Swiatek I.,Anisimova A.,1,1,hc,1.50,away,ft,3.215,2
2mJOg4OO,Swiatek I.,Anisimova A.,1,1,hc,-1.50,home,ft,1.535,4
2mJOg4OO,Swiatek I.,Anisimova A.,1,1,hc,-1.50,away,ft,2.46,4
2mJOg4OO,Swiatek I.,Anisimova A.,1,1,hc,-2.00,home,ft,1.673,3
2mJOg4OO,Swiatek I.,Anisimova A.,1,1,hc,-2.00,away,ft,2.217,3
2mJOg4OO,Swiatek I.,Anisimova A.,1,1,hc,-2.50,home,ft,1.672,5
2mJOg4OO,Swiatek I.,Anisimova A.,1,1,hc,-2.50,away,ft,2.186,5
2mJOg4OO,Swiatek I.,Anisimova A.,1,1,hc,-3.00,home,ft,1.737,3
2mJOg4OO,Swiatek I.,Anisimova A.,1,1,hc,-3.00,away,ft,2.143,3
2mJOg4OO,Swiatek I.,Anisimova A.,1,1,hc,-3.50,home,ft,1.83,4
2mJOg4OO,Swiatek I.,Anisimova A.,1,1,hc,-3.50,away,ft,1.978,4
2mJOg4OO,Swiatek I.,Anisimova A.,1,1,hc,-4.00,home,ft,2.057,3
2mJOg4OO,Swiatek I.,Anisimova A.,1,1,hc,-4.00,away,ft,1.81,3
2mJOg4OO,Swiatek I.,Anisimova A.,1,1,hc,-4.50,home,ft,2.252,5
2mJOg4OO,Swiatek I.,Anisimova A.,1,1,hc,-4.50,away,ft,1.636,5
2mJOg4OO,Swiatek I.,Anisimova A.,1,1,hc,-5.00,home,ft,2.717,3
2mJOg4OO,Swiatek I.,Anisimova A.,1,1,hc,-5.00,away,ft,1.483,3
2mJOg4OO,Swiatek I.,Anisimova A.,1,1,hc,-5.50,home,ft,2.965,4
2mJOg4OO,Swiatek I.,Anisimova A.,1,1,hc,-5.50,away,ft,1.393,4
2mJOg4OO,Swiatek I.,Anisimova A.,1,1,hc,-6.00,home,ft,4.85,1
2mJOg4OO,Swiatek I.,Anisimova A.,1,1,hc,-6.00,away,ft,1.18,1
2mJOg4OO,Swiatek I.,Anisimova A.,1,1,hc,-6.50,home,ft,5.47,1
2mJOg4OO,Swiatek I.,Anisimova A.,1,1,hc,-6.50,away,ft,1.15,1
2mJOg4OO,Swiatek I.,Anisimova A.,1,1,hc,-7.00,home,ft,10.0,1
2mJOg4OO,Swiatek I.,Anisimova A.,1,1,hc,-7.00,away,ft,1.05,1
2mJOg4OO,Swiatek I.,Anisimova A.,1,1,hc,-7.50,home,ft,11.1,1
2mJOg4OO,Swiatek I.,Anisimova A.,1,1,hc,-7.50,away,ft,1.04,1
pxpMLO4F,Rybakina E.,Alexandrova E.,2,2,ou,2.50,over,ft,2.56,3
pxpMLO4F,Rybakina E.,Alexandrova E.,2,2,ou,2.50,under,ft,1.517,3
pxpMLO4F,Rybakina E.,Alexandrova E.,2,2,ou,17.50,over,ft,1.16,2
pxpMLO4F,Rybakina E.,Alexandrova E.,2,2,ou,17.50,under,ft,4.42,2
pxpMLO4F,Rybakina E.,Alexandrova E.,2,2,ou,18.00,over,ft,1.185,2
pxpMLO4F,Rybakina E.,Alexandrova E.,2,2,ou,18.00,under,ft,4.115,2
pxpMLO4F,Rybakina E.,Alexandrova E.,2,2,ou,18.50,over,ft,1.295,2
pxpMLO4F,Rybakina E.,Alexandrova E.,2,2,ou,18.50,under,ft,3.165,2
pxpMLO4F,Rybakina E.,Alexandrova E.,2,2,ou,19.00,over,ft,1.34,2
pxpMLO4F,Rybakina E.,Alexandrova E.,2,2,ou,19.00,under,ft,2.96,2
pxpMLO4F,Rybakina E.,Alexandrova E.,2,2,ou,19.50,over,ft,1.46,3
pxpMLO4F,Rybakina E.,Alexandrova E.,2,2,ou,19.50,under,ft,2.547,3
pxpMLO4F,Rybakina E.,Alexandrova E.,2,2,ou,20.00,over,ft,1.53,2
pxpMLO4F,Rybakina E.,Alexandrova E.,2,2,ou,20.00,under,ft,2.345,2
pxpMLO4F,Rybakina E.,Alexandrova E.,2,2,ou,20.50,over,ft,1.642,5
pxpMLO4F,Rybakina E.,Alexandrova E.,2,2,ou,20.50,under,ft,2.198,5
pxpMLO4F,Rybakina E.,Alexandrova E.,2,2,ou,21.00,over,ft,1.712,4
pxpMLO4F,Rybakina E.,Alexandrova E.,2,2,ou,21.00,under,ft,2.107,4
pxpMLO4F,Rybakina E.,Alexandrova E.,2,2,ou,21.50,over,ft,1.806,5
pxpMLO4F,Rybakina E.,Alexandrova E.,2,2,ou,21.50,under,ft,1.99,5
pxpMLO4F,Rybakina E.,Alexandrova E.,2,2,ou,22.00,over,ft,1.952,4
pxpMLO4F,Rybakina E.,Alexandrova E.,2,2,ou,22.00,under,ft,1.833,4
pxpMLO4F,Rybakina E.,Alexandrova E.,2,2,ou,22.50,over,ft,2.084,5
pxpMLO4F,Rybakina E.,Alexandrova E.,2,2,ou,22.50,under,ft,1.704,5
pxpMLO4F,Rybakina E.,Alexandrova E.,2,2,ou,23.00,over,ft,2.21,4
pxpMLO4F,Rybakina E.,Alexandrova E.,2,2,ou,23.00,under,ft,1.64,4
pxpMLO4F,Rybakina E.,Alexandrova E.,2,2,ou,23.50,over,ft,2.262,5
pxpMLO4F,Rybakina E.,Alexandrova E.,2,2,ou,23.50,under,ft,1.602,5
pxpMLO4F,Rybakina E.,Alexandrova E.,2,2,ou,24.00,over,ft,2.375,2
pxpMLO4F,Rybakina E.,Alexandrova E.,2,2,ou,24.00,under,ft,1.505,2
pxpMLO4F,Rybakina E.,Alexandrova E.,2,2,ou,24.50,over,ft,2.353,4
pxpMLO4F,Rybakina E.,Alexandrova E.,2,2,ou,24.50,under,ft,1.525,4
pxpMLO4F,Rybakina E.,Alexandrova E.,2,2,ou,25.00,over,ft,2.55,2
pxpMLO4F,Rybakina E.,Alexandrova E.,2,2,ou,25.00,under,ft,1.44,2
pxpMLO4F,Rybakina E.,Alexandrova E.,2,2,ou,25.50,over,ft,2.645,2
pxpMLO4F,Rybakina E.,Alexandrova E.,2,2,ou,25.50,under,ft,1.41,2
pxpMLO4F,Rybakina E.,Alexandrova E.,2,2,ou,26.50,over,ft,2.75,1
pxpMLO4F,Rybakina E.,Alexandrova E.,2,2,ou,26.50,under,ft,1.4,1
pxpMLO4F,Rybakina E.,Alexandrova E.,2,2,hc,1.50,home,ft,1.142,4
pxpMLO4F,Rybakina E.,Alexandrova E.,2,2,hc,1.50,away,ft,5.41,4
pxpMLO4F,Rybakina E.,Alexandrova E.,2,2,hc,-1.50,home,ft,1.992,4
pxpMLO4F,Rybakina E.,Alexandrova E.,2,2,hc,-1.50,away,ft,1.805,4
pxpMLO4F,Rybakina E.,Alexandrova E.,2,2,hc,0,home,ft,1.32,1
pxpMLO4F,Rybakina E.,Alexandrova E.,2,2,hc,0,away,ft,3.14,1
pxpMLO4F,Rybakina E.,Alexandrova E.,2,2,hc,12.00,home,ft,1.27,1
pxpMLO4F,Rybakina E.,Alexandrova E.,2,2,hc,12.00,away,ft,2.16,1
pxpMLO4F,Rybakina E.,Alexandrova E.,2,2,hc,0.50,home,ft,1.3,1
pxpMLO4F,Rybakina E.,Alexandrova E.,2,2,hc,0.50,away,ft,3.26,1
pxpMLO4F,Rybakina E.,Alexandrova E.,2,2,hc,-0.50,home,ft,1.36,1
pxpMLO4F,Rybakina E.,Alexandrova E.,2,2,hc,-0.50,away,ft,2.94,1
pxpMLO4F,Rybakina E.,Alexandrova E.,2,2,hc,-1.00,home,ft,1.38,1
pxpMLO4F,Rybakina E.,Alexandrova E.,2,2,hc,-1.00,away,ft,2.85,1
pxpMLO4F,Rybakina E.,Alexandrova E.,2,2,hc,-1.50,home,ft,1.44,2
pxpMLO4F,Rybakina E.,Alexandrova E.,2,2,hc,-1.50,away,ft,2.655,2
pxpMLO4F,Rybakina E.,Alexandrova E.,2,2,hc,-2.00,home,ft,1.535,2
pxpMLO4F,Rybakina E.,Alexandrova E.,2,2,hc,-2.00,away,ft,2.465,2
pxpMLO4F,Rybakina E.,Alexandrova E.,2,2,hc,-2.50,home,ft,1.585,4
pxpMLO4F,Rybakina E.,Alexandrova E.,2,2,hc,-2.50,away,ft,2.34,4
pxpMLO4F,Rybakina E.,Alexandrova E.,2,2,hc,-3.00,home,ft,1.617,3
pxpMLO4F,Rybakina E.,Alexandrova E.,2,2,hc,-3.00,away,ft,2.293,3
pxpMLO4F,Rybakina E.,Alexandrova E.,2,2,hc,-3.50,home,ft,1.777,4
pxpMLO4F,Rybakina E.,Alexandrova E.,2,2,hc,-3.50,away,ft,2.027,4
pxpMLO4F,Rybakina E.,Alexandrova E.,2,2,hc,-4.00,home,ft,1.967,3
pxpMLO4F,Rybakina E.,Alexandrova E.,2,2,hc,-4.00,away,ft,1.847,3
pxpMLO4F,Rybakina E.,Alexandrova E.,2,2,hc,-4.50,home,ft,2.26,4
pxpMLO4F,Rybakina E.,Alexandrova E.,2,2,hc,-4.50,away,ft,1.627,4
pxpMLO4F,Rybakina E.,Alexandrova E.,2,2,hc,-5.00,home,ft,2.777,3
pxpMLO4F,Rybakina E.,Alexandrova E.,2,2,hc,-5.00,away,ft,1.437,3
pxpMLO4F,Rybakina E.,Alexandrova E.,2,2,hc,-5.50,home,ft,3.14,2
pxpMLO4F,Rybakina E.,Alexandrova E.,2,2,hc,-5.50,away,ft,1.325,2
pxpMLO4F,Rybakina E.,Alexandrova E.,2,2,hc,-6.00,home,ft,4.05,1
pxpMLO4F,Rybakina E.,Alexandrova E.,2,2,hc,-6.00,away,ft,1.21,1
pxpMLO4F,Rybakina E.,Alexandrova E.,2,2,hc,-6.50,home,ft,4.55,1
pxpMLO4F,Rybakina E.,Alexandrova E.,2,2,hc,-6.50,away,ft,1.17,1
pxpMLO4F,Rybakina E.,Alexandrova E.,2,2,hc,-7.00,home,ft,7.2,1
pxpMLO4F,Rybakina E.,Alexandrova E.,2,2,hc,-7.00,away,ft,1.07,1
pxpMLO4F,Rybakina E.,Alexandrova E.,2,2,hc,-7.50,home,ft,7.8,1
pxpMLO4F,Rybakina E.,Alexandrova E.,2,2,hc,-7.50,away,ft,1.06,1
SAt44fxp,Rybakina E.,Keys M.,,,ou,2.50,over,ft,3.425,2
SAt44fxp,Rybakina E.,Keys M.,,,ou,2.50,under,ft,1.34,2
SAt44fxp,Rybakina E.,Keys M.,,,ou,15.50,over,ft,1.04,1
SAt44fxp,Rybakina E.,Keys M.,,,ou,15.50,under,ft,6.95,1
SAt44fxp,Rybakina E.,Keys M.,,,ou,16.00,over,ft,1.05,1
SAt44fxp,Rybakina E.,Keys M.,,,ou,16.00,under,ft,6.5,1
SAt44fxp,Rybakina E.,Keys M.,,,ou,16.50,over,ft,1.15,1
SAt44fxp,Rybakina E.,Keys M.,,,ou,16.50,under,ft,4.25,1
SAt44fxp,Rybakina E.,Keys M.,,,ou,17.00,over,ft,1.19,1
SAt44fxp,Rybakina E.,Keys M.,,,ou,17.00,under,ft,3.9,1
SAt44fxp,Rybakina E.,Keys M.,,,ou,17.50,over,ft,1.33,1
SAt44fxp,Rybakina E.,Keys M.,,,ou,17.50,under,ft,2.93,1
SAt44fxp,Rybakina E.,Keys M.,,,ou,18.00,over,ft,1.4,1
SAt44fxp,Rybakina E.,Keys M.,,,ou,18.00,under,ft,2.68,1
SAt44fxp,Rybakina E.,Keys M.,,,ou,18.50,over,ft,1.547,3
SAt44fxp,Rybakina E.,Keys M.,,,ou,18.50,under,ft,2.33,3
SAt44fxp,Rybakina E.,Keys M.,,,ou,19.00,over,ft,1.65,4
SAt44fxp,Rybakina E.,Keys M.,,,ou,19.00,under,ft,2.197,4
SAt44fxp,Rybakina E.,Keys M.,,,ou,19.50,over,ft,1.803,6
SAt44fxp,Rybakina E.,Keys M.,,,ou,19.50,under,ft,2.01,6
SAt44fxp,Rybakina E.,Keys M.,,,ou,20.00,over,ft,1.958,4
SAt44fxp,Rybakina E.,Keys M.,,,ou,20.00,under,ft,1.823,4
SAt44fxp,Rybakina E.,Keys M.,,,ou,20.50,over,ft,2.022,6
SAt44fxp,Rybakina E.,Keys M.,,,ou,20.50,under,ft,1.747,6
SAt44fxp,Rybakina E.,Keys M.,,,ou,21.00,over,ft,2.02,4
SAt44fxp,Rybakina E.,Keys M.,,,ou,21.00,under,ft,1.762,4
SAt44fxp,Rybakina E.,Keys M.,,,ou,21.50,over,ft,2.102,6
SAt44fxp,Rybakina E.,Keys M.,,,ou,21.50,under,ft,1.68,6
SAt44fxp,Rybakina E.,Keys M.,,,ou,22.00,over,ft,2.5,1
SAt44fxp,Rybakina E.,Keys M.,,,ou,22.00,under,ft,1.43,1
SAt44fxp,Rybakina E.,Keys M.,,,ou,22.50,over,ft,2.473,3
SAt44fxp,Rybakina E.,Keys M.,,,ou,22.50,under,ft,1.473,3
SAt44fxp,Rybakina E.,Keys M.,,,ou,23.00,over,ft,2.83,1
SAt44fxp,Rybakina E.,Keys M.,,,ou,23.00,under,ft,1.33,1
SAt44fxp,Rybakina E.,Keys M.,,,ou,23.50,over,ft,2.735,2
SAt44fxp,Rybakina E.,Keys M.,,,ou,23.50,under,ft,1.39,2
SAt44fxp,Rybakina E.,Keys M.,,,ou,24.00,over,ft,2.88,1
SAt44fxp,Rybakina E.,Keys M.,,,ou,24.00,under,ft,1.32,1
SAt44fxp,Rybakina E.,Keys M.,,,ou,24.50,over,ft,2.92,1
SAt44fxp,Rybakina E.,Keys M.,,,ou,24.50,under,ft,1.31,1
SAt44fxp,Rybakina E.,Keys M.,,,ou,25.50,over,ft,2.93,1
SAt44fxp,Rybakina E.,Keys M.,,,ou,25.50,under,ft,1.33,1
SAt44fxp,Rybakina E.,Keys M.,,,ou,26.50,over,ft,3.33,1
SAt44fxp,Rybakina E.,Keys M.,,,ou,26.50,under,ft,1.26,1
SAt44fxp,Rybakina E.,Keys M.,,,hc,1.50,home,ft,1.095,4
SAt44fxp,Rybakina E.,Keys M.,,,hc,1.50,away,ft,7.54,4
SAt44fxp,Rybakina E.,Keys M.,,,hc,-1.50,home,ft,1.59,5
SAt44fxp,Rybakina E.,Keys M.,,,hc,-1.50,away,ft,2.338,5
SAt44fxp,Rybakina E.,Keys M.,,,hc,-0.50,home,ft,1.2,1
SAt44fxp,Rybakina E.,Keys M.,,,hc,-0.50,away,ft,4.15,1
SAt44fxp,Rybakina E.,Keys M.,,,hc,-1.00,home,ft,1.21,1
SAt44fxp,Rybakina E.,Keys M.,,,hc,-1.00,away,ft,4.05,1
SAt44fxp,Rybakina E.,Keys M.,,,hc,-1.50,home,ft,1.24,1
SAt44fxp,Rybakina E.,Keys M.,,,hc,-1.50,away,ft,3.72,1
SAt44fxp,Rybakina E.,Keys M.,,,hc,-2.00,home,ft,1.26,1
SAt44fxp,Rybakina E.,Keys M.,,,hc,-2.00,away,ft,3.54,1
SAt44fxp,Rybakina E.,Keys M.,,,hc,-2.50,home,ft,1.315,2
SAt44fxp,Rybakina E.,Keys M.,,,hc,-2.50,away,ft,3.2,2
SAt44fxp,Rybakina E.,Keys M.,,,hc,-3.00,home,ft,1.33,1
SAt44fxp,Rybakina E.,Keys M.,,,hc,-3.00,away,ft,3.08,1
SAt44fxp,Rybakina E.,Keys M.,,,hc,-3.50,home,ft,1.43,3
SAt44fxp,Rybakina E.,Keys M.,,,hc,-3.50,away,ft,2.663,3
SAt44fxp,Rybakina E.,Keys M.,,,hc,-4.00,home,ft,1.5,1
SAt44fxp,Rybakina E.,Keys M.,,,hc,-4.00,away,ft,2.45,1
SAt44fxp,Rybakina E.,Keys M.,,,hc,-4.50,home,ft,1.598,5
SAt44fxp,Rybakina E.,Keys M.,,,hc,-4.50,away,ft,2.322,5
SAt44fxp,Rybakina E.,Keys M.,,,hc,-5.00,home,ft,1.85,3
SAt44fxp,Rybakina E.,Keys M.,,,hc,-5.00,away,ft,1.967,3
SAt44fxp,Rybakina E.,Keys M.,,,hc,-5.50,home,ft,2.126,5
SAt44fxp,Rybakina E.,Keys M.,,,hc,-5.50,away,ft,1.716,5
SAt44fxp,Rybakina E.,Keys M.,,,hc,-6.00,home,ft,2.5,1
SAt44fxp,Rybakina E.,Keys M.,,,hc,-6.00,away,ft,1.48,1
SAt44fxp,Rybakina E.,Keys M.,,,hc,-6.50,home,ft,2.533,3
SAt44fxp,Rybakina E.,Keys M.,,,hc,-6.50,away,ft,1.51,3
SAt44fxp,Rybakina E.,Keys M.,,,hc,-7.00,home,ft,4.05,1
SAt44fxp,Rybakina E.,Keys M.,,,hc,-7.00,away,ft,1.21,1
SAt44fxp,Rybakina E.,Keys M.,,,hc,-7.50,home,ft,4.45,2
SAt44fxp,Rybakina E.,Keys M.,,,hc,-7.50,away,ft,1.18,2
SAt44fxp,Rybakina E.,Keys M.,,,hc,-8.00,home,ft,7.1,1
SAt44fxp,Rybakina E.,Keys M.,,,hc,-8.00,away,ft,1.07,1
SAt44fxp,Rybakina E.,Keys M.,,,hc,-8.50,home,ft,7.7,1
SAt44fxp,Rybakina E.,Keys M.,,,hc,-8.50,away,ft,1.06,1
SAt44fxp,Rybakina E.,Keys M.,,,hc,-9.00,home,ft,12.0,1
SAt44fxp,Rybakina E.,Keys M.,,,hc,-9.50,home,ft,12.5,1
MgighimK,Sabalenka A.,Pegula J.,2,2,ou,2.50,over,ft,2.817,3
MgighimK,Sabalenka A.,Pegula J.,2,2,ou,2.50,under,ft,1.45,3
MgighimK,Sabalenka A.,Pegula J.,2,2,ou,16.50,over,ft,1.09,1
MgighimK,Sabalenka A.,Pegula J.,2,2,ou,16.50,under,ft,5.4,1
MgighimK,Sabalenka A.,Pegula J.,2,2,ou,17.00,over,ft,1.1,1
MgighimK,Sabalenka A.,Pegula J.,2,2,ou,17.00,under,ft,5.0,1
MgighimK,Sabalenka A.,Pegula J.,2,2,ou,17.50,over,ft,1.22,1
MgighimK,Sabalenka A.,Pegula J.,2,2,ou,17.50,under,ft,4.29,1
MgighimK,Sabalenka A.,Pegula J.,2,2,ou,18.00,over,ft,1.26,1
MgighimK,Sabalenka A.,Pegula J.,2,2,ou,18.00,under,ft,3.87,1
MgighimK,Sabalenka A.,Pegula J.,2,2,ou,18.50,over,ft,1.392,5
MgighimK,Sabalenka A.,Pegula J.,2,2,ou,18.50,under,ft,2.914,5
MgighimK,Sabalenka A.,Pegula J.,2,2,ou,19.00,over,ft,1.46,1
MgighimK,Sabalenka A.,Pegula J.,2,2,ou,19.00,under,ft,2.7,1
MgighimK,Sabalenka A.,Pegula J.,2,2,ou,19.50,over,ft,1.594,5
MgighimK,Sabalenka A.,Pegula J.,2,2,ou,19.50,under,ft,2.332,5
MgighimK,Sabalenka A.,Pegula J.,2,2,ou,20.00,over,ft,1.702,4
MgighimK,Sabalenka A.,Pegula J.,2,2,ou,20.00,under,ft,2.163,4
MgighimK,Sabalenka A.,Pegula J.,2,2,ou,20.50,over,ft,1.808,6
MgighimK,Sabalenka A.,Pegula J.,2,2,ou,20.50,under,ft,1.983,6
MgighimK,Sabalenka A.,Pegula J.,2,2,ou,21.00,over,ft,1.94,4
MgighimK,Sabalenka A.,Pegula J.,2,2,ou,21.00,under,ft,1.85,4
MgighimK,Sabalenka A.,Pegula J.,2,2,ou,21.50,over,ft,2.0,6
MgighimK,Sabalenka A.,Pegula J.,2,2,ou,21.50,under,ft,1.788,6
MgighimK,Sabalenka A.,Pegula J.,2,2,ou,22.00,over,ft,2.19,3
MgighimK,Sabalenka A.,Pegula J.,2,2,ou,22.00,under,ft,1.677,3
MgighimK,Sabalenka A.,Pegula J.,2,2,ou,22.50,over,ft,2.34,5
MgighimK,Sabalenka A.,Pegula J.,2,2,ou,22.50,under,ft,1.576,5
MgighimK,Sabalenka A.,Pegula J.,2,2,ou,23.00,over,ft,2.48,1
MgighimK,Sabalenka A.,Pegula J.,2,2,ou,23.00,under,ft,1.54,1
MgighimK,Sabalenka A.,Pegula J.,2,2,ou,23.50,over,ft,2.56,2
MgighimK,Sabalenka A.,Pegula J.,2,2,ou,23.50,under,ft,1.495,2
MgighimK,Sabalenka A.,Pegula J.,2,2,ou,24.00,over,ft,2.67,1
MgighimK,Sabalenka A.,Pegula J.,2,2,ou,24.00,under,ft,1.48,1
MgighimK,Sabalenka A.,Pegula J.,2,2,ou,24.50,over,ft,2.737,4
MgighimK,Sabalenka A.,Pegula J.,2,2,ou,24.50,under,ft,1.442,4
MgighimK,Sabalenka A.,Pegula J.,2,2,ou,25.00,over,ft,2.78,1
MgighimK,Sabalenka A.,Pegula J.,2,2,ou,25.00,under,ft,1.34,1
MgighimK,Sabalenka A.,Pegula J.,2,2,ou,25.50,over,ft,2.88,1
MgighimK,Sabalenka A.,Pegula J.,2,2,ou,25.50,under,ft,1.32,1
MgighimK,Sabalenka A.,Pegula J.,2,2,ou,26.50,over,ft,3.42,1
MgighimK,Sabalenka A.,Pegula J.,2,2,ou,26.50,under,ft,1.25,1
MgighimK,Sabalenka A.,Pegula J.,2,2,hc,1.50,home,ft,1.127,4
MgighimK,Sabalenka A.,Pegula J.,2,2,hc,1.50,away,ft,5.912,4
MgighimK,Sabalenka A.,Pegula J.,2,2,hc,-1.50,home,ft,1.782,5
MgighimK,Sabalenka A.,Pegula J.,2,2,hc,-1.50,away,ft,1.992,5
MgighimK,Sabalenka A.,Pegula J.,2,2,hc,-0.50,home,ft,1.24,1
MgighimK,Sabalenka A.,Pegula J.,2,2,hc,-0.50,away,ft,4.09,1
MgighimK,Sabalenka A.,Pegula J.,2,2,hc,-1.00,home,ft,1.25,1
MgighimK,Sabalenka A.,Pegula J.,2,2,hc,-1.00,away,ft,3.98,1
MgighimK,Sabalenka A.,Pegula J.,2,2,hc,1.50,home,ft,1.23,2
MgighimK,Sabalenka A.,Pegula J.,2,2,hc,1.50,away,ft,4.13,2
MgighimK,Sabalenka A.,Pegula J.,2,2,hc,-1.50,home,ft,1.34,3
MgighimK,Sabalenka A.,Pegula J.,2,2,hc,-1.50,away,ft,3.263,3
MgighimK,Sabalenka A.,Pegula J.,2,2,hc,-2.00,home,ft,1.33,1
MgighimK,Sabalenka A.,Pegula J.,2,2,hc,-2.00,away,ft,3.35,1
MgighimK,Sabalenka A.,Pegula J.,2,2,hc,-2.50,home,ft,1.385,2
MgighimK,Sabalenka A.,Pegula J.,2,2,hc,-2.50,away,ft,2.94,2
MgighimK,Sabalenka A.,Pegula J.,2,2,hc,-3.00,home,ft,1.44,1
MgighimK,Sabalenka A.,Pegula J.,2,2,hc,-3.00,away,ft,2.79,1
MgighimK,Sabalenka A.,Pegula J.,2,2,hc,-3.50,home,ft,1.598,5
MgighimK,Sabalenka A.,Pegula J.,2,2,hc,-3.50,away,ft,2.284,5
MgighimK,Sabalenka A.,Pegula J.,2,2,hc,-4.00,home,ft,1.737,3
MgighimK,Sabalenka A.,Pegula J.,2,2,hc,-4.00,away,ft,2.13,3
MgighimK,Sabalenka A.,Pegula J.,2,2,hc,-4.50,home,ft,1.915,4
MgighimK,Sabalenka A.,Pegula J.,2,2,hc,-4.50,away,ft,1.9,4
MgighimK,Sabalenka A.,Pegula J.,2,2,hc,-5.00,home,ft,2.27,3
MgighimK,Sabalenka A.,Pegula J.,2,2,hc,-5.00,away,ft,1.653,3
MgighimK,Sabalenka A.,Pegula J.,2,2,hc,-5.50,home,ft,2.518,5
MgighimK,Sabalenka A.,Pegula J.,2,2,hc,-5.50,away,ft,1.504,5
MgighimK,Sabalenka A.,Pegula J.,2,2,hc,-6.00,home,ft,3.43,1
MgighimK,Sabalenka A.,Pegula J.,2,2,hc,-6.00,away,ft,1.31,1
MgighimK,Sabalenka A.,Pegula J.,2,2,hc,-6.50,home,ft,3.665,2
MgighimK,Sabalenka A.,Pegula J.,2,2,hc,-6.50,away,ft,1.27,2
MgighimK,Sabalenka A.,Pegula J.,2,2,hc,-7.00,home,ft,7.01,1
MgighimK,Sabalenka A.,Pegula J.,2,2,hc,-7.00,away,ft,1.1,1
MgighimK,Sabalenka A.,Pegula J.,2,2,hc,-7.50,home,ft,8.06,1
MgighimK,Sabalenka A.,Pegula J.,2,2,hc,-7.50,away,ft,1.08,1
MgighimK,Sabalenka A.,Pegula J.,2,2,hc,-8.00,home,ft,18.6,1
MgighimK,Sabalenka A.,Pegula J.,2,2,hc,-8.50,home,ft,18.6,1
8QsT4UWP,Gauff C.,Paolini J.,2,2,ou,2.50,over,ft,2.44,1
8QsT4UWP,Gauff C.,Paolini J.,2,2,ou,2.50,under,ft,1.59,1
8QsT4UWP,Gauff C.,Paolini J.,2,2,ou,17.50,over,ft,1.24,1
8QsT4UWP,Gauff C.,Paolini J.,2,2,ou,17.50,under,ft,4.1,1
8QsT4UWP,Gauff C.,Paolini J.,2,2,ou,18.00,over,ft,1.28,1
8QsT4UWP,Gauff C.,Paolini J.,2,2,ou,18.00,under,ft,3.67,1
8QsT4UWP,Gauff C.,Paolini J.,2,2,ou,18.50,over,ft,1.41,1
8QsT4UWP,Gauff C.,Paolini J.,2,2,ou,18.50,under,ft,2.93,1
8QsT4UWP,Gauff C.,Paolini J.,2,2,ou,19.00,over,ft,1.48,1
8QsT4UWP,Gauff C.,Paolini J.,2,2,ou,19.00,under,ft,2.67,1
8QsT4UWP,Gauff C.,Paolini J.,2,2,ou,19.50,over,ft,1.56,2
8QsT4UWP,Gauff C.,Paolini J.,2,2,ou,19.50,under,ft,2.375,2
8QsT4UWP,Gauff C.,Paolini J.,2,2,ou,20.00,over,ft,1.647,3
8QsT4UWP,Gauff C.,Paolini J.,2,2,ou,20.00,under,ft,2.237,3
8QsT4UWP,Gauff C.,Paolini J.,2,2,ou,20.50,over,ft,1.718,5
8QsT4UWP,Gauff C.,Paolini J.,2,2,ou,20.50,under,ft,2.082,5
8QsT4UWP,Gauff C.,Paolini J.,2,2,ou,21.00,over,ft,1.84,3
8QsT4UWP,Gauff C.,Paolini J.,2,2,ou,21.00,under,ft,1.933,3
8QsT4UWP,Gauff C.,Paolini J.,2,2,ou,21.50,over,ft,1.93,5
8QsT4UWP,Gauff C.,Paolini J.,2,2,ou,21.50,under,ft,1.85,5
8QsT4UWP,Gauff C.,Paolini J.,2,2,ou,22.00,over,ft,2.093,3
8QsT4UWP,Gauff C.,Paolini J.,2,2,ou,22.00,under,ft,1.733,3
8QsT4UWP,Gauff C.,Paolini J.,2,2,ou,22.50,over,ft,2.156,5
8QsT4UWP,Gauff C.,Paolini J.,2,2,ou,22.50,under,ft,1.65,5
8QsT4UWP,Gauff C.,Paolini J.,2,2,ou,23.00,over,ft,2.38,1
8QsT4UWP,Gauff C.,Paolini J.,2,2,ou,23.00,under,ft,1.58,1
8QsT4UWP,Gauff C.,Paolini J.,2,2,ou,23.50,over,ft,2.45,2
8QsT4UWP,Gauff C.,Paolini J.,2,2,ou,23.50,under,ft,1.535,2
8QsT4UWP,Gauff C.,Paolini J.,2,2,ou,24.00,over,ft,2.58,1
8QsT4UWP,Gauff C.,Paolini J.,2,2,ou,24.00,under,ft,1.5,1
8QsT4UWP,Gauff C.,Paolini J.,2,2,ou,24.50,over,ft,2.455,2
8QsT4UWP,Gauff C.,Paolini J.,2,2,ou,24.50,under,ft,1.54,2
8QsT4UWP,Gauff C.,Paolini J.,2,2,ou,25.00,over,ft,2.88,1
8QsT4UWP,Gauff C.,Paolini J.,2,2,ou,25.00,under,ft,1.42,1
8QsT4UWP,Gauff C.,Paolini J.,2,2,ou,25.50,over,ft,3.03,1
8QsT4UWP,Gauff C.,Paolini J.,2,2,ou,25.50,under,ft,1.38,1
8QsT4UWP,Gauff C.,Paolini J.,2,2,ou,26.50,over,ft,3.33,1
8QsT4UWP,Gauff C.,Paolini J.,2,2,ou,26.50,under,ft,1.26,1
8QsT4UWP,Gauff C.,Paolini J.,2,2,ou,27.50,over,ft,3.92,1
8QsT4UWP,Gauff C.,Paolini J.,2,2,ou,27.50,under,ft,1.19,1
8QsT4UWP,Gauff C.,Paolini J.,2,2,hc,1.50,home,ft,1.187,3
8QsT4UWP,Gauff C.,Paolini J.,2,2,hc,1.50,away,ft,4.5,3
8QsT4UWP,Gauff C.,Paolini J.,2,2,hc,-1.50,home,ft,2.09,4
8QsT4UWP,Gauff C.,Paolini J.,2,2,hc,-1.50,away,ft,1.692,4
8QsT4UWP,Gauff C.,Paolini J.,2,2,hc,0,home,ft,1.37,1
8QsT4UWP,Gauff C.,Paolini J.,2,2,hc,0,away,ft,3.11,1
8QsT4UWP,Gauff C.,Paolini J.,2,2,hc,0.50,home,ft,1.34,1
8QsT4UWP,Gauff C.,Paolini J.,2,2,hc,0.50,away,ft,3.26,1
8QsT4UWP,Gauff C.,Paolini J.,2,2,hc,-0.50,home,ft,1.5,2
8QsT4UWP,Gauff C.,Paolini J.,2,2,hc,-0.50,away,ft,2.6,2
8QsT4UWP,Gauff C.,Paolini J.,2,2,hc,1.00,home,ft,1.43,1
8QsT4UWP,Gauff C.,Paolini J.,2,2,hc,1.00,away,ft,2.66,1
8QsT4UWP,Gauff C.,Paolini J.,2,2,hc,-1.00,home,ft,1.43,1
8QsT4UWP,Gauff C.,Paolini J.,2,2,hc,-1.00,away,ft,2.83,1
8QsT4UWP,Gauff C.,Paolini J.,2,2,hc,1.50,home,ft,1.41,1
8QsT4UWP,Gauff C.,Paolini J.,2,2,hc,1.50,away,ft,2.73,1
8QsT4UWP,Gauff C.,Paolini J.,2,2,hc,-1.50,home,ft,1.553,3
8QsT4UWP,Gauff C.,Paolini J.,2,2,hc,-1.50,away,ft,2.393,3
8QsT4UWP,Gauff C.,Paolini J.,2,2,hc,-2.00,home,ft,1.63,2
8QsT4UWP,Gauff C.,Paolini J.,2,2,hc,-2.00,away,ft,2.325,2
8QsT4UWP,Gauff C.,Paolini J.,2,2,hc,-2.50,home,ft,1.643,4
8QsT4UWP,Gauff C.,Paolini J.,2,2,hc,-2.50,away,ft,2.223,4
8QsT4UWP,Gauff C.,Paolini J.,2,2,hc,-3.00,home,ft,1.705,2
8QsT4UWP,Gauff C.,Paolini J.,2,2,hc,-3.00,away,ft,2.17,2
8QsT4UWP,Gauff C.,Paolini J.,2,2,hc,-3.50,home,ft,1.922,4
8QsT4UWP,Gauff C.,Paolini J.,2,2,hc,-3.50,away,ft,1.862,4
8QsT4UWP,Gauff C.,Paolini J.,2,2,hc,-4.00,home,ft,2.0,2
8QsT4UWP,Gauff C.,Paolini J.,2,2,hc,-4.00,away,ft,1.835,2
8QsT4UWP,Gauff C.,Paolini J.,2,2,hc,-4.50,home,ft,2.183,4
8QsT4UWP,Gauff C.,Paolini J.,2,2,hc,-4.50,away,ft,1.667,4
8QsT4UWP,Gauff C.,Paolini J.,2,2,hc,-5.00,home,ft,2.585,2
8QsT4UWP,Gauff C.,Paolini J.,2,2,hc,-5.00,away,ft,1.515,2
8QsT4UWP,Gauff C.,Paolini J.,2,2,hc,-5.50,home,ft,2.78,2
8QsT4UWP,Gauff C.,Paolini J.,2,2,hc,-5.50,away,ft,1.425,2
8QsT4UWP,Gauff C.,Paolini J.,2,2,hc,-6.00,home,ft,3.87,1
8QsT4UWP,Gauff C.,Paolini J.,2,2,hc,-6.00,away,ft,1.26,1
8QsT4UWP,Gauff C.,Paolini J.,2,2,hc,-6.50,home,ft,4.36,1
8QsT4UWP,Gauff C.,Paolini J.,2,2,hc,-6.50,away,ft,1.22,1
8QsT4UWP,Gauff C.,Paolini J.,2,2,hc,-7.00,home,ft,7.49,1
8QsT4UWP,Gauff C.,Paolini J.,2,2,hc,-7.00,away,ft,1.09,1
8QsT4UWP,Gauff C.,Paolini J.,2,2,hc,-7.50,home,ft,8.45,1
8QsT4UWP,Gauff C.,Paolini J.,2,2,hc,-7.50,away,ft,1.07,1
dSkY9GEM,Anisimova A.,Keys M.,2,2,ou,2.50,over,ft,2.97,1
dSkY9GEM,Anisimova A.,Keys M.,2,2,ou,2.50,under,ft,1.43,1
dSkY9GEM,Anisimova A.,Keys M.,2,2,ou,16.50,over,ft,1.115,2
dSkY9GEM,Anisimova A.,Keys M.,2,2,ou,16.50,under,ft,5.525,2
dSkY9GEM,Anisimova A.,Keys M.,2,2,ou,17.00,over,ft,1.12,1
dSkY9GEM,Anisimova A.,Keys M.,2,2,ou,17.00,under,ft,4.75,1
dSkY9GEM,Anisimova A.,Keys M.,2,2,ou,17.50,over,ft,1.24,1
dSkY9GEM,Anisimova A.,Keys M.,2,2,ou,17.50,under,ft,3.34,1
dSkY9GEM,Anisimova A.,Keys M.,2,2,ou,18.00,over,ft,1.29,1
dSkY9GEM,Anisimova A.,Keys M.,2,2,ou,18.00,under,ft,3.13,1
dSkY9GEM,Anisimova A.,Keys M.,2,2,ou,18.50,over,ft,1.423,3
dSkY9GEM,Anisimova A.,Keys M.,2,2,ou,18.50,under,ft,2.72,3
dSkY9GEM,Anisimova A.,Keys M.,2,2,ou,19.00,over,ft,1.49,1
dSkY9GEM,Anisimova A.,Keys M.,2,2,ou,19.00,under,ft,2.4,1
dSkY9GEM,Anisimova A.,Keys M.,2,2,ou,19.50,over,ft,1.64,3
dSkY9GEM,Anisimova A.,Keys M.,2,2,ou,19.50,under,ft,2.207,3
dSkY9GEM,Anisimova A.,Keys M.,2,2,ou,20.00,over,ft,1.74,3
dSkY9GEM,Anisimova A.,Keys M.,2,2,ou,20.00,under,ft,2.057,3
dSkY9GEM,Anisimova A.,Keys M.,2,2,ou,20.50,over,ft,1.8,5
dSkY9GEM,Anisimova A.,Keys M.,2,2,ou,20.50,under,ft,1.988,5
dSkY9GEM,Anisimova A.,Keys M.,2,2,ou,21.00,over,ft,1.983,3
dSkY9GEM,Anisimova A.,Keys M.,2,2,ou,21.00,under,ft,1.793,3
dSkY9GEM,Anisimova A.,Keys M.,2,2,ou,21.50,over,ft,2.04,5
dSkY9GEM,Anisimova A.,Keys M.,2,2,ou,21.50,under,ft,1.768,5
dSkY9GEM,Anisimova A.,Keys M.,2,2,ou,22.00,over,ft,2.22,3
dSkY9GEM,Anisimova A.,Keys M.,2,2,ou,22.00,under,ft,1.623,3
dSkY9GEM,Anisimova A.,Keys M.,2,2,ou,22.50,over,ft,2.276,5
dSkY9GEM,Anisimova A.,Keys M.,2,2,ou,22.50,under,ft,1.572,5
dSkY9GEM,Anisimova A.,Keys M.,2,2,ou,23.00,over,ft,2.5,1
dSkY9GEM,Anisimova A.,Keys M.,2,2,ou,23.00,under,ft,1.43,1
dSkY9GEM,Anisimova A.,Keys M.,2,2,ou,23.50,over,ft,2.53,2
dSkY9GEM,Anisimova A.,Keys M.,2,2,ou,23.50,under,ft,1.445,2
dSkY9GEM,Anisimova A.,Keys M.,2,2,ou,24.00,over,ft,2.66,1
dSkY9GEM,Anisimova A.,Keys M.,2,2,ou,24.00,under,ft,1.37,1
dSkY9GEM,Anisimova A.,Keys M.,2,2,ou,24.50,over,ft,2.835,2
dSkY9GEM,Anisimova A.,Keys M.,2,2,ou,24.50,under,ft,1.375,2
dSkY9GEM,Anisimova A.,Keys M.,2,2,ou,25.00,over,ft,2.74,1
dSkY9GEM,Anisimova A.,Keys M.,2,2,ou,25.00,under,ft,1.35,1
dSkY9GEM,Anisimova A.,Keys M.,2,2,ou,25.50,over,ft,2.83,1
dSkY9GEM,Anisimova A.,Keys M.,2,2,ou,25.50,under,ft,1.33,1
dSkY9GEM,Anisimova A.,Keys M.,2,2,ou,26.50,over,ft,3.13,1
dSkY9GEM,Anisimova A.,Keys M.,2,2,ou,26.50,under,ft,1.29,1
dSkY9GEM,Anisimova A.,Keys M.,2,2,ou,27.50,over,ft,3.62,1
dSkY9GEM,Anisimova A.,Keys M.,2,2,ou,27.50,under,ft,1.22,1
dSkY9GEM,Anisimova A.,Keys M.,2,2,hc,1.50,home,ft,1.13,3
dSkY9GEM,Anisimova A.,Keys M.,2,2,hc,1.50,away,ft,5.563,3
dSkY9GEM,Anisimova A.,Keys M.,2,2,hc,-1.50,home,ft,1.82,4
dSkY9GEM,Anisimova A.,Keys M.,2,2,hc,-1.50,away,ft,1.933,4
dSkY9GEM,Anisimova A.,Keys M.,2,2,hc,0,home,ft,1.33,1
dSkY9GEM,Anisimova A.,Keys M.,2,2,hc,0,away,ft,3.1,1
dSkY9GEM,Anisimova A.,Keys M.,2,2,hc,0.50,home,ft,1.32,1
dSkY9GEM,Anisimova A.,Keys M.,2,2,hc,0.50,away,ft,3.14,1
dSkY9GEM,Anisimova A.,Keys M.,2,2,hc,-0.50,home,ft,1.3,1
dSkY9GEM,Anisimova A.,Keys M.,2,2,hc,-0.50,away,ft,3.26,1
dSkY9GEM,Anisimova A.,Keys M.,2,2,hc,-1.00,home,ft,1.32,1
dSkY9GEM,Anisimova A.,Keys M.,2,2,hc,-1.00,away,ft,3.14,1
dSkY9GEM,Anisimova A.,Keys M.,2,2,hc,1.50,home,ft,1.23,1
dSkY9GEM,Anisimova A.,Keys M.,2,2,hc,1.50,away,ft,4.14,1
dSkY9GEM,Anisimova A.,Keys M.,2,2,hc,-1.50,home,ft,1.387,3
dSkY9GEM,Anisimova A.,Keys M.,2,2,hc,-1.50,away,ft,2.92,3
dSkY9GEM,Anisimova A.,Keys M.,2,2,hc,-2.00,home,ft,1.38,1
dSkY9GEM,Anisimova A.,Keys M.,2,2,hc,-2.00,away,ft,2.85,1
dSkY9GEM,Anisimova A.,Keys M.,2,2,hc,-2.50,home,ft,1.518,4
dSkY9GEM,Anisimova A.,Keys M.,2,2,hc,-2.50,away,ft,2.473,4
dSkY9GEM,Anisimova A.,Keys M.,2,2,hc,-3.00,home,ft,1.535,2
dSkY9GEM,Anisimova A.,Keys M.,2,2,hc,-3.00,away,ft,2.455,2
dSkY9GEM,Anisimova A.,Keys M.,2,2,hc,-3.50,home,ft,1.627,4
dSkY9GEM,Anisimova A.,Keys M.,2,2,hc,-3.50,away,ft,2.205,4
dSkY9GEM,Anisimova A.,Keys M.,2,2,hc,-4.00,home,ft,1.71,2
dSkY9GEM,Anisimova A.,Keys M.,2,2,hc,-4.00,away,ft,2.12,2
dSkY9GEM,Anisimova A.,Keys M.,2,2,hc,-4.50,home,ft,1.975,4
dSkY9GEM,Anisimova A.,Keys M.,2,2,hc,-4.50,away,ft,1.82,4
dSkY9GEM,Anisimova A.,Keys M.,2,2,hc,-5.00,home,ft,2.19,2
dSkY9GEM,Anisimova A.,Keys M.,2,2,hc,-5.00,away,ft,1.66,2
dSkY9GEM,Anisimova A.,Keys M.,2,2,hc,-5.50,home,ft,2.485,4
dSkY9GEM,Anisimova A.,Keys M.,2,2,hc,-5.50,away,ft,1.498,4
dSkY9GEM,Anisimova A.,Keys M.,2,2,hc,-6.00,home,ft,3.1,1
dSkY9GEM,Anisimova A.,Keys M.,2,2,hc,-6.00,away,ft,1.33,1
dSkY9GEM,Anisimova A.,Keys M.,2,2,hc,-6.50,home,ft,3.49,2
dSkY9GEM,Anisimova A.,Keys M.,2,2,hc,-6.50,away,ft,1.275,2
dSkY9GEM,Anisimova A.,Keys M.,2,2,hc,-7.00,home,ft,5.2,1
dSkY9GEM,Anisimova A.,Keys M.,2,2,hc,-7.00,away,ft,1.13,1
dSkY9GEM,Anisimova A.,Keys M.,2,2,hc,-7.50,home,ft,5.7,1
dSkY9GEM,Anisimova A.,Keys M.,2,2,hc,-7.50,away,ft,1.11,1
dSkY9GEM,Anisimova A.,Keys M.,2,2,hc,-8.00,home,ft,9.3,1
dSkY9GEM,Anisimova A.,Keys M.,2,2,hc,-8.00,away,ft,1.03,1
dSkY9GEM,Anisimova A.,Keys M.,2,2,hc,-8.50,home,ft,9.8,1
dSkY9GEM,Anisimova A.,Keys M.,2,2,hc,-8.50,away,ft,1.03,1
hCbYD79t,Swiatek I.,Rybakina E.,1,1,ou,2.50,over,ft,2.49,1
hCbYD79t,Swiatek I.,Rybakina E.,1,1,ou,2.50,under,ft,1.57,1
hCbYD79t,Swiatek I.,Rybakina E.,1,1,ou,17.50,over,ft,1.14,1
hCbYD79t,Swiatek I.,Rybakina E.,1,1,ou,17.50,under,ft,4.45,1
hCbYD79t,Swiatek I.,Rybakina E.,1,1,ou,18.00,over,ft,1.16,1
hCbYD79t,Swiatek I.,Rybakina E.,1,1,ou,18.00,under,ft,4.15,1
hCbYD79t,Swiatek I.,Rybakina E.,1,1,ou,18.50,over,ft,1.235,2
hCbYD79t,Swiatek I.,Rybakina E.,1,1,ou,18.50,under,ft,3.685,2
hCbYD79t,Swiatek I.,Rybakina E.,1,1,ou,19.00,over,ft,1.24,1
hCbYD79t,Swiatek I.,Rybakina E.,1,1,ou,19.00,under,ft,3.34,1
hCbYD79t,Swiatek I.,Rybakina E.,1,1,ou,19.50,over,ft,1.385,2
hCbYD79t,Swiatek I.,Rybakina E.,1,1,ou,19.50,under,ft,2.745,2
hCbYD79t,Swiatek I.,Rybakina E.,1,1,ou,20.00,over,ft,1.41,1
hCbYD79t,Swiatek I.,Rybakina E.,1,1,ou,20.00,under,ft,2.56,1
hCbYD79t,Swiatek I.,Rybakina E.,1,1,ou,20.50,over,ft,1.567,3
hCbYD79t,Swiatek I.,Rybakina E.,1,1,ou,20.50,under,ft,2.307,3
hCbYD79t,Swiatek I.,Rybakina E.,1,1,ou,21.00,over,ft,1.637,3
hCbYD79t,Swiatek I.,Rybakina E.,1,1,ou,21.00,under,ft,2.197,3
hCbYD79t,Swiatek I.,Rybakina E.,1,1,ou,21.50,over,ft,1.734,5
hCbYD79t,Swiatek I.,Rybakina E.,1,1,ou,21.50,under,ft,2.03,5
hCbYD79t,Swiatek I.,Rybakina E.,1,1,ou,22.00,over,ft,1.873,3
hCbYD79t,Swiatek I.,Rybakina E.,1,1,ou,22.00,under,ft,1.897,3
hCbYD79t,Swiatek I.,Rybakina E.,1,1,ou,22.50,over,ft,1.974,5
hCbYD79t,Swiatek I.,Rybakina E.,1,1,ou,22.50,under,ft,1.806,5
hCbYD79t,Swiatek I.,Rybakina E.,1,1,ou,23.00,over,ft,2.143,3
hCbYD79t,Swiatek I.,Rybakina E.,1,1,ou,23.00,under,ft,1.677,3
hCbYD79t,Swiatek I.,Rybakina E.,1,1,ou,23.50,over,ft,2.192,4
hCbYD79t,Swiatek I.,Rybakina E.,1,1,ou,23.50,under,ft,1.603,4
hCbYD79t,Swiatek I.,Rybakina E.,1,1,ou,24.00,over,ft,2.24,1
hCbYD79t,Swiatek I.,Rybakina E.,1,1,ou,24.00,under,ft,1.56,1
hCbYD79t,Swiatek I.,Rybakina E.,1,1,ou,24.50,over,ft,2.323,3
hCbYD79t,Swiatek I.,Rybakina E.,1,1,ou,24.50,under,ft,1.557,3
hCbYD79t,Swiatek I.,Rybakina E.,1,1,ou,25.00,over,ft,2.39,1
hCbYD79t,Swiatek I.,Rybakina E.,1,1,ou,25.00,under,ft,1.47,1
hCbYD79t,Swiatek I.,Rybakina E.,1,1,ou,25.50,over,ft,2.43,1
hCbYD79t,Swiatek I.,Rybakina E.,1,1,ou,25.50,under,ft,1.44,1
hCbYD79t,Swiatek I.,Rybakina E.,1,1,ou,26.00,over,ft,2.66,1
hCbYD79t,Swiatek I.,Rybakina E.,1,1,ou,26.00,under,ft,1.37,1
hCbYD79t,Swiatek I.,Rybakina E.,1,1,ou,26.50,over,ft,2.86,2
hCbYD79t,Swiatek I.,Rybakina E.,1,1,ou,26.50,under,ft,1.37,2
hCbYD79t,Swiatek I.,Rybakina E.,1,1,ou,27.50,over,ft,3.31,1
hCbYD79t,Swiatek I.,Rybakina E.,1,1,ou,27.50,under,ft,1.27,1
hCbYD79t,Swiatek I.,Rybakina E.,1,1,ou,28.50,over,ft,3.82,1
hCbYD79t,Swiatek I.,Rybakina E.,1,1,ou,28.50,under,ft,1.2,1
hCbYD79t,Swiatek I.,Rybakina E.,1,1,hc,1.50,home,ft,1.273,3
hCbYD79t,Swiatek I.,Rybakina E.,1,1,hc,1.50,away,ft,3.493,3
hCbYD79t,Swiatek I.,Rybakina E.,1,1,hc,-1.50,home,ft,2.47,4
hCbYD79t,Swiatek I.,Rybakina E.,1,1,hc,-1.50,away,ft,1.498,4
hCbYD79t,Swiatek I.,Rybakina E.,1,1,hc,0,home,ft,1.69,2
hCbYD79t,Swiatek I.,Rybakina E.,1,1,hc,0,away,ft,2.135,2
hCbYD79t,Swiatek I.,Rybakina E.,1,1,hc,0.50,home,ft,1.595,2
hCbYD79t,Swiatek I.,Rybakina E.,1,1,hc,0.50,away,ft,2.25,2
hCbYD79t,Swiatek I.,Rybakina E.,1,1,hc,-0.50,home,ft,1.707,3
hCbYD79t,Swiatek I.,Rybakina E.,1,1,hc,-0.50,away,ft,2.1,3
hCbYD79t,Swiatek I.,Rybakina E.,1,1,hc,1.00,home,ft,1.53,1
hCbYD79t,Swiatek I.,Rybakina E.,1,1,hc,1.00,away,ft,2.36,1
hCbYD79t,Swiatek I.,Rybakina E.,1,1,hc,-1.00,home,ft,1.755,2
hCbYD79t,Swiatek I.,Rybakina E.,1,1,hc,-1.00,away,ft,2.05,2
hCbYD79t,Swiatek I.,Rybakina E.,1,1,hc,1.50,home,ft,1.515,2
hCbYD79t,Swiatek I.,Rybakina E.,1,1,hc,1.50,away,ft,2.465,2
hCbYD79t,Swiatek I.,Rybakina E.,1,1,hc,-1.50,home,ft,1.818,4
hCbYD79t,Swiatek I.,Rybakina E.,1,1,hc,-1.50,away,ft,1.952,4
hCbYD79t,Swiatek I.,Rybakina E.,1,1,hc,2.00,home,ft,1.46,1
hCbYD79t,Swiatek I.,Rybakina E.,1,1,hc,2.00,away,ft,2.45,1
hCbYD79t,Swiatek I.,Rybakina E.,1,1,hc,-2.00,home,ft,1.905,2
hCbYD79t,Swiatek I.,Rybakina E.,1,1,hc,-2.00,away,ft,1.885,2
hCbYD79t,Swiatek I.,Rybakina E.,1,1,hc,2.50,home,ft,1.41,1
hCbYD79t,Swiatek I.,Rybakina E.,1,1,hc,2.50,away,ft,2.73,1
hCbYD79t,Swiatek I.,Rybakina E.,1,1,hc,-2.50,home,ft,1.973,3
hCbYD79t,Swiatek I.,Rybakina E.,1,1,hc,-2.50,away,ft,1.833,3
hCbYD79t,Swiatek I.,Rybakina E.,1,1,hc,-3.00,home,ft,2.175,2
hCbYD79t,Swiatek I.,Rybakina E.,1,1,hc,-3.00,away,ft,1.67,2
hCbYD79t,Swiatek I.,Rybakina E.,1,1,hc,3.50,home,ft,1.32,1
hCbYD79t,Swiatek I.,Rybakina E.,1,1,hc,3.50,away,ft,3.35,1
hCbYD79t,Swiatek I.,Rybakina E.,1,1,hc,-3.50,home,ft,2.305,4
hCbYD79t,Swiatek I.,Rybakina E.,1,1,hc,-3.50,away,ft,1.573,4
hCbYD79t,Swiatek I.,Rybakina E.,1,1,hc,-4.00,home,ft,2.61,1
hCbYD79t,Swiatek I.,Rybakina E.,1,1,hc,-4.00,away,ft,1.44,1
hCbYD79t,Swiatek I.,Rybakina E.,1,1,hc,-4.50,home,ft,2.86,2
hCbYD79t,Swiatek I.,Rybakina E.,1,1,hc,-4.50,away,ft,1.385,2
hCbYD79t,Swiatek I.,Rybakina E.,1,1,hc,-5.00,home,ft,3.9,1
hCbYD79t,Swiatek I.,Rybakina E.,1,1,hc,-5.00,away,ft,1.22,1
hCbYD79t,Swiatek I.,Rybakina E.,1,1,hc,-5.50,home,ft,4.47,2
hCbYD79t,Swiatek I.,Rybakina E.,1,1,hc,-5.50,away,ft,1.19,2
hCbYD79t,Swiatek I.,Rybakina E.,1,1,hc,-6.00,home,ft,5.7,1
hCbYD79t,Swiatek I.,Rybakina E.,1,1,hc,-6.00,away,ft,1.11,1
hCbYD79t,Swiatek I.,Rybakina E.,1,1,hc,-6.50,home,ft,5.95,1
hCbYD79t,Swiatek I.,Rybakina E.,1,1,hc,-6.50,away,ft,1.1,1
K41YrmA6,Gauff C.,Pegula J.,1,1,ou,2.50,over,ft,2.36,2
K41YrmA6,Gauff C.,Pegula J.,1,1,ou,2.50,under,ft,1.6,2
K41YrmA6,Gauff C.,Pegula J.,1,1,ou,17.50,over,ft,1.17,1
K41YrmA6,Gauff C.,Pegula J.,1,1,ou,17.50,under,ft,4.22,1
K41YrmA6,Gauff C.,Pegula J.,1,1,ou,18.00,over,ft,1.16,1
K41YrmA6,Gauff C.,Pegula J.,1,1,ou,18.00,under,ft,4.1,1
K41YrmA6,Gauff C.,Pegula J.,1,1,ou,18.50,over,ft,1.29,1
K41YrmA6,Gauff C.,Pegula J.,1,1,ou,18.50,under,ft,3.13,1
K41YrmA6,Gauff C.,Pegula J.,1,1,ou,19.00,over,ft,1.32,1
K41YrmA6,Gauff C.,Pegula J.,1,1,ou,19.00,under,ft,2.92,1
K41YrmA6,Gauff C.,Pegula J.,1,1,ou,19.50,over,ft,1.43,2
K41YrmA6,Gauff C.,Pegula J.,1,1,ou,19.50,under,ft,2.625,2
K41YrmA6,Gauff C.,Pegula J.,1,1,ou,20.00,over,ft,1.51,1
K41YrmA6,Gauff C.,Pegula J.,1,1,ou,20.00,under,ft,2.35,1
K41YrmA6,Gauff C.,Pegula J.,1,1,ou,20.50,over,ft,1.584,5
K41YrmA6,Gauff C.,Pegula J.,1,1,ou,20.50,under,ft,2.29,5
K41YrmA6,Gauff C.,Pegula J.,1,1,ou,21.00,over,ft,1.71,3
K41YrmA6,Gauff C.,Pegula J.,1,1,ou,21.00,under,ft,2.097,3
K41YrmA6,Gauff C.,Pegula J.,1,1,ou,21.50,over,ft,1.768,5
K41YrmA6,Gauff C.,Pegula J.,1,1,ou,21.50,under,ft,2.002,5
K41YrmA6,Gauff C.,Pegula J.,1,1,ou,22.00,over,ft,1.94,3
K41YrmA6,Gauff C.,Pegula J.,1,1,ou,22.00,under,ft,1.83,3
K41YrmA6,Gauff C.,Pegula J.,1,1,ou,22.50,over,ft,2.004,5
K41YrmA6,Gauff C.,Pegula J.,1,1,ou,22.50,under,ft,1.782,5
K41YrmA6,Gauff C.,Pegula J.,1,1,ou,23.00,over,ft,2.19,3
K41YrmA6,Gauff C.,Pegula J.,1,1,ou,23.00,under,ft,1.64,3
K41YrmA6,Gauff C.,Pegula J.,1,1,ou,23.50,over,ft,2.225,4
K41YrmA6,Gauff C.,Pegula J.,1,1,ou,23.50,under,ft,1.61,4
K41YrmA6,Gauff C.,Pegula J.,1,1,ou,24.00,over,ft,2.36,1
K41YrmA6,Gauff C.,Pegula J.,1,1,ou,24.00,under,ft,1.48,1
K41YrmA6,Gauff C.,Pegula J.,1,1,ou,24.50,over,ft,2.33,3
K41YrmA6,Gauff C.,Pegula J.,1,1,ou,24.50,under,ft,1.567,3
K41YrmA6,Gauff C.,Pegula J.,1,1,ou,25.00,over,ft,2.52,1
K41YrmA6,Gauff C.,Pegula J.,1,1,ou,25.00,under,ft,1.41,1
K41YrmA6,Gauff C.,Pegula J.,1,1,ou,25.50,over,ft,2.6,1
K41YrmA6,Gauff C.,Pegula J.,1,1,ou,25.50,under,ft,1.41,1
K41YrmA6,Gauff C.,Pegula J.,1,1,ou,26.00,over,ft,2.63,1
K41YrmA6,Gauff C.,Pegula J.,1,1,ou,26.00,under,ft,1.38,1
K41YrmA6,Gauff C.,Pegula J.,1,1,ou,26.50,over,ft,2.875,2
K41YrmA6,Gauff C.,Pegula J.,1,1,ou,26.50,under,ft,1.35,2
K41YrmA6,Gauff C.,Pegula J.,1,1,ou,27.50,over,ft,3.33,1
K41YrmA6,Gauff C.,Pegula J.,1,1,ou,27.50,under,ft,1.26,1
K41YrmA6,Gauff C.,Pegula J.,1,1,hc,1.50,home,ft,1.227,3
K41YrmA6,Gauff C.,Pegula J.,1,1,hc,1.50,away,ft,3.987,3
K41YrmA6,Gauff C.,Pegula J.,1,1,hc,-1.50,home,ft,2.292,4
K41YrmA6,Gauff C.,Pegula J.,1,1,hc,-1.50,away,ft,1.58,4
K41YrmA6,Gauff C.,Pegula J.,1,1,hc,0,home,ft,1.52,1
K41YrmA6,Gauff C.,Pegula J.,1,1,hc,0,away,ft,2.3,1
K41YrmA6,Gauff C.,Pegula J.,1,1,hc,0.50,home,ft,1.44,1
K41YrmA6,Gauff C.,Pegula J.,1,1,hc,0.50,away,ft,2.61,1
K41YrmA6,Gauff C.,Pegula J.,1,1,hc,-0.50,home,ft,1.535,2
K41YrmA6,Gauff C.,Pegula J.,1,1,hc,-0.50,away,ft,2.445,2
K41YrmA6,Gauff C.,Pegula J.,1,1,hc,1.00,home,ft,1.45,1
K41YrmA6,Gauff C.,Pegula J.,1,1,hc,1.00,away,ft,2.49,1
K41YrmA6,Gauff C.,Pegula J.,1,1,hc,-1.00,home,ft,1.56,1
K41YrmA6,Gauff C.,Pegula J.,1,1,hc,-1.00,away,ft,2.43,1
K41YrmA6,Gauff C.,Pegula J.,1,1,hc,1.50,home,ft,1.39,1
K41YrmA6,Gauff C.,Pegula J.,1,1,hc,1.50,away,ft,2.81,1
K41YrmA6,Gauff C.,Pegula J.,1,1,hc,-1.50,home,ft,1.647,3
K41YrmA6,Gauff C.,Pegula J.,1,1,hc,-1.50,away,ft,2.24,3
K41YrmA6,Gauff C.,Pegula J.,1,1,hc,-2.00,home,ft,1.735,2
K41YrmA6,Gauff C.,Pegula J.,1,1,hc,-2.00,away,ft,2.13,2
K41YrmA6,Gauff C.,Pegula J.,1,1,hc,-2.50,home,ft,1.782,4
K41YrmA6,Gauff C.,Pegula J.,1,1,hc,-2.50,away,ft,2.01,4
K41YrmA6,Gauff C.,Pegula J.,1,1,hc,-3.00,home,ft,1.95,2
K41YrmA6,Gauff C.,Pegula J.,1,1,hc,-3.00,away,ft,1.88,2
K41YrmA6,Gauff C.,Pegula J.,1,1,hc,-3.50,home,ft,2.04,3
K41YrmA6,Gauff C.,Pegula J.,1,1,hc,-3.50,away,ft,1.757,3
K41YrmA6,Gauff C.,Pegula J.,1,1,hc,-4.00,home,ft,2.34,2
K41YrmA6,Gauff C.,Pegula J.,1,1,hc,-4.00,away,ft,1.61,2
K41YrmA6,Gauff C.,Pegula J.,1,1,hc,-4.50,home,ft,2.47,4
K41YrmA6,Gauff C.,Pegula J.,1,1,hc,-4.50,away,ft,1.522,4
K41YrmA6,Gauff C.,Pegula J.,1,1,hc,-5.00,home,ft,3.05,1
K41YrmA6,Gauff C.,Pegula J.,1,1,hc,-5.00,away,ft,1.31,1
K41YrmA6,Gauff C.,Pegula J.,1,1,hc,-5.50,home,ft,3.32,2
K41YrmA6,Gauff C.,Pegula J.,1,1,hc,-5.50,away,ft,1.285,2
K41YrmA6,Gauff C.,Pegula J.,1,1,hc,-6.00,home,ft,4.8,1
K41YrmA6,Gauff C.,Pegula J.,1,1,hc,-6.00,away,ft,1.15,1
K41YrmA6,Gauff C.,Pegula J.,1,1,hc,-6.50,home,ft,5.25,1
K41YrmA6,Gauff C.,Pegula J.,1,1,hc,-6.50,away,ft,1.13,1
K41YrmA6,Gauff C.,Pegula J.,1,1,hc,-7.00,home,ft,8.4,1
K41YrmA6,Gauff C.,Pegula J.,1,1,hc,-7.00,away,ft,1.05,1
K41YrmA6,Gauff C.,Pegula J.,1,1,hc,-7.50,home,ft,9.0,1
K41YrmA6,Gauff C.,Pegula J.,1,1,hc,-7.50,away,ft,1.04,1
EiWXp9uf,Sabalenka A.,Paolini J.,2,2,ou,2.50,over,ft,2.81,2
EiWXp9uf,Sabalenka A.,Paolini J.,2,2,ou,2.50,under,ft,1.45,2
EiWXp9uf,Sabalenka A.,Paolini J.,2,2,ou,15.50,over,ft,1.04,1
EiWXp9uf,Sabalenka A.,Paolini J.,2,2,ou,15.50,under,ft,6.9,1
EiWXp9uf,Sabalenka A.,Paolini J.,2,2,ou,16.00,over,ft,1.05,1
EiWXp9uf,Sabalenka A.,Paolini J.,2,2,ou,16.00,under,ft,6.45,1
EiWXp9uf,Sabalenka A.,Paolini J.,2,2,ou,16.50,over,ft,1.135,2
EiWXp9uf,Sabalenka A.,Paolini J.,2,2,ou,16.50,under,ft,5.235,2
EiWXp9uf,Sabalenka A.,Paolini J.,2,2,ou,17.00,over,ft,1.12,1
EiWXp9uf,Sabalenka A.,Paolini J.,2,2,ou,17.00,under,ft,4.75,1
EiWXp9uf,Sabalenka A.,Paolini J.,2,2,ou,17.50,over,ft,1.3,2
EiWXp9uf,Sabalenka A.,Paolini J.,2,2,ou,17.50,under,ft,3.215,2
EiWXp9uf,Sabalenka A.,Paolini J.,2,2,ou,18.00,over,ft,1.28,1
EiWXp9uf,Sabalenka A.,Paolini J.,2,2,ou,18.00,under,ft,3.14,1
EiWXp9uf,Sabalenka A.,Paolini J.,2,2,ou,18.50,over,ft,1.42,4
EiWXp9uf,Sabalenka A.,Paolini J.,2,2,ou,18.50,under,ft,2.772,4
EiWXp9uf,Sabalenka A.,Paolini J.,2,2,ou,19.00,over,ft,1.48,1
EiWXp9uf,Sabalenka A.,Paolini J.,2,2,ou,19.00,under,ft,2.43,1
EiWXp9uf,Sabalenka A.,Paolini J.,2,2,ou,19.50,over,ft,1.636,5
EiWXp9uf,Sabalenka A.,Paolini J.,2,2,ou,19.50,under,ft,2.192,5
EiWXp9uf,Sabalenka A.,Paolini J.,2,2,ou,20.00,over,ft,1.733,3
EiWXp9uf,Sabalenka A.,Paolini J.,2,2,ou,20.00,under,ft,2.063,3
EiWXp9uf,Sabalenka A.,Paolini J.,2,2,ou,20.50,over,ft,1.85,5
EiWXp9uf,Sabalenka A.,Paolini J.,2,2,ou,20.50,under,ft,1.92,5
EiWXp9uf,Sabalenka A.,Paolini J.,2,2,ou,21.00,over,ft,1.977,3
EiWXp9uf,Sabalenka A.,Paolini J.,2,2,ou,21.00,under,ft,1.8,3
EiWXp9uf,Sabalenka A.,Paolini J.,2,2,ou,21.50,over,ft,2.026,5
EiWXp9uf,Sabalenka A.,Paolini J.,2,2,ou,21.50,under,ft,1.758,5
EiWXp9uf,Sabalenka A.,Paolini J.,2,2,ou,22.00,over,ft,2.177,3
EiWXp9uf,Sabalenka A.,Paolini J.,2,2,ou,22.00,under,ft,1.643,3
EiWXp9uf,Sabalenka A.,Paolini J.,2,2,ou,22.50,over,ft,2.312,5
EiWXp9uf,Sabalenka A.,Paolini J.,2,2,ou,22.50,under,ft,1.578,5
EiWXp9uf,Sabalenka A.,Paolini J.,2,2,ou,23.00,over,ft,2.44,1
EiWXp9uf,Sabalenka A.,Paolini J.,2,2,ou,23.00,under,ft,1.45,1
EiWXp9uf,Sabalenka A.,Paolini J.,2,2,ou,23.50,over,ft,2.615,2
EiWXp9uf,Sabalenka A.,Paolini J.,2,2,ou,23.50,under,ft,1.435,2
EiWXp9uf,Sabalenka A.,Paolini J.,2,2,ou,24.00,over,ft,2.59,1
EiWXp9uf,Sabalenka A.,Paolini J.,2,2,ou,24.00,under,ft,1.39,1
EiWXp9uf,Sabalenka A.,Paolini J.,2,2,ou,24.50,over,ft,2.807,3
EiWXp9uf,Sabalenka A.,Paolini J.,2,2,ou,24.50,under,ft,1.39,3
EiWXp9uf,Sabalenka A.,Paolini J.,2,2,ou,25.00,over,ft,2.78,1
EiWXp9uf,Sabalenka A.,Paolini J.,2,2,ou,25.00,under,ft,1.34,1
EiWXp9uf,Sabalenka A.,Paolini J.,2,2,ou,25.50,over,ft,3.24,1
EiWXp9uf,Sabalenka A.,Paolini J.,2,2,ou,25.50,under,ft,1.28,1
EiWXp9uf,Sabalenka A.,Paolini J.,2,2,ou,26.50,over,ft,3.72,1
EiWXp9uf,Sabalenka A.,Paolini J.,2,2,ou,26.50,under,ft,1.21,1
EiWXp9uf,Sabalenka A.,Paolini J.,2,2,hc,1.50,home,ft,1.113,3
EiWXp9uf,Sabalenka A.,Paolini J.,2,2,hc,1.50,away,ft,6.54,3
EiWXp9uf,Sabalenka A.,Paolini J.,2,2,hc,-1.50,home,ft,1.758,4
EiWXp9uf,Sabalenka A.,Paolini J.,2,2,hc,-1.50,away,ft,2.027,4
EiWXp9uf,Sabalenka A.,Paolini J.,2,2,hc,-0.50,home,ft,1.28,1
EiWXp9uf,Sabalenka A.,Paolini J.,2,2,hc,-0.50,away,ft,3.4,1
EiWXp9uf,Sabalenka A.,Paolini J.,2,2,hc,-1.00,home,ft,1.29,1
EiWXp9uf,Sabalenka A.,Paolini J.,2,2,hc,-1.00,away,ft,3.36,1
EiWXp9uf,Sabalenka A.,Paolini J.,2,2,hc,-1.50,home,ft,1.335,2
EiWXp9uf,Sabalenka A.,Paolini J.,2,2,hc,-1.50,away,ft,3.16,2
EiWXp9uf,Sabalenka A.,Paolini J.,2,2,hc,-2.00,home,ft,1.29,1
EiWXp9uf,Sabalenka A.,Paolini J.,2,2,hc,-2.00,away,ft,3.15,1
EiWXp9uf,Sabalenka A.,Paolini J.,2,2,hc,-2.50,home,ft,1.405,2
EiWXp9uf,Sabalenka A.,Paolini J.,2,2,hc,-2.50,away,ft,2.85,2
EiWXp9uf,Sabalenka A.,Paolini J.,2,2,hc,-3.00,home,ft,1.515,2
EiWXp9uf,Sabalenka A.,Paolini J.,2,2,hc,-3.00,away,ft,2.58,2
EiWXp9uf,Sabalenka A.,Paolini J.,2,2,hc,-3.50,home,ft,1.568,4
EiWXp9uf,Sabalenka A.,Paolini J.,2,2,hc,-3.50,away,ft,2.343,4
EiWXp9uf,Sabalenka A.,Paolini J.,2,2,hc,-4.00,home,ft,1.68,2
EiWXp9uf,Sabalenka A.,Paolini J.,2,2,hc,-4.00,away,ft,2.22,2
EiWXp9uf,Sabalenka A.,Paolini J.,2,2,hc,-4.50,home,ft,1.9,3
EiWXp9uf,Sabalenka A.,Paolini J.,2,2,hc,-4.50,away,ft,1.91,3
EiWXp9uf,Sabalenka A.,Paolini J.,2,2,hc,-5.00,home,ft,2.13,2
EiWXp9uf,Sabalenka A.,Paolini J.,2,2,hc,-5.00,away,ft,1.735,2
EiWXp9uf,Sabalenka A.,Paolini J.,2,2,hc,-5.50,home,ft,2.428,4
EiWXp9uf,Sabalenka A.,Paolini J.,2,2,hc,-5.50,away,ft,1.538,4
EiWXp9uf,Sabalenka A.,Paolini J.,2,2,hc,-6.00,home,ft,3.1,1
EiWXp9uf,Sabalenka A.,Paolini J.,2,2,hc,-6.00,away,ft,1.37,1
EiWXp9uf,Sabalenka A.,Paolini J.,2,2,hc,-6.50,home,ft,3.48,2
EiWXp9uf,Sabalenka A.,Paolini J.,2,2,hc,-6.50,away,ft,1.29,2
EiWXp9uf,Sabalenka A.,Paolini J.,2,2,hc,-7.00,home,ft,4.3,1
EiWXp9uf,Sabalenka A.,Paolini J.,2,2,hc,-7.00,away,ft,1.16,1
EiWXp9uf,Sabalenka A.,Paolini J.,2,2,hc,-7.50,home,ft,5.307,3
EiWXp9uf,Sabalenka A.,Paolini J.,2,2,hc,-7.50,away,ft,1.143,3
EiWXp9uf,Sabalenka A.,Paolini J.,2,2,hc,-8.00,home,ft,9.0,1
EiWXp9uf,Sabalenka A.,Paolini J.,2,2,hc,-8.00,away,ft,1.04,1
EiWXp9uf,Sabalenka A.,Paolini J.,2,2,hc,-8.50,home,ft,9.5,1
EiWXp9uf,Sabalenka A.,Paolini J.,2,2,hc,-8.50,away,ft,1.03,1
zD1PBxpA,Anisimova A.,Rybakina E.,0,0,ou,2.50,over,ft,2.34,2
zD1PBxpA,Anisimova A.,Rybakina E.,0,0,ou,2.50,under,ft,1.62,2
zD1PBxpA,Anisimova A.,Rybakina E.,0,0,ou,17.50,over,ft,1.12,1
zD1PBxpA,Anisimova A.,Rybakina E.,0,0,ou,17.50,under,ft,4.95,1
zD1PBxpA,Anisimova A.,Rybakina E.,0,0,ou,18.00,over,ft,1.14,1
zD1PBxpA,Anisimova A.,Rybakina E.,0,0,ou,18.00,under,ft,4.65,1
zD1PBxpA,Anisimova A.,Rybakina E.,0,0,ou,18.50,over,ft,1.2,1
zD1PBxpA,Anisimova A.,Rybakina E.,0,0,ou,18.50,under,ft,3.82,1
zD1PBxpA,Anisimova A.,Rybakina E.,0,0,ou,19.00,over,ft,1.29,1
zD1PBxpA,Anisimova A.,Rybakina E.,0,0,ou,19.00,under,ft,3.3,1
zD1PBxpA,Anisimova A.,Rybakina E.,0,0,ou,19.50,over,ft,1.38,2
zD1PBxpA,Anisimova A.,Rybakina E.,0,0,ou,19.50,under,ft,2.81,2
zD1PBxpA,Anisimova A.,Rybakina E.,0,0,ou,20.00,over,ft,1.47,1
zD1PBxpA,Anisimova A.,Rybakina E.,0,0,ou,20.00,under,ft,2.57,1
zD1PBxpA,Anisimova A.,Rybakina E.,0,0,ou,20.50,over,ft,1.617,4
zD1PBxpA,Anisimova A.,Rybakina E.,0,0,ou,20.50,under,ft,2.218,4
zD1PBxpA,Anisimova A.,Rybakina E.,0,0,ou,21.00,over,ft,1.673,3
zD1PBxpA,Anisimova A.,Rybakina E.,0,0,ou,21.00,under,ft,2.173,3
zD1PBxpA,Anisimova A.,Rybakina E.,0,0,ou,21.50,over,ft,1.73,5
zD1PBxpA,Anisimova A.,Rybakina E.,0,0,ou,21.50,under,ft,2.034,5
zD1PBxpA,Anisimova A.,Rybakina E.,0,0,ou,22.00,over,ft,1.887,3
zD1PBxpA,Anisimova A.,Rybakina E.,0,0,ou,22.00,under,ft,1.9,3
zD1PBxpA,Anisimova A.,Rybakina E.,0,0,ou,22.50,over,ft,1.994,5
zD1PBxpA,Anisimova A.,Rybakina E.,0,0,ou,22.50,under,ft,1.796,5
zD1PBxpA,Anisimova A.,Rybakina E.,0,0,ou,23.00,over,ft,2.137,3
zD1PBxpA,Anisimova A.,Rybakina E.,0,0,ou,23.00,under,ft,1.683,3
zD1PBxpA,Anisimova A.,Rybakina E.,0,0,ou,23.50,over,ft,2.188,4
zD1PBxpA,Anisimova A.,Rybakina E.,0,0,ou,23.50,under,ft,1.605,4
zD1PBxpA,Anisimova A.,Rybakina E.,0,0,ou,24.00,over,ft,2.29,1
zD1PBxpA,Anisimova A.,Rybakina E.,0,0,ou,24.00,under,ft,1.55,1
zD1PBxpA,Anisimova A.,Rybakina E.,0,0,ou,24.50,over,ft,2.225,2
zD1PBxpA,Anisimova A.,Rybakina E.,0,0,ou,24.50,under,ft,1.58,2
zD1PBxpA,Anisimova A.,Rybakina E.,0,0,ou,25.00,over,ft,2.45,1
zD1PBxpA,Anisimova A.,Rybakina E.,0,0,ou,25.00,under,ft,1.46,1
zD1PBxpA,Anisimova A.,Rybakina E.,0,0,ou,25.50,over,ft,2.35,1
zD1PBxpA,Anisimova A.,Rybakina E.,0,0,ou,25.50,under,ft,1.5,1
zD1PBxpA,Anisimova A.,Rybakina E.,0,0,ou,26.00,over,ft,2.67,1
zD1PBxpA,Anisimova A.,Rybakina E.,0,0,ou,26.00,under,ft,1.39,1
zD1PBxpA,Anisimova A.,Rybakina E.,0,0,ou,26.50,over,ft,2.6,1
zD1PBxpA,Anisimova A.,Rybakina E.,0,0,ou,26.50,under,ft,1.41,1
zD1PBxpA,Anisimova A.,Rybakina E.,0,0,ou,27.50,over,ft,2.92,1
zD1PBxpA,Anisimova A.,Rybakina E.,0,0,ou,27.50,under,ft,1.33,1
zD1PBxpA,Anisimova A.,Rybakina E.,0,0,ou,28.50,over,ft,3.33,1
zD1PBxpA,Anisimova A.,Rybakina E.,0,0,ou,28.50,under,ft,1.26,1
zD1PBxpA,Anisimova A.,Rybakina E.,0,0,hc,1.50,home,ft,1.405,4
zD1PBxpA,Anisimova A.,Rybakina E.,0,0,hc,1.50,away,ft,2.877,4
zD1PBxpA,Anisimova A.,Rybakina E.,0,0,hc,-1.50,home,ft,3.027,4
zD1PBxpA,Anisimova A.,Rybakina E.,0,0,hc,-1.50,away,ft,1.375,4
zD1PBxpA,Anisimova A.,Rybakina E.,0,0,hc,0,home,ft,1.95,2
zD1PBxpA,Anisimova A.,Rybakina E.,0,0,hc,0,away,ft,1.8,2
zD1PBxpA,Anisimova A.,Rybakina E.,0,0,hc,0.50,home,ft,1.902,4
zD1PBxpA,Anisimova A.,Rybakina E.,0,0,hc,0.50,away,ft,1.87,4
zD1PBxpA,Anisimova A.,Rybakina E.,0,0,hc,-0.50,home,ft,1.96,4
zD1PBxpA,Anisimova A.,Rybakina E.,0,0,hc,-0.50,away,ft,1.782,4
zD1PBxpA,Anisimova A.,Rybakina E.,0,0,hc,1.00,home,ft,1.82,2
zD1PBxpA,Anisimova A.,Rybakina E.,0,0,hc,1.00,away,ft,1.925,2
zD1PBxpA,Anisimova A.,Rybakina E.,0,0,hc,-1.00,home,ft,2.035,2
zD1PBxpA,Anisimova A.,Rybakina E.,0,0,hc,-1.00,away,ft,1.725,2
zD1PBxpA,Anisimova A.,Rybakina E.,0,0,hc,1.50,home,ft,1.767,3
zD1PBxpA,Anisimova A.,Rybakina E.,0,0,hc,1.50,away,ft,1.993,3
zD1PBxpA,Anisimova A.,Rybakina E.,0,0,hc,-1.50,home,ft,2.08,3
zD1PBxpA,Anisimova A.,Rybakina E.,0,0,hc,-1.50,away,ft,1.697,3
zD1PBxpA,Anisimova A.,Rybakina E.,0,0,hc,2.00,home,ft,1.705,2
zD1PBxpA,Anisimova A.,Rybakina E.,0,0,hc,2.00,away,ft,2.075,2
zD1PBxpA,Anisimova A.,Rybakina E.,0,0,hc,-2.00,home,ft,2.155,2
zD1PBxpA,Anisimova A.,Rybakina E.,0,0,hc,-2.00,away,ft,1.655,2
zD1PBxpA,Anisimova A.,Rybakina E.,0,0,hc,2.50,home,ft,1.62,3
zD1PBxpA,Anisimova A.,Rybakina E.,0,0,hc,2.50,away,ft,2.157,3
zD1PBxpA,Anisimova A.,Rybakina E.,0,0,hc,-2.50,home,ft,2.127,4
zD1PBxpA,Anisimova A.,Rybakina E.,0,0,hc,-2.50,away,ft,1.663,4
zD1PBxpA,Anisimova A.,Rybakina E.,0,0,hc,3.00,home,ft,1.48,1
zD1PBxpA,Anisimova A.,Rybakina E.,0,0,hc,3.00,away,ft,2.41,1
zD1PBxpA,Anisimova A.,Rybakina E.,0,0,hc,-3.00,home,ft,2.68,1
zD1PBxpA,Anisimova A.,Rybakina E.,0,0,hc,-3.00,away,ft,1.46,1
zD1PBxpA,Anisimova A.,Rybakina E.,0,0,hc,3.50,home,ft,1.42,1
zD1PBxpA,Anisimova A.,Rybakina E.,0,0,hc,3.50,away,ft,2.59,1
zD1PBxpA,Anisimova A.,Rybakina E.,0,0,hc,-3.50,home,ft,2.62,2
zD1PBxpA,Anisimova A.,Rybakina E.,0,0,hc,-3.50,away,ft,1.475,2
zD1PBxpA,Anisimova A.,Rybakina E.,0,0,hc,4.00,home,ft,1.35,1
zD1PBxpA,Anisimova A.,Rybakina E.,0,0,hc,4.00,away,ft,3.14,1
zD1PBxpA,Anisimova A.,Rybakina E.,0,0,hc,-4.00,home,ft,3.45,1
zD1PBxpA,Anisimova A.,Rybakina E.,0,0,hc,-4.00,away,ft,1.3,1
zD1PBxpA,Anisimova A.,Rybakina E.,0,0,hc,4.50,home,ft,1.31,1
zD1PBxpA,Anisimova A.,Rybakina E.,0,0,hc,4.50,away,ft,3.38,1
zD1PBxpA,Anisimova A.,Rybakina E.,0,0,hc,-4.50,home,ft,3.265,2
zD1PBxpA,Anisimova A.,Rybakina E.,0,0,hc,-4.50,away,ft,1.34,2
zD1PBxpA,Anisimova A.,Rybakina E.,0,0,hc,-5.00,home,ft,3.98,1
zD1PBxpA,Anisimova A.,Rybakina E.,0,0,hc,-5.00,away,ft,1.19,1
zD1PBxpA,Anisimova A.,Rybakina E.,0,0,hc,-5.50,home,ft,3.735,2
zD1PBxpA,Anisimova A.,Rybakina E.,0,0,hc,-5.50,away,ft,1.24,2
zD1PBxpA,Anisimova A.,Rybakina E.,0,0,hc,-6.00,home,ft,6.2,1
zD1PBxpA,Anisimova A.,Rybakina E.,0,0,hc,-6.00,away,ft,1.07,1
zD1PBxpA,Anisimova A.,Rybakina E.,0,0,hc,-6.50,home,ft,6.64,1
zD1PBxpA,Anisimova A.,Rybakina E.,0,0,hc,-6.50,away,ft,1.06,1
ERnsCovg,Swiatek I.,Keys M.,2,2,ou,2.50,over,ft,3.32,1
ERnsCovg,Swiatek I.,Keys M.,2,2,ou,2.50,under,ft,1.36,1
ERnsCovg,Swiatek I.,Keys M.,2,2,ou,15.50,over,ft,1.08,1
ERnsCovg,Swiatek I.,Keys M.,2,2,ou,15.50,under,ft,5.98,1
ERnsCovg,Swiatek I.,Keys M.,2,2,ou,16.00,over,ft,1.05,1
ERnsCovg,Swiatek I.,Keys M.,2,2,ou,16.00,under,ft,7.1,1
ERnsCovg,Swiatek I.,Keys M.,2,2,ou,16.50,over,ft,1.185,2
ERnsCovg,Swiatek I.,Keys M.,2,2,ou,16.50,under,ft,4.45,2
ERnsCovg,Swiatek I.,Keys M.,2,2,ou,17.00,over,ft,1.19,1
ERnsCovg,Swiatek I.,Keys M.,2,2,ou,17.00,under,ft,4.2,1
ERnsCovg,Swiatek I.,Keys M.,2,2,ou,17.50,over,ft,1.345,2
ERnsCovg,Swiatek I.,Keys M.,2,2,ou,17.50,under,ft,2.96,2
ERnsCovg,Swiatek I.,Keys M.,2,2,ou,18.00,over,ft,1.4,1
ERnsCovg,Swiatek I.,Keys M.,2,2,ou,18.00,under,ft,2.81,1
ERnsCovg,Swiatek I.,Keys M.,2,2,ou,18.50,over,ft,1.55,3
ERnsCovg,Swiatek I.,Keys M.,2,2,ou,18.50,under,ft,2.353,3
ERnsCovg,Swiatek I.,Keys M.,2,2,ou,19.00,over,ft,1.657,3
ERnsCovg,Swiatek I.,Keys M.,2,2,ou,19.00,under,ft,2.21,3
ERnsCovg,Swiatek I.,Keys M.,2,2,ou,19.50,over,ft,1.778,5
ERnsCovg,Swiatek I.,Keys M.,2,2,ou,19.50,under,ft,2.006,5
ERnsCovg,Swiatek I.,Keys M.,2,2,ou,20.00,over,ft,1.953,3
ERnsCovg,Swiatek I.,Keys M.,2,2,ou,20.00,under,ft,1.843,3
ERnsCovg,Swiatek I.,Keys M.,2,2,ou,20.50,over,ft,2.07,5
ERnsCovg,Swiatek I.,Keys M.,2,2,ou,20.50,under,ft,1.714,5
ERnsCovg,Swiatek I.,Keys M.,2,2,ou,21.00,over,ft,2.217,3
ERnsCovg,Swiatek I.,Keys M.,2,2,ou,21.00,under,ft,1.643,3
ERnsCovg,Swiatek I.,Keys M.,2,2,ou,21.50,over,ft,2.21,5
ERnsCovg,Swiatek I.,Keys M.,2,2,ou,21.50,under,ft,1.608,5
ERnsCovg,Swiatek I.,Keys M.,2,2,ou,22.00,over,ft,2.58,1
ERnsCovg,Swiatek I.,Keys M.,2,2,ou,22.00,under,ft,1.44,1
ERnsCovg,Swiatek I.,Keys M.,2,2,ou,22.50,over,ft,2.77,3
ERnsCovg,Swiatek I.,Keys M.,2,2,ou,22.50,under,ft,1.407,3
ERnsCovg,Swiatek I.,Keys M.,2,2,ou,23.00,over,ft,2.93,1
ERnsCovg,Swiatek I.,Keys M.,2,2,ou,23.00,under,ft,1.33,1
ERnsCovg,Swiatek I.,Keys M.,2,2,ou,23.50,over,ft,3.35,1
ERnsCovg,Swiatek I.,Keys M.,2,2,ou,23.50,under,ft,1.26,1
ERnsCovg,Swiatek I.,Keys M.,2,2,ou,24.00,over,ft,2.75,1
ERnsCovg,Swiatek I.,Keys M.,2,2,ou,24.00,under,ft,1.37,1
ERnsCovg,Swiatek I.,Keys M.,2,2,ou,24.50,over,ft,3.46,2
ERnsCovg,Swiatek I.,Keys M.,2,2,ou,24.50,under,ft,1.275,2
ERnsCovg,Swiatek I.,Keys M.,2,2,ou,25.50,over,ft,4.09,1
ERnsCovg,Swiatek I.,Keys M.,2,2,ou,25.50,under,ft,1.18,1
ERnsCovg,Swiatek I.,Keys M.,2,2,hc,1.50,home,ft,1.093,3
ERnsCovg,Swiatek I.,Keys M.,2,2,hc,1.50,away,ft,7.747,3
ERnsCovg,Swiatek I.,Keys M.,2,2,hc,-1.50,home,ft,1.598,4
ERnsCovg,Swiatek I.,Keys M.,2,2,hc,-1.50,away,ft,2.317,4
ERnsCovg,Swiatek I.,Keys M.,2,2,hc,-0.50,home,ft,1.22,1
ERnsCovg,Swiatek I.,Keys M.,2,2,hc,-0.50,away,ft,4.2,1
ERnsCovg,Swiatek I.,Keys M.,2,2,hc,-1.00,home,ft,1.22,1
ERnsCovg,Swiatek I.,Keys M.,2,2,hc,-1.00,away,ft,4.2,1
ERnsCovg,Swiatek I.,Keys M.,2,2,hc,-1.50,home,ft,1.245,2
ERnsCovg,Swiatek I.,Keys M.,2,2,hc,-1.50,away,ft,3.935,2
ERnsCovg,Swiatek I.,Keys M.,2,2,hc,-2.00,home,ft,1.26,1
ERnsCovg,Swiatek I.,Keys M.,2,2,hc,-2.00,away,ft,3.78,1
ERnsCovg,Swiatek I.,Keys M.,2,2,hc,-2.50,home,ft,1.255,2
ERnsCovg,Swiatek I.,Keys M.,2,2,hc,-2.50,away,ft,3.535,2
ERnsCovg,Swiatek I.,Keys M.,2,2,hc,-3.00,home,ft,1.24,1
ERnsCovg,Swiatek I.,Keys M.,2,2,hc,-3.00,away,ft,3.51,1
ERnsCovg,Swiatek I.,Keys M.,2,2,hc,-3.50,home,ft,1.41,4
ERnsCovg,Swiatek I.,Keys M.,2,2,hc,-3.50,away,ft,2.74,4
ERnsCovg,Swiatek I.,Keys M.,2,2,hc,-4.00,home,ft,1.475,2
ERnsCovg,Swiatek I.,Keys M.,2,2,hc,-4.00,away,ft,2.575,2
ERnsCovg,Swiatek I.,Keys M.,2,2,hc,-4.50,home,ft,1.62,3
ERnsCovg,Swiatek I.,Keys M.,2,2,hc,-4.50,away,ft,2.22,3
ERnsCovg,Swiatek I.,Keys M.,2,2,hc,-5.00,home,ft,1.815,2
ERnsCovg,Swiatek I.,Keys M.,2,2,hc,-5.00,away,ft,1.955,2
ERnsCovg,Swiatek I.,Keys M.,2,2,hc,-5.50,home,ft,2.098,4
ERnsCovg,Swiatek I.,Keys M.,2,2,hc,-5.50,away,ft,1.708,4
ERnsCovg,Swiatek I.,Keys M.,2,2,hc,-6.00,home,ft,2.535,2
ERnsCovg,Swiatek I.,Keys M.,2,2,hc,-6.00,away,ft,1.485,2
ERnsCovg,Swiatek I.,Keys M.,2,2,hc,-6.50,home,ft,2.805,2
ERnsCovg,Swiatek I.,Keys M.,2,2,hc,-6.50,away,ft,1.38,2
ERnsCovg,Swiatek I.,Keys M.,2,2,hc,-7.00,home,ft,4.07,1
ERnsCovg,Swiatek I.,Keys M.,2,2,hc,-7.00,away,ft,1.18,1
ERnsCovg,Swiatek I.,Keys M.,2,2,hc,-7.50,home,ft,4.62,3
ERnsCovg,Swiatek I.,Keys M.,2,2,hc,-7.50,away,ft,1.17,3
ERnsCovg,Swiatek I.,Keys M.,2,2,hc,-8.00,home,ft,8.0,1
ERnsCovg,Swiatek I.,Keys M.,2,2,hc,-8.00,away,ft,1.07,1
ERnsCovg,Swiatek I.,Keys M.,2,2,hc,-8.50,home,ft,8.5,1
ERnsCovg,Swiatek I.,Keys M.,2,2,hc,-8.50,away,ft,1.06,1
ERnsCovg,Swiatek I.,Keys M.,2,2,hc,-9.00,home,ft,16.0,1
ERnsCovg,Swiatek I.,Keys M.,2,2,hc,-9.50,home,ft,16.5,1
IViqANqf,Sabalenka A.,Rybakina E.,0,0,ou,2.50,over,ft,2.465,2
IViqANqf,Sabalenka A.,Rybakina E.,0,0,ou,2.50,under,ft,1.595,2
IViqANqf,Sabalenka A.,Rybakina E.,0,0,ou,17.50,over,ft,1.17,1
IViqANqf,Sabalenka A.,Rybakina E.,0,0,ou,17.50,under,ft,4.24,1
IViqANqf,Sabalenka A.,Rybakina E.,0,0,ou,18.50,over,ft,1.187,3
IViqANqf,Sabalenka A.,Rybakina E.,0,0,ou,18.50,under,ft,4.497,3
IViqANqf,Sabalenka A.,Rybakina E.,0,0,ou,19.00,over,ft,1.235,2
IViqANqf,Sabalenka A.,Rybakina E.,0,0,ou,19.00,under,ft,3.755,2
IViqANqf,Sabalenka A.,Rybakina E.,0,0,ou,19.50,over,ft,1.355,2
IViqANqf,Sabalenka A.,Rybakina E.,0,0,ou,19.50,under,ft,2.945,2
IViqANqf,Sabalenka A.,Rybakina E.,0,0,ou,20.00,over,ft,1.395,2
IViqANqf,Sabalenka A.,Rybakina E.,0,0,ou,20.00,under,ft,2.82,2
IViqANqf,Sabalenka A.,Rybakina E.,0,0,ou,20.50,over,ft,1.495,4
IViqANqf,Sabalenka A.,Rybakina E.,0,0,ou,20.50,under,ft,2.522,4
IViqANqf,Sabalenka A.,Rybakina E.,0,0,ou,21.00,over,ft,1.575,2
IViqANqf,Sabalenka A.,Rybakina E.,0,0,ou,21.00,under,ft,2.33,2
IViqANqf,Sabalenka A.,Rybakina E.,0,0,ou,21.50,over,ft,1.632,6
IViqANqf,Sabalenka A.,Rybakina E.,0,0,ou,21.50,under,ft,2.217,6
IViqANqf,Sabalenka A.,Rybakina E.,0,0,ou,22.00,over,ft,1.775,4
IViqANqf,Sabalenka A.,Rybakina E.,0,0,ou,22.00,under,ft,2.06,4
IViqANqf,Sabalenka A.,Rybakina E.,0,0,ou,22.50,over,ft,1.895,6
IViqANqf,Sabalenka A.,Rybakina E.,0,0,ou,22.50,under,ft,1.893,6
IViqANqf,Sabalenka A.,Rybakina E.,0,0,ou,23.00,over,ft,2.08,4
IViqANqf,Sabalenka A.,Rybakina E.,0,0,ou,23.00,under,ft,1.76,4
IViqANqf,Sabalenka A.,Rybakina E.,0,0,ou,23.50,over,ft,2.148,6
IViqANqf,Sabalenka A.,Rybakina E.,0,0,ou,23.50,under,ft,1.667,6
IViqANqf,Sabalenka A.,Rybakina E.,0,0,ou,24.00,over,ft,2.225,2
IViqANqf,Sabalenka A.,Rybakina E.,0,0,ou,24.00,under,ft,1.625,2
IViqANqf,Sabalenka A.,Rybakina E.,0,0,ou,24.50,over,ft,2.208,4
IViqANqf,Sabalenka A.,Rybakina E.,0,0,ou,24.50,under,ft,1.632,4
IViqANqf,Sabalenka A.,Rybakina E.,0,0,ou,25.00,over,ft,2.355,2
IViqANqf,Sabalenka A.,Rybakina E.,0,0,ou,25.00,under,ft,1.55,2
IViqANqf,Sabalenka A.,Rybakina E.,0,0,ou,25.50,over,ft,2.36,2
IViqANqf,Sabalenka A.,Rybakina E.,0,0,ou,25.50,under,ft,1.53,2
IViqANqf,Sabalenka A.,Rybakina E.,0,0,ou,26.00,over,ft,2.62,2
IViqANqf,Sabalenka A.,Rybakina E.,0,0,ou,26.00,under,ft,1.44,2
IViqANqf,Sabalenka A.,Rybakina E.,0,0,ou,26.50,over,ft,2.68,3
IViqANqf,Sabalenka A.,Rybakina E.,0,0,ou,26.50,under,ft,1.447,3
IViqANqf,Sabalenka A.,Rybakina E.,0,0,ou,27.50,over,ft,2.75,1
IViqANqf,Sabalenka A.,Rybakina E.,0,0,ou,27.50,under,ft,1.37,1
IViqANqf,Sabalenka A.,Rybakina E.,0,0,ou,28.50,over,ft,3.1,1
IViqANqf,Sabalenka A.,Rybakina E.,0,0,ou,28.50,under,ft,1.3,1
IViqANqf,Sabalenka A.,Rybakina E.,0,0,hc,1.50,home,ft,1.232,4
IViqANqf,Sabalenka A.,Rybakina E.,0,0,hc,1.50,away,ft,4.17,4
IViqANqf,Sabalenka A.,Rybakina E.,0,0,hc,-1.50,home,ft,2.332,5
IViqANqf,Sabalenka A.,Rybakina E.,0,0,hc,-1.50,away,ft,1.598,5
IViqANqf,Sabalenka A.,Rybakina E.,0,0,hc,0,home,ft,1.535,2
IViqANqf,Sabalenka A.,Rybakina E.,0,0,hc,0,away,ft,2.36,2
IViqANqf,Sabalenka A.,Rybakina E.,0,0,hc,12.00,home,ft,1.37,1
IViqANqf,Sabalenka A.,Rybakina E.,0,0,hc,12.00,away,ft,1.87,1
IViqANqf,Sabalenka A.,Rybakina E.,0,0,hc,12.50,home,ft,1.99,1
IViqANqf,Sabalenka A.,Rybakina E.,0,0,hc,12.50,away,ft,1.68,1
IViqANqf,Sabalenka A.,Rybakina E.,0,0,hc,0.50,home,ft,1.51,2
IViqANqf,Sabalenka A.,Rybakina E.,0,0,hc,0.50,away,ft,2.52,2
IViqANqf,Sabalenka A.,Rybakina E.,0,0,hc,-0.50,home,ft,1.557,3
IViqANqf,Sabalenka A.,Rybakina E.,0,0,hc,-0.50,away,ft,2.32,3
IViqANqf,Sabalenka A.,Rybakina E.,0,0,hc,1.00,home,ft,1.43,1
IViqANqf,Sabalenka A.,Rybakina E.,0,0,hc,1.00,away,ft,2.55,1
IViqANqf,Sabalenka A.,Rybakina E.,0,0,hc,-1.00,home,ft,1.67,3
IViqANqf,Sabalenka A.,Rybakina E.,0,0,hc,-1.00,away,ft,2.183,3
IViqANqf,Sabalenka A.,Rybakina E.,0,0,hc,1.50,home,ft,1.42,3
IViqANqf,Sabalenka A.,Rybakina E.,0,0,hc,1.50,away,ft,2.787,3
IViqANqf,Sabalenka A.,Rybakina E.,0,0,hc,-1.50,home,ft,1.668,5
IViqANqf,Sabalenka A.,Rybakina E.,0,0,hc,-1.50,away,ft,2.146,5
IViqANqf,Sabalenka A.,Rybakina E.,0,0,hc,2.00,home,ft,1.41,1
IViqANqf,Sabalenka A.,Rybakina E.,0,0,hc,2.00,away,ft,2.61,1
IViqANqf,Sabalenka A.,Rybakina E.,0,0,hc,-2.00,home,ft,1.747,3
IViqANqf,Sabalenka A.,Rybakina E.,0,0,hc,-2.00,away,ft,2.07,3
IViqANqf,Sabalenka A.,Rybakina E.,0,0,hc,-2.50,home,ft,1.875,4
IViqANqf,Sabalenka A.,Rybakina E.,0,0,hc,-2.50,away,ft,1.945,4
IViqANqf,Sabalenka A.,Rybakina E.,0,0,hc,-3.00,home,ft,2.05,3
IViqANqf,Sabalenka A.,Rybakina E.,0,0,hc,-3.00,away,ft,1.77,3
IViqANqf,Sabalenka A.,Rybakina E.,0,0,hc,3.50,home,ft,1.235,2
IViqANqf,Sabalenka A.,Rybakina E.,0,0,hc,3.50,away,ft,4.14,2
IViqANqf,Sabalenka A.,Rybakina E.,0,0,hc,-3.50,home,ft,2.196,5
IViqANqf,Sabalenka A.,Rybakina E.,0,0,hc,-3.50,away,ft,1.632,5
IViqANqf,Sabalenka A.,Rybakina E.,0,0,hc,-4.00,home,ft,2.68,2
IViqANqf,Sabalenka A.,Rybakina E.,0,0,hc,-4.00,away,ft,1.42,2
IViqANqf,Sabalenka A.,Rybakina E.,0,0,hc,-4.50,home,ft,2.913,3
IViqANqf,Sabalenka A.,Rybakina E.,0,0,hc,-4.50,away,ft,1.373,3
IViqANqf,Sabalenka A.,Rybakina E.,0,0,hc,-5.00,home,ft,3.765,2
IViqANqf,Sabalenka A.,Rybakina E.,0,0,hc,-5.00,away,ft,1.24,2
IViqANqf,Sabalenka A.,Rybakina E.,0,0,hc,-5.50,home,ft,4.677,3
IViqANqf,Sabalenka A.,Rybakina E.,0,0,hc,-5.50,away,ft,1.193,3
IViqANqf,Sabalenka A.,Rybakina E.,0,0,hc,-6.00,home,ft,6.35,1
IViqANqf,Sabalenka A.,Rybakina E.,0,0,hc,-6.00,away,ft,1.11,1
IViqANqf,Sabalenka A.,Rybakina E.,0,0,hc,-6.50,home,ft,6.85,1
IViqANqf,Sabalenka A.,Rybakina E.,0,0,hc,-6.50,away,ft,1.1,1
I9fwYddK,Sabalenka A.,Anisimova A.,2,2,ou,2.50,over,ft,2.38,2
I9fwYddK,Sabalenka A.,Anisimova A.,2,2,ou,2.50,under,ft,1.625,2
I9fwYddK,Sabalenka A.,Anisimova A.,2,2,ou,17.50,over,ft,1.155,2
I9fwYddK,Sabalenka A.,Anisimova A.,2,2,ou,17.50,under,ft,4.685,2
I9fwYddK,Sabalenka A.,Anisimova A.,2,2,ou,18.00,over,ft,1.185,2
I9fwYddK,Sabalenka A.,Anisimova A.,2,2,ou,18.00,under,ft,4.365,2
I9fwYddK,Sabalenka A.,Anisimova A.,2,2,ou,18.50,over,ft,1.293,3
I9fwYddK,Sabalenka A.,Anisimova A.,2,2,ou,18.50,under,ft,3.45,3
I9fwYddK,Sabalenka A.,Anisimova A.,2,2,ou,19.00,over,ft,1.34,2
I9fwYddK,Sabalenka A.,Anisimova A.,2,2,ou,19.00,under,ft,3.1,2
I9fwYddK,Sabalenka A.,Anisimova A.,2,2,ou,19.50,over,ft,1.463,3
I9fwYddK,Sabalenka A.,Anisimova A.,2,2,ou,19.50,under,ft,2.593,3
I9fwYddK,Sabalenka A.,Anisimova A.,2,2,ou,20.00,over,ft,1.535,2
I9fwYddK,Sabalenka A.,Anisimova A.,2,2,ou,20.00,under,ft,2.43,2
I9fwYddK,Sabalenka A.,Anisimova A.,2,2,ou,20.50,over,ft,1.648,6
I9fwYddK,Sabalenka A.,Anisimova A.,2,2,ou,20.50,under,ft,2.197,6
I9fwYddK,Sabalenka A.,Anisimova A.,2,2,ou,21.00,over,ft,1.725,4
I9fwYddK,Sabalenka A.,Anisimova A.,2,2,ou,21.00,under,ft,2.145,4
I9fwYddK,Sabalenka A.,Anisimova A.,2,2,ou,21.50,over,ft,1.838,6
I9fwYddK,Sabalenka A.,Anisimova A.,2,2,ou,21.50,under,ft,1.958,6
I9fwYddK,Sabalenka A.,Anisimova A.,2,2,ou,22.00,over,ft,1.94,4
I9fwYddK,Sabalenka A.,Anisimova A.,2,2,ou,22.00,under,ft,1.865,4
I9fwYddK,Sabalenka A.,Anisimova A.,2,2,ou,22.50,over,ft,2.087,6
I9fwYddK,Sabalenka A.,Anisimova A.,2,2,ou,22.50,under,ft,1.727,6
I9fwYddK,Sabalenka A.,Anisimova A.,2,2,ou,23.00,over,ft,2.188,4
I9fwYddK,Sabalenka A.,Anisimova A.,2,2,ou,23.00,under,ft,1.667,4
I9fwYddK,Sabalenka A.,Anisimova A.,2,2,ou,23.50,over,ft,2.348,4
I9fwYddK,Sabalenka A.,Anisimova A.,2,2,ou,23.50,under,ft,1.548,4
I9fwYddK,Sabalenka A.,Anisimova A.,2,2,ou,24.00,over,ft,2.43,2
I9fwYddK,Sabalenka A.,Anisimova A.,2,2,ou,24.00,under,ft,1.52,2
I9fwYddK,Sabalenka A.,Anisimova A.,2,2,ou,24.50,over,ft,2.355,4
I9fwYddK,Sabalenka A.,Anisimova A.,2,2,ou,24.50,under,ft,1.565,4
I9fwYddK,Sabalenka A.,Anisimova A.,2,2,ou,25.00,over,ft,2.61,2
I9fwYddK,Sabalenka A.,Anisimova A.,2,2,ou,25.00,under,ft,1.445,2
I9fwYddK,Sabalenka A.,Anisimova A.,2,2,ou,25.50,over,ft,2.69,2
I9fwYddK,Sabalenka A.,Anisimova A.,2,2,ou,25.50,under,ft,1.415,2
I9fwYddK,Sabalenka A.,Anisimova A.,2,2,ou,26.00,over,ft,2.75,1
I9fwYddK,Sabalenka A.,Anisimova A.,2,2,ou,26.00,under,ft,1.44,1
I9fwYddK,Sabalenka A.,Anisimova A.,2,2,ou,26.50,over,ft,2.935,2
I9fwYddK,Sabalenka A.,Anisimova A.,2,2,ou,26.50,under,ft,1.41,2
I9fwYddK,Sabalenka A.,Anisimova A.,2,2,hc,1.50,home,ft,1.188,4
I9fwYddK,Sabalenka A.,Anisimova A.,2,2,hc,1.50,away,ft,4.978,4
I9fwYddK,Sabalenka A.,Anisimova A.,2,2,hc,-1.50,home,ft,2.172,5
I9fwYddK,Sabalenka A.,Anisimova A.,2,2,hc,-1.50,away,ft,1.692,5
I9fwYddK,Sabalenka A.,Anisimova A.,2,2,hc,0,home,ft,1.4,1
I9fwYddK,Sabalenka A.,Anisimova A.,2,2,hc,0,away,ft,2.9,1
I9fwYddK,Sabalenka A.,Anisimova A.,2,2,hc,12.00,home,ft,1.34,1
I9fwYddK,Sabalenka A.,Anisimova A.,2,2,hc,12.00,away,ft,2.09,1
I9fwYddK,Sabalenka A.,Anisimova A.,2,2,hc,12.50,home,ft,1.95,1
I9fwYddK,Sabalenka A.,Anisimova A.,2,2,hc,12.50,away,ft,1.58,1
I9fwYddK,Sabalenka A.,Anisimova A.,2,2,hc,0.50,home,ft,1.38,1
I9fwYddK,Sabalenka A.,Anisimova A.,2,2,hc,0.50,away,ft,2.99,1
I9fwYddK,Sabalenka A.,Anisimova A.,2,2,hc,-0.50,home,ft,1.445,2
I9fwYddK,Sabalenka A.,Anisimova A.,2,2,hc,-0.50,away,ft,2.72,2
I9fwYddK,Sabalenka A.,Anisimova A.,2,2,hc,1.00,home,ft,1.39,1
I9fwYddK,Sabalenka A.,Anisimova A.,2,2,hc,1.00,away,ft,2.69,1
I9fwYddK,Sabalenka A.,Anisimova A.,2,2,hc,-1.00,home,ft,1.47,2
I9fwYddK,Sabalenka A.,Anisimova A.,2,2,hc,-1.00,away,ft,2.64,2
I9fwYddK,Sabalenka A.,Anisimova A.,2,2,hc,1.50,home,ft,1.345,2
I9fwYddK,Sabalenka A.,Anisimova A.,2,2,hc,1.50,away,ft,3.255,2
I9fwYddK,Sabalenka A.,Anisimova A.,2,2,hc,-1.50,home,ft,1.55,4
I9fwYddK,Sabalenka A.,Anisimova A.,2,2,hc,-1.50,away,ft,2.428,4
I9fwYddK,Sabalenka A.,Anisimova A.,2,2,hc,-2.00,home,ft,1.653,3
I9fwYddK,Sabalenka A.,Anisimova A.,2,2,hc,-2.00,away,ft,2.283,3
I9fwYddK,Sabalenka A.,Anisimova A.,2,2,hc,-2.50,home,ft,1.726,5
I9fwYddK,Sabalenka A.,Anisimova A.,2,2,hc,-2.50,away,ft,2.106,5
I9fwYddK,Sabalenka A.,Anisimova A.,2,2,hc,-3.00,home,ft,1.903,3
I9fwYddK,Sabalenka A.,Anisimova A.,2,2,hc,-3.00,away,ft,1.95,3
I9fwYddK,Sabalenka A.,Anisimova A.,2,2,hc,-3.50,home,ft,2.002,4
I9fwYddK,Sabalenka A.,Anisimova A.,2,2,hc,-3.50,away,ft,1.825,4
I9fwYddK,Sabalenka A.,Anisimova A.,2,2,hc,-4.00,home,ft,2.383,3
I9fwYddK,Sabalenka A.,Anisimova A.,2,2,hc,-4.00,away,ft,1.61,3
I9fwYddK,Sabalenka A.,Anisimova A.,2,2,hc,-4.50,home,ft,2.424,5
I9fwYddK,Sabalenka A.,Anisimova A.,2,2,hc,-4.50,away,ft,1.554,5
I9fwYddK,Sabalenka A.,Anisimova A.,2,2,hc,-5.00,home,ft,2.875,2
I9fwYddK,Sabalenka A.,Anisimova A.,2,2,hc,-5.00,away,ft,1.415,2
I9fwYddK,Sabalenka A.,Anisimova A.,2,2,hc,-5.50,home,ft,3.422,4
I9fwYddK,Sabalenka A.,Anisimova A.,2,2,hc,-5.50,away,ft,1.308,4
I9fwYddK,Sabalenka A.,Anisimova A.,2,2,hc,-6.00,home,ft,4.43,2
I9fwYddK,Sabalenka A.,Anisimova A.,2,2,hc,-6.00,away,ft,1.205,2
I9fwYddK,Sabalenka A.,Anisimova A.,2,2,hc,-6.50,home,ft,4.875,2
I9fwYddK,Sabalenka A.,Anisimova A.,2,2,hc,-6.50,away,ft,1.175,2
I9fwYddK,Sabalenka A.,Anisimova A.,2,2,hc,-7.00,home,ft,9.2,1
I9fwYddK,Sabalenka A.,Anisimova A.,2,2,hc,-7.00,away,ft,1.05,1
I9fwYddK,Sabalenka A.,Anisimova A.,2,2,hc,-7.50,home,ft,9.8,1
I9fwYddK,Sabalenka A.,Anisimova A.,2,2,hc,-7.50,away,ft,1.05,1
Eut9SzKs,Pegula J.,Rybakina E.,1,1,ou,2.50,over,ft,2.415,2
Eut9SzKs,Pegula J.,Rybakina E.,1,1,ou,2.50,under,ft,1.62,2
Eut9SzKs,Pegula J.,Rybakina E.,1,1,ou,17.50,over,ft,1.145,2
Eut9SzKs,Pegula J.,Rybakina E.,1,1,ou,17.50,under,ft,4.875,2
Eut9SzKs,Pegula J.,Rybakina E.,1,1,ou,18.00,over,ft,1.165,2
Eut9SzKs,Pegula J.,Rybakina E.,1,1,ou,18.00,under,ft,4.565,2
Eut9SzKs,Pegula J.,Rybakina E.,1,1,ou,18.50,over,ft,1.263,3
Eut9SzKs,Pegula J.,Rybakina E.,1,1,ou,18.50,under,ft,3.683,3
Eut9SzKs,Pegula J.,Rybakina E.,1,1,ou,19.00,over,ft,1.31,2
Eut9SzKs,Pegula J.,Rybakina E.,1,1,ou,19.00,under,ft,3.25,2
Eut9SzKs,Pegula J.,Rybakina E.,1,1,ou,19.50,over,ft,1.443,3
Eut9SzKs,Pegula J.,Rybakina E.,1,1,ou,19.50,under,ft,2.667,3
Eut9SzKs,Pegula J.,Rybakina E.,1,1,ou,20.00,over,ft,1.5,2
Eut9SzKs,Pegula J.,Rybakina E.,1,1,ou,20.00,under,ft,2.51,2
Eut9SzKs,Pegula J.,Rybakina E.,1,1,ou,20.50,over,ft,1.58,6
Eut9SzKs,Pegula J.,Rybakina E.,1,1,ou,20.50,under,ft,2.307,6
Eut9SzKs,Pegula J.,Rybakina E.,1,1,ou,21.00,over,ft,1.667,4
Eut9SzKs,Pegula J.,Rybakina E.,1,1,ou,21.00,under,ft,2.215,4
Eut9SzKs,Pegula J.,Rybakina E.,1,1,ou,21.50,over,ft,1.755,6
Eut9SzKs,Pegula J.,Rybakina E.,1,1,ou,21.50,under,ft,2.065,6
Eut9SzKs,Pegula J.,Rybakina E.,1,1,ou,22.00,over,ft,1.893,4
Eut9SzKs,Pegula J.,Rybakina E.,1,1,ou,22.00,under,ft,1.922,4
Eut9SzKs,Pegula J.,Rybakina E.,1,1,ou,22.50,over,ft,1.98,6
Eut9SzKs,Pegula J.,Rybakina E.,1,1,ou,22.50,under,ft,1.81,6
Eut9SzKs,Pegula J.,Rybakina E.,1,1,ou,23.00,over,ft,2.163,4
Eut9SzKs,Pegula J.,Rybakina E.,1,1,ou,23.00,under,ft,1.695,4
Eut9SzKs,Pegula J.,Rybakina E.,1,1,ou,23.50,over,ft,2.237,6
Eut9SzKs,Pegula J.,Rybakina E.,1,1,ou,23.50,under,ft,1.61,6
Eut9SzKs,Pegula J.,Rybakina E.,1,1,ou,24.00,over,ft,2.365,2
Eut9SzKs,Pegula J.,Rybakina E.,1,1,ou,24.00,under,ft,1.545,2
Eut9SzKs,Pegula J.,Rybakina E.,1,1,ou,24.50,over,ft,2.31,4
Eut9SzKs,Pegula J.,Rybakina E.,1,1,ou,24.50,under,ft,1.587,4
Eut9SzKs,Pegula J.,Rybakina E.,1,1,ou,25.00,over,ft,2.535,2
Eut9SzKs,Pegula J.,Rybakina E.,1,1,ou,25.00,under,ft,1.465,2
Eut9SzKs,Pegula J.,Rybakina E.,1,1,ou,25.50,over,ft,2.61,2
Eut9SzKs,Pegula J.,Rybakina E.,1,1,ou,25.50,under,ft,1.435,2
Eut9SzKs,Pegula J.,Rybakina E.,1,1,ou,26.00,over,ft,2.73,2
Eut9SzKs,Pegula J.,Rybakina E.,1,1,ou,26.00,under,ft,1.41,2
Eut9SzKs,Pegula J.,Rybakina E.,1,1,ou,26.50,over,ft,2.813,3
Eut9SzKs,Pegula J.,Rybakina E.,1,1,ou,26.50,under,ft,1.403,3
Eut9SzKs,Pegula J.,Rybakina E.,1,1,hc,-1.50,home,ft,4.875,4
Eut9SzKs,Pegula J.,Rybakina E.,1,1,hc,-1.50,away,ft,1.182,4
Eut9SzKs,Pegula J.,Rybakina E.,1,1,hc,1.50,home,ft,1.698,5
Eut9SzKs,Pegula J.,Rybakina E.,1,1,hc,1.50,away,ft,2.138,5
Eut9SzKs,Pegula J.,Rybakina E.,1,1,hc,0,home,ft,2.7,2
Eut9SzKs,Pegula J.,Rybakina E.,1,1,hc,0,away,ft,1.46,2
Eut9SzKs,Pegula J.,Rybakina E.,1,1,hc,12.00,home,ft,2.06,1
Eut9SzKs,Pegula J.,Rybakina E.,1,1,hc,12.00,away,ft,1.31,1
Eut9SzKs,Pegula J.,Rybakina E.,1,1,hc,12.50,home,ft,1.59,1
Eut9SzKs,Pegula J.,Rybakina E.,1,1,hc,12.50,away,ft,1.96,1
Eut9SzKs,Pegula J.,Rybakina E.,1,1,hc,-0.50,home,ft,2.78,2
Eut9SzKs,Pegula J.,Rybakina E.,1,1,hc,-0.50,away,ft,1.435,2
Eut9SzKs,Pegula J.,Rybakina E.,1,1,hc,0.50,home,ft,2.513,3
Eut9SzKs,Pegula J.,Rybakina E.,1,1,hc,0.50,away,ft,1.507,3
Eut9SzKs,Pegula J.,Rybakina E.,1,1,hc,-1.00,home,ft,2.82,1
Eut9SzKs,Pegula J.,Rybakina E.,1,1,hc,-1.00,away,ft,1.42,1
Eut9SzKs,Pegula J.,Rybakina E.,1,1,hc,1.00,home,ft,2.51,2
Eut9SzKs,Pegula J.,Rybakina E.,1,1,hc,1.00,away,ft,1.515,2
Eut9SzKs,Pegula J.,Rybakina E.,1,1,hc,-1.50,home,ft,3.17,3
Eut9SzKs,Pegula J.,Rybakina E.,1,1,hc,-1.50,away,ft,1.36,3
Eut9SzKs,Pegula J.,Rybakina E.,1,1,hc,1.50,home,ft,2.404,5
Eut9SzKs,Pegula J.,Rybakina E.,1,1,hc,1.50,away,ft,1.554,5
Eut9SzKs,Pegula J.,Rybakina E.,1,1,hc,2.00,home,ft,2.283,3
Eut9SzKs,Pegula J.,Rybakina E.,1,1,hc,2.00,away,ft,1.627,3
Eut9SzKs,Pegula J.,Rybakina E.,1,1,hc,2.50,home,ft,2.184,5
Eut9SzKs,Pegula J.,Rybakina E.,1,1,hc,2.50,away,ft,1.674,5
Eut9SzKs,Pegula J.,Rybakina E.,1,1,hc,3.00,home,ft,2.043,3
Eut9SzKs,Pegula J.,Rybakina E.,1,1,hc,3.00,away,ft,1.803,3
Eut9SzKs,Pegula J.,Rybakina E.,1,1,hc,3.50,home,ft,1.806,5
Eut9SzKs,Pegula J.,Rybakina E.,1,1,hc,3.50,away,ft,1.972,5
Eut9SzKs,Pegula J.,Rybakina E.,1,1,hc,4.00,home,ft,1.687,3
Eut9SzKs,Pegula J.,Rybakina E.,1,1,hc,4.00,away,ft,2.22,3
Eut9SzKs,Pegula J.,Rybakina E.,1,1,hc,4.50,home,ft,1.566,5
Eut9SzKs,Pegula J.,Rybakina E.,1,1,hc,4.50,away,ft,2.404,5
Eut9SzKs,Pegula J.,Rybakina E.,1,1,hc,5.00,home,ft,1.365,2
Eut9SzKs,Pegula J.,Rybakina E.,1,1,hc,5.00,away,ft,3.06,2
Eut9SzKs,Pegula J.,Rybakina E.,1,1,hc,5.50,home,ft,1.298,4
Eut9SzKs,Pegula J.,Rybakina E.,1,1,hc,5.50,away,ft,3.478,4
Eut9SzKs,Pegula J.,Rybakina E.,1,1,hc,6.00,home,ft,1.185,2
Eut9SzKs,Pegula J.,Rybakina E.,1,1,hc,6.00,away,ft,4.7,2
Eut9SzKs,Pegula J.,Rybakina E.,1,1,hc,6.50,home,ft,1.16,2
Eut9SzKs,Pegula J.,Rybakina E.,1,1,hc,6.50,away,ft,5.115,2
Eut9SzKs,Pegula J.,Rybakina E.,1,1,hc,7.00,home,ft,1.05,1
Eut9SzKs,Pegula J.,Rybakina E.,1,1,hc,7.00,away,ft,9.4,1
Eut9SzKs,Pegula J.,Rybakina E.,1,1,hc,7.50,home,ft,1.04,1
Eut9SzKs,Pegula J.,Rybakina E.,1,1,hc,7.50,away,ft,10.0,1
fma7UmeD,Sabalenka A.,Gauff C.,2,2,ou,2.50,over,ft,2.423,3
fma7UmeD,Sabalenka A.,Gauff C.,2,2,ou,2.50,under,ft,1.587,3
fma7UmeD,Sabalenka A.,Gauff C.,2,2,ou,17.50,over,ft,1.14,1
fma7UmeD,Sabalenka A.,Gauff C.,2,2,ou,17.50,under,ft,4.45,1
fma7UmeD,Sabalenka A.,Gauff C.,2,2,ou,18.00,over,ft,1.16,1
fma7UmeD,Sabalenka A.,Gauff C.,2,2,ou,18.00,under,ft,4.1,1
fma7UmeD,Sabalenka A.,Gauff C.,2,2,ou,18.50,over,ft,1.303,3
fma7UmeD,Sabalenka A.,Gauff C.,2,2,ou,18.50,under,ft,3.28,3
fma7UmeD,Sabalenka A.,Gauff C.,2,2,ou,19.00,over,ft,1.32,1
fma7UmeD,Sabalenka A.,Gauff C.,2,2,ou,19.00,under,ft,2.92,1
fma7UmeD,Sabalenka A.,Gauff C.,2,2,ou,19.50,over,ft,1.425,2
fma7UmeD,Sabalenka A.,Gauff C.,2,2,ou,19.50,under,ft,2.655,2
fma7UmeD,Sabalenka A.,Gauff C.,2,2,ou,20.00,over,ft,1.51,1
fma7UmeD,Sabalenka A.,Gauff C.,2,2,ou,20.00,under,ft,2.35,1
fma7UmeD,Sabalenka A.,Gauff C.,2,2,ou,20.50,over,ft,1.646,5
fma7UmeD,Sabalenka A.,Gauff C.,2,2,ou,20.50,under,ft,2.18,5
fma7UmeD,Sabalenka A.,Gauff C.,2,2,ou,21.00,over,ft,1.718,4
fma7UmeD,Sabalenka A.,Gauff C.,2,2,ou,21.00,under,ft,2.11,4
fma7UmeD,Sabalenka A.,Gauff C.,2,2,ou,21.50,over,ft,1.837,6
fma7UmeD,Sabalenka A.,Gauff C.,2,2,ou,21.50,under,ft,1.958,6
fma7UmeD,Sabalenka A.,Gauff C.,2,2,ou,22.00,over,ft,1.95,4
fma7UmeD,Sabalenka A.,Gauff C.,2,2,ou,22.00,under,ft,1.853,4
fma7UmeD,Sabalenka A.,Gauff C.,2,2,ou,22.50,over,ft,2.075,6
fma7UmeD,Sabalenka A.,Gauff C.,2,2,ou,22.50,under,ft,1.737,6
fma7UmeD,Sabalenka A.,Gauff C.,2,2,ou,23.00,over,ft,2.192,4
fma7UmeD,Sabalenka A.,Gauff C.,2,2,ou,23.00,under,ft,1.657,4
fma7UmeD,Sabalenka A.,Gauff C.,2,2,ou,23.50,over,ft,2.277,4
fma7UmeD,Sabalenka A.,Gauff C.,2,2,ou,23.50,under,ft,1.558,4
fma7UmeD,Sabalenka A.,Gauff C.,2,2,ou,24.00,over,ft,2.36,1
fma7UmeD,Sabalenka A.,Gauff C.,2,2,ou,24.00,under,ft,1.48,1
fma7UmeD,Sabalenka A.,Gauff C.,2,2,ou,24.50,over,ft,2.38,5
fma7UmeD,Sabalenka A.,Gauff C.,2,2,ou,24.50,under,ft,1.536,5
fma7UmeD,Sabalenka A.,Gauff C.,2,2,ou,25.00,over,ft,2.52,1
fma7UmeD,Sabalenka A.,Gauff C.,2,2,ou,25.00,under,ft,1.41,1
fma7UmeD,Sabalenka A.,Gauff C.,2,2,ou,25.50,over,ft,2.63,1
fma7UmeD,Sabalenka A.,Gauff C.,2,2,ou,25.50,under,ft,1.38,1
fma7UmeD,Sabalenka A.,Gauff C.,2,2,ou,26.50,over,ft,3.045,4
fma7UmeD,Sabalenka A.,Gauff C.,2,2,ou,26.50,under,ft,1.35,4
fma7UmeD,Sabalenka A.,Gauff C.,2,2,ou,27.50,over,ft,3.62,1
fma7UmeD,Sabalenka A.,Gauff C.,2,2,ou,27.50,under,ft,1.22,1
fma7UmeD,Sabalenka A.,Gauff C.,2,2,hc,1.50,home,ft,1.198,4
fma7UmeD,Sabalenka A.,Gauff C.,2,2,hc,1.50,away,ft,4.505,4
fma7UmeD,Sabalenka A.,Gauff C.,2,2,hc,-1.50,home,ft,2.22,5
fma7UmeD,Sabalenka A.,Gauff C.,2,2,hc,-1.50,away,ft,1.634,5
fma7UmeD,Sabalenka A.,Gauff C.,2,2,hc,0,home,ft,1.45,1
fma7UmeD,Sabalenka A.,Gauff C.,2,2,hc,0,away,ft,2.59,1
fma7UmeD,Sabalenka A.,Gauff C.,2,2,hc,12.00,home,ft,1.38,1
fma7UmeD,Sabalenka A.,Gauff C.,2,2,hc,12.00,away,ft,2.1,1
fma7UmeD,Sabalenka A.,Gauff C.,2,2,hc,12.50,home,ft,1.86,1
fma7UmeD,Sabalenka A.,Gauff C.,2,2,hc,12.50,away,ft,1.56,1
fma7UmeD,Sabalenka A.,Gauff C.,2,2,hc,0.50,home,ft,1.52,2
fma7UmeD,Sabalenka A.,Gauff C.,2,2,hc,0.50,away,ft,2.44,2
fma7UmeD,Sabalenka A.,Gauff C.,2,2,hc,-0.50,home,ft,1.664,5
fma7UmeD,Sabalenka A.,Gauff C.,2,2,hc,-0.50,away,ft,2.184,5
fma7UmeD,Sabalenka A.,Gauff C.,2,2,hc,1.00,home,ft,1.38,1
fma7UmeD,Sabalenka A.,Gauff C.,2,2,hc,1.00,away,ft,2.7,1
fma7UmeD,Sabalenka A.,Gauff C.,2,2,hc,-1.00,home,ft,1.68,3
fma7UmeD,Sabalenka A.,Gauff C.,2,2,hc,-1.00,away,ft,2.19,3
fma7UmeD,Sabalenka A.,Gauff C.,2,2,hc,1.50,home,ft,1.39,3
fma7UmeD,Sabalenka A.,Gauff C.,2,2,hc,1.50,away,ft,2.93,3
fma7UmeD,Sabalenka A.,Gauff C.,2,2,hc,-1.50,home,ft,1.586,5
fma7UmeD,Sabalenka A.,Gauff C.,2,2,hc,-1.50,away,ft,2.294,5
fma7UmeD,Sabalenka A.,Gauff C.,2,2,hc,2.00,home,ft,1.46,1
fma7UmeD,Sabalenka A.,Gauff C.,2,2,hc,2.00,away,ft,2.56,1
fma7UmeD,Sabalenka A.,Gauff C.,2,2,hc,-2.00,home,ft,1.67,3
fma7UmeD,Sabalenka A.,Gauff C.,2,2,hc,-2.00,away,ft,2.207,3
fma7UmeD,Sabalenka A.,Gauff C.,2,2,hc,2.50,home,ft,1.43,1
fma7UmeD,Sabalenka A.,Gauff C.,2,2,hc,2.50,away,ft,2.66,1
fma7UmeD,Sabalenka A.,Gauff C.,2,2,hc,-2.50,home,ft,1.74,5
fma7UmeD,Sabalenka A.,Gauff C.,2,2,hc,-2.50,away,ft,2.052,5
fma7UmeD,Sabalenka A.,Gauff C.,2,2,hc,-3.00,home,ft,1.877,3
fma7UmeD,Sabalenka A.,Gauff C.,2,2,hc,-3.00,away,ft,1.943,3
fma7UmeD,Sabalenka A.,Gauff C.,2,2,hc,-3.50,home,ft,2.008,5
fma7UmeD,Sabalenka A.,Gauff C.,2,2,hc,-3.50,away,ft,1.778,5
fma7UmeD,Sabalenka A.,Gauff C.,2,2,hc,-4.00,home,ft,2.277,3
fma7UmeD,Sabalenka A.,Gauff C.,2,2,hc,-4.00,away,ft,1.633,3
fma7UmeD,Sabalenka A.,Gauff C.,2,2,hc,-4.50,home,ft,2.433,3
fma7UmeD,Sabalenka A.,Gauff C.,2,2,hc,-4.50,away,ft,1.507,3
fma7UmeD,Sabalenka A.,Gauff C.,2,2,hc,-5.00,home,ft,3.08,1
fma7UmeD,Sabalenka A.,Gauff C.,2,2,hc,-5.00,away,ft,1.33,1
fma7UmeD,Sabalenka A.,Gauff C.,2,2,hc,-5.50,home,ft,3.37,4
fma7UmeD,Sabalenka A.,Gauff C.,2,2,hc,-5.50,away,ft,1.305,4
fma7UmeD,Sabalenka A.,Gauff C.,2,2,hc,-6.00,home,ft,4.75,1
fma7UmeD,Sabalenka A.,Gauff C.,2,2,hc,-6.00,away,ft,1.16,1
fma7UmeD,Sabalenka A.,Gauff C.,2,2,hc,-6.50,home,ft,5.2,1
fma7UmeD,Sabalenka A.,Gauff C.,2,2,hc,-6.50,away,ft,1.13,1
fma7UmeD,Sabalenka A.,Gauff C.,2,2,hc,-7.00,home,ft,8.4,1
fma7UmeD,Sabalenka A.,Gauff C.,2,2,hc,-7.00,away,ft,1.05,1
fma7UmeD,Sabalenka A.,Gauff C.,2,2,hc,-7.50,home,ft,8.9,1
fma7UmeD,Sabalenka A.,Gauff C.,2,2,hc,-7.50,away,ft,1.04,1
Y7R7cnPa,Pegula J.,Paolini J.,2,2,ou,2.50,over,ft,3.035,2
Y7R7cnPa,Pegula J.,Paolini J.,2,2,ou,2.50,under,ft,1.41,2
Y7R7cnPa,Pegula J.,Paolini J.,2,2,ou,16.50,over,ft,1.14,3
Y7R7cnPa,Pegula J.,Paolini J.,2,2,ou,16.50,under,ft,5.187,3
Y7R7cnPa,Pegula J.,Paolini J.,2,2,ou,17.00,over,ft,1.16,1
Y7R7cnPa,Pegula J.,Paolini J.,2,2,ou,17.00,under,ft,4.15,1
Y7R7cnPa,Pegula J.,Paolini J.,2,2,ou,17.50,over,ft,1.28,1
Y7R7cnPa,Pegula J.,Paolini J.,2,2,ou,17.50,under,ft,3.08,1
Y7R7cnPa,Pegula J.,Paolini J.,2,2,ou,18.00,over,ft,1.34,1
Y7R7cnPa,Pegula J.,Paolini J.,2,2,ou,18.00,under,ft,2.83,1
Y7R7cnPa,Pegula J.,Paolini J.,2,2,ou,18.50,over,ft,1.502,4
Y7R7cnPa,Pegula J.,Paolini J.,2,2,ou,18.50,under,ft,2.492,4
Y7R7cnPa,Pegula J.,Paolini J.,2,2,ou,19.00,over,ft,1.595,4
Y7R7cnPa,Pegula J.,Paolini J.,2,2,ou,19.00,under,ft,2.31,4
Y7R7cnPa,Pegula J.,Paolini J.,2,2,ou,19.50,over,ft,1.713,6
Y7R7cnPa,Pegula J.,Paolini J.,2,2,ou,19.50,under,ft,2.083,6
Y7R7cnPa,Pegula J.,Paolini J.,2,2,ou,20.00,over,ft,1.865,4
Y7R7cnPa,Pegula J.,Paolini J.,2,2,ou,20.00,under,ft,1.932,4
Y7R7cnPa,Pegula J.,Paolini J.,2,2,ou,20.50,over,ft,1.98,6
Y7R7cnPa,Pegula J.,Paolini J.,2,2,ou,20.50,under,ft,1.817,6
Y7R7cnPa,Pegula J.,Paolini J.,2,2,ou,21.00,over,ft,2.127,4
Y7R7cnPa,Pegula J.,Paolini J.,2,2,ou,21.00,under,ft,1.705,4
Y7R7cnPa,Pegula J.,Paolini J.,2,2,ou,21.50,over,ft,2.162,6
Y7R7cnPa,Pegula J.,Paolini J.,2,2,ou,21.50,under,ft,1.658,6
Y7R7cnPa,Pegula J.,Paolini J.,2,2,ou,22.00,over,ft,2.208,4
Y7R7cnPa,Pegula J.,Paolini J.,2,2,ou,22.00,under,ft,1.63,4
Y7R7cnPa,Pegula J.,Paolini J.,2,2,ou,22.50,over,ft,2.413,6
Y7R7cnPa,Pegula J.,Paolini J.,2,2,ou,22.50,under,ft,1.525,6
Y7R7cnPa,Pegula J.,Paolini J.,2,2,ou,23.00,over,ft,2.313,3
Y7R7cnPa,Pegula J.,Paolini J.,2,2,ou,23.00,under,ft,1.6,3
Y7R7cnPa,Pegula J.,Paolini J.,2,2,ou,23.50,over,ft,2.565,2
Y7R7cnPa,Pegula J.,Paolini J.,2,2,ou,23.50,under,ft,1.43,2
Y7R7cnPa,Pegula J.,Paolini J.,2,2,ou,24.00,over,ft,2.74,1
Y7R7cnPa,Pegula J.,Paolini J.,2,2,ou,24.00,under,ft,1.35,1
Y7R7cnPa,Pegula J.,Paolini J.,2,2,ou,24.50,over,ft,2.987,3
Y7R7cnPa,Pegula J.,Paolini J.,2,2,ou,24.50,under,ft,1.357,3
Y7R7cnPa,Pegula J.,Paolini J.,2,2,ou,25.00,over,ft,2.74,1
Y7R7cnPa,Pegula J.,Paolini J.,2,2,ou,25.00,under,ft,1.35,1
Y7R7cnPa,Pegula J.,Paolini J.,2,2,ou,25.50,over,ft,2.83,1
Y7R7cnPa,Pegula J.,Paolini J.,2,2,ou,25.50,under,ft,1.33,1
Y7R7cnPa,Pegula J.,Paolini J.,2,2,ou,26.00,over,ft,2.56,1
Y7R7cnPa,Pegula J.,Paolini J.,2,2,ou,26.00,under,ft,1.4,1
Y7R7cnPa,Pegula J.,Paolini J.,2,2,ou,26.50,over,ft,2.69,1
Y7R7cnPa,Pegula J.,Paolini J.,2,2,ou,26.50,under,ft,1.36,1
Y7R7cnPa,Pegula J.,Paolini J.,2,2,ou,27.50,over,ft,3.53,1
Y7R7cnPa,Pegula J.,Paolini J.,2,2,ou,27.50,under,ft,1.24,1
Y7R7cnPa,Pegula J.,Paolini J.,2,2,hc,1.50,home,ft,1.11,4
Y7R7cnPa,Pegula J.,Paolini J.,2,2,hc,1.50,away,ft,6.857,4
Y7R7cnPa,Pegula J.,Paolini J.,2,2,hc,-1.50,home,ft,1.714,5
Y7R7cnPa,Pegula J.,Paolini J.,2,2,hc,-1.50,away,ft,2.122,5
Y7R7cnPa,Pegula J.,Paolini J.,2,2,hc,0,home,ft,1.31,1
Y7R7cnPa,Pegula J.,Paolini J.,2,2,hc,0,away,ft,3.2,1
Y7R7cnPa,Pegula J.,Paolini J.,2,2,hc,12.00,home,ft,1.35,1
Y7R7cnPa,Pegula J.,Paolini J.,2,2,hc,12.00,away,ft,2.31,1
Y7R7cnPa,Pegula J.,Paolini J.,2,2,hc,0.50,home,ft,1.3,1
Y7R7cnPa,Pegula J.,Paolini J.,2,2,hc,0.50,away,ft,3.26,1
Y7R7cnPa,Pegula J.,Paolini J.,2,2,hc,-0.50,home,ft,1.25,1
Y7R7cnPa,Pegula J.,Paolini J.,2,2,hc,-0.50,away,ft,3.62,1
Y7R7cnPa,Pegula J.,Paolini J.,2,2,hc,1.00,home,ft,1.4,1
Y7R7cnPa,Pegula J.,Paolini J.,2,2,hc,1.00,away,ft,2.64,1
Y7R7cnPa,Pegula J.,Paolini J.,2,2,hc,-1.00,home,ft,1.26,1
Y7R7cnPa,Pegula J.,Paolini J.,2,2,hc,-1.00,away,ft,3.54,1
Y7R7cnPa,Pegula J.,Paolini J.,2,2,hc,-1.50,home,ft,1.343,4
Y7R7cnPa,Pegula J.,Paolini J.,2,2,hc,-1.50,away,ft,3.178,4
Y7R7cnPa,Pegula J.,Paolini J.,2,2,hc,-2.00,home,ft,1.32,1
Y7R7cnPa,Pegula J.,Paolini J.,2,2,hc,-2.00,away,ft,3.14,1
Y7R7cnPa,Pegula J.,Paolini J.,2,2,hc,-2.50,home,ft,1.498,5
Y7R7cnPa,Pegula J.,Paolini J.,2,2,hc,-2.50,away,ft,2.568,5
Y7R7cnPa,Pegula J.,Paolini J.,2,2,hc,-3.00,home,ft,1.5,3
Y7R7cnPa,Pegula J.,Paolini J.,2,2,hc,-3.00,away,ft,2.577,3
Y7R7cnPa,Pegula J.,Paolini J.,2,2,hc,-3.50,home,ft,1.516,5
Y7R7cnPa,Pegula J.,Paolini J.,2,2,hc,-3.50,away,ft,2.482,5
Y7R7cnPa,Pegula J.,Paolini J.,2,2,hc,-4.00,home,ft,1.613,3
Y7R7cnPa,Pegula J.,Paolini J.,2,2,hc,-4.00,away,ft,2.317,3
Y7R7cnPa,Pegula J.,Paolini J.,2,2,hc,-4.50,home,ft,1.878,5
Y7R7cnPa,Pegula J.,Paolini J.,2,2,hc,-4.50,away,ft,1.924,5
Y7R7cnPa,Pegula J.,Paolini J.,2,2,hc,-5.00,home,ft,2.02,3
Y7R7cnPa,Pegula J.,Paolini J.,2,2,hc,-5.00,away,ft,1.8,3
Y7R7cnPa,Pegula J.,Paolini J.,2,2,hc,-5.50,home,ft,2.25,5
Y7R7cnPa,Pegula J.,Paolini J.,2,2,hc,-5.50,away,ft,1.612,5
Y7R7cnPa,Pegula J.,Paolini J.,2,2,hc,-6.00,home,ft,2.9,3
Y7R7cnPa,Pegula J.,Paolini J.,2,2,hc,-6.00,away,ft,1.417,3
Y7R7cnPa,Pegula J.,Paolini J.,2,2,hc,-6.50,home,ft,3.1,2
Y7R7cnPa,Pegula J.,Paolini J.,2,2,hc,-6.50,away,ft,1.335,2
Y7R7cnPa,Pegula J.,Paolini J.,2,2,hc,-7.00,home,ft,4.4,1
Y7R7cnPa,Pegula J.,Paolini J.,2,2,hc,-7.00,away,ft,1.18,1
Y7R7cnPa,Pegula J.,Paolini J.,2,2,hc,-7.50,home,ft,5.417,3
Y7R7cnPa,Pegula J.,Paolini J.,2,2,hc,-7.50,away,ft,1.143,3
Y7R7cnPa,Pegula J.,Paolini J.,2,2,hc,-8.00,home,ft,7.8,1
Y7R7cnPa,Pegula J.,Paolini J.,2,2,hc,-8.00,away,ft,1.06,1
Y7R7cnPa,Pegula J.,Paolini J.,2,2,hc,-8.50,home,ft,8.3,1
Y7R7cnPa,Pegula J.,Paolini J.,2,2,hc,-8.50,away,ft,1.05,1
2mJOg4OO,Swiatek I.,Anisimova A.,1,1,ou,2.50,over,ft,2.685,2
2mJOg4OO,Swiatek I.,Anisimova A.,1,1,ou,2.50,under,ft,1.51,2
2mJOg4OO,Swiatek I.,Anisimova A.,1,1,ou,17.50,over,ft,1.19,1
2mJOg4OO,Swiatek I.,Anisimova A.,1,1,ou,17.50,under,ft,4.76,1
2mJOg4OO,Swiatek I.,Anisimova A.,1,1,ou,18.00,over,ft,1.21,1
2mJOg4OO,Swiatek I.,Anisimova A.,1,1,ou,18.00,under,ft,4.4,1
2mJOg4OO,Swiatek I.,Anisimova A.,1,1,ou,18.50,over,ft,1.387,3
2mJOg4OO,Swiatek I.,Anisimova A.,1,1,ou,18.50,under,ft,3.017,3
2mJOg4OO,Swiatek I.,Anisimova A.,1,1,ou,19.00,over,ft,1.38,1
2mJOg4OO,Swiatek I.,Anisimova A.,1,1,ou,19.00,under,ft,3.06,1
2mJOg4OO,Swiatek I.,Anisimova A.,1,1,ou,19.50,over,ft,1.52,2
2mJOg4OO,Swiatek I.,Anisimova A.,1,1,ou,19.50,under,ft,2.49,2
2mJOg4OO,Swiatek I.,Anisimova A.,1,1,ou,20.00,over,ft,1.65,4
2mJOg4OO,Swiatek I.,Anisimova A.,1,1,ou,20.00,under,ft,2.252,4
2mJOg4OO,Swiatek I.,Anisimova A.,1,1,ou,20.50,over,ft,1.757,6
2mJOg4OO,Swiatek I.,Anisimova A.,1,1,ou,20.50,under,ft,2.043,6
2mJOg4OO,Swiatek I.,Anisimova A.,1,1,ou,21.00,over,ft,1.885,4
2mJOg4OO,Swiatek I.,Anisimova A.,1,1,ou,21.00,under,ft,1.938,4
2mJOg4OO,Swiatek I.,Anisimova A.,1,1,ou,21.50,over,ft,1.97,6
2mJOg4OO,Swiatek I.,Anisimova A.,1,1,ou,21.50,under,ft,1.833,6
2mJOg4OO,Swiatek I.,Anisimova A.,1,1,ou,22.00,over,ft,2.13,4
2mJOg4OO,Swiatek I.,Anisimova A.,1,1,ou,22.00,under,ft,1.725,4
2mJOg4OO,Swiatek I.,Anisimova A.,1,1,ou,22.50,over,ft,2.205,6
2mJOg4OO,Swiatek I.,Anisimova A.,1,1,ou,22.50,under,ft,1.622,6
2mJOg4OO,Swiatek I.,Anisimova A.,1,1,ou,23.00,over,ft,2.23,1
2mJOg4OO,Swiatek I.,Anisimova A.,1,1,ou,23.00,under,ft,1.66,1
2mJOg4OO,Swiatek I.,Anisimova A.,1,1,ou,23.50,over,ft,2.38,2
2mJOg4OO,Swiatek I.,Anisimova A.,1,1,ou,23.50,under,ft,1.56,2
2mJOg4OO,Swiatek I.,Anisimova A.,1,1,ou,24.00,over,ft,2.41,1
2mJOg4OO,Swiatek I.,Anisimova A.,1,1,ou,24.00,under,ft,1.57,1
2mJOg4OO,Swiatek I.,Anisimova A.,1,1,ou,24.50,over,ft,2.653,3
2mJOg4OO,Swiatek I.,Anisimova A.,1,1,ou,24.50,under,ft,1.48,3
2mJOg4OO,Swiatek I.,Anisimova A.,1,1,ou,25.00,over,ft,2.65,1
2mJOg4OO,Swiatek I.,Anisimova A.,1,1,ou,25.00,under,ft,1.48,1
2mJOg4OO,Swiatek I.,Anisimova A.,1,1,ou,25.50,over,ft,2.76,1
2mJOg4OO,Swiatek I.,Anisimova A.,1,1,ou,25.50,under,ft,1.45,1
2mJOg4OO,Swiatek I.,Anisimova A.,1,1,ou,26.50,over,ft,3.24,1
2mJOg4OO,Swiatek I.,Anisimova A.,1,1,ou,26.50,under,ft,1.28,1
2mJOg4OO,Swiatek I.,Anisimova A.,1,1,ou,27.50,over,ft,3.72,1
2mJOg4OO,Swiatek I.,Anisimova A.,1,1,ou,27.50,under,ft,1.21,1
2mJOg4OO,Swiatek I.,Anisimova A.,1,1,hc,1.50,home,ft,1.2,4
2mJOg4OO,Swiatek I.,Anisimova A.,1,1,hc,1.50,away,ft,4.638,4
2mJOg4OO,Swiatek I.,Anisimova A.,1,1,hc,-1.50,home,ft,2.08,5
2mJOg4OO,Swiatek I.,Anisimova A.,1,1,hc,-1.50,away,ft,1.74,5
2mJOg4OO,Swiatek I.,Anisimova A.,1,1,hc,0,home,ft,1.46,1
2mJOg4OO,Swiatek I.,Anisimova A.,1,1,hc,0,away,ft,2.74,1
2mJOg4OO,Swiatek I.,Anisimova A.,1,1,hc,12.00,home,ft,1.44,1
2mJOg4OO,Swiatek I.,Anisimova A.,1,1,hc,12.00,away,ft,2.37,1
2mJOg4OO,Swiatek I.,Anisimova A.,1,1,hc,0.50,home,ft,1.44,1
2mJOg4OO,Swiatek I.,Anisimova A.,1,1,hc,0.50,away,ft,2.81,1
2mJOg4OO,Swiatek I.,Anisimova A.,1,1,hc,-0.50,home,ft,1.5,1
2mJOg4OO,Swiatek I.,Anisimova A.,1,1,hc,-0.50,away,ft,2.58,1
2mJOg4OO,Swiatek I.,Anisimova A.,1,1,hc,1.00,home,ft,1.4,1
2mJOg4OO,Swiatek I.,Anisimova A.,1,1,hc,1.00,away,ft,2.64,1
2mJOg4OO,Swiatek I.,Anisimova A.,1,1,hc,-1.00,home,ft,1.54,1
2mJOg4OO,Swiatek I.,Anisimova A.,1,1,hc,-1.00,away,ft,2.5,1
2mJOg4OO,Swiatek I.,Anisimova A.,1,1,hc,1.50,home,ft,1.34,2
2mJOg4OO,Swiatek I.,Anisimova A.,1,1,hc,1.50,away,ft,3.215,2
2mJOg4OO,Swiatek I.,Anisimova A.,1,1,hc,-1.50,home,ft,1.535,4
2mJOg4OO,Swiatek I.,Anisimova A.,1,1,hc,-1.50,away,ft,2.46,4
2mJOg4OO,Swiatek I.,Anisimova A.,1,1,hc,-2.00,home,ft,1.673,3
2mJOg4OO,Swiatek I.,Anisimova A.,1,1,hc,-2.00,away,ft,2.217,3
2mJOg4OO,Swiatek I.,Anisimova A.,1,1,hc,-2.50,home,ft,1.672,5
2mJOg4OO,Swiatek I.,Anisimova A.,1,1,hc,-2.50,away,ft,2.186,5
2mJOg4OO,Swiatek I.,Anisimova A.,1,1,hc,-3.00,home,ft,1.737,3
2mJOg4OO,Swiatek I.,Anisimova A.,1,1,hc,-3.00,away,ft,2.143,3
2mJOg4OO,Swiatek I.,Anisimova A.,1,1,hc,-3.50,home,ft,1.83,4
2mJOg4OO,Swiatek I.,Anisimova A.,1,1,hc,-3.50,away,ft,1.978,4
2mJOg4OO,Swiatek I.,Anisimova A.,1,1,hc,-4.00,home,ft,2.057,3
2mJOg4OO,Swiatek I.,Anisimova A.,1,1,hc,-4.00,away,ft,1.81,3
2mJOg4OO,Swiatek I.,Anisimova A.,1,1,hc,-4.50,home,ft,2.252,5
2mJOg4OO,Swiatek I.,Anisimova A.,1,1,hc,-4.50,away,ft,1.636,5
2mJOg4OO,Swiatek I.,Anisimova A.,1,1,hc,-5.00,home,ft,2.717,3
2mJOg4OO,Swiatek I.,Anisimova A.,1,1,hc,-5.00,away,ft,1.483,3
2mJOg4OO,Swiatek I.,Anisimova A.,1,1,hc,-5.50,home,ft,2.965,4
2mJOg4OO,Swiatek I.,Anisimova A.,1,1,hc,-5.50,away,ft,1.393,4
2mJOg4OO,Swiatek I.,Anisimova A.,1,1,hc,-6.00,home,ft,4.85,1
2mJOg4OO,Swiatek I.,Anisimova A.,1,1,hc,-6.00,away,ft,1.18,1
2mJOg4OO,Swiatek I.,Anisimova A.,1,1,hc,-6.50,home,ft,5.47,1
2mJOg4OO,Swiatek I.,Anisimova A.,1,1,hc,-6.50,away,ft,1.15,1
2mJOg4OO,Swiatek I.,Anisimova A.,1,1,hc,-7.00,home,ft,10.0,1
2mJOg4OO,Swiatek I.,Anisimova A.,1,1,hc,-7.00,away,ft,1.05,1
2mJOg4OO,Swiatek I.,Anisimova A.,1,1,hc,-7.50,home,ft,11.1,1
2mJOg4OO,Swiatek I.,Anisimova A.,1,1,hc,-7.50,away,ft,1.04,1
pxpMLO4F,Rybakina E.,Alexandrova E.,2,2,ou,2.50,over,ft,2.56,3
pxpMLO4F,Rybakina E.,Alexandrova E.,2,2,ou,2.50,under,ft,1.517,3
pxpMLO4F,Rybakina E.,Alexandrova E.,2,2,ou,17.50,over,ft,1.16,2
pxpMLO4F,Rybakina E.,Alexandrova E.,2,2,ou,17.50,under,ft,4.42,2
pxpMLO4F,Rybakina E.,Alexandrova E.,2,2,ou,18.00,over,ft,1.185,2
pxpMLO4F,Rybakina E.,Alexandrova E.,2,2,ou,18.00,under,ft,4.115,2
pxpMLO4F,Rybakina E.,Alexandrova E.,2,2,ou,18.50,over,ft,1.295,2
pxpMLO4F,Rybakina E.,Alexandrova E.,2,2,ou,18.50,under,ft,3.165,2
pxpMLO4F,Rybakina E.,Alexandrova E.,2,2,ou,19.00,over,ft,1.34,2
pxpMLO4F,Rybakina E.,Alexandrova E.,2,2,ou,19.00,under,ft,2.96,2
pxpMLO4F,Rybakina E.,Alexandrova E.,2,2,ou,19.50,over,ft,1.46,3
pxpMLO4F,Rybakina E.,Alexandrova E.,2,2,ou,19.50,under,ft,2.547,3
pxpMLO4F,Rybakina E.,Alexandrova E.,2,2,ou,20.00,over,ft,1.53,2
pxpMLO4F,Rybakina E.,Alexandrova E.,2,2,ou,20.00,under,ft,2.345,2
pxpMLO4F,Rybakina E.,Alexandrova E.,2,2,ou,20.50,over,ft,1.642,5
pxpMLO4F,Rybakina E.,Alexandrova E.,2,2,ou,20.50,under,ft,2.198,5
pxpMLO4F,Rybakina E.,Alexandrova E.,2,2,ou,21.00,over,ft,1.712,4
pxpMLO4F,Rybakina E.,Alexandrova E.,2,2,ou,21.00,under,ft,2.107,4
pxpMLO4F,Rybakina E.,Alexandrova E.,2,2,ou,21.50,over,ft,1.806,5
pxpMLO4F,Rybakina E.,Alexandrova E.,2,2,ou,21.50,under,ft,1.99,5
pxpMLO4F,Rybakina E.,Alexandrova E.,2,2,ou,22.00,over,ft,1.952,4
pxpMLO4F,Rybakina E.,Alexandrova E.,2,2,ou,22.00,under,ft,1.833,4
pxpMLO4F,Rybakina E.,Alexandrova E.,2,2,ou,22.50,over,ft,2.084,5
pxpMLO4F,Rybakina E.,Alexandrova E.,2,2,ou,22.50,under,ft,1.704,5
pxpMLO4F,Rybakina E.,Alexandrova E.,2,2,ou,23.00,over,ft,2.21,4
pxpMLO4F,Rybakina E.,Alexandrova E.,2,2,ou,23.00,under,ft,1.64,4
pxpMLO4F,Rybakina E.,Alexandrova E.,2,2,ou,23.50,over,ft,2.262,5
pxpMLO4F,Rybakina E.,Alexandrova E.,2,2,ou,23.50,under,ft,1.602,5
pxpMLO4F,Rybakina E.,Alexandrova E.,2,2,ou,24.00,over,ft,2.375,2
pxpMLO4F,Rybakina E.,Alexandrova E.,2,2,ou,24.00,under,ft,1.505,2
pxpMLO4F,Rybakina E.,Alexandrova E.,2,2,ou,24.50,over,ft,2.353,4
pxpMLO4F,Rybakina E.,Alexandrova E.,2,2,ou,24.50,under,ft,1.525,4
pxpMLO4F,Rybakina E.,Alexandrova E.,2,2,ou,25.00,over,ft,2.55,2
pxpMLO4F,Rybakina E.,Alexandrova E.,2,2,ou,25.00,under,ft,1.44,2
pxpMLO4F,Rybakina E.,Alexandrova E.,2,2,ou,25.50,over,ft,2.645,2
pxpMLO4F,Rybakina E.,Alexandrova E.,2,2,ou,25.50,under,ft,1.41,2
pxpMLO4F,Rybakina E.,Alexandrova E.,2,2,ou,26.50,over,ft,2.75,1
pxpMLO4F,Rybakina E.,Alexandrova E.,2,2,ou,26.50,under,ft,1.4,1
pxpMLO4F,Rybakina E.,Alexandrova E.,2,2,hc,1.50,home,ft,1.142,4
pxpMLO4F,Rybakina E.,Alexandrova E.,2,2,hc,1.50,away,ft,5.41,4
pxpMLO4F,Rybakina E.,Alexandrova E.,2,2,hc,-1.50,home,ft,1.992,4
pxpMLO4F,Rybakina E.,Alexandrova E.,2,2,hc,-1.50,away,ft,1.805,4
pxpMLO4F,Rybakina E.,Alexandrova E.,2,2,hc,0,home,ft,1.32,1
pxpMLO4F,Rybakina E.,Alexandrova E.,2,2,hc,0,away,ft,3.14,1
pxpMLO4F,Rybakina E.,Alexandrova E.,2,2,hc,12.00,home,ft,1.27,1
pxpMLO4F,Rybakina E.,Alexandrova E.,2,2,hc,12.00,away,ft,2.16,1
pxpMLO4F,Rybakina E.,Alexandrova E.,2,2,hc,0.50,home,ft,1.3,1
pxpMLO4F,Rybakina E.,Alexandrova E.,2,2,hc,0.50,away,ft,3.26,1
pxpMLO4F,Rybakina E.,Alexandrova E.,2,2,hc,-0.50,home,ft,1.36,1
pxpMLO4F,Rybakina E.,Alexandrova E.,2,2,hc,-0.50,away,ft,2.94,1
pxpMLO4F,Rybakina E.,Alexandrova E.,2,2,hc,-1.00,home,ft,1.38,1
pxpMLO4F,Rybakina E.,Alexandrova E.,2,2,hc,-1.00,away,ft,2.85,1
pxpMLO4F,Rybakina E.,Alexandrova E.,2,2,hc,-1.50,home,ft,1.44,2
pxpMLO4F,Rybakina E.,Alexandrova E.,2,2,hc,-1.50,away,ft,2.655,2
pxpMLO4F,Rybakina E.,Alexandrova E.,2,2,hc,-2.00,home,ft,1.535,2
pxpMLO4F,Rybakina E.,Alexandrova E.,2,2,hc,-2.00,away,ft,2.465,2
pxpMLO4F,Rybakina E.,Alexandrova E.,2,2,hc,-2.50,home,ft,1.585,4
pxpMLO4F,Rybakina E.,Alexandrova E.,2,2,hc,-2.50,away,ft,2.34,4
pxpMLO4F,Rybakina E.,Alexandrova E.,2,2,hc,-3.00,home,ft,1.617,3
pxpMLO4F,Rybakina E.,Alexandrova E.,2,2,hc,-3.00,away,ft,2.293,3
pxpMLO4F,Rybakina E.,Alexandrova E.,2,2,hc,-3.50,home,ft,1.777,4
pxpMLO4F,Rybakina E.,Alexandrova E.,2,2,hc,-3.50,away,ft,2.027,4
pxpMLO4F,Rybakina E.,Alexandrova E.,2,2,hc,-4.00,home,ft,1.967,3
pxpMLO4F,Rybakina E.,Alexandrova E.,2,2,hc,-4.00,away,ft,1.847,3
pxpMLO4F,Rybakina E.,Alexandrova E.,2,2,hc,-4.50,home,ft,2.26,4
pxpMLO4F,Rybakina E.,Alexandrova E.,2,2,hc,-4.50,away,ft,1.627,4
pxpMLO4F,Rybakina E.,Alexandrova E.,2,2,hc,-5.00,home,ft,2.777,3
pxpMLO4F,Rybakina E.,Alexandrova E.,2,2,hc,-5.00,away,ft,1.437,3
pxpMLO4F,Rybakina E.,Alexandrova E.,2,2,hc,-5.50,home,ft,3.14,2
pxpMLO4F,Rybakina E.,Alexandrova E.,2,2,hc,-5.50,away,ft,1.325,2
pxpMLO4F,Rybakina E.,Alexandrova E.,2,2,hc,-6.00,home,ft,4.05,1
pxpMLO4F,Rybakina E.,Alexandrova E.,2,2,hc,-6.00,away,ft,1.21,1
pxpMLO4F,Rybakina E.,Alexandrova E.,2,2,hc,-6.50,home,ft,4.55,1
pxpMLO4F,Rybakina E.,Alexandrova E.,2,2,hc,-6.50,away,ft,1.17,1
pxpMLO4F,Rybakina E.,Alexandrova E.,2,2,hc,-7.00,home,ft,7.2,1
pxpMLO4F,Rybakina E.,Alexandrova E.,2,2,hc,-7.00,away,ft,1.07,1
pxpMLO4F,Rybakina E.,Alexandrova E.,2,2,hc,-7.50,home,ft,7.8,1
pxpMLO4F,Rybakina E.,Alexandrova E.,2,2,hc,-7.50,away,ft,1.06,1
SAt44fxp,Rybakina E.,Keys M.,,,ou,2.50,over,ft,3.425,2
SAt44fxp,Rybakina E.,Keys M.,,,ou,2.50,under,ft,1.34,2
SAt44fxp,Rybakina E.,Keys M.,,,ou,15.50,over,ft,1.04,1
SAt44fxp,Rybakina E.,Keys M.,,,ou,15.50,under,ft,6.95,1
SAt44fxp,Rybakina E.,Keys M.,,,ou,16.00,over,ft,1.05,1
SAt44fxp,Rybakina E.,Keys M.,,,ou,16.00,under,ft,6.5,1
SAt44fxp,Rybakina E.,Keys M.,,,ou,16.50,over,ft,1.15,1
SAt44fxp,Rybakina E.,Keys M.,,,ou,16.50,under,ft,4.25,1
SAt44fxp,Rybakina E.,Keys M.,,,ou,17.00,over,ft,1.19,1
SAt44fxp,Rybakina E.,Keys M.,,,ou,17.00,under,ft,3.9,1
SAt44fxp,Rybakina E.,Keys M.,,,ou,17.50,over,ft,1.33,1
SAt44fxp,Rybakina E.,Keys M.,,,ou,17.50,under,ft,2.93,1
SAt44fxp,Rybakina E.,Keys M.,,,ou,18.00,over,ft,1.4,1
SAt44fxp,Rybakina E.,Keys M.,,,ou,18.00,under,ft,2.68,1
SAt44fxp,Rybakina E.,Keys M.,,,ou,18.50,over,ft,1.547,3
SAt44fxp,Rybakina E.,Keys M.,,,ou,18.50,under,ft,2.33,3
SAt44fxp,Rybakina E.,Keys M.,,,ou,19.00,over,ft,1.65,4
SAt44fxp,Rybakina E.,Keys M.,,,ou,19.00,under,ft,2.197,4
SAt44fxp,Rybakina E.,Keys M.,,,ou,19.50,over,ft,1.803,6
SAt44fxp,Rybakina E.,Keys M.,,,ou,19.50,under,ft,2.01,6
SAt44fxp,Rybakina E.,Keys M.,,,ou,20.00,over,ft,1.958,4
SAt44fxp,Rybakina E.,Keys M.,,,ou,20.00,under,ft,1.823,4
SAt44fxp,Rybakina E.,Keys M.,,,ou,20.50,over,ft,2.022,6
SAt44fxp,Rybakina E.,Keys M.,,,ou,20.50,under,ft,1.747,6
SAt44fxp,Rybakina E.,Keys M.,,,ou,21.00,over,ft,2.02,4
SAt44fxp,Rybakina E.,Keys M.,,,ou,21.00,under,ft,1.762,4
SAt44fxp,Rybakina E.,Keys M.,,,ou,21.50,over,ft,2.102,6
SAt44fxp,Rybakina E.,Keys M.,,,ou,21.50,under,ft,1.68,6
SAt44fxp,Rybakina E.,Keys M.,,,ou,22.00,over,ft,2.5,1
SAt44fxp,Rybakina E.,Keys M.,,,ou,22.00,under,ft,1.43,1
SAt44fxp,Rybakina E.,Keys M.,,,ou,22.50,over,ft,2.473,3
SAt44fxp,Rybakina E.,Keys M.,,,ou,22.50,under,ft,1.473,3
SAt44fxp,Rybakina E.,Keys M.,,,ou,23.00,over,ft,2.83,1
SAt44fxp,Rybakina E.,Keys M.,,,ou,23.00,under,ft,1.33,1
SAt44fxp,Rybakina E.,Keys M.,,,ou,23.50,over,ft,2.735,2
SAt44fxp,Rybakina E.,Keys M.,,,ou,23.50,under,ft,1.39,2
SAt44fxp,Rybakina E.,Keys M.,,,ou,24.00,over,ft,2.88,1
SAt44fxp,Rybakina E.,Keys M.,,,ou,24.00,under,ft,1.32,1
SAt44fxp,Rybakina E.,Keys M.,,,ou,24.50,over,ft,2.92,1
SAt44fxp,Rybakina E.,Keys M.,,,ou,24.50,under,ft,1.31,1
SAt44fxp,Rybakina E.,Keys M.,,,ou,25.50,over,ft,2.93,1
SAt44fxp,Rybakina E.,Keys M.,,,ou,25.50,under,ft,1.33,1
SAt44fxp,Rybakina E.,Keys M.,,,ou,26.50,over,ft,3.33,1
SAt44fxp,Rybakina E.,Keys M.,,,ou,26.50,under,ft,1.26,1
SAt44fxp,Rybakina E.,Keys M.,,,hc,1.50,home,ft,1.095,4
SAt44fxp,Rybakina E.,Keys M.,,,hc,1.50,away,ft,7.54,4
SAt44fxp,Rybakina E.,Keys M.,,,hc,-1.50,home,ft,1.59,5
SAt44fxp,Rybakina E.,Keys M.,,,hc,-1.50,away,ft,2.338,5
SAt44fxp,Rybakina E.,Keys M.,,,hc,-0.50,home,ft,1.2,1
SAt44fxp,Rybakina E.,Keys M.,,,hc,-0.50,away,ft,4.15,1
SAt44fxp,Rybakina E.,Keys M.,,,hc,-1.00,home,ft,1.21,1
SAt44fxp,Rybakina E.,Keys M.,,,hc,-1.00,away,ft,4.05,1
SAt44fxp,Rybakina E.,Keys M.,,,hc,-1.50,home,ft,1.24,1
SAt44fxp,Rybakina E.,Keys M.,,,hc,-1.50,away,ft,3.72,1
SAt44fxp,Rybakina E.,Keys M.,,,hc,-2.00,home,ft,1.26,1
SAt44fxp,Rybakina E.,Keys M.,,,hc,-2.00,away,ft,3.54,1
SAt44fxp,Rybakina E.,Keys M.,,,hc,-2.50,home,ft,1.315,2
SAt44fxp,Rybakina E.,Keys M.,,,hc,-2.50,away,ft,3.2,2
SAt44fxp,Rybakina E.,Keys M.,,,hc,-3.00,home,ft,1.33,1
SAt44fxp,Rybakina E.,Keys M.,,,hc,-3.00,away,ft,3.08,1
SAt44fxp,Rybakina E.,Keys M.,,,hc,-3.50,home,ft,1.43,3
SAt44fxp,Rybakina E.,Keys M.,,,hc,-3.50,away,ft,2.663,3
SAt44fxp,Rybakina E.,Keys M.,,,hc,-4.00,home,ft,1.5,1
SAt44fxp,Rybakina E.,Keys M.,,,hc,-4.00,away,ft,2.45,1
SAt44fxp,Rybakina E.,Keys M.,,,hc,-4.50,home,ft,1.598,5
SAt44fxp,Rybakina E.,Keys M.,,,hc,-4.50,away,ft,2.322,5
SAt44fxp,Rybakina E.,Keys M.,,,hc,-5.00,home,ft,1.85,3
SAt44fxp,Rybakina E.,Keys M.,,,hc,-5.00,away,ft,1.967,3
SAt44fxp,Rybakina E.,Keys M.,,,hc,-5.50,home,ft,2.126,5
SAt44fxp,Rybakina E.,Keys M.,,,hc,-5.50,away,ft,1.716,5
SAt44fxp,Rybakina E.,Keys M.,,,hc,-6.00,home,ft,2.5,1
SAt44fxp,Rybakina E.,Keys M.,,,hc,-6.00,away,ft,1.48,1
SAt44fxp,Rybakina E.,Keys M.,,,hc,-6.50,home,ft,2.533,3
SAt44fxp,Rybakina E.,Keys M.,,,hc,-6.50,away,ft,1.51,3
SAt44fxp,Rybakina E.,Keys M.,,,hc,-7.00,home,ft,4.05,1
SAt44fxp,Rybakina E.,Keys M.,,,hc,-7.00,away,ft,1.21,1
SAt44fxp,Rybakina E.,Keys M.,,,hc,-7.50,home,ft,4.45,2
SAt44fxp,Rybakina E.,Keys M.,,,hc,-7.50,away,ft,1.18,2
SAt44fxp,Rybakina E.,Keys M.,,,hc,-8.00,home,ft,7.1,1
SAt44fxp,Rybakina E.,Keys M.,,,hc,-8.00,away,ft,1.07,1
SAt44fxp,Rybakina E.,Keys M.,,,hc,-8.50,home,ft,7.7,1
SAt44fxp,Rybakina E.,Keys M.,,,hc,-8.50,away,ft,1.06,1
SAt44fxp,Rybakina E.,Keys M.,,,hc,-9.00,home,ft,12.0,1
SAt44fxp,Rybakina E.,Keys M.,,,hc,-9.50,home,ft,12.5,1
MgighimK,Sabalenka A.,Pegula J.,2,2,ou,2.50,over,ft,2.817,3
MgighimK,Sabalenka A.,Pegula J.,2,2,ou,2.50,under,ft,1.45,3
MgighimK,Sabalenka A.,Pegula J.,2,2,ou,16.50,over,ft,1.09,1
MgighimK,Sabalenka A.,Pegula J.,2,2,ou,16.50,under,ft,5.4,1
MgighimK,Sabalenka A.,Pegula J.,2,2,ou,17.00,over,ft,1.1,1
MgighimK,Sabalenka A.,Pegula J.,2,2,ou,17.00,under,ft,5.0,1
MgighimK,Sabalenka A.,Pegula J.,2,2,ou,17.50,over,ft,1.22,1
MgighimK,Sabalenka A.,Pegula J.,2,2,ou,17.50,under,ft,4.29,1
MgighimK,Sabalenka A.,Pegula J.,2,2,ou,18.00,over,ft,1.26,1
MgighimK,Sabalenka A.,Pegula J.,2,2,ou,18.00,under,ft,3.87,1
MgighimK,Sabalenka A.,Pegula J.,2,2,ou,18.50,over,ft,1.392,5
MgighimK,Sabalenka A.,Pegula J.,2,2,ou,18.50,under,ft,2.914,5
MgighimK,Sabalenka A.,Pegula J.,2,2,ou,19.00,over,ft,1.46,1
MgighimK,Sabalenka A.,Pegula J.,2,2,ou,19.00,under,ft,2.7,1
MgighimK,Sabalenka A.,Pegula J.,2,2,ou,19.50,over,ft,1.594,5
MgighimK,Sabalenka A.,Pegula J.,2,2,ou,19.50,under,ft,2.332,5
MgighimK,Sabalenka A.,Pegula J.,2,2,ou,20.00,over,ft,1.702,4
MgighimK,Sabalenka A.,Pegula J.,2,2,ou,20.00,under,ft,2.163,4
MgighimK,Sabalenka A.,Pegula J.,2,2,ou,20.50,over,ft,1.808,6
MgighimK,Sabalenka A.,Pegula J.,2,2,ou,20.50,under,ft,1.983,6
MgighimK,Sabalenka A.,Pegula J.,2,2,ou,21.00,over,ft,1.94,4
MgighimK,Sabalenka A.,Pegula J.,2,2,ou,21.00,under,ft,1.85,4
MgighimK,Sabalenka A.,Pegula J.,2,2,ou,21.50,over,ft,2.0,6
MgighimK,Sabalenka A.,Pegula J.,2,2,ou,21.50,under,ft,1.788,6
MgighimK,Sabalenka A.,Pegula J.,2,2,ou,22.00,over,ft,2.19,3
MgighimK,Sabalenka A.,Pegula J.,2,2,ou,22.00,under,ft,1.677,3
MgighimK,Sabalenka A.,Pegula J.,2,2,ou,22.50,over,ft,2.34,5
MgighimK,Sabalenka A.,Pegula J.,2,2,ou,22.50,under,ft,1.576,5
MgighimK,Sabalenka A.,Pegula J.,2,2,ou,23.00,over,ft,2.48,1
MgighimK,Sabalenka A.,Pegula J.,2,2,ou,23.00,under,ft,1.54,1
MgighimK,Sabalenka A.,Pegula J.,2,2,ou,23.50,over,ft,2.56,2
MgighimK,Sabalenka A.,Pegula J.,2,2,ou,23.50,under,ft,1.495,2
MgighimK,Sabalenka A.,Pegula J.,2,2,ou,24.00,over,ft,2.67,1
MgighimK,Sabalenka A.,Pegula J.,2,2,ou,24.00,under,ft,1.48,1
MgighimK,Sabalenka A.,Pegula J.,2,2,ou,24.50,over,ft,2.737,4
MgighimK,Sabalenka A.,Pegula J.,2,2,ou,24.50,under,ft,1.442,4
MgighimK,Sabalenka A.,Pegula J.,2,2,ou,25.00,over,ft,2.78,1
MgighimK,Sabalenka A.,Pegula J.,2,2,ou,25.00,under,ft,1.34,1
MgighimK,Sabalenka A.,Pegula J.,2,2,ou,25.50,over,ft,2.88,1
MgighimK,Sabalenka A.,Pegula J.,2,2,ou,25.50,under,ft,1.32,1
MgighimK,Sabalenka A.,Pegula J.,2,2,ou,26.50,over,ft,3.42,1
MgighimK,Sabalenka A.,Pegula J.,2,2,ou,26.50,under,ft,1.25,1
MgighimK,Sabalenka A.,Pegula J.,2,2,hc,1.50,home,ft,1.127,4
MgighimK,Sabalenka A.,Pegula J.,2,2,hc,1.50,away,ft,5.912,4
MgighimK,Sabalenka A.,Pegula J.,2,2,hc,-1.50,home,ft,1.782,5
MgighimK,Sabalenka A.,Pegula J.,2,2,hc,-1.50,away,ft,1.992,5
MgighimK,Sabalenka A.,Pegula J.,2,2,hc,-0.50,home,ft,1.24,1
MgighimK,Sabalenka A.,Pegula J.,2,2,hc,-0.50,away,ft,4.09,1
MgighimK,Sabalenka A.,Pegula J.,2,2,hc,-1.00,home,ft,1.25,1
MgighimK,Sabalenka A.,Pegula J.,2,2,hc,-1.00,away,ft,3.98,1
MgighimK,Sabalenka A.,Pegula J.,2,2,hc,1.50,home,ft,1.23,2
MgighimK,Sabalenka A.,Pegula J.,2,2,hc,1.50,away,ft,4.13,2
MgighimK,Sabalenka A.,Pegula J.,2,2,hc,-1.50,home,ft,1.34,3
MgighimK,Sabalenka A.,Pegula J.,2,2,hc,-1.50,away,ft,3.263,3
MgighimK,Sabalenka A.,Pegula J.,2,2,hc,-2.00,home,ft,1.33,1
MgighimK,Sabalenka A.,Pegula J.,2,2,hc,-2.00,away,ft,3.35,1
MgighimK,Sabalenka A.,Pegula J.,2,2,hc,-2.50,home,ft,1.385,2
MgighimK,Sabalenka A.,Pegula J.,2,2,hc,-2.50,away,ft,2.94,2
MgighimK,Sabalenka A.,Pegula J.,2,2,hc,-3.00,home,ft,1.44,1
MgighimK,Sabalenka A.,Pegula J.,2,2,hc,-3.00,away,ft,2.79,1
MgighimK,Sabalenka A.,Pegula J.,2,2,hc,-3.50,home,ft,1.598,5
MgighimK,Sabalenka A.,Pegula J.,2,2,hc,-3.50,away,ft,2.284,5
MgighimK,Sabalenka A.,Pegula J.,2,2,hc,-4.00,home,ft,1.737,3
MgighimK,Sabalenka A.,Pegula J.,2,2,hc,-4.00,away,ft,2.13,3
MgighimK,Sabalenka A.,Pegula J.,2,2,hc,-4.50,home,ft,1.915,4
MgighimK,Sabalenka A.,Pegula J.,2,2,hc,-4.50,away,ft,1.9,4
MgighimK,Sabalenka A.,Pegula J.,2,2,hc,-5.00,home,ft,2.27,3
MgighimK,Sabalenka A.,Pegula J.,2,2,hc,-5.00,away,ft,1.653,3
MgighimK,Sabalenka A.,Pegula J.,2,2,hc,-5.50,home,ft,2.518,5
MgighimK,Sabalenka A.,Pegula J.,2,2,hc,-5.50,away,ft,1.504,5
MgighimK,Sabalenka A.,Pegula J.,2,2,hc,-6.00,home,ft,3.43,1
MgighimK,Sabalenka A.,Pegula J.,2,2,hc,-6.00,away,ft,1.31,1
MgighimK,Sabalenka A.,Pegula J.,2,2,hc,-6.50,home,ft,3.665,2
MgighimK,Sabalenka A.,Pegula J.,2,2,hc,-6.50,away,ft,1.27,2
MgighimK,Sabalenka A.,Pegula J.,2,2,hc,-7.00,home,ft,7.01,1
MgighimK,Sabalenka A.,Pegula J.,2,2,hc,-7.00,away,ft,1.1,1
MgighimK,Sabalenka A.,Pegula J.,2,2,hc,-7.50,home,ft,8.06,1
MgighimK,Sabalenka A.,Pegula J.,2,2,hc,-7.50,away,ft,1.08,1
MgighimK,Sabalenka A.,Pegula J.,2,2,hc,-8.00,home,ft,18.6,1
MgighimK,Sabalenka A.,Pegula J.,2,2,hc,-8.50,home,ft,18.6,1
8QsT4UWP,Gauff C.,Paolini J.,2,2,ou,2.50,over,ft,2.44,1
8QsT4UWP,Gauff C.,Paolini J.,2,2,ou,2.50,under,ft,1.59,1
8QsT4UWP,Gauff C.,Paolini J.,2,2,ou,17.50,over,ft,1.24,1
8QsT4UWP,Gauff C.,Paolini J.,2,2,ou,17.50,under,ft,4.1,1
8QsT4UWP,Gauff C.,Paolini J.,2,2,ou,18.00,over,ft,1.28,1
8QsT4UWP,Gauff C.,Paolini J.,2,2,ou,18.00,under,ft,3.67,1
8QsT4UWP,Gauff C.,Paolini J.,2,2,ou,18.50,over,ft,1.41,1
8QsT4UWP,Gauff C.,Paolini J.,2,2,ou,18.50,under,ft,2.93,1
8QsT4UWP,Gauff C.,Paolini J.,2,2,ou,19.00,over,ft,1.48,1
8QsT4UWP,Gauff C.,Paolini J.,2,2,ou,19.00,under,ft,2.67,1
8QsT4UWP,Gauff C.,Paolini J.,2,2,ou,19.50,over,ft,1.56,2
8QsT4UWP,Gauff C.,Paolini J.,2,2,ou,19.50,under,ft,2.375,2
8QsT4UWP,Gauff C.,Paolini J.,2,2,ou,20.00,over,ft,1.647,3
8QsT4UWP,Gauff C.,Paolini J.,2,2,ou,20.00,under,ft,2.237,3
8QsT4UWP,Gauff C.,Paolini J.,2,2,ou,20.50,over,ft,1.718,5
8QsT4UWP,Gauff C.,Paolini J.,2,2,ou,20.50,under,ft,2.082,5
8QsT4UWP,Gauff C.,Paolini J.,2,2,ou,21.00,over,ft,1.84,3
8QsT4UWP,Gauff C.,Paolini J.,2,2,ou,21.00,under,ft,1.933,3
8QsT4UWP,Gauff C.,Paolini J.,2,2,ou,21.50,over,ft,1.93,5
8QsT4UWP,Gauff C.,Paolini J.,2,2,ou,21.50,under,ft,1.85,5
8QsT4UWP,Gauff C.,Paolini J.,2,2,ou,22.00,over,ft,2.093,3
8QsT4UWP,Gauff C.,Paolini J.,2,2,ou,22.00,under,ft,1.733,3
8QsT4UWP,Gauff C.,Paolini J.,2,2,ou,22.50,over,ft,2.156,5
8QsT4UWP,Gauff C.,Paolini J.,2,2,ou,22.50,under,ft,1.65,5
8QsT4UWP,Gauff C.,Paolini J.,2,2,ou,23.00,over,ft,2.38,1
8QsT4UWP,Gauff C.,Paolini J.,2,2,ou,23.00,under,ft,1.58,1
8QsT4UWP,Gauff C.,Paolini J.,2,2,ou,23.50,over,ft,2.45,2
8QsT4UWP,Gauff C.,Paolini J.,2,2,ou,23.50,under,ft,1.535,2
8QsT4UWP,Gauff C.,Paolini J.,2,2,ou,24.00,over,ft,2.58,1
8QsT4UWP,Gauff C.,Paolini J.,2,2,ou,24.00,under,ft,1.5,1
8QsT4UWP,Gauff C.,Paolini J.,2,2,ou,24.50,over,ft,2.455,2
8QsT4UWP,Gauff C.,Paolini J.,2,2,ou,24.50,under,ft,1.54,2
8QsT4UWP,Gauff C.,Paolini J.,2,2,ou,25.00,over,ft,2.88,1
8QsT4UWP,Gauff C.,Paolini J.,2,2,ou,25.00,under,ft,1.42,1
8QsT4UWP,Gauff C.,Paolini J.,2,2,ou,25.50,over,ft,3.03,1
8QsT4UWP,Gauff C.,Paolini J.,2,2,ou,25.50,under,ft,1.38,1
8QsT4UWP,Gauff C.,Paolini J.,2,2,ou,26.50,over,ft,3.33,1
8QsT4UWP,Gauff C.,Paolini J.,2,2,ou,26.50,under,ft,1.26,1
8QsT4UWP,Gauff C.,Paolini J.,2,2,ou,27.50,over,ft,3.92,1
8QsT4UWP,Gauff C.,Paolini J.,2,2,ou,27.50,under,ft,1.19,1
8QsT4UWP,Gauff C.,Paolini J.,2,2,hc,1.50,home,ft,1.187,3
8QsT4UWP,Gauff C.,Paolini J.,2,2,hc,1.50,away,ft,4.5,3
8QsT4UWP,Gauff C.,Paolini J.,2,2,hc,-1.50,home,ft,2.09,4
8QsT4UWP,Gauff C.,Paolini J.,2,2,hc,-1.50,away,ft,1.692,4
8QsT4UWP,Gauff C.,Paolini J.,2,2,hc,0,home,ft,1.37,1
8QsT4UWP,Gauff C.,Paolini J.,2,2,hc,0,away,ft,3.11,1
8QsT4UWP,Gauff C.,Paolini J.,2,2,hc,0.50,home,ft,1.34,1
8QsT4UWP,Gauff C.,Paolini J.,2,2,hc,0.50,away,ft,3.26,1
8QsT4UWP,Gauff C.,Paolini J.,2,2,hc,-0.50,home,ft,1.5,2
8QsT4UWP,Gauff C.,Paolini J.,2,2,hc,-0.50,away,ft,2.6,2
8QsT4UWP,Gauff C.,Paolini J.,2,2,hc,1.00,home,ft,1.43,1
8QsT4UWP,Gauff C.,Paolini J.,2,2,hc,1.00,away,ft,2.66,1
8QsT4UWP,Gauff C.,Paolini J.,2,2,hc,-1.00,home,ft,1.43,1
8QsT4UWP,Gauff C.,Paolini J.,2,2,hc,-1.00,away,ft,2.83,1
8QsT4UWP,Gauff C.,Paolini J.,2,2,hc,1.50,home,ft,1.41,1
8QsT4UWP,Gauff C.,Paolini J.,2,2,hc,1.50,away,ft,2.73,1
8QsT4UWP,Gauff C.,Paolini J.,2,2,hc,-1.50,home,ft,1.553,3
8QsT4UWP,Gauff C.,Paolini J.,2,2,hc,-1.50,away,ft,2.393,3
8QsT4UWP,Gauff C.,Paolini J.,2,2,hc,-2.00,home,ft,1.63,2
8QsT4UWP,Gauff C.,Paolini J.,2,2,hc,-2.00,away,ft,2.325,2
8QsT4UWP,Gauff C.,Paolini J.,2,2,hc,-2.50,home,ft,1.643,4
8QsT4UWP,Gauff C.,Paolini J.,2,2,hc,-2.50,away,ft,2.223,4
8QsT4UWP,Gauff C.,Paolini J.,2,2,hc,-3.00,home,ft,1.705,2
8QsT4UWP,Gauff C.,Paolini J.,2,2,hc,-3.00,away,ft,2.17,2
8QsT4UWP,Gauff C.,Paolini J.,2,2,hc,-3.50,home,ft,1.922,4
8QsT4UWP,Gauff C.,Paolini J.,2,2,hc,-3.50,away,ft,1.862,4
8QsT4UWP,Gauff C.,Paolini J.,2,2,hc,-4.00,home,ft,2.0,2
8QsT4UWP,Gauff C.,Paolini J.,2,2,hc,-4.00,away,ft,1.835,2
8QsT4UWP,Gauff C.,Paolini J.,2,2,hc,-4.50,home,ft,2.183,4
8QsT4UWP,Gauff C.,Paolini J.,2,2,hc,-4.50,away,ft,1.667,4
8QsT4UWP,Gauff C.,Paolini J.,2,2,hc,-5.00,home,ft,2.585,2
8QsT4UWP,Gauff C.,Paolini J.,2,2,hc,-5.00,away,ft,1.515,2
8QsT4UWP,Gauff C.,Paolini J.,2,2,hc,-5.50,home,ft,2.78,2
8QsT4UWP,Gauff C.,Paolini J.,2,2,hc,-5.50,away,ft,1.425,2
8QsT4UWP,Gauff C.,Paolini J.,2,2,hc,-6.00,home,ft,3.87,1
8QsT4UWP,Gauff C.,Paolini J.,2,2,hc,-6.00,away,ft,1.26,1
8QsT4UWP,Gauff C.,Paolini J.,2,2,hc,-6.50,home,ft,4.36,1
8QsT4UWP,Gauff C.,Paolini J.,2,2,hc,-6.50,away,ft,1.22,1
8QsT4UWP,Gauff C.,Paolini J.,2,2,hc,-7.00,home,ft,7.49,1
8QsT4UWP,Gauff C.,Paolini J.,2,2,hc,-7.00,away,ft,1.09,1
8QsT4UWP,Gauff C.,Paolini J.,2,2,hc,-7.50,home,ft,8.45,1
8QsT4UWP,Gauff C.,Paolini J.,2,2,hc,-7.50,away,ft,1.07,1
dSkY9GEM,Anisimova A.,Keys M.,2,2,ou,2.50,over,ft,2.97,1
dSkY9GEM,Anisimova A.,Keys M.,2,2,ou,2.50,under,ft,1.43,1
dSkY9GEM,Anisimova A.,Keys M.,2,2,ou,16.50,over,ft,1.115,2
dSkY9GEM,Anisimova A.,Keys M.,2,2,ou,16.50,under,ft,5.525,2
dSkY9GEM,Anisimova A.,Keys M.,2,2,ou,17.00,over,ft,1.12,1
dSkY9GEM,Anisimova A.,Keys M.,2,2,ou,17.00,under,ft,4.75,1
dSkY9GEM,Anisimova A.,Keys M.,2,2,ou,17.50,over,ft,1.24,1
dSkY9GEM,Anisimova A.,Keys M.,2,2,ou,17.50,under,ft,3.34,1
dSkY9GEM,Anisimova A.,Keys M.,2,2,ou,18.00,over,ft,1.29,1
dSkY9GEM,Anisimova A.,Keys M.,2,2,ou,18.00,under,ft,3.13,1
dSkY9GEM,Anisimova A.,Keys M.,2,2,ou,18.50,over,ft,1.423,3
dSkY9GEM,Anisimova A.,Keys M.,2,2,ou,18.50,under,ft,2.72,3
dSkY9GEM,Anisimova A.,Keys M.,2,2,ou,19.00,over,ft,1.49,1
dSkY9GEM,Anisimova A.,Keys M.,2,2,ou,19.00,under,ft,2.4,1
dSkY9GEM,Anisimova A.,Keys M.,2,2,ou,19.50,over,ft,1.64,3
dSkY9GEM,Anisimova A.,Keys M.,2,2,ou,19.50,under,ft,2.207,3
dSkY9GEM,Anisimova A.,Keys M.,2,2,ou,20.00,over,ft,1.74,3
dSkY9GEM,Anisimova A.,Keys M.,2,2,ou,20.00,under,ft,2.057,3
dSkY9GEM,Anisimova A.,Keys M.,2,2,ou,20.50,over,ft,1.8,5
dSkY9GEM,Anisimova A.,Keys M.,2,2,ou,20.50,under,ft,1.988,5
dSkY9GEM,Anisimova A.,Keys M.,2,2,ou,21.00,over,ft,1.983,3
dSkY9GEM,Anisimova A.,Keys M.,2,2,ou,21.00,under,ft,1.793,3
dSkY9GEM,Anisimova A.,Keys M.,2,2,ou,21.50,over,ft,2.04,5
dSkY9GEM,Anisimova A.,Keys M.,2,2,ou,21.50,under,ft,1.768,5
dSkY9GEM,Anisimova A.,Keys M.,2,2,ou,22.00,over,ft,2.22,3
dSkY9GEM,Anisimova A.,Keys M.,2,2,ou,22.00,under,ft,1.623,3
dSkY9GEM,Anisimova A.,Keys M.,2,2,ou,22.50,over,ft,2.276,5
dSkY9GEM,Anisimova A.,Keys M.,2,2,ou,22.50,under,ft,1.572,5
dSkY9GEM,Anisimova A.,Keys M.,2,2,ou,23.00,over,ft,2.5,1
dSkY9GEM,Anisimova A.,Keys M.,2,2,ou,23.00,under,ft,1.43,1
dSkY9GEM,Anisimova A.,Keys M.,2,2,ou,23.50,over,ft,2.53,2
dSkY9GEM,Anisimova A.,Keys M.,2,2,ou,23.50,under,ft,1.445,2
dSkY9GEM,Anisimova A.,Keys M.,2,2,ou,24.00,over,ft,2.66,1
dSkY9GEM,Anisimova A.,Keys M.,2,2,ou,24.00,under,ft,1.37,1
dSkY9GEM,Anisimova A.,Keys M.,2,2,ou,24.50,over,ft,2.835,2
dSkY9GEM,Anisimova A.,Keys M.,2,2,ou,24.50,under,ft,1.375,2
dSkY9GEM,Anisimova A.,Keys M.,2,2,ou,25.00,over,ft,2.74,1
dSkY9GEM,Anisimova A.,Keys M.,2,2,ou,25.00,under,ft,1.35,1
dSkY9GEM,Anisimova A.,Keys M.,2,2,ou,25.50,over,ft,2.83,1
dSkY9GEM,Anisimova A.,Keys M.,2,2,ou,25.50,under,ft,1.33,1
dSkY9GEM,Anisimova A.,Keys M.,2,2,ou,26.50,over,ft,3.13,1
dSkY9GEM,Anisimova A.,Keys M.,2,2,ou,26.50,under,ft,1.29,1
dSkY9GEM,Anisimova A.,Keys M.,2,2,ou,27.50,over,ft,3.62,1
dSkY9GEM,Anisimova A.,Keys M.,2,2,ou,27.50,under,ft,1.22,1
dSkY9GEM,Anisimova A.,Keys M.,2,2,hc,1.50,home,ft,1.13,3
dSkY9GEM,Anisimova A.,Keys M.,2,2,hc,1.50,away,ft,5.563,3
dSkY9GEM,Anisimova A.,Keys M.,2,2,hc,-1.50,home,ft,1.82,4
dSkY9GEM,Anisimova A.,Keys M.,2,2,hc,-1.50,away,ft,1.933,4
dSkY9GEM,Anisimova A.,Keys M.,2,2,hc,0,home,ft,1.33,1
dSkY9GEM,Anisimova A.,Keys M.,2,2,hc,0,away,ft,3.1,1
dSkY9GEM,Anisimova A.,Keys M.,2,2,hc,0.50,home,ft,1.32,1
dSkY9GEM,Anisimova A.,Keys M.,2,2,hc,0.50,away,ft,3.14,1
dSkY9GEM,Anisimova A.,Keys M.,2,2,hc,-0.50,home,ft,1.3,1
dSkY9GEM,Anisimova A.,Keys M.,2,2,hc,-0.50,away,ft,3.26,1
dSkY9GEM,Anisimova A.,Keys M.,2,2,hc,-1.00,home,ft,1.32,1
dSkY9GEM,Anisimova A.,Keys M.,2,2,hc,-1.00,away,ft,3.14,1
dSkY9GEM,Anisimova A.,Keys M.,2,2,hc,1.50,home,ft,1.23,1
dSkY9GEM,Anisimova A.,Keys M.,2,2,hc,1.50,away,ft,4.14,1
dSkY9GEM,Anisimova A.,Keys M.,2,2,hc,-1.50,home,ft,1.387,3
dSkY9GEM,Anisimova A.,Keys M.,2,2,hc,-1.50,away,ft,2.92,3
dSkY9GEM,Anisimova A.,Keys M.,2,2,hc,-2.00,home,ft,1.38,1
dSkY9GEM,Anisimova A.,Keys M.,2,2,hc,-2.00,away,ft,2.85,1
dSkY9GEM,Anisimova A.,Keys M.,2,2,hc,-2.50,home,ft,1.518,4
dSkY9GEM,Anisimova A.,Keys M.,2,2,hc,-2.50,away,ft,2.473,4
dSkY9GEM,Anisimova A.,Keys M.,2,2,hc,-3.00,home,ft,1.535,2
dSkY9GEM,Anisimova A.,Keys M.,2,2,hc,-3.00,away,ft,2.455,2
dSkY9GEM,Anisimova A.,Keys M.,2,2,hc,-3.50,home,ft,1.627,4
dSkY9GEM,Anisimova A.,Keys M.,2,2,hc,-3.50,away,ft,2.205,4
dSkY9GEM,Anisimova A.,Keys M.,2,2,hc,-4.00,home,ft,1.71,2
dSkY9GEM,Anisimova A.,Keys M.,2,2,hc,-4.00,away,ft,2.12,2
dSkY9GEM,Anisimova A.,Keys M.,2,2,hc,-4.50,home,ft,1.975,4
dSkY9GEM,Anisimova A.,Keys M.,2,2,hc,-4.50,away,ft,1.82,4
dSkY9GEM,Anisimova A.,Keys M.,2,2,hc,-5.00,home,ft,2.19,2
dSkY9GEM,Anisimova A.,Keys M.,2,2,hc,-5.00,away,ft,1.66,2
dSkY9GEM,Anisimova A.,Keys M.,2,2,hc,-5.50,home,ft,2.485,4
dSkY9GEM,Anisimova A.,Keys M.,2,2,hc,-5.50,away,ft,1.498,4
dSkY9GEM,Anisimova A.,Keys M.,2,2,hc,-6.00,home,ft,3.1,1
dSkY9GEM,Anisimova A.,Keys M.,2,2,hc,-6.00,away,ft,1.33,1
dSkY9GEM,Anisimova A.,Keys M.,2,2,hc,-6.50,home,ft,3.49,2
dSkY9GEM,Anisimova A.,Keys M.,2,2,hc,-6.50,away,ft,1.275,2
dSkY9GEM,Anisimova A.,Keys M.,2,2,hc,-7.00,home,ft,5.2,1
dSkY9GEM,Anisimova A.,Keys M.,2,2,hc,-7.00,away,ft,1.13,1
dSkY9GEM,Anisimova A.,Keys M.,2,2,hc,-7.50,home,ft,5.7,1
dSkY9GEM,Anisimova A.,Keys M.,2,2,hc,-7.50,away,ft,1.11,1
dSkY9GEM,Anisimova A.,Keys M.,2,2,hc,-8.00,home,ft,9.3,1
dSkY9GEM,Anisimova A.,Keys M.,2,2,hc,-8.00,away,ft,1.03,1
dSkY9GEM,Anisimova A.,Keys M.,2,2,hc,-8.50,home,ft,9.8,1
dSkY9GEM,Anisimova A.,Keys M.,2,2,hc,-8.50,away,ft,1.03,1
hCbYD79t,Swiatek I.,Rybakina E.,1,1,ou,2.50,over,ft,2.49,1
hCbYD79t,Swiatek I.,Rybakina E.,1,1,ou,2.50,under,ft,1.57,1
hCbYD79t,Swiatek I.,Rybakina E.,1,1,ou,17.50,over,ft,1.14,1
hCbYD79t,Swiatek I.,Rybakina E.,1,1,ou,17.50,under,ft,4.45,1
hCbYD79t,Swiatek I.,Rybakina E.,1,1,ou,18.00,over,ft,1.16,1
hCbYD79t,Swiatek I.,Rybakina E.,1,1,ou,18.00,under,ft,4.15,1
hCbYD79t,Swiatek I.,Rybakina E.,1,1,ou,18.50,over,ft,1.235,2
hCbYD79t,Swiatek I.,Rybakina E.,1,1,ou,18.50,under,ft,3.685,2
hCbYD79t,Swiatek I.,Rybakina E.,1,1,ou,19.00,over,ft,1.24,1
hCbYD79t,Swiatek I.,Rybakina E.,1,1,ou,19.00,under,ft,3.34,1
hCbYD79t,Swiatek I.,Rybakina E.,1,1,ou,19.50,over,ft,1.385,2
hCbYD79t,Swiatek I.,Rybakina E.,1,1,ou,19.50,under,ft,2.745,2
hCbYD79t,Swiatek I.,Rybakina E.,1,1,ou,20.00,over,ft,1.41,1
hCbYD79t,Swiatek I.,Rybakina E.,1,1,ou,20.00,under,ft,2.56,1
hCbYD79t,Swiatek I.,Rybakina E.,1,1,ou,20.50,over,ft,1.567,3
hCbYD79t,Swiatek I.,Rybakina E.,1,1,ou,20.50,under,ft,2.307,3
hCbYD79t,Swiatek I.,Rybakina E.,1,1,ou,21.00,over,ft,1.637,3
hCbYD79t,Swiatek I.,Rybakina E.,1,1,ou,21.00,under,ft,2.197,3
hCbYD79t,Swiatek I.,Rybakina E.,1,1,ou,21.50,over,ft,1.734,5
hCbYD79t,Swiatek I.,Rybakina E.,1,1,ou,21.50,under,ft,2.03,5
hCbYD79t,Swiatek I.,Rybakina E.,1,1,ou,22.00,over,ft,1.873,3
hCbYD79t,Swiatek I.,Rybakina E.,1,1,ou,22.00,under,ft,1.897,3
hCbYD79t,Swiatek I.,Rybakina E.,1,1,ou,22.50,over,ft,1.974,5
hCbYD79t,Swiatek I.,Rybakina E.,1,1,ou,22.50,under,ft,1.806,5
hCbYD79t,Swiatek I.,Rybakina E.,1,1,ou,23.00,over,ft,2.143,3
hCbYD79t,Swiatek I.,Rybakina E.,1,1,ou,23.00,under,ft,1.677,3
hCbYD79t,Swiatek I.,Rybakina E.,1,1,ou,23.50,over,ft,2.192,4
hCbYD79t,Swiatek I.,Rybakina E.,1,1,ou,23.50,under,ft,1.603,4
hCbYD79t,Swiatek I.,Rybakina E.,1,1,ou,24.00,over,ft,2.24,1
hCbYD79t,Swiatek I.,Rybakina E.,1,1,ou,24.00,under,ft,1.56,1
hCbYD79t,Swiatek I.,Rybakina E.,1,1,ou,24.50,over,ft,2.323,3
hCbYD79t,Swiatek I.,Rybakina E.,1,1,ou,24.50,under,ft,1.557,3
hCbYD79t,Swiatek I.,Rybakina E.,1,1,ou,25.00,over,ft,2.39,1
hCbYD79t,Swiatek I.,Rybakina E.,1,1,ou,25.00,under,ft,1.47,1
hCbYD79t,Swiatek I.,Rybakina E.,1,1,ou,25.50,over,ft,2.43,1
hCbYD79t,Swiatek I.,Rybakina E.,1,1,ou,25.50,under,ft,1.44,1
hCbYD79t,Swiatek I.,Rybakina E.,1,1,ou,26.00,over,ft,2.66,1
hCbYD79t,Swiatek I.,Rybakina E.,1,1,ou,26.00,under,ft,1.37,1
hCbYD79t,Swiatek I.,Rybakina E.,1,1,ou,26.50,over,ft,2.86,2
hCbYD79t,Swiatek I.,Rybakina E.,1,1,ou,26.50,under,ft,1.37,2
hCbYD79t,Swiatek I.,Rybakina E.,1,1,ou,27.50,over,ft,3.31,1
hCbYD79t,Swiatek I.,Rybakina E.,1,1,ou,27.50,under,ft,1.27,1
hCbYD79t,Swiatek I.,Rybakina E.,1,1,ou,28.50,over,ft,3.82,1
hCbYD79t,Swiatek I.,Rybakina E.,1,1,ou,28.50,under,ft,1.2,1
hCbYD79t,Swiatek I.,Rybakina E.,1,1,hc,1.50,home,ft,1.273,3
hCbYD79t,Swiatek I.,Rybakina E.,1,1,hc,1.50,away,ft,3.493,3
hCbYD79t,Swiatek I.,Rybakina E.,1,1,hc,-1.50,home,ft,2.47,4
hCbYD79t,Swiatek I.,Rybakina E.,1,1,hc,-1.50,away,ft,1.498,4
hCbYD79t,Swiatek I.,Rybakina E.,1,1,hc,0,home,ft,1.69,2
hCbYD79t,Swiatek I.,Rybakina E.,1,1,hc,0,away,ft,2.135,2
hCbYD79t,Swiatek I.,Rybakina E.,1,1,hc,0.50,home,ft,1.595,2
hCbYD79t,Swiatek I.,Rybakina E.,1,1,hc,0.50,away,ft,2.25,2
hCbYD79t,Swiatek I.,Rybakina E.,1,1,hc,-0.50,home,ft,1.707,3
hCbYD79t,Swiatek I.,Rybakina E.,1,1,hc,-0.50,away,ft,2.1,3
hCbYD79t,Swiatek I.,Rybakina E.,1,1,hc,1.00,home,ft,1.53,1
hCbYD79t,Swiatek I.,Rybakina E.,1,1,hc,1.00,away,ft,2.36,1
hCbYD79t,Swiatek I.,Rybakina E.,1,1,hc,-1.00,home,ft,1.755,2
hCbYD79t,Swiatek I.,Rybakina E.,1,1,hc,-1.00,away,ft,2.05,2
hCbYD79t,Swiatek I.,Rybakina E.,1,1,hc,1.50,home,ft,1.515,2
hCbYD79t,Swiatek I.,Rybakina E.,1,1,hc,1.50,away,ft,2.465,2
hCbYD79t,Swiatek I.,Rybakina E.,1,1,hc,-1.50,home,ft,1.818,4
hCbYD79t,Swiatek I.,Rybakina E.,1,1,hc,-1.50,away,ft,1.952,4
hCbYD79t,Swiatek I.,Rybakina E.,1,1,hc,2.00,home,ft,1.46,1
hCbYD79t,Swiatek I.,Rybakina E.,1,1,hc,2.00,away,ft,2.45,1
hCbYD79t,Swiatek I.,Rybakina E.,1,1,hc,-2.00,home,ft,1.905,2
hCbYD79t,Swiatek I.,Rybakina E.,1,1,hc,-2.00,away,ft,1.885,2
hCbYD79t,Swiatek I.,Rybakina E.,1,1,hc,2.50,home,ft,1.41,1
hCbYD79t,Swiatek I.,Rybakina E.,1,1,hc,2.50,away,ft,2.73,1
hCbYD79t,Swiatek I.,Rybakina E.,1,1,hc,-2.50,home,ft,1.973,3
hCbYD79t,Swiatek I.,Rybakina E.,1,1,hc,-2.50,away,ft,1.833,3
hCbYD79t,Swiatek I.,Rybakina E.,1,1,hc,-3.00,home,ft,2.175,2
hCbYD79t,Swiatek I.,Rybakina E.,1,1,hc,-3.00,away,ft,1.67,2
hCbYD79t,Swiatek I.,Rybakina E.,1,1,hc,3.50,home,ft,1.32,1
hCbYD79t,Swiatek I.,Rybakina E.,1,1,hc,3.50,away,ft,3.35,1
hCbYD79t,Swiatek I.,Rybakina E.,1,1,hc,-3.50,home,ft,2.305,4
hCbYD79t,Swiatek I.,Rybakina E.,1,1,hc,-3.50,away,ft,1.573,4
hCbYD79t,Swiatek I.,Rybakina E.,1,1,hc,-4.00,home,ft,2.61,1
hCbYD79t,Swiatek I.,Rybakina E.,1,1,hc,-4.00,away,ft,1.44,1
hCbYD79t,Swiatek I.,Rybakina E.,1,1,hc,-4.50,home,ft,2.86,2
hCbYD79t,Swiatek I.,Rybakina E.,1,1,hc,-4.50,away,ft,1.385,2
hCbYD79t,Swiatek I.,Rybakina E.,1,1,hc,-5.00,home,ft,3.9,1
hCbYD79t,Swiatek I.,Rybakina E.,1,1,hc,-5.00,away,ft,1.22,1
hCbYD79t,Swiatek I.,Rybakina E.,1,1,hc,-5.50,home,ft,4.47,2
hCbYD79t,Swiatek I.,Rybakina E.,1,1,hc,-5.50,away,ft,1.19,2
hCbYD79t,Swiatek I.,Rybakina E.,1,1,hc,-6.00,home,ft,5.7,1
hCbYD79t,Swiatek I.,Rybakina E.,1,1,hc,-6.00,away,ft,1.11,1
hCbYD79t,Swiatek I.,Rybakina E.,1,1,hc,-6.50,home,ft,5.95,1
hCbYD79t,Swiatek I.,Rybakina E.,1,1,hc,-6.50,away,ft,1.1,1
K41YrmA6,Gauff C.,Pegula J.,1,1,ou,2.50,over,ft,2.36,2
K41YrmA6,Gauff C.,Pegula J.,1,1,ou,2.50,under,ft,1.6,2
K41YrmA6,Gauff C.,Pegula J.,1,1,ou,17.50,over,ft,1.17,1
K41YrmA6,Gauff C.,Pegula J.,1,1,ou,17.50,under,ft,4.22,1
K41YrmA6,Gauff C.,Pegula J.,1,1,ou,18.00,over,ft,1.16,1
K41YrmA6,Gauff C.,Pegula J.,1,1,ou,18.00,under,ft,4.1,1
K41YrmA6,Gauff C.,Pegula J.,1,1,ou,18.50,over,ft,1.29,1
K41YrmA6,Gauff C.,Pegula J.,1,1,ou,18.50,under,ft,3.13,1
K41YrmA6,Gauff C.,Pegula J.,1,1,ou,19.00,over,ft,1.32,1
K41YrmA6,Gauff C.,Pegula J.,1,1,ou,19.00,under,ft,2.92,1
K41YrmA6,Gauff C.,Pegula J.,1,1,ou,19.50,over,ft,1.43,2
K41YrmA6,Gauff C.,Pegula J.,1,1,ou,19.50,under,ft,2.625,2
K41YrmA6,Gauff C.,Pegula J.,1,1,ou,20.00,over,ft,1.51,1
K41YrmA6,Gauff C.,Pegula J.,1,1,ou,20.00,under,ft,2.35,1
K41YrmA6,Gauff C.,Pegula J.,1,1,ou,20.50,over,ft,1.584,5
K41YrmA6,Gauff C.,Pegula J.,1,1,ou,20.50,under,ft,2.29,5
K41YrmA6,Gauff C.,Pegula J.,1,1,ou,21.00,over,ft,1.71,3
K41YrmA6,Gauff C.,Pegula J.,1,1,ou,21.00,under,ft,2.097,3
K41YrmA6,Gauff C.,Pegula J.,1,1,ou,21.50,over,ft,1.768,5
K41YrmA6,Gauff C.,Pegula J.,1,1,ou,21.50,under,ft,2.002,5
K41YrmA6,Gauff C.,Pegula J.,1,1,ou,22.00,over,ft,1.94,3
K41YrmA6,Gauff C.,Pegula J.,1,1,ou,22.00,under,ft,1.83,3
K41YrmA6,Gauff C.,Pegula J.,1,1,ou,22.50,over,ft,2.004,5
K41YrmA6,Gauff C.,Pegula J.,1,1,ou,22.50,under,ft,1.782,5
K41YrmA6,Gauff C.,Pegula J.,1,1,ou,23.00,over,ft,2.19,3
K41YrmA6,Gauff C.,Pegula J.,1,1,ou,23.00,under,ft,1.64,3
K41YrmA6,Gauff C.,Pegula J.,1,1,ou,23.50,over,ft,2.225,4
K41YrmA6,Gauff C.,Pegula J.,1,1,ou,23.50,under,ft,1.61,4
K41YrmA6,Gauff C.,Pegula J.,1,1,ou,24.00,over,ft,2.36,1
K41YrmA6,Gauff C.,Pegula J.,1,1,ou,24.00,under,ft,1.48,1
K41YrmA6,Gauff C.,Pegula J.,1,1,ou,24.50,over,ft,2.33,3
K41YrmA6,Gauff C.,Pegula J.,1,1,ou,24.50,under,ft,1.567,3
K41YrmA6,Gauff C.,Pegula J.,1,1,ou,25.00,over,ft,2.52,1
K41YrmA6,Gauff C.,Pegula J.,1,1,ou,25.00,under,ft,1.41,1
K41YrmA6,Gauff C.,Pegula J.,1,1,ou,25.50,over,ft,2.6,1
K41YrmA6,Gauff C.,Pegula J.,1,1,ou,25.50,under,ft,1.41,1
K41YrmA6,Gauff C.,Pegula J.,1,1,ou,26.00,over,ft,2.63,1
K41YrmA6,Gauff C.,Pegula J.,1,1,ou,26.00,under,ft,1.38,1
K41YrmA6,Gauff C.,Pegula J.,1,1,ou,26.50,over,ft,2.875,2
K41YrmA6,Gauff C.,Pegula J.,1,1,ou,26.50,under,ft,1.35,2
K41YrmA6,Gauff C.,Pegula J.,1,1,ou,27.50,over,ft,3.33,1
K41YrmA6,Gauff C.,Pegula J.,1,1,ou,27.50,under,ft,1.26,1
K41YrmA6,Gauff C.,Pegula J.,1,1,hc,1.50,home,ft,1.227,3
K41YrmA6,Gauff C.,Pegula J.,1,1,hc,1.50,away,ft,3.987,3
K41YrmA6,Gauff C.,Pegula J.,1,1,hc,-1.50,home,ft,2.292,4
K41YrmA6,Gauff C.,Pegula J.,1,1,hc,-1.50,away,ft,1.58,4
K41YrmA6,Gauff C.,Pegula J.,1,1,hc,0,home,ft,1.52,1
K41YrmA6,Gauff C.,Pegula J.,1,1,hc,0,away,ft,2.3,1
K41YrmA6,Gauff C.,Pegula J.,1,1,hc,0.50,home,ft,1.44,1
K41YrmA6,Gauff C.,Pegula J.,1,1,hc,0.50,away,ft,2.61,1
K41YrmA6,Gauff C.,Pegula J.,1,1,hc,-0.50,home,ft,1.535,2
K41YrmA6,Gauff C.,Pegula J.,1,1,hc,-0.50,away,ft,2.445,2
K41YrmA6,Gauff C.,Pegula J.,1,1,hc,1.00,home,ft,1.45,1
K41YrmA6,Gauff C.,Pegula J.,1,1,hc,1.00,away,ft,2.49,1
K41YrmA6,Gauff C.,Pegula J.,1,1,hc,-1.00,home,ft,1.56,1
K41YrmA6,Gauff C.,Pegula J.,1,1,hc,-1.00,away,ft,2.43,1
K41YrmA6,Gauff C.,Pegula J.,1,1,hc,1.50,home,ft,1.39,1
K41YrmA6,Gauff C.,Pegula J.,1,1,hc,1.50,away,ft,2.81,1
K41YrmA6,Gauff C.,Pegula J.,1,1,hc,-1.50,home,ft,1.647,3
K41YrmA6,Gauff C.,Pegula J.,1,1,hc,-1.50,away,ft,2.24,3
K41YrmA6,Gauff C.,Pegula J.,1,1,hc,-2.00,home,ft,1.735,2
K41YrmA6,Gauff C.,Pegula J.,1,1,hc,-2.00,away,ft,2.13,2
K41YrmA6,Gauff C.,Pegula J.,1,1,hc,-2.50,home,ft,1.782,4
K41YrmA6,Gauff C.,Pegula J.,1,1,hc,-2.50,away,ft,2.01,4
K41YrmA6,Gauff C.,Pegula J.,1,1,hc,-3.00,home,ft,1.95,2
K41YrmA6,Gauff C.,Pegula J.,1,1,hc,-3.00,away,ft,1.88,2
K41YrmA6,Gauff C.,Pegula J.,1,1,hc,-3.50,home,ft,2.04,3
K41YrmA6,Gauff C.,Pegula J.,1,1,hc,-3.50,away,ft,1.757,3
K41YrmA6,Gauff C.,Pegula J.,1,1,hc,-4.00,home,ft,2.34,2
K41YrmA6,Gauff C.,Pegula J.,1,1,hc,-4.00,away,ft,1.61,2
K41YrmA6,Gauff C.,Pegula J.,1,1,hc,-4.50,home,ft,2.47,4
K41YrmA6,Gauff C.,Pegula J.,1,1,hc,-4.50,away,ft,1.522,4
K41YrmA6,Gauff C.,Pegula J.,1,1,hc,-5.00,home,ft,3.05,1
K41YrmA6,Gauff C.,Pegula J.,1,1,hc,-5.00,away,ft,1.31,1
K41YrmA6,Gauff C.,Pegula J.,1,1,hc,-5.50,home,ft,3.32,2
K41YrmA6,Gauff C.,Pegula J.,1,1,hc,-5.50,away,ft,1.285,2
K41YrmA6,Gauff C.,Pegula J.,1,1,hc,-6.00,home,ft,4.8,1
K41YrmA6,Gauff C.,Pegula J.,1,1,hc,-6.00,away,ft,1.15,1
K41YrmA6,Gauff C.,Pegula J.,1,1,hc,-6.50,home,ft,5.25,1
K41YrmA6,Gauff C.,Pegula J.,1,1,hc,-6.50,away,ft,1.13,1
K41YrmA6,Gauff C.,Pegula J.,1,1,hc,-7.00,home,ft,8.4,1
K41YrmA6,Gauff C.,Pegula J.,1,1,hc,-7.00,away,ft,1.05,1
K41YrmA6,Gauff C.,Pegula J.,1,1,hc,-7.50,home,ft,9.0,1
K41YrmA6,Gauff C.,Pegula J.,1,1,hc,-7.50,away,ft,1.04,1
EiWXp9uf,Sabalenka A.,Paolini J.,2,2,ou,2.50,over,ft,2.81,2
EiWXp9uf,Sabalenka A.,Paolini J.,2,2,ou,2.50,under,ft,1.45,2
EiWXp9uf,Sabalenka A.,Paolini J.,2,2,ou,15.50,over,ft,1.04,1
EiWXp9uf,Sabalenka A.,Paolini J.,2,2,ou,15.50,under,ft,6.9,1
EiWXp9uf,Sabalenka A.,Paolini J.,2,2,ou,16.00,over,ft,1.05,1
EiWXp9uf,Sabalenka A.,Paolini J.,2,2,ou,16.00,under,ft,6.45,1
EiWXp9uf,Sabalenka A.,Paolini J.,2,2,ou,16.50,over,ft,1.135,2
EiWXp9uf,Sabalenka A.,Paolini J.,2,2,ou,16.50,under,ft,5.235,2
EiWXp9uf,Sabalenka A.,Paolini J.,2,2,ou,17.00,over,ft,1.12,1
EiWXp9uf,Sabalenka A.,Paolini J.,2,2,ou,17.00,under,ft,4.75,1
EiWXp9uf,Sabalenka A.,Paolini J.,2,2,ou,17.50,over,ft,1.3,2
EiWXp9uf,Sabalenka A.,Paolini J.,2,2,ou,17.50,under,ft,3.215,2
EiWXp9uf,Sabalenka A.,Paolini J.,2,2,ou,18.00,over,ft,1.28,1
EiWXp9uf,Sabalenka A.,Paolini J.,2,2,ou,18.00,under,ft,3.14,1
EiWXp9uf,Sabalenka A.,Paolini J.,2,2,ou,18.50,over,ft,1.42,4
EiWXp9uf,Sabalenka A.,Paolini J.,2,2,ou,18.50,under,ft,2.772,4
EiWXp9uf,Sabalenka A.,Paolini J.,2,2,ou,19.00,over,ft,1.48,1
EiWXp9uf,Sabalenka A.,Paolini J.,2,2,ou,19.00,under,ft,2.43,1
EiWXp9uf,Sabalenka A.,Paolini J.,2,2,ou,19.50,over,ft,1.636,5
EiWXp9uf,Sabalenka A.,Paolini J.,2,2,ou,19.50,under,ft,2.192,5
EiWXp9uf,Sabalenka A.,Paolini J.,2,2,ou,20.00,over,ft,1.733,3
EiWXp9uf,Sabalenka A.,Paolini J.,2,2,ou,20.00,under,ft,2.063,3
EiWXp9uf,Sabalenka A.,Paolini J.,2,2,ou,20.50,over,ft,1.85,5
EiWXp9uf,Sabalenka A.,Paolini J.,2,2,ou,20.50,under,ft,1.92,5
EiWXp9uf,Sabalenka A.,Paolini J.,2,2,ou,21.00,over,ft,1.977,3
EiWXp9uf,Sabalenka A.,Paolini J.,2,2,ou,21.00,under,ft,1.8,3
EiWXp9uf,Sabalenka A.,Paolini J.,2,2,ou,21.50,over,ft,2.026,5
EiWXp9uf,Sabalenka A.,Paolini J.,2,2,ou,21.50,under,ft,1.758,5
EiWXp9uf,Sabalenka A.,Paolini J.,2,2,ou,22.00,over,ft,2.177,3
EiWXp9uf,Sabalenka A.,Paolini J.,2,2,ou,22.00,under,ft,1.643,3
EiWXp9uf,Sabalenka A.,Paolini J.,2,2,ou,22.50,over,ft,2.312,5
EiWXp9uf,Sabalenka A.,Paolini J.,2,2,ou,22.50,under,ft,1.578,5
EiWXp9uf,Sabalenka A.,Paolini J.,2,2,ou,23.00,over,ft,2.44,1
EiWXp9uf,Sabalenka A.,Paolini J.,2,2,ou,23.00,under,ft,1.45,1
EiWXp9uf,Sabalenka A.,Paolini J.,2,2,ou,23.50,over,ft,2.615,2
EiWXp9uf,Sabalenka A.,Paolini J.,2,2,ou,23.50,under,ft,1.435,2
EiWXp9uf,Sabalenka A.,Paolini J.,2,2,ou,24.00,over,ft,2.59,1
EiWXp9uf,Sabalenka A.,Paolini J.,2,2,ou,24.00,under,ft,1.39,1
EiWXp9uf,Sabalenka A.,Paolini J.,2,2,ou,24.50,over,ft,2.807,3
EiWXp9uf,Sabalenka A.,Paolini J.,2,2,ou,24.50,under,ft,1.39,3
EiWXp9uf,Sabalenka A.,Paolini J.,2,2,ou,25.00,over,ft,2.78,1
EiWXp9uf,Sabalenka A.,Paolini J.,2,2,ou,25.00,under,ft,1.34,1
EiWXp9uf,Sabalenka A.,Paolini J.,2,2,ou,25.50,over,ft,3.24,1
EiWXp9uf,Sabalenka A.,Paolini J.,2,2,ou,25.50,under,ft,1.28,1
EiWXp9uf,Sabalenka A.,Paolini J.,2,2,ou,26.50,over,ft,3.72,1
EiWXp9uf,Sabalenka A.,Paolini J.,2,2,ou,26.50,under,ft,1.21,1
EiWXp9uf,Sabalenka A.,Paolini J.,2,2,hc,1.50,home,ft,1.113,3
EiWXp9uf,Sabalenka A.,Paolini J.,2,2,hc,1.50,away,ft,6.54,3
EiWXp9uf,Sabalenka A.,Paolini J.,2,2,hc,-1.50,home,ft,1.758,4
EiWXp9uf,Sabalenka A.,Paolini J.,2,2,hc,-1.50,away,ft,2.027,4
EiWXp9uf,Sabalenka A.,Paolini J.,2,2,hc,-0.50,home,ft,1.28,1
EiWXp9uf,Sabalenka A.,Paolini J.,2,2,hc,-0.50,away,ft,3.4,1
EiWXp9uf,Sabalenka A.,Paolini J.,2,2,hc,-1.00,home,ft,1.29,1
EiWXp9uf,Sabalenka A.,Paolini J.,2,2,hc,-1.00,away,ft,3.36,1
EiWXp9uf,Sabalenka A.,Paolini J.,2,2,hc,-1.50,home,ft,1.335,2
EiWXp9uf,Sabalenka A.,Paolini J.,2,2,hc,-1.50,away,ft,3.16,2
EiWXp9uf,Sabalenka A.,Paolini J.,2,2,hc,-2.00,home,ft,1.29,1
EiWXp9uf,Sabalenka A.,Paolini J.,2,2,hc,-2.00,away,ft,3.15,1
EiWXp9uf,Sabalenka A.,Paolini J.,2,2,hc,-2.50,home,ft,1.405,2
EiWXp9uf,Sabalenka A.,Paolini J.,2,2,hc,-2.50,away,ft,2.85,2
EiWXp9uf,Sabalenka A.,Paolini J.,2,2,hc,-3.00,home,ft,1.515,2
EiWXp9uf,Sabalenka A.,Paolini J.,2,2,hc,-3.00,away,ft,2.58,2
EiWXp9uf,Sabalenka A.,Paolini J.,2,2,hc,-3.50,home,ft,1.568,4
EiWXp9uf,Sabalenka A.,Paolini J.,2,2,hc,-3.50,away,ft,2.343,4
EiWXp9uf,Sabalenka A.,Paolini J.,2,2,hc,-4.00,home,ft,1.68,2
EiWXp9uf,Sabalenka A.,Paolini J.,2,2,hc,-4.00,away,ft,2.22,2
EiWXp9uf,Sabalenka A.,Paolini J.,2,2,hc,-4.50,home,ft,1.9,3
EiWXp9uf,Sabalenka A.,Paolini J.,2,2,hc,-4.50,away,ft,1.91,3
EiWXp9uf,Sabalenka A.,Paolini J.,2,2,hc,-5.00,home,ft,2.13,2
EiWXp9uf,Sabalenka A.,Paolini J.,2,2,hc,-5.00,away,ft,1.735,2
EiWXp9uf,Sabalenka A.,Paolini J.,2,2,hc,-5.50,home,ft,2.428,4
EiWXp9uf,Sabalenka A.,Paolini J.,2,2,hc,-5.50,away,ft,1.538,4
EiWXp9uf,Sabalenka A.,Paolini J.,2,2,hc,-6.00,home,ft,3.1,1
EiWXp9uf,Sabalenka A.,Paolini J.,2,2,hc,-6.00,away,ft,1.37,1
EiWXp9uf,Sabalenka A.,Paolini J.,2,2,hc,-6.50,home,ft,3.48,2
EiWXp9uf,Sabalenka A.,Paolini J.,2,2,hc,-6.50,away,ft,1.29,2
EiWXp9uf,Sabalenka A.,Paolini J.,2,2,hc,-7.00,home,ft,4.3,1
EiWXp9uf,Sabalenka A.,Paolini J.,2,2,hc,-7.00,away,ft,1.16,1
EiWXp9uf,Sabalenka A.,Paolini J.,2,2,hc,-7.50,home,ft,5.307,3
EiWXp9uf,Sabalenka A.,Paolini J.,2,2,hc,-7.50,away,ft,1.143,3
EiWXp9uf,Sabalenka A.,Paolini J.,2,2,hc,-8.00,home,ft,9.0,1
EiWXp9uf,Sabalenka A.,Paolini J.,2,2,hc,-8.00,away,ft,1.04,1
EiWXp9uf,Sabalenka A.,Paolini J.,2,2,hc,-8.50,home,ft,9.5,1
EiWXp9uf,Sabalenka A.,Paolini J.,2,2,hc,-8.50,away,ft,1.03,1
