match_id,home,away,home_score,away_score,market,line,side,period,avg_odds,n_bookies
dIaegCUi,Bouzkova M.,Navarro E.,2,2,ou,2.50,over,ft,2.278,5
dIaegCUi,Bouzkova M.,Navarro E.,2,2,ou,2.50,under,ft,1.598,5
dIaegCUi,Bouzkova M.,Navarro E.,2,2,ou,14.50,under,ft,24.0,1
dIaegCUi,Bouzkova M.,Navarro E.,2,2,ou,15.50,over,ft,1.02,1
dIaegCUi,Bouzkova M.,Navarro E.,2,2,ou,15.50,under,ft,9.01,1
dIaegCUi,Bouzkova M.,Navarro E.,2,2,ou,16.50,over,ft,1.08,1
dIaegCUi,Bouzkova M.,Navarro E.,2,2,ou,16.50,under,ft,6.24,1
dIaegCUi,Bouzkova M.,Navarro E.,2,2,ou,17.50,over,ft,1.17,1
dIaegCUi,Bouzkova M.,Navarro E.,2,2,ou,17.50,under,ft,4.37,1
dIaegCUi,Bouzkova M.,Navarro E.,2,2,ou,18.50,over,ft,1.277,7
dIaegCUi,Bouzkova M.,Navarro E.,2,2,ou,18.50,under,ft,3.304,7
dIaegCUi,Bouzkova M.,Navarro E.,2,2,ou,19.00,over,ft,1.308,4
dIaegCUi,Bouzkova M.,Navarro E.,2,2,ou,19.00,under,ft,3.027,4
dIaegCUi,Bouzkova M.,Navarro E.,2,2,ou,19.50,over,ft,1.436,5
dIaegCUi,Bouzkova M.,Navarro E.,2,2,ou,19.50,under,ft,2.712,5
dIaegCUi,Bouzkova M.,Navarro E.,2,2,ou,20.00,over,ft,1.49,4
dIaegCUi,Bouzkova M.,Navarro E.,2,2,ou,20.00,under,ft,2.572,4
dIaegCUi,Bouzkova M.,Navarro E.,2,2,ou,20.50,over,ft,1.604,10
dIaegCUi,Bouzkova M.,Navarro E.,2,2,ou,20.50,under,ft,2.254,10
dIaegCUi,Bouzkova M.,Navarro E.,2,2,ou,21.00,over,ft,1.684,7
dIaegCUi,Bouzkova M.,Navarro E.,2,2,ou,21.00,under,ft,2.15,7
dIaegCUi,Bouzkova M.,Navarro E.,2,2,ou,21.50,over,ft,1.803,10
dIaegCUi,Bouzkova M.,Navarro E.,2,2,ou,21.50,under,ft,1.968,10
dIaegCUi,Bouzkova M.,Navarro E.,2,2,ou,22.00,over,ft,1.874,7
dIaegCUi,Bouzkova M.,Navarro E.,2,2,ou,22.00,under,ft,1.857,7
dIaegCUi,Bouzkova M.,Navarro E.,2,2,ou,22.50,over,ft,1.99,10
dIaegCUi,Bouzkova M.,Navarro E.,2,2,ou,22.50,under,ft,1.747,10
dIaegCUi,Bouzkova M.,Navarro E.,2,2,ou,23.00,over,ft,2.101,7
dIaegCUi,Bouzkova M.,Navarro E.,2,2,ou,23.00,under,ft,1.686,7
dIaegCUi,Bouzkova M.,Navarro E.,2,2,ou,23.50,over,ft,2.068,5
dIaegCUi,Bouzkova M.,Navarro E.,2,2,ou,23.50,under,ft,1.728,5
dIaegCUi,Bouzkova M.,Navarro E.,2,2,ou,24.00,over,ft,2.223,4
dIaegCUi,Bouzkova M.,Navarro E.,2,2,ou,24.00,under,ft,1.568,4
dIaegCUi,Bouzkova M.,Navarro E.,2,2,ou,24.50,over,ft,2.24,8
dIaegCUi,Bouzkova M.,Navarro E.,2,2,ou,24.50,under,ft,1.62,8
dIaegCUi,Bouzkova M.,Navarro E.,2,2,ou,25.00,over,ft,2.473,4
dIaegCUi,Bouzkova M.,Navarro E.,2,2,ou,25.00,under,ft,1.525,4
dIaegCUi,Bouzkova M.,Navarro E.,2,2,ou,25.50,over,ft,2.59,4
dIaegCUi,Bouzkova M.,Navarro E.,2,2,ou,25.50,under,ft,1.488,4
dIaegCUi,Bouzkova M.,Navarro E.,2,2,ou,26.50,over,ft,2.834,7
dIaegCUi,Bouzkova M.,Navarro E.,2,2,ou,26.50,under,ft,1.399,7
dIaegCUi,Bouzkova M.,Navarro E.,2,2,ou,27.50,over,ft,3.13,1
dIaegCUi,Bouzkova M.,Navarro E.,2,2,ou,27.50,under,ft,1.3,1
dIaegCUi,Bouzkova M.,Navarro E.,2,2,ou,28.50,over,ft,3.5,1
dIaegCUi,Bouzkova M.,Navarro E.,2,2,ou,28.50,under,ft,1.25,1
dIaegCUi,Bouzkova M.,Navarro E.,2,2,ou,29.50,over,ft,4.03,1
dIaegCUi,Bouzkova M.,Navarro E.,2,2,ou,29.50,under,ft,1.19,1
dIaegCUi,Bouzkova M.,Navarro E.,2,2,ou,30.50,over,ft,4.91,1
dIaegCUi,Bouzkova M.,Navarro E.,2,2,ou,30.50,under,ft,1.13,1
dIaegCUi,Bouzkova M.,Navarro E.,2,2,ou,31.50,over,ft,5.98,1
dIaegCUi,Bouzkova M.,Navarro E.,2,2,ou,31.50,under,ft,1.09,1
dIaegCUi,Bouzkova M.,Navarro E.,2,2,ou,32.50,over,ft,7.45,1
dIaegCUi,Bouzkova M.,Navarro E.,2,2,ou,32.50,under,ft,1.05,1
dIaegCUi,Bouzkova M.,Navarro E.,2,2,ou,33.50,over,ft,8.78,1
dIaegCUi,Bouzkova M.,Navarro E.,2,2,ou,33.50,under,ft,1.03,1
dIaegCUi,Bouzkova M.,Navarro E.,2,2,ou,34.50,over,ft,10.16,1
dIaegCUi,Bouzkova M.,Navarro E.,2,2,hc,1.50,home,ft,1.342,9
dIaegCUi,Bouzkova M.,Navarro E.,2,2,hc,1.50,away,ft,3.106,9
dIaegCUi,Bouzkova M.,Navarro E.,2,2,hc,-1.50,home,ft,2.87,9
dIaegCUi,Bouzkova M.,Navarro E.,2,2,hc,-1.50,away,ft,1.384,9
dIaegCUi,Bouzkova M.,Navarro E.,2,2,hc,0,home,ft,1.883,6
dIaegCUi,Bouzkova M.,Navarro E.,2,2,hc,0,away,ft,1.91,6
dIaegCUi,Bouzkova M.,Navarro E.,2,2,hc,0.50,home,ft,1.835,8
dIaegCUi,Bouzkova M.,Navarro E.,2,2,hc,0.50,away,ft,1.942,8
dIaegCUi,Bouzkova M.,Navarro E.,2,2,hc,-0.50,home,ft,1.912,9
dIaegCUi,Bouzkova M.,Navarro E.,2,2,hc,-0.50,away,ft,1.851,9
dIaegCUi,Bouzkova M.,Navarro E.,2,2,hc,1.00,home,ft,1.768,6
dIaegCUi,Bouzkova M.,Navarro E.,2,2,hc,1.00,away,ft,2.04,6
dIaegCUi,Bouzkova M.,Navarro E.,2,2,hc,-1.00,home,ft,2.018,6
dIaegCUi,Bouzkova M.,Navarro E.,2,2,hc,-1.00,away,ft,1.795,6
dIaegCUi,Bouzkova M.,Navarro E.,2,2,hc,1.50,home,ft,1.729,8
dIaegCUi,Bouzkova M.,Navarro E.,2,2,hc,1.50,away,ft,2.072,8
dIaegCUi,Bouzkova M.,Navarro E.,2,2,hc,-1.50,home,ft,2.034,7
dIaegCUi,Bouzkova M.,Navarro E.,2,2,hc,-1.50,away,ft,1.76,7
dIaegCUi,Bouzkova M.,Navarro E.,2,2,hc,2.00,home,ft,1.68,3
dIaegCUi,Bouzkova M.,Navarro E.,2,2,hc,2.00,away,ft,2.193,3
dIaegCUi,Bouzkova M.,Navarro E.,2,2,hc,-2.00,home,ft,2.172,6
dIaegCUi,Bouzkova M.,Navarro E.,2,2,hc,-2.00,away,ft,1.675,6
dIaegCUi,Bouzkova M.,Navarro E.,2,2,hc,2.50,home,ft,1.623,4
dIaegCUi,Bouzkova M.,Navarro E.,2,2,hc,2.50,away,ft,2.257,4
dIaegCUi,Bouzkova M.,Navarro E.,2,2,hc,-2.50,home,ft,2.267,6
dIaegCUi,Bouzkova M.,Navarro E.,2,2,hc,-2.50,away,ft,1.628,6
dIaegCUi,Bouzkova M.,Navarro E.,2,2,hc,3.00,home,ft,1.49,3
dIaegCUi,Bouzkova M.,Navarro E.,2,2,hc,3.00,away,ft,2.47,3
dIaegCUi,Bouzkova M.,Navarro E.,2,2,hc,-3.00,home,ft,2.39,3
dIaegCUi,Bouzkova M.,Navarro E.,2,2,hc,-3.00,away,ft,1.52,3
dIaegCUi,Bouzkova M.,Navarro E.,2,2,hc,3.50,home,ft,1.435,6
dIaegCUi,Bouzkova M.,Navarro E.,2,2,hc,3.50,away,ft,2.783,6
dIaegCUi,Bouzkova M.,Navarro E.,2,2,hc,-3.50,home,ft,2.542,6
dIaegCUi,Bouzkova M.,Navarro E.,2,2,hc,-3.50,away,ft,1.482,6
dIaegCUi,Bouzkova M.,Navarro E.,2,2,hc,4.00,home,ft,1.38,3
dIaegCUi,Bouzkova M.,Navarro E.,2,2,hc,4.00,away,ft,2.85,3
dIaegCUi,Bouzkova M.,Navarro E.,2,2,hc,4.50,home,ft,1.28,3
dIaegCUi,Bouzkova M.,Navarro E.,2,2,hc,4.50,away,ft,3.5,3
dIaegCUi,Bouzkova M.,Navarro E.,2,2,hc,-4.50,home,ft,3.3,3
dIaegCUi,Bouzkova M.,Navarro E.,2,2,hc,-4.50,away,ft,1.31,3
dIaegCUi,Bouzkova M.,Navarro E.,2,2,hc,5.50,home,ft,1.23,3
dIaegCUi,Bouzkova M.,Navarro E.,2,2,hc,5.50,away,ft,3.9,3
dIaegCUi,Bouzkova M.,Navarro E.,2,2,hc,-5.50,home,ft,4.19,6
dIaegCUi,Bouzkova M.,Navarro E.,2,2,hc,-5.50,away,ft,1.208,6
dIaegCUi,Bouzkova M.,Navarro E.,2,2,hc,6.50,home,ft,1.13,3
dIaegCUi,Bouzkova M.,Navarro E.,2,2,hc,6.50,away,ft,5.4,3
zLthWTx9,Navarro E.,Golubic V.,2,2,ou,2.50,over,ft,2.332,5
zLthWTx9,Navarro E.,Golubic V.,2,2,ou,2.50,under,ft,1.572,5
zLthWTx9,Navarro E.,Golubic V.,2,2,ou,14.50,under,ft,19.76,1
zLthWTx9,Navarro E.,Golubic V.,2,2,ou,15.50,over,ft,1.03,1
zLthWTx9,Navarro E.,Golubic V.,2,2,ou,15.50,under,ft,8.31,1
zLthWTx9,Navarro E.,Golubic V.,2,2,ou,16.50,over,ft,1.09,1
zLthWTx9,Navarro E.,Golubic V.,2,2,ou,16.50,under,ft,5.84,1
zLthWTx9,Navarro E.,Golubic V.,2,2,ou,17.50,over,ft,1.19,1
zLthWTx9,Navarro E.,Golubic V.,2,2,ou,17.50,under,ft,4.1,1
zLthWTx9,Navarro E.,Golubic V.,2,2,ou,18.50,over,ft,1.328,5
zLthWTx9,Navarro E.,Golubic V.,2,2,ou,18.50,under,ft,3.206,5
zLthWTx9,Navarro E.,Golubic V.,2,2,ou,19.00,over,ft,1.387,4
zLthWTx9,Navarro E.,Golubic V.,2,2,ou,19.00,under,ft,2.947,4
zLthWTx9,Navarro E.,Golubic V.,2,2,ou,19.50,over,ft,1.512,5
zLthWTx9,Navarro E.,Golubic V.,2,2,ou,19.50,under,ft,2.48,5
zLthWTx9,Navarro E.,Golubic V.,2,2,ou,20.00,over,ft,1.575,4
zLthWTx9,Navarro E.,Golubic V.,2,2,ou,20.00,under,ft,2.337,4
zLthWTx9,Navarro E.,Golubic V.,2,2,ou,20.50,over,ft,1.691,10
zLthWTx9,Navarro E.,Golubic V.,2,2,ou,20.50,under,ft,2.113,10
zLthWTx9,Navarro E.,Golubic V.,2,2,ou,21.00,over,ft,1.769,7
zLthWTx9,Navarro E.,Golubic V.,2,2,ou,21.00,under,ft,2.023,7
zLthWTx9,Navarro E.,Golubic V.,2,2,ou,21.50,over,ft,1.877,10
zLthWTx9,Navarro E.,Golubic V.,2,2,ou,21.50,under,ft,1.896,10
zLthWTx9,Navarro E.,Golubic V.,2,2,ou,22.00,over,ft,1.99,7
zLthWTx9,Navarro E.,Golubic V.,2,2,ou,22.00,under,ft,1.797,7
zLthWTx9,Navarro E.,Golubic V.,2,2,ou,22.50,over,ft,2.113,10
zLthWTx9,Navarro E.,Golubic V.,2,2,ou,22.50,under,ft,1.692,10
zLthWTx9,Navarro E.,Golubic V.,2,2,ou,23.00,over,ft,2.201,7
zLthWTx9,Navarro E.,Golubic V.,2,2,ou,23.00,under,ft,1.649,7
zLthWTx9,Navarro E.,Golubic V.,2,2,ou,23.50,over,ft,2.334,5
zLthWTx9,Navarro E.,Golubic V.,2,2,ou,23.50,under,ft,1.57,5
zLthWTx9,Navarro E.,Golubic V.,2,2,ou,24.00,over,ft,2.435,4
zLthWTx9,Navarro E.,Golubic V.,2,2,ou,24.00,under,ft,1.53,4
zLthWTx9,Navarro E.,Golubic V.,2,2,ou,24.50,over,ft,2.446,5
zLthWTx9,Navarro E.,Golubic V.,2,2,ou,24.50,under,ft,1.528,5
zLthWTx9,Navarro E.,Golubic V.,2,2,ou,25.00,over,ft,2.58,1
zLthWTx9,Navarro E.,Golubic V.,2,2,ou,25.00,under,ft,1.43,1
zLthWTx9,Navarro E.,Golubic V.,2,2,ou,25.50,over,ft,2.64,1
zLthWTx9,Navarro E.,Golubic V.,2,2,ou,25.50,under,ft,1.41,1
zLthWTx9,Navarro E.,Golubic V.,2,2,ou,26.50,over,ft,2.85,2
zLthWTx9,Navarro E.,Golubic V.,2,2,ou,26.50,under,ft,1.365,2
zLthWTx9,Navarro E.,Golubic V.,2,2,ou,27.50,over,ft,3.33,1
zLthWTx9,Navarro E.,Golubic V.,2,2,ou,27.50,under,ft,1.27,1
zLthWTx9,Navarro E.,Golubic V.,2,2,ou,28.50,over,ft,3.65,1
zLthWTx9,Navarro E.,Golubic V.,2,2,ou,28.50,under,ft,1.23,1
zLthWTx9,Navarro E.,Golubic V.,2,2,ou,29.50,over,ft,4.17,1
zLthWTx9,Navarro E.,Golubic V.,2,2,ou,29.50,under,ft,1.18,1
zLthWTx9,Navarro E.,Golubic V.,2,2,ou,30.50,over,ft,4.95,1
zLthWTx9,Navarro E.,Golubic V.,2,2,ou,30.50,under,ft,1.13,1
zLthWTx9,Navarro E.,Golubic V.,2,2,ou,31.50,over,ft,6.06,1
zLthWTx9,Navarro E.,Golubic V.,2,2,ou,31.50,under,ft,1.08,1
zLthWTx9,Navarro E.,Golubic V.,2,2,ou,32.50,over,ft,7.57,1
zLthWTx9,Navarro E.,Golubic V.,2,2,ou,32.50,under,ft,1.05,1
zLthWTx9,Navarro E.,Golubic V.,2,2,ou,33.50,over,ft,8.94,1
zLthWTx9,Navarro E.,Golubic V.,2,2,ou,33.50,under,ft,1.03,1
zLthWTx9,Navarro E.,Golubic V.,2,2,ou,34.50,over,ft,9.94,1
zLthWTx9,Navarro E.,Golubic V.,2,2,hc,1.50,home,ft,1.147,7
zLthWTx9,Navarro E.,Golubic V.,2,2,hc,1.50,away,ft,5.171,7
zLthWTx9,Navarro E.,Golubic V.,2,2,hc,-1.50,home,ft,2.067,9
zLthWTx9,Navarro E.,Golubic V.,2,2,hc,-1.50,away,ft,1.71,9
zLthWTx9,Navarro E.,Golubic V.,2,2,hc,-0.50,home,ft,1.46,3
zLthWTx9,Navarro E.,Golubic V.,2,2,hc,-0.50,away,ft,2.71,3
zLthWTx9,Navarro E.,Golubic V.,2,2,hc,-1.00,home,ft,1.49,3
zLthWTx9,Navarro E.,Golubic V.,2,2,hc,-1.00,away,ft,2.64,3
zLthWTx9,Navarro E.,Golubic V.,2,2,hc,1.50,home,ft,1.29,1
zLthWTx9,Navarro E.,Golubic V.,2,2,hc,1.50,away,ft,3.25,1
zLthWTx9,Navarro E.,Golubic V.,2,2,hc,-1.50,home,ft,1.525,4
zLthWTx9,Navarro E.,Golubic V.,2,2,hc,-1.50,away,ft,2.487,4
zLthWTx9,Navarro E.,Golubic V.,2,2,hc,-2.00,home,ft,1.58,3
zLthWTx9,Navarro E.,Golubic V.,2,2,hc,-2.00,away,ft,2.37,3
zLthWTx9,Navarro E.,Golubic V.,2,2,hc,-2.50,home,ft,1.631,8
zLthWTx9,Navarro E.,Golubic V.,2,2,hc,-2.50,away,ft,2.241,8
zLthWTx9,Navarro E.,Golubic V.,2,2,hc,-3.00,home,ft,1.71,6
zLthWTx9,Navarro E.,Golubic V.,2,2,hc,-3.00,away,ft,2.137,6
zLthWTx9,Navarro E.,Golubic V.,2,2,hc,-3.50,home,ft,1.814,8
zLthWTx9,Navarro E.,Golubic V.,2,2,hc,-3.50,away,ft,1.966,8
zLthWTx9,Navarro E.,Golubic V.,2,2,hc,-4.00,home,ft,2.02,6
zLthWTx9,Navarro E.,Golubic V.,2,2,hc,-4.00,away,ft,1.798,6
zLthWTx9,Navarro E.,Golubic V.,2,2,hc,-4.50,home,ft,2.21,7
zLthWTx9,Navarro E.,Golubic V.,2,2,hc,-4.50,away,ft,1.66,7
zLthWTx9,Navarro E.,Golubic V.,2,2,hc,-5.00,home,ft,2.707,6
zLthWTx9,Navarro E.,Golubic V.,2,2,hc,-5.00,away,ft,1.458,6
zLthWTx9,Navarro E.,Golubic V.,2,2,hc,-5.50,home,ft,3.087,4
zLthWTx9,Navarro E.,Golubic V.,2,2,hc,-5.50,away,ft,1.36,4
zLthWTx9,Navarro E.,Golubic V.,2,2,hc,-6.00,home,ft,4.29,3
zLthWTx9,Navarro E.,Golubic V.,2,2,hc,-6.00,away,ft,1.22,3
zLthWTx9,Navarro E.,Golubic V.,2,2,hc,-6.50,home,ft,4.94,3
zLthWTx9,Navarro E.,Golubic V.,2,2,hc,-6.50,away,ft,1.18,3
65CIoCgD,Pliskova Ka.,Bouzkova M.,0,0,ou,2.50,over,ft,2.258,5
65CIoCgD,Pliskova Ka.,Bouzkova M.,0,0,ou,2.50,under,ft,1.614,5
65CIoCgD,Pliskova Ka.,Bouzkova M.,0,0,ou,14.50,under,ft,25.08,1
65CIoCgD,Pliskova Ka.,Bouzkova M.,0,0,ou,15.50,over,ft,1.02,1
65CIoCgD,Pliskova Ka.,Bouzkova M.,0,0,ou,15.50,under,ft,9.7,1
65CIoCgD,Pliskova Ka.,Bouzkova M.,0,0,ou,16.50,over,ft,1.06,1
65CIoCgD,Pliskova Ka.,Bouzkova M.,0,0,ou,16.50,under,ft,6.96,1
65CIoCgD,Pliskova Ka.,Bouzkova M.,0,0,ou,17.50,over,ft,1.15,1
65CIoCgD,Pliskova Ka.,Bouzkova M.,0,0,ou,17.50,under,ft,4.67,1
65CIoCgD,Pliskova Ka.,Bouzkova M.,0,0,ou,18.50,over,ft,1.261,7
65CIoCgD,Pliskova Ka.,Bouzkova M.,0,0,ou,18.50,under,ft,3.426,7
65CIoCgD,Pliskova Ka.,Bouzkova M.,0,0,ou,19.00,over,ft,1.3,3
65CIoCgD,Pliskova Ka.,Bouzkova M.,0,0,ou,19.00,under,ft,3.04,3
65CIoCgD,Pliskova Ka.,Bouzkova M.,0,0,ou,19.50,over,ft,1.357,4
65CIoCgD,Pliskova Ka.,Bouzkova M.,0,0,ou,19.50,under,ft,3.095,4
65CIoCgD,Pliskova Ka.,Bouzkova M.,0,0,ou,20.00,over,ft,1.39,4
65CIoCgD,Pliskova Ka.,Bouzkova M.,0,0,ou,20.00,under,ft,2.942,4
65CIoCgD,Pliskova Ka.,Bouzkova M.,0,0,ou,20.50,over,ft,1.554,8
65CIoCgD,Pliskova Ka.,Bouzkova M.,0,0,ou,20.50,under,ft,2.382,8
65CIoCgD,Pliskova Ka.,Bouzkova M.,0,0,ou,21.00,over,ft,1.616,7
65CIoCgD,Pliskova Ka.,Bouzkova M.,0,0,ou,21.00,under,ft,2.266,7
65CIoCgD,Pliskova Ka.,Bouzkova M.,0,0,ou,21.50,over,ft,1.702,10
65CIoCgD,Pliskova Ka.,Bouzkova M.,0,0,ou,21.50,under,ft,2.095,10
65CIoCgD,Pliskova Ka.,Bouzkova M.,0,0,ou,22.00,over,ft,1.821,7
65CIoCgD,Pliskova Ka.,Bouzkova M.,0,0,ou,22.00,under,ft,1.971,7
65CIoCgD,Pliskova Ka.,Bouzkova M.,0,0,ou,22.50,over,ft,1.94,10
65CIoCgD,Pliskova Ka.,Bouzkova M.,0,0,ou,22.50,under,ft,1.819,10
65CIoCgD,Pliskova Ka.,Bouzkova M.,0,0,ou,23.00,over,ft,2.059,7
65CIoCgD,Pliskova Ka.,Bouzkova M.,0,0,ou,23.00,under,ft,1.747,7
65CIoCgD,Pliskova Ka.,Bouzkova M.,0,0,ou,23.50,over,ft,2.144,7
65CIoCgD,Pliskova Ka.,Bouzkova M.,0,0,ou,23.50,under,ft,1.657,7
65CIoCgD,Pliskova Ka.,Bouzkova M.,0,0,ou,24.00,over,ft,2.178,4
65CIoCgD,Pliskova Ka.,Bouzkova M.,0,0,ou,24.00,under,ft,1.665,4
65CIoCgD,Pliskova Ka.,Bouzkova M.,0,0,ou,24.50,over,ft,2.23,8
65CIoCgD,Pliskova Ka.,Bouzkova M.,0,0,ou,24.50,under,ft,1.623,8
65CIoCgD,Pliskova Ka.,Bouzkova M.,0,0,ou,25.00,over,ft,2.325,4
65CIoCgD,Pliskova Ka.,Bouzkova M.,0,0,ou,25.00,under,ft,1.585,4
65CIoCgD,Pliskova Ka.,Bouzkova M.,0,0,ou,25.50,over,ft,2.433,4
65CIoCgD,Pliskova Ka.,Bouzkova M.,0,0,ou,25.50,under,ft,1.542,4
65CIoCgD,Pliskova Ka.,Bouzkova M.,0,0,ou,26.00,over,ft,2.57,1
65CIoCgD,Pliskova Ka.,Bouzkova M.,0,0,ou,26.00,under,ft,1.43,1
65CIoCgD,Pliskova Ka.,Bouzkova M.,0,0,ou,26.50,over,ft,2.783,4
65CIoCgD,Pliskova Ka.,Bouzkova M.,0,0,ou,26.50,under,ft,1.41,4
65CIoCgD,Pliskova Ka.,Bouzkova M.,0,0,ou,27.50,over,ft,3.0,1
65CIoCgD,Pliskova Ka.,Bouzkova M.,0,0,ou,27.50,under,ft,1.33,1
65CIoCgD,Pliskova Ka.,Bouzkova M.,0,0,ou,28.50,over,ft,3.35,1
65CIoCgD,Pliskova Ka.,Bouzkova M.,0,0,ou,28.50,under,ft,1.27,1
65CIoCgD,Pliskova Ka.,Bouzkova M.,0,0,ou,29.50,over,ft,3.7,1
65CIoCgD,Pliskova Ka.,Bouzkova M.,0,0,ou,29.50,under,ft,1.23,1
65CIoCgD,Pliskova Ka.,Bouzkova M.,0,0,ou,30.50,over,ft,4.38,1
65CIoCgD,Pliskova Ka.,Bouzkova M.,0,0,ou,30.50,under,ft,1.16,1
65CIoCgD,Pliskova Ka.,Bouzkova M.,0,0,ou,31.50,over,ft,5.41,1
65CIoCgD,Pliskova Ka.,Bouzkova M.,0,0,ou,31.50,under,ft,1.11,1
65CIoCgD,Pliskova Ka.,Bouzkova M.,0,0,ou,32.50,over,ft,6.74,1
65CIoCgD,Pliskova Ka.,Bouzkova M.,0,0,ou,32.50,under,ft,1.07,1
65CIoCgD,Pliskova Ka.,Bouzkova M.,0,0,ou,33.50,over,ft,8.06,1
65CIoCgD,Pliskova Ka.,Bouzkova M.,0,0,ou,33.50,under,ft,1.04,1
65CIoCgD,Pliskova Ka.,Bouzkova M.,0,0,ou,34.50,over,ft,9.19,1
65CIoCgD,Pliskova Ka.,Bouzkova M.,0,0,ou,34.50,under,ft,1.02,1
65CIoCgD,Pliskova Ka.,Bouzkova M.,0,0,hc,1.50,home,ft,1.382,9
65CIoCgD,Pliskova Ka.,Bouzkova M.,0,0,hc,1.50,away,ft,2.887,9
65CIoCgD,Pliskova Ka.,Bouzkova M.,0,0,hc,-1.50,home,ft,3.201,7
65CIoCgD,Pliskova Ka.,Bouzkova M.,0,0,hc,-1.50,away,ft,1.329,7
65CIoCgD,Pliskova Ka.,Bouzkova M.,0,0,hc,0,home,ft,2.008,6
65CIoCgD,Pliskova Ka.,Bouzkova M.,0,0,hc,0,away,ft,1.807,6
65CIoCgD,Pliskova Ka.,Bouzkova M.,0,0,hc,0.50,home,ft,1.898,9
65CIoCgD,Pliskova Ka.,Bouzkova M.,0,0,hc,0.50,away,ft,1.871,9
65CIoCgD,Pliskova Ka.,Bouzkova M.,0,0,hc,-0.50,home,ft,2.059,7
65CIoCgD,Pliskova Ka.,Bouzkova M.,0,0,hc,-0.50,away,ft,1.75,7
65CIoCgD,Pliskova Ka.,Bouzkova M.,0,0,hc,1.00,home,ft,1.822,6
65CIoCgD,Pliskova Ka.,Bouzkova M.,0,0,hc,1.00,away,ft,1.938,6
65CIoCgD,Pliskova Ka.,Bouzkova M.,0,0,hc,-1.00,home,ft,2.135,6
65CIoCgD,Pliskova Ka.,Bouzkova M.,0,0,hc,-1.00,away,ft,1.707,6
65CIoCgD,Pliskova Ka.,Bouzkova M.,0,0,hc,1.50,home,ft,1.788,8
65CIoCgD,Pliskova Ka.,Bouzkova M.,0,0,hc,1.50,away,ft,1.989,8
65CIoCgD,Pliskova Ka.,Bouzkova M.,0,0,hc,-1.50,home,ft,2.226,7
65CIoCgD,Pliskova Ka.,Bouzkova M.,0,0,hc,-1.50,away,ft,1.636,7
65CIoCgD,Pliskova Ka.,Bouzkova M.,0,0,hc,2.00,home,ft,1.73,6
65CIoCgD,Pliskova Ka.,Bouzkova M.,0,0,hc,2.00,away,ft,2.107,6
65CIoCgD,Pliskova Ka.,Bouzkova M.,0,0,hc,-2.00,home,ft,2.47,3
65CIoCgD,Pliskova Ka.,Bouzkova M.,0,0,hc,-2.00,away,ft,1.54,3
65CIoCgD,Pliskova Ka.,Bouzkova M.,0,0,hc,2.50,home,ft,1.66,5
65CIoCgD,Pliskova Ka.,Bouzkova M.,0,0,hc,2.50,away,ft,2.17,5
65CIoCgD,Pliskova Ka.,Bouzkova M.,0,0,hc,-2.50,home,ft,2.58,3
65CIoCgD,Pliskova Ka.,Bouzkova M.,0,0,hc,-2.50,away,ft,1.5,3
65CIoCgD,Pliskova Ka.,Bouzkova M.,0,0,hc,3.00,home,ft,1.56,3
65CIoCgD,Pliskova Ka.,Bouzkova M.,0,0,hc,3.00,away,ft,2.44,3
65CIoCgD,Pliskova Ka.,Bouzkova M.,0,0,hc,3.50,home,ft,1.482,6
65CIoCgD,Pliskova Ka.,Bouzkova M.,0,0,hc,3.50,away,ft,2.617,6
65CIoCgD,Pliskova Ka.,Bouzkova M.,0,0,hc,-3.50,home,ft,2.83,3
65CIoCgD,Pliskova Ka.,Bouzkova M.,0,0,hc,-3.50,away,ft,1.41,3
65CIoCgD,Pliskova Ka.,Bouzkova M.,0,0,hc,4.00,home,ft,1.37,3
65CIoCgD,Pliskova Ka.,Bouzkova M.,0,0,hc,4.00,away,ft,2.89,3
65CIoCgD,Pliskova Ka.,Bouzkova M.,0,0,hc,4.50,home,ft,1.32,3
65CIoCgD,Pliskova Ka.,Bouzkova M.,0,0,hc,4.50,away,ft,3.14,3
65CIoCgD,Pliskova Ka.,Bouzkova M.,0,0,hc,5.50,home,ft,1.177,3
65CIoCgD,Pliskova Ka.,Bouzkova M.,0,0,hc,5.50,away,ft,4.693,3
8QtZSQQ8,Li A.,Golubic V.,1,1,ou,2.50,over,ft,2.256,5
8QtZSQQ8,Li A.,Golubic V.,1,1,ou,2.50,under,ft,1.602,5
8QtZSQQ8,Li A.,Golubic V.,1,1,ou,14.50,under,ft,25.15,1
8QtZSQQ8,Li A.,Golubic V.,1,1,ou,15.50,over,ft,1.03,1
8QtZSQQ8,Li A.,Golubic V.,1,1,ou,15.50,under,ft,8.96,1
8QtZSQQ8,Li A.,Golubic V.,1,1,ou,16.50,over,ft,1.07,1
8QtZSQQ8,Li A.,Golubic V.,1,1,ou,16.50,under,ft,6.53,1
8QtZSQQ8,Li A.,Golubic V.,1,1,ou,17.50,over,ft,1.17,1
8QtZSQQ8,Li A.,Golubic V.,1,1,ou,17.50,under,ft,4.37,1
8QtZSQQ8,Li A.,Golubic V.,1,1,ou,18.50,over,ft,1.252,4
8QtZSQQ8,Li A.,Golubic V.,1,1,ou,18.50,under,ft,3.652,4
8QtZSQQ8,Li A.,Golubic V.,1,1,ou,19.00,over,ft,1.292,4
8QtZSQQ8,Li A.,Golubic V.,1,1,ou,19.00,under,ft,3.13,4
8QtZSQQ8,Li A.,Golubic V.,1,1,ou,19.50,over,ft,1.412,5
8QtZSQQ8,Li A.,Golubic V.,1,1,ou,19.50,under,ft,2.62,5
8QtZSQQ8,Li A.,Golubic V.,1,1,ou,20.00,over,ft,1.472,4
8QtZSQQ8,Li A.,Golubic V.,1,1,ou,20.00,under,ft,2.532,4
8QtZSQQ8,Li A.,Golubic V.,1,1,ou,20.50,over,ft,1.587,10
8QtZSQQ8,Li A.,Golubic V.,1,1,ou,20.50,under,ft,2.258,10
8QtZSQQ8,Li A.,Golubic V.,1,1,ou,21.00,over,ft,1.649,7
8QtZSQQ8,Li A.,Golubic V.,1,1,ou,21.00,under,ft,2.179,7
8QtZSQQ8,Li A.,Golubic V.,1,1,ou,21.50,over,ft,1.787,10
8QtZSQQ8,Li A.,Golubic V.,1,1,ou,21.50,under,ft,1.992,10
8QtZSQQ8,Li A.,Golubic V.,1,1,ou,22.00,over,ft,1.847,7
8QtZSQQ8,Li A.,Golubic V.,1,1,ou,22.00,under,ft,1.909,7
8QtZSQQ8,Li A.,Golubic V.,1,1,ou,22.50,over,ft,1.97,10
8QtZSQQ8,Li A.,Golubic V.,1,1,ou,22.50,under,ft,1.778,10
8QtZSQQ8,Li A.,Golubic V.,1,1,ou,23.00,over,ft,2.087,7
8QtZSQQ8,Li A.,Golubic V.,1,1,ou,23.00,under,ft,1.709,7
8QtZSQQ8,Li A.,Golubic V.,1,1,ou,23.50,over,ft,2.167,8
8QtZSQQ8,Li A.,Golubic V.,1,1,ou,23.50,under,ft,1.647,8
8QtZSQQ8,Li A.,Golubic V.,1,1,ou,24.00,over,ft,2.252,4
8QtZSQQ8,Li A.,Golubic V.,1,1,ou,24.00,under,ft,1.6,4
8QtZSQQ8,Li A.,Golubic V.,1,1,ou,24.50,over,ft,2.217,8
8QtZSQQ8,Li A.,Golubic V.,1,1,ou,24.50,under,ft,1.586,8
8QtZSQQ8,Li A.,Golubic V.,1,1,ou,25.00,over,ft,2.322,4
8QtZSQQ8,Li A.,Golubic V.,1,1,ou,25.00,under,ft,1.5,4
8QtZSQQ8,Li A.,Golubic V.,1,1,ou,25.50,over,ft,2.48,1
8QtZSQQ8,Li A.,Golubic V.,1,1,ou,25.50,under,ft,1.46,1
8QtZSQQ8,Li A.,Golubic V.,1,1,ou,26.50,over,ft,2.757,4
8QtZSQQ8,Li A.,Golubic V.,1,1,ou,26.50,under,ft,1.41,4
8QtZSQQ8,Li A.,Golubic V.,1,1,ou,27.50,over,ft,3.13,1
8QtZSQQ8,Li A.,Golubic V.,1,1,ou,27.50,under,ft,1.3,1
8QtZSQQ8,Li A.,Golubic V.,1,1,ou,28.50,over,ft,3.48,1
8QtZSQQ8,Li A.,Golubic V.,1,1,ou,28.50,under,ft,1.25,1
8QtZSQQ8,Li A.,Golubic V.,1,1,ou,29.50,over,ft,4.03,1
8QtZSQQ8,Li A.,Golubic V.,1,1,ou,29.50,under,ft,1.19,1
8QtZSQQ8,Li A.,Golubic V.,1,1,ou,30.50,over,ft,4.81,1
8QtZSQQ8,Li A.,Golubic V.,1,1,ou,30.50,under,ft,1.13,1
8QtZSQQ8,Li A.,Golubic V.,1,1,ou,31.50,over,ft,5.98,1
8QtZSQQ8,Li A.,Golubic V.,1,1,ou,31.50,under,ft,1.09,1
8QtZSQQ8,Li A.,Golubic V.,1,1,ou,32.50,over,ft,7.41,1
8QtZSQQ8,Li A.,Golubic V.,1,1,ou,32.50,under,ft,1.05,1
8QtZSQQ8,Li A.,Golubic V.,1,1,ou,33.50,over,ft,8.77,1
8QtZSQQ8,Li A.,Golubic V.,1,1,ou,33.50,under,ft,1.03,1
8QtZSQQ8,Li A.,Golubic V.,1,1,ou,34.50,over,ft,10.16,1
8QtZSQQ8,Li A.,Golubic V.,1,1,hc,1.50,home,ft,1.309,7
8QtZSQQ8,Li A.,Golubic V.,1,1,hc,1.50,away,ft,3.307,7
8QtZSQQ8,Li A.,Golubic V.,1,1,hc,-1.50,home,ft,2.788,9
8QtZSQQ8,Li A.,Golubic V.,1,1,hc,-1.50,away,ft,1.406,9
8QtZSQQ8,Li A.,Golubic V.,1,1,hc,0,home,ft,1.762,6
8QtZSQQ8,Li A.,Golubic V.,1,1,hc,0,away,ft,2.042,6
8QtZSQQ8,Li A.,Golubic V.,1,1,hc,0.50,home,ft,1.723,3
8QtZSQQ8,Li A.,Golubic V.,1,1,hc,0.50,away,ft,2.087,3
8QtZSQQ8,Li A.,Golubic V.,1,1,hc,-0.50,home,ft,1.808,8
8QtZSQQ8,Li A.,Golubic V.,1,1,hc,-0.50,away,ft,1.959,8
8QtZSQQ8,Li A.,Golubic V.,1,1,hc,1.00,home,ft,1.667,3
8QtZSQQ8,Li A.,Golubic V.,1,1,hc,1.00,away,ft,2.177,3
8QtZSQQ8,Li A.,Golubic V.,1,1,hc,-1.00,home,ft,1.87,6
8QtZSQQ8,Li A.,Golubic V.,1,1,hc,-1.00,away,ft,1.88,6
8QtZSQQ8,Li A.,Golubic V.,1,1,hc,1.50,home,ft,1.603,6
8QtZSQQ8,Li A.,Golubic V.,1,1,hc,1.50,away,ft,2.258,6
8QtZSQQ8,Li A.,Golubic V.,1,1,hc,-1.50,home,ft,1.911,8
8QtZSQQ8,Li A.,Golubic V.,1,1,hc,-1.50,away,ft,1.853,8
8QtZSQQ8,Li A.,Golubic V.,1,1,hc,2.00,home,ft,1.54,3
8QtZSQQ8,Li A.,Golubic V.,1,1,hc,2.00,away,ft,2.4,3
8QtZSQQ8,Li A.,Golubic V.,1,1,hc,-2.00,home,ft,2.037,6
8QtZSQQ8,Li A.,Golubic V.,1,1,hc,-2.00,away,ft,1.767,6
8QtZSQQ8,Li A.,Golubic V.,1,1,hc,-2.50,home,ft,2.133,7
8QtZSQQ8,Li A.,Golubic V.,1,1,hc,-2.50,away,ft,1.691,7
8QtZSQQ8,Li A.,Golubic V.,1,1,hc,-3.00,home,ft,2.337,3
8QtZSQQ8,Li A.,Golubic V.,1,1,hc,-3.00,away,ft,1.587,3
8QtZSQQ8,Li A.,Golubic V.,1,1,hc,3.50,home,ft,1.363,3
8QtZSQQ8,Li A.,Golubic V.,1,1,hc,3.50,away,ft,2.993,3
8QtZSQQ8,Li A.,Golubic V.,1,1,hc,-3.50,home,ft,2.458,6
8QtZSQQ8,Li A.,Golubic V.,1,1,hc,-3.50,away,ft,1.517,6
8QtZSQQ8,Li A.,Golubic V.,1,1,hc,-4.00,home,ft,2.89,3
8QtZSQQ8,Li A.,Golubic V.,1,1,hc,-4.00,away,ft,1.37,3
8QtZSQQ8,Li A.,Golubic V.,1,1,hc,-5.50,home,ft,4.583,3
8QtZSQQ8,Li A.,Golubic V.,1,1,hc,-5.50,away,ft,1.18,3
vDRpkh64,Bouzas Maneiro J.,Navarro E.,0,0,ou,2.50,over,ft,2.406,5
vDRpkh64,Bouzas Maneiro J.,Navarro E.,0,0,ou,2.50,under,ft,1.542,5
vDRpkh64,Bouzas Maneiro J.,Navarro E.,0,0,ou,14.50,under,ft,10.94,1
vDRpkh64,Bouzas Maneiro J.,Navarro E.,0,0,ou,15.50,over,ft,1.06,1
vDRpkh64,Bouzas Maneiro J.,Navarro E.,0,0,ou,15.50,under,ft,6.84,1
vDRpkh64,Bouzas Maneiro J.,Navarro E.,0,0,ou,16.50,over,ft,1.13,1
vDRpkh64,Bouzas Maneiro J.,Navarro E.,0,0,ou,16.50,under,ft,4.91,1
vDRpkh64,Bouzas Maneiro J.,Navarro E.,0,0,ou,17.50,over,ft,1.24,1
vDRpkh64,Bouzas Maneiro J.,Navarro E.,0,0,ou,17.50,under,ft,3.54,1
vDRpkh64,Bouzas Maneiro J.,Navarro E.,0,0,ou,18.00,over,ft,1.31,4
vDRpkh64,Bouzas Maneiro J.,Navarro E.,0,0,ou,18.00,under,ft,3.027,4
vDRpkh64,Bouzas Maneiro J.,Navarro E.,0,0,ou,18.50,over,ft,1.406,8
vDRpkh64,Bouzas Maneiro J.,Navarro E.,0,0,ou,18.50,under,ft,2.749,8
vDRpkh64,Bouzas Maneiro J.,Navarro E.,0,0,ou,19.00,over,ft,1.377,4
vDRpkh64,Bouzas Maneiro J.,Navarro E.,0,0,ou,19.00,under,ft,2.69,4
vDRpkh64,Bouzas Maneiro J.,Navarro E.,0,0,ou,19.50,over,ft,1.512,6
vDRpkh64,Bouzas Maneiro J.,Navarro E.,0,0,ou,19.50,under,ft,2.35,6
vDRpkh64,Bouzas Maneiro J.,Navarro E.,0,0,ou,20.00,over,ft,1.57,4
vDRpkh64,Bouzas Maneiro J.,Navarro E.,0,0,ou,20.00,under,ft,2.218,4
vDRpkh64,Bouzas Maneiro J.,Navarro E.,0,0,ou,20.50,over,ft,1.772,10
vDRpkh64,Bouzas Maneiro J.,Navarro E.,0,0,ou,20.50,under,ft,2.002,10
vDRpkh64,Bouzas Maneiro J.,Navarro E.,0,0,ou,21.00,over,ft,1.78,7
vDRpkh64,Bouzas Maneiro J.,Navarro E.,0,0,ou,21.00,under,ft,1.973,7
vDRpkh64,Bouzas Maneiro J.,Navarro E.,0,0,ou,21.50,over,ft,1.875,10
vDRpkh64,Bouzas Maneiro J.,Navarro E.,0,0,ou,21.50,under,ft,1.84,10
vDRpkh64,Bouzas Maneiro J.,Navarro E.,0,0,ou,22.00,over,ft,2.001,7
vDRpkh64,Bouzas Maneiro J.,Navarro E.,0,0,ou,22.00,under,ft,1.756,7
vDRpkh64,Bouzas Maneiro J.,Navarro E.,0,0,ou,22.50,over,ft,2.13,9
vDRpkh64,Bouzas Maneiro J.,Navarro E.,0,0,ou,22.50,under,ft,1.651,9
vDRpkh64,Bouzas Maneiro J.,Navarro E.,0,0,ou,23.00,over,ft,2.223,4
vDRpkh64,Bouzas Maneiro J.,Navarro E.,0,0,ou,23.00,under,ft,1.568,4
vDRpkh64,Bouzas Maneiro J.,Navarro E.,0,0,ou,23.50,over,ft,2.312,5
vDRpkh64,Bouzas Maneiro J.,Navarro E.,0,0,ou,23.50,under,ft,1.524,5
vDRpkh64,Bouzas Maneiro J.,Navarro E.,0,0,ou,24.00,over,ft,2.367,4
vDRpkh64,Bouzas Maneiro J.,Navarro E.,0,0,ou,24.00,under,ft,1.48,4
vDRpkh64,Bouzas Maneiro J.,Navarro E.,0,0,ou,24.50,over,ft,2.465,4
vDRpkh64,Bouzas Maneiro J.,Navarro E.,0,0,ou,24.50,under,ft,1.502,4
vDRpkh64,Bouzas Maneiro J.,Navarro E.,0,0,ou,25.50,over,ft,2.78,1
vDRpkh64,Bouzas Maneiro J.,Navarro E.,0,0,ou,25.50,under,ft,1.38,1
vDRpkh64,Bouzas Maneiro J.,Navarro E.,0,0,ou,26.50,over,ft,3.08,1
vDRpkh64,Bouzas Maneiro J.,Navarro E.,0,0,ou,26.50,under,ft,1.31,1
vDRpkh64,Bouzas Maneiro J.,Navarro E.,0,0,ou,27.50,over,ft,3.49,1
vDRpkh64,Bouzas Maneiro J.,Navarro E.,0,0,ou,27.50,under,ft,1.25,1
vDRpkh64,Bouzas Maneiro J.,Navarro E.,0,0,ou,28.50,over,ft,4.07,1
vDRpkh64,Bouzas Maneiro J.,Navarro E.,0,0,ou,28.50,under,ft,1.19,1
vDRpkh64,Bouzas Maneiro J.,Navarro E.,0,0,ou,29.50,over,ft,4.79,1
vDRpkh64,Bouzas Maneiro J.,Navarro E.,0,0,ou,29.50,under,ft,1.14,1
vDRpkh64,Bouzas Maneiro J.,Navarro E.,0,0,ou,30.50,over,ft,5.7,1
vDRpkh64,Bouzas Maneiro J.,Navarro E.,0,0,ou,30.50,under,ft,1.1,1
vDRpkh64,Bouzas Maneiro J.,Navarro E.,0,0,ou,31.50,over,ft,6.9,1
vDRpkh64,Bouzas Maneiro J.,Navarro E.,0,0,ou,31.50,under,ft,1.06,1
vDRpkh64,Bouzas Maneiro J.,Navarro E.,0,0,ou,32.50,over,ft,8.26,1
vDRpkh64,Bouzas Maneiro J.,Navarro E.,0,0,ou,32.50,under,ft,1.04,1
vDRpkh64,Bouzas Maneiro J.,Navarro E.,0,0,ou,33.50,over,ft,9.41,1
vDRpkh64,Bouzas Maneiro J.,Navarro E.,0,0,ou,33.50,under,ft,1.02,1
vDRpkh64,Bouzas Maneiro J.,Navarro E.,0,0,hc,1.50,home,ft,1.631,9
vDRpkh64,Bouzas Maneiro J.,Navarro E.,0,0,hc,1.50,away,ft,2.18,9
vDRpkh64,Bouzas Maneiro J.,Navarro E.,0,0,hc,-1.50,home,ft,4.327,7
vDRpkh64,Bouzas Maneiro J.,Navarro E.,0,0,hc,-1.50,away,ft,1.197,7
vDRpkh64,Bouzas Maneiro J.,Navarro E.,0,0,hc,1.00,home,ft,2.39,3
vDRpkh64,Bouzas Maneiro J.,Navarro E.,0,0,hc,1.00,away,ft,1.52,3
vDRpkh64,Bouzas Maneiro J.,Navarro E.,0,0,hc,1.50,home,ft,2.277,6
vDRpkh64,Bouzas Maneiro J.,Navarro E.,0,0,hc,1.50,away,ft,1.58,6
vDRpkh64,Bouzas Maneiro J.,Navarro E.,0,0,hc,-1.50,home,ft,2.93,3
vDRpkh64,Bouzas Maneiro J.,Navarro E.,0,0,hc,-1.50,away,ft,1.377,3
vDRpkh64,Bouzas Maneiro J.,Navarro E.,0,0,hc,2.00,home,ft,2.183,6
vDRpkh64,Bouzas Maneiro J.,Navarro E.,0,0,hc,2.00,away,ft,1.632,6
vDRpkh64,Bouzas Maneiro J.,Navarro E.,0,0,hc,2.50,home,ft,2.084,7
vDRpkh64,Bouzas Maneiro J.,Navarro E.,0,0,hc,2.50,away,ft,1.694,7
vDRpkh64,Bouzas Maneiro J.,Navarro E.,0,0,hc,3.00,home,ft,1.95,6
vDRpkh64,Bouzas Maneiro J.,Navarro E.,0,0,hc,3.00,away,ft,1.807,6
vDRpkh64,Bouzas Maneiro J.,Navarro E.,0,0,hc,3.50,home,ft,1.854,9
vDRpkh64,Bouzas Maneiro J.,Navarro E.,0,0,hc,3.50,away,ft,1.916,9
vDRpkh64,Bouzas Maneiro J.,Navarro E.,0,0,hc,4.00,home,ft,1.668,6
vDRpkh64,Bouzas Maneiro J.,Navarro E.,0,0,hc,4.00,away,ft,2.14,6
vDRpkh64,Bouzas Maneiro J.,Navarro E.,0,0,hc,4.50,home,ft,1.616,9
vDRpkh64,Bouzas Maneiro J.,Navarro E.,0,0,hc,4.50,away,ft,2.224,9
vDRpkh64,Bouzas Maneiro J.,Navarro E.,0,0,hc,5.00,home,ft,1.393,3
vDRpkh64,Bouzas Maneiro J.,Navarro E.,0,0,hc,5.00,away,ft,2.797,3
vDRpkh64,Bouzas Maneiro J.,Navarro E.,0,0,hc,5.50,home,ft,1.354,7
vDRpkh64,Bouzas Maneiro J.,Navarro E.,0,0,hc,5.50,away,ft,3.033,7
vDRpkh64,Bouzas Maneiro J.,Navarro E.,0,0,hc,6.00,home,ft,1.203,3
vDRpkh64,Bouzas Maneiro J.,Navarro E.,0,0,hc,6.00,away,ft,4.117,3
vDRpkh64,Bouzas Maneiro J.,Navarro E.,0,0,hc,6.50,home,ft,1.29,3
vDRpkh64,Bouzas Maneiro J.,Navarro E.,0,0,hc,6.50,away,ft,3.36,3
vDRpkh64,Bouzas Maneiro J.,Navarro E.,0,0,hc,7.00,home,ft,1.16,3
vDRpkh64,Bouzas Maneiro J.,Navarro E.,0,0,hc,7.00,away,ft,4.7,3
4Kfm4zNs,Pliskova Ka.,Gibson T.,2,2,ou,2.50,over,ft,2.244,5
4Kfm4zNs,Pliskova Ka.,Gibson T.,2,2,ou,2.50,under,ft,1.61,5
4Kfm4zNs,Pliskova Ka.,Gibson T.,2,2,ou,14.50,under,ft,27.85,1
4Kfm4zNs,Pliskova Ka.,Gibson T.,2,2,ou,15.50,under,ft,9.92,1
4Kfm4zNs,Pliskova Ka.,Gibson T.,2,2,ou,16.50,over,ft,1.05,1
4Kfm4zNs,Pliskova Ka.,Gibson T.,2,2,ou,16.50,under,ft,7.54,1
4Kfm4zNs,Pliskova Ka.,Gibson T.,2,2,ou,17.50,over,ft,1.12,1
4Kfm4zNs,Pliskova Ka.,Gibson T.,2,2,ou,17.50,under,ft,5.09,1
4Kfm4zNs,Pliskova Ka.,Gibson T.,2,2,ou,18.50,over,ft,1.257,6
4Kfm4zNs,Pliskova Ka.,Gibson T.,2,2,ou,18.50,under,ft,3.715,6
4Kfm4zNs,Pliskova Ka.,Gibson T.,2,2,ou,19.00,over,ft,1.275,4
4Kfm4zNs,Pliskova Ka.,Gibson T.,2,2,ou,19.00,under,ft,3.26,4
4Kfm4zNs,Pliskova Ka.,Gibson T.,2,2,ou,19.50,over,ft,1.392,5
4Kfm4zNs,Pliskova Ka.,Gibson T.,2,2,ou,19.50,under,ft,2.694,5
4Kfm4zNs,Pliskova Ka.,Gibson T.,2,2,ou,20.00,over,ft,1.365,4
4Kfm4zNs,Pliskova Ka.,Gibson T.,2,2,ou,20.00,under,ft,2.728,4
4Kfm4zNs,Pliskova Ka.,Gibson T.,2,2,ou,20.50,over,ft,1.496,7
4Kfm4zNs,Pliskova Ka.,Gibson T.,2,2,ou,20.50,under,ft,2.42,7
4Kfm4zNs,Pliskova Ka.,Gibson T.,2,2,ou,21.00,over,ft,1.545,4
4Kfm4zNs,Pliskova Ka.,Gibson T.,2,2,ou,21.00,under,ft,2.272,4
4Kfm4zNs,Pliskova Ka.,Gibson T.,2,2,ou,21.50,over,ft,1.646,10
4Kfm4zNs,Pliskova Ka.,Gibson T.,2,2,ou,21.50,under,ft,2.137,10
4Kfm4zNs,Pliskova Ka.,Gibson T.,2,2,ou,22.00,over,ft,1.749,7
4Kfm4zNs,Pliskova Ka.,Gibson T.,2,2,ou,22.00,under,ft,2.004,7
4Kfm4zNs,Pliskova Ka.,Gibson T.,2,2,ou,22.50,over,ft,1.92,10
4Kfm4zNs,Pliskova Ka.,Gibson T.,2,2,ou,22.50,under,ft,1.841,10
4Kfm4zNs,Pliskova Ka.,Gibson T.,2,2,ou,23.00,over,ft,1.981,7
4Kfm4zNs,Pliskova Ka.,Gibson T.,2,2,ou,23.00,under,ft,1.771,7
4Kfm4zNs,Pliskova Ka.,Gibson T.,2,2,ou,23.50,over,ft,2.101,10
4Kfm4zNs,Pliskova Ka.,Gibson T.,2,2,ou,23.50,under,ft,1.669,10
4Kfm4zNs,Pliskova Ka.,Gibson T.,2,2,ou,24.00,over,ft,2.132,4
4Kfm4zNs,Pliskova Ka.,Gibson T.,2,2,ou,24.00,under,ft,1.618,4
4Kfm4zNs,Pliskova Ka.,Gibson T.,2,2,ou,24.50,over,ft,2.149,7
4Kfm4zNs,Pliskova Ka.,Gibson T.,2,2,ou,24.50,under,ft,1.621,7
4Kfm4zNs,Pliskova Ka.,Gibson T.,2,2,ou,25.00,over,ft,2.245,4
4Kfm4zNs,Pliskova Ka.,Gibson T.,2,2,ou,25.00,under,ft,1.532,4
4Kfm4zNs,Pliskova Ka.,Gibson T.,2,2,ou,25.50,over,ft,2.583,4
4Kfm4zNs,Pliskova Ka.,Gibson T.,2,2,ou,25.50,under,ft,1.462,4
4Kfm4zNs,Pliskova Ka.,Gibson T.,2,2,ou,26.50,over,ft,2.807,6
4Kfm4zNs,Pliskova Ka.,Gibson T.,2,2,ou,26.50,under,ft,1.403,6
4Kfm4zNs,Pliskova Ka.,Gibson T.,2,2,ou,27.50,over,ft,2.84,1
4Kfm4zNs,Pliskova Ka.,Gibson T.,2,2,ou,27.50,under,ft,1.36,1
4Kfm4zNs,Pliskova Ka.,Gibson T.,2,2,ou,28.50,over,ft,3.18,1
4Kfm4zNs,Pliskova Ka.,Gibson T.,2,2,ou,28.50,under,ft,1.29,1
4Kfm4zNs,Pliskova Ka.,Gibson T.,2,2,ou,29.50,over,ft,3.69,1
4Kfm4zNs,Pliskova Ka.,Gibson T.,2,2,ou,29.50,under,ft,1.23,1
4Kfm4zNs,Pliskova Ka.,Gibson T.,2,2,ou,30.50,over,ft,4.38,1
4Kfm4zNs,Pliskova Ka.,Gibson T.,2,2,ou,30.50,under,ft,1.16,1
4Kfm4zNs,Pliskova Ka.,Gibson T.,2,2,ou,31.50,over,ft,5.36,1
4Kfm4zNs,Pliskova Ka.,Gibson T.,2,2,ou,31.50,under,ft,1.11,1
4Kfm4zNs,Pliskova Ka.,Gibson T.,2,2,ou,32.50,over,ft,6.76,1
4Kfm4zNs,Pliskova Ka.,Gibson T.,2,2,ou,32.50,under,ft,1.07,1
4Kfm4zNs,Pliskova Ka.,Gibson T.,2,2,ou,33.50,over,ft,7.92,1
4Kfm4zNs,Pliskova Ka.,Gibson T.,2,2,ou,33.50,under,ft,1.04,1
4Kfm4zNs,Pliskova Ka.,Gibson T.,2,2,ou,34.50,over,ft,9.16,1
4Kfm4zNs,Pliskova Ka.,Gibson T.,2,2,ou,34.50,under,ft,1.02,1
4Kfm4zNs,Pliskova Ka.,Gibson T.,2,2,hc,1.50,home,ft,1.236,7
4Kfm4zNs,Pliskova Ka.,Gibson T.,2,2,hc,1.50,away,ft,3.881,7
4Kfm4zNs,Pliskova Ka.,Gibson T.,2,2,hc,-1.50,home,ft,2.483,9
4Kfm4zNs,Pliskova Ka.,Gibson T.,2,2,hc,-1.50,away,ft,1.497,9
4Kfm4zNs,Pliskova Ka.,Gibson T.,2,2,hc,0,home,ft,1.573,3
4Kfm4zNs,Pliskova Ka.,Gibson T.,2,2,hc,0,away,ft,2.273,3
4Kfm4zNs,Pliskova Ka.,Gibson T.,2,2,hc,0.50,home,ft,1.6,3
4Kfm4zNs,Pliskova Ka.,Gibson T.,2,2,hc,0.50,away,ft,2.22,3
4Kfm4zNs,Pliskova Ka.,Gibson T.,2,2,hc,-0.50,home,ft,1.668,6
4Kfm4zNs,Pliskova Ka.,Gibson T.,2,2,hc,-0.50,away,ft,2.123,6
4Kfm4zNs,Pliskova Ka.,Gibson T.,2,2,hc,1.00,home,ft,1.56,3
4Kfm4zNs,Pliskova Ka.,Gibson T.,2,2,hc,1.00,away,ft,2.33,3
4Kfm4zNs,Pliskova Ka.,Gibson T.,2,2,hc,-1.00,home,ft,1.698,6
4Kfm4zNs,Pliskova Ka.,Gibson T.,2,2,hc,-1.00,away,ft,2.095,6
4Kfm4zNs,Pliskova Ka.,Gibson T.,2,2,hc,1.50,home,ft,1.488,5
4Kfm4zNs,Pliskova Ka.,Gibson T.,2,2,hc,1.50,away,ft,2.538,5
4Kfm4zNs,Pliskova Ka.,Gibson T.,2,2,hc,-1.50,home,ft,1.753,9
4Kfm4zNs,Pliskova Ka.,Gibson T.,2,2,hc,-1.50,away,ft,1.989,9
4Kfm4zNs,Pliskova Ka.,Gibson T.,2,2,hc,-2.00,home,ft,1.857,6
4Kfm4zNs,Pliskova Ka.,Gibson T.,2,2,hc,-2.00,away,ft,1.88,6
4Kfm4zNs,Pliskova Ka.,Gibson T.,2,2,hc,-2.50,home,ft,1.969,8
4Kfm4zNs,Pliskova Ka.,Gibson T.,2,2,hc,-2.50,away,ft,1.808,8
4Kfm4zNs,Pliskova Ka.,Gibson T.,2,2,hc,-3.00,home,ft,2.15,6
4Kfm4zNs,Pliskova Ka.,Gibson T.,2,2,hc,-3.00,away,ft,1.653,6
4Kfm4zNs,Pliskova Ka.,Gibson T.,2,2,hc,3.50,home,ft,1.25,2
4Kfm4zNs,Pliskova Ka.,Gibson T.,2,2,hc,3.50,away,ft,3.735,2
4Kfm4zNs,Pliskova Ka.,Gibson T.,2,2,hc,-3.50,home,ft,2.283,7
4Kfm4zNs,Pliskova Ka.,Gibson T.,2,2,hc,-3.50,away,ft,1.577,7
4Kfm4zNs,Pliskova Ka.,Gibson T.,2,2,hc,-4.00,home,ft,2.73,3
4Kfm4zNs,Pliskova Ka.,Gibson T.,2,2,hc,-4.00,away,ft,1.41,3
4Kfm4zNs,Pliskova Ka.,Gibson T.,2,2,hc,-4.50,home,ft,3.04,3
4Kfm4zNs,Pliskova Ka.,Gibson T.,2,2,hc,-4.50,away,ft,1.34,3
4Kfm4zNs,Pliskova Ka.,Gibson T.,2,2,hc,-5.00,home,ft,4.05,3
4Kfm4zNs,Pliskova Ka.,Gibson T.,2,2,hc,-5.00,away,ft,1.21,3
4Kfm4zNs,Pliskova Ka.,Gibson T.,2,2,hc,-5.50,home,ft,4.47,2
4Kfm4zNs,Pliskova Ka.,Gibson T.,2,2,hc,-5.50,away,ft,1.19,2
d0K2Pc6d,Bouzkova M.,Maria T.,2,2,ou,2.50,over,ft,2.386,5
d0K2Pc6d,Bouzkova M.,Maria T.,2,2,ou,2.50,under,ft,1.534,5
d0K2Pc6d,Bouzkova M.,Maria T.,2,2,ou,14.50,over,ft,1.02,1
d0K2Pc6d,Bouzkova M.,Maria T.,2,2,ou,14.50,under,ft,9.5,1
d0K2Pc6d,Bouzkova M.,Maria T.,2,2,ou,15.50,over,ft,1.06,1
d0K2Pc6d,Bouzkova M.,Maria T.,2,2,ou,15.50,under,ft,6.96,1
d0K2Pc6d,Bouzkova M.,Maria T.,2,2,ou,16.50,over,ft,1.13,1
d0K2Pc6d,Bouzkova M.,Maria T.,2,2,ou,16.50,under,ft,5.03,1
d0K2Pc6d,Bouzkova M.,Maria T.,2,2,ou,17.50,over,ft,1.2,1
d0K2Pc6d,Bouzkova M.,Maria T.,2,2,ou,17.50,under,ft,3.9,1
d0K2Pc6d,Bouzkova M.,Maria T.,2,2,ou,18.50,over,ft,1.321,7
d0K2Pc6d,Bouzkova M.,Maria T.,2,2,ou,18.50,under,ft,3.203,7
d0K2Pc6d,Bouzkova M.,Maria T.,2,2,ou,19.00,over,ft,1.367,4
d0K2Pc6d,Bouzkova M.,Maria T.,2,2,ou,19.00,under,ft,3.045,4
d0K2Pc6d,Bouzkova M.,Maria T.,2,2,ou,19.50,over,ft,1.5,5
d0K2Pc6d,Bouzkova M.,Maria T.,2,2,ou,19.50,under,ft,2.512,5
d0K2Pc6d,Bouzkova M.,Maria T.,2,2,ou,20.00,over,ft,1.555,4
d0K2Pc6d,Bouzkova M.,Maria T.,2,2,ou,20.00,under,ft,2.397,4
d0K2Pc6d,Bouzkova M.,Maria T.,2,2,ou,20.50,over,ft,1.672,10
d0K2Pc6d,Bouzkova M.,Maria T.,2,2,ou,20.50,under,ft,2.128,10
d0K2Pc6d,Bouzkova M.,Maria T.,2,2,ou,21.00,over,ft,1.759,7
d0K2Pc6d,Bouzkova M.,Maria T.,2,2,ou,21.00,under,ft,2.036,7
d0K2Pc6d,Bouzkova M.,Maria T.,2,2,ou,21.50,over,ft,1.86,10
d0K2Pc6d,Bouzkova M.,Maria T.,2,2,ou,21.50,under,ft,1.894,10
d0K2Pc6d,Bouzkova M.,Maria T.,2,2,ou,22.00,over,ft,1.987,7
d0K2Pc6d,Bouzkova M.,Maria T.,2,2,ou,22.00,under,ft,1.797,7
d0K2Pc6d,Bouzkova M.,Maria T.,2,2,ou,22.50,over,ft,2.104,10
d0K2Pc6d,Bouzkova M.,Maria T.,2,2,ou,22.50,under,ft,1.689,10
d0K2Pc6d,Bouzkova M.,Maria T.,2,2,ou,23.00,over,ft,2.158,5
d0K2Pc6d,Bouzkova M.,Maria T.,2,2,ou,23.00,under,ft,1.66,5
d0K2Pc6d,Bouzkova M.,Maria T.,2,2,ou,23.50,over,ft,2.25,6
d0K2Pc6d,Bouzkova M.,Maria T.,2,2,ou,23.50,under,ft,1.597,6
d0K2Pc6d,Bouzkova M.,Maria T.,2,2,ou,24.00,over,ft,2.375,4
d0K2Pc6d,Bouzkova M.,Maria T.,2,2,ou,24.00,under,ft,1.56,4
d0K2Pc6d,Bouzkova M.,Maria T.,2,2,ou,24.50,over,ft,2.474,8
d0K2Pc6d,Bouzkova M.,Maria T.,2,2,ou,24.50,under,ft,1.495,8
d0K2Pc6d,Bouzkova M.,Maria T.,2,2,ou,25.50,over,ft,2.845,4
d0K2Pc6d,Bouzkova M.,Maria T.,2,2,ou,25.50,under,ft,1.385,4
d0K2Pc6d,Bouzkova M.,Maria T.,2,2,ou,26.50,over,ft,3.23,4
d0K2Pc6d,Bouzkova M.,Maria T.,2,2,ou,26.50,under,ft,1.305,4
d0K2Pc6d,Bouzkova M.,Maria T.,2,2,ou,27.50,over,ft,3.41,1
d0K2Pc6d,Bouzkova M.,Maria T.,2,2,ou,27.50,under,ft,1.26,1
d0K2Pc6d,Bouzkova M.,Maria T.,2,2,ou,28.50,over,ft,4.03,1
d0K2Pc6d,Bouzkova M.,Maria T.,2,2,ou,28.50,under,ft,1.19,1
d0K2Pc6d,Bouzkova M.,Maria T.,2,2,ou,29.50,over,ft,4.83,1
d0K2Pc6d,Bouzkova M.,Maria T.,2,2,ou,29.50,under,ft,1.14,1
d0K2Pc6d,Bouzkova M.,Maria T.,2,2,ou,30.50,over,ft,5.79,1
d0K2Pc6d,Bouzkova M.,Maria T.,2,2,ou,30.50,under,ft,1.09,1
d0K2Pc6d,Bouzkova M.,Maria T.,2,2,ou,31.50,over,ft,7.05,1
d0K2Pc6d,Bouzkova M.,Maria T.,2,2,ou,31.50,under,ft,1.06,1
d0K2Pc6d,Bouzkova M.,Maria T.,2,2,ou,32.50,over,ft,8.27,1
d0K2Pc6d,Bouzkova M.,Maria T.,2,2,ou,32.50,under,ft,1.04,1
d0K2Pc6d,Bouzkova M.,Maria T.,2,2,ou,33.50,over,ft,9.5,1
d0K2Pc6d,Bouzkova M.,Maria T.,2,2,ou,33.50,under,ft,1.02,1
d0K2Pc6d,Bouzkova M.,Maria T.,2,2,hc,1.50,home,ft,1.266,7
d0K2Pc6d,Bouzkova M.,Maria T.,2,2,hc,1.50,away,ft,3.629,7
d0K2Pc6d,Bouzkova M.,Maria T.,2,2,hc,-1.50,home,ft,2.469,9
d0K2Pc6d,Bouzkova M.,Maria T.,2,2,hc,-1.50,away,ft,1.501,9
d0K2Pc6d,Bouzkova M.,Maria T.,2,2,hc,0,home,ft,1.69,3
d0K2Pc6d,Bouzkova M.,Maria T.,2,2,hc,0,away,ft,2.18,3
d0K2Pc6d,Bouzkova M.,Maria T.,2,2,hc,0.50,home,ft,1.63,4
d0K2Pc6d,Bouzkova M.,Maria T.,2,2,hc,0.50,away,ft,2.245,4
d0K2Pc6d,Bouzkova M.,Maria T.,2,2,hc,-0.50,home,ft,1.728,5
d0K2Pc6d,Bouzkova M.,Maria T.,2,2,hc,-0.50,away,ft,2.066,5
d0K2Pc6d,Bouzkova M.,Maria T.,2,2,hc,1.00,home,ft,1.6,3
d0K2Pc6d,Bouzkova M.,Maria T.,2,2,hc,1.00,away,ft,2.35,3
d0K2Pc6d,Bouzkova M.,Maria T.,2,2,hc,-1.00,home,ft,1.752,6
d0K2Pc6d,Bouzkova M.,Maria T.,2,2,hc,-1.00,away,ft,2.063,6
d0K2Pc6d,Bouzkova M.,Maria T.,2,2,hc,1.50,home,ft,1.512,6
d0K2Pc6d,Bouzkova M.,Maria T.,2,2,hc,1.50,away,ft,2.462,6
d0K2Pc6d,Bouzkova M.,Maria T.,2,2,hc,-1.50,home,ft,1.768,9
d0K2Pc6d,Bouzkova M.,Maria T.,2,2,hc,-1.50,away,ft,2.003,9
d0K2Pc6d,Bouzkova M.,Maria T.,2,2,hc,2.00,home,ft,1.56,3
d0K2Pc6d,Bouzkova M.,Maria T.,2,2,hc,2.00,away,ft,2.34,3
d0K2Pc6d,Bouzkova M.,Maria T.,2,2,hc,-2.00,home,ft,1.887,6
d0K2Pc6d,Bouzkova M.,Maria T.,2,2,hc,-2.00,away,ft,1.905,6
d0K2Pc6d,Bouzkova M.,Maria T.,2,2,hc,-2.50,home,ft,1.958,9
d0K2Pc6d,Bouzkova M.,Maria T.,2,2,hc,-2.50,away,ft,1.813,9
d0K2Pc6d,Bouzkova M.,Maria T.,2,2,hc,-3.00,home,ft,2.105,6
d0K2Pc6d,Bouzkova M.,Maria T.,2,2,hc,-3.00,away,ft,1.72,6
d0K2Pc6d,Bouzkova M.,Maria T.,2,2,hc,3.50,home,ft,1.303,3
d0K2Pc6d,Bouzkova M.,Maria T.,2,2,hc,3.50,away,ft,3.33,3
d0K2Pc6d,Bouzkova M.,Maria T.,2,2,hc,-3.50,home,ft,2.2,8
d0K2Pc6d,Bouzkova M.,Maria T.,2,2,hc,-3.50,away,ft,1.644,8
d0K2Pc6d,Bouzkova M.,Maria T.,2,2,hc,-4.00,home,ft,2.61,3
d0K2Pc6d,Bouzkova M.,Maria T.,2,2,hc,-4.00,away,ft,1.5,3
d0K2Pc6d,Bouzkova M.,Maria T.,2,2,hc,-4.50,home,ft,2.5,3
d0K2Pc6d,Bouzkova M.,Maria T.,2,2,hc,-4.50,away,ft,1.5,3
d0K2Pc6d,Bouzkova M.,Maria T.,2,2,hc,-5.00,home,ft,3.54,3
d0K2Pc6d,Bouzkova M.,Maria T.,2,2,hc,-5.00,away,ft,1.26,3
d0K2Pc6d,Bouzkova M.,Maria T.,2,2,hc,-5.50,home,ft,3.617,3
d0K2Pc6d,Bouzkova M.,Maria T.,2,2,hc,-5.50,away,ft,1.263,3
ptF0d7un,Li A.,Preston T.,2,2,ou,2.50,over,ft,2.41,5
ptF0d7un,Li A.,Preston T.,2,2,ou,2.50,under,ft,1.522,5
ptF0d7un,Li A.,Preston T.,2,2,ou,16.50,over,ft,1.11,1
ptF0d7un,Li A.,Preston T.,2,2,ou,16.50,under,ft,5.23,1
ptF0d7un,Li A.,Preston T.,2,2,ou,17.50,over,ft,1.2,1
ptF0d7un,Li A.,Preston T.,2,2,ou,17.50,under,ft,3.98,1
ptF0d7un,Li A.,Preston T.,2,2,ou,18.50,over,ft,1.306,7
ptF0d7un,Li A.,Preston T.,2,2,ou,18.50,under,ft,3.304,7
ptF0d7un,Li A.,Preston T.,2,2,ou,19.50,over,ft,1.485,6
ptF0d7un,Li A.,Preston T.,2,2,ou,19.50,under,ft,2.493,6
ptF0d7un,Li A.,Preston T.,2,2,ou,20.00,over,ft,1.55,1
ptF0d7un,Li A.,Preston T.,2,2,ou,20.00,under,ft,2.26,1
ptF0d7un,Li A.,Preston T.,2,2,ou,20.50,over,ft,1.648,10
ptF0d7un,Li A.,Preston T.,2,2,ou,20.50,under,ft,2.138,10
ptF0d7un,Li A.,Preston T.,2,2,ou,21.00,over,ft,1.726,7
ptF0d7un,Li A.,Preston T.,2,2,ou,21.00,under,ft,2.041,7
ptF0d7un,Li A.,Preston T.,2,2,ou,21.50,over,ft,1.843,10
ptF0d7un,Li A.,Preston T.,2,2,ou,21.50,under,ft,1.92,10
ptF0d7un,Li A.,Preston T.,2,2,ou,22.00,over,ft,1.966,7
ptF0d7un,Li A.,Preston T.,2,2,ou,22.00,under,ft,1.784,7
ptF0d7un,Li A.,Preston T.,2,2,ou,22.50,over,ft,2.086,10
ptF0d7un,Li A.,Preston T.,2,2,ou,22.50,under,ft,1.682,10
ptF0d7un,Li A.,Preston T.,2,2,ou,23.00,over,ft,2.215,4
ptF0d7un,Li A.,Preston T.,2,2,ou,23.00,under,ft,1.62,4
ptF0d7un,Li A.,Preston T.,2,2,ou,23.50,over,ft,2.252,6
ptF0d7un,Li A.,Preston T.,2,2,ou,23.50,under,ft,1.58,6
ptF0d7un,Li A.,Preston T.,2,2,ou,24.00,over,ft,2.37,1
ptF0d7un,Li A.,Preston T.,2,2,ou,24.00,under,ft,1.5,1
ptF0d7un,Li A.,Preston T.,2,2,ou,24.50,over,ft,2.404,7
ptF0d7un,Li A.,Preston T.,2,2,ou,24.50,under,ft,1.527,7
ptF0d7un,Li A.,Preston T.,2,2,ou,25.50,over,ft,2.65,5
ptF0d7un,Li A.,Preston T.,2,2,ou,25.50,under,ft,1.434,5
ptF0d7un,Li A.,Preston T.,2,2,ou,26.50,over,ft,2.984,7
ptF0d7un,Li A.,Preston T.,2,2,ou,26.50,under,ft,1.36,7
ptF0d7un,Li A.,Preston T.,2,2,ou,27.50,over,ft,3.21,1
ptF0d7un,Li A.,Preston T.,2,2,ou,27.50,under,ft,1.29,1
ptF0d7un,Li A.,Preston T.,2,2,ou,28.50,over,ft,3.7,1
ptF0d7un,Li A.,Preston T.,2,2,ou,28.50,under,ft,1.22,1
ptF0d7un,Li A.,Preston T.,2,2,ou,29.50,over,ft,4.39,1
ptF0d7un,Li A.,Preston T.,2,2,ou,29.50,under,ft,1.16,1
ptF0d7un,Li A.,Preston T.,2,2,ou,30.50,over,ft,5.31,1
ptF0d7un,Li A.,Preston T.,2,2,ou,30.50,under,ft,1.11,1
ptF0d7un,Li A.,Preston T.,2,2,hc,0.50,home,ft,1.65,1
ptF0d7un,Li A.,Preston T.,2,2,hc,0.50,away,ft,2.1,1
ptF0d7un,Li A.,Preston T.,2,2,hc,-0.50,home,ft,1.65,1
ptF0d7un,Li A.,Preston T.,2,2,hc,-0.50,away,ft,2.1,1
ptF0d7un,Li A.,Preston T.,2,2,hc,1.50,home,ft,1.194,7
ptF0d7un,Li A.,Preston T.,2,2,hc,1.50,away,ft,4.359,7
ptF0d7un,Li A.,Preston T.,2,2,hc,-1.50,home,ft,2.173,9
ptF0d7un,Li A.,Preston T.,2,2,hc,-1.50,away,ft,1.639,9
ptF0d7un,Li A.,Preston T.,2,2,hc,0,home,ft,1.54,3
ptF0d7un,Li A.,Preston T.,2,2,hc,0,away,ft,2.25,3
ptF0d7un,Li A.,Preston T.,2,2,hc,0.50,home,ft,1.545,4
ptF0d7un,Li A.,Preston T.,2,2,hc,0.50,away,ft,2.237,4
ptF0d7un,Li A.,Preston T.,2,2,hc,-0.50,home,ft,1.57,4
ptF0d7un,Li A.,Preston T.,2,2,hc,-0.50,away,ft,2.222,4
ptF0d7un,Li A.,Preston T.,2,2,hc,1.00,home,ft,1.47,3
ptF0d7un,Li A.,Preston T.,2,2,hc,1.00,away,ft,2.43,3
ptF0d7un,Li A.,Preston T.,2,2,hc,-1.00,home,ft,1.55,3
ptF0d7un,Li A.,Preston T.,2,2,hc,-1.00,away,ft,2.36,3
ptF0d7un,Li A.,Preston T.,2,2,hc,1.50,home,ft,1.373,3
ptF0d7un,Li A.,Preston T.,2,2,hc,1.50,away,ft,2.947,3
ptF0d7un,Li A.,Preston T.,2,2,hc,-1.50,home,ft,1.6,9
ptF0d7un,Li A.,Preston T.,2,2,hc,-1.50,away,ft,2.239,9
ptF0d7un,Li A.,Preston T.,2,2,hc,-2.00,home,ft,1.617,6
ptF0d7un,Li A.,Preston T.,2,2,hc,-2.00,away,ft,2.233,6
ptF0d7un,Li A.,Preston T.,2,2,hc,-2.50,home,ft,1.69,9
ptF0d7un,Li A.,Preston T.,2,2,hc,-2.50,away,ft,2.09,9
ptF0d7un,Li A.,Preston T.,2,2,hc,-3.00,home,ft,1.808,6
ptF0d7un,Li A.,Preston T.,2,2,hc,-3.00,away,ft,1.96,6
ptF0d7un,Li A.,Preston T.,2,2,hc,-3.50,home,ft,1.937,9
ptF0d7un,Li A.,Preston T.,2,2,hc,-3.50,away,ft,1.803,9
ptF0d7un,Li A.,Preston T.,2,2,hc,-4.00,home,ft,2.195,6
ptF0d7un,Li A.,Preston T.,2,2,hc,-4.00,away,ft,1.635,6
ptF0d7un,Li A.,Preston T.,2,2,hc,-4.50,home,ft,2.397,8
ptF0d7un,Li A.,Preston T.,2,2,hc,-4.50,away,ft,1.525,8
ptF0d7un,Li A.,Preston T.,2,2,hc,-5.00,home,ft,2.85,3
ptF0d7un,Li A.,Preston T.,2,2,hc,-5.00,away,ft,1.38,3
ptF0d7un,Li A.,Preston T.,2,2,hc,-5.50,home,ft,3.309,7
ptF0d7un,Li A.,Preston T.,2,2,hc,-5.50,away,ft,1.301,7
8A6OEy5j,Bouzkova M.,Klugman H.,2,2,ou,2.50,over,ft,3.362,5
8A6OEy5j,Bouzkova M.,Klugman H.,2,2,ou,2.50,under,ft,1.3,5
8A6OEy5j,Bouzkova M.,Klugman H.,2,2,ou,14.50,over,ft,1.03,1
8A6OEy5j,Bouzkova M.,Klugman H.,2,2,ou,14.50,under,ft,7.2,1
8A6OEy5j,Bouzkova M.,Klugman H.,2,2,ou,15.50,over,ft,1.113,4
8A6OEy5j,Bouzkova M.,Klugman H.,2,2,ou,15.50,under,ft,5.228,4
8A6OEy5j,Bouzkova M.,Klugman H.,2,2,ou,16.50,over,ft,1.222,8
8A6OEy5j,Bouzkova M.,Klugman H.,2,2,ou,16.50,under,ft,3.884,8
8A6OEy5j,Bouzkova M.,Klugman H.,2,2,ou,17.50,over,ft,1.423,6
8A6OEy5j,Bouzkova M.,Klugman H.,2,2,ou,17.50,under,ft,2.763,6
8A6OEy5j,Bouzkova M.,Klugman H.,2,2,ou,18.00,over,ft,1.554,7
8A6OEy5j,Bouzkova M.,Klugman H.,2,2,ou,18.00,under,ft,2.369,7
8A6OEy5j,Bouzkova M.,Klugman H.,2,2,ou,18.50,over,ft,1.637,10
8A6OEy5j,Bouzkova M.,Klugman H.,2,2,ou,18.50,under,ft,2.178,10
8A6OEy5j,Bouzkova M.,Klugman H.,2,2,ou,19.00,over,ft,1.849,7
8A6OEy5j,Bouzkova M.,Klugman H.,2,2,ou,19.00,under,ft,1.904,7
8A6OEy5j,Bouzkova M.,Klugman H.,2,2,ou,19.50,over,ft,1.925,10
8A6OEy5j,Bouzkova M.,Klugman H.,2,2,ou,19.50,under,ft,1.84,10
8A6OEy5j,Bouzkova M.,Klugman H.,2,2,ou,20.00,over,ft,2.133,7
8A6OEy5j,Bouzkova M.,Klugman H.,2,2,ou,20.00,under,ft,1.664,7
8A6OEy5j,Bouzkova M.,Klugman H.,2,2,ou,20.50,over,ft,2.196,10
8A6OEy5j,Bouzkova M.,Klugman H.,2,2,ou,20.50,under,ft,1.632,10
8A6OEy5j,Bouzkova M.,Klugman H.,2,2,ou,21.00,over,ft,2.31,1
8A6OEy5j,Bouzkova M.,Klugman H.,2,2,ou,21.00,under,ft,1.53,1
8A6OEy5j,Bouzkova M.,Klugman H.,2,2,ou,21.50,over,ft,2.416,5
8A6OEy5j,Bouzkova M.,Klugman H.,2,2,ou,21.50,under,ft,1.538,5
8A6OEy5j,Bouzkova M.,Klugman H.,2,2,ou,22.50,over,ft,2.867,7
8A6OEy5j,Bouzkova M.,Klugman H.,2,2,ou,22.50,under,ft,1.364,7
8A6OEy5j,Bouzkova M.,Klugman H.,2,2,ou,23.50,over,ft,3.05,4
8A6OEy5j,Bouzkova M.,Klugman H.,2,2,ou,23.50,under,ft,1.312,4
8A6OEy5j,Bouzkova M.,Klugman H.,2,2,ou,24.50,over,ft,3.298,5
8A6OEy5j,Bouzkova M.,Klugman H.,2,2,ou,24.50,under,ft,1.274,5
8A6OEy5j,Bouzkova M.,Klugman H.,2,2,ou,25.50,over,ft,3.24,1
8A6OEy5j,Bouzkova M.,Klugman H.,2,2,ou,25.50,under,ft,1.29,1
8A6OEy5j,Bouzkova M.,Klugman H.,2,2,ou,26.50,over,ft,3.4,1
8A6OEy5j,Bouzkova M.,Klugman H.,2,2,ou,26.50,under,ft,1.26,1
8A6OEy5j,Bouzkova M.,Klugman H.,2,2,ou,27.50,over,ft,3.76,1
8A6OEy5j,Bouzkova M.,Klugman H.,2,2,ou,27.50,under,ft,1.22,1
8A6OEy5j,Bouzkova M.,Klugman H.,2,2,ou,28.50,over,ft,4.28,1
8A6OEy5j,Bouzkova M.,Klugman H.,2,2,ou,28.50,under,ft,1.17,1
8A6OEy5j,Bouzkova M.,Klugman H.,2,2,ou,29.50,over,ft,4.96,1
8A6OEy5j,Bouzkova M.,Klugman H.,2,2,ou,29.50,under,ft,1.13,1
8A6OEy5j,Bouzkova M.,Klugman H.,2,2,ou,30.50,over,ft,5.8,1
8A6OEy5j,Bouzkova M.,Klugman H.,2,2,ou,30.50,under,ft,1.09,1
8A6OEy5j,Bouzkova M.,Klugman H.,2,2,hc,1.50,home,ft,1.054,7
8A6OEy5j,Bouzkova M.,Klugman H.,2,2,hc,1.50,away,ft,8.531,7
8A6OEy5j,Bouzkova M.,Klugman H.,2,2,hc,-1.50,home,ft,1.501,9
8A6OEy5j,Bouzkova M.,Klugman H.,2,2,hc,-1.50,away,ft,2.476,9
8A6OEy5j,Bouzkova M.,Klugman H.,2,2,hc,-1.50,home,ft,1.19,3
8A6OEy5j,Bouzkova M.,Klugman H.,2,2,hc,-1.50,away,ft,4.383,3
8A6OEy5j,Bouzkova M.,Klugman H.,2,2,hc,-3.50,home,ft,1.335,6
8A6OEy5j,Bouzkova M.,Klugman H.,2,2,hc,-3.50,away,ft,3.217,6
8A6OEy5j,Bouzkova M.,Klugman H.,2,2,hc,-4.00,home,ft,1.42,3
8A6OEy5j,Bouzkova M.,Klugman H.,2,2,hc,-4.00,away,ft,2.9,3
8A6OEy5j,Bouzkova M.,Klugman H.,2,2,hc,-4.50,home,ft,1.55,7
8A6OEy5j,Bouzkova M.,Klugman H.,2,2,hc,-4.50,away,ft,2.417,7
8A6OEy5j,Bouzkova M.,Klugman H.,2,2,hc,-5.00,home,ft,1.682,6
8A6OEy5j,Bouzkova M.,Klugman H.,2,2,hc,-5.00,away,ft,2.177,6
8A6OEy5j,Bouzkova M.,Klugman H.,2,2,hc,-5.50,home,ft,1.867,8
8A6OEy5j,Bouzkova M.,Klugman H.,2,2,hc,-5.50,away,ft,1.887,8
8A6OEy5j,Bouzkova M.,Klugman H.,2,2,hc,-6.00,home,ft,2.252,6
8A6OEy5j,Bouzkova M.,Klugman H.,2,2,hc,-6.00,away,ft,1.637,6
8A6OEy5j,Bouzkova M.,Klugman H.,2,2,hc,-6.50,home,ft,2.55,7
8A6OEy5j,Bouzkova M.,Klugman H.,2,2,hc,-6.50,away,ft,1.496,7
8A6OEy5j,Bouzkova M.,Klugman H.,2,2,hc,-7.00,home,ft,3.77,3
8A6OEy5j,Bouzkova M.,Klugman H.,2,2,hc,-7.00,away,ft,1.27,3
8A6OEy5j,Bouzkova M.,Klugman H.,2,2,hc,-7.50,home,ft,4.27,6
8A6OEy5j,Bouzkova M.,Klugman H.,2,2,hc,-7.50,away,ft,1.212,6
jaoYvqWH,Pliskova Ka.,McNally C.,2,2,ou,2.50,over,ft,2.398,5
jaoYvqWH,Pliskova Ka.,McNally C.,2,2,ou,2.50,under,ft,1.542,5
jaoYvqWH,Pliskova Ka.,McNally C.,2,2,ou,16.50,over,ft,1.08,1
jaoYvqWH,Pliskova Ka.,McNally C.,2,2,ou,16.50,under,ft,6.2,1
jaoYvqWH,Pliskova Ka.,McNally C.,2,2,ou,17.50,over,ft,1.16,1
jaoYvqWH,Pliskova Ka.,McNally C.,2,2,ou,17.50,under,ft,4.43,1
jaoYvqWH,Pliskova Ka.,McNally C.,2,2,ou,18.50,over,ft,1.267,7
jaoYvqWH,Pliskova Ka.,McNally C.,2,2,ou,18.50,under,ft,3.397,7
jaoYvqWH,Pliskova Ka.,McNally C.,2,2,ou,19.50,over,ft,1.452,5
jaoYvqWH,Pliskova Ka.,McNally C.,2,2,ou,19.50,under,ft,2.662,5
jaoYvqWH,Pliskova Ka.,McNally C.,2,2,ou,20.00,over,ft,1.49,1
jaoYvqWH,Pliskova Ka.,McNally C.,2,2,ou,20.00,under,ft,2.4,1
jaoYvqWH,Pliskova Ka.,McNally C.,2,2,ou,20.50,over,ft,1.62,10
jaoYvqWH,Pliskova Ka.,McNally C.,2,2,ou,20.50,under,ft,2.218,10
jaoYvqWH,Pliskova Ka.,McNally C.,2,2,ou,21.00,over,ft,1.698,4
jaoYvqWH,Pliskova Ka.,McNally C.,2,2,ou,21.00,under,ft,2.105,4
jaoYvqWH,Pliskova Ka.,McNally C.,2,2,ou,21.50,over,ft,1.823,10
jaoYvqWH,Pliskova Ka.,McNally C.,2,2,ou,21.50,under,ft,1.941,10
jaoYvqWH,Pliskova Ka.,McNally C.,2,2,ou,22.00,over,ft,1.917,4
jaoYvqWH,Pliskova Ka.,McNally C.,2,2,ou,22.00,under,ft,1.843,4
jaoYvqWH,Pliskova Ka.,McNally C.,2,2,ou,22.50,over,ft,2.035,10
jaoYvqWH,Pliskova Ka.,McNally C.,2,2,ou,22.50,under,ft,1.734,10
jaoYvqWH,Pliskova Ka.,McNally C.,2,2,ou,23.00,over,ft,2.183,4
jaoYvqWH,Pliskova Ka.,McNally C.,2,2,ou,23.00,under,ft,1.643,4
jaoYvqWH,Pliskova Ka.,McNally C.,2,2,ou,23.50,over,ft,2.224,5
jaoYvqWH,Pliskova Ka.,McNally C.,2,2,ou,23.50,under,ft,1.63,5
jaoYvqWH,Pliskova Ka.,McNally C.,2,2,ou,24.00,over,ft,2.27,1
jaoYvqWH,Pliskova Ka.,McNally C.,2,2,ou,24.00,under,ft,1.55,1
jaoYvqWH,Pliskova Ka.,McNally C.,2,2,ou,24.50,over,ft,2.355,8
jaoYvqWH,Pliskova Ka.,McNally C.,2,2,ou,24.50,under,ft,1.528,8
jaoYvqWH,Pliskova Ka.,McNally C.,2,2,ou,25.50,over,ft,2.615,4
jaoYvqWH,Pliskova Ka.,McNally C.,2,2,ou,25.50,under,ft,1.41,4
jaoYvqWH,Pliskova Ka.,McNally C.,2,2,ou,26.50,over,ft,2.977,7
jaoYvqWH,Pliskova Ka.,McNally C.,2,2,ou,26.50,under,ft,1.341,7
jaoYvqWH,Pliskova Ka.,McNally C.,2,2,ou,27.50,over,ft,3.13,1
jaoYvqWH,Pliskova Ka.,McNally C.,2,2,ou,27.50,under,ft,1.3,1
jaoYvqWH,Pliskova Ka.,McNally C.,2,2,ou,28.50,over,ft,3.46,1
jaoYvqWH,Pliskova Ka.,McNally C.,2,2,ou,28.50,under,ft,1.25,1
jaoYvqWH,Pliskova Ka.,McNally C.,2,2,ou,29.50,over,ft,4.11,1
jaoYvqWH,Pliskova Ka.,McNally C.,2,2,ou,29.50,under,ft,1.19,1
jaoYvqWH,Pliskova Ka.,McNally C.,2,2,ou,30.50,over,ft,4.91,1
jaoYvqWH,Pliskova Ka.,McNally C.,2,2,ou,30.50,under,ft,1.13,1
jaoYvqWH,Pliskova Ka.,McNally C.,2,2,ou,31.50,over,ft,6.09,1
jaoYvqWH,Pliskova Ka.,McNally C.,2,2,ou,31.50,under,ft,1.08,1
jaoYvqWH,Pliskova Ka.,McNally C.,2,2,hc,1.50,home,ft,1.399,9
jaoYvqWH,Pliskova Ka.,McNally C.,2,2,hc,1.50,away,ft,2.806,9
jaoYvqWH,Pliskova Ka.,McNally C.,2,2,hc,-1.50,home,ft,3.12,8
jaoYvqWH,Pliskova Ka.,McNally C.,2,2,hc,-1.50,away,ft,1.339,8
jaoYvqWH,Pliskova Ka.,McNally C.,2,2,hc,0,home,ft,1.998,6
jaoYvqWH,Pliskova Ka.,McNally C.,2,2,hc,0,away,ft,1.803,6
jaoYvqWH,Pliskova Ka.,McNally C.,2,2,hc,0.50,home,ft,1.907,9
jaoYvqWH,Pliskova Ka.,McNally C.,2,2,hc,0.50,away,ft,1.853,9
jaoYvqWH,Pliskova Ka.,McNally C.,2,2,hc,-0.50,home,ft,2.009,8
jaoYvqWH,Pliskova Ka.,McNally C.,2,2,hc,-0.50,away,ft,1.764,8
jaoYvqWH,Pliskova Ka.,McNally C.,2,2,hc,1.00,home,ft,1.825,6
jaoYvqWH,Pliskova Ka.,McNally C.,2,2,hc,1.00,away,ft,1.895,6
jaoYvqWH,Pliskova Ka.,McNally C.,2,2,hc,-1.00,home,ft,2.153,3
jaoYvqWH,Pliskova Ka.,McNally C.,2,2,hc,-1.00,away,ft,1.7,3
jaoYvqWH,Pliskova Ka.,McNally C.,2,2,hc,1.50,home,ft,1.806,8
jaoYvqWH,Pliskova Ka.,McNally C.,2,2,hc,1.50,away,ft,1.961,8
jaoYvqWH,Pliskova Ka.,McNally C.,2,2,hc,-1.50,home,ft,2.157,7
jaoYvqWH,Pliskova Ka.,McNally C.,2,2,hc,-1.50,away,ft,1.681,7
jaoYvqWH,Pliskova Ka.,McNally C.,2,2,hc,2.00,home,ft,1.743,6
jaoYvqWH,Pliskova Ka.,McNally C.,2,2,hc,2.00,away,ft,2.083,6
jaoYvqWH,Pliskova Ka.,McNally C.,2,2,hc,-2.00,home,ft,2.2,3
jaoYvqWH,Pliskova Ka.,McNally C.,2,2,hc,-2.00,away,ft,1.57,3
jaoYvqWH,Pliskova Ka.,McNally C.,2,2,hc,2.50,home,ft,1.706,7
jaoYvqWH,Pliskova Ka.,McNally C.,2,2,hc,2.50,away,ft,2.124,7
jaoYvqWH,Pliskova Ka.,McNally C.,2,2,hc,-2.50,home,ft,2.22,3
jaoYvqWH,Pliskova Ka.,McNally C.,2,2,hc,-2.50,away,ft,1.56,3
jaoYvqWH,Pliskova Ka.,McNally C.,2,2,hc,3.00,home,ft,1.54,3
jaoYvqWH,Pliskova Ka.,McNally C.,2,2,hc,3.00,away,ft,2.25,3
jaoYvqWH,Pliskova Ka.,McNally C.,2,2,hc,3.50,home,ft,1.497,6
jaoYvqWH,Pliskova Ka.,McNally C.,2,2,hc,3.50,away,ft,2.437,6
jaoYvqWH,Pliskova Ka.,McNally C.,2,2,hc,-3.50,home,ft,2.827,3
jaoYvqWH,Pliskova Ka.,McNally C.,2,2,hc,-3.50,away,ft,1.403,3
jaoYvqWH,Pliskova Ka.,McNally C.,2,2,hc,4.00,home,ft,1.41,3
jaoYvqWH,Pliskova Ka.,McNally C.,2,2,hc,4.00,away,ft,2.6,3
jaoYvqWH,Pliskova Ka.,McNally C.,2,2,hc,5.50,home,ft,1.187,3
jaoYvqWH,Pliskova Ka.,McNally C.,2,2,hc,5.50,away,ft,4.497,3
h4oYaWSH,Golubic V.,Sonmez Z.,2,2,ou,2.50,over,ft,2.374,5
h4oYaWSH,Golubic V.,Sonmez Z.,2,2,ou,2.50,under,ft,1.552,5
h4oYaWSH,Golubic V.,Sonmez Z.,2,2,ou,16.50,over,ft,1.1,1
h4oYaWSH,Golubic V.,Sonmez Z.,2,2,ou,16.50,under,ft,5.52,1
h4oYaWSH,Golubic V.,Sonmez Z.,2,2,ou,17.50,over,ft,1.19,1
h4oYaWSH,Golubic V.,Sonmez Z.,2,2,ou,17.50,under,ft,4.03,1
h4oYaWSH,Golubic V.,Sonmez Z.,2,2,ou,18.50,over,ft,1.319,7
h4oYaWSH,Golubic V.,Sonmez Z.,2,2,ou,18.50,under,ft,3.107,7
h4oYaWSH,Golubic V.,Sonmez Z.,2,2,ou,19.00,over,ft,1.365,2
h4oYaWSH,Golubic V.,Sonmez Z.,2,2,ou,19.00,under,ft,2.85,2
h4oYaWSH,Golubic V.,Sonmez Z.,2,2,ou,19.50,over,ft,1.475,6
h4oYaWSH,Golubic V.,Sonmez Z.,2,2,ou,19.50,under,ft,2.437,6
h4oYaWSH,Golubic V.,Sonmez Z.,2,2,ou,20.00,over,ft,1.56,2
h4oYaWSH,Golubic V.,Sonmez Z.,2,2,ou,20.00,under,ft,2.25,2
h4oYaWSH,Golubic V.,Sonmez Z.,2,2,ou,20.50,over,ft,1.67,10
h4oYaWSH,Golubic V.,Sonmez Z.,2,2,ou,20.50,under,ft,2.079,10
h4oYaWSH,Golubic V.,Sonmez Z.,2,2,ou,21.00,over,ft,1.736,7
h4oYaWSH,Golubic V.,Sonmez Z.,2,2,ou,21.00,under,ft,2.03,7
h4oYaWSH,Golubic V.,Sonmez Z.,2,2,ou,21.50,over,ft,1.875,10
h4oYaWSH,Golubic V.,Sonmez Z.,2,2,ou,21.50,under,ft,1.892,10
h4oYaWSH,Golubic V.,Sonmez Z.,2,2,ou,22.00,over,ft,1.937,7
h4oYaWSH,Golubic V.,Sonmez Z.,2,2,ou,22.00,under,ft,1.803,7
h4oYaWSH,Golubic V.,Sonmez Z.,2,2,ou,22.50,over,ft,2.109,10
h4oYaWSH,Golubic V.,Sonmez Z.,2,2,ou,22.50,under,ft,1.65,10
h4oYaWSH,Golubic V.,Sonmez Z.,2,2,ou,23.00,over,ft,2.15,7
h4oYaWSH,Golubic V.,Sonmez Z.,2,2,ou,23.00,under,ft,1.644,7
h4oYaWSH,Golubic V.,Sonmez Z.,2,2,ou,23.50,over,ft,2.33,6
h4oYaWSH,Golubic V.,Sonmez Z.,2,2,ou,23.50,under,ft,1.517,6
h4oYaWSH,Golubic V.,Sonmez Z.,2,2,ou,24.00,over,ft,2.385,2
h4oYaWSH,Golubic V.,Sonmez Z.,2,2,ou,24.00,under,ft,1.505,2
h4oYaWSH,Golubic V.,Sonmez Z.,2,2,ou,24.50,over,ft,2.469,8
h4oYaWSH,Golubic V.,Sonmez Z.,2,2,ou,24.50,under,ft,1.481,8
h4oYaWSH,Golubic V.,Sonmez Z.,2,2,ou,25.50,over,ft,2.795,4
h4oYaWSH,Golubic V.,Sonmez Z.,2,2,ou,25.50,under,ft,1.365,4
h4oYaWSH,Golubic V.,Sonmez Z.,2,2,ou,26.50,over,ft,3.18,4
h4oYaWSH,Golubic V.,Sonmez Z.,2,2,ou,26.50,under,ft,1.292,4
h4oYaWSH,Golubic V.,Sonmez Z.,2,2,ou,27.50,over,ft,3.22,1
h4oYaWSH,Golubic V.,Sonmez Z.,2,2,ou,27.50,under,ft,1.29,1
h4oYaWSH,Golubic V.,Sonmez Z.,2,2,ou,28.50,over,ft,3.67,1
h4oYaWSH,Golubic V.,Sonmez Z.,2,2,ou,28.50,under,ft,1.23,1
h4oYaWSH,Golubic V.,Sonmez Z.,2,2,ou,29.50,over,ft,4.39,1
h4oYaWSH,Golubic V.,Sonmez Z.,2,2,ou,29.50,under,ft,1.16,1
h4oYaWSH,Golubic V.,Sonmez Z.,2,2,ou,30.50,over,ft,5.31,1
h4oYaWSH,Golubic V.,Sonmez Z.,2,2,ou,30.50,under,ft,1.11,1
h4oYaWSH,Golubic V.,Sonmez Z.,2,2,hc,1.50,home,ft,1.514,9
h4oYaWSH,Golubic V.,Sonmez Z.,2,2,hc,1.50,away,ft,2.431,9
h4oYaWSH,Golubic V.,Sonmez Z.,2,2,hc,-1.50,home,ft,3.723,7
h4oYaWSH,Golubic V.,Sonmez Z.,2,2,hc,-1.50,away,ft,1.253,7
h4oYaWSH,Golubic V.,Sonmez Z.,2,2,hc,0,home,ft,2.25,3
h4oYaWSH,Golubic V.,Sonmez Z.,2,2,hc,0,away,ft,1.54,3
h4oYaWSH,Golubic V.,Sonmez Z.,2,2,hc,0.50,home,ft,2.109,7
h4oYaWSH,Golubic V.,Sonmez Z.,2,2,hc,0.50,away,ft,1.656,7
h4oYaWSH,Golubic V.,Sonmez Z.,2,2,hc,-0.50,home,ft,2.18,3
h4oYaWSH,Golubic V.,Sonmez Z.,2,2,hc,-0.50,away,ft,1.57,3
h4oYaWSH,Golubic V.,Sonmez Z.,2,2,hc,1.00,home,ft,2.077,6
h4oYaWSH,Golubic V.,Sonmez Z.,2,2,hc,1.00,away,ft,1.692,6
h4oYaWSH,Golubic V.,Sonmez Z.,2,2,hc,-1.00,home,ft,2.27,3
h4oYaWSH,Golubic V.,Sonmez Z.,2,2,hc,-1.00,away,ft,1.53,3
h4oYaWSH,Golubic V.,Sonmez Z.,2,2,hc,1.50,home,ft,1.996,9
h4oYaWSH,Golubic V.,Sonmez Z.,2,2,hc,1.50,away,ft,1.731,9
h4oYaWSH,Golubic V.,Sonmez Z.,2,2,hc,-1.50,home,ft,2.396,7
h4oYaWSH,Golubic V.,Sonmez Z.,2,2,hc,-1.50,away,ft,1.51,7
h4oYaWSH,Golubic V.,Sonmez Z.,2,2,hc,2.00,home,ft,1.93,6
h4oYaWSH,Golubic V.,Sonmez Z.,2,2,hc,2.00,away,ft,1.798,6
h4oYaWSH,Golubic V.,Sonmez Z.,2,2,hc,2.50,home,ft,1.904,8
h4oYaWSH,Golubic V.,Sonmez Z.,2,2,hc,2.50,away,ft,1.867,8
h4oYaWSH,Golubic V.,Sonmez Z.,2,2,hc,3.00,home,ft,1.737,6
h4oYaWSH,Golubic V.,Sonmez Z.,2,2,hc,3.00,away,ft,2.007,6
h4oYaWSH,Golubic V.,Sonmez Z.,2,2,hc,3.50,home,ft,1.641,8
h4oYaWSH,Golubic V.,Sonmez Z.,2,2,hc,3.50,away,ft,2.129,8
h4oYaWSH,Golubic V.,Sonmez Z.,2,2,hc,-3.50,home,ft,3.21,3
h4oYaWSH,Golubic V.,Sonmez Z.,2,2,hc,-3.50,away,ft,1.323,3
h4oYaWSH,Golubic V.,Sonmez Z.,2,2,hc,4.00,home,ft,1.49,3
h4oYaWSH,Golubic V.,Sonmez Z.,2,2,hc,4.00,away,ft,2.38,3
h4oYaWSH,Golubic V.,Sonmez Z.,2,2,hc,4.50,home,ft,1.417,3
h4oYaWSH,Golubic V.,Sonmez Z.,2,2,hc,4.50,away,ft,2.593,3
h4oYaWSH,Golubic V.,Sonmez Z.,2,2,hc,5.00,home,ft,1.29,3
h4oYaWSH,Golubic V.,Sonmez Z.,2,2,hc,5.00,away,ft,3.13,3
h4oYaWSH,Golubic V.,Sonmez Z.,2,2,hc,5.50,home,ft,1.263,3
h4oYaWSH,Golubic V.,Sonmez Z.,2,2,hc,5.50,away,ft,3.647,3
z1AOtHlI,Gibson T.,Zheng Q.,2,2,ou,2.50,over,ft,2.466,5
z1AOtHlI,Gibson T.,Zheng Q.,2,2,ou,2.50,under,ft,1.48,5
z1AOtHlI,Gibson T.,Zheng Q.,2,2,ou,16.50,over,ft,1.07,1
z1AOtHlI,Gibson T.,Zheng Q.,2,2,ou,16.50,under,ft,5.91,1
z1AOtHlI,Gibson T.,Zheng Q.,2,2,ou,17.50,over,ft,1.208,4
z1AOtHlI,Gibson T.,Zheng Q.,2,2,ou,17.50,under,ft,3.877,4
z1AOtHlI,Gibson T.,Zheng Q.,2,2,ou,18.50,over,ft,1.264,8
z1AOtHlI,Gibson T.,Zheng Q.,2,2,ou,18.50,under,ft,3.584,8
z1AOtHlI,Gibson T.,Zheng Q.,2,2,ou,19.50,over,ft,1.407,6
z1AOtHlI,Gibson T.,Zheng Q.,2,2,ou,19.50,under,ft,2.677,6
z1AOtHlI,Gibson T.,Zheng Q.,2,2,ou,20.00,over,ft,1.46,1
z1AOtHlI,Gibson T.,Zheng Q.,2,2,ou,20.00,under,ft,2.5,1
z1AOtHlI,Gibson T.,Zheng Q.,2,2,ou,20.50,over,ft,1.574,10
z1AOtHlI,Gibson T.,Zheng Q.,2,2,ou,20.50,under,ft,2.247,10
z1AOtHlI,Gibson T.,Zheng Q.,2,2,ou,21.00,over,ft,1.659,7
z1AOtHlI,Gibson T.,Zheng Q.,2,2,ou,21.00,under,ft,2.144,7
z1AOtHlI,Gibson T.,Zheng Q.,2,2,ou,21.50,over,ft,1.774,10
z1AOtHlI,Gibson T.,Zheng Q.,2,2,ou,21.50,under,ft,2.001,10
z1AOtHlI,Gibson T.,Zheng Q.,2,2,ou,22.00,over,ft,1.876,7
z1AOtHlI,Gibson T.,Zheng Q.,2,2,ou,22.00,under,ft,1.859,7
z1AOtHlI,Gibson T.,Zheng Q.,2,2,ou,22.50,over,ft,1.997,10
z1AOtHlI,Gibson T.,Zheng Q.,2,2,ou,22.50,under,ft,1.726,10
z1AOtHlI,Gibson T.,Zheng Q.,2,2,ou,23.00,over,ft,2.217,4
z1AOtHlI,Gibson T.,Zheng Q.,2,2,ou,23.00,under,ft,1.633,4
z1AOtHlI,Gibson T.,Zheng Q.,2,2,ou,23.50,over,ft,2.205,6
z1AOtHlI,Gibson T.,Zheng Q.,2,2,ou,23.50,under,ft,1.583,6
z1AOtHlI,Gibson T.,Zheng Q.,2,2,ou,24.00,over,ft,2.28,1
z1AOtHlI,Gibson T.,Zheng Q.,2,2,ou,24.00,under,ft,1.54,1
z1AOtHlI,Gibson T.,Zheng Q.,2,2,ou,24.50,over,ft,2.32,8
z1AOtHlI,Gibson T.,Zheng Q.,2,2,ou,24.50,under,ft,1.542,8
z1AOtHlI,Gibson T.,Zheng Q.,2,2,ou,25.50,over,ft,2.506,5
z1AOtHlI,Gibson T.,Zheng Q.,2,2,ou,25.50,under,ft,1.464,5
z1AOtHlI,Gibson T.,Zheng Q.,2,2,ou,26.50,over,ft,2.821,7
z1AOtHlI,Gibson T.,Zheng Q.,2,2,ou,26.50,under,ft,1.384,7
z1AOtHlI,Gibson T.,Zheng Q.,2,2,ou,27.50,over,ft,3.215,2
z1AOtHlI,Gibson T.,Zheng Q.,2,2,ou,27.50,under,ft,1.31,2
z1AOtHlI,Gibson T.,Zheng Q.,2,2,ou,28.50,over,ft,3.41,1
z1AOtHlI,Gibson T.,Zheng Q.,2,2,ou,28.50,under,ft,1.26,1
z1AOtHlI,Gibson T.,Zheng Q.,2,2,ou,29.50,over,ft,3.9,1
z1AOtHlI,Gibson T.,Zheng Q.,2,2,ou,29.50,under,ft,1.2,1
z1AOtHlI,Gibson T.,Zheng Q.,2,2,ou,30.50,over,ft,4.65,1
z1AOtHlI,Gibson T.,Zheng Q.,2,2,ou,30.50,under,ft,1.15,1
z1AOtHlI,Gibson T.,Zheng Q.,2,2,ou,31.50,over,ft,5.71,1
z1AOtHlI,Gibson T.,Zheng Q.,2,2,ou,31.50,under,ft,1.1,1
z1AOtHlI,Gibson T.,Zheng Q.,2,2,hc,1.50,home,ft,1.712,9
z1AOtHlI,Gibson T.,Zheng Q.,2,2,hc,1.50,away,ft,2.048,9
z1AOtHlI,Gibson T.,Zheng Q.,2,2,hc,-1.50,home,ft,4.704,7
z1AOtHlI,Gibson T.,Zheng Q.,2,2,hc,-1.50,away,ft,1.169,7
z1AOtHlI,Gibson T.,Zheng Q.,2,2,hc,0.50,home,ft,2.587,4
z1AOtHlI,Gibson T.,Zheng Q.,2,2,hc,0.50,away,ft,1.468,4
z1AOtHlI,Gibson T.,Zheng Q.,2,2,hc,-0.50,home,ft,2.75,1
z1AOtHlI,Gibson T.,Zheng Q.,2,2,hc,-0.50,away,ft,1.4,1
z1AOtHlI,Gibson T.,Zheng Q.,2,2,hc,1.00,home,ft,2.26,3
z1AOtHlI,Gibson T.,Zheng Q.,2,2,hc,1.00,away,ft,1.54,3
z1AOtHlI,Gibson T.,Zheng Q.,2,2,hc,1.50,home,ft,2.463,6
z1AOtHlI,Gibson T.,Zheng Q.,2,2,hc,1.50,away,ft,1.502,6
z1AOtHlI,Gibson T.,Zheng Q.,2,2,hc,-1.50,home,ft,3.183,3
z1AOtHlI,Gibson T.,Zheng Q.,2,2,hc,-1.50,away,ft,1.327,3
z1AOtHlI,Gibson T.,Zheng Q.,2,2,hc,2.00,home,ft,2.328,6
z1AOtHlI,Gibson T.,Zheng Q.,2,2,hc,2.00,away,ft,1.565,6
z1AOtHlI,Gibson T.,Zheng Q.,2,2,hc,2.50,home,ft,2.175,8
z1AOtHlI,Gibson T.,Zheng Q.,2,2,hc,2.50,away,ft,1.633,8
z1AOtHlI,Gibson T.,Zheng Q.,2,2,hc,3.00,home,ft,1.985,6
z1AOtHlI,Gibson T.,Zheng Q.,2,2,hc,3.00,away,ft,1.772,6
z1AOtHlI,Gibson T.,Zheng Q.,2,2,hc,3.50,home,ft,1.856,8
z1AOtHlI,Gibson T.,Zheng Q.,2,2,hc,3.50,away,ft,1.896,8
z1AOtHlI,Gibson T.,Zheng Q.,2,2,hc,4.00,home,ft,1.638,6
z1AOtHlI,Gibson T.,Zheng Q.,2,2,hc,4.00,away,ft,2.19,6
z1AOtHlI,Gibson T.,Zheng Q.,2,2,hc,4.50,home,ft,1.564,9
z1AOtHlI,Gibson T.,Zheng Q.,2,2,hc,4.50,away,ft,2.33,9
z1AOtHlI,Gibson T.,Zheng Q.,2,2,hc,5.00,home,ft,1.35,3
z1AOtHlI,Gibson T.,Zheng Q.,2,2,hc,5.00,away,ft,2.98,3
z1AOtHlI,Gibson T.,Zheng Q.,2,2,hc,5.50,home,ft,1.272,6
z1AOtHlI,Gibson T.,Zheng Q.,2,2,hc,5.50,away,ft,3.533,6
z1AOtHlI,Gibson T.,Zheng Q.,2,2,hc,6.00,home,ft,1.2,3
z1AOtHlI,Gibson T.,Zheng Q.,2,2,hc,6.00,away,ft,3.82,3
z1AOtHlI,Gibson T.,Zheng Q.,2,2,hc,6.50,home,ft,1.21,3
z1AOtHlI,Gibson T.,Zheng Q.,2,2,hc,6.50,away,ft,3.72,3
nmnMoiBT,Yastremska D.,Maria T.,0,0,ou,2.50,over,ft,2.428,5
nmnMoiBT,Yastremska D.,Maria T.,0,0,ou,2.50,under,ft,1.526,5
nmnMoiBT,Yastremska D.,Maria T.,0,0,ou,16.50,over,ft,1.09,1
nmnMoiBT,Yastremska D.,Maria T.,0,0,ou,16.50,under,ft,5.81,1
nmnMoiBT,Yastremska D.,Maria T.,0,0,ou,17.50,over,ft,1.19,1
nmnMoiBT,Yastremska D.,Maria T.,0,0,ou,17.50,under,ft,4.11,1
nmnMoiBT,Yastremska D.,Maria T.,0,0,ou,18.50,over,ft,1.289,7
nmnMoiBT,Yastremska D.,Maria T.,0,0,ou,18.50,under,ft,3.274,7
nmnMoiBT,Yastremska D.,Maria T.,0,0,ou,19.50,over,ft,1.46,5
nmnMoiBT,Yastremska D.,Maria T.,0,0,ou,19.50,under,ft,2.476,5
nmnMoiBT,Yastremska D.,Maria T.,0,0,ou,20.00,over,ft,1.55,1
nmnMoiBT,Yastremska D.,Maria T.,0,0,ou,20.00,under,ft,2.26,1
nmnMoiBT,Yastremska D.,Maria T.,0,0,ou,20.50,over,ft,1.66,10
nmnMoiBT,Yastremska D.,Maria T.,0,0,ou,20.50,under,ft,2.092,10
nmnMoiBT,Yastremska D.,Maria T.,0,0,ou,21.00,over,ft,1.778,4
nmnMoiBT,Yastremska D.,Maria T.,0,0,ou,21.00,under,ft,1.99,4
nmnMoiBT,Yastremska D.,Maria T.,0,0,ou,21.50,over,ft,1.843,10
nmnMoiBT,Yastremska D.,Maria T.,0,0,ou,21.50,under,ft,1.877,10
nmnMoiBT,Yastremska D.,Maria T.,0,0,ou,22.00,over,ft,2.007,4
nmnMoiBT,Yastremska D.,Maria T.,0,0,ou,22.00,under,ft,1.765,4
nmnMoiBT,Yastremska D.,Maria T.,0,0,ou,22.50,over,ft,2.097,10
nmnMoiBT,Yastremska D.,Maria T.,0,0,ou,22.50,under,ft,1.66,10
nmnMoiBT,Yastremska D.,Maria T.,0,0,ou,23.00,over,ft,2.145,2
nmnMoiBT,Yastremska D.,Maria T.,0,0,ou,23.00,under,ft,1.64,2
nmnMoiBT,Yastremska D.,Maria T.,0,0,ou,23.50,over,ft,2.254,7
nmnMoiBT,Yastremska D.,Maria T.,0,0,ou,23.50,under,ft,1.573,7
nmnMoiBT,Yastremska D.,Maria T.,0,0,ou,24.00,over,ft,2.35,1
nmnMoiBT,Yastremska D.,Maria T.,0,0,ou,24.00,under,ft,1.51,1
nmnMoiBT,Yastremska D.,Maria T.,0,0,ou,24.50,over,ft,2.5,7
nmnMoiBT,Yastremska D.,Maria T.,0,0,ou,24.50,under,ft,1.473,7
nmnMoiBT,Yastremska D.,Maria T.,0,0,ou,25.50,over,ft,2.855,4
nmnMoiBT,Yastremska D.,Maria T.,0,0,ou,25.50,under,ft,1.35,4
nmnMoiBT,Yastremska D.,Maria T.,0,0,ou,26.50,over,ft,3.2,6
nmnMoiBT,Yastremska D.,Maria T.,0,0,ou,26.50,under,ft,1.298,6
nmnMoiBT,Yastremska D.,Maria T.,0,0,ou,27.50,over,ft,3.14,1
nmnMoiBT,Yastremska D.,Maria T.,0,0,ou,27.50,under,ft,1.3,1
nmnMoiBT,Yastremska D.,Maria T.,0,0,ou,28.50,over,ft,3.58,1
nmnMoiBT,Yastremska D.,Maria T.,0,0,ou,28.50,under,ft,1.24,1
nmnMoiBT,Yastremska D.,Maria T.,0,0,ou,29.50,over,ft,4.25,1
nmnMoiBT,Yastremska D.,Maria T.,0,0,ou,29.50,under,ft,1.17,1
nmnMoiBT,Yastremska D.,Maria T.,0,0,ou,30.50,over,ft,5.22,1
nmnMoiBT,Yastremska D.,Maria T.,0,0,ou,30.50,under,ft,1.12,1
nmnMoiBT,Yastremska D.,Maria T.,0,0,hc,1.50,home,ft,1.406,9
nmnMoiBT,Yastremska D.,Maria T.,0,0,hc,1.50,away,ft,2.807,9
nmnMoiBT,Yastremska D.,Maria T.,0,0,hc,-1.50,home,ft,3.036,8
nmnMoiBT,Yastremska D.,Maria T.,0,0,hc,-1.50,away,ft,1.353,8
nmnMoiBT,Yastremska D.,Maria T.,0,0,hc,0,home,ft,1.993,6
nmnMoiBT,Yastremska D.,Maria T.,0,0,hc,0,away,ft,1.748,6
nmnMoiBT,Yastremska D.,Maria T.,0,0,hc,0.50,home,ft,1.903,9
nmnMoiBT,Yastremska D.,Maria T.,0,0,hc,0.50,away,ft,1.817,9
nmnMoiBT,Yastremska D.,Maria T.,0,0,hc,-0.50,home,ft,2.015,8
nmnMoiBT,Yastremska D.,Maria T.,0,0,hc,-0.50,away,ft,1.736,8
nmnMoiBT,Yastremska D.,Maria T.,0,0,hc,1.00,home,ft,1.872,6
nmnMoiBT,Yastremska D.,Maria T.,0,0,hc,1.00,away,ft,1.858,6
nmnMoiBT,Yastremska D.,Maria T.,0,0,hc,-1.00,home,ft,2.042,6
nmnMoiBT,Yastremska D.,Maria T.,0,0,hc,-1.00,away,ft,1.702,6
nmnMoiBT,Yastremska D.,Maria T.,0,0,hc,1.50,home,ft,1.762,9
nmnMoiBT,Yastremska D.,Maria T.,0,0,hc,1.50,away,ft,1.976,9
nmnMoiBT,Yastremska D.,Maria T.,0,0,hc,-1.50,home,ft,2.08,6
nmnMoiBT,Yastremska D.,Maria T.,0,0,hc,-1.50,away,ft,1.682,6
nmnMoiBT,Yastremska D.,Maria T.,0,0,hc,2.00,home,ft,1.742,6
nmnMoiBT,Yastremska D.,Maria T.,0,0,hc,2.00,away,ft,1.998,6
nmnMoiBT,Yastremska D.,Maria T.,0,0,hc,-2.00,home,ft,2.21,4
nmnMoiBT,Yastremska D.,Maria T.,0,0,hc,-2.00,away,ft,1.585,4
nmnMoiBT,Yastremska D.,Maria T.,0,0,hc,2.50,home,ft,1.723,7
nmnMoiBT,Yastremska D.,Maria T.,0,0,hc,2.50,away,ft,1.981,7
nmnMoiBT,Yastremska D.,Maria T.,0,0,hc,-2.50,home,ft,2.16,4
nmnMoiBT,Yastremska D.,Maria T.,0,0,hc,-2.50,away,ft,1.607,4
nmnMoiBT,Yastremska D.,Maria T.,0,0,hc,3.00,home,ft,1.59,3
nmnMoiBT,Yastremska D.,Maria T.,0,0,hc,3.00,away,ft,2.16,3
nmnMoiBT,Yastremska D.,Maria T.,0,0,hc,3.50,home,ft,1.502,6
nmnMoiBT,Yastremska D.,Maria T.,0,0,hc,3.50,away,ft,2.432,6
nmnMoiBT,Yastremska D.,Maria T.,0,0,hc,-3.50,home,ft,2.667,3
nmnMoiBT,Yastremska D.,Maria T.,0,0,hc,-3.50,away,ft,1.443,3
nmnMoiBT,Yastremska D.,Maria T.,0,0,hc,4.00,home,ft,1.43,3
nmnMoiBT,Yastremska D.,Maria T.,0,0,hc,4.00,away,ft,2.54,3
nmnMoiBT,Yastremska D.,Maria T.,0,0,hc,4.50,home,ft,1.4,3
nmnMoiBT,Yastremska D.,Maria T.,0,0,hc,4.50,away,ft,2.65,3
nmnMoiBT,Yastremska D.,Maria T.,0,0,hc,5.00,home,ft,1.29,3
nmnMoiBT,Yastremska D.,Maria T.,0,0,hc,5.00,away,ft,3.13,3
nmnMoiBT,Yastremska D.,Maria T.,0,0,hc,5.50,home,ft,1.18,3
nmnMoiBT,Yastremska D.,Maria T.,0,0,hc,5.50,away,ft,4.593,3
nmnMoiBT,Yastremska D.,Maria T.,0,0,hc,-5.50,home,ft,4.925,2
nmnMoiBT,Yastremska D.,Maria T.,0,0,hc,-5.50,away,ft,1.15,2
K6LQvF0M,Volynets K.,Bouzas Maneiro J.,,,ou,2.50,over,ft,2.294,5
K6LQvF0M,Volynets K.,Bouzas Maneiro J.,,,ou,2.50,under,ft,1.586,5
K6LQvF0M,Volynets K.,Bouzas Maneiro J.,,,ou,16.50,over,ft,1.12,1
K6LQvF0M,Volynets K.,Bouzas Maneiro J.,,,ou,16.50,under,ft,5.22,1
K6LQvF0M,Volynets K.,Bouzas Maneiro J.,,,ou,17.50,over,ft,1.2,1
K6LQvF0M,Volynets K.,Bouzas Maneiro J.,,,ou,17.50,under,ft,3.92,1
K6LQvF0M,Volynets K.,Bouzas Maneiro J.,,,ou,18.50,over,ft,1.321,8
K6LQvF0M,Volynets K.,Bouzas Maneiro J.,,,ou,18.50,under,ft,3.098,8
K6LQvF0M,Volynets K.,Bouzas Maneiro J.,,,ou,19.50,over,ft,1.458,5
K6LQvF0M,Volynets K.,Bouzas Maneiro J.,,,ou,19.50,under,ft,2.468,5
K6LQvF0M,Volynets K.,Bouzas Maneiro J.,,,ou,20.00,over,ft,1.54,1
K6LQvF0M,Volynets K.,Bouzas Maneiro J.,,,ou,20.00,under,ft,2.28,1
K6LQvF0M,Volynets K.,Bouzas Maneiro J.,,,ou,20.50,over,ft,1.627,10
K6LQvF0M,Volynets K.,Bouzas Maneiro J.,,,ou,20.50,under,ft,2.144,10
K6LQvF0M,Volynets K.,Bouzas Maneiro J.,,,ou,21.00,over,ft,1.721,7
K6LQvF0M,Volynets K.,Bouzas Maneiro J.,,,ou,21.00,under,ft,2.044,7
K6LQvF0M,Volynets K.,Bouzas Maneiro J.,,,ou,21.50,over,ft,1.815,10
K6LQvF0M,Volynets K.,Bouzas Maneiro J.,,,ou,21.50,under,ft,1.898,10
K6LQvF0M,Volynets K.,Bouzas Maneiro J.,,,ou,22.00,over,ft,1.931,7
K6LQvF0M,Volynets K.,Bouzas Maneiro J.,,,ou,22.00,under,ft,1.806,7
K6LQvF0M,Volynets K.,Bouzas Maneiro J.,,,ou,22.50,over,ft,2.061,10
K6LQvF0M,Volynets K.,Bouzas Maneiro J.,,,ou,22.50,under,ft,1.68,10
K6LQvF0M,Volynets K.,Bouzas Maneiro J.,,,ou,23.00,over,ft,2.138,4
K6LQvF0M,Volynets K.,Bouzas Maneiro J.,,,ou,23.00,under,ft,1.652,4
K6LQvF0M,Volynets K.,Bouzas Maneiro J.,,,ou,23.50,over,ft,2.254,5
K6LQvF0M,Volynets K.,Bouzas Maneiro J.,,,ou,23.50,under,ft,1.55,5
K6LQvF0M,Volynets K.,Bouzas Maneiro J.,,,ou,24.00,over,ft,2.35,1
K6LQvF0M,Volynets K.,Bouzas Maneiro J.,,,ou,24.00,under,ft,1.51,1
K6LQvF0M,Volynets K.,Bouzas Maneiro J.,,,ou,24.50,over,ft,2.384,8
K6LQvF0M,Volynets K.,Bouzas Maneiro J.,,,ou,24.50,under,ft,1.512,8
K6LQvF0M,Volynets K.,Bouzas Maneiro J.,,,ou,25.50,over,ft,2.69,4
K6LQvF0M,Volynets K.,Bouzas Maneiro J.,,,ou,25.50,under,ft,1.392,4
K6LQvF0M,Volynets K.,Bouzas Maneiro J.,,,ou,26.50,over,ft,3.007,7
K6LQvF0M,Volynets K.,Bouzas Maneiro J.,,,ou,26.50,under,ft,1.337,7
K6LQvF0M,Volynets K.,Bouzas Maneiro J.,,,ou,27.50,over,ft,3.39,1
K6LQvF0M,Volynets K.,Bouzas Maneiro J.,,,ou,27.50,under,ft,1.26,1
K6LQvF0M,Volynets K.,Bouzas Maneiro J.,,,ou,28.50,over,ft,3.92,1
K6LQvF0M,Volynets K.,Bouzas Maneiro J.,,,ou,28.50,under,ft,1.2,1
K6LQvF0M,Volynets K.,Bouzas Maneiro J.,,,ou,29.50,over,ft,4.68,1
K6LQvF0M,Volynets K.,Bouzas Maneiro J.,,,ou,29.50,under,ft,1.15,1
K6LQvF0M,Volynets K.,Bouzas Maneiro J.,,,ou,30.50,over,ft,5.56,1
K6LQvF0M,Volynets K.,Bouzas Maneiro J.,,,ou,30.50,under,ft,1.1,1
K6LQvF0M,Volynets K.,Bouzas Maneiro J.,,,hc,1.50,home,ft,1.259,7
K6LQvF0M,Volynets K.,Bouzas Maneiro J.,,,hc,1.50,away,ft,3.664,7
K6LQvF0M,Volynets K.,Bouzas Maneiro J.,,,hc,-1.50,home,ft,2.492,9
K6LQvF0M,Volynets K.,Bouzas Maneiro J.,,,hc,-1.50,away,ft,1.497,9
K6LQvF0M,Volynets K.,Bouzas Maneiro J.,,,hc,0,home,ft,1.54,3
K6LQvF0M,Volynets K.,Bouzas Maneiro J.,,,hc,0,away,ft,2.26,3
K6LQvF0M,Volynets K.,Bouzas Maneiro J.,,,hc,-0.50,home,ft,1.625,4
K6LQvF0M,Volynets K.,Bouzas Maneiro J.,,,hc,-0.50,away,ft,2.105,4
K6LQvF0M,Volynets K.,Bouzas Maneiro J.,,,hc,1.00,home,ft,1.49,3
K6LQvF0M,Volynets K.,Bouzas Maneiro J.,,,hc,1.00,away,ft,2.38,3
K6LQvF0M,Volynets K.,Bouzas Maneiro J.,,,hc,-1.00,home,ft,1.703,6
K6LQvF0M,Volynets K.,Bouzas Maneiro J.,,,hc,-1.00,away,ft,2.05,6
K6LQvF0M,Volynets K.,Bouzas Maneiro J.,,,hc,1.50,home,ft,1.508,4
K6LQvF0M,Volynets K.,Bouzas Maneiro J.,,,hc,1.50,away,ft,2.46,4
K6LQvF0M,Volynets K.,Bouzas Maneiro J.,,,hc,-1.50,home,ft,1.719,9
K6LQvF0M,Volynets K.,Bouzas Maneiro J.,,,hc,-1.50,away,ft,2.019,9
K6LQvF0M,Volynets K.,Bouzas Maneiro J.,,,hc,-2.00,home,ft,1.84,6
K6LQvF0M,Volynets K.,Bouzas Maneiro J.,,,hc,-2.00,away,ft,1.888,6
K6LQvF0M,Volynets K.,Bouzas Maneiro J.,,,hc,-2.50,home,ft,1.889,8
K6LQvF0M,Volynets K.,Bouzas Maneiro J.,,,hc,-2.50,away,ft,1.826,8
K6LQvF0M,Volynets K.,Bouzas Maneiro J.,,,hc,-3.00,home,ft,2.048,6
K6LQvF0M,Volynets K.,Bouzas Maneiro J.,,,hc,-3.00,away,ft,1.707,6
K6LQvF0M,Volynets K.,Bouzas Maneiro J.,,,hc,3.50,home,ft,1.327,3
K6LQvF0M,Volynets K.,Bouzas Maneiro J.,,,hc,3.50,away,ft,3.187,3
K6LQvF0M,Volynets K.,Bouzas Maneiro J.,,,hc,-3.50,home,ft,2.146,8
K6LQvF0M,Volynets K.,Bouzas Maneiro J.,,,hc,-3.50,away,ft,1.627,8
K6LQvF0M,Volynets K.,Bouzas Maneiro J.,,,hc,-4.00,home,ft,2.41,3
K6LQvF0M,Volynets K.,Bouzas Maneiro J.,,,hc,-4.00,away,ft,1.48,3
K6LQvF0M,Volynets K.,Bouzas Maneiro J.,,,hc,-4.50,home,ft,2.62,3
K6LQvF0M,Volynets K.,Bouzas Maneiro J.,,,hc,-4.50,away,ft,1.41,3
K6LQvF0M,Volynets K.,Bouzas Maneiro J.,,,hc,-5.50,home,ft,3.657,3
K6LQvF0M,Volynets K.,Bouzas Maneiro J.,,,hc,-5.50,away,ft,1.26,3
fNAA9Nod,Starodubtseva Y.,Navarro E.,1,1,ou,2.50,over,ft,2.526,5
fNAA9Nod,Starodubtseva Y.,Navarro E.,1,1,ou,2.50,under,ft,1.492,5
fNAA9Nod,Starodubtseva Y.,Navarro E.,1,1,ou,15.50,over,ft,1.09,1
fNAA9Nod,Starodubtseva Y.,Navarro E.,1,1,ou,15.50,under,ft,5.85,1
fNAA9Nod,Starodubtseva Y.,Navarro E.,1,1,ou,16.50,over,ft,1.13,1
fNAA9Nod,Starodubtseva Y.,Navarro E.,1,1,ou,16.50,under,ft,4.95,1
fNAA9Nod,Starodubtseva Y.,Navarro E.,1,1,ou,17.50,over,ft,1.228,4
fNAA9Nod,Starodubtseva Y.,Navarro E.,1,1,ou,17.50,under,ft,3.593,4
fNAA9Nod,Starodubtseva Y.,Navarro E.,1,1,ou,18.50,over,ft,1.36,8
fNAA9Nod,Starodubtseva Y.,Navarro E.,1,1,ou,18.50,under,ft,2.904,8
fNAA9Nod,Starodubtseva Y.,Navarro E.,1,1,ou,19.50,over,ft,1.549,7
fNAA9Nod,Starodubtseva Y.,Navarro E.,1,1,ou,19.50,under,ft,2.27,7
fNAA9Nod,Starodubtseva Y.,Navarro E.,1,1,ou,20.00,over,ft,1.633,4
fNAA9Nod,Starodubtseva Y.,Navarro E.,1,1,ou,20.00,under,ft,2.217,4
fNAA9Nod,Starodubtseva Y.,Navarro E.,1,1,ou,20.50,over,ft,1.732,10
fNAA9Nod,Starodubtseva Y.,Navarro E.,1,1,ou,20.50,under,ft,1.982,10
fNAA9Nod,Starodubtseva Y.,Navarro E.,1,1,ou,21.00,over,ft,1.845,4
fNAA9Nod,Starodubtseva Y.,Navarro E.,1,1,ou,21.00,under,ft,1.927,4
fNAA9Nod,Starodubtseva Y.,Navarro E.,1,1,ou,21.50,over,ft,1.942,10
fNAA9Nod,Starodubtseva Y.,Navarro E.,1,1,ou,21.50,under,ft,1.784,10
fNAA9Nod,Starodubtseva Y.,Navarro E.,1,1,ou,22.00,over,ft,2.103,4
fNAA9Nod,Starodubtseva Y.,Navarro E.,1,1,ou,22.00,under,ft,1.698,4
fNAA9Nod,Starodubtseva Y.,Navarro E.,1,1,ou,22.50,over,ft,2.219,10
fNAA9Nod,Starodubtseva Y.,Navarro E.,1,1,ou,22.50,under,ft,1.591,10
fNAA9Nod,Starodubtseva Y.,Navarro E.,1,1,ou,23.00,over,ft,2.245,2
fNAA9Nod,Starodubtseva Y.,Navarro E.,1,1,ou,23.00,under,ft,1.585,2
fNAA9Nod,Starodubtseva Y.,Navarro E.,1,1,ou,23.50,over,ft,2.446,5
fNAA9Nod,Starodubtseva Y.,Navarro E.,1,1,ou,23.50,under,ft,1.474,5
fNAA9Nod,Starodubtseva Y.,Navarro E.,1,1,ou,24.50,over,ft,2.547,8
fNAA9Nod,Starodubtseva Y.,Navarro E.,1,1,ou,24.50,under,ft,1.459,8
fNAA9Nod,Starodubtseva Y.,Navarro E.,1,1,ou,25.50,over,ft,2.91,4
fNAA9Nod,Starodubtseva Y.,Navarro E.,1,1,ou,25.50,under,ft,1.34,4
fNAA9Nod,Starodubtseva Y.,Navarro E.,1,1,ou,26.50,over,ft,3.357,4
fNAA9Nod,Starodubtseva Y.,Navarro E.,1,1,ou,26.50,under,ft,1.262,4
fNAA9Nod,Starodubtseva Y.,Navarro E.,1,1,ou,27.50,over,ft,3.43,1
fNAA9Nod,Starodubtseva Y.,Navarro E.,1,1,ou,27.50,under,ft,1.26,1
fNAA9Nod,Starodubtseva Y.,Navarro E.,1,1,ou,28.50,over,ft,4.11,1
fNAA9Nod,Starodubtseva Y.,Navarro E.,1,1,ou,28.50,under,ft,1.19,1
fNAA9Nod,Starodubtseva Y.,Navarro E.,1,1,ou,29.50,over,ft,4.83,1
fNAA9Nod,Starodubtseva Y.,Navarro E.,1,1,ou,29.50,under,ft,1.14,1
fNAA9Nod,Starodubtseva Y.,Navarro E.,1,1,ou,30.50,over,ft,5.73,1
fNAA9Nod,Starodubtseva Y.,Navarro E.,1,1,ou,30.50,under,ft,1.1,1
fNAA9Nod,Starodubtseva Y.,Navarro E.,1,1,hc,1.50,home,ft,1.683,9
fNAA9Nod,Starodubtseva Y.,Navarro E.,1,1,hc,1.50,away,ft,2.097,9
fNAA9Nod,Starodubtseva Y.,Navarro E.,1,1,hc,-1.50,home,ft,4.509,7
fNAA9Nod,Starodubtseva Y.,Navarro E.,1,1,hc,-1.50,away,ft,1.184,7
fNAA9Nod,Starodubtseva Y.,Navarro E.,1,1,hc,1.00,home,ft,2.18,3
fNAA9Nod,Starodubtseva Y.,Navarro E.,1,1,hc,1.00,away,ft,1.58,3
fNAA9Nod,Starodubtseva Y.,Navarro E.,1,1,hc,1.50,home,ft,2.39,7
fNAA9Nod,Starodubtseva Y.,Navarro E.,1,1,hc,1.50,away,ft,1.516,7
fNAA9Nod,Starodubtseva Y.,Navarro E.,1,1,hc,-1.50,home,ft,3.007,3
fNAA9Nod,Starodubtseva Y.,Navarro E.,1,1,hc,-1.50,away,ft,1.363,3
fNAA9Nod,Starodubtseva Y.,Navarro E.,1,1,hc,2.00,home,ft,2.222,4
fNAA9Nod,Starodubtseva Y.,Navarro E.,1,1,hc,2.00,away,ft,1.578,4
fNAA9Nod,Starodubtseva Y.,Navarro E.,1,1,hc,2.50,home,ft,2.194,8
fNAA9Nod,Starodubtseva Y.,Navarro E.,1,1,hc,2.50,away,ft,1.614,8
fNAA9Nod,Starodubtseva Y.,Navarro E.,1,1,hc,3.00,home,ft,2.055,6
fNAA9Nod,Starodubtseva Y.,Navarro E.,1,1,hc,3.00,away,ft,1.7,6
fNAA9Nod,Starodubtseva Y.,Navarro E.,1,1,hc,3.50,home,ft,1.907,8
fNAA9Nod,Starodubtseva Y.,Navarro E.,1,1,hc,3.50,away,ft,1.802,8
fNAA9Nod,Starodubtseva Y.,Navarro E.,1,1,hc,4.00,home,ft,1.753,6
fNAA9Nod,Starodubtseva Y.,Navarro E.,1,1,hc,4.00,away,ft,1.983,6
fNAA9Nod,Starodubtseva Y.,Navarro E.,1,1,hc,4.50,home,ft,1.63,9
fNAA9Nod,Starodubtseva Y.,Navarro E.,1,1,hc,4.50,away,ft,2.166,9
fNAA9Nod,Starodubtseva Y.,Navarro E.,1,1,hc,5.00,home,ft,1.448,6
fNAA9Nod,Starodubtseva Y.,Navarro E.,1,1,hc,5.00,away,ft,2.613,6
fNAA9Nod,Starodubtseva Y.,Navarro E.,1,1,hc,5.50,home,ft,1.356,7
fNAA9Nod,Starodubtseva Y.,Navarro E.,1,1,hc,5.50,away,ft,2.933,7
fNAA9Nod,Starodubtseva Y.,Navarro E.,1,1,hc,6.00,home,ft,1.22,3
fNAA9Nod,Starodubtseva Y.,Navarro E.,1,1,hc,6.00,away,ft,3.62,3
fNAA9Nod,Starodubtseva Y.,Navarro E.,1,1,hc,6.50,home,ft,1.27,3
fNAA9Nod,Starodubtseva Y.,Navarro E.,1,1,hc,6.50,away,ft,3.31,3
lpYhJDMO,Bejlek S.,Pliskova Ka.,1,1,ou,2.50,over,ft,2.874,5
lpYhJDMO,Bejlek S.,Pliskova Ka.,1,1,ou,2.50,under,ft,1.392,5
lpYhJDMO,Bejlek S.,Pliskova Ka.,1,1,ou,15.50,over,ft,1.07,1
lpYhJDMO,Bejlek S.,Pliskova Ka.,1,1,ou,15.50,under,ft,6.43,1
lpYhJDMO,Bejlek S.,Pliskova Ka.,1,1,ou,16.50,over,ft,1.16,2
lpYhJDMO,Bejlek S.,Pliskova Ka.,1,1,ou,16.50,under,ft,4.55,2
lpYhJDMO,Bejlek S.,Pliskova Ka.,1,1,ou,17.50,over,ft,1.292,4
lpYhJDMO,Bejlek S.,Pliskova Ka.,1,1,ou,17.50,under,ft,3.13,4
lpYhJDMO,Bejlek S.,Pliskova Ka.,1,1,ou,18.50,over,ft,1.476,9
lpYhJDMO,Bejlek S.,Pliskova Ka.,1,1,ou,18.50,under,ft,2.454,9
lpYhJDMO,Bejlek S.,Pliskova Ka.,1,1,ou,19.00,over,ft,1.61,4
lpYhJDMO,Bejlek S.,Pliskova Ka.,1,1,ou,19.00,under,ft,2.263,4
lpYhJDMO,Bejlek S.,Pliskova Ka.,1,1,ou,19.50,over,ft,1.771,10
lpYhJDMO,Bejlek S.,Pliskova Ka.,1,1,ou,19.50,under,ft,2.013,10
lpYhJDMO,Bejlek S.,Pliskova Ka.,1,1,ou,20.00,over,ft,1.857,4
lpYhJDMO,Bejlek S.,Pliskova Ka.,1,1,ou,20.00,under,ft,1.913,4
lpYhJDMO,Bejlek S.,Pliskova Ka.,1,1,ou,20.50,over,ft,1.948,10
lpYhJDMO,Bejlek S.,Pliskova Ka.,1,1,ou,20.50,under,ft,1.77,10
lpYhJDMO,Bejlek S.,Pliskova Ka.,1,1,ou,21.00,over,ft,2.105,4
lpYhJDMO,Bejlek S.,Pliskova Ka.,1,1,ou,21.00,under,ft,1.698,4
lpYhJDMO,Bejlek S.,Pliskova Ka.,1,1,ou,21.50,over,ft,2.143,10
lpYhJDMO,Bejlek S.,Pliskova Ka.,1,1,ou,21.50,under,ft,1.636,10
lpYhJDMO,Bejlek S.,Pliskova Ka.,1,1,ou,22.00,over,ft,2.155,4
lpYhJDMO,Bejlek S.,Pliskova Ka.,1,1,ou,22.00,under,ft,1.64,4
lpYhJDMO,Bejlek S.,Pliskova Ka.,1,1,ou,22.50,over,ft,2.424,7
lpYhJDMO,Bejlek S.,Pliskova Ka.,1,1,ou,22.50,under,ft,1.481,7
lpYhJDMO,Bejlek S.,Pliskova Ka.,1,1,ou,23.00,over,ft,2.64,1
lpYhJDMO,Bejlek S.,Pliskova Ka.,1,1,ou,23.00,under,ft,1.41,1
lpYhJDMO,Bejlek S.,Pliskova Ka.,1,1,ou,23.50,over,ft,2.63,6
lpYhJDMO,Bejlek S.,Pliskova Ka.,1,1,ou,23.50,under,ft,1.42,6
lpYhJDMO,Bejlek S.,Pliskova Ka.,1,1,ou,24.50,over,ft,2.843,6
lpYhJDMO,Bejlek S.,Pliskova Ka.,1,1,ou,24.50,under,ft,1.363,6
lpYhJDMO,Bejlek S.,Pliskova Ka.,1,1,ou,25.50,over,ft,3.202,5
lpYhJDMO,Bejlek S.,Pliskova Ka.,1,1,ou,25.50,under,ft,1.294,5
lpYhJDMO,Bejlek S.,Pliskova Ka.,1,1,ou,26.50,over,ft,3.33,1
lpYhJDMO,Bejlek S.,Pliskova Ka.,1,1,ou,26.50,under,ft,1.27,1
lpYhJDMO,Bejlek S.,Pliskova Ka.,1,1,ou,27.50,over,ft,3.44,1
lpYhJDMO,Bejlek S.,Pliskova Ka.,1,1,ou,27.50,under,ft,1.26,1
lpYhJDMO,Bejlek S.,Pliskova Ka.,1,1,ou,28.50,over,ft,3.99,1
lpYhJDMO,Bejlek S.,Pliskova Ka.,1,1,ou,28.50,under,ft,1.2,1
lpYhJDMO,Bejlek S.,Pliskova Ka.,1,1,ou,29.50,over,ft,4.72,1
lpYhJDMO,Bejlek S.,Pliskova Ka.,1,1,ou,29.50,under,ft,1.14,1
lpYhJDMO,Bejlek S.,Pliskova Ka.,1,1,ou,30.50,over,ft,5.69,1
lpYhJDMO,Bejlek S.,Pliskova Ka.,1,1,ou,30.50,under,ft,1.1,1
lpYhJDMO,Bejlek S.,Pliskova Ka.,1,1,hc,0.50,home,ft,2.7,1
lpYhJDMO,Bejlek S.,Pliskova Ka.,1,1,hc,0.50,away,ft,1.4,1
lpYhJDMO,Bejlek S.,Pliskova Ka.,1,1,hc,-0.50,home,ft,2.7,1
lpYhJDMO,Bejlek S.,Pliskova Ka.,1,1,hc,-0.50,away,ft,1.4,1
lpYhJDMO,Bejlek S.,Pliskova Ka.,1,1,hc,1.50,home,ft,2.04,9
lpYhJDMO,Bejlek S.,Pliskova Ka.,1,1,hc,1.50,away,ft,1.723,9
lpYhJDMO,Bejlek S.,Pliskova Ka.,1,1,hc,-1.50,home,ft,6.287,7
lpYhJDMO,Bejlek S.,Pliskova Ka.,1,1,hc,-1.50,away,ft,1.104,7
lpYhJDMO,Bejlek S.,Pliskova Ka.,1,1,hc,0.50,home,ft,2.7,1
lpYhJDMO,Bejlek S.,Pliskova Ka.,1,1,hc,0.50,away,ft,1.43,1
lpYhJDMO,Bejlek S.,Pliskova Ka.,1,1,hc,1.50,home,ft,2.85,2
lpYhJDMO,Bejlek S.,Pliskova Ka.,1,1,hc,1.50,away,ft,1.365,2
lpYhJDMO,Bejlek S.,Pliskova Ka.,1,1,hc,2.00,home,ft,2.5,3
lpYhJDMO,Bejlek S.,Pliskova Ka.,1,1,hc,2.00,away,ft,1.44,3
lpYhJDMO,Bejlek S.,Pliskova Ka.,1,1,hc,2.50,home,ft,2.7,4
lpYhJDMO,Bejlek S.,Pliskova Ka.,1,1,hc,2.50,away,ft,1.403,4
lpYhJDMO,Bejlek S.,Pliskova Ka.,1,1,hc,3.00,home,ft,2.527,6
lpYhJDMO,Bejlek S.,Pliskova Ka.,1,1,hc,3.00,away,ft,1.473,6
lpYhJDMO,Bejlek S.,Pliskova Ka.,1,1,hc,3.50,home,ft,2.349,8
lpYhJDMO,Bejlek S.,Pliskova Ka.,1,1,hc,3.50,away,ft,1.542,8
lpYhJDMO,Bejlek S.,Pliskova Ka.,1,1,hc,4.00,home,ft,2.223,6
lpYhJDMO,Bejlek S.,Pliskova Ka.,1,1,hc,4.00,away,ft,1.602,6
lpYhJDMO,Bejlek S.,Pliskova Ka.,1,1,hc,4.50,home,ft,1.959,8
lpYhJDMO,Bejlek S.,Pliskova Ka.,1,1,hc,4.50,away,ft,1.821,8
lpYhJDMO,Bejlek S.,Pliskova Ka.,1,1,hc,5.00,home,ft,1.783,6
lpYhJDMO,Bejlek S.,Pliskova Ka.,1,1,hc,5.00,away,ft,1.945,6
lpYhJDMO,Bejlek S.,Pliskova Ka.,1,1,hc,5.50,home,ft,1.627,8
lpYhJDMO,Bejlek S.,Pliskova Ka.,1,1,hc,5.50,away,ft,2.164,8
lpYhJDMO,Bejlek S.,Pliskova Ka.,1,1,hc,6.00,home,ft,1.42,4
lpYhJDMO,Bejlek S.,Pliskova Ka.,1,1,hc,6.00,away,ft,2.607,4
lpYhJDMO,Bejlek S.,Pliskova Ka.,1,1,hc,6.50,home,ft,1.35,3
lpYhJDMO,Bejlek S.,Pliskova Ka.,1,1,hc,6.50,away,ft,2.85,3
lpYhJDMO,Bejlek S.,Pliskova Ka.,1,1,hc,7.00,home,ft,1.17,3
lpYhJDMO,Bejlek S.,Pliskova Ka.,1,1,hc,7.00,away,ft,4.19,3
lpYhJDMO,Bejlek S.,Pliskova Ka.,1,1,hc,7.50,home,ft,1.14,1
lpYhJDMO,Bejlek S.,Pliskova Ka.,1,1,hc,7.50,away,ft,4.9,1
ljHY5NmR,Golubic V.,Kenin S.,2,2,ou,2.50,over,ft,2.298,5
ljHY5NmR,Golubic V.,Kenin S.,2,2,ou,2.50,under,ft,1.586,5
ljHY5NmR,Golubic V.,Kenin S.,2,2,ou,16.50,over,ft,1.09,1
ljHY5NmR,Golubic V.,Kenin S.,2,2,ou,16.50,under,ft,5.88,1
ljHY5NmR,Golubic V.,Kenin S.,2,2,ou,17.50,over,ft,1.17,1
ljHY5NmR,Golubic V.,Kenin S.,2,2,ou,17.50,under,ft,4.36,1
ljHY5NmR,Golubic V.,Kenin S.,2,2,ou,18.50,over,ft,1.27,6
ljHY5NmR,Golubic V.,Kenin S.,2,2,ou,18.50,under,ft,3.388,6
ljHY5NmR,Golubic V.,Kenin S.,2,2,ou,19.50,over,ft,1.414,5
ljHY5NmR,Golubic V.,Kenin S.,2,2,ou,19.50,under,ft,2.618,5
ljHY5NmR,Golubic V.,Kenin S.,2,2,ou,20.00,over,ft,1.51,1
ljHY5NmR,Golubic V.,Kenin S.,2,2,ou,20.00,under,ft,2.35,1
ljHY5NmR,Golubic V.,Kenin S.,2,2,ou,20.50,over,ft,1.582,9
ljHY5NmR,Golubic V.,Kenin S.,2,2,ou,20.50,under,ft,2.221,9
ljHY5NmR,Golubic V.,Kenin S.,2,2,ou,21.00,over,ft,1.655,4
ljHY5NmR,Golubic V.,Kenin S.,2,2,ou,21.00,under,ft,2.167,4
ljHY5NmR,Golubic V.,Kenin S.,2,2,ou,21.50,over,ft,1.794,10
ljHY5NmR,Golubic V.,Kenin S.,2,2,ou,21.50,under,ft,1.98,10
ljHY5NmR,Golubic V.,Kenin S.,2,2,ou,22.00,over,ft,1.845,4
ljHY5NmR,Golubic V.,Kenin S.,2,2,ou,22.00,under,ft,1.9,4
ljHY5NmR,Golubic V.,Kenin S.,2,2,ou,22.50,over,ft,1.969,10
ljHY5NmR,Golubic V.,Kenin S.,2,2,ou,22.50,under,ft,1.749,10
ljHY5NmR,Golubic V.,Kenin S.,2,2,ou,23.00,over,ft,2.087,4
ljHY5NmR,Golubic V.,Kenin S.,2,2,ou,23.00,under,ft,1.708,4
ljHY5NmR,Golubic V.,Kenin S.,2,2,ou,23.50,over,ft,2.14,5
ljHY5NmR,Golubic V.,Kenin S.,2,2,ou,23.50,under,ft,1.612,5
ljHY5NmR,Golubic V.,Kenin S.,2,2,ou,24.00,over,ft,2.33,1
ljHY5NmR,Golubic V.,Kenin S.,2,2,ou,24.00,under,ft,1.52,1
ljHY5NmR,Golubic V.,Kenin S.,2,2,ou,24.50,over,ft,2.244,7
ljHY5NmR,Golubic V.,Kenin S.,2,2,ou,24.50,under,ft,1.571,7
ljHY5NmR,Golubic V.,Kenin S.,2,2,ou,25.50,over,ft,2.44,5
ljHY5NmR,Golubic V.,Kenin S.,2,2,ou,25.50,under,ft,1.47,5
ljHY5NmR,Golubic V.,Kenin S.,2,2,ou,26.50,over,ft,2.762,6
ljHY5NmR,Golubic V.,Kenin S.,2,2,ou,26.50,under,ft,1.385,6
ljHY5NmR,Golubic V.,Kenin S.,2,2,ou,27.50,over,ft,3.11,1
ljHY5NmR,Golubic V.,Kenin S.,2,2,ou,27.50,under,ft,1.31,1
ljHY5NmR,Golubic V.,Kenin S.,2,2,ou,28.50,over,ft,3.67,1
ljHY5NmR,Golubic V.,Kenin S.,2,2,ou,28.50,under,ft,1.23,1
ljHY5NmR,Golubic V.,Kenin S.,2,2,ou,29.50,over,ft,4.38,1
ljHY5NmR,Golubic V.,Kenin S.,2,2,ou,29.50,under,ft,1.16,1
ljHY5NmR,Golubic V.,Kenin S.,2,2,ou,30.50,over,ft,5.36,1
ljHY5NmR,Golubic V.,Kenin S.,2,2,ou,30.50,under,ft,1.11,1
ljHY5NmR,Golubic V.,Kenin S.,2,2,hc,1.50,home,ft,1.237,7
ljHY5NmR,Golubic V.,Kenin S.,2,2,hc,1.50,away,ft,3.863,7
ljHY5NmR,Golubic V.,Kenin S.,2,2,hc,-1.50,home,ft,2.447,9
ljHY5NmR,Golubic V.,Kenin S.,2,2,hc,-1.50,away,ft,1.512,9
ljHY5NmR,Golubic V.,Kenin S.,2,2,hc,0,home,ft,1.58,3
ljHY5NmR,Golubic V.,Kenin S.,2,2,hc,0,away,ft,2.18,3
ljHY5NmR,Golubic V.,Kenin S.,2,2,hc,0.50,home,ft,1.71,3
ljHY5NmR,Golubic V.,Kenin S.,2,2,hc,0.50,away,ft,1.98,3
ljHY5NmR,Golubic V.,Kenin S.,2,2,hc,-0.50,home,ft,1.6,3
ljHY5NmR,Golubic V.,Kenin S.,2,2,hc,-0.50,away,ft,2.15,3
ljHY5NmR,Golubic V.,Kenin S.,2,2,hc,1.00,home,ft,1.49,3
ljHY5NmR,Golubic V.,Kenin S.,2,2,hc,1.00,away,ft,2.36,3
ljHY5NmR,Golubic V.,Kenin S.,2,2,hc,-1.00,home,ft,1.68,6
ljHY5NmR,Golubic V.,Kenin S.,2,2,hc,-1.00,away,ft,2.072,6
ljHY5NmR,Golubic V.,Kenin S.,2,2,hc,1.50,home,ft,1.542,5
ljHY5NmR,Golubic V.,Kenin S.,2,2,hc,1.50,away,ft,2.328,5
ljHY5NmR,Golubic V.,Kenin S.,2,2,hc,-1.50,home,ft,1.719,9
ljHY5NmR,Golubic V.,Kenin S.,2,2,hc,-1.50,away,ft,2.017,9
ljHY5NmR,Golubic V.,Kenin S.,2,2,hc,-2.00,home,ft,1.8,6
ljHY5NmR,Golubic V.,Kenin S.,2,2,hc,-2.00,away,ft,1.917,6
ljHY5NmR,Golubic V.,Kenin S.,2,2,hc,-2.50,home,ft,1.897,8
ljHY5NmR,Golubic V.,Kenin S.,2,2,hc,-2.50,away,ft,1.876,8
ljHY5NmR,Golubic V.,Kenin S.,2,2,hc,-3.00,home,ft,2.033,6
ljHY5NmR,Golubic V.,Kenin S.,2,2,hc,-3.00,away,ft,1.718,6
ljHY5NmR,Golubic V.,Kenin S.,2,2,hc,3.50,home,ft,1.28,2
ljHY5NmR,Golubic V.,Kenin S.,2,2,hc,3.50,away,ft,3.49,2
ljHY5NmR,Golubic V.,Kenin S.,2,2,hc,-3.50,home,ft,2.171,7
ljHY5NmR,Golubic V.,Kenin S.,2,2,hc,-3.50,away,ft,1.62,7
ljHY5NmR,Golubic V.,Kenin S.,2,2,hc,-4.00,home,ft,2.46,3
ljHY5NmR,Golubic V.,Kenin S.,2,2,hc,-4.00,away,ft,1.46,3
ljHY5NmR,Golubic V.,Kenin S.,2,2,hc,-4.50,home,ft,2.69,3
ljHY5NmR,Golubic V.,Kenin S.,2,2,hc,-4.50,away,ft,1.39,3
ljHY5NmR,Golubic V.,Kenin S.,2,2,hc,-5.50,home,ft,3.83,2
ljHY5NmR,Golubic V.,Kenin S.,2,2,hc,-5.50,away,ft,1.245,2
Q55DXwFM,Dart H.,Klugman H.,0,0,ou,2.50,over,ft,2.478,5
Q55DXwFM,Dart H.,Klugman H.,0,0,ou,2.50,under,ft,1.506,5
Q55DXwFM,Dart H.,Klugman H.,0,0,ou,16.50,over,ft,1.12,1
Q55DXwFM,Dart H.,Klugman H.,0,0,ou,16.50,under,ft,5.11,1
Q55DXwFM,Dart H.,Klugman H.,0,0,ou,17.50,over,ft,1.28,2
Q55DXwFM,Dart H.,Klugman H.,0,0,ou,17.50,under,ft,3.415,2
Q55DXwFM,Dart H.,Klugman H.,0,0,ou,18.50,over,ft,1.356,7
Q55DXwFM,Dart H.,Klugman H.,0,0,ou,18.50,under,ft,2.93,7
Q55DXwFM,Dart H.,Klugman H.,0,0,ou,19.50,over,ft,1.539,7
Q55DXwFM,Dart H.,Klugman H.,0,0,ou,19.50,under,ft,2.317,7
Q55DXwFM,Dart H.,Klugman H.,0,0,ou,20.00,over,ft,1.64,1
Q55DXwFM,Dart H.,Klugman H.,0,0,ou,20.00,under,ft,2.1,1
Q55DXwFM,Dart H.,Klugman H.,0,0,ou,20.50,over,ft,1.841,9
Q55DXwFM,Dart H.,Klugman H.,0,0,ou,20.50,under,ft,1.918,9
Q55DXwFM,Dart H.,Klugman H.,0,0,ou,21.00,over,ft,1.802,4
Q55DXwFM,Dart H.,Klugman H.,0,0,ou,21.00,under,ft,1.958,4
Q55DXwFM,Dart H.,Klugman H.,0,0,ou,21.50,over,ft,1.903,9
Q55DXwFM,Dart H.,Klugman H.,0,0,ou,21.50,under,ft,1.813,9
Q55DXwFM,Dart H.,Klugman H.,0,0,ou,22.00,over,ft,2.02,4
Q55DXwFM,Dart H.,Klugman H.,0,0,ou,22.00,under,ft,1.748,4
Q55DXwFM,Dart H.,Klugman H.,0,0,ou,22.50,over,ft,2.156,8
Q55DXwFM,Dart H.,Klugman H.,0,0,ou,22.50,under,ft,1.627,8
Q55DXwFM,Dart H.,Klugman H.,0,0,ou,23.00,over,ft,2.34,1
Q55DXwFM,Dart H.,Klugman H.,0,0,ou,23.00,under,ft,1.52,1
Q55DXwFM,Dart H.,Klugman H.,0,0,ou,23.50,over,ft,2.378,6
Q55DXwFM,Dart H.,Klugman H.,0,0,ou,23.50,under,ft,1.507,6
Q55DXwFM,Dart H.,Klugman H.,0,0,ou,24.00,over,ft,2.5,1
Q55DXwFM,Dart H.,Klugman H.,0,0,ou,24.00,under,ft,1.46,1
Q55DXwFM,Dart H.,Klugman H.,0,0,ou,24.50,over,ft,2.497,7
Q55DXwFM,Dart H.,Klugman H.,0,0,ou,24.50,under,ft,1.471,7
Q55DXwFM,Dart H.,Klugman H.,0,0,ou,25.50,over,ft,2.792,5
Q55DXwFM,Dart H.,Klugman H.,0,0,ou,25.50,under,ft,1.378,5
Q55DXwFM,Dart H.,Klugman H.,0,0,ou,26.50,over,ft,3.162,5
Q55DXwFM,Dart H.,Klugman H.,0,0,ou,26.50,under,ft,1.306,5
Q55DXwFM,Dart H.,Klugman H.,0,0,ou,27.50,over,ft,3.33,1
Q55DXwFM,Dart H.,Klugman H.,0,0,ou,27.50,under,ft,1.27,1
Q55DXwFM,Dart H.,Klugman H.,0,0,ou,28.50,over,ft,3.8,1
Q55DXwFM,Dart H.,Klugman H.,0,0,ou,28.50,under,ft,1.21,1
Q55DXwFM,Dart H.,Klugman H.,0,0,ou,29.50,over,ft,4.5,1
Q55DXwFM,Dart H.,Klugman H.,0,0,ou,29.50,under,ft,1.16,1
Q55DXwFM,Dart H.,Klugman H.,0,0,ou,30.50,over,ft,5.43,1
Q55DXwFM,Dart H.,Klugman H.,0,0,ou,30.50,under,ft,1.11,1
Q55DXwFM,Dart H.,Klugman H.,0,0,hc,1.50,home,ft,1.169,7
Q55DXwFM,Dart H.,Klugman H.,0,0,hc,1.50,away,ft,4.707,7
Q55DXwFM,Dart H.,Klugman H.,0,0,hc,-1.50,home,ft,2.047,8
Q55DXwFM,Dart H.,Klugman H.,0,0,hc,-1.50,away,ft,1.712,8
Q55DXwFM,Dart H.,Klugman H.,0,0,hc,-0.50,home,ft,1.4,1
Q55DXwFM,Dart H.,Klugman H.,0,0,hc,-0.50,away,ft,2.75,1
Q55DXwFM,Dart H.,Klugman H.,0,0,hc,-1.00,home,ft,1.45,3
Q55DXwFM,Dart H.,Klugman H.,0,0,hc,-1.00,away,ft,2.49,3
Q55DXwFM,Dart H.,Klugman H.,0,0,hc,1.50,home,ft,1.33,3
Q55DXwFM,Dart H.,Klugman H.,0,0,hc,1.50,away,ft,3.14,3
Q55DXwFM,Dart H.,Klugman H.,0,0,hc,-1.50,home,ft,1.482,6
Q55DXwFM,Dart H.,Klugman H.,0,0,hc,-1.50,away,ft,2.457,6
Q55DXwFM,Dart H.,Klugman H.,0,0,hc,-2.00,home,ft,1.5,3
Q55DXwFM,Dart H.,Klugman H.,0,0,hc,-2.00,away,ft,2.35,3
Q55DXwFM,Dart H.,Klugman H.,0,0,hc,-2.50,home,ft,1.583,6
Q55DXwFM,Dart H.,Klugman H.,0,0,hc,-2.50,away,ft,2.24,6
Q55DXwFM,Dart H.,Klugman H.,0,0,hc,-3.00,home,ft,1.682,6
Q55DXwFM,Dart H.,Klugman H.,0,0,hc,-3.00,away,ft,2.082,6
Q55DXwFM,Dart H.,Klugman H.,0,0,hc,-3.50,home,ft,1.76,8
Q55DXwFM,Dart H.,Klugman H.,0,0,hc,-3.50,away,ft,1.948,8
Q55DXwFM,Dart H.,Klugman H.,0,0,hc,-4.00,home,ft,1.968,6
Q55DXwFM,Dart H.,Klugman H.,0,0,hc,-4.00,away,ft,1.76,6
Q55DXwFM,Dart H.,Klugman H.,0,0,hc,-4.50,home,ft,2.03,7
Q55DXwFM,Dart H.,Klugman H.,0,0,hc,-4.50,away,ft,1.764,7
Q55DXwFM,Dart H.,Klugman H.,0,0,hc,-5.00,home,ft,2.46,3
Q55DXwFM,Dart H.,Klugman H.,0,0,hc,-5.00,away,ft,1.46,3
Q55DXwFM,Dart H.,Klugman H.,0,0,hc,-5.50,home,ft,2.798,6
Q55DXwFM,Dart H.,Klugman H.,0,0,hc,-5.50,away,ft,1.383,6
xhmxF0Qs,McNally C.,Ruzic A.,2,2,ou,2.50,over,ft,2.346,5
xhmxF0Qs,McNally C.,Ruzic A.,2,2,ou,2.50,under,ft,1.564,5
xhmxF0Qs,McNally C.,Ruzic A.,2,2,ou,16.50,over,ft,1.11,1
xhmxF0Qs,McNally C.,Ruzic A.,2,2,ou,16.50,under,ft,5.29,1
xhmxF0Qs,McNally C.,Ruzic A.,2,2,ou,17.50,over,ft,1.2,1
xhmxF0Qs,McNally C.,Ruzic A.,2,2,ou,17.50,under,ft,3.96,1
xhmxF0Qs,McNally C.,Ruzic A.,2,2,ou,18.50,over,ft,1.326,5
xhmxF0Qs,McNally C.,Ruzic A.,2,2,ou,18.50,under,ft,3.036,5
xhmxF0Qs,McNally C.,Ruzic A.,2,2,ou,19.50,over,ft,1.484,5
xhmxF0Qs,McNally C.,Ruzic A.,2,2,ou,19.50,under,ft,2.408,5
xhmxF0Qs,McNally C.,Ruzic A.,2,2,ou,20.00,over,ft,1.63,4
xhmxF0Qs,McNally C.,Ruzic A.,2,2,ou,20.00,under,ft,2.183,4
xhmxF0Qs,McNally C.,Ruzic A.,2,2,ou,20.50,over,ft,1.679,10
xhmxF0Qs,McNally C.,Ruzic A.,2,2,ou,20.50,under,ft,2.064,10
xhmxF0Qs,McNally C.,Ruzic A.,2,2,ou,21.00,over,ft,1.747,7
xhmxF0Qs,McNally C.,Ruzic A.,2,2,ou,21.00,under,ft,2.017,7
xhmxF0Qs,McNally C.,Ruzic A.,2,2,ou,21.50,over,ft,1.873,10
xhmxF0Qs,McNally C.,Ruzic A.,2,2,ou,21.50,under,ft,1.853,10
xhmxF0Qs,McNally C.,Ruzic A.,2,2,ou,22.00,over,ft,1.957,7
xhmxF0Qs,McNally C.,Ruzic A.,2,2,ou,22.00,under,ft,1.793,7
xhmxF0Qs,McNally C.,Ruzic A.,2,2,ou,22.50,over,ft,2.108,10
xhmxF0Qs,McNally C.,Ruzic A.,2,2,ou,22.50,under,ft,1.656,10
xhmxF0Qs,McNally C.,Ruzic A.,2,2,ou,23.00,over,ft,2.3,1
xhmxF0Qs,McNally C.,Ruzic A.,2,2,ou,23.00,under,ft,1.53,1
xhmxF0Qs,McNally C.,Ruzic A.,2,2,ou,23.50,over,ft,2.293,6
xhmxF0Qs,McNally C.,Ruzic A.,2,2,ou,23.50,under,ft,1.533,6
xhmxF0Qs,McNally C.,Ruzic A.,2,2,ou,24.50,over,ft,2.45,5
xhmxF0Qs,McNally C.,Ruzic A.,2,2,ou,24.50,under,ft,1.482,5
xhmxF0Qs,McNally C.,Ruzic A.,2,2,ou,25.50,over,ft,2.703,4
xhmxF0Qs,McNally C.,Ruzic A.,2,2,ou,25.50,under,ft,1.382,4
xhmxF0Qs,McNally C.,Ruzic A.,2,2,ou,26.50,over,ft,3.04,5
xhmxF0Qs,McNally C.,Ruzic A.,2,2,ou,26.50,under,ft,1.324,5
xhmxF0Qs,McNally C.,Ruzic A.,2,2,ou,27.50,over,ft,3.35,1
xhmxF0Qs,McNally C.,Ruzic A.,2,2,ou,27.50,under,ft,1.27,1
xhmxF0Qs,McNally C.,Ruzic A.,2,2,ou,28.50,over,ft,3.82,1
xhmxF0Qs,McNally C.,Ruzic A.,2,2,ou,28.50,under,ft,1.21,1
xhmxF0Qs,McNally C.,Ruzic A.,2,2,ou,29.50,over,ft,4.54,1
xhmxF0Qs,McNally C.,Ruzic A.,2,2,ou,29.50,under,ft,1.15,1
xhmxF0Qs,McNally C.,Ruzic A.,2,2,ou,30.50,over,ft,5.5,1
xhmxF0Qs,McNally C.,Ruzic A.,2,2,ou,30.50,under,ft,1.1,1
xhmxF0Qs,McNally C.,Ruzic A.,2,2,hc,1.50,home,ft,1.191,7
xhmxF0Qs,McNally C.,Ruzic A.,2,2,hc,1.50,away,ft,4.431,7
xhmxF0Qs,McNally C.,Ruzic A.,2,2,hc,-1.50,home,ft,2.207,9
xhmxF0Qs,McNally C.,Ruzic A.,2,2,hc,-1.50,away,ft,1.619,9
xhmxF0Qs,McNally C.,Ruzic A.,2,2,hc,0,home,ft,1.48,3
xhmxF0Qs,McNally C.,Ruzic A.,2,2,hc,0,away,ft,2.41,3
xhmxF0Qs,McNally C.,Ruzic A.,2,2,hc,-0.50,home,ft,1.52,3
xhmxF0Qs,McNally C.,Ruzic A.,2,2,hc,-0.50,away,ft,2.31,3
xhmxF0Qs,McNally C.,Ruzic A.,2,2,hc,-1.00,home,ft,1.46,3
xhmxF0Qs,McNally C.,Ruzic A.,2,2,hc,-1.00,away,ft,2.44,3
xhmxF0Qs,McNally C.,Ruzic A.,2,2,hc,1.50,home,ft,1.36,1
xhmxF0Qs,McNally C.,Ruzic A.,2,2,hc,1.50,away,ft,3.13,1
xhmxF0Qs,McNally C.,Ruzic A.,2,2,hc,-1.50,home,ft,1.558,5
xhmxF0Qs,McNally C.,Ruzic A.,2,2,hc,-1.50,away,ft,2.276,5
xhmxF0Qs,McNally C.,Ruzic A.,2,2,hc,-2.00,home,ft,1.622,5
xhmxF0Qs,McNally C.,Ruzic A.,2,2,hc,-2.00,away,ft,2.164,5
xhmxF0Qs,McNally C.,Ruzic A.,2,2,hc,-2.50,home,ft,1.682,8
xhmxF0Qs,McNally C.,Ruzic A.,2,2,hc,-2.50,away,ft,2.08,8
xhmxF0Qs,McNally C.,Ruzic A.,2,2,hc,-3.00,home,ft,1.757,6
xhmxF0Qs,McNally C.,Ruzic A.,2,2,hc,-3.00,away,ft,1.98,6
xhmxF0Qs,McNally C.,Ruzic A.,2,2,hc,-3.50,home,ft,1.881,8
xhmxF0Qs,McNally C.,Ruzic A.,2,2,hc,-3.50,away,ft,1.834,8
xhmxF0Qs,McNally C.,Ruzic A.,2,2,hc,-4.00,home,ft,2.075,6
xhmxF0Qs,McNally C.,Ruzic A.,2,2,hc,-4.00,away,ft,1.687,6
xhmxF0Qs,McNally C.,Ruzic A.,2,2,hc,-4.50,home,ft,2.27,7
xhmxF0Qs,McNally C.,Ruzic A.,2,2,hc,-4.50,away,ft,1.579,7
xhmxF0Qs,McNally C.,Ruzic A.,2,2,hc,-5.00,home,ft,2.637,6
xhmxF0Qs,McNally C.,Ruzic A.,2,2,hc,-5.00,away,ft,1.428,6
xhmxF0Qs,McNally C.,Ruzic A.,2,2,hc,-5.50,home,ft,3.07,4
xhmxF0Qs,McNally C.,Ruzic A.,2,2,hc,-5.50,away,ft,1.323,4
Ak3tp3FG,Dart H.,Boulter K.,,,ou,2.50,over,ft,2.482,5
Ak3tp3FG,Dart H.,Boulter K.,,,ou,2.50,under,ft,1.468,5
Ak3tp3FG,Dart H.,Boulter K.,,,ou,16.50,over,ft,1.1,1
Ak3tp3FG,Dart H.,Boulter K.,,,ou,16.50,under,ft,5.54,1
Ak3tp3FG,Dart H.,Boulter K.,,,ou,17.50,over,ft,1.222,4
Ak3tp3FG,Dart H.,Boulter K.,,,ou,17.50,under,ft,3.615,4
Ak3tp3FG,Dart H.,Boulter K.,,,ou,18.50,over,ft,1.377,6
Ak3tp3FG,Dart H.,Boulter K.,,,ou,18.50,under,ft,2.758,6
Ak3tp3FG,Dart H.,Boulter K.,,,ou,19.00,over,ft,1.44,1
Ak3tp3FG,Dart H.,Boulter K.,,,ou,19.00,under,ft,2.55,1
Ak3tp3FG,Dart H.,Boulter K.,,,ou,19.50,over,ft,1.552,8
Ak3tp3FG,Dart H.,Boulter K.,,,ou,19.50,under,ft,2.262,8
Ak3tp3FG,Dart H.,Boulter K.,,,ou,20.00,over,ft,1.68,7
Ak3tp3FG,Dart H.,Boulter K.,,,ou,20.00,under,ft,2.097,7
Ak3tp3FG,Dart H.,Boulter K.,,,ou,20.50,over,ft,1.777,10
Ak3tp3FG,Dart H.,Boulter K.,,,ou,20.50,under,ft,1.936,10
Ak3tp3FG,Dart H.,Boulter K.,,,ou,21.00,over,ft,1.887,7
Ak3tp3FG,Dart H.,Boulter K.,,,ou,21.00,under,ft,1.837,7
Ak3tp3FG,Dart H.,Boulter K.,,,ou,21.50,over,ft,1.957,10
Ak3tp3FG,Dart H.,Boulter K.,,,ou,21.50,under,ft,1.751,10
Ak3tp3FG,Dart H.,Boulter K.,,,ou,22.00,over,ft,2.112,4
Ak3tp3FG,Dart H.,Boulter K.,,,ou,22.00,under,ft,1.677,4
Ak3tp3FG,Dart H.,Boulter K.,,,ou,22.50,over,ft,2.215,6
Ak3tp3FG,Dart H.,Boulter K.,,,ou,22.50,under,ft,1.567,6
Ak3tp3FG,Dart H.,Boulter K.,,,ou,23.00,over,ft,2.41,1
Ak3tp3FG,Dart H.,Boulter K.,,,ou,23.00,under,ft,1.49,1
Ak3tp3FG,Dart H.,Boulter K.,,,ou,23.50,over,ft,2.436,5
Ak3tp3FG,Dart H.,Boulter K.,,,ou,23.50,under,ft,1.474,5
Ak3tp3FG,Dart H.,Boulter K.,,,ou,24.50,over,ft,2.574,5
Ak3tp3FG,Dart H.,Boulter K.,,,ou,24.50,under,ft,1.42,5
Ak3tp3FG,Dart H.,Boulter K.,,,ou,25.50,over,ft,2.922,4
Ak3tp3FG,Dart H.,Boulter K.,,,ou,25.50,under,ft,1.333,4
Ak3tp3FG,Dart H.,Boulter K.,,,ou,26.50,over,ft,3.03,1
Ak3tp3FG,Dart H.,Boulter K.,,,ou,26.50,under,ft,1.32,1
Ak3tp3FG,Dart H.,Boulter K.,,,ou,27.50,over,ft,3.42,1
Ak3tp3FG,Dart H.,Boulter K.,,,ou,27.50,under,ft,1.26,1
Ak3tp3FG,Dart H.,Boulter K.,,,ou,28.50,over,ft,3.96,1
Ak3tp3FG,Dart H.,Boulter K.,,,ou,28.50,under,ft,1.2,1
Ak3tp3FG,Dart H.,Boulter K.,,,ou,29.50,over,ft,4.72,1
Ak3tp3FG,Dart H.,Boulter K.,,,ou,29.50,under,ft,1.14,1
Ak3tp3FG,Dart H.,Boulter K.,,,ou,30.50,over,ft,5.69,1
Ak3tp3FG,Dart H.,Boulter K.,,,ou,30.50,under,ft,1.1,1
Ak3tp3FG,Dart H.,Boulter K.,,,hc,0.50,home,ft,2.9,1
Ak3tp3FG,Dart H.,Boulter K.,,,hc,0.50,away,ft,1.36,1
Ak3tp3FG,Dart H.,Boulter K.,,,hc,-0.50,home,ft,2.9,1
Ak3tp3FG,Dart H.,Boulter K.,,,hc,-0.50,away,ft,1.36,1
Ak3tp3FG,Dart H.,Boulter K.,,,hc,1.50,home,ft,1.821,9
Ak3tp3FG,Dart H.,Boulter K.,,,hc,1.50,away,ft,1.88,9
Ak3tp3FG,Dart H.,Boulter K.,,,hc,-1.50,home,ft,5.381,7
Ak3tp3FG,Dart H.,Boulter K.,,,hc,-1.50,away,ft,1.119,7
Ak3tp3FG,Dart H.,Boulter K.,,,hc,1.50,home,ft,2.54,4
Ak3tp3FG,Dart H.,Boulter K.,,,hc,1.50,away,ft,1.438,4
Ak3tp3FG,Dart H.,Boulter K.,,,hc,2.00,home,ft,2.43,3
Ak3tp3FG,Dart H.,Boulter K.,,,hc,2.00,away,ft,1.47,3
Ak3tp3FG,Dart H.,Boulter K.,,,hc,2.50,home,ft,2.417,4
Ak3tp3FG,Dart H.,Boulter K.,,,hc,2.50,away,ft,1.48,4
Ak3tp3FG,Dart H.,Boulter K.,,,hc,3.00,home,ft,2.315,6
Ak3tp3FG,Dart H.,Boulter K.,,,hc,3.00,away,ft,1.545,6
Ak3tp3FG,Dart H.,Boulter K.,,,hc,3.50,home,ft,2.123,7
Ak3tp3FG,Dart H.,Boulter K.,,,hc,3.50,away,ft,1.643,7
Ak3tp3FG,Dart H.,Boulter K.,,,hc,4.00,home,ft,1.907,6
Ak3tp3FG,Dart H.,Boulter K.,,,hc,4.00,away,ft,1.798,6
Ak3tp3FG,Dart H.,Boulter K.,,,hc,4.50,home,ft,1.761,8
Ak3tp3FG,Dart H.,Boulter K.,,,hc,4.50,away,ft,1.951,8
Ak3tp3FG,Dart H.,Boulter K.,,,hc,5.00,home,ft,1.547,6
Ak3tp3FG,Dart H.,Boulter K.,,,hc,5.00,away,ft,2.308,6
Ak3tp3FG,Dart H.,Boulter K.,,,hc,5.50,home,ft,1.486,7
Ak3tp3FG,Dart H.,Boulter K.,,,hc,5.50,away,ft,2.431,7
Ak3tp3FG,Dart H.,Boulter K.,,,hc,6.00,home,ft,1.28,3
Ak3tp3FG,Dart H.,Boulter K.,,,hc,6.00,away,ft,3.22,3
Ak3tp3FG,Dart H.,Boulter K.,,,hc,6.50,home,ft,1.29,3
Ak3tp3FG,Dart H.,Boulter K.,,,hc,6.50,away,ft,3.15,3
phgLBhG7,Dudeney A.,Yastremska D.,0,0,ou,2.50,over,ft,2.92,4
phgLBhG7,Dudeney A.,Yastremska D.,0,0,ou,2.50,under,ft,1.387,4
phgLBhG7,Dudeney A.,Yastremska D.,0,0,ou,15.50,over,ft,1.16,1
phgLBhG7,Dudeney A.,Yastremska D.,0,0,ou,15.50,under,ft,4.6,1
phgLBhG7,Dudeney A.,Yastremska D.,0,0,ou,16.50,over,ft,1.176,7
phgLBhG7,Dudeney A.,Yastremska D.,0,0,ou,16.50,under,ft,4.471,7
phgLBhG7,Dudeney A.,Yastremska D.,0,0,ou,17.00,over,ft,1.27,1
phgLBhG7,Dudeney A.,Yastremska D.,0,0,ou,17.00,under,ft,3.4,1
phgLBhG7,Dudeney A.,Yastremska D.,0,0,ou,17.50,over,ft,1.34,5
phgLBhG7,Dudeney A.,Yastremska D.,0,0,ou,17.50,under,ft,3.0,5
phgLBhG7,Dudeney A.,Yastremska D.,0,0,ou,18.00,over,ft,1.48,1
phgLBhG7,Dudeney A.,Yastremska D.,0,0,ou,18.00,under,ft,2.45,1
phgLBhG7,Dudeney A.,Yastremska D.,0,0,ou,18.50,over,ft,1.501,8
phgLBhG7,Dudeney A.,Yastremska D.,0,0,ou,18.50,under,ft,2.413,8
phgLBhG7,Dudeney A.,Yastremska D.,0,0,ou,19.00,over,ft,1.597,3
phgLBhG7,Dudeney A.,Yastremska D.,0,0,ou,19.00,under,ft,2.3,3
phgLBhG7,Dudeney A.,Yastremska D.,0,0,ou,19.50,over,ft,1.865,8
phgLBhG7,Dudeney A.,Yastremska D.,0,0,ou,19.50,under,ft,1.909,8
phgLBhG7,Dudeney A.,Yastremska D.,0,0,ou,20.00,over,ft,1.87,3
phgLBhG7,Dudeney A.,Yastremska D.,0,0,ou,20.00,under,ft,1.917,3
phgLBhG7,Dudeney A.,Yastremska D.,0,0,ou,20.50,over,ft,1.944,8
phgLBhG7,Dudeney A.,Yastremska D.,0,0,ou,20.50,under,ft,1.774,8
phgLBhG7,Dudeney A.,Yastremska D.,0,0,ou,21.00,over,ft,2.113,3
phgLBhG7,Dudeney A.,Yastremska D.,0,0,ou,21.00,under,ft,1.703,3
phgLBhG7,Dudeney A.,Yastremska D.,0,0,ou,21.50,over,ft,2.133,7
phgLBhG7,Dudeney A.,Yastremska D.,0,0,ou,21.50,under,ft,1.646,7
phgLBhG7,Dudeney A.,Yastremska D.,0,0,ou,22.00,over,ft,2.6,1
phgLBhG7,Dudeney A.,Yastremska D.,0,0,ou,22.00,under,ft,1.44,1
phgLBhG7,Dudeney A.,Yastremska D.,0,0,ou,22.50,over,ft,2.476,7
phgLBhG7,Dudeney A.,Yastremska D.,0,0,ou,22.50,under,ft,1.483,7
phgLBhG7,Dudeney A.,Yastremska D.,0,0,ou,23.50,over,ft,2.705,4
phgLBhG7,Dudeney A.,Yastremska D.,0,0,ou,23.50,under,ft,1.41,4
phgLBhG7,Dudeney A.,Yastremska D.,0,0,ou,24.50,over,ft,2.877,6
phgLBhG7,Dudeney A.,Yastremska D.,0,0,ou,24.50,under,ft,1.37,6
phgLBhG7,Dudeney A.,Yastremska D.,0,0,ou,25.50,over,ft,3.75,1
phgLBhG7,Dudeney A.,Yastremska D.,0,0,ou,25.50,under,ft,1.27,1
phgLBhG7,Dudeney A.,Yastremska D.,0,0,hc,1.50,home,ft,2.201,8
phgLBhG7,Dudeney A.,Yastremska D.,0,0,hc,1.50,away,ft,1.62,8
phgLBhG7,Dudeney A.,Yastremska D.,0,0,hc,-1.50,home,ft,7.309,7
phgLBhG7,Dudeney A.,Yastremska D.,0,0,hc,-1.50,away,ft,1.081,7
phgLBhG7,Dudeney A.,Yastremska D.,0,0,hc,1.50,home,ft,3.773,3
phgLBhG7,Dudeney A.,Yastremska D.,0,0,hc,1.50,away,ft,1.243,3
phgLBhG7,Dudeney A.,Yastremska D.,0,0,hc,2.50,home,ft,3.31,5
phgLBhG7,Dudeney A.,Yastremska D.,0,0,hc,2.50,away,ft,1.278,5
phgLBhG7,Dudeney A.,Yastremska D.,0,0,hc,3.00,home,ft,3.05,3
phgLBhG7,Dudeney A.,Yastremska D.,0,0,hc,3.00,away,ft,1.31,3
phgLBhG7,Dudeney A.,Yastremska D.,0,0,hc,3.50,home,ft,2.653,7
phgLBhG7,Dudeney A.,Yastremska D.,0,0,hc,3.50,away,ft,1.424,7
phgLBhG7,Dudeney A.,Yastremska D.,0,0,hc,4.00,home,ft,2.433,6
phgLBhG7,Dudeney A.,Yastremska D.,0,0,hc,4.00,away,ft,1.503,6
phgLBhG7,Dudeney A.,Yastremska D.,0,0,hc,4.50,home,ft,2.138,8
phgLBhG7,Dudeney A.,Yastremska D.,0,0,hc,4.50,away,ft,1.643,8
phgLBhG7,Dudeney A.,Yastremska D.,0,0,hc,5.00,home,ft,1.895,6
phgLBhG7,Dudeney A.,Yastremska D.,0,0,hc,5.00,away,ft,1.83,6
phgLBhG7,Dudeney A.,Yastremska D.,0,0,hc,5.50,home,ft,1.786,8
phgLBhG7,Dudeney A.,Yastremska D.,0,0,hc,5.50,away,ft,2.005,8
phgLBhG7,Dudeney A.,Yastremska D.,0,0,hc,6.00,home,ft,1.495,6
phgLBhG7,Dudeney A.,Yastremska D.,0,0,hc,6.00,away,ft,2.457,6
phgLBhG7,Dudeney A.,Yastremska D.,0,0,hc,6.50,home,ft,1.412,5
phgLBhG7,Dudeney A.,Yastremska D.,0,0,hc,6.50,away,ft,2.672,5
phgLBhG7,Dudeney A.,Yastremska D.,0,0,hc,7.00,home,ft,1.227,3
phgLBhG7,Dudeney A.,Yastremska D.,0,0,hc,7.00,away,ft,3.603,3
phgLBhG7,Dudeney A.,Yastremska D.,0,0,hc,7.50,home,ft,1.178,6
phgLBhG7,Dudeney A.,Yastremska D.,0,0,hc,7.50,away,ft,4.338,6
COS7rjvC,Boisson L.,Yastremska D.,,,ou,2.50,over,ft,2.806,5
COS7rjvC,Boisson L.,Yastremska D.,,,ou,2.50,under,ft,1.378,5
COS7rjvC,Boisson L.,Yastremska D.,,,ou,15.50,over,ft,1.08,1
COS7rjvC,Boisson L.,Yastremska D.,,,ou,15.50,under,ft,6.09,1
COS7rjvC,Boisson L.,Yastremska D.,,,ou,16.50,over,ft,1.17,4
COS7rjvC,Boisson L.,Yastremska D.,,,ou,16.50,under,ft,4.23,4
COS7rjvC,Boisson L.,Yastremska D.,,,ou,17.50,over,ft,1.306,5
COS7rjvC,Boisson L.,Yastremska D.,,,ou,17.50,under,ft,3.086,5
COS7rjvC,Boisson L.,Yastremska D.,,,ou,18.00,over,ft,1.38,1
COS7rjvC,Boisson L.,Yastremska D.,,,ou,18.00,under,ft,2.77,1
COS7rjvC,Boisson L.,Yastremska D.,,,ou,18.50,over,ft,1.501,8
COS7rjvC,Boisson L.,Yastremska D.,,,ou,18.50,under,ft,2.38,8
COS7rjvC,Boisson L.,Yastremska D.,,,ou,19.00,over,ft,1.56,4
COS7rjvC,Boisson L.,Yastremska D.,,,ou,19.00,under,ft,2.365,4
COS7rjvC,Boisson L.,Yastremska D.,,,ou,19.50,over,ft,1.723,10
COS7rjvC,Boisson L.,Yastremska D.,,,ou,19.50,under,ft,2.011,10
COS7rjvC,Boisson L.,Yastremska D.,,,ou,20.00,over,ft,1.834,7
COS7rjvC,Boisson L.,Yastremska D.,,,ou,20.00,under,ft,1.903,7
COS7rjvC,Boisson L.,Yastremska D.,,,ou,20.50,over,ft,1.952,10
COS7rjvC,Boisson L.,Yastremska D.,,,ou,20.50,under,ft,1.756,10
COS7rjvC,Boisson L.,Yastremska D.,,,ou,21.00,over,ft,2.076,7
COS7rjvC,Boisson L.,Yastremska D.,,,ou,21.00,under,ft,1.704,7
COS7rjvC,Boisson L.,Yastremska D.,,,ou,21.50,over,ft,2.167,9
COS7rjvC,Boisson L.,Yastremska D.,,,ou,21.50,under,ft,1.608,9
COS7rjvC,Boisson L.,Yastremska D.,,,ou,22.00,over,ft,2.28,2
COS7rjvC,Boisson L.,Yastremska D.,,,ou,22.00,under,ft,1.605,2
COS7rjvC,Boisson L.,Yastremska D.,,,ou,22.50,over,ft,2.483,6
COS7rjvC,Boisson L.,Yastremska D.,,,ou,22.50,under,ft,1.453,6
COS7rjvC,Boisson L.,Yastremska D.,,,ou,23.50,over,ft,2.73,5
COS7rjvC,Boisson L.,Yastremska D.,,,ou,23.50,under,ft,1.388,5
COS7rjvC,Boisson L.,Yastremska D.,,,ou,24.50,over,ft,2.89,5
COS7rjvC,Boisson L.,Yastremska D.,,,ou,24.50,under,ft,1.346,5
COS7rjvC,Boisson L.,Yastremska D.,,,ou,25.50,over,ft,3.288,4
COS7rjvC,Boisson L.,Yastremska D.,,,ou,25.50,under,ft,1.27,4
COS7rjvC,Boisson L.,Yastremska D.,,,ou,26.50,over,ft,3.38,1
COS7rjvC,Boisson L.,Yastremska D.,,,ou,26.50,under,ft,1.26,1
COS7rjvC,Boisson L.,Yastremska D.,,,ou,27.50,over,ft,3.76,1
COS7rjvC,Boisson L.,Yastremska D.,,,ou,27.50,under,ft,1.22,1
COS7rjvC,Boisson L.,Yastremska D.,,,ou,28.50,over,ft,4.38,1
COS7rjvC,Boisson L.,Yastremska D.,,,ou,28.50,under,ft,1.16,1
COS7rjvC,Boisson L.,Yastremska D.,,,ou,29.50,over,ft,5.15,1
COS7rjvC,Boisson L.,Yastremska D.,,,ou,29.50,under,ft,1.12,1
COS7rjvC,Boisson L.,Yastremska D.,,,hc,0.50,home,ft,3.75,1
COS7rjvC,Boisson L.,Yastremska D.,,,hc,0.50,away,ft,1.22,1
COS7rjvC,Boisson L.,Yastremska D.,,,hc,-0.50,home,ft,3.75,1
COS7rjvC,Boisson L.,Yastremska D.,,,hc,-0.50,away,ft,1.22,1
COS7rjvC,Boisson L.,Yastremska D.,,,hc,1.50,home,ft,2.228,9
COS7rjvC,Boisson L.,Yastremska D.,,,hc,1.50,away,ft,1.602,9
COS7rjvC,Boisson L.,Yastremska D.,,,hc,-1.50,home,ft,6.903,7
COS7rjvC,Boisson L.,Yastremska D.,,,hc,-1.50,away,ft,1.077,7
COS7rjvC,Boisson L.,Yastremska D.,,,hc,2.00,home,ft,2.6,3
COS7rjvC,Boisson L.,Yastremska D.,,,hc,2.00,away,ft,1.41,3
COS7rjvC,Boisson L.,Yastremska D.,,,hc,2.50,home,ft,2.978,5
COS7rjvC,Boisson L.,Yastremska D.,,,hc,2.50,away,ft,1.328,5
COS7rjvC,Boisson L.,Yastremska D.,,,hc,3.00,home,ft,2.84,3
COS7rjvC,Boisson L.,Yastremska D.,,,hc,3.00,away,ft,1.35,3
COS7rjvC,Boisson L.,Yastremska D.,,,hc,3.50,home,ft,2.616,7
COS7rjvC,Boisson L.,Yastremska D.,,,hc,3.50,away,ft,1.427,7
COS7rjvC,Boisson L.,Yastremska D.,,,hc,4.00,home,ft,2.413,6
COS7rjvC,Boisson L.,Yastremska D.,,,hc,4.00,away,ft,1.518,6
COS7rjvC,Boisson L.,Yastremska D.,,,hc,4.50,home,ft,2.08,9
COS7rjvC,Boisson L.,Yastremska D.,,,hc,4.50,away,ft,1.673,9
COS7rjvC,Boisson L.,Yastremska D.,,,hc,5.00,home,ft,1.873,6
COS7rjvC,Boisson L.,Yastremska D.,,,hc,5.00,away,ft,1.847,6
COS7rjvC,Boisson L.,Yastremska D.,,,hc,5.50,home,ft,1.682,8
COS7rjvC,Boisson L.,Yastremska D.,,,hc,5.50,away,ft,2.061,8
COS7rjvC,Boisson L.,Yastremska D.,,,hc,6.00,home,ft,1.45,6
COS7rjvC,Boisson L.,Yastremska D.,,,hc,6.00,away,ft,2.617,6
COS7rjvC,Boisson L.,Yastremska D.,,,hc,6.50,home,ft,1.367,6
COS7rjvC,Boisson L.,Yastremska D.,,,hc,6.50,away,ft,2.822,6
COS7rjvC,Boisson L.,Yastremska D.,,,hc,7.00,home,ft,1.19,3
COS7rjvC,Boisson L.,Yastremska D.,,,hc,7.00,away,ft,3.98,3
COS7rjvC,Boisson L.,Yastremska D.,,,hc,7.50,home,ft,1.15,3
COS7rjvC,Boisson L.,Yastremska D.,,,hc,7.50,away,ft,4.43,3
GxJQ7qJE,Sonmez Z.,Fernandez L.,2,2,ou,2.50,over,ft,2.37,5
GxJQ7qJE,Sonmez Z.,Fernandez L.,2,2,ou,2.50,under,ft,1.542,5
GxJQ7qJE,Sonmez Z.,Fernandez L.,2,2,ou,16.50,over,ft,1.1,1
GxJQ7qJE,Sonmez Z.,Fernandez L.,2,2,ou,16.50,under,ft,5.55,1
GxJQ7qJE,Sonmez Z.,Fernandez L.,2,2,ou,17.50,over,ft,1.225,4
GxJQ7qJE,Sonmez Z.,Fernandez L.,2,2,ou,17.50,under,ft,3.677,4
GxJQ7qJE,Sonmez Z.,Fernandez L.,2,2,ou,18.50,over,ft,1.292,6
GxJQ7qJE,Sonmez Z.,Fernandez L.,2,2,ou,18.50,under,ft,3.202,6
GxJQ7qJE,Sonmez Z.,Fernandez L.,2,2,ou,19.50,over,ft,1.45,5
GxJQ7qJE,Sonmez Z.,Fernandez L.,2,2,ou,19.50,under,ft,2.508,5
GxJQ7qJE,Sonmez Z.,Fernandez L.,2,2,ou,20.00,over,ft,1.57,2
GxJQ7qJE,Sonmez Z.,Fernandez L.,2,2,ou,20.00,under,ft,2.26,2
GxJQ7qJE,Sonmez Z.,Fernandez L.,2,2,ou,20.50,over,ft,1.639,10
GxJQ7qJE,Sonmez Z.,Fernandez L.,2,2,ou,20.50,under,ft,2.127,10
GxJQ7qJE,Sonmez Z.,Fernandez L.,2,2,ou,21.00,over,ft,1.738,4
GxJQ7qJE,Sonmez Z.,Fernandez L.,2,2,ou,21.00,under,ft,2.038,4
GxJQ7qJE,Sonmez Z.,Fernandez L.,2,2,ou,21.50,over,ft,1.831,10
GxJQ7qJE,Sonmez Z.,Fernandez L.,2,2,ou,21.50,under,ft,1.891,10
GxJQ7qJE,Sonmez Z.,Fernandez L.,2,2,ou,22.00,over,ft,1.965,4
GxJQ7qJE,Sonmez Z.,Fernandez L.,2,2,ou,22.00,under,ft,1.792,4
GxJQ7qJE,Sonmez Z.,Fernandez L.,2,2,ou,22.50,over,ft,2.082,10
GxJQ7qJE,Sonmez Z.,Fernandez L.,2,2,ou,22.50,under,ft,1.664,10
GxJQ7qJE,Sonmez Z.,Fernandez L.,2,2,ou,23.00,over,ft,2.15,1
GxJQ7qJE,Sonmez Z.,Fernandez L.,2,2,ou,23.00,under,ft,1.61,1
GxJQ7qJE,Sonmez Z.,Fernandez L.,2,2,ou,23.50,over,ft,2.306,5
GxJQ7qJE,Sonmez Z.,Fernandez L.,2,2,ou,23.50,under,ft,1.526,5
GxJQ7qJE,Sonmez Z.,Fernandez L.,2,2,ou,24.00,over,ft,2.31,1
GxJQ7qJE,Sonmez Z.,Fernandez L.,2,2,ou,24.00,under,ft,1.53,1
GxJQ7qJE,Sonmez Z.,Fernandez L.,2,2,ou,24.50,over,ft,2.42,7
GxJQ7qJE,Sonmez Z.,Fernandez L.,2,2,ou,24.50,under,ft,1.491,7
GxJQ7qJE,Sonmez Z.,Fernandez L.,2,2,ou,25.50,over,ft,2.71,4
GxJQ7qJE,Sonmez Z.,Fernandez L.,2,2,ou,25.50,under,ft,1.385,4
GxJQ7qJE,Sonmez Z.,Fernandez L.,2,2,ou,26.50,over,ft,3.027,6
GxJQ7qJE,Sonmez Z.,Fernandez L.,2,2,ou,26.50,under,ft,1.323,6
GxJQ7qJE,Sonmez Z.,Fernandez L.,2,2,ou,27.50,over,ft,3.17,1
GxJQ7qJE,Sonmez Z.,Fernandez L.,2,2,ou,27.50,under,ft,1.3,1
GxJQ7qJE,Sonmez Z.,Fernandez L.,2,2,ou,28.50,over,ft,3.64,1
GxJQ7qJE,Sonmez Z.,Fernandez L.,2,2,ou,28.50,under,ft,1.23,1
GxJQ7qJE,Sonmez Z.,Fernandez L.,2,2,ou,29.50,over,ft,4.38,1
GxJQ7qJE,Sonmez Z.,Fernandez L.,2,2,ou,29.50,under,ft,1.16,1
GxJQ7qJE,Sonmez Z.,Fernandez L.,2,2,ou,30.50,over,ft,5.25,1
GxJQ7qJE,Sonmez Z.,Fernandez L.,2,2,ou,30.50,under,ft,1.12,1
GxJQ7qJE,Sonmez Z.,Fernandez L.,2,2,ou,32.50,over,ft,7.9,1
GxJQ7qJE,Sonmez Z.,Fernandez L.,2,2,ou,32.50,under,ft,1.03,1
GxJQ7qJE,Sonmez Z.,Fernandez L.,2,2,hc,1.50,home,ft,1.504,9
GxJQ7qJE,Sonmez Z.,Fernandez L.,2,2,hc,1.50,away,ft,2.457,9
GxJQ7qJE,Sonmez Z.,Fernandez L.,2,2,hc,-1.50,home,ft,3.679,7
GxJQ7qJE,Sonmez Z.,Fernandez L.,2,2,hc,-1.50,away,ft,1.251,7
GxJQ7qJE,Sonmez Z.,Fernandez L.,2,2,hc,0,home,ft,2.09,3
GxJQ7qJE,Sonmez Z.,Fernandez L.,2,2,hc,0,away,ft,1.63,3
GxJQ7qJE,Sonmez Z.,Fernandez L.,2,2,hc,0.50,home,ft,2.1,4
GxJQ7qJE,Sonmez Z.,Fernandez L.,2,2,hc,0.50,away,ft,1.627,4
GxJQ7qJE,Sonmez Z.,Fernandez L.,2,2,hc,-0.50,home,ft,2.18,3
GxJQ7qJE,Sonmez Z.,Fernandez L.,2,2,hc,-0.50,away,ft,1.57,3
GxJQ7qJE,Sonmez Z.,Fernandez L.,2,2,hc,1.00,home,ft,2.038,6
GxJQ7qJE,Sonmez Z.,Fernandez L.,2,2,hc,1.00,away,ft,1.697,6
GxJQ7qJE,Sonmez Z.,Fernandez L.,2,2,hc,-1.00,home,ft,2.26,3
GxJQ7qJE,Sonmez Z.,Fernandez L.,2,2,hc,-1.00,away,ft,1.54,3
GxJQ7qJE,Sonmez Z.,Fernandez L.,2,2,hc,1.50,home,ft,1.968,9
GxJQ7qJE,Sonmez Z.,Fernandez L.,2,2,hc,1.50,away,ft,1.753,9
GxJQ7qJE,Sonmez Z.,Fernandez L.,2,2,hc,-1.50,home,ft,2.475,2
GxJQ7qJE,Sonmez Z.,Fernandez L.,2,2,hc,-1.50,away,ft,1.485,2
GxJQ7qJE,Sonmez Z.,Fernandez L.,2,2,hc,2.00,home,ft,1.917,6
GxJQ7qJE,Sonmez Z.,Fernandez L.,2,2,hc,2.00,away,ft,1.81,6
GxJQ7qJE,Sonmez Z.,Fernandez L.,2,2,hc,2.50,home,ft,1.862,9
GxJQ7qJE,Sonmez Z.,Fernandez L.,2,2,hc,2.50,away,ft,1.863,9
GxJQ7qJE,Sonmez Z.,Fernandez L.,2,2,hc,3.00,home,ft,1.717,6
GxJQ7qJE,Sonmez Z.,Fernandez L.,2,2,hc,3.00,away,ft,2.027,6
GxJQ7qJE,Sonmez Z.,Fernandez L.,2,2,hc,3.50,home,ft,1.639,9
GxJQ7qJE,Sonmez Z.,Fernandez L.,2,2,hc,3.50,away,ft,2.143,9
GxJQ7qJE,Sonmez Z.,Fernandez L.,2,2,hc,-3.50,home,ft,3.275,2
GxJQ7qJE,Sonmez Z.,Fernandez L.,2,2,hc,-3.50,away,ft,1.3,2
GxJQ7qJE,Sonmez Z.,Fernandez L.,2,2,hc,4.00,home,ft,1.535,4
GxJQ7qJE,Sonmez Z.,Fernandez L.,2,2,hc,4.00,away,ft,2.345,4
GxJQ7qJE,Sonmez Z.,Fernandez L.,2,2,hc,4.50,home,ft,1.504,7
GxJQ7qJE,Sonmez Z.,Fernandez L.,2,2,hc,4.50,away,ft,2.454,7
GxJQ7qJE,Sonmez Z.,Fernandez L.,2,2,hc,5.00,home,ft,1.31,3
GxJQ7qJE,Sonmez Z.,Fernandez L.,2,2,hc,5.00,away,ft,3.05,3
GxJQ7qJE,Sonmez Z.,Fernandez L.,2,2,hc,5.50,home,ft,1.278,5
GxJQ7qJE,Sonmez Z.,Fernandez L.,2,2,hc,5.50,away,ft,3.334,5
GxJQ7qJE,Sonmez Z.,Fernandez L.,2,2,hc,6.00,home,ft,1.22,3
GxJQ7qJE,Sonmez Z.,Fernandez L.,2,2,hc,6.00,away,ft,3.62,3
GxJQ7qJE,Sonmez Z.,Fernandez L.,2,2,hc,6.50,home,ft,1.22,3
GxJQ7qJE,Sonmez Z.,Fernandez L.,2,2,hc,6.50,away,ft,3.62,3
SbBCbut1,Kessler M.,Volynets K.,0,0,ou,2.50,over,ft,2.288,5
SbBCbut1,Kessler M.,Volynets K.,0,0,ou,2.50,under,ft,1.59,5
SbBCbut1,Kessler M.,Volynets K.,0,0,ou,16.50,over,ft,1.1,1
SbBCbut1,Kessler M.,Volynets K.,0,0,ou,16.50,under,ft,5.4,1
SbBCbut1,Kessler M.,Volynets K.,0,0,ou,17.50,over,ft,1.19,1
SbBCbut1,Kessler M.,Volynets K.,0,0,ou,17.50,under,ft,4.06,1
SbBCbut1,Kessler M.,Volynets K.,0,0,ou,18.50,over,ft,1.311,8
SbBCbut1,Kessler M.,Volynets K.,0,0,ou,18.50,under,ft,3.17,8
SbBCbut1,Kessler M.,Volynets K.,0,0,ou,19.50,over,ft,1.467,6
SbBCbut1,Kessler M.,Volynets K.,0,0,ou,19.50,under,ft,2.468,6
SbBCbut1,Kessler M.,Volynets K.,0,0,ou,20.00,over,ft,1.53,1
SbBCbut1,Kessler M.,Volynets K.,0,0,ou,20.00,under,ft,2.3,1
SbBCbut1,Kessler M.,Volynets K.,0,0,ou,20.50,over,ft,1.623,10
SbBCbut1,Kessler M.,Volynets K.,0,0,ou,20.50,under,ft,2.144,10
SbBCbut1,Kessler M.,Volynets K.,0,0,ou,21.00,over,ft,1.707,7
SbBCbut1,Kessler M.,Volynets K.,0,0,ou,21.00,under,ft,2.064,7
SbBCbut1,Kessler M.,Volynets K.,0,0,ou,21.50,over,ft,1.849,10
SbBCbut1,Kessler M.,Volynets K.,0,0,ou,21.50,under,ft,1.916,10
SbBCbut1,Kessler M.,Volynets K.,0,0,ou,22.00,over,ft,1.92,7
SbBCbut1,Kessler M.,Volynets K.,0,0,ou,22.00,under,ft,1.814,7
SbBCbut1,Kessler M.,Volynets K.,0,0,ou,22.50,over,ft,2.031,10
SbBCbut1,Kessler M.,Volynets K.,0,0,ou,22.50,under,ft,1.7,10
SbBCbut1,Kessler M.,Volynets K.,0,0,ou,23.00,over,ft,2.135,4
SbBCbut1,Kessler M.,Volynets K.,0,0,ou,23.00,under,ft,1.667,4
SbBCbut1,Kessler M.,Volynets K.,0,0,ou,23.50,over,ft,2.228,5
SbBCbut1,Kessler M.,Volynets K.,0,0,ou,23.50,under,ft,1.562,5
SbBCbut1,Kessler M.,Volynets K.,0,0,ou,24.00,over,ft,2.33,1
SbBCbut1,Kessler M.,Volynets K.,0,0,ou,24.00,under,ft,1.52,1
SbBCbut1,Kessler M.,Volynets K.,0,0,ou,24.50,over,ft,2.337,7
SbBCbut1,Kessler M.,Volynets K.,0,0,ou,24.50,under,ft,1.531,7
SbBCbut1,Kessler M.,Volynets K.,0,0,ou,25.50,over,ft,2.595,4
SbBCbut1,Kessler M.,Volynets K.,0,0,ou,25.50,under,ft,1.42,4
SbBCbut1,Kessler M.,Volynets K.,0,0,ou,26.50,over,ft,2.931,7
SbBCbut1,Kessler M.,Volynets K.,0,0,ou,26.50,under,ft,1.351,7
SbBCbut1,Kessler M.,Volynets K.,0,0,ou,27.50,over,ft,3.24,1
SbBCbut1,Kessler M.,Volynets K.,0,0,ou,27.50,under,ft,1.29,1
SbBCbut1,Kessler M.,Volynets K.,0,0,ou,28.50,over,ft,3.8,1
SbBCbut1,Kessler M.,Volynets K.,0,0,ou,28.50,under,ft,1.21,1
SbBCbut1,Kessler M.,Volynets K.,0,0,ou,29.50,over,ft,4.5,1
SbBCbut1,Kessler M.,Volynets K.,0,0,ou,29.50,under,ft,1.16,1
SbBCbut1,Kessler M.,Volynets K.,0,0,ou,30.50,over,ft,5.31,1
SbBCbut1,Kessler M.,Volynets K.,0,0,ou,30.50,under,ft,1.11,1
SbBCbut1,Kessler M.,Volynets K.,0,0,hc,1.50,home,ft,1.321,9
SbBCbut1,Kessler M.,Volynets K.,0,0,hc,1.50,away,ft,3.216,9
SbBCbut1,Kessler M.,Volynets K.,0,0,hc,-1.50,home,ft,2.674,9
SbBCbut1,Kessler M.,Volynets K.,0,0,hc,-1.50,away,ft,1.436,9
SbBCbut1,Kessler M.,Volynets K.,0,0,hc,0,home,ft,1.702,6
SbBCbut1,Kessler M.,Volynets K.,0,0,hc,0,away,ft,2.032,6
SbBCbut1,Kessler M.,Volynets K.,0,0,hc,0.50,home,ft,1.762,9
SbBCbut1,Kessler M.,Volynets K.,0,0,hc,0.50,away,ft,1.953,9
SbBCbut1,Kessler M.,Volynets K.,0,0,hc,-0.50,home,ft,1.759,9
SbBCbut1,Kessler M.,Volynets K.,0,0,hc,-0.50,away,ft,1.968,9
SbBCbut1,Kessler M.,Volynets K.,0,0,hc,1.00,home,ft,1.667,6
SbBCbut1,Kessler M.,Volynets K.,0,0,hc,1.00,away,ft,2.102,6
SbBCbut1,Kessler M.,Volynets K.,0,0,hc,-1.00,home,ft,1.81,6
SbBCbut1,Kessler M.,Volynets K.,0,0,hc,-1.00,away,ft,1.913,6
SbBCbut1,Kessler M.,Volynets K.,0,0,hc,1.50,home,ft,1.558,6
SbBCbut1,Kessler M.,Volynets K.,0,0,hc,1.50,away,ft,2.28,6
SbBCbut1,Kessler M.,Volynets K.,0,0,hc,-1.50,home,ft,1.866,8
SbBCbut1,Kessler M.,Volynets K.,0,0,hc,-1.50,away,ft,1.906,8
SbBCbut1,Kessler M.,Volynets K.,0,0,hc,2.00,home,ft,1.53,3
SbBCbut1,Kessler M.,Volynets K.,0,0,hc,2.00,away,ft,2.27,3
SbBCbut1,Kessler M.,Volynets K.,0,0,hc,-2.00,home,ft,1.962,6
SbBCbut1,Kessler M.,Volynets K.,0,0,hc,-2.00,away,ft,1.772,6
SbBCbut1,Kessler M.,Volynets K.,0,0,hc,2.50,home,ft,1.562,4
SbBCbut1,Kessler M.,Volynets K.,0,0,hc,2.50,away,ft,2.223,4
SbBCbut1,Kessler M.,Volynets K.,0,0,hc,-2.50,home,ft,2.017,9
SbBCbut1,Kessler M.,Volynets K.,0,0,hc,-2.50,away,ft,1.727,9
SbBCbut1,Kessler M.,Volynets K.,0,0,hc,3.00,home,ft,1.46,3
SbBCbut1,Kessler M.,Volynets K.,0,0,hc,3.00,away,ft,2.45,3
SbBCbut1,Kessler M.,Volynets K.,0,0,hc,-3.00,home,ft,2.15,3
SbBCbut1,Kessler M.,Volynets K.,0,0,hc,-3.00,away,ft,1.6,3
SbBCbut1,Kessler M.,Volynets K.,0,0,hc,3.50,home,ft,1.438,6
SbBCbut1,Kessler M.,Volynets K.,0,0,hc,3.50,away,ft,2.63,6
SbBCbut1,Kessler M.,Volynets K.,0,0,hc,-3.50,home,ft,2.343,6
SbBCbut1,Kessler M.,Volynets K.,0,0,hc,-3.50,away,ft,1.535,6
SbBCbut1,Kessler M.,Volynets K.,0,0,hc,-5.50,home,ft,4.207,3
SbBCbut1,Kessler M.,Volynets K.,0,0,hc,-5.50,away,ft,1.207,3
KY7401Bl,Li A.,Birrell K.,2,2,ou,2.50,over,ft,2.364,5
KY7401Bl,Li A.,Birrell K.,2,2,ou,2.50,under,ft,1.55,5
KY7401Bl,Li A.,Birrell K.,2,2,ou,16.50,over,ft,1.07,2
KY7401Bl,Li A.,Birrell K.,2,2,ou,16.50,under,ft,7.205,2
KY7401Bl,Li A.,Birrell K.,2,2,ou,17.50,over,ft,1.14,1
KY7401Bl,Li A.,Birrell K.,2,2,ou,17.50,under,ft,4.85,1
KY7401Bl,Li A.,Birrell K.,2,2,ou,18.50,over,ft,1.274,7
KY7401Bl,Li A.,Birrell K.,2,2,ou,18.50,under,ft,3.414,7
KY7401Bl,Li A.,Birrell K.,2,2,ou,19.50,over,ft,1.41,5
KY7401Bl,Li A.,Birrell K.,2,2,ou,19.50,under,ft,2.628,5
KY7401Bl,Li A.,Birrell K.,2,2,ou,20.00,over,ft,1.49,1
KY7401Bl,Li A.,Birrell K.,2,2,ou,20.00,under,ft,2.41,1
KY7401Bl,Li A.,Birrell K.,2,2,ou,20.50,over,ft,1.598,10
KY7401Bl,Li A.,Birrell K.,2,2,ou,20.50,under,ft,2.2,10
KY7401Bl,Li A.,Birrell K.,2,2,ou,21.00,over,ft,1.661,7
KY7401Bl,Li A.,Birrell K.,2,2,ou,21.00,under,ft,2.137,7
KY7401Bl,Li A.,Birrell K.,2,2,ou,21.50,over,ft,1.794,10
KY7401Bl,Li A.,Birrell K.,2,2,ou,21.50,under,ft,1.977,10
KY7401Bl,Li A.,Birrell K.,2,2,ou,22.00,over,ft,1.87,7
KY7401Bl,Li A.,Birrell K.,2,2,ou,22.00,under,ft,1.861,7
KY7401Bl,Li A.,Birrell K.,2,2,ou,22.50,over,ft,2.008,10
KY7401Bl,Li A.,Birrell K.,2,2,ou,22.50,under,ft,1.721,10
KY7401Bl,Li A.,Birrell K.,2,2,ou,23.00,over,ft,2.13,4
KY7401Bl,Li A.,Birrell K.,2,2,ou,23.00,under,ft,1.677,4
KY7401Bl,Li A.,Birrell K.,2,2,ou,23.50,over,ft,2.178,5
KY7401Bl,Li A.,Birrell K.,2,2,ou,23.50,under,ft,1.59,5
KY7401Bl,Li A.,Birrell K.,2,2,ou,24.00,over,ft,2.26,1
KY7401Bl,Li A.,Birrell K.,2,2,ou,24.00,under,ft,1.55,1
KY7401Bl,Li A.,Birrell K.,2,2,ou,24.50,over,ft,2.317,8
KY7401Bl,Li A.,Birrell K.,2,2,ou,24.50,under,ft,1.546,8
KY7401Bl,Li A.,Birrell K.,2,2,ou,25.50,over,ft,2.518,4
KY7401Bl,Li A.,Birrell K.,2,2,ou,25.50,under,ft,1.44,4
KY7401Bl,Li A.,Birrell K.,2,2,ou,26.50,over,ft,2.863,7
KY7401Bl,Li A.,Birrell K.,2,2,ou,26.50,under,ft,1.37,7
KY7401Bl,Li A.,Birrell K.,2,2,ou,27.50,over,ft,2.91,1
KY7401Bl,Li A.,Birrell K.,2,2,ou,27.50,under,ft,1.35,1
KY7401Bl,Li A.,Birrell K.,2,2,ou,28.50,over,ft,3.72,2
KY7401Bl,Li A.,Birrell K.,2,2,ou,28.50,under,ft,1.245,2
KY7401Bl,Li A.,Birrell K.,2,2,ou,29.50,over,ft,3.64,1
KY7401Bl,Li A.,Birrell K.,2,2,ou,29.50,under,ft,1.23,1
KY7401Bl,Li A.,Birrell K.,2,2,ou,30.50,over,ft,5.3,2
KY7401Bl,Li A.,Birrell K.,2,2,ou,30.50,under,ft,1.145,2
KY7401Bl,Li A.,Birrell K.,2,2,ou,31.50,over,ft,5.31,1
KY7401Bl,Li A.,Birrell K.,2,2,ou,31.50,under,ft,1.11,1
KY7401Bl,Li A.,Birrell K.,2,2,ou,32.50,over,ft,10.0,1
KY7401Bl,Li A.,Birrell K.,2,2,ou,32.50,under,ft,1.04,1
KY7401Bl,Li A.,Birrell K.,2,2,hc,1.50,home,ft,1.473,9
KY7401Bl,Li A.,Birrell K.,2,2,hc,1.50,away,ft,2.539,9
KY7401Bl,Li A.,Birrell K.,2,2,hc,-1.50,home,ft,3.309,9
KY7401Bl,Li A.,Birrell K.,2,2,hc,-1.50,away,ft,1.311,9
KY7401Bl,Li A.,Birrell K.,2,2,hc,0,home,ft,2.072,6
KY7401Bl,Li A.,Birrell K.,2,2,hc,0,away,ft,1.688,6
KY7401Bl,Li A.,Birrell K.,2,2,hc,0.50,home,ft,2.016,9
KY7401Bl,Li A.,Birrell K.,2,2,hc,0.50,away,ft,1.726,9
KY7401Bl,Li A.,Birrell K.,2,2,hc,-0.50,home,ft,1.983,9
KY7401Bl,Li A.,Birrell K.,2,2,hc,-0.50,away,ft,1.774,9
KY7401Bl,Li A.,Birrell K.,2,2,hc,1.00,home,ft,1.982,6
KY7401Bl,Li A.,Birrell K.,2,2,hc,1.00,away,ft,1.76,6
KY7401Bl,Li A.,Birrell K.,2,2,hc,-1.00,home,ft,2.122,6
KY7401Bl,Li A.,Birrell K.,2,2,hc,-1.00,away,ft,1.652,6
KY7401Bl,Li A.,Birrell K.,2,2,hc,1.50,home,ft,1.957,9
KY7401Bl,Li A.,Birrell K.,2,2,hc,1.50,away,ft,1.802,9
KY7401Bl,Li A.,Birrell K.,2,2,hc,-1.50,home,ft,2.146,8
KY7401Bl,Li A.,Birrell K.,2,2,hc,-1.50,away,ft,1.636,8
KY7401Bl,Li A.,Birrell K.,2,2,hc,2.00,home,ft,1.807,6
KY7401Bl,Li A.,Birrell K.,2,2,hc,2.00,away,ft,1.913,6
KY7401Bl,Li A.,Birrell K.,2,2,hc,-2.00,home,ft,2.077,6
KY7401Bl,Li A.,Birrell K.,2,2,hc,-2.00,away,ft,1.668,6
KY7401Bl,Li A.,Birrell K.,2,2,hc,2.50,home,ft,1.736,9
KY7401Bl,Li A.,Birrell K.,2,2,hc,2.50,away,ft,2.004,9
KY7401Bl,Li A.,Birrell K.,2,2,hc,-2.50,home,ft,2.15,6
KY7401Bl,Li A.,Birrell K.,2,2,hc,-2.50,away,ft,1.622,6
KY7401Bl,Li A.,Birrell K.,2,2,hc,3.00,home,ft,1.64,6
KY7401Bl,Li A.,Birrell K.,2,2,hc,3.00,away,ft,2.143,6
KY7401Bl,Li A.,Birrell K.,2,2,hc,-3.00,home,ft,2.22,3
KY7401Bl,Li A.,Birrell K.,2,2,hc,-3.00,away,ft,1.56,3
KY7401Bl,Li A.,Birrell K.,2,2,hc,3.50,home,ft,1.563,6
KY7401Bl,Li A.,Birrell K.,2,2,hc,3.50,away,ft,2.28,6
KY7401Bl,Li A.,Birrell K.,2,2,hc,-3.50,home,ft,2.685,6
KY7401Bl,Li A.,Birrell K.,2,2,hc,-3.50,away,ft,1.428,6
KY7401Bl,Li A.,Birrell K.,2,2,hc,4.00,home,ft,1.39,3
KY7401Bl,Li A.,Birrell K.,2,2,hc,4.00,away,ft,2.69,3
KY7401Bl,Li A.,Birrell K.,2,2,hc,-4.00,home,ft,2.5,3
KY7401Bl,Li A.,Birrell K.,2,2,hc,-4.00,away,ft,1.44,3
KY7401Bl,Li A.,Birrell K.,2,2,hc,4.50,home,ft,1.36,3
KY7401Bl,Li A.,Birrell K.,2,2,hc,4.50,away,ft,2.81,3
KY7401Bl,Li A.,Birrell K.,2,2,hc,5.50,home,ft,1.2,3
KY7401Bl,Li A.,Birrell K.,2,2,hc,5.50,away,ft,4.277,3
KY7401Bl,Li A.,Birrell K.,2,2,hc,-5.50,home,ft,5.1,1
KY7401Bl,Li A.,Birrell K.,2,2,hc,-5.50,away,ft,1.14,1
0C9KdJAD,Raducanu E.,Pliskova Ka.,,,ou,2.50,over,ft,2.313,3
0C9KdJAD,Raducanu E.,Pliskova Ka.,,,ou,2.50,under,ft,1.513,3
0C9KdJAD,Raducanu E.,Pliskova Ka.,,,ou,16.50,over,ft,1.16,1
0C9KdJAD,Raducanu E.,Pliskova Ka.,,,ou,16.50,under,ft,4.47,1
0C9KdJAD,Raducanu E.,Pliskova Ka.,,,ou,17.50,over,ft,1.25,1
0C9KdJAD,Raducanu E.,Pliskova Ka.,,,ou,17.50,under,ft,3.52,1
0C9KdJAD,Raducanu E.,Pliskova Ka.,,,ou,18.50,over,ft,1.346,5
0C9KdJAD,Raducanu E.,Pliskova Ka.,,,ou,18.50,under,ft,2.918,5
0C9KdJAD,Raducanu E.,Pliskova Ka.,,,ou,19.50,over,ft,1.484,7
0C9KdJAD,Raducanu E.,Pliskova Ka.,,,ou,19.50,under,ft,2.424,7
0C9KdJAD,Raducanu E.,Pliskova Ka.,,,ou,20.00,over,ft,1.6,1
0C9KdJAD,Raducanu E.,Pliskova Ka.,,,ou,20.00,under,ft,2.16,1
0C9KdJAD,Raducanu E.,Pliskova Ka.,,,ou,20.50,over,ft,1.694,8
0C9KdJAD,Raducanu E.,Pliskova Ka.,,,ou,20.50,under,ft,2.029,8
0C9KdJAD,Raducanu E.,Pliskova Ka.,,,ou,21.00,over,ft,1.76,1
0C9KdJAD,Raducanu E.,Pliskova Ka.,,,ou,21.00,under,ft,1.93,1
0C9KdJAD,Raducanu E.,Pliskova Ka.,,,ou,21.50,over,ft,1.831,8
0C9KdJAD,Raducanu E.,Pliskova Ka.,,,ou,21.50,under,ft,1.845,8
0C9KdJAD,Raducanu E.,Pliskova Ka.,,,ou,22.00,over,ft,1.98,1
0C9KdJAD,Raducanu E.,Pliskova Ka.,,,ou,22.00,under,ft,1.72,1
0C9KdJAD,Raducanu E.,Pliskova Ka.,,,ou,22.50,over,ft,2.062,6
0C9KdJAD,Raducanu E.,Pliskova Ka.,,,ou,22.50,under,ft,1.663,6
0C9KdJAD,Raducanu E.,Pliskova Ka.,,,ou,23.00,over,ft,2.26,1
0C9KdJAD,Raducanu E.,Pliskova Ka.,,,ou,23.00,under,ft,1.55,1
0C9KdJAD,Raducanu E.,Pliskova Ka.,,,ou,23.50,over,ft,2.273,6
0C9KdJAD,Raducanu E.,Pliskova Ka.,,,ou,23.50,under,ft,1.547,6
0C9KdJAD,Raducanu E.,Pliskova Ka.,,,ou,24.50,over,ft,2.424,5
0C9KdJAD,Raducanu E.,Pliskova Ka.,,,ou,24.50,under,ft,1.478,5
0C9KdJAD,Raducanu E.,Pliskova Ka.,,,ou,25.50,over,ft,2.69,5
0C9KdJAD,Raducanu E.,Pliskova Ka.,,,ou,25.50,under,ft,1.392,5
0C9KdJAD,Raducanu E.,Pliskova Ka.,,,ou,26.50,over,ft,3.055,4
0C9KdJAD,Raducanu E.,Pliskova Ka.,,,ou,26.50,under,ft,1.31,4
0C9KdJAD,Raducanu E.,Pliskova Ka.,,,ou,27.50,over,ft,3.53,1
0C9KdJAD,Raducanu E.,Pliskova Ka.,,,ou,27.50,under,ft,1.24,1
0C9KdJAD,Raducanu E.,Pliskova Ka.,,,ou,28.50,over,ft,4.21,1
0C9KdJAD,Raducanu E.,Pliskova Ka.,,,ou,28.50,under,ft,1.18,1
0C9KdJAD,Raducanu E.,Pliskova Ka.,,,ou,29.50,over,ft,4.99,1
0C9KdJAD,Raducanu E.,Pliskova Ka.,,,ou,29.50,under,ft,1.13,1
0C9KdJAD,Raducanu E.,Pliskova Ka.,,,ou,30.50,over,ft,6.07,1
0C9KdJAD,Raducanu E.,Pliskova Ka.,,,ou,30.50,under,ft,1.08,1
0C9KdJAD,Raducanu E.,Pliskova Ka.,,,hc,0.50,home,ft,1.56,1
0C9KdJAD,Raducanu E.,Pliskova Ka.,,,hc,0.50,away,ft,2.2,1
0C9KdJAD,Raducanu E.,Pliskova Ka.,,,hc,-0.50,home,ft,1.56,1
0C9KdJAD,Raducanu E.,Pliskova Ka.,,,hc,-0.50,away,ft,2.2,1
0C9KdJAD,Raducanu E.,Pliskova Ka.,,,hc,1.50,home,ft,1.218,5
0C9KdJAD,Raducanu E.,Pliskova Ka.,,,hc,1.50,away,ft,3.742,5
0C9KdJAD,Raducanu E.,Pliskova Ka.,,,hc,-1.50,home,ft,2.367,7
0C9KdJAD,Raducanu E.,Pliskova Ka.,,,hc,-1.50,away,ft,1.507,7
0C9KdJAD,Raducanu E.,Pliskova Ka.,,,hc,0,home,ft,1.53,3
0C9KdJAD,Raducanu E.,Pliskova Ka.,,,hc,0,away,ft,2.28,3
0C9KdJAD,Raducanu E.,Pliskova Ka.,,,hc,0.50,home,ft,1.605,4
0C9KdJAD,Raducanu E.,Pliskova Ka.,,,hc,0.50,away,ft,2.15,4
0C9KdJAD,Raducanu E.,Pliskova Ka.,,,hc,-0.50,home,ft,1.692,4
0C9KdJAD,Raducanu E.,Pliskova Ka.,,,hc,-0.50,away,ft,2.007,4
0C9KdJAD,Raducanu E.,Pliskova Ka.,,,hc,1.00,home,ft,1.46,3
0C9KdJAD,Raducanu E.,Pliskova Ka.,,,hc,1.00,away,ft,2.45,3
0C9KdJAD,Raducanu E.,Pliskova Ka.,,,hc,-1.00,home,ft,1.61,3
0C9KdJAD,Raducanu E.,Pliskova Ka.,,,hc,-1.00,away,ft,2.11,3
0C9KdJAD,Raducanu E.,Pliskova Ka.,,,hc,1.50,home,ft,1.44,1
0C9KdJAD,Raducanu E.,Pliskova Ka.,,,hc,1.50,away,ft,2.5,1
0C9KdJAD,Raducanu E.,Pliskova Ka.,,,hc,-1.50,home,ft,1.688,5
0C9KdJAD,Raducanu E.,Pliskova Ka.,,,hc,-1.50,away,ft,2.018,5
0C9KdJAD,Raducanu E.,Pliskova Ka.,,,hc,-2.00,home,ft,1.73,3
0C9KdJAD,Raducanu E.,Pliskova Ka.,,,hc,-2.00,away,ft,1.94,3
0C9KdJAD,Raducanu E.,Pliskova Ka.,,,hc,-2.50,home,ft,1.812,6
0C9KdJAD,Raducanu E.,Pliskova Ka.,,,hc,-2.50,away,ft,1.87,6
0C9KdJAD,Raducanu E.,Pliskova Ka.,,,hc,-3.00,home,ft,1.96,3
0C9KdJAD,Raducanu E.,Pliskova Ka.,,,hc,-3.00,away,ft,1.72,3
0C9KdJAD,Raducanu E.,Pliskova Ka.,,,hc,-3.50,home,ft,2.03,7
0C9KdJAD,Raducanu E.,Pliskova Ka.,,,hc,-3.50,away,ft,1.687,7
0C9KdJAD,Raducanu E.,Pliskova Ka.,,,hc,-4.00,home,ft,2.38,3
0C9KdJAD,Raducanu E.,Pliskova Ka.,,,hc,-4.00,away,ft,1.49,3
0C9KdJAD,Raducanu E.,Pliskova Ka.,,,hc,-4.50,home,ft,2.69,3
0C9KdJAD,Raducanu E.,Pliskova Ka.,,,hc,-4.50,away,ft,1.39,3
0C9KdJAD,Raducanu E.,Pliskova Ka.,,,hc,-5.00,home,ft,2.93,3
0C9KdJAD,Raducanu E.,Pliskova Ka.,,,hc,-5.00,away,ft,1.33,3
A5opDvef,Blinkova A.,Preston T.,1,1,ou,2.50,over,ft,2.4,5
A5opDvef,Blinkova A.,Preston T.,1,1,ou,2.50,under,ft,1.502,5
A5opDvef,Blinkova A.,Preston T.,1,1,ou,15.50,over,ft,1.09,1
A5opDvef,Blinkova A.,Preston T.,1,1,ou,15.50,under,ft,6.0,1
A5opDvef,Blinkova A.,Preston T.,1,1,ou,16.50,over,ft,1.13,4
A5opDvef,Blinkova A.,Preston T.,1,1,ou,16.50,under,ft,5.405,4
A5opDvef,Blinkova A.,Preston T.,1,1,ou,17.50,over,ft,1.222,4
A5opDvef,Blinkova A.,Preston T.,1,1,ou,17.50,under,ft,3.65,4
A5opDvef,Blinkova A.,Preston T.,1,1,ou,18.00,over,ft,1.28,1
A5opDvef,Blinkova A.,Preston T.,1,1,ou,18.00,under,ft,3.3,1
A5opDvef,Blinkova A.,Preston T.,1,1,ou,18.50,over,ft,1.387,8
A5opDvef,Blinkova A.,Preston T.,1,1,ou,18.50,under,ft,2.756,8
A5opDvef,Blinkova A.,Preston T.,1,1,ou,19.00,over,ft,1.455,2
A5opDvef,Blinkova A.,Preston T.,1,1,ou,19.00,under,ft,2.515,2
A5opDvef,Blinkova A.,Preston T.,1,1,ou,19.50,over,ft,1.578,10
A5opDvef,Blinkova A.,Preston T.,1,1,ou,19.50,under,ft,2.223,10
A5opDvef,Blinkova A.,Preston T.,1,1,ou,20.00,over,ft,1.676,7
A5opDvef,Blinkova A.,Preston T.,1,1,ou,20.00,under,ft,2.101,7
A5opDvef,Blinkova A.,Preston T.,1,1,ou,20.50,over,ft,1.763,10
A5opDvef,Blinkova A.,Preston T.,1,1,ou,20.50,under,ft,1.948,10
A5opDvef,Blinkova A.,Preston T.,1,1,ou,21.00,over,ft,1.88,7
A5opDvef,Blinkova A.,Preston T.,1,1,ou,21.00,under,ft,1.849,7
A5opDvef,Blinkova A.,Preston T.,1,1,ou,21.50,over,ft,1.967,10
A5opDvef,Blinkova A.,Preston T.,1,1,ou,21.50,under,ft,1.795,10
A5opDvef,Blinkova A.,Preston T.,1,1,ou,22.00,over,ft,2.092,4
A5opDvef,Blinkova A.,Preston T.,1,1,ou,22.00,under,ft,1.682,4
A5opDvef,Blinkova A.,Preston T.,1,1,ou,22.50,over,ft,2.246,10
A5opDvef,Blinkova A.,Preston T.,1,1,ou,22.50,under,ft,1.571,10
A5opDvef,Blinkova A.,Preston T.,1,1,ou,23.00,over,ft,2.345,2
A5opDvef,Blinkova A.,Preston T.,1,1,ou,23.00,under,ft,1.52,2
A5opDvef,Blinkova A.,Preston T.,1,1,ou,23.50,over,ft,2.566,5
A5opDvef,Blinkova A.,Preston T.,1,1,ou,23.50,under,ft,1.434,5
A5opDvef,Blinkova A.,Preston T.,1,1,ou,24.00,over,ft,2.55,1
A5opDvef,Blinkova A.,Preston T.,1,1,ou,24.00,under,ft,1.45,1
A5opDvef,Blinkova A.,Preston T.,1,1,ou,24.50,over,ft,2.673,7
A5opDvef,Blinkova A.,Preston T.,1,1,ou,24.50,under,ft,1.42,7
A5opDvef,Blinkova A.,Preston T.,1,1,ou,25.50,over,ft,3.2,4
A5opDvef,Blinkova A.,Preston T.,1,1,ou,25.50,under,ft,1.288,4
A5opDvef,Blinkova A.,Preston T.,1,1,ou,26.50,over,ft,3.742,4
A5opDvef,Blinkova A.,Preston T.,1,1,ou,26.50,under,ft,1.215,4
A5opDvef,Blinkova A.,Preston T.,1,1,ou,27.50,over,ft,3.55,1
A5opDvef,Blinkova A.,Preston T.,1,1,ou,27.50,under,ft,1.24,1
A5opDvef,Blinkova A.,Preston T.,1,1,ou,28.50,over,ft,4.24,1
A5opDvef,Blinkova A.,Preston T.,1,1,ou,28.50,under,ft,1.17,1
A5opDvef,Blinkova A.,Preston T.,1,1,ou,29.50,over,ft,5.02,1
A5opDvef,Blinkova A.,Preston T.,1,1,ou,29.50,under,ft,1.13,1
A5opDvef,Blinkova A.,Preston T.,1,1,ou,30.50,over,ft,6.0,1
A5opDvef,Blinkova A.,Preston T.,1,1,ou,30.50,under,ft,1.09,1
A5opDvef,Blinkova A.,Preston T.,1,1,hc,1.50,home,ft,1.22,7
A5opDvef,Blinkova A.,Preston T.,1,1,hc,1.50,away,ft,3.971,7
A5opDvef,Blinkova A.,Preston T.,1,1,hc,-1.50,home,ft,2.204,9
A5opDvef,Blinkova A.,Preston T.,1,1,hc,-1.50,away,ft,1.613,9
A5opDvef,Blinkova A.,Preston T.,1,1,hc,-1.00,home,ft,1.5,3
A5opDvef,Blinkova A.,Preston T.,1,1,hc,-1.00,away,ft,2.35,3
A5opDvef,Blinkova A.,Preston T.,1,1,hc,1.50,home,ft,1.413,3
A5opDvef,Blinkova A.,Preston T.,1,1,hc,1.50,away,ft,2.78,3
A5opDvef,Blinkova A.,Preston T.,1,1,hc,-1.50,home,ft,1.608,6
A5opDvef,Blinkova A.,Preston T.,1,1,hc,-1.50,away,ft,2.188,6
A5opDvef,Blinkova A.,Preston T.,1,1,hc,-2.00,home,ft,1.672,5
A5opDvef,Blinkova A.,Preston T.,1,1,hc,-2.00,away,ft,2.114,5
A5opDvef,Blinkova A.,Preston T.,1,1,hc,-2.50,home,ft,1.716,7
A5opDvef,Blinkova A.,Preston T.,1,1,hc,-2.50,away,ft,2.033,7
A5opDvef,Blinkova A.,Preston T.,1,1,hc,-3.00,home,ft,1.808,6
A5opDvef,Blinkova A.,Preston T.,1,1,hc,-3.00,away,ft,1.917,6
A5opDvef,Blinkova A.,Preston T.,1,1,hc,-3.50,home,ft,1.919,8
A5opDvef,Blinkova A.,Preston T.,1,1,hc,-3.50,away,ft,1.84,8
A5opDvef,Blinkova A.,Preston T.,1,1,hc,-4.00,home,ft,2.107,6
A5opDvef,Blinkova A.,Preston T.,1,1,hc,-4.00,away,ft,1.665,6
A5opDvef,Blinkova A.,Preston T.,1,1,hc,-4.50,home,ft,2.261,8
A5opDvef,Blinkova A.,Preston T.,1,1,hc,-4.50,away,ft,1.58,8
A5opDvef,Blinkova A.,Preston T.,1,1,hc,-5.00,home,ft,2.538,6
A5opDvef,Blinkova A.,Preston T.,1,1,hc,-5.00,away,ft,1.468,6
A5opDvef,Blinkova A.,Preston T.,1,1,hc,-5.50,home,ft,2.865,6
A5opDvef,Blinkova A.,Preston T.,1,1,hc,-5.50,away,ft,1.372,6
69d6KM2K,Sakatsume H.,Bouzas Maneiro J.,0,0,ou,2.50,over,ft,2.556,5
69d6KM2K,Sakatsume H.,Bouzas Maneiro J.,0,0,ou,2.50,under,ft,1.484,5
69d6KM2K,Sakatsume H.,Bouzas Maneiro J.,0,0,ou,16.50,over,ft,1.12,1
69d6KM2K,Sakatsume H.,Bouzas Maneiro J.,0,0,ou,16.50,under,ft,5.03,1
69d6KM2K,Sakatsume H.,Bouzas Maneiro J.,0,0,ou,17.50,over,ft,1.215,4
69d6KM2K,Sakatsume H.,Bouzas Maneiro J.,0,0,ou,17.50,under,ft,3.708,4
69d6KM2K,Sakatsume H.,Bouzas Maneiro J.,0,0,ou,18.50,over,ft,1.371,7
69d6KM2K,Sakatsume H.,Bouzas Maneiro J.,0,0,ou,18.50,under,ft,2.804,7
69d6KM2K,Sakatsume H.,Bouzas Maneiro J.,0,0,ou,19.50,over,ft,1.544,7
69d6KM2K,Sakatsume H.,Bouzas Maneiro J.,0,0,ou,19.50,under,ft,2.27,7
69d6KM2K,Sakatsume H.,Bouzas Maneiro J.,0,0,ou,20.00,over,ft,1.675,4
69d6KM2K,Sakatsume H.,Bouzas Maneiro J.,0,0,ou,20.00,under,ft,2.135,4
69d6KM2K,Sakatsume H.,Bouzas Maneiro J.,0,0,ou,20.50,over,ft,1.838,10
69d6KM2K,Sakatsume H.,Bouzas Maneiro J.,0,0,ou,20.50,under,ft,1.92,10
69d6KM2K,Sakatsume H.,Bouzas Maneiro J.,0,0,ou,21.00,over,ft,1.886,7
69d6KM2K,Sakatsume H.,Bouzas Maneiro J.,0,0,ou,21.00,under,ft,1.867,7
69d6KM2K,Sakatsume H.,Bouzas Maneiro J.,0,0,ou,21.50,over,ft,1.954,10
69d6KM2K,Sakatsume H.,Bouzas Maneiro J.,0,0,ou,21.50,under,ft,1.756,10
69d6KM2K,Sakatsume H.,Bouzas Maneiro J.,0,0,ou,22.00,over,ft,2.123,7
69d6KM2K,Sakatsume H.,Bouzas Maneiro J.,0,0,ou,22.00,under,ft,1.673,7
69d6KM2K,Sakatsume H.,Bouzas Maneiro J.,0,0,ou,22.50,over,ft,2.241,8
69d6KM2K,Sakatsume H.,Bouzas Maneiro J.,0,0,ou,22.50,under,ft,1.565,8
69d6KM2K,Sakatsume H.,Bouzas Maneiro J.,0,0,ou,23.00,over,ft,2.33,1
69d6KM2K,Sakatsume H.,Bouzas Maneiro J.,0,0,ou,23.00,under,ft,1.52,1
69d6KM2K,Sakatsume H.,Bouzas Maneiro J.,0,0,ou,23.50,over,ft,2.483,6
69d6KM2K,Sakatsume H.,Bouzas Maneiro J.,0,0,ou,23.50,under,ft,1.463,6
69d6KM2K,Sakatsume H.,Bouzas Maneiro J.,0,0,ou,24.50,over,ft,2.69,6
69d6KM2K,Sakatsume H.,Bouzas Maneiro J.,0,0,ou,24.50,under,ft,1.403,6
69d6KM2K,Sakatsume H.,Bouzas Maneiro J.,0,0,ou,25.50,over,ft,3.123,4
69d6KM2K,Sakatsume H.,Bouzas Maneiro J.,0,0,ou,25.50,under,ft,1.3,4
69d6KM2K,Sakatsume H.,Bouzas Maneiro J.,0,0,ou,26.50,over,ft,3.41,4
69d6KM2K,Sakatsume H.,Bouzas Maneiro J.,0,0,ou,26.50,under,ft,1.26,4
69d6KM2K,Sakatsume H.,Bouzas Maneiro J.,0,0,ou,27.50,over,ft,3.38,1
69d6KM2K,Sakatsume H.,Bouzas Maneiro J.,0,0,ou,27.50,under,ft,1.26,1
69d6KM2K,Sakatsume H.,Bouzas Maneiro J.,0,0,ou,28.50,over,ft,3.92,1
69d6KM2K,Sakatsume H.,Bouzas Maneiro J.,0,0,ou,28.50,under,ft,1.2,1
69d6KM2K,Sakatsume H.,Bouzas Maneiro J.,0,0,ou,29.50,over,ft,4.46,1
69d6KM2K,Sakatsume H.,Bouzas Maneiro J.,0,0,ou,29.50,under,ft,1.16,1
69d6KM2K,Sakatsume H.,Bouzas Maneiro J.,0,0,ou,30.50,over,ft,5.7,1
69d6KM2K,Sakatsume H.,Bouzas Maneiro J.,0,0,ou,30.50,under,ft,1.1,1
69d6KM2K,Sakatsume H.,Bouzas Maneiro J.,0,0,ou,32.50,over,ft,8.9,1
69d6KM2K,Sakatsume H.,Bouzas Maneiro J.,0,0,ou,32.50,under,ft,1.02,1
69d6KM2K,Sakatsume H.,Bouzas Maneiro J.,0,0,hc,0.50,home,ft,2.5,1
69d6KM2K,Sakatsume H.,Bouzas Maneiro J.,0,0,hc,0.50,away,ft,1.44,1
69d6KM2K,Sakatsume H.,Bouzas Maneiro J.,0,0,hc,-0.50,home,ft,2.5,1
69d6KM2K,Sakatsume H.,Bouzas Maneiro J.,0,0,hc,-0.50,away,ft,1.44,1
69d6KM2K,Sakatsume H.,Bouzas Maneiro J.,0,0,hc,1.50,home,ft,1.659,9
69d6KM2K,Sakatsume H.,Bouzas Maneiro J.,0,0,hc,1.50,away,ft,2.138,9
69d6KM2K,Sakatsume H.,Bouzas Maneiro J.,0,0,hc,-1.50,home,ft,4.153,7
69d6KM2K,Sakatsume H.,Bouzas Maneiro J.,0,0,hc,-1.50,away,ft,1.209,7
69d6KM2K,Sakatsume H.,Bouzas Maneiro J.,0,0,hc,0.50,home,ft,2.5,1
69d6KM2K,Sakatsume H.,Bouzas Maneiro J.,0,0,hc,0.50,away,ft,1.44,1
69d6KM2K,Sakatsume H.,Bouzas Maneiro J.,0,0,hc,1.50,home,ft,2.272,5
69d6KM2K,Sakatsume H.,Bouzas Maneiro J.,0,0,hc,1.50,away,ft,1.574,5
69d6KM2K,Sakatsume H.,Bouzas Maneiro J.,0,0,hc,-1.50,home,ft,2.775,2
69d6KM2K,Sakatsume H.,Bouzas Maneiro J.,0,0,hc,-1.50,away,ft,1.4,2
69d6KM2K,Sakatsume H.,Bouzas Maneiro J.,0,0,hc,2.00,home,ft,2.2,3
69d6KM2K,Sakatsume H.,Bouzas Maneiro J.,0,0,hc,2.00,away,ft,1.61,3
69d6KM2K,Sakatsume H.,Bouzas Maneiro J.,0,0,hc,2.50,home,ft,2.109,7
69d6KM2K,Sakatsume H.,Bouzas Maneiro J.,0,0,hc,2.50,away,ft,1.673,7
69d6KM2K,Sakatsume H.,Bouzas Maneiro J.,0,0,hc,3.00,home,ft,1.982,6
69d6KM2K,Sakatsume H.,Bouzas Maneiro J.,0,0,hc,3.00,away,ft,1.78,6
69d6KM2K,Sakatsume H.,Bouzas Maneiro J.,0,0,hc,3.50,home,ft,1.91,8
69d6KM2K,Sakatsume H.,Bouzas Maneiro J.,0,0,hc,3.50,away,ft,1.861,8
69d6KM2K,Sakatsume H.,Bouzas Maneiro J.,0,0,hc,4.00,home,ft,1.697,6
69d6KM2K,Sakatsume H.,Bouzas Maneiro J.,0,0,hc,4.00,away,ft,2.098,6
69d6KM2K,Sakatsume H.,Bouzas Maneiro J.,0,0,hc,4.50,home,ft,1.584,7
69d6KM2K,Sakatsume H.,Bouzas Maneiro J.,0,0,hc,4.50,away,ft,2.269,7
69d6KM2K,Sakatsume H.,Bouzas Maneiro J.,0,0,hc,5.00,home,ft,1.45,3
69d6KM2K,Sakatsume H.,Bouzas Maneiro J.,0,0,hc,5.00,away,ft,2.59,3
69d6KM2K,Sakatsume H.,Bouzas Maneiro J.,0,0,hc,5.50,home,ft,1.372,5
69d6KM2K,Sakatsume H.,Bouzas Maneiro J.,0,0,hc,5.50,away,ft,2.884,5
69d6KM2K,Sakatsume H.,Bouzas Maneiro J.,0,0,hc,6.00,home,ft,1.21,3
69d6KM2K,Sakatsume H.,Bouzas Maneiro J.,0,0,hc,6.00,away,ft,3.72,3
hdwEb2U9,Gibson T.,Jones F.,2,2,ou,2.50,over,ft,2.87,5
hdwEb2U9,Gibson T.,Jones F.,2,2,ou,2.50,under,ft,1.394,5
hdwEb2U9,Gibson T.,Jones F.,2,2,ou,16.50,over,ft,1.14,1
hdwEb2U9,Gibson T.,Jones F.,2,2,ou,16.50,under,ft,4.81,1
hdwEb2U9,Gibson T.,Jones F.,2,2,ou,17.50,over,ft,1.245,4
hdwEb2U9,Gibson T.,Jones F.,2,2,ou,17.50,under,ft,3.405,4
hdwEb2U9,Gibson T.,Jones F.,2,2,ou,18.50,over,ft,1.426,8
hdwEb2U9,Gibson T.,Jones F.,2,2,ou,18.50,under,ft,2.756,8
hdwEb2U9,Gibson T.,Jones F.,2,2,ou,19.00,over,ft,1.48,1
hdwEb2U9,Gibson T.,Jones F.,2,2,ou,19.00,under,ft,2.42,1
hdwEb2U9,Gibson T.,Jones F.,2,2,ou,19.50,over,ft,1.622,10
hdwEb2U9,Gibson T.,Jones F.,2,2,ou,19.50,under,ft,2.227,10
hdwEb2U9,Gibson T.,Jones F.,2,2,ou,20.00,over,ft,1.749,7
hdwEb2U9,Gibson T.,Jones F.,2,2,ou,20.00,under,ft,2.013,7
hdwEb2U9,Gibson T.,Jones F.,2,2,ou,20.50,over,ft,1.877,10
hdwEb2U9,Gibson T.,Jones F.,2,2,ou,20.50,under,ft,1.884,10
hdwEb2U9,Gibson T.,Jones F.,2,2,ou,21.00,over,ft,1.994,7
hdwEb2U9,Gibson T.,Jones F.,2,2,ou,21.00,under,ft,1.76,7
hdwEb2U9,Gibson T.,Jones F.,2,2,ou,21.50,over,ft,2.08,10
hdwEb2U9,Gibson T.,Jones F.,2,2,ou,21.50,under,ft,1.711,10
hdwEb2U9,Gibson T.,Jones F.,2,2,ou,22.00,over,ft,2.16,4
hdwEb2U9,Gibson T.,Jones F.,2,2,ou,22.00,under,ft,1.637,4
hdwEb2U9,Gibson T.,Jones F.,2,2,ou,22.50,over,ft,2.399,8
hdwEb2U9,Gibson T.,Jones F.,2,2,ou,22.50,under,ft,1.539,8
hdwEb2U9,Gibson T.,Jones F.,2,2,ou,23.00,over,ft,2.38,2
hdwEb2U9,Gibson T.,Jones F.,2,2,ou,23.00,under,ft,1.555,2
hdwEb2U9,Gibson T.,Jones F.,2,2,ou,23.50,over,ft,2.58,5
hdwEb2U9,Gibson T.,Jones F.,2,2,ou,23.50,under,ft,1.424,5
hdwEb2U9,Gibson T.,Jones F.,2,2,ou,24.50,over,ft,2.786,7
hdwEb2U9,Gibson T.,Jones F.,2,2,ou,24.50,under,ft,1.384,7
hdwEb2U9,Gibson T.,Jones F.,2,2,ou,25.50,over,ft,3.02,4
hdwEb2U9,Gibson T.,Jones F.,2,2,ou,25.50,under,ft,1.318,4
hdwEb2U9,Gibson T.,Jones F.,2,2,ou,26.50,over,ft,3.143,4
hdwEb2U9,Gibson T.,Jones F.,2,2,ou,26.50,under,ft,1.29,4
hdwEb2U9,Gibson T.,Jones F.,2,2,ou,27.50,over,ft,3.52,1
hdwEb2U9,Gibson T.,Jones F.,2,2,ou,27.50,under,ft,1.25,1
hdwEb2U9,Gibson T.,Jones F.,2,2,ou,28.50,over,ft,4.12,1
hdwEb2U9,Gibson T.,Jones F.,2,2,ou,28.50,under,ft,1.18,1
hdwEb2U9,Gibson T.,Jones F.,2,2,ou,29.50,over,ft,4.83,1
hdwEb2U9,Gibson T.,Jones F.,2,2,ou,29.50,under,ft,1.14,1
hdwEb2U9,Gibson T.,Jones F.,2,2,ou,30.50,over,ft,5.79,1
hdwEb2U9,Gibson T.,Jones F.,2,2,ou,30.50,under,ft,1.09,1
hdwEb2U9,Gibson T.,Jones F.,2,2,hc,1.50,home,ft,1.113,7
hdwEb2U9,Gibson T.,Jones F.,2,2,hc,1.50,away,ft,5.974,7
hdwEb2U9,Gibson T.,Jones F.,2,2,hc,-1.50,home,ft,1.718,9
hdwEb2U9,Gibson T.,Jones F.,2,2,hc,-1.50,away,ft,2.047,9
hdwEb2U9,Gibson T.,Jones F.,2,2,hc,-1.00,home,ft,1.46,3
hdwEb2U9,Gibson T.,Jones F.,2,2,hc,-1.00,away,ft,2.44,3
hdwEb2U9,Gibson T.,Jones F.,2,2,hc,1.50,home,ft,1.203,3
hdwEb2U9,Gibson T.,Jones F.,2,2,hc,1.50,away,ft,4.273,3
hdwEb2U9,Gibson T.,Jones F.,2,2,hc,-1.50,home,ft,1.406,7
hdwEb2U9,Gibson T.,Jones F.,2,2,hc,-1.50,away,ft,2.804,7
hdwEb2U9,Gibson T.,Jones F.,2,2,hc,-2.00,home,ft,1.35,3
hdwEb2U9,Gibson T.,Jones F.,2,2,hc,-2.00,away,ft,2.84,3
hdwEb2U9,Gibson T.,Jones F.,2,2,hc,-2.50,home,ft,1.524,8
hdwEb2U9,Gibson T.,Jones F.,2,2,hc,-2.50,away,ft,2.485,8
hdwEb2U9,Gibson T.,Jones F.,2,2,hc,-3.00,home,ft,1.533,6
hdwEb2U9,Gibson T.,Jones F.,2,2,hc,-3.00,away,ft,2.445,6
hdwEb2U9,Gibson T.,Jones F.,2,2,hc,-3.50,home,ft,1.601,9
hdwEb2U9,Gibson T.,Jones F.,2,2,hc,-3.50,away,ft,2.272,9
hdwEb2U9,Gibson T.,Jones F.,2,2,hc,-4.00,home,ft,1.735,6
hdwEb2U9,Gibson T.,Jones F.,2,2,hc,-4.00,away,ft,2.09,6
hdwEb2U9,Gibson T.,Jones F.,2,2,hc,-4.50,home,ft,1.923,9
hdwEb2U9,Gibson T.,Jones F.,2,2,hc,-4.50,away,ft,1.843,9
hdwEb2U9,Gibson T.,Jones F.,2,2,hc,-5.00,home,ft,2.252,6
hdwEb2U9,Gibson T.,Jones F.,2,2,hc,-5.00,away,ft,1.638,6
hdwEb2U9,Gibson T.,Jones F.,2,2,hc,-5.50,home,ft,2.471,9
hdwEb2U9,Gibson T.,Jones F.,2,2,hc,-5.50,away,ft,1.51,9
hdwEb2U9,Gibson T.,Jones F.,2,2,hc,-6.00,home,ft,3.287,3
hdwEb2U9,Gibson T.,Jones F.,2,2,hc,-6.00,away,ft,1.34,3
hdwEb2U9,Gibson T.,Jones F.,2,2,hc,-6.50,home,ft,3.723,3
hdwEb2U9,Gibson T.,Jones F.,2,2,hc,-6.50,away,ft,1.28,3
4bPapC9a,Joint M.,Starodubtseva Y.,1,1,ou,2.50,over,ft,2.518,5
4bPapC9a,Joint M.,Starodubtseva Y.,1,1,ou,2.50,under,ft,1.482,5
4bPapC9a,Joint M.,Starodubtseva Y.,1,1,ou,16.50,over,ft,1.12,4
4bPapC9a,Joint M.,Starodubtseva Y.,1,1,ou,16.50,under,ft,5.605,4
4bPapC9a,Joint M.,Starodubtseva Y.,1,1,ou,17.50,over,ft,1.212,4
4bPapC9a,Joint M.,Starodubtseva Y.,1,1,ou,17.50,under,ft,3.735,4
4bPapC9a,Joint M.,Starodubtseva Y.,1,1,ou,18.50,over,ft,1.381,8
4bPapC9a,Joint M.,Starodubtseva Y.,1,1,ou,18.50,under,ft,2.8,8
4bPapC9a,Joint M.,Starodubtseva Y.,1,1,ou,19.00,over,ft,1.4,1
4bPapC9a,Joint M.,Starodubtseva Y.,1,1,ou,19.00,under,ft,2.69,1
4bPapC9a,Joint M.,Starodubtseva Y.,1,1,ou,19.50,over,ft,1.566,9
4bPapC9a,Joint M.,Starodubtseva Y.,1,1,ou,19.50,under,ft,2.259,9
4bPapC9a,Joint M.,Starodubtseva Y.,1,1,ou,20.00,over,ft,1.706,7
4bPapC9a,Joint M.,Starodubtseva Y.,1,1,ou,20.00,under,ft,2.076,7
4bPapC9a,Joint M.,Starodubtseva Y.,1,1,ou,20.50,over,ft,1.791,10
4bPapC9a,Joint M.,Starodubtseva Y.,1,1,ou,20.50,under,ft,1.927,10
4bPapC9a,Joint M.,Starodubtseva Y.,1,1,ou,21.00,over,ft,1.936,7
4bPapC9a,Joint M.,Starodubtseva Y.,1,1,ou,21.00,under,ft,1.813,7
4bPapC9a,Joint M.,Starodubtseva Y.,1,1,ou,21.50,over,ft,1.967,10
4bPapC9a,Joint M.,Starodubtseva Y.,1,1,ou,21.50,under,ft,1.793,10
4bPapC9a,Joint M.,Starodubtseva Y.,1,1,ou,22.00,over,ft,2.152,4
4bPapC9a,Joint M.,Starodubtseva Y.,1,1,ou,22.00,under,ft,1.655,4
4bPapC9a,Joint M.,Starodubtseva Y.,1,1,ou,22.50,over,ft,2.266,9
4bPapC9a,Joint M.,Starodubtseva Y.,1,1,ou,22.50,under,ft,1.566,9
4bPapC9a,Joint M.,Starodubtseva Y.,1,1,ou,23.00,over,ft,2.29,1
4bPapC9a,Joint M.,Starodubtseva Y.,1,1,ou,23.00,under,ft,1.54,1
4bPapC9a,Joint M.,Starodubtseva Y.,1,1,ou,23.50,over,ft,2.544,5
4bPapC9a,Joint M.,Starodubtseva Y.,1,1,ou,23.50,under,ft,1.438,5
4bPapC9a,Joint M.,Starodubtseva Y.,1,1,ou,24.50,over,ft,2.696,7
4bPapC9a,Joint M.,Starodubtseva Y.,1,1,ou,24.50,under,ft,1.409,7
4bPapC9a,Joint M.,Starodubtseva Y.,1,1,ou,25.50,over,ft,3.123,4
4bPapC9a,Joint M.,Starodubtseva Y.,1,1,ou,25.50,under,ft,1.305,4
4bPapC9a,Joint M.,Starodubtseva Y.,1,1,ou,26.50,over,ft,3.715,4
4bPapC9a,Joint M.,Starodubtseva Y.,1,1,ou,26.50,under,ft,1.222,4
4bPapC9a,Joint M.,Starodubtseva Y.,1,1,ou,27.50,over,ft,3.35,1
4bPapC9a,Joint M.,Starodubtseva Y.,1,1,ou,27.50,under,ft,1.27,1
4bPapC9a,Joint M.,Starodubtseva Y.,1,1,ou,28.50,over,ft,3.72,1
4bPapC9a,Joint M.,Starodubtseva Y.,1,1,ou,28.50,under,ft,1.22,1
4bPapC9a,Joint M.,Starodubtseva Y.,1,1,ou,29.50,over,ft,4.41,1
4bPapC9a,Joint M.,Starodubtseva Y.,1,1,ou,29.50,under,ft,1.16,1
4bPapC9a,Joint M.,Starodubtseva Y.,1,1,ou,30.50,over,ft,5.36,1
4bPapC9a,Joint M.,Starodubtseva Y.,1,1,ou,30.50,under,ft,1.11,1
4bPapC9a,Joint M.,Starodubtseva Y.,1,1,hc,1.50,home,ft,1.626,9
4bPapC9a,Joint M.,Starodubtseva Y.,1,1,hc,1.50,away,ft,2.194,9
4bPapC9a,Joint M.,Starodubtseva Y.,1,1,hc,-1.50,home,ft,3.919,7
4bPapC9a,Joint M.,Starodubtseva Y.,1,1,hc,-1.50,away,ft,1.231,7
4bPapC9a,Joint M.,Starodubtseva Y.,1,1,hc,0.50,home,ft,2.26,3
4bPapC9a,Joint M.,Starodubtseva Y.,1,1,hc,0.50,away,ft,1.54,3
4bPapC9a,Joint M.,Starodubtseva Y.,1,1,hc,1.00,home,ft,2.24,3
4bPapC9a,Joint M.,Starodubtseva Y.,1,1,hc,1.00,away,ft,1.55,3
4bPapC9a,Joint M.,Starodubtseva Y.,1,1,hc,1.50,home,ft,2.203,7
4bPapC9a,Joint M.,Starodubtseva Y.,1,1,hc,1.50,away,ft,1.594,7
4bPapC9a,Joint M.,Starodubtseva Y.,1,1,hc,-1.50,home,ft,2.75,4
4bPapC9a,Joint M.,Starodubtseva Y.,1,1,hc,-1.50,away,ft,1.415,4
4bPapC9a,Joint M.,Starodubtseva Y.,1,1,hc,2.00,home,ft,2.09,6
4bPapC9a,Joint M.,Starodubtseva Y.,1,1,hc,2.00,away,ft,1.678,6
4bPapC9a,Joint M.,Starodubtseva Y.,1,1,hc,2.50,home,ft,1.978,9
4bPapC9a,Joint M.,Starodubtseva Y.,1,1,hc,2.50,away,ft,1.799,9
4bPapC9a,Joint M.,Starodubtseva Y.,1,1,hc,3.00,home,ft,1.91,6
4bPapC9a,Joint M.,Starodubtseva Y.,1,1,hc,3.00,away,ft,1.813,6
4bPapC9a,Joint M.,Starodubtseva Y.,1,1,hc,3.50,home,ft,1.794,8
4bPapC9a,Joint M.,Starodubtseva Y.,1,1,hc,3.50,away,ft,1.927,8
4bPapC9a,Joint M.,Starodubtseva Y.,1,1,hc,4.00,home,ft,1.638,6
4bPapC9a,Joint M.,Starodubtseva Y.,1,1,hc,4.00,away,ft,2.163,6
4bPapC9a,Joint M.,Starodubtseva Y.,1,1,hc,4.50,home,ft,1.53,8
4bPapC9a,Joint M.,Starodubtseva Y.,1,1,hc,4.50,away,ft,2.355,8
4bPapC9a,Joint M.,Starodubtseva Y.,1,1,hc,5.00,home,ft,1.35,3
4bPapC9a,Joint M.,Starodubtseva Y.,1,1,hc,5.00,away,ft,2.85,3
4bPapC9a,Joint M.,Starodubtseva Y.,1,1,hc,5.50,home,ft,1.328,6
4bPapC9a,Joint M.,Starodubtseva Y.,1,1,hc,5.50,away,ft,3.058,6
