match_id,home,away,home_score,away_score,market,line,side,avg_odds,n_bookies
8Ay7v9Mj,Melbourne City,Melbourne Victory,1,1,1x2,0,home,2.1,1
8Ay7v9Mj,Melbourne City,Melbourne Victory,1,1,1x2,0,draw,3.65,1
8Ay7v9Mj,Melbourne City,Melbourne Victory,1,1,1x2,0,away,3.9,1
8Ay7v9Mj,Melbourne City,Melbourne Victory,1,1,ou,0.50,over,1.07,1
8Ay7v9Mj,Melbourne City,Melbourne Victory,1,1,ou,0.50,under,14.5,1
8Ay7v9Mj,Melbourne City,Melbourne Victory,1,1,ou,1.50,over,1.31,1
8Ay7v9Mj,Melbourne City,Melbourne Victory,1,1,ou,1.50,under,4.1,1
8Ay7v9Mj,Melbourne City,Melbourne Victory,1,1,ou,2.50,over,1.97,1
8Ay7v9Mj,Melbourne City,Melbourne Victory,1,1,ou,2.50,under,2.0,1
8Ay7v9Mj,Melbourne City,Melbourne Victory,1,1,ou,3.50,over,3.4,1
8Ay7v9Mj,Melbourne City,Melbourne Victory,1,1,ou,3.50,under,1.41,1
8Ay7v9Mj,Melbourne City,Melbourne Victory,1,1,ou,4.50,over,7.2,1
8Ay7v9Mj,Melbourne City,Melbourne Victory,1,1,ou,4.50,under,1.15,1
8Ay7v9Mj,Melbourne City,Melbourne Victory,1,1,ou,5.50,over,17.5,1
8Ay7v9Mj,Melbourne City,Melbourne Victory,1,1,ou,5.50,under,1.05,1
8Ay7v9Mj,Melbourne City,Melbourne Victory,1,1,ou,6.50,over,38.0,1
8Ay7v9Mj,Melbourne City,Melbourne Victory,1,1,ou,6.50,under,1.02,1
8Ay7v9Mj,Melbourne City,Melbourne Victory,1,1,hc,0,home,1.53,1
8Ay7v9Mj,Melbourne City,Melbourne Victory,1,1,hc,0,away,2.83,1
8Ay7v9Mj,Melbourne City,Melbourne Victory,1,1,hc,0.50,home,1.33,1
8Ay7v9Mj,Melbourne City,Melbourne Victory,1,1,hc,0.50,away,3.9,1
8Ay7v9Mj,Melbourne City,Melbourne Victory,1,1,hc,-0.50,home,2.11,1
8Ay7v9Mj,Melbourne City,Melbourne Victory,1,1,hc,-0.50,away,1.89,1
8Ay7v9Mj,Melbourne City,Melbourne Victory,1,1,hc,0.75,home,1.23,1
8Ay7v9Mj,Melbourne City,Melbourne Victory,1,1,hc,0.75,away,5.14,1
8Ay7v9Mj,Melbourne City,Melbourne Victory,1,1,hc,-0.75,home,2.45,1
8Ay7v9Mj,Melbourne City,Melbourne Victory,1,1,hc,-0.75,away,1.67,1
8Ay7v9Mj,Melbourne City,Melbourne Victory,1,1,hc,1.00,home,1.12,1
8Ay7v9Mj,Melbourne City,Melbourne Victory,1,1,hc,1.00,away,8.24,1
8Ay7v9Mj,Melbourne City,Melbourne Victory,1,1,hc,-1.00,home,3.12,1
8Ay7v9Mj,Melbourne City,Melbourne Victory,1,1,hc,-1.00,away,1.45,1
8Ay7v9Mj,Melbourne City,Melbourne Victory,1,1,hc,1.25,home,1.11,1
8Ay7v9Mj,Melbourne City,Melbourne Victory,1,1,hc,1.25,away,8.98,1
8Ay7v9Mj,Melbourne City,Melbourne Victory,1,1,hc,-1.25,home,3.57,1
8Ay7v9Mj,Melbourne City,Melbourne Victory,1,1,hc,-1.25,away,1.36,1
8Ay7v9Mj,Melbourne City,Melbourne Victory,1,1,hc,1.50,home,1.1,1
8Ay7v9Mj,Melbourne City,Melbourne Victory,1,1,hc,1.50,away,9.73,1
8Ay7v9Mj,Melbourne City,Melbourne Victory,1,1,hc,-1.50,home,4.03,1
8Ay7v9Mj,Melbourne City,Melbourne Victory,1,1,hc,-1.50,away,1.31,1
8Ay7v9Mj,Melbourne City,Melbourne Victory,1,1,hc,1.75,home,1.06,1
8Ay7v9Mj,Melbourne City,Melbourne Victory,1,1,hc,1.75,away,13.5,1
8Ay7v9Mj,Melbourne City,Melbourne Victory,1,1,hc,-1.75,home,5.25,1
8Ay7v9Mj,Melbourne City,Melbourne Victory,1,1,hc,-1.75,away,1.22,1
8Ay7v9Mj,Melbourne City,Melbourne Victory,1,1,hc,2.00,away,10.11,1
8Ay7v9Mj,Melbourne City,Melbourne Victory,1,1,hc,-2.00,home,8.14,1
8Ay7v9Mj,Melbourne City,Melbourne Victory,1,1,hc,-2.00,away,1.12,1
8Ay7v9Mj,Melbourne City,Melbourne Victory,1,1,hc,2.25,away,10.11,1
8Ay7v9Mj,Melbourne City,Melbourne Victory,1,1,hc,-2.25,home,8.75,1
8Ay7v9Mj,Melbourne City,Melbourne Victory,1,1,hc,-2.25,away,1.1,1
8Ay7v9Mj,Melbourne City,Melbourne Victory,1,1,hc,2.50,away,10.11,1
8Ay7v9Mj,Melbourne City,Melbourne Victory,1,1,hc,-2.50,home,9.37,1
8Ay7v9Mj,Melbourne City,Melbourne Victory,1,1,hc,-2.50,away,1.1,1
8Ay7v9Mj,Melbourne City,Melbourne Victory,1,1,hc,-2.75,home,13.5,1
8Ay7v9Mj,Melbourne City,Melbourne Victory,1,1,hc,-2.75,away,1.06,1
8Ay7v9Mj,Melbourne City,Melbourne Victory,1,1,hc,-3.00,home,9.79,1
8Ay7v9Mj,Melbourne City,Melbourne Victory,1,1,hc,-3.25,home,9.79,1
8Ay7v9Mj,Melbourne City,Melbourne Victory,1,1,hc,-3.50,home,9.79,1
8Ay7v9Mj,Melbourne City,Melbourne Victory,1,1,hc,0.25,home,1.41,1
8Ay7v9Mj,Melbourne City,Melbourne Victory,1,1,hc,0.25,away,3.36,1
8Ay7v9Mj,Melbourne City,Melbourne Victory,1,1,hc,-0.25,home,1.82,1
8Ay7v9Mj,Melbourne City,Melbourne Victory,1,1,hc,-0.25,away,2.2,1
8Ay7v9Mj,Melbourne City,Melbourne Victory,1,1,dc,0,home/draw,1.33,1
8Ay7v9Mj,Melbourne City,Melbourne Victory,1,1,dc,0,home/away,1.37,1
8Ay7v9Mj,Melbourne City,Melbourne Victory,1,1,dc,0,draw/away,1.89,1
8t6fzQKs,Melbourne City,Western United,1,1,1x2,0,home,1.99,1
8t6fzQKs,Melbourne City,Western United,1,1,1x2,0,draw,4.2,1
8t6fzQKs,Melbourne City,Western United,1,1,1x2,0,away,3.8,1
8t6fzQKs,Melbourne City,Western United,1,1,ou,0.50,over,1.04,1
8t6fzQKs,Melbourne City,Western United,1,1,ou,0.50,under,22.0,1
8t6fzQKs,Melbourne City,Western United,1,1,ou,1.50,over,1.19,1
8t6fzQKs,Melbourne City,Western United,1,1,ou,1.50,under,5.8,1
8t6fzQKs,Melbourne City,Western United,1,1,ou,2.50,over,1.61,1
8t6fzQKs,Melbourne City,Western United,1,1,ou,2.50,under,2.6,1
8t6fzQKs,Melbourne City,Western United,1,1,ou,3.50,over,2.5,1
8t6fzQKs,Melbourne City,Western United,1,1,ou,3.50,under,1.64,1
8t6fzQKs,Melbourne City,Western United,1,1,ou,4.50,over,4.6,1
8t6fzQKs,Melbourne City,Western United,1,1,ou,4.50,under,1.26,1
8t6fzQKs,Melbourne City,Western United,1,1,ou,5.50,over,10.0,1
8t6fzQKs,Melbourne City,Western United,1,1,ou,5.50,under,1.1,1
8t6fzQKs,Melbourne City,Western United,1,1,ou,6.50,over,22.0,1
8t6fzQKs,Melbourne City,Western United,1,1,ou,6.50,under,1.04,1
8t6fzQKs,Melbourne City,Western United,1,1,ou,7.50,over,50.0,1
8t6fzQKs,Melbourne City,Western United,1,1,hc,0,home,1.51,1
8t6fzQKs,Melbourne City,Western United,1,1,hc,0,away,2.9,1
8t6fzQKs,Melbourne City,Western United,1,1,hc,0.50,home,1.35,1
8t6fzQKs,Melbourne City,Western United,1,1,hc,0.50,away,3.8,1
8t6fzQKs,Melbourne City,Western United,1,1,hc,-0.50,home,1.99,1
8t6fzQKs,Melbourne City,Western United,1,1,hc,-0.50,away,2.0,1
8t6fzQKs,Melbourne City,Western United,1,1,hc,0.75,home,1.25,1
8t6fzQKs,Melbourne City,Western United,1,1,hc,0.75,away,4.85,1
8t6fzQKs,Melbourne City,Western United,1,1,hc,-0.75,home,2.25,1
8t6fzQKs,Melbourne City,Western United,1,1,hc,-0.75,away,1.77,1
8t6fzQKs,Melbourne City,Western United,1,1,hc,1.00,home,1.14,1
8t6fzQKs,Melbourne City,Western United,1,1,hc,1.00,away,7.18,1
8t6fzQKs,Melbourne City,Western United,1,1,hc,-1.00,home,2.72,1
8t6fzQKs,Melbourne City,Western United,1,1,hc,-1.00,away,1.55,1
8t6fzQKs,Melbourne City,Western United,1,1,hc,1.25,home,1.13,1
8t6fzQKs,Melbourne City,Western United,1,1,hc,1.25,away,7.79,1
8t6fzQKs,Melbourne City,Western United,1,1,hc,-1.25,home,3.08,1
8t6fzQKs,Melbourne City,Western United,1,1,hc,-1.25,away,1.45,1
8t6fzQKs,Melbourne City,Western United,1,1,hc,1.50,home,1.12,1
8t6fzQKs,Melbourne City,Western United,1,1,hc,1.50,away,8.4,1
8t6fzQKs,Melbourne City,Western United,1,1,hc,-1.50,home,3.44,1
8t6fzQKs,Melbourne City,Western United,1,1,hc,-1.50,away,1.38,1
8t6fzQKs,Melbourne City,Western United,1,1,hc,1.75,home,1.07,1
8t6fzQKs,Melbourne City,Western United,1,1,hc,1.75,away,8.4,1
8t6fzQKs,Melbourne City,Western United,1,1,hc,-1.75,home,4.3,1
8t6fzQKs,Melbourne City,Western United,1,1,hc,-1.75,away,1.28,1
8t6fzQKs,Melbourne City,Western United,1,1,hc,2.00,away,8.4,1
8t6fzQKs,Melbourne City,Western United,1,1,hc,-2.00,home,6.08,1
8t6fzQKs,Melbourne City,Western United,1,1,hc,-2.00,away,1.17,1
8t6fzQKs,Melbourne City,Western United,1,1,hc,2.25,away,8.4,1
8t6fzQKs,Melbourne City,Western United,1,1,hc,-2.25,home,6.61,1
8t6fzQKs,Melbourne City,Western United,1,1,hc,-2.25,away,1.15,1
8t6fzQKs,Melbourne City,Western United,1,1,hc,2.50,away,8.4,1
8t6fzQKs,Melbourne City,Western United,1,1,hc,-2.50,home,7.14,1
8t6fzQKs,Melbourne City,Western United,1,1,hc,-2.50,away,1.14,1
8t6fzQKs,Melbourne City,Western United,1,1,hc,2.75,home,1.02,1
8t6fzQKs,Melbourne City,Western United,1,1,hc,2.75,away,8.4,1
8t6fzQKs,Melbourne City,Western United,1,1,hc,-2.75,home,9.48,1
8t6fzQKs,Melbourne City,Western United,1,1,hc,-2.75,away,1.1,1
8t6fzQKs,Melbourne City,Western United,1,1,hc,-3.00,home,13.81,1
8t6fzQKs,Melbourne City,Western United,1,1,hc,-3.00,away,1.05,1
8t6fzQKs,Melbourne City,Western United,1,1,hc,-3.25,home,14.23,1
8t6fzQKs,Melbourne City,Western United,1,1,hc,-3.25,away,1.05,1
8t6fzQKs,Melbourne City,Western United,1,1,hc,-3.50,home,14.64,1
8t6fzQKs,Melbourne City,Western United,1,1,hc,-3.50,away,1.05,1
8t6fzQKs,Melbourne City,Western United,1,1,hc,-3.75,home,14.64,1
8t6fzQKs,Melbourne City,Western United,1,1,hc,-3.75,away,1.02,1
8t6fzQKs,Melbourne City,Western United,1,1,hc,0.25,home,1.41,1
8t6fzQKs,Melbourne City,Western United,1,1,hc,0.25,away,3.35,1
8t6fzQKs,Melbourne City,Western United,1,1,hc,-0.25,home,1.75,1
8t6fzQKs,Melbourne City,Western United,1,1,hc,-0.25,away,2.31,1
8t6fzQKs,Melbourne City,Western United,1,1,dc,0,home/draw,1.34,1
8t6fzQKs,Melbourne City,Western United,1,1,dc,0,home/away,1.3,1
8t6fzQKs,Melbourne City,Western United,1,1,dc,0,draw/away,2.0,1
f9SYo5Za,Auckland FC,Melbourne Victory,0,0,1x2,0,home,2.1,1
f9SYo5Za,Auckland FC,Melbourne Victory,0,0,1x2,0,draw,3.7,1
f9SYo5Za,Auckland FC,Melbourne Victory,0,0,1x2,0,away,3.85,1
f9SYo5Za,Auckland FC,Melbourne Victory,0,0,ou,0.50,over,1.06,1
f9SYo5Za,Auckland FC,Melbourne Victory,0,0,ou,0.50,under,16.5,1
f9SYo5Za,Auckland FC,Melbourne Victory,0,0,ou,1.50,over,1.28,1
f9SYo5Za,Auckland FC,Melbourne Victory,0,0,ou,1.50,under,4.4,1
f9SYo5Za,Auckland FC,Melbourne Victory,0,0,ou,2.50,over,1.86,1
f9SYo5Za,Auckland FC,Melbourne Victory,0,0,ou,2.50,under,2.12,1
f9SYo5Za,Auckland FC,Melbourne Victory,0,0,ou,3.50,over,3.15,1
f9SYo5Za,Auckland FC,Melbourne Victory,0,0,ou,3.50,under,1.45,1
f9SYo5Za,Auckland FC,Melbourne Victory,0,0,ou,4.50,over,6.6,1
f9SYo5Za,Auckland FC,Melbourne Victory,0,0,ou,4.50,under,1.17,1
f9SYo5Za,Auckland FC,Melbourne Victory,0,0,ou,5.50,over,14.5,1
f9SYo5Za,Auckland FC,Melbourne Victory,0,0,ou,5.50,under,1.06,1
f9SYo5Za,Auckland FC,Melbourne Victory,0,0,ou,6.50,over,38.0,1
f9SYo5Za,Auckland FC,Melbourne Victory,0,0,ou,6.50,under,1.02,1
f9SYo5Za,Auckland FC,Melbourne Victory,0,0,hc,0,home,1.53,1
f9SYo5Za,Auckland FC,Melbourne Victory,0,0,hc,0,away,2.8,1
f9SYo5Za,Auckland FC,Melbourne Victory,0,0,hc,0.50,home,1.33,1
f9SYo5Za,Auckland FC,Melbourne Victory,0,0,hc,0.50,away,3.85,1
f9SYo5Za,Auckland FC,Melbourne Victory,0,0,hc,-0.50,home,2.1,1
f9SYo5Za,Auckland FC,Melbourne Victory,0,0,hc,-0.50,away,1.88,1
f9SYo5Za,Auckland FC,Melbourne Victory,0,0,hc,0.75,home,1.23,1
f9SYo5Za,Auckland FC,Melbourne Victory,0,0,hc,0.75,away,5.04,1
f9SYo5Za,Auckland FC,Melbourne Victory,0,0,hc,-0.75,home,2.43,1
f9SYo5Za,Auckland FC,Melbourne Victory,0,0,hc,-0.75,away,1.66,1
f9SYo5Za,Auckland FC,Melbourne Victory,0,0,hc,1.00,home,1.12,1
f9SYo5Za,Auckland FC,Melbourne Victory,0,0,hc,1.00,away,7.9,1
f9SYo5Za,Auckland FC,Melbourne Victory,0,0,hc,-1.00,home,3.06,1
f9SYo5Za,Auckland FC,Melbourne Victory,0,0,hc,-1.00,away,1.45,1
f9SYo5Za,Auckland FC,Melbourne Victory,0,0,hc,1.25,home,1.11,1
f9SYo5Za,Auckland FC,Melbourne Victory,0,0,hc,1.25,away,8.62,1
f9SYo5Za,Auckland FC,Melbourne Victory,0,0,hc,-1.25,home,3.5,1
f9SYo5Za,Auckland FC,Melbourne Victory,0,0,hc,-1.25,away,1.36,1
f9SYo5Za,Auckland FC,Melbourne Victory,0,0,hc,1.50,home,1.1,1
f9SYo5Za,Auckland FC,Melbourne Victory,0,0,hc,1.50,away,9.33,1
f9SYo5Za,Auckland FC,Melbourne Victory,0,0,hc,-1.50,home,3.95,1
f9SYo5Za,Auckland FC,Melbourne Victory,0,0,hc,-1.50,away,1.31,1
f9SYo5Za,Auckland FC,Melbourne Victory,0,0,hc,1.75,home,1.06,1
f9SYo5Za,Auckland FC,Melbourne Victory,0,0,hc,1.75,away,12.11,1
f9SYo5Za,Auckland FC,Melbourne Victory,0,0,hc,-1.75,home,5.17,1
f9SYo5Za,Auckland FC,Melbourne Victory,0,0,hc,-1.75,away,1.21,1
f9SYo5Za,Auckland FC,Melbourne Victory,0,0,hc,2.00,away,11.55,1
f9SYo5Za,Auckland FC,Melbourne Victory,0,0,hc,-2.00,home,8.14,1
f9SYo5Za,Auckland FC,Melbourne Victory,0,0,hc,-2.00,away,1.12,1
f9SYo5Za,Auckland FC,Melbourne Victory,0,0,hc,2.25,away,11.61,1
f9SYo5Za,Auckland FC,Melbourne Victory,0,0,hc,-2.25,home,8.54,1
f9SYo5Za,Auckland FC,Melbourne Victory,0,0,hc,-2.25,away,1.11,1
f9SYo5Za,Auckland FC,Melbourne Victory,0,0,hc,2.50,away,11.66,1
f9SYo5Za,Auckland FC,Melbourne Victory,0,0,hc,-2.50,home,9.18,1
f9SYo5Za,Auckland FC,Melbourne Victory,0,0,hc,-2.50,away,1.1,1
f9SYo5Za,Auckland FC,Melbourne Victory,0,0,hc,-2.75,home,12.11,1
f9SYo5Za,Auckland FC,Melbourne Victory,0,0,hc,-2.75,away,1.06,1
f9SYo5Za,Auckland FC,Melbourne Victory,0,0,hc,-3.00,home,9.35,1
f9SYo5Za,Auckland FC,Melbourne Victory,0,0,hc,-3.25,home,9.35,1
f9SYo5Za,Auckland FC,Melbourne Victory,0,0,hc,-3.50,home,9.35,1
f9SYo5Za,Auckland FC,Melbourne Victory,0,0,hc,0.25,home,1.41,1
f9SYo5Za,Auckland FC,Melbourne Victory,0,0,hc,0.25,away,3.32,1
f9SYo5Za,Auckland FC,Melbourne Victory,0,0,hc,-0.25,home,1.81,1
f9SYo5Za,Auckland FC,Melbourne Victory,0,0,hc,-0.25,away,2.19,1
f9SYo5Za,Auckland FC,Melbourne Victory,0,0,dc,0,home/draw,1.33,1
f9SYo5Za,Auckland FC,Melbourne Victory,0,0,dc,0,home/away,1.37,1
f9SYo5Za,Auckland FC,Melbourne Victory,0,0,dc,0,draw/away,1.89,1
MeUQmR4m,Melbourne Victory,Auckland FC,0,0,1x2,0,home,2.68,1
MeUQmR4m,Melbourne Victory,Auckland FC,0,0,1x2,0,draw,3.4,1
MeUQmR4m,Melbourne Victory,Auckland FC,0,0,1x2,0,away,2.98,1
MeUQmR4m,Melbourne Victory,Auckland FC,0,0,ou,0.50,over,1.07,1
MeUQmR4m,Melbourne Victory,Auckland FC,0,0,ou,0.50,under,13.5,1
MeUQmR4m,Melbourne Victory,Auckland FC,0,0,ou,1.50,over,1.33,1
MeUQmR4m,Melbourne Victory,Auckland FC,0,0,ou,1.50,under,3.9,1
MeUQmR4m,Melbourne Victory,Auckland FC,0,0,ou,2.50,over,2.02,1
MeUQmR4m,Melbourne Victory,Auckland FC,0,0,ou,2.50,under,1.94,1
MeUQmR4m,Melbourne Victory,Auckland FC,0,0,ou,3.50,over,3.6,1
MeUQmR4m,Melbourne Victory,Auckland FC,0,0,ou,3.50,under,1.37,1
MeUQmR4m,Melbourne Victory,Auckland FC,0,0,ou,4.50,over,7.8,1
MeUQmR4m,Melbourne Victory,Auckland FC,0,0,ou,4.50,under,1.14,1
MeUQmR4m,Melbourne Victory,Auckland FC,0,0,ou,5.50,over,19.5,1
MeUQmR4m,Melbourne Victory,Auckland FC,0,0,ou,5.50,under,1.05,1
MeUQmR4m,Melbourne Victory,Auckland FC,0,0,ou,6.50,over,50.0,1
MeUQmR4m,Melbourne Victory,Auckland FC,0,0,hc,0,home,1.87,1
MeUQmR4m,Melbourne Victory,Auckland FC,0,0,hc,0,away,2.12,1
MeUQmR4m,Melbourne Victory,Auckland FC,0,0,hc,-0.50,home,2.66,1
MeUQmR4m,Melbourne Victory,Auckland FC,0,0,hc,-0.50,away,1.59,1
MeUQmR4m,Melbourne Victory,Auckland FC,0,0,hc,0.50,home,1.49,1
MeUQmR4m,Melbourne Victory,Auckland FC,0,0,hc,0.50,away,3.0,1
MeUQmR4m,Melbourne Victory,Auckland FC,0,0,hc,-0.75,home,3.27,1
MeUQmR4m,Melbourne Victory,Auckland FC,0,0,hc,-0.75,away,1.42,1
MeUQmR4m,Melbourne Victory,Auckland FC,0,0,hc,0.75,home,1.34,1
MeUQmR4m,Melbourne Victory,Auckland FC,0,0,hc,0.75,away,3.8,1
MeUQmR4m,Melbourne Victory,Auckland FC,0,0,hc,-1.00,home,4.61,1
MeUQmR4m,Melbourne Victory,Auckland FC,0,0,hc,-1.00,away,1.25,1
MeUQmR4m,Melbourne Victory,Auckland FC,0,0,hc,1.00,home,1.19,1
MeUQmR4m,Melbourne Victory,Auckland FC,0,0,hc,1.00,away,5.66,1
MeUQmR4m,Melbourne Victory,Auckland FC,0,0,hc,-1.25,home,5.17,1
MeUQmR4m,Melbourne Victory,Auckland FC,0,0,hc,-1.25,away,1.22,1
MeUQmR4m,Melbourne Victory,Auckland FC,0,0,hc,1.25,home,1.17,1
MeUQmR4m,Melbourne Victory,Auckland FC,0,0,hc,1.25,away,6.33,1
MeUQmR4m,Melbourne Victory,Auckland FC,0,0,hc,-1.50,home,5.76,1
MeUQmR4m,Melbourne Victory,Auckland FC,0,0,hc,-1.50,away,1.19,1
MeUQmR4m,Melbourne Victory,Auckland FC,0,0,hc,1.50,home,1.15,1
MeUQmR4m,Melbourne Victory,Auckland FC,0,0,hc,1.50,away,7.0,1
MeUQmR4m,Melbourne Victory,Auckland FC,0,0,hc,-1.75,home,7.91,1
MeUQmR4m,Melbourne Victory,Auckland FC,0,0,hc,-1.75,away,1.13,1
MeUQmR4m,Melbourne Victory,Auckland FC,0,0,hc,1.75,home,1.1,1
MeUQmR4m,Melbourne Victory,Auckland FC,0,0,hc,1.75,away,9.45,1
MeUQmR4m,Melbourne Victory,Auckland FC,0,0,hc,-2.00,home,13.58,1
MeUQmR4m,Melbourne Victory,Auckland FC,0,0,hc,-2.00,away,1.06,1
MeUQmR4m,Melbourne Victory,Auckland FC,0,0,hc,2.00,home,1.05,1
MeUQmR4m,Melbourne Victory,Auckland FC,0,0,hc,2.00,away,15.21,1
MeUQmR4m,Melbourne Victory,Auckland FC,0,0,hc,-2.25,home,14.36,1
MeUQmR4m,Melbourne Victory,Auckland FC,0,0,hc,-2.25,away,1.06,1
MeUQmR4m,Melbourne Victory,Auckland FC,0,0,hc,2.25,home,1.04,1
MeUQmR4m,Melbourne Victory,Auckland FC,0,0,hc,2.25,away,15.28,1
MeUQmR4m,Melbourne Victory,Auckland FC,0,0,hc,-2.50,home,15.07,1
MeUQmR4m,Melbourne Victory,Auckland FC,0,0,hc,-2.50,away,1.05,1
MeUQmR4m,Melbourne Victory,Auckland FC,0,0,hc,2.50,home,1.04,1
MeUQmR4m,Melbourne Victory,Auckland FC,0,0,hc,2.50,away,15.82,1
MeUQmR4m,Melbourne Victory,Auckland FC,0,0,hc,-2.75,home,20.69,1
MeUQmR4m,Melbourne Victory,Auckland FC,0,0,hc,-2.75,away,1.02,1
MeUQmR4m,Melbourne Victory,Auckland FC,0,0,hc,2.75,home,1.02,1
MeUQmR4m,Melbourne Victory,Auckland FC,0,0,hc,2.75,away,15.82,1
MeUQmR4m,Melbourne Victory,Auckland FC,0,0,hc,-0.25,home,2.26,1
MeUQmR4m,Melbourne Victory,Auckland FC,0,0,hc,-0.25,away,1.77,1
MeUQmR4m,Melbourne Victory,Auckland FC,0,0,hc,0.25,home,1.63,1
MeUQmR4m,Melbourne Victory,Auckland FC,0,0,hc,0.25,away,2.56,1
MeUQmR4m,Melbourne Victory,Auckland FC,0,0,dc,0,home/draw,1.49,1
MeUQmR4m,Melbourne Victory,Auckland FC,0,0,dc,0,home/away,1.41,1
MeUQmR4m,Melbourne Victory,Auckland FC,0,0,dc,0,draw/away,1.59,1
xbFOuncK,Western United,Melbourne City,0,0,1x2,0,home,3.5,1
xbFOuncK,Western United,Melbourne City,0,0,1x2,0,draw,3.75,1
xbFOuncK,Western United,Melbourne City,0,0,1x2,0,away,2.22,1
xbFOuncK,Western United,Melbourne City,0,0,ou,0.50,over,1.05,1
xbFOuncK,Western United,Melbourne City,0,0,ou,0.50,under,18.0,1
xbFOuncK,Western United,Melbourne City,0,0,ou,1.50,over,1.25,1
xbFOuncK,Western United,Melbourne City,0,0,ou,1.50,under,4.9,1
xbFOuncK,Western United,Melbourne City,0,0,ou,2.50,over,1.77,1
xbFOuncK,Western United,Melbourne City,0,0,ou,2.50,under,2.28,1
xbFOuncK,Western United,Melbourne City,0,0,ou,3.50,over,2.92,1
xbFOuncK,Western United,Melbourne City,0,0,ou,3.50,under,1.51,1
xbFOuncK,Western United,Melbourne City,0,0,ou,4.50,over,5.6,1
xbFOuncK,Western United,Melbourne City,0,0,ou,4.50,under,1.21,1
xbFOuncK,Western United,Melbourne City,0,0,ou,5.50,over,11.5,1
xbFOuncK,Western United,Melbourne City,0,0,ou,5.50,under,1.09,1
xbFOuncK,Western United,Melbourne City,0,0,ou,6.50,over,28.0,1
xbFOuncK,Western United,Melbourne City,0,0,ou,6.50,under,1.03,1
xbFOuncK,Western United,Melbourne City,0,0,ou,7.50,over,90.0,1
xbFOuncK,Western United,Melbourne City,0,0,hc,0,home,2.56,1
xbFOuncK,Western United,Melbourne City,0,0,hc,0,away,1.62,1
xbFOuncK,Western United,Melbourne City,0,0,hc,-0.50,home,3.5,1
xbFOuncK,Western United,Melbourne City,0,0,hc,-0.50,away,1.39,1
xbFOuncK,Western United,Melbourne City,0,0,hc,0.50,home,1.8,1
xbFOuncK,Western United,Melbourne City,0,0,hc,0.50,away,2.22,1
xbFOuncK,Western United,Melbourne City,0,0,hc,-0.75,home,4.5,1
xbFOuncK,Western United,Melbourne City,0,0,hc,-0.75,away,1.27,1
xbFOuncK,Western United,Melbourne City,0,0,hc,0.75,home,1.6,1
xbFOuncK,Western United,Melbourne City,0,0,hc,0.75,away,2.61,1
xbFOuncK,Western United,Melbourne City,0,0,hc,-1.00,home,6.74,1
xbFOuncK,Western United,Melbourne City,0,0,hc,-1.00,away,1.15,1
xbFOuncK,Western United,Melbourne City,0,0,hc,1.00,home,1.4,1
xbFOuncK,Western United,Melbourne City,0,0,hc,1.00,away,3.38,1
xbFOuncK,Western United,Melbourne City,0,0,hc,-1.25,home,7.38,1
xbFOuncK,Western United,Melbourne City,0,0,hc,-1.25,away,1.14,1
xbFOuncK,Western United,Melbourne City,0,0,hc,1.25,home,1.34,1
xbFOuncK,Western United,Melbourne City,0,0,hc,1.25,away,3.83,1
xbFOuncK,Western United,Melbourne City,0,0,hc,-1.50,home,8.03,1
xbFOuncK,Western United,Melbourne City,0,0,hc,-1.50,away,1.12,1
xbFOuncK,Western United,Melbourne City,0,0,hc,1.50,home,1.29,1
xbFOuncK,Western United,Melbourne City,0,0,hc,1.50,away,4.22,1
xbFOuncK,Western United,Melbourne City,0,0,hc,-1.75,home,8.47,1
xbFOuncK,Western United,Melbourne City,0,0,hc,-1.75,away,1.08,1
xbFOuncK,Western United,Melbourne City,0,0,hc,1.75,home,1.2,1
xbFOuncK,Western United,Melbourne City,0,0,hc,1.75,away,5.56,1
xbFOuncK,Western United,Melbourne City,0,0,hc,-2.00,home,8.47,1
xbFOuncK,Western United,Melbourne City,0,0,hc,-2.00,away,1.03,1
xbFOuncK,Western United,Melbourne City,0,0,hc,2.00,home,1.11,1
xbFOuncK,Western United,Melbourne City,0,0,hc,2.00,away,8.14,1
xbFOuncK,Western United,Melbourne City,0,0,hc,-2.25,home,8.47,1
xbFOuncK,Western United,Melbourne City,0,0,hc,-2.25,away,1.03,1
xbFOuncK,Western United,Melbourne City,0,0,hc,2.25,home,1.1,1
xbFOuncK,Western United,Melbourne City,0,0,hc,2.25,away,8.69,1
xbFOuncK,Western United,Melbourne City,0,0,hc,-2.50,home,8.47,1
xbFOuncK,Western United,Melbourne City,0,0,hc,-2.50,away,1.03,1
xbFOuncK,Western United,Melbourne City,0,0,hc,2.50,home,1.1,1
xbFOuncK,Western United,Melbourne City,0,0,hc,2.50,away,9.23,1
xbFOuncK,Western United,Melbourne City,0,0,hc,-2.75,home,8.47,1
xbFOuncK,Western United,Melbourne City,0,0,hc,2.75,home,1.06,1
xbFOuncK,Western United,Melbourne City,0,0,hc,2.75,away,10.18,1
xbFOuncK,Western United,Melbourne City,0,0,hc,3.00,away,10.18,1
xbFOuncK,Western United,Melbourne City,0,0,hc,3.25,away,10.18,1
xbFOuncK,Western United,Melbourne City,0,0,hc,3.50,away,10.18,1
xbFOuncK,Western United,Melbourne City,0,0,hc,3.75,away,10.18,1
xbFOuncK,Western United,Melbourne City,0,0,hc,-0.25,home,3.03,1
xbFOuncK,Western United,Melbourne City,0,0,hc,-0.25,away,1.48,1
xbFOuncK,Western United,Melbourne City,0,0,hc,0.25,home,2.06,1
xbFOuncK,Western United,Melbourne City,0,0,hc,0.25,away,1.92,1
xbFOuncK,Western United,Melbourne City,0,0,dc,0,home/draw,1.81,1
xbFOuncK,Western United,Melbourne City,0,0,dc,0,home/away,1.35,1
xbFOuncK,Western United,Melbourne City,0,0,dc,0,draw/away,1.39,1
bJIUitNE,WS Wanderers,Melbourne Victory,1,1,1x2,0,home,2.38,1
bJIUitNE,WS Wanderers,Melbourne Victory,1,1,1x2,0,draw,4.0,1
bJIUitNE,WS Wanderers,Melbourne Victory,1,1,1x2,0,away,3.0,1
bJIUitNE,WS Wanderers,Melbourne Victory,1,1,ou,0.50,over,1.03,1
bJIUitNE,WS Wanderers,Melbourne Victory,1,1,ou,0.50,under,30.0,1
bJIUitNE,WS Wanderers,Melbourne Victory,1,1,ou,1.50,over,1.14,1
bJIUitNE,WS Wanderers,Melbourne Victory,1,1,ou,1.50,under,7.4,1
bJIUitNE,WS Wanderers,Melbourne Victory,1,1,ou,2.50,over,1.47,1
bJIUitNE,WS Wanderers,Melbourne Victory,1,1,ou,2.50,under,3.05,1
bJIUitNE,WS Wanderers,Melbourne Victory,1,1,ou,3.50,over,2.16,1
bJIUitNE,WS Wanderers,Melbourne Victory,1,1,ou,3.50,under,1.84,1
bJIUitNE,WS Wanderers,Melbourne Victory,1,1,ou,4.50,over,3.7,1
bJIUitNE,WS Wanderers,Melbourne Victory,1,1,ou,4.50,under,1.36,1
bJIUitNE,WS Wanderers,Melbourne Victory,1,1,ou,5.50,over,7.0,1
bJIUitNE,WS Wanderers,Melbourne Victory,1,1,ou,5.50,under,1.16,1
bJIUitNE,WS Wanderers,Melbourne Victory,1,1,ou,6.50,over,16.5,1
bJIUitNE,WS Wanderers,Melbourne Victory,1,1,ou,6.50,under,1.06,1
bJIUitNE,WS Wanderers,Melbourne Victory,1,1,ou,7.50,over,36.0,1
bJIUitNE,WS Wanderers,Melbourne Victory,1,1,ou,7.50,under,1.02,1
bJIUitNE,WS Wanderers,Melbourne Victory,1,1,ou,8.50,over,85.0,1
bJIUitNE,WS Wanderers,Melbourne Victory,1,1,hc,0,home,1.78,1
bJIUitNE,WS Wanderers,Melbourne Victory,1,1,hc,0,away,2.25,1
bJIUitNE,WS Wanderers,Melbourne Victory,1,1,hc,0.50,home,1.49,1
bJIUitNE,WS Wanderers,Melbourne Victory,1,1,hc,0.50,away,3.0,1
bJIUitNE,WS Wanderers,Melbourne Victory,1,1,hc,-0.50,home,2.38,1
bJIUitNE,WS Wanderers,Melbourne Victory,1,1,hc,-0.50,away,1.71,1
bJIUitNE,WS Wanderers,Melbourne Victory,1,1,hc,0.75,home,1.36,1
bJIUitNE,WS Wanderers,Melbourne Victory,1,1,hc,0.75,away,3.63,1
bJIUitNE,WS Wanderers,Melbourne Victory,1,1,hc,-0.75,home,2.77,1
bJIUitNE,WS Wanderers,Melbourne Victory,1,1,hc,-0.75,away,1.53,1
bJIUitNE,WS Wanderers,Melbourne Victory,1,1,hc,1.00,home,1.23,1
bJIUitNE,WS Wanderers,Melbourne Victory,1,1,hc,1.00,away,4.84,1
bJIUitNE,WS Wanderers,Melbourne Victory,1,1,hc,-1.00,home,3.5,1
bJIUitNE,WS Wanderers,Melbourne Victory,1,1,hc,-1.00,away,1.36,1
bJIUitNE,WS Wanderers,Melbourne Victory,1,1,hc,1.25,home,1.21,1
bJIUitNE,WS Wanderers,Melbourne Victory,1,1,hc,1.25,away,5.3,1
bJIUitNE,WS Wanderers,Melbourne Victory,1,1,hc,-1.25,home,3.9,1
bJIUitNE,WS Wanderers,Melbourne Victory,1,1,hc,-1.25,away,1.31,1
bJIUitNE,WS Wanderers,Melbourne Victory,1,1,hc,1.50,home,1.19,1
bJIUitNE,WS Wanderers,Melbourne Victory,1,1,hc,1.50,away,5.76,1
bJIUitNE,WS Wanderers,Melbourne Victory,1,1,hc,-1.50,home,4.3,1
bJIUitNE,WS Wanderers,Melbourne Victory,1,1,hc,-1.50,away,1.27,1
bJIUitNE,WS Wanderers,Melbourne Victory,1,1,hc,1.75,home,1.13,1
bJIUitNE,WS Wanderers,Melbourne Victory,1,1,hc,1.75,away,7.67,1
bJIUitNE,WS Wanderers,Melbourne Victory,1,1,hc,-1.75,home,5.31,1
bJIUitNE,WS Wanderers,Melbourne Victory,1,1,hc,-1.75,away,1.2,1
bJIUitNE,WS Wanderers,Melbourne Victory,1,1,hc,2.00,home,1.07,1
bJIUitNE,WS Wanderers,Melbourne Victory,1,1,hc,2.00,away,11.53,1
bJIUitNE,WS Wanderers,Melbourne Victory,1,1,hc,-2.00,home,7.22,1
bJIUitNE,WS Wanderers,Melbourne Victory,1,1,hc,-2.00,away,1.12,1
bJIUitNE,WS Wanderers,Melbourne Victory,1,1,hc,2.25,home,1.07,1
bJIUitNE,WS Wanderers,Melbourne Victory,1,1,hc,2.25,away,12.11,1
bJIUitNE,WS Wanderers,Melbourne Victory,1,1,hc,-2.25,home,7.66,1
bJIUitNE,WS Wanderers,Melbourne Victory,1,1,hc,-2.25,away,1.11,1
bJIUitNE,WS Wanderers,Melbourne Victory,1,1,hc,2.50,home,1.06,1
bJIUitNE,WS Wanderers,Melbourne Victory,1,1,hc,2.50,away,12.61,1
bJIUitNE,WS Wanderers,Melbourne Victory,1,1,hc,-2.50,home,8.04,1
bJIUitNE,WS Wanderers,Melbourne Victory,1,1,hc,-2.50,away,1.11,1
bJIUitNE,WS Wanderers,Melbourne Victory,1,1,hc,2.75,home,1.04,1
bJIUitNE,WS Wanderers,Melbourne Victory,1,1,hc,2.75,away,13.23,1
bJIUitNE,WS Wanderers,Melbourne Victory,1,1,hc,-2.75,home,8.98,1
bJIUitNE,WS Wanderers,Melbourne Victory,1,1,hc,-2.75,away,1.07,1
bJIUitNE,WS Wanderers,Melbourne Victory,1,1,hc,3.00,away,13.23,1
bJIUitNE,WS Wanderers,Melbourne Victory,1,1,hc,-3.00,home,8.97,1
bJIUitNE,WS Wanderers,Melbourne Victory,1,1,hc,3.25,away,13.23,1
bJIUitNE,WS Wanderers,Melbourne Victory,1,1,hc,-3.25,home,8.97,1
bJIUitNE,WS Wanderers,Melbourne Victory,1,1,hc,3.50,away,13.23,1
bJIUitNE,WS Wanderers,Melbourne Victory,1,1,hc,-3.50,home,8.97,1
bJIUitNE,WS Wanderers,Melbourne Victory,1,1,hc,-3.75,home,8.97,1
bJIUitNE,WS Wanderers,Melbourne Victory,1,1,hc,0.25,home,1.6,1
bJIUitNE,WS Wanderers,Melbourne Victory,1,1,hc,0.25,away,2.62,1
bJIUitNE,WS Wanderers,Melbourne Victory,1,1,hc,-0.25,home,2.08,1
bJIUitNE,WS Wanderers,Melbourne Victory,1,1,hc,-0.25,away,1.9,1
bJIUitNE,WS Wanderers,Melbourne Victory,1,1,dc,0,home/draw,1.49,1
bJIUitNE,WS Wanderers,Melbourne Victory,1,1,dc,0,home/away,1.32,1
bJIUitNE,WS Wanderers,Melbourne Victory,1,1,dc,0,draw/away,1.71,1
IBmYEi7D,Western United,Adelaide United,3,3,1x2,0,home,1.82,1
IBmYEi7D,Western United,Adelaide United,3,3,1x2,0,draw,4.6,1
IBmYEi7D,Western United,Adelaide United,3,3,1x2,0,away,4.1,1
IBmYEi7D,Western United,Adelaide United,3,3,ou,0.50,over,1.02,1
IBmYEi7D,Western United,Adelaide United,3,3,ou,0.50,under,26.0,1
IBmYEi7D,Western United,Adelaide United,3,3,ou,1.50,over,1.11,1
IBmYEi7D,Western United,Adelaide United,3,3,ou,1.50,under,5.9,1
IBmYEi7D,Western United,Adelaide United,3,3,ou,2.50,over,1.41,1
IBmYEi7D,Western United,Adelaide United,3,3,ou,2.50,under,3.15,1
IBmYEi7D,Western United,Adelaide United,3,3,ou,3.50,over,2.0,1
IBmYEi7D,Western United,Adelaide United,3,3,ou,3.50,under,1.89,1
IBmYEi7D,Western United,Adelaide United,3,3,ou,4.50,over,3.3,1
IBmYEi7D,Western United,Adelaide United,3,3,ou,4.50,under,1.38,1
IBmYEi7D,Western United,Adelaide United,3,3,ou,5.50,over,4.9,1
IBmYEi7D,Western United,Adelaide United,3,3,ou,5.50,under,1.12,1
IBmYEi7D,Western United,Adelaide United,3,3,ou,6.50,over,4.9,1
IBmYEi7D,Western United,Adelaide United,3,3,ou,6.50,under,1.04,1
IBmYEi7D,Western United,Adelaide United,3,3,ou,7.50,over,4.9,1
IBmYEi7D,Western United,Adelaide United,3,3,hc,0,home,1.42,1
IBmYEi7D,Western United,Adelaide United,3,3,hc,0,away,3.22,1
IBmYEi7D,Western United,Adelaide United,3,3,hc,0.50,home,1.3,1
IBmYEi7D,Western United,Adelaide United,3,3,hc,0.50,away,4.1,1
IBmYEi7D,Western United,Adelaide United,3,3,hc,-0.50,home,1.82,1
IBmYEi7D,Western United,Adelaide United,3,3,hc,-0.50,away,2.19,1
IBmYEi7D,Western United,Adelaide United,3,3,hc,0.75,home,1.21,1
IBmYEi7D,Western United,Adelaide United,3,3,hc,0.75,away,5.02,1
IBmYEi7D,Western United,Adelaide United,3,3,hc,-0.75,home,2.0,1
IBmYEi7D,Western United,Adelaide United,3,3,hc,-0.75,away,1.94,1
IBmYEi7D,Western United,Adelaide United,3,3,hc,1.00,home,1.12,1
IBmYEi7D,Western United,Adelaide United,3,3,hc,1.00,away,6.74,1
IBmYEi7D,Western United,Adelaide United,3,3,hc,-1.00,home,2.3,1
IBmYEi7D,Western United,Adelaide United,3,3,hc,-1.00,away,1.69,1
IBmYEi7D,Western United,Adelaide United,3,3,hc,1.25,home,1.11,1
IBmYEi7D,Western United,Adelaide United,3,3,hc,1.25,away,7.17,1
IBmYEi7D,Western United,Adelaide United,3,3,hc,-1.25,home,2.6,1
IBmYEi7D,Western United,Adelaide United,3,3,hc,-1.25,away,1.55,1
IBmYEi7D,Western United,Adelaide United,3,3,hc,1.50,home,1.1,1
IBmYEi7D,Western United,Adelaide United,3,3,hc,1.50,away,7.6,1
IBmYEi7D,Western United,Adelaide United,3,3,hc,-1.50,home,2.89,1
IBmYEi7D,Western United,Adelaide United,3,3,hc,-1.50,away,1.46,1
IBmYEi7D,Western United,Adelaide United,3,3,hc,1.75,home,1.06,1
IBmYEi7D,Western United,Adelaide United,3,3,hc,1.75,away,7.6,1
IBmYEi7D,Western United,Adelaide United,3,3,hc,-1.75,home,3.33,1
IBmYEi7D,Western United,Adelaide United,3,3,hc,-1.75,away,1.33,1
IBmYEi7D,Western United,Adelaide United,3,3,hc,2.00,away,7.6,1
IBmYEi7D,Western United,Adelaide United,3,3,hc,-2.00,home,3.99,1
IBmYEi7D,Western United,Adelaide United,3,3,hc,-2.00,away,1.2,1
IBmYEi7D,Western United,Adelaide United,3,3,hc,2.25,away,7.6,1
IBmYEi7D,Western United,Adelaide United,3,3,hc,-2.25,home,4.22,1
IBmYEi7D,Western United,Adelaide United,3,3,hc,-2.25,away,1.18,1
IBmYEi7D,Western United,Adelaide United,3,3,hc,2.50,away,7.6,1
IBmYEi7D,Western United,Adelaide United,3,3,hc,-2.50,home,4.42,1
IBmYEi7D,Western United,Adelaide United,3,3,hc,-2.50,away,1.16,1
IBmYEi7D,Western United,Adelaide United,3,3,hc,2.75,away,7.6,1
IBmYEi7D,Western United,Adelaide United,3,3,hc,-2.75,home,5.94,1
IBmYEi7D,Western United,Adelaide United,3,3,hc,-2.75,away,1.11,1
IBmYEi7D,Western United,Adelaide United,3,3,hc,-3.00,home,6.9,1
IBmYEi7D,Western United,Adelaide United,3,3,hc,-3.00,away,1.07,1
IBmYEi7D,Western United,Adelaide United,3,3,hc,-3.25,home,6.03,1
IBmYEi7D,Western United,Adelaide United,3,3,hc,-3.25,away,1.06,1
IBmYEi7D,Western United,Adelaide United,3,3,hc,-3.50,home,6.03,1
IBmYEi7D,Western United,Adelaide United,3,3,hc,-3.50,away,1.06,1
IBmYEi7D,Western United,Adelaide United,3,3,hc,-3.75,home,6.03,1
IBmYEi7D,Western United,Adelaide United,3,3,hc,-3.75,away,1.04,1
IBmYEi7D,Western United,Adelaide United,3,3,hc,0.25,home,1.35,1
IBmYEi7D,Western United,Adelaide United,3,3,hc,0.25,away,3.66,1
IBmYEi7D,Western United,Adelaide United,3,3,hc,-0.25,home,1.62,1
IBmYEi7D,Western United,Adelaide United,3,3,hc,-0.25,away,2.55,1
IBmYEi7D,Western United,Adelaide United,3,3,dc,0,home/draw,1.3,1
IBmYEi7D,Western United,Adelaide United,3,3,dc,0,home/away,1.27,1
IBmYEi7D,Western United,Adelaide United,3,3,dc,0,draw/away,2.18,1
4rbwSO3l,Melbourne Victory,Newcastle Jets,1,1,1x2,0,home,1.65,1
4rbwSO3l,Melbourne Victory,Newcastle Jets,1,1,1x2,0,draw,4.9,1
4rbwSO3l,Melbourne Victory,Newcastle Jets,1,1,1x2,0,away,5.2,1
4rbwSO3l,Melbourne Victory,Newcastle Jets,1,1,ou,0.50,over,1.02,1
4rbwSO3l,Melbourne Victory,Newcastle Jets,1,1,ou,0.50,under,38.0,1
4rbwSO3l,Melbourne Victory,Newcastle Jets,1,1,ou,1.50,over,1.1,1
4rbwSO3l,Melbourne Victory,Newcastle Jets,1,1,ou,1.50,under,10.0,1
4rbwSO3l,Melbourne Victory,Newcastle Jets,1,1,ou,2.50,over,1.31,1
4rbwSO3l,Melbourne Victory,Newcastle Jets,1,1,ou,2.50,under,4.0,1
4rbwSO3l,Melbourne Victory,Newcastle Jets,1,1,ou,3.50,over,1.78,1
4rbwSO3l,Melbourne Victory,Newcastle Jets,1,1,ou,3.50,under,2.24,1
4rbwSO3l,Melbourne Victory,Newcastle Jets,1,1,ou,4.50,over,2.74,1
4rbwSO3l,Melbourne Victory,Newcastle Jets,1,1,ou,4.50,under,1.55,1
4rbwSO3l,Melbourne Victory,Newcastle Jets,1,1,ou,5.50,over,4.9,1
4rbwSO3l,Melbourne Victory,Newcastle Jets,1,1,ou,5.50,under,1.25,1
4rbwSO3l,Melbourne Victory,Newcastle Jets,1,1,ou,6.50,over,9.6,1
4rbwSO3l,Melbourne Victory,Newcastle Jets,1,1,ou,6.50,under,1.1,1
4rbwSO3l,Melbourne Victory,Newcastle Jets,1,1,ou,7.50,over,21.0,1
4rbwSO3l,Melbourne Victory,Newcastle Jets,1,1,ou,7.50,under,1.04,1
4rbwSO3l,Melbourne Victory,Newcastle Jets,1,1,ou,8.50,over,46.0,1
4rbwSO3l,Melbourne Victory,Newcastle Jets,1,1,hc,0,home,1.3,1
4rbwSO3l,Melbourne Victory,Newcastle Jets,1,1,hc,0,away,4.15,1
4rbwSO3l,Melbourne Victory,Newcastle Jets,1,1,hc,0.50,home,1.23,1
4rbwSO3l,Melbourne Victory,Newcastle Jets,1,1,hc,0.50,away,5.2,1
4rbwSO3l,Melbourne Victory,Newcastle Jets,1,1,hc,-0.50,home,1.64,1
4rbwSO3l,Melbourne Victory,Newcastle Jets,1,1,hc,-0.50,away,2.53,1
4rbwSO3l,Melbourne Victory,Newcastle Jets,1,1,hc,0.75,home,1.16,1
4rbwSO3l,Melbourne Victory,Newcastle Jets,1,1,hc,0.75,away,6.7,1
4rbwSO3l,Melbourne Victory,Newcastle Jets,1,1,hc,-0.75,home,1.77,1
4rbwSO3l,Melbourne Victory,Newcastle Jets,1,1,hc,-0.75,away,2.25,1
4rbwSO3l,Melbourne Victory,Newcastle Jets,1,1,hc,1.00,home,1.1,1
4rbwSO3l,Melbourne Victory,Newcastle Jets,1,1,hc,1.00,away,9.75,1
4rbwSO3l,Melbourne Victory,Newcastle Jets,1,1,hc,-1.00,home,1.98,1
4rbwSO3l,Melbourne Victory,Newcastle Jets,1,1,hc,-1.00,away,1.97,1
4rbwSO3l,Melbourne Victory,Newcastle Jets,1,1,hc,1.25,home,1.09,1
4rbwSO3l,Melbourne Victory,Newcastle Jets,1,1,hc,1.25,away,10.29,1
4rbwSO3l,Melbourne Victory,Newcastle Jets,1,1,hc,-1.25,home,2.23,1
4rbwSO3l,Melbourne Victory,Newcastle Jets,1,1,hc,-1.25,away,1.76,1
4rbwSO3l,Melbourne Victory,Newcastle Jets,1,1,hc,1.50,home,1.09,1
4rbwSO3l,Melbourne Victory,Newcastle Jets,1,1,hc,1.50,away,10.83,1
4rbwSO3l,Melbourne Victory,Newcastle Jets,1,1,hc,-1.50,home,2.48,1
4rbwSO3l,Melbourne Victory,Newcastle Jets,1,1,hc,-1.50,away,1.62,1
4rbwSO3l,Melbourne Victory,Newcastle Jets,1,1,hc,1.75,home,1.06,1
4rbwSO3l,Melbourne Victory,Newcastle Jets,1,1,hc,1.75,away,11.0,1
4rbwSO3l,Melbourne Victory,Newcastle Jets,1,1,hc,-1.75,home,2.86,1
4rbwSO3l,Melbourne Victory,Newcastle Jets,1,1,hc,-1.75,away,1.49,1
4rbwSO3l,Melbourne Victory,Newcastle Jets,1,1,hc,2.00,home,1.02,1
4rbwSO3l,Melbourne Victory,Newcastle Jets,1,1,hc,2.00,away,10.83,1
4rbwSO3l,Melbourne Victory,Newcastle Jets,1,1,hc,-2.00,home,3.5,1
4rbwSO3l,Melbourne Victory,Newcastle Jets,1,1,hc,-2.00,away,1.36,1
4rbwSO3l,Melbourne Victory,Newcastle Jets,1,1,hc,2.25,home,1.02,1
4rbwSO3l,Melbourne Victory,Newcastle Jets,1,1,hc,2.25,away,10.83,1
4rbwSO3l,Melbourne Victory,Newcastle Jets,1,1,hc,-2.25,home,3.77,1
4rbwSO3l,Melbourne Victory,Newcastle Jets,1,1,hc,-2.25,away,1.32,1
4rbwSO3l,Melbourne Victory,Newcastle Jets,1,1,hc,2.50,home,1.02,1
4rbwSO3l,Melbourne Victory,Newcastle Jets,1,1,hc,2.50,away,10.83,1
4rbwSO3l,Melbourne Victory,Newcastle Jets,1,1,hc,-2.50,home,4.04,1
4rbwSO3l,Melbourne Victory,Newcastle Jets,1,1,hc,-2.50,away,1.29,1
4rbwSO3l,Melbourne Victory,Newcastle Jets,1,1,hc,2.75,away,10.83,1
4rbwSO3l,Melbourne Victory,Newcastle Jets,1,1,hc,-2.75,home,5.02,1
4rbwSO3l,Melbourne Victory,Newcastle Jets,1,1,hc,-2.75,away,1.21,1
4rbwSO3l,Melbourne Victory,Newcastle Jets,1,1,hc,-3.00,home,6.8,1
4rbwSO3l,Melbourne Victory,Newcastle Jets,1,1,hc,-3.00,away,1.13,1
4rbwSO3l,Melbourne Victory,Newcastle Jets,1,1,hc,-3.25,home,7.23,1
4rbwSO3l,Melbourne Victory,Newcastle Jets,1,1,hc,-3.25,away,1.12,1
4rbwSO3l,Melbourne Victory,Newcastle Jets,1,1,hc,-3.50,home,7.43,1
4rbwSO3l,Melbourne Victory,Newcastle Jets,1,1,hc,-3.50,away,1.11,1
4rbwSO3l,Melbourne Victory,Newcastle Jets,1,1,hc,-3.75,home,8.8,1
4rbwSO3l,Melbourne Victory,Newcastle Jets,1,1,hc,-3.75,away,1.08,1
4rbwSO3l,Melbourne Victory,Newcastle Jets,1,1,hc,-4.00,home,8.79,1
4rbwSO3l,Melbourne Victory,Newcastle Jets,1,1,hc,-4.00,away,1.05,1
4rbwSO3l,Melbourne Victory,Newcastle Jets,1,1,hc,0.25,home,1.26,1
4rbwSO3l,Melbourne Victory,Newcastle Jets,1,1,hc,0.25,away,4.67,1
4rbwSO3l,Melbourne Victory,Newcastle Jets,1,1,hc,-0.25,home,1.47,1
4rbwSO3l,Melbourne Victory,Newcastle Jets,1,1,hc,-0.25,away,3.06,1
4rbwSO3l,Melbourne Victory,Newcastle Jets,1,1,dc,0,home/draw,1.23,1
4rbwSO3l,Melbourne Victory,Newcastle Jets,1,1,dc,0,home/away,1.25,1
4rbwSO3l,Melbourne Victory,Newcastle Jets,1,1,dc,0,draw/away,2.52,1
nRupsXPi,Wellington Phoenix,Perth Glory,0,0,1x2,0,home,2.28,1
nRupsXPi,Wellington Phoenix,Perth Glory,0,0,1x2,0,draw,4.0,1
nRupsXPi,Wellington Phoenix,Perth Glory,0,0,1x2,0,away,3.1,1
nRupsXPi,Wellington Phoenix,Perth Glory,0,0,ou,0.50,over,1.03,1
nRupsXPi,Wellington Phoenix,Perth Glory,0,0,ou,0.50,under,25.0,1
nRupsXPi,Wellington Phoenix,Perth Glory,0,0,ou,1.50,over,1.17,1
nRupsXPi,Wellington Phoenix,Perth Glory,0,0,ou,1.50,under,6.4,1
nRupsXPi,Wellington Phoenix,Perth Glory,0,0,ou,2.50,over,1.5,1
nRupsXPi,Wellington Phoenix,Perth Glory,0,0,ou,2.50,under,2.92,1
nRupsXPi,Wellington Phoenix,Perth Glory,0,0,ou,3.50,over,2.28,1
nRupsXPi,Wellington Phoenix,Perth Glory,0,0,ou,3.50,under,1.77,1
nRupsXPi,Wellington Phoenix,Perth Glory,0,0,ou,4.50,over,4.0,1
nRupsXPi,Wellington Phoenix,Perth Glory,0,0,ou,4.50,under,1.32,1
nRupsXPi,Wellington Phoenix,Perth Glory,0,0,ou,5.50,over,7.8,1
nRupsXPi,Wellington Phoenix,Perth Glory,0,0,ou,5.50,under,1.14,1
nRupsXPi,Wellington Phoenix,Perth Glory,0,0,ou,6.50,over,17.5,1
nRupsXPi,Wellington Phoenix,Perth Glory,0,0,ou,6.50,under,1.05,1
nRupsXPi,Wellington Phoenix,Perth Glory,0,0,ou,7.50,over,40.0,1
nRupsXPi,Wellington Phoenix,Perth Glory,0,0,ou,7.50,under,1.02,1
nRupsXPi,Wellington Phoenix,Perth Glory,0,0,hc,0,home,1.71,1
nRupsXPi,Wellington Phoenix,Perth Glory,0,0,hc,0,away,2.36,1
nRupsXPi,Wellington Phoenix,Perth Glory,0,0,hc,0.50,home,1.45,1
nRupsXPi,Wellington Phoenix,Perth Glory,0,0,hc,0.50,away,3.13,1
nRupsXPi,Wellington Phoenix,Perth Glory,0,0,hc,-0.50,home,2.28,1
nRupsXPi,Wellington Phoenix,Perth Glory,0,0,hc,-0.50,away,1.76,1
nRupsXPi,Wellington Phoenix,Perth Glory,0,0,hc,0.75,home,1.33,1
nRupsXPi,Wellington Phoenix,Perth Glory,0,0,hc,0.75,away,3.86,1
nRupsXPi,Wellington Phoenix,Perth Glory,0,0,hc,-0.75,home,2.64,1
nRupsXPi,Wellington Phoenix,Perth Glory,0,0,hc,-0.75,away,1.58,1
nRupsXPi,Wellington Phoenix,Perth Glory,0,0,hc,1.00,home,1.22,1
nRupsXPi,Wellington Phoenix,Perth Glory,0,0,hc,1.00,away,5.26,1
nRupsXPi,Wellington Phoenix,Perth Glory,0,0,hc,-1.00,home,3.3,1
nRupsXPi,Wellington Phoenix,Perth Glory,0,0,hc,-1.00,away,1.4,1
nRupsXPi,Wellington Phoenix,Perth Glory,0,0,hc,1.25,home,1.19,1
nRupsXPi,Wellington Phoenix,Perth Glory,0,0,hc,1.25,away,5.76,1
nRupsXPi,Wellington Phoenix,Perth Glory,0,0,hc,-1.25,home,3.7,1
nRupsXPi,Wellington Phoenix,Perth Glory,0,0,hc,-1.25,away,1.34,1
nRupsXPi,Wellington Phoenix,Perth Glory,0,0,hc,1.50,home,1.17,1
nRupsXPi,Wellington Phoenix,Perth Glory,0,0,hc,1.50,away,6.26,1
nRupsXPi,Wellington Phoenix,Perth Glory,0,0,hc,-1.50,home,4.1,1
nRupsXPi,Wellington Phoenix,Perth Glory,0,0,hc,-1.50,away,1.29,1
nRupsXPi,Wellington Phoenix,Perth Glory,0,0,hc,1.75,home,1.12,1
nRupsXPi,Wellington Phoenix,Perth Glory,0,0,hc,1.75,away,8.61,1
nRupsXPi,Wellington Phoenix,Perth Glory,0,0,hc,-1.75,home,5.21,1
nRupsXPi,Wellington Phoenix,Perth Glory,0,0,hc,-1.75,away,1.21,1
nRupsXPi,Wellington Phoenix,Perth Glory,0,0,hc,2.00,home,1.07,1
nRupsXPi,Wellington Phoenix,Perth Glory,0,0,hc,2.00,away,13.02,1
nRupsXPi,Wellington Phoenix,Perth Glory,0,0,hc,-2.00,home,7.17,1
nRupsXPi,Wellington Phoenix,Perth Glory,0,0,hc,-2.00,away,1.13,1
nRupsXPi,Wellington Phoenix,Perth Glory,0,0,hc,2.25,home,1.06,1
nRupsXPi,Wellington Phoenix,Perth Glory,0,0,hc,2.25,away,13.51,1
nRupsXPi,Wellington Phoenix,Perth Glory,0,0,hc,-2.25,home,6.56,1
nRupsXPi,Wellington Phoenix,Perth Glory,0,0,hc,-2.25,away,1.12,1
nRupsXPi,Wellington Phoenix,Perth Glory,0,0,hc,2.50,home,1.06,1
nRupsXPi,Wellington Phoenix,Perth Glory,0,0,hc,2.50,away,14.1,1
nRupsXPi,Wellington Phoenix,Perth Glory,0,0,hc,-2.50,home,6.88,1
nRupsXPi,Wellington Phoenix,Perth Glory,0,0,hc,-2.50,away,1.11,1
nRupsXPi,Wellington Phoenix,Perth Glory,0,0,hc,2.75,home,1.03,1
nRupsXPi,Wellington Phoenix,Perth Glory,0,0,hc,2.75,away,14.1,1
nRupsXPi,Wellington Phoenix,Perth Glory,0,0,hc,-2.75,home,8.89,1
nRupsXPi,Wellington Phoenix,Perth Glory,0,0,hc,-2.75,away,1.08,1
nRupsXPi,Wellington Phoenix,Perth Glory,0,0,hc,-3.00,home,8.88,1
nRupsXPi,Wellington Phoenix,Perth Glory,0,0,hc,-3.00,away,1.02,1
nRupsXPi,Wellington Phoenix,Perth Glory,0,0,hc,-3.25,home,8.88,1
nRupsXPi,Wellington Phoenix,Perth Glory,0,0,hc,-3.25,away,1.02,1
nRupsXPi,Wellington Phoenix,Perth Glory,0,0,hc,-3.50,home,8.88,1
nRupsXPi,Wellington Phoenix,Perth Glory,0,0,hc,-3.50,away,1.02,1
nRupsXPi,Wellington Phoenix,Perth Glory,0,0,hc,-3.75,home,8.88,1
nRupsXPi,Wellington Phoenix,Perth Glory,0,0,hc,0.25,home,1.55,1
nRupsXPi,Wellington Phoenix,Perth Glory,0,0,hc,0.25,away,2.75,1
nRupsXPi,Wellington Phoenix,Perth Glory,0,0,hc,-0.25,home,1.99,1
nRupsXPi,Wellington Phoenix,Perth Glory,0,0,hc,-0.25,away,1.98,1
nRupsXPi,Wellington Phoenix,Perth Glory,0,0,dc,0,home/draw,1.45,1
nRupsXPi,Wellington Phoenix,Perth Glory,0,0,dc,0,home/away,1.32,1
nRupsXPi,Wellington Phoenix,Perth Glory,0,0,dc,0,draw/away,1.76,1
nRH6XptR,Macarthur FC,WS Wanderers,1,1,1x2,0,home,3.7,1
nRH6XptR,Macarthur FC,WS Wanderers,1,1,1x2,0,draw,4.6,1
nRH6XptR,Macarthur FC,WS Wanderers,1,1,1x2,0,away,1.93,1
nRH6XptR,Macarthur FC,WS Wanderers,1,1,ou,0.50,over,1.02,1
nRH6XptR,Macarthur FC,WS Wanderers,1,1,ou,0.50,under,46.0,1
nRH6XptR,Macarthur FC,WS Wanderers,1,1,ou,1.50,over,1.1,1
nRH6XptR,Macarthur FC,WS Wanderers,1,1,ou,1.50,under,10.0,1
nRH6XptR,Macarthur FC,WS Wanderers,1,1,ou,2.50,over,1.32,1
nRH6XptR,Macarthur FC,WS Wanderers,1,1,ou,2.50,under,4.0,1
nRH6XptR,Macarthur FC,WS Wanderers,1,1,ou,3.50,over,1.79,1
nRH6XptR,Macarthur FC,WS Wanderers,1,1,ou,3.50,under,2.22,1
nRH6XptR,Macarthur FC,WS Wanderers,1,1,ou,4.50,over,2.82,1
nRH6XptR,Macarthur FC,WS Wanderers,1,1,ou,4.50,under,1.54,1
nRH6XptR,Macarthur FC,WS Wanderers,1,1,ou,5.50,over,4.9,1
nRH6XptR,Macarthur FC,WS Wanderers,1,1,ou,5.50,under,1.24,1
nRH6XptR,Macarthur FC,WS Wanderers,1,1,ou,6.50,over,9.8,1
nRH6XptR,Macarthur FC,WS Wanderers,1,1,ou,6.50,under,1.1,1
nRH6XptR,Macarthur FC,WS Wanderers,1,1,ou,7.50,over,22.0,1
nRH6XptR,Macarthur FC,WS Wanderers,1,1,ou,7.50,under,1.04,1
nRH6XptR,Macarthur FC,WS Wanderers,1,1,ou,8.50,over,42.0,1
nRH6XptR,Macarthur FC,WS Wanderers,1,1,hc,0,home,2.87,1
nRH6XptR,Macarthur FC,WS Wanderers,1,1,hc,0,away,1.52,1
nRH6XptR,Macarthur FC,WS Wanderers,1,1,hc,0.50,home,2.05,1
nRH6XptR,Macarthur FC,WS Wanderers,1,1,hc,0.50,away,1.94,1
nRH6XptR,Macarthur FC,WS Wanderers,1,1,hc,-0.50,home,3.65,1
nRH6XptR,Macarthur FC,WS Wanderers,1,1,hc,-0.50,away,1.37,1
nRH6XptR,Macarthur FC,WS Wanderers,1,1,hc,0.75,home,1.84,1
nRH6XptR,Macarthur FC,WS Wanderers,1,1,hc,0.75,away,2.15,1
nRH6XptR,Macarthur FC,WS Wanderers,1,1,hc,-0.75,home,4.37,1
nRH6XptR,Macarthur FC,WS Wanderers,1,1,hc,-0.75,away,1.26,1
nRH6XptR,Macarthur FC,WS Wanderers,1,1,hc,1.00,home,1.61,1
nRH6XptR,Macarthur FC,WS Wanderers,1,1,hc,1.00,away,2.42,1
nRH6XptR,Macarthur FC,WS Wanderers,1,1,hc,-1.00,home,5.54,1
nRH6XptR,Macarthur FC,WS Wanderers,1,1,hc,-1.00,away,1.16,1
nRH6XptR,Macarthur FC,WS Wanderers,1,1,hc,1.25,home,1.5,1
nRH6XptR,Macarthur FC,WS Wanderers,1,1,hc,1.25,away,2.68,1
nRH6XptR,Macarthur FC,WS Wanderers,1,1,hc,-1.25,home,5.79,1
nRH6XptR,Macarthur FC,WS Wanderers,1,1,hc,-1.25,away,1.15,1
nRH6XptR,Macarthur FC,WS Wanderers,1,1,hc,1.50,home,1.42,1
nRH6XptR,Macarthur FC,WS Wanderers,1,1,hc,1.50,away,2.94,1
nRH6XptR,Macarthur FC,WS Wanderers,1,1,hc,-1.50,home,6.14,1
nRH6XptR,Macarthur FC,WS Wanderers,1,1,hc,-1.50,away,1.14,1
nRH6XptR,Macarthur FC,WS Wanderers,1,1,hc,1.75,home,1.3,1
nRH6XptR,Macarthur FC,WS Wanderers,1,1,hc,1.75,away,3.52,1
nRH6XptR,Macarthur FC,WS Wanderers,1,1,hc,-1.75,home,8.2,1
nRH6XptR,Macarthur FC,WS Wanderers,1,1,hc,-1.75,away,1.08,1
nRH6XptR,Macarthur FC,WS Wanderers,1,1,hc,2.00,home,1.17,1
nRH6XptR,Macarthur FC,WS Wanderers,1,1,hc,2.00,away,4.54,1
nRH6XptR,Macarthur FC,WS Wanderers,1,1,hc,-2.00,home,10.5,1
nRH6XptR,Macarthur FC,WS Wanderers,1,1,hc,-2.00,away,1.02,1
nRH6XptR,Macarthur FC,WS Wanderers,1,1,hc,2.25,home,1.15,1
nRH6XptR,Macarthur FC,WS Wanderers,1,1,hc,2.25,away,4.92,1
nRH6XptR,Macarthur FC,WS Wanderers,1,1,hc,-2.25,home,9.41,1
nRH6XptR,Macarthur FC,WS Wanderers,1,1,hc,-2.25,away,1.02,1
nRH6XptR,Macarthur FC,WS Wanderers,1,1,hc,2.50,home,1.14,1
nRH6XptR,Macarthur FC,WS Wanderers,1,1,hc,2.50,away,5.18,1
nRH6XptR,Macarthur FC,WS Wanderers,1,1,hc,-2.50,home,9.5,1
nRH6XptR,Macarthur FC,WS Wanderers,1,1,hc,-2.50,away,1.02,1
nRH6XptR,Macarthur FC,WS Wanderers,1,1,hc,2.75,home,1.09,1
nRH6XptR,Macarthur FC,WS Wanderers,1,1,hc,2.75,away,6.93,1
nRH6XptR,Macarthur FC,WS Wanderers,1,1,hc,-2.75,home,9.5,1
nRH6XptR,Macarthur FC,WS Wanderers,1,1,hc,3.00,home,1.05,1
nRH6XptR,Macarthur FC,WS Wanderers,1,1,hc,3.00,away,9.73,1
nRH6XptR,Macarthur FC,WS Wanderers,1,1,hc,3.25,home,1.04,1
nRH6XptR,Macarthur FC,WS Wanderers,1,1,hc,3.25,away,9.8,1
nRH6XptR,Macarthur FC,WS Wanderers,1,1,hc,3.50,home,1.04,1
nRH6XptR,Macarthur FC,WS Wanderers,1,1,hc,3.50,away,9.91,1
nRH6XptR,Macarthur FC,WS Wanderers,1,1,hc,3.75,home,1.02,1
nRH6XptR,Macarthur FC,WS Wanderers,1,1,hc,3.75,away,11.0,1
nRH6XptR,Macarthur FC,WS Wanderers,1,1,hc,0.25,home,2.34,1
nRH6XptR,Macarthur FC,WS Wanderers,1,1,hc,0.25,away,1.73,1
nRH6XptR,Macarthur FC,WS Wanderers,1,1,hc,-0.25,home,3.26,1
nRH6XptR,Macarthur FC,WS Wanderers,1,1,hc,-0.25,away,1.43,1
nRH6XptR,Macarthur FC,WS Wanderers,1,1,dc,0,home/draw,2.04,1
nRH6XptR,Macarthur FC,WS Wanderers,1,1,dc,0,home/away,1.27,1
nRH6XptR,Macarthur FC,WS Wanderers,1,1,dc,0,draw/away,1.37,1
KvvhuBf4,Western United,Auckland FC,4,4,1x2,0,home,2.46,1
KvvhuBf4,Western United,Auckland FC,4,4,1x2,0,draw,3.65,1
KvvhuBf4,Western United,Auckland FC,4,4,1x2,0,away,3.1,1
KvvhuBf4,Western United,Auckland FC,4,4,ou,0.50,over,1.06,1
KvvhuBf4,Western United,Auckland FC,4,4,ou,0.50,under,15.5,1
KvvhuBf4,Western United,Auckland FC,4,4,ou,1.50,over,1.27,1
KvvhuBf4,Western United,Auckland FC,4,4,ou,1.50,under,4.5,1
KvvhuBf4,Western United,Auckland FC,4,4,ou,2.50,over,1.86,1
KvvhuBf4,Western United,Auckland FC,4,4,ou,2.50,under,2.12,1
KvvhuBf4,Western United,Auckland FC,4,4,ou,3.50,over,3.15,1
KvvhuBf4,Western United,Auckland FC,4,4,ou,3.50,under,1.44,1
KvvhuBf4,Western United,Auckland FC,4,4,ou,4.50,over,6.4,1
KvvhuBf4,Western United,Auckland FC,4,4,ou,4.50,under,1.18,1
KvvhuBf4,Western United,Auckland FC,4,4,ou,5.50,over,14.5,1
KvvhuBf4,Western United,Auckland FC,4,4,ou,5.50,under,1.07,1
KvvhuBf4,Western United,Auckland FC,4,4,ou,6.50,over,34.0,1
KvvhuBf4,Western United,Auckland FC,4,4,ou,6.50,under,1.02,1
KvvhuBf4,Western United,Auckland FC,4,4,ou,7.50,over,60.0,1
KvvhuBf4,Western United,Auckland FC,4,4,hc,0,home,1.77,1
KvvhuBf4,Western United,Auckland FC,4,4,hc,0,away,2.26,1
KvvhuBf4,Western United,Auckland FC,4,4,hc,0.50,home,1.46,1
KvvhuBf4,Western United,Auckland FC,4,4,hc,0.50,away,3.1,1
KvvhuBf4,Western United,Auckland FC,4,4,hc,-0.50,home,2.42,1
KvvhuBf4,Western United,Auckland FC,4,4,hc,-0.50,away,1.68,1
KvvhuBf4,Western United,Auckland FC,4,4,hc,0.75,home,1.32,1
KvvhuBf4,Western United,Auckland FC,4,4,hc,0.75,away,3.93,1
KvvhuBf4,Western United,Auckland FC,4,4,hc,-0.75,home,2.89,1
KvvhuBf4,Western United,Auckland FC,4,4,hc,-0.75,away,1.5,1
KvvhuBf4,Western United,Auckland FC,4,4,hc,1.00,home,1.19,1
KvvhuBf4,Western United,Auckland FC,4,4,hc,1.00,away,5.87,1
KvvhuBf4,Western United,Auckland FC,4,4,hc,-1.00,home,3.82,1
KvvhuBf4,Western United,Auckland FC,4,4,hc,-1.00,away,1.31,1
KvvhuBf4,Western United,Auckland FC,4,4,hc,1.25,home,1.16,1
KvvhuBf4,Western United,Auckland FC,4,4,hc,1.25,away,6.53,1
KvvhuBf4,Western United,Auckland FC,4,4,hc,-1.25,home,4.31,1
KvvhuBf4,Western United,Auckland FC,4,4,hc,-1.25,away,1.27,1
KvvhuBf4,Western United,Auckland FC,4,4,hc,1.50,home,1.15,1
KvvhuBf4,Western United,Auckland FC,4,4,hc,1.50,away,7.2,1
KvvhuBf4,Western United,Auckland FC,4,4,hc,-1.50,home,4.8,1
KvvhuBf4,Western United,Auckland FC,4,4,hc,-1.50,away,1.23,1
KvvhuBf4,Western United,Auckland FC,4,4,hc,1.75,home,1.09,1
KvvhuBf4,Western United,Auckland FC,4,4,hc,1.75,away,9.64,1
KvvhuBf4,Western United,Auckland FC,4,4,hc,-1.75,home,5.83,1
KvvhuBf4,Western United,Auckland FC,4,4,hc,-1.75,away,1.15,1
KvvhuBf4,Western United,Auckland FC,4,4,hc,2.00,home,1.04,1
KvvhuBf4,Western United,Auckland FC,4,4,hc,2.00,away,12.25,1
KvvhuBf4,Western United,Auckland FC,4,4,hc,-2.00,home,7.54,1
KvvhuBf4,Western United,Auckland FC,4,4,hc,-2.00,away,1.08,1
KvvhuBf4,Western United,Auckland FC,4,4,hc,2.25,home,1.03,1
KvvhuBf4,Western United,Auckland FC,4,4,hc,2.25,away,12.59,1
KvvhuBf4,Western United,Auckland FC,4,4,hc,-2.25,home,7.91,1
KvvhuBf4,Western United,Auckland FC,4,4,hc,-2.25,away,1.08,1
KvvhuBf4,Western United,Auckland FC,4,4,hc,2.50,home,1.03,1
KvvhuBf4,Western United,Auckland FC,4,4,hc,2.50,away,12.92,1
KvvhuBf4,Western United,Auckland FC,4,4,hc,-2.50,home,7.77,1
KvvhuBf4,Western United,Auckland FC,4,4,hc,-2.50,away,1.07,1
KvvhuBf4,Western United,Auckland FC,4,4,hc,2.75,away,12.92,1
KvvhuBf4,Western United,Auckland FC,4,4,hc,-2.75,home,9.56,1
KvvhuBf4,Western United,Auckland FC,4,4,hc,-2.75,away,1.05,1
KvvhuBf4,Western United,Auckland FC,4,4,hc,-3.00,home,9.56,1
KvvhuBf4,Western United,Auckland FC,4,4,hc,-3.25,home,9.56,1
KvvhuBf4,Western United,Auckland FC,4,4,hc,-3.50,home,9.56,1
KvvhuBf4,Western United,Auckland FC,4,4,hc,-3.75,home,9.56,1
KvvhuBf4,Western United,Auckland FC,4,4,hc,0.25,home,1.57,1
KvvhuBf4,Western United,Auckland FC,4,4,hc,0.25,away,2.68,1
KvvhuBf4,Western United,Auckland FC,4,4,hc,-0.25,home,2.09,1
KvvhuBf4,Western United,Auckland FC,4,4,hc,-0.25,away,1.88,1
KvvhuBf4,Western United,Auckland FC,4,4,dc,0,home/draw,1.46,1
KvvhuBf4,Western United,Auckland FC,4,4,dc,0,home/away,1.37,1
KvvhuBf4,Western United,Auckland FC,4,4,dc,0,draw/away,1.67,1
v1EbZ6BE,Melbourne City,Sydney FC,5,5,1x2,0,home,1.85,1
v1EbZ6BE,Melbourne City,Sydney FC,5,5,1x2,0,draw,4.2,1
v1EbZ6BE,Melbourne City,Sydney FC,5,5,1x2,0,away,4.4,1
v1EbZ6BE,Melbourne City,Sydney FC,5,5,ou,0.50,over,1.03,1
v1EbZ6BE,Melbourne City,Sydney FC,5,5,ou,0.50,under,26.0,1
v1EbZ6BE,Melbourne City,Sydney FC,5,5,ou,1.50,over,1.18,1
v1EbZ6BE,Melbourne City,Sydney FC,5,5,ou,1.50,under,6.0,1
v1EbZ6BE,Melbourne City,Sydney FC,5,5,ou,2.50,over,1.6,1
v1EbZ6BE,Melbourne City,Sydney FC,5,5,ou,2.50,under,2.58,1
v1EbZ6BE,Melbourne City,Sydney FC,5,5,ou,3.50,over,2.48,1
v1EbZ6BE,Melbourne City,Sydney FC,5,5,ou,3.50,under,1.65,1
v1EbZ6BE,Melbourne City,Sydney FC,5,5,ou,4.50,over,4.5,1
v1EbZ6BE,Melbourne City,Sydney FC,5,5,ou,4.50,under,1.27,1
v1EbZ6BE,Melbourne City,Sydney FC,5,5,ou,5.50,over,9.4,1
v1EbZ6BE,Melbourne City,Sydney FC,5,5,ou,5.50,under,1.11,1
v1EbZ6BE,Melbourne City,Sydney FC,5,5,ou,6.50,over,23.0,1
v1EbZ6BE,Melbourne City,Sydney FC,5,5,ou,6.50,under,1.04,1
v1EbZ6BE,Melbourne City,Sydney FC,5,5,ou,7.50,over,50.0,1
v1EbZ6BE,Melbourne City,Sydney FC,5,5,hc,0,home,1.41,1
v1EbZ6BE,Melbourne City,Sydney FC,5,5,hc,0,away,3.36,1
v1EbZ6BE,Melbourne City,Sydney FC,5,5,hc,0.50,home,1.28,1
v1EbZ6BE,Melbourne City,Sydney FC,5,5,hc,0.50,away,4.4,1
v1EbZ6BE,Melbourne City,Sydney FC,5,5,hc,-0.50,home,1.85,1
v1EbZ6BE,Melbourne City,Sydney FC,5,5,hc,-0.50,away,2.16,1
v1EbZ6BE,Melbourne City,Sydney FC,5,5,hc,0.75,home,1.19,1
v1EbZ6BE,Melbourne City,Sydney FC,5,5,hc,0.75,away,5.79,1
v1EbZ6BE,Melbourne City,Sydney FC,5,5,hc,-0.75,home,2.07,1
v1EbZ6BE,Melbourne City,Sydney FC,5,5,hc,-0.75,away,1.9,1
v1EbZ6BE,Melbourne City,Sydney FC,5,5,hc,1.00,home,1.1,1
v1EbZ6BE,Melbourne City,Sydney FC,5,5,hc,1.00,away,8.8,1
v1EbZ6BE,Melbourne City,Sydney FC,5,5,hc,-1.00,home,2.44,1
v1EbZ6BE,Melbourne City,Sydney FC,5,5,hc,-1.00,away,1.64,1
v1EbZ6BE,Melbourne City,Sydney FC,5,5,hc,1.25,home,1.1,1
v1EbZ6BE,Melbourne City,Sydney FC,5,5,hc,1.25,away,9.44,1
v1EbZ6BE,Melbourne City,Sydney FC,5,5,hc,-1.25,home,2.79,1
v1EbZ6BE,Melbourne City,Sydney FC,5,5,hc,-1.25,away,1.51,1
v1EbZ6BE,Melbourne City,Sydney FC,5,5,hc,1.50,home,1.09,1
v1EbZ6BE,Melbourne City,Sydney FC,5,5,hc,1.50,away,10.09,1
v1EbZ6BE,Melbourne City,Sydney FC,5,5,hc,-1.50,home,3.15,1
v1EbZ6BE,Melbourne City,Sydney FC,5,5,hc,-1.50,away,1.42,1
v1EbZ6BE,Melbourne City,Sydney FC,5,5,hc,1.75,home,1.06,1
v1EbZ6BE,Melbourne City,Sydney FC,5,5,hc,1.75,away,11.29,1
v1EbZ6BE,Melbourne City,Sydney FC,5,5,hc,-1.75,home,3.7,1
v1EbZ6BE,Melbourne City,Sydney FC,5,5,hc,-1.75,away,1.31,1
v1EbZ6BE,Melbourne City,Sydney FC,5,5,hc,2.00,away,10.5,1
v1EbZ6BE,Melbourne City,Sydney FC,5,5,hc,-2.00,home,4.65,1
v1EbZ6BE,Melbourne City,Sydney FC,5,5,hc,-2.00,away,1.2,1
v1EbZ6BE,Melbourne City,Sydney FC,5,5,hc,2.25,away,10.5,1
v1EbZ6BE,Melbourne City,Sydney FC,5,5,hc,-2.25,home,4.84,1
v1EbZ6BE,Melbourne City,Sydney FC,5,5,hc,-2.25,away,1.18,1
v1EbZ6BE,Melbourne City,Sydney FC,5,5,hc,2.50,away,10.5,1
v1EbZ6BE,Melbourne City,Sydney FC,5,5,hc,-2.50,home,5.16,1
v1EbZ6BE,Melbourne City,Sydney FC,5,5,hc,-2.50,away,1.16,1
v1EbZ6BE,Melbourne City,Sydney FC,5,5,hc,-2.75,home,7.0,1
v1EbZ6BE,Melbourne City,Sydney FC,5,5,hc,-2.75,away,1.11,1
v1EbZ6BE,Melbourne City,Sydney FC,5,5,hc,-3.00,home,10.25,1
v1EbZ6BE,Melbourne City,Sydney FC,5,5,hc,-3.00,away,1.06,1
v1EbZ6BE,Melbourne City,Sydney FC,5,5,hc,-3.25,home,10.79,1
v1EbZ6BE,Melbourne City,Sydney FC,5,5,hc,-3.25,away,1.06,1
v1EbZ6BE,Melbourne City,Sydney FC,5,5,hc,-3.50,home,11.09,1
v1EbZ6BE,Melbourne City,Sydney FC,5,5,hc,-3.50,away,1.05,1
v1EbZ6BE,Melbourne City,Sydney FC,5,5,hc,-3.75,home,11.09,1
v1EbZ6BE,Melbourne City,Sydney FC,5,5,hc,-3.75,away,1.02,1
v1EbZ6BE,Melbourne City,Sydney FC,5,5,hc,0.25,home,1.33,1
v1EbZ6BE,Melbourne City,Sydney FC,5,5,hc,0.25,away,3.88,1
v1EbZ6BE,Melbourne City,Sydney FC,5,5,hc,-0.25,home,1.63,1
v1EbZ6BE,Melbourne City,Sydney FC,5,5,hc,-0.25,away,2.55,1
v1EbZ6BE,Melbourne City,Sydney FC,5,5,dc,0,home/draw,1.28,1
v1EbZ6BE,Melbourne City,Sydney FC,5,5,dc,0,home/away,1.3,1
v1EbZ6BE,Melbourne City,Sydney FC,5,5,dc,0,draw/away,2.16,1
b5yCB3J7,Central Coast Mariners,Brisbane Roar,1,1,1x2,0,home,3.75,1
b5yCB3J7,Central Coast Mariners,Brisbane Roar,1,1,1x2,0,draw,3.85,1
b5yCB3J7,Central Coast Mariners,Brisbane Roar,1,1,1x2,0,away,2.1,1
b5yCB3J7,Central Coast Mariners,Brisbane Roar,1,1,ou,0.50,over,1.04,1
b5yCB3J7,Central Coast Mariners,Brisbane Roar,1,1,ou,0.50,under,22.0,1
b5yCB3J7,Central Coast Mariners,Brisbane Roar,1,1,ou,1.50,over,1.21,1
b5yCB3J7,Central Coast Mariners,Brisbane Roar,1,1,ou,1.50,under,5.5,1
b5yCB3J7,Central Coast Mariners,Brisbane Roar,1,1,ou,2.50,over,1.65,1
b5yCB3J7,Central Coast Mariners,Brisbane Roar,1,1,ou,2.50,under,2.48,1
b5yCB3J7,Central Coast Mariners,Brisbane Roar,1,1,ou,3.50,over,2.66,1
b5yCB3J7,Central Coast Mariners,Brisbane Roar,1,1,ou,3.50,under,1.59,1
b5yCB3J7,Central Coast Mariners,Brisbane Roar,1,1,ou,4.50,over,5.1,1
b5yCB3J7,Central Coast Mariners,Brisbane Roar,1,1,ou,4.50,under,1.23,1
b5yCB3J7,Central Coast Mariners,Brisbane Roar,1,1,ou,5.50,over,10.0,1
b5yCB3J7,Central Coast Mariners,Brisbane Roar,1,1,ou,5.50,under,1.1,1
b5yCB3J7,Central Coast Mariners,Brisbane Roar,1,1,ou,6.50,over,26.0,1
b5yCB3J7,Central Coast Mariners,Brisbane Roar,1,1,ou,6.50,under,1.03,1
b5yCB3J7,Central Coast Mariners,Brisbane Roar,1,1,ou,7.50,over,60.0,1
b5yCB3J7,Central Coast Mariners,Brisbane Roar,1,1,hc,0,home,2.78,1
b5yCB3J7,Central Coast Mariners,Brisbane Roar,1,1,hc,0,away,1.55,1
b5yCB3J7,Central Coast Mariners,Brisbane Roar,1,1,hc,0.50,home,1.91,1
b5yCB3J7,Central Coast Mariners,Brisbane Roar,1,1,hc,0.50,away,2.08,1
b5yCB3J7,Central Coast Mariners,Brisbane Roar,1,1,hc,-0.50,home,3.75,1
b5yCB3J7,Central Coast Mariners,Brisbane Roar,1,1,hc,-0.50,away,1.36,1
b5yCB3J7,Central Coast Mariners,Brisbane Roar,1,1,hc,0.75,home,1.69,1
b5yCB3J7,Central Coast Mariners,Brisbane Roar,1,1,hc,0.75,away,2.4,1
b5yCB3J7,Central Coast Mariners,Brisbane Roar,1,1,hc,-0.75,home,4.8,1
b5yCB3J7,Central Coast Mariners,Brisbane Roar,1,1,hc,-0.75,away,1.25,1
b5yCB3J7,Central Coast Mariners,Brisbane Roar,1,1,hc,1.00,home,1.47,1
b5yCB3J7,Central Coast Mariners,Brisbane Roar,1,1,hc,1.00,away,3.0,1
b5yCB3J7,Central Coast Mariners,Brisbane Roar,1,1,hc,-1.00,home,7.13,1
b5yCB3J7,Central Coast Mariners,Brisbane Roar,1,1,hc,-1.00,away,1.14,1
b5yCB3J7,Central Coast Mariners,Brisbane Roar,1,1,hc,1.25,home,1.39,1
b5yCB3J7,Central Coast Mariners,Brisbane Roar,1,1,hc,1.25,away,3.38,1
b5yCB3J7,Central Coast Mariners,Brisbane Roar,1,1,hc,-1.25,home,7.74,1
b5yCB3J7,Central Coast Mariners,Brisbane Roar,1,1,hc,-1.25,away,1.13,1
b5yCB3J7,Central Coast Mariners,Brisbane Roar,1,1,hc,1.50,home,1.33,1
b5yCB3J7,Central Coast Mariners,Brisbane Roar,1,1,hc,1.50,away,3.8,1
b5yCB3J7,Central Coast Mariners,Brisbane Roar,1,1,hc,-1.50,home,8.36,1
b5yCB3J7,Central Coast Mariners,Brisbane Roar,1,1,hc,-1.50,away,1.11,1
b5yCB3J7,Central Coast Mariners,Brisbane Roar,1,1,hc,1.75,home,1.23,1
b5yCB3J7,Central Coast Mariners,Brisbane Roar,1,1,hc,1.75,away,4.89,1
b5yCB3J7,Central Coast Mariners,Brisbane Roar,1,1,hc,-1.75,home,10.87,1
b5yCB3J7,Central Coast Mariners,Brisbane Roar,1,1,hc,-1.75,away,1.07,1
b5yCB3J7,Central Coast Mariners,Brisbane Roar,1,1,hc,2.00,home,1.14,1
b5yCB3J7,Central Coast Mariners,Brisbane Roar,1,1,hc,2.00,away,7.41,1
b5yCB3J7,Central Coast Mariners,Brisbane Roar,1,1,hc,-2.00,home,8.4,1
b5yCB3J7,Central Coast Mariners,Brisbane Roar,1,1,hc,2.25,home,1.13,1
b5yCB3J7,Central Coast Mariners,Brisbane Roar,1,1,hc,2.25,away,8.05,1
b5yCB3J7,Central Coast Mariners,Brisbane Roar,1,1,hc,-2.25,home,8.36,1
b5yCB3J7,Central Coast Mariners,Brisbane Roar,1,1,hc,2.50,home,1.12,1
b5yCB3J7,Central Coast Mariners,Brisbane Roar,1,1,hc,2.50,away,8.69,1
b5yCB3J7,Central Coast Mariners,Brisbane Roar,1,1,hc,-2.50,home,8.36,1
b5yCB3J7,Central Coast Mariners,Brisbane Roar,1,1,hc,2.75,home,1.07,1
b5yCB3J7,Central Coast Mariners,Brisbane Roar,1,1,hc,2.75,away,11.11,1
b5yCB3J7,Central Coast Mariners,Brisbane Roar,1,1,hc,-2.75,home,8.36,1
b5yCB3J7,Central Coast Mariners,Brisbane Roar,1,1,hc,3.00,home,1.03,1
b5yCB3J7,Central Coast Mariners,Brisbane Roar,1,1,hc,3.00,away,9.33,1
b5yCB3J7,Central Coast Mariners,Brisbane Roar,1,1,hc,3.25,home,1.03,1
b5yCB3J7,Central Coast Mariners,Brisbane Roar,1,1,hc,3.25,away,8.69,1
b5yCB3J7,Central Coast Mariners,Brisbane Roar,1,1,hc,3.50,home,1.03,1
b5yCB3J7,Central Coast Mariners,Brisbane Roar,1,1,hc,3.50,away,9.33,1
b5yCB3J7,Central Coast Mariners,Brisbane Roar,1,1,hc,3.75,away,9.33,1
b5yCB3J7,Central Coast Mariners,Brisbane Roar,1,1,hc,0.25,home,2.2,1
b5yCB3J7,Central Coast Mariners,Brisbane Roar,1,1,hc,0.25,away,1.81,1
b5yCB3J7,Central Coast Mariners,Brisbane Roar,1,1,hc,-0.25,home,3.26,1
b5yCB3J7,Central Coast Mariners,Brisbane Roar,1,1,hc,-0.25,away,1.43,1
b5yCB3J7,Central Coast Mariners,Brisbane Roar,1,1,dc,0,home/draw,1.9,1
b5yCB3J7,Central Coast Mariners,Brisbane Roar,1,1,dc,0,home/away,1.34,1
b5yCB3J7,Central Coast Mariners,Brisbane Roar,1,1,dc,0,draw/away,1.36,1
juY3DPle,Western United,Sydney FC,1,1,1x2,0,home,2.5,1
juY3DPle,Western United,Sydney FC,1,1,1x2,0,draw,4.1,1
juY3DPle,Western United,Sydney FC,1,1,1x2,0,away,2.78,1
juY3DPle,Western United,Sydney FC,1,1,ou,0.50,over,1.03,1
juY3DPle,Western United,Sydney FC,1,1,ou,0.50,under,28.0,1
juY3DPle,Western United,Sydney FC,1,1,ou,1.50,over,1.15,1
juY3DPle,Western United,Sydney FC,1,1,ou,1.50,under,7.0,1
juY3DPle,Western United,Sydney FC,1,1,ou,2.50,over,1.48,1
juY3DPle,Western United,Sydney FC,1,1,ou,2.50,under,2.96,1
juY3DPle,Western United,Sydney FC,1,1,ou,3.50,over,2.22,1
juY3DPle,Western United,Sydney FC,1,1,ou,3.50,under,1.79,1
juY3DPle,Western United,Sydney FC,1,1,ou,4.50,over,3.75,1
juY3DPle,Western United,Sydney FC,1,1,ou,4.50,under,1.35,1
juY3DPle,Western United,Sydney FC,1,1,ou,5.50,over,7.4,1
juY3DPle,Western United,Sydney FC,1,1,ou,5.50,under,1.14,1
juY3DPle,Western United,Sydney FC,1,1,ou,6.50,over,17.0,1
juY3DPle,Western United,Sydney FC,1,1,ou,6.50,under,1.05,1
juY3DPle,Western United,Sydney FC,1,1,ou,7.50,over,36.0,1
juY3DPle,Western United,Sydney FC,1,1,ou,7.50,under,1.02,1
juY3DPle,Western United,Sydney FC,1,1,ou,8.50,over,95.0,1
juY3DPle,Western United,Sydney FC,1,1,hc,0,home,1.89,1
juY3DPle,Western United,Sydney FC,1,1,hc,0,away,2.1,1
juY3DPle,Western United,Sydney FC,1,1,hc,0.50,home,1.56,1
juY3DPle,Western United,Sydney FC,1,1,hc,0.50,away,2.76,1
juY3DPle,Western United,Sydney FC,1,1,hc,-0.50,home,2.5,1
juY3DPle,Western United,Sydney FC,1,1,hc,-0.50,away,1.65,1
juY3DPle,Western United,Sydney FC,1,1,hc,0.75,home,1.41,1
juY3DPle,Western United,Sydney FC,1,1,hc,0.75,away,3.37,1
juY3DPle,Western United,Sydney FC,1,1,hc,-0.75,home,2.94,1
juY3DPle,Western United,Sydney FC,1,1,hc,-0.75,away,1.49,1
juY3DPle,Western United,Sydney FC,1,1,hc,1.00,home,1.27,1
juY3DPle,Western United,Sydney FC,1,1,hc,1.00,away,4.64,1
juY3DPle,Western United,Sydney FC,1,1,hc,-1.00,home,3.76,1
juY3DPle,Western United,Sydney FC,1,1,hc,-1.00,away,1.33,1
juY3DPle,Western United,Sydney FC,1,1,hc,1.25,home,1.23,1
juY3DPle,Western United,Sydney FC,1,1,hc,1.25,away,5.16,1
juY3DPle,Western United,Sydney FC,1,1,hc,-1.25,home,4.18,1
juY3DPle,Western United,Sydney FC,1,1,hc,-1.25,away,1.28,1
juY3DPle,Western United,Sydney FC,1,1,hc,1.50,home,1.21,1
juY3DPle,Western United,Sydney FC,1,1,hc,1.50,away,5.68,1
juY3DPle,Western United,Sydney FC,1,1,hc,-1.50,home,4.6,1
juY3DPle,Western United,Sydney FC,1,1,hc,-1.50,away,1.25,1
juY3DPle,Western United,Sydney FC,1,1,hc,1.75,home,1.14,1
juY3DPle,Western United,Sydney FC,1,1,hc,1.75,away,7.17,1
juY3DPle,Western United,Sydney FC,1,1,hc,-1.75,home,6.02,1
juY3DPle,Western United,Sydney FC,1,1,hc,-1.75,away,1.18,1
juY3DPle,Western United,Sydney FC,1,1,hc,2.00,home,1.08,1
juY3DPle,Western United,Sydney FC,1,1,hc,2.00,away,9.66,1
juY3DPle,Western United,Sydney FC,1,1,hc,-2.00,home,8.75,1
juY3DPle,Western United,Sydney FC,1,1,hc,-2.00,away,1.1,1
juY3DPle,Western United,Sydney FC,1,1,hc,2.25,home,1.08,1
juY3DPle,Western United,Sydney FC,1,1,hc,2.25,away,10.09,1
juY3DPle,Western United,Sydney FC,1,1,hc,-2.25,home,9.33,1
juY3DPle,Western United,Sydney FC,1,1,hc,-2.25,away,1.1,1
juY3DPle,Western United,Sydney FC,1,1,hc,2.50,home,1.07,1
juY3DPle,Western United,Sydney FC,1,1,hc,2.50,away,10.09,1
juY3DPle,Western United,Sydney FC,1,1,hc,-2.50,home,9.81,1
juY3DPle,Western United,Sydney FC,1,1,hc,-2.50,away,1.09,1
juY3DPle,Western United,Sydney FC,1,1,hc,2.75,home,1.05,1
juY3DPle,Western United,Sydney FC,1,1,hc,2.75,away,12.0,1
juY3DPle,Western United,Sydney FC,1,1,hc,-2.75,home,9.96,1
juY3DPle,Western United,Sydney FC,1,1,hc,-2.75,away,1.06,1
juY3DPle,Western United,Sydney FC,1,1,hc,3.00,away,11.99,1
juY3DPle,Western United,Sydney FC,1,1,hc,-3.00,home,9.96,1
juY3DPle,Western United,Sydney FC,1,1,hc,3.25,away,11.99,1
juY3DPle,Western United,Sydney FC,1,1,hc,-3.25,home,9.96,1
juY3DPle,Western United,Sydney FC,1,1,hc,3.50,away,11.99,1
juY3DPle,Western United,Sydney FC,1,1,hc,-3.50,home,9.96,1
juY3DPle,Western United,Sydney FC,1,1,hc,-3.75,home,9.96,1
juY3DPle,Western United,Sydney FC,1,1,hc,0.25,home,1.68,1
juY3DPle,Western United,Sydney FC,1,1,hc,0.25,away,2.43,1
juY3DPle,Western United,Sydney FC,1,1,hc,-0.25,home,2.19,1
juY3DPle,Western United,Sydney FC,1,1,hc,-0.25,away,1.82,1
juY3DPle,Western United,Sydney FC,1,1,dc,0,home/draw,1.56,1
juY3DPle,Western United,Sydney FC,1,1,dc,0,home/away,1.31,1
juY3DPle,Western United,Sydney FC,1,1,dc,0,draw/away,1.65,1
WIccJTXp,Auckland FC,Perth Glory,1,1,1x2,0,home,1.48,1
WIccJTXp,Auckland FC,Perth Glory,1,1,1x2,0,draw,5.0,1
WIccJTXp,Auckland FC,Perth Glory,1,1,1x2,0,away,7.4,1
WIccJTXp,Auckland FC,Perth Glory,1,1,ou,0.50,over,1.03,1
WIccJTXp,Auckland FC,Perth Glory,1,1,ou,0.50,under,26.0,1
WIccJTXp,Auckland FC,Perth Glory,1,1,ou,1.50,over,1.17,1
WIccJTXp,Auckland FC,Perth Glory,1,1,ou,1.50,under,6.6,1
WIccJTXp,Auckland FC,Perth Glory,1,1,ou,2.50,over,1.52,1
WIccJTXp,Auckland FC,Perth Glory,1,1,ou,2.50,under,2.86,1
WIccJTXp,Auckland FC,Perth Glory,1,1,ou,3.50,over,2.32,1
WIccJTXp,Auckland FC,Perth Glory,1,1,ou,3.50,under,1.74,1
WIccJTXp,Auckland FC,Perth Glory,1,1,ou,4.50,over,4.1,1
WIccJTXp,Auckland FC,Perth Glory,1,1,ou,4.50,under,1.31,1
WIccJTXp,Auckland FC,Perth Glory,1,1,ou,5.50,over,8.2,1
WIccJTXp,Auckland FC,Perth Glory,1,1,ou,5.50,under,1.13,1
WIccJTXp,Auckland FC,Perth Glory,1,1,ou,6.50,over,19.0,1
WIccJTXp,Auckland FC,Perth Glory,1,1,ou,6.50,under,1.05,1
WIccJTXp,Auckland FC,Perth Glory,1,1,ou,7.50,over,40.0,1
WIccJTXp,Auckland FC,Perth Glory,1,1,ou,7.50,under,1.02,1
WIccJTXp,Auckland FC,Perth Glory,1,1,hc,0,home,1.2,1
WIccJTXp,Auckland FC,Perth Glory,1,1,hc,0,away,5.76,1
WIccJTXp,Auckland FC,Perth Glory,1,1,hc,0.50,home,1.15,1
WIccJTXp,Auckland FC,Perth Glory,1,1,hc,0.50,away,7.2,1
WIccJTXp,Auckland FC,Perth Glory,1,1,hc,-0.50,home,1.5,1
WIccJTXp,Auckland FC,Perth Glory,1,1,hc,-0.50,away,2.98,1
WIccJTXp,Auckland FC,Perth Glory,1,1,hc,0.75,home,1.1,1
WIccJTXp,Auckland FC,Perth Glory,1,1,hc,0.75,away,10.05,1
WIccJTXp,Auckland FC,Perth Glory,1,1,hc,-0.75,home,1.6,1
WIccJTXp,Auckland FC,Perth Glory,1,1,hc,-0.75,away,2.62,1
WIccJTXp,Auckland FC,Perth Glory,1,1,hc,1.00,home,1.05,1
WIccJTXp,Auckland FC,Perth Glory,1,1,hc,1.00,away,17.36,1
WIccJTXp,Auckland FC,Perth Glory,1,1,hc,-1.00,home,1.76,1
WIccJTXp,Auckland FC,Perth Glory,1,1,hc,-1.00,away,2.27,1
WIccJTXp,Auckland FC,Perth Glory,1,1,hc,1.25,home,1.05,1
WIccJTXp,Auckland FC,Perth Glory,1,1,hc,1.25,away,18.18,1
WIccJTXp,Auckland FC,Perth Glory,1,1,hc,-1.25,home,2.03,1
WIccJTXp,Auckland FC,Perth Glory,1,1,hc,-1.25,away,1.94,1
WIccJTXp,Auckland FC,Perth Glory,1,1,hc,1.50,home,1.04,1
WIccJTXp,Auckland FC,Perth Glory,1,1,hc,1.50,away,19.0,1
WIccJTXp,Auckland FC,Perth Glory,1,1,hc,-1.50,home,2.29,1
WIccJTXp,Auckland FC,Perth Glory,1,1,hc,-1.50,away,1.74,1
WIccJTXp,Auckland FC,Perth Glory,1,1,hc,1.75,home,1.02,1
WIccJTXp,Auckland FC,Perth Glory,1,1,hc,1.75,away,19.0,1
WIccJTXp,Auckland FC,Perth Glory,1,1,hc,-1.75,home,2.66,1
WIccJTXp,Auckland FC,Perth Glory,1,1,hc,-1.75,away,1.58,1
WIccJTXp,Auckland FC,Perth Glory,1,1,hc,-2.00,home,3.33,1
WIccJTXp,Auckland FC,Perth Glory,1,1,hc,-2.00,away,1.39,1
WIccJTXp,Auckland FC,Perth Glory,1,1,hc,-2.25,home,3.73,1
WIccJTXp,Auckland FC,Perth Glory,1,1,hc,-2.25,away,1.33,1
WIccJTXp,Auckland FC,Perth Glory,1,1,hc,-2.50,home,4.13,1
WIccJTXp,Auckland FC,Perth Glory,1,1,hc,-2.50,away,1.29,1
WIccJTXp,Auckland FC,Perth Glory,1,1,hc,-2.75,home,5.15,1
WIccJTXp,Auckland FC,Perth Glory,1,1,hc,-2.75,away,1.21,1
WIccJTXp,Auckland FC,Perth Glory,1,1,hc,-3.00,home,6.93,1
WIccJTXp,Auckland FC,Perth Glory,1,1,hc,-3.00,away,1.13,1
WIccJTXp,Auckland FC,Perth Glory,1,1,hc,-3.25,home,7.38,1
WIccJTXp,Auckland FC,Perth Glory,1,1,hc,-3.25,away,1.12,1
WIccJTXp,Auckland FC,Perth Glory,1,1,hc,-3.50,home,7.83,1
WIccJTXp,Auckland FC,Perth Glory,1,1,hc,-3.50,away,1.11,1
WIccJTXp,Auckland FC,Perth Glory,1,1,hc,-3.75,home,8.09,1
WIccJTXp,Auckland FC,Perth Glory,1,1,hc,-3.75,away,1.07,1
WIccJTXp,Auckland FC,Perth Glory,1,1,hc,-4.00,home,8.09,1
WIccJTXp,Auckland FC,Perth Glory,1,1,hc,0.25,home,1.17,1
WIccJTXp,Auckland FC,Perth Glory,1,1,hc,0.25,away,6.48,1
WIccJTXp,Auckland FC,Perth Glory,1,1,hc,-0.25,home,1.35,1
WIccJTXp,Auckland FC,Perth Glory,1,1,hc,-0.25,away,3.77,1
WIccJTXp,Auckland FC,Perth Glory,1,1,dc,0,home/draw,1.15,1
WIccJTXp,Auckland FC,Perth Glory,1,1,dc,0,home/away,1.24,1
WIccJTXp,Auckland FC,Perth Glory,1,1,dc,0,draw/away,3.0,1
pS23FoKr,Melbourne City,Adelaide United,0,0,1x2,0,home,1.74,1
pS23FoKr,Melbourne City,Adelaide United,0,0,1x2,0,draw,4.7,1
pS23FoKr,Melbourne City,Adelaide United,0,0,1x2,0,away,4.7,1
pS23FoKr,Melbourne City,Adelaide United,0,0,ou,0.50,over,1.03,1
pS23FoKr,Melbourne City,Adelaide United,0,0,ou,0.50,under,34.0,1
pS23FoKr,Melbourne City,Adelaide United,0,0,ou,1.50,over,1.15,1
pS23FoKr,Melbourne City,Adelaide United,0,0,ou,1.50,under,7.6,1
pS23FoKr,Melbourne City,Adelaide United,0,0,ou,2.50,over,1.45,1
pS23FoKr,Melbourne City,Adelaide United,0,0,ou,2.50,under,3.15,1
pS23FoKr,Melbourne City,Adelaide United,0,0,ou,3.50,over,2.12,1
pS23FoKr,Melbourne City,Adelaide United,0,0,ou,3.50,under,1.87,1
pS23FoKr,Melbourne City,Adelaide United,0,0,ou,4.50,over,3.5,1
pS23FoKr,Melbourne City,Adelaide United,0,0,ou,4.50,under,1.38,1
pS23FoKr,Melbourne City,Adelaide United,0,0,ou,5.50,over,6.4,1
pS23FoKr,Melbourne City,Adelaide United,0,0,ou,5.50,under,1.18,1
pS23FoKr,Melbourne City,Adelaide United,0,0,ou,6.50,over,15.5,1
pS23FoKr,Melbourne City,Adelaide United,0,0,ou,6.50,under,1.06,1
pS23FoKr,Melbourne City,Adelaide United,0,0,ou,7.50,over,36.0,1
pS23FoKr,Melbourne City,Adelaide United,0,0,ou,7.50,under,1.02,1
pS23FoKr,Melbourne City,Adelaide United,0,0,hc,0,home,1.36,1
pS23FoKr,Melbourne City,Adelaide United,0,0,hc,0,away,3.7,1
pS23FoKr,Melbourne City,Adelaide United,0,0,hc,0.50,home,1.26,1
pS23FoKr,Melbourne City,Adelaide United,0,0,hc,0.50,away,4.7,1
pS23FoKr,Melbourne City,Adelaide United,0,0,hc,-0.50,home,1.74,1
pS23FoKr,Melbourne City,Adelaide United,0,0,hc,-0.50,away,2.35,1
pS23FoKr,Melbourne City,Adelaide United,0,0,hc,0.75,home,1.19,1
pS23FoKr,Melbourne City,Adelaide United,0,0,hc,0.75,away,6.11,1
pS23FoKr,Melbourne City,Adelaide United,0,0,hc,-0.75,home,1.91,1
pS23FoKr,Melbourne City,Adelaide United,0,0,hc,-0.75,away,2.08,1
pS23FoKr,Melbourne City,Adelaide United,0,0,hc,1.00,home,1.11,1
pS23FoKr,Melbourne City,Adelaide United,0,0,hc,1.00,away,8.94,1
pS23FoKr,Melbourne City,Adelaide United,0,0,hc,-1.00,home,2.2,1
pS23FoKr,Melbourne City,Adelaide United,0,0,hc,-1.00,away,1.81,1
pS23FoKr,Melbourne City,Adelaide United,0,0,hc,1.25,home,1.1,1
pS23FoKr,Melbourne City,Adelaide United,0,0,hc,1.25,away,9.51,1
pS23FoKr,Melbourne City,Adelaide United,0,0,hc,-1.25,home,2.51,1
pS23FoKr,Melbourne City,Adelaide United,0,0,hc,-1.25,away,1.64,1
pS23FoKr,Melbourne City,Adelaide United,0,0,hc,1.50,home,1.09,1
pS23FoKr,Melbourne City,Adelaide United,0,0,hc,1.50,away,10.08,1
pS23FoKr,Melbourne City,Adelaide United,0,0,hc,-1.50,home,2.82,1
pS23FoKr,Melbourne City,Adelaide United,0,0,hc,-1.50,away,1.52,1
pS23FoKr,Melbourne City,Adelaide United,0,0,hc,1.75,home,1.05,1
pS23FoKr,Melbourne City,Adelaide United,0,0,hc,1.75,away,11.65,1
pS23FoKr,Melbourne City,Adelaide United,0,0,hc,-1.75,home,3.35,1
pS23FoKr,Melbourne City,Adelaide United,0,0,hc,-1.75,away,1.39,1
pS23FoKr,Melbourne City,Adelaide United,0,0,hc,2.00,away,10.1,1
pS23FoKr,Melbourne City,Adelaide United,0,0,hc,-2.00,home,4.29,1
pS23FoKr,Melbourne City,Adelaide United,0,0,hc,-2.00,away,1.26,1
pS23FoKr,Melbourne City,Adelaide United,0,0,hc,2.25,away,10.1,1
pS23FoKr,Melbourne City,Adelaide United,0,0,hc,-2.25,home,4.69,1
pS23FoKr,Melbourne City,Adelaide United,0,0,hc,-2.25,away,1.22,1
pS23FoKr,Melbourne City,Adelaide United,0,0,hc,2.50,away,10.1,1
pS23FoKr,Melbourne City,Adelaide United,0,0,hc,-2.50,home,5.09,1
pS23FoKr,Melbourne City,Adelaide United,0,0,hc,-2.50,away,1.2,1
pS23FoKr,Melbourne City,Adelaide United,0,0,hc,-2.75,home,6.65,1
pS23FoKr,Melbourne City,Adelaide United,0,0,hc,-2.75,away,1.14,1
pS23FoKr,Melbourne City,Adelaide United,0,0,hc,-3.00,home,9.54,1
pS23FoKr,Melbourne City,Adelaide United,0,0,hc,-3.00,away,1.09,1
pS23FoKr,Melbourne City,Adelaide United,0,0,hc,-3.25,home,10.09,1
pS23FoKr,Melbourne City,Adelaide United,0,0,hc,-3.25,away,1.08,1
pS23FoKr,Melbourne City,Adelaide United,0,0,hc,-3.50,home,10.47,1
pS23FoKr,Melbourne City,Adelaide United,0,0,hc,-3.50,away,1.08,1
pS23FoKr,Melbourne City,Adelaide United,0,0,hc,-3.75,home,10.93,1
pS23FoKr,Melbourne City,Adelaide United,0,0,hc,-3.75,away,1.05,1
pS23FoKr,Melbourne City,Adelaide United,0,0,hc,-4.00,home,10.93,1
pS23FoKr,Melbourne City,Adelaide United,0,0,hc,0.25,home,1.31,1
pS23FoKr,Melbourne City,Adelaide United,0,0,hc,0.25,away,4.2,1
pS23FoKr,Melbourne City,Adelaide United,0,0,hc,-0.25,home,1.55,1
pS23FoKr,Melbourne City,Adelaide United,0,0,hc,-0.25,away,2.8,1
pS23FoKr,Melbourne City,Adelaide United,0,0,dc,0,home/draw,1.26,1
pS23FoKr,Melbourne City,Adelaide United,0,0,dc,0,home/away,1.27,1
pS23FoKr,Melbourne City,Adelaide United,0,0,dc,0,draw/away,2.34,1
ldHXK7dL,Newcastle Jets,WS Wanderers,0,0,1x2,0,home,2.96,1
ldHXK7dL,Newcastle Jets,WS Wanderers,0,0,1x2,0,draw,4.6,1
ldHXK7dL,Newcastle Jets,WS Wanderers,0,0,1x2,0,away,2.22,1
ldHXK7dL,Newcastle Jets,WS Wanderers,0,0,ou,0.50,over,1.02,1
ldHXK7dL,Newcastle Jets,WS Wanderers,0,0,ou,0.50,under,46.0,1
ldHXK7dL,Newcastle Jets,WS Wanderers,0,0,ou,1.50,over,1.09,1
ldHXK7dL,Newcastle Jets,WS Wanderers,0,0,ou,1.50,under,11.5,1
ldHXK7dL,Newcastle Jets,WS Wanderers,0,0,ou,2.50,over,1.29,1
ldHXK7dL,Newcastle Jets,WS Wanderers,0,0,ou,2.50,under,4.4,1
ldHXK7dL,Newcastle Jets,WS Wanderers,0,0,ou,3.50,over,1.69,1
ldHXK7dL,Newcastle Jets,WS Wanderers,0,0,ou,3.50,under,2.42,1
ldHXK7dL,Newcastle Jets,WS Wanderers,0,0,ou,4.50,over,2.5,1
ldHXK7dL,Newcastle Jets,WS Wanderers,0,0,ou,4.50,under,1.64,1
ldHXK7dL,Newcastle Jets,WS Wanderers,0,0,ou,5.50,over,4.3,1
ldHXK7dL,Newcastle Jets,WS Wanderers,0,0,ou,5.50,under,1.29,1
ldHXK7dL,Newcastle Jets,WS Wanderers,0,0,ou,6.50,over,8.2,1
ldHXK7dL,Newcastle Jets,WS Wanderers,0,0,ou,6.50,under,1.13,1
ldHXK7dL,Newcastle Jets,WS Wanderers,0,0,ou,7.50,over,17.5,1
ldHXK7dL,Newcastle Jets,WS Wanderers,0,0,ou,7.50,under,1.05,1
ldHXK7dL,Newcastle Jets,WS Wanderers,0,0,ou,8.50,over,36.0,1
ldHXK7dL,Newcastle Jets,WS Wanderers,0,0,ou,8.50,under,1.02,1
ldHXK7dL,Newcastle Jets,WS Wanderers,0,0,hc,0,home,2.33,1
ldHXK7dL,Newcastle Jets,WS Wanderers,0,0,hc,0,away,1.74,1
ldHXK7dL,Newcastle Jets,WS Wanderers,0,0,hc,0.50,home,1.81,1
ldHXK7dL,Newcastle Jets,WS Wanderers,0,0,hc,0.50,away,2.22,1
ldHXK7dL,Newcastle Jets,WS Wanderers,0,0,hc,-0.50,home,2.96,1
ldHXK7dL,Newcastle Jets,WS Wanderers,0,0,hc,-0.50,away,1.5,1
ldHXK7dL,Newcastle Jets,WS Wanderers,0,0,hc,0.75,home,1.64,1
ldHXK7dL,Newcastle Jets,WS Wanderers,0,0,hc,0.75,away,2.51,1
ldHXK7dL,Newcastle Jets,WS Wanderers,0,0,hc,-0.75,home,3.56,1
ldHXK7dL,Newcastle Jets,WS Wanderers,0,0,hc,-0.75,away,1.37,1
ldHXK7dL,Newcastle Jets,WS Wanderers,0,0,hc,1.00,home,1.46,1
ldHXK7dL,Newcastle Jets,WS Wanderers,0,0,hc,1.00,away,2.99,1
ldHXK7dL,Newcastle Jets,WS Wanderers,0,0,hc,-1.00,home,4.58,1
ldHXK7dL,Newcastle Jets,WS Wanderers,0,0,hc,-1.00,away,1.25,1
ldHXK7dL,Newcastle Jets,WS Wanderers,0,0,hc,1.25,home,1.39,1
ldHXK7dL,Newcastle Jets,WS Wanderers,0,0,hc,1.25,away,3.31,1
ldHXK7dL,Newcastle Jets,WS Wanderers,0,0,hc,-1.25,home,5.0,1
ldHXK7dL,Newcastle Jets,WS Wanderers,0,0,hc,-1.25,away,1.23,1
ldHXK7dL,Newcastle Jets,WS Wanderers,0,0,hc,1.50,home,1.34,1
ldHXK7dL,Newcastle Jets,WS Wanderers,0,0,hc,1.50,away,3.63,1
ldHXK7dL,Newcastle Jets,WS Wanderers,0,0,hc,-1.50,home,5.4,1
ldHXK7dL,Newcastle Jets,WS Wanderers,0,0,hc,-1.50,away,1.2,1
ldHXK7dL,Newcastle Jets,WS Wanderers,0,0,hc,1.75,home,1.25,1
ldHXK7dL,Newcastle Jets,WS Wanderers,0,0,hc,1.75,away,4.57,1
ldHXK7dL,Newcastle Jets,WS Wanderers,0,0,hc,-1.75,home,7.0,1
ldHXK7dL,Newcastle Jets,WS Wanderers,0,0,hc,-1.75,away,1.14,1
ldHXK7dL,Newcastle Jets,WS Wanderers,0,0,hc,2.00,home,1.16,1
ldHXK7dL,Newcastle Jets,WS Wanderers,0,0,hc,2.00,away,5.55,1
ldHXK7dL,Newcastle Jets,WS Wanderers,0,0,hc,-2.00,home,10.43,1
ldHXK7dL,Newcastle Jets,WS Wanderers,0,0,hc,-2.00,away,1.08,1
ldHXK7dL,Newcastle Jets,WS Wanderers,0,0,hc,2.25,home,1.15,1
ldHXK7dL,Newcastle Jets,WS Wanderers,0,0,hc,2.25,away,5.79,1
ldHXK7dL,Newcastle Jets,WS Wanderers,0,0,hc,-2.25,home,10.96,1
ldHXK7dL,Newcastle Jets,WS Wanderers,0,0,hc,-2.25,away,1.08,1
ldHXK7dL,Newcastle Jets,WS Wanderers,0,0,hc,2.50,home,1.14,1
ldHXK7dL,Newcastle Jets,WS Wanderers,0,0,hc,2.50,away,6.04,1
ldHXK7dL,Newcastle Jets,WS Wanderers,0,0,hc,-2.50,home,11.49,1
ldHXK7dL,Newcastle Jets,WS Wanderers,0,0,hc,-2.50,away,1.07,1
ldHXK7dL,Newcastle Jets,WS Wanderers,0,0,hc,2.75,home,1.1,1
ldHXK7dL,Newcastle Jets,WS Wanderers,0,0,hc,2.75,away,7.87,1
ldHXK7dL,Newcastle Jets,WS Wanderers,0,0,hc,-2.75,home,12.5,1
ldHXK7dL,Newcastle Jets,WS Wanderers,0,0,hc,-2.75,away,1.05,1
ldHXK7dL,Newcastle Jets,WS Wanderers,0,0,hc,3.00,home,1.06,1
ldHXK7dL,Newcastle Jets,WS Wanderers,0,0,hc,3.00,away,11.13,1
ldHXK7dL,Newcastle Jets,WS Wanderers,0,0,hc,3.25,home,1.06,1
ldHXK7dL,Newcastle Jets,WS Wanderers,0,0,hc,3.25,away,11.2,1
ldHXK7dL,Newcastle Jets,WS Wanderers,0,0,hc,3.50,home,1.06,1
ldHXK7dL,Newcastle Jets,WS Wanderers,0,0,hc,3.50,away,11.4,1
ldHXK7dL,Newcastle Jets,WS Wanderers,0,0,hc,3.75,home,1.03,1
ldHXK7dL,Newcastle Jets,WS Wanderers,0,0,hc,3.75,away,11.4,1
ldHXK7dL,Newcastle Jets,WS Wanderers,0,0,hc,0.25,home,2.0,1
ldHXK7dL,Newcastle Jets,WS Wanderers,0,0,hc,0.25,away,1.98,1
ldHXK7dL,Newcastle Jets,WS Wanderers,0,0,hc,-0.25,home,2.64,1
ldHXK7dL,Newcastle Jets,WS Wanderers,0,0,hc,-0.25,away,1.59,1
ldHXK7dL,Newcastle Jets,WS Wanderers,0,0,dc,0,home/draw,1.81,1
ldHXK7dL,Newcastle Jets,WS Wanderers,0,0,dc,0,home/away,1.26,1
ldHXK7dL,Newcastle Jets,WS Wanderers,0,0,dc,0,draw/away,1.5,1
0z7ROkAN,Brisbane Roar,Wellington Phoenix,1,1,1x2,0,home,2.02,1
0z7ROkAN,Brisbane Roar,Wellington Phoenix,1,1,1x2,0,draw,3.85,1
0z7ROkAN,Brisbane Roar,Wellington Phoenix,1,1,1x2,0,away,3.95,1
0z7ROkAN,Brisbane Roar,Wellington Phoenix,1,1,ou,0.50,over,1.05,1
0z7ROkAN,Brisbane Roar,Wellington Phoenix,1,1,ou,0.50,under,17.5,1
0z7ROkAN,Brisbane Roar,Wellington Phoenix,1,1,ou,1.50,over,1.26,1
0z7ROkAN,Brisbane Roar,Wellington Phoenix,1,1,ou,1.50,under,4.7,1
0z7ROkAN,Brisbane Roar,Wellington Phoenix,1,1,ou,2.50,over,1.8,1
0z7ROkAN,Brisbane Roar,Wellington Phoenix,1,1,ou,2.50,under,2.22,1
0z7ROkAN,Brisbane Roar,Wellington Phoenix,1,1,ou,3.50,over,3.05,1
0z7ROkAN,Brisbane Roar,Wellington Phoenix,1,1,ou,3.50,under,1.47,1
0z7ROkAN,Brisbane Roar,Wellington Phoenix,1,1,ou,4.50,over,6.0,1
0z7ROkAN,Brisbane Roar,Wellington Phoenix,1,1,ou,4.50,under,1.19,1
0z7ROkAN,Brisbane Roar,Wellington Phoenix,1,1,ou,5.50,over,13.5,1
0z7ROkAN,Brisbane Roar,Wellington Phoenix,1,1,ou,5.50,under,1.07,1
0z7ROkAN,Brisbane Roar,Wellington Phoenix,1,1,ou,6.50,over,34.0,1
0z7ROkAN,Brisbane Roar,Wellington Phoenix,1,1,ou,6.50,under,1.02,1
0z7ROkAN,Brisbane Roar,Wellington Phoenix,1,1,ou,7.50,over,75.0,1
0z7ROkAN,Brisbane Roar,Wellington Phoenix,1,1,hc,0,home,1.5,1
0z7ROkAN,Brisbane Roar,Wellington Phoenix,1,1,hc,0,away,2.93,1
0z7ROkAN,Brisbane Roar,Wellington Phoenix,1,1,hc,0.50,home,1.33,1
0z7ROkAN,Brisbane Roar,Wellington Phoenix,1,1,hc,0.50,away,3.95,1
0z7ROkAN,Brisbane Roar,Wellington Phoenix,1,1,hc,-0.50,home,2.02,1
0z7ROkAN,Brisbane Roar,Wellington Phoenix,1,1,hc,-0.50,away,1.96,1
0z7ROkAN,Brisbane Roar,Wellington Phoenix,1,1,hc,0.75,home,1.22,1
0z7ROkAN,Brisbane Roar,Wellington Phoenix,1,1,hc,0.75,away,5.1,1
0z7ROkAN,Brisbane Roar,Wellington Phoenix,1,1,hc,-0.75,home,2.31,1
0z7ROkAN,Brisbane Roar,Wellington Phoenix,1,1,hc,-0.75,away,1.73,1
0z7ROkAN,Brisbane Roar,Wellington Phoenix,1,1,hc,1.00,home,1.12,1
0z7ROkAN,Brisbane Roar,Wellington Phoenix,1,1,hc,1.00,away,7.77,1
0z7ROkAN,Brisbane Roar,Wellington Phoenix,1,1,hc,-1.00,home,2.86,1
0z7ROkAN,Brisbane Roar,Wellington Phoenix,1,1,hc,-1.00,away,1.49,1
0z7ROkAN,Brisbane Roar,Wellington Phoenix,1,1,hc,1.25,home,1.11,1
0z7ROkAN,Brisbane Roar,Wellington Phoenix,1,1,hc,1.25,away,8.41,1
0z7ROkAN,Brisbane Roar,Wellington Phoenix,1,1,hc,-1.25,home,3.27,1
0z7ROkAN,Brisbane Roar,Wellington Phoenix,1,1,hc,-1.25,away,1.4,1
0z7ROkAN,Brisbane Roar,Wellington Phoenix,1,1,hc,1.50,home,1.1,1
0z7ROkAN,Brisbane Roar,Wellington Phoenix,1,1,hc,1.50,away,9.06,1
0z7ROkAN,Brisbane Roar,Wellington Phoenix,1,1,hc,-1.50,home,3.67,1
0z7ROkAN,Brisbane Roar,Wellington Phoenix,1,1,hc,-1.50,away,1.33,1
0z7ROkAN,Brisbane Roar,Wellington Phoenix,1,1,hc,1.75,home,1.06,1
0z7ROkAN,Brisbane Roar,Wellington Phoenix,1,1,hc,1.75,away,10.25,1
0z7ROkAN,Brisbane Roar,Wellington Phoenix,1,1,hc,-1.75,home,4.7,1
0z7ROkAN,Brisbane Roar,Wellington Phoenix,1,1,hc,-1.75,away,1.23,1
0z7ROkAN,Brisbane Roar,Wellington Phoenix,1,1,hc,2.00,away,10.24,1
0z7ROkAN,Brisbane Roar,Wellington Phoenix,1,1,hc,-2.00,home,7.03,1
0z7ROkAN,Brisbane Roar,Wellington Phoenix,1,1,hc,-2.00,away,1.13,1
0z7ROkAN,Brisbane Roar,Wellington Phoenix,1,1,hc,2.25,away,10.24,1
0z7ROkAN,Brisbane Roar,Wellington Phoenix,1,1,hc,-2.25,home,7.66,1
0z7ROkAN,Brisbane Roar,Wellington Phoenix,1,1,hc,-2.25,away,1.12,1
0z7ROkAN,Brisbane Roar,Wellington Phoenix,1,1,hc,2.50,away,10.24,1
0z7ROkAN,Brisbane Roar,Wellington Phoenix,1,1,hc,-2.50,home,8.2,1
0z7ROkAN,Brisbane Roar,Wellington Phoenix,1,1,hc,-2.50,away,1.11,1
0z7ROkAN,Brisbane Roar,Wellington Phoenix,1,1,hc,-2.75,home,9.33,1
0z7ROkAN,Brisbane Roar,Wellington Phoenix,1,1,hc,-2.75,away,1.08,1
0z7ROkAN,Brisbane Roar,Wellington Phoenix,1,1,hc,-3.00,home,9.33,1
0z7ROkAN,Brisbane Roar,Wellington Phoenix,1,1,hc,-3.00,away,1.02,1
0z7ROkAN,Brisbane Roar,Wellington Phoenix,1,1,hc,-3.25,home,9.33,1
0z7ROkAN,Brisbane Roar,Wellington Phoenix,1,1,hc,-3.50,home,9.33,1
0z7ROkAN,Brisbane Roar,Wellington Phoenix,1,1,hc,-3.75,home,9.33,1
0z7ROkAN,Brisbane Roar,Wellington Phoenix,1,1,hc,0.25,home,1.4,1
0z7ROkAN,Brisbane Roar,Wellington Phoenix,1,1,hc,0.25,away,3.44,1
0z7ROkAN,Brisbane Roar,Wellington Phoenix,1,1,hc,-0.25,home,1.76,1
0z7ROkAN,Brisbane Roar,Wellington Phoenix,1,1,hc,-0.25,away,2.28,1
0z7ROkAN,Brisbane Roar,Wellington Phoenix,1,1,dc,0,home/draw,1.33,1
0z7ROkAN,Brisbane Roar,Wellington Phoenix,1,1,dc,0,home/away,1.33,1
0z7ROkAN,Brisbane Roar,Wellington Phoenix,1,1,dc,0,draw/away,1.96,1
hUNOMTR8,Macarthur FC,Melbourne Victory,1,1,1x2,0,home,2.9,1
hUNOMTR8,Macarthur FC,Melbourne Victory,1,1,1x2,0,draw,4.1,1
hUNOMTR8,Macarthur FC,Melbourne Victory,1,1,1x2,0,away,2.4,1
hUNOMTR8,Macarthur FC,Melbourne Victory,1,1,ou,0.50,over,1.02,1
hUNOMTR8,Macarthur FC,Melbourne Victory,1,1,ou,0.50,under,34.0,1
hUNOMTR8,Macarthur FC,Melbourne Victory,1,1,ou,1.50,over,1.12,1
hUNOMTR8,Macarthur FC,Melbourne Victory,1,1,ou,1.50,under,8.4,1
hUNOMTR8,Macarthur FC,Melbourne Victory,1,1,ou,2.50,over,1.41,1
hUNOMTR8,Macarthur FC,Melbourne Victory,1,1,ou,2.50,under,3.35,1
hUNOMTR8,Macarthur FC,Melbourne Victory,1,1,ou,3.50,over,2.0,1
hUNOMTR8,Macarthur FC,Melbourne Victory,1,1,ou,3.50,under,1.98,1
hUNOMTR8,Macarthur FC,Melbourne Victory,1,1,ou,4.50,over,3.35,1
hUNOMTR8,Macarthur FC,Melbourne Victory,1,1,ou,4.50,under,1.41,1
hUNOMTR8,Macarthur FC,Melbourne Victory,1,1,ou,5.50,over,6.0,1
hUNOMTR8,Macarthur FC,Melbourne Victory,1,1,ou,5.50,under,1.19,1
hUNOMTR8,Macarthur FC,Melbourne Victory,1,1,ou,6.50,over,13.0,1
hUNOMTR8,Macarthur FC,Melbourne Victory,1,1,ou,6.50,under,1.07,1
hUNOMTR8,Macarthur FC,Melbourne Victory,1,1,ou,7.50,over,30.0,1
hUNOMTR8,Macarthur FC,Melbourne Victory,1,1,ou,7.50,under,1.03,1
hUNOMTR8,Macarthur FC,Melbourne Victory,1,1,ou,8.50,over,65.0,1
hUNOMTR8,Macarthur FC,Melbourne Victory,1,1,hc,0,home,2.19,1
hUNOMTR8,Macarthur FC,Melbourne Victory,1,1,hc,0,away,1.82,1
hUNOMTR8,Macarthur FC,Melbourne Victory,1,1,hc,0.50,home,1.69,1
hUNOMTR8,Macarthur FC,Melbourne Victory,1,1,hc,0.50,away,2.4,1
hUNOMTR8,Macarthur FC,Melbourne Victory,1,1,hc,-0.50,home,2.9,1
hUNOMTR8,Macarthur FC,Melbourne Victory,1,1,hc,-0.50,away,1.52,1
hUNOMTR8,Macarthur FC,Melbourne Victory,1,1,hc,0.75,home,1.53,1
hUNOMTR8,Macarthur FC,Melbourne Victory,1,1,hc,0.75,away,2.82,1
hUNOMTR8,Macarthur FC,Melbourne Victory,1,1,hc,-0.75,home,3.48,1
hUNOMTR8,Macarthur FC,Melbourne Victory,1,1,hc,-0.75,away,1.39,1
hUNOMTR8,Macarthur FC,Melbourne Victory,1,1,hc,1.00,home,1.36,1
hUNOMTR8,Macarthur FC,Melbourne Victory,1,1,hc,1.00,away,3.62,1
hUNOMTR8,Macarthur FC,Melbourne Victory,1,1,hc,-1.00,home,4.56,1
hUNOMTR8,Macarthur FC,Melbourne Victory,1,1,hc,-1.00,away,1.26,1
hUNOMTR8,Macarthur FC,Melbourne Victory,1,1,hc,1.25,home,1.31,1
hUNOMTR8,Macarthur FC,Melbourne Victory,1,1,hc,1.25,away,4.03,1
hUNOMTR8,Macarthur FC,Melbourne Victory,1,1,hc,-1.25,home,5.0,1
hUNOMTR8,Macarthur FC,Melbourne Victory,1,1,hc,-1.25,away,1.23,1
hUNOMTR8,Macarthur FC,Melbourne Victory,1,1,hc,1.50,home,1.27,1
hUNOMTR8,Macarthur FC,Melbourne Victory,1,1,hc,1.50,away,4.45,1
hUNOMTR8,Macarthur FC,Melbourne Victory,1,1,hc,-1.50,home,5.44,1
hUNOMTR8,Macarthur FC,Melbourne Victory,1,1,hc,-1.50,away,1.21,1
hUNOMTR8,Macarthur FC,Melbourne Victory,1,1,hc,1.75,home,1.2,1
hUNOMTR8,Macarthur FC,Melbourne Victory,1,1,hc,1.75,away,5.56,1
hUNOMTR8,Macarthur FC,Melbourne Victory,1,1,hc,-1.75,home,7.04,1
hUNOMTR8,Macarthur FC,Melbourne Victory,1,1,hc,-1.75,away,1.15,1
hUNOMTR8,Macarthur FC,Melbourne Victory,1,1,hc,2.00,home,1.12,1
hUNOMTR8,Macarthur FC,Melbourne Victory,1,1,hc,2.00,away,7.73,1
hUNOMTR8,Macarthur FC,Melbourne Victory,1,1,hc,-2.00,home,10.43,1
hUNOMTR8,Macarthur FC,Melbourne Victory,1,1,hc,-2.00,away,1.09,1
hUNOMTR8,Macarthur FC,Melbourne Victory,1,1,hc,2.25,home,1.11,1
hUNOMTR8,Macarthur FC,Melbourne Victory,1,1,hc,2.25,away,8.22,1
hUNOMTR8,Macarthur FC,Melbourne Victory,1,1,hc,-2.25,home,10.99,1
hUNOMTR8,Macarthur FC,Melbourne Victory,1,1,hc,-2.25,away,1.08,1
hUNOMTR8,Macarthur FC,Melbourne Victory,1,1,hc,2.50,home,1.11,1
hUNOMTR8,Macarthur FC,Melbourne Victory,1,1,hc,2.50,away,8.69,1
hUNOMTR8,Macarthur FC,Melbourne Victory,1,1,hc,-2.50,home,11.55,1
hUNOMTR8,Macarthur FC,Melbourne Victory,1,1,hc,-2.50,away,1.07,1
hUNOMTR8,Macarthur FC,Melbourne Victory,1,1,hc,2.75,home,1.07,1
hUNOMTR8,Macarthur FC,Melbourne Victory,1,1,hc,2.75,away,11.99,1
hUNOMTR8,Macarthur FC,Melbourne Victory,1,1,hc,-2.75,home,12.14,1
hUNOMTR8,Macarthur FC,Melbourne Victory,1,1,hc,-2.75,away,1.05,1
hUNOMTR8,Macarthur FC,Melbourne Victory,1,1,hc,3.00,home,1.03,1
hUNOMTR8,Macarthur FC,Melbourne Victory,1,1,hc,3.00,away,8.7,1
hUNOMTR8,Macarthur FC,Melbourne Victory,1,1,hc,-3.00,home,11.56,1
hUNOMTR8,Macarthur FC,Melbourne Victory,1,1,hc,3.25,home,1.03,1
hUNOMTR8,Macarthur FC,Melbourne Victory,1,1,hc,3.25,away,8.7,1
hUNOMTR8,Macarthur FC,Melbourne Victory,1,1,hc,-3.25,home,11.56,1
hUNOMTR8,Macarthur FC,Melbourne Victory,1,1,hc,3.50,home,1.03,1
hUNOMTR8,Macarthur FC,Melbourne Victory,1,1,hc,3.50,away,8.7,1
hUNOMTR8,Macarthur FC,Melbourne Victory,1,1,hc,-3.50,home,11.56,1
hUNOMTR8,Macarthur FC,Melbourne Victory,1,1,hc,3.75,away,8.7,1
hUNOMTR8,Macarthur FC,Melbourne Victory,1,1,hc,-3.75,home,11.56,1
hUNOMTR8,Macarthur FC,Melbourne Victory,1,1,hc,-3.75,away,1.03,1
hUNOMTR8,Macarthur FC,Melbourne Victory,1,1,hc,0.25,home,1.88,1
hUNOMTR8,Macarthur FC,Melbourne Victory,1,1,hc,0.25,away,2.11,1
hUNOMTR8,Macarthur FC,Melbourne Victory,1,1,hc,-0.25,home,2.54,1
hUNOMTR8,Macarthur FC,Melbourne Victory,1,1,hc,-0.25,away,1.63,1
hUNOMTR8,Macarthur FC,Melbourne Victory,1,1,dc,0,home/draw,1.69,1
hUNOMTR8,Macarthur FC,Melbourne Victory,1,1,dc,0,home/away,1.31,1
hUNOMTR8,Macarthur FC,Melbourne Victory,1,1,dc,0,draw/away,1.52,1
xx0D3Z2t,Brisbane Roar,Adelaide United,1,1,1x2,0,home,3.25,1
xx0D3Z2t,Brisbane Roar,Adelaide United,1,1,1x2,0,draw,4.2,1
xx0D3Z2t,Brisbane Roar,Adelaide United,1,1,1x2,0,away,2.18,1
xx0D3Z2t,Brisbane Roar,Adelaide United,1,1,ou,0.50,over,1.02,1
xx0D3Z2t,Brisbane Roar,Adelaide United,1,1,ou,0.50,under,34.0,1
xx0D3Z2t,Brisbane Roar,Adelaide United,1,1,ou,1.50,over,1.14,1
xx0D3Z2t,Brisbane Roar,Adelaide United,1,1,ou,1.50,under,7.4,1
xx0D3Z2t,Brisbane Roar,Adelaide United,1,1,ou,2.50,over,1.46,1
xx0D3Z2t,Brisbane Roar,Adelaide United,1,1,ou,2.50,under,3.05,1
xx0D3Z2t,Brisbane Roar,Adelaide United,1,1,ou,3.50,over,2.16,1
xx0D3Z2t,Brisbane Roar,Adelaide United,1,1,ou,3.50,under,1.84,1
xx0D3Z2t,Brisbane Roar,Adelaide United,1,1,ou,4.50,over,3.7,1
xx0D3Z2t,Brisbane Roar,Adelaide United,1,1,ou,4.50,under,1.36,1
xx0D3Z2t,Brisbane Roar,Adelaide United,1,1,ou,5.50,over,7.0,1
xx0D3Z2t,Brisbane Roar,Adelaide United,1,1,ou,5.50,under,1.16,1
xx0D3Z2t,Brisbane Roar,Adelaide United,1,1,ou,6.50,over,15.5,1
xx0D3Z2t,Brisbane Roar,Adelaide United,1,1,ou,6.50,under,1.06,1
xx0D3Z2t,Brisbane Roar,Adelaide United,1,1,ou,7.50,over,36.0,1
xx0D3Z2t,Brisbane Roar,Adelaide United,1,1,ou,7.50,under,1.02,1
xx0D3Z2t,Brisbane Roar,Adelaide United,1,1,ou,8.50,over,65.0,1
xx0D3Z2t,Brisbane Roar,Adelaide United,1,1,hc,0,home,2.47,1
xx0D3Z2t,Brisbane Roar,Adelaide United,1,1,hc,0,away,1.67,1
xx0D3Z2t,Brisbane Roar,Adelaide United,1,1,hc,0.50,home,1.83,1
xx0D3Z2t,Brisbane Roar,Adelaide United,1,1,hc,0.50,away,2.18,1
xx0D3Z2t,Brisbane Roar,Adelaide United,1,1,hc,-0.50,home,3.25,1
xx0D3Z2t,Brisbane Roar,Adelaide United,1,1,hc,-0.50,away,1.44,1
xx0D3Z2t,Brisbane Roar,Adelaide United,1,1,hc,0.75,home,1.63,1
xx0D3Z2t,Brisbane Roar,Adelaide United,1,1,hc,0.75,away,2.53,1
xx0D3Z2t,Brisbane Roar,Adelaide United,1,1,hc,-0.75,home,4.01,1
xx0D3Z2t,Brisbane Roar,Adelaide United,1,1,hc,-0.75,away,1.32,1
xx0D3Z2t,Brisbane Roar,Adelaide United,1,1,hc,1.00,home,1.43,1
xx0D3Z2t,Brisbane Roar,Adelaide United,1,1,hc,1.00,away,3.19,1
xx0D3Z2t,Brisbane Roar,Adelaide United,1,1,hc,-1.00,home,5.52,1
xx0D3Z2t,Brisbane Roar,Adelaide United,1,1,hc,-1.00,away,1.21,1
xx0D3Z2t,Brisbane Roar,Adelaide United,1,1,hc,1.25,home,1.36,1
xx0D3Z2t,Brisbane Roar,Adelaide United,1,1,hc,1.25,away,3.63,1
xx0D3Z2t,Brisbane Roar,Adelaide United,1,1,hc,-1.25,home,6.02,1
xx0D3Z2t,Brisbane Roar,Adelaide United,1,1,hc,-1.25,away,1.18,1
xx0D3Z2t,Brisbane Roar,Adelaide United,1,1,hc,1.50,home,1.31,1
xx0D3Z2t,Brisbane Roar,Adelaide United,1,1,hc,1.50,away,4.03,1
xx0D3Z2t,Brisbane Roar,Adelaide United,1,1,hc,-1.50,home,6.53,1
xx0D3Z2t,Brisbane Roar,Adelaide United,1,1,hc,-1.50,away,1.17,1
xx0D3Z2t,Brisbane Roar,Adelaide United,1,1,hc,1.75,home,1.22,1
xx0D3Z2t,Brisbane Roar,Adelaide United,1,1,hc,1.75,away,5.16,1
xx0D3Z2t,Brisbane Roar,Adelaide United,1,1,hc,-1.75,home,8.85,1
xx0D3Z2t,Brisbane Roar,Adelaide United,1,1,hc,-1.75,away,1.11,1
xx0D3Z2t,Brisbane Roar,Adelaide United,1,1,hc,2.00,home,1.14,1
xx0D3Z2t,Brisbane Roar,Adelaide United,1,1,hc,2.00,away,7.54,1
xx0D3Z2t,Brisbane Roar,Adelaide United,1,1,hc,-2.00,home,13.5,1
xx0D3Z2t,Brisbane Roar,Adelaide United,1,1,hc,-2.00,away,1.06,1
xx0D3Z2t,Brisbane Roar,Adelaide United,1,1,hc,2.25,home,1.12,1
xx0D3Z2t,Brisbane Roar,Adelaide United,1,1,hc,2.25,away,8.11,1
xx0D3Z2t,Brisbane Roar,Adelaide United,1,1,hc,-2.25,home,14.06,1
xx0D3Z2t,Brisbane Roar,Adelaide United,1,1,hc,-2.25,away,1.06,1
xx0D3Z2t,Brisbane Roar,Adelaide United,1,1,hc,2.50,home,1.11,1
xx0D3Z2t,Brisbane Roar,Adelaide United,1,1,hc,2.50,away,8.69,1
xx0D3Z2t,Brisbane Roar,Adelaide United,1,1,hc,-2.50,home,14.62,1
xx0D3Z2t,Brisbane Roar,Adelaide United,1,1,hc,-2.50,away,1.06,1
xx0D3Z2t,Brisbane Roar,Adelaide United,1,1,hc,2.75,home,1.08,1
xx0D3Z2t,Brisbane Roar,Adelaide United,1,1,hc,2.75,away,8.69,1
xx0D3Z2t,Brisbane Roar,Adelaide United,1,1,hc,-2.75,home,20.34,1
xx0D3Z2t,Brisbane Roar,Adelaide United,1,1,hc,-2.75,away,1.03,1
xx0D3Z2t,Brisbane Roar,Adelaide United,1,1,hc,3.00,home,1.03,1
xx0D3Z2t,Brisbane Roar,Adelaide United,1,1,hc,3.00,away,8.69,1
xx0D3Z2t,Brisbane Roar,Adelaide United,1,1,hc,3.25,home,1.03,1
xx0D3Z2t,Brisbane Roar,Adelaide United,1,1,hc,3.25,away,8.69,1
xx0D3Z2t,Brisbane Roar,Adelaide United,1,1,hc,3.50,home,1.03,1
xx0D3Z2t,Brisbane Roar,Adelaide United,1,1,hc,3.50,away,8.69,1
xx0D3Z2t,Brisbane Roar,Adelaide United,1,1,hc,3.75,away,8.69,1
xx0D3Z2t,Brisbane Roar,Adelaide United,1,1,hc,0.25,home,2.06,1
xx0D3Z2t,Brisbane Roar,Adelaide United,1,1,hc,0.25,away,1.92,1
xx0D3Z2t,Brisbane Roar,Adelaide United,1,1,hc,-0.25,home,2.86,1
xx0D3Z2t,Brisbane Roar,Adelaide United,1,1,hc,-0.25,away,1.53,1
xx0D3Z2t,Brisbane Roar,Adelaide United,1,1,dc,0,home/draw,1.83,1
xx0D3Z2t,Brisbane Roar,Adelaide United,1,1,dc,0,home/away,1.3,1
xx0D3Z2t,Brisbane Roar,Adelaide United,1,1,dc,0,draw/away,1.44,1
48sU0n5k,Central Coast Mariners,Macarthur FC,2,2,1x2,0,home,3.95,1
48sU0n5k,Central Coast Mariners,Macarthur FC,2,2,1x2,0,draw,4.1,1
48sU0n5k,Central Coast Mariners,Macarthur FC,2,2,1x2,0,away,1.96,1
48sU0n5k,Central Coast Mariners,Macarthur FC,2,2,ou,0.50,over,1.04,1
48sU0n5k,Central Coast Mariners,Macarthur FC,2,2,ou,0.50,under,23.0,1
48sU0n5k,Central Coast Mariners,Macarthur FC,2,2,ou,1.50,over,1.19,1
48sU0n5k,Central Coast Mariners,Macarthur FC,2,2,ou,1.50,under,6.0,1
48sU0n5k,Central Coast Mariners,Macarthur FC,2,2,ou,2.50,over,1.57,1
48sU0n5k,Central Coast Mariners,Macarthur FC,2,2,ou,2.50,under,2.7,1
48sU0n5k,Central Coast Mariners,Macarthur FC,2,2,ou,3.50,over,2.4,1
48sU0n5k,Central Coast Mariners,Macarthur FC,2,2,ou,3.50,under,1.69,1
48sU0n5k,Central Coast Mariners,Macarthur FC,2,2,ou,4.50,over,4.3,1
48sU0n5k,Central Coast Mariners,Macarthur FC,2,2,ou,4.50,under,1.29,1
48sU0n5k,Central Coast Mariners,Macarthur FC,2,2,ou,5.50,over,9.0,1
48sU0n5k,Central Coast Mariners,Macarthur FC,2,2,ou,5.50,under,1.12,1
48sU0n5k,Central Coast Mariners,Macarthur FC,2,2,ou,6.50,over,20.0,1
48sU0n5k,Central Coast Mariners,Macarthur FC,2,2,ou,6.50,under,1.04,1
48sU0n5k,Central Coast Mariners,Macarthur FC,2,2,ou,7.50,over,50.0,1
48sU0n5k,Central Coast Mariners,Macarthur FC,2,2,hc,0,home,3.0,1
48sU0n5k,Central Coast Mariners,Macarthur FC,2,2,hc,0,away,1.49,1
48sU0n5k,Central Coast Mariners,Macarthur FC,2,2,hc,0.50,home,2.03,1
48sU0n5k,Central Coast Mariners,Macarthur FC,2,2,hc,0.50,away,1.96,1
48sU0n5k,Central Coast Mariners,Macarthur FC,2,2,hc,-0.50,home,3.95,1
48sU0n5k,Central Coast Mariners,Macarthur FC,2,2,hc,-0.50,away,1.33,1
48sU0n5k,Central Coast Mariners,Macarthur FC,2,2,hc,0.75,home,1.8,1
48sU0n5k,Central Coast Mariners,Macarthur FC,2,2,hc,0.75,away,2.22,1
48sU0n5k,Central Coast Mariners,Macarthur FC,2,2,hc,-0.75,home,5.11,1
48sU0n5k,Central Coast Mariners,Macarthur FC,2,2,hc,-0.75,away,1.23,1
48sU0n5k,Central Coast Mariners,Macarthur FC,2,2,hc,1.00,home,1.58,1
48sU0n5k,Central Coast Mariners,Macarthur FC,2,2,hc,1.00,away,2.7,1
48sU0n5k,Central Coast Mariners,Macarthur FC,2,2,hc,-1.00,home,7.67,1
48sU0n5k,Central Coast Mariners,Macarthur FC,2,2,hc,-1.00,away,1.13,1
48sU0n5k,Central Coast Mariners,Macarthur FC,2,2,hc,1.25,home,1.47,1
48sU0n5k,Central Coast Mariners,Macarthur FC,2,2,hc,1.25,away,3.07,1
48sU0n5k,Central Coast Mariners,Macarthur FC,2,2,hc,-1.25,home,8.31,1
48sU0n5k,Central Coast Mariners,Macarthur FC,2,2,hc,-1.25,away,1.12,1
48sU0n5k,Central Coast Mariners,Macarthur FC,2,2,hc,1.50,home,1.39,1
48sU0n5k,Central Coast Mariners,Macarthur FC,2,2,hc,1.50,away,3.45,1
48sU0n5k,Central Coast Mariners,Macarthur FC,2,2,hc,-1.50,home,8.92,1
48sU0n5k,Central Coast Mariners,Macarthur FC,2,2,hc,-1.50,away,1.11,1
48sU0n5k,Central Coast Mariners,Macarthur FC,2,2,hc,1.75,home,1.29,1
48sU0n5k,Central Coast Mariners,Macarthur FC,2,2,hc,1.75,away,4.32,1
48sU0n5k,Central Coast Mariners,Macarthur FC,2,2,hc,-1.75,home,9.06,1
48sU0n5k,Central Coast Mariners,Macarthur FC,2,2,hc,-1.75,away,1.07,1
48sU0n5k,Central Coast Mariners,Macarthur FC,2,2,hc,2.00,home,1.18,1
48sU0n5k,Central Coast Mariners,Macarthur FC,2,2,hc,2.00,away,6.15,1
48sU0n5k,Central Coast Mariners,Macarthur FC,2,2,hc,-2.00,home,9.06,1
48sU0n5k,Central Coast Mariners,Macarthur FC,2,2,hc,-2.00,away,1.02,1
48sU0n5k,Central Coast Mariners,Macarthur FC,2,2,hc,2.25,home,1.16,1
48sU0n5k,Central Coast Mariners,Macarthur FC,2,2,hc,2.25,away,6.7,1
48sU0n5k,Central Coast Mariners,Macarthur FC,2,2,hc,-2.25,home,9.06,1
48sU0n5k,Central Coast Mariners,Macarthur FC,2,2,hc,-2.25,away,1.02,1
48sU0n5k,Central Coast Mariners,Macarthur FC,2,2,hc,2.50,home,1.15,1
48sU0n5k,Central Coast Mariners,Macarthur FC,2,2,hc,2.50,away,7.25,1
48sU0n5k,Central Coast Mariners,Macarthur FC,2,2,hc,-2.50,home,9.06,1
48sU0n5k,Central Coast Mariners,Macarthur FC,2,2,hc,-2.50,away,1.02,1
48sU0n5k,Central Coast Mariners,Macarthur FC,2,2,hc,2.75,home,1.1,1
48sU0n5k,Central Coast Mariners,Macarthur FC,2,2,hc,2.75,away,9.69,1
48sU0n5k,Central Coast Mariners,Macarthur FC,2,2,hc,-2.75,home,9.06,1
48sU0n5k,Central Coast Mariners,Macarthur FC,2,2,hc,3.00,home,1.06,1
48sU0n5k,Central Coast Mariners,Macarthur FC,2,2,hc,3.00,away,14.51,1
48sU0n5k,Central Coast Mariners,Macarthur FC,2,2,hc,3.25,home,1.05,1
48sU0n5k,Central Coast Mariners,Macarthur FC,2,2,hc,3.25,away,14.94,1
48sU0n5k,Central Coast Mariners,Macarthur FC,2,2,hc,3.50,home,1.05,1
48sU0n5k,Central Coast Mariners,Macarthur FC,2,2,hc,3.50,away,15.46,1
48sU0n5k,Central Coast Mariners,Macarthur FC,2,2,hc,3.75,home,1.02,1
48sU0n5k,Central Coast Mariners,Macarthur FC,2,2,hc,3.75,away,15.46,1
48sU0n5k,Central Coast Mariners,Macarthur FC,2,2,hc,0.25,home,2.36,1
48sU0n5k,Central Coast Mariners,Macarthur FC,2,2,hc,0.25,away,1.72,1
48sU0n5k,Central Coast Mariners,Macarthur FC,2,2,hc,-0.25,home,3.47,1
48sU0n5k,Central Coast Mariners,Macarthur FC,2,2,hc,-0.25,away,1.39,1
48sU0n5k,Central Coast Mariners,Macarthur FC,2,2,dc,0,home/draw,2.02,1
48sU0n5k,Central Coast Mariners,Macarthur FC,2,2,dc,0,home/away,1.31,1
48sU0n5k,Central Coast Mariners,Macarthur FC,2,2,dc,0,draw/away,1.33,1
QNVxaQZ1,Sydney FC,Newcastle Jets,3,3,1x2,0,home,1.58,1
QNVxaQZ1,Sydney FC,Newcastle Jets,3,3,1x2,0,draw,5.3,1
QNVxaQZ1,Sydney FC,Newcastle Jets,3,3,1x2,0,away,5.4,1
QNVxaQZ1,Sydney FC,Newcastle Jets,3,3,ou,0.50,under,50.0,1
QNVxaQZ1,Sydney FC,Newcastle Jets,3,3,ou,1.50,over,1.07,1
QNVxaQZ1,Sydney FC,Newcastle Jets,3,3,ou,1.50,under,13.0,1
QNVxaQZ1,Sydney FC,Newcastle Jets,3,3,ou,2.50,over,1.26,1
QNVxaQZ1,Sydney FC,Newcastle Jets,3,3,ou,2.50,under,4.8,1
QNVxaQZ1,Sydney FC,Newcastle Jets,3,3,ou,3.50,over,1.63,1
QNVxaQZ1,Sydney FC,Newcastle Jets,3,3,ou,3.50,under,2.56,1
QNVxaQZ1,Sydney FC,Newcastle Jets,3,3,ou,4.50,over,2.4,1
QNVxaQZ1,Sydney FC,Newcastle Jets,3,3,ou,4.50,under,1.7,1
QNVxaQZ1,Sydney FC,Newcastle Jets,3,3,ou,5.50,over,4.0,1
QNVxaQZ1,Sydney FC,Newcastle Jets,3,3,ou,5.50,under,1.32,1
QNVxaQZ1,Sydney FC,Newcastle Jets,3,3,ou,6.50,over,7.4,1
QNVxaQZ1,Sydney FC,Newcastle Jets,3,3,ou,6.50,under,1.14,1
QNVxaQZ1,Sydney FC,Newcastle Jets,3,3,ou,7.50,over,15.5,1
QNVxaQZ1,Sydney FC,Newcastle Jets,3,3,ou,7.50,under,1.06,1
QNVxaQZ1,Sydney FC,Newcastle Jets,3,3,ou,8.50,over,36.0,1
QNVxaQZ1,Sydney FC,Newcastle Jets,3,3,ou,8.50,under,1.02,1
QNVxaQZ1,Sydney FC,Newcastle Jets,3,3,hc,0,home,1.29,1
QNVxaQZ1,Sydney FC,Newcastle Jets,3,3,hc,0,away,4.39,1
QNVxaQZ1,Sydney FC,Newcastle Jets,3,3,hc,0.50,home,1.22,1
QNVxaQZ1,Sydney FC,Newcastle Jets,3,3,hc,0.50,away,5.4,1
QNVxaQZ1,Sydney FC,Newcastle Jets,3,3,hc,-0.50,home,1.58,1
QNVxaQZ1,Sydney FC,Newcastle Jets,3,3,hc,-0.50,away,2.69,1
QNVxaQZ1,Sydney FC,Newcastle Jets,3,3,hc,0.75,home,1.16,1
QNVxaQZ1,Sydney FC,Newcastle Jets,3,3,hc,0.75,away,7.0,1
QNVxaQZ1,Sydney FC,Newcastle Jets,3,3,hc,-0.75,home,1.69,1
QNVxaQZ1,Sydney FC,Newcastle Jets,3,3,hc,-0.75,away,2.41,1
QNVxaQZ1,Sydney FC,Newcastle Jets,3,3,hc,1.00,home,1.1,1
QNVxaQZ1,Sydney FC,Newcastle Jets,3,3,hc,1.00,away,10.37,1
QNVxaQZ1,Sydney FC,Newcastle Jets,3,3,hc,-1.00,home,1.86,1
QNVxaQZ1,Sydney FC,Newcastle Jets,3,3,hc,-1.00,away,2.13,1
QNVxaQZ1,Sydney FC,Newcastle Jets,3,3,hc,1.25,home,1.09,1
QNVxaQZ1,Sydney FC,Newcastle Jets,3,3,hc,1.25,away,10.93,1
QNVxaQZ1,Sydney FC,Newcastle Jets,3,3,hc,-1.25,home,2.1,1
QNVxaQZ1,Sydney FC,Newcastle Jets,3,3,hc,-1.25,away,1.88,1
QNVxaQZ1,Sydney FC,Newcastle Jets,3,3,hc,1.50,home,1.08,1
QNVxaQZ1,Sydney FC,Newcastle Jets,3,3,hc,1.50,away,11.5,1
QNVxaQZ1,Sydney FC,Newcastle Jets,3,3,hc,-1.50,home,2.34,1
QNVxaQZ1,Sydney FC,Newcastle Jets,3,3,hc,-1.50,away,1.72,1
QNVxaQZ1,Sydney FC,Newcastle Jets,3,3,hc,1.75,home,1.05,1
QNVxaQZ1,Sydney FC,Newcastle Jets,3,3,hc,1.75,away,11.55,1
QNVxaQZ1,Sydney FC,Newcastle Jets,3,3,hc,-1.75,home,2.64,1
QNVxaQZ1,Sydney FC,Newcastle Jets,3,3,hc,-1.75,away,1.57,1
QNVxaQZ1,Sydney FC,Newcastle Jets,3,3,hc,2.00,home,1.02,1
QNVxaQZ1,Sydney FC,Newcastle Jets,3,3,hc,2.00,away,11.5,1
QNVxaQZ1,Sydney FC,Newcastle Jets,3,3,hc,-2.00,home,3.12,1
QNVxaQZ1,Sydney FC,Newcastle Jets,3,3,hc,-2.00,away,1.43,1
QNVxaQZ1,Sydney FC,Newcastle Jets,3,3,hc,2.25,home,1.02,1
QNVxaQZ1,Sydney FC,Newcastle Jets,3,3,hc,2.25,away,11.5,1
QNVxaQZ1,Sydney FC,Newcastle Jets,3,3,hc,-2.25,home,3.41,1
QNVxaQZ1,Sydney FC,Newcastle Jets,3,3,hc,-2.25,away,1.37,1
QNVxaQZ1,Sydney FC,Newcastle Jets,3,3,hc,2.50,home,1.02,1
QNVxaQZ1,Sydney FC,Newcastle Jets,3,3,hc,2.50,away,11.5,1
QNVxaQZ1,Sydney FC,Newcastle Jets,3,3,hc,-2.50,home,3.7,1
QNVxaQZ1,Sydney FC,Newcastle Jets,3,3,hc,-2.50,away,1.33,1
QNVxaQZ1,Sydney FC,Newcastle Jets,3,3,hc,2.75,away,11.5,1
QNVxaQZ1,Sydney FC,Newcastle Jets,3,3,hc,-2.75,home,4.7,1
QNVxaQZ1,Sydney FC,Newcastle Jets,3,3,hc,-2.75,away,1.24,1
QNVxaQZ1,Sydney FC,Newcastle Jets,3,3,hc,-3.00,home,6.88,1
QNVxaQZ1,Sydney FC,Newcastle Jets,3,3,hc,-3.00,away,1.16,1
QNVxaQZ1,Sydney FC,Newcastle Jets,3,3,hc,-3.25,home,7.35,1
QNVxaQZ1,Sydney FC,Newcastle Jets,3,3,hc,-3.25,away,1.16,1
QNVxaQZ1,Sydney FC,Newcastle Jets,3,3,hc,-3.50,home,7.82,1
QNVxaQZ1,Sydney FC,Newcastle Jets,3,3,hc,-3.50,away,1.14,1
QNVxaQZ1,Sydney FC,Newcastle Jets,3,3,hc,-3.75,home,9.82,1
QNVxaQZ1,Sydney FC,Newcastle Jets,3,3,hc,-3.75,away,1.1,1
QNVxaQZ1,Sydney FC,Newcastle Jets,3,3,hc,-4.00,home,11.0,1
QNVxaQZ1,Sydney FC,Newcastle Jets,3,3,hc,-4.00,away,1.06,1
QNVxaQZ1,Sydney FC,Newcastle Jets,3,3,hc,0.25,home,1.25,1
QNVxaQZ1,Sydney FC,Newcastle Jets,3,3,hc,0.25,away,4.89,1
QNVxaQZ1,Sydney FC,Newcastle Jets,3,3,hc,-0.25,home,1.43,1
QNVxaQZ1,Sydney FC,Newcastle Jets,3,3,hc,-0.25,away,3.26,1
QNVxaQZ1,Sydney FC,Newcastle Jets,3,3,dc,0,home/draw,1.22,1
QNVxaQZ1,Sydney FC,Newcastle Jets,3,3,dc,0,home/away,1.22,1
QNVxaQZ1,Sydney FC,Newcastle Jets,3,3,dc,0,draw/away,2.7,1
zgib68sS,WS Wanderers,Melbourne City,2,2,1x2,0,home,3.1,1
zgib68sS,WS Wanderers,Melbourne City,2,2,1x2,0,draw,3.95,1
zgib68sS,WS Wanderers,Melbourne City,2,2,1x2,0,away,2.34,1
zgib68sS,WS Wanderers,Melbourne City,2,2,ou,0.50,over,1.04,1
zgib68sS,WS Wanderers,Melbourne City,2,2,ou,0.50,under,25.0,1
zgib68sS,WS Wanderers,Melbourne City,2,2,ou,1.50,over,1.17,1
zgib68sS,WS Wanderers,Melbourne City,2,2,ou,1.50,under,6.4,1
zgib68sS,WS Wanderers,Melbourne City,2,2,ou,2.50,over,1.54,1
zgib68sS,WS Wanderers,Melbourne City,2,2,ou,2.50,under,2.82,1
zgib68sS,WS Wanderers,Melbourne City,2,2,ou,3.50,over,2.28,1
zgib68sS,WS Wanderers,Melbourne City,2,2,ou,3.50,under,1.76,1
zgib68sS,WS Wanderers,Melbourne City,2,2,ou,4.50,over,4.1,1
zgib68sS,WS Wanderers,Melbourne City,2,2,ou,4.50,under,1.31,1
zgib68sS,WS Wanderers,Melbourne City,2,2,ou,5.50,over,8.2,1
zgib68sS,WS Wanderers,Melbourne City,2,2,ou,5.50,under,1.13,1
zgib68sS,WS Wanderers,Melbourne City,2,2,ou,6.50,over,18.5,1
zgib68sS,WS Wanderers,Melbourne City,2,2,ou,6.50,under,1.05,1
zgib68sS,WS Wanderers,Melbourne City,2,2,ou,7.50,over,42.0,1
zgib68sS,WS Wanderers,Melbourne City,2,2,hc,0,home,2.29,1
zgib68sS,WS Wanderers,Melbourne City,2,2,hc,0,away,1.75,1
zgib68sS,WS Wanderers,Melbourne City,2,2,hc,0.50,home,1.73,1
zgib68sS,WS Wanderers,Melbourne City,2,2,hc,0.50,away,2.34,1
zgib68sS,WS Wanderers,Melbourne City,2,2,hc,-0.50,home,3.06,1
zgib68sS,WS Wanderers,Melbourne City,2,2,hc,-0.50,away,1.47,1
zgib68sS,WS Wanderers,Melbourne City,2,2,hc,0.75,home,1.55,1
zgib68sS,WS Wanderers,Melbourne City,2,2,hc,0.75,away,2.72,1
zgib68sS,WS Wanderers,Melbourne City,2,2,hc,-0.75,home,3.76,1
zgib68sS,WS Wanderers,Melbourne City,2,2,hc,-0.75,away,1.34,1
zgib68sS,WS Wanderers,Melbourne City,2,2,hc,1.00,home,1.38,1
zgib68sS,WS Wanderers,Melbourne City,2,2,hc,1.00,away,3.4,1
zgib68sS,WS Wanderers,Melbourne City,2,2,hc,-1.00,home,5.16,1
zgib68sS,WS Wanderers,Melbourne City,2,2,hc,-1.00,away,1.21,1
zgib68sS,WS Wanderers,Melbourne City,2,2,hc,1.25,home,1.32,1
zgib68sS,WS Wanderers,Melbourne City,2,2,hc,1.25,away,3.8,1
zgib68sS,WS Wanderers,Melbourne City,2,2,hc,-1.25,home,5.66,1
zgib68sS,WS Wanderers,Melbourne City,2,2,hc,-1.25,away,1.19,1
zgib68sS,WS Wanderers,Melbourne City,2,2,hc,1.50,home,1.27,1
zgib68sS,WS Wanderers,Melbourne City,2,2,hc,1.50,away,4.2,1
zgib68sS,WS Wanderers,Melbourne City,2,2,hc,-1.50,home,6.16,1
zgib68sS,WS Wanderers,Melbourne City,2,2,hc,-1.50,away,1.17,1
zgib68sS,WS Wanderers,Melbourne City,2,2,hc,1.75,home,1.2,1
zgib68sS,WS Wanderers,Melbourne City,2,2,hc,1.75,away,5.41,1
zgib68sS,WS Wanderers,Melbourne City,2,2,hc,-1.75,home,8.35,1
zgib68sS,WS Wanderers,Melbourne City,2,2,hc,-1.75,away,1.12,1
zgib68sS,WS Wanderers,Melbourne City,2,2,hc,2.00,home,1.12,1
zgib68sS,WS Wanderers,Melbourne City,2,2,hc,2.00,away,8.11,1
zgib68sS,WS Wanderers,Melbourne City,2,2,hc,-2.00,home,12.32,1
zgib68sS,WS Wanderers,Melbourne City,2,2,hc,-2.00,away,1.06,1
zgib68sS,WS Wanderers,Melbourne City,2,2,hc,2.25,home,1.11,1
zgib68sS,WS Wanderers,Melbourne City,2,2,hc,2.25,away,8.73,1
zgib68sS,WS Wanderers,Melbourne City,2,2,hc,-2.25,home,12.91,1
zgib68sS,WS Wanderers,Melbourne City,2,2,hc,-2.25,away,1.06,1
zgib68sS,WS Wanderers,Melbourne City,2,2,hc,2.50,home,1.1,1
zgib68sS,WS Wanderers,Melbourne City,2,2,hc,2.50,away,9.13,1
zgib68sS,WS Wanderers,Melbourne City,2,2,hc,-2.50,home,13.09,1
zgib68sS,WS Wanderers,Melbourne City,2,2,hc,-2.50,away,1.06,1
zgib68sS,WS Wanderers,Melbourne City,2,2,hc,2.75,home,1.07,1
zgib68sS,WS Wanderers,Melbourne City,2,2,hc,2.75,away,10.81,1
zgib68sS,WS Wanderers,Melbourne City,2,2,hc,-2.75,home,13.09,1
zgib68sS,WS Wanderers,Melbourne City,2,2,hc,-2.75,away,1.03,1
zgib68sS,WS Wanderers,Melbourne City,2,2,hc,3.00,home,1.02,1
zgib68sS,WS Wanderers,Melbourne City,2,2,hc,3.00,away,9.33,1
zgib68sS,WS Wanderers,Melbourne City,2,2,hc,3.25,away,9.33,1
zgib68sS,WS Wanderers,Melbourne City,2,2,hc,3.50,away,9.33,1
zgib68sS,WS Wanderers,Melbourne City,2,2,hc,0.25,home,1.94,1
zgib68sS,WS Wanderers,Melbourne City,2,2,hc,0.25,away,2.04,1
zgib68sS,WS Wanderers,Melbourne City,2,2,hc,-0.25,home,2.68,1
zgib68sS,WS Wanderers,Melbourne City,2,2,hc,-0.25,away,1.58,1
zgib68sS,WS Wanderers,Melbourne City,2,2,dc,0,home/draw,1.73,1
zgib68sS,WS Wanderers,Melbourne City,2,2,dc,0,home/away,1.33,1
zgib68sS,WS Wanderers,Melbourne City,2,2,dc,0,draw/away,1.47,1
vLIIQBuB,Melbourne Victory,Auckland FC,0,0,1x2,0,home,2.36,1
vLIIQBuB,Melbourne Victory,Auckland FC,0,0,1x2,0,draw,3.7,1
vLIIQBuB,Melbourne Victory,Auckland FC,0,0,1x2,0,away,3.2,1
vLIIQBuB,Melbourne Victory,Auckland FC,0,0,ou,0.50,over,1.05,1
vLIIQBuB,Melbourne Victory,Auckland FC,0,0,ou,0.50,under,19.5,1
vLIIQBuB,Melbourne Victory,Auckland FC,0,0,ou,1.50,over,1.23,1
vLIIQBuB,Melbourne Victory,Auckland FC,0,0,ou,1.50,under,5.1,1
vLIIQBuB,Melbourne Victory,Auckland FC,0,0,ou,2.50,over,1.73,1
vLIIQBuB,Melbourne Victory,Auckland FC,0,0,ou,2.50,under,2.34,1
vLIIQBuB,Melbourne Victory,Auckland FC,0,0,ou,3.50,over,2.76,1
vLIIQBuB,Melbourne Victory,Auckland FC,0,0,ou,3.50,under,1.56,1
vLIIQBuB,Melbourne Victory,Auckland FC,0,0,ou,4.50,over,5.3,1
vLIIQBuB,Melbourne Victory,Auckland FC,0,0,ou,4.50,under,1.22,1
vLIIQBuB,Melbourne Victory,Auckland FC,0,0,ou,5.50,over,11.5,1
vLIIQBuB,Melbourne Victory,Auckland FC,0,0,ou,5.50,under,1.09,1
vLIIQBuB,Melbourne Victory,Auckland FC,0,0,ou,6.50,over,27.0,1
vLIIQBuB,Melbourne Victory,Auckland FC,0,0,ou,6.50,under,1.03,1
vLIIQBuB,Melbourne Victory,Auckland FC,0,0,ou,7.50,over,65.0,1
vLIIQBuB,Melbourne Victory,Auckland FC,0,0,hc,0,home,1.72,1
vLIIQBuB,Melbourne Victory,Auckland FC,0,0,hc,0,away,2.33,1
vLIIQBuB,Melbourne Victory,Auckland FC,0,0,hc,0.50,home,1.44,1
vLIIQBuB,Melbourne Victory,Auckland FC,0,0,hc,0.50,away,3.2,1
vLIIQBuB,Melbourne Victory,Auckland FC,0,0,hc,-0.50,home,2.36,1
vLIIQBuB,Melbourne Victory,Auckland FC,0,0,hc,-0.50,away,1.71,1
vLIIQBuB,Melbourne Victory,Auckland FC,0,0,hc,0.75,home,1.31,1
vLIIQBuB,Melbourne Victory,Auckland FC,0,0,hc,0.75,away,4.01,1
vLIIQBuB,Melbourne Victory,Auckland FC,0,0,hc,-0.75,home,2.78,1
vLIIQBuB,Melbourne Victory,Auckland FC,0,0,hc,-0.75,away,1.53,1
vLIIQBuB,Melbourne Victory,Auckland FC,0,0,hc,1.00,home,1.19,1
vLIIQBuB,Melbourne Victory,Auckland FC,0,0,hc,1.00,away,5.81,1
vLIIQBuB,Melbourne Victory,Auckland FC,0,0,hc,-1.00,home,3.57,1
vLIIQBuB,Melbourne Victory,Auckland FC,0,0,hc,-1.00,away,1.34,1
vLIIQBuB,Melbourne Victory,Auckland FC,0,0,hc,1.25,home,1.17,1
vLIIQBuB,Melbourne Victory,Auckland FC,0,0,hc,1.25,away,6.4,1
vLIIQBuB,Melbourne Victory,Auckland FC,0,0,hc,-1.25,home,4.02,1
vLIIQBuB,Melbourne Victory,Auckland FC,0,0,hc,-1.25,away,1.29,1
vLIIQBuB,Melbourne Victory,Auckland FC,0,0,hc,1.50,home,1.15,1
vLIIQBuB,Melbourne Victory,Auckland FC,0,0,hc,1.50,away,7.0,1
vLIIQBuB,Melbourne Victory,Auckland FC,0,0,hc,-1.50,home,4.46,1
vLIIQBuB,Melbourne Victory,Auckland FC,0,0,hc,-1.50,away,1.25,1
vLIIQBuB,Melbourne Victory,Auckland FC,0,0,hc,1.75,home,1.1,1
vLIIQBuB,Melbourne Victory,Auckland FC,0,0,hc,1.75,away,9.33,1
vLIIQBuB,Melbourne Victory,Auckland FC,0,0,hc,-1.75,home,5.89,1
vLIIQBuB,Melbourne Victory,Auckland FC,0,0,hc,-1.75,away,1.17,1
vLIIQBuB,Melbourne Victory,Auckland FC,0,0,hc,2.00,home,1.05,1
vLIIQBuB,Melbourne Victory,Auckland FC,0,0,hc,2.00,away,13.5,1
vLIIQBuB,Melbourne Victory,Auckland FC,0,0,hc,-2.00,home,8.83,1
vLIIQBuB,Melbourne Victory,Auckland FC,0,0,hc,-2.00,away,1.1,1
vLIIQBuB,Melbourne Victory,Auckland FC,0,0,hc,2.25,home,1.05,1
vLIIQBuB,Melbourne Victory,Auckland FC,0,0,hc,2.25,away,13.95,1
vLIIQBuB,Melbourne Victory,Auckland FC,0,0,hc,-2.25,home,9.46,1
vLIIQBuB,Melbourne Victory,Auckland FC,0,0,hc,-2.25,away,1.1,1
vLIIQBuB,Melbourne Victory,Auckland FC,0,0,hc,2.50,home,1.04,1
vLIIQBuB,Melbourne Victory,Auckland FC,0,0,hc,2.50,away,14.05,1
vLIIQBuB,Melbourne Victory,Auckland FC,0,0,hc,-2.50,home,10.09,1
vLIIQBuB,Melbourne Victory,Auckland FC,0,0,hc,-2.50,away,1.09,1
vLIIQBuB,Melbourne Victory,Auckland FC,0,0,hc,2.75,home,1.02,1
vLIIQBuB,Melbourne Victory,Auckland FC,0,0,hc,2.75,away,14.05,1
vLIIQBuB,Melbourne Victory,Auckland FC,0,0,hc,-2.75,home,10.45,1
vLIIQBuB,Melbourne Victory,Auckland FC,0,0,hc,-2.75,away,1.06,1
vLIIQBuB,Melbourne Victory,Auckland FC,0,0,hc,-3.00,home,10.09,1
vLIIQBuB,Melbourne Victory,Auckland FC,0,0,hc,-3.25,home,10.09,1
vLIIQBuB,Melbourne Victory,Auckland FC,0,0,hc,-3.50,home,10.09,1
vLIIQBuB,Melbourne Victory,Auckland FC,0,0,hc,0.25,home,1.54,1
vLIIQBuB,Melbourne Victory,Auckland FC,0,0,hc,0.25,away,2.76,1
vLIIQBuB,Melbourne Victory,Auckland FC,0,0,hc,-0.25,home,2.04,1
vLIIQBuB,Melbourne Victory,Auckland FC,0,0,hc,-0.25,away,1.93,1
vLIIQBuB,Melbourne Victory,Auckland FC,0,0,dc,0,home/draw,1.45,1
vLIIQBuB,Melbourne Victory,Auckland FC,0,0,dc,0,home/away,1.35,1
vLIIQBuB,Melbourne Victory,Auckland FC,0,0,dc,0,draw/away,1.71,1
YNFASXAb,Adelaide United,Wellington Phoenix,3,3,1x2,0,home,1.51,1
YNFASXAb,Adelaide United,Wellington Phoenix,3,3,1x2,0,draw,5.4,1
YNFASXAb,Adelaide United,Wellington Phoenix,3,3,1x2,0,away,6.2,1
YNFASXAb,Adelaide United,Wellington Phoenix,3,3,ou,0.50,over,1.02,1
YNFASXAb,Adelaide United,Wellington Phoenix,3,3,ou,0.50,under,40.0,1
YNFASXAb,Adelaide United,Wellington Phoenix,3,3,ou,1.50,over,1.11,1
YNFASXAb,Adelaide United,Wellington Phoenix,3,3,ou,1.50,under,9.6,1
YNFASXAb,Adelaide United,Wellington Phoenix,3,3,ou,2.50,over,1.36,1
YNFASXAb,Adelaide United,Wellington Phoenix,3,3,ou,2.50,under,3.7,1
YNFASXAb,Adelaide United,Wellington Phoenix,3,3,ou,3.50,over,1.9,1
YNFASXAb,Adelaide United,Wellington Phoenix,3,3,ou,3.50,under,2.08,1
YNFASXAb,Adelaide United,Wellington Phoenix,3,3,ou,4.50,over,3.0,1
YNFASXAb,Adelaide United,Wellington Phoenix,3,3,ou,4.50,under,1.49,1
YNFASXAb,Adelaide United,Wellington Phoenix,3,3,ou,5.50,over,5.3,1
YNFASXAb,Adelaide United,Wellington Phoenix,3,3,ou,5.50,under,1.22,1
YNFASXAb,Adelaide United,Wellington Phoenix,3,3,ou,6.50,over,11.0,1
YNFASXAb,Adelaide United,Wellington Phoenix,3,3,ou,6.50,under,1.09,1
YNFASXAb,Adelaide United,Wellington Phoenix,3,3,ou,7.50,over,25.0,1
YNFASXAb,Adelaide United,Wellington Phoenix,3,3,ou,7.50,under,1.03,1
YNFASXAb,Adelaide United,Wellington Phoenix,3,3,ou,8.50,over,50.0,1
YNFASXAb,Adelaide United,Wellington Phoenix,3,3,hc,0,home,1.23,1
YNFASXAb,Adelaide United,Wellington Phoenix,3,3,hc,0,away,5.06,1
YNFASXAb,Adelaide United,Wellington Phoenix,3,3,hc,0.50,home,1.18,1
YNFASXAb,Adelaide United,Wellington Phoenix,3,3,hc,0.50,away,6.2,1
YNFASXAb,Adelaide United,Wellington Phoenix,3,3,hc,-0.50,home,1.51,1
YNFASXAb,Adelaide United,Wellington Phoenix,3,3,hc,-0.50,away,2.9,1
YNFASXAb,Adelaide United,Wellington Phoenix,3,3,hc,0.75,home,1.12,1
YNFASXAb,Adelaide United,Wellington Phoenix,3,3,hc,0.75,away,8.28,1
YNFASXAb,Adelaide United,Wellington Phoenix,3,3,hc,-0.75,home,1.61,1
YNFASXAb,Adelaide United,Wellington Phoenix,3,3,hc,-0.75,away,2.58,1
YNFASXAb,Adelaide United,Wellington Phoenix,3,3,hc,1.00,home,1.06,1
YNFASXAb,Adelaide United,Wellington Phoenix,3,3,hc,1.00,away,13.16,1
YNFASXAb,Adelaide United,Wellington Phoenix,3,3,hc,-1.00,home,1.76,1
YNFASXAb,Adelaide United,Wellington Phoenix,3,3,hc,-1.00,away,2.26,1
YNFASXAb,Adelaide United,Wellington Phoenix,3,3,hc,1.25,home,1.06,1
YNFASXAb,Adelaide United,Wellington Phoenix,3,3,hc,1.25,away,13.83,1
YNFASXAb,Adelaide United,Wellington Phoenix,3,3,hc,-1.25,home,2.02,1
YNFASXAb,Adelaide United,Wellington Phoenix,3,3,hc,-1.25,away,1.95,1
YNFASXAb,Adelaide United,Wellington Phoenix,3,3,hc,1.50,home,1.06,1
YNFASXAb,Adelaide United,Wellington Phoenix,3,3,hc,1.50,away,14.5,1
YNFASXAb,Adelaide United,Wellington Phoenix,3,3,hc,-1.50,home,2.26,1
YNFASXAb,Adelaide United,Wellington Phoenix,3,3,hc,-1.50,away,1.77,1
YNFASXAb,Adelaide United,Wellington Phoenix,3,3,hc,1.75,home,1.03,1
YNFASXAb,Adelaide United,Wellington Phoenix,3,3,hc,1.75,away,14.5,1
YNFASXAb,Adelaide United,Wellington Phoenix,3,3,hc,-1.75,home,2.58,1
YNFASXAb,Adelaide United,Wellington Phoenix,3,3,hc,-1.75,away,1.61,1
YNFASXAb,Adelaide United,Wellington Phoenix,3,3,hc,2.00,away,14.5,1
YNFASXAb,Adelaide United,Wellington Phoenix,3,3,hc,-2.00,home,3.12,1
YNFASXAb,Adelaide United,Wellington Phoenix,3,3,hc,-2.00,away,1.45,1
YNFASXAb,Adelaide United,Wellington Phoenix,3,3,hc,2.25,away,14.5,1
YNFASXAb,Adelaide United,Wellington Phoenix,3,3,hc,-2.25,home,3.44,1
YNFASXAb,Adelaide United,Wellington Phoenix,3,3,hc,-2.25,away,1.38,1
YNFASXAb,Adelaide United,Wellington Phoenix,3,3,hc,2.50,away,14.5,1
YNFASXAb,Adelaide United,Wellington Phoenix,3,3,hc,-2.50,home,3.76,1
YNFASXAb,Adelaide United,Wellington Phoenix,3,3,hc,-2.50,away,1.33,1
YNFASXAb,Adelaide United,Wellington Phoenix,3,3,hc,-2.75,home,4.71,1
YNFASXAb,Adelaide United,Wellington Phoenix,3,3,hc,-2.75,away,1.24,1
YNFASXAb,Adelaide United,Wellington Phoenix,3,3,hc,-3.00,home,6.63,1
YNFASXAb,Adelaide United,Wellington Phoenix,3,3,hc,-3.00,away,1.16,1
YNFASXAb,Adelaide United,Wellington Phoenix,3,3,hc,-3.25,home,7.15,1
YNFASXAb,Adelaide United,Wellington Phoenix,3,3,hc,-3.25,away,1.14,1
YNFASXAb,Adelaide United,Wellington Phoenix,3,3,hc,-3.50,home,7.66,1
YNFASXAb,Adelaide United,Wellington Phoenix,3,3,hc,-3.50,away,1.13,1
YNFASXAb,Adelaide United,Wellington Phoenix,3,3,hc,-3.75,home,9.33,1
YNFASXAb,Adelaide United,Wellington Phoenix,3,3,hc,-3.75,away,1.09,1
YNFASXAb,Adelaide United,Wellington Phoenix,3,3,hc,-4.00,home,12.04,1
YNFASXAb,Adelaide United,Wellington Phoenix,3,3,hc,-4.00,away,1.05,1
YNFASXAb,Adelaide United,Wellington Phoenix,3,3,hc,0.25,home,1.2,1
YNFASXAb,Adelaide United,Wellington Phoenix,3,3,hc,0.25,away,5.63,1
YNFASXAb,Adelaide United,Wellington Phoenix,3,3,hc,-0.25,home,1.37,1
YNFASXAb,Adelaide United,Wellington Phoenix,3,3,hc,-0.25,away,3.58,1
YNFASXAb,Adelaide United,Wellington Phoenix,3,3,dc,0,home/draw,1.18,1
YNFASXAb,Adelaide United,Wellington Phoenix,3,3,dc,0,home/away,1.22,1
YNFASXAb,Adelaide United,Wellington Phoenix,3,3,dc,0,draw/away,2.9,1
vRck8UCF,Brisbane Roar,Western United,2,2,1x2,0,home,4.6,1
vRck8UCF,Brisbane Roar,Western United,2,2,1x2,0,draw,4.6,1
vRck8UCF,Brisbane Roar,Western United,2,2,1x2,0,away,1.75,1
vRck8UCF,Brisbane Roar,Western United,2,2,ou,0.50,over,1.03,1
vRck8UCF,Brisbane Roar,Western United,2,2,ou,0.50,under,32.0,1
vRck8UCF,Brisbane Roar,Western United,2,2,ou,1.50,over,1.15,1
vRck8UCF,Brisbane Roar,Western United,2,2,ou,1.50,under,7.4,1
vRck8UCF,Brisbane Roar,Western United,2,2,ou,2.50,over,1.45,1
vRck8UCF,Brisbane Roar,Western United,2,2,ou,2.50,under,3.15,1
vRck8UCF,Brisbane Roar,Western United,2,2,ou,3.50,over,2.06,1
vRck8UCF,Brisbane Roar,Western United,2,2,ou,3.50,under,1.91,1
vRck8UCF,Brisbane Roar,Western United,2,2,ou,4.50,over,3.45,1
vRck8UCF,Brisbane Roar,Western United,2,2,ou,4.50,under,1.39,1
vRck8UCF,Brisbane Roar,Western United,2,2,ou,5.50,over,6.6,1
vRck8UCF,Brisbane Roar,Western United,2,2,ou,5.50,under,1.16,1
vRck8UCF,Brisbane Roar,Western United,2,2,ou,6.50,over,14.0,1
vRck8UCF,Brisbane Roar,Western United,2,2,ou,6.50,under,1.07,1
vRck8UCF,Brisbane Roar,Western United,2,2,ou,7.50,over,34.0,1
vRck8UCF,Brisbane Roar,Western United,2,2,ou,7.50,under,1.02,1
vRck8UCF,Brisbane Roar,Western United,2,2,ou,8.50,over,85.0,1
vRck8UCF,Brisbane Roar,Western United,2,2,hc,0,home,3.61,1
vRck8UCF,Brisbane Roar,Western United,2,2,hc,0,away,1.37,1
vRck8UCF,Brisbane Roar,Western United,2,2,hc,0.50,home,2.31,1
vRck8UCF,Brisbane Roar,Western United,2,2,hc,0.50,away,1.75,1
vRck8UCF,Brisbane Roar,Western United,2,2,hc,-0.50,home,4.6,1
vRck8UCF,Brisbane Roar,Western United,2,2,hc,-0.50,away,1.27,1
vRck8UCF,Brisbane Roar,Western United,2,2,hc,0.75,home,2.05,1
vRck8UCF,Brisbane Roar,Western United,2,2,hc,0.75,away,1.93,1
vRck8UCF,Brisbane Roar,Western United,2,2,hc,-0.75,home,5.93,1
vRck8UCF,Brisbane Roar,Western United,2,2,hc,-0.75,away,1.19,1
vRck8UCF,Brisbane Roar,Western United,2,2,hc,1.00,home,1.79,1
vRck8UCF,Brisbane Roar,Western United,2,2,hc,1.00,away,2.23,1
vRck8UCF,Brisbane Roar,Western United,2,2,hc,-1.00,home,8.74,1
vRck8UCF,Brisbane Roar,Western United,2,2,hc,-1.00,away,1.11,1
vRck8UCF,Brisbane Roar,Western United,2,2,hc,1.25,home,1.62,1
vRck8UCF,Brisbane Roar,Western United,2,2,hc,1.25,away,2.56,1
vRck8UCF,Brisbane Roar,Western United,2,2,hc,-1.25,home,9.31,1
vRck8UCF,Brisbane Roar,Western United,2,2,hc,-1.25,away,1.1,1
vRck8UCF,Brisbane Roar,Western United,2,2,hc,1.50,home,1.52,1
vRck8UCF,Brisbane Roar,Western United,2,2,hc,1.50,away,2.88,1
vRck8UCF,Brisbane Roar,Western United,2,2,hc,-1.50,home,9.89,1
vRck8UCF,Brisbane Roar,Western United,2,2,hc,-1.50,away,1.09,1
vRck8UCF,Brisbane Roar,Western United,2,2,hc,1.75,home,1.37,1
vRck8UCF,Brisbane Roar,Western United,2,2,hc,1.75,away,3.44,1
vRck8UCF,Brisbane Roar,Western United,2,2,hc,-1.75,home,12.71,1
vRck8UCF,Brisbane Roar,Western United,2,2,hc,-1.75,away,1.06,1
vRck8UCF,Brisbane Roar,Western United,2,2,hc,2.00,home,1.23,1
vRck8UCF,Brisbane Roar,Western United,2,2,hc,2.00,away,4.48,1
vRck8UCF,Brisbane Roar,Western United,2,2,hc,-2.00,home,9.89,1
vRck8UCF,Brisbane Roar,Western United,2,2,hc,2.25,home,1.2,1
vRck8UCF,Brisbane Roar,Western United,2,2,hc,2.25,away,4.91,1
vRck8UCF,Brisbane Roar,Western United,2,2,hc,-2.25,home,9.89,1
vRck8UCF,Brisbane Roar,Western United,2,2,hc,2.50,home,1.18,1
vRck8UCF,Brisbane Roar,Western United,2,2,hc,2.50,away,5.34,1
vRck8UCF,Brisbane Roar,Western United,2,2,hc,-2.50,home,9.89,1
vRck8UCF,Brisbane Roar,Western United,2,2,hc,2.75,home,1.14,1
vRck8UCF,Brisbane Roar,Western United,2,2,hc,2.75,away,6.68,1
vRck8UCF,Brisbane Roar,Western United,2,2,hc,-2.75,home,9.89,1
vRck8UCF,Brisbane Roar,Western United,2,2,hc,3.00,home,1.08,1
vRck8UCF,Brisbane Roar,Western United,2,2,hc,3.00,away,8.92,1
vRck8UCF,Brisbane Roar,Western United,2,2,hc,3.25,home,1.08,1
vRck8UCF,Brisbane Roar,Western United,2,2,hc,3.25,away,9.33,1
vRck8UCF,Brisbane Roar,Western United,2,2,hc,3.50,home,1.07,1
vRck8UCF,Brisbane Roar,Western United,2,2,hc,3.50,away,9.56,1
vRck8UCF,Brisbane Roar,Western United,2,2,hc,3.75,home,1.05,1
vRck8UCF,Brisbane Roar,Western United,2,2,hc,3.75,away,13.04,1
vRck8UCF,Brisbane Roar,Western United,2,2,hc,4.00,away,13.04,1
vRck8UCF,Brisbane Roar,Western United,2,2,hc,0.25,home,2.75,1
vRck8UCF,Brisbane Roar,Western United,2,2,hc,0.25,away,1.56,1
vRck8UCF,Brisbane Roar,Western United,2,2,hc,-0.25,home,4.1,1
vRck8UCF,Brisbane Roar,Western United,2,2,hc,-0.25,away,1.31,1
vRck8UCF,Brisbane Roar,Western United,2,2,dc,0,home/draw,2.3,1
vRck8UCF,Brisbane Roar,Western United,2,2,dc,0,home/away,1.27,1
vRck8UCF,Brisbane Roar,Western United,2,2,dc,0,draw/away,1.27,1
6DasAjr3,WS Wanderers,Western United,2,2,1x2,0,home,2.36,1
6DasAjr3,WS Wanderers,Western United,2,2,1x2,0,draw,4.3,1
6DasAjr3,WS Wanderers,Western United,2,2,1x2,0,away,2.84,1
6DasAjr3,WS Wanderers,Western United,2,2,ou,0.50,over,1.02,1
6DasAjr3,WS Wanderers,Western United,2,2,ou,0.50,under,44.0,1
6DasAjr3,WS Wanderers,Western United,2,2,ou,1.50,over,1.1,1
6DasAjr3,WS Wanderers,Western United,2,2,ou,1.50,under,9.8,1
6DasAjr3,WS Wanderers,Western United,2,2,ou,2.50,over,1.35,1
6DasAjr3,WS Wanderers,Western United,2,2,ou,2.50,under,3.8,1
6DasAjr3,WS Wanderers,Western United,2,2,ou,3.50,over,1.84,1
6DasAjr3,WS Wanderers,Western United,2,2,ou,3.50,under,2.16,1
6DasAjr3,WS Wanderers,Western United,2,2,ou,4.50,over,2.9,1
6DasAjr3,WS Wanderers,Western United,2,2,ou,4.50,under,1.51,1
6DasAjr3,WS Wanderers,Western United,2,2,ou,5.50,over,5.0,1
6DasAjr3,WS Wanderers,Western United,2,2,ou,5.50,under,1.24,1
6DasAjr3,WS Wanderers,Western United,2,2,ou,6.50,over,10.0,1
6DasAjr3,WS Wanderers,Western United,2,2,ou,6.50,under,1.1,1
6DasAjr3,WS Wanderers,Western United,2,2,ou,7.50,over,22.0,1
6DasAjr3,WS Wanderers,Western United,2,2,ou,7.50,under,1.04,1
6DasAjr3,WS Wanderers,Western United,2,2,ou,8.50,over,50.0,1
6DasAjr3,WS Wanderers,Western United,2,2,hc,0,home,1.81,1
6DasAjr3,WS Wanderers,Western United,2,2,hc,0,away,2.2,1
6DasAjr3,WS Wanderers,Western United,2,2,hc,0.50,home,1.53,1
6DasAjr3,WS Wanderers,Western United,2,2,hc,0.50,away,2.84,1
6DasAjr3,WS Wanderers,Western United,2,2,hc,-0.50,home,2.36,1
6DasAjr3,WS Wanderers,Western United,2,2,hc,-0.50,away,1.72,1
6DasAjr3,WS Wanderers,Western United,2,2,hc,0.75,home,1.39,1
6DasAjr3,WS Wanderers,Western United,2,2,hc,0.75,away,3.46,1
6DasAjr3,WS Wanderers,Western United,2,2,hc,-0.75,home,2.73,1
6DasAjr3,WS Wanderers,Western United,2,2,hc,-0.75,away,1.56,1
6DasAjr3,WS Wanderers,Western United,2,2,hc,1.00,home,1.26,1
6DasAjr3,WS Wanderers,Western United,2,2,hc,1.00,away,4.7,1
6DasAjr3,WS Wanderers,Western United,2,2,hc,-1.00,home,3.38,1
6DasAjr3,WS Wanderers,Western United,2,2,hc,-1.00,away,1.41,1
6DasAjr3,WS Wanderers,Western United,2,2,hc,1.25,home,1.22,1
6DasAjr3,WS Wanderers,Western United,2,2,hc,1.25,away,5.18,1
6DasAjr3,WS Wanderers,Western United,2,2,hc,-1.25,home,3.74,1
6DasAjr3,WS Wanderers,Western United,2,2,hc,-1.25,away,1.35,1
6DasAjr3,WS Wanderers,Western United,2,2,hc,1.50,home,1.2,1
6DasAjr3,WS Wanderers,Western United,2,2,hc,1.50,away,5.67,1
6DasAjr3,WS Wanderers,Western United,2,2,hc,-1.50,home,4.11,1
6DasAjr3,WS Wanderers,Western United,2,2,hc,-1.50,away,1.3,1
6DasAjr3,WS Wanderers,Western United,2,2,hc,1.75,home,1.14,1
6DasAjr3,WS Wanderers,Western United,2,2,hc,1.75,away,7.16,1
6DasAjr3,WS Wanderers,Western United,2,2,hc,-1.75,home,5.16,1
6DasAjr3,WS Wanderers,Western United,2,2,hc,-1.75,away,1.22,1
6DasAjr3,WS Wanderers,Western United,2,2,hc,2.00,home,1.09,1
6DasAjr3,WS Wanderers,Western United,2,2,hc,2.00,away,8.42,1
6DasAjr3,WS Wanderers,Western United,2,2,hc,-2.00,home,6.88,1
6DasAjr3,WS Wanderers,Western United,2,2,hc,-2.00,away,1.13,1
6DasAjr3,WS Wanderers,Western United,2,2,hc,2.25,home,1.08,1
6DasAjr3,WS Wanderers,Western United,2,2,hc,2.25,away,8.54,1
6DasAjr3,WS Wanderers,Western United,2,2,hc,-2.25,home,7.29,1
6DasAjr3,WS Wanderers,Western United,2,2,hc,-2.25,away,1.12,1
6DasAjr3,WS Wanderers,Western United,2,2,hc,2.50,home,1.08,1
6DasAjr3,WS Wanderers,Western United,2,2,hc,2.50,away,8.78,1
6DasAjr3,WS Wanderers,Western United,2,2,hc,-2.50,home,7.7,1
6DasAjr3,WS Wanderers,Western United,2,2,hc,-2.50,away,1.11,1
6DasAjr3,WS Wanderers,Western United,2,2,hc,2.75,home,1.05,1
6DasAjr3,WS Wanderers,Western United,2,2,hc,2.75,away,11.65,1
6DasAjr3,WS Wanderers,Western United,2,2,hc,-2.75,home,10.26,1
6DasAjr3,WS Wanderers,Western United,2,2,hc,-2.75,away,1.08,1
6DasAjr3,WS Wanderers,Western United,2,2,hc,3.00,away,11.4,1
6DasAjr3,WS Wanderers,Western United,2,2,hc,-3.00,home,8.75,1
6DasAjr3,WS Wanderers,Western United,2,2,hc,-3.00,away,1.04,1
6DasAjr3,WS Wanderers,Western United,2,2,hc,3.25,away,11.4,1
6DasAjr3,WS Wanderers,Western United,2,2,hc,-3.25,home,8.75,1
6DasAjr3,WS Wanderers,Western United,2,2,hc,-3.25,away,1.03,1
6DasAjr3,WS Wanderers,Western United,2,2,hc,3.50,away,11.4,1
6DasAjr3,WS Wanderers,Western United,2,2,hc,-3.50,home,8.75,1
6DasAjr3,WS Wanderers,Western United,2,2,hc,-3.50,away,1.03,1
6DasAjr3,WS Wanderers,Western United,2,2,hc,3.75,away,11.4,1
6DasAjr3,WS Wanderers,Western United,2,2,hc,-3.75,home,8.75,1
6DasAjr3,WS Wanderers,Western United,2,2,hc,0.25,home,1.64,1
6DasAjr3,WS Wanderers,Western United,2,2,hc,0.25,away,2.52,1
6DasAjr3,WS Wanderers,Western United,2,2,hc,-0.25,home,2.08,1
6DasAjr3,WS Wanderers,Western United,2,2,hc,-0.25,away,1.9,1
6DasAjr3,WS Wanderers,Western United,2,2,dc,0,home/draw,1.53,1
6DasAjr3,WS Wanderers,Western United,2,2,dc,0,home/away,1.29,1
6DasAjr3,WS Wanderers,Western United,2,2,dc,0,draw/away,1.72,1
j5Hfnmjd,Perth Glory,Adelaide United,4,4,1x2,0,home,3.65,1
j5Hfnmjd,Perth Glory,Adelaide United,4,4,1x2,0,draw,4.5,1
j5Hfnmjd,Perth Glory,Adelaide United,4,4,1x2,0,away,1.96,1
j5Hfnmjd,Perth Glory,Adelaide United,4,4,ou,0.50,over,1.02,1
j5Hfnmjd,Perth Glory,Adelaide United,4,4,ou,0.50,under,44.0,1
j5Hfnmjd,Perth Glory,Adelaide United,4,4,ou,1.50,over,1.1,1
j5Hfnmjd,Perth Glory,Adelaide United,4,4,ou,1.50,under,10.5,1
j5Hfnmjd,Perth Glory,Adelaide United,4,4,ou,2.50,over,1.31,1
j5Hfnmjd,Perth Glory,Adelaide United,4,4,ou,2.50,under,4.1,1
j5Hfnmjd,Perth Glory,Adelaide United,4,4,ou,3.50,over,1.79,1
j5Hfnmjd,Perth Glory,Adelaide United,4,4,ou,3.50,under,2.22,1
j5Hfnmjd,Perth Glory,Adelaide United,4,4,ou,4.50,over,2.78,1
j5Hfnmjd,Perth Glory,Adelaide United,4,4,ou,4.50,under,1.54,1
j5Hfnmjd,Perth Glory,Adelaide United,4,4,ou,5.50,over,4.8,1
j5Hfnmjd,Perth Glory,Adelaide United,4,4,ou,5.50,under,1.25,1
j5Hfnmjd,Perth Glory,Adelaide United,4,4,ou,6.50,over,9.8,1
j5Hfnmjd,Perth Glory,Adelaide United,4,4,ou,6.50,under,1.1,1
j5Hfnmjd,Perth Glory,Adelaide United,4,4,ou,7.50,over,21.0,1
j5Hfnmjd,Perth Glory,Adelaide United,4,4,ou,7.50,under,1.04,1
j5Hfnmjd,Perth Glory,Adelaide United,4,4,ou,8.50,over,46.0,1
j5Hfnmjd,Perth Glory,Adelaide United,4,4,hc,0,home,2.88,1
j5Hfnmjd,Perth Glory,Adelaide United,4,4,hc,0,away,1.52,1
j5Hfnmjd,Perth Glory,Adelaide United,4,4,hc,0.50,home,2.04,1
j5Hfnmjd,Perth Glory,Adelaide United,4,4,hc,0.50,away,1.95,1
j5Hfnmjd,Perth Glory,Adelaide United,4,4,hc,-0.50,home,3.7,1
j5Hfnmjd,Perth Glory,Adelaide United,4,4,hc,-0.50,away,1.36,1
j5Hfnmjd,Perth Glory,Adelaide United,4,4,hc,0.75,home,1.82,1
j5Hfnmjd,Perth Glory,Adelaide United,4,4,hc,0.75,away,2.19,1
j5Hfnmjd,Perth Glory,Adelaide United,4,4,hc,-0.75,home,4.53,1
j5Hfnmjd,Perth Glory,Adelaide United,4,4,hc,-0.75,away,1.26,1
j5Hfnmjd,Perth Glory,Adelaide United,4,4,hc,1.00,home,1.6,1
j5Hfnmjd,Perth Glory,Adelaide United,4,4,hc,1.00,away,2.56,1
j5Hfnmjd,Perth Glory,Adelaide United,4,4,hc,-1.00,home,6.13,1
j5Hfnmjd,Perth Glory,Adelaide United,4,4,hc,-1.00,away,1.16,1
j5Hfnmjd,Perth Glory,Adelaide United,4,4,hc,1.25,home,1.49,1
j5Hfnmjd,Perth Glory,Adelaide United,4,4,hc,1.25,away,2.88,1
j5Hfnmjd,Perth Glory,Adelaide United,4,4,hc,-1.25,home,6.58,1
j5Hfnmjd,Perth Glory,Adelaide United,4,4,hc,-1.25,away,1.14,1
j5Hfnmjd,Perth Glory,Adelaide United,4,4,hc,1.50,home,1.42,1
j5Hfnmjd,Perth Glory,Adelaide United,4,4,hc,1.50,away,3.19,1
j5Hfnmjd,Perth Glory,Adelaide United,4,4,hc,-1.50,home,7.03,1
j5Hfnmjd,Perth Glory,Adelaide United,4,4,hc,-1.50,away,1.13,1
j5Hfnmjd,Perth Glory,Adelaide United,4,4,hc,1.75,home,1.32,1
j5Hfnmjd,Perth Glory,Adelaide United,4,4,hc,1.75,away,3.78,1
j5Hfnmjd,Perth Glory,Adelaide United,4,4,hc,-1.75,home,9.33,1
j5Hfnmjd,Perth Glory,Adelaide United,4,4,hc,-1.75,away,1.09,1
j5Hfnmjd,Perth Glory,Adelaide United,4,4,hc,2.00,home,1.22,1
j5Hfnmjd,Perth Glory,Adelaide United,4,4,hc,2.00,away,4.81,1
j5Hfnmjd,Perth Glory,Adelaide United,4,4,hc,-2.00,home,13.5,1
j5Hfnmjd,Perth Glory,Adelaide United,4,4,hc,-2.00,away,1.05,1
j5Hfnmjd,Perth Glory,Adelaide United,4,4,hc,2.25,home,1.2,1
j5Hfnmjd,Perth Glory,Adelaide United,4,4,hc,2.25,away,5.09,1
j5Hfnmjd,Perth Glory,Adelaide United,4,4,hc,-2.25,home,13.85,1
j5Hfnmjd,Perth Glory,Adelaide United,4,4,hc,-2.25,away,1.05,1
j5Hfnmjd,Perth Glory,Adelaide United,4,4,hc,2.50,home,1.18,1
j5Hfnmjd,Perth Glory,Adelaide United,4,4,hc,2.50,away,5.45,1
j5Hfnmjd,Perth Glory,Adelaide United,4,4,hc,-2.50,home,13.82,1
j5Hfnmjd,Perth Glory,Adelaide United,4,4,hc,-2.50,away,1.04,1
j5Hfnmjd,Perth Glory,Adelaide United,4,4,hc,2.75,home,1.12,1
j5Hfnmjd,Perth Glory,Adelaide United,4,4,hc,2.75,away,7.25,1
j5Hfnmjd,Perth Glory,Adelaide United,4,4,hc,-2.75,home,13.82,1
j5Hfnmjd,Perth Glory,Adelaide United,4,4,hc,-2.75,away,1.02,1
j5Hfnmjd,Perth Glory,Adelaide United,4,4,hc,3.00,home,1.07,1
j5Hfnmjd,Perth Glory,Adelaide United,4,4,hc,3.00,away,10.93,1
j5Hfnmjd,Perth Glory,Adelaide United,4,4,hc,3.25,home,1.07,1
j5Hfnmjd,Perth Glory,Adelaide United,4,4,hc,3.25,away,11.55,1
j5Hfnmjd,Perth Glory,Adelaide United,4,4,hc,3.50,home,1.06,1
j5Hfnmjd,Perth Glory,Adelaide United,4,4,hc,3.50,away,11.81,1
j5Hfnmjd,Perth Glory,Adelaide United,4,4,hc,3.75,home,1.04,1
j5Hfnmjd,Perth Glory,Adelaide United,4,4,hc,3.75,away,12.11,1
j5Hfnmjd,Perth Glory,Adelaide United,4,4,hc,4.00,away,12.11,1
j5Hfnmjd,Perth Glory,Adelaide United,4,4,hc,0.25,home,2.34,1
j5Hfnmjd,Perth Glory,Adelaide United,4,4,hc,0.25,away,1.73,1
j5Hfnmjd,Perth Glory,Adelaide United,4,4,hc,-0.25,home,3.29,1
j5Hfnmjd,Perth Glory,Adelaide United,4,4,hc,-0.25,away,1.42,1
j5Hfnmjd,Perth Glory,Adelaide United,4,4,dc,0,home/draw,2.04,1
j5Hfnmjd,Perth Glory,Adelaide United,4,4,dc,0,home/away,1.27,1
j5Hfnmjd,Perth Glory,Adelaide United,4,4,dc,0,draw/away,1.36,1
4lJnl9Lq,Newcastle Jets,Central Coast Mariners,6,6,1x2,0,home,2.04,1
4lJnl9Lq,Newcastle Jets,Central Coast Mariners,6,6,1x2,0,draw,4.2,1
4lJnl9Lq,Newcastle Jets,Central Coast Mariners,6,6,1x2,0,away,3.6,1
4lJnl9Lq,Newcastle Jets,Central Coast Mariners,6,6,ou,0.50,over,1.03,1
4lJnl9Lq,Newcastle Jets,Central Coast Mariners,6,6,ou,0.50,under,26.0,1
4lJnl9Lq,Newcastle Jets,Central Coast Mariners,6,6,ou,1.50,over,1.16,1
4lJnl9Lq,Newcastle Jets,Central Coast Mariners,6,6,ou,1.50,under,6.8,1
4lJnl9Lq,Newcastle Jets,Central Coast Mariners,6,6,ou,2.50,over,1.52,1
4lJnl9Lq,Newcastle Jets,Central Coast Mariners,6,6,ou,2.50,under,2.88,1
4lJnl9Lq,Newcastle Jets,Central Coast Mariners,6,6,ou,3.50,over,2.26,1
4lJnl9Lq,Newcastle Jets,Central Coast Mariners,6,6,ou,3.50,under,1.78,1
4lJnl9Lq,Newcastle Jets,Central Coast Mariners,6,6,ou,4.50,over,3.95,1
4lJnl9Lq,Newcastle Jets,Central Coast Mariners,6,6,ou,4.50,under,1.33,1
4lJnl9Lq,Newcastle Jets,Central Coast Mariners,6,6,ou,5.50,over,7.8,1
4lJnl9Lq,Newcastle Jets,Central Coast Mariners,6,6,ou,5.50,under,1.14,1
4lJnl9Lq,Newcastle Jets,Central Coast Mariners,6,6,ou,6.50,over,17.5,1
4lJnl9Lq,Newcastle Jets,Central Coast Mariners,6,6,ou,6.50,under,1.05,1
4lJnl9Lq,Newcastle Jets,Central Coast Mariners,6,6,ou,7.50,over,40.0,1
4lJnl9Lq,Newcastle Jets,Central Coast Mariners,6,6,hc,0,home,1.56,1
4lJnl9Lq,Newcastle Jets,Central Coast Mariners,6,6,hc,0,away,2.74,1
4lJnl9Lq,Newcastle Jets,Central Coast Mariners,6,6,hc,0.50,home,1.37,1
4lJnl9Lq,Newcastle Jets,Central Coast Mariners,6,6,hc,0.50,away,3.57,1
4lJnl9Lq,Newcastle Jets,Central Coast Mariners,6,6,hc,-0.50,home,2.04,1
4lJnl9Lq,Newcastle Jets,Central Coast Mariners,6,6,hc,-0.50,away,1.94,1
4lJnl9Lq,Newcastle Jets,Central Coast Mariners,6,6,hc,0.75,home,1.27,1
4lJnl9Lq,Newcastle Jets,Central Coast Mariners,6,6,hc,0.75,away,4.51,1
4lJnl9Lq,Newcastle Jets,Central Coast Mariners,6,6,hc,-0.75,home,2.31,1
4lJnl9Lq,Newcastle Jets,Central Coast Mariners,6,6,hc,-0.75,away,1.73,1
4lJnl9Lq,Newcastle Jets,Central Coast Mariners,6,6,hc,1.00,home,1.17,1
4lJnl9Lq,Newcastle Jets,Central Coast Mariners,6,6,hc,1.00,away,6.55,1
4lJnl9Lq,Newcastle Jets,Central Coast Mariners,6,6,hc,-1.00,home,2.78,1
4lJnl9Lq,Newcastle Jets,Central Coast Mariners,6,6,hc,-1.00,away,1.52,1
4lJnl9Lq,Newcastle Jets,Central Coast Mariners,6,6,hc,1.25,home,1.15,1
4lJnl9Lq,Newcastle Jets,Central Coast Mariners,6,6,hc,1.25,away,7.1,1
4lJnl9Lq,Newcastle Jets,Central Coast Mariners,6,6,hc,-1.25,home,3.15,1
4lJnl9Lq,Newcastle Jets,Central Coast Mariners,6,6,hc,-1.25,away,1.42,1
4lJnl9Lq,Newcastle Jets,Central Coast Mariners,6,6,hc,1.50,home,1.13,1
4lJnl9Lq,Newcastle Jets,Central Coast Mariners,6,6,hc,1.50,away,7.65,1
4lJnl9Lq,Newcastle Jets,Central Coast Mariners,6,6,hc,-1.50,home,3.51,1
4lJnl9Lq,Newcastle Jets,Central Coast Mariners,6,6,hc,-1.50,away,1.36,1
4lJnl9Lq,Newcastle Jets,Central Coast Mariners,6,6,hc,1.75,home,1.09,1
4lJnl9Lq,Newcastle Jets,Central Coast Mariners,6,6,hc,1.75,away,10.08,1
4lJnl9Lq,Newcastle Jets,Central Coast Mariners,6,6,hc,-1.75,home,4.44,1
4lJnl9Lq,Newcastle Jets,Central Coast Mariners,6,6,hc,-1.75,away,1.27,1
4lJnl9Lq,Newcastle Jets,Central Coast Mariners,6,6,hc,2.00,home,1.05,1
4lJnl9Lq,Newcastle Jets,Central Coast Mariners,6,6,hc,2.00,away,13.5,1
4lJnl9Lq,Newcastle Jets,Central Coast Mariners,6,6,hc,-2.00,home,6.24,1
4lJnl9Lq,Newcastle Jets,Central Coast Mariners,6,6,hc,-2.00,away,1.17,1
4lJnl9Lq,Newcastle Jets,Central Coast Mariners,6,6,hc,2.25,home,1.05,1
4lJnl9Lq,Newcastle Jets,Central Coast Mariners,6,6,hc,2.25,away,13.87,1
4lJnl9Lq,Newcastle Jets,Central Coast Mariners,6,6,hc,-2.25,home,6.75,1
4lJnl9Lq,Newcastle Jets,Central Coast Mariners,6,6,hc,-2.25,away,1.15,1
4lJnl9Lq,Newcastle Jets,Central Coast Mariners,6,6,hc,2.50,home,1.04,1
4lJnl9Lq,Newcastle Jets,Central Coast Mariners,6,6,hc,2.50,away,14.24,1
4lJnl9Lq,Newcastle Jets,Central Coast Mariners,6,6,hc,-2.50,home,7.2,1
4lJnl9Lq,Newcastle Jets,Central Coast Mariners,6,6,hc,-2.50,away,1.14,1
4lJnl9Lq,Newcastle Jets,Central Coast Mariners,6,6,hc,2.75,home,1.02,1
4lJnl9Lq,Newcastle Jets,Central Coast Mariners,6,6,hc,2.75,away,14.24,1
4lJnl9Lq,Newcastle Jets,Central Coast Mariners,6,6,hc,-2.75,home,9.79,1
4lJnl9Lq,Newcastle Jets,Central Coast Mariners,6,6,hc,-2.75,away,1.1,1
4lJnl9Lq,Newcastle Jets,Central Coast Mariners,6,6,hc,-3.00,home,14.72,1
4lJnl9Lq,Newcastle Jets,Central Coast Mariners,6,6,hc,-3.00,away,1.05,1
4lJnl9Lq,Newcastle Jets,Central Coast Mariners,6,6,hc,-3.25,home,15.28,1
4lJnl9Lq,Newcastle Jets,Central Coast Mariners,6,6,hc,-3.25,away,1.05,1
4lJnl9Lq,Newcastle Jets,Central Coast Mariners,6,6,hc,-3.50,home,15.76,1
4lJnl9Lq,Newcastle Jets,Central Coast Mariners,6,6,hc,-3.50,away,1.05,1
4lJnl9Lq,Newcastle Jets,Central Coast Mariners,6,6,hc,-3.75,home,15.76,1
4lJnl9Lq,Newcastle Jets,Central Coast Mariners,6,6,hc,-3.75,away,1.02,1
4lJnl9Lq,Newcastle Jets,Central Coast Mariners,6,6,hc,0.25,home,1.45,1
4lJnl9Lq,Newcastle Jets,Central Coast Mariners,6,6,hc,0.25,away,3.15,1
4lJnl9Lq,Newcastle Jets,Central Coast Mariners,6,6,hc,-0.25,home,1.8,1
4lJnl9Lq,Newcastle Jets,Central Coast Mariners,6,6,hc,-0.25,away,2.22,1
4lJnl9Lq,Newcastle Jets,Central Coast Mariners,6,6,dc,0,home/draw,1.37,1
4lJnl9Lq,Newcastle Jets,Central Coast Mariners,6,6,dc,0,home/away,1.3,1
4lJnl9Lq,Newcastle Jets,Central Coast Mariners,6,6,dc,0,draw/away,1.94,1
xdM1Ugtn,Sydney FC,Auckland FC,2,2,1x2,0,home,2.5,1
xdM1Ugtn,Sydney FC,Auckland FC,2,2,1x2,0,draw,3.75,1
xdM1Ugtn,Sydney FC,Auckland FC,2,2,1x2,0,away,2.94,1
xdM1Ugtn,Sydney FC,Auckland FC,2,2,ou,0.50,over,1.05,1
xdM1Ugtn,Sydney FC,Auckland FC,2,2,ou,0.50,under,18.0,1
xdM1Ugtn,Sydney FC,Auckland FC,2,2,ou,1.50,over,1.26,1
xdM1Ugtn,Sydney FC,Auckland FC,2,2,ou,1.50,under,4.7,1
xdM1Ugtn,Sydney FC,Auckland FC,2,2,ou,2.50,over,1.77,1
xdM1Ugtn,Sydney FC,Auckland FC,2,2,ou,2.50,under,2.24,1
xdM1Ugtn,Sydney FC,Auckland FC,2,2,ou,3.50,over,2.98,1
xdM1Ugtn,Sydney FC,Auckland FC,2,2,ou,3.50,under,1.48,1
xdM1Ugtn,Sydney FC,Auckland FC,2,2,ou,4.50,over,5.6,1
xdM1Ugtn,Sydney FC,Auckland FC,2,2,ou,4.50,under,1.2,1
xdM1Ugtn,Sydney FC,Auckland FC,2,2,ou,5.50,over,12.5,1
xdM1Ugtn,Sydney FC,Auckland FC,2,2,ou,5.50,under,1.07,1
xdM1Ugtn,Sydney FC,Auckland FC,2,2,ou,6.50,over,30.0,1
xdM1Ugtn,Sydney FC,Auckland FC,2,2,ou,6.50,under,1.02,1
xdM1Ugtn,Sydney FC,Auckland FC,2,2,ou,7.50,over,65.0,1
xdM1Ugtn,Sydney FC,Auckland FC,2,2,hc,0,home,1.83,1
xdM1Ugtn,Sydney FC,Auckland FC,2,2,hc,0,away,2.16,1
xdM1Ugtn,Sydney FC,Auckland FC,2,2,hc,0.50,home,1.5,1
xdM1Ugtn,Sydney FC,Auckland FC,2,2,hc,0.50,away,2.94,1
xdM1Ugtn,Sydney FC,Auckland FC,2,2,hc,-0.50,home,2.5,1
xdM1Ugtn,Sydney FC,Auckland FC,2,2,hc,-0.50,away,1.65,1
xdM1Ugtn,Sydney FC,Auckland FC,2,2,hc,0.75,home,1.36,1
xdM1Ugtn,Sydney FC,Auckland FC,2,2,hc,0.75,away,3.63,1
xdM1Ugtn,Sydney FC,Auckland FC,2,2,hc,-0.75,home,2.99,1
xdM1Ugtn,Sydney FC,Auckland FC,2,2,hc,-0.75,away,1.47,1
xdM1Ugtn,Sydney FC,Auckland FC,2,2,hc,1.00,home,1.21,1
xdM1Ugtn,Sydney FC,Auckland FC,2,2,hc,1.00,away,5.09,1
xdM1Ugtn,Sydney FC,Auckland FC,2,2,hc,-1.00,home,3.9,1
xdM1Ugtn,Sydney FC,Auckland FC,2,2,hc,-1.00,away,1.29,1
xdM1Ugtn,Sydney FC,Auckland FC,2,2,hc,1.25,home,1.18,1
xdM1Ugtn,Sydney FC,Auckland FC,2,2,hc,1.25,away,5.64,1
xdM1Ugtn,Sydney FC,Auckland FC,2,2,hc,-1.25,home,4.2,1
xdM1Ugtn,Sydney FC,Auckland FC,2,2,hc,-1.25,away,1.25,1
xdM1Ugtn,Sydney FC,Auckland FC,2,2,hc,1.50,home,1.16,1
xdM1Ugtn,Sydney FC,Auckland FC,2,2,hc,1.50,away,6.2,1
xdM1Ugtn,Sydney FC,Auckland FC,2,2,hc,-1.50,home,4.6,1
xdM1Ugtn,Sydney FC,Auckland FC,2,2,hc,-1.50,away,1.22,1
xdM1Ugtn,Sydney FC,Auckland FC,2,2,hc,1.75,home,1.11,1
xdM1Ugtn,Sydney FC,Auckland FC,2,2,hc,1.75,away,8.2,1
xdM1Ugtn,Sydney FC,Auckland FC,2,2,hc,-1.75,home,6.25,1
xdM1Ugtn,Sydney FC,Auckland FC,2,2,hc,-1.75,away,1.15,1
xdM1Ugtn,Sydney FC,Auckland FC,2,2,hc,2.00,home,1.05,1
xdM1Ugtn,Sydney FC,Auckland FC,2,2,hc,2.00,away,10.75,1
xdM1Ugtn,Sydney FC,Auckland FC,2,2,hc,-2.00,home,8.69,1
xdM1Ugtn,Sydney FC,Auckland FC,2,2,hc,-2.00,away,1.08,1
xdM1Ugtn,Sydney FC,Auckland FC,2,2,hc,2.25,home,1.05,1
xdM1Ugtn,Sydney FC,Auckland FC,2,2,hc,2.25,away,11.12,1
xdM1Ugtn,Sydney FC,Auckland FC,2,2,hc,-2.25,home,9.03,1
xdM1Ugtn,Sydney FC,Auckland FC,2,2,hc,-2.25,away,1.07,1
xdM1Ugtn,Sydney FC,Auckland FC,2,2,hc,2.50,home,1.05,1
xdM1Ugtn,Sydney FC,Auckland FC,2,2,hc,2.50,away,11.43,1
xdM1Ugtn,Sydney FC,Auckland FC,2,2,hc,-2.50,home,9.38,1
xdM1Ugtn,Sydney FC,Auckland FC,2,2,hc,-2.50,away,1.07,1
xdM1Ugtn,Sydney FC,Auckland FC,2,2,hc,2.75,home,1.02,1
xdM1Ugtn,Sydney FC,Auckland FC,2,2,hc,2.75,away,11.43,1
xdM1Ugtn,Sydney FC,Auckland FC,2,2,hc,-2.75,home,9.38,1
xdM1Ugtn,Sydney FC,Auckland FC,2,2,hc,-2.75,away,1.04,1
xdM1Ugtn,Sydney FC,Auckland FC,2,2,hc,0.25,home,1.63,1
xdM1Ugtn,Sydney FC,Auckland FC,2,2,hc,0.25,away,2.55,1
xdM1Ugtn,Sydney FC,Auckland FC,2,2,hc,-0.25,home,2.16,1
xdM1Ugtn,Sydney FC,Auckland FC,2,2,hc,-0.25,away,1.84,1
xdM1Ugtn,Sydney FC,Auckland FC,2,2,dc,0,home/draw,1.5,1
xdM1Ugtn,Sydney FC,Auckland FC,2,2,dc,0,home/away,1.35,1
xdM1Ugtn,Sydney FC,Auckland FC,2,2,dc,0,draw/away,1.65,1
