match_id,home,away,home_score,away_score,market,line,side,avg_odds,n_bookies
fqiUo4v8,Betis,Chelsea,1,1,1x2,0,home,4.8,1
fqiUo4v8,Betis,Chelsea,1,1,1x2,0,draw,4.0,1
fqiUo4v8,Betis,Chelsea,1,1,1x2,0,away,1.82,1
fqiUo4v8,Betis,Chelsea,1,1,ou,0.50,over,1.06,1
fqiUo4v8,Betis,Chelsea,1,1,ou,0.50,under,16.5,1
fqiUo4v8,Betis,Chelsea,1,1,ou,1.50,over,1.25,1
fqiUo4v8,Betis,Chelsea,1,1,ou,1.50,under,4.9,1
fqiUo4v8,Betis,Chelsea,1,1,ou,2.50,over,1.76,1
fqiUo4v8,Betis,Chelsea,1,1,ou,2.50,under,2.3,1
fqiUo4v8,Betis,Chelsea,1,1,ou,3.50,over,2.88,1
fqiUo4v8,Betis,Chelsea,1,1,ou,3.50,under,1.52,1
fqiUo4v8,Betis,Chelsea,1,1,ou,4.50,over,5.9,1
fqiUo4v8,Betis,Chelsea,1,1,ou,4.50,under,1.2,1
fqiUo4v8,Betis,Chelsea,1,1,ou,5.50,over,14.5,1
fqiUo4v8,Betis,Chelsea,1,1,ou,5.50,under,1.07,1
fqiUo4v8,Betis,Chelsea,1,1,ou,6.50,over,38.0,1
fqiUo4v8,Betis,Chelsea,1,1,ou,6.50,under,1.02,1
fqiUo4v8,Betis,Chelsea,1,1,hc,0,home,3.62,1
fqiUo4v8,Betis,Chelsea,1,1,hc,0,away,1.37,1
fqiUo4v8,Betis,Chelsea,1,1,hc,0.50,home,2.2,1
fqiUo4v8,Betis,Chelsea,1,1,hc,0.50,away,1.82,1
fqiUo4v8,Betis,Chelsea,1,1,hc,-0.50,home,4.8,1
fqiUo4v8,Betis,Chelsea,1,1,hc,-0.50,away,1.25,1
fqiUo4v8,Betis,Chelsea,1,1,hc,0.75,home,1.96,1
fqiUo4v8,Betis,Chelsea,1,1,hc,0.75,away,2.03,1
fqiUo4v8,Betis,Chelsea,1,1,hc,-0.75,home,6.6,1
fqiUo4v8,Betis,Chelsea,1,1,hc,-0.75,away,1.17,1
fqiUo4v8,Betis,Chelsea,1,1,hc,1.00,home,1.7,1
fqiUo4v8,Betis,Chelsea,1,1,hc,1.00,away,2.4,1
fqiUo4v8,Betis,Chelsea,1,1,hc,-1.00,home,11.68,1
fqiUo4v8,Betis,Chelsea,1,1,hc,-1.00,away,1.08,1
fqiUo4v8,Betis,Chelsea,1,1,hc,1.25,home,1.56,1
fqiUo4v8,Betis,Chelsea,1,1,hc,1.25,away,2.75,1
fqiUo4v8,Betis,Chelsea,1,1,hc,-1.25,home,12.59,1
fqiUo4v8,Betis,Chelsea,1,1,hc,-1.25,away,1.08,1
fqiUo4v8,Betis,Chelsea,1,1,hc,1.50,home,1.46,1
fqiUo4v8,Betis,Chelsea,1,1,hc,1.50,away,3.1,1
fqiUo4v8,Betis,Chelsea,1,1,hc,-1.50,home,13.5,1
fqiUo4v8,Betis,Chelsea,1,1,hc,-1.50,away,1.07,1
fqiUo4v8,Betis,Chelsea,1,1,hc,1.75,home,1.33,1
fqiUo4v8,Betis,Chelsea,1,1,hc,1.75,away,3.88,1
fqiUo4v8,Betis,Chelsea,1,1,hc,-1.75,home,20.28,1
fqiUo4v8,Betis,Chelsea,1,1,hc,-1.75,away,1.04,1
fqiUo4v8,Betis,Chelsea,1,1,hc,2.00,home,1.2,1
fqiUo4v8,Betis,Chelsea,1,1,hc,2.00,away,5.6,1
fqiUo4v8,Betis,Chelsea,1,1,hc,-2.00,home,41.74,1
fqiUo4v8,Betis,Chelsea,1,1,hc,-2.00,away,1.02,1
fqiUo4v8,Betis,Chelsea,1,1,hc,2.25,home,1.17,1
fqiUo4v8,Betis,Chelsea,1,1,hc,2.25,away,6.2,1
fqiUo4v8,Betis,Chelsea,1,1,hc,-2.25,home,42.87,1
fqiUo4v8,Betis,Chelsea,1,1,hc,2.50,home,1.16,1
fqiUo4v8,Betis,Chelsea,1,1,hc,2.50,away,6.8,1
fqiUo4v8,Betis,Chelsea,1,1,hc,-2.50,home,44.0,1
fqiUo4v8,Betis,Chelsea,1,1,hc,2.75,home,1.1,1
fqiUo4v8,Betis,Chelsea,1,1,hc,2.75,away,9.41,1
fqiUo4v8,Betis,Chelsea,1,1,hc,-2.75,home,70.82,1
fqiUo4v8,Betis,Chelsea,1,1,hc,3.00,home,1.05,1
fqiUo4v8,Betis,Chelsea,1,1,hc,3.00,away,16.06,1
fqiUo4v8,Betis,Chelsea,1,1,hc,3.25,home,1.05,1
fqiUo4v8,Betis,Chelsea,1,1,hc,3.25,away,16.86,1
fqiUo4v8,Betis,Chelsea,1,1,hc,3.50,home,1.04,1
fqiUo4v8,Betis,Chelsea,1,1,hc,3.50,away,17.66,1
fqiUo4v8,Betis,Chelsea,1,1,hc,3.75,home,1.02,1
fqiUo4v8,Betis,Chelsea,1,1,hc,3.75,away,17.66,1
fqiUo4v8,Betis,Chelsea,1,1,hc,0.25,home,2.65,1
fqiUo4v8,Betis,Chelsea,1,1,hc,0.25,away,1.59,1
fqiUo4v8,Betis,Chelsea,1,1,hc,-0.25,home,4.21,1
fqiUo4v8,Betis,Chelsea,1,1,hc,-0.25,away,1.3,1
fqiUo4v8,Betis,Chelsea,1,1,dc,0,home/draw,2.18,1
fqiUo4v8,Betis,Chelsea,1,1,dc,0,home/away,1.32,1
fqiUo4v8,Betis,Chelsea,1,1,dc,0,draw/away,1.25,1
biYm6dY9,Fiorentina,Betis,2,2,1x2,0,home,2.36,1
biYm6dY9,Fiorentina,Betis,2,2,1x2,0,draw,3.6,1
biYm6dY9,Fiorentina,Betis,2,2,1x2,0,away,3.25,1
biYm6dY9,Fiorentina,Betis,2,2,ou,0.50,over,1.08,1
biYm6dY9,Fiorentina,Betis,2,2,ou,0.50,under,12.0,1
biYm6dY9,Fiorentina,Betis,2,2,ou,1.50,over,1.34,1
biYm6dY9,Fiorentina,Betis,2,2,ou,1.50,under,3.7,1
biYm6dY9,Fiorentina,Betis,2,2,ou,2.50,over,2.0,1
biYm6dY9,Fiorentina,Betis,2,2,ou,2.50,under,1.93,1
biYm6dY9,Fiorentina,Betis,2,2,ou,3.50,over,3.6,1
biYm6dY9,Fiorentina,Betis,2,2,ou,3.50,under,1.36,1
biYm6dY9,Fiorentina,Betis,2,2,ou,4.50,over,7.6,1
biYm6dY9,Fiorentina,Betis,2,2,ou,4.50,under,1.13,1
biYm6dY9,Fiorentina,Betis,2,2,ou,5.50,over,18.0,1
biYm6dY9,Fiorentina,Betis,2,2,ou,5.50,under,1.04,1
biYm6dY9,Fiorentina,Betis,2,2,ou,6.50,over,34.0,1
biYm6dY9,Fiorentina,Betis,2,2,hc,0,home,1.7,1
biYm6dY9,Fiorentina,Betis,2,2,hc,0,away,2.37,1
biYm6dY9,Fiorentina,Betis,2,2,hc,-0.50,home,2.36,1
biYm6dY9,Fiorentina,Betis,2,2,hc,-0.50,away,1.72,1
biYm6dY9,Fiorentina,Betis,2,2,hc,0.50,home,1.42,1
biYm6dY9,Fiorentina,Betis,2,2,hc,0.50,away,3.26,1
biYm6dY9,Fiorentina,Betis,2,2,hc,-0.75,home,2.82,1
biYm6dY9,Fiorentina,Betis,2,2,hc,-0.75,away,1.52,1
biYm6dY9,Fiorentina,Betis,2,2,hc,0.75,home,1.29,1
biYm6dY9,Fiorentina,Betis,2,2,hc,0.75,away,4.2,1
biYm6dY9,Fiorentina,Betis,2,2,hc,-1.00,home,3.76,1
biYm6dY9,Fiorentina,Betis,2,2,hc,-1.00,away,1.33,1
biYm6dY9,Fiorentina,Betis,2,2,hc,1.00,home,1.16,1
biYm6dY9,Fiorentina,Betis,2,2,hc,1.00,away,6.23,1
biYm6dY9,Fiorentina,Betis,2,2,hc,-1.25,home,4.22,1
biYm6dY9,Fiorentina,Betis,2,2,hc,-1.25,away,1.27,1
biYm6dY9,Fiorentina,Betis,2,2,hc,1.25,home,1.14,1
biYm6dY9,Fiorentina,Betis,2,2,hc,1.25,away,6.77,1
biYm6dY9,Fiorentina,Betis,2,2,hc,-1.50,home,4.71,1
biYm6dY9,Fiorentina,Betis,2,2,hc,-1.50,away,1.24,1
biYm6dY9,Fiorentina,Betis,2,2,hc,1.50,home,1.13,1
biYm6dY9,Fiorentina,Betis,2,2,hc,1.50,away,7.23,1
biYm6dY9,Fiorentina,Betis,2,2,hc,-1.75,home,6.54,1
biYm6dY9,Fiorentina,Betis,2,2,hc,-1.75,away,1.16,1
biYm6dY9,Fiorentina,Betis,2,2,hc,1.75,home,1.08,1
biYm6dY9,Fiorentina,Betis,2,2,hc,1.75,away,10.45,1
biYm6dY9,Fiorentina,Betis,2,2,hc,-2.00,home,9.46,1
biYm6dY9,Fiorentina,Betis,2,2,hc,-2.00,away,1.08,1
biYm6dY9,Fiorentina,Betis,2,2,hc,2.00,home,1.03,1
biYm6dY9,Fiorentina,Betis,2,2,hc,2.00,away,18.5,1
biYm6dY9,Fiorentina,Betis,2,2,hc,-2.25,home,9.98,1
biYm6dY9,Fiorentina,Betis,2,2,hc,-2.25,away,1.08,1
biYm6dY9,Fiorentina,Betis,2,2,hc,2.25,home,1.03,1
biYm6dY9,Fiorentina,Betis,2,2,hc,2.25,away,19.31,1
biYm6dY9,Fiorentina,Betis,2,2,hc,-2.50,home,10.5,1
biYm6dY9,Fiorentina,Betis,2,2,hc,-2.50,away,1.07,1
biYm6dY9,Fiorentina,Betis,2,2,hc,2.50,home,1.03,1
biYm6dY9,Fiorentina,Betis,2,2,hc,2.50,away,20.0,1
biYm6dY9,Fiorentina,Betis,2,2,hc,-2.75,home,15.3,1
biYm6dY9,Fiorentina,Betis,2,2,hc,-2.75,away,1.04,1
biYm6dY9,Fiorentina,Betis,2,2,hc,2.75,away,31.0,1
biYm6dY9,Fiorentina,Betis,2,2,hc,-3.00,home,20.21,1
biYm6dY9,Fiorentina,Betis,2,2,hc,-3.25,home,20.62,1
biYm6dY9,Fiorentina,Betis,2,2,hc,-3.50,home,21.02,1
biYm6dY9,Fiorentina,Betis,2,2,hc,-0.25,home,2.03,1
biYm6dY9,Fiorentina,Betis,2,2,hc,-0.25,away,1.94,1
biYm6dY9,Fiorentina,Betis,2,2,hc,0.25,home,1.53,1
biYm6dY9,Fiorentina,Betis,2,2,hc,0.25,away,2.82,1
biYm6dY9,Fiorentina,Betis,2,2,dc,0,home/draw,1.42,1
biYm6dY9,Fiorentina,Betis,2,2,dc,0,home/away,1.37,1
biYm6dY9,Fiorentina,Betis,2,2,dc,0,draw/away,1.72,1
UN6XYFrf,Chelsea,Djurgarden,1,1,1x2,0,home,1.16,1
UN6XYFrf,Chelsea,Djurgarden,1,1,1x2,0,draw,10.5,1
UN6XYFrf,Chelsea,Djurgarden,1,1,1x2,0,away,22.0,1
UN6XYFrf,Chelsea,Djurgarden,1,1,ou,0.50,over,1.02,1
UN6XYFrf,Chelsea,Djurgarden,1,1,ou,0.50,under,26.0,1
UN6XYFrf,Chelsea,Djurgarden,1,1,ou,1.50,over,1.13,1
UN6XYFrf,Chelsea,Djurgarden,1,1,ou,1.50,under,7.8,1
UN6XYFrf,Chelsea,Djurgarden,1,1,ou,2.50,over,1.38,1
UN6XYFrf,Chelsea,Djurgarden,1,1,ou,2.50,under,3.3,1
UN6XYFrf,Chelsea,Djurgarden,1,1,ou,3.50,over,2.02,1
UN6XYFrf,Chelsea,Djurgarden,1,1,ou,3.50,under,1.98,1
UN6XYFrf,Chelsea,Djurgarden,1,1,ou,4.50,over,3.2,1
UN6XYFrf,Chelsea,Djurgarden,1,1,ou,4.50,under,1.41,1
UN6XYFrf,Chelsea,Djurgarden,1,1,ou,5.50,over,6.0,1
UN6XYFrf,Chelsea,Djurgarden,1,1,ou,5.50,under,1.17,1
UN6XYFrf,Chelsea,Djurgarden,1,1,ou,6.50,over,12.0,1
UN6XYFrf,Chelsea,Djurgarden,1,1,ou,6.50,under,1.07,1
UN6XYFrf,Chelsea,Djurgarden,1,1,ou,7.50,over,26.0,1
UN6XYFrf,Chelsea,Djurgarden,1,1,ou,7.50,under,1.02,1
UN6XYFrf,Chelsea,Djurgarden,1,1,ou,8.50,over,50.0,1
UN6XYFrf,Chelsea,Djurgarden,1,1,hc,0,home,1.04,1
UN6XYFrf,Chelsea,Djurgarden,1,1,hc,0,away,19.9,1
UN6XYFrf,Chelsea,Djurgarden,1,1,hc,0.50,home,1.04,1
UN6XYFrf,Chelsea,Djurgarden,1,1,hc,0.50,away,22.0,1
UN6XYFrf,Chelsea,Djurgarden,1,1,hc,-0.50,home,1.16,1
UN6XYFrf,Chelsea,Djurgarden,1,1,hc,-0.50,away,7.1,1
UN6XYFrf,Chelsea,Djurgarden,1,1,hc,0.75,home,1.02,1
UN6XYFrf,Chelsea,Djurgarden,1,1,hc,0.75,away,32.95,1
UN6XYFrf,Chelsea,Djurgarden,1,1,hc,-0.75,home,1.17,1
UN6XYFrf,Chelsea,Djurgarden,1,1,hc,-0.75,away,6.39,1
UN6XYFrf,Chelsea,Djurgarden,1,1,hc,1.00,away,50.87,1
UN6XYFrf,Chelsea,Djurgarden,1,1,hc,-1.00,home,1.2,1
UN6XYFrf,Chelsea,Djurgarden,1,1,hc,-1.00,away,5.67,1
UN6XYFrf,Chelsea,Djurgarden,1,1,hc,1.25,away,51.56,1
UN6XYFrf,Chelsea,Djurgarden,1,1,hc,-1.25,home,1.33,1
UN6XYFrf,Chelsea,Djurgarden,1,1,hc,-1.25,away,3.72,1
UN6XYFrf,Chelsea,Djurgarden,1,1,hc,1.50,away,52.25,1
UN6XYFrf,Chelsea,Djurgarden,1,1,hc,-1.50,home,1.47,1
UN6XYFrf,Chelsea,Djurgarden,1,1,hc,-1.50,away,2.92,1
UN6XYFrf,Chelsea,Djurgarden,1,1,hc,-1.75,home,1.55,1
UN6XYFrf,Chelsea,Djurgarden,1,1,hc,-1.75,away,2.6,1
UN6XYFrf,Chelsea,Djurgarden,1,1,hc,-2.00,home,1.68,1
UN6XYFrf,Chelsea,Djurgarden,1,1,hc,-2.00,away,2.29,1
UN6XYFrf,Chelsea,Djurgarden,1,1,hc,-2.25,home,1.91,1
UN6XYFrf,Chelsea,Djurgarden,1,1,hc,-2.25,away,1.98,1
UN6XYFrf,Chelsea,Djurgarden,1,1,hc,-2.50,home,2.14,1
UN6XYFrf,Chelsea,Djurgarden,1,1,hc,-2.50,away,1.79,1
UN6XYFrf,Chelsea,Djurgarden,1,1,hc,-2.75,home,2.36,1
UN6XYFrf,Chelsea,Djurgarden,1,1,hc,-2.75,away,1.59,1
UN6XYFrf,Chelsea,Djurgarden,1,1,hc,-3.00,home,2.68,1
UN6XYFrf,Chelsea,Djurgarden,1,1,hc,-3.00,away,1.39,1
UN6XYFrf,Chelsea,Djurgarden,1,1,hc,-3.25,home,2.92,1
UN6XYFrf,Chelsea,Djurgarden,1,1,hc,-3.25,away,1.32,1
UN6XYFrf,Chelsea,Djurgarden,1,1,hc,-3.50,home,3.16,1
UN6XYFrf,Chelsea,Djurgarden,1,1,hc,-3.50,away,1.28,1
UN6XYFrf,Chelsea,Djurgarden,1,1,hc,-3.75,home,3.85,1
UN6XYFrf,Chelsea,Djurgarden,1,1,hc,-3.75,away,1.21,1
UN6XYFrf,Chelsea,Djurgarden,1,1,hc,-4.00,home,3.77,1
UN6XYFrf,Chelsea,Djurgarden,1,1,hc,-4.00,away,1.14,1
UN6XYFrf,Chelsea,Djurgarden,1,1,hc,0.25,home,1.04,1
UN6XYFrf,Chelsea,Djurgarden,1,1,hc,0.25,away,20.95,1
UN6XYFrf,Chelsea,Djurgarden,1,1,hc,-0.25,home,1.1,1
UN6XYFrf,Chelsea,Djurgarden,1,1,hc,-0.25,away,10.23,1
UN6XYFrf,Chelsea,Djurgarden,1,1,dc,0,home/draw,1.04,1
UN6XYFrf,Chelsea,Djurgarden,1,1,dc,0,home/away,1.1,1
UN6XYFrf,Chelsea,Djurgarden,1,1,dc,0,draw/away,7.0,1
xxpu8I3c,Betis,Fiorentina,2,2,1x2,0,home,1.8,1
xxpu8I3c,Betis,Fiorentina,2,2,1x2,0,draw,3.85,1
xxpu8I3c,Betis,Fiorentina,2,2,1x2,0,away,5.2,1
xxpu8I3c,Betis,Fiorentina,2,2,ou,0.50,over,1.08,1
xxpu8I3c,Betis,Fiorentina,2,2,ou,0.50,under,13.0,1
xxpu8I3c,Betis,Fiorentina,2,2,ou,1.50,over,1.36,1
xxpu8I3c,Betis,Fiorentina,2,2,ou,1.50,under,3.7,1
xxpu8I3c,Betis,Fiorentina,2,2,ou,2.50,over,2.12,1
xxpu8I3c,Betis,Fiorentina,2,2,ou,2.50,under,1.88,1
xxpu8I3c,Betis,Fiorentina,2,2,ou,3.50,over,3.9,1
xxpu8I3c,Betis,Fiorentina,2,2,ou,3.50,under,1.34,1
xxpu8I3c,Betis,Fiorentina,2,2,ou,4.50,over,8.6,1
xxpu8I3c,Betis,Fiorentina,2,2,ou,4.50,under,1.13,1
xxpu8I3c,Betis,Fiorentina,2,2,ou,5.50,over,21.0,1
xxpu8I3c,Betis,Fiorentina,2,2,ou,5.50,under,1.04,1
xxpu8I3c,Betis,Fiorentina,2,2,ou,6.50,over,50.0,1
xxpu8I3c,Betis,Fiorentina,2,2,hc,0,home,1.33,1
xxpu8I3c,Betis,Fiorentina,2,2,hc,0,away,3.92,1
xxpu8I3c,Betis,Fiorentina,2,2,hc,0.50,home,1.22,1
xxpu8I3c,Betis,Fiorentina,2,2,hc,0.50,away,5.3,1
xxpu8I3c,Betis,Fiorentina,2,2,hc,-0.50,home,1.8,1
xxpu8I3c,Betis,Fiorentina,2,2,hc,-0.50,away,2.23,1
xxpu8I3c,Betis,Fiorentina,2,2,hc,0.75,home,1.14,1
xxpu8I3c,Betis,Fiorentina,2,2,hc,0.75,away,7.21,1
xxpu8I3c,Betis,Fiorentina,2,2,hc,-0.75,home,2.03,1
xxpu8I3c,Betis,Fiorentina,2,2,hc,-0.75,away,1.95,1
xxpu8I3c,Betis,Fiorentina,2,2,hc,1.00,home,1.06,1
xxpu8I3c,Betis,Fiorentina,2,2,hc,1.00,away,12.2,1
xxpu8I3c,Betis,Fiorentina,2,2,hc,-1.00,home,2.47,1
xxpu8I3c,Betis,Fiorentina,2,2,hc,-1.00,away,1.65,1
xxpu8I3c,Betis,Fiorentina,2,2,hc,1.25,home,1.06,1
xxpu8I3c,Betis,Fiorentina,2,2,hc,1.25,away,13.0,1
xxpu8I3c,Betis,Fiorentina,2,2,hc,-1.25,home,2.9,1
xxpu8I3c,Betis,Fiorentina,2,2,hc,-1.25,away,1.5,1
xxpu8I3c,Betis,Fiorentina,2,2,hc,1.50,home,1.05,1
xxpu8I3c,Betis,Fiorentina,2,2,hc,1.50,away,13.81,1
xxpu8I3c,Betis,Fiorentina,2,2,hc,-1.50,home,3.32,1
xxpu8I3c,Betis,Fiorentina,2,2,hc,-1.50,away,1.4,1
xxpu8I3c,Betis,Fiorentina,2,2,hc,1.75,home,1.03,1
xxpu8I3c,Betis,Fiorentina,2,2,hc,1.75,away,20.28,1
xxpu8I3c,Betis,Fiorentina,2,2,hc,-1.75,home,4.26,1
xxpu8I3c,Betis,Fiorentina,2,2,hc,-1.75,away,1.28,1
xxpu8I3c,Betis,Fiorentina,2,2,hc,2.00,away,39.95,1
xxpu8I3c,Betis,Fiorentina,2,2,hc,-2.00,home,6.45,1
xxpu8I3c,Betis,Fiorentina,2,2,hc,-2.00,away,1.16,1
xxpu8I3c,Betis,Fiorentina,2,2,hc,2.25,away,41.03,1
xxpu8I3c,Betis,Fiorentina,2,2,hc,-2.25,home,7.12,1
xxpu8I3c,Betis,Fiorentina,2,2,hc,-2.25,away,1.14,1
xxpu8I3c,Betis,Fiorentina,2,2,hc,2.50,away,42.0,1
xxpu8I3c,Betis,Fiorentina,2,2,hc,-2.50,home,7.8,1
xxpu8I3c,Betis,Fiorentina,2,2,hc,-2.50,away,1.13,1
xxpu8I3c,Betis,Fiorentina,2,2,hc,-2.75,home,10.56,1
xxpu8I3c,Betis,Fiorentina,2,2,hc,-2.75,away,1.08,1
xxpu8I3c,Betis,Fiorentina,2,2,hc,-3.00,home,17.12,1
xxpu8I3c,Betis,Fiorentina,2,2,hc,-3.00,away,1.03,1
xxpu8I3c,Betis,Fiorentina,2,2,hc,-3.25,home,17.81,1
xxpu8I3c,Betis,Fiorentina,2,2,hc,-3.25,away,1.03,1
xxpu8I3c,Betis,Fiorentina,2,2,hc,-3.50,home,18.5,1
xxpu8I3c,Betis,Fiorentina,2,2,hc,-3.50,away,1.03,1
xxpu8I3c,Betis,Fiorentina,2,2,hc,-3.75,home,18.5,1
xxpu8I3c,Betis,Fiorentina,2,2,hc,0.25,home,1.27,1
xxpu8I3c,Betis,Fiorentina,2,2,hc,0.25,away,4.61,1
xxpu8I3c,Betis,Fiorentina,2,2,hc,-0.25,home,1.56,1
xxpu8I3c,Betis,Fiorentina,2,2,hc,-0.25,away,2.73,1
xxpu8I3c,Betis,Fiorentina,2,2,dc,0,home/draw,1.22,1
xxpu8I3c,Betis,Fiorentina,2,2,dc,0,home/away,1.34,1
xxpu8I3c,Betis,Fiorentina,2,2,dc,0,draw/away,2.22,1
OAyXzxEs,Djurgarden,Chelsea,1,1,1x2,0,home,10.5,1
OAyXzxEs,Djurgarden,Chelsea,1,1,1x2,0,draw,5.6,1
OAyXzxEs,Djurgarden,Chelsea,1,1,1x2,0,away,1.36,1
OAyXzxEs,Djurgarden,Chelsea,1,1,ou,0.50,over,1.05,1
OAyXzxEs,Djurgarden,Chelsea,1,1,ou,0.50,under,20.0,1
OAyXzxEs,Djurgarden,Chelsea,1,1,ou,1.50,over,1.23,1
OAyXzxEs,Djurgarden,Chelsea,1,1,ou,1.50,under,5.1,1
OAyXzxEs,Djurgarden,Chelsea,1,1,ou,2.50,over,1.73,1
OAyXzxEs,Djurgarden,Chelsea,1,1,ou,2.50,under,2.34,1
OAyXzxEs,Djurgarden,Chelsea,1,1,ou,3.50,over,2.8,1
OAyXzxEs,Djurgarden,Chelsea,1,1,ou,3.50,under,1.54,1
OAyXzxEs,Djurgarden,Chelsea,1,1,ou,4.50,over,5.5,1
OAyXzxEs,Djurgarden,Chelsea,1,1,ou,4.50,under,1.21,1
OAyXzxEs,Djurgarden,Chelsea,1,1,ou,5.50,over,12.0,1
OAyXzxEs,Djurgarden,Chelsea,1,1,ou,5.50,under,1.08,1
OAyXzxEs,Djurgarden,Chelsea,1,1,ou,6.50,over,29.0,1
OAyXzxEs,Djurgarden,Chelsea,1,1,ou,6.50,under,1.02,1
OAyXzxEs,Djurgarden,Chelsea,1,1,ou,7.50,over,75.0,1
OAyXzxEs,Djurgarden,Chelsea,1,1,hc,0,home,8.8,1
OAyXzxEs,Djurgarden,Chelsea,1,1,hc,0,away,1.12,1
OAyXzxEs,Djurgarden,Chelsea,1,1,hc,-0.50,home,10.67,1
OAyXzxEs,Djurgarden,Chelsea,1,1,hc,-0.50,away,1.1,1
OAyXzxEs,Djurgarden,Chelsea,1,1,hc,0.50,home,3.7,1
OAyXzxEs,Djurgarden,Chelsea,1,1,hc,0.50,away,1.36,1
OAyXzxEs,Djurgarden,Chelsea,1,1,hc,-0.75,home,16.13,1
OAyXzxEs,Djurgarden,Chelsea,1,1,hc,-0.75,away,1.06,1
OAyXzxEs,Djurgarden,Chelsea,1,1,hc,0.75,home,3.24,1
OAyXzxEs,Djurgarden,Chelsea,1,1,hc,0.75,away,1.43,1
OAyXzxEs,Djurgarden,Chelsea,1,1,hc,-1.00,home,35.45,1
OAyXzxEs,Djurgarden,Chelsea,1,1,hc,-1.00,away,1.02,1
OAyXzxEs,Djurgarden,Chelsea,1,1,hc,1.00,home,2.78,1
OAyXzxEs,Djurgarden,Chelsea,1,1,hc,1.00,away,1.55,1
OAyXzxEs,Djurgarden,Chelsea,1,1,hc,-1.25,home,36.72,1
OAyXzxEs,Djurgarden,Chelsea,1,1,hc,-1.25,away,1.02,1
OAyXzxEs,Djurgarden,Chelsea,1,1,hc,1.25,home,2.22,1
OAyXzxEs,Djurgarden,Chelsea,1,1,hc,1.25,away,1.8,1
OAyXzxEs,Djurgarden,Chelsea,1,1,hc,-1.50,home,38.0,1
OAyXzxEs,Djurgarden,Chelsea,1,1,hc,-1.50,away,1.02,1
OAyXzxEs,Djurgarden,Chelsea,1,1,hc,1.50,home,1.93,1
OAyXzxEs,Djurgarden,Chelsea,1,1,hc,1.50,away,2.06,1
OAyXzxEs,Djurgarden,Chelsea,1,1,hc,-1.75,home,60.04,1
OAyXzxEs,Djurgarden,Chelsea,1,1,hc,1.75,home,1.71,1
OAyXzxEs,Djurgarden,Chelsea,1,1,hc,1.75,away,2.35,1
OAyXzxEs,Djurgarden,Chelsea,1,1,hc,2.00,home,1.5,1
OAyXzxEs,Djurgarden,Chelsea,1,1,hc,2.00,away,2.89,1
OAyXzxEs,Djurgarden,Chelsea,1,1,hc,2.25,home,1.41,1
OAyXzxEs,Djurgarden,Chelsea,1,1,hc,2.25,away,3.28,1
OAyXzxEs,Djurgarden,Chelsea,1,1,hc,2.50,home,1.35,1
OAyXzxEs,Djurgarden,Chelsea,1,1,hc,2.50,away,3.61,1
OAyXzxEs,Djurgarden,Chelsea,1,1,hc,2.75,home,1.26,1
OAyXzxEs,Djurgarden,Chelsea,1,1,hc,2.75,away,4.57,1
OAyXzxEs,Djurgarden,Chelsea,1,1,hc,3.00,home,1.16,1
OAyXzxEs,Djurgarden,Chelsea,1,1,hc,3.00,away,6.28,1
OAyXzxEs,Djurgarden,Chelsea,1,1,hc,3.25,home,1.15,1
OAyXzxEs,Djurgarden,Chelsea,1,1,hc,3.25,away,6.76,1
OAyXzxEs,Djurgarden,Chelsea,1,1,hc,3.50,home,1.14,1
OAyXzxEs,Djurgarden,Chelsea,1,1,hc,3.50,away,7.2,1
OAyXzxEs,Djurgarden,Chelsea,1,1,hc,3.75,home,1.09,1
OAyXzxEs,Djurgarden,Chelsea,1,1,hc,3.75,away,9.69,1
OAyXzxEs,Djurgarden,Chelsea,1,1,hc,4.00,home,1.05,1
OAyXzxEs,Djurgarden,Chelsea,1,1,hc,4.00,away,12.36,1
OAyXzxEs,Djurgarden,Chelsea,1,1,hc,-0.25,home,9.73,1
OAyXzxEs,Djurgarden,Chelsea,1,1,hc,-0.25,away,1.11,1
OAyXzxEs,Djurgarden,Chelsea,1,1,hc,0.25,home,5.01,1
OAyXzxEs,Djurgarden,Chelsea,1,1,hc,0.25,away,1.24,1
OAyXzxEs,Djurgarden,Chelsea,1,1,dc,0,home/draw,3.7,1
OAyXzxEs,Djurgarden,Chelsea,1,1,dc,0,home/away,1.21,1
OAyXzxEs,Djurgarden,Chelsea,1,1,dc,0,draw/away,1.1,1
Y9M8RYhR,Chelsea,Legia,1,1,1x2,0,home,1.19,1
Y9M8RYhR,Chelsea,Legia,1,1,1x2,0,draw,9.0,1
Y9M8RYhR,Chelsea,Legia,1,1,1x2,0,away,19.5,1
Y9M8RYhR,Chelsea,Legia,1,1,ou,0.50,over,1.02,1
Y9M8RYhR,Chelsea,Legia,1,1,ou,0.50,under,48.0,1
Y9M8RYhR,Chelsea,Legia,1,1,ou,1.50,over,1.1,1
Y9M8RYhR,Chelsea,Legia,1,1,ou,1.50,under,9.8,1
Y9M8RYhR,Chelsea,Legia,1,1,ou,2.50,over,1.33,1
Y9M8RYhR,Chelsea,Legia,1,1,ou,2.50,under,3.8,1
Y9M8RYhR,Chelsea,Legia,1,1,ou,3.50,over,1.84,1
Y9M8RYhR,Chelsea,Legia,1,1,ou,3.50,under,2.16,1
Y9M8RYhR,Chelsea,Legia,1,1,ou,4.50,over,2.92,1
Y9M8RYhR,Chelsea,Legia,1,1,ou,4.50,under,1.5,1
Y9M8RYhR,Chelsea,Legia,1,1,ou,5.50,over,5.2,1
Y9M8RYhR,Chelsea,Legia,1,1,ou,5.50,under,1.23,1
Y9M8RYhR,Chelsea,Legia,1,1,ou,6.50,over,10.5,1
Y9M8RYhR,Chelsea,Legia,1,1,ou,6.50,under,1.09,1
Y9M8RYhR,Chelsea,Legia,1,1,ou,7.50,over,24.0,1
Y9M8RYhR,Chelsea,Legia,1,1,ou,7.50,under,1.03,1
Y9M8RYhR,Chelsea,Legia,1,1,ou,8.50,over,50.0,1
Y9M8RYhR,Chelsea,Legia,1,1,hc,0,home,1.05,1
Y9M8RYhR,Chelsea,Legia,1,1,hc,0,away,17.33,1
Y9M8RYhR,Chelsea,Legia,1,1,hc,0.50,home,1.05,1
Y9M8RYhR,Chelsea,Legia,1,1,hc,0.50,away,19.5,1
Y9M8RYhR,Chelsea,Legia,1,1,hc,-0.50,home,1.19,1
Y9M8RYhR,Chelsea,Legia,1,1,hc,-0.50,away,6.15,1
Y9M8RYhR,Chelsea,Legia,1,1,hc,0.75,home,1.03,1
Y9M8RYhR,Chelsea,Legia,1,1,hc,0.75,away,28.92,1
Y9M8RYhR,Chelsea,Legia,1,1,hc,-0.75,home,1.21,1
Y9M8RYhR,Chelsea,Legia,1,1,hc,-0.75,away,5.61,1
Y9M8RYhR,Chelsea,Legia,1,1,hc,1.00,away,53.17,1
Y9M8RYhR,Chelsea,Legia,1,1,hc,-1.00,home,1.23,1
Y9M8RYhR,Chelsea,Legia,1,1,hc,-1.00,away,5.07,1
Y9M8RYhR,Chelsea,Legia,1,1,hc,1.25,away,54.08,1
Y9M8RYhR,Chelsea,Legia,1,1,hc,-1.25,home,1.36,1
Y9M8RYhR,Chelsea,Legia,1,1,hc,-1.25,away,3.63,1
Y9M8RYhR,Chelsea,Legia,1,1,hc,1.50,away,55.0,1
Y9M8RYhR,Chelsea,Legia,1,1,hc,-1.50,home,1.49,1
Y9M8RYhR,Chelsea,Legia,1,1,hc,-1.50,away,2.95,1
Y9M8RYhR,Chelsea,Legia,1,1,hc,1.75,away,95.4,1
Y9M8RYhR,Chelsea,Legia,1,1,hc,-1.75,home,1.58,1
Y9M8RYhR,Chelsea,Legia,1,1,hc,-1.75,away,2.64,1
Y9M8RYhR,Chelsea,Legia,1,1,hc,-2.00,home,1.74,1
Y9M8RYhR,Chelsea,Legia,1,1,hc,-2.00,away,2.33,1
Y9M8RYhR,Chelsea,Legia,1,1,hc,-2.25,home,1.96,1
Y9M8RYhR,Chelsea,Legia,1,1,hc,-2.25,away,2.01,1
Y9M8RYhR,Chelsea,Legia,1,1,hc,-2.50,home,2.19,1
Y9M8RYhR,Chelsea,Legia,1,1,hc,-2.50,away,1.82,1
Y9M8RYhR,Chelsea,Legia,1,1,hc,-2.75,home,2.47,1
Y9M8RYhR,Chelsea,Legia,1,1,hc,-2.75,away,1.65,1
Y9M8RYhR,Chelsea,Legia,1,1,hc,-3.00,home,2.94,1
Y9M8RYhR,Chelsea,Legia,1,1,hc,-3.00,away,1.48,1
Y9M8RYhR,Chelsea,Legia,1,1,hc,-3.25,home,3.23,1
Y9M8RYhR,Chelsea,Legia,1,1,hc,-3.25,away,1.41,1
Y9M8RYhR,Chelsea,Legia,1,1,hc,-3.50,home,3.55,1
Y9M8RYhR,Chelsea,Legia,1,1,hc,-3.50,away,1.36,1
Y9M8RYhR,Chelsea,Legia,1,1,hc,-3.75,home,4.38,1
Y9M8RYhR,Chelsea,Legia,1,1,hc,-3.75,away,1.27,1
Y9M8RYhR,Chelsea,Legia,1,1,hc,-4.00,home,5.76,1
Y9M8RYhR,Chelsea,Legia,1,1,hc,-4.00,away,1.18,1
Y9M8RYhR,Chelsea,Legia,1,1,hc,0.25,home,1.05,1
Y9M8RYhR,Chelsea,Legia,1,1,hc,0.25,away,18.41,1
Y9M8RYhR,Chelsea,Legia,1,1,hc,-0.25,home,1.12,1
Y9M8RYhR,Chelsea,Legia,1,1,hc,-0.25,away,8.84,1
Y9M8RYhR,Chelsea,Legia,1,1,dc,0,home/draw,1.05,1
Y9M8RYhR,Chelsea,Legia,1,1,dc,0,home/away,1.12,1
Y9M8RYhR,Chelsea,Legia,1,1,dc,0,draw/away,6.0,1
dpBisYfJ,SK Rapid,Djurgarden,1,1,1x2,0,home,1.86,1
dpBisYfJ,SK Rapid,Djurgarden,1,1,1x2,0,draw,3.8,1
dpBisYfJ,SK Rapid,Djurgarden,1,1,1x2,0,away,4.9,1
dpBisYfJ,SK Rapid,Djurgarden,1,1,ou,0.50,over,1.06,1
dpBisYfJ,SK Rapid,Djurgarden,1,1,ou,0.50,under,14.5,1
dpBisYfJ,SK Rapid,Djurgarden,1,1,ou,1.50,over,1.3,1
dpBisYfJ,SK Rapid,Djurgarden,1,1,ou,1.50,under,4.1,1
dpBisYfJ,SK Rapid,Djurgarden,1,1,ou,2.50,over,1.94,1
dpBisYfJ,SK Rapid,Djurgarden,1,1,ou,2.50,under,2.04,1
dpBisYfJ,SK Rapid,Djurgarden,1,1,ou,3.50,over,3.35,1
dpBisYfJ,SK Rapid,Djurgarden,1,1,ou,3.50,under,1.41,1
dpBisYfJ,SK Rapid,Djurgarden,1,1,ou,4.50,over,7.0,1
dpBisYfJ,SK Rapid,Djurgarden,1,1,ou,4.50,under,1.16,1
dpBisYfJ,SK Rapid,Djurgarden,1,1,ou,5.50,over,16.5,1
dpBisYfJ,SK Rapid,Djurgarden,1,1,ou,5.50,under,1.05,1
dpBisYfJ,SK Rapid,Djurgarden,1,1,ou,6.50,over,40.0,1
dpBisYfJ,SK Rapid,Djurgarden,1,1,ou,6.50,under,1.02,1
dpBisYfJ,SK Rapid,Djurgarden,1,1,hc,0,home,1.37,1
dpBisYfJ,SK Rapid,Djurgarden,1,1,hc,0,away,3.62,1
dpBisYfJ,SK Rapid,Djurgarden,1,1,hc,-0.50,home,1.86,1
dpBisYfJ,SK Rapid,Djurgarden,1,1,hc,-0.50,away,2.14,1
dpBisYfJ,SK Rapid,Djurgarden,1,1,hc,0.50,home,1.25,1
dpBisYfJ,SK Rapid,Djurgarden,1,1,hc,0.50,away,4.9,1
dpBisYfJ,SK Rapid,Djurgarden,1,1,hc,-0.75,home,2.1,1
dpBisYfJ,SK Rapid,Djurgarden,1,1,hc,-0.75,away,1.88,1
dpBisYfJ,SK Rapid,Djurgarden,1,1,hc,0.75,home,1.16,1
dpBisYfJ,SK Rapid,Djurgarden,1,1,hc,0.75,away,6.72,1
dpBisYfJ,SK Rapid,Djurgarden,1,1,hc,-1.00,home,2.52,1
dpBisYfJ,SK Rapid,Djurgarden,1,1,hc,-1.00,away,1.61,1
dpBisYfJ,SK Rapid,Djurgarden,1,1,hc,1.00,home,1.08,1
dpBisYfJ,SK Rapid,Djurgarden,1,1,hc,1.00,away,11.35,1
dpBisYfJ,SK Rapid,Djurgarden,1,1,hc,-1.25,home,2.91,1
dpBisYfJ,SK Rapid,Djurgarden,1,1,hc,-1.25,away,1.47,1
dpBisYfJ,SK Rapid,Djurgarden,1,1,hc,1.25,home,1.07,1
dpBisYfJ,SK Rapid,Djurgarden,1,1,hc,1.25,away,12.18,1
dpBisYfJ,SK Rapid,Djurgarden,1,1,hc,-1.50,home,3.3,1
dpBisYfJ,SK Rapid,Djurgarden,1,1,hc,-1.50,away,1.39,1
dpBisYfJ,SK Rapid,Djurgarden,1,1,hc,1.50,home,1.07,1
dpBisYfJ,SK Rapid,Djurgarden,1,1,hc,1.50,away,13.01,1
dpBisYfJ,SK Rapid,Djurgarden,1,1,hc,-1.75,home,4.15,1
dpBisYfJ,SK Rapid,Djurgarden,1,1,hc,-1.75,away,1.27,1
dpBisYfJ,SK Rapid,Djurgarden,1,1,hc,1.75,home,1.04,1
dpBisYfJ,SK Rapid,Djurgarden,1,1,hc,1.75,away,19.81,1
dpBisYfJ,SK Rapid,Djurgarden,1,1,hc,-2.00,home,5.87,1
dpBisYfJ,SK Rapid,Djurgarden,1,1,hc,-2.00,away,1.16,1
dpBisYfJ,SK Rapid,Djurgarden,1,1,hc,2.00,away,43.59,1
dpBisYfJ,SK Rapid,Djurgarden,1,1,hc,-2.25,home,6.43,1
dpBisYfJ,SK Rapid,Djurgarden,1,1,hc,-2.25,away,1.15,1
dpBisYfJ,SK Rapid,Djurgarden,1,1,hc,2.25,away,44.79,1
dpBisYfJ,SK Rapid,Djurgarden,1,1,hc,-2.50,home,7.0,1
dpBisYfJ,SK Rapid,Djurgarden,1,1,hc,-2.50,away,1.13,1
dpBisYfJ,SK Rapid,Djurgarden,1,1,hc,2.50,away,46.0,1
dpBisYfJ,SK Rapid,Djurgarden,1,1,hc,-2.75,home,9.61,1
dpBisYfJ,SK Rapid,Djurgarden,1,1,hc,-2.75,away,1.09,1
dpBisYfJ,SK Rapid,Djurgarden,1,1,hc,-3.00,home,14.79,1
dpBisYfJ,SK Rapid,Djurgarden,1,1,hc,-3.00,away,1.04,1
dpBisYfJ,SK Rapid,Djurgarden,1,1,hc,-3.25,home,15.39,1
dpBisYfJ,SK Rapid,Djurgarden,1,1,hc,-3.25,away,1.03,1
dpBisYfJ,SK Rapid,Djurgarden,1,1,hc,-3.50,home,16.0,1
dpBisYfJ,SK Rapid,Djurgarden,1,1,hc,-3.50,away,1.03,1
dpBisYfJ,SK Rapid,Djurgarden,1,1,hc,-3.75,home,16.0,1
dpBisYfJ,SK Rapid,Djurgarden,1,1,hc,-0.25,home,1.61,1
dpBisYfJ,SK Rapid,Djurgarden,1,1,hc,-0.25,away,2.59,1
dpBisYfJ,SK Rapid,Djurgarden,1,1,hc,0.25,home,1.29,1
dpBisYfJ,SK Rapid,Djurgarden,1,1,hc,0.25,away,4.26,1
dpBisYfJ,SK Rapid,Djurgarden,1,1,dc,0,home/draw,1.25,1
dpBisYfJ,SK Rapid,Djurgarden,1,1,dc,0,home/away,1.35,1
dpBisYfJ,SK Rapid,Djurgarden,1,1,dc,0,draw/away,2.14,1
4EWpazio,Jagiellonia,Betis,1,1,1x2,0,home,4.0,1
4EWpazio,Jagiellonia,Betis,1,1,1x2,0,draw,4.0,1
4EWpazio,Jagiellonia,Betis,1,1,1x2,0,away,1.98,1
4EWpazio,Jagiellonia,Betis,1,1,ou,0.50,over,1.05,1
4EWpazio,Jagiellonia,Betis,1,1,ou,0.50,under,19.0,1
4EWpazio,Jagiellonia,Betis,1,1,ou,1.50,over,1.24,1
4EWpazio,Jagiellonia,Betis,1,1,ou,1.50,under,5.0,1
4EWpazio,Jagiellonia,Betis,1,1,ou,2.50,over,1.71,1
4EWpazio,Jagiellonia,Betis,1,1,ou,2.50,under,2.36,1
4EWpazio,Jagiellonia,Betis,1,1,ou,3.50,over,2.78,1
4EWpazio,Jagiellonia,Betis,1,1,ou,3.50,under,1.53,1
4EWpazio,Jagiellonia,Betis,1,1,ou,4.50,over,5.3,1
4EWpazio,Jagiellonia,Betis,1,1,ou,4.50,under,1.22,1
4EWpazio,Jagiellonia,Betis,1,1,ou,5.50,over,12.5,1
4EWpazio,Jagiellonia,Betis,1,1,ou,5.50,under,1.08,1
4EWpazio,Jagiellonia,Betis,1,1,ou,6.50,over,30.0,1
4EWpazio,Jagiellonia,Betis,1,1,ou,6.50,under,1.02,1
4EWpazio,Jagiellonia,Betis,1,1,ou,7.50,over,55.0,1
4EWpazio,Jagiellonia,Betis,1,1,hc,0,home,3.01,1
4EWpazio,Jagiellonia,Betis,1,1,hc,0,away,1.48,1
4EWpazio,Jagiellonia,Betis,1,1,hc,-0.50,home,4.0,1
4EWpazio,Jagiellonia,Betis,1,1,hc,-0.50,away,1.32,1
4EWpazio,Jagiellonia,Betis,1,1,hc,0.50,home,2.01,1
4EWpazio,Jagiellonia,Betis,1,1,hc,0.50,away,1.98,1
4EWpazio,Jagiellonia,Betis,1,1,hc,-0.75,home,5.29,1
4EWpazio,Jagiellonia,Betis,1,1,hc,-0.75,away,1.22,1
4EWpazio,Jagiellonia,Betis,1,1,hc,0.75,home,1.77,1
4EWpazio,Jagiellonia,Betis,1,1,hc,0.75,away,2.25,1
4EWpazio,Jagiellonia,Betis,1,1,hc,-1.00,home,8.56,1
4EWpazio,Jagiellonia,Betis,1,1,hc,-1.00,away,1.12,1
4EWpazio,Jagiellonia,Betis,1,1,hc,1.00,home,1.54,1
4EWpazio,Jagiellonia,Betis,1,1,hc,1.00,away,2.75,1
4EWpazio,Jagiellonia,Betis,1,1,hc,-1.25,home,9.32,1
4EWpazio,Jagiellonia,Betis,1,1,hc,-1.25,away,1.1,1
4EWpazio,Jagiellonia,Betis,1,1,hc,1.25,home,1.43,1
4EWpazio,Jagiellonia,Betis,1,1,hc,1.25,away,3.15,1
4EWpazio,Jagiellonia,Betis,1,1,hc,-1.50,home,10.09,1
4EWpazio,Jagiellonia,Betis,1,1,hc,-1.50,away,1.1,1
4EWpazio,Jagiellonia,Betis,1,1,hc,1.50,home,1.36,1
4EWpazio,Jagiellonia,Betis,1,1,hc,1.50,away,3.55,1
4EWpazio,Jagiellonia,Betis,1,1,hc,-1.75,home,14.38,1
4EWpazio,Jagiellonia,Betis,1,1,hc,-1.75,away,1.06,1
4EWpazio,Jagiellonia,Betis,1,1,hc,1.75,home,1.26,1
4EWpazio,Jagiellonia,Betis,1,1,hc,1.75,away,4.45,1
4EWpazio,Jagiellonia,Betis,1,1,hc,-2.00,home,25.32,1
4EWpazio,Jagiellonia,Betis,1,1,hc,-2.00,away,1.02,1
4EWpazio,Jagiellonia,Betis,1,1,hc,2.00,home,1.16,1
4EWpazio,Jagiellonia,Betis,1,1,hc,2.00,away,6.33,1
4EWpazio,Jagiellonia,Betis,1,1,hc,-2.25,home,26.16,1
4EWpazio,Jagiellonia,Betis,1,1,hc,-2.25,away,1.02,1
4EWpazio,Jagiellonia,Betis,1,1,hc,2.25,home,1.14,1
4EWpazio,Jagiellonia,Betis,1,1,hc,2.25,away,6.88,1
4EWpazio,Jagiellonia,Betis,1,1,hc,-2.50,home,27.0,1
4EWpazio,Jagiellonia,Betis,1,1,hc,-2.50,away,1.02,1
4EWpazio,Jagiellonia,Betis,1,1,hc,2.50,home,1.13,1
4EWpazio,Jagiellonia,Betis,1,1,hc,2.50,away,7.39,1
4EWpazio,Jagiellonia,Betis,1,1,hc,-2.75,home,41.59,1
4EWpazio,Jagiellonia,Betis,1,1,hc,2.75,home,1.09,1
4EWpazio,Jagiellonia,Betis,1,1,hc,2.75,away,10.09,1
4EWpazio,Jagiellonia,Betis,1,1,hc,3.00,home,1.05,1
4EWpazio,Jagiellonia,Betis,1,1,hc,3.00,away,16.57,1
4EWpazio,Jagiellonia,Betis,1,1,hc,3.25,home,1.04,1
4EWpazio,Jagiellonia,Betis,1,1,hc,3.25,away,17.28,1
4EWpazio,Jagiellonia,Betis,1,1,hc,3.50,home,1.04,1
4EWpazio,Jagiellonia,Betis,1,1,hc,3.50,away,18.0,1
4EWpazio,Jagiellonia,Betis,1,1,hc,3.75,home,1.02,1
4EWpazio,Jagiellonia,Betis,1,1,hc,3.75,away,18.0,1
4EWpazio,Jagiellonia,Betis,1,1,hc,-0.25,home,3.5,1
4EWpazio,Jagiellonia,Betis,1,1,hc,-0.25,away,1.38,1
4EWpazio,Jagiellonia,Betis,1,1,hc,0.25,home,2.34,1
4EWpazio,Jagiellonia,Betis,1,1,hc,0.25,away,1.73,1
4EWpazio,Jagiellonia,Betis,1,1,dc,0,home/draw,2.0,1
4EWpazio,Jagiellonia,Betis,1,1,dc,0,home/away,1.32,1
4EWpazio,Jagiellonia,Betis,1,1,dc,0,draw/away,1.32,1
GYXr8jiD,Fiorentina,Celje,2,2,1x2,0,home,1.4,1
GYXr8jiD,Fiorentina,Celje,2,2,1x2,0,draw,5.5,1
GYXr8jiD,Fiorentina,Celje,2,2,1x2,0,away,9.0,1
GYXr8jiD,Fiorentina,Celje,2,2,ou,0.50,over,1.03,1
GYXr8jiD,Fiorentina,Celje,2,2,ou,0.50,under,28.0,1
GYXr8jiD,Fiorentina,Celje,2,2,ou,1.50,over,1.17,1
GYXr8jiD,Fiorentina,Celje,2,2,ou,1.50,under,6.4,1
GYXr8jiD,Fiorentina,Celje,2,2,ou,2.50,over,1.55,1
GYXr8jiD,Fiorentina,Celje,2,2,ou,2.50,under,2.7,1
GYXr8jiD,Fiorentina,Celje,2,2,ou,3.50,over,2.4,1
GYXr8jiD,Fiorentina,Celje,2,2,ou,3.50,under,1.69,1
GYXr8jiD,Fiorentina,Celje,2,2,ou,4.50,over,4.3,1
GYXr8jiD,Fiorentina,Celje,2,2,ou,4.50,under,1.29,1
GYXr8jiD,Fiorentina,Celje,2,2,ou,5.50,over,9.4,1
GYXr8jiD,Fiorentina,Celje,2,2,ou,5.50,under,1.11,1
GYXr8jiD,Fiorentina,Celje,2,2,ou,6.50,over,21.0,1
GYXr8jiD,Fiorentina,Celje,2,2,ou,6.50,under,1.04,1
GYXr8jiD,Fiorentina,Celje,2,2,ou,7.50,over,55.0,1
GYXr8jiD,Fiorentina,Celje,2,2,hc,0,home,1.15,1
GYXr8jiD,Fiorentina,Celje,2,2,hc,0,away,7.36,1
GYXr8jiD,Fiorentina,Celje,2,2,hc,-0.50,home,1.41,1
GYXr8jiD,Fiorentina,Celje,2,2,hc,-0.50,away,3.41,1
GYXr8jiD,Fiorentina,Celje,2,2,hc,0.50,home,1.12,1
GYXr8jiD,Fiorentina,Celje,2,2,hc,0.50,away,9.0,1
GYXr8jiD,Fiorentina,Celje,2,2,hc,-0.75,home,1.48,1
GYXr8jiD,Fiorentina,Celje,2,2,hc,-0.75,away,3.01,1
GYXr8jiD,Fiorentina,Celje,2,2,hc,0.75,home,1.07,1
GYXr8jiD,Fiorentina,Celje,2,2,hc,0.75,away,13.01,1
GYXr8jiD,Fiorentina,Celje,2,2,hc,-1.00,home,1.6,1
GYXr8jiD,Fiorentina,Celje,2,2,hc,-1.00,away,2.61,1
GYXr8jiD,Fiorentina,Celje,2,2,hc,1.00,home,1.03,1
GYXr8jiD,Fiorentina,Celje,2,2,hc,1.00,away,25.1,1
GYXr8jiD,Fiorentina,Celje,2,2,hc,-1.25,home,1.84,1
GYXr8jiD,Fiorentina,Celje,2,2,hc,-1.25,away,2.14,1
GYXr8jiD,Fiorentina,Celje,2,2,hc,1.25,home,1.03,1
GYXr8jiD,Fiorentina,Celje,2,2,hc,1.25,away,26.11,1
GYXr8jiD,Fiorentina,Celje,2,2,hc,-1.50,home,2.07,1
GYXr8jiD,Fiorentina,Celje,2,2,hc,-1.50,away,1.89,1
GYXr8jiD,Fiorentina,Celje,2,2,hc,1.50,home,1.03,1
GYXr8jiD,Fiorentina,Celje,2,2,hc,1.50,away,27.12,1
GYXr8jiD,Fiorentina,Celje,2,2,hc,-1.75,home,2.39,1
GYXr8jiD,Fiorentina,Celje,2,2,hc,-1.75,away,1.69,1
GYXr8jiD,Fiorentina,Celje,2,2,hc,1.75,away,42.91,1
GYXr8jiD,Fiorentina,Celje,2,2,hc,-2.00,home,2.9,1
GYXr8jiD,Fiorentina,Celje,2,2,hc,-2.00,away,1.49,1
GYXr8jiD,Fiorentina,Celje,2,2,hc,2.00,away,98.19,1
GYXr8jiD,Fiorentina,Celje,2,2,hc,-2.25,home,3.27,1
GYXr8jiD,Fiorentina,Celje,2,2,hc,-2.25,away,1.4,1
GYXr8jiD,Fiorentina,Celje,2,2,hc,2.25,away,99.59,1
GYXr8jiD,Fiorentina,Celje,2,2,hc,-2.50,home,3.65,1
GYXr8jiD,Fiorentina,Celje,2,2,hc,-2.50,away,1.35,1
GYXr8jiD,Fiorentina,Celje,2,2,hc,-2.75,home,4.58,1
GYXr8jiD,Fiorentina,Celje,2,2,hc,-2.75,away,1.25,1
GYXr8jiD,Fiorentina,Celje,2,2,hc,-3.00,home,6.51,1
GYXr8jiD,Fiorentina,Celje,2,2,hc,-3.00,away,1.16,1
GYXr8jiD,Fiorentina,Celje,2,2,hc,-3.25,home,7.05,1
GYXr8jiD,Fiorentina,Celje,2,2,hc,-3.25,away,1.15,1
GYXr8jiD,Fiorentina,Celje,2,2,hc,-3.50,home,7.6,1
GYXr8jiD,Fiorentina,Celje,2,2,hc,-3.50,away,1.13,1
GYXr8jiD,Fiorentina,Celje,2,2,hc,-3.75,home,10.02,1
GYXr8jiD,Fiorentina,Celje,2,2,hc,-3.75,away,1.09,1
GYXr8jiD,Fiorentina,Celje,2,2,hc,-4.00,home,13.11,1
GYXr8jiD,Fiorentina,Celje,2,2,hc,-4.00,away,1.05,1
GYXr8jiD,Fiorentina,Celje,2,2,hc,-0.25,home,1.28,1
GYXr8jiD,Fiorentina,Celje,2,2,hc,-0.25,away,4.5,1
GYXr8jiD,Fiorentina,Celje,2,2,hc,0.25,home,1.13,1
GYXr8jiD,Fiorentina,Celje,2,2,hc,0.25,away,8.18,1
GYXr8jiD,Fiorentina,Celje,2,2,dc,0,home/draw,1.12,1
GYXr8jiD,Fiorentina,Celje,2,2,dc,0,home/away,1.21,1
GYXr8jiD,Fiorentina,Celje,2,2,dc,0,draw/away,3.4,1
ncjE4dTN,Betis,Jagiellonia,2,2,1x2,0,home,1.24,1
ncjE4dTN,Betis,Jagiellonia,2,2,1x2,0,draw,7.4,1
ncjE4dTN,Betis,Jagiellonia,2,2,1x2,0,away,15.5,1
ncjE4dTN,Betis,Jagiellonia,2,2,ou,0.50,over,1.03,1
ncjE4dTN,Betis,Jagiellonia,2,2,ou,0.50,under,27.0,1
ncjE4dTN,Betis,Jagiellonia,2,2,ou,1.50,over,1.18,1
ncjE4dTN,Betis,Jagiellonia,2,2,ou,1.50,under,6.2,1
ncjE4dTN,Betis,Jagiellonia,2,2,ou,2.50,over,1.55,1
ncjE4dTN,Betis,Jagiellonia,2,2,ou,2.50,under,2.8,1
ncjE4dTN,Betis,Jagiellonia,2,2,ou,3.50,over,2.42,1
ncjE4dTN,Betis,Jagiellonia,2,2,ou,3.50,under,1.68,1
ncjE4dTN,Betis,Jagiellonia,2,2,ou,4.50,over,4.3,1
ncjE4dTN,Betis,Jagiellonia,2,2,ou,4.50,under,1.29,1
ncjE4dTN,Betis,Jagiellonia,2,2,ou,5.50,over,9.0,1
ncjE4dTN,Betis,Jagiellonia,2,2,ou,5.50,under,1.11,1
ncjE4dTN,Betis,Jagiellonia,2,2,ou,6.50,over,20.0,1
ncjE4dTN,Betis,Jagiellonia,2,2,ou,6.50,under,1.05,1
ncjE4dTN,Betis,Jagiellonia,2,2,ou,7.50,over,44.0,1
ncjE4dTN,Betis,Jagiellonia,2,2,hc,0,home,1.07,1
ncjE4dTN,Betis,Jagiellonia,2,2,hc,0,away,13.83,1
ncjE4dTN,Betis,Jagiellonia,2,2,hc,0.50,home,1.06,1
ncjE4dTN,Betis,Jagiellonia,2,2,hc,0.50,away,16.0,1
ncjE4dTN,Betis,Jagiellonia,2,2,hc,-0.50,home,1.24,1
ncjE4dTN,Betis,Jagiellonia,2,2,hc,-0.50,away,5.05,1
ncjE4dTN,Betis,Jagiellonia,2,2,hc,0.75,home,1.03,1
ncjE4dTN,Betis,Jagiellonia,2,2,hc,0.75,away,24.29,1
ncjE4dTN,Betis,Jagiellonia,2,2,hc,-0.75,home,1.27,1
ncjE4dTN,Betis,Jagiellonia,2,2,hc,-0.75,away,4.48,1
ncjE4dTN,Betis,Jagiellonia,2,2,hc,1.00,away,50.01,1
ncjE4dTN,Betis,Jagiellonia,2,2,hc,-1.00,home,1.33,1
ncjE4dTN,Betis,Jagiellonia,2,2,hc,-1.00,away,3.91,1
ncjE4dTN,Betis,Jagiellonia,2,2,hc,1.25,away,51.2,1
ncjE4dTN,Betis,Jagiellonia,2,2,hc,-1.25,home,1.53,1
ncjE4dTN,Betis,Jagiellonia,2,2,hc,-1.25,away,2.85,1
ncjE4dTN,Betis,Jagiellonia,2,2,hc,1.50,away,52.38,1
ncjE4dTN,Betis,Jagiellonia,2,2,hc,-1.50,home,1.72,1
ncjE4dTN,Betis,Jagiellonia,2,2,hc,-1.50,away,2.36,1
ncjE4dTN,Betis,Jagiellonia,2,2,hc,1.75,away,80.14,1
ncjE4dTN,Betis,Jagiellonia,2,2,hc,-1.75,home,1.9,1
ncjE4dTN,Betis,Jagiellonia,2,2,hc,-1.75,away,2.1,1
ncjE4dTN,Betis,Jagiellonia,2,2,hc,-2.00,home,2.19,1
ncjE4dTN,Betis,Jagiellonia,2,2,hc,-2.00,away,1.83,1
ncjE4dTN,Betis,Jagiellonia,2,2,hc,-2.25,home,2.5,1
ncjE4dTN,Betis,Jagiellonia,2,2,hc,-2.25,away,1.66,1
ncjE4dTN,Betis,Jagiellonia,2,2,hc,-2.50,home,2.8,1
ncjE4dTN,Betis,Jagiellonia,2,2,hc,-2.50,away,1.54,1
ncjE4dTN,Betis,Jagiellonia,2,2,hc,-2.75,home,3.36,1
ncjE4dTN,Betis,Jagiellonia,2,2,hc,-2.75,away,1.4,1
ncjE4dTN,Betis,Jagiellonia,2,2,hc,-3.00,home,4.3,1
ncjE4dTN,Betis,Jagiellonia,2,2,hc,-3.00,away,1.27,1
ncjE4dTN,Betis,Jagiellonia,2,2,hc,-3.25,home,4.72,1
ncjE4dTN,Betis,Jagiellonia,2,2,hc,-3.25,away,1.23,1
ncjE4dTN,Betis,Jagiellonia,2,2,hc,-3.50,home,5.13,1
ncjE4dTN,Betis,Jagiellonia,2,2,hc,-3.50,away,1.21,1
ncjE4dTN,Betis,Jagiellonia,2,2,hc,-3.75,home,6.32,1
ncjE4dTN,Betis,Jagiellonia,2,2,hc,-3.75,away,1.14,1
ncjE4dTN,Betis,Jagiellonia,2,2,hc,-4.00,home,8.45,1
ncjE4dTN,Betis,Jagiellonia,2,2,hc,-4.00,away,1.07,1
ncjE4dTN,Betis,Jagiellonia,2,2,hc,0.25,home,1.06,1
ncjE4dTN,Betis,Jagiellonia,2,2,hc,0.25,away,14.91,1
ncjE4dTN,Betis,Jagiellonia,2,2,hc,-0.25,home,1.15,1
ncjE4dTN,Betis,Jagiellonia,2,2,hc,-0.25,away,7.16,1
ncjE4dTN,Betis,Jagiellonia,2,2,dc,0,home/draw,1.06,1
ncjE4dTN,Betis,Jagiellonia,2,2,dc,0,home/away,1.15,1
ncjE4dTN,Betis,Jagiellonia,2,2,dc,0,draw/away,5.0,1
88UzACM0,Celje,Fiorentina,1,1,1x2,0,home,5.4,1
88UzACM0,Celje,Fiorentina,1,1,1x2,0,draw,4.1,1
88UzACM0,Celje,Fiorentina,1,1,1x2,0,away,1.73,1
88UzACM0,Celje,Fiorentina,1,1,ou,0.50,over,1.06,1
88UzACM0,Celje,Fiorentina,1,1,ou,0.50,under,15.5,1
88UzACM0,Celje,Fiorentina,1,1,ou,1.50,over,1.29,1
88UzACM0,Celje,Fiorentina,1,1,ou,1.50,under,4.4,1
88UzACM0,Celje,Fiorentina,1,1,ou,2.50,over,1.85,1
88UzACM0,Celje,Fiorentina,1,1,ou,2.50,under,2.16,1
88UzACM0,Celje,Fiorentina,1,1,ou,3.50,over,3.2,1
88UzACM0,Celje,Fiorentina,1,1,ou,3.50,under,1.44,1
88UzACM0,Celje,Fiorentina,1,1,ou,4.50,over,6.2,1
88UzACM0,Celje,Fiorentina,1,1,ou,4.50,under,1.18,1
88UzACM0,Celje,Fiorentina,1,1,ou,5.50,over,14.5,1
88UzACM0,Celje,Fiorentina,1,1,ou,5.50,under,1.07,1
88UzACM0,Celje,Fiorentina,1,1,ou,6.50,over,34.0,1
88UzACM0,Celje,Fiorentina,1,1,ou,6.50,under,1.02,1
88UzACM0,Celje,Fiorentina,1,1,hc,0,home,4.1,1
88UzACM0,Celje,Fiorentina,1,1,hc,0,away,1.31,1
88UzACM0,Celje,Fiorentina,1,1,hc,0.50,home,2.35,1
88UzACM0,Celje,Fiorentina,1,1,hc,0.50,away,1.73,1
88UzACM0,Celje,Fiorentina,1,1,hc,-0.50,home,5.4,1
88UzACM0,Celje,Fiorentina,1,1,hc,-0.50,away,1.22,1
88UzACM0,Celje,Fiorentina,1,1,hc,0.75,home,2.05,1
88UzACM0,Celje,Fiorentina,1,1,hc,0.75,away,1.93,1
88UzACM0,Celje,Fiorentina,1,1,hc,-0.75,home,7.57,1
88UzACM0,Celje,Fiorentina,1,1,hc,-0.75,away,1.14,1
88UzACM0,Celje,Fiorentina,1,1,hc,1.00,home,1.76,1
88UzACM0,Celje,Fiorentina,1,1,hc,1.00,away,2.28,1
88UzACM0,Celje,Fiorentina,1,1,hc,-1.00,home,14.03,1
88UzACM0,Celje,Fiorentina,1,1,hc,-1.00,away,1.06,1
88UzACM0,Celje,Fiorentina,1,1,hc,1.25,home,1.58,1
88UzACM0,Celje,Fiorentina,1,1,hc,1.25,away,2.65,1
88UzACM0,Celje,Fiorentina,1,1,hc,-1.25,home,15.01,1
88UzACM0,Celje,Fiorentina,1,1,hc,-1.25,away,1.06,1
88UzACM0,Celje,Fiorentina,1,1,hc,1.50,home,1.47,1
88UzACM0,Celje,Fiorentina,1,1,hc,1.50,away,3.01,1
88UzACM0,Celje,Fiorentina,1,1,hc,-1.50,home,16.0,1
88UzACM0,Celje,Fiorentina,1,1,hc,-1.50,away,1.05,1
88UzACM0,Celje,Fiorentina,1,1,hc,1.75,home,1.34,1
88UzACM0,Celje,Fiorentina,1,1,hc,1.75,away,3.74,1
88UzACM0,Celje,Fiorentina,1,1,hc,-1.75,home,24.32,1
88UzACM0,Celje,Fiorentina,1,1,hc,-1.75,away,1.03,1
88UzACM0,Celje,Fiorentina,1,1,hc,2.00,home,1.21,1
88UzACM0,Celje,Fiorentina,1,1,hc,2.00,away,5.2,1
88UzACM0,Celje,Fiorentina,1,1,hc,-2.00,home,52.56,1
88UzACM0,Celje,Fiorentina,1,1,hc,2.25,home,1.19,1
88UzACM0,Celje,Fiorentina,1,1,hc,2.25,away,5.75,1
88UzACM0,Celje,Fiorentina,1,1,hc,-2.25,home,53.78,1
88UzACM0,Celje,Fiorentina,1,1,hc,2.50,home,1.17,1
88UzACM0,Celje,Fiorentina,1,1,hc,2.50,away,6.27,1
88UzACM0,Celje,Fiorentina,1,1,hc,-2.50,home,55.0,1
88UzACM0,Celje,Fiorentina,1,1,hc,2.75,home,1.11,1
88UzACM0,Celje,Fiorentina,1,1,hc,2.75,away,8.57,1
88UzACM0,Celje,Fiorentina,1,1,hc,3.00,home,1.06,1
88UzACM0,Celje,Fiorentina,1,1,hc,3.00,away,14.48,1
88UzACM0,Celje,Fiorentina,1,1,hc,3.25,home,1.06,1
88UzACM0,Celje,Fiorentina,1,1,hc,3.25,away,15.27,1
88UzACM0,Celje,Fiorentina,1,1,hc,3.50,home,1.05,1
88UzACM0,Celje,Fiorentina,1,1,hc,3.50,away,16.0,1
88UzACM0,Celje,Fiorentina,1,1,hc,3.75,home,1.02,1
88UzACM0,Celje,Fiorentina,1,1,hc,3.75,away,16.0,1
88UzACM0,Celje,Fiorentina,1,1,hc,4.00,away,16.0,1
88UzACM0,Celje,Fiorentina,1,1,hc,0.25,home,2.88,1
88UzACM0,Celje,Fiorentina,1,1,hc,0.25,away,1.52,1
88UzACM0,Celje,Fiorentina,1,1,hc,-0.25,home,4.75,1
88UzACM0,Celje,Fiorentina,1,1,hc,-0.25,away,1.26,1
88UzACM0,Celje,Fiorentina,1,1,dc,0,home/draw,2.34,1
88UzACM0,Celje,Fiorentina,1,1,dc,0,home/away,1.31,1
88UzACM0,Celje,Fiorentina,1,1,dc,0,draw/away,1.22,1
0IHrqfQ6,Djurgarden,SK Rapid,0,0,1x2,0,home,2.94,1
0IHrqfQ6,Djurgarden,SK Rapid,0,0,1x2,0,draw,3.25,1
0IHrqfQ6,Djurgarden,SK Rapid,0,0,1x2,0,away,2.82,1
0IHrqfQ6,Djurgarden,SK Rapid,0,0,ou,0.50,over,1.1,1
0IHrqfQ6,Djurgarden,SK Rapid,0,0,ou,0.50,under,10.5,1
0IHrqfQ6,Djurgarden,SK Rapid,0,0,ou,1.50,over,1.4,1
0IHrqfQ6,Djurgarden,SK Rapid,0,0,ou,1.50,under,3.45,1
0IHrqfQ6,Djurgarden,SK Rapid,0,0,ou,2.50,over,2.22,1
0IHrqfQ6,Djurgarden,SK Rapid,0,0,ou,2.50,under,1.79,1
0IHrqfQ6,Djurgarden,SK Rapid,0,0,ou,3.50,over,4.2,1
0IHrqfQ6,Djurgarden,SK Rapid,0,0,ou,3.50,under,1.31,1
0IHrqfQ6,Djurgarden,SK Rapid,0,0,ou,4.50,over,9.6,1
0IHrqfQ6,Djurgarden,SK Rapid,0,0,ou,4.50,under,1.1,1
0IHrqfQ6,Djurgarden,SK Rapid,0,0,ou,5.50,over,24.0,1
0IHrqfQ6,Djurgarden,SK Rapid,0,0,ou,5.50,under,1.03,1
0IHrqfQ6,Djurgarden,SK Rapid,0,0,ou,6.50,over,65.0,1
0IHrqfQ6,Djurgarden,SK Rapid,0,0,hc,0,home,2.04,1
0IHrqfQ6,Djurgarden,SK Rapid,0,0,hc,0,away,1.95,1
0IHrqfQ6,Djurgarden,SK Rapid,0,0,hc,0.50,home,1.54,1
0IHrqfQ6,Djurgarden,SK Rapid,0,0,hc,0.50,away,2.82,1
0IHrqfQ6,Djurgarden,SK Rapid,0,0,hc,-0.50,home,2.94,1
0IHrqfQ6,Djurgarden,SK Rapid,0,0,hc,-0.50,away,1.51,1
0IHrqfQ6,Djurgarden,SK Rapid,0,0,hc,0.75,home,1.38,1
0IHrqfQ6,Djurgarden,SK Rapid,0,0,hc,0.75,away,3.53,1
0IHrqfQ6,Djurgarden,SK Rapid,0,0,hc,-0.75,home,3.73,1
0IHrqfQ6,Djurgarden,SK Rapid,0,0,hc,-0.75,away,1.35,1
0IHrqfQ6,Djurgarden,SK Rapid,0,0,hc,1.00,home,1.23,1
0IHrqfQ6,Djurgarden,SK Rapid,0,0,hc,1.00,away,5.0,1
0IHrqfQ6,Djurgarden,SK Rapid,0,0,hc,-1.00,home,5.54,1
0IHrqfQ6,Djurgarden,SK Rapid,0,0,hc,-1.00,away,1.19,1
0IHrqfQ6,Djurgarden,SK Rapid,0,0,hc,1.25,home,1.2,1
0IHrqfQ6,Djurgarden,SK Rapid,0,0,hc,1.25,away,5.6,1
0IHrqfQ6,Djurgarden,SK Rapid,0,0,hc,-1.25,home,6.21,1
0IHrqfQ6,Djurgarden,SK Rapid,0,0,hc,-1.25,away,1.17,1
0IHrqfQ6,Djurgarden,SK Rapid,0,0,hc,1.50,home,1.17,1
0IHrqfQ6,Djurgarden,SK Rapid,0,0,hc,1.50,away,6.18,1
0IHrqfQ6,Djurgarden,SK Rapid,0,0,hc,-1.50,home,6.86,1
0IHrqfQ6,Djurgarden,SK Rapid,0,0,hc,-1.50,away,1.15,1
0IHrqfQ6,Djurgarden,SK Rapid,0,0,hc,1.75,home,1.11,1
0IHrqfQ6,Djurgarden,SK Rapid,0,0,hc,1.75,away,8.69,1
0IHrqfQ6,Djurgarden,SK Rapid,0,0,hc,-1.75,home,9.84,1
0IHrqfQ6,Djurgarden,SK Rapid,0,0,hc,-1.75,away,1.09,1
0IHrqfQ6,Djurgarden,SK Rapid,0,0,hc,2.00,home,1.05,1
0IHrqfQ6,Djurgarden,SK Rapid,0,0,hc,2.00,away,15.92,1
0IHrqfQ6,Djurgarden,SK Rapid,0,0,hc,-2.00,home,18.14,1
0IHrqfQ6,Djurgarden,SK Rapid,0,0,hc,-2.00,away,1.04,1
0IHrqfQ6,Djurgarden,SK Rapid,0,0,hc,2.25,home,1.05,1
0IHrqfQ6,Djurgarden,SK Rapid,0,0,hc,2.25,away,16.05,1
0IHrqfQ6,Djurgarden,SK Rapid,0,0,hc,-2.25,home,19.07,1
0IHrqfQ6,Djurgarden,SK Rapid,0,0,hc,-2.25,away,1.04,1
0IHrqfQ6,Djurgarden,SK Rapid,0,0,hc,2.50,home,1.05,1
0IHrqfQ6,Djurgarden,SK Rapid,0,0,hc,2.50,away,16.81,1
0IHrqfQ6,Djurgarden,SK Rapid,0,0,hc,-2.50,home,20.0,1
0IHrqfQ6,Djurgarden,SK Rapid,0,0,hc,-2.50,away,1.04,1
0IHrqfQ6,Djurgarden,SK Rapid,0,0,hc,2.75,home,1.03,1
0IHrqfQ6,Djurgarden,SK Rapid,0,0,hc,2.75,away,26.22,1
0IHrqfQ6,Djurgarden,SK Rapid,0,0,hc,-2.75,home,30.55,1
0IHrqfQ6,Djurgarden,SK Rapid,0,0,hc,-2.75,away,1.02,1
0IHrqfQ6,Djurgarden,SK Rapid,0,0,hc,3.00,away,52.94,1
0IHrqfQ6,Djurgarden,SK Rapid,0,0,hc,-3.00,home,53.38,1
0IHrqfQ6,Djurgarden,SK Rapid,0,0,hc,3.25,away,53.97,1
0IHrqfQ6,Djurgarden,SK Rapid,0,0,hc,-3.25,home,54.19,1
0IHrqfQ6,Djurgarden,SK Rapid,0,0,hc,3.50,away,55.0,1
0IHrqfQ6,Djurgarden,SK Rapid,0,0,hc,-3.50,home,55.0,1
0IHrqfQ6,Djurgarden,SK Rapid,0,0,hc,0.25,home,1.71,1
0IHrqfQ6,Djurgarden,SK Rapid,0,0,hc,0.25,away,2.38,1
0IHrqfQ6,Djurgarden,SK Rapid,0,0,hc,-0.25,home,2.49,1
0IHrqfQ6,Djurgarden,SK Rapid,0,0,hc,-0.25,away,1.66,1
0IHrqfQ6,Djurgarden,SK Rapid,0,0,dc,0,home/draw,1.54,1
0IHrqfQ6,Djurgarden,SK Rapid,0,0,dc,0,home/away,1.43,1
0IHrqfQ6,Djurgarden,SK Rapid,0,0,dc,0,draw/away,1.51,1
QqJ0TfOE,Legia,Chelsea,0,0,1x2,0,home,6.2,1
QqJ0TfOE,Legia,Chelsea,0,0,1x2,0,draw,4.5,1
QqJ0TfOE,Legia,Chelsea,0,0,1x2,0,away,1.61,1
QqJ0TfOE,Legia,Chelsea,0,0,ou,0.50,over,1.05,1
QqJ0TfOE,Legia,Chelsea,0,0,ou,0.50,under,19.0,1
QqJ0TfOE,Legia,Chelsea,0,0,ou,1.50,over,1.25,1
QqJ0TfOE,Legia,Chelsea,0,0,ou,1.50,under,4.8,1
QqJ0TfOE,Legia,Chelsea,0,0,ou,2.50,over,1.77,1
QqJ0TfOE,Legia,Chelsea,0,0,ou,2.50,under,2.28,1
QqJ0TfOE,Legia,Chelsea,0,0,ou,3.50,over,2.94,1
QqJ0TfOE,Legia,Chelsea,0,0,ou,3.50,under,1.5,1
QqJ0TfOE,Legia,Chelsea,0,0,ou,4.50,over,5.7,1
QqJ0TfOE,Legia,Chelsea,0,0,ou,4.50,under,1.2,1
QqJ0TfOE,Legia,Chelsea,0,0,ou,5.50,over,12.5,1
QqJ0TfOE,Legia,Chelsea,0,0,ou,5.50,under,1.08,1
QqJ0TfOE,Legia,Chelsea,0,0,ou,6.50,over,32.0,1
QqJ0TfOE,Legia,Chelsea,0,0,ou,6.50,under,1.02,1
QqJ0TfOE,Legia,Chelsea,0,0,ou,7.50,over,85.0,1
QqJ0TfOE,Legia,Chelsea,0,0,hc,0,home,4.82,1
QqJ0TfOE,Legia,Chelsea,0,0,hc,0,away,1.25,1
QqJ0TfOE,Legia,Chelsea,0,0,hc,-0.50,home,6.2,1
QqJ0TfOE,Legia,Chelsea,0,0,hc,-0.50,away,1.18,1
QqJ0TfOE,Legia,Chelsea,0,0,hc,0.50,home,2.61,1
QqJ0TfOE,Legia,Chelsea,0,0,hc,0.50,away,1.61,1
QqJ0TfOE,Legia,Chelsea,0,0,hc,-0.75,home,8.72,1
QqJ0TfOE,Legia,Chelsea,0,0,hc,-0.75,away,1.12,1
QqJ0TfOE,Legia,Chelsea,0,0,hc,0.75,home,2.28,1
QqJ0TfOE,Legia,Chelsea,0,0,hc,0.75,away,1.76,1
QqJ0TfOE,Legia,Chelsea,0,0,hc,-1.00,home,16.0,1
QqJ0TfOE,Legia,Chelsea,0,0,hc,-1.00,away,1.05,1
QqJ0TfOE,Legia,Chelsea,0,0,hc,1.00,home,1.95,1
QqJ0TfOE,Legia,Chelsea,0,0,hc,1.00,away,2.02,1
QqJ0TfOE,Legia,Chelsea,0,0,hc,-1.25,home,16.94,1
QqJ0TfOE,Legia,Chelsea,0,0,hc,-1.25,away,1.05,1
QqJ0TfOE,Legia,Chelsea,0,0,hc,1.25,home,1.72,1
QqJ0TfOE,Legia,Chelsea,0,0,hc,1.25,away,2.35,1
QqJ0TfOE,Legia,Chelsea,0,0,hc,-1.50,home,17.88,1
QqJ0TfOE,Legia,Chelsea,0,0,hc,-1.50,away,1.05,1
QqJ0TfOE,Legia,Chelsea,0,0,hc,1.50,home,1.58,1
QqJ0TfOE,Legia,Chelsea,0,0,hc,1.50,away,2.68,1
QqJ0TfOE,Legia,Chelsea,0,0,hc,-1.75,home,27.92,1
QqJ0TfOE,Legia,Chelsea,0,0,hc,-1.75,away,1.03,1
QqJ0TfOE,Legia,Chelsea,0,0,hc,1.75,home,1.42,1
QqJ0TfOE,Legia,Chelsea,0,0,hc,1.75,away,3.24,1
QqJ0TfOE,Legia,Chelsea,0,0,hc,-2.00,home,67.08,1
QqJ0TfOE,Legia,Chelsea,0,0,hc,2.00,home,1.27,1
QqJ0TfOE,Legia,Chelsea,0,0,hc,2.00,away,4.38,1
QqJ0TfOE,Legia,Chelsea,0,0,hc,-2.25,home,68.55,1
QqJ0TfOE,Legia,Chelsea,0,0,hc,2.25,home,1.24,1
QqJ0TfOE,Legia,Chelsea,0,0,hc,2.25,away,4.89,1
QqJ0TfOE,Legia,Chelsea,0,0,hc,-2.50,home,70.0,1
QqJ0TfOE,Legia,Chelsea,0,0,hc,2.50,home,1.21,1
QqJ0TfOE,Legia,Chelsea,0,0,hc,2.50,away,5.34,1
QqJ0TfOE,Legia,Chelsea,0,0,hc,2.75,home,1.15,1
QqJ0TfOE,Legia,Chelsea,0,0,hc,2.75,away,7.21,1
QqJ0TfOE,Legia,Chelsea,0,0,hc,3.00,home,1.08,1
QqJ0TfOE,Legia,Chelsea,0,0,hc,3.00,away,11.18,1
QqJ0TfOE,Legia,Chelsea,0,0,hc,3.25,home,1.08,1
QqJ0TfOE,Legia,Chelsea,0,0,hc,3.25,away,11.84,1
QqJ0TfOE,Legia,Chelsea,0,0,hc,3.50,home,1.07,1
QqJ0TfOE,Legia,Chelsea,0,0,hc,3.50,away,12.5,1
QqJ0TfOE,Legia,Chelsea,0,0,hc,3.75,home,1.05,1
QqJ0TfOE,Legia,Chelsea,0,0,hc,3.75,away,13.0,1
QqJ0TfOE,Legia,Chelsea,0,0,hc,4.00,away,12.5,1
QqJ0TfOE,Legia,Chelsea,0,0,hc,-0.25,home,5.51,1
QqJ0TfOE,Legia,Chelsea,0,0,hc,-0.25,away,1.21,1
QqJ0TfOE,Legia,Chelsea,0,0,hc,0.25,home,3.26,1
QqJ0TfOE,Legia,Chelsea,0,0,hc,0.25,away,1.43,1
QqJ0TfOE,Legia,Chelsea,0,0,dc,0,home/draw,2.6,1
QqJ0TfOE,Legia,Chelsea,0,0,dc,0,home/away,1.27,1
QqJ0TfOE,Legia,Chelsea,0,0,dc,0,draw/away,1.18,1
nm3dryJt,Vitoria Guimaraes,Betis,0,0,1x2,0,home,3.5,1
nm3dryJt,Vitoria Guimaraes,Betis,0,0,1x2,0,draw,3.35,1
nm3dryJt,Vitoria Guimaraes,Betis,0,0,1x2,0,away,2.36,1
nm3dryJt,Vitoria Guimaraes,Betis,0,0,ou,0.50,over,1.09,1
nm3dryJt,Vitoria Guimaraes,Betis,0,0,ou,0.50,under,11.5,1
nm3dryJt,Vitoria Guimaraes,Betis,0,0,ou,1.50,over,1.38,1
nm3dryJt,Vitoria Guimaraes,Betis,0,0,ou,1.50,under,3.5,1
nm3dryJt,Vitoria Guimaraes,Betis,0,0,ou,2.50,over,2.18,1
nm3dryJt,Vitoria Guimaraes,Betis,0,0,ou,2.50,under,1.81,1
nm3dryJt,Vitoria Guimaraes,Betis,0,0,ou,3.50,over,4.1,1
nm3dryJt,Vitoria Guimaraes,Betis,0,0,ou,3.50,under,1.31,1
nm3dryJt,Vitoria Guimaraes,Betis,0,0,ou,4.50,over,9.4,1
nm3dryJt,Vitoria Guimaraes,Betis,0,0,ou,4.50,under,1.1,1
nm3dryJt,Vitoria Guimaraes,Betis,0,0,ou,5.50,over,23.0,1
nm3dryJt,Vitoria Guimaraes,Betis,0,0,ou,5.50,under,1.04,1
nm3dryJt,Vitoria Guimaraes,Betis,0,0,ou,6.50,over,60.0,1
nm3dryJt,Vitoria Guimaraes,Betis,0,0,hc,0,home,2.47,1
nm3dryJt,Vitoria Guimaraes,Betis,0,0,hc,0,away,1.65,1
nm3dryJt,Vitoria Guimaraes,Betis,0,0,hc,-0.50,home,3.5,1
nm3dryJt,Vitoria Guimaraes,Betis,0,0,hc,-0.50,away,1.38,1
nm3dryJt,Vitoria Guimaraes,Betis,0,0,hc,0.50,home,1.72,1
nm3dryJt,Vitoria Guimaraes,Betis,0,0,hc,0.50,away,2.34,1
nm3dryJt,Vitoria Guimaraes,Betis,0,0,hc,-0.75,home,4.58,1
nm3dryJt,Vitoria Guimaraes,Betis,0,0,hc,-0.75,away,1.26,1
nm3dryJt,Vitoria Guimaraes,Betis,0,0,hc,0.75,home,1.51,1
nm3dryJt,Vitoria Guimaraes,Betis,0,0,hc,0.75,away,2.83,1
nm3dryJt,Vitoria Guimaraes,Betis,0,0,hc,-1.00,home,7.3,1
nm3dryJt,Vitoria Guimaraes,Betis,0,0,hc,-1.00,away,1.14,1
nm3dryJt,Vitoria Guimaraes,Betis,0,0,hc,1.00,home,1.31,1
nm3dryJt,Vitoria Guimaraes,Betis,0,0,hc,1.00,away,3.92,1
nm3dryJt,Vitoria Guimaraes,Betis,0,0,hc,-1.25,home,8.06,1
nm3dryJt,Vitoria Guimaraes,Betis,0,0,hc,-1.25,away,1.12,1
nm3dryJt,Vitoria Guimaraes,Betis,0,0,hc,1.25,home,1.26,1
nm3dryJt,Vitoria Guimaraes,Betis,0,0,hc,1.25,away,4.51,1
nm3dryJt,Vitoria Guimaraes,Betis,0,0,hc,-1.50,home,8.82,1
nm3dryJt,Vitoria Guimaraes,Betis,0,0,hc,-1.50,away,1.11,1
nm3dryJt,Vitoria Guimaraes,Betis,0,0,hc,1.50,home,1.22,1
nm3dryJt,Vitoria Guimaraes,Betis,0,0,hc,1.50,away,5.1,1
nm3dryJt,Vitoria Guimaraes,Betis,0,0,hc,-1.75,home,13.0,1
nm3dryJt,Vitoria Guimaraes,Betis,0,0,hc,-1.75,away,1.07,1
nm3dryJt,Vitoria Guimaraes,Betis,0,0,hc,1.75,home,1.15,1
nm3dryJt,Vitoria Guimaraes,Betis,0,0,hc,1.75,away,7.01,1
nm3dryJt,Vitoria Guimaraes,Betis,0,0,hc,-2.00,home,26.71,1
nm3dryJt,Vitoria Guimaraes,Betis,0,0,hc,-2.00,away,1.03,1
nm3dryJt,Vitoria Guimaraes,Betis,0,0,hc,2.00,home,1.07,1
nm3dryJt,Vitoria Guimaraes,Betis,0,0,hc,2.00,away,12.25,1
nm3dryJt,Vitoria Guimaraes,Betis,0,0,hc,-2.25,home,27.85,1
nm3dryJt,Vitoria Guimaraes,Betis,0,0,hc,-2.25,away,1.02,1
nm3dryJt,Vitoria Guimaraes,Betis,0,0,hc,2.25,home,1.07,1
nm3dryJt,Vitoria Guimaraes,Betis,0,0,hc,2.25,away,13.12,1
nm3dryJt,Vitoria Guimaraes,Betis,0,0,hc,-2.50,home,29.0,1
nm3dryJt,Vitoria Guimaraes,Betis,0,0,hc,-2.50,away,1.02,1
nm3dryJt,Vitoria Guimaraes,Betis,0,0,hc,2.50,home,1.06,1
nm3dryJt,Vitoria Guimaraes,Betis,0,0,hc,2.50,away,14.0,1
nm3dryJt,Vitoria Guimaraes,Betis,0,0,hc,-2.75,home,46.78,1
nm3dryJt,Vitoria Guimaraes,Betis,0,0,hc,2.75,home,1.04,1
nm3dryJt,Vitoria Guimaraes,Betis,0,0,hc,2.75,away,21.12,1
nm3dryJt,Vitoria Guimaraes,Betis,0,0,hc,3.00,away,45.57,1
nm3dryJt,Vitoria Guimaraes,Betis,0,0,hc,3.25,away,46.78,1
nm3dryJt,Vitoria Guimaraes,Betis,0,0,hc,3.50,away,48.0,1
nm3dryJt,Vitoria Guimaraes,Betis,0,0,hc,-0.25,home,2.98,1
nm3dryJt,Vitoria Guimaraes,Betis,0,0,hc,-0.25,away,1.48,1
nm3dryJt,Vitoria Guimaraes,Betis,0,0,hc,0.25,home,1.97,1
nm3dryJt,Vitoria Guimaraes,Betis,0,0,hc,0.25,away,1.99,1
nm3dryJt,Vitoria Guimaraes,Betis,0,0,dc,0,home/draw,1.73,1
nm3dryJt,Vitoria Guimaraes,Betis,0,0,dc,0,home/away,1.41,1
nm3dryJt,Vitoria Guimaraes,Betis,0,0,dc,0,draw/away,1.37,1
v3H5vgI5,Chelsea,FC Copenhagen,1,1,1x2,0,home,1.58,1
v3H5vgI5,Chelsea,FC Copenhagen,1,1,1x2,0,draw,4.5,1
v3H5vgI5,Chelsea,FC Copenhagen,1,1,1x2,0,away,6.6,1
v3H5vgI5,Chelsea,FC Copenhagen,1,1,ou,0.50,over,1.05,1
v3H5vgI5,Chelsea,FC Copenhagen,1,1,ou,0.50,under,18.0,1
v3H5vgI5,Chelsea,FC Copenhagen,1,1,ou,1.50,over,1.26,1
v3H5vgI5,Chelsea,FC Copenhagen,1,1,ou,1.50,under,4.6,1
v3H5vgI5,Chelsea,FC Copenhagen,1,1,ou,2.50,over,1.85,1
v3H5vgI5,Chelsea,FC Copenhagen,1,1,ou,2.50,under,2.14,1
v3H5vgI5,Chelsea,FC Copenhagen,1,1,ou,3.50,over,3.05,1
v3H5vgI5,Chelsea,FC Copenhagen,1,1,ou,3.50,under,1.47,1
v3H5vgI5,Chelsea,FC Copenhagen,1,1,ou,4.50,over,6.2,1
v3H5vgI5,Chelsea,FC Copenhagen,1,1,ou,4.50,under,1.18,1
v3H5vgI5,Chelsea,FC Copenhagen,1,1,ou,5.50,over,14.5,1
v3H5vgI5,Chelsea,FC Copenhagen,1,1,ou,5.50,under,1.06,1
v3H5vgI5,Chelsea,FC Copenhagen,1,1,ou,6.50,over,40.0,1
v3H5vgI5,Chelsea,FC Copenhagen,1,1,ou,6.50,under,1.02,1
v3H5vgI5,Chelsea,FC Copenhagen,1,1,hc,0,home,1.22,1
v3H5vgI5,Chelsea,FC Copenhagen,1,1,hc,0,away,5.3,1
v3H5vgI5,Chelsea,FC Copenhagen,1,1,hc,-0.50,home,1.57,1
v3H5vgI5,Chelsea,FC Copenhagen,1,1,hc,-0.50,away,2.72,1
v3H5vgI5,Chelsea,FC Copenhagen,1,1,hc,0.50,home,1.16,1
v3H5vgI5,Chelsea,FC Copenhagen,1,1,hc,0.50,away,6.8,1
v3H5vgI5,Chelsea,FC Copenhagen,1,1,hc,-0.75,home,1.71,1
v3H5vgI5,Chelsea,FC Copenhagen,1,1,hc,-0.75,away,2.36,1
v3H5vgI5,Chelsea,FC Copenhagen,1,1,hc,0.75,home,1.1,1
v3H5vgI5,Chelsea,FC Copenhagen,1,1,hc,0.75,away,9.57,1
v3H5vgI5,Chelsea,FC Copenhagen,1,1,hc,-1.00,home,1.96,1
v3H5vgI5,Chelsea,FC Copenhagen,1,1,hc,-1.00,away,2.01,1
v3H5vgI5,Chelsea,FC Copenhagen,1,1,hc,1.00,home,1.04,1
v3H5vgI5,Chelsea,FC Copenhagen,1,1,hc,1.00,away,17.45,1
v3H5vgI5,Chelsea,FC Copenhagen,1,1,hc,-1.25,home,2.3,1
v3H5vgI5,Chelsea,FC Copenhagen,1,1,hc,-1.25,away,1.75,1
v3H5vgI5,Chelsea,FC Copenhagen,1,1,hc,1.25,home,1.04,1
v3H5vgI5,Chelsea,FC Copenhagen,1,1,hc,1.25,away,18.37,1
v3H5vgI5,Chelsea,FC Copenhagen,1,1,hc,-1.50,home,2.63,1
v3H5vgI5,Chelsea,FC Copenhagen,1,1,hc,-1.50,away,1.59,1
v3H5vgI5,Chelsea,FC Copenhagen,1,1,hc,1.50,home,1.04,1
v3H5vgI5,Chelsea,FC Copenhagen,1,1,hc,1.50,away,19.29,1
v3H5vgI5,Chelsea,FC Copenhagen,1,1,hc,-1.75,home,3.17,1
v3H5vgI5,Chelsea,FC Copenhagen,1,1,hc,-1.75,away,1.43,1
v3H5vgI5,Chelsea,FC Copenhagen,1,1,hc,1.75,home,1.02,1
v3H5vgI5,Chelsea,FC Copenhagen,1,1,hc,1.75,away,30.1,1
v3H5vgI5,Chelsea,FC Copenhagen,1,1,hc,-2.00,home,4.17,1
v3H5vgI5,Chelsea,FC Copenhagen,1,1,hc,-2.00,away,1.27,1
v3H5vgI5,Chelsea,FC Copenhagen,1,1,hc,2.00,away,67.37,1
v3H5vgI5,Chelsea,FC Copenhagen,1,1,hc,-2.25,home,4.63,1
v3H5vgI5,Chelsea,FC Copenhagen,1,1,hc,-2.25,away,1.23,1
v3H5vgI5,Chelsea,FC Copenhagen,1,1,hc,2.25,away,68.68,1
v3H5vgI5,Chelsea,FC Copenhagen,1,1,hc,-2.50,home,5.05,1
v3H5vgI5,Chelsea,FC Copenhagen,1,1,hc,-2.50,away,1.21,1
v3H5vgI5,Chelsea,FC Copenhagen,1,1,hc,2.50,away,70.0,1
v3H5vgI5,Chelsea,FC Copenhagen,1,1,hc,-2.75,home,6.82,1
v3H5vgI5,Chelsea,FC Copenhagen,1,1,hc,-2.75,away,1.14,1
v3H5vgI5,Chelsea,FC Copenhagen,1,1,hc,-3.00,home,9.73,1
v3H5vgI5,Chelsea,FC Copenhagen,1,1,hc,-3.00,away,1.08,1
v3H5vgI5,Chelsea,FC Copenhagen,1,1,hc,-3.25,home,10.28,1
v3H5vgI5,Chelsea,FC Copenhagen,1,1,hc,-3.25,away,1.07,1
v3H5vgI5,Chelsea,FC Copenhagen,1,1,hc,-3.50,home,10.85,1
v3H5vgI5,Chelsea,FC Copenhagen,1,1,hc,-3.50,away,1.07,1
v3H5vgI5,Chelsea,FC Copenhagen,1,1,hc,-3.75,home,10.86,1
v3H5vgI5,Chelsea,FC Copenhagen,1,1,hc,-3.75,away,1.04,1
v3H5vgI5,Chelsea,FC Copenhagen,1,1,hc,-4.00,home,10.86,1
v3H5vgI5,Chelsea,FC Copenhagen,1,1,hc,-0.25,home,1.39,1
v3H5vgI5,Chelsea,FC Copenhagen,1,1,hc,-0.25,away,3.46,1
v3H5vgI5,Chelsea,FC Copenhagen,1,1,hc,0.25,home,1.19,1
v3H5vgI5,Chelsea,FC Copenhagen,1,1,hc,0.25,away,6.05,1
v3H5vgI5,Chelsea,FC Copenhagen,1,1,dc,0,home/draw,1.16,1
v3H5vgI5,Chelsea,FC Copenhagen,1,1,dc,0,home/away,1.27,1
v3H5vgI5,Chelsea,FC Copenhagen,1,1,dc,0,draw/away,2.72,1
vHdvghXb,Fiorentina,Panathinaikos,3,3,1x2,0,home,1.5,1
vHdvghXb,Fiorentina,Panathinaikos,3,3,1x2,0,draw,4.8,1
vHdvghXb,Fiorentina,Panathinaikos,3,3,1x2,0,away,7.8,1
vHdvghXb,Fiorentina,Panathinaikos,3,3,ou,0.50,over,1.06,1
vHdvghXb,Fiorentina,Panathinaikos,3,3,ou,0.50,under,17.0,1
vHdvghXb,Fiorentina,Panathinaikos,3,3,ou,1.50,over,1.27,1
vHdvghXb,Fiorentina,Panathinaikos,3,3,ou,1.50,under,4.5,1
vHdvghXb,Fiorentina,Panathinaikos,3,3,ou,2.50,over,1.85,1
vHdvghXb,Fiorentina,Panathinaikos,3,3,ou,2.50,under,2.14,1
vHdvghXb,Fiorentina,Panathinaikos,3,3,ou,3.50,over,3.15,1
vHdvghXb,Fiorentina,Panathinaikos,3,3,ou,3.50,under,1.44,1
vHdvghXb,Fiorentina,Panathinaikos,3,3,ou,4.50,over,6.4,1
vHdvghXb,Fiorentina,Panathinaikos,3,3,ou,4.50,under,1.17,1
vHdvghXb,Fiorentina,Panathinaikos,3,3,ou,5.50,over,15.0,1
vHdvghXb,Fiorentina,Panathinaikos,3,3,ou,5.50,under,1.06,1
vHdvghXb,Fiorentina,Panathinaikos,3,3,ou,6.50,over,36.0,1
vHdvghXb,Fiorentina,Panathinaikos,3,3,ou,6.50,under,1.02,1
vHdvghXb,Fiorentina,Panathinaikos,3,3,hc,0,home,1.19,1
vHdvghXb,Fiorentina,Panathinaikos,3,3,hc,0,away,6.17,1
vHdvghXb,Fiorentina,Panathinaikos,3,3,hc,-0.50,home,1.49,1
vHdvghXb,Fiorentina,Panathinaikos,3,3,hc,-0.50,away,2.97,1
vHdvghXb,Fiorentina,Panathinaikos,3,3,hc,0.50,home,1.14,1
vHdvghXb,Fiorentina,Panathinaikos,3,3,hc,0.50,away,7.8,1
vHdvghXb,Fiorentina,Panathinaikos,3,3,hc,-0.75,home,1.61,1
vHdvghXb,Fiorentina,Panathinaikos,3,3,hc,-0.75,away,2.57,1
vHdvghXb,Fiorentina,Panathinaikos,3,3,hc,0.75,home,1.09,1
vHdvghXb,Fiorentina,Panathinaikos,3,3,hc,0.75,away,11.26,1
vHdvghXb,Fiorentina,Panathinaikos,3,3,hc,-1.00,home,1.81,1
vHdvghXb,Fiorentina,Panathinaikos,3,3,hc,-1.00,away,2.17,1
vHdvghXb,Fiorentina,Panathinaikos,3,3,hc,1.00,home,1.03,1
vHdvghXb,Fiorentina,Panathinaikos,3,3,hc,1.00,away,20.21,1
vHdvghXb,Fiorentina,Panathinaikos,3,3,hc,-1.25,home,2.14,1
vHdvghXb,Fiorentina,Panathinaikos,3,3,hc,-1.25,away,1.84,1
vHdvghXb,Fiorentina,Panathinaikos,3,3,hc,1.25,home,1.03,1
vHdvghXb,Fiorentina,Panathinaikos,3,3,hc,1.25,away,21.12,1
vHdvghXb,Fiorentina,Panathinaikos,3,3,hc,-1.50,home,2.45,1
vHdvghXb,Fiorentina,Panathinaikos,3,3,hc,-1.50,away,1.65,1
vHdvghXb,Fiorentina,Panathinaikos,3,3,hc,1.50,home,1.03,1
vHdvghXb,Fiorentina,Panathinaikos,3,3,hc,1.50,away,22.04,1
vHdvghXb,Fiorentina,Panathinaikos,3,3,hc,-1.75,home,2.93,1
vHdvghXb,Fiorentina,Panathinaikos,3,3,hc,-1.75,away,1.48,1
vHdvghXb,Fiorentina,Panathinaikos,3,3,hc,1.75,away,36.0,1
vHdvghXb,Fiorentina,Panathinaikos,3,3,hc,-2.00,home,3.87,1
vHdvghXb,Fiorentina,Panathinaikos,3,3,hc,-2.00,away,1.32,1
vHdvghXb,Fiorentina,Panathinaikos,3,3,hc,2.00,away,86.92,1
vHdvghXb,Fiorentina,Panathinaikos,3,3,hc,-2.25,home,4.35,1
vHdvghXb,Fiorentina,Panathinaikos,3,3,hc,-2.25,away,1.27,1
vHdvghXb,Fiorentina,Panathinaikos,3,3,hc,2.25,away,88.38,1
vHdvghXb,Fiorentina,Panathinaikos,3,3,hc,-2.50,home,4.84,1
vHdvghXb,Fiorentina,Panathinaikos,3,3,hc,-2.50,away,1.24,1
vHdvghXb,Fiorentina,Panathinaikos,3,3,hc,2.50,away,89.83,1
vHdvghXb,Fiorentina,Panathinaikos,3,3,hc,-2.75,home,6.41,1
vHdvghXb,Fiorentina,Panathinaikos,3,3,hc,-2.75,away,1.16,1
vHdvghXb,Fiorentina,Panathinaikos,3,3,hc,-3.00,home,9.73,1
vHdvghXb,Fiorentina,Panathinaikos,3,3,hc,-3.00,away,1.09,1
vHdvghXb,Fiorentina,Panathinaikos,3,3,hc,-3.25,home,10.35,1
vHdvghXb,Fiorentina,Panathinaikos,3,3,hc,-3.25,away,1.09,1
vHdvghXb,Fiorentina,Panathinaikos,3,3,hc,-3.50,home,11.0,1
vHdvghXb,Fiorentina,Panathinaikos,3,3,hc,-3.50,away,1.08,1
vHdvghXb,Fiorentina,Panathinaikos,3,3,hc,-3.75,home,11.1,1
vHdvghXb,Fiorentina,Panathinaikos,3,3,hc,-3.75,away,1.05,1
vHdvghXb,Fiorentina,Panathinaikos,3,3,hc,-0.25,home,1.34,1
vHdvghXb,Fiorentina,Panathinaikos,3,3,hc,-0.25,away,3.85,1
vHdvghXb,Fiorentina,Panathinaikos,3,3,hc,0.25,home,1.16,1
vHdvghXb,Fiorentina,Panathinaikos,3,3,hc,0.25,away,6.98,1
vHdvghXb,Fiorentina,Panathinaikos,3,3,dc,0,home/draw,1.14,1
vHdvghXb,Fiorentina,Panathinaikos,3,3,dc,0,home/away,1.25,1
vHdvghXb,Fiorentina,Panathinaikos,3,3,dc,0,draw/away,2.96,1
8r9MzBHU,Legia,Molde,2,2,1x2,0,home,1.74,1
8r9MzBHU,Legia,Molde,2,2,1x2,0,draw,4.6,1
8r9MzBHU,Legia,Molde,2,2,1x2,0,away,4.7,1
8r9MzBHU,Legia,Molde,2,2,ou,0.50,over,1.04,1
8r9MzBHU,Legia,Molde,2,2,ou,0.50,under,23.0,1
8r9MzBHU,Legia,Molde,2,2,ou,1.50,over,1.21,1
8r9MzBHU,Legia,Molde,2,2,ou,1.50,under,5.5,1
8r9MzBHU,Legia,Molde,2,2,ou,2.50,over,1.64,1
8r9MzBHU,Legia,Molde,2,2,ou,2.50,under,2.5,1
8r9MzBHU,Legia,Molde,2,2,ou,3.50,over,2.64,1
8r9MzBHU,Legia,Molde,2,2,ou,3.50,under,1.59,1
8r9MzBHU,Legia,Molde,2,2,ou,4.50,over,4.9,1
8r9MzBHU,Legia,Molde,2,2,ou,4.50,under,1.24,1
8r9MzBHU,Legia,Molde,2,2,ou,5.50,over,10.0,1
8r9MzBHU,Legia,Molde,2,2,ou,5.50,under,1.09,1
8r9MzBHU,Legia,Molde,2,2,ou,6.50,over,23.0,1
8r9MzBHU,Legia,Molde,2,2,ou,6.50,under,1.04,1
8r9MzBHU,Legia,Molde,2,2,ou,7.50,over,50.0,1
8r9MzBHU,Legia,Molde,2,2,hc,0,home,1.36,1
8r9MzBHU,Legia,Molde,2,2,hc,0,away,3.7,1
8r9MzBHU,Legia,Molde,2,2,hc,-0.50,home,1.74,1
8r9MzBHU,Legia,Molde,2,2,hc,-0.50,away,2.33,1
8r9MzBHU,Legia,Molde,2,2,hc,0.50,home,1.26,1
8r9MzBHU,Legia,Molde,2,2,hc,0.50,away,4.71,1
8r9MzBHU,Legia,Molde,2,2,hc,-0.75,home,1.93,1
8r9MzBHU,Legia,Molde,2,2,hc,-0.75,away,2.04,1
8r9MzBHU,Legia,Molde,2,2,hc,0.75,home,1.17,1
8r9MzBHU,Legia,Molde,2,2,hc,0.75,away,6.25,1
8r9MzBHU,Legia,Molde,2,2,hc,-1.00,home,2.25,1
8r9MzBHU,Legia,Molde,2,2,hc,-1.00,away,1.76,1
8r9MzBHU,Legia,Molde,2,2,hc,1.00,home,1.09,1
8r9MzBHU,Legia,Molde,2,2,hc,1.00,away,10.02,1
8r9MzBHU,Legia,Molde,2,2,hc,-1.25,home,2.6,1
8r9MzBHU,Legia,Molde,2,2,hc,-1.25,away,1.58,1
8r9MzBHU,Legia,Molde,2,2,hc,1.25,home,1.08,1
8r9MzBHU,Legia,Molde,2,2,hc,1.25,away,10.73,1
8r9MzBHU,Legia,Molde,2,2,hc,-1.50,home,2.96,1
8r9MzBHU,Legia,Molde,2,2,hc,-1.50,away,1.47,1
8r9MzBHU,Legia,Molde,2,2,hc,1.50,home,1.08,1
8r9MzBHU,Legia,Molde,2,2,hc,1.50,away,11.45,1
8r9MzBHU,Legia,Molde,2,2,hc,-1.75,home,3.63,1
8r9MzBHU,Legia,Molde,2,2,hc,-1.75,away,1.35,1
8r9MzBHU,Legia,Molde,2,2,hc,1.75,home,1.05,1
8r9MzBHU,Legia,Molde,2,2,hc,1.75,away,16.39,1
8r9MzBHU,Legia,Molde,2,2,hc,-2.00,home,5.0,1
8r9MzBHU,Legia,Molde,2,2,hc,-2.00,away,1.23,1
8r9MzBHU,Legia,Molde,2,2,hc,2.00,home,1.02,1
8r9MzBHU,Legia,Molde,2,2,hc,2.00,away,30.21,1
8r9MzBHU,Legia,Molde,2,2,hc,-2.25,home,5.5,1
8r9MzBHU,Legia,Molde,2,2,hc,-2.25,away,1.2,1
8r9MzBHU,Legia,Molde,2,2,hc,2.25,home,1.02,1
8r9MzBHU,Legia,Molde,2,2,hc,2.25,away,31.1,1
8r9MzBHU,Legia,Molde,2,2,hc,-2.50,home,6.0,1
8r9MzBHU,Legia,Molde,2,2,hc,-2.50,away,1.18,1
8r9MzBHU,Legia,Molde,2,2,hc,2.50,home,1.02,1
8r9MzBHU,Legia,Molde,2,2,hc,2.50,away,32.0,1
8r9MzBHU,Legia,Molde,2,2,hc,-2.75,home,8.07,1
8r9MzBHU,Legia,Molde,2,2,hc,-2.75,away,1.12,1
8r9MzBHU,Legia,Molde,2,2,hc,2.75,away,53.17,1
8r9MzBHU,Legia,Molde,2,2,hc,-3.00,home,12.71,1
8r9MzBHU,Legia,Molde,2,2,hc,-3.00,away,1.07,1
8r9MzBHU,Legia,Molde,2,2,hc,-3.25,home,13.35,1
8r9MzBHU,Legia,Molde,2,2,hc,-3.25,away,1.07,1
8r9MzBHU,Legia,Molde,2,2,hc,-3.50,home,14.0,1
8r9MzBHU,Legia,Molde,2,2,hc,-3.50,away,1.06,1
8r9MzBHU,Legia,Molde,2,2,hc,-3.75,home,14.0,1
8r9MzBHU,Legia,Molde,2,2,hc,-3.75,away,1.03,1
8r9MzBHU,Legia,Molde,2,2,hc,-0.25,home,1.55,1
8r9MzBHU,Legia,Molde,2,2,hc,-0.25,away,2.78,1
8r9MzBHU,Legia,Molde,2,2,hc,0.25,home,1.3,1
8r9MzBHU,Legia,Molde,2,2,hc,0.25,away,4.2,1
8r9MzBHU,Legia,Molde,2,2,dc,0,home/draw,1.26,1
8r9MzBHU,Legia,Molde,2,2,dc,0,home/away,1.27,1
8r9MzBHU,Legia,Molde,2,2,dc,0,draw/away,2.32,1
YqwNTy4m,SK Rapid,Borac Banja Luka,2,2,1x2,0,home,1.49,1
YqwNTy4m,SK Rapid,Borac Banja Luka,2,2,1x2,0,draw,4.6,1
YqwNTy4m,SK Rapid,Borac Banja Luka,2,2,1x2,0,away,8.4,1
YqwNTy4m,SK Rapid,Borac Banja Luka,2,2,ou,0.50,over,1.06,1
YqwNTy4m,SK Rapid,Borac Banja Luka,2,2,ou,0.50,under,15.0,1
YqwNTy4m,SK Rapid,Borac Banja Luka,2,2,ou,1.50,over,1.31,1
YqwNTy4m,SK Rapid,Borac Banja Luka,2,2,ou,1.50,under,4.1,1
YqwNTy4m,SK Rapid,Borac Banja Luka,2,2,ou,2.50,over,1.96,1
YqwNTy4m,SK Rapid,Borac Banja Luka,2,2,ou,2.50,under,2.02,1
YqwNTy4m,SK Rapid,Borac Banja Luka,2,2,ou,3.50,over,3.4,1
YqwNTy4m,SK Rapid,Borac Banja Luka,2,2,ou,3.50,under,1.4,1
YqwNTy4m,SK Rapid,Borac Banja Luka,2,2,ou,4.50,over,7.2,1
YqwNTy4m,SK Rapid,Borac Banja Luka,2,2,ou,4.50,under,1.15,1
YqwNTy4m,SK Rapid,Borac Banja Luka,2,2,ou,5.50,over,16.5,1
YqwNTy4m,SK Rapid,Borac Banja Luka,2,2,ou,5.50,under,1.05,1
YqwNTy4m,SK Rapid,Borac Banja Luka,2,2,ou,6.50,over,40.0,1
YqwNTy4m,SK Rapid,Borac Banja Luka,2,2,ou,6.50,under,1.02,1
YqwNTy4m,SK Rapid,Borac Banja Luka,2,2,hc,0,home,1.17,1
YqwNTy4m,SK Rapid,Borac Banja Luka,2,2,hc,0,away,6.78,1
YqwNTy4m,SK Rapid,Borac Banja Luka,2,2,hc,-0.50,home,1.48,1
YqwNTy4m,SK Rapid,Borac Banja Luka,2,2,hc,-0.50,away,3.04,1
YqwNTy4m,SK Rapid,Borac Banja Luka,2,2,hc,0.50,home,1.13,1
YqwNTy4m,SK Rapid,Borac Banja Luka,2,2,hc,0.50,away,8.61,1
YqwNTy4m,SK Rapid,Borac Banja Luka,2,2,hc,-0.75,home,1.6,1
YqwNTy4m,SK Rapid,Borac Banja Luka,2,2,hc,-0.75,away,2.65,1
YqwNTy4m,SK Rapid,Borac Banja Luka,2,2,hc,0.75,home,1.08,1
YqwNTy4m,SK Rapid,Borac Banja Luka,2,2,hc,0.75,away,12.85,1
YqwNTy4m,SK Rapid,Borac Banja Luka,2,2,hc,-1.00,home,1.78,1
YqwNTy4m,SK Rapid,Borac Banja Luka,2,2,hc,-1.00,away,2.26,1
YqwNTy4m,SK Rapid,Borac Banja Luka,2,2,hc,1.00,home,1.03,1
YqwNTy4m,SK Rapid,Borac Banja Luka,2,2,hc,1.00,away,27.79,1
YqwNTy4m,SK Rapid,Borac Banja Luka,2,2,hc,-1.25,home,2.08,1
YqwNTy4m,SK Rapid,Borac Banja Luka,2,2,hc,-1.25,away,1.91,1
YqwNTy4m,SK Rapid,Borac Banja Luka,2,2,hc,1.25,home,1.03,1
YqwNTy4m,SK Rapid,Borac Banja Luka,2,2,hc,1.25,away,29.05,1
YqwNTy4m,SK Rapid,Borac Banja Luka,2,2,hc,-1.50,home,2.39,1
YqwNTy4m,SK Rapid,Borac Banja Luka,2,2,hc,-1.50,away,1.71,1
YqwNTy4m,SK Rapid,Borac Banja Luka,2,2,hc,1.50,home,1.03,1
YqwNTy4m,SK Rapid,Borac Banja Luka,2,2,hc,1.50,away,30.0,1
YqwNTy4m,SK Rapid,Borac Banja Luka,2,2,hc,-1.75,home,2.85,1
YqwNTy4m,SK Rapid,Borac Banja Luka,2,2,hc,-1.75,away,1.52,1
YqwNTy4m,SK Rapid,Borac Banja Luka,2,2,hc,1.75,away,48.76,1
YqwNTy4m,SK Rapid,Borac Banja Luka,2,2,hc,-2.00,home,3.7,1
YqwNTy4m,SK Rapid,Borac Banja Luka,2,2,hc,-2.00,away,1.34,1
YqwNTy4m,SK Rapid,Borac Banja Luka,2,2,hc,2.00,away,98.63,1
YqwNTy4m,SK Rapid,Borac Banja Luka,2,2,hc,-2.25,home,4.16,1
YqwNTy4m,SK Rapid,Borac Banja Luka,2,2,hc,-2.25,away,1.29,1
YqwNTy4m,SK Rapid,Borac Banja Luka,2,2,hc,2.25,away,99.81,1
YqwNTy4m,SK Rapid,Borac Banja Luka,2,2,hc,-2.50,home,4.62,1
YqwNTy4m,SK Rapid,Borac Banja Luka,2,2,hc,-2.50,away,1.25,1
YqwNTy4m,SK Rapid,Borac Banja Luka,2,2,hc,-2.75,home,6.11,1
YqwNTy4m,SK Rapid,Borac Banja Luka,2,2,hc,-2.75,away,1.17,1
YqwNTy4m,SK Rapid,Borac Banja Luka,2,2,hc,-3.00,home,9.7,1
YqwNTy4m,SK Rapid,Borac Banja Luka,2,2,hc,-3.00,away,1.1,1
YqwNTy4m,SK Rapid,Borac Banja Luka,2,2,hc,-3.25,home,10.35,1
YqwNTy4m,SK Rapid,Borac Banja Luka,2,2,hc,-3.25,away,1.09,1
YqwNTy4m,SK Rapid,Borac Banja Luka,2,2,hc,-3.50,home,11.0,1
YqwNTy4m,SK Rapid,Borac Banja Luka,2,2,hc,-3.50,away,1.08,1
YqwNTy4m,SK Rapid,Borac Banja Luka,2,2,hc,-3.75,home,16.38,1
YqwNTy4m,SK Rapid,Borac Banja Luka,2,2,hc,-3.75,away,1.05,1
YqwNTy4m,SK Rapid,Borac Banja Luka,2,2,hc,-4.00,home,11.69,1
YqwNTy4m,SK Rapid,Borac Banja Luka,2,2,hc,-0.25,home,1.33,1
YqwNTy4m,SK Rapid,Borac Banja Luka,2,2,hc,-0.25,away,4.01,1
YqwNTy4m,SK Rapid,Borac Banja Luka,2,2,hc,0.25,home,1.14,1
YqwNTy4m,SK Rapid,Borac Banja Luka,2,2,hc,0.25,away,7.69,1
YqwNTy4m,SK Rapid,Borac Banja Luka,2,2,dc,0,home/draw,1.13,1
YqwNTy4m,SK Rapid,Borac Banja Luka,2,2,dc,0,home/away,1.27,1
YqwNTy4m,SK Rapid,Borac Banja Luka,2,2,dc,0,draw/away,3.0,1
0dUwQg3C,Lugano,Celje,5,5,1x2,0,home,1.73,1
0dUwQg3C,Lugano,Celje,5,5,1x2,0,draw,4.4,1
0dUwQg3C,Lugano,Celje,5,5,1x2,0,away,5.0,1
0dUwQg3C,Lugano,Celje,5,5,ou,0.50,over,1.05,1
0dUwQg3C,Lugano,Celje,5,5,ou,0.50,under,18.0,1
0dUwQg3C,Lugano,Celje,5,5,ou,1.50,over,1.25,1
0dUwQg3C,Lugano,Celje,5,5,ou,1.50,under,4.7,1
0dUwQg3C,Lugano,Celje,5,5,ou,2.50,over,1.78,1
0dUwQg3C,Lugano,Celje,5,5,ou,2.50,under,2.28,1
0dUwQg3C,Lugano,Celje,5,5,ou,3.50,over,3.0,1
0dUwQg3C,Lugano,Celje,5,5,ou,3.50,under,1.48,1
0dUwQg3C,Lugano,Celje,5,5,ou,4.50,over,5.9,1
0dUwQg3C,Lugano,Celje,5,5,ou,4.50,under,1.19,1
0dUwQg3C,Lugano,Celje,5,5,ou,5.50,over,14.0,1
0dUwQg3C,Lugano,Celje,5,5,ou,5.50,under,1.07,1
0dUwQg3C,Lugano,Celje,5,5,ou,6.50,over,29.0,1
0dUwQg3C,Lugano,Celje,5,5,ou,6.50,under,1.02,1
0dUwQg3C,Lugano,Celje,5,5,ou,7.50,over,75.0,1
0dUwQg3C,Lugano,Celje,5,5,hc,0,home,1.34,1
0dUwQg3C,Lugano,Celje,5,5,hc,0,away,3.87,1
0dUwQg3C,Lugano,Celje,5,5,hc,-0.50,home,1.73,1
0dUwQg3C,Lugano,Celje,5,5,hc,-0.50,away,2.35,1
0dUwQg3C,Lugano,Celje,5,5,hc,0.50,home,1.24,1
0dUwQg3C,Lugano,Celje,5,5,hc,0.50,away,5.01,1
0dUwQg3C,Lugano,Celje,5,5,hc,-0.75,home,1.95,1
0dUwQg3C,Lugano,Celje,5,5,hc,-0.75,away,2.05,1
0dUwQg3C,Lugano,Celje,5,5,hc,0.75,home,1.16,1
0dUwQg3C,Lugano,Celje,5,5,hc,0.75,away,6.84,1
0dUwQg3C,Lugano,Celje,5,5,hc,-1.00,home,2.28,1
0dUwQg3C,Lugano,Celje,5,5,hc,-1.00,away,1.75,1
0dUwQg3C,Lugano,Celje,5,5,hc,1.00,home,1.08,1
0dUwQg3C,Lugano,Celje,5,5,hc,1.00,away,11.8,1
0dUwQg3C,Lugano,Celje,5,5,hc,-1.25,home,2.65,1
0dUwQg3C,Lugano,Celje,5,5,hc,-1.25,away,1.57,1
0dUwQg3C,Lugano,Celje,5,5,hc,1.25,home,1.07,1
0dUwQg3C,Lugano,Celje,5,5,hc,1.25,away,12.65,1
0dUwQg3C,Lugano,Celje,5,5,hc,-1.50,home,3.02,1
0dUwQg3C,Lugano,Celje,5,5,hc,-1.50,away,1.47,1
0dUwQg3C,Lugano,Celje,5,5,hc,1.50,home,1.06,1
0dUwQg3C,Lugano,Celje,5,5,hc,1.50,away,13.5,1
0dUwQg3C,Lugano,Celje,5,5,hc,-1.75,home,3.73,1
0dUwQg3C,Lugano,Celje,5,5,hc,-1.75,away,1.34,1
0dUwQg3C,Lugano,Celje,5,5,hc,1.75,home,1.04,1
0dUwQg3C,Lugano,Celje,5,5,hc,1.75,away,19.69,1
0dUwQg3C,Lugano,Celje,5,5,hc,-2.00,home,5.19,1
0dUwQg3C,Lugano,Celje,5,5,hc,-2.00,away,1.21,1
0dUwQg3C,Lugano,Celje,5,5,hc,2.00,away,38.14,1
0dUwQg3C,Lugano,Celje,5,5,hc,-2.25,home,5.72,1
0dUwQg3C,Lugano,Celje,5,5,hc,-2.25,away,1.19,1
0dUwQg3C,Lugano,Celje,5,5,hc,2.25,away,39.07,1
0dUwQg3C,Lugano,Celje,5,5,hc,-2.50,home,6.26,1
0dUwQg3C,Lugano,Celje,5,5,hc,-2.50,away,1.17,1
0dUwQg3C,Lugano,Celje,5,5,hc,2.50,away,40.0,1
0dUwQg3C,Lugano,Celje,5,5,hc,-2.75,home,8.42,1
0dUwQg3C,Lugano,Celje,5,5,hc,-2.75,away,1.11,1
0dUwQg3C,Lugano,Celje,5,5,hc,2.75,away,64.14,1
0dUwQg3C,Lugano,Celje,5,5,hc,-3.00,home,13.6,1
0dUwQg3C,Lugano,Celje,5,5,hc,-3.00,away,1.06,1
0dUwQg3C,Lugano,Celje,5,5,hc,-3.25,home,14.32,1
0dUwQg3C,Lugano,Celje,5,5,hc,-3.25,away,1.05,1
0dUwQg3C,Lugano,Celje,5,5,hc,-3.50,home,15.0,1
0dUwQg3C,Lugano,Celje,5,5,hc,-3.50,away,1.05,1
0dUwQg3C,Lugano,Celje,5,5,hc,-3.75,home,15.0,1
0dUwQg3C,Lugano,Celje,5,5,hc,-3.75,away,1.02,1
0dUwQg3C,Lugano,Celje,5,5,hc,-0.25,home,1.54,1
0dUwQg3C,Lugano,Celje,5,5,hc,-0.25,away,2.83,1
0dUwQg3C,Lugano,Celje,5,5,hc,0.25,home,1.28,1
0dUwQg3C,Lugano,Celje,5,5,hc,0.25,away,4.44,1
0dUwQg3C,Lugano,Celje,5,5,dc,0,home/draw,1.24,1
0dUwQg3C,Lugano,Celje,5,5,dc,0,home/away,1.29,1
0dUwQg3C,Lugano,Celje,5,5,dc,0,draw/away,2.34,1
6VCKYNop,Cercle Brugge KSV,Jagiellonia,2,2,1x2,0,home,2.0,1
6VCKYNop,Cercle Brugge KSV,Jagiellonia,2,2,1x2,0,draw,3.95,1
6VCKYNop,Cercle Brugge KSV,Jagiellonia,2,2,1x2,0,away,4.0,1
6VCKYNop,Cercle Brugge KSV,Jagiellonia,2,2,ou,0.50,over,1.05,1
6VCKYNop,Cercle Brugge KSV,Jagiellonia,2,2,ou,0.50,under,17.0,1
6VCKYNop,Cercle Brugge KSV,Jagiellonia,2,2,ou,1.50,over,1.26,1
6VCKYNop,Cercle Brugge KSV,Jagiellonia,2,2,ou,1.50,under,4.6,1
6VCKYNop,Cercle Brugge KSV,Jagiellonia,2,2,ou,2.50,over,1.79,1
6VCKYNop,Cercle Brugge KSV,Jagiellonia,2,2,ou,2.50,under,2.22,1
6VCKYNop,Cercle Brugge KSV,Jagiellonia,2,2,ou,3.50,over,3.05,1
6VCKYNop,Cercle Brugge KSV,Jagiellonia,2,2,ou,3.50,under,1.47,1
6VCKYNop,Cercle Brugge KSV,Jagiellonia,2,2,ou,4.50,over,6.2,1
6VCKYNop,Cercle Brugge KSV,Jagiellonia,2,2,ou,4.50,under,1.18,1
6VCKYNop,Cercle Brugge KSV,Jagiellonia,2,2,ou,5.50,over,13.5,1
6VCKYNop,Cercle Brugge KSV,Jagiellonia,2,2,ou,5.50,under,1.07,1
6VCKYNop,Cercle Brugge KSV,Jagiellonia,2,2,ou,6.50,over,34.0,1
6VCKYNop,Cercle Brugge KSV,Jagiellonia,2,2,ou,6.50,under,1.02,1
6VCKYNop,Cercle Brugge KSV,Jagiellonia,2,2,hc,0,home,1.49,1
6VCKYNop,Cercle Brugge KSV,Jagiellonia,2,2,hc,0,away,2.98,1
6VCKYNop,Cercle Brugge KSV,Jagiellonia,2,2,hc,-0.50,home,2.0,1
6VCKYNop,Cercle Brugge KSV,Jagiellonia,2,2,hc,-0.50,away,1.98,1
6VCKYNop,Cercle Brugge KSV,Jagiellonia,2,2,hc,0.50,home,1.32,1
6VCKYNop,Cercle Brugge KSV,Jagiellonia,2,2,hc,0.50,away,4.0,1
6VCKYNop,Cercle Brugge KSV,Jagiellonia,2,2,hc,-0.75,home,2.3,1
6VCKYNop,Cercle Brugge KSV,Jagiellonia,2,2,hc,-0.75,away,1.74,1
6VCKYNop,Cercle Brugge KSV,Jagiellonia,2,2,hc,0.75,home,1.22,1
6VCKYNop,Cercle Brugge KSV,Jagiellonia,2,2,hc,0.75,away,5.31,1
6VCKYNop,Cercle Brugge KSV,Jagiellonia,2,2,hc,-1.00,home,2.87,1
6VCKYNop,Cercle Brugge KSV,Jagiellonia,2,2,hc,-1.00,away,1.49,1
6VCKYNop,Cercle Brugge KSV,Jagiellonia,2,2,hc,1.00,home,1.12,1
6VCKYNop,Cercle Brugge KSV,Jagiellonia,2,2,hc,1.00,away,8.5,1
6VCKYNop,Cercle Brugge KSV,Jagiellonia,2,2,hc,-1.25,home,3.31,1
6VCKYNop,Cercle Brugge KSV,Jagiellonia,2,2,hc,-1.25,away,1.39,1
6VCKYNop,Cercle Brugge KSV,Jagiellonia,2,2,hc,1.25,home,1.11,1
6VCKYNop,Cercle Brugge KSV,Jagiellonia,2,2,hc,1.25,away,9.25,1
6VCKYNop,Cercle Brugge KSV,Jagiellonia,2,2,hc,-1.50,home,3.75,1
6VCKYNop,Cercle Brugge KSV,Jagiellonia,2,2,hc,-1.50,away,1.33,1
6VCKYNop,Cercle Brugge KSV,Jagiellonia,2,2,hc,1.50,home,1.1,1
6VCKYNop,Cercle Brugge KSV,Jagiellonia,2,2,hc,1.50,away,10.0,1
6VCKYNop,Cercle Brugge KSV,Jagiellonia,2,2,hc,-1.75,home,4.82,1
6VCKYNop,Cercle Brugge KSV,Jagiellonia,2,2,hc,-1.75,away,1.24,1
6VCKYNop,Cercle Brugge KSV,Jagiellonia,2,2,hc,1.75,home,1.06,1
6VCKYNop,Cercle Brugge KSV,Jagiellonia,2,2,hc,1.75,away,14.71,1
6VCKYNop,Cercle Brugge KSV,Jagiellonia,2,2,hc,-2.00,home,7.28,1
6VCKYNop,Cercle Brugge KSV,Jagiellonia,2,2,hc,-2.00,away,1.14,1
6VCKYNop,Cercle Brugge KSV,Jagiellonia,2,2,hc,2.00,home,1.02,1
6VCKYNop,Cercle Brugge KSV,Jagiellonia,2,2,hc,2.00,away,29.86,1
6VCKYNop,Cercle Brugge KSV,Jagiellonia,2,2,hc,-2.25,home,7.92,1
6VCKYNop,Cercle Brugge KSV,Jagiellonia,2,2,hc,-2.25,away,1.13,1
6VCKYNop,Cercle Brugge KSV,Jagiellonia,2,2,hc,2.25,home,1.02,1
6VCKYNop,Cercle Brugge KSV,Jagiellonia,2,2,hc,2.25,away,30.93,1
6VCKYNop,Cercle Brugge KSV,Jagiellonia,2,2,hc,-2.50,home,8.56,1
6VCKYNop,Cercle Brugge KSV,Jagiellonia,2,2,hc,-2.50,away,1.11,1
6VCKYNop,Cercle Brugge KSV,Jagiellonia,2,2,hc,2.50,home,1.02,1
6VCKYNop,Cercle Brugge KSV,Jagiellonia,2,2,hc,2.50,away,32.0,1
6VCKYNop,Cercle Brugge KSV,Jagiellonia,2,2,hc,-2.75,home,12.15,1
6VCKYNop,Cercle Brugge KSV,Jagiellonia,2,2,hc,-2.75,away,1.08,1
6VCKYNop,Cercle Brugge KSV,Jagiellonia,2,2,hc,2.75,away,50.75,1
6VCKYNop,Cercle Brugge KSV,Jagiellonia,2,2,hc,-3.00,home,22.2,1
6VCKYNop,Cercle Brugge KSV,Jagiellonia,2,2,hc,-3.00,away,1.03,1
6VCKYNop,Cercle Brugge KSV,Jagiellonia,2,2,hc,-3.25,home,23.1,1
6VCKYNop,Cercle Brugge KSV,Jagiellonia,2,2,hc,-3.25,away,1.03,1
6VCKYNop,Cercle Brugge KSV,Jagiellonia,2,2,hc,-3.50,home,24.0,1
6VCKYNop,Cercle Brugge KSV,Jagiellonia,2,2,hc,-3.50,away,1.03,1
6VCKYNop,Cercle Brugge KSV,Jagiellonia,2,2,hc,-3.75,home,24.0,1
6VCKYNop,Cercle Brugge KSV,Jagiellonia,2,2,hc,-0.25,home,1.74,1
6VCKYNop,Cercle Brugge KSV,Jagiellonia,2,2,hc,-0.25,away,2.31,1
6VCKYNop,Cercle Brugge KSV,Jagiellonia,2,2,hc,0.25,home,1.39,1
6VCKYNop,Cercle Brugge KSV,Jagiellonia,2,2,hc,0.25,away,3.49,1
6VCKYNop,Cercle Brugge KSV,Jagiellonia,2,2,dc,0,home/draw,1.32,1
6VCKYNop,Cercle Brugge KSV,Jagiellonia,2,2,dc,0,home/away,1.33,1
6VCKYNop,Cercle Brugge KSV,Jagiellonia,2,2,dc,0,draw/away,1.98,1
M594BflJ,Djurgarden,Pafos,3,3,1x2,0,home,2.94,1
M594BflJ,Djurgarden,Pafos,3,3,1x2,0,draw,3.4,1
M594BflJ,Djurgarden,Pafos,3,3,1x2,0,away,2.72,1
M594BflJ,Djurgarden,Pafos,3,3,ou,0.50,over,1.09,1
M594BflJ,Djurgarden,Pafos,3,3,ou,0.50,under,11.5,1
M594BflJ,Djurgarden,Pafos,3,3,ou,1.50,over,1.38,1
M594BflJ,Djurgarden,Pafos,3,3,ou,1.50,under,3.6,1
M594BflJ,Djurgarden,Pafos,3,3,ou,2.50,over,2.12,1
M594BflJ,Djurgarden,Pafos,3,3,ou,2.50,under,1.87,1
M594BflJ,Djurgarden,Pafos,3,3,ou,3.50,over,3.9,1
M594BflJ,Djurgarden,Pafos,3,3,ou,3.50,under,1.33,1
M594BflJ,Djurgarden,Pafos,3,3,ou,4.50,over,8.6,1
M594BflJ,Djurgarden,Pafos,3,3,ou,4.50,under,1.12,1
M594BflJ,Djurgarden,Pafos,3,3,ou,5.50,over,21.0,1
M594BflJ,Djurgarden,Pafos,3,3,ou,5.50,under,1.04,1
M594BflJ,Djurgarden,Pafos,3,3,ou,6.50,over,50.0,1
M594BflJ,Djurgarden,Pafos,3,3,hc,0,home,2.08,1
M594BflJ,Djurgarden,Pafos,3,3,hc,0,away,1.91,1
M594BflJ,Djurgarden,Pafos,3,3,hc,-0.50,home,2.92,1
M594BflJ,Djurgarden,Pafos,3,3,hc,-0.50,away,1.51,1
M594BflJ,Djurgarden,Pafos,3,3,hc,0.50,home,1.57,1
M594BflJ,Djurgarden,Pafos,3,3,hc,0.50,away,2.7,1
M594BflJ,Djurgarden,Pafos,3,3,hc,-0.75,home,3.69,1
M594BflJ,Djurgarden,Pafos,3,3,hc,-0.75,away,1.35,1
M594BflJ,Djurgarden,Pafos,3,3,hc,0.75,home,1.41,1
M594BflJ,Djurgarden,Pafos,3,3,hc,0.75,away,3.33,1
M594BflJ,Djurgarden,Pafos,3,3,hc,-1.00,home,5.47,1
M594BflJ,Djurgarden,Pafos,3,3,hc,-1.00,away,1.2,1
M594BflJ,Djurgarden,Pafos,3,3,hc,1.00,home,1.24,1
M594BflJ,Djurgarden,Pafos,3,3,hc,1.00,away,4.74,1
M594BflJ,Djurgarden,Pafos,3,3,hc,-1.25,home,6.13,1
M594BflJ,Djurgarden,Pafos,3,3,hc,-1.25,away,1.18,1
M594BflJ,Djurgarden,Pafos,3,3,hc,1.25,home,1.21,1
M594BflJ,Djurgarden,Pafos,3,3,hc,1.25,away,5.34,1
M594BflJ,Djurgarden,Pafos,3,3,hc,-1.50,home,6.8,1
M594BflJ,Djurgarden,Pafos,3,3,hc,-1.50,away,1.16,1
M594BflJ,Djurgarden,Pafos,3,3,hc,1.50,home,1.18,1
M594BflJ,Djurgarden,Pafos,3,3,hc,1.50,away,5.93,1
M594BflJ,Djurgarden,Pafos,3,3,hc,-1.75,home,9.76,1
M594BflJ,Djurgarden,Pafos,3,3,hc,-1.75,away,1.1,1
M594BflJ,Djurgarden,Pafos,3,3,hc,1.75,home,1.12,1
M594BflJ,Djurgarden,Pafos,3,3,hc,1.75,away,8.38,1
M594BflJ,Djurgarden,Pafos,3,3,hc,-2.00,home,18.91,1
M594BflJ,Djurgarden,Pafos,3,3,hc,-2.00,away,1.05,1
M594BflJ,Djurgarden,Pafos,3,3,hc,2.00,home,1.06,1
M594BflJ,Djurgarden,Pafos,3,3,hc,2.00,away,13.71,1
M594BflJ,Djurgarden,Pafos,3,3,hc,-2.25,home,19.95,1
M594BflJ,Djurgarden,Pafos,3,3,hc,-2.25,away,1.04,1
M594BflJ,Djurgarden,Pafos,3,3,hc,2.25,home,1.05,1
M594BflJ,Djurgarden,Pafos,3,3,hc,2.25,away,14.49,1
M594BflJ,Djurgarden,Pafos,3,3,hc,-2.50,home,21.0,1
M594BflJ,Djurgarden,Pafos,3,3,hc,-2.50,away,1.04,1
M594BflJ,Djurgarden,Pafos,3,3,hc,2.50,home,1.05,1
M594BflJ,Djurgarden,Pafos,3,3,hc,2.50,away,15.28,1
M594BflJ,Djurgarden,Pafos,3,3,hc,-2.75,home,31.76,1
M594BflJ,Djurgarden,Pafos,3,3,hc,-2.75,away,1.02,1
M594BflJ,Djurgarden,Pafos,3,3,hc,2.75,home,1.03,1
M594BflJ,Djurgarden,Pafos,3,3,hc,2.75,away,23.35,1
M594BflJ,Djurgarden,Pafos,3,3,hc,-3.00,home,59.18,1
M594BflJ,Djurgarden,Pafos,3,3,hc,3.00,away,52.88,1
M594BflJ,Djurgarden,Pafos,3,3,hc,-3.25,home,60.13,1
M594BflJ,Djurgarden,Pafos,3,3,hc,3.25,away,53.94,1
M594BflJ,Djurgarden,Pafos,3,3,hc,-3.50,home,61.09,1
M594BflJ,Djurgarden,Pafos,3,3,hc,3.50,away,55.0,1
M594BflJ,Djurgarden,Pafos,3,3,hc,-0.25,home,2.5,1
M594BflJ,Djurgarden,Pafos,3,3,hc,-0.25,away,1.65,1
M594BflJ,Djurgarden,Pafos,3,3,hc,0.25,home,1.75,1
M594BflJ,Djurgarden,Pafos,3,3,hc,0.25,away,2.3,1
M594BflJ,Djurgarden,Pafos,3,3,dc,0,home/draw,1.58,1
M594BflJ,Djurgarden,Pafos,3,3,dc,0,home/away,1.4,1
M594BflJ,Djurgarden,Pafos,3,3,dc,0,draw/away,1.51,1
EadjZctQ,Borac Banja Luka,SK Rapid,1,1,1x2,0,home,3.6,1
EadjZctQ,Borac Banja Luka,SK Rapid,1,1,1x2,0,draw,3.35,1
EadjZctQ,Borac Banja Luka,SK Rapid,1,1,1x2,0,away,2.36,1
EadjZctQ,Borac Banja Luka,SK Rapid,1,1,ou,0.50,over,1.11,1
EadjZctQ,Borac Banja Luka,SK Rapid,1,1,ou,0.50,under,9.2,1
EadjZctQ,Borac Banja Luka,SK Rapid,1,1,ou,1.50,over,1.47,1
EadjZctQ,Borac Banja Luka,SK Rapid,1,1,ou,1.50,under,3.05,1
EadjZctQ,Borac Banja Luka,SK Rapid,1,1,ou,2.50,over,2.38,1
EadjZctQ,Borac Banja Luka,SK Rapid,1,1,ou,2.50,under,1.71,1
EadjZctQ,Borac Banja Luka,SK Rapid,1,1,ou,3.50,over,4.5,1
EadjZctQ,Borac Banja Luka,SK Rapid,1,1,ou,3.50,under,1.27,1
EadjZctQ,Borac Banja Luka,SK Rapid,1,1,ou,4.50,over,10.5,1
EadjZctQ,Borac Banja Luka,SK Rapid,1,1,ou,4.50,under,1.1,1
EadjZctQ,Borac Banja Luka,SK Rapid,1,1,ou,5.50,over,26.0,1
EadjZctQ,Borac Banja Luka,SK Rapid,1,1,ou,5.50,under,1.03,1
EadjZctQ,Borac Banja Luka,SK Rapid,1,1,ou,6.50,over,60.0,1
EadjZctQ,Borac Banja Luka,SK Rapid,1,1,hc,0,home,2.51,1
EadjZctQ,Borac Banja Luka,SK Rapid,1,1,hc,0,away,1.64,1
EadjZctQ,Borac Banja Luka,SK Rapid,1,1,hc,0.50,home,1.72,1
EadjZctQ,Borac Banja Luka,SK Rapid,1,1,hc,0.50,away,2.36,1
EadjZctQ,Borac Banja Luka,SK Rapid,1,1,hc,-0.50,home,3.6,1
EadjZctQ,Borac Banja Luka,SK Rapid,1,1,hc,-0.50,away,1.37,1
EadjZctQ,Borac Banja Luka,SK Rapid,1,1,hc,0.75,home,1.51,1
EadjZctQ,Borac Banja Luka,SK Rapid,1,1,hc,0.75,away,2.85,1
EadjZctQ,Borac Banja Luka,SK Rapid,1,1,hc,-0.75,home,4.78,1
EadjZctQ,Borac Banja Luka,SK Rapid,1,1,hc,-0.75,away,1.25,1
EadjZctQ,Borac Banja Luka,SK Rapid,1,1,hc,1.00,home,1.31,1
EadjZctQ,Borac Banja Luka,SK Rapid,1,1,hc,1.00,away,3.93,1
EadjZctQ,Borac Banja Luka,SK Rapid,1,1,hc,-1.00,home,7.93,1
EadjZctQ,Borac Banja Luka,SK Rapid,1,1,hc,-1.00,away,1.13,1
EadjZctQ,Borac Banja Luka,SK Rapid,1,1,hc,1.25,home,1.25,1
EadjZctQ,Borac Banja Luka,SK Rapid,1,1,hc,1.25,away,4.51,1
EadjZctQ,Borac Banja Luka,SK Rapid,1,1,hc,-1.25,home,8.78,1
EadjZctQ,Borac Banja Luka,SK Rapid,1,1,hc,-1.25,away,1.12,1
EadjZctQ,Borac Banja Luka,SK Rapid,1,1,hc,1.50,home,1.22,1
EadjZctQ,Borac Banja Luka,SK Rapid,1,1,hc,1.50,away,5.1,1
EadjZctQ,Borac Banja Luka,SK Rapid,1,1,hc,-1.50,home,9.6,1
EadjZctQ,Borac Banja Luka,SK Rapid,1,1,hc,-1.50,away,1.11,1
EadjZctQ,Borac Banja Luka,SK Rapid,1,1,hc,1.75,home,1.15,1
EadjZctQ,Borac Banja Luka,SK Rapid,1,1,hc,1.75,away,6.88,1
EadjZctQ,Borac Banja Luka,SK Rapid,1,1,hc,-1.75,home,13.68,1
EadjZctQ,Borac Banja Luka,SK Rapid,1,1,hc,-1.75,away,1.06,1
EadjZctQ,Borac Banja Luka,SK Rapid,1,1,hc,2.00,home,1.07,1
EadjZctQ,Borac Banja Luka,SK Rapid,1,1,hc,2.00,away,11.45,1
EadjZctQ,Borac Banja Luka,SK Rapid,1,1,hc,-2.00,home,25.24,1
EadjZctQ,Borac Banja Luka,SK Rapid,1,1,hc,-2.00,away,1.02,1
EadjZctQ,Borac Banja Luka,SK Rapid,1,1,hc,2.25,home,1.07,1
EadjZctQ,Borac Banja Luka,SK Rapid,1,1,hc,2.25,away,12.25,1
EadjZctQ,Borac Banja Luka,SK Rapid,1,1,hc,-2.25,home,26.12,1
EadjZctQ,Borac Banja Luka,SK Rapid,1,1,hc,-2.25,away,1.02,1
EadjZctQ,Borac Banja Luka,SK Rapid,1,1,hc,2.50,home,1.06,1
EadjZctQ,Borac Banja Luka,SK Rapid,1,1,hc,2.50,away,13.0,1
EadjZctQ,Borac Banja Luka,SK Rapid,1,1,hc,-2.50,home,27.0,1
EadjZctQ,Borac Banja Luka,SK Rapid,1,1,hc,-2.50,away,1.02,1
EadjZctQ,Borac Banja Luka,SK Rapid,1,1,hc,2.75,home,1.04,1
EadjZctQ,Borac Banja Luka,SK Rapid,1,1,hc,2.75,away,19.11,1
EadjZctQ,Borac Banja Luka,SK Rapid,1,1,hc,-2.75,home,42.75,1
EadjZctQ,Borac Banja Luka,SK Rapid,1,1,hc,3.00,away,38.2,1
EadjZctQ,Borac Banja Luka,SK Rapid,1,1,hc,3.25,away,39.1,1
EadjZctQ,Borac Banja Luka,SK Rapid,1,1,hc,3.50,away,40.0,1
EadjZctQ,Borac Banja Luka,SK Rapid,1,1,hc,3.75,away,40.0,1
EadjZctQ,Borac Banja Luka,SK Rapid,1,1,hc,0.25,home,1.97,1
EadjZctQ,Borac Banja Luka,SK Rapid,1,1,hc,0.25,away,2.0,1
EadjZctQ,Borac Banja Luka,SK Rapid,1,1,hc,-0.25,home,3.05,1
EadjZctQ,Borac Banja Luka,SK Rapid,1,1,hc,-0.25,away,1.47,1
EadjZctQ,Borac Banja Luka,SK Rapid,1,1,dc,0,home/draw,1.71,1
EadjZctQ,Borac Banja Luka,SK Rapid,1,1,dc,0,home/away,1.41,1
EadjZctQ,Borac Banja Luka,SK Rapid,1,1,dc,0,draw/away,1.39,1
vstVRFYa,Celje,Lugano,1,1,1x2,0,home,2.7,1
vstVRFYa,Celje,Lugano,1,1,1x2,0,draw,3.5,1
vstVRFYa,Celje,Lugano,1,1,1x2,0,away,2.86,1
vstVRFYa,Celje,Lugano,1,1,ou,0.50,over,1.06,1
vstVRFYa,Celje,Lugano,1,1,ou,0.50,under,15.5,1
vstVRFYa,Celje,Lugano,1,1,ou,1.50,over,1.27,1
vstVRFYa,Celje,Lugano,1,1,ou,1.50,under,4.5,1
vstVRFYa,Celje,Lugano,1,1,ou,2.50,over,1.81,1
vstVRFYa,Celje,Lugano,1,1,ou,2.50,under,2.18,1
vstVRFYa,Celje,Lugano,1,1,ou,3.50,over,3.05,1
vstVRFYa,Celje,Lugano,1,1,ou,3.50,under,1.47,1
vstVRFYa,Celje,Lugano,1,1,ou,4.50,over,6.0,1
vstVRFYa,Celje,Lugano,1,1,ou,4.50,under,1.18,1
vstVRFYa,Celje,Lugano,1,1,ou,5.50,over,13.5,1
vstVRFYa,Celje,Lugano,1,1,ou,5.50,under,1.07,1
vstVRFYa,Celje,Lugano,1,1,ou,6.50,over,34.0,1
vstVRFYa,Celje,Lugano,1,1,ou,6.50,under,1.02,1
vstVRFYa,Celje,Lugano,1,1,hc,0,home,1.93,1
vstVRFYa,Celje,Lugano,1,1,hc,0,away,2.05,1
vstVRFYa,Celje,Lugano,1,1,hc,0.50,home,1.53,1
vstVRFYa,Celje,Lugano,1,1,hc,0.50,away,2.86,1
vstVRFYa,Celje,Lugano,1,1,hc,-0.50,home,2.7,1
vstVRFYa,Celje,Lugano,1,1,hc,-0.50,away,1.58,1
vstVRFYa,Celje,Lugano,1,1,hc,0.75,home,1.38,1
vstVRFYa,Celje,Lugano,1,1,hc,0.75,away,3.54,1
vstVRFYa,Celje,Lugano,1,1,hc,-0.75,home,3.31,1
vstVRFYa,Celje,Lugano,1,1,hc,-0.75,away,1.42,1
vstVRFYa,Celje,Lugano,1,1,hc,1.00,home,1.23,1
vstVRFYa,Celje,Lugano,1,1,hc,1.00,away,5.03,1
vstVRFYa,Celje,Lugano,1,1,hc,-1.00,home,4.53,1
vstVRFYa,Celje,Lugano,1,1,hc,-1.00,away,1.26,1
vstVRFYa,Celje,Lugano,1,1,hc,1.25,home,1.2,1
vstVRFYa,Celje,Lugano,1,1,hc,1.25,away,5.61,1
vstVRFYa,Celje,Lugano,1,1,hc,-1.25,home,5.07,1
vstVRFYa,Celje,Lugano,1,1,hc,-1.25,away,1.22,1
vstVRFYa,Celje,Lugano,1,1,hc,1.50,home,1.18,1
vstVRFYa,Celje,Lugano,1,1,hc,1.50,away,6.2,1
vstVRFYa,Celje,Lugano,1,1,hc,-1.50,home,5.61,1
vstVRFYa,Celje,Lugano,1,1,hc,-1.50,away,1.19,1
vstVRFYa,Celje,Lugano,1,1,hc,1.75,home,1.12,1
vstVRFYa,Celje,Lugano,1,1,hc,1.75,away,8.55,1
vstVRFYa,Celje,Lugano,1,1,hc,-1.75,home,7.65,1
vstVRFYa,Celje,Lugano,1,1,hc,-1.75,away,1.13,1
vstVRFYa,Celje,Lugano,1,1,hc,2.00,home,1.06,1
vstVRFYa,Celje,Lugano,1,1,hc,2.00,away,14.83,1
vstVRFYa,Celje,Lugano,1,1,hc,-2.00,home,12.98,1
vstVRFYa,Celje,Lugano,1,1,hc,-2.00,away,1.07,1
vstVRFYa,Celje,Lugano,1,1,hc,2.25,home,1.05,1
vstVRFYa,Celje,Lugano,1,1,hc,2.25,away,15.66,1
vstVRFYa,Celje,Lugano,1,1,hc,-2.25,home,13.76,1
vstVRFYa,Celje,Lugano,1,1,hc,-2.25,away,1.06,1
vstVRFYa,Celje,Lugano,1,1,hc,2.50,home,1.05,1
vstVRFYa,Celje,Lugano,1,1,hc,2.50,away,16.5,1
vstVRFYa,Celje,Lugano,1,1,hc,-2.50,home,14.5,1
vstVRFYa,Celje,Lugano,1,1,hc,-2.50,away,1.06,1
vstVRFYa,Celje,Lugano,1,1,hc,2.75,home,1.03,1
vstVRFYa,Celje,Lugano,1,1,hc,2.75,away,24.3,1
vstVRFYa,Celje,Lugano,1,1,hc,-2.75,home,21.52,1
vstVRFYa,Celje,Lugano,1,1,hc,-2.75,away,1.04,1
vstVRFYa,Celje,Lugano,1,1,hc,3.00,away,47.96,1
vstVRFYa,Celje,Lugano,1,1,hc,-3.00,home,43.82,1
vstVRFYa,Celje,Lugano,1,1,hc,3.25,away,48.98,1
vstVRFYa,Celje,Lugano,1,1,hc,-3.25,home,44.91,1
vstVRFYa,Celje,Lugano,1,1,hc,3.50,away,50.0,1
vstVRFYa,Celje,Lugano,1,1,hc,-3.50,home,46.0,1
vstVRFYa,Celje,Lugano,1,1,hc,0.25,home,1.67,1
vstVRFYa,Celje,Lugano,1,1,hc,0.25,away,2.45,1
vstVRFYa,Celje,Lugano,1,1,hc,-0.25,home,2.31,1
vstVRFYa,Celje,Lugano,1,1,hc,-0.25,away,1.74,1
vstVRFYa,Celje,Lugano,1,1,dc,0,home/draw,1.53,1
vstVRFYa,Celje,Lugano,1,1,dc,0,home/away,1.39,1
vstVRFYa,Celje,Lugano,1,1,dc,0,draw/away,1.57,1
CUfniW1B,Jagiellonia,Cercle Brugge KSV,3,3,1x2,0,home,2.22,1
CUfniW1B,Jagiellonia,Cercle Brugge KSV,3,3,1x2,0,draw,3.35,1
CUfniW1B,Jagiellonia,Cercle Brugge KSV,3,3,1x2,0,away,3.85,1
CUfniW1B,Jagiellonia,Cercle Brugge KSV,3,3,ou,0.50,over,1.09,1
CUfniW1B,Jagiellonia,Cercle Brugge KSV,3,3,ou,0.50,under,11.0,1
CUfniW1B,Jagiellonia,Cercle Brugge KSV,3,3,ou,1.50,over,1.39,1
CUfniW1B,Jagiellonia,Cercle Brugge KSV,3,3,ou,1.50,under,3.45,1
CUfniW1B,Jagiellonia,Cercle Brugge KSV,3,3,ou,2.50,over,2.16,1
CUfniW1B,Jagiellonia,Cercle Brugge KSV,3,3,ou,2.50,under,1.84,1
CUfniW1B,Jagiellonia,Cercle Brugge KSV,3,3,ou,3.50,over,4.1,1
CUfniW1B,Jagiellonia,Cercle Brugge KSV,3,3,ou,3.50,under,1.32,1
CUfniW1B,Jagiellonia,Cercle Brugge KSV,3,3,ou,4.50,over,9.0,1
CUfniW1B,Jagiellonia,Cercle Brugge KSV,3,3,ou,4.50,under,1.11,1
CUfniW1B,Jagiellonia,Cercle Brugge KSV,3,3,ou,5.50,over,22.0,1
CUfniW1B,Jagiellonia,Cercle Brugge KSV,3,3,ou,5.50,under,1.04,1
CUfniW1B,Jagiellonia,Cercle Brugge KSV,3,3,ou,6.50,over,50.0,1
CUfniW1B,Jagiellonia,Cercle Brugge KSV,3,3,hc,0,home,1.57,1
CUfniW1B,Jagiellonia,Cercle Brugge KSV,3,3,hc,0,away,2.74,1
CUfniW1B,Jagiellonia,Cercle Brugge KSV,3,3,hc,0.50,home,1.34,1
CUfniW1B,Jagiellonia,Cercle Brugge KSV,3,3,hc,0.50,away,3.88,1
CUfniW1B,Jagiellonia,Cercle Brugge KSV,3,3,hc,-0.50,home,2.22,1
CUfniW1B,Jagiellonia,Cercle Brugge KSV,3,3,hc,-0.50,away,1.8,1
CUfniW1B,Jagiellonia,Cercle Brugge KSV,3,3,hc,0.75,home,1.23,1
CUfniW1B,Jagiellonia,Cercle Brugge KSV,3,3,hc,0.75,away,5.2,1
CUfniW1B,Jagiellonia,Cercle Brugge KSV,3,3,hc,-0.75,home,2.66,1
CUfniW1B,Jagiellonia,Cercle Brugge KSV,3,3,hc,-0.75,away,1.58,1
CUfniW1B,Jagiellonia,Cercle Brugge KSV,3,3,hc,1.00,home,1.11,1
CUfniW1B,Jagiellonia,Cercle Brugge KSV,3,3,hc,1.00,away,8.49,1
CUfniW1B,Jagiellonia,Cercle Brugge KSV,3,3,hc,-1.00,home,3.61,1
CUfniW1B,Jagiellonia,Cercle Brugge KSV,3,3,hc,-1.00,away,1.36,1
CUfniW1B,Jagiellonia,Cercle Brugge KSV,3,3,hc,1.25,home,1.1,1
CUfniW1B,Jagiellonia,Cercle Brugge KSV,3,3,hc,1.25,away,9.29,1
CUfniW1B,Jagiellonia,Cercle Brugge KSV,3,3,hc,-1.25,home,4.09,1
CUfniW1B,Jagiellonia,Cercle Brugge KSV,3,3,hc,-1.25,away,1.3,1
CUfniW1B,Jagiellonia,Cercle Brugge KSV,3,3,hc,1.50,home,1.09,1
CUfniW1B,Jagiellonia,Cercle Brugge KSV,3,3,hc,1.50,away,10.09,1
CUfniW1B,Jagiellonia,Cercle Brugge KSV,3,3,hc,-1.50,home,4.63,1
CUfniW1B,Jagiellonia,Cercle Brugge KSV,3,3,hc,-1.50,away,1.25,1
CUfniW1B,Jagiellonia,Cercle Brugge KSV,3,3,hc,1.75,home,1.06,1
CUfniW1B,Jagiellonia,Cercle Brugge KSV,3,3,hc,1.75,away,14.82,1
CUfniW1B,Jagiellonia,Cercle Brugge KSV,3,3,hc,-1.75,home,6.28,1
CUfniW1B,Jagiellonia,Cercle Brugge KSV,3,3,hc,-1.75,away,1.17,1
CUfniW1B,Jagiellonia,Cercle Brugge KSV,3,3,hc,2.00,home,1.02,1
CUfniW1B,Jagiellonia,Cercle Brugge KSV,3,3,hc,2.00,away,29.95,1
CUfniW1B,Jagiellonia,Cercle Brugge KSV,3,3,hc,-2.00,home,10.72,1
CUfniW1B,Jagiellonia,Cercle Brugge KSV,3,3,hc,-2.00,away,1.09,1
CUfniW1B,Jagiellonia,Cercle Brugge KSV,3,3,hc,2.25,home,1.02,1
CUfniW1B,Jagiellonia,Cercle Brugge KSV,3,3,hc,2.25,away,30.97,1
CUfniW1B,Jagiellonia,Cercle Brugge KSV,3,3,hc,-2.25,home,11.53,1
CUfniW1B,Jagiellonia,Cercle Brugge KSV,3,3,hc,-2.25,away,1.08,1
CUfniW1B,Jagiellonia,Cercle Brugge KSV,3,3,hc,2.50,home,1.02,1
CUfniW1B,Jagiellonia,Cercle Brugge KSV,3,3,hc,2.50,away,32.0,1
CUfniW1B,Jagiellonia,Cercle Brugge KSV,3,3,hc,-2.50,home,12.33,1
CUfniW1B,Jagiellonia,Cercle Brugge KSV,3,3,hc,-2.50,away,1.07,1
CUfniW1B,Jagiellonia,Cercle Brugge KSV,3,3,hc,2.75,away,50.75,1
CUfniW1B,Jagiellonia,Cercle Brugge KSV,3,3,hc,-2.75,home,18.79,1
CUfniW1B,Jagiellonia,Cercle Brugge KSV,3,3,hc,-2.75,away,1.05,1
CUfniW1B,Jagiellonia,Cercle Brugge KSV,3,3,hc,-3.00,home,35.86,1
CUfniW1B,Jagiellonia,Cercle Brugge KSV,3,3,hc,-3.00,away,1.02,1
CUfniW1B,Jagiellonia,Cercle Brugge KSV,3,3,hc,-3.25,home,36.93,1
CUfniW1B,Jagiellonia,Cercle Brugge KSV,3,3,hc,-3.25,away,1.02,1
CUfniW1B,Jagiellonia,Cercle Brugge KSV,3,3,hc,-3.50,home,38.0,1
CUfniW1B,Jagiellonia,Cercle Brugge KSV,3,3,hc,-3.50,away,1.02,1
CUfniW1B,Jagiellonia,Cercle Brugge KSV,3,3,hc,-3.75,home,38.0,1
CUfniW1B,Jagiellonia,Cercle Brugge KSV,3,3,hc,0.25,home,1.43,1
CUfniW1B,Jagiellonia,Cercle Brugge KSV,3,3,hc,0.25,away,3.31,1
CUfniW1B,Jagiellonia,Cercle Brugge KSV,3,3,hc,-0.25,home,1.9,1
CUfniW1B,Jagiellonia,Cercle Brugge KSV,3,3,hc,-0.25,away,2.1,1
CUfniW1B,Jagiellonia,Cercle Brugge KSV,3,3,dc,0,home/draw,1.34,1
CUfniW1B,Jagiellonia,Cercle Brugge KSV,3,3,dc,0,home/away,1.41,1
CUfniW1B,Jagiellonia,Cercle Brugge KSV,3,3,dc,0,draw/away,1.8,1
QwGeDGJ6,Pafos,Djurgarden,1,1,1x2,0,home,1.72,1
QwGeDGJ6,Pafos,Djurgarden,1,1,1x2,0,draw,3.9,1
QwGeDGJ6,Pafos,Djurgarden,1,1,1x2,0,away,6.0,1
QwGeDGJ6,Pafos,Djurgarden,1,1,ou,0.50,over,1.08,1
QwGeDGJ6,Pafos,Djurgarden,1,1,ou,0.50,under,11.5,1
QwGeDGJ6,Pafos,Djurgarden,1,1,ou,1.50,over,1.38,1
QwGeDGJ6,Pafos,Djurgarden,1,1,ou,1.50,under,3.5,1
QwGeDGJ6,Pafos,Djurgarden,1,1,ou,2.50,over,2.16,1
QwGeDGJ6,Pafos,Djurgarden,1,1,ou,2.50,under,1.83,1
QwGeDGJ6,Pafos,Djurgarden,1,1,ou,3.50,over,3.85,1
QwGeDGJ6,Pafos,Djurgarden,1,1,ou,3.50,under,1.34,1
QwGeDGJ6,Pafos,Djurgarden,1,1,ou,4.50,over,8.6,1
QwGeDGJ6,Pafos,Djurgarden,1,1,ou,4.50,under,1.12,1
QwGeDGJ6,Pafos,Djurgarden,1,1,ou,5.50,over,22.0,1
QwGeDGJ6,Pafos,Djurgarden,1,1,ou,5.50,under,1.04,1
QwGeDGJ6,Pafos,Djurgarden,1,1,ou,6.50,over,50.0,1
QwGeDGJ6,Pafos,Djurgarden,1,1,hc,0,home,1.27,1
QwGeDGJ6,Pafos,Djurgarden,1,1,hc,0,away,4.46,1
QwGeDGJ6,Pafos,Djurgarden,1,1,hc,0.50,home,1.19,1
QwGeDGJ6,Pafos,Djurgarden,1,1,hc,0.50,away,6.0,1
QwGeDGJ6,Pafos,Djurgarden,1,1,hc,-0.50,home,1.72,1
QwGeDGJ6,Pafos,Djurgarden,1,1,hc,-0.50,away,2.36,1
QwGeDGJ6,Pafos,Djurgarden,1,1,hc,0.75,home,1.12,1
QwGeDGJ6,Pafos,Djurgarden,1,1,hc,0.75,away,8.6,1
QwGeDGJ6,Pafos,Djurgarden,1,1,hc,-0.75,home,1.91,1
QwGeDGJ6,Pafos,Djurgarden,1,1,hc,-0.75,away,2.07,1
QwGeDGJ6,Pafos,Djurgarden,1,1,hc,1.00,home,1.05,1
QwGeDGJ6,Pafos,Djurgarden,1,1,hc,1.00,away,16.83,1
QwGeDGJ6,Pafos,Djurgarden,1,1,hc,-1.00,home,2.26,1
QwGeDGJ6,Pafos,Djurgarden,1,1,hc,-1.00,away,1.76,1
QwGeDGJ6,Pafos,Djurgarden,1,1,hc,1.25,home,1.04,1
QwGeDGJ6,Pafos,Djurgarden,1,1,hc,1.25,away,17.91,1
QwGeDGJ6,Pafos,Djurgarden,1,1,hc,-1.25,home,2.64,1
QwGeDGJ6,Pafos,Djurgarden,1,1,hc,-1.25,away,1.59,1
QwGeDGJ6,Pafos,Djurgarden,1,1,hc,1.50,home,1.04,1
QwGeDGJ6,Pafos,Djurgarden,1,1,hc,1.50,away,19.0,1
QwGeDGJ6,Pafos,Djurgarden,1,1,hc,-1.50,home,3.01,1
QwGeDGJ6,Pafos,Djurgarden,1,1,hc,-1.50,away,1.47,1
QwGeDGJ6,Pafos,Djurgarden,1,1,hc,1.75,home,1.02,1
QwGeDGJ6,Pafos,Djurgarden,1,1,hc,1.75,away,29.41,1
QwGeDGJ6,Pafos,Djurgarden,1,1,hc,-1.75,home,3.79,1
QwGeDGJ6,Pafos,Djurgarden,1,1,hc,-1.75,away,1.34,1
QwGeDGJ6,Pafos,Djurgarden,1,1,hc,2.00,away,67.31,1
QwGeDGJ6,Pafos,Djurgarden,1,1,hc,-2.00,home,5.54,1
QwGeDGJ6,Pafos,Djurgarden,1,1,hc,-2.00,away,1.21,1
QwGeDGJ6,Pafos,Djurgarden,1,1,hc,2.25,away,68.65,1
QwGeDGJ6,Pafos,Djurgarden,1,1,hc,-2.25,home,6.17,1
QwGeDGJ6,Pafos,Djurgarden,1,1,hc,-2.25,away,1.18,1
QwGeDGJ6,Pafos,Djurgarden,1,1,hc,2.50,away,70.0,1
QwGeDGJ6,Pafos,Djurgarden,1,1,hc,-2.50,home,6.8,1
QwGeDGJ6,Pafos,Djurgarden,1,1,hc,-2.50,away,1.17,1
QwGeDGJ6,Pafos,Djurgarden,1,1,hc,2.75,away,76.09,1
QwGeDGJ6,Pafos,Djurgarden,1,1,hc,-2.75,home,9.28,1
QwGeDGJ6,Pafos,Djurgarden,1,1,hc,-2.75,away,1.11,1
QwGeDGJ6,Pafos,Djurgarden,1,1,hc,-3.00,home,15.5,1
QwGeDGJ6,Pafos,Djurgarden,1,1,hc,-3.00,away,1.05,1
QwGeDGJ6,Pafos,Djurgarden,1,1,hc,-3.25,home,16.25,1
QwGeDGJ6,Pafos,Djurgarden,1,1,hc,-3.25,away,1.05,1
QwGeDGJ6,Pafos,Djurgarden,1,1,hc,-3.50,home,17.0,1
QwGeDGJ6,Pafos,Djurgarden,1,1,hc,-3.50,away,1.04,1
QwGeDGJ6,Pafos,Djurgarden,1,1,hc,-3.75,home,17.0,1
QwGeDGJ6,Pafos,Djurgarden,1,1,hc,-3.75,away,1.02,1
QwGeDGJ6,Pafos,Djurgarden,1,1,hc,0.25,home,1.22,1
QwGeDGJ6,Pafos,Djurgarden,1,1,hc,0.25,away,5.23,1
QwGeDGJ6,Pafos,Djurgarden,1,1,hc,-0.25,home,1.49,1
QwGeDGJ6,Pafos,Djurgarden,1,1,hc,-0.25,away,2.96,1
QwGeDGJ6,Pafos,Djurgarden,1,1,dc,0,home/draw,1.19,1
QwGeDGJ6,Pafos,Djurgarden,1,1,dc,0,home/away,1.33,1
QwGeDGJ6,Pafos,Djurgarden,1,1,dc,0,draw/away,2.36,1
8MXoOXXO,Betis,Vitoria Guimaraes,2,2,1x2,0,home,1.57,1
8MXoOXXO,Betis,Vitoria Guimaraes,2,2,1x2,0,draw,4.2,1
8MXoOXXO,Betis,Vitoria Guimaraes,2,2,1x2,0,away,7.6,1
8MXoOXXO,Betis,Vitoria Guimaraes,2,2,ou,0.50,over,1.07,1
8MXoOXXO,Betis,Vitoria Guimaraes,2,2,ou,0.50,under,13.0,1
8MXoOXXO,Betis,Vitoria Guimaraes,2,2,ou,1.50,over,1.35,1
8MXoOXXO,Betis,Vitoria Guimaraes,2,2,ou,1.50,under,3.75,1
8MXoOXXO,Betis,Vitoria Guimaraes,2,2,ou,2.50,over,2.04,1
8MXoOXXO,Betis,Vitoria Guimaraes,2,2,ou,2.50,under,1.93,1
8MXoOXXO,Betis,Vitoria Guimaraes,2,2,ou,3.50,over,3.75,1
8MXoOXXO,Betis,Vitoria Guimaraes,2,2,ou,3.50,under,1.35,1
8MXoOXXO,Betis,Vitoria Guimaraes,2,2,ou,4.50,over,8.2,1
8MXoOXXO,Betis,Vitoria Guimaraes,2,2,ou,4.50,under,1.13,1
8MXoOXXO,Betis,Vitoria Guimaraes,2,2,ou,5.50,over,20.0,1
8MXoOXXO,Betis,Vitoria Guimaraes,2,2,ou,5.50,under,1.04,1
8MXoOXXO,Betis,Vitoria Guimaraes,2,2,ou,6.50,over,50.0,1
8MXoOXXO,Betis,Vitoria Guimaraes,2,2,hc,0,home,1.21,1
8MXoOXXO,Betis,Vitoria Guimaraes,2,2,hc,0,away,5.5,1
8MXoOXXO,Betis,Vitoria Guimaraes,2,2,hc,0.50,home,1.15,1
8MXoOXXO,Betis,Vitoria Guimaraes,2,2,hc,0.50,away,7.2,1
8MXoOXXO,Betis,Vitoria Guimaraes,2,2,hc,-0.50,home,1.59,1
8MXoOXXO,Betis,Vitoria Guimaraes,2,2,hc,-0.50,away,2.67,1
8MXoOXXO,Betis,Vitoria Guimaraes,2,2,hc,0.75,home,1.09,1
8MXoOXXO,Betis,Vitoria Guimaraes,2,2,hc,0.75,away,10.71,1
8MXoOXXO,Betis,Vitoria Guimaraes,2,2,hc,-0.75,home,1.75,1
8MXoOXXO,Betis,Vitoria Guimaraes,2,2,hc,-0.75,away,2.31,1
8MXoOXXO,Betis,Vitoria Guimaraes,2,2,hc,1.00,home,1.04,1
8MXoOXXO,Betis,Vitoria Guimaraes,2,2,hc,1.00,away,23.38,1
8MXoOXXO,Betis,Vitoria Guimaraes,2,2,hc,-1.00,home,2.03,1
8MXoOXXO,Betis,Vitoria Guimaraes,2,2,hc,-1.00,away,1.95,1
8MXoOXXO,Betis,Vitoria Guimaraes,2,2,hc,1.25,home,1.03,1
8MXoOXXO,Betis,Vitoria Guimaraes,2,2,hc,1.25,away,24.7,1
8MXoOXXO,Betis,Vitoria Guimaraes,2,2,hc,-1.25,home,2.41,1
8MXoOXXO,Betis,Vitoria Guimaraes,2,2,hc,-1.25,away,1.69,1
8MXoOXXO,Betis,Vitoria Guimaraes,2,2,hc,1.50,home,1.03,1
8MXoOXXO,Betis,Vitoria Guimaraes,2,2,hc,1.50,away,26.0,1
8MXoOXXO,Betis,Vitoria Guimaraes,2,2,hc,-1.50,home,2.79,1
8MXoOXXO,Betis,Vitoria Guimaraes,2,2,hc,-1.50,away,1.54,1
8MXoOXXO,Betis,Vitoria Guimaraes,2,2,hc,1.75,home,1.02,1
8MXoOXXO,Betis,Vitoria Guimaraes,2,2,hc,1.75,away,40.76,1
8MXoOXXO,Betis,Vitoria Guimaraes,2,2,hc,-1.75,home,3.43,1
8MXoOXXO,Betis,Vitoria Guimaraes,2,2,hc,-1.75,away,1.4,1
8MXoOXXO,Betis,Vitoria Guimaraes,2,2,hc,2.00,away,97.15,1
8MXoOXXO,Betis,Vitoria Guimaraes,2,2,hc,-2.00,home,4.79,1
8MXoOXXO,Betis,Vitoria Guimaraes,2,2,hc,-2.00,away,1.25,1
8MXoOXXO,Betis,Vitoria Guimaraes,2,2,hc,2.25,away,98.57,1
8MXoOXXO,Betis,Vitoria Guimaraes,2,2,hc,-2.25,home,5.34,1
8MXoOXXO,Betis,Vitoria Guimaraes,2,2,hc,-2.25,away,1.22,1
8MXoOXXO,Betis,Vitoria Guimaraes,2,2,hc,-2.50,home,5.8,1
8MXoOXXO,Betis,Vitoria Guimaraes,2,2,hc,-2.50,away,1.2,1
8MXoOXXO,Betis,Vitoria Guimaraes,2,2,hc,-2.75,home,8.03,1
8MXoOXXO,Betis,Vitoria Guimaraes,2,2,hc,-2.75,away,1.13,1
8MXoOXXO,Betis,Vitoria Guimaraes,2,2,hc,-3.00,home,13.45,1
8MXoOXXO,Betis,Vitoria Guimaraes,2,2,hc,-3.00,away,1.07,1
8MXoOXXO,Betis,Vitoria Guimaraes,2,2,hc,-3.25,home,14.22,1
8MXoOXXO,Betis,Vitoria Guimaraes,2,2,hc,-3.25,away,1.06,1
8MXoOXXO,Betis,Vitoria Guimaraes,2,2,hc,-3.50,home,15.0,1
8MXoOXXO,Betis,Vitoria Guimaraes,2,2,hc,-3.50,away,1.06,1
8MXoOXXO,Betis,Vitoria Guimaraes,2,2,hc,-3.75,home,15.0,1
8MXoOXXO,Betis,Vitoria Guimaraes,2,2,hc,-3.75,away,1.03,1
8MXoOXXO,Betis,Vitoria Guimaraes,2,2,hc,0.25,home,1.18,1
8MXoOXXO,Betis,Vitoria Guimaraes,2,2,hc,0.25,away,6.35,1
8MXoOXXO,Betis,Vitoria Guimaraes,2,2,hc,-0.25,home,1.4,1
8MXoOXXO,Betis,Vitoria Guimaraes,2,2,hc,-0.25,away,3.43,1
8MXoOXXO,Betis,Vitoria Guimaraes,2,2,dc,0,home/draw,1.14,1
8MXoOXXO,Betis,Vitoria Guimaraes,2,2,dc,0,home/away,1.3,1
8MXoOXXO,Betis,Vitoria Guimaraes,2,2,dc,0,draw/away,2.72,1
K014tFmg,FC Copenhagen,Chelsea,1,1,1x2,0,home,4.9,1
K014tFmg,FC Copenhagen,Chelsea,1,1,1x2,0,draw,3.65,1
K014tFmg,FC Copenhagen,Chelsea,1,1,1x2,0,away,1.89,1
K014tFmg,FC Copenhagen,Chelsea,1,1,ou,0.50,over,1.09,1
K014tFmg,FC Copenhagen,Chelsea,1,1,ou,0.50,under,11.0,1
K014tFmg,FC Copenhagen,Chelsea,1,1,ou,1.50,over,1.4,1
K014tFmg,FC Copenhagen,Chelsea,1,1,ou,1.50,under,3.4,1
K014tFmg,FC Copenhagen,Chelsea,1,1,ou,2.50,over,2.18,1
K014tFmg,FC Copenhagen,Chelsea,1,1,ou,2.50,under,1.83,1
K014tFmg,FC Copenhagen,Chelsea,1,1,ou,3.50,over,4.0,1
K014tFmg,FC Copenhagen,Chelsea,1,1,ou,3.50,under,1.31,1
K014tFmg,FC Copenhagen,Chelsea,1,1,ou,4.50,over,9.2,1
K014tFmg,FC Copenhagen,Chelsea,1,1,ou,4.50,under,1.12,1
K014tFmg,FC Copenhagen,Chelsea,1,1,ou,5.50,over,22.0,1
K014tFmg,FC Copenhagen,Chelsea,1,1,ou,5.50,under,1.04,1
K014tFmg,FC Copenhagen,Chelsea,1,1,ou,6.50,over,55.0,1
K014tFmg,FC Copenhagen,Chelsea,1,1,hc,0,home,3.56,1
K014tFmg,FC Copenhagen,Chelsea,1,1,hc,0,away,1.37,1
K014tFmg,FC Copenhagen,Chelsea,1,1,hc,0.50,home,2.09,1
K014tFmg,FC Copenhagen,Chelsea,1,1,hc,0.50,away,1.89,1
K014tFmg,FC Copenhagen,Chelsea,1,1,hc,-0.50,home,4.9,1
K014tFmg,FC Copenhagen,Chelsea,1,1,hc,-0.50,away,1.25,1
K014tFmg,FC Copenhagen,Chelsea,1,1,hc,0.75,home,1.83,1
K014tFmg,FC Copenhagen,Chelsea,1,1,hc,0.75,away,2.16,1
K014tFmg,FC Copenhagen,Chelsea,1,1,hc,-0.75,home,6.68,1
K014tFmg,FC Copenhagen,Chelsea,1,1,hc,-0.75,away,1.16,1
K014tFmg,FC Copenhagen,Chelsea,1,1,hc,1.00,home,1.56,1
K014tFmg,FC Copenhagen,Chelsea,1,1,hc,1.00,away,2.69,1
K014tFmg,FC Copenhagen,Chelsea,1,1,hc,-1.00,home,11.48,1
K014tFmg,FC Copenhagen,Chelsea,1,1,hc,-1.00,away,1.07,1
K014tFmg,FC Copenhagen,Chelsea,1,1,hc,1.25,home,1.44,1
K014tFmg,FC Copenhagen,Chelsea,1,1,hc,1.25,away,3.14,1
K014tFmg,FC Copenhagen,Chelsea,1,1,hc,-1.25,home,12.33,1
K014tFmg,FC Copenhagen,Chelsea,1,1,hc,-1.25,away,1.06,1
K014tFmg,FC Copenhagen,Chelsea,1,1,hc,1.50,home,1.37,1
K014tFmg,FC Copenhagen,Chelsea,1,1,hc,1.50,away,3.6,1
K014tFmg,FC Copenhagen,Chelsea,1,1,hc,-1.50,home,13.17,1
K014tFmg,FC Copenhagen,Chelsea,1,1,hc,-1.50,away,1.06,1
K014tFmg,FC Copenhagen,Chelsea,1,1,hc,1.75,home,1.25,1
K014tFmg,FC Copenhagen,Chelsea,1,1,hc,1.75,away,4.71,1
K014tFmg,FC Copenhagen,Chelsea,1,1,hc,-1.75,home,20.48,1
K014tFmg,FC Copenhagen,Chelsea,1,1,hc,-1.75,away,1.03,1
K014tFmg,FC Copenhagen,Chelsea,1,1,hc,2.00,home,1.14,1
K014tFmg,FC Copenhagen,Chelsea,1,1,hc,2.00,away,7.5,1
K014tFmg,FC Copenhagen,Chelsea,1,1,hc,-2.00,home,37.96,1
K014tFmg,FC Copenhagen,Chelsea,1,1,hc,2.25,home,1.12,1
K014tFmg,FC Copenhagen,Chelsea,1,1,hc,2.25,away,8.25,1
K014tFmg,FC Copenhagen,Chelsea,1,1,hc,-2.25,home,38.98,1
K014tFmg,FC Copenhagen,Chelsea,1,1,hc,2.50,home,1.11,1
K014tFmg,FC Copenhagen,Chelsea,1,1,hc,2.50,away,9.0,1
K014tFmg,FC Copenhagen,Chelsea,1,1,hc,-2.50,home,40.0,1
K014tFmg,FC Copenhagen,Chelsea,1,1,hc,2.75,home,1.07,1
K014tFmg,FC Copenhagen,Chelsea,1,1,hc,2.75,away,12.88,1
K014tFmg,FC Copenhagen,Chelsea,1,1,hc,3.00,home,1.03,1
K014tFmg,FC Copenhagen,Chelsea,1,1,hc,3.00,away,24.11,1
K014tFmg,FC Copenhagen,Chelsea,1,1,hc,3.25,home,1.03,1
K014tFmg,FC Copenhagen,Chelsea,1,1,hc,3.25,away,25.05,1
K014tFmg,FC Copenhagen,Chelsea,1,1,hc,3.50,home,1.03,1
K014tFmg,FC Copenhagen,Chelsea,1,1,hc,3.50,away,26.0,1
K014tFmg,FC Copenhagen,Chelsea,1,1,hc,3.75,away,26.0,1
K014tFmg,FC Copenhagen,Chelsea,1,1,hc,0.25,home,2.53,1
K014tFmg,FC Copenhagen,Chelsea,1,1,hc,0.25,away,1.63,1
K014tFmg,FC Copenhagen,Chelsea,1,1,hc,-0.25,home,4.23,1
K014tFmg,FC Copenhagen,Chelsea,1,1,hc,-0.25,away,1.3,1
K014tFmg,FC Copenhagen,Chelsea,1,1,dc,0,home/draw,2.08,1
K014tFmg,FC Copenhagen,Chelsea,1,1,dc,0,home/away,1.37,1
K014tFmg,FC Copenhagen,Chelsea,1,1,dc,0,draw/away,1.25,1
b7lWfE2n,Panathinaikos,Fiorentina,3,3,1x2,0,home,3.25,1
b7lWfE2n,Panathinaikos,Fiorentina,3,3,1x2,0,draw,3.1,1
b7lWfE2n,Panathinaikos,Fiorentina,3,3,1x2,0,away,2.68,1
b7lWfE2n,Panathinaikos,Fiorentina,3,3,ou,0.50,over,1.12,1
b7lWfE2n,Panathinaikos,Fiorentina,3,3,ou,0.50,under,8.8,1
b7lWfE2n,Panathinaikos,Fiorentina,3,3,ou,1.50,over,1.53,1
b7lWfE2n,Panathinaikos,Fiorentina,3,3,ou,1.50,under,2.84,1
b7lWfE2n,Panathinaikos,Fiorentina,3,3,ou,2.50,over,2.64,1
b7lWfE2n,Panathinaikos,Fiorentina,3,3,ou,2.50,under,1.59,1
b7lWfE2n,Panathinaikos,Fiorentina,3,3,ou,3.50,over,5.4,1
b7lWfE2n,Panathinaikos,Fiorentina,3,3,ou,3.50,under,1.22,1
b7lWfE2n,Panathinaikos,Fiorentina,3,3,ou,4.50,over,13.0,1
b7lWfE2n,Panathinaikos,Fiorentina,3,3,ou,4.50,under,1.07,1
b7lWfE2n,Panathinaikos,Fiorentina,3,3,ou,5.50,over,34.0,1
b7lWfE2n,Panathinaikos,Fiorentina,3,3,ou,5.50,under,1.02,1
b7lWfE2n,Panathinaikos,Fiorentina,3,3,hc,0,home,2.21,1
b7lWfE2n,Panathinaikos,Fiorentina,3,3,hc,0,away,1.79,1
b7lWfE2n,Panathinaikos,Fiorentina,3,3,hc,0.50,home,1.59,1
b7lWfE2n,Panathinaikos,Fiorentina,3,3,hc,0.50,away,2.64,1
b7lWfE2n,Panathinaikos,Fiorentina,3,3,hc,-0.50,home,3.25,1
b7lWfE2n,Panathinaikos,Fiorentina,3,3,hc,-0.50,away,1.42,1
b7lWfE2n,Panathinaikos,Fiorentina,3,3,hc,0.75,home,1.41,1
b7lWfE2n,Panathinaikos,Fiorentina,3,3,hc,0.75,away,3.3,1
b7lWfE2n,Panathinaikos,Fiorentina,3,3,hc,-0.75,home,4.28,1
b7lWfE2n,Panathinaikos,Fiorentina,3,3,hc,-0.75,away,1.28,1
b7lWfE2n,Panathinaikos,Fiorentina,3,3,hc,1.00,home,1.24,1
b7lWfE2n,Panathinaikos,Fiorentina,3,3,hc,1.00,away,4.89,1
b7lWfE2n,Panathinaikos,Fiorentina,3,3,hc,-1.00,home,7.09,1
b7lWfE2n,Panathinaikos,Fiorentina,3,3,hc,-1.00,away,1.14,1
b7lWfE2n,Panathinaikos,Fiorentina,3,3,hc,1.25,home,1.2,1
b7lWfE2n,Panathinaikos,Fiorentina,3,3,hc,1.25,away,5.57,1
b7lWfE2n,Panathinaikos,Fiorentina,3,3,hc,-1.25,home,7.94,1
b7lWfE2n,Panathinaikos,Fiorentina,3,3,hc,-1.25,away,1.13,1
b7lWfE2n,Panathinaikos,Fiorentina,3,3,hc,1.50,home,1.17,1
b7lWfE2n,Panathinaikos,Fiorentina,3,3,hc,1.50,away,6.26,1
b7lWfE2n,Panathinaikos,Fiorentina,3,3,hc,-1.50,home,8.8,1
b7lWfE2n,Panathinaikos,Fiorentina,3,3,hc,-1.50,away,1.11,1
b7lWfE2n,Panathinaikos,Fiorentina,3,3,hc,1.75,home,1.11,1
b7lWfE2n,Panathinaikos,Fiorentina,3,3,hc,1.75,away,8.69,1
b7lWfE2n,Panathinaikos,Fiorentina,3,3,hc,-1.75,home,12.66,1
b7lWfE2n,Panathinaikos,Fiorentina,3,3,hc,-1.75,away,1.07,1
b7lWfE2n,Panathinaikos,Fiorentina,3,3,hc,2.00,home,1.05,1
b7lWfE2n,Panathinaikos,Fiorentina,3,3,hc,2.00,away,15.28,1
b7lWfE2n,Panathinaikos,Fiorentina,3,3,hc,-2.00,home,24.21,1
b7lWfE2n,Panathinaikos,Fiorentina,3,3,hc,-2.00,away,1.02,1
b7lWfE2n,Panathinaikos,Fiorentina,3,3,hc,2.25,home,1.04,1
b7lWfE2n,Panathinaikos,Fiorentina,3,3,hc,2.25,away,16.09,1
b7lWfE2n,Panathinaikos,Fiorentina,3,3,hc,-2.25,home,25.13,1
b7lWfE2n,Panathinaikos,Fiorentina,3,3,hc,-2.25,away,1.02,1
b7lWfE2n,Panathinaikos,Fiorentina,3,3,hc,2.50,home,1.04,1
b7lWfE2n,Panathinaikos,Fiorentina,3,3,hc,2.50,away,16.89,1
b7lWfE2n,Panathinaikos,Fiorentina,3,3,hc,-2.50,home,26.04,1
b7lWfE2n,Panathinaikos,Fiorentina,3,3,hc,-2.50,away,1.02,1
b7lWfE2n,Panathinaikos,Fiorentina,3,3,hc,2.75,home,1.02,1
b7lWfE2n,Panathinaikos,Fiorentina,3,3,hc,2.75,away,25.31,1
b7lWfE2n,Panathinaikos,Fiorentina,3,3,hc,-2.75,home,43.23,1
b7lWfE2n,Panathinaikos,Fiorentina,3,3,hc,3.00,away,34.67,1
b7lWfE2n,Panathinaikos,Fiorentina,3,3,hc,3.25,away,35.23,1
b7lWfE2n,Panathinaikos,Fiorentina,3,3,hc,3.50,away,35.79,1
b7lWfE2n,Panathinaikos,Fiorentina,3,3,hc,0.25,home,1.8,1
b7lWfE2n,Panathinaikos,Fiorentina,3,3,hc,0.25,away,2.21,1
b7lWfE2n,Panathinaikos,Fiorentina,3,3,hc,-0.25,home,2.73,1
b7lWfE2n,Panathinaikos,Fiorentina,3,3,hc,-0.25,away,1.55,1
b7lWfE2n,Panathinaikos,Fiorentina,3,3,dc,0,home/draw,1.57,1
b7lWfE2n,Panathinaikos,Fiorentina,3,3,dc,0,home/away,1.46,1
b7lWfE2n,Panathinaikos,Fiorentina,3,3,dc,0,draw/away,1.44,1
nTKDxXnI,Molde,Legia,3,3,1x2,0,home,2.38,1
nTKDxXnI,Molde,Legia,3,3,1x2,0,draw,3.45,1
nTKDxXnI,Molde,Legia,3,3,1x2,0,away,3.35,1
nTKDxXnI,Molde,Legia,3,3,ou,0.50,over,1.07,1
nTKDxXnI,Molde,Legia,3,3,ou,0.50,under,13.5,1
nTKDxXnI,Molde,Legia,3,3,ou,1.50,over,1.32,1
nTKDxXnI,Molde,Legia,3,3,ou,1.50,under,4.0,1
nTKDxXnI,Molde,Legia,3,3,ou,2.50,over,1.98,1
nTKDxXnI,Molde,Legia,3,3,ou,2.50,under,2.0,1
nTKDxXnI,Molde,Legia,3,3,ou,3.50,over,3.45,1
nTKDxXnI,Molde,Legia,3,3,ou,3.50,under,1.39,1
nTKDxXnI,Molde,Legia,3,3,ou,4.50,over,7.4,1
nTKDxXnI,Molde,Legia,3,3,ou,4.50,under,1.15,1
nTKDxXnI,Molde,Legia,3,3,ou,5.50,over,17.5,1
nTKDxXnI,Molde,Legia,3,3,ou,5.50,under,1.05,1
nTKDxXnI,Molde,Legia,3,3,ou,6.50,over,44.0,1
nTKDxXnI,Molde,Legia,3,3,hc,0,home,1.7,1
nTKDxXnI,Molde,Legia,3,3,hc,0,away,2.4,1
nTKDxXnI,Molde,Legia,3,3,hc,0.50,home,1.41,1
nTKDxXnI,Molde,Legia,3,3,hc,0.50,away,3.36,1
nTKDxXnI,Molde,Legia,3,3,hc,-0.50,home,2.38,1
nTKDxXnI,Molde,Legia,3,3,hc,-0.50,away,1.71,1
nTKDxXnI,Molde,Legia,3,3,hc,0.75,home,1.29,1
nTKDxXnI,Molde,Legia,3,3,hc,0.75,away,4.31,1
nTKDxXnI,Molde,Legia,3,3,hc,-0.75,home,2.88,1
nTKDxXnI,Molde,Legia,3,3,hc,-0.75,away,1.52,1
nTKDxXnI,Molde,Legia,3,3,hc,1.00,home,1.16,1
nTKDxXnI,Molde,Legia,3,3,hc,1.00,away,6.48,1
nTKDxXnI,Molde,Legia,3,3,hc,-1.00,home,3.94,1
nTKDxXnI,Molde,Legia,3,3,hc,-1.00,away,1.32,1
nTKDxXnI,Molde,Legia,3,3,hc,1.25,home,1.14,1
nTKDxXnI,Molde,Legia,3,3,hc,1.25,away,7.14,1
nTKDxXnI,Molde,Legia,3,3,hc,-1.25,home,4.49,1
nTKDxXnI,Molde,Legia,3,3,hc,-1.25,away,1.27,1
nTKDxXnI,Molde,Legia,3,3,hc,1.50,home,1.13,1
nTKDxXnI,Molde,Legia,3,3,hc,1.50,away,7.8,1
nTKDxXnI,Molde,Legia,3,3,hc,-1.50,home,5.04,1
nTKDxXnI,Molde,Legia,3,3,hc,-1.50,away,1.23,1
nTKDxXnI,Molde,Legia,3,3,hc,1.75,home,1.08,1
nTKDxXnI,Molde,Legia,3,3,hc,1.75,away,11.16,1
nTKDxXnI,Molde,Legia,3,3,hc,-1.75,home,6.76,1
nTKDxXnI,Molde,Legia,3,3,hc,-1.75,away,1.16,1
nTKDxXnI,Molde,Legia,3,3,hc,2.00,home,1.04,1
nTKDxXnI,Molde,Legia,3,3,hc,2.00,away,21.08,1
nTKDxXnI,Molde,Legia,3,3,hc,-2.00,home,10.62,1
nTKDxXnI,Molde,Legia,3,3,hc,-2.00,away,1.08,1
nTKDxXnI,Molde,Legia,3,3,hc,2.25,home,1.03,1
nTKDxXnI,Molde,Legia,3,3,hc,2.25,away,22.04,1
nTKDxXnI,Molde,Legia,3,3,hc,-2.25,home,11.31,1
nTKDxXnI,Molde,Legia,3,3,hc,-2.25,away,1.08,1
nTKDxXnI,Molde,Legia,3,3,hc,2.50,home,1.03,1
nTKDxXnI,Molde,Legia,3,3,hc,2.50,away,23.0,1
nTKDxXnI,Molde,Legia,3,3,hc,-2.50,home,12.0,1
nTKDxXnI,Molde,Legia,3,3,hc,-2.50,away,1.07,1
nTKDxXnI,Molde,Legia,3,3,hc,2.75,home,1.02,1
nTKDxXnI,Molde,Legia,3,3,hc,2.75,away,35.17,1
nTKDxXnI,Molde,Legia,3,3,hc,-2.75,home,17.66,1
nTKDxXnI,Molde,Legia,3,3,hc,-2.75,away,1.05,1
nTKDxXnI,Molde,Legia,3,3,hc,3.00,away,53.6,1
nTKDxXnI,Molde,Legia,3,3,hc,-3.00,home,34.12,1
nTKDxXnI,Molde,Legia,3,3,hc,-3.00,away,1.02,1
nTKDxXnI,Molde,Legia,3,3,hc,3.25,away,54.3,1
nTKDxXnI,Molde,Legia,3,3,hc,-3.25,home,35.06,1
nTKDxXnI,Molde,Legia,3,3,hc,-3.25,away,1.02,1
nTKDxXnI,Molde,Legia,3,3,hc,3.50,away,55.0,1
nTKDxXnI,Molde,Legia,3,3,hc,-3.50,home,36.0,1
nTKDxXnI,Molde,Legia,3,3,hc,-3.50,away,1.02,1
nTKDxXnI,Molde,Legia,3,3,hc,-3.75,home,36.0,1
nTKDxXnI,Molde,Legia,3,3,hc,0.25,home,1.52,1
nTKDxXnI,Molde,Legia,3,3,hc,0.25,away,2.88,1
nTKDxXnI,Molde,Legia,3,3,hc,-0.25,home,2.04,1
nTKDxXnI,Molde,Legia,3,3,hc,-0.25,away,1.94,1
nTKDxXnI,Molde,Legia,3,3,dc,0,home/draw,1.41,1
nTKDxXnI,Molde,Legia,3,3,dc,0,home/away,1.4,1
nTKDxXnI,Molde,Legia,3,3,dc,0,draw/away,1.71,1
2oYFiijJ,APOEL,Celje,0,0,1x2,0,home,1.77,1
2oYFiijJ,APOEL,Celje,0,0,1x2,0,draw,3.95,1
2oYFiijJ,APOEL,Celje,0,0,1x2,0,away,5.4,1
2oYFiijJ,APOEL,Celje,0,0,ou,0.50,over,1.07,1
2oYFiijJ,APOEL,Celje,0,0,ou,0.50,under,14.0,1
2oYFiijJ,APOEL,Celje,0,0,ou,1.50,over,1.33,1
2oYFiijJ,APOEL,Celje,0,0,ou,1.50,under,3.9,1
2oYFiijJ,APOEL,Celje,0,0,ou,2.50,over,2.02,1
2oYFiijJ,APOEL,Celje,0,0,ou,2.50,under,1.96,1
2oYFiijJ,APOEL,Celje,0,0,ou,3.50,over,3.55,1
2oYFiijJ,APOEL,Celje,0,0,ou,3.50,under,1.37,1
2oYFiijJ,APOEL,Celje,0,0,ou,4.50,over,7.6,1
2oYFiijJ,APOEL,Celje,0,0,ou,4.50,under,1.14,1
2oYFiijJ,APOEL,Celje,0,0,ou,5.50,over,18.0,1
2oYFiijJ,APOEL,Celje,0,0,ou,5.50,under,1.05,1
2oYFiijJ,APOEL,Celje,0,0,ou,6.50,over,50.0,1
2oYFiijJ,APOEL,Celje,0,0,hc,0,home,1.32,1
2oYFiijJ,APOEL,Celje,0,0,hc,0,away,4.04,1
2oYFiijJ,APOEL,Celje,0,0,hc,-0.50,home,1.77,1
2oYFiijJ,APOEL,Celje,0,0,hc,-0.50,away,2.29,1
2oYFiijJ,APOEL,Celje,0,0,hc,0.50,home,1.22,1
2oYFiijJ,APOEL,Celje,0,0,hc,0.50,away,5.4,1
2oYFiijJ,APOEL,Celje,0,0,hc,-0.75,home,1.99,1
2oYFiijJ,APOEL,Celje,0,0,hc,-0.75,away,2.0,1
2oYFiijJ,APOEL,Celje,0,0,hc,0.75,home,1.14,1
2oYFiijJ,APOEL,Celje,0,0,hc,0.75,away,7.63,1
2oYFiijJ,APOEL,Celje,0,0,hc,-1.00,home,2.39,1
2oYFiijJ,APOEL,Celje,0,0,hc,-1.00,away,1.71,1
2oYFiijJ,APOEL,Celje,0,0,hc,1.00,home,1.06,1
2oYFiijJ,APOEL,Celje,0,0,hc,1.00,away,14.44,1
2oYFiijJ,APOEL,Celje,0,0,hc,-1.25,home,2.8,1
2oYFiijJ,APOEL,Celje,0,0,hc,-1.25,away,1.55,1
2oYFiijJ,APOEL,Celje,0,0,hc,1.25,home,1.05,1
2oYFiijJ,APOEL,Celje,0,0,hc,1.25,away,15.47,1
2oYFiijJ,APOEL,Celje,0,0,hc,-1.50,home,3.2,1
2oYFiijJ,APOEL,Celje,0,0,hc,-1.50,away,1.45,1
2oYFiijJ,APOEL,Celje,0,0,hc,1.50,home,1.05,1
2oYFiijJ,APOEL,Celje,0,0,hc,1.50,away,16.5,1
2oYFiijJ,APOEL,Celje,0,0,hc,-1.75,home,3.95,1
2oYFiijJ,APOEL,Celje,0,0,hc,-1.75,away,1.32,1
2oYFiijJ,APOEL,Celje,0,0,hc,1.75,home,1.03,1
2oYFiijJ,APOEL,Celje,0,0,hc,1.75,away,25.31,1
2oYFiijJ,APOEL,Celje,0,0,hc,-2.00,home,5.4,1
2oYFiijJ,APOEL,Celje,0,0,hc,-2.00,away,1.19,1
2oYFiijJ,APOEL,Celje,0,0,hc,2.00,away,48.9,1
2oYFiijJ,APOEL,Celje,0,0,hc,-2.25,home,5.9,1
2oYFiijJ,APOEL,Celje,0,0,hc,-2.25,away,1.17,1
2oYFiijJ,APOEL,Celje,0,0,hc,2.25,away,49.95,1
2oYFiijJ,APOEL,Celje,0,0,hc,-2.50,home,6.4,1
2oYFiijJ,APOEL,Celje,0,0,hc,-2.50,away,1.15,1
2oYFiijJ,APOEL,Celje,0,0,hc,2.50,away,51.0,1
2oYFiijJ,APOEL,Celje,0,0,hc,-2.75,home,8.96,1
2oYFiijJ,APOEL,Celje,0,0,hc,-2.75,away,1.1,1
2oYFiijJ,APOEL,Celje,0,0,hc,-3.00,home,16.23,1
2oYFiijJ,APOEL,Celje,0,0,hc,-3.00,away,1.04,1
2oYFiijJ,APOEL,Celje,0,0,hc,-3.25,home,17.11,1
2oYFiijJ,APOEL,Celje,0,0,hc,-3.25,away,1.04,1
2oYFiijJ,APOEL,Celje,0,0,hc,-3.50,home,18.0,1
2oYFiijJ,APOEL,Celje,0,0,hc,-3.50,away,1.04,1
2oYFiijJ,APOEL,Celje,0,0,hc,-3.75,home,18.0,1
2oYFiijJ,APOEL,Celje,0,0,hc,-3.75,away,1.02,1
2oYFiijJ,APOEL,Celje,0,0,hc,-0.25,home,1.54,1
2oYFiijJ,APOEL,Celje,0,0,hc,-0.25,away,2.81,1
2oYFiijJ,APOEL,Celje,0,0,hc,0.25,home,1.26,1
2oYFiijJ,APOEL,Celje,0,0,hc,0.25,away,4.72,1
2oYFiijJ,APOEL,Celje,0,0,dc,0,home/draw,1.22,1
2oYFiijJ,APOEL,Celje,0,0,dc,0,home/away,1.33,1
2oYFiijJ,APOEL,Celje,0,0,dc,0,draw/away,2.28,1
