match_id,home,away,home_score,away_score,market,line,side,avg_odds,n_bookies
CQQaJNbm,Tottenham,Manchester Utd,1,1,1x2,0,home,3.5,1
CQQaJNbm,Tottenham,Manchester Utd,1,1,1x2,0,draw,3.4,1
CQQaJNbm,Tottenham,Manchester Utd,1,1,1x2,0,away,2.34,1
CQQaJNbm,Tottenham,Manchester Utd,1,1,ou,0.50,over,1.08,1
CQQaJNbm,Tottenham,Manchester Utd,1,1,ou,0.50,under,12.0,1
CQQaJNbm,Tottenham,Manchester Utd,1,1,ou,1.50,over,1.37,1
CQQaJNbm,Tottenham,Manchester Utd,1,1,ou,1.50,under,3.65,1
CQQaJNbm,Tottenham,Manchester Utd,1,1,ou,2.50,over,2.14,1
CQQaJNbm,Tottenham,Manchester Utd,1,1,ou,2.50,under,1.86,1
CQQaJNbm,Tottenham,Manchester Utd,1,1,ou,3.50,over,3.75,1
CQQaJNbm,Tottenham,Manchester Utd,1,1,ou,3.50,under,1.35,1
CQQaJNbm,Tottenham,Manchester Utd,1,1,ou,4.50,over,8.2,1
CQQaJNbm,Tottenham,Manchester Utd,1,1,ou,4.50,under,1.13,1
CQQaJNbm,Tottenham,Manchester Utd,1,1,ou,5.50,over,21.0,1
CQQaJNbm,Tottenham,Manchester Utd,1,1,ou,5.50,under,1.04,1
CQQaJNbm,Tottenham,Manchester Utd,1,1,ou,6.50,over,55.0,1
CQQaJNbm,Tottenham,Manchester Utd,1,1,hc,0,home,2.49,1
CQQaJNbm,Tottenham,Manchester Utd,1,1,hc,0,away,1.65,1
CQQaJNbm,Tottenham,Manchester Utd,1,1,hc,0.50,home,1.73,1
CQQaJNbm,Tottenham,Manchester Utd,1,1,hc,0.50,away,2.34,1
CQQaJNbm,Tottenham,Manchester Utd,1,1,hc,-0.50,home,3.51,1
CQQaJNbm,Tottenham,Manchester Utd,1,1,hc,-0.50,away,1.39,1
CQQaJNbm,Tottenham,Manchester Utd,1,1,hc,0.75,home,1.53,1
CQQaJNbm,Tottenham,Manchester Utd,1,1,hc,0.75,away,2.81,1
CQQaJNbm,Tottenham,Manchester Utd,1,1,hc,-0.75,home,4.52,1
CQQaJNbm,Tottenham,Manchester Utd,1,1,hc,-0.75,away,1.27,1
CQQaJNbm,Tottenham,Manchester Utd,1,1,hc,1.00,home,1.33,1
CQQaJNbm,Tottenham,Manchester Utd,1,1,hc,1.00,away,3.79,1
CQQaJNbm,Tottenham,Manchester Utd,1,1,hc,-1.00,home,6.88,1
CQQaJNbm,Tottenham,Manchester Utd,1,1,hc,-1.00,away,1.16,1
CQQaJNbm,Tottenham,Manchester Utd,1,1,hc,1.25,home,1.27,1
CQQaJNbm,Tottenham,Manchester Utd,1,1,hc,1.25,away,4.33,1
CQQaJNbm,Tottenham,Manchester Utd,1,1,hc,-1.25,home,7.54,1
CQQaJNbm,Tottenham,Manchester Utd,1,1,hc,-1.25,away,1.14,1
CQQaJNbm,Tottenham,Manchester Utd,1,1,hc,1.50,home,1.23,1
CQQaJNbm,Tottenham,Manchester Utd,1,1,hc,1.50,away,4.87,1
CQQaJNbm,Tottenham,Manchester Utd,1,1,hc,-1.50,home,8.2,1
CQQaJNbm,Tottenham,Manchester Utd,1,1,hc,-1.50,away,1.13,1
CQQaJNbm,Tottenham,Manchester Utd,1,1,hc,1.75,home,1.15,1
CQQaJNbm,Tottenham,Manchester Utd,1,1,hc,1.75,away,6.74,1
CQQaJNbm,Tottenham,Manchester Utd,1,1,hc,-1.75,home,12.05,1
CQQaJNbm,Tottenham,Manchester Utd,1,1,hc,-1.75,away,1.08,1
CQQaJNbm,Tottenham,Manchester Utd,1,1,hc,2.00,home,1.08,1
CQQaJNbm,Tottenham,Manchester Utd,1,1,hc,2.00,away,12.12,1
CQQaJNbm,Tottenham,Manchester Utd,1,1,hc,-2.00,home,23.83,1
CQQaJNbm,Tottenham,Manchester Utd,1,1,hc,-2.00,away,1.03,1
CQQaJNbm,Tottenham,Manchester Utd,1,1,hc,2.25,home,1.07,1
CQQaJNbm,Tottenham,Manchester Utd,1,1,hc,2.25,away,13.06,1
CQQaJNbm,Tottenham,Manchester Utd,1,1,hc,-2.25,home,24.91,1
CQQaJNbm,Tottenham,Manchester Utd,1,1,hc,-2.25,away,1.03,1
CQQaJNbm,Tottenham,Manchester Utd,1,1,hc,2.50,home,1.06,1
CQQaJNbm,Tottenham,Manchester Utd,1,1,hc,2.50,away,14.0,1
CQQaJNbm,Tottenham,Manchester Utd,1,1,hc,-2.50,home,26.0,1
CQQaJNbm,Tottenham,Manchester Utd,1,1,hc,-2.50,away,1.03,1
CQQaJNbm,Tottenham,Manchester Utd,1,1,hc,2.75,home,1.04,1
CQQaJNbm,Tottenham,Manchester Utd,1,1,hc,2.75,away,20.5,1
CQQaJNbm,Tottenham,Manchester Utd,1,1,hc,-2.75,home,42.09,1
CQQaJNbm,Tottenham,Manchester Utd,1,1,hc,3.00,away,40.0,1
CQQaJNbm,Tottenham,Manchester Utd,1,1,hc,-3.00,home,97.29,1
CQQaJNbm,Tottenham,Manchester Utd,1,1,hc,3.25,away,41.0,1
CQQaJNbm,Tottenham,Manchester Utd,1,1,hc,-3.25,home,98.64,1
CQQaJNbm,Tottenham,Manchester Utd,1,1,hc,3.50,away,42.0,1
CQQaJNbm,Tottenham,Manchester Utd,1,1,hc,3.75,away,42.0,1
CQQaJNbm,Tottenham,Manchester Utd,1,1,hc,0.25,home,1.99,1
CQQaJNbm,Tottenham,Manchester Utd,1,1,hc,0.25,away,2.0,1
CQQaJNbm,Tottenham,Manchester Utd,1,1,hc,-0.25,home,3.0,1
CQQaJNbm,Tottenham,Manchester Utd,1,1,hc,-0.25,away,1.49,1
CQQaJNbm,Tottenham,Manchester Utd,1,1,dc,0,home/draw,1.73,1
CQQaJNbm,Tottenham,Manchester Utd,1,1,dc,0,home/away,1.4,1
CQQaJNbm,Tottenham,Manchester Utd,1,1,dc,0,draw/away,1.39,1
b3blVXsJ,Manchester Utd,Ath Bilbao,4,4,1x2,0,home,1.96,1
b3blVXsJ,Manchester Utd,Ath Bilbao,4,4,1x2,0,draw,3.9,1
b3blVXsJ,Manchester Utd,Ath Bilbao,4,4,1x2,0,away,4.2,1
b3blVXsJ,Manchester Utd,Ath Bilbao,4,4,ou,0.50,over,1.07,1
b3blVXsJ,Manchester Utd,Ath Bilbao,4,4,ou,0.50,under,14.0,1
b3blVXsJ,Manchester Utd,Ath Bilbao,4,4,ou,1.50,over,1.31,1
b3blVXsJ,Manchester Utd,Ath Bilbao,4,4,ou,1.50,under,4.0,1
b3blVXsJ,Manchester Utd,Ath Bilbao,4,4,ou,2.50,over,1.92,1
b3blVXsJ,Manchester Utd,Ath Bilbao,4,4,ou,2.50,under,2.06,1
b3blVXsJ,Manchester Utd,Ath Bilbao,4,4,ou,3.50,over,3.35,1
b3blVXsJ,Manchester Utd,Ath Bilbao,4,4,ou,3.50,under,1.39,1
b3blVXsJ,Manchester Utd,Ath Bilbao,4,4,ou,4.50,over,6.8,1
b3blVXsJ,Manchester Utd,Ath Bilbao,4,4,ou,4.50,under,1.15,1
b3blVXsJ,Manchester Utd,Ath Bilbao,4,4,ou,5.50,over,15.5,1
b3blVXsJ,Manchester Utd,Ath Bilbao,4,4,ou,5.50,under,1.05,1
b3blVXsJ,Manchester Utd,Ath Bilbao,4,4,ou,6.50,over,42.0,1
b3blVXsJ,Manchester Utd,Ath Bilbao,4,4,hc,0,home,1.45,1
b3blVXsJ,Manchester Utd,Ath Bilbao,4,4,hc,0,away,3.13,1
b3blVXsJ,Manchester Utd,Ath Bilbao,4,4,hc,-0.50,home,1.96,1
b3blVXsJ,Manchester Utd,Ath Bilbao,4,4,hc,-0.50,away,2.03,1
b3blVXsJ,Manchester Utd,Ath Bilbao,4,4,hc,0.50,home,1.3,1
b3blVXsJ,Manchester Utd,Ath Bilbao,4,4,hc,0.50,away,4.2,1
b3blVXsJ,Manchester Utd,Ath Bilbao,4,4,hc,-0.75,home,2.26,1
b3blVXsJ,Manchester Utd,Ath Bilbao,4,4,hc,-0.75,away,1.77,1
b3blVXsJ,Manchester Utd,Ath Bilbao,4,4,hc,0.75,home,1.21,1
b3blVXsJ,Manchester Utd,Ath Bilbao,4,4,hc,0.75,away,5.54,1
b3blVXsJ,Manchester Utd,Ath Bilbao,4,4,hc,-1.00,home,2.85,1
b3blVXsJ,Manchester Utd,Ath Bilbao,4,4,hc,-1.00,away,1.51,1
b3blVXsJ,Manchester Utd,Ath Bilbao,4,4,hc,1.00,home,1.11,1
b3blVXsJ,Manchester Utd,Ath Bilbao,4,4,hc,1.00,away,8.85,1
b3blVXsJ,Manchester Utd,Ath Bilbao,4,4,hc,-1.25,home,3.29,1
b3blVXsJ,Manchester Utd,Ath Bilbao,4,4,hc,-1.25,away,1.41,1
b3blVXsJ,Manchester Utd,Ath Bilbao,4,4,hc,1.25,home,1.1,1
b3blVXsJ,Manchester Utd,Ath Bilbao,4,4,hc,1.25,away,9.58,1
b3blVXsJ,Manchester Utd,Ath Bilbao,4,4,hc,-1.50,home,3.75,1
b3blVXsJ,Manchester Utd,Ath Bilbao,4,4,hc,-1.50,away,1.34,1
b3blVXsJ,Manchester Utd,Ath Bilbao,4,4,hc,1.50,home,1.09,1
b3blVXsJ,Manchester Utd,Ath Bilbao,4,4,hc,1.50,away,10.31,1
b3blVXsJ,Manchester Utd,Ath Bilbao,4,4,hc,-1.75,home,4.86,1
b3blVXsJ,Manchester Utd,Ath Bilbao,4,4,hc,-1.75,away,1.23,1
b3blVXsJ,Manchester Utd,Ath Bilbao,4,4,hc,1.75,home,1.06,1
b3blVXsJ,Manchester Utd,Ath Bilbao,4,4,hc,1.75,away,14.73,1
b3blVXsJ,Manchester Utd,Ath Bilbao,4,4,hc,-2.00,home,7.47,1
b3blVXsJ,Manchester Utd,Ath Bilbao,4,4,hc,-2.00,away,1.13,1
b3blVXsJ,Manchester Utd,Ath Bilbao,4,4,hc,2.00,home,1.03,1
b3blVXsJ,Manchester Utd,Ath Bilbao,4,4,hc,2.00,away,26.47,1
b3blVXsJ,Manchester Utd,Ath Bilbao,4,4,hc,-2.25,home,8.13,1
b3blVXsJ,Manchester Utd,Ath Bilbao,4,4,hc,-2.25,away,1.12,1
b3blVXsJ,Manchester Utd,Ath Bilbao,4,4,hc,2.25,home,1.03,1
b3blVXsJ,Manchester Utd,Ath Bilbao,4,4,hc,2.25,away,27.36,1
b3blVXsJ,Manchester Utd,Ath Bilbao,4,4,hc,-2.50,home,8.8,1
b3blVXsJ,Manchester Utd,Ath Bilbao,4,4,hc,-2.50,away,1.11,1
b3blVXsJ,Manchester Utd,Ath Bilbao,4,4,hc,2.50,home,1.03,1
b3blVXsJ,Manchester Utd,Ath Bilbao,4,4,hc,2.50,away,28.24,1
b3blVXsJ,Manchester Utd,Ath Bilbao,4,4,hc,-2.75,home,12.41,1
b3blVXsJ,Manchester Utd,Ath Bilbao,4,4,hc,-2.75,away,1.07,1
b3blVXsJ,Manchester Utd,Ath Bilbao,4,4,hc,2.75,home,1.02,1
b3blVXsJ,Manchester Utd,Ath Bilbao,4,4,hc,2.75,away,38.31,1
b3blVXsJ,Manchester Utd,Ath Bilbao,4,4,hc,-3.00,home,20.07,1
b3blVXsJ,Manchester Utd,Ath Bilbao,4,4,hc,-3.00,away,1.03,1
b3blVXsJ,Manchester Utd,Ath Bilbao,4,4,hc,3.00,away,71.73,1
b3blVXsJ,Manchester Utd,Ath Bilbao,4,4,hc,-3.25,home,20.79,1
b3blVXsJ,Manchester Utd,Ath Bilbao,4,4,hc,-3.25,away,1.03,1
b3blVXsJ,Manchester Utd,Ath Bilbao,4,4,hc,3.25,away,72.5,1
b3blVXsJ,Manchester Utd,Ath Bilbao,4,4,hc,-3.50,home,21.29,1
b3blVXsJ,Manchester Utd,Ath Bilbao,4,4,hc,-3.50,away,1.03,1
b3blVXsJ,Manchester Utd,Ath Bilbao,4,4,hc,3.50,away,65.0,1
b3blVXsJ,Manchester Utd,Ath Bilbao,4,4,hc,-3.75,home,21.29,1
b3blVXsJ,Manchester Utd,Ath Bilbao,4,4,hc,-0.25,home,1.7,1
b3blVXsJ,Manchester Utd,Ath Bilbao,4,4,hc,-0.25,away,2.38,1
b3blVXsJ,Manchester Utd,Ath Bilbao,4,4,hc,0.25,home,1.36,1
b3blVXsJ,Manchester Utd,Ath Bilbao,4,4,hc,0.25,away,3.66,1
b3blVXsJ,Manchester Utd,Ath Bilbao,4,4,dc,0,home/draw,1.3,1
b3blVXsJ,Manchester Utd,Ath Bilbao,4,4,dc,0,home/away,1.33,1
b3blVXsJ,Manchester Utd,Ath Bilbao,4,4,dc,0,draw/away,2.02,1
Is88zTJb,Bodo/Glimt,Tottenham,0,0,1x2,0,home,2.68,1
Is88zTJb,Bodo/Glimt,Tottenham,0,0,1x2,0,draw,4.1,1
Is88zTJb,Bodo/Glimt,Tottenham,0,0,1x2,0,away,2.56,1
Is88zTJb,Bodo/Glimt,Tottenham,0,0,ou,0.50,over,1.04,1
Is88zTJb,Bodo/Glimt,Tottenham,0,0,ou,0.50,under,21.0,1
Is88zTJb,Bodo/Glimt,Tottenham,0,0,ou,1.50,over,1.21,1
Is88zTJb,Bodo/Glimt,Tottenham,0,0,ou,1.50,under,5.5,1
Is88zTJb,Bodo/Glimt,Tottenham,0,0,ou,2.50,over,1.65,1
Is88zTJb,Bodo/Glimt,Tottenham,0,0,ou,2.50,under,2.48,1
Is88zTJb,Bodo/Glimt,Tottenham,0,0,ou,3.50,over,2.56,1
Is88zTJb,Bodo/Glimt,Tottenham,0,0,ou,3.50,under,1.6,1
Is88zTJb,Bodo/Glimt,Tottenham,0,0,ou,4.50,over,4.7,1
Is88zTJb,Bodo/Glimt,Tottenham,0,0,ou,4.50,under,1.25,1
Is88zTJb,Bodo/Glimt,Tottenham,0,0,ou,5.50,over,10.0,1
Is88zTJb,Bodo/Glimt,Tottenham,0,0,ou,5.50,under,1.1,1
Is88zTJb,Bodo/Glimt,Tottenham,0,0,ou,6.50,over,18.0,1
Is88zTJb,Bodo/Glimt,Tottenham,0,0,ou,6.50,under,1.03,1
Is88zTJb,Bodo/Glimt,Tottenham,0,0,ou,7.50,over,42.0,1
Is88zTJb,Bodo/Glimt,Tottenham,0,0,hc,0,home,2.03,1
Is88zTJb,Bodo/Glimt,Tottenham,0,0,hc,0,away,1.94,1
Is88zTJb,Bodo/Glimt,Tottenham,0,0,hc,-0.50,home,2.68,1
Is88zTJb,Bodo/Glimt,Tottenham,0,0,hc,-0.50,away,1.58,1
Is88zTJb,Bodo/Glimt,Tottenham,0,0,hc,0.50,home,1.62,1
Is88zTJb,Bodo/Glimt,Tottenham,0,0,hc,0.50,away,2.56,1
Is88zTJb,Bodo/Glimt,Tottenham,0,0,hc,-0.75,home,3.21,1
Is88zTJb,Bodo/Glimt,Tottenham,0,0,hc,-0.75,away,1.43,1
Is88zTJb,Bodo/Glimt,Tottenham,0,0,hc,0.75,home,1.46,1
Is88zTJb,Bodo/Glimt,Tottenham,0,0,hc,0.75,away,3.07,1
Is88zTJb,Bodo/Glimt,Tottenham,0,0,hc,-1.00,home,4.25,1
Is88zTJb,Bodo/Glimt,Tottenham,0,0,hc,-1.00,away,1.29,1
Is88zTJb,Bodo/Glimt,Tottenham,0,0,hc,1.00,home,1.3,1
Is88zTJb,Bodo/Glimt,Tottenham,0,0,hc,1.00,away,4.04,1
Is88zTJb,Bodo/Glimt,Tottenham,0,0,hc,-1.25,home,4.72,1
Is88zTJb,Bodo/Glimt,Tottenham,0,0,hc,-1.25,away,1.25,1
Is88zTJb,Bodo/Glimt,Tottenham,0,0,hc,1.25,home,1.26,1
Is88zTJb,Bodo/Glimt,Tottenham,0,0,hc,1.25,away,4.52,1
Is88zTJb,Bodo/Glimt,Tottenham,0,0,hc,-1.50,home,5.2,1
Is88zTJb,Bodo/Glimt,Tottenham,0,0,hc,-1.50,away,1.22,1
Is88zTJb,Bodo/Glimt,Tottenham,0,0,hc,1.50,home,1.23,1
Is88zTJb,Bodo/Glimt,Tottenham,0,0,hc,1.50,away,5.0,1
Is88zTJb,Bodo/Glimt,Tottenham,0,0,hc,-1.75,home,6.93,1
Is88zTJb,Bodo/Glimt,Tottenham,0,0,hc,-1.75,away,1.16,1
Is88zTJb,Bodo/Glimt,Tottenham,0,0,hc,1.75,home,1.16,1
Is88zTJb,Bodo/Glimt,Tottenham,0,0,hc,1.75,away,6.66,1
Is88zTJb,Bodo/Glimt,Tottenham,0,0,hc,-2.00,home,11.09,1
Is88zTJb,Bodo/Glimt,Tottenham,0,0,hc,-2.00,away,1.08,1
Is88zTJb,Bodo/Glimt,Tottenham,0,0,hc,2.00,home,1.09,1
Is88zTJb,Bodo/Glimt,Tottenham,0,0,hc,2.00,away,10.71,1
Is88zTJb,Bodo/Glimt,Tottenham,0,0,hc,-2.25,home,11.79,1
Is88zTJb,Bodo/Glimt,Tottenham,0,0,hc,-2.25,away,1.08,1
Is88zTJb,Bodo/Glimt,Tottenham,0,0,hc,2.25,home,1.08,1
Is88zTJb,Bodo/Glimt,Tottenham,0,0,hc,2.25,away,11.41,1
Is88zTJb,Bodo/Glimt,Tottenham,0,0,hc,-2.50,home,12.5,1
Is88zTJb,Bodo/Glimt,Tottenham,0,0,hc,-2.50,away,1.07,1
Is88zTJb,Bodo/Glimt,Tottenham,0,0,hc,2.50,home,1.08,1
Is88zTJb,Bodo/Glimt,Tottenham,0,0,hc,2.50,away,12.11,1
Is88zTJb,Bodo/Glimt,Tottenham,0,0,hc,-2.75,home,18.07,1
Is88zTJb,Bodo/Glimt,Tottenham,0,0,hc,-2.75,away,1.05,1
Is88zTJb,Bodo/Glimt,Tottenham,0,0,hc,2.75,home,1.05,1
Is88zTJb,Bodo/Glimt,Tottenham,0,0,hc,2.75,away,17.38,1
Is88zTJb,Bodo/Glimt,Tottenham,0,0,hc,-3.00,home,30.46,1
Is88zTJb,Bodo/Glimt,Tottenham,0,0,hc,-3.00,away,1.02,1
Is88zTJb,Bodo/Glimt,Tottenham,0,0,hc,3.00,home,1.02,1
Is88zTJb,Bodo/Glimt,Tottenham,0,0,hc,3.00,away,27.6,1
Is88zTJb,Bodo/Glimt,Tottenham,0,0,hc,-3.25,home,31.23,1
Is88zTJb,Bodo/Glimt,Tottenham,0,0,hc,-3.25,away,1.02,1
Is88zTJb,Bodo/Glimt,Tottenham,0,0,hc,3.25,home,1.02,1
Is88zTJb,Bodo/Glimt,Tottenham,0,0,hc,3.25,away,28.3,1
Is88zTJb,Bodo/Glimt,Tottenham,0,0,hc,-3.50,home,32.0,1
Is88zTJb,Bodo/Glimt,Tottenham,0,0,hc,-3.50,away,1.02,1
Is88zTJb,Bodo/Glimt,Tottenham,0,0,hc,3.50,home,1.02,1
Is88zTJb,Bodo/Glimt,Tottenham,0,0,hc,3.50,away,29.0,1
Is88zTJb,Bodo/Glimt,Tottenham,0,0,hc,-3.75,home,32.0,1
Is88zTJb,Bodo/Glimt,Tottenham,0,0,hc,3.75,away,29.0,1
Is88zTJb,Bodo/Glimt,Tottenham,0,0,hc,-0.25,home,2.35,1
Is88zTJb,Bodo/Glimt,Tottenham,0,0,hc,-0.25,away,1.71,1
Is88zTJb,Bodo/Glimt,Tottenham,0,0,hc,0.25,home,1.77,1
Is88zTJb,Bodo/Glimt,Tottenham,0,0,hc,0.25,away,2.25,1
Is88zTJb,Bodo/Glimt,Tottenham,0,0,dc,0,home/draw,1.62,1
Is88zTJb,Bodo/Glimt,Tottenham,0,0,dc,0,home/away,1.31,1
Is88zTJb,Bodo/Glimt,Tottenham,0,0,dc,0,draw/away,1.58,1
xlAuXgD6,Ath Bilbao,Manchester Utd,0,0,1x2,0,home,2.34,1
xlAuXgD6,Ath Bilbao,Manchester Utd,0,0,1x2,0,draw,3.3,1
xlAuXgD6,Ath Bilbao,Manchester Utd,0,0,1x2,0,away,3.6,1
xlAuXgD6,Ath Bilbao,Manchester Utd,0,0,ou,0.50,over,1.11,1
xlAuXgD6,Ath Bilbao,Manchester Utd,0,0,ou,0.50,under,9.6,1
xlAuXgD6,Ath Bilbao,Manchester Utd,0,0,ou,1.50,over,1.47,1
xlAuXgD6,Ath Bilbao,Manchester Utd,0,0,ou,1.50,under,3.05,1
xlAuXgD6,Ath Bilbao,Manchester Utd,0,0,ou,2.50,over,2.46,1
xlAuXgD6,Ath Bilbao,Manchester Utd,0,0,ou,2.50,under,1.67,1
xlAuXgD6,Ath Bilbao,Manchester Utd,0,0,ou,3.50,over,4.8,1
xlAuXgD6,Ath Bilbao,Manchester Utd,0,0,ou,3.50,under,1.25,1
xlAuXgD6,Ath Bilbao,Manchester Utd,0,0,ou,4.50,over,11.5,1
xlAuXgD6,Ath Bilbao,Manchester Utd,0,0,ou,4.50,under,1.09,1
xlAuXgD6,Ath Bilbao,Manchester Utd,0,0,ou,5.50,over,30.0,1
xlAuXgD6,Ath Bilbao,Manchester Utd,0,0,ou,5.50,under,1.03,1
xlAuXgD6,Ath Bilbao,Manchester Utd,0,0,ou,6.50,over,90.0,1
xlAuXgD6,Ath Bilbao,Manchester Utd,0,0,hc,0,home,1.64,1
xlAuXgD6,Ath Bilbao,Manchester Utd,0,0,hc,0,away,2.54,1
xlAuXgD6,Ath Bilbao,Manchester Utd,0,0,hc,0.50,home,1.37,1
xlAuXgD6,Ath Bilbao,Manchester Utd,0,0,hc,0.50,away,3.65,1
xlAuXgD6,Ath Bilbao,Manchester Utd,0,0,hc,-0.50,home,2.35,1
xlAuXgD6,Ath Bilbao,Manchester Utd,0,0,hc,-0.50,away,1.73,1
xlAuXgD6,Ath Bilbao,Manchester Utd,0,0,hc,0.75,home,1.25,1
xlAuXgD6,Ath Bilbao,Manchester Utd,0,0,hc,0.75,away,4.89,1
xlAuXgD6,Ath Bilbao,Manchester Utd,0,0,hc,-0.75,home,2.84,1
xlAuXgD6,Ath Bilbao,Manchester Utd,0,0,hc,-0.75,away,1.53,1
xlAuXgD6,Ath Bilbao,Manchester Utd,0,0,hc,1.00,home,1.13,1
xlAuXgD6,Ath Bilbao,Manchester Utd,0,0,hc,1.00,away,8.32,1
xlAuXgD6,Ath Bilbao,Manchester Utd,0,0,hc,-1.00,home,3.87,1
xlAuXgD6,Ath Bilbao,Manchester Utd,0,0,hc,-1.00,away,1.33,1
xlAuXgD6,Ath Bilbao,Manchester Utd,0,0,hc,1.25,home,1.11,1
xlAuXgD6,Ath Bilbao,Manchester Utd,0,0,hc,1.25,away,9.2,1
xlAuXgD6,Ath Bilbao,Manchester Utd,0,0,hc,-1.25,home,4.43,1
xlAuXgD6,Ath Bilbao,Manchester Utd,0,0,hc,-1.25,away,1.27,1
xlAuXgD6,Ath Bilbao,Manchester Utd,0,0,hc,1.50,home,1.1,1
xlAuXgD6,Ath Bilbao,Manchester Utd,0,0,hc,1.50,away,10.09,1
xlAuXgD6,Ath Bilbao,Manchester Utd,0,0,hc,-1.50,home,5.0,1
xlAuXgD6,Ath Bilbao,Manchester Utd,0,0,hc,-1.50,away,1.23,1
xlAuXgD6,Ath Bilbao,Manchester Utd,0,0,hc,1.75,home,1.06,1
xlAuXgD6,Ath Bilbao,Manchester Utd,0,0,hc,1.75,away,15.36,1
xlAuXgD6,Ath Bilbao,Manchester Utd,0,0,hc,-1.75,home,6.94,1
xlAuXgD6,Ath Bilbao,Manchester Utd,0,0,hc,-1.75,away,1.15,1
xlAuXgD6,Ath Bilbao,Manchester Utd,0,0,hc,2.00,home,1.02,1
xlAuXgD6,Ath Bilbao,Manchester Utd,0,0,hc,2.00,away,35.23,1
xlAuXgD6,Ath Bilbao,Manchester Utd,0,0,hc,-2.00,home,12.63,1
xlAuXgD6,Ath Bilbao,Manchester Utd,0,0,hc,-2.00,away,1.07,1
xlAuXgD6,Ath Bilbao,Manchester Utd,0,0,hc,2.25,home,1.02,1
xlAuXgD6,Ath Bilbao,Manchester Utd,0,0,hc,2.25,away,36.61,1
xlAuXgD6,Ath Bilbao,Manchester Utd,0,0,hc,-2.25,home,13.56,1
xlAuXgD6,Ath Bilbao,Manchester Utd,0,0,hc,-2.25,away,1.07,1
xlAuXgD6,Ath Bilbao,Manchester Utd,0,0,hc,2.50,home,1.02,1
xlAuXgD6,Ath Bilbao,Manchester Utd,0,0,hc,2.50,away,38.0,1
xlAuXgD6,Ath Bilbao,Manchester Utd,0,0,hc,-2.50,home,14.5,1
xlAuXgD6,Ath Bilbao,Manchester Utd,0,0,hc,-2.50,away,1.06,1
xlAuXgD6,Ath Bilbao,Manchester Utd,0,0,hc,2.75,away,61.48,1
xlAuXgD6,Ath Bilbao,Manchester Utd,0,0,hc,-2.75,home,21.93,1
xlAuXgD6,Ath Bilbao,Manchester Utd,0,0,hc,-2.75,away,1.04,1
xlAuXgD6,Ath Bilbao,Manchester Utd,0,0,hc,-3.00,home,47.55,1
xlAuXgD6,Ath Bilbao,Manchester Utd,0,0,hc,-3.25,home,48.77,1
xlAuXgD6,Ath Bilbao,Manchester Utd,0,0,hc,-3.50,home,50.0,1
xlAuXgD6,Ath Bilbao,Manchester Utd,0,0,hc,-3.75,home,50.0,1
xlAuXgD6,Ath Bilbao,Manchester Utd,0,0,hc,0.25,home,1.47,1
xlAuXgD6,Ath Bilbao,Manchester Utd,0,0,hc,0.25,away,3.09,1
xlAuXgD6,Ath Bilbao,Manchester Utd,0,0,hc,-0.25,home,2.0,1
xlAuXgD6,Ath Bilbao,Manchester Utd,0,0,hc,-0.25,away,1.99,1
xlAuXgD6,Ath Bilbao,Manchester Utd,0,0,dc,0,home/draw,1.37,1
xlAuXgD6,Ath Bilbao,Manchester Utd,0,0,dc,0,home/away,1.42,1
xlAuXgD6,Ath Bilbao,Manchester Utd,0,0,dc,0,draw/away,1.73,1
OrFaxkkn,Tottenham,Bodo/Glimt,3,3,1x2,0,home,1.27,1
OrFaxkkn,Tottenham,Bodo/Glimt,3,3,1x2,0,draw,7.2,1
OrFaxkkn,Tottenham,Bodo/Glimt,3,3,1x2,0,away,12.5,1
OrFaxkkn,Tottenham,Bodo/Glimt,3,3,ou,0.50,over,1.02,1
OrFaxkkn,Tottenham,Bodo/Glimt,3,3,ou,0.50,under,34.0,1
OrFaxkkn,Tottenham,Bodo/Glimt,3,3,ou,1.50,over,1.15,1
OrFaxkkn,Tottenham,Bodo/Glimt,3,3,ou,1.50,under,7.2,1
OrFaxkkn,Tottenham,Bodo/Glimt,3,3,ou,2.50,over,1.48,1
OrFaxkkn,Tottenham,Bodo/Glimt,3,3,ou,2.50,under,3.0,1
OrFaxkkn,Tottenham,Bodo/Glimt,3,3,ou,3.50,over,2.2,1
OrFaxkkn,Tottenham,Bodo/Glimt,3,3,ou,3.50,under,1.8,1
OrFaxkkn,Tottenham,Bodo/Glimt,3,3,ou,4.50,over,3.9,1
OrFaxkkn,Tottenham,Bodo/Glimt,3,3,ou,4.50,under,1.34,1
OrFaxkkn,Tottenham,Bodo/Glimt,3,3,ou,5.50,over,7.4,1
OrFaxkkn,Tottenham,Bodo/Glimt,3,3,ou,5.50,under,1.14,1
OrFaxkkn,Tottenham,Bodo/Glimt,3,3,ou,6.50,over,16.5,1
OrFaxkkn,Tottenham,Bodo/Glimt,3,3,ou,6.50,under,1.06,1
OrFaxkkn,Tottenham,Bodo/Glimt,3,3,ou,7.50,over,36.0,1
OrFaxkkn,Tottenham,Bodo/Glimt,3,3,ou,7.50,under,1.02,1
OrFaxkkn,Tottenham,Bodo/Glimt,3,3,hc,0,home,1.09,1
OrFaxkkn,Tottenham,Bodo/Glimt,3,3,hc,0,away,10.76,1
OrFaxkkn,Tottenham,Bodo/Glimt,3,3,hc,0.50,home,1.08,1
OrFaxkkn,Tottenham,Bodo/Glimt,3,3,hc,0.50,away,12.5,1
OrFaxkkn,Tottenham,Bodo/Glimt,3,3,hc,-0.50,home,1.27,1
OrFaxkkn,Tottenham,Bodo/Glimt,3,3,hc,-0.50,away,4.57,1
OrFaxkkn,Tottenham,Bodo/Glimt,3,3,hc,0.75,home,1.05,1
OrFaxkkn,Tottenham,Bodo/Glimt,3,3,hc,0.75,away,17.81,1
OrFaxkkn,Tottenham,Bodo/Glimt,3,3,hc,-0.75,home,1.31,1
OrFaxkkn,Tottenham,Bodo/Glimt,3,3,hc,-0.75,away,4.07,1
OrFaxkkn,Tottenham,Bodo/Glimt,3,3,hc,1.00,home,1.02,1
OrFaxkkn,Tottenham,Bodo/Glimt,3,3,hc,1.00,away,32.28,1
OrFaxkkn,Tottenham,Bodo/Glimt,3,3,hc,-1.00,home,1.38,1
OrFaxkkn,Tottenham,Bodo/Glimt,3,3,hc,-1.00,away,3.56,1
OrFaxkkn,Tottenham,Bodo/Glimt,3,3,hc,1.25,home,1.02,1
OrFaxkkn,Tottenham,Bodo/Glimt,3,3,hc,1.25,away,33.14,1
OrFaxkkn,Tottenham,Bodo/Glimt,3,3,hc,-1.25,home,1.57,1
OrFaxkkn,Tottenham,Bodo/Glimt,3,3,hc,-1.25,away,2.7,1
OrFaxkkn,Tottenham,Bodo/Glimt,3,3,hc,1.50,home,1.02,1
OrFaxkkn,Tottenham,Bodo/Glimt,3,3,hc,1.50,away,33.79,1
OrFaxkkn,Tottenham,Bodo/Glimt,3,3,hc,-1.50,home,1.76,1
OrFaxkkn,Tottenham,Bodo/Glimt,3,3,hc,-1.50,away,2.27,1
OrFaxkkn,Tottenham,Bodo/Glimt,3,3,hc,1.75,away,50.77,1
OrFaxkkn,Tottenham,Bodo/Glimt,3,3,hc,-1.75,home,1.96,1
OrFaxkkn,Tottenham,Bodo/Glimt,3,3,hc,-1.75,away,2.02,1
OrFaxkkn,Tottenham,Bodo/Glimt,3,3,hc,-2.00,home,2.25,1
OrFaxkkn,Tottenham,Bodo/Glimt,3,3,hc,-2.00,away,1.76,1
OrFaxkkn,Tottenham,Bodo/Glimt,3,3,hc,-2.25,home,2.55,1
OrFaxkkn,Tottenham,Bodo/Glimt,3,3,hc,-2.25,away,1.61,1
OrFaxkkn,Tottenham,Bodo/Glimt,3,3,hc,-2.50,home,2.86,1
OrFaxkkn,Tottenham,Bodo/Glimt,3,3,hc,-2.50,away,1.5,1
OrFaxkkn,Tottenham,Bodo/Glimt,3,3,hc,-2.75,home,3.43,1
OrFaxkkn,Tottenham,Bodo/Glimt,3,3,hc,-2.75,away,1.37,1
OrFaxkkn,Tottenham,Bodo/Glimt,3,3,hc,-3.00,home,4.51,1
OrFaxkkn,Tottenham,Bodo/Glimt,3,3,hc,-3.00,away,1.25,1
OrFaxkkn,Tottenham,Bodo/Glimt,3,3,hc,-3.25,home,4.95,1
OrFaxkkn,Tottenham,Bodo/Glimt,3,3,hc,-3.25,away,1.22,1
OrFaxkkn,Tottenham,Bodo/Glimt,3,3,hc,-3.50,home,5.4,1
OrFaxkkn,Tottenham,Bodo/Glimt,3,3,hc,-3.50,away,1.2,1
OrFaxkkn,Tottenham,Bodo/Glimt,3,3,hc,-3.75,home,7.06,1
OrFaxkkn,Tottenham,Bodo/Glimt,3,3,hc,-3.75,away,1.12,1
OrFaxkkn,Tottenham,Bodo/Glimt,3,3,hc,-4.00,home,8.47,1
OrFaxkkn,Tottenham,Bodo/Glimt,3,3,hc,-4.00,away,1.04,1
OrFaxkkn,Tottenham,Bodo/Glimt,3,3,hc,0.25,home,1.08,1
OrFaxkkn,Tottenham,Bodo/Glimt,3,3,hc,0.25,away,11.63,1
OrFaxkkn,Tottenham,Bodo/Glimt,3,3,hc,-0.25,home,1.18,1
OrFaxkkn,Tottenham,Bodo/Glimt,3,3,hc,-0.25,away,6.23,1
OrFaxkkn,Tottenham,Bodo/Glimt,3,3,dc,0,home/draw,1.08,1
OrFaxkkn,Tottenham,Bodo/Glimt,3,3,dc,0,home/away,1.15,1
OrFaxkkn,Tottenham,Bodo/Glimt,3,3,dc,0,draw/away,4.5,1
pOdNWTU6,Ath Bilbao,Rangers,2,2,1x2,0,home,1.35,1
pOdNWTU6,Ath Bilbao,Rangers,2,2,1x2,0,draw,5.8,1
pOdNWTU6,Ath Bilbao,Rangers,2,2,1x2,0,away,10.5,1
pOdNWTU6,Ath Bilbao,Rangers,2,2,ou,0.50,over,1.05,1
pOdNWTU6,Ath Bilbao,Rangers,2,2,ou,0.50,under,20.0,1
pOdNWTU6,Ath Bilbao,Rangers,2,2,ou,1.50,over,1.21,1
pOdNWTU6,Ath Bilbao,Rangers,2,2,ou,1.50,under,5.5,1
pOdNWTU6,Ath Bilbao,Rangers,2,2,ou,2.50,over,1.66,1
pOdNWTU6,Ath Bilbao,Rangers,2,2,ou,2.50,under,2.48,1
pOdNWTU6,Ath Bilbao,Rangers,2,2,ou,3.50,over,2.68,1
pOdNWTU6,Ath Bilbao,Rangers,2,2,ou,3.50,under,1.58,1
pOdNWTU6,Ath Bilbao,Rangers,2,2,ou,4.50,over,5.1,1
pOdNWTU6,Ath Bilbao,Rangers,2,2,ou,4.50,under,1.23,1
pOdNWTU6,Ath Bilbao,Rangers,2,2,ou,5.50,over,11.0,1
pOdNWTU6,Ath Bilbao,Rangers,2,2,ou,5.50,under,1.09,1
pOdNWTU6,Ath Bilbao,Rangers,2,2,ou,6.50,over,26.0,1
pOdNWTU6,Ath Bilbao,Rangers,2,2,ou,6.50,under,1.03,1
pOdNWTU6,Ath Bilbao,Rangers,2,2,ou,7.50,over,65.0,1
pOdNWTU6,Ath Bilbao,Rangers,2,2,hc,0,home,1.12,1
pOdNWTU6,Ath Bilbao,Rangers,2,2,hc,0,away,8.72,1
pOdNWTU6,Ath Bilbao,Rangers,2,2,hc,-0.50,home,1.35,1
pOdNWTU6,Ath Bilbao,Rangers,2,2,hc,-0.50,away,3.77,1
pOdNWTU6,Ath Bilbao,Rangers,2,2,hc,0.50,home,1.1,1
pOdNWTU6,Ath Bilbao,Rangers,2,2,hc,0.50,away,10.5,1
pOdNWTU6,Ath Bilbao,Rangers,2,2,hc,-0.75,home,1.41,1
pOdNWTU6,Ath Bilbao,Rangers,2,2,hc,-0.75,away,3.33,1
pOdNWTU6,Ath Bilbao,Rangers,2,2,hc,0.75,home,1.06,1
pOdNWTU6,Ath Bilbao,Rangers,2,2,hc,0.75,away,15.52,1
pOdNWTU6,Ath Bilbao,Rangers,2,2,hc,-1.00,home,1.51,1
pOdNWTU6,Ath Bilbao,Rangers,2,2,hc,-1.00,away,2.89,1
pOdNWTU6,Ath Bilbao,Rangers,2,2,hc,1.00,home,1.02,1
pOdNWTU6,Ath Bilbao,Rangers,2,2,hc,1.00,away,29.17,1
pOdNWTU6,Ath Bilbao,Rangers,2,2,hc,-1.25,home,1.75,1
pOdNWTU6,Ath Bilbao,Rangers,2,2,hc,-1.25,away,2.31,1
pOdNWTU6,Ath Bilbao,Rangers,2,2,hc,1.25,home,1.02,1
pOdNWTU6,Ath Bilbao,Rangers,2,2,hc,1.25,away,30.14,1
pOdNWTU6,Ath Bilbao,Rangers,2,2,hc,-1.50,home,1.99,1
pOdNWTU6,Ath Bilbao,Rangers,2,2,hc,-1.50,away,2.0,1
pOdNWTU6,Ath Bilbao,Rangers,2,2,hc,1.50,home,1.02,1
pOdNWTU6,Ath Bilbao,Rangers,2,2,hc,1.50,away,31.11,1
pOdNWTU6,Ath Bilbao,Rangers,2,2,hc,-1.75,home,2.27,1
pOdNWTU6,Ath Bilbao,Rangers,2,2,hc,-1.75,away,1.77,1
pOdNWTU6,Ath Bilbao,Rangers,2,2,hc,1.75,away,49.84,1
pOdNWTU6,Ath Bilbao,Rangers,2,2,hc,-2.00,home,2.78,1
pOdNWTU6,Ath Bilbao,Rangers,2,2,hc,-2.00,away,1.54,1
pOdNWTU6,Ath Bilbao,Rangers,2,2,hc,-2.25,home,3.17,1
pOdNWTU6,Ath Bilbao,Rangers,2,2,hc,-2.25,away,1.44,1
pOdNWTU6,Ath Bilbao,Rangers,2,2,hc,-2.50,home,3.57,1
pOdNWTU6,Ath Bilbao,Rangers,2,2,hc,-2.50,away,1.37,1
pOdNWTU6,Ath Bilbao,Rangers,2,2,hc,-2.75,home,4.49,1
pOdNWTU6,Ath Bilbao,Rangers,2,2,hc,-2.75,away,1.27,1
pOdNWTU6,Ath Bilbao,Rangers,2,2,hc,-3.00,home,6.33,1
pOdNWTU6,Ath Bilbao,Rangers,2,2,hc,-3.00,away,1.16,1
pOdNWTU6,Ath Bilbao,Rangers,2,2,hc,-3.25,home,6.86,1
pOdNWTU6,Ath Bilbao,Rangers,2,2,hc,-3.25,away,1.15,1
pOdNWTU6,Ath Bilbao,Rangers,2,2,hc,-3.50,home,7.4,1
pOdNWTU6,Ath Bilbao,Rangers,2,2,hc,-3.50,away,1.13,1
pOdNWTU6,Ath Bilbao,Rangers,2,2,hc,-3.75,home,9.63,1
pOdNWTU6,Ath Bilbao,Rangers,2,2,hc,-3.75,away,1.09,1
pOdNWTU6,Ath Bilbao,Rangers,2,2,hc,-4.00,home,12.35,1
pOdNWTU6,Ath Bilbao,Rangers,2,2,hc,-4.00,away,1.05,1
pOdNWTU6,Ath Bilbao,Rangers,2,2,hc,-0.25,home,1.23,1
pOdNWTU6,Ath Bilbao,Rangers,2,2,hc,-0.25,away,5.08,1
pOdNWTU6,Ath Bilbao,Rangers,2,2,hc,0.25,home,1.11,1
pOdNWTU6,Ath Bilbao,Rangers,2,2,hc,0.25,away,9.61,1
pOdNWTU6,Ath Bilbao,Rangers,2,2,dc,0,home/draw,1.1,1
pOdNWTU6,Ath Bilbao,Rangers,2,2,dc,0,home/away,1.2,1
pOdNWTU6,Ath Bilbao,Rangers,2,2,dc,0,draw/away,3.75,1
d4qHTa8T,Lazio,Bodo/Glimt,3,3,1x2,0,home,1.47,1
d4qHTa8T,Lazio,Bodo/Glimt,3,3,1x2,0,draw,5.4,1
d4qHTa8T,Lazio,Bodo/Glimt,3,3,1x2,0,away,7.2,1
d4qHTa8T,Lazio,Bodo/Glimt,3,3,ou,0.50,over,1.04,1
d4qHTa8T,Lazio,Bodo/Glimt,3,3,ou,0.50,under,25.0,1
d4qHTa8T,Lazio,Bodo/Glimt,3,3,ou,1.50,over,1.2,1
d4qHTa8T,Lazio,Bodo/Glimt,3,3,ou,1.50,under,5.8,1
d4qHTa8T,Lazio,Bodo/Glimt,3,3,ou,2.50,over,1.63,1
d4qHTa8T,Lazio,Bodo/Glimt,3,3,ou,2.50,under,2.52,1
d4qHTa8T,Lazio,Bodo/Glimt,3,3,ou,3.50,over,2.6,1
d4qHTa8T,Lazio,Bodo/Glimt,3,3,ou,3.50,under,1.59,1
d4qHTa8T,Lazio,Bodo/Glimt,3,3,ou,4.50,over,4.8,1
d4qHTa8T,Lazio,Bodo/Glimt,3,3,ou,4.50,under,1.25,1
d4qHTa8T,Lazio,Bodo/Glimt,3,3,ou,5.50,over,10.5,1
d4qHTa8T,Lazio,Bodo/Glimt,3,3,ou,5.50,under,1.09,1
d4qHTa8T,Lazio,Bodo/Glimt,3,3,ou,6.50,over,26.0,1
d4qHTa8T,Lazio,Bodo/Glimt,3,3,ou,6.50,under,1.03,1
d4qHTa8T,Lazio,Bodo/Glimt,3,3,ou,7.50,over,55.0,1
d4qHTa8T,Lazio,Bodo/Glimt,3,3,hc,0,home,1.19,1
d4qHTa8T,Lazio,Bodo/Glimt,3,3,hc,0,away,6.03,1
d4qHTa8T,Lazio,Bodo/Glimt,3,3,hc,-0.50,home,1.46,1
d4qHTa8T,Lazio,Bodo/Glimt,3,3,hc,-0.50,away,3.12,1
d4qHTa8T,Lazio,Bodo/Glimt,3,3,hc,0.50,home,1.15,1
d4qHTa8T,Lazio,Bodo/Glimt,3,3,hc,0.50,away,7.4,1
d4qHTa8T,Lazio,Bodo/Glimt,3,3,hc,-0.75,home,1.56,1
d4qHTa8T,Lazio,Bodo/Glimt,3,3,hc,-0.75,away,2.74,1
d4qHTa8T,Lazio,Bodo/Glimt,3,3,hc,0.75,home,1.1,1
d4qHTa8T,Lazio,Bodo/Glimt,3,3,hc,0.75,away,10.46,1
d4qHTa8T,Lazio,Bodo/Glimt,3,3,hc,-1.00,home,1.72,1
d4qHTa8T,Lazio,Bodo/Glimt,3,3,hc,-1.00,away,2.36,1
d4qHTa8T,Lazio,Bodo/Glimt,3,3,hc,1.00,home,1.04,1
d4qHTa8T,Lazio,Bodo/Glimt,3,3,hc,1.00,away,19.17,1
d4qHTa8T,Lazio,Bodo/Glimt,3,3,hc,-1.25,home,1.99,1
d4qHTa8T,Lazio,Bodo/Glimt,3,3,hc,-1.25,away,1.98,1
d4qHTa8T,Lazio,Bodo/Glimt,3,3,hc,1.25,home,1.04,1
d4qHTa8T,Lazio,Bodo/Glimt,3,3,hc,1.25,away,20.08,1
d4qHTa8T,Lazio,Bodo/Glimt,3,3,hc,-1.50,home,2.27,1
d4qHTa8T,Lazio,Bodo/Glimt,3,3,hc,-1.50,away,1.77,1
d4qHTa8T,Lazio,Bodo/Glimt,3,3,hc,1.50,home,1.04,1
d4qHTa8T,Lazio,Bodo/Glimt,3,3,hc,1.50,away,21.0,1
d4qHTa8T,Lazio,Bodo/Glimt,3,3,hc,-1.75,home,2.65,1
d4qHTa8T,Lazio,Bodo/Glimt,3,3,hc,-1.75,away,1.58,1
d4qHTa8T,Lazio,Bodo/Glimt,3,3,hc,1.75,home,1.02,1
d4qHTa8T,Lazio,Bodo/Glimt,3,3,hc,1.75,away,33.43,1
d4qHTa8T,Lazio,Bodo/Glimt,3,3,hc,-2.00,home,3.36,1
d4qHTa8T,Lazio,Bodo/Glimt,3,3,hc,-2.00,away,1.39,1
d4qHTa8T,Lazio,Bodo/Glimt,3,3,hc,2.00,away,70.64,1
d4qHTa8T,Lazio,Bodo/Glimt,3,3,hc,-2.25,home,3.79,1
d4qHTa8T,Lazio,Bodo/Glimt,3,3,hc,-2.25,away,1.33,1
d4qHTa8T,Lazio,Bodo/Glimt,3,3,hc,2.25,away,71.88,1
d4qHTa8T,Lazio,Bodo/Glimt,3,3,hc,-2.50,home,4.22,1
d4qHTa8T,Lazio,Bodo/Glimt,3,3,hc,-2.50,away,1.28,1
d4qHTa8T,Lazio,Bodo/Glimt,3,3,hc,2.50,away,73.12,1
d4qHTa8T,Lazio,Bodo/Glimt,3,3,hc,-2.75,home,5.42,1
d4qHTa8T,Lazio,Bodo/Glimt,3,3,hc,-2.75,away,1.2,1
d4qHTa8T,Lazio,Bodo/Glimt,3,3,hc,-3.00,home,7.87,1
d4qHTa8T,Lazio,Bodo/Glimt,3,3,hc,-3.00,away,1.12,1
d4qHTa8T,Lazio,Bodo/Glimt,3,3,hc,-3.25,home,8.43,1
d4qHTa8T,Lazio,Bodo/Glimt,3,3,hc,-3.25,away,1.11,1
d4qHTa8T,Lazio,Bodo/Glimt,3,3,hc,-3.50,home,9.0,1
d4qHTa8T,Lazio,Bodo/Glimt,3,3,hc,-3.50,away,1.1,1
d4qHTa8T,Lazio,Bodo/Glimt,3,3,hc,-3.75,home,9.38,1
d4qHTa8T,Lazio,Bodo/Glimt,3,3,hc,-3.75,away,1.07,1
d4qHTa8T,Lazio,Bodo/Glimt,3,3,hc,-4.00,home,9.38,1
d4qHTa8T,Lazio,Bodo/Glimt,3,3,hc,-4.00,away,1.02,1
d4qHTa8T,Lazio,Bodo/Glimt,3,3,hc,-0.25,home,1.32,1
d4qHTa8T,Lazio,Bodo/Glimt,3,3,hc,-0.25,away,3.99,1
d4qHTa8T,Lazio,Bodo/Glimt,3,3,hc,0.25,home,1.17,1
d4qHTa8T,Lazio,Bodo/Glimt,3,3,hc,0.25,away,6.71,1
d4qHTa8T,Lazio,Bodo/Glimt,3,3,dc,0,home/draw,1.15,1
d4qHTa8T,Lazio,Bodo/Glimt,3,3,dc,0,home/away,1.22,1
d4qHTa8T,Lazio,Bodo/Glimt,3,3,dc,0,draw/away,3.1,1
lQKCJPgc,Eintracht Frankfurt,Tottenham,0,0,1x2,0,home,2.56,1
lQKCJPgc,Eintracht Frankfurt,Tottenham,0,0,1x2,0,draw,3.8,1
lQKCJPgc,Eintracht Frankfurt,Tottenham,0,0,1x2,0,away,2.86,1
lQKCJPgc,Eintracht Frankfurt,Tottenham,0,0,ou,0.50,over,1.04,1
lQKCJPgc,Eintracht Frankfurt,Tottenham,0,0,ou,0.50,under,21.0,1
lQKCJPgc,Eintracht Frankfurt,Tottenham,0,0,ou,1.50,over,1.2,1
lQKCJPgc,Eintracht Frankfurt,Tottenham,0,0,ou,1.50,under,5.7,1
lQKCJPgc,Eintracht Frankfurt,Tottenham,0,0,ou,2.50,over,1.64,1
lQKCJPgc,Eintracht Frankfurt,Tottenham,0,0,ou,2.50,under,2.52,1
lQKCJPgc,Eintracht Frankfurt,Tottenham,0,0,ou,3.50,over,2.56,1
lQKCJPgc,Eintracht Frankfurt,Tottenham,0,0,ou,3.50,under,1.62,1
lQKCJPgc,Eintracht Frankfurt,Tottenham,0,0,ou,4.50,over,4.7,1
lQKCJPgc,Eintracht Frankfurt,Tottenham,0,0,ou,4.50,under,1.25,1
lQKCJPgc,Eintracht Frankfurt,Tottenham,0,0,ou,5.50,over,10.0,1
lQKCJPgc,Eintracht Frankfurt,Tottenham,0,0,ou,5.50,under,1.1,1
lQKCJPgc,Eintracht Frankfurt,Tottenham,0,0,ou,6.50,over,23.0,1
lQKCJPgc,Eintracht Frankfurt,Tottenham,0,0,ou,6.50,under,1.04,1
lQKCJPgc,Eintracht Frankfurt,Tottenham,0,0,ou,7.50,over,60.0,1
lQKCJPgc,Eintracht Frankfurt,Tottenham,0,0,hc,0,home,1.9,1
lQKCJPgc,Eintracht Frankfurt,Tottenham,0,0,hc,0,away,2.1,1
lQKCJPgc,Eintracht Frankfurt,Tottenham,0,0,hc,-0.50,home,2.57,1
lQKCJPgc,Eintracht Frankfurt,Tottenham,0,0,hc,-0.50,away,1.63,1
lQKCJPgc,Eintracht Frankfurt,Tottenham,0,0,hc,0.50,home,1.53,1
lQKCJPgc,Eintracht Frankfurt,Tottenham,0,0,hc,0.50,away,2.86,1
lQKCJPgc,Eintracht Frankfurt,Tottenham,0,0,hc,-0.75,home,3.1,1
lQKCJPgc,Eintracht Frankfurt,Tottenham,0,0,hc,-0.75,away,1.46,1
lQKCJPgc,Eintracht Frankfurt,Tottenham,0,0,hc,0.75,home,1.39,1
lQKCJPgc,Eintracht Frankfurt,Tottenham,0,0,hc,0.75,away,3.5,1
lQKCJPgc,Eintracht Frankfurt,Tottenham,0,0,hc,-1.00,home,4.19,1
lQKCJPgc,Eintracht Frankfurt,Tottenham,0,0,hc,-1.00,away,1.3,1
lQKCJPgc,Eintracht Frankfurt,Tottenham,0,0,hc,1.00,home,1.24,1
lQKCJPgc,Eintracht Frankfurt,Tottenham,0,0,hc,1.00,away,4.85,1
lQKCJPgc,Eintracht Frankfurt,Tottenham,0,0,hc,-1.25,home,4.7,1
lQKCJPgc,Eintracht Frankfurt,Tottenham,0,0,hc,-1.25,away,1.26,1
lQKCJPgc,Eintracht Frankfurt,Tottenham,0,0,hc,1.25,home,1.21,1
lQKCJPgc,Eintracht Frankfurt,Tottenham,0,0,hc,1.25,away,5.32,1
lQKCJPgc,Eintracht Frankfurt,Tottenham,0,0,hc,-1.50,home,5.21,1
lQKCJPgc,Eintracht Frankfurt,Tottenham,0,0,hc,-1.50,away,1.23,1
lQKCJPgc,Eintracht Frankfurt,Tottenham,0,0,hc,1.50,home,1.19,1
lQKCJPgc,Eintracht Frankfurt,Tottenham,0,0,hc,1.50,away,5.8,1
lQKCJPgc,Eintracht Frankfurt,Tottenham,0,0,hc,-1.75,home,6.89,1
lQKCJPgc,Eintracht Frankfurt,Tottenham,0,0,hc,-1.75,away,1.16,1
lQKCJPgc,Eintracht Frankfurt,Tottenham,0,0,hc,1.75,home,1.12,1
lQKCJPgc,Eintracht Frankfurt,Tottenham,0,0,hc,1.75,away,8.04,1
lQKCJPgc,Eintracht Frankfurt,Tottenham,0,0,hc,-2.00,home,10.78,1
lQKCJPgc,Eintracht Frankfurt,Tottenham,0,0,hc,-2.00,away,1.09,1
lQKCJPgc,Eintracht Frankfurt,Tottenham,0,0,hc,2.00,home,1.06,1
lQKCJPgc,Eintracht Frankfurt,Tottenham,0,0,hc,2.00,away,13.85,1
lQKCJPgc,Eintracht Frankfurt,Tottenham,0,0,hc,-2.25,home,11.44,1
lQKCJPgc,Eintracht Frankfurt,Tottenham,0,0,hc,-2.25,away,1.08,1
lQKCJPgc,Eintracht Frankfurt,Tottenham,0,0,hc,2.25,home,1.06,1
lQKCJPgc,Eintracht Frankfurt,Tottenham,0,0,hc,2.25,away,14.67,1
lQKCJPgc,Eintracht Frankfurt,Tottenham,0,0,hc,-2.50,home,12.11,1
lQKCJPgc,Eintracht Frankfurt,Tottenham,0,0,hc,-2.50,away,1.08,1
lQKCJPgc,Eintracht Frankfurt,Tottenham,0,0,hc,2.50,home,1.06,1
lQKCJPgc,Eintracht Frankfurt,Tottenham,0,0,hc,2.50,away,15.5,1
lQKCJPgc,Eintracht Frankfurt,Tottenham,0,0,hc,-2.75,home,16.67,1
lQKCJPgc,Eintracht Frankfurt,Tottenham,0,0,hc,-2.75,away,1.05,1
lQKCJPgc,Eintracht Frankfurt,Tottenham,0,0,hc,2.75,home,1.03,1
lQKCJPgc,Eintracht Frankfurt,Tottenham,0,0,hc,2.75,away,22.44,1
lQKCJPgc,Eintracht Frankfurt,Tottenham,0,0,hc,-3.00,home,27.6,1
lQKCJPgc,Eintracht Frankfurt,Tottenham,0,0,hc,-3.00,away,1.02,1
lQKCJPgc,Eintracht Frankfurt,Tottenham,0,0,hc,3.00,away,42.25,1
lQKCJPgc,Eintracht Frankfurt,Tottenham,0,0,hc,-3.25,home,28.3,1
lQKCJPgc,Eintracht Frankfurt,Tottenham,0,0,hc,-3.25,away,1.02,1
lQKCJPgc,Eintracht Frankfurt,Tottenham,0,0,hc,3.25,away,43.12,1
lQKCJPgc,Eintracht Frankfurt,Tottenham,0,0,hc,-3.50,home,29.0,1
lQKCJPgc,Eintracht Frankfurt,Tottenham,0,0,hc,-3.50,away,1.02,1
lQKCJPgc,Eintracht Frankfurt,Tottenham,0,0,hc,3.50,away,44.0,1
lQKCJPgc,Eintracht Frankfurt,Tottenham,0,0,hc,-3.75,home,29.0,1
lQKCJPgc,Eintracht Frankfurt,Tottenham,0,0,hc,-0.25,home,2.23,1
lQKCJPgc,Eintracht Frankfurt,Tottenham,0,0,hc,-0.25,away,1.8,1
lQKCJPgc,Eintracht Frankfurt,Tottenham,0,0,hc,0.25,home,1.67,1
lQKCJPgc,Eintracht Frankfurt,Tottenham,0,0,hc,0.25,away,2.48,1
lQKCJPgc,Eintracht Frankfurt,Tottenham,0,0,dc,0,home/draw,1.53,1
lQKCJPgc,Eintracht Frankfurt,Tottenham,0,0,dc,0,home/away,1.35,1
lQKCJPgc,Eintracht Frankfurt,Tottenham,0,0,dc,0,draw/away,1.63,1
MibgW2w3,Manchester Utd,Lyon,5,5,1x2,0,home,1.73,1
MibgW2w3,Manchester Utd,Lyon,5,5,1x2,0,draw,4.3,1
MibgW2w3,Manchester Utd,Lyon,5,5,1x2,0,away,5.1,1
MibgW2w3,Manchester Utd,Lyon,5,5,ou,0.50,over,1.05,1
MibgW2w3,Manchester Utd,Lyon,5,5,ou,0.50,under,19.0,1
MibgW2w3,Manchester Utd,Lyon,5,5,ou,1.50,over,1.23,1
MibgW2w3,Manchester Utd,Lyon,5,5,ou,1.50,under,5.3,1
MibgW2w3,Manchester Utd,Lyon,5,5,ou,2.50,over,1.69,1
MibgW2w3,Manchester Utd,Lyon,5,5,ou,2.50,under,2.44,1
MibgW2w3,Manchester Utd,Lyon,5,5,ou,3.50,over,2.72,1
MibgW2w3,Manchester Utd,Lyon,5,5,ou,3.50,under,1.57,1
MibgW2w3,Manchester Utd,Lyon,5,5,ou,4.50,over,5.2,1
MibgW2w3,Manchester Utd,Lyon,5,5,ou,4.50,under,1.23,1
MibgW2w3,Manchester Utd,Lyon,5,5,ou,5.50,over,12.0,1
MibgW2w3,Manchester Utd,Lyon,5,5,ou,5.50,under,1.08,1
MibgW2w3,Manchester Utd,Lyon,5,5,ou,6.50,over,28.0,1
MibgW2w3,Manchester Utd,Lyon,5,5,ou,6.50,under,1.03,1
MibgW2w3,Manchester Utd,Lyon,5,5,ou,7.50,over,70.0,1
MibgW2w3,Manchester Utd,Lyon,5,5,hc,0,home,1.33,1
MibgW2w3,Manchester Utd,Lyon,5,5,hc,0,away,3.95,1
MibgW2w3,Manchester Utd,Lyon,5,5,hc,-0.50,home,1.73,1
MibgW2w3,Manchester Utd,Lyon,5,5,hc,-0.50,away,2.35,1
MibgW2w3,Manchester Utd,Lyon,5,5,hc,0.50,home,1.23,1
MibgW2w3,Manchester Utd,Lyon,5,5,hc,0.50,away,5.14,1
MibgW2w3,Manchester Utd,Lyon,5,5,hc,-0.75,home,1.91,1
MibgW2w3,Manchester Utd,Lyon,5,5,hc,-0.75,away,2.07,1
MibgW2w3,Manchester Utd,Lyon,5,5,hc,0.75,home,1.16,1
MibgW2w3,Manchester Utd,Lyon,5,5,hc,0.75,away,6.93,1
MibgW2w3,Manchester Utd,Lyon,5,5,hc,-1.00,home,2.22,1
MibgW2w3,Manchester Utd,Lyon,5,5,hc,-1.00,away,1.79,1
MibgW2w3,Manchester Utd,Lyon,5,5,hc,1.00,home,1.08,1
MibgW2w3,Manchester Utd,Lyon,5,5,hc,1.00,away,11.47,1
MibgW2w3,Manchester Utd,Lyon,5,5,hc,-1.25,home,2.56,1
MibgW2w3,Manchester Utd,Lyon,5,5,hc,-1.25,away,1.61,1
MibgW2w3,Manchester Utd,Lyon,5,5,hc,1.25,home,1.07,1
MibgW2w3,Manchester Utd,Lyon,5,5,hc,1.25,away,12.23,1
MibgW2w3,Manchester Utd,Lyon,5,5,hc,-1.50,home,2.9,1
MibgW2w3,Manchester Utd,Lyon,5,5,hc,-1.50,away,1.5,1
MibgW2w3,Manchester Utd,Lyon,5,5,hc,1.50,home,1.07,1
MibgW2w3,Manchester Utd,Lyon,5,5,hc,1.50,away,13.0,1
MibgW2w3,Manchester Utd,Lyon,5,5,hc,-1.75,home,3.56,1
MibgW2w3,Manchester Utd,Lyon,5,5,hc,-1.75,away,1.38,1
MibgW2w3,Manchester Utd,Lyon,5,5,hc,1.75,home,1.04,1
MibgW2w3,Manchester Utd,Lyon,5,5,hc,1.75,away,19.14,1
MibgW2w3,Manchester Utd,Lyon,5,5,hc,-2.00,home,4.91,1
MibgW2w3,Manchester Utd,Lyon,5,5,hc,-2.00,away,1.23,1
MibgW2w3,Manchester Utd,Lyon,5,5,hc,2.00,home,1.02,1
MibgW2w3,Manchester Utd,Lyon,5,5,hc,2.00,away,36.07,1
MibgW2w3,Manchester Utd,Lyon,5,5,hc,-2.25,home,5.44,1
MibgW2w3,Manchester Utd,Lyon,5,5,hc,-2.25,away,1.2,1
MibgW2w3,Manchester Utd,Lyon,5,5,hc,2.25,home,1.02,1
MibgW2w3,Manchester Utd,Lyon,5,5,hc,2.25,away,37.03,1
MibgW2w3,Manchester Utd,Lyon,5,5,hc,-2.50,home,5.97,1
MibgW2w3,Manchester Utd,Lyon,5,5,hc,-2.50,away,1.18,1
MibgW2w3,Manchester Utd,Lyon,5,5,hc,2.50,home,1.02,1
MibgW2w3,Manchester Utd,Lyon,5,5,hc,2.50,away,38.0,1
MibgW2w3,Manchester Utd,Lyon,5,5,hc,-2.75,home,8.14,1
MibgW2w3,Manchester Utd,Lyon,5,5,hc,-2.75,away,1.12,1
MibgW2w3,Manchester Utd,Lyon,5,5,hc,2.75,away,59.2,1
MibgW2w3,Manchester Utd,Lyon,5,5,hc,-3.00,home,13.72,1
MibgW2w3,Manchester Utd,Lyon,5,5,hc,-3.00,away,1.06,1
MibgW2w3,Manchester Utd,Lyon,5,5,hc,-3.25,home,14.5,1
MibgW2w3,Manchester Utd,Lyon,5,5,hc,-3.25,away,1.06,1
MibgW2w3,Manchester Utd,Lyon,5,5,hc,-3.50,home,15.28,1
MibgW2w3,Manchester Utd,Lyon,5,5,hc,-3.50,away,1.06,1
MibgW2w3,Manchester Utd,Lyon,5,5,hc,-3.75,home,15.28,1
MibgW2w3,Manchester Utd,Lyon,5,5,hc,-3.75,away,1.03,1
MibgW2w3,Manchester Utd,Lyon,5,5,hc,-4.00,home,15.28,1
MibgW2w3,Manchester Utd,Lyon,5,5,hc,-0.25,home,1.53,1
MibgW2w3,Manchester Utd,Lyon,5,5,hc,-0.25,away,2.85,1
MibgW2w3,Manchester Utd,Lyon,5,5,hc,0.25,home,1.27,1
MibgW2w3,Manchester Utd,Lyon,5,5,hc,0.25,away,4.54,1
MibgW2w3,Manchester Utd,Lyon,5,5,dc,0,home/draw,1.23,1
MibgW2w3,Manchester Utd,Lyon,5,5,dc,0,home/away,1.3,1
MibgW2w3,Manchester Utd,Lyon,5,5,dc,0,draw/away,2.36,1
jP3EYk0f,Rangers,Ath Bilbao,0,0,1x2,0,home,4.4,1
jP3EYk0f,Rangers,Ath Bilbao,0,0,1x2,0,draw,3.7,1
jP3EYk0f,Rangers,Ath Bilbao,0,0,1x2,0,away,1.96,1
jP3EYk0f,Rangers,Ath Bilbao,0,0,ou,0.50,over,1.07,1
jP3EYk0f,Rangers,Ath Bilbao,0,0,ou,0.50,under,13.5,1
jP3EYk0f,Rangers,Ath Bilbao,0,0,ou,1.50,over,1.33,1
jP3EYk0f,Rangers,Ath Bilbao,0,0,ou,1.50,under,3.9,1
jP3EYk0f,Rangers,Ath Bilbao,0,0,ou,2.50,over,2.02,1
jP3EYk0f,Rangers,Ath Bilbao,0,0,ou,2.50,under,1.96,1
jP3EYk0f,Rangers,Ath Bilbao,0,0,ou,3.50,over,3.65,1
jP3EYk0f,Rangers,Ath Bilbao,0,0,ou,3.50,under,1.36,1
jP3EYk0f,Rangers,Ath Bilbao,0,0,ou,4.50,over,8.0,1
jP3EYk0f,Rangers,Ath Bilbao,0,0,ou,4.50,under,1.13,1
jP3EYk0f,Rangers,Ath Bilbao,0,0,ou,5.50,over,19.0,1
jP3EYk0f,Rangers,Ath Bilbao,0,0,ou,5.50,under,1.05,1
jP3EYk0f,Rangers,Ath Bilbao,0,0,ou,6.50,over,50.0,1
jP3EYk0f,Rangers,Ath Bilbao,0,0,hc,0,home,3.27,1
jP3EYk0f,Rangers,Ath Bilbao,0,0,hc,0,away,1.43,1
jP3EYk0f,Rangers,Ath Bilbao,0,0,hc,0.50,home,2.02,1
jP3EYk0f,Rangers,Ath Bilbao,0,0,hc,0.50,away,1.97,1
jP3EYk0f,Rangers,Ath Bilbao,0,0,hc,-0.50,home,4.47,1
jP3EYk0f,Rangers,Ath Bilbao,0,0,hc,-0.50,away,1.28,1
jP3EYk0f,Rangers,Ath Bilbao,0,0,hc,0.75,home,1.78,1
jP3EYk0f,Rangers,Ath Bilbao,0,0,hc,0.75,away,2.25,1
jP3EYk0f,Rangers,Ath Bilbao,0,0,hc,-0.75,home,6.07,1
jP3EYk0f,Rangers,Ath Bilbao,0,0,hc,-0.75,away,1.19,1
jP3EYk0f,Rangers,Ath Bilbao,0,0,hc,1.00,home,1.53,1
jP3EYk0f,Rangers,Ath Bilbao,0,0,hc,1.00,away,2.79,1
jP3EYk0f,Rangers,Ath Bilbao,0,0,hc,-1.00,home,10.4,1
jP3EYk0f,Rangers,Ath Bilbao,0,0,hc,-1.00,away,1.09,1
jP3EYk0f,Rangers,Ath Bilbao,0,0,hc,1.25,home,1.42,1
jP3EYk0f,Rangers,Ath Bilbao,0,0,hc,1.25,away,3.21,1
jP3EYk0f,Rangers,Ath Bilbao,0,0,hc,-1.25,home,11.25,1
jP3EYk0f,Rangers,Ath Bilbao,0,0,hc,-1.25,away,1.08,1
jP3EYk0f,Rangers,Ath Bilbao,0,0,hc,1.50,home,1.35,1
jP3EYk0f,Rangers,Ath Bilbao,0,0,hc,1.50,away,3.63,1
jP3EYk0f,Rangers,Ath Bilbao,0,0,hc,-1.50,home,12.11,1
jP3EYk0f,Rangers,Ath Bilbao,0,0,hc,-1.50,away,1.08,1
jP3EYk0f,Rangers,Ath Bilbao,0,0,hc,1.75,home,1.24,1
jP3EYk0f,Rangers,Ath Bilbao,0,0,hc,1.75,away,4.73,1
jP3EYk0f,Rangers,Ath Bilbao,0,0,hc,-1.75,home,18.26,1
jP3EYk0f,Rangers,Ath Bilbao,0,0,hc,-1.75,away,1.05,1
jP3EYk0f,Rangers,Ath Bilbao,0,0,hc,2.00,home,1.14,1
jP3EYk0f,Rangers,Ath Bilbao,0,0,hc,2.00,away,7.3,1
jP3EYk0f,Rangers,Ath Bilbao,0,0,hc,-2.00,home,36.9,1
jP3EYk0f,Rangers,Ath Bilbao,0,0,hc,-2.00,away,1.02,1
jP3EYk0f,Rangers,Ath Bilbao,0,0,hc,2.25,home,1.12,1
jP3EYk0f,Rangers,Ath Bilbao,0,0,hc,2.25,away,7.99,1
jP3EYk0f,Rangers,Ath Bilbao,0,0,hc,-2.25,home,38.01,1
jP3EYk0f,Rangers,Ath Bilbao,0,0,hc,-2.25,away,1.02,1
jP3EYk0f,Rangers,Ath Bilbao,0,0,hc,2.50,home,1.11,1
jP3EYk0f,Rangers,Ath Bilbao,0,0,hc,2.50,away,8.69,1
jP3EYk0f,Rangers,Ath Bilbao,0,0,hc,-2.50,home,39.13,1
jP3EYk0f,Rangers,Ath Bilbao,0,0,hc,-2.50,away,1.02,1
jP3EYk0f,Rangers,Ath Bilbao,0,0,hc,2.75,home,1.07,1
jP3EYk0f,Rangers,Ath Bilbao,0,0,hc,2.75,away,12.42,1
jP3EYk0f,Rangers,Ath Bilbao,0,0,hc,-2.75,home,64.14,1
jP3EYk0f,Rangers,Ath Bilbao,0,0,hc,3.00,home,1.03,1
jP3EYk0f,Rangers,Ath Bilbao,0,0,hc,3.00,away,23.15,1
jP3EYk0f,Rangers,Ath Bilbao,0,0,hc,3.25,home,1.03,1
jP3EYk0f,Rangers,Ath Bilbao,0,0,hc,3.25,away,24.07,1
jP3EYk0f,Rangers,Ath Bilbao,0,0,hc,3.50,home,1.03,1
jP3EYk0f,Rangers,Ath Bilbao,0,0,hc,3.50,away,25.0,1
jP3EYk0f,Rangers,Ath Bilbao,0,0,hc,3.75,away,25.0,1
jP3EYk0f,Rangers,Ath Bilbao,0,0,hc,0.25,home,2.41,1
jP3EYk0f,Rangers,Ath Bilbao,0,0,hc,0.25,away,1.7,1
jP3EYk0f,Rangers,Ath Bilbao,0,0,hc,-0.25,home,3.87,1
jP3EYk0f,Rangers,Ath Bilbao,0,0,hc,-0.25,away,1.34,1
jP3EYk0f,Rangers,Ath Bilbao,0,0,dc,0,home/draw,2.02,1
jP3EYk0f,Rangers,Ath Bilbao,0,0,dc,0,home/away,1.36,1
jP3EYk0f,Rangers,Ath Bilbao,0,0,dc,0,draw/away,1.28,1
WljSBDzi,Tottenham,Eintracht Frankfurt,1,1,1x2,0,home,1.65,1
WljSBDzi,Tottenham,Eintracht Frankfurt,1,1,1x2,0,draw,4.6,1
WljSBDzi,Tottenham,Eintracht Frankfurt,1,1,1x2,0,away,5.5,1
WljSBDzi,Tottenham,Eintracht Frankfurt,1,1,ou,0.50,over,1.03,1
WljSBDzi,Tottenham,Eintracht Frankfurt,1,1,ou,0.50,under,26.0,1
WljSBDzi,Tottenham,Eintracht Frankfurt,1,1,ou,1.50,over,1.18,1
WljSBDzi,Tottenham,Eintracht Frankfurt,1,1,ou,1.50,under,6.4,1
WljSBDzi,Tottenham,Eintracht Frankfurt,1,1,ou,2.50,over,1.54,1
WljSBDzi,Tottenham,Eintracht Frankfurt,1,1,ou,2.50,under,2.84,1
WljSBDzi,Tottenham,Eintracht Frankfurt,1,1,ou,3.50,over,2.38,1
WljSBDzi,Tottenham,Eintracht Frankfurt,1,1,ou,3.50,under,1.71,1
WljSBDzi,Tottenham,Eintracht Frankfurt,1,1,ou,4.50,over,4.2,1
WljSBDzi,Tottenham,Eintracht Frankfurt,1,1,ou,4.50,under,1.3,1
WljSBDzi,Tottenham,Eintracht Frankfurt,1,1,ou,5.50,over,8.8,1
WljSBDzi,Tottenham,Eintracht Frankfurt,1,1,ou,5.50,under,1.12,1
WljSBDzi,Tottenham,Eintracht Frankfurt,1,1,ou,6.50,over,20.0,1
WljSBDzi,Tottenham,Eintracht Frankfurt,1,1,ou,6.50,under,1.04,1
WljSBDzi,Tottenham,Eintracht Frankfurt,1,1,ou,7.50,over,55.0,1
WljSBDzi,Tottenham,Eintracht Frankfurt,1,1,hc,0,home,1.29,1
WljSBDzi,Tottenham,Eintracht Frankfurt,1,1,hc,0,away,4.33,1
WljSBDzi,Tottenham,Eintracht Frankfurt,1,1,hc,0.50,home,1.21,1
WljSBDzi,Tottenham,Eintracht Frankfurt,1,1,hc,0.50,away,5.5,1
WljSBDzi,Tottenham,Eintracht Frankfurt,1,1,hc,-0.50,home,1.65,1
WljSBDzi,Tottenham,Eintracht Frankfurt,1,1,hc,-0.50,away,2.51,1
WljSBDzi,Tottenham,Eintracht Frankfurt,1,1,hc,0.75,home,1.14,1
WljSBDzi,Tottenham,Eintracht Frankfurt,1,1,hc,0.75,away,7.39,1
WljSBDzi,Tottenham,Eintracht Frankfurt,1,1,hc,-0.75,home,1.8,1
WljSBDzi,Tottenham,Eintracht Frankfurt,1,1,hc,-0.75,away,2.22,1
WljSBDzi,Tottenham,Eintracht Frankfurt,1,1,hc,1.00,home,1.07,1
WljSBDzi,Tottenham,Eintracht Frankfurt,1,1,hc,1.00,away,11.86,1
WljSBDzi,Tottenham,Eintracht Frankfurt,1,1,hc,-1.00,home,2.04,1
WljSBDzi,Tottenham,Eintracht Frankfurt,1,1,hc,-1.00,away,1.93,1
WljSBDzi,Tottenham,Eintracht Frankfurt,1,1,hc,1.25,home,1.07,1
WljSBDzi,Tottenham,Eintracht Frankfurt,1,1,hc,1.25,away,12.57,1
WljSBDzi,Tottenham,Eintracht Frankfurt,1,1,hc,-1.25,home,2.35,1
WljSBDzi,Tottenham,Eintracht Frankfurt,1,1,hc,-1.25,away,1.72,1
WljSBDzi,Tottenham,Eintracht Frankfurt,1,1,hc,1.50,home,1.07,1
WljSBDzi,Tottenham,Eintracht Frankfurt,1,1,hc,1.50,away,13.28,1
WljSBDzi,Tottenham,Eintracht Frankfurt,1,1,hc,-1.50,home,2.66,1
WljSBDzi,Tottenham,Eintracht Frankfurt,1,1,hc,-1.50,away,1.58,1
WljSBDzi,Tottenham,Eintracht Frankfurt,1,1,hc,1.75,home,1.04,1
WljSBDzi,Tottenham,Eintracht Frankfurt,1,1,hc,1.75,away,19.86,1
WljSBDzi,Tottenham,Eintracht Frankfurt,1,1,hc,-1.75,home,3.19,1
WljSBDzi,Tottenham,Eintracht Frankfurt,1,1,hc,-1.75,away,1.44,1
WljSBDzi,Tottenham,Eintracht Frankfurt,1,1,hc,2.00,home,1.02,1
WljSBDzi,Tottenham,Eintracht Frankfurt,1,1,hc,2.00,away,40.0,1
WljSBDzi,Tottenham,Eintracht Frankfurt,1,1,hc,-2.00,home,4.18,1
WljSBDzi,Tottenham,Eintracht Frankfurt,1,1,hc,-2.00,away,1.29,1
WljSBDzi,Tottenham,Eintracht Frankfurt,1,1,hc,2.25,home,1.02,1
WljSBDzi,Tottenham,Eintracht Frankfurt,1,1,hc,2.25,away,35.16,1
WljSBDzi,Tottenham,Eintracht Frankfurt,1,1,hc,-2.25,home,4.64,1
WljSBDzi,Tottenham,Eintracht Frankfurt,1,1,hc,-2.25,away,1.25,1
WljSBDzi,Tottenham,Eintracht Frankfurt,1,1,hc,2.50,home,1.02,1
WljSBDzi,Tottenham,Eintracht Frankfurt,1,1,hc,2.50,away,36.0,1
WljSBDzi,Tottenham,Eintracht Frankfurt,1,1,hc,-2.50,home,5.1,1
WljSBDzi,Tottenham,Eintracht Frankfurt,1,1,hc,-2.50,away,1.23,1
WljSBDzi,Tottenham,Eintracht Frankfurt,1,1,hc,2.75,away,47.22,1
WljSBDzi,Tottenham,Eintracht Frankfurt,1,1,hc,-2.75,home,6.68,1
WljSBDzi,Tottenham,Eintracht Frankfurt,1,1,hc,-2.75,away,1.16,1
WljSBDzi,Tottenham,Eintracht Frankfurt,1,1,hc,-3.00,home,10.27,1
WljSBDzi,Tottenham,Eintracht Frankfurt,1,1,hc,-3.00,away,1.09,1
WljSBDzi,Tottenham,Eintracht Frankfurt,1,1,hc,-3.25,home,10.88,1
WljSBDzi,Tottenham,Eintracht Frankfurt,1,1,hc,-3.25,away,1.08,1
WljSBDzi,Tottenham,Eintracht Frankfurt,1,1,hc,-3.50,home,11.5,1
WljSBDzi,Tottenham,Eintracht Frankfurt,1,1,hc,-3.50,away,1.08,1
WljSBDzi,Tottenham,Eintracht Frankfurt,1,1,hc,-3.75,home,12.49,1
WljSBDzi,Tottenham,Eintracht Frankfurt,1,1,hc,-3.75,away,1.05,1
WljSBDzi,Tottenham,Eintracht Frankfurt,1,1,hc,-4.00,home,12.49,1
WljSBDzi,Tottenham,Eintracht Frankfurt,1,1,hc,-4.00,away,1.02,1
WljSBDzi,Tottenham,Eintracht Frankfurt,1,1,hc,0.25,home,1.25,1
WljSBDzi,Tottenham,Eintracht Frankfurt,1,1,hc,0.25,away,4.91,1
WljSBDzi,Tottenham,Eintracht Frankfurt,1,1,hc,-0.25,home,1.47,1
WljSBDzi,Tottenham,Eintracht Frankfurt,1,1,hc,-0.25,away,3.08,1
WljSBDzi,Tottenham,Eintracht Frankfurt,1,1,dc,0,home/draw,1.21,1
WljSBDzi,Tottenham,Eintracht Frankfurt,1,1,dc,0,home/away,1.27,1
WljSBDzi,Tottenham,Eintracht Frankfurt,1,1,dc,0,draw/away,2.5,1
fo678aod,Lyon,Manchester Utd,2,2,1x2,0,home,3.3,1
fo678aod,Lyon,Manchester Utd,2,2,1x2,0,draw,3.4,1
fo678aod,Lyon,Manchester Utd,2,2,1x2,0,away,2.46,1
fo678aod,Lyon,Manchester Utd,2,2,ou,0.50,over,1.08,1
fo678aod,Lyon,Manchester Utd,2,2,ou,0.50,under,13.0,1
fo678aod,Lyon,Manchester Utd,2,2,ou,1.50,over,1.33,1
fo678aod,Lyon,Manchester Utd,2,2,ou,1.50,under,3.95,1
fo678aod,Lyon,Manchester Utd,2,2,ou,2.50,over,2.02,1
fo678aod,Lyon,Manchester Utd,2,2,ou,2.50,under,1.96,1
fo678aod,Lyon,Manchester Utd,2,2,ou,3.50,over,3.55,1
fo678aod,Lyon,Manchester Utd,2,2,ou,3.50,under,1.38,1
fo678aod,Lyon,Manchester Utd,2,2,ou,4.50,over,7.8,1
fo678aod,Lyon,Manchester Utd,2,2,ou,4.50,under,1.14,1
fo678aod,Lyon,Manchester Utd,2,2,ou,5.50,over,18.5,1
fo678aod,Lyon,Manchester Utd,2,2,ou,5.50,under,1.05,1
fo678aod,Lyon,Manchester Utd,2,2,ou,6.50,over,50.0,1
fo678aod,Lyon,Manchester Utd,2,2,hc,0,home,2.32,1
fo678aod,Lyon,Manchester Utd,2,2,hc,0,away,1.75,1
fo678aod,Lyon,Manchester Utd,2,2,hc,0.50,home,1.68,1
fo678aod,Lyon,Manchester Utd,2,2,hc,0.50,away,2.46,1
fo678aod,Lyon,Manchester Utd,2,2,hc,-0.50,home,3.27,1
fo678aod,Lyon,Manchester Utd,2,2,hc,-0.50,away,1.43,1
fo678aod,Lyon,Manchester Utd,2,2,hc,0.75,home,1.49,1
fo678aod,Lyon,Manchester Utd,2,2,hc,0.75,away,2.99,1
fo678aod,Lyon,Manchester Utd,2,2,hc,-0.75,home,4.15,1
fo678aod,Lyon,Manchester Utd,2,2,hc,-0.75,away,1.3,1
fo678aod,Lyon,Manchester Utd,2,2,hc,1.00,home,1.3,1
fo678aod,Lyon,Manchester Utd,2,2,hc,1.00,away,4.09,1
fo678aod,Lyon,Manchester Utd,2,2,hc,-1.00,home,6.13,1
fo678aod,Lyon,Manchester Utd,2,2,hc,-1.00,away,1.17,1
fo678aod,Lyon,Manchester Utd,2,2,hc,1.25,home,1.25,1
fo678aod,Lyon,Manchester Utd,2,2,hc,1.25,away,4.64,1
fo678aod,Lyon,Manchester Utd,2,2,hc,-1.25,home,6.76,1
fo678aod,Lyon,Manchester Utd,2,2,hc,-1.25,away,1.15,1
fo678aod,Lyon,Manchester Utd,2,2,hc,1.50,home,1.22,1
fo678aod,Lyon,Manchester Utd,2,2,hc,1.50,away,5.2,1
fo678aod,Lyon,Manchester Utd,2,2,hc,-1.50,home,7.4,1
fo678aod,Lyon,Manchester Utd,2,2,hc,-1.50,away,1.13,1
fo678aod,Lyon,Manchester Utd,2,2,hc,1.75,home,1.14,1
fo678aod,Lyon,Manchester Utd,2,2,hc,1.75,away,7.26,1
fo678aod,Lyon,Manchester Utd,2,2,hc,-1.75,home,10.51,1
fo678aod,Lyon,Manchester Utd,2,2,hc,-1.75,away,1.09,1
fo678aod,Lyon,Manchester Utd,2,2,hc,2.00,home,1.07,1
fo678aod,Lyon,Manchester Utd,2,2,hc,2.00,away,13.11,1
fo678aod,Lyon,Manchester Utd,2,2,hc,-2.00,home,19.16,1
fo678aod,Lyon,Manchester Utd,2,2,hc,-2.00,away,1.04,1
fo678aod,Lyon,Manchester Utd,2,2,hc,2.25,home,1.07,1
fo678aod,Lyon,Manchester Utd,2,2,hc,2.25,away,14.05,1
fo678aod,Lyon,Manchester Utd,2,2,hc,-2.25,home,20.08,1
fo678aod,Lyon,Manchester Utd,2,2,hc,-2.25,away,1.04,1
fo678aod,Lyon,Manchester Utd,2,2,hc,2.50,home,1.06,1
fo678aod,Lyon,Manchester Utd,2,2,hc,2.50,away,15.0,1
fo678aod,Lyon,Manchester Utd,2,2,hc,-2.50,home,21.0,1
fo678aod,Lyon,Manchester Utd,2,2,hc,-2.50,away,1.04,1
fo678aod,Lyon,Manchester Utd,2,2,hc,2.75,home,1.04,1
fo678aod,Lyon,Manchester Utd,2,2,hc,2.75,away,21.63,1
fo678aod,Lyon,Manchester Utd,2,2,hc,-2.75,home,30.64,1
fo678aod,Lyon,Manchester Utd,2,2,hc,-2.75,away,1.02,1
fo678aod,Lyon,Manchester Utd,2,2,hc,3.00,away,38.24,1
fo678aod,Lyon,Manchester Utd,2,2,hc,-3.00,home,53.38,1
fo678aod,Lyon,Manchester Utd,2,2,hc,3.25,away,39.12,1
fo678aod,Lyon,Manchester Utd,2,2,hc,-3.25,home,54.19,1
fo678aod,Lyon,Manchester Utd,2,2,hc,3.50,away,40.0,1
fo678aod,Lyon,Manchester Utd,2,2,hc,-3.50,home,55.0,1
fo678aod,Lyon,Manchester Utd,2,2,hc,3.75,away,40.0,1
fo678aod,Lyon,Manchester Utd,2,2,hc,0.25,home,1.89,1
fo678aod,Lyon,Manchester Utd,2,2,hc,0.25,away,2.11,1
fo678aod,Lyon,Manchester Utd,2,2,hc,-0.25,home,2.8,1
fo678aod,Lyon,Manchester Utd,2,2,hc,-0.25,away,1.55,1
fo678aod,Lyon,Manchester Utd,2,2,dc,0,home/draw,1.67,1
fo678aod,Lyon,Manchester Utd,2,2,dc,0,home/away,1.41,1
fo678aod,Lyon,Manchester Utd,2,2,dc,0,draw/away,1.43,1
lvt9VLwH,Bodo/Glimt,Lazio,2,2,1x2,0,home,3.1,1
lvt9VLwH,Bodo/Glimt,Lazio,2,2,1x2,0,draw,3.6,1
lvt9VLwH,Bodo/Glimt,Lazio,2,2,1x2,0,away,2.5,1
lvt9VLwH,Bodo/Glimt,Lazio,2,2,ou,0.50,over,1.06,1
lvt9VLwH,Bodo/Glimt,Lazio,2,2,ou,0.50,under,15.0,1
lvt9VLwH,Bodo/Glimt,Lazio,2,2,ou,1.50,over,1.31,1
lvt9VLwH,Bodo/Glimt,Lazio,2,2,ou,1.50,under,4.2,1
lvt9VLwH,Bodo/Glimt,Lazio,2,2,ou,2.50,over,1.95,1
lvt9VLwH,Bodo/Glimt,Lazio,2,2,ou,2.50,under,2.02,1
lvt9VLwH,Bodo/Glimt,Lazio,2,2,ou,3.50,over,3.45,1
lvt9VLwH,Bodo/Glimt,Lazio,2,2,ou,3.50,under,1.39,1
lvt9VLwH,Bodo/Glimt,Lazio,2,2,ou,4.50,over,7.4,1
lvt9VLwH,Bodo/Glimt,Lazio,2,2,ou,4.50,under,1.14,1
lvt9VLwH,Bodo/Glimt,Lazio,2,2,ou,5.50,over,18.0,1
lvt9VLwH,Bodo/Glimt,Lazio,2,2,ou,5.50,under,1.05,1
lvt9VLwH,Bodo/Glimt,Lazio,2,2,ou,6.50,over,50.0,1
lvt9VLwH,Bodo/Glimt,Lazio,2,2,hc,0,home,2.24,1
lvt9VLwH,Bodo/Glimt,Lazio,2,2,hc,0,away,1.8,1
lvt9VLwH,Bodo/Glimt,Lazio,2,2,hc,0.50,home,1.66,1
lvt9VLwH,Bodo/Glimt,Lazio,2,2,hc,0.50,away,2.5,1
lvt9VLwH,Bodo/Glimt,Lazio,2,2,hc,-0.50,home,3.1,1
lvt9VLwH,Bodo/Glimt,Lazio,2,2,hc,-0.50,away,1.47,1
lvt9VLwH,Bodo/Glimt,Lazio,2,2,hc,0.75,home,1.47,1
lvt9VLwH,Bodo/Glimt,Lazio,2,2,hc,0.75,away,3.05,1
lvt9VLwH,Bodo/Glimt,Lazio,2,2,hc,-0.75,home,3.96,1
lvt9VLwH,Bodo/Glimt,Lazio,2,2,hc,-0.75,away,1.33,1
lvt9VLwH,Bodo/Glimt,Lazio,2,2,hc,1.00,home,1.29,1
lvt9VLwH,Bodo/Glimt,Lazio,2,2,hc,1.00,away,4.22,1
lvt9VLwH,Bodo/Glimt,Lazio,2,2,hc,-1.00,home,6.01,1
lvt9VLwH,Bodo/Glimt,Lazio,2,2,hc,-1.00,away,1.19,1
lvt9VLwH,Bodo/Glimt,Lazio,2,2,hc,1.25,home,1.24,1
lvt9VLwH,Bodo/Glimt,Lazio,2,2,hc,1.25,away,4.74,1
lvt9VLwH,Bodo/Glimt,Lazio,2,2,hc,-1.25,home,6.7,1
lvt9VLwH,Bodo/Glimt,Lazio,2,2,hc,-1.25,away,1.17,1
lvt9VLwH,Bodo/Glimt,Lazio,2,2,hc,1.50,home,1.21,1
lvt9VLwH,Bodo/Glimt,Lazio,2,2,hc,1.50,away,5.3,1
lvt9VLwH,Bodo/Glimt,Lazio,2,2,hc,-1.50,home,7.4,1
lvt9VLwH,Bodo/Glimt,Lazio,2,2,hc,-1.50,away,1.15,1
lvt9VLwH,Bodo/Glimt,Lazio,2,2,hc,1.75,home,1.14,1
lvt9VLwH,Bodo/Glimt,Lazio,2,2,hc,1.75,away,7.38,1
lvt9VLwH,Bodo/Glimt,Lazio,2,2,hc,-1.75,home,10.74,1
lvt9VLwH,Bodo/Glimt,Lazio,2,2,hc,-1.75,away,1.09,1
lvt9VLwH,Bodo/Glimt,Lazio,2,2,hc,2.00,home,1.07,1
lvt9VLwH,Bodo/Glimt,Lazio,2,2,hc,2.00,away,13.45,1
lvt9VLwH,Bodo/Glimt,Lazio,2,2,hc,-2.00,home,21.1,1
lvt9VLwH,Bodo/Glimt,Lazio,2,2,hc,-2.00,away,1.04,1
lvt9VLwH,Bodo/Glimt,Lazio,2,2,hc,2.25,home,1.06,1
lvt9VLwH,Bodo/Glimt,Lazio,2,2,hc,2.25,away,14.37,1
lvt9VLwH,Bodo/Glimt,Lazio,2,2,hc,-2.25,home,22.17,1
lvt9VLwH,Bodo/Glimt,Lazio,2,2,hc,-2.25,away,1.04,1
lvt9VLwH,Bodo/Glimt,Lazio,2,2,hc,2.50,home,1.06,1
lvt9VLwH,Bodo/Glimt,Lazio,2,2,hc,2.50,away,15.28,1
lvt9VLwH,Bodo/Glimt,Lazio,2,2,hc,-2.50,home,23.24,1
lvt9VLwH,Bodo/Glimt,Lazio,2,2,hc,-2.50,away,1.04,1
lvt9VLwH,Bodo/Glimt,Lazio,2,2,hc,2.75,home,1.04,1
lvt9VLwH,Bodo/Glimt,Lazio,2,2,hc,2.75,away,22.67,1
lvt9VLwH,Bodo/Glimt,Lazio,2,2,hc,-2.75,home,35.0,1
lvt9VLwH,Bodo/Glimt,Lazio,2,2,hc,-2.75,away,1.02,1
lvt9VLwH,Bodo/Glimt,Lazio,2,2,hc,3.00,away,45.85,1
lvt9VLwH,Bodo/Glimt,Lazio,2,2,hc,-3.00,home,65.54,1
lvt9VLwH,Bodo/Glimt,Lazio,2,2,hc,3.25,away,46.92,1
lvt9VLwH,Bodo/Glimt,Lazio,2,2,hc,-3.25,home,66.48,1
lvt9VLwH,Bodo/Glimt,Lazio,2,2,hc,3.50,away,48.0,1
lvt9VLwH,Bodo/Glimt,Lazio,2,2,hc,-3.50,home,67.41,1
lvt9VLwH,Bodo/Glimt,Lazio,2,2,hc,3.75,away,48.0,1
lvt9VLwH,Bodo/Glimt,Lazio,2,2,hc,0.25,home,1.86,1
lvt9VLwH,Bodo/Glimt,Lazio,2,2,hc,0.25,away,2.15,1
lvt9VLwH,Bodo/Glimt,Lazio,2,2,hc,-0.25,home,2.67,1
lvt9VLwH,Bodo/Glimt,Lazio,2,2,hc,-0.25,away,1.59,1
lvt9VLwH,Bodo/Glimt,Lazio,2,2,dc,0,home/draw,1.66,1
lvt9VLwH,Bodo/Glimt,Lazio,2,2,dc,0,home/away,1.38,1
lvt9VLwH,Bodo/Glimt,Lazio,2,2,dc,0,draw/away,1.47,1
dlaiYdft,Tottenham,AZ Alkmaar,3,3,1x2,0,home,1.5,1
dlaiYdft,Tottenham,AZ Alkmaar,3,3,1x2,0,draw,5.1,1
dlaiYdft,Tottenham,AZ Alkmaar,3,3,1x2,0,away,7.0,1
dlaiYdft,Tottenham,AZ Alkmaar,3,3,ou,0.50,over,1.04,1
dlaiYdft,Tottenham,AZ Alkmaar,3,3,ou,0.50,under,24.0,1
dlaiYdft,Tottenham,AZ Alkmaar,3,3,ou,1.50,over,1.2,1
dlaiYdft,Tottenham,AZ Alkmaar,3,3,ou,1.50,under,5.7,1
dlaiYdft,Tottenham,AZ Alkmaar,3,3,ou,2.50,over,1.63,1
dlaiYdft,Tottenham,AZ Alkmaar,3,3,ou,2.50,under,2.56,1
dlaiYdft,Tottenham,AZ Alkmaar,3,3,ou,3.50,over,2.56,1
dlaiYdft,Tottenham,AZ Alkmaar,3,3,ou,3.50,under,1.63,1
dlaiYdft,Tottenham,AZ Alkmaar,3,3,ou,4.50,over,4.7,1
dlaiYdft,Tottenham,AZ Alkmaar,3,3,ou,4.50,under,1.25,1
dlaiYdft,Tottenham,AZ Alkmaar,3,3,ou,5.50,over,11.0,1
dlaiYdft,Tottenham,AZ Alkmaar,3,3,ou,5.50,under,1.09,1
dlaiYdft,Tottenham,AZ Alkmaar,3,3,ou,6.50,over,26.0,1
dlaiYdft,Tottenham,AZ Alkmaar,3,3,ou,6.50,under,1.03,1
dlaiYdft,Tottenham,AZ Alkmaar,3,3,ou,7.50,over,60.0,1
dlaiYdft,Tottenham,AZ Alkmaar,3,3,hc,0,home,1.2,1
dlaiYdft,Tottenham,AZ Alkmaar,3,3,hc,0,away,5.63,1
dlaiYdft,Tottenham,AZ Alkmaar,3,3,hc,-0.50,home,1.5,1
dlaiYdft,Tottenham,AZ Alkmaar,3,3,hc,-0.50,away,2.96,1
dlaiYdft,Tottenham,AZ Alkmaar,3,3,hc,0.50,home,1.16,1
dlaiYdft,Tottenham,AZ Alkmaar,3,3,hc,0.50,away,7.0,1
dlaiYdft,Tottenham,AZ Alkmaar,3,3,hc,-0.75,home,1.62,1
dlaiYdft,Tottenham,AZ Alkmaar,3,3,hc,-0.75,away,2.58,1
dlaiYdft,Tottenham,AZ Alkmaar,3,3,hc,0.75,home,1.1,1
dlaiYdft,Tottenham,AZ Alkmaar,3,3,hc,0.75,away,9.76,1
dlaiYdft,Tottenham,AZ Alkmaar,3,3,hc,-1.00,home,1.8,1
dlaiYdft,Tottenham,AZ Alkmaar,3,3,hc,-1.00,away,2.21,1
dlaiYdft,Tottenham,AZ Alkmaar,3,3,hc,1.00,home,1.05,1
dlaiYdft,Tottenham,AZ Alkmaar,3,3,hc,1.00,away,17.28,1
dlaiYdft,Tottenham,AZ Alkmaar,3,3,hc,-1.25,home,2.11,1
dlaiYdft,Tottenham,AZ Alkmaar,3,3,hc,-1.25,away,1.88,1
dlaiYdft,Tottenham,AZ Alkmaar,3,3,hc,1.25,home,1.05,1
dlaiYdft,Tottenham,AZ Alkmaar,3,3,hc,1.25,away,18.14,1
dlaiYdft,Tottenham,AZ Alkmaar,3,3,hc,-1.50,home,2.41,1
dlaiYdft,Tottenham,AZ Alkmaar,3,3,hc,-1.50,away,1.69,1
dlaiYdft,Tottenham,AZ Alkmaar,3,3,hc,1.50,home,1.05,1
dlaiYdft,Tottenham,AZ Alkmaar,3,3,hc,1.50,away,19.0,1
dlaiYdft,Tottenham,AZ Alkmaar,3,3,hc,-1.75,home,2.88,1
dlaiYdft,Tottenham,AZ Alkmaar,3,3,hc,-1.75,away,1.52,1
dlaiYdft,Tottenham,AZ Alkmaar,3,3,hc,1.75,home,1.03,1
dlaiYdft,Tottenham,AZ Alkmaar,3,3,hc,1.75,away,29.03,1
dlaiYdft,Tottenham,AZ Alkmaar,3,3,hc,-2.00,home,3.77,1
dlaiYdft,Tottenham,AZ Alkmaar,3,3,hc,-2.00,away,1.35,1
dlaiYdft,Tottenham,AZ Alkmaar,3,3,hc,2.00,away,61.68,1
dlaiYdft,Tottenham,AZ Alkmaar,3,3,hc,-2.25,home,4.24,1
dlaiYdft,Tottenham,AZ Alkmaar,3,3,hc,-2.25,away,1.29,1
dlaiYdft,Tottenham,AZ Alkmaar,3,3,hc,2.25,away,62.87,1
dlaiYdft,Tottenham,AZ Alkmaar,3,3,hc,-2.50,home,4.7,1
dlaiYdft,Tottenham,AZ Alkmaar,3,3,hc,-2.50,away,1.26,1
dlaiYdft,Tottenham,AZ Alkmaar,3,3,hc,2.50,away,64.05,1
dlaiYdft,Tottenham,AZ Alkmaar,3,3,hc,-2.75,home,6.19,1
dlaiYdft,Tottenham,AZ Alkmaar,3,3,hc,-2.75,away,1.18,1
dlaiYdft,Tottenham,AZ Alkmaar,3,3,hc,-3.00,home,9.66,1
dlaiYdft,Tottenham,AZ Alkmaar,3,3,hc,-3.00,away,1.11,1
dlaiYdft,Tottenham,AZ Alkmaar,3,3,hc,-3.25,home,10.33,1
dlaiYdft,Tottenham,AZ Alkmaar,3,3,hc,-3.25,away,1.1,1
dlaiYdft,Tottenham,AZ Alkmaar,3,3,hc,-3.50,home,11.0,1
dlaiYdft,Tottenham,AZ Alkmaar,3,3,hc,-3.50,away,1.09,1
dlaiYdft,Tottenham,AZ Alkmaar,3,3,hc,-3.75,home,11.0,1
dlaiYdft,Tottenham,AZ Alkmaar,3,3,hc,-3.75,away,1.06,1
dlaiYdft,Tottenham,AZ Alkmaar,3,3,hc,-4.00,home,11.0,1
dlaiYdft,Tottenham,AZ Alkmaar,3,3,hc,-4.00,away,1.02,1
dlaiYdft,Tottenham,AZ Alkmaar,3,3,hc,-0.25,home,1.35,1
dlaiYdft,Tottenham,AZ Alkmaar,3,3,hc,-0.25,away,3.75,1
dlaiYdft,Tottenham,AZ Alkmaar,3,3,hc,0.25,home,1.18,1
dlaiYdft,Tottenham,AZ Alkmaar,3,3,hc,0.25,away,6.31,1
dlaiYdft,Tottenham,AZ Alkmaar,3,3,dc,0,home/draw,1.16,1
dlaiYdft,Tottenham,AZ Alkmaar,3,3,dc,0,home/away,1.23,1
dlaiYdft,Tottenham,AZ Alkmaar,3,3,dc,0,draw/away,2.96,1
fNs0Ugx8,Lyon,FCSB,4,4,1x2,0,home,1.39,1
fNs0Ugx8,Lyon,FCSB,4,4,1x2,0,draw,5.3,1
fNs0Ugx8,Lyon,FCSB,4,4,1x2,0,away,10.0,1
fNs0Ugx8,Lyon,FCSB,4,4,ou,0.50,over,1.05,1
fNs0Ugx8,Lyon,FCSB,4,4,ou,0.50,under,18.0,1
fNs0Ugx8,Lyon,FCSB,4,4,ou,1.50,over,1.26,1
fNs0Ugx8,Lyon,FCSB,4,4,ou,1.50,under,4.6,1
fNs0Ugx8,Lyon,FCSB,4,4,ou,2.50,over,1.79,1
fNs0Ugx8,Lyon,FCSB,4,4,ou,2.50,under,2.24,1
fNs0Ugx8,Lyon,FCSB,4,4,ou,3.50,over,3.0,1
fNs0Ugx8,Lyon,FCSB,4,4,ou,3.50,under,1.48,1
fNs0Ugx8,Lyon,FCSB,4,4,ou,4.50,over,6.0,1
fNs0Ugx8,Lyon,FCSB,4,4,ou,4.50,under,1.19,1
fNs0Ugx8,Lyon,FCSB,4,4,ou,5.50,over,13.5,1
fNs0Ugx8,Lyon,FCSB,4,4,ou,5.50,under,1.07,1
fNs0Ugx8,Lyon,FCSB,4,4,ou,6.50,over,34.0,1
fNs0Ugx8,Lyon,FCSB,4,4,ou,6.50,under,1.02,1
fNs0Ugx8,Lyon,FCSB,4,4,hc,0,home,1.13,1
fNs0Ugx8,Lyon,FCSB,4,4,hc,0,away,8.14,1
fNs0Ugx8,Lyon,FCSB,4,4,hc,-0.50,home,1.39,1
fNs0Ugx8,Lyon,FCSB,4,4,hc,-0.50,away,3.5,1
fNs0Ugx8,Lyon,FCSB,4,4,hc,0.50,home,1.11,1
fNs0Ugx8,Lyon,FCSB,4,4,hc,0.50,away,10.0,1
fNs0Ugx8,Lyon,FCSB,4,4,hc,-0.75,home,1.48,1
fNs0Ugx8,Lyon,FCSB,4,4,hc,-0.75,away,3.04,1
fNs0Ugx8,Lyon,FCSB,4,4,hc,0.75,home,1.06,1
fNs0Ugx8,Lyon,FCSB,4,4,hc,0.75,away,15.08,1
fNs0Ugx8,Lyon,FCSB,4,4,hc,-1.00,home,1.6,1
fNs0Ugx8,Lyon,FCSB,4,4,hc,-1.00,away,2.58,1
fNs0Ugx8,Lyon,FCSB,4,4,hc,1.00,home,1.02,1
fNs0Ugx8,Lyon,FCSB,4,4,hc,1.00,away,31.6,1
fNs0Ugx8,Lyon,FCSB,4,4,hc,-1.25,home,1.87,1
fNs0Ugx8,Lyon,FCSB,4,4,hc,-1.25,away,2.09,1
fNs0Ugx8,Lyon,FCSB,4,4,hc,1.25,home,1.02,1
fNs0Ugx8,Lyon,FCSB,4,4,hc,1.25,away,32.8,1
fNs0Ugx8,Lyon,FCSB,4,4,hc,-1.50,home,2.13,1
fNs0Ugx8,Lyon,FCSB,4,4,hc,-1.50,away,1.83,1
fNs0Ugx8,Lyon,FCSB,4,4,hc,1.50,home,1.02,1
fNs0Ugx8,Lyon,FCSB,4,4,hc,1.50,away,34.0,1
fNs0Ugx8,Lyon,FCSB,4,4,hc,-1.75,home,2.47,1
fNs0Ugx8,Lyon,FCSB,4,4,hc,-1.75,away,1.64,1
fNs0Ugx8,Lyon,FCSB,4,4,hc,1.75,away,56.0,1
fNs0Ugx8,Lyon,FCSB,4,4,hc,-2.00,home,3.05,1
fNs0Ugx8,Lyon,FCSB,4,4,hc,-2.00,away,1.45,1
fNs0Ugx8,Lyon,FCSB,4,4,hc,-2.25,home,3.45,1
fNs0Ugx8,Lyon,FCSB,4,4,hc,-2.25,away,1.37,1
fNs0Ugx8,Lyon,FCSB,4,4,hc,-2.50,home,3.85,1
fNs0Ugx8,Lyon,FCSB,4,4,hc,-2.50,away,1.32,1
fNs0Ugx8,Lyon,FCSB,4,4,hc,-2.75,home,4.85,1
fNs0Ugx8,Lyon,FCSB,4,4,hc,-2.75,away,1.23,1
fNs0Ugx8,Lyon,FCSB,4,4,hc,-3.00,home,6.77,1
fNs0Ugx8,Lyon,FCSB,4,4,hc,-3.00,away,1.14,1
fNs0Ugx8,Lyon,FCSB,4,4,hc,-3.25,home,7.28,1
fNs0Ugx8,Lyon,FCSB,4,4,hc,-3.25,away,1.12,1
fNs0Ugx8,Lyon,FCSB,4,4,hc,-3.50,home,7.8,1
fNs0Ugx8,Lyon,FCSB,4,4,hc,-3.50,away,1.11,1
fNs0Ugx8,Lyon,FCSB,4,4,hc,-3.75,home,8.95,1
fNs0Ugx8,Lyon,FCSB,4,4,hc,-3.75,away,1.07,1
fNs0Ugx8,Lyon,FCSB,4,4,hc,-4.00,home,8.95,1
fNs0Ugx8,Lyon,FCSB,4,4,hc,-0.25,home,1.26,1
fNs0Ugx8,Lyon,FCSB,4,4,hc,-0.25,away,4.7,1
fNs0Ugx8,Lyon,FCSB,4,4,hc,0.25,home,1.12,1
fNs0Ugx8,Lyon,FCSB,4,4,hc,0.25,away,9.07,1
fNs0Ugx8,Lyon,FCSB,4,4,dc,0,home/draw,1.11,1
fNs0Ugx8,Lyon,FCSB,4,4,dc,0,home/away,1.22,1
fNs0Ugx8,Lyon,FCSB,4,4,dc,0,draw/away,3.5,1
QsjqYywq,Rangers,Fenerbahce,1,1,1x2,0,home,3.05,1
QsjqYywq,Rangers,Fenerbahce,1,1,1x2,0,draw,3.75,1
QsjqYywq,Rangers,Fenerbahce,1,1,1x2,0,away,2.44,1
QsjqYywq,Rangers,Fenerbahce,1,1,ou,0.50,over,1.05,1
QsjqYywq,Rangers,Fenerbahce,1,1,ou,0.50,under,17.5,1
QsjqYywq,Rangers,Fenerbahce,1,1,ou,1.50,over,1.26,1
QsjqYywq,Rangers,Fenerbahce,1,1,ou,1.50,under,4.6,1
QsjqYywq,Rangers,Fenerbahce,1,1,ou,2.50,over,1.87,1
QsjqYywq,Rangers,Fenerbahce,1,1,ou,2.50,under,2.14,1
QsjqYywq,Rangers,Fenerbahce,1,1,ou,3.50,over,3.15,1
QsjqYywq,Rangers,Fenerbahce,1,1,ou,3.50,under,1.46,1
QsjqYywq,Rangers,Fenerbahce,1,1,ou,4.50,over,6.2,1
QsjqYywq,Rangers,Fenerbahce,1,1,ou,4.50,under,1.18,1
QsjqYywq,Rangers,Fenerbahce,1,1,ou,5.50,over,14.0,1
QsjqYywq,Rangers,Fenerbahce,1,1,ou,5.50,under,1.06,1
QsjqYywq,Rangers,Fenerbahce,1,1,ou,6.50,over,38.0,1
QsjqYywq,Rangers,Fenerbahce,1,1,ou,6.50,under,1.02,1
QsjqYywq,Rangers,Fenerbahce,1,1,ou,7.50,over,95.0,1
QsjqYywq,Rangers,Fenerbahce,1,1,hc,0,home,2.26,1
QsjqYywq,Rangers,Fenerbahce,1,1,hc,0,away,1.78,1
QsjqYywq,Rangers,Fenerbahce,1,1,hc,-0.50,home,3.1,1
QsjqYywq,Rangers,Fenerbahce,1,1,hc,-0.50,away,1.47,1
QsjqYywq,Rangers,Fenerbahce,1,1,hc,0.50,home,1.68,1
QsjqYywq,Rangers,Fenerbahce,1,1,hc,0.50,away,2.44,1
QsjqYywq,Rangers,Fenerbahce,1,1,hc,-0.75,home,3.86,1
QsjqYywq,Rangers,Fenerbahce,1,1,hc,-0.75,away,1.33,1
QsjqYywq,Rangers,Fenerbahce,1,1,hc,0.75,home,1.5,1
QsjqYywq,Rangers,Fenerbahce,1,1,hc,0.75,away,2.92,1
QsjqYywq,Rangers,Fenerbahce,1,1,hc,-1.00,home,5.51,1
QsjqYywq,Rangers,Fenerbahce,1,1,hc,-1.00,away,1.2,1
QsjqYywq,Rangers,Fenerbahce,1,1,hc,1.00,home,1.33,1
QsjqYywq,Rangers,Fenerbahce,1,1,hc,1.00,away,3.89,1
QsjqYywq,Rangers,Fenerbahce,1,1,hc,-1.25,home,6.08,1
QsjqYywq,Rangers,Fenerbahce,1,1,hc,-1.25,away,1.17,1
QsjqYywq,Rangers,Fenerbahce,1,1,hc,1.25,home,1.28,1
QsjqYywq,Rangers,Fenerbahce,1,1,hc,1.25,away,4.39,1
QsjqYywq,Rangers,Fenerbahce,1,1,hc,-1.50,home,6.65,1
QsjqYywq,Rangers,Fenerbahce,1,1,hc,-1.50,away,1.15,1
QsjqYywq,Rangers,Fenerbahce,1,1,hc,1.50,home,1.24,1
QsjqYywq,Rangers,Fenerbahce,1,1,hc,1.50,away,4.9,1
QsjqYywq,Rangers,Fenerbahce,1,1,hc,-1.75,home,9.43,1
QsjqYywq,Rangers,Fenerbahce,1,1,hc,-1.75,away,1.1,1
QsjqYywq,Rangers,Fenerbahce,1,1,hc,1.75,home,1.16,1
QsjqYywq,Rangers,Fenerbahce,1,1,hc,1.75,away,6.88,1
QsjqYywq,Rangers,Fenerbahce,1,1,hc,-2.00,home,15.02,1
QsjqYywq,Rangers,Fenerbahce,1,1,hc,-2.00,away,1.05,1
QsjqYywq,Rangers,Fenerbahce,1,1,hc,2.00,home,1.08,1
QsjqYywq,Rangers,Fenerbahce,1,1,hc,2.00,away,11.82,1
QsjqYywq,Rangers,Fenerbahce,1,1,hc,-2.25,home,15.76,1
QsjqYywq,Rangers,Fenerbahce,1,1,hc,-2.25,away,1.05,1
QsjqYywq,Rangers,Fenerbahce,1,1,hc,2.25,home,1.07,1
QsjqYywq,Rangers,Fenerbahce,1,1,hc,2.25,away,12.66,1
QsjqYywq,Rangers,Fenerbahce,1,1,hc,-2.50,home,16.5,1
QsjqYywq,Rangers,Fenerbahce,1,1,hc,-2.50,away,1.05,1
QsjqYywq,Rangers,Fenerbahce,1,1,hc,2.50,home,1.07,1
QsjqYywq,Rangers,Fenerbahce,1,1,hc,2.50,away,13.5,1
QsjqYywq,Rangers,Fenerbahce,1,1,hc,-2.75,home,24.84,1
QsjqYywq,Rangers,Fenerbahce,1,1,hc,-2.75,away,1.03,1
QsjqYywq,Rangers,Fenerbahce,1,1,hc,2.75,home,1.04,1
QsjqYywq,Rangers,Fenerbahce,1,1,hc,2.75,away,19.91,1
QsjqYywq,Rangers,Fenerbahce,1,1,hc,-3.00,home,53.17,1
QsjqYywq,Rangers,Fenerbahce,1,1,hc,3.00,away,38.03,1
QsjqYywq,Rangers,Fenerbahce,1,1,hc,-3.25,home,54.08,1
QsjqYywq,Rangers,Fenerbahce,1,1,hc,3.25,away,39.01,1
QsjqYywq,Rangers,Fenerbahce,1,1,hc,-3.50,home,55.0,1
QsjqYywq,Rangers,Fenerbahce,1,1,hc,3.50,away,40.0,1
QsjqYywq,Rangers,Fenerbahce,1,1,hc,-3.75,home,55.0,1
QsjqYywq,Rangers,Fenerbahce,1,1,hc,3.75,away,40.0,1
QsjqYywq,Rangers,Fenerbahce,1,1,hc,-0.25,home,2.68,1
QsjqYywq,Rangers,Fenerbahce,1,1,hc,-0.25,away,1.58,1
QsjqYywq,Rangers,Fenerbahce,1,1,hc,0.25,home,1.88,1
QsjqYywq,Rangers,Fenerbahce,1,1,hc,0.25,away,2.11,1
QsjqYywq,Rangers,Fenerbahce,1,1,dc,0,home/draw,1.68,1
QsjqYywq,Rangers,Fenerbahce,1,1,dc,0,home/away,1.35,1
QsjqYywq,Rangers,Fenerbahce,1,1,dc,0,draw/away,1.47,1
ARXaUEg5,Manchester Utd,Real Sociedad,4,4,1x2,0,home,1.99,1
ARXaUEg5,Manchester Utd,Real Sociedad,4,4,1x2,0,draw,3.55,1
ARXaUEg5,Manchester Utd,Real Sociedad,4,4,1x2,0,away,4.5,1
ARXaUEg5,Manchester Utd,Real Sociedad,4,4,ou,0.50,over,1.09,1
ARXaUEg5,Manchester Utd,Real Sociedad,4,4,ou,0.50,under,11.0,1
ARXaUEg5,Manchester Utd,Real Sociedad,4,4,ou,1.50,over,1.41,1
ARXaUEg5,Manchester Utd,Real Sociedad,4,4,ou,1.50,under,3.35,1
ARXaUEg5,Manchester Utd,Real Sociedad,4,4,ou,2.50,over,2.26,1
ARXaUEg5,Manchester Utd,Real Sociedad,4,4,ou,2.50,under,1.78,1
ARXaUEg5,Manchester Utd,Real Sociedad,4,4,ou,3.50,over,4.3,1
ARXaUEg5,Manchester Utd,Real Sociedad,4,4,ou,3.50,under,1.29,1
ARXaUEg5,Manchester Utd,Real Sociedad,4,4,ou,4.50,over,10.0,1
ARXaUEg5,Manchester Utd,Real Sociedad,4,4,ou,4.50,under,1.1,1
ARXaUEg5,Manchester Utd,Real Sociedad,4,4,ou,5.50,over,28.0,1
ARXaUEg5,Manchester Utd,Real Sociedad,4,4,ou,5.50,under,1.03,1
ARXaUEg5,Manchester Utd,Real Sociedad,4,4,ou,6.50,over,65.0,1
ARXaUEg5,Manchester Utd,Real Sociedad,4,4,hc,0,home,1.43,1
ARXaUEg5,Manchester Utd,Real Sociedad,4,4,hc,0,away,3.25,1
ARXaUEg5,Manchester Utd,Real Sociedad,4,4,hc,-0.50,home,1.99,1
ARXaUEg5,Manchester Utd,Real Sociedad,4,4,hc,-0.50,away,2.0,1
ARXaUEg5,Manchester Utd,Real Sociedad,4,4,hc,0.50,home,1.27,1
ARXaUEg5,Manchester Utd,Real Sociedad,4,4,hc,0.50,away,4.5,1
ARXaUEg5,Manchester Utd,Real Sociedad,4,4,hc,-0.75,home,2.33,1
ARXaUEg5,Manchester Utd,Real Sociedad,4,4,hc,-0.75,away,1.74,1
ARXaUEg5,Manchester Utd,Real Sociedad,4,4,hc,0.75,home,1.18,1
ARXaUEg5,Manchester Utd,Real Sociedad,4,4,hc,0.75,away,6.2,1
ARXaUEg5,Manchester Utd,Real Sociedad,4,4,hc,-1.00,home,3.04,1
ARXaUEg5,Manchester Utd,Real Sociedad,4,4,hc,-1.00,away,1.48,1
ARXaUEg5,Manchester Utd,Real Sociedad,4,4,hc,1.00,home,1.08,1
ARXaUEg5,Manchester Utd,Real Sociedad,4,4,hc,1.00,away,11.0,1
ARXaUEg5,Manchester Utd,Real Sociedad,4,4,hc,-1.25,home,3.56,1
ARXaUEg5,Manchester Utd,Real Sociedad,4,4,hc,-1.25,away,1.38,1
ARXaUEg5,Manchester Utd,Real Sociedad,4,4,hc,1.25,home,1.07,1
ARXaUEg5,Manchester Utd,Real Sociedad,4,4,hc,1.25,away,11.83,1
ARXaUEg5,Manchester Utd,Real Sociedad,4,4,hc,-1.50,home,4.08,1
ARXaUEg5,Manchester Utd,Real Sociedad,4,4,hc,-1.50,away,1.31,1
ARXaUEg5,Manchester Utd,Real Sociedad,4,4,hc,1.50,home,1.07,1
ARXaUEg5,Manchester Utd,Real Sociedad,4,4,hc,1.50,away,12.75,1
ARXaUEg5,Manchester Utd,Real Sociedad,4,4,hc,-1.75,home,5.4,1
ARXaUEg5,Manchester Utd,Real Sociedad,4,4,hc,-1.75,away,1.21,1
ARXaUEg5,Manchester Utd,Real Sociedad,4,4,hc,1.75,home,1.04,1
ARXaUEg5,Manchester Utd,Real Sociedad,4,4,hc,1.75,away,19.8,1
ARXaUEg5,Manchester Utd,Real Sociedad,4,4,hc,-2.00,home,8.61,1
ARXaUEg5,Manchester Utd,Real Sociedad,4,4,hc,-2.00,away,1.11,1
ARXaUEg5,Manchester Utd,Real Sociedad,4,4,hc,2.00,away,48.07,1
ARXaUEg5,Manchester Utd,Real Sociedad,4,4,hc,-2.25,home,9.35,1
ARXaUEg5,Manchester Utd,Real Sociedad,4,4,hc,-2.25,away,1.1,1
ARXaUEg5,Manchester Utd,Real Sociedad,4,4,hc,2.25,away,49.53,1
ARXaUEg5,Manchester Utd,Real Sociedad,4,4,hc,-2.50,home,10.09,1
ARXaUEg5,Manchester Utd,Real Sociedad,4,4,hc,-2.50,away,1.09,1
ARXaUEg5,Manchester Utd,Real Sociedad,4,4,hc,2.50,away,51.0,1
ARXaUEg5,Manchester Utd,Real Sociedad,4,4,hc,-2.75,home,14.6,1
ARXaUEg5,Manchester Utd,Real Sociedad,4,4,hc,-2.75,away,1.06,1
ARXaUEg5,Manchester Utd,Real Sociedad,4,4,hc,2.75,away,71.17,1
ARXaUEg5,Manchester Utd,Real Sociedad,4,4,hc,-3.00,home,28.14,1
ARXaUEg5,Manchester Utd,Real Sociedad,4,4,hc,-3.00,away,1.03,1
ARXaUEg5,Manchester Utd,Real Sociedad,4,4,hc,-3.25,home,29.07,1
ARXaUEg5,Manchester Utd,Real Sociedad,4,4,hc,-3.25,away,1.02,1
ARXaUEg5,Manchester Utd,Real Sociedad,4,4,hc,-3.50,home,30.0,1
ARXaUEg5,Manchester Utd,Real Sociedad,4,4,hc,-3.50,away,1.02,1
ARXaUEg5,Manchester Utd,Real Sociedad,4,4,hc,-3.75,home,30.0,1
ARXaUEg5,Manchester Utd,Real Sociedad,4,4,hc,-4.00,home,30.0,1
ARXaUEg5,Manchester Utd,Real Sociedad,4,4,hc,-0.25,home,1.71,1
ARXaUEg5,Manchester Utd,Real Sociedad,4,4,hc,-0.25,away,2.38,1
ARXaUEg5,Manchester Utd,Real Sociedad,4,4,hc,0.25,home,1.33,1
ARXaUEg5,Manchester Utd,Real Sociedad,4,4,hc,0.25,away,3.87,1
ARXaUEg5,Manchester Utd,Real Sociedad,4,4,dc,0,home/draw,1.27,1
ARXaUEg5,Manchester Utd,Real Sociedad,4,4,dc,0,home/away,1.38,1
ARXaUEg5,Manchester Utd,Real Sociedad,4,4,dc,0,draw/away,2.0,1
IeFhzpQQ,Eintracht Frankfurt,Ajax,4,4,1x2,0,home,1.73,1
IeFhzpQQ,Eintracht Frankfurt,Ajax,4,4,1x2,0,draw,4.4,1
IeFhzpQQ,Eintracht Frankfurt,Ajax,4,4,1x2,0,away,5.0,1
IeFhzpQQ,Eintracht Frankfurt,Ajax,4,4,ou,0.50,over,1.04,1
IeFhzpQQ,Eintracht Frankfurt,Ajax,4,4,ou,0.50,under,24.0,1
IeFhzpQQ,Eintracht Frankfurt,Ajax,4,4,ou,1.50,over,1.18,1
IeFhzpQQ,Eintracht Frankfurt,Ajax,4,4,ou,1.50,under,6.2,1
IeFhzpQQ,Eintracht Frankfurt,Ajax,4,4,ou,2.50,over,1.54,1
IeFhzpQQ,Eintracht Frankfurt,Ajax,4,4,ou,2.50,under,2.82,1
IeFhzpQQ,Eintracht Frankfurt,Ajax,4,4,ou,3.50,over,2.4,1
IeFhzpQQ,Eintracht Frankfurt,Ajax,4,4,ou,3.50,under,1.7,1
IeFhzpQQ,Eintracht Frankfurt,Ajax,4,4,ou,4.50,over,4.4,1
IeFhzpQQ,Eintracht Frankfurt,Ajax,4,4,ou,4.50,under,1.28,1
IeFhzpQQ,Eintracht Frankfurt,Ajax,4,4,ou,5.50,over,9.6,1
IeFhzpQQ,Eintracht Frankfurt,Ajax,4,4,ou,5.50,under,1.11,1
IeFhzpQQ,Eintracht Frankfurt,Ajax,4,4,ou,6.50,over,22.0,1
IeFhzpQQ,Eintracht Frankfurt,Ajax,4,4,ou,6.50,under,1.04,1
IeFhzpQQ,Eintracht Frankfurt,Ajax,4,4,ou,7.50,over,50.0,1
IeFhzpQQ,Eintracht Frankfurt,Ajax,4,4,hc,0,home,1.33,1
IeFhzpQQ,Eintracht Frankfurt,Ajax,4,4,hc,0,away,3.89,1
IeFhzpQQ,Eintracht Frankfurt,Ajax,4,4,hc,-0.50,home,1.72,1
IeFhzpQQ,Eintracht Frankfurt,Ajax,4,4,hc,-0.50,away,2.37,1
IeFhzpQQ,Eintracht Frankfurt,Ajax,4,4,hc,0.50,home,1.24,1
IeFhzpQQ,Eintracht Frankfurt,Ajax,4,4,hc,0.50,away,5.0,1
IeFhzpQQ,Eintracht Frankfurt,Ajax,4,4,hc,-0.75,home,1.89,1
IeFhzpQQ,Eintracht Frankfurt,Ajax,4,4,hc,-0.75,away,2.09,1
IeFhzpQQ,Eintracht Frankfurt,Ajax,4,4,hc,0.75,home,1.16,1
IeFhzpQQ,Eintracht Frankfurt,Ajax,4,4,hc,0.75,away,6.72,1
IeFhzpQQ,Eintracht Frankfurt,Ajax,4,4,hc,-1.00,home,2.19,1
IeFhzpQQ,Eintracht Frankfurt,Ajax,4,4,hc,-1.00,away,1.81,1
IeFhzpQQ,Eintracht Frankfurt,Ajax,4,4,hc,1.00,home,1.09,1
IeFhzpQQ,Eintracht Frankfurt,Ajax,4,4,hc,1.00,away,11.0,1
IeFhzpQQ,Eintracht Frankfurt,Ajax,4,4,hc,-1.25,home,2.51,1
IeFhzpQQ,Eintracht Frankfurt,Ajax,4,4,hc,-1.25,away,1.63,1
IeFhzpQQ,Eintracht Frankfurt,Ajax,4,4,hc,1.25,home,1.08,1
IeFhzpQQ,Eintracht Frankfurt,Ajax,4,4,hc,1.25,away,11.75,1
IeFhzpQQ,Eintracht Frankfurt,Ajax,4,4,hc,-1.50,home,2.83,1
IeFhzpQQ,Eintracht Frankfurt,Ajax,4,4,hc,-1.50,away,1.52,1
IeFhzpQQ,Eintracht Frankfurt,Ajax,4,4,hc,1.50,home,1.08,1
IeFhzpQQ,Eintracht Frankfurt,Ajax,4,4,hc,1.50,away,12.5,1
IeFhzpQQ,Eintracht Frankfurt,Ajax,4,4,hc,-1.75,home,3.42,1
IeFhzpQQ,Eintracht Frankfurt,Ajax,4,4,hc,-1.75,away,1.39,1
IeFhzpQQ,Eintracht Frankfurt,Ajax,4,4,hc,1.75,home,1.05,1
IeFhzpQQ,Eintracht Frankfurt,Ajax,4,4,hc,1.75,away,18.3,1
IeFhzpQQ,Eintracht Frankfurt,Ajax,4,4,hc,-2.00,home,4.55,1
IeFhzpQQ,Eintracht Frankfurt,Ajax,4,4,hc,-2.00,away,1.26,1
IeFhzpQQ,Eintracht Frankfurt,Ajax,4,4,hc,2.00,home,1.02,1
IeFhzpQQ,Eintracht Frankfurt,Ajax,4,4,hc,2.00,away,35.96,1
IeFhzpQQ,Eintracht Frankfurt,Ajax,4,4,hc,-2.25,home,5.02,1
IeFhzpQQ,Eintracht Frankfurt,Ajax,4,4,hc,-2.25,away,1.23,1
IeFhzpQQ,Eintracht Frankfurt,Ajax,4,4,hc,2.25,home,1.02,1
IeFhzpQQ,Eintracht Frankfurt,Ajax,4,4,hc,2.25,away,36.98,1
IeFhzpQQ,Eintracht Frankfurt,Ajax,4,4,hc,-2.50,home,5.4,1
IeFhzpQQ,Eintracht Frankfurt,Ajax,4,4,hc,-2.50,away,1.21,1
IeFhzpQQ,Eintracht Frankfurt,Ajax,4,4,hc,2.50,home,1.02,1
IeFhzpQQ,Eintracht Frankfurt,Ajax,4,4,hc,2.50,away,38.0,1
IeFhzpQQ,Eintracht Frankfurt,Ajax,4,4,hc,-2.75,home,7.39,1
IeFhzpQQ,Eintracht Frankfurt,Ajax,4,4,hc,-2.75,away,1.14,1
IeFhzpQQ,Eintracht Frankfurt,Ajax,4,4,hc,2.75,away,59.2,1
IeFhzpQQ,Eintracht Frankfurt,Ajax,4,4,hc,-3.00,home,11.63,1
IeFhzpQQ,Eintracht Frankfurt,Ajax,4,4,hc,-3.00,away,1.08,1
IeFhzpQQ,Eintracht Frankfurt,Ajax,4,4,hc,-3.25,home,12.31,1
IeFhzpQQ,Eintracht Frankfurt,Ajax,4,4,hc,-3.25,away,1.07,1
IeFhzpQQ,Eintracht Frankfurt,Ajax,4,4,hc,-3.50,home,13.0,1
IeFhzpQQ,Eintracht Frankfurt,Ajax,4,4,hc,-3.50,away,1.07,1
IeFhzpQQ,Eintracht Frankfurt,Ajax,4,4,hc,-3.75,home,13.0,1
IeFhzpQQ,Eintracht Frankfurt,Ajax,4,4,hc,-3.75,away,1.04,1
IeFhzpQQ,Eintracht Frankfurt,Ajax,4,4,hc,-4.00,home,13.0,1
IeFhzpQQ,Eintracht Frankfurt,Ajax,4,4,hc,-0.25,home,1.52,1
IeFhzpQQ,Eintracht Frankfurt,Ajax,4,4,hc,-0.25,away,2.85,1
IeFhzpQQ,Eintracht Frankfurt,Ajax,4,4,hc,0.25,home,1.28,1
IeFhzpQQ,Eintracht Frankfurt,Ajax,4,4,hc,0.25,away,4.45,1
IeFhzpQQ,Eintracht Frankfurt,Ajax,4,4,dc,0,home/draw,1.24,1
IeFhzpQQ,Eintracht Frankfurt,Ajax,4,4,dc,0,home/away,1.28,1
IeFhzpQQ,Eintracht Frankfurt,Ajax,4,4,dc,0,draw/away,2.36,1
lIhZrE8b,Ath Bilbao,AS Roma,3,3,1x2,0,home,2.06,1
lIhZrE8b,Ath Bilbao,AS Roma,3,3,1x2,0,draw,3.65,1
lIhZrE8b,Ath Bilbao,AS Roma,3,3,1x2,0,away,4.1,1
lIhZrE8b,Ath Bilbao,AS Roma,3,3,ou,0.50,over,1.08,1
lIhZrE8b,Ath Bilbao,AS Roma,3,3,ou,0.50,under,12.0,1
lIhZrE8b,Ath Bilbao,AS Roma,3,3,ou,1.50,over,1.4,1
lIhZrE8b,Ath Bilbao,AS Roma,3,3,ou,1.50,under,3.4,1
lIhZrE8b,Ath Bilbao,AS Roma,3,3,ou,2.50,over,2.24,1
lIhZrE8b,Ath Bilbao,AS Roma,3,3,ou,2.50,under,1.79,1
lIhZrE8b,Ath Bilbao,AS Roma,3,3,ou,3.50,over,4.4,1
lIhZrE8b,Ath Bilbao,AS Roma,3,3,ou,3.50,under,1.28,1
lIhZrE8b,Ath Bilbao,AS Roma,3,3,ou,4.50,over,10.5,1
lIhZrE8b,Ath Bilbao,AS Roma,3,3,ou,4.50,under,1.1,1
lIhZrE8b,Ath Bilbao,AS Roma,3,3,ou,5.50,over,28.0,1
lIhZrE8b,Ath Bilbao,AS Roma,3,3,ou,5.50,under,1.03,1
lIhZrE8b,Ath Bilbao,AS Roma,3,3,ou,6.50,over,65.0,1
lIhZrE8b,Ath Bilbao,AS Roma,3,3,hc,0,home,1.49,1
lIhZrE8b,Ath Bilbao,AS Roma,3,3,hc,0,away,2.96,1
lIhZrE8b,Ath Bilbao,AS Roma,3,3,hc,-0.50,home,2.06,1
lIhZrE8b,Ath Bilbao,AS Roma,3,3,hc,-0.50,away,1.91,1
lIhZrE8b,Ath Bilbao,AS Roma,3,3,hc,0.50,home,1.31,1
lIhZrE8b,Ath Bilbao,AS Roma,3,3,hc,0.50,away,4.1,1
lIhZrE8b,Ath Bilbao,AS Roma,3,3,hc,-0.75,home,2.44,1
lIhZrE8b,Ath Bilbao,AS Roma,3,3,hc,-0.75,away,1.67,1
lIhZrE8b,Ath Bilbao,AS Roma,3,3,hc,0.75,home,1.2,1
lIhZrE8b,Ath Bilbao,AS Roma,3,3,hc,0.75,away,5.6,1
lIhZrE8b,Ath Bilbao,AS Roma,3,3,hc,-1.00,home,3.21,1
lIhZrE8b,Ath Bilbao,AS Roma,3,3,hc,-1.00,away,1.43,1
lIhZrE8b,Ath Bilbao,AS Roma,3,3,hc,1.00,home,1.09,1
lIhZrE8b,Ath Bilbao,AS Roma,3,3,hc,1.00,away,9.76,1
lIhZrE8b,Ath Bilbao,AS Roma,3,3,hc,-1.25,home,3.75,1
lIhZrE8b,Ath Bilbao,AS Roma,3,3,hc,-1.25,away,1.35,1
lIhZrE8b,Ath Bilbao,AS Roma,3,3,hc,1.25,home,1.08,1
lIhZrE8b,Ath Bilbao,AS Roma,3,3,hc,1.25,away,10.67,1
lIhZrE8b,Ath Bilbao,AS Roma,3,3,hc,-1.50,home,4.3,1
lIhZrE8b,Ath Bilbao,AS Roma,3,3,hc,-1.50,away,1.29,1
lIhZrE8b,Ath Bilbao,AS Roma,3,3,hc,1.50,home,1.08,1
lIhZrE8b,Ath Bilbao,AS Roma,3,3,hc,1.50,away,11.59,1
lIhZrE8b,Ath Bilbao,AS Roma,3,3,hc,-1.75,home,5.8,1
lIhZrE8b,Ath Bilbao,AS Roma,3,3,hc,-1.75,away,1.19,1
lIhZrE8b,Ath Bilbao,AS Roma,3,3,hc,1.75,home,1.04,1
lIhZrE8b,Ath Bilbao,AS Roma,3,3,hc,1.75,away,18.25,1
lIhZrE8b,Ath Bilbao,AS Roma,3,3,hc,-2.00,home,9.84,1
lIhZrE8b,Ath Bilbao,AS Roma,3,3,hc,-2.00,away,1.1,1
lIhZrE8b,Ath Bilbao,AS Roma,3,3,hc,2.00,away,47.7,1
lIhZrE8b,Ath Bilbao,AS Roma,3,3,hc,-2.25,home,10.67,1
lIhZrE8b,Ath Bilbao,AS Roma,3,3,hc,-2.25,away,1.09,1
lIhZrE8b,Ath Bilbao,AS Roma,3,3,hc,2.25,away,49.35,1
lIhZrE8b,Ath Bilbao,AS Roma,3,3,hc,-2.50,home,11.5,1
lIhZrE8b,Ath Bilbao,AS Roma,3,3,hc,-2.50,away,1.08,1
lIhZrE8b,Ath Bilbao,AS Roma,3,3,hc,2.50,away,51.0,1
lIhZrE8b,Ath Bilbao,AS Roma,3,3,hc,-2.75,home,16.44,1
lIhZrE8b,Ath Bilbao,AS Roma,3,3,hc,-2.75,away,1.05,1
lIhZrE8b,Ath Bilbao,AS Roma,3,3,hc,2.75,away,81.45,1
lIhZrE8b,Ath Bilbao,AS Roma,3,3,hc,-3.00,home,30.21,1
lIhZrE8b,Ath Bilbao,AS Roma,3,3,hc,-3.00,away,1.02,1
lIhZrE8b,Ath Bilbao,AS Roma,3,3,hc,-3.25,home,31.1,1
lIhZrE8b,Ath Bilbao,AS Roma,3,3,hc,-3.25,away,1.02,1
lIhZrE8b,Ath Bilbao,AS Roma,3,3,hc,-3.50,home,32.0,1
lIhZrE8b,Ath Bilbao,AS Roma,3,3,hc,-3.50,away,1.02,1
lIhZrE8b,Ath Bilbao,AS Roma,3,3,hc,-3.75,home,32.0,1
lIhZrE8b,Ath Bilbao,AS Roma,3,3,hc,-0.25,home,1.77,1
lIhZrE8b,Ath Bilbao,AS Roma,3,3,hc,-0.25,away,2.24,1
lIhZrE8b,Ath Bilbao,AS Roma,3,3,hc,0.25,home,1.38,1
lIhZrE8b,Ath Bilbao,AS Roma,3,3,hc,0.25,away,3.53,1
lIhZrE8b,Ath Bilbao,AS Roma,3,3,dc,0,home/draw,1.31,1
lIhZrE8b,Ath Bilbao,AS Roma,3,3,dc,0,home/away,1.37,1
lIhZrE8b,Ath Bilbao,AS Roma,3,3,dc,0,draw/away,1.92,1
v7PGQWhU,Olympiacos Piraeus,Bodo/Glimt,2,2,1x2,0,home,1.61,1
v7PGQWhU,Olympiacos Piraeus,Bodo/Glimt,2,2,1x2,0,draw,4.6,1
v7PGQWhU,Olympiacos Piraeus,Bodo/Glimt,2,2,1x2,0,away,6.0,1
v7PGQWhU,Olympiacos Piraeus,Bodo/Glimt,2,2,ou,0.50,over,1.04,1
v7PGQWhU,Olympiacos Piraeus,Bodo/Glimt,2,2,ou,0.50,under,21.0,1
v7PGQWhU,Olympiacos Piraeus,Bodo/Glimt,2,2,ou,1.50,over,1.21,1
v7PGQWhU,Olympiacos Piraeus,Bodo/Glimt,2,2,ou,1.50,under,5.4,1
v7PGQWhU,Olympiacos Piraeus,Bodo/Glimt,2,2,ou,2.50,over,1.65,1
v7PGQWhU,Olympiacos Piraeus,Bodo/Glimt,2,2,ou,2.50,under,2.5,1
v7PGQWhU,Olympiacos Piraeus,Bodo/Glimt,2,2,ou,3.50,over,2.68,1
v7PGQWhU,Olympiacos Piraeus,Bodo/Glimt,2,2,ou,3.50,under,1.57,1
v7PGQWhU,Olympiacos Piraeus,Bodo/Glimt,2,2,ou,4.50,over,5.2,1
v7PGQWhU,Olympiacos Piraeus,Bodo/Glimt,2,2,ou,4.50,under,1.22,1
v7PGQWhU,Olympiacos Piraeus,Bodo/Glimt,2,2,ou,5.50,over,11.0,1
v7PGQWhU,Olympiacos Piraeus,Bodo/Glimt,2,2,ou,5.50,under,1.09,1
v7PGQWhU,Olympiacos Piraeus,Bodo/Glimt,2,2,ou,6.50,over,27.0,1
v7PGQWhU,Olympiacos Piraeus,Bodo/Glimt,2,2,ou,6.50,under,1.03,1
v7PGQWhU,Olympiacos Piraeus,Bodo/Glimt,2,2,ou,7.50,over,70.0,1
v7PGQWhU,Olympiacos Piraeus,Bodo/Glimt,2,2,hc,0,home,1.26,1
v7PGQWhU,Olympiacos Piraeus,Bodo/Glimt,2,2,hc,0,away,4.7,1
v7PGQWhU,Olympiacos Piraeus,Bodo/Glimt,2,2,hc,-0.50,home,1.61,1
v7PGQWhU,Olympiacos Piraeus,Bodo/Glimt,2,2,hc,-0.50,away,2.61,1
v7PGQWhU,Olympiacos Piraeus,Bodo/Glimt,2,2,hc,0.50,home,1.19,1
v7PGQWhU,Olympiacos Piraeus,Bodo/Glimt,2,2,hc,0.50,away,6.0,1
v7PGQWhU,Olympiacos Piraeus,Bodo/Glimt,2,2,hc,-0.75,home,1.76,1
v7PGQWhU,Olympiacos Piraeus,Bodo/Glimt,2,2,hc,-0.75,away,2.29,1
v7PGQWhU,Olympiacos Piraeus,Bodo/Glimt,2,2,hc,0.75,home,1.12,1
v7PGQWhU,Olympiacos Piraeus,Bodo/Glimt,2,2,hc,0.75,away,8.34,1
v7PGQWhU,Olympiacos Piraeus,Bodo/Glimt,2,2,hc,-1.00,home,2.01,1
v7PGQWhU,Olympiacos Piraeus,Bodo/Glimt,2,2,hc,-1.00,away,1.97,1
v7PGQWhU,Olympiacos Piraeus,Bodo/Glimt,2,2,hc,1.00,home,1.06,1
v7PGQWhU,Olympiacos Piraeus,Bodo/Glimt,2,2,hc,1.00,away,14.85,1
v7PGQWhU,Olympiacos Piraeus,Bodo/Glimt,2,2,hc,-1.25,home,2.32,1
v7PGQWhU,Olympiacos Piraeus,Bodo/Glimt,2,2,hc,-1.25,away,1.73,1
v7PGQWhU,Olympiacos Piraeus,Bodo/Glimt,2,2,hc,1.25,home,1.06,1
v7PGQWhU,Olympiacos Piraeus,Bodo/Glimt,2,2,hc,1.25,away,15.74,1
v7PGQWhU,Olympiacos Piraeus,Bodo/Glimt,2,2,hc,-1.50,home,2.63,1
v7PGQWhU,Olympiacos Piraeus,Bodo/Glimt,2,2,hc,-1.50,away,1.58,1
v7PGQWhU,Olympiacos Piraeus,Bodo/Glimt,2,2,hc,1.50,home,1.05,1
v7PGQWhU,Olympiacos Piraeus,Bodo/Glimt,2,2,hc,1.50,away,16.62,1
v7PGQWhU,Olympiacos Piraeus,Bodo/Glimt,2,2,hc,-1.75,home,3.19,1
v7PGQWhU,Olympiacos Piraeus,Bodo/Glimt,2,2,hc,-1.75,away,1.43,1
v7PGQWhU,Olympiacos Piraeus,Bodo/Glimt,2,2,hc,1.75,home,1.03,1
v7PGQWhU,Olympiacos Piraeus,Bodo/Glimt,2,2,hc,1.75,away,25.47,1
v7PGQWhU,Olympiacos Piraeus,Bodo/Glimt,2,2,hc,-2.00,home,4.32,1
v7PGQWhU,Olympiacos Piraeus,Bodo/Glimt,2,2,hc,-2.00,away,1.29,1
v7PGQWhU,Olympiacos Piraeus,Bodo/Glimt,2,2,hc,2.00,away,55.19,1
v7PGQWhU,Olympiacos Piraeus,Bodo/Glimt,2,2,hc,-2.25,home,4.83,1
v7PGQWhU,Olympiacos Piraeus,Bodo/Glimt,2,2,hc,-2.25,away,1.25,1
v7PGQWhU,Olympiacos Piraeus,Bodo/Glimt,2,2,hc,2.25,away,56.44,1
v7PGQWhU,Olympiacos Piraeus,Bodo/Glimt,2,2,hc,-2.50,home,5.34,1
v7PGQWhU,Olympiacos Piraeus,Bodo/Glimt,2,2,hc,-2.50,away,1.22,1
v7PGQWhU,Olympiacos Piraeus,Bodo/Glimt,2,2,hc,2.50,away,57.69,1
v7PGQWhU,Olympiacos Piraeus,Bodo/Glimt,2,2,hc,-2.75,home,7.07,1
v7PGQWhU,Olympiacos Piraeus,Bodo/Glimt,2,2,hc,-2.75,away,1.15,1
v7PGQWhU,Olympiacos Piraeus,Bodo/Glimt,2,2,hc,-3.00,home,11.08,1
v7PGQWhU,Olympiacos Piraeus,Bodo/Glimt,2,2,hc,-3.00,away,1.09,1
v7PGQWhU,Olympiacos Piraeus,Bodo/Glimt,2,2,hc,-3.25,home,11.74,1
v7PGQWhU,Olympiacos Piraeus,Bodo/Glimt,2,2,hc,-3.25,away,1.08,1
v7PGQWhU,Olympiacos Piraeus,Bodo/Glimt,2,2,hc,-3.50,home,12.4,1
v7PGQWhU,Olympiacos Piraeus,Bodo/Glimt,2,2,hc,-3.50,away,1.08,1
v7PGQWhU,Olympiacos Piraeus,Bodo/Glimt,2,2,hc,-3.75,home,17.99,1
v7PGQWhU,Olympiacos Piraeus,Bodo/Glimt,2,2,hc,-3.75,away,1.05,1
v7PGQWhU,Olympiacos Piraeus,Bodo/Glimt,2,2,hc,-4.00,home,34.33,1
v7PGQWhU,Olympiacos Piraeus,Bodo/Glimt,2,2,hc,-4.00,away,1.02,1
v7PGQWhU,Olympiacos Piraeus,Bodo/Glimt,2,2,hc,-0.25,home,1.43,1
v7PGQWhU,Olympiacos Piraeus,Bodo/Glimt,2,2,hc,-0.25,away,3.24,1
v7PGQWhU,Olympiacos Piraeus,Bodo/Glimt,2,2,hc,0.25,home,1.22,1
v7PGQWhU,Olympiacos Piraeus,Bodo/Glimt,2,2,hc,0.25,away,5.35,1
v7PGQWhU,Olympiacos Piraeus,Bodo/Glimt,2,2,dc,0,home/draw,1.19,1
v7PGQWhU,Olympiacos Piraeus,Bodo/Glimt,2,2,dc,0,home/away,1.27,1
v7PGQWhU,Olympiacos Piraeus,Bodo/Glimt,2,2,dc,0,draw/away,2.6,1
AgfXS1I0,Lazio,Plzen,1,1,1x2,0,home,1.56,1
AgfXS1I0,Lazio,Plzen,1,1,1x2,0,draw,4.6,1
AgfXS1I0,Lazio,Plzen,1,1,1x2,0,away,6.8,1
AgfXS1I0,Lazio,Plzen,1,1,ou,0.50,over,1.05,1
AgfXS1I0,Lazio,Plzen,1,1,ou,0.50,under,19.0,1
AgfXS1I0,Lazio,Plzen,1,1,ou,1.50,over,1.25,1
AgfXS1I0,Lazio,Plzen,1,1,ou,1.50,under,4.8,1
AgfXS1I0,Lazio,Plzen,1,1,ou,2.50,over,1.74,1
AgfXS1I0,Lazio,Plzen,1,1,ou,2.50,under,2.3,1
AgfXS1I0,Lazio,Plzen,1,1,ou,3.50,over,2.92,1
AgfXS1I0,Lazio,Plzen,1,1,ou,3.50,under,1.5,1
AgfXS1I0,Lazio,Plzen,1,1,ou,4.50,over,5.8,1
AgfXS1I0,Lazio,Plzen,1,1,ou,4.50,under,1.2,1
AgfXS1I0,Lazio,Plzen,1,1,ou,5.50,over,14.0,1
AgfXS1I0,Lazio,Plzen,1,1,ou,5.50,under,1.07,1
AgfXS1I0,Lazio,Plzen,1,1,ou,6.50,over,32.0,1
AgfXS1I0,Lazio,Plzen,1,1,ou,6.50,under,1.02,1
AgfXS1I0,Lazio,Plzen,1,1,hc,0,home,1.22,1
AgfXS1I0,Lazio,Plzen,1,1,hc,0,away,5.41,1
AgfXS1I0,Lazio,Plzen,1,1,hc,-0.50,home,1.55,1
AgfXS1I0,Lazio,Plzen,1,1,hc,-0.50,away,2.78,1
AgfXS1I0,Lazio,Plzen,1,1,hc,0.50,home,1.16,1
AgfXS1I0,Lazio,Plzen,1,1,hc,0.50,away,6.88,1
AgfXS1I0,Lazio,Plzen,1,1,hc,-0.75,home,1.68,1
AgfXS1I0,Lazio,Plzen,1,1,hc,-0.75,away,2.43,1
AgfXS1I0,Lazio,Plzen,1,1,hc,0.75,home,1.1,1
AgfXS1I0,Lazio,Plzen,1,1,hc,0.75,away,9.96,1
AgfXS1I0,Lazio,Plzen,1,1,hc,-1.00,home,1.9,1
AgfXS1I0,Lazio,Plzen,1,1,hc,-1.00,away,2.07,1
AgfXS1I0,Lazio,Plzen,1,1,hc,1.00,home,1.04,1
AgfXS1I0,Lazio,Plzen,1,1,hc,1.00,away,19.8,1
AgfXS1I0,Lazio,Plzen,1,1,hc,-1.25,home,2.22,1
AgfXS1I0,Lazio,Plzen,1,1,hc,-1.25,away,1.79,1
AgfXS1I0,Lazio,Plzen,1,1,hc,1.25,home,1.04,1
AgfXS1I0,Lazio,Plzen,1,1,hc,1.25,away,20.9,1
AgfXS1I0,Lazio,Plzen,1,1,hc,-1.50,home,2.54,1
AgfXS1I0,Lazio,Plzen,1,1,hc,-1.50,away,1.62,1
AgfXS1I0,Lazio,Plzen,1,1,hc,1.50,home,1.04,1
AgfXS1I0,Lazio,Plzen,1,1,hc,1.50,away,22.0,1
AgfXS1I0,Lazio,Plzen,1,1,hc,-1.75,home,3.04,1
AgfXS1I0,Lazio,Plzen,1,1,hc,-1.75,away,1.46,1
AgfXS1I0,Lazio,Plzen,1,1,hc,1.75,home,1.02,1
AgfXS1I0,Lazio,Plzen,1,1,hc,1.75,away,35.42,1
AgfXS1I0,Lazio,Plzen,1,1,hc,-2.00,home,4.03,1
AgfXS1I0,Lazio,Plzen,1,1,hc,-2.00,away,1.3,1
AgfXS1I0,Lazio,Plzen,1,1,hc,2.00,away,78.81,1
AgfXS1I0,Lazio,Plzen,1,1,hc,-2.25,home,4.51,1
AgfXS1I0,Lazio,Plzen,1,1,hc,-2.25,away,1.26,1
AgfXS1I0,Lazio,Plzen,1,1,hc,2.25,away,80.14,1
AgfXS1I0,Lazio,Plzen,1,1,hc,-2.50,home,5.0,1
AgfXS1I0,Lazio,Plzen,1,1,hc,-2.50,away,1.23,1
AgfXS1I0,Lazio,Plzen,1,1,hc,2.50,away,81.48,1
AgfXS1I0,Lazio,Plzen,1,1,hc,-2.75,home,6.58,1
AgfXS1I0,Lazio,Plzen,1,1,hc,-2.75,away,1.16,1
AgfXS1I0,Lazio,Plzen,1,1,hc,-3.00,home,10.2,1
AgfXS1I0,Lazio,Plzen,1,1,hc,-3.00,away,1.09,1
AgfXS1I0,Lazio,Plzen,1,1,hc,-3.25,home,10.85,1
AgfXS1I0,Lazio,Plzen,1,1,hc,-3.25,away,1.08,1
AgfXS1I0,Lazio,Plzen,1,1,hc,-3.50,home,11.5,1
AgfXS1I0,Lazio,Plzen,1,1,hc,-3.50,away,1.08,1
AgfXS1I0,Lazio,Plzen,1,1,hc,-3.75,home,12.51,1
AgfXS1I0,Lazio,Plzen,1,1,hc,-3.75,away,1.05,1
AgfXS1I0,Lazio,Plzen,1,1,hc,-4.00,home,12.51,1
AgfXS1I0,Lazio,Plzen,1,1,hc,-0.25,home,1.38,1
AgfXS1I0,Lazio,Plzen,1,1,hc,-0.25,away,3.54,1
AgfXS1I0,Lazio,Plzen,1,1,hc,0.25,home,1.18,1
AgfXS1I0,Lazio,Plzen,1,1,hc,0.25,away,6.14,1
AgfXS1I0,Lazio,Plzen,1,1,dc,0,home/draw,1.16,1
AgfXS1I0,Lazio,Plzen,1,1,dc,0,home/away,1.27,1
AgfXS1I0,Lazio,Plzen,1,1,dc,0,draw/away,2.78,1
CbCpx6eE,Ajax,Eintracht Frankfurt,1,1,1x2,0,home,2.28,1
CbCpx6eE,Ajax,Eintracht Frankfurt,1,1,1x2,0,draw,3.6,1
CbCpx6eE,Ajax,Eintracht Frankfurt,1,1,1x2,0,away,3.4,1
CbCpx6eE,Ajax,Eintracht Frankfurt,1,1,ou,0.50,over,1.05,1
CbCpx6eE,Ajax,Eintracht Frankfurt,1,1,ou,0.50,under,18.0,1
CbCpx6eE,Ajax,Eintracht Frankfurt,1,1,ou,1.50,over,1.26,1
CbCpx6eE,Ajax,Eintracht Frankfurt,1,1,ou,1.50,under,4.7,1
CbCpx6eE,Ajax,Eintracht Frankfurt,1,1,ou,2.50,over,1.82,1
CbCpx6eE,Ajax,Eintracht Frankfurt,1,1,ou,2.50,under,2.2,1
CbCpx6eE,Ajax,Eintracht Frankfurt,1,1,ou,3.50,over,3.0,1
CbCpx6eE,Ajax,Eintracht Frankfurt,1,1,ou,3.50,under,1.48,1
CbCpx6eE,Ajax,Eintracht Frankfurt,1,1,ou,4.50,over,6.0,1
CbCpx6eE,Ajax,Eintracht Frankfurt,1,1,ou,4.50,under,1.19,1
CbCpx6eE,Ajax,Eintracht Frankfurt,1,1,ou,5.50,over,14.0,1
CbCpx6eE,Ajax,Eintracht Frankfurt,1,1,ou,5.50,under,1.07,1
CbCpx6eE,Ajax,Eintracht Frankfurt,1,1,ou,6.50,over,34.0,1
CbCpx6eE,Ajax,Eintracht Frankfurt,1,1,ou,6.50,under,1.02,1
CbCpx6eE,Ajax,Eintracht Frankfurt,1,1,ou,7.50,over,80.0,1
CbCpx6eE,Ajax,Eintracht Frankfurt,1,1,hc,0,home,1.66,1
CbCpx6eE,Ajax,Eintracht Frankfurt,1,1,hc,0,away,2.49,1
CbCpx6eE,Ajax,Eintracht Frankfurt,1,1,hc,0.50,home,1.4,1
CbCpx6eE,Ajax,Eintracht Frankfurt,1,1,hc,0.50,away,3.43,1
CbCpx6eE,Ajax,Eintracht Frankfurt,1,1,hc,-0.50,home,2.29,1
CbCpx6eE,Ajax,Eintracht Frankfurt,1,1,hc,-0.50,away,1.76,1
CbCpx6eE,Ajax,Eintracht Frankfurt,1,1,hc,0.75,home,1.28,1
CbCpx6eE,Ajax,Eintracht Frankfurt,1,1,hc,0.75,away,4.37,1
CbCpx6eE,Ajax,Eintracht Frankfurt,1,1,hc,-0.75,home,2.71,1
CbCpx6eE,Ajax,Eintracht Frankfurt,1,1,hc,-0.75,away,1.56,1
CbCpx6eE,Ajax,Eintracht Frankfurt,1,1,hc,1.00,home,1.17,1
CbCpx6eE,Ajax,Eintracht Frankfurt,1,1,hc,1.00,away,6.45,1
CbCpx6eE,Ajax,Eintracht Frankfurt,1,1,hc,-1.00,home,3.53,1
CbCpx6eE,Ajax,Eintracht Frankfurt,1,1,hc,-1.00,away,1.36,1
CbCpx6eE,Ajax,Eintracht Frankfurt,1,1,hc,1.25,home,1.15,1
CbCpx6eE,Ajax,Eintracht Frankfurt,1,1,hc,1.25,away,7.07,1
CbCpx6eE,Ajax,Eintracht Frankfurt,1,1,hc,-1.25,home,4.01,1
CbCpx6eE,Ajax,Eintracht Frankfurt,1,1,hc,-1.25,away,1.3,1
CbCpx6eE,Ajax,Eintracht Frankfurt,1,1,hc,1.50,home,1.13,1
CbCpx6eE,Ajax,Eintracht Frankfurt,1,1,hc,1.50,away,7.69,1
CbCpx6eE,Ajax,Eintracht Frankfurt,1,1,hc,-1.50,home,4.5,1
CbCpx6eE,Ajax,Eintracht Frankfurt,1,1,hc,-1.50,away,1.26,1
CbCpx6eE,Ajax,Eintracht Frankfurt,1,1,hc,1.75,home,1.09,1
CbCpx6eE,Ajax,Eintracht Frankfurt,1,1,hc,1.75,away,10.8,1
CbCpx6eE,Ajax,Eintracht Frankfurt,1,1,hc,-1.75,home,5.96,1
CbCpx6eE,Ajax,Eintracht Frankfurt,1,1,hc,-1.75,away,1.18,1
CbCpx6eE,Ajax,Eintracht Frankfurt,1,1,hc,2.00,home,1.04,1
CbCpx6eE,Ajax,Eintracht Frankfurt,1,1,hc,2.00,away,18.86,1
CbCpx6eE,Ajax,Eintracht Frankfurt,1,1,hc,-2.00,home,9.16,1
CbCpx6eE,Ajax,Eintracht Frankfurt,1,1,hc,-2.00,away,1.1,1
CbCpx6eE,Ajax,Eintracht Frankfurt,1,1,hc,2.25,home,1.04,1
CbCpx6eE,Ajax,Eintracht Frankfurt,1,1,hc,2.25,away,19.67,1
CbCpx6eE,Ajax,Eintracht Frankfurt,1,1,hc,-2.25,home,9.84,1
CbCpx6eE,Ajax,Eintracht Frankfurt,1,1,hc,-2.25,away,1.09,1
CbCpx6eE,Ajax,Eintracht Frankfurt,1,1,hc,2.50,home,1.04,1
CbCpx6eE,Ajax,Eintracht Frankfurt,1,1,hc,2.50,away,20.49,1
CbCpx6eE,Ajax,Eintracht Frankfurt,1,1,hc,-2.50,home,10.5,1
CbCpx6eE,Ajax,Eintracht Frankfurt,1,1,hc,-2.50,away,1.09,1
CbCpx6eE,Ajax,Eintracht Frankfurt,1,1,hc,2.75,home,1.02,1
CbCpx6eE,Ajax,Eintracht Frankfurt,1,1,hc,2.75,away,32.41,1
CbCpx6eE,Ajax,Eintracht Frankfurt,1,1,hc,-2.75,home,15.23,1
CbCpx6eE,Ajax,Eintracht Frankfurt,1,1,hc,-2.75,away,1.06,1
CbCpx6eE,Ajax,Eintracht Frankfurt,1,1,hc,3.00,away,72.42,1
CbCpx6eE,Ajax,Eintracht Frankfurt,1,1,hc,-3.00,home,28.27,1
CbCpx6eE,Ajax,Eintracht Frankfurt,1,1,hc,-3.00,away,1.03,1
CbCpx6eE,Ajax,Eintracht Frankfurt,1,1,hc,3.25,away,73.71,1
CbCpx6eE,Ajax,Eintracht Frankfurt,1,1,hc,-3.25,home,29.13,1
CbCpx6eE,Ajax,Eintracht Frankfurt,1,1,hc,-3.25,away,1.02,1
CbCpx6eE,Ajax,Eintracht Frankfurt,1,1,hc,3.50,away,75.0,1
CbCpx6eE,Ajax,Eintracht Frankfurt,1,1,hc,-3.50,home,30.0,1
CbCpx6eE,Ajax,Eintracht Frankfurt,1,1,hc,-3.50,away,1.02,1
CbCpx6eE,Ajax,Eintracht Frankfurt,1,1,hc,-3.75,home,30.0,1
CbCpx6eE,Ajax,Eintracht Frankfurt,1,1,hc,0.25,home,1.5,1
CbCpx6eE,Ajax,Eintracht Frankfurt,1,1,hc,0.25,away,2.96,1
CbCpx6eE,Ajax,Eintracht Frankfurt,1,1,hc,-0.25,home,1.97,1
CbCpx6eE,Ajax,Eintracht Frankfurt,1,1,hc,-0.25,away,2.01,1
CbCpx6eE,Ajax,Eintracht Frankfurt,1,1,dc,0,home/draw,1.4,1
CbCpx6eE,Ajax,Eintracht Frankfurt,1,1,dc,0,home/away,1.37,1
CbCpx6eE,Ajax,Eintracht Frankfurt,1,1,dc,0,draw/away,1.76,1
G4fRpzvn,AS Roma,Ath Bilbao,2,2,1x2,0,home,2.5,1
G4fRpzvn,AS Roma,Ath Bilbao,2,2,1x2,0,draw,3.2,1
G4fRpzvn,AS Roma,Ath Bilbao,2,2,1x2,0,away,3.35,1
G4fRpzvn,AS Roma,Ath Bilbao,2,2,ou,0.50,over,1.1,1
G4fRpzvn,AS Roma,Ath Bilbao,2,2,ou,0.50,under,10.0,1
G4fRpzvn,AS Roma,Ath Bilbao,2,2,ou,1.50,over,1.44,1
G4fRpzvn,AS Roma,Ath Bilbao,2,2,ou,1.50,under,3.2,1
G4fRpzvn,AS Roma,Ath Bilbao,2,2,ou,2.50,over,2.38,1
G4fRpzvn,AS Roma,Ath Bilbao,2,2,ou,2.50,under,1.71,1
G4fRpzvn,AS Roma,Ath Bilbao,2,2,ou,3.50,over,4.6,1
G4fRpzvn,AS Roma,Ath Bilbao,2,2,ou,3.50,under,1.27,1
G4fRpzvn,AS Roma,Ath Bilbao,2,2,ou,4.50,over,11.0,1
G4fRpzvn,AS Roma,Ath Bilbao,2,2,ou,4.50,under,1.09,1
G4fRpzvn,AS Roma,Ath Bilbao,2,2,ou,5.50,over,34.0,1
G4fRpzvn,AS Roma,Ath Bilbao,2,2,ou,5.50,under,1.02,1
G4fRpzvn,AS Roma,Ath Bilbao,2,2,ou,6.50,over,80.0,1
G4fRpzvn,AS Roma,Ath Bilbao,2,2,hc,0,home,1.74,1
G4fRpzvn,AS Roma,Ath Bilbao,2,2,hc,0,away,2.33,1
G4fRpzvn,AS Roma,Ath Bilbao,2,2,hc,0.50,home,1.41,1
G4fRpzvn,AS Roma,Ath Bilbao,2,2,hc,0.50,away,3.37,1
G4fRpzvn,AS Roma,Ath Bilbao,2,2,hc,-0.50,home,2.52,1
G4fRpzvn,AS Roma,Ath Bilbao,2,2,hc,-0.50,away,1.64,1
G4fRpzvn,AS Roma,Ath Bilbao,2,2,hc,0.75,home,1.27,1
G4fRpzvn,AS Roma,Ath Bilbao,2,2,hc,0.75,away,4.42,1
G4fRpzvn,AS Roma,Ath Bilbao,2,2,hc,-0.75,home,3.12,1
G4fRpzvn,AS Roma,Ath Bilbao,2,2,hc,-0.75,away,1.46,1
G4fRpzvn,AS Roma,Ath Bilbao,2,2,hc,1.00,home,1.14,1
G4fRpzvn,AS Roma,Ath Bilbao,2,2,hc,1.00,away,7.15,1
G4fRpzvn,AS Roma,Ath Bilbao,2,2,hc,-1.00,home,4.48,1
G4fRpzvn,AS Roma,Ath Bilbao,2,2,hc,-1.00,away,1.28,1
G4fRpzvn,AS Roma,Ath Bilbao,2,2,hc,1.25,home,1.12,1
G4fRpzvn,AS Roma,Ath Bilbao,2,2,hc,1.25,away,7.94,1
G4fRpzvn,AS Roma,Ath Bilbao,2,2,hc,-1.25,home,5.12,1
G4fRpzvn,AS Roma,Ath Bilbao,2,2,hc,-1.25,away,1.23,1
G4fRpzvn,AS Roma,Ath Bilbao,2,2,hc,1.50,home,1.11,1
G4fRpzvn,AS Roma,Ath Bilbao,2,2,hc,1.50,away,8.74,1
G4fRpzvn,AS Roma,Ath Bilbao,2,2,hc,-1.50,home,5.76,1
G4fRpzvn,AS Roma,Ath Bilbao,2,2,hc,-1.50,away,1.2,1
G4fRpzvn,AS Roma,Ath Bilbao,2,2,hc,1.75,home,1.07,1
G4fRpzvn,AS Roma,Ath Bilbao,2,2,hc,1.75,away,12.62,1
G4fRpzvn,AS Roma,Ath Bilbao,2,2,hc,-1.75,home,8.21,1
G4fRpzvn,AS Roma,Ath Bilbao,2,2,hc,-1.75,away,1.13,1
G4fRpzvn,AS Roma,Ath Bilbao,2,2,hc,2.00,home,1.02,1
G4fRpzvn,AS Roma,Ath Bilbao,2,2,hc,2.00,away,25.81,1
G4fRpzvn,AS Roma,Ath Bilbao,2,2,hc,-2.00,home,15.62,1
G4fRpzvn,AS Roma,Ath Bilbao,2,2,hc,-2.00,away,1.06,1
G4fRpzvn,AS Roma,Ath Bilbao,2,2,hc,2.25,home,1.02,1
G4fRpzvn,AS Roma,Ath Bilbao,2,2,hc,2.25,away,26.9,1
G4fRpzvn,AS Roma,Ath Bilbao,2,2,hc,-2.25,home,16.64,1
G4fRpzvn,AS Roma,Ath Bilbao,2,2,hc,-2.25,away,1.05,1
G4fRpzvn,AS Roma,Ath Bilbao,2,2,hc,2.50,home,1.02,1
G4fRpzvn,AS Roma,Ath Bilbao,2,2,hc,2.50,away,28.0,1
G4fRpzvn,AS Roma,Ath Bilbao,2,2,hc,-2.50,home,17.66,1
G4fRpzvn,AS Roma,Ath Bilbao,2,2,hc,-2.50,away,1.05,1
G4fRpzvn,AS Roma,Ath Bilbao,2,2,hc,2.75,away,44.78,1
G4fRpzvn,AS Roma,Ath Bilbao,2,2,hc,-2.75,home,26.75,1
G4fRpzvn,AS Roma,Ath Bilbao,2,2,hc,-2.75,away,1.03,1
G4fRpzvn,AS Roma,Ath Bilbao,2,2,hc,-3.00,home,48.22,1
G4fRpzvn,AS Roma,Ath Bilbao,2,2,hc,-3.25,home,49.12,1
G4fRpzvn,AS Roma,Ath Bilbao,2,2,hc,-3.50,home,50.0,1
G4fRpzvn,AS Roma,Ath Bilbao,2,2,hc,0.25,home,1.53,1
G4fRpzvn,AS Roma,Ath Bilbao,2,2,hc,0.25,away,2.85,1
G4fRpzvn,AS Roma,Ath Bilbao,2,2,hc,-0.25,home,2.13,1
G4fRpzvn,AS Roma,Ath Bilbao,2,2,hc,-0.25,away,1.87,1
G4fRpzvn,AS Roma,Ath Bilbao,2,2,dc,0,home/draw,1.41,1
G4fRpzvn,AS Roma,Ath Bilbao,2,2,dc,0,home/away,1.44,1
G4fRpzvn,AS Roma,Ath Bilbao,2,2,dc,0,draw/away,1.64,1
WtM8ShOH,Bodo/Glimt,Olympiacos Piraeus,3,3,1x2,0,home,2.64,1
WtM8ShOH,Bodo/Glimt,Olympiacos Piraeus,3,3,1x2,0,draw,3.3,1
WtM8ShOH,Bodo/Glimt,Olympiacos Piraeus,3,3,1x2,0,away,3.1,1
WtM8ShOH,Bodo/Glimt,Olympiacos Piraeus,3,3,ou,0.50,over,1.09,1
WtM8ShOH,Bodo/Glimt,Olympiacos Piraeus,3,3,ou,0.50,under,11.0,1
WtM8ShOH,Bodo/Glimt,Olympiacos Piraeus,3,3,ou,1.50,over,1.4,1
WtM8ShOH,Bodo/Glimt,Olympiacos Piraeus,3,3,ou,1.50,under,3.45,1
WtM8ShOH,Bodo/Glimt,Olympiacos Piraeus,3,3,ou,2.50,over,2.24,1
WtM8ShOH,Bodo/Glimt,Olympiacos Piraeus,3,3,ou,2.50,under,1.79,1
WtM8ShOH,Bodo/Glimt,Olympiacos Piraeus,3,3,ou,3.50,over,4.2,1
WtM8ShOH,Bodo/Glimt,Olympiacos Piraeus,3,3,ou,3.50,under,1.3,1
WtM8ShOH,Bodo/Glimt,Olympiacos Piraeus,3,3,ou,4.50,over,9.4,1
WtM8ShOH,Bodo/Glimt,Olympiacos Piraeus,3,3,ou,4.50,under,1.11,1
WtM8ShOH,Bodo/Glimt,Olympiacos Piraeus,3,3,ou,5.50,over,23.0,1
WtM8ShOH,Bodo/Glimt,Olympiacos Piraeus,3,3,ou,5.50,under,1.03,1
WtM8ShOH,Bodo/Glimt,Olympiacos Piraeus,3,3,ou,6.50,over,55.0,1
WtM8ShOH,Bodo/Glimt,Olympiacos Piraeus,3,3,hc,0,home,1.84,1
WtM8ShOH,Bodo/Glimt,Olympiacos Piraeus,3,3,hc,0,away,2.16,1
WtM8ShOH,Bodo/Glimt,Olympiacos Piraeus,3,3,hc,0.50,home,1.46,1
WtM8ShOH,Bodo/Glimt,Olympiacos Piraeus,3,3,hc,0.50,away,3.1,1
WtM8ShOH,Bodo/Glimt,Olympiacos Piraeus,3,3,hc,-0.50,home,2.64,1
WtM8ShOH,Bodo/Glimt,Olympiacos Piraeus,3,3,hc,-0.50,away,1.6,1
WtM8ShOH,Bodo/Glimt,Olympiacos Piraeus,3,3,hc,0.75,home,1.31,1
WtM8ShOH,Bodo/Glimt,Olympiacos Piraeus,3,3,hc,0.75,away,4.0,1
WtM8ShOH,Bodo/Glimt,Olympiacos Piraeus,3,3,hc,-0.75,home,3.26,1
WtM8ShOH,Bodo/Glimt,Olympiacos Piraeus,3,3,hc,-0.75,away,1.42,1
WtM8ShOH,Bodo/Glimt,Olympiacos Piraeus,3,3,hc,1.00,home,1.16,1
WtM8ShOH,Bodo/Glimt,Olympiacos Piraeus,3,3,hc,1.00,away,6.28,1
WtM8ShOH,Bodo/Glimt,Olympiacos Piraeus,3,3,hc,-1.00,home,4.6,1
WtM8ShOH,Bodo/Glimt,Olympiacos Piraeus,3,3,hc,-1.00,away,1.25,1
WtM8ShOH,Bodo/Glimt,Olympiacos Piraeus,3,3,hc,1.25,home,1.14,1
WtM8ShOH,Bodo/Glimt,Olympiacos Piraeus,3,3,hc,1.25,away,7.04,1
WtM8ShOH,Bodo/Glimt,Olympiacos Piraeus,3,3,hc,-1.25,home,5.2,1
WtM8ShOH,Bodo/Glimt,Olympiacos Piraeus,3,3,hc,-1.25,away,1.21,1
WtM8ShOH,Bodo/Glimt,Olympiacos Piraeus,3,3,hc,1.50,home,1.12,1
WtM8ShOH,Bodo/Glimt,Olympiacos Piraeus,3,3,hc,1.50,away,7.8,1
WtM8ShOH,Bodo/Glimt,Olympiacos Piraeus,3,3,hc,-1.50,home,5.8,1
WtM8ShOH,Bodo/Glimt,Olympiacos Piraeus,3,3,hc,-1.50,away,1.18,1
WtM8ShOH,Bodo/Glimt,Olympiacos Piraeus,3,3,hc,1.75,home,1.08,1
WtM8ShOH,Bodo/Glimt,Olympiacos Piraeus,3,3,hc,1.75,away,11.36,1
WtM8ShOH,Bodo/Glimt,Olympiacos Piraeus,3,3,hc,-1.75,home,7.99,1
WtM8ShOH,Bodo/Glimt,Olympiacos Piraeus,3,3,hc,-1.75,away,1.12,1
WtM8ShOH,Bodo/Glimt,Olympiacos Piraeus,3,3,hc,2.00,home,1.03,1
WtM8ShOH,Bodo/Glimt,Olympiacos Piraeus,3,3,hc,2.00,away,22.79,1
WtM8ShOH,Bodo/Glimt,Olympiacos Piraeus,3,3,hc,-2.00,home,13.85,1
WtM8ShOH,Bodo/Glimt,Olympiacos Piraeus,3,3,hc,-2.00,away,1.06,1
WtM8ShOH,Bodo/Glimt,Olympiacos Piraeus,3,3,hc,2.25,home,1.03,1
WtM8ShOH,Bodo/Glimt,Olympiacos Piraeus,3,3,hc,2.25,away,23.89,1
WtM8ShOH,Bodo/Glimt,Olympiacos Piraeus,3,3,hc,-2.25,home,14.67,1
WtM8ShOH,Bodo/Glimt,Olympiacos Piraeus,3,3,hc,-2.25,away,1.06,1
WtM8ShOH,Bodo/Glimt,Olympiacos Piraeus,3,3,hc,2.50,home,1.03,1
WtM8ShOH,Bodo/Glimt,Olympiacos Piraeus,3,3,hc,2.50,away,25.0,1
WtM8ShOH,Bodo/Glimt,Olympiacos Piraeus,3,3,hc,-2.50,home,15.5,1
WtM8ShOH,Bodo/Glimt,Olympiacos Piraeus,3,3,hc,-2.50,away,1.05,1
WtM8ShOH,Bodo/Glimt,Olympiacos Piraeus,3,3,hc,2.75,home,1.02,1
WtM8ShOH,Bodo/Glimt,Olympiacos Piraeus,3,3,hc,2.75,away,39.4,1
WtM8ShOH,Bodo/Glimt,Olympiacos Piraeus,3,3,hc,-2.75,home,23.13,1
WtM8ShOH,Bodo/Glimt,Olympiacos Piraeus,3,3,hc,-2.75,away,1.03,1
WtM8ShOH,Bodo/Glimt,Olympiacos Piraeus,3,3,hc,-3.00,home,47.77,1
WtM8ShOH,Bodo/Glimt,Olympiacos Piraeus,3,3,hc,-3.25,home,46.95,1
WtM8ShOH,Bodo/Glimt,Olympiacos Piraeus,3,3,hc,-3.50,home,36.0,1
WtM8ShOH,Bodo/Glimt,Olympiacos Piraeus,3,3,hc,-3.75,home,36.0,1
WtM8ShOH,Bodo/Glimt,Olympiacos Piraeus,3,3,hc,0.25,home,1.6,1
WtM8ShOH,Bodo/Glimt,Olympiacos Piraeus,3,3,hc,0.25,away,2.63,1
WtM8ShOH,Bodo/Glimt,Olympiacos Piraeus,3,3,hc,-0.25,home,2.24,1
WtM8ShOH,Bodo/Glimt,Olympiacos Piraeus,3,3,hc,-0.25,away,1.79,1
WtM8ShOH,Bodo/Glimt,Olympiacos Piraeus,3,3,dc,0,home/draw,1.46,1
WtM8ShOH,Bodo/Glimt,Olympiacos Piraeus,3,3,dc,0,home/away,1.42,1
WtM8ShOH,Bodo/Glimt,Olympiacos Piraeus,3,3,dc,0,draw/away,1.6,1
2TjPUNml,Plzen,Lazio,1,1,1x2,0,home,4.6,1
2TjPUNml,Plzen,Lazio,1,1,1x2,0,draw,3.6,1
2TjPUNml,Plzen,Lazio,1,1,1x2,0,away,1.96,1
2TjPUNml,Plzen,Lazio,1,1,ou,0.50,over,1.09,1
2TjPUNml,Plzen,Lazio,1,1,ou,0.50,under,11.5,1
2TjPUNml,Plzen,Lazio,1,1,ou,1.50,over,1.42,1
2TjPUNml,Plzen,Lazio,1,1,ou,1.50,under,3.35,1
2TjPUNml,Plzen,Lazio,1,1,ou,2.50,over,2.26,1
2TjPUNml,Plzen,Lazio,1,1,ou,2.50,under,1.78,1
2TjPUNml,Plzen,Lazio,1,1,ou,3.50,over,4.4,1
2TjPUNml,Plzen,Lazio,1,1,ou,3.50,under,1.29,1
2TjPUNml,Plzen,Lazio,1,1,ou,4.50,over,9.6,1
2TjPUNml,Plzen,Lazio,1,1,ou,4.50,under,1.11,1
2TjPUNml,Plzen,Lazio,1,1,ou,5.50,over,24.0,1
2TjPUNml,Plzen,Lazio,1,1,ou,5.50,under,1.03,1
2TjPUNml,Plzen,Lazio,1,1,ou,6.50,over,60.0,1
2TjPUNml,Plzen,Lazio,1,1,hc,0,home,3.33,1
2TjPUNml,Plzen,Lazio,1,1,hc,0,away,1.41,1
2TjPUNml,Plzen,Lazio,1,1,hc,0.50,home,2.03,1
2TjPUNml,Plzen,Lazio,1,1,hc,0.50,away,1.96,1
2TjPUNml,Plzen,Lazio,1,1,hc,-0.50,home,4.6,1
2TjPUNml,Plzen,Lazio,1,1,hc,-0.50,away,1.27,1
2TjPUNml,Plzen,Lazio,1,1,hc,0.75,home,1.77,1
2TjPUNml,Plzen,Lazio,1,1,hc,0.75,away,2.27,1
2TjPUNml,Plzen,Lazio,1,1,hc,-0.75,home,6.41,1
2TjPUNml,Plzen,Lazio,1,1,hc,-0.75,away,1.17,1
2TjPUNml,Plzen,Lazio,1,1,hc,1.00,home,1.5,1
2TjPUNml,Plzen,Lazio,1,1,hc,1.00,away,2.89,1
2TjPUNml,Plzen,Lazio,1,1,hc,-1.00,home,11.95,1
2TjPUNml,Plzen,Lazio,1,1,hc,-1.00,away,1.07,1
2TjPUNml,Plzen,Lazio,1,1,hc,1.25,home,1.4,1
2TjPUNml,Plzen,Lazio,1,1,hc,1.25,away,3.38,1
2TjPUNml,Plzen,Lazio,1,1,hc,-1.25,home,12.97,1
2TjPUNml,Plzen,Lazio,1,1,hc,-1.25,away,1.07,1
2TjPUNml,Plzen,Lazio,1,1,hc,1.50,home,1.33,1
2TjPUNml,Plzen,Lazio,1,1,hc,1.50,away,3.86,1
2TjPUNml,Plzen,Lazio,1,1,hc,-1.50,home,14.0,1
2TjPUNml,Plzen,Lazio,1,1,hc,-1.50,away,1.06,1
2TjPUNml,Plzen,Lazio,1,1,hc,1.75,home,1.23,1
2TjPUNml,Plzen,Lazio,1,1,hc,1.75,away,5.05,1
2TjPUNml,Plzen,Lazio,1,1,hc,-1.75,home,21.72,1
2TjPUNml,Plzen,Lazio,1,1,hc,-1.75,away,1.04,1
2TjPUNml,Plzen,Lazio,1,1,hc,2.00,home,1.12,1
2TjPUNml,Plzen,Lazio,1,1,hc,2.00,away,7.96,1
2TjPUNml,Plzen,Lazio,1,1,hc,-2.00,home,52.07,1
2TjPUNml,Plzen,Lazio,1,1,hc,2.25,home,1.11,1
2TjPUNml,Plzen,Lazio,1,1,hc,2.25,away,8.68,1
2TjPUNml,Plzen,Lazio,1,1,hc,-2.25,home,53.53,1
2TjPUNml,Plzen,Lazio,1,1,hc,2.50,home,1.1,1
2TjPUNml,Plzen,Lazio,1,1,hc,2.50,away,9.4,1
2TjPUNml,Plzen,Lazio,1,1,hc,-2.50,home,55.0,1
2TjPUNml,Plzen,Lazio,1,1,hc,2.75,home,1.06,1
2TjPUNml,Plzen,Lazio,1,1,hc,2.75,away,13.2,1
2TjPUNml,Plzen,Lazio,1,1,hc,-2.75,home,85.7,1
2TjPUNml,Plzen,Lazio,1,1,hc,3.00,home,1.03,1
2TjPUNml,Plzen,Lazio,1,1,hc,3.00,away,22.44,1
2TjPUNml,Plzen,Lazio,1,1,hc,3.25,home,1.03,1
2TjPUNml,Plzen,Lazio,1,1,hc,3.25,away,23.22,1
2TjPUNml,Plzen,Lazio,1,1,hc,3.50,home,1.03,1
2TjPUNml,Plzen,Lazio,1,1,hc,3.50,away,24.0,1
2TjPUNml,Plzen,Lazio,1,1,hc,3.75,away,24.0,1
2TjPUNml,Plzen,Lazio,1,1,hc,0.25,home,2.43,1
2TjPUNml,Plzen,Lazio,1,1,hc,0.25,away,1.68,1
2TjPUNml,Plzen,Lazio,1,1,hc,-0.25,home,3.96,1
2TjPUNml,Plzen,Lazio,1,1,hc,-0.25,away,1.32,1
2TjPUNml,Plzen,Lazio,1,1,dc,0,home/draw,2.02,1
2TjPUNml,Plzen,Lazio,1,1,dc,0,home/away,1.37,1
2TjPUNml,Plzen,Lazio,1,1,dc,0,draw/away,1.27,1
6LmtRumD,AZ Alkmaar,Tottenham,1,1,1x2,0,home,3.25,1
6LmtRumD,AZ Alkmaar,Tottenham,1,1,1x2,0,draw,3.65,1
6LmtRumD,AZ Alkmaar,Tottenham,1,1,1x2,0,away,2.36,1
6LmtRumD,AZ Alkmaar,Tottenham,1,1,ou,0.50,over,1.06,1
6LmtRumD,AZ Alkmaar,Tottenham,1,1,ou,0.50,under,17.0,1
6LmtRumD,AZ Alkmaar,Tottenham,1,1,ou,1.50,over,1.27,1
6LmtRumD,AZ Alkmaar,Tottenham,1,1,ou,1.50,under,4.5,1
6LmtRumD,AZ Alkmaar,Tottenham,1,1,ou,2.50,over,1.83,1
6LmtRumD,AZ Alkmaar,Tottenham,1,1,ou,2.50,under,2.18,1
6LmtRumD,AZ Alkmaar,Tottenham,1,1,ou,3.50,over,3.15,1
6LmtRumD,AZ Alkmaar,Tottenham,1,1,ou,3.50,under,1.46,1
6LmtRumD,AZ Alkmaar,Tottenham,1,1,ou,4.50,over,6.2,1
6LmtRumD,AZ Alkmaar,Tottenham,1,1,ou,4.50,under,1.18,1
6LmtRumD,AZ Alkmaar,Tottenham,1,1,ou,5.50,over,14.0,1
6LmtRumD,AZ Alkmaar,Tottenham,1,1,ou,5.50,under,1.07,1
6LmtRumD,AZ Alkmaar,Tottenham,1,1,ou,6.50,over,34.0,1
6LmtRumD,AZ Alkmaar,Tottenham,1,1,ou,6.50,under,1.02,1
6LmtRumD,AZ Alkmaar,Tottenham,1,1,ou,7.50,over,90.0,1
6LmtRumD,AZ Alkmaar,Tottenham,1,1,hc,0,home,2.38,1
6LmtRumD,AZ Alkmaar,Tottenham,1,1,hc,0,away,1.71,1
6LmtRumD,AZ Alkmaar,Tottenham,1,1,hc,0.50,home,1.73,1
6LmtRumD,AZ Alkmaar,Tottenham,1,1,hc,0.50,away,2.36,1
6LmtRumD,AZ Alkmaar,Tottenham,1,1,hc,-0.50,home,3.27,1
6LmtRumD,AZ Alkmaar,Tottenham,1,1,hc,-0.50,away,1.43,1
6LmtRumD,AZ Alkmaar,Tottenham,1,1,hc,0.75,home,1.54,1
6LmtRumD,AZ Alkmaar,Tottenham,1,1,hc,0.75,away,2.8,1
6LmtRumD,AZ Alkmaar,Tottenham,1,1,hc,-0.75,home,4.25,1
6LmtRumD,AZ Alkmaar,Tottenham,1,1,hc,-0.75,away,1.3,1
6LmtRumD,AZ Alkmaar,Tottenham,1,1,hc,1.00,home,1.36,1
6LmtRumD,AZ Alkmaar,Tottenham,1,1,hc,1.00,away,3.67,1
6LmtRumD,AZ Alkmaar,Tottenham,1,1,hc,-1.00,home,6.66,1
6LmtRumD,AZ Alkmaar,Tottenham,1,1,hc,-1.00,away,1.17,1
6LmtRumD,AZ Alkmaar,Tottenham,1,1,hc,1.25,home,1.3,1
6LmtRumD,AZ Alkmaar,Tottenham,1,1,hc,1.25,away,4.15,1
6LmtRumD,AZ Alkmaar,Tottenham,1,1,hc,-1.25,home,7.4,1
6LmtRumD,AZ Alkmaar,Tottenham,1,1,hc,-1.25,away,1.15,1
6LmtRumD,AZ Alkmaar,Tottenham,1,1,hc,1.50,home,1.26,1
6LmtRumD,AZ Alkmaar,Tottenham,1,1,hc,1.50,away,4.64,1
6LmtRumD,AZ Alkmaar,Tottenham,1,1,hc,-1.50,home,8.14,1
6LmtRumD,AZ Alkmaar,Tottenham,1,1,hc,-1.50,away,1.13,1
6LmtRumD,AZ Alkmaar,Tottenham,1,1,hc,1.75,home,1.18,1
6LmtRumD,AZ Alkmaar,Tottenham,1,1,hc,1.75,away,6.05,1
6LmtRumD,AZ Alkmaar,Tottenham,1,1,hc,-1.75,home,11.55,1
6LmtRumD,AZ Alkmaar,Tottenham,1,1,hc,-1.75,away,1.09,1
6LmtRumD,AZ Alkmaar,Tottenham,1,1,hc,2.00,home,1.1,1
6LmtRumD,AZ Alkmaar,Tottenham,1,1,hc,2.00,away,9.23,1
6LmtRumD,AZ Alkmaar,Tottenham,1,1,hc,-2.00,home,21.17,1
6LmtRumD,AZ Alkmaar,Tottenham,1,1,hc,-2.00,away,1.04,1
6LmtRumD,AZ Alkmaar,Tottenham,1,1,hc,2.25,home,1.09,1
6LmtRumD,AZ Alkmaar,Tottenham,1,1,hc,2.25,away,9.86,1
6LmtRumD,AZ Alkmaar,Tottenham,1,1,hc,-2.25,home,22.08,1
6LmtRumD,AZ Alkmaar,Tottenham,1,1,hc,-2.25,away,1.04,1
6LmtRumD,AZ Alkmaar,Tottenham,1,1,hc,2.50,home,1.09,1
6LmtRumD,AZ Alkmaar,Tottenham,1,1,hc,2.50,away,10.5,1
6LmtRumD,AZ Alkmaar,Tottenham,1,1,hc,-2.50,home,23.0,1
6LmtRumD,AZ Alkmaar,Tottenham,1,1,hc,-2.50,away,1.03,1
6LmtRumD,AZ Alkmaar,Tottenham,1,1,hc,2.75,home,1.05,1
6LmtRumD,AZ Alkmaar,Tottenham,1,1,hc,2.75,away,15.07,1
6LmtRumD,AZ Alkmaar,Tottenham,1,1,hc,-2.75,home,35.62,1
6LmtRumD,AZ Alkmaar,Tottenham,1,1,hc,-2.75,away,1.02,1
6LmtRumD,AZ Alkmaar,Tottenham,1,1,hc,3.00,home,1.02,1
6LmtRumD,AZ Alkmaar,Tottenham,1,1,hc,3.00,away,28.14,1
6LmtRumD,AZ Alkmaar,Tottenham,1,1,hc,-3.00,home,53.6,1
6LmtRumD,AZ Alkmaar,Tottenham,1,1,hc,3.25,home,1.02,1
6LmtRumD,AZ Alkmaar,Tottenham,1,1,hc,3.25,away,29.07,1
6LmtRumD,AZ Alkmaar,Tottenham,1,1,hc,-3.25,home,54.3,1
6LmtRumD,AZ Alkmaar,Tottenham,1,1,hc,3.50,home,1.02,1
6LmtRumD,AZ Alkmaar,Tottenham,1,1,hc,3.50,away,30.0,1
6LmtRumD,AZ Alkmaar,Tottenham,1,1,hc,-3.50,home,55.0,1
6LmtRumD,AZ Alkmaar,Tottenham,1,1,hc,3.75,away,30.0,1
6LmtRumD,AZ Alkmaar,Tottenham,1,1,hc,0.25,home,1.96,1
6LmtRumD,AZ Alkmaar,Tottenham,1,1,hc,0.25,away,2.03,1
6LmtRumD,AZ Alkmaar,Tottenham,1,1,hc,-0.25,home,2.83,1
6LmtRumD,AZ Alkmaar,Tottenham,1,1,hc,-0.25,away,1.54,1
6LmtRumD,AZ Alkmaar,Tottenham,1,1,dc,0,home/draw,1.73,1
6LmtRumD,AZ Alkmaar,Tottenham,1,1,dc,0,home/away,1.37,1
6LmtRumD,AZ Alkmaar,Tottenham,1,1,dc,0,draw/away,1.43,1
M9qhWF7e,FCSB,Lyon,1,1,1x2,0,home,4.6,1
M9qhWF7e,FCSB,Lyon,1,1,1x2,0,draw,3.55,1
M9qhWF7e,FCSB,Lyon,1,1,1x2,0,away,1.97,1
M9qhWF7e,FCSB,Lyon,1,1,ou,0.50,over,1.09,1
M9qhWF7e,FCSB,Lyon,1,1,ou,0.50,under,11.0,1
M9qhWF7e,FCSB,Lyon,1,1,ou,1.50,over,1.43,1
M9qhWF7e,FCSB,Lyon,1,1,ou,1.50,under,3.25,1
M9qhWF7e,FCSB,Lyon,1,1,ou,2.50,over,2.3,1
M9qhWF7e,FCSB,Lyon,1,1,ou,2.50,under,1.75,1
M9qhWF7e,FCSB,Lyon,1,1,ou,3.50,over,4.4,1
M9qhWF7e,FCSB,Lyon,1,1,ou,3.50,under,1.28,1
M9qhWF7e,FCSB,Lyon,1,1,ou,4.50,over,10.0,1
M9qhWF7e,FCSB,Lyon,1,1,ou,4.50,under,1.1,1
M9qhWF7e,FCSB,Lyon,1,1,ou,5.50,over,25.0,1
M9qhWF7e,FCSB,Lyon,1,1,ou,5.50,under,1.03,1
M9qhWF7e,FCSB,Lyon,1,1,ou,6.50,over,75.0,1
M9qhWF7e,FCSB,Lyon,1,1,hc,0,home,3.35,1
M9qhWF7e,FCSB,Lyon,1,1,hc,0,away,1.41,1
M9qhWF7e,FCSB,Lyon,1,1,hc,0.50,home,2.02,1
M9qhWF7e,FCSB,Lyon,1,1,hc,0.50,away,1.97,1
M9qhWF7e,FCSB,Lyon,1,1,hc,-0.50,home,4.63,1
M9qhWF7e,FCSB,Lyon,1,1,hc,-0.50,away,1.27,1
M9qhWF7e,FCSB,Lyon,1,1,hc,0.75,home,1.75,1
M9qhWF7e,FCSB,Lyon,1,1,hc,0.75,away,2.29,1
M9qhWF7e,FCSB,Lyon,1,1,hc,-0.75,home,6.46,1
M9qhWF7e,FCSB,Lyon,1,1,hc,-0.75,away,1.17,1
M9qhWF7e,FCSB,Lyon,1,1,hc,1.00,home,1.49,1
M9qhWF7e,FCSB,Lyon,1,1,hc,1.00,away,2.93,1
M9qhWF7e,FCSB,Lyon,1,1,hc,-1.00,home,11.98,1
M9qhWF7e,FCSB,Lyon,1,1,hc,-1.00,away,1.08,1
M9qhWF7e,FCSB,Lyon,1,1,hc,1.25,home,1.39,1
M9qhWF7e,FCSB,Lyon,1,1,hc,1.25,away,3.43,1
M9qhWF7e,FCSB,Lyon,1,1,hc,-1.25,home,12.99,1
M9qhWF7e,FCSB,Lyon,1,1,hc,-1.25,away,1.07,1
M9qhWF7e,FCSB,Lyon,1,1,hc,1.50,home,1.32,1
M9qhWF7e,FCSB,Lyon,1,1,hc,1.50,away,3.93,1
M9qhWF7e,FCSB,Lyon,1,1,hc,-1.50,home,14.0,1
M9qhWF7e,FCSB,Lyon,1,1,hc,-1.50,away,1.06,1
M9qhWF7e,FCSB,Lyon,1,1,hc,1.75,home,1.22,1
M9qhWF7e,FCSB,Lyon,1,1,hc,1.75,away,5.1,1
M9qhWF7e,FCSB,Lyon,1,1,hc,-1.75,home,21.72,1
M9qhWF7e,FCSB,Lyon,1,1,hc,-1.75,away,1.04,1
M9qhWF7e,FCSB,Lyon,1,1,hc,2.00,home,1.12,1
M9qhWF7e,FCSB,Lyon,1,1,hc,2.00,away,8.15,1
M9qhWF7e,FCSB,Lyon,1,1,hc,-2.00,home,51.0,1
M9qhWF7e,FCSB,Lyon,1,1,hc,2.25,home,1.11,1
M9qhWF7e,FCSB,Lyon,1,1,hc,2.25,away,8.87,1
M9qhWF7e,FCSB,Lyon,1,1,hc,-2.25,home,52.27,1
M9qhWF7e,FCSB,Lyon,1,1,hc,2.50,home,1.1,1
M9qhWF7e,FCSB,Lyon,1,1,hc,2.50,away,9.6,1
M9qhWF7e,FCSB,Lyon,1,1,hc,-2.50,home,53.55,1
M9qhWF7e,FCSB,Lyon,1,1,hc,2.75,home,1.06,1
M9qhWF7e,FCSB,Lyon,1,1,hc,2.75,away,13.92,1
M9qhWF7e,FCSB,Lyon,1,1,hc,-2.75,home,81.37,1
M9qhWF7e,FCSB,Lyon,1,1,hc,3.00,home,1.03,1
M9qhWF7e,FCSB,Lyon,1,1,hc,3.00,away,27.01,1
M9qhWF7e,FCSB,Lyon,1,1,hc,3.25,home,1.02,1
M9qhWF7e,FCSB,Lyon,1,1,hc,3.25,away,28.0,1
M9qhWF7e,FCSB,Lyon,1,1,hc,3.50,home,1.02,1
M9qhWF7e,FCSB,Lyon,1,1,hc,3.50,away,29.0,1
M9qhWF7e,FCSB,Lyon,1,1,hc,3.75,away,29.0,1
M9qhWF7e,FCSB,Lyon,1,1,hc,0.25,home,2.42,1
M9qhWF7e,FCSB,Lyon,1,1,hc,0.25,away,1.69,1
M9qhWF7e,FCSB,Lyon,1,1,hc,-0.25,home,3.99,1
M9qhWF7e,FCSB,Lyon,1,1,hc,-0.25,away,1.32,1
M9qhWF7e,FCSB,Lyon,1,1,dc,0,home/draw,2.02,1
M9qhWF7e,FCSB,Lyon,1,1,dc,0,home/away,1.38,1
M9qhWF7e,FCSB,Lyon,1,1,dc,0,draw/away,1.27,1
G84DwbFL,Fenerbahce,Rangers,1,1,1x2,0,home,1.71,1
G84DwbFL,Fenerbahce,Rangers,1,1,1x2,0,draw,4.1,1
G84DwbFL,Fenerbahce,Rangers,1,1,1x2,0,away,5.7,1
G84DwbFL,Fenerbahce,Rangers,1,1,ou,0.50,over,1.06,1
G84DwbFL,Fenerbahce,Rangers,1,1,ou,0.50,under,16.5,1
G84DwbFL,Fenerbahce,Rangers,1,1,ou,1.50,over,1.28,1
G84DwbFL,Fenerbahce,Rangers,1,1,ou,1.50,under,4.4,1
G84DwbFL,Fenerbahce,Rangers,1,1,ou,2.50,over,1.89,1
G84DwbFL,Fenerbahce,Rangers,1,1,ou,2.50,under,2.12,1
G84DwbFL,Fenerbahce,Rangers,1,1,ou,3.50,over,3.2,1
G84DwbFL,Fenerbahce,Rangers,1,1,ou,3.50,under,1.44,1
G84DwbFL,Fenerbahce,Rangers,1,1,ou,4.50,over,6.6,1
G84DwbFL,Fenerbahce,Rangers,1,1,ou,4.50,under,1.17,1
G84DwbFL,Fenerbahce,Rangers,1,1,ou,5.50,over,15.0,1
G84DwbFL,Fenerbahce,Rangers,1,1,ou,5.50,under,1.06,1
G84DwbFL,Fenerbahce,Rangers,1,1,ou,6.50,over,34.0,1
G84DwbFL,Fenerbahce,Rangers,1,1,ou,6.50,under,1.02,1
G84DwbFL,Fenerbahce,Rangers,1,1,hc,0,home,1.29,1
G84DwbFL,Fenerbahce,Rangers,1,1,hc,0,away,4.33,1
G84DwbFL,Fenerbahce,Rangers,1,1,hc,0.50,home,1.2,1
G84DwbFL,Fenerbahce,Rangers,1,1,hc,0.50,away,5.7,1
G84DwbFL,Fenerbahce,Rangers,1,1,hc,-0.50,home,1.7,1
G84DwbFL,Fenerbahce,Rangers,1,1,hc,-0.50,away,2.4,1
G84DwbFL,Fenerbahce,Rangers,1,1,hc,0.75,home,1.13,1
G84DwbFL,Fenerbahce,Rangers,1,1,hc,0.75,away,8.1,1
G84DwbFL,Fenerbahce,Rangers,1,1,hc,-0.75,home,1.89,1
G84DwbFL,Fenerbahce,Rangers,1,1,hc,-0.75,away,2.1,1
G84DwbFL,Fenerbahce,Rangers,1,1,hc,1.00,home,1.06,1
G84DwbFL,Fenerbahce,Rangers,1,1,hc,1.00,away,15.56,1
G84DwbFL,Fenerbahce,Rangers,1,1,hc,-1.00,home,2.22,1
G84DwbFL,Fenerbahce,Rangers,1,1,hc,-1.00,away,1.8,1
G84DwbFL,Fenerbahce,Rangers,1,1,hc,1.25,home,1.05,1
G84DwbFL,Fenerbahce,Rangers,1,1,hc,1.25,away,16.61,1
G84DwbFL,Fenerbahce,Rangers,1,1,hc,-1.25,home,2.59,1
G84DwbFL,Fenerbahce,Rangers,1,1,hc,-1.25,away,1.61,1
G84DwbFL,Fenerbahce,Rangers,1,1,hc,1.50,home,1.05,1
G84DwbFL,Fenerbahce,Rangers,1,1,hc,1.50,away,17.66,1
G84DwbFL,Fenerbahce,Rangers,1,1,hc,-1.50,home,2.96,1
G84DwbFL,Fenerbahce,Rangers,1,1,hc,-1.50,away,1.5,1
G84DwbFL,Fenerbahce,Rangers,1,1,hc,1.75,home,1.03,1
G84DwbFL,Fenerbahce,Rangers,1,1,hc,1.75,away,27.61,1
G84DwbFL,Fenerbahce,Rangers,1,1,hc,-1.75,home,3.7,1
G84DwbFL,Fenerbahce,Rangers,1,1,hc,-1.75,away,1.36,1
G84DwbFL,Fenerbahce,Rangers,1,1,hc,2.00,away,64.35,1
G84DwbFL,Fenerbahce,Rangers,1,1,hc,-2.00,home,5.18,1
G84DwbFL,Fenerbahce,Rangers,1,1,hc,-2.00,away,1.22,1
G84DwbFL,Fenerbahce,Rangers,1,1,hc,2.25,away,65.75,1
G84DwbFL,Fenerbahce,Rangers,1,1,hc,-2.25,home,5.73,1
G84DwbFL,Fenerbahce,Rangers,1,1,hc,-2.25,away,1.2,1
G84DwbFL,Fenerbahce,Rangers,1,1,hc,2.50,away,67.16,1
G84DwbFL,Fenerbahce,Rangers,1,1,hc,-2.50,home,6.28,1
G84DwbFL,Fenerbahce,Rangers,1,1,hc,-2.50,away,1.18,1
G84DwbFL,Fenerbahce,Rangers,1,1,hc,2.75,away,97.17,1
G84DwbFL,Fenerbahce,Rangers,1,1,hc,-2.75,home,8.52,1
G84DwbFL,Fenerbahce,Rangers,1,1,hc,-2.75,away,1.12,1
G84DwbFL,Fenerbahce,Rangers,1,1,hc,-3.00,home,14.07,1
G84DwbFL,Fenerbahce,Rangers,1,1,hc,-3.00,away,1.06,1
G84DwbFL,Fenerbahce,Rangers,1,1,hc,-3.25,home,14.8,1
G84DwbFL,Fenerbahce,Rangers,1,1,hc,-3.25,away,1.06,1
G84DwbFL,Fenerbahce,Rangers,1,1,hc,-3.50,home,15.54,1
G84DwbFL,Fenerbahce,Rangers,1,1,hc,-3.50,away,1.05,1
G84DwbFL,Fenerbahce,Rangers,1,1,hc,-3.75,home,15.54,1
G84DwbFL,Fenerbahce,Rangers,1,1,hc,-3.75,away,1.02,1
G84DwbFL,Fenerbahce,Rangers,1,1,hc,-4.00,home,15.54,1
G84DwbFL,Fenerbahce,Rangers,1,1,hc,0.25,home,1.24,1
G84DwbFL,Fenerbahce,Rangers,1,1,hc,0.25,away,5.01,1
G84DwbFL,Fenerbahce,Rangers,1,1,hc,-0.25,home,1.49,1
G84DwbFL,Fenerbahce,Rangers,1,1,hc,-0.25,away,2.98,1
G84DwbFL,Fenerbahce,Rangers,1,1,dc,0,home/draw,1.2,1
G84DwbFL,Fenerbahce,Rangers,1,1,dc,0,home/away,1.31,1
G84DwbFL,Fenerbahce,Rangers,1,1,dc,0,draw/away,2.4,1
21UiWzPh,Real Sociedad,Manchester Utd,1,1,1x2,0,home,2.46,1
21UiWzPh,Real Sociedad,Manchester Utd,1,1,1x2,0,draw,3.2,1
21UiWzPh,Real Sociedad,Manchester Utd,1,1,1x2,0,away,3.45,1
21UiWzPh,Real Sociedad,Manchester Utd,1,1,ou,0.50,over,1.11,1
21UiWzPh,Real Sociedad,Manchester Utd,1,1,ou,0.50,under,9.8,1
21UiWzPh,Real Sociedad,Manchester Utd,1,1,ou,1.50,over,1.46,1
21UiWzPh,Real Sociedad,Manchester Utd,1,1,ou,1.50,under,3.1,1
21UiWzPh,Real Sociedad,Manchester Utd,1,1,ou,2.50,over,2.46,1
21UiWzPh,Real Sociedad,Manchester Utd,1,1,ou,2.50,under,1.68,1
21UiWzPh,Real Sociedad,Manchester Utd,1,1,ou,3.50,over,4.8,1
21UiWzPh,Real Sociedad,Manchester Utd,1,1,ou,3.50,under,1.25,1
21UiWzPh,Real Sociedad,Manchester Utd,1,1,ou,4.50,over,11.5,1
21UiWzPh,Real Sociedad,Manchester Utd,1,1,ou,4.50,under,1.09,1
21UiWzPh,Real Sociedad,Manchester Utd,1,1,ou,5.50,over,30.0,1
21UiWzPh,Real Sociedad,Manchester Utd,1,1,ou,5.50,under,1.03,1
21UiWzPh,Real Sociedad,Manchester Utd,1,1,ou,6.50,over,80.0,1
21UiWzPh,Real Sociedad,Manchester Utd,1,1,hc,0,home,1.71,1
21UiWzPh,Real Sociedad,Manchester Utd,1,1,hc,0,away,2.38,1
21UiWzPh,Real Sociedad,Manchester Utd,1,1,hc,0.50,home,1.4,1
21UiWzPh,Real Sociedad,Manchester Utd,1,1,hc,0.50,away,3.45,1
21UiWzPh,Real Sociedad,Manchester Utd,1,1,hc,-0.50,home,2.48,1
21UiWzPh,Real Sociedad,Manchester Utd,1,1,hc,-0.50,away,1.66,1
21UiWzPh,Real Sociedad,Manchester Utd,1,1,hc,0.75,home,1.27,1
21UiWzPh,Real Sociedad,Manchester Utd,1,1,hc,0.75,away,4.53,1
21UiWzPh,Real Sociedad,Manchester Utd,1,1,hc,-0.75,home,3.05,1
21UiWzPh,Real Sociedad,Manchester Utd,1,1,hc,-0.75,away,1.47,1
21UiWzPh,Real Sociedad,Manchester Utd,1,1,hc,1.00,home,1.14,1
21UiWzPh,Real Sociedad,Manchester Utd,1,1,hc,1.00,away,7.25,1
21UiWzPh,Real Sociedad,Manchester Utd,1,1,hc,-1.00,home,4.36,1
21UiWzPh,Real Sociedad,Manchester Utd,1,1,hc,-1.00,away,1.28,1
21UiWzPh,Real Sociedad,Manchester Utd,1,1,hc,1.25,home,1.12,1
21UiWzPh,Real Sociedad,Manchester Utd,1,1,hc,1.25,away,8.02,1
21UiWzPh,Real Sociedad,Manchester Utd,1,1,hc,-1.25,home,5.0,1
21UiWzPh,Real Sociedad,Manchester Utd,1,1,hc,-1.25,away,1.23,1
21UiWzPh,Real Sociedad,Manchester Utd,1,1,hc,1.50,home,1.11,1
21UiWzPh,Real Sociedad,Manchester Utd,1,1,hc,1.50,away,8.8,1
21UiWzPh,Real Sociedad,Manchester Utd,1,1,hc,-1.50,home,5.62,1
21UiWzPh,Real Sociedad,Manchester Utd,1,1,hc,-1.50,away,1.2,1
21UiWzPh,Real Sociedad,Manchester Utd,1,1,hc,1.75,home,1.07,1
21UiWzPh,Real Sociedad,Manchester Utd,1,1,hc,1.75,away,13.16,1
21UiWzPh,Real Sociedad,Manchester Utd,1,1,hc,-1.75,home,7.76,1
21UiWzPh,Real Sociedad,Manchester Utd,1,1,hc,-1.75,away,1.13,1
21UiWzPh,Real Sociedad,Manchester Utd,1,1,hc,2.00,home,1.03,1
21UiWzPh,Real Sociedad,Manchester Utd,1,1,hc,2.00,away,28.65,1
21UiWzPh,Real Sociedad,Manchester Utd,1,1,hc,-2.00,home,13.56,1
21UiWzPh,Real Sociedad,Manchester Utd,1,1,hc,-2.00,away,1.06,1
21UiWzPh,Real Sociedad,Manchester Utd,1,1,hc,2.25,home,1.03,1
21UiWzPh,Real Sociedad,Manchester Utd,1,1,hc,2.25,away,29.88,1
21UiWzPh,Real Sociedad,Manchester Utd,1,1,hc,-2.25,home,14.42,1
21UiWzPh,Real Sociedad,Manchester Utd,1,1,hc,-2.25,away,1.06,1
21UiWzPh,Real Sociedad,Manchester Utd,1,1,hc,2.50,home,1.03,1
21UiWzPh,Real Sociedad,Manchester Utd,1,1,hc,2.50,away,31.11,1
21UiWzPh,Real Sociedad,Manchester Utd,1,1,hc,-2.50,home,15.28,1
21UiWzPh,Real Sociedad,Manchester Utd,1,1,hc,-2.50,away,1.06,1
21UiWzPh,Real Sociedad,Manchester Utd,1,1,hc,2.75,away,50.27,1
21UiWzPh,Real Sociedad,Manchester Utd,1,1,hc,-2.75,home,22.67,1
21UiWzPh,Real Sociedad,Manchester Utd,1,1,hc,-2.75,away,1.03,1
21UiWzPh,Real Sociedad,Manchester Utd,1,1,hc,-3.00,home,45.85,1
21UiWzPh,Real Sociedad,Manchester Utd,1,1,hc,-3.25,home,46.92,1
21UiWzPh,Real Sociedad,Manchester Utd,1,1,hc,-3.50,home,48.0,1
21UiWzPh,Real Sociedad,Manchester Utd,1,1,hc,-3.75,home,48.0,1
21UiWzPh,Real Sociedad,Manchester Utd,1,1,hc,0.25,home,1.51,1
21UiWzPh,Real Sociedad,Manchester Utd,1,1,hc,0.25,away,2.91,1
21UiWzPh,Real Sociedad,Manchester Utd,1,1,hc,-0.25,home,2.09,1
21UiWzPh,Real Sociedad,Manchester Utd,1,1,hc,-0.25,away,1.89,1
21UiWzPh,Real Sociedad,Manchester Utd,1,1,dc,0,home/draw,1.4,1
21UiWzPh,Real Sociedad,Manchester Utd,1,1,dc,0,home/away,1.44,1
21UiWzPh,Real Sociedad,Manchester Utd,1,1,dc,0,draw/away,1.67,1
xlUlCKKF,Ajax,Royale Union SG,1,1,1x2,0,home,2.38,1
xlUlCKKF,Ajax,Royale Union SG,1,1,1x2,0,draw,3.55,1
xlUlCKKF,Ajax,Royale Union SG,1,1,1x2,0,away,3.3,1
xlUlCKKF,Ajax,Royale Union SG,1,1,ou,0.50,over,1.06,1
xlUlCKKF,Ajax,Royale Union SG,1,1,ou,0.50,under,15.0,1
xlUlCKKF,Ajax,Royale Union SG,1,1,ou,1.50,over,1.29,1
xlUlCKKF,Ajax,Royale Union SG,1,1,ou,1.50,under,4.2,1
xlUlCKKF,Ajax,Royale Union SG,1,1,ou,2.50,over,1.92,1
xlUlCKKF,Ajax,Royale Union SG,1,1,ou,2.50,under,2.06,1
xlUlCKKF,Ajax,Royale Union SG,1,1,ou,3.50,over,3.2,1
xlUlCKKF,Ajax,Royale Union SG,1,1,ou,3.50,under,1.43,1
xlUlCKKF,Ajax,Royale Union SG,1,1,ou,4.50,over,6.8,1
xlUlCKKF,Ajax,Royale Union SG,1,1,ou,4.50,under,1.16,1
xlUlCKKF,Ajax,Royale Union SG,1,1,ou,5.50,over,15.5,1
xlUlCKKF,Ajax,Royale Union SG,1,1,ou,5.50,under,1.06,1
xlUlCKKF,Ajax,Royale Union SG,1,1,ou,6.50,over,38.0,1
xlUlCKKF,Ajax,Royale Union SG,1,1,ou,6.50,under,1.02,1
xlUlCKKF,Ajax,Royale Union SG,1,1,hc,0,home,1.77,1
xlUlCKKF,Ajax,Royale Union SG,1,1,hc,0,away,2.28,1
xlUlCKKF,Ajax,Royale Union SG,1,1,hc,-0.50,home,2.44,1
xlUlCKKF,Ajax,Royale Union SG,1,1,hc,-0.50,away,1.68,1
xlUlCKKF,Ajax,Royale Union SG,1,1,hc,0.50,home,1.45,1
xlUlCKKF,Ajax,Royale Union SG,1,1,hc,0.50,away,3.15,1
xlUlCKKF,Ajax,Royale Union SG,1,1,hc,-0.75,home,2.93,1
xlUlCKKF,Ajax,Royale Union SG,1,1,hc,-0.75,away,1.5,1
xlUlCKKF,Ajax,Royale Union SG,1,1,hc,0.75,home,1.31,1
xlUlCKKF,Ajax,Royale Union SG,1,1,hc,0.75,away,4.01,1
xlUlCKKF,Ajax,Royale Union SG,1,1,hc,-1.00,home,3.81,1
xlUlCKKF,Ajax,Royale Union SG,1,1,hc,-1.00,away,1.31,1
xlUlCKKF,Ajax,Royale Union SG,1,1,hc,1.00,home,1.18,1
xlUlCKKF,Ajax,Royale Union SG,1,1,hc,1.00,away,6.03,1
xlUlCKKF,Ajax,Royale Union SG,1,1,hc,-1.25,home,4.23,1
xlUlCKKF,Ajax,Royale Union SG,1,1,hc,-1.25,away,1.26,1
xlUlCKKF,Ajax,Royale Union SG,1,1,hc,1.25,home,1.15,1
xlUlCKKF,Ajax,Royale Union SG,1,1,hc,1.25,away,6.7,1
xlUlCKKF,Ajax,Royale Union SG,1,1,hc,-1.50,home,4.7,1
xlUlCKKF,Ajax,Royale Union SG,1,1,hc,-1.50,away,1.23,1
xlUlCKKF,Ajax,Royale Union SG,1,1,hc,1.50,home,1.14,1
xlUlCKKF,Ajax,Royale Union SG,1,1,hc,1.50,away,7.37,1
xlUlCKKF,Ajax,Royale Union SG,1,1,hc,-1.75,home,6.18,1
xlUlCKKF,Ajax,Royale Union SG,1,1,hc,-1.75,away,1.16,1
xlUlCKKF,Ajax,Royale Union SG,1,1,hc,1.75,home,1.08,1
xlUlCKKF,Ajax,Royale Union SG,1,1,hc,1.75,away,10.54,1
xlUlCKKF,Ajax,Royale Union SG,1,1,hc,-2.00,home,9.78,1
xlUlCKKF,Ajax,Royale Union SG,1,1,hc,-2.00,away,1.09,1
xlUlCKKF,Ajax,Royale Union SG,1,1,hc,2.00,home,1.03,1
xlUlCKKF,Ajax,Royale Union SG,1,1,hc,2.00,away,20.02,1
xlUlCKKF,Ajax,Royale Union SG,1,1,hc,-2.25,home,10.39,1
xlUlCKKF,Ajax,Royale Union SG,1,1,hc,-2.25,away,1.08,1
xlUlCKKF,Ajax,Royale Union SG,1,1,hc,2.25,home,1.03,1
xlUlCKKF,Ajax,Royale Union SG,1,1,hc,2.25,away,21.01,1
xlUlCKKF,Ajax,Royale Union SG,1,1,hc,-2.50,home,11.0,1
xlUlCKKF,Ajax,Royale Union SG,1,1,hc,-2.50,away,1.08,1
xlUlCKKF,Ajax,Royale Union SG,1,1,hc,2.50,home,1.03,1
xlUlCKKF,Ajax,Royale Union SG,1,1,hc,2.50,away,22.0,1
xlUlCKKF,Ajax,Royale Union SG,1,1,hc,-2.75,home,15.63,1
xlUlCKKF,Ajax,Royale Union SG,1,1,hc,-2.75,away,1.05,1
xlUlCKKF,Ajax,Royale Union SG,1,1,hc,2.75,away,33.94,1
xlUlCKKF,Ajax,Royale Union SG,1,1,hc,-3.00,home,27.36,1
xlUlCKKF,Ajax,Royale Union SG,1,1,hc,3.00,away,44.9,1
xlUlCKKF,Ajax,Royale Union SG,1,1,hc,-3.25,home,28.18,1
xlUlCKKF,Ajax,Royale Union SG,1,1,hc,3.25,away,45.45,1
xlUlCKKF,Ajax,Royale Union SG,1,1,hc,-3.50,home,29.0,1
xlUlCKKF,Ajax,Royale Union SG,1,1,hc,3.50,away,46.0,1
xlUlCKKF,Ajax,Royale Union SG,1,1,hc,-3.75,home,29.0,1
xlUlCKKF,Ajax,Royale Union SG,1,1,hc,-0.25,home,2.1,1
xlUlCKKF,Ajax,Royale Union SG,1,1,hc,-0.25,away,1.89,1
xlUlCKKF,Ajax,Royale Union SG,1,1,hc,0.25,home,1.57,1
xlUlCKKF,Ajax,Royale Union SG,1,1,hc,0.25,away,2.71,1
xlUlCKKF,Ajax,Royale Union SG,1,1,dc,0,home/draw,1.45,1
xlUlCKKF,Ajax,Royale Union SG,1,1,dc,0,home/away,1.38,1
xlUlCKKF,Ajax,Royale Union SG,1,1,dc,0,draw/away,1.69,1
