match_id,home,away,home_score,away_score,market,line,side,avg_odds,n_bookies
d2UI0Kq4,Reims,Metz,1,1,1x2,0,home,2.68,1
d2UI0Kq4,Reims,Metz,1,1,1x2,0,draw,3.25,1
d2UI0Kq4,Reims,Metz,1,1,1x2,0,away,3.05,1
d2UI0Kq4,Reims,Metz,1,1,ou,0.50,over,1.09,1
d2UI0Kq4,Reims,Metz,1,1,ou,0.50,under,11.0,1
d2UI0Kq4,Reims,Metz,1,1,ou,1.50,over,1.39,1
d2UI0Kq4,Reims,Metz,1,1,ou,1.50,under,3.45,1
d2UI0Kq4,Reims,Metz,1,1,ou,2.50,over,2.24,1
d2UI0Kq4,Reims,Metz,1,1,ou,2.50,under,1.8,1
d2UI0Kq4,Reims,Metz,1,1,ou,3.50,over,4.2,1
d2UI0Kq4,Reims,Metz,1,1,ou,3.50,under,1.29,1
d2UI0Kq4,Reims,Metz,1,1,ou,4.50,over,10.0,1
d2UI0Kq4,Reims,Metz,1,1,ou,4.50,under,1.1,1
d2UI0Kq4,Reims,Metz,1,1,ou,5.50,over,27.0,1
d2UI0Kq4,Reims,Metz,1,1,ou,5.50,under,1.03,1
d2UI0Kq4,Reims,Metz,1,1,ou,6.50,over,70.0,1
d2UI0Kq4,Reims,Metz,1,1,hc,0,home,1.87,1
d2UI0Kq4,Reims,Metz,1,1,hc,0,away,2.12,1
d2UI0Kq4,Reims,Metz,1,1,hc,0.50,home,1.47,1
d2UI0Kq4,Reims,Metz,1,1,hc,0.50,away,3.05,1
d2UI0Kq4,Reims,Metz,1,1,hc,-0.50,home,2.68,1
d2UI0Kq4,Reims,Metz,1,1,hc,-0.50,away,1.58,1
d2UI0Kq4,Reims,Metz,1,1,hc,0.75,home,1.33,1
d2UI0Kq4,Reims,Metz,1,1,hc,0.75,away,3.93,1
d2UI0Kq4,Reims,Metz,1,1,hc,-0.75,home,3.34,1
d2UI0Kq4,Reims,Metz,1,1,hc,-0.75,away,1.41,1
d2UI0Kq4,Reims,Metz,1,1,hc,1.00,home,1.18,1
d2UI0Kq4,Reims,Metz,1,1,hc,1.00,away,6.1,1
d2UI0Kq4,Reims,Metz,1,1,hc,-1.00,home,4.76,1
d2UI0Kq4,Reims,Metz,1,1,hc,-1.00,away,1.24,1
d2UI0Kq4,Reims,Metz,1,1,hc,1.25,home,1.16,1
d2UI0Kq4,Reims,Metz,1,1,hc,1.25,away,6.85,1
d2UI0Kq4,Reims,Metz,1,1,hc,-1.25,home,5.38,1
d2UI0Kq4,Reims,Metz,1,1,hc,-1.25,away,1.2,1
d2UI0Kq4,Reims,Metz,1,1,hc,1.50,home,1.14,1
d2UI0Kq4,Reims,Metz,1,1,hc,1.50,away,7.6,1
d2UI0Kq4,Reims,Metz,1,1,hc,-1.50,home,6.0,1
d2UI0Kq4,Reims,Metz,1,1,hc,-1.50,away,1.17,1
d2UI0Kq4,Reims,Metz,1,1,hc,1.75,home,1.09,1
d2UI0Kq4,Reims,Metz,1,1,hc,1.75,away,8.41,1
d2UI0Kq4,Reims,Metz,1,1,hc,-1.75,home,8.33,1
d2UI0Kq4,Reims,Metz,1,1,hc,-1.75,away,1.11,1
d2UI0Kq4,Reims,Metz,1,1,hc,2.00,home,1.03,1
d2UI0Kq4,Reims,Metz,1,1,hc,2.00,away,7.8,1
d2UI0Kq4,Reims,Metz,1,1,hc,-2.00,home,12.32,1
d2UI0Kq4,Reims,Metz,1,1,hc,-2.00,away,1.05,1
d2UI0Kq4,Reims,Metz,1,1,hc,2.25,home,1.03,1
d2UI0Kq4,Reims,Metz,1,1,hc,2.25,away,7.8,1
d2UI0Kq4,Reims,Metz,1,1,hc,-2.25,home,12.91,1
d2UI0Kq4,Reims,Metz,1,1,hc,-2.25,away,1.05,1
d2UI0Kq4,Reims,Metz,1,1,hc,2.50,home,1.03,1
d2UI0Kq4,Reims,Metz,1,1,hc,2.50,away,7.8,1
d2UI0Kq4,Reims,Metz,1,1,hc,-2.50,home,13.5,1
d2UI0Kq4,Reims,Metz,1,1,hc,-2.50,away,1.05,1
d2UI0Kq4,Reims,Metz,1,1,hc,2.75,away,7.8,1
d2UI0Kq4,Reims,Metz,1,1,hc,-2.75,home,13.5,1
d2UI0Kq4,Reims,Metz,1,1,hc,-2.75,away,1.02,1
d2UI0Kq4,Reims,Metz,1,1,hc,-3.00,home,13.5,1
d2UI0Kq4,Reims,Metz,1,1,hc,-3.25,home,13.5,1
d2UI0Kq4,Reims,Metz,1,1,hc,-3.50,home,13.5,1
d2UI0Kq4,Reims,Metz,1,1,hc,-3.75,home,13.5,1
d2UI0Kq4,Reims,Metz,1,1,hc,0.25,home,1.61,1
d2UI0Kq4,Reims,Metz,1,1,hc,0.25,away,2.58,1
d2UI0Kq4,Reims,Metz,1,1,hc,-0.25,home,2.27,1
d2UI0Kq4,Reims,Metz,1,1,hc,-0.25,away,1.76,1
d2UI0Kq4,Reims,Metz,1,1,dc,0,home/draw,1.47,1
d2UI0Kq4,Reims,Metz,1,1,dc,0,home/away,1.43,1
d2UI0Kq4,Reims,Metz,1,1,dc,0,draw/away,1.58,1
0zyA2tFi,Metz,Reims,1,1,1x2,0,home,2.24,1
0zyA2tFi,Metz,Reims,1,1,1x2,0,draw,3.35,1
0zyA2tFi,Metz,Reims,1,1,1x2,0,away,3.8,1
0zyA2tFi,Metz,Reims,1,1,ou,0.50,over,1.09,1
0zyA2tFi,Metz,Reims,1,1,ou,0.50,under,11.5,1
0zyA2tFi,Metz,Reims,1,1,ou,1.50,over,1.4,1
0zyA2tFi,Metz,Reims,1,1,ou,1.50,under,3.4,1
0zyA2tFi,Metz,Reims,1,1,ou,2.50,over,2.2,1
0zyA2tFi,Metz,Reims,1,1,ou,2.50,under,1.81,1
0zyA2tFi,Metz,Reims,1,1,ou,3.50,over,4.2,1
0zyA2tFi,Metz,Reims,1,1,ou,3.50,under,1.3,1
0zyA2tFi,Metz,Reims,1,1,ou,4.50,over,9.8,1
0zyA2tFi,Metz,Reims,1,1,ou,4.50,under,1.11,1
0zyA2tFi,Metz,Reims,1,1,ou,5.50,over,26.0,1
0zyA2tFi,Metz,Reims,1,1,ou,5.50,under,1.03,1
0zyA2tFi,Metz,Reims,1,1,ou,6.50,over,55.0,1
0zyA2tFi,Metz,Reims,1,1,hc,0,home,1.58,1
0zyA2tFi,Metz,Reims,1,1,hc,0,away,2.7,1
0zyA2tFi,Metz,Reims,1,1,hc,-0.50,home,2.24,1
0zyA2tFi,Metz,Reims,1,1,hc,-0.50,away,1.78,1
0zyA2tFi,Metz,Reims,1,1,hc,0.50,home,1.35,1
0zyA2tFi,Metz,Reims,1,1,hc,0.50,away,3.82,1
0zyA2tFi,Metz,Reims,1,1,hc,-0.75,home,2.69,1
0zyA2tFi,Metz,Reims,1,1,hc,-0.75,away,1.57,1
0zyA2tFi,Metz,Reims,1,1,hc,0.75,home,1.23,1
0zyA2tFi,Metz,Reims,1,1,hc,0.75,away,5.08,1
0zyA2tFi,Metz,Reims,1,1,hc,-1.00,home,3.65,1
0zyA2tFi,Metz,Reims,1,1,hc,-1.00,away,1.34,1
0zyA2tFi,Metz,Reims,1,1,hc,1.00,home,1.12,1
0zyA2tFi,Metz,Reims,1,1,hc,1.00,away,8.38,1
0zyA2tFi,Metz,Reims,1,1,hc,-1.25,home,4.22,1
0zyA2tFi,Metz,Reims,1,1,hc,-1.25,away,1.28,1
0zyA2tFi,Metz,Reims,1,1,hc,1.25,home,1.1,1
0zyA2tFi,Metz,Reims,1,1,hc,1.25,away,9.19,1
0zyA2tFi,Metz,Reims,1,1,hc,-1.50,home,4.8,1
0zyA2tFi,Metz,Reims,1,1,hc,-1.50,away,1.24,1
0zyA2tFi,Metz,Reims,1,1,hc,1.50,home,1.09,1
0zyA2tFi,Metz,Reims,1,1,hc,1.50,away,10.0,1
0zyA2tFi,Metz,Reims,1,1,hc,-1.75,home,6.35,1
0zyA2tFi,Metz,Reims,1,1,hc,-1.75,away,1.16,1
0zyA2tFi,Metz,Reims,1,1,hc,1.75,home,1.06,1
0zyA2tFi,Metz,Reims,1,1,hc,1.75,away,12.49,1
0zyA2tFi,Metz,Reims,1,1,hc,-2.00,home,9.7,1
0zyA2tFi,Metz,Reims,1,1,hc,-2.00,away,1.08,1
0zyA2tFi,Metz,Reims,1,1,hc,2.00,away,16.89,1
0zyA2tFi,Metz,Reims,1,1,hc,-2.25,home,10.35,1
0zyA2tFi,Metz,Reims,1,1,hc,-2.25,away,1.08,1
0zyA2tFi,Metz,Reims,1,1,hc,2.25,away,17.27,1
0zyA2tFi,Metz,Reims,1,1,hc,-2.50,home,11.0,1
0zyA2tFi,Metz,Reims,1,1,hc,-2.50,away,1.07,1
0zyA2tFi,Metz,Reims,1,1,hc,2.50,away,17.66,1
0zyA2tFi,Metz,Reims,1,1,hc,-2.75,home,11.27,1
0zyA2tFi,Metz,Reims,1,1,hc,-2.75,away,1.04,1
0zyA2tFi,Metz,Reims,1,1,hc,2.75,away,17.66,1
0zyA2tFi,Metz,Reims,1,1,hc,-3.00,home,11.0,1
0zyA2tFi,Metz,Reims,1,1,hc,-3.25,home,11.0,1
0zyA2tFi,Metz,Reims,1,1,hc,-3.50,home,11.0,1
0zyA2tFi,Metz,Reims,1,1,hc,-0.25,home,1.91,1
0zyA2tFi,Metz,Reims,1,1,hc,-0.25,away,2.08,1
0zyA2tFi,Metz,Reims,1,1,hc,0.25,home,1.43,1
0zyA2tFi,Metz,Reims,1,1,hc,0.25,away,3.26,1
0zyA2tFi,Metz,Reims,1,1,dc,0,home/draw,1.35,1
0zyA2tFi,Metz,Reims,1,1,dc,0,home/away,1.41,1
0zyA2tFi,Metz,Reims,1,1,dc,0,draw/away,1.79,1
fsvIKg05,Lyon,Angers,2,2,1x2,0,home,1.19,1
fsvIKg05,Lyon,Angers,2,2,1x2,0,draw,9.0,1
fsvIKg05,Lyon,Angers,2,2,1x2,0,away,18.0,1
fsvIKg05,Lyon,Angers,2,2,ou,0.50,under,50.0,1
fsvIKg05,Lyon,Angers,2,2,ou,1.50,over,1.09,1
fsvIKg05,Lyon,Angers,2,2,ou,1.50,under,10.5,1
fsvIKg05,Lyon,Angers,2,2,ou,2.50,over,1.31,1
fsvIKg05,Lyon,Angers,2,2,ou,2.50,under,4.2,1
fsvIKg05,Lyon,Angers,2,2,ou,3.50,over,1.71,1
fsvIKg05,Lyon,Angers,2,2,ou,3.50,under,2.36,1
fsvIKg05,Lyon,Angers,2,2,ou,4.50,over,2.64,1
fsvIKg05,Lyon,Angers,2,2,ou,4.50,under,1.59,1
fsvIKg05,Lyon,Angers,2,2,ou,5.50,over,4.6,1
fsvIKg05,Lyon,Angers,2,2,ou,5.50,under,1.26,1
fsvIKg05,Lyon,Angers,2,2,ou,6.50,over,9.2,1
fsvIKg05,Lyon,Angers,2,2,ou,6.50,under,1.11,1
fsvIKg05,Lyon,Angers,2,2,ou,7.50,over,21.0,1
fsvIKg05,Lyon,Angers,2,2,ou,7.50,under,1.04,1
fsvIKg05,Lyon,Angers,2,2,ou,8.50,over,50.0,1
fsvIKg05,Lyon,Angers,2,2,hc,0,home,1.06,1
fsvIKg05,Lyon,Angers,2,2,hc,0,away,16.0,1
fsvIKg05,Lyon,Angers,2,2,hc,0.50,home,1.05,1
fsvIKg05,Lyon,Angers,2,2,hc,0.50,away,18.0,1
fsvIKg05,Lyon,Angers,2,2,hc,-0.50,home,1.19,1
fsvIKg05,Lyon,Angers,2,2,hc,-0.50,away,6.0,1
fsvIKg05,Lyon,Angers,2,2,hc,0.75,home,1.03,1
fsvIKg05,Lyon,Angers,2,2,hc,0.75,away,26.61,1
fsvIKg05,Lyon,Angers,2,2,hc,-0.75,home,1.21,1
fsvIKg05,Lyon,Angers,2,2,hc,-0.75,away,5.47,1
fsvIKg05,Lyon,Angers,2,2,hc,1.00,away,49.16,1
fsvIKg05,Lyon,Angers,2,2,hc,-1.00,home,1.24,1
fsvIKg05,Lyon,Angers,2,2,hc,-1.00,away,4.94,1
fsvIKg05,Lyon,Angers,2,2,hc,1.25,away,50.08,1
fsvIKg05,Lyon,Angers,2,2,hc,-1.25,home,1.37,1
fsvIKg05,Lyon,Angers,2,2,hc,-1.25,away,3.58,1
fsvIKg05,Lyon,Angers,2,2,hc,1.50,away,51.0,1
fsvIKg05,Lyon,Angers,2,2,hc,-1.50,home,1.5,1
fsvIKg05,Lyon,Angers,2,2,hc,-1.50,away,2.92,1
fsvIKg05,Lyon,Angers,2,2,hc,1.75,away,69.32,1
fsvIKg05,Lyon,Angers,2,2,hc,-1.75,home,1.6,1
fsvIKg05,Lyon,Angers,2,2,hc,-1.75,away,2.6,1
fsvIKg05,Lyon,Angers,2,2,hc,-2.00,home,1.75,1
fsvIKg05,Lyon,Angers,2,2,hc,-2.00,away,2.29,1
fsvIKg05,Lyon,Angers,2,2,hc,-2.25,home,1.99,1
fsvIKg05,Lyon,Angers,2,2,hc,-2.25,away,1.97,1
fsvIKg05,Lyon,Angers,2,2,hc,-2.50,home,2.2,1
fsvIKg05,Lyon,Angers,2,2,hc,-2.50,away,1.79,1
fsvIKg05,Lyon,Angers,2,2,hc,-2.75,home,2.49,1
fsvIKg05,Lyon,Angers,2,2,hc,-2.75,away,1.62,1
fsvIKg05,Lyon,Angers,2,2,hc,-3.00,home,2.96,1
fsvIKg05,Lyon,Angers,2,2,hc,-3.00,away,1.46,1
fsvIKg05,Lyon,Angers,2,2,hc,-3.25,home,3.28,1
fsvIKg05,Lyon,Angers,2,2,hc,-3.25,away,1.4,1
fsvIKg05,Lyon,Angers,2,2,hc,-3.50,home,3.6,1
fsvIKg05,Lyon,Angers,2,2,hc,-3.50,away,1.35,1
fsvIKg05,Lyon,Angers,2,2,hc,-3.75,home,4.42,1
fsvIKg05,Lyon,Angers,2,2,hc,-3.75,away,1.26,1
fsvIKg05,Lyon,Angers,2,2,hc,-4.00,home,6.0,1
fsvIKg05,Lyon,Angers,2,2,hc,-4.00,away,1.16,1
fsvIKg05,Lyon,Angers,2,2,hc,0.25,home,1.06,1
fsvIKg05,Lyon,Angers,2,2,hc,0.25,away,17.0,1
fsvIKg05,Lyon,Angers,2,2,hc,-0.25,home,1.12,1
fsvIKg05,Lyon,Angers,2,2,hc,-0.25,away,8.5,1
fsvIKg05,Lyon,Angers,2,2,dc,0,home/draw,1.05,1
fsvIKg05,Lyon,Angers,2,2,dc,0,home/away,1.12,1
fsvIKg05,Lyon,Angers,2,2,dc,0,draw/away,6.0,1
KpaXPlxo,PSG,Auxerre,3,3,1x2,0,home,1.15,1
KpaXPlxo,PSG,Auxerre,3,3,1x2,0,draw,10.5,1
KpaXPlxo,PSG,Auxerre,3,3,1x2,0,away,23.0,1
KpaXPlxo,PSG,Auxerre,3,3,ou,0.50,under,50.0,1
KpaXPlxo,PSG,Auxerre,3,3,ou,1.50,over,1.08,1
KpaXPlxo,PSG,Auxerre,3,3,ou,1.50,under,12.0,1
KpaXPlxo,PSG,Auxerre,3,3,ou,2.50,over,1.29,1
KpaXPlxo,PSG,Auxerre,3,3,ou,2.50,under,4.4,1
KpaXPlxo,PSG,Auxerre,3,3,ou,3.50,over,1.67,1
KpaXPlxo,PSG,Auxerre,3,3,ou,3.50,under,2.46,1
KpaXPlxo,PSG,Auxerre,3,3,ou,4.50,over,2.42,1
KpaXPlxo,PSG,Auxerre,3,3,ou,4.50,under,1.69,1
KpaXPlxo,PSG,Auxerre,3,3,ou,5.50,over,4.2,1
KpaXPlxo,PSG,Auxerre,3,3,ou,5.50,under,1.3,1
KpaXPlxo,PSG,Auxerre,3,3,ou,6.50,over,8.0,1
KpaXPlxo,PSG,Auxerre,3,3,ou,6.50,under,1.13,1
KpaXPlxo,PSG,Auxerre,3,3,ou,7.50,over,17.0,1
KpaXPlxo,PSG,Auxerre,3,3,ou,7.50,under,1.05,1
KpaXPlxo,PSG,Auxerre,3,3,ou,8.50,over,34.0,1
KpaXPlxo,PSG,Auxerre,3,3,ou,8.50,under,1.02,1
KpaXPlxo,PSG,Auxerre,3,3,hc,0,home,1.04,1
KpaXPlxo,PSG,Auxerre,3,3,hc,0,away,20.82,1
KpaXPlxo,PSG,Auxerre,3,3,hc,0.50,home,1.04,1
KpaXPlxo,PSG,Auxerre,3,3,hc,0.50,away,23.0,1
KpaXPlxo,PSG,Auxerre,3,3,hc,-0.50,home,1.15,1
KpaXPlxo,PSG,Auxerre,3,3,hc,-0.50,away,7.25,1
KpaXPlxo,PSG,Auxerre,3,3,hc,0.75,home,1.02,1
KpaXPlxo,PSG,Auxerre,3,3,hc,0.75,away,34.42,1
KpaXPlxo,PSG,Auxerre,3,3,hc,-0.75,home,1.16,1
KpaXPlxo,PSG,Auxerre,3,3,hc,-0.75,away,6.64,1
KpaXPlxo,PSG,Auxerre,3,3,hc,1.00,away,67.95,1
KpaXPlxo,PSG,Auxerre,3,3,hc,-1.00,home,1.18,1
KpaXPlxo,PSG,Auxerre,3,3,hc,-1.00,away,6.03,1
KpaXPlxo,PSG,Auxerre,3,3,hc,1.25,away,68.97,1
KpaXPlxo,PSG,Auxerre,3,3,hc,-1.25,home,1.3,1
KpaXPlxo,PSG,Auxerre,3,3,hc,-1.25,away,4.13,1
KpaXPlxo,PSG,Auxerre,3,3,hc,1.50,away,70.0,1
KpaXPlxo,PSG,Auxerre,3,3,hc,-1.50,home,1.41,1
KpaXPlxo,PSG,Auxerre,3,3,hc,-1.50,away,3.27,1
KpaXPlxo,PSG,Auxerre,3,3,hc,-1.75,home,1.48,1
KpaXPlxo,PSG,Auxerre,3,3,hc,-1.75,away,2.94,1
KpaXPlxo,PSG,Auxerre,3,3,hc,-2.00,home,1.58,1
KpaXPlxo,PSG,Auxerre,3,3,hc,-2.00,away,2.62,1
KpaXPlxo,PSG,Auxerre,3,3,hc,-2.25,home,1.79,1
KpaXPlxo,PSG,Auxerre,3,3,hc,-2.25,away,2.22,1
KpaXPlxo,PSG,Auxerre,3,3,hc,-2.50,home,2.0,1
KpaXPlxo,PSG,Auxerre,3,3,hc,-2.50,away,1.98,1
KpaXPlxo,PSG,Auxerre,3,3,hc,-2.75,home,2.23,1
KpaXPlxo,PSG,Auxerre,3,3,hc,-2.75,away,1.79,1
KpaXPlxo,PSG,Auxerre,3,3,hc,-3.00,home,2.58,1
KpaXPlxo,PSG,Auxerre,3,3,hc,-3.00,away,1.59,1
KpaXPlxo,PSG,Auxerre,3,3,hc,-3.25,home,2.88,1
KpaXPlxo,PSG,Auxerre,3,3,hc,-3.25,away,1.5,1
KpaXPlxo,PSG,Auxerre,3,3,hc,-3.50,home,3.17,1
KpaXPlxo,PSG,Auxerre,3,3,hc,-3.50,away,1.43,1
KpaXPlxo,PSG,Auxerre,3,3,hc,-3.75,home,3.78,1
KpaXPlxo,PSG,Auxerre,3,3,hc,-3.75,away,1.33,1
KpaXPlxo,PSG,Auxerre,3,3,hc,-4.00,home,4.87,1
KpaXPlxo,PSG,Auxerre,3,3,hc,-4.00,away,1.23,1
KpaXPlxo,PSG,Auxerre,3,3,hc,0.25,home,1.04,1
KpaXPlxo,PSG,Auxerre,3,3,hc,0.25,away,21.91,1
KpaXPlxo,PSG,Auxerre,3,3,hc,-0.25,home,1.1,1
KpaXPlxo,PSG,Auxerre,3,3,hc,-0.25,away,10.5,1
KpaXPlxo,PSG,Auxerre,3,3,dc,0,home/draw,1.04,1
KpaXPlxo,PSG,Auxerre,3,3,dc,0,home/away,1.1,1
KpaXPlxo,PSG,Auxerre,3,3,dc,0,draw/away,7.2,1
j9XQIXUH,Nice,Brest,6,6,1x2,0,home,1.57,1
j9XQIXUH,Nice,Brest,6,6,1x2,0,draw,4.8,1
j9XQIXUH,Nice,Brest,6,6,1x2,0,away,6.4,1
j9XQIXUH,Nice,Brest,6,6,ou,0.50,over,1.03,1
j9XQIXUH,Nice,Brest,6,6,ou,0.50,under,26.0,1
j9XQIXUH,Nice,Brest,6,6,ou,1.50,over,1.17,1
j9XQIXUH,Nice,Brest,6,6,ou,1.50,under,6.4,1
j9XQIXUH,Nice,Brest,6,6,ou,2.50,over,1.52,1
j9XQIXUH,Nice,Brest,6,6,ou,2.50,under,2.84,1
j9XQIXUH,Nice,Brest,6,6,ou,3.50,over,2.28,1
j9XQIXUH,Nice,Brest,6,6,ou,3.50,under,1.75,1
j9XQIXUH,Nice,Brest,6,6,ou,4.50,over,4.1,1
j9XQIXUH,Nice,Brest,6,6,ou,4.50,under,1.32,1
j9XQIXUH,Nice,Brest,6,6,ou,5.50,over,8.4,1
j9XQIXUH,Nice,Brest,6,6,ou,5.50,under,1.13,1
j9XQIXUH,Nice,Brest,6,6,ou,6.50,over,18.5,1
j9XQIXUH,Nice,Brest,6,6,ou,6.50,under,1.04,1
j9XQIXUH,Nice,Brest,6,6,ou,7.50,over,46.0,1
j9XQIXUH,Nice,Brest,6,6,hc,0,home,1.23,1
j9XQIXUH,Nice,Brest,6,6,hc,0,away,5.3,1
j9XQIXUH,Nice,Brest,6,6,hc,0.50,home,1.17,1
j9XQIXUH,Nice,Brest,6,6,hc,0.50,away,6.6,1
j9XQIXUH,Nice,Brest,6,6,hc,-0.50,home,1.53,1
j9XQIXUH,Nice,Brest,6,6,hc,-0.50,away,2.87,1
j9XQIXUH,Nice,Brest,6,6,hc,0.75,home,1.11,1
j9XQIXUH,Nice,Brest,6,6,hc,0.75,away,9.06,1
j9XQIXUH,Nice,Brest,6,6,hc,-0.75,home,1.64,1
j9XQIXUH,Nice,Brest,6,6,hc,-0.75,away,2.53,1
j9XQIXUH,Nice,Brest,6,6,hc,1.00,home,1.06,1
j9XQIXUH,Nice,Brest,6,6,hc,1.00,away,15.42,1
j9XQIXUH,Nice,Brest,6,6,hc,-1.00,home,1.82,1
j9XQIXUH,Nice,Brest,6,6,hc,-1.00,away,2.18,1
j9XQIXUH,Nice,Brest,6,6,hc,1.25,home,1.05,1
j9XQIXUH,Nice,Brest,6,6,hc,1.25,away,16.21,1
j9XQIXUH,Nice,Brest,6,6,hc,-1.25,home,2.1,1
j9XQIXUH,Nice,Brest,6,6,hc,-1.25,away,1.88,1
j9XQIXUH,Nice,Brest,6,6,hc,1.50,home,1.05,1
j9XQIXUH,Nice,Brest,6,6,hc,1.50,away,17.0,1
j9XQIXUH,Nice,Brest,6,6,hc,-1.50,home,2.36,1
j9XQIXUH,Nice,Brest,6,6,hc,-1.50,away,1.7,1
j9XQIXUH,Nice,Brest,6,6,hc,1.75,home,1.03,1
j9XQIXUH,Nice,Brest,6,6,hc,1.75,away,25.54,1
j9XQIXUH,Nice,Brest,6,6,hc,-1.75,home,2.76,1
j9XQIXUH,Nice,Brest,6,6,hc,-1.75,away,1.54,1
j9XQIXUH,Nice,Brest,6,6,hc,2.00,away,52.76,1
j9XQIXUH,Nice,Brest,6,6,hc,-2.00,home,3.44,1
j9XQIXUH,Nice,Brest,6,6,hc,-2.00,away,1.38,1
j9XQIXUH,Nice,Brest,6,6,hc,2.25,away,53.88,1
j9XQIXUH,Nice,Brest,6,6,hc,-2.25,home,3.81,1
j9XQIXUH,Nice,Brest,6,6,hc,-2.25,away,1.33,1
j9XQIXUH,Nice,Brest,6,6,hc,2.50,away,55.0,1
j9XQIXUH,Nice,Brest,6,6,hc,-2.50,home,4.2,1
j9XQIXUH,Nice,Brest,6,6,hc,-2.50,away,1.29,1
j9XQIXUH,Nice,Brest,6,6,hc,-2.75,home,5.39,1
j9XQIXUH,Nice,Brest,6,6,hc,-2.75,away,1.21,1
j9XQIXUH,Nice,Brest,6,6,hc,-3.00,home,7.71,1
j9XQIXUH,Nice,Brest,6,6,hc,-3.00,away,1.13,1
j9XQIXUH,Nice,Brest,6,6,hc,-3.25,home,8.25,1
j9XQIXUH,Nice,Brest,6,6,hc,-3.25,away,1.12,1
j9XQIXUH,Nice,Brest,6,6,hc,-3.50,home,8.8,1
j9XQIXUH,Nice,Brest,6,6,hc,-3.50,away,1.11,1
j9XQIXUH,Nice,Brest,6,6,hc,-3.75,home,9.0,1
j9XQIXUH,Nice,Brest,6,6,hc,-3.75,away,1.07,1
j9XQIXUH,Nice,Brest,6,6,hc,-4.00,home,8.8,1
j9XQIXUH,Nice,Brest,6,6,hc,-4.00,away,1.03,1
j9XQIXUH,Nice,Brest,6,6,hc,0.25,home,1.2,1
j9XQIXUH,Nice,Brest,6,6,hc,0.25,away,5.95,1
j9XQIXUH,Nice,Brest,6,6,hc,-0.25,home,1.38,1
j9XQIXUH,Nice,Brest,6,6,hc,-0.25,away,3.61,1
j9XQIXUH,Nice,Brest,6,6,dc,0,home/draw,1.17,1
j9XQIXUH,Nice,Brest,6,6,dc,0,home/away,1.25,1
j9XQIXUH,Nice,Brest,6,6,dc,0,draw/away,2.74,1
YmRqZhFb,Strasbourg,Le Havre,2,2,1x2,0,home,1.54,1
YmRqZhFb,Strasbourg,Le Havre,2,2,1x2,0,draw,5.1,1
YmRqZhFb,Strasbourg,Le Havre,2,2,1x2,0,away,6.2,1
YmRqZhFb,Strasbourg,Le Havre,2,2,ou,0.50,over,1.03,1
YmRqZhFb,Strasbourg,Le Havre,2,2,ou,0.50,under,30.0,1
YmRqZhFb,Strasbourg,Le Havre,2,2,ou,1.50,over,1.16,1
YmRqZhFb,Strasbourg,Le Havre,2,2,ou,1.50,under,7.0,1
YmRqZhFb,Strasbourg,Le Havre,2,2,ou,2.50,over,1.48,1
YmRqZhFb,Strasbourg,Le Havre,2,2,ou,2.50,under,3.0,1
YmRqZhFb,Strasbourg,Le Havre,2,2,ou,3.50,over,2.2,1
YmRqZhFb,Strasbourg,Le Havre,2,2,ou,3.50,under,1.8,1
YmRqZhFb,Strasbourg,Le Havre,2,2,ou,4.50,over,3.85,1
YmRqZhFb,Strasbourg,Le Havre,2,2,ou,4.50,under,1.33,1
YmRqZhFb,Strasbourg,Le Havre,2,2,ou,5.50,over,7.6,1
YmRqZhFb,Strasbourg,Le Havre,2,2,ou,5.50,under,1.14,1
YmRqZhFb,Strasbourg,Le Havre,2,2,ou,6.50,over,17.5,1
YmRqZhFb,Strasbourg,Le Havre,2,2,ou,6.50,under,1.05,1
YmRqZhFb,Strasbourg,Le Havre,2,2,ou,7.50,over,40.0,1
YmRqZhFb,Strasbourg,Le Havre,2,2,hc,0,home,1.24,1
YmRqZhFb,Strasbourg,Le Havre,2,2,hc,0,away,5.0,1
YmRqZhFb,Strasbourg,Le Havre,2,2,hc,0.50,home,1.18,1
YmRqZhFb,Strasbourg,Le Havre,2,2,hc,0.50,away,6.2,1
YmRqZhFb,Strasbourg,Le Havre,2,2,hc,-0.50,home,1.54,1
YmRqZhFb,Strasbourg,Le Havre,2,2,hc,-0.50,away,2.81,1
YmRqZhFb,Strasbourg,Le Havre,2,2,hc,0.75,home,1.12,1
YmRqZhFb,Strasbourg,Le Havre,2,2,hc,0.75,away,8.49,1
YmRqZhFb,Strasbourg,Le Havre,2,2,hc,-0.75,home,1.65,1
YmRqZhFb,Strasbourg,Le Havre,2,2,hc,-0.75,away,2.5,1
YmRqZhFb,Strasbourg,Le Havre,2,2,hc,1.00,home,1.06,1
YmRqZhFb,Strasbourg,Le Havre,2,2,hc,1.00,away,14.41,1
YmRqZhFb,Strasbourg,Le Havre,2,2,hc,-1.00,home,1.82,1
YmRqZhFb,Strasbourg,Le Havre,2,2,hc,-1.00,away,2.18,1
YmRqZhFb,Strasbourg,Le Havre,2,2,hc,1.25,home,1.06,1
YmRqZhFb,Strasbourg,Le Havre,2,2,hc,1.25,away,15.2,1
YmRqZhFb,Strasbourg,Le Havre,2,2,hc,-1.25,home,2.08,1
YmRqZhFb,Strasbourg,Le Havre,2,2,hc,-1.25,away,1.9,1
YmRqZhFb,Strasbourg,Le Havre,2,2,hc,1.50,home,1.06,1
YmRqZhFb,Strasbourg,Le Havre,2,2,hc,1.50,away,16.0,1
YmRqZhFb,Strasbourg,Le Havre,2,2,hc,-1.50,home,2.35,1
YmRqZhFb,Strasbourg,Le Havre,2,2,hc,-1.50,away,1.72,1
YmRqZhFb,Strasbourg,Le Havre,2,2,hc,1.75,home,1.03,1
YmRqZhFb,Strasbourg,Le Havre,2,2,hc,1.75,away,23.99,1
YmRqZhFb,Strasbourg,Le Havre,2,2,hc,-1.75,home,2.74,1
YmRqZhFb,Strasbourg,Le Havre,2,2,hc,-1.75,away,1.55,1
YmRqZhFb,Strasbourg,Le Havre,2,2,hc,2.00,away,48.81,1
YmRqZhFb,Strasbourg,Le Havre,2,2,hc,-2.00,home,3.44,1
YmRqZhFb,Strasbourg,Le Havre,2,2,hc,-2.00,away,1.38,1
YmRqZhFb,Strasbourg,Le Havre,2,2,hc,2.25,away,49.9,1
YmRqZhFb,Strasbourg,Le Havre,2,2,hc,-2.25,home,3.83,1
YmRqZhFb,Strasbourg,Le Havre,2,2,hc,-2.25,away,1.33,1
YmRqZhFb,Strasbourg,Le Havre,2,2,hc,2.50,away,51.0,1
YmRqZhFb,Strasbourg,Le Havre,2,2,hc,-2.50,home,4.22,1
YmRqZhFb,Strasbourg,Le Havre,2,2,hc,-2.50,away,1.29,1
YmRqZhFb,Strasbourg,Le Havre,2,2,hc,2.75,away,68.11,1
YmRqZhFb,Strasbourg,Le Havre,2,2,hc,-2.75,home,5.35,1
YmRqZhFb,Strasbourg,Le Havre,2,2,hc,-2.75,away,1.21,1
YmRqZhFb,Strasbourg,Le Havre,2,2,hc,-3.00,home,7.66,1
YmRqZhFb,Strasbourg,Le Havre,2,2,hc,-3.00,away,1.13,1
YmRqZhFb,Strasbourg,Le Havre,2,2,hc,-3.25,home,8.17,1
YmRqZhFb,Strasbourg,Le Havre,2,2,hc,-3.25,away,1.12,1
YmRqZhFb,Strasbourg,Le Havre,2,2,hc,-3.50,home,8.69,1
YmRqZhFb,Strasbourg,Le Havre,2,2,hc,-3.50,away,1.11,1
YmRqZhFb,Strasbourg,Le Havre,2,2,hc,-3.75,home,11.86,1
YmRqZhFb,Strasbourg,Le Havre,2,2,hc,-3.75,away,1.07,1
YmRqZhFb,Strasbourg,Le Havre,2,2,hc,-4.00,home,8.8,1
YmRqZhFb,Strasbourg,Le Havre,2,2,hc,-4.00,away,1.02,1
YmRqZhFb,Strasbourg,Le Havre,2,2,hc,0.25,home,1.2,1
YmRqZhFb,Strasbourg,Le Havre,2,2,hc,0.25,away,5.6,1
YmRqZhFb,Strasbourg,Le Havre,2,2,hc,-0.25,home,1.39,1
YmRqZhFb,Strasbourg,Le Havre,2,2,hc,-0.25,away,3.5,1
YmRqZhFb,Strasbourg,Le Havre,2,2,dc,0,home/draw,1.18,1
YmRqZhFb,Strasbourg,Le Havre,2,2,dc,0,home/away,1.23,1
YmRqZhFb,Strasbourg,Le Havre,2,2,dc,0,draw/away,2.8,1
2TI0VAEN,Lens,Monaco,4,4,1x2,0,home,2.8,1
2TI0VAEN,Lens,Monaco,4,4,1x2,0,draw,4.0,1
2TI0VAEN,Lens,Monaco,4,4,1x2,0,away,2.5,1
2TI0VAEN,Lens,Monaco,4,4,ou,0.50,over,1.03,1
2TI0VAEN,Lens,Monaco,4,4,ou,0.50,under,27.0,1
2TI0VAEN,Lens,Monaco,4,4,ou,1.50,over,1.17,1
2TI0VAEN,Lens,Monaco,4,4,ou,1.50,under,6.6,1
2TI0VAEN,Lens,Monaco,4,4,ou,2.50,over,1.51,1
2TI0VAEN,Lens,Monaco,4,4,ou,2.50,under,2.86,1
2TI0VAEN,Lens,Monaco,4,4,ou,3.50,over,2.2,1
2TI0VAEN,Lens,Monaco,4,4,ou,3.50,under,1.8,1
2TI0VAEN,Lens,Monaco,4,4,ou,4.50,over,3.95,1
2TI0VAEN,Lens,Monaco,4,4,ou,4.50,under,1.32,1
2TI0VAEN,Lens,Monaco,4,4,ou,5.50,over,7.8,1
2TI0VAEN,Lens,Monaco,4,4,ou,5.50,under,1.13,1
2TI0VAEN,Lens,Monaco,4,4,ou,6.50,over,18.0,1
2TI0VAEN,Lens,Monaco,4,4,ou,6.50,under,1.05,1
2TI0VAEN,Lens,Monaco,4,4,ou,7.50,over,44.0,1
2TI0VAEN,Lens,Monaco,4,4,hc,0,home,2.11,1
2TI0VAEN,Lens,Monaco,4,4,hc,0,away,1.89,1
2TI0VAEN,Lens,Monaco,4,4,hc,0.50,home,1.65,1
2TI0VAEN,Lens,Monaco,4,4,hc,0.50,away,2.5,1
2TI0VAEN,Lens,Monaco,4,4,hc,-0.50,home,2.8,1
2TI0VAEN,Lens,Monaco,4,4,hc,-0.50,away,1.54,1
2TI0VAEN,Lens,Monaco,4,4,hc,0.75,home,1.49,1
2TI0VAEN,Lens,Monaco,4,4,hc,0.75,away,2.95,1
2TI0VAEN,Lens,Monaco,4,4,hc,-0.75,home,3.38,1
2TI0VAEN,Lens,Monaco,4,4,hc,-0.75,away,1.4,1
2TI0VAEN,Lens,Monaco,4,4,hc,1.00,home,1.33,1
2TI0VAEN,Lens,Monaco,4,4,hc,1.00,away,3.79,1
2TI0VAEN,Lens,Monaco,4,4,hc,-1.00,home,4.52,1
2TI0VAEN,Lens,Monaco,4,4,hc,-1.00,away,1.26,1
2TI0VAEN,Lens,Monaco,4,4,hc,1.25,home,1.29,1
2TI0VAEN,Lens,Monaco,4,4,hc,1.25,away,4.22,1
2TI0VAEN,Lens,Monaco,4,4,hc,-1.25,home,5.0,1
2TI0VAEN,Lens,Monaco,4,4,hc,-1.25,away,1.22,1
2TI0VAEN,Lens,Monaco,4,4,hc,1.50,home,1.25,1
2TI0VAEN,Lens,Monaco,4,4,hc,1.50,away,4.65,1
2TI0VAEN,Lens,Monaco,4,4,hc,-1.50,home,5.48,1
2TI0VAEN,Lens,Monaco,4,4,hc,-1.50,away,1.2,1
2TI0VAEN,Lens,Monaco,4,4,hc,1.75,home,1.18,1
2TI0VAEN,Lens,Monaco,4,4,hc,1.75,away,6.08,1
2TI0VAEN,Lens,Monaco,4,4,hc,-1.75,home,7.37,1
2TI0VAEN,Lens,Monaco,4,4,hc,-1.75,away,1.14,1
2TI0VAEN,Lens,Monaco,4,4,hc,2.00,home,1.1,1
2TI0VAEN,Lens,Monaco,4,4,hc,2.00,away,9.24,1
2TI0VAEN,Lens,Monaco,4,4,hc,-2.00,home,11.72,1
2TI0VAEN,Lens,Monaco,4,4,hc,-2.00,away,1.07,1
2TI0VAEN,Lens,Monaco,4,4,hc,2.25,home,1.1,1
2TI0VAEN,Lens,Monaco,4,4,hc,2.25,away,9.87,1
2TI0VAEN,Lens,Monaco,4,4,hc,-2.25,home,12.41,1
2TI0VAEN,Lens,Monaco,4,4,hc,-2.25,away,1.07,1
2TI0VAEN,Lens,Monaco,4,4,hc,2.50,home,1.09,1
2TI0VAEN,Lens,Monaco,4,4,hc,2.50,away,10.24,1
2TI0VAEN,Lens,Monaco,4,4,hc,-2.50,home,13.1,1
2TI0VAEN,Lens,Monaco,4,4,hc,-2.50,away,1.07,1
2TI0VAEN,Lens,Monaco,4,4,hc,2.75,home,1.06,1
2TI0VAEN,Lens,Monaco,4,4,hc,2.75,away,14.53,1
2TI0VAEN,Lens,Monaco,4,4,hc,-2.75,home,18.63,1
2TI0VAEN,Lens,Monaco,4,4,hc,-2.75,away,1.04,1
2TI0VAEN,Lens,Monaco,4,4,hc,3.00,home,1.03,1
2TI0VAEN,Lens,Monaco,4,4,hc,3.00,away,24.52,1
2TI0VAEN,Lens,Monaco,4,4,hc,-3.00,home,34.33,1
2TI0VAEN,Lens,Monaco,4,4,hc,-3.00,away,1.02,1
2TI0VAEN,Lens,Monaco,4,4,hc,3.25,home,1.03,1
2TI0VAEN,Lens,Monaco,4,4,hc,3.25,away,25.26,1
2TI0VAEN,Lens,Monaco,4,4,hc,-3.25,home,35.16,1
2TI0VAEN,Lens,Monaco,4,4,hc,-3.25,away,1.02,1
2TI0VAEN,Lens,Monaco,4,4,hc,3.50,home,1.03,1
2TI0VAEN,Lens,Monaco,4,4,hc,3.50,away,26.0,1
2TI0VAEN,Lens,Monaco,4,4,hc,-3.50,home,36.0,1
2TI0VAEN,Lens,Monaco,4,4,hc,-3.50,away,1.02,1
2TI0VAEN,Lens,Monaco,4,4,hc,3.75,away,26.0,1
2TI0VAEN,Lens,Monaco,4,4,hc,-3.75,home,36.0,1
2TI0VAEN,Lens,Monaco,4,4,hc,0.25,home,1.82,1
2TI0VAEN,Lens,Monaco,4,4,hc,0.25,away,2.19,1
2TI0VAEN,Lens,Monaco,4,4,hc,-0.25,home,2.45,1
2TI0VAEN,Lens,Monaco,4,4,hc,-0.25,away,1.67,1
2TI0VAEN,Lens,Monaco,4,4,dc,0,home/draw,1.65,1
2TI0VAEN,Lens,Monaco,4,4,dc,0,home/away,1.32,1
2TI0VAEN,Lens,Monaco,4,4,dc,0,draw/away,1.54,1
QNNyyFpn,Lille,Reims,2,2,1x2,0,home,1.41,1
QNNyyFpn,Lille,Reims,2,2,1x2,0,draw,5.2,1
QNNyyFpn,Lille,Reims,2,2,1x2,0,away,9.8,1
QNNyyFpn,Lille,Reims,2,2,ou,0.50,over,1.05,1
QNNyyFpn,Lille,Reims,2,2,ou,0.50,under,18.5,1
QNNyyFpn,Lille,Reims,2,2,ou,1.50,over,1.25,1
QNNyyFpn,Lille,Reims,2,2,ou,1.50,under,4.8,1
QNNyyFpn,Lille,Reims,2,2,ou,2.50,over,1.76,1
QNNyyFpn,Lille,Reims,2,2,ou,2.50,under,2.26,1
QNNyyFpn,Lille,Reims,2,2,ou,3.50,over,2.94,1
QNNyyFpn,Lille,Reims,2,2,ou,3.50,under,1.49,1
QNNyyFpn,Lille,Reims,2,2,ou,4.50,over,5.8,1
QNNyyFpn,Lille,Reims,2,2,ou,4.50,under,1.19,1
QNNyyFpn,Lille,Reims,2,2,ou,5.50,over,12.5,1
QNNyyFpn,Lille,Reims,2,2,ou,5.50,under,1.07,1
QNNyyFpn,Lille,Reims,2,2,ou,6.50,over,30.0,1
QNNyyFpn,Lille,Reims,2,2,ou,6.50,under,1.02,1
QNNyyFpn,Lille,Reims,2,2,ou,7.50,over,90.0,1
QNNyyFpn,Lille,Reims,2,2,hc,0,home,1.14,1
QNNyyFpn,Lille,Reims,2,2,hc,0,away,7.91,1
QNNyyFpn,Lille,Reims,2,2,hc,0.50,home,1.11,1
QNNyyFpn,Lille,Reims,2,2,hc,0.50,away,9.8,1
QNNyyFpn,Lille,Reims,2,2,hc,-0.50,home,1.4,1
QNNyyFpn,Lille,Reims,2,2,hc,-0.50,away,3.4,1
QNNyyFpn,Lille,Reims,2,2,hc,0.75,home,1.06,1
QNNyyFpn,Lille,Reims,2,2,hc,0.75,away,14.47,1
QNNyyFpn,Lille,Reims,2,2,hc,-0.75,home,1.49,1
QNNyyFpn,Lille,Reims,2,2,hc,-0.75,away,3.0,1
QNNyyFpn,Lille,Reims,2,2,hc,1.00,home,1.02,1
QNNyyFpn,Lille,Reims,2,2,hc,1.00,away,27.93,1
QNNyyFpn,Lille,Reims,2,2,hc,-1.00,home,1.61,1
QNNyyFpn,Lille,Reims,2,2,hc,-1.00,away,2.6,1
QNNyyFpn,Lille,Reims,2,2,hc,1.25,home,1.02,1
QNNyyFpn,Lille,Reims,2,2,hc,1.25,away,28.96,1
QNNyyFpn,Lille,Reims,2,2,hc,-1.25,home,1.85,1
QNNyyFpn,Lille,Reims,2,2,hc,-1.25,away,2.14,1
QNNyyFpn,Lille,Reims,2,2,hc,1.50,home,1.02,1
QNNyyFpn,Lille,Reims,2,2,hc,1.50,away,30.0,1
QNNyyFpn,Lille,Reims,2,2,hc,-1.50,home,2.09,1
QNNyyFpn,Lille,Reims,2,2,hc,-1.50,away,1.88,1
QNNyyFpn,Lille,Reims,2,2,hc,1.75,away,48.84,1
QNNyyFpn,Lille,Reims,2,2,hc,-1.75,home,2.43,1
QNNyyFpn,Lille,Reims,2,2,hc,-1.75,away,1.67,1
QNNyyFpn,Lille,Reims,2,2,hc,2.00,away,98.84,1
QNNyyFpn,Lille,Reims,2,2,hc,-2.00,home,3.02,1
QNNyyFpn,Lille,Reims,2,2,hc,-2.00,away,1.45,1
QNNyyFpn,Lille,Reims,2,2,hc,2.25,away,99.92,1
QNNyyFpn,Lille,Reims,2,2,hc,-2.25,home,3.44,1
QNNyyFpn,Lille,Reims,2,2,hc,-2.25,away,1.37,1
QNNyyFpn,Lille,Reims,2,2,hc,-2.50,home,3.85,1
QNNyyFpn,Lille,Reims,2,2,hc,-2.50,away,1.32,1
QNNyyFpn,Lille,Reims,2,2,hc,-2.75,home,4.97,1
QNNyyFpn,Lille,Reims,2,2,hc,-2.75,away,1.22,1
QNNyyFpn,Lille,Reims,2,2,hc,-3.00,home,7.43,1
QNNyyFpn,Lille,Reims,2,2,hc,-3.00,away,1.13,1
QNNyyFpn,Lille,Reims,2,2,hc,-3.25,home,8.06,1
QNNyyFpn,Lille,Reims,2,2,hc,-3.25,away,1.12,1
QNNyyFpn,Lille,Reims,2,2,hc,-3.50,home,8.69,1
QNNyyFpn,Lille,Reims,2,2,hc,-3.50,away,1.11,1
QNNyyFpn,Lille,Reims,2,2,hc,-3.75,home,10.09,1
QNNyyFpn,Lille,Reims,2,2,hc,-3.75,away,1.07,1
QNNyyFpn,Lille,Reims,2,2,hc,-4.00,home,8.8,1
QNNyyFpn,Lille,Reims,2,2,hc,0.25,home,1.12,1
QNNyyFpn,Lille,Reims,2,2,hc,0.25,away,8.85,1
QNNyyFpn,Lille,Reims,2,2,hc,-0.25,home,1.27,1
QNNyyFpn,Lille,Reims,2,2,hc,-0.25,away,4.58,1
QNNyyFpn,Lille,Reims,2,2,dc,0,home/draw,1.11,1
QNNyyFpn,Lille,Reims,2,2,dc,0,home/away,1.23,1
QNNyyFpn,Lille,Reims,2,2,dc,0,draw/away,3.4,1
nHzAMFVh,Marseille,Rennes,4,4,1x2,0,home,1.68,1
nHzAMFVh,Marseille,Rennes,4,4,1x2,0,draw,4.5,1
nHzAMFVh,Marseille,Rennes,4,4,1x2,0,away,5.4,1
nHzAMFVh,Marseille,Rennes,4,4,ou,0.50,over,1.03,1
nHzAMFVh,Marseille,Rennes,4,4,ou,0.50,under,28.0,1
nHzAMFVh,Marseille,Rennes,4,4,ou,1.50,over,1.16,1
nHzAMFVh,Marseille,Rennes,4,4,ou,1.50,under,7.0,1
nHzAMFVh,Marseille,Rennes,4,4,ou,2.50,over,1.48,1
nHzAMFVh,Marseille,Rennes,4,4,ou,2.50,under,3.0,1
nHzAMFVh,Marseille,Rennes,4,4,ou,3.50,over,2.2,1
nHzAMFVh,Marseille,Rennes,4,4,ou,3.50,under,1.81,1
nHzAMFVh,Marseille,Rennes,4,4,ou,4.50,over,3.85,1
nHzAMFVh,Marseille,Rennes,4,4,ou,4.50,under,1.33,1
nHzAMFVh,Marseille,Rennes,4,4,ou,5.50,over,7.6,1
nHzAMFVh,Marseille,Rennes,4,4,ou,5.50,under,1.14,1
nHzAMFVh,Marseille,Rennes,4,4,ou,6.50,over,16.5,1
nHzAMFVh,Marseille,Rennes,4,4,ou,6.50,under,1.05,1
nHzAMFVh,Marseille,Rennes,4,4,ou,7.50,over,42.0,1
nHzAMFVh,Marseille,Rennes,4,4,ou,7.50,under,1.02,1
nHzAMFVh,Marseille,Rennes,4,4,hc,0,home,1.3,1
nHzAMFVh,Marseille,Rennes,4,4,hc,0,away,4.21,1
nHzAMFVh,Marseille,Rennes,4,4,hc,0.50,home,1.22,1
nHzAMFVh,Marseille,Rennes,4,4,hc,0.50,away,5.4,1
nHzAMFVh,Marseille,Rennes,4,4,hc,-0.50,home,1.67,1
nHzAMFVh,Marseille,Rennes,4,4,hc,-0.50,away,2.47,1
nHzAMFVh,Marseille,Rennes,4,4,hc,0.75,home,1.15,1
nHzAMFVh,Marseille,Rennes,4,4,hc,0.75,away,7.22,1
nHzAMFVh,Marseille,Rennes,4,4,hc,-0.75,home,1.81,1
nHzAMFVh,Marseille,Rennes,4,4,hc,-0.75,away,2.19,1
nHzAMFVh,Marseille,Rennes,4,4,hc,1.00,home,1.08,1
nHzAMFVh,Marseille,Rennes,4,4,hc,1.00,away,11.65,1
nHzAMFVh,Marseille,Rennes,4,4,hc,-1.00,home,2.05,1
nHzAMFVh,Marseille,Rennes,4,4,hc,-1.00,away,1.91,1
nHzAMFVh,Marseille,Rennes,4,4,hc,1.25,home,1.08,1
nHzAMFVh,Marseille,Rennes,4,4,hc,1.25,away,12.36,1
nHzAMFVh,Marseille,Rennes,4,4,hc,-1.25,home,2.33,1
nHzAMFVh,Marseille,Rennes,4,4,hc,-1.25,away,1.71,1
nHzAMFVh,Marseille,Rennes,4,4,hc,1.50,home,1.07,1
nHzAMFVh,Marseille,Rennes,4,4,hc,1.50,away,13.07,1
nHzAMFVh,Marseille,Rennes,4,4,hc,-1.50,home,2.62,1
nHzAMFVh,Marseille,Rennes,4,4,hc,-1.50,away,1.58,1
nHzAMFVh,Marseille,Rennes,4,4,hc,1.75,home,1.05,1
nHzAMFVh,Marseille,Rennes,4,4,hc,1.75,away,18.72,1
nHzAMFVh,Marseille,Rennes,4,4,hc,-1.75,home,3.11,1
nHzAMFVh,Marseille,Rennes,4,4,hc,-1.75,away,1.44,1
nHzAMFVh,Marseille,Rennes,4,4,hc,2.00,home,1.02,1
nHzAMFVh,Marseille,Rennes,4,4,hc,2.00,away,33.37,1
nHzAMFVh,Marseille,Rennes,4,4,hc,-2.00,home,4.03,1
nHzAMFVh,Marseille,Rennes,4,4,hc,-2.00,away,1.3,1
nHzAMFVh,Marseille,Rennes,4,4,hc,2.25,home,1.02,1
nHzAMFVh,Marseille,Rennes,4,4,hc,2.25,away,34.21,1
nHzAMFVh,Marseille,Rennes,4,4,hc,-2.25,home,4.44,1
nHzAMFVh,Marseille,Rennes,4,4,hc,-2.25,away,1.26,1
nHzAMFVh,Marseille,Rennes,4,4,hc,2.50,home,1.02,1
nHzAMFVh,Marseille,Rennes,4,4,hc,2.50,away,35.05,1
nHzAMFVh,Marseille,Rennes,4,4,hc,-2.50,home,4.84,1
nHzAMFVh,Marseille,Rennes,4,4,hc,-2.50,away,1.24,1
nHzAMFVh,Marseille,Rennes,4,4,hc,2.75,away,52.83,1
nHzAMFVh,Marseille,Rennes,4,4,hc,-2.75,home,6.33,1
nHzAMFVh,Marseille,Rennes,4,4,hc,-2.75,away,1.16,1
nHzAMFVh,Marseille,Rennes,4,4,hc,3.00,away,78.92,1
nHzAMFVh,Marseille,Rennes,4,4,hc,-3.00,home,9.57,1
nHzAMFVh,Marseille,Rennes,4,4,hc,-3.00,away,1.09,1
nHzAMFVh,Marseille,Rennes,4,4,hc,3.25,away,79.59,1
nHzAMFVh,Marseille,Rennes,4,4,hc,-3.25,home,10.19,1
nHzAMFVh,Marseille,Rennes,4,4,hc,-3.25,away,1.09,1
nHzAMFVh,Marseille,Rennes,4,4,hc,3.50,away,80.0,1
nHzAMFVh,Marseille,Rennes,4,4,hc,-3.50,home,10.81,1
nHzAMFVh,Marseille,Rennes,4,4,hc,-3.50,away,1.08,1
nHzAMFVh,Marseille,Rennes,4,4,hc,-3.75,home,11.0,1
nHzAMFVh,Marseille,Rennes,4,4,hc,-3.75,away,1.05,1
nHzAMFVh,Marseille,Rennes,4,4,hc,-4.00,home,11.0,1
nHzAMFVh,Marseille,Rennes,4,4,hc,0.25,home,1.25,1
nHzAMFVh,Marseille,Rennes,4,4,hc,0.25,away,4.8,1
nHzAMFVh,Marseille,Rennes,4,4,hc,-0.25,home,1.49,1
nHzAMFVh,Marseille,Rennes,4,4,hc,-0.25,away,3.01,1
nHzAMFVh,Marseille,Rennes,4,4,dc,0,home/draw,1.22,1
nHzAMFVh,Marseille,Rennes,4,4,dc,0,home/away,1.28,1
nHzAMFVh,Marseille,Rennes,4,4,dc,0,draw/away,2.44,1
f3FhXWqB,Nantes,Montpellier,3,3,1x2,0,home,1.61,1
f3FhXWqB,Nantes,Montpellier,3,3,1x2,0,draw,4.3,1
f3FhXWqB,Nantes,Montpellier,3,3,1x2,0,away,6.4,1
f3FhXWqB,Nantes,Montpellier,3,3,ou,0.50,over,1.06,1
f3FhXWqB,Nantes,Montpellier,3,3,ou,0.50,under,14.5,1
f3FhXWqB,Nantes,Montpellier,3,3,ou,1.50,over,1.28,1
f3FhXWqB,Nantes,Montpellier,3,3,ou,1.50,under,4.3,1
f3FhXWqB,Nantes,Montpellier,3,3,ou,2.50,over,1.9,1
f3FhXWqB,Nantes,Montpellier,3,3,ou,2.50,under,2.08,1
f3FhXWqB,Nantes,Montpellier,3,3,ou,3.50,over,3.25,1
f3FhXWqB,Nantes,Montpellier,3,3,ou,3.50,under,1.42,1
f3FhXWqB,Nantes,Montpellier,3,3,ou,4.50,over,6.8,1
f3FhXWqB,Nantes,Montpellier,3,3,ou,4.50,under,1.16,1
f3FhXWqB,Nantes,Montpellier,3,3,ou,5.50,over,16.0,1
f3FhXWqB,Nantes,Montpellier,3,3,ou,5.50,under,1.06,1
f3FhXWqB,Nantes,Montpellier,3,3,ou,6.50,over,44.0,1
f3FhXWqB,Nantes,Montpellier,3,3,ou,6.50,under,1.02,1
f3FhXWqB,Nantes,Montpellier,3,3,hc,0,home,1.23,1
f3FhXWqB,Nantes,Montpellier,3,3,hc,0,away,5.04,1
f3FhXWqB,Nantes,Montpellier,3,3,hc,0.50,home,1.17,1
f3FhXWqB,Nantes,Montpellier,3,3,hc,0.50,away,6.6,1
f3FhXWqB,Nantes,Montpellier,3,3,hc,-0.50,home,1.61,1
f3FhXWqB,Nantes,Montpellier,3,3,hc,-0.50,away,2.58,1
f3FhXWqB,Nantes,Montpellier,3,3,hc,0.75,home,1.11,1
f3FhXWqB,Nantes,Montpellier,3,3,hc,0.75,away,9.53,1
f3FhXWqB,Nantes,Montpellier,3,3,hc,-0.75,home,1.76,1
f3FhXWqB,Nantes,Montpellier,3,3,hc,-0.75,away,2.27,1
f3FhXWqB,Nantes,Montpellier,3,3,hc,1.00,home,1.05,1
f3FhXWqB,Nantes,Montpellier,3,3,hc,1.00,away,18.92,1
f3FhXWqB,Nantes,Montpellier,3,3,hc,-1.00,home,1.98,1
f3FhXWqB,Nantes,Montpellier,3,3,hc,-1.00,away,1.97,1
f3FhXWqB,Nantes,Montpellier,3,3,hc,1.25,home,1.04,1
f3FhXWqB,Nantes,Montpellier,3,3,hc,1.25,away,20.02,1
f3FhXWqB,Nantes,Montpellier,3,3,hc,-1.25,home,2.27,1
f3FhXWqB,Nantes,Montpellier,3,3,hc,-1.25,away,1.74,1
f3FhXWqB,Nantes,Montpellier,3,3,hc,1.50,home,1.04,1
f3FhXWqB,Nantes,Montpellier,3,3,hc,1.50,away,21.12,1
f3FhXWqB,Nantes,Montpellier,3,3,hc,-1.50,home,2.56,1
f3FhXWqB,Nantes,Montpellier,3,3,hc,-1.50,away,1.6,1
f3FhXWqB,Nantes,Montpellier,3,3,hc,1.75,home,1.02,1
f3FhXWqB,Nantes,Montpellier,3,3,hc,1.75,away,32.83,1
f3FhXWqB,Nantes,Montpellier,3,3,hc,-1.75,home,3.1,1
f3FhXWqB,Nantes,Montpellier,3,3,hc,-1.75,away,1.44,1
f3FhXWqB,Nantes,Montpellier,3,3,hc,2.00,away,72.44,1
f3FhXWqB,Nantes,Montpellier,3,3,hc,-2.00,home,4.23,1
f3FhXWqB,Nantes,Montpellier,3,3,hc,-2.00,away,1.28,1
f3FhXWqB,Nantes,Montpellier,3,3,hc,2.25,away,73.72,1
f3FhXWqB,Nantes,Montpellier,3,3,hc,-2.25,home,4.77,1
f3FhXWqB,Nantes,Montpellier,3,3,hc,-2.25,away,1.24,1
f3FhXWqB,Nantes,Montpellier,3,3,hc,2.50,away,75.0,1
f3FhXWqB,Nantes,Montpellier,3,3,hc,-2.50,home,5.3,1
f3FhXWqB,Nantes,Montpellier,3,3,hc,-2.50,away,1.22,1
f3FhXWqB,Nantes,Montpellier,3,3,hc,-2.75,home,7.1,1
f3FhXWqB,Nantes,Montpellier,3,3,hc,-2.75,away,1.15,1
f3FhXWqB,Nantes,Montpellier,3,3,hc,-3.00,home,11.53,1
f3FhXWqB,Nantes,Montpellier,3,3,hc,-3.00,away,1.08,1
f3FhXWqB,Nantes,Montpellier,3,3,hc,-3.25,home,12.26,1
f3FhXWqB,Nantes,Montpellier,3,3,hc,-3.25,away,1.07,1
f3FhXWqB,Nantes,Montpellier,3,3,hc,-3.50,home,12.99,1
f3FhXWqB,Nantes,Montpellier,3,3,hc,-3.50,away,1.07,1
f3FhXWqB,Nantes,Montpellier,3,3,hc,-3.75,home,12.99,1
f3FhXWqB,Nantes,Montpellier,3,3,hc,-3.75,away,1.04,1
f3FhXWqB,Nantes,Montpellier,3,3,hc,-4.00,home,12.99,1
f3FhXWqB,Nantes,Montpellier,3,3,hc,0.25,home,1.2,1
f3FhXWqB,Nantes,Montpellier,3,3,hc,0.25,away,5.82,1
f3FhXWqB,Nantes,Montpellier,3,3,hc,-0.25,home,1.42,1
f3FhXWqB,Nantes,Montpellier,3,3,hc,-0.25,away,3.28,1
f3FhXWqB,Nantes,Montpellier,3,3,dc,0,home/draw,1.17,1
f3FhXWqB,Nantes,Montpellier,3,3,dc,0,home/away,1.29,1
f3FhXWqB,Nantes,Montpellier,3,3,dc,0,draw/away,2.58,1
OMVYGBaU,St Etienne,Toulouse,2,2,1x2,0,home,2.42,1
OMVYGBaU,St Etienne,Toulouse,2,2,1x2,0,draw,3.85,1
OMVYGBaU,St Etienne,Toulouse,2,2,1x2,0,away,3.0,1
OMVYGBaU,St Etienne,Toulouse,2,2,ou,0.50,over,1.04,1
OMVYGBaU,St Etienne,Toulouse,2,2,ou,0.50,under,21.0,1
OMVYGBaU,St Etienne,Toulouse,2,2,ou,1.50,over,1.23,1
OMVYGBaU,St Etienne,Toulouse,2,2,ou,1.50,under,5.1,1
OMVYGBaU,St Etienne,Toulouse,2,2,ou,2.50,over,1.7,1
OMVYGBaU,St Etienne,Toulouse,2,2,ou,2.50,under,2.36,1
OMVYGBaU,St Etienne,Toulouse,2,2,ou,3.50,over,2.72,1
OMVYGBaU,St Etienne,Toulouse,2,2,ou,3.50,under,1.55,1
OMVYGBaU,St Etienne,Toulouse,2,2,ou,4.50,over,4.8,1
OMVYGBaU,St Etienne,Toulouse,2,2,ou,4.50,under,1.25,1
OMVYGBaU,St Etienne,Toulouse,2,2,ou,5.50,over,10.0,1
OMVYGBaU,St Etienne,Toulouse,2,2,ou,5.50,under,1.1,1
OMVYGBaU,St Etienne,Toulouse,2,2,ou,6.50,over,23.0,1
OMVYGBaU,St Etienne,Toulouse,2,2,ou,6.50,under,1.03,1
OMVYGBaU,St Etienne,Toulouse,2,2,ou,7.50,over,50.0,1
OMVYGBaU,St Etienne,Toulouse,2,2,hc,0,home,1.8,1
OMVYGBaU,St Etienne,Toulouse,2,2,hc,0,away,2.22,1
OMVYGBaU,St Etienne,Toulouse,2,2,hc,0.50,home,1.49,1
OMVYGBaU,St Etienne,Toulouse,2,2,hc,0.50,away,3.0,1
OMVYGBaU,St Etienne,Toulouse,2,2,hc,-0.50,home,2.44,1
OMVYGBaU,St Etienne,Toulouse,2,2,hc,-0.50,away,1.68,1
OMVYGBaU,St Etienne,Toulouse,2,2,hc,0.75,home,1.35,1
OMVYGBaU,St Etienne,Toulouse,2,2,hc,0.75,away,3.7,1
OMVYGBaU,St Etienne,Toulouse,2,2,hc,-0.75,home,2.88,1
OMVYGBaU,St Etienne,Toulouse,2,2,hc,-0.75,away,1.51,1
OMVYGBaU,St Etienne,Toulouse,2,2,hc,1.00,home,1.22,1
OMVYGBaU,St Etienne,Toulouse,2,2,hc,1.00,away,5.17,1
OMVYGBaU,St Etienne,Toulouse,2,2,hc,-1.00,home,3.71,1
OMVYGBaU,St Etienne,Toulouse,2,2,hc,-1.00,away,1.34,1
OMVYGBaU,St Etienne,Toulouse,2,2,hc,1.25,home,1.19,1
OMVYGBaU,St Etienne,Toulouse,2,2,hc,1.25,away,5.71,1
OMVYGBaU,St Etienne,Toulouse,2,2,hc,-1.25,home,4.15,1
OMVYGBaU,St Etienne,Toulouse,2,2,hc,-1.25,away,1.29,1
OMVYGBaU,St Etienne,Toulouse,2,2,hc,1.50,home,1.17,1
OMVYGBaU,St Etienne,Toulouse,2,2,hc,1.50,away,6.26,1
OMVYGBaU,St Etienne,Toulouse,2,2,hc,-1.50,home,4.6,1
OMVYGBaU,St Etienne,Toulouse,2,2,hc,-1.50,away,1.26,1
OMVYGBaU,St Etienne,Toulouse,2,2,hc,1.75,home,1.11,1
OMVYGBaU,St Etienne,Toulouse,2,2,hc,1.75,away,8.59,1
OMVYGBaU,St Etienne,Toulouse,2,2,hc,-1.75,home,6.0,1
OMVYGBaU,St Etienne,Toulouse,2,2,hc,-1.75,away,1.18,1
OMVYGBaU,St Etienne,Toulouse,2,2,hc,2.00,home,1.06,1
OMVYGBaU,St Etienne,Toulouse,2,2,hc,2.00,away,14.44,1
OMVYGBaU,St Etienne,Toulouse,2,2,hc,-2.00,home,9.21,1
OMVYGBaU,St Etienne,Toulouse,2,2,hc,-2.00,away,1.11,1
OMVYGBaU,St Etienne,Toulouse,2,2,hc,2.25,home,1.06,1
OMVYGBaU,St Etienne,Toulouse,2,2,hc,2.25,away,15.22,1
OMVYGBaU,St Etienne,Toulouse,2,2,hc,-2.25,home,9.69,1
OMVYGBaU,St Etienne,Toulouse,2,2,hc,-2.25,away,1.1,1
OMVYGBaU,St Etienne,Toulouse,2,2,hc,2.50,home,1.06,1
OMVYGBaU,St Etienne,Toulouse,2,2,hc,2.50,away,16.0,1
OMVYGBaU,St Etienne,Toulouse,2,2,hc,-2.50,home,10.29,1
OMVYGBaU,St Etienne,Toulouse,2,2,hc,-2.50,away,1.09,1
OMVYGBaU,St Etienne,Toulouse,2,2,hc,2.75,home,1.03,1
OMVYGBaU,St Etienne,Toulouse,2,2,hc,2.75,away,23.5,1
OMVYGBaU,St Etienne,Toulouse,2,2,hc,-2.75,home,14.68,1
OMVYGBaU,St Etienne,Toulouse,2,2,hc,-2.75,away,1.06,1
OMVYGBaU,St Etienne,Toulouse,2,2,hc,3.00,away,46.0,1
OMVYGBaU,St Etienne,Toulouse,2,2,hc,-3.00,home,26.33,1
OMVYGBaU,St Etienne,Toulouse,2,2,hc,-3.00,away,1.03,1
OMVYGBaU,St Etienne,Toulouse,2,2,hc,3.25,away,47.0,1
OMVYGBaU,St Etienne,Toulouse,2,2,hc,-3.25,home,27.16,1
OMVYGBaU,St Etienne,Toulouse,2,2,hc,-3.25,away,1.03,1
OMVYGBaU,St Etienne,Toulouse,2,2,hc,3.50,away,48.0,1
OMVYGBaU,St Etienne,Toulouse,2,2,hc,-3.50,home,28.0,1
OMVYGBaU,St Etienne,Toulouse,2,2,hc,-3.50,away,1.03,1
OMVYGBaU,St Etienne,Toulouse,2,2,hc,-3.75,home,28.0,1
OMVYGBaU,St Etienne,Toulouse,2,2,hc,0.25,home,1.61,1
OMVYGBaU,St Etienne,Toulouse,2,2,hc,0.25,away,2.61,1
OMVYGBaU,St Etienne,Toulouse,2,2,hc,-0.25,home,2.12,1
OMVYGBaU,St Etienne,Toulouse,2,2,hc,-0.25,away,1.87,1
OMVYGBaU,St Etienne,Toulouse,2,2,dc,0,home/draw,1.49,1
OMVYGBaU,St Etienne,Toulouse,2,2,dc,0,home/away,1.34,1
OMVYGBaU,St Etienne,Toulouse,2,2,dc,0,draw/away,1.7,1
YcKYizC7,Metz,Dunkerque,1,1,1x2,0,home,2.0,1
YcKYizC7,Metz,Dunkerque,1,1,1x2,0,draw,3.55,1
YcKYizC7,Metz,Dunkerque,1,1,1x2,0,away,4.4,1
YcKYizC7,Metz,Dunkerque,1,1,ou,0.50,over,1.07,1
YcKYizC7,Metz,Dunkerque,1,1,ou,0.50,under,13.0,1
YcKYizC7,Metz,Dunkerque,1,1,ou,1.50,over,1.32,1
YcKYizC7,Metz,Dunkerque,1,1,ou,1.50,under,3.95,1
YcKYizC7,Metz,Dunkerque,1,1,ou,2.50,over,1.98,1
YcKYizC7,Metz,Dunkerque,1,1,ou,2.50,under,1.99,1
YcKYizC7,Metz,Dunkerque,1,1,ou,3.50,over,3.5,1
YcKYizC7,Metz,Dunkerque,1,1,ou,3.50,under,1.38,1
YcKYizC7,Metz,Dunkerque,1,1,ou,4.50,over,7.4,1
YcKYizC7,Metz,Dunkerque,1,1,ou,4.50,under,1.14,1
YcKYizC7,Metz,Dunkerque,1,1,ou,5.50,over,17.5,1
YcKYizC7,Metz,Dunkerque,1,1,ou,5.50,under,1.05,1
YcKYizC7,Metz,Dunkerque,1,1,ou,6.50,over,48.0,1
YcKYizC7,Metz,Dunkerque,1,1,hc,0,home,1.44,1
YcKYizC7,Metz,Dunkerque,1,1,hc,0,away,3.16,1
YcKYizC7,Metz,Dunkerque,1,1,hc,0.50,home,1.28,1
YcKYizC7,Metz,Dunkerque,1,1,hc,0.50,away,4.4,1
YcKYizC7,Metz,Dunkerque,1,1,hc,-0.50,home,1.99,1
YcKYizC7,Metz,Dunkerque,1,1,hc,-0.50,away,1.97,1
YcKYizC7,Metz,Dunkerque,1,1,hc,0.75,home,1.18,1
YcKYizC7,Metz,Dunkerque,1,1,hc,0.75,away,5.89,1
YcKYizC7,Metz,Dunkerque,1,1,hc,-0.75,home,2.3,1
YcKYizC7,Metz,Dunkerque,1,1,hc,-0.75,away,1.73,1
YcKYizC7,Metz,Dunkerque,1,1,hc,1.00,home,1.09,1
YcKYizC7,Metz,Dunkerque,1,1,hc,1.00,away,9.74,1
YcKYizC7,Metz,Dunkerque,1,1,hc,-1.00,home,2.89,1
YcKYizC7,Metz,Dunkerque,1,1,hc,-1.00,away,1.48,1
YcKYizC7,Metz,Dunkerque,1,1,hc,1.25,home,1.08,1
YcKYizC7,Metz,Dunkerque,1,1,hc,1.25,away,10.52,1
YcKYizC7,Metz,Dunkerque,1,1,hc,-1.25,home,3.34,1
YcKYizC7,Metz,Dunkerque,1,1,hc,-1.25,away,1.39,1
YcKYizC7,Metz,Dunkerque,1,1,hc,1.50,home,1.08,1
YcKYizC7,Metz,Dunkerque,1,1,hc,1.50,away,11.31,1
YcKYizC7,Metz,Dunkerque,1,1,hc,-1.50,home,3.8,1
YcKYizC7,Metz,Dunkerque,1,1,hc,-1.50,away,1.33,1
YcKYizC7,Metz,Dunkerque,1,1,hc,1.75,home,1.04,1
YcKYizC7,Metz,Dunkerque,1,1,hc,1.75,away,11.31,1
YcKYizC7,Metz,Dunkerque,1,1,hc,-1.75,home,4.71,1
YcKYizC7,Metz,Dunkerque,1,1,hc,-1.75,away,1.22,1
YcKYizC7,Metz,Dunkerque,1,1,hc,-2.00,home,6.51,1
YcKYizC7,Metz,Dunkerque,1,1,hc,-2.00,away,1.12,1
YcKYizC7,Metz,Dunkerque,1,1,hc,-2.25,home,6.99,1
YcKYizC7,Metz,Dunkerque,1,1,hc,-2.25,away,1.1,1
YcKYizC7,Metz,Dunkerque,1,1,hc,-2.50,home,7.48,1
YcKYizC7,Metz,Dunkerque,1,1,hc,-2.50,away,1.1,1
YcKYizC7,Metz,Dunkerque,1,1,hc,-2.75,home,7.48,1
YcKYizC7,Metz,Dunkerque,1,1,hc,-2.75,away,1.06,1
YcKYizC7,Metz,Dunkerque,1,1,hc,-3.00,home,7.48,1
YcKYizC7,Metz,Dunkerque,1,1,hc,-3.25,home,7.48,1
YcKYizC7,Metz,Dunkerque,1,1,hc,-3.50,home,7.48,1
YcKYizC7,Metz,Dunkerque,1,1,hc,0.25,home,1.34,1
YcKYizC7,Metz,Dunkerque,1,1,hc,0.25,away,3.78,1
YcKYizC7,Metz,Dunkerque,1,1,hc,-0.25,home,1.72,1
YcKYizC7,Metz,Dunkerque,1,1,hc,-0.25,away,2.34,1
YcKYizC7,Metz,Dunkerque,1,1,dc,0,home/draw,1.28,1
YcKYizC7,Metz,Dunkerque,1,1,dc,0,home/away,1.38,1
YcKYizC7,Metz,Dunkerque,1,1,dc,0,draw/away,1.97,1
ttkOZVKG,Dunkerque,Guingamp,1,1,1x2,0,home,2.48,1
ttkOZVKG,Dunkerque,Guingamp,1,1,1x2,0,draw,3.45,1
ttkOZVKG,Dunkerque,Guingamp,1,1,1x2,0,away,3.2,1
ttkOZVKG,Dunkerque,Guingamp,1,1,ou,0.50,over,1.09,1
ttkOZVKG,Dunkerque,Guingamp,1,1,ou,0.50,under,11.0,1
ttkOZVKG,Dunkerque,Guingamp,1,1,ou,1.50,over,1.4,1
ttkOZVKG,Dunkerque,Guingamp,1,1,ou,1.50,under,3.3,1
ttkOZVKG,Dunkerque,Guingamp,1,1,ou,2.50,over,2.24,1
ttkOZVKG,Dunkerque,Guingamp,1,1,ou,2.50,under,1.78,1
ttkOZVKG,Dunkerque,Guingamp,1,1,ou,3.50,over,4.1,1
ttkOZVKG,Dunkerque,Guingamp,1,1,ou,3.50,under,1.29,1
ttkOZVKG,Dunkerque,Guingamp,1,1,ou,4.50,over,9.2,1
ttkOZVKG,Dunkerque,Guingamp,1,1,ou,4.50,under,1.1,1
ttkOZVKG,Dunkerque,Guingamp,1,1,ou,5.50,over,21.0,1
ttkOZVKG,Dunkerque,Guingamp,1,1,ou,5.50,under,1.03,1
ttkOZVKG,Dunkerque,Guingamp,1,1,ou,6.50,over,55.0,1
ttkOZVKG,Dunkerque,Guingamp,1,1,hc,0,home,1.76,1
ttkOZVKG,Dunkerque,Guingamp,1,1,hc,0,away,2.27,1
ttkOZVKG,Dunkerque,Guingamp,1,1,hc,0.50,home,1.44,1
ttkOZVKG,Dunkerque,Guingamp,1,1,hc,0.50,away,3.2,1
ttkOZVKG,Dunkerque,Guingamp,1,1,hc,-0.50,home,2.48,1
ttkOZVKG,Dunkerque,Guingamp,1,1,hc,-0.50,away,1.66,1
ttkOZVKG,Dunkerque,Guingamp,1,1,hc,0.75,home,1.3,1
ttkOZVKG,Dunkerque,Guingamp,1,1,hc,0.75,away,4.05,1
ttkOZVKG,Dunkerque,Guingamp,1,1,hc,-0.75,home,3.01,1
ttkOZVKG,Dunkerque,Guingamp,1,1,hc,-0.75,away,1.46,1
ttkOZVKG,Dunkerque,Guingamp,1,1,hc,1.00,home,1.15,1
ttkOZVKG,Dunkerque,Guingamp,1,1,hc,1.00,away,5.98,1
ttkOZVKG,Dunkerque,Guingamp,1,1,hc,-1.00,home,4.13,1
ttkOZVKG,Dunkerque,Guingamp,1,1,hc,-1.00,away,1.26,1
ttkOZVKG,Dunkerque,Guingamp,1,1,hc,1.25,home,1.13,1
ttkOZVKG,Dunkerque,Guingamp,1,1,hc,1.25,away,6.61,1
ttkOZVKG,Dunkerque,Guingamp,1,1,hc,-1.25,home,4.69,1
ttkOZVKG,Dunkerque,Guingamp,1,1,hc,-1.25,away,1.22,1
ttkOZVKG,Dunkerque,Guingamp,1,1,hc,1.50,home,1.12,1
ttkOZVKG,Dunkerque,Guingamp,1,1,hc,1.50,away,7.25,1
ttkOZVKG,Dunkerque,Guingamp,1,1,hc,-1.50,home,5.25,1
ttkOZVKG,Dunkerque,Guingamp,1,1,hc,-1.50,away,1.19,1
ttkOZVKG,Dunkerque,Guingamp,1,1,hc,1.75,home,1.07,1
ttkOZVKG,Dunkerque,Guingamp,1,1,hc,1.75,away,10.29,1
ttkOZVKG,Dunkerque,Guingamp,1,1,hc,-1.75,home,7.24,1
ttkOZVKG,Dunkerque,Guingamp,1,1,hc,-1.75,away,1.12,1
ttkOZVKG,Dunkerque,Guingamp,1,1,hc,2.00,home,1.03,1
ttkOZVKG,Dunkerque,Guingamp,1,1,hc,2.00,away,19.1,1
ttkOZVKG,Dunkerque,Guingamp,1,1,hc,-2.00,home,12.73,1
ttkOZVKG,Dunkerque,Guingamp,1,1,hc,-2.00,away,1.06,1
ttkOZVKG,Dunkerque,Guingamp,1,1,hc,2.25,home,1.03,1
ttkOZVKG,Dunkerque,Guingamp,1,1,hc,2.25,away,20.05,1
ttkOZVKG,Dunkerque,Guingamp,1,1,hc,-2.25,home,13.61,1
ttkOZVKG,Dunkerque,Guingamp,1,1,hc,-2.25,away,1.05,1
ttkOZVKG,Dunkerque,Guingamp,1,1,hc,2.50,home,1.03,1
ttkOZVKG,Dunkerque,Guingamp,1,1,hc,2.50,away,21.0,1
ttkOZVKG,Dunkerque,Guingamp,1,1,hc,-2.50,home,14.5,1
ttkOZVKG,Dunkerque,Guingamp,1,1,hc,-2.50,away,1.05,1
ttkOZVKG,Dunkerque,Guingamp,1,1,hc,2.75,away,32.68,1
ttkOZVKG,Dunkerque,Guingamp,1,1,hc,-2.75,home,21.07,1
ttkOZVKG,Dunkerque,Guingamp,1,1,hc,-2.75,away,1.03,1
ttkOZVKG,Dunkerque,Guingamp,1,1,hc,-3.00,home,31.52,1
ttkOZVKG,Dunkerque,Guingamp,1,1,hc,-3.25,home,32.15,1
ttkOZVKG,Dunkerque,Guingamp,1,1,hc,-3.50,home,32.78,1
ttkOZVKG,Dunkerque,Guingamp,1,1,hc,0.25,home,1.56,1
ttkOZVKG,Dunkerque,Guingamp,1,1,hc,0.25,away,2.73,1
ttkOZVKG,Dunkerque,Guingamp,1,1,hc,-0.25,home,2.12,1
ttkOZVKG,Dunkerque,Guingamp,1,1,hc,-0.25,away,1.86,1
ttkOZVKG,Dunkerque,Guingamp,1,1,dc,0,home/draw,1.44,1
ttkOZVKG,Dunkerque,Guingamp,1,1,dc,0,home/away,1.4,1
ttkOZVKG,Dunkerque,Guingamp,1,1,dc,0,draw/away,1.66,1
p44guBED,Angers,Strasbourg,2,2,1x2,0,home,4.7,1
p44guBED,Angers,Strasbourg,2,2,1x2,0,draw,3.9,1
p44guBED,Angers,Strasbourg,2,2,1x2,0,away,1.87,1
p44guBED,Angers,Strasbourg,2,2,ou,0.50,over,1.06,1
p44guBED,Angers,Strasbourg,2,2,ou,0.50,under,15.0,1
p44guBED,Angers,Strasbourg,2,2,ou,1.50,over,1.3,1
p44guBED,Angers,Strasbourg,2,2,ou,1.50,under,4.2,1
p44guBED,Angers,Strasbourg,2,2,ou,2.50,over,1.91,1
p44guBED,Angers,Strasbourg,2,2,ou,2.50,under,2.06,1
p44guBED,Angers,Strasbourg,2,2,ou,3.50,over,3.25,1
p44guBED,Angers,Strasbourg,2,2,ou,3.50,under,1.42,1
p44guBED,Angers,Strasbourg,2,2,ou,4.50,over,6.8,1
p44guBED,Angers,Strasbourg,2,2,ou,4.50,under,1.16,1
p44guBED,Angers,Strasbourg,2,2,ou,5.50,over,16.0,1
p44guBED,Angers,Strasbourg,2,2,ou,5.50,under,1.06,1
p44guBED,Angers,Strasbourg,2,2,ou,6.50,over,40.0,1
p44guBED,Angers,Strasbourg,2,2,ou,6.50,under,1.02,1
p44guBED,Angers,Strasbourg,2,2,hc,0,home,3.5,1
p44guBED,Angers,Strasbourg,2,2,hc,0,away,1.39,1
p44guBED,Angers,Strasbourg,2,2,hc,0.50,home,2.13,1
p44guBED,Angers,Strasbourg,2,2,hc,0.50,away,1.87,1
p44guBED,Angers,Strasbourg,2,2,hc,-0.50,home,4.7,1
p44guBED,Angers,Strasbourg,2,2,hc,-0.50,away,1.26,1
p44guBED,Angers,Strasbourg,2,2,hc,0.75,home,1.86,1
p44guBED,Angers,Strasbourg,2,2,hc,0.75,away,2.13,1
p44guBED,Angers,Strasbourg,2,2,hc,-0.75,home,6.37,1
p44guBED,Angers,Strasbourg,2,2,hc,-0.75,away,1.17,1
p44guBED,Angers,Strasbourg,2,2,hc,1.00,home,1.58,1
p44guBED,Angers,Strasbourg,2,2,hc,1.00,away,2.61,1
p44guBED,Angers,Strasbourg,2,2,hc,-1.00,home,10.72,1
p44guBED,Angers,Strasbourg,2,2,hc,-1.00,away,1.09,1
p44guBED,Angers,Strasbourg,2,2,hc,1.25,home,1.46,1
p44guBED,Angers,Strasbourg,2,2,hc,1.25,away,3.03,1
p44guBED,Angers,Strasbourg,2,2,hc,-1.25,home,11.53,1
p44guBED,Angers,Strasbourg,2,2,hc,-1.25,away,1.08,1
p44guBED,Angers,Strasbourg,2,2,hc,1.50,home,1.38,1
p44guBED,Angers,Strasbourg,2,2,hc,1.50,away,3.45,1
p44guBED,Angers,Strasbourg,2,2,hc,-1.50,home,12.35,1
p44guBED,Angers,Strasbourg,2,2,hc,-1.50,away,1.08,1
p44guBED,Angers,Strasbourg,2,2,hc,1.75,home,1.27,1
p44guBED,Angers,Strasbourg,2,2,hc,1.75,away,4.4,1
p44guBED,Angers,Strasbourg,2,2,hc,-1.75,home,18.39,1
p44guBED,Angers,Strasbourg,2,2,hc,-1.75,away,1.05,1
p44guBED,Angers,Strasbourg,2,2,hc,2.00,home,1.16,1
p44guBED,Angers,Strasbourg,2,2,hc,2.00,away,6.54,1
p44guBED,Angers,Strasbourg,2,2,hc,-2.00,home,38.65,1
p44guBED,Angers,Strasbourg,2,2,hc,-2.00,away,1.02,1
p44guBED,Angers,Strasbourg,2,2,hc,2.25,home,1.14,1
p44guBED,Angers,Strasbourg,2,2,hc,2.25,away,7.17,1
p44guBED,Angers,Strasbourg,2,2,hc,-2.25,home,39.79,1
p44guBED,Angers,Strasbourg,2,2,hc,-2.25,away,1.02,1
p44guBED,Angers,Strasbourg,2,2,hc,2.50,home,1.13,1
p44guBED,Angers,Strasbourg,2,2,hc,2.50,away,7.8,1
p44guBED,Angers,Strasbourg,2,2,hc,-2.50,home,40.24,1
p44guBED,Angers,Strasbourg,2,2,hc,-2.50,away,1.02,1
p44guBED,Angers,Strasbourg,2,2,hc,2.75,home,1.09,1
p44guBED,Angers,Strasbourg,2,2,hc,2.75,away,10.91,1
p44guBED,Angers,Strasbourg,2,2,hc,-2.75,home,62.88,1
p44guBED,Angers,Strasbourg,2,2,hc,3.00,home,1.04,1
p44guBED,Angers,Strasbourg,2,2,hc,3.00,away,19.3,1
p44guBED,Angers,Strasbourg,2,2,hc,3.25,home,1.04,1
p44guBED,Angers,Strasbourg,2,2,hc,3.25,away,20.15,1
p44guBED,Angers,Strasbourg,2,2,hc,3.50,home,1.04,1
p44guBED,Angers,Strasbourg,2,2,hc,3.50,away,21.0,1
p44guBED,Angers,Strasbourg,2,2,hc,3.75,home,1.02,1
p44guBED,Angers,Strasbourg,2,2,hc,3.75,away,21.0,1
p44guBED,Angers,Strasbourg,2,2,hc,0.25,home,2.56,1
p44guBED,Angers,Strasbourg,2,2,hc,0.25,away,1.63,1
p44guBED,Angers,Strasbourg,2,2,hc,-0.25,home,4.1,1
p44guBED,Angers,Strasbourg,2,2,hc,-0.25,away,1.31,1
p44guBED,Angers,Strasbourg,2,2,dc,0,home/draw,2.12,1
p44guBED,Angers,Strasbourg,2,2,dc,0,home/away,1.33,1
p44guBED,Angers,Strasbourg,2,2,dc,0,draw/away,1.26,1
OlGpsXq1,Auxerre,Nantes,1,1,1x2,0,home,2.9,1
OlGpsXq1,Auxerre,Nantes,1,1,1x2,0,draw,3.4,1
OlGpsXq1,Auxerre,Nantes,1,1,1x2,0,away,2.74,1
OlGpsXq1,Auxerre,Nantes,1,1,ou,0.50,over,1.08,1
OlGpsXq1,Auxerre,Nantes,1,1,ou,0.50,under,12.0,1
OlGpsXq1,Auxerre,Nantes,1,1,ou,1.50,over,1.36,1
OlGpsXq1,Auxerre,Nantes,1,1,ou,1.50,under,3.7,1
OlGpsXq1,Auxerre,Nantes,1,1,ou,2.50,over,2.12,1
OlGpsXq1,Auxerre,Nantes,1,1,ou,2.50,under,1.87,1
OlGpsXq1,Auxerre,Nantes,1,1,ou,3.50,over,3.85,1
OlGpsXq1,Auxerre,Nantes,1,1,ou,3.50,under,1.34,1
OlGpsXq1,Auxerre,Nantes,1,1,ou,4.50,over,8.4,1
OlGpsXq1,Auxerre,Nantes,1,1,ou,4.50,under,1.13,1
OlGpsXq1,Auxerre,Nantes,1,1,ou,5.50,over,19.5,1
OlGpsXq1,Auxerre,Nantes,1,1,ou,5.50,under,1.05,1
OlGpsXq1,Auxerre,Nantes,1,1,ou,6.50,over,44.0,1
OlGpsXq1,Auxerre,Nantes,1,1,hc,0,home,2.06,1
OlGpsXq1,Auxerre,Nantes,1,1,hc,0,away,1.93,1
OlGpsXq1,Auxerre,Nantes,1,1,hc,0.50,home,1.57,1
OlGpsXq1,Auxerre,Nantes,1,1,hc,0.50,away,2.74,1
OlGpsXq1,Auxerre,Nantes,1,1,hc,-0.50,home,2.9,1
OlGpsXq1,Auxerre,Nantes,1,1,hc,-0.50,away,1.52,1
OlGpsXq1,Auxerre,Nantes,1,1,hc,0.75,home,1.4,1
OlGpsXq1,Auxerre,Nantes,1,1,hc,0.75,away,3.38,1
OlGpsXq1,Auxerre,Nantes,1,1,hc,-0.75,home,3.67,1
OlGpsXq1,Auxerre,Nantes,1,1,hc,-0.75,away,1.36,1
OlGpsXq1,Auxerre,Nantes,1,1,hc,1.00,home,1.23,1
OlGpsXq1,Auxerre,Nantes,1,1,hc,1.00,away,4.81,1
OlGpsXq1,Auxerre,Nantes,1,1,hc,-1.00,home,5.45,1
OlGpsXq1,Auxerre,Nantes,1,1,hc,-1.00,away,1.2,1
OlGpsXq1,Auxerre,Nantes,1,1,hc,1.25,home,1.2,1
OlGpsXq1,Auxerre,Nantes,1,1,hc,1.25,away,5.4,1
OlGpsXq1,Auxerre,Nantes,1,1,hc,-1.25,home,6.13,1
OlGpsXq1,Auxerre,Nantes,1,1,hc,-1.25,away,1.18,1
OlGpsXq1,Auxerre,Nantes,1,1,hc,1.50,home,1.18,1
OlGpsXq1,Auxerre,Nantes,1,1,hc,1.50,away,6.0,1
OlGpsXq1,Auxerre,Nantes,1,1,hc,-1.50,home,6.8,1
OlGpsXq1,Auxerre,Nantes,1,1,hc,-1.50,away,1.16,1
OlGpsXq1,Auxerre,Nantes,1,1,hc,1.75,home,1.12,1
OlGpsXq1,Auxerre,Nantes,1,1,hc,1.75,away,8.35,1
OlGpsXq1,Auxerre,Nantes,1,1,hc,-1.75,home,9.59,1
OlGpsXq1,Auxerre,Nantes,1,1,hc,-1.75,away,1.1,1
OlGpsXq1,Auxerre,Nantes,1,1,hc,2.00,home,1.06,1
OlGpsXq1,Auxerre,Nantes,1,1,hc,2.00,away,14.76,1
OlGpsXq1,Auxerre,Nantes,1,1,hc,-2.00,home,17.23,1
OlGpsXq1,Auxerre,Nantes,1,1,hc,-2.00,away,1.05,1
OlGpsXq1,Auxerre,Nantes,1,1,hc,2.25,home,1.05,1
OlGpsXq1,Auxerre,Nantes,1,1,hc,2.25,away,15.63,1
OlGpsXq1,Auxerre,Nantes,1,1,hc,-2.25,home,18.11,1
OlGpsXq1,Auxerre,Nantes,1,1,hc,-2.25,away,1.04,1
OlGpsXq1,Auxerre,Nantes,1,1,hc,2.50,home,1.05,1
OlGpsXq1,Auxerre,Nantes,1,1,hc,2.50,away,16.51,1
OlGpsXq1,Auxerre,Nantes,1,1,hc,-2.50,home,19.0,1
OlGpsXq1,Auxerre,Nantes,1,1,hc,-2.50,away,1.04,1
OlGpsXq1,Auxerre,Nantes,1,1,hc,2.75,home,1.03,1
OlGpsXq1,Auxerre,Nantes,1,1,hc,2.75,away,24.33,1
OlGpsXq1,Auxerre,Nantes,1,1,hc,-2.75,home,28.85,1
OlGpsXq1,Auxerre,Nantes,1,1,hc,-2.75,away,1.02,1
OlGpsXq1,Auxerre,Nantes,1,1,hc,3.00,away,48.05,1
OlGpsXq1,Auxerre,Nantes,1,1,hc,-3.00,home,62.66,1
OlGpsXq1,Auxerre,Nantes,1,1,hc,3.25,away,42.5,1
OlGpsXq1,Auxerre,Nantes,1,1,hc,-3.25,home,63.83,1
OlGpsXq1,Auxerre,Nantes,1,1,hc,3.50,away,43.27,1
OlGpsXq1,Auxerre,Nantes,1,1,hc,-3.50,home,50.0,1
OlGpsXq1,Auxerre,Nantes,1,1,hc,3.75,away,43.27,1
OlGpsXq1,Auxerre,Nantes,1,1,hc,0.25,home,1.74,1
OlGpsXq1,Auxerre,Nantes,1,1,hc,0.25,away,2.33,1
OlGpsXq1,Auxerre,Nantes,1,1,hc,-0.25,home,2.48,1
OlGpsXq1,Auxerre,Nantes,1,1,hc,-0.25,away,1.66,1
OlGpsXq1,Auxerre,Nantes,1,1,dc,0,home/draw,1.57,1
OlGpsXq1,Auxerre,Nantes,1,1,dc,0,home/away,1.4,1
OlGpsXq1,Auxerre,Nantes,1,1,dc,0,draw/away,1.52,1
6XXzhlbJ,Brest,Lille,2,2,1x2,0,home,5.1,1
6XXzhlbJ,Brest,Lille,2,2,1x2,0,draw,4.2,1
6XXzhlbJ,Brest,Lille,2,2,1x2,0,away,1.76,1
6XXzhlbJ,Brest,Lille,2,2,ou,0.50,over,1.05,1
6XXzhlbJ,Brest,Lille,2,2,ou,0.50,under,19.0,1
6XXzhlbJ,Brest,Lille,2,2,ou,1.50,over,1.25,1
6XXzhlbJ,Brest,Lille,2,2,ou,1.50,under,4.9,1
6XXzhlbJ,Brest,Lille,2,2,ou,2.50,over,1.75,1
6XXzhlbJ,Brest,Lille,2,2,ou,2.50,under,2.3,1
6XXzhlbJ,Brest,Lille,2,2,ou,3.50,over,2.86,1
6XXzhlbJ,Brest,Lille,2,2,ou,3.50,under,1.51,1
6XXzhlbJ,Brest,Lille,2,2,ou,4.50,over,5.6,1
6XXzhlbJ,Brest,Lille,2,2,ou,4.50,under,1.21,1
6XXzhlbJ,Brest,Lille,2,2,ou,5.50,over,12.5,1
6XXzhlbJ,Brest,Lille,2,2,ou,5.50,under,1.08,1
6XXzhlbJ,Brest,Lille,2,2,ou,6.50,over,30.0,1
6XXzhlbJ,Brest,Lille,2,2,ou,6.50,under,1.02,1
6XXzhlbJ,Brest,Lille,2,2,hc,0,home,3.88,1
6XXzhlbJ,Brest,Lille,2,2,hc,0,away,1.34,1
6XXzhlbJ,Brest,Lille,2,2,hc,0.50,home,2.3,1
6XXzhlbJ,Brest,Lille,2,2,hc,0.50,away,1.76,1
6XXzhlbJ,Brest,Lille,2,2,hc,-0.50,home,5.1,1
6XXzhlbJ,Brest,Lille,2,2,hc,-0.50,away,1.24,1
6XXzhlbJ,Brest,Lille,2,2,hc,0.75,home,2.04,1
6XXzhlbJ,Brest,Lille,2,2,hc,0.75,away,1.95,1
6XXzhlbJ,Brest,Lille,2,2,hc,-0.75,home,7.06,1
6XXzhlbJ,Brest,Lille,2,2,hc,-0.75,away,1.16,1
6XXzhlbJ,Brest,Lille,2,2,hc,1.00,home,1.78,1
6XXzhlbJ,Brest,Lille,2,2,hc,1.00,away,2.26,1
6XXzhlbJ,Brest,Lille,2,2,hc,-1.00,home,12.27,1
6XXzhlbJ,Brest,Lille,2,2,hc,-1.00,away,1.08,1
6XXzhlbJ,Brest,Lille,2,2,hc,1.25,home,1.61,1
6XXzhlbJ,Brest,Lille,2,2,hc,1.25,away,2.6,1
6XXzhlbJ,Brest,Lille,2,2,hc,-1.25,home,13.15,1
6XXzhlbJ,Brest,Lille,2,2,hc,-1.25,away,1.07,1
6XXzhlbJ,Brest,Lille,2,2,hc,1.50,home,1.5,1
6XXzhlbJ,Brest,Lille,2,2,hc,1.50,away,2.93,1
6XXzhlbJ,Brest,Lille,2,2,hc,-1.50,home,14.02,1
6XXzhlbJ,Brest,Lille,2,2,hc,-1.50,away,1.07,1
6XXzhlbJ,Brest,Lille,2,2,hc,1.75,home,1.37,1
6XXzhlbJ,Brest,Lille,2,2,hc,1.75,away,3.59,1
6XXzhlbJ,Brest,Lille,2,2,hc,-1.75,home,21.34,1
6XXzhlbJ,Brest,Lille,2,2,hc,-1.75,away,1.04,1
6XXzhlbJ,Brest,Lille,2,2,hc,2.00,home,1.23,1
6XXzhlbJ,Brest,Lille,2,2,hc,2.00,away,4.95,1
6XXzhlbJ,Brest,Lille,2,2,hc,-2.00,home,47.55,1
6XXzhlbJ,Brest,Lille,2,2,hc,2.25,home,1.21,1
6XXzhlbJ,Brest,Lille,2,2,hc,2.25,away,5.47,1
6XXzhlbJ,Brest,Lille,2,2,hc,-2.25,home,48.77,1
6XXzhlbJ,Brest,Lille,2,2,hc,2.50,home,1.18,1
6XXzhlbJ,Brest,Lille,2,2,hc,2.50,away,6.0,1
6XXzhlbJ,Brest,Lille,2,2,hc,-2.50,home,50.0,1
6XXzhlbJ,Brest,Lille,2,2,hc,2.75,home,1.13,1
6XXzhlbJ,Brest,Lille,2,2,hc,2.75,away,8.14,1
6XXzhlbJ,Brest,Lille,2,2,hc,-2.75,home,81.5,1
6XXzhlbJ,Brest,Lille,2,2,hc,3.00,home,1.07,1
6XXzhlbJ,Brest,Lille,2,2,hc,3.00,away,13.08,1
6XXzhlbJ,Brest,Lille,2,2,hc,3.25,home,1.06,1
6XXzhlbJ,Brest,Lille,2,2,hc,3.25,away,13.79,1
6XXzhlbJ,Brest,Lille,2,2,hc,3.50,home,1.06,1
6XXzhlbJ,Brest,Lille,2,2,hc,3.50,away,14.5,1
6XXzhlbJ,Brest,Lille,2,2,hc,3.75,home,1.03,1
6XXzhlbJ,Brest,Lille,2,2,hc,3.75,away,14.5,1
6XXzhlbJ,Brest,Lille,2,2,hc,0.25,home,2.79,1
6XXzhlbJ,Brest,Lille,2,2,hc,0.25,away,1.55,1
6XXzhlbJ,Brest,Lille,2,2,hc,-0.25,home,4.49,1
6XXzhlbJ,Brest,Lille,2,2,hc,-0.25,away,1.28,1
6XXzhlbJ,Brest,Lille,2,2,dc,0,home/draw,2.32,1
6XXzhlbJ,Brest,Lille,2,2,dc,0,home/away,1.31,1
6XXzhlbJ,Brest,Lille,2,2,dc,0,draw/away,1.23,1
CAdu3E6K,Le Havre,Marseille,1,1,1x2,0,home,6.8,1
CAdu3E6K,Le Havre,Marseille,1,1,1x2,0,draw,4.7,1
CAdu3E6K,Le Havre,Marseille,1,1,1x2,0,away,1.54,1
CAdu3E6K,Le Havre,Marseille,1,1,ou,0.50,over,1.04,1
CAdu3E6K,Le Havre,Marseille,1,1,ou,0.50,under,21.0,1
CAdu3E6K,Le Havre,Marseille,1,1,ou,1.50,over,1.22,1
CAdu3E6K,Le Havre,Marseille,1,1,ou,1.50,under,5.2,1
CAdu3E6K,Le Havre,Marseille,1,1,ou,2.50,over,1.69,1
CAdu3E6K,Le Havre,Marseille,1,1,ou,2.50,under,2.42,1
CAdu3E6K,Le Havre,Marseille,1,1,ou,3.50,over,2.74,1
CAdu3E6K,Le Havre,Marseille,1,1,ou,3.50,under,1.55,1
CAdu3E6K,Le Havre,Marseille,1,1,ou,4.50,over,5.3,1
CAdu3E6K,Le Havre,Marseille,1,1,ou,4.50,under,1.22,1
CAdu3E6K,Le Havre,Marseille,1,1,ou,5.50,over,11.5,1
CAdu3E6K,Le Havre,Marseille,1,1,ou,5.50,under,1.09,1
CAdu3E6K,Le Havre,Marseille,1,1,ou,6.50,over,27.0,1
CAdu3E6K,Le Havre,Marseille,1,1,ou,6.50,under,1.03,1
CAdu3E6K,Le Havre,Marseille,1,1,ou,7.50,over,60.0,1
CAdu3E6K,Le Havre,Marseille,1,1,hc,0,home,5.44,1
CAdu3E6K,Le Havre,Marseille,1,1,hc,0,away,1.22,1
CAdu3E6K,Le Havre,Marseille,1,1,hc,0.50,home,2.81,1
CAdu3E6K,Le Havre,Marseille,1,1,hc,0.50,away,1.54,1
CAdu3E6K,Le Havre,Marseille,1,1,hc,-0.50,home,6.88,1
CAdu3E6K,Le Havre,Marseille,1,1,hc,-0.50,away,1.16,1
CAdu3E6K,Le Havre,Marseille,1,1,hc,0.75,home,2.47,1
CAdu3E6K,Le Havre,Marseille,1,1,hc,0.75,away,1.66,1
CAdu3E6K,Le Havre,Marseille,1,1,hc,-0.75,home,9.86,1
CAdu3E6K,Le Havre,Marseille,1,1,hc,-0.75,away,1.1,1
CAdu3E6K,Le Havre,Marseille,1,1,hc,1.00,home,2.12,1
CAdu3E6K,Le Havre,Marseille,1,1,hc,1.00,away,1.87,1
CAdu3E6K,Le Havre,Marseille,1,1,hc,-1.00,home,18.94,1
CAdu3E6K,Le Havre,Marseille,1,1,hc,-1.00,away,1.05,1
CAdu3E6K,Le Havre,Marseille,1,1,hc,1.25,home,1.83,1
CAdu3E6K,Le Havre,Marseille,1,1,hc,1.25,away,2.17,1
CAdu3E6K,Le Havre,Marseille,1,1,hc,-1.25,home,19.97,1
CAdu3E6K,Le Havre,Marseille,1,1,hc,-1.25,away,1.04,1
CAdu3E6K,Le Havre,Marseille,1,1,hc,1.50,home,1.65,1
CAdu3E6K,Le Havre,Marseille,1,1,hc,1.50,away,2.48,1
CAdu3E6K,Le Havre,Marseille,1,1,hc,-1.50,home,21.0,1
CAdu3E6K,Le Havre,Marseille,1,1,hc,-1.50,away,1.04,1
CAdu3E6K,Le Havre,Marseille,1,1,hc,1.75,home,1.49,1
CAdu3E6K,Le Havre,Marseille,1,1,hc,1.75,away,2.95,1
CAdu3E6K,Le Havre,Marseille,1,1,hc,-1.75,home,32.68,1
CAdu3E6K,Le Havre,Marseille,1,1,hc,-1.75,away,1.02,1
CAdu3E6K,Le Havre,Marseille,1,1,hc,2.00,home,1.33,1
CAdu3E6K,Le Havre,Marseille,1,1,hc,2.00,away,3.86,1
CAdu3E6K,Le Havre,Marseille,1,1,hc,-2.00,home,76.97,1
CAdu3E6K,Le Havre,Marseille,1,1,hc,2.25,home,1.28,1
CAdu3E6K,Le Havre,Marseille,1,1,hc,2.25,away,4.33,1
CAdu3E6K,Le Havre,Marseille,1,1,hc,-2.25,home,78.28,1
CAdu3E6K,Le Havre,Marseille,1,1,hc,2.50,home,1.25,1
CAdu3E6K,Le Havre,Marseille,1,1,hc,2.50,away,4.7,1
CAdu3E6K,Le Havre,Marseille,1,1,hc,-2.50,home,79.59,1
CAdu3E6K,Le Havre,Marseille,1,1,hc,2.75,home,1.17,1
CAdu3E6K,Le Havre,Marseille,1,1,hc,2.75,away,6.29,1
CAdu3E6K,Le Havre,Marseille,1,1,hc,3.00,home,1.1,1
CAdu3E6K,Le Havre,Marseille,1,1,hc,3.00,away,9.33,1
CAdu3E6K,Le Havre,Marseille,1,1,hc,3.25,home,1.09,1
CAdu3E6K,Le Havre,Marseille,1,1,hc,3.25,away,9.91,1
CAdu3E6K,Le Havre,Marseille,1,1,hc,3.50,home,1.09,1
CAdu3E6K,Le Havre,Marseille,1,1,hc,3.50,away,10.5,1
CAdu3E6K,Le Havre,Marseille,1,1,hc,3.75,home,1.06,1
CAdu3E6K,Le Havre,Marseille,1,1,hc,3.75,away,11.04,1
CAdu3E6K,Le Havre,Marseille,1,1,hc,4.00,home,1.02,1
CAdu3E6K,Le Havre,Marseille,1,1,hc,4.00,away,10.68,1
CAdu3E6K,Le Havre,Marseille,1,1,hc,0.25,home,3.57,1
CAdu3E6K,Le Havre,Marseille,1,1,hc,0.25,away,1.38,1
CAdu3E6K,Le Havre,Marseille,1,1,hc,-0.25,home,6.16,1
CAdu3E6K,Le Havre,Marseille,1,1,hc,-0.25,away,1.18,1
CAdu3E6K,Le Havre,Marseille,1,1,dc,0,home/draw,2.8,1
CAdu3E6K,Le Havre,Marseille,1,1,dc,0,home/away,1.26,1
CAdu3E6K,Le Havre,Marseille,1,1,dc,0,draw/away,1.16,1
b7USgAT6,Toulouse,Lens,1,1,1x2,0,home,2.34,1
b7USgAT6,Toulouse,Lens,1,1,1x2,0,draw,3.6,1
b7USgAT6,Toulouse,Lens,1,1,1x2,0,away,3.3,1
b7USgAT6,Toulouse,Lens,1,1,ou,0.50,over,1.06,1
b7USgAT6,Toulouse,Lens,1,1,ou,0.50,under,15.5,1
b7USgAT6,Toulouse,Lens,1,1,ou,1.50,over,1.28,1
b7USgAT6,Toulouse,Lens,1,1,ou,1.50,under,4.5,1
b7USgAT6,Toulouse,Lens,1,1,ou,2.50,over,1.83,1
b7USgAT6,Toulouse,Lens,1,1,ou,2.50,under,2.18,1
b7USgAT6,Toulouse,Lens,1,1,ou,3.50,over,3.1,1
b7USgAT6,Toulouse,Lens,1,1,ou,3.50,under,1.45,1
b7USgAT6,Toulouse,Lens,1,1,ou,4.50,over,6.2,1
b7USgAT6,Toulouse,Lens,1,1,ou,4.50,under,1.18,1
b7USgAT6,Toulouse,Lens,1,1,ou,5.50,over,14.5,1
b7USgAT6,Toulouse,Lens,1,1,ou,5.50,under,1.06,1
b7USgAT6,Toulouse,Lens,1,1,ou,6.50,over,36.0,1
b7USgAT6,Toulouse,Lens,1,1,ou,6.50,under,1.02,1
b7USgAT6,Toulouse,Lens,1,1,hc,0,home,1.7,1
b7USgAT6,Toulouse,Lens,1,1,hc,0,away,2.4,1
b7USgAT6,Toulouse,Lens,1,1,hc,0.50,home,1.42,1
b7USgAT6,Toulouse,Lens,1,1,hc,0.50,away,3.31,1
b7USgAT6,Toulouse,Lens,1,1,hc,-0.50,home,2.34,1
b7USgAT6,Toulouse,Lens,1,1,hc,-0.50,away,1.73,1
b7USgAT6,Toulouse,Lens,1,1,hc,0.75,home,1.3,1
b7USgAT6,Toulouse,Lens,1,1,hc,0.75,away,4.2,1
b7USgAT6,Toulouse,Lens,1,1,hc,-0.75,home,2.77,1
b7USgAT6,Toulouse,Lens,1,1,hc,-0.75,away,1.54,1
b7USgAT6,Toulouse,Lens,1,1,hc,1.00,home,1.17,1
b7USgAT6,Toulouse,Lens,1,1,hc,1.00,away,6.2,1
b7USgAT6,Toulouse,Lens,1,1,hc,-1.00,home,3.64,1
b7USgAT6,Toulouse,Lens,1,1,hc,-1.00,away,1.35,1
b7USgAT6,Toulouse,Lens,1,1,hc,1.25,home,1.15,1
b7USgAT6,Toulouse,Lens,1,1,hc,1.25,away,6.82,1
b7USgAT6,Toulouse,Lens,1,1,hc,-1.25,home,4.12,1
b7USgAT6,Toulouse,Lens,1,1,hc,-1.25,away,1.3,1
b7USgAT6,Toulouse,Lens,1,1,hc,1.50,home,1.14,1
b7USgAT6,Toulouse,Lens,1,1,hc,1.50,away,7.45,1
b7USgAT6,Toulouse,Lens,1,1,hc,-1.50,home,4.6,1
b7USgAT6,Toulouse,Lens,1,1,hc,-1.50,away,1.26,1
b7USgAT6,Toulouse,Lens,1,1,hc,1.75,home,1.09,1
b7USgAT6,Toulouse,Lens,1,1,hc,1.75,away,10.52,1
b7USgAT6,Toulouse,Lens,1,1,hc,-1.75,home,6.09,1
b7USgAT6,Toulouse,Lens,1,1,hc,-1.75,away,1.18,1
b7USgAT6,Toulouse,Lens,1,1,hc,2.00,home,1.04,1
b7USgAT6,Toulouse,Lens,1,1,hc,2.00,away,19.18,1
b7USgAT6,Toulouse,Lens,1,1,hc,-2.00,home,9.69,1
b7USgAT6,Toulouse,Lens,1,1,hc,-2.00,away,1.1,1
b7USgAT6,Toulouse,Lens,1,1,hc,2.25,home,1.04,1
b7USgAT6,Toulouse,Lens,1,1,hc,2.25,away,20.09,1
b7USgAT6,Toulouse,Lens,1,1,hc,-2.25,home,10.4,1
b7USgAT6,Toulouse,Lens,1,1,hc,-2.25,away,1.09,1
b7USgAT6,Toulouse,Lens,1,1,hc,2.50,home,1.04,1
b7USgAT6,Toulouse,Lens,1,1,hc,2.50,away,21.0,1
b7USgAT6,Toulouse,Lens,1,1,hc,-2.50,home,11.1,1
b7USgAT6,Toulouse,Lens,1,1,hc,-2.50,away,1.08,1
b7USgAT6,Toulouse,Lens,1,1,hc,2.75,home,1.02,1
b7USgAT6,Toulouse,Lens,1,1,hc,2.75,away,32.25,1
b7USgAT6,Toulouse,Lens,1,1,hc,-2.75,home,16.23,1
b7USgAT6,Toulouse,Lens,1,1,hc,-2.75,away,1.05,1
b7USgAT6,Toulouse,Lens,1,1,hc,3.00,away,67.66,1
b7USgAT6,Toulouse,Lens,1,1,hc,-3.00,home,31.93,1
b7USgAT6,Toulouse,Lens,1,1,hc,-3.00,away,1.02,1
b7USgAT6,Toulouse,Lens,1,1,hc,3.25,away,54.19,1
b7USgAT6,Toulouse,Lens,1,1,hc,-3.25,home,32.96,1
b7USgAT6,Toulouse,Lens,1,1,hc,-3.25,away,1.02,1
b7USgAT6,Toulouse,Lens,1,1,hc,3.50,away,55.0,1
b7USgAT6,Toulouse,Lens,1,1,hc,-3.50,home,34.0,1
b7USgAT6,Toulouse,Lens,1,1,hc,-3.50,away,1.02,1
b7USgAT6,Toulouse,Lens,1,1,hc,-3.75,home,34.0,1
b7USgAT6,Toulouse,Lens,1,1,hc,0.25,home,1.52,1
b7USgAT6,Toulouse,Lens,1,1,hc,0.25,away,2.86,1
b7USgAT6,Toulouse,Lens,1,1,hc,-0.25,home,2.02,1
b7USgAT6,Toulouse,Lens,1,1,hc,-0.25,away,1.96,1
b7USgAT6,Toulouse,Lens,1,1,dc,0,home/draw,1.42,1
b7USgAT6,Toulouse,Lens,1,1,dc,0,home/away,1.37,1
b7USgAT6,Toulouse,Lens,1,1,dc,0,draw/away,1.73,1
nVLpqEWo,Monaco,Lyon,2,2,1x2,0,home,1.85,1
nVLpqEWo,Monaco,Lyon,2,2,1x2,0,draw,4.4,1
nVLpqEWo,Monaco,Lyon,2,2,1x2,0,away,4.1,1
nVLpqEWo,Monaco,Lyon,2,2,ou,0.50,over,1.03,1
nVLpqEWo,Monaco,Lyon,2,2,ou,0.50,under,34.0,1
nVLpqEWo,Monaco,Lyon,2,2,ou,1.50,over,1.13,1
nVLpqEWo,Monaco,Lyon,2,2,ou,1.50,under,8.2,1
nVLpqEWo,Monaco,Lyon,2,2,ou,2.50,over,1.42,1
nVLpqEWo,Monaco,Lyon,2,2,ou,2.50,under,3.35,1
nVLpqEWo,Monaco,Lyon,2,2,ou,3.50,over,2.02,1
nVLpqEWo,Monaco,Lyon,2,2,ou,3.50,under,1.95,1
nVLpqEWo,Monaco,Lyon,2,2,ou,4.50,over,3.25,1
nVLpqEWo,Monaco,Lyon,2,2,ou,4.50,under,1.43,1
nVLpqEWo,Monaco,Lyon,2,2,ou,5.50,over,6.0,1
nVLpqEWo,Monaco,Lyon,2,2,ou,5.50,under,1.18,1
nVLpqEWo,Monaco,Lyon,2,2,ou,6.50,over,13.5,1
nVLpqEWo,Monaco,Lyon,2,2,ou,6.50,under,1.07,1
nVLpqEWo,Monaco,Lyon,2,2,ou,7.50,over,29.0,1
nVLpqEWo,Monaco,Lyon,2,2,ou,7.50,under,1.03,1
nVLpqEWo,Monaco,Lyon,2,2,ou,8.50,over,75.0,1
nVLpqEWo,Monaco,Lyon,2,2,hc,0,home,1.44,1
nVLpqEWo,Monaco,Lyon,2,2,hc,0,away,3.23,1
nVLpqEWo,Monaco,Lyon,2,2,hc,0.50,home,1.31,1
nVLpqEWo,Monaco,Lyon,2,2,hc,0.50,away,4.16,1
nVLpqEWo,Monaco,Lyon,2,2,hc,-0.50,home,1.85,1
nVLpqEWo,Monaco,Lyon,2,2,hc,-0.50,away,2.16,1
nVLpqEWo,Monaco,Lyon,2,2,hc,0.75,home,1.22,1
nVLpqEWo,Monaco,Lyon,2,2,hc,0.75,away,5.29,1
nVLpqEWo,Monaco,Lyon,2,2,hc,-0.75,home,2.07,1
nVLpqEWo,Monaco,Lyon,2,2,hc,-0.75,away,1.91,1
nVLpqEWo,Monaco,Lyon,2,2,hc,1.00,home,1.13,1
nVLpqEWo,Monaco,Lyon,2,2,hc,1.00,away,7.6,1
nVLpqEWo,Monaco,Lyon,2,2,hc,-1.00,home,2.45,1
nVLpqEWo,Monaco,Lyon,2,2,hc,-1.00,away,1.65,1
nVLpqEWo,Monaco,Lyon,2,2,hc,1.25,home,1.12,1
nVLpqEWo,Monaco,Lyon,2,2,hc,1.25,away,8.14,1
nVLpqEWo,Monaco,Lyon,2,2,hc,-1.25,home,2.79,1
nVLpqEWo,Monaco,Lyon,2,2,hc,-1.25,away,1.52,1
nVLpqEWo,Monaco,Lyon,2,2,hc,1.50,home,1.11,1
nVLpqEWo,Monaco,Lyon,2,2,hc,1.50,away,8.69,1
nVLpqEWo,Monaco,Lyon,2,2,hc,-1.50,home,3.13,1
nVLpqEWo,Monaco,Lyon,2,2,hc,-1.50,away,1.43,1
nVLpqEWo,Monaco,Lyon,2,2,hc,1.75,home,1.07,1
nVLpqEWo,Monaco,Lyon,2,2,hc,1.75,away,12.2,1
nVLpqEWo,Monaco,Lyon,2,2,hc,-1.75,home,3.8,1
nVLpqEWo,Monaco,Lyon,2,2,hc,-1.75,away,1.33,1
nVLpqEWo,Monaco,Lyon,2,2,hc,2.00,home,1.03,1
nVLpqEWo,Monaco,Lyon,2,2,hc,2.00,away,20.51,1
nVLpqEWo,Monaco,Lyon,2,2,hc,-2.00,home,5.08,1
nVLpqEWo,Monaco,Lyon,2,2,hc,-2.00,away,1.22,1
nVLpqEWo,Monaco,Lyon,2,2,hc,2.25,home,1.03,1
nVLpqEWo,Monaco,Lyon,2,2,hc,2.25,away,21.25,1
nVLpqEWo,Monaco,Lyon,2,2,hc,-2.25,home,5.54,1
nVLpqEWo,Monaco,Lyon,2,2,hc,-2.25,away,1.2,1
nVLpqEWo,Monaco,Lyon,2,2,hc,2.50,home,1.03,1
nVLpqEWo,Monaco,Lyon,2,2,hc,2.50,away,22.0,1
nVLpqEWo,Monaco,Lyon,2,2,hc,-2.50,home,6.0,1
nVLpqEWo,Monaco,Lyon,2,2,hc,-2.50,away,1.18,1
nVLpqEWo,Monaco,Lyon,2,2,hc,2.75,home,1.02,1
nVLpqEWo,Monaco,Lyon,2,2,hc,2.75,away,32.37,1
nVLpqEWo,Monaco,Lyon,2,2,hc,-2.75,home,7.92,1
nVLpqEWo,Monaco,Lyon,2,2,hc,-2.75,away,1.12,1
nVLpqEWo,Monaco,Lyon,2,2,hc,3.00,away,63.5,1
nVLpqEWo,Monaco,Lyon,2,2,hc,-3.00,home,12.25,1
nVLpqEWo,Monaco,Lyon,2,2,hc,-3.00,away,1.07,1
nVLpqEWo,Monaco,Lyon,2,2,hc,3.25,away,59.15,1
nVLpqEWo,Monaco,Lyon,2,2,hc,-3.25,home,12.78,1
nVLpqEWo,Monaco,Lyon,2,2,hc,-3.25,away,1.07,1
nVLpqEWo,Monaco,Lyon,2,2,hc,3.50,away,59.8,1
nVLpqEWo,Monaco,Lyon,2,2,hc,-3.50,home,13.3,1
nVLpqEWo,Monaco,Lyon,2,2,hc,-3.50,away,1.06,1
nVLpqEWo,Monaco,Lyon,2,2,hc,-3.75,home,13.3,1
nVLpqEWo,Monaco,Lyon,2,2,hc,-3.75,away,1.04,1
nVLpqEWo,Monaco,Lyon,2,2,hc,0.25,home,1.36,1
nVLpqEWo,Monaco,Lyon,2,2,hc,0.25,away,3.7,1
nVLpqEWo,Monaco,Lyon,2,2,hc,-0.25,home,1.64,1
nVLpqEWo,Monaco,Lyon,2,2,hc,-0.25,away,2.53,1
nVLpqEWo,Monaco,Lyon,2,2,dc,0,home/draw,1.3,1
nVLpqEWo,Monaco,Lyon,2,2,dc,0,home/away,1.28,1
nVLpqEWo,Monaco,Lyon,2,2,dc,0,draw/away,2.16,1
2uyKeWbf,Montpellier,PSG,1,1,1x2,0,home,7.8,1
2uyKeWbf,Montpellier,PSG,1,1,1x2,0,draw,5.9,1
2uyKeWbf,Montpellier,PSG,1,1,1x2,0,away,1.42,1
2uyKeWbf,Montpellier,PSG,1,1,ou,0.50,over,1.02,1
2uyKeWbf,Montpellier,PSG,1,1,ou,0.50,under,40.0,1
2uyKeWbf,Montpellier,PSG,1,1,ou,1.50,over,1.11,1
2uyKeWbf,Montpellier,PSG,1,1,ou,1.50,under,9.4,1
2uyKeWbf,Montpellier,PSG,1,1,ou,2.50,over,1.35,1
2uyKeWbf,Montpellier,PSG,1,1,ou,2.50,under,3.75,1
2uyKeWbf,Montpellier,PSG,1,1,ou,3.50,over,1.86,1
2uyKeWbf,Montpellier,PSG,1,1,ou,3.50,under,2.12,1
2uyKeWbf,Montpellier,PSG,1,1,ou,4.50,over,2.98,1
2uyKeWbf,Montpellier,PSG,1,1,ou,4.50,under,1.49,1
2uyKeWbf,Montpellier,PSG,1,1,ou,5.50,over,5.4,1
2uyKeWbf,Montpellier,PSG,1,1,ou,5.50,under,1.21,1
2uyKeWbf,Montpellier,PSG,1,1,ou,6.50,over,11.5,1
2uyKeWbf,Montpellier,PSG,1,1,ou,6.50,under,1.09,1
2uyKeWbf,Montpellier,PSG,1,1,ou,7.50,over,26.0,1
2uyKeWbf,Montpellier,PSG,1,1,ou,7.50,under,1.03,1
2uyKeWbf,Montpellier,PSG,1,1,ou,8.50,over,55.0,1
2uyKeWbf,Montpellier,PSG,1,1,hc,0,home,6.47,1
2uyKeWbf,Montpellier,PSG,1,1,hc,0,away,1.17,1
2uyKeWbf,Montpellier,PSG,1,1,hc,0.50,home,3.35,1
2uyKeWbf,Montpellier,PSG,1,1,hc,0.50,away,1.42,1
2uyKeWbf,Montpellier,PSG,1,1,hc,-0.50,home,7.8,1
2uyKeWbf,Montpellier,PSG,1,1,hc,-0.50,away,1.14,1
2uyKeWbf,Montpellier,PSG,1,1,hc,0.75,home,3.0,1
2uyKeWbf,Montpellier,PSG,1,1,hc,0.75,away,1.49,1
2uyKeWbf,Montpellier,PSG,1,1,hc,-0.75,home,10.71,1
2uyKeWbf,Montpellier,PSG,1,1,hc,-0.75,away,1.09,1
2uyKeWbf,Montpellier,PSG,1,1,hc,1.00,home,2.64,1
2uyKeWbf,Montpellier,PSG,1,1,hc,1.00,away,1.59,1
2uyKeWbf,Montpellier,PSG,1,1,hc,-1.00,home,18.0,1
2uyKeWbf,Montpellier,PSG,1,1,hc,-1.00,away,1.05,1
2uyKeWbf,Montpellier,PSG,1,1,hc,1.25,home,2.21,1
2uyKeWbf,Montpellier,PSG,1,1,hc,1.25,away,1.8,1
2uyKeWbf,Montpellier,PSG,1,1,hc,-1.25,home,18.75,1
2uyKeWbf,Montpellier,PSG,1,1,hc,-1.25,away,1.05,1
2uyKeWbf,Montpellier,PSG,1,1,hc,1.50,home,1.96,1
2uyKeWbf,Montpellier,PSG,1,1,hc,1.50,away,2.01,1
2uyKeWbf,Montpellier,PSG,1,1,hc,-1.50,home,19.5,1
2uyKeWbf,Montpellier,PSG,1,1,hc,-1.50,away,1.04,1
2uyKeWbf,Montpellier,PSG,1,1,hc,1.75,home,1.77,1
2uyKeWbf,Montpellier,PSG,1,1,hc,1.75,away,2.24,1
2uyKeWbf,Montpellier,PSG,1,1,hc,-1.75,home,28.88,1
2uyKeWbf,Montpellier,PSG,1,1,hc,-1.75,away,1.03,1
2uyKeWbf,Montpellier,PSG,1,1,hc,2.00,home,1.57,1
2uyKeWbf,Montpellier,PSG,1,1,hc,2.00,away,2.63,1
2uyKeWbf,Montpellier,PSG,1,1,hc,-2.00,home,54.4,1
2uyKeWbf,Montpellier,PSG,1,1,hc,2.25,home,1.48,1
2uyKeWbf,Montpellier,PSG,1,1,hc,2.25,away,2.94,1
2uyKeWbf,Montpellier,PSG,1,1,hc,-2.25,home,55.35,1
2uyKeWbf,Montpellier,PSG,1,1,hc,2.50,home,1.41,1
2uyKeWbf,Montpellier,PSG,1,1,hc,2.50,away,3.25,1
2uyKeWbf,Montpellier,PSG,1,1,hc,-2.50,home,56.29,1
2uyKeWbf,Montpellier,PSG,1,1,hc,2.75,home,1.31,1
2uyKeWbf,Montpellier,PSG,1,1,hc,2.75,away,3.94,1
2uyKeWbf,Montpellier,PSG,1,1,hc,-2.75,home,86.31,1
2uyKeWbf,Montpellier,PSG,1,1,hc,3.00,home,1.22,1
2uyKeWbf,Montpellier,PSG,1,1,hc,3.00,away,5.16,1
2uyKeWbf,Montpellier,PSG,1,1,hc,3.25,home,1.2,1
2uyKeWbf,Montpellier,PSG,1,1,hc,3.25,away,5.58,1
2uyKeWbf,Montpellier,PSG,1,1,hc,3.50,home,1.18,1
2uyKeWbf,Montpellier,PSG,1,1,hc,3.50,away,6.0,1
2uyKeWbf,Montpellier,PSG,1,1,hc,3.75,home,1.13,1
2uyKeWbf,Montpellier,PSG,1,1,hc,3.75,away,7.89,1
2uyKeWbf,Montpellier,PSG,1,1,hc,4.00,home,1.08,1
2uyKeWbf,Montpellier,PSG,1,1,hc,4.00,away,11.66,1
2uyKeWbf,Montpellier,PSG,1,1,hc,0.25,home,4.29,1
2uyKeWbf,Montpellier,PSG,1,1,hc,0.25,away,1.29,1
2uyKeWbf,Montpellier,PSG,1,1,hc,-0.25,home,7.13,1
2uyKeWbf,Montpellier,PSG,1,1,hc,-0.25,away,1.16,1
2uyKeWbf,Montpellier,PSG,1,1,dc,0,home/draw,3.35,1
2uyKeWbf,Montpellier,PSG,1,1,dc,0,home/away,1.2,1
2uyKeWbf,Montpellier,PSG,1,1,dc,0,draw/away,1.14,1
URxCchUs,Rennes,Nice,2,2,1x2,0,home,3.35,1
URxCchUs,Rennes,Nice,2,2,1x2,0,draw,3.95,1
URxCchUs,Rennes,Nice,2,2,1x2,0,away,2.2,1
URxCchUs,Rennes,Nice,2,2,ou,0.50,over,1.04,1
URxCchUs,Rennes,Nice,2,2,ou,0.50,under,23.0,1
URxCchUs,Rennes,Nice,2,2,ou,1.50,over,1.19,1
URxCchUs,Rennes,Nice,2,2,ou,1.50,under,5.9,1
URxCchUs,Rennes,Nice,2,2,ou,2.50,over,1.57,1
URxCchUs,Rennes,Nice,2,2,ou,2.50,under,2.7,1
URxCchUs,Rennes,Nice,2,2,ou,3.50,over,2.48,1
URxCchUs,Rennes,Nice,2,2,ou,3.50,under,1.65,1
URxCchUs,Rennes,Nice,2,2,ou,4.50,over,4.5,1
URxCchUs,Rennes,Nice,2,2,ou,4.50,under,1.28,1
URxCchUs,Rennes,Nice,2,2,ou,5.50,over,9.4,1
URxCchUs,Rennes,Nice,2,2,ou,5.50,under,1.11,1
URxCchUs,Rennes,Nice,2,2,ou,6.50,over,22.0,1
URxCchUs,Rennes,Nice,2,2,ou,6.50,under,1.04,1
URxCchUs,Rennes,Nice,2,2,ou,7.50,over,55.0,1
URxCchUs,Rennes,Nice,2,2,hc,0,home,2.52,1
URxCchUs,Rennes,Nice,2,2,hc,0,away,1.64,1
URxCchUs,Rennes,Nice,2,2,hc,0.50,home,1.82,1
URxCchUs,Rennes,Nice,2,2,hc,0.50,away,2.2,1
URxCchUs,Rennes,Nice,2,2,hc,-0.50,home,3.37,1
URxCchUs,Rennes,Nice,2,2,hc,-0.50,away,1.41,1
URxCchUs,Rennes,Nice,2,2,hc,0.75,home,1.63,1
URxCchUs,Rennes,Nice,2,2,hc,0.75,away,2.54,1
URxCchUs,Rennes,Nice,2,2,hc,-0.75,home,4.25,1
URxCchUs,Rennes,Nice,2,2,hc,-0.75,away,1.3,1
URxCchUs,Rennes,Nice,2,2,hc,1.00,home,1.44,1
URxCchUs,Rennes,Nice,2,2,hc,1.00,away,3.18,1
URxCchUs,Rennes,Nice,2,2,hc,-1.00,home,6.09,1
URxCchUs,Rennes,Nice,2,2,hc,-1.00,away,1.18,1
URxCchUs,Rennes,Nice,2,2,hc,1.25,home,1.37,1
URxCchUs,Rennes,Nice,2,2,hc,1.25,away,3.59,1
URxCchUs,Rennes,Nice,2,2,hc,-1.25,home,6.67,1
URxCchUs,Rennes,Nice,2,2,hc,-1.25,away,1.16,1
URxCchUs,Rennes,Nice,2,2,hc,1.50,home,1.31,1
URxCchUs,Rennes,Nice,2,2,hc,1.50,away,3.96,1
URxCchUs,Rennes,Nice,2,2,hc,-1.50,home,7.25,1
URxCchUs,Rennes,Nice,2,2,hc,-1.50,away,1.15,1
URxCchUs,Rennes,Nice,2,2,hc,1.75,home,1.23,1
URxCchUs,Rennes,Nice,2,2,hc,1.75,away,5.03,1
URxCchUs,Rennes,Nice,2,2,hc,-1.75,home,9.98,1
URxCchUs,Rennes,Nice,2,2,hc,-1.75,away,1.1,1
URxCchUs,Rennes,Nice,2,2,hc,2.00,home,1.14,1
URxCchUs,Rennes,Nice,2,2,hc,2.00,away,7.0,1
URxCchUs,Rennes,Nice,2,2,hc,-2.00,home,16.56,1
URxCchUs,Rennes,Nice,2,2,hc,-2.00,away,1.05,1
URxCchUs,Rennes,Nice,2,2,hc,2.25,home,1.13,1
URxCchUs,Rennes,Nice,2,2,hc,2.25,away,7.5,1
URxCchUs,Rennes,Nice,2,2,hc,-2.25,home,17.28,1
URxCchUs,Rennes,Nice,2,2,hc,-2.25,away,1.05,1
URxCchUs,Rennes,Nice,2,2,hc,2.50,home,1.12,1
URxCchUs,Rennes,Nice,2,2,hc,2.50,away,8.0,1
URxCchUs,Rennes,Nice,2,2,hc,-2.50,home,18.0,1
URxCchUs,Rennes,Nice,2,2,hc,-2.50,away,1.05,1
URxCchUs,Rennes,Nice,2,2,hc,2.75,home,1.08,1
URxCchUs,Rennes,Nice,2,2,hc,2.75,away,10.92,1
URxCchUs,Rennes,Nice,2,2,hc,-2.75,home,26.0,1
URxCchUs,Rennes,Nice,2,2,hc,-2.75,away,1.02,1
URxCchUs,Rennes,Nice,2,2,hc,3.00,home,1.04,1
URxCchUs,Rennes,Nice,2,2,hc,3.00,away,16.0,1
URxCchUs,Rennes,Nice,2,2,hc,-3.00,home,37.0,1
URxCchUs,Rennes,Nice,2,2,hc,3.25,home,1.04,1
URxCchUs,Rennes,Nice,2,2,hc,3.25,away,16.57,1
URxCchUs,Rennes,Nice,2,2,hc,-3.25,home,37.52,1
URxCchUs,Rennes,Nice,2,2,hc,3.50,home,1.04,1
URxCchUs,Rennes,Nice,2,2,hc,3.50,away,17.14,1
URxCchUs,Rennes,Nice,2,2,hc,-3.50,home,38.05,1
URxCchUs,Rennes,Nice,2,2,hc,3.75,home,1.02,1
URxCchUs,Rennes,Nice,2,2,hc,3.75,away,17.14,1
URxCchUs,Rennes,Nice,2,2,hc,0.25,home,2.07,1
URxCchUs,Rennes,Nice,2,2,hc,0.25,away,1.92,1
URxCchUs,Rennes,Nice,2,2,hc,-0.25,home,2.94,1
URxCchUs,Rennes,Nice,2,2,hc,-0.25,away,1.5,1
URxCchUs,Rennes,Nice,2,2,dc,0,home/draw,1.82,1
URxCchUs,Rennes,Nice,2,2,dc,0,home/away,1.33,1
URxCchUs,Rennes,Nice,2,2,dc,0,draw/away,1.41,1
GOCxqgFl,Reims,St Etienne,0,0,1x2,0,home,2.2,1
GOCxqgFl,Reims,St Etienne,0,0,1x2,0,draw,3.7,1
GOCxqgFl,Reims,St Etienne,0,0,1x2,0,away,3.6,1
GOCxqgFl,Reims,St Etienne,0,0,ou,0.50,over,1.06,1
GOCxqgFl,Reims,St Etienne,0,0,ou,0.50,under,16.0,1
GOCxqgFl,Reims,St Etienne,0,0,ou,1.50,over,1.26,1
GOCxqgFl,Reims,St Etienne,0,0,ou,1.50,under,4.7,1
GOCxqgFl,Reims,St Etienne,0,0,ou,2.50,over,1.81,1
GOCxqgFl,Reims,St Etienne,0,0,ou,2.50,under,2.18,1
GOCxqgFl,Reims,St Etienne,0,0,ou,3.50,over,3.05,1
GOCxqgFl,Reims,St Etienne,0,0,ou,3.50,under,1.47,1
GOCxqgFl,Reims,St Etienne,0,0,ou,4.50,over,6.0,1
GOCxqgFl,Reims,St Etienne,0,0,ou,4.50,under,1.19,1
GOCxqgFl,Reims,St Etienne,0,0,ou,5.50,over,14.0,1
GOCxqgFl,Reims,St Etienne,0,0,ou,5.50,under,1.07,1
GOCxqgFl,Reims,St Etienne,0,0,ou,6.50,over,34.0,1
GOCxqgFl,Reims,St Etienne,0,0,ou,6.50,under,1.02,1
GOCxqgFl,Reims,St Etienne,0,0,hc,0,home,1.61,1
GOCxqgFl,Reims,St Etienne,0,0,hc,0,away,2.62,1
GOCxqgFl,Reims,St Etienne,0,0,hc,0.50,home,1.38,1
GOCxqgFl,Reims,St Etienne,0,0,hc,0.50,away,3.6,1
GOCxqgFl,Reims,St Etienne,0,0,hc,-0.50,home,2.2,1
GOCxqgFl,Reims,St Etienne,0,0,hc,-0.50,away,1.82,1
GOCxqgFl,Reims,St Etienne,0,0,hc,0.75,home,1.26,1
GOCxqgFl,Reims,St Etienne,0,0,hc,0.75,away,4.64,1
GOCxqgFl,Reims,St Etienne,0,0,hc,-0.75,home,2.59,1
GOCxqgFl,Reims,St Etienne,0,0,hc,-0.75,away,1.61,1
GOCxqgFl,Reims,St Etienne,0,0,hc,1.00,home,1.15,1
GOCxqgFl,Reims,St Etienne,0,0,hc,1.00,away,7.06,1
GOCxqgFl,Reims,St Etienne,0,0,hc,-1.00,home,3.38,1
GOCxqgFl,Reims,St Etienne,0,0,hc,-1.00,away,1.4,1
GOCxqgFl,Reims,St Etienne,0,0,hc,1.25,home,1.13,1
GOCxqgFl,Reims,St Etienne,0,0,hc,1.25,away,7.73,1
GOCxqgFl,Reims,St Etienne,0,0,hc,-1.25,home,3.86,1
GOCxqgFl,Reims,St Etienne,0,0,hc,-1.25,away,1.33,1
GOCxqgFl,Reims,St Etienne,0,0,hc,1.50,home,1.12,1
GOCxqgFl,Reims,St Etienne,0,0,hc,1.50,away,8.4,1
GOCxqgFl,Reims,St Etienne,0,0,hc,-1.50,home,4.34,1
GOCxqgFl,Reims,St Etienne,0,0,hc,-1.50,away,1.28,1
GOCxqgFl,Reims,St Etienne,0,0,hc,1.75,home,1.08,1
GOCxqgFl,Reims,St Etienne,0,0,hc,1.75,away,12.04,1
GOCxqgFl,Reims,St Etienne,0,0,hc,-1.75,home,5.66,1
GOCxqgFl,Reims,St Etienne,0,0,hc,-1.75,away,1.2,1
GOCxqgFl,Reims,St Etienne,0,0,hc,2.00,home,1.04,1
GOCxqgFl,Reims,St Etienne,0,0,hc,2.00,away,22.39,1
GOCxqgFl,Reims,St Etienne,0,0,hc,-2.00,home,8.69,1
GOCxqgFl,Reims,St Etienne,0,0,hc,-2.00,away,1.11,1
GOCxqgFl,Reims,St Etienne,0,0,hc,2.25,home,1.03,1
GOCxqgFl,Reims,St Etienne,0,0,hc,2.25,away,23.34,1
GOCxqgFl,Reims,St Etienne,0,0,hc,-2.25,home,9.34,1
GOCxqgFl,Reims,St Etienne,0,0,hc,-2.25,away,1.1,1
GOCxqgFl,Reims,St Etienne,0,0,hc,2.50,home,1.03,1
GOCxqgFl,Reims,St Etienne,0,0,hc,2.50,away,24.28,1
GOCxqgFl,Reims,St Etienne,0,0,hc,-2.50,home,10.0,1
GOCxqgFl,Reims,St Etienne,0,0,hc,-2.50,away,1.1,1
GOCxqgFl,Reims,St Etienne,0,0,hc,2.75,home,1.02,1
GOCxqgFl,Reims,St Etienne,0,0,hc,2.75,away,37.22,1
GOCxqgFl,Reims,St Etienne,0,0,hc,-2.75,home,14.0,1
GOCxqgFl,Reims,St Etienne,0,0,hc,-2.75,away,1.06,1
GOCxqgFl,Reims,St Etienne,0,0,hc,3.00,away,63.42,1
GOCxqgFl,Reims,St Etienne,0,0,hc,-3.00,home,24.4,1
GOCxqgFl,Reims,St Etienne,0,0,hc,-3.00,away,1.03,1
GOCxqgFl,Reims,St Etienne,0,0,hc,3.25,away,64.28,1
GOCxqgFl,Reims,St Etienne,0,0,hc,-3.25,home,25.2,1
GOCxqgFl,Reims,St Etienne,0,0,hc,-3.25,away,1.03,1
GOCxqgFl,Reims,St Etienne,0,0,hc,3.50,away,65.14,1
GOCxqgFl,Reims,St Etienne,0,0,hc,-3.50,home,26.0,1
GOCxqgFl,Reims,St Etienne,0,0,hc,-3.50,away,1.03,1
GOCxqgFl,Reims,St Etienne,0,0,hc,-3.75,home,26.0,1
GOCxqgFl,Reims,St Etienne,0,0,hc,0.25,home,1.46,1
GOCxqgFl,Reims,St Etienne,0,0,hc,0.25,away,3.11,1
GOCxqgFl,Reims,St Etienne,0,0,hc,-0.25,home,1.9,1
GOCxqgFl,Reims,St Etienne,0,0,hc,-0.25,away,2.09,1
GOCxqgFl,Reims,St Etienne,0,0,dc,0,home/draw,1.38,1
GOCxqgFl,Reims,St Etienne,0,0,dc,0,home/away,1.36,1
GOCxqgFl,Reims,St Etienne,0,0,dc,0,draw/away,1.82,1
CGkxGfo2,Lille,Marseille,1,1,1x2,0,home,2.48,1
CGkxGfo2,Lille,Marseille,1,1,1x2,0,draw,3.45,1
CGkxGfo2,Lille,Marseille,1,1,1x2,0,away,3.15,1
CGkxGfo2,Lille,Marseille,1,1,ou,0.50,over,1.06,1
CGkxGfo2,Lille,Marseille,1,1,ou,0.50,under,15.0,1
CGkxGfo2,Lille,Marseille,1,1,ou,1.50,over,1.29,1
CGkxGfo2,Lille,Marseille,1,1,ou,1.50,under,4.3,1
CGkxGfo2,Lille,Marseille,1,1,ou,2.50,over,1.9,1
CGkxGfo2,Lille,Marseille,1,1,ou,2.50,under,2.08,1
CGkxGfo2,Lille,Marseille,1,1,ou,3.50,over,3.2,1
CGkxGfo2,Lille,Marseille,1,1,ou,3.50,under,1.44,1
CGkxGfo2,Lille,Marseille,1,1,ou,4.50,over,6.4,1
CGkxGfo2,Lille,Marseille,1,1,ou,4.50,under,1.17,1
CGkxGfo2,Lille,Marseille,1,1,ou,5.50,over,14.5,1
CGkxGfo2,Lille,Marseille,1,1,ou,5.50,under,1.07,1
CGkxGfo2,Lille,Marseille,1,1,ou,6.50,over,36.0,1
CGkxGfo2,Lille,Marseille,1,1,ou,6.50,under,1.02,1
CGkxGfo2,Lille,Marseille,1,1,hc,0,home,1.78,1
CGkxGfo2,Lille,Marseille,1,1,hc,0,away,2.25,1
CGkxGfo2,Lille,Marseille,1,1,hc,0.50,home,1.45,1
CGkxGfo2,Lille,Marseille,1,1,hc,0.50,away,3.15,1
CGkxGfo2,Lille,Marseille,1,1,hc,-0.50,home,2.5,1
CGkxGfo2,Lille,Marseille,1,1,hc,-0.50,away,1.65,1
CGkxGfo2,Lille,Marseille,1,1,hc,0.75,home,1.32,1
CGkxGfo2,Lille,Marseille,1,1,hc,0.75,away,3.97,1
CGkxGfo2,Lille,Marseille,1,1,hc,-0.75,home,3.01,1
CGkxGfo2,Lille,Marseille,1,1,hc,-0.75,away,1.48,1
CGkxGfo2,Lille,Marseille,1,1,hc,1.00,home,1.19,1
CGkxGfo2,Lille,Marseille,1,1,hc,1.00,away,5.8,1
CGkxGfo2,Lille,Marseille,1,1,hc,-1.00,home,4.04,1
CGkxGfo2,Lille,Marseille,1,1,hc,-1.00,away,1.31,1
CGkxGfo2,Lille,Marseille,1,1,hc,1.25,home,1.17,1
CGkxGfo2,Lille,Marseille,1,1,hc,1.25,away,6.42,1
CGkxGfo2,Lille,Marseille,1,1,hc,-1.25,home,4.57,1
CGkxGfo2,Lille,Marseille,1,1,hc,-1.25,away,1.26,1
CGkxGfo2,Lille,Marseille,1,1,hc,1.50,home,1.15,1
CGkxGfo2,Lille,Marseille,1,1,hc,1.50,away,7.04,1
CGkxGfo2,Lille,Marseille,1,1,hc,-1.50,home,5.1,1
CGkxGfo2,Lille,Marseille,1,1,hc,-1.50,away,1.23,1
CGkxGfo2,Lille,Marseille,1,1,hc,1.75,home,1.1,1
CGkxGfo2,Lille,Marseille,1,1,hc,1.75,away,9.93,1
CGkxGfo2,Lille,Marseille,1,1,hc,-1.75,home,6.82,1
CGkxGfo2,Lille,Marseille,1,1,hc,-1.75,away,1.15,1
CGkxGfo2,Lille,Marseille,1,1,hc,2.00,home,1.05,1
CGkxGfo2,Lille,Marseille,1,1,hc,2.00,away,18.15,1
CGkxGfo2,Lille,Marseille,1,1,hc,-2.00,home,11.05,1
CGkxGfo2,Lille,Marseille,1,1,hc,-2.00,away,1.08,1
CGkxGfo2,Lille,Marseille,1,1,hc,2.25,home,1.04,1
CGkxGfo2,Lille,Marseille,1,1,hc,2.25,away,19.08,1
CGkxGfo2,Lille,Marseille,1,1,hc,-2.25,home,11.77,1
CGkxGfo2,Lille,Marseille,1,1,hc,-2.25,away,1.07,1
CGkxGfo2,Lille,Marseille,1,1,hc,2.50,home,1.04,1
CGkxGfo2,Lille,Marseille,1,1,hc,2.50,away,20.0,1
CGkxGfo2,Lille,Marseille,1,1,hc,-2.50,home,12.5,1
CGkxGfo2,Lille,Marseille,1,1,hc,-2.50,away,1.07,1
CGkxGfo2,Lille,Marseille,1,1,hc,2.75,home,1.03,1
CGkxGfo2,Lille,Marseille,1,1,hc,2.75,away,30.05,1
CGkxGfo2,Lille,Marseille,1,1,hc,-2.75,home,18.07,1
CGkxGfo2,Lille,Marseille,1,1,hc,-2.75,away,1.04,1
CGkxGfo2,Lille,Marseille,1,1,hc,3.00,away,58.0,1
CGkxGfo2,Lille,Marseille,1,1,hc,-3.00,home,34.12,1
CGkxGfo2,Lille,Marseille,1,1,hc,-3.00,away,1.02,1
CGkxGfo2,Lille,Marseille,1,1,hc,3.25,away,49.25,1
CGkxGfo2,Lille,Marseille,1,1,hc,-3.25,home,35.06,1
CGkxGfo2,Lille,Marseille,1,1,hc,-3.25,away,1.02,1
CGkxGfo2,Lille,Marseille,1,1,hc,3.50,away,50.0,1
CGkxGfo2,Lille,Marseille,1,1,hc,-3.50,home,36.0,1
CGkxGfo2,Lille,Marseille,1,1,hc,-3.50,away,1.02,1
CGkxGfo2,Lille,Marseille,1,1,hc,-3.75,home,36.0,1
CGkxGfo2,Lille,Marseille,1,1,hc,0.25,home,1.57,1
CGkxGfo2,Lille,Marseille,1,1,hc,0.25,away,2.7,1
CGkxGfo2,Lille,Marseille,1,1,hc,-0.25,home,2.14,1
CGkxGfo2,Lille,Marseille,1,1,hc,-0.25,away,1.86,1
CGkxGfo2,Lille,Marseille,1,1,dc,0,home/draw,1.45,1
CGkxGfo2,Lille,Marseille,1,1,dc,0,home/away,1.39,1
CGkxGfo2,Lille,Marseille,1,1,dc,0,draw/away,1.65,1
Y39DlFiR,Auxerre,Le Havre,1,1,1x2,0,home,2.5,1
Y39DlFiR,Auxerre,Le Havre,1,1,1x2,0,draw,3.6,1
Y39DlFiR,Auxerre,Le Havre,1,1,1x2,0,away,3.1,1
Y39DlFiR,Auxerre,Le Havre,1,1,ou,0.50,over,1.06,1
Y39DlFiR,Auxerre,Le Havre,1,1,ou,0.50,under,16.0,1
Y39DlFiR,Auxerre,Le Havre,1,1,ou,1.50,over,1.27,1
Y39DlFiR,Auxerre,Le Havre,1,1,ou,1.50,under,4.5,1
Y39DlFiR,Auxerre,Le Havre,1,1,ou,2.50,over,1.83,1
Y39DlFiR,Auxerre,Le Havre,1,1,ou,2.50,under,2.16,1
Y39DlFiR,Auxerre,Le Havre,1,1,ou,3.50,over,3.1,1
Y39DlFiR,Auxerre,Le Havre,1,1,ou,3.50,under,1.45,1
Y39DlFiR,Auxerre,Le Havre,1,1,ou,4.50,over,6.4,1
Y39DlFiR,Auxerre,Le Havre,1,1,ou,4.50,under,1.18,1
Y39DlFiR,Auxerre,Le Havre,1,1,ou,5.50,over,14.0,1
Y39DlFiR,Auxerre,Le Havre,1,1,ou,5.50,under,1.07,1
Y39DlFiR,Auxerre,Le Havre,1,1,ou,6.50,over,36.0,1
Y39DlFiR,Auxerre,Le Havre,1,1,ou,6.50,under,1.02,1
Y39DlFiR,Auxerre,Le Havre,1,1,hc,0,home,1.8,1
Y39DlFiR,Auxerre,Le Havre,1,1,hc,0,away,2.23,1
Y39DlFiR,Auxerre,Le Havre,1,1,hc,0.50,home,1.47,1
Y39DlFiR,Auxerre,Le Havre,1,1,hc,0.50,away,3.1,1
Y39DlFiR,Auxerre,Le Havre,1,1,hc,-0.50,home,2.5,1
Y39DlFiR,Auxerre,Le Havre,1,1,hc,-0.50,away,1.66,1
Y39DlFiR,Auxerre,Le Havre,1,1,hc,0.75,home,1.33,1
Y39DlFiR,Auxerre,Le Havre,1,1,hc,0.75,away,3.91,1
Y39DlFiR,Auxerre,Le Havre,1,1,hc,-0.75,home,3.02,1
Y39DlFiR,Auxerre,Le Havre,1,1,hc,-0.75,away,1.48,1
Y39DlFiR,Auxerre,Le Havre,1,1,hc,1.00,home,1.19,1
Y39DlFiR,Auxerre,Le Havre,1,1,hc,1.00,away,5.74,1
Y39DlFiR,Auxerre,Le Havre,1,1,hc,-1.00,home,4.12,1
Y39DlFiR,Auxerre,Le Havre,1,1,hc,-1.00,away,1.31,1
Y39DlFiR,Auxerre,Le Havre,1,1,hc,1.25,home,1.17,1
Y39DlFiR,Auxerre,Le Havre,1,1,hc,1.25,away,6.37,1
Y39DlFiR,Auxerre,Le Havre,1,1,hc,-1.25,home,4.66,1
Y39DlFiR,Auxerre,Le Havre,1,1,hc,-1.25,away,1.26,1
Y39DlFiR,Auxerre,Le Havre,1,1,hc,1.50,home,1.15,1
Y39DlFiR,Auxerre,Le Havre,1,1,hc,1.50,away,7.0,1
Y39DlFiR,Auxerre,Le Havre,1,1,hc,-1.50,home,5.2,1
Y39DlFiR,Auxerre,Le Havre,1,1,hc,-1.50,away,1.22,1
Y39DlFiR,Auxerre,Le Havre,1,1,hc,1.75,home,1.1,1
Y39DlFiR,Auxerre,Le Havre,1,1,hc,1.75,away,9.77,1
Y39DlFiR,Auxerre,Le Havre,1,1,hc,-1.75,home,6.93,1
Y39DlFiR,Auxerre,Le Havre,1,1,hc,-1.75,away,1.15,1
Y39DlFiR,Auxerre,Le Havre,1,1,hc,2.00,home,1.05,1
Y39DlFiR,Auxerre,Le Havre,1,1,hc,2.00,away,17.36,1
Y39DlFiR,Auxerre,Le Havre,1,1,hc,-2.00,home,11.09,1
Y39DlFiR,Auxerre,Le Havre,1,1,hc,-2.00,away,1.08,1
Y39DlFiR,Auxerre,Le Havre,1,1,hc,2.25,home,1.05,1
Y39DlFiR,Auxerre,Le Havre,1,1,hc,2.25,away,18.21,1
Y39DlFiR,Auxerre,Le Havre,1,1,hc,-2.25,home,11.79,1
Y39DlFiR,Auxerre,Le Havre,1,1,hc,-2.25,away,1.08,1
Y39DlFiR,Auxerre,Le Havre,1,1,hc,2.50,home,1.04,1
Y39DlFiR,Auxerre,Le Havre,1,1,hc,2.50,away,19.07,1
Y39DlFiR,Auxerre,Le Havre,1,1,hc,-2.50,home,12.5,1
Y39DlFiR,Auxerre,Le Havre,1,1,hc,-2.50,away,1.07,1
Y39DlFiR,Auxerre,Le Havre,1,1,hc,2.75,home,1.03,1
Y39DlFiR,Auxerre,Le Havre,1,1,hc,2.75,away,28.94,1
Y39DlFiR,Auxerre,Le Havre,1,1,hc,-2.75,home,17.81,1
Y39DlFiR,Auxerre,Le Havre,1,1,hc,-2.75,away,1.05,1
Y39DlFiR,Auxerre,Le Havre,1,1,hc,3.00,away,50.09,1
Y39DlFiR,Auxerre,Le Havre,1,1,hc,-3.00,home,32.28,1
Y39DlFiR,Auxerre,Le Havre,1,1,hc,-3.00,away,1.02,1
Y39DlFiR,Auxerre,Le Havre,1,1,hc,3.25,away,50.95,1
Y39DlFiR,Auxerre,Le Havre,1,1,hc,-3.25,home,33.14,1
Y39DlFiR,Auxerre,Le Havre,1,1,hc,-3.25,away,1.02,1
Y39DlFiR,Auxerre,Le Havre,1,1,hc,3.50,away,51.81,1
Y39DlFiR,Auxerre,Le Havre,1,1,hc,-3.50,home,34.0,1
Y39DlFiR,Auxerre,Le Havre,1,1,hc,-3.50,away,1.02,1
Y39DlFiR,Auxerre,Le Havre,1,1,hc,-3.75,home,34.0,1
Y39DlFiR,Auxerre,Le Havre,1,1,hc,0.25,home,1.59,1
Y39DlFiR,Auxerre,Le Havre,1,1,hc,0.25,away,2.66,1
Y39DlFiR,Auxerre,Le Havre,1,1,hc,-0.25,home,2.15,1
Y39DlFiR,Auxerre,Le Havre,1,1,hc,-0.25,away,1.86,1
Y39DlFiR,Auxerre,Le Havre,1,1,dc,0,home/draw,1.47,1
Y39DlFiR,Auxerre,Le Havre,1,1,dc,0,home/away,1.38,1
Y39DlFiR,Auxerre,Le Havre,1,1,dc,0,draw/away,1.66,1
0xWWyx8L,Brest,Montpellier,1,1,1x2,0,home,1.39,1
0xWWyx8L,Brest,Montpellier,1,1,1x2,0,draw,5.6,1
0xWWyx8L,Brest,Montpellier,1,1,1x2,0,away,9.4,1
0xWWyx8L,Brest,Montpellier,1,1,ou,0.50,over,1.04,1
0xWWyx8L,Brest,Montpellier,1,1,ou,0.50,under,23.0,1
0xWWyx8L,Brest,Montpellier,1,1,ou,1.50,over,1.19,1
0xWWyx8L,Brest,Montpellier,1,1,ou,1.50,under,6.0,1
0xWWyx8L,Brest,Montpellier,1,1,ou,2.50,over,1.59,1
0xWWyx8L,Brest,Montpellier,1,1,ou,2.50,under,2.64,1
0xWWyx8L,Brest,Montpellier,1,1,ou,3.50,over,2.52,1
0xWWyx8L,Brest,Montpellier,1,1,ou,3.50,under,1.64,1
0xWWyx8L,Brest,Montpellier,1,1,ou,4.50,over,4.6,1
0xWWyx8L,Brest,Montpellier,1,1,ou,4.50,under,1.27,1
0xWWyx8L,Brest,Montpellier,1,1,ou,5.50,over,9.6,1
0xWWyx8L,Brest,Montpellier,1,1,ou,5.50,under,1.11,1
0xWWyx8L,Brest,Montpellier,1,1,ou,6.50,over,22.0,1
0xWWyx8L,Brest,Montpellier,1,1,ou,6.50,under,1.04,1
0xWWyx8L,Brest,Montpellier,1,1,ou,7.50,over,55.0,1
0xWWyx8L,Brest,Montpellier,1,1,hc,0,home,1.14,1
0xWWyx8L,Brest,Montpellier,1,1,hc,0,away,7.66,1
0xWWyx8L,Brest,Montpellier,1,1,hc,0.50,home,1.11,1
0xWWyx8L,Brest,Montpellier,1,1,hc,0.50,away,9.29,1
0xWWyx8L,Brest,Montpellier,1,1,hc,-0.50,home,1.39,1
0xWWyx8L,Brest,Montpellier,1,1,hc,-0.50,away,3.5,1
0xWWyx8L,Brest,Montpellier,1,1,hc,0.75,home,1.07,1
0xWWyx8L,Brest,Montpellier,1,1,hc,0.75,away,13.45,1
0xWWyx8L,Brest,Montpellier,1,1,hc,-0.75,home,1.46,1
0xWWyx8L,Brest,Montpellier,1,1,hc,-0.75,away,3.1,1
0xWWyx8L,Brest,Montpellier,1,1,hc,1.00,home,1.03,1
0xWWyx8L,Brest,Montpellier,1,1,hc,1.00,away,25.98,1
0xWWyx8L,Brest,Montpellier,1,1,hc,-1.00,home,1.57,1
0xWWyx8L,Brest,Montpellier,1,1,hc,-1.00,away,2.7,1
0xWWyx8L,Brest,Montpellier,1,1,hc,1.25,home,1.03,1
0xWWyx8L,Brest,Montpellier,1,1,hc,1.25,away,26.99,1
0xWWyx8L,Brest,Montpellier,1,1,hc,-1.25,home,1.8,1
0xWWyx8L,Brest,Montpellier,1,1,hc,-1.25,away,2.2,1
0xWWyx8L,Brest,Montpellier,1,1,hc,1.50,home,1.03,1
0xWWyx8L,Brest,Montpellier,1,1,hc,1.50,away,28.0,1
0xWWyx8L,Brest,Montpellier,1,1,hc,-1.50,home,2.04,1
0xWWyx8L,Brest,Montpellier,1,1,hc,-1.50,away,1.92,1
0xWWyx8L,Brest,Montpellier,1,1,hc,1.75,away,44.04,1
0xWWyx8L,Brest,Montpellier,1,1,hc,-1.75,home,2.33,1
0xWWyx8L,Brest,Montpellier,1,1,hc,-1.75,away,1.72,1
0xWWyx8L,Brest,Montpellier,1,1,hc,2.00,away,98.51,1
0xWWyx8L,Brest,Montpellier,1,1,hc,-2.00,home,2.83,1
0xWWyx8L,Brest,Montpellier,1,1,hc,-2.00,away,1.51,1
0xWWyx8L,Brest,Montpellier,1,1,hc,2.25,away,99.75,1
0xWWyx8L,Brest,Montpellier,1,1,hc,-2.25,home,3.19,1
0xWWyx8L,Brest,Montpellier,1,1,hc,-2.25,away,1.42,1
0xWWyx8L,Brest,Montpellier,1,1,hc,-2.50,home,3.56,1
0xWWyx8L,Brest,Montpellier,1,1,hc,-2.50,away,1.36,1
0xWWyx8L,Brest,Montpellier,1,1,hc,-2.75,home,4.46,1
0xWWyx8L,Brest,Montpellier,1,1,hc,-2.75,away,1.26,1
0xWWyx8L,Brest,Montpellier,1,1,hc,-3.00,home,6.23,1
0xWWyx8L,Brest,Montpellier,1,1,hc,-3.00,away,1.16,1
0xWWyx8L,Brest,Montpellier,1,1,hc,-3.25,home,6.74,1
0xWWyx8L,Brest,Montpellier,1,1,hc,-3.25,away,1.15,1
0xWWyx8L,Brest,Montpellier,1,1,hc,-3.50,home,7.25,1
0xWWyx8L,Brest,Montpellier,1,1,hc,-3.50,away,1.14,1
0xWWyx8L,Brest,Montpellier,1,1,hc,-3.75,home,9.83,1
0xWWyx8L,Brest,Montpellier,1,1,hc,-3.75,away,1.09,1
0xWWyx8L,Brest,Montpellier,1,1,hc,-4.00,home,11.21,1
0xWWyx8L,Brest,Montpellier,1,1,hc,-4.00,away,1.05,1
0xWWyx8L,Brest,Montpellier,1,1,hc,0.25,home,1.12,1
0xWWyx8L,Brest,Montpellier,1,1,hc,0.25,away,8.48,1
0xWWyx8L,Brest,Montpellier,1,1,hc,-0.25,home,1.26,1
0xWWyx8L,Brest,Montpellier,1,1,hc,-0.25,away,4.63,1
0xWWyx8L,Brest,Montpellier,1,1,dc,0,home/draw,1.11,1
0xWWyx8L,Brest,Montpellier,1,1,dc,0,home/away,1.21,1
0xWWyx8L,Brest,Montpellier,1,1,dc,0,draw/away,3.5,1
GldTHGGk,Lyon,Lens,1,1,1x2,0,home,1.47,1
GldTHGGk,Lyon,Lens,1,1,1x2,0,draw,5.4,1
GldTHGGk,Lyon,Lens,1,1,1x2,0,away,7.2,1
GldTHGGk,Lyon,Lens,1,1,ou,0.50,over,1.03,1
GldTHGGk,Lyon,Lens,1,1,ou,0.50,under,30.0,1
GldTHGGk,Lyon,Lens,1,1,ou,1.50,over,1.15,1
GldTHGGk,Lyon,Lens,1,1,ou,1.50,under,7.4,1
GldTHGGk,Lyon,Lens,1,1,ou,2.50,over,1.45,1
GldTHGGk,Lyon,Lens,1,1,ou,2.50,under,3.1,1
GldTHGGk,Lyon,Lens,1,1,ou,3.50,over,2.12,1
GldTHGGk,Lyon,Lens,1,1,ou,3.50,under,1.86,1
GldTHGGk,Lyon,Lens,1,1,ou,4.50,over,3.6,1
GldTHGGk,Lyon,Lens,1,1,ou,4.50,under,1.37,1
GldTHGGk,Lyon,Lens,1,1,ou,5.50,over,7.0,1
GldTHGGk,Lyon,Lens,1,1,ou,5.50,under,1.16,1
GldTHGGk,Lyon,Lens,1,1,ou,6.50,over,15.5,1
GldTHGGk,Lyon,Lens,1,1,ou,6.50,under,1.06,1
GldTHGGk,Lyon,Lens,1,1,ou,7.50,over,36.0,1
GldTHGGk,Lyon,Lens,1,1,ou,7.50,under,1.02,1
GldTHGGk,Lyon,Lens,1,1,hc,0,home,1.2,1
GldTHGGk,Lyon,Lens,1,1,hc,0,away,5.74,1
GldTHGGk,Lyon,Lens,1,1,hc,0.50,home,1.16,1
GldTHGGk,Lyon,Lens,1,1,hc,0.50,away,7.01,1
GldTHGGk,Lyon,Lens,1,1,hc,-0.50,home,1.47,1
GldTHGGk,Lyon,Lens,1,1,hc,-0.50,away,3.08,1
GldTHGGk,Lyon,Lens,1,1,hc,0.75,home,1.1,1
GldTHGGk,Lyon,Lens,1,1,hc,0.75,away,9.59,1
GldTHGGk,Lyon,Lens,1,1,hc,-0.75,home,1.56,1
GldTHGGk,Lyon,Lens,1,1,hc,-0.75,away,2.73,1
GldTHGGk,Lyon,Lens,1,1,hc,1.00,home,1.05,1
GldTHGGk,Lyon,Lens,1,1,hc,1.00,away,16.0,1
GldTHGGk,Lyon,Lens,1,1,hc,-1.00,home,1.7,1
GldTHGGk,Lyon,Lens,1,1,hc,-1.00,away,2.37,1
GldTHGGk,Lyon,Lens,1,1,hc,1.25,home,1.05,1
GldTHGGk,Lyon,Lens,1,1,hc,1.25,away,16.75,1
GldTHGGk,Lyon,Lens,1,1,hc,-1.25,home,1.95,1
GldTHGGk,Lyon,Lens,1,1,hc,-1.25,away,2.02,1
GldTHGGk,Lyon,Lens,1,1,hc,1.50,home,1.05,1
GldTHGGk,Lyon,Lens,1,1,hc,1.50,away,17.5,1
GldTHGGk,Lyon,Lens,1,1,hc,-1.50,home,2.2,1
GldTHGGk,Lyon,Lens,1,1,hc,-1.50,away,1.8,1
GldTHGGk,Lyon,Lens,1,1,hc,1.75,home,1.03,1
GldTHGGk,Lyon,Lens,1,1,hc,1.75,away,25.56,1
GldTHGGk,Lyon,Lens,1,1,hc,-1.75,home,2.53,1
GldTHGGk,Lyon,Lens,1,1,hc,-1.75,away,1.62,1
GldTHGGk,Lyon,Lens,1,1,hc,2.00,away,49.08,1
GldTHGGk,Lyon,Lens,1,1,hc,-2.00,home,3.12,1
GldTHGGk,Lyon,Lens,1,1,hc,-2.00,away,1.44,1
GldTHGGk,Lyon,Lens,1,1,hc,2.25,away,50.05,1
GldTHGGk,Lyon,Lens,1,1,hc,-2.25,home,3.49,1
GldTHGGk,Lyon,Lens,1,1,hc,-2.25,away,1.37,1
GldTHGGk,Lyon,Lens,1,1,hc,2.50,away,50.0,1
GldTHGGk,Lyon,Lens,1,1,hc,-2.50,home,3.85,1
GldTHGGk,Lyon,Lens,1,1,hc,-2.50,away,1.32,1
GldTHGGk,Lyon,Lens,1,1,hc,2.75,away,79.83,1
GldTHGGk,Lyon,Lens,1,1,hc,-2.75,home,4.79,1
GldTHGGk,Lyon,Lens,1,1,hc,-2.75,away,1.23,1
GldTHGGk,Lyon,Lens,1,1,hc,-3.00,home,6.62,1
GldTHGGk,Lyon,Lens,1,1,hc,-3.00,away,1.15,1
GldTHGGk,Lyon,Lens,1,1,hc,-3.25,home,7.11,1
GldTHGGk,Lyon,Lens,1,1,hc,-3.25,away,1.14,1
GldTHGGk,Lyon,Lens,1,1,hc,-3.50,home,7.6,1
GldTHGGk,Lyon,Lens,1,1,hc,-3.50,away,1.13,1
GldTHGGk,Lyon,Lens,1,1,hc,-3.75,home,9.66,1
GldTHGGk,Lyon,Lens,1,1,hc,-3.75,away,1.09,1
GldTHGGk,Lyon,Lens,1,1,hc,-4.00,home,11.57,1
GldTHGGk,Lyon,Lens,1,1,hc,-4.00,away,1.05,1
GldTHGGk,Lyon,Lens,1,1,hc,0.25,home,1.18,1
GldTHGGk,Lyon,Lens,1,1,hc,0.25,away,6.37,1
GldTHGGk,Lyon,Lens,1,1,hc,-0.25,home,1.33,1
GldTHGGk,Lyon,Lens,1,1,hc,-0.25,away,3.89,1
GldTHGGk,Lyon,Lens,1,1,dc,0,home/draw,1.15,1
GldTHGGk,Lyon,Lens,1,1,dc,0,home/away,1.22,1
GldTHGGk,Lyon,Lens,1,1,dc,0,draw/away,3.05,1
xIPAUg0e,Nantes,Angers,0,0,1x2,0,home,2.0,1
xIPAUg0e,Nantes,Angers,0,0,1x2,0,draw,3.45,1
xIPAUg0e,Nantes,Angers,0,0,1x2,0,away,4.7,1
xIPAUg0e,Nantes,Angers,0,0,ou,0.50,over,1.1,1
xIPAUg0e,Nantes,Angers,0,0,ou,0.50,under,10.5,1
xIPAUg0e,Nantes,Angers,0,0,ou,1.50,over,1.4,1
xIPAUg0e,Nantes,Angers,0,0,ou,1.50,under,3.35,1
xIPAUg0e,Nantes,Angers,0,0,ou,2.50,over,2.24,1
xIPAUg0e,Nantes,Angers,0,0,ou,2.50,under,1.77,1
xIPAUg0e,Nantes,Angers,0,0,ou,3.50,over,4.2,1
xIPAUg0e,Nantes,Angers,0,0,ou,3.50,under,1.29,1
xIPAUg0e,Nantes,Angers,0,0,ou,4.50,over,9.8,1
xIPAUg0e,Nantes,Angers,0,0,ou,4.50,under,1.1,1
xIPAUg0e,Nantes,Angers,0,0,ou,5.50,over,24.0,1
xIPAUg0e,Nantes,Angers,0,0,ou,5.50,under,1.03,1
xIPAUg0e,Nantes,Angers,0,0,ou,6.50,over,60.0,1
xIPAUg0e,Nantes,Angers,0,0,hc,0,home,1.43,1
xIPAUg0e,Nantes,Angers,0,0,hc,0,away,3.28,1
xIPAUg0e,Nantes,Angers,0,0,hc,0.50,home,1.27,1
xIPAUg0e,Nantes,Angers,0,0,hc,0.50,away,4.61,1
xIPAUg0e,Nantes,Angers,0,0,hc,-0.50,home,2.02,1
xIPAUg0e,Nantes,Angers,0,0,hc,-0.50,away,1.98,1
xIPAUg0e,Nantes,Angers,0,0,hc,0.75,home,1.17,1
xIPAUg0e,Nantes,Angers,0,0,hc,0.75,away,6.38,1
xIPAUg0e,Nantes,Angers,0,0,hc,-0.75,home,2.35,1
xIPAUg0e,Nantes,Angers,0,0,hc,-0.75,away,1.73,1
xIPAUg0e,Nantes,Angers,0,0,hc,1.00,home,1.08,1
xIPAUg0e,Nantes,Angers,0,0,hc,1.00,away,11.61,1
xIPAUg0e,Nantes,Angers,0,0,hc,-1.00,home,3.01,1
xIPAUg0e,Nantes,Angers,0,0,hc,-1.00,away,1.47,1
xIPAUg0e,Nantes,Angers,0,0,hc,1.25,home,1.07,1
xIPAUg0e,Nantes,Angers,0,0,hc,1.25,away,12.53,1
xIPAUg0e,Nantes,Angers,0,0,hc,-1.25,home,3.5,1
xIPAUg0e,Nantes,Angers,0,0,hc,-1.25,away,1.38,1
xIPAUg0e,Nantes,Angers,0,0,hc,1.50,home,1.07,1
xIPAUg0e,Nantes,Angers,0,0,hc,1.50,away,13.5,1
xIPAUg0e,Nantes,Angers,0,0,hc,-1.50,home,4.0,1
xIPAUg0e,Nantes,Angers,0,0,hc,-1.50,away,1.31,1
xIPAUg0e,Nantes,Angers,0,0,hc,1.75,home,1.04,1
xIPAUg0e,Nantes,Angers,0,0,hc,1.75,away,20.68,1
xIPAUg0e,Nantes,Angers,0,0,hc,-1.75,home,5.29,1
xIPAUg0e,Nantes,Angers,0,0,hc,-1.75,away,1.22,1
xIPAUg0e,Nantes,Angers,0,0,hc,2.00,away,47.29,1
xIPAUg0e,Nantes,Angers,0,0,hc,-2.00,home,8.5,1
xIPAUg0e,Nantes,Angers,0,0,hc,-2.00,away,1.12,1
xIPAUg0e,Nantes,Angers,0,0,hc,2.25,away,48.64,1
xIPAUg0e,Nantes,Angers,0,0,hc,-2.25,home,9.25,1
xIPAUg0e,Nantes,Angers,0,0,hc,-2.25,away,1.11,1
xIPAUg0e,Nantes,Angers,0,0,hc,2.50,away,50.0,1
xIPAUg0e,Nantes,Angers,0,0,hc,-2.50,home,10.0,1
xIPAUg0e,Nantes,Angers,0,0,hc,-2.50,away,1.1,1
xIPAUg0e,Nantes,Angers,0,0,hc,2.75,away,79.4,1
xIPAUg0e,Nantes,Angers,0,0,hc,-2.75,home,14.5,1
xIPAUg0e,Nantes,Angers,0,0,hc,-2.75,away,1.06,1
xIPAUg0e,Nantes,Angers,0,0,hc,-3.00,home,28.02,1
xIPAUg0e,Nantes,Angers,0,0,hc,-3.00,away,1.02,1
xIPAUg0e,Nantes,Angers,0,0,hc,-3.25,home,29.01,1
xIPAUg0e,Nantes,Angers,0,0,hc,-3.25,away,1.02,1
xIPAUg0e,Nantes,Angers,0,0,hc,-3.50,home,30.0,1
xIPAUg0e,Nantes,Angers,0,0,hc,-3.50,away,1.02,1
xIPAUg0e,Nantes,Angers,0,0,hc,-3.75,home,30.0,1
xIPAUg0e,Nantes,Angers,0,0,hc,0.25,home,1.33,1
xIPAUg0e,Nantes,Angers,0,0,hc,0.25,away,3.94,1
xIPAUg0e,Nantes,Angers,0,0,hc,-0.25,home,1.72,1
xIPAUg0e,Nantes,Angers,0,0,hc,-0.25,away,2.37,1
xIPAUg0e,Nantes,Angers,0,0,dc,0,home/draw,1.26,1
xIPAUg0e,Nantes,Angers,0,0,dc,0,home/away,1.4,1
xIPAUg0e,Nantes,Angers,0,0,dc,0,draw/away,1.98,1
G2y2WFVr,St Etienne,Monaco,1,1,1x2,0,home,7.0,1
G2y2WFVr,St Etienne,Monaco,1,1,1x2,0,draw,5.4,1
G2y2WFVr,St Etienne,Monaco,1,1,1x2,0,away,1.48,1
G2y2WFVr,St Etienne,Monaco,1,1,ou,0.50,over,1.02,1
G2y2WFVr,St Etienne,Monaco,1,1,ou,0.50,under,40.0,1
G2y2WFVr,St Etienne,Monaco,1,1,ou,1.50,over,1.12,1
G2y2WFVr,St Etienne,Monaco,1,1,ou,1.50,under,9.0,1
G2y2WFVr,St Etienne,Monaco,1,1,ou,2.50,over,1.38,1
G2y2WFVr,St Etienne,Monaco,1,1,ou,2.50,under,3.6,1
G2y2WFVr,St Etienne,Monaco,1,1,ou,3.50,over,1.92,1
G2y2WFVr,St Etienne,Monaco,1,1,ou,3.50,under,2.04,1
G2y2WFVr,St Etienne,Monaco,1,1,ou,4.50,over,3.1,1
G2y2WFVr,St Etienne,Monaco,1,1,ou,4.50,under,1.46,1
G2y2WFVr,St Etienne,Monaco,1,1,ou,5.50,over,5.7,1
G2y2WFVr,St Etienne,Monaco,1,1,ou,5.50,under,1.2,1
G2y2WFVr,St Etienne,Monaco,1,1,ou,6.50,over,12.0,1
G2y2WFVr,St Etienne,Monaco,1,1,ou,6.50,under,1.08,1
G2y2WFVr,St Etienne,Monaco,1,1,ou,7.50,over,26.0,1
G2y2WFVr,St Etienne,Monaco,1,1,ou,7.50,under,1.03,1
G2y2WFVr,St Etienne,Monaco,1,1,ou,8.50,over,55.0,1
G2y2WFVr,St Etienne,Monaco,1,1,hc,0,home,5.71,1
G2y2WFVr,St Etienne,Monaco,1,1,hc,0,away,1.2,1
G2y2WFVr,St Etienne,Monaco,1,1,hc,0.50,home,3.05,1
G2y2WFVr,St Etienne,Monaco,1,1,hc,0.50,away,1.48,1
G2y2WFVr,St Etienne,Monaco,1,1,hc,-0.50,home,7.01,1
G2y2WFVr,St Etienne,Monaco,1,1,hc,-0.50,away,1.16,1
G2y2WFVr,St Etienne,Monaco,1,1,hc,0.75,home,2.71,1
G2y2WFVr,St Etienne,Monaco,1,1,hc,0.75,away,1.56,1
G2y2WFVr,St Etienne,Monaco,1,1,hc,-0.75,home,9.74,1
G2y2WFVr,St Etienne,Monaco,1,1,hc,-0.75,away,1.1,1
G2y2WFVr,St Etienne,Monaco,1,1,hc,1.00,home,2.38,1
G2y2WFVr,St Etienne,Monaco,1,1,hc,1.00,away,1.7,1
G2y2WFVr,St Etienne,Monaco,1,1,hc,-1.00,home,16.9,1
G2y2WFVr,St Etienne,Monaco,1,1,hc,-1.00,away,1.05,1
G2y2WFVr,St Etienne,Monaco,1,1,hc,1.25,home,2.04,1
G2y2WFVr,St Etienne,Monaco,1,1,hc,1.25,away,1.93,1
G2y2WFVr,St Etienne,Monaco,1,1,hc,-1.25,home,17.73,1
G2y2WFVr,St Etienne,Monaco,1,1,hc,-1.25,away,1.05,1
G2y2WFVr,St Etienne,Monaco,1,1,hc,1.50,home,1.83,1
G2y2WFVr,St Etienne,Monaco,1,1,hc,1.50,away,2.16,1
G2y2WFVr,St Etienne,Monaco,1,1,hc,-1.50,home,18.55,1
G2y2WFVr,St Etienne,Monaco,1,1,hc,-1.50,away,1.05,1
G2y2WFVr,St Etienne,Monaco,1,1,hc,1.75,home,1.65,1
G2y2WFVr,St Etienne,Monaco,1,1,hc,1.75,away,2.45,1
G2y2WFVr,St Etienne,Monaco,1,1,hc,-1.75,home,27.25,1
G2y2WFVr,St Etienne,Monaco,1,1,hc,-1.75,away,1.03,1
G2y2WFVr,St Etienne,Monaco,1,1,hc,2.00,home,1.48,1
G2y2WFVr,St Etienne,Monaco,1,1,hc,2.00,away,2.96,1
G2y2WFVr,St Etienne,Monaco,1,1,hc,-2.00,home,53.08,1
G2y2WFVr,St Etienne,Monaco,1,1,hc,2.25,home,1.41,1
G2y2WFVr,St Etienne,Monaco,1,1,hc,2.25,away,3.3,1
G2y2WFVr,St Etienne,Monaco,1,1,hc,-2.25,home,54.04,1
G2y2WFVr,St Etienne,Monaco,1,1,hc,2.50,home,1.36,1
G2y2WFVr,St Etienne,Monaco,1,1,hc,2.50,away,3.65,1
G2y2WFVr,St Etienne,Monaco,1,1,hc,-2.50,home,55.0,1
G2y2WFVr,St Etienne,Monaco,1,1,hc,2.75,home,1.26,1
G2y2WFVr,St Etienne,Monaco,1,1,hc,2.75,away,4.51,1
G2y2WFVr,St Etienne,Monaco,1,1,hc,-2.75,home,85.7,1
G2y2WFVr,St Etienne,Monaco,1,1,hc,3.00,home,1.17,1
G2y2WFVr,St Etienne,Monaco,1,1,hc,3.00,away,6.15,1
G2y2WFVr,St Etienne,Monaco,1,1,hc,3.25,home,1.16,1
G2y2WFVr,St Etienne,Monaco,1,1,hc,3.25,away,6.61,1
G2y2WFVr,St Etienne,Monaco,1,1,hc,3.50,home,1.15,1
G2y2WFVr,St Etienne,Monaco,1,1,hc,3.50,away,7.07,1
G2y2WFVr,St Etienne,Monaco,1,1,hc,3.75,home,1.1,1
G2y2WFVr,St Etienne,Monaco,1,1,hc,3.75,away,9.42,1
G2y2WFVr,St Etienne,Monaco,1,1,hc,4.00,home,1.06,1
G2y2WFVr,St Etienne,Monaco,1,1,hc,4.00,away,13.5,1
G2y2WFVr,St Etienne,Monaco,1,1,hc,0.25,home,3.85,1
G2y2WFVr,St Etienne,Monaco,1,1,hc,0.25,away,1.34,1
G2y2WFVr,St Etienne,Monaco,1,1,hc,-0.25,home,6.36,1
G2y2WFVr,St Etienne,Monaco,1,1,hc,-0.25,away,1.18,1
G2y2WFVr,St Etienne,Monaco,1,1,dc,0,home/draw,3.05,1
G2y2WFVr,St Etienne,Monaco,1,1,dc,0,home/away,1.22,1
G2y2WFVr,St Etienne,Monaco,1,1,dc,0,draw/away,1.16,1
prTISXU7,Toulouse,Rennes,2,2,1x2,0,home,2.22,1
prTISXU7,Toulouse,Rennes,2,2,1x2,0,draw,3.65,1
prTISXU7,Toulouse,Rennes,2,2,1x2,0,away,3.55,1
prTISXU7,Toulouse,Rennes,2,2,ou,0.50,over,1.06,1
prTISXU7,Toulouse,Rennes,2,2,ou,0.50,under,16.0,1
prTISXU7,Toulouse,Rennes,2,2,ou,1.50,over,1.26,1
prTISXU7,Toulouse,Rennes,2,2,ou,1.50,under,4.7,1
prTISXU7,Toulouse,Rennes,2,2,ou,2.50,over,1.79,1
prTISXU7,Toulouse,Rennes,2,2,ou,2.50,under,2.26,1
prTISXU7,Toulouse,Rennes,2,2,ou,3.50,over,2.98,1
prTISXU7,Toulouse,Rennes,2,2,ou,3.50,under,1.49,1
prTISXU7,Toulouse,Rennes,2,2,ou,4.50,over,6.0,1
prTISXU7,Toulouse,Rennes,2,2,ou,4.50,under,1.19,1
prTISXU7,Toulouse,Rennes,2,2,ou,5.50,over,13.5,1
prTISXU7,Toulouse,Rennes,2,2,ou,5.50,under,1.07,1
prTISXU7,Toulouse,Rennes,2,2,ou,6.50,over,34.0,1
prTISXU7,Toulouse,Rennes,2,2,ou,6.50,under,1.02,1
prTISXU7,Toulouse,Rennes,2,2,hc,0,home,1.62,1
prTISXU7,Toulouse,Rennes,2,2,hc,0,away,2.61,1
prTISXU7,Toulouse,Rennes,2,2,hc,0.50,home,1.38,1
prTISXU7,Toulouse,Rennes,2,2,hc,0.50,away,3.57,1
prTISXU7,Toulouse,Rennes,2,2,hc,-0.50,home,2.21,1
prTISXU7,Toulouse,Rennes,2,2,hc,-0.50,away,1.81,1
prTISXU7,Toulouse,Rennes,2,2,hc,0.75,home,1.27,1
prTISXU7,Toulouse,Rennes,2,2,hc,0.75,away,4.58,1
prTISXU7,Toulouse,Rennes,2,2,hc,-0.75,home,2.61,1
prTISXU7,Toulouse,Rennes,2,2,hc,-0.75,away,1.61,1
prTISXU7,Toulouse,Rennes,2,2,hc,1.00,home,1.16,1
prTISXU7,Toulouse,Rennes,2,2,hc,1.00,away,6.76,1
prTISXU7,Toulouse,Rennes,2,2,hc,-1.00,home,3.38,1
prTISXU7,Toulouse,Rennes,2,2,hc,-1.00,away,1.4,1
prTISXU7,Toulouse,Rennes,2,2,hc,1.25,home,1.15,1
prTISXU7,Toulouse,Rennes,2,2,hc,1.25,away,7.38,1
prTISXU7,Toulouse,Rennes,2,2,hc,-1.25,home,3.85,1
prTISXU7,Toulouse,Rennes,2,2,hc,-1.25,away,1.33,1
prTISXU7,Toulouse,Rennes,2,2,hc,1.50,home,1.13,1
prTISXU7,Toulouse,Rennes,2,2,hc,1.50,away,8.0,1
prTISXU7,Toulouse,Rennes,2,2,hc,-1.50,home,4.33,1
prTISXU7,Toulouse,Rennes,2,2,hc,-1.50,away,1.28,1
prTISXU7,Toulouse,Rennes,2,2,hc,1.75,home,1.09,1
prTISXU7,Toulouse,Rennes,2,2,hc,1.75,away,11.41,1
prTISXU7,Toulouse,Rennes,2,2,hc,-1.75,home,5.66,1
prTISXU7,Toulouse,Rennes,2,2,hc,-1.75,away,1.2,1
prTISXU7,Toulouse,Rennes,2,2,hc,2.00,home,1.04,1
prTISXU7,Toulouse,Rennes,2,2,hc,2.00,away,21.19,1
prTISXU7,Toulouse,Rennes,2,2,hc,-2.00,home,8.49,1
prTISXU7,Toulouse,Rennes,2,2,hc,-2.00,away,1.11,1
prTISXU7,Toulouse,Rennes,2,2,hc,2.25,home,1.04,1
prTISXU7,Toulouse,Rennes,2,2,hc,2.25,away,22.09,1
prTISXU7,Toulouse,Rennes,2,2,hc,-2.25,home,8.99,1
prTISXU7,Toulouse,Rennes,2,2,hc,-2.25,away,1.11,1
prTISXU7,Toulouse,Rennes,2,2,hc,2.50,home,1.04,1
prTISXU7,Toulouse,Rennes,2,2,hc,2.50,away,23.0,1
prTISXU7,Toulouse,Rennes,2,2,hc,-2.50,home,9.6,1
prTISXU7,Toulouse,Rennes,2,2,hc,-2.50,away,1.1,1
prTISXU7,Toulouse,Rennes,2,2,hc,2.75,home,1.02,1
prTISXU7,Toulouse,Rennes,2,2,hc,2.75,away,35.17,1
prTISXU7,Toulouse,Rennes,2,2,hc,-2.75,home,13.73,1
prTISXU7,Toulouse,Rennes,2,2,hc,-2.75,away,1.06,1
prTISXU7,Toulouse,Rennes,2,2,hc,3.00,away,61.92,1
prTISXU7,Toulouse,Rennes,2,2,hc,-3.00,home,25.32,1
prTISXU7,Toulouse,Rennes,2,2,hc,-3.00,away,1.03,1
prTISXU7,Toulouse,Rennes,2,2,hc,3.25,away,62.8,1
prTISXU7,Toulouse,Rennes,2,2,hc,-3.25,home,26.16,1
prTISXU7,Toulouse,Rennes,2,2,hc,-3.25,away,1.03,1
prTISXU7,Toulouse,Rennes,2,2,hc,3.50,away,63.69,1
prTISXU7,Toulouse,Rennes,2,2,hc,-3.50,home,27.0,1
prTISXU7,Toulouse,Rennes,2,2,hc,-3.50,away,1.03,1
prTISXU7,Toulouse,Rennes,2,2,hc,-3.75,home,27.0,1
prTISXU7,Toulouse,Rennes,2,2,hc,0.25,home,1.47,1
prTISXU7,Toulouse,Rennes,2,2,hc,0.25,away,3.09,1
prTISXU7,Toulouse,Rennes,2,2,hc,-0.25,home,1.91,1
prTISXU7,Toulouse,Rennes,2,2,hc,-0.25,away,2.08,1
prTISXU7,Toulouse,Rennes,2,2,dc,0,home/draw,1.38,1
prTISXU7,Toulouse,Rennes,2,2,dc,0,home/away,1.36,1
prTISXU7,Toulouse,Rennes,2,2,dc,0,draw/away,1.81,1
0jB5jyNE,Strasbourg,PSG,2,2,1x2,0,home,2.5,1
0jB5jyNE,Strasbourg,PSG,2,2,1x2,0,draw,3.9,1
0jB5jyNE,Strasbourg,PSG,2,2,1x2,0,away,2.9,1
0jB5jyNE,Strasbourg,PSG,2,2,ou,0.50,over,1.04,1
0jB5jyNE,Strasbourg,PSG,2,2,ou,0.50,under,25.0,1
0jB5jyNE,Strasbourg,PSG,2,2,ou,1.50,over,1.17,1
0jB5jyNE,Strasbourg,PSG,2,2,ou,1.50,under,6.4,1
0jB5jyNE,Strasbourg,PSG,2,2,ou,2.50,over,1.54,1
0jB5jyNE,Strasbourg,PSG,2,2,ou,2.50,under,2.8,1
0jB5jyNE,Strasbourg,PSG,2,2,ou,3.50,over,2.32,1
0jB5jyNE,Strasbourg,PSG,2,2,ou,3.50,under,1.73,1
0jB5jyNE,Strasbourg,PSG,2,2,ou,4.50,over,4.0,1
0jB5jyNE,Strasbourg,PSG,2,2,ou,4.50,under,1.32,1
0jB5jyNE,Strasbourg,PSG,2,2,ou,5.50,over,8.2,1
0jB5jyNE,Strasbourg,PSG,2,2,ou,5.50,under,1.13,1
0jB5jyNE,Strasbourg,PSG,2,2,ou,6.50,over,18.0,1
0jB5jyNE,Strasbourg,PSG,2,2,ou,6.50,under,1.05,1
0jB5jyNE,Strasbourg,PSG,2,2,ou,7.50,over,42.0,1
0jB5jyNE,Strasbourg,PSG,2,2,hc,0,home,1.86,1
0jB5jyNE,Strasbourg,PSG,2,2,hc,0,away,2.13,1
0jB5jyNE,Strasbourg,PSG,2,2,hc,0.50,home,1.52,1
0jB5jyNE,Strasbourg,PSG,2,2,hc,0.50,away,2.86,1
0jB5jyNE,Strasbourg,PSG,2,2,hc,-0.50,home,2.5,1
0jB5jyNE,Strasbourg,PSG,2,2,hc,-0.50,away,1.65,1
0jB5jyNE,Strasbourg,PSG,2,2,hc,0.75,home,1.39,1
0jB5jyNE,Strasbourg,PSG,2,2,hc,0.75,away,3.47,1
0jB5jyNE,Strasbourg,PSG,2,2,hc,-0.75,home,2.97,1
0jB5jyNE,Strasbourg,PSG,2,2,hc,-0.75,away,1.49,1
0jB5jyNE,Strasbourg,PSG,2,2,hc,1.00,home,1.25,1
0jB5jyNE,Strasbourg,PSG,2,2,hc,1.00,away,4.64,1
0jB5jyNE,Strasbourg,PSG,2,2,hc,-1.00,home,3.87,1
0jB5jyNE,Strasbourg,PSG,2,2,hc,-1.00,away,1.33,1
0jB5jyNE,Strasbourg,PSG,2,2,hc,1.25,home,1.22,1
0jB5jyNE,Strasbourg,PSG,2,2,hc,1.25,away,5.12,1
0jB5jyNE,Strasbourg,PSG,2,2,hc,-1.25,home,4.33,1
0jB5jyNE,Strasbourg,PSG,2,2,hc,-1.25,away,1.29,1
0jB5jyNE,Strasbourg,PSG,2,2,hc,1.50,home,1.2,1
0jB5jyNE,Strasbourg,PSG,2,2,hc,1.50,away,5.6,1
0jB5jyNE,Strasbourg,PSG,2,2,hc,-1.50,home,4.78,1
0jB5jyNE,Strasbourg,PSG,2,2,hc,-1.50,away,1.25,1
0jB5jyNE,Strasbourg,PSG,2,2,hc,1.75,home,1.14,1
0jB5jyNE,Strasbourg,PSG,2,2,hc,1.75,away,7.5,1
0jB5jyNE,Strasbourg,PSG,2,2,hc,-1.75,home,6.27,1
0jB5jyNE,Strasbourg,PSG,2,2,hc,-1.75,away,1.18,1
0jB5jyNE,Strasbourg,PSG,2,2,hc,2.00,home,1.08,1
0jB5jyNE,Strasbourg,PSG,2,2,hc,2.00,away,11.8,1
0jB5jyNE,Strasbourg,PSG,2,2,hc,-2.00,home,9.33,1
0jB5jyNE,Strasbourg,PSG,2,2,hc,-2.00,away,1.1,1
0jB5jyNE,Strasbourg,PSG,2,2,hc,2.25,home,1.07,1
0jB5jyNE,Strasbourg,PSG,2,2,hc,2.25,away,12.44,1
0jB5jyNE,Strasbourg,PSG,2,2,hc,-2.25,home,9.91,1
0jB5jyNE,Strasbourg,PSG,2,2,hc,-2.25,away,1.09,1
0jB5jyNE,Strasbourg,PSG,2,2,hc,2.50,home,1.07,1
0jB5jyNE,Strasbourg,PSG,2,2,hc,2.50,away,13.09,1
0jB5jyNE,Strasbourg,PSG,2,2,hc,-2.50,home,10.5,1
0jB5jyNE,Strasbourg,PSG,2,2,hc,-2.50,away,1.09,1
0jB5jyNE,Strasbourg,PSG,2,2,hc,2.75,home,1.04,1
0jB5jyNE,Strasbourg,PSG,2,2,hc,2.75,away,18.73,1
0jB5jyNE,Strasbourg,PSG,2,2,hc,-2.75,home,14.81,1
0jB5jyNE,Strasbourg,PSG,2,2,hc,-2.75,away,1.06,1
0jB5jyNE,Strasbourg,PSG,2,2,hc,3.00,home,1.02,1
0jB5jyNE,Strasbourg,PSG,2,2,hc,3.00,away,34.33,1
0jB5jyNE,Strasbourg,PSG,2,2,hc,-3.00,home,26.33,1
0jB5jyNE,Strasbourg,PSG,2,2,hc,-3.00,away,1.03,1
0jB5jyNE,Strasbourg,PSG,2,2,hc,3.25,home,1.02,1
0jB5jyNE,Strasbourg,PSG,2,2,hc,3.25,away,35.16,1
0jB5jyNE,Strasbourg,PSG,2,2,hc,-3.25,home,27.16,1
0jB5jyNE,Strasbourg,PSG,2,2,hc,-3.25,away,1.02,1
0jB5jyNE,Strasbourg,PSG,2,2,hc,3.50,home,1.02,1
0jB5jyNE,Strasbourg,PSG,2,2,hc,3.50,away,36.0,1
0jB5jyNE,Strasbourg,PSG,2,2,hc,-3.50,home,28.0,1
0jB5jyNE,Strasbourg,PSG,2,2,hc,-3.50,away,1.02,1
0jB5jyNE,Strasbourg,PSG,2,2,hc,3.75,away,36.0,1
0jB5jyNE,Strasbourg,PSG,2,2,hc,-3.75,home,28.0,1
0jB5jyNE,Strasbourg,PSG,2,2,hc,0.25,home,1.65,1
0jB5jyNE,Strasbourg,PSG,2,2,hc,0.25,away,2.49,1
0jB5jyNE,Strasbourg,PSG,2,2,hc,-0.25,home,2.18,1
0jB5jyNE,Strasbourg,PSG,2,2,hc,-0.25,away,1.83,1
0jB5jyNE,Strasbourg,PSG,2,2,dc,0,home/draw,1.52,1
0jB5jyNE,Strasbourg,PSG,2,2,dc,0,home/away,1.34,1
0jB5jyNE,Strasbourg,PSG,2,2,dc,0,draw/away,1.66,1
