match_id,home,away,home_score,away_score,market,line,side,avg_odds,n_bookies
WA1QCjWq,Braunschweig,Saarbrucken,2,2,1x2,0,home,2.12,1
WA1QCjWq,Braunschweig,Saarbrucken,2,2,1x2,0,draw,3.85,1
WA1QCjWq,Braunschweig,Saarbrucken,2,2,1x2,0,away,3.6,1
WA1QCjWq,Braunschweig,Saarbrucken,2,2,ou,0.50,over,1.05,1
WA1QCjWq,Braunschweig,Saarbrucken,2,2,ou,0.50,under,19.0,1
WA1QCjWq,Braunschweig,Saarbrucken,2,2,ou,1.50,over,1.25,1
WA1QCjWq,Braunschweig,Saarbrucken,2,2,ou,1.50,under,4.8,1
WA1QCjWq,Braunschweig,Saarbrucken,2,2,ou,2.50,over,1.78,1
WA1QCjWq,Braunschweig,Saarbrucken,2,2,ou,2.50,under,2.28,1
WA1QCjWq,Braunschweig,Saarbrucken,2,2,ou,3.50,over,2.88,1
WA1QCjWq,Braunschweig,Saarbrucken,2,2,ou,3.50,under,1.51,1
WA1QCjWq,Braunschweig,Saarbrucken,2,2,ou,4.50,over,5.8,1
WA1QCjWq,Braunschweig,Saarbrucken,2,2,ou,4.50,under,1.2,1
WA1QCjWq,Braunschweig,Saarbrucken,2,2,ou,5.50,over,13.0,1
WA1QCjWq,Braunschweig,Saarbrucken,2,2,ou,5.50,under,1.07,1
WA1QCjWq,Braunschweig,Saarbrucken,2,2,ou,6.50,over,34.0,1
WA1QCjWq,Braunschweig,Saarbrucken,2,2,ou,6.50,under,1.02,1
WA1QCjWq,Braunschweig,Saarbrucken,2,2,hc,0,home,1.57,1
WA1QCjWq,Braunschweig,Saarbrucken,2,2,hc,0,away,2.69,1
WA1QCjWq,Braunschweig,Saarbrucken,2,2,hc,-0.50,home,2.12,1
WA1QCjWq,Braunschweig,Saarbrucken,2,2,hc,-0.50,away,1.88,1
WA1QCjWq,Braunschweig,Saarbrucken,2,2,hc,0.50,home,1.37,1
WA1QCjWq,Braunschweig,Saarbrucken,2,2,hc,0.50,away,3.63,1
WA1QCjWq,Braunschweig,Saarbrucken,2,2,hc,-0.75,home,2.46,1
WA1QCjWq,Braunschweig,Saarbrucken,2,2,hc,-0.75,away,1.67,1
WA1QCjWq,Braunschweig,Saarbrucken,2,2,hc,0.75,home,1.26,1
WA1QCjWq,Braunschweig,Saarbrucken,2,2,hc,0.75,away,4.72,1
WA1QCjWq,Braunschweig,Saarbrucken,2,2,hc,-1.00,home,3.12,1
WA1QCjWq,Braunschweig,Saarbrucken,2,2,hc,-1.00,away,1.46,1
WA1QCjWq,Braunschweig,Saarbrucken,2,2,hc,1.00,home,1.14,1
WA1QCjWq,Braunschweig,Saarbrucken,2,2,hc,1.00,away,6.95,1
WA1QCjWq,Braunschweig,Saarbrucken,2,2,hc,-1.25,home,3.56,1
WA1QCjWq,Braunschweig,Saarbrucken,2,2,hc,-1.25,away,1.38,1
WA1QCjWq,Braunschweig,Saarbrucken,2,2,hc,1.25,home,1.12,1
WA1QCjWq,Braunschweig,Saarbrucken,2,2,hc,1.25,away,7.57,1
WA1QCjWq,Braunschweig,Saarbrucken,2,2,hc,-1.50,home,4.0,1
WA1QCjWq,Braunschweig,Saarbrucken,2,2,hc,-1.50,away,1.32,1
WA1QCjWq,Braunschweig,Saarbrucken,2,2,hc,1.50,home,1.11,1
WA1QCjWq,Braunschweig,Saarbrucken,2,2,hc,1.50,away,8.1,1
WA1QCjWq,Braunschweig,Saarbrucken,2,2,hc,-1.75,home,5.12,1
WA1QCjWq,Braunschweig,Saarbrucken,2,2,hc,-1.75,away,1.22,1
WA1QCjWq,Braunschweig,Saarbrucken,2,2,hc,1.75,home,1.07,1
WA1QCjWq,Braunschweig,Saarbrucken,2,2,hc,1.75,away,11.56,1
WA1QCjWq,Braunschweig,Saarbrucken,2,2,hc,-2.00,home,7.45,1
WA1QCjWq,Braunschweig,Saarbrucken,2,2,hc,-2.00,away,1.13,1
WA1QCjWq,Braunschweig,Saarbrucken,2,2,hc,2.00,home,1.03,1
WA1QCjWq,Braunschweig,Saarbrucken,2,2,hc,2.00,away,20.65,1
WA1QCjWq,Braunschweig,Saarbrucken,2,2,hc,-2.25,home,8.02,1
WA1QCjWq,Braunschweig,Saarbrucken,2,2,hc,-2.25,away,1.12,1
WA1QCjWq,Braunschweig,Saarbrucken,2,2,hc,2.25,home,1.03,1
WA1QCjWq,Braunschweig,Saarbrucken,2,2,hc,2.25,away,21.41,1
WA1QCjWq,Braunschweig,Saarbrucken,2,2,hc,-2.50,home,8.6,1
WA1QCjWq,Braunschweig,Saarbrucken,2,2,hc,-2.50,away,1.11,1
WA1QCjWq,Braunschweig,Saarbrucken,2,2,hc,2.50,home,1.03,1
WA1QCjWq,Braunschweig,Saarbrucken,2,2,hc,2.50,away,22.0,1
WA1QCjWq,Braunschweig,Saarbrucken,2,2,hc,-2.75,home,11.62,1
WA1QCjWq,Braunschweig,Saarbrucken,2,2,hc,-2.75,away,1.07,1
WA1QCjWq,Braunschweig,Saarbrucken,2,2,hc,2.75,away,33.94,1
WA1QCjWq,Braunschweig,Saarbrucken,2,2,hc,-3.00,home,18.72,1
WA1QCjWq,Braunschweig,Saarbrucken,2,2,hc,-3.00,away,1.03,1
WA1QCjWq,Braunschweig,Saarbrucken,2,2,hc,-3.25,home,19.36,1
WA1QCjWq,Braunschweig,Saarbrucken,2,2,hc,-3.25,away,1.03,1
WA1QCjWq,Braunschweig,Saarbrucken,2,2,hc,-3.50,home,20.0,1
WA1QCjWq,Braunschweig,Saarbrucken,2,2,hc,-3.50,away,1.03,1
WA1QCjWq,Braunschweig,Saarbrucken,2,2,hc,-3.75,home,20.0,1
WA1QCjWq,Braunschweig,Saarbrucken,2,2,hc,-0.25,home,1.84,1
WA1QCjWq,Braunschweig,Saarbrucken,2,2,hc,-0.25,away,2.15,1
WA1QCjWq,Braunschweig,Saarbrucken,2,2,hc,0.25,home,1.45,1
WA1QCjWq,Braunschweig,Saarbrucken,2,2,hc,0.25,away,3.16,1
WA1QCjWq,Braunschweig,Saarbrucken,2,2,dc,0,home/draw,1.37,1
WA1QCjWq,Braunschweig,Saarbrucken,2,2,dc,0,home/away,1.34,1
WA1QCjWq,Braunschweig,Saarbrucken,2,2,dc,0,draw/away,1.86,1
EgJGN7p2,Elversberg,Heidenheim,1,1,1x2,0,home,2.18,1
EgJGN7p2,Elversberg,Heidenheim,1,1,1x2,0,draw,3.6,1
EgJGN7p2,Elversberg,Heidenheim,1,1,1x2,0,away,3.7,1
EgJGN7p2,Elversberg,Heidenheim,1,1,ou,0.50,over,1.05,1
EgJGN7p2,Elversberg,Heidenheim,1,1,ou,0.50,under,17.5,1
EgJGN7p2,Elversberg,Heidenheim,1,1,ou,1.50,over,1.24,1
EgJGN7p2,Elversberg,Heidenheim,1,1,ou,1.50,under,5.0,1
EgJGN7p2,Elversberg,Heidenheim,1,1,ou,2.50,over,1.76,1
EgJGN7p2,Elversberg,Heidenheim,1,1,ou,2.50,under,2.28,1
EgJGN7p2,Elversberg,Heidenheim,1,1,ou,3.50,over,3.0,1
EgJGN7p2,Elversberg,Heidenheim,1,1,ou,3.50,under,1.49,1
EgJGN7p2,Elversberg,Heidenheim,1,1,ou,4.50,over,6.0,1
EgJGN7p2,Elversberg,Heidenheim,1,1,ou,4.50,under,1.19,1
EgJGN7p2,Elversberg,Heidenheim,1,1,ou,5.50,over,13.0,1
EgJGN7p2,Elversberg,Heidenheim,1,1,ou,5.50,under,1.07,1
EgJGN7p2,Elversberg,Heidenheim,1,1,ou,6.50,over,32.0,1
EgJGN7p2,Elversberg,Heidenheim,1,1,ou,6.50,under,1.02,1
EgJGN7p2,Elversberg,Heidenheim,1,1,ou,7.50,over,75.0,1
EgJGN7p2,Elversberg,Heidenheim,1,1,hc,0,home,1.59,1
EgJGN7p2,Elversberg,Heidenheim,1,1,hc,0,away,2.68,1
EgJGN7p2,Elversberg,Heidenheim,1,1,hc,-0.50,home,2.19,1
EgJGN7p2,Elversberg,Heidenheim,1,1,hc,-0.50,away,1.83,1
EgJGN7p2,Elversberg,Heidenheim,1,1,hc,0.50,home,1.36,1
EgJGN7p2,Elversberg,Heidenheim,1,1,hc,0.50,away,3.7,1
EgJGN7p2,Elversberg,Heidenheim,1,1,hc,-0.75,home,2.56,1
EgJGN7p2,Elversberg,Heidenheim,1,1,hc,-0.75,away,1.62,1
EgJGN7p2,Elversberg,Heidenheim,1,1,hc,0.75,home,1.25,1
EgJGN7p2,Elversberg,Heidenheim,1,1,hc,0.75,away,4.82,1
EgJGN7p2,Elversberg,Heidenheim,1,1,hc,-1.00,home,3.27,1
EgJGN7p2,Elversberg,Heidenheim,1,1,hc,-1.00,away,1.42,1
EgJGN7p2,Elversberg,Heidenheim,1,1,hc,1.00,home,1.14,1
EgJGN7p2,Elversberg,Heidenheim,1,1,hc,1.00,away,7.42,1
EgJGN7p2,Elversberg,Heidenheim,1,1,hc,-1.25,home,3.72,1
EgJGN7p2,Elversberg,Heidenheim,1,1,hc,-1.25,away,1.35,1
EgJGN7p2,Elversberg,Heidenheim,1,1,hc,1.25,home,1.12,1
EgJGN7p2,Elversberg,Heidenheim,1,1,hc,1.25,away,8.11,1
EgJGN7p2,Elversberg,Heidenheim,1,1,hc,-1.50,home,4.18,1
EgJGN7p2,Elversberg,Heidenheim,1,1,hc,-1.50,away,1.3,1
EgJGN7p2,Elversberg,Heidenheim,1,1,hc,1.50,home,1.11,1
EgJGN7p2,Elversberg,Heidenheim,1,1,hc,1.50,away,8.8,1
EgJGN7p2,Elversberg,Heidenheim,1,1,hc,-1.75,home,5.48,1
EgJGN7p2,Elversberg,Heidenheim,1,1,hc,-1.75,away,1.21,1
EgJGN7p2,Elversberg,Heidenheim,1,1,hc,1.75,home,1.07,1
EgJGN7p2,Elversberg,Heidenheim,1,1,hc,1.75,away,12.54,1
EgJGN7p2,Elversberg,Heidenheim,1,1,hc,-2.00,home,8.45,1
EgJGN7p2,Elversberg,Heidenheim,1,1,hc,-2.00,away,1.12,1
EgJGN7p2,Elversberg,Heidenheim,1,1,hc,2.00,home,1.03,1
EgJGN7p2,Elversberg,Heidenheim,1,1,hc,2.00,away,23.25,1
EgJGN7p2,Elversberg,Heidenheim,1,1,hc,-2.25,home,9.12,1
EgJGN7p2,Elversberg,Heidenheim,1,1,hc,-2.25,away,1.11,1
EgJGN7p2,Elversberg,Heidenheim,1,1,hc,2.25,home,1.03,1
EgJGN7p2,Elversberg,Heidenheim,1,1,hc,2.25,away,24.14,1
EgJGN7p2,Elversberg,Heidenheim,1,1,hc,-2.50,home,9.8,1
EgJGN7p2,Elversberg,Heidenheim,1,1,hc,-2.50,away,1.1,1
EgJGN7p2,Elversberg,Heidenheim,1,1,hc,2.50,home,1.03,1
EgJGN7p2,Elversberg,Heidenheim,1,1,hc,2.50,away,25.0,1
EgJGN7p2,Elversberg,Heidenheim,1,1,hc,-2.75,home,14.03,1
EgJGN7p2,Elversberg,Heidenheim,1,1,hc,-2.75,away,1.06,1
EgJGN7p2,Elversberg,Heidenheim,1,1,hc,2.75,home,1.02,1
EgJGN7p2,Elversberg,Heidenheim,1,1,hc,2.75,away,38.56,1
EgJGN7p2,Elversberg,Heidenheim,1,1,hc,-3.00,home,26.2,1
EgJGN7p2,Elversberg,Heidenheim,1,1,hc,-3.00,away,1.03,1
EgJGN7p2,Elversberg,Heidenheim,1,1,hc,3.00,away,65.0,1
EgJGN7p2,Elversberg,Heidenheim,1,1,hc,-3.25,home,27.1,1
EgJGN7p2,Elversberg,Heidenheim,1,1,hc,-3.25,away,1.03,1
EgJGN7p2,Elversberg,Heidenheim,1,1,hc,3.25,away,65.83,1
EgJGN7p2,Elversberg,Heidenheim,1,1,hc,-3.50,home,28.0,1
EgJGN7p2,Elversberg,Heidenheim,1,1,hc,-3.50,away,1.03,1
EgJGN7p2,Elversberg,Heidenheim,1,1,hc,3.50,away,66.66,1
EgJGN7p2,Elversberg,Heidenheim,1,1,hc,-3.75,home,28.0,1
EgJGN7p2,Elversberg,Heidenheim,1,1,hc,-0.25,home,1.89,1
EgJGN7p2,Elversberg,Heidenheim,1,1,hc,-0.25,away,2.11,1
EgJGN7p2,Elversberg,Heidenheim,1,1,hc,0.25,home,1.45,1
EgJGN7p2,Elversberg,Heidenheim,1,1,hc,0.25,away,3.19,1
EgJGN7p2,Elversberg,Heidenheim,1,1,dc,0,home/draw,1.36,1
EgJGN7p2,Elversberg,Heidenheim,1,1,dc,0,home/away,1.37,1
EgJGN7p2,Elversberg,Heidenheim,1,1,dc,0,draw/away,1.83,1
xAqhVbnB,Saarbrucken,Braunschweig,0,0,1x2,0,home,2.32,1
xAqhVbnB,Saarbrucken,Braunschweig,0,0,1x2,0,draw,3.6,1
xAqhVbnB,Saarbrucken,Braunschweig,0,0,1x2,0,away,3.35,1
xAqhVbnB,Saarbrucken,Braunschweig,0,0,ou,0.50,over,1.06,1
xAqhVbnB,Saarbrucken,Braunschweig,0,0,ou,0.50,under,16.5,1
xAqhVbnB,Saarbrucken,Braunschweig,0,0,ou,1.50,over,1.28,1
xAqhVbnB,Saarbrucken,Braunschweig,0,0,ou,1.50,under,4.4,1
xAqhVbnB,Saarbrucken,Braunschweig,0,0,ou,2.50,over,1.86,1
xAqhVbnB,Saarbrucken,Braunschweig,0,0,ou,2.50,under,2.12,1
xAqhVbnB,Saarbrucken,Braunschweig,0,0,ou,3.50,over,3.15,1
xAqhVbnB,Saarbrucken,Braunschweig,0,0,ou,3.50,under,1.44,1
xAqhVbnB,Saarbrucken,Braunschweig,0,0,ou,4.50,over,6.4,1
xAqhVbnB,Saarbrucken,Braunschweig,0,0,ou,4.50,under,1.17,1
xAqhVbnB,Saarbrucken,Braunschweig,0,0,ou,5.50,over,14.5,1
xAqhVbnB,Saarbrucken,Braunschweig,0,0,ou,5.50,under,1.06,1
xAqhVbnB,Saarbrucken,Braunschweig,0,0,ou,6.50,over,38.0,1
xAqhVbnB,Saarbrucken,Braunschweig,0,0,ou,6.50,under,1.02,1
xAqhVbnB,Saarbrucken,Braunschweig,0,0,hc,0,home,1.68,1
xAqhVbnB,Saarbrucken,Braunschweig,0,0,hc,0,away,2.43,1
xAqhVbnB,Saarbrucken,Braunschweig,0,0,hc,0.50,home,1.41,1
xAqhVbnB,Saarbrucken,Braunschweig,0,0,hc,0.50,away,3.35,1
xAqhVbnB,Saarbrucken,Braunschweig,0,0,hc,-0.50,home,2.32,1
xAqhVbnB,Saarbrucken,Braunschweig,0,0,hc,-0.50,away,1.74,1
xAqhVbnB,Saarbrucken,Braunschweig,0,0,hc,0.75,home,1.29,1
xAqhVbnB,Saarbrucken,Braunschweig,0,0,hc,0.75,away,4.3,1
xAqhVbnB,Saarbrucken,Braunschweig,0,0,hc,-0.75,home,2.75,1
xAqhVbnB,Saarbrucken,Braunschweig,0,0,hc,-0.75,away,1.55,1
xAqhVbnB,Saarbrucken,Braunschweig,0,0,hc,1.00,home,1.17,1
xAqhVbnB,Saarbrucken,Braunschweig,0,0,hc,1.00,away,6.56,1
xAqhVbnB,Saarbrucken,Braunschweig,0,0,hc,-1.00,home,3.63,1
xAqhVbnB,Saarbrucken,Braunschweig,0,0,hc,-1.00,away,1.36,1
xAqhVbnB,Saarbrucken,Braunschweig,0,0,hc,1.25,home,1.15,1
xAqhVbnB,Saarbrucken,Braunschweig,0,0,hc,1.25,away,7.25,1
xAqhVbnB,Saarbrucken,Braunschweig,0,0,hc,-1.25,home,4.12,1
xAqhVbnB,Saarbrucken,Braunschweig,0,0,hc,-1.25,away,1.3,1
xAqhVbnB,Saarbrucken,Braunschweig,0,0,hc,1.50,home,1.13,1
xAqhVbnB,Saarbrucken,Braunschweig,0,0,hc,1.50,away,7.91,1
xAqhVbnB,Saarbrucken,Braunschweig,0,0,hc,-1.50,home,4.61,1
xAqhVbnB,Saarbrucken,Braunschweig,0,0,hc,-1.50,away,1.25,1
xAqhVbnB,Saarbrucken,Braunschweig,0,0,hc,1.75,home,1.08,1
xAqhVbnB,Saarbrucken,Braunschweig,0,0,hc,1.75,away,7.91,1
xAqhVbnB,Saarbrucken,Braunschweig,0,0,hc,-1.75,home,6.08,1
xAqhVbnB,Saarbrucken,Braunschweig,0,0,hc,-1.75,away,1.17,1
xAqhVbnB,Saarbrucken,Braunschweig,0,0,hc,2.00,away,7.91,1
xAqhVbnB,Saarbrucken,Braunschweig,0,0,hc,-2.00,home,9.61,1
xAqhVbnB,Saarbrucken,Braunschweig,0,0,hc,-2.00,away,1.09,1
xAqhVbnB,Saarbrucken,Braunschweig,0,0,hc,2.25,away,7.91,1
xAqhVbnB,Saarbrucken,Braunschweig,0,0,hc,-2.25,home,10.32,1
xAqhVbnB,Saarbrucken,Braunschweig,0,0,hc,-2.25,away,1.08,1
xAqhVbnB,Saarbrucken,Braunschweig,0,0,hc,2.50,away,7.91,1
xAqhVbnB,Saarbrucken,Braunschweig,0,0,hc,-2.50,home,11.0,1
xAqhVbnB,Saarbrucken,Braunschweig,0,0,hc,-2.50,away,1.08,1
xAqhVbnB,Saarbrucken,Braunschweig,0,0,hc,2.75,away,7.91,1
xAqhVbnB,Saarbrucken,Braunschweig,0,0,hc,-2.75,home,11.0,1
xAqhVbnB,Saarbrucken,Braunschweig,0,0,hc,-2.75,away,1.04,1
xAqhVbnB,Saarbrucken,Braunschweig,0,0,hc,0.25,home,1.52,1
xAqhVbnB,Saarbrucken,Braunschweig,0,0,hc,0.25,away,2.89,1
xAqhVbnB,Saarbrucken,Braunschweig,0,0,hc,-0.25,home,2.0,1
xAqhVbnB,Saarbrucken,Braunschweig,0,0,hc,-0.25,away,1.98,1
xAqhVbnB,Saarbrucken,Braunschweig,0,0,dc,0,home/draw,1.41,1
xAqhVbnB,Saarbrucken,Braunschweig,0,0,dc,0,home/away,1.37,1
xAqhVbnB,Saarbrucken,Braunschweig,0,0,dc,0,draw/away,1.74,1
IRP7PTFk,Heidenheim,Elversberg,2,2,1x2,0,home,2.4,1
IRP7PTFk,Heidenheim,Elversberg,2,2,1x2,0,draw,3.6,1
IRP7PTFk,Heidenheim,Elversberg,2,2,1x2,0,away,3.25,1
IRP7PTFk,Heidenheim,Elversberg,2,2,ou,0.50,over,1.07,1
IRP7PTFk,Heidenheim,Elversberg,2,2,ou,0.50,under,14.5,1
IRP7PTFk,Heidenheim,Elversberg,2,2,ou,1.50,over,1.31,1
IRP7PTFk,Heidenheim,Elversberg,2,2,ou,1.50,under,4.1,1
IRP7PTFk,Heidenheim,Elversberg,2,2,ou,2.50,over,1.94,1
IRP7PTFk,Heidenheim,Elversberg,2,2,ou,2.50,under,2.04,1
IRP7PTFk,Heidenheim,Elversberg,2,2,ou,3.50,over,3.35,1
IRP7PTFk,Heidenheim,Elversberg,2,2,ou,3.50,under,1.4,1
IRP7PTFk,Heidenheim,Elversberg,2,2,ou,4.50,over,7.2,1
IRP7PTFk,Heidenheim,Elversberg,2,2,ou,4.50,under,1.14,1
IRP7PTFk,Heidenheim,Elversberg,2,2,ou,5.50,over,17.5,1
IRP7PTFk,Heidenheim,Elversberg,2,2,ou,5.50,under,1.05,1
IRP7PTFk,Heidenheim,Elversberg,2,2,ou,6.50,over,50.0,1
IRP7PTFk,Heidenheim,Elversberg,2,2,hc,0,home,1.74,1
IRP7PTFk,Heidenheim,Elversberg,2,2,hc,0,away,2.32,1
IRP7PTFk,Heidenheim,Elversberg,2,2,hc,0.50,home,1.44,1
IRP7PTFk,Heidenheim,Elversberg,2,2,hc,0.50,away,3.21,1
IRP7PTFk,Heidenheim,Elversberg,2,2,hc,-0.50,home,2.4,1
IRP7PTFk,Heidenheim,Elversberg,2,2,hc,-0.50,away,1.7,1
IRP7PTFk,Heidenheim,Elversberg,2,2,hc,0.75,home,1.31,1
IRP7PTFk,Heidenheim,Elversberg,2,2,hc,0.75,away,4.1,1
IRP7PTFk,Heidenheim,Elversberg,2,2,hc,-0.75,home,2.88,1
IRP7PTFk,Heidenheim,Elversberg,2,2,hc,-0.75,away,1.51,1
IRP7PTFk,Heidenheim,Elversberg,2,2,hc,1.00,home,1.18,1
IRP7PTFk,Heidenheim,Elversberg,2,2,hc,1.00,away,6.2,1
IRP7PTFk,Heidenheim,Elversberg,2,2,hc,-1.00,home,3.86,1
IRP7PTFk,Heidenheim,Elversberg,2,2,hc,-1.00,away,1.32,1
IRP7PTFk,Heidenheim,Elversberg,2,2,hc,1.25,home,1.16,1
IRP7PTFk,Heidenheim,Elversberg,2,2,hc,1.25,away,6.88,1
IRP7PTFk,Heidenheim,Elversberg,2,2,hc,-1.25,home,4.38,1
IRP7PTFk,Heidenheim,Elversberg,2,2,hc,-1.25,away,1.27,1
IRP7PTFk,Heidenheim,Elversberg,2,2,hc,1.50,home,1.15,1
IRP7PTFk,Heidenheim,Elversberg,2,2,hc,1.50,away,7.54,1
IRP7PTFk,Heidenheim,Elversberg,2,2,hc,-1.50,home,4.9,1
IRP7PTFk,Heidenheim,Elversberg,2,2,hc,-1.50,away,1.23,1
IRP7PTFk,Heidenheim,Elversberg,2,2,hc,1.75,home,1.09,1
IRP7PTFk,Heidenheim,Elversberg,2,2,hc,1.75,away,10.95,1
IRP7PTFk,Heidenheim,Elversberg,2,2,hc,-1.75,home,6.67,1
IRP7PTFk,Heidenheim,Elversberg,2,2,hc,-1.75,away,1.16,1
IRP7PTFk,Heidenheim,Elversberg,2,2,hc,2.00,home,1.04,1
IRP7PTFk,Heidenheim,Elversberg,2,2,hc,2.00,away,21.81,1
IRP7PTFk,Heidenheim,Elversberg,2,2,hc,-2.00,home,11.35,1
IRP7PTFk,Heidenheim,Elversberg,2,2,hc,-2.00,away,1.08,1
IRP7PTFk,Heidenheim,Elversberg,2,2,hc,2.25,home,1.04,1
IRP7PTFk,Heidenheim,Elversberg,2,2,hc,2.25,away,22.9,1
IRP7PTFk,Heidenheim,Elversberg,2,2,hc,-2.25,home,12.17,1
IRP7PTFk,Heidenheim,Elversberg,2,2,hc,-2.25,away,1.08,1
IRP7PTFk,Heidenheim,Elversberg,2,2,hc,2.50,home,1.03,1
IRP7PTFk,Heidenheim,Elversberg,2,2,hc,2.50,away,24.0,1
IRP7PTFk,Heidenheim,Elversberg,2,2,hc,-2.50,home,13.0,1
IRP7PTFk,Heidenheim,Elversberg,2,2,hc,-2.50,away,1.07,1
IRP7PTFk,Heidenheim,Elversberg,2,2,hc,2.75,home,1.02,1
IRP7PTFk,Heidenheim,Elversberg,2,2,hc,2.75,away,37.31,1
IRP7PTFk,Heidenheim,Elversberg,2,2,hc,-2.75,home,18.63,1
IRP7PTFk,Heidenheim,Elversberg,2,2,hc,-2.75,away,1.04,1
IRP7PTFk,Heidenheim,Elversberg,2,2,hc,3.00,away,70.0,1
IRP7PTFk,Heidenheim,Elversberg,2,2,hc,-3.00,home,34.23,1
IRP7PTFk,Heidenheim,Elversberg,2,2,hc,-3.00,away,1.02,1
IRP7PTFk,Heidenheim,Elversberg,2,2,hc,3.25,away,71.0,1
IRP7PTFk,Heidenheim,Elversberg,2,2,hc,-3.25,home,35.11,1
IRP7PTFk,Heidenheim,Elversberg,2,2,hc,-3.25,away,1.02,1
IRP7PTFk,Heidenheim,Elversberg,2,2,hc,3.50,away,72.0,1
IRP7PTFk,Heidenheim,Elversberg,2,2,hc,-3.50,home,36.0,1
IRP7PTFk,Heidenheim,Elversberg,2,2,hc,-3.50,away,1.02,1
IRP7PTFk,Heidenheim,Elversberg,2,2,hc,-3.75,home,36.0,1
IRP7PTFk,Heidenheim,Elversberg,2,2,hc,0.25,home,1.55,1
IRP7PTFk,Heidenheim,Elversberg,2,2,hc,0.25,away,2.76,1
IRP7PTFk,Heidenheim,Elversberg,2,2,hc,-0.25,home,2.07,1
IRP7PTFk,Heidenheim,Elversberg,2,2,hc,-0.25,away,1.92,1
IRP7PTFk,Heidenheim,Elversberg,2,2,dc,0,home/draw,1.44,1
IRP7PTFk,Heidenheim,Elversberg,2,2,dc,0,home/away,1.38,1
IRP7PTFk,Heidenheim,Elversberg,2,2,dc,0,draw/away,1.7,1
r1sV3ccJ,FC Koln,Kaiserslautern,4,4,1x2,0,home,1.51,1
r1sV3ccJ,FC Koln,Kaiserslautern,4,4,1x2,0,draw,5.3,1
r1sV3ccJ,FC Koln,Kaiserslautern,4,4,1x2,0,away,6.4,1
r1sV3ccJ,FC Koln,Kaiserslautern,4,4,ou,0.50,over,1.02,1
r1sV3ccJ,FC Koln,Kaiserslautern,4,4,ou,0.50,under,34.0,1
r1sV3ccJ,FC Koln,Kaiserslautern,4,4,ou,1.50,over,1.14,1
r1sV3ccJ,FC Koln,Kaiserslautern,4,4,ou,1.50,under,7.8,1
r1sV3ccJ,FC Koln,Kaiserslautern,4,4,ou,2.50,over,1.42,1
r1sV3ccJ,FC Koln,Kaiserslautern,4,4,ou,2.50,under,3.3,1
r1sV3ccJ,FC Koln,Kaiserslautern,4,4,ou,3.50,over,2.08,1
r1sV3ccJ,FC Koln,Kaiserslautern,4,4,ou,3.50,under,1.9,1
r1sV3ccJ,FC Koln,Kaiserslautern,4,4,ou,4.50,over,3.45,1
r1sV3ccJ,FC Koln,Kaiserslautern,4,4,ou,4.50,under,1.39,1
r1sV3ccJ,FC Koln,Kaiserslautern,4,4,ou,5.50,over,6.4,1
r1sV3ccJ,FC Koln,Kaiserslautern,4,4,ou,5.50,under,1.16,1
r1sV3ccJ,FC Koln,Kaiserslautern,4,4,ou,6.50,over,14.0,1
r1sV3ccJ,FC Koln,Kaiserslautern,4,4,ou,6.50,under,1.06,1
r1sV3ccJ,FC Koln,Kaiserslautern,4,4,ou,7.50,over,28.0,1
r1sV3ccJ,FC Koln,Kaiserslautern,4,4,ou,7.50,under,1.02,1
r1sV3ccJ,FC Koln,Kaiserslautern,4,4,ou,8.50,over,75.0,1
r1sV3ccJ,FC Koln,Kaiserslautern,4,4,hc,0,home,1.22,1
r1sV3ccJ,FC Koln,Kaiserslautern,4,4,hc,0,away,5.35,1
r1sV3ccJ,FC Koln,Kaiserslautern,4,4,hc,0.50,home,1.17,1
r1sV3ccJ,FC Koln,Kaiserslautern,4,4,hc,0.50,away,6.6,1
r1sV3ccJ,FC Koln,Kaiserslautern,4,4,hc,-0.50,home,1.51,1
r1sV3ccJ,FC Koln,Kaiserslautern,4,4,hc,-0.50,away,2.93,1
r1sV3ccJ,FC Koln,Kaiserslautern,4,4,hc,0.75,home,1.11,1
r1sV3ccJ,FC Koln,Kaiserslautern,4,4,hc,0.75,away,9.0,1
r1sV3ccJ,FC Koln,Kaiserslautern,4,4,hc,-0.75,home,1.6,1
r1sV3ccJ,FC Koln,Kaiserslautern,4,4,hc,-0.75,away,2.61,1
r1sV3ccJ,FC Koln,Kaiserslautern,4,4,hc,1.00,home,1.06,1
r1sV3ccJ,FC Koln,Kaiserslautern,4,4,hc,1.00,away,14.57,1
r1sV3ccJ,FC Koln,Kaiserslautern,4,4,hc,-1.00,home,1.75,1
r1sV3ccJ,FC Koln,Kaiserslautern,4,4,hc,-1.00,away,2.29,1
r1sV3ccJ,FC Koln,Kaiserslautern,4,4,hc,1.25,home,1.05,1
r1sV3ccJ,FC Koln,Kaiserslautern,4,4,hc,1.25,away,15.28,1
r1sV3ccJ,FC Koln,Kaiserslautern,4,4,hc,-1.25,home,2.0,1
r1sV3ccJ,FC Koln,Kaiserslautern,4,4,hc,-1.25,away,1.98,1
r1sV3ccJ,FC Koln,Kaiserslautern,4,4,hc,1.50,home,1.05,1
r1sV3ccJ,FC Koln,Kaiserslautern,4,4,hc,1.50,away,16.0,1
r1sV3ccJ,FC Koln,Kaiserslautern,4,4,hc,-1.50,home,2.23,1
r1sV3ccJ,FC Koln,Kaiserslautern,4,4,hc,-1.50,away,1.78,1
r1sV3ccJ,FC Koln,Kaiserslautern,4,4,hc,1.75,home,1.03,1
r1sV3ccJ,FC Koln,Kaiserslautern,4,4,hc,1.75,away,23.92,1
r1sV3ccJ,FC Koln,Kaiserslautern,4,4,hc,-1.75,home,2.56,1
r1sV3ccJ,FC Koln,Kaiserslautern,4,4,hc,-1.75,away,1.61,1
r1sV3ccJ,FC Koln,Kaiserslautern,4,4,hc,2.00,away,33.25,1
r1sV3ccJ,FC Koln,Kaiserslautern,4,4,hc,-2.00,home,3.13,1
r1sV3ccJ,FC Koln,Kaiserslautern,4,4,hc,-2.00,away,1.44,1
r1sV3ccJ,FC Koln,Kaiserslautern,4,4,hc,2.25,away,33.79,1
r1sV3ccJ,FC Koln,Kaiserslautern,4,4,hc,-2.25,home,3.49,1
r1sV3ccJ,FC Koln,Kaiserslautern,4,4,hc,-2.25,away,1.37,1
r1sV3ccJ,FC Koln,Kaiserslautern,4,4,hc,2.50,away,34.33,1
r1sV3ccJ,FC Koln,Kaiserslautern,4,4,hc,-2.50,home,3.85,1
r1sV3ccJ,FC Koln,Kaiserslautern,4,4,hc,-2.50,away,1.32,1
r1sV3ccJ,FC Koln,Kaiserslautern,4,4,hc,2.75,away,41.24,1
r1sV3ccJ,FC Koln,Kaiserslautern,4,4,hc,-2.75,home,4.74,1
r1sV3ccJ,FC Koln,Kaiserslautern,4,4,hc,-2.75,away,1.24,1
r1sV3ccJ,FC Koln,Kaiserslautern,4,4,hc,-3.00,home,6.47,1
r1sV3ccJ,FC Koln,Kaiserslautern,4,4,hc,-3.00,away,1.15,1
r1sV3ccJ,FC Koln,Kaiserslautern,4,4,hc,-3.25,home,6.93,1
r1sV3ccJ,FC Koln,Kaiserslautern,4,4,hc,-3.25,away,1.14,1
r1sV3ccJ,FC Koln,Kaiserslautern,4,4,hc,-3.50,home,7.4,1
r1sV3ccJ,FC Koln,Kaiserslautern,4,4,hc,-3.50,away,1.13,1
r1sV3ccJ,FC Koln,Kaiserslautern,4,4,hc,-3.75,home,8.51,1
r1sV3ccJ,FC Koln,Kaiserslautern,4,4,hc,-3.75,away,1.09,1
r1sV3ccJ,FC Koln,Kaiserslautern,4,4,hc,-4.00,home,8.14,1
r1sV3ccJ,FC Koln,Kaiserslautern,4,4,hc,-4.00,away,1.05,1
r1sV3ccJ,FC Koln,Kaiserslautern,4,4,hc,0.25,home,1.19,1
r1sV3ccJ,FC Koln,Kaiserslautern,4,4,hc,0.25,away,5.97,1
r1sV3ccJ,FC Koln,Kaiserslautern,4,4,hc,-0.25,home,1.36,1
r1sV3ccJ,FC Koln,Kaiserslautern,4,4,hc,-0.25,away,3.68,1
r1sV3ccJ,FC Koln,Kaiserslautern,4,4,dc,0,home/draw,1.16,1
r1sV3ccJ,FC Koln,Kaiserslautern,4,4,dc,0,home/away,1.22,1
r1sV3ccJ,FC Koln,Kaiserslautern,4,4,dc,0,draw/away,2.96,1
4UEN5vp4,Braunschweig,Nurnberg,1,1,1x2,0,home,1.84,1
4UEN5vp4,Braunschweig,Nurnberg,1,1,1x2,0,draw,4.2,1
4UEN5vp4,Braunschweig,Nurnberg,1,1,1x2,0,away,4.4,1
4UEN5vp4,Braunschweig,Nurnberg,1,1,ou,0.50,over,1.04,1
4UEN5vp4,Braunschweig,Nurnberg,1,1,ou,0.50,under,21.0,1
4UEN5vp4,Braunschweig,Nurnberg,1,1,ou,1.50,over,1.2,1
4UEN5vp4,Braunschweig,Nurnberg,1,1,ou,1.50,under,5.6,1
4UEN5vp4,Braunschweig,Nurnberg,1,1,ou,2.50,over,1.63,1
4UEN5vp4,Braunschweig,Nurnberg,1,1,ou,2.50,under,2.52,1
4UEN5vp4,Braunschweig,Nurnberg,1,1,ou,3.50,over,2.58,1
4UEN5vp4,Braunschweig,Nurnberg,1,1,ou,3.50,under,1.62,1
4UEN5vp4,Braunschweig,Nurnberg,1,1,ou,4.50,over,4.7,1
4UEN5vp4,Braunschweig,Nurnberg,1,1,ou,4.50,under,1.25,1
4UEN5vp4,Braunschweig,Nurnberg,1,1,ou,5.50,over,10.0,1
4UEN5vp4,Braunschweig,Nurnberg,1,1,ou,5.50,under,1.1,1
4UEN5vp4,Braunschweig,Nurnberg,1,1,ou,6.50,over,23.0,1
4UEN5vp4,Braunschweig,Nurnberg,1,1,ou,6.50,under,1.03,1
4UEN5vp4,Braunschweig,Nurnberg,1,1,ou,7.50,over,50.0,1
4UEN5vp4,Braunschweig,Nurnberg,1,1,hc,0,home,1.41,1
4UEN5vp4,Braunschweig,Nurnberg,1,1,hc,0,away,3.36,1
4UEN5vp4,Braunschweig,Nurnberg,1,1,hc,0.50,home,1.28,1
4UEN5vp4,Braunschweig,Nurnberg,1,1,hc,0.50,away,4.4,1
4UEN5vp4,Braunschweig,Nurnberg,1,1,hc,-0.50,home,1.85,1
4UEN5vp4,Braunschweig,Nurnberg,1,1,hc,-0.50,away,2.16,1
4UEN5vp4,Braunschweig,Nurnberg,1,1,hc,0.75,home,1.19,1
4UEN5vp4,Braunschweig,Nurnberg,1,1,hc,0.75,away,5.8,1
4UEN5vp4,Braunschweig,Nurnberg,1,1,hc,-0.75,home,2.07,1
4UEN5vp4,Braunschweig,Nurnberg,1,1,hc,-0.75,away,1.91,1
4UEN5vp4,Braunschweig,Nurnberg,1,1,hc,1.00,home,1.1,1
4UEN5vp4,Braunschweig,Nurnberg,1,1,hc,1.00,away,9.11,1
4UEN5vp4,Braunschweig,Nurnberg,1,1,hc,-1.00,home,2.46,1
4UEN5vp4,Braunschweig,Nurnberg,1,1,hc,-1.00,away,1.66,1
4UEN5vp4,Braunschweig,Nurnberg,1,1,hc,1.25,home,1.09,1
4UEN5vp4,Braunschweig,Nurnberg,1,1,hc,1.25,away,9.8,1
4UEN5vp4,Braunschweig,Nurnberg,1,1,hc,-1.25,home,2.83,1
4UEN5vp4,Braunschweig,Nurnberg,1,1,hc,-1.25,away,1.52,1
4UEN5vp4,Braunschweig,Nurnberg,1,1,hc,1.50,home,1.09,1
4UEN5vp4,Braunschweig,Nurnberg,1,1,hc,1.50,away,10.5,1
4UEN5vp4,Braunschweig,Nurnberg,1,1,hc,-1.50,home,3.15,1
4UEN5vp4,Braunschweig,Nurnberg,1,1,hc,-1.50,away,1.43,1
4UEN5vp4,Braunschweig,Nurnberg,1,1,hc,1.75,home,1.05,1
4UEN5vp4,Braunschweig,Nurnberg,1,1,hc,1.75,away,15.32,1
4UEN5vp4,Braunschweig,Nurnberg,1,1,hc,-1.75,home,3.95,1
4UEN5vp4,Braunschweig,Nurnberg,1,1,hc,-1.75,away,1.31,1
4UEN5vp4,Braunschweig,Nurnberg,1,1,hc,2.00,home,1.02,1
4UEN5vp4,Braunschweig,Nurnberg,1,1,hc,2.00,away,30.13,1
4UEN5vp4,Braunschweig,Nurnberg,1,1,hc,-2.00,home,5.4,1
4UEN5vp4,Braunschweig,Nurnberg,1,1,hc,-2.00,away,1.2,1
4UEN5vp4,Braunschweig,Nurnberg,1,1,hc,2.25,home,1.02,1
4UEN5vp4,Braunschweig,Nurnberg,1,1,hc,2.25,away,31.16,1
4UEN5vp4,Braunschweig,Nurnberg,1,1,hc,-2.25,home,5.9,1
4UEN5vp4,Braunschweig,Nurnberg,1,1,hc,-2.25,away,1.18,1
4UEN5vp4,Braunschweig,Nurnberg,1,1,hc,2.50,home,1.02,1
4UEN5vp4,Braunschweig,Nurnberg,1,1,hc,2.50,away,32.19,1
4UEN5vp4,Braunschweig,Nurnberg,1,1,hc,-2.50,home,6.41,1
4UEN5vp4,Braunschweig,Nurnberg,1,1,hc,-2.50,away,1.16,1
4UEN5vp4,Braunschweig,Nurnberg,1,1,hc,2.75,away,50.19,1
4UEN5vp4,Braunschweig,Nurnberg,1,1,hc,-2.75,home,8.71,1
4UEN5vp4,Braunschweig,Nurnberg,1,1,hc,-2.75,away,1.11,1
4UEN5vp4,Braunschweig,Nurnberg,1,1,hc,-3.00,home,14.57,1
4UEN5vp4,Braunschweig,Nurnberg,1,1,hc,-3.00,away,1.06,1
4UEN5vp4,Braunschweig,Nurnberg,1,1,hc,-3.25,home,15.28,1
4UEN5vp4,Braunschweig,Nurnberg,1,1,hc,-3.25,away,1.06,1
4UEN5vp4,Braunschweig,Nurnberg,1,1,hc,-3.50,home,16.0,1
4UEN5vp4,Braunschweig,Nurnberg,1,1,hc,-3.50,away,1.05,1
4UEN5vp4,Braunschweig,Nurnberg,1,1,hc,-3.75,home,16.0,1
4UEN5vp4,Braunschweig,Nurnberg,1,1,hc,-3.75,away,1.02,1
4UEN5vp4,Braunschweig,Nurnberg,1,1,hc,0.25,home,1.33,1
4UEN5vp4,Braunschweig,Nurnberg,1,1,hc,0.25,away,3.88,1
4UEN5vp4,Braunschweig,Nurnberg,1,1,hc,-0.25,home,1.63,1
4UEN5vp4,Braunschweig,Nurnberg,1,1,hc,-0.25,away,2.55,1
4UEN5vp4,Braunschweig,Nurnberg,1,1,dc,0,home/draw,1.28,1
4UEN5vp4,Braunschweig,Nurnberg,1,1,dc,0,home/away,1.3,1
4UEN5vp4,Braunschweig,Nurnberg,1,1,dc,0,draw/away,2.16,1
OCY7B9GP,Darmstadt,Regensburg,3,3,1x2,0,home,1.42,1
OCY7B9GP,Darmstadt,Regensburg,3,3,1x2,0,draw,5.5,1
OCY7B9GP,Darmstadt,Regensburg,3,3,1x2,0,away,8.0,1
OCY7B9GP,Darmstadt,Regensburg,3,3,ou,0.50,over,1.03,1
OCY7B9GP,Darmstadt,Regensburg,3,3,ou,0.50,under,27.0,1
OCY7B9GP,Darmstadt,Regensburg,3,3,ou,1.50,over,1.15,1
OCY7B9GP,Darmstadt,Regensburg,3,3,ou,1.50,under,7.0,1
OCY7B9GP,Darmstadt,Regensburg,3,3,ou,2.50,over,1.49,1
OCY7B9GP,Darmstadt,Regensburg,3,3,ou,2.50,under,2.98,1
OCY7B9GP,Darmstadt,Regensburg,3,3,ou,3.50,over,2.24,1
OCY7B9GP,Darmstadt,Regensburg,3,3,ou,3.50,under,1.77,1
OCY7B9GP,Darmstadt,Regensburg,3,3,ou,4.50,over,3.9,1
OCY7B9GP,Darmstadt,Regensburg,3,3,ou,4.50,under,1.32,1
OCY7B9GP,Darmstadt,Regensburg,3,3,ou,5.50,over,7.6,1
OCY7B9GP,Darmstadt,Regensburg,3,3,ou,5.50,under,1.13,1
OCY7B9GP,Darmstadt,Regensburg,3,3,ou,6.50,over,17.0,1
OCY7B9GP,Darmstadt,Regensburg,3,3,ou,6.50,under,1.05,1
OCY7B9GP,Darmstadt,Regensburg,3,3,ou,7.50,over,38.0,1
OCY7B9GP,Darmstadt,Regensburg,3,3,ou,7.50,under,1.02,1
OCY7B9GP,Darmstadt,Regensburg,3,3,hc,0,home,1.16,1
OCY7B9GP,Darmstadt,Regensburg,3,3,hc,0,away,6.91,1
OCY7B9GP,Darmstadt,Regensburg,3,3,hc,0.50,home,1.13,1
OCY7B9GP,Darmstadt,Regensburg,3,3,hc,0.50,away,8.4,1
OCY7B9GP,Darmstadt,Regensburg,3,3,hc,-0.50,home,1.41,1
OCY7B9GP,Darmstadt,Regensburg,3,3,hc,-0.50,away,3.38,1
OCY7B9GP,Darmstadt,Regensburg,3,3,hc,0.75,home,1.08,1
OCY7B9GP,Darmstadt,Regensburg,3,3,hc,0.75,away,11.84,1
OCY7B9GP,Darmstadt,Regensburg,3,3,hc,-0.75,home,1.48,1
OCY7B9GP,Darmstadt,Regensburg,3,3,hc,-0.75,away,2.99,1
OCY7B9GP,Darmstadt,Regensburg,3,3,hc,1.00,home,1.04,1
OCY7B9GP,Darmstadt,Regensburg,3,3,hc,1.00,away,21.26,1
OCY7B9GP,Darmstadt,Regensburg,3,3,hc,-1.00,home,1.59,1
OCY7B9GP,Darmstadt,Regensburg,3,3,hc,-1.00,away,2.61,1
OCY7B9GP,Darmstadt,Regensburg,3,3,hc,1.25,home,1.04,1
OCY7B9GP,Darmstadt,Regensburg,3,3,hc,1.25,away,22.14,1
OCY7B9GP,Darmstadt,Regensburg,3,3,hc,-1.25,home,1.82,1
OCY7B9GP,Darmstadt,Regensburg,3,3,hc,-1.25,away,2.15,1
OCY7B9GP,Darmstadt,Regensburg,3,3,hc,1.50,home,1.04,1
OCY7B9GP,Darmstadt,Regensburg,3,3,hc,1.50,away,23.0,1
OCY7B9GP,Darmstadt,Regensburg,3,3,hc,-1.50,home,2.05,1
OCY7B9GP,Darmstadt,Regensburg,3,3,hc,-1.50,away,1.9,1
OCY7B9GP,Darmstadt,Regensburg,3,3,hc,1.75,home,1.02,1
OCY7B9GP,Darmstadt,Regensburg,3,3,hc,1.75,away,35.62,1
OCY7B9GP,Darmstadt,Regensburg,3,3,hc,-1.75,home,2.33,1
OCY7B9GP,Darmstadt,Regensburg,3,3,hc,-1.75,away,1.69,1
OCY7B9GP,Darmstadt,Regensburg,3,3,hc,2.00,away,49.7,1
OCY7B9GP,Darmstadt,Regensburg,3,3,hc,-2.00,home,2.82,1
OCY7B9GP,Darmstadt,Regensburg,3,3,hc,-2.00,away,1.49,1
OCY7B9GP,Darmstadt,Regensburg,3,3,hc,2.25,away,50.35,1
OCY7B9GP,Darmstadt,Regensburg,3,3,hc,-2.25,home,3.19,1
OCY7B9GP,Darmstadt,Regensburg,3,3,hc,-2.25,away,1.41,1
OCY7B9GP,Darmstadt,Regensburg,3,3,hc,2.50,away,51.0,1
OCY7B9GP,Darmstadt,Regensburg,3,3,hc,-2.50,home,3.56,1
OCY7B9GP,Darmstadt,Regensburg,3,3,hc,-2.50,away,1.35,1
OCY7B9GP,Darmstadt,Regensburg,3,3,hc,-2.75,home,4.4,1
OCY7B9GP,Darmstadt,Regensburg,3,3,hc,-2.75,away,1.27,1
OCY7B9GP,Darmstadt,Regensburg,3,3,hc,-3.00,home,6.0,1
OCY7B9GP,Darmstadt,Regensburg,3,3,hc,-3.00,away,1.17,1
OCY7B9GP,Darmstadt,Regensburg,3,3,hc,-3.25,home,6.37,1
OCY7B9GP,Darmstadt,Regensburg,3,3,hc,-3.25,away,1.15,1
OCY7B9GP,Darmstadt,Regensburg,3,3,hc,-3.50,home,6.75,1
OCY7B9GP,Darmstadt,Regensburg,3,3,hc,-3.50,away,1.14,1
OCY7B9GP,Darmstadt,Regensburg,3,3,hc,-3.75,home,8.44,1
OCY7B9GP,Darmstadt,Regensburg,3,3,hc,-3.75,away,1.1,1
OCY7B9GP,Darmstadt,Regensburg,3,3,hc,-4.00,home,10.09,1
OCY7B9GP,Darmstadt,Regensburg,3,3,hc,-4.00,away,1.06,1
OCY7B9GP,Darmstadt,Regensburg,3,3,hc,0.25,home,1.14,1
OCY7B9GP,Darmstadt,Regensburg,3,3,hc,0.25,away,7.65,1
OCY7B9GP,Darmstadt,Regensburg,3,3,hc,-0.25,home,1.28,1
OCY7B9GP,Darmstadt,Regensburg,3,3,hc,-0.25,away,4.39,1
OCY7B9GP,Darmstadt,Regensburg,3,3,dc,0,home/draw,1.13,1
OCY7B9GP,Darmstadt,Regensburg,3,3,dc,0,home/away,1.2,1
OCY7B9GP,Darmstadt,Regensburg,3,3,dc,0,draw/away,3.35,1
82LE70Fi,Magdeburg,Dusseldorf,4,4,1x2,0,home,2.42,1
82LE70Fi,Magdeburg,Dusseldorf,4,4,1x2,0,draw,4.2,1
82LE70Fi,Magdeburg,Dusseldorf,4,4,1x2,0,away,2.8,1
82LE70Fi,Magdeburg,Dusseldorf,4,4,ou,0.50,over,1.03,1
82LE70Fi,Magdeburg,Dusseldorf,4,4,ou,0.50,under,32.0,1
82LE70Fi,Magdeburg,Dusseldorf,4,4,ou,1.50,over,1.13,1
82LE70Fi,Magdeburg,Dusseldorf,4,4,ou,1.50,under,8.4,1
82LE70Fi,Magdeburg,Dusseldorf,4,4,ou,2.50,over,1.4,1
82LE70Fi,Magdeburg,Dusseldorf,4,4,ou,2.50,under,3.35,1
82LE70Fi,Magdeburg,Dusseldorf,4,4,ou,3.50,over,1.97,1
82LE70Fi,Magdeburg,Dusseldorf,4,4,ou,3.50,under,1.99,1
82LE70Fi,Magdeburg,Dusseldorf,4,4,ou,4.50,over,3.25,1
82LE70Fi,Magdeburg,Dusseldorf,4,4,ou,4.50,under,1.42,1
82LE70Fi,Magdeburg,Dusseldorf,4,4,ou,5.50,over,6.0,1
82LE70Fi,Magdeburg,Dusseldorf,4,4,ou,5.50,under,1.18,1
82LE70Fi,Magdeburg,Dusseldorf,4,4,ou,6.50,over,13.0,1
82LE70Fi,Magdeburg,Dusseldorf,4,4,ou,6.50,under,1.07,1
82LE70Fi,Magdeburg,Dusseldorf,4,4,ou,7.50,over,27.0,1
82LE70Fi,Magdeburg,Dusseldorf,4,4,ou,7.50,under,1.03,1
82LE70Fi,Magdeburg,Dusseldorf,4,4,hc,0,home,1.84,1
82LE70Fi,Magdeburg,Dusseldorf,4,4,hc,0,away,2.13,1
82LE70Fi,Magdeburg,Dusseldorf,4,4,hc,0.50,home,1.53,1
82LE70Fi,Magdeburg,Dusseldorf,4,4,hc,0.50,away,2.78,1
82LE70Fi,Magdeburg,Dusseldorf,4,4,hc,-0.50,home,2.42,1
82LE70Fi,Magdeburg,Dusseldorf,4,4,hc,-0.50,away,1.68,1
82LE70Fi,Magdeburg,Dusseldorf,4,4,hc,0.75,home,1.4,1
82LE70Fi,Magdeburg,Dusseldorf,4,4,hc,0.75,away,3.31,1
82LE70Fi,Magdeburg,Dusseldorf,4,4,hc,-0.75,home,2.82,1
82LE70Fi,Magdeburg,Dusseldorf,4,4,hc,-0.75,away,1.52,1
82LE70Fi,Magdeburg,Dusseldorf,4,4,hc,1.00,home,1.27,1
82LE70Fi,Magdeburg,Dusseldorf,4,4,hc,1.00,away,4.34,1
82LE70Fi,Magdeburg,Dusseldorf,4,4,hc,-1.00,home,3.55,1
82LE70Fi,Magdeburg,Dusseldorf,4,4,hc,-1.00,away,1.36,1
82LE70Fi,Magdeburg,Dusseldorf,4,4,hc,1.25,home,1.24,1
82LE70Fi,Magdeburg,Dusseldorf,4,4,hc,1.25,away,4.77,1
82LE70Fi,Magdeburg,Dusseldorf,4,4,hc,-1.25,home,3.94,1
82LE70Fi,Magdeburg,Dusseldorf,4,4,hc,-1.25,away,1.31,1
82LE70Fi,Magdeburg,Dusseldorf,4,4,hc,1.50,home,1.21,1
82LE70Fi,Magdeburg,Dusseldorf,4,4,hc,1.50,away,5.2,1
82LE70Fi,Magdeburg,Dusseldorf,4,4,hc,-1.50,home,4.3,1
82LE70Fi,Magdeburg,Dusseldorf,4,4,hc,-1.50,away,1.27,1
82LE70Fi,Magdeburg,Dusseldorf,4,4,hc,1.75,home,1.15,1
82LE70Fi,Magdeburg,Dusseldorf,4,4,hc,1.75,away,6.78,1
82LE70Fi,Magdeburg,Dusseldorf,4,4,hc,-1.75,home,5.53,1
82LE70Fi,Magdeburg,Dusseldorf,4,4,hc,-1.75,away,1.2,1
82LE70Fi,Magdeburg,Dusseldorf,4,4,hc,2.00,home,1.09,1
82LE70Fi,Magdeburg,Dusseldorf,4,4,hc,2.00,away,10.28,1
82LE70Fi,Magdeburg,Dusseldorf,4,4,hc,-2.00,home,7.68,1
82LE70Fi,Magdeburg,Dusseldorf,4,4,hc,-2.00,away,1.12,1
82LE70Fi,Magdeburg,Dusseldorf,4,4,hc,2.25,home,1.08,1
82LE70Fi,Magdeburg,Dusseldorf,4,4,hc,2.25,away,10.89,1
82LE70Fi,Magdeburg,Dusseldorf,4,4,hc,-2.25,home,8.19,1
82LE70Fi,Magdeburg,Dusseldorf,4,4,hc,-2.25,away,1.11,1
82LE70Fi,Magdeburg,Dusseldorf,4,4,hc,2.50,home,1.08,1
82LE70Fi,Magdeburg,Dusseldorf,4,4,hc,2.50,away,11.5,1
82LE70Fi,Magdeburg,Dusseldorf,4,4,hc,-2.50,home,8.69,1
82LE70Fi,Magdeburg,Dusseldorf,4,4,hc,-2.50,away,1.11,1
82LE70Fi,Magdeburg,Dusseldorf,4,4,hc,2.75,home,1.05,1
82LE70Fi,Magdeburg,Dusseldorf,4,4,hc,2.75,away,15.0,1
82LE70Fi,Magdeburg,Dusseldorf,4,4,hc,-2.75,home,11.88,1
82LE70Fi,Magdeburg,Dusseldorf,4,4,hc,-2.75,away,1.07,1
82LE70Fi,Magdeburg,Dusseldorf,4,4,hc,3.00,home,1.02,1
82LE70Fi,Magdeburg,Dusseldorf,4,4,hc,3.00,away,22.0,1
82LE70Fi,Magdeburg,Dusseldorf,4,4,hc,-3.00,home,19.71,1
82LE70Fi,Magdeburg,Dusseldorf,4,4,hc,-3.00,away,1.03,1
82LE70Fi,Magdeburg,Dusseldorf,4,4,hc,3.25,home,1.02,1
82LE70Fi,Magdeburg,Dusseldorf,4,4,hc,3.25,away,22.5,1
82LE70Fi,Magdeburg,Dusseldorf,4,4,hc,-3.25,home,20.35,1
82LE70Fi,Magdeburg,Dusseldorf,4,4,hc,-3.25,away,1.03,1
82LE70Fi,Magdeburg,Dusseldorf,4,4,hc,3.50,home,1.02,1
82LE70Fi,Magdeburg,Dusseldorf,4,4,hc,3.50,away,23.0,1
82LE70Fi,Magdeburg,Dusseldorf,4,4,hc,-3.50,home,21.0,1
82LE70Fi,Magdeburg,Dusseldorf,4,4,hc,-3.50,away,1.03,1
82LE70Fi,Magdeburg,Dusseldorf,4,4,hc,3.75,away,23.0,1
82LE70Fi,Magdeburg,Dusseldorf,4,4,hc,-3.75,home,21.0,1
82LE70Fi,Magdeburg,Dusseldorf,4,4,hc,0.25,home,1.65,1
82LE70Fi,Magdeburg,Dusseldorf,4,4,hc,0.25,away,2.45,1
82LE70Fi,Magdeburg,Dusseldorf,4,4,hc,-0.25,home,2.13,1
82LE70Fi,Magdeburg,Dusseldorf,4,4,hc,-0.25,away,1.85,1
82LE70Fi,Magdeburg,Dusseldorf,4,4,dc,0,home/draw,1.53,1
82LE70Fi,Magdeburg,Dusseldorf,4,4,dc,0,home/away,1.3,1
82LE70Fi,Magdeburg,Dusseldorf,4,4,dc,0,draw/away,1.68,1
G8YSqcNp,Schalke,Elversberg,1,1,1x2,0,home,5.0,1
G8YSqcNp,Schalke,Elversberg,1,1,1x2,0,draw,4.8,1
G8YSqcNp,Schalke,Elversberg,1,1,1x2,0,away,1.66,1
G8YSqcNp,Schalke,Elversberg,1,1,ou,0.50,over,1.03,1
G8YSqcNp,Schalke,Elversberg,1,1,ou,0.50,under,32.0,1
G8YSqcNp,Schalke,Elversberg,1,1,ou,1.50,over,1.13,1
G8YSqcNp,Schalke,Elversberg,1,1,ou,1.50,under,8.0,1
G8YSqcNp,Schalke,Elversberg,1,1,ou,2.50,over,1.41,1
G8YSqcNp,Schalke,Elversberg,1,1,ou,2.50,under,3.3,1
G8YSqcNp,Schalke,Elversberg,1,1,ou,3.50,over,2.02,1
G8YSqcNp,Schalke,Elversberg,1,1,ou,3.50,under,1.94,1
G8YSqcNp,Schalke,Elversberg,1,1,ou,4.50,over,3.4,1
G8YSqcNp,Schalke,Elversberg,1,1,ou,4.50,under,1.4,1
G8YSqcNp,Schalke,Elversberg,1,1,ou,5.50,over,6.4,1
G8YSqcNp,Schalke,Elversberg,1,1,ou,5.50,under,1.17,1
G8YSqcNp,Schalke,Elversberg,1,1,ou,6.50,over,14.0,1
G8YSqcNp,Schalke,Elversberg,1,1,ou,6.50,under,1.07,1
G8YSqcNp,Schalke,Elversberg,1,1,ou,7.50,over,30.0,1
G8YSqcNp,Schalke,Elversberg,1,1,ou,7.50,under,1.02,1
G8YSqcNp,Schalke,Elversberg,1,1,hc,0,home,4.03,1
G8YSqcNp,Schalke,Elversberg,1,1,hc,0,away,1.32,1
G8YSqcNp,Schalke,Elversberg,1,1,hc,0.50,home,2.47,1
G8YSqcNp,Schalke,Elversberg,1,1,hc,0.50,away,1.66,1
G8YSqcNp,Schalke,Elversberg,1,1,hc,-0.50,home,5.1,1
G8YSqcNp,Schalke,Elversberg,1,1,hc,-0.50,away,1.24,1
G8YSqcNp,Schalke,Elversberg,1,1,hc,0.75,home,2.2,1
G8YSqcNp,Schalke,Elversberg,1,1,hc,0.75,away,1.8,1
G8YSqcNp,Schalke,Elversberg,1,1,hc,-0.75,home,6.72,1
G8YSqcNp,Schalke,Elversberg,1,1,hc,-0.75,away,1.17,1
G8YSqcNp,Schalke,Elversberg,1,1,hc,1.00,home,1.94,1
G8YSqcNp,Schalke,Elversberg,1,1,hc,1.00,away,2.03,1
G8YSqcNp,Schalke,Elversberg,1,1,hc,-1.00,home,10.09,1
G8YSqcNp,Schalke,Elversberg,1,1,hc,-1.00,away,1.09,1
G8YSqcNp,Schalke,Elversberg,1,1,hc,1.25,home,1.73,1
G8YSqcNp,Schalke,Elversberg,1,1,hc,1.25,away,2.31,1
G8YSqcNp,Schalke,Elversberg,1,1,hc,-1.25,home,10.72,1
G8YSqcNp,Schalke,Elversberg,1,1,hc,-1.25,away,1.09,1
G8YSqcNp,Schalke,Elversberg,1,1,hc,1.50,home,1.6,1
G8YSqcNp,Schalke,Elversberg,1,1,hc,1.50,away,2.58,1
G8YSqcNp,Schalke,Elversberg,1,1,hc,-1.50,home,11.35,1
G8YSqcNp,Schalke,Elversberg,1,1,hc,-1.50,away,1.08,1
G8YSqcNp,Schalke,Elversberg,1,1,hc,1.75,home,1.46,1
G8YSqcNp,Schalke,Elversberg,1,1,hc,1.75,away,3.05,1
G8YSqcNp,Schalke,Elversberg,1,1,hc,-1.75,home,16.25,1
G8YSqcNp,Schalke,Elversberg,1,1,hc,-1.75,away,1.05,1
G8YSqcNp,Schalke,Elversberg,1,1,hc,2.00,home,1.32,1
G8YSqcNp,Schalke,Elversberg,1,1,hc,2.00,away,3.94,1
G8YSqcNp,Schalke,Elversberg,1,1,hc,-2.00,home,28.45,1
G8YSqcNp,Schalke,Elversberg,1,1,hc,-2.00,away,1.02,1
G8YSqcNp,Schalke,Elversberg,1,1,hc,2.25,home,1.28,1
G8YSqcNp,Schalke,Elversberg,1,1,hc,2.25,away,4.32,1
G8YSqcNp,Schalke,Elversberg,1,1,hc,-2.25,home,29.22,1
G8YSqcNp,Schalke,Elversberg,1,1,hc,-2.25,away,1.02,1
G8YSqcNp,Schalke,Elversberg,1,1,hc,2.50,home,1.25,1
G8YSqcNp,Schalke,Elversberg,1,1,hc,2.50,away,4.71,1
G8YSqcNp,Schalke,Elversberg,1,1,hc,-2.50,home,30.0,1
G8YSqcNp,Schalke,Elversberg,1,1,hc,-2.50,away,1.02,1
G8YSqcNp,Schalke,Elversberg,1,1,hc,2.75,home,1.18,1
G8YSqcNp,Schalke,Elversberg,1,1,hc,2.75,away,5.98,1
G8YSqcNp,Schalke,Elversberg,1,1,hc,-2.75,home,44.5,1
G8YSqcNp,Schalke,Elversberg,1,1,hc,3.00,home,1.11,1
G8YSqcNp,Schalke,Elversberg,1,1,hc,3.00,away,8.56,1
G8YSqcNp,Schalke,Elversberg,1,1,hc,3.25,home,1.1,1
G8YSqcNp,Schalke,Elversberg,1,1,hc,3.25,away,9.08,1
G8YSqcNp,Schalke,Elversberg,1,1,hc,3.50,home,1.1,1
G8YSqcNp,Schalke,Elversberg,1,1,hc,3.50,away,9.6,1
G8YSqcNp,Schalke,Elversberg,1,1,hc,3.75,home,1.07,1
G8YSqcNp,Schalke,Elversberg,1,1,hc,3.75,away,9.6,1
G8YSqcNp,Schalke,Elversberg,1,1,hc,4.00,home,1.02,1
G8YSqcNp,Schalke,Elversberg,1,1,hc,4.00,away,9.6,1
G8YSqcNp,Schalke,Elversberg,1,1,hc,0.25,home,2.98,1
G8YSqcNp,Schalke,Elversberg,1,1,hc,0.25,away,1.49,1
G8YSqcNp,Schalke,Elversberg,1,1,hc,-0.25,home,4.56,1
G8YSqcNp,Schalke,Elversberg,1,1,hc,-0.25,away,1.27,1
G8YSqcNp,Schalke,Elversberg,1,1,dc,0,home/draw,2.42,1
G8YSqcNp,Schalke,Elversberg,1,1,dc,0,home/away,1.25,1
G8YSqcNp,Schalke,Elversberg,1,1,dc,0,draw/away,1.24,1
GADn4R8a,Greuther Furth,Hamburger SV,3,3,1x2,0,home,2.62,1
GADn4R8a,Greuther Furth,Hamburger SV,3,3,1x2,0,draw,4.1,1
GADn4R8a,Greuther Furth,Hamburger SV,3,3,1x2,0,away,2.6,1
GADn4R8a,Greuther Furth,Hamburger SV,3,3,ou,0.50,over,1.03,1
GADn4R8a,Greuther Furth,Hamburger SV,3,3,ou,0.50,under,29.0,1
GADn4R8a,Greuther Furth,Hamburger SV,3,3,ou,1.50,over,1.15,1
GADn4R8a,Greuther Furth,Hamburger SV,3,3,ou,1.50,under,7.4,1
GADn4R8a,Greuther Furth,Hamburger SV,3,3,ou,2.50,over,1.46,1
GADn4R8a,Greuther Furth,Hamburger SV,3,3,ou,2.50,under,3.1,1
GADn4R8a,Greuther Furth,Hamburger SV,3,3,ou,3.50,over,2.16,1
GADn4R8a,Greuther Furth,Hamburger SV,3,3,ou,3.50,under,1.83,1
GADn4R8a,Greuther Furth,Hamburger SV,3,3,ou,4.50,over,3.7,1
GADn4R8a,Greuther Furth,Hamburger SV,3,3,ou,4.50,under,1.35,1
GADn4R8a,Greuther Furth,Hamburger SV,3,3,ou,5.50,over,7.2,1
GADn4R8a,Greuther Furth,Hamburger SV,3,3,ou,5.50,under,1.15,1
GADn4R8a,Greuther Furth,Hamburger SV,3,3,ou,6.50,over,15.5,1
GADn4R8a,Greuther Furth,Hamburger SV,3,3,ou,6.50,under,1.06,1
GADn4R8a,Greuther Furth,Hamburger SV,3,3,ou,7.50,over,34.0,1
GADn4R8a,Greuther Furth,Hamburger SV,3,3,ou,7.50,under,1.02,1
GADn4R8a,Greuther Furth,Hamburger SV,3,3,hc,0,home,2.0,1
GADn4R8a,Greuther Furth,Hamburger SV,3,3,hc,0,away,1.98,1
GADn4R8a,Greuther Furth,Hamburger SV,3,3,hc,0.50,home,1.61,1
GADn4R8a,Greuther Furth,Hamburger SV,3,3,hc,0.50,away,2.61,1
GADn4R8a,Greuther Furth,Hamburger SV,3,3,hc,-0.50,home,2.63,1
GADn4R8a,Greuther Furth,Hamburger SV,3,3,hc,-0.50,away,1.6,1
GADn4R8a,Greuther Furth,Hamburger SV,3,3,hc,0.75,home,1.46,1
GADn4R8a,Greuther Furth,Hamburger SV,3,3,hc,0.75,away,3.08,1
GADn4R8a,Greuther Furth,Hamburger SV,3,3,hc,-0.75,home,3.12,1
GADn4R8a,Greuther Furth,Hamburger SV,3,3,hc,-0.75,away,1.46,1
GADn4R8a,Greuther Furth,Hamburger SV,3,3,hc,1.00,home,1.31,1
GADn4R8a,Greuther Furth,Hamburger SV,3,3,hc,1.00,away,3.96,1
GADn4R8a,Greuther Furth,Hamburger SV,3,3,hc,-1.00,home,4.03,1
GADn4R8a,Greuther Furth,Hamburger SV,3,3,hc,-1.00,away,1.3,1
GADn4R8a,Greuther Furth,Hamburger SV,3,3,hc,1.25,home,1.27,1
GADn4R8a,Greuther Furth,Hamburger SV,3,3,hc,1.25,away,4.38,1
GADn4R8a,Greuther Furth,Hamburger SV,3,3,hc,-1.25,home,4.46,1
GADn4R8a,Greuther Furth,Hamburger SV,3,3,hc,-1.25,away,1.26,1
GADn4R8a,Greuther Furth,Hamburger SV,3,3,hc,1.50,home,1.24,1
GADn4R8a,Greuther Furth,Hamburger SV,3,3,hc,1.50,away,4.8,1
GADn4R8a,Greuther Furth,Hamburger SV,3,3,hc,-1.50,home,4.9,1
GADn4R8a,Greuther Furth,Hamburger SV,3,3,hc,-1.50,away,1.23,1
GADn4R8a,Greuther Furth,Hamburger SV,3,3,hc,1.75,home,1.17,1
GADn4R8a,Greuther Furth,Hamburger SV,3,3,hc,1.75,away,6.24,1
GADn4R8a,Greuther Furth,Hamburger SV,3,3,hc,-1.75,home,6.39,1
GADn4R8a,Greuther Furth,Hamburger SV,3,3,hc,-1.75,away,1.17,1
GADn4R8a,Greuther Furth,Hamburger SV,3,3,hc,2.00,home,1.1,1
GADn4R8a,Greuther Furth,Hamburger SV,3,3,hc,2.00,away,9.31,1
GADn4R8a,Greuther Furth,Hamburger SV,3,3,hc,-2.00,home,9.53,1
GADn4R8a,Greuther Furth,Hamburger SV,3,3,hc,-2.00,away,1.1,1
GADn4R8a,Greuther Furth,Hamburger SV,3,3,hc,2.25,home,1.09,1
GADn4R8a,Greuther Furth,Hamburger SV,3,3,hc,2.25,away,9.83,1
GADn4R8a,Greuther Furth,Hamburger SV,3,3,hc,-2.25,home,10.11,1
GADn4R8a,Greuther Furth,Hamburger SV,3,3,hc,-2.25,away,1.09,1
GADn4R8a,Greuther Furth,Hamburger SV,3,3,hc,2.50,home,1.09,1
GADn4R8a,Greuther Furth,Hamburger SV,3,3,hc,2.50,away,10.24,1
GADn4R8a,Greuther Furth,Hamburger SV,3,3,hc,-2.50,home,10.71,1
GADn4R8a,Greuther Furth,Hamburger SV,3,3,hc,-2.50,away,1.09,1
GADn4R8a,Greuther Furth,Hamburger SV,3,3,hc,2.75,home,1.06,1
GADn4R8a,Greuther Furth,Hamburger SV,3,3,hc,2.75,away,14.5,1
GADn4R8a,Greuther Furth,Hamburger SV,3,3,hc,-2.75,home,14.95,1
GADn4R8a,Greuther Furth,Hamburger SV,3,3,hc,-2.75,away,1.05,1
GADn4R8a,Greuther Furth,Hamburger SV,3,3,hc,3.00,home,1.03,1
GADn4R8a,Greuther Furth,Hamburger SV,3,3,hc,3.00,away,25.45,1
GADn4R8a,Greuther Furth,Hamburger SV,3,3,hc,-3.00,home,26.45,1
GADn4R8a,Greuther Furth,Hamburger SV,3,3,hc,-3.00,away,1.02,1
GADn4R8a,Greuther Furth,Hamburger SV,3,3,hc,3.25,home,1.03,1
GADn4R8a,Greuther Furth,Hamburger SV,3,3,hc,3.25,away,26.21,1
GADn4R8a,Greuther Furth,Hamburger SV,3,3,hc,-3.25,home,27.22,1
GADn4R8a,Greuther Furth,Hamburger SV,3,3,hc,-3.25,away,1.02,1
GADn4R8a,Greuther Furth,Hamburger SV,3,3,hc,3.50,home,1.03,1
GADn4R8a,Greuther Furth,Hamburger SV,3,3,hc,3.50,away,27.0,1
GADn4R8a,Greuther Furth,Hamburger SV,3,3,hc,-3.50,home,28.0,1
GADn4R8a,Greuther Furth,Hamburger SV,3,3,hc,-3.50,away,1.02,1
GADn4R8a,Greuther Furth,Hamburger SV,3,3,hc,3.75,away,27.0,1
GADn4R8a,Greuther Furth,Hamburger SV,3,3,hc,-3.75,home,28.0,1
GADn4R8a,Greuther Furth,Hamburger SV,3,3,hc,0.25,home,1.76,1
GADn4R8a,Greuther Furth,Hamburger SV,3,3,hc,0.25,away,2.29,1
GADn4R8a,Greuther Furth,Hamburger SV,3,3,hc,-0.25,home,2.31,1
GADn4R8a,Greuther Furth,Hamburger SV,3,3,hc,-0.25,away,1.75,1
GADn4R8a,Greuther Furth,Hamburger SV,3,3,dc,0,home/draw,1.6,1
GADn4R8a,Greuther Furth,Hamburger SV,3,3,dc,0,home/away,1.31,1
GADn4R8a,Greuther Furth,Hamburger SV,3,3,dc,0,draw/away,1.6,1
OzHf25wC,Hertha Berlin,Hannover,1,1,1x2,0,home,2.14,1
OzHf25wC,Hertha Berlin,Hannover,1,1,1x2,0,draw,4.1,1
OzHf25wC,Hertha Berlin,Hannover,1,1,1x2,0,away,3.35,1
OzHf25wC,Hertha Berlin,Hannover,1,1,ou,0.50,over,1.03,1
OzHf25wC,Hertha Berlin,Hannover,1,1,ou,0.50,under,26.0,1
OzHf25wC,Hertha Berlin,Hannover,1,1,ou,1.50,over,1.16,1
OzHf25wC,Hertha Berlin,Hannover,1,1,ou,1.50,under,6.8,1
OzHf25wC,Hertha Berlin,Hannover,1,1,ou,2.50,over,1.49,1
OzHf25wC,Hertha Berlin,Hannover,1,1,ou,2.50,under,2.98,1
OzHf25wC,Hertha Berlin,Hannover,1,1,ou,3.50,over,2.2,1
OzHf25wC,Hertha Berlin,Hannover,1,1,ou,3.50,under,1.8,1
OzHf25wC,Hertha Berlin,Hannover,1,1,ou,4.50,over,3.85,1
OzHf25wC,Hertha Berlin,Hannover,1,1,ou,4.50,under,1.33,1
OzHf25wC,Hertha Berlin,Hannover,1,1,ou,5.50,over,7.6,1
OzHf25wC,Hertha Berlin,Hannover,1,1,ou,5.50,under,1.14,1
OzHf25wC,Hertha Berlin,Hannover,1,1,ou,6.50,over,17.5,1
OzHf25wC,Hertha Berlin,Hannover,1,1,ou,6.50,under,1.05,1
OzHf25wC,Hertha Berlin,Hannover,1,1,ou,7.50,over,38.0,1
OzHf25wC,Hertha Berlin,Hannover,1,1,hc,0,home,1.62,1
OzHf25wC,Hertha Berlin,Hannover,1,1,hc,0,away,2.58,1
OzHf25wC,Hertha Berlin,Hannover,1,1,hc,0.50,home,1.41,1
OzHf25wC,Hertha Berlin,Hannover,1,1,hc,0.50,away,3.39,1
OzHf25wC,Hertha Berlin,Hannover,1,1,hc,-0.50,home,2.14,1
OzHf25wC,Hertha Berlin,Hannover,1,1,hc,-0.50,away,1.86,1
OzHf25wC,Hertha Berlin,Hannover,1,1,hc,0.75,home,1.3,1
OzHf25wC,Hertha Berlin,Hannover,1,1,hc,0.75,away,4.22,1
OzHf25wC,Hertha Berlin,Hannover,1,1,hc,-0.75,home,2.46,1
OzHf25wC,Hertha Berlin,Hannover,1,1,hc,-0.75,away,1.66,1
OzHf25wC,Hertha Berlin,Hannover,1,1,hc,1.00,home,1.19,1
OzHf25wC,Hertha Berlin,Hannover,1,1,hc,1.00,away,5.93,1
OzHf25wC,Hertha Berlin,Hannover,1,1,hc,-1.00,home,3.03,1
OzHf25wC,Hertha Berlin,Hannover,1,1,hc,-1.00,away,1.46,1
OzHf25wC,Hertha Berlin,Hannover,1,1,hc,1.25,home,1.17,1
OzHf25wC,Hertha Berlin,Hannover,1,1,hc,1.25,away,6.46,1
OzHf25wC,Hertha Berlin,Hannover,1,1,hc,-1.25,home,3.42,1
OzHf25wC,Hertha Berlin,Hannover,1,1,hc,-1.25,away,1.39,1
OzHf25wC,Hertha Berlin,Hannover,1,1,hc,1.50,home,1.15,1
OzHf25wC,Hertha Berlin,Hannover,1,1,hc,1.50,away,6.99,1
OzHf25wC,Hertha Berlin,Hannover,1,1,hc,-1.50,home,3.8,1
OzHf25wC,Hertha Berlin,Hannover,1,1,hc,-1.50,away,1.33,1
OzHf25wC,Hertha Berlin,Hannover,1,1,hc,1.75,home,1.11,1
OzHf25wC,Hertha Berlin,Hannover,1,1,hc,1.75,away,9.44,1
OzHf25wC,Hertha Berlin,Hannover,1,1,hc,-1.75,home,4.81,1
OzHf25wC,Hertha Berlin,Hannover,1,1,hc,-1.75,away,1.24,1
OzHf25wC,Hertha Berlin,Hannover,1,1,hc,2.00,home,1.06,1
OzHf25wC,Hertha Berlin,Hannover,1,1,hc,2.00,away,14.71,1
OzHf25wC,Hertha Berlin,Hannover,1,1,hc,-2.00,home,6.9,1
OzHf25wC,Hertha Berlin,Hannover,1,1,hc,-2.00,away,1.15,1
OzHf25wC,Hertha Berlin,Hannover,1,1,hc,2.25,home,1.06,1
OzHf25wC,Hertha Berlin,Hannover,1,1,hc,2.25,away,15.35,1
OzHf25wC,Hertha Berlin,Hannover,1,1,hc,-2.25,home,7.45,1
OzHf25wC,Hertha Berlin,Hannover,1,1,hc,-2.25,away,1.14,1
OzHf25wC,Hertha Berlin,Hannover,1,1,hc,2.50,home,1.05,1
OzHf25wC,Hertha Berlin,Hannover,1,1,hc,2.50,away,16.0,1
OzHf25wC,Hertha Berlin,Hannover,1,1,hc,-2.50,home,8.0,1
OzHf25wC,Hertha Berlin,Hannover,1,1,hc,-2.50,away,1.13,1
OzHf25wC,Hertha Berlin,Hannover,1,1,hc,2.75,home,1.03,1
OzHf25wC,Hertha Berlin,Hannover,1,1,hc,2.75,away,23.72,1
OzHf25wC,Hertha Berlin,Hannover,1,1,hc,-2.75,home,10.96,1
OzHf25wC,Hertha Berlin,Hannover,1,1,hc,-2.75,away,1.09,1
OzHf25wC,Hertha Berlin,Hannover,1,1,hc,3.00,away,29.33,1
OzHf25wC,Hertha Berlin,Hannover,1,1,hc,-3.00,home,15.69,1
OzHf25wC,Hertha Berlin,Hannover,1,1,hc,-3.00,away,1.05,1
OzHf25wC,Hertha Berlin,Hannover,1,1,hc,3.25,away,29.77,1
OzHf25wC,Hertha Berlin,Hannover,1,1,hc,-3.25,home,16.18,1
OzHf25wC,Hertha Berlin,Hannover,1,1,hc,-3.25,away,1.04,1
OzHf25wC,Hertha Berlin,Hannover,1,1,hc,3.50,away,30.22,1
OzHf25wC,Hertha Berlin,Hannover,1,1,hc,-3.50,home,16.31,1
OzHf25wC,Hertha Berlin,Hannover,1,1,hc,-3.50,away,1.04,1
OzHf25wC,Hertha Berlin,Hannover,1,1,hc,-3.75,home,16.31,1
OzHf25wC,Hertha Berlin,Hannover,1,1,hc,-3.75,away,1.02,1
OzHf25wC,Hertha Berlin,Hannover,1,1,hc,0.25,home,1.49,1
OzHf25wC,Hertha Berlin,Hannover,1,1,hc,0.25,away,2.99,1
OzHf25wC,Hertha Berlin,Hannover,1,1,hc,-0.25,home,1.88,1
OzHf25wC,Hertha Berlin,Hannover,1,1,hc,-0.25,away,2.12,1
OzHf25wC,Hertha Berlin,Hannover,1,1,dc,0,home/draw,1.41,1
OzHf25wC,Hertha Berlin,Hannover,1,1,dc,0,home/away,1.31,1
OzHf25wC,Hertha Berlin,Hannover,1,1,dc,0,draw/away,1.86,1
fePw6mvm,Karlsruher SC,Paderborn,3,3,1x2,0,home,4.9,1
fePw6mvm,Karlsruher SC,Paderborn,3,3,1x2,0,draw,4.4,1
fePw6mvm,Karlsruher SC,Paderborn,3,3,1x2,0,away,1.74,1
fePw6mvm,Karlsruher SC,Paderborn,3,3,ou,0.50,over,1.03,1
fePw6mvm,Karlsruher SC,Paderborn,3,3,ou,0.50,under,26.0,1
fePw6mvm,Karlsruher SC,Paderborn,3,3,ou,1.50,over,1.16,1
fePw6mvm,Karlsruher SC,Paderborn,3,3,ou,1.50,under,6.6,1
fePw6mvm,Karlsruher SC,Paderborn,3,3,ou,2.50,over,1.53,1
fePw6mvm,Karlsruher SC,Paderborn,3,3,ou,2.50,under,2.84,1
fePw6mvm,Karlsruher SC,Paderborn,3,3,ou,3.50,over,2.26,1
fePw6mvm,Karlsruher SC,Paderborn,3,3,ou,3.50,under,1.76,1
fePw6mvm,Karlsruher SC,Paderborn,3,3,ou,4.50,over,4.0,1
fePw6mvm,Karlsruher SC,Paderborn,3,3,ou,4.50,under,1.32,1
fePw6mvm,Karlsruher SC,Paderborn,3,3,ou,5.50,over,8.0,1
fePw6mvm,Karlsruher SC,Paderborn,3,3,ou,5.50,under,1.13,1
fePw6mvm,Karlsruher SC,Paderborn,3,3,ou,6.50,over,17.5,1
fePw6mvm,Karlsruher SC,Paderborn,3,3,ou,6.50,under,1.05,1
fePw6mvm,Karlsruher SC,Paderborn,3,3,ou,7.50,over,40.0,1
fePw6mvm,Karlsruher SC,Paderborn,3,3,hc,0,home,3.74,1
fePw6mvm,Karlsruher SC,Paderborn,3,3,hc,0,away,1.35,1
fePw6mvm,Karlsruher SC,Paderborn,3,3,hc,0.50,home,2.33,1
fePw6mvm,Karlsruher SC,Paderborn,3,3,hc,0.50,away,1.74,1
fePw6mvm,Karlsruher SC,Paderborn,3,3,hc,-0.50,home,4.8,1
fePw6mvm,Karlsruher SC,Paderborn,3,3,hc,-0.50,away,1.25,1
fePw6mvm,Karlsruher SC,Paderborn,3,3,hc,0.75,home,2.06,1
fePw6mvm,Karlsruher SC,Paderborn,3,3,hc,0.75,away,1.92,1
fePw6mvm,Karlsruher SC,Paderborn,3,3,hc,-0.75,home,6.36,1
fePw6mvm,Karlsruher SC,Paderborn,3,3,hc,-0.75,away,1.17,1
fePw6mvm,Karlsruher SC,Paderborn,3,3,hc,1.00,home,1.79,1
fePw6mvm,Karlsruher SC,Paderborn,3,3,hc,1.00,away,2.22,1
fePw6mvm,Karlsruher SC,Paderborn,3,3,hc,-1.00,home,10.1,1
fePw6mvm,Karlsruher SC,Paderborn,3,3,hc,-1.00,away,1.09,1
fePw6mvm,Karlsruher SC,Paderborn,3,3,hc,1.25,home,1.62,1
fePw6mvm,Karlsruher SC,Paderborn,3,3,hc,1.25,away,2.53,1
fePw6mvm,Karlsruher SC,Paderborn,3,3,hc,-1.25,home,10.8,1
fePw6mvm,Karlsruher SC,Paderborn,3,3,hc,-1.25,away,1.09,1
fePw6mvm,Karlsruher SC,Paderborn,3,3,hc,1.50,home,1.51,1
fePw6mvm,Karlsruher SC,Paderborn,3,3,hc,1.50,away,2.85,1
fePw6mvm,Karlsruher SC,Paderborn,3,3,hc,-1.50,home,11.5,1
fePw6mvm,Karlsruher SC,Paderborn,3,3,hc,-1.50,away,1.08,1
fePw6mvm,Karlsruher SC,Paderborn,3,3,hc,1.75,home,1.38,1
fePw6mvm,Karlsruher SC,Paderborn,3,3,hc,1.75,away,3.43,1
fePw6mvm,Karlsruher SC,Paderborn,3,3,hc,-1.75,home,16.12,1
fePw6mvm,Karlsruher SC,Paderborn,3,3,hc,-1.75,away,1.05,1
fePw6mvm,Karlsruher SC,Paderborn,3,3,hc,2.00,home,1.24,1
fePw6mvm,Karlsruher SC,Paderborn,3,3,hc,2.00,away,4.57,1
fePw6mvm,Karlsruher SC,Paderborn,3,3,hc,-2.00,home,27.47,1
fePw6mvm,Karlsruher SC,Paderborn,3,3,hc,-2.00,away,1.02,1
fePw6mvm,Karlsruher SC,Paderborn,3,3,hc,2.25,home,1.22,1
fePw6mvm,Karlsruher SC,Paderborn,3,3,hc,2.25,away,5.03,1
fePw6mvm,Karlsruher SC,Paderborn,3,3,hc,-2.25,home,28.23,1
fePw6mvm,Karlsruher SC,Paderborn,3,3,hc,-2.25,away,1.02,1
fePw6mvm,Karlsruher SC,Paderborn,3,3,hc,2.50,home,1.19,1
fePw6mvm,Karlsruher SC,Paderborn,3,3,hc,2.50,away,5.5,1
fePw6mvm,Karlsruher SC,Paderborn,3,3,hc,-2.50,home,29.0,1
fePw6mvm,Karlsruher SC,Paderborn,3,3,hc,-2.50,away,1.02,1
fePw6mvm,Karlsruher SC,Paderborn,3,3,hc,2.75,home,1.14,1
fePw6mvm,Karlsruher SC,Paderborn,3,3,hc,2.75,away,7.2,1
fePw6mvm,Karlsruher SC,Paderborn,3,3,hc,-2.75,home,32.91,1
fePw6mvm,Karlsruher SC,Paderborn,3,3,hc,3.00,home,1.08,1
fePw6mvm,Karlsruher SC,Paderborn,3,3,hc,3.00,away,11.0,1
fePw6mvm,Karlsruher SC,Paderborn,3,3,hc,3.25,home,1.08,1
fePw6mvm,Karlsruher SC,Paderborn,3,3,hc,3.25,away,11.47,1
fePw6mvm,Karlsruher SC,Paderborn,3,3,hc,3.50,home,1.07,1
fePw6mvm,Karlsruher SC,Paderborn,3,3,hc,3.50,away,11.95,1
fePw6mvm,Karlsruher SC,Paderborn,3,3,hc,3.75,home,1.04,1
fePw6mvm,Karlsruher SC,Paderborn,3,3,hc,3.75,away,11.96,1
fePw6mvm,Karlsruher SC,Paderborn,3,3,hc,4.00,away,11.96,1
fePw6mvm,Karlsruher SC,Paderborn,3,3,hc,0.25,home,2.79,1
fePw6mvm,Karlsruher SC,Paderborn,3,3,hc,0.25,away,1.54,1
fePw6mvm,Karlsruher SC,Paderborn,3,3,hc,-0.25,home,4.27,1
fePw6mvm,Karlsruher SC,Paderborn,3,3,hc,-0.25,away,1.29,1
fePw6mvm,Karlsruher SC,Paderborn,3,3,dc,0,home/draw,2.32,1
fePw6mvm,Karlsruher SC,Paderborn,3,3,dc,0,home/away,1.27,1
fePw6mvm,Karlsruher SC,Paderborn,3,3,dc,0,draw/away,1.25,1
CfIV3IEG,Ulm,Preussen Munster,2,2,1x2,0,home,3.7,1
CfIV3IEG,Ulm,Preussen Munster,2,2,1x2,0,draw,3.75,1
CfIV3IEG,Ulm,Preussen Munster,2,2,1x2,0,away,2.12,1
CfIV3IEG,Ulm,Preussen Munster,2,2,ou,0.50,over,1.06,1
CfIV3IEG,Ulm,Preussen Munster,2,2,ou,0.50,under,15.0,1
CfIV3IEG,Ulm,Preussen Munster,2,2,ou,1.50,over,1.29,1
CfIV3IEG,Ulm,Preussen Munster,2,2,ou,1.50,under,4.3,1
CfIV3IEG,Ulm,Preussen Munster,2,2,ou,2.50,over,1.88,1
CfIV3IEG,Ulm,Preussen Munster,2,2,ou,2.50,under,2.1,1
CfIV3IEG,Ulm,Preussen Munster,2,2,ou,3.50,over,3.15,1
CfIV3IEG,Ulm,Preussen Munster,2,2,ou,3.50,under,1.44,1
CfIV3IEG,Ulm,Preussen Munster,2,2,ou,4.50,over,6.6,1
CfIV3IEG,Ulm,Preussen Munster,2,2,ou,4.50,under,1.17,1
CfIV3IEG,Ulm,Preussen Munster,2,2,ou,5.50,over,15.0,1
CfIV3IEG,Ulm,Preussen Munster,2,2,ou,5.50,under,1.06,1
CfIV3IEG,Ulm,Preussen Munster,2,2,ou,6.50,over,34.0,1
CfIV3IEG,Ulm,Preussen Munster,2,2,ou,6.50,under,1.02,1
CfIV3IEG,Ulm,Preussen Munster,2,2,hc,0,home,2.76,1
CfIV3IEG,Ulm,Preussen Munster,2,2,hc,0,away,1.56,1
CfIV3IEG,Ulm,Preussen Munster,2,2,hc,0.50,home,1.88,1
CfIV3IEG,Ulm,Preussen Munster,2,2,hc,0.50,away,2.12,1
CfIV3IEG,Ulm,Preussen Munster,2,2,hc,-0.50,home,3.74,1
CfIV3IEG,Ulm,Preussen Munster,2,2,hc,-0.50,away,1.36,1
CfIV3IEG,Ulm,Preussen Munster,2,2,hc,0.75,home,1.66,1
CfIV3IEG,Ulm,Preussen Munster,2,2,hc,0.75,away,2.47,1
CfIV3IEG,Ulm,Preussen Munster,2,2,hc,-0.75,home,4.91,1
CfIV3IEG,Ulm,Preussen Munster,2,2,hc,-0.75,away,1.24,1
CfIV3IEG,Ulm,Preussen Munster,2,2,hc,1.00,home,1.43,1
CfIV3IEG,Ulm,Preussen Munster,2,2,hc,1.00,away,3.13,1
CfIV3IEG,Ulm,Preussen Munster,2,2,hc,-1.00,home,7.74,1
CfIV3IEG,Ulm,Preussen Munster,2,2,hc,-1.00,away,1.13,1
CfIV3IEG,Ulm,Preussen Munster,2,2,hc,1.25,home,1.35,1
CfIV3IEG,Ulm,Preussen Munster,2,2,hc,1.25,away,3.58,1
CfIV3IEG,Ulm,Preussen Munster,2,2,hc,-1.25,home,8.47,1
CfIV3IEG,Ulm,Preussen Munster,2,2,hc,-1.25,away,1.12,1
CfIV3IEG,Ulm,Preussen Munster,2,2,hc,1.50,home,1.3,1
CfIV3IEG,Ulm,Preussen Munster,2,2,hc,1.50,away,4.03,1
CfIV3IEG,Ulm,Preussen Munster,2,2,hc,-1.50,home,9.2,1
CfIV3IEG,Ulm,Preussen Munster,2,2,hc,-1.50,away,1.11,1
CfIV3IEG,Ulm,Preussen Munster,2,2,hc,1.75,home,1.21,1
CfIV3IEG,Ulm,Preussen Munster,2,2,hc,1.75,away,5.25,1
CfIV3IEG,Ulm,Preussen Munster,2,2,hc,-1.75,home,12.75,1
CfIV3IEG,Ulm,Preussen Munster,2,2,hc,-1.75,away,1.07,1
CfIV3IEG,Ulm,Preussen Munster,2,2,hc,2.00,home,1.12,1
CfIV3IEG,Ulm,Preussen Munster,2,2,hc,2.00,away,7.66,1
CfIV3IEG,Ulm,Preussen Munster,2,2,hc,-2.00,home,21.74,1
CfIV3IEG,Ulm,Preussen Munster,2,2,hc,-2.00,away,1.03,1
CfIV3IEG,Ulm,Preussen Munster,2,2,hc,2.25,home,1.11,1
CfIV3IEG,Ulm,Preussen Munster,2,2,hc,2.25,away,7.54,1
CfIV3IEG,Ulm,Preussen Munster,2,2,hc,-2.25,home,22.49,1
CfIV3IEG,Ulm,Preussen Munster,2,2,hc,-2.25,away,1.03,1
CfIV3IEG,Ulm,Preussen Munster,2,2,hc,2.50,home,1.1,1
CfIV3IEG,Ulm,Preussen Munster,2,2,hc,2.50,away,8.01,1
CfIV3IEG,Ulm,Preussen Munster,2,2,hc,-2.50,home,23.24,1
CfIV3IEG,Ulm,Preussen Munster,2,2,hc,-2.50,away,1.03,1
CfIV3IEG,Ulm,Preussen Munster,2,2,hc,2.75,home,1.06,1
CfIV3IEG,Ulm,Preussen Munster,2,2,hc,2.75,away,12.0,1
CfIV3IEG,Ulm,Preussen Munster,2,2,hc,-2.75,home,30.33,1
CfIV3IEG,Ulm,Preussen Munster,2,2,hc,3.00,home,1.03,1
CfIV3IEG,Ulm,Preussen Munster,2,2,hc,3.00,away,20.65,1
CfIV3IEG,Ulm,Preussen Munster,2,2,hc,-3.00,home,43.59,1
CfIV3IEG,Ulm,Preussen Munster,2,2,hc,3.25,home,1.03,1
CfIV3IEG,Ulm,Preussen Munster,2,2,hc,3.25,away,21.32,1
CfIV3IEG,Ulm,Preussen Munster,2,2,hc,-3.25,home,44.07,1
CfIV3IEG,Ulm,Preussen Munster,2,2,hc,3.50,home,1.03,1
CfIV3IEG,Ulm,Preussen Munster,2,2,hc,3.50,away,22.0,1
CfIV3IEG,Ulm,Preussen Munster,2,2,hc,-3.50,home,44.56,1
CfIV3IEG,Ulm,Preussen Munster,2,2,hc,3.75,away,22.0,1
CfIV3IEG,Ulm,Preussen Munster,2,2,hc,0.25,home,2.17,1
CfIV3IEG,Ulm,Preussen Munster,2,2,hc,0.25,away,1.84,1
CfIV3IEG,Ulm,Preussen Munster,2,2,hc,-0.25,home,3.25,1
CfIV3IEG,Ulm,Preussen Munster,2,2,hc,-0.25,away,1.44,1
CfIV3IEG,Ulm,Preussen Munster,2,2,dc,0,home/draw,1.87,1
CfIV3IEG,Ulm,Preussen Munster,2,2,dc,0,home/away,1.35,1
CfIV3IEG,Ulm,Preussen Munster,2,2,dc,0,draw/away,1.36,1
6en691Ts,Kaiserslautern,Darmstadt,2,2,1x2,0,home,2.04,1
6en691Ts,Kaiserslautern,Darmstadt,2,2,1x2,0,draw,4.3,1
6en691Ts,Kaiserslautern,Darmstadt,2,2,1x2,0,away,3.5,1
6en691Ts,Kaiserslautern,Darmstadt,2,2,ou,0.50,over,1.03,1
6en691Ts,Kaiserslautern,Darmstadt,2,2,ou,0.50,under,30.0,1
6en691Ts,Kaiserslautern,Darmstadt,2,2,ou,1.50,over,1.14,1
6en691Ts,Kaiserslautern,Darmstadt,2,2,ou,1.50,under,7.6,1
6en691Ts,Kaiserslautern,Darmstadt,2,2,ou,2.50,over,1.45,1
6en691Ts,Kaiserslautern,Darmstadt,2,2,ou,2.50,under,3.15,1
6en691Ts,Kaiserslautern,Darmstadt,2,2,ou,3.50,over,2.1,1
6en691Ts,Kaiserslautern,Darmstadt,2,2,ou,3.50,under,1.89,1
6en691Ts,Kaiserslautern,Darmstadt,2,2,ou,4.50,over,3.6,1
6en691Ts,Kaiserslautern,Darmstadt,2,2,ou,4.50,under,1.37,1
6en691Ts,Kaiserslautern,Darmstadt,2,2,ou,5.50,over,7.0,1
6en691Ts,Kaiserslautern,Darmstadt,2,2,ou,5.50,under,1.16,1
6en691Ts,Kaiserslautern,Darmstadt,2,2,ou,6.50,over,14.5,1
6en691Ts,Kaiserslautern,Darmstadt,2,2,ou,6.50,under,1.07,1
6en691Ts,Kaiserslautern,Darmstadt,2,2,ou,7.50,over,34.0,1
6en691Ts,Kaiserslautern,Darmstadt,2,2,ou,7.50,under,1.02,1
6en691Ts,Kaiserslautern,Darmstadt,2,2,hc,0,home,1.56,1
6en691Ts,Kaiserslautern,Darmstadt,2,2,hc,0,away,2.69,1
6en691Ts,Kaiserslautern,Darmstadt,2,2,hc,0.50,home,1.38,1
6en691Ts,Kaiserslautern,Darmstadt,2,2,hc,0.50,away,3.5,1
6en691Ts,Kaiserslautern,Darmstadt,2,2,hc,-0.50,home,2.04,1
6en691Ts,Kaiserslautern,Darmstadt,2,2,hc,-0.50,away,1.93,1
6en691Ts,Kaiserslautern,Darmstadt,2,2,hc,0.75,home,1.28,1
6en691Ts,Kaiserslautern,Darmstadt,2,2,hc,0.75,away,4.36,1
6en691Ts,Kaiserslautern,Darmstadt,2,2,hc,-0.75,home,2.31,1
6en691Ts,Kaiserslautern,Darmstadt,2,2,hc,-0.75,away,1.72,1
6en691Ts,Kaiserslautern,Darmstadt,2,2,hc,1.00,home,1.17,1
6en691Ts,Kaiserslautern,Darmstadt,2,2,hc,1.00,away,6.14,1
6en691Ts,Kaiserslautern,Darmstadt,2,2,hc,-1.00,home,2.78,1
6en691Ts,Kaiserslautern,Darmstadt,2,2,hc,-1.00,away,1.52,1
6en691Ts,Kaiserslautern,Darmstadt,2,2,hc,1.25,home,1.16,1
6en691Ts,Kaiserslautern,Darmstadt,2,2,hc,1.25,away,6.67,1
6en691Ts,Kaiserslautern,Darmstadt,2,2,hc,-1.25,home,3.14,1
6en691Ts,Kaiserslautern,Darmstadt,2,2,hc,-1.25,away,1.43,1
6en691Ts,Kaiserslautern,Darmstadt,2,2,hc,1.50,home,1.14,1
6en691Ts,Kaiserslautern,Darmstadt,2,2,hc,1.50,away,7.2,1
6en691Ts,Kaiserslautern,Darmstadt,2,2,hc,-1.50,home,3.5,1
6en691Ts,Kaiserslautern,Darmstadt,2,2,hc,-1.50,away,1.37,1
6en691Ts,Kaiserslautern,Darmstadt,2,2,hc,1.75,home,1.1,1
6en691Ts,Kaiserslautern,Darmstadt,2,2,hc,1.75,away,9.79,1
6en691Ts,Kaiserslautern,Darmstadt,2,2,hc,-1.75,home,4.33,1
6en691Ts,Kaiserslautern,Darmstadt,2,2,hc,-1.75,away,1.27,1
6en691Ts,Kaiserslautern,Darmstadt,2,2,hc,2.00,home,1.05,1
6en691Ts,Kaiserslautern,Darmstadt,2,2,hc,2.00,away,16.09,1
6en691Ts,Kaiserslautern,Darmstadt,2,2,hc,-2.00,home,6.0,1
6en691Ts,Kaiserslautern,Darmstadt,2,2,hc,-2.00,away,1.18,1
6en691Ts,Kaiserslautern,Darmstadt,2,2,hc,2.25,home,1.05,1
6en691Ts,Kaiserslautern,Darmstadt,2,2,hc,2.25,away,16.81,1
6en691Ts,Kaiserslautern,Darmstadt,2,2,hc,-2.25,home,6.5,1
6en691Ts,Kaiserslautern,Darmstadt,2,2,hc,-2.25,away,1.16,1
6en691Ts,Kaiserslautern,Darmstadt,2,2,hc,2.50,home,1.05,1
6en691Ts,Kaiserslautern,Darmstadt,2,2,hc,2.50,away,17.53,1
6en691Ts,Kaiserslautern,Darmstadt,2,2,hc,-2.50,home,7.0,1
6en691Ts,Kaiserslautern,Darmstadt,2,2,hc,-2.50,away,1.15,1
6en691Ts,Kaiserslautern,Darmstadt,2,2,hc,2.75,home,1.03,1
6en691Ts,Kaiserslautern,Darmstadt,2,2,hc,2.75,away,25.48,1
6en691Ts,Kaiserslautern,Darmstadt,2,2,hc,-2.75,home,9.34,1
6en691Ts,Kaiserslautern,Darmstadt,2,2,hc,-2.75,away,1.1,1
6en691Ts,Kaiserslautern,Darmstadt,2,2,hc,3.00,away,48.22,1
6en691Ts,Kaiserslautern,Darmstadt,2,2,hc,-3.00,home,14.71,1
6en691Ts,Kaiserslautern,Darmstadt,2,2,hc,-3.00,away,1.06,1
6en691Ts,Kaiserslautern,Darmstadt,2,2,hc,3.25,away,49.11,1
6en691Ts,Kaiserslautern,Darmstadt,2,2,hc,-3.25,home,15.35,1
6en691Ts,Kaiserslautern,Darmstadt,2,2,hc,-3.25,away,1.05,1
6en691Ts,Kaiserslautern,Darmstadt,2,2,hc,3.50,away,50.0,1
6en691Ts,Kaiserslautern,Darmstadt,2,2,hc,-3.50,home,16.0,1
6en691Ts,Kaiserslautern,Darmstadt,2,2,hc,-3.50,away,1.05,1
6en691Ts,Kaiserslautern,Darmstadt,2,2,hc,-3.75,home,16.0,1
6en691Ts,Kaiserslautern,Darmstadt,2,2,hc,-3.75,away,1.02,1
6en691Ts,Kaiserslautern,Darmstadt,2,2,hc,0.25,home,1.45,1
6en691Ts,Kaiserslautern,Darmstadt,2,2,hc,0.25,away,3.09,1
6en691Ts,Kaiserslautern,Darmstadt,2,2,hc,-0.25,home,1.8,1
6en691Ts,Kaiserslautern,Darmstadt,2,2,hc,-0.25,away,2.2,1
6en691Ts,Kaiserslautern,Darmstadt,2,2,dc,0,home/draw,1.38,1
6en691Ts,Kaiserslautern,Darmstadt,2,2,dc,0,home/away,1.29,1
6en691Ts,Kaiserslautern,Darmstadt,2,2,dc,0,draw/away,1.93,1
tfCXf2El,Hannover,Greuther Furth,1,1,1x2,0,home,2.24,1
tfCXf2El,Hannover,Greuther Furth,1,1,1x2,0,draw,3.8,1
tfCXf2El,Hannover,Greuther Furth,1,1,1x2,0,away,3.35,1
tfCXf2El,Hannover,Greuther Furth,1,1,ou,0.50,over,1.05,1
tfCXf2El,Hannover,Greuther Furth,1,1,ou,0.50,under,18.5,1
tfCXf2El,Hannover,Greuther Furth,1,1,ou,1.50,over,1.23,1
tfCXf2El,Hannover,Greuther Furth,1,1,ou,1.50,under,5.1,1
tfCXf2El,Hannover,Greuther Furth,1,1,ou,2.50,over,1.69,1
tfCXf2El,Hannover,Greuther Furth,1,1,ou,2.50,under,2.4,1
tfCXf2El,Hannover,Greuther Furth,1,1,ou,3.50,over,2.72,1
tfCXf2El,Hannover,Greuther Furth,1,1,ou,3.50,under,1.57,1
tfCXf2El,Hannover,Greuther Furth,1,1,ou,4.50,over,5.3,1
tfCXf2El,Hannover,Greuther Furth,1,1,ou,4.50,under,1.22,1
tfCXf2El,Hannover,Greuther Furth,1,1,ou,5.50,over,11.5,1
tfCXf2El,Hannover,Greuther Furth,1,1,ou,5.50,under,1.08,1
tfCXf2El,Hannover,Greuther Furth,1,1,ou,6.50,over,26.0,1
tfCXf2El,Hannover,Greuther Furth,1,1,ou,6.50,under,1.03,1
tfCXf2El,Hannover,Greuther Furth,1,1,ou,7.50,over,70.0,1
tfCXf2El,Hannover,Greuther Furth,1,1,hc,0,home,1.66,1
tfCXf2El,Hannover,Greuther Furth,1,1,hc,0,away,2.48,1
tfCXf2El,Hannover,Greuther Furth,1,1,hc,0.50,home,1.42,1
tfCXf2El,Hannover,Greuther Furth,1,1,hc,0.50,away,3.35,1
tfCXf2El,Hannover,Greuther Furth,1,1,hc,-0.50,home,2.25,1
tfCXf2El,Hannover,Greuther Furth,1,1,hc,-0.50,away,1.79,1
tfCXf2El,Hannover,Greuther Furth,1,1,hc,0.75,home,1.3,1
tfCXf2El,Hannover,Greuther Furth,1,1,hc,0.75,away,4.22,1
tfCXf2El,Hannover,Greuther Furth,1,1,hc,-0.75,home,2.61,1
tfCXf2El,Hannover,Greuther Furth,1,1,hc,-0.75,away,1.6,1
tfCXf2El,Hannover,Greuther Furth,1,1,hc,1.00,home,1.18,1
tfCXf2El,Hannover,Greuther Furth,1,1,hc,1.00,away,6.12,1
tfCXf2El,Hannover,Greuther Furth,1,1,hc,-1.00,home,3.29,1
tfCXf2El,Hannover,Greuther Furth,1,1,hc,-1.00,away,1.42,1
tfCXf2El,Hannover,Greuther Furth,1,1,hc,1.25,home,1.16,1
tfCXf2El,Hannover,Greuther Furth,1,1,hc,1.25,away,6.71,1
tfCXf2El,Hannover,Greuther Furth,1,1,hc,-1.25,home,3.7,1
tfCXf2El,Hannover,Greuther Furth,1,1,hc,-1.25,away,1.35,1
tfCXf2El,Hannover,Greuther Furth,1,1,hc,1.50,home,1.14,1
tfCXf2El,Hannover,Greuther Furth,1,1,hc,1.50,away,7.3,1
tfCXf2El,Hannover,Greuther Furth,1,1,hc,-1.50,home,4.12,1
tfCXf2El,Hannover,Greuther Furth,1,1,hc,-1.50,away,1.3,1
tfCXf2El,Hannover,Greuther Furth,1,1,hc,1.75,home,1.09,1
tfCXf2El,Hannover,Greuther Furth,1,1,hc,1.75,away,10.23,1
tfCXf2El,Hannover,Greuther Furth,1,1,hc,-1.75,home,5.34,1
tfCXf2El,Hannover,Greuther Furth,1,1,hc,-1.75,away,1.22,1
tfCXf2El,Hannover,Greuther Furth,1,1,hc,2.00,home,1.05,1
tfCXf2El,Hannover,Greuther Furth,1,1,hc,2.00,away,18.26,1
tfCXf2El,Hannover,Greuther Furth,1,1,hc,-2.00,home,8.06,1
tfCXf2El,Hannover,Greuther Furth,1,1,hc,-2.00,away,1.12,1
tfCXf2El,Hannover,Greuther Furth,1,1,hc,2.25,home,1.05,1
tfCXf2El,Hannover,Greuther Furth,1,1,hc,2.25,away,19.13,1
tfCXf2El,Hannover,Greuther Furth,1,1,hc,-2.25,home,8.69,1
tfCXf2El,Hannover,Greuther Furth,1,1,hc,-2.25,away,1.11,1
tfCXf2El,Hannover,Greuther Furth,1,1,hc,2.50,home,1.04,1
tfCXf2El,Hannover,Greuther Furth,1,1,hc,2.50,away,20.0,1
tfCXf2El,Hannover,Greuther Furth,1,1,hc,-2.50,home,9.3,1
tfCXf2El,Hannover,Greuther Furth,1,1,hc,-2.50,away,1.1,1
tfCXf2El,Hannover,Greuther Furth,1,1,hc,2.75,home,1.02,1
tfCXf2El,Hannover,Greuther Furth,1,1,hc,2.75,away,30.05,1
tfCXf2El,Hannover,Greuther Furth,1,1,hc,-2.75,home,13.23,1
tfCXf2El,Hannover,Greuther Furth,1,1,hc,-2.75,away,1.07,1
tfCXf2El,Hannover,Greuther Furth,1,1,hc,3.00,away,43.75,1
tfCXf2El,Hannover,Greuther Furth,1,1,hc,-3.00,home,24.27,1
tfCXf2El,Hannover,Greuther Furth,1,1,hc,-3.00,away,1.03,1
tfCXf2El,Hannover,Greuther Furth,1,1,hc,3.25,away,44.37,1
tfCXf2El,Hannover,Greuther Furth,1,1,hc,-3.25,home,25.13,1
tfCXf2El,Hannover,Greuther Furth,1,1,hc,-3.25,away,1.03,1
tfCXf2El,Hannover,Greuther Furth,1,1,hc,3.50,away,45.0,1
tfCXf2El,Hannover,Greuther Furth,1,1,hc,-3.50,home,26.0,1
tfCXf2El,Hannover,Greuther Furth,1,1,hc,-3.50,away,1.03,1
tfCXf2El,Hannover,Greuther Furth,1,1,hc,-3.75,home,26.0,1
tfCXf2El,Hannover,Greuther Furth,1,1,hc,0.25,home,1.51,1
tfCXf2El,Hannover,Greuther Furth,1,1,hc,0.25,away,2.91,1
tfCXf2El,Hannover,Greuther Furth,1,1,hc,-0.25,home,1.95,1
tfCXf2El,Hannover,Greuther Furth,1,1,hc,-0.25,away,2.03,1
tfCXf2El,Hannover,Greuther Furth,1,1,dc,0,home/draw,1.41,1
tfCXf2El,Hannover,Greuther Furth,1,1,dc,0,home/away,1.35,1
tfCXf2El,Hannover,Greuther Furth,1,1,dc,0,draw/away,1.79,1
AmqN5JS6,Regensburg,Karlsruher SC,2,2,1x2,0,home,3.9,1
AmqN5JS6,Regensburg,Karlsruher SC,2,2,1x2,0,draw,3.85,1
AmqN5JS6,Regensburg,Karlsruher SC,2,2,1x2,0,away,2.02,1
AmqN5JS6,Regensburg,Karlsruher SC,2,2,ou,0.50,over,1.06,1
AmqN5JS6,Regensburg,Karlsruher SC,2,2,ou,0.50,under,15.5,1
AmqN5JS6,Regensburg,Karlsruher SC,2,2,ou,1.50,over,1.29,1
AmqN5JS6,Regensburg,Karlsruher SC,2,2,ou,1.50,under,4.3,1
AmqN5JS6,Regensburg,Karlsruher SC,2,2,ou,2.50,over,1.87,1
AmqN5JS6,Regensburg,Karlsruher SC,2,2,ou,2.50,under,2.1,1
AmqN5JS6,Regensburg,Karlsruher SC,2,2,ou,3.50,over,3.2,1
AmqN5JS6,Regensburg,Karlsruher SC,2,2,ou,3.50,under,1.43,1
AmqN5JS6,Regensburg,Karlsruher SC,2,2,ou,4.50,over,6.6,1
AmqN5JS6,Regensburg,Karlsruher SC,2,2,ou,4.50,under,1.17,1
AmqN5JS6,Regensburg,Karlsruher SC,2,2,ou,5.50,over,15.0,1
AmqN5JS6,Regensburg,Karlsruher SC,2,2,ou,5.50,under,1.06,1
AmqN5JS6,Regensburg,Karlsruher SC,2,2,ou,6.50,over,36.0,1
AmqN5JS6,Regensburg,Karlsruher SC,2,2,ou,6.50,under,1.02,1
AmqN5JS6,Regensburg,Karlsruher SC,2,2,hc,0,home,2.93,1
AmqN5JS6,Regensburg,Karlsruher SC,2,2,hc,0,away,1.5,1
AmqN5JS6,Regensburg,Karlsruher SC,2,2,hc,0.50,home,1.96,1
AmqN5JS6,Regensburg,Karlsruher SC,2,2,hc,0.50,away,2.02,1
AmqN5JS6,Regensburg,Karlsruher SC,2,2,hc,-0.50,home,3.95,1
AmqN5JS6,Regensburg,Karlsruher SC,2,2,hc,-0.50,away,1.33,1
AmqN5JS6,Regensburg,Karlsruher SC,2,2,hc,0.75,home,1.73,1
AmqN5JS6,Regensburg,Karlsruher SC,2,2,hc,0.75,away,2.33,1
AmqN5JS6,Regensburg,Karlsruher SC,2,2,hc,-0.75,home,5.17,1
AmqN5JS6,Regensburg,Karlsruher SC,2,2,hc,-0.75,away,1.22,1
AmqN5JS6,Regensburg,Karlsruher SC,2,2,hc,1.00,home,1.5,1
AmqN5JS6,Regensburg,Karlsruher SC,2,2,hc,1.00,away,2.9,1
AmqN5JS6,Regensburg,Karlsruher SC,2,2,hc,-1.00,home,7.77,1
AmqN5JS6,Regensburg,Karlsruher SC,2,2,hc,-1.00,away,1.12,1
AmqN5JS6,Regensburg,Karlsruher SC,2,2,hc,1.25,home,1.41,1
AmqN5JS6,Regensburg,Karlsruher SC,2,2,hc,1.25,away,3.33,1
AmqN5JS6,Regensburg,Karlsruher SC,2,2,hc,-1.25,home,8.41,1
AmqN5JS6,Regensburg,Karlsruher SC,2,2,hc,-1.25,away,1.11,1
AmqN5JS6,Regensburg,Karlsruher SC,2,2,hc,1.50,home,1.35,1
AmqN5JS6,Regensburg,Karlsruher SC,2,2,hc,1.50,away,3.77,1
AmqN5JS6,Regensburg,Karlsruher SC,2,2,hc,-1.50,home,9.06,1
AmqN5JS6,Regensburg,Karlsruher SC,2,2,hc,-1.50,away,1.1,1
AmqN5JS6,Regensburg,Karlsruher SC,2,2,hc,1.75,home,1.25,1
AmqN5JS6,Regensburg,Karlsruher SC,2,2,hc,1.75,away,4.86,1
AmqN5JS6,Regensburg,Karlsruher SC,2,2,hc,-1.75,home,12.83,1
AmqN5JS6,Regensburg,Karlsruher SC,2,2,hc,-1.75,away,1.06,1
AmqN5JS6,Regensburg,Karlsruher SC,2,2,hc,2.00,home,1.14,1
AmqN5JS6,Regensburg,Karlsruher SC,2,2,hc,2.00,away,7.38,1
AmqN5JS6,Regensburg,Karlsruher SC,2,2,hc,-2.00,home,23.37,1
AmqN5JS6,Regensburg,Karlsruher SC,2,2,hc,-2.00,away,1.02,1
AmqN5JS6,Regensburg,Karlsruher SC,2,2,hc,2.25,home,1.12,1
AmqN5JS6,Regensburg,Karlsruher SC,2,2,hc,2.25,away,7.66,1
AmqN5JS6,Regensburg,Karlsruher SC,2,2,hc,-2.25,home,24.18,1
AmqN5JS6,Regensburg,Karlsruher SC,2,2,hc,-2.25,away,1.02,1
AmqN5JS6,Regensburg,Karlsruher SC,2,2,hc,2.50,home,1.11,1
AmqN5JS6,Regensburg,Karlsruher SC,2,2,hc,2.50,away,8.23,1
AmqN5JS6,Regensburg,Karlsruher SC,2,2,hc,-2.50,home,25.0,1
AmqN5JS6,Regensburg,Karlsruher SC,2,2,hc,-2.50,away,1.02,1
AmqN5JS6,Regensburg,Karlsruher SC,2,2,hc,2.75,home,1.07,1
AmqN5JS6,Regensburg,Karlsruher SC,2,2,hc,2.75,away,11.72,1
AmqN5JS6,Regensburg,Karlsruher SC,2,2,hc,-2.75,home,39.0,1
AmqN5JS6,Regensburg,Karlsruher SC,2,2,hc,3.00,home,1.03,1
AmqN5JS6,Regensburg,Karlsruher SC,2,2,hc,3.00,away,18.69,1
AmqN5JS6,Regensburg,Karlsruher SC,2,2,hc,-3.00,home,45.0,1
AmqN5JS6,Regensburg,Karlsruher SC,2,2,hc,3.25,home,1.03,1
AmqN5JS6,Regensburg,Karlsruher SC,2,2,hc,3.25,away,19.34,1
AmqN5JS6,Regensburg,Karlsruher SC,2,2,hc,-3.25,home,45.41,1
AmqN5JS6,Regensburg,Karlsruher SC,2,2,hc,3.50,home,1.03,1
AmqN5JS6,Regensburg,Karlsruher SC,2,2,hc,3.50,away,20.0,1
AmqN5JS6,Regensburg,Karlsruher SC,2,2,hc,-3.50,home,45.83,1
AmqN5JS6,Regensburg,Karlsruher SC,2,2,hc,3.75,away,20.0,1
AmqN5JS6,Regensburg,Karlsruher SC,2,2,hc,0.25,home,2.28,1
AmqN5JS6,Regensburg,Karlsruher SC,2,2,hc,0.25,away,1.76,1
AmqN5JS6,Regensburg,Karlsruher SC,2,2,hc,-0.25,home,3.44,1
AmqN5JS6,Regensburg,Karlsruher SC,2,2,hc,-0.25,away,1.4,1
AmqN5JS6,Regensburg,Karlsruher SC,2,2,dc,0,home/draw,1.96,1
AmqN5JS6,Regensburg,Karlsruher SC,2,2,dc,0,home/away,1.34,1
AmqN5JS6,Regensburg,Karlsruher SC,2,2,dc,0,draw/away,1.33,1
M9V00OjR,Hamburger SV,Ulm,6,6,1x2,0,home,1.4,1
M9V00OjR,Hamburger SV,Ulm,6,6,1x2,0,draw,5.8,1
M9V00OjR,Hamburger SV,Ulm,6,6,1x2,0,away,8.4,1
M9V00OjR,Hamburger SV,Ulm,6,6,ou,0.50,over,1.02,1
M9V00OjR,Hamburger SV,Ulm,6,6,ou,0.50,under,42.0,1
M9V00OjR,Hamburger SV,Ulm,6,6,ou,1.50,over,1.12,1
M9V00OjR,Hamburger SV,Ulm,6,6,ou,1.50,under,8.8,1
M9V00OjR,Hamburger SV,Ulm,6,6,ou,2.50,over,1.37,1
M9V00OjR,Hamburger SV,Ulm,6,6,ou,2.50,under,3.55,1
M9V00OjR,Hamburger SV,Ulm,6,6,ou,3.50,over,1.92,1
M9V00OjR,Hamburger SV,Ulm,6,6,ou,3.50,under,2.06,1
M9V00OjR,Hamburger SV,Ulm,6,6,ou,4.50,over,3.15,1
M9V00OjR,Hamburger SV,Ulm,6,6,ou,4.50,under,1.45,1
M9V00OjR,Hamburger SV,Ulm,6,6,ou,5.50,over,5.9,1
M9V00OjR,Hamburger SV,Ulm,6,6,ou,5.50,under,1.19,1
M9V00OjR,Hamburger SV,Ulm,6,6,ou,6.50,over,12.0,1
M9V00OjR,Hamburger SV,Ulm,6,6,ou,6.50,under,1.08,1
M9V00OjR,Hamburger SV,Ulm,6,6,ou,7.50,over,27.0,1
M9V00OjR,Hamburger SV,Ulm,6,6,ou,7.50,under,1.03,1
M9V00OjR,Hamburger SV,Ulm,6,6,ou,8.50,over,65.0,1
M9V00OjR,Hamburger SV,Ulm,6,6,hc,0,home,1.16,1
M9V00OjR,Hamburger SV,Ulm,6,6,hc,0,away,6.95,1
M9V00OjR,Hamburger SV,Ulm,6,6,hc,0.50,home,1.13,1
M9V00OjR,Hamburger SV,Ulm,6,6,hc,0.50,away,8.4,1
M9V00OjR,Hamburger SV,Ulm,6,6,hc,-0.50,home,1.4,1
M9V00OjR,Hamburger SV,Ulm,6,6,hc,-0.50,away,3.43,1
M9V00OjR,Hamburger SV,Ulm,6,6,hc,0.75,home,1.09,1
M9V00OjR,Hamburger SV,Ulm,6,6,hc,0.75,away,11.74,1
M9V00OjR,Hamburger SV,Ulm,6,6,hc,-0.75,home,1.47,1
M9V00OjR,Hamburger SV,Ulm,6,6,hc,-0.75,away,3.07,1
M9V00OjR,Hamburger SV,Ulm,6,6,hc,1.00,home,1.04,1
M9V00OjR,Hamburger SV,Ulm,6,6,hc,1.00,away,20.58,1
M9V00OjR,Hamburger SV,Ulm,6,6,hc,-1.00,home,1.57,1
M9V00OjR,Hamburger SV,Ulm,6,6,hc,-1.00,away,2.71,1
M9V00OjR,Hamburger SV,Ulm,6,6,hc,1.25,home,1.04,1
M9V00OjR,Hamburger SV,Ulm,6,6,hc,1.25,away,21.41,1
M9V00OjR,Hamburger SV,Ulm,6,6,hc,-1.25,home,1.78,1
M9V00OjR,Hamburger SV,Ulm,6,6,hc,-1.25,away,2.25,1
M9V00OjR,Hamburger SV,Ulm,6,6,hc,1.50,home,1.04,1
M9V00OjR,Hamburger SV,Ulm,6,6,hc,1.50,away,22.23,1
M9V00OjR,Hamburger SV,Ulm,6,6,hc,-1.50,home,1.99,1
M9V00OjR,Hamburger SV,Ulm,6,6,hc,-1.50,away,1.99,1
M9V00OjR,Hamburger SV,Ulm,6,6,hc,1.75,home,1.02,1
M9V00OjR,Hamburger SV,Ulm,6,6,hc,1.75,away,31.98,1
M9V00OjR,Hamburger SV,Ulm,6,6,hc,-1.75,home,2.23,1
M9V00OjR,Hamburger SV,Ulm,6,6,hc,-1.75,away,1.79,1
M9V00OjR,Hamburger SV,Ulm,6,6,hc,2.00,away,52.18,1
M9V00OjR,Hamburger SV,Ulm,6,6,hc,-2.00,home,2.64,1
M9V00OjR,Hamburger SV,Ulm,6,6,hc,-2.00,away,1.59,1
M9V00OjR,Hamburger SV,Ulm,6,6,hc,2.25,away,52.89,1
M9V00OjR,Hamburger SV,Ulm,6,6,hc,-2.25,home,2.97,1
M9V00OjR,Hamburger SV,Ulm,6,6,hc,-2.25,away,1.49,1
M9V00OjR,Hamburger SV,Ulm,6,6,hc,2.50,away,53.59,1
M9V00OjR,Hamburger SV,Ulm,6,6,hc,-2.50,home,3.3,1
M9V00OjR,Hamburger SV,Ulm,6,6,hc,-2.50,away,1.42,1
M9V00OjR,Hamburger SV,Ulm,6,6,hc,-2.75,home,4.03,1
M9V00OjR,Hamburger SV,Ulm,6,6,hc,-2.75,away,1.31,1
M9V00OjR,Hamburger SV,Ulm,6,6,hc,-3.00,home,5.36,1
M9V00OjR,Hamburger SV,Ulm,6,6,hc,-3.00,away,1.21,1
M9V00OjR,Hamburger SV,Ulm,6,6,hc,-3.25,home,5.81,1
M9V00OjR,Hamburger SV,Ulm,6,6,hc,-3.25,away,1.19,1
M9V00OjR,Hamburger SV,Ulm,6,6,hc,-3.50,home,6.26,1
M9V00OjR,Hamburger SV,Ulm,6,6,hc,-3.50,away,1.17,1
M9V00OjR,Hamburger SV,Ulm,6,6,hc,-3.75,home,8.14,1
M9V00OjR,Hamburger SV,Ulm,6,6,hc,-3.75,away,1.12,1
M9V00OjR,Hamburger SV,Ulm,6,6,hc,-4.00,home,10.0,1
M9V00OjR,Hamburger SV,Ulm,6,6,hc,-4.00,away,1.07,1
M9V00OjR,Hamburger SV,Ulm,6,6,hc,0.25,home,1.14,1
M9V00OjR,Hamburger SV,Ulm,6,6,hc,0.25,away,7.67,1
M9V00OjR,Hamburger SV,Ulm,6,6,hc,-0.25,home,1.28,1
M9V00OjR,Hamburger SV,Ulm,6,6,hc,-0.25,away,4.46,1
M9V00OjR,Hamburger SV,Ulm,6,6,dc,0,home/draw,1.13,1
M9V00OjR,Hamburger SV,Ulm,6,6,dc,0,home/away,1.2,1
M9V00OjR,Hamburger SV,Ulm,6,6,dc,0,draw/away,3.4,1
AZ3liKDD,Elversberg,Braunschweig,3,3,1x2,0,home,1.53,1
AZ3liKDD,Elversberg,Braunschweig,3,3,1x2,0,draw,4.8,1
AZ3liKDD,Elversberg,Braunschweig,3,3,1x2,0,away,7.0,1
AZ3liKDD,Elversberg,Braunschweig,3,3,ou,0.50,over,1.04,1
AZ3liKDD,Elversberg,Braunschweig,3,3,ou,0.50,under,25.0,1
AZ3liKDD,Elversberg,Braunschweig,3,3,ou,1.50,over,1.18,1
AZ3liKDD,Elversberg,Braunschweig,3,3,ou,1.50,under,6.2,1
AZ3liKDD,Elversberg,Braunschweig,3,3,ou,2.50,over,1.58,1
AZ3liKDD,Elversberg,Braunschweig,3,3,ou,2.50,under,2.66,1
AZ3liKDD,Elversberg,Braunschweig,3,3,ou,3.50,over,2.44,1
AZ3liKDD,Elversberg,Braunschweig,3,3,ou,3.50,under,1.66,1
AZ3liKDD,Elversberg,Braunschweig,3,3,ou,4.50,over,4.5,1
AZ3liKDD,Elversberg,Braunschweig,3,3,ou,4.50,under,1.27,1
AZ3liKDD,Elversberg,Braunschweig,3,3,ou,5.50,over,9.4,1
AZ3liKDD,Elversberg,Braunschweig,3,3,ou,5.50,under,1.11,1
AZ3liKDD,Elversberg,Braunschweig,3,3,ou,6.50,over,22.0,1
AZ3liKDD,Elversberg,Braunschweig,3,3,ou,6.50,under,1.04,1
AZ3liKDD,Elversberg,Braunschweig,3,3,ou,7.50,over,50.0,1
AZ3liKDD,Elversberg,Braunschweig,3,3,hc,0,home,1.21,1
AZ3liKDD,Elversberg,Braunschweig,3,3,hc,0,away,5.54,1
AZ3liKDD,Elversberg,Braunschweig,3,3,hc,0.50,home,1.16,1
AZ3liKDD,Elversberg,Braunschweig,3,3,hc,0.50,away,7.0,1
AZ3liKDD,Elversberg,Braunschweig,3,3,hc,-0.50,home,1.53,1
AZ3liKDD,Elversberg,Braunschweig,3,3,hc,-0.50,away,2.85,1
AZ3liKDD,Elversberg,Braunschweig,3,3,hc,0.75,home,1.1,1
AZ3liKDD,Elversberg,Braunschweig,3,3,hc,0.75,away,9.83,1
AZ3liKDD,Elversberg,Braunschweig,3,3,hc,-0.75,home,1.64,1
AZ3liKDD,Elversberg,Braunschweig,3,3,hc,-0.75,away,2.52,1
AZ3liKDD,Elversberg,Braunschweig,3,3,hc,1.00,home,1.05,1
AZ3liKDD,Elversberg,Braunschweig,3,3,hc,1.00,away,17.28,1
AZ3liKDD,Elversberg,Braunschweig,3,3,hc,-1.00,home,1.81,1
AZ3liKDD,Elversberg,Braunschweig,3,3,hc,-1.00,away,2.19,1
AZ3liKDD,Elversberg,Braunschweig,3,3,hc,1.25,home,1.04,1
AZ3liKDD,Elversberg,Braunschweig,3,3,hc,1.25,away,18.14,1
AZ3liKDD,Elversberg,Braunschweig,3,3,hc,-1.25,home,2.08,1
AZ3liKDD,Elversberg,Braunschweig,3,3,hc,-1.25,away,1.89,1
AZ3liKDD,Elversberg,Braunschweig,3,3,hc,1.50,home,1.04,1
AZ3liKDD,Elversberg,Braunschweig,3,3,hc,1.50,away,19.0,1
AZ3liKDD,Elversberg,Braunschweig,3,3,hc,-1.50,home,2.35,1
AZ3liKDD,Elversberg,Braunschweig,3,3,hc,-1.50,away,1.71,1
AZ3liKDD,Elversberg,Braunschweig,3,3,hc,1.75,home,1.02,1
AZ3liKDD,Elversberg,Braunschweig,3,3,hc,1.75,away,27.87,1
AZ3liKDD,Elversberg,Braunschweig,3,3,hc,-1.75,home,2.75,1
AZ3liKDD,Elversberg,Braunschweig,3,3,hc,-1.75,away,1.53,1
AZ3liKDD,Elversberg,Braunschweig,3,3,hc,2.00,away,53.17,1
AZ3liKDD,Elversberg,Braunschweig,3,3,hc,-2.00,home,3.5,1
AZ3liKDD,Elversberg,Braunschweig,3,3,hc,-2.00,away,1.36,1
AZ3liKDD,Elversberg,Braunschweig,3,3,hc,2.25,away,54.08,1
AZ3liKDD,Elversberg,Braunschweig,3,3,hc,-2.25,home,3.9,1
AZ3liKDD,Elversberg,Braunschweig,3,3,hc,-2.25,away,1.31,1
AZ3liKDD,Elversberg,Braunschweig,3,3,hc,2.50,away,55.0,1
AZ3liKDD,Elversberg,Braunschweig,3,3,hc,-2.50,home,4.28,1
AZ3liKDD,Elversberg,Braunschweig,3,3,hc,-2.50,away,1.27,1
AZ3liKDD,Elversberg,Braunschweig,3,3,hc,-2.75,home,5.55,1
AZ3liKDD,Elversberg,Braunschweig,3,3,hc,-2.75,away,1.19,1
AZ3liKDD,Elversberg,Braunschweig,3,3,hc,-3.00,home,8.28,1
AZ3liKDD,Elversberg,Braunschweig,3,3,hc,-3.00,away,1.11,1
AZ3liKDD,Elversberg,Braunschweig,3,3,hc,-3.25,home,8.85,1
AZ3liKDD,Elversberg,Braunschweig,3,3,hc,-3.25,away,1.1,1
AZ3liKDD,Elversberg,Braunschweig,3,3,hc,-3.50,home,9.42,1
AZ3liKDD,Elversberg,Braunschweig,3,3,hc,-3.50,away,1.1,1
AZ3liKDD,Elversberg,Braunschweig,3,3,hc,-3.75,home,11.0,1
AZ3liKDD,Elversberg,Braunschweig,3,3,hc,-3.75,away,1.07,1
AZ3liKDD,Elversberg,Braunschweig,3,3,hc,-4.00,home,9.43,1
AZ3liKDD,Elversberg,Braunschweig,3,3,hc,-4.00,away,1.02,1
AZ3liKDD,Elversberg,Braunschweig,3,3,hc,0.25,home,1.18,1
AZ3liKDD,Elversberg,Braunschweig,3,3,hc,0.25,away,6.27,1
AZ3liKDD,Elversberg,Braunschweig,3,3,hc,-0.25,home,1.37,1
AZ3liKDD,Elversberg,Braunschweig,3,3,hc,-0.25,away,3.63,1
AZ3liKDD,Elversberg,Braunschweig,3,3,dc,0,home/draw,1.16,1
AZ3liKDD,Elversberg,Braunschweig,3,3,dc,0,home/away,1.25,1
AZ3liKDD,Elversberg,Braunschweig,3,3,dc,0,draw/away,2.84,1
zgXh2pME,Dusseldorf,Schalke,2,2,1x2,0,home,1.88,1
zgXh2pME,Dusseldorf,Schalke,2,2,1x2,0,draw,4.4,1
zgXh2pME,Dusseldorf,Schalke,2,2,1x2,0,away,4.1,1
zgXh2pME,Dusseldorf,Schalke,2,2,ou,0.50,over,1.03,1
zgXh2pME,Dusseldorf,Schalke,2,2,ou,0.50,under,29.0,1
zgXh2pME,Dusseldorf,Schalke,2,2,ou,1.50,over,1.15,1
zgXh2pME,Dusseldorf,Schalke,2,2,ou,1.50,under,7.2,1
zgXh2pME,Dusseldorf,Schalke,2,2,ou,2.50,over,1.47,1
zgXh2pME,Dusseldorf,Schalke,2,2,ou,2.50,under,3.05,1
zgXh2pME,Dusseldorf,Schalke,2,2,ou,3.50,over,2.16,1
zgXh2pME,Dusseldorf,Schalke,2,2,ou,3.50,under,1.83,1
zgXh2pME,Dusseldorf,Schalke,2,2,ou,4.50,over,3.7,1
zgXh2pME,Dusseldorf,Schalke,2,2,ou,4.50,under,1.36,1
zgXh2pME,Dusseldorf,Schalke,2,2,ou,5.50,over,7.4,1
zgXh2pME,Dusseldorf,Schalke,2,2,ou,5.50,under,1.15,1
zgXh2pME,Dusseldorf,Schalke,2,2,ou,6.50,over,16.5,1
zgXh2pME,Dusseldorf,Schalke,2,2,ou,6.50,under,1.05,1
zgXh2pME,Dusseldorf,Schalke,2,2,ou,7.50,over,36.0,1
zgXh2pME,Dusseldorf,Schalke,2,2,ou,7.50,under,1.02,1
zgXh2pME,Dusseldorf,Schalke,2,2,hc,0,home,1.45,1
zgXh2pME,Dusseldorf,Schalke,2,2,hc,0,away,3.17,1
zgXh2pME,Dusseldorf,Schalke,2,2,hc,0.50,home,1.31,1
zgXh2pME,Dusseldorf,Schalke,2,2,hc,0.50,away,4.1,1
zgXh2pME,Dusseldorf,Schalke,2,2,hc,-0.50,home,1.87,1
zgXh2pME,Dusseldorf,Schalke,2,2,hc,-0.50,away,2.12,1
zgXh2pME,Dusseldorf,Schalke,2,2,hc,0.75,home,1.22,1
zgXh2pME,Dusseldorf,Schalke,2,2,hc,0.75,away,5.24,1
zgXh2pME,Dusseldorf,Schalke,2,2,hc,-0.75,home,2.09,1
zgXh2pME,Dusseldorf,Schalke,2,2,hc,-0.75,away,1.88,1
zgXh2pME,Dusseldorf,Schalke,2,2,hc,1.00,home,1.14,1
zgXh2pME,Dusseldorf,Schalke,2,2,hc,1.00,away,7.73,1
zgXh2pME,Dusseldorf,Schalke,2,2,hc,-1.00,home,2.47,1
zgXh2pME,Dusseldorf,Schalke,2,2,hc,-1.00,away,1.65,1
zgXh2pME,Dusseldorf,Schalke,2,2,hc,1.25,home,1.12,1
zgXh2pME,Dusseldorf,Schalke,2,2,hc,1.25,away,8.31,1
zgXh2pME,Dusseldorf,Schalke,2,2,hc,-1.25,home,2.79,1
zgXh2pME,Dusseldorf,Schalke,2,2,hc,-1.25,away,1.52,1
zgXh2pME,Dusseldorf,Schalke,2,2,hc,1.50,home,1.12,1
zgXh2pME,Dusseldorf,Schalke,2,2,hc,1.50,away,8.9,1
zgXh2pME,Dusseldorf,Schalke,2,2,hc,-1.50,home,3.12,1
zgXh2pME,Dusseldorf,Schalke,2,2,hc,-1.50,away,1.44,1
zgXh2pME,Dusseldorf,Schalke,2,2,hc,1.75,home,1.07,1
zgXh2pME,Dusseldorf,Schalke,2,2,hc,1.75,away,12.11,1
zgXh2pME,Dusseldorf,Schalke,2,2,hc,-1.75,home,3.81,1
zgXh2pME,Dusseldorf,Schalke,2,2,hc,-1.75,away,1.33,1
zgXh2pME,Dusseldorf,Schalke,2,2,hc,2.00,home,1.02,1
zgXh2pME,Dusseldorf,Schalke,2,2,hc,2.00,away,15.28,1
zgXh2pME,Dusseldorf,Schalke,2,2,hc,-2.00,home,5.16,1
zgXh2pME,Dusseldorf,Schalke,2,2,hc,-2.00,away,1.22,1
zgXh2pME,Dusseldorf,Schalke,2,2,hc,2.25,home,1.02,1
zgXh2pME,Dusseldorf,Schalke,2,2,hc,2.25,away,15.64,1
zgXh2pME,Dusseldorf,Schalke,2,2,hc,-2.25,home,5.64,1
zgXh2pME,Dusseldorf,Schalke,2,2,hc,-2.25,away,1.19,1
zgXh2pME,Dusseldorf,Schalke,2,2,hc,2.50,home,1.02,1
zgXh2pME,Dusseldorf,Schalke,2,2,hc,2.50,away,16.0,1
zgXh2pME,Dusseldorf,Schalke,2,2,hc,-2.50,home,6.11,1
zgXh2pME,Dusseldorf,Schalke,2,2,hc,-2.50,away,1.18,1
zgXh2pME,Dusseldorf,Schalke,2,2,hc,2.75,away,16.0,1
zgXh2pME,Dusseldorf,Schalke,2,2,hc,-2.75,home,8.14,1
zgXh2pME,Dusseldorf,Schalke,2,2,hc,-2.75,away,1.12,1
zgXh2pME,Dusseldorf,Schalke,2,2,hc,-3.00,home,12.83,1
zgXh2pME,Dusseldorf,Schalke,2,2,hc,-3.00,away,1.07,1
zgXh2pME,Dusseldorf,Schalke,2,2,hc,-3.25,home,13.46,1
zgXh2pME,Dusseldorf,Schalke,2,2,hc,-3.25,away,1.07,1
zgXh2pME,Dusseldorf,Schalke,2,2,hc,-3.50,home,14.03,1
zgXh2pME,Dusseldorf,Schalke,2,2,hc,-3.50,away,1.06,1
zgXh2pME,Dusseldorf,Schalke,2,2,hc,-3.75,home,14.03,1
zgXh2pME,Dusseldorf,Schalke,2,2,hc,-3.75,away,1.03,1
zgXh2pME,Dusseldorf,Schalke,2,2,hc,0.25,home,1.37,1
zgXh2pME,Dusseldorf,Schalke,2,2,hc,0.25,away,3.63,1
zgXh2pME,Dusseldorf,Schalke,2,2,hc,-0.25,home,1.66,1
zgXh2pME,Dusseldorf,Schalke,2,2,hc,-0.25,away,2.48,1
zgXh2pME,Dusseldorf,Schalke,2,2,dc,0,home/draw,1.31,1
zgXh2pME,Dusseldorf,Schalke,2,2,dc,0,home/away,1.28,1
zgXh2pME,Dusseldorf,Schalke,2,2,dc,0,draw/away,2.12,1
E7Augtq1,Paderborn,Magdeburg,2,2,1x2,0,home,1.88,1
E7Augtq1,Paderborn,Magdeburg,2,2,1x2,0,draw,4.4,1
E7Augtq1,Paderborn,Magdeburg,2,2,1x2,0,away,4.1,1
E7Augtq1,Paderborn,Magdeburg,2,2,ou,0.50,over,1.03,1
E7Augtq1,Paderborn,Magdeburg,2,2,ou,0.50,under,28.0,1
E7Augtq1,Paderborn,Magdeburg,2,2,ou,1.50,over,1.15,1
E7Augtq1,Paderborn,Magdeburg,2,2,ou,1.50,under,7.4,1
E7Augtq1,Paderborn,Magdeburg,2,2,ou,2.50,over,1.46,1
E7Augtq1,Paderborn,Magdeburg,2,2,ou,2.50,under,3.05,1
E7Augtq1,Paderborn,Magdeburg,2,2,ou,3.50,over,2.14,1
E7Augtq1,Paderborn,Magdeburg,2,2,ou,3.50,under,1.86,1
E7Augtq1,Paderborn,Magdeburg,2,2,ou,4.50,over,3.6,1
E7Augtq1,Paderborn,Magdeburg,2,2,ou,4.50,under,1.37,1
E7Augtq1,Paderborn,Magdeburg,2,2,ou,5.50,over,7.0,1
E7Augtq1,Paderborn,Magdeburg,2,2,ou,5.50,under,1.16,1
E7Augtq1,Paderborn,Magdeburg,2,2,ou,6.50,over,15.0,1
E7Augtq1,Paderborn,Magdeburg,2,2,ou,6.50,under,1.06,1
E7Augtq1,Paderborn,Magdeburg,2,2,ou,7.50,over,34.0,1
E7Augtq1,Paderborn,Magdeburg,2,2,ou,7.50,under,1.02,1
E7Augtq1,Paderborn,Magdeburg,2,2,ou,8.50,over,85.0,1
E7Augtq1,Paderborn,Magdeburg,2,2,hc,0,home,1.45,1
E7Augtq1,Paderborn,Magdeburg,2,2,hc,0,away,3.17,1
E7Augtq1,Paderborn,Magdeburg,2,2,hc,0.50,home,1.31,1
E7Augtq1,Paderborn,Magdeburg,2,2,hc,0.50,away,4.1,1
E7Augtq1,Paderborn,Magdeburg,2,2,hc,-0.50,home,1.88,1
E7Augtq1,Paderborn,Magdeburg,2,2,hc,-0.50,away,2.12,1
E7Augtq1,Paderborn,Magdeburg,2,2,hc,0.75,home,1.22,1
E7Augtq1,Paderborn,Magdeburg,2,2,hc,0.75,away,5.23,1
E7Augtq1,Paderborn,Magdeburg,2,2,hc,-0.75,home,2.09,1
E7Augtq1,Paderborn,Magdeburg,2,2,hc,-0.75,away,1.89,1
E7Augtq1,Paderborn,Magdeburg,2,2,hc,1.00,home,1.13,1
E7Augtq1,Paderborn,Magdeburg,2,2,hc,1.00,away,7.66,1
E7Augtq1,Paderborn,Magdeburg,2,2,hc,-1.00,home,2.44,1
E7Augtq1,Paderborn,Magdeburg,2,2,hc,-1.00,away,1.67,1
E7Augtq1,Paderborn,Magdeburg,2,2,hc,1.25,home,1.12,1
E7Augtq1,Paderborn,Magdeburg,2,2,hc,1.25,away,8.23,1
E7Augtq1,Paderborn,Magdeburg,2,2,hc,-1.25,home,2.76,1
E7Augtq1,Paderborn,Magdeburg,2,2,hc,-1.25,away,1.54,1
E7Augtq1,Paderborn,Magdeburg,2,2,hc,1.50,home,1.11,1
E7Augtq1,Paderborn,Magdeburg,2,2,hc,1.50,away,8.78,1
E7Augtq1,Paderborn,Magdeburg,2,2,hc,-1.50,home,3.08,1
E7Augtq1,Paderborn,Magdeburg,2,2,hc,-1.50,away,1.46,1
E7Augtq1,Paderborn,Magdeburg,2,2,hc,1.75,home,1.07,1
E7Augtq1,Paderborn,Magdeburg,2,2,hc,1.75,away,10.3,1
E7Augtq1,Paderborn,Magdeburg,2,2,hc,-1.75,home,3.75,1
E7Augtq1,Paderborn,Magdeburg,2,2,hc,-1.75,away,1.34,1
E7Augtq1,Paderborn,Magdeburg,2,2,hc,2.00,home,1.02,1
E7Augtq1,Paderborn,Magdeburg,2,2,hc,2.00,away,8.8,1
E7Augtq1,Paderborn,Magdeburg,2,2,hc,-2.00,home,5.05,1
E7Augtq1,Paderborn,Magdeburg,2,2,hc,-2.00,away,1.22,1
E7Augtq1,Paderborn,Magdeburg,2,2,hc,2.25,home,1.02,1
E7Augtq1,Paderborn,Magdeburg,2,2,hc,2.25,away,8.8,1
E7Augtq1,Paderborn,Magdeburg,2,2,hc,-2.25,home,5.52,1
E7Augtq1,Paderborn,Magdeburg,2,2,hc,-2.25,away,1.19,1
E7Augtq1,Paderborn,Magdeburg,2,2,hc,2.50,home,1.02,1
E7Augtq1,Paderborn,Magdeburg,2,2,hc,2.50,away,8.8,1
E7Augtq1,Paderborn,Magdeburg,2,2,hc,-2.50,home,6.0,1
E7Augtq1,Paderborn,Magdeburg,2,2,hc,-2.50,away,1.18,1
E7Augtq1,Paderborn,Magdeburg,2,2,hc,2.75,away,8.8,1
E7Augtq1,Paderborn,Magdeburg,2,2,hc,-2.75,home,7.92,1
E7Augtq1,Paderborn,Magdeburg,2,2,hc,-2.75,away,1.12,1
E7Augtq1,Paderborn,Magdeburg,2,2,hc,-3.00,home,11.55,1
E7Augtq1,Paderborn,Magdeburg,2,2,hc,-3.00,away,1.07,1
E7Augtq1,Paderborn,Magdeburg,2,2,hc,-3.25,home,11.6,1
E7Augtq1,Paderborn,Magdeburg,2,2,hc,-3.25,away,1.07,1
E7Augtq1,Paderborn,Magdeburg,2,2,hc,-3.50,home,12.11,1
E7Augtq1,Paderborn,Magdeburg,2,2,hc,-3.50,away,1.06,1
E7Augtq1,Paderborn,Magdeburg,2,2,hc,-3.75,home,12.11,1
E7Augtq1,Paderborn,Magdeburg,2,2,hc,-3.75,away,1.03,1
E7Augtq1,Paderborn,Magdeburg,2,2,hc,0.25,home,1.37,1
E7Augtq1,Paderborn,Magdeburg,2,2,hc,0.25,away,3.63,1
E7Augtq1,Paderborn,Magdeburg,2,2,hc,-0.25,home,1.66,1
E7Augtq1,Paderborn,Magdeburg,2,2,hc,-0.25,away,2.48,1
E7Augtq1,Paderborn,Magdeburg,2,2,dc,0,home/draw,1.31,1
E7Augtq1,Paderborn,Magdeburg,2,2,dc,0,home/away,1.29,1
E7Augtq1,Paderborn,Magdeburg,2,2,dc,0,draw/away,2.12,1
MNAZEN5K,Nurnberg,FC Koln,1,1,1x2,0,home,7.0,1
MNAZEN5K,Nurnberg,FC Koln,1,1,1x2,0,draw,5.3,1
MNAZEN5K,Nurnberg,FC Koln,1,1,1x2,0,away,1.48,1
MNAZEN5K,Nurnberg,FC Koln,1,1,ou,0.50,over,1.03,1
MNAZEN5K,Nurnberg,FC Koln,1,1,ou,0.50,under,27.0,1
MNAZEN5K,Nurnberg,FC Koln,1,1,ou,1.50,over,1.17,1
MNAZEN5K,Nurnberg,FC Koln,1,1,ou,1.50,under,6.2,1
MNAZEN5K,Nurnberg,FC Koln,1,1,ou,2.50,over,1.56,1
MNAZEN5K,Nurnberg,FC Koln,1,1,ou,2.50,under,2.74,1
MNAZEN5K,Nurnberg,FC Koln,1,1,ou,3.50,over,2.38,1
MNAZEN5K,Nurnberg,FC Koln,1,1,ou,3.50,under,1.69,1
MNAZEN5K,Nurnberg,FC Koln,1,1,ou,4.50,over,4.3,1
MNAZEN5K,Nurnberg,FC Koln,1,1,ou,4.50,under,1.29,1
MNAZEN5K,Nurnberg,FC Koln,1,1,ou,5.50,over,8.8,1
MNAZEN5K,Nurnberg,FC Koln,1,1,ou,5.50,under,1.11,1
MNAZEN5K,Nurnberg,FC Koln,1,1,ou,6.50,over,20.0,1
MNAZEN5K,Nurnberg,FC Koln,1,1,ou,6.50,under,1.04,1
MNAZEN5K,Nurnberg,FC Koln,1,1,ou,7.50,over,40.0,1
MNAZEN5K,Nurnberg,FC Koln,1,1,hc,0,home,5.67,1
MNAZEN5K,Nurnberg,FC Koln,1,1,hc,0,away,1.2,1
MNAZEN5K,Nurnberg,FC Koln,1,1,hc,0.50,home,3.01,1
MNAZEN5K,Nurnberg,FC Koln,1,1,hc,0.50,away,1.48,1
MNAZEN5K,Nurnberg,FC Koln,1,1,hc,-0.50,home,7.0,1
MNAZEN5K,Nurnberg,FC Koln,1,1,hc,-0.50,away,1.16,1
MNAZEN5K,Nurnberg,FC Koln,1,1,hc,0.75,home,2.65,1
MNAZEN5K,Nurnberg,FC Koln,1,1,hc,0.75,away,1.58,1
MNAZEN5K,Nurnberg,FC Koln,1,1,hc,-0.75,home,9.71,1
MNAZEN5K,Nurnberg,FC Koln,1,1,hc,-0.75,away,1.1,1
MNAZEN5K,Nurnberg,FC Koln,1,1,hc,1.00,home,2.3,1
MNAZEN5K,Nurnberg,FC Koln,1,1,hc,1.00,away,1.74,1
MNAZEN5K,Nurnberg,FC Koln,1,1,hc,-1.00,home,16.85,1
MNAZEN5K,Nurnberg,FC Koln,1,1,hc,-1.00,away,1.05,1
MNAZEN5K,Nurnberg,FC Koln,1,1,hc,1.25,home,1.95,1
MNAZEN5K,Nurnberg,FC Koln,1,1,hc,1.25,away,2.01,1
MNAZEN5K,Nurnberg,FC Koln,1,1,hc,-1.25,home,17.67,1
MNAZEN5K,Nurnberg,FC Koln,1,1,hc,-1.25,away,1.05,1
MNAZEN5K,Nurnberg,FC Koln,1,1,hc,1.50,home,1.76,1
MNAZEN5K,Nurnberg,FC Koln,1,1,hc,1.50,away,2.26,1
MNAZEN5K,Nurnberg,FC Koln,1,1,hc,-1.50,home,18.5,1
MNAZEN5K,Nurnberg,FC Koln,1,1,hc,-1.50,away,1.05,1
MNAZEN5K,Nurnberg,FC Koln,1,1,hc,1.75,home,1.59,1
MNAZEN5K,Nurnberg,FC Koln,1,1,hc,1.75,away,2.63,1
MNAZEN5K,Nurnberg,FC Koln,1,1,hc,-1.75,home,27.6,1
MNAZEN5K,Nurnberg,FC Koln,1,1,hc,-1.75,away,1.03,1
MNAZEN5K,Nurnberg,FC Koln,1,1,hc,2.00,home,1.4,1
MNAZEN5K,Nurnberg,FC Koln,1,1,hc,2.00,away,3.29,1
MNAZEN5K,Nurnberg,FC Koln,1,1,hc,-2.00,home,53.98,1
MNAZEN5K,Nurnberg,FC Koln,1,1,hc,2.25,home,1.34,1
MNAZEN5K,Nurnberg,FC Koln,1,1,hc,2.25,away,3.69,1
MNAZEN5K,Nurnberg,FC Koln,1,1,hc,-2.25,home,54.96,1
MNAZEN5K,Nurnberg,FC Koln,1,1,hc,2.50,home,1.29,1
MNAZEN5K,Nurnberg,FC Koln,1,1,hc,2.50,away,4.05,1
MNAZEN5K,Nurnberg,FC Koln,1,1,hc,-2.50,home,55.93,1
MNAZEN5K,Nurnberg,FC Koln,1,1,hc,2.75,home,1.21,1
MNAZEN5K,Nurnberg,FC Koln,1,1,hc,2.75,away,5.2,1
MNAZEN5K,Nurnberg,FC Koln,1,1,hc,-2.75,home,71.05,1
MNAZEN5K,Nurnberg,FC Koln,1,1,hc,3.00,home,1.13,1
MNAZEN5K,Nurnberg,FC Koln,1,1,hc,3.00,away,7.55,1
MNAZEN5K,Nurnberg,FC Koln,1,1,hc,3.25,home,1.12,1
MNAZEN5K,Nurnberg,FC Koln,1,1,hc,3.25,away,8.08,1
MNAZEN5K,Nurnberg,FC Koln,1,1,hc,3.50,home,1.11,1
MNAZEN5K,Nurnberg,FC Koln,1,1,hc,3.50,away,8.6,1
MNAZEN5K,Nurnberg,FC Koln,1,1,hc,3.75,home,1.07,1
MNAZEN5K,Nurnberg,FC Koln,1,1,hc,3.75,away,8.99,1
MNAZEN5K,Nurnberg,FC Koln,1,1,hc,4.00,away,8.99,1
MNAZEN5K,Nurnberg,FC Koln,1,1,hc,0.25,home,3.81,1
MNAZEN5K,Nurnberg,FC Koln,1,1,hc,0.25,away,1.34,1
MNAZEN5K,Nurnberg,FC Koln,1,1,hc,-0.25,home,6.33,1
MNAZEN5K,Nurnberg,FC Koln,1,1,hc,-0.25,away,1.18,1
MNAZEN5K,Nurnberg,FC Koln,1,1,dc,0,home/draw,3.0,1
MNAZEN5K,Nurnberg,FC Koln,1,1,dc,0,home/away,1.22,1
MNAZEN5K,Nurnberg,FC Koln,1,1,dc,0,draw/away,1.16,1
ELkE7ubf,Preussen Munster,Hertha Berlin,2,2,1x2,0,home,2.84,1
ELkE7ubf,Preussen Munster,Hertha Berlin,2,2,1x2,0,draw,3.85,1
ELkE7ubf,Preussen Munster,Hertha Berlin,2,2,1x2,0,away,2.56,1
ELkE7ubf,Preussen Munster,Hertha Berlin,2,2,ou,0.50,over,1.04,1
ELkE7ubf,Preussen Munster,Hertha Berlin,2,2,ou,0.50,under,21.0,1
ELkE7ubf,Preussen Munster,Hertha Berlin,2,2,ou,1.50,over,1.21,1
ELkE7ubf,Preussen Munster,Hertha Berlin,2,2,ou,1.50,under,5.7,1
ELkE7ubf,Preussen Munster,Hertha Berlin,2,2,ou,2.50,over,1.6,1
ELkE7ubf,Preussen Munster,Hertha Berlin,2,2,ou,2.50,under,2.6,1
ELkE7ubf,Preussen Munster,Hertha Berlin,2,2,ou,3.50,over,2.5,1
ELkE7ubf,Preussen Munster,Hertha Berlin,2,2,ou,3.50,under,1.64,1
ELkE7ubf,Preussen Munster,Hertha Berlin,2,2,ou,4.50,over,4.7,1
ELkE7ubf,Preussen Munster,Hertha Berlin,2,2,ou,4.50,under,1.25,1
ELkE7ubf,Preussen Munster,Hertha Berlin,2,2,ou,5.50,over,10.0,1
ELkE7ubf,Preussen Munster,Hertha Berlin,2,2,ou,5.50,under,1.1,1
ELkE7ubf,Preussen Munster,Hertha Berlin,2,2,ou,6.50,over,24.0,1
ELkE7ubf,Preussen Munster,Hertha Berlin,2,2,ou,6.50,under,1.04,1
ELkE7ubf,Preussen Munster,Hertha Berlin,2,2,ou,7.50,over,55.0,1
ELkE7ubf,Preussen Munster,Hertha Berlin,2,2,hc,0,home,2.07,1
ELkE7ubf,Preussen Munster,Hertha Berlin,2,2,hc,0,away,1.9,1
ELkE7ubf,Preussen Munster,Hertha Berlin,2,2,hc,0.50,home,1.62,1
ELkE7ubf,Preussen Munster,Hertha Berlin,2,2,hc,0.50,away,2.56,1
ELkE7ubf,Preussen Munster,Hertha Berlin,2,2,hc,-0.50,home,2.8,1
ELkE7ubf,Preussen Munster,Hertha Berlin,2,2,hc,-0.50,away,1.54,1
ELkE7ubf,Preussen Munster,Hertha Berlin,2,2,hc,0.75,home,1.46,1
ELkE7ubf,Preussen Munster,Hertha Berlin,2,2,hc,0.75,away,3.05,1
ELkE7ubf,Preussen Munster,Hertha Berlin,2,2,hc,-0.75,home,3.41,1
ELkE7ubf,Preussen Munster,Hertha Berlin,2,2,hc,-0.75,away,1.4,1
ELkE7ubf,Preussen Munster,Hertha Berlin,2,2,hc,1.00,home,1.3,1
ELkE7ubf,Preussen Munster,Hertha Berlin,2,2,hc,1.00,away,4.01,1
ELkE7ubf,Preussen Munster,Hertha Berlin,2,2,hc,-1.00,home,4.66,1
ELkE7ubf,Preussen Munster,Hertha Berlin,2,2,hc,-1.00,away,1.25,1
ELkE7ubf,Preussen Munster,Hertha Berlin,2,2,hc,1.25,home,1.26,1
ELkE7ubf,Preussen Munster,Hertha Berlin,2,2,hc,1.25,away,4.48,1
ELkE7ubf,Preussen Munster,Hertha Berlin,2,2,hc,-1.25,home,5.11,1
ELkE7ubf,Preussen Munster,Hertha Berlin,2,2,hc,-1.25,away,1.22,1
ELkE7ubf,Preussen Munster,Hertha Berlin,2,2,hc,1.50,home,1.23,1
ELkE7ubf,Preussen Munster,Hertha Berlin,2,2,hc,1.50,away,4.95,1
ELkE7ubf,Preussen Munster,Hertha Berlin,2,2,hc,-1.50,home,5.62,1
ELkE7ubf,Preussen Munster,Hertha Berlin,2,2,hc,-1.50,away,1.19,1
ELkE7ubf,Preussen Munster,Hertha Berlin,2,2,hc,1.75,home,1.16,1
ELkE7ubf,Preussen Munster,Hertha Berlin,2,2,hc,1.75,away,6.59,1
ELkE7ubf,Preussen Munster,Hertha Berlin,2,2,hc,-1.75,home,7.59,1
ELkE7ubf,Preussen Munster,Hertha Berlin,2,2,hc,-1.75,away,1.13,1
ELkE7ubf,Preussen Munster,Hertha Berlin,2,2,hc,2.00,home,1.09,1
ELkE7ubf,Preussen Munster,Hertha Berlin,2,2,hc,2.00,away,10.39,1
ELkE7ubf,Preussen Munster,Hertha Berlin,2,2,hc,-2.00,home,12.54,1
ELkE7ubf,Preussen Munster,Hertha Berlin,2,2,hc,-2.00,away,1.07,1
ELkE7ubf,Preussen Munster,Hertha Berlin,2,2,hc,2.25,home,1.09,1
ELkE7ubf,Preussen Munster,Hertha Berlin,2,2,hc,2.25,away,10.93,1
ELkE7ubf,Preussen Munster,Hertha Berlin,2,2,hc,-2.25,home,13.27,1
ELkE7ubf,Preussen Munster,Hertha Berlin,2,2,hc,-2.25,away,1.07,1
ELkE7ubf,Preussen Munster,Hertha Berlin,2,2,hc,2.50,home,1.08,1
ELkE7ubf,Preussen Munster,Hertha Berlin,2,2,hc,2.50,away,11.52,1
ELkE7ubf,Preussen Munster,Hertha Berlin,2,2,hc,-2.50,home,14.0,1
ELkE7ubf,Preussen Munster,Hertha Berlin,2,2,hc,-2.50,away,1.07,1
ELkE7ubf,Preussen Munster,Hertha Berlin,2,2,hc,2.75,home,1.05,1
ELkE7ubf,Preussen Munster,Hertha Berlin,2,2,hc,2.75,away,16.47,1
ELkE7ubf,Preussen Munster,Hertha Berlin,2,2,hc,-2.75,home,20.0,1
ELkE7ubf,Preussen Munster,Hertha Berlin,2,2,hc,-2.75,away,1.04,1
ELkE7ubf,Preussen Munster,Hertha Berlin,2,2,hc,3.00,home,1.02,1
ELkE7ubf,Preussen Munster,Hertha Berlin,2,2,hc,3.00,away,30.33,1
ELkE7ubf,Preussen Munster,Hertha Berlin,2,2,hc,-3.00,home,36.28,1
ELkE7ubf,Preussen Munster,Hertha Berlin,2,2,hc,-3.00,away,1.02,1
ELkE7ubf,Preussen Munster,Hertha Berlin,2,2,hc,3.25,home,1.02,1
ELkE7ubf,Preussen Munster,Hertha Berlin,2,2,hc,3.25,away,31.16,1
ELkE7ubf,Preussen Munster,Hertha Berlin,2,2,hc,-3.25,home,37.14,1
ELkE7ubf,Preussen Munster,Hertha Berlin,2,2,hc,-3.25,away,1.02,1
ELkE7ubf,Preussen Munster,Hertha Berlin,2,2,hc,3.50,home,1.02,1
ELkE7ubf,Preussen Munster,Hertha Berlin,2,2,hc,3.50,away,32.0,1
ELkE7ubf,Preussen Munster,Hertha Berlin,2,2,hc,-3.50,home,38.0,1
ELkE7ubf,Preussen Munster,Hertha Berlin,2,2,hc,-3.50,away,1.02,1
ELkE7ubf,Preussen Munster,Hertha Berlin,2,2,hc,3.75,away,32.0,1
ELkE7ubf,Preussen Munster,Hertha Berlin,2,2,hc,-3.75,home,38.0,1
ELkE7ubf,Preussen Munster,Hertha Berlin,2,2,hc,0.25,home,1.79,1
ELkE7ubf,Preussen Munster,Hertha Berlin,2,2,hc,0.25,away,2.23,1
ELkE7ubf,Preussen Munster,Hertha Berlin,2,2,hc,-0.25,home,2.43,1
ELkE7ubf,Preussen Munster,Hertha Berlin,2,2,hc,-0.25,away,1.67,1
ELkE7ubf,Preussen Munster,Hertha Berlin,2,2,dc,0,home/draw,1.62,1
ELkE7ubf,Preussen Munster,Hertha Berlin,2,2,dc,0,home/away,1.34,1
ELkE7ubf,Preussen Munster,Hertha Berlin,2,2,dc,0,draw/away,1.54,1
fZBJmo7L,Nurnberg,Elversberg,1,1,1x2,0,home,4.8,1
fZBJmo7L,Nurnberg,Elversberg,1,1,1x2,0,draw,4.4,1
fZBJmo7L,Nurnberg,Elversberg,1,1,1x2,0,away,1.76,1
fZBJmo7L,Nurnberg,Elversberg,1,1,ou,0.50,over,1.04,1
fZBJmo7L,Nurnberg,Elversberg,1,1,ou,0.50,under,22.0,1
fZBJmo7L,Nurnberg,Elversberg,1,1,ou,1.50,over,1.2,1
fZBJmo7L,Nurnberg,Elversberg,1,1,ou,1.50,under,5.8,1
fZBJmo7L,Nurnberg,Elversberg,1,1,ou,2.50,over,1.6,1
fZBJmo7L,Nurnberg,Elversberg,1,1,ou,2.50,under,2.6,1
fZBJmo7L,Nurnberg,Elversberg,1,1,ou,3.50,over,2.56,1
fZBJmo7L,Nurnberg,Elversberg,1,1,ou,3.50,under,1.63,1
fZBJmo7L,Nurnberg,Elversberg,1,1,ou,4.50,over,4.7,1
fZBJmo7L,Nurnberg,Elversberg,1,1,ou,4.50,under,1.26,1
fZBJmo7L,Nurnberg,Elversberg,1,1,ou,5.50,over,9.8,1
fZBJmo7L,Nurnberg,Elversberg,1,1,ou,5.50,under,1.11,1
fZBJmo7L,Nurnberg,Elversberg,1,1,ou,6.50,over,22.0,1
fZBJmo7L,Nurnberg,Elversberg,1,1,ou,6.50,under,1.04,1
fZBJmo7L,Nurnberg,Elversberg,1,1,ou,7.50,over,55.0,1
fZBJmo7L,Nurnberg,Elversberg,1,1,hc,0,home,3.77,1
fZBJmo7L,Nurnberg,Elversberg,1,1,hc,0,away,1.35,1
fZBJmo7L,Nurnberg,Elversberg,1,1,hc,0.50,home,2.31,1
fZBJmo7L,Nurnberg,Elversberg,1,1,hc,0.50,away,1.75,1
fZBJmo7L,Nurnberg,Elversberg,1,1,hc,-0.50,home,4.86,1
fZBJmo7L,Nurnberg,Elversberg,1,1,hc,-0.50,away,1.25,1
fZBJmo7L,Nurnberg,Elversberg,1,1,hc,0.75,home,2.05,1
fZBJmo7L,Nurnberg,Elversberg,1,1,hc,0.75,away,1.93,1
fZBJmo7L,Nurnberg,Elversberg,1,1,hc,-0.75,home,6.43,1
fZBJmo7L,Nurnberg,Elversberg,1,1,hc,-0.75,away,1.18,1
fZBJmo7L,Nurnberg,Elversberg,1,1,hc,1.00,home,1.79,1
fZBJmo7L,Nurnberg,Elversberg,1,1,hc,1.00,away,2.25,1
fZBJmo7L,Nurnberg,Elversberg,1,1,hc,-1.00,home,10.18,1
fZBJmo7L,Nurnberg,Elversberg,1,1,hc,-1.00,away,1.1,1
fZBJmo7L,Nurnberg,Elversberg,1,1,hc,1.25,home,1.62,1
fZBJmo7L,Nurnberg,Elversberg,1,1,hc,1.25,away,2.57,1
fZBJmo7L,Nurnberg,Elversberg,1,1,hc,-1.25,home,10.86,1
fZBJmo7L,Nurnberg,Elversberg,1,1,hc,-1.25,away,1.09,1
fZBJmo7L,Nurnberg,Elversberg,1,1,hc,1.50,home,1.51,1
fZBJmo7L,Nurnberg,Elversberg,1,1,hc,1.50,away,2.9,1
fZBJmo7L,Nurnberg,Elversberg,1,1,hc,-1.50,home,11.55,1
fZBJmo7L,Nurnberg,Elversberg,1,1,hc,-1.50,away,1.08,1
fZBJmo7L,Nurnberg,Elversberg,1,1,hc,1.75,home,1.37,1
fZBJmo7L,Nurnberg,Elversberg,1,1,hc,1.75,away,3.52,1
fZBJmo7L,Nurnberg,Elversberg,1,1,hc,-1.75,home,16.14,1
fZBJmo7L,Nurnberg,Elversberg,1,1,hc,-1.75,away,1.05,1
fZBJmo7L,Nurnberg,Elversberg,1,1,hc,2.00,home,1.24,1
fZBJmo7L,Nurnberg,Elversberg,1,1,hc,2.00,away,4.77,1
fZBJmo7L,Nurnberg,Elversberg,1,1,hc,-2.00,home,26.78,1
fZBJmo7L,Nurnberg,Elversberg,1,1,hc,-2.00,away,1.02,1
fZBJmo7L,Nurnberg,Elversberg,1,1,hc,2.25,home,1.21,1
fZBJmo7L,Nurnberg,Elversberg,1,1,hc,2.25,away,5.26,1
fZBJmo7L,Nurnberg,Elversberg,1,1,hc,-2.25,home,27.51,1
fZBJmo7L,Nurnberg,Elversberg,1,1,hc,-2.25,away,1.02,1
fZBJmo7L,Nurnberg,Elversberg,1,1,hc,2.50,home,1.19,1
fZBJmo7L,Nurnberg,Elversberg,1,1,hc,2.50,away,5.7,1
fZBJmo7L,Nurnberg,Elversberg,1,1,hc,-2.50,home,27.53,1
fZBJmo7L,Nurnberg,Elversberg,1,1,hc,-2.50,away,1.02,1
fZBJmo7L,Nurnberg,Elversberg,1,1,hc,2.75,home,1.13,1
fZBJmo7L,Nurnberg,Elversberg,1,1,hc,2.75,away,7.67,1
fZBJmo7L,Nurnberg,Elversberg,1,1,hc,-2.75,home,42.61,1
fZBJmo7L,Nurnberg,Elversberg,1,1,hc,3.00,home,1.07,1
fZBJmo7L,Nurnberg,Elversberg,1,1,hc,3.00,away,11.33,1
fZBJmo7L,Nurnberg,Elversberg,1,1,hc,-3.00,home,54.85,1
fZBJmo7L,Nurnberg,Elversberg,1,1,hc,3.25,home,1.07,1
fZBJmo7L,Nurnberg,Elversberg,1,1,hc,3.25,away,11.91,1
fZBJmo7L,Nurnberg,Elversberg,1,1,hc,-3.25,home,55.28,1
fZBJmo7L,Nurnberg,Elversberg,1,1,hc,3.50,home,1.07,1
fZBJmo7L,Nurnberg,Elversberg,1,1,hc,3.50,away,12.5,1
fZBJmo7L,Nurnberg,Elversberg,1,1,hc,3.75,home,1.04,1
fZBJmo7L,Nurnberg,Elversberg,1,1,hc,3.75,away,13.22,1
fZBJmo7L,Nurnberg,Elversberg,1,1,hc,0.25,home,2.78,1
fZBJmo7L,Nurnberg,Elversberg,1,1,hc,0.25,away,1.55,1
fZBJmo7L,Nurnberg,Elversberg,1,1,hc,-0.25,home,4.32,1
fZBJmo7L,Nurnberg,Elversberg,1,1,hc,-0.25,away,1.29,1
fZBJmo7L,Nurnberg,Elversberg,1,1,dc,0,home/draw,2.28,1
fZBJmo7L,Nurnberg,Elversberg,1,1,dc,0,home/away,1.28,1
fZBJmo7L,Nurnberg,Elversberg,1,1,dc,0,draw/away,1.25,1
YTQOR3p2,Hertha Berlin,Greuther Furth,1,1,1x2,0,home,1.99,1
YTQOR3p2,Hertha Berlin,Greuther Furth,1,1,1x2,0,draw,4.0,1
YTQOR3p2,Hertha Berlin,Greuther Furth,1,1,1x2,0,away,4.0,1
YTQOR3p2,Hertha Berlin,Greuther Furth,1,1,ou,0.50,over,1.04,1
YTQOR3p2,Hertha Berlin,Greuther Furth,1,1,ou,0.50,under,21.0,1
YTQOR3p2,Hertha Berlin,Greuther Furth,1,1,ou,1.50,over,1.21,1
YTQOR3p2,Hertha Berlin,Greuther Furth,1,1,ou,1.50,under,5.5,1
YTQOR3p2,Hertha Berlin,Greuther Furth,1,1,ou,2.50,over,1.64,1
YTQOR3p2,Hertha Berlin,Greuther Furth,1,1,ou,2.50,under,2.5,1
YTQOR3p2,Hertha Berlin,Greuther Furth,1,1,ou,3.50,over,2.62,1
YTQOR3p2,Hertha Berlin,Greuther Furth,1,1,ou,3.50,under,1.59,1
YTQOR3p2,Hertha Berlin,Greuther Furth,1,1,ou,4.50,over,4.9,1
YTQOR3p2,Hertha Berlin,Greuther Furth,1,1,ou,4.50,under,1.24,1
YTQOR3p2,Hertha Berlin,Greuther Furth,1,1,ou,5.50,over,10.5,1
YTQOR3p2,Hertha Berlin,Greuther Furth,1,1,ou,5.50,under,1.1,1
YTQOR3p2,Hertha Berlin,Greuther Furth,1,1,ou,6.50,over,26.0,1
YTQOR3p2,Hertha Berlin,Greuther Furth,1,1,ou,6.50,under,1.03,1
YTQOR3p2,Hertha Berlin,Greuther Furth,1,1,ou,7.50,over,60.0,1
YTQOR3p2,Hertha Berlin,Greuther Furth,1,1,hc,0,home,1.48,1
YTQOR3p2,Hertha Berlin,Greuther Furth,1,1,hc,0,away,3.01,1
YTQOR3p2,Hertha Berlin,Greuther Furth,1,1,hc,0.50,home,1.32,1
YTQOR3p2,Hertha Berlin,Greuther Furth,1,1,hc,0.50,away,4.0,1
YTQOR3p2,Hertha Berlin,Greuther Furth,1,1,hc,-0.50,home,1.98,1
YTQOR3p2,Hertha Berlin,Greuther Furth,1,1,hc,-0.50,away,2.01,1
YTQOR3p2,Hertha Berlin,Greuther Furth,1,1,hc,0.75,home,1.23,1
YTQOR3p2,Hertha Berlin,Greuther Furth,1,1,hc,0.75,away,5.15,1
YTQOR3p2,Hertha Berlin,Greuther Furth,1,1,hc,-0.75,home,2.24,1
YTQOR3p2,Hertha Berlin,Greuther Furth,1,1,hc,-0.75,away,1.78,1
YTQOR3p2,Hertha Berlin,Greuther Furth,1,1,hc,1.00,home,1.13,1
YTQOR3p2,Hertha Berlin,Greuther Furth,1,1,hc,1.00,away,7.75,1
YTQOR3p2,Hertha Berlin,Greuther Furth,1,1,hc,-1.00,home,2.7,1
YTQOR3p2,Hertha Berlin,Greuther Furth,1,1,hc,-1.00,away,1.56,1
YTQOR3p2,Hertha Berlin,Greuther Furth,1,1,hc,1.25,home,1.12,1
YTQOR3p2,Hertha Berlin,Greuther Furth,1,1,hc,1.25,away,8.37,1
YTQOR3p2,Hertha Berlin,Greuther Furth,1,1,hc,-1.25,home,3.07,1
YTQOR3p2,Hertha Berlin,Greuther Furth,1,1,hc,-1.25,away,1.46,1
YTQOR3p2,Hertha Berlin,Greuther Furth,1,1,hc,1.50,home,1.11,1
YTQOR3p2,Hertha Berlin,Greuther Furth,1,1,hc,1.50,away,9.0,1
YTQOR3p2,Hertha Berlin,Greuther Furth,1,1,hc,-1.50,home,3.45,1
YTQOR3p2,Hertha Berlin,Greuther Furth,1,1,hc,-1.50,away,1.38,1
YTQOR3p2,Hertha Berlin,Greuther Furth,1,1,hc,1.75,home,1.07,1
YTQOR3p2,Hertha Berlin,Greuther Furth,1,1,hc,1.75,away,12.85,1
YTQOR3p2,Hertha Berlin,Greuther Furth,1,1,hc,-1.75,home,4.35,1
YTQOR3p2,Hertha Berlin,Greuther Furth,1,1,hc,-1.75,away,1.27,1
YTQOR3p2,Hertha Berlin,Greuther Furth,1,1,hc,2.00,home,1.03,1
YTQOR3p2,Hertha Berlin,Greuther Furth,1,1,hc,2.00,away,23.22,1
YTQOR3p2,Hertha Berlin,Greuther Furth,1,1,hc,-2.00,home,6.25,1
YTQOR3p2,Hertha Berlin,Greuther Furth,1,1,hc,-2.00,away,1.17,1
YTQOR3p2,Hertha Berlin,Greuther Furth,1,1,hc,2.25,home,1.03,1
YTQOR3p2,Hertha Berlin,Greuther Furth,1,1,hc,2.25,away,24.11,1
YTQOR3p2,Hertha Berlin,Greuther Furth,1,1,hc,-2.25,home,6.82,1
YTQOR3p2,Hertha Berlin,Greuther Furth,1,1,hc,-2.25,away,1.15,1
YTQOR3p2,Hertha Berlin,Greuther Furth,1,1,hc,2.50,home,1.03,1
YTQOR3p2,Hertha Berlin,Greuther Furth,1,1,hc,2.50,away,25.0,1
YTQOR3p2,Hertha Berlin,Greuther Furth,1,1,hc,-2.50,home,7.4,1
YTQOR3p2,Hertha Berlin,Greuther Furth,1,1,hc,-2.50,away,1.14,1
YTQOR3p2,Hertha Berlin,Greuther Furth,1,1,hc,2.75,home,1.02,1
YTQOR3p2,Hertha Berlin,Greuther Furth,1,1,hc,2.75,away,38.09,1
YTQOR3p2,Hertha Berlin,Greuther Furth,1,1,hc,-2.75,home,10.21,1
YTQOR3p2,Hertha Berlin,Greuther Furth,1,1,hc,-2.75,away,1.09,1
YTQOR3p2,Hertha Berlin,Greuther Furth,1,1,hc,-3.00,home,17.43,1
YTQOR3p2,Hertha Berlin,Greuther Furth,1,1,hc,-3.00,away,1.05,1
YTQOR3p2,Hertha Berlin,Greuther Furth,1,1,hc,-3.25,home,18.21,1
YTQOR3p2,Hertha Berlin,Greuther Furth,1,1,hc,-3.25,away,1.05,1
YTQOR3p2,Hertha Berlin,Greuther Furth,1,1,hc,-3.50,home,19.0,1
YTQOR3p2,Hertha Berlin,Greuther Furth,1,1,hc,-3.50,away,1.04,1
YTQOR3p2,Hertha Berlin,Greuther Furth,1,1,hc,-3.75,home,19.0,1
YTQOR3p2,Hertha Berlin,Greuther Furth,1,1,hc,-3.75,away,1.03,1
YTQOR3p2,Hertha Berlin,Greuther Furth,1,1,hc,-4.00,home,19.0,1
YTQOR3p2,Hertha Berlin,Greuther Furth,1,1,hc,0.25,home,1.39,1
YTQOR3p2,Hertha Berlin,Greuther Furth,1,1,hc,0.25,away,3.5,1
YTQOR3p2,Hertha Berlin,Greuther Furth,1,1,hc,-0.25,home,1.73,1
YTQOR3p2,Hertha Berlin,Greuther Furth,1,1,hc,-0.25,away,2.34,1
YTQOR3p2,Hertha Berlin,Greuther Furth,1,1,dc,0,home/draw,1.32,1
YTQOR3p2,Hertha Berlin,Greuther Furth,1,1,dc,0,home/away,1.32,1
YTQOR3p2,Hertha Berlin,Greuther Furth,1,1,dc,0,draw/away,2.0,1
CExGTPFk,Karlsruher SC,Kaiserslautern,2,2,1x2,0,home,2.58,1
CExGTPFk,Karlsruher SC,Kaiserslautern,2,2,1x2,0,draw,3.9,1
CExGTPFk,Karlsruher SC,Kaiserslautern,2,2,1x2,0,away,2.74,1
CExGTPFk,Karlsruher SC,Kaiserslautern,2,2,ou,0.50,over,1.04,1
CExGTPFk,Karlsruher SC,Kaiserslautern,2,2,ou,0.50,under,24.0,1
CExGTPFk,Karlsruher SC,Kaiserslautern,2,2,ou,1.50,over,1.18,1
CExGTPFk,Karlsruher SC,Kaiserslautern,2,2,ou,1.50,under,6.2,1
CExGTPFk,Karlsruher SC,Kaiserslautern,2,2,ou,2.50,over,1.57,1
CExGTPFk,Karlsruher SC,Kaiserslautern,2,2,ou,2.50,under,2.74,1
CExGTPFk,Karlsruher SC,Kaiserslautern,2,2,ou,3.50,over,2.4,1
CExGTPFk,Karlsruher SC,Kaiserslautern,2,2,ou,3.50,under,1.69,1
CExGTPFk,Karlsruher SC,Kaiserslautern,2,2,ou,4.50,over,4.3,1
CExGTPFk,Karlsruher SC,Kaiserslautern,2,2,ou,4.50,under,1.29,1
CExGTPFk,Karlsruher SC,Kaiserslautern,2,2,ou,5.50,over,8.8,1
CExGTPFk,Karlsruher SC,Kaiserslautern,2,2,ou,5.50,under,1.12,1
CExGTPFk,Karlsruher SC,Kaiserslautern,2,2,ou,6.50,over,19.5,1
CExGTPFk,Karlsruher SC,Kaiserslautern,2,2,ou,6.50,under,1.04,1
CExGTPFk,Karlsruher SC,Kaiserslautern,2,2,ou,7.50,over,48.0,1
CExGTPFk,Karlsruher SC,Kaiserslautern,2,2,hc,0,home,1.93,1
CExGTPFk,Karlsruher SC,Kaiserslautern,2,2,hc,0,away,2.04,1
CExGTPFk,Karlsruher SC,Kaiserslautern,2,2,hc,0.50,home,1.56,1
CExGTPFk,Karlsruher SC,Kaiserslautern,2,2,hc,0.50,away,2.74,1
CExGTPFk,Karlsruher SC,Kaiserslautern,2,2,hc,-0.50,home,2.58,1
CExGTPFk,Karlsruher SC,Kaiserslautern,2,2,hc,-0.50,away,1.61,1
CExGTPFk,Karlsruher SC,Kaiserslautern,2,2,hc,0.75,home,1.42,1
CExGTPFk,Karlsruher SC,Kaiserslautern,2,2,hc,0.75,away,3.33,1
CExGTPFk,Karlsruher SC,Kaiserslautern,2,2,hc,-0.75,home,3.08,1
CExGTPFk,Karlsruher SC,Kaiserslautern,2,2,hc,-0.75,away,1.46,1
CExGTPFk,Karlsruher SC,Kaiserslautern,2,2,hc,1.00,home,1.27,1
CExGTPFk,Karlsruher SC,Kaiserslautern,2,2,hc,1.00,away,4.57,1
CExGTPFk,Karlsruher SC,Kaiserslautern,2,2,hc,-1.00,home,4.03,1
CExGTPFk,Karlsruher SC,Kaiserslautern,2,2,hc,-1.00,away,1.31,1
CExGTPFk,Karlsruher SC,Kaiserslautern,2,2,hc,1.25,home,1.23,1
CExGTPFk,Karlsruher SC,Kaiserslautern,2,2,hc,1.25,away,4.83,1
CExGTPFk,Karlsruher SC,Kaiserslautern,2,2,hc,-1.25,home,4.47,1
CExGTPFk,Karlsruher SC,Kaiserslautern,2,2,hc,-1.25,away,1.27,1
CExGTPFk,Karlsruher SC,Kaiserslautern,2,2,hc,1.50,home,1.21,1
CExGTPFk,Karlsruher SC,Kaiserslautern,2,2,hc,1.50,away,5.3,1
CExGTPFk,Karlsruher SC,Kaiserslautern,2,2,hc,-1.50,home,4.92,1
CExGTPFk,Karlsruher SC,Kaiserslautern,2,2,hc,-1.50,away,1.24,1
CExGTPFk,Karlsruher SC,Kaiserslautern,2,2,hc,1.75,home,1.14,1
CExGTPFk,Karlsruher SC,Kaiserslautern,2,2,hc,1.75,away,7.01,1
CExGTPFk,Karlsruher SC,Kaiserslautern,2,2,hc,-1.75,home,6.48,1
CExGTPFk,Karlsruher SC,Kaiserslautern,2,2,hc,-1.75,away,1.16,1
CExGTPFk,Karlsruher SC,Kaiserslautern,2,2,hc,2.00,home,1.08,1
CExGTPFk,Karlsruher SC,Kaiserslautern,2,2,hc,2.00,away,10.46,1
CExGTPFk,Karlsruher SC,Kaiserslautern,2,2,hc,-2.00,home,9.76,1
CExGTPFk,Karlsruher SC,Kaiserslautern,2,2,hc,-2.00,away,1.09,1
CExGTPFk,Karlsruher SC,Kaiserslautern,2,2,hc,2.25,home,1.08,1
CExGTPFk,Karlsruher SC,Kaiserslautern,2,2,hc,2.25,away,11.0,1
CExGTPFk,Karlsruher SC,Kaiserslautern,2,2,hc,-2.25,home,9.84,1
CExGTPFk,Karlsruher SC,Kaiserslautern,2,2,hc,-2.25,away,1.09,1
CExGTPFk,Karlsruher SC,Kaiserslautern,2,2,hc,2.50,home,1.07,1
CExGTPFk,Karlsruher SC,Kaiserslautern,2,2,hc,2.50,away,11.5,1
CExGTPFk,Karlsruher SC,Kaiserslautern,2,2,hc,-2.50,home,10.33,1
CExGTPFk,Karlsruher SC,Kaiserslautern,2,2,hc,-2.50,away,1.08,1
CExGTPFk,Karlsruher SC,Kaiserslautern,2,2,hc,2.75,home,1.05,1
CExGTPFk,Karlsruher SC,Kaiserslautern,2,2,hc,2.75,away,16.18,1
CExGTPFk,Karlsruher SC,Kaiserslautern,2,2,hc,-2.75,home,14.71,1
CExGTPFk,Karlsruher SC,Kaiserslautern,2,2,hc,-2.75,away,1.05,1
CExGTPFk,Karlsruher SC,Kaiserslautern,2,2,hc,3.00,home,1.02,1
CExGTPFk,Karlsruher SC,Kaiserslautern,2,2,hc,3.00,away,28.52,1
CExGTPFk,Karlsruher SC,Kaiserslautern,2,2,hc,-3.00,home,22.92,1
CExGTPFk,Karlsruher SC,Kaiserslautern,2,2,hc,-3.00,away,1.02,1
CExGTPFk,Karlsruher SC,Kaiserslautern,2,2,hc,3.25,home,1.02,1
CExGTPFk,Karlsruher SC,Kaiserslautern,2,2,hc,3.25,away,29.26,1
CExGTPFk,Karlsruher SC,Kaiserslautern,2,2,hc,-3.25,home,23.46,1
CExGTPFk,Karlsruher SC,Kaiserslautern,2,2,hc,-3.25,away,1.02,1
CExGTPFk,Karlsruher SC,Kaiserslautern,2,2,hc,3.50,home,1.02,1
CExGTPFk,Karlsruher SC,Kaiserslautern,2,2,hc,3.50,away,30.0,1
CExGTPFk,Karlsruher SC,Kaiserslautern,2,2,hc,-3.50,home,24.0,1
CExGTPFk,Karlsruher SC,Kaiserslautern,2,2,hc,-3.50,away,1.02,1
CExGTPFk,Karlsruher SC,Kaiserslautern,2,2,hc,3.75,away,30.0,1
CExGTPFk,Karlsruher SC,Kaiserslautern,2,2,hc,-3.75,home,24.0,1
CExGTPFk,Karlsruher SC,Kaiserslautern,2,2,hc,0.25,home,1.7,1
CExGTPFk,Karlsruher SC,Kaiserslautern,2,2,hc,0.25,away,2.39,1
CExGTPFk,Karlsruher SC,Kaiserslautern,2,2,hc,-0.25,home,2.25,1
CExGTPFk,Karlsruher SC,Kaiserslautern,2,2,hc,-0.25,away,1.77,1
CExGTPFk,Karlsruher SC,Kaiserslautern,2,2,dc,0,home/draw,1.56,1
CExGTPFk,Karlsruher SC,Kaiserslautern,2,2,dc,0,home/away,1.33,1
CExGTPFk,Karlsruher SC,Kaiserslautern,2,2,dc,0,draw/away,1.61,1
02urlf14,FC Koln,Regensburg,1,1,1x2,0,home,1.22,1
02urlf14,FC Koln,Regensburg,1,1,1x2,0,draw,8.0,1
02urlf14,FC Koln,Regensburg,1,1,1x2,0,away,18.0,1
02urlf14,FC Koln,Regensburg,1,1,ou,0.50,over,1.02,1
02urlf14,FC Koln,Regensburg,1,1,ou,0.50,under,32.0,1
02urlf14,FC Koln,Regensburg,1,1,ou,1.50,over,1.15,1
02urlf14,FC Koln,Regensburg,1,1,ou,1.50,under,7.2,1
02urlf14,FC Koln,Regensburg,1,1,ou,2.50,over,1.46,1
02urlf14,FC Koln,Regensburg,1,1,ou,2.50,under,3.1,1
02urlf14,FC Koln,Regensburg,1,1,ou,3.50,over,2.18,1
02urlf14,FC Koln,Regensburg,1,1,ou,3.50,under,1.82,1
02urlf14,FC Koln,Regensburg,1,1,ou,4.50,over,3.8,1
02urlf14,FC Koln,Regensburg,1,1,ou,4.50,under,1.35,1
02urlf14,FC Koln,Regensburg,1,1,ou,5.50,over,7.4,1
02urlf14,FC Koln,Regensburg,1,1,ou,5.50,under,1.14,1
02urlf14,FC Koln,Regensburg,1,1,ou,6.50,over,16.5,1
02urlf14,FC Koln,Regensburg,1,1,ou,6.50,under,1.05,1
02urlf14,FC Koln,Regensburg,1,1,ou,7.50,over,38.0,1
02urlf14,FC Koln,Regensburg,1,1,ou,7.50,under,1.02,1
02urlf14,FC Koln,Regensburg,1,1,hc,0,home,1.06,1
02urlf14,FC Koln,Regensburg,1,1,hc,0,away,15.75,1
02urlf14,FC Koln,Regensburg,1,1,hc,0.50,home,1.05,1
02urlf14,FC Koln,Regensburg,1,1,hc,0.50,away,18.0,1
02urlf14,FC Koln,Regensburg,1,1,hc,-0.50,home,1.22,1
02urlf14,FC Koln,Regensburg,1,1,hc,-0.50,away,5.53,1
02urlf14,FC Koln,Regensburg,1,1,hc,0.75,home,1.03,1
02urlf14,FC Koln,Regensburg,1,1,hc,0.75,away,27.56,1
02urlf14,FC Koln,Regensburg,1,1,hc,-0.75,home,1.25,1
02urlf14,FC Koln,Regensburg,1,1,hc,-0.75,away,4.91,1
02urlf14,FC Koln,Regensburg,1,1,hc,1.00,away,61.71,1
02urlf14,FC Koln,Regensburg,1,1,hc,-1.00,home,1.29,1
02urlf14,FC Koln,Regensburg,1,1,hc,-1.00,away,4.29,1
02urlf14,FC Koln,Regensburg,1,1,hc,1.25,away,63.0,1
02urlf14,FC Koln,Regensburg,1,1,hc,-1.25,home,1.46,1
02urlf14,FC Koln,Regensburg,1,1,hc,-1.25,away,3.03,1
02urlf14,FC Koln,Regensburg,1,1,hc,1.50,away,64.28,1
02urlf14,FC Koln,Regensburg,1,1,hc,-1.50,home,1.64,1
02urlf14,FC Koln,Regensburg,1,1,hc,-1.50,away,2.46,1
02urlf14,FC Koln,Regensburg,1,1,hc,1.75,away,94.26,1
02urlf14,FC Koln,Regensburg,1,1,hc,-1.75,home,1.79,1
02urlf14,FC Koln,Regensburg,1,1,hc,-1.75,away,2.2,1
02urlf14,FC Koln,Regensburg,1,1,hc,-2.00,home,2.03,1
02urlf14,FC Koln,Regensburg,1,1,hc,-2.00,away,1.93,1
02urlf14,FC Koln,Regensburg,1,1,hc,-2.25,home,2.3,1
02urlf14,FC Koln,Regensburg,1,1,hc,-2.25,away,1.74,1
02urlf14,FC Koln,Regensburg,1,1,hc,-2.50,home,2.57,1
02urlf14,FC Koln,Regensburg,1,1,hc,-2.50,away,1.6,1
02urlf14,FC Koln,Regensburg,1,1,hc,-2.75,home,3.05,1
02urlf14,FC Koln,Regensburg,1,1,hc,-2.75,away,1.45,1
02urlf14,FC Koln,Regensburg,1,1,hc,-3.00,home,3.94,1
02urlf14,FC Koln,Regensburg,1,1,hc,-3.00,away,1.31,1
02urlf14,FC Koln,Regensburg,1,1,hc,-3.25,home,4.33,1
02urlf14,FC Koln,Regensburg,1,1,hc,-3.25,away,1.27,1
02urlf14,FC Koln,Regensburg,1,1,hc,-3.50,home,4.71,1
02urlf14,FC Koln,Regensburg,1,1,hc,-3.50,away,1.24,1
02urlf14,FC Koln,Regensburg,1,1,hc,-3.75,home,6.03,1
02urlf14,FC Koln,Regensburg,1,1,hc,-3.75,away,1.17,1
02urlf14,FC Koln,Regensburg,1,1,hc,-4.00,home,8.7,1
02urlf14,FC Koln,Regensburg,1,1,hc,-4.00,away,1.11,1
02urlf14,FC Koln,Regensburg,1,1,hc,0.25,home,1.06,1
02urlf14,FC Koln,Regensburg,1,1,hc,0.25,away,16.87,1
02urlf14,FC Koln,Regensburg,1,1,hc,-0.25,home,1.14,1
02urlf14,FC Koln,Regensburg,1,1,hc,-0.25,away,7.94,1
02urlf14,FC Koln,Regensburg,1,1,dc,0,home/draw,1.06,1
02urlf14,FC Koln,Regensburg,1,1,dc,0,home/away,1.13,1
02urlf14,FC Koln,Regensburg,1,1,dc,0,draw/away,5.4,1
nXjbt3ae,Braunschweig,Dusseldorf,2,2,1x2,0,home,3.0,1
nXjbt3ae,Braunschweig,Dusseldorf,2,2,1x2,0,draw,3.65,1
nXjbt3ae,Braunschweig,Dusseldorf,2,2,1x2,0,away,2.52,1
nXjbt3ae,Braunschweig,Dusseldorf,2,2,ou,0.50,over,1.05,1
nXjbt3ae,Braunschweig,Dusseldorf,2,2,ou,0.50,under,17.0,1
nXjbt3ae,Braunschweig,Dusseldorf,2,2,ou,1.50,over,1.25,1
nXjbt3ae,Braunschweig,Dusseldorf,2,2,ou,1.50,under,4.8,1
nXjbt3ae,Braunschweig,Dusseldorf,2,2,ou,2.50,over,1.78,1
nXjbt3ae,Braunschweig,Dusseldorf,2,2,ou,2.50,under,2.26,1
nXjbt3ae,Braunschweig,Dusseldorf,2,2,ou,3.50,over,2.96,1
nXjbt3ae,Braunschweig,Dusseldorf,2,2,ou,3.50,under,1.49,1
nXjbt3ae,Braunschweig,Dusseldorf,2,2,ou,4.50,over,5.9,1
nXjbt3ae,Braunschweig,Dusseldorf,2,2,ou,4.50,under,1.19,1
nXjbt3ae,Braunschweig,Dusseldorf,2,2,ou,5.50,over,13.0,1
nXjbt3ae,Braunschweig,Dusseldorf,2,2,ou,5.50,under,1.07,1
nXjbt3ae,Braunschweig,Dusseldorf,2,2,ou,6.50,over,34.0,1
nXjbt3ae,Braunschweig,Dusseldorf,2,2,ou,6.50,under,1.02,1
nXjbt3ae,Braunschweig,Dusseldorf,2,2,hc,0,home,2.18,1
nXjbt3ae,Braunschweig,Dusseldorf,2,2,hc,0,away,1.82,1
nXjbt3ae,Braunschweig,Dusseldorf,2,2,hc,0.50,home,1.65,1
nXjbt3ae,Braunschweig,Dusseldorf,2,2,hc,0.50,away,2.52,1
nXjbt3ae,Braunschweig,Dusseldorf,2,2,hc,-0.50,home,3.0,1
nXjbt3ae,Braunschweig,Dusseldorf,2,2,hc,-0.50,away,1.49,1
nXjbt3ae,Braunschweig,Dusseldorf,2,2,hc,0.75,home,1.48,1
nXjbt3ae,Braunschweig,Dusseldorf,2,2,hc,0.75,away,3.03,1
nXjbt3ae,Braunschweig,Dusseldorf,2,2,hc,-0.75,home,3.71,1
nXjbt3ae,Braunschweig,Dusseldorf,2,2,hc,-0.75,away,1.35,1
nXjbt3ae,Braunschweig,Dusseldorf,2,2,hc,1.00,home,1.32,1
nXjbt3ae,Braunschweig,Dusseldorf,2,2,hc,1.00,away,4.06,1
nXjbt3ae,Braunschweig,Dusseldorf,2,2,hc,-1.00,home,5.24,1
nXjbt3ae,Braunschweig,Dusseldorf,2,2,hc,-1.00,away,1.21,1
nXjbt3ae,Braunschweig,Dusseldorf,2,2,hc,1.25,home,1.27,1
nXjbt3ae,Braunschweig,Dusseldorf,2,2,hc,1.25,away,4.57,1
nXjbt3ae,Braunschweig,Dusseldorf,2,2,hc,-1.25,home,5.81,1
nXjbt3ae,Braunschweig,Dusseldorf,2,2,hc,-1.25,away,1.19,1
nXjbt3ae,Braunschweig,Dusseldorf,2,2,hc,1.50,home,1.23,1
nXjbt3ae,Braunschweig,Dusseldorf,2,2,hc,1.50,away,5.08,1
nXjbt3ae,Braunschweig,Dusseldorf,2,2,hc,-1.50,home,6.33,1
nXjbt3ae,Braunschweig,Dusseldorf,2,2,hc,-1.50,away,1.17,1
nXjbt3ae,Braunschweig,Dusseldorf,2,2,hc,1.75,home,1.16,1
nXjbt3ae,Braunschweig,Dusseldorf,2,2,hc,1.75,away,6.74,1
nXjbt3ae,Braunschweig,Dusseldorf,2,2,hc,-1.75,home,8.69,1
nXjbt3ae,Braunschweig,Dusseldorf,2,2,hc,-1.75,away,1.11,1
nXjbt3ae,Braunschweig,Dusseldorf,2,2,hc,2.00,home,1.09,1
nXjbt3ae,Braunschweig,Dusseldorf,2,2,hc,2.00,away,10.27,1
nXjbt3ae,Braunschweig,Dusseldorf,2,2,hc,-2.00,home,13.92,1
nXjbt3ae,Braunschweig,Dusseldorf,2,2,hc,-2.00,away,1.05,1
nXjbt3ae,Braunschweig,Dusseldorf,2,2,hc,2.25,home,1.08,1
nXjbt3ae,Braunschweig,Dusseldorf,2,2,hc,2.25,away,10.88,1
nXjbt3ae,Braunschweig,Dusseldorf,2,2,hc,-2.25,home,14.6,1
nXjbt3ae,Braunschweig,Dusseldorf,2,2,hc,-2.25,away,1.05,1
nXjbt3ae,Braunschweig,Dusseldorf,2,2,hc,2.50,home,1.07,1
nXjbt3ae,Braunschweig,Dusseldorf,2,2,hc,2.50,away,11.5,1
nXjbt3ae,Braunschweig,Dusseldorf,2,2,hc,-2.50,home,14.21,1
nXjbt3ae,Braunschweig,Dusseldorf,2,2,hc,-2.50,away,1.05,1
nXjbt3ae,Braunschweig,Dusseldorf,2,2,hc,2.75,home,1.05,1
nXjbt3ae,Braunschweig,Dusseldorf,2,2,hc,2.75,away,16.64,1
nXjbt3ae,Braunschweig,Dusseldorf,2,2,hc,-2.75,home,21.94,1
nXjbt3ae,Braunschweig,Dusseldorf,2,2,hc,-2.75,away,1.03,1
nXjbt3ae,Braunschweig,Dusseldorf,2,2,hc,3.00,home,1.02,1
nXjbt3ae,Braunschweig,Dusseldorf,2,2,hc,3.00,away,27.78,1
nXjbt3ae,Braunschweig,Dusseldorf,2,2,hc,-3.00,home,28.35,1
nXjbt3ae,Braunschweig,Dusseldorf,2,2,hc,3.25,home,1.02,1
nXjbt3ae,Braunschweig,Dusseldorf,2,2,hc,3.25,away,28.39,1
nXjbt3ae,Braunschweig,Dusseldorf,2,2,hc,-3.25,home,28.8,1
nXjbt3ae,Braunschweig,Dusseldorf,2,2,hc,3.50,home,1.02,1
nXjbt3ae,Braunschweig,Dusseldorf,2,2,hc,3.50,away,29.0,1
nXjbt3ae,Braunschweig,Dusseldorf,2,2,hc,-3.50,home,25.56,1
nXjbt3ae,Braunschweig,Dusseldorf,2,2,hc,3.75,away,29.0,1
nXjbt3ae,Braunschweig,Dusseldorf,2,2,hc,0.25,home,1.83,1
nXjbt3ae,Braunschweig,Dusseldorf,2,2,hc,0.25,away,2.17,1
nXjbt3ae,Braunschweig,Dusseldorf,2,2,hc,-0.25,home,2.59,1
nXjbt3ae,Braunschweig,Dusseldorf,2,2,hc,-0.25,away,1.61,1
nXjbt3ae,Braunschweig,Dusseldorf,2,2,dc,0,home/draw,1.64,1
nXjbt3ae,Braunschweig,Dusseldorf,2,2,dc,0,home/away,1.37,1
nXjbt3ae,Braunschweig,Dusseldorf,2,2,dc,0,draw/away,1.49,1
6FArnYVG,Darmstadt,Hamburger SV,0,0,1x2,0,home,3.3,1
6FArnYVG,Darmstadt,Hamburger SV,0,0,1x2,0,draw,4.0,1
6FArnYVG,Darmstadt,Hamburger SV,0,0,1x2,0,away,2.2,1
6FArnYVG,Darmstadt,Hamburger SV,0,0,ou,0.50,over,1.03,1
6FArnYVG,Darmstadt,Hamburger SV,0,0,ou,0.50,under,29.0,1
6FArnYVG,Darmstadt,Hamburger SV,0,0,ou,1.50,over,1.15,1
6FArnYVG,Darmstadt,Hamburger SV,0,0,ou,1.50,under,7.6,1
6FArnYVG,Darmstadt,Hamburger SV,0,0,ou,2.50,over,1.47,1
6FArnYVG,Darmstadt,Hamburger SV,0,0,ou,2.50,under,3.05,1
6FArnYVG,Darmstadt,Hamburger SV,0,0,ou,3.50,over,2.14,1
6FArnYVG,Darmstadt,Hamburger SV,0,0,ou,3.50,under,1.86,1
6FArnYVG,Darmstadt,Hamburger SV,0,0,ou,4.50,over,3.7,1
6FArnYVG,Darmstadt,Hamburger SV,0,0,ou,4.50,under,1.36,1
6FArnYVG,Darmstadt,Hamburger SV,0,0,ou,5.50,over,7.0,1
6FArnYVG,Darmstadt,Hamburger SV,0,0,ou,5.50,under,1.15,1
6FArnYVG,Darmstadt,Hamburger SV,0,0,ou,6.50,over,15.5,1
6FArnYVG,Darmstadt,Hamburger SV,0,0,ou,6.50,under,1.06,1
6FArnYVG,Darmstadt,Hamburger SV,0,0,ou,7.50,over,34.0,1
6FArnYVG,Darmstadt,Hamburger SV,0,0,ou,7.50,under,1.02,1
6FArnYVG,Darmstadt,Hamburger SV,0,0,hc,0,home,2.47,1
6FArnYVG,Darmstadt,Hamburger SV,0,0,hc,0,away,1.67,1
6FArnYVG,Darmstadt,Hamburger SV,0,0,hc,0.50,home,1.8,1
6FArnYVG,Darmstadt,Hamburger SV,0,0,hc,0.50,away,2.21,1
6FArnYVG,Darmstadt,Hamburger SV,0,0,hc,-0.50,home,3.3,1
6FArnYVG,Darmstadt,Hamburger SV,0,0,hc,-0.50,away,1.43,1
6FArnYVG,Darmstadt,Hamburger SV,0,0,hc,0.75,home,1.63,1
6FArnYVG,Darmstadt,Hamburger SV,0,0,hc,0.75,away,2.51,1
6FArnYVG,Darmstadt,Hamburger SV,0,0,hc,-0.75,home,3.96,1
6FArnYVG,Darmstadt,Hamburger SV,0,0,hc,-0.75,away,1.31,1
6FArnYVG,Darmstadt,Hamburger SV,0,0,hc,1.00,home,1.45,1
6FArnYVG,Darmstadt,Hamburger SV,0,0,hc,1.00,away,2.91,1
6FArnYVG,Darmstadt,Hamburger SV,0,0,hc,-1.00,home,5.18,1
6FArnYVG,Darmstadt,Hamburger SV,0,0,hc,-1.00,away,1.19,1
6FArnYVG,Darmstadt,Hamburger SV,0,0,hc,1.25,home,1.39,1
6FArnYVG,Darmstadt,Hamburger SV,0,0,hc,1.25,away,3.2,1
6FArnYVG,Darmstadt,Hamburger SV,0,0,hc,-1.25,home,5.59,1
6FArnYVG,Darmstadt,Hamburger SV,0,0,hc,-1.25,away,1.17,1
6FArnYVG,Darmstadt,Hamburger SV,0,0,hc,1.50,home,1.34,1
6FArnYVG,Darmstadt,Hamburger SV,0,0,hc,1.50,away,3.5,1
6FArnYVG,Darmstadt,Hamburger SV,0,0,hc,-1.50,home,6.0,1
6FArnYVG,Darmstadt,Hamburger SV,0,0,hc,-1.50,away,1.15,1
6FArnYVG,Darmstadt,Hamburger SV,0,0,hc,1.75,home,1.22,1
6FArnYVG,Darmstadt,Hamburger SV,0,0,hc,1.75,away,4.29,1
6FArnYVG,Darmstadt,Hamburger SV,0,0,hc,-1.75,home,8.18,1
6FArnYVG,Darmstadt,Hamburger SV,0,0,hc,-1.75,away,1.11,1
6FArnYVG,Darmstadt,Hamburger SV,0,0,hc,2.00,home,1.1,1
6FArnYVG,Darmstadt,Hamburger SV,0,0,hc,2.00,away,5.85,1
6FArnYVG,Darmstadt,Hamburger SV,0,0,hc,-2.00,home,10.48,1
6FArnYVG,Darmstadt,Hamburger SV,0,0,hc,-2.00,away,1.06,1
6FArnYVG,Darmstadt,Hamburger SV,0,0,hc,2.25,home,1.09,1
6FArnYVG,Darmstadt,Hamburger SV,0,0,hc,2.25,away,6.25,1
6FArnYVG,Darmstadt,Hamburger SV,0,0,hc,-2.25,home,10.75,1
6FArnYVG,Darmstadt,Hamburger SV,0,0,hc,-2.25,away,1.06,1
6FArnYVG,Darmstadt,Hamburger SV,0,0,hc,2.50,home,1.08,1
6FArnYVG,Darmstadt,Hamburger SV,0,0,hc,2.50,away,6.6,1
6FArnYVG,Darmstadt,Hamburger SV,0,0,hc,-2.50,home,11.02,1
6FArnYVG,Darmstadt,Hamburger SV,0,0,hc,-2.50,away,1.06,1
6FArnYVG,Darmstadt,Hamburger SV,0,0,hc,2.75,home,1.05,1
6FArnYVG,Darmstadt,Hamburger SV,0,0,hc,2.75,away,7.89,1
6FArnYVG,Darmstadt,Hamburger SV,0,0,hc,-2.75,home,14.75,1
6FArnYVG,Darmstadt,Hamburger SV,0,0,hc,-2.75,away,1.03,1
6FArnYVG,Darmstadt,Hamburger SV,0,0,hc,3.00,home,1.02,1
6FArnYVG,Darmstadt,Hamburger SV,0,0,hc,3.00,away,9.59,1
6FArnYVG,Darmstadt,Hamburger SV,0,0,hc,-3.00,home,21.56,1
6FArnYVG,Darmstadt,Hamburger SV,0,0,hc,3.25,home,1.02,1
6FArnYVG,Darmstadt,Hamburger SV,0,0,hc,3.25,away,9.79,1
6FArnYVG,Darmstadt,Hamburger SV,0,0,hc,-3.25,home,21.78,1
6FArnYVG,Darmstadt,Hamburger SV,0,0,hc,3.50,home,1.02,1
6FArnYVG,Darmstadt,Hamburger SV,0,0,hc,3.50,away,10.0,1
6FArnYVG,Darmstadt,Hamburger SV,0,0,hc,-3.50,home,22.0,1
6FArnYVG,Darmstadt,Hamburger SV,0,0,hc,3.75,away,10.0,1
6FArnYVG,Darmstadt,Hamburger SV,0,0,hc,-3.75,home,22.0,1
6FArnYVG,Darmstadt,Hamburger SV,0,0,hc,0.25,home,2.04,1
6FArnYVG,Darmstadt,Hamburger SV,0,0,hc,0.25,away,1.94,1
6FArnYVG,Darmstadt,Hamburger SV,0,0,hc,-0.25,home,2.88,1
6FArnYVG,Darmstadt,Hamburger SV,0,0,hc,-0.25,away,1.52,1
6FArnYVG,Darmstadt,Hamburger SV,0,0,dc,0,home/draw,1.8,1
6FArnYVG,Darmstadt,Hamburger SV,0,0,dc,0,home/away,1.32,1
6FArnYVG,Darmstadt,Hamburger SV,0,0,dc,0,draw/away,1.43,1
fcf6vsU7,Ulm,Hannover,1,1,1x2,0,home,2.76,1
fcf6vsU7,Ulm,Hannover,1,1,1x2,0,draw,3.6,1
fcf6vsU7,Ulm,Hannover,1,1,1x2,0,away,2.74,1
fcf6vsU7,Ulm,Hannover,1,1,ou,0.50,over,1.06,1
fcf6vsU7,Ulm,Hannover,1,1,ou,0.50,under,15.5,1
fcf6vsU7,Ulm,Hannover,1,1,ou,1.50,over,1.28,1
fcf6vsU7,Ulm,Hannover,1,1,ou,1.50,under,4.4,1
fcf6vsU7,Ulm,Hannover,1,1,ou,2.50,over,1.86,1
fcf6vsU7,Ulm,Hannover,1,1,ou,2.50,under,2.12,1
fcf6vsU7,Ulm,Hannover,1,1,ou,3.50,over,3.15,1
fcf6vsU7,Ulm,Hannover,1,1,ou,3.50,under,1.45,1
fcf6vsU7,Ulm,Hannover,1,1,ou,4.50,over,6.6,1
fcf6vsU7,Ulm,Hannover,1,1,ou,4.50,under,1.17,1
fcf6vsU7,Ulm,Hannover,1,1,ou,5.50,over,15.0,1
fcf6vsU7,Ulm,Hannover,1,1,ou,5.50,under,1.06,1
fcf6vsU7,Ulm,Hannover,1,1,ou,6.50,over,36.0,1
fcf6vsU7,Ulm,Hannover,1,1,ou,6.50,under,1.02,1
fcf6vsU7,Ulm,Hannover,1,1,hc,0,home,1.99,1
fcf6vsU7,Ulm,Hannover,1,1,hc,0,away,1.99,1
fcf6vsU7,Ulm,Hannover,1,1,hc,0.50,home,1.56,1
fcf6vsU7,Ulm,Hannover,1,1,hc,0.50,away,2.74,1
fcf6vsU7,Ulm,Hannover,1,1,hc,-0.50,home,2.76,1
fcf6vsU7,Ulm,Hannover,1,1,hc,-0.50,away,1.56,1
fcf6vsU7,Ulm,Hannover,1,1,hc,0.75,home,1.4,1
fcf6vsU7,Ulm,Hannover,1,1,hc,0.75,away,3.35,1
fcf6vsU7,Ulm,Hannover,1,1,hc,-0.75,home,3.38,1
fcf6vsU7,Ulm,Hannover,1,1,hc,-0.75,away,1.41,1
fcf6vsU7,Ulm,Hannover,1,1,hc,1.00,home,1.25,1
fcf6vsU7,Ulm,Hannover,1,1,hc,1.00,away,4.65,1
fcf6vsU7,Ulm,Hannover,1,1,hc,-1.00,home,4.69,1
fcf6vsU7,Ulm,Hannover,1,1,hc,-1.00,away,1.26,1
fcf6vsU7,Ulm,Hannover,1,1,hc,1.25,home,1.21,1
fcf6vsU7,Ulm,Hannover,1,1,hc,1.25,away,5.21,1
fcf6vsU7,Ulm,Hannover,1,1,hc,-1.25,home,5.24,1
fcf6vsU7,Ulm,Hannover,1,1,hc,-1.25,away,1.22,1
fcf6vsU7,Ulm,Hannover,1,1,hc,1.50,home,1.19,1
fcf6vsU7,Ulm,Hannover,1,1,hc,1.50,away,5.73,1
fcf6vsU7,Ulm,Hannover,1,1,hc,-1.50,home,5.8,1
fcf6vsU7,Ulm,Hannover,1,1,hc,-1.50,away,1.2,1
fcf6vsU7,Ulm,Hannover,1,1,hc,1.75,home,1.13,1
fcf6vsU7,Ulm,Hannover,1,1,hc,1.75,away,7.89,1
fcf6vsU7,Ulm,Hannover,1,1,hc,-1.75,home,7.97,1
fcf6vsU7,Ulm,Hannover,1,1,hc,-1.75,away,1.13,1
fcf6vsU7,Ulm,Hannover,1,1,hc,2.00,home,1.06,1
fcf6vsU7,Ulm,Hannover,1,1,hc,2.00,away,12.78,1
fcf6vsU7,Ulm,Hannover,1,1,hc,-2.00,home,13.65,1
fcf6vsU7,Ulm,Hannover,1,1,hc,-2.00,away,1.06,1
fcf6vsU7,Ulm,Hannover,1,1,hc,2.25,home,1.06,1
fcf6vsU7,Ulm,Hannover,1,1,hc,2.25,away,13.5,1
fcf6vsU7,Ulm,Hannover,1,1,hc,-2.25,home,14.47,1
fcf6vsU7,Ulm,Hannover,1,1,hc,-2.25,away,1.06,1
fcf6vsU7,Ulm,Hannover,1,1,hc,2.50,home,1.06,1
fcf6vsU7,Ulm,Hannover,1,1,hc,2.50,away,14.12,1
fcf6vsU7,Ulm,Hannover,1,1,hc,-2.50,home,15.28,1
fcf6vsU7,Ulm,Hannover,1,1,hc,-2.50,away,1.06,1
fcf6vsU7,Ulm,Hannover,1,1,hc,2.75,home,1.03,1
fcf6vsU7,Ulm,Hannover,1,1,hc,2.75,away,20.13,1
fcf6vsU7,Ulm,Hannover,1,1,hc,-2.75,home,21.67,1
fcf6vsU7,Ulm,Hannover,1,1,hc,-2.75,away,1.03,1
fcf6vsU7,Ulm,Hannover,1,1,hc,3.00,away,36.44,1
fcf6vsU7,Ulm,Hannover,1,1,hc,-3.00,home,38.43,1
fcf6vsU7,Ulm,Hannover,1,1,hc,3.25,away,37.22,1
fcf6vsU7,Ulm,Hannover,1,1,hc,-3.25,home,39.21,1
fcf6vsU7,Ulm,Hannover,1,1,hc,3.50,away,38.0,1
fcf6vsU7,Ulm,Hannover,1,1,hc,-3.50,home,40.0,1
fcf6vsU7,Ulm,Hannover,1,1,hc,0.25,home,1.71,1
fcf6vsU7,Ulm,Hannover,1,1,hc,0.25,away,2.36,1
fcf6vsU7,Ulm,Hannover,1,1,hc,-0.25,home,2.37,1
fcf6vsU7,Ulm,Hannover,1,1,hc,-0.25,away,1.71,1
fcf6vsU7,Ulm,Hannover,1,1,dc,0,home/draw,1.56,1
fcf6vsU7,Ulm,Hannover,1,1,dc,0,home/away,1.37,1
fcf6vsU7,Ulm,Hannover,1,1,dc,0,draw/away,1.56,1
j5ckrPUr,Magdeburg,Preussen Munster,0,0,1x2,0,home,1.5,1
j5ckrPUr,Magdeburg,Preussen Munster,0,0,1x2,0,draw,5.1,1
j5ckrPUr,Magdeburg,Preussen Munster,0,0,1x2,0,away,7.0,1
j5ckrPUr,Magdeburg,Preussen Munster,0,0,ou,0.50,over,1.03,1
j5ckrPUr,Magdeburg,Preussen Munster,0,0,ou,0.50,under,29.0,1
j5ckrPUr,Magdeburg,Preussen Munster,0,0,ou,1.50,over,1.15,1
j5ckrPUr,Magdeburg,Preussen Munster,0,0,ou,1.50,under,7.0,1
j5ckrPUr,Magdeburg,Preussen Munster,0,0,ou,2.50,over,1.48,1
j5ckrPUr,Magdeburg,Preussen Munster,0,0,ou,2.50,under,3.0,1
j5ckrPUr,Magdeburg,Preussen Munster,0,0,ou,3.50,over,2.2,1
j5ckrPUr,Magdeburg,Preussen Munster,0,0,ou,3.50,under,1.8,1
j5ckrPUr,Magdeburg,Preussen Munster,0,0,ou,4.50,over,3.8,1
j5ckrPUr,Magdeburg,Preussen Munster,0,0,ou,4.50,under,1.34,1
j5ckrPUr,Magdeburg,Preussen Munster,0,0,ou,5.50,over,7.6,1
j5ckrPUr,Magdeburg,Preussen Munster,0,0,ou,5.50,under,1.14,1
j5ckrPUr,Magdeburg,Preussen Munster,0,0,ou,6.50,over,17.0,1
j5ckrPUr,Magdeburg,Preussen Munster,0,0,ou,6.50,under,1.05,1
j5ckrPUr,Magdeburg,Preussen Munster,0,0,ou,7.50,over,40.0,1
j5ckrPUr,Magdeburg,Preussen Munster,0,0,ou,7.50,under,1.02,1
j5ckrPUr,Magdeburg,Preussen Munster,0,0,hc,0,home,1.2,1
j5ckrPUr,Magdeburg,Preussen Munster,0,0,hc,0,away,5.63,1
j5ckrPUr,Magdeburg,Preussen Munster,0,0,hc,0.50,home,1.16,1
j5ckrPUr,Magdeburg,Preussen Munster,0,0,hc,0.50,away,7.0,1
j5ckrPUr,Magdeburg,Preussen Munster,0,0,hc,-0.50,home,1.5,1
j5ckrPUr,Magdeburg,Preussen Munster,0,0,hc,-0.50,away,2.96,1
j5ckrPUr,Magdeburg,Preussen Munster,0,0,hc,0.75,home,1.1,1
j5ckrPUr,Magdeburg,Preussen Munster,0,0,hc,0.75,away,9.64,1
j5ckrPUr,Magdeburg,Preussen Munster,0,0,hc,-0.75,home,1.61,1
j5ckrPUr,Magdeburg,Preussen Munster,0,0,hc,-0.75,away,2.61,1
j5ckrPUr,Magdeburg,Preussen Munster,0,0,hc,1.00,home,1.05,1
j5ckrPUr,Magdeburg,Preussen Munster,0,0,hc,1.00,away,16.42,1
j5ckrPUr,Magdeburg,Preussen Munster,0,0,hc,-1.00,home,1.78,1
j5ckrPUr,Magdeburg,Preussen Munster,0,0,hc,-1.00,away,2.27,1
j5ckrPUr,Magdeburg,Preussen Munster,0,0,hc,1.25,home,1.05,1
j5ckrPUr,Magdeburg,Preussen Munster,0,0,hc,1.25,away,17.21,1
j5ckrPUr,Magdeburg,Preussen Munster,0,0,hc,-1.25,home,2.05,1
j5ckrPUr,Magdeburg,Preussen Munster,0,0,hc,-1.25,away,1.94,1
j5ckrPUr,Magdeburg,Preussen Munster,0,0,hc,1.50,home,1.04,1
j5ckrPUr,Magdeburg,Preussen Munster,0,0,hc,1.50,away,18.0,1
j5ckrPUr,Magdeburg,Preussen Munster,0,0,hc,-1.50,home,2.32,1
j5ckrPUr,Magdeburg,Preussen Munster,0,0,hc,-1.50,away,1.74,1
j5ckrPUr,Magdeburg,Preussen Munster,0,0,hc,1.75,home,1.02,1
j5ckrPUr,Magdeburg,Preussen Munster,0,0,hc,1.75,away,18.0,1
j5ckrPUr,Magdeburg,Preussen Munster,0,0,hc,-1.75,home,2.66,1
j5ckrPUr,Magdeburg,Preussen Munster,0,0,hc,-1.75,away,1.57,1
j5ckrPUr,Magdeburg,Preussen Munster,0,0,hc,-2.00,home,3.24,1
j5ckrPUr,Magdeburg,Preussen Munster,0,0,hc,-2.00,away,1.4,1
j5ckrPUr,Magdeburg,Preussen Munster,0,0,hc,-2.25,home,3.59,1
j5ckrPUr,Magdeburg,Preussen Munster,0,0,hc,-2.25,away,1.34,1
j5ckrPUr,Magdeburg,Preussen Munster,0,0,hc,-2.50,home,3.94,1
j5ckrPUr,Magdeburg,Preussen Munster,0,0,hc,-2.50,away,1.3,1
j5ckrPUr,Magdeburg,Preussen Munster,0,0,hc,-2.75,home,4.97,1
j5ckrPUr,Magdeburg,Preussen Munster,0,0,hc,-2.75,away,1.21,1
j5ckrPUr,Magdeburg,Preussen Munster,0,0,hc,-3.00,home,7.14,1
j5ckrPUr,Magdeburg,Preussen Munster,0,0,hc,-3.00,away,1.13,1
j5ckrPUr,Magdeburg,Preussen Munster,0,0,hc,-3.25,home,7.56,1
j5ckrPUr,Magdeburg,Preussen Munster,0,0,hc,-3.25,away,1.12,1
j5ckrPUr,Magdeburg,Preussen Munster,0,0,hc,-3.50,home,7.97,1
j5ckrPUr,Magdeburg,Preussen Munster,0,0,hc,-3.50,away,1.11,1
j5ckrPUr,Magdeburg,Preussen Munster,0,0,hc,-3.75,home,10.09,1
j5ckrPUr,Magdeburg,Preussen Munster,0,0,hc,-3.75,away,1.08,1
j5ckrPUr,Magdeburg,Preussen Munster,0,0,hc,-4.00,home,9.33,1
j5ckrPUr,Magdeburg,Preussen Munster,0,0,hc,-4.00,away,1.04,1
j5ckrPUr,Magdeburg,Preussen Munster,0,0,hc,0.25,home,1.18,1
j5ckrPUr,Magdeburg,Preussen Munster,0,0,hc,0.25,away,6.31,1
j5ckrPUr,Magdeburg,Preussen Munster,0,0,hc,-0.25,home,1.35,1
j5ckrPUr,Magdeburg,Preussen Munster,0,0,hc,-0.25,away,3.75,1
j5ckrPUr,Magdeburg,Preussen Munster,0,0,dc,0,home/draw,1.16,1
j5ckrPUr,Magdeburg,Preussen Munster,0,0,dc,0,home/away,1.23,1
j5ckrPUr,Magdeburg,Preussen Munster,0,0,dc,0,draw/away,2.96,1
