match_id,home,away,home_score,away_score,market,line,side,period,avg_odds,n_bookies
be8rbqvR,Oviedo,Mirandes,3,3,1x2,0,home,ft,2.02,1
be8rbqvR,Oviedo,Mirandes,3,3,1x2,0,draw,ft,3.35,1
be8rbqvR,Oviedo,Mirandes,3,3,1x2,0,away,ft,4.5,1
be8rbqvR,Oviedo,Mirandes,3,3,ou,0.50,over,ft,1.13,1
be8rbqvR,Oviedo,Mirandes,3,3,ou,0.50,under,ft,8.2,1
be8rbqvR,Oviedo,Mirandes,3,3,ou,1.50,over,ft,1.58,1
be8rbqvR,Oviedo,Mirandes,3,3,ou,1.50,under,ft,2.64,1
be8rbqvR,Oviedo,Mirandes,3,3,ou,2.50,over,ft,2.78,1
be8rbqvR,Oviedo,Mirandes,3,3,ou,2.50,under,ft,1.55,1
be8rbqvR,Oviedo,Mirandes,3,3,ou,3.50,over,ft,5.8,1
be8rbqvR,Oviedo,Mirandes,3,3,ou,3.50,under,ft,1.19,1
be8rbqvR,Oviedo,Mirandes,3,3,ou,4.50,over,ft,14.5,1
be8rbqvR,Oviedo,Mirandes,3,3,ou,4.50,under,ft,1.07,1
be8rbqvR,Oviedo,Mirandes,3,3,ou,5.50,over,ft,36.0,1
be8rbqvR,Oviedo,Mirandes,3,3,ou,5.50,under,ft,1.02,1
be8rbqvR,Oviedo,Mirandes,3,3,hc,0,home,ft,1.43,1
be8rbqvR,Oviedo,Mirandes,3,3,hc,0,away,ft,3.2,1
be8rbqvR,Oviedo,Mirandes,3,3,hc,0.50,home,ft,1.27,1
be8rbqvR,Oviedo,Mirandes,3,3,hc,0.50,away,ft,4.51,1
be8rbqvR,Oviedo,Mirandes,3,3,hc,-0.50,home,ft,2.03,1
be8rbqvR,Oviedo,Mirandes,3,3,hc,-0.50,away,ft,1.95,1
be8rbqvR,Oviedo,Mirandes,3,3,hc,0.75,home,ft,1.17,1
be8rbqvR,Oviedo,Mirandes,3,3,hc,0.75,away,ft,6.31,1
be8rbqvR,Oviedo,Mirandes,3,3,hc,-0.75,home,ft,2.41,1
be8rbqvR,Oviedo,Mirandes,3,3,hc,-0.75,away,ft,1.68,1
be8rbqvR,Oviedo,Mirandes,3,3,hc,1.00,home,ft,1.07,1
be8rbqvR,Oviedo,Mirandes,3,3,hc,1.00,away,ft,9.95,1
be8rbqvR,Oviedo,Mirandes,3,3,hc,-1.00,home,ft,3.23,1
be8rbqvR,Oviedo,Mirandes,3,3,hc,-1.00,away,ft,1.41,1
be8rbqvR,Oviedo,Mirandes,3,3,hc,1.25,home,ft,1.06,1
be8rbqvR,Oviedo,Mirandes,3,3,hc,1.25,away,ft,10.72,1
be8rbqvR,Oviedo,Mirandes,3,3,hc,-1.25,home,ft,3.81,1
be8rbqvR,Oviedo,Mirandes,3,3,hc,-1.25,away,ft,1.32,1
be8rbqvR,Oviedo,Mirandes,3,3,hc,1.50,home,ft,1.06,1
be8rbqvR,Oviedo,Mirandes,3,3,hc,1.50,away,ft,11.5,1
be8rbqvR,Oviedo,Mirandes,3,3,hc,-1.50,home,ft,4.4,1
be8rbqvR,Oviedo,Mirandes,3,3,hc,-1.50,away,ft,1.27,1
be8rbqvR,Oviedo,Mirandes,3,3,hc,1.75,home,ft,1.03,1
be8rbqvR,Oviedo,Mirandes,3,3,hc,1.75,away,ft,16.73,1
be8rbqvR,Oviedo,Mirandes,3,3,hc,-1.75,home,ft,5.91,1
be8rbqvR,Oviedo,Mirandes,3,3,hc,-1.75,away,ft,1.17,1
be8rbqvR,Oviedo,Mirandes,3,3,hc,2.00,away,ft,32.88,1
be8rbqvR,Oviedo,Mirandes,3,3,hc,-2.00,home,ft,8.55,1
be8rbqvR,Oviedo,Mirandes,3,3,hc,-2.00,away,ft,1.08,1
be8rbqvR,Oviedo,Mirandes,3,3,hc,2.25,away,ft,33.6,1
be8rbqvR,Oviedo,Mirandes,3,3,hc,-2.25,home,ft,9.17,1
be8rbqvR,Oviedo,Mirandes,3,3,hc,-2.25,away,ft,1.07,1
be8rbqvR,Oviedo,Mirandes,3,3,hc,2.50,away,ft,34.33,1
be8rbqvR,Oviedo,Mirandes,3,3,hc,-2.50,home,ft,9.7,1
be8rbqvR,Oviedo,Mirandes,3,3,hc,-2.50,away,ft,1.07,1
be8rbqvR,Oviedo,Mirandes,3,3,hc,-2.75,home,ft,12.75,1
be8rbqvR,Oviedo,Mirandes,3,3,hc,-2.75,away,ft,1.04,1
be8rbqvR,Oviedo,Mirandes,3,3,hc,-3.00,home,ft,18.8,1
be8rbqvR,Oviedo,Mirandes,3,3,hc,-3.25,home,ft,19.15,1
be8rbqvR,Oviedo,Mirandes,3,3,hc,-3.50,home,ft,19.5,1
be8rbqvR,Oviedo,Mirandes,3,3,hc,0.25,home,ft,1.33,1
be8rbqvR,Oviedo,Mirandes,3,3,hc,0.25,away,ft,3.85,1
be8rbqvR,Oviedo,Mirandes,3,3,hc,-0.25,home,ft,1.73,1
be8rbqvR,Oviedo,Mirandes,3,3,hc,-0.25,away,ft,2.33,1
be8rbqvR,Oviedo,Mirandes,3,3,dc,0,home/draw,ft,1.27,1
be8rbqvR,Oviedo,Mirandes,3,3,dc,0,home/away,ft,1.4,1
be8rbqvR,Oviedo,Mirandes,3,3,dc,0,draw/away,ft,1.95,1
jV4z059E,Mirandes,Oviedo,1,1,1x2,0,home,ft,2.16,1
jV4z059E,Mirandes,Oviedo,1,1,1x2,0,draw,ft,2.92,1
jV4z059E,Mirandes,Oviedo,1,1,1x2,0,away,ft,5.0,1
jV4z059E,Mirandes,Oviedo,1,1,ou,0.50,over,ft,1.18,1
jV4z059E,Mirandes,Oviedo,1,1,ou,0.50,under,ft,6.2,1
jV4z059E,Mirandes,Oviedo,1,1,ou,1.50,over,ft,1.74,1
jV4z059E,Mirandes,Oviedo,1,1,ou,1.50,under,ft,2.26,1
jV4z059E,Mirandes,Oviedo,1,1,ou,2.50,over,ft,3.3,1
jV4z059E,Mirandes,Oviedo,1,1,ou,2.50,under,ft,1.41,1
jV4z059E,Mirandes,Oviedo,1,1,ou,3.50,over,ft,7.6,1
jV4z059E,Mirandes,Oviedo,1,1,ou,3.50,under,ft,1.14,1
jV4z059E,Mirandes,Oviedo,1,1,ou,4.50,over,ft,21.0,1
jV4z059E,Mirandes,Oviedo,1,1,ou,4.50,under,ft,1.04,1
jV4z059E,Mirandes,Oviedo,1,1,ou,5.50,over,ft,55.0,1
jV4z059E,Mirandes,Oviedo,1,1,hc,0,home,ft,1.42,1
jV4z059E,Mirandes,Oviedo,1,1,hc,0,away,ft,3.35,1
jV4z059E,Mirandes,Oviedo,1,1,hc,-0.50,home,ft,2.16,1
jV4z059E,Mirandes,Oviedo,1,1,hc,-0.50,away,ft,1.85,1
jV4z059E,Mirandes,Oviedo,1,1,hc,0.50,home,ft,1.24,1
jV4z059E,Mirandes,Oviedo,1,1,hc,0.50,away,ft,5.09,1
jV4z059E,Mirandes,Oviedo,1,1,hc,-0.75,home,ft,2.62,1
jV4z059E,Mirandes,Oviedo,1,1,hc,-0.75,away,ft,1.59,1
jV4z059E,Mirandes,Oviedo,1,1,hc,0.75,home,ft,1.15,1
jV4z059E,Mirandes,Oviedo,1,1,hc,0.75,away,ft,7.38,1
jV4z059E,Mirandes,Oviedo,1,1,hc,-1.00,home,ft,3.68,1
jV4z059E,Mirandes,Oviedo,1,1,hc,-1.00,away,ft,1.34,1
jV4z059E,Mirandes,Oviedo,1,1,hc,1.00,home,ft,1.06,1
jV4z059E,Mirandes,Oviedo,1,1,hc,1.00,away,ft,15.06,1
jV4z059E,Mirandes,Oviedo,1,1,hc,-1.25,home,ft,4.34,1
jV4z059E,Mirandes,Oviedo,1,1,hc,-1.25,away,ft,1.27,1
jV4z059E,Mirandes,Oviedo,1,1,hc,1.25,home,ft,1.05,1
jV4z059E,Mirandes,Oviedo,1,1,hc,1.25,away,ft,16.28,1
jV4z059E,Mirandes,Oviedo,1,1,hc,-1.50,home,ft,5.0,1
jV4z059E,Mirandes,Oviedo,1,1,hc,-1.50,away,ft,1.22,1
jV4z059E,Mirandes,Oviedo,1,1,hc,1.50,home,ft,1.05,1
jV4z059E,Mirandes,Oviedo,1,1,hc,1.50,away,ft,17.5,1
jV4z059E,Mirandes,Oviedo,1,1,hc,-1.75,home,ft,7.04,1
jV4z059E,Mirandes,Oviedo,1,1,hc,-1.75,away,ft,1.14,1
jV4z059E,Mirandes,Oviedo,1,1,hc,1.75,home,ft,1.03,1
jV4z059E,Mirandes,Oviedo,1,1,hc,1.75,away,ft,28.07,1
jV4z059E,Mirandes,Oviedo,1,1,hc,-2.00,home,ft,13.4,1
jV4z059E,Mirandes,Oviedo,1,1,hc,-2.00,away,ft,1.06,1
jV4z059E,Mirandes,Oviedo,1,1,hc,2.00,away,ft,69.14,1
jV4z059E,Mirandes,Oviedo,1,1,hc,-2.25,home,ft,14.45,1
jV4z059E,Mirandes,Oviedo,1,1,hc,-2.25,away,ft,1.06,1
jV4z059E,Mirandes,Oviedo,1,1,hc,2.25,away,ft,70.64,1
jV4z059E,Mirandes,Oviedo,1,1,hc,-2.50,home,ft,15.5,1
jV4z059E,Mirandes,Oviedo,1,1,hc,-2.50,away,ft,1.05,1
jV4z059E,Mirandes,Oviedo,1,1,hc,2.50,away,ft,72.15,1
jV4z059E,Mirandes,Oviedo,1,1,hc,-2.75,home,ft,23.13,1
jV4z059E,Mirandes,Oviedo,1,1,hc,-2.75,away,ft,1.03,1
jV4z059E,Mirandes,Oviedo,1,1,hc,2.75,away,ft,62.13,1
jV4z059E,Mirandes,Oviedo,1,1,hc,-3.00,home,ft,47.77,1
jV4z059E,Mirandes,Oviedo,1,1,hc,-3.25,home,ft,48.88,1
jV4z059E,Mirandes,Oviedo,1,1,hc,-3.50,home,ft,50.0,1
jV4z059E,Mirandes,Oviedo,1,1,hc,-0.25,home,ft,1.79,1
jV4z059E,Mirandes,Oviedo,1,1,hc,-0.25,away,ft,2.25,1
jV4z059E,Mirandes,Oviedo,1,1,hc,0.25,home,ft,1.3,1
jV4z059E,Mirandes,Oviedo,1,1,hc,0.25,away,ft,4.22,1
jV4z059E,Mirandes,Oviedo,1,1,dc,0,home/draw,ft,1.24,1
jV4z059E,Mirandes,Oviedo,1,1,dc,0,home/away,ft,1.51,1
jV4z059E,Mirandes,Oviedo,1,1,dc,0,draw/away,ft,1.85,1
8EmxUN05,Mirandes,Racing Santander,4,4,1x2,0,home,ft,1.91,1
8EmxUN05,Mirandes,Racing Santander,4,4,1x2,0,draw,ft,3.75,1
8EmxUN05,Mirandes,Racing Santander,4,4,1x2,0,away,ft,4.7,1
8EmxUN05,Mirandes,Racing Santander,4,4,ou,0.50,over,ft,1.06,1
8EmxUN05,Mirandes,Racing Santander,4,4,ou,0.50,under,ft,15.0,1
8EmxUN05,Mirandes,Racing Santander,4,4,ou,1.50,over,ft,1.3,1
8EmxUN05,Mirandes,Racing Santander,4,4,ou,1.50,under,ft,4.2,1
8EmxUN05,Mirandes,Racing Santander,4,4,ou,2.50,over,ft,1.94,1
8EmxUN05,Mirandes,Racing Santander,4,4,ou,2.50,under,ft,2.04,1
8EmxUN05,Mirandes,Racing Santander,4,4,ou,3.50,over,ft,3.35,1
8EmxUN05,Mirandes,Racing Santander,4,4,ou,3.50,under,ft,1.41,1
8EmxUN05,Mirandes,Racing Santander,4,4,ou,4.50,over,ft,7.0,1
8EmxUN05,Mirandes,Racing Santander,4,4,ou,4.50,under,ft,1.16,1
8EmxUN05,Mirandes,Racing Santander,4,4,ou,5.50,over,ft,17.0,1
8EmxUN05,Mirandes,Racing Santander,4,4,ou,5.50,under,ft,1.05,1
8EmxUN05,Mirandes,Racing Santander,4,4,ou,6.50,over,ft,38.0,1
8EmxUN05,Mirandes,Racing Santander,4,4,ou,6.50,under,ft,1.02,1
8EmxUN05,Mirandes,Racing Santander,4,4,hc,0,home,ft,1.4,1
8EmxUN05,Mirandes,Racing Santander,4,4,hc,0,away,ft,3.44,1
8EmxUN05,Mirandes,Racing Santander,4,4,hc,0.50,home,ft,1.27,1
8EmxUN05,Mirandes,Racing Santander,4,4,hc,0.50,away,ft,4.7,1
8EmxUN05,Mirandes,Racing Santander,4,4,hc,-0.50,home,ft,1.91,1
8EmxUN05,Mirandes,Racing Santander,4,4,hc,-0.50,away,ft,2.08,1
8EmxUN05,Mirandes,Racing Santander,4,4,hc,0.75,home,ft,1.18,1
8EmxUN05,Mirandes,Racing Santander,4,4,hc,0.75,away,ft,6.37,1
8EmxUN05,Mirandes,Racing Santander,4,4,hc,-0.75,home,ft,2.2,1
8EmxUN05,Mirandes,Racing Santander,4,4,hc,-0.75,away,ft,1.81,1
8EmxUN05,Mirandes,Racing Santander,4,4,hc,1.00,home,ft,1.09,1
8EmxUN05,Mirandes,Racing Santander,4,4,hc,1.00,away,ft,10.84,1
8EmxUN05,Mirandes,Racing Santander,4,4,hc,-1.00,home,ft,2.75,1
8EmxUN05,Mirandes,Racing Santander,4,4,hc,-1.00,away,ft,1.54,1
8EmxUN05,Mirandes,Racing Santander,4,4,hc,1.25,home,ft,1.08,1
8EmxUN05,Mirandes,Racing Santander,4,4,hc,1.25,away,ft,11.67,1
8EmxUN05,Mirandes,Racing Santander,4,4,hc,-1.25,home,ft,3.2,1
8EmxUN05,Mirandes,Racing Santander,4,4,hc,-1.25,away,ft,1.42,1
8EmxUN05,Mirandes,Racing Santander,4,4,hc,1.50,home,ft,1.08,1
8EmxUN05,Mirandes,Racing Santander,4,4,hc,1.50,away,ft,12.5,1
8EmxUN05,Mirandes,Racing Santander,4,4,hc,-1.50,home,ft,3.66,1
8EmxUN05,Mirandes,Racing Santander,4,4,hc,-1.50,away,ft,1.35,1
8EmxUN05,Mirandes,Racing Santander,4,4,hc,1.75,home,ft,1.04,1
8EmxUN05,Mirandes,Racing Santander,4,4,hc,1.75,away,ft,19.17,1
8EmxUN05,Mirandes,Racing Santander,4,4,hc,-1.75,home,ft,4.75,1
8EmxUN05,Mirandes,Racing Santander,4,4,hc,-1.75,away,ft,1.25,1
8EmxUN05,Mirandes,Racing Santander,4,4,hc,2.00,away,ft,44.37,1
8EmxUN05,Mirandes,Racing Santander,4,4,hc,-2.00,home,ft,7.31,1
8EmxUN05,Mirandes,Racing Santander,4,4,hc,-2.00,away,ft,1.14,1
8EmxUN05,Mirandes,Racing Santander,4,4,hc,2.25,away,ft,45.75,1
8EmxUN05,Mirandes,Racing Santander,4,4,hc,-2.25,home,ft,8.0,1
8EmxUN05,Mirandes,Racing Santander,4,4,hc,-2.25,away,ft,1.13,1
8EmxUN05,Mirandes,Racing Santander,4,4,hc,2.50,away,ft,47.14,1
8EmxUN05,Mirandes,Racing Santander,4,4,hc,-2.50,home,ft,8.69,1
8EmxUN05,Mirandes,Racing Santander,4,4,hc,-2.50,away,ft,1.12,1
8EmxUN05,Mirandes,Racing Santander,4,4,hc,2.75,away,ft,64.15,1
8EmxUN05,Mirandes,Racing Santander,4,4,hc,-2.75,home,ft,12.29,1
8EmxUN05,Mirandes,Racing Santander,4,4,hc,-2.75,away,ft,1.07,1
8EmxUN05,Mirandes,Racing Santander,4,4,hc,-3.00,home,ft,22.27,1
8EmxUN05,Mirandes,Racing Santander,4,4,hc,-3.00,away,ft,1.03,1
8EmxUN05,Mirandes,Racing Santander,4,4,hc,-3.25,home,ft,23.13,1
8EmxUN05,Mirandes,Racing Santander,4,4,hc,-3.25,away,ft,1.03,1
8EmxUN05,Mirandes,Racing Santander,4,4,hc,-3.50,home,ft,24.0,1
8EmxUN05,Mirandes,Racing Santander,4,4,hc,-3.50,away,ft,1.03,1
8EmxUN05,Mirandes,Racing Santander,4,4,hc,-3.75,home,ft,24.0,1
8EmxUN05,Mirandes,Racing Santander,4,4,hc,0.25,home,ft,1.32,1
8EmxUN05,Mirandes,Racing Santander,4,4,hc,0.25,away,ft,4.07,1
8EmxUN05,Mirandes,Racing Santander,4,4,hc,-0.25,home,ft,1.66,1
8EmxUN05,Mirandes,Racing Santander,4,4,hc,-0.25,away,ft,2.5,1
8EmxUN05,Mirandes,Racing Santander,4,4,dc,0,home/draw,ft,1.27,1
8EmxUN05,Mirandes,Racing Santander,4,4,dc,0,home/away,ft,1.36,1
8EmxUN05,Mirandes,Racing Santander,4,4,dc,0,draw/away,ft,2.08,1
KvxMX51t,Oviedo,Almeria,1,1,1x2,0,home,ft,2.24,1
KvxMX51t,Oviedo,Almeria,1,1,1x2,0,draw,ft,3.55,1
KvxMX51t,Oviedo,Almeria,1,1,1x2,0,away,ft,3.65,1
KvxMX51t,Oviedo,Almeria,1,1,ou,0.50,over,ft,1.09,1
KvxMX51t,Oviedo,Almeria,1,1,ou,0.50,under,ft,11.0,1
KvxMX51t,Oviedo,Almeria,1,1,ou,1.50,over,ft,1.44,1
KvxMX51t,Oviedo,Almeria,1,1,ou,1.50,under,ft,3.15,1
KvxMX51t,Oviedo,Almeria,1,1,ou,2.50,over,ft,2.34,1
KvxMX51t,Oviedo,Almeria,1,1,ou,2.50,under,ft,1.73,1
KvxMX51t,Oviedo,Almeria,1,1,ou,3.50,over,ft,4.5,1
KvxMX51t,Oviedo,Almeria,1,1,ou,3.50,under,ft,1.27,1
KvxMX51t,Oviedo,Almeria,1,1,ou,4.50,over,ft,10.0,1
KvxMX51t,Oviedo,Almeria,1,1,ou,4.50,under,ft,1.1,1
KvxMX51t,Oviedo,Almeria,1,1,ou,5.50,over,ft,26.0,1
KvxMX51t,Oviedo,Almeria,1,1,ou,5.50,under,ft,1.03,1
KvxMX51t,Oviedo,Almeria,1,1,ou,6.50,over,ft,75.0,1
KvxMX51t,Oviedo,Almeria,1,1,hc,0,home,ft,1.6,1
KvxMX51t,Oviedo,Almeria,1,1,hc,0,away,ft,2.6,1
KvxMX51t,Oviedo,Almeria,1,1,hc,0.50,home,ft,1.37,1
KvxMX51t,Oviedo,Almeria,1,1,hc,0.50,away,ft,3.65,1
KvxMX51t,Oviedo,Almeria,1,1,hc,-0.50,home,ft,2.24,1
KvxMX51t,Oviedo,Almeria,1,1,hc,-0.50,away,ft,1.78,1
KvxMX51t,Oviedo,Almeria,1,1,hc,0.75,home,ft,1.24,1
KvxMX51t,Oviedo,Almeria,1,1,hc,0.75,away,ft,4.86,1
KvxMX51t,Oviedo,Almeria,1,1,hc,-0.75,home,ft,2.7,1
KvxMX51t,Oviedo,Almeria,1,1,hc,-0.75,away,ft,1.56,1
KvxMX51t,Oviedo,Almeria,1,1,hc,1.00,home,ft,1.12,1
KvxMX51t,Oviedo,Almeria,1,1,hc,1.00,away,ft,8.11,1
KvxMX51t,Oviedo,Almeria,1,1,hc,-1.00,home,ft,3.71,1
KvxMX51t,Oviedo,Almeria,1,1,hc,-1.00,away,ft,1.34,1
KvxMX51t,Oviedo,Almeria,1,1,hc,1.25,home,ft,1.11,1
KvxMX51t,Oviedo,Almeria,1,1,hc,1.25,away,ft,8.95,1
KvxMX51t,Oviedo,Almeria,1,1,hc,-1.25,home,ft,4.3,1
KvxMX51t,Oviedo,Almeria,1,1,hc,-1.25,away,ft,1.27,1
KvxMX51t,Oviedo,Almeria,1,1,hc,1.50,home,ft,1.1,1
KvxMX51t,Oviedo,Almeria,1,1,hc,1.50,away,ft,9.8,1
KvxMX51t,Oviedo,Almeria,1,1,hc,-1.50,home,ft,4.9,1
KvxMX51t,Oviedo,Almeria,1,1,hc,-1.50,away,ft,1.23,1
KvxMX51t,Oviedo,Almeria,1,1,hc,1.75,home,ft,1.06,1
KvxMX51t,Oviedo,Almeria,1,1,hc,1.75,away,ft,14.66,1
KvxMX51t,Oviedo,Almeria,1,1,hc,-1.75,home,ft,6.77,1
KvxMX51t,Oviedo,Almeria,1,1,hc,-1.75,away,ft,1.15,1
KvxMX51t,Oviedo,Almeria,1,1,hc,2.00,home,ft,1.02,1
KvxMX51t,Oviedo,Almeria,1,1,hc,2.00,away,ft,29.8,1
KvxMX51t,Oviedo,Almeria,1,1,hc,-2.00,home,ft,11.29,1
KvxMX51t,Oviedo,Almeria,1,1,hc,-2.00,away,ft,1.07,1
KvxMX51t,Oviedo,Almeria,1,1,hc,2.25,home,ft,1.02,1
KvxMX51t,Oviedo,Almeria,1,1,hc,2.25,away,ft,30.9,1
KvxMX51t,Oviedo,Almeria,1,1,hc,-2.25,home,ft,12.11,1
KvxMX51t,Oviedo,Almeria,1,1,hc,-2.25,away,ft,1.07,1
KvxMX51t,Oviedo,Almeria,1,1,hc,2.50,home,ft,1.02,1
KvxMX51t,Oviedo,Almeria,1,1,hc,2.50,away,ft,32.0,1
KvxMX51t,Oviedo,Almeria,1,1,hc,-2.50,home,ft,12.82,1
KvxMX51t,Oviedo,Almeria,1,1,hc,-2.50,away,ft,1.06,1
KvxMX51t,Oviedo,Almeria,1,1,hc,2.75,away,ft,50.75,1
KvxMX51t,Oviedo,Almeria,1,1,hc,-2.75,home,ft,18.67,1
KvxMX51t,Oviedo,Almeria,1,1,hc,-2.75,away,ft,1.04,1
KvxMX51t,Oviedo,Almeria,1,1,hc,3.00,away,ft,77.15,1
KvxMX51t,Oviedo,Almeria,1,1,hc,-3.00,home,ft,36.28,1
KvxMX51t,Oviedo,Almeria,1,1,hc,3.25,away,ft,77.8,1
KvxMX51t,Oviedo,Almeria,1,1,hc,-3.25,home,ft,37.14,1
KvxMX51t,Oviedo,Almeria,1,1,hc,-3.50,home,ft,38.0,1
KvxMX51t,Oviedo,Almeria,1,1,hc,0.25,home,ft,1.45,1
KvxMX51t,Oviedo,Almeria,1,1,hc,0.25,away,ft,3.12,1
KvxMX51t,Oviedo,Almeria,1,1,hc,-0.25,home,ft,1.92,1
KvxMX51t,Oviedo,Almeria,1,1,hc,-0.25,away,ft,2.05,1
KvxMX51t,Oviedo,Almeria,1,1,dc,0,home/draw,ft,1.37,1
KvxMX51t,Oviedo,Almeria,1,1,dc,0,home/away,ft,1.38,1
KvxMX51t,Oviedo,Almeria,1,1,dc,0,draw/away,ft,1.79,1
G6VUVqWh,Racing Santander,Mirandes,3,3,1x2,0,home,ft,2.44,1
G6VUVqWh,Racing Santander,Mirandes,3,3,1x2,0,draw,ft,3.25,1
G6VUVqWh,Racing Santander,Mirandes,3,3,1x2,0,away,ft,3.45,1
G6VUVqWh,Racing Santander,Mirandes,3,3,ou,0.50,over,ft,1.11,1
G6VUVqWh,Racing Santander,Mirandes,3,3,ou,0.50,under,ft,9.8,1
G6VUVqWh,Racing Santander,Mirandes,3,3,ou,1.50,over,ft,1.45,1
G6VUVqWh,Racing Santander,Mirandes,3,3,ou,1.50,under,ft,3.15,1
G6VUVqWh,Racing Santander,Mirandes,3,3,ou,2.50,over,ft,2.34,1
G6VUVqWh,Racing Santander,Mirandes,3,3,ou,2.50,under,ft,1.73,1
G6VUVqWh,Racing Santander,Mirandes,3,3,ou,3.50,over,ft,4.4,1
G6VUVqWh,Racing Santander,Mirandes,3,3,ou,3.50,under,ft,1.28,1
G6VUVqWh,Racing Santander,Mirandes,3,3,ou,4.50,over,ft,10.5,1
G6VUVqWh,Racing Santander,Mirandes,3,3,ou,4.50,under,ft,1.09,1
G6VUVqWh,Racing Santander,Mirandes,3,3,ou,5.50,over,ft,27.0,1
G6VUVqWh,Racing Santander,Mirandes,3,3,ou,5.50,under,ft,1.03,1
G6VUVqWh,Racing Santander,Mirandes,3,3,hc,0,home,ft,1.69,1
G6VUVqWh,Racing Santander,Mirandes,3,3,hc,0,away,ft,2.4,1
G6VUVqWh,Racing Santander,Mirandes,3,3,hc,-0.50,home,ft,2.44,1
G6VUVqWh,Racing Santander,Mirandes,3,3,hc,-0.50,away,ft,1.68,1
G6VUVqWh,Racing Santander,Mirandes,3,3,hc,0.50,home,ft,1.4,1
G6VUVqWh,Racing Santander,Mirandes,3,3,hc,0.50,away,ft,3.45,1
G6VUVqWh,Racing Santander,Mirandes,3,3,hc,-0.75,home,ft,2.98,1
G6VUVqWh,Racing Santander,Mirandes,3,3,hc,-0.75,away,ft,1.49,1
G6VUVqWh,Racing Santander,Mirandes,3,3,hc,0.75,home,ft,1.27,1
G6VUVqWh,Racing Santander,Mirandes,3,3,hc,0.75,away,ft,4.57,1
G6VUVqWh,Racing Santander,Mirandes,3,3,hc,-1.00,home,ft,4.18,1
G6VUVqWh,Racing Santander,Mirandes,3,3,hc,-1.00,away,ft,1.3,1
G6VUVqWh,Racing Santander,Mirandes,3,3,hc,1.00,home,ft,1.14,1
G6VUVqWh,Racing Santander,Mirandes,3,3,hc,1.00,away,ft,7.41,1
G6VUVqWh,Racing Santander,Mirandes,3,3,hc,-1.25,home,ft,4.79,1
G6VUVqWh,Racing Santander,Mirandes,3,3,hc,-1.25,away,ft,1.25,1
G6VUVqWh,Racing Santander,Mirandes,3,3,hc,1.25,home,ft,1.12,1
G6VUVqWh,Racing Santander,Mirandes,3,3,hc,1.25,away,ft,8.2,1
G6VUVqWh,Racing Santander,Mirandes,3,3,hc,-1.50,home,ft,5.4,1
G6VUVqWh,Racing Santander,Mirandes,3,3,hc,-1.50,away,ft,1.22,1
G6VUVqWh,Racing Santander,Mirandes,3,3,hc,1.50,home,ft,1.11,1
G6VUVqWh,Racing Santander,Mirandes,3,3,hc,1.50,away,ft,9.0,1
G6VUVqWh,Racing Santander,Mirandes,3,3,hc,-1.75,home,ft,7.39,1
G6VUVqWh,Racing Santander,Mirandes,3,3,hc,-1.75,away,ft,1.14,1
G6VUVqWh,Racing Santander,Mirandes,3,3,hc,1.75,home,ft,1.07,1
G6VUVqWh,Racing Santander,Mirandes,3,3,hc,1.75,away,ft,13.48,1
G6VUVqWh,Racing Santander,Mirandes,3,3,hc,-2.00,home,ft,12.4,1
G6VUVqWh,Racing Santander,Mirandes,3,3,hc,-2.00,away,ft,1.07,1
G6VUVqWh,Racing Santander,Mirandes,3,3,hc,2.00,home,ft,1.02,1
G6VUVqWh,Racing Santander,Mirandes,3,3,hc,2.00,away,ft,29.44,1
G6VUVqWh,Racing Santander,Mirandes,3,3,hc,-2.25,home,ft,13.08,1
G6VUVqWh,Racing Santander,Mirandes,3,3,hc,-2.25,away,ft,1.06,1
G6VUVqWh,Racing Santander,Mirandes,3,3,hc,2.25,home,ft,1.02,1
G6VUVqWh,Racing Santander,Mirandes,3,3,hc,2.25,away,ft,30.76,1
G6VUVqWh,Racing Santander,Mirandes,3,3,hc,-2.50,home,ft,13.86,1
G6VUVqWh,Racing Santander,Mirandes,3,3,hc,-2.50,away,ft,1.06,1
G6VUVqWh,Racing Santander,Mirandes,3,3,hc,2.50,home,ft,1.02,1
G6VUVqWh,Racing Santander,Mirandes,3,3,hc,2.50,away,ft,32.0,1
G6VUVqWh,Racing Santander,Mirandes,3,3,hc,-2.75,home,ft,20.93,1
G6VUVqWh,Racing Santander,Mirandes,3,3,hc,-2.75,away,ft,1.03,1
G6VUVqWh,Racing Santander,Mirandes,3,3,hc,2.75,away,ft,47.96,1
G6VUVqWh,Racing Santander,Mirandes,3,3,hc,-3.00,home,ft,43.78,1
G6VUVqWh,Racing Santander,Mirandes,3,3,hc,-3.25,home,ft,44.89,1
G6VUVqWh,Racing Santander,Mirandes,3,3,hc,-3.50,home,ft,46.0,1
G6VUVqWh,Racing Santander,Mirandes,3,3,hc,-0.25,home,ft,2.06,1
G6VUVqWh,Racing Santander,Mirandes,3,3,hc,-0.25,away,ft,1.92,1
G6VUVqWh,Racing Santander,Mirandes,3,3,hc,0.25,home,ft,1.5,1
G6VUVqWh,Racing Santander,Mirandes,3,3,hc,0.25,away,ft,2.92,1
G6VUVqWh,Racing Santander,Mirandes,3,3,dc,0,home/draw,ft,1.4,1
G6VUVqWh,Racing Santander,Mirandes,3,3,dc,0,home/away,ft,1.43,1
G6VUVqWh,Racing Santander,Mirandes,3,3,dc,0,draw/away,ft,1.68,1
4S1CD2GO,Almeria,Oviedo,1,1,1x2,0,home,ft,2.42,1
4S1CD2GO,Almeria,Oviedo,1,1,1x2,0,draw,ft,3.05,1
4S1CD2GO,Almeria,Oviedo,1,1,1x2,0,away,ft,3.8,1
4S1CD2GO,Almeria,Oviedo,1,1,ou,0.50,over,ft,1.13,1
4S1CD2GO,Almeria,Oviedo,1,1,ou,0.50,under,ft,7.8,1
4S1CD2GO,Almeria,Oviedo,1,1,ou,1.50,over,ft,1.55,1
4S1CD2GO,Almeria,Oviedo,1,1,ou,1.50,under,ft,2.72,1
4S1CD2GO,Almeria,Oviedo,1,1,ou,2.50,over,ft,2.7,1
4S1CD2GO,Almeria,Oviedo,1,1,ou,2.50,under,ft,1.57,1
4S1CD2GO,Almeria,Oviedo,1,1,ou,3.50,over,ft,5.7,1
4S1CD2GO,Almeria,Oviedo,1,1,ou,3.50,under,ft,1.2,1
4S1CD2GO,Almeria,Oviedo,1,1,ou,4.50,over,ft,14.5,1
4S1CD2GO,Almeria,Oviedo,1,1,ou,4.50,under,ft,1.07,1
4S1CD2GO,Almeria,Oviedo,1,1,ou,5.50,over,ft,34.0,1
4S1CD2GO,Almeria,Oviedo,1,1,ou,5.50,under,ft,1.02,1
4S1CD2GO,Almeria,Oviedo,1,1,hc,0,home,ft,1.62,1
4S1CD2GO,Almeria,Oviedo,1,1,hc,0,away,ft,2.58,1
4S1CD2GO,Almeria,Oviedo,1,1,hc,-0.50,home,ft,2.42,1
4S1CD2GO,Almeria,Oviedo,1,1,hc,-0.50,away,ft,1.7,1
4S1CD2GO,Almeria,Oviedo,1,1,hc,0.50,home,ft,1.35,1
4S1CD2GO,Almeria,Oviedo,1,1,hc,0.50,away,ft,3.84,1
4S1CD2GO,Almeria,Oviedo,1,1,hc,-0.75,home,ft,2.99,1
4S1CD2GO,Almeria,Oviedo,1,1,hc,-0.75,away,ft,1.49,1
4S1CD2GO,Almeria,Oviedo,1,1,hc,0.75,home,ft,1.23,1
4S1CD2GO,Almeria,Oviedo,1,1,hc,0.75,away,ft,5.23,1
4S1CD2GO,Almeria,Oviedo,1,1,hc,-1.00,home,ft,4.35,1
4S1CD2GO,Almeria,Oviedo,1,1,hc,-1.00,away,ft,1.28,1
4S1CD2GO,Almeria,Oviedo,1,1,hc,1.00,home,ft,1.11,1
4S1CD2GO,Almeria,Oviedo,1,1,hc,1.00,away,ft,9.27,1
4S1CD2GO,Almeria,Oviedo,1,1,hc,-1.25,home,ft,5.03,1
4S1CD2GO,Almeria,Oviedo,1,1,hc,-1.25,away,ft,1.23,1
4S1CD2GO,Almeria,Oviedo,1,1,hc,1.25,home,ft,1.09,1
4S1CD2GO,Almeria,Oviedo,1,1,hc,1.25,away,ft,10.23,1
4S1CD2GO,Almeria,Oviedo,1,1,hc,-1.50,home,ft,5.71,1
4S1CD2GO,Almeria,Oviedo,1,1,hc,-1.50,away,ft,1.2,1
4S1CD2GO,Almeria,Oviedo,1,1,hc,1.50,home,ft,1.09,1
4S1CD2GO,Almeria,Oviedo,1,1,hc,1.50,away,ft,11.18,1
4S1CD2GO,Almeria,Oviedo,1,1,hc,-1.75,home,ft,8.05,1
4S1CD2GO,Almeria,Oviedo,1,1,hc,-1.75,away,ft,1.13,1
4S1CD2GO,Almeria,Oviedo,1,1,hc,1.75,home,ft,1.05,1
4S1CD2GO,Almeria,Oviedo,1,1,hc,1.75,away,ft,17.24,1
4S1CD2GO,Almeria,Oviedo,1,1,hc,-2.00,home,ft,15.02,1
4S1CD2GO,Almeria,Oviedo,1,1,hc,-2.00,away,ft,1.06,1
4S1CD2GO,Almeria,Oviedo,1,1,hc,2.00,home,ft,1.02,1
4S1CD2GO,Almeria,Oviedo,1,1,hc,2.00,away,ft,41.06,1
4S1CD2GO,Almeria,Oviedo,1,1,hc,-2.25,home,ft,16.01,1
4S1CD2GO,Almeria,Oviedo,1,1,hc,-2.25,away,ft,1.05,1
4S1CD2GO,Almeria,Oviedo,1,1,hc,2.25,home,ft,1.02,1
4S1CD2GO,Almeria,Oviedo,1,1,hc,2.25,away,ft,42.53,1
4S1CD2GO,Almeria,Oviedo,1,1,hc,-2.50,home,ft,17.0,1
4S1CD2GO,Almeria,Oviedo,1,1,hc,-2.50,away,ft,1.05,1
4S1CD2GO,Almeria,Oviedo,1,1,hc,2.50,home,ft,1.02,1
4S1CD2GO,Almeria,Oviedo,1,1,hc,2.50,away,ft,44.0,1
4S1CD2GO,Almeria,Oviedo,1,1,hc,-2.75,home,ft,26.36,1
4S1CD2GO,Almeria,Oviedo,1,1,hc,-2.75,away,ft,1.03,1
4S1CD2GO,Almeria,Oviedo,1,1,hc,2.75,away,ft,70.1,1
4S1CD2GO,Almeria,Oviedo,1,1,hc,-3.00,home,ft,62.28,1
4S1CD2GO,Almeria,Oviedo,1,1,hc,-3.25,home,ft,63.64,1
4S1CD2GO,Almeria,Oviedo,1,1,hc,-3.50,home,ft,49.73,1
4S1CD2GO,Almeria,Oviedo,1,1,hc,-3.75,home,ft,49.73,1
4S1CD2GO,Almeria,Oviedo,1,1,hc,-0.25,home,ft,2.02,1
4S1CD2GO,Almeria,Oviedo,1,1,hc,-0.25,away,ft,1.97,1
4S1CD2GO,Almeria,Oviedo,1,1,hc,0.25,home,ft,1.45,1
4S1CD2GO,Almeria,Oviedo,1,1,hc,0.25,away,ft,3.21,1
4S1CD2GO,Almeria,Oviedo,1,1,dc,0,home/draw,ft,1.35,1
4S1CD2GO,Almeria,Oviedo,1,1,dc,0,home/away,ft,1.48,1
4S1CD2GO,Almeria,Oviedo,1,1,dc,0,draw/away,ft,1.7,1
KM6bBKNi,Cordoba,Albacete,1,1,1x2,0,home,ft,1.7,1
KM6bBKNi,Cordoba,Albacete,1,1,1x2,0,draw,ft,4.9,1
KM6bBKNi,Cordoba,Albacete,1,1,1x2,0,away,ft,4.8,1
KM6bBKNi,Cordoba,Albacete,1,1,ou,0.50,over,ft,1.02,1
KM6bBKNi,Cordoba,Albacete,1,1,ou,0.50,under,ft,34.0,1
KM6bBKNi,Cordoba,Albacete,1,1,ou,1.50,over,ft,1.12,1
KM6bBKNi,Cordoba,Albacete,1,1,ou,1.50,under,ft,8.4,1
KM6bBKNi,Cordoba,Albacete,1,1,ou,2.50,over,ft,1.4,1
KM6bBKNi,Cordoba,Albacete,1,1,ou,2.50,under,ft,3.45,1
KM6bBKNi,Cordoba,Albacete,1,1,ou,3.50,over,ft,1.99,1
KM6bBKNi,Cordoba,Albacete,1,1,ou,3.50,under,ft,2.0,1
KM6bBKNi,Cordoba,Albacete,1,1,ou,4.50,over,ft,3.25,1
KM6bBKNi,Cordoba,Albacete,1,1,ou,4.50,under,ft,1.43,1
KM6bBKNi,Cordoba,Albacete,1,1,ou,5.50,over,ft,6.0,1
KM6bBKNi,Cordoba,Albacete,1,1,ou,5.50,under,ft,1.18,1
KM6bBKNi,Cordoba,Albacete,1,1,ou,6.50,over,ft,12.5,1
KM6bBKNi,Cordoba,Albacete,1,1,ou,6.50,under,ft,1.07,1
KM6bBKNi,Cordoba,Albacete,1,1,ou,7.50,over,ft,34.0,1
KM6bBKNi,Cordoba,Albacete,1,1,ou,7.50,under,ft,1.02,1
KM6bBKNi,Cordoba,Albacete,1,1,hc,0,home,ft,1.35,1
KM6bBKNi,Cordoba,Albacete,1,1,hc,0,away,ft,3.74,1
KM6bBKNi,Cordoba,Albacete,1,1,hc,0.50,home,ft,1.26,1
KM6bBKNi,Cordoba,Albacete,1,1,hc,0.50,away,ft,4.7,1
KM6bBKNi,Cordoba,Albacete,1,1,hc,-0.50,home,ft,1.7,1
KM6bBKNi,Cordoba,Albacete,1,1,hc,-0.50,away,ft,2.42,1
KM6bBKNi,Cordoba,Albacete,1,1,hc,0.75,home,ft,1.18,1
KM6bBKNi,Cordoba,Albacete,1,1,hc,0.75,away,ft,6.12,1
KM6bBKNi,Cordoba,Albacete,1,1,hc,-0.75,home,ft,1.85,1
KM6bBKNi,Cordoba,Albacete,1,1,hc,-0.75,away,ft,2.15,1
KM6bBKNi,Cordoba,Albacete,1,1,hc,1.00,home,ft,1.1,1
KM6bBKNi,Cordoba,Albacete,1,1,hc,1.00,away,ft,8.91,1
KM6bBKNi,Cordoba,Albacete,1,1,hc,-1.00,home,ft,2.08,1
KM6bBKNi,Cordoba,Albacete,1,1,hc,-1.00,away,ft,1.88,1
KM6bBKNi,Cordoba,Albacete,1,1,hc,1.25,home,ft,1.09,1
KM6bBKNi,Cordoba,Albacete,1,1,hc,1.25,away,ft,9.45,1
KM6bBKNi,Cordoba,Albacete,1,1,hc,-1.25,home,ft,2.36,1
KM6bBKNi,Cordoba,Albacete,1,1,hc,-1.25,away,ft,1.69,1
KM6bBKNi,Cordoba,Albacete,1,1,hc,1.50,home,ft,1.09,1
KM6bBKNi,Cordoba,Albacete,1,1,hc,1.50,away,ft,10.0,1
KM6bBKNi,Cordoba,Albacete,1,1,hc,-1.50,home,ft,2.63,1
KM6bBKNi,Cordoba,Albacete,1,1,hc,-1.50,away,ft,1.57,1
KM6bBKNi,Cordoba,Albacete,1,1,hc,1.75,home,ft,1.06,1
KM6bBKNi,Cordoba,Albacete,1,1,hc,1.75,away,ft,14.13,1
KM6bBKNi,Cordoba,Albacete,1,1,hc,-1.75,home,ft,3.04,1
KM6bBKNi,Cordoba,Albacete,1,1,hc,-1.75,away,ft,1.44,1
KM6bBKNi,Cordoba,Albacete,1,1,hc,2.00,home,ft,1.02,1
KM6bBKNi,Cordoba,Albacete,1,1,hc,2.00,away,ft,25.54,1
KM6bBKNi,Cordoba,Albacete,1,1,hc,-2.00,home,ft,3.73,1
KM6bBKNi,Cordoba,Albacete,1,1,hc,-2.00,away,ft,1.31,1
KM6bBKNi,Cordoba,Albacete,1,1,hc,2.25,home,ft,1.02,1
KM6bBKNi,Cordoba,Albacete,1,1,hc,2.25,away,ft,26.27,1
KM6bBKNi,Cordoba,Albacete,1,1,hc,-2.25,home,ft,4.06,1
KM6bBKNi,Cordoba,Albacete,1,1,hc,-2.25,away,ft,1.26,1
KM6bBKNi,Cordoba,Albacete,1,1,hc,2.50,home,ft,1.02,1
KM6bBKNi,Cordoba,Albacete,1,1,hc,2.50,away,ft,24.32,1
KM6bBKNi,Cordoba,Albacete,1,1,hc,-2.50,home,ft,4.4,1
KM6bBKNi,Cordoba,Albacete,1,1,hc,-2.50,away,ft,1.23,1
KM6bBKNi,Cordoba,Albacete,1,1,hc,2.75,away,ft,39.23,1
KM6bBKNi,Cordoba,Albacete,1,1,hc,-2.75,home,ft,5.6,1
KM6bBKNi,Cordoba,Albacete,1,1,hc,-2.75,away,ft,1.16,1
KM6bBKNi,Cordoba,Albacete,1,1,hc,-3.00,home,ft,7.8,1
KM6bBKNi,Cordoba,Albacete,1,1,hc,-3.00,away,ft,1.09,1
KM6bBKNi,Cordoba,Albacete,1,1,hc,-3.25,home,ft,8.3,1
KM6bBKNi,Cordoba,Albacete,1,1,hc,-3.25,away,ft,1.09,1
KM6bBKNi,Cordoba,Albacete,1,1,hc,-3.50,home,ft,8.8,1
KM6bBKNi,Cordoba,Albacete,1,1,hc,-3.50,away,ft,1.08,1
KM6bBKNi,Cordoba,Albacete,1,1,hc,-3.75,home,ft,9.1,1
KM6bBKNi,Cordoba,Albacete,1,1,hc,-3.75,away,ft,1.05,1
KM6bBKNi,Cordoba,Albacete,1,1,hc,-4.00,home,ft,9.1,1
KM6bBKNi,Cordoba,Albacete,1,1,hc,0.25,home,ft,1.3,1
KM6bBKNi,Cordoba,Albacete,1,1,hc,0.25,away,ft,4.22,1
KM6bBKNi,Cordoba,Albacete,1,1,hc,-0.25,home,ft,1.52,1
KM6bBKNi,Cordoba,Albacete,1,1,hc,-0.25,away,ft,2.89,1
KM6bBKNi,Cordoba,Albacete,1,1,dc,0,home/draw,ft,1.26,1
KM6bBKNi,Cordoba,Albacete,1,1,dc,0,home/away,ft,1.25,1
KM6bBKNi,Cordoba,Albacete,1,1,dc,0,draw/away,ft,2.4,1
82LObsvn,Almeria,Tenerife,2,2,1x2,0,home,ft,1.35,1
82LObsvn,Almeria,Tenerife,2,2,1x2,0,draw,ft,5.6,1
82LObsvn,Almeria,Tenerife,2,2,1x2,0,away,ft,11.0,1
82LObsvn,Almeria,Tenerife,2,2,ou,0.50,over,ft,1.06,1
82LObsvn,Almeria,Tenerife,2,2,ou,0.50,under,ft,17.5,1
82LObsvn,Almeria,Tenerife,2,2,ou,1.50,over,ft,1.28,1
82LObsvn,Almeria,Tenerife,2,2,ou,1.50,under,ft,4.5,1
82LObsvn,Almeria,Tenerife,2,2,ou,2.50,over,ft,1.82,1
82LObsvn,Almeria,Tenerife,2,2,ou,2.50,under,ft,2.16,1
82LObsvn,Almeria,Tenerife,2,2,ou,3.50,over,ft,3.1,1
82LObsvn,Almeria,Tenerife,2,2,ou,3.50,under,ft,1.44,1
82LObsvn,Almeria,Tenerife,2,2,ou,4.50,over,ft,6.2,1
82LObsvn,Almeria,Tenerife,2,2,ou,4.50,under,ft,1.17,1
82LObsvn,Almeria,Tenerife,2,2,ou,5.50,over,ft,14.5,1
82LObsvn,Almeria,Tenerife,2,2,ou,5.50,under,ft,1.06,1
82LObsvn,Almeria,Tenerife,2,2,ou,6.50,over,ft,32.0,1
82LObsvn,Almeria,Tenerife,2,2,ou,6.50,under,ft,1.02,1
82LObsvn,Almeria,Tenerife,2,2,ou,7.50,over,ft,95.0,1
82LObsvn,Almeria,Tenerife,2,2,hc,0,home,ft,1.11,1
82LObsvn,Almeria,Tenerife,2,2,hc,0,away,ft,9.08,1
82LObsvn,Almeria,Tenerife,2,2,hc,0.50,home,ft,1.09,1
82LObsvn,Almeria,Tenerife,2,2,hc,0.50,away,ft,11.0,1
82LObsvn,Almeria,Tenerife,2,2,hc,-0.50,home,ft,1.35,1
82LObsvn,Almeria,Tenerife,2,2,hc,-0.50,away,ft,3.77,1
82LObsvn,Almeria,Tenerife,2,2,hc,0.75,home,ft,1.05,1
82LObsvn,Almeria,Tenerife,2,2,hc,0.75,away,ft,16.68,1
82LObsvn,Almeria,Tenerife,2,2,hc,-0.75,home,ft,1.42,1
82LObsvn,Almeria,Tenerife,2,2,hc,-0.75,away,ft,3.26,1
82LObsvn,Almeria,Tenerife,2,2,hc,1.00,away,ft,35.54,1
82LObsvn,Almeria,Tenerife,2,2,hc,-1.00,home,ft,1.54,1
82LObsvn,Almeria,Tenerife,2,2,hc,-1.00,away,ft,2.75,1
82LObsvn,Almeria,Tenerife,2,2,hc,1.25,away,ft,36.77,1
82LObsvn,Almeria,Tenerife,2,2,hc,-1.25,home,ft,1.82,1
82LObsvn,Almeria,Tenerife,2,2,hc,-1.25,away,ft,2.16,1
82LObsvn,Almeria,Tenerife,2,2,hc,1.50,away,ft,38.0,1
82LObsvn,Almeria,Tenerife,2,2,hc,-1.50,home,ft,2.09,1
82LObsvn,Almeria,Tenerife,2,2,hc,-1.50,away,ft,1.86,1
82LObsvn,Almeria,Tenerife,2,2,hc,1.75,away,ft,38.0,1
82LObsvn,Almeria,Tenerife,2,2,hc,-1.75,home,ft,2.4,1
82LObsvn,Almeria,Tenerife,2,2,hc,-1.75,away,ft,1.66,1
82LObsvn,Almeria,Tenerife,2,2,hc,-2.00,home,ft,2.95,1
82LObsvn,Almeria,Tenerife,2,2,hc,-2.00,away,ft,1.46,1
82LObsvn,Almeria,Tenerife,2,2,hc,-2.25,home,ft,3.35,1
82LObsvn,Almeria,Tenerife,2,2,hc,-2.25,away,ft,1.38,1
82LObsvn,Almeria,Tenerife,2,2,hc,-2.50,home,ft,3.73,1
82LObsvn,Almeria,Tenerife,2,2,hc,-2.50,away,ft,1.32,1
82LObsvn,Almeria,Tenerife,2,2,hc,-2.75,home,ft,4.7,1
82LObsvn,Almeria,Tenerife,2,2,hc,-2.75,away,ft,1.23,1
82LObsvn,Almeria,Tenerife,2,2,hc,-3.00,home,ft,6.78,1
82LObsvn,Almeria,Tenerife,2,2,hc,-3.00,away,ft,1.14,1
82LObsvn,Almeria,Tenerife,2,2,hc,-3.25,home,ft,7.33,1
82LObsvn,Almeria,Tenerife,2,2,hc,-3.25,away,ft,1.12,1
82LObsvn,Almeria,Tenerife,2,2,hc,-3.50,home,ft,7.89,1
82LObsvn,Almeria,Tenerife,2,2,hc,-3.50,away,ft,1.11,1
82LObsvn,Almeria,Tenerife,2,2,hc,-3.75,home,ft,7.89,1
82LObsvn,Almeria,Tenerife,2,2,hc,-3.75,away,ft,1.07,1
82LObsvn,Almeria,Tenerife,2,2,hc,-4.00,home,ft,7.89,1
82LObsvn,Almeria,Tenerife,2,2,hc,0.25,home,ft,1.1,1
82LObsvn,Almeria,Tenerife,2,2,hc,0.25,away,ft,10.04,1
82LObsvn,Almeria,Tenerife,2,2,hc,-0.25,home,ft,1.23,1
82LObsvn,Almeria,Tenerife,2,2,hc,-0.25,away,ft,5.13,1
82LObsvn,Almeria,Tenerife,2,2,dc,0,home/draw,ft,1.09,1
82LObsvn,Almeria,Tenerife,2,2,dc,0,home/away,ft,1.21,1
82LObsvn,Almeria,Tenerife,2,2,dc,0,draw/away,ft,3.75,1
nZcF7xNG,Oviedo,Cadiz CF,2,2,1x2,0,home,ft,1.41,1
nZcF7xNG,Oviedo,Cadiz CF,2,2,1x2,0,draw,ft,5.0,1
nZcF7xNG,Oviedo,Cadiz CF,2,2,1x2,0,away,ft,10.5,1
nZcF7xNG,Oviedo,Cadiz CF,2,2,ou,0.50,over,ft,1.08,1
nZcF7xNG,Oviedo,Cadiz CF,2,2,ou,0.50,under,ft,12.0,1
nZcF7xNG,Oviedo,Cadiz CF,2,2,ou,1.50,over,ft,1.4,1
nZcF7xNG,Oviedo,Cadiz CF,2,2,ou,1.50,under,ft,3.4,1
nZcF7xNG,Oviedo,Cadiz CF,2,2,ou,2.50,over,ft,2.18,1
nZcF7xNG,Oviedo,Cadiz CF,2,2,ou,2.50,under,ft,1.83,1
nZcF7xNG,Oviedo,Cadiz CF,2,2,ou,3.50,over,ft,4.0,1
nZcF7xNG,Oviedo,Cadiz CF,2,2,ou,3.50,under,ft,1.31,1
nZcF7xNG,Oviedo,Cadiz CF,2,2,ou,4.50,over,ft,9.0,1
nZcF7xNG,Oviedo,Cadiz CF,2,2,ou,4.50,under,ft,1.11,1
nZcF7xNG,Oviedo,Cadiz CF,2,2,ou,5.50,over,ft,22.0,1
nZcF7xNG,Oviedo,Cadiz CF,2,2,ou,5.50,under,ft,1.04,1
nZcF7xNG,Oviedo,Cadiz CF,2,2,ou,6.50,over,ft,50.0,1
nZcF7xNG,Oviedo,Cadiz CF,2,2,hc,0,home,ft,1.12,1
nZcF7xNG,Oviedo,Cadiz CF,2,2,hc,0,away,ft,8.4,1
nZcF7xNG,Oviedo,Cadiz CF,2,2,hc,0.50,home,ft,1.1,1
nZcF7xNG,Oviedo,Cadiz CF,2,2,hc,0.50,away,ft,10.5,1
nZcF7xNG,Oviedo,Cadiz CF,2,2,hc,-0.50,home,ft,1.41,1
nZcF7xNG,Oviedo,Cadiz CF,2,2,hc,-0.50,away,ft,3.38,1
nZcF7xNG,Oviedo,Cadiz CF,2,2,hc,0.75,home,ft,1.06,1
nZcF7xNG,Oviedo,Cadiz CF,2,2,hc,0.75,away,ft,15.61,1
nZcF7xNG,Oviedo,Cadiz CF,2,2,hc,-0.75,home,ft,1.51,1
nZcF7xNG,Oviedo,Cadiz CF,2,2,hc,-0.75,away,ft,2.89,1
nZcF7xNG,Oviedo,Cadiz CF,2,2,hc,1.00,home,ft,1.02,1
nZcF7xNG,Oviedo,Cadiz CF,2,2,hc,1.00,away,ft,31.47,1
nZcF7xNG,Oviedo,Cadiz CF,2,2,hc,-1.00,home,ft,1.69,1
nZcF7xNG,Oviedo,Cadiz CF,2,2,hc,-1.00,away,ft,2.4,1
nZcF7xNG,Oviedo,Cadiz CF,2,2,hc,1.25,home,ft,1.02,1
nZcF7xNG,Oviedo,Cadiz CF,2,2,hc,1.25,away,ft,32.57,1
nZcF7xNG,Oviedo,Cadiz CF,2,2,hc,-1.25,home,ft,2.02,1
nZcF7xNG,Oviedo,Cadiz CF,2,2,hc,-1.25,away,ft,1.94,1
nZcF7xNG,Oviedo,Cadiz CF,2,2,hc,1.50,home,ft,1.02,1
nZcF7xNG,Oviedo,Cadiz CF,2,2,hc,1.50,away,ft,33.67,1
nZcF7xNG,Oviedo,Cadiz CF,2,2,hc,-1.50,home,ft,2.36,1
nZcF7xNG,Oviedo,Cadiz CF,2,2,hc,-1.50,away,ft,1.71,1
nZcF7xNG,Oviedo,Cadiz CF,2,2,hc,1.75,away,ft,55.55,1
nZcF7xNG,Oviedo,Cadiz CF,2,2,hc,-1.75,home,ft,2.83,1
nZcF7xNG,Oviedo,Cadiz CF,2,2,hc,-1.75,away,ft,1.51,1
nZcF7xNG,Oviedo,Cadiz CF,2,2,hc,2.00,away,ft,99.02,1
nZcF7xNG,Oviedo,Cadiz CF,2,2,hc,-2.00,home,ft,3.71,1
nZcF7xNG,Oviedo,Cadiz CF,2,2,hc,-2.00,away,ft,1.32,1
nZcF7xNG,Oviedo,Cadiz CF,2,2,hc,-2.25,home,ft,4.21,1
nZcF7xNG,Oviedo,Cadiz CF,2,2,hc,-2.25,away,ft,1.26,1
nZcF7xNG,Oviedo,Cadiz CF,2,2,hc,-2.50,home,ft,4.7,1
nZcF7xNG,Oviedo,Cadiz CF,2,2,hc,-2.50,away,ft,1.23,1
nZcF7xNG,Oviedo,Cadiz CF,2,2,hc,-2.75,home,ft,5.97,1
nZcF7xNG,Oviedo,Cadiz CF,2,2,hc,-2.75,away,ft,1.15,1
nZcF7xNG,Oviedo,Cadiz CF,2,2,hc,-3.00,home,ft,8.41,1
nZcF7xNG,Oviedo,Cadiz CF,2,2,hc,-3.00,away,ft,1.08,1
nZcF7xNG,Oviedo,Cadiz CF,2,2,hc,-3.25,home,ft,8.91,1
nZcF7xNG,Oviedo,Cadiz CF,2,2,hc,-3.25,away,ft,1.08,1
nZcF7xNG,Oviedo,Cadiz CF,2,2,hc,-3.50,home,ft,9.41,1
nZcF7xNG,Oviedo,Cadiz CF,2,2,hc,-3.50,away,ft,1.07,1
nZcF7xNG,Oviedo,Cadiz CF,2,2,hc,-3.75,home,ft,9.41,1
nZcF7xNG,Oviedo,Cadiz CF,2,2,hc,-3.75,away,ft,1.05,1
nZcF7xNG,Oviedo,Cadiz CF,2,2,hc,0.25,home,ft,1.11,1
nZcF7xNG,Oviedo,Cadiz CF,2,2,hc,0.25,away,ft,9.45,1
nZcF7xNG,Oviedo,Cadiz CF,2,2,hc,-0.25,home,ft,1.26,1
nZcF7xNG,Oviedo,Cadiz CF,2,2,hc,-0.25,away,ft,4.6,1
nZcF7xNG,Oviedo,Cadiz CF,2,2,dc,0,home/draw,ft,1.1,1
nZcF7xNG,Oviedo,Cadiz CF,2,2,dc,0,home/away,ft,1.24,1
nZcF7xNG,Oviedo,Cadiz CF,2,2,dc,0,draw/away,ft,3.35,1
8rwtgw8N,Dep. A Coruna,Elche,0,0,1x2,0,home,ft,6.2,1
8rwtgw8N,Dep. A Coruna,Elche,0,0,1x2,0,draw,ft,3.95,1
8rwtgw8N,Dep. A Coruna,Elche,0,0,1x2,0,away,ft,1.69,1
8rwtgw8N,Dep. A Coruna,Elche,0,0,ou,0.50,over,ft,1.08,1
8rwtgw8N,Dep. A Coruna,Elche,0,0,ou,0.50,under,ft,12.0,1
8rwtgw8N,Dep. A Coruna,Elche,0,0,ou,1.50,over,ft,1.35,1
8rwtgw8N,Dep. A Coruna,Elche,0,0,ou,1.50,under,ft,3.7,1
8rwtgw8N,Dep. A Coruna,Elche,0,0,ou,2.50,over,ft,2.06,1
8rwtgw8N,Dep. A Coruna,Elche,0,0,ou,2.50,under,ft,1.9,1
8rwtgw8N,Dep. A Coruna,Elche,0,0,ou,3.50,over,ft,3.75,1
8rwtgw8N,Dep. A Coruna,Elche,0,0,ou,3.50,under,ft,1.34,1
8rwtgw8N,Dep. A Coruna,Elche,0,0,ou,4.50,over,ft,7.8,1
8rwtgw8N,Dep. A Coruna,Elche,0,0,ou,4.50,under,ft,1.13,1
8rwtgw8N,Dep. A Coruna,Elche,0,0,ou,5.50,over,ft,19.0,1
8rwtgw8N,Dep. A Coruna,Elche,0,0,ou,5.50,under,ft,1.05,1
8rwtgw8N,Dep. A Coruna,Elche,0,0,ou,6.50,over,ft,42.0,1
8rwtgw8N,Dep. A Coruna,Elche,0,0,hc,0,home,ft,4.53,1
8rwtgw8N,Dep. A Coruna,Elche,0,0,hc,0,away,ft,1.26,1
8rwtgw8N,Dep. A Coruna,Elche,0,0,hc,0.50,home,ft,2.4,1
8rwtgw8N,Dep. A Coruna,Elche,0,0,hc,0.50,away,ft,1.69,1
8rwtgw8N,Dep. A Coruna,Elche,0,0,hc,-0.50,home,ft,6.05,1
8rwtgw8N,Dep. A Coruna,Elche,0,0,hc,-0.50,away,ft,1.18,1
8rwtgw8N,Dep. A Coruna,Elche,0,0,hc,0.75,home,ft,2.08,1
8rwtgw8N,Dep. A Coruna,Elche,0,0,hc,0.75,away,ft,1.89,1
8rwtgw8N,Dep. A Coruna,Elche,0,0,hc,-0.75,home,ft,8.71,1
8rwtgw8N,Dep. A Coruna,Elche,0,0,hc,-0.75,away,ft,1.11,1
8rwtgw8N,Dep. A Coruna,Elche,0,0,hc,1.00,home,ft,1.75,1
8rwtgw8N,Dep. A Coruna,Elche,0,0,hc,1.00,away,ft,2.25,1
8rwtgw8N,Dep. A Coruna,Elche,0,0,hc,-1.00,home,ft,17.35,1
8rwtgw8N,Dep. A Coruna,Elche,0,0,hc,-1.00,away,ft,1.05,1
8rwtgw8N,Dep. A Coruna,Elche,0,0,hc,1.25,home,ft,1.55,1
8rwtgw8N,Dep. A Coruna,Elche,0,0,hc,1.25,away,ft,2.64,1
8rwtgw8N,Dep. A Coruna,Elche,0,0,hc,-1.25,home,ft,18.42,1
8rwtgw8N,Dep. A Coruna,Elche,0,0,hc,-1.25,away,ft,1.04,1
8rwtgw8N,Dep. A Coruna,Elche,0,0,hc,1.50,home,ft,1.44,1
8rwtgw8N,Dep. A Coruna,Elche,0,0,hc,1.50,away,ft,3.02,1
8rwtgw8N,Dep. A Coruna,Elche,0,0,hc,-1.50,home,ft,19.5,1
8rwtgw8N,Dep. A Coruna,Elche,0,0,hc,-1.50,away,ft,1.04,1
8rwtgw8N,Dep. A Coruna,Elche,0,0,hc,1.75,home,ft,1.32,1
8rwtgw8N,Dep. A Coruna,Elche,0,0,hc,1.75,away,ft,3.8,1
8rwtgw8N,Dep. A Coruna,Elche,0,0,hc,-1.75,home,ft,19.5,1
8rwtgw8N,Dep. A Coruna,Elche,0,0,hc,-1.75,away,ft,1.02,1
8rwtgw8N,Dep. A Coruna,Elche,0,0,hc,2.00,home,ft,1.2,1
8rwtgw8N,Dep. A Coruna,Elche,0,0,hc,2.00,away,ft,4.96,1
8rwtgw8N,Dep. A Coruna,Elche,0,0,hc,2.25,home,ft,1.17,1
8rwtgw8N,Dep. A Coruna,Elche,0,0,hc,2.25,away,ft,5.38,1
8rwtgw8N,Dep. A Coruna,Elche,0,0,hc,2.50,home,ft,1.16,1
8rwtgw8N,Dep. A Coruna,Elche,0,0,hc,2.50,away,ft,5.81,1
8rwtgw8N,Dep. A Coruna,Elche,0,0,hc,2.75,home,ft,1.1,1
8rwtgw8N,Dep. A Coruna,Elche,0,0,hc,2.75,away,ft,7.98,1
8rwtgw8N,Dep. A Coruna,Elche,0,0,hc,3.00,home,ft,1.05,1
8rwtgw8N,Dep. A Coruna,Elche,0,0,hc,3.00,away,ft,10.09,1
8rwtgw8N,Dep. A Coruna,Elche,0,0,hc,3.25,home,ft,1.05,1
8rwtgw8N,Dep. A Coruna,Elche,0,0,hc,3.25,away,ft,7.0,1
8rwtgw8N,Dep. A Coruna,Elche,0,0,hc,3.50,home,ft,1.04,1
8rwtgw8N,Dep. A Coruna,Elche,0,0,hc,3.50,away,ft,7.0,1
8rwtgw8N,Dep. A Coruna,Elche,0,0,hc,3.75,home,ft,1.02,1
8rwtgw8N,Dep. A Coruna,Elche,0,0,hc,3.75,away,ft,7.0,1
8rwtgw8N,Dep. A Coruna,Elche,0,0,hc,0.25,home,ft,3.01,1
8rwtgw8N,Dep. A Coruna,Elche,0,0,hc,0.25,away,ft,1.47,1
8rwtgw8N,Dep. A Coruna,Elche,0,0,hc,-0.25,home,ft,5.29,1
8rwtgw8N,Dep. A Coruna,Elche,0,0,hc,-0.25,away,ft,1.21,1
8rwtgw8N,Dep. A Coruna,Elche,0,0,dc,0,home/draw,ft,2.4,1
8rwtgw8N,Dep. A Coruna,Elche,0,0,dc,0,home/away,ft,1.33,1
8rwtgw8N,Dep. A Coruna,Elche,0,0,dc,0,draw/away,ft,1.18,1
r1iO5GiT,Levante,Eibar,1,1,1x2,0,home,ft,1.75,1
r1iO5GiT,Levante,Eibar,1,1,1x2,0,draw,ft,3.9,1
r1iO5GiT,Levante,Eibar,1,1,1x2,0,away,ft,5.7,1
r1iO5GiT,Levante,Eibar,1,1,ou,0.50,over,ft,1.06,1
r1iO5GiT,Levante,Eibar,1,1,ou,0.50,under,ft,15.0,1
r1iO5GiT,Levante,Eibar,1,1,ou,1.50,over,ft,1.27,1
r1iO5GiT,Levante,Eibar,1,1,ou,1.50,under,ft,4.4,1
r1iO5GiT,Levante,Eibar,1,1,ou,2.50,over,ft,1.83,1
r1iO5GiT,Levante,Eibar,1,1,ou,2.50,under,ft,2.16,1
r1iO5GiT,Levante,Eibar,1,1,ou,3.50,over,ft,3.05,1
r1iO5GiT,Levante,Eibar,1,1,ou,3.50,under,ft,1.46,1
r1iO5GiT,Levante,Eibar,1,1,ou,4.50,over,ft,6.2,1
r1iO5GiT,Levante,Eibar,1,1,ou,4.50,under,ft,1.17,1
r1iO5GiT,Levante,Eibar,1,1,ou,5.50,over,ft,14.0,1
r1iO5GiT,Levante,Eibar,1,1,ou,5.50,under,ft,1.07,1
r1iO5GiT,Levante,Eibar,1,1,ou,6.50,over,ft,32.0,1
r1iO5GiT,Levante,Eibar,1,1,ou,6.50,under,ft,1.02,1
r1iO5GiT,Levante,Eibar,1,1,hc,0,home,ft,1.3,1
r1iO5GiT,Levante,Eibar,1,1,hc,0,away,ft,4.23,1
r1iO5GiT,Levante,Eibar,1,1,hc,0.50,home,ft,1.2,1
r1iO5GiT,Levante,Eibar,1,1,hc,0.50,away,ft,5.7,1
r1iO5GiT,Levante,Eibar,1,1,hc,-0.50,home,ft,1.75,1
r1iO5GiT,Levante,Eibar,1,1,hc,-0.50,away,ft,2.31,1
r1iO5GiT,Levante,Eibar,1,1,hc,0.75,home,ft,1.14,1
r1iO5GiT,Levante,Eibar,1,1,hc,0.75,away,ft,7.87,1
r1iO5GiT,Levante,Eibar,1,1,hc,-0.75,home,ft,1.97,1
r1iO5GiT,Levante,Eibar,1,1,hc,-0.75,away,ft,2.01,1
r1iO5GiT,Levante,Eibar,1,1,hc,1.00,home,ft,1.07,1
r1iO5GiT,Levante,Eibar,1,1,hc,1.00,away,ft,13.78,1
r1iO5GiT,Levante,Eibar,1,1,hc,-1.00,home,ft,2.34,1
r1iO5GiT,Levante,Eibar,1,1,hc,-1.00,away,ft,1.72,1
r1iO5GiT,Levante,Eibar,1,1,hc,1.25,home,ft,1.06,1
r1iO5GiT,Levante,Eibar,1,1,hc,1.25,away,ft,14.64,1
r1iO5GiT,Levante,Eibar,1,1,hc,-1.25,home,ft,2.72,1
r1iO5GiT,Levante,Eibar,1,1,hc,-1.25,away,ft,1.55,1
r1iO5GiT,Levante,Eibar,1,1,hc,1.50,home,ft,1.06,1
r1iO5GiT,Levante,Eibar,1,1,hc,1.50,away,ft,15.5,1
r1iO5GiT,Levante,Eibar,1,1,hc,-1.50,home,ft,3.1,1
r1iO5GiT,Levante,Eibar,1,1,hc,-1.50,away,ft,1.45,1
r1iO5GiT,Levante,Eibar,1,1,hc,1.75,home,ft,1.03,1
r1iO5GiT,Levante,Eibar,1,1,hc,1.75,away,ft,23.85,1
r1iO5GiT,Levante,Eibar,1,1,hc,-1.75,home,ft,3.83,1
r1iO5GiT,Levante,Eibar,1,1,hc,-1.75,away,ft,1.33,1
r1iO5GiT,Levante,Eibar,1,1,hc,2.00,away,ft,52.45,1
r1iO5GiT,Levante,Eibar,1,1,hc,-2.00,home,ft,5.33,1
r1iO5GiT,Levante,Eibar,1,1,hc,-2.00,away,ft,1.21,1
r1iO5GiT,Levante,Eibar,1,1,hc,2.25,away,ft,48.88,1
r1iO5GiT,Levante,Eibar,1,1,hc,-2.25,home,ft,5.86,1
r1iO5GiT,Levante,Eibar,1,1,hc,-2.25,away,ft,1.18,1
r1iO5GiT,Levante,Eibar,1,1,hc,2.50,away,ft,50.0,1
r1iO5GiT,Levante,Eibar,1,1,hc,-2.50,home,ft,6.4,1
r1iO5GiT,Levante,Eibar,1,1,hc,-2.50,away,ft,1.16,1
r1iO5GiT,Levante,Eibar,1,1,hc,2.75,away,ft,83.26,1
r1iO5GiT,Levante,Eibar,1,1,hc,-2.75,home,ft,8.78,1
r1iO5GiT,Levante,Eibar,1,1,hc,-2.75,away,ft,1.11,1
r1iO5GiT,Levante,Eibar,1,1,hc,-3.00,home,ft,14.92,1
r1iO5GiT,Levante,Eibar,1,1,hc,-3.00,away,ft,1.06,1
r1iO5GiT,Levante,Eibar,1,1,hc,-3.25,home,ft,15.71,1
r1iO5GiT,Levante,Eibar,1,1,hc,-3.25,away,ft,1.05,1
r1iO5GiT,Levante,Eibar,1,1,hc,-3.50,home,ft,16.5,1
r1iO5GiT,Levante,Eibar,1,1,hc,-3.50,away,ft,1.05,1
r1iO5GiT,Levante,Eibar,1,1,hc,-3.75,home,ft,16.5,1
r1iO5GiT,Levante,Eibar,1,1,hc,-3.75,away,ft,1.02,1
r1iO5GiT,Levante,Eibar,1,1,hc,0.25,home,ft,1.24,1
r1iO5GiT,Levante,Eibar,1,1,hc,0.25,away,ft,4.96,1
r1iO5GiT,Levante,Eibar,1,1,hc,-0.25,home,ft,1.52,1
r1iO5GiT,Levante,Eibar,1,1,hc,-0.25,away,ft,2.87,1
r1iO5GiT,Levante,Eibar,1,1,dc,0,home/draw,ft,1.2,1
r1iO5GiT,Levante,Eibar,1,1,dc,0,home/away,ft,1.34,1
r1iO5GiT,Levante,Eibar,1,1,dc,0,draw/away,ft,2.3,1
Eqrf0fFj,Huesca,Eldense,3,3,1x2,0,home,ft,1.83,1
Eqrf0fFj,Huesca,Eldense,3,3,1x2,0,draw,ft,3.95,1
Eqrf0fFj,Huesca,Eldense,3,3,1x2,0,away,ft,4.9,1
Eqrf0fFj,Huesca,Eldense,3,3,ou,0.50,over,ft,1.05,1
Eqrf0fFj,Huesca,Eldense,3,3,ou,0.50,under,ft,17.0,1
Eqrf0fFj,Huesca,Eldense,3,3,ou,1.50,over,ft,1.24,1
Eqrf0fFj,Huesca,Eldense,3,3,ou,1.50,under,ft,4.9,1
Eqrf0fFj,Huesca,Eldense,3,3,ou,2.50,over,ft,1.75,1
Eqrf0fFj,Huesca,Eldense,3,3,ou,2.50,under,ft,2.3,1
Eqrf0fFj,Huesca,Eldense,3,3,ou,3.50,over,ft,2.84,1
Eqrf0fFj,Huesca,Eldense,3,3,ou,3.50,under,ft,1.51,1
Eqrf0fFj,Huesca,Eldense,3,3,ou,4.50,over,ft,5.5,1
Eqrf0fFj,Huesca,Eldense,3,3,ou,4.50,under,ft,1.2,1
Eqrf0fFj,Huesca,Eldense,3,3,ou,5.50,over,ft,12.0,1
Eqrf0fFj,Huesca,Eldense,3,3,ou,5.50,under,ft,1.08,1
Eqrf0fFj,Huesca,Eldense,3,3,ou,6.50,over,ft,29.0,1
Eqrf0fFj,Huesca,Eldense,3,3,ou,6.50,under,ft,1.02,1
Eqrf0fFj,Huesca,Eldense,3,3,hc,0,home,ft,1.36,1
Eqrf0fFj,Huesca,Eldense,3,3,hc,0,away,ft,3.66,1
Eqrf0fFj,Huesca,Eldense,3,3,hc,0.50,home,ft,1.25,1
Eqrf0fFj,Huesca,Eldense,3,3,hc,0.50,away,ft,4.9,1
Eqrf0fFj,Huesca,Eldense,3,3,hc,-0.50,home,ft,1.83,1
Eqrf0fFj,Huesca,Eldense,3,3,hc,-0.50,away,ft,2.19,1
Eqrf0fFj,Huesca,Eldense,3,3,hc,0.75,home,ft,1.16,1
Eqrf0fFj,Huesca,Eldense,3,3,hc,0.75,away,ft,6.61,1
Eqrf0fFj,Huesca,Eldense,3,3,hc,-0.75,home,ft,2.05,1
Eqrf0fFj,Huesca,Eldense,3,3,hc,-0.75,away,ft,1.93,1
Eqrf0fFj,Huesca,Eldense,3,3,hc,1.00,home,ft,1.08,1
Eqrf0fFj,Huesca,Eldense,3,3,hc,1.00,away,ft,11.02,1
Eqrf0fFj,Huesca,Eldense,3,3,hc,-1.00,home,ft,2.43,1
Eqrf0fFj,Huesca,Eldense,3,3,hc,-1.00,away,ft,1.66,1
Eqrf0fFj,Huesca,Eldense,3,3,hc,1.25,home,ft,1.08,1
Eqrf0fFj,Huesca,Eldense,3,3,hc,1.25,away,ft,11.81,1
Eqrf0fFj,Huesca,Eldense,3,3,hc,-1.25,home,ft,2.8,1
Eqrf0fFj,Huesca,Eldense,3,3,hc,-1.25,away,ft,1.52,1
Eqrf0fFj,Huesca,Eldense,3,3,hc,1.50,home,ft,1.07,1
Eqrf0fFj,Huesca,Eldense,3,3,hc,1.50,away,ft,12.6,1
Eqrf0fFj,Huesca,Eldense,3,3,hc,-1.50,home,ft,3.17,1
Eqrf0fFj,Huesca,Eldense,3,3,hc,-1.50,away,ft,1.43,1
Eqrf0fFj,Huesca,Eldense,3,3,hc,1.75,home,ft,1.04,1
Eqrf0fFj,Huesca,Eldense,3,3,hc,1.75,away,ft,18.84,1
Eqrf0fFj,Huesca,Eldense,3,3,hc,-1.75,home,ft,3.94,1
Eqrf0fFj,Huesca,Eldense,3,3,hc,-1.75,away,ft,1.31,1
Eqrf0fFj,Huesca,Eldense,3,3,hc,2.00,home,ft,1.02,1
Eqrf0fFj,Huesca,Eldense,3,3,hc,2.00,away,ft,38.65,1
Eqrf0fFj,Huesca,Eldense,3,3,hc,-2.00,home,ft,5.52,1
Eqrf0fFj,Huesca,Eldense,3,3,hc,-2.00,away,ft,1.19,1
Eqrf0fFj,Huesca,Eldense,3,3,hc,2.25,home,ft,1.02,1
Eqrf0fFj,Huesca,Eldense,3,3,hc,2.25,away,ft,39.79,1
Eqrf0fFj,Huesca,Eldense,3,3,hc,-2.25,home,ft,6.06,1
Eqrf0fFj,Huesca,Eldense,3,3,hc,-2.25,away,ft,1.17,1
Eqrf0fFj,Huesca,Eldense,3,3,hc,2.50,home,ft,1.02,1
Eqrf0fFj,Huesca,Eldense,3,3,hc,2.50,away,ft,26.08,1
Eqrf0fFj,Huesca,Eldense,3,3,hc,-2.50,home,ft,6.6,1
Eqrf0fFj,Huesca,Eldense,3,3,hc,-2.50,away,ft,1.16,1
Eqrf0fFj,Huesca,Eldense,3,3,hc,2.75,away,ft,31.83,1
Eqrf0fFj,Huesca,Eldense,3,3,hc,-2.75,home,ft,9.0,1
Eqrf0fFj,Huesca,Eldense,3,3,hc,-2.75,away,ft,1.1,1
Eqrf0fFj,Huesca,Eldense,3,3,hc,-3.00,home,ft,15.0,1
Eqrf0fFj,Huesca,Eldense,3,3,hc,-3.00,away,ft,1.05,1
Eqrf0fFj,Huesca,Eldense,3,3,hc,-3.25,home,ft,15.75,1
Eqrf0fFj,Huesca,Eldense,3,3,hc,-3.25,away,ft,1.05,1
Eqrf0fFj,Huesca,Eldense,3,3,hc,-3.50,home,ft,15.88,1
Eqrf0fFj,Huesca,Eldense,3,3,hc,-3.50,away,ft,1.05,1
Eqrf0fFj,Huesca,Eldense,3,3,hc,-3.75,home,ft,15.88,1
Eqrf0fFj,Huesca,Eldense,3,3,hc,-3.75,away,ft,1.02,1
Eqrf0fFj,Huesca,Eldense,3,3,hc,0.25,home,ft,1.29,1
Eqrf0fFj,Huesca,Eldense,3,3,hc,0.25,away,ft,4.28,1
Eqrf0fFj,Huesca,Eldense,3,3,hc,-0.25,home,ft,1.59,1
Eqrf0fFj,Huesca,Eldense,3,3,hc,-0.25,away,ft,2.64,1
Eqrf0fFj,Huesca,Eldense,3,3,dc,0,home/draw,ft,1.25,1
Eqrf0fFj,Huesca,Eldense,3,3,dc,0,home/away,ft,1.33,1
Eqrf0fFj,Huesca,Eldense,3,3,dc,0,draw/away,ft,2.18,1
tGJWdL8b,FC Cartagena SAD,Mirandes,1,1,1x2,0,home,ft,10.5,1
tGJWdL8b,FC Cartagena SAD,Mirandes,1,1,1x2,0,draw,ft,6.0,1
tGJWdL8b,FC Cartagena SAD,Mirandes,1,1,1x2,0,away,ft,1.33,1
tGJWdL8b,FC Cartagena SAD,Mirandes,1,1,ou,0.50,over,ft,1.04,1
tGJWdL8b,FC Cartagena SAD,Mirandes,1,1,ou,0.50,under,ft,21.0,1
tGJWdL8b,FC Cartagena SAD,Mirandes,1,1,ou,1.50,over,ft,1.23,1
tGJWdL8b,FC Cartagena SAD,Mirandes,1,1,ou,1.50,under,ft,5.1,1
tGJWdL8b,FC Cartagena SAD,Mirandes,1,1,ou,2.50,over,ft,1.69,1
tGJWdL8b,FC Cartagena SAD,Mirandes,1,1,ou,2.50,under,ft,2.38,1
tGJWdL8b,FC Cartagena SAD,Mirandes,1,1,ou,3.50,over,ft,2.8,1
tGJWdL8b,FC Cartagena SAD,Mirandes,1,1,ou,3.50,under,ft,1.53,1
tGJWdL8b,FC Cartagena SAD,Mirandes,1,1,ou,4.50,over,ft,5.4,1
tGJWdL8b,FC Cartagena SAD,Mirandes,1,1,ou,4.50,under,ft,1.21,1
tGJWdL8b,FC Cartagena SAD,Mirandes,1,1,ou,5.50,over,ft,11.5,1
tGJWdL8b,FC Cartagena SAD,Mirandes,1,1,ou,5.50,under,ft,1.08,1
tGJWdL8b,FC Cartagena SAD,Mirandes,1,1,ou,6.50,over,ft,27.0,1
tGJWdL8b,FC Cartagena SAD,Mirandes,1,1,ou,6.50,under,ft,1.03,1
tGJWdL8b,FC Cartagena SAD,Mirandes,1,1,ou,7.50,over,ft,70.0,1
tGJWdL8b,FC Cartagena SAD,Mirandes,1,1,hc,0,home,ft,9.07,1
tGJWdL8b,FC Cartagena SAD,Mirandes,1,1,hc,0,away,ft,1.12,1
tGJWdL8b,FC Cartagena SAD,Mirandes,1,1,hc,0.50,home,ft,3.94,1
tGJWdL8b,FC Cartagena SAD,Mirandes,1,1,hc,0.50,away,ft,1.33,1
tGJWdL8b,FC Cartagena SAD,Mirandes,1,1,hc,-0.50,home,ft,10.81,1
tGJWdL8b,FC Cartagena SAD,Mirandes,1,1,hc,-0.50,away,ft,1.1,1
tGJWdL8b,FC Cartagena SAD,Mirandes,1,1,hc,0.75,home,ft,3.43,1
tGJWdL8b,FC Cartagena SAD,Mirandes,1,1,hc,0.75,away,ft,1.4,1
tGJWdL8b,FC Cartagena SAD,Mirandes,1,1,hc,-0.75,home,ft,15.83,1
tGJWdL8b,FC Cartagena SAD,Mirandes,1,1,hc,-0.75,away,ft,1.06,1
tGJWdL8b,FC Cartagena SAD,Mirandes,1,1,hc,1.00,home,ft,2.93,1
tGJWdL8b,FC Cartagena SAD,Mirandes,1,1,hc,1.00,away,ft,1.5,1
tGJWdL8b,FC Cartagena SAD,Mirandes,1,1,hc,-1.00,home,ft,31.31,1
tGJWdL8b,FC Cartagena SAD,Mirandes,1,1,hc,-1.00,away,ft,1.02,1
tGJWdL8b,FC Cartagena SAD,Mirandes,1,1,hc,1.25,home,ft,2.28,1
tGJWdL8b,FC Cartagena SAD,Mirandes,1,1,hc,1.25,away,ft,1.75,1
tGJWdL8b,FC Cartagena SAD,Mirandes,1,1,hc,-1.25,home,ft,32.35,1
tGJWdL8b,FC Cartagena SAD,Mirandes,1,1,hc,-1.25,away,ft,1.02,1
tGJWdL8b,FC Cartagena SAD,Mirandes,1,1,hc,1.50,home,ft,1.96,1
tGJWdL8b,FC Cartagena SAD,Mirandes,1,1,hc,1.50,away,ft,2.01,1
tGJWdL8b,FC Cartagena SAD,Mirandes,1,1,hc,-1.50,home,ft,33.39,1
tGJWdL8b,FC Cartagena SAD,Mirandes,1,1,hc,-1.50,away,ft,1.02,1
tGJWdL8b,FC Cartagena SAD,Mirandes,1,1,hc,1.75,home,ft,1.76,1
tGJWdL8b,FC Cartagena SAD,Mirandes,1,1,hc,1.75,away,ft,2.27,1
tGJWdL8b,FC Cartagena SAD,Mirandes,1,1,hc,-1.75,home,ft,53.57,1
tGJWdL8b,FC Cartagena SAD,Mirandes,1,1,hc,2.00,home,ft,1.53,1
tGJWdL8b,FC Cartagena SAD,Mirandes,1,1,hc,2.00,away,ft,2.73,1
tGJWdL8b,FC Cartagena SAD,Mirandes,1,1,hc,2.25,home,ft,1.43,1
tGJWdL8b,FC Cartagena SAD,Mirandes,1,1,hc,2.25,away,ft,3.09,1
tGJWdL8b,FC Cartagena SAD,Mirandes,1,1,hc,2.50,home,ft,1.36,1
tGJWdL8b,FC Cartagena SAD,Mirandes,1,1,hc,2.50,away,ft,3.45,1
tGJWdL8b,FC Cartagena SAD,Mirandes,1,1,hc,2.75,home,ft,1.26,1
tGJWdL8b,FC Cartagena SAD,Mirandes,1,1,hc,2.75,away,ft,4.25,1
tGJWdL8b,FC Cartagena SAD,Mirandes,1,1,hc,3.00,home,ft,1.16,1
tGJWdL8b,FC Cartagena SAD,Mirandes,1,1,hc,3.00,away,ft,5.68,1
tGJWdL8b,FC Cartagena SAD,Mirandes,1,1,hc,3.25,home,ft,1.15,1
tGJWdL8b,FC Cartagena SAD,Mirandes,1,1,hc,3.25,away,ft,6.14,1
tGJWdL8b,FC Cartagena SAD,Mirandes,1,1,hc,3.50,home,ft,1.13,1
tGJWdL8b,FC Cartagena SAD,Mirandes,1,1,hc,3.50,away,ft,6.6,1
tGJWdL8b,FC Cartagena SAD,Mirandes,1,1,hc,3.75,home,ft,1.09,1
tGJWdL8b,FC Cartagena SAD,Mirandes,1,1,hc,3.75,away,ft,7.41,1
tGJWdL8b,FC Cartagena SAD,Mirandes,1,1,hc,4.00,home,ft,1.05,1
tGJWdL8b,FC Cartagena SAD,Mirandes,1,1,hc,4.00,away,ft,7.25,1
tGJWdL8b,FC Cartagena SAD,Mirandes,1,1,hc,0.25,home,ft,5.31,1
tGJWdL8b,FC Cartagena SAD,Mirandes,1,1,hc,0.25,away,ft,1.22,1
tGJWdL8b,FC Cartagena SAD,Mirandes,1,1,hc,-0.25,home,ft,9.94,1
tGJWdL8b,FC Cartagena SAD,Mirandes,1,1,hc,-0.25,away,ft,1.1,1
tGJWdL8b,FC Cartagena SAD,Mirandes,1,1,dc,0,home/draw,ft,3.9,1
tGJWdL8b,FC Cartagena SAD,Mirandes,1,1,dc,0,home/away,ft,1.19,1
tGJWdL8b,FC Cartagena SAD,Mirandes,1,1,dc,0,draw/away,ft,1.1,1
fuLtOc7c,Racing Santander,Granada CF,2,2,1x2,0,home,ft,2.3,1
fuLtOc7c,Racing Santander,Granada CF,2,2,1x2,0,draw,ft,3.65,1
fuLtOc7c,Racing Santander,Granada CF,2,2,1x2,0,away,ft,3.35,1
fuLtOc7c,Racing Santander,Granada CF,2,2,ou,0.50,over,ft,1.06,1
fuLtOc7c,Racing Santander,Granada CF,2,2,ou,0.50,under,ft,15.5,1
fuLtOc7c,Racing Santander,Granada CF,2,2,ou,1.50,over,ft,1.26,1
fuLtOc7c,Racing Santander,Granada CF,2,2,ou,1.50,under,ft,4.6,1
fuLtOc7c,Racing Santander,Granada CF,2,2,ou,2.50,over,ft,1.8,1
fuLtOc7c,Racing Santander,Granada CF,2,2,ou,2.50,under,ft,2.22,1
fuLtOc7c,Racing Santander,Granada CF,2,2,ou,3.50,over,ft,2.98,1
fuLtOc7c,Racing Santander,Granada CF,2,2,ou,3.50,under,ft,1.48,1
fuLtOc7c,Racing Santander,Granada CF,2,2,ou,4.50,over,ft,6.0,1
fuLtOc7c,Racing Santander,Granada CF,2,2,ou,4.50,under,ft,1.18,1
fuLtOc7c,Racing Santander,Granada CF,2,2,ou,5.50,over,ft,13.5,1
fuLtOc7c,Racing Santander,Granada CF,2,2,ou,5.50,under,ft,1.07,1
fuLtOc7c,Racing Santander,Granada CF,2,2,ou,6.50,over,ft,32.0,1
fuLtOc7c,Racing Santander,Granada CF,2,2,ou,6.50,under,ft,1.02,1
fuLtOc7c,Racing Santander,Granada CF,2,2,hc,0,home,ft,1.67,1
fuLtOc7c,Racing Santander,Granada CF,2,2,hc,0,away,ft,2.44,1
fuLtOc7c,Racing Santander,Granada CF,2,2,hc,0.50,home,ft,1.41,1
fuLtOc7c,Racing Santander,Granada CF,2,2,hc,0.50,away,ft,3.35,1
fuLtOc7c,Racing Santander,Granada CF,2,2,hc,-0.50,home,ft,2.3,1
fuLtOc7c,Racing Santander,Granada CF,2,2,hc,-0.50,away,ft,1.75,1
fuLtOc7c,Racing Santander,Granada CF,2,2,hc,0.75,home,ft,1.29,1
fuLtOc7c,Racing Santander,Granada CF,2,2,hc,0.75,away,ft,4.24,1
fuLtOc7c,Racing Santander,Granada CF,2,2,hc,-0.75,home,ft,2.72,1
fuLtOc7c,Racing Santander,Granada CF,2,2,hc,-0.75,away,ft,1.55,1
fuLtOc7c,Racing Santander,Granada CF,2,2,hc,1.00,home,ft,1.17,1
fuLtOc7c,Racing Santander,Granada CF,2,2,hc,1.00,away,ft,6.19,1
fuLtOc7c,Racing Santander,Granada CF,2,2,hc,-1.00,home,ft,3.54,1
fuLtOc7c,Racing Santander,Granada CF,2,2,hc,-1.00,away,ft,1.35,1
fuLtOc7c,Racing Santander,Granada CF,2,2,hc,1.25,home,ft,1.15,1
fuLtOc7c,Racing Santander,Granada CF,2,2,hc,1.25,away,ft,6.79,1
fuLtOc7c,Racing Santander,Granada CF,2,2,hc,-1.25,home,ft,4.03,1
fuLtOc7c,Racing Santander,Granada CF,2,2,hc,-1.25,away,ft,1.29,1
fuLtOc7c,Racing Santander,Granada CF,2,2,hc,1.50,home,ft,1.14,1
fuLtOc7c,Racing Santander,Granada CF,2,2,hc,1.50,away,ft,7.28,1
fuLtOc7c,Racing Santander,Granada CF,2,2,hc,-1.50,home,ft,4.5,1
fuLtOc7c,Racing Santander,Granada CF,2,2,hc,-1.50,away,ft,1.25,1
fuLtOc7c,Racing Santander,Granada CF,2,2,hc,1.75,home,ft,1.09,1
fuLtOc7c,Racing Santander,Granada CF,2,2,hc,1.75,away,ft,10.15,1
fuLtOc7c,Racing Santander,Granada CF,2,2,hc,-1.75,home,ft,6.0,1
fuLtOc7c,Racing Santander,Granada CF,2,2,hc,-1.75,away,ft,1.17,1
fuLtOc7c,Racing Santander,Granada CF,2,2,hc,2.00,home,ft,1.04,1
fuLtOc7c,Racing Santander,Granada CF,2,2,hc,2.00,away,ft,15.74,1
fuLtOc7c,Racing Santander,Granada CF,2,2,hc,-2.00,home,ft,9.57,1
fuLtOc7c,Racing Santander,Granada CF,2,2,hc,-2.00,away,ft,1.09,1
fuLtOc7c,Racing Santander,Granada CF,2,2,hc,2.25,home,ft,1.04,1
fuLtOc7c,Racing Santander,Granada CF,2,2,hc,2.25,away,ft,16.36,1
fuLtOc7c,Racing Santander,Granada CF,2,2,hc,-2.25,home,ft,10.28,1
fuLtOc7c,Racing Santander,Granada CF,2,2,hc,-2.25,away,ft,1.08,1
fuLtOc7c,Racing Santander,Granada CF,2,2,hc,2.50,home,ft,1.04,1
fuLtOc7c,Racing Santander,Granada CF,2,2,hc,2.50,away,ft,16.74,1
fuLtOc7c,Racing Santander,Granada CF,2,2,hc,-2.50,home,ft,11.0,1
fuLtOc7c,Racing Santander,Granada CF,2,2,hc,-2.50,away,ft,1.08,1
fuLtOc7c,Racing Santander,Granada CF,2,2,hc,2.75,home,ft,1.02,1
fuLtOc7c,Racing Santander,Granada CF,2,2,hc,2.75,away,ft,25.47,1
fuLtOc7c,Racing Santander,Granada CF,2,2,hc,-2.75,home,ft,15.21,1
fuLtOc7c,Racing Santander,Granada CF,2,2,hc,-2.75,away,ft,1.05,1
fuLtOc7c,Racing Santander,Granada CF,2,2,hc,3.00,away,ft,27.38,1
fuLtOc7c,Racing Santander,Granada CF,2,2,hc,-3.00,home,ft,25.65,1
fuLtOc7c,Racing Santander,Granada CF,2,2,hc,-3.00,away,ft,1.02,1
fuLtOc7c,Racing Santander,Granada CF,2,2,hc,3.25,away,ft,27.73,1
fuLtOc7c,Racing Santander,Granada CF,2,2,hc,-3.25,home,ft,26.32,1
fuLtOc7c,Racing Santander,Granada CF,2,2,hc,-3.25,away,ft,1.02,1
fuLtOc7c,Racing Santander,Granada CF,2,2,hc,3.50,away,ft,28.08,1
fuLtOc7c,Racing Santander,Granada CF,2,2,hc,-3.50,home,ft,23.66,1
fuLtOc7c,Racing Santander,Granada CF,2,2,hc,-3.50,away,ft,1.02,1
fuLtOc7c,Racing Santander,Granada CF,2,2,hc,3.75,away,ft,28.08,1
fuLtOc7c,Racing Santander,Granada CF,2,2,hc,-3.75,home,ft,23.66,1
fuLtOc7c,Racing Santander,Granada CF,2,2,hc,0.25,home,ft,1.51,1
fuLtOc7c,Racing Santander,Granada CF,2,2,hc,0.25,away,ft,2.89,1
fuLtOc7c,Racing Santander,Granada CF,2,2,hc,-0.25,home,ft,1.98,1
fuLtOc7c,Racing Santander,Granada CF,2,2,hc,-0.25,away,ft,1.99,1
fuLtOc7c,Racing Santander,Granada CF,2,2,dc,0,home/draw,ft,1.41,1
fuLtOc7c,Racing Santander,Granada CF,2,2,dc,0,home/away,ft,1.37,1
fuLtOc7c,Racing Santander,Granada CF,2,2,dc,0,draw/away,ft,1.75,1
ELa79bh4,Malaga,Burgos CF,2,2,1x2,0,home,ft,2.22,1
ELa79bh4,Malaga,Burgos CF,2,2,1x2,0,draw,ft,3.3,1
ELa79bh4,Malaga,Burgos CF,2,2,1x2,0,away,ft,3.9,1
ELa79bh4,Malaga,Burgos CF,2,2,ou,0.50,over,ft,1.1,1
ELa79bh4,Malaga,Burgos CF,2,2,ou,0.50,under,ft,10.0,1
ELa79bh4,Malaga,Burgos CF,2,2,ou,1.50,over,ft,1.45,1
ELa79bh4,Malaga,Burgos CF,2,2,ou,1.50,under,ft,3.2,1
ELa79bh4,Malaga,Burgos CF,2,2,ou,2.50,over,ft,2.32,1
ELa79bh4,Malaga,Burgos CF,2,2,ou,2.50,under,ft,1.74,1
ELa79bh4,Malaga,Burgos CF,2,2,ou,3.50,over,ft,4.5,1
ELa79bh4,Malaga,Burgos CF,2,2,ou,3.50,under,ft,1.27,1
ELa79bh4,Malaga,Burgos CF,2,2,ou,4.50,over,ft,10.5,1
ELa79bh4,Malaga,Burgos CF,2,2,ou,4.50,under,ft,1.09,1
ELa79bh4,Malaga,Burgos CF,2,2,ou,5.50,over,ft,27.0,1
ELa79bh4,Malaga,Burgos CF,2,2,ou,5.50,under,ft,1.03,1
ELa79bh4,Malaga,Burgos CF,2,2,ou,6.50,over,ft,75.0,1
ELa79bh4,Malaga,Burgos CF,2,2,hc,0,home,ft,1.58,1
ELa79bh4,Malaga,Burgos CF,2,2,hc,0,away,ft,2.66,1
ELa79bh4,Malaga,Burgos CF,2,2,hc,0.50,home,ft,1.34,1
ELa79bh4,Malaga,Burgos CF,2,2,hc,0.50,away,ft,3.8,1
ELa79bh4,Malaga,Burgos CF,2,2,hc,-0.50,home,ft,2.28,1
ELa79bh4,Malaga,Burgos CF,2,2,hc,-0.50,away,ft,1.78,1
ELa79bh4,Malaga,Burgos CF,2,2,hc,0.75,home,ft,1.23,1
ELa79bh4,Malaga,Burgos CF,2,2,hc,0.75,away,ft,5.11,1
ELa79bh4,Malaga,Burgos CF,2,2,hc,-0.75,home,ft,2.75,1
ELa79bh4,Malaga,Burgos CF,2,2,hc,-0.75,away,ft,1.55,1
ELa79bh4,Malaga,Burgos CF,2,2,hc,1.00,home,ft,1.11,1
ELa79bh4,Malaga,Burgos CF,2,2,hc,1.00,away,ft,8.73,1
ELa79bh4,Malaga,Burgos CF,2,2,hc,-1.00,home,ft,3.75,1
ELa79bh4,Malaga,Burgos CF,2,2,hc,-1.00,away,ft,1.33,1
ELa79bh4,Malaga,Burgos CF,2,2,hc,1.25,home,ft,1.1,1
ELa79bh4,Malaga,Burgos CF,2,2,hc,1.25,away,ft,9.61,1
ELa79bh4,Malaga,Burgos CF,2,2,hc,-1.25,home,ft,4.32,1
ELa79bh4,Malaga,Burgos CF,2,2,hc,-1.25,away,ft,1.27,1
ELa79bh4,Malaga,Burgos CF,2,2,hc,1.50,home,ft,1.09,1
ELa79bh4,Malaga,Burgos CF,2,2,hc,1.50,away,ft,10.5,1
ELa79bh4,Malaga,Burgos CF,2,2,hc,-1.50,home,ft,4.9,1
ELa79bh4,Malaga,Burgos CF,2,2,hc,-1.50,away,ft,1.23,1
ELa79bh4,Malaga,Burgos CF,2,2,hc,1.75,home,ft,1.05,1
ELa79bh4,Malaga,Burgos CF,2,2,hc,1.75,away,ft,15.57,1
ELa79bh4,Malaga,Burgos CF,2,2,hc,-1.75,home,ft,6.82,1
ELa79bh4,Malaga,Burgos CF,2,2,hc,-1.75,away,ft,1.15,1
ELa79bh4,Malaga,Burgos CF,2,2,hc,2.00,home,ft,1.02,1
ELa79bh4,Malaga,Burgos CF,2,2,hc,2.00,away,ft,28.14,1
ELa79bh4,Malaga,Burgos CF,2,2,hc,-2.00,home,ft,12.16,1
ELa79bh4,Malaga,Burgos CF,2,2,hc,-2.00,away,ft,1.07,1
ELa79bh4,Malaga,Burgos CF,2,2,hc,2.25,home,ft,1.02,1
ELa79bh4,Malaga,Burgos CF,2,2,hc,2.25,away,ft,29.07,1
ELa79bh4,Malaga,Burgos CF,2,2,hc,-2.25,home,ft,13.08,1
ELa79bh4,Malaga,Burgos CF,2,2,hc,-2.25,away,ft,1.06,1
ELa79bh4,Malaga,Burgos CF,2,2,hc,2.50,home,ft,1.02,1
ELa79bh4,Malaga,Burgos CF,2,2,hc,2.50,away,ft,29.88,1
ELa79bh4,Malaga,Burgos CF,2,2,hc,-2.50,home,ft,14.0,1
ELa79bh4,Malaga,Burgos CF,2,2,hc,-2.50,away,ft,1.06,1
ELa79bh4,Malaga,Burgos CF,2,2,hc,2.75,away,ft,33.32,1
ELa79bh4,Malaga,Burgos CF,2,2,hc,-2.75,home,ft,21.72,1
ELa79bh4,Malaga,Burgos CF,2,2,hc,-2.75,away,ft,1.03,1
ELa79bh4,Malaga,Burgos CF,2,2,hc,-3.00,home,ft,28.0,1
ELa79bh4,Malaga,Burgos CF,2,2,hc,-3.25,home,ft,28.53,1
ELa79bh4,Malaga,Burgos CF,2,2,hc,-3.50,home,ft,29.07,1
ELa79bh4,Malaga,Burgos CF,2,2,hc,0.25,home,ft,1.43,1
ELa79bh4,Malaga,Burgos CF,2,2,hc,0.25,away,ft,3.23,1
ELa79bh4,Malaga,Burgos CF,2,2,hc,-0.25,home,ft,1.93,1
ELa79bh4,Malaga,Burgos CF,2,2,hc,-0.25,away,ft,2.06,1
ELa79bh4,Malaga,Burgos CF,2,2,dc,0,home/draw,ft,1.34,1
ELa79bh4,Malaga,Burgos CF,2,2,dc,0,home/away,ft,1.42,1
ELa79bh4,Malaga,Burgos CF,2,2,dc,0,draw/away,ft,1.78,1
hGECmHVp,Racing Club Ferrol,Gijon,0,0,1x2,0,home,ft,3.05,1
hGECmHVp,Racing Club Ferrol,Gijon,0,0,1x2,0,draw,ft,3.4,1
hGECmHVp,Racing Club Ferrol,Gijon,0,0,1x2,0,away,ft,2.6,1
hGECmHVp,Racing Club Ferrol,Gijon,0,0,ou,0.50,over,ft,1.08,1
hGECmHVp,Racing Club Ferrol,Gijon,0,0,ou,0.50,under,ft,12.0,1
hGECmHVp,Racing Club Ferrol,Gijon,0,0,ou,1.50,over,ft,1.33,1
hGECmHVp,Racing Club Ferrol,Gijon,0,0,ou,1.50,under,ft,3.8,1
hGECmHVp,Racing Club Ferrol,Gijon,0,0,ou,2.50,over,ft,1.99,1
hGECmHVp,Racing Club Ferrol,Gijon,0,0,ou,2.50,under,ft,1.96,1
hGECmHVp,Racing Club Ferrol,Gijon,0,0,ou,3.50,over,ft,3.55,1
hGECmHVp,Racing Club Ferrol,Gijon,0,0,ou,3.50,under,ft,1.38,1
hGECmHVp,Racing Club Ferrol,Gijon,0,0,ou,4.50,over,ft,8.0,1
hGECmHVp,Racing Club Ferrol,Gijon,0,0,ou,4.50,under,ft,1.12,1
hGECmHVp,Racing Club Ferrol,Gijon,0,0,ou,5.50,over,ft,16.5,1
hGECmHVp,Racing Club Ferrol,Gijon,0,0,ou,5.50,under,ft,1.04,1
hGECmHVp,Racing Club Ferrol,Gijon,0,0,ou,6.50,over,ft,46.0,1
hGECmHVp,Racing Club Ferrol,Gijon,0,0,hc,0,home,ft,2.17,1
hGECmHVp,Racing Club Ferrol,Gijon,0,0,hc,0,away,ft,1.83,1
hGECmHVp,Racing Club Ferrol,Gijon,0,0,hc,0.50,home,ft,1.61,1
hGECmHVp,Racing Club Ferrol,Gijon,0,0,hc,0.50,away,ft,2.6,1
hGECmHVp,Racing Club Ferrol,Gijon,0,0,hc,-0.50,home,ft,3.06,1
hGECmHVp,Racing Club Ferrol,Gijon,0,0,hc,-0.50,away,ft,1.47,1
hGECmHVp,Racing Club Ferrol,Gijon,0,0,hc,0.75,home,ft,1.44,1
hGECmHVp,Racing Club Ferrol,Gijon,0,0,hc,0.75,away,ft,3.17,1
hGECmHVp,Racing Club Ferrol,Gijon,0,0,hc,-0.75,home,ft,3.87,1
hGECmHVp,Racing Club Ferrol,Gijon,0,0,hc,-0.75,away,ft,1.33,1
hGECmHVp,Racing Club Ferrol,Gijon,0,0,hc,1.00,home,ft,1.27,1
hGECmHVp,Racing Club Ferrol,Gijon,0,0,hc,1.00,away,ft,4.39,1
hGECmHVp,Racing Club Ferrol,Gijon,0,0,hc,-1.00,home,ft,5.58,1
hGECmHVp,Racing Club Ferrol,Gijon,0,0,hc,-1.00,away,ft,1.18,1
hGECmHVp,Racing Club Ferrol,Gijon,0,0,hc,1.25,home,ft,1.23,1
hGECmHVp,Racing Club Ferrol,Gijon,0,0,hc,1.25,away,ft,4.94,1
hGECmHVp,Racing Club Ferrol,Gijon,0,0,hc,-1.25,home,ft,6.19,1
hGECmHVp,Racing Club Ferrol,Gijon,0,0,hc,-1.25,away,ft,1.16,1
hGECmHVp,Racing Club Ferrol,Gijon,0,0,hc,1.50,home,ft,1.2,1
hGECmHVp,Racing Club Ferrol,Gijon,0,0,hc,1.50,away,ft,5.5,1
hGECmHVp,Racing Club Ferrol,Gijon,0,0,hc,-1.50,home,ft,6.8,1
hGECmHVp,Racing Club Ferrol,Gijon,0,0,hc,-1.50,away,ft,1.14,1
hGECmHVp,Racing Club Ferrol,Gijon,0,0,hc,1.75,home,ft,1.13,1
hGECmHVp,Racing Club Ferrol,Gijon,0,0,hc,1.75,away,ft,7.19,1
hGECmHVp,Racing Club Ferrol,Gijon,0,0,hc,-1.75,home,ft,9.24,1
hGECmHVp,Racing Club Ferrol,Gijon,0,0,hc,-1.75,away,ft,1.09,1
hGECmHVp,Racing Club Ferrol,Gijon,0,0,hc,2.00,home,ft,1.07,1
hGECmHVp,Racing Club Ferrol,Gijon,0,0,hc,2.00,away,ft,10.91,1
hGECmHVp,Racing Club Ferrol,Gijon,0,0,hc,-2.00,home,ft,12.57,1
hGECmHVp,Racing Club Ferrol,Gijon,0,0,hc,-2.00,away,ft,1.04,1
hGECmHVp,Racing Club Ferrol,Gijon,0,0,hc,2.25,home,ft,1.06,1
hGECmHVp,Racing Club Ferrol,Gijon,0,0,hc,2.25,away,ft,11.51,1
hGECmHVp,Racing Club Ferrol,Gijon,0,0,hc,-2.25,home,ft,13.03,1
hGECmHVp,Racing Club Ferrol,Gijon,0,0,hc,-2.25,away,ft,1.04,1
hGECmHVp,Racing Club Ferrol,Gijon,0,0,hc,2.50,home,ft,1.06,1
hGECmHVp,Racing Club Ferrol,Gijon,0,0,hc,2.50,away,ft,12.11,1
hGECmHVp,Racing Club Ferrol,Gijon,0,0,hc,-2.50,home,ft,13.5,1
hGECmHVp,Racing Club Ferrol,Gijon,0,0,hc,-2.50,away,ft,1.03,1
hGECmHVp,Racing Club Ferrol,Gijon,0,0,hc,2.75,home,ft,1.03,1
hGECmHVp,Racing Club Ferrol,Gijon,0,0,hc,2.75,away,ft,12.11,1
hGECmHVp,Racing Club Ferrol,Gijon,0,0,hc,-2.75,home,ft,13.5,1
hGECmHVp,Racing Club Ferrol,Gijon,0,0,hc,0.25,home,ft,1.8,1
hGECmHVp,Racing Club Ferrol,Gijon,0,0,hc,0.25,away,ft,2.21,1
hGECmHVp,Racing Club Ferrol,Gijon,0,0,hc,-0.25,home,ft,2.62,1
hGECmHVp,Racing Club Ferrol,Gijon,0,0,hc,-0.25,away,ft,1.6,1
hGECmHVp,Racing Club Ferrol,Gijon,0,0,dc,0,home/draw,ft,1.61,1
hGECmHVp,Racing Club Ferrol,Gijon,0,0,dc,0,home/away,ft,1.4,1
hGECmHVp,Racing Club Ferrol,Gijon,0,0,dc,0,draw/away,ft,1.47,1
0IZXfawB,Castellon,Zaragoza,4,4,1x2,0,home,ft,1.94,1
0IZXfawB,Castellon,Zaragoza,4,4,1x2,0,draw,ft,4.2,1
0IZXfawB,Castellon,Zaragoza,4,4,1x2,0,away,ft,3.95,1
0IZXfawB,Castellon,Zaragoza,4,4,ou,0.50,over,ft,1.03,1
0IZXfawB,Castellon,Zaragoza,4,4,ou,0.50,under,ft,27.0,1
0IZXfawB,Castellon,Zaragoza,4,4,ou,1.50,over,ft,1.16,1
0IZXfawB,Castellon,Zaragoza,4,4,ou,1.50,under,ft,7.0,1
0IZXfawB,Castellon,Zaragoza,4,4,ou,2.50,over,ft,1.5,1
0IZXfawB,Castellon,Zaragoza,4,4,ou,2.50,under,ft,2.92,1
0IZXfawB,Castellon,Zaragoza,4,4,ou,3.50,over,ft,2.22,1
0IZXfawB,Castellon,Zaragoza,4,4,ou,3.50,under,ft,1.79,1
0IZXfawB,Castellon,Zaragoza,4,4,ou,4.50,over,ft,3.85,1
0IZXfawB,Castellon,Zaragoza,4,4,ou,4.50,under,ft,1.33,1
0IZXfawB,Castellon,Zaragoza,4,4,ou,5.50,over,ft,7.6,1
0IZXfawB,Castellon,Zaragoza,4,4,ou,5.50,under,ft,1.14,1
0IZXfawB,Castellon,Zaragoza,4,4,ou,6.50,over,ft,16.0,1
0IZXfawB,Castellon,Zaragoza,4,4,ou,6.50,under,ft,1.05,1
0IZXfawB,Castellon,Zaragoza,4,4,ou,7.50,over,ft,34.0,1
0IZXfawB,Castellon,Zaragoza,4,4,hc,0,home,ft,1.47,1
0IZXfawB,Castellon,Zaragoza,4,4,hc,0,away,ft,3.02,1
0IZXfawB,Castellon,Zaragoza,4,4,hc,0.50,home,ft,1.32,1
0IZXfawB,Castellon,Zaragoza,4,4,hc,0.50,away,ft,3.95,1
0IZXfawB,Castellon,Zaragoza,4,4,hc,-0.50,home,ft,1.94,1
0IZXfawB,Castellon,Zaragoza,4,4,hc,-0.50,away,ft,2.05,1
0IZXfawB,Castellon,Zaragoza,4,4,hc,0.75,home,ft,1.23,1
0IZXfawB,Castellon,Zaragoza,4,4,hc,0.75,away,ft,5.04,1
0IZXfawB,Castellon,Zaragoza,4,4,hc,-0.75,home,ft,2.17,1
0IZXfawB,Castellon,Zaragoza,4,4,hc,-0.75,away,ft,1.83,1
0IZXfawB,Castellon,Zaragoza,4,4,hc,1.00,home,ft,1.14,1
0IZXfawB,Castellon,Zaragoza,4,4,hc,1.00,away,ft,7.42,1
0IZXfawB,Castellon,Zaragoza,4,4,hc,-1.00,home,ft,2.57,1
0IZXfawB,Castellon,Zaragoza,4,4,hc,-1.00,away,ft,1.59,1
0IZXfawB,Castellon,Zaragoza,4,4,hc,1.25,home,ft,1.12,1
0IZXfawB,Castellon,Zaragoza,4,4,hc,1.25,away,ft,8.01,1
0IZXfawB,Castellon,Zaragoza,4,4,hc,-1.25,home,ft,2.91,1
0IZXfawB,Castellon,Zaragoza,4,4,hc,-1.25,away,ft,1.48,1
0IZXfawB,Castellon,Zaragoza,4,4,hc,1.50,home,ft,1.11,1
0IZXfawB,Castellon,Zaragoza,4,4,hc,1.50,away,ft,8.6,1
0IZXfawB,Castellon,Zaragoza,4,4,hc,-1.50,home,ft,3.25,1
0IZXfawB,Castellon,Zaragoza,4,4,hc,-1.50,away,ft,1.4,1
0IZXfawB,Castellon,Zaragoza,4,4,hc,1.75,home,ft,1.08,1
0IZXfawB,Castellon,Zaragoza,4,4,hc,1.75,away,ft,12.04,1
0IZXfawB,Castellon,Zaragoza,4,4,hc,-1.75,home,ft,4.02,1
0IZXfawB,Castellon,Zaragoza,4,4,hc,-1.75,away,ft,1.3,1
0IZXfawB,Castellon,Zaragoza,4,4,hc,2.00,home,ft,1.04,1
0IZXfawB,Castellon,Zaragoza,4,4,hc,2.00,away,ft,21.22,1
0IZXfawB,Castellon,Zaragoza,4,4,hc,-2.00,home,ft,5.55,1
0IZXfawB,Castellon,Zaragoza,4,4,hc,-2.00,away,ft,1.2,1
0IZXfawB,Castellon,Zaragoza,4,4,hc,2.25,home,ft,1.03,1
0IZXfawB,Castellon,Zaragoza,4,4,hc,2.25,away,ft,22.05,1
0IZXfawB,Castellon,Zaragoza,4,4,hc,-2.25,home,ft,6.05,1
0IZXfawB,Castellon,Zaragoza,4,4,hc,-2.25,away,ft,1.18,1
0IZXfawB,Castellon,Zaragoza,4,4,hc,2.50,home,ft,1.03,1
0IZXfawB,Castellon,Zaragoza,4,4,hc,2.50,away,ft,22.88,1
0IZXfawB,Castellon,Zaragoza,4,4,hc,-2.50,home,ft,6.44,1
0IZXfawB,Castellon,Zaragoza,4,4,hc,-2.50,away,ft,1.16,1
0IZXfawB,Castellon,Zaragoza,4,4,hc,2.75,home,ft,1.02,1
0IZXfawB,Castellon,Zaragoza,4,4,hc,2.75,away,ft,33.98,1
0IZXfawB,Castellon,Zaragoza,4,4,hc,-2.75,home,ft,8.77,1
0IZXfawB,Castellon,Zaragoza,4,4,hc,-2.75,away,ft,1.11,1
0IZXfawB,Castellon,Zaragoza,4,4,hc,3.00,away,ft,45.1,1
0IZXfawB,Castellon,Zaragoza,4,4,hc,-3.00,home,ft,13.72,1
0IZXfawB,Castellon,Zaragoza,4,4,hc,-3.00,away,ft,1.06,1
0IZXfawB,Castellon,Zaragoza,4,4,hc,3.25,away,ft,45.65,1
0IZXfawB,Castellon,Zaragoza,4,4,hc,-3.25,home,ft,14.36,1
0IZXfawB,Castellon,Zaragoza,4,4,hc,-3.25,away,ft,1.06,1
0IZXfawB,Castellon,Zaragoza,4,4,hc,3.50,away,ft,46.2,1
0IZXfawB,Castellon,Zaragoza,4,4,hc,-3.50,home,ft,15.0,1
0IZXfawB,Castellon,Zaragoza,4,4,hc,-3.50,away,ft,1.05,1
0IZXfawB,Castellon,Zaragoza,4,4,hc,-3.75,home,ft,15.0,1
0IZXfawB,Castellon,Zaragoza,4,4,hc,-3.75,away,ft,1.02,1
0IZXfawB,Castellon,Zaragoza,4,4,hc,0.25,home,ft,1.38,1
0IZXfawB,Castellon,Zaragoza,4,4,hc,0.25,away,ft,3.48,1
0IZXfawB,Castellon,Zaragoza,4,4,hc,-0.25,home,ft,1.7,1
0IZXfawB,Castellon,Zaragoza,4,4,hc,-0.25,away,ft,2.38,1
0IZXfawB,Castellon,Zaragoza,4,4,dc,0,home/draw,ft,1.32,1
0IZXfawB,Castellon,Zaragoza,4,4,dc,0,home/away,ft,1.3,1
0IZXfawB,Castellon,Zaragoza,4,4,dc,0,draw/away,ft,2.04,1
dACXR09O,Mirandes,Almeria,0,0,1x2,0,home,ft,2.2,1
dACXR09O,Mirandes,Almeria,0,0,1x2,0,draw,ft,3.45,1
dACXR09O,Mirandes,Almeria,0,0,1x2,0,away,ft,3.75,1
dACXR09O,Mirandes,Almeria,0,0,ou,0.50,over,ft,1.08,1
dACXR09O,Mirandes,Almeria,0,0,ou,0.50,under,ft,12.5,1
dACXR09O,Mirandes,Almeria,0,0,ou,1.50,over,ft,1.34,1
dACXR09O,Mirandes,Almeria,0,0,ou,1.50,under,ft,3.85,1
dACXR09O,Mirandes,Almeria,0,0,ou,2.50,over,ft,2.06,1
dACXR09O,Mirandes,Almeria,0,0,ou,2.50,under,ft,1.91,1
dACXR09O,Mirandes,Almeria,0,0,ou,3.50,over,ft,3.6,1
dACXR09O,Mirandes,Almeria,0,0,ou,3.50,under,ft,1.36,1
dACXR09O,Mirandes,Almeria,0,0,ou,4.50,over,ft,7.8,1
dACXR09O,Mirandes,Almeria,0,0,ou,4.50,under,ft,1.14,1
dACXR09O,Mirandes,Almeria,0,0,ou,5.50,over,ft,17.5,1
dACXR09O,Mirandes,Almeria,0,0,ou,5.50,under,ft,1.05,1
dACXR09O,Mirandes,Almeria,0,0,ou,6.50,over,ft,34.0,1
dACXR09O,Mirandes,Almeria,0,0,hc,0,home,ft,1.58,1
dACXR09O,Mirandes,Almeria,0,0,hc,0,away,ft,2.68,1
dACXR09O,Mirandes,Almeria,0,0,hc,0.50,home,ft,1.35,1
dACXR09O,Mirandes,Almeria,0,0,hc,0.50,away,ft,3.75,1
dACXR09O,Mirandes,Almeria,0,0,hc,-0.50,home,ft,2.2,1
dACXR09O,Mirandes,Almeria,0,0,hc,-0.50,away,ft,1.81,1
dACXR09O,Mirandes,Almeria,0,0,hc,0.75,home,ft,1.24,1
dACXR09O,Mirandes,Almeria,0,0,hc,0.75,away,ft,4.85,1
dACXR09O,Mirandes,Almeria,0,0,hc,-0.75,home,ft,2.59,1
dACXR09O,Mirandes,Almeria,0,0,hc,-0.75,away,ft,1.59,1
dACXR09O,Mirandes,Almeria,0,0,hc,1.00,home,ft,1.12,1
dACXR09O,Mirandes,Almeria,0,0,hc,1.00,away,ft,6.92,1
dACXR09O,Mirandes,Almeria,0,0,hc,-1.00,home,ft,3.27,1
dACXR09O,Mirandes,Almeria,0,0,hc,-1.00,away,ft,1.36,1
dACXR09O,Mirandes,Almeria,0,0,hc,1.25,home,ft,1.11,1
dACXR09O,Mirandes,Almeria,0,0,hc,1.25,away,ft,7.49,1
dACXR09O,Mirandes,Almeria,0,0,hc,-1.25,home,ft,3.7,1
dACXR09O,Mirandes,Almeria,0,0,hc,-1.25,away,ft,1.29,1
dACXR09O,Mirandes,Almeria,0,0,hc,1.50,home,ft,1.1,1
dACXR09O,Mirandes,Almeria,0,0,hc,1.50,away,ft,7.86,1
dACXR09O,Mirandes,Almeria,0,0,hc,-1.50,home,ft,4.07,1
dACXR09O,Mirandes,Almeria,0,0,hc,-1.50,away,ft,1.25,1
dACXR09O,Mirandes,Almeria,0,0,hc,1.75,home,ft,1.05,1
dACXR09O,Mirandes,Almeria,0,0,hc,1.75,away,ft,11.45,1
dACXR09O,Mirandes,Almeria,0,0,hc,-1.75,home,ft,5.49,1
dACXR09O,Mirandes,Almeria,0,0,hc,-1.75,away,ft,1.17,1
dACXR09O,Mirandes,Almeria,0,0,hc,2.00,away,ft,8.87,1
dACXR09O,Mirandes,Almeria,0,0,hc,-2.00,home,ft,7.5,1
dACXR09O,Mirandes,Almeria,0,0,hc,-2.00,away,ft,1.09,1
dACXR09O,Mirandes,Almeria,0,0,hc,2.25,away,ft,9.07,1
dACXR09O,Mirandes,Almeria,0,0,hc,-2.25,home,ft,7.29,1
dACXR09O,Mirandes,Almeria,0,0,hc,-2.25,away,ft,1.08,1
dACXR09O,Mirandes,Almeria,0,0,hc,-2.50,home,ft,7.66,1
dACXR09O,Mirandes,Almeria,0,0,hc,-2.50,away,ft,1.08,1
dACXR09O,Mirandes,Almeria,0,0,hc,2.75,away,ft,8.91,1
dACXR09O,Mirandes,Almeria,0,0,hc,-2.75,home,ft,8.22,1
dACXR09O,Mirandes,Almeria,0,0,hc,-2.75,away,ft,1.04,1
dACXR09O,Mirandes,Almeria,0,0,hc,-3.00,home,ft,10.6,1
dACXR09O,Mirandes,Almeria,0,0,hc,-3.00,away,ft,1.02,1
dACXR09O,Mirandes,Almeria,0,0,hc,-3.25,home,ft,10.6,1
dACXR09O,Mirandes,Almeria,0,0,hc,-3.25,away,ft,1.02,1
dACXR09O,Mirandes,Almeria,0,0,hc,-3.50,away,ft,1.02,1
dACXR09O,Mirandes,Almeria,0,0,hc,-3.75,home,ft,11.12,1
dACXR09O,Mirandes,Almeria,0,0,hc,0.25,home,ft,1.44,1
dACXR09O,Mirandes,Almeria,0,0,hc,0.25,away,ft,3.21,1
dACXR09O,Mirandes,Almeria,0,0,hc,-0.25,home,ft,1.89,1
dACXR09O,Mirandes,Almeria,0,0,hc,-0.25,away,ft,2.1,1
dACXR09O,Mirandes,Almeria,0,0,dc,0,home/draw,ft,1.35,1
dACXR09O,Mirandes,Almeria,0,0,dc,0,home/away,ft,1.4,1
dACXR09O,Mirandes,Almeria,0,0,dc,0,draw/away,ft,1.79,1
nD4zjDeE,Burgos CF,Levante,2,2,1x2,0,home,ft,4.3,1
nD4zjDeE,Burgos CF,Levante,2,2,1x2,0,draw,ft,3.35,1
nD4zjDeE,Burgos CF,Levante,2,2,1x2,0,away,ft,2.08,1
nD4zjDeE,Burgos CF,Levante,2,2,ou,0.50,over,ft,1.1,1
nD4zjDeE,Burgos CF,Levante,2,2,ou,0.50,under,ft,10.0,1
nD4zjDeE,Burgos CF,Levante,2,2,ou,1.50,over,ft,1.44,1
nD4zjDeE,Burgos CF,Levante,2,2,ou,1.50,under,ft,3.25,1
nD4zjDeE,Burgos CF,Levante,2,2,ou,2.50,over,ft,2.28,1
nD4zjDeE,Burgos CF,Levante,2,2,ou,2.50,under,ft,1.75,1
nD4zjDeE,Burgos CF,Levante,2,2,ou,3.50,over,ft,4.4,1
nD4zjDeE,Burgos CF,Levante,2,2,ou,3.50,under,ft,1.28,1
nD4zjDeE,Burgos CF,Levante,2,2,ou,4.50,over,ft,10.0,1
nD4zjDeE,Burgos CF,Levante,2,2,ou,4.50,under,ft,1.09,1
nD4zjDeE,Burgos CF,Levante,2,2,ou,5.50,over,ft,26.0,1
nD4zjDeE,Burgos CF,Levante,2,2,ou,5.50,under,ft,1.03,1
nD4zjDeE,Burgos CF,Levante,2,2,hc,0,home,ft,3.04,1
nD4zjDeE,Burgos CF,Levante,2,2,hc,0,away,ft,1.47,1
nD4zjDeE,Burgos CF,Levante,2,2,hc,0.50,home,ft,1.89,1
nD4zjDeE,Burgos CF,Levante,2,2,hc,0.50,away,ft,2.08,1
nD4zjDeE,Burgos CF,Levante,2,2,hc,-0.50,home,ft,4.3,1
nD4zjDeE,Burgos CF,Levante,2,2,hc,-0.50,away,ft,1.29,1
nD4zjDeE,Burgos CF,Levante,2,2,hc,0.75,home,ft,1.67,1
nD4zjDeE,Burgos CF,Levante,2,2,hc,0.75,away,ft,2.45,1
nD4zjDeE,Burgos CF,Levante,2,2,hc,-0.75,home,ft,5.97,1
nD4zjDeE,Burgos CF,Levante,2,2,hc,-0.75,away,ft,1.18,1
nD4zjDeE,Burgos CF,Levante,2,2,hc,1.00,home,ft,1.43,1
nD4zjDeE,Burgos CF,Levante,2,2,hc,1.00,away,ft,3.19,1
nD4zjDeE,Burgos CF,Levante,2,2,hc,-1.00,home,ft,10.98,1
nD4zjDeE,Burgos CF,Levante,2,2,hc,-1.00,away,ft,1.08,1
nD4zjDeE,Burgos CF,Levante,2,2,hc,1.25,home,ft,1.35,1
nD4zjDeE,Burgos CF,Levante,2,2,hc,1.25,away,ft,3.7,1
nD4zjDeE,Burgos CF,Levante,2,2,hc,-1.25,home,ft,11.99,1
nD4zjDeE,Burgos CF,Levante,2,2,hc,-1.25,away,ft,1.07,1
nD4zjDeE,Burgos CF,Levante,2,2,hc,1.50,home,ft,1.29,1
nD4zjDeE,Burgos CF,Levante,2,2,hc,1.50,away,ft,4.22,1
nD4zjDeE,Burgos CF,Levante,2,2,hc,-1.50,home,ft,13.0,1
nD4zjDeE,Burgos CF,Levante,2,2,hc,-1.50,away,ft,1.07,1
nD4zjDeE,Burgos CF,Levante,2,2,hc,1.75,home,ft,1.21,1
nD4zjDeE,Burgos CF,Levante,2,2,hc,1.75,away,ft,5.6,1
nD4zjDeE,Burgos CF,Levante,2,2,hc,-1.75,home,ft,20.04,1
nD4zjDeE,Burgos CF,Levante,2,2,hc,-1.75,away,ft,1.04,1
nD4zjDeE,Burgos CF,Levante,2,2,hc,2.00,home,ft,1.11,1
nD4zjDeE,Burgos CF,Levante,2,2,hc,2.00,away,ft,9.01,1
nD4zjDeE,Burgos CF,Levante,2,2,hc,-2.00,home,ft,45.3,1
nD4zjDeE,Burgos CF,Levante,2,2,hc,2.25,home,ft,1.1,1
nD4zjDeE,Burgos CF,Levante,2,2,hc,2.25,away,ft,9.75,1
nD4zjDeE,Burgos CF,Levante,2,2,hc,-2.25,home,ft,46.65,1
nD4zjDeE,Burgos CF,Levante,2,2,hc,2.50,home,ft,1.09,1
nD4zjDeE,Burgos CF,Levante,2,2,hc,2.50,away,ft,10.5,1
nD4zjDeE,Burgos CF,Levante,2,2,hc,-2.50,home,ft,48.0,1
nD4zjDeE,Burgos CF,Levante,2,2,hc,2.75,home,ft,1.05,1
nD4zjDeE,Burgos CF,Levante,2,2,hc,2.75,away,ft,15.3,1
nD4zjDeE,Burgos CF,Levante,2,2,hc,3.00,home,ft,1.02,1
nD4zjDeE,Burgos CF,Levante,2,2,hc,3.00,away,ft,21.58,1
nD4zjDeE,Burgos CF,Levante,2,2,hc,3.25,home,ft,1.02,1
nD4zjDeE,Burgos CF,Levante,2,2,hc,3.25,away,ft,22.16,1
nD4zjDeE,Burgos CF,Levante,2,2,hc,3.50,home,ft,1.02,1
nD4zjDeE,Burgos CF,Levante,2,2,hc,3.50,away,ft,22.75,1
nD4zjDeE,Burgos CF,Levante,2,2,hc,3.75,away,ft,22.75,1
nD4zjDeE,Burgos CF,Levante,2,2,hc,0.25,home,ft,2.25,1
nD4zjDeE,Burgos CF,Levante,2,2,hc,0.25,away,ft,1.78,1
nD4zjDeE,Burgos CF,Levante,2,2,hc,-0.25,home,ft,3.67,1
nD4zjDeE,Burgos CF,Levante,2,2,hc,-0.25,away,ft,1.36,1
nD4zjDeE,Burgos CF,Levante,2,2,dc,0,home/draw,ft,1.89,1
nD4zjDeE,Burgos CF,Levante,2,2,dc,0,home/away,ft,1.41,1
nD4zjDeE,Burgos CF,Levante,2,2,dc,0,draw/away,ft,1.29,1
hCW7X4um,Cadiz CF,Huesca,4,4,1x2,0,home,ft,2.88,1
hCW7X4um,Cadiz CF,Huesca,4,4,1x2,0,draw,ft,3.2,1
hCW7X4um,Cadiz CF,Huesca,4,4,1x2,0,away,ft,2.84,1
hCW7X4um,Cadiz CF,Huesca,4,4,ou,0.50,over,ft,1.1,1
hCW7X4um,Cadiz CF,Huesca,4,4,ou,0.50,under,ft,10.0,1
hCW7X4um,Cadiz CF,Huesca,4,4,ou,1.50,over,ft,1.43,1
hCW7X4um,Cadiz CF,Huesca,4,4,ou,1.50,under,ft,3.2,1
hCW7X4um,Cadiz CF,Huesca,4,4,ou,2.50,over,ft,2.32,1
hCW7X4um,Cadiz CF,Huesca,4,4,ou,2.50,under,ft,1.73,1
hCW7X4um,Cadiz CF,Huesca,4,4,ou,3.50,over,ft,4.5,1
hCW7X4um,Cadiz CF,Huesca,4,4,ou,3.50,under,ft,1.27,1
hCW7X4um,Cadiz CF,Huesca,4,4,ou,4.50,over,ft,10.5,1
hCW7X4um,Cadiz CF,Huesca,4,4,ou,4.50,under,ft,1.09,1
hCW7X4um,Cadiz CF,Huesca,4,4,ou,5.50,over,ft,26.0,1
hCW7X4um,Cadiz CF,Huesca,4,4,ou,5.50,under,ft,1.03,1
hCW7X4um,Cadiz CF,Huesca,4,4,ou,6.50,over,ft,60.0,1
hCW7X4um,Cadiz CF,Huesca,4,4,hc,0,home,ft,2.02,1
hCW7X4um,Cadiz CF,Huesca,4,4,hc,0,away,ft,1.97,1
hCW7X4um,Cadiz CF,Huesca,4,4,hc,0.50,home,ft,1.53,1
hCW7X4um,Cadiz CF,Huesca,4,4,hc,0.50,away,ft,2.84,1
hCW7X4um,Cadiz CF,Huesca,4,4,hc,-0.50,home,ft,2.89,1
hCW7X4um,Cadiz CF,Huesca,4,4,hc,-0.50,away,ft,1.52,1
hCW7X4um,Cadiz CF,Huesca,4,4,hc,0.75,home,ft,1.38,1
hCW7X4um,Cadiz CF,Huesca,4,4,hc,0.75,away,ft,3.59,1
hCW7X4um,Cadiz CF,Huesca,4,4,hc,-0.75,home,ft,3.68,1
hCW7X4um,Cadiz CF,Huesca,4,4,hc,-0.75,away,ft,1.36,1
hCW7X4um,Cadiz CF,Huesca,4,4,hc,1.00,home,ft,1.21,1
hCW7X4um,Cadiz CF,Huesca,4,4,hc,1.00,away,ft,5.4,1
hCW7X4um,Cadiz CF,Huesca,4,4,hc,-1.00,home,ft,5.58,1
hCW7X4um,Cadiz CF,Huesca,4,4,hc,-1.00,away,ft,1.2,1
hCW7X4um,Cadiz CF,Huesca,4,4,hc,1.25,home,ft,1.18,1
hCW7X4um,Cadiz CF,Huesca,4,4,hc,1.25,away,ft,6.1,1
hCW7X4um,Cadiz CF,Huesca,4,4,hc,-1.25,home,ft,6.29,1
hCW7X4um,Cadiz CF,Huesca,4,4,hc,-1.25,away,ft,1.17,1
hCW7X4um,Cadiz CF,Huesca,4,4,hc,1.50,home,ft,1.16,1
hCW7X4um,Cadiz CF,Huesca,4,4,hc,1.50,away,ft,6.8,1
hCW7X4um,Cadiz CF,Huesca,4,4,hc,-1.50,home,ft,7.0,1
hCW7X4um,Cadiz CF,Huesca,4,4,hc,-1.50,away,ft,1.15,1
hCW7X4um,Cadiz CF,Huesca,4,4,hc,1.75,home,ft,1.1,1
hCW7X4um,Cadiz CF,Huesca,4,4,hc,1.75,away,ft,9.76,1
hCW7X4um,Cadiz CF,Huesca,4,4,hc,-1.75,home,ft,10.03,1
hCW7X4um,Cadiz CF,Huesca,4,4,hc,-1.75,away,ft,1.09,1
hCW7X4um,Cadiz CF,Huesca,4,4,hc,2.00,home,ft,1.04,1
hCW7X4um,Cadiz CF,Huesca,4,4,hc,2.00,away,ft,18.69,1
hCW7X4um,Cadiz CF,Huesca,4,4,hc,-2.00,home,ft,17.28,1
hCW7X4um,Cadiz CF,Huesca,4,4,hc,-2.00,away,ft,1.04,1
hCW7X4um,Cadiz CF,Huesca,4,4,hc,2.25,home,ft,1.04,1
hCW7X4um,Cadiz CF,Huesca,4,4,hc,2.25,away,ft,19.71,1
hCW7X4um,Cadiz CF,Huesca,4,4,hc,-2.25,home,ft,18.14,1
hCW7X4um,Cadiz CF,Huesca,4,4,hc,-2.25,away,ft,1.04,1
hCW7X4um,Cadiz CF,Huesca,4,4,hc,2.50,home,ft,1.04,1
hCW7X4um,Cadiz CF,Huesca,4,4,hc,2.50,away,ft,20.74,1
hCW7X4um,Cadiz CF,Huesca,4,4,hc,-2.50,home,ft,19.0,1
hCW7X4um,Cadiz CF,Huesca,4,4,hc,-2.50,away,ft,1.04,1
hCW7X4um,Cadiz CF,Huesca,4,4,hc,2.75,home,ft,1.02,1
hCW7X4um,Cadiz CF,Huesca,4,4,hc,2.75,away,ft,31.48,1
hCW7X4um,Cadiz CF,Huesca,4,4,hc,-2.75,home,ft,25.45,1
hCW7X4um,Cadiz CF,Huesca,4,4,hc,-2.75,away,ft,1.02,1
hCW7X4um,Cadiz CF,Huesca,4,4,hc,3.00,away,ft,25.82,1
hCW7X4um,Cadiz CF,Huesca,4,4,hc,-3.00,home,ft,25.82,1
hCW7X4um,Cadiz CF,Huesca,4,4,hc,3.25,away,ft,26.19,1
hCW7X4um,Cadiz CF,Huesca,4,4,hc,-3.25,home,ft,26.19,1
hCW7X4um,Cadiz CF,Huesca,4,4,hc,3.50,away,ft,26.56,1
hCW7X4um,Cadiz CF,Huesca,4,4,hc,-3.50,home,ft,26.56,1
hCW7X4um,Cadiz CF,Huesca,4,4,hc,0.25,home,ft,1.7,1
hCW7X4um,Cadiz CF,Huesca,4,4,hc,0.25,away,ft,2.4,1
hCW7X4um,Cadiz CF,Huesca,4,4,hc,-0.25,home,ft,2.45,1
hCW7X4um,Cadiz CF,Huesca,4,4,hc,-0.25,away,ft,1.67,1
hCW7X4um,Cadiz CF,Huesca,4,4,dc,0,home/draw,ft,1.53,1
hCW7X4um,Cadiz CF,Huesca,4,4,dc,0,home/away,ft,1.43,1
hCW7X4um,Cadiz CF,Huesca,4,4,dc,0,draw/away,ft,1.52,1
8ltjprPh,Granada CF,Castellon,2,2,1x2,0,home,ft,1.45,1
8ltjprPh,Granada CF,Castellon,2,2,1x2,0,draw,ft,5.5,1
8ltjprPh,Granada CF,Castellon,2,2,1x2,0,away,ft,7.2,1
8ltjprPh,Granada CF,Castellon,2,2,ou,0.50,over,ft,1.03,1
8ltjprPh,Granada CF,Castellon,2,2,ou,0.50,under,ft,29.0,1
8ltjprPh,Granada CF,Castellon,2,2,ou,1.50,over,ft,1.17,1
8ltjprPh,Granada CF,Castellon,2,2,ou,1.50,under,ft,6.6,1
8ltjprPh,Granada CF,Castellon,2,2,ou,2.50,over,ft,1.51,1
8ltjprPh,Granada CF,Castellon,2,2,ou,2.50,under,ft,2.9,1
8ltjprPh,Granada CF,Castellon,2,2,ou,3.50,over,ft,2.28,1
8ltjprPh,Granada CF,Castellon,2,2,ou,3.50,under,ft,1.74,1
8ltjprPh,Granada CF,Castellon,2,2,ou,4.50,over,ft,4.0,1
8ltjprPh,Granada CF,Castellon,2,2,ou,4.50,under,ft,1.31,1
8ltjprPh,Granada CF,Castellon,2,2,ou,5.50,over,ft,8.2,1
8ltjprPh,Granada CF,Castellon,2,2,ou,5.50,under,ft,1.13,1
8ltjprPh,Granada CF,Castellon,2,2,ou,6.50,over,ft,17.5,1
8ltjprPh,Granada CF,Castellon,2,2,ou,6.50,under,ft,1.05,1
8ltjprPh,Granada CF,Castellon,2,2,ou,7.50,over,ft,42.0,1
8ltjprPh,Granada CF,Castellon,2,2,hc,0,home,ft,1.19,1
8ltjprPh,Granada CF,Castellon,2,2,hc,0,away,ft,6.11,1
8ltjprPh,Granada CF,Castellon,2,2,hc,0.50,home,ft,1.15,1
8ltjprPh,Granada CF,Castellon,2,2,hc,0.50,away,ft,7.41,1
8ltjprPh,Granada CF,Castellon,2,2,hc,-0.50,home,ft,1.44,1
8ltjprPh,Granada CF,Castellon,2,2,hc,-0.50,away,ft,3.22,1
8ltjprPh,Granada CF,Castellon,2,2,hc,0.75,home,ft,1.09,1
8ltjprPh,Granada CF,Castellon,2,2,hc,0.75,away,ft,10.29,1
8ltjprPh,Granada CF,Castellon,2,2,hc,-0.75,home,ft,1.54,1
8ltjprPh,Granada CF,Castellon,2,2,hc,-0.75,away,ft,2.8,1
8ltjprPh,Granada CF,Castellon,2,2,hc,1.00,home,ft,1.04,1
8ltjprPh,Granada CF,Castellon,2,2,hc,1.00,away,ft,17.86,1
8ltjprPh,Granada CF,Castellon,2,2,hc,-1.00,home,ft,1.7,1
8ltjprPh,Granada CF,Castellon,2,2,hc,-1.00,away,ft,2.39,1
8ltjprPh,Granada CF,Castellon,2,2,hc,1.25,home,ft,1.04,1
8ltjprPh,Granada CF,Castellon,2,2,hc,1.25,away,ft,18.68,1
8ltjprPh,Granada CF,Castellon,2,2,hc,-1.25,home,ft,1.97,1
8ltjprPh,Granada CF,Castellon,2,2,hc,-1.25,away,ft,1.98,1
8ltjprPh,Granada CF,Castellon,2,2,hc,1.50,home,ft,1.04,1
8ltjprPh,Granada CF,Castellon,2,2,hc,1.50,away,ft,19.5,1
8ltjprPh,Granada CF,Castellon,2,2,hc,-1.50,home,ft,2.25,1
8ltjprPh,Granada CF,Castellon,2,2,hc,-1.50,away,ft,1.76,1
8ltjprPh,Granada CF,Castellon,2,2,hc,1.75,home,ft,1.02,1
8ltjprPh,Granada CF,Castellon,2,2,hc,1.75,away,ft,28.92,1
8ltjprPh,Granada CF,Castellon,2,2,hc,-1.75,home,ft,2.59,1
8ltjprPh,Granada CF,Castellon,2,2,hc,-1.75,away,ft,1.58,1
8ltjprPh,Granada CF,Castellon,2,2,hc,2.00,away,ft,49.38,1
8ltjprPh,Granada CF,Castellon,2,2,hc,-2.00,home,ft,3.19,1
8ltjprPh,Granada CF,Castellon,2,2,hc,-2.00,away,ft,1.4,1
8ltjprPh,Granada CF,Castellon,2,2,hc,2.25,away,ft,50.19,1
8ltjprPh,Granada CF,Castellon,2,2,hc,-2.25,home,ft,3.57,1
8ltjprPh,Granada CF,Castellon,2,2,hc,-2.25,away,ft,1.34,1
8ltjprPh,Granada CF,Castellon,2,2,hc,2.50,away,ft,51.0,1
8ltjprPh,Granada CF,Castellon,2,2,hc,-2.50,home,ft,3.95,1
8ltjprPh,Granada CF,Castellon,2,2,hc,-2.50,away,ft,1.3,1
8ltjprPh,Granada CF,Castellon,2,2,hc,2.75,away,ft,64.49,1
8ltjprPh,Granada CF,Castellon,2,2,hc,-2.75,home,ft,4.98,1
8ltjprPh,Granada CF,Castellon,2,2,hc,-2.75,away,ft,1.22,1
8ltjprPh,Granada CF,Castellon,2,2,hc,-3.00,home,ft,7.12,1
8ltjprPh,Granada CF,Castellon,2,2,hc,-3.00,away,ft,1.14,1
8ltjprPh,Granada CF,Castellon,2,2,hc,-3.25,home,ft,7.66,1
8ltjprPh,Granada CF,Castellon,2,2,hc,-3.25,away,ft,1.13,1
8ltjprPh,Granada CF,Castellon,2,2,hc,-3.50,home,ft,8.2,1
8ltjprPh,Granada CF,Castellon,2,2,hc,-3.50,away,ft,1.12,1
8ltjprPh,Granada CF,Castellon,2,2,hc,-3.75,home,ft,8.2,1
8ltjprPh,Granada CF,Castellon,2,2,hc,-3.75,away,ft,1.08,1
8ltjprPh,Granada CF,Castellon,2,2,hc,-4.00,home,ft,8.2,1
8ltjprPh,Granada CF,Castellon,2,2,hc,-4.00,away,ft,1.04,1
8ltjprPh,Granada CF,Castellon,2,2,hc,0.25,home,ft,1.16,1
8ltjprPh,Granada CF,Castellon,2,2,hc,0.25,away,ft,6.76,1
8ltjprPh,Granada CF,Castellon,2,2,hc,-0.25,home,ft,1.31,1
8ltjprPh,Granada CF,Castellon,2,2,hc,-0.25,away,ft,4.09,1
8ltjprPh,Granada CF,Castellon,2,2,dc,0,home/draw,ft,1.15,1
8ltjprPh,Granada CF,Castellon,2,2,dc,0,home/away,ft,1.21,1
8ltjprPh,Granada CF,Castellon,2,2,dc,0,draw/away,ft,3.15,1
0dbcrMg5,Eibar,Cordoba,4,4,1x2,0,home,ft,2.14,1
0dbcrMg5,Eibar,Cordoba,4,4,1x2,0,draw,ft,3.55,1
0dbcrMg5,Eibar,Cordoba,4,4,1x2,0,away,ft,3.9,1
0dbcrMg5,Eibar,Cordoba,4,4,ou,0.50,over,ft,1.07,1
0dbcrMg5,Eibar,Cordoba,4,4,ou,0.50,under,ft,14.0,1
0dbcrMg5,Eibar,Cordoba,4,4,ou,1.50,over,ft,1.3,1
0dbcrMg5,Eibar,Cordoba,4,4,ou,1.50,under,ft,4.1,1
0dbcrMg5,Eibar,Cordoba,4,4,ou,2.50,over,ft,1.91,1
0dbcrMg5,Eibar,Cordoba,4,4,ou,2.50,under,ft,2.08,1
0dbcrMg5,Eibar,Cordoba,4,4,ou,3.50,over,ft,3.25,1
0dbcrMg5,Eibar,Cordoba,4,4,ou,3.50,under,ft,1.43,1
0dbcrMg5,Eibar,Cordoba,4,4,ou,4.50,over,ft,6.8,1
0dbcrMg5,Eibar,Cordoba,4,4,ou,4.50,under,ft,1.16,1
0dbcrMg5,Eibar,Cordoba,4,4,ou,5.50,over,ft,15.5,1
0dbcrMg5,Eibar,Cordoba,4,4,ou,5.50,under,ft,1.06,1
0dbcrMg5,Eibar,Cordoba,4,4,ou,6.50,over,ft,40.0,1
0dbcrMg5,Eibar,Cordoba,4,4,hc,0,home,ft,1.54,1
0dbcrMg5,Eibar,Cordoba,4,4,hc,0,away,ft,2.84,1
0dbcrMg5,Eibar,Cordoba,4,4,hc,0.50,home,ft,1.33,1
0dbcrMg5,Eibar,Cordoba,4,4,hc,0.50,away,ft,3.93,1
0dbcrMg5,Eibar,Cordoba,4,4,hc,-0.50,home,ft,2.14,1
0dbcrMg5,Eibar,Cordoba,4,4,hc,-0.50,away,ft,1.87,1
0dbcrMg5,Eibar,Cordoba,4,4,hc,0.75,home,ft,1.23,1
0dbcrMg5,Eibar,Cordoba,4,4,hc,0.75,away,ft,5.18,1
0dbcrMg5,Eibar,Cordoba,4,4,hc,-0.75,home,ft,2.5,1
0dbcrMg5,Eibar,Cordoba,4,4,hc,-0.75,away,ft,1.65,1
0dbcrMg5,Eibar,Cordoba,4,4,hc,1.00,home,ft,1.12,1
0dbcrMg5,Eibar,Cordoba,4,4,hc,1.00,away,ft,8.28,1
0dbcrMg5,Eibar,Cordoba,4,4,hc,-1.00,home,ft,3.19,1
0dbcrMg5,Eibar,Cordoba,4,4,hc,-1.00,away,ft,1.42,1
0dbcrMg5,Eibar,Cordoba,4,4,hc,1.25,home,ft,1.11,1
0dbcrMg5,Eibar,Cordoba,4,4,hc,1.25,away,ft,9.02,1
0dbcrMg5,Eibar,Cordoba,4,4,hc,-1.25,home,ft,3.65,1
0dbcrMg5,Eibar,Cordoba,4,4,hc,-1.25,away,ft,1.34,1
0dbcrMg5,Eibar,Cordoba,4,4,hc,1.50,home,ft,1.1,1
0dbcrMg5,Eibar,Cordoba,4,4,hc,1.50,away,ft,9.76,1
0dbcrMg5,Eibar,Cordoba,4,4,hc,-1.50,home,ft,4.12,1
0dbcrMg5,Eibar,Cordoba,4,4,hc,-1.50,away,ft,1.29,1
0dbcrMg5,Eibar,Cordoba,4,4,hc,1.75,home,ft,1.06,1
0dbcrMg5,Eibar,Cordoba,4,4,hc,1.75,away,ft,14.22,1
0dbcrMg5,Eibar,Cordoba,4,4,hc,-1.75,home,ft,5.43,1
0dbcrMg5,Eibar,Cordoba,4,4,hc,-1.75,away,ft,1.2,1
0dbcrMg5,Eibar,Cordoba,4,4,hc,2.00,home,ft,1.03,1
0dbcrMg5,Eibar,Cordoba,4,4,hc,2.00,away,ft,24.33,1
0dbcrMg5,Eibar,Cordoba,4,4,hc,-2.00,home,ft,8.64,1
0dbcrMg5,Eibar,Cordoba,4,4,hc,-2.00,away,ft,1.1,1
0dbcrMg5,Eibar,Cordoba,4,4,hc,2.25,home,ft,1.03,1
0dbcrMg5,Eibar,Cordoba,4,4,hc,2.25,away,ft,25.16,1
0dbcrMg5,Eibar,Cordoba,4,4,hc,-2.25,home,ft,9.36,1
0dbcrMg5,Eibar,Cordoba,4,4,hc,-2.25,away,ft,1.09,1
0dbcrMg5,Eibar,Cordoba,4,4,hc,2.50,home,ft,1.03,1
0dbcrMg5,Eibar,Cordoba,4,4,hc,2.50,away,ft,26.0,1
0dbcrMg5,Eibar,Cordoba,4,4,hc,-2.50,home,ft,10.09,1
0dbcrMg5,Eibar,Cordoba,4,4,hc,-2.50,away,ft,1.09,1
0dbcrMg5,Eibar,Cordoba,4,4,hc,2.75,away,ft,41.44,1
0dbcrMg5,Eibar,Cordoba,4,4,hc,-2.75,home,ft,14.36,1
0dbcrMg5,Eibar,Cordoba,4,4,hc,-2.75,away,ft,1.06,1
0dbcrMg5,Eibar,Cordoba,4,4,hc,-3.00,home,ft,26.22,1
0dbcrMg5,Eibar,Cordoba,4,4,hc,-3.00,away,ft,1.02,1
0dbcrMg5,Eibar,Cordoba,4,4,hc,-3.25,home,ft,18.96,1
0dbcrMg5,Eibar,Cordoba,4,4,hc,-3.25,away,ft,1.02,1
0dbcrMg5,Eibar,Cordoba,4,4,hc,-3.50,home,ft,19.42,1
0dbcrMg5,Eibar,Cordoba,4,4,hc,-3.50,away,ft,1.02,1
0dbcrMg5,Eibar,Cordoba,4,4,hc,-3.75,home,ft,19.42,1
0dbcrMg5,Eibar,Cordoba,4,4,hc,0.25,home,ft,1.41,1
0dbcrMg5,Eibar,Cordoba,4,4,hc,0.25,away,ft,3.38,1
0dbcrMg5,Eibar,Cordoba,4,4,hc,-0.25,home,ft,1.84,1
0dbcrMg5,Eibar,Cordoba,4,4,hc,-0.25,away,ft,2.18,1
0dbcrMg5,Eibar,Cordoba,4,4,dc,0,home/draw,ft,1.34,1
0dbcrMg5,Eibar,Cordoba,4,4,dc,0,home/away,ft,1.37,1
0dbcrMg5,Eibar,Cordoba,4,4,dc,0,draw/away,ft,1.88,1
MBn6t0OH,Zaragoza,Dep. A Coruna,1,1,1x2,0,home,ft,1.62,1
MBn6t0OH,Zaragoza,Dep. A Coruna,1,1,1x2,0,draw,ft,4.2,1
MBn6t0OH,Zaragoza,Dep. A Coruna,1,1,1x2,0,away,ft,6.4,1
MBn6t0OH,Zaragoza,Dep. A Coruna,1,1,ou,0.50,over,ft,1.06,1
MBn6t0OH,Zaragoza,Dep. A Coruna,1,1,ou,0.50,under,ft,16.0,1
MBn6t0OH,Zaragoza,Dep. A Coruna,1,1,ou,1.50,over,ft,1.27,1
MBn6t0OH,Zaragoza,Dep. A Coruna,1,1,ou,1.50,under,ft,4.6,1
MBn6t0OH,Zaragoza,Dep. A Coruna,1,1,ou,2.50,over,ft,1.81,1
MBn6t0OH,Zaragoza,Dep. A Coruna,1,1,ou,2.50,under,ft,2.18,1
MBn6t0OH,Zaragoza,Dep. A Coruna,1,1,ou,3.50,over,ft,3.05,1
MBn6t0OH,Zaragoza,Dep. A Coruna,1,1,ou,3.50,under,ft,1.47,1
MBn6t0OH,Zaragoza,Dep. A Coruna,1,1,ou,4.50,over,ft,6.0,1
MBn6t0OH,Zaragoza,Dep. A Coruna,1,1,ou,4.50,under,ft,1.18,1
MBn6t0OH,Zaragoza,Dep. A Coruna,1,1,ou,5.50,over,ft,13.5,1
MBn6t0OH,Zaragoza,Dep. A Coruna,1,1,ou,5.50,under,ft,1.07,1
MBn6t0OH,Zaragoza,Dep. A Coruna,1,1,ou,6.50,over,ft,34.0,1
MBn6t0OH,Zaragoza,Dep. A Coruna,1,1,ou,6.50,under,ft,1.02,1
MBn6t0OH,Zaragoza,Dep. A Coruna,1,1,hc,0,home,ft,1.23,1
MBn6t0OH,Zaragoza,Dep. A Coruna,1,1,hc,0,away,ft,5.04,1
MBn6t0OH,Zaragoza,Dep. A Coruna,1,1,hc,0.50,home,ft,1.17,1
MBn6t0OH,Zaragoza,Dep. A Coruna,1,1,hc,0.50,away,ft,6.6,1
MBn6t0OH,Zaragoza,Dep. A Coruna,1,1,hc,-0.50,home,ft,1.62,1
MBn6t0OH,Zaragoza,Dep. A Coruna,1,1,hc,-0.50,away,ft,2.58,1
MBn6t0OH,Zaragoza,Dep. A Coruna,1,1,hc,0.75,home,ft,1.11,1
MBn6t0OH,Zaragoza,Dep. A Coruna,1,1,hc,0.75,away,ft,9.19,1
MBn6t0OH,Zaragoza,Dep. A Coruna,1,1,hc,-0.75,home,ft,1.77,1
MBn6t0OH,Zaragoza,Dep. A Coruna,1,1,hc,-0.75,away,ft,2.25,1
MBn6t0OH,Zaragoza,Dep. A Coruna,1,1,hc,1.00,home,ft,1.05,1
MBn6t0OH,Zaragoza,Dep. A Coruna,1,1,hc,1.00,away,ft,16.27,1
MBn6t0OH,Zaragoza,Dep. A Coruna,1,1,hc,-1.00,home,ft,2.02,1
MBn6t0OH,Zaragoza,Dep. A Coruna,1,1,hc,-1.00,away,ft,1.93,1
MBn6t0OH,Zaragoza,Dep. A Coruna,1,1,hc,1.25,home,ft,1.05,1
MBn6t0OH,Zaragoza,Dep. A Coruna,1,1,hc,1.25,away,ft,17.13,1
MBn6t0OH,Zaragoza,Dep. A Coruna,1,1,hc,-1.25,home,ft,2.33,1
MBn6t0OH,Zaragoza,Dep. A Coruna,1,1,hc,-1.25,away,ft,1.7,1
MBn6t0OH,Zaragoza,Dep. A Coruna,1,1,hc,1.50,home,ft,1.04,1
MBn6t0OH,Zaragoza,Dep. A Coruna,1,1,hc,1.50,away,ft,18.0,1
MBn6t0OH,Zaragoza,Dep. A Coruna,1,1,hc,-1.50,home,ft,2.64,1
MBn6t0OH,Zaragoza,Dep. A Coruna,1,1,hc,-1.50,away,ft,1.56,1
MBn6t0OH,Zaragoza,Dep. A Coruna,1,1,hc,1.75,home,ft,1.02,1
MBn6t0OH,Zaragoza,Dep. A Coruna,1,1,hc,1.75,away,ft,18.0,1
MBn6t0OH,Zaragoza,Dep. A Coruna,1,1,hc,-1.75,home,ft,3.2,1
MBn6t0OH,Zaragoza,Dep. A Coruna,1,1,hc,-1.75,away,ft,1.41,1
MBn6t0OH,Zaragoza,Dep. A Coruna,1,1,hc,-2.00,home,ft,4.28,1
MBn6t0OH,Zaragoza,Dep. A Coruna,1,1,hc,-2.00,away,ft,1.26,1
MBn6t0OH,Zaragoza,Dep. A Coruna,1,1,hc,-2.25,home,ft,4.7,1
MBn6t0OH,Zaragoza,Dep. A Coruna,1,1,hc,-2.25,away,ft,1.22,1
MBn6t0OH,Zaragoza,Dep. A Coruna,1,1,hc,-2.50,home,ft,5.12,1
MBn6t0OH,Zaragoza,Dep. A Coruna,1,1,hc,-2.50,away,ft,1.2,1
MBn6t0OH,Zaragoza,Dep. A Coruna,1,1,hc,-2.75,home,ft,6.79,1
MBn6t0OH,Zaragoza,Dep. A Coruna,1,1,hc,-2.75,away,ft,1.13,1
MBn6t0OH,Zaragoza,Dep. A Coruna,1,1,hc,-3.00,home,ft,9.54,1
MBn6t0OH,Zaragoza,Dep. A Coruna,1,1,hc,-3.00,away,ft,1.07,1
MBn6t0OH,Zaragoza,Dep. A Coruna,1,1,hc,-3.25,home,ft,7.99,1
MBn6t0OH,Zaragoza,Dep. A Coruna,1,1,hc,-3.25,away,ft,1.07,1
MBn6t0OH,Zaragoza,Dep. A Coruna,1,1,hc,-3.50,home,ft,8.14,1
MBn6t0OH,Zaragoza,Dep. A Coruna,1,1,hc,-3.50,away,ft,1.07,1
MBn6t0OH,Zaragoza,Dep. A Coruna,1,1,hc,-3.75,home,ft,10.24,1
MBn6t0OH,Zaragoza,Dep. A Coruna,1,1,hc,-3.75,away,ft,1.04,1
MBn6t0OH,Zaragoza,Dep. A Coruna,1,1,hc,0.25,home,ft,1.2,1
MBn6t0OH,Zaragoza,Dep. A Coruna,1,1,hc,0.25,away,ft,5.82,1
MBn6t0OH,Zaragoza,Dep. A Coruna,1,1,hc,-0.25,home,ft,1.42,1
MBn6t0OH,Zaragoza,Dep. A Coruna,1,1,hc,-0.25,away,ft,3.28,1
MBn6t0OH,Zaragoza,Dep. A Coruna,1,1,dc,0,home/draw,ft,1.17,1
MBn6t0OH,Zaragoza,Dep. A Coruna,1,1,dc,0,home/away,ft,1.3,1
MBn6t0OH,Zaragoza,Dep. A Coruna,1,1,dc,0,draw/away,ft,2.56,1
ERKGVrAa,Elche,Malaga,2,2,1x2,0,home,ft,1.35,1
ERKGVrAa,Elche,Malaga,2,2,1x2,0,draw,ft,5.5,1
ERKGVrAa,Elche,Malaga,2,2,1x2,0,away,ft,11.5,1
ERKGVrAa,Elche,Malaga,2,2,ou,0.50,over,ft,1.06,1
ERKGVrAa,Elche,Malaga,2,2,ou,0.50,under,ft,15.0,1
ERKGVrAa,Elche,Malaga,2,2,ou,1.50,over,ft,1.31,1
ERKGVrAa,Elche,Malaga,2,2,ou,1.50,under,ft,4.0,1
ERKGVrAa,Elche,Malaga,2,2,ou,2.50,over,ft,1.94,1
ERKGVrAa,Elche,Malaga,2,2,ou,2.50,under,ft,2.02,1
ERKGVrAa,Elche,Malaga,2,2,ou,3.50,over,ft,3.45,1
ERKGVrAa,Elche,Malaga,2,2,ou,3.50,under,ft,1.38,1
ERKGVrAa,Elche,Malaga,2,2,ou,4.50,over,ft,7.2,1
ERKGVrAa,Elche,Malaga,2,2,ou,4.50,under,ft,1.15,1
ERKGVrAa,Elche,Malaga,2,2,ou,5.50,over,ft,17.5,1
ERKGVrAa,Elche,Malaga,2,2,ou,5.50,under,ft,1.05,1
ERKGVrAa,Elche,Malaga,2,2,ou,6.50,over,ft,46.0,1
ERKGVrAa,Elche,Malaga,2,2,hc,0,home,ft,1.1,1
ERKGVrAa,Elche,Malaga,2,2,hc,0,away,ft,9.66,1
ERKGVrAa,Elche,Malaga,2,2,hc,0.50,home,ft,1.08,1
ERKGVrAa,Elche,Malaga,2,2,hc,0.50,away,ft,11.78,1
ERKGVrAa,Elche,Malaga,2,2,hc,-0.50,home,ft,1.35,1
ERKGVrAa,Elche,Malaga,2,2,hc,-0.50,away,ft,3.77,1
ERKGVrAa,Elche,Malaga,2,2,hc,0.75,home,ft,1.05,1
ERKGVrAa,Elche,Malaga,2,2,hc,0.75,away,ft,18.76,1
ERKGVrAa,Elche,Malaga,2,2,hc,-0.75,home,ft,1.43,1
ERKGVrAa,Elche,Malaga,2,2,hc,-0.75,away,ft,3.24,1
ERKGVrAa,Elche,Malaga,2,2,hc,1.00,away,ft,44.88,1
ERKGVrAa,Elche,Malaga,2,2,hc,-1.00,home,ft,1.56,1
ERKGVrAa,Elche,Malaga,2,2,hc,-1.00,away,ft,2.71,1
ERKGVrAa,Elche,Malaga,2,2,hc,1.25,away,ft,46.44,1
ERKGVrAa,Elche,Malaga,2,2,hc,-1.25,home,ft,1.85,1
ERKGVrAa,Elche,Malaga,2,2,hc,-1.25,away,ft,2.11,1
ERKGVrAa,Elche,Malaga,2,2,hc,1.50,away,ft,48.0,1
ERKGVrAa,Elche,Malaga,2,2,hc,-1.50,home,ft,2.13,1
ERKGVrAa,Elche,Malaga,2,2,hc,-1.50,away,ft,1.83,1
ERKGVrAa,Elche,Malaga,2,2,hc,1.75,away,ft,78.76,1
ERKGVrAa,Elche,Malaga,2,2,hc,-1.75,home,ft,2.48,1
ERKGVrAa,Elche,Malaga,2,2,hc,-1.75,away,ft,1.63,1
ERKGVrAa,Elche,Malaga,2,2,hc,-2.00,home,ft,3.14,1
ERKGVrAa,Elche,Malaga,2,2,hc,-2.00,away,ft,1.42,1
ERKGVrAa,Elche,Malaga,2,2,hc,-2.25,home,ft,3.57,1
ERKGVrAa,Elche,Malaga,2,2,hc,-2.25,away,ft,1.35,1
ERKGVrAa,Elche,Malaga,2,2,hc,-2.50,home,ft,3.98,1
ERKGVrAa,Elche,Malaga,2,2,hc,-2.50,away,ft,1.3,1
ERKGVrAa,Elche,Malaga,2,2,hc,-2.75,home,ft,5.18,1
ERKGVrAa,Elche,Malaga,2,2,hc,-2.75,away,ft,1.21,1
ERKGVrAa,Elche,Malaga,2,2,hc,-3.00,home,ft,7.92,1
ERKGVrAa,Elche,Malaga,2,2,hc,-3.00,away,ft,1.12,1
ERKGVrAa,Elche,Malaga,2,2,hc,-3.25,home,ft,8.23,1
ERKGVrAa,Elche,Malaga,2,2,hc,-3.25,away,ft,1.11,1
ERKGVrAa,Elche,Malaga,2,2,hc,-3.50,home,ft,8.8,1
ERKGVrAa,Elche,Malaga,2,2,hc,-3.50,away,ft,1.1,1
ERKGVrAa,Elche,Malaga,2,2,hc,-3.75,home,ft,9.15,1
ERKGVrAa,Elche,Malaga,2,2,hc,-3.75,away,ft,1.06,1
ERKGVrAa,Elche,Malaga,2,2,hc,-4.00,home,ft,9.08,1
ERKGVrAa,Elche,Malaga,2,2,hc,0.25,home,ft,1.09,1
ERKGVrAa,Elche,Malaga,2,2,hc,0.25,away,ft,10.72,1
ERKGVrAa,Elche,Malaga,2,2,hc,-0.25,home,ft,1.23,1
ERKGVrAa,Elche,Malaga,2,2,hc,-0.25,away,ft,5.2,1
ERKGVrAa,Elche,Malaga,2,2,dc,0,home/draw,ft,1.08,1
ERKGVrAa,Elche,Malaga,2,2,dc,0,home/away,ft,1.21,1
ERKGVrAa,Elche,Malaga,2,2,dc,0,draw/away,ft,3.75,1
0rJOTMvC,Eldense,Racing Santander,3,3,1x2,0,home,ft,2.88,1
0rJOTMvC,Eldense,Racing Santander,3,3,1x2,0,draw,ft,3.8,1
0rJOTMvC,Eldense,Racing Santander,3,3,1x2,0,away,ft,2.52,1
0rJOTMvC,Eldense,Racing Santander,3,3,ou,0.50,over,ft,1.04,1
0rJOTMvC,Eldense,Racing Santander,3,3,ou,0.50,under,ft,18.0,1
0rJOTMvC,Eldense,Racing Santander,3,3,ou,1.50,over,ft,1.21,1
0rJOTMvC,Eldense,Racing Santander,3,3,ou,1.50,under,ft,5.3,1
0rJOTMvC,Eldense,Racing Santander,3,3,ou,2.50,over,ft,1.67,1
0rJOTMvC,Eldense,Racing Santander,3,3,ou,2.50,under,ft,2.44,1
0rJOTMvC,Eldense,Racing Santander,3,3,ou,3.50,over,ft,2.66,1
0rJOTMvC,Eldense,Racing Santander,3,3,ou,3.50,under,ft,1.57,1
0rJOTMvC,Eldense,Racing Santander,3,3,ou,4.50,over,ft,5.0,1
0rJOTMvC,Eldense,Racing Santander,3,3,ou,4.50,under,ft,1.23,1
0rJOTMvC,Eldense,Racing Santander,3,3,ou,5.50,over,ft,10.0,1
0rJOTMvC,Eldense,Racing Santander,3,3,ou,5.50,under,ft,1.09,1
0rJOTMvC,Eldense,Racing Santander,3,3,ou,6.50,over,ft,26.0,1
0rJOTMvC,Eldense,Racing Santander,3,3,ou,6.50,under,ft,1.03,1
0rJOTMvC,Eldense,Racing Santander,3,3,ou,7.50,over,ft,60.0,1
0rJOTMvC,Eldense,Racing Santander,3,3,hc,0,home,ft,2.12,1
0rJOTMvC,Eldense,Racing Santander,3,3,hc,0,away,ft,1.86,1
0rJOTMvC,Eldense,Racing Santander,3,3,hc,0.50,home,ft,1.64,1
0rJOTMvC,Eldense,Racing Santander,3,3,hc,0.50,away,ft,2.52,1
0rJOTMvC,Eldense,Racing Santander,3,3,hc,-0.50,home,ft,2.88,1
0rJOTMvC,Eldense,Racing Santander,3,3,hc,-0.50,away,ft,1.52,1
0rJOTMvC,Eldense,Racing Santander,3,3,hc,0.75,home,ft,1.47,1
0rJOTMvC,Eldense,Racing Santander,3,3,hc,0.75,away,ft,3.0,1
0rJOTMvC,Eldense,Racing Santander,3,3,hc,-0.75,home,ft,3.52,1
0rJOTMvC,Eldense,Racing Santander,3,3,hc,-0.75,away,ft,1.38,1
0rJOTMvC,Eldense,Racing Santander,3,3,hc,1.00,home,ft,1.31,1
0rJOTMvC,Eldense,Racing Santander,3,3,hc,1.00,away,ft,3.95,1
0rJOTMvC,Eldense,Racing Santander,3,3,hc,-1.00,home,ft,4.82,1
0rJOTMvC,Eldense,Racing Santander,3,3,hc,-1.00,away,ft,1.23,1
0rJOTMvC,Eldense,Racing Santander,3,3,hc,1.25,home,ft,1.26,1
0rJOTMvC,Eldense,Racing Santander,3,3,hc,1.25,away,ft,4.42,1
0rJOTMvC,Eldense,Racing Santander,3,3,hc,-1.25,home,ft,5.33,1
0rJOTMvC,Eldense,Racing Santander,3,3,hc,-1.25,away,ft,1.2,1
0rJOTMvC,Eldense,Racing Santander,3,3,hc,1.50,home,ft,1.23,1
0rJOTMvC,Eldense,Racing Santander,3,3,hc,1.50,away,ft,4.9,1
0rJOTMvC,Eldense,Racing Santander,3,3,hc,-1.50,home,ft,5.85,1
0rJOTMvC,Eldense,Racing Santander,3,3,hc,-1.50,away,ft,1.18,1
0rJOTMvC,Eldense,Racing Santander,3,3,hc,1.75,home,ft,1.16,1
0rJOTMvC,Eldense,Racing Santander,3,3,hc,1.75,away,ft,6.53,1
0rJOTMvC,Eldense,Racing Santander,3,3,hc,-1.75,home,ft,7.88,1
0rJOTMvC,Eldense,Racing Santander,3,3,hc,-1.75,away,ft,1.12,1
0rJOTMvC,Eldense,Racing Santander,3,3,hc,2.00,home,ft,1.09,1
0rJOTMvC,Eldense,Racing Santander,3,3,hc,2.00,away,ft,10.15,1
0rJOTMvC,Eldense,Racing Santander,3,3,hc,-2.00,home,ft,13.04,1
0rJOTMvC,Eldense,Racing Santander,3,3,hc,-2.00,away,ft,1.06,1
0rJOTMvC,Eldense,Racing Santander,3,3,hc,2.25,home,ft,1.08,1
0rJOTMvC,Eldense,Racing Santander,3,3,hc,2.25,away,ft,10.82,1
0rJOTMvC,Eldense,Racing Santander,3,3,hc,-2.25,home,ft,13.77,1
0rJOTMvC,Eldense,Racing Santander,3,3,hc,-2.25,away,ft,1.06,1
0rJOTMvC,Eldense,Racing Santander,3,3,hc,2.50,home,ft,1.08,1
0rJOTMvC,Eldense,Racing Santander,3,3,hc,2.50,away,ft,11.5,1
0rJOTMvC,Eldense,Racing Santander,3,3,hc,-2.50,home,ft,14.5,1
0rJOTMvC,Eldense,Racing Santander,3,3,hc,-2.50,away,ft,1.06,1
0rJOTMvC,Eldense,Racing Santander,3,3,hc,2.75,home,ft,1.05,1
0rJOTMvC,Eldense,Racing Santander,3,3,hc,2.75,away,ft,16.44,1
0rJOTMvC,Eldense,Racing Santander,3,3,hc,-2.75,home,ft,14.5,1
0rJOTMvC,Eldense,Racing Santander,3,3,hc,-2.75,away,ft,1.03,1
0rJOTMvC,Eldense,Racing Santander,3,3,hc,3.00,home,ft,1.02,1
0rJOTMvC,Eldense,Racing Santander,3,3,hc,3.00,away,ft,11.62,1
0rJOTMvC,Eldense,Racing Santander,3,3,hc,-3.00,home,ft,14.5,1
0rJOTMvC,Eldense,Racing Santander,3,3,hc,3.25,away,ft,11.63,1
0rJOTMvC,Eldense,Racing Santander,3,3,hc,-3.25,home,ft,14.5,1
0rJOTMvC,Eldense,Racing Santander,3,3,hc,3.50,away,ft,11.63,1
0rJOTMvC,Eldense,Racing Santander,3,3,hc,-3.50,home,ft,14.5,1
0rJOTMvC,Eldense,Racing Santander,3,3,hc,3.75,away,ft,11.63,1
0rJOTMvC,Eldense,Racing Santander,3,3,hc,-3.75,home,ft,14.5,1
0rJOTMvC,Eldense,Racing Santander,3,3,hc,0.25,home,ft,1.81,1
0rJOTMvC,Eldense,Racing Santander,3,3,hc,0.25,away,ft,2.19,1
0rJOTMvC,Eldense,Racing Santander,3,3,hc,-0.25,home,ft,2.5,1
0rJOTMvC,Eldense,Racing Santander,3,3,hc,-0.25,away,ft,1.64,1
0rJOTMvC,Eldense,Racing Santander,3,3,dc,0,home/draw,ft,1.64,1
0rJOTMvC,Eldense,Racing Santander,3,3,dc,0,home/away,ft,1.35,1
0rJOTMvC,Eldense,Racing Santander,3,3,dc,0,draw/away,ft,1.52,1
CMnsn4ft,Gijon,FC Cartagena SAD,3,3,1x2,0,home,ft,1.38,1
CMnsn4ft,Gijon,FC Cartagena SAD,3,3,1x2,0,draw,ft,5.3,1
CMnsn4ft,Gijon,FC Cartagena SAD,3,3,1x2,0,away,ft,9.8,1
CMnsn4ft,Gijon,FC Cartagena SAD,3,3,ou,0.50,over,ft,1.04,1
CMnsn4ft,Gijon,FC Cartagena SAD,3,3,ou,0.50,under,ft,20.0,1
CMnsn4ft,Gijon,FC Cartagena SAD,3,3,ou,1.50,over,ft,1.23,1
CMnsn4ft,Gijon,FC Cartagena SAD,3,3,ou,1.50,under,ft,5.1,1
CMnsn4ft,Gijon,FC Cartagena SAD,3,3,ou,2.50,over,ft,1.7,1
CMnsn4ft,Gijon,FC Cartagena SAD,3,3,ou,2.50,under,ft,2.38,1
CMnsn4ft,Gijon,FC Cartagena SAD,3,3,ou,3.50,over,ft,2.72,1
CMnsn4ft,Gijon,FC Cartagena SAD,3,3,ou,3.50,under,ft,1.56,1
CMnsn4ft,Gijon,FC Cartagena SAD,3,3,ou,4.50,over,ft,5.2,1
CMnsn4ft,Gijon,FC Cartagena SAD,3,3,ou,4.50,under,ft,1.23,1
CMnsn4ft,Gijon,FC Cartagena SAD,3,3,ou,5.50,over,ft,11.5,1
CMnsn4ft,Gijon,FC Cartagena SAD,3,3,ou,5.50,under,ft,1.08,1
CMnsn4ft,Gijon,FC Cartagena SAD,3,3,ou,6.50,over,ft,28.0,1
CMnsn4ft,Gijon,FC Cartagena SAD,3,3,ou,6.50,under,ft,1.03,1
CMnsn4ft,Gijon,FC Cartagena SAD,3,3,hc,0,home,ft,1.13,1
CMnsn4ft,Gijon,FC Cartagena SAD,3,3,hc,0,away,ft,8.14,1
CMnsn4ft,Gijon,FC Cartagena SAD,3,3,hc,0.50,home,ft,1.1,1
CMnsn4ft,Gijon,FC Cartagena SAD,3,3,hc,0.50,away,ft,10.0,1
CMnsn4ft,Gijon,FC Cartagena SAD,3,3,hc,-0.50,home,ft,1.39,1
CMnsn4ft,Gijon,FC Cartagena SAD,3,3,hc,-0.50,away,ft,3.5,1
CMnsn4ft,Gijon,FC Cartagena SAD,3,3,hc,0.75,home,ft,1.06,1
CMnsn4ft,Gijon,FC Cartagena SAD,3,3,hc,0.75,away,ft,14.9,1
CMnsn4ft,Gijon,FC Cartagena SAD,3,3,hc,-0.75,home,ft,1.47,1
CMnsn4ft,Gijon,FC Cartagena SAD,3,3,hc,-0.75,away,ft,3.05,1
CMnsn4ft,Gijon,FC Cartagena SAD,3,3,hc,1.00,home,ft,1.03,1
CMnsn4ft,Gijon,FC Cartagena SAD,3,3,hc,1.00,away,ft,31.6,1
CMnsn4ft,Gijon,FC Cartagena SAD,3,3,hc,-1.00,home,ft,1.6,1
CMnsn4ft,Gijon,FC Cartagena SAD,3,3,hc,-1.00,away,ft,2.61,1
CMnsn4ft,Gijon,FC Cartagena SAD,3,3,hc,1.25,home,ft,1.02,1
CMnsn4ft,Gijon,FC Cartagena SAD,3,3,hc,1.25,away,ft,32.8,1
CMnsn4ft,Gijon,FC Cartagena SAD,3,3,hc,-1.25,home,ft,1.86,1
CMnsn4ft,Gijon,FC Cartagena SAD,3,3,hc,-1.25,away,ft,2.12,1
CMnsn4ft,Gijon,FC Cartagena SAD,3,3,hc,1.50,home,ft,1.02,1
CMnsn4ft,Gijon,FC Cartagena SAD,3,3,hc,1.50,away,ft,34.0,1
CMnsn4ft,Gijon,FC Cartagena SAD,3,3,hc,-1.50,home,ft,2.13,1
CMnsn4ft,Gijon,FC Cartagena SAD,3,3,hc,-1.50,away,ft,1.85,1
CMnsn4ft,Gijon,FC Cartagena SAD,3,3,hc,1.75,away,ft,34.0,1
CMnsn4ft,Gijon,FC Cartagena SAD,3,3,hc,-1.75,home,ft,2.44,1
CMnsn4ft,Gijon,FC Cartagena SAD,3,3,hc,-1.75,away,ft,1.65,1
CMnsn4ft,Gijon,FC Cartagena SAD,3,3,hc,-2.00,home,ft,2.96,1
CMnsn4ft,Gijon,FC Cartagena SAD,3,3,hc,-2.00,away,ft,1.45,1
CMnsn4ft,Gijon,FC Cartagena SAD,3,3,hc,-2.25,home,ft,3.28,1
CMnsn4ft,Gijon,FC Cartagena SAD,3,3,hc,-2.25,away,ft,1.37,1
CMnsn4ft,Gijon,FC Cartagena SAD,3,3,hc,-2.50,home,ft,3.61,1
CMnsn4ft,Gijon,FC Cartagena SAD,3,3,hc,-2.50,away,ft,1.32,1
CMnsn4ft,Gijon,FC Cartagena SAD,3,3,hc,-2.75,home,ft,4.63,1
CMnsn4ft,Gijon,FC Cartagena SAD,3,3,hc,-2.75,away,ft,1.24,1
CMnsn4ft,Gijon,FC Cartagena SAD,3,3,hc,-3.00,home,ft,6.59,1
CMnsn4ft,Gijon,FC Cartagena SAD,3,3,hc,-3.00,away,ft,1.14,1
CMnsn4ft,Gijon,FC Cartagena SAD,3,3,hc,-3.25,home,ft,6.88,1
CMnsn4ft,Gijon,FC Cartagena SAD,3,3,hc,-3.25,away,ft,1.13,1
CMnsn4ft,Gijon,FC Cartagena SAD,3,3,hc,-3.50,home,ft,7.26,1
CMnsn4ft,Gijon,FC Cartagena SAD,3,3,hc,-3.50,away,ft,1.12,1
CMnsn4ft,Gijon,FC Cartagena SAD,3,3,hc,-3.75,home,ft,10.1,1
CMnsn4ft,Gijon,FC Cartagena SAD,3,3,hc,-3.75,away,ft,1.08,1
CMnsn4ft,Gijon,FC Cartagena SAD,3,3,hc,-4.00,home,ft,7.77,1
CMnsn4ft,Gijon,FC Cartagena SAD,3,3,hc,-4.00,away,ft,1.04,1
CMnsn4ft,Gijon,FC Cartagena SAD,3,3,hc,0.25,home,ft,1.11,1
CMnsn4ft,Gijon,FC Cartagena SAD,3,3,hc,0.25,away,ft,9.07,1
CMnsn4ft,Gijon,FC Cartagena SAD,3,3,hc,-0.25,home,ft,1.26,1
CMnsn4ft,Gijon,FC Cartagena SAD,3,3,hc,-0.25,away,ft,4.7,1
CMnsn4ft,Gijon,FC Cartagena SAD,3,3,dc,0,home/draw,ft,1.1,1
CMnsn4ft,Gijon,FC Cartagena SAD,3,3,dc,0,home/away,ft,1.22,1
CMnsn4ft,Gijon,FC Cartagena SAD,3,3,dc,0,draw/away,ft,3.45,1
UyjEvvgU,Tenerife,Oviedo,0,0,1x2,0,home,ft,3.45,1
UyjEvvgU,Tenerife,Oviedo,0,0,1x2,0,draw,ft,3.0,1
UyjEvvgU,Tenerife,Oviedo,0,0,1x2,0,away,ft,2.58,1
UyjEvvgU,Tenerife,Oviedo,0,0,ou,0.50,over,ft,1.14,1
UyjEvvgU,Tenerife,Oviedo,0,0,ou,0.50,under,ft,7.8,1
UyjEvvgU,Tenerife,Oviedo,0,0,ou,1.50,over,ft,1.59,1
UyjEvvgU,Tenerife,Oviedo,0,0,ou,1.50,under,ft,2.62,1
UyjEvvgU,Tenerife,Oviedo,0,0,ou,2.50,over,ft,2.82,1
UyjEvvgU,Tenerife,Oviedo,0,0,ou,2.50,under,ft,1.53,1
UyjEvvgU,Tenerife,Oviedo,0,0,ou,3.50,over,ft,5.9,1
UyjEvvgU,Tenerife,Oviedo,0,0,ou,3.50,under,ft,1.18,1
UyjEvvgU,Tenerife,Oviedo,0,0,ou,4.50,over,ft,15.5,1
UyjEvvgU,Tenerife,Oviedo,0,0,ou,4.50,under,ft,1.06,1
UyjEvvgU,Tenerife,Oviedo,0,0,ou,5.50,over,ft,40.0,1
UyjEvvgU,Tenerife,Oviedo,0,0,ou,5.50,under,ft,1.02,1
UyjEvvgU,Tenerife,Oviedo,0,0,hc,0,home,ft,2.31,1
UyjEvvgU,Tenerife,Oviedo,0,0,hc,0,away,ft,1.73,1
UyjEvvgU,Tenerife,Oviedo,0,0,hc,0.50,home,ft,1.61,1
UyjEvvgU,Tenerife,Oviedo,0,0,hc,0.50,away,ft,2.58,1
UyjEvvgU,Tenerife,Oviedo,0,0,hc,-0.50,home,ft,3.45,1
UyjEvvgU,Tenerife,Oviedo,0,0,hc,-0.50,away,ft,1.39,1
UyjEvvgU,Tenerife,Oviedo,0,0,hc,0.75,home,ft,1.42,1
UyjEvvgU,Tenerife,Oviedo,0,0,hc,0.75,away,ft,3.25,1
UyjEvvgU,Tenerife,Oviedo,0,0,hc,-0.75,home,ft,4.68,1
UyjEvvgU,Tenerife,Oviedo,0,0,hc,-0.75,away,ft,1.26,1
UyjEvvgU,Tenerife,Oviedo,0,0,hc,1.00,home,ft,1.22,1
UyjEvvgU,Tenerife,Oviedo,0,0,hc,1.00,away,ft,4.91,1
UyjEvvgU,Tenerife,Oviedo,0,0,hc,-1.00,home,ft,8.1,1
UyjEvvgU,Tenerife,Oviedo,0,0,hc,-1.00,away,ft,1.12,1
UyjEvvgU,Tenerife,Oviedo,0,0,hc,1.25,home,ft,1.18,1
UyjEvvgU,Tenerife,Oviedo,0,0,hc,1.25,away,ft,5.65,1
UyjEvvgU,Tenerife,Oviedo,0,0,hc,-1.25,home,ft,9.05,1
UyjEvvgU,Tenerife,Oviedo,0,0,hc,-1.25,away,ft,1.1,1
UyjEvvgU,Tenerife,Oviedo,0,0,hc,1.50,home,ft,1.16,1
UyjEvvgU,Tenerife,Oviedo,0,0,hc,1.50,away,ft,6.4,1
UyjEvvgU,Tenerife,Oviedo,0,0,hc,-1.50,home,ft,10.0,1
UyjEvvgU,Tenerife,Oviedo,0,0,hc,-1.50,away,ft,1.09,1
UyjEvvgU,Tenerife,Oviedo,0,0,hc,1.75,home,ft,1.1,1
UyjEvvgU,Tenerife,Oviedo,0,0,hc,1.75,away,ft,7.4,1
UyjEvvgU,Tenerife,Oviedo,0,0,hc,-1.75,home,ft,10.0,1
UyjEvvgU,Tenerife,Oviedo,0,0,hc,-1.75,away,ft,1.05,1
UyjEvvgU,Tenerife,Oviedo,0,0,hc,2.00,home,ft,1.05,1
UyjEvvgU,Tenerife,Oviedo,0,0,hc,2.00,away,ft,6.4,1
UyjEvvgU,Tenerife,Oviedo,0,0,hc,2.25,home,ft,1.04,1
UyjEvvgU,Tenerife,Oviedo,0,0,hc,2.25,away,ft,6.4,1
UyjEvvgU,Tenerife,Oviedo,0,0,hc,2.50,home,ft,1.04,1
UyjEvvgU,Tenerife,Oviedo,0,0,hc,2.50,away,ft,6.4,1
UyjEvvgU,Tenerife,Oviedo,0,0,hc,2.75,home,ft,1.02,1
UyjEvvgU,Tenerife,Oviedo,0,0,hc,2.75,away,ft,6.4,1
UyjEvvgU,Tenerife,Oviedo,0,0,hc,0.25,home,ft,1.84,1
UyjEvvgU,Tenerife,Oviedo,0,0,hc,0.25,away,ft,2.15,1
UyjEvvgU,Tenerife,Oviedo,0,0,hc,-0.25,home,ft,2.88,1
UyjEvvgU,Tenerife,Oviedo,0,0,hc,-0.25,away,ft,1.51,1
UyjEvvgU,Tenerife,Oviedo,0,0,dc,0,home/draw,ft,1.61,1
UyjEvvgU,Tenerife,Oviedo,0,0,dc,0,home/away,ft,1.48,1
UyjEvvgU,Tenerife,Oviedo,0,0,dc,0,draw/away,ft,1.39,1
Uyzjr1x8,Albacete,Racing Club Ferrol,2,2,1x2,0,home,ft,1.68,1
Uyzjr1x8,Albacete,Racing Club Ferrol,2,2,1x2,0,draw,ft,4.4,1
Uyzjr1x8,Albacete,Racing Club Ferrol,2,2,1x2,0,away,ft,5.5,1
Uyzjr1x8,Albacete,Racing Club Ferrol,2,2,ou,0.50,over,ft,1.06,1
Uyzjr1x8,Albacete,Racing Club Ferrol,2,2,ou,0.50,under,ft,16.0,1
Uyzjr1x8,Albacete,Racing Club Ferrol,2,2,ou,1.50,over,ft,1.27,1
Uyzjr1x8,Albacete,Racing Club Ferrol,2,2,ou,1.50,under,ft,4.4,1
Uyzjr1x8,Albacete,Racing Club Ferrol,2,2,ou,2.50,over,ft,1.83,1
Uyzjr1x8,Albacete,Racing Club Ferrol,2,2,ou,2.50,under,ft,2.14,1
Uyzjr1x8,Albacete,Racing Club Ferrol,2,2,ou,3.50,over,ft,3.15,1
Uyzjr1x8,Albacete,Racing Club Ferrol,2,2,ou,3.50,under,ft,1.44,1
Uyzjr1x8,Albacete,Racing Club Ferrol,2,2,ou,4.50,over,ft,6.2,1
Uyzjr1x8,Albacete,Racing Club Ferrol,2,2,ou,4.50,under,ft,1.17,1
Uyzjr1x8,Albacete,Racing Club Ferrol,2,2,ou,5.50,over,ft,14.5,1
Uyzjr1x8,Albacete,Racing Club Ferrol,2,2,ou,5.50,under,ft,1.06,1
Uyzjr1x8,Albacete,Racing Club Ferrol,2,2,ou,6.50,over,ft,32.0,1
Uyzjr1x8,Albacete,Racing Club Ferrol,2,2,ou,6.50,under,ft,1.02,1
Uyzjr1x8,Albacete,Racing Club Ferrol,2,2,ou,7.50,over,ft,95.0,1
Uyzjr1x8,Albacete,Racing Club Ferrol,2,2,hc,0,home,ft,1.29,1
Uyzjr1x8,Albacete,Racing Club Ferrol,2,2,hc,0,away,ft,4.28,1
Uyzjr1x8,Albacete,Racing Club Ferrol,2,2,hc,0.50,home,ft,1.21,1
Uyzjr1x8,Albacete,Racing Club Ferrol,2,2,hc,0.50,away,ft,5.54,1
Uyzjr1x8,Albacete,Racing Club Ferrol,2,2,hc,-0.50,home,ft,1.68,1
Uyzjr1x8,Albacete,Racing Club Ferrol,2,2,hc,-0.50,away,ft,2.45,1
Uyzjr1x8,Albacete,Racing Club Ferrol,2,2,hc,0.75,home,ft,1.14,1
Uyzjr1x8,Albacete,Racing Club Ferrol,2,2,hc,0.75,away,ft,7.69,1
Uyzjr1x8,Albacete,Racing Club Ferrol,2,2,hc,-0.75,home,ft,1.87,1
Uyzjr1x8,Albacete,Racing Club Ferrol,2,2,hc,-0.75,away,ft,2.13,1
Uyzjr1x8,Albacete,Racing Club Ferrol,2,2,hc,1.00,home,ft,1.06,1
Uyzjr1x8,Albacete,Racing Club Ferrol,2,2,hc,1.00,away,ft,13.29,1
Uyzjr1x8,Albacete,Racing Club Ferrol,2,2,hc,-1.00,home,ft,2.18,1
Uyzjr1x8,Albacete,Racing Club Ferrol,2,2,hc,-1.00,away,ft,1.81,1
Uyzjr1x8,Albacete,Racing Club Ferrol,2,2,hc,1.25,home,ft,1.06,1
Uyzjr1x8,Albacete,Racing Club Ferrol,2,2,hc,1.25,away,ft,14.14,1
Uyzjr1x8,Albacete,Racing Club Ferrol,2,2,hc,-1.25,home,ft,2.54,1
Uyzjr1x8,Albacete,Racing Club Ferrol,2,2,hc,-1.25,away,ft,1.61,1
Uyzjr1x8,Albacete,Racing Club Ferrol,2,2,hc,1.50,home,ft,1.06,1
Uyzjr1x8,Albacete,Racing Club Ferrol,2,2,hc,1.50,away,ft,15.0,1
Uyzjr1x8,Albacete,Racing Club Ferrol,2,2,hc,-1.50,home,ft,2.9,1
Uyzjr1x8,Albacete,Racing Club Ferrol,2,2,hc,-1.50,away,ft,1.49,1
Uyzjr1x8,Albacete,Racing Club Ferrol,2,2,hc,1.75,home,ft,1.03,1
Uyzjr1x8,Albacete,Racing Club Ferrol,2,2,hc,1.75,away,ft,22.18,1
Uyzjr1x8,Albacete,Racing Club Ferrol,2,2,hc,-1.75,home,ft,3.54,1
Uyzjr1x8,Albacete,Racing Club Ferrol,2,2,hc,-1.75,away,ft,1.36,1
Uyzjr1x8,Albacete,Racing Club Ferrol,2,2,hc,2.00,away,ft,41.77,1
Uyzjr1x8,Albacete,Racing Club Ferrol,2,2,hc,-2.00,home,ft,4.84,1
Uyzjr1x8,Albacete,Racing Club Ferrol,2,2,hc,-2.00,away,ft,1.23,1
Uyzjr1x8,Albacete,Racing Club Ferrol,2,2,hc,2.25,away,ft,42.67,1
Uyzjr1x8,Albacete,Racing Club Ferrol,2,2,hc,-2.25,home,ft,5.34,1
Uyzjr1x8,Albacete,Racing Club Ferrol,2,2,hc,-2.25,away,ft,1.2,1
Uyzjr1x8,Albacete,Racing Club Ferrol,2,2,hc,2.50,away,ft,43.58,1
Uyzjr1x8,Albacete,Racing Club Ferrol,2,2,hc,-2.50,home,ft,5.85,1
Uyzjr1x8,Albacete,Racing Club Ferrol,2,2,hc,-2.50,away,ft,1.18,1
Uyzjr1x8,Albacete,Racing Club Ferrol,2,2,hc,-2.75,home,ft,7.85,1
Uyzjr1x8,Albacete,Racing Club Ferrol,2,2,hc,-2.75,away,ft,1.12,1
Uyzjr1x8,Albacete,Racing Club Ferrol,2,2,hc,-3.00,home,ft,13.04,1
Uyzjr1x8,Albacete,Racing Club Ferrol,2,2,hc,-3.00,away,ft,1.06,1
Uyzjr1x8,Albacete,Racing Club Ferrol,2,2,hc,-3.25,home,ft,13.77,1
Uyzjr1x8,Albacete,Racing Club Ferrol,2,2,hc,-3.25,away,ft,1.06,1
Uyzjr1x8,Albacete,Racing Club Ferrol,2,2,hc,-3.50,home,ft,14.5,1
Uyzjr1x8,Albacete,Racing Club Ferrol,2,2,hc,-3.50,away,ft,1.06,1
Uyzjr1x8,Albacete,Racing Club Ferrol,2,2,hc,-3.75,home,ft,14.5,1
Uyzjr1x8,Albacete,Racing Club Ferrol,2,2,hc,-3.75,away,ft,1.03,1
Uyzjr1x8,Albacete,Racing Club Ferrol,2,2,hc,0.25,home,ft,1.25,1
Uyzjr1x8,Albacete,Racing Club Ferrol,2,2,hc,0.25,away,ft,4.91,1
Uyzjr1x8,Albacete,Racing Club Ferrol,2,2,hc,-0.25,home,ft,1.49,1
Uyzjr1x8,Albacete,Racing Club Ferrol,2,2,hc,-0.25,away,ft,3.01,1
Uyzjr1x8,Albacete,Racing Club Ferrol,2,2,dc,0,home/draw,ft,1.21,1
Uyzjr1x8,Albacete,Racing Club Ferrol,2,2,dc,0,home/away,ft,1.28,1
Uyzjr1x8,Albacete,Racing Club Ferrol,2,2,dc,0,draw/away,ft,2.44,1
pA1TvSVF,Cordoba,Mirandes,1,1,1x2,0,home,ft,3.0,1
pA1TvSVF,Cordoba,Mirandes,1,1,1x2,0,draw,ft,3.65,1
pA1TvSVF,Cordoba,Mirandes,1,1,1x2,0,away,ft,2.5,1
pA1TvSVF,Cordoba,Mirandes,1,1,ou,0.50,over,ft,1.07,1
pA1TvSVF,Cordoba,Mirandes,1,1,ou,0.50,under,ft,14.0,1
pA1TvSVF,Cordoba,Mirandes,1,1,ou,1.50,over,ft,1.32,1
pA1TvSVF,Cordoba,Mirandes,1,1,ou,1.50,under,ft,4.0,1
pA1TvSVF,Cordoba,Mirandes,1,1,ou,2.50,over,ft,1.96,1
pA1TvSVF,Cordoba,Mirandes,1,1,ou,2.50,under,ft,2.02,1
pA1TvSVF,Cordoba,Mirandes,1,1,ou,3.50,over,ft,3.4,1
pA1TvSVF,Cordoba,Mirandes,1,1,ou,3.50,under,ft,1.39,1
pA1TvSVF,Cordoba,Mirandes,1,1,ou,4.50,over,ft,7.2,1
pA1TvSVF,Cordoba,Mirandes,1,1,ou,4.50,under,ft,1.16,1
pA1TvSVF,Cordoba,Mirandes,1,1,ou,5.50,over,ft,18.0,1
pA1TvSVF,Cordoba,Mirandes,1,1,ou,5.50,under,ft,1.05,1
pA1TvSVF,Cordoba,Mirandes,1,1,ou,6.50,over,ft,44.0,1
pA1TvSVF,Cordoba,Mirandes,1,1,hc,0,home,ft,2.18,1
pA1TvSVF,Cordoba,Mirandes,1,1,hc,0,away,ft,1.82,1
pA1TvSVF,Cordoba,Mirandes,1,1,hc,0.50,home,ft,1.64,1
pA1TvSVF,Cordoba,Mirandes,1,1,hc,0.50,away,ft,2.5,1
pA1TvSVF,Cordoba,Mirandes,1,1,hc,-0.50,home,ft,3.0,1
pA1TvSVF,Cordoba,Mirandes,1,1,hc,-0.50,away,ft,1.48,1
pA1TvSVF,Cordoba,Mirandes,1,1,hc,0.75,home,ft,1.46,1
pA1TvSVF,Cordoba,Mirandes,1,1,hc,0.75,away,ft,3.03,1
pA1TvSVF,Cordoba,Mirandes,1,1,hc,-0.75,home,ft,3.82,1
pA1TvSVF,Cordoba,Mirandes,1,1,hc,-0.75,away,ft,1.34,1
pA1TvSVF,Cordoba,Mirandes,1,1,hc,1.00,home,ft,1.28,1
pA1TvSVF,Cordoba,Mirandes,1,1,hc,1.00,away,ft,4.18,1
pA1TvSVF,Cordoba,Mirandes,1,1,hc,-1.00,home,ft,5.8,1
pA1TvSVF,Cordoba,Mirandes,1,1,hc,-1.00,away,ft,1.2,1
pA1TvSVF,Cordoba,Mirandes,1,1,hc,1.25,home,ft,1.24,1
pA1TvSVF,Cordoba,Mirandes,1,1,hc,1.25,away,ft,4.74,1
pA1TvSVF,Cordoba,Mirandes,1,1,hc,-1.25,home,ft,6.5,1
pA1TvSVF,Cordoba,Mirandes,1,1,hc,-1.25,away,ft,1.17,1
pA1TvSVF,Cordoba,Mirandes,1,1,hc,1.50,home,ft,1.21,1
pA1TvSVF,Cordoba,Mirandes,1,1,hc,1.50,away,ft,5.3,1
pA1TvSVF,Cordoba,Mirandes,1,1,hc,-1.50,home,ft,7.2,1
pA1TvSVF,Cordoba,Mirandes,1,1,hc,-1.50,away,ft,1.16,1
pA1TvSVF,Cordoba,Mirandes,1,1,hc,1.75,home,ft,1.14,1
pA1TvSVF,Cordoba,Mirandes,1,1,hc,1.75,away,ft,7.23,1
pA1TvSVF,Cordoba,Mirandes,1,1,hc,-1.75,home,ft,10.06,1
pA1TvSVF,Cordoba,Mirandes,1,1,hc,-1.75,away,ft,1.1,1
pA1TvSVF,Cordoba,Mirandes,1,1,hc,2.00,home,ft,1.07,1
pA1TvSVF,Cordoba,Mirandes,1,1,hc,2.00,away,ft,12.15,1
pA1TvSVF,Cordoba,Mirandes,1,1,hc,-2.00,home,ft,17.85,1
pA1TvSVF,Cordoba,Mirandes,1,1,hc,-2.00,away,ft,1.04,1
pA1TvSVF,Cordoba,Mirandes,1,1,hc,2.25,home,ft,1.07,1
pA1TvSVF,Cordoba,Mirandes,1,1,hc,2.25,away,ft,12.77,1
pA1TvSVF,Cordoba,Mirandes,1,1,hc,-2.25,home,ft,18.26,1
pA1TvSVF,Cordoba,Mirandes,1,1,hc,-2.25,away,ft,1.04,1
pA1TvSVF,Cordoba,Mirandes,1,1,hc,2.50,home,ft,1.06,1
pA1TvSVF,Cordoba,Mirandes,1,1,hc,2.50,away,ft,13.54,1
pA1TvSVF,Cordoba,Mirandes,1,1,hc,-2.50,home,ft,19.09,1
pA1TvSVF,Cordoba,Mirandes,1,1,hc,-2.50,away,ft,1.04,1
pA1TvSVF,Cordoba,Mirandes,1,1,hc,2.75,home,ft,1.04,1
pA1TvSVF,Cordoba,Mirandes,1,1,hc,2.75,away,ft,19.97,1
pA1TvSVF,Cordoba,Mirandes,1,1,hc,-2.75,home,ft,28.44,1
pA1TvSVF,Cordoba,Mirandes,1,1,hc,-2.75,away,ft,1.02,1
pA1TvSVF,Cordoba,Mirandes,1,1,hc,3.00,away,ft,40.0,1
pA1TvSVF,Cordoba,Mirandes,1,1,hc,-3.00,home,ft,32.14,1
pA1TvSVF,Cordoba,Mirandes,1,1,hc,3.25,away,ft,41.0,1
pA1TvSVF,Cordoba,Mirandes,1,1,hc,-3.25,home,ft,32.58,1
pA1TvSVF,Cordoba,Mirandes,1,1,hc,3.50,away,ft,42.0,1
pA1TvSVF,Cordoba,Mirandes,1,1,hc,-3.50,home,ft,33.01,1
pA1TvSVF,Cordoba,Mirandes,1,1,hc,0.25,home,ft,1.83,1
pA1TvSVF,Cordoba,Mirandes,1,1,hc,0.25,away,ft,2.16,1
pA1TvSVF,Cordoba,Mirandes,1,1,hc,-0.25,home,ft,2.59,1
pA1TvSVF,Cordoba,Mirandes,1,1,hc,-0.25,away,ft,1.61,1
pA1TvSVF,Cordoba,Mirandes,1,1,dc,0,home/draw,ft,1.64,1
pA1TvSVF,Cordoba,Mirandes,1,1,dc,0,home/away,ft,1.37,1
pA1TvSVF,Cordoba,Mirandes,1,1,dc,0,draw/away,ft,1.48,1
jiIQK6vp,Almeria,Racing Santander,2,2,1x2,0,home,ft,1.85,1
jiIQK6vp,Almeria,Racing Santander,2,2,1x2,0,draw,ft,4.4,1
jiIQK6vp,Almeria,Racing Santander,2,2,1x2,0,away,ft,4.1,1
jiIQK6vp,Almeria,Racing Santander,2,2,ou,0.50,over,ft,1.03,1
jiIQK6vp,Almeria,Racing Santander,2,2,ou,0.50,under,ft,27.0,1
jiIQK6vp,Almeria,Racing Santander,2,2,ou,1.50,over,ft,1.16,1
jiIQK6vp,Almeria,Racing Santander,2,2,ou,1.50,under,ft,7.0,1
jiIQK6vp,Almeria,Racing Santander,2,2,ou,2.50,over,ft,1.48,1
jiIQK6vp,Almeria,Racing Santander,2,2,ou,2.50,under,ft,3.0,1
jiIQK6vp,Almeria,Racing Santander,2,2,ou,3.50,over,ft,2.22,1
jiIQK6vp,Almeria,Racing Santander,2,2,ou,3.50,under,ft,1.78,1
jiIQK6vp,Almeria,Racing Santander,2,2,ou,4.50,over,ft,3.8,1
jiIQK6vp,Almeria,Racing Santander,2,2,ou,4.50,under,ft,1.34,1
jiIQK6vp,Almeria,Racing Santander,2,2,ou,5.50,over,ft,7.6,1
jiIQK6vp,Almeria,Racing Santander,2,2,ou,5.50,under,ft,1.14,1
jiIQK6vp,Almeria,Racing Santander,2,2,ou,6.50,over,ft,16.5,1
jiIQK6vp,Almeria,Racing Santander,2,2,ou,6.50,under,ft,1.05,1
jiIQK6vp,Almeria,Racing Santander,2,2,ou,7.50,over,ft,36.0,1
jiIQK6vp,Almeria,Racing Santander,2,2,hc,0,home,ft,1.43,1
jiIQK6vp,Almeria,Racing Santander,2,2,hc,0,away,ft,3.25,1
jiIQK6vp,Almeria,Racing Santander,2,2,hc,0.50,home,ft,1.3,1
jiIQK6vp,Almeria,Racing Santander,2,2,hc,0.50,away,ft,4.16,1
jiIQK6vp,Almeria,Racing Santander,2,2,hc,-0.50,home,ft,1.85,1
jiIQK6vp,Almeria,Racing Santander,2,2,hc,-0.50,away,ft,2.16,1
jiIQK6vp,Almeria,Racing Santander,2,2,hc,0.75,home,ft,1.21,1
jiIQK6vp,Almeria,Racing Santander,2,2,hc,0.75,away,ft,5.38,1
jiIQK6vp,Almeria,Racing Santander,2,2,hc,-0.75,home,ft,2.06,1
jiIQK6vp,Almeria,Racing Santander,2,2,hc,-0.75,away,ft,1.91,1
jiIQK6vp,Almeria,Racing Santander,2,2,hc,1.00,home,ft,1.12,1
jiIQK6vp,Almeria,Racing Santander,2,2,hc,1.00,away,ft,8.11,1
jiIQK6vp,Almeria,Racing Santander,2,2,hc,-1.00,home,ft,2.4,1
jiIQK6vp,Almeria,Racing Santander,2,2,hc,-1.00,away,ft,1.67,1
jiIQK6vp,Almeria,Racing Santander,2,2,hc,1.25,home,ft,1.11,1
jiIQK6vp,Almeria,Racing Santander,2,2,hc,1.25,away,ft,8.72,1
jiIQK6vp,Almeria,Racing Santander,2,2,hc,-1.25,home,ft,2.69,1
jiIQK6vp,Almeria,Racing Santander,2,2,hc,-1.25,away,ft,1.53,1
jiIQK6vp,Almeria,Racing Santander,2,2,hc,1.50,home,ft,1.11,1
jiIQK6vp,Almeria,Racing Santander,2,2,hc,1.50,away,ft,9.33,1
jiIQK6vp,Almeria,Racing Santander,2,2,hc,-1.50,home,ft,3.0,1
jiIQK6vp,Almeria,Racing Santander,2,2,hc,-1.50,away,ft,1.45,1
jiIQK6vp,Almeria,Racing Santander,2,2,hc,1.75,home,ft,1.07,1
jiIQK6vp,Almeria,Racing Santander,2,2,hc,1.75,away,ft,13.0,1
jiIQK6vp,Almeria,Racing Santander,2,2,hc,-1.75,home,ft,3.65,1
jiIQK6vp,Almeria,Racing Santander,2,2,hc,-1.75,away,ft,1.33,1
jiIQK6vp,Almeria,Racing Santander,2,2,hc,2.00,home,ft,1.03,1
jiIQK6vp,Almeria,Racing Santander,2,2,hc,2.00,away,ft,22.42,1
jiIQK6vp,Almeria,Racing Santander,2,2,hc,-2.00,home,ft,4.9,1
jiIQK6vp,Almeria,Racing Santander,2,2,hc,-2.00,away,ft,1.21,1
jiIQK6vp,Almeria,Racing Santander,2,2,hc,2.25,home,ft,1.03,1
jiIQK6vp,Almeria,Racing Santander,2,2,hc,2.25,away,ft,23.27,1
jiIQK6vp,Almeria,Racing Santander,2,2,hc,-2.25,home,ft,5.34,1
jiIQK6vp,Almeria,Racing Santander,2,2,hc,-2.25,away,ft,1.19,1
jiIQK6vp,Almeria,Racing Santander,2,2,hc,2.50,home,ft,1.03,1
jiIQK6vp,Almeria,Racing Santander,2,2,hc,2.50,away,ft,24.0,1
jiIQK6vp,Almeria,Racing Santander,2,2,hc,-2.50,home,ft,5.8,1
jiIQK6vp,Almeria,Racing Santander,2,2,hc,-2.50,away,ft,1.17,1
jiIQK6vp,Almeria,Racing Santander,2,2,hc,2.75,home,ft,1.02,1
jiIQK6vp,Almeria,Racing Santander,2,2,hc,2.75,away,ft,35.84,1
jiIQK6vp,Almeria,Racing Santander,2,2,hc,-2.75,home,ft,7.59,1
jiIQK6vp,Almeria,Racing Santander,2,2,hc,-2.75,away,ft,1.12,1
jiIQK6vp,Almeria,Racing Santander,2,2,hc,3.00,away,ft,47.0,1
jiIQK6vp,Almeria,Racing Santander,2,2,hc,-3.00,home,ft,11.38,1
jiIQK6vp,Almeria,Racing Santander,2,2,hc,-3.00,away,ft,1.07,1
jiIQK6vp,Almeria,Racing Santander,2,2,hc,3.25,away,ft,47.5,1
jiIQK6vp,Almeria,Racing Santander,2,2,hc,-3.25,home,ft,11.94,1
jiIQK6vp,Almeria,Racing Santander,2,2,hc,-3.25,away,ft,1.06,1
jiIQK6vp,Almeria,Racing Santander,2,2,hc,3.50,away,ft,48.0,1
jiIQK6vp,Almeria,Racing Santander,2,2,hc,-3.50,home,ft,12.5,1
jiIQK6vp,Almeria,Racing Santander,2,2,hc,-3.50,away,ft,1.06,1
jiIQK6vp,Almeria,Racing Santander,2,2,hc,-3.75,home,ft,12.5,1
jiIQK6vp,Almeria,Racing Santander,2,2,hc,-3.75,away,ft,1.03,1
jiIQK6vp,Almeria,Racing Santander,2,2,hc,0.25,home,ft,1.35,1
jiIQK6vp,Almeria,Racing Santander,2,2,hc,0.25,away,ft,3.7,1
jiIQK6vp,Almeria,Racing Santander,2,2,hc,-0.25,home,ft,1.64,1
jiIQK6vp,Almeria,Racing Santander,2,2,hc,-0.25,away,ft,2.53,1
jiIQK6vp,Almeria,Racing Santander,2,2,dc,0,home/draw,ft,1.3,1
jiIQK6vp,Almeria,Racing Santander,2,2,dc,0,home/away,ft,1.28,1
jiIQK6vp,Almeria,Racing Santander,2,2,dc,0,draw/away,ft,2.16,1
