match_id,home,away,home_score,away_score,market,line,side,period,avg_odds,n_bookies
hGC2QhLM,FC Kharkiv,Livyi Bereg,1,1,1x2,0,home,ft,2.58,1
hGC2QhLM,FC Kharkiv,Livyi Bereg,1,1,1x2,0,draw,ft,3.15,1
hGC2QhLM,FC Kharkiv,Livyi Bereg,1,1,1x2,0,away,ft,3.15,1
hGC2QhLM,FC Kharkiv,Livyi Bereg,1,1,ou,0.50,over,ft,1.11,1
hGC2QhLM,FC Kharkiv,Livyi Bereg,1,1,ou,0.50,under,ft,7.2,1
hGC2QhLM,FC Kharkiv,Livyi Bereg,1,1,ou,1.50,over,ft,1.45,1
hGC2QhLM,FC Kharkiv,Livyi Bereg,1,1,ou,1.50,under,ft,2.4,1
hGC2QhLM,FC Kharkiv,Livyi Bereg,1,1,ou,2.50,over,ft,2.02,1
hGC2QhLM,FC Kharkiv,Livyi Bereg,1,1,ou,2.50,under,ft,1.55,1
hGC2QhLM,FC Kharkiv,Livyi Bereg,1,1,ou,3.50,over,ft,5.1,1
hGC2QhLM,FC Kharkiv,Livyi Bereg,1,1,ou,3.50,under,ft,1.19,1
hGC2QhLM,FC Kharkiv,Livyi Bereg,1,1,ou,4.50,over,ft,8.6,1
hGC2QhLM,FC Kharkiv,Livyi Bereg,1,1,ou,4.50,under,ft,1.06,1
hGC2QhLM,FC Kharkiv,Livyi Bereg,1,1,ou,5.50,over,ft,18.0,1
hGC2QhLM,FC Kharkiv,Livyi Bereg,1,1,ou,6.50,over,ft,18.0,1
hGC2QhLM,FC Kharkiv,Livyi Bereg,1,1,hc,0,home,ft,1.8,1
hGC2QhLM,FC Kharkiv,Livyi Bereg,1,1,hc,0,away,ft,2.16,1
hGC2QhLM,FC Kharkiv,Livyi Bereg,1,1,hc,0.50,home,ft,1.44,1
hGC2QhLM,FC Kharkiv,Livyi Bereg,1,1,hc,0.50,away,ft,3.15,1
hGC2QhLM,FC Kharkiv,Livyi Bereg,1,1,hc,-0.50,home,ft,2.58,1
hGC2QhLM,FC Kharkiv,Livyi Bereg,1,1,hc,-0.50,away,ft,1.58,1
hGC2QhLM,FC Kharkiv,Livyi Bereg,1,1,hc,0.75,home,ft,1.26,1
hGC2QhLM,FC Kharkiv,Livyi Bereg,1,1,hc,0.75,away,ft,3.82,1
hGC2QhLM,FC Kharkiv,Livyi Bereg,1,1,hc,-0.75,home,ft,3.02,1
hGC2QhLM,FC Kharkiv,Livyi Bereg,1,1,hc,-0.75,away,ft,1.35,1
hGC2QhLM,FC Kharkiv,Livyi Bereg,1,1,hc,1.00,home,ft,1.08,1
hGC2QhLM,FC Kharkiv,Livyi Bereg,1,1,hc,1.00,away,ft,3.15,1
hGC2QhLM,FC Kharkiv,Livyi Bereg,1,1,hc,-1.00,home,ft,3.81,1
hGC2QhLM,FC Kharkiv,Livyi Bereg,1,1,hc,-1.00,away,ft,1.11,1
hGC2QhLM,FC Kharkiv,Livyi Bereg,1,1,hc,1.25,home,ft,1.06,1
hGC2QhLM,FC Kharkiv,Livyi Bereg,1,1,hc,1.25,away,ft,3.15,1
hGC2QhLM,FC Kharkiv,Livyi Bereg,1,1,hc,-1.25,home,ft,4.2,1
hGC2QhLM,FC Kharkiv,Livyi Bereg,1,1,hc,-1.25,away,ft,1.09,1
hGC2QhLM,FC Kharkiv,Livyi Bereg,1,1,hc,1.50,home,ft,1.06,1
hGC2QhLM,FC Kharkiv,Livyi Bereg,1,1,hc,1.50,away,ft,3.16,1
hGC2QhLM,FC Kharkiv,Livyi Bereg,1,1,hc,-1.50,home,ft,4.6,1
hGC2QhLM,FC Kharkiv,Livyi Bereg,1,1,hc,-1.50,away,ft,1.08,1
hGC2QhLM,FC Kharkiv,Livyi Bereg,1,1,hc,1.75,home,ft,1.03,1
hGC2QhLM,FC Kharkiv,Livyi Bereg,1,1,hc,1.75,away,ft,3.16,1
hGC2QhLM,FC Kharkiv,Livyi Bereg,1,1,hc,-1.75,home,ft,4.6,1
hGC2QhLM,FC Kharkiv,Livyi Bereg,1,1,hc,-1.75,away,ft,1.04,1
hGC2QhLM,FC Kharkiv,Livyi Bereg,1,1,hc,0.25,home,ft,1.57,1
hGC2QhLM,FC Kharkiv,Livyi Bereg,1,1,hc,0.25,away,ft,2.65,1
hGC2QhLM,FC Kharkiv,Livyi Bereg,1,1,hc,-0.25,home,ft,2.21,1
hGC2QhLM,FC Kharkiv,Livyi Bereg,1,1,hc,-0.25,away,ft,1.78,1
hGC2QhLM,FC Kharkiv,Livyi Bereg,1,1,dc,0,home/draw,ft,1.44,1
hGC2QhLM,FC Kharkiv,Livyi Bereg,1,1,dc,0,home/away,ft,1.43,1
hGC2QhLM,FC Kharkiv,Livyi Bereg,1,1,dc,0,draw/away,ft,1.58,1
W0OgSEjA,Livyi Bereg,FC Kharkiv,0,0,1x2,0,home,ft,2.84,1
W0OgSEjA,Livyi Bereg,FC Kharkiv,0,0,1x2,0,draw,ft,3.1,1
W0OgSEjA,Livyi Bereg,FC Kharkiv,0,0,1x2,0,away,ft,2.98,1
W0OgSEjA,Livyi Bereg,FC Kharkiv,0,0,ou,0.50,over,ft,1.1,1
W0OgSEjA,Livyi Bereg,FC Kharkiv,0,0,ou,0.50,under,ft,9.2,1
W0OgSEjA,Livyi Bereg,FC Kharkiv,0,0,ou,1.50,over,ft,1.44,1
W0OgSEjA,Livyi Bereg,FC Kharkiv,0,0,ou,1.50,under,ft,3.05,1
W0OgSEjA,Livyi Bereg,FC Kharkiv,0,0,ou,2.50,over,ft,2.32,1
W0OgSEjA,Livyi Bereg,FC Kharkiv,0,0,ou,2.50,under,ft,1.69,1
W0OgSEjA,Livyi Bereg,FC Kharkiv,0,0,ou,3.50,over,ft,4.5,1
W0OgSEjA,Livyi Bereg,FC Kharkiv,0,0,ou,3.50,under,ft,1.24,1
W0OgSEjA,Livyi Bereg,FC Kharkiv,0,0,ou,4.50,over,ft,11.0,1
W0OgSEjA,Livyi Bereg,FC Kharkiv,0,0,ou,4.50,under,ft,1.07,1
W0OgSEjA,Livyi Bereg,FC Kharkiv,0,0,ou,5.50,over,ft,28.0,1
W0OgSEjA,Livyi Bereg,FC Kharkiv,0,0,ou,5.50,under,ft,1.02,1
W0OgSEjA,Livyi Bereg,FC Kharkiv,0,0,hc,0,home,ft,1.94,1
W0OgSEjA,Livyi Bereg,FC Kharkiv,0,0,hc,0,away,ft,1.94,1
W0OgSEjA,Livyi Bereg,FC Kharkiv,0,0,hc,-0.50,home,ft,2.84,1
W0OgSEjA,Livyi Bereg,FC Kharkiv,0,0,hc,-0.50,away,ft,1.48,1
W0OgSEjA,Livyi Bereg,FC Kharkiv,0,0,hc,0.50,home,ft,1.5,1
W0OgSEjA,Livyi Bereg,FC Kharkiv,0,0,hc,0.50,away,ft,2.8,1
W0OgSEjA,Livyi Bereg,FC Kharkiv,0,0,hc,-0.75,home,ft,3.54,1
W0OgSEjA,Livyi Bereg,FC Kharkiv,0,0,hc,-0.75,away,ft,1.34,1
W0OgSEjA,Livyi Bereg,FC Kharkiv,0,0,hc,0.75,home,ft,1.34,1
W0OgSEjA,Livyi Bereg,FC Kharkiv,0,0,hc,0.75,away,ft,3.52,1
W0OgSEjA,Livyi Bereg,FC Kharkiv,0,0,hc,-1.00,home,ft,5.14,1
W0OgSEjA,Livyi Bereg,FC Kharkiv,0,0,hc,-1.00,away,ft,1.18,1
W0OgSEjA,Livyi Bereg,FC Kharkiv,0,0,hc,1.00,home,ft,1.18,1
W0OgSEjA,Livyi Bereg,FC Kharkiv,0,0,hc,1.00,away,ft,5.25,1
W0OgSEjA,Livyi Bereg,FC Kharkiv,0,0,hc,-1.25,home,ft,5.77,1
W0OgSEjA,Livyi Bereg,FC Kharkiv,0,0,hc,-1.25,away,ft,1.16,1
W0OgSEjA,Livyi Bereg,FC Kharkiv,0,0,hc,1.25,home,ft,1.15,1
W0OgSEjA,Livyi Bereg,FC Kharkiv,0,0,hc,1.25,away,ft,5.94,1
W0OgSEjA,Livyi Bereg,FC Kharkiv,0,0,hc,-1.50,home,ft,6.4,1
W0OgSEjA,Livyi Bereg,FC Kharkiv,0,0,hc,-1.50,away,ft,1.14,1
W0OgSEjA,Livyi Bereg,FC Kharkiv,0,0,hc,1.50,home,ft,1.13,1
W0OgSEjA,Livyi Bereg,FC Kharkiv,0,0,hc,1.50,away,ft,6.6,1
W0OgSEjA,Livyi Bereg,FC Kharkiv,0,0,hc,-1.75,home,ft,6.4,1
W0OgSEjA,Livyi Bereg,FC Kharkiv,0,0,hc,-1.75,away,ft,1.09,1
W0OgSEjA,Livyi Bereg,FC Kharkiv,0,0,hc,1.75,home,ft,1.08,1
W0OgSEjA,Livyi Bereg,FC Kharkiv,0,0,hc,1.75,away,ft,6.6,1
W0OgSEjA,Livyi Bereg,FC Kharkiv,0,0,hc,-2.00,home,ft,8.48,1
W0OgSEjA,Livyi Bereg,FC Kharkiv,0,0,hc,-2.00,away,ft,1.04,1
W0OgSEjA,Livyi Bereg,FC Kharkiv,0,0,hc,2.00,home,ft,1.04,1
W0OgSEjA,Livyi Bereg,FC Kharkiv,0,0,hc,2.00,away,ft,6.6,1
W0OgSEjA,Livyi Bereg,FC Kharkiv,0,0,hc,-2.25,home,ft,8.86,1
W0OgSEjA,Livyi Bereg,FC Kharkiv,0,0,hc,-2.25,away,ft,1.03,1
W0OgSEjA,Livyi Bereg,FC Kharkiv,0,0,hc,2.25,home,ft,1.03,1
W0OgSEjA,Livyi Bereg,FC Kharkiv,0,0,hc,2.25,away,ft,6.6,1
W0OgSEjA,Livyi Bereg,FC Kharkiv,0,0,hc,-2.50,home,ft,8.93,1
W0OgSEjA,Livyi Bereg,FC Kharkiv,0,0,hc,-2.50,away,ft,1.03,1
W0OgSEjA,Livyi Bereg,FC Kharkiv,0,0,hc,2.50,home,ft,1.03,1
W0OgSEjA,Livyi Bereg,FC Kharkiv,0,0,hc,2.50,away,ft,6.6,1
W0OgSEjA,Livyi Bereg,FC Kharkiv,0,0,hc,-2.75,home,ft,8.93,1
W0OgSEjA,Livyi Bereg,FC Kharkiv,0,0,hc,2.75,away,ft,6.6,1
W0OgSEjA,Livyi Bereg,FC Kharkiv,0,0,hc,-0.25,home,ft,2.39,1
W0OgSEjA,Livyi Bereg,FC Kharkiv,0,0,hc,-0.25,away,ft,1.64,1
W0OgSEjA,Livyi Bereg,FC Kharkiv,0,0,hc,0.25,home,ft,1.65,1
W0OgSEjA,Livyi Bereg,FC Kharkiv,0,0,hc,0.25,away,ft,2.36,1
W0OgSEjA,Livyi Bereg,FC Kharkiv,0,0,dc,0,home/draw,ft,1.5,1
W0OgSEjA,Livyi Bereg,FC Kharkiv,0,0,dc,0,home/away,ft,1.44,1
W0OgSEjA,Livyi Bereg,FC Kharkiv,0,0,dc,0,draw/away,ft,1.48,1
Ob3YKWrp,Kudrivka,Vorskla Poltava,1,1,1x2,0,home,ft,4.7,1
Ob3YKWrp,Kudrivka,Vorskla Poltava,1,1,1x2,0,draw,ft,3.15,1
Ob3YKWrp,Kudrivka,Vorskla Poltava,1,1,1x2,0,away,ft,2.02,1
Ob3YKWrp,Kudrivka,Vorskla Poltava,1,1,ou,0.50,over,ft,1.13,1
Ob3YKWrp,Kudrivka,Vorskla Poltava,1,1,ou,0.50,under,ft,7.6,1
Ob3YKWrp,Kudrivka,Vorskla Poltava,1,1,ou,1.50,over,ft,1.58,1
Ob3YKWrp,Kudrivka,Vorskla Poltava,1,1,ou,1.50,under,ft,2.54,1
Ob3YKWrp,Kudrivka,Vorskla Poltava,1,1,ou,2.50,over,ft,2.88,1
Ob3YKWrp,Kudrivka,Vorskla Poltava,1,1,ou,2.50,under,ft,1.5,1
Ob3YKWrp,Kudrivka,Vorskla Poltava,1,1,ou,3.50,over,ft,6.2,1
Ob3YKWrp,Kudrivka,Vorskla Poltava,1,1,ou,3.50,under,ft,1.16,1
Ob3YKWrp,Kudrivka,Vorskla Poltava,1,1,ou,4.50,over,ft,15.0,1
Ob3YKWrp,Kudrivka,Vorskla Poltava,1,1,ou,4.50,under,ft,1.05,1
Ob3YKWrp,Kudrivka,Vorskla Poltava,1,1,ou,5.50,over,ft,34.0,1
Ob3YKWrp,Kudrivka,Vorskla Poltava,1,1,hc,0,home,ft,3.25,1
Ob3YKWrp,Kudrivka,Vorskla Poltava,1,1,hc,0,away,ft,1.41,1
Ob3YKWrp,Kudrivka,Vorskla Poltava,1,1,hc,-0.50,home,ft,4.7,1
Ob3YKWrp,Kudrivka,Vorskla Poltava,1,1,hc,-0.50,away,ft,1.25,1
Ob3YKWrp,Kudrivka,Vorskla Poltava,1,1,hc,0.50,home,ft,1.92,1
Ob3YKWrp,Kudrivka,Vorskla Poltava,1,1,hc,0.50,away,ft,2.03,1
Ob3YKWrp,Kudrivka,Vorskla Poltava,1,1,hc,-0.75,home,ft,6.52,1
Ob3YKWrp,Kudrivka,Vorskla Poltava,1,1,hc,-0.75,away,ft,1.15,1
Ob3YKWrp,Kudrivka,Vorskla Poltava,1,1,hc,0.75,home,ft,1.65,1
Ob3YKWrp,Kudrivka,Vorskla Poltava,1,1,hc,0.75,away,ft,2.41,1
Ob3YKWrp,Kudrivka,Vorskla Poltava,1,1,hc,-1.00,home,ft,10.84,1
Ob3YKWrp,Kudrivka,Vorskla Poltava,1,1,hc,-1.00,away,ft,1.06,1
Ob3YKWrp,Kudrivka,Vorskla Poltava,1,1,hc,1.00,home,ft,1.37,1
Ob3YKWrp,Kudrivka,Vorskla Poltava,1,1,hc,1.00,away,ft,3.23,1
Ob3YKWrp,Kudrivka,Vorskla Poltava,1,1,hc,-1.25,home,ft,11.67,1
Ob3YKWrp,Kudrivka,Vorskla Poltava,1,1,hc,-1.25,away,ft,1.05,1
Ob3YKWrp,Kudrivka,Vorskla Poltava,1,1,hc,1.25,home,ft,1.29,1
Ob3YKWrp,Kudrivka,Vorskla Poltava,1,1,hc,1.25,away,ft,3.81,1
Ob3YKWrp,Kudrivka,Vorskla Poltava,1,1,hc,-1.50,home,ft,12.5,1
Ob3YKWrp,Kudrivka,Vorskla Poltava,1,1,hc,-1.50,away,ft,1.05,1
Ob3YKWrp,Kudrivka,Vorskla Poltava,1,1,hc,1.50,home,ft,1.24,1
Ob3YKWrp,Kudrivka,Vorskla Poltava,1,1,hc,1.50,away,ft,4.4,1
Ob3YKWrp,Kudrivka,Vorskla Poltava,1,1,hc,-1.75,home,ft,12.5,1
Ob3YKWrp,Kudrivka,Vorskla Poltava,1,1,hc,-1.75,away,ft,1.02,1
Ob3YKWrp,Kudrivka,Vorskla Poltava,1,1,hc,1.75,home,ft,1.15,1
Ob3YKWrp,Kudrivka,Vorskla Poltava,1,1,hc,1.75,away,ft,5.85,1
Ob3YKWrp,Kudrivka,Vorskla Poltava,1,1,hc,2.00,home,ft,1.07,1
Ob3YKWrp,Kudrivka,Vorskla Poltava,1,1,hc,2.00,away,ft,5.74,1
Ob3YKWrp,Kudrivka,Vorskla Poltava,1,1,hc,2.25,home,ft,1.06,1
Ob3YKWrp,Kudrivka,Vorskla Poltava,1,1,hc,2.25,away,ft,5.82,1
Ob3YKWrp,Kudrivka,Vorskla Poltava,1,1,hc,2.50,home,ft,1.06,1
Ob3YKWrp,Kudrivka,Vorskla Poltava,1,1,hc,2.50,away,ft,5.9,1
Ob3YKWrp,Kudrivka,Vorskla Poltava,1,1,hc,2.75,home,ft,1.03,1
Ob3YKWrp,Kudrivka,Vorskla Poltava,1,1,hc,2.75,away,ft,5.9,1
Ob3YKWrp,Kudrivka,Vorskla Poltava,1,1,hc,-0.25,home,ft,3.97,1
Ob3YKWrp,Kudrivka,Vorskla Poltava,1,1,hc,-0.25,away,ft,1.31,1
Ob3YKWrp,Kudrivka,Vorskla Poltava,1,1,hc,0.25,home,ft,2.31,1
Ob3YKWrp,Kudrivka,Vorskla Poltava,1,1,hc,0.25,away,ft,1.72,1
Ob3YKWrp,Kudrivka,Vorskla Poltava,1,1,dc,0,home/draw,ft,1.92,1
Ob3YKWrp,Kudrivka,Vorskla Poltava,1,1,dc,0,home/away,ft,1.43,1
Ob3YKWrp,Kudrivka,Vorskla Poltava,1,1,dc,0,draw/away,ft,1.25,1
4EUCMLVa,Karpaty Lviv,FK Zorya Luhansk,1,1,1x2,0,home,ft,1.68,1
4EUCMLVa,Karpaty Lviv,FK Zorya Luhansk,1,1,1x2,0,draw,ft,4.2,1
4EUCMLVa,Karpaty Lviv,FK Zorya Luhansk,1,1,1x2,0,away,ft,5.4,1
4EUCMLVa,Karpaty Lviv,FK Zorya Luhansk,1,1,ou,0.50,over,ft,1.06,1
4EUCMLVa,Karpaty Lviv,FK Zorya Luhansk,1,1,ou,0.50,under,ft,14.5,1
4EUCMLVa,Karpaty Lviv,FK Zorya Luhansk,1,1,ou,1.50,over,ft,1.29,1
4EUCMLVa,Karpaty Lviv,FK Zorya Luhansk,1,1,ou,1.50,under,ft,4.3,1
4EUCMLVa,Karpaty Lviv,FK Zorya Luhansk,1,1,ou,2.50,over,ft,1.83,1
4EUCMLVa,Karpaty Lviv,FK Zorya Luhansk,1,1,ou,2.50,under,ft,2.14,1
4EUCMLVa,Karpaty Lviv,FK Zorya Luhansk,1,1,ou,3.50,over,ft,3.05,1
4EUCMLVa,Karpaty Lviv,FK Zorya Luhansk,1,1,ou,3.50,under,ft,1.45,1
4EUCMLVa,Karpaty Lviv,FK Zorya Luhansk,1,1,ou,4.50,over,ft,6.2,1
4EUCMLVa,Karpaty Lviv,FK Zorya Luhansk,1,1,ou,4.50,under,ft,1.17,1
4EUCMLVa,Karpaty Lviv,FK Zorya Luhansk,1,1,ou,5.50,over,ft,14.5,1
4EUCMLVa,Karpaty Lviv,FK Zorya Luhansk,1,1,ou,5.50,under,ft,1.06,1
4EUCMLVa,Karpaty Lviv,FK Zorya Luhansk,1,1,ou,6.50,over,ft,34.0,1
4EUCMLVa,Karpaty Lviv,FK Zorya Luhansk,1,1,ou,6.50,under,ft,1.02,1
4EUCMLVa,Karpaty Lviv,FK Zorya Luhansk,1,1,hc,0,home,ft,1.28,1
4EUCMLVa,Karpaty Lviv,FK Zorya Luhansk,1,1,hc,0,away,ft,4.21,1
4EUCMLVa,Karpaty Lviv,FK Zorya Luhansk,1,1,hc,0.50,home,ft,1.2,1
4EUCMLVa,Karpaty Lviv,FK Zorya Luhansk,1,1,hc,0.50,away,ft,5.5,1
4EUCMLVa,Karpaty Lviv,FK Zorya Luhansk,1,1,hc,-0.50,home,ft,1.67,1
4EUCMLVa,Karpaty Lviv,FK Zorya Luhansk,1,1,hc,-0.50,away,ft,2.4,1
4EUCMLVa,Karpaty Lviv,FK Zorya Luhansk,1,1,hc,0.75,home,ft,1.13,1
4EUCMLVa,Karpaty Lviv,FK Zorya Luhansk,1,1,hc,0.75,away,ft,7.52,1
4EUCMLVa,Karpaty Lviv,FK Zorya Luhansk,1,1,hc,-0.75,home,ft,1.86,1
4EUCMLVa,Karpaty Lviv,FK Zorya Luhansk,1,1,hc,-0.75,away,ft,2.08,1
4EUCMLVa,Karpaty Lviv,FK Zorya Luhansk,1,1,hc,1.00,home,ft,1.05,1
4EUCMLVa,Karpaty Lviv,FK Zorya Luhansk,1,1,hc,1.00,away,ft,12.86,1
4EUCMLVa,Karpaty Lviv,FK Zorya Luhansk,1,1,hc,-1.00,home,ft,2.2,1
4EUCMLVa,Karpaty Lviv,FK Zorya Luhansk,1,1,hc,-1.00,away,ft,1.77,1
4EUCMLVa,Karpaty Lviv,FK Zorya Luhansk,1,1,hc,1.25,home,ft,1.05,1
4EUCMLVa,Karpaty Lviv,FK Zorya Luhansk,1,1,hc,1.25,away,ft,13.68,1
4EUCMLVa,Karpaty Lviv,FK Zorya Luhansk,1,1,hc,-1.25,home,ft,2.56,1
4EUCMLVa,Karpaty Lviv,FK Zorya Luhansk,1,1,hc,-1.25,away,ft,1.57,1
4EUCMLVa,Karpaty Lviv,FK Zorya Luhansk,1,1,hc,1.50,home,ft,1.05,1
4EUCMLVa,Karpaty Lviv,FK Zorya Luhansk,1,1,hc,1.50,away,ft,14.5,1
4EUCMLVa,Karpaty Lviv,FK Zorya Luhansk,1,1,hc,-1.50,home,ft,2.91,1
4EUCMLVa,Karpaty Lviv,FK Zorya Luhansk,1,1,hc,-1.50,away,ft,1.46,1
4EUCMLVa,Karpaty Lviv,FK Zorya Luhansk,1,1,hc,1.75,home,ft,1.02,1
4EUCMLVa,Karpaty Lviv,FK Zorya Luhansk,1,1,hc,1.75,away,ft,14.5,1
4EUCMLVa,Karpaty Lviv,FK Zorya Luhansk,1,1,hc,-1.75,home,ft,3.54,1
4EUCMLVa,Karpaty Lviv,FK Zorya Luhansk,1,1,hc,-1.75,away,ft,1.33,1
4EUCMLVa,Karpaty Lviv,FK Zorya Luhansk,1,1,hc,-2.00,home,ft,4.48,1
4EUCMLVa,Karpaty Lviv,FK Zorya Luhansk,1,1,hc,-2.00,away,ft,1.21,1
4EUCMLVa,Karpaty Lviv,FK Zorya Luhansk,1,1,hc,-2.25,home,ft,4.82,1
4EUCMLVa,Karpaty Lviv,FK Zorya Luhansk,1,1,hc,-2.25,away,ft,1.19,1
4EUCMLVa,Karpaty Lviv,FK Zorya Luhansk,1,1,hc,-2.50,home,ft,4.99,1
4EUCMLVa,Karpaty Lviv,FK Zorya Luhansk,1,1,hc,-2.50,away,ft,1.17,1
4EUCMLVa,Karpaty Lviv,FK Zorya Luhansk,1,1,hc,-2.75,home,ft,7.2,1
4EUCMLVa,Karpaty Lviv,FK Zorya Luhansk,1,1,hc,-2.75,away,ft,1.11,1
4EUCMLVa,Karpaty Lviv,FK Zorya Luhansk,1,1,hc,-3.00,home,ft,7.66,1
4EUCMLVa,Karpaty Lviv,FK Zorya Luhansk,1,1,hc,-3.00,away,ft,1.05,1
4EUCMLVa,Karpaty Lviv,FK Zorya Luhansk,1,1,hc,-3.25,home,ft,7.73,1
4EUCMLVa,Karpaty Lviv,FK Zorya Luhansk,1,1,hc,-3.25,away,ft,1.05,1
4EUCMLVa,Karpaty Lviv,FK Zorya Luhansk,1,1,hc,-3.50,home,ft,7.8,1
4EUCMLVa,Karpaty Lviv,FK Zorya Luhansk,1,1,hc,-3.50,away,ft,1.05,1
4EUCMLVa,Karpaty Lviv,FK Zorya Luhansk,1,1,hc,-3.75,home,ft,7.8,1
4EUCMLVa,Karpaty Lviv,FK Zorya Luhansk,1,1,hc,-3.75,away,ft,1.02,1
4EUCMLVa,Karpaty Lviv,FK Zorya Luhansk,1,1,hc,0.25,home,ft,1.23,1
4EUCMLVa,Karpaty Lviv,FK Zorya Luhansk,1,1,hc,0.25,away,ft,4.85,1
4EUCMLVa,Karpaty Lviv,FK Zorya Luhansk,1,1,hc,-0.25,home,ft,1.47,1
4EUCMLVa,Karpaty Lviv,FK Zorya Luhansk,1,1,hc,-0.25,away,ft,2.95,1
4EUCMLVa,Karpaty Lviv,FK Zorya Luhansk,1,1,dc,0,home/draw,ft,1.2,1
4EUCMLVa,Karpaty Lviv,FK Zorya Luhansk,1,1,dc,0,home/away,ft,1.29,1
4EUCMLVa,Karpaty Lviv,FK Zorya Luhansk,1,1,dc,0,draw/away,ft,2.4,1
IHCo60oJ,Polissya Zhytomyr,Kryvbas,1,1,1x2,0,home,ft,2.04,1
IHCo60oJ,Polissya Zhytomyr,Kryvbas,1,1,1x2,0,draw,ft,3.45,1
IHCo60oJ,Polissya Zhytomyr,Kryvbas,1,1,1x2,0,away,ft,4.4,1
IHCo60oJ,Polissya Zhytomyr,Kryvbas,1,1,ou,0.50,over,ft,1.11,1
IHCo60oJ,Polissya Zhytomyr,Kryvbas,1,1,ou,0.50,under,ft,8.6,1
IHCo60oJ,Polissya Zhytomyr,Kryvbas,1,1,ou,1.50,over,ft,1.48,1
IHCo60oJ,Polissya Zhytomyr,Kryvbas,1,1,ou,1.50,under,ft,2.9,1
IHCo60oJ,Polissya Zhytomyr,Kryvbas,1,1,ou,2.50,over,ft,2.5,1
IHCo60oJ,Polissya Zhytomyr,Kryvbas,1,1,ou,2.50,under,ft,1.61,1
IHCo60oJ,Polissya Zhytomyr,Kryvbas,1,1,ou,3.50,over,ft,5.0,1
IHCo60oJ,Polissya Zhytomyr,Kryvbas,1,1,ou,3.50,under,ft,1.24,1
IHCo60oJ,Polissya Zhytomyr,Kryvbas,1,1,ou,4.50,over,ft,12.0,1
IHCo60oJ,Polissya Zhytomyr,Kryvbas,1,1,ou,4.50,under,ft,1.07,1
IHCo60oJ,Polissya Zhytomyr,Kryvbas,1,1,ou,5.50,over,ft,15.0,1
IHCo60oJ,Polissya Zhytomyr,Kryvbas,1,1,ou,5.50,under,ft,1.02,1
IHCo60oJ,Polissya Zhytomyr,Kryvbas,1,1,ou,6.50,over,ft,15.0,1
IHCo60oJ,Polissya Zhytomyr,Kryvbas,1,1,hc,0,home,ft,1.44,1
IHCo60oJ,Polissya Zhytomyr,Kryvbas,1,1,hc,0,away,ft,3.2,1
IHCo60oJ,Polissya Zhytomyr,Kryvbas,1,1,hc,0.50,home,ft,1.28,1
IHCo60oJ,Polissya Zhytomyr,Kryvbas,1,1,hc,0.50,away,ft,4.45,1
IHCo60oJ,Polissya Zhytomyr,Kryvbas,1,1,hc,-0.50,home,ft,2.04,1
IHCo60oJ,Polissya Zhytomyr,Kryvbas,1,1,hc,-0.50,away,ft,1.95,1
IHCo60oJ,Polissya Zhytomyr,Kryvbas,1,1,hc,0.75,home,ft,1.18,1
IHCo60oJ,Polissya Zhytomyr,Kryvbas,1,1,hc,0.75,away,ft,6.16,1
IHCo60oJ,Polissya Zhytomyr,Kryvbas,1,1,hc,-0.75,home,ft,2.41,1
IHCo60oJ,Polissya Zhytomyr,Kryvbas,1,1,hc,-0.75,away,ft,1.7,1
IHCo60oJ,Polissya Zhytomyr,Kryvbas,1,1,hc,1.00,home,ft,1.08,1
IHCo60oJ,Polissya Zhytomyr,Kryvbas,1,1,hc,1.00,away,ft,9.94,1
IHCo60oJ,Polissya Zhytomyr,Kryvbas,1,1,hc,-1.00,home,ft,3.12,1
IHCo60oJ,Polissya Zhytomyr,Kryvbas,1,1,hc,-1.00,away,ft,1.43,1
IHCo60oJ,Polissya Zhytomyr,Kryvbas,1,1,hc,1.25,home,ft,1.07,1
IHCo60oJ,Polissya Zhytomyr,Kryvbas,1,1,hc,1.25,away,ft,10.72,1
IHCo60oJ,Polissya Zhytomyr,Kryvbas,1,1,hc,-1.25,home,ft,3.64,1
IHCo60oJ,Polissya Zhytomyr,Kryvbas,1,1,hc,-1.25,away,ft,1.34,1
IHCo60oJ,Polissya Zhytomyr,Kryvbas,1,1,hc,1.50,home,ft,1.06,1
IHCo60oJ,Polissya Zhytomyr,Kryvbas,1,1,hc,1.50,away,ft,11.5,1
IHCo60oJ,Polissya Zhytomyr,Kryvbas,1,1,hc,-1.50,home,ft,4.16,1
IHCo60oJ,Polissya Zhytomyr,Kryvbas,1,1,hc,-1.50,away,ft,1.28,1
IHCo60oJ,Polissya Zhytomyr,Kryvbas,1,1,hc,1.75,home,ft,1.03,1
IHCo60oJ,Polissya Zhytomyr,Kryvbas,1,1,hc,1.75,away,ft,11.5,1
IHCo60oJ,Polissya Zhytomyr,Kryvbas,1,1,hc,-1.75,home,ft,5.43,1
IHCo60oJ,Polissya Zhytomyr,Kryvbas,1,1,hc,-1.75,away,ft,1.19,1
IHCo60oJ,Polissya Zhytomyr,Kryvbas,1,1,hc,-2.00,home,ft,5.81,1
IHCo60oJ,Polissya Zhytomyr,Kryvbas,1,1,hc,-2.00,away,ft,1.09,1
IHCo60oJ,Polissya Zhytomyr,Kryvbas,1,1,hc,-2.25,home,ft,6.01,1
IHCo60oJ,Polissya Zhytomyr,Kryvbas,1,1,hc,-2.25,away,ft,1.08,1
IHCo60oJ,Polissya Zhytomyr,Kryvbas,1,1,hc,-2.50,home,ft,6.22,1
IHCo60oJ,Polissya Zhytomyr,Kryvbas,1,1,hc,-2.50,away,ft,1.08,1
IHCo60oJ,Polissya Zhytomyr,Kryvbas,1,1,hc,-2.75,home,ft,6.07,1
IHCo60oJ,Polissya Zhytomyr,Kryvbas,1,1,hc,-2.75,away,ft,1.05,1
IHCo60oJ,Polissya Zhytomyr,Kryvbas,1,1,hc,0.25,home,ft,1.34,1
IHCo60oJ,Polissya Zhytomyr,Kryvbas,1,1,hc,0.25,away,ft,3.85,1
IHCo60oJ,Polissya Zhytomyr,Kryvbas,1,1,hc,-0.25,home,ft,1.74,1
IHCo60oJ,Polissya Zhytomyr,Kryvbas,1,1,hc,-0.25,away,ft,2.33,1
IHCo60oJ,Polissya Zhytomyr,Kryvbas,1,1,dc,0,home/draw,ft,1.28,1
IHCo60oJ,Polissya Zhytomyr,Kryvbas,1,1,dc,0,home/away,ft,1.4,1
IHCo60oJ,Polissya Zhytomyr,Kryvbas,1,1,dc,0,draw/away,ft,1.95,1
OfyjHQgK,Veres-Rivne,LNZ Cherkasy,1,1,1x2,0,home,ft,1.97,1
OfyjHQgK,Veres-Rivne,LNZ Cherkasy,1,1,1x2,0,draw,ft,3.55,1
OfyjHQgK,Veres-Rivne,LNZ Cherkasy,1,1,1x2,0,away,ft,4.6,1
OfyjHQgK,Veres-Rivne,LNZ Cherkasy,1,1,ou,0.50,over,ft,1.09,1
OfyjHQgK,Veres-Rivne,LNZ Cherkasy,1,1,ou,0.50,under,ft,10.5,1
OfyjHQgK,Veres-Rivne,LNZ Cherkasy,1,1,ou,1.50,over,ft,1.45,1
OfyjHQgK,Veres-Rivne,LNZ Cherkasy,1,1,ou,1.50,under,ft,3.15,1
OfyjHQgK,Veres-Rivne,LNZ Cherkasy,1,1,ou,2.50,over,ft,2.26,1
OfyjHQgK,Veres-Rivne,LNZ Cherkasy,1,1,ou,2.50,under,ft,1.77,1
OfyjHQgK,Veres-Rivne,LNZ Cherkasy,1,1,ou,3.50,over,ft,4.4,1
OfyjHQgK,Veres-Rivne,LNZ Cherkasy,1,1,ou,3.50,under,ft,1.27,1
OfyjHQgK,Veres-Rivne,LNZ Cherkasy,1,1,ou,4.50,over,ft,10.0,1
OfyjHQgK,Veres-Rivne,LNZ Cherkasy,1,1,ou,4.50,under,ft,1.09,1
OfyjHQgK,Veres-Rivne,LNZ Cherkasy,1,1,ou,5.50,over,ft,26.0,1
OfyjHQgK,Veres-Rivne,LNZ Cherkasy,1,1,ou,5.50,under,ft,1.02,1
OfyjHQgK,Veres-Rivne,LNZ Cherkasy,1,1,ou,6.50,over,ft,75.0,1
OfyjHQgK,Veres-Rivne,LNZ Cherkasy,1,1,hc,0,home,ft,1.42,1
OfyjHQgK,Veres-Rivne,LNZ Cherkasy,1,1,hc,0,away,ft,3.3,1
OfyjHQgK,Veres-Rivne,LNZ Cherkasy,1,1,hc,0.50,home,ft,1.27,1
OfyjHQgK,Veres-Rivne,LNZ Cherkasy,1,1,hc,0.50,away,ft,4.6,1
OfyjHQgK,Veres-Rivne,LNZ Cherkasy,1,1,hc,-0.50,home,ft,1.97,1
OfyjHQgK,Veres-Rivne,LNZ Cherkasy,1,1,hc,-0.50,away,ft,2.0,1
OfyjHQgK,Veres-Rivne,LNZ Cherkasy,1,1,hc,0.75,home,ft,1.17,1
OfyjHQgK,Veres-Rivne,LNZ Cherkasy,1,1,hc,0.75,away,ft,6.37,1
OfyjHQgK,Veres-Rivne,LNZ Cherkasy,1,1,hc,-0.75,home,ft,2.29,1
OfyjHQgK,Veres-Rivne,LNZ Cherkasy,1,1,hc,-0.75,away,ft,1.72,1
OfyjHQgK,Veres-Rivne,LNZ Cherkasy,1,1,hc,1.00,home,ft,1.07,1
OfyjHQgK,Veres-Rivne,LNZ Cherkasy,1,1,hc,1.00,away,ft,11.56,1
OfyjHQgK,Veres-Rivne,LNZ Cherkasy,1,1,hc,-1.00,home,ft,2.92,1
OfyjHQgK,Veres-Rivne,LNZ Cherkasy,1,1,hc,-1.00,away,ft,1.44,1
OfyjHQgK,Veres-Rivne,LNZ Cherkasy,1,1,hc,1.25,home,ft,1.06,1
OfyjHQgK,Veres-Rivne,LNZ Cherkasy,1,1,hc,1.25,away,ft,12.53,1
OfyjHQgK,Veres-Rivne,LNZ Cherkasy,1,1,hc,-1.25,home,ft,3.41,1
OfyjHQgK,Veres-Rivne,LNZ Cherkasy,1,1,hc,-1.25,away,ft,1.34,1
OfyjHQgK,Veres-Rivne,LNZ Cherkasy,1,1,hc,1.50,home,ft,1.06,1
OfyjHQgK,Veres-Rivne,LNZ Cherkasy,1,1,hc,1.50,away,ft,13.5,1
OfyjHQgK,Veres-Rivne,LNZ Cherkasy,1,1,hc,-1.50,home,ft,3.9,1
OfyjHQgK,Veres-Rivne,LNZ Cherkasy,1,1,hc,-1.50,away,ft,1.28,1
OfyjHQgK,Veres-Rivne,LNZ Cherkasy,1,1,hc,1.75,home,ft,1.03,1
OfyjHQgK,Veres-Rivne,LNZ Cherkasy,1,1,hc,1.75,away,ft,13.5,1
OfyjHQgK,Veres-Rivne,LNZ Cherkasy,1,1,hc,-1.75,home,ft,5.02,1
OfyjHQgK,Veres-Rivne,LNZ Cherkasy,1,1,hc,-1.75,away,ft,1.19,1
OfyjHQgK,Veres-Rivne,LNZ Cherkasy,1,1,hc,-2.00,home,ft,6.14,1
OfyjHQgK,Veres-Rivne,LNZ Cherkasy,1,1,hc,-2.00,away,ft,1.1,1
OfyjHQgK,Veres-Rivne,LNZ Cherkasy,1,1,hc,-2.25,home,ft,6.24,1
OfyjHQgK,Veres-Rivne,LNZ Cherkasy,1,1,hc,-2.25,away,ft,1.09,1
OfyjHQgK,Veres-Rivne,LNZ Cherkasy,1,1,hc,-2.50,home,ft,4.79,1
OfyjHQgK,Veres-Rivne,LNZ Cherkasy,1,1,hc,-2.50,away,ft,1.09,1
OfyjHQgK,Veres-Rivne,LNZ Cherkasy,1,1,hc,-2.75,home,ft,4.79,1
OfyjHQgK,Veres-Rivne,LNZ Cherkasy,1,1,hc,-2.75,away,ft,1.05,1
OfyjHQgK,Veres-Rivne,LNZ Cherkasy,1,1,hc,0.25,home,ft,1.32,1
OfyjHQgK,Veres-Rivne,LNZ Cherkasy,1,1,hc,0.25,away,ft,3.95,1
OfyjHQgK,Veres-Rivne,LNZ Cherkasy,1,1,hc,-0.25,home,ft,1.69,1
OfyjHQgK,Veres-Rivne,LNZ Cherkasy,1,1,hc,-0.25,away,ft,2.39,1
OfyjHQgK,Veres-Rivne,LNZ Cherkasy,1,1,dc,0,home/draw,ft,1.27,1
OfyjHQgK,Veres-Rivne,LNZ Cherkasy,1,1,dc,0,home/away,ft,1.37,1
OfyjHQgK,Veres-Rivne,LNZ Cherkasy,1,1,dc,0,draw/away,ft,2.0,1
Ai9w8MG6,Dyn. Kyiv,Kolos Kovalivka,1,1,1x2,0,home,ft,1.47,1
Ai9w8MG6,Dyn. Kyiv,Kolos Kovalivka,1,1,1x2,0,draw,ft,4.9,1
Ai9w8MG6,Dyn. Kyiv,Kolos Kovalivka,1,1,1x2,0,away,ft,8.0,1
Ai9w8MG6,Dyn. Kyiv,Kolos Kovalivka,1,1,ou,0.50,over,ft,1.06,1
Ai9w8MG6,Dyn. Kyiv,Kolos Kovalivka,1,1,ou,0.50,under,ft,15.0,1
Ai9w8MG6,Dyn. Kyiv,Kolos Kovalivka,1,1,ou,1.50,over,ft,1.29,1
Ai9w8MG6,Dyn. Kyiv,Kolos Kovalivka,1,1,ou,1.50,under,ft,4.2,1
Ai9w8MG6,Dyn. Kyiv,Kolos Kovalivka,1,1,ou,2.50,over,ft,1.89,1
Ai9w8MG6,Dyn. Kyiv,Kolos Kovalivka,1,1,ou,2.50,under,ft,2.06,1
Ai9w8MG6,Dyn. Kyiv,Kolos Kovalivka,1,1,ou,3.50,over,ft,3.25,1
Ai9w8MG6,Dyn. Kyiv,Kolos Kovalivka,1,1,ou,3.50,under,ft,1.42,1
Ai9w8MG6,Dyn. Kyiv,Kolos Kovalivka,1,1,ou,4.50,over,ft,6.6,1
Ai9w8MG6,Dyn. Kyiv,Kolos Kovalivka,1,1,ou,4.50,under,ft,1.17,1
Ai9w8MG6,Dyn. Kyiv,Kolos Kovalivka,1,1,ou,5.50,over,ft,15.5,1
Ai9w8MG6,Dyn. Kyiv,Kolos Kovalivka,1,1,ou,5.50,under,ft,1.06,1
Ai9w8MG6,Dyn. Kyiv,Kolos Kovalivka,1,1,ou,6.50,over,ft,34.0,1
Ai9w8MG6,Dyn. Kyiv,Kolos Kovalivka,1,1,hc,0,home,ft,1.18,1
Ai9w8MG6,Dyn. Kyiv,Kolos Kovalivka,1,1,hc,0,away,ft,6.43,1
Ai9w8MG6,Dyn. Kyiv,Kolos Kovalivka,1,1,hc,0.50,home,ft,1.13,1
Ai9w8MG6,Dyn. Kyiv,Kolos Kovalivka,1,1,hc,0.50,away,ft,8.04,1
Ai9w8MG6,Dyn. Kyiv,Kolos Kovalivka,1,1,hc,-0.50,home,ft,1.47,1
Ai9w8MG6,Dyn. Kyiv,Kolos Kovalivka,1,1,hc,-0.50,away,ft,3.08,1
Ai9w8MG6,Dyn. Kyiv,Kolos Kovalivka,1,1,hc,0.75,home,ft,1.08,1
Ai9w8MG6,Dyn. Kyiv,Kolos Kovalivka,1,1,hc,0.75,away,ft,11.85,1
Ai9w8MG6,Dyn. Kyiv,Kolos Kovalivka,1,1,hc,-0.75,home,ft,1.59,1
Ai9w8MG6,Dyn. Kyiv,Kolos Kovalivka,1,1,hc,-0.75,away,ft,2.66,1
Ai9w8MG6,Dyn. Kyiv,Kolos Kovalivka,1,1,hc,1.00,home,ft,1.03,1
Ai9w8MG6,Dyn. Kyiv,Kolos Kovalivka,1,1,hc,1.00,away,ft,22.0,1
Ai9w8MG6,Dyn. Kyiv,Kolos Kovalivka,1,1,hc,-1.00,home,ft,1.78,1
Ai9w8MG6,Dyn. Kyiv,Kolos Kovalivka,1,1,hc,-1.00,away,ft,2.25,1
Ai9w8MG6,Dyn. Kyiv,Kolos Kovalivka,1,1,hc,1.25,home,ft,1.03,1
Ai9w8MG6,Dyn. Kyiv,Kolos Kovalivka,1,1,hc,1.25,away,ft,23.0,1
Ai9w8MG6,Dyn. Kyiv,Kolos Kovalivka,1,1,hc,-1.25,home,ft,2.09,1
Ai9w8MG6,Dyn. Kyiv,Kolos Kovalivka,1,1,hc,-1.25,away,ft,1.88,1
Ai9w8MG6,Dyn. Kyiv,Kolos Kovalivka,1,1,hc,1.50,home,ft,1.03,1
Ai9w8MG6,Dyn. Kyiv,Kolos Kovalivka,1,1,hc,1.50,away,ft,22.22,1
Ai9w8MG6,Dyn. Kyiv,Kolos Kovalivka,1,1,hc,-1.50,home,ft,2.4,1
Ai9w8MG6,Dyn. Kyiv,Kolos Kovalivka,1,1,hc,-1.50,away,ft,1.68,1
Ai9w8MG6,Dyn. Kyiv,Kolos Kovalivka,1,1,hc,1.75,away,ft,22.22,1
Ai9w8MG6,Dyn. Kyiv,Kolos Kovalivka,1,1,hc,-1.75,home,ft,2.83,1
Ai9w8MG6,Dyn. Kyiv,Kolos Kovalivka,1,1,hc,-1.75,away,ft,1.51,1
Ai9w8MG6,Dyn. Kyiv,Kolos Kovalivka,1,1,hc,-2.00,home,ft,3.27,1
Ai9w8MG6,Dyn. Kyiv,Kolos Kovalivka,1,1,hc,-2.00,away,ft,1.34,1
Ai9w8MG6,Dyn. Kyiv,Kolos Kovalivka,1,1,hc,-2.25,home,ft,3.59,1
Ai9w8MG6,Dyn. Kyiv,Kolos Kovalivka,1,1,hc,-2.25,away,ft,1.28,1
Ai9w8MG6,Dyn. Kyiv,Kolos Kovalivka,1,1,hc,-2.50,home,ft,3.84,1
Ai9w8MG6,Dyn. Kyiv,Kolos Kovalivka,1,1,hc,-2.50,away,ft,1.25,1
Ai9w8MG6,Dyn. Kyiv,Kolos Kovalivka,1,1,hc,-2.75,home,ft,5.04,1
Ai9w8MG6,Dyn. Kyiv,Kolos Kovalivka,1,1,hc,-2.75,away,ft,1.17,1
Ai9w8MG6,Dyn. Kyiv,Kolos Kovalivka,1,1,hc,-3.00,home,ft,8.09,1
Ai9w8MG6,Dyn. Kyiv,Kolos Kovalivka,1,1,hc,-3.00,away,ft,1.09,1
Ai9w8MG6,Dyn. Kyiv,Kolos Kovalivka,1,1,hc,-3.25,home,ft,8.67,1
Ai9w8MG6,Dyn. Kyiv,Kolos Kovalivka,1,1,hc,-3.25,away,ft,1.09,1
Ai9w8MG6,Dyn. Kyiv,Kolos Kovalivka,1,1,hc,-3.50,home,ft,9.22,1
Ai9w8MG6,Dyn. Kyiv,Kolos Kovalivka,1,1,hc,-3.50,away,ft,1.08,1
Ai9w8MG6,Dyn. Kyiv,Kolos Kovalivka,1,1,hc,-3.75,home,ft,9.22,1
Ai9w8MG6,Dyn. Kyiv,Kolos Kovalivka,1,1,hc,-3.75,away,ft,1.05,1
Ai9w8MG6,Dyn. Kyiv,Kolos Kovalivka,1,1,hc,-4.00,home,ft,9.22,1
Ai9w8MG6,Dyn. Kyiv,Kolos Kovalivka,1,1,hc,-4.00,away,ft,1.04,1
Ai9w8MG6,Dyn. Kyiv,Kolos Kovalivka,1,1,hc,0.25,home,ft,1.15,1
Ai9w8MG6,Dyn. Kyiv,Kolos Kovalivka,1,1,hc,0.25,away,ft,7.23,1
Ai9w8MG6,Dyn. Kyiv,Kolos Kovalivka,1,1,hc,-0.25,home,ft,1.33,1
Ai9w8MG6,Dyn. Kyiv,Kolos Kovalivka,1,1,hc,-0.25,away,ft,4.02,1
Ai9w8MG6,Dyn. Kyiv,Kolos Kovalivka,1,1,dc,0,home/draw,ft,1.13,1
Ai9w8MG6,Dyn. Kyiv,Kolos Kovalivka,1,1,dc,0,home/away,ft,1.25,1
Ai9w8MG6,Dyn. Kyiv,Kolos Kovalivka,1,1,dc,0,draw/away,ft,3.05,1
EPFU9rnf,Rukh Lviv,Shakhtar Donetsk,1,1,1x2,0,home,ft,7.2,1
EPFU9rnf,Rukh Lviv,Shakhtar Donetsk,1,1,1x2,0,draw,ft,4.6,1
EPFU9rnf,Rukh Lviv,Shakhtar Donetsk,1,1,1x2,0,away,ft,1.53,1
EPFU9rnf,Rukh Lviv,Shakhtar Donetsk,1,1,ou,0.50,over,ft,1.07,1
EPFU9rnf,Rukh Lviv,Shakhtar Donetsk,1,1,ou,0.50,under,ft,13.5,1
EPFU9rnf,Rukh Lviv,Shakhtar Donetsk,1,1,ou,1.50,over,ft,1.35,1
EPFU9rnf,Rukh Lviv,Shakhtar Donetsk,1,1,ou,1.50,under,ft,3.7,1
EPFU9rnf,Rukh Lviv,Shakhtar Donetsk,1,1,ou,2.50,over,ft,2.06,1
EPFU9rnf,Rukh Lviv,Shakhtar Donetsk,1,1,ou,2.50,under,ft,1.91,1
EPFU9rnf,Rukh Lviv,Shakhtar Donetsk,1,1,ou,3.50,over,ft,3.75,1
EPFU9rnf,Rukh Lviv,Shakhtar Donetsk,1,1,ou,3.50,under,ft,1.36,1
EPFU9rnf,Rukh Lviv,Shakhtar Donetsk,1,1,ou,4.50,over,ft,8.0,1
EPFU9rnf,Rukh Lviv,Shakhtar Donetsk,1,1,ou,4.50,under,ft,1.12,1
EPFU9rnf,Rukh Lviv,Shakhtar Donetsk,1,1,ou,5.50,over,ft,19.0,1
EPFU9rnf,Rukh Lviv,Shakhtar Donetsk,1,1,ou,5.50,under,ft,1.04,1
EPFU9rnf,Rukh Lviv,Shakhtar Donetsk,1,1,ou,6.50,over,ft,50.0,1
EPFU9rnf,Rukh Lviv,Shakhtar Donetsk,1,1,hc,0,home,ft,5.76,1
EPFU9rnf,Rukh Lviv,Shakhtar Donetsk,1,1,hc,0,away,ft,1.2,1
EPFU9rnf,Rukh Lviv,Shakhtar Donetsk,1,1,hc,0.50,home,ft,2.84,1
EPFU9rnf,Rukh Lviv,Shakhtar Donetsk,1,1,hc,0.50,away,ft,1.53,1
EPFU9rnf,Rukh Lviv,Shakhtar Donetsk,1,1,hc,-0.50,home,ft,7.31,1
EPFU9rnf,Rukh Lviv,Shakhtar Donetsk,1,1,hc,-0.50,away,ft,1.15,1
EPFU9rnf,Rukh Lviv,Shakhtar Donetsk,1,1,hc,0.75,home,ft,2.47,1
EPFU9rnf,Rukh Lviv,Shakhtar Donetsk,1,1,hc,0.75,away,ft,1.66,1
EPFU9rnf,Rukh Lviv,Shakhtar Donetsk,1,1,hc,-0.75,home,ft,10.46,1
EPFU9rnf,Rukh Lviv,Shakhtar Donetsk,1,1,hc,-0.75,away,ft,1.09,1
EPFU9rnf,Rukh Lviv,Shakhtar Donetsk,1,1,hc,1.00,home,ft,2.08,1
EPFU9rnf,Rukh Lviv,Shakhtar Donetsk,1,1,hc,1.00,away,ft,1.89,1
EPFU9rnf,Rukh Lviv,Shakhtar Donetsk,1,1,hc,-1.00,home,ft,15.46,1
EPFU9rnf,Rukh Lviv,Shakhtar Donetsk,1,1,hc,-1.00,away,ft,1.03,1
EPFU9rnf,Rukh Lviv,Shakhtar Donetsk,1,1,hc,1.25,home,ft,1.77,1
EPFU9rnf,Rukh Lviv,Shakhtar Donetsk,1,1,hc,1.25,away,ft,2.23,1
EPFU9rnf,Rukh Lviv,Shakhtar Donetsk,1,1,hc,-1.25,home,ft,16.1,1
EPFU9rnf,Rukh Lviv,Shakhtar Donetsk,1,1,hc,-1.25,away,ft,1.03,1
EPFU9rnf,Rukh Lviv,Shakhtar Donetsk,1,1,hc,1.50,home,ft,1.6,1
EPFU9rnf,Rukh Lviv,Shakhtar Donetsk,1,1,hc,1.50,away,ft,2.56,1
EPFU9rnf,Rukh Lviv,Shakhtar Donetsk,1,1,hc,-1.50,home,ft,16.74,1
EPFU9rnf,Rukh Lviv,Shakhtar Donetsk,1,1,hc,-1.50,away,ft,1.03,1
EPFU9rnf,Rukh Lviv,Shakhtar Donetsk,1,1,hc,1.75,home,ft,1.43,1
EPFU9rnf,Rukh Lviv,Shakhtar Donetsk,1,1,hc,1.75,away,ft,3.12,1
EPFU9rnf,Rukh Lviv,Shakhtar Donetsk,1,1,hc,-1.75,home,ft,16.74,1
EPFU9rnf,Rukh Lviv,Shakhtar Donetsk,1,1,hc,2.00,home,ft,1.26,1
EPFU9rnf,Rukh Lviv,Shakhtar Donetsk,1,1,hc,2.00,away,ft,3.97,1
EPFU9rnf,Rukh Lviv,Shakhtar Donetsk,1,1,hc,2.25,home,ft,1.22,1
EPFU9rnf,Rukh Lviv,Shakhtar Donetsk,1,1,hc,2.25,away,ft,4.4,1
EPFU9rnf,Rukh Lviv,Shakhtar Donetsk,1,1,hc,2.50,home,ft,1.19,1
EPFU9rnf,Rukh Lviv,Shakhtar Donetsk,1,1,hc,2.50,away,ft,4.72,1
EPFU9rnf,Rukh Lviv,Shakhtar Donetsk,1,1,hc,2.75,home,ft,1.13,1
EPFU9rnf,Rukh Lviv,Shakhtar Donetsk,1,1,hc,2.75,away,ft,6.49,1
EPFU9rnf,Rukh Lviv,Shakhtar Donetsk,1,1,hc,3.00,home,ft,1.07,1
EPFU9rnf,Rukh Lviv,Shakhtar Donetsk,1,1,hc,3.00,away,ft,9.98,1
EPFU9rnf,Rukh Lviv,Shakhtar Donetsk,1,1,hc,3.25,home,ft,1.06,1
EPFU9rnf,Rukh Lviv,Shakhtar Donetsk,1,1,hc,3.25,away,ft,10.49,1
EPFU9rnf,Rukh Lviv,Shakhtar Donetsk,1,1,hc,3.50,home,ft,1.06,1
EPFU9rnf,Rukh Lviv,Shakhtar Donetsk,1,1,hc,3.50,away,ft,11.0,1
EPFU9rnf,Rukh Lviv,Shakhtar Donetsk,1,1,hc,3.75,home,ft,1.03,1
EPFU9rnf,Rukh Lviv,Shakhtar Donetsk,1,1,hc,3.75,away,ft,11.0,1
EPFU9rnf,Rukh Lviv,Shakhtar Donetsk,1,1,hc,0.25,home,ft,3.65,1
EPFU9rnf,Rukh Lviv,Shakhtar Donetsk,1,1,hc,0.25,away,ft,1.37,1
EPFU9rnf,Rukh Lviv,Shakhtar Donetsk,1,1,hc,-0.25,home,ft,6.54,1
EPFU9rnf,Rukh Lviv,Shakhtar Donetsk,1,1,hc,-0.25,away,ft,1.17,1
EPFU9rnf,Rukh Lviv,Shakhtar Donetsk,1,1,dc,0,home/draw,ft,2.84,1
EPFU9rnf,Rukh Lviv,Shakhtar Donetsk,1,1,dc,0,home/away,ft,1.27,1
EPFU9rnf,Rukh Lviv,Shakhtar Donetsk,1,1,dc,0,draw/away,ft,1.15,1
8ny4Os1m,Ch. Odesa,Oleksandriya,0,0,1x2,0,home,ft,3.95,1
8ny4Os1m,Ch. Odesa,Oleksandriya,0,0,1x2,0,draw,ft,3.7,1
8ny4Os1m,Ch. Odesa,Oleksandriya,0,0,1x2,0,away,ft,2.02,1
8ny4Os1m,Ch. Odesa,Oleksandriya,0,0,ou,0.50,over,ft,1.08,1
8ny4Os1m,Ch. Odesa,Oleksandriya,0,0,ou,0.50,under,ft,11.5,1
8ny4Os1m,Ch. Odesa,Oleksandriya,0,0,ou,1.50,over,ft,1.38,1
8ny4Os1m,Ch. Odesa,Oleksandriya,0,0,ou,1.50,under,ft,3.45,1
8ny4Os1m,Ch. Odesa,Oleksandriya,0,0,ou,2.50,over,ft,2.1,1
8ny4Os1m,Ch. Odesa,Oleksandriya,0,0,ou,2.50,under,ft,1.85,1
8ny4Os1m,Ch. Odesa,Oleksandriya,0,0,ou,3.50,over,ft,3.95,1
8ny4Os1m,Ch. Odesa,Oleksandriya,0,0,ou,3.50,under,ft,1.32,1
8ny4Os1m,Ch. Odesa,Oleksandriya,0,0,ou,4.50,over,ft,8.4,1
8ny4Os1m,Ch. Odesa,Oleksandriya,0,0,ou,4.50,under,ft,1.12,1
8ny4Os1m,Ch. Odesa,Oleksandriya,0,0,ou,5.50,over,ft,20.0,1
8ny4Os1m,Ch. Odesa,Oleksandriya,0,0,ou,5.50,under,ft,1.03,1
8ny4Os1m,Ch. Odesa,Oleksandriya,0,0,ou,6.50,over,ft,50.0,1
8ny4Os1m,Ch. Odesa,Oleksandriya,0,0,hc,0,home,ft,2.93,1
8ny4Os1m,Ch. Odesa,Oleksandriya,0,0,hc,0,away,ft,1.5,1
8ny4Os1m,Ch. Odesa,Oleksandriya,0,0,hc,0.50,home,ft,1.92,1
8ny4Os1m,Ch. Odesa,Oleksandriya,0,0,hc,0.50,away,ft,2.03,1
8ny4Os1m,Ch. Odesa,Oleksandriya,0,0,hc,-0.50,home,ft,3.98,1
8ny4Os1m,Ch. Odesa,Oleksandriya,0,0,hc,-0.50,away,ft,1.33,1
8ny4Os1m,Ch. Odesa,Oleksandriya,0,0,hc,0.75,home,ft,1.67,1
8ny4Os1m,Ch. Odesa,Oleksandriya,0,0,hc,0.75,away,ft,2.38,1
8ny4Os1m,Ch. Odesa,Oleksandriya,0,0,hc,-0.75,home,ft,5.54,1
8ny4Os1m,Ch. Odesa,Oleksandriya,0,0,hc,-0.75,away,ft,1.21,1
8ny4Os1m,Ch. Odesa,Oleksandriya,0,0,hc,1.00,home,ft,1.43,1
8ny4Os1m,Ch. Odesa,Oleksandriya,0,0,hc,1.00,away,ft,3.08,1
8ny4Os1m,Ch. Odesa,Oleksandriya,0,0,hc,-1.00,home,ft,10.37,1
8ny4Os1m,Ch. Odesa,Oleksandriya,0,0,hc,-1.00,away,ft,1.1,1
8ny4Os1m,Ch. Odesa,Oleksandriya,0,0,hc,1.25,home,ft,1.34,1
8ny4Os1m,Ch. Odesa,Oleksandriya,0,0,hc,1.25,away,ft,3.59,1
8ny4Os1m,Ch. Odesa,Oleksandriya,0,0,hc,-1.25,home,ft,11.43,1
8ny4Os1m,Ch. Odesa,Oleksandriya,0,0,hc,-1.25,away,ft,1.09,1
8ny4Os1m,Ch. Odesa,Oleksandriya,0,0,hc,1.50,home,ft,1.28,1
8ny4Os1m,Ch. Odesa,Oleksandriya,0,0,hc,1.50,away,ft,4.1,1
8ny4Os1m,Ch. Odesa,Oleksandriya,0,0,hc,-1.50,home,ft,12.5,1
8ny4Os1m,Ch. Odesa,Oleksandriya,0,0,hc,-1.50,away,ft,1.08,1
8ny4Os1m,Ch. Odesa,Oleksandriya,0,0,hc,1.75,home,ft,1.18,1
8ny4Os1m,Ch. Odesa,Oleksandriya,0,0,hc,1.75,away,ft,5.3,1
8ny4Os1m,Ch. Odesa,Oleksandriya,0,0,hc,-1.75,home,ft,12.5,1
8ny4Os1m,Ch. Odesa,Oleksandriya,0,0,hc,-1.75,away,ft,1.04,1
8ny4Os1m,Ch. Odesa,Oleksandriya,0,0,hc,2.00,home,ft,1.09,1
8ny4Os1m,Ch. Odesa,Oleksandriya,0,0,hc,2.00,away,ft,6.51,1
8ny4Os1m,Ch. Odesa,Oleksandriya,0,0,hc,-2.00,home,ft,12.5,1
8ny4Os1m,Ch. Odesa,Oleksandriya,0,0,hc,2.25,home,ft,1.08,1
8ny4Os1m,Ch. Odesa,Oleksandriya,0,0,hc,2.25,away,ft,5.72,1
8ny4Os1m,Ch. Odesa,Oleksandriya,0,0,hc,-2.25,home,ft,12.5,1
8ny4Os1m,Ch. Odesa,Oleksandriya,0,0,hc,2.50,home,ft,1.07,1
8ny4Os1m,Ch. Odesa,Oleksandriya,0,0,hc,2.50,away,ft,5.56,1
8ny4Os1m,Ch. Odesa,Oleksandriya,0,0,hc,-2.50,home,ft,12.5,1
8ny4Os1m,Ch. Odesa,Oleksandriya,0,0,hc,-2.50,away,ft,1.08,1
8ny4Os1m,Ch. Odesa,Oleksandriya,0,0,hc,2.75,home,ft,1.04,1
8ny4Os1m,Ch. Odesa,Oleksandriya,0,0,hc,2.75,away,ft,5.56,1
8ny4Os1m,Ch. Odesa,Oleksandriya,0,0,hc,-2.75,home,ft,12.5,1
8ny4Os1m,Ch. Odesa,Oleksandriya,0,0,hc,-2.75,away,ft,1.05,1
8ny4Os1m,Ch. Odesa,Oleksandriya,0,0,hc,3.00,home,ft,1.05,1
8ny4Os1m,Ch. Odesa,Oleksandriya,0,0,hc,3.00,away,ft,5.56,1
8ny4Os1m,Ch. Odesa,Oleksandriya,0,0,hc,3.25,home,ft,1.05,1
8ny4Os1m,Ch. Odesa,Oleksandriya,0,0,hc,3.25,away,ft,5.56,1
8ny4Os1m,Ch. Odesa,Oleksandriya,0,0,hc,3.50,home,ft,1.05,1
8ny4Os1m,Ch. Odesa,Oleksandriya,0,0,hc,3.50,away,ft,5.56,1
8ny4Os1m,Ch. Odesa,Oleksandriya,0,0,hc,3.75,home,ft,1.02,1
8ny4Os1m,Ch. Odesa,Oleksandriya,0,0,hc,3.75,away,ft,5.56,1
8ny4Os1m,Ch. Odesa,Oleksandriya,0,0,hc,0.25,home,ft,2.25,1
8ny4Os1m,Ch. Odesa,Oleksandriya,0,0,hc,0.25,away,ft,1.77,1
8ny4Os1m,Ch. Odesa,Oleksandriya,0,0,hc,-0.25,home,ft,3.45,1
8ny4Os1m,Ch. Odesa,Oleksandriya,0,0,hc,-0.25,away,ft,1.4,1
8ny4Os1m,Ch. Odesa,Oleksandriya,0,0,dc,0,home/draw,ft,1.92,1
8ny4Os1m,Ch. Odesa,Oleksandriya,0,0,dc,0,home/away,ft,1.35,1
8ny4Os1m,Ch. Odesa,Oleksandriya,0,0,dc,0,draw/away,ft,1.33,1
tCHMB4Hs,Inhulets,Vorskla Poltava,1,1,1x2,0,home,ft,4.8,1
tCHMB4Hs,Inhulets,Vorskla Poltava,1,1,1x2,0,draw,ft,2.98,1
tCHMB4Hs,Inhulets,Vorskla Poltava,1,1,1x2,0,away,ft,2.14,1
tCHMB4Hs,Inhulets,Vorskla Poltava,1,1,ou,0.50,over,ft,1.19,1
tCHMB4Hs,Inhulets,Vorskla Poltava,1,1,ou,0.50,under,ft,5.9,1
tCHMB4Hs,Inhulets,Vorskla Poltava,1,1,ou,1.50,over,ft,1.79,1
tCHMB4Hs,Inhulets,Vorskla Poltava,1,1,ou,1.50,under,ft,2.2,1
tCHMB4Hs,Inhulets,Vorskla Poltava,1,1,ou,2.50,over,ft,3.35,1
tCHMB4Hs,Inhulets,Vorskla Poltava,1,1,ou,2.50,under,ft,1.4,1
tCHMB4Hs,Inhulets,Vorskla Poltava,1,1,ou,3.50,over,ft,8.6,1
tCHMB4Hs,Inhulets,Vorskla Poltava,1,1,ou,3.50,under,ft,1.12,1
tCHMB4Hs,Inhulets,Vorskla Poltava,1,1,ou,4.50,over,ft,21.0,1
tCHMB4Hs,Inhulets,Vorskla Poltava,1,1,ou,4.50,under,ft,1.03,1
tCHMB4Hs,Inhulets,Vorskla Poltava,1,1,hc,0,home,ft,3.26,1
tCHMB4Hs,Inhulets,Vorskla Poltava,1,1,hc,0,away,ft,1.42,1
tCHMB4Hs,Inhulets,Vorskla Poltava,1,1,hc,0.50,home,ft,1.86,1
tCHMB4Hs,Inhulets,Vorskla Poltava,1,1,hc,0.50,away,ft,2.14,1
tCHMB4Hs,Inhulets,Vorskla Poltava,1,1,hc,-0.50,home,ft,4.8,1
tCHMB4Hs,Inhulets,Vorskla Poltava,1,1,hc,-0.50,away,ft,1.25,1
tCHMB4Hs,Inhulets,Vorskla Poltava,1,1,hc,0.75,home,ft,1.59,1
tCHMB4Hs,Inhulets,Vorskla Poltava,1,1,hc,0.75,away,ft,2.6,1
tCHMB4Hs,Inhulets,Vorskla Poltava,1,1,hc,-0.75,home,ft,7.16,1
tCHMB4Hs,Inhulets,Vorskla Poltava,1,1,hc,-0.75,away,ft,1.15,1
tCHMB4Hs,Inhulets,Vorskla Poltava,1,1,hc,1.00,home,ft,1.32,1
tCHMB4Hs,Inhulets,Vorskla Poltava,1,1,hc,1.00,away,ft,3.66,1
tCHMB4Hs,Inhulets,Vorskla Poltava,1,1,hc,-1.00,home,ft,14.92,1
tCHMB4Hs,Inhulets,Vorskla Poltava,1,1,hc,-1.00,away,ft,1.05,1
tCHMB4Hs,Inhulets,Vorskla Poltava,1,1,hc,1.25,home,ft,1.25,1
tCHMB4Hs,Inhulets,Vorskla Poltava,1,1,hc,1.25,away,ft,4.33,1
tCHMB4Hs,Inhulets,Vorskla Poltava,1,1,hc,-1.25,home,ft,15.76,1
tCHMB4Hs,Inhulets,Vorskla Poltava,1,1,hc,-1.25,away,ft,1.05,1
tCHMB4Hs,Inhulets,Vorskla Poltava,1,1,hc,1.50,home,ft,1.21,1
tCHMB4Hs,Inhulets,Vorskla Poltava,1,1,hc,1.50,away,ft,5.0,1
tCHMB4Hs,Inhulets,Vorskla Poltava,1,1,hc,-1.50,home,ft,15.58,1
tCHMB4Hs,Inhulets,Vorskla Poltava,1,1,hc,-1.50,away,ft,1.04,1
tCHMB4Hs,Inhulets,Vorskla Poltava,1,1,hc,1.75,home,ft,1.13,1
tCHMB4Hs,Inhulets,Vorskla Poltava,1,1,hc,1.75,away,ft,6.88,1
tCHMB4Hs,Inhulets,Vorskla Poltava,1,1,hc,-1.75,home,ft,15.58,1
tCHMB4Hs,Inhulets,Vorskla Poltava,1,1,hc,-1.75,away,ft,1.02,1
tCHMB4Hs,Inhulets,Vorskla Poltava,1,1,hc,2.00,home,ft,1.05,1
tCHMB4Hs,Inhulets,Vorskla Poltava,1,1,hc,2.00,away,ft,11.98,1
tCHMB4Hs,Inhulets,Vorskla Poltava,1,1,hc,2.25,home,ft,1.05,1
tCHMB4Hs,Inhulets,Vorskla Poltava,1,1,hc,2.25,away,ft,10.81,1
tCHMB4Hs,Inhulets,Vorskla Poltava,1,1,hc,2.50,home,ft,1.05,1
tCHMB4Hs,Inhulets,Vorskla Poltava,1,1,hc,2.50,away,ft,5.2,1
tCHMB4Hs,Inhulets,Vorskla Poltava,1,1,hc,2.75,home,ft,1.02,1
tCHMB4Hs,Inhulets,Vorskla Poltava,1,1,hc,2.75,away,ft,5.2,1
tCHMB4Hs,Inhulets,Vorskla Poltava,1,1,hc,0.25,home,ft,2.24,1
tCHMB4Hs,Inhulets,Vorskla Poltava,1,1,hc,0.25,away,ft,1.78,1
tCHMB4Hs,Inhulets,Vorskla Poltava,1,1,hc,-0.25,home,ft,4.08,1
tCHMB4Hs,Inhulets,Vorskla Poltava,1,1,hc,-0.25,away,ft,1.31,1
tCHMB4Hs,Inhulets,Vorskla Poltava,1,1,dc,0,home/draw,ft,1.87,1
tCHMB4Hs,Inhulets,Vorskla Poltava,1,1,dc,0,home/away,ft,1.47,1
tCHMB4Hs,Inhulets,Vorskla Poltava,1,1,dc,0,draw/away,ft,1.25,1
C0eMPLgm,Obolon,Livyi Bereg,1,1,1x2,0,home,ft,2.52,1
C0eMPLgm,Obolon,Livyi Bereg,1,1,1x2,0,draw,ft,2.62,1
C0eMPLgm,Obolon,Livyi Bereg,1,1,1x2,0,away,ft,4.1,1
C0eMPLgm,Obolon,Livyi Bereg,1,1,ou,0.50,over,ft,1.2,1
C0eMPLgm,Obolon,Livyi Bereg,1,1,ou,0.50,under,ft,5.5,1
C0eMPLgm,Obolon,Livyi Bereg,1,1,ou,1.50,over,ft,1.73,1
C0eMPLgm,Obolon,Livyi Bereg,1,1,ou,1.50,under,ft,2.32,1
C0eMPLgm,Obolon,Livyi Bereg,1,1,ou,2.50,over,ft,3.5,1
C0eMPLgm,Obolon,Livyi Bereg,1,1,ou,2.50,under,ft,1.39,1
C0eMPLgm,Obolon,Livyi Bereg,1,1,ou,3.50,over,ft,7.2,1
C0eMPLgm,Obolon,Livyi Bereg,1,1,ou,3.50,under,ft,1.13,1
C0eMPLgm,Obolon,Livyi Bereg,1,1,ou,4.50,over,ft,21.0,1
C0eMPLgm,Obolon,Livyi Bereg,1,1,ou,4.50,under,ft,1.04,1
C0eMPLgm,Obolon,Livyi Bereg,1,1,ou,5.50,over,ft,50.0,1
C0eMPLgm,Obolon,Livyi Bereg,1,1,hc,0,home,ft,1.58,1
C0eMPLgm,Obolon,Livyi Bereg,1,1,hc,0,away,ft,2.62,1
C0eMPLgm,Obolon,Livyi Bereg,1,1,hc,0.50,home,ft,1.3,1
C0eMPLgm,Obolon,Livyi Bereg,1,1,hc,0.50,away,ft,4.14,1
C0eMPLgm,Obolon,Livyi Bereg,1,1,hc,-0.50,home,ft,2.52,1
C0eMPLgm,Obolon,Livyi Bereg,1,1,hc,-0.50,away,ft,1.63,1
C0eMPLgm,Obolon,Livyi Bereg,1,1,hc,0.75,home,ft,1.16,1
C0eMPLgm,Obolon,Livyi Bereg,1,1,hc,0.75,away,ft,4.47,1
C0eMPLgm,Obolon,Livyi Bereg,1,1,hc,-0.75,home,ft,3.08,1
C0eMPLgm,Obolon,Livyi Bereg,1,1,hc,-0.75,away,ft,1.37,1
C0eMPLgm,Obolon,Livyi Bereg,1,1,hc,1.00,home,ft,1.02,1
C0eMPLgm,Obolon,Livyi Bereg,1,1,hc,1.00,away,ft,4.87,1
C0eMPLgm,Obolon,Livyi Bereg,1,1,hc,-1.00,home,ft,2.52,1
C0eMPLgm,Obolon,Livyi Bereg,1,1,hc,-1.00,away,ft,1.12,1
C0eMPLgm,Obolon,Livyi Bereg,1,1,hc,1.25,home,ft,1.02,1
C0eMPLgm,Obolon,Livyi Bereg,1,1,hc,1.25,away,ft,4.98,1
C0eMPLgm,Obolon,Livyi Bereg,1,1,hc,-1.25,home,ft,2.52,1
C0eMPLgm,Obolon,Livyi Bereg,1,1,hc,-1.25,away,ft,1.09,1
C0eMPLgm,Obolon,Livyi Bereg,1,1,hc,1.50,away,ft,5.1,1
C0eMPLgm,Obolon,Livyi Bereg,1,1,hc,-1.50,home,ft,2.52,1
C0eMPLgm,Obolon,Livyi Bereg,1,1,hc,-1.50,away,ft,1.07,1
C0eMPLgm,Obolon,Livyi Bereg,1,1,hc,1.75,home,ft,1.03,1
C0eMPLgm,Obolon,Livyi Bereg,1,1,hc,1.75,away,ft,5.1,1
C0eMPLgm,Obolon,Livyi Bereg,1,1,hc,-1.75,home,ft,2.52,1
C0eMPLgm,Obolon,Livyi Bereg,1,1,hc,-1.75,away,ft,1.03,1
C0eMPLgm,Obolon,Livyi Bereg,1,1,hc,-2.00,home,ft,2.52,1
C0eMPLgm,Obolon,Livyi Bereg,1,1,hc,-2.00,away,ft,1.04,1
C0eMPLgm,Obolon,Livyi Bereg,1,1,hc,-2.25,home,ft,2.52,1
C0eMPLgm,Obolon,Livyi Bereg,1,1,hc,-2.25,away,ft,1.03,1
C0eMPLgm,Obolon,Livyi Bereg,1,1,hc,-2.50,home,ft,2.52,1
C0eMPLgm,Obolon,Livyi Bereg,1,1,hc,-2.50,away,ft,1.03,1
C0eMPLgm,Obolon,Livyi Bereg,1,1,hc,-2.75,home,ft,2.52,1
C0eMPLgm,Obolon,Livyi Bereg,1,1,hc,0.25,home,ft,1.39,1
C0eMPLgm,Obolon,Livyi Bereg,1,1,hc,0.25,away,ft,3.38,1
C0eMPLgm,Obolon,Livyi Bereg,1,1,hc,-0.25,home,ft,2.05,1
C0eMPLgm,Obolon,Livyi Bereg,1,1,hc,-0.25,away,ft,1.91,1
C0eMPLgm,Obolon,Livyi Bereg,1,1,dc,0,home/draw,ft,1.3,1
C0eMPLgm,Obolon,Livyi Bereg,1,1,dc,0,home/away,ft,1.58,1
C0eMPLgm,Obolon,Livyi Bereg,1,1,dc,0,draw/away,ft,1.63,1
bwZO2RvR,Ch. Odesa,Dyn. Kyiv,1,1,1x2,0,home,ft,16.0,1
bwZO2RvR,Ch. Odesa,Dyn. Kyiv,1,1,1x2,0,draw,ft,6.4,1
bwZO2RvR,Ch. Odesa,Dyn. Kyiv,1,1,1x2,0,away,ft,1.25,1
bwZO2RvR,Ch. Odesa,Dyn. Kyiv,1,1,ou,0.50,over,ft,1.04,1
bwZO2RvR,Ch. Odesa,Dyn. Kyiv,1,1,ou,0.50,under,ft,21.0,1
bwZO2RvR,Ch. Odesa,Dyn. Kyiv,1,1,ou,1.50,over,ft,1.23,1
bwZO2RvR,Ch. Odesa,Dyn. Kyiv,1,1,ou,1.50,under,ft,5.1,1
bwZO2RvR,Ch. Odesa,Dyn. Kyiv,1,1,ou,2.50,over,ft,1.68,1
bwZO2RvR,Ch. Odesa,Dyn. Kyiv,1,1,ou,2.50,under,ft,2.38,1
bwZO2RvR,Ch. Odesa,Dyn. Kyiv,1,1,ou,3.50,over,ft,2.66,1
bwZO2RvR,Ch. Odesa,Dyn. Kyiv,1,1,ou,3.50,under,ft,1.56,1
bwZO2RvR,Ch. Odesa,Dyn. Kyiv,1,1,ou,4.50,over,ft,4.7,1
bwZO2RvR,Ch. Odesa,Dyn. Kyiv,1,1,ou,4.50,under,ft,1.25,1
bwZO2RvR,Ch. Odesa,Dyn. Kyiv,1,1,ou,5.50,over,ft,10.0,1
bwZO2RvR,Ch. Odesa,Dyn. Kyiv,1,1,ou,5.50,under,ft,1.09,1
bwZO2RvR,Ch. Odesa,Dyn. Kyiv,1,1,ou,6.50,over,ft,21.0,1
bwZO2RvR,Ch. Odesa,Dyn. Kyiv,1,1,ou,6.50,under,ft,1.03,1
bwZO2RvR,Ch. Odesa,Dyn. Kyiv,1,1,ou,7.50,over,ft,21.0,1
bwZO2RvR,Ch. Odesa,Dyn. Kyiv,1,1,hc,0,home,ft,13.99,1
bwZO2RvR,Ch. Odesa,Dyn. Kyiv,1,1,hc,0,away,ft,1.06,1
bwZO2RvR,Ch. Odesa,Dyn. Kyiv,1,1,hc,0.50,home,ft,4.7,1
bwZO2RvR,Ch. Odesa,Dyn. Kyiv,1,1,hc,0.50,away,ft,1.25,1
bwZO2RvR,Ch. Odesa,Dyn. Kyiv,1,1,hc,-0.50,home,ft,16.5,1
bwZO2RvR,Ch. Odesa,Dyn. Kyiv,1,1,hc,-0.50,away,ft,1.05,1
bwZO2RvR,Ch. Odesa,Dyn. Kyiv,1,1,hc,0.75,home,ft,4.14,1
bwZO2RvR,Ch. Odesa,Dyn. Kyiv,1,1,hc,0.75,away,ft,1.29,1
bwZO2RvR,Ch. Odesa,Dyn. Kyiv,1,1,hc,-0.75,home,ft,24.13,1
bwZO2RvR,Ch. Odesa,Dyn. Kyiv,1,1,hc,-0.75,away,ft,1.03,1
bwZO2RvR,Ch. Odesa,Dyn. Kyiv,1,1,hc,1.00,home,ft,3.58,1
bwZO2RvR,Ch. Odesa,Dyn. Kyiv,1,1,hc,1.00,away,ft,1.35,1
bwZO2RvR,Ch. Odesa,Dyn. Kyiv,1,1,hc,1.25,home,ft,2.65,1
bwZO2RvR,Ch. Odesa,Dyn. Kyiv,1,1,hc,1.25,away,ft,1.54,1
bwZO2RvR,Ch. Odesa,Dyn. Kyiv,1,1,hc,1.50,home,ft,2.21,1
bwZO2RvR,Ch. Odesa,Dyn. Kyiv,1,1,hc,1.50,away,ft,1.74,1
bwZO2RvR,Ch. Odesa,Dyn. Kyiv,1,1,hc,1.75,home,ft,1.97,1
bwZO2RvR,Ch. Odesa,Dyn. Kyiv,1,1,hc,1.75,away,ft,1.92,1
bwZO2RvR,Ch. Odesa,Dyn. Kyiv,1,1,hc,2.00,home,ft,1.71,1
bwZO2RvR,Ch. Odesa,Dyn. Kyiv,1,1,hc,2.00,away,ft,2.22,1
bwZO2RvR,Ch. Odesa,Dyn. Kyiv,1,1,hc,2.25,home,ft,1.56,1
bwZO2RvR,Ch. Odesa,Dyn. Kyiv,1,1,hc,2.25,away,ft,2.53,1
bwZO2RvR,Ch. Odesa,Dyn. Kyiv,1,1,hc,2.50,home,ft,1.47,1
bwZO2RvR,Ch. Odesa,Dyn. Kyiv,1,1,hc,2.50,away,ft,2.81,1
bwZO2RvR,Ch. Odesa,Dyn. Kyiv,1,1,hc,2.75,home,ft,1.34,1
bwZO2RvR,Ch. Odesa,Dyn. Kyiv,1,1,hc,2.75,away,ft,3.41,1
bwZO2RvR,Ch. Odesa,Dyn. Kyiv,1,1,hc,3.00,home,ft,1.21,1
bwZO2RvR,Ch. Odesa,Dyn. Kyiv,1,1,hc,3.00,away,ft,4.12,1
bwZO2RvR,Ch. Odesa,Dyn. Kyiv,1,1,hc,3.25,home,ft,1.19,1
bwZO2RvR,Ch. Odesa,Dyn. Kyiv,1,1,hc,3.25,away,ft,4.24,1
bwZO2RvR,Ch. Odesa,Dyn. Kyiv,1,1,hc,3.50,home,ft,1.18,1
bwZO2RvR,Ch. Odesa,Dyn. Kyiv,1,1,hc,3.50,away,ft,4.45,1
bwZO2RvR,Ch. Odesa,Dyn. Kyiv,1,1,hc,3.75,home,ft,1.12,1
bwZO2RvR,Ch. Odesa,Dyn. Kyiv,1,1,hc,3.75,away,ft,6.26,1
bwZO2RvR,Ch. Odesa,Dyn. Kyiv,1,1,hc,4.00,home,ft,1.06,1
bwZO2RvR,Ch. Odesa,Dyn. Kyiv,1,1,hc,4.00,away,ft,6.26,1
bwZO2RvR,Ch. Odesa,Dyn. Kyiv,1,1,hc,0.25,home,ft,6.8,1
bwZO2RvR,Ch. Odesa,Dyn. Kyiv,1,1,hc,0.25,away,ft,1.16,1
bwZO2RvR,Ch. Odesa,Dyn. Kyiv,1,1,hc,-0.25,home,ft,15.24,1
bwZO2RvR,Ch. Odesa,Dyn. Kyiv,1,1,hc,-0.25,away,ft,1.06,1
bwZO2RvR,Ch. Odesa,Dyn. Kyiv,1,1,dc,0,home/draw,ft,4.7,1
bwZO2RvR,Ch. Odesa,Dyn. Kyiv,1,1,dc,0,home/away,ft,1.17,1
AHhUtpI7,Inhulets,Shakhtar Donetsk,1,1,1x2,0,home,ft,21.0,1
AHhUtpI7,Inhulets,Shakhtar Donetsk,1,1,1x2,0,draw,ft,7.2,1
AHhUtpI7,Inhulets,Shakhtar Donetsk,1,1,1x2,0,away,ft,1.22,1
AHhUtpI7,Inhulets,Shakhtar Donetsk,1,1,ou,0.50,over,ft,1.04,1
AHhUtpI7,Inhulets,Shakhtar Donetsk,1,1,ou,0.50,under,ft,21.0,1
AHhUtpI7,Inhulets,Shakhtar Donetsk,1,1,ou,1.50,over,ft,1.22,1
AHhUtpI7,Inhulets,Shakhtar Donetsk,1,1,ou,1.50,under,ft,5.0,1
AHhUtpI7,Inhulets,Shakhtar Donetsk,1,1,ou,2.50,over,ft,1.64,1
AHhUtpI7,Inhulets,Shakhtar Donetsk,1,1,ou,2.50,under,ft,2.5,1
AHhUtpI7,Inhulets,Shakhtar Donetsk,1,1,ou,3.50,over,ft,2.62,1
AHhUtpI7,Inhulets,Shakhtar Donetsk,1,1,ou,3.50,under,ft,1.6,1
AHhUtpI7,Inhulets,Shakhtar Donetsk,1,1,ou,4.50,over,ft,4.8,1
AHhUtpI7,Inhulets,Shakhtar Donetsk,1,1,ou,4.50,under,ft,1.24,1
AHhUtpI7,Inhulets,Shakhtar Donetsk,1,1,ou,5.50,over,ft,10.0,1
AHhUtpI7,Inhulets,Shakhtar Donetsk,1,1,ou,5.50,under,ft,1.08,1
AHhUtpI7,Inhulets,Shakhtar Donetsk,1,1,ou,6.50,over,ft,23.0,1
AHhUtpI7,Inhulets,Shakhtar Donetsk,1,1,ou,6.50,under,ft,1.03,1
AHhUtpI7,Inhulets,Shakhtar Donetsk,1,1,ou,7.50,over,ft,50.0,1
AHhUtpI7,Inhulets,Shakhtar Donetsk,1,1,hc,0,home,ft,17.66,1
AHhUtpI7,Inhulets,Shakhtar Donetsk,1,1,hc,0,away,ft,1.05,1
AHhUtpI7,Inhulets,Shakhtar Donetsk,1,1,hc,-0.50,home,ft,20.0,1
AHhUtpI7,Inhulets,Shakhtar Donetsk,1,1,hc,-0.50,away,ft,1.04,1
AHhUtpI7,Inhulets,Shakhtar Donetsk,1,1,hc,0.50,home,ft,5.36,1
AHhUtpI7,Inhulets,Shakhtar Donetsk,1,1,hc,0.50,away,ft,1.22,1
AHhUtpI7,Inhulets,Shakhtar Donetsk,1,1,hc,-0.75,home,ft,33.75,1
AHhUtpI7,Inhulets,Shakhtar Donetsk,1,1,hc,-0.75,away,ft,1.02,1
AHhUtpI7,Inhulets,Shakhtar Donetsk,1,1,hc,0.75,home,ft,4.7,1
AHhUtpI7,Inhulets,Shakhtar Donetsk,1,1,hc,0.75,away,ft,1.25,1
AHhUtpI7,Inhulets,Shakhtar Donetsk,1,1,hc,-1.00,home,ft,49.66,1
AHhUtpI7,Inhulets,Shakhtar Donetsk,1,1,hc,1.00,home,ft,4.05,1
AHhUtpI7,Inhulets,Shakhtar Donetsk,1,1,hc,1.00,away,ft,1.3,1
AHhUtpI7,Inhulets,Shakhtar Donetsk,1,1,hc,-1.25,home,ft,47.85,1
AHhUtpI7,Inhulets,Shakhtar Donetsk,1,1,hc,1.25,home,ft,2.84,1
AHhUtpI7,Inhulets,Shakhtar Donetsk,1,1,hc,1.25,away,ft,1.5,1
AHhUtpI7,Inhulets,Shakhtar Donetsk,1,1,hc,-1.50,home,ft,48.57,1
AHhUtpI7,Inhulets,Shakhtar Donetsk,1,1,hc,1.50,home,ft,2.32,1
AHhUtpI7,Inhulets,Shakhtar Donetsk,1,1,hc,1.50,away,ft,1.71,1
AHhUtpI7,Inhulets,Shakhtar Donetsk,1,1,hc,1.75,home,ft,2.07,1
AHhUtpI7,Inhulets,Shakhtar Donetsk,1,1,hc,1.75,away,ft,1.87,1
AHhUtpI7,Inhulets,Shakhtar Donetsk,1,1,hc,2.00,home,ft,1.81,1
AHhUtpI7,Inhulets,Shakhtar Donetsk,1,1,hc,2.00,away,ft,2.13,1
AHhUtpI7,Inhulets,Shakhtar Donetsk,1,1,hc,2.25,home,ft,1.63,1
AHhUtpI7,Inhulets,Shakhtar Donetsk,1,1,hc,2.25,away,ft,2.42,1
AHhUtpI7,Inhulets,Shakhtar Donetsk,1,1,hc,2.50,home,ft,1.52,1
AHhUtpI7,Inhulets,Shakhtar Donetsk,1,1,hc,2.50,away,ft,2.72,1
AHhUtpI7,Inhulets,Shakhtar Donetsk,1,1,hc,2.75,home,ft,1.37,1
AHhUtpI7,Inhulets,Shakhtar Donetsk,1,1,hc,2.75,away,ft,3.28,1
AHhUtpI7,Inhulets,Shakhtar Donetsk,1,1,hc,3.00,home,ft,1.23,1
AHhUtpI7,Inhulets,Shakhtar Donetsk,1,1,hc,3.00,away,ft,4.34,1
AHhUtpI7,Inhulets,Shakhtar Donetsk,1,1,hc,3.25,home,ft,1.2,1
AHhUtpI7,Inhulets,Shakhtar Donetsk,1,1,hc,3.25,away,ft,4.17,1
AHhUtpI7,Inhulets,Shakhtar Donetsk,1,1,hc,3.50,home,ft,1.18,1
AHhUtpI7,Inhulets,Shakhtar Donetsk,1,1,hc,3.50,away,ft,4.35,1
AHhUtpI7,Inhulets,Shakhtar Donetsk,1,1,hc,3.75,home,ft,1.12,1
AHhUtpI7,Inhulets,Shakhtar Donetsk,1,1,hc,3.75,away,ft,5.88,1
AHhUtpI7,Inhulets,Shakhtar Donetsk,1,1,hc,4.00,home,ft,1.07,1
AHhUtpI7,Inhulets,Shakhtar Donetsk,1,1,hc,4.00,away,ft,5.88,1
AHhUtpI7,Inhulets,Shakhtar Donetsk,1,1,hc,-0.25,home,ft,19.04,1
AHhUtpI7,Inhulets,Shakhtar Donetsk,1,1,hc,-0.25,away,ft,1.05,1
AHhUtpI7,Inhulets,Shakhtar Donetsk,1,1,hc,0.25,home,ft,7.94,1
AHhUtpI7,Inhulets,Shakhtar Donetsk,1,1,hc,0.25,away,ft,1.13,1
AHhUtpI7,Inhulets,Shakhtar Donetsk,1,1,dc,0,home/draw,ft,5.3,1
AHhUtpI7,Inhulets,Shakhtar Donetsk,1,1,dc,0,home/away,ft,1.15,1
AHhUtpI7,Inhulets,Shakhtar Donetsk,1,1,dc,0,draw/away,ft,1.05,1
tI4jVsWP,Livyi Bereg,Rukh Lviv,1,1,1x2,0,home,ft,2.86,1
tI4jVsWP,Livyi Bereg,Rukh Lviv,1,1,1x2,0,draw,ft,2.78,1
tI4jVsWP,Livyi Bereg,Rukh Lviv,1,1,1x2,0,away,ft,3.25,1
tI4jVsWP,Livyi Bereg,Rukh Lviv,1,1,ou,0.50,over,ft,1.17,1
tI4jVsWP,Livyi Bereg,Rukh Lviv,1,1,ou,0.50,under,ft,6.0,1
tI4jVsWP,Livyi Bereg,Rukh Lviv,1,1,ou,1.50,over,ft,1.84,1
tI4jVsWP,Livyi Bereg,Rukh Lviv,1,1,ou,1.50,under,ft,2.12,1
tI4jVsWP,Livyi Bereg,Rukh Lviv,1,1,ou,2.50,over,ft,3.4,1
tI4jVsWP,Livyi Bereg,Rukh Lviv,1,1,ou,2.50,under,ft,1.38,1
tI4jVsWP,Livyi Bereg,Rukh Lviv,1,1,ou,3.50,over,ft,7.6,1
tI4jVsWP,Livyi Bereg,Rukh Lviv,1,1,ou,3.50,under,ft,1.13,1
tI4jVsWP,Livyi Bereg,Rukh Lviv,1,1,ou,4.50,over,ft,17.5,1
tI4jVsWP,Livyi Bereg,Rukh Lviv,1,1,ou,4.50,under,ft,1.03,1
tI4jVsWP,Livyi Bereg,Rukh Lviv,1,1,ou,5.50,over,ft,40.0,1
tI4jVsWP,Livyi Bereg,Rukh Lviv,1,1,ou,6.50,over,ft,50.0,1
tI4jVsWP,Livyi Bereg,Rukh Lviv,1,1,hc,0,home,ft,1.86,1
tI4jVsWP,Livyi Bereg,Rukh Lviv,1,1,hc,0,away,ft,2.12,1
tI4jVsWP,Livyi Bereg,Rukh Lviv,1,1,hc,0.50,home,ft,1.42,1
tI4jVsWP,Livyi Bereg,Rukh Lviv,1,1,hc,0.50,away,ft,3.25,1
tI4jVsWP,Livyi Bereg,Rukh Lviv,1,1,hc,-0.50,home,ft,2.87,1
tI4jVsWP,Livyi Bereg,Rukh Lviv,1,1,hc,-0.50,away,ft,1.51,1
tI4jVsWP,Livyi Bereg,Rukh Lviv,1,1,hc,0.75,home,ft,1.27,1
tI4jVsWP,Livyi Bereg,Rukh Lviv,1,1,hc,0.75,away,ft,4.33,1
tI4jVsWP,Livyi Bereg,Rukh Lviv,1,1,hc,-0.75,home,ft,3.73,1
tI4jVsWP,Livyi Bereg,Rukh Lviv,1,1,hc,-0.75,away,ft,1.35,1
tI4jVsWP,Livyi Bereg,Rukh Lviv,1,1,hc,1.00,home,ft,1.12,1
tI4jVsWP,Livyi Bereg,Rukh Lviv,1,1,hc,1.00,away,ft,6.97,1
tI4jVsWP,Livyi Bereg,Rukh Lviv,1,1,hc,-1.00,home,ft,6.08,1
tI4jVsWP,Livyi Bereg,Rukh Lviv,1,1,hc,-1.00,away,ft,1.16,1
tI4jVsWP,Livyi Bereg,Rukh Lviv,1,1,hc,1.25,home,ft,1.11,1
tI4jVsWP,Livyi Bereg,Rukh Lviv,1,1,hc,1.25,away,ft,7.76,1
tI4jVsWP,Livyi Bereg,Rukh Lviv,1,1,hc,-1.25,home,ft,6.94,1
tI4jVsWP,Livyi Bereg,Rukh Lviv,1,1,hc,-1.25,away,ft,1.14,1
tI4jVsWP,Livyi Bereg,Rukh Lviv,1,1,hc,1.50,home,ft,1.1,1
tI4jVsWP,Livyi Bereg,Rukh Lviv,1,1,hc,1.50,away,ft,8.56,1
tI4jVsWP,Livyi Bereg,Rukh Lviv,1,1,hc,-1.50,home,ft,7.8,1
tI4jVsWP,Livyi Bereg,Rukh Lviv,1,1,hc,-1.50,away,ft,1.12,1
tI4jVsWP,Livyi Bereg,Rukh Lviv,1,1,hc,1.75,home,ft,1.05,1
tI4jVsWP,Livyi Bereg,Rukh Lviv,1,1,hc,1.75,away,ft,8.56,1
tI4jVsWP,Livyi Bereg,Rukh Lviv,1,1,hc,-1.75,home,ft,7.8,1
tI4jVsWP,Livyi Bereg,Rukh Lviv,1,1,hc,-1.75,away,ft,1.06,1
tI4jVsWP,Livyi Bereg,Rukh Lviv,1,1,hc,-2.00,home,ft,7.8,1
tI4jVsWP,Livyi Bereg,Rukh Lviv,1,1,hc,-2.00,away,ft,1.04,1
tI4jVsWP,Livyi Bereg,Rukh Lviv,1,1,hc,-2.25,home,ft,7.8,1
tI4jVsWP,Livyi Bereg,Rukh Lviv,1,1,hc,-2.25,away,ft,1.04,1
tI4jVsWP,Livyi Bereg,Rukh Lviv,1,1,hc,-2.50,home,ft,7.8,1
tI4jVsWP,Livyi Bereg,Rukh Lviv,1,1,hc,-2.50,away,ft,1.04,1
tI4jVsWP,Livyi Bereg,Rukh Lviv,1,1,hc,-2.75,home,ft,7.8,1
tI4jVsWP,Livyi Bereg,Rukh Lviv,1,1,hc,-2.75,away,ft,1.02,1
tI4jVsWP,Livyi Bereg,Rukh Lviv,1,1,hc,0.25,home,ft,1.56,1
tI4jVsWP,Livyi Bereg,Rukh Lviv,1,1,hc,0.25,away,ft,2.68,1
tI4jVsWP,Livyi Bereg,Rukh Lviv,1,1,hc,-0.25,home,ft,2.36,1
tI4jVsWP,Livyi Bereg,Rukh Lviv,1,1,hc,-0.25,away,ft,1.7,1
tI4jVsWP,Livyi Bereg,Rukh Lviv,1,1,dc,0,home/draw,ft,1.42,1
tI4jVsWP,Livyi Bereg,Rukh Lviv,1,1,dc,0,home/away,ft,1.54,1
tI4jVsWP,Livyi Bereg,Rukh Lviv,1,1,dc,0,draw/away,ft,1.51,1
dlq4gN1D,LNZ Cherkasy,Vorskla Poltava,0,0,1x2,0,home,ft,2.64,1
dlq4gN1D,LNZ Cherkasy,Vorskla Poltava,0,0,1x2,0,draw,ft,2.86,1
dlq4gN1D,LNZ Cherkasy,Vorskla Poltava,0,0,1x2,0,away,ft,3.55,1
dlq4gN1D,LNZ Cherkasy,Vorskla Poltava,0,0,ou,0.50,over,ft,1.16,1
dlq4gN1D,LNZ Cherkasy,Vorskla Poltava,0,0,ou,0.50,under,ft,6.6,1
dlq4gN1D,LNZ Cherkasy,Vorskla Poltava,0,0,ou,1.50,over,ft,1.66,1
dlq4gN1D,LNZ Cherkasy,Vorskla Poltava,0,0,ou,1.50,under,ft,2.46,1
dlq4gN1D,LNZ Cherkasy,Vorskla Poltava,0,0,ou,2.50,over,ft,3.0,1
dlq4gN1D,LNZ Cherkasy,Vorskla Poltava,0,0,ou,2.50,under,ft,1.46,1
dlq4gN1D,LNZ Cherkasy,Vorskla Poltava,0,0,ou,3.50,over,ft,6.6,1
dlq4gN1D,LNZ Cherkasy,Vorskla Poltava,0,0,ou,3.50,under,ft,1.15,1
dlq4gN1D,LNZ Cherkasy,Vorskla Poltava,0,0,ou,4.50,over,ft,17.5,1
dlq4gN1D,LNZ Cherkasy,Vorskla Poltava,0,0,ou,4.50,under,ft,1.05,1
dlq4gN1D,LNZ Cherkasy,Vorskla Poltava,0,0,ou,5.50,over,ft,34.0,1
dlq4gN1D,LNZ Cherkasy,Vorskla Poltava,0,0,ou,6.50,over,ft,34.0,1
dlq4gN1D,LNZ Cherkasy,Vorskla Poltava,0,0,hc,0,home,ft,1.72,1
dlq4gN1D,LNZ Cherkasy,Vorskla Poltava,0,0,hc,0,away,ft,2.31,1
dlq4gN1D,LNZ Cherkasy,Vorskla Poltava,0,0,hc,0.50,home,ft,1.38,1
dlq4gN1D,LNZ Cherkasy,Vorskla Poltava,0,0,hc,0.50,away,ft,3.55,1
dlq4gN1D,LNZ Cherkasy,Vorskla Poltava,0,0,hc,-0.50,home,ft,2.6,1
dlq4gN1D,LNZ Cherkasy,Vorskla Poltava,0,0,hc,-0.50,away,ft,1.58,1
dlq4gN1D,LNZ Cherkasy,Vorskla Poltava,0,0,hc,0.75,home,ft,1.24,1
dlq4gN1D,LNZ Cherkasy,Vorskla Poltava,0,0,hc,0.75,away,ft,4.76,1
dlq4gN1D,LNZ Cherkasy,Vorskla Poltava,0,0,hc,-0.75,home,ft,3.28,1
dlq4gN1D,LNZ Cherkasy,Vorskla Poltava,0,0,hc,-0.75,away,ft,1.39,1
dlq4gN1D,LNZ Cherkasy,Vorskla Poltava,0,0,hc,1.00,home,ft,1.11,1
dlq4gN1D,LNZ Cherkasy,Vorskla Poltava,0,0,hc,1.00,away,ft,7.8,1
dlq4gN1D,LNZ Cherkasy,Vorskla Poltava,0,0,hc,-1.00,home,ft,4.69,1
dlq4gN1D,LNZ Cherkasy,Vorskla Poltava,0,0,hc,-1.00,away,ft,1.21,1
dlq4gN1D,LNZ Cherkasy,Vorskla Poltava,0,0,hc,1.25,home,ft,1.09,1
dlq4gN1D,LNZ Cherkasy,Vorskla Poltava,0,0,hc,1.25,away,ft,8.62,1
dlq4gN1D,LNZ Cherkasy,Vorskla Poltava,0,0,hc,-1.25,home,ft,5.19,1
dlq4gN1D,LNZ Cherkasy,Vorskla Poltava,0,0,hc,-1.25,away,ft,1.17,1
dlq4gN1D,LNZ Cherkasy,Vorskla Poltava,0,0,hc,1.50,home,ft,1.08,1
dlq4gN1D,LNZ Cherkasy,Vorskla Poltava,0,0,hc,1.50,away,ft,9.4,1
dlq4gN1D,LNZ Cherkasy,Vorskla Poltava,0,0,hc,-1.50,home,ft,5.8,1
dlq4gN1D,LNZ Cherkasy,Vorskla Poltava,0,0,hc,-1.50,away,ft,1.15,1
dlq4gN1D,LNZ Cherkasy,Vorskla Poltava,0,0,hc,1.75,home,ft,1.05,1
dlq4gN1D,LNZ Cherkasy,Vorskla Poltava,0,0,hc,1.75,away,ft,9.42,1
dlq4gN1D,LNZ Cherkasy,Vorskla Poltava,0,0,hc,-1.75,home,ft,6.4,1
dlq4gN1D,LNZ Cherkasy,Vorskla Poltava,0,0,hc,-1.75,away,ft,1.08,1
dlq4gN1D,LNZ Cherkasy,Vorskla Poltava,0,0,hc,2.00,away,ft,9.42,1
dlq4gN1D,LNZ Cherkasy,Vorskla Poltava,0,0,hc,2.25,home,ft,1.04,1
dlq4gN1D,LNZ Cherkasy,Vorskla Poltava,0,0,hc,2.25,away,ft,9.42,1
dlq4gN1D,LNZ Cherkasy,Vorskla Poltava,0,0,hc,2.50,home,ft,1.03,1
dlq4gN1D,LNZ Cherkasy,Vorskla Poltava,0,0,hc,2.50,away,ft,9.42,1
dlq4gN1D,LNZ Cherkasy,Vorskla Poltava,0,0,hc,2.75,away,ft,9.42,1
dlq4gN1D,LNZ Cherkasy,Vorskla Poltava,0,0,hc,0.25,home,ft,1.5,1
dlq4gN1D,LNZ Cherkasy,Vorskla Poltava,0,0,hc,0.25,away,ft,2.93,1
dlq4gN1D,LNZ Cherkasy,Vorskla Poltava,0,0,hc,-0.25,home,ft,2.16,1
dlq4gN1D,LNZ Cherkasy,Vorskla Poltava,0,0,hc,-0.25,away,ft,1.81,1
dlq4gN1D,LNZ Cherkasy,Vorskla Poltava,0,0,dc,0,home/draw,ft,1.38,1
dlq4gN1D,LNZ Cherkasy,Vorskla Poltava,0,0,dc,0,home/away,ft,1.51,1
dlq4gN1D,LNZ Cherkasy,Vorskla Poltava,0,0,dc,0,draw/away,ft,1.58,1
2ikMr6me,Oleksandriya,Veres-Rivne,3,3,1x2,0,home,ft,1.61,1
2ikMr6me,Oleksandriya,Veres-Rivne,3,3,1x2,0,draw,ft,4.0,1
2ikMr6me,Oleksandriya,Veres-Rivne,3,3,1x2,0,away,ft,7.2,1
2ikMr6me,Oleksandriya,Veres-Rivne,3,3,ou,0.50,over,ft,1.09,1
2ikMr6me,Oleksandriya,Veres-Rivne,3,3,ou,0.50,under,ft,10.5,1
2ikMr6me,Oleksandriya,Veres-Rivne,3,3,ou,1.50,over,ft,1.42,1
2ikMr6me,Oleksandriya,Veres-Rivne,3,3,ou,1.50,under,ft,3.25,1
2ikMr6me,Oleksandriya,Veres-Rivne,3,3,ou,2.50,over,ft,2.26,1
2ikMr6me,Oleksandriya,Veres-Rivne,3,3,ou,2.50,under,ft,1.75,1
2ikMr6me,Oleksandriya,Veres-Rivne,3,3,ou,3.50,over,ft,4.3,1
2ikMr6me,Oleksandriya,Veres-Rivne,3,3,ou,3.50,under,ft,1.28,1
2ikMr6me,Oleksandriya,Veres-Rivne,3,3,ou,4.50,over,ft,9.6,1
2ikMr6me,Oleksandriya,Veres-Rivne,3,3,ou,4.50,under,ft,1.1,1
2ikMr6me,Oleksandriya,Veres-Rivne,3,3,ou,5.50,over,ft,23.0,1
2ikMr6me,Oleksandriya,Veres-Rivne,3,3,ou,5.50,under,ft,1.03,1
2ikMr6me,Oleksandriya,Veres-Rivne,3,3,ou,6.50,over,ft,50.0,1
2ikMr6me,Oleksandriya,Veres-Rivne,3,3,hc,0,home,ft,1.22,1
2ikMr6me,Oleksandriya,Veres-Rivne,3,3,hc,0,away,ft,5.38,1
2ikMr6me,Oleksandriya,Veres-Rivne,3,3,hc,0.50,home,ft,1.15,1
2ikMr6me,Oleksandriya,Veres-Rivne,3,3,hc,0.50,away,ft,7.0,1
2ikMr6me,Oleksandriya,Veres-Rivne,3,3,hc,-0.50,home,ft,1.59,1
2ikMr6me,Oleksandriya,Veres-Rivne,3,3,hc,-0.50,away,ft,2.66,1
2ikMr6me,Oleksandriya,Veres-Rivne,3,3,hc,0.75,home,ft,1.09,1
2ikMr6me,Oleksandriya,Veres-Rivne,3,3,hc,0.75,away,ft,10.48,1
2ikMr6me,Oleksandriya,Veres-Rivne,3,3,hc,-0.75,home,ft,1.75,1
2ikMr6me,Oleksandriya,Veres-Rivne,3,3,hc,-0.75,away,ft,2.28,1
2ikMr6me,Oleksandriya,Veres-Rivne,3,3,hc,1.00,home,ft,1.03,1
2ikMr6me,Oleksandriya,Veres-Rivne,3,3,hc,1.00,away,ft,14.63,1
2ikMr6me,Oleksandriya,Veres-Rivne,3,3,hc,-1.00,home,ft,2.06,1
2ikMr6me,Oleksandriya,Veres-Rivne,3,3,hc,-1.00,away,ft,1.88,1
2ikMr6me,Oleksandriya,Veres-Rivne,3,3,hc,1.25,home,ft,1.02,1
2ikMr6me,Oleksandriya,Veres-Rivne,3,3,hc,1.25,away,ft,15.27,1
2ikMr6me,Oleksandriya,Veres-Rivne,3,3,hc,-1.25,home,ft,2.45,1
2ikMr6me,Oleksandriya,Veres-Rivne,3,3,hc,-1.25,away,ft,1.63,1
2ikMr6me,Oleksandriya,Veres-Rivne,3,3,hc,1.50,home,ft,1.02,1
2ikMr6me,Oleksandriya,Veres-Rivne,3,3,hc,1.50,away,ft,15.9,1
2ikMr6me,Oleksandriya,Veres-Rivne,3,3,hc,-1.50,home,ft,2.83,1
2ikMr6me,Oleksandriya,Veres-Rivne,3,3,hc,-1.50,away,ft,1.49,1
2ikMr6me,Oleksandriya,Veres-Rivne,3,3,hc,1.75,away,ft,15.9,1
2ikMr6me,Oleksandriya,Veres-Rivne,3,3,hc,-1.75,home,ft,3.39,1
2ikMr6me,Oleksandriya,Veres-Rivne,3,3,hc,-1.75,away,ft,1.35,1
2ikMr6me,Oleksandriya,Veres-Rivne,3,3,hc,-2.00,home,ft,4.34,1
2ikMr6me,Oleksandriya,Veres-Rivne,3,3,hc,-2.00,away,ft,1.19,1
2ikMr6me,Oleksandriya,Veres-Rivne,3,3,hc,-2.25,home,ft,4.75,1
2ikMr6me,Oleksandriya,Veres-Rivne,3,3,hc,-2.25,away,ft,1.16,1
2ikMr6me,Oleksandriya,Veres-Rivne,3,3,hc,-2.50,home,ft,5.04,1
2ikMr6me,Oleksandriya,Veres-Rivne,3,3,hc,-2.50,away,ft,1.14,1
2ikMr6me,Oleksandriya,Veres-Rivne,3,3,hc,-2.75,home,ft,7.07,1
2ikMr6me,Oleksandriya,Veres-Rivne,3,3,hc,-2.75,away,ft,1.09,1
2ikMr6me,Oleksandriya,Veres-Rivne,3,3,hc,-3.00,home,ft,7.34,1
2ikMr6me,Oleksandriya,Veres-Rivne,3,3,hc,-3.00,away,ft,1.05,1
2ikMr6me,Oleksandriya,Veres-Rivne,3,3,hc,-3.25,home,ft,7.34,1
2ikMr6me,Oleksandriya,Veres-Rivne,3,3,hc,-3.25,away,ft,1.05,1
2ikMr6me,Oleksandriya,Veres-Rivne,3,3,hc,-3.50,home,ft,7.34,1
2ikMr6me,Oleksandriya,Veres-Rivne,3,3,hc,-3.50,away,ft,1.04,1
2ikMr6me,Oleksandriya,Veres-Rivne,3,3,hc,-3.75,home,ft,7.34,1
2ikMr6me,Oleksandriya,Veres-Rivne,3,3,hc,-3.75,away,ft,1.02,1
2ikMr6me,Oleksandriya,Veres-Rivne,3,3,hc,-4.00,home,ft,7.34,1
2ikMr6me,Oleksandriya,Veres-Rivne,3,3,hc,-4.00,away,ft,1.03,1
2ikMr6me,Oleksandriya,Veres-Rivne,3,3,hc,0.25,home,ft,1.18,1
2ikMr6me,Oleksandriya,Veres-Rivne,3,3,hc,0.25,away,ft,6.2,1
2ikMr6me,Oleksandriya,Veres-Rivne,3,3,hc,-0.25,home,ft,1.4,1
2ikMr6me,Oleksandriya,Veres-Rivne,3,3,hc,-0.25,away,ft,3.41,1
2ikMr6me,Oleksandriya,Veres-Rivne,3,3,dc,0,home/draw,ft,1.15,1
2ikMr6me,Oleksandriya,Veres-Rivne,3,3,dc,0,home/away,ft,1.3,1
2ikMr6me,Oleksandriya,Veres-Rivne,3,3,dc,0,draw/away,ft,2.66,1
zZfeeqX0,Kolos Kovalivka,Karpaty Lviv,2,2,1x2,0,home,ft,3.25,1
zZfeeqX0,Kolos Kovalivka,Karpaty Lviv,2,2,1x2,0,draw,ft,3.15,1
zZfeeqX0,Kolos Kovalivka,Karpaty Lviv,2,2,1x2,0,away,ft,2.62,1
zZfeeqX0,Kolos Kovalivka,Karpaty Lviv,2,2,ou,0.50,over,ft,1.14,1
zZfeeqX0,Kolos Kovalivka,Karpaty Lviv,2,2,ou,0.50,under,ft,7.8,1
zZfeeqX0,Kolos Kovalivka,Karpaty Lviv,2,2,ou,1.50,over,ft,1.58,1
zZfeeqX0,Kolos Kovalivka,Karpaty Lviv,2,2,ou,1.50,under,ft,2.66,1
zZfeeqX0,Kolos Kovalivka,Karpaty Lviv,2,2,ou,2.50,over,ft,2.76,1
zZfeeqX0,Kolos Kovalivka,Karpaty Lviv,2,2,ou,2.50,under,ft,1.53,1
zZfeeqX0,Kolos Kovalivka,Karpaty Lviv,2,2,ou,3.50,over,ft,5.7,1
zZfeeqX0,Kolos Kovalivka,Karpaty Lviv,2,2,ou,3.50,under,ft,1.19,1
zZfeeqX0,Kolos Kovalivka,Karpaty Lviv,2,2,ou,4.50,over,ft,15.0,1
zZfeeqX0,Kolos Kovalivka,Karpaty Lviv,2,2,ou,4.50,under,ft,1.05,1
zZfeeqX0,Kolos Kovalivka,Karpaty Lviv,2,2,ou,5.50,over,ft,34.0,1
zZfeeqX0,Kolos Kovalivka,Karpaty Lviv,2,2,hc,0,home,ft,2.2,1
zZfeeqX0,Kolos Kovalivka,Karpaty Lviv,2,2,hc,0,away,ft,1.79,1
zZfeeqX0,Kolos Kovalivka,Karpaty Lviv,2,2,hc,0.50,home,ft,1.58,1
zZfeeqX0,Kolos Kovalivka,Karpaty Lviv,2,2,hc,0.50,away,ft,2.62,1
zZfeeqX0,Kolos Kovalivka,Karpaty Lviv,2,2,hc,-0.50,home,ft,3.25,1
zZfeeqX0,Kolos Kovalivka,Karpaty Lviv,2,2,hc,-0.50,away,ft,1.43,1
zZfeeqX0,Kolos Kovalivka,Karpaty Lviv,2,2,hc,0.75,home,ft,1.39,1
zZfeeqX0,Kolos Kovalivka,Karpaty Lviv,2,2,hc,0.75,away,ft,3.27,1
zZfeeqX0,Kolos Kovalivka,Karpaty Lviv,2,2,hc,-0.75,home,ft,4.32,1
zZfeeqX0,Kolos Kovalivka,Karpaty Lviv,2,2,hc,-0.75,away,ft,1.29,1
zZfeeqX0,Kolos Kovalivka,Karpaty Lviv,2,2,hc,1.00,home,ft,1.19,1
zZfeeqX0,Kolos Kovalivka,Karpaty Lviv,2,2,hc,1.00,away,ft,4.83,1
zZfeeqX0,Kolos Kovalivka,Karpaty Lviv,2,2,hc,-1.00,home,ft,7.0,1
zZfeeqX0,Kolos Kovalivka,Karpaty Lviv,2,2,hc,-1.00,away,ft,1.15,1
zZfeeqX0,Kolos Kovalivka,Karpaty Lviv,2,2,hc,1.25,home,ft,1.16,1
zZfeeqX0,Kolos Kovalivka,Karpaty Lviv,2,2,hc,1.25,away,ft,5.51,1
zZfeeqX0,Kolos Kovalivka,Karpaty Lviv,2,2,hc,-1.25,home,ft,7.83,1
zZfeeqX0,Kolos Kovalivka,Karpaty Lviv,2,2,hc,-1.25,away,ft,1.13,1
zZfeeqX0,Kolos Kovalivka,Karpaty Lviv,2,2,hc,1.50,home,ft,1.13,1
zZfeeqX0,Kolos Kovalivka,Karpaty Lviv,2,2,hc,1.50,away,ft,6.2,1
zZfeeqX0,Kolos Kovalivka,Karpaty Lviv,2,2,hc,-1.50,home,ft,8.52,1
zZfeeqX0,Kolos Kovalivka,Karpaty Lviv,2,2,hc,-1.50,away,ft,1.11,1
zZfeeqX0,Kolos Kovalivka,Karpaty Lviv,2,2,hc,1.75,home,ft,1.07,1
zZfeeqX0,Kolos Kovalivka,Karpaty Lviv,2,2,hc,1.75,away,ft,6.2,1
zZfeeqX0,Kolos Kovalivka,Karpaty Lviv,2,2,hc,-1.75,home,ft,8.66,1
zZfeeqX0,Kolos Kovalivka,Karpaty Lviv,2,2,hc,-1.75,away,ft,1.05,1
zZfeeqX0,Kolos Kovalivka,Karpaty Lviv,2,2,hc,2.00,home,ft,1.04,1
zZfeeqX0,Kolos Kovalivka,Karpaty Lviv,2,2,hc,2.00,away,ft,6.2,1
zZfeeqX0,Kolos Kovalivka,Karpaty Lviv,2,2,hc,2.25,home,ft,1.04,1
zZfeeqX0,Kolos Kovalivka,Karpaty Lviv,2,2,hc,2.25,away,ft,6.2,1
zZfeeqX0,Kolos Kovalivka,Karpaty Lviv,2,2,hc,2.50,home,ft,1.04,1
zZfeeqX0,Kolos Kovalivka,Karpaty Lviv,2,2,hc,2.50,away,ft,6.2,1
zZfeeqX0,Kolos Kovalivka,Karpaty Lviv,2,2,hc,2.75,home,ft,1.02,1
zZfeeqX0,Kolos Kovalivka,Karpaty Lviv,2,2,hc,2.75,away,ft,6.2,1
zZfeeqX0,Kolos Kovalivka,Karpaty Lviv,2,2,hc,0.25,home,ft,1.79,1
zZfeeqX0,Kolos Kovalivka,Karpaty Lviv,2,2,hc,0.25,away,ft,2.2,1
zZfeeqX0,Kolos Kovalivka,Karpaty Lviv,2,2,hc,-0.25,home,ft,2.72,1
zZfeeqX0,Kolos Kovalivka,Karpaty Lviv,2,2,hc,-0.25,away,ft,1.56,1
zZfeeqX0,Kolos Kovalivka,Karpaty Lviv,2,2,dc,0,home/draw,ft,1.58,1
zZfeeqX0,Kolos Kovalivka,Karpaty Lviv,2,2,dc,0,home/away,ft,1.45,1
zZfeeqX0,Kolos Kovalivka,Karpaty Lviv,2,2,dc,0,draw/away,ft,1.43,1
S8imc52l,Kryvbas,Obolon,1,1,1x2,0,home,ft,1.76,1
S8imc52l,Kryvbas,Obolon,1,1,1x2,0,draw,ft,3.5,1
S8imc52l,Kryvbas,Obolon,1,1,1x2,0,away,ft,5.8,1
S8imc52l,Kryvbas,Obolon,1,1,ou,0.50,over,ft,1.11,1
S8imc52l,Kryvbas,Obolon,1,1,ou,0.50,under,ft,9.0,1
S8imc52l,Kryvbas,Obolon,1,1,ou,1.50,over,ft,1.47,1
S8imc52l,Kryvbas,Obolon,1,1,ou,1.50,under,ft,3.0,1
S8imc52l,Kryvbas,Obolon,1,1,ou,2.50,over,ft,2.42,1
S8imc52l,Kryvbas,Obolon,1,1,ou,2.50,under,ft,1.69,1
S8imc52l,Kryvbas,Obolon,1,1,ou,3.50,over,ft,4.9,1
S8imc52l,Kryvbas,Obolon,1,1,ou,3.50,under,ft,1.24,1
S8imc52l,Kryvbas,Obolon,1,1,ou,4.50,over,ft,11.0,1
S8imc52l,Kryvbas,Obolon,1,1,ou,4.50,under,ft,1.08,1
S8imc52l,Kryvbas,Obolon,1,1,ou,5.50,over,ft,26.0,1
S8imc52l,Kryvbas,Obolon,1,1,ou,5.50,under,ft,1.02,1
S8imc52l,Kryvbas,Obolon,1,1,ou,6.50,over,ft,85.0,1
S8imc52l,Kryvbas,Obolon,1,1,hc,0,home,ft,1.28,1
S8imc52l,Kryvbas,Obolon,1,1,hc,0,away,ft,4.21,1
S8imc52l,Kryvbas,Obolon,1,1,hc,0.50,home,ft,1.19,1
S8imc52l,Kryvbas,Obolon,1,1,hc,0.50,away,ft,5.8,1
S8imc52l,Kryvbas,Obolon,1,1,hc,-0.50,home,ft,1.76,1
S8imc52l,Kryvbas,Obolon,1,1,hc,-0.50,away,ft,2.23,1
S8imc52l,Kryvbas,Obolon,1,1,hc,0.75,home,ft,1.11,1
S8imc52l,Kryvbas,Obolon,1,1,hc,0.75,away,ft,8.3,1
S8imc52l,Kryvbas,Obolon,1,1,hc,-0.75,home,ft,2.0,1
S8imc52l,Kryvbas,Obolon,1,1,hc,-0.75,away,ft,1.91,1
S8imc52l,Kryvbas,Obolon,1,1,hc,1.00,home,ft,1.03,1
S8imc52l,Kryvbas,Obolon,1,1,hc,1.00,away,ft,16.31,1
S8imc52l,Kryvbas,Obolon,1,1,hc,-1.00,home,ft,2.48,1
S8imc52l,Kryvbas,Obolon,1,1,hc,-1.00,away,ft,1.6,1
S8imc52l,Kryvbas,Obolon,1,1,hc,1.25,home,ft,1.03,1
S8imc52l,Kryvbas,Obolon,1,1,hc,1.25,away,ft,17.4,1
S8imc52l,Kryvbas,Obolon,1,1,hc,-1.25,home,ft,2.96,1
S8imc52l,Kryvbas,Obolon,1,1,hc,-1.25,away,ft,1.44,1
S8imc52l,Kryvbas,Obolon,1,1,hc,1.50,home,ft,1.03,1
S8imc52l,Kryvbas,Obolon,1,1,hc,1.50,away,ft,18.5,1
S8imc52l,Kryvbas,Obolon,1,1,hc,-1.50,home,ft,3.45,1
S8imc52l,Kryvbas,Obolon,1,1,hc,-1.50,away,ft,1.35,1
S8imc52l,Kryvbas,Obolon,1,1,hc,1.75,away,ft,18.5,1
S8imc52l,Kryvbas,Obolon,1,1,hc,-1.75,home,ft,4.32,1
S8imc52l,Kryvbas,Obolon,1,1,hc,-1.75,away,ft,1.23,1
S8imc52l,Kryvbas,Obolon,1,1,hc,-2.00,home,ft,6.02,1
S8imc52l,Kryvbas,Obolon,1,1,hc,-2.00,away,ft,1.11,1
S8imc52l,Kryvbas,Obolon,1,1,hc,-2.25,home,ft,6.39,1
S8imc52l,Kryvbas,Obolon,1,1,hc,-2.25,away,ft,1.1,1
S8imc52l,Kryvbas,Obolon,1,1,hc,-2.50,home,ft,5.73,1
S8imc52l,Kryvbas,Obolon,1,1,hc,-2.50,away,ft,1.09,1
S8imc52l,Kryvbas,Obolon,1,1,hc,-2.75,home,ft,6.97,1
S8imc52l,Kryvbas,Obolon,1,1,hc,-2.75,away,ft,1.06,1
S8imc52l,Kryvbas,Obolon,1,1,hc,-3.00,home,ft,6.97,1
S8imc52l,Kryvbas,Obolon,1,1,hc,-3.00,away,ft,1.04,1
S8imc52l,Kryvbas,Obolon,1,1,hc,-3.25,home,ft,6.97,1
S8imc52l,Kryvbas,Obolon,1,1,hc,-3.25,away,ft,1.04,1
S8imc52l,Kryvbas,Obolon,1,1,hc,-3.50,home,ft,6.97,1
S8imc52l,Kryvbas,Obolon,1,1,hc,-3.50,away,ft,1.03,1
S8imc52l,Kryvbas,Obolon,1,1,hc,-3.75,home,ft,6.97,1
S8imc52l,Kryvbas,Obolon,1,1,hc,0.25,home,ft,1.22,1
S8imc52l,Kryvbas,Obolon,1,1,hc,0.25,away,ft,5.01,1
S8imc52l,Kryvbas,Obolon,1,1,hc,-0.25,home,ft,1.52,1
S8imc52l,Kryvbas,Obolon,1,1,hc,-0.25,away,ft,2.79,1
S8imc52l,Kryvbas,Obolon,1,1,dc,0,home/draw,ft,1.19,1
S8imc52l,Kryvbas,Obolon,1,1,dc,0,home/away,ft,1.36,1
S8imc52l,Kryvbas,Obolon,1,1,dc,0,draw/away,ft,2.22,1
tx1DpSIr,FK Zorya Luhansk,Polissya Zhytomyr,0,0,1x2,0,home,ft,5.1,1
tx1DpSIr,FK Zorya Luhansk,Polissya Zhytomyr,0,0,1x2,0,draw,ft,3.55,1
tx1DpSIr,FK Zorya Luhansk,Polissya Zhytomyr,0,0,1x2,0,away,ft,1.88,1
tx1DpSIr,FK Zorya Luhansk,Polissya Zhytomyr,0,0,ou,0.50,over,ft,1.11,1
tx1DpSIr,FK Zorya Luhansk,Polissya Zhytomyr,0,0,ou,0.50,under,ft,9.4,1
tx1DpSIr,FK Zorya Luhansk,Polissya Zhytomyr,0,0,ou,1.50,over,ft,1.46,1
tx1DpSIr,FK Zorya Luhansk,Polissya Zhytomyr,0,0,ou,1.50,under,ft,3.15,1
tx1DpSIr,FK Zorya Luhansk,Polissya Zhytomyr,0,0,ou,2.50,over,ft,2.36,1
tx1DpSIr,FK Zorya Luhansk,Polissya Zhytomyr,0,0,ou,2.50,under,ft,1.69,1
tx1DpSIr,FK Zorya Luhansk,Polissya Zhytomyr,0,0,ou,3.50,over,ft,4.6,1
tx1DpSIr,FK Zorya Luhansk,Polissya Zhytomyr,0,0,ou,3.50,under,ft,1.26,1
tx1DpSIr,FK Zorya Luhansk,Polissya Zhytomyr,0,0,ou,4.50,over,ft,10.5,1
tx1DpSIr,FK Zorya Luhansk,Polissya Zhytomyr,0,0,ou,4.50,under,ft,1.09,1
tx1DpSIr,FK Zorya Luhansk,Polissya Zhytomyr,0,0,ou,5.50,over,ft,26.0,1
tx1DpSIr,FK Zorya Luhansk,Polissya Zhytomyr,0,0,ou,5.50,under,ft,1.02,1
tx1DpSIr,FK Zorya Luhansk,Polissya Zhytomyr,0,0,ou,6.50,over,ft,85.0,1
tx1DpSIr,FK Zorya Luhansk,Polissya Zhytomyr,0,0,hc,0,home,ft,3.72,1
tx1DpSIr,FK Zorya Luhansk,Polissya Zhytomyr,0,0,hc,0,away,ft,1.34,1
tx1DpSIr,FK Zorya Luhansk,Polissya Zhytomyr,0,0,hc,0.50,home,ft,2.11,1
tx1DpSIr,FK Zorya Luhansk,Polissya Zhytomyr,0,0,hc,0.50,away,ft,1.88,1
tx1DpSIr,FK Zorya Luhansk,Polissya Zhytomyr,0,0,hc,-0.50,home,ft,5.1,1
tx1DpSIr,FK Zorya Luhansk,Polissya Zhytomyr,0,0,hc,-0.50,away,ft,1.22,1
tx1DpSIr,FK Zorya Luhansk,Polissya Zhytomyr,0,0,hc,0.75,home,ft,1.81,1
tx1DpSIr,FK Zorya Luhansk,Polissya Zhytomyr,0,0,hc,0.75,away,ft,2.17,1
tx1DpSIr,FK Zorya Luhansk,Polissya Zhytomyr,0,0,hc,-0.75,home,ft,7.37,1
tx1DpSIr,FK Zorya Luhansk,Polissya Zhytomyr,0,0,hc,-0.75,away,ft,1.14,1
tx1DpSIr,FK Zorya Luhansk,Polissya Zhytomyr,0,0,hc,1.00,home,ft,1.51,1
tx1DpSIr,FK Zorya Luhansk,Polissya Zhytomyr,0,0,hc,1.00,away,ft,2.71,1
tx1DpSIr,FK Zorya Luhansk,Polissya Zhytomyr,0,0,hc,-1.00,home,ft,11.98,1
tx1DpSIr,FK Zorya Luhansk,Polissya Zhytomyr,0,0,hc,-1.00,away,ft,1.06,1
tx1DpSIr,FK Zorya Luhansk,Polissya Zhytomyr,0,0,hc,1.25,home,ft,1.39,1
tx1DpSIr,FK Zorya Luhansk,Polissya Zhytomyr,0,0,hc,1.25,away,ft,3.19,1
tx1DpSIr,FK Zorya Luhansk,Polissya Zhytomyr,0,0,hc,-1.25,home,ft,12.69,1
tx1DpSIr,FK Zorya Luhansk,Polissya Zhytomyr,0,0,hc,-1.25,away,ft,1.05,1
tx1DpSIr,FK Zorya Luhansk,Polissya Zhytomyr,0,0,hc,1.50,home,ft,1.32,1
tx1DpSIr,FK Zorya Luhansk,Polissya Zhytomyr,0,0,hc,1.50,away,ft,3.67,1
tx1DpSIr,FK Zorya Luhansk,Polissya Zhytomyr,0,0,hc,-1.50,home,ft,12.44,1
tx1DpSIr,FK Zorya Luhansk,Polissya Zhytomyr,0,0,hc,-1.50,away,ft,1.05,1
tx1DpSIr,FK Zorya Luhansk,Polissya Zhytomyr,0,0,hc,1.75,home,ft,1.22,1
tx1DpSIr,FK Zorya Luhansk,Polissya Zhytomyr,0,0,hc,1.75,away,ft,4.74,1
tx1DpSIr,FK Zorya Luhansk,Polissya Zhytomyr,0,0,hc,-1.75,home,ft,12.44,1
tx1DpSIr,FK Zorya Luhansk,Polissya Zhytomyr,0,0,hc,-1.75,away,ft,1.02,1
tx1DpSIr,FK Zorya Luhansk,Polissya Zhytomyr,0,0,hc,2.00,home,ft,1.12,1
tx1DpSIr,FK Zorya Luhansk,Polissya Zhytomyr,0,0,hc,2.00,away,ft,6.91,1
tx1DpSIr,FK Zorya Luhansk,Polissya Zhytomyr,0,0,hc,2.25,home,ft,1.1,1
tx1DpSIr,FK Zorya Luhansk,Polissya Zhytomyr,0,0,hc,2.25,away,ft,6.17,1
tx1DpSIr,FK Zorya Luhansk,Polissya Zhytomyr,0,0,hc,2.50,home,ft,1.1,1
tx1DpSIr,FK Zorya Luhansk,Polissya Zhytomyr,0,0,hc,2.50,away,ft,6.55,1
tx1DpSIr,FK Zorya Luhansk,Polissya Zhytomyr,0,0,hc,2.75,home,ft,1.05,1
tx1DpSIr,FK Zorya Luhansk,Polissya Zhytomyr,0,0,hc,2.75,away,ft,5.27,1
tx1DpSIr,FK Zorya Luhansk,Polissya Zhytomyr,0,0,hc,0.25,home,ft,2.58,1
tx1DpSIr,FK Zorya Luhansk,Polissya Zhytomyr,0,0,hc,0.25,away,ft,1.61,1
tx1DpSIr,FK Zorya Luhansk,Polissya Zhytomyr,0,0,hc,-0.25,home,ft,4.44,1
tx1DpSIr,FK Zorya Luhansk,Polissya Zhytomyr,0,0,hc,-0.25,away,ft,1.27,1
tx1DpSIr,FK Zorya Luhansk,Polissya Zhytomyr,0,0,dc,0,home/draw,ft,2.1,1
tx1DpSIr,FK Zorya Luhansk,Polissya Zhytomyr,0,0,dc,0,home/away,ft,1.37,1
tx1DpSIr,FK Zorya Luhansk,Polissya Zhytomyr,0,0,dc,0,draw/away,ft,1.23,1
0MR37vvJ,Inhulets,Livyi Bereg,2,2,1x2,0,home,ft,3.5,1
0MR37vvJ,Inhulets,Livyi Bereg,2,2,1x2,0,draw,ft,2.82,1
0MR37vvJ,Inhulets,Livyi Bereg,2,2,1x2,0,away,ft,2.72,1
0MR37vvJ,Inhulets,Livyi Bereg,2,2,ou,0.50,over,ft,1.16,1
0MR37vvJ,Inhulets,Livyi Bereg,2,2,ou,0.50,under,ft,6.4,1
0MR37vvJ,Inhulets,Livyi Bereg,2,2,ou,1.50,over,ft,1.65,1
0MR37vvJ,Inhulets,Livyi Bereg,2,2,ou,1.50,under,ft,2.44,1
0MR37vvJ,Inhulets,Livyi Bereg,2,2,ou,2.50,over,ft,3.05,1
0MR37vvJ,Inhulets,Livyi Bereg,2,2,ou,2.50,under,ft,1.45,1
0MR37vvJ,Inhulets,Livyi Bereg,2,2,ou,3.50,over,ft,6.8,1
0MR37vvJ,Inhulets,Livyi Bereg,2,2,ou,3.50,under,ft,1.15,1
0MR37vvJ,Inhulets,Livyi Bereg,2,2,ou,4.50,over,ft,18.0,1
0MR37vvJ,Inhulets,Livyi Bereg,2,2,ou,4.50,under,ft,1.05,1
0MR37vvJ,Inhulets,Livyi Bereg,2,2,ou,5.50,over,ft,34.0,1
0MR37vvJ,Inhulets,Livyi Bereg,2,2,ou,6.50,over,ft,50.0,1
0MR37vvJ,Inhulets,Livyi Bereg,2,2,hc,0,home,ft,2.26,1
0MR37vvJ,Inhulets,Livyi Bereg,2,2,hc,0,away,ft,1.75,1
0MR37vvJ,Inhulets,Livyi Bereg,2,2,hc,0.50,home,ft,1.56,1
0MR37vvJ,Inhulets,Livyi Bereg,2,2,hc,0.50,away,ft,2.72,1
0MR37vvJ,Inhulets,Livyi Bereg,2,2,hc,-0.50,home,ft,3.5,1
0MR37vvJ,Inhulets,Livyi Bereg,2,2,hc,-0.50,away,ft,1.38,1
0MR37vvJ,Inhulets,Livyi Bereg,2,2,hc,0.75,home,ft,1.38,1
0MR37vvJ,Inhulets,Livyi Bereg,2,2,hc,0.75,away,ft,3.47,1
0MR37vvJ,Inhulets,Livyi Bereg,2,2,hc,-0.75,home,ft,4.75,1
0MR37vvJ,Inhulets,Livyi Bereg,2,2,hc,-0.75,away,ft,1.24,1
0MR37vvJ,Inhulets,Livyi Bereg,2,2,hc,1.00,home,ft,1.2,1
0MR37vvJ,Inhulets,Livyi Bereg,2,2,hc,1.00,away,ft,5.34,1
0MR37vvJ,Inhulets,Livyi Bereg,2,2,hc,-1.00,home,ft,8.5,1
0MR37vvJ,Inhulets,Livyi Bereg,2,2,hc,-1.00,away,ft,1.11,1
0MR37vvJ,Inhulets,Livyi Bereg,2,2,hc,1.25,home,ft,1.17,1
0MR37vvJ,Inhulets,Livyi Bereg,2,2,hc,1.25,away,ft,6.11,1
0MR37vvJ,Inhulets,Livyi Bereg,2,2,hc,-1.25,home,ft,9.5,1
0MR37vvJ,Inhulets,Livyi Bereg,2,2,hc,-1.25,away,ft,1.1,1
0MR37vvJ,Inhulets,Livyi Bereg,2,2,hc,1.50,home,ft,1.14,1
0MR37vvJ,Inhulets,Livyi Bereg,2,2,hc,1.50,away,ft,6.87,1
0MR37vvJ,Inhulets,Livyi Bereg,2,2,hc,-1.50,home,ft,10.5,1
0MR37vvJ,Inhulets,Livyi Bereg,2,2,hc,-1.50,away,ft,1.09,1
0MR37vvJ,Inhulets,Livyi Bereg,2,2,hc,1.75,home,ft,1.08,1
0MR37vvJ,Inhulets,Livyi Bereg,2,2,hc,1.75,away,ft,6.87,1
0MR37vvJ,Inhulets,Livyi Bereg,2,2,hc,-1.75,home,ft,10.5,1
0MR37vvJ,Inhulets,Livyi Bereg,2,2,hc,-1.75,away,ft,1.05,1
0MR37vvJ,Inhulets,Livyi Bereg,2,2,hc,0.25,home,ft,1.78,1
0MR37vvJ,Inhulets,Livyi Bereg,2,2,hc,0.25,away,ft,2.23,1
0MR37vvJ,Inhulets,Livyi Bereg,2,2,hc,-0.25,home,ft,2.88,1
0MR37vvJ,Inhulets,Livyi Bereg,2,2,hc,-0.25,away,ft,1.5,1
0MR37vvJ,Inhulets,Livyi Bereg,2,2,dc,0,home/draw,ft,1.56,1
0MR37vvJ,Inhulets,Livyi Bereg,2,2,dc,0,home/away,ft,1.53,1
0MR37vvJ,Inhulets,Livyi Bereg,2,2,dc,0,draw/away,ft,1.38,1
E3MkhJKi,Karpaty Lviv,Oleksandriya,2,2,1x2,0,home,ft,3.75,1
E3MkhJKi,Karpaty Lviv,Oleksandriya,2,2,1x2,0,draw,ft,3.15,1
E3MkhJKi,Karpaty Lviv,Oleksandriya,2,2,1x2,0,away,ft,2.3,1
E3MkhJKi,Karpaty Lviv,Oleksandriya,2,2,ou,0.50,over,ft,1.12,1
E3MkhJKi,Karpaty Lviv,Oleksandriya,2,2,ou,0.50,under,ft,8.4,1
E3MkhJKi,Karpaty Lviv,Oleksandriya,2,2,ou,1.50,over,ft,1.52,1
E3MkhJKi,Karpaty Lviv,Oleksandriya,2,2,ou,1.50,under,ft,2.8,1
E3MkhJKi,Karpaty Lviv,Oleksandriya,2,2,ou,2.50,over,ft,2.6,1
E3MkhJKi,Karpaty Lviv,Oleksandriya,2,2,ou,2.50,under,ft,1.6,1
E3MkhJKi,Karpaty Lviv,Oleksandriya,2,2,ou,3.50,over,ft,5.2,1
E3MkhJKi,Karpaty Lviv,Oleksandriya,2,2,ou,3.50,under,ft,1.22,1
E3MkhJKi,Karpaty Lviv,Oleksandriya,2,2,ou,4.50,over,ft,12.5,1
E3MkhJKi,Karpaty Lviv,Oleksandriya,2,2,ou,4.50,under,ft,1.07,1
E3MkhJKi,Karpaty Lviv,Oleksandriya,2,2,ou,5.50,over,ft,34.0,1
E3MkhJKi,Karpaty Lviv,Oleksandriya,2,2,ou,5.50,under,ft,1.02,1
E3MkhJKi,Karpaty Lviv,Oleksandriya,2,2,ou,6.50,over,ft,50.0,1
E3MkhJKi,Karpaty Lviv,Oleksandriya,2,2,hc,0,home,ft,2.58,1
E3MkhJKi,Karpaty Lviv,Oleksandriya,2,2,hc,0,away,ft,1.58,1
E3MkhJKi,Karpaty Lviv,Oleksandriya,2,2,hc,0.50,home,ft,1.73,1
E3MkhJKi,Karpaty Lviv,Oleksandriya,2,2,hc,0.50,away,ft,2.3,1
E3MkhJKi,Karpaty Lviv,Oleksandriya,2,2,hc,-0.50,home,ft,3.75,1
E3MkhJKi,Karpaty Lviv,Oleksandriya,2,2,hc,-0.50,away,ft,1.34,1
E3MkhJKi,Karpaty Lviv,Oleksandriya,2,2,hc,0.75,home,ft,1.51,1
E3MkhJKi,Karpaty Lviv,Oleksandriya,2,2,hc,0.75,away,ft,2.82,1
E3MkhJKi,Karpaty Lviv,Oleksandriya,2,2,hc,-0.75,home,ft,5.0,1
E3MkhJKi,Karpaty Lviv,Oleksandriya,2,2,hc,-0.75,away,ft,1.22,1
E3MkhJKi,Karpaty Lviv,Oleksandriya,2,2,hc,1.00,home,ft,1.29,1
E3MkhJKi,Karpaty Lviv,Oleksandriya,2,2,hc,1.00,away,ft,4.05,1
E3MkhJKi,Karpaty Lviv,Oleksandriya,2,2,hc,-1.00,home,ft,8.33,1
E3MkhJKi,Karpaty Lviv,Oleksandriya,2,2,hc,-1.00,away,ft,1.1,1
E3MkhJKi,Karpaty Lviv,Oleksandriya,2,2,hc,1.25,home,ft,1.24,1
E3MkhJKi,Karpaty Lviv,Oleksandriya,2,2,hc,1.25,away,ft,4.72,1
E3MkhJKi,Karpaty Lviv,Oleksandriya,2,2,hc,-1.25,home,ft,9.16,1
E3MkhJKi,Karpaty Lviv,Oleksandriya,2,2,hc,-1.25,away,ft,1.09,1
E3MkhJKi,Karpaty Lviv,Oleksandriya,2,2,hc,1.50,home,ft,1.2,1
E3MkhJKi,Karpaty Lviv,Oleksandriya,2,2,hc,1.50,away,ft,5.4,1
E3MkhJKi,Karpaty Lviv,Oleksandriya,2,2,hc,-1.50,home,ft,10.0,1
E3MkhJKi,Karpaty Lviv,Oleksandriya,2,2,hc,-1.50,away,ft,1.08,1
E3MkhJKi,Karpaty Lviv,Oleksandriya,2,2,hc,1.75,home,ft,1.12,1
E3MkhJKi,Karpaty Lviv,Oleksandriya,2,2,hc,1.75,away,ft,7.54,1
E3MkhJKi,Karpaty Lviv,Oleksandriya,2,2,hc,-1.75,home,ft,10.0,1
E3MkhJKi,Karpaty Lviv,Oleksandriya,2,2,hc,-1.75,away,ft,1.05,1
E3MkhJKi,Karpaty Lviv,Oleksandriya,2,2,hc,2.00,home,ft,1.05,1
E3MkhJKi,Karpaty Lviv,Oleksandriya,2,2,hc,2.00,away,ft,7.21,1
E3MkhJKi,Karpaty Lviv,Oleksandriya,2,2,hc,2.25,home,ft,1.04,1
E3MkhJKi,Karpaty Lviv,Oleksandriya,2,2,hc,2.25,away,ft,7.34,1
E3MkhJKi,Karpaty Lviv,Oleksandriya,2,2,hc,2.50,home,ft,1.04,1
E3MkhJKi,Karpaty Lviv,Oleksandriya,2,2,hc,2.50,away,ft,7.46,1
E3MkhJKi,Karpaty Lviv,Oleksandriya,2,2,hc,2.75,home,ft,1.02,1
E3MkhJKi,Karpaty Lviv,Oleksandriya,2,2,hc,2.75,away,ft,7.46,1
E3MkhJKi,Karpaty Lviv,Oleksandriya,2,2,hc,0.25,home,ft,2.0,1
E3MkhJKi,Karpaty Lviv,Oleksandriya,2,2,hc,0.25,away,ft,1.94,1
E3MkhJKi,Karpaty Lviv,Oleksandriya,2,2,hc,-0.25,home,ft,3.16,1
E3MkhJKi,Karpaty Lviv,Oleksandriya,2,2,hc,-0.25,away,ft,1.43,1
E3MkhJKi,Karpaty Lviv,Oleksandriya,2,2,dc,0,home/draw,ft,1.73,1
E3MkhJKi,Karpaty Lviv,Oleksandriya,2,2,dc,0,home/away,ft,1.44,1
E3MkhJKi,Karpaty Lviv,Oleksandriya,2,2,dc,0,draw/away,ft,1.34,1
rqE6lyKG,Kryvbas,Kolos Kovalivka,0,0,1x2,0,home,ft,2.26,1
rqE6lyKG,Kryvbas,Kolos Kovalivka,0,0,1x2,0,draw,ft,3.2,1
rqE6lyKG,Kryvbas,Kolos Kovalivka,0,0,1x2,0,away,ft,3.95,1
rqE6lyKG,Kryvbas,Kolos Kovalivka,0,0,ou,0.50,over,ft,1.12,1
rqE6lyKG,Kryvbas,Kolos Kovalivka,0,0,ou,0.50,under,ft,8.0,1
rqE6lyKG,Kryvbas,Kolos Kovalivka,0,0,ou,1.50,over,ft,1.56,1
rqE6lyKG,Kryvbas,Kolos Kovalivka,0,0,ou,1.50,under,ft,2.66,1
rqE6lyKG,Kryvbas,Kolos Kovalivka,0,0,ou,2.50,over,ft,2.72,1
rqE6lyKG,Kryvbas,Kolos Kovalivka,0,0,ou,2.50,under,ft,1.55,1
rqE6lyKG,Kryvbas,Kolos Kovalivka,0,0,ou,3.50,over,ft,5.9,1
rqE6lyKG,Kryvbas,Kolos Kovalivka,0,0,ou,3.50,under,ft,1.18,1
rqE6lyKG,Kryvbas,Kolos Kovalivka,0,0,ou,4.50,over,ft,14.0,1
rqE6lyKG,Kryvbas,Kolos Kovalivka,0,0,ou,4.50,under,ft,1.06,1
rqE6lyKG,Kryvbas,Kolos Kovalivka,0,0,ou,5.50,over,ft,34.0,1
rqE6lyKG,Kryvbas,Kolos Kovalivka,0,0,ou,6.50,over,ft,36.0,1
rqE6lyKG,Kryvbas,Kolos Kovalivka,0,0,hc,0,home,ft,1.56,1
rqE6lyKG,Kryvbas,Kolos Kovalivka,0,0,hc,0,away,ft,2.73,1
rqE6lyKG,Kryvbas,Kolos Kovalivka,0,0,hc,0.50,home,ft,1.33,1
rqE6lyKG,Kryvbas,Kolos Kovalivka,0,0,hc,0.50,away,ft,3.95,1
rqE6lyKG,Kryvbas,Kolos Kovalivka,0,0,hc,-0.50,home,ft,2.26,1
rqE6lyKG,Kryvbas,Kolos Kovalivka,0,0,hc,-0.50,away,ft,1.78,1
rqE6lyKG,Kryvbas,Kolos Kovalivka,0,0,hc,0.75,home,ft,1.22,1
rqE6lyKG,Kryvbas,Kolos Kovalivka,0,0,hc,0.75,away,ft,5.4,1
rqE6lyKG,Kryvbas,Kolos Kovalivka,0,0,hc,-0.75,home,ft,2.72,1
rqE6lyKG,Kryvbas,Kolos Kovalivka,0,0,hc,-0.75,away,ft,1.55,1
rqE6lyKG,Kryvbas,Kolos Kovalivka,0,0,hc,1.00,home,ft,1.1,1
rqE6lyKG,Kryvbas,Kolos Kovalivka,0,0,hc,1.00,away,ft,9.58,1
rqE6lyKG,Kryvbas,Kolos Kovalivka,0,0,hc,-1.00,home,ft,3.72,1
rqE6lyKG,Kryvbas,Kolos Kovalivka,0,0,hc,-1.00,away,ft,1.31,1
rqE6lyKG,Kryvbas,Kolos Kovalivka,0,0,hc,1.25,home,ft,1.09,1
rqE6lyKG,Kryvbas,Kolos Kovalivka,0,0,hc,1.25,away,ft,10.54,1
rqE6lyKG,Kryvbas,Kolos Kovalivka,0,0,hc,-1.25,home,ft,4.31,1
rqE6lyKG,Kryvbas,Kolos Kovalivka,0,0,hc,-1.25,away,ft,1.26,1
rqE6lyKG,Kryvbas,Kolos Kovalivka,0,0,hc,1.50,home,ft,1.08,1
rqE6lyKG,Kryvbas,Kolos Kovalivka,0,0,hc,1.50,away,ft,11.5,1
rqE6lyKG,Kryvbas,Kolos Kovalivka,0,0,hc,-1.50,home,ft,4.89,1
rqE6lyKG,Kryvbas,Kolos Kovalivka,0,0,hc,-1.50,away,ft,1.21,1
rqE6lyKG,Kryvbas,Kolos Kovalivka,0,0,hc,1.75,home,ft,1.04,1
rqE6lyKG,Kryvbas,Kolos Kovalivka,0,0,hc,1.75,away,ft,11.5,1
rqE6lyKG,Kryvbas,Kolos Kovalivka,0,0,hc,-1.75,home,ft,6.54,1
rqE6lyKG,Kryvbas,Kolos Kovalivka,0,0,hc,-1.75,away,ft,1.14,1
rqE6lyKG,Kryvbas,Kolos Kovalivka,0,0,hc,-2.00,home,ft,10.31,1
rqE6lyKG,Kryvbas,Kolos Kovalivka,0,0,hc,-2.00,away,ft,1.07,1
rqE6lyKG,Kryvbas,Kolos Kovalivka,0,0,hc,-2.25,home,ft,10.58,1
rqE6lyKG,Kryvbas,Kolos Kovalivka,0,0,hc,-2.25,away,ft,1.06,1
rqE6lyKG,Kryvbas,Kolos Kovalivka,0,0,hc,-2.50,home,ft,6.68,1
rqE6lyKG,Kryvbas,Kolos Kovalivka,0,0,hc,-2.50,away,ft,1.06,1
rqE6lyKG,Kryvbas,Kolos Kovalivka,0,0,hc,-2.75,home,ft,6.68,1
rqE6lyKG,Kryvbas,Kolos Kovalivka,0,0,hc,-2.75,away,ft,1.03,1
rqE6lyKG,Kryvbas,Kolos Kovalivka,0,0,hc,0.25,home,ft,1.42,1
rqE6lyKG,Kryvbas,Kolos Kovalivka,0,0,hc,0.25,away,ft,3.34,1
rqE6lyKG,Kryvbas,Kolos Kovalivka,0,0,hc,-0.25,home,ft,1.91,1
rqE6lyKG,Kryvbas,Kolos Kovalivka,0,0,hc,-0.25,away,ft,2.07,1
rqE6lyKG,Kryvbas,Kolos Kovalivka,0,0,dc,0,home/draw,ft,1.33,1
rqE6lyKG,Kryvbas,Kolos Kovalivka,0,0,dc,0,home/away,ft,1.43,1
rqE6lyKG,Kryvbas,Kolos Kovalivka,0,0,dc,0,draw/away,ft,1.78,1
MTPcjck4,Rukh Lviv,Veres-Rivne,2,2,1x2,0,home,ft,2.52,1
MTPcjck4,Rukh Lviv,Veres-Rivne,2,2,1x2,0,draw,ft,3.15,1
MTPcjck4,Rukh Lviv,Veres-Rivne,2,2,1x2,0,away,ft,3.25,1
MTPcjck4,Rukh Lviv,Veres-Rivne,2,2,ou,0.50,over,ft,1.12,1
MTPcjck4,Rukh Lviv,Veres-Rivne,2,2,ou,0.50,under,ft,8.6,1
MTPcjck4,Rukh Lviv,Veres-Rivne,2,2,ou,1.50,over,ft,1.49,1
MTPcjck4,Rukh Lviv,Veres-Rivne,2,2,ou,1.50,under,ft,2.9,1
MTPcjck4,Rukh Lviv,Veres-Rivne,2,2,ou,2.50,over,ft,2.54,1
MTPcjck4,Rukh Lviv,Veres-Rivne,2,2,ou,2.50,under,ft,1.6,1
MTPcjck4,Rukh Lviv,Veres-Rivne,2,2,ou,3.50,over,ft,5.1,1
MTPcjck4,Rukh Lviv,Veres-Rivne,2,2,ou,3.50,under,ft,1.23,1
MTPcjck4,Rukh Lviv,Veres-Rivne,2,2,ou,4.50,over,ft,12.0,1
MTPcjck4,Rukh Lviv,Veres-Rivne,2,2,ou,4.50,under,ft,1.07,1
MTPcjck4,Rukh Lviv,Veres-Rivne,2,2,ou,5.50,over,ft,26.0,1
MTPcjck4,Rukh Lviv,Veres-Rivne,2,2,ou,5.50,under,ft,1.02,1
MTPcjck4,Rukh Lviv,Veres-Rivne,2,2,ou,6.50,over,ft,50.0,1
MTPcjck4,Rukh Lviv,Veres-Rivne,2,2,hc,0,home,ft,1.74,1
MTPcjck4,Rukh Lviv,Veres-Rivne,2,2,hc,0,away,ft,2.31,1
MTPcjck4,Rukh Lviv,Veres-Rivne,2,2,hc,0.50,home,ft,1.4,1
MTPcjck4,Rukh Lviv,Veres-Rivne,2,2,hc,0.50,away,ft,3.34,1
MTPcjck4,Rukh Lviv,Veres-Rivne,2,2,hc,-0.50,home,ft,2.52,1
MTPcjck4,Rukh Lviv,Veres-Rivne,2,2,hc,-0.50,away,ft,1.64,1
MTPcjck4,Rukh Lviv,Veres-Rivne,2,2,hc,0.75,home,ft,1.27,1
MTPcjck4,Rukh Lviv,Veres-Rivne,2,2,hc,0.75,away,ft,4.37,1
MTPcjck4,Rukh Lviv,Veres-Rivne,2,2,hc,-0.75,home,ft,3.14,1
MTPcjck4,Rukh Lviv,Veres-Rivne,2,2,hc,-0.75,away,ft,1.43,1
MTPcjck4,Rukh Lviv,Veres-Rivne,2,2,hc,1.00,home,ft,1.13,1
MTPcjck4,Rukh Lviv,Veres-Rivne,2,2,hc,1.00,away,ft,7.0,1
MTPcjck4,Rukh Lviv,Veres-Rivne,2,2,hc,-1.00,home,ft,4.36,1
MTPcjck4,Rukh Lviv,Veres-Rivne,2,2,hc,-1.00,away,ft,1.22,1
MTPcjck4,Rukh Lviv,Veres-Rivne,2,2,hc,1.25,home,ft,1.11,1
MTPcjck4,Rukh Lviv,Veres-Rivne,2,2,hc,1.25,away,ft,7.78,1
MTPcjck4,Rukh Lviv,Veres-Rivne,2,2,hc,-1.25,home,ft,4.96,1
MTPcjck4,Rukh Lviv,Veres-Rivne,2,2,hc,-1.25,away,ft,1.18,1
MTPcjck4,Rukh Lviv,Veres-Rivne,2,2,hc,1.50,home,ft,1.1,1
MTPcjck4,Rukh Lviv,Veres-Rivne,2,2,hc,1.50,away,ft,8.56,1
MTPcjck4,Rukh Lviv,Veres-Rivne,2,2,hc,-1.50,home,ft,5.57,1
MTPcjck4,Rukh Lviv,Veres-Rivne,2,2,hc,-1.50,away,ft,1.15,1
MTPcjck4,Rukh Lviv,Veres-Rivne,2,2,hc,1.75,home,ft,1.05,1
MTPcjck4,Rukh Lviv,Veres-Rivne,2,2,hc,1.75,away,ft,8.56,1
MTPcjck4,Rukh Lviv,Veres-Rivne,2,2,hc,-1.75,home,ft,7.47,1
MTPcjck4,Rukh Lviv,Veres-Rivne,2,2,hc,-1.75,away,ft,1.1,1
MTPcjck4,Rukh Lviv,Veres-Rivne,2,2,hc,-2.00,home,ft,7.39,1
MTPcjck4,Rukh Lviv,Veres-Rivne,2,2,hc,-2.00,away,ft,1.04,1
MTPcjck4,Rukh Lviv,Veres-Rivne,2,2,hc,-2.25,home,ft,7.39,1
MTPcjck4,Rukh Lviv,Veres-Rivne,2,2,hc,-2.25,away,ft,1.04,1
MTPcjck4,Rukh Lviv,Veres-Rivne,2,2,hc,-2.50,home,ft,7.4,1
MTPcjck4,Rukh Lviv,Veres-Rivne,2,2,hc,-2.50,away,ft,1.04,1
MTPcjck4,Rukh Lviv,Veres-Rivne,2,2,hc,-2.75,home,ft,7.4,1
MTPcjck4,Rukh Lviv,Veres-Rivne,2,2,hc,-2.75,away,ft,1.02,1
MTPcjck4,Rukh Lviv,Veres-Rivne,2,2,hc,0.25,home,ft,1.52,1
MTPcjck4,Rukh Lviv,Veres-Rivne,2,2,hc,0.25,away,ft,2.83,1
MTPcjck4,Rukh Lviv,Veres-Rivne,2,2,hc,-0.25,home,ft,2.13,1
MTPcjck4,Rukh Lviv,Veres-Rivne,2,2,hc,-0.25,away,ft,1.87,1
MTPcjck4,Rukh Lviv,Veres-Rivne,2,2,dc,0,home/draw,ft,1.41,1
MTPcjck4,Rukh Lviv,Veres-Rivne,2,2,dc,0,home/away,ft,1.44,1
MTPcjck4,Rukh Lviv,Veres-Rivne,2,2,dc,0,draw/away,ft,1.64,1
tvtX4d4c,Obolon,LNZ Cherkasy,0,0,1x2,0,home,ft,3.65,1
tvtX4d4c,Obolon,LNZ Cherkasy,0,0,1x2,0,draw,ft,2.8,1
tvtX4d4c,Obolon,LNZ Cherkasy,0,0,1x2,0,away,ft,2.58,1
tvtX4d4c,Obolon,LNZ Cherkasy,0,0,ou,0.50,over,ft,1.15,1
tvtX4d4c,Obolon,LNZ Cherkasy,0,0,ou,0.50,under,ft,7.0,1
tvtX4d4c,Obolon,LNZ Cherkasy,0,0,ou,1.50,over,ft,1.64,1
tvtX4d4c,Obolon,LNZ Cherkasy,0,0,ou,1.50,under,ft,2.52,1
tvtX4d4c,Obolon,LNZ Cherkasy,0,0,ou,2.50,over,ft,3.0,1
tvtX4d4c,Obolon,LNZ Cherkasy,0,0,ou,2.50,under,ft,1.47,1
tvtX4d4c,Obolon,LNZ Cherkasy,0,0,ou,3.50,over,ft,6.8,1
tvtX4d4c,Obolon,LNZ Cherkasy,0,0,ou,3.50,under,ft,1.15,1
tvtX4d4c,Obolon,LNZ Cherkasy,0,0,ou,4.50,over,ft,17.0,1
tvtX4d4c,Obolon,LNZ Cherkasy,0,0,ou,4.50,under,ft,1.04,1
tvtX4d4c,Obolon,LNZ Cherkasy,0,0,ou,5.50,over,ft,17.5,1
tvtX4d4c,Obolon,LNZ Cherkasy,0,0,ou,6.50,over,ft,26.0,1
tvtX4d4c,Obolon,LNZ Cherkasy,0,0,hc,0,home,ft,2.41,1
tvtX4d4c,Obolon,LNZ Cherkasy,0,0,hc,0,away,ft,1.68,1
tvtX4d4c,Obolon,LNZ Cherkasy,0,0,hc,0.50,home,ft,1.61,1
tvtX4d4c,Obolon,LNZ Cherkasy,0,0,hc,0.50,away,ft,2.58,1
tvtX4d4c,Obolon,LNZ Cherkasy,0,0,hc,-0.50,home,ft,3.7,1
tvtX4d4c,Obolon,LNZ Cherkasy,0,0,hc,-0.50,away,ft,1.35,1
tvtX4d4c,Obolon,LNZ Cherkasy,0,0,hc,0.75,home,ft,1.39,1
tvtX4d4c,Obolon,LNZ Cherkasy,0,0,hc,0.75,away,ft,3.03,1
tvtX4d4c,Obolon,LNZ Cherkasy,0,0,hc,-0.75,home,ft,4.07,1
tvtX4d4c,Obolon,LNZ Cherkasy,0,0,hc,-0.75,away,ft,1.18,1
tvtX4d4c,Obolon,LNZ Cherkasy,0,0,hc,1.00,home,ft,1.17,1
tvtX4d4c,Obolon,LNZ Cherkasy,0,0,hc,1.00,away,ft,3.84,1
tvtX4d4c,Obolon,LNZ Cherkasy,0,0,hc,-1.00,home,ft,4.57,1
tvtX4d4c,Obolon,LNZ Cherkasy,0,0,hc,1.25,home,ft,1.14,1
tvtX4d4c,Obolon,LNZ Cherkasy,0,0,hc,1.25,away,ft,4.21,1
tvtX4d4c,Obolon,LNZ Cherkasy,0,0,hc,-1.25,home,ft,4.73,1
tvtX4d4c,Obolon,LNZ Cherkasy,0,0,hc,1.50,home,ft,1.12,1
tvtX4d4c,Obolon,LNZ Cherkasy,0,0,hc,1.50,away,ft,4.59,1
tvtX4d4c,Obolon,LNZ Cherkasy,0,0,hc,-1.50,home,ft,4.9,1
tvtX4d4c,Obolon,LNZ Cherkasy,0,0,hc,1.75,home,ft,1.06,1
tvtX4d4c,Obolon,LNZ Cherkasy,0,0,hc,1.75,away,ft,4.59,1
tvtX4d4c,Obolon,LNZ Cherkasy,0,0,hc,0.25,home,ft,1.86,1
tvtX4d4c,Obolon,LNZ Cherkasy,0,0,hc,0.25,away,ft,2.13,1
tvtX4d4c,Obolon,LNZ Cherkasy,0,0,hc,-0.25,home,ft,3.05,1
tvtX4d4c,Obolon,LNZ Cherkasy,0,0,hc,-0.25,away,ft,1.46,1
tvtX4d4c,Obolon,LNZ Cherkasy,0,0,dc,0,home/draw,ft,1.61,1
tvtX4d4c,Obolon,LNZ Cherkasy,0,0,dc,0,home/away,ft,1.52,1
tvtX4d4c,Obolon,LNZ Cherkasy,0,0,dc,0,draw/away,ft,1.36,1
x6Zu3zZ9,Vorskla Poltava,Ch. Odesa,1,1,1x2,0,home,ft,1.57,1
x6Zu3zZ9,Vorskla Poltava,Ch. Odesa,1,1,1x2,0,draw,ft,4.1,1
x6Zu3zZ9,Vorskla Poltava,Ch. Odesa,1,1,1x2,0,away,ft,7.6,1
x6Zu3zZ9,Vorskla Poltava,Ch. Odesa,1,1,ou,0.50,over,ft,1.08,1
x6Zu3zZ9,Vorskla Poltava,Ch. Odesa,1,1,ou,0.50,under,ft,10.0,1
x6Zu3zZ9,Vorskla Poltava,Ch. Odesa,1,1,ou,1.50,over,ft,1.4,1
x6Zu3zZ9,Vorskla Poltava,Ch. Odesa,1,1,ou,1.50,under,ft,3.35,1
x6Zu3zZ9,Vorskla Poltava,Ch. Odesa,1,1,ou,2.50,over,ft,2.2,1
x6Zu3zZ9,Vorskla Poltava,Ch. Odesa,1,1,ou,2.50,under,ft,1.8,1
x6Zu3zZ9,Vorskla Poltava,Ch. Odesa,1,1,ou,3.50,over,ft,4.1,1
x6Zu3zZ9,Vorskla Poltava,Ch. Odesa,1,1,ou,3.50,under,ft,1.31,1
x6Zu3zZ9,Vorskla Poltava,Ch. Odesa,1,1,ou,4.50,over,ft,9.0,1
x6Zu3zZ9,Vorskla Poltava,Ch. Odesa,1,1,ou,4.50,under,ft,1.11,1
x6Zu3zZ9,Vorskla Poltava,Ch. Odesa,1,1,ou,5.50,over,ft,23.0,1
x6Zu3zZ9,Vorskla Poltava,Ch. Odesa,1,1,ou,5.50,under,ft,1.03,1
x6Zu3zZ9,Vorskla Poltava,Ch. Odesa,1,1,ou,6.50,over,ft,50.0,1
x6Zu3zZ9,Vorskla Poltava,Ch. Odesa,1,1,hc,0,home,ft,1.2,1
x6Zu3zZ9,Vorskla Poltava,Ch. Odesa,1,1,hc,0,away,ft,5.77,1
x6Zu3zZ9,Vorskla Poltava,Ch. Odesa,1,1,hc,0.50,home,ft,1.14,1
x6Zu3zZ9,Vorskla Poltava,Ch. Odesa,1,1,hc,0.50,away,ft,7.6,1
x6Zu3zZ9,Vorskla Poltava,Ch. Odesa,1,1,hc,-0.50,home,ft,1.57,1
x6Zu3zZ9,Vorskla Poltava,Ch. Odesa,1,1,hc,-0.50,away,ft,2.69,1
x6Zu3zZ9,Vorskla Poltava,Ch. Odesa,1,1,hc,0.75,home,ft,1.08,1
x6Zu3zZ9,Vorskla Poltava,Ch. Odesa,1,1,hc,0.75,away,ft,11.45,1
x6Zu3zZ9,Vorskla Poltava,Ch. Odesa,1,1,hc,-0.75,home,ft,1.72,1
x6Zu3zZ9,Vorskla Poltava,Ch. Odesa,1,1,hc,-0.75,away,ft,2.31,1
x6Zu3zZ9,Vorskla Poltava,Ch. Odesa,1,1,hc,1.00,home,ft,1.03,1
x6Zu3zZ9,Vorskla Poltava,Ch. Odesa,1,1,hc,1.00,away,ft,20.46,1
x6Zu3zZ9,Vorskla Poltava,Ch. Odesa,1,1,hc,-1.00,home,ft,1.99,1
x6Zu3zZ9,Vorskla Poltava,Ch. Odesa,1,1,hc,-1.00,away,ft,1.94,1
x6Zu3zZ9,Vorskla Poltava,Ch. Odesa,1,1,hc,1.25,home,ft,1.02,1
x6Zu3zZ9,Vorskla Poltava,Ch. Odesa,1,1,hc,1.25,away,ft,21.43,1
x6Zu3zZ9,Vorskla Poltava,Ch. Odesa,1,1,hc,-1.25,home,ft,2.35,1
x6Zu3zZ9,Vorskla Poltava,Ch. Odesa,1,1,hc,-1.25,away,ft,1.67,1
x6Zu3zZ9,Vorskla Poltava,Ch. Odesa,1,1,hc,1.50,home,ft,1.02,1
x6Zu3zZ9,Vorskla Poltava,Ch. Odesa,1,1,hc,1.50,away,ft,22.41,1
x6Zu3zZ9,Vorskla Poltava,Ch. Odesa,1,1,hc,-1.50,home,ft,2.72,1
x6Zu3zZ9,Vorskla Poltava,Ch. Odesa,1,1,hc,-1.50,away,ft,1.52,1
x6Zu3zZ9,Vorskla Poltava,Ch. Odesa,1,1,hc,1.75,away,ft,22.41,1
x6Zu3zZ9,Vorskla Poltava,Ch. Odesa,1,1,hc,-1.75,home,ft,3.24,1
x6Zu3zZ9,Vorskla Poltava,Ch. Odesa,1,1,hc,-1.75,away,ft,1.37,1
x6Zu3zZ9,Vorskla Poltava,Ch. Odesa,1,1,hc,-2.00,home,ft,4.15,1
x6Zu3zZ9,Vorskla Poltava,Ch. Odesa,1,1,hc,-2.00,away,ft,1.22,1
x6Zu3zZ9,Vorskla Poltava,Ch. Odesa,1,1,hc,-2.25,home,ft,4.57,1
x6Zu3zZ9,Vorskla Poltava,Ch. Odesa,1,1,hc,-2.25,away,ft,1.19,1
x6Zu3zZ9,Vorskla Poltava,Ch. Odesa,1,1,hc,-2.50,home,ft,4.73,1
x6Zu3zZ9,Vorskla Poltava,Ch. Odesa,1,1,hc,-2.50,away,ft,1.16,1
x6Zu3zZ9,Vorskla Poltava,Ch. Odesa,1,1,hc,-2.75,home,ft,6.76,1
x6Zu3zZ9,Vorskla Poltava,Ch. Odesa,1,1,hc,-2.75,away,ft,1.11,1
x6Zu3zZ9,Vorskla Poltava,Ch. Odesa,1,1,hc,-3.00,home,ft,6.92,1
x6Zu3zZ9,Vorskla Poltava,Ch. Odesa,1,1,hc,-3.00,away,ft,1.06,1
x6Zu3zZ9,Vorskla Poltava,Ch. Odesa,1,1,hc,-3.25,home,ft,6.92,1
x6Zu3zZ9,Vorskla Poltava,Ch. Odesa,1,1,hc,-3.25,away,ft,1.05,1
x6Zu3zZ9,Vorskla Poltava,Ch. Odesa,1,1,hc,-3.50,home,ft,6.92,1
x6Zu3zZ9,Vorskla Poltava,Ch. Odesa,1,1,hc,-3.50,away,ft,1.05,1
x6Zu3zZ9,Vorskla Poltava,Ch. Odesa,1,1,hc,-3.75,home,ft,6.92,1
x6Zu3zZ9,Vorskla Poltava,Ch. Odesa,1,1,hc,-3.75,away,ft,1.02,1
x6Zu3zZ9,Vorskla Poltava,Ch. Odesa,1,1,hc,0.25,home,ft,1.17,1
x6Zu3zZ9,Vorskla Poltava,Ch. Odesa,1,1,hc,0.25,away,ft,6.68,1
x6Zu3zZ9,Vorskla Poltava,Ch. Odesa,1,1,hc,-0.25,home,ft,1.38,1
x6Zu3zZ9,Vorskla Poltava,Ch. Odesa,1,1,hc,-0.25,away,ft,3.5,1
x6Zu3zZ9,Vorskla Poltava,Ch. Odesa,1,1,dc,0,home/draw,ft,1.14,1
x6Zu3zZ9,Vorskla Poltava,Ch. Odesa,1,1,dc,0,home/away,ft,1.3,1
x6Zu3zZ9,Vorskla Poltava,Ch. Odesa,1,1,dc,0,draw/away,ft,2.66,1
bev3UFSp,Polissya Zhytomyr,Dyn. Kyiv,0,0,1x2,0,home,ft,5.5,1
bev3UFSp,Polissya Zhytomyr,Dyn. Kyiv,0,0,1x2,0,draw,ft,4.0,1
bev3UFSp,Polissya Zhytomyr,Dyn. Kyiv,0,0,1x2,0,away,ft,1.73,1
bev3UFSp,Polissya Zhytomyr,Dyn. Kyiv,0,0,ou,0.50,over,ft,1.09,1
bev3UFSp,Polissya Zhytomyr,Dyn. Kyiv,0,0,ou,0.50,under,ft,11.0,1
bev3UFSp,Polissya Zhytomyr,Dyn. Kyiv,0,0,ou,1.50,over,ft,1.39,1
bev3UFSp,Polissya Zhytomyr,Dyn. Kyiv,0,0,ou,1.50,under,ft,3.4,1
bev3UFSp,Polissya Zhytomyr,Dyn. Kyiv,0,0,ou,2.50,over,ft,2.16,1
bev3UFSp,Polissya Zhytomyr,Dyn. Kyiv,0,0,ou,2.50,under,ft,1.82,1
bev3UFSp,Polissya Zhytomyr,Dyn. Kyiv,0,0,ou,3.50,over,ft,4.0,1
bev3UFSp,Polissya Zhytomyr,Dyn. Kyiv,0,0,ou,3.50,under,ft,1.32,1
bev3UFSp,Polissya Zhytomyr,Dyn. Kyiv,0,0,ou,4.50,over,ft,9.2,1
bev3UFSp,Polissya Zhytomyr,Dyn. Kyiv,0,0,ou,4.50,under,ft,1.1,1
bev3UFSp,Polissya Zhytomyr,Dyn. Kyiv,0,0,ou,5.50,over,ft,22.0,1
bev3UFSp,Polissya Zhytomyr,Dyn. Kyiv,0,0,ou,5.50,under,ft,1.03,1
bev3UFSp,Polissya Zhytomyr,Dyn. Kyiv,0,0,ou,6.50,over,ft,50.0,1
bev3UFSp,Polissya Zhytomyr,Dyn. Kyiv,0,0,hc,0,home,ft,4.1,1
bev3UFSp,Polissya Zhytomyr,Dyn. Kyiv,0,0,hc,0,away,ft,1.3,1
bev3UFSp,Polissya Zhytomyr,Dyn. Kyiv,0,0,hc,0.50,home,ft,2.35,1
bev3UFSp,Polissya Zhytomyr,Dyn. Kyiv,0,0,hc,0.50,away,ft,1.73,1
bev3UFSp,Polissya Zhytomyr,Dyn. Kyiv,0,0,hc,-0.50,home,ft,5.4,1
bev3UFSp,Polissya Zhytomyr,Dyn. Kyiv,0,0,hc,-0.50,away,ft,1.21,1
bev3UFSp,Polissya Zhytomyr,Dyn. Kyiv,0,0,hc,0.75,home,ft,2.02,1
bev3UFSp,Polissya Zhytomyr,Dyn. Kyiv,0,0,hc,0.75,away,ft,1.94,1
bev3UFSp,Polissya Zhytomyr,Dyn. Kyiv,0,0,hc,-0.75,home,ft,7.72,1
bev3UFSp,Polissya Zhytomyr,Dyn. Kyiv,0,0,hc,-0.75,away,ft,1.13,1
bev3UFSp,Polissya Zhytomyr,Dyn. Kyiv,0,0,hc,1.00,home,ft,1.68,1
bev3UFSp,Polissya Zhytomyr,Dyn. Kyiv,0,0,hc,1.00,away,ft,2.35,1
bev3UFSp,Polissya Zhytomyr,Dyn. Kyiv,0,0,hc,-1.00,home,ft,15.25,1
bev3UFSp,Polissya Zhytomyr,Dyn. Kyiv,0,0,hc,-1.00,away,ft,1.06,1
bev3UFSp,Polissya Zhytomyr,Dyn. Kyiv,0,0,hc,1.25,home,ft,1.51,1
bev3UFSp,Polissya Zhytomyr,Dyn. Kyiv,0,0,hc,1.25,away,ft,2.77,1
bev3UFSp,Polissya Zhytomyr,Dyn. Kyiv,0,0,hc,-1.25,home,ft,16.37,1
bev3UFSp,Polissya Zhytomyr,Dyn. Kyiv,0,0,hc,-1.25,away,ft,1.05,1
bev3UFSp,Polissya Zhytomyr,Dyn. Kyiv,0,0,hc,1.50,home,ft,1.41,1
bev3UFSp,Polissya Zhytomyr,Dyn. Kyiv,0,0,hc,1.50,away,ft,3.2,1
bev3UFSp,Polissya Zhytomyr,Dyn. Kyiv,0,0,hc,-1.50,home,ft,17.5,1
bev3UFSp,Polissya Zhytomyr,Dyn. Kyiv,0,0,hc,-1.50,away,ft,1.05,1
bev3UFSp,Polissya Zhytomyr,Dyn. Kyiv,0,0,hc,1.75,home,ft,1.29,1
bev3UFSp,Polissya Zhytomyr,Dyn. Kyiv,0,0,hc,1.75,away,ft,3.92,1
bev3UFSp,Polissya Zhytomyr,Dyn. Kyiv,0,0,hc,-1.75,home,ft,17.58,1
bev3UFSp,Polissya Zhytomyr,Dyn. Kyiv,0,0,hc,-1.75,away,ft,1.02,1
bev3UFSp,Polissya Zhytomyr,Dyn. Kyiv,0,0,hc,2.00,home,ft,1.16,1
bev3UFSp,Polissya Zhytomyr,Dyn. Kyiv,0,0,hc,2.00,away,ft,5.35,1
bev3UFSp,Polissya Zhytomyr,Dyn. Kyiv,0,0,hc,2.25,home,ft,1.15,1
bev3UFSp,Polissya Zhytomyr,Dyn. Kyiv,0,0,hc,2.25,away,ft,5.84,1
bev3UFSp,Polissya Zhytomyr,Dyn. Kyiv,0,0,hc,2.50,home,ft,1.13,1
bev3UFSp,Polissya Zhytomyr,Dyn. Kyiv,0,0,hc,2.50,away,ft,6.34,1
bev3UFSp,Polissya Zhytomyr,Dyn. Kyiv,0,0,hc,2.75,home,ft,1.07,1
bev3UFSp,Polissya Zhytomyr,Dyn. Kyiv,0,0,hc,2.75,away,ft,6.34,1
bev3UFSp,Polissya Zhytomyr,Dyn. Kyiv,0,0,hc,0.25,home,ft,2.88,1
bev3UFSp,Polissya Zhytomyr,Dyn. Kyiv,0,0,hc,0.25,away,ft,1.51,1
bev3UFSp,Polissya Zhytomyr,Dyn. Kyiv,0,0,hc,-0.25,home,ft,4.75,1
bev3UFSp,Polissya Zhytomyr,Dyn. Kyiv,0,0,hc,-0.25,away,ft,1.25,1
bev3UFSp,Polissya Zhytomyr,Dyn. Kyiv,0,0,dc,0,home/draw,ft,2.34,1
bev3UFSp,Polissya Zhytomyr,Dyn. Kyiv,0,0,dc,0,home/away,ft,1.31,1
bev3UFSp,Polissya Zhytomyr,Dyn. Kyiv,0,0,dc,0,draw/away,ft,1.21,1
lpgosgCj,FK Zorya Luhansk,Shakhtar Donetsk,0,0,1x2,0,home,ft,11.0,1
lpgosgCj,FK Zorya Luhansk,Shakhtar Donetsk,0,0,1x2,0,draw,ft,5.6,1
lpgosgCj,FK Zorya Luhansk,Shakhtar Donetsk,0,0,1x2,0,away,ft,1.35,1
lpgosgCj,FK Zorya Luhansk,Shakhtar Donetsk,0,0,ou,0.50,over,ft,1.05,1
lpgosgCj,FK Zorya Luhansk,Shakhtar Donetsk,0,0,ou,0.50,under,ft,19.5,1
lpgosgCj,FK Zorya Luhansk,Shakhtar Donetsk,0,0,ou,1.50,over,ft,1.22,1
lpgosgCj,FK Zorya Luhansk,Shakhtar Donetsk,0,0,ou,1.50,under,ft,5.2,1
lpgosgCj,FK Zorya Luhansk,Shakhtar Donetsk,0,0,ou,2.50,over,ft,1.63,1
lpgosgCj,FK Zorya Luhansk,Shakhtar Donetsk,0,0,ou,2.50,under,ft,2.5,1
lpgosgCj,FK Zorya Luhansk,Shakhtar Donetsk,0,0,ou,3.50,over,ft,2.68,1
lpgosgCj,FK Zorya Luhansk,Shakhtar Donetsk,0,0,ou,3.50,under,ft,1.57,1
lpgosgCj,FK Zorya Luhansk,Shakhtar Donetsk,0,0,ou,4.50,over,ft,5.1,1
lpgosgCj,FK Zorya Luhansk,Shakhtar Donetsk,0,0,ou,4.50,under,ft,1.22,1
lpgosgCj,FK Zorya Luhansk,Shakhtar Donetsk,0,0,ou,5.50,over,ft,10.5,1
lpgosgCj,FK Zorya Luhansk,Shakhtar Donetsk,0,0,ou,5.50,under,ft,1.09,1
lpgosgCj,FK Zorya Luhansk,Shakhtar Donetsk,0,0,ou,6.50,over,ft,24.0,1
lpgosgCj,FK Zorya Luhansk,Shakhtar Donetsk,0,0,ou,6.50,under,ft,1.03,1
lpgosgCj,FK Zorya Luhansk,Shakhtar Donetsk,0,0,hc,0,home,ft,8.24,1
lpgosgCj,FK Zorya Luhansk,Shakhtar Donetsk,0,0,hc,0,away,ft,1.11,1
lpgosgCj,FK Zorya Luhansk,Shakhtar Donetsk,0,0,hc,0.50,home,ft,3.63,1
lpgosgCj,FK Zorya Luhansk,Shakhtar Donetsk,0,0,hc,0.50,away,ft,1.35,1
lpgosgCj,FK Zorya Luhansk,Shakhtar Donetsk,0,0,hc,-0.50,home,ft,10.0,1
lpgosgCj,FK Zorya Luhansk,Shakhtar Donetsk,0,0,hc,-0.50,away,ft,1.09,1
lpgosgCj,FK Zorya Luhansk,Shakhtar Donetsk,0,0,hc,0.75,home,ft,3.15,1
lpgosgCj,FK Zorya Luhansk,Shakhtar Donetsk,0,0,hc,0.75,away,ft,1.41,1
lpgosgCj,FK Zorya Luhansk,Shakhtar Donetsk,0,0,hc,-0.75,home,ft,14.9,1
lpgosgCj,FK Zorya Luhansk,Shakhtar Donetsk,0,0,hc,-0.75,away,ft,1.05,1
lpgosgCj,FK Zorya Luhansk,Shakhtar Donetsk,0,0,hc,1.00,home,ft,2.68,1
lpgosgCj,FK Zorya Luhansk,Shakhtar Donetsk,0,0,hc,1.00,away,ft,1.52,1
lpgosgCj,FK Zorya Luhansk,Shakhtar Donetsk,0,0,hc,-1.00,home,ft,23.84,1
lpgosgCj,FK Zorya Luhansk,Shakhtar Donetsk,0,0,hc,1.25,home,ft,2.15,1
lpgosgCj,FK Zorya Luhansk,Shakhtar Donetsk,0,0,hc,1.25,away,ft,1.76,1
lpgosgCj,FK Zorya Luhansk,Shakhtar Donetsk,0,0,hc,-1.25,home,ft,24.61,1
lpgosgCj,FK Zorya Luhansk,Shakhtar Donetsk,0,0,hc,1.50,home,ft,1.87,1
lpgosgCj,FK Zorya Luhansk,Shakhtar Donetsk,0,0,hc,1.50,away,ft,1.99,1
lpgosgCj,FK Zorya Luhansk,Shakhtar Donetsk,0,0,hc,-1.50,home,ft,25.38,1
lpgosgCj,FK Zorya Luhansk,Shakhtar Donetsk,0,0,hc,1.75,home,ft,1.67,1
lpgosgCj,FK Zorya Luhansk,Shakhtar Donetsk,0,0,hc,1.75,away,ft,2.28,1
lpgosgCj,FK Zorya Luhansk,Shakhtar Donetsk,0,0,hc,2.00,home,ft,1.48,1
lpgosgCj,FK Zorya Luhansk,Shakhtar Donetsk,0,0,hc,2.00,away,ft,2.66,1
lpgosgCj,FK Zorya Luhansk,Shakhtar Donetsk,0,0,hc,2.25,home,ft,1.38,1
lpgosgCj,FK Zorya Luhansk,Shakhtar Donetsk,0,0,hc,2.25,away,ft,2.84,1
lpgosgCj,FK Zorya Luhansk,Shakhtar Donetsk,0,0,hc,2.50,home,ft,1.32,1
lpgosgCj,FK Zorya Luhansk,Shakhtar Donetsk,0,0,hc,2.50,away,ft,3.12,1
lpgosgCj,FK Zorya Luhansk,Shakhtar Donetsk,0,0,hc,2.75,home,ft,1.23,1
lpgosgCj,FK Zorya Luhansk,Shakhtar Donetsk,0,0,hc,2.75,away,ft,4.05,1
lpgosgCj,FK Zorya Luhansk,Shakhtar Donetsk,0,0,hc,3.00,home,ft,1.14,1
lpgosgCj,FK Zorya Luhansk,Shakhtar Donetsk,0,0,hc,3.00,away,ft,5.52,1
lpgosgCj,FK Zorya Luhansk,Shakhtar Donetsk,0,0,hc,3.25,home,ft,1.13,1
lpgosgCj,FK Zorya Luhansk,Shakhtar Donetsk,0,0,hc,3.25,away,ft,5.9,1
lpgosgCj,FK Zorya Luhansk,Shakhtar Donetsk,0,0,hc,3.50,home,ft,1.12,1
lpgosgCj,FK Zorya Luhansk,Shakhtar Donetsk,0,0,hc,3.50,away,ft,6.0,1
lpgosgCj,FK Zorya Luhansk,Shakhtar Donetsk,0,0,hc,3.75,home,ft,1.08,1
lpgosgCj,FK Zorya Luhansk,Shakhtar Donetsk,0,0,hc,3.75,away,ft,6.26,1
lpgosgCj,FK Zorya Luhansk,Shakhtar Donetsk,0,0,hc,4.00,home,ft,1.04,1
lpgosgCj,FK Zorya Luhansk,Shakhtar Donetsk,0,0,hc,4.00,away,ft,6.51,1
lpgosgCj,FK Zorya Luhansk,Shakhtar Donetsk,0,0,hc,0.25,home,ft,4.87,1
lpgosgCj,FK Zorya Luhansk,Shakhtar Donetsk,0,0,hc,0.25,away,ft,1.23,1
lpgosgCj,FK Zorya Luhansk,Shakhtar Donetsk,0,0,hc,-0.25,home,ft,9.12,1
lpgosgCj,FK Zorya Luhansk,Shakhtar Donetsk,0,0,hc,-0.25,away,ft,1.1,1
lpgosgCj,FK Zorya Luhansk,Shakhtar Donetsk,0,0,dc,0,home/draw,ft,3.7,1
lpgosgCj,FK Zorya Luhansk,Shakhtar Donetsk,0,0,dc,0,home/away,ft,1.2,1
lpgosgCj,FK Zorya Luhansk,Shakhtar Donetsk,0,0,dc,0,draw/away,ft,1.09,1
pCd6bqel,Kryvbas,Livyi Bereg,4,4,1x2,0,home,ft,1.69,1
pCd6bqel,Kryvbas,Livyi Bereg,4,4,1x2,0,draw,ft,3.7,1
pCd6bqel,Kryvbas,Livyi Bereg,4,4,1x2,0,away,ft,6.4,1
pCd6bqel,Kryvbas,Livyi Bereg,4,4,ou,0.50,over,ft,1.11,1
pCd6bqel,Kryvbas,Livyi Bereg,4,4,ou,0.50,under,ft,8.4,1
pCd6bqel,Kryvbas,Livyi Bereg,4,4,ou,1.50,over,ft,1.54,1
pCd6bqel,Kryvbas,Livyi Bereg,4,4,ou,1.50,under,ft,2.76,1
pCd6bqel,Kryvbas,Livyi Bereg,4,4,ou,2.50,over,ft,2.64,1
pCd6bqel,Kryvbas,Livyi Bereg,4,4,ou,2.50,under,ft,1.58,1
pCd6bqel,Kryvbas,Livyi Bereg,4,4,ou,3.50,over,ft,5.5,1
pCd6bqel,Kryvbas,Livyi Bereg,4,4,ou,3.50,under,ft,1.2,1
pCd6bqel,Kryvbas,Livyi Bereg,4,4,ou,4.50,over,ft,13.0,1
pCd6bqel,Kryvbas,Livyi Bereg,4,4,ou,4.50,under,ft,1.06,1
pCd6bqel,Kryvbas,Livyi Bereg,4,4,ou,5.50,over,ft,14.0,1
pCd6bqel,Kryvbas,Livyi Bereg,4,4,ou,6.50,over,ft,26.0,1
pCd6bqel,Kryvbas,Livyi Bereg,4,4,hc,0,home,ft,1.25,1
pCd6bqel,Kryvbas,Livyi Bereg,4,4,hc,0,away,ft,4.73,1
pCd6bqel,Kryvbas,Livyi Bereg,4,4,hc,0.50,home,ft,1.17,1
pCd6bqel,Kryvbas,Livyi Bereg,4,4,hc,0.50,away,ft,6.4,1
pCd6bqel,Kryvbas,Livyi Bereg,4,4,hc,-0.50,home,ft,1.69,1
pCd6bqel,Kryvbas,Livyi Bereg,4,4,hc,-0.50,away,ft,2.38,1
pCd6bqel,Kryvbas,Livyi Bereg,4,4,hc,0.75,home,ft,1.1,1
pCd6bqel,Kryvbas,Livyi Bereg,4,4,hc,0.75,away,ft,9.36,1
pCd6bqel,Kryvbas,Livyi Bereg,4,4,hc,-0.75,home,ft,1.91,1
pCd6bqel,Kryvbas,Livyi Bereg,4,4,hc,-0.75,away,ft,2.04,1
pCd6bqel,Kryvbas,Livyi Bereg,4,4,hc,1.00,home,ft,1.03,1
pCd6bqel,Kryvbas,Livyi Bereg,4,4,hc,1.00,away,ft,19.56,1
pCd6bqel,Kryvbas,Livyi Bereg,4,4,hc,-1.00,home,ft,2.35,1
pCd6bqel,Kryvbas,Livyi Bereg,4,4,hc,-1.00,away,ft,1.7,1
pCd6bqel,Kryvbas,Livyi Bereg,4,4,hc,1.25,home,ft,1.03,1
pCd6bqel,Kryvbas,Livyi Bereg,4,4,hc,1.25,away,ft,20.78,1
pCd6bqel,Kryvbas,Livyi Bereg,4,4,hc,-1.25,home,ft,2.76,1
pCd6bqel,Kryvbas,Livyi Bereg,4,4,hc,-1.25,away,ft,1.5,1
pCd6bqel,Kryvbas,Livyi Bereg,4,4,hc,1.50,home,ft,1.02,1
pCd6bqel,Kryvbas,Livyi Bereg,4,4,hc,1.50,away,ft,17.77,1
pCd6bqel,Kryvbas,Livyi Bereg,4,4,hc,-1.50,home,ft,3.22,1
pCd6bqel,Kryvbas,Livyi Bereg,4,4,hc,-1.50,away,ft,1.4,1
pCd6bqel,Kryvbas,Livyi Bereg,4,4,hc,1.75,away,ft,17.77,1
pCd6bqel,Kryvbas,Livyi Bereg,4,4,hc,-1.75,home,ft,4.11,1
pCd6bqel,Kryvbas,Livyi Bereg,4,4,hc,-1.75,away,ft,1.27,1
pCd6bqel,Kryvbas,Livyi Bereg,4,4,hc,-2.00,home,ft,5.95,1
pCd6bqel,Kryvbas,Livyi Bereg,4,4,hc,-2.00,away,ft,1.14,1
pCd6bqel,Kryvbas,Livyi Bereg,4,4,hc,-2.25,home,ft,6.32,1
pCd6bqel,Kryvbas,Livyi Bereg,4,4,hc,-2.25,away,ft,1.12,1
pCd6bqel,Kryvbas,Livyi Bereg,4,4,hc,-2.50,home,ft,5.74,1
pCd6bqel,Kryvbas,Livyi Bereg,4,4,hc,-2.50,away,ft,1.11,1
pCd6bqel,Kryvbas,Livyi Bereg,4,4,hc,-2.75,home,ft,6.88,1
pCd6bqel,Kryvbas,Livyi Bereg,4,4,hc,-2.75,away,ft,1.07,1
pCd6bqel,Kryvbas,Livyi Bereg,4,4,hc,0.25,home,ft,1.21,1
pCd6bqel,Kryvbas,Livyi Bereg,4,4,hc,0.25,away,ft,5.56,1
pCd6bqel,Kryvbas,Livyi Bereg,4,4,hc,-0.25,home,ft,1.47,1
pCd6bqel,Kryvbas,Livyi Bereg,4,4,hc,-0.25,away,ft,3.02,1
pCd6bqel,Kryvbas,Livyi Bereg,4,4,dc,0,home/draw,ft,1.17,1
pCd6bqel,Kryvbas,Livyi Bereg,4,4,dc,0,home/away,ft,1.34,1
pCd6bqel,Kryvbas,Livyi Bereg,4,4,dc,0,draw/away,ft,2.36,1
EksHwK5b,Polissya Zhytomyr,Oleksandriya,1,1,1x2,0,home,ft,3.25,1
EksHwK5b,Polissya Zhytomyr,Oleksandriya,1,1,1x2,0,draw,ft,3.0,1
EksHwK5b,Polissya Zhytomyr,Oleksandriya,1,1,1x2,0,away,ft,2.7,1
EksHwK5b,Polissya Zhytomyr,Oleksandriya,1,1,ou,0.50,over,ft,1.15,1
EksHwK5b,Polissya Zhytomyr,Oleksandriya,1,1,ou,0.50,under,ft,6.8,1
EksHwK5b,Polissya Zhytomyr,Oleksandriya,1,1,ou,1.50,over,ft,1.65,1
EksHwK5b,Polissya Zhytomyr,Oleksandriya,1,1,ou,1.50,under,ft,2.42,1
EksHwK5b,Polissya Zhytomyr,Oleksandriya,1,1,ou,2.50,over,ft,3.05,1
EksHwK5b,Polissya Zhytomyr,Oleksandriya,1,1,ou,2.50,under,ft,1.45,1
EksHwK5b,Polissya Zhytomyr,Oleksandriya,1,1,ou,3.50,over,ft,6.8,1
EksHwK5b,Polissya Zhytomyr,Oleksandriya,1,1,ou,3.50,under,ft,1.15,1
EksHwK5b,Polissya Zhytomyr,Oleksandriya,1,1,ou,4.50,over,ft,17.5,1
EksHwK5b,Polissya Zhytomyr,Oleksandriya,1,1,ou,4.50,under,ft,1.04,1
EksHwK5b,Polissya Zhytomyr,Oleksandriya,1,1,ou,5.50,over,ft,50.0,1
EksHwK5b,Polissya Zhytomyr,Oleksandriya,1,1,ou,6.50,over,ft,55.0,1
EksHwK5b,Polissya Zhytomyr,Oleksandriya,1,1,hc,0,home,ft,2.17,1
EksHwK5b,Polissya Zhytomyr,Oleksandriya,1,1,hc,0,away,ft,1.81,1
EksHwK5b,Polissya Zhytomyr,Oleksandriya,1,1,hc,0.50,home,ft,1.56,1
EksHwK5b,Polissya Zhytomyr,Oleksandriya,1,1,hc,0.50,away,ft,2.71,1
EksHwK5b,Polissya Zhytomyr,Oleksandriya,1,1,hc,-0.50,home,ft,3.25,1
EksHwK5b,Polissya Zhytomyr,Oleksandriya,1,1,hc,-0.50,away,ft,1.42,1
EksHwK5b,Polissya Zhytomyr,Oleksandriya,1,1,hc,0.75,home,ft,1.37,1
EksHwK5b,Polissya Zhytomyr,Oleksandriya,1,1,hc,0.75,away,ft,3.4,1
EksHwK5b,Polissya Zhytomyr,Oleksandriya,1,1,hc,-0.75,home,ft,4.24,1
EksHwK5b,Polissya Zhytomyr,Oleksandriya,1,1,hc,-0.75,away,ft,1.29,1
EksHwK5b,Polissya Zhytomyr,Oleksandriya,1,1,hc,1.00,home,ft,1.18,1
EksHwK5b,Polissya Zhytomyr,Oleksandriya,1,1,hc,1.00,away,ft,5.03,1
EksHwK5b,Polissya Zhytomyr,Oleksandriya,1,1,hc,-1.00,home,ft,6.81,1
EksHwK5b,Polissya Zhytomyr,Oleksandriya,1,1,hc,-1.00,away,ft,1.13,1
EksHwK5b,Polissya Zhytomyr,Oleksandriya,1,1,hc,1.25,home,ft,1.15,1
EksHwK5b,Polissya Zhytomyr,Oleksandriya,1,1,hc,1.25,away,ft,5.72,1
EksHwK5b,Polissya Zhytomyr,Oleksandriya,1,1,hc,-1.25,home,ft,7.53,1
EksHwK5b,Polissya Zhytomyr,Oleksandriya,1,1,hc,-1.25,away,ft,1.11,1
EksHwK5b,Polissya Zhytomyr,Oleksandriya,1,1,hc,1.50,home,ft,1.13,1
EksHwK5b,Polissya Zhytomyr,Oleksandriya,1,1,hc,1.50,away,ft,6.4,1
EksHwK5b,Polissya Zhytomyr,Oleksandriya,1,1,hc,-1.50,home,ft,8.32,1
EksHwK5b,Polissya Zhytomyr,Oleksandriya,1,1,hc,-1.50,away,ft,1.1,1
EksHwK5b,Polissya Zhytomyr,Oleksandriya,1,1,hc,1.75,home,ft,1.07,1
EksHwK5b,Polissya Zhytomyr,Oleksandriya,1,1,hc,1.75,away,ft,6.4,1
EksHwK5b,Polissya Zhytomyr,Oleksandriya,1,1,hc,-1.75,home,ft,8.4,1
EksHwK5b,Polissya Zhytomyr,Oleksandriya,1,1,hc,-1.75,away,ft,1.05,1
EksHwK5b,Polissya Zhytomyr,Oleksandriya,1,1,hc,2.00,away,ft,6.4,1
EksHwK5b,Polissya Zhytomyr,Oleksandriya,1,1,hc,2.25,away,ft,6.4,1
EksHwK5b,Polissya Zhytomyr,Oleksandriya,1,1,hc,2.50,away,ft,6.4,1
EksHwK5b,Polissya Zhytomyr,Oleksandriya,1,1,hc,0.25,home,ft,1.76,1
EksHwK5b,Polissya Zhytomyr,Oleksandriya,1,1,hc,0.25,away,ft,2.26,1
EksHwK5b,Polissya Zhytomyr,Oleksandriya,1,1,hc,-0.25,home,ft,2.71,1
EksHwK5b,Polissya Zhytomyr,Oleksandriya,1,1,hc,-0.25,away,ft,1.56,1
EksHwK5b,Polissya Zhytomyr,Oleksandriya,1,1,dc,0,home/draw,ft,1.56,1
EksHwK5b,Polissya Zhytomyr,Oleksandriya,1,1,dc,0,home/away,ft,1.48,1
EksHwK5b,Polissya Zhytomyr,Oleksandriya,1,1,dc,0,draw/away,ft,1.42,1
