match_id,home,away,home_score,away_score,market,line,side,period,avg_odds,n_bookies
KYjTdhmA,Pardubice,Kometa Brno,0,0,1x2,0,home,ft,1.897,7
KYjTdhmA,Pardubice,Kometa Brno,0,0,1x2,0,draw,ft,4.014,7
KYjTdhmA,Pardubice,Kometa Brno,0,0,1x2,0,away,ft,3.403,7
KYjTdhmA,Pardubice,Kometa Brno,0,0,ou,2.50,over,ft,1.1,2
KYjTdhmA,Pardubice,Kometa Brno,0,0,ou,2.50,under,ft,5.2,2
KYjTdhmA,Pardubice,Kometa Brno,0,0,ou,2.75,over,ft,1.11,2
KYjTdhmA,Pardubice,Kometa Brno,0,0,ou,2.75,under,ft,4.95,2
KYjTdhmA,Pardubice,Kometa Brno,0,0,ou,3.00,over,ft,1.12,2
KYjTdhmA,Pardubice,Kometa Brno,0,0,ou,3.00,under,ft,4.7,2
KYjTdhmA,Pardubice,Kometa Brno,0,0,ou,3.25,over,ft,1.22,2
KYjTdhmA,Pardubice,Kometa Brno,0,0,ou,3.25,under,ft,3.7,2
KYjTdhmA,Pardubice,Kometa Brno,0,0,ou,3.50,over,ft,1.307,3
KYjTdhmA,Pardubice,Kometa Brno,0,0,ou,3.50,under,ft,3.07,3
KYjTdhmA,Pardubice,Kometa Brno,0,0,ou,3.75,over,ft,1.36,2
KYjTdhmA,Pardubice,Kometa Brno,0,0,ou,3.75,under,ft,2.91,2
KYjTdhmA,Pardubice,Kometa Brno,0,0,ou,4.00,over,ft,1.437,3
KYjTdhmA,Pardubice,Kometa Brno,0,0,ou,4.00,under,ft,2.62,3
KYjTdhmA,Pardubice,Kometa Brno,0,0,ou,4.25,over,ft,1.62,2
KYjTdhmA,Pardubice,Kometa Brno,0,0,ou,4.25,under,ft,2.29,2
KYjTdhmA,Pardubice,Kometa Brno,0,0,ou,4.50,over,ft,1.79,5
KYjTdhmA,Pardubice,Kometa Brno,0,0,ou,4.50,under,ft,1.998,5
KYjTdhmA,Pardubice,Kometa Brno,0,0,ou,4.75,over,ft,1.92,2
KYjTdhmA,Pardubice,Kometa Brno,0,0,ou,4.75,under,ft,1.88,2
KYjTdhmA,Pardubice,Kometa Brno,0,0,ou,5.00,over,ft,2.092,4
KYjTdhmA,Pardubice,Kometa Brno,0,0,ou,5.00,under,ft,1.692,4
KYjTdhmA,Pardubice,Kometa Brno,0,0,ou,5.25,over,ft,2.22,2
KYjTdhmA,Pardubice,Kometa Brno,0,0,ou,5.25,under,ft,1.56,2
KYjTdhmA,Pardubice,Kometa Brno,0,0,ou,5.50,over,ft,2.45,4
KYjTdhmA,Pardubice,Kometa Brno,0,0,ou,5.50,under,ft,1.478,4
KYjTdhmA,Pardubice,Kometa Brno,0,0,ou,5.75,over,ft,2.66,2
KYjTdhmA,Pardubice,Kometa Brno,0,0,ou,5.75,under,ft,1.37,2
KYjTdhmA,Pardubice,Kometa Brno,0,0,ou,6.00,over,ft,3.24,3
KYjTdhmA,Pardubice,Kometa Brno,0,0,ou,6.00,under,ft,1.257,3
KYjTdhmA,Pardubice,Kometa Brno,0,0,ou,6.25,over,ft,3.34,2
KYjTdhmA,Pardubice,Kometa Brno,0,0,ou,6.25,under,ft,1.24,2
KYjTdhmA,Pardubice,Kometa Brno,0,0,ou,6.50,over,ft,3.633,3
KYjTdhmA,Pardubice,Kometa Brno,0,0,ou,6.50,under,ft,1.197,3
KYjTdhmA,Pardubice,Kometa Brno,0,0,ou,7.00,over,ft,6.8,2
KYjTdhmA,Pardubice,Kometa Brno,0,0,ou,7.00,under,ft,1.08,2
KYjTdhmA,Pardubice,Kometa Brno,0,0,ou,7.50,over,ft,7.5,2
KYjTdhmA,Pardubice,Kometa Brno,0,0,ou,7.50,under,ft,1.07,2
KYjTdhmA,Pardubice,Kometa Brno,0,0,hc,0,home,ft,1.45,4
KYjTdhmA,Pardubice,Kometa Brno,0,0,hc,0,away,ft,2.572,4
KYjTdhmA,Pardubice,Kometa Brno,0,0,hc,0.50,home,ft,1.3,1
KYjTdhmA,Pardubice,Kometa Brno,0,0,hc,0.50,away,ft,3.41,1
KYjTdhmA,Pardubice,Kometa Brno,0,0,hc,-0.50,home,ft,1.95,1
KYjTdhmA,Pardubice,Kometa Brno,0,0,hc,-0.50,away,ft,1.86,1
KYjTdhmA,Pardubice,Kometa Brno,0,0,hc,0.75,home,ft,1.25,2
KYjTdhmA,Pardubice,Kometa Brno,0,0,hc,0.75,away,ft,3.7,2
KYjTdhmA,Pardubice,Kometa Brno,0,0,hc,-0.75,home,ft,1.97,2
KYjTdhmA,Pardubice,Kometa Brno,0,0,hc,-0.75,away,ft,1.77,2
KYjTdhmA,Pardubice,Kometa Brno,0,0,hc,1.00,home,ft,1.15,3
KYjTdhmA,Pardubice,Kometa Brno,0,0,hc,1.00,away,ft,4.163,3
KYjTdhmA,Pardubice,Kometa Brno,0,0,hc,-1.00,home,ft,2.218,4
KYjTdhmA,Pardubice,Kometa Brno,0,0,hc,-1.00,away,ft,1.65,4
KYjTdhmA,Pardubice,Kometa Brno,0,0,hc,-1.25,home,ft,2.31,2
KYjTdhmA,Pardubice,Kometa Brno,0,0,hc,-1.25,away,ft,1.56,2
KYjTdhmA,Pardubice,Kometa Brno,0,0,hc,1.50,home,ft,1.12,2
KYjTdhmA,Pardubice,Kometa Brno,0,0,hc,1.50,away,ft,4.65,2
KYjTdhmA,Pardubice,Kometa Brno,0,0,hc,-1.50,home,ft,2.52,4
KYjTdhmA,Pardubice,Kometa Brno,0,0,hc,-1.50,away,ft,1.482,4
KYjTdhmA,Pardubice,Kometa Brno,0,0,hc,-1.75,home,ft,2.77,2
KYjTdhmA,Pardubice,Kometa Brno,0,0,hc,-1.75,away,ft,1.38,2
KYjTdhmA,Pardubice,Kometa Brno,0,0,hc,2.00,home,ft,1.03,2
KYjTdhmA,Pardubice,Kometa Brno,0,0,hc,2.00,away,ft,9.9,2
KYjTdhmA,Pardubice,Kometa Brno,0,0,hc,-2.00,home,ft,3.207,3
KYjTdhmA,Pardubice,Kometa Brno,0,0,hc,-2.00,away,ft,1.28,3
KYjTdhmA,Pardubice,Kometa Brno,0,0,hc,-2.25,home,ft,3.9,2
KYjTdhmA,Pardubice,Kometa Brno,0,0,hc,-2.25,away,ft,1.23,2
KYjTdhmA,Pardubice,Kometa Brno,0,0,hc,2.50,home,ft,1.02,2
KYjTdhmA,Pardubice,Kometa Brno,0,0,hc,2.50,away,ft,11.0,2
KYjTdhmA,Pardubice,Kometa Brno,0,0,hc,-2.50,home,ft,3.563,3
KYjTdhmA,Pardubice,Kometa Brno,0,0,hc,-2.50,away,ft,1.213,3
KYjTdhmA,Pardubice,Kometa Brno,0,0,hc,-3.00,home,ft,6.15,2
KYjTdhmA,Pardubice,Kometa Brno,0,0,hc,-3.00,away,ft,1.06,2
KYjTdhmA,Pardubice,Kometa Brno,0,0,hc,-3.50,home,ft,7.2,2
KYjTdhmA,Pardubice,Kometa Brno,0,0,hc,-3.50,away,ft,1.07,2
KYjTdhmA,Pardubice,Kometa Brno,0,0,hc,0.25,home,ft,1.35,2
KYjTdhmA,Pardubice,Kometa Brno,0,0,hc,0.25,away,ft,2.84,2
KYjTdhmA,Pardubice,Kometa Brno,0,0,hc,-0.25,home,ft,1.64,2
KYjTdhmA,Pardubice,Kometa Brno,0,0,hc,-0.25,away,ft,2.13,2
vHAE4kvo,Kometa Brno,Pardubice,1,1,1x2,0,home,ft,2.567,7
vHAE4kvo,Kometa Brno,Pardubice,1,1,1x2,0,draw,ft,3.929,7
vHAE4kvo,Kometa Brno,Pardubice,1,1,1x2,0,away,ft,2.364,7
vHAE4kvo,Kometa Brno,Pardubice,1,1,ou,2.50,over,ft,1.1,2
vHAE4kvo,Kometa Brno,Pardubice,1,1,ou,2.50,under,ft,5.2,2
vHAE4kvo,Kometa Brno,Pardubice,1,1,ou,2.75,over,ft,1.11,2
vHAE4kvo,Kometa Brno,Pardubice,1,1,ou,2.75,under,ft,5.0,2
vHAE4kvo,Kometa Brno,Pardubice,1,1,ou,3.00,over,ft,1.12,2
vHAE4kvo,Kometa Brno,Pardubice,1,1,ou,3.00,under,ft,4.75,2
vHAE4kvo,Kometa Brno,Pardubice,1,1,ou,3.25,over,ft,1.22,2
vHAE4kvo,Kometa Brno,Pardubice,1,1,ou,3.25,under,ft,3.7,2
vHAE4kvo,Kometa Brno,Pardubice,1,1,ou,3.50,over,ft,1.3,3
vHAE4kvo,Kometa Brno,Pardubice,1,1,ou,3.50,under,ft,3.09,3
vHAE4kvo,Kometa Brno,Pardubice,1,1,ou,3.75,over,ft,1.36,2
vHAE4kvo,Kometa Brno,Pardubice,1,1,ou,3.75,under,ft,2.91,2
vHAE4kvo,Kometa Brno,Pardubice,1,1,ou,4.00,over,ft,1.427,3
vHAE4kvo,Kometa Brno,Pardubice,1,1,ou,4.00,under,ft,2.643,3
vHAE4kvo,Kometa Brno,Pardubice,1,1,ou,4.25,over,ft,1.61,2
vHAE4kvo,Kometa Brno,Pardubice,1,1,ou,4.25,under,ft,2.31,2
vHAE4kvo,Kometa Brno,Pardubice,1,1,ou,4.50,over,ft,1.768,5
vHAE4kvo,Kometa Brno,Pardubice,1,1,ou,4.50,under,ft,2.02,5
vHAE4kvo,Kometa Brno,Pardubice,1,1,ou,4.75,over,ft,1.91,2
vHAE4kvo,Kometa Brno,Pardubice,1,1,ou,4.75,under,ft,1.9,2
vHAE4kvo,Kometa Brno,Pardubice,1,1,ou,5.00,over,ft,2.083,3
vHAE4kvo,Kometa Brno,Pardubice,1,1,ou,5.00,under,ft,1.68,3
vHAE4kvo,Kometa Brno,Pardubice,1,1,ou,5.25,over,ft,2.2,2
vHAE4kvo,Kometa Brno,Pardubice,1,1,ou,5.25,under,ft,1.57,2
vHAE4kvo,Kometa Brno,Pardubice,1,1,ou,5.50,over,ft,2.425,4
vHAE4kvo,Kometa Brno,Pardubice,1,1,ou,5.50,under,ft,1.488,4
vHAE4kvo,Kometa Brno,Pardubice,1,1,ou,5.75,over,ft,2.66,2
vHAE4kvo,Kometa Brno,Pardubice,1,1,ou,5.75,under,ft,1.37,2
vHAE4kvo,Kometa Brno,Pardubice,1,1,ou,6.00,over,ft,3.213,3
vHAE4kvo,Kometa Brno,Pardubice,1,1,ou,6.00,under,ft,1.26,3
vHAE4kvo,Kometa Brno,Pardubice,1,1,ou,6.25,over,ft,3.34,2
vHAE4kvo,Kometa Brno,Pardubice,1,1,ou,6.25,under,ft,1.24,2
vHAE4kvo,Kometa Brno,Pardubice,1,1,ou,6.50,over,ft,3.61,3
vHAE4kvo,Kometa Brno,Pardubice,1,1,ou,6.50,under,ft,1.2,3
vHAE4kvo,Kometa Brno,Pardubice,1,1,ou,7.00,over,ft,6.8,2
vHAE4kvo,Kometa Brno,Pardubice,1,1,ou,7.00,under,ft,1.08,2
vHAE4kvo,Kometa Brno,Pardubice,1,1,ou,7.50,over,ft,7.5,2
vHAE4kvo,Kometa Brno,Pardubice,1,1,ou,7.50,under,ft,1.07,2
vHAE4kvo,Kometa Brno,Pardubice,1,1,hc,0,home,ft,1.98,3
vHAE4kvo,Kometa Brno,Pardubice,1,1,hc,0,away,ft,1.817,3
vHAE4kvo,Kometa Brno,Pardubice,1,1,hc,-0.50,home,ft,2.61,1
vHAE4kvo,Kometa Brno,Pardubice,1,1,hc,-0.50,away,ft,1.49,1
vHAE4kvo,Kometa Brno,Pardubice,1,1,hc,0.50,home,ft,1.58,1
vHAE4kvo,Kometa Brno,Pardubice,1,1,hc,0.50,away,ft,2.38,1
vHAE4kvo,Kometa Brno,Pardubice,1,1,hc,-0.75,home,ft,2.73,2
vHAE4kvo,Kometa Brno,Pardubice,1,1,hc,-0.75,away,ft,1.4,2
vHAE4kvo,Kometa Brno,Pardubice,1,1,hc,0.75,home,ft,1.47,2
vHAE4kvo,Kometa Brno,Pardubice,1,1,hc,0.75,away,ft,2.5,2
vHAE4kvo,Kometa Brno,Pardubice,1,1,hc,-1.00,home,ft,3.183,4
vHAE4kvo,Kometa Brno,Pardubice,1,1,hc,-1.00,away,ft,1.305,4
vHAE4kvo,Kometa Brno,Pardubice,1,1,hc,1.00,home,ft,1.365,4
vHAE4kvo,Kometa Brno,Pardubice,1,1,hc,1.00,away,ft,2.882,4
vHAE4kvo,Kometa Brno,Pardubice,1,1,hc,-1.25,home,ft,3.5,2
vHAE4kvo,Kometa Brno,Pardubice,1,1,hc,-1.25,away,ft,1.27,2
vHAE4kvo,Kometa Brno,Pardubice,1,1,hc,1.25,home,ft,1.32,2
vHAE4kvo,Kometa Brno,Pardubice,1,1,hc,1.25,away,ft,2.99,2
vHAE4kvo,Kometa Brno,Pardubice,1,1,hc,-1.50,home,ft,3.403,3
vHAE4kvo,Kometa Brno,Pardubice,1,1,hc,-1.50,away,ft,1.24,3
vHAE4kvo,Kometa Brno,Pardubice,1,1,hc,1.50,home,ft,1.283,3
vHAE4kvo,Kometa Brno,Pardubice,1,1,hc,1.50,away,ft,3.137,3
vHAE4kvo,Kometa Brno,Pardubice,1,1,hc,1.75,home,ft,1.25,2
vHAE4kvo,Kometa Brno,Pardubice,1,1,hc,1.75,away,ft,3.7,2
vHAE4kvo,Kometa Brno,Pardubice,1,1,hc,-2.00,home,ft,5.0,2
vHAE4kvo,Kometa Brno,Pardubice,1,1,hc,-2.00,away,ft,1.11,2
vHAE4kvo,Kometa Brno,Pardubice,1,1,hc,2.00,home,ft,1.14,2
vHAE4kvo,Kometa Brno,Pardubice,1,1,hc,2.00,away,ft,4.45,2
vHAE4kvo,Kometa Brno,Pardubice,1,1,hc,-2.50,home,ft,7.2,2
vHAE4kvo,Kometa Brno,Pardubice,1,1,hc,-2.50,away,ft,1.07,2
vHAE4kvo,Kometa Brno,Pardubice,1,1,hc,2.50,home,ft,1.11,2
vHAE4kvo,Kometa Brno,Pardubice,1,1,hc,2.50,away,ft,4.9,2
vHAE4kvo,Kometa Brno,Pardubice,1,1,hc,3.00,home,ft,1.03,2
vHAE4kvo,Kometa Brno,Pardubice,1,1,hc,3.00,away,ft,10.0,2
vHAE4kvo,Kometa Brno,Pardubice,1,1,hc,3.50,home,ft,1.03,2
vHAE4kvo,Kometa Brno,Pardubice,1,1,hc,3.50,away,ft,10.5,2
vHAE4kvo,Kometa Brno,Pardubice,1,1,hc,-0.25,home,ft,2.21,2
vHAE4kvo,Kometa Brno,Pardubice,1,1,hc,-0.25,away,ft,1.61,2
vHAE4kvo,Kometa Brno,Pardubice,1,1,hc,0.25,home,ft,1.72,2
vHAE4kvo,Kometa Brno,Pardubice,1,1,hc,0.25,away,ft,2.03,2
dMMhPH5F,Pardubice,Kometa Brno,2,2,1x2,0,home,ft,1.77,7
dMMhPH5F,Pardubice,Kometa Brno,2,2,1x2,0,draw,ft,4.251,7
dMMhPH5F,Pardubice,Kometa Brno,2,2,1x2,0,away,ft,3.691,7
dMMhPH5F,Pardubice,Kometa Brno,2,2,ou,2.50,over,ft,1.12,2
dMMhPH5F,Pardubice,Kometa Brno,2,2,ou,2.50,under,ft,4.8,2
dMMhPH5F,Pardubice,Kometa Brno,2,2,ou,2.75,over,ft,1.13,2
dMMhPH5F,Pardubice,Kometa Brno,2,2,ou,2.75,under,ft,4.56,2
dMMhPH5F,Pardubice,Kometa Brno,2,2,ou,3.00,over,ft,1.15,3
dMMhPH5F,Pardubice,Kometa Brno,2,2,ou,3.00,under,ft,4.11,3
dMMhPH5F,Pardubice,Kometa Brno,2,2,ou,3.25,over,ft,1.26,2
dMMhPH5F,Pardubice,Kometa Brno,2,2,ou,3.25,under,ft,3.37,2
dMMhPH5F,Pardubice,Kometa Brno,2,2,ou,3.50,over,ft,1.34,3
dMMhPH5F,Pardubice,Kometa Brno,2,2,ou,3.50,under,ft,2.907,3
dMMhPH5F,Pardubice,Kometa Brno,2,2,ou,3.75,over,ft,1.42,2
dMMhPH5F,Pardubice,Kometa Brno,2,2,ou,3.75,under,ft,2.67,2
dMMhPH5F,Pardubice,Kometa Brno,2,2,ou,4.00,over,ft,1.502,4
dMMhPH5F,Pardubice,Kometa Brno,2,2,ou,4.00,under,ft,2.458,4
dMMhPH5F,Pardubice,Kometa Brno,2,2,ou,4.25,over,ft,1.71,2
dMMhPH5F,Pardubice,Kometa Brno,2,2,ou,4.25,under,ft,2.13,2
dMMhPH5F,Pardubice,Kometa Brno,2,2,ou,4.50,over,ft,1.846,5
dMMhPH5F,Pardubice,Kometa Brno,2,2,ou,4.50,under,ft,1.932,5
dMMhPH5F,Pardubice,Kometa Brno,2,2,ou,4.75,over,ft,1.99,2
dMMhPH5F,Pardubice,Kometa Brno,2,2,ou,4.75,under,ft,1.73,2
dMMhPH5F,Pardubice,Kometa Brno,2,2,ou,5.00,over,ft,2.26,4
dMMhPH5F,Pardubice,Kometa Brno,2,2,ou,5.00,under,ft,1.593,4
dMMhPH5F,Pardubice,Kometa Brno,2,2,ou,5.25,over,ft,2.4,2
dMMhPH5F,Pardubice,Kometa Brno,2,2,ou,5.25,under,ft,1.48,2
dMMhPH5F,Pardubice,Kometa Brno,2,2,ou,5.50,over,ft,2.555,4
dMMhPH5F,Pardubice,Kometa Brno,2,2,ou,5.50,under,ft,1.44,4
dMMhPH5F,Pardubice,Kometa Brno,2,2,ou,5.75,over,ft,2.92,2
dMMhPH5F,Pardubice,Kometa Brno,2,2,ou,5.75,under,ft,1.31,2
dMMhPH5F,Pardubice,Kometa Brno,2,2,ou,6.00,over,ft,3.52,3
dMMhPH5F,Pardubice,Kometa Brno,2,2,ou,6.00,under,ft,1.217,3
dMMhPH5F,Pardubice,Kometa Brno,2,2,ou,6.25,over,ft,3.76,2
dMMhPH5F,Pardubice,Kometa Brno,2,2,ou,6.25,under,ft,1.19,2
dMMhPH5F,Pardubice,Kometa Brno,2,2,ou,6.50,over,ft,3.923,3
dMMhPH5F,Pardubice,Kometa Brno,2,2,ou,6.50,under,ft,1.167,3
dMMhPH5F,Pardubice,Kometa Brno,2,2,ou,7.00,over,ft,7.7,2
dMMhPH5F,Pardubice,Kometa Brno,2,2,ou,7.00,under,ft,1.06,2
dMMhPH5F,Pardubice,Kometa Brno,2,2,ou,7.50,over,ft,8.4,2
dMMhPH5F,Pardubice,Kometa Brno,2,2,ou,7.50,under,ft,1.05,2
dMMhPH5F,Pardubice,Kometa Brno,2,2,hc,0,home,ft,1.373,3
dMMhPH5F,Pardubice,Kometa Brno,2,2,hc,0,away,ft,2.89,3
dMMhPH5F,Pardubice,Kometa Brno,2,2,hc,0.50,home,ft,1.27,1
dMMhPH5F,Pardubice,Kometa Brno,2,2,hc,0.50,away,ft,3.65,1
dMMhPH5F,Pardubice,Kometa Brno,2,2,hc,-0.50,home,ft,1.68,1
dMMhPH5F,Pardubice,Kometa Brno,2,2,hc,-0.50,away,ft,2.19,1
dMMhPH5F,Pardubice,Kometa Brno,2,2,hc,0.75,home,ft,1.33,2
dMMhPH5F,Pardubice,Kometa Brno,2,2,hc,0.75,away,ft,3.1,2
dMMhPH5F,Pardubice,Kometa Brno,2,2,hc,-0.75,home,ft,1.89,2
dMMhPH5F,Pardubice,Kometa Brno,2,2,hc,-0.75,away,ft,1.83,2
dMMhPH5F,Pardubice,Kometa Brno,2,2,hc,1.00,home,ft,1.13,3
dMMhPH5F,Pardubice,Kometa Brno,2,2,hc,1.00,away,ft,4.397,3
dMMhPH5F,Pardubice,Kometa Brno,2,2,hc,-1.00,home,ft,2.055,4
dMMhPH5F,Pardubice,Kometa Brno,2,2,hc,-1.00,away,ft,1.762,4
dMMhPH5F,Pardubice,Kometa Brno,2,2,hc,-1.25,home,ft,2.23,2
dMMhPH5F,Pardubice,Kometa Brno,2,2,hc,-1.25,away,ft,1.6,2
dMMhPH5F,Pardubice,Kometa Brno,2,2,hc,1.50,home,ft,1.12,3
dMMhPH5F,Pardubice,Kometa Brno,2,2,hc,1.50,away,ft,4.583,3
dMMhPH5F,Pardubice,Kometa Brno,2,2,hc,-1.50,home,ft,2.34,4
dMMhPH5F,Pardubice,Kometa Brno,2,2,hc,-1.50,away,ft,1.56,4
dMMhPH5F,Pardubice,Kometa Brno,2,2,hc,-1.75,home,ft,2.65,2
dMMhPH5F,Pardubice,Kometa Brno,2,2,hc,-1.75,away,ft,1.41,2
dMMhPH5F,Pardubice,Kometa Brno,2,2,hc,2.00,home,ft,1.03,2
dMMhPH5F,Pardubice,Kometa Brno,2,2,hc,2.00,away,ft,9.9,2
dMMhPH5F,Pardubice,Kometa Brno,2,2,hc,-2.00,home,ft,3.027,4
dMMhPH5F,Pardubice,Kometa Brno,2,2,hc,-2.00,away,ft,1.333,4
dMMhPH5F,Pardubice,Kometa Brno,2,2,hc,-2.25,home,ft,3.6,2
dMMhPH5F,Pardubice,Kometa Brno,2,2,hc,-2.25,away,ft,1.26,2
dMMhPH5F,Pardubice,Kometa Brno,2,2,hc,2.50,home,ft,1.02,2
dMMhPH5F,Pardubice,Kometa Brno,2,2,hc,2.50,away,ft,11.0,2
dMMhPH5F,Pardubice,Kometa Brno,2,2,hc,-2.50,home,ft,3.473,3
dMMhPH5F,Pardubice,Kometa Brno,2,2,hc,-2.50,away,ft,1.227,3
dMMhPH5F,Pardubice,Kometa Brno,2,2,hc,-3.00,home,ft,5.95,2
dMMhPH5F,Pardubice,Kometa Brno,2,2,hc,-3.00,away,ft,1.07,2
dMMhPH5F,Pardubice,Kometa Brno,2,2,hc,-3.50,home,ft,6.1,2
dMMhPH5F,Pardubice,Kometa Brno,2,2,hc,-3.50,away,ft,1.1,2
dMMhPH5F,Pardubice,Kometa Brno,2,2,hc,-4.00,home,ft,10.5,2
dMMhPH5F,Pardubice,Kometa Brno,2,2,hc,-4.00,away,ft,1.03,2
dMMhPH5F,Pardubice,Kometa Brno,2,2,hc,-4.50,home,ft,11.0,2
dMMhPH5F,Pardubice,Kometa Brno,2,2,hc,-4.50,away,ft,1.02,2
dMMhPH5F,Pardubice,Kometa Brno,2,2,hc,0.25,home,ft,1.32,2
dMMhPH5F,Pardubice,Kometa Brno,2,2,hc,0.25,away,ft,2.99,2
dMMhPH5F,Pardubice,Kometa Brno,2,2,hc,-0.25,home,ft,1.58,2
dMMhPH5F,Pardubice,Kometa Brno,2,2,hc,-0.25,away,ft,2.24,2
fZgNSx7e,Kometa Brno,Pardubice,7,7,1x2,0,home,ft,2.731,7
fZgNSx7e,Kometa Brno,Pardubice,7,7,1x2,0,draw,ft,3.873,7
fZgNSx7e,Kometa Brno,Pardubice,7,7,1x2,0,away,ft,2.251,7
fZgNSx7e,Kometa Brno,Pardubice,7,7,ou,2.50,over,ft,1.14,2
fZgNSx7e,Kometa Brno,Pardubice,7,7,ou,2.50,under,ft,4.4,2
fZgNSx7e,Kometa Brno,Pardubice,7,7,ou,2.75,over,ft,1.16,2
fZgNSx7e,Kometa Brno,Pardubice,7,7,ou,2.75,under,ft,4.15,2
fZgNSx7e,Kometa Brno,Pardubice,7,7,ou,3.00,over,ft,1.18,3
fZgNSx7e,Kometa Brno,Pardubice,7,7,ou,3.00,under,ft,3.81,3
fZgNSx7e,Kometa Brno,Pardubice,7,7,ou,3.25,over,ft,1.3,2
fZgNSx7e,Kometa Brno,Pardubice,7,7,ou,3.25,under,ft,3.12,2
fZgNSx7e,Kometa Brno,Pardubice,7,7,ou,3.50,over,ft,1.403,3
fZgNSx7e,Kometa Brno,Pardubice,7,7,ou,3.50,under,ft,2.66,3
fZgNSx7e,Kometa Brno,Pardubice,7,7,ou,3.75,over,ft,1.49,2
fZgNSx7e,Kometa Brno,Pardubice,7,7,ou,3.75,under,ft,2.45,2
fZgNSx7e,Kometa Brno,Pardubice,7,7,ou,4.00,over,ft,1.6,3
fZgNSx7e,Kometa Brno,Pardubice,7,7,ou,4.00,under,ft,2.22,3
fZgNSx7e,Kometa Brno,Pardubice,7,7,ou,4.25,over,ft,1.82,2
fZgNSx7e,Kometa Brno,Pardubice,7,7,ou,4.25,under,ft,1.99,2
fZgNSx7e,Kometa Brno,Pardubice,7,7,ou,4.50,over,ft,2.006,5
fZgNSx7e,Kometa Brno,Pardubice,7,7,ou,4.50,under,ft,1.778,5
fZgNSx7e,Kometa Brno,Pardubice,7,7,ou,4.75,over,ft,2.14,2
fZgNSx7e,Kometa Brno,Pardubice,7,7,ou,4.75,under,ft,1.63,2
fZgNSx7e,Kometa Brno,Pardubice,7,7,ou,5.00,over,ft,2.457,3
fZgNSx7e,Kometa Brno,Pardubice,7,7,ou,5.00,under,ft,1.49,3
fZgNSx7e,Kometa Brno,Pardubice,7,7,ou,5.25,over,ft,2.6,2
fZgNSx7e,Kometa Brno,Pardubice,7,7,ou,5.25,under,ft,1.41,2
fZgNSx7e,Kometa Brno,Pardubice,7,7,ou,5.50,over,ft,2.855,4
fZgNSx7e,Kometa Brno,Pardubice,7,7,ou,5.50,under,ft,1.353,4
fZgNSx7e,Kometa Brno,Pardubice,7,7,ou,5.75,over,ft,3.2,2
fZgNSx7e,Kometa Brno,Pardubice,7,7,ou,5.75,under,ft,1.26,2
fZgNSx7e,Kometa Brno,Pardubice,7,7,ou,6.00,over,ft,3.91,3
fZgNSx7e,Kometa Brno,Pardubice,7,7,ou,6.00,under,ft,1.17,3
fZgNSx7e,Kometa Brno,Pardubice,7,7,ou,6.25,over,ft,4.16,2
fZgNSx7e,Kometa Brno,Pardubice,7,7,ou,6.25,under,ft,1.16,2
fZgNSx7e,Kometa Brno,Pardubice,7,7,ou,6.50,over,ft,4.4,2
fZgNSx7e,Kometa Brno,Pardubice,7,7,ou,6.50,under,ft,1.14,2
fZgNSx7e,Kometa Brno,Pardubice,7,7,ou,7.00,over,ft,8.5,2
fZgNSx7e,Kometa Brno,Pardubice,7,7,ou,7.00,under,ft,1.05,2
fZgNSx7e,Kometa Brno,Pardubice,7,7,ou,7.50,over,ft,9.3,2
fZgNSx7e,Kometa Brno,Pardubice,7,7,ou,7.50,under,ft,1.04,2
fZgNSx7e,Kometa Brno,Pardubice,7,7,hc,0,home,ft,2.077,4
fZgNSx7e,Kometa Brno,Pardubice,7,7,hc,0,away,ft,1.73,4
fZgNSx7e,Kometa Brno,Pardubice,7,7,hc,-0.50,home,ft,2.76,1
fZgNSx7e,Kometa Brno,Pardubice,7,7,hc,-0.50,away,ft,1.44,1
fZgNSx7e,Kometa Brno,Pardubice,7,7,hc,0.50,home,ft,1.64,1
fZgNSx7e,Kometa Brno,Pardubice,7,7,hc,0.50,away,ft,2.25,1
fZgNSx7e,Kometa Brno,Pardubice,7,7,hc,-0.75,home,ft,2.94,2
fZgNSx7e,Kometa Brno,Pardubice,7,7,hc,-0.75,away,ft,1.35,2
fZgNSx7e,Kometa Brno,Pardubice,7,7,hc,0.75,home,ft,1.51,2
fZgNSx7e,Kometa Brno,Pardubice,7,7,hc,0.75,away,ft,2.39,2
fZgNSx7e,Kometa Brno,Pardubice,7,7,hc,-1.00,home,ft,3.478,4
fZgNSx7e,Kometa Brno,Pardubice,7,7,hc,-1.00,away,ft,1.255,4
fZgNSx7e,Kometa Brno,Pardubice,7,7,hc,1.00,home,ft,1.407,4
fZgNSx7e,Kometa Brno,Pardubice,7,7,hc,1.00,away,ft,2.73,4
fZgNSx7e,Kometa Brno,Pardubice,7,7,hc,-1.25,home,ft,3.4,2
fZgNSx7e,Kometa Brno,Pardubice,7,7,hc,-1.25,away,ft,1.29,2
fZgNSx7e,Kometa Brno,Pardubice,7,7,hc,1.25,home,ft,1.34,2
fZgNSx7e,Kometa Brno,Pardubice,7,7,hc,1.25,away,ft,2.89,2
fZgNSx7e,Kometa Brno,Pardubice,7,7,hc,-1.50,home,ft,3.757,3
fZgNSx7e,Kometa Brno,Pardubice,7,7,hc,-1.50,away,ft,1.197,3
fZgNSx7e,Kometa Brno,Pardubice,7,7,hc,1.50,home,ft,1.307,3
fZgNSx7e,Kometa Brno,Pardubice,7,7,hc,1.50,away,ft,3.033,3
fZgNSx7e,Kometa Brno,Pardubice,7,7,hc,1.75,home,ft,1.25,2
fZgNSx7e,Kometa Brno,Pardubice,7,7,hc,1.75,away,ft,3.7,2
fZgNSx7e,Kometa Brno,Pardubice,7,7,hc,-2.00,home,ft,5.7,2
fZgNSx7e,Kometa Brno,Pardubice,7,7,hc,-2.00,away,ft,1.08,2
fZgNSx7e,Kometa Brno,Pardubice,7,7,hc,2.00,home,ft,1.143,3
fZgNSx7e,Kometa Brno,Pardubice,7,7,hc,2.00,away,ft,4.223,3
fZgNSx7e,Kometa Brno,Pardubice,7,7,hc,-2.50,home,ft,7.7,2
fZgNSx7e,Kometa Brno,Pardubice,7,7,hc,-2.50,away,ft,1.06,2
fZgNSx7e,Kometa Brno,Pardubice,7,7,hc,2.50,home,ft,1.11,2
fZgNSx7e,Kometa Brno,Pardubice,7,7,hc,2.50,away,ft,4.8,2
fZgNSx7e,Kometa Brno,Pardubice,7,7,hc,3.00,home,ft,1.03,2
fZgNSx7e,Kometa Brno,Pardubice,7,7,hc,3.00,away,ft,10.5,2
fZgNSx7e,Kometa Brno,Pardubice,7,7,hc,3.50,home,ft,1.02,2
fZgNSx7e,Kometa Brno,Pardubice,7,7,hc,3.50,away,ft,11.0,2
fZgNSx7e,Kometa Brno,Pardubice,7,7,hc,-0.25,home,ft,2.33,2
fZgNSx7e,Kometa Brno,Pardubice,7,7,hc,-0.25,away,ft,1.55,2
fZgNSx7e,Kometa Brno,Pardubice,7,7,hc,0.25,home,ft,1.79,2
fZgNSx7e,Kometa Brno,Pardubice,7,7,hc,0.25,away,ft,1.94,2
YJ5EUbxq,Kometa Brno,Pardubice,1,1,1x2,0,home,ft,2.466,7
YJ5EUbxq,Kometa Brno,Pardubice,1,1,1x2,0,draw,ft,3.959,7
YJ5EUbxq,Kometa Brno,Pardubice,1,1,1x2,0,away,ft,2.426,7
YJ5EUbxq,Kometa Brno,Pardubice,1,1,ou,2.50,over,ft,1.13,2
YJ5EUbxq,Kometa Brno,Pardubice,1,1,ou,2.50,under,ft,4.6,2
YJ5EUbxq,Kometa Brno,Pardubice,1,1,ou,2.75,over,ft,1.15,2
YJ5EUbxq,Kometa Brno,Pardubice,1,1,ou,2.75,under,ft,4.31,2
YJ5EUbxq,Kometa Brno,Pardubice,1,1,ou,3.00,over,ft,1.17,3
YJ5EUbxq,Kometa Brno,Pardubice,1,1,ou,3.00,under,ft,3.953,3
YJ5EUbxq,Kometa Brno,Pardubice,1,1,ou,3.25,over,ft,1.28,2
YJ5EUbxq,Kometa Brno,Pardubice,1,1,ou,3.25,under,ft,3.24,2
YJ5EUbxq,Kometa Brno,Pardubice,1,1,ou,3.50,over,ft,1.377,3
YJ5EUbxq,Kometa Brno,Pardubice,1,1,ou,3.50,under,ft,2.76,3
YJ5EUbxq,Kometa Brno,Pardubice,1,1,ou,3.75,over,ft,1.45,2
YJ5EUbxq,Kometa Brno,Pardubice,1,1,ou,3.75,under,ft,2.57,2
YJ5EUbxq,Kometa Brno,Pardubice,1,1,ou,4.00,over,ft,1.553,3
YJ5EUbxq,Kometa Brno,Pardubice,1,1,ou,4.00,under,ft,2.31,3
YJ5EUbxq,Kometa Brno,Pardubice,1,1,ou,4.25,over,ft,1.76,2
YJ5EUbxq,Kometa Brno,Pardubice,1,1,ou,4.25,under,ft,2.06,2
YJ5EUbxq,Kometa Brno,Pardubice,1,1,ou,4.50,over,ft,1.944,5
YJ5EUbxq,Kometa Brno,Pardubice,1,1,ou,4.50,under,ft,1.836,5
YJ5EUbxq,Kometa Brno,Pardubice,1,1,ou,4.75,over,ft,2.06,2
YJ5EUbxq,Kometa Brno,Pardubice,1,1,ou,4.75,under,ft,1.68,2
YJ5EUbxq,Kometa Brno,Pardubice,1,1,ou,5.00,over,ft,2.363,3
YJ5EUbxq,Kometa Brno,Pardubice,1,1,ou,5.00,under,ft,1.53,3
YJ5EUbxq,Kometa Brno,Pardubice,1,1,ou,5.25,over,ft,2.51,2
YJ5EUbxq,Kometa Brno,Pardubice,1,1,ou,5.25,under,ft,1.44,2
YJ5EUbxq,Kometa Brno,Pardubice,1,1,ou,5.50,over,ft,2.725,4
YJ5EUbxq,Kometa Brno,Pardubice,1,1,ou,5.50,under,ft,1.387,4
YJ5EUbxq,Kometa Brno,Pardubice,1,1,ou,5.75,over,ft,3.08,2
YJ5EUbxq,Kometa Brno,Pardubice,1,1,ou,5.75,under,ft,1.28,2
YJ5EUbxq,Kometa Brno,Pardubice,1,1,ou,6.00,over,ft,3.747,3
YJ5EUbxq,Kometa Brno,Pardubice,1,1,ou,6.00,under,ft,1.19,3
YJ5EUbxq,Kometa Brno,Pardubice,1,1,ou,6.25,over,ft,3.96,2
YJ5EUbxq,Kometa Brno,Pardubice,1,1,ou,6.25,under,ft,1.17,2
YJ5EUbxq,Kometa Brno,Pardubice,1,1,ou,6.50,over,ft,4.2,2
YJ5EUbxq,Kometa Brno,Pardubice,1,1,ou,6.50,under,ft,1.15,2
YJ5EUbxq,Kometa Brno,Pardubice,1,1,hc,0,home,ft,1.933,3
YJ5EUbxq,Kometa Brno,Pardubice,1,1,hc,0,away,ft,1.86,3
YJ5EUbxq,Kometa Brno,Pardubice,1,1,hc,-0.50,home,ft,2.45,1
YJ5EUbxq,Kometa Brno,Pardubice,1,1,hc,-0.50,away,ft,1.55,1
YJ5EUbxq,Kometa Brno,Pardubice,1,1,hc,0.50,home,ft,1.55,1
YJ5EUbxq,Kometa Brno,Pardubice,1,1,hc,0.50,away,ft,2.45,1
YJ5EUbxq,Kometa Brno,Pardubice,1,1,hc,-0.75,home,ft,2.73,2
YJ5EUbxq,Kometa Brno,Pardubice,1,1,hc,-0.75,away,ft,1.4,2
YJ5EUbxq,Kometa Brno,Pardubice,1,1,hc,0.75,home,ft,1.45,2
YJ5EUbxq,Kometa Brno,Pardubice,1,1,hc,0.75,away,ft,2.56,2
YJ5EUbxq,Kometa Brno,Pardubice,1,1,hc,-1.00,home,ft,3.127,4
YJ5EUbxq,Kometa Brno,Pardubice,1,1,hc,-1.00,away,ft,1.315,4
YJ5EUbxq,Kometa Brno,Pardubice,1,1,hc,1.00,home,ft,1.338,4
YJ5EUbxq,Kometa Brno,Pardubice,1,1,hc,1.00,away,ft,3.002,4
YJ5EUbxq,Kometa Brno,Pardubice,1,1,hc,-1.25,home,ft,3.5,2
YJ5EUbxq,Kometa Brno,Pardubice,1,1,hc,-1.25,away,ft,1.27,2
YJ5EUbxq,Kometa Brno,Pardubice,1,1,hc,1.25,home,ft,1.3,2
YJ5EUbxq,Kometa Brno,Pardubice,1,1,hc,1.25,away,ft,3.1,2
YJ5EUbxq,Kometa Brno,Pardubice,1,1,hc,-1.50,home,ft,3.35,4
YJ5EUbxq,Kometa Brno,Pardubice,1,1,hc,-1.50,away,ft,1.265,4
YJ5EUbxq,Kometa Brno,Pardubice,1,1,hc,1.50,home,ft,1.263,3
YJ5EUbxq,Kometa Brno,Pardubice,1,1,hc,1.50,away,ft,3.26,3
YJ5EUbxq,Kometa Brno,Pardubice,1,1,hc,-1.75,home,ft,3.5,2
YJ5EUbxq,Kometa Brno,Pardubice,1,1,hc,-1.75,away,ft,1.28,2
YJ5EUbxq,Kometa Brno,Pardubice,1,1,hc,1.75,home,ft,1.27,2
YJ5EUbxq,Kometa Brno,Pardubice,1,1,hc,1.75,away,ft,3.6,2
YJ5EUbxq,Kometa Brno,Pardubice,1,1,hc,-2.00,home,ft,5.1,2
YJ5EUbxq,Kometa Brno,Pardubice,1,1,hc,-2.00,away,ft,1.1,2
YJ5EUbxq,Kometa Brno,Pardubice,1,1,hc,2.00,home,ft,1.13,3
YJ5EUbxq,Kometa Brno,Pardubice,1,1,hc,2.00,away,ft,4.36,3
YJ5EUbxq,Kometa Brno,Pardubice,1,1,hc,-2.50,home,ft,4.9,2
YJ5EUbxq,Kometa Brno,Pardubice,1,1,hc,-2.50,away,ft,1.11,2
YJ5EUbxq,Kometa Brno,Pardubice,1,1,hc,2.50,home,ft,1.1,2
YJ5EUbxq,Kometa Brno,Pardubice,1,1,hc,2.50,away,ft,5.15,2
YJ5EUbxq,Kometa Brno,Pardubice,1,1,hc,-0.25,home,ft,2.17,2
YJ5EUbxq,Kometa Brno,Pardubice,1,1,hc,-0.25,away,ft,1.63,2
YJ5EUbxq,Kometa Brno,Pardubice,1,1,hc,0.25,home,ft,1.7,2
YJ5EUbxq,Kometa Brno,Pardubice,1,1,hc,0.25,away,ft,2.06,2
Uog9GZa4,Jihlava,Olomouc,0,0,1x2,0,home,ft,4.983,7
Uog9GZa4,Jihlava,Olomouc,0,0,1x2,0,draw,ft,4.839,7
Uog9GZa4,Jihlava,Olomouc,0,0,1x2,0,away,ft,1.5,7
Uog9GZa4,Jihlava,Olomouc,0,0,ou,2.50,over,ft,1.07,2
Uog9GZa4,Jihlava,Olomouc,0,0,ou,2.50,under,ft,6.025,2
Uog9GZa4,Jihlava,Olomouc,0,0,ou,3.00,over,ft,1.13,2
Uog9GZa4,Jihlava,Olomouc,0,0,ou,3.00,under,ft,5.5,2
Uog9GZa4,Jihlava,Olomouc,0,0,ou,3.50,over,ft,1.233,3
Uog9GZa4,Jihlava,Olomouc,0,0,ou,3.50,under,ft,3.55,3
Uog9GZa4,Jihlava,Olomouc,0,0,ou,3.75,over,ft,1.28,2
Uog9GZa4,Jihlava,Olomouc,0,0,ou,3.75,under,ft,3.34,2
Uog9GZa4,Jihlava,Olomouc,0,0,ou,4.00,over,ft,1.36,3
Uog9GZa4,Jihlava,Olomouc,0,0,ou,4.00,under,ft,2.923,3
Uog9GZa4,Jihlava,Olomouc,0,0,ou,4.25,over,ft,1.495,2
Uog9GZa4,Jihlava,Olomouc,0,0,ou,4.25,under,ft,2.605,2
Uog9GZa4,Jihlava,Olomouc,0,0,ou,4.50,over,ft,1.62,5
Uog9GZa4,Jihlava,Olomouc,0,0,ou,4.50,under,ft,2.252,5
Uog9GZa4,Jihlava,Olomouc,0,0,ou,4.75,over,ft,1.695,2
Uog9GZa4,Jihlava,Olomouc,0,0,ou,4.75,under,ft,2.065,2
Uog9GZa4,Jihlava,Olomouc,0,0,ou,5.00,over,ft,1.895,4
Uog9GZa4,Jihlava,Olomouc,0,0,ou,5.00,under,ft,1.875,4
Uog9GZa4,Jihlava,Olomouc,0,0,ou,5.25,over,ft,1.995,2
Uog9GZa4,Jihlava,Olomouc,0,0,ou,5.25,under,ft,1.715,2
Uog9GZa4,Jihlava,Olomouc,0,0,ou,5.50,over,ft,2.194,5
Uog9GZa4,Jihlava,Olomouc,0,0,ou,5.50,under,ft,1.618,5
Uog9GZa4,Jihlava,Olomouc,0,0,ou,5.75,over,ft,2.39,2
Uog9GZa4,Jihlava,Olomouc,0,0,ou,5.75,under,ft,1.485,2
Uog9GZa4,Jihlava,Olomouc,0,0,ou,6.00,over,ft,2.88,3
Uog9GZa4,Jihlava,Olomouc,0,0,ou,6.00,under,ft,1.367,3
Uog9GZa4,Jihlava,Olomouc,0,0,ou,6.50,over,ft,3.157,3
Uog9GZa4,Jihlava,Olomouc,0,0,ou,6.50,under,ft,1.273,3
Uog9GZa4,Jihlava,Olomouc,0,0,ou,7.00,over,ft,4.9,2
Uog9GZa4,Jihlava,Olomouc,0,0,ou,7.00,under,ft,1.16,2
Uog9GZa4,Jihlava,Olomouc,0,0,ou,7.50,over,ft,4.825,2
Uog9GZa4,Jihlava,Olomouc,0,0,ou,7.50,under,ft,1.11,2
Uog9GZa4,Jihlava,Olomouc,0,0,ou,8.00,over,ft,8.3,2
Uog9GZa4,Jihlava,Olomouc,0,0,ou,8.00,under,ft,1.05,2
Uog9GZa4,Jihlava,Olomouc,0,0,ou,8.50,over,ft,7.35,2
Uog9GZa4,Jihlava,Olomouc,0,0,ou,8.50,under,ft,1.03,2
Uog9GZa4,Jihlava,Olomouc,0,0,hc,0,home,ft,3.74,2
Uog9GZa4,Jihlava,Olomouc,0,0,hc,0,away,ft,1.205,2
Uog9GZa4,Jihlava,Olomouc,0,0,hc,0.50,home,ft,2.57,1
Uog9GZa4,Jihlava,Olomouc,0,0,hc,0.50,away,ft,1.51,1
Uog9GZa4,Jihlava,Olomouc,0,0,hc,0.75,home,ft,2.315,2
Uog9GZa4,Jihlava,Olomouc,0,0,hc,0.75,away,ft,1.53,2
Uog9GZa4,Jihlava,Olomouc,0,0,hc,-1.00,home,ft,6.325,2
Uog9GZa4,Jihlava,Olomouc,0,0,hc,-1.00,away,ft,1.055,2
Uog9GZa4,Jihlava,Olomouc,0,0,hc,1.00,home,ft,2.203,4
Uog9GZa4,Jihlava,Olomouc,0,0,hc,1.00,away,ft,1.623,4
Uog9GZa4,Jihlava,Olomouc,0,0,hc,1.25,home,ft,1.99,2
Uog9GZa4,Jihlava,Olomouc,0,0,hc,1.25,away,ft,1.75,2
Uog9GZa4,Jihlava,Olomouc,0,0,hc,-1.50,home,ft,7.4,2
Uog9GZa4,Jihlava,Olomouc,0,0,hc,-1.50,away,ft,1.07,2
Uog9GZa4,Jihlava,Olomouc,0,0,hc,1.50,home,ft,1.912,4
Uog9GZa4,Jihlava,Olomouc,0,0,hc,1.50,away,ft,1.88,4
Uog9GZa4,Jihlava,Olomouc,0,0,hc,1.75,home,ft,1.725,2
Uog9GZa4,Jihlava,Olomouc,0,0,hc,1.75,away,ft,2.02,2
Uog9GZa4,Jihlava,Olomouc,0,0,hc,2.00,home,ft,1.607,4
Uog9GZa4,Jihlava,Olomouc,0,0,hc,2.00,away,ft,2.235,4
Uog9GZa4,Jihlava,Olomouc,0,0,hc,2.25,home,ft,1.465,2
Uog9GZa4,Jihlava,Olomouc,0,0,hc,2.25,away,ft,2.37,2
Uog9GZa4,Jihlava,Olomouc,0,0,hc,2.50,home,ft,1.448,4
Uog9GZa4,Jihlava,Olomouc,0,0,hc,2.50,away,ft,2.58,4
Uog9GZa4,Jihlava,Olomouc,0,0,hc,3.00,home,ft,1.183,3
Uog9GZa4,Jihlava,Olomouc,0,0,hc,3.00,away,ft,3.807,3
Uog9GZa4,Jihlava,Olomouc,0,0,hc,3.50,home,ft,1.135,2
Uog9GZa4,Jihlava,Olomouc,0,0,hc,3.50,away,ft,4.5,2
Uog9GZa4,Jihlava,Olomouc,0,0,hc,4.00,home,ft,1.1,2
Uog9GZa4,Jihlava,Olomouc,0,0,hc,4.00,away,ft,6.3,2
Uog9GZa4,Jihlava,Olomouc,0,0,hc,4.50,home,ft,1.08,2
Uog9GZa4,Jihlava,Olomouc,0,0,hc,4.50,away,ft,6.9,2
Uog9GZa4,Jihlava,Olomouc,0,0,hc,5.00,home,ft,1.03,2
Uog9GZa4,Jihlava,Olomouc,0,0,hc,5.00,away,ft,10.5,2
Uog9GZa4,Jihlava,Olomouc,0,0,hc,5.50,home,ft,1.02,2
Uog9GZa4,Jihlava,Olomouc,0,0,hc,5.50,away,ft,11.0,2
Uog9GZa4,Jihlava,Olomouc,0,0,hc,0.25,home,ft,2.895,2
Uog9GZa4,Jihlava,Olomouc,0,0,hc,0.25,away,ft,1.34,2
8W40IeVi,Jihlava,Olomouc,1,1,1x2,0,home,ft,5.191,7
8W40IeVi,Jihlava,Olomouc,1,1,1x2,0,draw,ft,4.867,7
8W40IeVi,Jihlava,Olomouc,1,1,1x2,0,away,ft,1.477,7
8W40IeVi,Jihlava,Olomouc,1,1,ou,2.50,over,ft,1.05,2
8W40IeVi,Jihlava,Olomouc,1,1,ou,2.50,under,ft,6.4,2
8W40IeVi,Jihlava,Olomouc,1,1,ou,3.00,over,ft,1.11,2
8W40IeVi,Jihlava,Olomouc,1,1,ou,3.00,under,ft,6.0,2
8W40IeVi,Jihlava,Olomouc,1,1,ou,3.50,over,ft,1.2,3
8W40IeVi,Jihlava,Olomouc,1,1,ou,3.50,under,ft,3.653,3
8W40IeVi,Jihlava,Olomouc,1,1,ou,4.00,over,ft,1.327,3
8W40IeVi,Jihlava,Olomouc,1,1,ou,4.00,under,ft,3.053,3
8W40IeVi,Jihlava,Olomouc,1,1,ou,4.25,over,ft,1.41,2
8W40IeVi,Jihlava,Olomouc,1,1,ou,4.25,under,ft,2.66,2
8W40IeVi,Jihlava,Olomouc,1,1,ou,4.50,over,ft,1.552,5
8W40IeVi,Jihlava,Olomouc,1,1,ou,4.50,under,ft,2.324,5
8W40IeVi,Jihlava,Olomouc,1,1,ou,4.75,over,ft,1.62,2
8W40IeVi,Jihlava,Olomouc,1,1,ou,4.75,under,ft,2.16,2
8W40IeVi,Jihlava,Olomouc,1,1,ou,5.00,over,ft,1.812,4
8W40IeVi,Jihlava,Olomouc,1,1,ou,5.00,under,ft,1.96,4
8W40IeVi,Jihlava,Olomouc,1,1,ou,5.25,over,ft,1.96,2
8W40IeVi,Jihlava,Olomouc,1,1,ou,5.25,under,ft,1.85,2
8W40IeVi,Jihlava,Olomouc,1,1,ou,5.50,over,ft,2.124,5
8W40IeVi,Jihlava,Olomouc,1,1,ou,5.50,under,ft,1.698,5
8W40IeVi,Jihlava,Olomouc,1,1,ou,5.75,over,ft,2.31,2
8W40IeVi,Jihlava,Olomouc,1,1,ou,5.75,under,ft,1.56,2
8W40IeVi,Jihlava,Olomouc,1,1,ou,6.00,over,ft,2.75,3
8W40IeVi,Jihlava,Olomouc,1,1,ou,6.00,under,ft,1.41,3
8W40IeVi,Jihlava,Olomouc,1,1,ou,6.25,over,ft,2.84,2
8W40IeVi,Jihlava,Olomouc,1,1,ou,6.25,under,ft,1.36,2
8W40IeVi,Jihlava,Olomouc,1,1,ou,6.50,over,ft,3.07,3
8W40IeVi,Jihlava,Olomouc,1,1,ou,6.50,under,ft,1.31,3
8W40IeVi,Jihlava,Olomouc,1,1,ou,7.00,over,ft,4.5,2
8W40IeVi,Jihlava,Olomouc,1,1,ou,7.00,under,ft,1.18,2
8W40IeVi,Jihlava,Olomouc,1,1,ou,7.50,over,ft,4.55,2
8W40IeVi,Jihlava,Olomouc,1,1,ou,7.50,under,ft,1.13,2
8W40IeVi,Jihlava,Olomouc,1,1,ou,8.00,over,ft,7.6,2
8W40IeVi,Jihlava,Olomouc,1,1,ou,8.00,under,ft,1.07,2
8W40IeVi,Jihlava,Olomouc,1,1,ou,8.50,over,ft,6.9,2
8W40IeVi,Jihlava,Olomouc,1,1,ou,8.50,under,ft,1.04,2
8W40IeVi,Jihlava,Olomouc,1,1,hc,0,home,ft,3.86,2
8W40IeVi,Jihlava,Olomouc,1,1,hc,0,away,ft,1.19,2
8W40IeVi,Jihlava,Olomouc,1,1,hc,0.50,home,ft,2.63,1
8W40IeVi,Jihlava,Olomouc,1,1,hc,0.50,away,ft,1.48,1
8W40IeVi,Jihlava,Olomouc,1,1,hc,0.75,home,ft,2.36,2
8W40IeVi,Jihlava,Olomouc,1,1,hc,0.75,away,ft,1.51,2
8W40IeVi,Jihlava,Olomouc,1,1,hc,-1.00,home,ft,6.4,2
8W40IeVi,Jihlava,Olomouc,1,1,hc,-1.00,away,ft,1.05,2
8W40IeVi,Jihlava,Olomouc,1,1,hc,1.00,home,ft,2.255,4
8W40IeVi,Jihlava,Olomouc,1,1,hc,1.00,away,ft,1.598,4
8W40IeVi,Jihlava,Olomouc,1,1,hc,1.25,home,ft,2.04,2
8W40IeVi,Jihlava,Olomouc,1,1,hc,1.25,away,ft,1.71,2
8W40IeVi,Jihlava,Olomouc,1,1,hc,-1.50,home,ft,7.1,2
8W40IeVi,Jihlava,Olomouc,1,1,hc,-1.50,away,ft,1.08,2
8W40IeVi,Jihlava,Olomouc,1,1,hc,1.50,home,ft,1.945,4
8W40IeVi,Jihlava,Olomouc,1,1,hc,1.50,away,ft,1.853,4
8W40IeVi,Jihlava,Olomouc,1,1,hc,1.75,home,ft,1.77,2
8W40IeVi,Jihlava,Olomouc,1,1,hc,1.75,away,ft,1.96,2
8W40IeVi,Jihlava,Olomouc,1,1,hc,2.00,home,ft,1.64,4
8W40IeVi,Jihlava,Olomouc,1,1,hc,2.00,away,ft,2.183,4
8W40IeVi,Jihlava,Olomouc,1,1,hc,2.25,home,ft,1.49,2
8W40IeVi,Jihlava,Olomouc,1,1,hc,2.25,away,ft,2.3,2
8W40IeVi,Jihlava,Olomouc,1,1,hc,2.50,home,ft,1.468,4
8W40IeVi,Jihlava,Olomouc,1,1,hc,2.50,away,ft,2.513,4
8W40IeVi,Jihlava,Olomouc,1,1,hc,3.00,home,ft,1.2,3
8W40IeVi,Jihlava,Olomouc,1,1,hc,3.00,away,ft,3.667,3
8W40IeVi,Jihlava,Olomouc,1,1,hc,3.50,home,ft,1.15,2
8W40IeVi,Jihlava,Olomouc,1,1,hc,3.50,away,ft,4.3,2
8W40IeVi,Jihlava,Olomouc,1,1,hc,4.00,home,ft,1.1,2
8W40IeVi,Jihlava,Olomouc,1,1,hc,4.00,away,ft,6.3,2
8W40IeVi,Jihlava,Olomouc,1,1,hc,4.50,home,ft,1.08,2
8W40IeVi,Jihlava,Olomouc,1,1,hc,4.50,away,ft,7.0,2
8W40IeVi,Jihlava,Olomouc,1,1,hc,5.00,home,ft,1.03,2
8W40IeVi,Jihlava,Olomouc,1,1,hc,5.00,away,ft,10.5,2
8W40IeVi,Jihlava,Olomouc,1,1,hc,5.50,home,ft,1.02,2
8W40IeVi,Jihlava,Olomouc,1,1,hc,5.50,away,ft,11.0,2
8W40IeVi,Jihlava,Olomouc,1,1,hc,0.25,home,ft,2.99,2
8W40IeVi,Jihlava,Olomouc,1,1,hc,0.25,away,ft,1.32,2
2yFrzLEL,Pardubice,Kometa Brno,2,2,1x2,0,home,ft,1.739,7
2yFrzLEL,Pardubice,Kometa Brno,2,2,1x2,0,draw,ft,4.244,7
2yFrzLEL,Pardubice,Kometa Brno,2,2,1x2,0,away,ft,3.83,7
2yFrzLEL,Pardubice,Kometa Brno,2,2,ou,2.50,over,ft,1.12,2
2yFrzLEL,Pardubice,Kometa Brno,2,2,ou,2.50,under,ft,4.7,2
2yFrzLEL,Pardubice,Kometa Brno,2,2,ou,2.75,over,ft,1.14,2
2yFrzLEL,Pardubice,Kometa Brno,2,2,ou,2.75,under,ft,4.46,2
2yFrzLEL,Pardubice,Kometa Brno,2,2,ou,3.00,over,ft,1.16,2
2yFrzLEL,Pardubice,Kometa Brno,2,2,ou,3.00,under,ft,4.2,2
2yFrzLEL,Pardubice,Kometa Brno,2,2,ou,3.25,over,ft,1.27,2
2yFrzLEL,Pardubice,Kometa Brno,2,2,ou,3.25,under,ft,3.3,2
2yFrzLEL,Pardubice,Kometa Brno,2,2,ou,3.50,over,ft,1.36,3
2yFrzLEL,Pardubice,Kometa Brno,2,2,ou,3.50,under,ft,2.817,3
2yFrzLEL,Pardubice,Kometa Brno,2,2,ou,3.75,over,ft,1.44,2
2yFrzLEL,Pardubice,Kometa Brno,2,2,ou,3.75,under,ft,2.61,2
2yFrzLEL,Pardubice,Kometa Brno,2,2,ou,4.00,over,ft,1.523,3
2yFrzLEL,Pardubice,Kometa Brno,2,2,ou,4.00,under,ft,2.42,3
2yFrzLEL,Pardubice,Kometa Brno,2,2,ou,4.25,over,ft,1.73,2
2yFrzLEL,Pardubice,Kometa Brno,2,2,ou,4.25,under,ft,2.1,2
2yFrzLEL,Pardubice,Kometa Brno,2,2,ou,4.50,over,ft,1.878,5
2yFrzLEL,Pardubice,Kometa Brno,2,2,ou,4.50,under,ft,1.888,5
2yFrzLEL,Pardubice,Kometa Brno,2,2,ou,4.75,over,ft,2.02,2
2yFrzLEL,Pardubice,Kometa Brno,2,2,ou,4.75,under,ft,1.71,2
2yFrzLEL,Pardubice,Kometa Brno,2,2,ou,5.00,over,ft,2.313,3
2yFrzLEL,Pardubice,Kometa Brno,2,2,ou,5.00,under,ft,1.567,3
2yFrzLEL,Pardubice,Kometa Brno,2,2,ou,5.25,over,ft,2.45,2
2yFrzLEL,Pardubice,Kometa Brno,2,2,ou,5.25,under,ft,1.46,2
2yFrzLEL,Pardubice,Kometa Brno,2,2,ou,5.50,over,ft,2.627,4
2yFrzLEL,Pardubice,Kometa Brno,2,2,ou,5.50,under,ft,1.417,4
2yFrzLEL,Pardubice,Kometa Brno,2,2,ou,5.75,over,ft,2.97,2
2yFrzLEL,Pardubice,Kometa Brno,2,2,ou,5.75,under,ft,1.3,2
2yFrzLEL,Pardubice,Kometa Brno,2,2,ou,6.00,over,ft,3.6,2
2yFrzLEL,Pardubice,Kometa Brno,2,2,ou,6.00,under,ft,1.21,2
2yFrzLEL,Pardubice,Kometa Brno,2,2,ou,6.25,over,ft,3.87,2
2yFrzLEL,Pardubice,Kometa Brno,2,2,ou,6.25,under,ft,1.18,2
2yFrzLEL,Pardubice,Kometa Brno,2,2,ou,6.50,over,ft,4.007,3
2yFrzLEL,Pardubice,Kometa Brno,2,2,ou,6.50,under,ft,1.16,3
2yFrzLEL,Pardubice,Kometa Brno,2,2,ou,7.00,over,ft,7.5,2
2yFrzLEL,Pardubice,Kometa Brno,2,2,ou,7.00,under,ft,1.07,2
2yFrzLEL,Pardubice,Kometa Brno,2,2,ou,7.50,over,ft,8.2,2
2yFrzLEL,Pardubice,Kometa Brno,2,2,ou,7.50,under,ft,1.05,2
2yFrzLEL,Pardubice,Kometa Brno,2,2,hc,0,home,ft,1.348,4
2yFrzLEL,Pardubice,Kometa Brno,2,2,hc,0,away,ft,2.96,4
2yFrzLEL,Pardubice,Kometa Brno,2,2,hc,0.50,home,ft,1.28,1
2yFrzLEL,Pardubice,Kometa Brno,2,2,hc,0.50,away,ft,3.58,1
2yFrzLEL,Pardubice,Kometa Brno,2,2,hc,-0.50,home,ft,1.7,1
2yFrzLEL,Pardubice,Kometa Brno,2,2,hc,-0.50,away,ft,2.16,1
2yFrzLEL,Pardubice,Kometa Brno,2,2,hc,-0.75,home,ft,1.83,2
2yFrzLEL,Pardubice,Kometa Brno,2,2,hc,-0.75,away,ft,1.9,2
2yFrzLEL,Pardubice,Kometa Brno,2,2,hc,1.00,home,ft,1.11,2
2yFrzLEL,Pardubice,Kometa Brno,2,2,hc,1.00,away,ft,5.0,2
2yFrzLEL,Pardubice,Kometa Brno,2,2,hc,-1.00,home,ft,2.0,4
2yFrzLEL,Pardubice,Kometa Brno,2,2,hc,-1.00,away,ft,1.798,4
2yFrzLEL,Pardubice,Kometa Brno,2,2,hc,-1.25,home,ft,2.14,2
2yFrzLEL,Pardubice,Kometa Brno,2,2,hc,-1.25,away,ft,1.65,2
2yFrzLEL,Pardubice,Kometa Brno,2,2,hc,1.50,home,ft,1.09,2
2yFrzLEL,Pardubice,Kometa Brno,2,2,hc,1.50,away,ft,5.35,2
2yFrzLEL,Pardubice,Kometa Brno,2,2,hc,-1.50,home,ft,2.292,4
2yFrzLEL,Pardubice,Kometa Brno,2,2,hc,-1.50,away,ft,1.58,4
2yFrzLEL,Pardubice,Kometa Brno,2,2,hc,-1.75,home,ft,2.55,2
2yFrzLEL,Pardubice,Kometa Brno,2,2,hc,-1.75,away,ft,1.44,2
2yFrzLEL,Pardubice,Kometa Brno,2,2,hc,2.00,home,ft,1.03,2
2yFrzLEL,Pardubice,Kometa Brno,2,2,hc,2.00,away,ft,9.8,2
2yFrzLEL,Pardubice,Kometa Brno,2,2,hc,-2.00,home,ft,2.962,4
2yFrzLEL,Pardubice,Kometa Brno,2,2,hc,-2.00,away,ft,1.343,4
2yFrzLEL,Pardubice,Kometa Brno,2,2,hc,-2.25,home,ft,3.5,2
2yFrzLEL,Pardubice,Kometa Brno,2,2,hc,-2.25,away,ft,1.28,2
2yFrzLEL,Pardubice,Kometa Brno,2,2,hc,2.50,home,ft,1.02,2
2yFrzLEL,Pardubice,Kometa Brno,2,2,hc,2.50,away,ft,10.5,2
2yFrzLEL,Pardubice,Kometa Brno,2,2,hc,-2.50,home,ft,3.357,3
2yFrzLEL,Pardubice,Kometa Brno,2,2,hc,-2.50,away,ft,1.24,3
2yFrzLEL,Pardubice,Kometa Brno,2,2,hc,-2.75,home,ft,3.9,2
2yFrzLEL,Pardubice,Kometa Brno,2,2,hc,-2.75,away,ft,1.23,2
2yFrzLEL,Pardubice,Kometa Brno,2,2,hc,-3.00,home,ft,5.65,2
2yFrzLEL,Pardubice,Kometa Brno,2,2,hc,-3.00,away,ft,1.08,2
2yFrzLEL,Pardubice,Kometa Brno,2,2,hc,-3.50,home,ft,7.6,2
2yFrzLEL,Pardubice,Kometa Brno,2,2,hc,-3.50,away,ft,1.07,2
2yFrzLEL,Pardubice,Kometa Brno,2,2,hc,0.25,home,ft,1.28,2
2yFrzLEL,Pardubice,Kometa Brno,2,2,hc,0.25,away,ft,3.22,2
2yFrzLEL,Pardubice,Kometa Brno,2,2,hc,-0.25,home,ft,1.53,2
2yFrzLEL,Pardubice,Kometa Brno,2,2,hc,-0.25,away,ft,2.34,2
dOqrxsp9,Pardubice,Kometa Brno,1,1,1x2,0,home,ft,1.85,7
dOqrxsp9,Pardubice,Kometa Brno,1,1,1x2,0,draw,ft,4.181,7
dOqrxsp9,Pardubice,Kometa Brno,1,1,1x2,0,away,ft,3.449,7
dOqrxsp9,Pardubice,Kometa Brno,1,1,ou,2.50,over,ft,1.11,2
dOqrxsp9,Pardubice,Kometa Brno,1,1,ou,2.50,under,ft,4.9,2
dOqrxsp9,Pardubice,Kometa Brno,1,1,ou,2.75,over,ft,1.12,2
dOqrxsp9,Pardubice,Kometa Brno,1,1,ou,2.75,under,ft,4.65,2
dOqrxsp9,Pardubice,Kometa Brno,1,1,ou,3.00,over,ft,1.14,2
dOqrxsp9,Pardubice,Kometa Brno,1,1,ou,3.00,under,ft,4.35,2
dOqrxsp9,Pardubice,Kometa Brno,1,1,ou,3.25,over,ft,1.25,2
dOqrxsp9,Pardubice,Kometa Brno,1,1,ou,3.25,under,ft,3.44,2
dOqrxsp9,Pardubice,Kometa Brno,1,1,ou,3.50,over,ft,1.333,3
dOqrxsp9,Pardubice,Kometa Brno,1,1,ou,3.50,under,ft,2.927,3
dOqrxsp9,Pardubice,Kometa Brno,1,1,ou,3.75,over,ft,1.41,2
dOqrxsp9,Pardubice,Kometa Brno,1,1,ou,3.75,under,ft,2.7,2
dOqrxsp9,Pardubice,Kometa Brno,1,1,ou,4.00,over,ft,1.483,3
dOqrxsp9,Pardubice,Kometa Brno,1,1,ou,4.00,under,ft,2.47,3
dOqrxsp9,Pardubice,Kometa Brno,1,1,ou,4.25,over,ft,1.7,2
dOqrxsp9,Pardubice,Kometa Brno,1,1,ou,4.25,under,ft,2.17,2
dOqrxsp9,Pardubice,Kometa Brno,1,1,ou,4.50,over,ft,1.844,5
dOqrxsp9,Pardubice,Kometa Brno,1,1,ou,4.50,under,ft,1.926,5
dOqrxsp9,Pardubice,Kometa Brno,1,1,ou,4.75,over,ft,2.02,2
dOqrxsp9,Pardubice,Kometa Brno,1,1,ou,4.75,under,ft,1.795,2
dOqrxsp9,Pardubice,Kometa Brno,1,1,ou,5.00,over,ft,2.223,3
dOqrxsp9,Pardubice,Kometa Brno,1,1,ou,5.00,under,ft,1.597,3
dOqrxsp9,Pardubice,Kometa Brno,1,1,ou,5.25,over,ft,2.37,2
dOqrxsp9,Pardubice,Kometa Brno,1,1,ou,5.25,under,ft,1.49,2
dOqrxsp9,Pardubice,Kometa Brno,1,1,ou,5.50,over,ft,2.575,4
dOqrxsp9,Pardubice,Kometa Brno,1,1,ou,5.50,under,ft,1.432,4
dOqrxsp9,Pardubice,Kometa Brno,1,1,ou,5.75,over,ft,2.88,2
dOqrxsp9,Pardubice,Kometa Brno,1,1,ou,5.75,under,ft,1.32,2
dOqrxsp9,Pardubice,Kometa Brno,1,1,ou,6.00,over,ft,3.467,3
dOqrxsp9,Pardubice,Kometa Brno,1,1,ou,6.00,under,ft,1.223,3
dOqrxsp9,Pardubice,Kometa Brno,1,1,ou,6.25,over,ft,3.7,2
dOqrxsp9,Pardubice,Kometa Brno,1,1,ou,6.25,under,ft,1.2,2
dOqrxsp9,Pardubice,Kometa Brno,1,1,ou,6.50,over,ft,3.87,3
dOqrxsp9,Pardubice,Kometa Brno,1,1,ou,6.50,under,ft,1.173,3
dOqrxsp9,Pardubice,Kometa Brno,1,1,ou,7.00,over,ft,6.6,2
dOqrxsp9,Pardubice,Kometa Brno,1,1,ou,7.00,under,ft,1.09,2
dOqrxsp9,Pardubice,Kometa Brno,1,1,ou,7.50,over,ft,7.3,2
dOqrxsp9,Pardubice,Kometa Brno,1,1,ou,7.50,under,ft,1.07,2
dOqrxsp9,Pardubice,Kometa Brno,1,1,hc,0,home,ft,1.397,3
dOqrxsp9,Pardubice,Kometa Brno,1,1,hc,0,away,ft,2.777,3
dOqrxsp9,Pardubice,Kometa Brno,1,1,hc,0.50,home,ft,1.28,1
dOqrxsp9,Pardubice,Kometa Brno,1,1,hc,0.50,away,ft,3.56,1
dOqrxsp9,Pardubice,Kometa Brno,1,1,hc,-0.50,home,ft,1.76,1
dOqrxsp9,Pardubice,Kometa Brno,1,1,hc,-0.50,away,ft,2.06,1
dOqrxsp9,Pardubice,Kometa Brno,1,1,hc,0.75,home,ft,1.27,2
dOqrxsp9,Pardubice,Kometa Brno,1,1,hc,0.75,away,ft,3.5,2
dOqrxsp9,Pardubice,Kometa Brno,1,1,hc,-0.75,home,ft,1.9,2
dOqrxsp9,Pardubice,Kometa Brno,1,1,hc,-0.75,away,ft,1.83,2
dOqrxsp9,Pardubice,Kometa Brno,1,1,hc,1.00,home,ft,1.157,4
dOqrxsp9,Pardubice,Kometa Brno,1,1,hc,1.00,away,ft,4.285,4
dOqrxsp9,Pardubice,Kometa Brno,1,1,hc,-1.00,home,ft,2.09,4
dOqrxsp9,Pardubice,Kometa Brno,1,1,hc,-1.00,away,ft,1.73,4
dOqrxsp9,Pardubice,Kometa Brno,1,1,hc,-1.25,home,ft,2.23,2
dOqrxsp9,Pardubice,Kometa Brno,1,1,hc,-1.25,away,ft,1.6,2
dOqrxsp9,Pardubice,Kometa Brno,1,1,hc,1.50,home,ft,1.123,3
dOqrxsp9,Pardubice,Kometa Brno,1,1,hc,1.50,away,ft,4.63,3
dOqrxsp9,Pardubice,Kometa Brno,1,1,hc,-1.50,home,ft,2.382,4
dOqrxsp9,Pardubice,Kometa Brno,1,1,hc,-1.50,away,ft,1.538,4
dOqrxsp9,Pardubice,Kometa Brno,1,1,hc,-1.75,home,ft,2.65,2
dOqrxsp9,Pardubice,Kometa Brno,1,1,hc,-1.75,away,ft,1.41,2
dOqrxsp9,Pardubice,Kometa Brno,1,1,hc,2.00,home,ft,1.05,2
dOqrxsp9,Pardubice,Kometa Brno,1,1,hc,2.00,away,ft,6.45,2
dOqrxsp9,Pardubice,Kometa Brno,1,1,hc,-2.00,home,ft,3.1,3
dOqrxsp9,Pardubice,Kometa Brno,1,1,hc,-2.00,away,ft,1.3,3
dOqrxsp9,Pardubice,Kometa Brno,1,1,hc,-2.25,home,ft,3.8,2
dOqrxsp9,Pardubice,Kometa Brno,1,1,hc,-2.25,away,ft,1.24,2
dOqrxsp9,Pardubice,Kometa Brno,1,1,hc,2.50,home,ft,1.04,2
dOqrxsp9,Pardubice,Kometa Brno,1,1,hc,2.50,away,ft,6.8,2
dOqrxsp9,Pardubice,Kometa Brno,1,1,hc,-2.50,home,ft,3.487,3
dOqrxsp9,Pardubice,Kometa Brno,1,1,hc,-2.50,away,ft,1.223,3
dOqrxsp9,Pardubice,Kometa Brno,1,1,hc,-2.75,home,ft,3.86,2
dOqrxsp9,Pardubice,Kometa Brno,1,1,hc,-2.75,away,ft,1.22,2
dOqrxsp9,Pardubice,Kometa Brno,1,1,hc,-3.00,home,ft,5.95,2
dOqrxsp9,Pardubice,Kometa Brno,1,1,hc,-3.00,away,ft,1.07,2
dOqrxsp9,Pardubice,Kometa Brno,1,1,hc,-3.50,home,ft,7.5,2
dOqrxsp9,Pardubice,Kometa Brno,1,1,hc,-3.50,away,ft,1.07,2
dOqrxsp9,Pardubice,Kometa Brno,1,1,hc,0.25,home,ft,1.32,2
dOqrxsp9,Pardubice,Kometa Brno,1,1,hc,0.25,away,ft,2.99,2
dOqrxsp9,Pardubice,Kometa Brno,1,1,hc,-0.25,home,ft,1.59,2
dOqrxsp9,Pardubice,Kometa Brno,1,1,hc,-0.25,away,ft,2.22,2
tQCEfhwo,Olomouc,Jihlava,6,6,1x2,0,home,ft,1.581,7
tQCEfhwo,Olomouc,Jihlava,6,6,1x2,0,draw,ft,4.634,7
tQCEfhwo,Olomouc,Jihlava,6,6,1x2,0,away,ft,4.543,7
tQCEfhwo,Olomouc,Jihlava,6,6,ou,1.50,over,ft,1.02,2
tQCEfhwo,Olomouc,Jihlava,6,6,ou,1.50,under,ft,11.0,2
tQCEfhwo,Olomouc,Jihlava,6,6,ou,2.00,over,ft,1.03,2
tQCEfhwo,Olomouc,Jihlava,6,6,ou,2.00,under,ft,9.9,2
tQCEfhwo,Olomouc,Jihlava,6,6,ou,2.50,over,ft,1.09,2
tQCEfhwo,Olomouc,Jihlava,6,6,ou,2.50,under,ft,5.35,2
tQCEfhwo,Olomouc,Jihlava,6,6,ou,3.00,over,ft,1.19,2
tQCEfhwo,Olomouc,Jihlava,6,6,ou,3.00,under,ft,4.3,2
tQCEfhwo,Olomouc,Jihlava,6,6,ou,3.50,over,ft,1.31,3
tQCEfhwo,Olomouc,Jihlava,6,6,ou,3.50,under,ft,3.083,3
tQCEfhwo,Olomouc,Jihlava,6,6,ou,3.75,over,ft,1.35,2
tQCEfhwo,Olomouc,Jihlava,6,6,ou,3.75,under,ft,2.94,2
tQCEfhwo,Olomouc,Jihlava,6,6,ou,4.00,over,ft,1.56,2
tQCEfhwo,Olomouc,Jihlava,6,6,ou,4.00,under,ft,2.33,2
tQCEfhwo,Olomouc,Jihlava,6,6,ou,4.25,over,ft,1.6,2
tQCEfhwo,Olomouc,Jihlava,6,6,ou,4.25,under,ft,2.34,2
tQCEfhwo,Olomouc,Jihlava,6,6,ou,4.50,over,ft,1.752,5
tQCEfhwo,Olomouc,Jihlava,6,6,ou,4.50,under,ft,2.044,5
tQCEfhwo,Olomouc,Jihlava,6,6,ou,4.75,over,ft,1.85,2
tQCEfhwo,Olomouc,Jihlava,6,6,ou,4.75,under,ft,1.88,2
tQCEfhwo,Olomouc,Jihlava,6,6,ou,5.00,over,ft,2.23,3
tQCEfhwo,Olomouc,Jihlava,6,6,ou,5.00,under,ft,1.637,3
tQCEfhwo,Olomouc,Jihlava,6,6,ou,5.25,over,ft,2.21,2
tQCEfhwo,Olomouc,Jihlava,6,6,ou,5.25,under,ft,1.58,2
tQCEfhwo,Olomouc,Jihlava,6,6,ou,5.50,over,ft,2.44,4
tQCEfhwo,Olomouc,Jihlava,6,6,ou,5.50,under,ft,1.488,4
tQCEfhwo,Olomouc,Jihlava,6,6,ou,5.75,over,ft,2.68,2
tQCEfhwo,Olomouc,Jihlava,6,6,ou,5.75,under,ft,1.39,2
tQCEfhwo,Olomouc,Jihlava,6,6,ou,6.00,over,ft,3.7,2
tQCEfhwo,Olomouc,Jihlava,6,6,ou,6.00,under,ft,1.25,2
tQCEfhwo,Olomouc,Jihlava,6,6,ou,6.50,over,ft,3.593,3
tQCEfhwo,Olomouc,Jihlava,6,6,ou,6.50,under,ft,1.203,3
tQCEfhwo,Olomouc,Jihlava,6,6,ou,7.00,over,ft,6.5,2
tQCEfhwo,Olomouc,Jihlava,6,6,ou,7.00,under,ft,1.09,2
tQCEfhwo,Olomouc,Jihlava,6,6,ou,7.50,over,ft,5.5,2
tQCEfhwo,Olomouc,Jihlava,6,6,ou,7.50,under,ft,1.08,2
tQCEfhwo,Olomouc,Jihlava,6,6,ou,8.50,over,ft,8.4,2
tQCEfhwo,Olomouc,Jihlava,6,6,hc,0,home,ft,1.255,4
tQCEfhwo,Olomouc,Jihlava,6,6,hc,0,away,ft,3.502,4
tQCEfhwo,Olomouc,Jihlava,6,6,hc,-0.50,home,ft,1.615,2
tQCEfhwo,Olomouc,Jihlava,6,6,hc,-0.50,away,ft,2.28,2
tQCEfhwo,Olomouc,Jihlava,6,6,hc,-0.75,home,ft,1.63,2
tQCEfhwo,Olomouc,Jihlava,6,6,hc,-0.75,away,ft,2.17,2
tQCEfhwo,Olomouc,Jihlava,6,6,hc,1.00,home,ft,1.07,2
tQCEfhwo,Olomouc,Jihlava,6,6,hc,1.00,away,ft,5.85,2
tQCEfhwo,Olomouc,Jihlava,6,6,hc,-1.00,home,ft,1.768,4
tQCEfhwo,Olomouc,Jihlava,6,6,hc,-1.00,away,ft,2.038,4
tQCEfhwo,Olomouc,Jihlava,6,6,hc,-1.25,home,ft,1.87,2
tQCEfhwo,Olomouc,Jihlava,6,6,hc,-1.25,away,ft,1.86,2
tQCEfhwo,Olomouc,Jihlava,6,6,hc,1.50,home,ft,1.06,2
tQCEfhwo,Olomouc,Jihlava,6,6,hc,1.50,away,ft,6.2,2
tQCEfhwo,Olomouc,Jihlava,6,6,hc,-1.50,home,ft,2.025,4
tQCEfhwo,Olomouc,Jihlava,6,6,hc,-1.50,away,ft,1.742,4
tQCEfhwo,Olomouc,Jihlava,6,6,hc,-1.75,home,ft,2.17,2
tQCEfhwo,Olomouc,Jihlava,6,6,hc,-1.75,away,ft,1.6,2
tQCEfhwo,Olomouc,Jihlava,6,6,hc,-2.00,home,ft,2.54,4
tQCEfhwo,Olomouc,Jihlava,6,6,hc,-2.00,away,ft,1.462,4
tQCEfhwo,Olomouc,Jihlava,6,6,hc,-2.25,home,ft,2.75,2
tQCEfhwo,Olomouc,Jihlava,6,6,hc,-2.25,away,ft,1.4,2
tQCEfhwo,Olomouc,Jihlava,6,6,hc,2.50,home,ft,1.02,2
tQCEfhwo,Olomouc,Jihlava,6,6,hc,2.50,away,ft,11.5,2
tQCEfhwo,Olomouc,Jihlava,6,6,hc,-2.50,home,ft,2.925,4
tQCEfhwo,Olomouc,Jihlava,6,6,hc,-2.50,away,ft,1.343,4
tQCEfhwo,Olomouc,Jihlava,6,6,hc,-3.00,home,ft,4.5,2
tQCEfhwo,Olomouc,Jihlava,6,6,hc,-3.00,away,ft,1.13,2
tQCEfhwo,Olomouc,Jihlava,6,6,hc,-3.50,home,ft,5.6,2
tQCEfhwo,Olomouc,Jihlava,6,6,hc,-3.50,away,ft,1.12,2
tQCEfhwo,Olomouc,Jihlava,6,6,hc,-4.50,home,ft,9.5,2
tQCEfhwo,Olomouc,Jihlava,6,6,hc,-4.50,away,ft,1.04,2
tQCEfhwo,Olomouc,Jihlava,6,6,hc,0.25,home,ft,1.21,2
tQCEfhwo,Olomouc,Jihlava,6,6,hc,0.25,away,ft,3.76,2
tQCEfhwo,Olomouc,Jihlava,6,6,hc,-0.25,home,ft,1.4,2
tQCEfhwo,Olomouc,Jihlava,6,6,hc,-0.25,away,ft,2.73,2
MuWs0EFN,Olomouc,Jihlava,2,2,1x2,0,home,ft,1.534,7
MuWs0EFN,Olomouc,Jihlava,2,2,1x2,0,draw,ft,4.721,7
MuWs0EFN,Olomouc,Jihlava,2,2,1x2,0,away,ft,4.747,7
MuWs0EFN,Olomouc,Jihlava,2,2,ou,2.50,over,ft,1.07,2
MuWs0EFN,Olomouc,Jihlava,2,2,ou,2.50,under,ft,5.95,2
MuWs0EFN,Olomouc,Jihlava,2,2,ou,3.00,over,ft,1.09,2
MuWs0EFN,Olomouc,Jihlava,2,2,ou,3.00,under,ft,5.25,2
MuWs0EFN,Olomouc,Jihlava,2,2,ou,3.50,over,ft,1.273,3
MuWs0EFN,Olomouc,Jihlava,2,2,ou,3.50,under,ft,3.283,3
MuWs0EFN,Olomouc,Jihlava,2,2,ou,3.75,over,ft,1.32,2
MuWs0EFN,Olomouc,Jihlava,2,2,ou,3.75,under,ft,3.1,2
MuWs0EFN,Olomouc,Jihlava,2,2,ou,4.00,over,ft,1.39,2
MuWs0EFN,Olomouc,Jihlava,2,2,ou,4.00,under,ft,2.77,2
MuWs0EFN,Olomouc,Jihlava,2,2,ou,4.25,over,ft,1.575,2
MuWs0EFN,Olomouc,Jihlava,2,2,ou,4.25,under,ft,2.4,2
MuWs0EFN,Olomouc,Jihlava,2,2,ou,4.50,over,ft,1.728,4
MuWs0EFN,Olomouc,Jihlava,2,2,ou,4.50,under,ft,2.07,4
MuWs0EFN,Olomouc,Jihlava,2,2,ou,4.75,over,ft,1.82,2
MuWs0EFN,Olomouc,Jihlava,2,2,ou,4.75,under,ft,1.91,2
MuWs0EFN,Olomouc,Jihlava,2,2,ou,5.00,over,ft,2.02,3
MuWs0EFN,Olomouc,Jihlava,2,2,ou,5.00,under,ft,1.74,3
MuWs0EFN,Olomouc,Jihlava,2,2,ou,5.25,over,ft,2.17,2
MuWs0EFN,Olomouc,Jihlava,2,2,ou,5.25,under,ft,1.6,2
MuWs0EFN,Olomouc,Jihlava,2,2,ou,5.50,over,ft,2.385,4
MuWs0EFN,Olomouc,Jihlava,2,2,ou,5.50,under,ft,1.51,4
MuWs0EFN,Olomouc,Jihlava,2,2,ou,5.75,over,ft,2.65,2
MuWs0EFN,Olomouc,Jihlava,2,2,ou,5.75,under,ft,1.4,2
MuWs0EFN,Olomouc,Jihlava,2,2,ou,6.00,over,ft,3.15,2
MuWs0EFN,Olomouc,Jihlava,2,2,ou,6.00,under,ft,1.27,2
MuWs0EFN,Olomouc,Jihlava,2,2,ou,6.50,over,ft,3.553,3
MuWs0EFN,Olomouc,Jihlava,2,2,ou,6.50,under,ft,1.213,3
MuWs0EFN,Olomouc,Jihlava,2,2,ou,7.00,over,ft,5.2,2
MuWs0EFN,Olomouc,Jihlava,2,2,ou,7.00,under,ft,1.14,2
MuWs0EFN,Olomouc,Jihlava,2,2,ou,7.50,over,ft,5.85,2
MuWs0EFN,Olomouc,Jihlava,2,2,ou,7.50,under,ft,1.07,2
MuWs0EFN,Olomouc,Jihlava,2,2,ou,8.50,over,ft,9.5,2
MuWs0EFN,Olomouc,Jihlava,2,2,ou,8.50,under,ft,1.04,2
MuWs0EFN,Olomouc,Jihlava,2,2,hc,0,home,ft,1.222,4
MuWs0EFN,Olomouc,Jihlava,2,2,hc,0,away,ft,3.665,4
MuWs0EFN,Olomouc,Jihlava,2,2,hc,-0.50,home,ft,1.53,1
MuWs0EFN,Olomouc,Jihlava,2,2,hc,-0.50,away,ft,2.49,1
MuWs0EFN,Olomouc,Jihlava,2,2,hc,-0.75,home,ft,1.56,2
MuWs0EFN,Olomouc,Jihlava,2,2,hc,-0.75,away,ft,2.25,2
MuWs0EFN,Olomouc,Jihlava,2,2,hc,1.00,home,ft,1.04,2
MuWs0EFN,Olomouc,Jihlava,2,2,hc,1.00,away,ft,6.85,2
MuWs0EFN,Olomouc,Jihlava,2,2,hc,-1.00,home,ft,1.682,4
MuWs0EFN,Olomouc,Jihlava,2,2,hc,-1.00,away,ft,2.107,4
MuWs0EFN,Olomouc,Jihlava,2,2,hc,-1.25,home,ft,1.8,2
MuWs0EFN,Olomouc,Jihlava,2,2,hc,-1.25,away,ft,1.93,2
MuWs0EFN,Olomouc,Jihlava,2,2,hc,1.50,home,ft,1.08,2
MuWs0EFN,Olomouc,Jihlava,2,2,hc,1.50,away,ft,6.8,2
MuWs0EFN,Olomouc,Jihlava,2,2,hc,-1.50,home,ft,1.965,4
MuWs0EFN,Olomouc,Jihlava,2,2,hc,-1.50,away,ft,1.828,4
MuWs0EFN,Olomouc,Jihlava,2,2,hc,-1.75,home,ft,2.11,2
MuWs0EFN,Olomouc,Jihlava,2,2,hc,-1.75,away,ft,1.67,2
MuWs0EFN,Olomouc,Jihlava,2,2,hc,-2.00,home,ft,2.405,4
MuWs0EFN,Olomouc,Jihlava,2,2,hc,-2.00,away,ft,1.53,4
MuWs0EFN,Olomouc,Jihlava,2,2,hc,-2.25,home,ft,2.55,2
MuWs0EFN,Olomouc,Jihlava,2,2,hc,-2.25,away,ft,1.44,2
MuWs0EFN,Olomouc,Jihlava,2,2,hc,-2.50,home,ft,2.8,4
MuWs0EFN,Olomouc,Jihlava,2,2,hc,-2.50,away,ft,1.383,4
MuWs0EFN,Olomouc,Jihlava,2,2,hc,-3.00,home,ft,4.263,3
MuWs0EFN,Olomouc,Jihlava,2,2,hc,-3.00,away,ft,1.143,3
MuWs0EFN,Olomouc,Jihlava,2,2,hc,-3.50,home,ft,5.15,2
MuWs0EFN,Olomouc,Jihlava,2,2,hc,-3.50,away,ft,1.1,2
MuWs0EFN,Olomouc,Jihlava,2,2,hc,-4.00,home,ft,7.2,2
MuWs0EFN,Olomouc,Jihlava,2,2,hc,-4.00,away,ft,1.08,2
MuWs0EFN,Olomouc,Jihlava,2,2,hc,-4.50,home,ft,7.8,2
MuWs0EFN,Olomouc,Jihlava,2,2,hc,-4.50,away,ft,1.06,2
MuWs0EFN,Olomouc,Jihlava,2,2,hc,-5.50,home,ft,12.5,2
MuWs0EFN,Olomouc,Jihlava,2,2,hc,-0.25,home,ft,1.35,2
MuWs0EFN,Olomouc,Jihlava,2,2,hc,-0.25,away,ft,2.84,2
xSOElKBm,Sparta Prague,Kometa Brno,1,1,1x2,0,home,ft,1.608,6
xSOElKBm,Sparta Prague,Kometa Brno,1,1,1x2,0,draw,ft,4.458,6
xSOElKBm,Sparta Prague,Kometa Brno,1,1,1x2,0,away,ft,4.425,6
xSOElKBm,Sparta Prague,Kometa Brno,1,1,ou,2.50,over,ft,1.09,2
xSOElKBm,Sparta Prague,Kometa Brno,1,1,ou,2.50,under,ft,5.35,2
xSOElKBm,Sparta Prague,Kometa Brno,1,1,ou,2.75,over,ft,1.11,2
xSOElKBm,Sparta Prague,Kometa Brno,1,1,ou,2.75,under,ft,6.575,2
xSOElKBm,Sparta Prague,Kometa Brno,1,1,ou,3.00,over,ft,1.12,2
xSOElKBm,Sparta Prague,Kometa Brno,1,1,ou,3.00,under,ft,4.8,2
xSOElKBm,Sparta Prague,Kometa Brno,1,1,ou,3.25,over,ft,1.28,2
xSOElKBm,Sparta Prague,Kometa Brno,1,1,ou,3.25,under,ft,3.37,2
xSOElKBm,Sparta Prague,Kometa Brno,1,1,ou,3.50,over,ft,1.35,3
xSOElKBm,Sparta Prague,Kometa Brno,1,1,ou,3.50,under,ft,2.86,3
xSOElKBm,Sparta Prague,Kometa Brno,1,1,ou,3.75,over,ft,1.465,2
xSOElKBm,Sparta Prague,Kometa Brno,1,1,ou,3.75,under,ft,2.7,2
xSOElKBm,Sparta Prague,Kometa Brno,1,1,ou,4.00,over,ft,1.52,3
xSOElKBm,Sparta Prague,Kometa Brno,1,1,ou,4.00,under,ft,2.39,3
xSOElKBm,Sparta Prague,Kometa Brno,1,1,ou,4.25,over,ft,1.69,2
xSOElKBm,Sparta Prague,Kometa Brno,1,1,ou,4.25,under,ft,2.05,2
xSOElKBm,Sparta Prague,Kometa Brno,1,1,ou,4.50,over,ft,1.873,4
xSOElKBm,Sparta Prague,Kometa Brno,1,1,ou,4.50,under,ft,1.882,4
xSOElKBm,Sparta Prague,Kometa Brno,1,1,ou,4.75,over,ft,2.03,2
xSOElKBm,Sparta Prague,Kometa Brno,1,1,ou,4.75,under,ft,1.7,2
xSOElKBm,Sparta Prague,Kometa Brno,1,1,ou,5.00,over,ft,2.323,3
xSOElKBm,Sparta Prague,Kometa Brno,1,1,ou,5.00,under,ft,1.547,3
xSOElKBm,Sparta Prague,Kometa Brno,1,1,ou,5.25,over,ft,2.54,2
xSOElKBm,Sparta Prague,Kometa Brno,1,1,ou,5.25,under,ft,1.46,2
xSOElKBm,Sparta Prague,Kometa Brno,1,1,ou,5.50,over,ft,2.678,4
xSOElKBm,Sparta Prague,Kometa Brno,1,1,ou,5.50,under,ft,1.402,4
xSOElKBm,Sparta Prague,Kometa Brno,1,1,ou,5.75,over,ft,3.19,2
xSOElKBm,Sparta Prague,Kometa Brno,1,1,ou,5.75,under,ft,1.31,2
xSOElKBm,Sparta Prague,Kometa Brno,1,1,ou,6.00,over,ft,3.747,3
xSOElKBm,Sparta Prague,Kometa Brno,1,1,ou,6.00,under,ft,1.19,3
xSOElKBm,Sparta Prague,Kometa Brno,1,1,ou,6.25,over,ft,3.67,2
xSOElKBm,Sparta Prague,Kometa Brno,1,1,ou,6.25,under,ft,1.24,2
xSOElKBm,Sparta Prague,Kometa Brno,1,1,ou,6.50,over,ft,3.96,3
xSOElKBm,Sparta Prague,Kometa Brno,1,1,ou,6.50,under,ft,1.163,3
xSOElKBm,Sparta Prague,Kometa Brno,1,1,ou,7.00,over,ft,6.1,2
xSOElKBm,Sparta Prague,Kometa Brno,1,1,ou,7.00,under,ft,1.1,2
xSOElKBm,Sparta Prague,Kometa Brno,1,1,ou,7.50,over,ft,6.8,2
xSOElKBm,Sparta Prague,Kometa Brno,1,1,ou,7.50,under,ft,1.08,2
xSOElKBm,Sparta Prague,Kometa Brno,1,1,hc,0,home,ft,1.25,2
xSOElKBm,Sparta Prague,Kometa Brno,1,1,hc,0,away,ft,3.5,2
xSOElKBm,Sparta Prague,Kometa Brno,1,1,hc,-0.75,home,ft,1.65,2
xSOElKBm,Sparta Prague,Kometa Brno,1,1,hc,-0.75,away,ft,2.11,2
xSOElKBm,Sparta Prague,Kometa Brno,1,1,hc,1.00,home,ft,1.05,2
xSOElKBm,Sparta Prague,Kometa Brno,1,1,hc,1.00,away,ft,6.45,2
xSOElKBm,Sparta Prague,Kometa Brno,1,1,hc,-1.00,home,ft,1.797,3
xSOElKBm,Sparta Prague,Kometa Brno,1,1,hc,-1.00,away,ft,1.99,3
xSOElKBm,Sparta Prague,Kometa Brno,1,1,hc,-1.25,home,ft,1.92,2
xSOElKBm,Sparta Prague,Kometa Brno,1,1,hc,-1.25,away,ft,1.79,2
xSOElKBm,Sparta Prague,Kometa Brno,1,1,hc,1.50,home,ft,1.05,2
xSOElKBm,Sparta Prague,Kometa Brno,1,1,hc,1.50,away,ft,6.4,2
xSOElKBm,Sparta Prague,Kometa Brno,1,1,hc,-1.50,home,ft,2.057,3
xSOElKBm,Sparta Prague,Kometa Brno,1,1,hc,-1.50,away,ft,1.7,3
xSOElKBm,Sparta Prague,Kometa Brno,1,1,hc,-1.75,home,ft,2.36,2
xSOElKBm,Sparta Prague,Kometa Brno,1,1,hc,-1.75,away,ft,1.59,2
xSOElKBm,Sparta Prague,Kometa Brno,1,1,hc,2.00,home,ft,1.02,2
xSOElKBm,Sparta Prague,Kometa Brno,1,1,hc,2.00,away,ft,11.5,2
xSOElKBm,Sparta Prague,Kometa Brno,1,1,hc,-2.00,home,ft,2.587,3
xSOElKBm,Sparta Prague,Kometa Brno,1,1,hc,-2.00,away,ft,1.43,3
xSOElKBm,Sparta Prague,Kometa Brno,1,1,hc,-2.25,home,ft,3.06,2
xSOElKBm,Sparta Prague,Kometa Brno,1,1,hc,-2.25,away,ft,1.33,2
xSOElKBm,Sparta Prague,Kometa Brno,1,1,hc,2.50,away,ft,12.5,2
xSOElKBm,Sparta Prague,Kometa Brno,1,1,hc,-2.50,home,ft,2.997,3
xSOElKBm,Sparta Prague,Kometa Brno,1,1,hc,-2.50,away,ft,1.31,3
xSOElKBm,Sparta Prague,Kometa Brno,1,1,hc,-2.75,home,ft,3.87,2
xSOElKBm,Sparta Prague,Kometa Brno,1,1,hc,-2.75,away,ft,1.22,2
xSOElKBm,Sparta Prague,Kometa Brno,1,1,hc,-3.00,home,ft,5.35,2
xSOElKBm,Sparta Prague,Kometa Brno,1,1,hc,-3.00,away,ft,1.09,2
xSOElKBm,Sparta Prague,Kometa Brno,1,1,hc,-3.50,home,ft,5.9,2
xSOElKBm,Sparta Prague,Kometa Brno,1,1,hc,-3.50,away,ft,1.11,2
xSOElKBm,Sparta Prague,Kometa Brno,1,1,hc,-4.50,home,ft,10.5,2
xSOElKBm,Sparta Prague,Kometa Brno,1,1,hc,-4.50,away,ft,1.03,2
xSOElKBm,Sparta Prague,Kometa Brno,1,1,hc,0.25,home,ft,1.23,2
xSOElKBm,Sparta Prague,Kometa Brno,1,1,hc,0.25,away,ft,3.77,2
xSOElKBm,Sparta Prague,Kometa Brno,1,1,hc,-0.25,home,ft,1.41,2
xSOElKBm,Sparta Prague,Kometa Brno,1,1,hc,-0.25,away,ft,2.7,2
fVmv4gE8,Kometa Brno,Sparta Prague,0,0,1x2,0,home,ft,2.99,6
fVmv4gE8,Kometa Brno,Sparta Prague,0,0,1x2,0,draw,ft,4.027,6
fVmv4gE8,Kometa Brno,Sparta Prague,0,0,1x2,0,away,ft,2.053,6
fVmv4gE8,Kometa Brno,Sparta Prague,0,0,ou,2.50,over,ft,1.1,2
fVmv4gE8,Kometa Brno,Sparta Prague,0,0,ou,2.50,under,ft,5.2,2
fVmv4gE8,Kometa Brno,Sparta Prague,0,0,ou,2.75,over,ft,1.12,2
fVmv4gE8,Kometa Brno,Sparta Prague,0,0,ou,2.75,under,ft,6.32,2
fVmv4gE8,Kometa Brno,Sparta Prague,0,0,ou,3.00,over,ft,1.13,2
fVmv4gE8,Kometa Brno,Sparta Prague,0,0,ou,3.00,under,ft,4.6,2
fVmv4gE8,Kometa Brno,Sparta Prague,0,0,ou,3.25,over,ft,1.24,2
fVmv4gE8,Kometa Brno,Sparta Prague,0,0,ou,3.25,under,ft,3.64,2
fVmv4gE8,Kometa Brno,Sparta Prague,0,0,ou,3.50,over,ft,1.327,3
fVmv4gE8,Kometa Brno,Sparta Prague,0,0,ou,3.50,under,ft,2.967,3
fVmv4gE8,Kometa Brno,Sparta Prague,0,0,ou,3.75,over,ft,1.4,2
fVmv4gE8,Kometa Brno,Sparta Prague,0,0,ou,3.75,under,ft,2.74,2
fVmv4gE8,Kometa Brno,Sparta Prague,0,0,ou,4.00,over,ft,1.48,3
fVmv4gE8,Kometa Brno,Sparta Prague,0,0,ou,4.00,under,ft,2.483,3
fVmv4gE8,Kometa Brno,Sparta Prague,0,0,ou,4.25,over,ft,1.64,2
fVmv4gE8,Kometa Brno,Sparta Prague,0,0,ou,4.25,under,ft,2.13,2
fVmv4gE8,Kometa Brno,Sparta Prague,0,0,ou,4.50,over,ft,1.835,4
fVmv4gE8,Kometa Brno,Sparta Prague,0,0,ou,4.50,under,ft,1.935,4
fVmv4gE8,Kometa Brno,Sparta Prague,0,0,ou,4.75,over,ft,1.97,2
fVmv4gE8,Kometa Brno,Sparta Prague,0,0,ou,4.75,under,ft,1.75,2
fVmv4gE8,Kometa Brno,Sparta Prague,0,0,ou,5.00,over,ft,2.227,3
fVmv4gE8,Kometa Brno,Sparta Prague,0,0,ou,5.00,under,ft,1.593,3
fVmv4gE8,Kometa Brno,Sparta Prague,0,0,ou,5.25,over,ft,2.39,2
fVmv4gE8,Kometa Brno,Sparta Prague,0,0,ou,5.25,under,ft,1.51,2
fVmv4gE8,Kometa Brno,Sparta Prague,0,0,ou,5.50,over,ft,2.56,4
fVmv4gE8,Kometa Brno,Sparta Prague,0,0,ou,5.50,under,ft,1.44,4
fVmv4gE8,Kometa Brno,Sparta Prague,0,0,ou,5.75,over,ft,2.98,2
fVmv4gE8,Kometa Brno,Sparta Prague,0,0,ou,5.75,under,ft,1.34,2
fVmv4gE8,Kometa Brno,Sparta Prague,0,0,ou,6.00,over,ft,3.58,3
fVmv4gE8,Kometa Brno,Sparta Prague,0,0,ou,6.00,under,ft,1.21,3
fVmv4gE8,Kometa Brno,Sparta Prague,0,0,ou,6.25,over,ft,4.04,2
fVmv4gE8,Kometa Brno,Sparta Prague,0,0,ou,6.25,under,ft,1.2,2
fVmv4gE8,Kometa Brno,Sparta Prague,0,0,ou,6.50,over,ft,4.01,3
fVmv4gE8,Kometa Brno,Sparta Prague,0,0,ou,6.50,under,ft,1.16,3
fVmv4gE8,Kometa Brno,Sparta Prague,0,0,ou,7.00,over,ft,5.5,2
fVmv4gE8,Kometa Brno,Sparta Prague,0,0,ou,7.00,under,ft,1.13,2
fVmv4gE8,Kometa Brno,Sparta Prague,0,0,ou,7.50,over,ft,6.1,2
fVmv4gE8,Kometa Brno,Sparta Prague,0,0,ou,7.50,under,ft,1.11,2
fVmv4gE8,Kometa Brno,Sparta Prague,0,0,hc,0,home,ft,2.43,2
fVmv4gE8,Kometa Brno,Sparta Prague,0,0,hc,0,away,ft,1.55,2
fVmv4gE8,Kometa Brno,Sparta Prague,0,0,hc,-0.75,home,ft,3.57,2
fVmv4gE8,Kometa Brno,Sparta Prague,0,0,hc,-0.75,away,ft,1.3,2
fVmv4gE8,Kometa Brno,Sparta Prague,0,0,hc,0.75,home,ft,1.65,2
fVmv4gE8,Kometa Brno,Sparta Prague,0,0,hc,0.75,away,ft,2.11,2
fVmv4gE8,Kometa Brno,Sparta Prague,0,0,hc,-1.00,home,ft,3.997,3
fVmv4gE8,Kometa Brno,Sparta Prague,0,0,hc,-1.00,away,ft,1.187,3
fVmv4gE8,Kometa Brno,Sparta Prague,0,0,hc,1.00,home,ft,1.517,3
fVmv4gE8,Kometa Brno,Sparta Prague,0,0,hc,1.00,away,ft,2.373,3
fVmv4gE8,Kometa Brno,Sparta Prague,0,0,hc,1.25,home,ft,1.46,2
fVmv4gE8,Kometa Brno,Sparta Prague,0,0,hc,1.25,away,ft,2.54,2
fVmv4gE8,Kometa Brno,Sparta Prague,0,0,hc,-1.50,home,ft,4.347,3
fVmv4gE8,Kometa Brno,Sparta Prague,0,0,hc,-1.50,away,ft,1.143,3
fVmv4gE8,Kometa Brno,Sparta Prague,0,0,hc,1.50,home,ft,1.383,3
fVmv4gE8,Kometa Brno,Sparta Prague,0,0,hc,1.50,away,ft,2.703,3
fVmv4gE8,Kometa Brno,Sparta Prague,0,0,hc,1.75,home,ft,1.31,2
fVmv4gE8,Kometa Brno,Sparta Prague,0,0,hc,1.75,away,ft,3.17,2
fVmv4gE8,Kometa Brno,Sparta Prague,0,0,hc,-2.00,home,ft,7.2,2
fVmv4gE8,Kometa Brno,Sparta Prague,0,0,hc,-2.00,away,ft,1.03,2
fVmv4gE8,Kometa Brno,Sparta Prague,0,0,hc,2.00,home,ft,1.197,3
fVmv4gE8,Kometa Brno,Sparta Prague,0,0,hc,2.00,away,ft,3.68,3
fVmv4gE8,Kometa Brno,Sparta Prague,0,0,hc,-2.50,home,ft,7.7,2
fVmv4gE8,Kometa Brno,Sparta Prague,0,0,hc,-2.50,away,ft,1.03,2
fVmv4gE8,Kometa Brno,Sparta Prague,0,0,hc,2.50,home,ft,1.133,3
fVmv4gE8,Kometa Brno,Sparta Prague,0,0,hc,2.50,away,ft,4.433,3
fVmv4gE8,Kometa Brno,Sparta Prague,0,0,hc,-0.25,home,ft,2.69,2
fVmv4gE8,Kometa Brno,Sparta Prague,0,0,hc,-0.25,away,ft,1.41,2
fVmv4gE8,Kometa Brno,Sparta Prague,0,0,hc,0.25,home,ft,1.98,2
fVmv4gE8,Kometa Brno,Sparta Prague,0,0,hc,0.25,away,ft,1.74,2
4n8jHIjT,Mountfield HK,Pardubice,1,1,1x2,0,home,ft,2.642,6
4n8jHIjT,Mountfield HK,Pardubice,1,1,1x2,0,draw,ft,3.993,6
4n8jHIjT,Mountfield HK,Pardubice,1,1,1x2,0,away,ft,2.258,6
4n8jHIjT,Mountfield HK,Pardubice,1,1,ou,2.50,over,ft,1.09,2
4n8jHIjT,Mountfield HK,Pardubice,1,1,ou,2.50,under,ft,5.35,2
4n8jHIjT,Mountfield HK,Pardubice,1,1,ou,2.75,over,ft,1.11,2
4n8jHIjT,Mountfield HK,Pardubice,1,1,ou,2.75,under,ft,6.655,2
4n8jHIjT,Mountfield HK,Pardubice,1,1,ou,3.00,over,ft,1.11,2
4n8jHIjT,Mountfield HK,Pardubice,1,1,ou,3.00,under,ft,4.85,2
4n8jHIjT,Mountfield HK,Pardubice,1,1,ou,3.25,over,ft,1.21,2
4n8jHIjT,Mountfield HK,Pardubice,1,1,ou,3.25,under,ft,3.89,2
4n8jHIjT,Mountfield HK,Pardubice,1,1,ou,3.50,over,ft,1.273,3
4n8jHIjT,Mountfield HK,Pardubice,1,1,ou,3.50,under,ft,3.233,3
4n8jHIjT,Mountfield HK,Pardubice,1,1,ou,3.75,over,ft,1.34,2
4n8jHIjT,Mountfield HK,Pardubice,1,1,ou,3.75,under,ft,3.01,2
4n8jHIjT,Mountfield HK,Pardubice,1,1,ou,4.00,over,ft,1.393,3
4n8jHIjT,Mountfield HK,Pardubice,1,1,ou,4.00,under,ft,2.757,3
4n8jHIjT,Mountfield HK,Pardubice,1,1,ou,4.25,over,ft,1.55,2
4n8jHIjT,Mountfield HK,Pardubice,1,1,ou,4.25,under,ft,2.3,2
4n8jHIjT,Mountfield HK,Pardubice,1,1,ou,4.50,over,ft,1.715,4
4n8jHIjT,Mountfield HK,Pardubice,1,1,ou,4.50,under,ft,2.09,4
4n8jHIjT,Mountfield HK,Pardubice,1,1,ou,4.75,over,ft,1.82,2
4n8jHIjT,Mountfield HK,Pardubice,1,1,ou,4.75,under,ft,1.88,2
4n8jHIjT,Mountfield HK,Pardubice,1,1,ou,5.00,over,ft,2.003,3
4n8jHIjT,Mountfield HK,Pardubice,1,1,ou,5.00,under,ft,1.743,3
4n8jHIjT,Mountfield HK,Pardubice,1,1,ou,5.25,over,ft,2.18,2
4n8jHIjT,Mountfield HK,Pardubice,1,1,ou,5.25,under,ft,1.61,2
4n8jHIjT,Mountfield HK,Pardubice,1,1,ou,5.50,over,ft,2.33,4
4n8jHIjT,Mountfield HK,Pardubice,1,1,ou,5.50,under,ft,1.528,4
4n8jHIjT,Mountfield HK,Pardubice,1,1,ou,5.75,over,ft,2.65,2
4n8jHIjT,Mountfield HK,Pardubice,1,1,ou,5.75,under,ft,1.42,2
4n8jHIjT,Mountfield HK,Pardubice,1,1,ou,6.00,over,ft,3.087,3
4n8jHIjT,Mountfield HK,Pardubice,1,1,ou,6.00,under,ft,1.293,3
4n8jHIjT,Mountfield HK,Pardubice,1,1,ou,6.25,over,ft,3.38,2
4n8jHIjT,Mountfield HK,Pardubice,1,1,ou,6.25,under,ft,1.28,2
4n8jHIjT,Mountfield HK,Pardubice,1,1,ou,6.50,over,ft,3.487,3
4n8jHIjT,Mountfield HK,Pardubice,1,1,ou,6.50,under,ft,1.22,3
4n8jHIjT,Mountfield HK,Pardubice,1,1,ou,6.75,over,ft,3.66,2
4n8jHIjT,Mountfield HK,Pardubice,1,1,ou,6.75,under,ft,1.2,2
4n8jHIjT,Mountfield HK,Pardubice,1,1,ou,7.00,over,ft,4.5,2
4n8jHIjT,Mountfield HK,Pardubice,1,1,ou,7.00,under,ft,1.13,2
4n8jHIjT,Mountfield HK,Pardubice,1,1,ou,7.25,over,ft,4.7,2
4n8jHIjT,Mountfield HK,Pardubice,1,1,ou,7.25,under,ft,1.12,2
4n8jHIjT,Mountfield HK,Pardubice,1,1,ou,7.50,over,ft,4.9,2
4n8jHIjT,Mountfield HK,Pardubice,1,1,ou,7.50,under,ft,1.11,2
4n8jHIjT,Mountfield HK,Pardubice,1,1,ou,8.00,over,ft,9.5,2
4n8jHIjT,Mountfield HK,Pardubice,1,1,ou,8.00,under,ft,1.04,2
4n8jHIjT,Mountfield HK,Pardubice,1,1,ou,8.50,over,ft,10.0,2
4n8jHIjT,Mountfield HK,Pardubice,1,1,ou,8.50,under,ft,1.03,2
4n8jHIjT,Mountfield HK,Pardubice,1,1,hc,0,home,ft,2.05,2
4n8jHIjT,Mountfield HK,Pardubice,1,1,hc,0,away,ft,1.76,2
4n8jHIjT,Mountfield HK,Pardubice,1,1,hc,0.75,home,ft,1.51,2
4n8jHIjT,Mountfield HK,Pardubice,1,1,hc,0.75,away,ft,2.39,2
4n8jHIjT,Mountfield HK,Pardubice,1,1,hc,-0.75,home,ft,2.89,2
4n8jHIjT,Mountfield HK,Pardubice,1,1,hc,-0.75,away,ft,1.42,2
4n8jHIjT,Mountfield HK,Pardubice,1,1,hc,1.00,home,ft,1.413,3
4n8jHIjT,Mountfield HK,Pardubice,1,1,hc,1.00,away,ft,2.663,3
4n8jHIjT,Mountfield HK,Pardubice,1,1,hc,-1.00,home,ft,3.277,3
4n8jHIjT,Mountfield HK,Pardubice,1,1,hc,-1.00,away,ft,1.273,3
4n8jHIjT,Mountfield HK,Pardubice,1,1,hc,1.25,home,ft,1.37,2
4n8jHIjT,Mountfield HK,Pardubice,1,1,hc,1.25,away,ft,2.87,2
4n8jHIjT,Mountfield HK,Pardubice,1,1,hc,-1.25,home,ft,3.38,2
4n8jHIjT,Mountfield HK,Pardubice,1,1,hc,-1.25,away,ft,1.27,2
4n8jHIjT,Mountfield HK,Pardubice,1,1,hc,1.50,home,ft,1.323,3
4n8jHIjT,Mountfield HK,Pardubice,1,1,hc,1.50,away,ft,2.963,3
4n8jHIjT,Mountfield HK,Pardubice,1,1,hc,-1.50,home,ft,3.577,3
4n8jHIjT,Mountfield HK,Pardubice,1,1,hc,-1.50,away,ft,1.217,3
4n8jHIjT,Mountfield HK,Pardubice,1,1,hc,1.75,home,ft,1.27,2
4n8jHIjT,Mountfield HK,Pardubice,1,1,hc,1.75,away,ft,3.38,2
4n8jHIjT,Mountfield HK,Pardubice,1,1,hc,2.00,home,ft,1.16,3
4n8jHIjT,Mountfield HK,Pardubice,1,1,hc,2.00,away,ft,4.033,3
4n8jHIjT,Mountfield HK,Pardubice,1,1,hc,-2.00,home,ft,5.2,2
4n8jHIjT,Mountfield HK,Pardubice,1,1,hc,-2.00,away,ft,1.1,2
4n8jHIjT,Mountfield HK,Pardubice,1,1,hc,2.50,home,ft,1.137,3
4n8jHIjT,Mountfield HK,Pardubice,1,1,hc,2.50,away,ft,4.343,3
4n8jHIjT,Mountfield HK,Pardubice,1,1,hc,-2.50,home,ft,5.05,2
4n8jHIjT,Mountfield HK,Pardubice,1,1,hc,-2.50,away,ft,1.1,2
4n8jHIjT,Mountfield HK,Pardubice,1,1,hc,3.00,home,ft,1.04,2
4n8jHIjT,Mountfield HK,Pardubice,1,1,hc,3.00,away,ft,9.1,2
4n8jHIjT,Mountfield HK,Pardubice,1,1,hc,-3.00,home,ft,10.0,2
4n8jHIjT,Mountfield HK,Pardubice,1,1,hc,-3.00,away,ft,1.03,2
4n8jHIjT,Mountfield HK,Pardubice,1,1,hc,3.50,home,ft,1.03,2
4n8jHIjT,Mountfield HK,Pardubice,1,1,hc,3.50,away,ft,9.8,2
4n8jHIjT,Mountfield HK,Pardubice,1,1,hc,-3.50,home,ft,10.5,2
4n8jHIjT,Mountfield HK,Pardubice,1,1,hc,-3.50,away,ft,1.03,2
4n8jHIjT,Mountfield HK,Pardubice,1,1,hc,0.25,home,ft,1.77,2
4n8jHIjT,Mountfield HK,Pardubice,1,1,hc,0.25,away,ft,1.94,2
4n8jHIjT,Mountfield HK,Pardubice,1,1,hc,-0.25,home,ft,2.28,2
4n8jHIjT,Mountfield HK,Pardubice,1,1,hc,-0.25,away,ft,1.56,2
tOsoJDeC,Sparta Prague,Kometa Brno,3,3,1x2,0,home,ft,1.527,6
tOsoJDeC,Sparta Prague,Kometa Brno,3,3,1x2,0,draw,ft,4.685,6
tOsoJDeC,Sparta Prague,Kometa Brno,3,3,1x2,0,away,ft,4.885,6
tOsoJDeC,Sparta Prague,Kometa Brno,3,3,ou,2.50,over,ft,1.07,2
tOsoJDeC,Sparta Prague,Kometa Brno,3,3,ou,2.50,under,ft,5.8,2
tOsoJDeC,Sparta Prague,Kometa Brno,3,3,ou,2.75,over,ft,1.09,2
tOsoJDeC,Sparta Prague,Kometa Brno,3,3,ou,2.75,under,ft,7.44,2
tOsoJDeC,Sparta Prague,Kometa Brno,3,3,ou,3.00,over,ft,1.1,2
tOsoJDeC,Sparta Prague,Kometa Brno,3,3,ou,3.00,under,ft,5.2,2
tOsoJDeC,Sparta Prague,Kometa Brno,3,3,ou,3.25,over,ft,1.2,2
tOsoJDeC,Sparta Prague,Kometa Brno,3,3,ou,3.25,under,ft,4.03,2
tOsoJDeC,Sparta Prague,Kometa Brno,3,3,ou,3.50,over,ft,1.277,3
tOsoJDeC,Sparta Prague,Kometa Brno,3,3,ou,3.50,under,ft,3.217,3
tOsoJDeC,Sparta Prague,Kometa Brno,3,3,ou,3.75,over,ft,1.34,2
tOsoJDeC,Sparta Prague,Kometa Brno,3,3,ou,3.75,under,ft,3.01,2
tOsoJDeC,Sparta Prague,Kometa Brno,3,3,ou,4.00,over,ft,1.397,3
tOsoJDeC,Sparta Prague,Kometa Brno,3,3,ou,4.00,under,ft,2.74,3
tOsoJDeC,Sparta Prague,Kometa Brno,3,3,ou,4.25,over,ft,1.55,2
tOsoJDeC,Sparta Prague,Kometa Brno,3,3,ou,4.25,under,ft,2.3,2
tOsoJDeC,Sparta Prague,Kometa Brno,3,3,ou,4.50,over,ft,1.735,4
tOsoJDeC,Sparta Prague,Kometa Brno,3,3,ou,4.50,under,ft,2.058,4
tOsoJDeC,Sparta Prague,Kometa Brno,3,3,ou,4.75,over,ft,1.84,2
tOsoJDeC,Sparta Prague,Kometa Brno,3,3,ou,4.75,under,ft,1.87,2
tOsoJDeC,Sparta Prague,Kometa Brno,3,3,ou,5.00,over,ft,2.03,3
tOsoJDeC,Sparta Prague,Kometa Brno,3,3,ou,5.00,under,ft,1.72,3
tOsoJDeC,Sparta Prague,Kometa Brno,3,3,ou,5.25,over,ft,2.22,2
tOsoJDeC,Sparta Prague,Kometa Brno,3,3,ou,5.25,under,ft,1.59,2
tOsoJDeC,Sparta Prague,Kometa Brno,3,3,ou,5.50,over,ft,2.397,4
tOsoJDeC,Sparta Prague,Kometa Brno,3,3,ou,5.50,under,ft,1.498,4
tOsoJDeC,Sparta Prague,Kometa Brno,3,3,ou,5.75,over,ft,2.72,2
tOsoJDeC,Sparta Prague,Kometa Brno,3,3,ou,5.75,under,ft,1.4,2
tOsoJDeC,Sparta Prague,Kometa Brno,3,3,ou,6.00,over,ft,3.207,3
tOsoJDeC,Sparta Prague,Kometa Brno,3,3,ou,6.00,under,ft,1.267,3
tOsoJDeC,Sparta Prague,Kometa Brno,3,3,ou,6.25,over,ft,3.54,2
tOsoJDeC,Sparta Prague,Kometa Brno,3,3,ou,6.25,under,ft,1.25,2
tOsoJDeC,Sparta Prague,Kometa Brno,3,3,ou,6.50,over,ft,3.64,3
tOsoJDeC,Sparta Prague,Kometa Brno,3,3,ou,6.50,under,ft,1.203,3
tOsoJDeC,Sparta Prague,Kometa Brno,3,3,ou,7.00,over,ft,5.6,2
tOsoJDeC,Sparta Prague,Kometa Brno,3,3,ou,7.00,under,ft,1.12,2
tOsoJDeC,Sparta Prague,Kometa Brno,3,3,ou,7.50,over,ft,6.2,2
tOsoJDeC,Sparta Prague,Kometa Brno,3,3,ou,7.50,under,ft,1.1,2
tOsoJDeC,Sparta Prague,Kometa Brno,3,3,ou,8.00,over,ft,9.5,2
tOsoJDeC,Sparta Prague,Kometa Brno,3,3,ou,8.00,under,ft,1.04,2
tOsoJDeC,Sparta Prague,Kometa Brno,3,3,ou,8.50,over,ft,10.0,2
tOsoJDeC,Sparta Prague,Kometa Brno,3,3,ou,8.50,under,ft,1.03,2
tOsoJDeC,Sparta Prague,Kometa Brno,3,3,hc,0,home,ft,1.19,2
tOsoJDeC,Sparta Prague,Kometa Brno,3,3,hc,0,away,ft,3.86,2
tOsoJDeC,Sparta Prague,Kometa Brno,3,3,hc,-0.75,home,ft,1.55,2
tOsoJDeC,Sparta Prague,Kometa Brno,3,3,hc,-0.75,away,ft,2.3,2
tOsoJDeC,Sparta Prague,Kometa Brno,3,3,hc,1.00,home,ft,1.04,2
tOsoJDeC,Sparta Prague,Kometa Brno,3,3,hc,1.00,away,ft,7.1,2
tOsoJDeC,Sparta Prague,Kometa Brno,3,3,hc,-1.00,home,ft,1.647,3
tOsoJDeC,Sparta Prague,Kometa Brno,3,3,hc,-1.00,away,ft,2.137,3
tOsoJDeC,Sparta Prague,Kometa Brno,3,3,hc,-1.25,home,ft,1.77,2
tOsoJDeC,Sparta Prague,Kometa Brno,3,3,hc,-1.25,away,ft,1.94,2
tOsoJDeC,Sparta Prague,Kometa Brno,3,3,hc,1.50,home,ft,1.04,2
tOsoJDeC,Sparta Prague,Kometa Brno,3,3,hc,1.50,away,ft,7.1,2
tOsoJDeC,Sparta Prague,Kometa Brno,3,3,hc,-1.50,home,ft,1.937,3
tOsoJDeC,Sparta Prague,Kometa Brno,3,3,hc,-1.50,away,ft,1.85,3
tOsoJDeC,Sparta Prague,Kometa Brno,3,3,hc,-1.75,home,ft,2.08,2
tOsoJDeC,Sparta Prague,Kometa Brno,3,3,hc,-1.75,away,ft,1.67,2
tOsoJDeC,Sparta Prague,Kometa Brno,3,3,hc,2.00,home,ft,1.02,2
tOsoJDeC,Sparta Prague,Kometa Brno,3,3,hc,2.00,away,ft,11.0,2
tOsoJDeC,Sparta Prague,Kometa Brno,3,3,hc,-2.00,home,ft,2.337,3
tOsoJDeC,Sparta Prague,Kometa Brno,3,3,hc,-2.00,away,ft,1.54,3
tOsoJDeC,Sparta Prague,Kometa Brno,3,3,hc,-2.25,home,ft,2.625,2
tOsoJDeC,Sparta Prague,Kometa Brno,3,3,hc,-2.25,away,ft,1.49,2
tOsoJDeC,Sparta Prague,Kometa Brno,3,3,hc,2.50,away,ft,12.0,2
tOsoJDeC,Sparta Prague,Kometa Brno,3,3,hc,-2.50,home,ft,2.707,3
tOsoJDeC,Sparta Prague,Kometa Brno,3,3,hc,-2.50,away,ft,1.393,3
tOsoJDeC,Sparta Prague,Kometa Brno,3,3,hc,-2.75,home,ft,3.08,2
tOsoJDeC,Sparta Prague,Kometa Brno,3,3,hc,-2.75,away,ft,1.32,2
tOsoJDeC,Sparta Prague,Kometa Brno,3,3,hc,-3.00,home,ft,4.2,3
tOsoJDeC,Sparta Prague,Kometa Brno,3,3,hc,-3.00,away,ft,1.147,3
tOsoJDeC,Sparta Prague,Kometa Brno,3,3,hc,-3.50,home,ft,5.1,2
tOsoJDeC,Sparta Prague,Kometa Brno,3,3,hc,-3.50,away,ft,1.1,2
tOsoJDeC,Sparta Prague,Kometa Brno,3,3,hc,-4.00,home,ft,7.9,2
tOsoJDeC,Sparta Prague,Kometa Brno,3,3,hc,-4.00,away,ft,1.06,2
tOsoJDeC,Sparta Prague,Kometa Brno,3,3,hc,-4.50,home,ft,8.5,2
tOsoJDeC,Sparta Prague,Kometa Brno,3,3,hc,-4.50,away,ft,1.05,2
tOsoJDeC,Sparta Prague,Kometa Brno,3,3,hc,0.25,home,ft,1.19,2
tOsoJDeC,Sparta Prague,Kometa Brno,3,3,hc,0.25,away,ft,4.14,2
tOsoJDeC,Sparta Prague,Kometa Brno,3,3,hc,-0.25,home,ft,1.35,2
tOsoJDeC,Sparta Prague,Kometa Brno,3,3,hc,-0.25,away,ft,2.95,2
Y3HiRH3D,Pardubice,Mountfield HK,2,2,1x2,0,home,ft,1.787,6
Y3HiRH3D,Pardubice,Mountfield HK,2,2,1x2,0,draw,ft,4.18,6
Y3HiRH3D,Pardubice,Mountfield HK,2,2,1x2,0,away,ft,3.685,6
Y3HiRH3D,Pardubice,Mountfield HK,2,2,ou,2.50,over,ft,1.09,2
Y3HiRH3D,Pardubice,Mountfield HK,2,2,ou,2.50,under,ft,5.425,2
Y3HiRH3D,Pardubice,Mountfield HK,2,2,ou,2.75,over,ft,1.11,2
Y3HiRH3D,Pardubice,Mountfield HK,2,2,ou,2.75,under,ft,6.76,2
Y3HiRH3D,Pardubice,Mountfield HK,2,2,ou,3.00,over,ft,1.11,2
Y3HiRH3D,Pardubice,Mountfield HK,2,2,ou,3.00,under,ft,4.95,2
Y3HiRH3D,Pardubice,Mountfield HK,2,2,ou,3.25,over,ft,1.21,2
Y3HiRH3D,Pardubice,Mountfield HK,2,2,ou,3.25,under,ft,3.935,2
Y3HiRH3D,Pardubice,Mountfield HK,2,2,ou,3.50,over,ft,1.28,3
Y3HiRH3D,Pardubice,Mountfield HK,2,2,ou,3.50,under,ft,3.2,3
Y3HiRH3D,Pardubice,Mountfield HK,2,2,ou,3.75,over,ft,1.34,2
Y3HiRH3D,Pardubice,Mountfield HK,2,2,ou,3.75,under,ft,3.01,2
Y3HiRH3D,Pardubice,Mountfield HK,2,2,ou,4.00,over,ft,1.397,3
Y3HiRH3D,Pardubice,Mountfield HK,2,2,ou,4.00,under,ft,2.747,3
Y3HiRH3D,Pardubice,Mountfield HK,2,2,ou,4.25,over,ft,1.54,2
Y3HiRH3D,Pardubice,Mountfield HK,2,2,ou,4.25,under,ft,2.32,2
Y3HiRH3D,Pardubice,Mountfield HK,2,2,ou,4.50,over,ft,1.718,4
Y3HiRH3D,Pardubice,Mountfield HK,2,2,ou,4.50,under,ft,2.085,4
Y3HiRH3D,Pardubice,Mountfield HK,2,2,ou,4.75,over,ft,1.81,2
Y3HiRH3D,Pardubice,Mountfield HK,2,2,ou,4.75,under,ft,1.9,2
Y3HiRH3D,Pardubice,Mountfield HK,2,2,ou,5.00,over,ft,2.017,3
Y3HiRH3D,Pardubice,Mountfield HK,2,2,ou,5.00,under,ft,1.73,3
Y3HiRH3D,Pardubice,Mountfield HK,2,2,ou,5.25,over,ft,2.16,2
Y3HiRH3D,Pardubice,Mountfield HK,2,2,ou,5.25,under,ft,1.62,2
Y3HiRH3D,Pardubice,Mountfield HK,2,2,ou,5.50,over,ft,2.337,4
Y3HiRH3D,Pardubice,Mountfield HK,2,2,ou,5.50,under,ft,1.522,4
Y3HiRH3D,Pardubice,Mountfield HK,2,2,ou,5.75,over,ft,2.63,2
Y3HiRH3D,Pardubice,Mountfield HK,2,2,ou,5.75,under,ft,1.425,2
Y3HiRH3D,Pardubice,Mountfield HK,2,2,ou,6.00,over,ft,3.103,3
Y3HiRH3D,Pardubice,Mountfield HK,2,2,ou,6.00,under,ft,1.283,3
Y3HiRH3D,Pardubice,Mountfield HK,2,2,ou,6.25,over,ft,3.34,2
Y3HiRH3D,Pardubice,Mountfield HK,2,2,ou,6.25,under,ft,1.285,2
Y3HiRH3D,Pardubice,Mountfield HK,2,2,ou,6.50,over,ft,3.49,3
Y3HiRH3D,Pardubice,Mountfield HK,2,2,ou,6.50,under,ft,1.217,3
Y3HiRH3D,Pardubice,Mountfield HK,2,2,hc,0,home,ft,1.38,2
Y3HiRH3D,Pardubice,Mountfield HK,2,2,hc,0,away,ft,2.77,2
Y3HiRH3D,Pardubice,Mountfield HK,2,2,hc,-0.75,home,ft,1.85,2
Y3HiRH3D,Pardubice,Mountfield HK,2,2,hc,-0.75,away,ft,1.86,2
Y3HiRH3D,Pardubice,Mountfield HK,2,2,hc,-1.00,home,ft,2.05,3
Y3HiRH3D,Pardubice,Mountfield HK,2,2,hc,-1.00,away,ft,1.753,3
Y3HiRH3D,Pardubice,Mountfield HK,2,2,hc,1.00,home,ft,1.125,2
Y3HiRH3D,Pardubice,Mountfield HK,2,2,hc,1.00,away,ft,4.625,2
Y3HiRH3D,Pardubice,Mountfield HK,2,2,hc,-1.25,home,ft,2.16,2
Y3HiRH3D,Pardubice,Mountfield HK,2,2,hc,-1.25,away,ft,1.625,2
Y3HiRH3D,Pardubice,Mountfield HK,2,2,hc,-1.50,home,ft,2.32,3
Y3HiRH3D,Pardubice,Mountfield HK,2,2,hc,-1.50,away,ft,1.55,3
Y3HiRH3D,Pardubice,Mountfield HK,2,2,hc,1.50,home,ft,1.105,2
Y3HiRH3D,Pardubice,Mountfield HK,2,2,hc,1.50,away,ft,5.025,2
Y3HiRH3D,Pardubice,Mountfield HK,2,2,hc,-1.75,home,ft,2.65,2
Y3HiRH3D,Pardubice,Mountfield HK,2,2,hc,-1.75,away,ft,1.48,2
Y3HiRH3D,Pardubice,Mountfield HK,2,2,hc,-2.00,home,ft,2.963,3
Y3HiRH3D,Pardubice,Mountfield HK,2,2,hc,-2.00,away,ft,1.327,3
Y3HiRH3D,Pardubice,Mountfield HK,2,2,hc,-2.25,home,ft,3.48,2
Y3HiRH3D,Pardubice,Mountfield HK,2,2,hc,-2.25,away,ft,1.26,2
Y3HiRH3D,Pardubice,Mountfield HK,2,2,hc,-2.50,home,ft,3.307,3
Y3HiRH3D,Pardubice,Mountfield HK,2,2,hc,-2.50,away,ft,1.25,3
Y3HiRH3D,Pardubice,Mountfield HK,2,2,hc,-3.00,home,ft,5.55,2
Y3HiRH3D,Pardubice,Mountfield HK,2,2,hc,-3.00,away,ft,1.085,2
Y3HiRH3D,Pardubice,Mountfield HK,2,2,hc,-0.25,home,ft,1.56,2
Y3HiRH3D,Pardubice,Mountfield HK,2,2,hc,-0.25,away,ft,2.275,2
Y3HiRH3D,Pardubice,Mountfield HK,2,2,hc,0.25,home,ft,1.32,2
Y3HiRH3D,Pardubice,Mountfield HK,2,2,hc,0.25,away,ft,3.075,2
S6EqTwZ0,Pardubice,Mountfield HK,4,4,1x2,0,home,ft,1.842,6
S6EqTwZ0,Pardubice,Mountfield HK,4,4,1x2,0,draw,ft,4.12,6
S6EqTwZ0,Pardubice,Mountfield HK,4,4,1x2,0,away,ft,3.518,6
S6EqTwZ0,Pardubice,Mountfield HK,4,4,ou,2.50,over,ft,1.09,2
S6EqTwZ0,Pardubice,Mountfield HK,4,4,ou,2.50,under,ft,5.4,2
S6EqTwZ0,Pardubice,Mountfield HK,4,4,ou,2.75,over,ft,1.11,2
S6EqTwZ0,Pardubice,Mountfield HK,4,4,ou,2.75,under,ft,6.73,2
S6EqTwZ0,Pardubice,Mountfield HK,4,4,ou,3.00,over,ft,1.11,2
S6EqTwZ0,Pardubice,Mountfield HK,4,4,ou,3.00,under,ft,4.95,2
S6EqTwZ0,Pardubice,Mountfield HK,4,4,ou,3.25,over,ft,1.21,2
S6EqTwZ0,Pardubice,Mountfield HK,4,4,ou,3.25,under,ft,3.94,2
S6EqTwZ0,Pardubice,Mountfield HK,4,4,ou,3.50,over,ft,1.273,3
S6EqTwZ0,Pardubice,Mountfield HK,4,4,ou,3.50,under,ft,3.243,3
S6EqTwZ0,Pardubice,Mountfield HK,4,4,ou,3.75,over,ft,1.34,2
S6EqTwZ0,Pardubice,Mountfield HK,4,4,ou,3.75,under,ft,3.01,2
S6EqTwZ0,Pardubice,Mountfield HK,4,4,ou,4.00,over,ft,1.38,3
S6EqTwZ0,Pardubice,Mountfield HK,4,4,ou,4.00,under,ft,2.793,3
S6EqTwZ0,Pardubice,Mountfield HK,4,4,ou,4.25,over,ft,1.54,2
S6EqTwZ0,Pardubice,Mountfield HK,4,4,ou,4.25,under,ft,2.32,2
S6EqTwZ0,Pardubice,Mountfield HK,4,4,ou,4.50,over,ft,1.705,4
S6EqTwZ0,Pardubice,Mountfield HK,4,4,ou,4.50,under,ft,2.1,4
S6EqTwZ0,Pardubice,Mountfield HK,4,4,ou,4.75,over,ft,1.81,2
S6EqTwZ0,Pardubice,Mountfield HK,4,4,ou,4.75,under,ft,1.9,2
S6EqTwZ0,Pardubice,Mountfield HK,4,4,ou,5.00,over,ft,1.983,3
S6EqTwZ0,Pardubice,Mountfield HK,4,4,ou,5.00,under,ft,1.757,3
S6EqTwZ0,Pardubice,Mountfield HK,4,4,ou,5.25,over,ft,2.16,2
S6EqTwZ0,Pardubice,Mountfield HK,4,4,ou,5.25,under,ft,1.62,2
S6EqTwZ0,Pardubice,Mountfield HK,4,4,ou,5.50,over,ft,2.31,4
S6EqTwZ0,Pardubice,Mountfield HK,4,4,ou,5.50,under,ft,1.535,4
S6EqTwZ0,Pardubice,Mountfield HK,4,4,ou,5.75,over,ft,2.61,2
S6EqTwZ0,Pardubice,Mountfield HK,4,4,ou,5.75,under,ft,1.43,2
S6EqTwZ0,Pardubice,Mountfield HK,4,4,ou,6.00,over,ft,3.05,3
S6EqTwZ0,Pardubice,Mountfield HK,4,4,ou,6.00,under,ft,1.293,3
S6EqTwZ0,Pardubice,Mountfield HK,4,4,ou,6.25,over,ft,3.3,2
S6EqTwZ0,Pardubice,Mountfield HK,4,4,ou,6.25,under,ft,1.29,2
S6EqTwZ0,Pardubice,Mountfield HK,4,4,ou,6.50,over,ft,3.423,3
S6EqTwZ0,Pardubice,Mountfield HK,4,4,ou,6.50,under,ft,1.23,3
S6EqTwZ0,Pardubice,Mountfield HK,4,4,ou,6.75,over,ft,3.66,2
S6EqTwZ0,Pardubice,Mountfield HK,4,4,ou,6.75,under,ft,1.24,2
S6EqTwZ0,Pardubice,Mountfield HK,4,4,ou,7.00,over,ft,4.35,2
S6EqTwZ0,Pardubice,Mountfield HK,4,4,ou,7.00,under,ft,1.14,2
S6EqTwZ0,Pardubice,Mountfield HK,4,4,ou,7.25,over,ft,4.93,2
S6EqTwZ0,Pardubice,Mountfield HK,4,4,ou,7.25,under,ft,1.14,2
S6EqTwZ0,Pardubice,Mountfield HK,4,4,ou,7.50,over,ft,4.75,2
S6EqTwZ0,Pardubice,Mountfield HK,4,4,ou,7.50,under,ft,1.12,2
S6EqTwZ0,Pardubice,Mountfield HK,4,4,hc,0,home,ft,1.43,2
S6EqTwZ0,Pardubice,Mountfield HK,4,4,hc,0,away,ft,2.58,2
S6EqTwZ0,Pardubice,Mountfield HK,4,4,hc,-0.75,home,ft,1.92,2
S6EqTwZ0,Pardubice,Mountfield HK,4,4,hc,-0.75,away,ft,1.79,2
S6EqTwZ0,Pardubice,Mountfield HK,4,4,hc,-1.00,home,ft,2.133,3
S6EqTwZ0,Pardubice,Mountfield HK,4,4,hc,-1.00,away,ft,1.693,3
S6EqTwZ0,Pardubice,Mountfield HK,4,4,hc,1.00,home,ft,1.15,2
S6EqTwZ0,Pardubice,Mountfield HK,4,4,hc,1.00,away,ft,4.33,2
S6EqTwZ0,Pardubice,Mountfield HK,4,4,hc,-1.25,home,ft,2.26,2
S6EqTwZ0,Pardubice,Mountfield HK,4,4,hc,-1.25,away,ft,1.57,2
S6EqTwZ0,Pardubice,Mountfield HK,4,4,hc,-1.50,home,ft,2.41,3
S6EqTwZ0,Pardubice,Mountfield HK,4,4,hc,-1.50,away,ft,1.51,3
S6EqTwZ0,Pardubice,Mountfield HK,4,4,hc,1.50,home,ft,1.12,2
S6EqTwZ0,Pardubice,Mountfield HK,4,4,hc,1.50,away,ft,4.7,2
S6EqTwZ0,Pardubice,Mountfield HK,4,4,hc,-1.75,home,ft,2.78,2
S6EqTwZ0,Pardubice,Mountfield HK,4,4,hc,-1.75,away,ft,1.44,2
S6EqTwZ0,Pardubice,Mountfield HK,4,4,hc,-2.00,home,ft,3.103,3
S6EqTwZ0,Pardubice,Mountfield HK,4,4,hc,-2.00,away,ft,1.3,3
S6EqTwZ0,Pardubice,Mountfield HK,4,4,hc,-2.25,home,ft,3.37,2
S6EqTwZ0,Pardubice,Mountfield HK,4,4,hc,-2.25,away,ft,1.28,2
S6EqTwZ0,Pardubice,Mountfield HK,4,4,hc,-2.50,home,ft,3.457,3
S6EqTwZ0,Pardubice,Mountfield HK,4,4,hc,-2.50,away,ft,1.23,3
S6EqTwZ0,Pardubice,Mountfield HK,4,4,hc,-3.00,home,ft,5.9,2
S6EqTwZ0,Pardubice,Mountfield HK,4,4,hc,-3.00,away,ft,1.07,2
S6EqTwZ0,Pardubice,Mountfield HK,4,4,hc,-0.25,home,ft,1.61,2
S6EqTwZ0,Pardubice,Mountfield HK,4,4,hc,-0.25,away,ft,2.17,2
S6EqTwZ0,Pardubice,Mountfield HK,4,4,hc,0.25,home,ft,1.36,2
S6EqTwZ0,Pardubice,Mountfield HK,4,4,hc,0.25,away,ft,2.92,2
EafvkLeK,Kometa Brno,Sparta Prague,0,0,1x2,0,home,ft,2.933,6
EafvkLeK,Kometa Brno,Sparta Prague,0,0,1x2,0,draw,ft,3.983,6
EafvkLeK,Kometa Brno,Sparta Prague,0,0,1x2,0,away,ft,2.08,6
EafvkLeK,Kometa Brno,Sparta Prague,0,0,ou,2.50,over,ft,1.1,2
EafvkLeK,Kometa Brno,Sparta Prague,0,0,ou,2.50,under,ft,5.2,2
EafvkLeK,Kometa Brno,Sparta Prague,0,0,ou,2.75,over,ft,1.12,2
EafvkLeK,Kometa Brno,Sparta Prague,0,0,ou,2.75,under,ft,6.32,2
EafvkLeK,Kometa Brno,Sparta Prague,0,0,ou,3.00,over,ft,1.12,2
EafvkLeK,Kometa Brno,Sparta Prague,0,0,ou,3.00,under,ft,4.7,2
EafvkLeK,Kometa Brno,Sparta Prague,0,0,ou,3.25,over,ft,1.23,2
EafvkLeK,Kometa Brno,Sparta Prague,0,0,ou,3.25,under,ft,3.74,2
EafvkLeK,Kometa Brno,Sparta Prague,0,0,ou,3.50,over,ft,1.29,3
EafvkLeK,Kometa Brno,Sparta Prague,0,0,ou,3.50,under,ft,3.143,3
EafvkLeK,Kometa Brno,Sparta Prague,0,0,ou,3.75,over,ft,1.37,2
EafvkLeK,Kometa Brno,Sparta Prague,0,0,ou,3.75,under,ft,3.09,2
EafvkLeK,Kometa Brno,Sparta Prague,0,0,ou,4.00,over,ft,1.413,3
EafvkLeK,Kometa Brno,Sparta Prague,0,0,ou,4.00,under,ft,2.683,3
EafvkLeK,Kometa Brno,Sparta Prague,0,0,ou,4.25,over,ft,1.56,2
EafvkLeK,Kometa Brno,Sparta Prague,0,0,ou,4.25,under,ft,2.27,2
EafvkLeK,Kometa Brno,Sparta Prague,0,0,ou,4.50,over,ft,1.758,4
EafvkLeK,Kometa Brno,Sparta Prague,0,0,ou,4.50,under,ft,2.027,4
EafvkLeK,Kometa Brno,Sparta Prague,0,0,ou,4.75,over,ft,1.85,2
EafvkLeK,Kometa Brno,Sparta Prague,0,0,ou,4.75,under,ft,1.86,2
EafvkLeK,Kometa Brno,Sparta Prague,0,0,ou,5.00,over,ft,2.057,3
EafvkLeK,Kometa Brno,Sparta Prague,0,0,ou,5.00,under,ft,1.7,3
EafvkLeK,Kometa Brno,Sparta Prague,0,0,ou,5.25,over,ft,2.22,2
EafvkLeK,Kometa Brno,Sparta Prague,0,0,ou,5.25,under,ft,1.59,2
EafvkLeK,Kometa Brno,Sparta Prague,0,0,ou,5.50,over,ft,2.397,4
EafvkLeK,Kometa Brno,Sparta Prague,0,0,ou,5.50,under,ft,1.498,4
EafvkLeK,Kometa Brno,Sparta Prague,0,0,ou,5.75,over,ft,2.67,2
EafvkLeK,Kometa Brno,Sparta Prague,0,0,ou,5.75,under,ft,1.42,2
EafvkLeK,Kometa Brno,Sparta Prague,0,0,ou,6.00,over,ft,3.153,3
EafvkLeK,Kometa Brno,Sparta Prague,0,0,ou,6.00,under,ft,1.273,3
EafvkLeK,Kometa Brno,Sparta Prague,0,0,ou,6.25,over,ft,3.57,2
EafvkLeK,Kometa Brno,Sparta Prague,0,0,ou,6.25,under,ft,1.25,2
EafvkLeK,Kometa Brno,Sparta Prague,0,0,ou,6.50,over,ft,3.587,3
EafvkLeK,Kometa Brno,Sparta Prague,0,0,ou,6.50,under,ft,1.207,3
EafvkLeK,Kometa Brno,Sparta Prague,0,0,hc,0,home,ft,2.25,3
EafvkLeK,Kometa Brno,Sparta Prague,0,0,hc,0,away,ft,1.613,3
EafvkLeK,Kometa Brno,Sparta Prague,0,0,hc,-0.75,home,ft,3.265,2
EafvkLeK,Kometa Brno,Sparta Prague,0,0,hc,-0.75,away,ft,1.34,2
EafvkLeK,Kometa Brno,Sparta Prague,0,0,hc,0.75,home,ft,1.61,2
EafvkLeK,Kometa Brno,Sparta Prague,0,0,hc,0.75,away,ft,2.18,2
EafvkLeK,Kometa Brno,Sparta Prague,0,0,hc,-1.00,home,ft,3.68,3
EafvkLeK,Kometa Brno,Sparta Prague,0,0,hc,-1.00,away,ft,1.217,3
EafvkLeK,Kometa Brno,Sparta Prague,0,0,hc,1.00,home,ft,1.5,3
EafvkLeK,Kometa Brno,Sparta Prague,0,0,hc,1.00,away,ft,2.413,3
EafvkLeK,Kometa Brno,Sparta Prague,0,0,hc,1.25,home,ft,1.46,2
EafvkLeK,Kometa Brno,Sparta Prague,0,0,hc,1.25,away,ft,2.53,2
EafvkLeK,Kometa Brno,Sparta Prague,0,0,hc,-1.50,home,ft,3.99,3
EafvkLeK,Kometa Brno,Sparta Prague,0,0,hc,-1.50,away,ft,1.17,3
EafvkLeK,Kometa Brno,Sparta Prague,0,0,hc,1.50,home,ft,1.38,3
EafvkLeK,Kometa Brno,Sparta Prague,0,0,hc,1.50,away,ft,2.723,3
EafvkLeK,Kometa Brno,Sparta Prague,0,0,hc,1.75,home,ft,1.34,2
EafvkLeK,Kometa Brno,Sparta Prague,0,0,hc,1.75,away,ft,2.98,2
EafvkLeK,Kometa Brno,Sparta Prague,0,0,hc,-2.00,home,ft,6.05,2
EafvkLeK,Kometa Brno,Sparta Prague,0,0,hc,-2.00,away,ft,1.06,2
EafvkLeK,Kometa Brno,Sparta Prague,0,0,hc,2.00,home,ft,1.207,3
EafvkLeK,Kometa Brno,Sparta Prague,0,0,hc,2.00,away,ft,3.643,3
EafvkLeK,Kometa Brno,Sparta Prague,0,0,hc,-2.50,home,ft,6.4,2
EafvkLeK,Kometa Brno,Sparta Prague,0,0,hc,-2.50,away,ft,1.05,2
EafvkLeK,Kometa Brno,Sparta Prague,0,0,hc,2.50,home,ft,1.15,3
EafvkLeK,Kometa Brno,Sparta Prague,0,0,hc,2.50,away,ft,4.137,3
EafvkLeK,Kometa Brno,Sparta Prague,0,0,hc,3.00,home,ft,1.05,2
EafvkLeK,Kometa Brno,Sparta Prague,0,0,hc,3.00,away,ft,6.4,2
EafvkLeK,Kometa Brno,Sparta Prague,0,0,hc,-0.25,home,ft,2.52,2
EafvkLeK,Kometa Brno,Sparta Prague,0,0,hc,-0.25,away,ft,1.46,2
EafvkLeK,Kometa Brno,Sparta Prague,0,0,hc,0.25,home,ft,1.91,2
EafvkLeK,Kometa Brno,Sparta Prague,0,0,hc,0.25,away,ft,1.8,2
4Q4fkUk3,Kometa Brno,Sparta Prague,3,3,1x2,0,home,ft,3.333,6
4Q4fkUk3,Kometa Brno,Sparta Prague,3,3,1x2,0,draw,ft,4.07,6
4Q4fkUk3,Kometa Brno,Sparta Prague,3,3,1x2,0,away,ft,1.905,6
4Q4fkUk3,Kometa Brno,Sparta Prague,3,3,ou,2.50,over,ft,1.1,2
4Q4fkUk3,Kometa Brno,Sparta Prague,3,3,ou,2.50,under,ft,5.1,2
4Q4fkUk3,Kometa Brno,Sparta Prague,3,3,ou,2.75,over,ft,1.12,2
4Q4fkUk3,Kometa Brno,Sparta Prague,3,3,ou,2.75,under,ft,6.22,2
4Q4fkUk3,Kometa Brno,Sparta Prague,3,3,ou,3.00,over,ft,1.13,2
4Q4fkUk3,Kometa Brno,Sparta Prague,3,3,ou,3.00,under,ft,4.65,2
4Q4fkUk3,Kometa Brno,Sparta Prague,3,3,ou,3.25,over,ft,1.26,2
4Q4fkUk3,Kometa Brno,Sparta Prague,3,3,ou,3.25,under,ft,3.48,2
4Q4fkUk3,Kometa Brno,Sparta Prague,3,3,ou,3.50,over,ft,1.313,3
4Q4fkUk3,Kometa Brno,Sparta Prague,3,3,ou,3.50,under,ft,3.027,3
4Q4fkUk3,Kometa Brno,Sparta Prague,3,3,ou,3.75,over,ft,1.395,2
4Q4fkUk3,Kometa Brno,Sparta Prague,3,3,ou,3.75,under,ft,2.985,2
4Q4fkUk3,Kometa Brno,Sparta Prague,3,3,ou,4.00,over,ft,1.45,3
4Q4fkUk3,Kometa Brno,Sparta Prague,3,3,ou,4.00,under,ft,2.57,3
4Q4fkUk3,Kometa Brno,Sparta Prague,3,3,ou,4.25,over,ft,1.59,2
4Q4fkUk3,Kometa Brno,Sparta Prague,3,3,ou,4.25,under,ft,2.22,2
4Q4fkUk3,Kometa Brno,Sparta Prague,3,3,ou,4.50,over,ft,1.77,4
4Q4fkUk3,Kometa Brno,Sparta Prague,3,3,ou,4.50,under,ft,2.015,4
4Q4fkUk3,Kometa Brno,Sparta Prague,3,3,ou,4.75,over,ft,1.89,2
4Q4fkUk3,Kometa Brno,Sparta Prague,3,3,ou,4.75,under,ft,1.82,2
4Q4fkUk3,Kometa Brno,Sparta Prague,3,3,ou,5.00,over,ft,2.123,3
4Q4fkUk3,Kometa Brno,Sparta Prague,3,3,ou,5.00,under,ft,1.657,3
4Q4fkUk3,Kometa Brno,Sparta Prague,3,3,ou,5.25,over,ft,2.26,2
4Q4fkUk3,Kometa Brno,Sparta Prague,3,3,ou,5.25,under,ft,1.57,2
4Q4fkUk3,Kometa Brno,Sparta Prague,3,3,ou,5.50,over,ft,2.435,4
4Q4fkUk3,Kometa Brno,Sparta Prague,3,3,ou,5.50,under,ft,1.485,4
4Q4fkUk3,Kometa Brno,Sparta Prague,3,3,ou,5.75,over,ft,2.78,2
4Q4fkUk3,Kometa Brno,Sparta Prague,3,3,ou,5.75,under,ft,1.39,2
4Q4fkUk3,Kometa Brno,Sparta Prague,3,3,ou,6.00,over,ft,3.29,3
4Q4fkUk3,Kometa Brno,Sparta Prague,3,3,ou,6.00,under,ft,1.25,3
4Q4fkUk3,Kometa Brno,Sparta Prague,3,3,ou,6.25,over,ft,3.54,2
4Q4fkUk3,Kometa Brno,Sparta Prague,3,3,ou,6.25,under,ft,1.25,2
4Q4fkUk3,Kometa Brno,Sparta Prague,3,3,ou,6.50,over,ft,3.717,3
4Q4fkUk3,Kometa Brno,Sparta Prague,3,3,ou,6.50,under,ft,1.19,3
4Q4fkUk3,Kometa Brno,Sparta Prague,3,3,hc,0,home,ft,2.49,2
4Q4fkUk3,Kometa Brno,Sparta Prague,3,3,hc,0,away,ft,1.46,2
4Q4fkUk3,Kometa Brno,Sparta Prague,3,3,hc,-0.75,home,ft,3.57,2
4Q4fkUk3,Kometa Brno,Sparta Prague,3,3,hc,-0.75,away,ft,1.25,2
4Q4fkUk3,Kometa Brno,Sparta Prague,3,3,hc,0.75,home,ft,1.74,2
4Q4fkUk3,Kometa Brno,Sparta Prague,3,3,hc,0.75,away,ft,1.98,2
4Q4fkUk3,Kometa Brno,Sparta Prague,3,3,hc,-1.00,home,ft,4.06,3
4Q4fkUk3,Kometa Brno,Sparta Prague,3,3,hc,-1.00,away,ft,1.16,3
4Q4fkUk3,Kometa Brno,Sparta Prague,3,3,hc,1.00,home,ft,1.64,3
4Q4fkUk3,Kometa Brno,Sparta Prague,3,3,hc,1.00,away,ft,2.22,3
4Q4fkUk3,Kometa Brno,Sparta Prague,3,3,hc,1.25,home,ft,1.52,2
4Q4fkUk3,Kometa Brno,Sparta Prague,3,3,hc,1.25,away,ft,2.36,2
4Q4fkUk3,Kometa Brno,Sparta Prague,3,3,hc,-1.50,home,ft,4.353,3
4Q4fkUk3,Kometa Brno,Sparta Prague,3,3,hc,-1.50,away,ft,1.137,3
4Q4fkUk3,Kometa Brno,Sparta Prague,3,3,hc,1.50,home,ft,1.477,3
4Q4fkUk3,Kometa Brno,Sparta Prague,3,3,hc,1.50,away,ft,2.497,3
4Q4fkUk3,Kometa Brno,Sparta Prague,3,3,hc,1.75,home,ft,1.37,2
4Q4fkUk3,Kometa Brno,Sparta Prague,3,3,hc,1.75,away,ft,2.85,2
4Q4fkUk3,Kometa Brno,Sparta Prague,3,3,hc,-2.00,home,ft,6.35,2
4Q4fkUk3,Kometa Brno,Sparta Prague,3,3,hc,-2.00,away,ft,1.06,2
4Q4fkUk3,Kometa Brno,Sparta Prague,3,3,hc,2.00,home,ft,1.267,3
4Q4fkUk3,Kometa Brno,Sparta Prague,3,3,hc,2.00,away,ft,3.293,3
4Q4fkUk3,Kometa Brno,Sparta Prague,3,3,hc,-2.50,home,ft,6.7,2
4Q4fkUk3,Kometa Brno,Sparta Prague,3,3,hc,-2.50,away,ft,1.05,2
4Q4fkUk3,Kometa Brno,Sparta Prague,3,3,hc,2.50,home,ft,1.203,3
4Q4fkUk3,Kometa Brno,Sparta Prague,3,3,hc,2.50,away,ft,3.643,3
4Q4fkUk3,Kometa Brno,Sparta Prague,3,3,hc,3.00,home,ft,1.06,2
4Q4fkUk3,Kometa Brno,Sparta Prague,3,3,hc,3.00,away,ft,6.3,2
4Q4fkUk3,Kometa Brno,Sparta Prague,3,3,hc,-0.25,home,ft,2.97,2
4Q4fkUk3,Kometa Brno,Sparta Prague,3,3,hc,-0.25,away,ft,1.35,2
4Q4fkUk3,Kometa Brno,Sparta Prague,3,3,hc,0.25,home,ft,2.145,2
4Q4fkUk3,Kometa Brno,Sparta Prague,3,3,hc,0.25,away,ft,1.705,2
WvLzVa4l,Mountfield HK,Pardubice,3,3,1x2,0,home,ft,2.578,6
WvLzVa4l,Mountfield HK,Pardubice,3,3,1x2,0,draw,ft,4.072,6
WvLzVa4l,Mountfield HK,Pardubice,3,3,1x2,0,away,ft,2.285,6
WvLzVa4l,Mountfield HK,Pardubice,3,3,ou,2.50,over,ft,1.07,2
WvLzVa4l,Mountfield HK,Pardubice,3,3,ou,2.50,under,ft,6.0,2
WvLzVa4l,Mountfield HK,Pardubice,3,3,ou,2.75,over,ft,1.08,2
WvLzVa4l,Mountfield HK,Pardubice,3,3,ou,2.75,under,ft,7.85,2
WvLzVa4l,Mountfield HK,Pardubice,3,3,ou,3.00,over,ft,1.09,2
WvLzVa4l,Mountfield HK,Pardubice,3,3,ou,3.00,under,ft,5.45,2
WvLzVa4l,Mountfield HK,Pardubice,3,3,ou,3.25,over,ft,1.19,2
WvLzVa4l,Mountfield HK,Pardubice,3,3,ou,3.25,under,ft,4.24,2
WvLzVa4l,Mountfield HK,Pardubice,3,3,ou,3.50,over,ft,1.243,3
WvLzVa4l,Mountfield HK,Pardubice,3,3,ou,3.50,under,ft,3.42,3
WvLzVa4l,Mountfield HK,Pardubice,3,3,ou,3.75,over,ft,1.31,2
WvLzVa4l,Mountfield HK,Pardubice,3,3,ou,3.75,under,ft,3.17,2
WvLzVa4l,Mountfield HK,Pardubice,3,3,ou,4.00,over,ft,1.35,3
WvLzVa4l,Mountfield HK,Pardubice,3,3,ou,4.00,under,ft,2.93,3
WvLzVa4l,Mountfield HK,Pardubice,3,3,ou,4.25,over,ft,1.51,2
WvLzVa4l,Mountfield HK,Pardubice,3,3,ou,4.25,under,ft,2.39,2
WvLzVa4l,Mountfield HK,Pardubice,3,3,ou,4.50,over,ft,1.677,4
WvLzVa4l,Mountfield HK,Pardubice,3,3,ou,4.50,under,ft,2.145,4
WvLzVa4l,Mountfield HK,Pardubice,3,3,ou,4.75,over,ft,1.78,2
WvLzVa4l,Mountfield HK,Pardubice,3,3,ou,4.75,under,ft,1.93,2
WvLzVa4l,Mountfield HK,Pardubice,3,3,ou,5.00,over,ft,1.927,3
WvLzVa4l,Mountfield HK,Pardubice,3,3,ou,5.00,under,ft,1.803,3
WvLzVa4l,Mountfield HK,Pardubice,3,3,ou,5.25,over,ft,2.13,2
WvLzVa4l,Mountfield HK,Pardubice,3,3,ou,5.25,under,ft,1.64,2
WvLzVa4l,Mountfield HK,Pardubice,3,3,ou,5.50,over,ft,2.275,4
WvLzVa4l,Mountfield HK,Pardubice,3,3,ou,5.50,under,ft,1.552,4
WvLzVa4l,Mountfield HK,Pardubice,3,3,ou,5.75,over,ft,2.61,2
WvLzVa4l,Mountfield HK,Pardubice,3,3,ou,5.75,under,ft,1.43,2
WvLzVa4l,Mountfield HK,Pardubice,3,3,ou,6.00,over,ft,2.957,3
WvLzVa4l,Mountfield HK,Pardubice,3,3,ou,6.00,under,ft,1.317,3
WvLzVa4l,Mountfield HK,Pardubice,3,3,ou,6.25,over,ft,3.31,2
WvLzVa4l,Mountfield HK,Pardubice,3,3,ou,6.25,under,ft,1.29,2
WvLzVa4l,Mountfield HK,Pardubice,3,3,ou,6.50,over,ft,3.43,3
WvLzVa4l,Mountfield HK,Pardubice,3,3,ou,6.50,under,ft,1.233,3
WvLzVa4l,Mountfield HK,Pardubice,3,3,ou,7.00,over,ft,5.2,2
WvLzVa4l,Mountfield HK,Pardubice,3,3,ou,7.00,under,ft,1.14,2
WvLzVa4l,Mountfield HK,Pardubice,3,3,ou,7.50,over,ft,5.8,2
WvLzVa4l,Mountfield HK,Pardubice,3,3,ou,7.50,under,ft,1.11,2
WvLzVa4l,Mountfield HK,Pardubice,3,3,ou,8.50,over,ft,9.5,2
WvLzVa4l,Mountfield HK,Pardubice,3,3,ou,8.50,under,ft,1.04,2
WvLzVa4l,Mountfield HK,Pardubice,3,3,hc,0,home,ft,2.01,3
WvLzVa4l,Mountfield HK,Pardubice,3,3,hc,0,away,ft,1.77,3
WvLzVa4l,Mountfield HK,Pardubice,3,3,hc,0.75,home,ft,1.48,2
WvLzVa4l,Mountfield HK,Pardubice,3,3,hc,0.75,away,ft,2.47,2
WvLzVa4l,Mountfield HK,Pardubice,3,3,hc,-0.75,home,ft,2.845,2
WvLzVa4l,Mountfield HK,Pardubice,3,3,hc,-0.75,away,ft,1.43,2
WvLzVa4l,Mountfield HK,Pardubice,3,3,hc,1.00,home,ft,1.383,3
WvLzVa4l,Mountfield HK,Pardubice,3,3,hc,1.00,away,ft,2.77,3
WvLzVa4l,Mountfield HK,Pardubice,3,3,hc,-1.00,home,ft,3.2,3
WvLzVa4l,Mountfield HK,Pardubice,3,3,hc,-1.00,away,ft,1.29,3
WvLzVa4l,Mountfield HK,Pardubice,3,3,hc,1.25,home,ft,1.33,2
WvLzVa4l,Mountfield HK,Pardubice,3,3,hc,1.25,away,ft,3.02,2
WvLzVa4l,Mountfield HK,Pardubice,3,3,hc,-1.25,home,ft,3.26,2
WvLzVa4l,Mountfield HK,Pardubice,3,3,hc,-1.25,away,ft,1.29,2
WvLzVa4l,Mountfield HK,Pardubice,3,3,hc,1.50,home,ft,1.297,3
WvLzVa4l,Mountfield HK,Pardubice,3,3,hc,1.50,away,ft,3.093,3
WvLzVa4l,Mountfield HK,Pardubice,3,3,hc,-1.50,home,ft,3.53,3
WvLzVa4l,Mountfield HK,Pardubice,3,3,hc,-1.50,away,ft,1.223,3
WvLzVa4l,Mountfield HK,Pardubice,3,3,hc,1.75,home,ft,1.27,2
WvLzVa4l,Mountfield HK,Pardubice,3,3,hc,1.75,away,ft,3.38,2
WvLzVa4l,Mountfield HK,Pardubice,3,3,hc,2.00,home,ft,1.143,3
WvLzVa4l,Mountfield HK,Pardubice,3,3,hc,2.00,away,ft,4.323,3
WvLzVa4l,Mountfield HK,Pardubice,3,3,hc,-2.00,home,ft,5.35,2
WvLzVa4l,Mountfield HK,Pardubice,3,3,hc,-2.00,away,ft,1.09,2
WvLzVa4l,Mountfield HK,Pardubice,3,3,hc,2.50,home,ft,1.1,2
WvLzVa4l,Mountfield HK,Pardubice,3,3,hc,2.50,away,ft,5.05,2
WvLzVa4l,Mountfield HK,Pardubice,3,3,hc,-2.50,home,ft,5.4,2
WvLzVa4l,Mountfield HK,Pardubice,3,3,hc,-2.50,away,ft,1.09,2
WvLzVa4l,Mountfield HK,Pardubice,3,3,hc,3.00,home,ft,1.06,2
WvLzVa4l,Mountfield HK,Pardubice,3,3,hc,3.00,away,ft,8.2,2
WvLzVa4l,Mountfield HK,Pardubice,3,3,hc,-3.00,home,ft,10.5,2
WvLzVa4l,Mountfield HK,Pardubice,3,3,hc,-3.00,away,ft,1.03,2
WvLzVa4l,Mountfield HK,Pardubice,3,3,hc,3.50,home,ft,1.05,2
WvLzVa4l,Mountfield HK,Pardubice,3,3,hc,3.50,away,ft,8.8,2
WvLzVa4l,Mountfield HK,Pardubice,3,3,hc,-3.50,home,ft,11.0,2
WvLzVa4l,Mountfield HK,Pardubice,3,3,hc,-3.50,away,ft,1.02,2
WvLzVa4l,Mountfield HK,Pardubice,3,3,hc,0.25,home,ft,1.73,2
WvLzVa4l,Mountfield HK,Pardubice,3,3,hc,0.25,away,ft,1.99,2
WvLzVa4l,Mountfield HK,Pardubice,3,3,hc,-0.25,home,ft,2.22,2
WvLzVa4l,Mountfield HK,Pardubice,3,3,hc,-0.25,away,ft,1.59,2
0hb3m8KF,Mountfield HK,Pardubice,2,2,1x2,0,home,ft,2.64,6
0hb3m8KF,Mountfield HK,Pardubice,2,2,1x2,0,draw,ft,4.04,6
0hb3m8KF,Mountfield HK,Pardubice,2,2,1x2,0,away,ft,2.253,6
0hb3m8KF,Mountfield HK,Pardubice,2,2,ou,2.50,over,ft,1.06,2
0hb3m8KF,Mountfield HK,Pardubice,2,2,ou,2.50,under,ft,6.05,2
0hb3m8KF,Mountfield HK,Pardubice,2,2,ou,2.75,over,ft,1.08,2
0hb3m8KF,Mountfield HK,Pardubice,2,2,ou,2.75,under,ft,7.85,2
0hb3m8KF,Mountfield HK,Pardubice,2,2,ou,3.00,over,ft,1.09,2
0hb3m8KF,Mountfield HK,Pardubice,2,2,ou,3.00,under,ft,5.5,2
0hb3m8KF,Mountfield HK,Pardubice,2,2,ou,3.25,over,ft,1.18,2
0hb3m8KF,Mountfield HK,Pardubice,2,2,ou,3.25,under,ft,4.28,2
0hb3m8KF,Mountfield HK,Pardubice,2,2,ou,3.50,over,ft,1.25,3
0hb3m8KF,Mountfield HK,Pardubice,2,2,ou,3.50,under,ft,3.393,3
0hb3m8KF,Mountfield HK,Pardubice,2,2,ou,3.75,over,ft,1.31,2
0hb3m8KF,Mountfield HK,Pardubice,2,2,ou,3.75,under,ft,3.17,2
0hb3m8KF,Mountfield HK,Pardubice,2,2,ou,4.00,over,ft,1.357,3
0hb3m8KF,Mountfield HK,Pardubice,2,2,ou,4.00,under,ft,2.897,3
0hb3m8KF,Mountfield HK,Pardubice,2,2,ou,4.25,over,ft,1.5,2
0hb3m8KF,Mountfield HK,Pardubice,2,2,ou,4.25,under,ft,2.42,2
0hb3m8KF,Mountfield HK,Pardubice,2,2,ou,4.50,over,ft,1.68,4
0hb3m8KF,Mountfield HK,Pardubice,2,2,ou,4.50,under,ft,2.138,4
0hb3m8KF,Mountfield HK,Pardubice,2,2,ou,4.75,over,ft,1.77,2
0hb3m8KF,Mountfield HK,Pardubice,2,2,ou,4.75,under,ft,1.94,2
0hb3m8KF,Mountfield HK,Pardubice,2,2,ou,5.00,over,ft,1.94,3
0hb3m8KF,Mountfield HK,Pardubice,2,2,ou,5.00,under,ft,1.793,3
0hb3m8KF,Mountfield HK,Pardubice,2,2,ou,5.25,over,ft,2.11,2
0hb3m8KF,Mountfield HK,Pardubice,2,2,ou,5.25,under,ft,1.65,2
0hb3m8KF,Mountfield HK,Pardubice,2,2,ou,5.50,over,ft,2.28,4
0hb3m8KF,Mountfield HK,Pardubice,2,2,ou,5.50,under,ft,1.55,4
0hb3m8KF,Mountfield HK,Pardubice,2,2,ou,5.75,over,ft,2.58,2
0hb3m8KF,Mountfield HK,Pardubice,2,2,ou,5.75,under,ft,1.44,2
0hb3m8KF,Mountfield HK,Pardubice,2,2,ou,6.00,over,ft,2.99,3
0hb3m8KF,Mountfield HK,Pardubice,2,2,ou,6.00,under,ft,1.307,3
0hb3m8KF,Mountfield HK,Pardubice,2,2,ou,6.25,over,ft,3.31,2
0hb3m8KF,Mountfield HK,Pardubice,2,2,ou,6.25,under,ft,1.29,2
0hb3m8KF,Mountfield HK,Pardubice,2,2,ou,6.50,over,ft,3.443,3
0hb3m8KF,Mountfield HK,Pardubice,2,2,ou,6.50,under,ft,1.227,3
0hb3m8KF,Mountfield HK,Pardubice,2,2,hc,0,home,ft,2.08,2
0hb3m8KF,Mountfield HK,Pardubice,2,2,hc,0,away,ft,1.74,2
0hb3m8KF,Mountfield HK,Pardubice,2,2,hc,0.75,home,ft,1.51,2
0hb3m8KF,Mountfield HK,Pardubice,2,2,hc,0.75,away,ft,2.39,2
0hb3m8KF,Mountfield HK,Pardubice,2,2,hc,-0.75,home,ft,2.98,2
0hb3m8KF,Mountfield HK,Pardubice,2,2,hc,-0.75,away,ft,1.4,2
0hb3m8KF,Mountfield HK,Pardubice,2,2,hc,1.00,home,ft,1.403,3
0hb3m8KF,Mountfield HK,Pardubice,2,2,hc,1.00,away,ft,2.693,3
0hb3m8KF,Mountfield HK,Pardubice,2,2,hc,-1.00,home,ft,3.27,3
0hb3m8KF,Mountfield HK,Pardubice,2,2,hc,-1.00,away,ft,1.277,3
0hb3m8KF,Mountfield HK,Pardubice,2,2,hc,1.25,home,ft,1.37,2
0hb3m8KF,Mountfield HK,Pardubice,2,2,hc,1.25,away,ft,2.87,2
0hb3m8KF,Mountfield HK,Pardubice,2,2,hc,-1.25,home,ft,3.28,2
0hb3m8KF,Mountfield HK,Pardubice,2,2,hc,-1.25,away,ft,1.29,2
0hb3m8KF,Mountfield HK,Pardubice,2,2,hc,1.50,home,ft,1.307,3
0hb3m8KF,Mountfield HK,Pardubice,2,2,hc,1.50,away,ft,3.023,3
0hb3m8KF,Mountfield HK,Pardubice,2,2,hc,-1.50,home,ft,3.587,3
0hb3m8KF,Mountfield HK,Pardubice,2,2,hc,-1.50,away,ft,1.217,3
0hb3m8KF,Mountfield HK,Pardubice,2,2,hc,1.75,home,ft,1.31,2
0hb3m8KF,Mountfield HK,Pardubice,2,2,hc,1.75,away,ft,3.17,2
0hb3m8KF,Mountfield HK,Pardubice,2,2,hc,2.00,home,ft,1.147,3
0hb3m8KF,Mountfield HK,Pardubice,2,2,hc,2.00,away,ft,4.15,3
0hb3m8KF,Mountfield HK,Pardubice,2,2,hc,-2.00,home,ft,5.65,2
0hb3m8KF,Mountfield HK,Pardubice,2,2,hc,-2.00,away,ft,1.08,2
0hb3m8KF,Mountfield HK,Pardubice,2,2,hc,2.50,home,ft,1.11,2
0hb3m8KF,Mountfield HK,Pardubice,2,2,hc,2.50,away,ft,4.8,2
0hb3m8KF,Mountfield HK,Pardubice,2,2,hc,-2.50,home,ft,5.4,2
0hb3m8KF,Mountfield HK,Pardubice,2,2,hc,-2.50,away,ft,1.09,2
0hb3m8KF,Mountfield HK,Pardubice,2,2,hc,0.25,home,ft,1.78,2
0hb3m8KF,Mountfield HK,Pardubice,2,2,hc,0.25,away,ft,1.93,2
0hb3m8KF,Mountfield HK,Pardubice,2,2,hc,-0.25,home,ft,2.3,2
0hb3m8KF,Mountfield HK,Pardubice,2,2,hc,-0.25,away,ft,1.55,2
bTH8RQcd,Sparta Prague,Kometa Brno,3,3,1x2,0,home,ft,1.497,6
bTH8RQcd,Sparta Prague,Kometa Brno,3,3,1x2,0,draw,ft,4.79,6
bTH8RQcd,Sparta Prague,Kometa Brno,3,3,1x2,0,away,ft,5.09,6
bTH8RQcd,Sparta Prague,Kometa Brno,3,3,ou,2.50,over,ft,1.08,2
bTH8RQcd,Sparta Prague,Kometa Brno,3,3,ou,2.50,under,ft,5.55,2
bTH8RQcd,Sparta Prague,Kometa Brno,3,3,ou,2.75,over,ft,1.1,2
bTH8RQcd,Sparta Prague,Kometa Brno,3,3,ou,2.75,under,ft,6.965,2
bTH8RQcd,Sparta Prague,Kometa Brno,3,3,ou,3.00,over,ft,1.1,2
bTH8RQcd,Sparta Prague,Kometa Brno,3,3,ou,3.00,under,ft,5.05,2
bTH8RQcd,Sparta Prague,Kometa Brno,3,3,ou,3.25,over,ft,1.21,2
bTH8RQcd,Sparta Prague,Kometa Brno,3,3,ou,3.25,under,ft,3.97,2
bTH8RQcd,Sparta Prague,Kometa Brno,3,3,ou,3.50,over,ft,1.257,3
bTH8RQcd,Sparta Prague,Kometa Brno,3,3,ou,3.50,under,ft,3.327,3
bTH8RQcd,Sparta Prague,Kometa Brno,3,3,ou,3.75,over,ft,1.33,2
bTH8RQcd,Sparta Prague,Kometa Brno,3,3,ou,3.75,under,ft,3.06,2
bTH8RQcd,Sparta Prague,Kometa Brno,3,3,ou,4.00,over,ft,1.38,2
bTH8RQcd,Sparta Prague,Kometa Brno,3,3,ou,4.00,under,ft,2.81,2
bTH8RQcd,Sparta Prague,Kometa Brno,3,3,ou,4.25,over,ft,1.52,2
bTH8RQcd,Sparta Prague,Kometa Brno,3,3,ou,4.25,under,ft,2.36,2
bTH8RQcd,Sparta Prague,Kometa Brno,3,3,ou,4.50,over,ft,1.682,4
bTH8RQcd,Sparta Prague,Kometa Brno,3,3,ou,4.50,under,ft,2.135,4
bTH8RQcd,Sparta Prague,Kometa Brno,3,3,ou,4.75,over,ft,1.8,2
bTH8RQcd,Sparta Prague,Kometa Brno,3,3,ou,4.75,under,ft,1.91,2
bTH8RQcd,Sparta Prague,Kometa Brno,3,3,ou,5.00,over,ft,1.97,2
bTH8RQcd,Sparta Prague,Kometa Brno,3,3,ou,5.00,under,ft,1.75,2
bTH8RQcd,Sparta Prague,Kometa Brno,3,3,ou,5.25,over,ft,2.15,2
bTH8RQcd,Sparta Prague,Kometa Brno,3,3,ou,5.25,under,ft,1.62,2
bTH8RQcd,Sparta Prague,Kometa Brno,3,3,ou,5.50,over,ft,2.285,4
bTH8RQcd,Sparta Prague,Kometa Brno,3,3,ou,5.50,under,ft,1.548,4
bTH8RQcd,Sparta Prague,Kometa Brno,3,3,ou,5.75,over,ft,2.61,2
bTH8RQcd,Sparta Prague,Kometa Brno,3,3,ou,5.75,under,ft,1.43,2
bTH8RQcd,Sparta Prague,Kometa Brno,3,3,ou,6.00,over,ft,2.98,2
bTH8RQcd,Sparta Prague,Kometa Brno,3,3,ou,6.00,under,ft,1.3,2
bTH8RQcd,Sparta Prague,Kometa Brno,3,3,ou,6.25,over,ft,3.3,2
bTH8RQcd,Sparta Prague,Kometa Brno,3,3,ou,6.25,under,ft,1.29,2
bTH8RQcd,Sparta Prague,Kometa Brno,3,3,ou,6.50,over,ft,3.35,3
bTH8RQcd,Sparta Prague,Kometa Brno,3,3,ou,6.50,under,ft,1.243,3
bTH8RQcd,Sparta Prague,Kometa Brno,3,3,ou,7.00,over,ft,4.6,2
bTH8RQcd,Sparta Prague,Kometa Brno,3,3,ou,7.00,under,ft,1.17,2
bTH8RQcd,Sparta Prague,Kometa Brno,3,3,ou,7.50,over,ft,5.2,2
bTH8RQcd,Sparta Prague,Kometa Brno,3,3,ou,7.50,under,ft,1.14,2
bTH8RQcd,Sparta Prague,Kometa Brno,3,3,ou,8.00,over,ft,7.9,2
bTH8RQcd,Sparta Prague,Kometa Brno,3,3,ou,8.00,under,ft,1.06,2
bTH8RQcd,Sparta Prague,Kometa Brno,3,3,ou,8.50,over,ft,8.4,2
bTH8RQcd,Sparta Prague,Kometa Brno,3,3,ou,8.50,under,ft,1.05,2
bTH8RQcd,Sparta Prague,Kometa Brno,3,3,hc,0,home,ft,1.193,3
bTH8RQcd,Sparta Prague,Kometa Brno,3,3,hc,0,away,ft,3.79,3
bTH8RQcd,Sparta Prague,Kometa Brno,3,3,hc,-0.75,home,ft,1.52,2
bTH8RQcd,Sparta Prague,Kometa Brno,3,3,hc,-0.75,away,ft,2.37,2
bTH8RQcd,Sparta Prague,Kometa Brno,3,3,hc,1.00,home,ft,1.05,2
bTH8RQcd,Sparta Prague,Kometa Brno,3,3,hc,1.00,away,ft,6.65,2
bTH8RQcd,Sparta Prague,Kometa Brno,3,3,hc,-1.00,home,ft,1.61,3
bTH8RQcd,Sparta Prague,Kometa Brno,3,3,hc,-1.00,away,ft,2.203,3
bTH8RQcd,Sparta Prague,Kometa Brno,3,3,hc,-1.25,home,ft,1.71,2
bTH8RQcd,Sparta Prague,Kometa Brno,3,3,hc,-1.25,away,ft,2.02,2
bTH8RQcd,Sparta Prague,Kometa Brno,3,3,hc,1.50,home,ft,1.06,2
bTH8RQcd,Sparta Prague,Kometa Brno,3,3,hc,1.50,away,ft,6.15,2
bTH8RQcd,Sparta Prague,Kometa Brno,3,3,hc,-1.50,home,ft,1.89,3
bTH8RQcd,Sparta Prague,Kometa Brno,3,3,hc,-1.50,away,ft,1.897,3
bTH8RQcd,Sparta Prague,Kometa Brno,3,3,hc,-1.75,home,ft,1.98,2
bTH8RQcd,Sparta Prague,Kometa Brno,3,3,hc,-1.75,away,ft,1.74,2
bTH8RQcd,Sparta Prague,Kometa Brno,3,3,hc,2.00,home,ft,1.03,2
bTH8RQcd,Sparta Prague,Kometa Brno,3,3,hc,2.00,away,ft,10.5,2
bTH8RQcd,Sparta Prague,Kometa Brno,3,3,hc,-2.00,home,ft,2.263,3
bTH8RQcd,Sparta Prague,Kometa Brno,3,3,hc,-2.00,away,ft,1.577,3
bTH8RQcd,Sparta Prague,Kometa Brno,3,3,hc,-2.25,home,ft,2.46,2
bTH8RQcd,Sparta Prague,Kometa Brno,3,3,hc,-2.25,away,ft,1.55,2
bTH8RQcd,Sparta Prague,Kometa Brno,3,3,hc,2.50,home,ft,1.02,2
bTH8RQcd,Sparta Prague,Kometa Brno,3,3,hc,2.50,away,ft,11.0,2
bTH8RQcd,Sparta Prague,Kometa Brno,3,3,hc,-2.50,home,ft,2.6,3
bTH8RQcd,Sparta Prague,Kometa Brno,3,3,hc,-2.50,away,ft,1.423,3
bTH8RQcd,Sparta Prague,Kometa Brno,3,3,hc,-2.75,home,ft,3.07,2
bTH8RQcd,Sparta Prague,Kometa Brno,3,3,hc,-2.75,away,ft,1.33,2
bTH8RQcd,Sparta Prague,Kometa Brno,3,3,hc,-3.00,home,ft,3.867,3
bTH8RQcd,Sparta Prague,Kometa Brno,3,3,hc,-3.00,away,ft,1.17,3
bTH8RQcd,Sparta Prague,Kometa Brno,3,3,hc,-3.50,home,ft,4.5,2
bTH8RQcd,Sparta Prague,Kometa Brno,3,3,hc,-3.50,away,ft,1.13,2
bTH8RQcd,Sparta Prague,Kometa Brno,3,3,hc,-4.00,home,ft,7.6,2
bTH8RQcd,Sparta Prague,Kometa Brno,3,3,hc,-4.00,away,ft,1.07,2
bTH8RQcd,Sparta Prague,Kometa Brno,3,3,hc,-4.50,home,ft,8.2,2
bTH8RQcd,Sparta Prague,Kometa Brno,3,3,hc,-4.50,away,ft,1.06,2
bTH8RQcd,Sparta Prague,Kometa Brno,3,3,hc,0.25,home,ft,1.22,2
bTH8RQcd,Sparta Prague,Kometa Brno,3,3,hc,0.25,away,ft,3.8,2
bTH8RQcd,Sparta Prague,Kometa Brno,3,3,hc,-0.25,home,ft,1.33,2
bTH8RQcd,Sparta Prague,Kometa Brno,3,3,hc,-0.25,away,ft,3.02,2
xETaTnTq,Sparta Prague,Kometa Brno,2,2,1x2,0,home,ft,1.545,6
xETaTnTq,Sparta Prague,Kometa Brno,2,2,1x2,0,draw,ft,4.723,6
xETaTnTq,Sparta Prague,Kometa Brno,2,2,1x2,0,away,ft,4.682,6
xETaTnTq,Sparta Prague,Kometa Brno,2,2,ou,2.50,over,ft,1.06,2
xETaTnTq,Sparta Prague,Kometa Brno,2,2,ou,2.50,under,ft,6.25,2
xETaTnTq,Sparta Prague,Kometa Brno,2,2,ou,2.75,over,ft,1.07,2
xETaTnTq,Sparta Prague,Kometa Brno,2,2,ou,2.75,under,ft,8.2,2
xETaTnTq,Sparta Prague,Kometa Brno,2,2,ou,3.00,over,ft,1.08,2
xETaTnTq,Sparta Prague,Kometa Brno,2,2,ou,3.00,under,ft,5.65,2
xETaTnTq,Sparta Prague,Kometa Brno,2,2,ou,3.25,over,ft,1.17,2
xETaTnTq,Sparta Prague,Kometa Brno,2,2,ou,3.25,under,ft,4.39,2
xETaTnTq,Sparta Prague,Kometa Brno,2,2,ou,3.50,over,ft,1.207,3
xETaTnTq,Sparta Prague,Kometa Brno,2,2,ou,3.50,under,ft,3.613,3
xETaTnTq,Sparta Prague,Kometa Brno,2,2,ou,3.75,over,ft,1.26,2
xETaTnTq,Sparta Prague,Kometa Brno,2,2,ou,3.75,under,ft,3.82,2
xETaTnTq,Sparta Prague,Kometa Brno,2,2,ou,4.00,over,ft,1.287,3
xETaTnTq,Sparta Prague,Kometa Brno,2,2,ou,4.00,under,ft,3.09,3
xETaTnTq,Sparta Prague,Kometa Brno,2,2,ou,4.25,over,ft,1.45,2
xETaTnTq,Sparta Prague,Kometa Brno,2,2,ou,4.25,under,ft,2.59,2
xETaTnTq,Sparta Prague,Kometa Brno,2,2,ou,4.50,over,ft,1.575,4
xETaTnTq,Sparta Prague,Kometa Brno,2,2,ou,4.50,under,ft,2.235,4
xETaTnTq,Sparta Prague,Kometa Brno,2,2,ou,4.75,over,ft,1.67,2
xETaTnTq,Sparta Prague,Kometa Brno,2,2,ou,4.75,under,ft,2.08,2
xETaTnTq,Sparta Prague,Kometa Brno,2,2,ou,5.00,over,ft,1.827,3
xETaTnTq,Sparta Prague,Kometa Brno,2,2,ou,5.00,under,ft,1.903,3
xETaTnTq,Sparta Prague,Kometa Brno,2,2,ou,5.25,over,ft,1.98,2
xETaTnTq,Sparta Prague,Kometa Brno,2,2,ou,5.25,under,ft,1.74,2
xETaTnTq,Sparta Prague,Kometa Brno,2,2,ou,5.50,over,ft,2.185,4
xETaTnTq,Sparta Prague,Kometa Brno,2,2,ou,5.50,under,ft,1.655,4
xETaTnTq,Sparta Prague,Kometa Brno,2,2,ou,5.75,over,ft,2.42,2
xETaTnTq,Sparta Prague,Kometa Brno,2,2,ou,5.75,under,ft,1.5,2
xETaTnTq,Sparta Prague,Kometa Brno,2,2,ou,6.00,over,ft,2.82,3
xETaTnTq,Sparta Prague,Kometa Brno,2,2,ou,6.00,under,ft,1.373,3
xETaTnTq,Sparta Prague,Kometa Brno,2,2,ou,6.25,over,ft,3.01,2
xETaTnTq,Sparta Prague,Kometa Brno,2,2,ou,6.25,under,ft,1.34,2
xETaTnTq,Sparta Prague,Kometa Brno,2,2,ou,6.50,over,ft,3.22,3
xETaTnTq,Sparta Prague,Kometa Brno,2,2,ou,6.50,under,ft,1.277,3
xETaTnTq,Sparta Prague,Kometa Brno,2,2,ou,6.75,over,ft,3.75,2
xETaTnTq,Sparta Prague,Kometa Brno,2,2,ou,6.75,under,ft,1.23,2
xETaTnTq,Sparta Prague,Kometa Brno,2,2,ou,7.00,over,ft,4.25,3
xETaTnTq,Sparta Prague,Kometa Brno,2,2,ou,7.00,under,ft,1.14,3
xETaTnTq,Sparta Prague,Kometa Brno,2,2,ou,7.25,over,ft,5.28,2
xETaTnTq,Sparta Prague,Kometa Brno,2,2,ou,7.25,under,ft,1.12,2
xETaTnTq,Sparta Prague,Kometa Brno,2,2,ou,7.50,over,ft,5.05,2
xETaTnTq,Sparta Prague,Kometa Brno,2,2,ou,7.50,under,ft,1.1,2
xETaTnTq,Sparta Prague,Kometa Brno,2,2,hc,0,home,ft,1.21,2
xETaTnTq,Sparta Prague,Kometa Brno,2,2,hc,0,away,ft,3.68,2
xETaTnTq,Sparta Prague,Kometa Brno,2,2,hc,-0.75,home,ft,1.57,2
xETaTnTq,Sparta Prague,Kometa Brno,2,2,hc,-0.75,away,ft,2.26,2
xETaTnTq,Sparta Prague,Kometa Brno,2,2,hc,1.00,home,ft,1.05,2
xETaTnTq,Sparta Prague,Kometa Brno,2,2,hc,1.00,away,ft,6.6,2
xETaTnTq,Sparta Prague,Kometa Brno,2,2,hc,-1.00,home,ft,1.66,3
xETaTnTq,Sparta Prague,Kometa Brno,2,2,hc,-1.00,away,ft,2.113,3
xETaTnTq,Sparta Prague,Kometa Brno,2,2,hc,-1.25,home,ft,1.78,2
xETaTnTq,Sparta Prague,Kometa Brno,2,2,hc,-1.25,away,ft,1.93,2
xETaTnTq,Sparta Prague,Kometa Brno,2,2,hc,1.50,home,ft,1.05,2
xETaTnTq,Sparta Prague,Kometa Brno,2,2,hc,1.50,away,ft,6.75,2
xETaTnTq,Sparta Prague,Kometa Brno,2,2,hc,-1.50,home,ft,1.94,3
xETaTnTq,Sparta Prague,Kometa Brno,2,2,hc,-1.50,away,ft,1.847,3
xETaTnTq,Sparta Prague,Kometa Brno,2,2,hc,-1.75,home,ft,2.08,2
xETaTnTq,Sparta Prague,Kometa Brno,2,2,hc,-1.75,away,ft,1.67,2
xETaTnTq,Sparta Prague,Kometa Brno,2,2,hc,-2.00,home,ft,2.323,3
xETaTnTq,Sparta Prague,Kometa Brno,2,2,hc,-2.00,away,ft,1.547,3
xETaTnTq,Sparta Prague,Kometa Brno,2,2,hc,-2.25,home,ft,2.6,2
xETaTnTq,Sparta Prague,Kometa Brno,2,2,hc,-2.25,away,ft,1.5,2
xETaTnTq,Sparta Prague,Kometa Brno,2,2,hc,-2.50,home,ft,2.663,3
xETaTnTq,Sparta Prague,Kometa Brno,2,2,hc,-2.50,away,ft,1.403,3
xETaTnTq,Sparta Prague,Kometa Brno,2,2,hc,-2.75,home,ft,3.26,2
xETaTnTq,Sparta Prague,Kometa Brno,2,2,hc,-2.75,away,ft,1.3,2
xETaTnTq,Sparta Prague,Kometa Brno,2,2,hc,-3.00,home,ft,4.107,3
xETaTnTq,Sparta Prague,Kometa Brno,2,2,hc,-3.00,away,ft,1.16,3
xETaTnTq,Sparta Prague,Kometa Brno,2,2,hc,-3.50,home,ft,4.95,2
xETaTnTq,Sparta Prague,Kometa Brno,2,2,hc,-3.50,away,ft,1.11,2
xETaTnTq,Sparta Prague,Kometa Brno,2,2,hc,0.25,home,ft,1.21,2
xETaTnTq,Sparta Prague,Kometa Brno,2,2,hc,0.25,away,ft,3.99,2
xETaTnTq,Sparta Prague,Kometa Brno,2,2,hc,-0.25,home,ft,1.37,2
xETaTnTq,Sparta Prague,Kometa Brno,2,2,hc,-0.25,away,ft,2.88,2
6garC5FE,Mountfield HK,Mlada Boleslav,3,3,1x2,0,home,ft,1.848,6
6garC5FE,Mountfield HK,Mlada Boleslav,3,3,1x2,0,draw,ft,4.215,6
6garC5FE,Mountfield HK,Mlada Boleslav,3,3,1x2,0,away,ft,3.425,6
6garC5FE,Mountfield HK,Mlada Boleslav,3,3,ou,2.50,over,ft,1.09,2
6garC5FE,Mountfield HK,Mlada Boleslav,3,3,ou,2.50,under,ft,5.4,2
6garC5FE,Mountfield HK,Mlada Boleslav,3,3,ou,3.00,over,ft,1.15,2
6garC5FE,Mountfield HK,Mlada Boleslav,3,3,ou,3.00,under,ft,4.25,2
6garC5FE,Mountfield HK,Mlada Boleslav,3,3,ou,3.25,over,ft,1.31,2
6garC5FE,Mountfield HK,Mlada Boleslav,3,3,ou,3.25,under,ft,3.43,2
6garC5FE,Mountfield HK,Mlada Boleslav,3,3,ou,3.50,over,ft,1.313,3
6garC5FE,Mountfield HK,Mlada Boleslav,3,3,ou,3.50,under,ft,3.073,3
6garC5FE,Mountfield HK,Mlada Boleslav,3,3,ou,3.75,over,ft,1.42,2
6garC5FE,Mountfield HK,Mlada Boleslav,3,3,ou,3.75,under,ft,2.89,2
6garC5FE,Mountfield HK,Mlada Boleslav,3,3,ou,4.00,over,ft,1.513,3
6garC5FE,Mountfield HK,Mlada Boleslav,3,3,ou,4.00,under,ft,2.4,3
6garC5FE,Mountfield HK,Mlada Boleslav,3,3,ou,4.25,over,ft,1.61,2
6garC5FE,Mountfield HK,Mlada Boleslav,3,3,ou,4.25,under,ft,2.15,2
6garC5FE,Mountfield HK,Mlada Boleslav,3,3,ou,4.50,over,ft,1.818,4
6garC5FE,Mountfield HK,Mlada Boleslav,3,3,ou,4.50,under,ft,1.945,4
6garC5FE,Mountfield HK,Mlada Boleslav,3,3,ou,4.75,over,ft,1.92,2
6garC5FE,Mountfield HK,Mlada Boleslav,3,3,ou,4.75,under,ft,1.77,2
6garC5FE,Mountfield HK,Mlada Boleslav,3,3,ou,5.00,over,ft,2.317,3
6garC5FE,Mountfield HK,Mlada Boleslav,3,3,ou,5.00,under,ft,1.56,3
6garC5FE,Mountfield HK,Mlada Boleslav,3,3,ou,5.25,over,ft,2.33,2
6garC5FE,Mountfield HK,Mlada Boleslav,3,3,ou,5.25,under,ft,1.52,2
6garC5FE,Mountfield HK,Mlada Boleslav,3,3,ou,5.50,over,ft,2.55,4
6garC5FE,Mountfield HK,Mlada Boleslav,3,3,ou,5.50,under,ft,1.445,4
6garC5FE,Mountfield HK,Mlada Boleslav,3,3,ou,5.75,over,ft,2.91,2
6garC5FE,Mountfield HK,Mlada Boleslav,3,3,ou,5.75,under,ft,1.35,2
6garC5FE,Mountfield HK,Mlada Boleslav,3,3,ou,6.00,over,ft,3.763,3
6garC5FE,Mountfield HK,Mlada Boleslav,3,3,ou,6.00,under,ft,1.197,3
6garC5FE,Mountfield HK,Mlada Boleslav,3,3,ou,6.50,over,ft,3.907,3
6garC5FE,Mountfield HK,Mlada Boleslav,3,3,ou,6.50,under,ft,1.17,3
6garC5FE,Mountfield HK,Mlada Boleslav,3,3,ou,7.00,over,ft,7.2,2
6garC5FE,Mountfield HK,Mlada Boleslav,3,3,ou,7.00,under,ft,1.07,2
6garC5FE,Mountfield HK,Mlada Boleslav,3,3,ou,7.50,over,ft,6.45,2
6garC5FE,Mountfield HK,Mlada Boleslav,3,3,ou,7.50,under,ft,1.05,2
6garC5FE,Mountfield HK,Mlada Boleslav,3,3,ou,8.50,over,ft,9.0,2
6garC5FE,Mountfield HK,Mlada Boleslav,3,3,hc,0,home,ft,1.457,3
6garC5FE,Mountfield HK,Mlada Boleslav,3,3,hc,0,away,ft,2.517,3
6garC5FE,Mountfield HK,Mlada Boleslav,3,3,hc,0.75,home,ft,1.25,2
6garC5FE,Mountfield HK,Mlada Boleslav,3,3,hc,0.75,away,ft,3.46,2
6garC5FE,Mountfield HK,Mlada Boleslav,3,3,hc,-0.75,home,ft,1.92,2
6garC5FE,Mountfield HK,Mlada Boleslav,3,3,hc,-0.75,away,ft,1.77,2
6garC5FE,Mountfield HK,Mlada Boleslav,3,3,hc,1.00,home,ft,1.133,3
6garC5FE,Mountfield HK,Mlada Boleslav,3,3,hc,1.00,away,ft,4.32,3
6garC5FE,Mountfield HK,Mlada Boleslav,3,3,hc,-1.00,home,ft,2.15,3
6garC5FE,Mountfield HK,Mlada Boleslav,3,3,hc,-1.00,away,ft,1.683,3
6garC5FE,Mountfield HK,Mlada Boleslav,3,3,hc,-1.25,home,ft,2.28,2
6garC5FE,Mountfield HK,Mlada Boleslav,3,3,hc,-1.25,away,ft,1.54,2
6garC5FE,Mountfield HK,Mlada Boleslav,3,3,hc,1.50,home,ft,1.1,2
6garC5FE,Mountfield HK,Mlada Boleslav,3,3,hc,1.50,away,ft,5.1,2
6garC5FE,Mountfield HK,Mlada Boleslav,3,3,hc,-1.50,home,ft,2.44,3
6garC5FE,Mountfield HK,Mlada Boleslav,3,3,hc,-1.50,away,ft,1.497,3
6garC5FE,Mountfield HK,Mlada Boleslav,3,3,hc,-1.75,home,ft,2.91,2
6garC5FE,Mountfield HK,Mlada Boleslav,3,3,hc,-1.75,away,ft,1.41,2
6garC5FE,Mountfield HK,Mlada Boleslav,3,3,hc,2.00,home,ft,1.03,2
6garC5FE,Mountfield HK,Mlada Boleslav,3,3,hc,2.00,away,ft,7.3,2
6garC5FE,Mountfield HK,Mlada Boleslav,3,3,hc,-2.00,home,ft,3.197,3
6garC5FE,Mountfield HK,Mlada Boleslav,3,3,hc,-2.00,away,ft,1.283,3
6garC5FE,Mountfield HK,Mlada Boleslav,3,3,hc,2.50,home,ft,1.02,2
6garC5FE,Mountfield HK,Mlada Boleslav,3,3,hc,2.50,away,ft,7.8,2
6garC5FE,Mountfield HK,Mlada Boleslav,3,3,hc,-2.50,home,ft,3.62,3
6garC5FE,Mountfield HK,Mlada Boleslav,3,3,hc,-2.50,away,ft,1.207,3
6garC5FE,Mountfield HK,Mlada Boleslav,3,3,hc,-3.00,home,ft,6.75,2
6garC5FE,Mountfield HK,Mlada Boleslav,3,3,hc,-3.00,away,ft,1.04,2
6garC5FE,Mountfield HK,Mlada Boleslav,3,3,hc,-3.50,home,ft,8.2,2
6garC5FE,Mountfield HK,Mlada Boleslav,3,3,hc,-3.50,away,ft,1.05,2
6garC5FE,Mountfield HK,Mlada Boleslav,3,3,hc,0.25,home,ft,1.34,2
6garC5FE,Mountfield HK,Mlada Boleslav,3,3,hc,0.25,away,ft,2.96,2
6garC5FE,Mountfield HK,Mlada Boleslav,3,3,hc,-0.25,home,ft,1.61,2
6garC5FE,Mountfield HK,Mlada Boleslav,3,3,hc,-0.25,away,ft,2.16,2
jHaNGxft,Karlovy Vary,Kometa Brno,0,0,1x2,0,home,ft,2.192,6
jHaNGxft,Karlovy Vary,Kometa Brno,0,0,1x2,0,draw,ft,3.987,6
jHaNGxft,Karlovy Vary,Kometa Brno,0,0,1x2,0,away,ft,2.747,6
jHaNGxft,Karlovy Vary,Kometa Brno,0,0,ou,2.50,over,ft,1.09,2
jHaNGxft,Karlovy Vary,Kometa Brno,0,0,ou,2.50,under,ft,5.45,2
jHaNGxft,Karlovy Vary,Kometa Brno,0,0,ou,3.00,over,ft,1.13,2
jHaNGxft,Karlovy Vary,Kometa Brno,0,0,ou,3.00,under,ft,5.4,2
jHaNGxft,Karlovy Vary,Kometa Brno,0,0,ou,3.50,over,ft,1.317,3
jHaNGxft,Karlovy Vary,Kometa Brno,0,0,ou,3.50,under,ft,3.057,3
jHaNGxft,Karlovy Vary,Kometa Brno,0,0,ou,3.75,over,ft,1.4,2
jHaNGxft,Karlovy Vary,Kometa Brno,0,0,ou,3.75,under,ft,2.96,2
jHaNGxft,Karlovy Vary,Kometa Brno,0,0,ou,4.00,over,ft,1.453,3
jHaNGxft,Karlovy Vary,Kometa Brno,0,0,ou,4.00,under,ft,2.603,3
jHaNGxft,Karlovy Vary,Kometa Brno,0,0,ou,4.25,over,ft,1.59,2
jHaNGxft,Karlovy Vary,Kometa Brno,0,0,ou,4.25,under,ft,2.19,2
jHaNGxft,Karlovy Vary,Kometa Brno,0,0,ou,4.50,over,ft,1.802,4
jHaNGxft,Karlovy Vary,Kometa Brno,0,0,ou,4.50,under,ft,1.972,4
jHaNGxft,Karlovy Vary,Kometa Brno,0,0,ou,4.75,over,ft,1.9,2
jHaNGxft,Karlovy Vary,Kometa Brno,0,0,ou,4.75,under,ft,1.79,2
jHaNGxft,Karlovy Vary,Kometa Brno,0,0,ou,5.00,over,ft,2.143,3
jHaNGxft,Karlovy Vary,Kometa Brno,0,0,ou,5.00,under,ft,1.663,3
jHaNGxft,Karlovy Vary,Kometa Brno,0,0,ou,5.25,over,ft,2.31,2
jHaNGxft,Karlovy Vary,Kometa Brno,0,0,ou,5.25,under,ft,1.53,2
jHaNGxft,Karlovy Vary,Kometa Brno,0,0,ou,5.50,over,ft,2.5,4
jHaNGxft,Karlovy Vary,Kometa Brno,0,0,ou,5.50,under,ft,1.465,4
jHaNGxft,Karlovy Vary,Kometa Brno,0,0,ou,5.75,over,ft,2.86,2
jHaNGxft,Karlovy Vary,Kometa Brno,0,0,ou,5.75,under,ft,1.36,2
jHaNGxft,Karlovy Vary,Kometa Brno,0,0,ou,6.00,over,ft,3.42,3
jHaNGxft,Karlovy Vary,Kometa Brno,0,0,ou,6.00,under,ft,1.273,3
jHaNGxft,Karlovy Vary,Kometa Brno,0,0,ou,6.50,over,ft,3.87,3
jHaNGxft,Karlovy Vary,Kometa Brno,0,0,ou,6.50,under,ft,1.177,3
jHaNGxft,Karlovy Vary,Kometa Brno,0,0,ou,7.00,over,ft,5.8,2
jHaNGxft,Karlovy Vary,Kometa Brno,0,0,ou,7.00,under,ft,1.11,2
jHaNGxft,Karlovy Vary,Kometa Brno,0,0,ou,7.50,over,ft,6.3,2
jHaNGxft,Karlovy Vary,Kometa Brno,0,0,ou,7.50,under,ft,1.06,2
jHaNGxft,Karlovy Vary,Kometa Brno,0,0,ou,8.00,over,ft,10.0,2
jHaNGxft,Karlovy Vary,Kometa Brno,0,0,ou,8.00,under,ft,1.03,2
jHaNGxft,Karlovy Vary,Kometa Brno,0,0,ou,8.50,over,ft,11.0,2
jHaNGxft,Karlovy Vary,Kometa Brno,0,0,ou,8.50,under,ft,1.02,2
jHaNGxft,Karlovy Vary,Kometa Brno,0,0,hc,0,home,ft,1.723,3
jHaNGxft,Karlovy Vary,Kometa Brno,0,0,hc,0,away,ft,2.08,3
jHaNGxft,Karlovy Vary,Kometa Brno,0,0,hc,-0.75,home,ft,2.33,2
jHaNGxft,Karlovy Vary,Kometa Brno,0,0,hc,-0.75,away,ft,1.52,2
jHaNGxft,Karlovy Vary,Kometa Brno,0,0,hc,0.75,home,ft,1.33,2
jHaNGxft,Karlovy Vary,Kometa Brno,0,0,hc,0.75,away,ft,3.02,2
jHaNGxft,Karlovy Vary,Kometa Brno,0,0,hc,-1.00,home,ft,2.63,3
jHaNGxft,Karlovy Vary,Kometa Brno,0,0,hc,-1.00,away,ft,1.423,3
jHaNGxft,Karlovy Vary,Kometa Brno,0,0,hc,1.00,home,ft,1.24,3
jHaNGxft,Karlovy Vary,Kometa Brno,0,0,hc,1.00,away,ft,3.513,3
jHaNGxft,Karlovy Vary,Kometa Brno,0,0,hc,-1.25,home,ft,2.98,2
jHaNGxft,Karlovy Vary,Kometa Brno,0,0,hc,-1.25,away,ft,1.4,2
jHaNGxft,Karlovy Vary,Kometa Brno,0,0,hc,-1.50,home,ft,2.96,3
jHaNGxft,Karlovy Vary,Kometa Brno,0,0,hc,-1.50,away,ft,1.323,3
jHaNGxft,Karlovy Vary,Kometa Brno,0,0,hc,1.50,home,ft,1.183,3
jHaNGxft,Karlovy Vary,Kometa Brno,0,0,hc,1.50,away,ft,3.847,3
jHaNGxft,Karlovy Vary,Kometa Brno,0,0,hc,-2.00,home,ft,4.103,3
jHaNGxft,Karlovy Vary,Kometa Brno,0,0,hc,-2.00,away,ft,1.16,3
jHaNGxft,Karlovy Vary,Kometa Brno,0,0,hc,2.00,home,ft,1.06,2
jHaNGxft,Karlovy Vary,Kometa Brno,0,0,hc,2.00,away,ft,6.05,2
jHaNGxft,Karlovy Vary,Kometa Brno,0,0,hc,-2.50,home,ft,4.8,2
jHaNGxft,Karlovy Vary,Kometa Brno,0,0,hc,-2.50,away,ft,1.11,2
jHaNGxft,Karlovy Vary,Kometa Brno,0,0,hc,2.50,home,ft,1.08,2
jHaNGxft,Karlovy Vary,Kometa Brno,0,0,hc,2.50,away,ft,6.9,2
jHaNGxft,Karlovy Vary,Kometa Brno,0,0,hc,-3.00,home,ft,9.9,2
jHaNGxft,Karlovy Vary,Kometa Brno,0,0,hc,-3.00,away,ft,1.03,2
jHaNGxft,Karlovy Vary,Kometa Brno,0,0,hc,-3.50,home,ft,10.5,2
jHaNGxft,Karlovy Vary,Kometa Brno,0,0,hc,-3.50,away,ft,1.02,2
jHaNGxft,Karlovy Vary,Kometa Brno,0,0,hc,-0.25,home,ft,1.89,2
jHaNGxft,Karlovy Vary,Kometa Brno,0,0,hc,-0.25,away,ft,1.8,2
jHaNGxft,Karlovy Vary,Kometa Brno,0,0,hc,0.25,home,ft,1.51,2
jHaNGxft,Karlovy Vary,Kometa Brno,0,0,hc,0.25,away,ft,2.35,2
rDNZGC8M,Mlada Boleslav,Mountfield HK,6,6,1x2,0,home,ft,2.393,6
rDNZGC8M,Mlada Boleslav,Mountfield HK,6,6,1x2,0,draw,ft,3.923,6
rDNZGC8M,Mlada Boleslav,Mountfield HK,6,6,1x2,0,away,ft,2.503,6
rDNZGC8M,Mlada Boleslav,Mountfield HK,6,6,ou,2.50,over,ft,1.11,2
rDNZGC8M,Mlada Boleslav,Mountfield HK,6,6,ou,2.50,under,ft,4.9,2
rDNZGC8M,Mlada Boleslav,Mountfield HK,6,6,ou,3.00,over,ft,1.157,3
rDNZGC8M,Mlada Boleslav,Mountfield HK,6,6,ou,3.00,under,ft,4.59,3
rDNZGC8M,Mlada Boleslav,Mountfield HK,6,6,ou,3.50,over,ft,1.37,3
rDNZGC8M,Mlada Boleslav,Mountfield HK,6,6,ou,3.50,under,ft,2.82,3
rDNZGC8M,Mlada Boleslav,Mountfield HK,6,6,ou,3.75,over,ft,1.48,2
rDNZGC8M,Mlada Boleslav,Mountfield HK,6,6,ou,3.75,under,ft,2.66,2
rDNZGC8M,Mlada Boleslav,Mountfield HK,6,6,ou,4.00,over,ft,1.527,3
rDNZGC8M,Mlada Boleslav,Mountfield HK,6,6,ou,4.00,under,ft,2.417,3
rDNZGC8M,Mlada Boleslav,Mountfield HK,6,6,ou,4.25,over,ft,1.7,2
rDNZGC8M,Mlada Boleslav,Mountfield HK,6,6,ou,4.25,under,ft,2.01,2
rDNZGC8M,Mlada Boleslav,Mountfield HK,6,6,ou,4.50,over,ft,1.93,4
rDNZGC8M,Mlada Boleslav,Mountfield HK,6,6,ou,4.50,under,ft,1.838,4
rDNZGC8M,Mlada Boleslav,Mountfield HK,6,6,ou,4.75,over,ft,2.05,2
rDNZGC8M,Mlada Boleslav,Mountfield HK,6,6,ou,4.75,under,ft,1.67,2
rDNZGC8M,Mlada Boleslav,Mountfield HK,6,6,ou,5.00,over,ft,2.293,3
rDNZGC8M,Mlada Boleslav,Mountfield HK,6,6,ou,5.00,under,ft,1.583,3
rDNZGC8M,Mlada Boleslav,Mountfield HK,6,6,ou,5.25,over,ft,2.55,2
rDNZGC8M,Mlada Boleslav,Mountfield HK,6,6,ou,5.25,under,ft,1.44,2
rDNZGC8M,Mlada Boleslav,Mountfield HK,6,6,ou,5.50,over,ft,2.748,4
rDNZGC8M,Mlada Boleslav,Mountfield HK,6,6,ou,5.50,under,ft,1.387,4
rDNZGC8M,Mlada Boleslav,Mountfield HK,6,6,ou,5.75,over,ft,3.2,2
rDNZGC8M,Mlada Boleslav,Mountfield HK,6,6,ou,5.75,under,ft,1.29,2
rDNZGC8M,Mlada Boleslav,Mountfield HK,6,6,ou,6.00,over,ft,3.65,3
rDNZGC8M,Mlada Boleslav,Mountfield HK,6,6,ou,6.00,under,ft,1.23,3
rDNZGC8M,Mlada Boleslav,Mountfield HK,6,6,ou,6.50,over,ft,4.093,3
rDNZGC8M,Mlada Boleslav,Mountfield HK,6,6,ou,6.50,under,ft,1.15,3
rDNZGC8M,Mlada Boleslav,Mountfield HK,6,6,ou,7.00,over,ft,6.4,2
rDNZGC8M,Mlada Boleslav,Mountfield HK,6,6,ou,7.00,under,ft,1.09,2
rDNZGC8M,Mlada Boleslav,Mountfield HK,6,6,ou,7.50,over,ft,7.2,2
rDNZGC8M,Mlada Boleslav,Mountfield HK,6,6,ou,7.50,under,ft,1.04,2
rDNZGC8M,Mlada Boleslav,Mountfield HK,6,6,hc,0,home,ft,1.877,3
rDNZGC8M,Mlada Boleslav,Mountfield HK,6,6,hc,0,away,ft,1.893,3
rDNZGC8M,Mlada Boleslav,Mountfield HK,6,6,hc,-0.75,home,ft,2.58,2
rDNZGC8M,Mlada Boleslav,Mountfield HK,6,6,hc,-0.75,away,ft,1.43,2
rDNZGC8M,Mlada Boleslav,Mountfield HK,6,6,hc,0.75,home,ft,1.39,2
rDNZGC8M,Mlada Boleslav,Mountfield HK,6,6,hc,0.75,away,ft,2.72,2
rDNZGC8M,Mlada Boleslav,Mountfield HK,6,6,hc,-1.00,home,ft,2.973,3
rDNZGC8M,Mlada Boleslav,Mountfield HK,6,6,hc,-1.00,away,ft,1.333,3
rDNZGC8M,Mlada Boleslav,Mountfield HK,6,6,hc,1.00,home,ft,1.303,3
rDNZGC8M,Mlada Boleslav,Mountfield HK,6,6,hc,1.00,away,ft,3.12,3
rDNZGC8M,Mlada Boleslav,Mountfield HK,6,6,hc,-1.25,home,ft,3.47,2
rDNZGC8M,Mlada Boleslav,Mountfield HK,6,6,hc,-1.25,away,ft,1.31,2
rDNZGC8M,Mlada Boleslav,Mountfield HK,6,6,hc,1.25,home,ft,1.29,2
rDNZGC8M,Mlada Boleslav,Mountfield HK,6,6,hc,1.25,away,ft,3.24,2
rDNZGC8M,Mlada Boleslav,Mountfield HK,6,6,hc,-1.50,home,ft,3.313,3
rDNZGC8M,Mlada Boleslav,Mountfield HK,6,6,hc,-1.50,away,ft,1.253,3
rDNZGC8M,Mlada Boleslav,Mountfield HK,6,6,hc,1.50,home,ft,1.227,3
rDNZGC8M,Mlada Boleslav,Mountfield HK,6,6,hc,1.50,away,ft,3.52,3
rDNZGC8M,Mlada Boleslav,Mountfield HK,6,6,hc,-2.00,home,ft,5.1,2
rDNZGC8M,Mlada Boleslav,Mountfield HK,6,6,hc,-2.00,away,ft,1.1,2
rDNZGC8M,Mlada Boleslav,Mountfield HK,6,6,hc,2.00,home,ft,1.09,2
rDNZGC8M,Mlada Boleslav,Mountfield HK,6,6,hc,2.00,away,ft,5.45,2
rDNZGC8M,Mlada Boleslav,Mountfield HK,6,6,hc,-2.50,home,ft,5.65,2
rDNZGC8M,Mlada Boleslav,Mountfield HK,6,6,hc,-2.50,away,ft,1.08,2
rDNZGC8M,Mlada Boleslav,Mountfield HK,6,6,hc,2.50,home,ft,1.08,2
rDNZGC8M,Mlada Boleslav,Mountfield HK,6,6,hc,2.50,away,ft,5.55,2
rDNZGC8M,Mlada Boleslav,Mountfield HK,6,6,hc,-3.00,home,ft,11.5,2
rDNZGC8M,Mlada Boleslav,Mountfield HK,6,6,hc,-3.00,away,ft,1.02,2
rDNZGC8M,Mlada Boleslav,Mountfield HK,6,6,hc,-3.50,home,ft,12.5,2
rDNZGC8M,Mlada Boleslav,Mountfield HK,6,6,hc,3.50,home,ft,1.02,2
rDNZGC8M,Mlada Boleslav,Mountfield HK,6,6,hc,3.50,away,ft,11.5,2
rDNZGC8M,Mlada Boleslav,Mountfield HK,6,6,hc,-0.25,home,ft,2.05,2
rDNZGC8M,Mlada Boleslav,Mountfield HK,6,6,hc,-0.25,away,ft,1.67,2
rDNZGC8M,Mlada Boleslav,Mountfield HK,6,6,hc,0.25,home,ft,1.61,2
rDNZGC8M,Mlada Boleslav,Mountfield HK,6,6,hc,0.25,away,ft,2.15,2
b9waGxtg,Kometa Brno,Karlovy Vary,5,5,1x2,0,home,ft,1.908,6
b9waGxtg,Kometa Brno,Karlovy Vary,5,5,1x2,0,draw,ft,4.033,6
b9waGxtg,Kometa Brno,Karlovy Vary,5,5,1x2,0,away,ft,3.353,6
b9waGxtg,Kometa Brno,Karlovy Vary,5,5,ou,2.50,over,ft,1.11,2
b9waGxtg,Kometa Brno,Karlovy Vary,5,5,ou,2.50,under,ft,5.0,2
b9waGxtg,Kometa Brno,Karlovy Vary,5,5,ou,3.00,over,ft,1.09,2
b9waGxtg,Kometa Brno,Karlovy Vary,5,5,ou,3.00,under,ft,5.25,2
b9waGxtg,Kometa Brno,Karlovy Vary,5,5,ou,3.50,over,ft,1.33,3
b9waGxtg,Kometa Brno,Karlovy Vary,5,5,ou,3.50,under,ft,2.98,3
b9waGxtg,Kometa Brno,Karlovy Vary,5,5,ou,3.75,over,ft,1.43,2
b9waGxtg,Kometa Brno,Karlovy Vary,5,5,ou,3.75,under,ft,2.845,2
b9waGxtg,Kometa Brno,Karlovy Vary,5,5,ou,4.00,over,ft,1.423,3
b9waGxtg,Kometa Brno,Karlovy Vary,5,5,ou,4.00,under,ft,2.677,3
b9waGxtg,Kometa Brno,Karlovy Vary,5,5,ou,4.25,over,ft,1.61,2
b9waGxtg,Kometa Brno,Karlovy Vary,5,5,ou,4.25,under,ft,2.15,2
b9waGxtg,Kometa Brno,Karlovy Vary,5,5,ou,4.50,over,ft,1.815,4
b9waGxtg,Kometa Brno,Karlovy Vary,5,5,ou,4.50,under,ft,1.96,4
b9waGxtg,Kometa Brno,Karlovy Vary,5,5,ou,4.75,over,ft,1.91,2
b9waGxtg,Kometa Brno,Karlovy Vary,5,5,ou,4.75,under,ft,1.78,2
b9waGxtg,Kometa Brno,Karlovy Vary,5,5,ou,5.00,over,ft,2.083,3
b9waGxtg,Kometa Brno,Karlovy Vary,5,5,ou,5.00,under,ft,1.687,3
b9waGxtg,Kometa Brno,Karlovy Vary,5,5,ou,5.25,over,ft,2.33,2
b9waGxtg,Kometa Brno,Karlovy Vary,5,5,ou,5.25,under,ft,1.52,2
b9waGxtg,Kometa Brno,Karlovy Vary,5,5,ou,5.50,over,ft,2.505,4
b9waGxtg,Kometa Brno,Karlovy Vary,5,5,ou,5.50,under,ft,1.462,4
b9waGxtg,Kometa Brno,Karlovy Vary,5,5,ou,5.75,over,ft,2.86,2
b9waGxtg,Kometa Brno,Karlovy Vary,5,5,ou,5.75,under,ft,1.36,2
b9waGxtg,Kometa Brno,Karlovy Vary,5,5,ou,6.00,over,ft,3.23,3
b9waGxtg,Kometa Brno,Karlovy Vary,5,5,ou,6.00,under,ft,1.26,3
b9waGxtg,Kometa Brno,Karlovy Vary,5,5,ou,6.50,over,ft,3.797,3
b9waGxtg,Kometa Brno,Karlovy Vary,5,5,ou,6.50,under,ft,1.18,3
b9waGxtg,Kometa Brno,Karlovy Vary,5,5,ou,7.00,over,ft,5.6,2
b9waGxtg,Kometa Brno,Karlovy Vary,5,5,ou,7.00,under,ft,1.12,2
b9waGxtg,Kometa Brno,Karlovy Vary,5,5,ou,7.50,over,ft,5.9,2
b9waGxtg,Kometa Brno,Karlovy Vary,5,5,ou,7.50,under,ft,1.07,2
b9waGxtg,Kometa Brno,Karlovy Vary,5,5,ou,8.50,over,ft,8.9,2
b9waGxtg,Kometa Brno,Karlovy Vary,5,5,hc,0,home,ft,1.473,3
b9waGxtg,Kometa Brno,Karlovy Vary,5,5,hc,0,away,ft,2.45,3
b9waGxtg,Kometa Brno,Karlovy Vary,5,5,hc,-0.75,home,ft,1.98,2
b9waGxtg,Kometa Brno,Karlovy Vary,5,5,hc,-0.75,away,ft,1.72,2
b9waGxtg,Kometa Brno,Karlovy Vary,5,5,hc,1.00,home,ft,1.15,3
b9waGxtg,Kometa Brno,Karlovy Vary,5,5,hc,1.00,away,ft,4.087,3
b9waGxtg,Kometa Brno,Karlovy Vary,5,5,hc,-1.00,home,ft,2.24,3
b9waGxtg,Kometa Brno,Karlovy Vary,5,5,hc,-1.00,away,ft,1.633,3
b9waGxtg,Kometa Brno,Karlovy Vary,5,5,hc,-1.25,home,ft,2.35,2
b9waGxtg,Kometa Brno,Karlovy Vary,5,5,hc,-1.25,away,ft,1.51,2
b9waGxtg,Kometa Brno,Karlovy Vary,5,5,hc,1.50,home,ft,1.13,2
b9waGxtg,Kometa Brno,Karlovy Vary,5,5,hc,1.50,away,ft,4.6,2
b9waGxtg,Kometa Brno,Karlovy Vary,5,5,hc,-1.50,home,ft,2.52,3
b9waGxtg,Kometa Brno,Karlovy Vary,5,5,hc,-1.50,away,ft,1.467,3
b9waGxtg,Kometa Brno,Karlovy Vary,5,5,hc,-1.75,home,ft,2.98,2
b9waGxtg,Kometa Brno,Karlovy Vary,5,5,hc,-1.75,away,ft,1.395,2
b9waGxtg,Kometa Brno,Karlovy Vary,5,5,hc,2.00,home,ft,1.05,2
b9waGxtg,Kometa Brno,Karlovy Vary,5,5,hc,2.00,away,ft,8.8,2
b9waGxtg,Kometa Brno,Karlovy Vary,5,5,hc,-2.00,home,ft,3.303,3
b9waGxtg,Kometa Brno,Karlovy Vary,5,5,hc,-2.00,away,ft,1.263,3
b9waGxtg,Kometa Brno,Karlovy Vary,5,5,hc,2.50,home,ft,1.04,2
b9waGxtg,Kometa Brno,Karlovy Vary,5,5,hc,2.50,away,ft,9.7,2
b9waGxtg,Kometa Brno,Karlovy Vary,5,5,hc,-2.50,home,ft,3.667,3
b9waGxtg,Kometa Brno,Karlovy Vary,5,5,hc,-2.50,away,ft,1.197,3
b9waGxtg,Kometa Brno,Karlovy Vary,5,5,hc,-3.00,home,ft,6.4,2
b9waGxtg,Kometa Brno,Karlovy Vary,5,5,hc,-3.00,away,ft,1.05,2
b9waGxtg,Kometa Brno,Karlovy Vary,5,5,hc,-3.50,home,ft,7.6,2
b9waGxtg,Kometa Brno,Karlovy Vary,5,5,hc,-3.50,away,ft,1.07,2
b9waGxtg,Kometa Brno,Karlovy Vary,5,5,hc,0.25,home,ft,1.37,2
b9waGxtg,Kometa Brno,Karlovy Vary,5,5,hc,0.25,away,ft,2.81,2
b9waGxtg,Kometa Brno,Karlovy Vary,5,5,hc,-0.25,home,ft,1.65,2
b9waGxtg,Kometa Brno,Karlovy Vary,5,5,hc,-0.25,away,ft,2.08,2
h2kWJ754,Sparta Prague,Trinec,3,3,1x2,0,home,ft,1.802,6
h2kWJ754,Sparta Prague,Trinec,3,3,1x2,0,draw,ft,4.267,6
h2kWJ754,Sparta Prague,Trinec,3,3,1x2,0,away,ft,3.563,6
h2kWJ754,Sparta Prague,Trinec,3,3,ou,2.50,over,ft,1.07,2
h2kWJ754,Sparta Prague,Trinec,3,3,ou,2.50,under,ft,5.8,2
h2kWJ754,Sparta Prague,Trinec,3,3,ou,3.00,over,ft,1.12,2
h2kWJ754,Sparta Prague,Trinec,3,3,ou,3.00,under,ft,5.7,2
h2kWJ754,Sparta Prague,Trinec,3,3,ou,3.50,over,ft,1.283,3
h2kWJ754,Sparta Prague,Trinec,3,3,ou,3.50,under,ft,3.237,3
h2kWJ754,Sparta Prague,Trinec,3,3,ou,3.75,over,ft,1.36,2
h2kWJ754,Sparta Prague,Trinec,3,3,ou,3.75,under,ft,3.145,2
h2kWJ754,Sparta Prague,Trinec,3,3,ou,4.00,over,ft,1.417,3
h2kWJ754,Sparta Prague,Trinec,3,3,ou,4.00,under,ft,2.73,3
h2kWJ754,Sparta Prague,Trinec,3,3,ou,4.25,over,ft,1.54,2
h2kWJ754,Sparta Prague,Trinec,3,3,ou,4.25,under,ft,2.28,2
h2kWJ754,Sparta Prague,Trinec,3,3,ou,4.50,over,ft,1.742,4
h2kWJ754,Sparta Prague,Trinec,3,3,ou,4.50,under,ft,2.047,4
h2kWJ754,Sparta Prague,Trinec,3,3,ou,4.75,over,ft,1.82,2
h2kWJ754,Sparta Prague,Trinec,3,3,ou,4.75,under,ft,1.87,2
h2kWJ754,Sparta Prague,Trinec,3,3,ou,5.00,over,ft,2.05,3
h2kWJ754,Sparta Prague,Trinec,3,3,ou,5.00,under,ft,1.73,3
h2kWJ754,Sparta Prague,Trinec,3,3,ou,5.25,over,ft,2.19,2
h2kWJ754,Sparta Prague,Trinec,3,3,ou,5.25,under,ft,1.59,2
h2kWJ754,Sparta Prague,Trinec,3,3,ou,5.50,over,ft,2.407,4
h2kWJ754,Sparta Prague,Trinec,3,3,ou,5.50,under,ft,1.5,4
h2kWJ754,Sparta Prague,Trinec,3,3,ou,5.75,over,ft,2.7,2
h2kWJ754,Sparta Prague,Trinec,3,3,ou,5.75,under,ft,1.4,2
h2kWJ754,Sparta Prague,Trinec,3,3,ou,6.00,over,ft,3.213,3
h2kWJ754,Sparta Prague,Trinec,3,3,ou,6.00,under,ft,1.303,3
h2kWJ754,Sparta Prague,Trinec,3,3,ou,6.50,over,ft,3.593,3
h2kWJ754,Sparta Prague,Trinec,3,3,ou,6.50,under,ft,1.207,3
h2kWJ754,Sparta Prague,Trinec,3,3,ou,7.00,over,ft,5.5,2
h2kWJ754,Sparta Prague,Trinec,3,3,ou,7.00,under,ft,1.12,2
h2kWJ754,Sparta Prague,Trinec,3,3,ou,7.50,over,ft,5.9,2
h2kWJ754,Sparta Prague,Trinec,3,3,ou,7.50,under,ft,1.07,2
h2kWJ754,Sparta Prague,Trinec,3,3,ou,8.50,over,ft,10.5,2
h2kWJ754,Sparta Prague,Trinec,3,3,ou,8.50,under,ft,1.03,2
h2kWJ754,Sparta Prague,Trinec,3,3,hc,0,home,ft,1.57,3
h2kWJ754,Sparta Prague,Trinec,3,3,hc,0,away,ft,2.42,3
h2kWJ754,Sparta Prague,Trinec,3,3,hc,0.75,home,ft,1.48,2
h2kWJ754,Sparta Prague,Trinec,3,3,hc,0.75,away,ft,2.66,2
h2kWJ754,Sparta Prague,Trinec,3,3,hc,-0.75,home,ft,1.87,2
h2kWJ754,Sparta Prague,Trinec,3,3,hc,-0.75,away,ft,1.82,2
h2kWJ754,Sparta Prague,Trinec,3,3,hc,1.00,home,ft,1.137,3
h2kWJ754,Sparta Prague,Trinec,3,3,hc,1.00,away,ft,4.49,3
h2kWJ754,Sparta Prague,Trinec,3,3,hc,-1.00,home,ft,2.093,3
h2kWJ754,Sparta Prague,Trinec,3,3,hc,-1.00,away,ft,1.72,3
h2kWJ754,Sparta Prague,Trinec,3,3,hc,-1.25,home,ft,2.2,2
h2kWJ754,Sparta Prague,Trinec,3,3,hc,-1.25,away,ft,1.58,2
h2kWJ754,Sparta Prague,Trinec,3,3,hc,1.50,home,ft,1.147,3
h2kWJ754,Sparta Prague,Trinec,3,3,hc,1.50,away,ft,4.533,3
h2kWJ754,Sparta Prague,Trinec,3,3,hc,-1.50,home,ft,2.383,3
h2kWJ754,Sparta Prague,Trinec,3,3,hc,-1.50,away,ft,1.523,3
h2kWJ754,Sparta Prague,Trinec,3,3,hc,-1.75,home,ft,2.74,2
h2kWJ754,Sparta Prague,Trinec,3,3,hc,-1.75,away,ft,1.46,2
h2kWJ754,Sparta Prague,Trinec,3,3,hc,2.00,home,ft,1.04,2
h2kWJ754,Sparta Prague,Trinec,3,3,hc,2.00,away,ft,9.3,2
h2kWJ754,Sparta Prague,Trinec,3,3,hc,-2.00,home,ft,3.077,3
h2kWJ754,Sparta Prague,Trinec,3,3,hc,-2.00,away,ft,1.303,3
h2kWJ754,Sparta Prague,Trinec,3,3,hc,2.50,home,ft,1.03,2
h2kWJ754,Sparta Prague,Trinec,3,3,hc,2.50,away,ft,10.0,2
h2kWJ754,Sparta Prague,Trinec,3,3,hc,-2.50,home,ft,3.463,3
h2kWJ754,Sparta Prague,Trinec,3,3,hc,-2.50,away,ft,1.227,3
h2kWJ754,Sparta Prague,Trinec,3,3,hc,3.00,home,ft,1.03,2
h2kWJ754,Sparta Prague,Trinec,3,3,hc,3.00,away,ft,10.5,2
h2kWJ754,Sparta Prague,Trinec,3,3,hc,-3.00,home,ft,6.25,2
h2kWJ754,Sparta Prague,Trinec,3,3,hc,-3.00,away,ft,1.06,2
h2kWJ754,Sparta Prague,Trinec,3,3,hc,3.50,home,ft,1.02,2
h2kWJ754,Sparta Prague,Trinec,3,3,hc,3.50,away,ft,11.0,2
h2kWJ754,Sparta Prague,Trinec,3,3,hc,-3.50,home,ft,7.2,2
h2kWJ754,Sparta Prague,Trinec,3,3,hc,-3.50,away,ft,1.08,2
h2kWJ754,Sparta Prague,Trinec,3,3,hc,0.25,home,ft,1.32,2
h2kWJ754,Sparta Prague,Trinec,3,3,hc,0.25,away,ft,3.06,2
h2kWJ754,Sparta Prague,Trinec,3,3,hc,-0.25,home,ft,1.57,2
h2kWJ754,Sparta Prague,Trinec,3,3,hc,-0.25,away,ft,2.23,2
nZNbnIL5,Mountfield HK,Mlada Boleslav,4,4,1x2,0,home,ft,1.837,6
nZNbnIL5,Mountfield HK,Mlada Boleslav,4,4,1x2,0,draw,ft,4.057,6
nZNbnIL5,Mountfield HK,Mlada Boleslav,4,4,1x2,0,away,ft,3.58,6
nZNbnIL5,Mountfield HK,Mlada Boleslav,4,4,ou,2.50,over,ft,1.1,2
nZNbnIL5,Mountfield HK,Mlada Boleslav,4,4,ou,2.50,under,ft,5.1,2
nZNbnIL5,Mountfield HK,Mlada Boleslav,4,4,ou,3.00,over,ft,1.15,3
nZNbnIL5,Mountfield HK,Mlada Boleslav,4,4,ou,3.00,under,ft,4.133,3
nZNbnIL5,Mountfield HK,Mlada Boleslav,4,4,ou,3.25,over,ft,1.33,2
nZNbnIL5,Mountfield HK,Mlada Boleslav,4,4,ou,3.25,under,ft,3.325,2
nZNbnIL5,Mountfield HK,Mlada Boleslav,4,4,ou,3.50,over,ft,1.343,3
nZNbnIL5,Mountfield HK,Mlada Boleslav,4,4,ou,3.50,under,ft,2.93,3
nZNbnIL5,Mountfield HK,Mlada Boleslav,4,4,ou,3.75,over,ft,1.45,2
nZNbnIL5,Mountfield HK,Mlada Boleslav,4,4,ou,3.75,under,ft,2.76,2
nZNbnIL5,Mountfield HK,Mlada Boleslav,4,4,ou,4.00,over,ft,1.53,3
nZNbnIL5,Mountfield HK,Mlada Boleslav,4,4,ou,4.00,under,ft,2.36,3
nZNbnIL5,Mountfield HK,Mlada Boleslav,4,4,ou,4.25,over,ft,1.66,2
nZNbnIL5,Mountfield HK,Mlada Boleslav,4,4,ou,4.25,under,ft,2.07,2
nZNbnIL5,Mountfield HK,Mlada Boleslav,4,4,ou,4.50,over,ft,1.893,4
nZNbnIL5,Mountfield HK,Mlada Boleslav,4,4,ou,4.50,under,ft,1.875,4
nZNbnIL5,Mountfield HK,Mlada Boleslav,4,4,ou,4.75,over,ft,2.01,2
nZNbnIL5,Mountfield HK,Mlada Boleslav,4,4,ou,4.75,under,ft,1.7,2
nZNbnIL5,Mountfield HK,Mlada Boleslav,4,4,ou,5.00,over,ft,2.327,3
nZNbnIL5,Mountfield HK,Mlada Boleslav,4,4,ou,5.00,under,ft,1.547,3
nZNbnIL5,Mountfield HK,Mlada Boleslav,4,4,ou,5.25,over,ft,2.46,2
nZNbnIL5,Mountfield HK,Mlada Boleslav,4,4,ou,5.25,under,ft,1.47,2
nZNbnIL5,Mountfield HK,Mlada Boleslav,4,4,ou,5.50,over,ft,2.67,4
nZNbnIL5,Mountfield HK,Mlada Boleslav,4,4,ou,5.50,under,ft,1.407,4
nZNbnIL5,Mountfield HK,Mlada Boleslav,4,4,ou,5.75,over,ft,3.12,2
nZNbnIL5,Mountfield HK,Mlada Boleslav,4,4,ou,5.75,under,ft,1.31,2
nZNbnIL5,Mountfield HK,Mlada Boleslav,4,4,ou,6.00,over,ft,3.8,3
nZNbnIL5,Mountfield HK,Mlada Boleslav,4,4,ou,6.00,under,ft,1.187,3
nZNbnIL5,Mountfield HK,Mlada Boleslav,4,4,ou,6.50,over,ft,4.117,3
nZNbnIL5,Mountfield HK,Mlada Boleslav,4,4,ou,6.50,under,ft,1.15,3
nZNbnIL5,Mountfield HK,Mlada Boleslav,4,4,ou,7.00,over,ft,7.0,2
nZNbnIL5,Mountfield HK,Mlada Boleslav,4,4,ou,7.00,under,ft,1.08,2
nZNbnIL5,Mountfield HK,Mlada Boleslav,4,4,ou,7.50,over,ft,6.95,2
nZNbnIL5,Mountfield HK,Mlada Boleslav,4,4,ou,7.50,under,ft,1.04,2
nZNbnIL5,Mountfield HK,Mlada Boleslav,4,4,hc,0,home,ft,1.4,2
nZNbnIL5,Mountfield HK,Mlada Boleslav,4,4,hc,0,away,ft,2.69,2
nZNbnIL5,Mountfield HK,Mlada Boleslav,4,4,hc,0.75,home,ft,1.24,2
nZNbnIL5,Mountfield HK,Mlada Boleslav,4,4,hc,0.75,away,ft,3.54,2
nZNbnIL5,Mountfield HK,Mlada Boleslav,4,4,hc,-0.75,home,ft,1.91,2
nZNbnIL5,Mountfield HK,Mlada Boleslav,4,4,hc,-0.75,away,ft,1.78,2
nZNbnIL5,Mountfield HK,Mlada Boleslav,4,4,hc,1.00,home,ft,1.14,3
nZNbnIL5,Mountfield HK,Mlada Boleslav,4,4,hc,1.00,away,ft,4.463,3
nZNbnIL5,Mountfield HK,Mlada Boleslav,4,4,hc,-1.00,home,ft,2.133,3
nZNbnIL5,Mountfield HK,Mlada Boleslav,4,4,hc,-1.00,away,ft,1.693,3
nZNbnIL5,Mountfield HK,Mlada Boleslav,4,4,hc,-1.25,home,ft,2.26,2
nZNbnIL5,Mountfield HK,Mlada Boleslav,4,4,hc,-1.25,away,ft,1.55,2
nZNbnIL5,Mountfield HK,Mlada Boleslav,4,4,hc,1.50,home,ft,1.11,3
nZNbnIL5,Mountfield HK,Mlada Boleslav,4,4,hc,1.50,away,ft,4.727,3
nZNbnIL5,Mountfield HK,Mlada Boleslav,4,4,hc,-1.50,home,ft,2.427,3
nZNbnIL5,Mountfield HK,Mlada Boleslav,4,4,hc,-1.50,away,ft,1.5,3
nZNbnIL5,Mountfield HK,Mlada Boleslav,4,4,hc,-1.75,home,ft,2.86,2
nZNbnIL5,Mountfield HK,Mlada Boleslav,4,4,hc,-1.75,away,ft,1.42,2
nZNbnIL5,Mountfield HK,Mlada Boleslav,4,4,hc,2.00,home,ft,1.02,2
nZNbnIL5,Mountfield HK,Mlada Boleslav,4,4,hc,2.00,away,ft,7.8,2
nZNbnIL5,Mountfield HK,Mlada Boleslav,4,4,hc,-2.00,home,ft,3.213,3
nZNbnIL5,Mountfield HK,Mlada Boleslav,4,4,hc,-2.00,away,ft,1.28,3
nZNbnIL5,Mountfield HK,Mlada Boleslav,4,4,hc,2.50,home,ft,1.02,2
nZNbnIL5,Mountfield HK,Mlada Boleslav,4,4,hc,2.50,away,ft,8.3,2
nZNbnIL5,Mountfield HK,Mlada Boleslav,4,4,hc,-2.50,home,ft,3.627,3
nZNbnIL5,Mountfield HK,Mlada Boleslav,4,4,hc,-2.50,away,ft,1.203,3
nZNbnIL5,Mountfield HK,Mlada Boleslav,4,4,hc,-3.00,home,ft,6.75,2
nZNbnIL5,Mountfield HK,Mlada Boleslav,4,4,hc,-3.00,away,ft,1.04,2
nZNbnIL5,Mountfield HK,Mlada Boleslav,4,4,hc,-3.50,home,ft,8.5,2
nZNbnIL5,Mountfield HK,Mlada Boleslav,4,4,hc,-3.50,away,ft,1.05,2
nZNbnIL5,Mountfield HK,Mlada Boleslav,4,4,hc,0.25,home,ft,1.33,2
nZNbnIL5,Mountfield HK,Mlada Boleslav,4,4,hc,0.25,away,ft,3.01,2
nZNbnIL5,Mountfield HK,Mlada Boleslav,4,4,hc,-0.25,home,ft,1.59,2
nZNbnIL5,Mountfield HK,Mlada Boleslav,4,4,hc,-0.25,away,ft,2.19,2
rHu8rTY2,Karlovy Vary,Kometa Brno,1,1,1x2,0,home,ft,2.265,6
rHu8rTY2,Karlovy Vary,Kometa Brno,1,1,1x2,0,draw,ft,3.892,6
rHu8rTY2,Karlovy Vary,Kometa Brno,1,1,1x2,0,away,ft,2.692,6
rHu8rTY2,Karlovy Vary,Kometa Brno,1,1,ou,2.50,over,ft,1.08,2
rHu8rTY2,Karlovy Vary,Kometa Brno,1,1,ou,2.50,under,ft,5.5,2
rHu8rTY2,Karlovy Vary,Kometa Brno,1,1,ou,3.00,over,ft,1.11,2
rHu8rTY2,Karlovy Vary,Kometa Brno,1,1,ou,3.00,under,ft,5.9,2
rHu8rTY2,Karlovy Vary,Kometa Brno,1,1,ou,3.50,over,ft,1.307,3
rHu8rTY2,Karlovy Vary,Kometa Brno,1,1,ou,3.50,under,ft,3.103,3
rHu8rTY2,Karlovy Vary,Kometa Brno,1,1,ou,3.75,over,ft,1.395,2
rHu8rTY2,Karlovy Vary,Kometa Brno,1,1,ou,3.75,under,ft,2.985,2
rHu8rTY2,Karlovy Vary,Kometa Brno,1,1,ou,4.00,over,ft,1.417,3
rHu8rTY2,Karlovy Vary,Kometa Brno,1,1,ou,4.00,under,ft,2.747,3
rHu8rTY2,Karlovy Vary,Kometa Brno,1,1,ou,4.25,over,ft,1.58,2
rHu8rTY2,Karlovy Vary,Kometa Brno,1,1,ou,4.25,under,ft,2.2,2
rHu8rTY2,Karlovy Vary,Kometa Brno,1,1,ou,4.50,over,ft,1.792,4
rHu8rTY2,Karlovy Vary,Kometa Brno,1,1,ou,4.50,under,ft,1.985,4
rHu8rTY2,Karlovy Vary,Kometa Brno,1,1,ou,4.75,over,ft,1.88,2
rHu8rTY2,Karlovy Vary,Kometa Brno,1,1,ou,4.75,under,ft,1.81,2
rHu8rTY2,Karlovy Vary,Kometa Brno,1,1,ou,5.00,over,ft,2.057,3
rHu8rTY2,Karlovy Vary,Kometa Brno,1,1,ou,5.00,under,ft,1.723,3
rHu8rTY2,Karlovy Vary,Kometa Brno,1,1,ou,5.25,over,ft,2.29,2
rHu8rTY2,Karlovy Vary,Kometa Brno,1,1,ou,5.25,under,ft,1.54,2
rHu8rTY2,Karlovy Vary,Kometa Brno,1,1,ou,5.50,over,ft,2.478,4
rHu8rTY2,Karlovy Vary,Kometa Brno,1,1,ou,5.50,under,ft,1.472,4
rHu8rTY2,Karlovy Vary,Kometa Brno,1,1,ou,5.75,over,ft,2.82,2
rHu8rTY2,Karlovy Vary,Kometa Brno,1,1,ou,5.75,under,ft,1.37,2
rHu8rTY2,Karlovy Vary,Kometa Brno,1,1,ou,6.00,over,ft,3.207,3
rHu8rTY2,Karlovy Vary,Kometa Brno,1,1,ou,6.00,under,ft,1.303,3
rHu8rTY2,Karlovy Vary,Kometa Brno,1,1,ou,6.50,over,ft,3.83,3
rHu8rTY2,Karlovy Vary,Kometa Brno,1,1,ou,6.50,under,ft,1.177,3
rHu8rTY2,Karlovy Vary,Kometa Brno,1,1,ou,7.00,over,ft,5.3,2
rHu8rTY2,Karlovy Vary,Kometa Brno,1,1,ou,7.00,under,ft,1.13,2
rHu8rTY2,Karlovy Vary,Kometa Brno,1,1,ou,7.50,over,ft,6.25,2
rHu8rTY2,Karlovy Vary,Kometa Brno,1,1,ou,7.50,under,ft,1.06,2
rHu8rTY2,Karlovy Vary,Kometa Brno,1,1,ou,8.00,over,ft,9.3,2
rHu8rTY2,Karlovy Vary,Kometa Brno,1,1,ou,8.00,under,ft,1.04,2
rHu8rTY2,Karlovy Vary,Kometa Brno,1,1,ou,8.50,over,ft,9.2,2
rHu8rTY2,Karlovy Vary,Kometa Brno,1,1,hc,0,home,ft,1.74,2
rHu8rTY2,Karlovy Vary,Kometa Brno,1,1,hc,0,away,ft,2.08,2
rHu8rTY2,Karlovy Vary,Kometa Brno,1,1,hc,-0.75,home,ft,2.38,2
rHu8rTY2,Karlovy Vary,Kometa Brno,1,1,hc,-0.75,away,ft,1.5,2
rHu8rTY2,Karlovy Vary,Kometa Brno,1,1,hc,0.75,home,ft,1.34,2
rHu8rTY2,Karlovy Vary,Kometa Brno,1,1,hc,0.75,away,ft,2.92,2
rHu8rTY2,Karlovy Vary,Kometa Brno,1,1,hc,-1.00,home,ft,2.713,3
rHu8rTY2,Karlovy Vary,Kometa Brno,1,1,hc,-1.00,away,ft,1.397,3
rHu8rTY2,Karlovy Vary,Kometa Brno,1,1,hc,1.00,home,ft,1.26,3
rHu8rTY2,Karlovy Vary,Kometa Brno,1,1,hc,1.00,away,ft,3.363,3
rHu8rTY2,Karlovy Vary,Kometa Brno,1,1,hc,-1.25,home,ft,3.095,2
rHu8rTY2,Karlovy Vary,Kometa Brno,1,1,hc,-1.25,away,ft,1.37,2
rHu8rTY2,Karlovy Vary,Kometa Brno,1,1,hc,-1.50,home,ft,3.023,3
rHu8rTY2,Karlovy Vary,Kometa Brno,1,1,hc,-1.50,away,ft,1.307,3
rHu8rTY2,Karlovy Vary,Kometa Brno,1,1,hc,1.50,home,ft,1.203,3
rHu8rTY2,Karlovy Vary,Kometa Brno,1,1,hc,1.50,away,ft,3.723,3
rHu8rTY2,Karlovy Vary,Kometa Brno,1,1,hc,-2.00,home,ft,4.237,3
rHu8rTY2,Karlovy Vary,Kometa Brno,1,1,hc,-2.00,away,ft,1.147,3
rHu8rTY2,Karlovy Vary,Kometa Brno,1,1,hc,2.00,home,ft,1.07,2
rHu8rTY2,Karlovy Vary,Kometa Brno,1,1,hc,2.00,away,ft,5.8,2
rHu8rTY2,Karlovy Vary,Kometa Brno,1,1,hc,-2.50,home,ft,4.95,2
rHu8rTY2,Karlovy Vary,Kometa Brno,1,1,hc,-2.50,away,ft,1.11,2
rHu8rTY2,Karlovy Vary,Kometa Brno,1,1,hc,2.50,home,ft,1.09,2
rHu8rTY2,Karlovy Vary,Kometa Brno,1,1,hc,2.50,away,ft,6.5,2
rHu8rTY2,Karlovy Vary,Kometa Brno,1,1,hc,-3.00,home,ft,10.0,2
rHu8rTY2,Karlovy Vary,Kometa Brno,1,1,hc,-3.00,away,ft,1.03,2
rHu8rTY2,Karlovy Vary,Kometa Brno,1,1,hc,-3.50,home,ft,11.0,2
rHu8rTY2,Karlovy Vary,Kometa Brno,1,1,hc,-3.50,away,ft,1.02,2
rHu8rTY2,Karlovy Vary,Kometa Brno,1,1,hc,3.50,home,ft,1.02,2
rHu8rTY2,Karlovy Vary,Kometa Brno,1,1,hc,3.50,away,ft,12.0,2
rHu8rTY2,Karlovy Vary,Kometa Brno,1,1,hc,-0.25,home,ft,1.92,2
rHu8rTY2,Karlovy Vary,Kometa Brno,1,1,hc,-0.25,away,ft,1.77,2
rHu8rTY2,Karlovy Vary,Kometa Brno,1,1,hc,0.25,home,ft,1.53,2
rHu8rTY2,Karlovy Vary,Kometa Brno,1,1,hc,0.25,away,ft,2.3,2
